{"MaqraNumber":104,"Verses":[{"SurahNumber":14,"SurahIndex":"014","VerseNumber":28,"ShowSurahName":false,"ShowBismillah":false,"Words":[{"Position":1,"AudioFileName":"014_028_001.mp3","TajweedImageFilePath":"14/28/1.png","Text":"۞ أَلَمْ","Translation":"Have not","Transliteration":"alam"},{"Position":2,"AudioFileName":"014_028_002.mp3","TajweedImageFilePath":"14/28/2.png","Text":"تَرَ","Translation":"you seen","Transliteration":"tara"},{"Position":3,"AudioFileName":"014_028_003.mp3","TajweedImageFilePath":"14/28/3.png","Text":"إِلَى","Translation":"[to]","Transliteration":"ilā"},{"Position":4,"AudioFileName":"014_028_004.mp3","TajweedImageFilePath":"14/28/4.png","Text":"ٱلَّذِينَ","Translation":"those who","Transliteration":"alladhīna"},{"Position":5,"AudioFileName":"014_028_005.mp3","TajweedImageFilePath":"14/28/5.png","Text":"بَدَّلُوا۟","Translation":"(have) changed","Transliteration":"baddalū"},{"Position":6,"AudioFileName":"014_028_006.mp3","TajweedImageFilePath":"14/28/6.png","Text":"نِعْمَتَ","Translation":"(the) Favor","Transliteration":"niʿ'mata"},{"Position":7,"AudioFileName":"014_028_007.mp3","TajweedImageFilePath":"14/28/7.png","Text":"ٱللَّهِ","Translation":"(of) Allah","Transliteration":"l-lahi"},{"Position":8,"AudioFileName":"014_028_008.mp3","TajweedImageFilePath":"14/28/8.png","Text":"كُفْرًۭا","Translation":"(for) disbelief","Transliteration":"kuf'ran"},{"Position":9,"AudioFileName":"014_028_009.mp3","TajweedImageFilePath":"14/28/9.png","Text":"وَأَحَلُّوا۟","Translation":"and they led","Transliteration":"wa-aḥallū"},{"Position":10,"AudioFileName":"014_028_010.mp3","TajweedImageFilePath":"14/28/10.png","Text":"قَوْمَهُمْ","Translation":"their people","Transliteration":"qawmahum"},{"Position":11,"AudioFileName":"014_028_011.mp3","TajweedImageFilePath":"14/28/11.png","Text":"دَارَ","Translation":"(to the) house","Transliteration":"dāra"},{"Position":12,"AudioFileName":"014_028_012.mp3","TajweedImageFilePath":"14/28/12.png","Text":"ٱلْبَوَارِ","Translation":"(of) destruction","Transliteration":"l-bawāri"},{"Position":13,"AudioFileName":null,"TajweedImageFilePath":"28.png","Text":"٢٨","Translation":"(28)","Transliteration":null}],"PageNumber":259,"JuzNumber":13,"ManzilNumber":3,"RukuNumber":215,"MaqraNumber":104,"HizbNumber":26,"HizbDecimal":0.75,"HasSajda":false},{"SurahNumber":14,"SurahIndex":"014","VerseNumber":29,"ShowSurahName":false,"ShowBismillah":false,"Words":[{"Position":1,"AudioFileName":"014_029_001.mp3","TajweedImageFilePath":"14/29/1.png","Text":"جَهَنَّمَ","Translation":"Hell","Transliteration":"jahannama"},{"Position":2,"AudioFileName":"014_029_002.mp3","TajweedImageFilePath":"14/29/2.png","Text":"يَصْلَوْنَهَا ۖ","Translation":"(in) it they will burn","Transliteration":"yaṣlawnahā"},{"Position":3,"AudioFileName":"014_029_003.mp3","TajweedImageFilePath":"14/29/3.png","Text":"وَبِئْسَ","Translation":"and a wretched","Transliteration":"wabi'sa"},{"Position":4,"AudioFileName":"014_029_004.mp3","TajweedImageFilePath":"14/29/4.png","Text":"ٱلْقَرَارُ","Translation":"place to settle","Transliteration":"l-qarāru"},{"Position":5,"AudioFileName":null,"TajweedImageFilePath":"29.png","Text":"٢٩","Translation":"(29)","Transliteration":null}],"PageNumber":259,"JuzNumber":13,"ManzilNumber":3,"RukuNumber":215,"MaqraNumber":104,"HizbNumber":26,"HizbDecimal":0.75,"HasSajda":false},{"SurahNumber":14,"SurahIndex":"014","VerseNumber":30,"ShowSurahName":false,"ShowBismillah":false,"Words":[{"Position":1,"AudioFileName":"014_030_001.mp3","TajweedImageFilePath":"14/30/1.png","Text":"وَجَعَلُوا۟","Translation":"And they set up","Transliteration":"wajaʿalū"},{"Position":2,"AudioFileName":"014_030_002.mp3","TajweedImageFilePath":"14/30/2.png","Text":"لِلَّهِ","Translation":"to Allah","Transliteration":"lillahi"},{"Position":3,"AudioFileName":"014_030_003.mp3","TajweedImageFilePath":"14/30/3.png","Text":"أَندَادًۭا","Translation":"equals","Transliteration":"andādan"},{"Position":4,"AudioFileName":"014_030_004.mp3","TajweedImageFilePath":"14/30/4.png","Text":"لِّيُضِلُّوا۟","Translation":"so that they mislead","Transliteration":"liyuḍillū"},{"Position":5,"AudioFileName":"014_030_005.mp3","TajweedImageFilePath":"14/30/5.png","Text":"عَن","Translation":"from","Transliteration":"ʿan"},{"Position":6,"AudioFileName":"014_030_006.mp3","TajweedImageFilePath":"14/30/6.png","Text":"سَبِيلِهِۦ ۗ","Translation":"His Path","Transliteration":"sabīlihi"},{"Position":7,"AudioFileName":"014_030_007.mp3","TajweedImageFilePath":"14/30/7.png","Text":"قُلْ","Translation":"Say","Transliteration":"qul"},{"Position":8,"AudioFileName":"014_030_008.mp3","TajweedImageFilePath":"14/30/8.png","Text":"تَمَتَّعُوا۟","Translation":"Enjoy","Transliteration":"tamattaʿū"},{"Position":9,"AudioFileName":"014_030_009.mp3","TajweedImageFilePath":"14/30/9.png","Text":"فَإِنَّ","Translation":"but indeed","Transliteration":"fa-inna"},{"Position":10,"AudioFileName":"014_030_010.mp3","TajweedImageFilePath":"14/30/10.png","Text":"مَصِيرَكُمْ","Translation":"your destination","Transliteration":"maṣīrakum"},{"Position":11,"AudioFileName":"014_030_011.mp3","TajweedImageFilePath":"14/30/11.png","Text":"إِلَى","Translation":"(is) to","Transliteration":"ilā"},{"Position":12,"AudioFileName":"014_030_012.mp3","TajweedImageFilePath":"14/30/12.png","Text":"ٱلنَّارِ","Translation":"the Fire","Transliteration":"l-nāri"},{"Position":13,"AudioFileName":null,"TajweedImageFilePath":"30.png","Text":"٣٠","Translation":"(30)","Transliteration":null}],"PageNumber":259,"JuzNumber":13,"ManzilNumber":3,"RukuNumber":215,"MaqraNumber":104,"HizbNumber":26,"HizbDecimal":0.75,"HasSajda":false},{"SurahNumber":14,"SurahIndex":"014","VerseNumber":31,"ShowSurahName":false,"ShowBismillah":false,"Words":[{"Position":1,"AudioFileName":"014_031_001.mp3","TajweedImageFilePath":"14/31/1.png","Text":"قُل","Translation":"Say","Transliteration":"qul"},{"Position":2,"AudioFileName":"014_031_002.mp3","TajweedImageFilePath":"14/31/2.png","Text":"لِّعِبَادِىَ","Translation":"to My slaves","Transliteration":"liʿibādiya"},{"Position":3,"AudioFileName":"014_031_003.mp3","TajweedImageFilePath":"14/31/3.png","Text":"ٱلَّذِينَ","Translation":"those who","Transliteration":"alladhīna"},{"Position":4,"AudioFileName":"014_031_004.mp3","TajweedImageFilePath":"14/31/4.png","Text":"ءَامَنُوا۟","Translation":"believe","Transliteration":"āmanū"},{"Position":5,"AudioFileName":"014_031_005.mp3","TajweedImageFilePath":"14/31/5.png","Text":"يُقِيمُوا۟","Translation":"(to) establish","Transliteration":"yuqīmū"},{"Position":6,"AudioFileName":"014_031_006.mp3","TajweedImageFilePath":"14/31/6.png","Text":"ٱلصَّلَوٰةَ","Translation":"the prayers","Transliteration":"l-ṣalata"},{"Position":7,"AudioFileName":"014_031_007.mp3","TajweedImageFilePath":"14/31/7.png","Text":"وَيُنفِقُوا۟","Translation":"and (to) spend","Transliteration":"wayunfiqū"},{"Position":8,"AudioFileName":"014_031_008.mp3","TajweedImageFilePath":"14/31/8.png","Text":"مِمَّا","Translation":"from what","Transliteration":"mimmā"},{"Position":9,"AudioFileName":"014_031_009.mp3","TajweedImageFilePath":"14/31/9.png","Text":"رَزَقْنَـٰهُمْ","Translation":"We have provided them","Transliteration":"razaqnāhum"},{"Position":10,"AudioFileName":"014_031_010.mp3","TajweedImageFilePath":"14/31/10.png","Text":"سِرًّۭا","Translation":"secretly","Transliteration":"sirran"},{"Position":11,"AudioFileName":"014_031_011.mp3","TajweedImageFilePath":"14/31/11.png","Text":"وَعَلَانِيَةًۭ","Translation":"and publicly","Transliteration":"waʿalāniyatan"},{"Position":12,"AudioFileName":"014_031_012.mp3","TajweedImageFilePath":"14/31/12.png","Text":"مِّن","Translation":"before","Transliteration":"min"},{"Position":13,"AudioFileName":"014_031_013.mp3","TajweedImageFilePath":"14/31/13.png","Text":"قَبْلِ","Translation":"before","Transliteration":"qabli"},{"Position":14,"AudioFileName":"014_031_014.mp3","TajweedImageFilePath":"14/31/14.png","Text":"أَن","Translation":"[that]","Transliteration":"an"},{"Position":15,"AudioFileName":"014_031_015.mp3","TajweedImageFilePath":"14/31/15.png","Text":"يَأْتِىَ","Translation":"comes","Transliteration":"yatiya"},{"Position":16,"AudioFileName":"014_031_016.mp3","TajweedImageFilePath":"14/31/16.png","Text":"يَوْمٌۭ","Translation":"a Day","Transliteration":"yawmun"},{"Position":17,"AudioFileName":"014_031_017.mp3","TajweedImageFilePath":"14/31/17.png","Text":"لَّا","Translation":"not","Transliteration":"lā"},{"Position":18,"AudioFileName":"014_031_018.mp3","TajweedImageFilePath":"14/31/18.png","Text":"بَيْعٌۭ","Translation":"any trade","Transliteration":"bayʿun"},{"Position":19,"AudioFileName":"014_031_019.mp3","TajweedImageFilePath":"14/31/19.png","Text":"فِيهِ","Translation":"in it","Transliteration":"fīhi"},{"Position":20,"AudioFileName":"014_031_020.mp3","TajweedImageFilePath":"14/31/20.png","Text":"وَلَا","Translation":"and not","Transliteration":"walā"},{"Position":21,"AudioFileName":"014_031_021.mp3","TajweedImageFilePath":"14/31/21.png","Text":"خِلَـٰلٌ","Translation":"any friendship","Transliteration":"khilālun"},{"Position":22,"AudioFileName":null,"TajweedImageFilePath":"31.png","Text":"٣١","Translation":"(31)","Transliteration":null}],"PageNumber":259,"JuzNumber":13,"ManzilNumber":3,"RukuNumber":215,"MaqraNumber":104,"HizbNumber":26,"HizbDecimal":0.75,"HasSajda":false},{"SurahNumber":14,"SurahIndex":"014","VerseNumber":32,"ShowSurahName":false,"ShowBismillah":false,"Words":[{"Position":1,"AudioFileName":"014_032_001.mp3","TajweedImageFilePath":"14/32/1.png","Text":"ٱللَّهُ","Translation":"Allah","Transliteration":"al-lahu"},{"Position":2,"AudioFileName":"014_032_002.mp3","TajweedImageFilePath":"14/32/2.png","Text":"ٱلَّذِى","Translation":"(is) the One Who","Transliteration":"alladhī"},{"Position":3,"AudioFileName":"014_032_003.mp3","TajweedImageFilePath":"14/32/3.png","Text":"خَلَقَ","Translation":"created","Transliteration":"khalaqa"},{"Position":4,"AudioFileName":"014_032_004.mp3","TajweedImageFilePath":"14/32/4.png","Text":"ٱلسَّمَـٰوَٰتِ","Translation":"the heavens","Transliteration":"l-samāwāti"},{"Position":5,"AudioFileName":"014_032_005.mp3","TajweedImageFilePath":"14/32/5.png","Text":"وَٱلْأَرْضَ","Translation":"and the earth","Transliteration":"wal-arḍa"},{"Position":6,"AudioFileName":"014_032_006.mp3","TajweedImageFilePath":"14/32/6.png","Text":"وَأَنزَلَ","Translation":"and sent down","Transliteration":"wa-anzala"},{"Position":7,"AudioFileName":"014_032_007.mp3","TajweedImageFilePath":"14/32/7.png","Text":"مِنَ","Translation":"from","Transliteration":"mina"},{"Position":8,"AudioFileName":"014_032_008.mp3","TajweedImageFilePath":"14/32/8.png","Text":"ٱلسَّمَآءِ","Translation":"the sky","Transliteration":"l-samāi"},{"Position":9,"AudioFileName":"014_032_009.mp3","TajweedImageFilePath":"14/32/9.png","Text":"مَآءًۭ","Translation":"water","Transliteration":"māan"},{"Position":10,"AudioFileName":"014_032_010.mp3","TajweedImageFilePath":"14/32/10.png","Text":"فَأَخْرَجَ","Translation":"then brought forth","Transliteration":"fa-akhraja"},{"Position":11,"AudioFileName":"014_032_011.mp3","TajweedImageFilePath":"14/32/11.png","Text":"بِهِۦ","Translation":"from it","Transliteration":"bihi"},{"Position":12,"AudioFileName":"014_032_012.mp3","TajweedImageFilePath":"14/32/12.png","Text":"مِنَ","Translation":"of","Transliteration":"mina"},{"Position":13,"AudioFileName":"014_032_013.mp3","TajweedImageFilePath":"14/32/13.png","Text":"ٱلثَّمَرَٰتِ","Translation":"the fruits","Transliteration":"l-thamarāti"},{"Position":14,"AudioFileName":"014_032_014.mp3","TajweedImageFilePath":"14/32/14.png","Text":"رِزْقًۭا","Translation":"(as) a provision","Transliteration":"riz'qan"},{"Position":15,"AudioFileName":"014_032_015.mp3","TajweedImageFilePath":"14/32/15.png","Text":"لَّكُمْ ۖ","Translation":"for you","Transliteration":"lakum"},{"Position":16,"AudioFileName":"014_032_016.mp3","TajweedImageFilePath":"14/32/16.png","Text":"وَسَخَّرَ","Translation":"and subjected","Transliteration":"wasakhara"},{"Position":17,"AudioFileName":"014_032_017.mp3","TajweedImageFilePath":"14/32/17.png","Text":"لَكُمُ","Translation":"for you","Transliteration":"lakumu"},{"Position":18,"AudioFileName":"014_032_018.mp3","TajweedImageFilePath":"14/32/18.png","Text":"ٱلْفُلْكَ","Translation":"the ships","Transliteration":"l-ful'ka"},{"Position":19,"AudioFileName":"014_032_019.mp3","TajweedImageFilePath":"14/32/19.png","Text":"لِتَجْرِىَ","Translation":"so that they may sail","Transliteration":"litajriya"},{"Position":20,"AudioFileName":"014_032_020.mp3","TajweedImageFilePath":"14/32/20.png","Text":"فِى","Translation":"in","Transliteration":"fī"},{"Position":21,"AudioFileName":"014_032_021.mp3","TajweedImageFilePath":"14/32/21.png","Text":"ٱلْبَحْرِ","Translation":"the sea","Transliteration":"l-baḥri"},{"Position":22,"AudioFileName":"014_032_022.mp3","TajweedImageFilePath":"14/32/22.png","Text":"بِأَمْرِهِۦ ۖ","Translation":"by His command","Transliteration":"bi-amrihi"},{"Position":23,"AudioFileName":"014_032_023.mp3","TajweedImageFilePath":"14/32/23.png","Text":"وَسَخَّرَ","Translation":"and subjected","Transliteration":"wasakhara"},{"Position":24,"AudioFileName":"014_032_024.mp3","TajweedImageFilePath":"14/32/24.png","Text":"لَكُمُ","Translation":"for you","Transliteration":"lakumu"},{"Position":25,"AudioFileName":"014_032_025.mp3","TajweedImageFilePath":"14/32/25.png","Text":"ٱلْأَنْهَـٰرَ","Translation":"the rivers","Transliteration":"l-anhāra"},{"Position":26,"AudioFileName":null,"TajweedImageFilePath":"32.png","Text":"٣٢","Translation":"(32)","Transliteration":null}],"PageNumber":259,"JuzNumber":13,"ManzilNumber":3,"RukuNumber":215,"MaqraNumber":104,"HizbNumber":26,"HizbDecimal":0.75,"HasSajda":false},{"SurahNumber":14,"SurahIndex":"014","VerseNumber":33,"ShowSurahName":false,"ShowBismillah":false,"Words":[{"Position":1,"AudioFileName":"014_033_001.mp3","TajweedImageFilePath":"14/33/1.png","Text":"وَسَخَّرَ","Translation":"And He subjected","Transliteration":"wasakhara"},{"Position":2,"AudioFileName":"014_033_002.mp3","TajweedImageFilePath":"14/33/2.png","Text":"لَكُمُ","Translation":"for you","Transliteration":"lakumu"},{"Position":3,"AudioFileName":"014_033_003.mp3","TajweedImageFilePath":"14/33/3.png","Text":"ٱلشَّمْسَ","Translation":"the sun","Transliteration":"l-shamsa"},{"Position":4,"AudioFileName":"014_033_004.mp3","TajweedImageFilePath":"14/33/4.png","Text":"وَٱلْقَمَرَ","Translation":"and the moon","Transliteration":"wal-qamara"},{"Position":5,"AudioFileName":"014_033_005.mp3","TajweedImageFilePath":"14/33/5.png","Text":"دَآئِبَيْنِ ۖ","Translation":"both constantly pursuing their courses","Transliteration":"dāibayni"},{"Position":6,"AudioFileName":"014_033_006.mp3","TajweedImageFilePath":"14/33/6.png","Text":"وَسَخَّرَ","Translation":"and subjected","Transliteration":"wasakhara"},{"Position":7,"AudioFileName":"014_033_007.mp3","TajweedImageFilePath":"14/33/7.png","Text":"لَكُمُ","Translation":"for you","Transliteration":"lakumu"},{"Position":8,"AudioFileName":"014_033_008.mp3","TajweedImageFilePath":"14/33/8.png","Text":"ٱلَّيْلَ","Translation":"the night","Transliteration":"al-layla"},{"Position":9,"AudioFileName":"014_033_009.mp3","TajweedImageFilePath":"14/33/9.png","Text":"وَٱلنَّهَارَ","Translation":"and the day","Transliteration":"wal-nahāra"},{"Position":10,"AudioFileName":null,"TajweedImageFilePath":"33.png","Text":"٣٣","Translation":"(33)","Transliteration":null}],"PageNumber":259,"JuzNumber":13,"ManzilNumber":3,"RukuNumber":215,"MaqraNumber":104,"HizbNumber":26,"HizbDecimal":0.75,"HasSajda":false},{"SurahNumber":14,"SurahIndex":"014","VerseNumber":34,"ShowSurahName":false,"ShowBismillah":false,"Words":[{"Position":1,"AudioFileName":"014_034_001.mp3","TajweedImageFilePath":"14/34/1.png","Text":"وَءَاتَىٰكُم","Translation":"And He gave you","Transliteration":"waātākum"},{"Position":2,"AudioFileName":"014_034_002.mp3","TajweedImageFilePath":"14/34/2.png","Text":"مِّن","Translation":"of","Transliteration":"min"},{"Position":3,"AudioFileName":"014_034_003.mp3","TajweedImageFilePath":"14/34/3.png","Text":"كُلِّ","Translation":"all","Transliteration":"kulli"},{"Position":4,"AudioFileName":"014_034_004.mp3","TajweedImageFilePath":"14/34/4.png","Text":"مَا","Translation":"what","Transliteration":"mā"},{"Position":5,"AudioFileName":"014_034_005.mp3","TajweedImageFilePath":"14/34/5.png","Text":"سَأَلْتُمُوهُ ۚ","Translation":"you asked of Him","Transliteration":"sa-altumūhu"},{"Position":6,"AudioFileName":"014_034_006.mp3","TajweedImageFilePath":"14/34/6.png","Text":"وَإِن","Translation":"And if","Transliteration":"wa-in"},{"Position":7,"AudioFileName":"014_034_007.mp3","TajweedImageFilePath":"14/34/7.png","Text":"تَعُدُّوا۟","Translation":"you count","Transliteration":"taʿuddū"},{"Position":8,"AudioFileName":"014_034_008.mp3","TajweedImageFilePath":"14/34/8.png","Text":"نِعْمَتَ","Translation":"(the) Favor of Allah","Transliteration":"niʿ'mata"},{"Position":9,"AudioFileName":"014_034_009.mp3","TajweedImageFilePath":"14/34/9.png","Text":"ٱللَّهِ","Translation":"(the) Favor of Allah","Transliteration":"l-lahi"},{"Position":10,"AudioFileName":"014_034_010.mp3","TajweedImageFilePath":"14/34/10.png","Text":"لَا","Translation":"not","Transliteration":"lā"},{"Position":11,"AudioFileName":"014_034_011.mp3","TajweedImageFilePath":"14/34/11.png","Text":"تُحْصُوهَآ ۗ","Translation":"you will (be able to) count them","Transliteration":"tuḥ'ṣūhā"},{"Position":12,"AudioFileName":"014_034_012.mp3","TajweedImageFilePath":"14/34/12.png","Text":"إِنَّ","Translation":"Indeed","Transliteration":"inna"},{"Position":13,"AudioFileName":"014_034_013.mp3","TajweedImageFilePath":"14/34/13.png","Text":"ٱلْإِنسَـٰنَ","Translation":"the mankind","Transliteration":"l-insāna"},{"Position":14,"AudioFileName":"014_034_014.mp3","TajweedImageFilePath":"14/34/14.png","Text":"لَظَلُومٌۭ","Translation":"(is) surely unjust","Transliteration":"laẓalūmun"},{"Position":15,"AudioFileName":"014_034_015.mp3","TajweedImageFilePath":"14/34/15.png","Text":"كَفَّارٌۭ","Translation":"(and) ungrateful","Transliteration":"kaffārun"},{"Position":16,"AudioFileName":null,"TajweedImageFilePath":"34.png","Text":"٣٤","Translation":"(34)","Transliteration":null}],"PageNumber":260,"JuzNumber":13,"ManzilNumber":3,"RukuNumber":215,"MaqraNumber":104,"HizbNumber":26,"HizbDecimal":0.75,"HasSajda":false},{"SurahNumber":14,"SurahIndex":"014","VerseNumber":35,"ShowSurahName":false,"ShowBismillah":false,"Words":[{"Position":1,"AudioFileName":"014_035_001.mp3","TajweedImageFilePath":"14/35/1.png","Text":"وَإِذْ","Translation":"And when","Transliteration":"wa-idh"},{"Position":2,"AudioFileName":"014_035_002.mp3","TajweedImageFilePath":"14/35/2.png","Text":"قَالَ","Translation":"said","Transliteration":"qāla"},{"Position":3,"AudioFileName":"014_035_003.mp3","TajweedImageFilePath":"14/35/3.png","Text":"إِبْرَٰهِيمُ","Translation":"Ibrahim","Transliteration":"ib'rāhīmu"},{"Position":4,"AudioFileName":"014_035_004.mp3","TajweedImageFilePath":"14/35/4.png","Text":"رَبِّ","Translation":"My Lord","Transliteration":"rabbi"},{"Position":5,"AudioFileName":"014_035_005.mp3","TajweedImageFilePath":"14/35/5.png","Text":"ٱجْعَلْ","Translation":"Make","Transliteration":"ij'ʿal"},{"Position":6,"AudioFileName":"014_035_006.mp3","TajweedImageFilePath":"14/35/6.png","Text":"هَـٰذَا","Translation":"this","Transliteration":"hādhā"},{"Position":7,"AudioFileName":"014_035_007.mp3","TajweedImageFilePath":"14/35/7.png","Text":"ٱلْبَلَدَ","Translation":"city","Transliteration":"l-balada"},{"Position":8,"AudioFileName":"014_035_008.mp3","TajweedImageFilePath":"14/35/8.png","Text":"ءَامِنًۭا","Translation":"safe","Transliteration":"āminan"},{"Position":9,"AudioFileName":"014_035_009.mp3","TajweedImageFilePath":"14/35/9.png","Text":"وَٱجْنُبْنِى","Translation":"and keep me away","Transliteration":"wa-uj'nub'nī"},{"Position":10,"AudioFileName":"014_035_010.mp3","TajweedImageFilePath":"14/35/10.png","Text":"وَبَنِىَّ","Translation":"and my sons","Transliteration":"wabaniyya"},{"Position":11,"AudioFileName":"014_035_011.mp3","TajweedImageFilePath":"14/35/11.png","Text":"أَن","Translation":"that","Transliteration":"an"},{"Position":12,"AudioFileName":"014_035_012.mp3","TajweedImageFilePath":"14/35/12.png","Text":"نَّعْبُدَ","Translation":"we worship","Transliteration":"naʿbuda"},{"Position":13,"AudioFileName":"014_035_013.mp3","TajweedImageFilePath":"14/35/13.png","Text":"ٱلْأَصْنَامَ","Translation":"the idols","Transliteration":"l-aṣnāma"},{"Position":14,"AudioFileName":null,"TajweedImageFilePath":"35.png","Text":"٣٥","Translation":"(35)","Transliteration":null}],"PageNumber":260,"JuzNumber":13,"ManzilNumber":3,"RukuNumber":216,"MaqraNumber":104,"HizbNumber":26,"HizbDecimal":0.75,"HasSajda":false},{"SurahNumber":14,"SurahIndex":"014","VerseNumber":36,"ShowSurahName":false,"ShowBismillah":false,"Words":[{"Position":1,"AudioFileName":"014_036_001.mp3","TajweedImageFilePath":"14/36/1.png","Text":"رَبِّ","Translation":"My Lord","Transliteration":"rabbi"},{"Position":2,"AudioFileName":"014_036_002.mp3","TajweedImageFilePath":"14/36/2.png","Text":"إِنَّهُنَّ","Translation":"Indeed, they","Transliteration":"innahunna"},{"Position":3,"AudioFileName":"014_036_003.mp3","TajweedImageFilePath":"14/36/3.png","Text":"أَضْلَلْنَ","Translation":"have led astray","Transliteration":"aḍlalna"},{"Position":4,"AudioFileName":"014_036_004.mp3","TajweedImageFilePath":"14/36/4.png","Text":"كَثِيرًۭا","Translation":"many","Transliteration":"kathīran"},{"Position":5,"AudioFileName":"014_036_005.mp3","TajweedImageFilePath":"14/36/5.png","Text":"مِّنَ","Translation":"among","Transliteration":"mina"},{"Position":6,"AudioFileName":"014_036_006.mp3","TajweedImageFilePath":"14/36/6.png","Text":"ٱلنَّاسِ ۖ","Translation":"the mankind","Transliteration":"l-nāsi"},{"Position":7,"AudioFileName":"014_036_007.mp3","TajweedImageFilePath":"14/36/7.png","Text":"فَمَن","Translation":"So whoever","Transliteration":"faman"},{"Position":8,"AudioFileName":"014_036_008.mp3","TajweedImageFilePath":"14/36/8.png","Text":"تَبِعَنِى","Translation":"follows me","Transliteration":"tabiʿanī"},{"Position":9,"AudioFileName":"014_036_009.mp3","TajweedImageFilePath":"14/36/9.png","Text":"فَإِنَّهُۥ","Translation":"then indeed, he","Transliteration":"fa-innahu"},{"Position":10,"AudioFileName":"014_036_010.mp3","TajweedImageFilePath":"14/36/10.png","Text":"مِنِّى ۖ","Translation":"(is) of me","Transliteration":"minnī"},{"Position":11,"AudioFileName":"014_036_011.mp3","TajweedImageFilePath":"14/36/11.png","Text":"وَمَنْ","Translation":"and whoever","Transliteration":"waman"},{"Position":12,"AudioFileName":"014_036_012.mp3","TajweedImageFilePath":"14/36/12.png","Text":"عَصَانِى","Translation":"disobeys me","Transliteration":"ʿaṣānī"},{"Position":13,"AudioFileName":"014_036_013.mp3","TajweedImageFilePath":"14/36/13.png","Text":"فَإِنَّكَ","Translation":"then indeed, You","Transliteration":"fa-innaka"},{"Position":14,"AudioFileName":"014_036_014.mp3","TajweedImageFilePath":"14/36/14.png","Text":"غَفُورٌۭ","Translation":"(are) Oft-Forgiving","Transliteration":"ghafūrun"},{"Position":15,"AudioFileName":"014_036_015.mp3","TajweedImageFilePath":"14/36/15.png","Text":"رَّحِيمٌۭ","Translation":"Most Merciful","Transliteration":"raḥīmun"},{"Position":16,"AudioFileName":null,"TajweedImageFilePath":"36.png","Text":"٣٦","Translation":"(36)","Transliteration":null}],"PageNumber":260,"JuzNumber":13,"ManzilNumber":3,"RukuNumber":216,"MaqraNumber":104,"HizbNumber":26,"HizbDecimal":0.75,"HasSajda":false},{"SurahNumber":14,"SurahIndex":"014","VerseNumber":37,"ShowSurahName":false,"ShowBismillah":false,"Words":[{"Position":1,"AudioFileName":"014_037_001.mp3","TajweedImageFilePath":"14/37/1.png","Text":"رَّبَّنَآ","Translation":"Our Lord","Transliteration":"rabbanā"},{"Position":2,"AudioFileName":"014_037_002.mp3","TajweedImageFilePath":"14/37/2.png","Text":"إِنِّىٓ","Translation":"Indeed, I","Transliteration":"innī"},{"Position":3,"AudioFileName":"014_037_003.mp3","TajweedImageFilePath":"14/37/3.png","Text":"أَسْكَنتُ","Translation":"[I] have settled","Transliteration":"askantu"},{"Position":4,"AudioFileName":"014_037_004.mp3","TajweedImageFilePath":"14/37/4.png","Text":"مِن","Translation":"(some) of","Transliteration":"min"},{"Position":5,"AudioFileName":"014_037_005.mp3","TajweedImageFilePath":"14/37/5.png","Text":"ذُرِّيَّتِى","Translation":"my offsprings","Transliteration":"dhurriyyatī"},{"Position":6,"AudioFileName":"014_037_006.mp3","TajweedImageFilePath":"14/37/6.png","Text":"بِوَادٍ","Translation":"in a valley","Transliteration":"biwādin"},{"Position":7,"AudioFileName":"014_037_007.mp3","TajweedImageFilePath":"14/37/7.png","Text":"غَيْرِ","Translation":"not","Transliteration":"ghayri"},{"Position":8,"AudioFileName":"014_037_008.mp3","TajweedImageFilePath":"14/37/8.png","Text":"ذِى","Translation":"with","Transliteration":"dhī"},{"Position":9,"AudioFileName":"014_037_009.mp3","TajweedImageFilePath":"14/37/9.png","Text":"زَرْعٍ","Translation":"cultivation","Transliteration":"zarʿin"},{"Position":10,"AudioFileName":"014_037_010.mp3","TajweedImageFilePath":"14/37/10.png","Text":"عِندَ","Translation":"near","Transliteration":"ʿinda"},{"Position":11,"AudioFileName":"014_037_011.mp3","TajweedImageFilePath":"14/37/11.png","Text":"بَيْتِكَ","Translation":"Your Sacred House","Transliteration":"baytika"},{"Position":12,"AudioFileName":"014_037_012.mp3","TajweedImageFilePath":"14/37/12.png","Text":"ٱلْمُحَرَّمِ","Translation":"Your Sacred House","Transliteration":"l-muḥarami"},{"Position":13,"AudioFileName":"014_037_013.mp3","TajweedImageFilePath":"14/37/13.png","Text":"رَبَّنَا","Translation":"our Lord","Transliteration":"rabbanā"},{"Position":14,"AudioFileName":"014_037_014.mp3","TajweedImageFilePath":"14/37/14.png","Text":"لِيُقِيمُوا۟","Translation":"That they may establish","Transliteration":"liyuqīmū"},{"Position":15,"AudioFileName":"014_037_015.mp3","TajweedImageFilePath":"14/37/15.png","Text":"ٱلصَّلَوٰةَ","Translation":"the prayers","Transliteration":"l-ṣalata"},{"Position":16,"AudioFileName":"014_037_016.mp3","TajweedImageFilePath":"14/37/16.png","Text":"فَٱجْعَلْ","Translation":"So make","Transliteration":"fa-ij'ʿal"},{"Position":17,"AudioFileName":"014_037_017.mp3","TajweedImageFilePath":"14/37/17.png","Text":"أَفْـِٔدَةًۭ","Translation":"hearts","Transliteration":"afidatan"},{"Position":18,"AudioFileName":"014_037_018.mp3","TajweedImageFilePath":"14/37/18.png","Text":"مِّنَ","Translation":"of","Transliteration":"mina"},{"Position":19,"AudioFileName":"014_037_019.mp3","TajweedImageFilePath":"14/37/19.png","Text":"ٱلنَّاسِ","Translation":"the men","Transliteration":"l-nāsi"},{"Position":20,"AudioFileName":"014_037_020.mp3","TajweedImageFilePath":"14/37/20.png","Text":"تَهْوِىٓ","Translation":"incline","Transliteration":"tahwī"},{"Position":21,"AudioFileName":"014_037_021.mp3","TajweedImageFilePath":"14/37/21.png","Text":"إِلَيْهِمْ","Translation":"towards them","Transliteration":"ilayhim"},{"Position":22,"AudioFileName":"014_037_022.mp3","TajweedImageFilePath":"14/37/22.png","Text":"وَٱرْزُقْهُم","Translation":"and provide them","Transliteration":"wa-ur'zuq'hum"},{"Position":23,"AudioFileName":"014_037_023.mp3","TajweedImageFilePath":"14/37/23.png","Text":"مِّنَ","Translation":"with","Transliteration":"mina"},{"Position":24,"AudioFileName":"014_037_024.mp3","TajweedImageFilePath":"14/37/24.png","Text":"ٱلثَّمَرَٰتِ","Translation":"the fruits","Transliteration":"l-thamarāti"},{"Position":25,"AudioFileName":"014_037_025.mp3","TajweedImageFilePath":"14/37/25.png","Text":"لَعَلَّهُمْ","Translation":"so that they may","Transliteration":"laʿallahum"},{"Position":26,"AudioFileName":"014_037_026.mp3","TajweedImageFilePath":"14/37/26.png","Text":"يَشْكُرُونَ","Translation":"be grateful","Transliteration":"yashkurūna"},{"Position":27,"AudioFileName":null,"TajweedImageFilePath":"37.png","Text":"٣٧","Translation":"(37)","Transliteration":null}],"PageNumber":260,"JuzNumber":13,"ManzilNumber":3,"RukuNumber":216,"MaqraNumber":104,"HizbNumber":26,"HizbDecimal":0.75,"HasSajda":false},{"SurahNumber":14,"SurahIndex":"014","VerseNumber":38,"ShowSurahName":false,"ShowBismillah":false,"Words":[{"Position":1,"AudioFileName":"014_038_001.mp3","TajweedImageFilePath":"14/38/1.png","Text":"رَبَّنَآ","Translation":"Our Lord","Transliteration":"rabbanā"},{"Position":2,"AudioFileName":"014_038_002.mp3","TajweedImageFilePath":"14/38/2.png","Text":"إِنَّكَ","Translation":"Indeed, You","Transliteration":"innaka"},{"Position":3,"AudioFileName":"014_038_003.mp3","TajweedImageFilePath":"14/38/3.png","Text":"تَعْلَمُ","Translation":"You know","Transliteration":"taʿlamu"},{"Position":4,"AudioFileName":"014_038_004.mp3","TajweedImageFilePath":"14/38/4.png","Text":"مَا","Translation":"what","Transliteration":"mā"},{"Position":5,"AudioFileName":"014_038_005.mp3","TajweedImageFilePath":"14/38/5.png","Text":"نُخْفِى","Translation":"we conceal","Transliteration":"nukh'fī"},{"Position":6,"AudioFileName":"014_038_006.mp3","TajweedImageFilePath":"14/38/6.png","Text":"وَمَا","Translation":"and what","Transliteration":"wamā"},{"Position":7,"AudioFileName":"014_038_007.mp3","TajweedImageFilePath":"14/38/7.png","Text":"نُعْلِنُ ۗ","Translation":"we proclaim","Transliteration":"nuʿ'linu"},{"Position":8,"AudioFileName":"014_038_008.mp3","TajweedImageFilePath":"14/38/8.png","Text":"وَمَا","Translation":"And not","Transliteration":"wamā"},{"Position":9,"AudioFileName":"014_038_009.mp3","TajweedImageFilePath":"14/38/9.png","Text":"يَخْفَىٰ","Translation":"(is) hidden","Transliteration":"yakhfā"},{"Position":10,"AudioFileName":"014_038_010.mp3","TajweedImageFilePath":"14/38/10.png","Text":"عَلَى","Translation":"from","Transliteration":"ʿalā"},{"Position":11,"AudioFileName":"014_038_011.mp3","TajweedImageFilePath":"14/38/11.png","Text":"ٱللَّهِ","Translation":"Allah","Transliteration":"l-lahi"},{"Position":12,"AudioFileName":"014_038_012.mp3","TajweedImageFilePath":"14/38/12.png","Text":"مِن","Translation":"any","Transliteration":"min"},{"Position":13,"AudioFileName":"014_038_013.mp3","TajweedImageFilePath":"14/38/13.png","Text":"شَىْءٍۢ","Translation":"thing","Transliteration":"shayin"},{"Position":14,"AudioFileName":"014_038_014.mp3","TajweedImageFilePath":"14/38/14.png","Text":"فِى","Translation":"in","Transliteration":"fī"},{"Position":15,"AudioFileName":"014_038_015.mp3","TajweedImageFilePath":"14/38/15.png","Text":"ٱلْأَرْضِ","Translation":"the earth","Transliteration":"l-arḍi"},{"Position":16,"AudioFileName":"014_038_016.mp3","TajweedImageFilePath":"14/38/16.png","Text":"وَلَا","Translation":"and not","Transliteration":"walā"},{"Position":17,"AudioFileName":"014_038_017.mp3","TajweedImageFilePath":"14/38/17.png","Text":"فِى","Translation":"in","Transliteration":"fī"},{"Position":18,"AudioFileName":"014_038_018.mp3","TajweedImageFilePath":"14/38/18.png","Text":"ٱلسَّمَآءِ","Translation":"the heaven","Transliteration":"l-samāi"},{"Position":19,"AudioFileName":null,"TajweedImageFilePath":"38.png","Text":"٣٨","Translation":"(38)","Transliteration":null}],"PageNumber":260,"JuzNumber":13,"ManzilNumber":3,"RukuNumber":216,"MaqraNumber":104,"HizbNumber":26,"HizbDecimal":0.75,"HasSajda":false},{"SurahNumber":14,"SurahIndex":"014","VerseNumber":39,"ShowSurahName":false,"ShowBismillah":false,"Words":[{"Position":1,"AudioFileName":"014_039_001.mp3","TajweedImageFilePath":"14/39/1.png","Text":"ٱلْحَمْدُ","Translation":"All the Praise","Transliteration":"al-ḥamdu"},{"Position":2,"AudioFileName":"014_039_002.mp3","TajweedImageFilePath":"14/39/2.png","Text":"لِلَّهِ","Translation":"(is) for Allah","Transliteration":"lillahi"},{"Position":3,"AudioFileName":"014_039_003.mp3","TajweedImageFilePath":"14/39/3.png","Text":"ٱلَّذِى","Translation":"the One Who","Transliteration":"alladhī"},{"Position":4,"AudioFileName":"014_039_004.mp3","TajweedImageFilePath":"14/39/4.png","Text":"وَهَبَ","Translation":"has granted","Transliteration":"wahaba"},{"Position":5,"AudioFileName":"014_039_005.mp3","TajweedImageFilePath":"14/39/5.png","Text":"لِى","Translation":"me","Transliteration":"lī"},{"Position":6,"AudioFileName":"014_039_006.mp3","TajweedImageFilePath":"14/39/6.png","Text":"عَلَى","Translation":"in","Transliteration":"ʿalā"},{"Position":7,"AudioFileName":"014_039_007.mp3","TajweedImageFilePath":"14/39/7.png","Text":"ٱلْكِبَرِ","Translation":"the old age","Transliteration":"l-kibari"},{"Position":8,"AudioFileName":"014_039_008.mp3","TajweedImageFilePath":"14/39/8.png","Text":"إِسْمَـٰعِيلَ","Translation":"Ishmael","Transliteration":"is'māʿīla"},{"Position":9,"AudioFileName":"014_039_009.mp3","TajweedImageFilePath":"14/39/9.png","Text":"وَإِسْحَـٰقَ ۚ","Translation":"and Isaac","Transliteration":"wa-is'ḥāqa"},{"Position":10,"AudioFileName":"014_039_010.mp3","TajweedImageFilePath":"14/39/10.png","Text":"إِنَّ","Translation":"Indeed","Transliteration":"inna"},{"Position":11,"AudioFileName":"014_039_011.mp3","TajweedImageFilePath":"14/39/11.png","Text":"رَبِّى","Translation":"my Lord","Transliteration":"rabbī"},{"Position":12,"AudioFileName":"014_039_012.mp3","TajweedImageFilePath":"14/39/12.png","Text":"لَسَمِيعُ","Translation":"(is) All-Hearer","Transliteration":"lasamīʿu"},{"Position":13,"AudioFileName":"014_039_013.mp3","TajweedImageFilePath":"14/39/13.png","Text":"ٱلدُّعَآءِ","Translation":"(of) the prayer","Transliteration":"l-duʿāi"},{"Position":14,"AudioFileName":null,"TajweedImageFilePath":"39.png","Text":"٣٩","Translation":"(39)","Transliteration":null}],"PageNumber":260,"JuzNumber":13,"ManzilNumber":3,"RukuNumber":216,"MaqraNumber":104,"HizbNumber":26,"HizbDecimal":0.75,"HasSajda":false},{"SurahNumber":14,"SurahIndex":"014","VerseNumber":40,"ShowSurahName":false,"ShowBismillah":false,"Words":[{"Position":1,"AudioFileName":"014_040_001.mp3","TajweedImageFilePath":"14/40/1.png","Text":"رَبِّ","Translation":"My Lord","Transliteration":"rabbi"},{"Position":2,"AudioFileName":"014_040_002.mp3","TajweedImageFilePath":"14/40/2.png","Text":"ٱجْعَلْنِى","Translation":"Make me","Transliteration":"ij'ʿalnī"},{"Position":3,"AudioFileName":"014_040_003.mp3","TajweedImageFilePath":"14/40/3.png","Text":"مُقِيمَ","Translation":"an establisher","Transliteration":"muqīma"},{"Position":4,"AudioFileName":"014_040_004.mp3","TajweedImageFilePath":"14/40/4.png","Text":"ٱلصَّلَوٰةِ","Translation":"(of) the prayer","Transliteration":"l-ṣalati"},{"Position":5,"AudioFileName":"014_040_005.mp3","TajweedImageFilePath":"14/40/5.png","Text":"وَمِن","Translation":"and from","Transliteration":"wamin"},{"Position":6,"AudioFileName":"014_040_006.mp3","TajweedImageFilePath":"14/40/6.png","Text":"ذُرِّيَّتِى ۚ","Translation":"my offsprings","Transliteration":"dhurriyyatī"},{"Position":7,"AudioFileName":"014_040_007.mp3","TajweedImageFilePath":"14/40/7.png","Text":"رَبَّنَا","Translation":"Our Lord","Transliteration":"rabbanā"},{"Position":8,"AudioFileName":"014_040_008.mp3","TajweedImageFilePath":"14/40/8.png","Text":"وَتَقَبَّلْ","Translation":"and accept","Transliteration":"wataqabbal"},{"Position":9,"AudioFileName":"014_040_009.mp3","TajweedImageFilePath":"14/40/9.png","Text":"دُعَآءِ","Translation":"my prayer","Transliteration":"duʿāi"},{"Position":10,"AudioFileName":null,"TajweedImageFilePath":"40.png","Text":"٤٠","Translation":"(40)","Transliteration":null}],"PageNumber":260,"JuzNumber":13,"ManzilNumber":3,"RukuNumber":216,"MaqraNumber":104,"HizbNumber":26,"HizbDecimal":0.75,"HasSajda":false},{"SurahNumber":14,"SurahIndex":"014","VerseNumber":41,"ShowSurahName":false,"ShowBismillah":false,"Words":[{"Position":1,"AudioFileName":"014_041_001.mp3","TajweedImageFilePath":"14/41/1.png","Text":"رَبَّنَا","Translation":"Our Lord","Transliteration":"rabbanā"},{"Position":2,"AudioFileName":"014_041_002.mp3","TajweedImageFilePath":"14/41/2.png","Text":"ٱغْفِرْ","Translation":"Forgive","Transliteration":"igh'fir"},{"Position":3,"AudioFileName":"014_041_003.mp3","TajweedImageFilePath":"14/41/3.png","Text":"لِى","Translation":"me","Transliteration":"lī"},{"Position":4,"AudioFileName":"014_041_004.mp3","TajweedImageFilePath":"14/41/4.png","Text":"وَلِوَٰلِدَىَّ","Translation":"and my parents","Transliteration":"waliwālidayya"},{"Position":5,"AudioFileName":"014_041_005.mp3","TajweedImageFilePath":"14/41/5.png","Text":"وَلِلْمُؤْمِنِينَ","Translation":"and the believers","Transliteration":"walil'mu'minīna"},{"Position":6,"AudioFileName":"014_041_006.mp3","TajweedImageFilePath":"14/41/6.png","Text":"يَوْمَ","Translation":"(on) the Day","Transliteration":"yawma"},{"Position":7,"AudioFileName":"014_041_007.mp3","TajweedImageFilePath":"14/41/7.png","Text":"يَقُومُ","Translation":"will (be) established","Transliteration":"yaqūmu"},{"Position":8,"AudioFileName":"014_041_008.mp3","TajweedImageFilePath":"14/41/8.png","Text":"ٱلْحِسَابُ","Translation":"the account","Transliteration":"l-ḥisābu"},{"Position":9,"AudioFileName":null,"TajweedImageFilePath":"41.png","Text":"٤١","Translation":"(41)","Transliteration":null}],"PageNumber":260,"JuzNumber":13,"ManzilNumber":3,"RukuNumber":216,"MaqraNumber":104,"HizbNumber":26,"HizbDecimal":0.75,"HasSajda":false},{"SurahNumber":14,"SurahIndex":"014","VerseNumber":42,"ShowSurahName":false,"ShowBismillah":false,"Words":[{"Position":1,"AudioFileName":"014_042_001.mp3","TajweedImageFilePath":"14/42/1.png","Text":"وَلَا","Translation":"And (do) not","Transliteration":"walā"},{"Position":2,"AudioFileName":"014_042_002.mp3","TajweedImageFilePath":"14/42/2.png","Text":"تَحْسَبَنَّ","Translation":"think","Transliteration":"taḥsabanna"},{"Position":3,"AudioFileName":"014_042_003.mp3","TajweedImageFilePath":"14/42/3.png","Text":"ٱللَّهَ","Translation":"(that) Allah","Transliteration":"l-laha"},{"Position":4,"AudioFileName":"014_042_004.mp3","TajweedImageFilePath":"14/42/4.png","Text":"غَـٰفِلًا","Translation":"(is) unaware","Transliteration":"ghāfilan"},{"Position":5,"AudioFileName":"014_042_005.mp3","TajweedImageFilePath":"14/42/5.png","Text":"عَمَّا","Translation":"of what","Transliteration":"ʿammā"},{"Position":6,"AudioFileName":"014_042_006.mp3","TajweedImageFilePath":"14/42/6.png","Text":"يَعْمَلُ","Translation":"do","Transliteration":"yaʿmalu"},{"Position":7,"AudioFileName":"014_042_007.mp3","TajweedImageFilePath":"14/42/7.png","Text":"ٱلظَّـٰلِمُونَ ۚ","Translation":"the wrongdoers","Transliteration":"l-ẓālimūna"},{"Position":8,"AudioFileName":"014_042_008.mp3","TajweedImageFilePath":"14/42/8.png","Text":"إِنَّمَا","Translation":"Only","Transliteration":"innamā"},{"Position":9,"AudioFileName":"014_042_009.mp3","TajweedImageFilePath":"14/42/9.png","Text":"يُؤَخِّرُهُمْ","Translation":"He gives them respite","Transliteration":"yu-akhiruhum"},{"Position":10,"AudioFileName":"014_042_010.mp3","TajweedImageFilePath":"14/42/10.png","Text":"لِيَوْمٍۢ","Translation":"to a Day","Transliteration":"liyawmin"},{"Position":11,"AudioFileName":"014_042_011.mp3","TajweedImageFilePath":"14/42/11.png","Text":"تَشْخَصُ","Translation":"will stare","Transliteration":"tashkhaṣu"},{"Position":12,"AudioFileName":"014_042_012.mp3","TajweedImageFilePath":"14/42/12.png","Text":"فِيهِ","Translation":"in it","Transliteration":"fīhi"},{"Position":13,"AudioFileName":"014_042_013.mp3","TajweedImageFilePath":"14/42/13.png","Text":"ٱلْأَبْصَـٰرُ","Translation":"the eyes","Transliteration":"l-abṣāru"},{"Position":14,"AudioFileName":null,"TajweedImageFilePath":"42.png","Text":"٤٢","Translation":"(42)","Transliteration":null}],"PageNumber":260,"JuzNumber":13,"ManzilNumber":3,"RukuNumber":217,"MaqraNumber":104,"HizbNumber":26,"HizbDecimal":0.75,"HasSajda":false},{"SurahNumber":14,"SurahIndex":"014","VerseNumber":43,"ShowSurahName":false,"ShowBismillah":false,"Words":[{"Position":1,"AudioFileName":"014_043_001.mp3","TajweedImageFilePath":"14/43/1.png","Text":"مُهْطِعِينَ","Translation":"Racing ahead","Transliteration":"muh'ṭiʿīna"},{"Position":2,"AudioFileName":"014_043_002.mp3","TajweedImageFilePath":"14/43/2.png","Text":"مُقْنِعِى","Translation":"raised up","Transliteration":"muq'niʿī"},{"Position":3,"AudioFileName":"014_043_003.mp3","TajweedImageFilePath":"14/43/3.png","Text":"رُءُوسِهِمْ","Translation":"their heads","Transliteration":"ruūsihim"},{"Position":4,"AudioFileName":"014_043_004.mp3","TajweedImageFilePath":"14/43/4.png","Text":"لَا","Translation":"not","Transliteration":"lā"},{"Position":5,"AudioFileName":"014_043_005.mp3","TajweedImageFilePath":"14/43/5.png","Text":"يَرْتَدُّ","Translation":"returning","Transliteration":"yartaddu"},{"Position":6,"AudioFileName":"014_043_006.mp3","TajweedImageFilePath":"14/43/6.png","Text":"إِلَيْهِمْ","Translation":"towards them","Transliteration":"ilayhim"},{"Position":7,"AudioFileName":"014_043_007.mp3","TajweedImageFilePath":"14/43/7.png","Text":"طَرْفُهُمْ ۖ","Translation":"their gaze","Transliteration":"ṭarfuhum"},{"Position":8,"AudioFileName":"014_043_008.mp3","TajweedImageFilePath":"14/43/8.png","Text":"وَأَفْـِٔدَتُهُمْ","Translation":"and their hearts","Transliteration":"wa-afidatuhum"},{"Position":9,"AudioFileName":"014_043_009.mp3","TajweedImageFilePath":"14/43/9.png","Text":"هَوَآءٌۭ","Translation":"(are) empty","Transliteration":"hawāon"},{"Position":10,"AudioFileName":null,"TajweedImageFilePath":"43.png","Text":"٤٣","Translation":"(43)","Transliteration":null}],"PageNumber":261,"JuzNumber":13,"ManzilNumber":3,"RukuNumber":217,"MaqraNumber":104,"HizbNumber":26,"HizbDecimal":0.75,"HasSajda":false},{"SurahNumber":14,"SurahIndex":"014","VerseNumber":44,"ShowSurahName":false,"ShowBismillah":false,"Words":[{"Position":1,"AudioFileName":"014_044_001.mp3","TajweedImageFilePath":"14/44/1.png","Text":"وَأَنذِرِ","Translation":"And warn","Transliteration":"wa-andhiri"},{"Position":2,"AudioFileName":"014_044_002.mp3","TajweedImageFilePath":"14/44/2.png","Text":"ٱلنَّاسَ","Translation":"the mankind","Transliteration":"l-nāsa"},{"Position":3,"AudioFileName":"014_044_003.mp3","TajweedImageFilePath":"14/44/3.png","Text":"يَوْمَ","Translation":"(of) a Day","Transliteration":"yawma"},{"Position":4,"AudioFileName":"014_044_004.mp3","TajweedImageFilePath":"14/44/4.png","Text":"يَأْتِيهِمُ","Translation":"(when) will come to them","Transliteration":"yatīhimu"},{"Position":5,"AudioFileName":"014_044_005.mp3","TajweedImageFilePath":"14/44/5.png","Text":"ٱلْعَذَابُ","Translation":"the punishment","Transliteration":"l-ʿadhābu"},{"Position":6,"AudioFileName":"014_044_006.mp3","TajweedImageFilePath":"14/44/6.png","Text":"فَيَقُولُ","Translation":"then will say","Transliteration":"fayaqūlu"},{"Position":7,"AudioFileName":"014_044_007.mp3","TajweedImageFilePath":"14/44/7.png","Text":"ٱلَّذِينَ","Translation":"those who","Transliteration":"alladhīna"},{"Position":8,"AudioFileName":"014_044_008.mp3","TajweedImageFilePath":"14/44/8.png","Text":"ظَلَمُوا۟","Translation":"did wrong","Transliteration":"ẓalamū"},{"Position":9,"AudioFileName":"014_044_009.mp3","TajweedImageFilePath":"14/44/9.png","Text":"رَبَّنَآ","Translation":"Our Lord","Transliteration":"rabbanā"},{"Position":10,"AudioFileName":"014_044_010.mp3","TajweedImageFilePath":"14/44/10.png","Text":"أَخِّرْنَآ","Translation":"Respite us","Transliteration":"akhir'nā"},{"Position":11,"AudioFileName":"014_044_011.mp3","TajweedImageFilePath":"14/44/11.png","Text":"إِلَىٰٓ","Translation":"for","Transliteration":"ilā"},{"Position":12,"AudioFileName":"014_044_012.mp3","TajweedImageFilePath":"14/44/12.png","Text":"أَجَلٍۢ","Translation":"a term","Transliteration":"ajalin"},{"Position":13,"AudioFileName":"014_044_013.mp3","TajweedImageFilePath":"14/44/13.png","Text":"قَرِيبٍۢ","Translation":"short","Transliteration":"qarībin"},{"Position":14,"AudioFileName":"014_044_014.mp3","TajweedImageFilePath":"14/44/14.png","Text":"نُّجِبْ","Translation":"we will answer","Transliteration":"nujib"},{"Position":15,"AudioFileName":"014_044_015.mp3","TajweedImageFilePath":"14/44/15.png","Text":"دَعْوَتَكَ","Translation":"Your call","Transliteration":"daʿwataka"},{"Position":16,"AudioFileName":"014_044_016.mp3","TajweedImageFilePath":"14/44/16.png","Text":"وَنَتَّبِعِ","Translation":"and we will follow","Transliteration":"wanattabiʿi"},{"Position":17,"AudioFileName":"014_044_017.mp3","TajweedImageFilePath":"14/44/17.png","Text":"ٱلرُّسُلَ ۗ","Translation":"the Messengers","Transliteration":"l-rusula"},{"Position":18,"AudioFileName":"014_044_018.mp3","TajweedImageFilePath":"14/44/18.png","Text":"أَوَلَمْ","Translation":"Had not","Transliteration":"awalam"},{"Position":19,"AudioFileName":"014_044_019.mp3","TajweedImageFilePath":"14/44/19.png","Text":"تَكُونُوٓا۟","Translation":"you","Transliteration":"takūnū"},{"Position":20,"AudioFileName":"014_044_020.mp3","TajweedImageFilePath":"14/44/20.png","Text":"أَقْسَمْتُم","Translation":"sworn","Transliteration":"aqsamtum"},{"Position":21,"AudioFileName":"014_044_021.mp3","TajweedImageFilePath":"14/44/21.png","Text":"مِّن","Translation":"before","Transliteration":"min"},{"Position":22,"AudioFileName":"014_044_022.mp3","TajweedImageFilePath":"14/44/22.png","Text":"قَبْلُ","Translation":"before","Transliteration":"qablu"},{"Position":23,"AudioFileName":"014_044_023.mp3","TajweedImageFilePath":"14/44/23.png","Text":"مَا","Translation":"not","Transliteration":"mā"},{"Position":24,"AudioFileName":"014_044_024.mp3","TajweedImageFilePath":"14/44/24.png","Text":"لَكُم","Translation":"for you","Transliteration":"lakum"},{"Position":25,"AudioFileName":"014_044_025.mp3","TajweedImageFilePath":"14/44/25.png","Text":"مِّن","Translation":"any","Transliteration":"min"},{"Position":26,"AudioFileName":"014_044_026.mp3","TajweedImageFilePath":"14/44/26.png","Text":"زَوَالٍۢ","Translation":"end","Transliteration":"zawālin"},{"Position":27,"AudioFileName":null,"TajweedImageFilePath":"44.png","Text":"٤٤","Translation":"(44)","Transliteration":null}],"PageNumber":261,"JuzNumber":13,"ManzilNumber":3,"RukuNumber":217,"MaqraNumber":104,"HizbNumber":26,"HizbDecimal":0.75,"HasSajda":false},{"SurahNumber":14,"SurahIndex":"014","VerseNumber":45,"ShowSurahName":false,"ShowBismillah":false,"Words":[{"Position":1,"AudioFileName":"014_045_001.mp3","TajweedImageFilePath":"14/45/1.png","Text":"وَسَكَنتُمْ","Translation":"And you dwelt","Transliteration":"wasakantum"},{"Position":2,"AudioFileName":"014_045_002.mp3","TajweedImageFilePath":"14/45/2.png","Text":"فِى","Translation":"in","Transliteration":"fī"},{"Position":3,"AudioFileName":"014_045_003.mp3","TajweedImageFilePath":"14/45/3.png","Text":"مَسَـٰكِنِ","Translation":"the dwellings","Transliteration":"masākini"},{"Position":4,"AudioFileName":"014_045_004.mp3","TajweedImageFilePath":"14/45/4.png","Text":"ٱلَّذِينَ","Translation":"(of) those who","Transliteration":"alladhīna"},{"Position":5,"AudioFileName":"014_045_005.mp3","TajweedImageFilePath":"14/45/5.png","Text":"ظَلَمُوٓا۟","Translation":"wronged","Transliteration":"ẓalamū"},{"Position":6,"AudioFileName":"014_045_006.mp3","TajweedImageFilePath":"14/45/6.png","Text":"أَنفُسَهُمْ","Translation":"themselves","Transliteration":"anfusahum"},{"Position":7,"AudioFileName":"014_045_007.mp3","TajweedImageFilePath":"14/45/7.png","Text":"وَتَبَيَّنَ","Translation":"and it had become clear","Transliteration":"watabayyana"},{"Position":8,"AudioFileName":"014_045_008.mp3","TajweedImageFilePath":"14/45/8.png","Text":"لَكُمْ","Translation":"to you","Transliteration":"lakum"},{"Position":9,"AudioFileName":"014_045_009.mp3","TajweedImageFilePath":"14/45/9.png","Text":"كَيْفَ","Translation":"how","Transliteration":"kayfa"},{"Position":10,"AudioFileName":"014_045_010.mp3","TajweedImageFilePath":"14/45/10.png","Text":"فَعَلْنَا","Translation":"We dealt","Transliteration":"faʿalnā"},{"Position":11,"AudioFileName":"014_045_011.mp3","TajweedImageFilePath":"14/45/11.png","Text":"بِهِمْ","Translation":"with them","Transliteration":"bihim"},{"Position":12,"AudioFileName":"014_045_012.mp3","TajweedImageFilePath":"14/45/12.png","Text":"وَضَرَبْنَا","Translation":"and We put forth","Transliteration":"waḍarabnā"},{"Position":13,"AudioFileName":"014_045_013.mp3","TajweedImageFilePath":"14/45/13.png","Text":"لَكُمُ","Translation":"for you","Transliteration":"lakumu"},{"Position":14,"AudioFileName":"014_045_014.mp3","TajweedImageFilePath":"14/45/14.png","Text":"ٱلْأَمْثَالَ","Translation":"the examples","Transliteration":"l-amthāla"},{"Position":15,"AudioFileName":null,"TajweedImageFilePath":"45.png","Text":"٤٥","Translation":"(45)","Transliteration":null}],"PageNumber":261,"JuzNumber":13,"ManzilNumber":3,"RukuNumber":217,"MaqraNumber":104,"HizbNumber":26,"HizbDecimal":0.75,"HasSajda":false},{"SurahNumber":14,"SurahIndex":"014","VerseNumber":46,"ShowSurahName":false,"ShowBismillah":false,"Words":[{"Position":1,"AudioFileName":"014_046_001.mp3","TajweedImageFilePath":"14/46/1.png","Text":"وَقَدْ","Translation":"And indeed","Transliteration":"waqad"},{"Position":2,"AudioFileName":"014_046_002.mp3","TajweedImageFilePath":"14/46/2.png","Text":"مَكَرُوا۟","Translation":"they planned","Transliteration":"makarū"},{"Position":3,"AudioFileName":"014_046_003.mp3","TajweedImageFilePath":"14/46/3.png","Text":"مَكْرَهُمْ","Translation":"their plan","Transliteration":"makrahum"},{"Position":4,"AudioFileName":"014_046_004.mp3","TajweedImageFilePath":"14/46/4.png","Text":"وَعِندَ","Translation":"but with","Transliteration":"waʿinda"},{"Position":5,"AudioFileName":"014_046_005.mp3","TajweedImageFilePath":"14/46/5.png","Text":"ٱللَّهِ","Translation":"Allah","Transliteration":"l-lahi"},{"Position":6,"AudioFileName":"014_046_006.mp3","TajweedImageFilePath":"14/46/6.png","Text":"مَكْرُهُمْ","Translation":"(was) their plan","Transliteration":"makruhum"},{"Position":7,"AudioFileName":"014_046_007.mp3","TajweedImageFilePath":"14/46/7.png","Text":"وَإِن","Translation":"even if","Transliteration":"wa-in"},{"Position":8,"AudioFileName":"014_046_008.mp3","TajweedImageFilePath":"14/46/8.png","Text":"كَانَ","Translation":"was","Transliteration":"kāna"},{"Position":9,"AudioFileName":"014_046_009.mp3","TajweedImageFilePath":"14/46/9.png","Text":"مَكْرُهُمْ","Translation":"their plan","Transliteration":"makruhum"},{"Position":10,"AudioFileName":"014_046_010.mp3","TajweedImageFilePath":"14/46/10.png","Text":"لِتَزُولَ","Translation":"that should be moved","Transliteration":"litazūla"},{"Position":11,"AudioFileName":"014_046_011.mp3","TajweedImageFilePath":"14/46/11.png","Text":"مِنْهُ","Translation":"by it","Transliteration":"min'hu"},{"Position":12,"AudioFileName":"014_046_012.mp3","TajweedImageFilePath":"14/46/12.png","Text":"ٱلْجِبَالُ","Translation":"the mountains","Transliteration":"l-jibālu"},{"Position":13,"AudioFileName":null,"TajweedImageFilePath":"46.png","Text":"٤٦","Translation":"(46)","Transliteration":null}],"PageNumber":261,"JuzNumber":13,"ManzilNumber":3,"RukuNumber":217,"MaqraNumber":104,"HizbNumber":26,"HizbDecimal":0.75,"HasSajda":false},{"SurahNumber":14,"SurahIndex":"014","VerseNumber":47,"ShowSurahName":false,"ShowBismillah":false,"Words":[{"Position":1,"AudioFileName":"014_047_001.mp3","TajweedImageFilePath":"14/47/1.png","Text":"فَلَا","Translation":"So (do) not","Transliteration":"falā"},{"Position":2,"AudioFileName":"014_047_002.mp3","TajweedImageFilePath":"14/47/2.png","Text":"تَحْسَبَنَّ","Translation":"think","Transliteration":"taḥsabanna"},{"Position":3,"AudioFileName":"014_047_003.mp3","TajweedImageFilePath":"14/47/3.png","Text":"ٱللَّهَ","Translation":"(that) Allah","Transliteration":"l-laha"},{"Position":4,"AudioFileName":"014_047_004.mp3","TajweedImageFilePath":"14/47/4.png","Text":"مُخْلِفَ","Translation":"will fail","Transliteration":"mukh'lifa"},{"Position":5,"AudioFileName":"014_047_005.mp3","TajweedImageFilePath":"14/47/5.png","Text":"وَعْدِهِۦ","Translation":"(to) keep His Promise","Transliteration":"waʿdihi"},{"Position":6,"AudioFileName":"014_047_006.mp3","TajweedImageFilePath":"14/47/6.png","Text":"رُسُلَهُۥٓ ۗ","Translation":"(to) His Messengers","Transliteration":"rusulahu"},{"Position":7,"AudioFileName":"014_047_007.mp3","TajweedImageFilePath":"14/47/7.png","Text":"إِنَّ","Translation":"Indeed","Transliteration":"inna"},{"Position":8,"AudioFileName":"014_047_008.mp3","TajweedImageFilePath":"14/47/8.png","Text":"ٱللَّهَ","Translation":"Allah","Transliteration":"l-laha"},{"Position":9,"AudioFileName":"014_047_009.mp3","TajweedImageFilePath":"14/47/9.png","Text":"عَزِيزٌۭ","Translation":"(is) All-Mighty","Transliteration":"ʿazīzun"},{"Position":10,"AudioFileName":"014_047_010.mp3","TajweedImageFilePath":"14/47/10.png","Text":"ذُو","Translation":"Owner (of) Retribution","Transliteration":"dhū"},{"Position":11,"AudioFileName":"014_047_011.mp3","TajweedImageFilePath":"14/47/11.png","Text":"ٱنتِقَامٍۢ","Translation":"Owner (of) Retribution","Transliteration":"intiqāmin"},{"Position":12,"AudioFileName":null,"TajweedImageFilePath":"47.png","Text":"٤٧","Translation":"(47)","Transliteration":null}],"PageNumber":261,"JuzNumber":13,"ManzilNumber":3,"RukuNumber":217,"MaqraNumber":104,"HizbNumber":26,"HizbDecimal":0.75,"HasSajda":false},{"SurahNumber":14,"SurahIndex":"014","VerseNumber":48,"ShowSurahName":false,"ShowBismillah":false,"Words":[{"Position":1,"AudioFileName":"014_048_001.mp3","TajweedImageFilePath":"14/48/1.png","Text":"يَوْمَ","Translation":"(On the) Day","Transliteration":"yawma"},{"Position":2,"AudioFileName":"014_048_002.mp3","TajweedImageFilePath":"14/48/2.png","Text":"تُبَدَّلُ","Translation":"will be changed","Transliteration":"tubaddalu"},{"Position":3,"AudioFileName":"014_048_003.mp3","TajweedImageFilePath":"14/48/3.png","Text":"ٱلْأَرْضُ","Translation":"the earth","Transliteration":"l-arḍu"},{"Position":4,"AudioFileName":"014_048_004.mp3","TajweedImageFilePath":"14/48/4.png","Text":"غَيْرَ","Translation":"(to) other (than)","Transliteration":"ghayra"},{"Position":5,"AudioFileName":"014_048_005.mp3","TajweedImageFilePath":"14/48/5.png","Text":"ٱلْأَرْضِ","Translation":"the earth","Transliteration":"l-arḍi"},{"Position":6,"AudioFileName":"014_048_006.mp3","TajweedImageFilePath":"14/48/6.png","Text":"وَٱلسَّمَـٰوَٰتُ ۖ","Translation":"and the heavens","Transliteration":"wal-samāwātu"},{"Position":7,"AudioFileName":"014_048_007.mp3","TajweedImageFilePath":"14/48/7.png","Text":"وَبَرَزُوا۟","Translation":"and they will come forth","Transliteration":"wabarazū"},{"Position":8,"AudioFileName":"014_048_008.mp3","TajweedImageFilePath":"14/48/8.png","Text":"لِلَّهِ","Translation":"before Allah","Transliteration":"lillahi"},{"Position":9,"AudioFileName":"014_048_009.mp3","TajweedImageFilePath":"14/48/9.png","Text":"ٱلْوَٰحِدِ","Translation":"the One","Transliteration":"l-wāḥidi"},{"Position":10,"AudioFileName":"014_048_010.mp3","TajweedImageFilePath":"14/48/10.png","Text":"ٱلْقَهَّارِ","Translation":"the Irresistible","Transliteration":"l-qahāri"},{"Position":11,"AudioFileName":null,"TajweedImageFilePath":"48.png","Text":"٤٨","Translation":"(48)","Transliteration":null}],"PageNumber":261,"JuzNumber":13,"ManzilNumber":3,"RukuNumber":217,"MaqraNumber":104,"HizbNumber":26,"HizbDecimal":0.75,"HasSajda":false},{"SurahNumber":14,"SurahIndex":"014","VerseNumber":49,"ShowSurahName":false,"ShowBismillah":false,"Words":[{"Position":1,"AudioFileName":"014_049_001.mp3","TajweedImageFilePath":"14/49/1.png","Text":"وَتَرَى","Translation":"And you will see","Transliteration":"watarā"},{"Position":2,"AudioFileName":"014_049_002.mp3","TajweedImageFilePath":"14/49/2.png","Text":"ٱلْمُجْرِمِينَ","Translation":"the criminals","Transliteration":"l-muj'rimīna"},{"Position":3,"AudioFileName":"014_049_003.mp3","TajweedImageFilePath":"14/49/3.png","Text":"يَوْمَئِذٍۢ","Translation":"(on) that Day","Transliteration":"yawma-idhin"},{"Position":4,"AudioFileName":"014_049_004.mp3","TajweedImageFilePath":"14/49/4.png","Text":"مُّقَرَّنِينَ","Translation":"bound together","Transliteration":"muqarranīna"},{"Position":5,"AudioFileName":"014_049_005.mp3","TajweedImageFilePath":"14/49/5.png","Text":"فِى","Translation":"in","Transliteration":"fī"},{"Position":6,"AudioFileName":"014_049_006.mp3","TajweedImageFilePath":"14/49/6.png","Text":"ٱلْأَصْفَادِ","Translation":"the chains","Transliteration":"l-aṣfādi"},{"Position":7,"AudioFileName":null,"TajweedImageFilePath":"49.png","Text":"٤٩","Translation":"(49)","Transliteration":null}],"PageNumber":261,"JuzNumber":13,"ManzilNumber":3,"RukuNumber":217,"MaqraNumber":104,"HizbNumber":26,"HizbDecimal":0.75,"HasSajda":false},{"SurahNumber":14,"SurahIndex":"014","VerseNumber":50,"ShowSurahName":false,"ShowBismillah":false,"Words":[{"Position":1,"AudioFileName":"014_050_001.mp3","TajweedImageFilePath":"14/50/1.png","Text":"سَرَابِيلُهُم","Translation":"Their garments","Transliteration":"sarābīluhum"},{"Position":2,"AudioFileName":"014_050_002.mp3","TajweedImageFilePath":"14/50/2.png","Text":"مِّن","Translation":"of","Transliteration":"min"},{"Position":3,"AudioFileName":"014_050_003.mp3","TajweedImageFilePath":"14/50/3.png","Text":"قَطِرَانٍۢ","Translation":"tar","Transliteration":"qaṭirānin"},{"Position":4,"AudioFileName":"014_050_004.mp3","TajweedImageFilePath":"14/50/4.png","Text":"وَتَغْشَىٰ","Translation":"and will cover","Transliteration":"wataghshā"},{"Position":5,"AudioFileName":"014_050_005.mp3","TajweedImageFilePath":"14/50/5.png","Text":"وُجُوهَهُمُ","Translation":"their faces","Transliteration":"wujūhahumu"},{"Position":6,"AudioFileName":"014_050_006.mp3","TajweedImageFilePath":"14/50/6.png","Text":"ٱلنَّارُ","Translation":"the Fire","Transliteration":"l-nāru"},{"Position":7,"AudioFileName":null,"TajweedImageFilePath":"50.png","Text":"٥٠","Translation":"(50)","Transliteration":null}],"PageNumber":261,"JuzNumber":13,"ManzilNumber":3,"RukuNumber":217,"MaqraNumber":104,"HizbNumber":26,"HizbDecimal":0.75,"HasSajda":false},{"SurahNumber":14,"SurahIndex":"014","VerseNumber":51,"ShowSurahName":false,"ShowBismillah":false,"Words":[{"Position":1,"AudioFileName":"014_051_001.mp3","TajweedImageFilePath":"14/51/1.png","Text":"لِيَجْزِىَ","Translation":"So that Allah may recompense","Transliteration":"liyajziya"},{"Position":2,"AudioFileName":"014_051_002.mp3","TajweedImageFilePath":"14/51/2.png","Text":"ٱللَّهُ","Translation":"So that Allah may recompense","Transliteration":"l-lahu"},{"Position":3,"AudioFileName":"014_051_003.mp3","TajweedImageFilePath":"14/51/3.png","Text":"كُلَّ","Translation":"each","Transliteration":"kulla"},{"Position":4,"AudioFileName":"014_051_004.mp3","TajweedImageFilePath":"14/51/4.png","Text":"نَفْسٍۢ","Translation":"soul","Transliteration":"nafsin"},{"Position":5,"AudioFileName":"014_051_005.mp3","TajweedImageFilePath":"14/51/5.png","Text":"مَّا","Translation":"(for) what","Transliteration":"mā"},{"Position":6,"AudioFileName":"014_051_006.mp3","TajweedImageFilePath":"14/51/6.png","Text":"كَسَبَتْ ۚ","Translation":"it earned","Transliteration":"kasabat"},{"Position":7,"AudioFileName":"014_051_007.mp3","TajweedImageFilePath":"14/51/7.png","Text":"إِنَّ","Translation":"Indeed","Transliteration":"inna"},{"Position":8,"AudioFileName":"014_051_008.mp3","TajweedImageFilePath":"14/51/8.png","Text":"ٱللَّهَ","Translation":"Allah","Transliteration":"l-laha"},{"Position":9,"AudioFileName":"014_051_009.mp3","TajweedImageFilePath":"14/51/9.png","Text":"سَرِيعُ","Translation":"(is) Swift","Transliteration":"sarīʿu"},{"Position":10,"AudioFileName":"014_051_010.mp3","TajweedImageFilePath":"14/51/10.png","Text":"ٱلْحِسَابِ","Translation":"(in) the reckoning","Transliteration":"l-ḥisābi"},{"Position":11,"AudioFileName":null,"TajweedImageFilePath":"51.png","Text":"٥١","Translation":"(51)","Transliteration":null}],"PageNumber":261,"JuzNumber":13,"ManzilNumber":3,"RukuNumber":217,"MaqraNumber":104,"HizbNumber":26,"HizbDecimal":0.75,"HasSajda":false},{"SurahNumber":14,"SurahIndex":"014","VerseNumber":52,"ShowSurahName":false,"ShowBismillah":false,"Words":[{"Position":1,"AudioFileName":"014_052_001.mp3","TajweedImageFilePath":"14/52/1.png","Text":"هَـٰذَا","Translation":"This","Transliteration":"hādhā"},{"Position":2,"AudioFileName":"014_052_002.mp3","TajweedImageFilePath":"14/52/2.png","Text":"بَلَـٰغٌۭ","Translation":"(is) a Message","Transliteration":"balāghun"},{"Position":3,"AudioFileName":"014_052_003.mp3","TajweedImageFilePath":"14/52/3.png","Text":"لِّلنَّاسِ","Translation":"for the mankind","Transliteration":"lilnnāsi"},{"Position":4,"AudioFileName":"014_052_004.mp3","TajweedImageFilePath":"14/52/4.png","Text":"وَلِيُنذَرُوا۟","Translation":"that they may be warned","Transliteration":"waliyundharū"},{"Position":5,"AudioFileName":"014_052_005.mp3","TajweedImageFilePath":"14/52/5.png","Text":"بِهِۦ","Translation":"with it","Transliteration":"bihi"},{"Position":6,"AudioFileName":"014_052_006.mp3","TajweedImageFilePath":"14/52/6.png","Text":"وَلِيَعْلَمُوٓا۟","Translation":"and that they may know","Transliteration":"waliyaʿlamū"},{"Position":7,"AudioFileName":"014_052_007.mp3","TajweedImageFilePath":"14/52/7.png","Text":"أَنَّمَا","Translation":"that only","Transliteration":"annamā"},{"Position":8,"AudioFileName":"014_052_008.mp3","TajweedImageFilePath":"14/52/8.png","Text":"هُوَ","Translation":"He","Transliteration":"huwa"},{"Position":9,"AudioFileName":"014_052_009.mp3","TajweedImageFilePath":"14/52/9.png","Text":"إِلَـٰهٌۭ","Translation":"(is) One God","Transliteration":"ilāhun"},{"Position":10,"AudioFileName":"014_052_010.mp3","TajweedImageFilePath":"14/52/10.png","Text":"وَٰحِدٌۭ","Translation":"(is) One God","Transliteration":"wāḥidun"},{"Position":11,"AudioFileName":"014_052_011.mp3","TajweedImageFilePath":"14/52/11.png","Text":"وَلِيَذَّكَّرَ","Translation":"and that may take heed","Transliteration":"waliyadhakkara"},{"Position":12,"AudioFileName":"014_052_012.mp3","TajweedImageFilePath":"14/52/12.png","Text":"أُو۟لُوا۟","Translation":"men","Transliteration":"ulū"},{"Position":13,"AudioFileName":"014_052_013.mp3","TajweedImageFilePath":"14/52/13.png","Text":"ٱلْأَلْبَـٰبِ","Translation":"(of) understanding","Transliteration":"l-albābi"},{"Position":14,"AudioFileName":null,"TajweedImageFilePath":"52.png","Text":"٥٢","Translation":"(52)","Transliteration":null}],"PageNumber":261,"JuzNumber":13,"ManzilNumber":3,"RukuNumber":217,"MaqraNumber":104,"HizbNumber":26,"HizbDecimal":0.75,"HasSajda":false}]}