{"MaqraNumber":90,"Verses":[{"SurahNumber":11,"SurahIndex":"011","VerseNumber":24,"ShowSurahName":false,"ShowBismillah":false,"Words":[{"Position":1,"AudioFileName":"011_024_001.mp3","TajweedImageFilePath":"11/24/1.png","Text":"۞ مَثَلُ","Translation":"(The) example","Transliteration":"mathalu","Root":"م ث ل"},{"Position":2,"AudioFileName":"011_024_002.mp3","TajweedImageFilePath":"11/24/2.png","Text":"ٱلْفَرِيقَيْنِ","Translation":"(of) the two parties","Transliteration":"l-farīqayni","Root":"ف ر ق"},{"Position":3,"AudioFileName":"011_024_003.mp3","TajweedImageFilePath":"11/24/3.png","Text":"كَٱلْأَعْمَىٰ","Translation":"(is) like the blind","Transliteration":"kal-aʿmā","Root":"ع م ي"},{"Position":4,"AudioFileName":"011_024_004.mp3","TajweedImageFilePath":"11/24/4.png","Text":"وَٱلْأَصَمِّ","Translation":"and the deaf","Transliteration":"wal-aṣami","Root":"ص م م"},{"Position":5,"AudioFileName":"011_024_005.mp3","TajweedImageFilePath":"11/24/5.png","Text":"وَٱلْبَصِيرِ","Translation":"and the seer","Transliteration":"wal-baṣīri","Root":"ب ص ر"},{"Position":6,"AudioFileName":"011_024_006.mp3","TajweedImageFilePath":"11/24/6.png","Text":"وَٱلسَّمِيعِ ۚ","Translation":"and the hearer","Transliteration":"wal-samīʿi","Root":"س م ع"},{"Position":7,"AudioFileName":"011_024_007.mp3","TajweedImageFilePath":"11/24/7.png","Text":"هَلْ","Translation":"Are","Transliteration":"hal","Root":"ه ل"},{"Position":8,"AudioFileName":"011_024_008.mp3","TajweedImageFilePath":"11/24/8.png","Text":"يَسْتَوِيَانِ","Translation":"they equal","Transliteration":"yastawiyāni","Root":"س و ي"},{"Position":9,"AudioFileName":"011_024_009.mp3","TajweedImageFilePath":"11/24/9.png","Text":"مَثَلًا ۚ","Translation":"(in) comparison","Transliteration":"mathalan","Root":"م ث ل"},{"Position":10,"AudioFileName":"011_024_010.mp3","TajweedImageFilePath":"11/24/10.png","Text":"أَفَلَا","Translation":"Then, will not","Transliteration":"afalā","Root":"ل ا"},{"Position":11,"AudioFileName":"011_024_011.mp3","TajweedImageFilePath":"11/24/11.png","Text":"تَذَكَّرُونَ","Translation":"you take heed","Transliteration":"tadhakkarūna","Root":"ذ ك ر"},{"Position":12,"AudioFileName":null,"TajweedImageFilePath":"24.png","Text":"٢٤","Translation":"(24)","Transliteration":null,"Root":null}],"PageNumber":224,"JuzNumber":12,"ManzilNumber":3,"RukuNumber":184,"MaqraNumber":90,"HizbNumber":23,"HizbDecimal":0.25,"HasSajda":false},{"SurahNumber":11,"SurahIndex":"011","VerseNumber":25,"ShowSurahName":false,"ShowBismillah":false,"Words":[{"Position":1,"AudioFileName":"011_025_001.mp3","TajweedImageFilePath":"11/25/1.png","Text":"وَلَقَدْ","Translation":"And verily","Transliteration":"walaqad","Root":"ق د"},{"Position":2,"AudioFileName":"011_025_002.mp3","TajweedImageFilePath":"11/25/2.png","Text":"أَرْسَلْنَا","Translation":"We sent","Transliteration":"arsalnā","Root":"ر س ل"},{"Position":3,"AudioFileName":"011_025_003.mp3","TajweedImageFilePath":"11/25/3.png","Text":"نُوحًا","Translation":"Nuh","Transliteration":"nūḥan","Root":"ن و ح"},{"Position":4,"AudioFileName":"011_025_004.mp3","TajweedImageFilePath":"11/25/4.png","Text":"إِلَىٰ","Translation":"to","Transliteration":"ilā","Root":"إِلَىٰ"},{"Position":5,"AudioFileName":"011_025_005.mp3","TajweedImageFilePath":"11/25/5.png","Text":"قَوْمِهِۦٓ","Translation":"his people","Transliteration":"qawmihi","Root":"ق و م"},{"Position":6,"AudioFileName":"011_025_006.mp3","TajweedImageFilePath":"11/25/6.png","Text":"إِنِّى","Translation":"Indeed, I am","Transliteration":"innī","Root":"ا ن ن"},{"Position":7,"AudioFileName":"011_025_007.mp3","TajweedImageFilePath":"11/25/7.png","Text":"لَكُمْ","Translation":"to you","Transliteration":"lakum","Root":"ل"},{"Position":8,"AudioFileName":"011_025_008.mp3","TajweedImageFilePath":"11/25/8.png","Text":"نَذِيرٌۭ","Translation":"a warner","Transliteration":"nadhīrun","Root":"ن ذ ر"},{"Position":9,"AudioFileName":"011_025_009.mp3","TajweedImageFilePath":"11/25/9.png","Text":"مُّبِينٌ","Translation":"clear","Transliteration":"mubīnun","Root":"ب ي ن"},{"Position":10,"AudioFileName":null,"TajweedImageFilePath":"25.png","Text":"٢٥","Translation":"(25)","Transliteration":null,"Root":null}],"PageNumber":224,"JuzNumber":12,"ManzilNumber":3,"RukuNumber":185,"MaqraNumber":90,"HizbNumber":23,"HizbDecimal":0.25,"HasSajda":false},{"SurahNumber":11,"SurahIndex":"011","VerseNumber":26,"ShowSurahName":false,"ShowBismillah":false,"Words":[{"Position":1,"AudioFileName":"011_026_001.mp3","TajweedImageFilePath":"11/26/1.png","Text":"أَن","Translation":"That","Transliteration":"an","Root":"ا ن"},{"Position":2,"AudioFileName":"011_026_002.mp3","TajweedImageFilePath":"11/26/2.png","Text":"لَّا","Translation":"(do) not","Transliteration":"lā","Root":"ل ا"},{"Position":3,"AudioFileName":"011_026_003.mp3","TajweedImageFilePath":"11/26/3.png","Text":"تَعْبُدُوٓا۟","Translation":"worship","Transliteration":"taʿbudū","Root":"ع ب د"},{"Position":4,"AudioFileName":"011_026_004.mp3","TajweedImageFilePath":"11/26/4.png","Text":"إِلَّا","Translation":"except","Transliteration":"illā","Root":"إِلَّا"},{"Position":5,"AudioFileName":"011_026_005.mp3","TajweedImageFilePath":"11/26/5.png","Text":"ٱللَّهَ ۖ","Translation":"Allah","Transliteration":"l-laha","Root":"أ ل ه"},{"Position":6,"AudioFileName":"011_026_006.mp3","TajweedImageFilePath":"11/26/6.png","Text":"إِنِّىٓ","Translation":"Indeed, I","Transliteration":"innī","Root":"ا ن ن"},{"Position":7,"AudioFileName":"011_026_007.mp3","TajweedImageFilePath":"11/26/7.png","Text":"أَخَافُ","Translation":"[I] fear","Transliteration":"akhāfu","Root":"خ و ف"},{"Position":8,"AudioFileName":"011_026_008.mp3","TajweedImageFilePath":"11/26/8.png","Text":"عَلَيْكُمْ","Translation":"for you","Transliteration":"ʿalaykum","Root":"ع ل ى"},{"Position":9,"AudioFileName":"011_026_009.mp3","TajweedImageFilePath":"11/26/9.png","Text":"عَذَابَ","Translation":"(the) punishment","Transliteration":"ʿadhāba","Root":"ع ذ ب"},{"Position":10,"AudioFileName":"011_026_010.mp3","TajweedImageFilePath":"11/26/10.png","Text":"يَوْمٍ","Translation":"(of) a Day","Transliteration":"yawmin","Root":"ي و م"},{"Position":11,"AudioFileName":"011_026_011.mp3","TajweedImageFilePath":"11/26/11.png","Text":"أَلِيمٍۢ","Translation":"painful","Transliteration":"alīmin","Root":"أ ل م"},{"Position":12,"AudioFileName":null,"TajweedImageFilePath":"26.png","Text":"٢٦","Translation":"(26)","Transliteration":null,"Root":null}],"PageNumber":224,"JuzNumber":12,"ManzilNumber":3,"RukuNumber":185,"MaqraNumber":90,"HizbNumber":23,"HizbDecimal":0.25,"HasSajda":false},{"SurahNumber":11,"SurahIndex":"011","VerseNumber":27,"ShowSurahName":false,"ShowBismillah":false,"Words":[{"Position":1,"AudioFileName":"011_027_001.mp3","TajweedImageFilePath":"11/27/1.png","Text":"فَقَالَ","Translation":"So said","Transliteration":"faqāla","Root":"ق و ل"},{"Position":2,"AudioFileName":"011_027_002.mp3","TajweedImageFilePath":"11/27/2.png","Text":"ٱلْمَلَأُ","Translation":"the chiefs","Transliteration":"l-mala-u","Root":"م ل أ"},{"Position":3,"AudioFileName":"011_027_003.mp3","TajweedImageFilePath":"11/27/3.png","Text":"ٱلَّذِينَ","Translation":"(of) those who","Transliteration":"alladhīna","Root":"ٱلَّذِى"},{"Position":4,"AudioFileName":"011_027_004.mp3","TajweedImageFilePath":"11/27/4.png","Text":"كَفَرُوا۟","Translation":"disbelieved","Transliteration":"kafarū","Root":"ك ف ر"},{"Position":5,"AudioFileName":"011_027_005.mp3","TajweedImageFilePath":"11/27/5.png","Text":"مِن","Translation":"from","Transliteration":"min","Root":"م ن"},{"Position":6,"AudioFileName":"011_027_006.mp3","TajweedImageFilePath":"11/27/6.png","Text":"قَوْمِهِۦ","Translation":"his people","Transliteration":"qawmihi","Root":"ق و م"},{"Position":7,"AudioFileName":"011_027_007.mp3","TajweedImageFilePath":"11/27/7.png","Text":"مَا","Translation":"Not","Transliteration":"mā","Root":"م ا"},{"Position":8,"AudioFileName":"011_027_008.mp3","TajweedImageFilePath":"11/27/8.png","Text":"نَرَىٰكَ","Translation":"we see you","Transliteration":"narāka","Root":"ر أ ي"},{"Position":9,"AudioFileName":"011_027_009.mp3","TajweedImageFilePath":"11/27/9.png","Text":"إِلَّا","Translation":"but","Transliteration":"illā","Root":"إِلَّا"},{"Position":10,"AudioFileName":"011_027_010.mp3","TajweedImageFilePath":"11/27/10.png","Text":"بَشَرًۭا","Translation":"a man","Transliteration":"basharan","Root":"ب ش ر"},{"Position":11,"AudioFileName":"011_027_011.mp3","TajweedImageFilePath":"11/27/11.png","Text":"مِّثْلَنَا","Translation":"like us","Transliteration":"mith'lanā","Root":"م ث ل"},{"Position":12,"AudioFileName":"011_027_012.mp3","TajweedImageFilePath":"11/27/12.png","Text":"وَمَا","Translation":"and not","Transliteration":"wamā","Root":"م ا"},{"Position":13,"AudioFileName":"011_027_013.mp3","TajweedImageFilePath":"11/27/13.png","Text":"نَرَىٰكَ","Translation":"we see you","Transliteration":"narāka","Root":"ر أ ي"},{"Position":14,"AudioFileName":"011_027_014.mp3","TajweedImageFilePath":"11/27/14.png","Text":"ٱتَّبَعَكَ","Translation":"followed [you]","Transliteration":"ittabaʿaka","Root":"ت ب ع"},{"Position":15,"AudioFileName":"011_027_015.mp3","TajweedImageFilePath":"11/27/15.png","Text":"إِلَّا","Translation":"except","Transliteration":"illā","Root":"إِلَّا"},{"Position":16,"AudioFileName":"011_027_016.mp3","TajweedImageFilePath":"11/27/16.png","Text":"ٱلَّذِينَ","Translation":"those who","Transliteration":"alladhīna","Root":"ٱلَّذِى"},{"Position":17,"AudioFileName":"011_027_017.mp3","TajweedImageFilePath":"11/27/17.png","Text":"هُمْ","Translation":"[they]","Transliteration":"hum","Root":"ه م"},{"Position":18,"AudioFileName":"011_027_018.mp3","TajweedImageFilePath":"11/27/18.png","Text":"أَرَاذِلُنَا","Translation":"(are) the lowest of us","Transliteration":"arādhilunā","Root":"ر ذ ل"},{"Position":19,"AudioFileName":"011_027_019.mp3","TajweedImageFilePath":"11/27/19.png","Text":"بَادِىَ","Translation":"immature in opinion","Transliteration":"bādiya","Root":"ب د و"},{"Position":20,"AudioFileName":"011_027_020.mp3","TajweedImageFilePath":"11/27/20.png","Text":"ٱلرَّأْىِ","Translation":"immature in opinion","Transliteration":"l-rayi","Root":"ر أ ي"},{"Position":21,"AudioFileName":"011_027_021.mp3","TajweedImageFilePath":"11/27/21.png","Text":"وَمَا","Translation":"And not","Transliteration":"wamā","Root":"م ا"},{"Position":22,"AudioFileName":"011_027_022.mp3","TajweedImageFilePath":"11/27/22.png","Text":"نَرَىٰ","Translation":"we see","Transliteration":"narā","Root":"ر أ ي"},{"Position":23,"AudioFileName":"011_027_023.mp3","TajweedImageFilePath":"11/27/23.png","Text":"لَكُمْ","Translation":"in you","Transliteration":"lakum","Root":"ل"},{"Position":24,"AudioFileName":"011_027_024.mp3","TajweedImageFilePath":"11/27/24.png","Text":"عَلَيْنَا","Translation":"over us","Transliteration":"ʿalaynā","Root":"ع ل ى"},{"Position":25,"AudioFileName":"011_027_025.mp3","TajweedImageFilePath":"11/27/25.png","Text":"مِن","Translation":"any","Transliteration":"min","Root":"م ن"},{"Position":26,"AudioFileName":"011_027_026.mp3","TajweedImageFilePath":"11/27/26.png","Text":"فَضْلٍۭ","Translation":"merit","Transliteration":"faḍlin","Root":"ف ض ل"},{"Position":27,"AudioFileName":"011_027_027.mp3","TajweedImageFilePath":"11/27/27.png","Text":"بَلْ","Translation":"nay","Transliteration":"bal","Root":"ب ل"},{"Position":28,"AudioFileName":"011_027_028.mp3","TajweedImageFilePath":"11/27/28.png","Text":"نَظُنُّكُمْ","Translation":"we think you","Transliteration":"naẓunnukum","Root":"ظ ن ن"},{"Position":29,"AudioFileName":"011_027_029.mp3","TajweedImageFilePath":"11/27/29.png","Text":"كَـٰذِبِينَ","Translation":"(are) liars","Transliteration":"kādhibīna","Root":"ك ذ ب"},{"Position":30,"AudioFileName":null,"TajweedImageFilePath":"27.png","Text":"٢٧","Translation":"(27)","Transliteration":null,"Root":null}],"PageNumber":224,"JuzNumber":12,"ManzilNumber":3,"RukuNumber":185,"MaqraNumber":90,"HizbNumber":23,"HizbDecimal":0.25,"HasSajda":false},{"SurahNumber":11,"SurahIndex":"011","VerseNumber":28,"ShowSurahName":false,"ShowBismillah":false,"Words":[{"Position":1,"AudioFileName":"011_028_001.mp3","TajweedImageFilePath":"11/28/1.png","Text":"قَالَ","Translation":"He said","Transliteration":"qāla","Root":"ق و ل"},{"Position":2,"AudioFileName":"011_028_002.mp3","TajweedImageFilePath":"11/28/2.png","Text":"يَـٰقَوْمِ","Translation":"O my people","Transliteration":"yāqawmi","Root":"ق و م"},{"Position":3,"AudioFileName":"011_028_003.mp3","TajweedImageFilePath":"11/28/3.png","Text":"أَرَءَيْتُمْ","Translation":"Do you see","Transliteration":"ara-aytum","Root":"ر أ ي"},{"Position":4,"AudioFileName":"011_028_004.mp3","TajweedImageFilePath":"11/28/4.png","Text":"إِن","Translation":"if","Transliteration":"in","Root":"ا ن"},{"Position":5,"AudioFileName":"011_028_005.mp3","TajweedImageFilePath":"11/28/5.png","Text":"كُنتُ","Translation":"I was","Transliteration":"kuntu","Root":"ك و ن"},{"Position":6,"AudioFileName":"011_028_006.mp3","TajweedImageFilePath":"11/28/6.png","Text":"عَلَىٰ","Translation":"on","Transliteration":"ʿalā","Root":"ع ل ى"},{"Position":7,"AudioFileName":"011_028_007.mp3","TajweedImageFilePath":"11/28/7.png","Text":"بَيِّنَةٍۢ","Translation":"(the) clear proof","Transliteration":"bayyinatin","Root":"ب ي ن"},{"Position":8,"AudioFileName":"011_028_008.mp3","TajweedImageFilePath":"11/28/8.png","Text":"مِّن","Translation":"from","Transliteration":"min","Root":"م ن"},{"Position":9,"AudioFileName":"011_028_009.mp3","TajweedImageFilePath":"11/28/9.png","Text":"رَّبِّى","Translation":"my Lord","Transliteration":"rabbī","Root":"ر ب ب"},{"Position":10,"AudioFileName":"011_028_010.mp3","TajweedImageFilePath":"11/28/10.png","Text":"وَءَاتَىٰنِى","Translation":"while He has given me","Transliteration":"waātānī","Root":"أ ت ي"},{"Position":11,"AudioFileName":"011_028_011.mp3","TajweedImageFilePath":"11/28/11.png","Text":"رَحْمَةًۭ","Translation":"mercy","Transliteration":"raḥmatan","Root":"ر ح م"},{"Position":12,"AudioFileName":"011_028_012.mp3","TajweedImageFilePath":"11/28/12.png","Text":"مِّنْ","Translation":"from","Transliteration":"min","Root":"م ن"},{"Position":13,"AudioFileName":"011_028_013.mp3","TajweedImageFilePath":"11/28/13.png","Text":"عِندِهِۦ","Translation":"Himself","Transliteration":"ʿindihi","Root":"ع ن د"},{"Position":14,"AudioFileName":"011_028_014.mp3","TajweedImageFilePath":"11/28/14.png","Text":"فَعُمِّيَتْ","Translation":"but (it) has been obscured","Transliteration":"faʿummiyat","Root":"ع م ي"},{"Position":15,"AudioFileName":"011_028_015.mp3","TajweedImageFilePath":"11/28/15.png","Text":"عَلَيْكُمْ","Translation":"from you","Transliteration":"ʿalaykum","Root":"ع ل ى"},{"Position":16,"AudioFileName":"011_028_016.mp3","TajweedImageFilePath":"11/28/16.png","Text":"أَنُلْزِمُكُمُوهَا","Translation":"should We compel you (to accept) it","Transliteration":"anul'zimukumūhā","Root":"ل ز م"},{"Position":17,"AudioFileName":"011_028_017.mp3","TajweedImageFilePath":"11/28/17.png","Text":"وَأَنتُمْ","Translation":"while you (are)","Transliteration":"wa-antum","Root":"ا ن ت م"},{"Position":18,"AudioFileName":"011_028_018.mp3","TajweedImageFilePath":"11/28/18.png","Text":"لَهَا","Translation":"averse to it","Transliteration":"lahā","Root":"ل"},{"Position":19,"AudioFileName":"011_028_019.mp3","TajweedImageFilePath":"11/28/19.png","Text":"كَـٰرِهُونَ","Translation":"averse to it","Transliteration":"kārihūna","Root":"ك ر ه"},{"Position":20,"AudioFileName":null,"TajweedImageFilePath":"28.png","Text":"٢٨","Translation":"(28)","Transliteration":null,"Root":null}],"PageNumber":224,"JuzNumber":12,"ManzilNumber":3,"RukuNumber":185,"MaqraNumber":90,"HizbNumber":23,"HizbDecimal":0.25,"HasSajda":false},{"SurahNumber":11,"SurahIndex":"011","VerseNumber":29,"ShowSurahName":false,"ShowBismillah":false,"Words":[{"Position":1,"AudioFileName":"011_029_001.mp3","TajweedImageFilePath":"11/29/1.png","Text":"وَيَـٰقَوْمِ","Translation":"And O my people","Transliteration":"wayāqawmi","Root":"ق و م"},{"Position":2,"AudioFileName":"011_029_002.mp3","TajweedImageFilePath":"11/29/2.png","Text":"لَآ","Translation":"not","Transliteration":"lā","Root":"ل ا"},{"Position":3,"AudioFileName":"011_029_003.mp3","TajweedImageFilePath":"11/29/3.png","Text":"أَسْـَٔلُكُمْ","Translation":"I ask (of) you","Transliteration":"asalukum","Root":"س أ ل"},{"Position":4,"AudioFileName":"011_029_004.mp3","TajweedImageFilePath":"11/29/4.png","Text":"عَلَيْهِ","Translation":"for it","Transliteration":"ʿalayhi","Root":"ع ل ى"},{"Position":5,"AudioFileName":"011_029_005.mp3","TajweedImageFilePath":"11/29/5.png","Text":"مَالًا ۖ","Translation":"any wealth","Transliteration":"mālan","Root":"م و ل"},{"Position":6,"AudioFileName":"011_029_006.mp3","TajweedImageFilePath":"11/29/6.png","Text":"إِنْ","Translation":"Not","Transliteration":"in","Root":"ا ن"},{"Position":7,"AudioFileName":"011_029_007.mp3","TajweedImageFilePath":"11/29/7.png","Text":"أَجْرِىَ","Translation":"(is) my reward","Transliteration":"ajriya","Root":"أ ج ر"},{"Position":8,"AudioFileName":"011_029_008.mp3","TajweedImageFilePath":"11/29/8.png","Text":"إِلَّا","Translation":"except","Transliteration":"illā","Root":"إِلَّا"},{"Position":9,"AudioFileName":"011_029_009.mp3","TajweedImageFilePath":"11/29/9.png","Text":"عَلَى","Translation":"from","Transliteration":"ʿalā","Root":"ع ل ى"},{"Position":10,"AudioFileName":"011_029_010.mp3","TajweedImageFilePath":"11/29/10.png","Text":"ٱللَّهِ ۚ","Translation":"Allah","Transliteration":"l-lahi","Root":"أ ل ه"},{"Position":11,"AudioFileName":"011_029_011.mp3","TajweedImageFilePath":"11/29/11.png","Text":"وَمَآ","Translation":"And not","Transliteration":"wamā","Root":"م ا"},{"Position":12,"AudioFileName":"011_029_012.mp3","TajweedImageFilePath":"11/29/12.png","Text":"أَنَا۠","Translation":"I am","Transliteration":"anā","Root":"ا ن ا"},{"Position":13,"AudioFileName":"011_029_013.mp3","TajweedImageFilePath":"11/29/13.png","Text":"بِطَارِدِ","Translation":"going to drive away","Transliteration":"biṭāridi","Root":"ط ر د"},{"Position":14,"AudioFileName":"011_029_014.mp3","TajweedImageFilePath":"11/29/14.png","Text":"ٱلَّذِينَ","Translation":"those who","Transliteration":"alladhīna","Root":"ٱلَّذِى"},{"Position":15,"AudioFileName":"011_029_015.mp3","TajweedImageFilePath":"11/29/15.png","Text":"ءَامَنُوٓا۟ ۚ","Translation":"believed","Transliteration":"āmanū","Root":"أ م ن"},{"Position":16,"AudioFileName":"011_029_016.mp3","TajweedImageFilePath":"11/29/16.png","Text":"إِنَّهُم","Translation":"Indeed, they","Transliteration":"innahum","Root":"ا ن ن"},{"Position":17,"AudioFileName":"011_029_017.mp3","TajweedImageFilePath":"11/29/17.png","Text":"مُّلَـٰقُوا۟","Translation":"(will) be meeting","Transliteration":"mulāqū","Root":"ل ق ي"},{"Position":18,"AudioFileName":"011_029_018.mp3","TajweedImageFilePath":"11/29/18.png","Text":"رَبِّهِمْ","Translation":"their Lord","Transliteration":"rabbihim","Root":"ر ب ب"},{"Position":19,"AudioFileName":"011_029_019.mp3","TajweedImageFilePath":"11/29/19.png","Text":"وَلَـٰكِنِّىٓ","Translation":"but I","Transliteration":"walākinnī","Root":"ل ك ن"},{"Position":20,"AudioFileName":"011_029_020.mp3","TajweedImageFilePath":"11/29/20.png","Text":"أَرَىٰكُمْ","Translation":"see you","Transliteration":"arākum","Root":"ر أ ي"},{"Position":21,"AudioFileName":"011_029_021.mp3","TajweedImageFilePath":"11/29/21.png","Text":"قَوْمًۭا","Translation":"(are) a people","Transliteration":"qawman","Root":"ق و م"},{"Position":22,"AudioFileName":"011_029_022.mp3","TajweedImageFilePath":"11/29/22.png","Text":"تَجْهَلُونَ","Translation":"ignorant","Transliteration":"tajhalūna","Root":"ج ه ل"},{"Position":23,"AudioFileName":null,"TajweedImageFilePath":"29.png","Text":"٢٩","Translation":"(29)","Transliteration":null,"Root":null}],"PageNumber":225,"JuzNumber":12,"ManzilNumber":3,"RukuNumber":185,"MaqraNumber":90,"HizbNumber":23,"HizbDecimal":0.25,"HasSajda":false},{"SurahNumber":11,"SurahIndex":"011","VerseNumber":30,"ShowSurahName":false,"ShowBismillah":false,"Words":[{"Position":1,"AudioFileName":"011_030_001.mp3","TajweedImageFilePath":"11/30/1.png","Text":"وَيَـٰقَوْمِ","Translation":"And O my people","Transliteration":"wayāqawmi","Root":"ق و م"},{"Position":2,"AudioFileName":"011_030_002.mp3","TajweedImageFilePath":"11/30/2.png","Text":"مَن","Translation":"Who","Transliteration":"man","Root":"م ن"},{"Position":3,"AudioFileName":"011_030_003.mp3","TajweedImageFilePath":"11/30/3.png","Text":"يَنصُرُنِى","Translation":"would help me","Transliteration":"yanṣurunī","Root":"ن ص ر"},{"Position":4,"AudioFileName":"011_030_004.mp3","TajweedImageFilePath":"11/30/4.png","Text":"مِنَ","Translation":"against","Transliteration":"mina","Root":"م ن"},{"Position":5,"AudioFileName":"011_030_005.mp3","TajweedImageFilePath":"11/30/5.png","Text":"ٱللَّهِ","Translation":"Allah","Transliteration":"l-lahi","Root":"أ ل ه"},{"Position":6,"AudioFileName":"011_030_006.mp3","TajweedImageFilePath":"11/30/6.png","Text":"إِن","Translation":"if","Transliteration":"in","Root":"ا ن"},{"Position":7,"AudioFileName":"011_030_007.mp3","TajweedImageFilePath":"11/30/7.png","Text":"طَرَدتُّهُمْ ۚ","Translation":"I drove them away","Transliteration":"ṭaradttuhum","Root":"ط ر د"},{"Position":8,"AudioFileName":"011_030_008.mp3","TajweedImageFilePath":"11/30/8.png","Text":"أَفَلَا","Translation":"Then, will not","Transliteration":"afalā","Root":"ل ا"},{"Position":9,"AudioFileName":"011_030_009.mp3","TajweedImageFilePath":"11/30/9.png","Text":"تَذَكَّرُونَ","Translation":"you take heed","Transliteration":"tadhakkarūna","Root":"ذ ك ر"},{"Position":10,"AudioFileName":null,"TajweedImageFilePath":"30.png","Text":"٣٠","Translation":"(30)","Transliteration":null,"Root":null}],"PageNumber":225,"JuzNumber":12,"ManzilNumber":3,"RukuNumber":185,"MaqraNumber":90,"HizbNumber":23,"HizbDecimal":0.25,"HasSajda":false},{"SurahNumber":11,"SurahIndex":"011","VerseNumber":31,"ShowSurahName":false,"ShowBismillah":false,"Words":[{"Position":1,"AudioFileName":"011_031_001.mp3","TajweedImageFilePath":"11/31/1.png","Text":"وَلَآ","Translation":"And not","Transliteration":"walā","Root":"ل ا"},{"Position":2,"AudioFileName":"011_031_002.mp3","TajweedImageFilePath":"11/31/2.png","Text":"أَقُولُ","Translation":"I say","Transliteration":"aqūlu","Root":"ق و ل"},{"Position":3,"AudioFileName":"011_031_003.mp3","TajweedImageFilePath":"11/31/3.png","Text":"لَكُمْ","Translation":"to you","Transliteration":"lakum","Root":"ل"},{"Position":4,"AudioFileName":"011_031_004.mp3","TajweedImageFilePath":"11/31/4.png","Text":"عِندِى","Translation":"(that) with me","Transliteration":"ʿindī","Root":"ع ن د"},{"Position":5,"AudioFileName":"011_031_005.mp3","TajweedImageFilePath":"11/31/5.png","Text":"خَزَآئِنُ","Translation":"(are the) treasures","Transliteration":"khazāinu","Root":"خ ز ن"},{"Position":6,"AudioFileName":"011_031_006.mp3","TajweedImageFilePath":"11/31/6.png","Text":"ٱللَّهِ","Translation":"(of) Allah","Transliteration":"l-lahi","Root":"أ ل ه"},{"Position":7,"AudioFileName":"011_031_007.mp3","TajweedImageFilePath":"11/31/7.png","Text":"وَلَآ","Translation":"and not","Transliteration":"walā","Root":"ل ا"},{"Position":8,"AudioFileName":"011_031_008.mp3","TajweedImageFilePath":"11/31/8.png","Text":"أَعْلَمُ","Translation":"I know","Transliteration":"aʿlamu","Root":"ع ل م"},{"Position":9,"AudioFileName":"011_031_009.mp3","TajweedImageFilePath":"11/31/9.png","Text":"ٱلْغَيْبَ","Translation":"the unseen","Transliteration":"l-ghayba","Root":"غ ي ب"},{"Position":10,"AudioFileName":"011_031_010.mp3","TajweedImageFilePath":"11/31/10.png","Text":"وَلَآ","Translation":"and not","Transliteration":"walā","Root":"ل ا"},{"Position":11,"AudioFileName":"011_031_011.mp3","TajweedImageFilePath":"11/31/11.png","Text":"أَقُولُ","Translation":"I say","Transliteration":"aqūlu","Root":"ق و ل"},{"Position":12,"AudioFileName":"011_031_012.mp3","TajweedImageFilePath":"11/31/12.png","Text":"إِنِّى","Translation":"that I am","Transliteration":"innī","Root":"ا ن ن"},{"Position":13,"AudioFileName":"011_031_013.mp3","TajweedImageFilePath":"11/31/13.png","Text":"مَلَكٌۭ","Translation":"an Angel","Transliteration":"malakun","Root":"م ل ك"},{"Position":14,"AudioFileName":"011_031_014.mp3","TajweedImageFilePath":"11/31/14.png","Text":"وَلَآ","Translation":"and not","Transliteration":"walā","Root":"ل ا"},{"Position":15,"AudioFileName":"011_031_015.mp3","TajweedImageFilePath":"11/31/15.png","Text":"أَقُولُ","Translation":"I say","Transliteration":"aqūlu","Root":"ق و ل"},{"Position":16,"AudioFileName":"011_031_016.mp3","TajweedImageFilePath":"11/31/16.png","Text":"لِلَّذِينَ","Translation":"for those whom","Transliteration":"lilladhīna","Root":"ٱلَّذِى"},{"Position":17,"AudioFileName":"011_031_017.mp3","TajweedImageFilePath":"11/31/17.png","Text":"تَزْدَرِىٓ","Translation":"look down upon","Transliteration":"tazdarī","Root":"ز ر ي"},{"Position":18,"AudioFileName":"011_031_018.mp3","TajweedImageFilePath":"11/31/18.png","Text":"أَعْيُنُكُمْ","Translation":"your eyes","Transliteration":"aʿyunukum","Root":"ع ي ن"},{"Position":19,"AudioFileName":"011_031_019.mp3","TajweedImageFilePath":"11/31/19.png","Text":"لَن","Translation":"never","Transliteration":"lan","Root":"ل ن"},{"Position":20,"AudioFileName":"011_031_020.mp3","TajweedImageFilePath":"11/31/20.png","Text":"يُؤْتِيَهُمُ","Translation":"will Allah give them","Transliteration":"yu'tiyahumu","Root":"أ ت ي"},{"Position":21,"AudioFileName":"011_031_021.mp3","TajweedImageFilePath":"11/31/21.png","Text":"ٱللَّهُ","Translation":"will Allah give them","Transliteration":"l-lahu","Root":"أ ل ه"},{"Position":22,"AudioFileName":"011_031_022.mp3","TajweedImageFilePath":"11/31/22.png","Text":"خَيْرًا ۖ","Translation":"any good","Transliteration":"khayran","Root":"خ ي ر"},{"Position":23,"AudioFileName":"011_031_023.mp3","TajweedImageFilePath":"11/31/23.png","Text":"ٱللَّهُ","Translation":"Allah","Transliteration":"l-lahu","Root":"أ ل ه"},{"Position":24,"AudioFileName":"011_031_024.mp3","TajweedImageFilePath":"11/31/24.png","Text":"أَعْلَمُ","Translation":"knows best","Transliteration":"aʿlamu","Root":"ع ل م"},{"Position":25,"AudioFileName":"011_031_025.mp3","TajweedImageFilePath":"11/31/25.png","Text":"بِمَا","Translation":"what","Transliteration":"bimā","Root":"ب م ا"},{"Position":26,"AudioFileName":"011_031_026.mp3","TajweedImageFilePath":"11/31/26.png","Text":"فِىٓ","Translation":"(is) in","Transliteration":"fī","Root":"ف ى"},{"Position":27,"AudioFileName":"011_031_027.mp3","TajweedImageFilePath":"11/31/27.png","Text":"أَنفُسِهِمْ  ۖ","Translation":"their souls","Transliteration":"anfusihim","Root":"ن ف س"},{"Position":28,"AudioFileName":"011_031_028.mp3","TajweedImageFilePath":"11/31/28.png","Text":"إِنِّىٓ","Translation":"Indeed, I","Transliteration":"innī","Root":"ا ن ن"},{"Position":29,"AudioFileName":"011_031_029.mp3","TajweedImageFilePath":"11/31/29.png","Text":"إِذًۭا","Translation":"then","Transliteration":"idhan","Root":"إِذًا"},{"Position":30,"AudioFileName":"011_031_030.mp3","TajweedImageFilePath":"11/31/30.png","Text":"لَّمِنَ","Translation":"(will be) surely of","Transliteration":"lamina","Root":"م ن"},{"Position":31,"AudioFileName":"011_031_031.mp3","TajweedImageFilePath":"11/31/31.png","Text":"ٱلظَّـٰلِمِينَ","Translation":"the wrongdoers","Transliteration":"l-ẓālimīna","Root":"ظ ل م"},{"Position":32,"AudioFileName":null,"TajweedImageFilePath":"31.png","Text":"٣١","Translation":"(31)","Transliteration":null,"Root":null}],"PageNumber":225,"JuzNumber":12,"ManzilNumber":3,"RukuNumber":185,"MaqraNumber":90,"HizbNumber":23,"HizbDecimal":0.25,"HasSajda":false},{"SurahNumber":11,"SurahIndex":"011","VerseNumber":32,"ShowSurahName":false,"ShowBismillah":false,"Words":[{"Position":1,"AudioFileName":"011_032_001.mp3","TajweedImageFilePath":"11/32/1.png","Text":"قَالُوا۟","Translation":"They said","Transliteration":"qālū","Root":"ق و ل"},{"Position":2,"AudioFileName":"011_032_002.mp3","TajweedImageFilePath":"11/32/2.png","Text":"يَـٰنُوحُ","Translation":"O Nuh","Transliteration":"yānūḥu","Root":"ن و ح"},{"Position":3,"AudioFileName":"011_032_003.mp3","TajweedImageFilePath":"11/32/3.png","Text":"قَدْ","Translation":"Indeed","Transliteration":"qad","Root":"ق د"},{"Position":4,"AudioFileName":"011_032_004.mp3","TajweedImageFilePath":"11/32/4.png","Text":"جَـٰدَلْتَنَا","Translation":"you disputed with us","Transliteration":"jādaltanā","Root":"ج د ل"},{"Position":5,"AudioFileName":"011_032_005.mp3","TajweedImageFilePath":"11/32/5.png","Text":"فَأَكْثَرْتَ","Translation":"and you (have been) frequent","Transliteration":"fa-aktharta","Root":"ك ث ر"},{"Position":6,"AudioFileName":"011_032_006.mp3","TajweedImageFilePath":"11/32/6.png","Text":"جِدَٰلَنَا","Translation":"(in) dispute with us","Transliteration":"jidālanā","Root":"ج د ل"},{"Position":7,"AudioFileName":"011_032_007.mp3","TajweedImageFilePath":"11/32/7.png","Text":"فَأْتِنَا","Translation":"So bring us","Transliteration":"fatinā","Root":"أ ت ي"},{"Position":8,"AudioFileName":"011_032_008.mp3","TajweedImageFilePath":"11/32/8.png","Text":"بِمَا","Translation":"what","Transliteration":"bimā","Root":"ب م ا"},{"Position":9,"AudioFileName":"011_032_009.mp3","TajweedImageFilePath":"11/32/9.png","Text":"تَعِدُنَآ","Translation":"you threaten us (with)","Transliteration":"taʿidunā","Root":"و ع د"},{"Position":10,"AudioFileName":"011_032_010.mp3","TajweedImageFilePath":"11/32/10.png","Text":"إِن","Translation":"if","Transliteration":"in","Root":"ا ن"},{"Position":11,"AudioFileName":"011_032_011.mp3","TajweedImageFilePath":"11/32/11.png","Text":"كُنتَ","Translation":"you are","Transliteration":"kunta","Root":"ك و ن"},{"Position":12,"AudioFileName":"011_032_012.mp3","TajweedImageFilePath":"11/32/12.png","Text":"مِنَ","Translation":"of","Transliteration":"mina","Root":"م ن"},{"Position":13,"AudioFileName":"011_032_013.mp3","TajweedImageFilePath":"11/32/13.png","Text":"ٱلصَّـٰدِقِينَ","Translation":"the truthful","Transliteration":"l-ṣādiqīna","Root":"ص د ق"},{"Position":14,"AudioFileName":null,"TajweedImageFilePath":"32.png","Text":"٣٢","Translation":"(32)","Transliteration":null,"Root":null}],"PageNumber":225,"JuzNumber":12,"ManzilNumber":3,"RukuNumber":185,"MaqraNumber":90,"HizbNumber":23,"HizbDecimal":0.25,"HasSajda":false},{"SurahNumber":11,"SurahIndex":"011","VerseNumber":33,"ShowSurahName":false,"ShowBismillah":false,"Words":[{"Position":1,"AudioFileName":"011_033_001.mp3","TajweedImageFilePath":"11/33/1.png","Text":"قَالَ","Translation":"He said","Transliteration":"qāla","Root":"ق و ل"},{"Position":2,"AudioFileName":"011_033_002.mp3","TajweedImageFilePath":"11/33/2.png","Text":"إِنَّمَا","Translation":"Only","Transliteration":"innamā","Root":"ا ن ن م ا"},{"Position":3,"AudioFileName":"011_033_003.mp3","TajweedImageFilePath":"11/33/3.png","Text":"يَأْتِيكُم","Translation":"will bring it (on) you","Transliteration":"yatīkum","Root":"أ ت ي"},{"Position":4,"AudioFileName":"011_033_004.mp3","TajweedImageFilePath":"11/33/4.png","Text":"بِهِ","Translation":"will bring it (on) you","Transliteration":"bihi","Root":"ب"},{"Position":5,"AudioFileName":"011_033_005.mp3","TajweedImageFilePath":"11/33/5.png","Text":"ٱللَّهُ","Translation":"Allah","Transliteration":"l-lahu","Root":"أ ل ه"},{"Position":6,"AudioFileName":"011_033_006.mp3","TajweedImageFilePath":"11/33/6.png","Text":"إِن","Translation":"if","Transliteration":"in","Root":"ا ن"},{"Position":7,"AudioFileName":"011_033_007.mp3","TajweedImageFilePath":"11/33/7.png","Text":"شَآءَ","Translation":"He wills","Transliteration":"shāa","Root":"ش ي أ"},{"Position":8,"AudioFileName":"011_033_008.mp3","TajweedImageFilePath":"11/33/8.png","Text":"وَمَآ","Translation":"and not","Transliteration":"wamā","Root":"م ا"},{"Position":9,"AudioFileName":"011_033_009.mp3","TajweedImageFilePath":"11/33/9.png","Text":"أَنتُم","Translation":"you (are)","Transliteration":"antum","Root":"ا ن ت م"},{"Position":10,"AudioFileName":"011_033_010.mp3","TajweedImageFilePath":"11/33/10.png","Text":"بِمُعْجِزِينَ","Translation":"one who (can) escape (it)","Transliteration":"bimuʿ'jizīna","Root":"ع ج ز"},{"Position":11,"AudioFileName":null,"TajweedImageFilePath":"33.png","Text":"٣٣","Translation":"(33)","Transliteration":null,"Root":null}],"PageNumber":225,"JuzNumber":12,"ManzilNumber":3,"RukuNumber":185,"MaqraNumber":90,"HizbNumber":23,"HizbDecimal":0.25,"HasSajda":false},{"SurahNumber":11,"SurahIndex":"011","VerseNumber":34,"ShowSurahName":false,"ShowBismillah":false,"Words":[{"Position":1,"AudioFileName":"011_034_001.mp3","TajweedImageFilePath":"11/34/1.png","Text":"وَلَا","Translation":"And (will) not","Transliteration":"walā","Root":"ل ا"},{"Position":2,"AudioFileName":"011_034_002.mp3","TajweedImageFilePath":"11/34/2.png","Text":"يَنفَعُكُمْ","Translation":"benefit you","Transliteration":"yanfaʿukum","Root":"ن ف ع"},{"Position":3,"AudioFileName":"011_034_003.mp3","TajweedImageFilePath":"11/34/3.png","Text":"نُصْحِىٓ","Translation":"my advice","Transliteration":"nuṣ'ḥī","Root":"ن ص ح"},{"Position":4,"AudioFileName":"011_034_004.mp3","TajweedImageFilePath":"11/34/4.png","Text":"إِنْ","Translation":"(even) if","Transliteration":"in","Root":"ا ن"},{"Position":5,"AudioFileName":"011_034_005.mp3","TajweedImageFilePath":"11/34/5.png","Text":"أَرَدتُّ","Translation":"I wish","Transliteration":"aradttu","Root":"ر و د"},{"Position":6,"AudioFileName":"011_034_006.mp3","TajweedImageFilePath":"11/34/6.png","Text":"أَنْ","Translation":"to","Transliteration":"an","Root":"ا ن"},{"Position":7,"AudioFileName":"011_034_007.mp3","TajweedImageFilePath":"11/34/7.png","Text":"أَنصَحَ","Translation":"[I] advise","Transliteration":"anṣaḥa","Root":"ن ص ح"},{"Position":8,"AudioFileName":"011_034_008.mp3","TajweedImageFilePath":"11/34/8.png","Text":"لَكُمْ","Translation":"[to] you","Transliteration":"lakum","Root":"ل"},{"Position":9,"AudioFileName":"011_034_009.mp3","TajweedImageFilePath":"11/34/9.png","Text":"إِن","Translation":"if","Transliteration":"in","Root":"ا ن"},{"Position":10,"AudioFileName":"011_034_010.mp3","TajweedImageFilePath":"11/34/10.png","Text":"كَانَ","Translation":"it was Allah's","Transliteration":"kāna","Root":"ك و ن"},{"Position":11,"AudioFileName":"011_034_011.mp3","TajweedImageFilePath":"11/34/11.png","Text":"ٱللَّهُ","Translation":"it was Allah's","Transliteration":"l-lahu","Root":"أ ل ه"},{"Position":12,"AudioFileName":"011_034_012.mp3","TajweedImageFilePath":"11/34/12.png","Text":"يُرِيدُ","Translation":"will","Transliteration":"yurīdu","Root":"ر و د"},{"Position":13,"AudioFileName":"011_034_013.mp3","TajweedImageFilePath":"11/34/13.png","Text":"أَن","Translation":"to","Transliteration":"an","Root":"ا ن"},{"Position":14,"AudioFileName":"011_034_014.mp3","TajweedImageFilePath":"11/34/14.png","Text":"يُغْوِيَكُمْ ۚ","Translation":"let you go astray","Transliteration":"yugh'wiyakum","Root":"غ و ي"},{"Position":15,"AudioFileName":"011_034_015.mp3","TajweedImageFilePath":"11/34/15.png","Text":"هُوَ","Translation":"He (is)","Transliteration":"huwa","Root":"ه و"},{"Position":16,"AudioFileName":"011_034_016.mp3","TajweedImageFilePath":"11/34/16.png","Text":"رَبُّكُمْ","Translation":"your Lord","Transliteration":"rabbukum","Root":"ر ب ب"},{"Position":17,"AudioFileName":"011_034_017.mp3","TajweedImageFilePath":"11/34/17.png","Text":"وَإِلَيْهِ","Translation":"and to Him","Transliteration":"wa-ilayhi","Root":"إِلَىٰ"},{"Position":18,"AudioFileName":"011_034_018.mp3","TajweedImageFilePath":"11/34/18.png","Text":"تُرْجَعُونَ","Translation":"you will be returned","Transliteration":"tur'jaʿūna","Root":"ر ج ع"},{"Position":19,"AudioFileName":null,"TajweedImageFilePath":"34.png","Text":"٣٤","Translation":"(34)","Transliteration":null,"Root":null}],"PageNumber":225,"JuzNumber":12,"ManzilNumber":3,"RukuNumber":185,"MaqraNumber":90,"HizbNumber":23,"HizbDecimal":0.25,"HasSajda":false},{"SurahNumber":11,"SurahIndex":"011","VerseNumber":35,"ShowSurahName":false,"ShowBismillah":false,"Words":[{"Position":1,"AudioFileName":"011_035_001.mp3","TajweedImageFilePath":"11/35/1.png","Text":"أَمْ","Translation":"Or","Transliteration":"am","Root":"أَم"},{"Position":2,"AudioFileName":"011_035_002.mp3","TajweedImageFilePath":"11/35/2.png","Text":"يَقُولُونَ","Translation":"(do) they say","Transliteration":"yaqūlūna","Root":"ق و ل"},{"Position":3,"AudioFileName":"011_035_003.mp3","TajweedImageFilePath":"11/35/3.png","Text":"ٱفْتَرَىٰهُ ۖ","Translation":"He has invented it","Transliteration":"if'tarāhu","Root":"ف ر ي"},{"Position":4,"AudioFileName":"011_035_004.mp3","TajweedImageFilePath":"11/35/4.png","Text":"قُلْ","Translation":"Say","Transliteration":"qul","Root":"ق و ل"},{"Position":5,"AudioFileName":"011_035_005.mp3","TajweedImageFilePath":"11/35/5.png","Text":"إِنِ","Translation":"If","Transliteration":"ini","Root":"ا ن"},{"Position":6,"AudioFileName":"011_035_006.mp3","TajweedImageFilePath":"11/35/6.png","Text":"ٱفْتَرَيْتُهُۥ","Translation":"I have invented it","Transliteration":"if'taraytuhu","Root":"ف ر ي"},{"Position":7,"AudioFileName":"011_035_007.mp3","TajweedImageFilePath":"11/35/7.png","Text":"فَعَلَىَّ","Translation":"then on me","Transliteration":"faʿalayya","Root":"ع ل ى"},{"Position":8,"AudioFileName":"011_035_008.mp3","TajweedImageFilePath":"11/35/8.png","Text":"إِجْرَامِى","Translation":"(is) my crime","Transliteration":"ij'rāmī","Root":"ج ر م"},{"Position":9,"AudioFileName":"011_035_009.mp3","TajweedImageFilePath":"11/35/9.png","Text":"وَأَنَا۠","Translation":"but I am","Transliteration":"wa-anā","Root":"ا ن ا"},{"Position":10,"AudioFileName":"011_035_010.mp3","TajweedImageFilePath":"11/35/10.png","Text":"بَرِىٓءٌۭ","Translation":"innocent","Transliteration":"barīon","Root":"ب ر أ"},{"Position":11,"AudioFileName":"011_035_011.mp3","TajweedImageFilePath":"11/35/11.png","Text":"مِّمَّا","Translation":"of what","Transliteration":"mimmā","Root":"م م ا"},{"Position":12,"AudioFileName":"011_035_012.mp3","TajweedImageFilePath":"11/35/12.png","Text":"تُجْرِمُونَ","Translation":"crimes you commit","Transliteration":"tuj'rimūna","Root":"ج ر م"},{"Position":13,"AudioFileName":null,"TajweedImageFilePath":"35.png","Text":"٣٥","Translation":"(35)","Transliteration":null,"Root":null}],"PageNumber":225,"JuzNumber":12,"ManzilNumber":3,"RukuNumber":185,"MaqraNumber":90,"HizbNumber":23,"HizbDecimal":0.25,"HasSajda":false},{"SurahNumber":11,"SurahIndex":"011","VerseNumber":36,"ShowSurahName":false,"ShowBismillah":false,"Words":[{"Position":1,"AudioFileName":"011_036_001.mp3","TajweedImageFilePath":"11/36/1.png","Text":"وَأُوحِىَ","Translation":"And it was revealed","Transliteration":"waūḥiya","Root":"و ح ي"},{"Position":2,"AudioFileName":"011_036_002.mp3","TajweedImageFilePath":"11/36/2.png","Text":"إِلَىٰ","Translation":"to","Transliteration":"ilā","Root":"إِلَىٰ"},{"Position":3,"AudioFileName":"011_036_003.mp3","TajweedImageFilePath":"11/36/3.png","Text":"نُوحٍ","Translation":"Nuh","Transliteration":"nūḥin","Root":"ن و ح"},{"Position":4,"AudioFileName":"011_036_004.mp3","TajweedImageFilePath":"11/36/4.png","Text":"أَنَّهُۥ","Translation":"That","Transliteration":"annahu","Root":"ا ن ن"},{"Position":5,"AudioFileName":"011_036_005.mp3","TajweedImageFilePath":"11/36/5.png","Text":"لَن","Translation":"will never","Transliteration":"lan","Root":"ل ن"},{"Position":6,"AudioFileName":"011_036_006.mp3","TajweedImageFilePath":"11/36/6.png","Text":"يُؤْمِنَ","Translation":"believe","Transliteration":"yu'mina","Root":"أ م ن"},{"Position":7,"AudioFileName":"011_036_007.mp3","TajweedImageFilePath":"11/36/7.png","Text":"مِن","Translation":"from","Transliteration":"min","Root":"م ن"},{"Position":8,"AudioFileName":"011_036_008.mp3","TajweedImageFilePath":"11/36/8.png","Text":"قَوْمِكَ","Translation":"your people","Transliteration":"qawmika","Root":"ق و م"},{"Position":9,"AudioFileName":"011_036_009.mp3","TajweedImageFilePath":"11/36/9.png","Text":"إِلَّا","Translation":"except","Transliteration":"illā","Root":"إِلَّا"},{"Position":10,"AudioFileName":"011_036_010.mp3","TajweedImageFilePath":"11/36/10.png","Text":"مَن","Translation":"(those) who","Transliteration":"man","Root":"م ن"},{"Position":11,"AudioFileName":"011_036_011.mp3","TajweedImageFilePath":"11/36/11.png","Text":"قَدْ","Translation":"have already","Transliteration":"qad","Root":"ق د"},{"Position":12,"AudioFileName":"011_036_012.mp3","TajweedImageFilePath":"11/36/12.png","Text":"ءَامَنَ","Translation":"believed","Transliteration":"āmana","Root":"أ م ن"},{"Position":13,"AudioFileName":"011_036_013.mp3","TajweedImageFilePath":"11/36/13.png","Text":"فَلَا","Translation":"So (do) not","Transliteration":"falā","Root":"ل ا"},{"Position":14,"AudioFileName":"011_036_014.mp3","TajweedImageFilePath":"11/36/14.png","Text":"تَبْتَئِسْ","Translation":"(be) distressed","Transliteration":"tabta-is","Root":"ب أ س"},{"Position":15,"AudioFileName":"011_036_015.mp3","TajweedImageFilePath":"11/36/15.png","Text":"بِمَا","Translation":"by what","Transliteration":"bimā","Root":"ب م ا"},{"Position":16,"AudioFileName":"011_036_016.mp3","TajweedImageFilePath":"11/36/16.png","Text":"كَانُوا۟","Translation":"they have been","Transliteration":"kānū","Root":"ك و ن"},{"Position":17,"AudioFileName":"011_036_017.mp3","TajweedImageFilePath":"11/36/17.png","Text":"يَفْعَلُونَ","Translation":"doing","Transliteration":"yafʿalūna","Root":"ف ع ل"},{"Position":18,"AudioFileName":null,"TajweedImageFilePath":"36.png","Text":"٣٦","Translation":"(36)","Transliteration":null,"Root":null}],"PageNumber":225,"JuzNumber":12,"ManzilNumber":3,"RukuNumber":186,"MaqraNumber":90,"HizbNumber":23,"HizbDecimal":0.25,"HasSajda":false},{"SurahNumber":11,"SurahIndex":"011","VerseNumber":37,"ShowSurahName":false,"ShowBismillah":false,"Words":[{"Position":1,"AudioFileName":"011_037_001.mp3","TajweedImageFilePath":"11/37/1.png","Text":"وَٱصْنَعِ","Translation":"And construct","Transliteration":"wa-iṣ'naʿi","Root":"ص ن ع"},{"Position":2,"AudioFileName":"011_037_002.mp3","TajweedImageFilePath":"11/37/2.png","Text":"ٱلْفُلْكَ","Translation":"the ship","Transliteration":"l-ful'ka","Root":"ف ل ك"},{"Position":3,"AudioFileName":"011_037_003.mp3","TajweedImageFilePath":"11/37/3.png","Text":"بِأَعْيُنِنَا","Translation":"under Our Eyes","Transliteration":"bi-aʿyuninā","Root":"ع ي ن"},{"Position":4,"AudioFileName":"011_037_004.mp3","TajweedImageFilePath":"11/37/4.png","Text":"وَوَحْيِنَا","Translation":"and Our inspiration","Transliteration":"wawaḥyinā","Root":"و ح ي"},{"Position":5,"AudioFileName":"011_037_005.mp3","TajweedImageFilePath":"11/37/5.png","Text":"وَلَا","Translation":"and (do) not","Transliteration":"walā","Root":"ل ا"},{"Position":6,"AudioFileName":"011_037_006.mp3","TajweedImageFilePath":"11/37/6.png","Text":"تُخَـٰطِبْنِى","Translation":"address Me","Transliteration":"tukhāṭib'nī","Root":"خ ط ب"},{"Position":7,"AudioFileName":"011_037_007.mp3","TajweedImageFilePath":"11/37/7.png","Text":"فِى","Translation":"concerning","Transliteration":"fī","Root":"ف ى"},{"Position":8,"AudioFileName":"011_037_008.mp3","TajweedImageFilePath":"11/37/8.png","Text":"ٱلَّذِينَ","Translation":"those who","Transliteration":"alladhīna","Root":"ٱلَّذِى"},{"Position":9,"AudioFileName":"011_037_009.mp3","TajweedImageFilePath":"11/37/9.png","Text":"ظَلَمُوٓا۟ ۚ","Translation":"wronged","Transliteration":"ẓalamū","Root":"ظ ل م"},{"Position":10,"AudioFileName":"011_037_010.mp3","TajweedImageFilePath":"11/37/10.png","Text":"إِنَّهُم","Translation":"indeed, they (are)","Transliteration":"innahum","Root":"ا ن ن"},{"Position":11,"AudioFileName":"011_037_011.mp3","TajweedImageFilePath":"11/37/11.png","Text":"مُّغْرَقُونَ","Translation":"the ones (to be) drowned","Transliteration":"mugh'raqūna","Root":"غ ر ق"},{"Position":12,"AudioFileName":null,"TajweedImageFilePath":"37.png","Text":"٣٧","Translation":"(37)","Transliteration":null,"Root":null}],"PageNumber":225,"JuzNumber":12,"ManzilNumber":3,"RukuNumber":186,"MaqraNumber":90,"HizbNumber":23,"HizbDecimal":0.25,"HasSajda":false},{"SurahNumber":11,"SurahIndex":"011","VerseNumber":38,"ShowSurahName":false,"ShowBismillah":false,"Words":[{"Position":1,"AudioFileName":"011_038_001.mp3","TajweedImageFilePath":"11/38/1.png","Text":"وَيَصْنَعُ","Translation":"And he was constructing","Transliteration":"wayaṣnaʿu","Root":"ص ن ع"},{"Position":2,"AudioFileName":"011_038_002.mp3","TajweedImageFilePath":"11/38/2.png","Text":"ٱلْفُلْكَ","Translation":"the ship","Transliteration":"l-ful'ka","Root":"ف ل ك"},{"Position":3,"AudioFileName":"011_038_003.mp3","TajweedImageFilePath":"11/38/3.png","Text":"وَكُلَّمَا","Translation":"and every time","Transliteration":"wakullamā","Root":"ك ل ل"},{"Position":4,"AudioFileName":"011_038_004.mp3","TajweedImageFilePath":"11/38/4.png","Text":"مَرَّ","Translation":"passed","Transliteration":"marra","Root":"م ر ر"},{"Position":5,"AudioFileName":"011_038_005.mp3","TajweedImageFilePath":"11/38/5.png","Text":"عَلَيْهِ","Translation":"by him","Transliteration":"ʿalayhi","Root":"ع ل ى"},{"Position":6,"AudioFileName":"011_038_006.mp3","TajweedImageFilePath":"11/38/6.png","Text":"مَلَأٌۭ","Translation":"(the) chiefs","Transliteration":"mala-on","Root":"م ل أ"},{"Position":7,"AudioFileName":"011_038_007.mp3","TajweedImageFilePath":"11/38/7.png","Text":"مِّن","Translation":"of","Transliteration":"min","Root":"م ن"},{"Position":8,"AudioFileName":"011_038_008.mp3","TajweedImageFilePath":"11/38/8.png","Text":"قَوْمِهِۦ","Translation":"his people","Transliteration":"qawmihi","Root":"ق و م"},{"Position":9,"AudioFileName":"011_038_009.mp3","TajweedImageFilePath":"11/38/9.png","Text":"سَخِرُوا۟","Translation":"they ridiculed","Transliteration":"sakhirū","Root":"س خ ر"},{"Position":10,"AudioFileName":"011_038_010.mp3","TajweedImageFilePath":"11/38/10.png","Text":"مِنْهُ ۚ","Translation":"[of] him","Transliteration":"min'hu","Root":"م ن"},{"Position":11,"AudioFileName":"011_038_011.mp3","TajweedImageFilePath":"11/38/11.png","Text":"قَالَ","Translation":"He said","Transliteration":"qāla","Root":"ق و ل"},{"Position":12,"AudioFileName":"011_038_012.mp3","TajweedImageFilePath":"11/38/12.png","Text":"إِن","Translation":"If","Transliteration":"in","Root":"ا ن"},{"Position":13,"AudioFileName":"011_038_013.mp3","TajweedImageFilePath":"11/38/13.png","Text":"تَسْخَرُوا۟","Translation":"you ridicule","Transliteration":"taskharū","Root":"س خ ر"},{"Position":14,"AudioFileName":"011_038_014.mp3","TajweedImageFilePath":"11/38/14.png","Text":"مِنَّا","Translation":"us","Transliteration":"minnā","Root":"م ن"},{"Position":15,"AudioFileName":"011_038_015.mp3","TajweedImageFilePath":"11/38/15.png","Text":"فَإِنَّا","Translation":"then we","Transliteration":"fa-innā","Root":"ا ن ن"},{"Position":16,"AudioFileName":"011_038_016.mp3","TajweedImageFilePath":"11/38/16.png","Text":"نَسْخَرُ","Translation":"can ridicule","Transliteration":"naskharu","Root":"س خ ر"},{"Position":17,"AudioFileName":"011_038_017.mp3","TajweedImageFilePath":"11/38/17.png","Text":"مِنكُمْ","Translation":"you","Transliteration":"minkum","Root":"م ن"},{"Position":18,"AudioFileName":"011_038_018.mp3","TajweedImageFilePath":"11/38/18.png","Text":"كَمَا","Translation":"as","Transliteration":"kamā","Root":"ك م ا"},{"Position":19,"AudioFileName":"011_038_019.mp3","TajweedImageFilePath":"11/38/19.png","Text":"تَسْخَرُونَ","Translation":"you ridicule","Transliteration":"taskharūna","Root":"س خ ر"},{"Position":20,"AudioFileName":null,"TajweedImageFilePath":"38.png","Text":"٣٨","Translation":"(38)","Transliteration":null,"Root":null}],"PageNumber":226,"JuzNumber":12,"ManzilNumber":3,"RukuNumber":186,"MaqraNumber":90,"HizbNumber":23,"HizbDecimal":0.25,"HasSajda":false},{"SurahNumber":11,"SurahIndex":"011","VerseNumber":39,"ShowSurahName":false,"ShowBismillah":false,"Words":[{"Position":1,"AudioFileName":"011_039_001.mp3","TajweedImageFilePath":"11/39/1.png","Text":"فَسَوْفَ","Translation":"And soon","Transliteration":"fasawfa","Root":"س و ف"},{"Position":2,"AudioFileName":"011_039_002.mp3","TajweedImageFilePath":"11/39/2.png","Text":"تَعْلَمُونَ","Translation":"you will know","Transliteration":"taʿlamūna","Root":"ع ل م"},{"Position":3,"AudioFileName":"011_039_003.mp3","TajweedImageFilePath":"11/39/3.png","Text":"مَن","Translation":"(on) whom","Transliteration":"man","Root":"م ن"},{"Position":4,"AudioFileName":"011_039_004.mp3","TajweedImageFilePath":"11/39/4.png","Text":"يَأْتِيهِ","Translation":"will come","Transliteration":"yatīhi","Root":"أ ت ي"},{"Position":5,"AudioFileName":"011_039_005.mp3","TajweedImageFilePath":"11/39/5.png","Text":"عَذَابٌۭ","Translation":"a punishment","Transliteration":"ʿadhābun","Root":"ع ذ ب"},{"Position":6,"AudioFileName":"011_039_006.mp3","TajweedImageFilePath":"11/39/6.png","Text":"يُخْزِيهِ","Translation":"(that) will disgrace him","Transliteration":"yukh'zīhi","Root":"خ ز ي"},{"Position":7,"AudioFileName":"011_039_007.mp3","TajweedImageFilePath":"11/39/7.png","Text":"وَيَحِلُّ","Translation":"and will descend","Transliteration":"wayaḥillu","Root":"ح ل ل"},{"Position":8,"AudioFileName":"011_039_008.mp3","TajweedImageFilePath":"11/39/8.png","Text":"عَلَيْهِ","Translation":"on him","Transliteration":"ʿalayhi","Root":"ع ل ى"},{"Position":9,"AudioFileName":"011_039_009.mp3","TajweedImageFilePath":"11/39/9.png","Text":"عَذَابٌۭ","Translation":"a punishment","Transliteration":"ʿadhābun","Root":"ع ذ ب"},{"Position":10,"AudioFileName":"011_039_010.mp3","TajweedImageFilePath":"11/39/10.png","Text":"مُّقِيمٌ","Translation":"lasting","Transliteration":"muqīmun","Root":"ق و م"},{"Position":11,"AudioFileName":null,"TajweedImageFilePath":"39.png","Text":"٣٩","Translation":"(39)","Transliteration":null,"Root":null}],"PageNumber":226,"JuzNumber":12,"ManzilNumber":3,"RukuNumber":186,"MaqraNumber":90,"HizbNumber":23,"HizbDecimal":0.25,"HasSajda":false},{"SurahNumber":11,"SurahIndex":"011","VerseNumber":40,"ShowSurahName":false,"ShowBismillah":false,"Words":[{"Position":1,"AudioFileName":"011_040_001.mp3","TajweedImageFilePath":"11/40/1.png","Text":"حَتَّىٰٓ","Translation":"Till","Transliteration":"ḥattā","Root":"ح ت ت ى"},{"Position":2,"AudioFileName":"011_040_002.mp3","TajweedImageFilePath":"11/40/2.png","Text":"إِذَا","Translation":"when","Transliteration":"idhā","Root":"إِذَا"},{"Position":3,"AudioFileName":"011_040_003.mp3","TajweedImageFilePath":"11/40/3.png","Text":"جَآءَ","Translation":"came","Transliteration":"jāa","Root":"ج ي أ"},{"Position":4,"AudioFileName":"011_040_004.mp3","TajweedImageFilePath":"11/40/4.png","Text":"أَمْرُنَا","Translation":"Our command","Transliteration":"amrunā","Root":"أ م ر"},{"Position":5,"AudioFileName":"011_040_005.mp3","TajweedImageFilePath":"11/40/5.png","Text":"وَفَارَ","Translation":"and overflowed","Transliteration":"wafāra","Root":"ف و ر"},{"Position":6,"AudioFileName":"011_040_006.mp3","TajweedImageFilePath":"11/40/6.png","Text":"ٱلتَّنُّورُ","Translation":"the oven","Transliteration":"l-tanūru","Root":"ت ن و ر"},{"Position":7,"AudioFileName":"011_040_007.mp3","TajweedImageFilePath":"11/40/7.png","Text":"قُلْنَا","Translation":"We said","Transliteration":"qul'nā","Root":"ق و ل"},{"Position":8,"AudioFileName":"011_040_008.mp3","TajweedImageFilePath":"11/40/8.png","Text":"ٱحْمِلْ","Translation":"Load","Transliteration":"iḥ'mil","Root":"ح م ل"},{"Position":9,"AudioFileName":"011_040_009.mp3","TajweedImageFilePath":"11/40/9.png","Text":"فِيهَا","Translation":"in it","Transliteration":"fīhā","Root":"ف ى"},{"Position":10,"AudioFileName":"011_040_010.mp3","TajweedImageFilePath":"11/40/10.png","Text":"مِن","Translation":"of","Transliteration":"min","Root":"م ن"},{"Position":11,"AudioFileName":"011_040_011.mp3","TajweedImageFilePath":"11/40/11.png","Text":"كُلٍّۢ","Translation":"every kind","Transliteration":"kullin","Root":"ك ل ل"},{"Position":12,"AudioFileName":"011_040_012.mp3","TajweedImageFilePath":"11/40/12.png","Text":"زَوْجَيْنِ","Translation":"a pair","Transliteration":"zawjayni","Root":"ز و ج"},{"Position":13,"AudioFileName":"011_040_013.mp3","TajweedImageFilePath":"11/40/13.png","Text":"ٱثْنَيْنِ","Translation":"two","Transliteration":"ith'nayni","Root":"ث ن ي"},{"Position":14,"AudioFileName":"011_040_014.mp3","TajweedImageFilePath":"11/40/14.png","Text":"وَأَهْلَكَ","Translation":"and your family","Transliteration":"wa-ahlaka","Root":"أ ه ل"},{"Position":15,"AudioFileName":"011_040_015.mp3","TajweedImageFilePath":"11/40/15.png","Text":"إِلَّا","Translation":"except","Transliteration":"illā","Root":"إِلَّا"},{"Position":16,"AudioFileName":"011_040_016.mp3","TajweedImageFilePath":"11/40/16.png","Text":"مَن","Translation":"who","Transliteration":"man","Root":"م ن"},{"Position":17,"AudioFileName":"011_040_017.mp3","TajweedImageFilePath":"11/40/17.png","Text":"سَبَقَ","Translation":"has preceded","Transliteration":"sabaqa","Root":"س ب ق"},{"Position":18,"AudioFileName":"011_040_018.mp3","TajweedImageFilePath":"11/40/18.png","Text":"عَلَيْهِ","Translation":"against him","Transliteration":"ʿalayhi","Root":"ع ل ى"},{"Position":19,"AudioFileName":"011_040_019.mp3","TajweedImageFilePath":"11/40/19.png","Text":"ٱلْقَوْلُ","Translation":"the word","Transliteration":"l-qawlu","Root":"ق و ل"},{"Position":20,"AudioFileName":"011_040_020.mp3","TajweedImageFilePath":"11/40/20.png","Text":"وَمَنْ","Translation":"and whoever","Transliteration":"waman","Root":"م ن"},{"Position":21,"AudioFileName":"011_040_021.mp3","TajweedImageFilePath":"11/40/21.png","Text":"ءَامَنَ ۚ","Translation":"believed","Transliteration":"āmana","Root":"أ م ن"},{"Position":22,"AudioFileName":"011_040_022.mp3","TajweedImageFilePath":"11/40/22.png","Text":"وَمَآ","Translation":"And not","Transliteration":"wamā","Root":"م ا"},{"Position":23,"AudioFileName":"011_040_023.mp3","TajweedImageFilePath":"11/40/23.png","Text":"ءَامَنَ","Translation":"believed","Transliteration":"āmana","Root":"أ م ن"},{"Position":24,"AudioFileName":"011_040_024.mp3","TajweedImageFilePath":"11/40/24.png","Text":"مَعَهُۥٓ","Translation":"with him","Transliteration":"maʿahu","Root":"م ع"},{"Position":25,"AudioFileName":"011_040_025.mp3","TajweedImageFilePath":"11/40/25.png","Text":"إِلَّا","Translation":"except","Transliteration":"illā","Root":"إِلَّا"},{"Position":26,"AudioFileName":"011_040_026.mp3","TajweedImageFilePath":"11/40/26.png","Text":"قَلِيلٌۭ","Translation":"a few","Transliteration":"qalīlun","Root":"ق ل ل"},{"Position":27,"AudioFileName":null,"TajweedImageFilePath":"40.png","Text":"٤٠","Translation":"(40)","Transliteration":null,"Root":null}],"PageNumber":226,"JuzNumber":12,"ManzilNumber":3,"RukuNumber":186,"MaqraNumber":90,"HizbNumber":23,"HizbDecimal":0.25,"HasSajda":false}]}