{"MaqraNumber":16,"Verses":[{"SurahNumber":2,"SurahIndex":"002","VerseNumber":243,"ShowSurahName":false,"ShowBismillah":false,"Words":[{"Position":1,"AudioFileName":"002_243_001.mp3","TajweedImageFilePath":"2/243/1.png","Text":"۞ أَلَمْ","Translation":"Did not","Transliteration":"alam"},{"Position":2,"AudioFileName":"002_243_002.mp3","TajweedImageFilePath":"2/243/2.png","Text":"تَرَ","Translation":"you see","Transliteration":"tara"},{"Position":3,"AudioFileName":"002_243_003.mp3","TajweedImageFilePath":"2/243/3.png","Text":"إِلَى","Translation":"[to]","Transliteration":"ilā"},{"Position":4,"AudioFileName":"002_243_004.mp3","TajweedImageFilePath":"2/243/4.png","Text":"ٱلَّذِينَ","Translation":"those who","Transliteration":"alladhīna"},{"Position":5,"AudioFileName":"002_243_005.mp3","TajweedImageFilePath":"2/243/5.png","Text":"خَرَجُوا۟","Translation":"went out","Transliteration":"kharajū"},{"Position":6,"AudioFileName":"002_243_006.mp3","TajweedImageFilePath":"2/243/6.png","Text":"مِن","Translation":"from","Transliteration":"min"},{"Position":7,"AudioFileName":"002_243_007.mp3","TajweedImageFilePath":"2/243/7.png","Text":"دِيَـٰرِهِمْ","Translation":"their homes","Transliteration":"diyārihim"},{"Position":8,"AudioFileName":"002_243_008.mp3","TajweedImageFilePath":"2/243/8.png","Text":"وَهُمْ","Translation":"and they","Transliteration":"wahum"},{"Position":9,"AudioFileName":"002_243_009.mp3","TajweedImageFilePath":"2/243/9.png","Text":"أُلُوفٌ","Translation":"(were in) thousands","Transliteration":"ulūfun"},{"Position":10,"AudioFileName":"002_243_010.mp3","TajweedImageFilePath":"2/243/10.png","Text":"حَذَرَ","Translation":"(in) fear","Transliteration":"ḥadhara"},{"Position":11,"AudioFileName":"002_243_011.mp3","TajweedImageFilePath":"2/243/11.png","Text":"ٱلْمَوْتِ","Translation":"(of) [the] death","Transliteration":"l-mawti"},{"Position":12,"AudioFileName":"002_243_012.mp3","TajweedImageFilePath":"2/243/12.png","Text":"فَقَالَ","Translation":"Then said","Transliteration":"faqāla"},{"Position":13,"AudioFileName":"002_243_013.mp3","TajweedImageFilePath":"2/243/13.png","Text":"لَهُمُ","Translation":"to them","Transliteration":"lahumu"},{"Position":14,"AudioFileName":"002_243_014.mp3","TajweedImageFilePath":"2/243/14.png","Text":"ٱللَّهُ","Translation":"Allah","Transliteration":"l-lahu"},{"Position":15,"AudioFileName":"002_243_015.mp3","TajweedImageFilePath":"2/243/15.png","Text":"مُوتُوا۟","Translation":"Die","Transliteration":"mūtū"},{"Position":16,"AudioFileName":"002_243_016.mp3","TajweedImageFilePath":"2/243/16.png","Text":"ثُمَّ","Translation":"then","Transliteration":"thumma"},{"Position":17,"AudioFileName":"002_243_017.mp3","TajweedImageFilePath":"2/243/17.png","Text":"أَحْيَـٰهُمْ ۚ","Translation":"He restored them to life","Transliteration":"aḥyāhum"},{"Position":18,"AudioFileName":"002_243_018.mp3","TajweedImageFilePath":"2/243/18.png","Text":"إِنَّ","Translation":"Indeed","Transliteration":"inna"},{"Position":19,"AudioFileName":"002_243_019.mp3","TajweedImageFilePath":"2/243/19.png","Text":"ٱللَّهَ","Translation":"Allah","Transliteration":"l-laha"},{"Position":20,"AudioFileName":"002_243_020.mp3","TajweedImageFilePath":"2/243/20.png","Text":"لَذُو","Translation":"(is) surely Possessor","Transliteration":"ladhū"},{"Position":21,"AudioFileName":"002_243_021.mp3","TajweedImageFilePath":"2/243/21.png","Text":"فَضْلٍ","Translation":"(of) bounty","Transliteration":"faḍlin"},{"Position":22,"AudioFileName":"002_243_022.mp3","TajweedImageFilePath":"2/243/22.png","Text":"عَلَى","Translation":"for","Transliteration":"ʿalā"},{"Position":23,"AudioFileName":"002_243_023.mp3","TajweedImageFilePath":"2/243/23.png","Text":"ٱلنَّاسِ","Translation":"[the] mankind","Transliteration":"l-nāsi"},{"Position":24,"AudioFileName":"002_243_024.mp3","TajweedImageFilePath":"2/243/24.png","Text":"وَلَـٰكِنَّ","Translation":"[and] but","Transliteration":"walākinna"},{"Position":25,"AudioFileName":"002_243_025.mp3","TajweedImageFilePath":"2/243/25.png","Text":"أَكْثَرَ","Translation":"most","Transliteration":"akthara"},{"Position":26,"AudioFileName":"002_243_026.mp3","TajweedImageFilePath":"2/243/26.png","Text":"ٱلنَّاسِ","Translation":"(of) the people","Transliteration":"l-nāsi"},{"Position":27,"AudioFileName":"002_243_027.mp3","TajweedImageFilePath":"2/243/27.png","Text":"لَا","Translation":"(are) not","Transliteration":"lā"},{"Position":28,"AudioFileName":"002_243_028.mp3","TajweedImageFilePath":"2/243/28.png","Text":"يَشْكُرُونَ","Translation":"grateful","Transliteration":"yashkurūna"},{"Position":29,"AudioFileName":null,"TajweedImageFilePath":"243.png","Text":"٢٤٣","Translation":"(243)","Transliteration":null}],"PageNumber":39,"JuzNumber":2,"ManzilNumber":1,"RukuNumber":33,"MaqraNumber":16,"HizbNumber":4,"HizbDecimal":0.75,"HasSajda":false},{"SurahNumber":2,"SurahIndex":"002","VerseNumber":244,"ShowSurahName":false,"ShowBismillah":false,"Words":[{"Position":1,"AudioFileName":"002_244_001.mp3","TajweedImageFilePath":"2/244/1.png","Text":"وَقَـٰتِلُوا۟","Translation":"And fight","Transliteration":"waqātilū"},{"Position":2,"AudioFileName":"002_244_002.mp3","TajweedImageFilePath":"2/244/2.png","Text":"فِى","Translation":"in","Transliteration":"fī"},{"Position":3,"AudioFileName":"002_244_003.mp3","TajweedImageFilePath":"2/244/3.png","Text":"سَبِيلِ","Translation":"(the) way","Transliteration":"sabīli"},{"Position":4,"AudioFileName":"002_244_004.mp3","TajweedImageFilePath":"2/244/4.png","Text":"ٱللَّهِ","Translation":"(of) Allah","Transliteration":"l-lahi"},{"Position":5,"AudioFileName":"002_244_005.mp3","TajweedImageFilePath":"2/244/5.png","Text":"وَٱعْلَمُوٓا۟","Translation":"and know","Transliteration":"wa-iʿ'lamū"},{"Position":6,"AudioFileName":"002_244_006.mp3","TajweedImageFilePath":"2/244/6.png","Text":"أَنَّ","Translation":"that","Transliteration":"anna"},{"Position":7,"AudioFileName":"002_244_007.mp3","TajweedImageFilePath":"2/244/7.png","Text":"ٱللَّهَ","Translation":"Allah","Transliteration":"l-laha"},{"Position":8,"AudioFileName":"002_244_008.mp3","TajweedImageFilePath":"2/244/8.png","Text":"سَمِيعٌ","Translation":"(is) All-Hearing","Transliteration":"samīʿun"},{"Position":9,"AudioFileName":"002_244_009.mp3","TajweedImageFilePath":"2/244/9.png","Text":"عَلِيمٌۭ","Translation":"All-Knowing","Transliteration":"ʿalīmun"},{"Position":10,"AudioFileName":null,"TajweedImageFilePath":"244.png","Text":"٢٤٤","Translation":"(244)","Transliteration":null}],"PageNumber":39,"JuzNumber":2,"ManzilNumber":1,"RukuNumber":33,"MaqraNumber":16,"HizbNumber":4,"HizbDecimal":0.75,"HasSajda":false},{"SurahNumber":2,"SurahIndex":"002","VerseNumber":245,"ShowSurahName":false,"ShowBismillah":false,"Words":[{"Position":1,"AudioFileName":"002_245_001.mp3","TajweedImageFilePath":"2/245/1.png","Text":"مَّن","Translation":"Who","Transliteration":"man"},{"Position":2,"AudioFileName":"002_245_002.mp3","TajweedImageFilePath":"2/245/2.png","Text":"ذَا","Translation":"(is) the one","Transliteration":"dhā"},{"Position":3,"AudioFileName":"002_245_003.mp3","TajweedImageFilePath":"2/245/3.png","Text":"ٱلَّذِى","Translation":"who","Transliteration":"alladhī"},{"Position":4,"AudioFileName":"002_245_004.mp3","TajweedImageFilePath":"2/245/4.png","Text":"يُقْرِضُ","Translation":"will lend","Transliteration":"yuq'riḍu"},{"Position":5,"AudioFileName":"002_245_005.mp3","TajweedImageFilePath":"2/245/5.png","Text":"ٱللَّهَ","Translation":"(to) Allah ","Transliteration":"l-laha"},{"Position":6,"AudioFileName":"002_245_006.mp3","TajweedImageFilePath":"2/245/6.png","Text":"قَرْضًا","Translation":"a loan","Transliteration":"qarḍan"},{"Position":7,"AudioFileName":"002_245_007.mp3","TajweedImageFilePath":"2/245/7.png","Text":"حَسَنًۭا","Translation":"good","Transliteration":"ḥasanan"},{"Position":8,"AudioFileName":"002_245_008.mp3","TajweedImageFilePath":"2/245/8.png","Text":"فَيُضَـٰعِفَهُۥ","Translation":"so (that) He multiplies it","Transliteration":"fayuḍāʿifahu"},{"Position":9,"AudioFileName":"002_245_009.mp3","TajweedImageFilePath":"2/245/9.png","Text":"لَهُۥٓ","Translation":"for him ","Transliteration":"lahu"},{"Position":10,"AudioFileName":"002_245_010.mp3","TajweedImageFilePath":"2/245/10.png","Text":"أَضْعَافًۭا","Translation":"manifolds","Transliteration":"aḍʿāfan"},{"Position":11,"AudioFileName":"002_245_011.mp3","TajweedImageFilePath":"2/245/11.png","Text":"كَثِيرَةًۭ ۚ","Translation":"many","Transliteration":"kathīratan"},{"Position":12,"AudioFileName":"002_245_012.mp3","TajweedImageFilePath":"2/245/12.png","Text":"وَٱللَّهُ","Translation":"And Allah","Transliteration":"wal-lahu"},{"Position":13,"AudioFileName":"002_245_013.mp3","TajweedImageFilePath":"2/245/13.png","Text":"يَقْبِضُ","Translation":"withholds","Transliteration":"yaqbiḍu"},{"Position":14,"AudioFileName":"002_245_014.mp3","TajweedImageFilePath":"2/245/14.png","Text":"وَيَبْصُۜطُ","Translation":"and grants abundance","Transliteration":"wayabṣuṭu"},{"Position":15,"AudioFileName":"002_245_015.mp3","TajweedImageFilePath":"2/245/15.png","Text":"وَإِلَيْهِ","Translation":"and to Him","Transliteration":"wa-ilayhi"},{"Position":16,"AudioFileName":"002_245_016.mp3","TajweedImageFilePath":"2/245/16.png","Text":"تُرْجَعُونَ","Translation":"you will be returned","Transliteration":"tur'jaʿūna"},{"Position":17,"AudioFileName":null,"TajweedImageFilePath":"245.png","Text":"٢٤٥","Translation":"(245)","Transliteration":null}],"PageNumber":39,"JuzNumber":2,"ManzilNumber":1,"RukuNumber":33,"MaqraNumber":16,"HizbNumber":4,"HizbDecimal":0.75,"HasSajda":false},{"SurahNumber":2,"SurahIndex":"002","VerseNumber":246,"ShowSurahName":false,"ShowBismillah":false,"Words":[{"Position":1,"AudioFileName":"002_246_001.mp3","TajweedImageFilePath":"2/246/1.png","Text":"أَلَمْ","Translation":"Did not","Transliteration":"alam"},{"Position":2,"AudioFileName":"002_246_002.mp3","TajweedImageFilePath":"2/246/2.png","Text":"تَرَ","Translation":"you see","Transliteration":"tara"},{"Position":3,"AudioFileName":"002_246_003.mp3","TajweedImageFilePath":"2/246/3.png","Text":"إِلَى","Translation":"[towards]","Transliteration":"ilā"},{"Position":4,"AudioFileName":"002_246_004.mp3","TajweedImageFilePath":"2/246/4.png","Text":"ٱلْمَلَإِ","Translation":"the chiefs","Transliteration":"l-mala-i"},{"Position":5,"AudioFileName":"002_246_005.mp3","TajweedImageFilePath":"2/246/5.png","Text":"مِنۢ","Translation":"of","Transliteration":"min"},{"Position":6,"AudioFileName":"002_246_006.mp3","TajweedImageFilePath":"2/246/6.png","Text":"بَنِىٓ","Translation":"(the) Children","Transliteration":"banī"},{"Position":7,"AudioFileName":"002_246_007.mp3","TajweedImageFilePath":"2/246/7.png","Text":"إِسْرَٰٓءِيلَ","Translation":"(of) Israel","Transliteration":"is'rāīla"},{"Position":8,"AudioFileName":"002_246_008.mp3","TajweedImageFilePath":"2/246/8.png","Text":"مِنۢ","Translation":"from","Transliteration":"min"},{"Position":9,"AudioFileName":"002_246_009.mp3","TajweedImageFilePath":"2/246/9.png","Text":"بَعْدِ","Translation":"after","Transliteration":"baʿdi"},{"Position":10,"AudioFileName":"002_246_010.mp3","TajweedImageFilePath":"2/246/10.png","Text":"مُوسَىٰٓ","Translation":"Musa","Transliteration":"mūsā"},{"Position":11,"AudioFileName":"002_246_011.mp3","TajweedImageFilePath":"2/246/11.png","Text":"إِذْ","Translation":"when","Transliteration":"idh"},{"Position":12,"AudioFileName":"002_246_012.mp3","TajweedImageFilePath":"2/246/12.png","Text":"قَالُوا۟","Translation":"they said","Transliteration":"qālū"},{"Position":13,"AudioFileName":"002_246_013.mp3","TajweedImageFilePath":"2/246/13.png","Text":"لِنَبِىٍّۢ","Translation":"to a Prophet","Transliteration":"linabiyyin"},{"Position":14,"AudioFileName":"002_246_014.mp3","TajweedImageFilePath":"2/246/14.png","Text":"لَّهُمُ","Translation":"of theirs","Transliteration":"lahumu"},{"Position":15,"AudioFileName":"002_246_015.mp3","TajweedImageFilePath":"2/246/15.png","Text":"ٱبْعَثْ","Translation":"Appoint","Transliteration":"ib'ʿath"},{"Position":16,"AudioFileName":"002_246_016.mp3","TajweedImageFilePath":"2/246/16.png","Text":"لَنَا","Translation":"for us","Transliteration":"lanā"},{"Position":17,"AudioFileName":"002_246_017.mp3","TajweedImageFilePath":"2/246/17.png","Text":"مَلِكًۭا","Translation":"a king","Transliteration":"malikan"},{"Position":18,"AudioFileName":"002_246_018.mp3","TajweedImageFilePath":"2/246/18.png","Text":"نُّقَـٰتِلْ","Translation":"we may fight","Transliteration":"nuqātil"},{"Position":19,"AudioFileName":"002_246_019.mp3","TajweedImageFilePath":"2/246/19.png","Text":"فِى","Translation":"in","Transliteration":"fī"},{"Position":20,"AudioFileName":"002_246_020.mp3","TajweedImageFilePath":"2/246/20.png","Text":"سَبِيلِ","Translation":"(the) way","Transliteration":"sabīli"},{"Position":21,"AudioFileName":"002_246_021.mp3","TajweedImageFilePath":"2/246/21.png","Text":"ٱللَّهِ ۖ","Translation":"(of) Allah","Transliteration":"l-lahi"},{"Position":22,"AudioFileName":"002_246_022.mp3","TajweedImageFilePath":"2/246/22.png","Text":"قَالَ","Translation":"He said","Transliteration":"qāla"},{"Position":23,"AudioFileName":"002_246_023.mp3","TajweedImageFilePath":"2/246/23.png","Text":"هَلْ","Translation":"Would","Transliteration":"hal"},{"Position":24,"AudioFileName":"002_246_024.mp3","TajweedImageFilePath":"2/246/24.png","Text":"عَسَيْتُمْ","Translation":"you perhaps ","Transliteration":"ʿasaytum"},{"Position":25,"AudioFileName":"002_246_025.mp3","TajweedImageFilePath":"2/246/25.png","Text":"إِن","Translation":"if","Transliteration":"in"},{"Position":26,"AudioFileName":"002_246_026.mp3","TajweedImageFilePath":"2/246/26.png","Text":"كُتِبَ","Translation":"prescribed","Transliteration":"kutiba"},{"Position":27,"AudioFileName":"002_246_027.mp3","TajweedImageFilePath":"2/246/27.png","Text":"عَلَيْكُمُ","Translation":"upon you","Transliteration":"ʿalaykumu"},{"Position":28,"AudioFileName":"002_246_028.mp3","TajweedImageFilePath":"2/246/28.png","Text":"ٱلْقِتَالُ","Translation":"[the] fighting","Transliteration":"l-qitālu"},{"Position":29,"AudioFileName":"002_246_029.mp3","TajweedImageFilePath":"2/246/29.png","Text":"أَلَّا","Translation":"that not","Transliteration":"allā"},{"Position":30,"AudioFileName":"002_246_030.mp3","TajweedImageFilePath":"2/246/30.png","Text":"تُقَـٰتِلُوا۟ ۖ","Translation":"you fight","Transliteration":"tuqātilū"},{"Position":31,"AudioFileName":"002_246_031.mp3","TajweedImageFilePath":"2/246/31.png","Text":"قَالُوا۟","Translation":"They said","Transliteration":"qālū"},{"Position":32,"AudioFileName":"002_246_032.mp3","TajweedImageFilePath":"2/246/32.png","Text":"وَمَا","Translation":"And what","Transliteration":"wamā"},{"Position":33,"AudioFileName":"002_246_033.mp3","TajweedImageFilePath":"2/246/33.png","Text":"لَنَآ","Translation":"for us","Transliteration":"lanā"},{"Position":34,"AudioFileName":"002_246_034.mp3","TajweedImageFilePath":"2/246/34.png","Text":"أَلَّا","Translation":"that not","Transliteration":"allā"},{"Position":35,"AudioFileName":"002_246_035.mp3","TajweedImageFilePath":"2/246/35.png","Text":"نُقَـٰتِلَ","Translation":"we fight","Transliteration":"nuqātila"},{"Position":36,"AudioFileName":"002_246_036.mp3","TajweedImageFilePath":"2/246/36.png","Text":"فِى","Translation":"in","Transliteration":"fī"},{"Position":37,"AudioFileName":"002_246_037.mp3","TajweedImageFilePath":"2/246/37.png","Text":"سَبِيلِ","Translation":"(the) way","Transliteration":"sabīli"},{"Position":38,"AudioFileName":"002_246_038.mp3","TajweedImageFilePath":"2/246/38.png","Text":"ٱللَّهِ","Translation":"(of) Allah","Transliteration":"l-lahi"},{"Position":39,"AudioFileName":"002_246_039.mp3","TajweedImageFilePath":"2/246/39.png","Text":"وَقَدْ","Translation":"while surely","Transliteration":"waqad"},{"Position":40,"AudioFileName":"002_246_040.mp3","TajweedImageFilePath":"2/246/40.png","Text":"أُخْرِجْنَا","Translation":"we have been driven","Transliteration":"ukh'rij'nā"},{"Position":41,"AudioFileName":"002_246_041.mp3","TajweedImageFilePath":"2/246/41.png","Text":"مِن","Translation":"from","Transliteration":"min"},{"Position":42,"AudioFileName":"002_246_042.mp3","TajweedImageFilePath":"2/246/42.png","Text":"دِيَـٰرِنَا","Translation":"our homes","Transliteration":"diyārinā"},{"Position":43,"AudioFileName":"002_246_043.mp3","TajweedImageFilePath":"2/246/43.png","Text":"وَأَبْنَآئِنَا ۖ","Translation":"and our children","Transliteration":"wa-abnāinā"},{"Position":44,"AudioFileName":"002_246_044.mp3","TajweedImageFilePath":"2/246/44.png","Text":"فَلَمَّا","Translation":"Yet, when","Transliteration":"falammā"},{"Position":45,"AudioFileName":"002_246_045.mp3","TajweedImageFilePath":"2/246/45.png","Text":"كُتِبَ","Translation":"was prescribed","Transliteration":"kutiba"},{"Position":46,"AudioFileName":"002_246_046.mp3","TajweedImageFilePath":"2/246/46.png","Text":"عَلَيْهِمُ","Translation":"upon them","Transliteration":"ʿalayhimu"},{"Position":47,"AudioFileName":"002_246_047.mp3","TajweedImageFilePath":"2/246/47.png","Text":"ٱلْقِتَالُ","Translation":"the fighting","Transliteration":"l-qitālu"},{"Position":48,"AudioFileName":"002_246_048.mp3","TajweedImageFilePath":"2/246/48.png","Text":"تَوَلَّوْا۟","Translation":"they turned away","Transliteration":"tawallaw"},{"Position":49,"AudioFileName":"002_246_049.mp3","TajweedImageFilePath":"2/246/49.png","Text":"إِلَّا","Translation":"except","Transliteration":"illā"},{"Position":50,"AudioFileName":"002_246_050.mp3","TajweedImageFilePath":"2/246/50.png","Text":"قَلِيلًۭا","Translation":"a few","Transliteration":"qalīlan"},{"Position":51,"AudioFileName":"002_246_051.mp3","TajweedImageFilePath":"2/246/51.png","Text":"مِّنْهُمْ ۗ","Translation":"among them","Transliteration":"min'hum"},{"Position":52,"AudioFileName":"002_246_052.mp3","TajweedImageFilePath":"2/246/52.png","Text":"وَٱللَّهُ","Translation":"And Allah","Transliteration":"wal-lahu"},{"Position":53,"AudioFileName":"002_246_053.mp3","TajweedImageFilePath":"2/246/53.png","Text":"عَلِيمٌۢ","Translation":"(is) All-Knowing","Transliteration":"ʿalīmun"},{"Position":54,"AudioFileName":"002_246_054.mp3","TajweedImageFilePath":"2/246/54.png","Text":"بِٱلظَّـٰلِمِينَ","Translation":"of the wrongdoers","Transliteration":"bil-ẓālimīna"},{"Position":55,"AudioFileName":null,"TajweedImageFilePath":"246.png","Text":"٢٤٦","Translation":"(246)","Transliteration":null}],"PageNumber":40,"JuzNumber":2,"ManzilNumber":1,"RukuNumber":33,"MaqraNumber":16,"HizbNumber":4,"HizbDecimal":0.75,"HasSajda":false},{"SurahNumber":2,"SurahIndex":"002","VerseNumber":247,"ShowSurahName":false,"ShowBismillah":false,"Words":[{"Position":1,"AudioFileName":"002_247_001.mp3","TajweedImageFilePath":"2/247/1.png","Text":"وَقَالَ","Translation":"And said","Transliteration":"waqāla"},{"Position":2,"AudioFileName":"002_247_002.mp3","TajweedImageFilePath":"2/247/2.png","Text":"لَهُمْ","Translation":"to them","Transliteration":"lahum"},{"Position":3,"AudioFileName":"002_247_003.mp3","TajweedImageFilePath":"2/247/3.png","Text":"نَبِيُّهُمْ","Translation":"their Prophet","Transliteration":"nabiyyuhum"},{"Position":4,"AudioFileName":"002_247_004.mp3","TajweedImageFilePath":"2/247/4.png","Text":"إِنَّ","Translation":"Indeed","Transliteration":"inna"},{"Position":5,"AudioFileName":"002_247_005.mp3","TajweedImageFilePath":"2/247/5.png","Text":"ٱللَّهَ","Translation":"Allah","Transliteration":"l-laha"},{"Position":6,"AudioFileName":"002_247_006.mp3","TajweedImageFilePath":"2/247/6.png","Text":"قَدْ","Translation":"(has) surely","Transliteration":"qad"},{"Position":7,"AudioFileName":"002_247_007.mp3","TajweedImageFilePath":"2/247/7.png","Text":"بَعَثَ","Translation":"raised","Transliteration":"baʿatha"},{"Position":8,"AudioFileName":"002_247_008.mp3","TajweedImageFilePath":"2/247/8.png","Text":"لَكُمْ","Translation":"for you","Transliteration":"lakum"},{"Position":9,"AudioFileName":"002_247_009.mp3","TajweedImageFilePath":"2/247/9.png","Text":"طَالُوتَ","Translation":"Talut","Transliteration":"ṭālūta"},{"Position":10,"AudioFileName":"002_247_010.mp3","TajweedImageFilePath":"2/247/10.png","Text":"مَلِكًۭا ۚ","Translation":"(as) a king","Transliteration":"malikan"},{"Position":11,"AudioFileName":"002_247_011.mp3","TajweedImageFilePath":"2/247/11.png","Text":"قَالُوٓا۟","Translation":"They said","Transliteration":"qālū"},{"Position":12,"AudioFileName":"002_247_012.mp3","TajweedImageFilePath":"2/247/12.png","Text":"أَنَّىٰ","Translation":"How","Transliteration":"annā"},{"Position":13,"AudioFileName":"002_247_013.mp3","TajweedImageFilePath":"2/247/13.png","Text":"يَكُونُ","Translation":"can be","Transliteration":"yakūnu"},{"Position":14,"AudioFileName":"002_247_014.mp3","TajweedImageFilePath":"2/247/14.png","Text":"لَهُ","Translation":"for him","Transliteration":"lahu"},{"Position":15,"AudioFileName":"002_247_015.mp3","TajweedImageFilePath":"2/247/15.png","Text":"ٱلْمُلْكُ","Translation":"the kingship","Transliteration":"l-mul'ku"},{"Position":16,"AudioFileName":"002_247_016.mp3","TajweedImageFilePath":"2/247/16.png","Text":"عَلَيْنَا","Translation":"over us","Transliteration":"ʿalaynā"},{"Position":17,"AudioFileName":"002_247_017.mp3","TajweedImageFilePath":"2/247/17.png","Text":"وَنَحْنُ","Translation":"while we","Transliteration":"wanaḥnu"},{"Position":18,"AudioFileName":"002_247_018.mp3","TajweedImageFilePath":"2/247/18.png","Text":"أَحَقُّ","Translation":"(are) more entitled","Transliteration":"aḥaqqu"},{"Position":19,"AudioFileName":"002_247_019.mp3","TajweedImageFilePath":"2/247/19.png","Text":"بِٱلْمُلْكِ","Translation":"to kingship","Transliteration":"bil-mul'ki"},{"Position":20,"AudioFileName":"002_247_020.mp3","TajweedImageFilePath":"2/247/20.png","Text":"مِنْهُ","Translation":"than him","Transliteration":"min'hu"},{"Position":21,"AudioFileName":"002_247_021.mp3","TajweedImageFilePath":"2/247/21.png","Text":"وَلَمْ","Translation":"and not","Transliteration":"walam"},{"Position":22,"AudioFileName":"002_247_022.mp3","TajweedImageFilePath":"2/247/22.png","Text":"يُؤْتَ","Translation":"he has been given","Transliteration":"yu'ta"},{"Position":23,"AudioFileName":"002_247_023.mp3","TajweedImageFilePath":"2/247/23.png","Text":"سَعَةًۭ","Translation":"abundance","Transliteration":"saʿatan"},{"Position":24,"AudioFileName":"002_247_024.mp3","TajweedImageFilePath":"2/247/24.png","Text":"مِّنَ","Translation":"of","Transliteration":"mina"},{"Position":25,"AudioFileName":"002_247_025.mp3","TajweedImageFilePath":"2/247/25.png","Text":"ٱلْمَالِ ۚ","Translation":"[the] wealth","Transliteration":"l-māli"},{"Position":26,"AudioFileName":"002_247_026.mp3","TajweedImageFilePath":"2/247/26.png","Text":"قَالَ","Translation":"He said","Transliteration":"qāla"},{"Position":27,"AudioFileName":"002_247_027.mp3","TajweedImageFilePath":"2/247/27.png","Text":"إِنَّ","Translation":"Indeed","Transliteration":"inna"},{"Position":28,"AudioFileName":"002_247_028.mp3","TajweedImageFilePath":"2/247/28.png","Text":"ٱللَّهَ","Translation":"Allah","Transliteration":"l-laha"},{"Position":29,"AudioFileName":"002_247_029.mp3","TajweedImageFilePath":"2/247/29.png","Text":"ٱصْطَفَىٰهُ","Translation":"has chosen him","Transliteration":"iṣ'ṭafāhu"},{"Position":30,"AudioFileName":"002_247_030.mp3","TajweedImageFilePath":"2/247/30.png","Text":"عَلَيْكُمْ","Translation":"over you","Transliteration":"ʿalaykum"},{"Position":31,"AudioFileName":"002_247_031.mp3","TajweedImageFilePath":"2/247/31.png","Text":"وَزَادَهُۥ","Translation":"and increased him","Transliteration":"wazādahu"},{"Position":32,"AudioFileName":"002_247_032.mp3","TajweedImageFilePath":"2/247/32.png","Text":"بَسْطَةًۭ","Translation":"abundantly","Transliteration":"basṭatan"},{"Position":33,"AudioFileName":"002_247_033.mp3","TajweedImageFilePath":"2/247/33.png","Text":"فِى","Translation":"in","Transliteration":"fī"},{"Position":34,"AudioFileName":"002_247_034.mp3","TajweedImageFilePath":"2/247/34.png","Text":"ٱلْعِلْمِ","Translation":"[the] knowledge","Transliteration":"l-ʿil'mi"},{"Position":35,"AudioFileName":"002_247_035.mp3","TajweedImageFilePath":"2/247/35.png","Text":"وَٱلْجِسْمِ ۖ","Translation":"and [the] physique","Transliteration":"wal-jis'mi"},{"Position":36,"AudioFileName":"002_247_036.mp3","TajweedImageFilePath":"2/247/36.png","Text":"وَٱللَّهُ","Translation":"And Allah","Transliteration":"wal-lahu"},{"Position":37,"AudioFileName":"002_247_037.mp3","TajweedImageFilePath":"2/247/37.png","Text":"يُؤْتِى","Translation":"gives","Transliteration":"yu'tī"},{"Position":38,"AudioFileName":"002_247_038.mp3","TajweedImageFilePath":"2/247/38.png","Text":"مُلْكَهُۥ","Translation":"His kingdom","Transliteration":"mul'kahu"},{"Position":39,"AudioFileName":"002_247_039.mp3","TajweedImageFilePath":"2/247/39.png","Text":"مَن","Translation":"(to) whom","Transliteration":"man"},{"Position":40,"AudioFileName":"002_247_040.mp3","TajweedImageFilePath":"2/247/40.png","Text":"يَشَآءُ ۚ","Translation":"He wills","Transliteration":"yashāu"},{"Position":41,"AudioFileName":"002_247_041.mp3","TajweedImageFilePath":"2/247/41.png","Text":"وَٱللَّهُ","Translation":"And Allah","Transliteration":"wal-lahu"},{"Position":42,"AudioFileName":"002_247_042.mp3","TajweedImageFilePath":"2/247/42.png","Text":"وَٰسِعٌ","Translation":"(is) All-Encompassing","Transliteration":"wāsiʿun"},{"Position":43,"AudioFileName":"002_247_043.mp3","TajweedImageFilePath":"2/247/43.png","Text":"عَلِيمٌۭ","Translation":"All-Knowing","Transliteration":"ʿalīmun"},{"Position":44,"AudioFileName":null,"TajweedImageFilePath":"247.png","Text":"٢٤٧","Translation":"(247)","Transliteration":null}],"PageNumber":40,"JuzNumber":2,"ManzilNumber":1,"RukuNumber":33,"MaqraNumber":16,"HizbNumber":4,"HizbDecimal":0.75,"HasSajda":false},{"SurahNumber":2,"SurahIndex":"002","VerseNumber":248,"ShowSurahName":false,"ShowBismillah":false,"Words":[{"Position":1,"AudioFileName":"002_248_001.mp3","TajweedImageFilePath":"2/248/1.png","Text":"وَقَالَ","Translation":"And said","Transliteration":"waqāla"},{"Position":2,"AudioFileName":"002_248_002.mp3","TajweedImageFilePath":"2/248/2.png","Text":"لَهُمْ","Translation":"to them","Transliteration":"lahum"},{"Position":3,"AudioFileName":"002_248_003.mp3","TajweedImageFilePath":"2/248/3.png","Text":"نَبِيُّهُمْ","Translation":"their Prophet","Transliteration":"nabiyyuhum"},{"Position":4,"AudioFileName":"002_248_004.mp3","TajweedImageFilePath":"2/248/4.png","Text":"إِنَّ","Translation":"Indeed","Transliteration":"inna"},{"Position":5,"AudioFileName":"002_248_005.mp3","TajweedImageFilePath":"2/248/5.png","Text":"ءَايَةَ","Translation":"a sign","Transliteration":"āyata"},{"Position":6,"AudioFileName":"002_248_006.mp3","TajweedImageFilePath":"2/248/6.png","Text":"مُلْكِهِۦٓ","Translation":"(of) his kingship","Transliteration":"mul'kihi"},{"Position":7,"AudioFileName":"002_248_007.mp3","TajweedImageFilePath":"2/248/7.png","Text":"أَن","Translation":"(is) that","Transliteration":"an"},{"Position":8,"AudioFileName":"002_248_008.mp3","TajweedImageFilePath":"2/248/8.png","Text":"يَأْتِيَكُمُ","Translation":"will come to you","Transliteration":"yatiyakumu"},{"Position":9,"AudioFileName":"002_248_009.mp3","TajweedImageFilePath":"2/248/9.png","Text":"ٱلتَّابُوتُ","Translation":"the ark","Transliteration":"l-tābūtu"},{"Position":10,"AudioFileName":"002_248_010.mp3","TajweedImageFilePath":"2/248/10.png","Text":"فِيهِ","Translation":"in it","Transliteration":"fīhi"},{"Position":11,"AudioFileName":"002_248_011.mp3","TajweedImageFilePath":"2/248/11.png","Text":"سَكِينَةٌۭ","Translation":"(is) tranquility","Transliteration":"sakīnatun"},{"Position":12,"AudioFileName":"002_248_012.mp3","TajweedImageFilePath":"2/248/12.png","Text":"مِّن","Translation":"from","Transliteration":"min"},{"Position":13,"AudioFileName":"002_248_013.mp3","TajweedImageFilePath":"2/248/13.png","Text":"رَّبِّكُمْ","Translation":"your Lord","Transliteration":"rabbikum"},{"Position":14,"AudioFileName":"002_248_014.mp3","TajweedImageFilePath":"2/248/14.png","Text":"وَبَقِيَّةٌۭ","Translation":"and a remnant","Transliteration":"wabaqiyyatun"},{"Position":15,"AudioFileName":"002_248_015.mp3","TajweedImageFilePath":"2/248/15.png","Text":"مِّمَّا","Translation":"of what","Transliteration":"mimmā"},{"Position":16,"AudioFileName":"002_248_016.mp3","TajweedImageFilePath":"2/248/16.png","Text":"تَرَكَ","Translation":"(was) left","Transliteration":"taraka"},{"Position":17,"AudioFileName":"002_248_017.mp3","TajweedImageFilePath":"2/248/17.png","Text":"ءَالُ","Translation":"(by the) family","Transliteration":"ālu"},{"Position":18,"AudioFileName":"002_248_018.mp3","TajweedImageFilePath":"2/248/18.png","Text":"مُوسَىٰ","Translation":"(of) Musa","Transliteration":"mūsā"},{"Position":19,"AudioFileName":"002_248_019.mp3","TajweedImageFilePath":"2/248/19.png","Text":"وَءَالُ","Translation":"and family","Transliteration":"waālu"},{"Position":20,"AudioFileName":"002_248_020.mp3","TajweedImageFilePath":"2/248/20.png","Text":"هَـٰرُونَ","Translation":"(of) Harun","Transliteration":"hārūna"},{"Position":21,"AudioFileName":"002_248_021.mp3","TajweedImageFilePath":"2/248/21.png","Text":"تَحْمِلُهُ","Translation":"will carry it","Transliteration":"taḥmiluhu"},{"Position":22,"AudioFileName":"002_248_022.mp3","TajweedImageFilePath":"2/248/22.png","Text":"ٱلْمَلَـٰٓئِكَةُ ۚ","Translation":"the Angels","Transliteration":"l-malāikatu"},{"Position":23,"AudioFileName":"002_248_023.mp3","TajweedImageFilePath":"2/248/23.png","Text":"إِنَّ","Translation":"Indeed","Transliteration":"inna"},{"Position":24,"AudioFileName":"002_248_024.mp3","TajweedImageFilePath":"2/248/24.png","Text":"فِى","Translation":"in","Transliteration":"fī"},{"Position":25,"AudioFileName":"002_248_025.mp3","TajweedImageFilePath":"2/248/25.png","Text":"ذَٰلِكَ","Translation":"that","Transliteration":"dhālika"},{"Position":26,"AudioFileName":"002_248_026.mp3","TajweedImageFilePath":"2/248/26.png","Text":"لَـَٔايَةًۭ","Translation":"(is) surely a sign","Transliteration":"laāyatan"},{"Position":27,"AudioFileName":"002_248_027.mp3","TajweedImageFilePath":"2/248/27.png","Text":"لَّكُمْ","Translation":"for you","Transliteration":"lakum"},{"Position":28,"AudioFileName":"002_248_028.mp3","TajweedImageFilePath":"2/248/28.png","Text":"إِن","Translation":"if","Transliteration":"in"},{"Position":29,"AudioFileName":"002_248_029.mp3","TajweedImageFilePath":"2/248/29.png","Text":"كُنتُم","Translation":"you are","Transliteration":"kuntum"},{"Position":30,"AudioFileName":"002_248_030.mp3","TajweedImageFilePath":"2/248/30.png","Text":"مُّؤْمِنِينَ","Translation":"believers","Transliteration":"mu'minīna"},{"Position":31,"AudioFileName":null,"TajweedImageFilePath":"248.png","Text":"٢٤٨","Translation":"(248)","Transliteration":null}],"PageNumber":40,"JuzNumber":2,"ManzilNumber":1,"RukuNumber":33,"MaqraNumber":16,"HizbNumber":4,"HizbDecimal":0.75,"HasSajda":false},{"SurahNumber":2,"SurahIndex":"002","VerseNumber":249,"ShowSurahName":false,"ShowBismillah":false,"Words":[{"Position":1,"AudioFileName":"002_249_001.mp3","TajweedImageFilePath":"2/249/1.png","Text":"فَلَمَّا","Translation":"Then when","Transliteration":"falammā"},{"Position":2,"AudioFileName":"002_249_002.mp3","TajweedImageFilePath":"2/249/2.png","Text":"فَصَلَ","Translation":"set out","Transliteration":"faṣala"},{"Position":3,"AudioFileName":"002_249_003.mp3","TajweedImageFilePath":"2/249/3.png","Text":"طَالُوتُ","Translation":"Talut","Transliteration":"ṭālūtu"},{"Position":4,"AudioFileName":"002_249_004.mp3","TajweedImageFilePath":"2/249/4.png","Text":"بِٱلْجُنُودِ","Translation":"with the forces","Transliteration":"bil-junūdi"},{"Position":5,"AudioFileName":"002_249_005.mp3","TajweedImageFilePath":"2/249/5.png","Text":"قَالَ","Translation":"he said","Transliteration":"qāla"},{"Position":6,"AudioFileName":"002_249_006.mp3","TajweedImageFilePath":"2/249/6.png","Text":"إِنَّ","Translation":"Indeed","Transliteration":"inna"},{"Position":7,"AudioFileName":"002_249_007.mp3","TajweedImageFilePath":"2/249/7.png","Text":"ٱللَّهَ","Translation":"Allah","Transliteration":"l-laha"},{"Position":8,"AudioFileName":"002_249_008.mp3","TajweedImageFilePath":"2/249/8.png","Text":"مُبْتَلِيكُم","Translation":"will test you","Transliteration":"mub'talīkum"},{"Position":9,"AudioFileName":"002_249_009.mp3","TajweedImageFilePath":"2/249/9.png","Text":"بِنَهَرٍۢ","Translation":"with a river","Transliteration":"binaharin"},{"Position":10,"AudioFileName":"002_249_010.mp3","TajweedImageFilePath":"2/249/10.png","Text":"فَمَن","Translation":"So whoever","Transliteration":"faman"},{"Position":11,"AudioFileName":"002_249_011.mp3","TajweedImageFilePath":"2/249/11.png","Text":"شَرِبَ","Translation":"drinks","Transliteration":"shariba"},{"Position":12,"AudioFileName":"002_249_012.mp3","TajweedImageFilePath":"2/249/12.png","Text":"مِنْهُ","Translation":"from it","Transliteration":"min'hu"},{"Position":13,"AudioFileName":"002_249_013.mp3","TajweedImageFilePath":"2/249/13.png","Text":"فَلَيْسَ","Translation":"then he is not","Transliteration":"falaysa"},{"Position":14,"AudioFileName":"002_249_014.mp3","TajweedImageFilePath":"2/249/14.png","Text":"مِنِّى","Translation":"from me","Transliteration":"minnī"},{"Position":15,"AudioFileName":"002_249_015.mp3","TajweedImageFilePath":"2/249/15.png","Text":"وَمَن","Translation":"and whoever","Transliteration":"waman"},{"Position":16,"AudioFileName":"002_249_016.mp3","TajweedImageFilePath":"2/249/16.png","Text":"لَّمْ","Translation":"(does) not","Transliteration":"lam"},{"Position":17,"AudioFileName":"002_249_017.mp3","TajweedImageFilePath":"2/249/17.png","Text":"يَطْعَمْهُ","Translation":"taste it","Transliteration":"yaṭʿamhu"},{"Position":18,"AudioFileName":"002_249_018.mp3","TajweedImageFilePath":"2/249/18.png","Text":"فَإِنَّهُۥ","Translation":"then indeed, he","Transliteration":"fa-innahu"},{"Position":19,"AudioFileName":"002_249_019.mp3","TajweedImageFilePath":"2/249/19.png","Text":"مِنِّىٓ","Translation":"(is) from me","Transliteration":"minnī"},{"Position":20,"AudioFileName":"002_249_020.mp3","TajweedImageFilePath":"2/249/20.png","Text":"إِلَّا","Translation":"except","Transliteration":"illā"},{"Position":21,"AudioFileName":"002_249_021.mp3","TajweedImageFilePath":"2/249/21.png","Text":"مَنِ","Translation":"whoever","Transliteration":"mani"},{"Position":22,"AudioFileName":"002_249_022.mp3","TajweedImageFilePath":"2/249/22.png","Text":"ٱغْتَرَفَ","Translation":"takes","Transliteration":"igh'tarafa"},{"Position":23,"AudioFileName":"002_249_023.mp3","TajweedImageFilePath":"2/249/23.png","Text":"غُرْفَةًۢ","Translation":"(in the) hollow","Transliteration":"ghur'fatan"},{"Position":24,"AudioFileName":"002_249_024.mp3","TajweedImageFilePath":"2/249/24.png","Text":"بِيَدِهِۦ ۚ","Translation":"(of) his hand","Transliteration":"biyadihi"},{"Position":25,"AudioFileName":"002_249_025.mp3","TajweedImageFilePath":"2/249/25.png","Text":"فَشَرِبُوا۟","Translation":"Then they drank","Transliteration":"fasharibū"},{"Position":26,"AudioFileName":"002_249_026.mp3","TajweedImageFilePath":"2/249/26.png","Text":"مِنْهُ","Translation":"from it","Transliteration":"min'hu"},{"Position":27,"AudioFileName":"002_249_027.mp3","TajweedImageFilePath":"2/249/27.png","Text":"إِلَّا","Translation":"except","Transliteration":"illā"},{"Position":28,"AudioFileName":"002_249_028.mp3","TajweedImageFilePath":"2/249/28.png","Text":"قَلِيلًۭا","Translation":"a few","Transliteration":"qalīlan"},{"Position":29,"AudioFileName":"002_249_029.mp3","TajweedImageFilePath":"2/249/29.png","Text":"مِّنْهُمْ ۚ","Translation":"of them","Transliteration":"min'hum"},{"Position":30,"AudioFileName":"002_249_030.mp3","TajweedImageFilePath":"2/249/30.png","Text":"فَلَمَّا","Translation":"Then when","Transliteration":"falammā"},{"Position":31,"AudioFileName":"002_249_031.mp3","TajweedImageFilePath":"2/249/31.png","Text":"جَاوَزَهُۥ","Translation":"he crossed it","Transliteration":"jāwazahu"},{"Position":32,"AudioFileName":"002_249_032.mp3","TajweedImageFilePath":"2/249/32.png","Text":"هُوَ","Translation":"he","Transliteration":"huwa"},{"Position":33,"AudioFileName":"002_249_033.mp3","TajweedImageFilePath":"2/249/33.png","Text":"وَٱلَّذِينَ","Translation":"and those who","Transliteration":"wa-alladhīna"},{"Position":34,"AudioFileName":"002_249_034.mp3","TajweedImageFilePath":"2/249/34.png","Text":"ءَامَنُوا۟","Translation":"believed","Transliteration":"āmanū"},{"Position":35,"AudioFileName":"002_249_035.mp3","TajweedImageFilePath":"2/249/35.png","Text":"مَعَهُۥ","Translation":"with him","Transliteration":"maʿahu"},{"Position":36,"AudioFileName":"002_249_036.mp3","TajweedImageFilePath":"2/249/36.png","Text":"قَالُوا۟","Translation":"they said","Transliteration":"qālū"},{"Position":37,"AudioFileName":"002_249_037.mp3","TajweedImageFilePath":"2/249/37.png","Text":"لَا","Translation":"No","Transliteration":"lā"},{"Position":38,"AudioFileName":"002_249_038.mp3","TajweedImageFilePath":"2/249/38.png","Text":"طَاقَةَ","Translation":"strength","Transliteration":"ṭāqata"},{"Position":39,"AudioFileName":"002_249_039.mp3","TajweedImageFilePath":"2/249/39.png","Text":"لَنَا","Translation":"for us","Transliteration":"lanā"},{"Position":40,"AudioFileName":"002_249_040.mp3","TajweedImageFilePath":"2/249/40.png","Text":"ٱلْيَوْمَ","Translation":"today","Transliteration":"l-yawma"},{"Position":41,"AudioFileName":"002_249_041.mp3","TajweedImageFilePath":"2/249/41.png","Text":"بِجَالُوتَ","Translation":"against Jalut","Transliteration":"bijālūta"},{"Position":42,"AudioFileName":"002_249_042.mp3","TajweedImageFilePath":"2/249/42.png","Text":"وَجُنُودِهِۦ ۚ","Translation":"and his troops","Transliteration":"wajunūdihi"},{"Position":43,"AudioFileName":"002_249_043.mp3","TajweedImageFilePath":"2/249/43.png","Text":"قَالَ","Translation":"Said","Transliteration":"qāla"},{"Position":44,"AudioFileName":"002_249_044.mp3","TajweedImageFilePath":"2/249/44.png","Text":"ٱلَّذِينَ","Translation":"those who","Transliteration":"alladhīna"},{"Position":45,"AudioFileName":"002_249_045.mp3","TajweedImageFilePath":"2/249/45.png","Text":"يَظُنُّونَ","Translation":"were certain","Transliteration":"yaẓunnūna"},{"Position":46,"AudioFileName":"002_249_046.mp3","TajweedImageFilePath":"2/249/46.png","Text":"أَنَّهُم","Translation":"that they","Transliteration":"annahum"},{"Position":47,"AudioFileName":"002_249_047.mp3","TajweedImageFilePath":"2/249/47.png","Text":"مُّلَـٰقُوا۟","Translation":"(would) meet","Transliteration":"mulāqū"},{"Position":48,"AudioFileName":"002_249_048.mp3","TajweedImageFilePath":"2/249/48.png","Text":"ٱللَّهِ","Translation":"Allah","Transliteration":"l-lahi"},{"Position":49,"AudioFileName":"002_249_049.mp3","TajweedImageFilePath":"2/249/49.png","Text":"كَم","Translation":"How many","Transliteration":"kam"},{"Position":50,"AudioFileName":"002_249_050.mp3","TajweedImageFilePath":"2/249/50.png","Text":"مِّن","Translation":"of","Transliteration":"min"},{"Position":51,"AudioFileName":"002_249_051.mp3","TajweedImageFilePath":"2/249/51.png","Text":"فِئَةٍۢ","Translation":"a company","Transliteration":"fi-atin"},{"Position":52,"AudioFileName":"002_249_052.mp3","TajweedImageFilePath":"2/249/52.png","Text":"قَلِيلَةٍ","Translation":"small","Transliteration":"qalīlatin"},{"Position":53,"AudioFileName":"002_249_053.mp3","TajweedImageFilePath":"2/249/53.png","Text":"غَلَبَتْ","Translation":"overcame","Transliteration":"ghalabat"},{"Position":54,"AudioFileName":"002_249_054.mp3","TajweedImageFilePath":"2/249/54.png","Text":"فِئَةًۭ","Translation":"a company","Transliteration":"fi-atan"},{"Position":55,"AudioFileName":"002_249_055.mp3","TajweedImageFilePath":"2/249/55.png","Text":"كَثِيرَةًۢ","Translation":"large","Transliteration":"kathīratan"},{"Position":56,"AudioFileName":"002_249_056.mp3","TajweedImageFilePath":"2/249/56.png","Text":"بِإِذْنِ","Translation":"by (the) permission","Transliteration":"bi-idh'ni"},{"Position":57,"AudioFileName":"002_249_057.mp3","TajweedImageFilePath":"2/249/57.png","Text":"ٱللَّهِ ۗ","Translation":"(of) Allah","Transliteration":"l-lahi"},{"Position":58,"AudioFileName":"002_249_058.mp3","TajweedImageFilePath":"2/249/58.png","Text":"وَٱللَّهُ","Translation":"And Allah","Transliteration":"wal-lahu"},{"Position":59,"AudioFileName":"002_249_059.mp3","TajweedImageFilePath":"2/249/59.png","Text":"مَعَ","Translation":"(is) with","Transliteration":"maʿa"},{"Position":60,"AudioFileName":"002_249_060.mp3","TajweedImageFilePath":"2/249/60.png","Text":"ٱلصَّـٰبِرِينَ","Translation":"the patient ones","Transliteration":"l-ṣābirīna"},{"Position":61,"AudioFileName":null,"TajweedImageFilePath":"249.png","Text":"٢٤٩","Translation":"(249)","Transliteration":null}],"PageNumber":41,"JuzNumber":2,"ManzilNumber":1,"RukuNumber":34,"MaqraNumber":16,"HizbNumber":4,"HizbDecimal":0.75,"HasSajda":false},{"SurahNumber":2,"SurahIndex":"002","VerseNumber":250,"ShowSurahName":false,"ShowBismillah":false,"Words":[{"Position":1,"AudioFileName":"002_250_001.mp3","TajweedImageFilePath":"2/250/1.png","Text":"وَلَمَّا","Translation":"And when","Transliteration":"walammā"},{"Position":2,"AudioFileName":"002_250_002.mp3","TajweedImageFilePath":"2/250/2.png","Text":"بَرَزُوا۟","Translation":"they went forth","Transliteration":"barazū"},{"Position":3,"AudioFileName":"002_250_003.mp3","TajweedImageFilePath":"2/250/3.png","Text":"لِجَالُوتَ","Translation":"to (face) Jalut","Transliteration":"lijālūta"},{"Position":4,"AudioFileName":"002_250_004.mp3","TajweedImageFilePath":"2/250/4.png","Text":"وَجُنُودِهِۦ","Translation":"and his troops","Transliteration":"wajunūdihi"},{"Position":5,"AudioFileName":"002_250_005.mp3","TajweedImageFilePath":"2/250/5.png","Text":"قَالُوا۟","Translation":"they said","Transliteration":"qālū"},{"Position":6,"AudioFileName":"002_250_006.mp3","TajweedImageFilePath":"2/250/6.png","Text":"رَبَّنَآ","Translation":"Our Lord","Transliteration":"rabbanā"},{"Position":7,"AudioFileName":"002_250_007.mp3","TajweedImageFilePath":"2/250/7.png","Text":"أَفْرِغْ","Translation":"Pour","Transliteration":"afrigh"},{"Position":8,"AudioFileName":"002_250_008.mp3","TajweedImageFilePath":"2/250/8.png","Text":"عَلَيْنَا","Translation":"on us","Transliteration":"ʿalaynā"},{"Position":9,"AudioFileName":"002_250_009.mp3","TajweedImageFilePath":"2/250/9.png","Text":"صَبْرًۭا","Translation":"patience","Transliteration":"ṣabran"},{"Position":10,"AudioFileName":"002_250_010.mp3","TajweedImageFilePath":"2/250/10.png","Text":"وَثَبِّتْ","Translation":"and make firm","Transliteration":"wathabbit"},{"Position":11,"AudioFileName":"002_250_011.mp3","TajweedImageFilePath":"2/250/11.png","Text":"أَقْدَامَنَا","Translation":"our feet","Transliteration":"aqdāmanā"},{"Position":12,"AudioFileName":"002_250_012.mp3","TajweedImageFilePath":"2/250/12.png","Text":"وَٱنصُرْنَا","Translation":"and help us","Transliteration":"wa-unṣur'nā"},{"Position":13,"AudioFileName":"002_250_013.mp3","TajweedImageFilePath":"2/250/13.png","Text":"عَلَى","Translation":"against","Transliteration":"ʿalā"},{"Position":14,"AudioFileName":"002_250_014.mp3","TajweedImageFilePath":"2/250/14.png","Text":"ٱلْقَوْمِ","Translation":"the people","Transliteration":"l-qawmi"},{"Position":15,"AudioFileName":"002_250_015.mp3","TajweedImageFilePath":"2/250/15.png","Text":"ٱلْكَـٰفِرِينَ","Translation":"(who are) disbelieving","Transliteration":"l-kāfirīna"},{"Position":16,"AudioFileName":null,"TajweedImageFilePath":"250.png","Text":"٢٥٠","Translation":"(250)","Transliteration":null}],"PageNumber":41,"JuzNumber":2,"ManzilNumber":1,"RukuNumber":34,"MaqraNumber":16,"HizbNumber":4,"HizbDecimal":0.75,"HasSajda":false},{"SurahNumber":2,"SurahIndex":"002","VerseNumber":251,"ShowSurahName":false,"ShowBismillah":false,"Words":[{"Position":1,"AudioFileName":"002_251_001.mp3","TajweedImageFilePath":"2/251/1.png","Text":"فَهَزَمُوهُم","Translation":"So they defeated them","Transliteration":"fahazamūhum"},{"Position":2,"AudioFileName":"002_251_002.mp3","TajweedImageFilePath":"2/251/2.png","Text":"بِإِذْنِ","Translation":"by (the) permission","Transliteration":"bi-idh'ni"},{"Position":3,"AudioFileName":"002_251_003.mp3","TajweedImageFilePath":"2/251/3.png","Text":"ٱللَّهِ","Translation":"(of) Allah","Transliteration":"l-lahi"},{"Position":4,"AudioFileName":"002_251_004.mp3","TajweedImageFilePath":"2/251/4.png","Text":"وَقَتَلَ","Translation":"and killed","Transliteration":"waqatala"},{"Position":5,"AudioFileName":"002_251_005.mp3","TajweedImageFilePath":"2/251/5.png","Text":"دَاوُۥدُ","Translation":"Dawood","Transliteration":"dāwūdu"},{"Position":6,"AudioFileName":"002_251_006.mp3","TajweedImageFilePath":"2/251/6.png","Text":"جَالُوتَ","Translation":"Jalut","Transliteration":"jālūta"},{"Position":7,"AudioFileName":"002_251_007.mp3","TajweedImageFilePath":"2/251/7.png","Text":"وَءَاتَىٰهُ","Translation":"and gave him","Transliteration":"waātāhu"},{"Position":8,"AudioFileName":"002_251_008.mp3","TajweedImageFilePath":"2/251/8.png","Text":"ٱللَّهُ","Translation":"Allah","Transliteration":"l-lahu"},{"Position":9,"AudioFileName":"002_251_009.mp3","TajweedImageFilePath":"2/251/9.png","Text":"ٱلْمُلْكَ","Translation":"the kingdom","Transliteration":"l-mul'ka"},{"Position":10,"AudioFileName":"002_251_010.mp3","TajweedImageFilePath":"2/251/10.png","Text":"وَٱلْحِكْمَةَ","Translation":"and the wisdom","Transliteration":"wal-ḥik'mata"},{"Position":11,"AudioFileName":"002_251_011.mp3","TajweedImageFilePath":"2/251/11.png","Text":"وَعَلَّمَهُۥ","Translation":"and taught him","Transliteration":"waʿallamahu"},{"Position":12,"AudioFileName":"002_251_012.mp3","TajweedImageFilePath":"2/251/12.png","Text":"مِمَّا","Translation":"that which","Transliteration":"mimmā"},{"Position":13,"AudioFileName":"002_251_013.mp3","TajweedImageFilePath":"2/251/13.png","Text":"يَشَآءُ ۗ","Translation":"He willed","Transliteration":"yashāu"},{"Position":14,"AudioFileName":"002_251_014.mp3","TajweedImageFilePath":"2/251/14.png","Text":"وَلَوْلَا","Translation":"And if not","Transliteration":"walawlā"},{"Position":15,"AudioFileName":"002_251_015.mp3","TajweedImageFilePath":"2/251/15.png","Text":"دَفْعُ","Translation":"(for the) repelling","Transliteration":"dafʿu"},{"Position":16,"AudioFileName":"002_251_016.mp3","TajweedImageFilePath":"2/251/16.png","Text":"ٱللَّهِ","Translation":"(by) Allah","Transliteration":"l-lahi"},{"Position":17,"AudioFileName":"002_251_017.mp3","TajweedImageFilePath":"2/251/17.png","Text":"ٱلنَّاسَ","Translation":"[the] people ","Transliteration":"l-nāsa"},{"Position":18,"AudioFileName":"002_251_018.mp3","TajweedImageFilePath":"2/251/18.png","Text":"بَعْضَهُم","Translation":"some of them","Transliteration":"baʿḍahum"},{"Position":19,"AudioFileName":"002_251_019.mp3","TajweedImageFilePath":"2/251/19.png","Text":"بِبَعْضٍۢ","Translation":"with others","Transliteration":"bibaʿḍin"},{"Position":20,"AudioFileName":"002_251_020.mp3","TajweedImageFilePath":"2/251/20.png","Text":"لَّفَسَدَتِ","Translation":"certainly (would have) corrupted","Transliteration":"lafasadati"},{"Position":21,"AudioFileName":"002_251_021.mp3","TajweedImageFilePath":"2/251/21.png","Text":"ٱلْأَرْضُ","Translation":"the Earth","Transliteration":"l-arḍu"},{"Position":22,"AudioFileName":"002_251_022.mp3","TajweedImageFilePath":"2/251/22.png","Text":"وَلَـٰكِنَّ","Translation":"[and] but","Transliteration":"walākinna"},{"Position":23,"AudioFileName":"002_251_023.mp3","TajweedImageFilePath":"2/251/23.png","Text":"ٱللَّهَ","Translation":"Allah","Transliteration":"l-laha"},{"Position":24,"AudioFileName":"002_251_024.mp3","TajweedImageFilePath":"2/251/24.png","Text":"ذُو","Translation":"(is) Possessor","Transliteration":"dhū"},{"Position":25,"AudioFileName":"002_251_025.mp3","TajweedImageFilePath":"2/251/25.png","Text":"فَضْلٍ","Translation":"(of) bounty","Transliteration":"faḍlin"},{"Position":26,"AudioFileName":"002_251_026.mp3","TajweedImageFilePath":"2/251/26.png","Text":"عَلَى","Translation":"to","Transliteration":"ʿalā"},{"Position":27,"AudioFileName":"002_251_027.mp3","TajweedImageFilePath":"2/251/27.png","Text":"ٱلْعَـٰلَمِينَ","Translation":"the worlds","Transliteration":"l-ʿālamīna"},{"Position":28,"AudioFileName":null,"TajweedImageFilePath":"251.png","Text":"٢٥١","Translation":"(251)","Transliteration":null}],"PageNumber":41,"JuzNumber":2,"ManzilNumber":1,"RukuNumber":34,"MaqraNumber":16,"HizbNumber":4,"HizbDecimal":0.75,"HasSajda":false},{"SurahNumber":2,"SurahIndex":"002","VerseNumber":252,"ShowSurahName":false,"ShowBismillah":false,"Words":[{"Position":1,"AudioFileName":"002_252_001.mp3","TajweedImageFilePath":"2/252/1.png","Text":"تِلْكَ","Translation":"These","Transliteration":"til'ka"},{"Position":2,"AudioFileName":"002_252_002.mp3","TajweedImageFilePath":"2/252/2.png","Text":"ءَايَـٰتُ","Translation":"(are the) Verses","Transliteration":"āyātu"},{"Position":3,"AudioFileName":"002_252_003.mp3","TajweedImageFilePath":"2/252/3.png","Text":"ٱللَّهِ","Translation":"(of) Allah","Transliteration":"l-lahi"},{"Position":4,"AudioFileName":"002_252_004.mp3","TajweedImageFilePath":"2/252/4.png","Text":"نَتْلُوهَا","Translation":"We recite them","Transliteration":"natlūhā"},{"Position":5,"AudioFileName":"002_252_005.mp3","TajweedImageFilePath":"2/252/5.png","Text":"عَلَيْكَ","Translation":"to you","Transliteration":"ʿalayka"},{"Position":6,"AudioFileName":"002_252_006.mp3","TajweedImageFilePath":"2/252/6.png","Text":"بِٱلْحَقِّ ۚ","Translation":"in [the] truth","Transliteration":"bil-ḥaqi"},{"Position":7,"AudioFileName":"002_252_007.mp3","TajweedImageFilePath":"2/252/7.png","Text":"وَإِنَّكَ","Translation":"And indeed, you","Transliteration":"wa-innaka"},{"Position":8,"AudioFileName":"002_252_008.mp3","TajweedImageFilePath":"2/252/8.png","Text":"لَمِنَ","Translation":"(are) surely of","Transliteration":"lamina"},{"Position":9,"AudioFileName":"002_252_009.mp3","TajweedImageFilePath":"2/252/9.png","Text":"ٱلْمُرْسَلِينَ","Translation":"the Messengers","Transliteration":"l-mur'salīna"},{"Position":10,"AudioFileName":null,"TajweedImageFilePath":"252.png","Text":"٢٥٢","Translation":"(252)","Transliteration":null}],"PageNumber":41,"JuzNumber":2,"ManzilNumber":1,"RukuNumber":34,"MaqraNumber":16,"HizbNumber":4,"HizbDecimal":0.75,"HasSajda":false}]}