{"MaqraNumber":173,"Verses":[{"SurahNumber":34,"SurahIndex":"034","VerseNumber":24,"ShowSurahName":false,"ShowBismillah":false,"Words":[{"Position":1,"AudioFileName":"034_024_001.mp3","TajweedImageFilePath":"34/24/1.png","Text":"۞ قُلْ","Translation":"Say","Transliteration":"qul","Root":"ق و ل"},{"Position":2,"AudioFileName":"034_024_002.mp3","TajweedImageFilePath":"34/24/2.png","Text":"مَن","Translation":"Who","Transliteration":"man","Root":"م ن"},{"Position":3,"AudioFileName":"034_024_003.mp3","TajweedImageFilePath":"34/24/3.png","Text":"يَرْزُقُكُم","Translation":"provides (for) you","Transliteration":"yarzuqukum","Root":"ر ز ق"},{"Position":4,"AudioFileName":"034_024_004.mp3","TajweedImageFilePath":"34/24/4.png","Text":"مِّنَ","Translation":"from","Transliteration":"mina","Root":"م ن"},{"Position":5,"AudioFileName":"034_024_005.mp3","TajweedImageFilePath":"34/24/5.png","Text":"ٱلسَّمَـٰوَٰتِ","Translation":"the heavens","Transliteration":"l-samāwāti","Root":"س م و"},{"Position":6,"AudioFileName":"034_024_006.mp3","TajweedImageFilePath":"34/24/6.png","Text":"وَٱلْأَرْضِ ۖ","Translation":"and the earth","Transliteration":"wal-arḍi","Root":"أ ر ض"},{"Position":7,"AudioFileName":"034_024_007.mp3","TajweedImageFilePath":"34/24/7.png","Text":"قُلِ","Translation":"Say","Transliteration":"quli","Root":"ق و ل"},{"Position":8,"AudioFileName":"034_024_008.mp3","TajweedImageFilePath":"34/24/8.png","Text":"ٱللَّهُ ۖ","Translation":"Allah","Transliteration":"l-lahu","Root":"أ ل ه"},{"Position":9,"AudioFileName":"034_024_009.mp3","TajweedImageFilePath":"34/24/9.png","Text":"وَإِنَّآ","Translation":"And indeed, we","Transliteration":"wa-innā","Root":"ا ن ن"},{"Position":10,"AudioFileName":"034_024_010.mp3","TajweedImageFilePath":"34/24/10.png","Text":"أَوْ","Translation":"or","Transliteration":"aw","Root":"ا و"},{"Position":11,"AudioFileName":"034_024_011.mp3","TajweedImageFilePath":"34/24/11.png","Text":"إِيَّاكُمْ","Translation":"you","Transliteration":"iyyākum","Root":"ا ى ى"},{"Position":12,"AudioFileName":"034_024_012.mp3","TajweedImageFilePath":"34/24/12.png","Text":"لَعَلَىٰ","Translation":"(are) surely upon","Transliteration":"laʿalā","Root":"ع ل ى"},{"Position":13,"AudioFileName":"034_024_013.mp3","TajweedImageFilePath":"34/24/13.png","Text":"هُدًى","Translation":"guidance","Transliteration":"hudan","Root":"ه د ي"},{"Position":14,"AudioFileName":"034_024_014.mp3","TajweedImageFilePath":"34/24/14.png","Text":"أَوْ","Translation":"or","Transliteration":"aw","Root":"ا و"},{"Position":15,"AudioFileName":"034_024_015.mp3","TajweedImageFilePath":"34/24/15.png","Text":"فِى","Translation":"in","Transliteration":"fī","Root":"ف ى"},{"Position":16,"AudioFileName":"034_024_016.mp3","TajweedImageFilePath":"34/24/16.png","Text":"ضَلَـٰلٍۢ","Translation":"error","Transliteration":"ḍalālin","Root":"ض ل ل"},{"Position":17,"AudioFileName":"034_024_017.mp3","TajweedImageFilePath":"34/24/17.png","Text":"مُّبِينٍۢ","Translation":"clear","Transliteration":"mubīnin","Root":"ب ي ن"},{"Position":18,"AudioFileName":null,"TajweedImageFilePath":"24.png","Text":"٢٤","Translation":"(24)","Transliteration":null,"Root":null}],"PageNumber":431,"JuzNumber":22,"ManzilNumber":5,"RukuNumber":372,"MaqraNumber":173,"HizbNumber":44,"HizbDecimal":0.0,"HasSajda":false},{"SurahNumber":34,"SurahIndex":"034","VerseNumber":25,"ShowSurahName":false,"ShowBismillah":false,"Words":[{"Position":1,"AudioFileName":"034_025_001.mp3","TajweedImageFilePath":"34/25/1.png","Text":"قُل","Translation":"Say","Transliteration":"qul","Root":"ق و ل"},{"Position":2,"AudioFileName":"034_025_002.mp3","TajweedImageFilePath":"34/25/2.png","Text":"لَّا","Translation":"Not","Transliteration":"lā","Root":"ل ا"},{"Position":3,"AudioFileName":"034_025_003.mp3","TajweedImageFilePath":"34/25/3.png","Text":"تُسْـَٔلُونَ","Translation":"you will be asked","Transliteration":"tus'alūna","Root":"س أ ل"},{"Position":4,"AudioFileName":"034_025_004.mp3","TajweedImageFilePath":"34/25/4.png","Text":"عَمَّآ","Translation":"about what","Transliteration":"ʿammā","Root":"ع م م ا"},{"Position":5,"AudioFileName":"034_025_005.mp3","TajweedImageFilePath":"34/25/5.png","Text":"أَجْرَمْنَا","Translation":"sins we committed","Transliteration":"ajramnā","Root":"ج ر م"},{"Position":6,"AudioFileName":"034_025_006.mp3","TajweedImageFilePath":"34/25/6.png","Text":"وَلَا","Translation":"and not","Transliteration":"walā","Root":"ل ا"},{"Position":7,"AudioFileName":"034_025_007.mp3","TajweedImageFilePath":"34/25/7.png","Text":"نُسْـَٔلُ","Translation":"we will be asked","Transliteration":"nus'alu","Root":"س أ ل"},{"Position":8,"AudioFileName":"034_025_008.mp3","TajweedImageFilePath":"34/25/8.png","Text":"عَمَّا","Translation":"about what","Transliteration":"ʿammā","Root":"ع م م ا"},{"Position":9,"AudioFileName":"034_025_009.mp3","TajweedImageFilePath":"34/25/9.png","Text":"تَعْمَلُونَ","Translation":"you do","Transliteration":"taʿmalūna","Root":"ع م ل"},{"Position":10,"AudioFileName":null,"TajweedImageFilePath":"25.png","Text":"٢٥","Translation":"(25)","Transliteration":null,"Root":null}],"PageNumber":431,"JuzNumber":22,"ManzilNumber":5,"RukuNumber":372,"MaqraNumber":173,"HizbNumber":44,"HizbDecimal":0.0,"HasSajda":false},{"SurahNumber":34,"SurahIndex":"034","VerseNumber":26,"ShowSurahName":false,"ShowBismillah":false,"Words":[{"Position":1,"AudioFileName":"034_026_001.mp3","TajweedImageFilePath":"34/26/1.png","Text":"قُلْ","Translation":"Say","Transliteration":"qul","Root":"ق و ل"},{"Position":2,"AudioFileName":"034_026_002.mp3","TajweedImageFilePath":"34/26/2.png","Text":"يَجْمَعُ","Translation":"Will gather","Transliteration":"yajmaʿu","Root":"ج م ع"},{"Position":3,"AudioFileName":"034_026_003.mp3","TajweedImageFilePath":"34/26/3.png","Text":"بَيْنَنَا","Translation":"us together","Transliteration":"baynanā","Root":"ب ي ن"},{"Position":4,"AudioFileName":"034_026_004.mp3","TajweedImageFilePath":"34/26/4.png","Text":"رَبُّنَا","Translation":"our Lord","Transliteration":"rabbunā","Root":"ر ب ب"},{"Position":5,"AudioFileName":"034_026_005.mp3","TajweedImageFilePath":"34/26/5.png","Text":"ثُمَّ","Translation":"then","Transliteration":"thumma","Root":"ث م م"},{"Position":6,"AudioFileName":"034_026_006.mp3","TajweedImageFilePath":"34/26/6.png","Text":"يَفْتَحُ","Translation":"He will judge","Transliteration":"yaftaḥu","Root":"ف ت ح"},{"Position":7,"AudioFileName":"034_026_007.mp3","TajweedImageFilePath":"34/26/7.png","Text":"بَيْنَنَا","Translation":"between us","Transliteration":"baynanā","Root":"ب ي ن"},{"Position":8,"AudioFileName":"034_026_008.mp3","TajweedImageFilePath":"34/26/8.png","Text":"بِٱلْحَقِّ","Translation":"in truth","Transliteration":"bil-ḥaqi","Root":"ح ق ق"},{"Position":9,"AudioFileName":"034_026_009.mp3","TajweedImageFilePath":"34/26/9.png","Text":"وَهُوَ","Translation":"And He","Transliteration":"wahuwa","Root":"ه و"},{"Position":10,"AudioFileName":"034_026_010.mp3","TajweedImageFilePath":"34/26/10.png","Text":"ٱلْفَتَّاحُ","Translation":"(is) the Judge","Transliteration":"l-fatāḥu","Root":"ف ت ح"},{"Position":11,"AudioFileName":"034_026_011.mp3","TajweedImageFilePath":"34/26/11.png","Text":"ٱلْعَلِيمُ","Translation":"the All-Knowing","Transliteration":"l-ʿalīmu","Root":"ع ل م"},{"Position":12,"AudioFileName":null,"TajweedImageFilePath":"26.png","Text":"٢٦","Translation":"(26)","Transliteration":null,"Root":null}],"PageNumber":431,"JuzNumber":22,"ManzilNumber":5,"RukuNumber":372,"MaqraNumber":173,"HizbNumber":44,"HizbDecimal":0.0,"HasSajda":false},{"SurahNumber":34,"SurahIndex":"034","VerseNumber":27,"ShowSurahName":false,"ShowBismillah":false,"Words":[{"Position":1,"AudioFileName":"034_027_001.mp3","TajweedImageFilePath":"34/27/1.png","Text":"قُلْ","Translation":"Say","Transliteration":"qul","Root":"ق و ل"},{"Position":2,"AudioFileName":"034_027_002.mp3","TajweedImageFilePath":"34/27/2.png","Text":"أَرُونِىَ","Translation":"Show me","Transliteration":"arūniya","Root":"ر أ ي"},{"Position":3,"AudioFileName":"034_027_003.mp3","TajweedImageFilePath":"34/27/3.png","Text":"ٱلَّذِينَ","Translation":"those whom","Transliteration":"alladhīna","Root":"ٱلَّذِى"},{"Position":4,"AudioFileName":"034_027_004.mp3","TajweedImageFilePath":"34/27/4.png","Text":"أَلْحَقْتُم","Translation":"you have joined","Transliteration":"alḥaqtum","Root":"ل ح ق"},{"Position":5,"AudioFileName":"034_027_005.mp3","TajweedImageFilePath":"34/27/5.png","Text":"بِهِۦ","Translation":"with Him","Transliteration":"bihi","Root":"ب"},{"Position":6,"AudioFileName":"034_027_006.mp3","TajweedImageFilePath":"34/27/6.png","Text":"شُرَكَآءَ ۖ","Translation":"(as) partners","Transliteration":"shurakāa","Root":"ش ر ك"},{"Position":7,"AudioFileName":"034_027_007.mp3","TajweedImageFilePath":"34/27/7.png","Text":"كَلَّا ۚ","Translation":"By no means","Transliteration":"kallā","Root":"ك ل ل"},{"Position":8,"AudioFileName":"034_027_008.mp3","TajweedImageFilePath":"34/27/8.png","Text":"بَلْ","Translation":"Nay","Transliteration":"bal","Root":"ب ل"},{"Position":9,"AudioFileName":"034_027_009.mp3","TajweedImageFilePath":"34/27/9.png","Text":"هُوَ","Translation":"He","Transliteration":"huwa","Root":"ه و"},{"Position":10,"AudioFileName":"034_027_010.mp3","TajweedImageFilePath":"34/27/10.png","Text":"ٱللَّهُ","Translation":"(is) Allah","Transliteration":"l-lahu","Root":"أ ل ه"},{"Position":11,"AudioFileName":"034_027_011.mp3","TajweedImageFilePath":"34/27/11.png","Text":"ٱلْعَزِيزُ","Translation":"the All-Mighty","Transliteration":"l-ʿazīzu","Root":"ع ز ز"},{"Position":12,"AudioFileName":"034_027_012.mp3","TajweedImageFilePath":"34/27/12.png","Text":"ٱلْحَكِيمُ","Translation":"the All-Wise","Transliteration":"l-ḥakīmu","Root":"ح ك م"},{"Position":13,"AudioFileName":null,"TajweedImageFilePath":"27.png","Text":"٢٧","Translation":"(27)","Transliteration":null,"Root":null}],"PageNumber":431,"JuzNumber":22,"ManzilNumber":5,"RukuNumber":372,"MaqraNumber":173,"HizbNumber":44,"HizbDecimal":0.0,"HasSajda":false},{"SurahNumber":34,"SurahIndex":"034","VerseNumber":28,"ShowSurahName":false,"ShowBismillah":false,"Words":[{"Position":1,"AudioFileName":"034_028_001.mp3","TajweedImageFilePath":"34/28/1.png","Text":"وَمَآ","Translation":"And not","Transliteration":"wamā","Root":"م ا"},{"Position":2,"AudioFileName":"034_028_002.mp3","TajweedImageFilePath":"34/28/2.png","Text":"أَرْسَلْنَـٰكَ","Translation":"We have sent you","Transliteration":"arsalnāka","Root":"ر س ل"},{"Position":3,"AudioFileName":"034_028_003.mp3","TajweedImageFilePath":"34/28/3.png","Text":"إِلَّا","Translation":"except","Transliteration":"illā","Root":"إِلَّا"},{"Position":4,"AudioFileName":"034_028_004.mp3","TajweedImageFilePath":"34/28/4.png","Text":"كَآفَّةًۭ","Translation":"comprehensively","Transliteration":"kāffatan","Root":"ك ف ف"},{"Position":5,"AudioFileName":"034_028_005.mp3","TajweedImageFilePath":"34/28/5.png","Text":"لِّلنَّاسِ","Translation":"to mankind","Transliteration":"lilnnāsi","Root":"ن و س"},{"Position":6,"AudioFileName":"034_028_006.mp3","TajweedImageFilePath":"34/28/6.png","Text":"بَشِيرًۭا","Translation":"(as) a giver of glad tidings","Transliteration":"bashīran","Root":"ب ش ر"},{"Position":7,"AudioFileName":"034_028_007.mp3","TajweedImageFilePath":"34/28/7.png","Text":"وَنَذِيرًۭا","Translation":"and (as) a warner","Transliteration":"wanadhīran","Root":"ن ذ ر"},{"Position":8,"AudioFileName":"034_028_008.mp3","TajweedImageFilePath":"34/28/8.png","Text":"وَلَـٰكِنَّ","Translation":"But","Transliteration":"walākinna","Root":"ل ك ن"},{"Position":9,"AudioFileName":"034_028_009.mp3","TajweedImageFilePath":"34/28/9.png","Text":"أَكْثَرَ","Translation":"most","Transliteration":"akthara","Root":"ك ث ر"},{"Position":10,"AudioFileName":"034_028_010.mp3","TajweedImageFilePath":"34/28/10.png","Text":"ٱلنَّاسِ","Translation":"[the] people","Transliteration":"l-nāsi","Root":"ن و س"},{"Position":11,"AudioFileName":"034_028_011.mp3","TajweedImageFilePath":"34/28/11.png","Text":"لَا","Translation":"(do) not","Transliteration":"lā","Root":"ل ا"},{"Position":12,"AudioFileName":"034_028_012.mp3","TajweedImageFilePath":"34/28/12.png","Text":"يَعْلَمُونَ","Translation":"know","Transliteration":"yaʿlamūna","Root":"ع ل م"},{"Position":13,"AudioFileName":null,"TajweedImageFilePath":"28.png","Text":"٢٨","Translation":"(28)","Transliteration":null,"Root":null}],"PageNumber":431,"JuzNumber":22,"ManzilNumber":5,"RukuNumber":372,"MaqraNumber":173,"HizbNumber":44,"HizbDecimal":0.0,"HasSajda":false},{"SurahNumber":34,"SurahIndex":"034","VerseNumber":29,"ShowSurahName":false,"ShowBismillah":false,"Words":[{"Position":1,"AudioFileName":"034_029_001.mp3","TajweedImageFilePath":"34/29/1.png","Text":"وَيَقُولُونَ","Translation":"And they say","Transliteration":"wayaqūlūna","Root":"ق و ل"},{"Position":2,"AudioFileName":"034_029_002.mp3","TajweedImageFilePath":"34/29/2.png","Text":"مَتَىٰ","Translation":"When","Transliteration":"matā","Root":"م ت ى"},{"Position":3,"AudioFileName":"034_029_003.mp3","TajweedImageFilePath":"34/29/3.png","Text":"هَـٰذَا","Translation":"(is) this","Transliteration":"hādhā","Root":"ه ا ذ"},{"Position":4,"AudioFileName":"034_029_004.mp3","TajweedImageFilePath":"34/29/4.png","Text":"ٱلْوَعْدُ","Translation":"promise","Transliteration":"l-waʿdu","Root":"و ع د"},{"Position":5,"AudioFileName":"034_029_005.mp3","TajweedImageFilePath":"34/29/5.png","Text":"إِن","Translation":"if","Transliteration":"in","Root":"ا ن"},{"Position":6,"AudioFileName":"034_029_006.mp3","TajweedImageFilePath":"34/29/6.png","Text":"كُنتُمْ","Translation":"you are","Transliteration":"kuntum","Root":"ك و ن"},{"Position":7,"AudioFileName":"034_029_007.mp3","TajweedImageFilePath":"34/29/7.png","Text":"صَـٰدِقِينَ","Translation":"truthful","Transliteration":"ṣādiqīna","Root":"ص د ق"},{"Position":8,"AudioFileName":null,"TajweedImageFilePath":"29.png","Text":"٢٩","Translation":"(29)","Transliteration":null,"Root":null}],"PageNumber":431,"JuzNumber":22,"ManzilNumber":5,"RukuNumber":372,"MaqraNumber":173,"HizbNumber":44,"HizbDecimal":0.0,"HasSajda":false},{"SurahNumber":34,"SurahIndex":"034","VerseNumber":30,"ShowSurahName":false,"ShowBismillah":false,"Words":[{"Position":1,"AudioFileName":"034_030_001.mp3","TajweedImageFilePath":"34/30/1.png","Text":"قُل","Translation":"Say","Transliteration":"qul","Root":"ق و ل"},{"Position":2,"AudioFileName":"034_030_002.mp3","TajweedImageFilePath":"34/30/2.png","Text":"لَّكُم","Translation":"For you","Transliteration":"lakum","Root":"ل"},{"Position":3,"AudioFileName":"034_030_003.mp3","TajweedImageFilePath":"34/30/3.png","Text":"مِّيعَادُ","Translation":"(is the) appointment","Transliteration":"mīʿādu","Root":"و ع د"},{"Position":4,"AudioFileName":"034_030_004.mp3","TajweedImageFilePath":"34/30/4.png","Text":"يَوْمٍۢ","Translation":"(of) a Day","Transliteration":"yawmin","Root":"ي و م"},{"Position":5,"AudioFileName":"034_030_005.mp3","TajweedImageFilePath":"34/30/5.png","Text":"لَّا","Translation":"not","Transliteration":"lā","Root":"ل ا"},{"Position":6,"AudioFileName":"034_030_006.mp3","TajweedImageFilePath":"34/30/6.png","Text":"تَسْتَـْٔخِرُونَ","Translation":"you can postpone","Transliteration":"tastakhirūna","Root":"أ خ ر"},{"Position":7,"AudioFileName":"034_030_007.mp3","TajweedImageFilePath":"34/30/7.png","Text":"عَنْهُ","Translation":"[of] it","Transliteration":"ʿanhu","Root":"ع ن"},{"Position":8,"AudioFileName":"034_030_008.mp3","TajweedImageFilePath":"34/30/8.png","Text":"سَاعَةًۭ","Translation":"(for) an hour","Transliteration":"sāʿatan","Root":"س و ع"},{"Position":9,"AudioFileName":"034_030_009.mp3","TajweedImageFilePath":"34/30/9.png","Text":"وَلَا","Translation":"and not","Transliteration":"walā","Root":"ل ا"},{"Position":10,"AudioFileName":"034_030_010.mp3","TajweedImageFilePath":"34/30/10.png","Text":"تَسْتَقْدِمُونَ","Translation":"(can) you precede (it)","Transliteration":"tastaqdimūna","Root":"ق د م"},{"Position":11,"AudioFileName":null,"TajweedImageFilePath":"30.png","Text":"٣٠","Translation":"(30)","Transliteration":null,"Root":null}],"PageNumber":431,"JuzNumber":22,"ManzilNumber":5,"RukuNumber":372,"MaqraNumber":173,"HizbNumber":44,"HizbDecimal":0.0,"HasSajda":false},{"SurahNumber":34,"SurahIndex":"034","VerseNumber":31,"ShowSurahName":false,"ShowBismillah":false,"Words":[{"Position":1,"AudioFileName":"034_031_001.mp3","TajweedImageFilePath":"34/31/1.png","Text":"وَقَالَ","Translation":"And say","Transliteration":"waqāla","Root":"ق و ل"},{"Position":2,"AudioFileName":"034_031_002.mp3","TajweedImageFilePath":"34/31/2.png","Text":"ٱلَّذِينَ","Translation":"those who","Transliteration":"alladhīna","Root":"ٱلَّذِى"},{"Position":3,"AudioFileName":"034_031_003.mp3","TajweedImageFilePath":"34/31/3.png","Text":"كَفَرُوا۟","Translation":"disbelieve","Transliteration":"kafarū","Root":"ك ف ر"},{"Position":4,"AudioFileName":"034_031_004.mp3","TajweedImageFilePath":"34/31/4.png","Text":"لَن","Translation":"Never will","Transliteration":"lan","Root":"ل ن"},{"Position":5,"AudioFileName":"034_031_005.mp3","TajweedImageFilePath":"34/31/5.png","Text":"نُّؤْمِنَ","Translation":"we believe","Transliteration":"nu'mina","Root":"أ م ن"},{"Position":6,"AudioFileName":"034_031_006.mp3","TajweedImageFilePath":"34/31/6.png","Text":"بِهَـٰذَا","Translation":"in this","Transliteration":"bihādhā","Root":"ه ا ذ"},{"Position":7,"AudioFileName":"034_031_007.mp3","TajweedImageFilePath":"34/31/7.png","Text":"ٱلْقُرْءَانِ","Translation":"Quran","Transliteration":"l-qur'āni","Root":"ق ر أ"},{"Position":8,"AudioFileName":"034_031_008.mp3","TajweedImageFilePath":"34/31/8.png","Text":"وَلَا","Translation":"and not","Transliteration":"walā","Root":"ل ا"},{"Position":9,"AudioFileName":"034_031_009.mp3","TajweedImageFilePath":"34/31/9.png","Text":"بِٱلَّذِى","Translation":"in (that) which","Transliteration":"bi-alladhī","Root":"ٱلَّذِى"},{"Position":10,"AudioFileName":"034_031_010.mp3","TajweedImageFilePath":"34/31/10.png","Text":"بَيْنَ","Translation":"(was) before it","Transliteration":"bayna","Root":"ب ي ن"},{"Position":11,"AudioFileName":"034_031_011.mp3","TajweedImageFilePath":"34/31/11.png","Text":"يَدَيْهِ ۗ","Translation":"(was) before it","Transliteration":"yadayhi","Root":"ي د ي"},{"Position":12,"AudioFileName":"034_031_012.mp3","TajweedImageFilePath":"34/31/12.png","Text":"وَلَوْ","Translation":"But if","Transliteration":"walaw","Root":"ل و"},{"Position":13,"AudioFileName":"034_031_013.mp3","TajweedImageFilePath":"34/31/13.png","Text":"تَرَىٰٓ","Translation":"you (could) see","Transliteration":"tarā","Root":"ر أ ي"},{"Position":14,"AudioFileName":"034_031_014.mp3","TajweedImageFilePath":"34/31/14.png","Text":"إِذِ","Translation":"when","Transliteration":"idhi","Root":"إِذ"},{"Position":15,"AudioFileName":"034_031_015.mp3","TajweedImageFilePath":"34/31/15.png","Text":"ٱلظَّـٰلِمُونَ","Translation":"the wrongdoers","Transliteration":"l-ẓālimūna","Root":"ظ ل م"},{"Position":16,"AudioFileName":"034_031_016.mp3","TajweedImageFilePath":"34/31/16.png","Text":"مَوْقُوفُونَ","Translation":"will be made to stand","Transliteration":"mawqūfūna","Root":"و ق ف"},{"Position":17,"AudioFileName":"034_031_017.mp3","TajweedImageFilePath":"34/31/17.png","Text":"عِندَ","Translation":"before","Transliteration":"ʿinda","Root":"ع ن د"},{"Position":18,"AudioFileName":"034_031_018.mp3","TajweedImageFilePath":"34/31/18.png","Text":"رَبِّهِمْ","Translation":"their Lord","Transliteration":"rabbihim","Root":"ر ب ب"},{"Position":19,"AudioFileName":"034_031_019.mp3","TajweedImageFilePath":"34/31/19.png","Text":"يَرْجِعُ","Translation":"will throw back","Transliteration":"yarjiʿu","Root":"ر ج ع"},{"Position":20,"AudioFileName":"034_031_020.mp3","TajweedImageFilePath":"34/31/20.png","Text":"بَعْضُهُمْ","Translation":"some of them","Transliteration":"baʿḍuhum","Root":"ب ع ض"},{"Position":21,"AudioFileName":"034_031_021.mp3","TajweedImageFilePath":"34/31/21.png","Text":"إِلَىٰ","Translation":"to","Transliteration":"ilā","Root":"إِلَىٰ"},{"Position":22,"AudioFileName":"034_031_022.mp3","TajweedImageFilePath":"34/31/22.png","Text":"بَعْضٍ","Translation":"others","Transliteration":"baʿḍin","Root":"ب ع ض"},{"Position":23,"AudioFileName":"034_031_023.mp3","TajweedImageFilePath":"34/31/23.png","Text":"ٱلْقَوْلَ","Translation":"the word","Transliteration":"l-qawla","Root":"ق و ل"},{"Position":24,"AudioFileName":"034_031_024.mp3","TajweedImageFilePath":"34/31/24.png","Text":"يَقُولُ","Translation":"Will say","Transliteration":"yaqūlu","Root":"ق و ل"},{"Position":25,"AudioFileName":"034_031_025.mp3","TajweedImageFilePath":"34/31/25.png","Text":"ٱلَّذِينَ","Translation":"those who","Transliteration":"alladhīna","Root":"ٱلَّذِى"},{"Position":26,"AudioFileName":"034_031_026.mp3","TajweedImageFilePath":"34/31/26.png","Text":"ٱسْتُضْعِفُوا۟","Translation":"were oppressed","Transliteration":"us'tuḍ'ʿifū","Root":"ض ع ف"},{"Position":27,"AudioFileName":"034_031_027.mp3","TajweedImageFilePath":"34/31/27.png","Text":"لِلَّذِينَ","Translation":"to those who","Transliteration":"lilladhīna","Root":"ٱلَّذِى"},{"Position":28,"AudioFileName":"034_031_028.mp3","TajweedImageFilePath":"34/31/28.png","Text":"ٱسْتَكْبَرُوا۟","Translation":"were arrogant","Transliteration":"is'takbarū","Root":"ك ب ر"},{"Position":29,"AudioFileName":"034_031_029.mp3","TajweedImageFilePath":"34/31/29.png","Text":"لَوْلَآ","Translation":"If not","Transliteration":"lawlā","Root":"ل و ل ا"},{"Position":30,"AudioFileName":"034_031_030.mp3","TajweedImageFilePath":"34/31/30.png","Text":"أَنتُمْ","Translation":"(for) you","Transliteration":"antum","Root":"ا ن ت م"},{"Position":31,"AudioFileName":"034_031_031.mp3","TajweedImageFilePath":"34/31/31.png","Text":"لَكُنَّا","Translation":"certainly we (would) have been","Transliteration":"lakunnā","Root":"ك و ن"},{"Position":32,"AudioFileName":"034_031_032.mp3","TajweedImageFilePath":"34/31/32.png","Text":"مُؤْمِنِينَ","Translation":"believers","Transliteration":"mu'minīna","Root":"أ م ن"},{"Position":33,"AudioFileName":null,"TajweedImageFilePath":"31.png","Text":"٣١","Translation":"(31)","Transliteration":null,"Root":null}],"PageNumber":431,"JuzNumber":22,"ManzilNumber":5,"RukuNumber":373,"MaqraNumber":173,"HizbNumber":44,"HizbDecimal":0.0,"HasSajda":false},{"SurahNumber":34,"SurahIndex":"034","VerseNumber":32,"ShowSurahName":false,"ShowBismillah":false,"Words":[{"Position":1,"AudioFileName":"034_032_001.mp3","TajweedImageFilePath":"34/32/1.png","Text":"قَالَ","Translation":"Will say","Transliteration":"qāla","Root":"ق و ل"},{"Position":2,"AudioFileName":"034_032_002.mp3","TajweedImageFilePath":"34/32/2.png","Text":"ٱلَّذِينَ","Translation":"those who","Transliteration":"alladhīna","Root":"ٱلَّذِى"},{"Position":3,"AudioFileName":"034_032_003.mp3","TajweedImageFilePath":"34/32/3.png","Text":"ٱسْتَكْبَرُوا۟","Translation":"were arrogant","Transliteration":"is'takbarū","Root":"ك ب ر"},{"Position":4,"AudioFileName":"034_032_004.mp3","TajweedImageFilePath":"34/32/4.png","Text":"لِلَّذِينَ","Translation":"to those","Transliteration":"lilladhīna","Root":"ٱلَّذِى"},{"Position":5,"AudioFileName":"034_032_005.mp3","TajweedImageFilePath":"34/32/5.png","Text":"ٱسْتُضْعِفُوٓا۟","Translation":"who were oppressed","Transliteration":"us'tuḍ'ʿifū","Root":"ض ع ف"},{"Position":6,"AudioFileName":"034_032_006.mp3","TajweedImageFilePath":"34/32/6.png","Text":"أَنَحْنُ","Translation":"Did we","Transliteration":"anaḥnu","Root":"ن ح ن"},{"Position":7,"AudioFileName":"034_032_007.mp3","TajweedImageFilePath":"34/32/7.png","Text":"صَدَدْنَـٰكُمْ","Translation":"avert you","Transliteration":"ṣadadnākum","Root":"ص د د"},{"Position":8,"AudioFileName":"034_032_008.mp3","TajweedImageFilePath":"34/32/8.png","Text":"عَنِ","Translation":"from","Transliteration":"ʿani","Root":"ع ن"},{"Position":9,"AudioFileName":"034_032_009.mp3","TajweedImageFilePath":"34/32/9.png","Text":"ٱلْهُدَىٰ","Translation":"the guidance","Transliteration":"l-hudā","Root":"ه د ي"},{"Position":10,"AudioFileName":"034_032_010.mp3","TajweedImageFilePath":"34/32/10.png","Text":"بَعْدَ","Translation":"after","Transliteration":"baʿda","Root":"ب ع د"},{"Position":11,"AudioFileName":"034_032_011.mp3","TajweedImageFilePath":"34/32/11.png","Text":"إِذْ","Translation":"when","Transliteration":"idh","Root":"إِذ"},{"Position":12,"AudioFileName":"034_032_012.mp3","TajweedImageFilePath":"34/32/12.png","Text":"جَآءَكُم ۖ","Translation":"it had come to you","Transliteration":"jāakum","Root":"ج ي أ"},{"Position":13,"AudioFileName":"034_032_013.mp3","TajweedImageFilePath":"34/32/13.png","Text":"بَلْ","Translation":"Nay","Transliteration":"bal","Root":"ب ل"},{"Position":14,"AudioFileName":"034_032_014.mp3","TajweedImageFilePath":"34/32/14.png","Text":"كُنتُم","Translation":"you were","Transliteration":"kuntum","Root":"ك و ن"},{"Position":15,"AudioFileName":"034_032_015.mp3","TajweedImageFilePath":"34/32/15.png","Text":"مُّجْرِمِينَ","Translation":"criminals","Transliteration":"muj'rimīna","Root":"ج ر م"},{"Position":16,"AudioFileName":null,"TajweedImageFilePath":"32.png","Text":"٣٢","Translation":"(32)","Transliteration":null,"Root":null}],"PageNumber":432,"JuzNumber":22,"ManzilNumber":5,"RukuNumber":373,"MaqraNumber":173,"HizbNumber":44,"HizbDecimal":0.0,"HasSajda":false},{"SurahNumber":34,"SurahIndex":"034","VerseNumber":33,"ShowSurahName":false,"ShowBismillah":false,"Words":[{"Position":1,"AudioFileName":"034_033_001.mp3","TajweedImageFilePath":"34/33/1.png","Text":"وَقَالَ","Translation":"And will say","Transliteration":"waqāla","Root":"ق و ل"},{"Position":2,"AudioFileName":"034_033_002.mp3","TajweedImageFilePath":"34/33/2.png","Text":"ٱلَّذِينَ","Translation":"those who","Transliteration":"alladhīna","Root":"ٱلَّذِى"},{"Position":3,"AudioFileName":"034_033_003.mp3","TajweedImageFilePath":"34/33/3.png","Text":"ٱسْتُضْعِفُوا۟","Translation":"were oppressed","Transliteration":"us'tuḍ'ʿifū","Root":"ض ع ف"},{"Position":4,"AudioFileName":"034_033_004.mp3","TajweedImageFilePath":"34/33/4.png","Text":"لِلَّذِينَ","Translation":"to those who","Transliteration":"lilladhīna","Root":"ٱلَّذِى"},{"Position":5,"AudioFileName":"034_033_005.mp3","TajweedImageFilePath":"34/33/5.png","Text":"ٱسْتَكْبَرُوا۟","Translation":"were arrogant","Transliteration":"is'takbarū","Root":"ك ب ر"},{"Position":6,"AudioFileName":"034_033_006.mp3","TajweedImageFilePath":"34/33/6.png","Text":"بَلْ","Translation":"Nay","Transliteration":"bal","Root":"ب ل"},{"Position":7,"AudioFileName":"034_033_007.mp3","TajweedImageFilePath":"34/33/7.png","Text":"مَكْرُ","Translation":"(it was) a plot","Transliteration":"makru","Root":"م ك ر"},{"Position":8,"AudioFileName":"034_033_008.mp3","TajweedImageFilePath":"34/33/8.png","Text":"ٱلَّيْلِ","Translation":"(by) night","Transliteration":"al-layli","Root":"ل ي ل"},{"Position":9,"AudioFileName":"034_033_009.mp3","TajweedImageFilePath":"34/33/9.png","Text":"وَٱلنَّهَارِ","Translation":"and (by) day","Transliteration":"wal-nahāri","Root":"ن ه ر"},{"Position":10,"AudioFileName":"034_033_010.mp3","TajweedImageFilePath":"34/33/10.png","Text":"إِذْ","Translation":"when","Transliteration":"idh","Root":"إِذ"},{"Position":11,"AudioFileName":"034_033_011.mp3","TajweedImageFilePath":"34/33/11.png","Text":"تَأْمُرُونَنَآ","Translation":"you were ordering us","Transliteration":"tamurūnanā","Root":"أ م ر"},{"Position":12,"AudioFileName":"034_033_012.mp3","TajweedImageFilePath":"34/33/12.png","Text":"أَن","Translation":"that","Transliteration":"an","Root":"ا ن"},{"Position":13,"AudioFileName":"034_033_013.mp3","TajweedImageFilePath":"34/33/13.png","Text":"نَّكْفُرَ","Translation":"we disbelieve","Transliteration":"nakfura","Root":"ك ف ر"},{"Position":14,"AudioFileName":"034_033_014.mp3","TajweedImageFilePath":"34/33/14.png","Text":"بِٱللَّهِ","Translation":"in Allah","Transliteration":"bil-lahi","Root":"أ ل ه"},{"Position":15,"AudioFileName":"034_033_015.mp3","TajweedImageFilePath":"34/33/15.png","Text":"وَنَجْعَلَ","Translation":"and we set up","Transliteration":"wanajʿala","Root":"ج ع ل"},{"Position":16,"AudioFileName":"034_033_016.mp3","TajweedImageFilePath":"34/33/16.png","Text":"لَهُۥٓ","Translation":"for Him","Transliteration":"lahu","Root":"ل"},{"Position":17,"AudioFileName":"034_033_017.mp3","TajweedImageFilePath":"34/33/17.png","Text":"أَندَادًۭا ۚ","Translation":"equals","Transliteration":"andādan","Root":"ن د د"},{"Position":18,"AudioFileName":"034_033_018.mp3","TajweedImageFilePath":"34/33/18.png","Text":"وَأَسَرُّوا۟","Translation":"But they will conceal","Transliteration":"wa-asarrū","Root":"س ر ر"},{"Position":19,"AudioFileName":"034_033_019.mp3","TajweedImageFilePath":"34/33/19.png","Text":"ٱلنَّدَامَةَ","Translation":"the regret","Transliteration":"l-nadāmata","Root":"ن د م"},{"Position":20,"AudioFileName":"034_033_020.mp3","TajweedImageFilePath":"34/33/20.png","Text":"لَمَّا","Translation":"when","Transliteration":"lammā","Root":"ل م م ا"},{"Position":21,"AudioFileName":"034_033_021.mp3","TajweedImageFilePath":"34/33/21.png","Text":"رَأَوُا۟","Translation":"they see","Transliteration":"ra-awū","Root":"ر أ ي"},{"Position":22,"AudioFileName":"034_033_022.mp3","TajweedImageFilePath":"34/33/22.png","Text":"ٱلْعَذَابَ","Translation":"the punishment","Transliteration":"l-ʿadhāba","Root":"ع ذ ب"},{"Position":23,"AudioFileName":"034_033_023.mp3","TajweedImageFilePath":"34/33/23.png","Text":"وَجَعَلْنَا","Translation":"And We will put","Transliteration":"wajaʿalnā","Root":"ج ع ل"},{"Position":24,"AudioFileName":"034_033_024.mp3","TajweedImageFilePath":"34/33/24.png","Text":"ٱلْأَغْلَـٰلَ","Translation":"shackles","Transliteration":"l-aghlāla","Root":"غ ل ل"},{"Position":25,"AudioFileName":"034_033_025.mp3","TajweedImageFilePath":"34/33/25.png","Text":"فِىٓ","Translation":"on","Transliteration":"fī","Root":"ف ى"},{"Position":26,"AudioFileName":"034_033_026.mp3","TajweedImageFilePath":"34/33/26.png","Text":"أَعْنَاقِ","Translation":"(the) necks","Transliteration":"aʿnāqi","Root":"ع ن ق"},{"Position":27,"AudioFileName":"034_033_027.mp3","TajweedImageFilePath":"34/33/27.png","Text":"ٱلَّذِينَ","Translation":"(of) those who","Transliteration":"alladhīna","Root":"ٱلَّذِى"},{"Position":28,"AudioFileName":"034_033_028.mp3","TajweedImageFilePath":"34/33/28.png","Text":"كَفَرُوا۟ ۚ","Translation":"disbelieved","Transliteration":"kafarū","Root":"ك ف ر"},{"Position":29,"AudioFileName":"034_033_029.mp3","TajweedImageFilePath":"34/33/29.png","Text":"هَلْ","Translation":"Will","Transliteration":"hal","Root":"ه ل"},{"Position":30,"AudioFileName":"034_033_030.mp3","TajweedImageFilePath":"34/33/30.png","Text":"يُجْزَوْنَ","Translation":"they be recompensed","Transliteration":"yuj'zawna","Root":"ج ز ي"},{"Position":31,"AudioFileName":"034_033_031.mp3","TajweedImageFilePath":"34/33/31.png","Text":"إِلَّا","Translation":"except","Transliteration":"illā","Root":"إِلَّا"},{"Position":32,"AudioFileName":"034_033_032.mp3","TajweedImageFilePath":"34/33/32.png","Text":"مَا","Translation":"(for) what","Transliteration":"mā","Root":"م ا"},{"Position":33,"AudioFileName":"034_033_033.mp3","TajweedImageFilePath":"34/33/33.png","Text":"كَانُوا۟","Translation":"they used to","Transliteration":"kānū","Root":"ك و ن"},{"Position":34,"AudioFileName":"034_033_034.mp3","TajweedImageFilePath":"34/33/34.png","Text":"يَعْمَلُونَ","Translation":"do","Transliteration":"yaʿmalūna","Root":"ع م ل"},{"Position":35,"AudioFileName":null,"TajweedImageFilePath":"33.png","Text":"٣٣","Translation":"(33)","Transliteration":null,"Root":null}],"PageNumber":432,"JuzNumber":22,"ManzilNumber":5,"RukuNumber":373,"MaqraNumber":173,"HizbNumber":44,"HizbDecimal":0.0,"HasSajda":false},{"SurahNumber":34,"SurahIndex":"034","VerseNumber":34,"ShowSurahName":false,"ShowBismillah":false,"Words":[{"Position":1,"AudioFileName":"034_034_001.mp3","TajweedImageFilePath":"34/34/1.png","Text":"وَمَآ","Translation":"And not","Transliteration":"wamā","Root":"م ا"},{"Position":2,"AudioFileName":"034_034_002.mp3","TajweedImageFilePath":"34/34/2.png","Text":"أَرْسَلْنَا","Translation":"We sent","Transliteration":"arsalnā","Root":"ر س ل"},{"Position":3,"AudioFileName":"034_034_003.mp3","TajweedImageFilePath":"34/34/3.png","Text":"فِى","Translation":"to","Transliteration":"fī","Root":"ف ى"},{"Position":4,"AudioFileName":"034_034_004.mp3","TajweedImageFilePath":"34/34/4.png","Text":"قَرْيَةٍۢ","Translation":"a town","Transliteration":"qaryatin","Root":"ق ر ي"},{"Position":5,"AudioFileName":"034_034_005.mp3","TajweedImageFilePath":"34/34/5.png","Text":"مِّن","Translation":"any","Transliteration":"min","Root":"م ن"},{"Position":6,"AudioFileName":"034_034_006.mp3","TajweedImageFilePath":"34/34/6.png","Text":"نَّذِيرٍ","Translation":"warner","Transliteration":"nadhīrin","Root":"ن ذ ر"},{"Position":7,"AudioFileName":"034_034_007.mp3","TajweedImageFilePath":"34/34/7.png","Text":"إِلَّا","Translation":"but","Transliteration":"illā","Root":"إِلَّا"},{"Position":8,"AudioFileName":"034_034_008.mp3","TajweedImageFilePath":"34/34/8.png","Text":"قَالَ","Translation":"said","Transliteration":"qāla","Root":"ق و ل"},{"Position":9,"AudioFileName":"034_034_009.mp3","TajweedImageFilePath":"34/34/9.png","Text":"مُتْرَفُوهَآ","Translation":"its wealthy ones","Transliteration":"mut'rafūhā","Root":"ت ر ف"},{"Position":10,"AudioFileName":"034_034_010.mp3","TajweedImageFilePath":"34/34/10.png","Text":"إِنَّا","Translation":"Indeed we","Transliteration":"innā","Root":"ا ن ن"},{"Position":11,"AudioFileName":"034_034_011.mp3","TajweedImageFilePath":"34/34/11.png","Text":"بِمَآ","Translation":"in what","Transliteration":"bimā","Root":"ب م ا"},{"Position":12,"AudioFileName":"034_034_012.mp3","TajweedImageFilePath":"34/34/12.png","Text":"أُرْسِلْتُم","Translation":"you have been sent","Transliteration":"ur'sil'tum","Root":"ر س ل"},{"Position":13,"AudioFileName":"034_034_013.mp3","TajweedImageFilePath":"34/34/13.png","Text":"بِهِۦ","Translation":"with","Transliteration":"bihi","Root":"ب"},{"Position":14,"AudioFileName":"034_034_014.mp3","TajweedImageFilePath":"34/34/14.png","Text":"كَـٰفِرُونَ","Translation":"(are) disbelievers","Transliteration":"kāfirūna","Root":"ك ف ر"},{"Position":15,"AudioFileName":null,"TajweedImageFilePath":"34.png","Text":"٣٤","Translation":"(34)","Transliteration":null,"Root":null}],"PageNumber":432,"JuzNumber":22,"ManzilNumber":5,"RukuNumber":373,"MaqraNumber":173,"HizbNumber":44,"HizbDecimal":0.0,"HasSajda":false},{"SurahNumber":34,"SurahIndex":"034","VerseNumber":35,"ShowSurahName":false,"ShowBismillah":false,"Words":[{"Position":1,"AudioFileName":"034_035_001.mp3","TajweedImageFilePath":"34/35/1.png","Text":"وَقَالُوا۟","Translation":"And they say","Transliteration":"waqālū","Root":"ق و ل"},{"Position":2,"AudioFileName":"034_035_002.mp3","TajweedImageFilePath":"34/35/2.png","Text":"نَحْنُ","Translation":"We","Transliteration":"naḥnu","Root":"ن ح ن"},{"Position":3,"AudioFileName":"034_035_003.mp3","TajweedImageFilePath":"34/35/3.png","Text":"أَكْثَرُ","Translation":"(have) more","Transliteration":"aktharu","Root":"ك ث ر"},{"Position":4,"AudioFileName":"034_035_004.mp3","TajweedImageFilePath":"34/35/4.png","Text":"أَمْوَٰلًۭا","Translation":"wealth","Transliteration":"amwālan","Root":"م و ل"},{"Position":5,"AudioFileName":"034_035_005.mp3","TajweedImageFilePath":"34/35/5.png","Text":"وَأَوْلَـٰدًۭا","Translation":"and children","Transliteration":"wa-awlādan","Root":"و ل د"},{"Position":6,"AudioFileName":"034_035_006.mp3","TajweedImageFilePath":"34/35/6.png","Text":"وَمَا","Translation":"and not","Transliteration":"wamā","Root":"م ا"},{"Position":7,"AudioFileName":"034_035_007.mp3","TajweedImageFilePath":"34/35/7.png","Text":"نَحْنُ","Translation":"we","Transliteration":"naḥnu","Root":"ن ح ن"},{"Position":8,"AudioFileName":"034_035_008.mp3","TajweedImageFilePath":"34/35/8.png","Text":"بِمُعَذَّبِينَ","Translation":"will be punished","Transliteration":"bimuʿadhabīna","Root":"ع ذ ب"},{"Position":9,"AudioFileName":null,"TajweedImageFilePath":"35.png","Text":"٣٥","Translation":"(35)","Transliteration":null,"Root":null}],"PageNumber":432,"JuzNumber":22,"ManzilNumber":5,"RukuNumber":373,"MaqraNumber":173,"HizbNumber":44,"HizbDecimal":0.0,"HasSajda":false},{"SurahNumber":34,"SurahIndex":"034","VerseNumber":36,"ShowSurahName":false,"ShowBismillah":false,"Words":[{"Position":1,"AudioFileName":"034_036_001.mp3","TajweedImageFilePath":"34/36/1.png","Text":"قُلْ","Translation":"Say","Transliteration":"qul","Root":"ق و ل"},{"Position":2,"AudioFileName":"034_036_002.mp3","TajweedImageFilePath":"34/36/2.png","Text":"إِنَّ","Translation":"Indeed","Transliteration":"inna","Root":"ا ن ن"},{"Position":3,"AudioFileName":"034_036_003.mp3","TajweedImageFilePath":"34/36/3.png","Text":"رَبِّى","Translation":"my Lord","Transliteration":"rabbī","Root":"ر ب ب"},{"Position":4,"AudioFileName":"034_036_004.mp3","TajweedImageFilePath":"34/36/4.png","Text":"يَبْسُطُ","Translation":"extends","Transliteration":"yabsuṭu","Root":"ب س ط"},{"Position":5,"AudioFileName":"034_036_005.mp3","TajweedImageFilePath":"34/36/5.png","Text":"ٱلرِّزْقَ","Translation":"the provision","Transliteration":"l-riz'qa","Root":"ر ز ق"},{"Position":6,"AudioFileName":"034_036_006.mp3","TajweedImageFilePath":"34/36/6.png","Text":"لِمَن","Translation":"for whom","Transliteration":"liman","Root":"م ن"},{"Position":7,"AudioFileName":"034_036_007.mp3","TajweedImageFilePath":"34/36/7.png","Text":"يَشَآءُ","Translation":"He wills","Transliteration":"yashāu","Root":"ش ي أ"},{"Position":8,"AudioFileName":"034_036_008.mp3","TajweedImageFilePath":"34/36/8.png","Text":"وَيَقْدِرُ","Translation":"and restricts","Transliteration":"wayaqdiru","Root":"ق د ر"},{"Position":9,"AudioFileName":"034_036_009.mp3","TajweedImageFilePath":"34/36/9.png","Text":"وَلَـٰكِنَّ","Translation":"but","Transliteration":"walākinna","Root":"ل ك ن"},{"Position":10,"AudioFileName":"034_036_010.mp3","TajweedImageFilePath":"34/36/10.png","Text":"أَكْثَرَ","Translation":"most","Transliteration":"akthara","Root":"ك ث ر"},{"Position":11,"AudioFileName":"034_036_011.mp3","TajweedImageFilePath":"34/36/11.png","Text":"ٱلنَّاسِ","Translation":"[the] people","Transliteration":"l-nāsi","Root":"ن و س"},{"Position":12,"AudioFileName":"034_036_012.mp3","TajweedImageFilePath":"34/36/12.png","Text":"لَا","Translation":"(do) not","Transliteration":"lā","Root":"ل ا"},{"Position":13,"AudioFileName":"034_036_013.mp3","TajweedImageFilePath":"34/36/13.png","Text":"يَعْلَمُونَ","Translation":"know","Transliteration":"yaʿlamūna","Root":"ع ل م"},{"Position":14,"AudioFileName":null,"TajweedImageFilePath":"36.png","Text":"٣٦","Translation":"(36)","Transliteration":null,"Root":null}],"PageNumber":432,"JuzNumber":22,"ManzilNumber":5,"RukuNumber":373,"MaqraNumber":173,"HizbNumber":44,"HizbDecimal":0.0,"HasSajda":false},{"SurahNumber":34,"SurahIndex":"034","VerseNumber":37,"ShowSurahName":false,"ShowBismillah":false,"Words":[{"Position":1,"AudioFileName":"034_037_001.mp3","TajweedImageFilePath":"34/37/1.png","Text":"وَمَآ","Translation":"And not","Transliteration":"wamā","Root":"م ا"},{"Position":2,"AudioFileName":"034_037_002.mp3","TajweedImageFilePath":"34/37/2.png","Text":"أَمْوَٰلُكُمْ","Translation":"your wealth","Transliteration":"amwālukum","Root":"م و ل"},{"Position":3,"AudioFileName":"034_037_003.mp3","TajweedImageFilePath":"34/37/3.png","Text":"وَلَآ","Translation":"and not","Transliteration":"walā","Root":"ل ا"},{"Position":4,"AudioFileName":"034_037_004.mp3","TajweedImageFilePath":"34/37/4.png","Text":"أَوْلَـٰدُكُم","Translation":"your children","Transliteration":"awlādukum","Root":"و ل د"},{"Position":5,"AudioFileName":"034_037_005.mp3","TajweedImageFilePath":"34/37/5.png","Text":"بِٱلَّتِى","Translation":"[that]","Transliteration":"bi-allatī","Root":"ٱلَّذِى"},{"Position":6,"AudioFileName":"034_037_006.mp3","TajweedImageFilePath":"34/37/6.png","Text":"تُقَرِّبُكُمْ","Translation":"will bring you close","Transliteration":"tuqarribukum","Root":"ق ر ب"},{"Position":7,"AudioFileName":"034_037_007.mp3","TajweedImageFilePath":"34/37/7.png","Text":"عِندَنَا","Translation":"to Us","Transliteration":"ʿindanā","Root":"ع ن د"},{"Position":8,"AudioFileName":"034_037_008.mp3","TajweedImageFilePath":"34/37/8.png","Text":"زُلْفَىٰٓ","Translation":"(in) position","Transliteration":"zul'fā","Root":"ز ل ف"},{"Position":9,"AudioFileName":"034_037_009.mp3","TajweedImageFilePath":"34/37/9.png","Text":"إِلَّا","Translation":"but","Transliteration":"illā","Root":"إِلَّا"},{"Position":10,"AudioFileName":"034_037_010.mp3","TajweedImageFilePath":"34/37/10.png","Text":"مَنْ","Translation":"whoever","Transliteration":"man","Root":"م ن"},{"Position":11,"AudioFileName":"034_037_011.mp3","TajweedImageFilePath":"34/37/11.png","Text":"ءَامَنَ","Translation":"believes","Transliteration":"āmana","Root":"أ م ن"},{"Position":12,"AudioFileName":"034_037_012.mp3","TajweedImageFilePath":"34/37/12.png","Text":"وَعَمِلَ","Translation":"and does","Transliteration":"waʿamila","Root":"ع م ل"},{"Position":13,"AudioFileName":"034_037_013.mp3","TajweedImageFilePath":"34/37/13.png","Text":"صَـٰلِحًۭا","Translation":"righteousness","Transliteration":"ṣāliḥan","Root":"ص ل ح"},{"Position":14,"AudioFileName":"034_037_014.mp3","TajweedImageFilePath":"34/37/14.png","Text":"فَأُو۟لَـٰٓئِكَ","Translation":"then those","Transliteration":"fa-ulāika","Root":"ا و ل ا ء"},{"Position":15,"AudioFileName":"034_037_015.mp3","TajweedImageFilePath":"34/37/15.png","Text":"لَهُمْ","Translation":"for them","Transliteration":"lahum","Root":"ل"},{"Position":16,"AudioFileName":"034_037_016.mp3","TajweedImageFilePath":"34/37/16.png","Text":"جَزَآءُ","Translation":"(will be) reward","Transliteration":"jazāu","Root":"ج ز ي"},{"Position":17,"AudioFileName":"034_037_017.mp3","TajweedImageFilePath":"34/37/17.png","Text":"ٱلضِّعْفِ","Translation":"two-fold","Transliteration":"l-ḍiʿ'fi","Root":"ض ع ف"},{"Position":18,"AudioFileName":"034_037_018.mp3","TajweedImageFilePath":"34/37/18.png","Text":"بِمَا","Translation":"for what","Transliteration":"bimā","Root":"ب م ا"},{"Position":19,"AudioFileName":"034_037_019.mp3","TajweedImageFilePath":"34/37/19.png","Text":"عَمِلُوا۟","Translation":"they did","Transliteration":"ʿamilū","Root":"ع م ل"},{"Position":20,"AudioFileName":"034_037_020.mp3","TajweedImageFilePath":"34/37/20.png","Text":"وَهُمْ","Translation":"and they","Transliteration":"wahum","Root":"ه م"},{"Position":21,"AudioFileName":"034_037_021.mp3","TajweedImageFilePath":"34/37/21.png","Text":"فِى","Translation":"(will be) in","Transliteration":"fī","Root":"ف ى"},{"Position":22,"AudioFileName":"034_037_022.mp3","TajweedImageFilePath":"34/37/22.png","Text":"ٱلْغُرُفَـٰتِ","Translation":"the high dwellings","Transliteration":"l-ghurufāti","Root":"غ ر ف"},{"Position":23,"AudioFileName":"034_037_023.mp3","TajweedImageFilePath":"34/37/23.png","Text":"ءَامِنُونَ","Translation":"secure","Transliteration":"āminūna","Root":"أ م ن"},{"Position":24,"AudioFileName":null,"TajweedImageFilePath":"37.png","Text":"٣٧","Translation":"(37)","Transliteration":null,"Root":null}],"PageNumber":432,"JuzNumber":22,"ManzilNumber":5,"RukuNumber":374,"MaqraNumber":173,"HizbNumber":44,"HizbDecimal":0.0,"HasSajda":false},{"SurahNumber":34,"SurahIndex":"034","VerseNumber":38,"ShowSurahName":false,"ShowBismillah":false,"Words":[{"Position":1,"AudioFileName":"034_038_001.mp3","TajweedImageFilePath":"34/38/1.png","Text":"وَٱلَّذِينَ","Translation":"And those who","Transliteration":"wa-alladhīna","Root":"ٱلَّذِى"},{"Position":2,"AudioFileName":"034_038_002.mp3","TajweedImageFilePath":"34/38/2.png","Text":"يَسْعَوْنَ","Translation":"strive","Transliteration":"yasʿawna","Root":"س ع ي"},{"Position":3,"AudioFileName":"034_038_003.mp3","TajweedImageFilePath":"34/38/3.png","Text":"فِىٓ","Translation":"against","Transliteration":"fī","Root":"ف ى"},{"Position":4,"AudioFileName":"034_038_004.mp3","TajweedImageFilePath":"34/38/4.png","Text":"ءَايَـٰتِنَا","Translation":"Our Verses","Transliteration":"āyātinā","Root":"أ ي ي"},{"Position":5,"AudioFileName":"034_038_005.mp3","TajweedImageFilePath":"34/38/5.png","Text":"مُعَـٰجِزِينَ","Translation":"(to) cause failure","Transliteration":"muʿājizīna","Root":"ع ج ز"},{"Position":6,"AudioFileName":"034_038_006.mp3","TajweedImageFilePath":"34/38/6.png","Text":"أُو۟لَـٰٓئِكَ","Translation":"those","Transliteration":"ulāika","Root":"ا و ل ا ء"},{"Position":7,"AudioFileName":"034_038_007.mp3","TajweedImageFilePath":"34/38/7.png","Text":"فِى","Translation":"into","Transliteration":"fī","Root":"ف ى"},{"Position":8,"AudioFileName":"034_038_008.mp3","TajweedImageFilePath":"34/38/8.png","Text":"ٱلْعَذَابِ","Translation":"the punishment","Transliteration":"l-ʿadhābi","Root":"ع ذ ب"},{"Position":9,"AudioFileName":"034_038_009.mp3","TajweedImageFilePath":"34/38/9.png","Text":"مُحْضَرُونَ","Translation":"(will be) brought","Transliteration":"muḥ'ḍarūna","Root":"ح ض ر"},{"Position":10,"AudioFileName":null,"TajweedImageFilePath":"38.png","Text":"٣٨","Translation":"(38)","Transliteration":null,"Root":null}],"PageNumber":432,"JuzNumber":22,"ManzilNumber":5,"RukuNumber":374,"MaqraNumber":173,"HizbNumber":44,"HizbDecimal":0.0,"HasSajda":false},{"SurahNumber":34,"SurahIndex":"034","VerseNumber":39,"ShowSurahName":false,"ShowBismillah":false,"Words":[{"Position":1,"AudioFileName":"034_039_001.mp3","TajweedImageFilePath":"34/39/1.png","Text":"قُلْ","Translation":"Say","Transliteration":"qul","Root":"ق و ل"},{"Position":2,"AudioFileName":"034_039_002.mp3","TajweedImageFilePath":"34/39/2.png","Text":"إِنَّ","Translation":"Indeed","Transliteration":"inna","Root":"ا ن ن"},{"Position":3,"AudioFileName":"034_039_003.mp3","TajweedImageFilePath":"34/39/3.png","Text":"رَبِّى","Translation":"my Lord","Transliteration":"rabbī","Root":"ر ب ب"},{"Position":4,"AudioFileName":"034_039_004.mp3","TajweedImageFilePath":"34/39/4.png","Text":"يَبْسُطُ","Translation":"extends","Transliteration":"yabsuṭu","Root":"ب س ط"},{"Position":5,"AudioFileName":"034_039_005.mp3","TajweedImageFilePath":"34/39/5.png","Text":"ٱلرِّزْقَ","Translation":"the provision","Transliteration":"l-riz'qa","Root":"ر ز ق"},{"Position":6,"AudioFileName":"034_039_006.mp3","TajweedImageFilePath":"34/39/6.png","Text":"لِمَن","Translation":"for whom","Transliteration":"liman","Root":"م ن"},{"Position":7,"AudioFileName":"034_039_007.mp3","TajweedImageFilePath":"34/39/7.png","Text":"يَشَآءُ","Translation":"He wills","Transliteration":"yashāu","Root":"ش ي أ"},{"Position":8,"AudioFileName":"034_039_008.mp3","TajweedImageFilePath":"34/39/8.png","Text":"مِنْ","Translation":"of","Transliteration":"min","Root":"م ن"},{"Position":9,"AudioFileName":"034_039_009.mp3","TajweedImageFilePath":"34/39/9.png","Text":"عِبَادِهِۦ","Translation":"His slaves","Transliteration":"ʿibādihi","Root":"ع ب د"},{"Position":10,"AudioFileName":"034_039_010.mp3","TajweedImageFilePath":"34/39/10.png","Text":"وَيَقْدِرُ","Translation":"and restricts","Transliteration":"wayaqdiru","Root":"ق د ر"},{"Position":11,"AudioFileName":"034_039_011.mp3","TajweedImageFilePath":"34/39/11.png","Text":"لَهُۥ ۚ","Translation":"for him","Transliteration":"lahu","Root":"ل"},{"Position":12,"AudioFileName":"034_039_012.mp3","TajweedImageFilePath":"34/39/12.png","Text":"وَمَآ","Translation":"But what","Transliteration":"wamā","Root":"م ا"},{"Position":13,"AudioFileName":"034_039_013.mp3","TajweedImageFilePath":"34/39/13.png","Text":"أَنفَقْتُم","Translation":"you spend","Transliteration":"anfaqtum","Root":"ن ف ق"},{"Position":14,"AudioFileName":"034_039_014.mp3","TajweedImageFilePath":"34/39/14.png","Text":"مِّن","Translation":"of","Transliteration":"min","Root":"م ن"},{"Position":15,"AudioFileName":"034_039_015.mp3","TajweedImageFilePath":"34/39/15.png","Text":"شَىْءٍۢ","Translation":"anything","Transliteration":"shayin","Root":"ش ي أ"},{"Position":16,"AudioFileName":"034_039_016.mp3","TajweedImageFilePath":"34/39/16.png","Text":"فَهُوَ","Translation":"then He","Transliteration":"fahuwa","Root":"ه و"},{"Position":17,"AudioFileName":"034_039_017.mp3","TajweedImageFilePath":"34/39/17.png","Text":"يُخْلِفُهُۥ ۖ","Translation":"will compensate it","Transliteration":"yukh'lifuhu","Root":"خ ل ف"},{"Position":18,"AudioFileName":"034_039_018.mp3","TajweedImageFilePath":"34/39/18.png","Text":"وَهُوَ","Translation":"and He","Transliteration":"wahuwa","Root":"ه و"},{"Position":19,"AudioFileName":"034_039_019.mp3","TajweedImageFilePath":"34/39/19.png","Text":"خَيْرُ","Translation":"(is the) Best","Transliteration":"khayru","Root":"خ ي ر"},{"Position":20,"AudioFileName":"034_039_020.mp3","TajweedImageFilePath":"34/39/20.png","Text":"ٱلرَّٰزِقِينَ","Translation":"(of) the Providers","Transliteration":"l-rāziqīna","Root":"ر ز ق"},{"Position":21,"AudioFileName":null,"TajweedImageFilePath":"39.png","Text":"٣٩","Translation":"(39)","Transliteration":null,"Root":null}],"PageNumber":432,"JuzNumber":22,"ManzilNumber":5,"RukuNumber":374,"MaqraNumber":173,"HizbNumber":44,"HizbDecimal":0.0,"HasSajda":false},{"SurahNumber":34,"SurahIndex":"034","VerseNumber":40,"ShowSurahName":false,"ShowBismillah":false,"Words":[{"Position":1,"AudioFileName":"034_040_001.mp3","TajweedImageFilePath":"34/40/1.png","Text":"وَيَوْمَ","Translation":"And (the) Day","Transliteration":"wayawma","Root":"ي و م"},{"Position":2,"AudioFileName":"034_040_002.mp3","TajweedImageFilePath":"34/40/2.png","Text":"يَحْشُرُهُمْ","Translation":"He will gather them","Transliteration":"yaḥshuruhum","Root":"ح ش ر"},{"Position":3,"AudioFileName":"034_040_003.mp3","TajweedImageFilePath":"34/40/3.png","Text":"جَمِيعًۭا","Translation":"all","Transliteration":"jamīʿan","Root":"ج م ع"},{"Position":4,"AudioFileName":"034_040_004.mp3","TajweedImageFilePath":"34/40/4.png","Text":"ثُمَّ","Translation":"then","Transliteration":"thumma","Root":"ث م م"},{"Position":5,"AudioFileName":"034_040_005.mp3","TajweedImageFilePath":"34/40/5.png","Text":"يَقُولُ","Translation":"He will say","Transliteration":"yaqūlu","Root":"ق و ل"},{"Position":6,"AudioFileName":"034_040_006.mp3","TajweedImageFilePath":"34/40/6.png","Text":"لِلْمَلَـٰٓئِكَةِ","Translation":"to the Angels","Transliteration":"lil'malāikati","Root":"م ل ك"},{"Position":7,"AudioFileName":"034_040_007.mp3","TajweedImageFilePath":"34/40/7.png","Text":"أَهَـٰٓؤُلَآءِ","Translation":"Were these you","Transliteration":"ahāulāi","Root":"ا و ل ا ء"},{"Position":8,"AudioFileName":"034_040_008.mp3","TajweedImageFilePath":"34/40/8.png","Text":"إِيَّاكُمْ","Translation":"Were these you","Transliteration":"iyyākum","Root":"ا ى ى"},{"Position":9,"AudioFileName":"034_040_009.mp3","TajweedImageFilePath":"34/40/9.png","Text":"كَانُوا۟","Translation":"they were","Transliteration":"kānū","Root":"ك و ن"},{"Position":10,"AudioFileName":"034_040_010.mp3","TajweedImageFilePath":"34/40/10.png","Text":"يَعْبُدُونَ","Translation":"worshipping","Transliteration":"yaʿbudūna","Root":"ع ب د"},{"Position":11,"AudioFileName":null,"TajweedImageFilePath":"40.png","Text":"٤٠","Translation":"(40)","Transliteration":null,"Root":null}],"PageNumber":433,"JuzNumber":22,"ManzilNumber":5,"RukuNumber":374,"MaqraNumber":173,"HizbNumber":44,"HizbDecimal":0.0,"HasSajda":false},{"SurahNumber":34,"SurahIndex":"034","VerseNumber":41,"ShowSurahName":false,"ShowBismillah":false,"Words":[{"Position":1,"AudioFileName":"034_041_001.mp3","TajweedImageFilePath":"34/41/1.png","Text":"قَالُوا۟","Translation":"They will say","Transliteration":"qālū","Root":"ق و ل"},{"Position":2,"AudioFileName":"034_041_002.mp3","TajweedImageFilePath":"34/41/2.png","Text":"سُبْحَـٰنَكَ","Translation":"Glory be to You","Transliteration":"sub'ḥānaka","Root":"س ب ح"},{"Position":3,"AudioFileName":"034_041_003.mp3","TajweedImageFilePath":"34/41/3.png","Text":"أَنتَ","Translation":"You","Transliteration":"anta","Root":"ا ن ت"},{"Position":4,"AudioFileName":"034_041_004.mp3","TajweedImageFilePath":"34/41/4.png","Text":"وَلِيُّنَا","Translation":"(are) our Protector","Transliteration":"waliyyunā","Root":"و ل ي"},{"Position":5,"AudioFileName":"034_041_005.mp3","TajweedImageFilePath":"34/41/5.png","Text":"مِن","Translation":"not them","Transliteration":"min","Root":"م ن"},{"Position":6,"AudioFileName":"034_041_006.mp3","TajweedImageFilePath":"34/41/6.png","Text":"دُونِهِم ۖ","Translation":"not them","Transliteration":"dūnihim","Root":"د و ن"},{"Position":7,"AudioFileName":"034_041_007.mp3","TajweedImageFilePath":"34/41/7.png","Text":"بَلْ","Translation":"Nay","Transliteration":"bal","Root":"ب ل"},{"Position":8,"AudioFileName":"034_041_008.mp3","TajweedImageFilePath":"34/41/8.png","Text":"كَانُوا۟","Translation":"they used","Transliteration":"kānū","Root":"ك و ن"},{"Position":9,"AudioFileName":"034_041_009.mp3","TajweedImageFilePath":"34/41/9.png","Text":"يَعْبُدُونَ","Translation":"(to) worship","Transliteration":"yaʿbudūna","Root":"ع ب د"},{"Position":10,"AudioFileName":"034_041_010.mp3","TajweedImageFilePath":"34/41/10.png","Text":"ٱلْجِنَّ ۖ","Translation":"the jinn","Transliteration":"l-jina","Root":"ج ن ن"},{"Position":11,"AudioFileName":"034_041_011.mp3","TajweedImageFilePath":"34/41/11.png","Text":"أَكْثَرُهُم","Translation":"most of them","Transliteration":"aktharuhum","Root":"ك ث ر"},{"Position":12,"AudioFileName":"034_041_012.mp3","TajweedImageFilePath":"34/41/12.png","Text":"بِهِم","Translation":"in them","Transliteration":"bihim","Root":"ب"},{"Position":13,"AudioFileName":"034_041_013.mp3","TajweedImageFilePath":"34/41/13.png","Text":"مُّؤْمِنُونَ","Translation":"(were) believers","Transliteration":"mu'minūna","Root":"أ م ن"},{"Position":14,"AudioFileName":null,"TajweedImageFilePath":"41.png","Text":"٤١","Translation":"(41)","Transliteration":null,"Root":null}],"PageNumber":433,"JuzNumber":22,"ManzilNumber":5,"RukuNumber":374,"MaqraNumber":173,"HizbNumber":44,"HizbDecimal":0.0,"HasSajda":false},{"SurahNumber":34,"SurahIndex":"034","VerseNumber":42,"ShowSurahName":false,"ShowBismillah":false,"Words":[{"Position":1,"AudioFileName":"034_042_001.mp3","TajweedImageFilePath":"34/42/1.png","Text":"فَٱلْيَوْمَ","Translation":"But today","Transliteration":"fal-yawma","Root":"ي و م"},{"Position":2,"AudioFileName":"034_042_002.mp3","TajweedImageFilePath":"34/42/2.png","Text":"لَا","Translation":"not","Transliteration":"lā","Root":"ل ا"},{"Position":3,"AudioFileName":"034_042_003.mp3","TajweedImageFilePath":"34/42/3.png","Text":"يَمْلِكُ","Translation":"possess power","Transliteration":"yamliku","Root":"م ل ك"},{"Position":4,"AudioFileName":"034_042_004.mp3","TajweedImageFilePath":"34/42/4.png","Text":"بَعْضُكُمْ","Translation":"some of you","Transliteration":"baʿḍukum","Root":"ب ع ض"},{"Position":5,"AudioFileName":"034_042_005.mp3","TajweedImageFilePath":"34/42/5.png","Text":"لِبَعْضٍۢ","Translation":"on others","Transliteration":"libaʿḍin","Root":"ب ع ض"},{"Position":6,"AudioFileName":"034_042_006.mp3","TajweedImageFilePath":"34/42/6.png","Text":"نَّفْعًۭا","Translation":"to benefit","Transliteration":"nafʿan","Root":"ن ف ع"},{"Position":7,"AudioFileName":"034_042_007.mp3","TajweedImageFilePath":"34/42/7.png","Text":"وَلَا","Translation":"and not","Transliteration":"walā","Root":"ل ا"},{"Position":8,"AudioFileName":"034_042_008.mp3","TajweedImageFilePath":"34/42/8.png","Text":"ضَرًّۭا","Translation":"to harm","Transliteration":"ḍarran","Root":"ض ر ر"},{"Position":9,"AudioFileName":"034_042_009.mp3","TajweedImageFilePath":"34/42/9.png","Text":"وَنَقُولُ","Translation":"and We will say","Transliteration":"wanaqūlu","Root":"ق و ل"},{"Position":10,"AudioFileName":"034_042_010.mp3","TajweedImageFilePath":"34/42/10.png","Text":"لِلَّذِينَ","Translation":"to those","Transliteration":"lilladhīna","Root":"ٱلَّذِى"},{"Position":11,"AudioFileName":"034_042_011.mp3","TajweedImageFilePath":"34/42/11.png","Text":"ظَلَمُوا۟","Translation":"who wronged","Transliteration":"ẓalamū","Root":"ظ ل م"},{"Position":12,"AudioFileName":"034_042_012.mp3","TajweedImageFilePath":"34/42/12.png","Text":"ذُوقُوا۟","Translation":"Taste","Transliteration":"dhūqū","Root":"ذ و ق"},{"Position":13,"AudioFileName":"034_042_013.mp3","TajweedImageFilePath":"34/42/13.png","Text":"عَذَابَ","Translation":"(the) punishment","Transliteration":"ʿadhāba","Root":"ع ذ ب"},{"Position":14,"AudioFileName":"034_042_014.mp3","TajweedImageFilePath":"34/42/14.png","Text":"ٱلنَّارِ","Translation":"(of) the Fire","Transliteration":"l-nāri","Root":"ن و ر"},{"Position":15,"AudioFileName":"034_042_015.mp3","TajweedImageFilePath":"34/42/15.png","Text":"ٱلَّتِى","Translation":"which","Transliteration":"allatī","Root":"ٱلَّذِى"},{"Position":16,"AudioFileName":"034_042_016.mp3","TajweedImageFilePath":"34/42/16.png","Text":"كُنتُم","Translation":"you used","Transliteration":"kuntum","Root":"ك و ن"},{"Position":17,"AudioFileName":"034_042_017.mp3","TajweedImageFilePath":"34/42/17.png","Text":"بِهَا","Translation":"to [it]","Transliteration":"bihā","Root":"ب"},{"Position":18,"AudioFileName":"034_042_018.mp3","TajweedImageFilePath":"34/42/18.png","Text":"تُكَذِّبُونَ","Translation":"deny","Transliteration":"tukadhibūna","Root":"ك ذ ب"},{"Position":19,"AudioFileName":null,"TajweedImageFilePath":"42.png","Text":"٤٢","Translation":"(42)","Transliteration":null,"Root":null}],"PageNumber":433,"JuzNumber":22,"ManzilNumber":5,"RukuNumber":374,"MaqraNumber":173,"HizbNumber":44,"HizbDecimal":0.0,"HasSajda":false},{"SurahNumber":34,"SurahIndex":"034","VerseNumber":43,"ShowSurahName":false,"ShowBismillah":false,"Words":[{"Position":1,"AudioFileName":"034_043_001.mp3","TajweedImageFilePath":"34/43/1.png","Text":"وَإِذَا","Translation":"And when","Transliteration":"wa-idhā","Root":"إِذَا"},{"Position":2,"AudioFileName":"034_043_002.mp3","TajweedImageFilePath":"34/43/2.png","Text":"تُتْلَىٰ","Translation":"are recited","Transliteration":"tut'lā","Root":"ت ل و"},{"Position":3,"AudioFileName":"034_043_003.mp3","TajweedImageFilePath":"34/43/3.png","Text":"عَلَيْهِمْ","Translation":"to them","Transliteration":"ʿalayhim","Root":"ع ل ى"},{"Position":4,"AudioFileName":"034_043_004.mp3","TajweedImageFilePath":"34/43/4.png","Text":"ءَايَـٰتُنَا","Translation":"Our Verses","Transliteration":"āyātunā","Root":"أ ي ي"},{"Position":5,"AudioFileName":"034_043_005.mp3","TajweedImageFilePath":"34/43/5.png","Text":"بَيِّنَـٰتٍۢ","Translation":"clear","Transliteration":"bayyinātin","Root":"ب ي ن"},{"Position":6,"AudioFileName":"034_043_006.mp3","TajweedImageFilePath":"34/43/6.png","Text":"قَالُوا۟","Translation":"they say","Transliteration":"qālū","Root":"ق و ل"},{"Position":7,"AudioFileName":"034_043_007.mp3","TajweedImageFilePath":"34/43/7.png","Text":"مَا","Translation":"Not","Transliteration":"mā","Root":"م ا"},{"Position":8,"AudioFileName":"034_043_008.mp3","TajweedImageFilePath":"34/43/8.png","Text":"هَـٰذَآ","Translation":"(is) this","Transliteration":"hādhā","Root":"ه ا ذ"},{"Position":9,"AudioFileName":"034_043_009.mp3","TajweedImageFilePath":"34/43/9.png","Text":"إِلَّا","Translation":"but","Transliteration":"illā","Root":"إِلَّا"},{"Position":10,"AudioFileName":"034_043_010.mp3","TajweedImageFilePath":"34/43/10.png","Text":"رَجُلٌۭ","Translation":"a man","Transliteration":"rajulun","Root":"ر ج ل"},{"Position":11,"AudioFileName":"034_043_011.mp3","TajweedImageFilePath":"34/43/11.png","Text":"يُرِيدُ","Translation":"who wishes","Transliteration":"yurīdu","Root":"ر و د"},{"Position":12,"AudioFileName":"034_043_012.mp3","TajweedImageFilePath":"34/43/12.png","Text":"أَن","Translation":"to","Transliteration":"an","Root":"ا ن"},{"Position":13,"AudioFileName":"034_043_013.mp3","TajweedImageFilePath":"34/43/13.png","Text":"يَصُدَّكُمْ","Translation":"hinder you","Transliteration":"yaṣuddakum","Root":"ص د د"},{"Position":14,"AudioFileName":"034_043_014.mp3","TajweedImageFilePath":"34/43/14.png","Text":"عَمَّا","Translation":"from what","Transliteration":"ʿammā","Root":"ع م م ا"},{"Position":15,"AudioFileName":"034_043_015.mp3","TajweedImageFilePath":"34/43/15.png","Text":"كَانَ","Translation":"used","Transliteration":"kāna","Root":"ك و ن"},{"Position":16,"AudioFileName":"034_043_016.mp3","TajweedImageFilePath":"34/43/16.png","Text":"يَعْبُدُ","Translation":"(to) worship","Transliteration":"yaʿbudu","Root":"ع ب د"},{"Position":17,"AudioFileName":"034_043_017.mp3","TajweedImageFilePath":"34/43/17.png","Text":"ءَابَآؤُكُمْ","Translation":"your forefathers","Transliteration":"ābāukum","Root":"أ ب و"},{"Position":18,"AudioFileName":"034_043_018.mp3","TajweedImageFilePath":"34/43/18.png","Text":"وَقَالُوا۟","Translation":"And they say","Transliteration":"waqālū","Root":"ق و ل"},{"Position":19,"AudioFileName":"034_043_019.mp3","TajweedImageFilePath":"34/43/19.png","Text":"مَا","Translation":"Not","Transliteration":"mā","Root":"م ا"},{"Position":20,"AudioFileName":"034_043_020.mp3","TajweedImageFilePath":"34/43/20.png","Text":"هَـٰذَآ","Translation":"(is) this","Transliteration":"hādhā","Root":"ه ا ذ"},{"Position":21,"AudioFileName":"034_043_021.mp3","TajweedImageFilePath":"34/43/21.png","Text":"إِلَّآ","Translation":"except","Transliteration":"illā","Root":"إِلَّا"},{"Position":22,"AudioFileName":"034_043_022.mp3","TajweedImageFilePath":"34/43/22.png","Text":"إِفْكٌۭ","Translation":"a lie","Transliteration":"if'kun","Root":"أ ف ك"},{"Position":23,"AudioFileName":"034_043_023.mp3","TajweedImageFilePath":"34/43/23.png","Text":"مُّفْتَرًۭى ۚ","Translation":"invented","Transliteration":"muf'taran","Root":"ف ر ي"},{"Position":24,"AudioFileName":"034_043_024.mp3","TajweedImageFilePath":"34/43/24.png","Text":"وَقَالَ","Translation":"And said","Transliteration":"waqāla","Root":"ق و ل"},{"Position":25,"AudioFileName":"034_043_025.mp3","TajweedImageFilePath":"34/43/25.png","Text":"ٱلَّذِينَ","Translation":"those who","Transliteration":"alladhīna","Root":"ٱلَّذِى"},{"Position":26,"AudioFileName":"034_043_026.mp3","TajweedImageFilePath":"34/43/26.png","Text":"كَفَرُوا۟","Translation":"disbelieved","Transliteration":"kafarū","Root":"ك ف ر"},{"Position":27,"AudioFileName":"034_043_027.mp3","TajweedImageFilePath":"34/43/27.png","Text":"لِلْحَقِّ","Translation":"about the truth","Transliteration":"lil'ḥaqqi","Root":"ح ق ق"},{"Position":28,"AudioFileName":"034_043_028.mp3","TajweedImageFilePath":"34/43/28.png","Text":"لَمَّا","Translation":"when","Transliteration":"lammā","Root":"ل م م ا"},{"Position":29,"AudioFileName":"034_043_029.mp3","TajweedImageFilePath":"34/43/29.png","Text":"جَآءَهُمْ","Translation":"it came to them","Transliteration":"jāahum","Root":"ج ي أ"},{"Position":30,"AudioFileName":"034_043_030.mp3","TajweedImageFilePath":"34/43/30.png","Text":"إِنْ","Translation":"Not","Transliteration":"in","Root":"ا ن"},{"Position":31,"AudioFileName":"034_043_031.mp3","TajweedImageFilePath":"34/43/31.png","Text":"هَـٰذَآ","Translation":"(is) this","Transliteration":"hādhā","Root":"ه ا ذ"},{"Position":32,"AudioFileName":"034_043_032.mp3","TajweedImageFilePath":"34/43/32.png","Text":"إِلَّا","Translation":"except","Transliteration":"illā","Root":"إِلَّا"},{"Position":33,"AudioFileName":"034_043_033.mp3","TajweedImageFilePath":"34/43/33.png","Text":"سِحْرٌۭ","Translation":"a magic","Transliteration":"siḥ'run","Root":"س ح ر"},{"Position":34,"AudioFileName":"034_043_034.mp3","TajweedImageFilePath":"34/43/34.png","Text":"مُّبِينٌۭ","Translation":"obvious","Transliteration":"mubīnun","Root":"ب ي ن"},{"Position":35,"AudioFileName":null,"TajweedImageFilePath":"43.png","Text":"٤٣","Translation":"(43)","Transliteration":null,"Root":null}],"PageNumber":433,"JuzNumber":22,"ManzilNumber":5,"RukuNumber":374,"MaqraNumber":173,"HizbNumber":44,"HizbDecimal":0.0,"HasSajda":false},{"SurahNumber":34,"SurahIndex":"034","VerseNumber":44,"ShowSurahName":false,"ShowBismillah":false,"Words":[{"Position":1,"AudioFileName":"034_044_001.mp3","TajweedImageFilePath":"34/44/1.png","Text":"وَمَآ","Translation":"And not","Transliteration":"wamā","Root":"م ا"},{"Position":2,"AudioFileName":"034_044_002.mp3","TajweedImageFilePath":"34/44/2.png","Text":"ءَاتَيْنَـٰهُم","Translation":"We (had) given them","Transliteration":"ātaynāhum","Root":"أ ت ي"},{"Position":3,"AudioFileName":"034_044_003.mp3","TajweedImageFilePath":"34/44/3.png","Text":"مِّن","Translation":"any","Transliteration":"min","Root":"م ن"},{"Position":4,"AudioFileName":"034_044_004.mp3","TajweedImageFilePath":"34/44/4.png","Text":"كُتُبٍۢ","Translation":"Scriptures","Transliteration":"kutubin","Root":"ك ت ب"},{"Position":5,"AudioFileName":"034_044_005.mp3","TajweedImageFilePath":"34/44/5.png","Text":"يَدْرُسُونَهَا ۖ","Translation":"which they could study","Transliteration":"yadrusūnahā","Root":"د ر س"},{"Position":6,"AudioFileName":"034_044_006.mp3","TajweedImageFilePath":"34/44/6.png","Text":"وَمَآ","Translation":"and not","Transliteration":"wamā","Root":"م ا"},{"Position":7,"AudioFileName":"034_044_007.mp3","TajweedImageFilePath":"34/44/7.png","Text":"أَرْسَلْنَآ","Translation":"We sent","Transliteration":"arsalnā","Root":"ر س ل"},{"Position":8,"AudioFileName":"034_044_008.mp3","TajweedImageFilePath":"34/44/8.png","Text":"إِلَيْهِمْ","Translation":"to them","Transliteration":"ilayhim","Root":"إِلَىٰ"},{"Position":9,"AudioFileName":"034_044_009.mp3","TajweedImageFilePath":"34/44/9.png","Text":"قَبْلَكَ","Translation":"before you","Transliteration":"qablaka","Root":"ق ب ل"},{"Position":10,"AudioFileName":"034_044_010.mp3","TajweedImageFilePath":"34/44/10.png","Text":"مِن","Translation":"any","Transliteration":"min","Root":"م ن"},{"Position":11,"AudioFileName":"034_044_011.mp3","TajweedImageFilePath":"34/44/11.png","Text":"نَّذِيرٍۢ","Translation":"warner","Transliteration":"nadhīrin","Root":"ن ذ ر"},{"Position":12,"AudioFileName":null,"TajweedImageFilePath":"44.png","Text":"٤٤","Translation":"(44)","Transliteration":null,"Root":null}],"PageNumber":433,"JuzNumber":22,"ManzilNumber":5,"RukuNumber":374,"MaqraNumber":173,"HizbNumber":44,"HizbDecimal":0.0,"HasSajda":false},{"SurahNumber":34,"SurahIndex":"034","VerseNumber":45,"ShowSurahName":false,"ShowBismillah":false,"Words":[{"Position":1,"AudioFileName":"034_045_001.mp3","TajweedImageFilePath":"34/45/1.png","Text":"وَكَذَّبَ","Translation":"And denied","Transliteration":"wakadhaba","Root":"ك ذ ب"},{"Position":2,"AudioFileName":"034_045_002.mp3","TajweedImageFilePath":"34/45/2.png","Text":"ٱلَّذِينَ","Translation":"those who","Transliteration":"alladhīna","Root":"ٱلَّذِى"},{"Position":3,"AudioFileName":"034_045_003.mp3","TajweedImageFilePath":"34/45/3.png","Text":"مِن","Translation":"(were) before them","Transliteration":"min","Root":"م ن"},{"Position":4,"AudioFileName":"034_045_004.mp3","TajweedImageFilePath":"34/45/4.png","Text":"قَبْلِهِمْ","Translation":"(were) before them","Transliteration":"qablihim","Root":"ق ب ل"},{"Position":5,"AudioFileName":"034_045_005.mp3","TajweedImageFilePath":"34/45/5.png","Text":"وَمَا","Translation":"and not","Transliteration":"wamā","Root":"م ا"},{"Position":6,"AudioFileName":"034_045_006.mp3","TajweedImageFilePath":"34/45/6.png","Text":"بَلَغُوا۟","Translation":"they have attained","Transliteration":"balaghū","Root":"ب ل غ"},{"Position":7,"AudioFileName":"034_045_007.mp3","TajweedImageFilePath":"34/45/7.png","Text":"مِعْشَارَ","Translation":"a tenth","Transliteration":"miʿ'shāra","Root":"ع ش ر"},{"Position":8,"AudioFileName":"034_045_008.mp3","TajweedImageFilePath":"34/45/8.png","Text":"مَآ","Translation":"(of) what","Transliteration":"mā","Root":"م ا"},{"Position":9,"AudioFileName":"034_045_009.mp3","TajweedImageFilePath":"34/45/9.png","Text":"ءَاتَيْنَـٰهُمْ","Translation":"We (had) given them","Transliteration":"ātaynāhum","Root":"أ ت ي"},{"Position":10,"AudioFileName":"034_045_010.mp3","TajweedImageFilePath":"34/45/10.png","Text":"فَكَذَّبُوا۟","Translation":"But they denied","Transliteration":"fakadhabū","Root":"ك ذ ب"},{"Position":11,"AudioFileName":"034_045_011.mp3","TajweedImageFilePath":"34/45/11.png","Text":"رُسُلِى ۖ","Translation":"My Messengers","Transliteration":"rusulī","Root":"ر س ل"},{"Position":12,"AudioFileName":"034_045_012.mp3","TajweedImageFilePath":"34/45/12.png","Text":"فَكَيْفَ","Translation":"so how","Transliteration":"fakayfa","Root":"ك ي ف"},{"Position":13,"AudioFileName":"034_045_013.mp3","TajweedImageFilePath":"34/45/13.png","Text":"كَانَ","Translation":"was","Transliteration":"kāna","Root":"ك و ن"},{"Position":14,"AudioFileName":"034_045_014.mp3","TajweedImageFilePath":"34/45/14.png","Text":"نَكِيرِ","Translation":"My rejection","Transliteration":"nakīri","Root":"ن ك ر"},{"Position":15,"AudioFileName":null,"TajweedImageFilePath":"45.png","Text":"٤٥","Translation":"(45)","Transliteration":null,"Root":null}],"PageNumber":433,"JuzNumber":22,"ManzilNumber":5,"RukuNumber":374,"MaqraNumber":173,"HizbNumber":44,"HizbDecimal":0.0,"HasSajda":false}]}