{"MaqraNumber":234,"Verses":[{"SurahNumber":80,"SurahIndex":"080","VerseNumber":1,"ShowSurahName":true,"ShowBismillah":true,"Words":[{"Position":1,"AudioFileName":"080_001_001.mp3","TajweedImageFilePath":"80/1/1.png","Text":"عَبَسَ","Translation":"He frowned","Transliteration":"ʿabasa"},{"Position":2,"AudioFileName":"080_001_002.mp3","TajweedImageFilePath":"80/1/2.png","Text":"وَتَوَلَّىٰٓ","Translation":"and turned away","Transliteration":"watawallā"},{"Position":3,"AudioFileName":null,"TajweedImageFilePath":"1.png","Text":"١","Translation":"(1)","Transliteration":null}],"PageNumber":585,"JuzNumber":30,"ManzilNumber":7,"RukuNumber":522,"MaqraNumber":234,"HizbNumber":59,"HizbDecimal":0.25,"HasSajda":false},{"SurahNumber":80,"SurahIndex":"080","VerseNumber":2,"ShowSurahName":false,"ShowBismillah":false,"Words":[{"Position":1,"AudioFileName":"080_002_001.mp3","TajweedImageFilePath":"80/2/1.png","Text":"أَن","Translation":"Because","Transliteration":"an"},{"Position":2,"AudioFileName":"080_002_002.mp3","TajweedImageFilePath":"80/2/2.png","Text":"جَآءَهُ","Translation":"came to him","Transliteration":"jāahu"},{"Position":3,"AudioFileName":"080_002_003.mp3","TajweedImageFilePath":"80/2/3.png","Text":"ٱلْأَعْمَىٰ","Translation":"the blind man","Transliteration":"l-aʿmā"},{"Position":4,"AudioFileName":null,"TajweedImageFilePath":"2.png","Text":"٢","Translation":"(2)","Transliteration":null}],"PageNumber":585,"JuzNumber":30,"ManzilNumber":7,"RukuNumber":522,"MaqraNumber":234,"HizbNumber":59,"HizbDecimal":0.25,"HasSajda":false},{"SurahNumber":80,"SurahIndex":"080","VerseNumber":3,"ShowSurahName":false,"ShowBismillah":false,"Words":[{"Position":1,"AudioFileName":"080_003_001.mp3","TajweedImageFilePath":"80/3/1.png","Text":"وَمَا","Translation":"But what","Transliteration":"wamā"},{"Position":2,"AudioFileName":"080_003_002.mp3","TajweedImageFilePath":"80/3/2.png","Text":"يُدْرِيكَ","Translation":"would make you know","Transliteration":"yud'rīka"},{"Position":3,"AudioFileName":"080_003_003.mp3","TajweedImageFilePath":"80/3/3.png","Text":"لَعَلَّهُۥ","Translation":"that he might","Transliteration":"laʿallahu"},{"Position":4,"AudioFileName":"080_003_004.mp3","TajweedImageFilePath":"80/3/4.png","Text":"يَزَّكَّىٰٓ","Translation":"purify himself","Transliteration":"yazzakkā"},{"Position":5,"AudioFileName":null,"TajweedImageFilePath":"3.png","Text":"٣","Translation":"(3)","Transliteration":null}],"PageNumber":585,"JuzNumber":30,"ManzilNumber":7,"RukuNumber":522,"MaqraNumber":234,"HizbNumber":59,"HizbDecimal":0.25,"HasSajda":false},{"SurahNumber":80,"SurahIndex":"080","VerseNumber":4,"ShowSurahName":false,"ShowBismillah":false,"Words":[{"Position":1,"AudioFileName":"080_004_001.mp3","TajweedImageFilePath":"80/4/1.png","Text":"أَوْ","Translation":"Or","Transliteration":"aw"},{"Position":2,"AudioFileName":"080_004_002.mp3","TajweedImageFilePath":"80/4/2.png","Text":"يَذَّكَّرُ","Translation":"be reminded","Transliteration":"yadhakkaru"},{"Position":3,"AudioFileName":"080_004_003.mp3","TajweedImageFilePath":"80/4/3.png","Text":"فَتَنفَعَهُ","Translation":"so would benefit him","Transliteration":"fatanfaʿahu"},{"Position":4,"AudioFileName":"080_004_004.mp3","TajweedImageFilePath":"80/4/4.png","Text":"ٱلذِّكْرَىٰٓ","Translation":"the reminder","Transliteration":"l-dhik'rā"},{"Position":5,"AudioFileName":null,"TajweedImageFilePath":"4.png","Text":"٤","Translation":"(4)","Transliteration":null}],"PageNumber":585,"JuzNumber":30,"ManzilNumber":7,"RukuNumber":522,"MaqraNumber":234,"HizbNumber":59,"HizbDecimal":0.25,"HasSajda":false},{"SurahNumber":80,"SurahIndex":"080","VerseNumber":5,"ShowSurahName":false,"ShowBismillah":false,"Words":[{"Position":1,"AudioFileName":"080_005_001.mp3","TajweedImageFilePath":"80/5/1.png","Text":"أَمَّا","Translation":"As for","Transliteration":"ammā"},{"Position":2,"AudioFileName":"080_005_002.mp3","TajweedImageFilePath":"80/5/2.png","Text":"مَنِ","Translation":"(him) who","Transliteration":"mani"},{"Position":3,"AudioFileName":"080_005_003.mp3","TajweedImageFilePath":"80/5/3.png","Text":"ٱسْتَغْنَىٰ","Translation":"considers himself free from need","Transliteration":"is'taghnā"},{"Position":4,"AudioFileName":null,"TajweedImageFilePath":"5.png","Text":"٥","Translation":"(5)","Transliteration":null}],"PageNumber":585,"JuzNumber":30,"ManzilNumber":7,"RukuNumber":522,"MaqraNumber":234,"HizbNumber":59,"HizbDecimal":0.25,"HasSajda":false},{"SurahNumber":80,"SurahIndex":"080","VerseNumber":6,"ShowSurahName":false,"ShowBismillah":false,"Words":[{"Position":1,"AudioFileName":"080_006_001.mp3","TajweedImageFilePath":"80/6/1.png","Text":"فَأَنتَ","Translation":"So you","Transliteration":"fa-anta"},{"Position":2,"AudioFileName":"080_006_002.mp3","TajweedImageFilePath":"80/6/2.png","Text":"لَهُۥ","Translation":"to him","Transliteration":"lahu"},{"Position":3,"AudioFileName":"080_006_003.mp3","TajweedImageFilePath":"80/6/3.png","Text":"تَصَدَّىٰ","Translation":"give attention","Transliteration":"taṣaddā"},{"Position":4,"AudioFileName":null,"TajweedImageFilePath":"6.png","Text":"٦","Translation":"(6)","Transliteration":null}],"PageNumber":585,"JuzNumber":30,"ManzilNumber":7,"RukuNumber":522,"MaqraNumber":234,"HizbNumber":59,"HizbDecimal":0.25,"HasSajda":false},{"SurahNumber":80,"SurahIndex":"080","VerseNumber":7,"ShowSurahName":false,"ShowBismillah":false,"Words":[{"Position":1,"AudioFileName":"080_007_001.mp3","TajweedImageFilePath":"80/7/1.png","Text":"وَمَا","Translation":"And not","Transliteration":"wamā"},{"Position":2,"AudioFileName":"080_007_002.mp3","TajweedImageFilePath":"80/7/2.png","Text":"عَلَيْكَ","Translation":"upon you","Transliteration":"ʿalayka"},{"Position":3,"AudioFileName":"080_007_003.mp3","TajweedImageFilePath":"80/7/3.png","Text":"أَلَّا","Translation":"that not","Transliteration":"allā"},{"Position":4,"AudioFileName":"080_007_004.mp3","TajweedImageFilePath":"80/7/4.png","Text":"يَزَّكَّىٰ","Translation":"he purifies himself","Transliteration":"yazzakkā"},{"Position":5,"AudioFileName":null,"TajweedImageFilePath":"7.png","Text":"٧","Translation":"(7)","Transliteration":null}],"PageNumber":585,"JuzNumber":30,"ManzilNumber":7,"RukuNumber":522,"MaqraNumber":234,"HizbNumber":59,"HizbDecimal":0.25,"HasSajda":false},{"SurahNumber":80,"SurahIndex":"080","VerseNumber":8,"ShowSurahName":false,"ShowBismillah":false,"Words":[{"Position":1,"AudioFileName":"080_008_001.mp3","TajweedImageFilePath":"80/8/1.png","Text":"وَأَمَّا","Translation":"But as for","Transliteration":"wa-ammā"},{"Position":2,"AudioFileName":"080_008_002.mp3","TajweedImageFilePath":"80/8/2.png","Text":"مَن","Translation":"(he) who","Transliteration":"man"},{"Position":3,"AudioFileName":"080_008_003.mp3","TajweedImageFilePath":"80/8/3.png","Text":"جَآءَكَ","Translation":"came to you","Transliteration":"jāaka"},{"Position":4,"AudioFileName":"080_008_004.mp3","TajweedImageFilePath":"80/8/4.png","Text":"يَسْعَىٰ","Translation":"striving","Transliteration":"yasʿā"},{"Position":5,"AudioFileName":null,"TajweedImageFilePath":"8.png","Text":"٨","Translation":"(8)","Transliteration":null}],"PageNumber":585,"JuzNumber":30,"ManzilNumber":7,"RukuNumber":522,"MaqraNumber":234,"HizbNumber":59,"HizbDecimal":0.25,"HasSajda":false},{"SurahNumber":80,"SurahIndex":"080","VerseNumber":9,"ShowSurahName":false,"ShowBismillah":false,"Words":[{"Position":1,"AudioFileName":"080_009_001.mp3","TajweedImageFilePath":"80/9/1.png","Text":"وَهُوَ","Translation":"While he","Transliteration":"wahuwa"},{"Position":2,"AudioFileName":"080_009_002.mp3","TajweedImageFilePath":"80/9/2.png","Text":"يَخْشَىٰ","Translation":"fears","Transliteration":"yakhshā"},{"Position":3,"AudioFileName":null,"TajweedImageFilePath":"9.png","Text":"٩","Translation":"(9)","Transliteration":null}],"PageNumber":585,"JuzNumber":30,"ManzilNumber":7,"RukuNumber":522,"MaqraNumber":234,"HizbNumber":59,"HizbDecimal":0.25,"HasSajda":false},{"SurahNumber":80,"SurahIndex":"080","VerseNumber":10,"ShowSurahName":false,"ShowBismillah":false,"Words":[{"Position":1,"AudioFileName":"080_010_001.mp3","TajweedImageFilePath":"80/10/1.png","Text":"فَأَنتَ","Translation":"But you","Transliteration":"fa-anta"},{"Position":2,"AudioFileName":"080_010_002.mp3","TajweedImageFilePath":"80/10/2.png","Text":"عَنْهُ","Translation":"from him","Transliteration":"ʿanhu"},{"Position":3,"AudioFileName":"080_010_003.mp3","TajweedImageFilePath":"80/10/3.png","Text":"تَلَهَّىٰ","Translation":"(are) distracted","Transliteration":"talahhā"},{"Position":4,"AudioFileName":null,"TajweedImageFilePath":"10.png","Text":"١٠","Translation":"(10)","Transliteration":null}],"PageNumber":585,"JuzNumber":30,"ManzilNumber":7,"RukuNumber":522,"MaqraNumber":234,"HizbNumber":59,"HizbDecimal":0.25,"HasSajda":false},{"SurahNumber":80,"SurahIndex":"080","VerseNumber":11,"ShowSurahName":false,"ShowBismillah":false,"Words":[{"Position":1,"AudioFileName":"080_011_001.mp3","TajweedImageFilePath":"80/11/1.png","Text":"كَلَّآ","Translation":"Nay","Transliteration":"kallā"},{"Position":2,"AudioFileName":"080_011_002.mp3","TajweedImageFilePath":"80/11/2.png","Text":"إِنَّهَا","Translation":"Indeed, it","Transliteration":"innahā"},{"Position":3,"AudioFileName":"080_011_003.mp3","TajweedImageFilePath":"80/11/3.png","Text":"تَذْكِرَةٌۭ","Translation":"(is) a reminder","Transliteration":"tadhkiratun"},{"Position":4,"AudioFileName":null,"TajweedImageFilePath":"11.png","Text":"١١","Translation":"(11)","Transliteration":null}],"PageNumber":585,"JuzNumber":30,"ManzilNumber":7,"RukuNumber":522,"MaqraNumber":234,"HizbNumber":59,"HizbDecimal":0.25,"HasSajda":false},{"SurahNumber":80,"SurahIndex":"080","VerseNumber":12,"ShowSurahName":false,"ShowBismillah":false,"Words":[{"Position":1,"AudioFileName":"080_012_001.mp3","TajweedImageFilePath":"80/12/1.png","Text":"فَمَن","Translation":"So whosoever","Transliteration":"faman"},{"Position":2,"AudioFileName":"080_012_002.mp3","TajweedImageFilePath":"80/12/2.png","Text":"شَآءَ","Translation":"wills","Transliteration":"shāa"},{"Position":3,"AudioFileName":"080_012_003.mp3","TajweedImageFilePath":"80/12/3.png","Text":"ذَكَرَهُۥ","Translation":"may remember it","Transliteration":"dhakarahu"},{"Position":4,"AudioFileName":null,"TajweedImageFilePath":"12.png","Text":"١٢","Translation":"(12)","Transliteration":null}],"PageNumber":585,"JuzNumber":30,"ManzilNumber":7,"RukuNumber":522,"MaqraNumber":234,"HizbNumber":59,"HizbDecimal":0.25,"HasSajda":false},{"SurahNumber":80,"SurahIndex":"080","VerseNumber":13,"ShowSurahName":false,"ShowBismillah":false,"Words":[{"Position":1,"AudioFileName":"080_013_001.mp3","TajweedImageFilePath":"80/13/1.png","Text":"فِى","Translation":"In","Transliteration":"fī"},{"Position":2,"AudioFileName":"080_013_002.mp3","TajweedImageFilePath":"80/13/2.png","Text":"صُحُفٍۢ","Translation":"sheets","Transliteration":"ṣuḥufin"},{"Position":3,"AudioFileName":"080_013_003.mp3","TajweedImageFilePath":"80/13/3.png","Text":"مُّكَرَّمَةٍۢ","Translation":"honored","Transliteration":"mukarramatin"},{"Position":4,"AudioFileName":null,"TajweedImageFilePath":"13.png","Text":"١٣","Translation":"(13)","Transliteration":null}],"PageNumber":585,"JuzNumber":30,"ManzilNumber":7,"RukuNumber":522,"MaqraNumber":234,"HizbNumber":59,"HizbDecimal":0.25,"HasSajda":false},{"SurahNumber":80,"SurahIndex":"080","VerseNumber":14,"ShowSurahName":false,"ShowBismillah":false,"Words":[{"Position":1,"AudioFileName":"080_014_001.mp3","TajweedImageFilePath":"80/14/1.png","Text":"مَّرْفُوعَةٍۢ","Translation":"Exalted","Transliteration":"marfūʿatin"},{"Position":2,"AudioFileName":"080_014_002.mp3","TajweedImageFilePath":"80/14/2.png","Text":"مُّطَهَّرَةٍۭ","Translation":"purified","Transliteration":"muṭahharatin"},{"Position":3,"AudioFileName":null,"TajweedImageFilePath":"14.png","Text":"١٤","Translation":"(14)","Transliteration":null}],"PageNumber":585,"JuzNumber":30,"ManzilNumber":7,"RukuNumber":522,"MaqraNumber":234,"HizbNumber":59,"HizbDecimal":0.25,"HasSajda":false},{"SurahNumber":80,"SurahIndex":"080","VerseNumber":15,"ShowSurahName":false,"ShowBismillah":false,"Words":[{"Position":1,"AudioFileName":"080_015_001.mp3","TajweedImageFilePath":"80/15/1.png","Text":"بِأَيْدِى","Translation":"In (the) hands","Transliteration":"bi-aydī"},{"Position":2,"AudioFileName":"080_015_002.mp3","TajweedImageFilePath":"80/15/2.png","Text":"سَفَرَةٍۢ","Translation":"(of) scribes","Transliteration":"safaratin"},{"Position":3,"AudioFileName":null,"TajweedImageFilePath":"15.png","Text":"١٥","Translation":"(15)","Transliteration":null}],"PageNumber":585,"JuzNumber":30,"ManzilNumber":7,"RukuNumber":522,"MaqraNumber":234,"HizbNumber":59,"HizbDecimal":0.25,"HasSajda":false},{"SurahNumber":80,"SurahIndex":"080","VerseNumber":16,"ShowSurahName":false,"ShowBismillah":false,"Words":[{"Position":1,"AudioFileName":"080_016_001.mp3","TajweedImageFilePath":"80/16/1.png","Text":"كِرَامٍۭ","Translation":"Noble","Transliteration":"kirāmin"},{"Position":2,"AudioFileName":"080_016_002.mp3","TajweedImageFilePath":"80/16/2.png","Text":"بَرَرَةٍۢ","Translation":"dutiful","Transliteration":"bararatin"},{"Position":3,"AudioFileName":null,"TajweedImageFilePath":"16.png","Text":"١٦","Translation":"(16)","Transliteration":null}],"PageNumber":585,"JuzNumber":30,"ManzilNumber":7,"RukuNumber":522,"MaqraNumber":234,"HizbNumber":59,"HizbDecimal":0.25,"HasSajda":false},{"SurahNumber":80,"SurahIndex":"080","VerseNumber":17,"ShowSurahName":false,"ShowBismillah":false,"Words":[{"Position":1,"AudioFileName":"080_017_001.mp3","TajweedImageFilePath":"80/17/1.png","Text":"قُتِلَ","Translation":"Is destroyed","Transliteration":"qutila"},{"Position":2,"AudioFileName":"080_017_002.mp3","TajweedImageFilePath":"80/17/2.png","Text":"ٱلْإِنسَـٰنُ","Translation":"[the] man","Transliteration":"l-insānu"},{"Position":3,"AudioFileName":"080_017_003.mp3","TajweedImageFilePath":"80/17/3.png","Text":"مَآ","Translation":"how","Transliteration":"mā"},{"Position":4,"AudioFileName":"080_017_004.mp3","TajweedImageFilePath":"80/17/4.png","Text":"أَكْفَرَهُۥ","Translation":"ungrateful is he","Transliteration":"akfarahu"},{"Position":5,"AudioFileName":null,"TajweedImageFilePath":"17.png","Text":"١٧","Translation":"(17)","Transliteration":null}],"PageNumber":585,"JuzNumber":30,"ManzilNumber":7,"RukuNumber":522,"MaqraNumber":234,"HizbNumber":59,"HizbDecimal":0.25,"HasSajda":false},{"SurahNumber":80,"SurahIndex":"080","VerseNumber":18,"ShowSurahName":false,"ShowBismillah":false,"Words":[{"Position":1,"AudioFileName":"080_018_001.mp3","TajweedImageFilePath":"80/18/1.png","Text":"مِنْ","Translation":"From","Transliteration":"min"},{"Position":2,"AudioFileName":"080_018_002.mp3","TajweedImageFilePath":"80/18/2.png","Text":"أَىِّ","Translation":"what","Transliteration":"ayyi"},{"Position":3,"AudioFileName":"080_018_003.mp3","TajweedImageFilePath":"80/18/3.png","Text":"شَىْءٍ","Translation":"thing","Transliteration":"shayin"},{"Position":4,"AudioFileName":"080_018_004.mp3","TajweedImageFilePath":"80/18/4.png","Text":"خَلَقَهُۥ","Translation":"He created him","Transliteration":"khalaqahu"},{"Position":5,"AudioFileName":null,"TajweedImageFilePath":"18.png","Text":"١٨","Translation":"(18)","Transliteration":null}],"PageNumber":585,"JuzNumber":30,"ManzilNumber":7,"RukuNumber":522,"MaqraNumber":234,"HizbNumber":59,"HizbDecimal":0.25,"HasSajda":false},{"SurahNumber":80,"SurahIndex":"080","VerseNumber":19,"ShowSurahName":false,"ShowBismillah":false,"Words":[{"Position":1,"AudioFileName":"080_019_001.mp3","TajweedImageFilePath":"80/19/1.png","Text":"مِن","Translation":"From","Transliteration":"min"},{"Position":2,"AudioFileName":"080_019_002.mp3","TajweedImageFilePath":"80/19/2.png","Text":"نُّطْفَةٍ","Translation":"a semen-drop","Transliteration":"nuṭ'fatin"},{"Position":3,"AudioFileName":"080_019_003.mp3","TajweedImageFilePath":"80/19/3.png","Text":"خَلَقَهُۥ","Translation":"He created him","Transliteration":"khalaqahu"},{"Position":4,"AudioFileName":"080_019_004.mp3","TajweedImageFilePath":"80/19/4.png","Text":"فَقَدَّرَهُۥ","Translation":"then He proportioned him","Transliteration":"faqaddarahu"},{"Position":5,"AudioFileName":null,"TajweedImageFilePath":"19.png","Text":"١٩","Translation":"(19)","Transliteration":null}],"PageNumber":585,"JuzNumber":30,"ManzilNumber":7,"RukuNumber":522,"MaqraNumber":234,"HizbNumber":59,"HizbDecimal":0.25,"HasSajda":false},{"SurahNumber":80,"SurahIndex":"080","VerseNumber":20,"ShowSurahName":false,"ShowBismillah":false,"Words":[{"Position":1,"AudioFileName":"080_020_001.mp3","TajweedImageFilePath":"80/20/1.png","Text":"ثُمَّ","Translation":"Then","Transliteration":"thumma"},{"Position":2,"AudioFileName":"080_020_002.mp3","TajweedImageFilePath":"80/20/2.png","Text":"ٱلسَّبِيلَ","Translation":"the way","Transliteration":"l-sabīla"},{"Position":3,"AudioFileName":"080_020_003.mp3","TajweedImageFilePath":"80/20/3.png","Text":"يَسَّرَهُۥ","Translation":"He made easy for him","Transliteration":"yassarahu"},{"Position":4,"AudioFileName":null,"TajweedImageFilePath":"20.png","Text":"٢٠","Translation":"(20)","Transliteration":null}],"PageNumber":585,"JuzNumber":30,"ManzilNumber":7,"RukuNumber":522,"MaqraNumber":234,"HizbNumber":59,"HizbDecimal":0.25,"HasSajda":false},{"SurahNumber":80,"SurahIndex":"080","VerseNumber":21,"ShowSurahName":false,"ShowBismillah":false,"Words":[{"Position":1,"AudioFileName":"080_021_001.mp3","TajweedImageFilePath":"80/21/1.png","Text":"ثُمَّ","Translation":"Then","Transliteration":"thumma"},{"Position":2,"AudioFileName":"080_021_002.mp3","TajweedImageFilePath":"80/21/2.png","Text":"أَمَاتَهُۥ","Translation":"He causes him to die","Transliteration":"amātahu"},{"Position":3,"AudioFileName":"080_021_003.mp3","TajweedImageFilePath":"80/21/3.png","Text":"فَأَقْبَرَهُۥ","Translation":"and provides a grave for him","Transliteration":"fa-aqbarahu"},{"Position":4,"AudioFileName":null,"TajweedImageFilePath":"21.png","Text":"٢١","Translation":"(21)","Transliteration":null}],"PageNumber":585,"JuzNumber":30,"ManzilNumber":7,"RukuNumber":522,"MaqraNumber":234,"HizbNumber":59,"HizbDecimal":0.25,"HasSajda":false},{"SurahNumber":80,"SurahIndex":"080","VerseNumber":22,"ShowSurahName":false,"ShowBismillah":false,"Words":[{"Position":1,"AudioFileName":"080_022_001.mp3","TajweedImageFilePath":"80/22/1.png","Text":"ثُمَّ","Translation":"Then","Transliteration":"thumma"},{"Position":2,"AudioFileName":"080_022_002.mp3","TajweedImageFilePath":"80/22/2.png","Text":"إِذَا","Translation":"when","Transliteration":"idhā"},{"Position":3,"AudioFileName":"080_022_003.mp3","TajweedImageFilePath":"80/22/3.png","Text":"شَآءَ","Translation":"He wills","Transliteration":"shāa"},{"Position":4,"AudioFileName":"080_022_004.mp3","TajweedImageFilePath":"80/22/4.png","Text":"أَنشَرَهُۥ","Translation":"He will resurrect him","Transliteration":"ansharahu"},{"Position":5,"AudioFileName":null,"TajweedImageFilePath":"22.png","Text":"٢٢","Translation":"(22)","Transliteration":null}],"PageNumber":585,"JuzNumber":30,"ManzilNumber":7,"RukuNumber":522,"MaqraNumber":234,"HizbNumber":59,"HizbDecimal":0.25,"HasSajda":false},{"SurahNumber":80,"SurahIndex":"080","VerseNumber":23,"ShowSurahName":false,"ShowBismillah":false,"Words":[{"Position":1,"AudioFileName":"080_023_001.mp3","TajweedImageFilePath":"80/23/1.png","Text":"كَلَّا","Translation":"Nay","Transliteration":"kallā"},{"Position":2,"AudioFileName":"080_023_002.mp3","TajweedImageFilePath":"80/23/2.png","Text":"لَمَّا","Translation":"Not","Transliteration":"lammā"},{"Position":3,"AudioFileName":"080_023_003.mp3","TajweedImageFilePath":"80/23/3.png","Text":"يَقْضِ","Translation":"he has accomplished","Transliteration":"yaqḍi"},{"Position":4,"AudioFileName":"080_023_004.mp3","TajweedImageFilePath":"80/23/4.png","Text":"مَآ","Translation":"what","Transliteration":"mā"},{"Position":5,"AudioFileName":"080_023_005.mp3","TajweedImageFilePath":"80/23/5.png","Text":"أَمَرَهُۥ","Translation":"He commanded him","Transliteration":"amarahu"},{"Position":6,"AudioFileName":null,"TajweedImageFilePath":"23.png","Text":"٢٣","Translation":"(23)","Transliteration":null}],"PageNumber":585,"JuzNumber":30,"ManzilNumber":7,"RukuNumber":522,"MaqraNumber":234,"HizbNumber":59,"HizbDecimal":0.25,"HasSajda":false},{"SurahNumber":80,"SurahIndex":"080","VerseNumber":24,"ShowSurahName":false,"ShowBismillah":false,"Words":[{"Position":1,"AudioFileName":"080_024_001.mp3","TajweedImageFilePath":"80/24/1.png","Text":"فَلْيَنظُرِ","Translation":"Then let look","Transliteration":"falyanẓuri"},{"Position":2,"AudioFileName":"080_024_002.mp3","TajweedImageFilePath":"80/24/2.png","Text":"ٱلْإِنسَـٰنُ","Translation":"the man","Transliteration":"l-insānu"},{"Position":3,"AudioFileName":"080_024_003.mp3","TajweedImageFilePath":"80/24/3.png","Text":"إِلَىٰ","Translation":"at","Transliteration":"ilā"},{"Position":4,"AudioFileName":"080_024_004.mp3","TajweedImageFilePath":"80/24/4.png","Text":"طَعَامِهِۦٓ","Translation":"his food","Transliteration":"ṭaʿāmihi"},{"Position":5,"AudioFileName":null,"TajweedImageFilePath":"24.png","Text":"٢٤","Translation":"(24)","Transliteration":null}],"PageNumber":585,"JuzNumber":30,"ManzilNumber":7,"RukuNumber":522,"MaqraNumber":234,"HizbNumber":59,"HizbDecimal":0.25,"HasSajda":false},{"SurahNumber":80,"SurahIndex":"080","VerseNumber":25,"ShowSurahName":false,"ShowBismillah":false,"Words":[{"Position":1,"AudioFileName":"080_025_001.mp3","TajweedImageFilePath":"80/25/1.png","Text":"اَنَّا","Translation":"That [We]","Transliteration":"annā"},{"Position":2,"AudioFileName":"080_025_002.mp3","TajweedImageFilePath":"80/25/2.png","Text":"صَبَبْنَا","Translation":"[We] poured","Transliteration":"ṣababnā"},{"Position":3,"AudioFileName":"080_025_003.mp3","TajweedImageFilePath":"80/25/3.png","Text":"ٱلْمَآءَ","Translation":"the water","Transliteration":"l-māa"},{"Position":4,"AudioFileName":"080_025_004.mp3","TajweedImageFilePath":"80/25/4.png","Text":"صَبًّۭا","Translation":"(in) abundance","Transliteration":"ṣabban"},{"Position":5,"AudioFileName":null,"TajweedImageFilePath":"25.png","Text":"٢٥","Translation":"(25)","Transliteration":null}],"PageNumber":585,"JuzNumber":30,"ManzilNumber":7,"RukuNumber":522,"MaqraNumber":234,"HizbNumber":59,"HizbDecimal":0.25,"HasSajda":false},{"SurahNumber":80,"SurahIndex":"080","VerseNumber":26,"ShowSurahName":false,"ShowBismillah":false,"Words":[{"Position":1,"AudioFileName":"080_026_001.mp3","TajweedImageFilePath":"80/26/1.png","Text":"ثُمَّ","Translation":"Then","Transliteration":"thumma"},{"Position":2,"AudioFileName":"080_026_002.mp3","TajweedImageFilePath":"80/26/2.png","Text":"شَقَقْنَا","Translation":"We cleaved","Transliteration":"shaqaqnā"},{"Position":3,"AudioFileName":"080_026_003.mp3","TajweedImageFilePath":"80/26/3.png","Text":"ٱلْأَرْضَ","Translation":"the earth","Transliteration":"l-arḍa"},{"Position":4,"AudioFileName":"080_026_004.mp3","TajweedImageFilePath":"80/26/4.png","Text":"شَقًّۭا","Translation":"splitting","Transliteration":"shaqqan"},{"Position":5,"AudioFileName":null,"TajweedImageFilePath":"26.png","Text":"٢٦","Translation":"(26)","Transliteration":null}],"PageNumber":585,"JuzNumber":30,"ManzilNumber":7,"RukuNumber":522,"MaqraNumber":234,"HizbNumber":59,"HizbDecimal":0.25,"HasSajda":false},{"SurahNumber":80,"SurahIndex":"080","VerseNumber":27,"ShowSurahName":false,"ShowBismillah":false,"Words":[{"Position":1,"AudioFileName":"080_027_001.mp3","TajweedImageFilePath":"80/27/1.png","Text":"فَأَنۢبَتْنَا","Translation":"Then We caused to grow","Transliteration":"fa-anbatnā"},{"Position":2,"AudioFileName":"080_027_002.mp3","TajweedImageFilePath":"80/27/2.png","Text":"فِيهَا","Translation":"therein","Transliteration":"fīhā"},{"Position":3,"AudioFileName":"080_027_003.mp3","TajweedImageFilePath":"80/27/3.png","Text":"حَبًّۭا","Translation":"grain","Transliteration":"ḥabban"},{"Position":4,"AudioFileName":null,"TajweedImageFilePath":"27.png","Text":"٢٧","Translation":"(27)","Transliteration":null}],"PageNumber":585,"JuzNumber":30,"ManzilNumber":7,"RukuNumber":522,"MaqraNumber":234,"HizbNumber":59,"HizbDecimal":0.25,"HasSajda":false},{"SurahNumber":80,"SurahIndex":"080","VerseNumber":28,"ShowSurahName":false,"ShowBismillah":false,"Words":[{"Position":1,"AudioFileName":"080_028_001.mp3","TajweedImageFilePath":"80/28/1.png","Text":"وَعِنَبًۭا","Translation":"And grapes","Transliteration":"waʿinaban"},{"Position":2,"AudioFileName":"080_028_002.mp3","TajweedImageFilePath":"80/28/2.png","Text":"وَقَضْبًۭا","Translation":"and green fodder","Transliteration":"waqaḍban"},{"Position":3,"AudioFileName":null,"TajweedImageFilePath":"28.png","Text":"٢٨","Translation":"(28)","Transliteration":null}],"PageNumber":585,"JuzNumber":30,"ManzilNumber":7,"RukuNumber":522,"MaqraNumber":234,"HizbNumber":59,"HizbDecimal":0.25,"HasSajda":false},{"SurahNumber":80,"SurahIndex":"080","VerseNumber":29,"ShowSurahName":false,"ShowBismillah":false,"Words":[{"Position":1,"AudioFileName":"080_029_001.mp3","TajweedImageFilePath":"80/29/1.png","Text":"وَزَيْتُونًۭا","Translation":"And olive","Transliteration":"wazaytūnan"},{"Position":2,"AudioFileName":"080_029_002.mp3","TajweedImageFilePath":"80/29/2.png","Text":"وَنَخْلًۭا","Translation":"and date-palms","Transliteration":"wanakhlan"},{"Position":3,"AudioFileName":null,"TajweedImageFilePath":"29.png","Text":"٢٩","Translation":"(29)","Transliteration":null}],"PageNumber":585,"JuzNumber":30,"ManzilNumber":7,"RukuNumber":522,"MaqraNumber":234,"HizbNumber":59,"HizbDecimal":0.25,"HasSajda":false},{"SurahNumber":80,"SurahIndex":"080","VerseNumber":30,"ShowSurahName":false,"ShowBismillah":false,"Words":[{"Position":1,"AudioFileName":"080_030_001.mp3","TajweedImageFilePath":"80/30/1.png","Text":"وَحَدَآئِقَ","Translation":"And gardens","Transliteration":"waḥadāiqa"},{"Position":2,"AudioFileName":"080_030_002.mp3","TajweedImageFilePath":"80/30/2.png","Text":"غُلْبًۭا","Translation":"(of) thick foliage","Transliteration":"ghul'ban"},{"Position":3,"AudioFileName":null,"TajweedImageFilePath":"30.png","Text":"٣٠","Translation":"(30)","Transliteration":null}],"PageNumber":585,"JuzNumber":30,"ManzilNumber":7,"RukuNumber":522,"MaqraNumber":234,"HizbNumber":59,"HizbDecimal":0.25,"HasSajda":false},{"SurahNumber":80,"SurahIndex":"080","VerseNumber":31,"ShowSurahName":false,"ShowBismillah":false,"Words":[{"Position":1,"AudioFileName":"080_031_001.mp3","TajweedImageFilePath":"80/31/1.png","Text":"وَفَـٰكِهَةًۭ","Translation":"And fruits","Transliteration":"wafākihatan"},{"Position":2,"AudioFileName":"080_031_002.mp3","TajweedImageFilePath":"80/31/2.png","Text":"وَأَبًّۭا","Translation":"and grass","Transliteration":"wa-abban"},{"Position":3,"AudioFileName":null,"TajweedImageFilePath":"31.png","Text":"٣١","Translation":"(31)","Transliteration":null}],"PageNumber":585,"JuzNumber":30,"ManzilNumber":7,"RukuNumber":522,"MaqraNumber":234,"HizbNumber":59,"HizbDecimal":0.25,"HasSajda":false},{"SurahNumber":80,"SurahIndex":"080","VerseNumber":32,"ShowSurahName":false,"ShowBismillah":false,"Words":[{"Position":1,"AudioFileName":"080_032_001.mp3","TajweedImageFilePath":"80/32/1.png","Text":"مَّتَـٰعًۭا","Translation":"(As) a provision","Transliteration":"matāʿan"},{"Position":2,"AudioFileName":"080_032_002.mp3","TajweedImageFilePath":"80/32/2.png","Text":"لَّكُمْ","Translation":"for you","Transliteration":"lakum"},{"Position":3,"AudioFileName":"080_032_003.mp3","TajweedImageFilePath":"80/32/3.png","Text":"وَلِأَنْعَـٰمِكُمْ","Translation":"and for your cattle","Transliteration":"wali-anʿāmikum"},{"Position":4,"AudioFileName":null,"TajweedImageFilePath":"32.png","Text":"٣٢","Translation":"(32)","Transliteration":null}],"PageNumber":585,"JuzNumber":30,"ManzilNumber":7,"RukuNumber":522,"MaqraNumber":234,"HizbNumber":59,"HizbDecimal":0.25,"HasSajda":false},{"SurahNumber":80,"SurahIndex":"080","VerseNumber":33,"ShowSurahName":false,"ShowBismillah":false,"Words":[{"Position":1,"AudioFileName":"080_033_001.mp3","TajweedImageFilePath":"80/33/1.png","Text":"فَإِذَا","Translation":"But when","Transliteration":"fa-idhā"},{"Position":2,"AudioFileName":"080_033_002.mp3","TajweedImageFilePath":"80/33/2.png","Text":"جَآءَتِ","Translation":"comes","Transliteration":"jāati"},{"Position":3,"AudioFileName":"080_033_003.mp3","TajweedImageFilePath":"80/33/3.png","Text":"ٱلصَّآخَّةُ","Translation":"the Deafening Blast","Transliteration":"l-ṣākhatu"},{"Position":4,"AudioFileName":null,"TajweedImageFilePath":"33.png","Text":"٣٣","Translation":"(33)","Transliteration":null}],"PageNumber":585,"JuzNumber":30,"ManzilNumber":7,"RukuNumber":522,"MaqraNumber":234,"HizbNumber":59,"HizbDecimal":0.25,"HasSajda":false},{"SurahNumber":80,"SurahIndex":"080","VerseNumber":34,"ShowSurahName":false,"ShowBismillah":false,"Words":[{"Position":1,"AudioFileName":"080_034_001.mp3","TajweedImageFilePath":"80/34/1.png","Text":"يَوْمَ","Translation":"(The) Day","Transliteration":"yawma"},{"Position":2,"AudioFileName":"080_034_002.mp3","TajweedImageFilePath":"80/34/2.png","Text":"يَفِرُّ","Translation":"will flee","Transliteration":"yafirru"},{"Position":3,"AudioFileName":"080_034_003.mp3","TajweedImageFilePath":"80/34/3.png","Text":"ٱلْمَرْءُ","Translation":"a man","Transliteration":"l-maru"},{"Position":4,"AudioFileName":"080_034_004.mp3","TajweedImageFilePath":"80/34/4.png","Text":"مِنْ","Translation":"from","Transliteration":"min"},{"Position":5,"AudioFileName":"080_034_005.mp3","TajweedImageFilePath":"80/34/5.png","Text":"أَخِيهِ","Translation":"his brother","Transliteration":"akhīhi"},{"Position":6,"AudioFileName":null,"TajweedImageFilePath":"34.png","Text":"٣٤","Translation":"(34)","Transliteration":null}],"PageNumber":585,"JuzNumber":30,"ManzilNumber":7,"RukuNumber":522,"MaqraNumber":234,"HizbNumber":59,"HizbDecimal":0.25,"HasSajda":false},{"SurahNumber":80,"SurahIndex":"080","VerseNumber":35,"ShowSurahName":false,"ShowBismillah":false,"Words":[{"Position":1,"AudioFileName":"080_035_001.mp3","TajweedImageFilePath":"80/35/1.png","Text":"وَأُمِّهِۦ","Translation":"And his mother","Transliteration":"wa-ummihi"},{"Position":2,"AudioFileName":"080_035_002.mp3","TajweedImageFilePath":"80/35/2.png","Text":"وَأَبِيهِ","Translation":"and his father","Transliteration":"wa-abīhi"},{"Position":3,"AudioFileName":null,"TajweedImageFilePath":"35.png","Text":"٣٥","Translation":"(35)","Transliteration":null}],"PageNumber":585,"JuzNumber":30,"ManzilNumber":7,"RukuNumber":522,"MaqraNumber":234,"HizbNumber":59,"HizbDecimal":0.25,"HasSajda":false},{"SurahNumber":80,"SurahIndex":"080","VerseNumber":36,"ShowSurahName":false,"ShowBismillah":false,"Words":[{"Position":1,"AudioFileName":"080_036_001.mp3","TajweedImageFilePath":"80/36/1.png","Text":"وَصَـٰحِبَتِهِۦ","Translation":"And his wife","Transliteration":"waṣāḥibatihi"},{"Position":2,"AudioFileName":"080_036_002.mp3","TajweedImageFilePath":"80/36/2.png","Text":"وَبَنِيهِ","Translation":"and his children","Transliteration":"wabanīhi"},{"Position":3,"AudioFileName":null,"TajweedImageFilePath":"36.png","Text":"٣٦","Translation":"(36)","Transliteration":null}],"PageNumber":585,"JuzNumber":30,"ManzilNumber":7,"RukuNumber":522,"MaqraNumber":234,"HizbNumber":59,"HizbDecimal":0.25,"HasSajda":false},{"SurahNumber":80,"SurahIndex":"080","VerseNumber":37,"ShowSurahName":false,"ShowBismillah":false,"Words":[{"Position":1,"AudioFileName":"080_037_001.mp3","TajweedImageFilePath":"80/37/1.png","Text":"لِكُلِّ","Translation":"For every","Transliteration":"likulli"},{"Position":2,"AudioFileName":"080_037_002.mp3","TajweedImageFilePath":"80/37/2.png","Text":"ٱمْرِئٍۢ","Translation":"man","Transliteration":"im'ri-in"},{"Position":3,"AudioFileName":"080_037_003.mp3","TajweedImageFilePath":"80/37/3.png","Text":"مِّنْهُمْ","Translation":"among them","Transliteration":"min'hum"},{"Position":4,"AudioFileName":"080_037_004.mp3","TajweedImageFilePath":"80/37/4.png","Text":"يَوْمَئِذٍۢ","Translation":"that Day","Transliteration":"yawma-idhin"},{"Position":5,"AudioFileName":"080_037_005.mp3","TajweedImageFilePath":"80/37/5.png","Text":"شَأْنٌۭ","Translation":"(will be) a matter","Transliteration":"shanun"},{"Position":6,"AudioFileName":"080_037_006.mp3","TajweedImageFilePath":"80/37/6.png","Text":"يُغْنِيهِ","Translation":"occupying him","Transliteration":"yugh'nīhi"},{"Position":7,"AudioFileName":null,"TajweedImageFilePath":"37.png","Text":"٣٧","Translation":"(37)","Transliteration":null}],"PageNumber":585,"JuzNumber":30,"ManzilNumber":7,"RukuNumber":522,"MaqraNumber":234,"HizbNumber":59,"HizbDecimal":0.25,"HasSajda":false},{"SurahNumber":80,"SurahIndex":"080","VerseNumber":38,"ShowSurahName":false,"ShowBismillah":false,"Words":[{"Position":1,"AudioFileName":"080_038_001.mp3","TajweedImageFilePath":"80/38/1.png","Text":"وُجُوهٌۭ","Translation":"Faces","Transliteration":"wujūhun"},{"Position":2,"AudioFileName":"080_038_002.mp3","TajweedImageFilePath":"80/38/2.png","Text":"يَوْمَئِذٍۢ","Translation":"that Day","Transliteration":"yawma-idhin"},{"Position":3,"AudioFileName":"080_038_003.mp3","TajweedImageFilePath":"80/38/3.png","Text":"مُّسْفِرَةٌۭ","Translation":"(will be) bright","Transliteration":"mus'firatun"},{"Position":4,"AudioFileName":null,"TajweedImageFilePath":"38.png","Text":"٣٨","Translation":"(38)","Transliteration":null}],"PageNumber":585,"JuzNumber":30,"ManzilNumber":7,"RukuNumber":522,"MaqraNumber":234,"HizbNumber":59,"HizbDecimal":0.25,"HasSajda":false},{"SurahNumber":80,"SurahIndex":"080","VerseNumber":39,"ShowSurahName":false,"ShowBismillah":false,"Words":[{"Position":1,"AudioFileName":"080_039_001.mp3","TajweedImageFilePath":"80/39/1.png","Text":"ضَاحِكَةٌۭ","Translation":"Laughing","Transliteration":"ḍāḥikatun"},{"Position":2,"AudioFileName":"080_039_002.mp3","TajweedImageFilePath":"80/39/2.png","Text":"مُّسْتَبْشِرَةٌۭ","Translation":"rejoicing at good news","Transliteration":"mus'tabshiratun"},{"Position":3,"AudioFileName":null,"TajweedImageFilePath":"39.png","Text":"٣٩","Translation":"(39)","Transliteration":null}],"PageNumber":585,"JuzNumber":30,"ManzilNumber":7,"RukuNumber":522,"MaqraNumber":234,"HizbNumber":59,"HizbDecimal":0.25,"HasSajda":false},{"SurahNumber":80,"SurahIndex":"080","VerseNumber":40,"ShowSurahName":false,"ShowBismillah":false,"Words":[{"Position":1,"AudioFileName":"080_040_001.mp3","TajweedImageFilePath":"80/40/1.png","Text":"وَوُجُوهٌۭ","Translation":"And faces","Transliteration":"wawujūhun"},{"Position":2,"AudioFileName":"080_040_002.mp3","TajweedImageFilePath":"80/40/2.png","Text":"يَوْمَئِذٍ","Translation":"that Day","Transliteration":"yawma-idhin"},{"Position":3,"AudioFileName":"080_040_003.mp3","TajweedImageFilePath":"80/40/3.png","Text":"عَلَيْهَا","Translation":"upon them","Transliteration":"ʿalayhā"},{"Position":4,"AudioFileName":"080_040_004.mp3","TajweedImageFilePath":"80/40/4.png","Text":"غَبَرَةٌۭ","Translation":"(will be) dust","Transliteration":"ghabaratun"},{"Position":5,"AudioFileName":null,"TajweedImageFilePath":"40.png","Text":"٤٠","Translation":"(40)","Transliteration":null}],"PageNumber":585,"JuzNumber":30,"ManzilNumber":7,"RukuNumber":522,"MaqraNumber":234,"HizbNumber":59,"HizbDecimal":0.25,"HasSajda":false},{"SurahNumber":80,"SurahIndex":"080","VerseNumber":41,"ShowSurahName":false,"ShowBismillah":false,"Words":[{"Position":1,"AudioFileName":"080_041_001.mp3","TajweedImageFilePath":"80/41/1.png","Text":"تَرْهَقُهَا","Translation":"Will cover them","Transliteration":"tarhaquhā"},{"Position":2,"AudioFileName":"080_041_002.mp3","TajweedImageFilePath":"80/41/2.png","Text":"قَتَرَةٌ","Translation":"darkness","Transliteration":"qataratun"},{"Position":3,"AudioFileName":null,"TajweedImageFilePath":"41.png","Text":"٤١","Translation":"(41)","Transliteration":null}],"PageNumber":585,"JuzNumber":30,"ManzilNumber":7,"RukuNumber":522,"MaqraNumber":234,"HizbNumber":59,"HizbDecimal":0.25,"HasSajda":false},{"SurahNumber":80,"SurahIndex":"080","VerseNumber":42,"ShowSurahName":false,"ShowBismillah":false,"Words":[{"Position":1,"AudioFileName":"080_042_001.mp3","TajweedImageFilePath":"80/42/1.png","Text":"أُو۟لَـٰٓئِكَ","Translation":"Those","Transliteration":"ulāika"},{"Position":2,"AudioFileName":"080_042_002.mp3","TajweedImageFilePath":"80/42/2.png","Text":"هُمُ","Translation":"[they]","Transliteration":"humu"},{"Position":3,"AudioFileName":"080_042_003.mp3","TajweedImageFilePath":"80/42/3.png","Text":"ٱلْكَفَرَةُ","Translation":"(are) the disbelievers","Transliteration":"l-kafaratu"},{"Position":4,"AudioFileName":"080_042_004.mp3","TajweedImageFilePath":"80/42/4.png","Text":"ٱلْفَجَرَةُ","Translation":"the wicked ones","Transliteration":"l-fajaratu"},{"Position":5,"AudioFileName":null,"TajweedImageFilePath":"42.png","Text":"٤٢","Translation":"(42)","Transliteration":null}],"PageNumber":585,"JuzNumber":30,"ManzilNumber":7,"RukuNumber":522,"MaqraNumber":234,"HizbNumber":59,"HizbDecimal":0.25,"HasSajda":false},{"SurahNumber":81,"SurahIndex":"081","VerseNumber":1,"ShowSurahName":true,"ShowBismillah":true,"Words":[{"Position":1,"AudioFileName":"081_001_001.mp3","TajweedImageFilePath":"81/1/1.png","Text":"إِذَا","Translation":"When","Transliteration":"idhā"},{"Position":2,"AudioFileName":"081_001_002.mp3","TajweedImageFilePath":"81/1/2.png","Text":"ٱلشَّمْسُ","Translation":"the sun","Transliteration":"l-shamsu"},{"Position":3,"AudioFileName":"081_001_003.mp3","TajweedImageFilePath":"81/1/3.png","Text":"كُوِّرَتْ","Translation":"is wrapped up","Transliteration":"kuwwirat"},{"Position":4,"AudioFileName":null,"TajweedImageFilePath":"1.png","Text":"١","Translation":"(1)","Transliteration":null}],"PageNumber":586,"JuzNumber":30,"ManzilNumber":7,"RukuNumber":523,"MaqraNumber":234,"HizbNumber":59,"HizbDecimal":0.25,"HasSajda":false},{"SurahNumber":81,"SurahIndex":"081","VerseNumber":2,"ShowSurahName":false,"ShowBismillah":false,"Words":[{"Position":1,"AudioFileName":"081_002_001.mp3","TajweedImageFilePath":"81/2/1.png","Text":"وَإِذَا","Translation":"And when","Transliteration":"wa-idhā"},{"Position":2,"AudioFileName":"081_002_002.mp3","TajweedImageFilePath":"81/2/2.png","Text":"ٱلنُّجُومُ","Translation":"the stars","Transliteration":"l-nujūmu"},{"Position":3,"AudioFileName":"081_002_003.mp3","TajweedImageFilePath":"81/2/3.png","Text":"ٱنكَدَرَتْ","Translation":"fall, losing their luster","Transliteration":"inkadarat"},{"Position":4,"AudioFileName":null,"TajweedImageFilePath":"2.png","Text":"٢","Translation":"(2)","Transliteration":null}],"PageNumber":586,"JuzNumber":30,"ManzilNumber":7,"RukuNumber":523,"MaqraNumber":234,"HizbNumber":59,"HizbDecimal":0.25,"HasSajda":false},{"SurahNumber":81,"SurahIndex":"081","VerseNumber":3,"ShowSurahName":false,"ShowBismillah":false,"Words":[{"Position":1,"AudioFileName":"081_003_001.mp3","TajweedImageFilePath":"81/3/1.png","Text":"وَإِذَا","Translation":"And when","Transliteration":"wa-idhā"},{"Position":2,"AudioFileName":"081_003_002.mp3","TajweedImageFilePath":"81/3/2.png","Text":"ٱلْجِبَالُ","Translation":"the mountains","Transliteration":"l-jibālu"},{"Position":3,"AudioFileName":"081_003_003.mp3","TajweedImageFilePath":"81/3/3.png","Text":"سُيِّرَتْ","Translation":"are moved away","Transliteration":"suyyirat"},{"Position":4,"AudioFileName":null,"TajweedImageFilePath":"3.png","Text":"٣","Translation":"(3)","Transliteration":null}],"PageNumber":586,"JuzNumber":30,"ManzilNumber":7,"RukuNumber":523,"MaqraNumber":234,"HizbNumber":59,"HizbDecimal":0.25,"HasSajda":false},{"SurahNumber":81,"SurahIndex":"081","VerseNumber":4,"ShowSurahName":false,"ShowBismillah":false,"Words":[{"Position":1,"AudioFileName":"081_004_001.mp3","TajweedImageFilePath":"81/4/1.png","Text":"وَإِذَا","Translation":"And when","Transliteration":"wa-idhā"},{"Position":2,"AudioFileName":"081_004_002.mp3","TajweedImageFilePath":"81/4/2.png","Text":"ٱلْعِشَارُ","Translation":"the full-term she-camels","Transliteration":"l-ʿishāru"},{"Position":3,"AudioFileName":"081_004_003.mp3","TajweedImageFilePath":"81/4/3.png","Text":"عُطِّلَتْ","Translation":"(are) left untended","Transliteration":"ʿuṭṭilat"},{"Position":4,"AudioFileName":null,"TajweedImageFilePath":"4.png","Text":"٤","Translation":"(4)","Transliteration":null}],"PageNumber":586,"JuzNumber":30,"ManzilNumber":7,"RukuNumber":523,"MaqraNumber":234,"HizbNumber":59,"HizbDecimal":0.25,"HasSajda":false},{"SurahNumber":81,"SurahIndex":"081","VerseNumber":5,"ShowSurahName":false,"ShowBismillah":false,"Words":[{"Position":1,"AudioFileName":"081_005_001.mp3","TajweedImageFilePath":"81/5/1.png","Text":"وَإِذَا","Translation":"And when","Transliteration":"wa-idhā"},{"Position":2,"AudioFileName":"081_005_002.mp3","TajweedImageFilePath":"81/5/2.png","Text":"ٱلْوُحُوشُ","Translation":"the wild beasts","Transliteration":"l-wuḥūshu"},{"Position":3,"AudioFileName":"081_005_003.mp3","TajweedImageFilePath":"81/5/3.png","Text":"حُشِرَتْ","Translation":"are gathered","Transliteration":"ḥushirat"},{"Position":4,"AudioFileName":null,"TajweedImageFilePath":"5.png","Text":"٥","Translation":"(5)","Transliteration":null}],"PageNumber":586,"JuzNumber":30,"ManzilNumber":7,"RukuNumber":523,"MaqraNumber":234,"HizbNumber":59,"HizbDecimal":0.25,"HasSajda":false},{"SurahNumber":81,"SurahIndex":"081","VerseNumber":6,"ShowSurahName":false,"ShowBismillah":false,"Words":[{"Position":1,"AudioFileName":"081_006_001.mp3","TajweedImageFilePath":"81/6/1.png","Text":"وَإِذَا","Translation":"And when","Transliteration":"wa-idhā"},{"Position":2,"AudioFileName":"081_006_002.mp3","TajweedImageFilePath":"81/6/2.png","Text":"ٱلْبِحَارُ","Translation":"the seas","Transliteration":"l-biḥāru"},{"Position":3,"AudioFileName":"081_006_003.mp3","TajweedImageFilePath":"81/6/3.png","Text":"سُجِّرَتْ","Translation":"are made to overflow","Transliteration":"sujjirat"},{"Position":4,"AudioFileName":null,"TajweedImageFilePath":"6.png","Text":"٦","Translation":"(6)","Transliteration":null}],"PageNumber":586,"JuzNumber":30,"ManzilNumber":7,"RukuNumber":523,"MaqraNumber":234,"HizbNumber":59,"HizbDecimal":0.25,"HasSajda":false},{"SurahNumber":81,"SurahIndex":"081","VerseNumber":7,"ShowSurahName":false,"ShowBismillah":false,"Words":[{"Position":1,"AudioFileName":"081_007_001.mp3","TajweedImageFilePath":"81/7/1.png","Text":"وَإِذَا","Translation":"And when","Transliteration":"wa-idhā"},{"Position":2,"AudioFileName":"081_007_002.mp3","TajweedImageFilePath":"81/7/2.png","Text":"ٱلنُّفُوسُ","Translation":"the souls","Transliteration":"l-nufūsu"},{"Position":3,"AudioFileName":"081_007_003.mp3","TajweedImageFilePath":"81/7/3.png","Text":"زُوِّجَتْ","Translation":"are paired","Transliteration":"zuwwijat"},{"Position":4,"AudioFileName":null,"TajweedImageFilePath":"7.png","Text":"٧","Translation":"(7)","Transliteration":null}],"PageNumber":586,"JuzNumber":30,"ManzilNumber":7,"RukuNumber":523,"MaqraNumber":234,"HizbNumber":59,"HizbDecimal":0.25,"HasSajda":false},{"SurahNumber":81,"SurahIndex":"081","VerseNumber":8,"ShowSurahName":false,"ShowBismillah":false,"Words":[{"Position":1,"AudioFileName":"081_008_001.mp3","TajweedImageFilePath":"81/8/1.png","Text":"وَإِذَا","Translation":"And when","Transliteration":"wa-idhā"},{"Position":2,"AudioFileName":"081_008_002.mp3","TajweedImageFilePath":"81/8/2.png","Text":"ٱلْمَوْءُۥدَةُ","Translation":"the female infant buried alive","Transliteration":"l-mawūdatu"},{"Position":3,"AudioFileName":"081_008_003.mp3","TajweedImageFilePath":"81/8/3.png","Text":"سُئِلَتْ","Translation":"is asked","Transliteration":"su-ilat"},{"Position":4,"AudioFileName":null,"TajweedImageFilePath":"8.png","Text":"٨","Translation":"(8)","Transliteration":null}],"PageNumber":586,"JuzNumber":30,"ManzilNumber":7,"RukuNumber":523,"MaqraNumber":234,"HizbNumber":59,"HizbDecimal":0.25,"HasSajda":false},{"SurahNumber":81,"SurahIndex":"081","VerseNumber":9,"ShowSurahName":false,"ShowBismillah":false,"Words":[{"Position":1,"AudioFileName":"081_009_001.mp3","TajweedImageFilePath":"81/9/1.png","Text":"بِأَىِّ","Translation":"For what","Transliteration":"bi-ayyi"},{"Position":2,"AudioFileName":"081_009_002.mp3","TajweedImageFilePath":"81/9/2.png","Text":"ذَنۢبٍۢ","Translation":"sin","Transliteration":"dhanbin"},{"Position":3,"AudioFileName":"081_009_003.mp3","TajweedImageFilePath":"81/9/3.png","Text":"قُتِلَتْ","Translation":"she was killed","Transliteration":"qutilat"},{"Position":4,"AudioFileName":null,"TajweedImageFilePath":"9.png","Text":"٩","Translation":"(9)","Transliteration":null}],"PageNumber":586,"JuzNumber":30,"ManzilNumber":7,"RukuNumber":523,"MaqraNumber":234,"HizbNumber":59,"HizbDecimal":0.25,"HasSajda":false},{"SurahNumber":81,"SurahIndex":"081","VerseNumber":10,"ShowSurahName":false,"ShowBismillah":false,"Words":[{"Position":1,"AudioFileName":"081_010_001.mp3","TajweedImageFilePath":"81/10/1.png","Text":"وَإِذَا","Translation":"And when","Transliteration":"wa-idhā"},{"Position":2,"AudioFileName":"081_010_002.mp3","TajweedImageFilePath":"81/10/2.png","Text":"ٱلصُّحُفُ","Translation":"the pages","Transliteration":"l-ṣuḥufu"},{"Position":3,"AudioFileName":"081_010_003.mp3","TajweedImageFilePath":"81/10/3.png","Text":"نُشِرَتْ","Translation":"are laid open","Transliteration":"nushirat"},{"Position":4,"AudioFileName":null,"TajweedImageFilePath":"10.png","Text":"١٠","Translation":"(10)","Transliteration":null}],"PageNumber":586,"JuzNumber":30,"ManzilNumber":7,"RukuNumber":523,"MaqraNumber":234,"HizbNumber":59,"HizbDecimal":0.25,"HasSajda":false},{"SurahNumber":81,"SurahIndex":"081","VerseNumber":11,"ShowSurahName":false,"ShowBismillah":false,"Words":[{"Position":1,"AudioFileName":"081_011_001.mp3","TajweedImageFilePath":"81/11/1.png","Text":"وَإِذَا","Translation":"And when","Transliteration":"wa-idhā"},{"Position":2,"AudioFileName":"081_011_002.mp3","TajweedImageFilePath":"81/11/2.png","Text":"ٱلسَّمَآءُ","Translation":"the sky","Transliteration":"l-samāu"},{"Position":3,"AudioFileName":"081_011_003.mp3","TajweedImageFilePath":"81/11/3.png","Text":"كُشِطَتْ","Translation":"is stripped away","Transliteration":"kushiṭat"},{"Position":4,"AudioFileName":null,"TajweedImageFilePath":"11.png","Text":"١١","Translation":"(11)","Transliteration":null}],"PageNumber":586,"JuzNumber":30,"ManzilNumber":7,"RukuNumber":523,"MaqraNumber":234,"HizbNumber":59,"HizbDecimal":0.25,"HasSajda":false},{"SurahNumber":81,"SurahIndex":"081","VerseNumber":12,"ShowSurahName":false,"ShowBismillah":false,"Words":[{"Position":1,"AudioFileName":"081_012_001.mp3","TajweedImageFilePath":"81/12/1.png","Text":"وَإِذَا","Translation":"And when","Transliteration":"wa-idhā"},{"Position":2,"AudioFileName":"081_012_002.mp3","TajweedImageFilePath":"81/12/2.png","Text":"ٱلْجَحِيمُ","Translation":"the Hellfire","Transliteration":"l-jaḥīmu"},{"Position":3,"AudioFileName":"081_012_003.mp3","TajweedImageFilePath":"81/12/3.png","Text":"سُعِّرَتْ","Translation":"is set ablaze","Transliteration":"suʿʿirat"},{"Position":4,"AudioFileName":null,"TajweedImageFilePath":"12.png","Text":"١٢","Translation":"(12)","Transliteration":null}],"PageNumber":586,"JuzNumber":30,"ManzilNumber":7,"RukuNumber":523,"MaqraNumber":234,"HizbNumber":59,"HizbDecimal":0.25,"HasSajda":false},{"SurahNumber":81,"SurahIndex":"081","VerseNumber":13,"ShowSurahName":false,"ShowBismillah":false,"Words":[{"Position":1,"AudioFileName":"081_013_001.mp3","TajweedImageFilePath":"81/13/1.png","Text":"وَإِذَا","Translation":"And when","Transliteration":"wa-idhā"},{"Position":2,"AudioFileName":"081_013_002.mp3","TajweedImageFilePath":"81/13/2.png","Text":"ٱلْجَنَّةُ","Translation":"Paradise","Transliteration":"l-janatu"},{"Position":3,"AudioFileName":"081_013_003.mp3","TajweedImageFilePath":"81/13/3.png","Text":"أُزْلِفَتْ","Translation":"is brought near","Transliteration":"uz'lifat"},{"Position":4,"AudioFileName":null,"TajweedImageFilePath":"13.png","Text":"١٣","Translation":"(13)","Transliteration":null}],"PageNumber":586,"JuzNumber":30,"ManzilNumber":7,"RukuNumber":523,"MaqraNumber":234,"HizbNumber":59,"HizbDecimal":0.25,"HasSajda":false},{"SurahNumber":81,"SurahIndex":"081","VerseNumber":14,"ShowSurahName":false,"ShowBismillah":false,"Words":[{"Position":1,"AudioFileName":"081_014_001.mp3","TajweedImageFilePath":"81/14/1.png","Text":"عَلِمَتْ","Translation":"Will know","Transliteration":"ʿalimat"},{"Position":2,"AudioFileName":"081_014_002.mp3","TajweedImageFilePath":"81/14/2.png","Text":"نَفْسٌۭ","Translation":"a soul","Transliteration":"nafsun"},{"Position":3,"AudioFileName":"081_014_003.mp3","TajweedImageFilePath":"81/14/3.png","Text":"مَّآ","Translation":"what","Transliteration":"mā"},{"Position":4,"AudioFileName":"081_014_004.mp3","TajweedImageFilePath":"81/14/4.png","Text":"أَحْضَرَتْ","Translation":"it has brought","Transliteration":"aḥḍarat"},{"Position":5,"AudioFileName":null,"TajweedImageFilePath":"14.png","Text":"١٤","Translation":"(14)","Transliteration":null}],"PageNumber":586,"JuzNumber":30,"ManzilNumber":7,"RukuNumber":523,"MaqraNumber":234,"HizbNumber":59,"HizbDecimal":0.25,"HasSajda":false},{"SurahNumber":81,"SurahIndex":"081","VerseNumber":15,"ShowSurahName":false,"ShowBismillah":false,"Words":[{"Position":1,"AudioFileName":"081_015_001.mp3","TajweedImageFilePath":"81/15/1.png","Text":"فَلَآ","Translation":"But nay","Transliteration":"falā"},{"Position":2,"AudioFileName":"081_015_002.mp3","TajweedImageFilePath":"81/15/2.png","Text":"أُقْسِمُ","Translation":"I swear","Transliteration":"uq'simu"},{"Position":3,"AudioFileName":"081_015_003.mp3","TajweedImageFilePath":"81/15/3.png","Text":"بِٱلْخُنَّسِ","Translation":"by the retreating planets","Transliteration":"bil-khunasi"},{"Position":4,"AudioFileName":null,"TajweedImageFilePath":"15.png","Text":"١٥","Translation":"(15)","Transliteration":null}],"PageNumber":586,"JuzNumber":30,"ManzilNumber":7,"RukuNumber":523,"MaqraNumber":234,"HizbNumber":59,"HizbDecimal":0.25,"HasSajda":false},{"SurahNumber":81,"SurahIndex":"081","VerseNumber":16,"ShowSurahName":false,"ShowBismillah":false,"Words":[{"Position":1,"AudioFileName":"081_016_001.mp3","TajweedImageFilePath":"81/16/1.png","Text":"ٱلْجَوَارِ","Translation":"Those that run","Transliteration":"al-jawāri"},{"Position":2,"AudioFileName":"081_016_002.mp3","TajweedImageFilePath":"81/16/2.png","Text":"ٱلْكُنَّسِ","Translation":"(and) disappear","Transliteration":"l-kunasi"},{"Position":3,"AudioFileName":null,"TajweedImageFilePath":"16.png","Text":"١٦","Translation":"(16)","Transliteration":null}],"PageNumber":586,"JuzNumber":30,"ManzilNumber":7,"RukuNumber":523,"MaqraNumber":234,"HizbNumber":59,"HizbDecimal":0.25,"HasSajda":false},{"SurahNumber":81,"SurahIndex":"081","VerseNumber":17,"ShowSurahName":false,"ShowBismillah":false,"Words":[{"Position":1,"AudioFileName":"081_017_001.mp3","TajweedImageFilePath":"81/17/1.png","Text":"وَٱلَّيْلِ","Translation":"And the night","Transliteration":"wa-al-layli"},{"Position":2,"AudioFileName":"081_017_002.mp3","TajweedImageFilePath":"81/17/2.png","Text":"إِذَا","Translation":"when","Transliteration":"idhā"},{"Position":3,"AudioFileName":"081_017_003.mp3","TajweedImageFilePath":"81/17/3.png","Text":"عَسْعَسَ","Translation":"it departs","Transliteration":"ʿasʿasa"},{"Position":4,"AudioFileName":null,"TajweedImageFilePath":"17.png","Text":"١٧","Translation":"(17)","Transliteration":null}],"PageNumber":586,"JuzNumber":30,"ManzilNumber":7,"RukuNumber":523,"MaqraNumber":234,"HizbNumber":59,"HizbDecimal":0.25,"HasSajda":false},{"SurahNumber":81,"SurahIndex":"081","VerseNumber":18,"ShowSurahName":false,"ShowBismillah":false,"Words":[{"Position":1,"AudioFileName":"081_018_001.mp3","TajweedImageFilePath":"81/18/1.png","Text":"وَٱلصُّبْحِ","Translation":"And the dawn","Transliteration":"wal-ṣub'ḥi"},{"Position":2,"AudioFileName":"081_018_002.mp3","TajweedImageFilePath":"81/18/2.png","Text":"إِذَا","Translation":"when","Transliteration":"idhā"},{"Position":3,"AudioFileName":"081_018_003.mp3","TajweedImageFilePath":"81/18/3.png","Text":"تَنَفَّسَ","Translation":"it breathes","Transliteration":"tanaffasa"},{"Position":4,"AudioFileName":null,"TajweedImageFilePath":"18.png","Text":"١٨","Translation":"(18)","Transliteration":null}],"PageNumber":586,"JuzNumber":30,"ManzilNumber":7,"RukuNumber":523,"MaqraNumber":234,"HizbNumber":59,"HizbDecimal":0.25,"HasSajda":false},{"SurahNumber":81,"SurahIndex":"081","VerseNumber":19,"ShowSurahName":false,"ShowBismillah":false,"Words":[{"Position":1,"AudioFileName":"081_019_001.mp3","TajweedImageFilePath":"81/19/1.png","Text":"إِنَّهُۥ","Translation":"Indeed, it","Transliteration":"innahu"},{"Position":2,"AudioFileName":"081_019_002.mp3","TajweedImageFilePath":"81/19/2.png","Text":"لَقَوْلُ","Translation":"(is) surely a word","Transliteration":"laqawlu"},{"Position":3,"AudioFileName":"081_019_003.mp3","TajweedImageFilePath":"81/19/3.png","Text":"رَسُولٍۢ","Translation":"(of) a Messenger","Transliteration":"rasūlin"},{"Position":4,"AudioFileName":"081_019_004.mp3","TajweedImageFilePath":"81/19/4.png","Text":"كَرِيمٍۢ","Translation":"noble","Transliteration":"karīmin"},{"Position":5,"AudioFileName":null,"TajweedImageFilePath":"19.png","Text":"١٩","Translation":"(19)","Transliteration":null}],"PageNumber":586,"JuzNumber":30,"ManzilNumber":7,"RukuNumber":523,"MaqraNumber":234,"HizbNumber":59,"HizbDecimal":0.25,"HasSajda":false},{"SurahNumber":81,"SurahIndex":"081","VerseNumber":20,"ShowSurahName":false,"ShowBismillah":false,"Words":[{"Position":1,"AudioFileName":"081_020_001.mp3","TajweedImageFilePath":"81/20/1.png","Text":"ذِى","Translation":"Possessor of","Transliteration":"dhī"},{"Position":2,"AudioFileName":"081_020_002.mp3","TajweedImageFilePath":"81/20/2.png","Text":"قُوَّةٍ","Translation":"power","Transliteration":"quwwatin"},{"Position":3,"AudioFileName":"081_020_003.mp3","TajweedImageFilePath":"81/20/3.png","Text":"عِندَ","Translation":"with","Transliteration":"ʿinda"},{"Position":4,"AudioFileName":"081_020_004.mp3","TajweedImageFilePath":"81/20/4.png","Text":"ذِى","Translation":"(the) Owner of","Transliteration":"dhī"},{"Position":5,"AudioFileName":"081_020_005.mp3","TajweedImageFilePath":"81/20/5.png","Text":"ٱلْعَرْشِ","Translation":"the Throne","Transliteration":"l-ʿarshi"},{"Position":6,"AudioFileName":"081_020_006.mp3","TajweedImageFilePath":"81/20/6.png","Text":"مَكِينٍۢ","Translation":"secure","Transliteration":"makīnin"},{"Position":7,"AudioFileName":null,"TajweedImageFilePath":"20.png","Text":"٢٠","Translation":"(20)","Transliteration":null}],"PageNumber":586,"JuzNumber":30,"ManzilNumber":7,"RukuNumber":523,"MaqraNumber":234,"HizbNumber":59,"HizbDecimal":0.25,"HasSajda":false},{"SurahNumber":81,"SurahIndex":"081","VerseNumber":21,"ShowSurahName":false,"ShowBismillah":false,"Words":[{"Position":1,"AudioFileName":"081_021_001.mp3","TajweedImageFilePath":"81/21/1.png","Text":"مُّطَاعٍۢ","Translation":"One to be obeyed","Transliteration":"muṭāʿin"},{"Position":2,"AudioFileName":"081_021_002.mp3","TajweedImageFilePath":"81/21/2.png","Text":"ثَمَّ","Translation":"and","Transliteration":"thamma"},{"Position":3,"AudioFileName":"081_021_003.mp3","TajweedImageFilePath":"81/21/3.png","Text":"أَمِينٍۢ","Translation":"trustworthy","Transliteration":"amīnin"},{"Position":4,"AudioFileName":null,"TajweedImageFilePath":"21.png","Text":"٢١","Translation":"(21)","Transliteration":null}],"PageNumber":586,"JuzNumber":30,"ManzilNumber":7,"RukuNumber":523,"MaqraNumber":234,"HizbNumber":59,"HizbDecimal":0.25,"HasSajda":false},{"SurahNumber":81,"SurahIndex":"081","VerseNumber":22,"ShowSurahName":false,"ShowBismillah":false,"Words":[{"Position":1,"AudioFileName":"081_022_001.mp3","TajweedImageFilePath":"81/22/1.png","Text":"وَمَا","Translation":"And not","Transliteration":"wamā"},{"Position":2,"AudioFileName":"081_022_002.mp3","TajweedImageFilePath":"81/22/2.png","Text":"صَاحِبُكُم","Translation":"(is) your companion","Transliteration":"ṣāḥibukum"},{"Position":3,"AudioFileName":"081_022_003.mp3","TajweedImageFilePath":"81/22/3.png","Text":"بِمَجْنُونٍۢ","Translation":"mad","Transliteration":"bimajnūnin"},{"Position":4,"AudioFileName":null,"TajweedImageFilePath":"22.png","Text":"٢٢","Translation":"(22)","Transliteration":null}],"PageNumber":586,"JuzNumber":30,"ManzilNumber":7,"RukuNumber":523,"MaqraNumber":234,"HizbNumber":59,"HizbDecimal":0.25,"HasSajda":false},{"SurahNumber":81,"SurahIndex":"081","VerseNumber":23,"ShowSurahName":false,"ShowBismillah":false,"Words":[{"Position":1,"AudioFileName":"081_023_001.mp3","TajweedImageFilePath":"81/23/1.png","Text":"وَلَقَدْ","Translation":"And certainly","Transliteration":"walaqad"},{"Position":2,"AudioFileName":"081_023_002.mp3","TajweedImageFilePath":"81/23/2.png","Text":"رَءَاهُ","Translation":"he saw him","Transliteration":"raāhu"},{"Position":3,"AudioFileName":"081_023_003.mp3","TajweedImageFilePath":"81/23/3.png","Text":"بِٱلْأُفُقِ","Translation":"in the horizon","Transliteration":"bil-ufuqi"},{"Position":4,"AudioFileName":"081_023_004.mp3","TajweedImageFilePath":"81/23/4.png","Text":"ٱلْمُبِينِ","Translation":"the clear","Transliteration":"l-mubīni"},{"Position":5,"AudioFileName":null,"TajweedImageFilePath":"23.png","Text":"٢٣","Translation":"(23)","Transliteration":null}],"PageNumber":586,"JuzNumber":30,"ManzilNumber":7,"RukuNumber":523,"MaqraNumber":234,"HizbNumber":59,"HizbDecimal":0.25,"HasSajda":false},{"SurahNumber":81,"SurahIndex":"081","VerseNumber":24,"ShowSurahName":false,"ShowBismillah":false,"Words":[{"Position":1,"AudioFileName":"081_024_001.mp3","TajweedImageFilePath":"81/24/1.png","Text":"وَمَا","Translation":"And not","Transliteration":"wamā"},{"Position":2,"AudioFileName":"081_024_002.mp3","TajweedImageFilePath":"81/24/2.png","Text":"هُوَ","Translation":"he (is)","Transliteration":"huwa"},{"Position":3,"AudioFileName":"081_024_003.mp3","TajweedImageFilePath":"81/24/3.png","Text":"عَلَى","Translation":"on","Transliteration":"ʿalā"},{"Position":4,"AudioFileName":"081_024_004.mp3","TajweedImageFilePath":"81/24/4.png","Text":"ٱلْغَيْبِ","Translation":"the unseen","Transliteration":"l-ghaybi"},{"Position":5,"AudioFileName":"081_024_005.mp3","TajweedImageFilePath":"81/24/5.png","Text":"بِضَنِينٍۢ","Translation":"a withholder","Transliteration":"biḍanīnin"},{"Position":6,"AudioFileName":null,"TajweedImageFilePath":"24.png","Text":"٢٤","Translation":"(24)","Transliteration":null}],"PageNumber":586,"JuzNumber":30,"ManzilNumber":7,"RukuNumber":523,"MaqraNumber":234,"HizbNumber":59,"HizbDecimal":0.25,"HasSajda":false},{"SurahNumber":81,"SurahIndex":"081","VerseNumber":25,"ShowSurahName":false,"ShowBismillah":false,"Words":[{"Position":1,"AudioFileName":"081_025_001.mp3","TajweedImageFilePath":"81/25/1.png","Text":"وَمَا","Translation":"And not","Transliteration":"wamā"},{"Position":2,"AudioFileName":"081_025_002.mp3","TajweedImageFilePath":"81/25/2.png","Text":"هُوَ","Translation":"it","Transliteration":"huwa"},{"Position":3,"AudioFileName":"081_025_003.mp3","TajweedImageFilePath":"81/25/3.png","Text":"بِقَوْلِ","Translation":"(is the) word","Transliteration":"biqawli"},{"Position":4,"AudioFileName":"081_025_004.mp3","TajweedImageFilePath":"81/25/4.png","Text":"شَيْطَـٰنٍۢ","Translation":"(of) Shaitaan","Transliteration":"shayṭānin"},{"Position":5,"AudioFileName":"081_025_005.mp3","TajweedImageFilePath":"81/25/5.png","Text":"رَّجِيمٍۢ","Translation":"accursed","Transliteration":"rajīmin"},{"Position":6,"AudioFileName":null,"TajweedImageFilePath":"25.png","Text":"٢٥","Translation":"(25)","Transliteration":null}],"PageNumber":586,"JuzNumber":30,"ManzilNumber":7,"RukuNumber":523,"MaqraNumber":234,"HizbNumber":59,"HizbDecimal":0.25,"HasSajda":false},{"SurahNumber":81,"SurahIndex":"081","VerseNumber":26,"ShowSurahName":false,"ShowBismillah":false,"Words":[{"Position":1,"AudioFileName":"081_026_001.mp3","TajweedImageFilePath":"81/26/1.png","Text":"فَأَيْنَ","Translation":"So where","Transliteration":"fa-ayna"},{"Position":2,"AudioFileName":"081_026_002.mp3","TajweedImageFilePath":"81/26/2.png","Text":"تَذْهَبُونَ","Translation":"are you going","Transliteration":"tadhhabūna"},{"Position":3,"AudioFileName":null,"TajweedImageFilePath":"26.png","Text":"٢٦","Translation":"(26)","Transliteration":null}],"PageNumber":586,"JuzNumber":30,"ManzilNumber":7,"RukuNumber":523,"MaqraNumber":234,"HizbNumber":59,"HizbDecimal":0.25,"HasSajda":false},{"SurahNumber":81,"SurahIndex":"081","VerseNumber":27,"ShowSurahName":false,"ShowBismillah":false,"Words":[{"Position":1,"AudioFileName":"081_027_001.mp3","TajweedImageFilePath":"81/27/1.png","Text":"إِنْ","Translation":"Not","Transliteration":"in"},{"Position":2,"AudioFileName":"081_027_002.mp3","TajweedImageFilePath":"81/27/2.png","Text":"هُوَ","Translation":"it","Transliteration":"huwa"},{"Position":3,"AudioFileName":"081_027_003.mp3","TajweedImageFilePath":"81/27/3.png","Text":"إِلَّا","Translation":"(is) except","Transliteration":"illā"},{"Position":4,"AudioFileName":"081_027_004.mp3","TajweedImageFilePath":"81/27/4.png","Text":"ذِكْرٌۭ","Translation":"a reminder","Transliteration":"dhik'run"},{"Position":5,"AudioFileName":"081_027_005.mp3","TajweedImageFilePath":"81/27/5.png","Text":"لِّلْعَـٰلَمِينَ","Translation":"to the worlds","Transliteration":"lil'ʿālamīna"},{"Position":6,"AudioFileName":null,"TajweedImageFilePath":"27.png","Text":"٢٧","Translation":"(27)","Transliteration":null}],"PageNumber":586,"JuzNumber":30,"ManzilNumber":7,"RukuNumber":523,"MaqraNumber":234,"HizbNumber":59,"HizbDecimal":0.25,"HasSajda":false},{"SurahNumber":81,"SurahIndex":"081","VerseNumber":28,"ShowSurahName":false,"ShowBismillah":false,"Words":[{"Position":1,"AudioFileName":"081_028_001.mp3","TajweedImageFilePath":"81/28/1.png","Text":"لِمَن","Translation":"For whoever","Transliteration":"liman"},{"Position":2,"AudioFileName":"081_028_002.mp3","TajweedImageFilePath":"81/28/2.png","Text":"شَآءَ","Translation":"wills","Transliteration":"shāa"},{"Position":3,"AudioFileName":"081_028_003.mp3","TajweedImageFilePath":"81/28/3.png","Text":"مِنكُمْ","Translation":"among you","Transliteration":"minkum"},{"Position":4,"AudioFileName":"081_028_004.mp3","TajweedImageFilePath":"81/28/4.png","Text":"أَن","Translation":"to","Transliteration":"an"},{"Position":5,"AudioFileName":"081_028_005.mp3","TajweedImageFilePath":"81/28/5.png","Text":"يَسْتَقِيمَ","Translation":"take a straight way","Transliteration":"yastaqīma"},{"Position":6,"AudioFileName":null,"TajweedImageFilePath":"28.png","Text":"٢٨","Translation":"(28)","Transliteration":null}],"PageNumber":586,"JuzNumber":30,"ManzilNumber":7,"RukuNumber":523,"MaqraNumber":234,"HizbNumber":59,"HizbDecimal":0.25,"HasSajda":false},{"SurahNumber":81,"SurahIndex":"081","VerseNumber":29,"ShowSurahName":false,"ShowBismillah":false,"Words":[{"Position":1,"AudioFileName":"081_029_001.mp3","TajweedImageFilePath":"81/29/1.png","Text":"وَمَا","Translation":"And not","Transliteration":"wamā"},{"Position":2,"AudioFileName":"081_029_002.mp3","TajweedImageFilePath":"81/29/2.png","Text":"تَشَآءُونَ","Translation":"you will","Transliteration":"tashāūna"},{"Position":3,"AudioFileName":"081_029_003.mp3","TajweedImageFilePath":"81/29/3.png","Text":"إِلَّآ","Translation":"except","Transliteration":"illā"},{"Position":4,"AudioFileName":"081_029_004.mp3","TajweedImageFilePath":"81/29/4.png","Text":"أَن","Translation":"that","Transliteration":"an"},{"Position":5,"AudioFileName":"081_029_005.mp3","TajweedImageFilePath":"81/29/5.png","Text":"يَشَآءَ","Translation":"wills","Transliteration":"yashāa"},{"Position":6,"AudioFileName":"081_029_006.mp3","TajweedImageFilePath":"81/29/6.png","Text":"ٱللَّهُ","Translation":"Allah","Transliteration":"l-lahu"},{"Position":7,"AudioFileName":"081_029_007.mp3","TajweedImageFilePath":"81/29/7.png","Text":"رَبُّ","Translation":"Lord","Transliteration":"rabbu"},{"Position":8,"AudioFileName":"081_029_008.mp3","TajweedImageFilePath":"81/29/8.png","Text":"ٱلْعَـٰلَمِينَ","Translation":"(of) the worlds","Transliteration":"l-ʿālamīna"},{"Position":9,"AudioFileName":null,"TajweedImageFilePath":"29.png","Text":"٢٩","Translation":"(29)","Transliteration":null}],"PageNumber":586,"JuzNumber":30,"ManzilNumber":7,"RukuNumber":523,"MaqraNumber":234,"HizbNumber":59,"HizbDecimal":0.25,"HasSajda":false}]}