{"MaqraNumber":240,"Verses":[{"SurahNumber":100,"SurahIndex":"100","VerseNumber":9,"ShowSurahName":false,"ShowBismillah":false,"Words":[{"Position":1,"AudioFileName":"100_009_001.mp3","TajweedImageFilePath":"100/9/1.png","Text":"۞ أَفَلَا","Translation":"But does not","Transliteration":"afalā"},{"Position":2,"AudioFileName":"100_009_002.mp3","TajweedImageFilePath":"100/9/2.png","Text":"يَعْلَمُ","Translation":"he know","Transliteration":"yaʿlamu"},{"Position":3,"AudioFileName":"100_009_003.mp3","TajweedImageFilePath":"100/9/3.png","Text":"إِذَا","Translation":"when","Transliteration":"idhā"},{"Position":4,"AudioFileName":"100_009_004.mp3","TajweedImageFilePath":"100/9/4.png","Text":"بُعْثِرَ","Translation":"will be scattered","Transliteration":"buʿ'thira"},{"Position":5,"AudioFileName":"100_009_005.mp3","TajweedImageFilePath":"100/9/5.png","Text":"مَا","Translation":"what","Transliteration":"mā"},{"Position":6,"AudioFileName":"100_009_006.mp3","TajweedImageFilePath":"100/9/6.png","Text":"فِى","Translation":"(is) in","Transliteration":"fī"},{"Position":7,"AudioFileName":"100_009_007.mp3","TajweedImageFilePath":"100/9/7.png","Text":"ٱلْقُبُورِ","Translation":"the graves","Transliteration":"l-qubūri"},{"Position":8,"AudioFileName":null,"TajweedImageFilePath":"9.png","Text":"٩","Translation":"(9)","Transliteration":null}],"PageNumber":599,"JuzNumber":30,"ManzilNumber":7,"RukuNumber":542,"MaqraNumber":240,"HizbNumber":60,"HizbDecimal":0.75,"HasSajda":false},{"SurahNumber":100,"SurahIndex":"100","VerseNumber":10,"ShowSurahName":false,"ShowBismillah":false,"Words":[{"Position":1,"AudioFileName":"100_010_001.mp3","TajweedImageFilePath":"100/10/1.png","Text":"وَحُصِّلَ","Translation":"And is made apparent","Transliteration":"waḥuṣṣila"},{"Position":2,"AudioFileName":"100_010_002.mp3","TajweedImageFilePath":"100/10/2.png","Text":"مَا","Translation":"what","Transliteration":"mā"},{"Position":3,"AudioFileName":"100_010_003.mp3","TajweedImageFilePath":"100/10/3.png","Text":"فِى","Translation":"(is) in","Transliteration":"fī"},{"Position":4,"AudioFileName":"100_010_004.mp3","TajweedImageFilePath":"100/10/4.png","Text":"ٱلصُّدُورِ","Translation":"the breasts","Transliteration":"l-ṣudūri"},{"Position":5,"AudioFileName":null,"TajweedImageFilePath":"10.png","Text":"١٠","Translation":"(10)","Transliteration":null}],"PageNumber":600,"JuzNumber":30,"ManzilNumber":7,"RukuNumber":542,"MaqraNumber":240,"HizbNumber":60,"HizbDecimal":0.75,"HasSajda":false},{"SurahNumber":100,"SurahIndex":"100","VerseNumber":11,"ShowSurahName":false,"ShowBismillah":false,"Words":[{"Position":1,"AudioFileName":"100_011_001.mp3","TajweedImageFilePath":"100/11/1.png","Text":"إِنَّ","Translation":"Indeed","Transliteration":"inna"},{"Position":2,"AudioFileName":"100_011_002.mp3","TajweedImageFilePath":"100/11/2.png","Text":"رَبَّهُم","Translation":"their Lord","Transliteration":"rabbahum"},{"Position":3,"AudioFileName":"100_011_003.mp3","TajweedImageFilePath":"100/11/3.png","Text":"بِهِمْ","Translation":"about them","Transliteration":"bihim"},{"Position":4,"AudioFileName":"100_011_004.mp3","TajweedImageFilePath":"100/11/4.png","Text":"يَوْمَئِذٍۢ","Translation":"that Day","Transliteration":"yawma-idhin"},{"Position":5,"AudioFileName":"100_011_005.mp3","TajweedImageFilePath":"100/11/5.png","Text":"لَّخَبِيرٌۢ","Translation":"(is) surely All-Aware","Transliteration":"lakhabīrun"},{"Position":6,"AudioFileName":null,"TajweedImageFilePath":"11.png","Text":"١١","Translation":"(11)","Transliteration":null}],"PageNumber":600,"JuzNumber":30,"ManzilNumber":7,"RukuNumber":542,"MaqraNumber":240,"HizbNumber":60,"HizbDecimal":0.75,"HasSajda":false},{"SurahNumber":101,"SurahIndex":"101","VerseNumber":1,"ShowSurahName":true,"ShowBismillah":true,"Words":[{"Position":1,"AudioFileName":"101_001_001.mp3","TajweedImageFilePath":"101/1/1.png","Text":"ٱلْقَارِعَةُ","Translation":"The Striking Calamity","Transliteration":"al-qāriʿatu"},{"Position":2,"AudioFileName":null,"TajweedImageFilePath":"1.png","Text":"١","Translation":"(1)","Transliteration":null}],"PageNumber":600,"JuzNumber":30,"ManzilNumber":7,"RukuNumber":543,"MaqraNumber":240,"HizbNumber":60,"HizbDecimal":0.75,"HasSajda":false},{"SurahNumber":101,"SurahIndex":"101","VerseNumber":2,"ShowSurahName":false,"ShowBismillah":false,"Words":[{"Position":1,"AudioFileName":"101_002_001.mp3","TajweedImageFilePath":"101/2/1.png","Text":"مَا","Translation":"What","Transliteration":"mā"},{"Position":2,"AudioFileName":"101_002_002.mp3","TajweedImageFilePath":"101/2/2.png","Text":"ٱلْقَارِعَةُ","Translation":"(is) the Striking Calamity","Transliteration":"l-qāriʿatu"},{"Position":3,"AudioFileName":null,"TajweedImageFilePath":"2.png","Text":"٢","Translation":"(2)","Transliteration":null}],"PageNumber":600,"JuzNumber":30,"ManzilNumber":7,"RukuNumber":543,"MaqraNumber":240,"HizbNumber":60,"HizbDecimal":0.75,"HasSajda":false},{"SurahNumber":101,"SurahIndex":"101","VerseNumber":3,"ShowSurahName":false,"ShowBismillah":false,"Words":[{"Position":1,"AudioFileName":"101_003_001.mp3","TajweedImageFilePath":"101/3/1.png","Text":"وَمَآ","Translation":"And what","Transliteration":"wamā"},{"Position":2,"AudioFileName":"101_003_002.mp3","TajweedImageFilePath":"101/3/2.png","Text":"أَدْرَىٰكَ","Translation":"will make you know","Transliteration":"adrāka"},{"Position":3,"AudioFileName":"101_003_003.mp3","TajweedImageFilePath":"101/3/3.png","Text":"مَا","Translation":"what","Transliteration":"mā"},{"Position":4,"AudioFileName":"101_003_004.mp3","TajweedImageFilePath":"101/3/4.png","Text":"ٱلْقَارِعَةُ","Translation":"(is) the Striking Calamity","Transliteration":"l-qāriʿatu"},{"Position":5,"AudioFileName":null,"TajweedImageFilePath":"3.png","Text":"٣","Translation":"(3)","Transliteration":null}],"PageNumber":600,"JuzNumber":30,"ManzilNumber":7,"RukuNumber":543,"MaqraNumber":240,"HizbNumber":60,"HizbDecimal":0.75,"HasSajda":false},{"SurahNumber":101,"SurahIndex":"101","VerseNumber":4,"ShowSurahName":false,"ShowBismillah":false,"Words":[{"Position":1,"AudioFileName":"101_004_001.mp3","TajweedImageFilePath":"101/4/1.png","Text":"يَوْمَ","Translation":"(The) Day","Transliteration":"yawma"},{"Position":2,"AudioFileName":"101_004_002.mp3","TajweedImageFilePath":"101/4/2.png","Text":"يَكُونُ","Translation":"will be","Transliteration":"yakūnu"},{"Position":3,"AudioFileName":"101_004_003.mp3","TajweedImageFilePath":"101/4/3.png","Text":"ٱلنَّاسُ","Translation":"the mankind","Transliteration":"l-nāsu"},{"Position":4,"AudioFileName":"101_004_004.mp3","TajweedImageFilePath":"101/4/4.png","Text":"كَٱلْفَرَاشِ","Translation":"like moths","Transliteration":"kal-farāshi"},{"Position":5,"AudioFileName":"101_004_005.mp3","TajweedImageFilePath":"101/4/5.png","Text":"ٱلْمَبْثُوثِ","Translation":"scattered","Transliteration":"l-mabthūthi"},{"Position":6,"AudioFileName":null,"TajweedImageFilePath":"4.png","Text":"٤","Translation":"(4)","Transliteration":null}],"PageNumber":600,"JuzNumber":30,"ManzilNumber":7,"RukuNumber":543,"MaqraNumber":240,"HizbNumber":60,"HizbDecimal":0.75,"HasSajda":false},{"SurahNumber":101,"SurahIndex":"101","VerseNumber":5,"ShowSurahName":false,"ShowBismillah":false,"Words":[{"Position":1,"AudioFileName":"101_005_001.mp3","TajweedImageFilePath":"101/5/1.png","Text":"وَتَكُونُ","Translation":"And will be","Transliteration":"watakūnu"},{"Position":2,"AudioFileName":"101_005_002.mp3","TajweedImageFilePath":"101/5/2.png","Text":"ٱلْجِبَالُ","Translation":"the mountains","Transliteration":"l-jibālu"},{"Position":3,"AudioFileName":"101_005_003.mp3","TajweedImageFilePath":"101/5/3.png","Text":"كَٱلْعِهْنِ","Translation":"like wool","Transliteration":"kal-ʿih'ni"},{"Position":4,"AudioFileName":"101_005_004.mp3","TajweedImageFilePath":"101/5/4.png","Text":"ٱلْمَنفُوشِ","Translation":"fluffed up","Transliteration":"l-manfūshi"},{"Position":5,"AudioFileName":null,"TajweedImageFilePath":"5.png","Text":"٥","Translation":"(5)","Transliteration":null}],"PageNumber":600,"JuzNumber":30,"ManzilNumber":7,"RukuNumber":543,"MaqraNumber":240,"HizbNumber":60,"HizbDecimal":0.75,"HasSajda":false},{"SurahNumber":101,"SurahIndex":"101","VerseNumber":6,"ShowSurahName":false,"ShowBismillah":false,"Words":[{"Position":1,"AudioFileName":"101_006_001.mp3","TajweedImageFilePath":"101/6/1.png","Text":"فَأَمَّا","Translation":"Then as for","Transliteration":"fa-ammā"},{"Position":2,"AudioFileName":"101_006_002.mp3","TajweedImageFilePath":"101/6/2.png","Text":"مَن","Translation":"(him) whose","Transliteration":"man"},{"Position":3,"AudioFileName":"101_006_003.mp3","TajweedImageFilePath":"101/6/3.png","Text":"ثَقُلَتْ","Translation":"(are) heavy","Transliteration":"thaqulat"},{"Position":4,"AudioFileName":"101_006_004.mp3","TajweedImageFilePath":"101/6/4.png","Text":"مَوَٰزِينُهُۥ","Translation":"his scales","Transliteration":"mawāzīnuhu"},{"Position":5,"AudioFileName":null,"TajweedImageFilePath":"6.png","Text":"٦","Translation":"(6)","Transliteration":null}],"PageNumber":600,"JuzNumber":30,"ManzilNumber":7,"RukuNumber":543,"MaqraNumber":240,"HizbNumber":60,"HizbDecimal":0.75,"HasSajda":false},{"SurahNumber":101,"SurahIndex":"101","VerseNumber":7,"ShowSurahName":false,"ShowBismillah":false,"Words":[{"Position":1,"AudioFileName":"101_007_001.mp3","TajweedImageFilePath":"101/7/1.png","Text":"فَهُوَ","Translation":"Then he","Transliteration":"fahuwa"},{"Position":2,"AudioFileName":"101_007_002.mp3","TajweedImageFilePath":"101/7/2.png","Text":"فِى","Translation":"(will be) in","Transliteration":"fī"},{"Position":3,"AudioFileName":"101_007_003.mp3","TajweedImageFilePath":"101/7/3.png","Text":"عِيشَةٍۢ","Translation":"a life","Transliteration":"ʿīshatin"},{"Position":4,"AudioFileName":"101_007_004.mp3","TajweedImageFilePath":"101/7/4.png","Text":"رَّاضِيَةٍۢ","Translation":"pleasant","Transliteration":"rāḍiyatin"},{"Position":5,"AudioFileName":null,"TajweedImageFilePath":"7.png","Text":"٧","Translation":"(7)","Transliteration":null}],"PageNumber":600,"JuzNumber":30,"ManzilNumber":7,"RukuNumber":543,"MaqraNumber":240,"HizbNumber":60,"HizbDecimal":0.75,"HasSajda":false},{"SurahNumber":101,"SurahIndex":"101","VerseNumber":8,"ShowSurahName":false,"ShowBismillah":false,"Words":[{"Position":1,"AudioFileName":"101_008_001.mp3","TajweedImageFilePath":"101/8/1.png","Text":"وَأَمَّا","Translation":"But as for","Transliteration":"wa-ammā"},{"Position":2,"AudioFileName":"101_008_002.mp3","TajweedImageFilePath":"101/8/2.png","Text":"مَنْ","Translation":"(him) whose","Transliteration":"man"},{"Position":3,"AudioFileName":"101_008_003.mp3","TajweedImageFilePath":"101/8/3.png","Text":"خَفَّتْ","Translation":"(are) light","Transliteration":"khaffat"},{"Position":4,"AudioFileName":"101_008_004.mp3","TajweedImageFilePath":"101/8/4.png","Text":"مَوَٰزِينُهُۥ","Translation":"his scales","Transliteration":"mawāzīnuhu"},{"Position":5,"AudioFileName":null,"TajweedImageFilePath":"8.png","Text":"٨","Translation":"(8)","Transliteration":null}],"PageNumber":600,"JuzNumber":30,"ManzilNumber":7,"RukuNumber":543,"MaqraNumber":240,"HizbNumber":60,"HizbDecimal":0.75,"HasSajda":false},{"SurahNumber":101,"SurahIndex":"101","VerseNumber":9,"ShowSurahName":false,"ShowBismillah":false,"Words":[{"Position":1,"AudioFileName":"101_009_001.mp3","TajweedImageFilePath":"101/9/1.png","Text":"فَأُمُّهُۥ","Translation":"His abode","Transliteration":"fa-ummuhu"},{"Position":2,"AudioFileName":"101_009_002.mp3","TajweedImageFilePath":"101/9/2.png","Text":"هَاوِيَةٌۭ","Translation":"(will be the) Pit","Transliteration":"hāwiyatun"},{"Position":3,"AudioFileName":null,"TajweedImageFilePath":"9.png","Text":"٩","Translation":"(9)","Transliteration":null}],"PageNumber":600,"JuzNumber":30,"ManzilNumber":7,"RukuNumber":543,"MaqraNumber":240,"HizbNumber":60,"HizbDecimal":0.75,"HasSajda":false},{"SurahNumber":101,"SurahIndex":"101","VerseNumber":10,"ShowSurahName":false,"ShowBismillah":false,"Words":[{"Position":1,"AudioFileName":"101_010_001.mp3","TajweedImageFilePath":"101/10/1.png","Text":"وَمَآ","Translation":"And what","Transliteration":"wamā"},{"Position":2,"AudioFileName":"101_010_002.mp3","TajweedImageFilePath":"101/10/2.png","Text":"أَدْرَىٰكَ","Translation":"will make you know","Transliteration":"adrāka"},{"Position":3,"AudioFileName":"101_010_003.mp3","TajweedImageFilePath":"101/10/3.png","Text":"مَا","Translation":"what","Transliteration":"mā"},{"Position":4,"AudioFileName":"101_010_004.mp3","TajweedImageFilePath":"101/10/4.png","Text":"هِيَهْ","Translation":"it is","Transliteration":"hiyah"},{"Position":5,"AudioFileName":null,"TajweedImageFilePath":"10.png","Text":"١٠","Translation":"(10)","Transliteration":null}],"PageNumber":600,"JuzNumber":30,"ManzilNumber":7,"RukuNumber":543,"MaqraNumber":240,"HizbNumber":60,"HizbDecimal":0.75,"HasSajda":false},{"SurahNumber":101,"SurahIndex":"101","VerseNumber":11,"ShowSurahName":false,"ShowBismillah":false,"Words":[{"Position":1,"AudioFileName":"101_011_001.mp3","TajweedImageFilePath":"101/11/1.png","Text":"نَارٌ","Translation":"A Fire","Transliteration":"nārun"},{"Position":2,"AudioFileName":"101_011_002.mp3","TajweedImageFilePath":"101/11/2.png","Text":"حَامِيَةٌۢ","Translation":"intensely hot","Transliteration":"ḥāmiyatun"},{"Position":3,"AudioFileName":null,"TajweedImageFilePath":"11.png","Text":"١١","Translation":"(11)","Transliteration":null}],"PageNumber":600,"JuzNumber":30,"ManzilNumber":7,"RukuNumber":543,"MaqraNumber":240,"HizbNumber":60,"HizbDecimal":0.75,"HasSajda":false},{"SurahNumber":102,"SurahIndex":"102","VerseNumber":1,"ShowSurahName":true,"ShowBismillah":true,"Words":[{"Position":1,"AudioFileName":"102_001_001.mp3","TajweedImageFilePath":"102/1/1.png","Text":"أَلْهَىٰكُمُ","Translation":"Diverts you","Transliteration":"alhākumu"},{"Position":2,"AudioFileName":"102_001_002.mp3","TajweedImageFilePath":"102/1/2.png","Text":"ٱلتَّكَاثُرُ","Translation":"the competition to increase","Transliteration":"l-takāthuru"},{"Position":3,"AudioFileName":null,"TajweedImageFilePath":"1.png","Text":"١","Translation":"(1)","Transliteration":null}],"PageNumber":600,"JuzNumber":30,"ManzilNumber":7,"RukuNumber":544,"MaqraNumber":240,"HizbNumber":60,"HizbDecimal":0.75,"HasSajda":false},{"SurahNumber":102,"SurahIndex":"102","VerseNumber":2,"ShowSurahName":false,"ShowBismillah":false,"Words":[{"Position":1,"AudioFileName":"102_002_001.mp3","TajweedImageFilePath":"102/2/1.png","Text":"حَتَّىٰ","Translation":"Until","Transliteration":"ḥattā"},{"Position":2,"AudioFileName":"102_002_002.mp3","TajweedImageFilePath":"102/2/2.png","Text":"زُرْتُمُ","Translation":"you visit","Transliteration":"zur'tumu"},{"Position":3,"AudioFileName":"102_002_003.mp3","TajweedImageFilePath":"102/2/3.png","Text":"ٱلْمَقَابِرَ","Translation":"the graves","Transliteration":"l-maqābira"},{"Position":4,"AudioFileName":null,"TajweedImageFilePath":"2.png","Text":"٢","Translation":"(2)","Transliteration":null}],"PageNumber":600,"JuzNumber":30,"ManzilNumber":7,"RukuNumber":544,"MaqraNumber":240,"HizbNumber":60,"HizbDecimal":0.75,"HasSajda":false},{"SurahNumber":102,"SurahIndex":"102","VerseNumber":3,"ShowSurahName":false,"ShowBismillah":false,"Words":[{"Position":1,"AudioFileName":"102_003_001.mp3","TajweedImageFilePath":"102/3/1.png","Text":"كَلَّا","Translation":"Nay","Transliteration":"kallā"},{"Position":2,"AudioFileName":"102_003_002.mp3","TajweedImageFilePath":"102/3/2.png","Text":"سَوْفَ","Translation":"Soon","Transliteration":"sawfa"},{"Position":3,"AudioFileName":"102_003_003.mp3","TajweedImageFilePath":"102/3/3.png","Text":"تَعْلَمُونَ","Translation":"you will know","Transliteration":"taʿlamūna"},{"Position":4,"AudioFileName":null,"TajweedImageFilePath":"3.png","Text":"٣","Translation":"(3)","Transliteration":null}],"PageNumber":600,"JuzNumber":30,"ManzilNumber":7,"RukuNumber":544,"MaqraNumber":240,"HizbNumber":60,"HizbDecimal":0.75,"HasSajda":false},{"SurahNumber":102,"SurahIndex":"102","VerseNumber":4,"ShowSurahName":false,"ShowBismillah":false,"Words":[{"Position":1,"AudioFileName":"102_004_001.mp3","TajweedImageFilePath":"102/4/1.png","Text":"ثُمَّ","Translation":"Then","Transliteration":"thumma"},{"Position":2,"AudioFileName":"102_004_002.mp3","TajweedImageFilePath":"102/4/2.png","Text":"كَلَّا","Translation":"nay","Transliteration":"kallā"},{"Position":3,"AudioFileName":"102_004_003.mp3","TajweedImageFilePath":"102/4/3.png","Text":"سَوْفَ","Translation":"Soon","Transliteration":"sawfa"},{"Position":4,"AudioFileName":"102_004_004.mp3","TajweedImageFilePath":"102/4/4.png","Text":"تَعْلَمُونَ","Translation":"you will know","Transliteration":"taʿlamūna"},{"Position":5,"AudioFileName":null,"TajweedImageFilePath":"4.png","Text":"٤","Translation":"(4)","Transliteration":null}],"PageNumber":600,"JuzNumber":30,"ManzilNumber":7,"RukuNumber":544,"MaqraNumber":240,"HizbNumber":60,"HizbDecimal":0.75,"HasSajda":false},{"SurahNumber":102,"SurahIndex":"102","VerseNumber":5,"ShowSurahName":false,"ShowBismillah":false,"Words":[{"Position":1,"AudioFileName":"102_005_001.mp3","TajweedImageFilePath":"102/5/1.png","Text":"كَلَّا","Translation":"Nay","Transliteration":"kallā"},{"Position":2,"AudioFileName":"102_005_002.mp3","TajweedImageFilePath":"102/5/2.png","Text":"لَوْ","Translation":"If","Transliteration":"law"},{"Position":3,"AudioFileName":"102_005_003.mp3","TajweedImageFilePath":"102/5/3.png","Text":"تَعْلَمُونَ","Translation":"you know","Transliteration":"taʿlamūna"},{"Position":4,"AudioFileName":"102_005_004.mp3","TajweedImageFilePath":"102/5/4.png","Text":"عِلْمَ","Translation":"(with) a knowledge","Transliteration":"ʿil'ma"},{"Position":5,"AudioFileName":"102_005_005.mp3","TajweedImageFilePath":"102/5/5.png","Text":"ٱلْيَقِينِ","Translation":"(of) certainty","Transliteration":"l-yaqīni"},{"Position":6,"AudioFileName":null,"TajweedImageFilePath":"5.png","Text":"٥","Translation":"(5)","Transliteration":null}],"PageNumber":600,"JuzNumber":30,"ManzilNumber":7,"RukuNumber":544,"MaqraNumber":240,"HizbNumber":60,"HizbDecimal":0.75,"HasSajda":false},{"SurahNumber":102,"SurahIndex":"102","VerseNumber":6,"ShowSurahName":false,"ShowBismillah":false,"Words":[{"Position":1,"AudioFileName":"102_006_001.mp3","TajweedImageFilePath":"102/6/1.png","Text":"لَتَرَوُنَّ","Translation":"Surely you will see","Transliteration":"latarawunna"},{"Position":2,"AudioFileName":"102_006_002.mp3","TajweedImageFilePath":"102/6/2.png","Text":"ٱلْجَحِيمَ","Translation":"the Hellfire","Transliteration":"l-jaḥīma"},{"Position":3,"AudioFileName":null,"TajweedImageFilePath":"6.png","Text":"٦","Translation":"(6)","Transliteration":null}],"PageNumber":600,"JuzNumber":30,"ManzilNumber":7,"RukuNumber":544,"MaqraNumber":240,"HizbNumber":60,"HizbDecimal":0.75,"HasSajda":false},{"SurahNumber":102,"SurahIndex":"102","VerseNumber":7,"ShowSurahName":false,"ShowBismillah":false,"Words":[{"Position":1,"AudioFileName":"102_007_001.mp3","TajweedImageFilePath":"102/7/1.png","Text":"ثُمَّ","Translation":"Then","Transliteration":"thumma"},{"Position":2,"AudioFileName":"102_007_002.mp3","TajweedImageFilePath":"102/7/2.png","Text":"لَتَرَوُنَّهَا","Translation":"surely you will see it","Transliteration":"latarawunnahā"},{"Position":3,"AudioFileName":"102_007_003.mp3","TajweedImageFilePath":"102/7/3.png","Text":"عَيْنَ","Translation":"(with the) eye","Transliteration":"ʿayna"},{"Position":4,"AudioFileName":"102_007_004.mp3","TajweedImageFilePath":"102/7/4.png","Text":"ٱلْيَقِينِ","Translation":"(of) certainty","Transliteration":"l-yaqīni"},{"Position":5,"AudioFileName":null,"TajweedImageFilePath":"7.png","Text":"٧","Translation":"(7)","Transliteration":null}],"PageNumber":600,"JuzNumber":30,"ManzilNumber":7,"RukuNumber":544,"MaqraNumber":240,"HizbNumber":60,"HizbDecimal":0.75,"HasSajda":false},{"SurahNumber":102,"SurahIndex":"102","VerseNumber":8,"ShowSurahName":false,"ShowBismillah":false,"Words":[{"Position":1,"AudioFileName":"102_008_001.mp3","TajweedImageFilePath":"102/8/1.png","Text":"ثُمَّ","Translation":"Then","Transliteration":"thumma"},{"Position":2,"AudioFileName":"102_008_002.mp3","TajweedImageFilePath":"102/8/2.png","Text":"لَتُسْـَٔلُنَّ","Translation":"surely you will be asked","Transliteration":"latus'alunna"},{"Position":3,"AudioFileName":"102_008_003.mp3","TajweedImageFilePath":"102/8/3.png","Text":"يَوْمَئِذٍ","Translation":"that Day","Transliteration":"yawma-idhin"},{"Position":4,"AudioFileName":"102_008_004.mp3","TajweedImageFilePath":"102/8/4.png","Text":"عَنِ","Translation":"about","Transliteration":"ʿani"},{"Position":5,"AudioFileName":"102_008_005.mp3","TajweedImageFilePath":"102/8/5.png","Text":"ٱلنَّعِيمِ","Translation":"the pleasures","Transliteration":"l-naʿīmi"},{"Position":6,"AudioFileName":null,"TajweedImageFilePath":"8.png","Text":"٨","Translation":"(8)","Transliteration":null}],"PageNumber":600,"JuzNumber":30,"ManzilNumber":7,"RukuNumber":544,"MaqraNumber":240,"HizbNumber":60,"HizbDecimal":0.75,"HasSajda":false},{"SurahNumber":103,"SurahIndex":"103","VerseNumber":1,"ShowSurahName":true,"ShowBismillah":true,"Words":[{"Position":1,"AudioFileName":"103_001_001.mp3","TajweedImageFilePath":"103/1/1.png","Text":"وَٱلْعَصْرِ","Translation":"By the time","Transliteration":"wal-ʿaṣri"},{"Position":2,"AudioFileName":null,"TajweedImageFilePath":"1.png","Text":"١","Translation":"(1)","Transliteration":null}],"PageNumber":601,"JuzNumber":30,"ManzilNumber":7,"RukuNumber":545,"MaqraNumber":240,"HizbNumber":60,"HizbDecimal":0.75,"HasSajda":false},{"SurahNumber":103,"SurahIndex":"103","VerseNumber":2,"ShowSurahName":false,"ShowBismillah":false,"Words":[{"Position":1,"AudioFileName":"103_002_001.mp3","TajweedImageFilePath":"103/2/1.png","Text":"إِنَّ","Translation":"Indeed","Transliteration":"inna"},{"Position":2,"AudioFileName":"103_002_002.mp3","TajweedImageFilePath":"103/2/2.png","Text":"ٱلْإِنسَـٰنَ","Translation":"mankind","Transliteration":"l-insāna"},{"Position":3,"AudioFileName":"103_002_003.mp3","TajweedImageFilePath":"103/2/3.png","Text":"لَفِى","Translation":"(is) surely, in","Transliteration":"lafī"},{"Position":4,"AudioFileName":"103_002_004.mp3","TajweedImageFilePath":"103/2/4.png","Text":"خُسْرٍ","Translation":"loss","Transliteration":"khus'rin"},{"Position":5,"AudioFileName":null,"TajweedImageFilePath":"2.png","Text":"٢","Translation":"(2)","Transliteration":null}],"PageNumber":601,"JuzNumber":30,"ManzilNumber":7,"RukuNumber":545,"MaqraNumber":240,"HizbNumber":60,"HizbDecimal":0.75,"HasSajda":false},{"SurahNumber":103,"SurahIndex":"103","VerseNumber":3,"ShowSurahName":false,"ShowBismillah":false,"Words":[{"Position":1,"AudioFileName":"103_003_001.mp3","TajweedImageFilePath":"103/3/1.png","Text":"إِلَّا","Translation":"Except","Transliteration":"illā"},{"Position":2,"AudioFileName":"103_003_002.mp3","TajweedImageFilePath":"103/3/2.png","Text":"ٱلَّذِينَ","Translation":"those who","Transliteration":"alladhīna"},{"Position":3,"AudioFileName":"103_003_003.mp3","TajweedImageFilePath":"103/3/3.png","Text":"ءَامَنُوا۟","Translation":"believe","Transliteration":"āmanū"},{"Position":4,"AudioFileName":"103_003_004.mp3","TajweedImageFilePath":"103/3/4.png","Text":"وَعَمِلُوا۟","Translation":"and do","Transliteration":"waʿamilū"},{"Position":5,"AudioFileName":"103_003_005.mp3","TajweedImageFilePath":"103/3/5.png","Text":"ٱلصَّـٰلِحَـٰتِ","Translation":"righteous deeds","Transliteration":"l-ṣāliḥāti"},{"Position":6,"AudioFileName":"103_003_006.mp3","TajweedImageFilePath":"103/3/6.png","Text":"وَتَوَاصَوْا۟","Translation":"and enjoin (each other)","Transliteration":"watawāṣaw"},{"Position":7,"AudioFileName":"103_003_007.mp3","TajweedImageFilePath":"103/3/7.png","Text":"بِٱلْحَقِّ","Translation":"to the truth","Transliteration":"bil-ḥaqi"},{"Position":8,"AudioFileName":"103_003_008.mp3","TajweedImageFilePath":"103/3/8.png","Text":"وَتَوَاصَوْا۟","Translation":"and enjoin (each other)","Transliteration":"watawāṣaw"},{"Position":9,"AudioFileName":"103_003_009.mp3","TajweedImageFilePath":"103/3/9.png","Text":"بِٱلصَّبْرِ","Translation":"to [the] patience","Transliteration":"bil-ṣabri"},{"Position":10,"AudioFileName":null,"TajweedImageFilePath":"3.png","Text":"٣","Translation":"(3)","Transliteration":null}],"PageNumber":601,"JuzNumber":30,"ManzilNumber":7,"RukuNumber":545,"MaqraNumber":240,"HizbNumber":60,"HizbDecimal":0.75,"HasSajda":false},{"SurahNumber":104,"SurahIndex":"104","VerseNumber":1,"ShowSurahName":true,"ShowBismillah":true,"Words":[{"Position":1,"AudioFileName":"104_001_001.mp3","TajweedImageFilePath":"104/1/1.png","Text":"وَيْلٌۭ","Translation":"Woe","Transliteration":"waylun"},{"Position":2,"AudioFileName":"104_001_002.mp3","TajweedImageFilePath":"104/1/2.png","Text":"لِّكُلِّ","Translation":"to every","Transliteration":"likulli"},{"Position":3,"AudioFileName":"104_001_003.mp3","TajweedImageFilePath":"104/1/3.png","Text":"هُمَزَةٍۢ","Translation":"slanderer","Transliteration":"humazatin"},{"Position":4,"AudioFileName":"104_001_004.mp3","TajweedImageFilePath":"104/1/4.png","Text":"لُّمَزَةٍ","Translation":"backbiter","Transliteration":"lumazatin"},{"Position":5,"AudioFileName":null,"TajweedImageFilePath":"1.png","Text":"١","Translation":"(1)","Transliteration":null}],"PageNumber":601,"JuzNumber":30,"ManzilNumber":7,"RukuNumber":546,"MaqraNumber":240,"HizbNumber":60,"HizbDecimal":0.75,"HasSajda":false},{"SurahNumber":104,"SurahIndex":"104","VerseNumber":2,"ShowSurahName":false,"ShowBismillah":false,"Words":[{"Position":1,"AudioFileName":"104_002_001.mp3","TajweedImageFilePath":"104/2/1.png","Text":"ٱلَّذِى","Translation":"The one who","Transliteration":"alladhī"},{"Position":2,"AudioFileName":"104_002_002.mp3","TajweedImageFilePath":"104/2/2.png","Text":"جَمَعَ","Translation":"collects","Transliteration":"jamaʿa"},{"Position":3,"AudioFileName":"104_002_003.mp3","TajweedImageFilePath":"104/2/3.png","Text":"مَالًۭا","Translation":"wealth","Transliteration":"mālan"},{"Position":4,"AudioFileName":"104_002_004.mp3","TajweedImageFilePath":"104/2/4.png","Text":"وَعَدَّدَهُۥ","Translation":"and counts it","Transliteration":"waʿaddadahu"},{"Position":5,"AudioFileName":null,"TajweedImageFilePath":"2.png","Text":"٢","Translation":"(2)","Transliteration":null}],"PageNumber":601,"JuzNumber":30,"ManzilNumber":7,"RukuNumber":546,"MaqraNumber":240,"HizbNumber":60,"HizbDecimal":0.75,"HasSajda":false},{"SurahNumber":104,"SurahIndex":"104","VerseNumber":3,"ShowSurahName":false,"ShowBismillah":false,"Words":[{"Position":1,"AudioFileName":"104_003_001.mp3","TajweedImageFilePath":"104/3/1.png","Text":"يَحْسَبُ","Translation":"Thinking","Transliteration":"yaḥsabu"},{"Position":2,"AudioFileName":"104_003_002.mp3","TajweedImageFilePath":"104/3/2.png","Text":"أَنَّ","Translation":"that","Transliteration":"anna"},{"Position":3,"AudioFileName":"104_003_003.mp3","TajweedImageFilePath":"104/3/3.png","Text":"مَالَهُۥٓ","Translation":"his wealth","Transliteration":"mālahu"},{"Position":4,"AudioFileName":"104_003_004.mp3","TajweedImageFilePath":"104/3/4.png","Text":"أَخْلَدَهُۥ","Translation":"will make him immortal","Transliteration":"akhladahu"},{"Position":5,"AudioFileName":null,"TajweedImageFilePath":"3.png","Text":"٣","Translation":"(3)","Transliteration":null}],"PageNumber":601,"JuzNumber":30,"ManzilNumber":7,"RukuNumber":546,"MaqraNumber":240,"HizbNumber":60,"HizbDecimal":0.75,"HasSajda":false},{"SurahNumber":104,"SurahIndex":"104","VerseNumber":4,"ShowSurahName":false,"ShowBismillah":false,"Words":[{"Position":1,"AudioFileName":"104_004_001.mp3","TajweedImageFilePath":"104/4/1.png","Text":"كَلَّا ۖ","Translation":"Nay","Transliteration":"kallā"},{"Position":2,"AudioFileName":"104_004_002.mp3","TajweedImageFilePath":"104/4/2.png","Text":"لَيُنۢبَذَنَّ","Translation":"Surely he will be thrown","Transliteration":"layunbadhanna"},{"Position":3,"AudioFileName":"104_004_003.mp3","TajweedImageFilePath":"104/4/3.png","Text":"فِى","Translation":"in","Transliteration":"fī"},{"Position":4,"AudioFileName":"104_004_004.mp3","TajweedImageFilePath":"104/4/4.png","Text":"ٱلْحُطَمَةِ","Translation":"the Crusher","Transliteration":"l-ḥuṭamati"},{"Position":5,"AudioFileName":null,"TajweedImageFilePath":"4.png","Text":"٤","Translation":"(4)","Transliteration":null}],"PageNumber":601,"JuzNumber":30,"ManzilNumber":7,"RukuNumber":546,"MaqraNumber":240,"HizbNumber":60,"HizbDecimal":0.75,"HasSajda":false},{"SurahNumber":104,"SurahIndex":"104","VerseNumber":5,"ShowSurahName":false,"ShowBismillah":false,"Words":[{"Position":1,"AudioFileName":"104_005_001.mp3","TajweedImageFilePath":"104/5/1.png","Text":"وَمَآ","Translation":"And what","Transliteration":"wamā"},{"Position":2,"AudioFileName":"104_005_002.mp3","TajweedImageFilePath":"104/5/2.png","Text":"أَدْرَىٰكَ","Translation":"will make you know","Transliteration":"adrāka"},{"Position":3,"AudioFileName":"104_005_003.mp3","TajweedImageFilePath":"104/5/3.png","Text":"مَا","Translation":"what","Transliteration":"mā"},{"Position":4,"AudioFileName":"104_005_004.mp3","TajweedImageFilePath":"104/5/4.png","Text":"ٱلْحُطَمَةُ","Translation":"the Crusher (is)","Transliteration":"l-ḥuṭamatu"},{"Position":5,"AudioFileName":null,"TajweedImageFilePath":"5.png","Text":"٥","Translation":"(5)","Transliteration":null}],"PageNumber":601,"JuzNumber":30,"ManzilNumber":7,"RukuNumber":546,"MaqraNumber":240,"HizbNumber":60,"HizbDecimal":0.75,"HasSajda":false},{"SurahNumber":104,"SurahIndex":"104","VerseNumber":6,"ShowSurahName":false,"ShowBismillah":false,"Words":[{"Position":1,"AudioFileName":"104_006_001.mp3","TajweedImageFilePath":"104/6/1.png","Text":"نَارُ","Translation":"A Fire","Transliteration":"nāru"},{"Position":2,"AudioFileName":"104_006_002.mp3","TajweedImageFilePath":"104/6/2.png","Text":"ٱللَّهِ","Translation":"Allah","Transliteration":"l-lahi"},{"Position":3,"AudioFileName":"104_006_003.mp3","TajweedImageFilePath":"104/6/3.png","Text":"ٱلْمُوقَدَةُ","Translation":"kindled","Transliteration":"l-mūqadatu"},{"Position":4,"AudioFileName":null,"TajweedImageFilePath":"6.png","Text":"٦","Translation":"(6)","Transliteration":null}],"PageNumber":601,"JuzNumber":30,"ManzilNumber":7,"RukuNumber":546,"MaqraNumber":240,"HizbNumber":60,"HizbDecimal":0.75,"HasSajda":false},{"SurahNumber":104,"SurahIndex":"104","VerseNumber":7,"ShowSurahName":false,"ShowBismillah":false,"Words":[{"Position":1,"AudioFileName":"104_007_001.mp3","TajweedImageFilePath":"104/7/1.png","Text":"ٱلَّتِى","Translation":"Which","Transliteration":"allatī"},{"Position":2,"AudioFileName":"104_007_002.mp3","TajweedImageFilePath":"104/7/2.png","Text":"تَطَّلِعُ","Translation":"mounts up","Transliteration":"taṭṭaliʿu"},{"Position":3,"AudioFileName":"104_007_003.mp3","TajweedImageFilePath":"104/7/3.png","Text":"عَلَى","Translation":"to","Transliteration":"ʿalā"},{"Position":4,"AudioFileName":"104_007_004.mp3","TajweedImageFilePath":"104/7/4.png","Text":"ٱلْأَفْـِٔدَةِ","Translation":"the hearts","Transliteration":"l-afidati"},{"Position":5,"AudioFileName":null,"TajweedImageFilePath":"7.png","Text":"٧","Translation":"(7)","Transliteration":null}],"PageNumber":601,"JuzNumber":30,"ManzilNumber":7,"RukuNumber":546,"MaqraNumber":240,"HizbNumber":60,"HizbDecimal":0.75,"HasSajda":false},{"SurahNumber":104,"SurahIndex":"104","VerseNumber":8,"ShowSurahName":false,"ShowBismillah":false,"Words":[{"Position":1,"AudioFileName":"104_008_001.mp3","TajweedImageFilePath":"104/8/1.png","Text":"إِنَّهَا","Translation":"Indeed, it","Transliteration":"innahā"},{"Position":2,"AudioFileName":"104_008_002.mp3","TajweedImageFilePath":"104/8/2.png","Text":"عَلَيْهِم","Translation":"(will be) upon them","Transliteration":"ʿalayhim"},{"Position":3,"AudioFileName":"104_008_003.mp3","TajweedImageFilePath":"104/8/3.png","Text":"مُّؤْصَدَةٌۭ","Translation":"closed over","Transliteration":"mu'ṣadatun"},{"Position":4,"AudioFileName":null,"TajweedImageFilePath":"8.png","Text":"٨","Translation":"(8)","Transliteration":null}],"PageNumber":601,"JuzNumber":30,"ManzilNumber":7,"RukuNumber":546,"MaqraNumber":240,"HizbNumber":60,"HizbDecimal":0.75,"HasSajda":false},{"SurahNumber":104,"SurahIndex":"104","VerseNumber":9,"ShowSurahName":false,"ShowBismillah":false,"Words":[{"Position":1,"AudioFileName":"104_009_001.mp3","TajweedImageFilePath":"104/9/1.png","Text":"فِى","Translation":"In","Transliteration":"fī"},{"Position":2,"AudioFileName":"104_009_002.mp3","TajweedImageFilePath":"104/9/2.png","Text":"عَمَدٍۢ","Translation":"columns","Transliteration":"ʿamadin"},{"Position":3,"AudioFileName":"104_009_003.mp3","TajweedImageFilePath":"104/9/3.png","Text":"مُّمَدَّدَةٍۭ","Translation":"extended","Transliteration":"mumaddadatin"},{"Position":4,"AudioFileName":null,"TajweedImageFilePath":"9.png","Text":"٩","Translation":"(9)","Transliteration":null}],"PageNumber":601,"JuzNumber":30,"ManzilNumber":7,"RukuNumber":546,"MaqraNumber":240,"HizbNumber":60,"HizbDecimal":0.75,"HasSajda":false},{"SurahNumber":105,"SurahIndex":"105","VerseNumber":1,"ShowSurahName":true,"ShowBismillah":true,"Words":[{"Position":1,"AudioFileName":"105_001_001.mp3","TajweedImageFilePath":"105/1/1.png","Text":"أَلَمْ","Translation":"Have not","Transliteration":"alam"},{"Position":2,"AudioFileName":"105_001_002.mp3","TajweedImageFilePath":"105/1/2.png","Text":"تَرَ","Translation":"you seen","Transliteration":"tara"},{"Position":3,"AudioFileName":"105_001_003.mp3","TajweedImageFilePath":"105/1/3.png","Text":"كَيْفَ","Translation":"how","Transliteration":"kayfa"},{"Position":4,"AudioFileName":"105_001_004.mp3","TajweedImageFilePath":"105/1/4.png","Text":"فَعَلَ","Translation":"dealt","Transliteration":"faʿala"},{"Position":5,"AudioFileName":"105_001_005.mp3","TajweedImageFilePath":"105/1/5.png","Text":"رَبُّكَ","Translation":"your Lord","Transliteration":"rabbuka"},{"Position":6,"AudioFileName":"105_001_006.mp3","TajweedImageFilePath":"105/1/6.png","Text":"بِأَصْحَـٰبِ","Translation":"with (the) Companions","Transliteration":"bi-aṣḥābi"},{"Position":7,"AudioFileName":"105_001_007.mp3","TajweedImageFilePath":"105/1/7.png","Text":"ٱلْفِيلِ","Translation":"(of the) Elephant","Transliteration":"l-fīli"},{"Position":8,"AudioFileName":null,"TajweedImageFilePath":"1.png","Text":"١","Translation":"(1)","Transliteration":null}],"PageNumber":601,"JuzNumber":30,"ManzilNumber":7,"RukuNumber":547,"MaqraNumber":240,"HizbNumber":60,"HizbDecimal":0.75,"HasSajda":false},{"SurahNumber":105,"SurahIndex":"105","VerseNumber":2,"ShowSurahName":false,"ShowBismillah":false,"Words":[{"Position":1,"AudioFileName":"105_002_001.mp3","TajweedImageFilePath":"105/2/1.png","Text":"أَلَمْ","Translation":"Did not","Transliteration":"alam"},{"Position":2,"AudioFileName":"105_002_002.mp3","TajweedImageFilePath":"105/2/2.png","Text":"يَجْعَلْ","Translation":"He make","Transliteration":"yajʿal"},{"Position":3,"AudioFileName":"105_002_003.mp3","TajweedImageFilePath":"105/2/3.png","Text":"كَيْدَهُمْ","Translation":"their plan","Transliteration":"kaydahum"},{"Position":4,"AudioFileName":"105_002_004.mp3","TajweedImageFilePath":"105/2/4.png","Text":"فِى","Translation":"go","Transliteration":"fī"},{"Position":5,"AudioFileName":"105_002_005.mp3","TajweedImageFilePath":"105/2/5.png","Text":"تَضْلِيلٍۢ","Translation":"astray","Transliteration":"taḍlīlin"},{"Position":6,"AudioFileName":null,"TajweedImageFilePath":"2.png","Text":"٢","Translation":"(2)","Transliteration":null}],"PageNumber":601,"JuzNumber":30,"ManzilNumber":7,"RukuNumber":547,"MaqraNumber":240,"HizbNumber":60,"HizbDecimal":0.75,"HasSajda":false},{"SurahNumber":105,"SurahIndex":"105","VerseNumber":3,"ShowSurahName":false,"ShowBismillah":false,"Words":[{"Position":1,"AudioFileName":"105_003_001.mp3","TajweedImageFilePath":"105/3/1.png","Text":"وَأَرْسَلَ","Translation":"And He sent","Transliteration":"wa-arsala"},{"Position":2,"AudioFileName":"105_003_002.mp3","TajweedImageFilePath":"105/3/2.png","Text":"عَلَيْهِمْ","Translation":"against them","Transliteration":"ʿalayhim"},{"Position":3,"AudioFileName":"105_003_003.mp3","TajweedImageFilePath":"105/3/3.png","Text":"طَيْرًا","Translation":"birds","Transliteration":"ṭayran"},{"Position":4,"AudioFileName":"105_003_004.mp3","TajweedImageFilePath":"105/3/4.png","Text":"أَبَابِيلَ","Translation":"(in) flocks","Transliteration":"abābīla"},{"Position":5,"AudioFileName":null,"TajweedImageFilePath":"3.png","Text":"٣","Translation":"(3)","Transliteration":null}],"PageNumber":601,"JuzNumber":30,"ManzilNumber":7,"RukuNumber":547,"MaqraNumber":240,"HizbNumber":60,"HizbDecimal":0.75,"HasSajda":false},{"SurahNumber":105,"SurahIndex":"105","VerseNumber":4,"ShowSurahName":false,"ShowBismillah":false,"Words":[{"Position":1,"AudioFileName":"105_004_001.mp3","TajweedImageFilePath":"105/4/1.png","Text":"تَرْمِيهِم","Translation":"Striking them","Transliteration":"tarmīhim"},{"Position":2,"AudioFileName":"105_004_002.mp3","TajweedImageFilePath":"105/4/2.png","Text":"بِحِجَارَةٍۢ","Translation":"with stones","Transliteration":"biḥijāratin"},{"Position":3,"AudioFileName":"105_004_003.mp3","TajweedImageFilePath":"105/4/3.png","Text":"مِّن","Translation":"of","Transliteration":"min"},{"Position":4,"AudioFileName":"105_004_004.mp3","TajweedImageFilePath":"105/4/4.png","Text":"سِجِّيلٍۢ","Translation":"baked clay","Transliteration":"sijjīlin"},{"Position":5,"AudioFileName":null,"TajweedImageFilePath":"4.png","Text":"٤","Translation":"(4)","Transliteration":null}],"PageNumber":601,"JuzNumber":30,"ManzilNumber":7,"RukuNumber":547,"MaqraNumber":240,"HizbNumber":60,"HizbDecimal":0.75,"HasSajda":false},{"SurahNumber":105,"SurahIndex":"105","VerseNumber":5,"ShowSurahName":false,"ShowBismillah":false,"Words":[{"Position":1,"AudioFileName":"105_005_001.mp3","TajweedImageFilePath":"105/5/1.png","Text":"فَجَعَلَهُمْ","Translation":"Then He made them","Transliteration":"fajaʿalahum"},{"Position":2,"AudioFileName":"105_005_002.mp3","TajweedImageFilePath":"105/5/2.png","Text":"كَعَصْفٍۢ","Translation":"like straw","Transliteration":"kaʿaṣfin"},{"Position":3,"AudioFileName":"105_005_003.mp3","TajweedImageFilePath":"105/5/3.png","Text":"مَّأْكُولٍۭ","Translation":"eaten up","Transliteration":"makūlin"},{"Position":4,"AudioFileName":null,"TajweedImageFilePath":"5.png","Text":"٥","Translation":"(5)","Transliteration":null}],"PageNumber":601,"JuzNumber":30,"ManzilNumber":7,"RukuNumber":547,"MaqraNumber":240,"HizbNumber":60,"HizbDecimal":0.75,"HasSajda":false},{"SurahNumber":106,"SurahIndex":"106","VerseNumber":1,"ShowSurahName":true,"ShowBismillah":true,"Words":[{"Position":1,"AudioFileName":"106_001_001.mp3","TajweedImageFilePath":"106/1/1.png","Text":"لِإِيلَـٰفِ","Translation":"For (the) familiarity","Transliteration":"liīlāfi"},{"Position":2,"AudioFileName":"106_001_002.mp3","TajweedImageFilePath":"106/1/2.png","Text":"قُرَيْشٍ","Translation":"(of the) Quraish","Transliteration":"qurayshin"},{"Position":3,"AudioFileName":null,"TajweedImageFilePath":"1.png","Text":"١","Translation":"(1)","Transliteration":null}],"PageNumber":602,"JuzNumber":30,"ManzilNumber":7,"RukuNumber":548,"MaqraNumber":240,"HizbNumber":60,"HizbDecimal":0.75,"HasSajda":false},{"SurahNumber":106,"SurahIndex":"106","VerseNumber":2,"ShowSurahName":false,"ShowBismillah":false,"Words":[{"Position":1,"AudioFileName":"106_002_001.mp3","TajweedImageFilePath":"106/2/1.png","Text":"إِۦلَـٰفِهِمْ","Translation":"Their familiarity","Transliteration":"īlāfihim"},{"Position":2,"AudioFileName":"106_002_002.mp3","TajweedImageFilePath":"106/2/2.png","Text":"رِحْلَةَ","Translation":"(with the) journey","Transliteration":"riḥ'lata"},{"Position":3,"AudioFileName":"106_002_003.mp3","TajweedImageFilePath":"106/2/3.png","Text":"ٱلشِّتَآءِ","Translation":"(of) winter","Transliteration":"l-shitāi"},{"Position":4,"AudioFileName":"106_002_004.mp3","TajweedImageFilePath":"106/2/4.png","Text":"وَٱلصَّيْفِ","Translation":"and summer","Transliteration":"wal-ṣayfi"},{"Position":5,"AudioFileName":null,"TajweedImageFilePath":"2.png","Text":"٢","Translation":"(2)","Transliteration":null}],"PageNumber":602,"JuzNumber":30,"ManzilNumber":7,"RukuNumber":548,"MaqraNumber":240,"HizbNumber":60,"HizbDecimal":0.75,"HasSajda":false},{"SurahNumber":106,"SurahIndex":"106","VerseNumber":3,"ShowSurahName":false,"ShowBismillah":false,"Words":[{"Position":1,"AudioFileName":"106_003_001.mp3","TajweedImageFilePath":"106/3/1.png","Text":"فَلْيَعْبُدُوا۟","Translation":"So let them worship","Transliteration":"falyaʿbudū"},{"Position":2,"AudioFileName":"106_003_002.mp3","TajweedImageFilePath":"106/3/2.png","Text":"رَبَّ","Translation":"(the) Lord","Transliteration":"rabba"},{"Position":3,"AudioFileName":"106_003_003.mp3","TajweedImageFilePath":"106/3/3.png","Text":"هَـٰذَا","Translation":"(of) this","Transliteration":"hādhā"},{"Position":4,"AudioFileName":"106_003_004.mp3","TajweedImageFilePath":"106/3/4.png","Text":"ٱلْبَيْتِ","Translation":"House","Transliteration":"l-bayti"},{"Position":5,"AudioFileName":null,"TajweedImageFilePath":"3.png","Text":"٣","Translation":"(3)","Transliteration":null}],"PageNumber":602,"JuzNumber":30,"ManzilNumber":7,"RukuNumber":548,"MaqraNumber":240,"HizbNumber":60,"HizbDecimal":0.75,"HasSajda":false},{"SurahNumber":106,"SurahIndex":"106","VerseNumber":4,"ShowSurahName":false,"ShowBismillah":false,"Words":[{"Position":1,"AudioFileName":"106_004_001.mp3","TajweedImageFilePath":"106/4/1.png","Text":"ٱلَّذِىٓ","Translation":"The One Who","Transliteration":"alladhī"},{"Position":2,"AudioFileName":"106_004_002.mp3","TajweedImageFilePath":"106/4/2.png","Text":"أَطْعَمَهُم","Translation":"feeds them","Transliteration":"aṭʿamahum"},{"Position":3,"AudioFileName":"106_004_003.mp3","TajweedImageFilePath":"106/4/3.png","Text":"مِّن","Translation":"[from]","Transliteration":"min"},{"Position":4,"AudioFileName":"106_004_004.mp3","TajweedImageFilePath":"106/4/4.png","Text":"جُوعٍۢ","Translation":"(against) hunger","Transliteration":"jūʿin"},{"Position":5,"AudioFileName":"106_004_005.mp3","TajweedImageFilePath":"106/4/5.png","Text":"وَءَامَنَهُم","Translation":"and gives them security","Transliteration":"waāmanahum"},{"Position":6,"AudioFileName":"106_004_006.mp3","TajweedImageFilePath":"106/4/6.png","Text":"مِّنْ","Translation":"from","Transliteration":"min"},{"Position":7,"AudioFileName":"106_004_007.mp3","TajweedImageFilePath":"106/4/7.png","Text":"خَوْفٍۭ","Translation":"fear","Transliteration":"khawfin"},{"Position":8,"AudioFileName":null,"TajweedImageFilePath":"4.png","Text":"٤","Translation":"(4)","Transliteration":null}],"PageNumber":602,"JuzNumber":30,"ManzilNumber":7,"RukuNumber":548,"MaqraNumber":240,"HizbNumber":60,"HizbDecimal":0.75,"HasSajda":false},{"SurahNumber":107,"SurahIndex":"107","VerseNumber":1,"ShowSurahName":true,"ShowBismillah":true,"Words":[{"Position":1,"AudioFileName":"107_001_001.mp3","TajweedImageFilePath":"107/1/1.png","Text":"أَرَءَيْتَ","Translation":"Have you seen","Transliteration":"ara-ayta"},{"Position":2,"AudioFileName":"107_001_002.mp3","TajweedImageFilePath":"107/1/2.png","Text":"ٱلَّذِى","Translation":"the one who","Transliteration":"alladhī"},{"Position":3,"AudioFileName":"107_001_003.mp3","TajweedImageFilePath":"107/1/3.png","Text":"يُكَذِّبُ","Translation":"denies","Transliteration":"yukadhibu"},{"Position":4,"AudioFileName":"107_001_004.mp3","TajweedImageFilePath":"107/1/4.png","Text":"بِٱلدِّينِ","Translation":"the Judgment","Transliteration":"bil-dīni"},{"Position":5,"AudioFileName":null,"TajweedImageFilePath":"1.png","Text":"١","Translation":"(1)","Transliteration":null}],"PageNumber":602,"JuzNumber":30,"ManzilNumber":7,"RukuNumber":549,"MaqraNumber":240,"HizbNumber":60,"HizbDecimal":0.75,"HasSajda":false},{"SurahNumber":107,"SurahIndex":"107","VerseNumber":2,"ShowSurahName":false,"ShowBismillah":false,"Words":[{"Position":1,"AudioFileName":"107_002_001.mp3","TajweedImageFilePath":"107/2/1.png","Text":"فَذَٰلِكَ","Translation":"Then that","Transliteration":"fadhālika"},{"Position":2,"AudioFileName":"107_002_002.mp3","TajweedImageFilePath":"107/2/2.png","Text":"ٱلَّذِى","Translation":"(is) the one who","Transliteration":"alladhī"},{"Position":3,"AudioFileName":"107_002_003.mp3","TajweedImageFilePath":"107/2/3.png","Text":"يَدُعُّ","Translation":"repulses","Transliteration":"yaduʿʿu"},{"Position":4,"AudioFileName":"107_002_004.mp3","TajweedImageFilePath":"107/2/4.png","Text":"ٱلْيَتِيمَ","Translation":"the orphan","Transliteration":"l-yatīma"},{"Position":5,"AudioFileName":null,"TajweedImageFilePath":"2.png","Text":"٢","Translation":"(2)","Transliteration":null}],"PageNumber":602,"JuzNumber":30,"ManzilNumber":7,"RukuNumber":549,"MaqraNumber":240,"HizbNumber":60,"HizbDecimal":0.75,"HasSajda":false},{"SurahNumber":107,"SurahIndex":"107","VerseNumber":3,"ShowSurahName":false,"ShowBismillah":false,"Words":[{"Position":1,"AudioFileName":"107_003_001.mp3","TajweedImageFilePath":"107/3/1.png","Text":"وَلَا","Translation":"And (does) not","Transliteration":"walā"},{"Position":2,"AudioFileName":"107_003_002.mp3","TajweedImageFilePath":"107/3/2.png","Text":"يَحُضُّ","Translation":"feel the urge","Transliteration":"yaḥuḍḍu"},{"Position":3,"AudioFileName":"107_003_003.mp3","TajweedImageFilePath":"107/3/3.png","Text":"عَلَىٰ","Translation":"to","Transliteration":"ʿalā"},{"Position":4,"AudioFileName":"107_003_004.mp3","TajweedImageFilePath":"107/3/4.png","Text":"طَعَامِ","Translation":"feed","Transliteration":"ṭaʿāmi"},{"Position":5,"AudioFileName":"107_003_005.mp3","TajweedImageFilePath":"107/3/5.png","Text":"ٱلْمِسْكِينِ","Translation":"the poor","Transliteration":"l-mis'kīni"},{"Position":6,"AudioFileName":null,"TajweedImageFilePath":"3.png","Text":"٣","Translation":"(3)","Transliteration":null}],"PageNumber":602,"JuzNumber":30,"ManzilNumber":7,"RukuNumber":549,"MaqraNumber":240,"HizbNumber":60,"HizbDecimal":0.75,"HasSajda":false},{"SurahNumber":107,"SurahIndex":"107","VerseNumber":4,"ShowSurahName":false,"ShowBismillah":false,"Words":[{"Position":1,"AudioFileName":"107_004_001.mp3","TajweedImageFilePath":"107/4/1.png","Text":"فَوَيْلٌۭ","Translation":"So woe","Transliteration":"fawaylun"},{"Position":2,"AudioFileName":"107_004_002.mp3","TajweedImageFilePath":"107/4/2.png","Text":"لِّلْمُصَلِّينَ","Translation":"to those who pray","Transliteration":"lil'muṣallīna"},{"Position":3,"AudioFileName":null,"TajweedImageFilePath":"4.png","Text":"٤","Translation":"(4)","Transliteration":null}],"PageNumber":602,"JuzNumber":30,"ManzilNumber":7,"RukuNumber":549,"MaqraNumber":240,"HizbNumber":60,"HizbDecimal":0.75,"HasSajda":false},{"SurahNumber":107,"SurahIndex":"107","VerseNumber":5,"ShowSurahName":false,"ShowBismillah":false,"Words":[{"Position":1,"AudioFileName":"107_005_001.mp3","TajweedImageFilePath":"107/5/1.png","Text":"ٱلَّذِينَ","Translation":"Those who","Transliteration":"alladhīna"},{"Position":2,"AudioFileName":"107_005_002.mp3","TajweedImageFilePath":"107/5/2.png","Text":"هُمْ","Translation":"[they]","Transliteration":"hum"},{"Position":3,"AudioFileName":"107_005_003.mp3","TajweedImageFilePath":"107/5/3.png","Text":"عَن","Translation":"about","Transliteration":"ʿan"},{"Position":4,"AudioFileName":"107_005_004.mp3","TajweedImageFilePath":"107/5/4.png","Text":"صَلَاتِهِمْ","Translation":"their prayers","Transliteration":"ṣalātihim"},{"Position":5,"AudioFileName":"107_005_005.mp3","TajweedImageFilePath":"107/5/5.png","Text":"سَاهُونَ","Translation":"(are) neglectful","Transliteration":"sāhūna"},{"Position":6,"AudioFileName":null,"TajweedImageFilePath":"5.png","Text":"٥","Translation":"(5)","Transliteration":null}],"PageNumber":602,"JuzNumber":30,"ManzilNumber":7,"RukuNumber":549,"MaqraNumber":240,"HizbNumber":60,"HizbDecimal":0.75,"HasSajda":false},{"SurahNumber":107,"SurahIndex":"107","VerseNumber":6,"ShowSurahName":false,"ShowBismillah":false,"Words":[{"Position":1,"AudioFileName":"107_006_001.mp3","TajweedImageFilePath":"107/6/1.png","Text":"ٱلَّذِينَ","Translation":"Those who","Transliteration":"alladhīna"},{"Position":2,"AudioFileName":"107_006_002.mp3","TajweedImageFilePath":"107/6/2.png","Text":"هُمْ","Translation":"[they]","Transliteration":"hum"},{"Position":3,"AudioFileName":"107_006_003.mp3","TajweedImageFilePath":"107/6/3.png","Text":"يُرَآءُونَ","Translation":"make show","Transliteration":"yurāūna"},{"Position":4,"AudioFileName":null,"TajweedImageFilePath":"6.png","Text":"٦","Translation":"(6)","Transliteration":null}],"PageNumber":602,"JuzNumber":30,"ManzilNumber":7,"RukuNumber":549,"MaqraNumber":240,"HizbNumber":60,"HizbDecimal":0.75,"HasSajda":false},{"SurahNumber":107,"SurahIndex":"107","VerseNumber":7,"ShowSurahName":false,"ShowBismillah":false,"Words":[{"Position":1,"AudioFileName":"107_007_001.mp3","TajweedImageFilePath":"107/7/1.png","Text":"وَيَمْنَعُونَ","Translation":"And they deny","Transliteration":"wayamnaʿūna"},{"Position":2,"AudioFileName":"107_007_002.mp3","TajweedImageFilePath":"107/7/2.png","Text":"ٱلْمَاعُونَ","Translation":"[the] small kindnesses","Transliteration":"l-māʿūna"},{"Position":3,"AudioFileName":null,"TajweedImageFilePath":"7.png","Text":"٧","Translation":"(7)","Transliteration":null}],"PageNumber":602,"JuzNumber":30,"ManzilNumber":7,"RukuNumber":549,"MaqraNumber":240,"HizbNumber":60,"HizbDecimal":0.75,"HasSajda":false},{"SurahNumber":108,"SurahIndex":"108","VerseNumber":1,"ShowSurahName":true,"ShowBismillah":true,"Words":[{"Position":1,"AudioFileName":"108_001_001.mp3","TajweedImageFilePath":"108/1/1.png","Text":"إِنَّآ","Translation":"Indeed, We","Transliteration":"innā"},{"Position":2,"AudioFileName":"108_001_002.mp3","TajweedImageFilePath":"108/1/2.png","Text":"أَعْطَيْنَـٰكَ","Translation":"We have given you","Transliteration":"aʿṭaynāka"},{"Position":3,"AudioFileName":"108_001_003.mp3","TajweedImageFilePath":"108/1/3.png","Text":"ٱلْكَوْثَرَ","Translation":"Al-Kauthar","Transliteration":"l-kawthara"},{"Position":4,"AudioFileName":null,"TajweedImageFilePath":"1.png","Text":"١","Translation":"(1)","Transliteration":null}],"PageNumber":602,"JuzNumber":30,"ManzilNumber":7,"RukuNumber":550,"MaqraNumber":240,"HizbNumber":60,"HizbDecimal":0.75,"HasSajda":false},{"SurahNumber":108,"SurahIndex":"108","VerseNumber":2,"ShowSurahName":false,"ShowBismillah":false,"Words":[{"Position":1,"AudioFileName":"108_002_001.mp3","TajweedImageFilePath":"108/2/1.png","Text":"فَصَلِّ","Translation":"So pray","Transliteration":"faṣalli"},{"Position":2,"AudioFileName":"108_002_002.mp3","TajweedImageFilePath":"108/2/2.png","Text":"لِرَبِّكَ","Translation":"to your Lord","Transliteration":"lirabbika"},{"Position":3,"AudioFileName":"108_002_003.mp3","TajweedImageFilePath":"108/2/3.png","Text":"وَٱنْحَرْ","Translation":"and sacrifice","Transliteration":"wa-in'ḥar"},{"Position":4,"AudioFileName":null,"TajweedImageFilePath":"2.png","Text":"٢","Translation":"(2)","Transliteration":null}],"PageNumber":602,"JuzNumber":30,"ManzilNumber":7,"RukuNumber":550,"MaqraNumber":240,"HizbNumber":60,"HizbDecimal":0.75,"HasSajda":false},{"SurahNumber":108,"SurahIndex":"108","VerseNumber":3,"ShowSurahName":false,"ShowBismillah":false,"Words":[{"Position":1,"AudioFileName":"108_003_001.mp3","TajweedImageFilePath":"108/3/1.png","Text":"إِنَّ","Translation":"Indeed","Transliteration":"inna"},{"Position":2,"AudioFileName":"108_003_002.mp3","TajweedImageFilePath":"108/3/2.png","Text":"شَانِئَكَ","Translation":"your enemy ","Transliteration":"shāni-aka"},{"Position":3,"AudioFileName":"108_003_003.mp3","TajweedImageFilePath":"108/3/3.png","Text":"هُوَ","Translation":"he (is)","Transliteration":"huwa"},{"Position":4,"AudioFileName":"108_003_004.mp3","TajweedImageFilePath":"108/3/4.png","Text":"ٱلْأَبْتَرُ","Translation":"the one cut off","Transliteration":"l-abtaru"},{"Position":5,"AudioFileName":null,"TajweedImageFilePath":"3.png","Text":"٣","Translation":"(3)","Transliteration":null}],"PageNumber":602,"JuzNumber":30,"ManzilNumber":7,"RukuNumber":550,"MaqraNumber":240,"HizbNumber":60,"HizbDecimal":0.75,"HasSajda":false},{"SurahNumber":109,"SurahIndex":"109","VerseNumber":1,"ShowSurahName":true,"ShowBismillah":true,"Words":[{"Position":1,"AudioFileName":"109_001_001.mp3","TajweedImageFilePath":"109/1/1.png","Text":"قُلْ","Translation":"Say","Transliteration":"qul"},{"Position":2,"AudioFileName":"109_001_002.mp3","TajweedImageFilePath":"109/1/2.png","Text":"يَـٰٓأَيُّهَا","Translation":"O","Transliteration":"yāayyuhā"},{"Position":3,"AudioFileName":"109_001_003.mp3","TajweedImageFilePath":"109/1/3.png","Text":"ٱلْكَـٰفِرُونَ","Translation":"disbelievers","Transliteration":"l-kāfirūna"},{"Position":4,"AudioFileName":null,"TajweedImageFilePath":"1.png","Text":"١","Translation":"(1)","Transliteration":null}],"PageNumber":603,"JuzNumber":30,"ManzilNumber":7,"RukuNumber":551,"MaqraNumber":240,"HizbNumber":60,"HizbDecimal":0.75,"HasSajda":false},{"SurahNumber":109,"SurahIndex":"109","VerseNumber":2,"ShowSurahName":false,"ShowBismillah":false,"Words":[{"Position":1,"AudioFileName":"109_002_001.mp3","TajweedImageFilePath":"109/2/1.png","Text":"لَآ","Translation":"Not","Transliteration":"lā"},{"Position":2,"AudioFileName":"109_002_002.mp3","TajweedImageFilePath":"109/2/2.png","Text":"أَعْبُدُ","Translation":"I worship","Transliteration":"aʿbudu"},{"Position":3,"AudioFileName":"109_002_003.mp3","TajweedImageFilePath":"109/2/3.png","Text":"مَا","Translation":"what","Transliteration":"mā"},{"Position":4,"AudioFileName":"109_002_004.mp3","TajweedImageFilePath":"109/2/4.png","Text":"تَعْبُدُونَ","Translation":"you worship","Transliteration":"taʿbudūna"},{"Position":5,"AudioFileName":null,"TajweedImageFilePath":"2.png","Text":"٢","Translation":"(2)","Transliteration":null}],"PageNumber":603,"JuzNumber":30,"ManzilNumber":7,"RukuNumber":551,"MaqraNumber":240,"HizbNumber":60,"HizbDecimal":0.75,"HasSajda":false},{"SurahNumber":109,"SurahIndex":"109","VerseNumber":3,"ShowSurahName":false,"ShowBismillah":false,"Words":[{"Position":1,"AudioFileName":"109_003_001.mp3","TajweedImageFilePath":"109/3/1.png","Text":"وَلَآ","Translation":"And not","Transliteration":"walā"},{"Position":2,"AudioFileName":"109_003_002.mp3","TajweedImageFilePath":"109/3/2.png","Text":"أَنتُمْ","Translation":"you","Transliteration":"antum"},{"Position":3,"AudioFileName":"109_003_003.mp3","TajweedImageFilePath":"109/3/3.png","Text":"عَـٰبِدُونَ","Translation":"(are) worshippers","Transliteration":"ʿābidūna"},{"Position":4,"AudioFileName":"109_003_004.mp3","TajweedImageFilePath":"109/3/4.png","Text":"مَآ","Translation":"(of) what","Transliteration":"mā"},{"Position":5,"AudioFileName":"109_003_005.mp3","TajweedImageFilePath":"109/3/5.png","Text":"أَعْبُدُ","Translation":"I worship","Transliteration":"aʿbudu"},{"Position":6,"AudioFileName":null,"TajweedImageFilePath":"3.png","Text":"٣","Translation":"(3)","Transliteration":null}],"PageNumber":603,"JuzNumber":30,"ManzilNumber":7,"RukuNumber":551,"MaqraNumber":240,"HizbNumber":60,"HizbDecimal":0.75,"HasSajda":false},{"SurahNumber":109,"SurahIndex":"109","VerseNumber":4,"ShowSurahName":false,"ShowBismillah":false,"Words":[{"Position":1,"AudioFileName":"109_004_001.mp3","TajweedImageFilePath":"109/4/1.png","Text":"وَلَآ","Translation":"And not","Transliteration":"walā"},{"Position":2,"AudioFileName":"109_004_002.mp3","TajweedImageFilePath":"109/4/2.png","Text":"أَنَا۠","Translation":"I am","Transliteration":"anā"},{"Position":3,"AudioFileName":"109_004_003.mp3","TajweedImageFilePath":"109/4/3.png","Text":"عَابِدٌۭ","Translation":"a worshipper","Transliteration":"ʿābidun"},{"Position":4,"AudioFileName":"109_004_004.mp3","TajweedImageFilePath":"109/4/4.png","Text":"مَّا","Translation":"(of) what","Transliteration":"mā"},{"Position":5,"AudioFileName":"109_004_005.mp3","TajweedImageFilePath":"109/4/5.png","Text":"عَبَدتُّمْ","Translation":"you worship","Transliteration":"ʿabadttum"},{"Position":6,"AudioFileName":null,"TajweedImageFilePath":"4.png","Text":"٤","Translation":"(4)","Transliteration":null}],"PageNumber":603,"JuzNumber":30,"ManzilNumber":7,"RukuNumber":551,"MaqraNumber":240,"HizbNumber":60,"HizbDecimal":0.75,"HasSajda":false},{"SurahNumber":109,"SurahIndex":"109","VerseNumber":5,"ShowSurahName":false,"ShowBismillah":false,"Words":[{"Position":1,"AudioFileName":"109_005_001.mp3","TajweedImageFilePath":"109/5/1.png","Text":"وَلَآ","Translation":"And not","Transliteration":"walā"},{"Position":2,"AudioFileName":"109_005_002.mp3","TajweedImageFilePath":"109/5/2.png","Text":"أَنتُمْ","Translation":"you","Transliteration":"antum"},{"Position":3,"AudioFileName":"109_005_003.mp3","TajweedImageFilePath":"109/5/3.png","Text":"عَـٰبِدُونَ","Translation":"(are) worshippers","Transliteration":"ʿābidūna"},{"Position":4,"AudioFileName":"109_005_004.mp3","TajweedImageFilePath":"109/5/4.png","Text":"مَآ","Translation":"(of) what","Transliteration":"mā"},{"Position":5,"AudioFileName":"109_005_005.mp3","TajweedImageFilePath":"109/5/5.png","Text":"أَعْبُدُ","Translation":"I worship","Transliteration":"aʿbudu"},{"Position":6,"AudioFileName":null,"TajweedImageFilePath":"5.png","Text":"٥","Translation":"(5)","Transliteration":null}],"PageNumber":603,"JuzNumber":30,"ManzilNumber":7,"RukuNumber":551,"MaqraNumber":240,"HizbNumber":60,"HizbDecimal":0.75,"HasSajda":false},{"SurahNumber":109,"SurahIndex":"109","VerseNumber":6,"ShowSurahName":false,"ShowBismillah":false,"Words":[{"Position":1,"AudioFileName":"109_006_001.mp3","TajweedImageFilePath":"109/6/1.png","Text":"لَكُمْ","Translation":"For you","Transliteration":"lakum"},{"Position":2,"AudioFileName":"109_006_002.mp3","TajweedImageFilePath":"109/6/2.png","Text":"دِينُكُمْ","Translation":"(is) your religion","Transliteration":"dīnukum"},{"Position":3,"AudioFileName":"109_006_003.mp3","TajweedImageFilePath":"109/6/3.png","Text":"وَلِىَ","Translation":"and for me","Transliteration":"waliya"},{"Position":4,"AudioFileName":"109_006_004.mp3","TajweedImageFilePath":"109/6/4.png","Text":"دِينِ","Translation":"(is) my religion","Transliteration":"dīni"},{"Position":5,"AudioFileName":null,"TajweedImageFilePath":"6.png","Text":"٦","Translation":"(6)","Transliteration":null}],"PageNumber":603,"JuzNumber":30,"ManzilNumber":7,"RukuNumber":551,"MaqraNumber":240,"HizbNumber":60,"HizbDecimal":0.75,"HasSajda":false},{"SurahNumber":110,"SurahIndex":"110","VerseNumber":1,"ShowSurahName":true,"ShowBismillah":true,"Words":[{"Position":1,"AudioFileName":"110_001_001.mp3","TajweedImageFilePath":"110/1/1.png","Text":"إِذَا","Translation":"When","Transliteration":"idhā"},{"Position":2,"AudioFileName":"110_001_002.mp3","TajweedImageFilePath":"110/1/2.png","Text":"جَآءَ","Translation":"comes","Transliteration":"jāa"},{"Position":3,"AudioFileName":"110_001_003.mp3","TajweedImageFilePath":"110/1/3.png","Text":"نَصْرُ","Translation":"(the) Help","Transliteration":"naṣru"},{"Position":4,"AudioFileName":"110_001_004.mp3","TajweedImageFilePath":"110/1/4.png","Text":"ٱللَّهِ","Translation":"(of) Allah","Transliteration":"l-lahi"},{"Position":5,"AudioFileName":"110_001_005.mp3","TajweedImageFilePath":"110/1/5.png","Text":"وَٱلْفَتْحُ","Translation":"and the Victory","Transliteration":"wal-fatḥu"},{"Position":6,"AudioFileName":null,"TajweedImageFilePath":"1.png","Text":"١","Translation":"(1)","Transliteration":null}],"PageNumber":603,"JuzNumber":30,"ManzilNumber":7,"RukuNumber":552,"MaqraNumber":240,"HizbNumber":60,"HizbDecimal":0.75,"HasSajda":false},{"SurahNumber":110,"SurahIndex":"110","VerseNumber":2,"ShowSurahName":false,"ShowBismillah":false,"Words":[{"Position":1,"AudioFileName":"110_002_001.mp3","TajweedImageFilePath":"110/2/1.png","Text":"وَرَأَيْتَ","Translation":"And you see","Transliteration":"wara-ayta"},{"Position":2,"AudioFileName":"110_002_002.mp3","TajweedImageFilePath":"110/2/2.png","Text":"ٱلنَّاسَ","Translation":"the people","Transliteration":"l-nāsa"},{"Position":3,"AudioFileName":"110_002_003.mp3","TajweedImageFilePath":"110/2/3.png","Text":"يَدْخُلُونَ","Translation":"entering","Transliteration":"yadkhulūna"},{"Position":4,"AudioFileName":"110_002_004.mp3","TajweedImageFilePath":"110/2/4.png","Text":"فِى","Translation":"into","Transliteration":"fī"},{"Position":5,"AudioFileName":"110_002_005.mp3","TajweedImageFilePath":"110/2/5.png","Text":"دِينِ","Translation":"(the) religion","Transliteration":"dīni"},{"Position":6,"AudioFileName":"110_002_006.mp3","TajweedImageFilePath":"110/2/6.png","Text":"ٱللَّهِ","Translation":"(of) Allah","Transliteration":"l-lahi"},{"Position":7,"AudioFileName":"110_002_007.mp3","TajweedImageFilePath":"110/2/7.png","Text":"أَفْوَاجًۭا","Translation":"(in) multitudes","Transliteration":"afwājan"},{"Position":8,"AudioFileName":null,"TajweedImageFilePath":"2.png","Text":"٢","Translation":"(2)","Transliteration":null}],"PageNumber":603,"JuzNumber":30,"ManzilNumber":7,"RukuNumber":552,"MaqraNumber":240,"HizbNumber":60,"HizbDecimal":0.75,"HasSajda":false},{"SurahNumber":110,"SurahIndex":"110","VerseNumber":3,"ShowSurahName":false,"ShowBismillah":false,"Words":[{"Position":1,"AudioFileName":"110_003_001.mp3","TajweedImageFilePath":"110/3/1.png","Text":"فَسَبِّحْ","Translation":"Then glorify","Transliteration":"fasabbiḥ"},{"Position":2,"AudioFileName":"110_003_002.mp3","TajweedImageFilePath":"110/3/2.png","Text":"بِحَمْدِ","Translation":"with (the) praises","Transliteration":"biḥamdi"},{"Position":3,"AudioFileName":"110_003_003.mp3","TajweedImageFilePath":"110/3/3.png","Text":"رَبِّكَ","Translation":"(of) your Lord","Transliteration":"rabbika"},{"Position":4,"AudioFileName":"110_003_004.mp3","TajweedImageFilePath":"110/3/4.png","Text":"وَٱسْتَغْفِرْهُ ۚ","Translation":"and ask His forgiveness","Transliteration":"wa-is'taghfir'hu"},{"Position":5,"AudioFileName":"110_003_005.mp3","TajweedImageFilePath":"110/3/5.png","Text":"إِنَّهُۥ","Translation":"Indeed, He","Transliteration":"innahu"},{"Position":6,"AudioFileName":"110_003_006.mp3","TajweedImageFilePath":"110/3/6.png","Text":"كَانَ","Translation":"is","Transliteration":"kāna"},{"Position":7,"AudioFileName":"110_003_007.mp3","TajweedImageFilePath":"110/3/7.png","Text":"تَوَّابًۢا","Translation":"Oft-Returning","Transliteration":"tawwāban"},{"Position":8,"AudioFileName":null,"TajweedImageFilePath":"3.png","Text":"٣","Translation":"(3)","Transliteration":null}],"PageNumber":603,"JuzNumber":30,"ManzilNumber":7,"RukuNumber":552,"MaqraNumber":240,"HizbNumber":60,"HizbDecimal":0.75,"HasSajda":false},{"SurahNumber":111,"SurahIndex":"111","VerseNumber":1,"ShowSurahName":true,"ShowBismillah":true,"Words":[{"Position":1,"AudioFileName":"111_001_001.mp3","TajweedImageFilePath":"111/1/1.png","Text":"تَبَّتْ","Translation":"Perish","Transliteration":"tabbat"},{"Position":2,"AudioFileName":"111_001_002.mp3","TajweedImageFilePath":"111/1/2.png","Text":"يَدَآ","Translation":"(the) hands","Transliteration":"yadā"},{"Position":3,"AudioFileName":"111_001_003.mp3","TajweedImageFilePath":"111/1/3.png","Text":"أَبِى","Translation":"(of) Abu","Transliteration":"abī"},{"Position":4,"AudioFileName":"111_001_004.mp3","TajweedImageFilePath":"111/1/4.png","Text":"لَهَبٍۢ","Translation":"Lahab","Transliteration":"lahabin"},{"Position":5,"AudioFileName":"111_001_005.mp3","TajweedImageFilePath":"111/1/5.png","Text":"وَتَبَّ","Translation":"and perish he","Transliteration":"watabba"},{"Position":6,"AudioFileName":null,"TajweedImageFilePath":"1.png","Text":"١","Translation":"(1)","Transliteration":null}],"PageNumber":603,"JuzNumber":30,"ManzilNumber":7,"RukuNumber":553,"MaqraNumber":240,"HizbNumber":60,"HizbDecimal":0.75,"HasSajda":false},{"SurahNumber":111,"SurahIndex":"111","VerseNumber":2,"ShowSurahName":false,"ShowBismillah":false,"Words":[{"Position":1,"AudioFileName":"111_002_001.mp3","TajweedImageFilePath":"111/2/1.png","Text":"مَآ","Translation":"Not","Transliteration":"mā"},{"Position":2,"AudioFileName":"111_002_002.mp3","TajweedImageFilePath":"111/2/2.png","Text":"أَغْنَىٰ","Translation":"(will) avail","Transliteration":"aghnā"},{"Position":3,"AudioFileName":"111_002_003.mp3","TajweedImageFilePath":"111/2/3.png","Text":"عَنْهُ","Translation":"him","Transliteration":"ʿanhu"},{"Position":4,"AudioFileName":"111_002_004.mp3","TajweedImageFilePath":"111/2/4.png","Text":"مَالُهُۥ","Translation":"his wealth","Transliteration":"māluhu"},{"Position":5,"AudioFileName":"111_002_005.mp3","TajweedImageFilePath":"111/2/5.png","Text":"وَمَا","Translation":"and what","Transliteration":"wamā"},{"Position":6,"AudioFileName":"111_002_006.mp3","TajweedImageFilePath":"111/2/6.png","Text":"كَسَبَ","Translation":"he earned","Transliteration":"kasaba"},{"Position":7,"AudioFileName":null,"TajweedImageFilePath":"2.png","Text":"٢","Translation":"(2)","Transliteration":null}],"PageNumber":603,"JuzNumber":30,"ManzilNumber":7,"RukuNumber":553,"MaqraNumber":240,"HizbNumber":60,"HizbDecimal":0.75,"HasSajda":false},{"SurahNumber":111,"SurahIndex":"111","VerseNumber":3,"ShowSurahName":false,"ShowBismillah":false,"Words":[{"Position":1,"AudioFileName":"111_003_001.mp3","TajweedImageFilePath":"111/3/1.png","Text":"سَيَصْلَىٰ","Translation":"He will be burnt","Transliteration":"sayaṣlā"},{"Position":2,"AudioFileName":"111_003_002.mp3","TajweedImageFilePath":"111/3/2.png","Text":"نَارًۭا","Translation":"(in) a Fire","Transliteration":"nāran"},{"Position":3,"AudioFileName":"111_003_003.mp3","TajweedImageFilePath":"111/3/3.png","Text":"ذَاتَ","Translation":"of","Transliteration":"dhāta"},{"Position":4,"AudioFileName":"111_003_004.mp3","TajweedImageFilePath":"111/3/4.png","Text":"لَهَبٍۢ","Translation":"Blazing Flames","Transliteration":"lahabin"},{"Position":5,"AudioFileName":null,"TajweedImageFilePath":"3.png","Text":"٣","Translation":"(3)","Transliteration":null}],"PageNumber":603,"JuzNumber":30,"ManzilNumber":7,"RukuNumber":553,"MaqraNumber":240,"HizbNumber":60,"HizbDecimal":0.75,"HasSajda":false},{"SurahNumber":111,"SurahIndex":"111","VerseNumber":4,"ShowSurahName":false,"ShowBismillah":false,"Words":[{"Position":1,"AudioFileName":"111_004_001.mp3","TajweedImageFilePath":"111/4/1.png","Text":"وَٱمْرَأَتُهُۥ","Translation":"And his wife","Transliteration":"wa-im'ra-atuhu"},{"Position":2,"AudioFileName":"111_004_002.mp3","TajweedImageFilePath":"111/4/2.png","Text":"حَمَّالَةَ","Translation":"(the) carrier","Transliteration":"ḥammālata"},{"Position":3,"AudioFileName":"111_004_003.mp3","TajweedImageFilePath":"111/4/3.png","Text":"ٱلْحَطَبِ","Translation":"(of) firewood","Transliteration":"l-ḥaṭabi"},{"Position":4,"AudioFileName":null,"TajweedImageFilePath":"4.png","Text":"٤","Translation":"(4)","Transliteration":null}],"PageNumber":603,"JuzNumber":30,"ManzilNumber":7,"RukuNumber":553,"MaqraNumber":240,"HizbNumber":60,"HizbDecimal":0.75,"HasSajda":false},{"SurahNumber":111,"SurahIndex":"111","VerseNumber":5,"ShowSurahName":false,"ShowBismillah":false,"Words":[{"Position":1,"AudioFileName":"111_005_001.mp3","TajweedImageFilePath":"111/5/1.png","Text":"فِى","Translation":"In","Transliteration":"fī"},{"Position":2,"AudioFileName":"111_005_002.mp3","TajweedImageFilePath":"111/5/2.png","Text":"جِيدِهَا","Translation":"her neck","Transliteration":"jīdihā"},{"Position":3,"AudioFileName":"111_005_003.mp3","TajweedImageFilePath":"111/5/3.png","Text":"حَبْلٌۭ","Translation":"(will be) a rope","Transliteration":"ḥablun"},{"Position":4,"AudioFileName":"111_005_004.mp3","TajweedImageFilePath":"111/5/4.png","Text":"مِّن","Translation":"of","Transliteration":"min"},{"Position":5,"AudioFileName":"111_005_005.mp3","TajweedImageFilePath":"111/5/5.png","Text":"مَّسَدٍۭ","Translation":"palm-fiber","Transliteration":"masadin"},{"Position":6,"AudioFileName":null,"TajweedImageFilePath":"5.png","Text":"٥","Translation":"(5)","Transliteration":null}],"PageNumber":603,"JuzNumber":30,"ManzilNumber":7,"RukuNumber":553,"MaqraNumber":240,"HizbNumber":60,"HizbDecimal":0.75,"HasSajda":false},{"SurahNumber":112,"SurahIndex":"112","VerseNumber":1,"ShowSurahName":true,"ShowBismillah":true,"Words":[{"Position":1,"AudioFileName":"112_001_001.mp3","TajweedImageFilePath":"112/1/1.png","Text":"قُلْ","Translation":"Say","Transliteration":"qul"},{"Position":2,"AudioFileName":"112_001_002.mp3","TajweedImageFilePath":"112/1/2.png","Text":"هُوَ","Translation":"He","Transliteration":"huwa"},{"Position":3,"AudioFileName":"112_001_003.mp3","TajweedImageFilePath":"112/1/3.png","Text":"ٱللَّهُ","Translation":"(is) Allah","Transliteration":"l-lahu"},{"Position":4,"AudioFileName":"112_001_004.mp3","TajweedImageFilePath":"112/1/4.png","Text":"أَحَدٌ","Translation":"the One","Transliteration":"aḥadun"},{"Position":5,"AudioFileName":null,"TajweedImageFilePath":"1.png","Text":"١","Translation":"(1)","Transliteration":null}],"PageNumber":604,"JuzNumber":30,"ManzilNumber":7,"RukuNumber":554,"MaqraNumber":240,"HizbNumber":60,"HizbDecimal":0.75,"HasSajda":false},{"SurahNumber":112,"SurahIndex":"112","VerseNumber":2,"ShowSurahName":false,"ShowBismillah":false,"Words":[{"Position":1,"AudioFileName":"112_002_001.mp3","TajweedImageFilePath":"112/2/1.png","Text":"ٱللَّهُ","Translation":"Allah","Transliteration":"al-lahu"},{"Position":2,"AudioFileName":"112_002_002.mp3","TajweedImageFilePath":"112/2/2.png","Text":"ٱلصَّمَدُ","Translation":"the Eternal, the Absolute","Transliteration":"l-ṣamadu"},{"Position":3,"AudioFileName":null,"TajweedImageFilePath":"2.png","Text":"٢","Translation":"(2)","Transliteration":null}],"PageNumber":604,"JuzNumber":30,"ManzilNumber":7,"RukuNumber":554,"MaqraNumber":240,"HizbNumber":60,"HizbDecimal":0.75,"HasSajda":false},{"SurahNumber":112,"SurahIndex":"112","VerseNumber":3,"ShowSurahName":false,"ShowBismillah":false,"Words":[{"Position":1,"AudioFileName":"112_003_001.mp3","TajweedImageFilePath":"112/3/1.png","Text":"لَمْ","Translation":"Not","Transliteration":"lam"},{"Position":2,"AudioFileName":"112_003_002.mp3","TajweedImageFilePath":"112/3/2.png","Text":"يَلِدْ","Translation":"He begets","Transliteration":"yalid"},{"Position":3,"AudioFileName":"112_003_003.mp3","TajweedImageFilePath":"112/3/3.png","Text":"وَلَمْ","Translation":"and not","Transliteration":"walam"},{"Position":4,"AudioFileName":"112_003_004.mp3","TajweedImageFilePath":"112/3/4.png","Text":"يُولَدْ","Translation":"He is begotten","Transliteration":"yūlad"},{"Position":5,"AudioFileName":null,"TajweedImageFilePath":"3.png","Text":"٣","Translation":"(3)","Transliteration":null}],"PageNumber":604,"JuzNumber":30,"ManzilNumber":7,"RukuNumber":554,"MaqraNumber":240,"HizbNumber":60,"HizbDecimal":0.75,"HasSajda":false},{"SurahNumber":112,"SurahIndex":"112","VerseNumber":4,"ShowSurahName":false,"ShowBismillah":false,"Words":[{"Position":1,"AudioFileName":"112_004_001.mp3","TajweedImageFilePath":"112/4/1.png","Text":"وَلَمْ","Translation":"And not","Transliteration":"walam"},{"Position":2,"AudioFileName":"112_004_002.mp3","TajweedImageFilePath":"112/4/2.png","Text":"يَكُن","Translation":"is","Transliteration":"yakun"},{"Position":3,"AudioFileName":"112_004_003.mp3","TajweedImageFilePath":"112/4/3.png","Text":"لَّهُۥ","Translation":"for Him","Transliteration":"lahu"},{"Position":4,"AudioFileName":"112_004_004.mp3","TajweedImageFilePath":"112/4/4.png","Text":"كُفُوًا","Translation":"equivalent","Transliteration":"kufuwan"},{"Position":5,"AudioFileName":"112_004_005.mp3","TajweedImageFilePath":"112/4/5.png","Text":"أَحَدٌۢ","Translation":"any [one]","Transliteration":"aḥadun"},{"Position":6,"AudioFileName":null,"TajweedImageFilePath":"4.png","Text":"٤","Translation":"(4)","Transliteration":null}],"PageNumber":604,"JuzNumber":30,"ManzilNumber":7,"RukuNumber":554,"MaqraNumber":240,"HizbNumber":60,"HizbDecimal":0.75,"HasSajda":false},{"SurahNumber":113,"SurahIndex":"113","VerseNumber":1,"ShowSurahName":true,"ShowBismillah":true,"Words":[{"Position":1,"AudioFileName":"113_001_001.mp3","TajweedImageFilePath":"113/1/1.png","Text":"قُلْ","Translation":"Say","Transliteration":"qul"},{"Position":2,"AudioFileName":"113_001_002.mp3","TajweedImageFilePath":"113/1/2.png","Text":"أَعُوذُ","Translation":"I seek refuge","Transliteration":"aʿūdhu"},{"Position":3,"AudioFileName":"113_001_003.mp3","TajweedImageFilePath":"113/1/3.png","Text":"بِرَبِّ","Translation":"in (the) Lord","Transliteration":"birabbi"},{"Position":4,"AudioFileName":"113_001_004.mp3","TajweedImageFilePath":"113/1/4.png","Text":"ٱلْفَلَقِ","Translation":"(of) the dawn","Transliteration":"l-falaqi"},{"Position":5,"AudioFileName":null,"TajweedImageFilePath":"1.png","Text":"١","Translation":"(1)","Transliteration":null}],"PageNumber":604,"JuzNumber":30,"ManzilNumber":7,"RukuNumber":555,"MaqraNumber":240,"HizbNumber":60,"HizbDecimal":0.75,"HasSajda":false},{"SurahNumber":113,"SurahIndex":"113","VerseNumber":2,"ShowSurahName":false,"ShowBismillah":false,"Words":[{"Position":1,"AudioFileName":"113_002_001.mp3","TajweedImageFilePath":"113/2/1.png","Text":"مِن","Translation":"From","Transliteration":"min"},{"Position":2,"AudioFileName":"113_002_002.mp3","TajweedImageFilePath":"113/2/2.png","Text":"شَرِّ","Translation":"(the) evil","Transliteration":"sharri"},{"Position":3,"AudioFileName":"113_002_003.mp3","TajweedImageFilePath":"113/2/3.png","Text":"مَا","Translation":"(of) what","Transliteration":"mā"},{"Position":4,"AudioFileName":"113_002_004.mp3","TajweedImageFilePath":"113/2/4.png","Text":"خَلَقَ","Translation":"He created","Transliteration":"khalaqa"},{"Position":5,"AudioFileName":null,"TajweedImageFilePath":"2.png","Text":"٢","Translation":"(2)","Transliteration":null}],"PageNumber":604,"JuzNumber":30,"ManzilNumber":7,"RukuNumber":555,"MaqraNumber":240,"HizbNumber":60,"HizbDecimal":0.75,"HasSajda":false},{"SurahNumber":113,"SurahIndex":"113","VerseNumber":3,"ShowSurahName":false,"ShowBismillah":false,"Words":[{"Position":1,"AudioFileName":"113_003_001.mp3","TajweedImageFilePath":"113/3/1.png","Text":"وَمِن","Translation":"And from","Transliteration":"wamin"},{"Position":2,"AudioFileName":"113_003_002.mp3","TajweedImageFilePath":"113/3/2.png","Text":"شَرِّ","Translation":"(the) evil","Transliteration":"sharri"},{"Position":3,"AudioFileName":"113_003_003.mp3","TajweedImageFilePath":"113/3/3.png","Text":"غَاسِقٍ","Translation":"(of) darkness","Transliteration":"ghāsiqin"},{"Position":4,"AudioFileName":"113_003_004.mp3","TajweedImageFilePath":"113/3/4.png","Text":"إِذَا","Translation":"when","Transliteration":"idhā"},{"Position":5,"AudioFileName":"113_003_005.mp3","TajweedImageFilePath":"113/3/5.png","Text":"وَقَبَ","Translation":"it spreads","Transliteration":"waqaba"},{"Position":6,"AudioFileName":null,"TajweedImageFilePath":"3.png","Text":"٣","Translation":"(3)","Transliteration":null}],"PageNumber":604,"JuzNumber":30,"ManzilNumber":7,"RukuNumber":555,"MaqraNumber":240,"HizbNumber":60,"HizbDecimal":0.75,"HasSajda":false},{"SurahNumber":113,"SurahIndex":"113","VerseNumber":4,"ShowSurahName":false,"ShowBismillah":false,"Words":[{"Position":1,"AudioFileName":"113_004_001.mp3","TajweedImageFilePath":"113/4/1.png","Text":"وَمِن","Translation":"And from","Transliteration":"wamin"},{"Position":2,"AudioFileName":"113_004_002.mp3","TajweedImageFilePath":"113/4/2.png","Text":"شَرِّ","Translation":"(the) evil","Transliteration":"sharri"},{"Position":3,"AudioFileName":"113_004_003.mp3","TajweedImageFilePath":"113/4/3.png","Text":"ٱلنَّفَّـٰثَـٰتِ","Translation":"(of) the blowers","Transliteration":"l-nafāthāti"},{"Position":4,"AudioFileName":"113_004_004.mp3","TajweedImageFilePath":"113/4/4.png","Text":"فِى","Translation":"in","Transliteration":"fī"},{"Position":5,"AudioFileName":"113_004_005.mp3","TajweedImageFilePath":"113/4/5.png","Text":"ٱلْعُقَدِ","Translation":"the knots","Transliteration":"l-ʿuqadi"},{"Position":6,"AudioFileName":null,"TajweedImageFilePath":"4.png","Text":"٤","Translation":"(4)","Transliteration":null}],"PageNumber":604,"JuzNumber":30,"ManzilNumber":7,"RukuNumber":555,"MaqraNumber":240,"HizbNumber":60,"HizbDecimal":0.75,"HasSajda":false},{"SurahNumber":113,"SurahIndex":"113","VerseNumber":5,"ShowSurahName":false,"ShowBismillah":false,"Words":[{"Position":1,"AudioFileName":"113_005_001.mp3","TajweedImageFilePath":"113/5/1.png","Text":"وَمِن","Translation":"And from","Transliteration":"wamin"},{"Position":2,"AudioFileName":"113_005_002.mp3","TajweedImageFilePath":"113/5/2.png","Text":"شَرِّ","Translation":"(the) evil","Transliteration":"sharri"},{"Position":3,"AudioFileName":"113_005_003.mp3","TajweedImageFilePath":"113/5/3.png","Text":"حَاسِدٍ","Translation":"(of) an envier","Transliteration":"ḥāsidin"},{"Position":4,"AudioFileName":"113_005_004.mp3","TajweedImageFilePath":"113/5/4.png","Text":"إِذَا","Translation":"when","Transliteration":"idhā"},{"Position":5,"AudioFileName":"113_005_005.mp3","TajweedImageFilePath":"113/5/5.png","Text":"حَسَدَ","Translation":"he envies","Transliteration":"ḥasada"},{"Position":6,"AudioFileName":null,"TajweedImageFilePath":"5.png","Text":"٥","Translation":"(5)","Transliteration":null}],"PageNumber":604,"JuzNumber":30,"ManzilNumber":7,"RukuNumber":555,"MaqraNumber":240,"HizbNumber":60,"HizbDecimal":0.75,"HasSajda":false},{"SurahNumber":114,"SurahIndex":"114","VerseNumber":1,"ShowSurahName":true,"ShowBismillah":true,"Words":[{"Position":1,"AudioFileName":"114_001_001.mp3","TajweedImageFilePath":"114/1/1.png","Text":"قُلْ","Translation":"Say","Transliteration":"qul"},{"Position":2,"AudioFileName":"114_001_002.mp3","TajweedImageFilePath":"114/1/2.png","Text":"أَعُوذُ","Translation":"I seek refuge","Transliteration":"aʿūdhu"},{"Position":3,"AudioFileName":"114_001_003.mp3","TajweedImageFilePath":"114/1/3.png","Text":"بِرَبِّ","Translation":"in (the) Lord","Transliteration":"birabbi"},{"Position":4,"AudioFileName":"114_001_004.mp3","TajweedImageFilePath":"114/1/4.png","Text":"ٱلنَّاسِ","Translation":"(of) mankind","Transliteration":"l-nāsi"},{"Position":5,"AudioFileName":null,"TajweedImageFilePath":"1.png","Text":"١","Translation":"(1)","Transliteration":null}],"PageNumber":604,"JuzNumber":30,"ManzilNumber":7,"RukuNumber":556,"MaqraNumber":240,"HizbNumber":60,"HizbDecimal":0.75,"HasSajda":false},{"SurahNumber":114,"SurahIndex":"114","VerseNumber":2,"ShowSurahName":false,"ShowBismillah":false,"Words":[{"Position":1,"AudioFileName":"114_002_001.mp3","TajweedImageFilePath":"114/2/1.png","Text":"مَلِكِ","Translation":"(The) King","Transliteration":"maliki"},{"Position":2,"AudioFileName":"114_002_002.mp3","TajweedImageFilePath":"114/2/2.png","Text":"ٱلنَّاسِ","Translation":"(of) mankind","Transliteration":"l-nāsi"},{"Position":3,"AudioFileName":null,"TajweedImageFilePath":"2.png","Text":"٢","Translation":"(2)","Transliteration":null}],"PageNumber":604,"JuzNumber":30,"ManzilNumber":7,"RukuNumber":556,"MaqraNumber":240,"HizbNumber":60,"HizbDecimal":0.75,"HasSajda":false},{"SurahNumber":114,"SurahIndex":"114","VerseNumber":3,"ShowSurahName":false,"ShowBismillah":false,"Words":[{"Position":1,"AudioFileName":"114_003_001.mp3","TajweedImageFilePath":"114/3/1.png","Text":"إِلَـٰهِ","Translation":"(The) God","Transliteration":"ilāhi"},{"Position":2,"AudioFileName":"114_003_002.mp3","TajweedImageFilePath":"114/3/2.png","Text":"ٱلنَّاسِ","Translation":"(of) mankind","Transliteration":"l-nāsi"},{"Position":3,"AudioFileName":null,"TajweedImageFilePath":"3.png","Text":"٣","Translation":"(3)","Transliteration":null}],"PageNumber":604,"JuzNumber":30,"ManzilNumber":7,"RukuNumber":556,"MaqraNumber":240,"HizbNumber":60,"HizbDecimal":0.75,"HasSajda":false},{"SurahNumber":114,"SurahIndex":"114","VerseNumber":4,"ShowSurahName":false,"ShowBismillah":false,"Words":[{"Position":1,"AudioFileName":"114_004_001.mp3","TajweedImageFilePath":"114/4/1.png","Text":"مِن","Translation":"From","Transliteration":"min"},{"Position":2,"AudioFileName":"114_004_002.mp3","TajweedImageFilePath":"114/4/2.png","Text":"شَرِّ","Translation":"(the) evil","Transliteration":"sharri"},{"Position":3,"AudioFileName":"114_004_003.mp3","TajweedImageFilePath":"114/4/3.png","Text":"ٱلْوَسْوَاسِ","Translation":"(of) the whisperer","Transliteration":"l-waswāsi"},{"Position":4,"AudioFileName":"114_004_004.mp3","TajweedImageFilePath":"114/4/4.png","Text":"ٱلْخَنَّاسِ","Translation":"the one who withdraws","Transliteration":"l-khanāsi"},{"Position":5,"AudioFileName":null,"TajweedImageFilePath":"4.png","Text":"٤","Translation":"(4)","Transliteration":null}],"PageNumber":604,"JuzNumber":30,"ManzilNumber":7,"RukuNumber":556,"MaqraNumber":240,"HizbNumber":60,"HizbDecimal":0.75,"HasSajda":false},{"SurahNumber":114,"SurahIndex":"114","VerseNumber":5,"ShowSurahName":false,"ShowBismillah":false,"Words":[{"Position":1,"AudioFileName":"114_005_001.mp3","TajweedImageFilePath":"114/5/1.png","Text":"ٱلَّذِى","Translation":"The one who","Transliteration":"alladhī"},{"Position":2,"AudioFileName":"114_005_002.mp3","TajweedImageFilePath":"114/5/2.png","Text":"يُوَسْوِسُ","Translation":"whispers","Transliteration":"yuwaswisu"},{"Position":3,"AudioFileName":"114_005_003.mp3","TajweedImageFilePath":"114/5/3.png","Text":"فِى","Translation":"in","Transliteration":"fī"},{"Position":4,"AudioFileName":"114_005_004.mp3","TajweedImageFilePath":"114/5/4.png","Text":"صُدُورِ","Translation":"(the) breasts","Transliteration":"ṣudūri"},{"Position":5,"AudioFileName":"114_005_005.mp3","TajweedImageFilePath":"114/5/5.png","Text":"ٱلنَّاسِ","Translation":"(of) mankind","Transliteration":"l-nāsi"},{"Position":6,"AudioFileName":null,"TajweedImageFilePath":"5.png","Text":"٥","Translation":"(5)","Transliteration":null}],"PageNumber":604,"JuzNumber":30,"ManzilNumber":7,"RukuNumber":556,"MaqraNumber":240,"HizbNumber":60,"HizbDecimal":0.75,"HasSajda":false},{"SurahNumber":114,"SurahIndex":"114","VerseNumber":6,"ShowSurahName":false,"ShowBismillah":false,"Words":[{"Position":1,"AudioFileName":"114_006_001.mp3","TajweedImageFilePath":"114/6/1.png","Text":"مِنَ","Translation":"From","Transliteration":"mina"},{"Position":2,"AudioFileName":"114_006_002.mp3","TajweedImageFilePath":"114/6/2.png","Text":"ٱلْجِنَّةِ","Translation":"the jinn","Transliteration":"l-jinati"},{"Position":3,"AudioFileName":"114_006_003.mp3","TajweedImageFilePath":"114/6/3.png","Text":"وَٱلنَّاسِ","Translation":"and men","Transliteration":"wal-nāsi"},{"Position":4,"AudioFileName":null,"TajweedImageFilePath":"6.png","Text":"٦","Translation":"(6)","Transliteration":null}],"PageNumber":604,"JuzNumber":30,"ManzilNumber":7,"RukuNumber":556,"MaqraNumber":240,"HizbNumber":60,"HizbDecimal":0.75,"HasSajda":false}]}