{"MaqraNumber":235,"Verses":[{"SurahNumber":82,"SurahIndex":"082","VerseNumber":1,"ShowSurahName":true,"ShowBismillah":true,"Words":[{"Position":1,"AudioFileName":"082_001_001.mp3","TajweedImageFilePath":"82/1/1.png","Text":"إِذَا","Translation":"When","Transliteration":"idhā","Root":"إِذَا"},{"Position":2,"AudioFileName":"082_001_002.mp3","TajweedImageFilePath":"82/1/2.png","Text":"ٱلسَّمَآءُ","Translation":"the sky","Transliteration":"l-samāu","Root":"س م و"},{"Position":3,"AudioFileName":"082_001_003.mp3","TajweedImageFilePath":"82/1/3.png","Text":"ٱنفَطَرَتْ","Translation":"(is) cleft asunder","Transliteration":"infaṭarat","Root":"ف ط ر"},{"Position":4,"AudioFileName":null,"TajweedImageFilePath":"1.png","Text":"١","Translation":"(1)","Transliteration":null,"Root":null}],"PageNumber":587,"JuzNumber":30,"ManzilNumber":7,"RukuNumber":524,"MaqraNumber":235,"HizbNumber":59,"HizbDecimal":0.5,"HasSajda":false},{"SurahNumber":82,"SurahIndex":"082","VerseNumber":2,"ShowSurahName":false,"ShowBismillah":false,"Words":[{"Position":1,"AudioFileName":"082_002_001.mp3","TajweedImageFilePath":"82/2/1.png","Text":"وَإِذَا","Translation":"And when","Transliteration":"wa-idhā","Root":"إِذَا"},{"Position":2,"AudioFileName":"082_002_002.mp3","TajweedImageFilePath":"82/2/2.png","Text":"ٱلْكَوَاكِبُ","Translation":"the stars","Transliteration":"l-kawākibu","Root":"ك و ك ب"},{"Position":3,"AudioFileName":"082_002_003.mp3","TajweedImageFilePath":"82/2/3.png","Text":"ٱنتَثَرَتْ","Translation":"scatter","Transliteration":"intatharat","Root":"ن ث ر"},{"Position":4,"AudioFileName":null,"TajweedImageFilePath":"2.png","Text":"٢","Translation":"(2)","Transliteration":null,"Root":null}],"PageNumber":587,"JuzNumber":30,"ManzilNumber":7,"RukuNumber":524,"MaqraNumber":235,"HizbNumber":59,"HizbDecimal":0.5,"HasSajda":false},{"SurahNumber":82,"SurahIndex":"082","VerseNumber":3,"ShowSurahName":false,"ShowBismillah":false,"Words":[{"Position":1,"AudioFileName":"082_003_001.mp3","TajweedImageFilePath":"82/3/1.png","Text":"وَإِذَا","Translation":"And when","Transliteration":"wa-idhā","Root":"إِذَا"},{"Position":2,"AudioFileName":"082_003_002.mp3","TajweedImageFilePath":"82/3/2.png","Text":"ٱلْبِحَارُ","Translation":"the seas","Transliteration":"l-biḥāru","Root":"ب ح ر"},{"Position":3,"AudioFileName":"082_003_003.mp3","TajweedImageFilePath":"82/3/3.png","Text":"فُجِّرَتْ","Translation":"are made to gush forth","Transliteration":"fujjirat","Root":"ف ج ر"},{"Position":4,"AudioFileName":null,"TajweedImageFilePath":"3.png","Text":"٣","Translation":"(3)","Transliteration":null,"Root":null}],"PageNumber":587,"JuzNumber":30,"ManzilNumber":7,"RukuNumber":524,"MaqraNumber":235,"HizbNumber":59,"HizbDecimal":0.5,"HasSajda":false},{"SurahNumber":82,"SurahIndex":"082","VerseNumber":4,"ShowSurahName":false,"ShowBismillah":false,"Words":[{"Position":1,"AudioFileName":"082_004_001.mp3","TajweedImageFilePath":"82/4/1.png","Text":"وَإِذَا","Translation":"And when","Transliteration":"wa-idhā","Root":"إِذَا"},{"Position":2,"AudioFileName":"082_004_002.mp3","TajweedImageFilePath":"82/4/2.png","Text":"ٱلْقُبُورُ","Translation":"the graves","Transliteration":"l-qubūru","Root":"ق ب ر"},{"Position":3,"AudioFileName":"082_004_003.mp3","TajweedImageFilePath":"82/4/3.png","Text":"بُعْثِرَتْ","Translation":"are overturned","Transliteration":"buʿ'thirat","Root":"ب ع ث ر"},{"Position":4,"AudioFileName":null,"TajweedImageFilePath":"4.png","Text":"٤","Translation":"(4)","Transliteration":null,"Root":null}],"PageNumber":587,"JuzNumber":30,"ManzilNumber":7,"RukuNumber":524,"MaqraNumber":235,"HizbNumber":59,"HizbDecimal":0.5,"HasSajda":false},{"SurahNumber":82,"SurahIndex":"082","VerseNumber":5,"ShowSurahName":false,"ShowBismillah":false,"Words":[{"Position":1,"AudioFileName":"082_005_001.mp3","TajweedImageFilePath":"82/5/1.png","Text":"عَلِمَتْ","Translation":"Will know","Transliteration":"ʿalimat","Root":"ع ل م"},{"Position":2,"AudioFileName":"082_005_002.mp3","TajweedImageFilePath":"82/5/2.png","Text":"نَفْسٌۭ","Translation":"a soul","Transliteration":"nafsun","Root":"ن ف س"},{"Position":3,"AudioFileName":"082_005_003.mp3","TajweedImageFilePath":"82/5/3.png","Text":"مَّا","Translation":"what","Transliteration":"mā","Root":"م ا"},{"Position":4,"AudioFileName":"082_005_004.mp3","TajweedImageFilePath":"82/5/4.png","Text":"قَدَّمَتْ","Translation":"it has sent forth","Transliteration":"qaddamat","Root":"ق د م"},{"Position":5,"AudioFileName":"082_005_005.mp3","TajweedImageFilePath":"82/5/5.png","Text":"وَأَخَّرَتْ","Translation":"and left behind","Transliteration":"wa-akharat","Root":"أ خ ر"},{"Position":6,"AudioFileName":null,"TajweedImageFilePath":"5.png","Text":"٥","Translation":"(5)","Transliteration":null,"Root":null}],"PageNumber":587,"JuzNumber":30,"ManzilNumber":7,"RukuNumber":524,"MaqraNumber":235,"HizbNumber":59,"HizbDecimal":0.5,"HasSajda":false},{"SurahNumber":82,"SurahIndex":"082","VerseNumber":6,"ShowSurahName":false,"ShowBismillah":false,"Words":[{"Position":1,"AudioFileName":"082_006_001.mp3","TajweedImageFilePath":"82/6/1.png","Text":"يَـٰٓأَيُّهَا","Translation":"O","Transliteration":"yāayyuhā","Root":"ا ى ى"},{"Position":2,"AudioFileName":"082_006_002.mp3","TajweedImageFilePath":"82/6/2.png","Text":"ٱلْإِنسَـٰنُ","Translation":"man","Transliteration":"l-insānu","Root":"أ ن س"},{"Position":3,"AudioFileName":"082_006_003.mp3","TajweedImageFilePath":"82/6/3.png","Text":"مَا","Translation":"What","Transliteration":"mā","Root":"م ا"},{"Position":4,"AudioFileName":"082_006_004.mp3","TajweedImageFilePath":"82/6/4.png","Text":"غَرَّكَ","Translation":"has deceived you","Transliteration":"gharraka","Root":"غ ر ر"},{"Position":5,"AudioFileName":"082_006_005.mp3","TajweedImageFilePath":"82/6/5.png","Text":"بِرَبِّكَ","Translation":"concerning your Lord","Transliteration":"birabbika","Root":"ر ب ب"},{"Position":6,"AudioFileName":"082_006_006.mp3","TajweedImageFilePath":"82/6/6.png","Text":"ٱلْكَرِيمِ","Translation":"the Most Noble","Transliteration":"l-karīmi","Root":"ك ر م"},{"Position":7,"AudioFileName":null,"TajweedImageFilePath":"6.png","Text":"٦","Translation":"(6)","Transliteration":null,"Root":null}],"PageNumber":587,"JuzNumber":30,"ManzilNumber":7,"RukuNumber":524,"MaqraNumber":235,"HizbNumber":59,"HizbDecimal":0.5,"HasSajda":false},{"SurahNumber":82,"SurahIndex":"082","VerseNumber":7,"ShowSurahName":false,"ShowBismillah":false,"Words":[{"Position":1,"AudioFileName":"082_007_001.mp3","TajweedImageFilePath":"82/7/1.png","Text":"ٱلَّذِى","Translation":"Who","Transliteration":"alladhī","Root":"ٱلَّذِى"},{"Position":2,"AudioFileName":"082_007_002.mp3","TajweedImageFilePath":"82/7/2.png","Text":"خَلَقَكَ","Translation":"created you","Transliteration":"khalaqaka","Root":"خ ل ق"},{"Position":3,"AudioFileName":"082_007_003.mp3","TajweedImageFilePath":"82/7/3.png","Text":"فَسَوَّىٰكَ","Translation":"then fashioned you","Transliteration":"fasawwāka","Root":"س و ي"},{"Position":4,"AudioFileName":"082_007_004.mp3","TajweedImageFilePath":"82/7/4.png","Text":"فَعَدَلَكَ","Translation":"then balanced you","Transliteration":"faʿadalaka","Root":"ع د ل"},{"Position":5,"AudioFileName":null,"TajweedImageFilePath":"7.png","Text":"٧","Translation":"(7)","Transliteration":null,"Root":null}],"PageNumber":587,"JuzNumber":30,"ManzilNumber":7,"RukuNumber":524,"MaqraNumber":235,"HizbNumber":59,"HizbDecimal":0.5,"HasSajda":false},{"SurahNumber":82,"SurahIndex":"082","VerseNumber":8,"ShowSurahName":false,"ShowBismillah":false,"Words":[{"Position":1,"AudioFileName":"082_008_001.mp3","TajweedImageFilePath":"82/8/1.png","Text":"فِىٓ","Translation":"In","Transliteration":"fī","Root":"ف ى"},{"Position":2,"AudioFileName":"082_008_002.mp3","TajweedImageFilePath":"82/8/2.png","Text":"أَىِّ","Translation":"whatever","Transliteration":"ayyi","Root":"ا ى ى"},{"Position":3,"AudioFileName":"082_008_003.mp3","TajweedImageFilePath":"82/8/3.png","Text":"صُورَةٍۢ","Translation":"form","Transliteration":"ṣūratin","Root":"ص و ر"},{"Position":4,"AudioFileName":"082_008_004.mp3","TajweedImageFilePath":"82/8/4.png","Text":"مَّا","Translation":"what","Transliteration":"mā","Root":"م ا"},{"Position":5,"AudioFileName":"082_008_005.mp3","TajweedImageFilePath":"82/8/5.png","Text":"شَآءَ","Translation":"He willed","Transliteration":"shāa","Root":"ش ي أ"},{"Position":6,"AudioFileName":"082_008_006.mp3","TajweedImageFilePath":"82/8/6.png","Text":"رَكَّبَكَ","Translation":"He assembled you","Transliteration":"rakkabaka","Root":"ر ك ب"},{"Position":7,"AudioFileName":null,"TajweedImageFilePath":"8.png","Text":"٨","Translation":"(8)","Transliteration":null,"Root":null}],"PageNumber":587,"JuzNumber":30,"ManzilNumber":7,"RukuNumber":524,"MaqraNumber":235,"HizbNumber":59,"HizbDecimal":0.5,"HasSajda":false},{"SurahNumber":82,"SurahIndex":"082","VerseNumber":9,"ShowSurahName":false,"ShowBismillah":false,"Words":[{"Position":1,"AudioFileName":"082_009_001.mp3","TajweedImageFilePath":"82/9/1.png","Text":"كَلَّا","Translation":"Nay","Transliteration":"kallā","Root":"ك ل ل"},{"Position":2,"AudioFileName":"082_009_002.mp3","TajweedImageFilePath":"82/9/2.png","Text":"بَلْ","Translation":"But","Transliteration":"bal","Root":"ب ل"},{"Position":3,"AudioFileName":"082_009_003.mp3","TajweedImageFilePath":"82/9/3.png","Text":"تُكَذِّبُونَ","Translation":"you deny","Transliteration":"tukadhibūna","Root":"ك ذ ب"},{"Position":4,"AudioFileName":"082_009_004.mp3","TajweedImageFilePath":"82/9/4.png","Text":"بِٱلدِّينِ","Translation":"the Judgment","Transliteration":"bil-dīni","Root":"د ي ن"},{"Position":5,"AudioFileName":null,"TajweedImageFilePath":"9.png","Text":"٩","Translation":"(9)","Transliteration":null,"Root":null}],"PageNumber":587,"JuzNumber":30,"ManzilNumber":7,"RukuNumber":524,"MaqraNumber":235,"HizbNumber":59,"HizbDecimal":0.5,"HasSajda":false},{"SurahNumber":82,"SurahIndex":"082","VerseNumber":10,"ShowSurahName":false,"ShowBismillah":false,"Words":[{"Position":1,"AudioFileName":"082_010_001.mp3","TajweedImageFilePath":"82/10/1.png","Text":"وَإِنَّ","Translation":"And indeed","Transliteration":"wa-inna","Root":"ا ن ن"},{"Position":2,"AudioFileName":"082_010_002.mp3","TajweedImageFilePath":"82/10/2.png","Text":"عَلَيْكُمْ","Translation":"over you","Transliteration":"ʿalaykum","Root":"ع ل ى"},{"Position":3,"AudioFileName":"082_010_003.mp3","TajweedImageFilePath":"82/10/3.png","Text":"لَحَـٰفِظِينَ","Translation":"(are) surely guardians","Transliteration":"laḥāfiẓīna","Root":"ح ف ظ"},{"Position":4,"AudioFileName":null,"TajweedImageFilePath":"10.png","Text":"١٠","Translation":"(10)","Transliteration":null,"Root":null}],"PageNumber":587,"JuzNumber":30,"ManzilNumber":7,"RukuNumber":524,"MaqraNumber":235,"HizbNumber":59,"HizbDecimal":0.5,"HasSajda":false},{"SurahNumber":82,"SurahIndex":"082","VerseNumber":11,"ShowSurahName":false,"ShowBismillah":false,"Words":[{"Position":1,"AudioFileName":"082_011_001.mp3","TajweedImageFilePath":"82/11/1.png","Text":"كِرَامًۭا","Translation":"Noble","Transliteration":"kirāman","Root":"ك ر م"},{"Position":2,"AudioFileName":"082_011_002.mp3","TajweedImageFilePath":"82/11/2.png","Text":"كَـٰتِبِينَ","Translation":"recording","Transliteration":"kātibīna","Root":"ك ت ب"},{"Position":3,"AudioFileName":null,"TajweedImageFilePath":"11.png","Text":"١١","Translation":"(11)","Transliteration":null,"Root":null}],"PageNumber":587,"JuzNumber":30,"ManzilNumber":7,"RukuNumber":524,"MaqraNumber":235,"HizbNumber":59,"HizbDecimal":0.5,"HasSajda":false},{"SurahNumber":82,"SurahIndex":"082","VerseNumber":12,"ShowSurahName":false,"ShowBismillah":false,"Words":[{"Position":1,"AudioFileName":"082_012_001.mp3","TajweedImageFilePath":"82/12/1.png","Text":"يَعْلَمُونَ","Translation":"They know","Transliteration":"yaʿlamūna","Root":"ع ل م"},{"Position":2,"AudioFileName":"082_012_002.mp3","TajweedImageFilePath":"82/12/2.png","Text":"مَا","Translation":"whatever","Transliteration":"mā","Root":"م ا"},{"Position":3,"AudioFileName":"082_012_003.mp3","TajweedImageFilePath":"82/12/3.png","Text":"تَفْعَلُونَ","Translation":"you do","Transliteration":"tafʿalūna","Root":"ف ع ل"},{"Position":4,"AudioFileName":null,"TajweedImageFilePath":"12.png","Text":"١٢","Translation":"(12)","Transliteration":null,"Root":null}],"PageNumber":587,"JuzNumber":30,"ManzilNumber":7,"RukuNumber":524,"MaqraNumber":235,"HizbNumber":59,"HizbDecimal":0.5,"HasSajda":false},{"SurahNumber":82,"SurahIndex":"082","VerseNumber":13,"ShowSurahName":false,"ShowBismillah":false,"Words":[{"Position":1,"AudioFileName":"082_013_001.mp3","TajweedImageFilePath":"82/13/1.png","Text":"إِنَّ","Translation":"Indeed","Transliteration":"inna","Root":"ا ن ن"},{"Position":2,"AudioFileName":"082_013_002.mp3","TajweedImageFilePath":"82/13/2.png","Text":"ٱلْأَبْرَارَ","Translation":"the righteous","Transliteration":"l-abrāra","Root":"ب ر ر"},{"Position":3,"AudioFileName":"082_013_003.mp3","TajweedImageFilePath":"82/13/3.png","Text":"لَفِى","Translation":"(will be) surely in","Transliteration":"lafī","Root":"ف ى"},{"Position":4,"AudioFileName":"082_013_004.mp3","TajweedImageFilePath":"82/13/4.png","Text":"نَعِيمٍۢ","Translation":"bliss","Transliteration":"naʿīmin","Root":"ن ع م"},{"Position":5,"AudioFileName":null,"TajweedImageFilePath":"13.png","Text":"١٣","Translation":"(13)","Transliteration":null,"Root":null}],"PageNumber":587,"JuzNumber":30,"ManzilNumber":7,"RukuNumber":524,"MaqraNumber":235,"HizbNumber":59,"HizbDecimal":0.5,"HasSajda":false},{"SurahNumber":82,"SurahIndex":"082","VerseNumber":14,"ShowSurahName":false,"ShowBismillah":false,"Words":[{"Position":1,"AudioFileName":"082_014_001.mp3","TajweedImageFilePath":"82/14/1.png","Text":"وَإِنَّ","Translation":"And indeed","Transliteration":"wa-inna","Root":"ا ن ن"},{"Position":2,"AudioFileName":"082_014_002.mp3","TajweedImageFilePath":"82/14/2.png","Text":"ٱلْفُجَّارَ","Translation":"the wicked","Transliteration":"l-fujāra","Root":"ف ج ر"},{"Position":3,"AudioFileName":"082_014_003.mp3","TajweedImageFilePath":"82/14/3.png","Text":"لَفِى","Translation":"(will be) surely in","Transliteration":"lafī","Root":"ف ى"},{"Position":4,"AudioFileName":"082_014_004.mp3","TajweedImageFilePath":"82/14/4.png","Text":"جَحِيمٍۢ","Translation":"Hellfire","Transliteration":"jaḥīmin","Root":"ج ح م"},{"Position":5,"AudioFileName":null,"TajweedImageFilePath":"14.png","Text":"١٤","Translation":"(14)","Transliteration":null,"Root":null}],"PageNumber":587,"JuzNumber":30,"ManzilNumber":7,"RukuNumber":524,"MaqraNumber":235,"HizbNumber":59,"HizbDecimal":0.5,"HasSajda":false},{"SurahNumber":82,"SurahIndex":"082","VerseNumber":15,"ShowSurahName":false,"ShowBismillah":false,"Words":[{"Position":1,"AudioFileName":"082_015_001.mp3","TajweedImageFilePath":"82/15/1.png","Text":"يَصْلَوْنَهَا","Translation":"They will burn (in) it","Transliteration":"yaṣlawnahā","Root":"ص ل ي"},{"Position":2,"AudioFileName":"082_015_002.mp3","TajweedImageFilePath":"82/15/2.png","Text":"يَوْمَ","Translation":"(on the) Day","Transliteration":"yawma","Root":"ي و م"},{"Position":3,"AudioFileName":"082_015_003.mp3","TajweedImageFilePath":"82/15/3.png","Text":"ٱلدِّينِ","Translation":"(of) the Judgment","Transliteration":"l-dīni","Root":"د ي ن"},{"Position":4,"AudioFileName":null,"TajweedImageFilePath":"15.png","Text":"١٥","Translation":"(15)","Transliteration":null,"Root":null}],"PageNumber":587,"JuzNumber":30,"ManzilNumber":7,"RukuNumber":524,"MaqraNumber":235,"HizbNumber":59,"HizbDecimal":0.5,"HasSajda":false},{"SurahNumber":82,"SurahIndex":"082","VerseNumber":16,"ShowSurahName":false,"ShowBismillah":false,"Words":[{"Position":1,"AudioFileName":"082_016_001.mp3","TajweedImageFilePath":"82/16/1.png","Text":"وَمَا","Translation":"And not","Transliteration":"wamā","Root":"م ا"},{"Position":2,"AudioFileName":"082_016_002.mp3","TajweedImageFilePath":"82/16/2.png","Text":"هُمْ","Translation":"they","Transliteration":"hum","Root":"ه م"},{"Position":3,"AudioFileName":"082_016_003.mp3","TajweedImageFilePath":"82/16/3.png","Text":"عَنْهَا","Translation":"from it","Transliteration":"ʿanhā","Root":"ع ن"},{"Position":4,"AudioFileName":"082_016_004.mp3","TajweedImageFilePath":"82/16/4.png","Text":"بِغَآئِبِينَ","Translation":"(will be) absent","Transliteration":"bighāibīna","Root":"غ ي ب"},{"Position":5,"AudioFileName":null,"TajweedImageFilePath":"16.png","Text":"١٦","Translation":"(16)","Transliteration":null,"Root":null}],"PageNumber":587,"JuzNumber":30,"ManzilNumber":7,"RukuNumber":524,"MaqraNumber":235,"HizbNumber":59,"HizbDecimal":0.5,"HasSajda":false},{"SurahNumber":82,"SurahIndex":"082","VerseNumber":17,"ShowSurahName":false,"ShowBismillah":false,"Words":[{"Position":1,"AudioFileName":"082_017_001.mp3","TajweedImageFilePath":"82/17/1.png","Text":"وَمَآ","Translation":"And what","Transliteration":"wamā","Root":"م ا"},{"Position":2,"AudioFileName":"082_017_002.mp3","TajweedImageFilePath":"82/17/2.png","Text":"أَدْرَىٰكَ","Translation":"can make you know","Transliteration":"adrāka","Root":"د ر ي"},{"Position":3,"AudioFileName":"082_017_003.mp3","TajweedImageFilePath":"82/17/3.png","Text":"مَا","Translation":"what","Transliteration":"mā","Root":"م ا"},{"Position":4,"AudioFileName":"082_017_004.mp3","TajweedImageFilePath":"82/17/4.png","Text":"يَوْمُ","Translation":"(is the) Day","Transliteration":"yawmu","Root":"ي و م"},{"Position":5,"AudioFileName":"082_017_005.mp3","TajweedImageFilePath":"82/17/5.png","Text":"ٱلدِّينِ","Translation":"(of) the Judgment","Transliteration":"l-dīni","Root":"د ي ن"},{"Position":6,"AudioFileName":null,"TajweedImageFilePath":"17.png","Text":"١٧","Translation":"(17)","Transliteration":null,"Root":null}],"PageNumber":587,"JuzNumber":30,"ManzilNumber":7,"RukuNumber":524,"MaqraNumber":235,"HizbNumber":59,"HizbDecimal":0.5,"HasSajda":false},{"SurahNumber":82,"SurahIndex":"082","VerseNumber":18,"ShowSurahName":false,"ShowBismillah":false,"Words":[{"Position":1,"AudioFileName":"082_018_001.mp3","TajweedImageFilePath":"82/18/1.png","Text":"ثُمَّ","Translation":"Then","Transliteration":"thumma","Root":"ث م م"},{"Position":2,"AudioFileName":"082_018_002.mp3","TajweedImageFilePath":"82/18/2.png","Text":"مَآ","Translation":"what","Transliteration":"mā","Root":"م ا"},{"Position":3,"AudioFileName":"082_018_003.mp3","TajweedImageFilePath":"82/18/3.png","Text":"أَدْرَىٰكَ","Translation":"can make you know","Transliteration":"adrāka","Root":"د ر ي"},{"Position":4,"AudioFileName":"082_018_004.mp3","TajweedImageFilePath":"82/18/4.png","Text":"مَا","Translation":"what","Transliteration":"mā","Root":"م ا"},{"Position":5,"AudioFileName":"082_018_005.mp3","TajweedImageFilePath":"82/18/5.png","Text":"يَوْمُ","Translation":"(is the) Day","Transliteration":"yawmu","Root":"ي و م"},{"Position":6,"AudioFileName":"082_018_006.mp3","TajweedImageFilePath":"82/18/6.png","Text":"ٱلدِّينِ","Translation":"(of) the Judgment","Transliteration":"l-dīni","Root":"د ي ن"},{"Position":7,"AudioFileName":null,"TajweedImageFilePath":"18.png","Text":"١٨","Translation":"(18)","Transliteration":null,"Root":null}],"PageNumber":587,"JuzNumber":30,"ManzilNumber":7,"RukuNumber":524,"MaqraNumber":235,"HizbNumber":59,"HizbDecimal":0.5,"HasSajda":false},{"SurahNumber":82,"SurahIndex":"082","VerseNumber":19,"ShowSurahName":false,"ShowBismillah":false,"Words":[{"Position":1,"AudioFileName":"082_019_001.mp3","TajweedImageFilePath":"82/19/1.png","Text":"يَوْمَ","Translation":"(The) Day","Transliteration":"yawma","Root":"ي و م"},{"Position":2,"AudioFileName":"082_019_002.mp3","TajweedImageFilePath":"82/19/2.png","Text":"لَا","Translation":"not","Transliteration":"lā","Root":"ل ا"},{"Position":3,"AudioFileName":"082_019_003.mp3","TajweedImageFilePath":"82/19/3.png","Text":"تَمْلِكُ","Translation":"will have power","Transliteration":"tamliku","Root":"م ل ك"},{"Position":4,"AudioFileName":"082_019_004.mp3","TajweedImageFilePath":"82/19/4.png","Text":"نَفْسٌۭ","Translation":"a soul","Transliteration":"nafsun","Root":"ن ف س"},{"Position":5,"AudioFileName":"082_019_005.mp3","TajweedImageFilePath":"82/19/5.png","Text":"لِّنَفْسٍۢ","Translation":"for a soul","Transliteration":"linafsin","Root":"ن ف س"},{"Position":6,"AudioFileName":"082_019_006.mp3","TajweedImageFilePath":"82/19/6.png","Text":"شَيْـًۭٔا ۖ","Translation":"anything","Transliteration":"shayan","Root":"ش ي أ"},{"Position":7,"AudioFileName":"082_019_007.mp3","TajweedImageFilePath":"82/19/7.png","Text":"وَٱلْأَمْرُ","Translation":"and the Command","Transliteration":"wal-amru","Root":"أ م ر"},{"Position":8,"AudioFileName":"082_019_008.mp3","TajweedImageFilePath":"82/19/8.png","Text":"يَوْمَئِذٍۢ","Translation":"that Day","Transliteration":"yawma-idhin","Root":"ى و م"},{"Position":9,"AudioFileName":"082_019_009.mp3","TajweedImageFilePath":"82/19/9.png","Text":"لِّلَّهِ","Translation":"(will be) with Allah","Transliteration":"lillahi","Root":"أ ل ه"},{"Position":10,"AudioFileName":null,"TajweedImageFilePath":"19.png","Text":"١٩","Translation":"(19)","Transliteration":null,"Root":null}],"PageNumber":587,"JuzNumber":30,"ManzilNumber":7,"RukuNumber":524,"MaqraNumber":235,"HizbNumber":59,"HizbDecimal":0.5,"HasSajda":false},{"SurahNumber":83,"SurahIndex":"083","VerseNumber":1,"ShowSurahName":true,"ShowBismillah":true,"Words":[{"Position":1,"AudioFileName":"083_001_001.mp3","TajweedImageFilePath":"83/1/1.png","Text":"وَيْلٌۭ","Translation":"Woe","Transliteration":"waylun","Root":"و ى ل"},{"Position":2,"AudioFileName":"083_001_002.mp3","TajweedImageFilePath":"83/1/2.png","Text":"لِّلْمُطَفِّفِينَ","Translation":"to those who give less","Transliteration":"lil'muṭaffifīna","Root":"ط ف ف"},{"Position":3,"AudioFileName":null,"TajweedImageFilePath":"1.png","Text":"١","Translation":"(1)","Transliteration":null,"Root":null}],"PageNumber":587,"JuzNumber":30,"ManzilNumber":7,"RukuNumber":525,"MaqraNumber":235,"HizbNumber":59,"HizbDecimal":0.5,"HasSajda":false},{"SurahNumber":83,"SurahIndex":"083","VerseNumber":2,"ShowSurahName":false,"ShowBismillah":false,"Words":[{"Position":1,"AudioFileName":"083_002_001.mp3","TajweedImageFilePath":"83/2/1.png","Text":"ٱلَّذِينَ","Translation":"Those who","Transliteration":"alladhīna","Root":"ٱلَّذِى"},{"Position":2,"AudioFileName":"083_002_002.mp3","TajweedImageFilePath":"83/2/2.png","Text":"إِذَا","Translation":"when","Transliteration":"idhā","Root":"إِذَا"},{"Position":3,"AudioFileName":"083_002_003.mp3","TajweedImageFilePath":"83/2/3.png","Text":"ٱكْتَالُوا۟","Translation":"they take a measure","Transliteration":"ik'tālū","Root":"ك ي ل"},{"Position":4,"AudioFileName":"083_002_004.mp3","TajweedImageFilePath":"83/2/4.png","Text":"عَلَى","Translation":"from","Transliteration":"ʿalā","Root":"ع ل ى"},{"Position":5,"AudioFileName":"083_002_005.mp3","TajweedImageFilePath":"83/2/5.png","Text":"ٱلنَّاسِ","Translation":"the people","Transliteration":"l-nāsi","Root":"ن و س"},{"Position":6,"AudioFileName":"083_002_006.mp3","TajweedImageFilePath":"83/2/6.png","Text":"يَسْتَوْفُونَ","Translation":"they take in full","Transliteration":"yastawfūna","Root":"و ف ي"},{"Position":7,"AudioFileName":null,"TajweedImageFilePath":"2.png","Text":"٢","Translation":"(2)","Transliteration":null,"Root":null}],"PageNumber":587,"JuzNumber":30,"ManzilNumber":7,"RukuNumber":525,"MaqraNumber":235,"HizbNumber":59,"HizbDecimal":0.5,"HasSajda":false},{"SurahNumber":83,"SurahIndex":"083","VerseNumber":3,"ShowSurahName":false,"ShowBismillah":false,"Words":[{"Position":1,"AudioFileName":"083_003_001.mp3","TajweedImageFilePath":"83/3/1.png","Text":"وَإِذَا","Translation":"But when","Transliteration":"wa-idhā","Root":"إِذَا"},{"Position":2,"AudioFileName":"083_003_002.mp3","TajweedImageFilePath":"83/3/2.png","Text":"كَالُوهُمْ","Translation":"they give by measure (to) them","Transliteration":"kālūhum","Root":"ك ي ل"},{"Position":3,"AudioFileName":"083_003_003.mp3","TajweedImageFilePath":"83/3/3.png","Text":"أَو","Translation":"or","Transliteration":"aw","Root":"ا و"},{"Position":4,"AudioFileName":"083_003_004.mp3","TajweedImageFilePath":"83/3/4.png","Text":"وَّزَنُوهُمْ","Translation":"they weigh (for) them","Transliteration":"wazanūhum","Root":"و ز ن"},{"Position":5,"AudioFileName":"083_003_005.mp3","TajweedImageFilePath":"83/3/5.png","Text":"يُخْسِرُونَ","Translation":"they give less","Transliteration":"yukh'sirūna","Root":"خ س ر"},{"Position":6,"AudioFileName":null,"TajweedImageFilePath":"3.png","Text":"٣","Translation":"(3)","Transliteration":null,"Root":null}],"PageNumber":587,"JuzNumber":30,"ManzilNumber":7,"RukuNumber":525,"MaqraNumber":235,"HizbNumber":59,"HizbDecimal":0.5,"HasSajda":false},{"SurahNumber":83,"SurahIndex":"083","VerseNumber":4,"ShowSurahName":false,"ShowBismillah":false,"Words":[{"Position":1,"AudioFileName":"083_004_001.mp3","TajweedImageFilePath":"83/4/1.png","Text":"أَلَا","Translation":"Do not","Transliteration":"alā","Root":"ل ا"},{"Position":2,"AudioFileName":"083_004_002.mp3","TajweedImageFilePath":"83/4/2.png","Text":"يَظُنُّ","Translation":"think","Transliteration":"yaẓunnu","Root":"ظ ن ن"},{"Position":3,"AudioFileName":"083_004_003.mp3","TajweedImageFilePath":"83/4/3.png","Text":"أُو۟لَـٰٓئِكَ","Translation":"those","Transliteration":"ulāika","Root":"ا و ل ا ء"},{"Position":4,"AudioFileName":"083_004_004.mp3","TajweedImageFilePath":"83/4/4.png","Text":"أَنَّهُم","Translation":"that they","Transliteration":"annahum","Root":"ا ن ن"},{"Position":5,"AudioFileName":"083_004_005.mp3","TajweedImageFilePath":"83/4/5.png","Text":"مَّبْعُوثُونَ","Translation":"(will be) resurrected","Transliteration":"mabʿūthūna","Root":"ب ع ث"},{"Position":6,"AudioFileName":null,"TajweedImageFilePath":"4.png","Text":"٤","Translation":"(4)","Transliteration":null,"Root":null}],"PageNumber":587,"JuzNumber":30,"ManzilNumber":7,"RukuNumber":525,"MaqraNumber":235,"HizbNumber":59,"HizbDecimal":0.5,"HasSajda":false},{"SurahNumber":83,"SurahIndex":"083","VerseNumber":5,"ShowSurahName":false,"ShowBismillah":false,"Words":[{"Position":1,"AudioFileName":"083_005_001.mp3","TajweedImageFilePath":"83/5/1.png","Text":"لِيَوْمٍ","Translation":"For a Day","Transliteration":"liyawmin","Root":"ي و م"},{"Position":2,"AudioFileName":"083_005_002.mp3","TajweedImageFilePath":"83/5/2.png","Text":"عَظِيمٍۢ","Translation":"Great","Transliteration":"ʿaẓīmin","Root":"ع ظ م"},{"Position":3,"AudioFileName":null,"TajweedImageFilePath":"5.png","Text":"٥","Translation":"(5)","Transliteration":null,"Root":null}],"PageNumber":587,"JuzNumber":30,"ManzilNumber":7,"RukuNumber":525,"MaqraNumber":235,"HizbNumber":59,"HizbDecimal":0.5,"HasSajda":false},{"SurahNumber":83,"SurahIndex":"083","VerseNumber":6,"ShowSurahName":false,"ShowBismillah":false,"Words":[{"Position":1,"AudioFileName":"083_006_001.mp3","TajweedImageFilePath":"83/6/1.png","Text":"يَوْمَ","Translation":"(The) Day","Transliteration":"yawma","Root":"ي و م"},{"Position":2,"AudioFileName":"083_006_002.mp3","TajweedImageFilePath":"83/6/2.png","Text":"يَقُومُ","Translation":"will stand","Transliteration":"yaqūmu","Root":"ق و م"},{"Position":3,"AudioFileName":"083_006_003.mp3","TajweedImageFilePath":"83/6/3.png","Text":"ٱلنَّاسُ","Translation":"mankind","Transliteration":"l-nāsu","Root":"ن و س"},{"Position":4,"AudioFileName":"083_006_004.mp3","TajweedImageFilePath":"83/6/4.png","Text":"لِرَبِّ","Translation":"before (the) Lord","Transliteration":"lirabbi","Root":"ر ب ب"},{"Position":5,"AudioFileName":"083_006_005.mp3","TajweedImageFilePath":"83/6/5.png","Text":"ٱلْعَـٰلَمِينَ","Translation":"(of) the worlds","Transliteration":"l-ʿālamīna","Root":"ع ل م"},{"Position":6,"AudioFileName":null,"TajweedImageFilePath":"6.png","Text":"٦","Translation":"(6)","Transliteration":null,"Root":null}],"PageNumber":587,"JuzNumber":30,"ManzilNumber":7,"RukuNumber":525,"MaqraNumber":235,"HizbNumber":59,"HizbDecimal":0.5,"HasSajda":false},{"SurahNumber":83,"SurahIndex":"083","VerseNumber":7,"ShowSurahName":false,"ShowBismillah":false,"Words":[{"Position":1,"AudioFileName":"083_007_001.mp3","TajweedImageFilePath":"83/7/1.png","Text":"كَلَّآ","Translation":"Nay","Transliteration":"kallā","Root":"ك ل ل"},{"Position":2,"AudioFileName":"083_007_002.mp3","TajweedImageFilePath":"83/7/2.png","Text":"إِنَّ","Translation":"Indeed","Transliteration":"inna","Root":"ا ن ن"},{"Position":3,"AudioFileName":"083_007_003.mp3","TajweedImageFilePath":"83/7/3.png","Text":"كِتَـٰبَ","Translation":"(the) record","Transliteration":"kitāba","Root":"ك ت ب"},{"Position":4,"AudioFileName":"083_007_004.mp3","TajweedImageFilePath":"83/7/4.png","Text":"ٱلْفُجَّارِ","Translation":"(of) the wicked","Transliteration":"l-fujāri","Root":"ف ج ر"},{"Position":5,"AudioFileName":"083_007_005.mp3","TajweedImageFilePath":"83/7/5.png","Text":"لَفِى","Translation":"(is) surely in","Transliteration":"lafī","Root":"ف ى"},{"Position":6,"AudioFileName":"083_007_006.mp3","TajweedImageFilePath":"83/7/6.png","Text":"سِجِّينٍۢ","Translation":"Sijjin","Transliteration":"sijjīnin","Root":"س ج ن"},{"Position":7,"AudioFileName":null,"TajweedImageFilePath":"7.png","Text":"٧","Translation":"(7)","Transliteration":null,"Root":null}],"PageNumber":588,"JuzNumber":30,"ManzilNumber":7,"RukuNumber":525,"MaqraNumber":235,"HizbNumber":59,"HizbDecimal":0.5,"HasSajda":false},{"SurahNumber":83,"SurahIndex":"083","VerseNumber":8,"ShowSurahName":false,"ShowBismillah":false,"Words":[{"Position":1,"AudioFileName":"083_008_001.mp3","TajweedImageFilePath":"83/8/1.png","Text":"وَمَآ","Translation":"And what","Transliteration":"wamā","Root":"م ا"},{"Position":2,"AudioFileName":"083_008_002.mp3","TajweedImageFilePath":"83/8/2.png","Text":"أَدْرَىٰكَ","Translation":"can make you know","Transliteration":"adrāka","Root":"د ر ي"},{"Position":3,"AudioFileName":"083_008_003.mp3","TajweedImageFilePath":"83/8/3.png","Text":"مَا","Translation":"what","Transliteration":"mā","Root":"م ا"},{"Position":4,"AudioFileName":"083_008_004.mp3","TajweedImageFilePath":"83/8/4.png","Text":"سِجِّينٌۭ","Translation":"(is) Sijjin","Transliteration":"sijjīnun","Root":"س ج ن"},{"Position":5,"AudioFileName":null,"TajweedImageFilePath":"8.png","Text":"٨","Translation":"(8)","Transliteration":null,"Root":null}],"PageNumber":588,"JuzNumber":30,"ManzilNumber":7,"RukuNumber":525,"MaqraNumber":235,"HizbNumber":59,"HizbDecimal":0.5,"HasSajda":false},{"SurahNumber":83,"SurahIndex":"083","VerseNumber":9,"ShowSurahName":false,"ShowBismillah":false,"Words":[{"Position":1,"AudioFileName":"083_009_001.mp3","TajweedImageFilePath":"83/9/1.png","Text":"كِتَـٰبٌۭ","Translation":"A book","Transliteration":"kitābun","Root":"ك ت ب"},{"Position":2,"AudioFileName":"083_009_002.mp3","TajweedImageFilePath":"83/9/2.png","Text":"مَّرْقُومٌۭ","Translation":"written","Transliteration":"marqūmun","Root":"ر ق م"},{"Position":3,"AudioFileName":null,"TajweedImageFilePath":"9.png","Text":"٩","Translation":"(9)","Transliteration":null,"Root":null}],"PageNumber":588,"JuzNumber":30,"ManzilNumber":7,"RukuNumber":525,"MaqraNumber":235,"HizbNumber":59,"HizbDecimal":0.5,"HasSajda":false},{"SurahNumber":83,"SurahIndex":"083","VerseNumber":10,"ShowSurahName":false,"ShowBismillah":false,"Words":[{"Position":1,"AudioFileName":"083_010_001.mp3","TajweedImageFilePath":"83/10/1.png","Text":"وَيْلٌۭ","Translation":"Woe","Transliteration":"waylun","Root":"و ى ل"},{"Position":2,"AudioFileName":"083_010_002.mp3","TajweedImageFilePath":"83/10/2.png","Text":"يَوْمَئِذٍۢ","Translation":"that Day","Transliteration":"yawma-idhin","Root":"ى و م"},{"Position":3,"AudioFileName":"083_010_003.mp3","TajweedImageFilePath":"83/10/3.png","Text":"لِّلْمُكَذِّبِينَ","Translation":"to the deniers","Transliteration":"lil'mukadhibīna","Root":"ك ذ ب"},{"Position":4,"AudioFileName":null,"TajweedImageFilePath":"10.png","Text":"١٠","Translation":"(10)","Transliteration":null,"Root":null}],"PageNumber":588,"JuzNumber":30,"ManzilNumber":7,"RukuNumber":525,"MaqraNumber":235,"HizbNumber":59,"HizbDecimal":0.5,"HasSajda":false},{"SurahNumber":83,"SurahIndex":"083","VerseNumber":11,"ShowSurahName":false,"ShowBismillah":false,"Words":[{"Position":1,"AudioFileName":"083_011_001.mp3","TajweedImageFilePath":"83/11/1.png","Text":"ٱلَّذِينَ","Translation":"Those who","Transliteration":"alladhīna","Root":"ٱلَّذِى"},{"Position":2,"AudioFileName":"083_011_002.mp3","TajweedImageFilePath":"83/11/2.png","Text":"يُكَذِّبُونَ","Translation":"deny","Transliteration":"yukadhibūna","Root":"ك ذ ب"},{"Position":3,"AudioFileName":"083_011_003.mp3","TajweedImageFilePath":"83/11/3.png","Text":"بِيَوْمِ","Translation":"(the) Day","Transliteration":"biyawmi","Root":"ي و م"},{"Position":4,"AudioFileName":"083_011_004.mp3","TajweedImageFilePath":"83/11/4.png","Text":"ٱلدِّينِ","Translation":"(of) the Judgment","Transliteration":"l-dīni","Root":"د ي ن"},{"Position":5,"AudioFileName":null,"TajweedImageFilePath":"11.png","Text":"١١","Translation":"(11)","Transliteration":null,"Root":null}],"PageNumber":588,"JuzNumber":30,"ManzilNumber":7,"RukuNumber":525,"MaqraNumber":235,"HizbNumber":59,"HizbDecimal":0.5,"HasSajda":false},{"SurahNumber":83,"SurahIndex":"083","VerseNumber":12,"ShowSurahName":false,"ShowBismillah":false,"Words":[{"Position":1,"AudioFileName":"083_012_001.mp3","TajweedImageFilePath":"83/12/1.png","Text":"وَمَا","Translation":"And not","Transliteration":"wamā","Root":"م ا"},{"Position":2,"AudioFileName":"083_012_002.mp3","TajweedImageFilePath":"83/12/2.png","Text":"يُكَذِّبُ","Translation":"can deny","Transliteration":"yukadhibu","Root":"ك ذ ب"},{"Position":3,"AudioFileName":"083_012_003.mp3","TajweedImageFilePath":"83/12/3.png","Text":"بِهِۦٓ","Translation":"[of] it","Transliteration":"bihi","Root":"ب"},{"Position":4,"AudioFileName":"083_012_004.mp3","TajweedImageFilePath":"83/12/4.png","Text":"إِلَّا","Translation":"except","Transliteration":"illā","Root":"إِلَّا"},{"Position":5,"AudioFileName":"083_012_005.mp3","TajweedImageFilePath":"83/12/5.png","Text":"كُلُّ","Translation":"every","Transliteration":"kullu","Root":"ك ل ل"},{"Position":6,"AudioFileName":"083_012_006.mp3","TajweedImageFilePath":"83/12/6.png","Text":"مُعْتَدٍ","Translation":"transgressor","Transliteration":"muʿ'tadin","Root":"ع د و"},{"Position":7,"AudioFileName":"083_012_007.mp3","TajweedImageFilePath":"83/12/7.png","Text":"أَثِيمٍ","Translation":"sinful","Transliteration":"athīmin","Root":"أ ث م"},{"Position":8,"AudioFileName":null,"TajweedImageFilePath":"12.png","Text":"١٢","Translation":"(12)","Transliteration":null,"Root":null}],"PageNumber":588,"JuzNumber":30,"ManzilNumber":7,"RukuNumber":525,"MaqraNumber":235,"HizbNumber":59,"HizbDecimal":0.5,"HasSajda":false},{"SurahNumber":83,"SurahIndex":"083","VerseNumber":13,"ShowSurahName":false,"ShowBismillah":false,"Words":[{"Position":1,"AudioFileName":"083_013_001.mp3","TajweedImageFilePath":"83/13/1.png","Text":"إِذَا","Translation":"When","Transliteration":"idhā","Root":"إِذَا"},{"Position":2,"AudioFileName":"083_013_002.mp3","TajweedImageFilePath":"83/13/2.png","Text":"تُتْلَىٰ","Translation":"are recited","Transliteration":"tut'lā","Root":"ت ل و"},{"Position":3,"AudioFileName":"083_013_003.mp3","TajweedImageFilePath":"83/13/3.png","Text":"عَلَيْهِ","Translation":"to him","Transliteration":"ʿalayhi","Root":"ع ل ى"},{"Position":4,"AudioFileName":"083_013_004.mp3","TajweedImageFilePath":"83/13/4.png","Text":"ءَايَـٰتُنَا","Translation":"Our Verses","Transliteration":"āyātunā","Root":"أ ي ي"},{"Position":5,"AudioFileName":"083_013_005.mp3","TajweedImageFilePath":"83/13/5.png","Text":"قَالَ","Translation":"he says","Transliteration":"qāla","Root":"ق و ل"},{"Position":6,"AudioFileName":"083_013_006.mp3","TajweedImageFilePath":"83/13/6.png","Text":"أَسَـٰطِيرُ","Translation":"Stories","Transliteration":"asāṭīru","Root":"س ط ر"},{"Position":7,"AudioFileName":"083_013_007.mp3","TajweedImageFilePath":"83/13/7.png","Text":"ٱلْأَوَّلِينَ","Translation":"(of) the former (people)","Transliteration":"l-awalīna","Root":"أ و ل"},{"Position":8,"AudioFileName":null,"TajweedImageFilePath":"13.png","Text":"١٣","Translation":"(13)","Transliteration":null,"Root":null}],"PageNumber":588,"JuzNumber":30,"ManzilNumber":7,"RukuNumber":525,"MaqraNumber":235,"HizbNumber":59,"HizbDecimal":0.5,"HasSajda":false},{"SurahNumber":83,"SurahIndex":"083","VerseNumber":14,"ShowSurahName":false,"ShowBismillah":false,"Words":[{"Position":1,"AudioFileName":"083_014_001.mp3","TajweedImageFilePath":"83/14/1.png","Text":"كَلَّا ۖ","Translation":"Nay","Transliteration":"kallā","Root":"ك ل ل"},{"Position":2,"AudioFileName":"083_014_002.mp3","TajweedImageFilePath":"83/14/2.png","Text":"بَلْ ۜ","Translation":"But","Transliteration":"bal","Root":"ب ل"},{"Position":3,"AudioFileName":"083_014_003.mp3","TajweedImageFilePath":"83/14/3.png","Text":"رَانَ","Translation":"(the) stain has covered","Transliteration":"rāna","Root":"ر ي ن"},{"Position":4,"AudioFileName":"083_014_004.mp3","TajweedImageFilePath":"83/14/4.png","Text":"عَلَىٰ","Translation":"[over]","Transliteration":"ʿalā","Root":"ع ل ى"},{"Position":5,"AudioFileName":"083_014_005.mp3","TajweedImageFilePath":"83/14/5.png","Text":"قُلُوبِهِم","Translation":"their hearts","Transliteration":"qulūbihim","Root":"ق ل ب"},{"Position":6,"AudioFileName":"083_014_006.mp3","TajweedImageFilePath":"83/14/6.png","Text":"مَّا","Translation":"(for) what","Transliteration":"mā","Root":"م ا"},{"Position":7,"AudioFileName":"083_014_007.mp3","TajweedImageFilePath":"83/14/7.png","Text":"كَانُوا۟","Translation":"they used to","Transliteration":"kānū","Root":"ك و ن"},{"Position":8,"AudioFileName":"083_014_008.mp3","TajweedImageFilePath":"83/14/8.png","Text":"يَكْسِبُونَ","Translation":"earn","Transliteration":"yaksibūna","Root":"ك س ب"},{"Position":9,"AudioFileName":null,"TajweedImageFilePath":"14.png","Text":"١٤","Translation":"(14)","Transliteration":null,"Root":null}],"PageNumber":588,"JuzNumber":30,"ManzilNumber":7,"RukuNumber":525,"MaqraNumber":235,"HizbNumber":59,"HizbDecimal":0.5,"HasSajda":false},{"SurahNumber":83,"SurahIndex":"083","VerseNumber":15,"ShowSurahName":false,"ShowBismillah":false,"Words":[{"Position":1,"AudioFileName":"083_015_001.mp3","TajweedImageFilePath":"83/15/1.png","Text":"كَلَّآ","Translation":"Nay","Transliteration":"kallā","Root":"ك ل ل"},{"Position":2,"AudioFileName":"083_015_002.mp3","TajweedImageFilePath":"83/15/2.png","Text":"إِنَّهُمْ","Translation":"Indeed, they","Transliteration":"innahum","Root":"ا ن ن"},{"Position":3,"AudioFileName":"083_015_003.mp3","TajweedImageFilePath":"83/15/3.png","Text":"عَن","Translation":"from","Transliteration":"ʿan","Root":"ع ن"},{"Position":4,"AudioFileName":"083_015_004.mp3","TajweedImageFilePath":"83/15/4.png","Text":"رَّبِّهِمْ","Translation":"their Lord","Transliteration":"rabbihim","Root":"ر ب ب"},{"Position":5,"AudioFileName":"083_015_005.mp3","TajweedImageFilePath":"83/15/5.png","Text":"يَوْمَئِذٍۢ","Translation":"that Day","Transliteration":"yawma-idhin","Root":"ى و م"},{"Position":6,"AudioFileName":"083_015_006.mp3","TajweedImageFilePath":"83/15/6.png","Text":"لَّمَحْجُوبُونَ","Translation":"surely will be partitioned","Transliteration":"lamaḥjūbūna","Root":"ح ج ب"},{"Position":7,"AudioFileName":null,"TajweedImageFilePath":"15.png","Text":"١٥","Translation":"(15)","Transliteration":null,"Root":null}],"PageNumber":588,"JuzNumber":30,"ManzilNumber":7,"RukuNumber":525,"MaqraNumber":235,"HizbNumber":59,"HizbDecimal":0.5,"HasSajda":false},{"SurahNumber":83,"SurahIndex":"083","VerseNumber":16,"ShowSurahName":false,"ShowBismillah":false,"Words":[{"Position":1,"AudioFileName":"083_016_001.mp3","TajweedImageFilePath":"83/16/1.png","Text":"ثُمَّ","Translation":"Then","Transliteration":"thumma","Root":"ث م م"},{"Position":2,"AudioFileName":"083_016_002.mp3","TajweedImageFilePath":"83/16/2.png","Text":"إِنَّهُمْ","Translation":"indeed, they","Transliteration":"innahum","Root":"ا ن ن"},{"Position":3,"AudioFileName":"083_016_003.mp3","TajweedImageFilePath":"83/16/3.png","Text":"لَصَالُوا۟","Translation":"(surely) will burn","Transliteration":"laṣālū","Root":"ص ل ي"},{"Position":4,"AudioFileName":"083_016_004.mp3","TajweedImageFilePath":"83/16/4.png","Text":"ٱلْجَحِيمِ","Translation":"(in) the Hellfire","Transliteration":"l-jaḥīmi","Root":"ج ح م"},{"Position":5,"AudioFileName":null,"TajweedImageFilePath":"16.png","Text":"١٦","Translation":"(16)","Transliteration":null,"Root":null}],"PageNumber":588,"JuzNumber":30,"ManzilNumber":7,"RukuNumber":525,"MaqraNumber":235,"HizbNumber":59,"HizbDecimal":0.5,"HasSajda":false},{"SurahNumber":83,"SurahIndex":"083","VerseNumber":17,"ShowSurahName":false,"ShowBismillah":false,"Words":[{"Position":1,"AudioFileName":"083_017_001.mp3","TajweedImageFilePath":"83/17/1.png","Text":"ثُمَّ","Translation":"Then","Transliteration":"thumma","Root":"ث م م"},{"Position":2,"AudioFileName":"083_017_002.mp3","TajweedImageFilePath":"83/17/2.png","Text":"يُقَالُ","Translation":"it will be said","Transliteration":"yuqālu","Root":"ق و ل"},{"Position":3,"AudioFileName":"083_017_003.mp3","TajweedImageFilePath":"83/17/3.png","Text":"هَـٰذَا","Translation":"This","Transliteration":"hādhā","Root":"ه ا ذ"},{"Position":4,"AudioFileName":"083_017_004.mp3","TajweedImageFilePath":"83/17/4.png","Text":"ٱلَّذِى","Translation":"(is) what","Transliteration":"alladhī","Root":"ٱلَّذِى"},{"Position":5,"AudioFileName":"083_017_005.mp3","TajweedImageFilePath":"83/17/5.png","Text":"كُنتُم","Translation":"you used to","Transliteration":"kuntum","Root":"ك و ن"},{"Position":6,"AudioFileName":"083_017_006.mp3","TajweedImageFilePath":"83/17/6.png","Text":"بِهِۦ","Translation":"[of it]","Transliteration":"bihi","Root":"ب"},{"Position":7,"AudioFileName":"083_017_007.mp3","TajweedImageFilePath":"83/17/7.png","Text":"تُكَذِّبُونَ","Translation":"deny","Transliteration":"tukadhibūna","Root":"ك ذ ب"},{"Position":8,"AudioFileName":null,"TajweedImageFilePath":"17.png","Text":"١٧","Translation":"(17)","Transliteration":null,"Root":null}],"PageNumber":588,"JuzNumber":30,"ManzilNumber":7,"RukuNumber":525,"MaqraNumber":235,"HizbNumber":59,"HizbDecimal":0.5,"HasSajda":false},{"SurahNumber":83,"SurahIndex":"083","VerseNumber":18,"ShowSurahName":false,"ShowBismillah":false,"Words":[{"Position":1,"AudioFileName":"083_018_001.mp3","TajweedImageFilePath":"83/18/1.png","Text":"كَلَّآ","Translation":"Nay","Transliteration":"kallā","Root":"ك ل ل"},{"Position":2,"AudioFileName":"083_018_002.mp3","TajweedImageFilePath":"83/18/2.png","Text":"إِنَّ","Translation":"Indeed","Transliteration":"inna","Root":"ا ن ن"},{"Position":3,"AudioFileName":"083_018_003.mp3","TajweedImageFilePath":"83/18/3.png","Text":"كِتَـٰبَ","Translation":"(the) record","Transliteration":"kitāba","Root":"ك ت ب"},{"Position":4,"AudioFileName":"083_018_004.mp3","TajweedImageFilePath":"83/18/4.png","Text":"ٱلْأَبْرَارِ","Translation":"(of) the righteous","Transliteration":"l-abrāri","Root":"ب ر ر"},{"Position":5,"AudioFileName":"083_018_005.mp3","TajweedImageFilePath":"83/18/5.png","Text":"لَفِى","Translation":"(will be) surely in","Transliteration":"lafī","Root":"ف ى"},{"Position":6,"AudioFileName":"083_018_006.mp3","TajweedImageFilePath":"83/18/6.png","Text":"عِلِّيِّينَ","Translation":"Illiyin","Transliteration":"ʿilliyyīna","Root":"ع ل و"},{"Position":7,"AudioFileName":null,"TajweedImageFilePath":"18.png","Text":"١٨","Translation":"(18)","Transliteration":null,"Root":null}],"PageNumber":588,"JuzNumber":30,"ManzilNumber":7,"RukuNumber":525,"MaqraNumber":235,"HizbNumber":59,"HizbDecimal":0.5,"HasSajda":false},{"SurahNumber":83,"SurahIndex":"083","VerseNumber":19,"ShowSurahName":false,"ShowBismillah":false,"Words":[{"Position":1,"AudioFileName":"083_019_001.mp3","TajweedImageFilePath":"83/19/1.png","Text":"وَمَآ","Translation":"And what","Transliteration":"wamā","Root":"م ا"},{"Position":2,"AudioFileName":"083_019_002.mp3","TajweedImageFilePath":"83/19/2.png","Text":"أَدْرَىٰكَ","Translation":"can make you know","Transliteration":"adrāka","Root":"د ر ي"},{"Position":3,"AudioFileName":"083_019_003.mp3","TajweedImageFilePath":"83/19/3.png","Text":"مَا","Translation":"what","Transliteration":"mā","Root":"م ا"},{"Position":4,"AudioFileName":"083_019_004.mp3","TajweedImageFilePath":"83/19/4.png","Text":"عِلِّيُّونَ","Translation":"(is) Illiyun","Transliteration":"ʿilliyyūna","Root":"ع ل و"},{"Position":5,"AudioFileName":null,"TajweedImageFilePath":"19.png","Text":"١٩","Translation":"(19)","Transliteration":null,"Root":null}],"PageNumber":588,"JuzNumber":30,"ManzilNumber":7,"RukuNumber":525,"MaqraNumber":235,"HizbNumber":59,"HizbDecimal":0.5,"HasSajda":false},{"SurahNumber":83,"SurahIndex":"083","VerseNumber":20,"ShowSurahName":false,"ShowBismillah":false,"Words":[{"Position":1,"AudioFileName":"083_020_001.mp3","TajweedImageFilePath":"83/20/1.png","Text":"كِتَـٰبٌۭ","Translation":"A book","Transliteration":"kitābun","Root":"ك ت ب"},{"Position":2,"AudioFileName":"083_020_002.mp3","TajweedImageFilePath":"83/20/2.png","Text":"مَّرْقُومٌۭ","Translation":"written","Transliteration":"marqūmun","Root":"ر ق م"},{"Position":3,"AudioFileName":null,"TajweedImageFilePath":"20.png","Text":"٢٠","Translation":"(20)","Transliteration":null,"Root":null}],"PageNumber":588,"JuzNumber":30,"ManzilNumber":7,"RukuNumber":525,"MaqraNumber":235,"HizbNumber":59,"HizbDecimal":0.5,"HasSajda":false},{"SurahNumber":83,"SurahIndex":"083","VerseNumber":21,"ShowSurahName":false,"ShowBismillah":false,"Words":[{"Position":1,"AudioFileName":"083_021_001.mp3","TajweedImageFilePath":"83/21/1.png","Text":"يَشْهَدُهُ","Translation":"Witness it","Transliteration":"yashhaduhu","Root":"ش ه د"},{"Position":2,"AudioFileName":"083_021_002.mp3","TajweedImageFilePath":"83/21/2.png","Text":"ٱلْمُقَرَّبُونَ","Translation":"those brought near","Transliteration":"l-muqarabūna","Root":"ق ر ب"},{"Position":3,"AudioFileName":null,"TajweedImageFilePath":"21.png","Text":"٢١","Translation":"(21)","Transliteration":null,"Root":null}],"PageNumber":588,"JuzNumber":30,"ManzilNumber":7,"RukuNumber":525,"MaqraNumber":235,"HizbNumber":59,"HizbDecimal":0.5,"HasSajda":false},{"SurahNumber":83,"SurahIndex":"083","VerseNumber":22,"ShowSurahName":false,"ShowBismillah":false,"Words":[{"Position":1,"AudioFileName":"083_022_001.mp3","TajweedImageFilePath":"83/22/1.png","Text":"إِنَّ","Translation":"Indeed","Transliteration":"inna","Root":"ا ن ن"},{"Position":2,"AudioFileName":"083_022_002.mp3","TajweedImageFilePath":"83/22/2.png","Text":"ٱلْأَبْرَارَ","Translation":"the righteous","Transliteration":"l-abrāra","Root":"ب ر ر"},{"Position":3,"AudioFileName":"083_022_003.mp3","TajweedImageFilePath":"83/22/3.png","Text":"لَفِى","Translation":"(will be) surely in","Transliteration":"lafī","Root":"ف ى"},{"Position":4,"AudioFileName":"083_022_004.mp3","TajweedImageFilePath":"83/22/4.png","Text":"نَعِيمٍ","Translation":"bliss","Transliteration":"naʿīmin","Root":"ن ع م"},{"Position":5,"AudioFileName":null,"TajweedImageFilePath":"22.png","Text":"٢٢","Translation":"(22)","Transliteration":null,"Root":null}],"PageNumber":588,"JuzNumber":30,"ManzilNumber":7,"RukuNumber":525,"MaqraNumber":235,"HizbNumber":59,"HizbDecimal":0.5,"HasSajda":false},{"SurahNumber":83,"SurahIndex":"083","VerseNumber":23,"ShowSurahName":false,"ShowBismillah":false,"Words":[{"Position":1,"AudioFileName":"083_023_001.mp3","TajweedImageFilePath":"83/23/1.png","Text":"عَلَى","Translation":"On","Transliteration":"ʿalā","Root":"ع ل ى"},{"Position":2,"AudioFileName":"083_023_002.mp3","TajweedImageFilePath":"83/23/2.png","Text":"ٱلْأَرَآئِكِ","Translation":"thrones","Transliteration":"l-arāiki","Root":"أ ر ك"},{"Position":3,"AudioFileName":"083_023_003.mp3","TajweedImageFilePath":"83/23/3.png","Text":"يَنظُرُونَ","Translation":"observing","Transliteration":"yanẓurūna","Root":"ن ظ ر"},{"Position":4,"AudioFileName":null,"TajweedImageFilePath":"23.png","Text":"٢٣","Translation":"(23)","Transliteration":null,"Root":null}],"PageNumber":588,"JuzNumber":30,"ManzilNumber":7,"RukuNumber":525,"MaqraNumber":235,"HizbNumber":59,"HizbDecimal":0.5,"HasSajda":false},{"SurahNumber":83,"SurahIndex":"083","VerseNumber":24,"ShowSurahName":false,"ShowBismillah":false,"Words":[{"Position":1,"AudioFileName":"083_024_001.mp3","TajweedImageFilePath":"83/24/1.png","Text":"تَعْرِفُ","Translation":"You will recognize","Transliteration":"taʿrifu","Root":"ع ر ف"},{"Position":2,"AudioFileName":"083_024_002.mp3","TajweedImageFilePath":"83/24/2.png","Text":"فِى","Translation":"in","Transliteration":"fī","Root":"ف ى"},{"Position":3,"AudioFileName":"083_024_003.mp3","TajweedImageFilePath":"83/24/3.png","Text":"وُجُوهِهِمْ","Translation":"their faces","Transliteration":"wujūhihim","Root":"و ج ه"},{"Position":4,"AudioFileName":"083_024_004.mp3","TajweedImageFilePath":"83/24/4.png","Text":"نَضْرَةَ","Translation":"(the) radiance","Transliteration":"naḍrata","Root":"ن ض ر"},{"Position":5,"AudioFileName":"083_024_005.mp3","TajweedImageFilePath":"83/24/5.png","Text":"ٱلنَّعِيمِ","Translation":"(of) bliss","Transliteration":"l-naʿīmi","Root":"ن ع م"},{"Position":6,"AudioFileName":null,"TajweedImageFilePath":"24.png","Text":"٢٤","Translation":"(24)","Transliteration":null,"Root":null}],"PageNumber":588,"JuzNumber":30,"ManzilNumber":7,"RukuNumber":525,"MaqraNumber":235,"HizbNumber":59,"HizbDecimal":0.5,"HasSajda":false},{"SurahNumber":83,"SurahIndex":"083","VerseNumber":25,"ShowSurahName":false,"ShowBismillah":false,"Words":[{"Position":1,"AudioFileName":"083_025_001.mp3","TajweedImageFilePath":"83/25/1.png","Text":"يُسْقَوْنَ","Translation":"They will be given to drink","Transliteration":"yus'qawna","Root":"س ق ي"},{"Position":2,"AudioFileName":"083_025_002.mp3","TajweedImageFilePath":"83/25/2.png","Text":"مِن","Translation":"of","Transliteration":"min","Root":"م ن"},{"Position":3,"AudioFileName":"083_025_003.mp3","TajweedImageFilePath":"83/25/3.png","Text":"رَّحِيقٍۢ","Translation":"a pure wine","Transliteration":"raḥīqin","Root":"ر ح ق"},{"Position":4,"AudioFileName":"083_025_004.mp3","TajweedImageFilePath":"83/25/4.png","Text":"مَّخْتُومٍ","Translation":"sealed","Transliteration":"makhtūmin","Root":"خ ت م"},{"Position":5,"AudioFileName":null,"TajweedImageFilePath":"25.png","Text":"٢٥","Translation":"(25)","Transliteration":null,"Root":null}],"PageNumber":588,"JuzNumber":30,"ManzilNumber":7,"RukuNumber":525,"MaqraNumber":235,"HizbNumber":59,"HizbDecimal":0.5,"HasSajda":false},{"SurahNumber":83,"SurahIndex":"083","VerseNumber":26,"ShowSurahName":false,"ShowBismillah":false,"Words":[{"Position":1,"AudioFileName":"083_026_001.mp3","TajweedImageFilePath":"83/26/1.png","Text":"خِتَـٰمُهُۥ","Translation":"Its seal","Transliteration":"khitāmuhu","Root":"خ ت م"},{"Position":2,"AudioFileName":"083_026_002.mp3","TajweedImageFilePath":"83/26/2.png","Text":"مِسْكٌۭ ۚ","Translation":"(will be of) musk","Transliteration":"mis'kun","Root":"م س ك"},{"Position":3,"AudioFileName":"083_026_003.mp3","TajweedImageFilePath":"83/26/3.png","Text":"وَفِى","Translation":"And for","Transliteration":"wafī","Root":"ف ى"},{"Position":4,"AudioFileName":"083_026_004.mp3","TajweedImageFilePath":"83/26/4.png","Text":"ذَٰلِكَ","Translation":"that","Transliteration":"dhālika","Root":"ذ ل ك"},{"Position":5,"AudioFileName":"083_026_005.mp3","TajweedImageFilePath":"83/26/5.png","Text":"فَلْيَتَنَافَسِ","Translation":"let aspire","Transliteration":"falyatanāfasi","Root":"ن ف س"},{"Position":6,"AudioFileName":"083_026_006.mp3","TajweedImageFilePath":"83/26/6.png","Text":"ٱلْمُتَنَـٰفِسُونَ","Translation":"the aspirers","Transliteration":"l-mutanāfisūna","Root":"ن ف س"},{"Position":7,"AudioFileName":null,"TajweedImageFilePath":"26.png","Text":"٢٦","Translation":"(26)","Transliteration":null,"Root":null}],"PageNumber":588,"JuzNumber":30,"ManzilNumber":7,"RukuNumber":525,"MaqraNumber":235,"HizbNumber":59,"HizbDecimal":0.5,"HasSajda":false},{"SurahNumber":83,"SurahIndex":"083","VerseNumber":27,"ShowSurahName":false,"ShowBismillah":false,"Words":[{"Position":1,"AudioFileName":"083_027_001.mp3","TajweedImageFilePath":"83/27/1.png","Text":"وَمِزَاجُهُۥ","Translation":"And its mixture","Transliteration":"wamizājuhu","Root":"م ز ج"},{"Position":2,"AudioFileName":"083_027_002.mp3","TajweedImageFilePath":"83/27/2.png","Text":"مِن","Translation":"(is) of","Transliteration":"min","Root":"م ن"},{"Position":3,"AudioFileName":"083_027_003.mp3","TajweedImageFilePath":"83/27/3.png","Text":"تَسْنِيمٍ","Translation":"Tasneem","Transliteration":"tasnīmin","Root":"س ن م"},{"Position":4,"AudioFileName":null,"TajweedImageFilePath":"27.png","Text":"٢٧","Translation":"(27)","Transliteration":null,"Root":null}],"PageNumber":588,"JuzNumber":30,"ManzilNumber":7,"RukuNumber":525,"MaqraNumber":235,"HizbNumber":59,"HizbDecimal":0.5,"HasSajda":false},{"SurahNumber":83,"SurahIndex":"083","VerseNumber":28,"ShowSurahName":false,"ShowBismillah":false,"Words":[{"Position":1,"AudioFileName":"083_028_001.mp3","TajweedImageFilePath":"83/28/1.png","Text":"عَيْنًۭا","Translation":"A spring","Transliteration":"ʿaynan","Root":"ع ي ن"},{"Position":2,"AudioFileName":"083_028_002.mp3","TajweedImageFilePath":"83/28/2.png","Text":"يَشْرَبُ","Translation":"will drink","Transliteration":"yashrabu","Root":"ش ر ب"},{"Position":3,"AudioFileName":"083_028_003.mp3","TajweedImageFilePath":"83/28/3.png","Text":"بِهَا","Translation":"from it","Transliteration":"bihā","Root":"ب"},{"Position":4,"AudioFileName":"083_028_004.mp3","TajweedImageFilePath":"83/28/4.png","Text":"ٱلْمُقَرَّبُونَ","Translation":"those brought near","Transliteration":"l-muqarabūna","Root":"ق ر ب"},{"Position":5,"AudioFileName":null,"TajweedImageFilePath":"28.png","Text":"٢٨","Translation":"(28)","Transliteration":null,"Root":null}],"PageNumber":588,"JuzNumber":30,"ManzilNumber":7,"RukuNumber":525,"MaqraNumber":235,"HizbNumber":59,"HizbDecimal":0.5,"HasSajda":false},{"SurahNumber":83,"SurahIndex":"083","VerseNumber":29,"ShowSurahName":false,"ShowBismillah":false,"Words":[{"Position":1,"AudioFileName":"083_029_001.mp3","TajweedImageFilePath":"83/29/1.png","Text":"إِنَّ","Translation":"Indeed","Transliteration":"inna","Root":"ا ن ن"},{"Position":2,"AudioFileName":"083_029_002.mp3","TajweedImageFilePath":"83/29/2.png","Text":"ٱلَّذِينَ","Translation":"those who","Transliteration":"alladhīna","Root":"ٱلَّذِى"},{"Position":3,"AudioFileName":"083_029_003.mp3","TajweedImageFilePath":"83/29/3.png","Text":"أَجْرَمُوا۟","Translation":"committed crimes","Transliteration":"ajramū","Root":"ج ر م"},{"Position":4,"AudioFileName":"083_029_004.mp3","TajweedImageFilePath":"83/29/4.png","Text":"كَانُوا۟","Translation":"used to","Transliteration":"kānū","Root":"ك و ن"},{"Position":5,"AudioFileName":"083_029_005.mp3","TajweedImageFilePath":"83/29/5.png","Text":"مِنَ","Translation":"at","Transliteration":"mina","Root":"م ن"},{"Position":6,"AudioFileName":"083_029_006.mp3","TajweedImageFilePath":"83/29/6.png","Text":"ٱلَّذِينَ","Translation":"those who","Transliteration":"alladhīna","Root":"ٱلَّذِى"},{"Position":7,"AudioFileName":"083_029_007.mp3","TajweedImageFilePath":"83/29/7.png","Text":"ءَامَنُوا۟","Translation":"believed","Transliteration":"āmanū","Root":"أ م ن"},{"Position":8,"AudioFileName":"083_029_008.mp3","TajweedImageFilePath":"83/29/8.png","Text":"يَضْحَكُونَ","Translation":"laugh","Transliteration":"yaḍḥakūna","Root":"ض ح ك"},{"Position":9,"AudioFileName":null,"TajweedImageFilePath":"29.png","Text":"٢٩","Translation":"(29)","Transliteration":null,"Root":null}],"PageNumber":588,"JuzNumber":30,"ManzilNumber":7,"RukuNumber":525,"MaqraNumber":235,"HizbNumber":59,"HizbDecimal":0.5,"HasSajda":false},{"SurahNumber":83,"SurahIndex":"083","VerseNumber":30,"ShowSurahName":false,"ShowBismillah":false,"Words":[{"Position":1,"AudioFileName":"083_030_001.mp3","TajweedImageFilePath":"83/30/1.png","Text":"وَإِذَا","Translation":"And when","Transliteration":"wa-idhā","Root":"إِذَا"},{"Position":2,"AudioFileName":"083_030_002.mp3","TajweedImageFilePath":"83/30/2.png","Text":"مَرُّوا۟","Translation":"they passed","Transliteration":"marrū","Root":"م ر ر"},{"Position":3,"AudioFileName":"083_030_003.mp3","TajweedImageFilePath":"83/30/3.png","Text":"بِهِمْ","Translation":"by them","Transliteration":"bihim","Root":"ب"},{"Position":4,"AudioFileName":"083_030_004.mp3","TajweedImageFilePath":"83/30/4.png","Text":"يَتَغَامَزُونَ","Translation":"they winked at one another","Transliteration":"yataghāmazūna","Root":"غ م ز"},{"Position":5,"AudioFileName":null,"TajweedImageFilePath":"30.png","Text":"٣٠","Translation":"(30)","Transliteration":null,"Root":null}],"PageNumber":588,"JuzNumber":30,"ManzilNumber":7,"RukuNumber":525,"MaqraNumber":235,"HizbNumber":59,"HizbDecimal":0.5,"HasSajda":false},{"SurahNumber":83,"SurahIndex":"083","VerseNumber":31,"ShowSurahName":false,"ShowBismillah":false,"Words":[{"Position":1,"AudioFileName":"083_031_001.mp3","TajweedImageFilePath":"83/31/1.png","Text":"وَإِذَا","Translation":"And when","Transliteration":"wa-idhā","Root":"إِذَا"},{"Position":2,"AudioFileName":"083_031_002.mp3","TajweedImageFilePath":"83/31/2.png","Text":"ٱنقَلَبُوٓا۟","Translation":"they returned","Transliteration":"inqalabū","Root":"ق ل ب"},{"Position":3,"AudioFileName":"083_031_003.mp3","TajweedImageFilePath":"83/31/3.png","Text":"إِلَىٰٓ","Translation":"to","Transliteration":"ilā","Root":"إِلَىٰ"},{"Position":4,"AudioFileName":"083_031_004.mp3","TajweedImageFilePath":"83/31/4.png","Text":"أَهْلِهِمُ","Translation":"their people","Transliteration":"ahlihimu","Root":"أ ه ل"},{"Position":5,"AudioFileName":"083_031_005.mp3","TajweedImageFilePath":"83/31/5.png","Text":"ٱنقَلَبُوا۟","Translation":"they would return","Transliteration":"inqalabū","Root":"ق ل ب"},{"Position":6,"AudioFileName":"083_031_006.mp3","TajweedImageFilePath":"83/31/6.png","Text":"فَكِهِينَ","Translation":"jesting","Transliteration":"fakihīna","Root":"ف ك ه"},{"Position":7,"AudioFileName":null,"TajweedImageFilePath":"31.png","Text":"٣١","Translation":"(31)","Transliteration":null,"Root":null}],"PageNumber":588,"JuzNumber":30,"ManzilNumber":7,"RukuNumber":525,"MaqraNumber":235,"HizbNumber":59,"HizbDecimal":0.5,"HasSajda":false},{"SurahNumber":83,"SurahIndex":"083","VerseNumber":32,"ShowSurahName":false,"ShowBismillah":false,"Words":[{"Position":1,"AudioFileName":"083_032_001.mp3","TajweedImageFilePath":"83/32/1.png","Text":"وَإِذَا","Translation":"And when","Transliteration":"wa-idhā","Root":"إِذَا"},{"Position":2,"AudioFileName":"083_032_002.mp3","TajweedImageFilePath":"83/32/2.png","Text":"رَأَوْهُمْ","Translation":"they saw them","Transliteration":"ra-awhum","Root":"ر أ ي"},{"Position":3,"AudioFileName":"083_032_003.mp3","TajweedImageFilePath":"83/32/3.png","Text":"قَالُوٓا۟","Translation":"they said","Transliteration":"qālū","Root":"ق و ل"},{"Position":4,"AudioFileName":"083_032_004.mp3","TajweedImageFilePath":"83/32/4.png","Text":"إِنَّ","Translation":"Indeed","Transliteration":"inna","Root":"ا ن ن"},{"Position":5,"AudioFileName":"083_032_005.mp3","TajweedImageFilePath":"83/32/5.png","Text":"هَـٰٓؤُلَآءِ","Translation":"these","Transliteration":"hāulāi","Root":"ا و ل ا ء"},{"Position":6,"AudioFileName":"083_032_006.mp3","TajweedImageFilePath":"83/32/6.png","Text":"لَضَآلُّونَ","Translation":"surely have gone astray","Transliteration":"laḍāllūna","Root":"ض ل ل"},{"Position":7,"AudioFileName":null,"TajweedImageFilePath":"32.png","Text":"٣٢","Translation":"(32)","Transliteration":null,"Root":null}],"PageNumber":588,"JuzNumber":30,"ManzilNumber":7,"RukuNumber":525,"MaqraNumber":235,"HizbNumber":59,"HizbDecimal":0.5,"HasSajda":false},{"SurahNumber":83,"SurahIndex":"083","VerseNumber":33,"ShowSurahName":false,"ShowBismillah":false,"Words":[{"Position":1,"AudioFileName":"083_033_001.mp3","TajweedImageFilePath":"83/33/1.png","Text":"وَمَآ","Translation":"But not","Transliteration":"wamā","Root":"م ا"},{"Position":2,"AudioFileName":"083_033_002.mp3","TajweedImageFilePath":"83/33/2.png","Text":"أُرْسِلُوا۟","Translation":"they had been sent","Transliteration":"ur'silū","Root":"ر س ل"},{"Position":3,"AudioFileName":"083_033_003.mp3","TajweedImageFilePath":"83/33/3.png","Text":"عَلَيْهِمْ","Translation":"over them","Transliteration":"ʿalayhim","Root":"ع ل ى"},{"Position":4,"AudioFileName":"083_033_004.mp3","TajweedImageFilePath":"83/33/4.png","Text":"حَـٰفِظِينَ","Translation":"(as) guardians","Transliteration":"ḥāfiẓīna","Root":"ح ف ظ"},{"Position":5,"AudioFileName":null,"TajweedImageFilePath":"33.png","Text":"٣٣","Translation":"(33)","Transliteration":null,"Root":null}],"PageNumber":588,"JuzNumber":30,"ManzilNumber":7,"RukuNumber":525,"MaqraNumber":235,"HizbNumber":59,"HizbDecimal":0.5,"HasSajda":false},{"SurahNumber":83,"SurahIndex":"083","VerseNumber":34,"ShowSurahName":false,"ShowBismillah":false,"Words":[{"Position":1,"AudioFileName":"083_034_001.mp3","TajweedImageFilePath":"83/34/1.png","Text":"فَٱلْيَوْمَ","Translation":"So today","Transliteration":"fal-yawma","Root":"ي و م"},{"Position":2,"AudioFileName":"083_034_002.mp3","TajweedImageFilePath":"83/34/2.png","Text":"ٱلَّذِينَ","Translation":"those who","Transliteration":"alladhīna","Root":"ٱلَّذِى"},{"Position":3,"AudioFileName":"083_034_003.mp3","TajweedImageFilePath":"83/34/3.png","Text":"ءَامَنُوا۟","Translation":"believed ","Transliteration":"āmanū","Root":"أ م ن"},{"Position":4,"AudioFileName":"083_034_004.mp3","TajweedImageFilePath":"83/34/4.png","Text":"مِنَ","Translation":"at","Transliteration":"mina","Root":"م ن"},{"Position":5,"AudioFileName":"083_034_005.mp3","TajweedImageFilePath":"83/34/5.png","Text":"ٱلْكُفَّارِ","Translation":"the disbelievers","Transliteration":"l-kufāri","Root":"ك ف ر"},{"Position":6,"AudioFileName":"083_034_006.mp3","TajweedImageFilePath":"83/34/6.png","Text":"يَضْحَكُونَ","Translation":"they will laugh","Transliteration":"yaḍḥakūna","Root":"ض ح ك"},{"Position":7,"AudioFileName":null,"TajweedImageFilePath":"34.png","Text":"٣٤","Translation":"(34)","Transliteration":null,"Root":null}],"PageNumber":588,"JuzNumber":30,"ManzilNumber":7,"RukuNumber":525,"MaqraNumber":235,"HizbNumber":59,"HizbDecimal":0.5,"HasSajda":false},{"SurahNumber":83,"SurahIndex":"083","VerseNumber":35,"ShowSurahName":false,"ShowBismillah":false,"Words":[{"Position":1,"AudioFileName":"083_035_001.mp3","TajweedImageFilePath":"83/35/1.png","Text":"عَلَى","Translation":"On","Transliteration":"ʿalā","Root":"ع ل ى"},{"Position":2,"AudioFileName":"083_035_002.mp3","TajweedImageFilePath":"83/35/2.png","Text":"ٱلْأَرَآئِكِ","Translation":"the thrones","Transliteration":"l-arāiki","Root":"أ ر ك"},{"Position":3,"AudioFileName":"083_035_003.mp3","TajweedImageFilePath":"83/35/3.png","Text":"يَنظُرُونَ","Translation":"observing","Transliteration":"yanẓurūna","Root":"ن ظ ر"},{"Position":4,"AudioFileName":null,"TajweedImageFilePath":"35.png","Text":"٣٥","Translation":"(35)","Transliteration":null,"Root":null}],"PageNumber":589,"JuzNumber":30,"ManzilNumber":7,"RukuNumber":525,"MaqraNumber":235,"HizbNumber":59,"HizbDecimal":0.5,"HasSajda":false},{"SurahNumber":83,"SurahIndex":"083","VerseNumber":36,"ShowSurahName":false,"ShowBismillah":false,"Words":[{"Position":1,"AudioFileName":"083_036_001.mp3","TajweedImageFilePath":"83/36/1.png","Text":"هَلْ","Translation":"Have (not)","Transliteration":"hal","Root":"ه ل"},{"Position":2,"AudioFileName":"083_036_002.mp3","TajweedImageFilePath":"83/36/2.png","Text":"ثُوِّبَ","Translation":"been rewarded","Transliteration":"thuwwiba","Root":"ث و ب"},{"Position":3,"AudioFileName":"083_036_003.mp3","TajweedImageFilePath":"83/36/3.png","Text":"ٱلْكُفَّارُ","Translation":"the disbelievers","Transliteration":"l-kufāru","Root":"ك ف ر"},{"Position":4,"AudioFileName":"083_036_004.mp3","TajweedImageFilePath":"83/36/4.png","Text":"مَا","Translation":"(for) what","Transliteration":"mā","Root":"م ا"},{"Position":5,"AudioFileName":"083_036_005.mp3","TajweedImageFilePath":"83/36/5.png","Text":"كَانُوا۟","Translation":"they used to","Transliteration":"kānū","Root":"ك و ن"},{"Position":6,"AudioFileName":"083_036_006.mp3","TajweedImageFilePath":"83/36/6.png","Text":"يَفْعَلُونَ","Translation":"do","Transliteration":"yafʿalūna","Root":"ف ع ل"},{"Position":7,"AudioFileName":null,"TajweedImageFilePath":"36.png","Text":"٣٦","Translation":"(36)","Transliteration":null,"Root":null}],"PageNumber":589,"JuzNumber":30,"ManzilNumber":7,"RukuNumber":525,"MaqraNumber":235,"HizbNumber":59,"HizbDecimal":0.5,"HasSajda":false}]}