{"MaqraNumber":102,"Verses":[{"SurahNumber":13,"SurahIndex":"013","VerseNumber":35,"ShowSurahName":false,"ShowBismillah":false,"Words":[{"Position":1,"AudioFileName":"013_035_001.mp3","TajweedImageFilePath":"13/35/1.png","Text":"۞ مَّثَلُ","Translation":"The example","Transliteration":"mathalu"},{"Position":2,"AudioFileName":"013_035_002.mp3","TajweedImageFilePath":"13/35/2.png","Text":"ٱلْجَنَّةِ","Translation":"of Paradise","Transliteration":"l-janati"},{"Position":3,"AudioFileName":"013_035_003.mp3","TajweedImageFilePath":"13/35/3.png","Text":"ٱلَّتِى","Translation":"which","Transliteration":"allatī"},{"Position":4,"AudioFileName":"013_035_004.mp3","TajweedImageFilePath":"13/35/4.png","Text":"وُعِدَ","Translation":"(is) promised","Transliteration":"wuʿida"},{"Position":5,"AudioFileName":"013_035_005.mp3","TajweedImageFilePath":"13/35/5.png","Text":"ٱلْمُتَّقُونَ ۖ","Translation":"(to) the righteous","Transliteration":"l-mutaqūna"},{"Position":6,"AudioFileName":"013_035_006.mp3","TajweedImageFilePath":"13/35/6.png","Text":"تَجْرِى","Translation":"flows","Transliteration":"tajrī"},{"Position":7,"AudioFileName":"013_035_007.mp3","TajweedImageFilePath":"13/35/7.png","Text":"مِن","Translation":"from","Transliteration":"min"},{"Position":8,"AudioFileName":"013_035_008.mp3","TajweedImageFilePath":"13/35/8.png","Text":"تَحْتِهَا","Translation":"underneath it","Transliteration":"taḥtihā"},{"Position":9,"AudioFileName":"013_035_009.mp3","TajweedImageFilePath":"13/35/9.png","Text":"ٱلْأَنْهَـٰرُ ۖ","Translation":"the rivers","Transliteration":"l-anhāru"},{"Position":10,"AudioFileName":"013_035_010.mp3","TajweedImageFilePath":"13/35/10.png","Text":"أُكُلُهَا","Translation":"Its food","Transliteration":"ukuluhā"},{"Position":11,"AudioFileName":"013_035_011.mp3","TajweedImageFilePath":"13/35/11.png","Text":"دَآئِمٌۭ","Translation":"(is) everlasting","Transliteration":"dāimun"},{"Position":12,"AudioFileName":"013_035_012.mp3","TajweedImageFilePath":"13/35/12.png","Text":"وَظِلُّهَا ۚ","Translation":"and its shade","Transliteration":"waẓilluhā"},{"Position":13,"AudioFileName":"013_035_013.mp3","TajweedImageFilePath":"13/35/13.png","Text":"تِلْكَ","Translation":"This","Transliteration":"til'ka"},{"Position":14,"AudioFileName":"013_035_014.mp3","TajweedImageFilePath":"13/35/14.png","Text":"عُقْبَى","Translation":"(is the) end","Transliteration":"ʿuq'bā"},{"Position":15,"AudioFileName":"013_035_015.mp3","TajweedImageFilePath":"13/35/15.png","Text":"ٱلَّذِينَ","Translation":"of those who","Transliteration":"alladhīna"},{"Position":16,"AudioFileName":"013_035_016.mp3","TajweedImageFilePath":"13/35/16.png","Text":"ٱتَّقَوا۟ ۖ","Translation":"(are) righteous","Transliteration":"ittaqaw"},{"Position":17,"AudioFileName":"013_035_017.mp3","TajweedImageFilePath":"13/35/17.png","Text":"وَّعُقْبَى","Translation":"and (the) end","Transliteration":"waʿuq'bā"},{"Position":18,"AudioFileName":"013_035_018.mp3","TajweedImageFilePath":"13/35/18.png","Text":"ٱلْكَـٰفِرِينَ","Translation":"(of) the disbelievers","Transliteration":"l-kāfirīna"},{"Position":19,"AudioFileName":"013_035_019.mp3","TajweedImageFilePath":"13/35/19.png","Text":"ٱلنَّارُ","Translation":"(is) the Fire","Transliteration":"l-nāru"},{"Position":20,"AudioFileName":null,"TajweedImageFilePath":"35.png","Text":"٣٥","Translation":"(35)","Transliteration":null}],"PageNumber":254,"JuzNumber":13,"ManzilNumber":3,"RukuNumber":209,"MaqraNumber":102,"HizbNumber":26,"HizbDecimal":0.25,"HasSajda":false},{"SurahNumber":13,"SurahIndex":"013","VerseNumber":36,"ShowSurahName":false,"ShowBismillah":false,"Words":[{"Position":1,"AudioFileName":"013_036_001.mp3","TajweedImageFilePath":"13/36/1.png","Text":"وَٱلَّذِينَ","Translation":"And those (to) whom","Transliteration":"wa-alladhīna"},{"Position":2,"AudioFileName":"013_036_002.mp3","TajweedImageFilePath":"13/36/2.png","Text":"ءَاتَيْنَـٰهُمُ","Translation":"We have given them","Transliteration":"ātaynāhumu"},{"Position":3,"AudioFileName":"013_036_003.mp3","TajweedImageFilePath":"13/36/3.png","Text":"ٱلْكِتَـٰبَ","Translation":"the Book","Transliteration":"l-kitāba"},{"Position":4,"AudioFileName":"013_036_004.mp3","TajweedImageFilePath":"13/36/4.png","Text":"يَفْرَحُونَ","Translation":"rejoice","Transliteration":"yafraḥūna"},{"Position":5,"AudioFileName":"013_036_005.mp3","TajweedImageFilePath":"13/36/5.png","Text":"بِمَآ","Translation":"at what","Transliteration":"bimā"},{"Position":6,"AudioFileName":"013_036_006.mp3","TajweedImageFilePath":"13/36/6.png","Text":"أُنزِلَ","Translation":"has been revealed","Transliteration":"unzila"},{"Position":7,"AudioFileName":"013_036_007.mp3","TajweedImageFilePath":"13/36/7.png","Text":"إِلَيْكَ ۖ","Translation":"to you","Transliteration":"ilayka"},{"Position":8,"AudioFileName":"013_036_008.mp3","TajweedImageFilePath":"13/36/8.png","Text":"وَمِنَ","Translation":"but among","Transliteration":"wamina"},{"Position":9,"AudioFileName":"013_036_009.mp3","TajweedImageFilePath":"13/36/9.png","Text":"ٱلْأَحْزَابِ","Translation":"the groups","Transliteration":"l-aḥzābi"},{"Position":10,"AudioFileName":"013_036_010.mp3","TajweedImageFilePath":"13/36/10.png","Text":"مَن","Translation":"(those) who","Transliteration":"man"},{"Position":11,"AudioFileName":"013_036_011.mp3","TajweedImageFilePath":"13/36/11.png","Text":"يُنكِرُ","Translation":"deny","Transliteration":"yunkiru"},{"Position":12,"AudioFileName":"013_036_012.mp3","TajweedImageFilePath":"13/36/12.png","Text":"بَعْضَهُۥ ۚ","Translation":"a part of it","Transliteration":"baʿḍahu"},{"Position":13,"AudioFileName":"013_036_013.mp3","TajweedImageFilePath":"13/36/13.png","Text":"قُلْ","Translation":"Say","Transliteration":"qul"},{"Position":14,"AudioFileName":"013_036_014.mp3","TajweedImageFilePath":"13/36/14.png","Text":"إِنَّمَآ","Translation":"Only","Transliteration":"innamā"},{"Position":15,"AudioFileName":"013_036_015.mp3","TajweedImageFilePath":"13/36/15.png","Text":"أُمِرْتُ","Translation":"I have been commanded","Transliteration":"umir'tu"},{"Position":16,"AudioFileName":"013_036_016.mp3","TajweedImageFilePath":"13/36/16.png","Text":"أَنْ","Translation":"that","Transliteration":"an"},{"Position":17,"AudioFileName":"013_036_017.mp3","TajweedImageFilePath":"13/36/17.png","Text":"أَعْبُدَ","Translation":"I worship","Transliteration":"aʿbuda"},{"Position":18,"AudioFileName":"013_036_018.mp3","TajweedImageFilePath":"13/36/18.png","Text":"ٱللَّهَ","Translation":"Allah","Transliteration":"l-laha"},{"Position":19,"AudioFileName":"013_036_019.mp3","TajweedImageFilePath":"13/36/19.png","Text":"وَلَآ","Translation":"and not","Transliteration":"walā"},{"Position":20,"AudioFileName":"013_036_020.mp3","TajweedImageFilePath":"13/36/20.png","Text":"أُشْرِكَ","Translation":"I associate partners","Transliteration":"ush'rika"},{"Position":21,"AudioFileName":"013_036_021.mp3","TajweedImageFilePath":"13/36/21.png","Text":"بِهِۦٓ ۚ","Translation":"with Him","Transliteration":"bihi"},{"Position":22,"AudioFileName":"013_036_022.mp3","TajweedImageFilePath":"13/36/22.png","Text":"إِلَيْهِ","Translation":"To Him","Transliteration":"ilayhi"},{"Position":23,"AudioFileName":"013_036_023.mp3","TajweedImageFilePath":"13/36/23.png","Text":"أَدْعُوا۟","Translation":"I call","Transliteration":"adʿū"},{"Position":24,"AudioFileName":"013_036_024.mp3","TajweedImageFilePath":"13/36/24.png","Text":"وَإِلَيْهِ","Translation":"and to Him","Transliteration":"wa-ilayhi"},{"Position":25,"AudioFileName":"013_036_025.mp3","TajweedImageFilePath":"13/36/25.png","Text":"مَـَٔابِ","Translation":"(is) my return","Transliteration":"maābi"},{"Position":26,"AudioFileName":null,"TajweedImageFilePath":"36.png","Text":"٣٦","Translation":"(36)","Transliteration":null}],"PageNumber":254,"JuzNumber":13,"ManzilNumber":3,"RukuNumber":209,"MaqraNumber":102,"HizbNumber":26,"HizbDecimal":0.25,"HasSajda":false},{"SurahNumber":13,"SurahIndex":"013","VerseNumber":37,"ShowSurahName":false,"ShowBismillah":false,"Words":[{"Position":1,"AudioFileName":"013_037_001.mp3","TajweedImageFilePath":"13/37/1.png","Text":"وَكَذَٰلِكَ","Translation":"And thus","Transliteration":"wakadhālika"},{"Position":2,"AudioFileName":"013_037_002.mp3","TajweedImageFilePath":"13/37/2.png","Text":"أَنزَلْنَـٰهُ","Translation":"We have revealed it","Transliteration":"anzalnāhu"},{"Position":3,"AudioFileName":"013_037_003.mp3","TajweedImageFilePath":"13/37/3.png","Text":"حُكْمًا","Translation":"(to be) a judgment of authority","Transliteration":"ḥuk'man"},{"Position":4,"AudioFileName":"013_037_004.mp3","TajweedImageFilePath":"13/37/4.png","Text":"عَرَبِيًّۭا ۚ","Translation":"(in) Arabic","Transliteration":"ʿarabiyyan"},{"Position":5,"AudioFileName":"013_037_005.mp3","TajweedImageFilePath":"13/37/5.png","Text":"وَلَئِنِ","Translation":"And if","Transliteration":"wala-ini"},{"Position":6,"AudioFileName":"013_037_006.mp3","TajweedImageFilePath":"13/37/6.png","Text":"ٱتَّبَعْتَ","Translation":"you follow","Transliteration":"ittabaʿta"},{"Position":7,"AudioFileName":"013_037_007.mp3","TajweedImageFilePath":"13/37/7.png","Text":"أَهْوَآءَهُم","Translation":"their desires","Transliteration":"ahwāahum"},{"Position":8,"AudioFileName":"013_037_008.mp3","TajweedImageFilePath":"13/37/8.png","Text":"بَعْدَ مَا","Translation":"after what","Transliteration":"baʿdamā"},{"Position":9,"AudioFileName":"013_037_009.mp3","TajweedImageFilePath":"13/37/9.png","Text":"جَآءَكَ","Translation":"came to you","Transliteration":"jāaka"},{"Position":10,"AudioFileName":"013_037_010.mp3","TajweedImageFilePath":"13/37/10.png","Text":"مِنَ","Translation":"of","Transliteration":"mina"},{"Position":11,"AudioFileName":"013_037_011.mp3","TajweedImageFilePath":"13/37/11.png","Text":"ٱلْعِلْمِ","Translation":"the knowledge","Transliteration":"l-ʿil'mi"},{"Position":12,"AudioFileName":"013_037_012.mp3","TajweedImageFilePath":"13/37/12.png","Text":"مَا","Translation":"not","Transliteration":"mā"},{"Position":13,"AudioFileName":"013_037_013.mp3","TajweedImageFilePath":"13/37/13.png","Text":"لَكَ","Translation":"for you","Transliteration":"laka"},{"Position":14,"AudioFileName":"013_037_014.mp3","TajweedImageFilePath":"13/37/14.png","Text":"مِنَ","Translation":"against","Transliteration":"mina"},{"Position":15,"AudioFileName":"013_037_015.mp3","TajweedImageFilePath":"13/37/15.png","Text":"ٱللَّهِ","Translation":"Allah","Transliteration":"l-lahi"},{"Position":16,"AudioFileName":"013_037_016.mp3","TajweedImageFilePath":"13/37/16.png","Text":"مِن","Translation":"any","Transliteration":"min"},{"Position":17,"AudioFileName":"013_037_017.mp3","TajweedImageFilePath":"13/37/17.png","Text":"وَلِىٍّۢ","Translation":"protector","Transliteration":"waliyyin"},{"Position":18,"AudioFileName":"013_037_018.mp3","TajweedImageFilePath":"13/37/18.png","Text":"وَلَا","Translation":"and not","Transliteration":"walā"},{"Position":19,"AudioFileName":"013_037_019.mp3","TajweedImageFilePath":"13/37/19.png","Text":"وَاقٍۢ","Translation":"defender","Transliteration":"wāqin"},{"Position":20,"AudioFileName":null,"TajweedImageFilePath":"37.png","Text":"٣٧","Translation":"(37)","Transliteration":null}],"PageNumber":254,"JuzNumber":13,"ManzilNumber":3,"RukuNumber":209,"MaqraNumber":102,"HizbNumber":26,"HizbDecimal":0.25,"HasSajda":false},{"SurahNumber":13,"SurahIndex":"013","VerseNumber":38,"ShowSurahName":false,"ShowBismillah":false,"Words":[{"Position":1,"AudioFileName":"013_038_001.mp3","TajweedImageFilePath":"13/38/1.png","Text":"وَلَقَدْ","Translation":"And certainly","Transliteration":"walaqad"},{"Position":2,"AudioFileName":"013_038_002.mp3","TajweedImageFilePath":"13/38/2.png","Text":"أَرْسَلْنَا","Translation":"We sent","Transliteration":"arsalnā"},{"Position":3,"AudioFileName":"013_038_003.mp3","TajweedImageFilePath":"13/38/3.png","Text":"رُسُلًۭا","Translation":"Messengers","Transliteration":"rusulan"},{"Position":4,"AudioFileName":"013_038_004.mp3","TajweedImageFilePath":"13/38/4.png","Text":"مِّن","Translation":"from","Transliteration":"min"},{"Position":5,"AudioFileName":"013_038_005.mp3","TajweedImageFilePath":"13/38/5.png","Text":"قَبْلِكَ","Translation":"before you","Transliteration":"qablika"},{"Position":6,"AudioFileName":"013_038_006.mp3","TajweedImageFilePath":"13/38/6.png","Text":"وَجَعَلْنَا","Translation":"and We made","Transliteration":"wajaʿalnā"},{"Position":7,"AudioFileName":"013_038_007.mp3","TajweedImageFilePath":"13/38/7.png","Text":"لَهُمْ","Translation":"for them","Transliteration":"lahum"},{"Position":8,"AudioFileName":"013_038_008.mp3","TajweedImageFilePath":"13/38/8.png","Text":"أَزْوَٰجًۭا","Translation":"wives","Transliteration":"azwājan"},{"Position":9,"AudioFileName":"013_038_009.mp3","TajweedImageFilePath":"13/38/9.png","Text":"وَذُرِّيَّةًۭ ۚ","Translation":"and offspring","Transliteration":"wadhurriyyatan"},{"Position":10,"AudioFileName":"013_038_010.mp3","TajweedImageFilePath":"13/38/10.png","Text":"وَمَا","Translation":"And not","Transliteration":"wamā"},{"Position":11,"AudioFileName":"013_038_011.mp3","TajweedImageFilePath":"13/38/11.png","Text":"كَانَ","Translation":"was","Transliteration":"kāna"},{"Position":12,"AudioFileName":"013_038_012.mp3","TajweedImageFilePath":"13/38/12.png","Text":"لِرَسُولٍ","Translation":"for a Messenger","Transliteration":"lirasūlin"},{"Position":13,"AudioFileName":"013_038_013.mp3","TajweedImageFilePath":"13/38/13.png","Text":"أَن","Translation":"that","Transliteration":"an"},{"Position":14,"AudioFileName":"013_038_014.mp3","TajweedImageFilePath":"13/38/14.png","Text":"يَأْتِىَ","Translation":"he comes","Transliteration":"yatiya"},{"Position":15,"AudioFileName":"013_038_015.mp3","TajweedImageFilePath":"13/38/15.png","Text":"بِـَٔايَةٍ","Translation":"with a sign","Transliteration":"biāyatin"},{"Position":16,"AudioFileName":"013_038_016.mp3","TajweedImageFilePath":"13/38/16.png","Text":"إِلَّا","Translation":"except","Transliteration":"illā"},{"Position":17,"AudioFileName":"013_038_017.mp3","TajweedImageFilePath":"13/38/17.png","Text":"بِإِذْنِ","Translation":"by the leave","Transliteration":"bi-idh'ni"},{"Position":18,"AudioFileName":"013_038_018.mp3","TajweedImageFilePath":"13/38/18.png","Text":"ٱللَّهِ ۗ","Translation":"(of) Allah","Transliteration":"l-lahi"},{"Position":19,"AudioFileName":"013_038_019.mp3","TajweedImageFilePath":"13/38/19.png","Text":"لِكُلِّ","Translation":"For everything","Transliteration":"likulli"},{"Position":20,"AudioFileName":"013_038_020.mp3","TajweedImageFilePath":"13/38/20.png","Text":"أَجَلٍۢ","Translation":"(is) a time","Transliteration":"ajalin"},{"Position":21,"AudioFileName":"013_038_021.mp3","TajweedImageFilePath":"13/38/21.png","Text":"كِتَابٌۭ","Translation":"prescribed","Transliteration":"kitābun"},{"Position":22,"AudioFileName":null,"TajweedImageFilePath":"38.png","Text":"٣٨","Translation":"(38)","Transliteration":null}],"PageNumber":254,"JuzNumber":13,"ManzilNumber":3,"RukuNumber":210,"MaqraNumber":102,"HizbNumber":26,"HizbDecimal":0.25,"HasSajda":false},{"SurahNumber":13,"SurahIndex":"013","VerseNumber":39,"ShowSurahName":false,"ShowBismillah":false,"Words":[{"Position":1,"AudioFileName":"013_039_001.mp3","TajweedImageFilePath":"13/39/1.png","Text":"يَمْحُوا۟","Translation":"(Is) eliminated","Transliteration":"yamḥū"},{"Position":2,"AudioFileName":"013_039_002.mp3","TajweedImageFilePath":"13/39/2.png","Text":"ٱللَّهُ","Translation":"(by) Allah","Transliteration":"l-lahu"},{"Position":3,"AudioFileName":"013_039_003.mp3","TajweedImageFilePath":"13/39/3.png","Text":"مَا","Translation":"what","Transliteration":"mā"},{"Position":4,"AudioFileName":"013_039_004.mp3","TajweedImageFilePath":"13/39/4.png","Text":"يَشَآءُ","Translation":"He wills","Transliteration":"yashāu"},{"Position":5,"AudioFileName":"013_039_005.mp3","TajweedImageFilePath":"13/39/5.png","Text":"وَيُثْبِتُ ۖ","Translation":"and confirms","Transliteration":"wayuth'bitu"},{"Position":6,"AudioFileName":"013_039_006.mp3","TajweedImageFilePath":"13/39/6.png","Text":"وَعِندَهُۥٓ","Translation":"and with Him","Transliteration":"waʿindahu"},{"Position":7,"AudioFileName":"013_039_007.mp3","TajweedImageFilePath":"13/39/7.png","Text":"أُمُّ","Translation":"(is) the Mother (of) the Book","Transliteration":"ummu"},{"Position":8,"AudioFileName":"013_039_008.mp3","TajweedImageFilePath":"13/39/8.png","Text":"ٱلْكِتَـٰبِ","Translation":"(is) the Mother (of) the Book","Transliteration":"l-kitābi"},{"Position":9,"AudioFileName":null,"TajweedImageFilePath":"39.png","Text":"٣٩","Translation":"(39)","Transliteration":null}],"PageNumber":254,"JuzNumber":13,"ManzilNumber":3,"RukuNumber":210,"MaqraNumber":102,"HizbNumber":26,"HizbDecimal":0.25,"HasSajda":false},{"SurahNumber":13,"SurahIndex":"013","VerseNumber":40,"ShowSurahName":false,"ShowBismillah":false,"Words":[{"Position":1,"AudioFileName":"013_040_001.mp3","TajweedImageFilePath":"13/40/1.png","Text":"وَإِن","Translation":"And whether","Transliteration":"wa-in"},{"Position":2,"AudioFileName":"013_040_002.mp3","TajweedImageFilePath":"13/40/2.png","Text":"مَّا","Translation":"(what)","Transliteration":"mā"},{"Position":3,"AudioFileName":"013_040_003.mp3","TajweedImageFilePath":"13/40/3.png","Text":"نُرِيَنَّكَ","Translation":"We show you","Transliteration":"nuriyannaka"},{"Position":4,"AudioFileName":"013_040_004.mp3","TajweedImageFilePath":"13/40/4.png","Text":"بَعْضَ","Translation":"a part","Transliteration":"baʿḍa"},{"Position":5,"AudioFileName":"013_040_005.mp3","TajweedImageFilePath":"13/40/5.png","Text":"ٱلَّذِى","Translation":"(of) what","Transliteration":"alladhī"},{"Position":6,"AudioFileName":"013_040_006.mp3","TajweedImageFilePath":"13/40/6.png","Text":"نَعِدُهُمْ","Translation":"We have promised them","Transliteration":"naʿiduhum"},{"Position":7,"AudioFileName":"013_040_007.mp3","TajweedImageFilePath":"13/40/7.png","Text":"أَوْ","Translation":"or","Transliteration":"aw"},{"Position":8,"AudioFileName":"013_040_008.mp3","TajweedImageFilePath":"13/40/8.png","Text":"نَتَوَفَّيَنَّكَ","Translation":"We cause you to die","Transliteration":"natawaffayannaka"},{"Position":9,"AudioFileName":"013_040_009.mp3","TajweedImageFilePath":"13/40/9.png","Text":"فَإِنَّمَا","Translation":"so only","Transliteration":"fa-innamā"},{"Position":10,"AudioFileName":"013_040_010.mp3","TajweedImageFilePath":"13/40/10.png","Text":"عَلَيْكَ","Translation":"on you","Transliteration":"ʿalayka"},{"Position":11,"AudioFileName":"013_040_011.mp3","TajweedImageFilePath":"13/40/11.png","Text":"ٱلْبَلَـٰغُ","Translation":"(is) the conveyance","Transliteration":"l-balāghu"},{"Position":12,"AudioFileName":"013_040_012.mp3","TajweedImageFilePath":"13/40/12.png","Text":"وَعَلَيْنَا","Translation":"and on Us","Transliteration":"waʿalaynā"},{"Position":13,"AudioFileName":"013_040_013.mp3","TajweedImageFilePath":"13/40/13.png","Text":"ٱلْحِسَابُ","Translation":"(is) the reckoning","Transliteration":"l-ḥisābu"},{"Position":14,"AudioFileName":null,"TajweedImageFilePath":"40.png","Text":"٤٠","Translation":"(40)","Transliteration":null}],"PageNumber":254,"JuzNumber":13,"ManzilNumber":3,"RukuNumber":210,"MaqraNumber":102,"HizbNumber":26,"HizbDecimal":0.25,"HasSajda":false},{"SurahNumber":13,"SurahIndex":"013","VerseNumber":41,"ShowSurahName":false,"ShowBismillah":false,"Words":[{"Position":1,"AudioFileName":"013_041_001.mp3","TajweedImageFilePath":"13/41/1.png","Text":"أَوَلَمْ","Translation":"Did not","Transliteration":"awalam"},{"Position":2,"AudioFileName":"013_041_002.mp3","TajweedImageFilePath":"13/41/2.png","Text":"يَرَوْا۟","Translation":"they see","Transliteration":"yaraw"},{"Position":3,"AudioFileName":"013_041_003.mp3","TajweedImageFilePath":"13/41/3.png","Text":"أَنَّا","Translation":"that We","Transliteration":"annā"},{"Position":4,"AudioFileName":"013_041_004.mp3","TajweedImageFilePath":"13/41/4.png","Text":"نَأْتِى","Translation":"come","Transliteration":"natī"},{"Position":5,"AudioFileName":"013_041_005.mp3","TajweedImageFilePath":"13/41/5.png","Text":"ٱلْأَرْضَ","Translation":"(to) the land","Transliteration":"l-arḍa"},{"Position":6,"AudioFileName":"013_041_006.mp3","TajweedImageFilePath":"13/41/6.png","Text":"نَنقُصُهَا","Translation":"reducing it","Transliteration":"nanquṣuhā"},{"Position":7,"AudioFileName":"013_041_007.mp3","TajweedImageFilePath":"13/41/7.png","Text":"مِنْ","Translation":"from","Transliteration":"min"},{"Position":8,"AudioFileName":"013_041_008.mp3","TajweedImageFilePath":"13/41/8.png","Text":"أَطْرَافِهَا ۚ","Translation":"its borders","Transliteration":"aṭrāfihā"},{"Position":9,"AudioFileName":"013_041_009.mp3","TajweedImageFilePath":"13/41/9.png","Text":"وَٱللَّهُ","Translation":"And Allah","Transliteration":"wal-lahu"},{"Position":10,"AudioFileName":"013_041_010.mp3","TajweedImageFilePath":"13/41/10.png","Text":"يَحْكُمُ","Translation":"judges","Transliteration":"yaḥkumu"},{"Position":11,"AudioFileName":"013_041_011.mp3","TajweedImageFilePath":"13/41/11.png","Text":"لَا","Translation":"(there is) no","Transliteration":"lā"},{"Position":12,"AudioFileName":"013_041_012.mp3","TajweedImageFilePath":"13/41/12.png","Text":"مُعَقِّبَ","Translation":"adjuster","Transliteration":"muʿaqqiba"},{"Position":13,"AudioFileName":"013_041_013.mp3","TajweedImageFilePath":"13/41/13.png","Text":"لِحُكْمِهِۦ ۚ","Translation":"(of) His Judgment","Transliteration":"liḥuk'mihi"},{"Position":14,"AudioFileName":"013_041_014.mp3","TajweedImageFilePath":"13/41/14.png","Text":"وَهُوَ","Translation":"And He","Transliteration":"wahuwa"},{"Position":15,"AudioFileName":"013_041_015.mp3","TajweedImageFilePath":"13/41/15.png","Text":"سَرِيعُ","Translation":"(is) Swift","Transliteration":"sarīʿu"},{"Position":16,"AudioFileName":"013_041_016.mp3","TajweedImageFilePath":"13/41/16.png","Text":"ٱلْحِسَابِ","Translation":"(in) the reckoning","Transliteration":"l-ḥisābi"},{"Position":17,"AudioFileName":null,"TajweedImageFilePath":"41.png","Text":"٤١","Translation":"(41)","Transliteration":null}],"PageNumber":254,"JuzNumber":13,"ManzilNumber":3,"RukuNumber":210,"MaqraNumber":102,"HizbNumber":26,"HizbDecimal":0.25,"HasSajda":false},{"SurahNumber":13,"SurahIndex":"013","VerseNumber":42,"ShowSurahName":false,"ShowBismillah":false,"Words":[{"Position":1,"AudioFileName":"013_042_001.mp3","TajweedImageFilePath":"13/42/1.png","Text":"وَقَدْ","Translation":"And certainly","Transliteration":"waqad"},{"Position":2,"AudioFileName":"013_042_002.mp3","TajweedImageFilePath":"13/42/2.png","Text":"مَكَرَ","Translation":"plotted","Transliteration":"makara"},{"Position":3,"AudioFileName":"013_042_003.mp3","TajweedImageFilePath":"13/42/3.png","Text":"ٱلَّذِينَ","Translation":"those who","Transliteration":"alladhīna"},{"Position":4,"AudioFileName":"013_042_004.mp3","TajweedImageFilePath":"13/42/4.png","Text":"مِن","Translation":"(were) from","Transliteration":"min"},{"Position":5,"AudioFileName":"013_042_005.mp3","TajweedImageFilePath":"13/42/5.png","Text":"قَبْلِهِمْ","Translation":"before them","Transliteration":"qablihim"},{"Position":6,"AudioFileName":"013_042_006.mp3","TajweedImageFilePath":"13/42/6.png","Text":"فَلِلَّهِ","Translation":"but for Allah","Transliteration":"falillahi"},{"Position":7,"AudioFileName":"013_042_007.mp3","TajweedImageFilePath":"13/42/7.png","Text":"ٱلْمَكْرُ","Translation":"(is) the plot","Transliteration":"l-makru"},{"Position":8,"AudioFileName":"013_042_008.mp3","TajweedImageFilePath":"13/42/8.png","Text":"جَمِيعًۭا ۖ","Translation":"all","Transliteration":"jamīʿan"},{"Position":9,"AudioFileName":"013_042_009.mp3","TajweedImageFilePath":"13/42/9.png","Text":"يَعْلَمُ","Translation":"He knows","Transliteration":"yaʿlamu"},{"Position":10,"AudioFileName":"013_042_010.mp3","TajweedImageFilePath":"13/42/10.png","Text":"مَا","Translation":"what","Transliteration":"mā"},{"Position":11,"AudioFileName":"013_042_011.mp3","TajweedImageFilePath":"13/42/11.png","Text":"تَكْسِبُ","Translation":"earns","Transliteration":"taksibu"},{"Position":12,"AudioFileName":"013_042_012.mp3","TajweedImageFilePath":"13/42/12.png","Text":"كُلُّ","Translation":"every","Transliteration":"kullu"},{"Position":13,"AudioFileName":"013_042_013.mp3","TajweedImageFilePath":"13/42/13.png","Text":"نَفْسٍۢ ۗ","Translation":"soul","Transliteration":"nafsin"},{"Position":14,"AudioFileName":"013_042_014.mp3","TajweedImageFilePath":"13/42/14.png","Text":"وَسَيَعْلَمُ","Translation":"and will know","Transliteration":"wasayaʿlamu"},{"Position":15,"AudioFileName":"013_042_015.mp3","TajweedImageFilePath":"13/42/15.png","Text":"ٱلْكُفَّـٰرُ","Translation":"the disbelievers","Transliteration":"l-kufāru"},{"Position":16,"AudioFileName":"013_042_016.mp3","TajweedImageFilePath":"13/42/16.png","Text":"لِمَنْ","Translation":"for whom","Transliteration":"liman"},{"Position":17,"AudioFileName":"013_042_017.mp3","TajweedImageFilePath":"13/42/17.png","Text":"عُقْبَى","Translation":"(is) the final","Transliteration":"ʿuq'bā"},{"Position":18,"AudioFileName":"013_042_018.mp3","TajweedImageFilePath":"13/42/18.png","Text":"ٱلدَّارِ","Translation":"the home","Transliteration":"l-dāri"},{"Position":19,"AudioFileName":null,"TajweedImageFilePath":"42.png","Text":"٤٢","Translation":"(42)","Transliteration":null}],"PageNumber":254,"JuzNumber":13,"ManzilNumber":3,"RukuNumber":210,"MaqraNumber":102,"HizbNumber":26,"HizbDecimal":0.25,"HasSajda":false},{"SurahNumber":13,"SurahIndex":"013","VerseNumber":43,"ShowSurahName":false,"ShowBismillah":false,"Words":[{"Position":1,"AudioFileName":"013_043_001.mp3","TajweedImageFilePath":"13/43/1.png","Text":"وَيَقُولُ","Translation":"And say","Transliteration":"wayaqūlu"},{"Position":2,"AudioFileName":"013_043_002.mp3","TajweedImageFilePath":"13/43/2.png","Text":"ٱلَّذِينَ","Translation":"those who","Transliteration":"alladhīna"},{"Position":3,"AudioFileName":"013_043_003.mp3","TajweedImageFilePath":"13/43/3.png","Text":"كَفَرُوا۟","Translation":"disbelieve","Transliteration":"kafarū"},{"Position":4,"AudioFileName":"013_043_004.mp3","TajweedImageFilePath":"13/43/4.png","Text":"لَسْتَ","Translation":"You are not","Transliteration":"lasta"},{"Position":5,"AudioFileName":"013_043_005.mp3","TajweedImageFilePath":"13/43/5.png","Text":"مُرْسَلًۭا ۚ","Translation":"a Messenger","Transliteration":"mur'salan"},{"Position":6,"AudioFileName":"013_043_006.mp3","TajweedImageFilePath":"13/43/6.png","Text":"قُلْ","Translation":"Say","Transliteration":"qul"},{"Position":7,"AudioFileName":"013_043_007.mp3","TajweedImageFilePath":"13/43/7.png","Text":"كَفَىٰ","Translation":"Sufficient","Transliteration":"kafā"},{"Position":8,"AudioFileName":"013_043_008.mp3","TajweedImageFilePath":"13/43/8.png","Text":"بِٱللَّهِ","Translation":"(is) Allah","Transliteration":"bil-lahi"},{"Position":9,"AudioFileName":"013_043_009.mp3","TajweedImageFilePath":"13/43/9.png","Text":"شَهِيدًۢا","Translation":"(as) a Witness","Transliteration":"shahīdan"},{"Position":10,"AudioFileName":"013_043_010.mp3","TajweedImageFilePath":"13/43/10.png","Text":"بَيْنِى","Translation":"between me","Transliteration":"baynī"},{"Position":11,"AudioFileName":"013_043_011.mp3","TajweedImageFilePath":"13/43/11.png","Text":"وَبَيْنَكُمْ","Translation":"and between you","Transliteration":"wabaynakum"},{"Position":12,"AudioFileName":"013_043_012.mp3","TajweedImageFilePath":"13/43/12.png","Text":"وَمَنْ","Translation":"and whoever","Transliteration":"waman"},{"Position":13,"AudioFileName":"013_043_013.mp3","TajweedImageFilePath":"13/43/13.png","Text":"عِندَهُۥ","Translation":"[he] has","Transliteration":"ʿindahu"},{"Position":14,"AudioFileName":"013_043_014.mp3","TajweedImageFilePath":"13/43/14.png","Text":"عِلْمُ","Translation":"knowledge","Transliteration":"ʿil'mu"},{"Position":15,"AudioFileName":"013_043_015.mp3","TajweedImageFilePath":"13/43/15.png","Text":"ٱلْكِتَـٰبِ","Translation":"(of) the Book","Transliteration":"l-kitābi"},{"Position":16,"AudioFileName":null,"TajweedImageFilePath":"43.png","Text":"٤٣","Translation":"(43)","Transliteration":null}],"PageNumber":255,"JuzNumber":13,"ManzilNumber":3,"RukuNumber":210,"MaqraNumber":102,"HizbNumber":26,"HizbDecimal":0.25,"HasSajda":false},{"SurahNumber":14,"SurahIndex":"014","VerseNumber":1,"ShowSurahName":true,"ShowBismillah":true,"Words":[{"Position":1,"AudioFileName":"014_001_001.mp3","TajweedImageFilePath":"14/1/1.png","Text":"الٓر ۚ","Translation":"Alif Laam Ra","Transliteration":"alif-lam-ra"},{"Position":2,"AudioFileName":"014_001_002.mp3","TajweedImageFilePath":"14/1/2.png","Text":"كِتَـٰبٌ","Translation":"A Book","Transliteration":"kitābun"},{"Position":3,"AudioFileName":"014_001_003.mp3","TajweedImageFilePath":"14/1/3.png","Text":"أَنزَلْنَـٰهُ","Translation":"which We have revealed","Transliteration":"anzalnāhu"},{"Position":4,"AudioFileName":"014_001_004.mp3","TajweedImageFilePath":"14/1/4.png","Text":"إِلَيْكَ","Translation":"to you","Transliteration":"ilayka"},{"Position":5,"AudioFileName":"014_001_005.mp3","TajweedImageFilePath":"14/1/5.png","Text":"لِتُخْرِجَ","Translation":"so that you may bring out","Transliteration":"litukh'rija"},{"Position":6,"AudioFileName":"014_001_006.mp3","TajweedImageFilePath":"14/1/6.png","Text":"ٱلنَّاسَ","Translation":"the mankind","Transliteration":"l-nāsa"},{"Position":7,"AudioFileName":"014_001_007.mp3","TajweedImageFilePath":"14/1/7.png","Text":"مِنَ","Translation":"from","Transliteration":"mina"},{"Position":8,"AudioFileName":"014_001_008.mp3","TajweedImageFilePath":"14/1/8.png","Text":"ٱلظُّلُمَـٰتِ","Translation":"the darkness[es]","Transliteration":"l-ẓulumāti"},{"Position":9,"AudioFileName":"014_001_009.mp3","TajweedImageFilePath":"14/1/9.png","Text":"إِلَى","Translation":"to","Transliteration":"ilā"},{"Position":10,"AudioFileName":"014_001_010.mp3","TajweedImageFilePath":"14/1/10.png","Text":"ٱلنُّورِ","Translation":"the light","Transliteration":"l-nūri"},{"Position":11,"AudioFileName":"014_001_011.mp3","TajweedImageFilePath":"14/1/11.png","Text":"بِإِذْنِ","Translation":"by the permission","Transliteration":"bi-idh'ni"},{"Position":12,"AudioFileName":"014_001_012.mp3","TajweedImageFilePath":"14/1/12.png","Text":"رَبِّهِمْ","Translation":"(of) their Lord","Transliteration":"rabbihim"},{"Position":13,"AudioFileName":"014_001_013.mp3","TajweedImageFilePath":"14/1/13.png","Text":"إِلَىٰ","Translation":"to","Transliteration":"ilā"},{"Position":14,"AudioFileName":"014_001_014.mp3","TajweedImageFilePath":"14/1/14.png","Text":"صِرَٰطِ","Translation":"the Path","Transliteration":"ṣirāṭi"},{"Position":15,"AudioFileName":"014_001_015.mp3","TajweedImageFilePath":"14/1/15.png","Text":"ٱلْعَزِيزِ","Translation":"(of) the All-Mighty","Transliteration":"l-ʿazīzi"},{"Position":16,"AudioFileName":"014_001_016.mp3","TajweedImageFilePath":"14/1/16.png","Text":"ٱلْحَمِيدِ","Translation":"the Praiseworthy","Transliteration":"l-ḥamīdi"},{"Position":17,"AudioFileName":null,"TajweedImageFilePath":"1.png","Text":"١","Translation":"(1)","Transliteration":null}],"PageNumber":255,"JuzNumber":13,"ManzilNumber":3,"RukuNumber":211,"MaqraNumber":102,"HizbNumber":26,"HizbDecimal":0.25,"HasSajda":false},{"SurahNumber":14,"SurahIndex":"014","VerseNumber":2,"ShowSurahName":false,"ShowBismillah":false,"Words":[{"Position":1,"AudioFileName":"014_002_001.mp3","TajweedImageFilePath":"14/2/1.png","Text":"ٱللَّهِ","Translation":"Allah","Transliteration":"al-lahi"},{"Position":2,"AudioFileName":"014_002_002.mp3","TajweedImageFilePath":"14/2/2.png","Text":"ٱلَّذِى","Translation":"(is) the One","Transliteration":"alladhī"},{"Position":3,"AudioFileName":"014_002_003.mp3","TajweedImageFilePath":"14/2/3.png","Text":"لَهُۥ","Translation":"to Him (belongs)","Transliteration":"lahu"},{"Position":4,"AudioFileName":"014_002_004.mp3","TajweedImageFilePath":"14/2/4.png","Text":"مَا","Translation":"whatever","Transliteration":"mā"},{"Position":5,"AudioFileName":"014_002_005.mp3","TajweedImageFilePath":"14/2/5.png","Text":"فِى","Translation":"(is) in","Transliteration":"fī"},{"Position":6,"AudioFileName":"014_002_006.mp3","TajweedImageFilePath":"14/2/6.png","Text":"ٱلسَّمَـٰوَٰتِ","Translation":"the heavens","Transliteration":"l-samāwāti"},{"Position":7,"AudioFileName":"014_002_007.mp3","TajweedImageFilePath":"14/2/7.png","Text":"وَمَا","Translation":"and whatever","Transliteration":"wamā"},{"Position":8,"AudioFileName":"014_002_008.mp3","TajweedImageFilePath":"14/2/8.png","Text":"فِى","Translation":"(is) in","Transliteration":"fī"},{"Position":9,"AudioFileName":"014_002_009.mp3","TajweedImageFilePath":"14/2/9.png","Text":"ٱلْأَرْضِ ۗ","Translation":"the earth","Transliteration":"l-arḍi"},{"Position":10,"AudioFileName":"014_002_010.mp3","TajweedImageFilePath":"14/2/10.png","Text":"وَوَيْلٌۭ","Translation":"And woe","Transliteration":"wawaylun"},{"Position":11,"AudioFileName":"014_002_011.mp3","TajweedImageFilePath":"14/2/11.png","Text":"لِّلْكَـٰفِرِينَ","Translation":"to the disbelievers","Transliteration":"lil'kāfirīna"},{"Position":12,"AudioFileName":"014_002_012.mp3","TajweedImageFilePath":"14/2/12.png","Text":"مِنْ","Translation":"from","Transliteration":"min"},{"Position":13,"AudioFileName":"014_002_013.mp3","TajweedImageFilePath":"14/2/13.png","Text":"عَذَابٍۢ","Translation":"the punishment","Transliteration":"ʿadhābin"},{"Position":14,"AudioFileName":"014_002_014.mp3","TajweedImageFilePath":"14/2/14.png","Text":"شَدِيدٍ","Translation":"severe","Transliteration":"shadīdin"},{"Position":15,"AudioFileName":null,"TajweedImageFilePath":"2.png","Text":"٢","Translation":"(2)","Transliteration":null}],"PageNumber":255,"JuzNumber":13,"ManzilNumber":3,"RukuNumber":211,"MaqraNumber":102,"HizbNumber":26,"HizbDecimal":0.25,"HasSajda":false},{"SurahNumber":14,"SurahIndex":"014","VerseNumber":3,"ShowSurahName":false,"ShowBismillah":false,"Words":[{"Position":1,"AudioFileName":"014_003_001.mp3","TajweedImageFilePath":"14/3/1.png","Text":"ٱلَّذِينَ","Translation":"Those who","Transliteration":"alladhīna"},{"Position":2,"AudioFileName":"014_003_002.mp3","TajweedImageFilePath":"14/3/2.png","Text":"يَسْتَحِبُّونَ","Translation":"love more","Transliteration":"yastaḥibbūna"},{"Position":3,"AudioFileName":"014_003_003.mp3","TajweedImageFilePath":"14/3/3.png","Text":"ٱلْحَيَوٰةَ","Translation":"the life","Transliteration":"l-ḥayata"},{"Position":4,"AudioFileName":"014_003_004.mp3","TajweedImageFilePath":"14/3/4.png","Text":"ٱلدُّنْيَا","Translation":"(of) the world","Transliteration":"l-dun'yā"},{"Position":5,"AudioFileName":"014_003_005.mp3","TajweedImageFilePath":"14/3/5.png","Text":"عَلَى","Translation":"than","Transliteration":"ʿalā"},{"Position":6,"AudioFileName":"014_003_006.mp3","TajweedImageFilePath":"14/3/6.png","Text":"ٱلْـَٔاخِرَةِ","Translation":"the Hereafter","Transliteration":"l-ākhirati"},{"Position":7,"AudioFileName":"014_003_007.mp3","TajweedImageFilePath":"14/3/7.png","Text":"وَيَصُدُّونَ","Translation":"and hinder","Transliteration":"wayaṣuddūna"},{"Position":8,"AudioFileName":"014_003_008.mp3","TajweedImageFilePath":"14/3/8.png","Text":"عَن","Translation":"from","Transliteration":"ʿan"},{"Position":9,"AudioFileName":"014_003_009.mp3","TajweedImageFilePath":"14/3/9.png","Text":"سَبِيلِ","Translation":"(the) Path","Transliteration":"sabīli"},{"Position":10,"AudioFileName":"014_003_010.mp3","TajweedImageFilePath":"14/3/10.png","Text":"ٱللَّهِ","Translation":"(of) Allah","Transliteration":"l-lahi"},{"Position":11,"AudioFileName":"014_003_011.mp3","TajweedImageFilePath":"14/3/11.png","Text":"وَيَبْغُونَهَا","Translation":"and seek in it","Transliteration":"wayabghūnahā"},{"Position":12,"AudioFileName":"014_003_012.mp3","TajweedImageFilePath":"14/3/12.png","Text":"عِوَجًا ۚ","Translation":"crookedness","Transliteration":"ʿiwajan"},{"Position":13,"AudioFileName":"014_003_013.mp3","TajweedImageFilePath":"14/3/13.png","Text":"أُو۟لَـٰٓئِكَ","Translation":"those","Transliteration":"ulāika"},{"Position":14,"AudioFileName":"014_003_014.mp3","TajweedImageFilePath":"14/3/14.png","Text":"فِى","Translation":"[in]","Transliteration":"fī"},{"Position":15,"AudioFileName":"014_003_015.mp3","TajweedImageFilePath":"14/3/15.png","Text":"ضَلَـٰلٍۭ","Translation":"(are) far astray","Transliteration":"ḍalālin"},{"Position":16,"AudioFileName":"014_003_016.mp3","TajweedImageFilePath":"14/3/16.png","Text":"بَعِيدٍۢ","Translation":"(are) far astray","Transliteration":"baʿīdin"},{"Position":17,"AudioFileName":null,"TajweedImageFilePath":"3.png","Text":"٣","Translation":"(3)","Transliteration":null}],"PageNumber":255,"JuzNumber":13,"ManzilNumber":3,"RukuNumber":211,"MaqraNumber":102,"HizbNumber":26,"HizbDecimal":0.25,"HasSajda":false},{"SurahNumber":14,"SurahIndex":"014","VerseNumber":4,"ShowSurahName":false,"ShowBismillah":false,"Words":[{"Position":1,"AudioFileName":"014_004_001.mp3","TajweedImageFilePath":"14/4/1.png","Text":"وَمَآ","Translation":"And not","Transliteration":"wamā"},{"Position":2,"AudioFileName":"014_004_002.mp3","TajweedImageFilePath":"14/4/2.png","Text":"أَرْسَلْنَا","Translation":"We sent","Transliteration":"arsalnā"},{"Position":3,"AudioFileName":"014_004_003.mp3","TajweedImageFilePath":"14/4/3.png","Text":"مِن","Translation":"any","Transliteration":"min"},{"Position":4,"AudioFileName":"014_004_004.mp3","TajweedImageFilePath":"14/4/4.png","Text":"رَّسُولٍ","Translation":"Messenger","Transliteration":"rasūlin"},{"Position":5,"AudioFileName":"014_004_005.mp3","TajweedImageFilePath":"14/4/5.png","Text":"إِلَّا","Translation":"except","Transliteration":"illā"},{"Position":6,"AudioFileName":"014_004_006.mp3","TajweedImageFilePath":"14/4/6.png","Text":"بِلِسَانِ","Translation":"with the language","Transliteration":"bilisāni"},{"Position":7,"AudioFileName":"014_004_007.mp3","TajweedImageFilePath":"14/4/7.png","Text":"قَوْمِهِۦ","Translation":"(of) his people","Transliteration":"qawmihi"},{"Position":8,"AudioFileName":"014_004_008.mp3","TajweedImageFilePath":"14/4/8.png","Text":"لِيُبَيِّنَ","Translation":"so that he might make clear","Transliteration":"liyubayyina"},{"Position":9,"AudioFileName":"014_004_009.mp3","TajweedImageFilePath":"14/4/9.png","Text":"لَهُمْ ۖ","Translation":"for them","Transliteration":"lahum"},{"Position":10,"AudioFileName":"014_004_010.mp3","TajweedImageFilePath":"14/4/10.png","Text":"فَيُضِلُّ","Translation":"Then Allah lets go astray","Transliteration":"fayuḍillu"},{"Position":11,"AudioFileName":"014_004_011.mp3","TajweedImageFilePath":"14/4/11.png","Text":"ٱللَّهُ","Translation":"Then Allah lets go astray","Transliteration":"l-lahu"},{"Position":12,"AudioFileName":"014_004_012.mp3","TajweedImageFilePath":"14/4/12.png","Text":"مَن","Translation":"whom","Transliteration":"man"},{"Position":13,"AudioFileName":"014_004_013.mp3","TajweedImageFilePath":"14/4/13.png","Text":"يَشَآءُ","Translation":"He wills","Transliteration":"yashāu"},{"Position":14,"AudioFileName":"014_004_014.mp3","TajweedImageFilePath":"14/4/14.png","Text":"وَيَهْدِى","Translation":"and guides","Transliteration":"wayahdī"},{"Position":15,"AudioFileName":"014_004_015.mp3","TajweedImageFilePath":"14/4/15.png","Text":"مَن","Translation":"whom","Transliteration":"man"},{"Position":16,"AudioFileName":"014_004_016.mp3","TajweedImageFilePath":"14/4/16.png","Text":"يَشَآءُ ۚ","Translation":"He wills","Transliteration":"yashāu"},{"Position":17,"AudioFileName":"014_004_017.mp3","TajweedImageFilePath":"14/4/17.png","Text":"وَهُوَ","Translation":"And He","Transliteration":"wahuwa"},{"Position":18,"AudioFileName":"014_004_018.mp3","TajweedImageFilePath":"14/4/18.png","Text":"ٱلْعَزِيزُ","Translation":"(is) the All-Mighty","Transliteration":"l-ʿazīzu"},{"Position":19,"AudioFileName":"014_004_019.mp3","TajweedImageFilePath":"14/4/19.png","Text":"ٱلْحَكِيمُ","Translation":"the All-Wise","Transliteration":"l-ḥakīmu"},{"Position":20,"AudioFileName":null,"TajweedImageFilePath":"4.png","Text":"٤","Translation":"(4)","Transliteration":null}],"PageNumber":255,"JuzNumber":13,"ManzilNumber":3,"RukuNumber":211,"MaqraNumber":102,"HizbNumber":26,"HizbDecimal":0.25,"HasSajda":false},{"SurahNumber":14,"SurahIndex":"014","VerseNumber":5,"ShowSurahName":false,"ShowBismillah":false,"Words":[{"Position":1,"AudioFileName":"014_005_001.mp3","TajweedImageFilePath":"14/5/1.png","Text":"وَلَقَدْ","Translation":"And verily","Transliteration":"walaqad"},{"Position":2,"AudioFileName":"014_005_002.mp3","TajweedImageFilePath":"14/5/2.png","Text":"أَرْسَلْنَا","Translation":"We sent","Transliteration":"arsalnā"},{"Position":3,"AudioFileName":"014_005_003.mp3","TajweedImageFilePath":"14/5/3.png","Text":"مُوسَىٰ","Translation":"Musa","Transliteration":"mūsā"},{"Position":4,"AudioFileName":"014_005_004.mp3","TajweedImageFilePath":"14/5/4.png","Text":"بِـَٔايَـٰتِنَآ","Translation":"with Our Signs","Transliteration":"biāyātinā"},{"Position":5,"AudioFileName":"014_005_005.mp3","TajweedImageFilePath":"14/5/5.png","Text":"أَنْ","Translation":"that","Transliteration":"an"},{"Position":6,"AudioFileName":"014_005_006.mp3","TajweedImageFilePath":"14/5/6.png","Text":"أَخْرِجْ","Translation":"Bring out","Transliteration":"akhrij"},{"Position":7,"AudioFileName":"014_005_007.mp3","TajweedImageFilePath":"14/5/7.png","Text":"قَوْمَكَ","Translation":"your people","Transliteration":"qawmaka"},{"Position":8,"AudioFileName":"014_005_008.mp3","TajweedImageFilePath":"14/5/8.png","Text":"مِنَ","Translation":"from","Transliteration":"mina"},{"Position":9,"AudioFileName":"014_005_009.mp3","TajweedImageFilePath":"14/5/9.png","Text":"ٱلظُّلُمَـٰتِ","Translation":"the darkness[es]","Transliteration":"l-ẓulumāti"},{"Position":10,"AudioFileName":"014_005_010.mp3","TajweedImageFilePath":"14/5/10.png","Text":"إِلَى","Translation":"to","Transliteration":"ilā"},{"Position":11,"AudioFileName":"014_005_011.mp3","TajweedImageFilePath":"14/5/11.png","Text":"ٱلنُّورِ","Translation":"the light","Transliteration":"l-nūri"},{"Position":12,"AudioFileName":"014_005_012.mp3","TajweedImageFilePath":"14/5/12.png","Text":"وَذَكِّرْهُم","Translation":"And remind them","Transliteration":"wadhakkir'hum"},{"Position":13,"AudioFileName":"014_005_013.mp3","TajweedImageFilePath":"14/5/13.png","Text":"بِأَيَّىٰمِ","Translation":"of the days","Transliteration":"bi-ayyāmi"},{"Position":14,"AudioFileName":"014_005_014.mp3","TajweedImageFilePath":"14/5/14.png","Text":"ٱللَّهِ ۚ","Translation":"(of) Allah","Transliteration":"l-lahi"},{"Position":15,"AudioFileName":"014_005_015.mp3","TajweedImageFilePath":"14/5/15.png","Text":"إِنَّ","Translation":"Indeed","Transliteration":"inna"},{"Position":16,"AudioFileName":"014_005_016.mp3","TajweedImageFilePath":"14/5/16.png","Text":"فِى","Translation":"in","Transliteration":"fī"},{"Position":17,"AudioFileName":"014_005_017.mp3","TajweedImageFilePath":"14/5/17.png","Text":"ذَٰلِكَ","Translation":"that","Transliteration":"dhālika"},{"Position":18,"AudioFileName":"014_005_018.mp3","TajweedImageFilePath":"14/5/18.png","Text":"لَـَٔايَـٰتٍۢ","Translation":"surely (are) the signs","Transliteration":"laāyātin"},{"Position":19,"AudioFileName":"014_005_019.mp3","TajweedImageFilePath":"14/5/19.png","Text":"لِّكُلِّ","Translation":"for everyone","Transliteration":"likulli"},{"Position":20,"AudioFileName":"014_005_020.mp3","TajweedImageFilePath":"14/5/20.png","Text":"صَبَّارٍۢ","Translation":"patient","Transliteration":"ṣabbārin"},{"Position":21,"AudioFileName":"014_005_021.mp3","TajweedImageFilePath":"14/5/21.png","Text":"شَكُورٍۢ","Translation":"and thankful","Transliteration":"shakūrin"},{"Position":22,"AudioFileName":null,"TajweedImageFilePath":"5.png","Text":"٥","Translation":"(5)","Transliteration":null}],"PageNumber":255,"JuzNumber":13,"ManzilNumber":3,"RukuNumber":211,"MaqraNumber":102,"HizbNumber":26,"HizbDecimal":0.25,"HasSajda":false},{"SurahNumber":14,"SurahIndex":"014","VerseNumber":6,"ShowSurahName":false,"ShowBismillah":false,"Words":[{"Position":1,"AudioFileName":"014_006_001.mp3","TajweedImageFilePath":"14/6/1.png","Text":"وَإِذْ","Translation":"And when","Transliteration":"wa-idh"},{"Position":2,"AudioFileName":"014_006_002.mp3","TajweedImageFilePath":"14/6/2.png","Text":"قَالَ","Translation":"said","Transliteration":"qāla"},{"Position":3,"AudioFileName":"014_006_003.mp3","TajweedImageFilePath":"14/6/3.png","Text":"مُوسَىٰ","Translation":"Musa","Transliteration":"mūsā"},{"Position":4,"AudioFileName":"014_006_004.mp3","TajweedImageFilePath":"14/6/4.png","Text":"لِقَوْمِهِ","Translation":"to his people","Transliteration":"liqawmihi"},{"Position":5,"AudioFileName":"014_006_005.mp3","TajweedImageFilePath":"14/6/5.png","Text":"ٱذْكُرُوا۟","Translation":"Remember","Transliteration":"udh'kurū"},{"Position":6,"AudioFileName":"014_006_006.mp3","TajweedImageFilePath":"14/6/6.png","Text":"نِعْمَةَ","Translation":"(the) Favor of Allah","Transliteration":"niʿ'mata"},{"Position":7,"AudioFileName":"014_006_007.mp3","TajweedImageFilePath":"14/6/7.png","Text":"ٱللَّهِ","Translation":"(the) Favor of Allah","Transliteration":"l-lahi"},{"Position":8,"AudioFileName":"014_006_008.mp3","TajweedImageFilePath":"14/6/8.png","Text":"عَلَيْكُمْ","Translation":"upon you","Transliteration":"ʿalaykum"},{"Position":9,"AudioFileName":"014_006_009.mp3","TajweedImageFilePath":"14/6/9.png","Text":"إِذْ","Translation":"when","Transliteration":"idh"},{"Position":10,"AudioFileName":"014_006_010.mp3","TajweedImageFilePath":"14/6/10.png","Text":"أَنجَىٰكُم","Translation":"He saved you","Transliteration":"anjākum"},{"Position":11,"AudioFileName":"014_006_011.mp3","TajweedImageFilePath":"14/6/11.png","Text":"مِّنْ","Translation":"from","Transliteration":"min"},{"Position":12,"AudioFileName":"014_006_012.mp3","TajweedImageFilePath":"14/6/12.png","Text":"ءَالِ","Translation":"(the) people","Transliteration":"āli"},{"Position":13,"AudioFileName":"014_006_013.mp3","TajweedImageFilePath":"14/6/13.png","Text":"فِرْعَوْنَ","Translation":"(of) Firaun","Transliteration":"fir'ʿawna"},{"Position":14,"AudioFileName":"014_006_014.mp3","TajweedImageFilePath":"14/6/14.png","Text":"يَسُومُونَكُمْ","Translation":"they were afflicting you","Transliteration":"yasūmūnakum"},{"Position":15,"AudioFileName":"014_006_015.mp3","TajweedImageFilePath":"14/6/15.png","Text":"سُوٓءَ","Translation":"(with) evil","Transliteration":"sūa"},{"Position":16,"AudioFileName":"014_006_016.mp3","TajweedImageFilePath":"14/6/16.png","Text":"ٱلْعَذَابِ","Translation":"torment","Transliteration":"l-ʿadhābi"},{"Position":17,"AudioFileName":"014_006_017.mp3","TajweedImageFilePath":"14/6/17.png","Text":"وَيُذَبِّحُونَ","Translation":"and were slaughtering","Transliteration":"wayudhabbiḥūna"},{"Position":18,"AudioFileName":"014_006_018.mp3","TajweedImageFilePath":"14/6/18.png","Text":"أَبْنَآءَكُمْ","Translation":"your sons","Transliteration":"abnāakum"},{"Position":19,"AudioFileName":"014_006_019.mp3","TajweedImageFilePath":"14/6/19.png","Text":"وَيَسْتَحْيُونَ","Translation":"and letting live","Transliteration":"wayastaḥyūna"},{"Position":20,"AudioFileName":"014_006_020.mp3","TajweedImageFilePath":"14/6/20.png","Text":"نِسَآءَكُمْ ۚ","Translation":"your women","Transliteration":"nisāakum"},{"Position":21,"AudioFileName":"014_006_021.mp3","TajweedImageFilePath":"14/6/21.png","Text":"وَفِى","Translation":"And in","Transliteration":"wafī"},{"Position":22,"AudioFileName":"014_006_022.mp3","TajweedImageFilePath":"14/6/22.png","Text":"ذَٰلِكُم","Translation":"that","Transliteration":"dhālikum"},{"Position":23,"AudioFileName":"014_006_023.mp3","TajweedImageFilePath":"14/6/23.png","Text":"بَلَآءٌۭ","Translation":"(was) a trial","Transliteration":"balāon"},{"Position":24,"AudioFileName":"014_006_024.mp3","TajweedImageFilePath":"14/6/24.png","Text":"مِّن","Translation":"from","Transliteration":"min"},{"Position":25,"AudioFileName":"014_006_025.mp3","TajweedImageFilePath":"14/6/25.png","Text":"رَّبِّكُمْ","Translation":"your Lord","Transliteration":"rabbikum"},{"Position":26,"AudioFileName":"014_006_026.mp3","TajweedImageFilePath":"14/6/26.png","Text":"عَظِيمٌۭ","Translation":"great","Transliteration":"ʿaẓīmun"},{"Position":27,"AudioFileName":null,"TajweedImageFilePath":"6.png","Text":"٦","Translation":"(6)","Transliteration":null}],"PageNumber":256,"JuzNumber":13,"ManzilNumber":3,"RukuNumber":211,"MaqraNumber":102,"HizbNumber":26,"HizbDecimal":0.25,"HasSajda":false},{"SurahNumber":14,"SurahIndex":"014","VerseNumber":7,"ShowSurahName":false,"ShowBismillah":false,"Words":[{"Position":1,"AudioFileName":"014_007_001.mp3","TajweedImageFilePath":"14/7/1.png","Text":"وَإِذْ","Translation":"And when","Transliteration":"wa-idh"},{"Position":2,"AudioFileName":"014_007_002.mp3","TajweedImageFilePath":"14/7/2.png","Text":"تَأَذَّنَ","Translation":"proclaimed","Transliteration":"ta-adhana"},{"Position":3,"AudioFileName":"014_007_003.mp3","TajweedImageFilePath":"14/7/3.png","Text":"رَبُّكُمْ","Translation":"your Lord","Transliteration":"rabbukum"},{"Position":4,"AudioFileName":"014_007_004.mp3","TajweedImageFilePath":"14/7/4.png","Text":"لَئِن","Translation":"If","Transliteration":"la-in"},{"Position":5,"AudioFileName":"014_007_005.mp3","TajweedImageFilePath":"14/7/5.png","Text":"شَكَرْتُمْ","Translation":"you are thankful","Transliteration":"shakartum"},{"Position":6,"AudioFileName":"014_007_006.mp3","TajweedImageFilePath":"14/7/6.png","Text":"لَأَزِيدَنَّكُمْ ۖ","Translation":"surely I will increase you","Transliteration":"la-azīdannakum"},{"Position":7,"AudioFileName":"014_007_007.mp3","TajweedImageFilePath":"14/7/7.png","Text":"وَلَئِن","Translation":"but if","Transliteration":"wala-in"},{"Position":8,"AudioFileName":"014_007_008.mp3","TajweedImageFilePath":"14/7/8.png","Text":"كَفَرْتُمْ","Translation":"you are ungrateful","Transliteration":"kafartum"},{"Position":9,"AudioFileName":"014_007_009.mp3","TajweedImageFilePath":"14/7/9.png","Text":"إِنَّ","Translation":"indeed","Transliteration":"inna"},{"Position":10,"AudioFileName":"014_007_010.mp3","TajweedImageFilePath":"14/7/10.png","Text":"عَذَابِى","Translation":"My punishment","Transliteration":"ʿadhābī"},{"Position":11,"AudioFileName":"014_007_011.mp3","TajweedImageFilePath":"14/7/11.png","Text":"لَشَدِيدٌۭ","Translation":"(is) surely severe","Transliteration":"lashadīdun"},{"Position":12,"AudioFileName":null,"TajweedImageFilePath":"7.png","Text":"٧","Translation":"(7)","Transliteration":null}],"PageNumber":256,"JuzNumber":13,"ManzilNumber":3,"RukuNumber":212,"MaqraNumber":102,"HizbNumber":26,"HizbDecimal":0.25,"HasSajda":false},{"SurahNumber":14,"SurahIndex":"014","VerseNumber":8,"ShowSurahName":false,"ShowBismillah":false,"Words":[{"Position":1,"AudioFileName":"014_008_001.mp3","TajweedImageFilePath":"14/8/1.png","Text":"وَقَالَ","Translation":"And said","Transliteration":"waqāla"},{"Position":2,"AudioFileName":"014_008_002.mp3","TajweedImageFilePath":"14/8/2.png","Text":"مُوسَىٰٓ","Translation":"Musa","Transliteration":"mūsā"},{"Position":3,"AudioFileName":"014_008_003.mp3","TajweedImageFilePath":"14/8/3.png","Text":"إِن","Translation":"If","Transliteration":"in"},{"Position":4,"AudioFileName":"014_008_004.mp3","TajweedImageFilePath":"14/8/4.png","Text":"تَكْفُرُوٓا۟","Translation":"you disbelieve","Transliteration":"takfurū"},{"Position":5,"AudioFileName":"014_008_005.mp3","TajweedImageFilePath":"14/8/5.png","Text":"أَنتُمْ","Translation":"you","Transliteration":"antum"},{"Position":6,"AudioFileName":"014_008_006.mp3","TajweedImageFilePath":"14/8/6.png","Text":"وَمَن","Translation":"and whoever","Transliteration":"waman"},{"Position":7,"AudioFileName":"014_008_007.mp3","TajweedImageFilePath":"14/8/7.png","Text":"فِى","Translation":"(is) in","Transliteration":"fī"},{"Position":8,"AudioFileName":"014_008_008.mp3","TajweedImageFilePath":"14/8/8.png","Text":"ٱلْأَرْضِ","Translation":"the earth","Transliteration":"l-arḍi"},{"Position":9,"AudioFileName":"014_008_009.mp3","TajweedImageFilePath":"14/8/9.png","Text":"جَمِيعًۭا","Translation":"all","Transliteration":"jamīʿan"},{"Position":10,"AudioFileName":"014_008_010.mp3","TajweedImageFilePath":"14/8/10.png","Text":"فَإِنَّ","Translation":"then indeed","Transliteration":"fa-inna"},{"Position":11,"AudioFileName":"014_008_011.mp3","TajweedImageFilePath":"14/8/11.png","Text":"ٱللَّهَ","Translation":"Allah","Transliteration":"l-laha"},{"Position":12,"AudioFileName":"014_008_012.mp3","TajweedImageFilePath":"14/8/12.png","Text":"لَغَنِىٌّ","Translation":"certainly (is) Free of need","Transliteration":"laghaniyyun"},{"Position":13,"AudioFileName":"014_008_013.mp3","TajweedImageFilePath":"14/8/13.png","Text":"حَمِيدٌ","Translation":"Praiseworthy","Transliteration":"ḥamīdun"},{"Position":14,"AudioFileName":null,"TajweedImageFilePath":"8.png","Text":"٨","Translation":"(8)","Transliteration":null}],"PageNumber":256,"JuzNumber":13,"ManzilNumber":3,"RukuNumber":212,"MaqraNumber":102,"HizbNumber":26,"HizbDecimal":0.25,"HasSajda":false},{"SurahNumber":14,"SurahIndex":"014","VerseNumber":9,"ShowSurahName":false,"ShowBismillah":false,"Words":[{"Position":1,"AudioFileName":"014_009_001.mp3","TajweedImageFilePath":"14/9/1.png","Text":"أَلَمْ","Translation":"Has not","Transliteration":"alam"},{"Position":2,"AudioFileName":"014_009_002.mp3","TajweedImageFilePath":"14/9/2.png","Text":"يَأْتِكُمْ","Translation":"come to you","Transliteration":"yatikum"},{"Position":3,"AudioFileName":"014_009_003.mp3","TajweedImageFilePath":"14/9/3.png","Text":"نَبَؤُا۟","Translation":"(the) news","Transliteration":"naba-u"},{"Position":4,"AudioFileName":"014_009_004.mp3","TajweedImageFilePath":"14/9/4.png","Text":"ٱلَّذِينَ","Translation":"(of) those who","Transliteration":"alladhīna"},{"Position":5,"AudioFileName":"014_009_005.mp3","TajweedImageFilePath":"14/9/5.png","Text":"مِن","Translation":"(were) before you","Transliteration":"min"},{"Position":6,"AudioFileName":"014_009_006.mp3","TajweedImageFilePath":"14/9/6.png","Text":"قَبْلِكُمْ","Translation":"(were) before you","Transliteration":"qablikum"},{"Position":7,"AudioFileName":"014_009_007.mp3","TajweedImageFilePath":"14/9/7.png","Text":"قَوْمِ","Translation":"the people","Transliteration":"qawmi"},{"Position":8,"AudioFileName":"014_009_008.mp3","TajweedImageFilePath":"14/9/8.png","Text":"نُوحٍۢ","Translation":"of Nuh","Transliteration":"nūḥin"},{"Position":9,"AudioFileName":"014_009_009.mp3","TajweedImageFilePath":"14/9/9.png","Text":"وَعَادٍۢ","Translation":"and Aad","Transliteration":"waʿādin"},{"Position":10,"AudioFileName":"014_009_010.mp3","TajweedImageFilePath":"14/9/10.png","Text":"وَثَمُودَ ۛ","Translation":"and Thamud","Transliteration":"wathamūda"},{"Position":11,"AudioFileName":"014_009_011.mp3","TajweedImageFilePath":"14/9/11.png","Text":"وَٱلَّذِينَ","Translation":"and those who","Transliteration":"wa-alladhīna"},{"Position":12,"AudioFileName":"014_009_012.mp3","TajweedImageFilePath":"14/9/12.png","Text":"مِنۢ","Translation":"(were) after them","Transliteration":"min"},{"Position":13,"AudioFileName":"014_009_013.mp3","TajweedImageFilePath":"14/9/13.png","Text":"بَعْدِهِمْ ۛ","Translation":"(were) after them","Transliteration":"baʿdihim"},{"Position":14,"AudioFileName":"014_009_014.mp3","TajweedImageFilePath":"14/9/14.png","Text":"لَا","Translation":"None","Transliteration":"lā"},{"Position":15,"AudioFileName":"014_009_015.mp3","TajweedImageFilePath":"14/9/15.png","Text":"يَعْلَمُهُمْ","Translation":"knows them","Transliteration":"yaʿlamuhum"},{"Position":16,"AudioFileName":"014_009_016.mp3","TajweedImageFilePath":"14/9/16.png","Text":"إِلَّا","Translation":"except","Transliteration":"illā"},{"Position":17,"AudioFileName":"014_009_017.mp3","TajweedImageFilePath":"14/9/17.png","Text":"ٱللَّهُ ۚ","Translation":"Allah","Transliteration":"l-lahu"},{"Position":18,"AudioFileName":"014_009_018.mp3","TajweedImageFilePath":"14/9/18.png","Text":"جَآءَتْهُمْ","Translation":"Came to them","Transliteration":"jāathum"},{"Position":19,"AudioFileName":"014_009_019.mp3","TajweedImageFilePath":"14/9/19.png","Text":"رُسُلُهُم","Translation":"their Messengers","Transliteration":"rusuluhum"},{"Position":20,"AudioFileName":"014_009_020.mp3","TajweedImageFilePath":"14/9/20.png","Text":"بِٱلْبَيِّنَـٰتِ","Translation":"with clear proofs","Transliteration":"bil-bayināti"},{"Position":21,"AudioFileName":"014_009_021.mp3","TajweedImageFilePath":"14/9/21.png","Text":"فَرَدُّوٓا۟","Translation":"but they returned","Transliteration":"faraddū"},{"Position":22,"AudioFileName":"014_009_022.mp3","TajweedImageFilePath":"14/9/22.png","Text":"أَيْدِيَهُمْ","Translation":"their hands","Transliteration":"aydiyahum"},{"Position":23,"AudioFileName":"014_009_023.mp3","TajweedImageFilePath":"14/9/23.png","Text":"فِىٓ","Translation":"in","Transliteration":"fī"},{"Position":24,"AudioFileName":"014_009_024.mp3","TajweedImageFilePath":"14/9/24.png","Text":"أَفْوَٰهِهِمْ","Translation":"their mouths","Transliteration":"afwāhihim"},{"Position":25,"AudioFileName":"014_009_025.mp3","TajweedImageFilePath":"14/9/25.png","Text":"وَقَالُوٓا۟","Translation":"and they said","Transliteration":"waqālū"},{"Position":26,"AudioFileName":"014_009_026.mp3","TajweedImageFilePath":"14/9/26.png","Text":"إِنَّا","Translation":"Indeed we","Transliteration":"innā"},{"Position":27,"AudioFileName":"014_009_027.mp3","TajweedImageFilePath":"14/9/27.png","Text":"كَفَرْنَا","Translation":"[we] disbelieve","Transliteration":"kafarnā"},{"Position":28,"AudioFileName":"014_009_028.mp3","TajweedImageFilePath":"14/9/28.png","Text":"بِمَآ","Translation":"in what","Transliteration":"bimā"},{"Position":29,"AudioFileName":"014_009_029.mp3","TajweedImageFilePath":"14/9/29.png","Text":"أُرْسِلْتُم","Translation":"you have been sent","Transliteration":"ur'sil'tum"},{"Position":30,"AudioFileName":"014_009_030.mp3","TajweedImageFilePath":"14/9/30.png","Text":"بِهِۦ","Translation":"with [it]","Transliteration":"bihi"},{"Position":31,"AudioFileName":"014_009_031.mp3","TajweedImageFilePath":"14/9/31.png","Text":"وَإِنَّا","Translation":"and indeed, we","Transliteration":"wa-innā"},{"Position":32,"AudioFileName":"014_009_032.mp3","TajweedImageFilePath":"14/9/32.png","Text":"لَفِى","Translation":"(are) surely in","Transliteration":"lafī"},{"Position":33,"AudioFileName":"014_009_033.mp3","TajweedImageFilePath":"14/9/33.png","Text":"شَكٍّۢ","Translation":"doubt","Transliteration":"shakkin"},{"Position":34,"AudioFileName":"014_009_034.mp3","TajweedImageFilePath":"14/9/34.png","Text":"مِّمَّا","Translation":"about what","Transliteration":"mimmā"},{"Position":35,"AudioFileName":"014_009_035.mp3","TajweedImageFilePath":"14/9/35.png","Text":"تَدْعُونَنَآ","Translation":"you invite us","Transliteration":"tadʿūnanā"},{"Position":36,"AudioFileName":"014_009_036.mp3","TajweedImageFilePath":"14/9/36.png","Text":"إِلَيْهِ","Translation":"to it","Transliteration":"ilayhi"},{"Position":37,"AudioFileName":"014_009_037.mp3","TajweedImageFilePath":"14/9/37.png","Text":"مُرِيبٍۢ","Translation":"suspicious","Transliteration":"murībin"},{"Position":38,"AudioFileName":null,"TajweedImageFilePath":"9.png","Text":"٩","Translation":"(9)","Transliteration":null}],"PageNumber":256,"JuzNumber":13,"ManzilNumber":3,"RukuNumber":212,"MaqraNumber":102,"HizbNumber":26,"HizbDecimal":0.25,"HasSajda":false}]}