{"MaqraNumber":33.0,"Verses":[{"SurahNumber":4,"SurahIndex":"004","VerseNumber":24,"ShowSurahName":false,"ShowBismillah":false,"Text":"۞وَٱلۡمُحۡصَنَٰتُ مِنَ ٱلنِّسَآءِ إِلَّا مَا مَلَكَتۡ أَيۡمَٰنُكُمۡۖ كِتَٰبَ ٱللَّهِ عَلَيۡكُمۡۚ وَأُحِلَّ لَكُم مَّا وَرَآءَ ذَٰلِكُمۡ أَن تَبۡتَغُواْ بِأَمۡوَٰلِكُم مُّحۡصِنِينَ غَيۡرَ مُسَٰفِحِينَۚ فَمَا ٱسۡتَمۡتَعۡتُم بِهِۦ مِنۡهُنَّ فَـَٔاتُوهُنَّ أُجُورَهُنَّ فَرِيضَةٗۚ وَلَا جُنَاحَ عَلَيۡكُمۡ فِيمَا تَرَٰضَيۡتُم بِهِۦ مِنۢ بَعۡدِ ٱلۡفَرِيضَةِۚ إِنَّ ٱللَّهَ كَانَ عَلِيمًا حَكِيمٗا","TajweedText":"۞ وَ<tajweed class=ham_wasl>ٱ</tajweed>لْمُحْصَنَ<tajweed class=madda_normal>ـٰ</tajweed>تُ مِنَ <tajweed class=ham_wasl>ٱ</tajweed><tajweed class=laam_shamsiyah>ل</tajweed><tajweed class=ghunnah>نّ</tajweed>ِس<tajweed class=madda_obligatory>َا</tajweed>ٓءِ إِلَّا مَا مَلَكَتْ أَيْمَ<tajweed class=madda_normal>ـٰ</tajweed>نُكُمْ‌ۖ كِتَ<tajweed class=madda_normal>ـٰ</tajweed>بَ <tajweed class=ham_wasl>ٱ</tajweed>للَّهِ عَلَيْكُمْ‌ۚ وَأُحِلَّ لَك<tajweed class=idgham_shafawi>ُم م</tajweed>َّا وَر<tajweed class=madda_obligatory>َا</tajweed>ٓءَ ذ<tajweed class=madda_normal>َٲ</tajweed>لِكُمْ أَ<tajweed class=ikhafa>ن ت</tajweed>َ<tajweed class=qalaqah>بْ</tajweed>تَغُو<tajweed class=slnt>اْ</tajweed> بِأَمْو<tajweed class=madda_normal>َٲ</tajweed>لِك<tajweed class=idgham_shafawi>ُم م</tajweed>ُّحْصِنِينَ غَيْرَ مُسَ<tajweed class=madda_normal>ـٰ</tajweed>فِحِينَ‌ۚ فَمَا <tajweed class=ham_wasl>ٱ</tajweed>سْتَمْتَعْت<tajweed class=ikhafa_shafawi>ُم ب</tajweed>ِه<tajweed class=madda_normal>ِۦ</tajweed> مِنْهُ<tajweed class=ghunnah>نّ</tajweed>َ فَـَٔـاتُوهُ<tajweed class=ghunnah>نّ</tajweed>َ أُجُورَهُ<tajweed class=ghunnah>نّ</tajweed>َ فَرِيضَ<tajweed class=idgham_ghunnah>ةً‌ۚ و</tajweed>َلَا جُنَاحَ عَلَيْكُمْ فِيمَا تَر<tajweed class=madda_normal>َٲ</tajweed>ضَيْت<tajweed class=ikhafa_shafawi>ُم ب</tajweed>ِه<tajweed class=madda_normal>ِۦ</tajweed> م<tajweed class=iqlab>ِنۢ ب</tajweed>َعْدِ <tajweed class=ham_wasl>ٱ</tajweed>لْفَرِيضَةِ‌ۚ إِ<tajweed class=ghunnah>نّ</tajweed>َ <tajweed class=ham_wasl>ٱ</tajweed>للَّهَ كَانَ عَلِيمًا حَكِيمًا <span class=end>٢٤</span>","End":"٢٤","PageNumber":82,"JuzNumber":5,"ManzilNumber":1,"RukuNumber":65,"MaqraNumber":33,"HizbNumber":9,"HizbDecimal":0.0,"HasSajda":false},{"SurahNumber":4,"SurahIndex":"004","VerseNumber":25,"ShowSurahName":false,"ShowBismillah":false,"Text":"وَمَن لَّمۡ يَسۡتَطِعۡ مِنكُمۡ طَوۡلًا أَن يَنكِحَ ٱلۡمُحۡصَنَٰتِ ٱلۡمُؤۡمِنَٰتِ فَمِن مَّا مَلَكَتۡ أَيۡمَٰنُكُم مِّن فَتَيَٰتِكُمُ ٱلۡمُؤۡمِنَٰتِۚ وَٱللَّهُ أَعۡلَمُ بِإِيمَٰنِكُمۚ بَعۡضُكُم مِّنۢ بَعۡضٖۚ فَٱنكِحُوهُنَّ بِإِذۡنِ أَهۡلِهِنَّ وَءَاتُوهُنَّ أُجُورَهُنَّ بِٱلۡمَعۡرُوفِ مُحۡصَنَٰتٍ غَيۡرَ مُسَٰفِحَٰتٖ وَلَا مُتَّخِذَٰتِ أَخۡدَانٖۚ فَإِذَآ أُحۡصِنَّ فَإِنۡ أَتَيۡنَ بِفَٰحِشَةٖ فَعَلَيۡهِنَّ نِصۡفُ مَا عَلَى ٱلۡمُحۡصَنَٰتِ مِنَ ٱلۡعَذَابِۚ ذَٰلِكَ لِمَنۡ خَشِيَ ٱلۡعَنَتَ مِنكُمۡۚ وَأَن تَصۡبِرُواْ خَيۡرٞ لَّكُمۡۗ وَٱللَّهُ غَفُورٞ رَّحِيمٞ","TajweedText":"وَم<tajweed class=idgham_wo_ghunnah>َن ل</tajweed>َّمْ يَسْتَطِعْ مِ<tajweed class=ikhafa>نك</tajweed>ُمْ طَوْلاً أ<tajweed class=idgham_ghunnah>َن ي</tajweed>َ<tajweed class=ikhafa>نك</tajweed>ِحَ <tajweed class=ham_wasl>ٱ</tajweed>لْمُحْصَنَ<tajweed class=madda_normal>ـٰ</tajweed>تِ <tajweed class=ham_wasl>ٱ</tajweed>لْمُؤْمِنَ<tajweed class=madda_normal>ـٰ</tajweed>تِ فَم<tajweed class=idgham_ghunnah>ِن م</tajweed>َّا مَلَكَتْ أَيْمَ<tajweed class=madda_normal>ـٰ</tajweed>نُك<tajweed class=idgham_shafawi>ُم م</tajweed>ِّ<tajweed class=ikhafa>ن ف</tajweed>َتَيَ<tajweed class=madda_normal>ـٰ</tajweed>تِكُمُ <tajweed class=ham_wasl>ٱ</tajweed>لْمُؤْمِنَ<tajweed class=madda_normal>ـٰ</tajweed>تِ‌ۚ وَ<tajweed class=ham_wasl>ٱ</tajweed>للَّهُ أَعْلَمُ بِإِيمَ<tajweed class=madda_normal>ـٰ</tajweed>نِك<tajweed class=ikhafa_shafawi>ُم‌ۚ ب</tajweed>َعْضُك<tajweed class=idgham_shafawi>ُم م</tajweed>ّ<tajweed class=iqlab>ِنۢ ب</tajweed>َعْ<tajweed class=ikhafa>ضٍ‌ۚ ف</tajweed>َ<tajweed class=ham_wasl>ٱ</tajweed><tajweed class=ikhafa>نك</tajweed>ِحُوهُ<tajweed class=ghunnah>نّ</tajweed>َ بِإِذْنِ أَهْلِهِ<tajweed class=ghunnah>نّ</tajweed>َ وَءَاتُوهُ<tajweed class=ghunnah>نّ</tajweed>َ أُجُورَهُ<tajweed class=ghunnah>نّ</tajweed>َ بِ<tajweed class=ham_wasl>ٱ</tajweed>لْمَعْرُوفِ مُحْصَنَ<tajweed class=madda_normal>ـٰ</tajweed>تٍ غَيْرَ مُسَ<tajweed class=madda_normal>ـٰ</tajweed>فِحَ<tajweed class=madda_normal>ـٰ</tajweed><tajweed class=idgham_ghunnah>تٍ و</tajweed>َلَا مُتَّخِذ<tajweed class=madda_normal>َٲ</tajweed>تِ أَخْدَا<tajweed class=ikhafa>نٍ‌ۚ ف</tajweed>َإِذ<tajweed class=madda_obligatory>َآ</tajweed> أُحْصِ<tajweed class=ghunnah>نّ</tajweed>َ فَإِنْ أَتَيْنَ بِفَ<tajweed class=madda_normal>ـٰ</tajweed>حِشَ<tajweed class=ikhafa>ةٍ ف</tajweed>َعَلَيْهِ<tajweed class=ghunnah>نّ</tajweed>َ نِصْفُ مَا عَلَى <tajweed class=ham_wasl>ٱ</tajweed>لْمُحْصَنَ<tajweed class=madda_normal>ـٰ</tajweed>تِ مِنَ <tajweed class=ham_wasl>ٱ</tajweed>لْعَذَابِ‌ۚ ذ<tajweed class=madda_normal>َٲ</tajweed>لِكَ لِمَنْ خَشِىَ <tajweed class=ham_wasl>ٱ</tajweed>لْعَنَتَ مِ<tajweed class=ikhafa>نك</tajweed>ُمْ‌ۚ وَأَ<tajweed class=ikhafa>ن ت</tajweed>َصْبِرُو<tajweed class=slnt>اْ</tajweed> خَيْ<tajweed class=idgham_wo_ghunnah>رٌ ل</tajweed>َّكُمْ‌ۗ وَ<tajweed class=ham_wasl>ٱ</tajweed>للَّهُ غَفُو<tajweed class=idgham_wo_ghunnah>رٌ ر</tajweed>َّح<tajweed class=madda_permissible>ِي</tajweed>مٌ <span class=end>٢٥</span>","End":"٢٥","PageNumber":82,"JuzNumber":5,"ManzilNumber":1,"RukuNumber":65,"MaqraNumber":33,"HizbNumber":9,"HizbDecimal":0.0,"HasSajda":false},{"SurahNumber":4,"SurahIndex":"004","VerseNumber":26,"ShowSurahName":false,"ShowBismillah":false,"Text":"يُرِيدُ ٱللَّهُ لِيُبَيِّنَ لَكُمۡ وَيَهۡدِيَكُمۡ سُنَنَ ٱلَّذِينَ مِن قَبۡلِكُمۡ وَيَتُوبَ عَلَيۡكُمۡۗ وَٱللَّهُ عَلِيمٌ حَكِيمٞ","TajweedText":"يُرِيدُ <tajweed class=ham_wasl>ٱ</tajweed>للَّهُ لِيُبَيِّنَ لَكُمْ وَيَهْدِيَكُمْ سُنَنَ <tajweed class=ham_wasl>ٱ</tajweed>لَّذِينَ مِ<tajweed class=ikhafa>ن ق</tajweed>َ<tajweed class=qalaqah>بْ</tajweed>لِكُمْ وَيَتُوبَ عَلَيْكُمْ‌ۗ وَ<tajweed class=ham_wasl>ٱ</tajweed>للَّهُ عَلِيمٌ حَك<tajweed class=madda_permissible>ِي</tajweed>مٌ <span class=end>٢٦</span>","End":"٢٦","PageNumber":82,"JuzNumber":5,"ManzilNumber":1,"RukuNumber":66,"MaqraNumber":33,"HizbNumber":9,"HizbDecimal":0.0,"HasSajda":false},{"SurahNumber":4,"SurahIndex":"004","VerseNumber":27,"ShowSurahName":false,"ShowBismillah":false,"Text":"وَٱللَّهُ يُرِيدُ أَن يَتُوبَ عَلَيۡكُمۡ وَيُرِيدُ ٱلَّذِينَ يَتَّبِعُونَ ٱلشَّهَوَٰتِ أَن تَمِيلُواْ مَيۡلًا عَظِيمٗا","TajweedText":"وَ<tajweed class=ham_wasl>ٱ</tajweed>للَّهُ يُرِيدُ أ<tajweed class=idgham_ghunnah>َن ي</tajweed>َتُوبَ عَلَيْكُمْ وَيُرِيدُ <tajweed class=ham_wasl>ٱ</tajweed>لَّذِينَ يَتَّبِعُونَ <tajweed class=ham_wasl>ٱ</tajweed><tajweed class=laam_shamsiyah>ل</tajweed>شَّهَو<tajweed class=madda_normal>َٲ</tajweed>تِ أَ<tajweed class=ikhafa>ن ت</tajweed>َمِيلُو<tajweed class=slnt>اْ</tajweed> مَيْلاً عَظِيمًا <span class=end>٢٧</span>","End":"٢٧","PageNumber":83,"JuzNumber":5,"ManzilNumber":1,"RukuNumber":66,"MaqraNumber":33,"HizbNumber":9,"HizbDecimal":0.0,"HasSajda":false},{"SurahNumber":4,"SurahIndex":"004","VerseNumber":28,"ShowSurahName":false,"ShowBismillah":false,"Text":"يُرِيدُ ٱللَّهُ أَن يُخَفِّفَ عَنكُمۡۚ وَخُلِقَ ٱلۡإِنسَٰنُ ضَعِيفٗا","TajweedText":"يُرِيدُ <tajweed class=ham_wasl>ٱ</tajweed>للَّهُ أ<tajweed class=idgham_ghunnah>َن ي</tajweed>ُخَفِّفَ عَ<tajweed class=ikhafa>نك</tajweed>ُمْ‌ۚ وَخُلِقَ <tajweed class=ham_wasl>ٱ</tajweed>لْإِ<tajweed class=ikhafa>نس</tajweed>َ<tajweed class=madda_normal>ـٰ</tajweed>نُ ضَعِيفًا <span class=end>٢٨</span>","End":"٢٨","PageNumber":83,"JuzNumber":5,"ManzilNumber":1,"RukuNumber":66,"MaqraNumber":33,"HizbNumber":9,"HizbDecimal":0.0,"HasSajda":false},{"SurahNumber":4,"SurahIndex":"004","VerseNumber":29,"ShowSurahName":false,"ShowBismillah":false,"Text":"يَـٰٓأَيُّهَا ٱلَّذِينَ ءَامَنُواْ لَا تَأۡكُلُوٓاْ أَمۡوَٰلَكُم بَيۡنَكُم بِٱلۡبَٰطِلِ إِلَّآ أَن تَكُونَ تِجَٰرَةً عَن تَرَاضٖ مِّنكُمۡۚ وَلَا تَقۡتُلُوٓاْ أَنفُسَكُمۡۚ إِنَّ ٱللَّهَ كَانَ بِكُمۡ رَحِيمٗا","TajweedText":"يَ<tajweed class=madda_obligatory>ـٰٓ</tajweed>أَيُّهَا <tajweed class=ham_wasl>ٱ</tajweed>لَّذِينَ ءَامَنُو<tajweed class=slnt>اْ</tajweed> لَا تَأْكُل<tajweed class=madda_obligatory>ُوٓ</tajweed><tajweed class=slnt>اْ</tajweed> أَمْو<tajweed class=madda_normal>َٲ</tajweed>لَك<tajweed class=ikhafa_shafawi>ُم ب</tajweed>َيْنَك<tajweed class=ikhafa_shafawi>ُم ب</tajweed>ِ<tajweed class=ham_wasl>ٱ</tajweed>لْبَ<tajweed class=madda_normal>ـٰ</tajweed>طِلِ إِلّ<tajweed class=madda_obligatory>َآ</tajweed> أَ<tajweed class=ikhafa>ن ت</tajweed>َكُونَ تِجَ<tajweed class=madda_normal>ـٰ</tajweed>رَةً عَ<tajweed class=ikhafa>ن ت</tajweed>َرَا<tajweed class=idgham_ghunnah>ضٍ م</tajweed>ِّ<tajweed class=ikhafa>نك</tajweed>ُمْ‌ۚ وَلَا تَ<tajweed class=qalaqah>قْ</tajweed>تُل<tajweed class=madda_obligatory>ُوٓ</tajweed><tajweed class=slnt>اْ</tajweed> أَ<tajweed class=ikhafa>نف</tajweed>ُسَكُمْ‌ۚ إِ<tajweed class=ghunnah>نّ</tajweed>َ <tajweed class=ham_wasl>ٱ</tajweed>للَّهَ كَانَ بِكُمْ رَحِيمًا <span class=end>٢٩</span>","End":"٢٩","PageNumber":83,"JuzNumber":5,"ManzilNumber":1,"RukuNumber":66,"MaqraNumber":33,"HizbNumber":9,"HizbDecimal":0.0,"HasSajda":false},{"SurahNumber":4,"SurahIndex":"004","VerseNumber":30,"ShowSurahName":false,"ShowBismillah":false,"Text":"وَمَن يَفۡعَلۡ ذَٰلِكَ عُدۡوَٰنٗا وَظُلۡمٗا فَسَوۡفَ نُصۡلِيهِ نَارٗاۚ وَكَانَ ذَٰلِكَ عَلَى ٱللَّهِ يَسِيرًا","TajweedText":"وَم<tajweed class=idgham_ghunnah>َن ي</tajweed>َفْعَلْ ذ<tajweed class=madda_normal>َٲ</tajweed>لِكَ عُ<tajweed class=qalaqah>دْ</tajweed>و<tajweed class=madda_normal>َٲ</tajweed><tajweed class=idgham_ghunnah>نًا و</tajweed>َظُلْ<tajweed class=ikhafa>مًا ف</tajweed>َسَوْفَ نُصْلِيهِ نَا<tajweed class=idgham_ghunnah>رًا‌ۚ و</tajweed>َكَانَ ذ<tajweed class=madda_normal>َٲ</tajweed>لِكَ عَلَى <tajweed class=ham_wasl>ٱ</tajweed>للَّهِ يَسِيرًا <span class=end>٣٠</span>","End":"٣٠","PageNumber":83,"JuzNumber":5,"ManzilNumber":1,"RukuNumber":66,"MaqraNumber":33,"HizbNumber":9,"HizbDecimal":0.0,"HasSajda":false},{"SurahNumber":4,"SurahIndex":"004","VerseNumber":31,"ShowSurahName":false,"ShowBismillah":false,"Text":"إِن تَجۡتَنِبُواْ كَبَآئِرَ مَا تُنۡهَوۡنَ عَنۡهُ نُكَفِّرۡ عَنكُمۡ سَيِّـَٔاتِكُمۡ وَنُدۡخِلۡكُم مُّدۡخَلٗا كَرِيمٗا","TajweedText":"إِ<tajweed class=ikhafa>ن ت</tajweed>َ<tajweed class=qalaqah>جْ</tajweed>تَنِبُو<tajweed class=slnt>اْ</tajweed> كَب<tajweed class=madda_obligatory>َا</tajweed>ٓئِرَ مَا تُنْهَوْنَ عَنْهُ نُكَفِّرْ عَ<tajweed class=ikhafa>نك</tajweed>ُمْ سَيِّـَٔـاتِكُمْ وَنُ<tajweed class=qalaqah>دْ</tajweed>خِلْك<tajweed class=idgham_shafawi>ُم م</tajweed>ُّ<tajweed class=qalaqah>دْ</tajweed>خَل<tajweed class=ikhafa>اً ك</tajweed>َرِيمًا <span class=end>٣١</span>","End":"٣١","PageNumber":83,"JuzNumber":5,"ManzilNumber":1,"RukuNumber":66,"MaqraNumber":33,"HizbNumber":9,"HizbDecimal":0.0,"HasSajda":false},{"SurahNumber":4,"SurahIndex":"004","VerseNumber":32,"ShowSurahName":false,"ShowBismillah":false,"Text":"وَلَا تَتَمَنَّوۡاْ مَا فَضَّلَ ٱللَّهُ بِهِۦ بَعۡضَكُمۡ عَلَىٰ بَعۡضٖۚ لِّلرِّجَالِ نَصِيبٞ مِّمَّا ٱكۡتَسَبُواْۖ وَلِلنِّسَآءِ نَصِيبٞ مِّمَّا ٱكۡتَسَبۡنَۚ وَسۡـَٔلُواْ ٱللَّهَ مِن فَضۡلِهِۦٓۚ إِنَّ ٱللَّهَ كَانَ بِكُلِّ شَيۡءٍ عَلِيمٗا","TajweedText":"وَلَا تَتَمَ<tajweed class=ghunnah>نّ</tajweed>َوْ<tajweed class=slnt>اْ</tajweed> مَا فَضَّلَ <tajweed class=ham_wasl>ٱ</tajweed>للَّهُ بِه<tajweed class=madda_normal>ِۦ</tajweed> بَعْضَكُمْ عَلَىٰ بَعْ<tajweed class=idgham_wo_ghunnah>ضٍ‌ۚ ل</tajweed>ِّلرِّجَالِ نَصِي<tajweed class=idgham_ghunnah>بٌ م</tajweed>ِّ<tajweed class=ghunnah>مّ</tajweed>َا <tajweed class=ham_wasl>ٱ</tajweed>كْتَسَبُو<tajweed class=slnt>اْ‌ۖ</tajweed> وَلِل<tajweed class=ghunnah>نّ</tajweed>ِس<tajweed class=madda_obligatory>َا</tajweed>ٓءِ نَصِي<tajweed class=idgham_ghunnah>بٌ م</tajweed>ِّ<tajweed class=ghunnah>مّ</tajweed>َا <tajweed class=ham_wasl>ٱ</tajweed>كْتَسَ<tajweed class=qalaqah>بْ</tajweed>نَ‌ۚ وَسْــَٔلُو<tajweed class=slnt>اْ</tajweed> <tajweed class=ham_wasl>ٱ</tajweed>للَّهَ مِ<tajweed class=ikhafa>ن ف</tajweed>َضْلِه<tajweed class=madda_obligatory>ِۦٓ‌ۗ</tajweed> إِ<tajweed class=ghunnah>نّ</tajweed>َ <tajweed class=ham_wasl>ٱ</tajweed>للَّهَ كَانَ بِكُلِّ شَىْءٍ عَلِيمًا <span class=end>٣٢</span>","End":"٣٢","PageNumber":83,"JuzNumber":5,"ManzilNumber":1,"RukuNumber":66,"MaqraNumber":33,"HizbNumber":9,"HizbDecimal":0.0,"HasSajda":false},{"SurahNumber":4,"SurahIndex":"004","VerseNumber":33,"ShowSurahName":false,"ShowBismillah":false,"Text":"وَلِكُلّٖ جَعَلۡنَا مَوَٰلِيَ مِمَّا تَرَكَ ٱلۡوَٰلِدَانِ وَٱلۡأَقۡرَبُونَۚ وَٱلَّذِينَ عَقَدَتۡ أَيۡمَٰنُكُمۡ فَـَٔاتُوهُمۡ نَصِيبَهُمۡۚ إِنَّ ٱللَّهَ كَانَ عَلَىٰ كُلِّ شَيۡءٖ شَهِيدًا","TajweedText":"وَلِكُ<tajweed class=ikhafa>لٍّ ج</tajweed>َعَلْنَا مَو<tajweed class=madda_normal>َٲ</tajweed>لِىَ مِ<tajweed class=ghunnah>مّ</tajweed>َا تَرَكَ <tajweed class=ham_wasl>ٱ</tajweed>لْو<tajweed class=madda_normal>َٲ</tajweed>لِدَانِ وَ<tajweed class=ham_wasl>ٱ</tajweed>لْأَ<tajweed class=qalaqah>قْ</tajweed>رَبُونَ‌ۚ وَ<tajweed class=ham_wasl>ٱ</tajweed>لَّذِينَ عَقَدَتْ أَيْمَ<tajweed class=madda_normal>ـٰ</tajweed>نُكُمْ فَـَٔـاتُوهُمْ نَصِيبَهُمْ‌ۚ إِ<tajweed class=ghunnah>نّ</tajweed>َ <tajweed class=ham_wasl>ٱ</tajweed>للَّهَ كَانَ عَلَىٰ كُلِّ ش<tajweed class=ikhafa>َىْءٍ ش</tajweed>َهِيدًا <span class=end>٣٣</span>","End":"٣٣","PageNumber":83,"JuzNumber":5,"ManzilNumber":1,"RukuNumber":66,"MaqraNumber":33,"HizbNumber":9,"HizbDecimal":0.0,"HasSajda":false},{"SurahNumber":4,"SurahIndex":"004","VerseNumber":34,"ShowSurahName":false,"ShowBismillah":false,"Text":"ٱلرِّجَالُ قَوَّـٰمُونَ عَلَى ٱلنِّسَآءِ بِمَا فَضَّلَ ٱللَّهُ بَعۡضَهُمۡ عَلَىٰ بَعۡضٖ وَبِمَآ أَنفَقُواْ مِنۡ أَمۡوَٰلِهِمۡۚ فَٱلصَّـٰلِحَٰتُ قَٰنِتَٰتٌ حَٰفِظَٰتٞ لِّلۡغَيۡبِ بِمَا حَفِظَ ٱللَّهُۚ وَٱلَّـٰتِي تَخَافُونَ نُشُوزَهُنَّ فَعِظُوهُنَّ وَٱهۡجُرُوهُنَّ فِي ٱلۡمَضَاجِعِ وَٱضۡرِبُوهُنَّۖ فَإِنۡ أَطَعۡنَكُمۡ فَلَا تَبۡغُواْ عَلَيۡهِنَّ سَبِيلًاۗ إِنَّ ٱللَّهَ كَانَ عَلِيّٗا كَبِيرٗا","TajweedText":"ٱ<tajweed class=laam_shamsiyah>ل</tajweed>رِّجَالُ قَوّ<tajweed class=madda_normal>َٲ</tajweed>مُونَ عَلَى <tajweed class=ham_wasl>ٱ</tajweed><tajweed class=laam_shamsiyah>ل</tajweed><tajweed class=ghunnah>نّ</tajweed>ِس<tajweed class=madda_obligatory>َا</tajweed>ٓءِ بِمَا فَضَّلَ <tajweed class=ham_wasl>ٱ</tajweed>للَّهُ بَعْضَهُمْ عَلَىٰ بَعْ<tajweed class=idgham_ghunnah>ضٍ و</tajweed>َبِم<tajweed class=madda_obligatory>َآ</tajweed> أَ<tajweed class=ikhafa>نف</tajweed>َقُو<tajweed class=slnt>اْ</tajweed> مِنْ أَمْو<tajweed class=madda_normal>َٲ</tajweed>لِهِمْ‌ۚ فَ<tajweed class=ham_wasl>ٱ</tajweed><tajweed class=laam_shamsiyah>ل</tajweed>صَّ<tajweed class=madda_normal>ـٰ</tajweed>لِحَ<tajweed class=madda_normal>ـٰ</tajweed>تُ قَ<tajweed class=madda_normal>ـٰ</tajweed>نِتَ<tajweed class=madda_normal>ـٰ</tajweed>تٌ حَ<tajweed class=madda_normal>ـٰ</tajweed>فِظَ<tajweed class=madda_normal>ـٰ</tajweed><tajweed class=idgham_wo_ghunnah>تٌ ل</tajweed>ِّلْغَيْبِ بِمَا حَفِظَ <tajweed class=ham_wasl>ٱ</tajweed>للَّهُ‌ۚ وَ<tajweed class=ham_wasl>ٱ</tajweed>لَّ<tajweed class=madda_normal>ـٰ</tajweed>تِى تَخَافُونَ نُشُوزَهُ<tajweed class=ghunnah>نّ</tajweed>َ فَعِظُوهُ<tajweed class=ghunnah>نّ</tajweed>َ وَ<tajweed class=ham_wasl>ٱ</tajweed>هْجُرُوهُ<tajweed class=ghunnah>نّ</tajweed>َ فِى <tajweed class=ham_wasl>ٱ</tajweed>لْمَضَاجِعِ وَ<tajweed class=ham_wasl>ٱ</tajweed>ضْرِبُوهُ<tajweed class=ghunnah>نّ</tajweed>َ‌ۖ فَإِنْ أَطَعْنَكُمْ فَلَا تَ<tajweed class=qalaqah>بْ</tajweed>غُو<tajweed class=slnt>اْ</tajweed> عَلَيْهِ<tajweed class=ghunnah>نّ</tajweed>َ سَبِيلاً‌ۗ إِ<tajweed class=ghunnah>نّ</tajweed>َ <tajweed class=ham_wasl>ٱ</tajweed>للَّهَ كَانَ عَلِي<tajweed class=ikhafa>ًّا ك</tajweed>َبِيرًا <span class=end>٣٤</span>","End":"٣٤","PageNumber":84,"JuzNumber":5,"ManzilNumber":1,"RukuNumber":67,"MaqraNumber":33,"HizbNumber":9,"HizbDecimal":0.0,"HasSajda":false},{"SurahNumber":4,"SurahIndex":"004","VerseNumber":35,"ShowSurahName":false,"ShowBismillah":false,"Text":"وَإِنۡ خِفۡتُمۡ شِقَاقَ بَيۡنِهِمَا فَٱبۡعَثُواْ حَكَمٗا مِّنۡ أَهۡلِهِۦ وَحَكَمٗا مِّنۡ أَهۡلِهَآ إِن يُرِيدَآ إِصۡلَٰحٗا يُوَفِّقِ ٱللَّهُ بَيۡنَهُمَآۗ إِنَّ ٱللَّهَ كَانَ عَلِيمًا خَبِيرٗا","TajweedText":"وَإِنْ خِفْتُمْ شِقَاقَ بَيْنِهِمَا فَ<tajweed class=ham_wasl>ٱ</tajweed><tajweed class=qalaqah>بْ</tajweed>عَثُو<tajweed class=slnt>اْ</tajweed> حَكَ<tajweed class=idgham_ghunnah>مًا م</tajweed>ِّنْ أَهْلِه<tajweed class=madda_normal>ِۦ</tajweed> وَحَكَ<tajweed class=idgham_ghunnah>مًا م</tajweed>ِّنْ أَهْلِه<tajweed class=madda_obligatory>َآ</tajweed> إ<tajweed class=idgham_ghunnah>ِن ي</tajweed>ُرِيد<tajweed class=madda_obligatory>َآ</tajweed> إِصْلَ<tajweed class=madda_normal>ـٰ</tajweed><tajweed class=idgham_ghunnah>حًا ي</tajweed>ُوَفِّقِ <tajweed class=ham_wasl>ٱ</tajweed>للَّهُ بَيْنَهُم<tajweed class=madda_obligatory>َآ‌ۗ</tajweed> إِ<tajweed class=ghunnah>نّ</tajweed>َ <tajweed class=ham_wasl>ٱ</tajweed>للَّهَ كَانَ عَلِيمًا خَبِيرًا <span class=end>٣٥</span>","End":"٣٥","PageNumber":84,"JuzNumber":5,"ManzilNumber":1,"RukuNumber":67,"MaqraNumber":33,"HizbNumber":9,"HizbDecimal":0.0,"HasSajda":false}]}