{"MaqraNumber":69,"Verses":[{"SurahNumber":7,"SurahIndex":"007","VerseNumber":171,"ShowSurahName":false,"ShowBismillah":false,"Words":[{"Position":1,"AudioFileName":"007_171_001.mp3","TajweedImageFilePath":"7/171/1.png","Text":"۞ وَإِذْ","Translation":"And when","Transliteration":"wa-idh","Root":"إِذ"},{"Position":2,"AudioFileName":"007_171_002.mp3","TajweedImageFilePath":"7/171/2.png","Text":"نَتَقْنَا","Translation":"We raised","Transliteration":"nataqnā","Root":"ن ت ق"},{"Position":3,"AudioFileName":"007_171_003.mp3","TajweedImageFilePath":"7/171/3.png","Text":"ٱلْجَبَلَ","Translation":"the mountain","Transliteration":"l-jabala","Root":"ج ب ل"},{"Position":4,"AudioFileName":"007_171_004.mp3","TajweedImageFilePath":"7/171/4.png","Text":"فَوْقَهُمْ","Translation":"above them","Transliteration":"fawqahum","Root":"ف و ق"},{"Position":5,"AudioFileName":"007_171_005.mp3","TajweedImageFilePath":"7/171/5.png","Text":"كَأَنَّهُۥ","Translation":"as if it was","Transliteration":"ka-annahu","Root":"ك ا ن"},{"Position":6,"AudioFileName":"007_171_006.mp3","TajweedImageFilePath":"7/171/6.png","Text":"ظُلَّةٌۭ","Translation":"a canopy","Transliteration":"ẓullatun","Root":"ظ ل ل"},{"Position":7,"AudioFileName":"007_171_007.mp3","TajweedImageFilePath":"7/171/7.png","Text":"وَظَنُّوٓا۟","Translation":"and they thought","Transliteration":"waẓannū","Root":"ظ ن ن"},{"Position":8,"AudioFileName":"007_171_008.mp3","TajweedImageFilePath":"7/171/8.png","Text":"أَنَّهُۥ","Translation":"that it","Transliteration":"annahu","Root":"ا ن ن"},{"Position":9,"AudioFileName":"007_171_009.mp3","TajweedImageFilePath":"7/171/9.png","Text":"وَاقِعٌۢ","Translation":"(would) fall","Transliteration":"wāqiʿun","Root":"و ق ع"},{"Position":10,"AudioFileName":"007_171_010.mp3","TajweedImageFilePath":"7/171/10.png","Text":"بِهِمْ","Translation":"upon them","Transliteration":"bihim","Root":"ب"},{"Position":11,"AudioFileName":"007_171_011.mp3","TajweedImageFilePath":"7/171/11.png","Text":"خُذُوا۟","Translation":"(We said), \"Take","Transliteration":"khudhū","Root":"أ خ ذ"},{"Position":12,"AudioFileName":"007_171_012.mp3","TajweedImageFilePath":"7/171/12.png","Text":"مَآ","Translation":"what","Transliteration":"mā","Root":"م ا"},{"Position":13,"AudioFileName":"007_171_013.mp3","TajweedImageFilePath":"7/171/13.png","Text":"ءَاتَيْنَـٰكُم","Translation":"We have given you","Transliteration":"ātaynākum","Root":"أ ت ي"},{"Position":14,"AudioFileName":"007_171_014.mp3","TajweedImageFilePath":"7/171/14.png","Text":"بِقُوَّةٍۢ","Translation":"with strength","Transliteration":"biquwwatin","Root":"ق و ي"},{"Position":15,"AudioFileName":"007_171_015.mp3","TajweedImageFilePath":"7/171/15.png","Text":"وَٱذْكُرُوا۟","Translation":"and remember","Transliteration":"wa-udh'kurū","Root":"ذ ك ر"},{"Position":16,"AudioFileName":"007_171_016.mp3","TajweedImageFilePath":"7/171/16.png","Text":"مَا","Translation":"what","Transliteration":"mā","Root":"م ا"},{"Position":17,"AudioFileName":"007_171_017.mp3","TajweedImageFilePath":"7/171/17.png","Text":"فِيهِ","Translation":"(is) in it","Transliteration":"fīhi","Root":"ف ى"},{"Position":18,"AudioFileName":"007_171_018.mp3","TajweedImageFilePath":"7/171/18.png","Text":"لَعَلَّكُمْ","Translation":"so that you may","Transliteration":"laʿallakum","Root":"ل ع ل ل"},{"Position":19,"AudioFileName":"007_171_019.mp3","TajweedImageFilePath":"7/171/19.png","Text":"تَتَّقُونَ","Translation":"fear Allah","Transliteration":"tattaqūna","Root":"و ق ي"},{"Position":20,"AudioFileName":null,"TajweedImageFilePath":"171.png","Text":"١٧١","Translation":"(171)","Transliteration":null,"Root":null}],"PageNumber":173,"JuzNumber":9,"ManzilNumber":2,"RukuNumber":142,"MaqraNumber":69,"HizbNumber":18,"HizbDecimal":0.0,"HasSajda":false},{"SurahNumber":7,"SurahIndex":"007","VerseNumber":172,"ShowSurahName":false,"ShowBismillah":false,"Words":[{"Position":1,"AudioFileName":"007_172_001.mp3","TajweedImageFilePath":"7/172/1.png","Text":"وَإِذْ","Translation":"And when","Transliteration":"wa-idh","Root":"إِذ"},{"Position":2,"AudioFileName":"007_172_002.mp3","TajweedImageFilePath":"7/172/2.png","Text":"أَخَذَ","Translation":"(was) taken","Transliteration":"akhadha","Root":"أ خ ذ"},{"Position":3,"AudioFileName":"007_172_003.mp3","TajweedImageFilePath":"7/172/3.png","Text":"رَبُّكَ","Translation":"(by) your Lord","Transliteration":"rabbuka","Root":"ر ب ب"},{"Position":4,"AudioFileName":"007_172_004.mp3","TajweedImageFilePath":"7/172/4.png","Text":"مِنۢ","Translation":"from","Transliteration":"min","Root":"م ن"},{"Position":5,"AudioFileName":"007_172_005.mp3","TajweedImageFilePath":"7/172/5.png","Text":"بَنِىٓ","Translation":"(the) Children","Transliteration":"banī","Root":"ب ن ي"},{"Position":6,"AudioFileName":"007_172_006.mp3","TajweedImageFilePath":"7/172/6.png","Text":"ءَادَمَ","Translation":"(of) Adam ","Transliteration":"ādama","Root":"آدَم"},{"Position":7,"AudioFileName":"007_172_007.mp3","TajweedImageFilePath":"7/172/7.png","Text":"مِن","Translation":"from","Transliteration":"min","Root":"م ن"},{"Position":8,"AudioFileName":"007_172_008.mp3","TajweedImageFilePath":"7/172/8.png","Text":"ظُهُورِهِمْ","Translation":"their loins ","Transliteration":"ẓuhūrihim","Root":"ظ ه ر"},{"Position":9,"AudioFileName":"007_172_009.mp3","TajweedImageFilePath":"7/172/9.png","Text":"ذُرِّيَّتَهُمْ","Translation":"their descendants","Transliteration":"dhurriyyatahum","Root":"ذ ر ر"},{"Position":10,"AudioFileName":"007_172_010.mp3","TajweedImageFilePath":"7/172/10.png","Text":"وَأَشْهَدَهُمْ","Translation":"and made them testify","Transliteration":"wa-ashhadahum","Root":"ش ه د"},{"Position":11,"AudioFileName":"007_172_011.mp3","TajweedImageFilePath":"7/172/11.png","Text":"عَلَىٰٓ","Translation":"over","Transliteration":"ʿalā","Root":"ع ل ى"},{"Position":12,"AudioFileName":"007_172_012.mp3","TajweedImageFilePath":"7/172/12.png","Text":"أَنفُسِهِمْ","Translation":"themselves","Transliteration":"anfusihim","Root":"ن ف س"},{"Position":13,"AudioFileName":"007_172_013.mp3","TajweedImageFilePath":"7/172/13.png","Text":"أَلَسْتُ","Translation":"Am I not","Transliteration":"alastu","Root":"ل ي س"},{"Position":14,"AudioFileName":"007_172_014.mp3","TajweedImageFilePath":"7/172/14.png","Text":"بِرَبِّكُمْ ۖ","Translation":"your Lord","Transliteration":"birabbikum","Root":"ر ب ب"},{"Position":15,"AudioFileName":"007_172_015.mp3","TajweedImageFilePath":"7/172/15.png","Text":"قَالُوا۟","Translation":"They said","Transliteration":"qālū","Root":"ق و ل"},{"Position":16,"AudioFileName":"007_172_016.mp3","TajweedImageFilePath":"7/172/16.png","Text":"بَلَىٰ ۛ","Translation":"Yes","Transliteration":"balā","Root":"ب ل ى"},{"Position":17,"AudioFileName":"007_172_017.mp3","TajweedImageFilePath":"7/172/17.png","Text":"شَهِدْنَآ ۛ","Translation":"we have testified","Transliteration":"shahid'nā","Root":"ش ه د"},{"Position":18,"AudioFileName":"007_172_018.mp3","TajweedImageFilePath":"7/172/18.png","Text":"أَن","Translation":"Lest","Transliteration":"an","Root":"ا ن"},{"Position":19,"AudioFileName":"007_172_019.mp3","TajweedImageFilePath":"7/172/19.png","Text":"تَقُولُوا۟","Translation":"you say","Transliteration":"taqūlū","Root":"ق و ل"},{"Position":20,"AudioFileName":"007_172_020.mp3","TajweedImageFilePath":"7/172/20.png","Text":"يَوْمَ","Translation":"(on the) Day","Transliteration":"yawma","Root":"ي و م"},{"Position":21,"AudioFileName":"007_172_021.mp3","TajweedImageFilePath":"7/172/21.png","Text":"ٱلْقِيَـٰمَةِ","Translation":"(of) the Resurrection","Transliteration":"l-qiyāmati","Root":"ق و م"},{"Position":22,"AudioFileName":"007_172_022.mp3","TajweedImageFilePath":"7/172/22.png","Text":"إِنَّا","Translation":"Indeed","Transliteration":"innā","Root":"ا ن ن"},{"Position":23,"AudioFileName":"007_172_023.mp3","TajweedImageFilePath":"7/172/23.png","Text":"كُنَّا","Translation":"we were","Transliteration":"kunnā","Root":"ك و ن"},{"Position":24,"AudioFileName":"007_172_024.mp3","TajweedImageFilePath":"7/172/24.png","Text":"عَنْ","Translation":"about","Transliteration":"ʿan","Root":"ع ن"},{"Position":25,"AudioFileName":"007_172_025.mp3","TajweedImageFilePath":"7/172/25.png","Text":"هَـٰذَا","Translation":"this","Transliteration":"hādhā","Root":"ه ا ذ"},{"Position":26,"AudioFileName":"007_172_026.mp3","TajweedImageFilePath":"7/172/26.png","Text":"غَـٰفِلِينَ","Translation":"unaware","Transliteration":"ghāfilīna","Root":"غ ف ل"},{"Position":27,"AudioFileName":null,"TajweedImageFilePath":"172.png","Text":"١٧٢","Translation":"(172)","Transliteration":null,"Root":null}],"PageNumber":173,"JuzNumber":9,"ManzilNumber":2,"RukuNumber":143,"MaqraNumber":69,"HizbNumber":18,"HizbDecimal":0.0,"HasSajda":false},{"SurahNumber":7,"SurahIndex":"007","VerseNumber":173,"ShowSurahName":false,"ShowBismillah":false,"Words":[{"Position":1,"AudioFileName":"007_173_001.mp3","TajweedImageFilePath":"7/173/1.png","Text":"أَوْ","Translation":"Or","Transliteration":"aw","Root":"ا و"},{"Position":2,"AudioFileName":"007_173_002.mp3","TajweedImageFilePath":"7/173/2.png","Text":"تَقُولُوٓا۟","Translation":"you say","Transliteration":"taqūlū","Root":"ق و ل"},{"Position":3,"AudioFileName":"007_173_003.mp3","TajweedImageFilePath":"7/173/3.png","Text":"إِنَّمَآ","Translation":"Only","Transliteration":"innamā","Root":"ا ن ن م ا"},{"Position":4,"AudioFileName":"007_173_004.mp3","TajweedImageFilePath":"7/173/4.png","Text":"أَشْرَكَ","Translation":"partners (were) associated (with Allah)","Transliteration":"ashraka","Root":"ش ر ك"},{"Position":5,"AudioFileName":"007_173_005.mp3","TajweedImageFilePath":"7/173/5.png","Text":"ءَابَآؤُنَا","Translation":"(by) our forefathers","Transliteration":"ābāunā","Root":"أ ب و"},{"Position":6,"AudioFileName":"007_173_006.mp3","TajweedImageFilePath":"7/173/6.png","Text":"مِن","Translation":"from","Transliteration":"min","Root":"م ن"},{"Position":7,"AudioFileName":"007_173_007.mp3","TajweedImageFilePath":"7/173/7.png","Text":"قَبْلُ","Translation":"before (us)","Transliteration":"qablu","Root":"ق ب ل"},{"Position":8,"AudioFileName":"007_173_008.mp3","TajweedImageFilePath":"7/173/8.png","Text":"وَكُنَّا","Translation":"and we are","Transliteration":"wakunnā","Root":"ك و ن"},{"Position":9,"AudioFileName":"007_173_009.mp3","TajweedImageFilePath":"7/173/9.png","Text":"ذُرِّيَّةًۭ","Translation":"descendants","Transliteration":"dhurriyyatan","Root":"ذ ر ر"},{"Position":10,"AudioFileName":"007_173_010.mp3","TajweedImageFilePath":"7/173/10.png","Text":"مِّنۢ","Translation":"from","Transliteration":"min","Root":"م ن"},{"Position":11,"AudioFileName":"007_173_011.mp3","TajweedImageFilePath":"7/173/11.png","Text":"بَعْدِهِمْ ۖ","Translation":"after them","Transliteration":"baʿdihim","Root":"ب ع د"},{"Position":12,"AudioFileName":"007_173_012.mp3","TajweedImageFilePath":"7/173/12.png","Text":"أَفَتُهْلِكُنَا","Translation":"So will You destroy us","Transliteration":"afatuh'likunā","Root":"ه ل ك"},{"Position":13,"AudioFileName":"007_173_013.mp3","TajweedImageFilePath":"7/173/13.png","Text":"بِمَا","Translation":"for what","Transliteration":"bimā","Root":"ب م ا"},{"Position":14,"AudioFileName":"007_173_014.mp3","TajweedImageFilePath":"7/173/14.png","Text":"فَعَلَ","Translation":"did","Transliteration":"faʿala","Root":"ف ع ل"},{"Position":15,"AudioFileName":"007_173_015.mp3","TajweedImageFilePath":"7/173/15.png","Text":"ٱلْمُبْطِلُونَ","Translation":"the falsifiers","Transliteration":"l-mub'ṭilūna","Root":"ب ط ل"},{"Position":16,"AudioFileName":null,"TajweedImageFilePath":"173.png","Text":"١٧٣","Translation":"(173)","Transliteration":null,"Root":null}],"PageNumber":173,"JuzNumber":9,"ManzilNumber":2,"RukuNumber":143,"MaqraNumber":69,"HizbNumber":18,"HizbDecimal":0.0,"HasSajda":false},{"SurahNumber":7,"SurahIndex":"007","VerseNumber":174,"ShowSurahName":false,"ShowBismillah":false,"Words":[{"Position":1,"AudioFileName":"007_174_001.mp3","TajweedImageFilePath":"7/174/1.png","Text":"وَكَذَٰلِكَ","Translation":"And thus","Transliteration":"wakadhālika","Root":"ذ ل ك"},{"Position":2,"AudioFileName":"007_174_002.mp3","TajweedImageFilePath":"7/174/2.png","Text":"نُفَصِّلُ","Translation":"We explain","Transliteration":"nufaṣṣilu","Root":"ف ص ل"},{"Position":3,"AudioFileName":"007_174_003.mp3","TajweedImageFilePath":"7/174/3.png","Text":"ٱلْـَٔايَـٰتِ","Translation":"the Verses","Transliteration":"l-āyāti","Root":"أ ي ي"},{"Position":4,"AudioFileName":"007_174_004.mp3","TajweedImageFilePath":"7/174/4.png","Text":"وَلَعَلَّهُمْ","Translation":"so that they may","Transliteration":"walaʿallahum","Root":"ل ع ل ل"},{"Position":5,"AudioFileName":"007_174_005.mp3","TajweedImageFilePath":"7/174/5.png","Text":"يَرْجِعُونَ","Translation":"return","Transliteration":"yarjiʿūna","Root":"ر ج ع"},{"Position":6,"AudioFileName":null,"TajweedImageFilePath":"174.png","Text":"١٧٤","Translation":"(174)","Transliteration":null,"Root":null}],"PageNumber":173,"JuzNumber":9,"ManzilNumber":2,"RukuNumber":143,"MaqraNumber":69,"HizbNumber":18,"HizbDecimal":0.0,"HasSajda":false},{"SurahNumber":7,"SurahIndex":"007","VerseNumber":175,"ShowSurahName":false,"ShowBismillah":false,"Words":[{"Position":1,"AudioFileName":"007_175_001.mp3","TajweedImageFilePath":"7/175/1.png","Text":"وَٱتْلُ","Translation":"And recite","Transliteration":"wa-ut'lu","Root":"ت ل و"},{"Position":2,"AudioFileName":"007_175_002.mp3","TajweedImageFilePath":"7/175/2.png","Text":"عَلَيْهِمْ","Translation":"to them","Transliteration":"ʿalayhim","Root":"ع ل ى"},{"Position":3,"AudioFileName":"007_175_003.mp3","TajweedImageFilePath":"7/175/3.png","Text":"نَبَأَ","Translation":"(the) story","Transliteration":"naba-a","Root":"ن ب أ"},{"Position":4,"AudioFileName":"007_175_004.mp3","TajweedImageFilePath":"7/175/4.png","Text":"ٱلَّذِىٓ","Translation":"(of the) one whom","Transliteration":"alladhī","Root":"ٱلَّذِى"},{"Position":5,"AudioFileName":"007_175_005.mp3","TajweedImageFilePath":"7/175/5.png","Text":"ءَاتَيْنَـٰهُ","Translation":"We gave [him]","Transliteration":"ātaynāhu","Root":"أ ت ي"},{"Position":6,"AudioFileName":"007_175_006.mp3","TajweedImageFilePath":"7/175/6.png","Text":"ءَايَـٰتِنَا","Translation":"Our Verses","Transliteration":"āyātinā","Root":"أ ي ي"},{"Position":7,"AudioFileName":"007_175_007.mp3","TajweedImageFilePath":"7/175/7.png","Text":"فَٱنسَلَخَ","Translation":"but he detached","Transliteration":"fa-insalakha","Root":"س ل خ"},{"Position":8,"AudioFileName":"007_175_008.mp3","TajweedImageFilePath":"7/175/8.png","Text":"مِنْهَا","Translation":"[from] them","Transliteration":"min'hā","Root":"م ن"},{"Position":9,"AudioFileName":"007_175_009.mp3","TajweedImageFilePath":"7/175/9.png","Text":"فَأَتْبَعَهُ","Translation":"so followed him","Transliteration":"fa-atbaʿahu","Root":"ت ب ع"},{"Position":10,"AudioFileName":"007_175_010.mp3","TajweedImageFilePath":"7/175/10.png","Text":"ٱلشَّيْطَـٰنُ","Translation":"the Shaitaan","Transliteration":"l-shayṭānu","Root":"ش ط ن"},{"Position":11,"AudioFileName":"007_175_011.mp3","TajweedImageFilePath":"7/175/11.png","Text":"فَكَانَ","Translation":"and he became","Transliteration":"fakāna","Root":"ك و ن"},{"Position":12,"AudioFileName":"007_175_012.mp3","TajweedImageFilePath":"7/175/12.png","Text":"مِنَ","Translation":"of","Transliteration":"mina","Root":"م ن"},{"Position":13,"AudioFileName":"007_175_013.mp3","TajweedImageFilePath":"7/175/13.png","Text":"ٱلْغَاوِينَ","Translation":"those gone astray","Transliteration":"l-ghāwīna","Root":"غ و ي"},{"Position":14,"AudioFileName":null,"TajweedImageFilePath":"175.png","Text":"١٧٥","Translation":"(175)","Transliteration":null,"Root":null}],"PageNumber":173,"JuzNumber":9,"ManzilNumber":2,"RukuNumber":143,"MaqraNumber":69,"HizbNumber":18,"HizbDecimal":0.0,"HasSajda":false},{"SurahNumber":7,"SurahIndex":"007","VerseNumber":176,"ShowSurahName":false,"ShowBismillah":false,"Words":[{"Position":1,"AudioFileName":"007_176_001.mp3","TajweedImageFilePath":"7/176/1.png","Text":"وَلَوْ","Translation":"And if","Transliteration":"walaw","Root":"ل و"},{"Position":2,"AudioFileName":"007_176_002.mp3","TajweedImageFilePath":"7/176/2.png","Text":"شِئْنَا","Translation":"We willed","Transliteration":"shi'nā","Root":"ش ي أ"},{"Position":3,"AudioFileName":"007_176_003.mp3","TajweedImageFilePath":"7/176/3.png","Text":"لَرَفَعْنَـٰهُ","Translation":"surely, We (could) have raised him","Transliteration":"larafaʿnāhu","Root":"ر ف ع"},{"Position":4,"AudioFileName":"007_176_004.mp3","TajweedImageFilePath":"7/176/4.png","Text":"بِهَا","Translation":"with these","Transliteration":"bihā","Root":"ب"},{"Position":5,"AudioFileName":"007_176_005.mp3","TajweedImageFilePath":"7/176/5.png","Text":"وَلَـٰكِنَّهُۥٓ","Translation":"[and] but he","Transliteration":"walākinnahu","Root":"ل ك ن"},{"Position":6,"AudioFileName":"007_176_006.mp3","TajweedImageFilePath":"7/176/6.png","Text":"أَخْلَدَ","Translation":"adhered","Transliteration":"akhlada","Root":"خ ل د"},{"Position":7,"AudioFileName":"007_176_007.mp3","TajweedImageFilePath":"7/176/7.png","Text":"إِلَى","Translation":"to","Transliteration":"ilā","Root":"إِلَىٰ"},{"Position":8,"AudioFileName":"007_176_008.mp3","TajweedImageFilePath":"7/176/8.png","Text":"ٱلْأَرْضِ","Translation":"the earth","Transliteration":"l-arḍi","Root":"أ ر ض"},{"Position":9,"AudioFileName":"007_176_009.mp3","TajweedImageFilePath":"7/176/9.png","Text":"وَٱتَّبَعَ","Translation":"and followed","Transliteration":"wa-ittabaʿa","Root":"ت ب ع"},{"Position":10,"AudioFileName":"007_176_010.mp3","TajweedImageFilePath":"7/176/10.png","Text":"هَوَىٰهُ ۚ","Translation":"his (vain) desires","Transliteration":"hawāhu","Root":"ه و ي"},{"Position":11,"AudioFileName":"007_176_011.mp3","TajweedImageFilePath":"7/176/11.png","Text":"فَمَثَلُهُۥ","Translation":"So his example","Transliteration":"famathaluhu","Root":"م ث ل"},{"Position":12,"AudioFileName":"007_176_012.mp3","TajweedImageFilePath":"7/176/12.png","Text":"كَمَثَلِ","Translation":"(is) like (the) example","Transliteration":"kamathali","Root":"م ث ل"},{"Position":13,"AudioFileName":"007_176_013.mp3","TajweedImageFilePath":"7/176/13.png","Text":"ٱلْكَلْبِ","Translation":"(of) the dog","Transliteration":"l-kalbi","Root":"ك ل ب"},{"Position":14,"AudioFileName":"007_176_014.mp3","TajweedImageFilePath":"7/176/14.png","Text":"إِن","Translation":"if","Transliteration":"in","Root":"ا ن"},{"Position":15,"AudioFileName":"007_176_015.mp3","TajweedImageFilePath":"7/176/15.png","Text":"تَحْمِلْ","Translation":"you attack","Transliteration":"taḥmil","Root":"ح م ل"},{"Position":16,"AudioFileName":"007_176_016.mp3","TajweedImageFilePath":"7/176/16.png","Text":"عَلَيْهِ","Translation":"[on] him","Transliteration":"ʿalayhi","Root":"ع ل ى"},{"Position":17,"AudioFileName":"007_176_017.mp3","TajweedImageFilePath":"7/176/17.png","Text":"يَلْهَثْ","Translation":"he lolls out his tongue","Transliteration":"yalhath","Root":"ل ه ث"},{"Position":18,"AudioFileName":"007_176_018.mp3","TajweedImageFilePath":"7/176/18.png","Text":"أَوْ","Translation":"or","Transliteration":"aw","Root":"ا و"},{"Position":19,"AudioFileName":"007_176_019.mp3","TajweedImageFilePath":"7/176/19.png","Text":"تَتْرُكْهُ","Translation":"if you leave him","Transliteration":"tatruk'hu","Root":"ت ر ك"},{"Position":20,"AudioFileName":"007_176_020.mp3","TajweedImageFilePath":"7/176/20.png","Text":"يَلْهَث ۚ","Translation":"he lolls out his tongue","Transliteration":"yalhath","Root":"ل ه ث"},{"Position":21,"AudioFileName":"007_176_021.mp3","TajweedImageFilePath":"7/176/21.png","Text":"ذَّٰلِكَ","Translation":"That","Transliteration":"dhālika","Root":"ذ ل ك"},{"Position":22,"AudioFileName":"007_176_022.mp3","TajweedImageFilePath":"7/176/22.png","Text":"مَثَلُ","Translation":"(is the) example","Transliteration":"mathalu","Root":"م ث ل"},{"Position":23,"AudioFileName":"007_176_023.mp3","TajweedImageFilePath":"7/176/23.png","Text":"ٱلْقَوْمِ","Translation":"(of) the people","Transliteration":"l-qawmi","Root":"ق و م"},{"Position":24,"AudioFileName":"007_176_024.mp3","TajweedImageFilePath":"7/176/24.png","Text":"ٱلَّذِينَ","Translation":"who","Transliteration":"alladhīna","Root":"ٱلَّذِى"},{"Position":25,"AudioFileName":"007_176_025.mp3","TajweedImageFilePath":"7/176/25.png","Text":"كَذَّبُوا۟","Translation":"denied","Transliteration":"kadhabū","Root":"ك ذ ب"},{"Position":26,"AudioFileName":"007_176_026.mp3","TajweedImageFilePath":"7/176/26.png","Text":"بِـَٔايَـٰتِنَا ۚ","Translation":"[in] Our Signs","Transliteration":"biāyātinā","Root":"أ ي ي"},{"Position":27,"AudioFileName":"007_176_027.mp3","TajweedImageFilePath":"7/176/27.png","Text":"فَٱقْصُصِ","Translation":"So relate","Transliteration":"fa-uq'ṣuṣi","Root":"ق ص ص"},{"Position":28,"AudioFileName":"007_176_028.mp3","TajweedImageFilePath":"7/176/28.png","Text":"ٱلْقَصَصَ","Translation":"the story","Transliteration":"l-qaṣaṣa","Root":"ق ص ص"},{"Position":29,"AudioFileName":"007_176_029.mp3","TajweedImageFilePath":"7/176/29.png","Text":"لَعَلَّهُمْ","Translation":"so that they may","Transliteration":"laʿallahum","Root":"ل ع ل ل"},{"Position":30,"AudioFileName":"007_176_030.mp3","TajweedImageFilePath":"7/176/30.png","Text":"يَتَفَكَّرُونَ","Translation":"reflect","Transliteration":"yatafakkarūna","Root":"ف ك ر"},{"Position":31,"AudioFileName":null,"TajweedImageFilePath":"176.png","Text":"١٧٦","Translation":"(176)","Transliteration":null,"Root":null}],"PageNumber":173,"JuzNumber":9,"ManzilNumber":2,"RukuNumber":143,"MaqraNumber":69,"HizbNumber":18,"HizbDecimal":0.0,"HasSajda":false},{"SurahNumber":7,"SurahIndex":"007","VerseNumber":177,"ShowSurahName":false,"ShowBismillah":false,"Words":[{"Position":1,"AudioFileName":"007_177_001.mp3","TajweedImageFilePath":"7/177/1.png","Text":"سَآءَ","Translation":"Evil","Transliteration":"sāa","Root":"س و أ"},{"Position":2,"AudioFileName":"007_177_002.mp3","TajweedImageFilePath":"7/177/2.png","Text":"مَثَلًا","Translation":"(as) an example","Transliteration":"mathalan","Root":"م ث ل"},{"Position":3,"AudioFileName":"007_177_003.mp3","TajweedImageFilePath":"7/177/3.png","Text":"ٱلْقَوْمُ","Translation":"(are) the people","Transliteration":"l-qawmu","Root":"ق و م"},{"Position":4,"AudioFileName":"007_177_004.mp3","TajweedImageFilePath":"7/177/4.png","Text":"ٱلَّذِينَ","Translation":"those who","Transliteration":"alladhīna","Root":"ٱلَّذِى"},{"Position":5,"AudioFileName":"007_177_005.mp3","TajweedImageFilePath":"7/177/5.png","Text":"كَذَّبُوا۟","Translation":"denied","Transliteration":"kadhabū","Root":"ك ذ ب"},{"Position":6,"AudioFileName":"007_177_006.mp3","TajweedImageFilePath":"7/177/6.png","Text":"بِـَٔايَـٰتِنَا","Translation":"Our Signs","Transliteration":"biāyātinā","Root":"أ ي ي"},{"Position":7,"AudioFileName":"007_177_007.mp3","TajweedImageFilePath":"7/177/7.png","Text":"وَأَنفُسَهُمْ","Translation":"and themselves","Transliteration":"wa-anfusahum","Root":"ن ف س"},{"Position":8,"AudioFileName":"007_177_008.mp3","TajweedImageFilePath":"7/177/8.png","Text":"كَانُوا۟","Translation":"they used to","Transliteration":"kānū","Root":"ك و ن"},{"Position":9,"AudioFileName":"007_177_009.mp3","TajweedImageFilePath":"7/177/9.png","Text":"يَظْلِمُونَ","Translation":"wrong","Transliteration":"yaẓlimūna","Root":"ظ ل م"},{"Position":10,"AudioFileName":null,"TajweedImageFilePath":"177.png","Text":"١٧٧","Translation":"(177)","Transliteration":null,"Root":null}],"PageNumber":173,"JuzNumber":9,"ManzilNumber":2,"RukuNumber":143,"MaqraNumber":69,"HizbNumber":18,"HizbDecimal":0.0,"HasSajda":false},{"SurahNumber":7,"SurahIndex":"007","VerseNumber":178,"ShowSurahName":false,"ShowBismillah":false,"Words":[{"Position":1,"AudioFileName":"007_178_001.mp3","TajweedImageFilePath":"7/178/1.png","Text":"مَن","Translation":"Whoever","Transliteration":"man","Root":"م ن"},{"Position":2,"AudioFileName":"007_178_002.mp3","TajweedImageFilePath":"7/178/2.png","Text":"يَهْدِ","Translation":"(is) guided","Transliteration":"yahdi","Root":"ه د ي"},{"Position":3,"AudioFileName":"007_178_003.mp3","TajweedImageFilePath":"7/178/3.png","Text":"ٱللَّهُ","Translation":"(by) Allah","Transliteration":"l-lahu","Root":"أ ل ه"},{"Position":4,"AudioFileName":"007_178_004.mp3","TajweedImageFilePath":"7/178/4.png","Text":"فَهُوَ","Translation":"then he","Transliteration":"fahuwa","Root":"ه و"},{"Position":5,"AudioFileName":"007_178_005.mp3","TajweedImageFilePath":"7/178/5.png","Text":"ٱلْمُهْتَدِى ۖ","Translation":"(is) the guided one","Transliteration":"l-muh'tadī","Root":"ه د ي"},{"Position":6,"AudioFileName":"007_178_006.mp3","TajweedImageFilePath":"7/178/6.png","Text":"وَمَن","Translation":"while whoever","Transliteration":"waman","Root":"م ن"},{"Position":7,"AudioFileName":"007_178_007.mp3","TajweedImageFilePath":"7/178/7.png","Text":"يُضْلِلْ","Translation":"He lets go astray","Transliteration":"yuḍ'lil","Root":"ض ل ل"},{"Position":8,"AudioFileName":"007_178_008.mp3","TajweedImageFilePath":"7/178/8.png","Text":"فَأُو۟لَـٰٓئِكَ","Translation":"then those","Transliteration":"fa-ulāika","Root":"ا و ل ا ء"},{"Position":9,"AudioFileName":"007_178_009.mp3","TajweedImageFilePath":"7/178/9.png","Text":"هُمُ","Translation":"[they]","Transliteration":"humu","Root":"ه م"},{"Position":10,"AudioFileName":"007_178_010.mp3","TajweedImageFilePath":"7/178/10.png","Text":"ٱلْخَـٰسِرُونَ","Translation":"(are) the losers","Transliteration":"l-khāsirūna","Root":"خ س ر"},{"Position":11,"AudioFileName":null,"TajweedImageFilePath":"178.png","Text":"١٧٨","Translation":"(178)","Transliteration":null,"Root":null}],"PageNumber":173,"JuzNumber":9,"ManzilNumber":2,"RukuNumber":143,"MaqraNumber":69,"HizbNumber":18,"HizbDecimal":0.0,"HasSajda":false},{"SurahNumber":7,"SurahIndex":"007","VerseNumber":179,"ShowSurahName":false,"ShowBismillah":false,"Words":[{"Position":1,"AudioFileName":"007_179_001.mp3","TajweedImageFilePath":"7/179/1.png","Text":"وَلَقَدْ","Translation":"And certainly","Transliteration":"walaqad","Root":"ق د"},{"Position":2,"AudioFileName":"007_179_002.mp3","TajweedImageFilePath":"7/179/2.png","Text":"ذَرَأْنَا","Translation":"We have created","Transliteration":"dharanā","Root":"ذ ر أ"},{"Position":3,"AudioFileName":"007_179_003.mp3","TajweedImageFilePath":"7/179/3.png","Text":"لِجَهَنَّمَ","Translation":"for Hell","Transliteration":"lijahannama","Root":"ج ه ن م"},{"Position":4,"AudioFileName":"007_179_004.mp3","TajweedImageFilePath":"7/179/4.png","Text":"كَثِيرًۭا","Translation":"many","Transliteration":"kathīran","Root":"ك ث ر"},{"Position":5,"AudioFileName":"007_179_005.mp3","TajweedImageFilePath":"7/179/5.png","Text":"مِّنَ","Translation":"of","Transliteration":"mina","Root":"م ن"},{"Position":6,"AudioFileName":"007_179_006.mp3","TajweedImageFilePath":"7/179/6.png","Text":"ٱلْجِنِّ","Translation":"the jinn","Transliteration":"l-jini","Root":"ج ن ن"},{"Position":7,"AudioFileName":"007_179_007.mp3","TajweedImageFilePath":"7/179/7.png","Text":"وَٱلْإِنسِ ۖ","Translation":"and men","Transliteration":"wal-insi","Root":"أ ن س"},{"Position":8,"AudioFileName":"007_179_008.mp3","TajweedImageFilePath":"7/179/8.png","Text":"لَهُمْ","Translation":"For them","Transliteration":"lahum","Root":"ل"},{"Position":9,"AudioFileName":"007_179_009.mp3","TajweedImageFilePath":"7/179/9.png","Text":"قُلُوبٌۭ","Translation":"(are) hearts","Transliteration":"qulūbun","Root":"ق ل ب"},{"Position":10,"AudioFileName":"007_179_010.mp3","TajweedImageFilePath":"7/179/10.png","Text":"لَّا","Translation":"(but) not","Transliteration":"lā","Root":"ل ا"},{"Position":11,"AudioFileName":"007_179_011.mp3","TajweedImageFilePath":"7/179/11.png","Text":"يَفْقَهُونَ","Translation":"they understand","Transliteration":"yafqahūna","Root":"ف ق ه"},{"Position":12,"AudioFileName":"007_179_012.mp3","TajweedImageFilePath":"7/179/12.png","Text":"بِهَا","Translation":"with them","Transliteration":"bihā","Root":"ب"},{"Position":13,"AudioFileName":"007_179_013.mp3","TajweedImageFilePath":"7/179/13.png","Text":"وَلَهُمْ","Translation":"and for them","Transliteration":"walahum","Root":"ل"},{"Position":14,"AudioFileName":"007_179_014.mp3","TajweedImageFilePath":"7/179/14.png","Text":"أَعْيُنٌۭ","Translation":"(are) eyes","Transliteration":"aʿyunun","Root":"ع ي ن"},{"Position":15,"AudioFileName":"007_179_015.mp3","TajweedImageFilePath":"7/179/15.png","Text":"لَّا","Translation":"(but) not","Transliteration":"lā","Root":"ل ا"},{"Position":16,"AudioFileName":"007_179_016.mp3","TajweedImageFilePath":"7/179/16.png","Text":"يُبْصِرُونَ","Translation":"they see","Transliteration":"yub'ṣirūna","Root":"ب ص ر"},{"Position":17,"AudioFileName":"007_179_017.mp3","TajweedImageFilePath":"7/179/17.png","Text":"بِهَا","Translation":"with them","Transliteration":"bihā","Root":"ب"},{"Position":18,"AudioFileName":"007_179_018.mp3","TajweedImageFilePath":"7/179/18.png","Text":"وَلَهُمْ","Translation":"and for them","Transliteration":"walahum","Root":"ل"},{"Position":19,"AudioFileName":"007_179_019.mp3","TajweedImageFilePath":"7/179/19.png","Text":"ءَاذَانٌۭ","Translation":"(are) ears","Transliteration":"ādhānun","Root":"أ ذ ن"},{"Position":20,"AudioFileName":"007_179_020.mp3","TajweedImageFilePath":"7/179/20.png","Text":"لَّا","Translation":"(but) not","Transliteration":"lā","Root":"ل ا"},{"Position":21,"AudioFileName":"007_179_021.mp3","TajweedImageFilePath":"7/179/21.png","Text":"يَسْمَعُونَ","Translation":"they hear","Transliteration":"yasmaʿūna","Root":"س م ع"},{"Position":22,"AudioFileName":"007_179_022.mp3","TajweedImageFilePath":"7/179/22.png","Text":"بِهَآ ۚ","Translation":"with them","Transliteration":"bihā","Root":"ب"},{"Position":23,"AudioFileName":"007_179_023.mp3","TajweedImageFilePath":"7/179/23.png","Text":"أُو۟لَـٰٓئِكَ","Translation":"Those","Transliteration":"ulāika","Root":"ا و ل ا ء"},{"Position":24,"AudioFileName":"007_179_024.mp3","TajweedImageFilePath":"7/179/24.png","Text":"كَٱلْأَنْعَـٰمِ","Translation":"(are) like cattle","Transliteration":"kal-anʿāmi","Root":"ن ع م"},{"Position":25,"AudioFileName":"007_179_025.mp3","TajweedImageFilePath":"7/179/25.png","Text":"بَلْ","Translation":"nay","Transliteration":"bal","Root":"ب ل"},{"Position":26,"AudioFileName":"007_179_026.mp3","TajweedImageFilePath":"7/179/26.png","Text":"هُمْ","Translation":"they","Transliteration":"hum","Root":"ه م"},{"Position":27,"AudioFileName":"007_179_027.mp3","TajweedImageFilePath":"7/179/27.png","Text":"أَضَلُّ ۚ","Translation":"(are) more astray","Transliteration":"aḍallu","Root":"ض ل ل"},{"Position":28,"AudioFileName":"007_179_028.mp3","TajweedImageFilePath":"7/179/28.png","Text":"أُو۟لَـٰٓئِكَ","Translation":"Those ","Transliteration":"ulāika","Root":"ا و ل ا ء"},{"Position":29,"AudioFileName":"007_179_029.mp3","TajweedImageFilePath":"7/179/29.png","Text":"هُمُ","Translation":"they","Transliteration":"humu","Root":"ه م"},{"Position":30,"AudioFileName":"007_179_030.mp3","TajweedImageFilePath":"7/179/30.png","Text":"ٱلْغَـٰفِلُونَ","Translation":"(are) the heedless","Transliteration":"l-ghāfilūna","Root":"غ ف ل"},{"Position":31,"AudioFileName":null,"TajweedImageFilePath":"179.png","Text":"١٧٩","Translation":"(179)","Transliteration":null,"Root":null}],"PageNumber":174,"JuzNumber":9,"ManzilNumber":2,"RukuNumber":143,"MaqraNumber":69,"HizbNumber":18,"HizbDecimal":0.0,"HasSajda":false},{"SurahNumber":7,"SurahIndex":"007","VerseNumber":180,"ShowSurahName":false,"ShowBismillah":false,"Words":[{"Position":1,"AudioFileName":"007_180_001.mp3","TajweedImageFilePath":"7/180/1.png","Text":"وَلِلَّهِ","Translation":"And for Allah","Transliteration":"walillahi","Root":"أ ل ه"},{"Position":2,"AudioFileName":"007_180_002.mp3","TajweedImageFilePath":"7/180/2.png","Text":"ٱلْأَسْمَآءُ","Translation":"(are) the names ","Transliteration":"l-asmāu","Root":"س م و"},{"Position":3,"AudioFileName":"007_180_003.mp3","TajweedImageFilePath":"7/180/3.png","Text":"ٱلْحُسْنَىٰ","Translation":"the most beautiful","Transliteration":"l-ḥus'nā","Root":"ح س ن"},{"Position":4,"AudioFileName":"007_180_004.mp3","TajweedImageFilePath":"7/180/4.png","Text":"فَٱدْعُوهُ","Translation":"so invoke Him","Transliteration":"fa-id'ʿūhu","Root":"د ع و"},{"Position":5,"AudioFileName":"007_180_005.mp3","TajweedImageFilePath":"7/180/5.png","Text":"بِهَا ۖ","Translation":"by them","Transliteration":"bihā","Root":"ب"},{"Position":6,"AudioFileName":"007_180_006.mp3","TajweedImageFilePath":"7/180/6.png","Text":"وَذَرُوا۟","Translation":"And leave","Transliteration":"wadharū","Root":"و ذ ر"},{"Position":7,"AudioFileName":"007_180_007.mp3","TajweedImageFilePath":"7/180/7.png","Text":"ٱلَّذِينَ","Translation":"those who","Transliteration":"alladhīna","Root":"ٱلَّذِى"},{"Position":8,"AudioFileName":"007_180_008.mp3","TajweedImageFilePath":"7/180/8.png","Text":"يُلْحِدُونَ","Translation":"deviate","Transliteration":"yul'ḥidūna","Root":"ل ح د"},{"Position":9,"AudioFileName":"007_180_009.mp3","TajweedImageFilePath":"7/180/9.png","Text":"فِىٓ","Translation":"concerning","Transliteration":"fī","Root":"ف ى"},{"Position":10,"AudioFileName":"007_180_010.mp3","TajweedImageFilePath":"7/180/10.png","Text":"أَسْمَـٰٓئِهِۦ ۚ","Translation":"His names","Transliteration":"asmāihi","Root":"س م و"},{"Position":11,"AudioFileName":"007_180_011.mp3","TajweedImageFilePath":"7/180/11.png","Text":"سَيُجْزَوْنَ","Translation":"They will be recompensed","Transliteration":"sayuj'zawna","Root":"ج ز ي"},{"Position":12,"AudioFileName":"007_180_012.mp3","TajweedImageFilePath":"7/180/12.png","Text":"مَا","Translation":"for what","Transliteration":"mā","Root":"م ا"},{"Position":13,"AudioFileName":"007_180_013.mp3","TajweedImageFilePath":"7/180/13.png","Text":"كَانُوا۟","Translation":"they used to","Transliteration":"kānū","Root":"ك و ن"},{"Position":14,"AudioFileName":"007_180_014.mp3","TajweedImageFilePath":"7/180/14.png","Text":"يَعْمَلُونَ","Translation":"do","Transliteration":"yaʿmalūna","Root":"ع م ل"},{"Position":15,"AudioFileName":null,"TajweedImageFilePath":"180.png","Text":"١٨٠","Translation":"(180)","Transliteration":null,"Root":null}],"PageNumber":174,"JuzNumber":9,"ManzilNumber":2,"RukuNumber":143,"MaqraNumber":69,"HizbNumber":18,"HizbDecimal":0.0,"HasSajda":false},{"SurahNumber":7,"SurahIndex":"007","VerseNumber":181,"ShowSurahName":false,"ShowBismillah":false,"Words":[{"Position":1,"AudioFileName":"007_181_001.mp3","TajweedImageFilePath":"7/181/1.png","Text":"وَمِمَّنْ","Translation":"And of (those) whom","Transliteration":"wamimman","Root":"م ن"},{"Position":2,"AudioFileName":"007_181_002.mp3","TajweedImageFilePath":"7/181/2.png","Text":"خَلَقْنَآ","Translation":"We have created","Transliteration":"khalaqnā","Root":"خ ل ق"},{"Position":3,"AudioFileName":"007_181_003.mp3","TajweedImageFilePath":"7/181/3.png","Text":"أُمَّةٌۭ","Translation":"(is) a nation","Transliteration":"ummatun","Root":"أ م م"},{"Position":4,"AudioFileName":"007_181_004.mp3","TajweedImageFilePath":"7/181/4.png","Text":"يَهْدُونَ","Translation":"who guides","Transliteration":"yahdūna","Root":"ه د ي"},{"Position":5,"AudioFileName":"007_181_005.mp3","TajweedImageFilePath":"7/181/5.png","Text":"بِٱلْحَقِّ","Translation":"with the truth","Transliteration":"bil-ḥaqi","Root":"ح ق ق"},{"Position":6,"AudioFileName":"007_181_006.mp3","TajweedImageFilePath":"7/181/6.png","Text":"وَبِهِۦ","Translation":"and thereby","Transliteration":"wabihi","Root":"ب"},{"Position":7,"AudioFileName":"007_181_007.mp3","TajweedImageFilePath":"7/181/7.png","Text":"يَعْدِلُونَ","Translation":"they establish justice","Transliteration":"yaʿdilūna","Root":"ع د ل"},{"Position":8,"AudioFileName":null,"TajweedImageFilePath":"181.png","Text":"١٨١","Translation":"(181)","Transliteration":null,"Root":null}],"PageNumber":174,"JuzNumber":9,"ManzilNumber":2,"RukuNumber":143,"MaqraNumber":69,"HizbNumber":18,"HizbDecimal":0.0,"HasSajda":false},{"SurahNumber":7,"SurahIndex":"007","VerseNumber":182,"ShowSurahName":false,"ShowBismillah":false,"Words":[{"Position":1,"AudioFileName":"007_182_001.mp3","TajweedImageFilePath":"7/182/1.png","Text":"وَٱلَّذِينَ","Translation":"But those who","Transliteration":"wa-alladhīna","Root":"ٱلَّذِى"},{"Position":2,"AudioFileName":"007_182_002.mp3","TajweedImageFilePath":"7/182/2.png","Text":"كَذَّبُوا۟","Translation":"denied","Transliteration":"kadhabū","Root":"ك ذ ب"},{"Position":3,"AudioFileName":"007_182_003.mp3","TajweedImageFilePath":"7/182/3.png","Text":"بِـَٔايَـٰتِنَا","Translation":"Our Signs","Transliteration":"biāyātinā","Root":"أ ي ي"},{"Position":4,"AudioFileName":"007_182_004.mp3","TajweedImageFilePath":"7/182/4.png","Text":"سَنَسْتَدْرِجُهُم","Translation":"We will gradually lead them","Transliteration":"sanastadrijuhum","Root":"د ر ج"},{"Position":5,"AudioFileName":"007_182_005.mp3","TajweedImageFilePath":"7/182/5.png","Text":"مِّنْ","Translation":"from","Transliteration":"min","Root":"م ن"},{"Position":6,"AudioFileName":"007_182_006.mp3","TajweedImageFilePath":"7/182/6.png","Text":"حَيْثُ","Translation":"where","Transliteration":"ḥaythu","Root":"ح ي ث"},{"Position":7,"AudioFileName":"007_182_007.mp3","TajweedImageFilePath":"7/182/7.png","Text":"لَا","Translation":"not","Transliteration":"lā","Root":"ل ا"},{"Position":8,"AudioFileName":"007_182_008.mp3","TajweedImageFilePath":"7/182/8.png","Text":"يَعْلَمُونَ","Translation":"they know","Transliteration":"yaʿlamūna","Root":"ع ل م"},{"Position":9,"AudioFileName":null,"TajweedImageFilePath":"182.png","Text":"١٨٢","Translation":"(182)","Transliteration":null,"Root":null}],"PageNumber":174,"JuzNumber":9,"ManzilNumber":2,"RukuNumber":144,"MaqraNumber":69,"HizbNumber":18,"HizbDecimal":0.0,"HasSajda":false},{"SurahNumber":7,"SurahIndex":"007","VerseNumber":183,"ShowSurahName":false,"ShowBismillah":false,"Words":[{"Position":1,"AudioFileName":"007_183_001.mp3","TajweedImageFilePath":"7/183/1.png","Text":"وَأُمْلِى","Translation":"And I will give respite","Transliteration":"wa-um'lī","Root":"م ل و"},{"Position":2,"AudioFileName":"007_183_002.mp3","TajweedImageFilePath":"7/183/2.png","Text":"لَهُمْ ۚ","Translation":"to them","Transliteration":"lahum","Root":"ل"},{"Position":3,"AudioFileName":"007_183_003.mp3","TajweedImageFilePath":"7/183/3.png","Text":"إِنَّ","Translation":"Indeed","Transliteration":"inna","Root":"ا ن ن"},{"Position":4,"AudioFileName":"007_183_004.mp3","TajweedImageFilePath":"7/183/4.png","Text":"كَيْدِى","Translation":"My plan","Transliteration":"kaydī","Root":"ك ي د"},{"Position":5,"AudioFileName":"007_183_005.mp3","TajweedImageFilePath":"7/183/5.png","Text":"مَتِينٌ","Translation":"(is) firm","Transliteration":"matīnun","Root":"م ت ن"},{"Position":6,"AudioFileName":null,"TajweedImageFilePath":"183.png","Text":"١٨٣","Translation":"(183)","Transliteration":null,"Root":null}],"PageNumber":174,"JuzNumber":9,"ManzilNumber":2,"RukuNumber":144,"MaqraNumber":69,"HizbNumber":18,"HizbDecimal":0.0,"HasSajda":false},{"SurahNumber":7,"SurahIndex":"007","VerseNumber":184,"ShowSurahName":false,"ShowBismillah":false,"Words":[{"Position":1,"AudioFileName":"007_184_001.mp3","TajweedImageFilePath":"7/184/1.png","Text":"أَوَلَمْ","Translation":"Do not","Transliteration":"awalam","Root":"ل م"},{"Position":2,"AudioFileName":"007_184_002.mp3","TajweedImageFilePath":"7/184/2.png","Text":"يَتَفَكَّرُوا۟ ۗ","Translation":"they reflect","Transliteration":"yatafakkarū","Root":"ف ك ر"},{"Position":3,"AudioFileName":"007_184_003.mp3","TajweedImageFilePath":"7/184/3.png","Text":"مَا","Translation":"Not","Transliteration":"mā","Root":"م ا"},{"Position":4,"AudioFileName":"007_184_004.mp3","TajweedImageFilePath":"7/184/4.png","Text":"بِصَاحِبِهِم","Translation":"in their companion","Transliteration":"biṣāḥibihim","Root":"ص ح ب"},{"Position":5,"AudioFileName":"007_184_005.mp3","TajweedImageFilePath":"7/184/5.png","Text":"مِّن","Translation":"[of]","Transliteration":"min","Root":"م ن"},{"Position":6,"AudioFileName":"007_184_006.mp3","TajweedImageFilePath":"7/184/6.png","Text":"جِنَّةٍ ۚ","Translation":"(is) any madness","Transliteration":"jinnatin","Root":"ج ن ن"},{"Position":7,"AudioFileName":"007_184_007.mp3","TajweedImageFilePath":"7/184/7.png","Text":"إِنْ","Translation":"Not","Transliteration":"in","Root":"ا ن"},{"Position":8,"AudioFileName":"007_184_008.mp3","TajweedImageFilePath":"7/184/8.png","Text":"هُوَ","Translation":"he","Transliteration":"huwa","Root":"ه و"},{"Position":9,"AudioFileName":"007_184_009.mp3","TajweedImageFilePath":"7/184/9.png","Text":"إِلَّا","Translation":"(is) but","Transliteration":"illā","Root":"إِلَّا"},{"Position":10,"AudioFileName":"007_184_010.mp3","TajweedImageFilePath":"7/184/10.png","Text":"نَذِيرٌۭ","Translation":"a warner","Transliteration":"nadhīrun","Root":"ن ذ ر"},{"Position":11,"AudioFileName":"007_184_011.mp3","TajweedImageFilePath":"7/184/11.png","Text":"مُّبِينٌ","Translation":"clear","Transliteration":"mubīnun","Root":"ب ي ن"},{"Position":12,"AudioFileName":null,"TajweedImageFilePath":"184.png","Text":"١٨٤","Translation":"(184)","Transliteration":null,"Root":null}],"PageNumber":174,"JuzNumber":9,"ManzilNumber":2,"RukuNumber":144,"MaqraNumber":69,"HizbNumber":18,"HizbDecimal":0.0,"HasSajda":false},{"SurahNumber":7,"SurahIndex":"007","VerseNumber":185,"ShowSurahName":false,"ShowBismillah":false,"Words":[{"Position":1,"AudioFileName":"007_185_001.mp3","TajweedImageFilePath":"7/185/1.png","Text":"أَوَلَمْ","Translation":"Do not","Transliteration":"awalam","Root":"ل م"},{"Position":2,"AudioFileName":"007_185_002.mp3","TajweedImageFilePath":"7/185/2.png","Text":"يَنظُرُوا۟","Translation":"they look","Transliteration":"yanẓurū","Root":"ن ظ ر"},{"Position":3,"AudioFileName":"007_185_003.mp3","TajweedImageFilePath":"7/185/3.png","Text":"فِى","Translation":"in","Transliteration":"fī","Root":"ف ى"},{"Position":4,"AudioFileName":"007_185_004.mp3","TajweedImageFilePath":"7/185/4.png","Text":"مَلَكُوتِ","Translation":"(the) dominion","Transliteration":"malakūti","Root":"م ل ك"},{"Position":5,"AudioFileName":"007_185_005.mp3","TajweedImageFilePath":"7/185/5.png","Text":"ٱلسَّمَـٰوَٰتِ","Translation":"(of) the heavens","Transliteration":"l-samāwāti","Root":"س م و"},{"Position":6,"AudioFileName":"007_185_006.mp3","TajweedImageFilePath":"7/185/6.png","Text":"وَٱلْأَرْضِ","Translation":"and the earth","Transliteration":"wal-arḍi","Root":"أ ر ض"},{"Position":7,"AudioFileName":"007_185_007.mp3","TajweedImageFilePath":"7/185/7.png","Text":"وَمَا","Translation":"and what","Transliteration":"wamā","Root":"م ا"},{"Position":8,"AudioFileName":"007_185_008.mp3","TajweedImageFilePath":"7/185/8.png","Text":"خَلَقَ","Translation":"has (been) created","Transliteration":"khalaqa","Root":"خ ل ق"},{"Position":9,"AudioFileName":"007_185_009.mp3","TajweedImageFilePath":"7/185/9.png","Text":"ٱللَّهُ","Translation":"(by) Allah","Transliteration":"l-lahu","Root":"أ ل ه"},{"Position":10,"AudioFileName":"007_185_010.mp3","TajweedImageFilePath":"7/185/10.png","Text":"مِن","Translation":"of","Transliteration":"min","Root":"م ن"},{"Position":11,"AudioFileName":"007_185_011.mp3","TajweedImageFilePath":"7/185/11.png","Text":"شَىْءٍۢ","Translation":"(every)thing","Transliteration":"shayin","Root":"ش ي أ"},{"Position":12,"AudioFileName":"007_185_012.mp3","TajweedImageFilePath":"7/185/12.png","Text":"وَأَنْ","Translation":"and that","Transliteration":"wa-an","Root":"ا ن"},{"Position":13,"AudioFileName":"007_185_013.mp3","TajweedImageFilePath":"7/185/13.png","Text":"عَسَىٰٓ","Translation":"perhaps","Transliteration":"ʿasā","Root":"ع س ي"},{"Position":14,"AudioFileName":"007_185_014.mp3","TajweedImageFilePath":"7/185/14.png","Text":"أَن","Translation":"[that]","Transliteration":"an","Root":"ا ن"},{"Position":15,"AudioFileName":"007_185_015.mp3","TajweedImageFilePath":"7/185/15.png","Text":"يَكُونَ","Translation":"has","Transliteration":"yakūna","Root":"ك و ن"},{"Position":16,"AudioFileName":"007_185_016.mp3","TajweedImageFilePath":"7/185/16.png","Text":"قَدِ","Translation":"verily","Transliteration":"qadi","Root":"ق د"},{"Position":17,"AudioFileName":"007_185_017.mp3","TajweedImageFilePath":"7/185/17.png","Text":"ٱقْتَرَبَ","Translation":"come near ","Transliteration":"iq'taraba","Root":"ق ر ب"},{"Position":18,"AudioFileName":"007_185_018.mp3","TajweedImageFilePath":"7/185/18.png","Text":"أَجَلُهُمْ ۖ","Translation":"their term","Transliteration":"ajaluhum","Root":"أ ج ل"},{"Position":19,"AudioFileName":"007_185_019.mp3","TajweedImageFilePath":"7/185/19.png","Text":"فَبِأَىِّ","Translation":"So in what","Transliteration":"fabi-ayyi","Root":"ا ى ى"},{"Position":20,"AudioFileName":"007_185_020.mp3","TajweedImageFilePath":"7/185/20.png","Text":"حَدِيثٍۭ","Translation":"statement","Transliteration":"ḥadīthin","Root":"ح د ث"},{"Position":21,"AudioFileName":"007_185_021.mp3","TajweedImageFilePath":"7/185/21.png","Text":"بَعْدَهُۥ","Translation":"after this","Transliteration":"baʿdahu","Root":"ب ع د"},{"Position":22,"AudioFileName":"007_185_022.mp3","TajweedImageFilePath":"7/185/22.png","Text":"يُؤْمِنُونَ","Translation":"will they believe","Transliteration":"yu'minūna","Root":"أ م ن"},{"Position":23,"AudioFileName":null,"TajweedImageFilePath":"185.png","Text":"١٨٥","Translation":"(185)","Transliteration":null,"Root":null}],"PageNumber":174,"JuzNumber":9,"ManzilNumber":2,"RukuNumber":144,"MaqraNumber":69,"HizbNumber":18,"HizbDecimal":0.0,"HasSajda":false},{"SurahNumber":7,"SurahIndex":"007","VerseNumber":186,"ShowSurahName":false,"ShowBismillah":false,"Words":[{"Position":1,"AudioFileName":"007_186_001.mp3","TajweedImageFilePath":"7/186/1.png","Text":"مَن","Translation":"Whoever","Transliteration":"man","Root":"م ن"},{"Position":2,"AudioFileName":"007_186_002.mp3","TajweedImageFilePath":"7/186/2.png","Text":"يُضْلِلِ","Translation":"(is) let go astray","Transliteration":"yuḍ'lili","Root":"ض ل ل"},{"Position":3,"AudioFileName":"007_186_003.mp3","TajweedImageFilePath":"7/186/3.png","Text":"ٱللَّهُ","Translation":"(by) Allah","Transliteration":"l-lahu","Root":"أ ل ه"},{"Position":4,"AudioFileName":"007_186_004.mp3","TajweedImageFilePath":"7/186/4.png","Text":"فَلَا","Translation":"then (there is) no","Transliteration":"falā","Root":"ل ا"},{"Position":5,"AudioFileName":"007_186_005.mp3","TajweedImageFilePath":"7/186/5.png","Text":"هَادِىَ","Translation":"guide","Transliteration":"hādiya","Root":"ه د ي"},{"Position":6,"AudioFileName":"007_186_006.mp3","TajweedImageFilePath":"7/186/6.png","Text":"لَهُۥ ۚ","Translation":"for him","Transliteration":"lahu","Root":"ل"},{"Position":7,"AudioFileName":"007_186_007.mp3","TajweedImageFilePath":"7/186/7.png","Text":"وَيَذَرُهُمْ","Translation":"And He leaves them","Transliteration":"wayadharuhum","Root":"و ذ ر"},{"Position":8,"AudioFileName":"007_186_008.mp3","TajweedImageFilePath":"7/186/8.png","Text":"فِى","Translation":"in","Transliteration":"fī","Root":"ف ى"},{"Position":9,"AudioFileName":"007_186_009.mp3","TajweedImageFilePath":"7/186/9.png","Text":"طُغْيَـٰنِهِمْ","Translation":"their transgression","Transliteration":"ṭugh'yānihim","Root":"ط غ ي"},{"Position":10,"AudioFileName":"007_186_010.mp3","TajweedImageFilePath":"7/186/10.png","Text":"يَعْمَهُونَ","Translation":"wandering blindly","Transliteration":"yaʿmahūna","Root":"ع م ه"},{"Position":11,"AudioFileName":null,"TajweedImageFilePath":"186.png","Text":"١٨٦","Translation":"(186)","Transliteration":null,"Root":null}],"PageNumber":174,"JuzNumber":9,"ManzilNumber":2,"RukuNumber":144,"MaqraNumber":69,"HizbNumber":18,"HizbDecimal":0.0,"HasSajda":false},{"SurahNumber":7,"SurahIndex":"007","VerseNumber":187,"ShowSurahName":false,"ShowBismillah":false,"Words":[{"Position":1,"AudioFileName":"007_187_001.mp3","TajweedImageFilePath":"7/187/1.png","Text":"يَسْـَٔلُونَكَ","Translation":"They ask you","Transliteration":"yasalūnaka","Root":"س أ ل"},{"Position":2,"AudioFileName":"007_187_002.mp3","TajweedImageFilePath":"7/187/2.png","Text":"عَنِ","Translation":"about","Transliteration":"ʿani","Root":"ع ن"},{"Position":3,"AudioFileName":"007_187_003.mp3","TajweedImageFilePath":"7/187/3.png","Text":"ٱلسَّاعَةِ","Translation":"the Hour","Transliteration":"l-sāʿati","Root":"س و ع"},{"Position":4,"AudioFileName":"007_187_004.mp3","TajweedImageFilePath":"7/187/4.png","Text":"أَيَّانَ","Translation":"when will be","Transliteration":"ayyāna","Root":"ا ى ن"},{"Position":5,"AudioFileName":"007_187_005.mp3","TajweedImageFilePath":"7/187/5.png","Text":"مُرْسَىٰهَا ۖ","Translation":"its appointed time","Transliteration":"mur'sāhā","Root":"ر س و"},{"Position":6,"AudioFileName":"007_187_006.mp3","TajweedImageFilePath":"7/187/6.png","Text":"قُلْ","Translation":"Say","Transliteration":"qul","Root":"ق و ل"},{"Position":7,"AudioFileName":"007_187_007.mp3","TajweedImageFilePath":"7/187/7.png","Text":"إِنَّمَا","Translation":"Only","Transliteration":"innamā","Root":"ا ن ن م ا"},{"Position":8,"AudioFileName":"007_187_008.mp3","TajweedImageFilePath":"7/187/8.png","Text":"عِلْمُهَا","Translation":"its knowledge","Transliteration":"ʿil'muhā","Root":"ع ل م"},{"Position":9,"AudioFileName":"007_187_009.mp3","TajweedImageFilePath":"7/187/9.png","Text":"عِندَ","Translation":"(is) with","Transliteration":"ʿinda","Root":"ع ن د"},{"Position":10,"AudioFileName":"007_187_010.mp3","TajweedImageFilePath":"7/187/10.png","Text":"رَبِّى ۖ","Translation":"my Lord","Transliteration":"rabbī","Root":"ر ب ب"},{"Position":11,"AudioFileName":"007_187_011.mp3","TajweedImageFilePath":"7/187/11.png","Text":"لَا","Translation":"no (one)","Transliteration":"lā","Root":"ل ا"},{"Position":12,"AudioFileName":"007_187_012.mp3","TajweedImageFilePath":"7/187/12.png","Text":"يُجَلِّيهَا","Translation":"can reveal [it]","Transliteration":"yujallīhā","Root":"ج ل و"},{"Position":13,"AudioFileName":"007_187_013.mp3","TajweedImageFilePath":"7/187/13.png","Text":"لِوَقْتِهَآ","Translation":"its time","Transliteration":"liwaqtihā","Root":"و ق ت"},{"Position":14,"AudioFileName":"007_187_014.mp3","TajweedImageFilePath":"7/187/14.png","Text":"إِلَّا","Translation":"except","Transliteration":"illā","Root":"إِلَّا"},{"Position":15,"AudioFileName":"007_187_015.mp3","TajweedImageFilePath":"7/187/15.png","Text":"هُوَ ۚ","Translation":"Him","Transliteration":"huwa","Root":"ه و"},{"Position":16,"AudioFileName":"007_187_016.mp3","TajweedImageFilePath":"7/187/16.png","Text":"ثَقُلَتْ","Translation":"It lays heavily","Transliteration":"thaqulat","Root":"ث ق ل"},{"Position":17,"AudioFileName":"007_187_017.mp3","TajweedImageFilePath":"7/187/17.png","Text":"فِى","Translation":"in","Transliteration":"fī","Root":"ف ى"},{"Position":18,"AudioFileName":"007_187_018.mp3","TajweedImageFilePath":"7/187/18.png","Text":"ٱلسَّمَـٰوَٰتِ","Translation":"the heavens","Transliteration":"l-samāwāti","Root":"س م و"},{"Position":19,"AudioFileName":"007_187_019.mp3","TajweedImageFilePath":"7/187/19.png","Text":"وَٱلْأَرْضِ ۚ","Translation":"and the earth","Transliteration":"wal-arḍi","Root":"أ ر ض"},{"Position":20,"AudioFileName":"007_187_020.mp3","TajweedImageFilePath":"7/187/20.png","Text":"لَا","Translation":"Not","Transliteration":"lā","Root":"ل ا"},{"Position":21,"AudioFileName":"007_187_021.mp3","TajweedImageFilePath":"7/187/21.png","Text":"تَأْتِيكُمْ","Translation":"will it come to you","Transliteration":"tatīkum","Root":"أ ت ي"},{"Position":22,"AudioFileName":"007_187_022.mp3","TajweedImageFilePath":"7/187/22.png","Text":"إِلَّا","Translation":"but","Transliteration":"illā","Root":"إِلَّا"},{"Position":23,"AudioFileName":"007_187_023.mp3","TajweedImageFilePath":"7/187/23.png","Text":"بَغْتَةًۭ ۗ","Translation":"suddenly","Transliteration":"baghtatan","Root":"ب غ ت"},{"Position":24,"AudioFileName":"007_187_024.mp3","TajweedImageFilePath":"7/187/24.png","Text":"يَسْـَٔلُونَكَ","Translation":"They ask you","Transliteration":"yasalūnaka","Root":"س أ ل"},{"Position":25,"AudioFileName":"007_187_025.mp3","TajweedImageFilePath":"7/187/25.png","Text":"كَأَنَّكَ","Translation":"as if you","Transliteration":"ka-annaka","Root":"ك ا ن"},{"Position":26,"AudioFileName":"007_187_026.mp3","TajweedImageFilePath":"7/187/26.png","Text":"حَفِىٌّ","Translation":"(were) well informed","Transliteration":"ḥafiyyun","Root":"ح ف و"},{"Position":27,"AudioFileName":"007_187_027.mp3","TajweedImageFilePath":"7/187/27.png","Text":"عَنْهَا ۖ","Translation":"about it","Transliteration":"ʿanhā","Root":"ع ن"},{"Position":28,"AudioFileName":"007_187_028.mp3","TajweedImageFilePath":"7/187/28.png","Text":"قُلْ","Translation":"Say","Transliteration":"qul","Root":"ق و ل"},{"Position":29,"AudioFileName":"007_187_029.mp3","TajweedImageFilePath":"7/187/29.png","Text":"إِنَّمَا","Translation":"Only","Transliteration":"innamā","Root":"ا ن ن م ا"},{"Position":30,"AudioFileName":"007_187_030.mp3","TajweedImageFilePath":"7/187/30.png","Text":"عِلْمُهَا","Translation":"its knowledge","Transliteration":"ʿil'muhā","Root":"ع ل م"},{"Position":31,"AudioFileName":"007_187_031.mp3","TajweedImageFilePath":"7/187/31.png","Text":"عِندَ","Translation":"(is) with","Transliteration":"ʿinda","Root":"ع ن د"},{"Position":32,"AudioFileName":"007_187_032.mp3","TajweedImageFilePath":"7/187/32.png","Text":"ٱللَّهِ","Translation":"Allah","Transliteration":"l-lahi","Root":"أ ل ه"},{"Position":33,"AudioFileName":"007_187_033.mp3","TajweedImageFilePath":"7/187/33.png","Text":"وَلَـٰكِنَّ","Translation":"but","Transliteration":"walākinna","Root":"ل ك ن"},{"Position":34,"AudioFileName":"007_187_034.mp3","TajweedImageFilePath":"7/187/34.png","Text":"أَكْثَرَ","Translation":"most","Transliteration":"akthara","Root":"ك ث ر"},{"Position":35,"AudioFileName":"007_187_035.mp3","TajweedImageFilePath":"7/187/35.png","Text":"ٱلنَّاسِ","Translation":"(of) the people","Transliteration":"l-nāsi","Root":"ن و س"},{"Position":36,"AudioFileName":"007_187_036.mp3","TajweedImageFilePath":"7/187/36.png","Text":"لَا","Translation":"(do) not","Transliteration":"lā","Root":"ل ا"},{"Position":37,"AudioFileName":"007_187_037.mp3","TajweedImageFilePath":"7/187/37.png","Text":"يَعْلَمُونَ","Translation":"know","Transliteration":"yaʿlamūna","Root":"ع ل م"},{"Position":38,"AudioFileName":null,"TajweedImageFilePath":"187.png","Text":"١٨٧","Translation":"(187)","Transliteration":null,"Root":null}],"PageNumber":174,"JuzNumber":9,"ManzilNumber":2,"RukuNumber":144,"MaqraNumber":69,"HizbNumber":18,"HizbDecimal":0.0,"HasSajda":false},{"SurahNumber":7,"SurahIndex":"007","VerseNumber":188,"ShowSurahName":false,"ShowBismillah":false,"Words":[{"Position":1,"AudioFileName":"007_188_001.mp3","TajweedImageFilePath":"7/188/1.png","Text":"قُل","Translation":"Say","Transliteration":"qul","Root":"ق و ل"},{"Position":2,"AudioFileName":"007_188_002.mp3","TajweedImageFilePath":"7/188/2.png","Text":"لَّآ","Translation":"Not","Transliteration":"lā","Root":"ل ا"},{"Position":3,"AudioFileName":"007_188_003.mp3","TajweedImageFilePath":"7/188/3.png","Text":"أَمْلِكُ","Translation":"I have power","Transliteration":"amliku","Root":"م ل ك"},{"Position":4,"AudioFileName":"007_188_004.mp3","TajweedImageFilePath":"7/188/4.png","Text":"لِنَفْسِى","Translation":"for myself","Transliteration":"linafsī","Root":"ن ف س"},{"Position":5,"AudioFileName":"007_188_005.mp3","TajweedImageFilePath":"7/188/5.png","Text":"نَفْعًۭا","Translation":"(to) benefit","Transliteration":"nafʿan","Root":"ن ف ع"},{"Position":6,"AudioFileName":"007_188_006.mp3","TajweedImageFilePath":"7/188/6.png","Text":"وَلَا","Translation":"and no","Transliteration":"walā","Root":"ل ا"},{"Position":7,"AudioFileName":"007_188_007.mp3","TajweedImageFilePath":"7/188/7.png","Text":"ضَرًّا","Translation":"(power to) harm","Transliteration":"ḍarran","Root":"ض ر ر"},{"Position":8,"AudioFileName":"007_188_008.mp3","TajweedImageFilePath":"7/188/8.png","Text":"إِلَّا","Translation":"except","Transliteration":"illā","Root":"إِلَّا"},{"Position":9,"AudioFileName":"007_188_009.mp3","TajweedImageFilePath":"7/188/9.png","Text":"مَا","Translation":"what","Transliteration":"mā","Root":"م ا"},{"Position":10,"AudioFileName":"007_188_010.mp3","TajweedImageFilePath":"7/188/10.png","Text":"شَآءَ","Translation":"wills","Transliteration":"shāa","Root":"ش ي أ"},{"Position":11,"AudioFileName":"007_188_011.mp3","TajweedImageFilePath":"7/188/11.png","Text":"ٱللَّهُ ۚ","Translation":"Allah","Transliteration":"l-lahu","Root":"أ ل ه"},{"Position":12,"AudioFileName":"007_188_012.mp3","TajweedImageFilePath":"7/188/12.png","Text":"وَلَوْ","Translation":"And if","Transliteration":"walaw","Root":"ل و"},{"Position":13,"AudioFileName":"007_188_013.mp3","TajweedImageFilePath":"7/188/13.png","Text":"كُنتُ","Translation":"I would","Transliteration":"kuntu","Root":"ك و ن"},{"Position":14,"AudioFileName":"007_188_014.mp3","TajweedImageFilePath":"7/188/14.png","Text":"أَعْلَمُ","Translation":"know","Transliteration":"aʿlamu","Root":"ع ل م"},{"Position":15,"AudioFileName":"007_188_015.mp3","TajweedImageFilePath":"7/188/15.png","Text":"ٱلْغَيْبَ","Translation":"(of) the unseen","Transliteration":"l-ghayba","Root":"غ ي ب"},{"Position":16,"AudioFileName":"007_188_016.mp3","TajweedImageFilePath":"7/188/16.png","Text":"لَٱسْتَكْثَرْتُ","Translation":"surely I could have multiplied","Transliteration":"la-is'takthartu","Root":"ك ث ر"},{"Position":17,"AudioFileName":"007_188_017.mp3","TajweedImageFilePath":"7/188/17.png","Text":"مِنَ","Translation":"of","Transliteration":"mina","Root":"م ن"},{"Position":18,"AudioFileName":"007_188_018.mp3","TajweedImageFilePath":"7/188/18.png","Text":"ٱلْخَيْرِ","Translation":"the good","Transliteration":"l-khayri","Root":"خ ي ر"},{"Position":19,"AudioFileName":"007_188_019.mp3","TajweedImageFilePath":"7/188/19.png","Text":"وَمَا","Translation":"and not","Transliteration":"wamā","Root":"م ا"},{"Position":20,"AudioFileName":"007_188_020.mp3","TajweedImageFilePath":"7/188/20.png","Text":"مَسَّنِىَ","Translation":"(could) have touched me","Transliteration":"massaniya","Root":"م س س"},{"Position":21,"AudioFileName":"007_188_021.mp3","TajweedImageFilePath":"7/188/21.png","Text":"ٱلسُّوٓءُ ۚ","Translation":"the evil","Transliteration":"l-sūu","Root":"س و أ"},{"Position":22,"AudioFileName":"007_188_022.mp3","TajweedImageFilePath":"7/188/22.png","Text":"إِنْ","Translation":"Not","Transliteration":"in","Root":"ا ن"},{"Position":23,"AudioFileName":"007_188_023.mp3","TajweedImageFilePath":"7/188/23.png","Text":"أَنَا۠","Translation":"(am) I","Transliteration":"anā","Root":"ا ن ا"},{"Position":24,"AudioFileName":"007_188_024.mp3","TajweedImageFilePath":"7/188/24.png","Text":"إِلَّا","Translation":"except","Transliteration":"illā","Root":"إِلَّا"},{"Position":25,"AudioFileName":"007_188_025.mp3","TajweedImageFilePath":"7/188/25.png","Text":"نَذِيرٌۭ","Translation":"a warner","Transliteration":"nadhīrun","Root":"ن ذ ر"},{"Position":26,"AudioFileName":"007_188_026.mp3","TajweedImageFilePath":"7/188/26.png","Text":"وَبَشِيرٌۭ","Translation":"and a bearer of good tidings","Transliteration":"wabashīrun","Root":"ب ش ر"},{"Position":27,"AudioFileName":"007_188_027.mp3","TajweedImageFilePath":"7/188/27.png","Text":"لِّقَوْمٍۢ","Translation":"to a people","Transliteration":"liqawmin","Root":"ق و م"},{"Position":28,"AudioFileName":"007_188_028.mp3","TajweedImageFilePath":"7/188/28.png","Text":"يُؤْمِنُونَ","Translation":"who believe","Transliteration":"yu'minūna","Root":"أ م ن"},{"Position":29,"AudioFileName":null,"TajweedImageFilePath":"188.png","Text":"١٨٨","Translation":"(188)","Transliteration":null,"Root":null}],"PageNumber":175,"JuzNumber":9,"ManzilNumber":2,"RukuNumber":144,"MaqraNumber":69,"HizbNumber":18,"HizbDecimal":0.0,"HasSajda":false}]}