{"MaqraNumber":182.0,"Verses":[{"SurahNumber":38,"SurahIndex":"038","VerseNumber":21,"ShowSurahName":false,"ShowBismillah":false,"Text":"۞وَهَلۡ أَتَىٰكَ نَبَؤُاْ ٱلۡخَصۡمِ إِذۡ تَسَوَّرُواْ ٱلۡمِحۡرَابَ","TajweedText":"۞ وَهَلْ أَتَ<tajweed class=madda_normal>ـٰ</tajweed>كَ نَبَؤُ<tajweed class=slnt>اْ</tajweed> <tajweed class=ham_wasl>ٱ</tajweed>لْخَصْمِ إِذْ تَسَوَّرُو<tajweed class=slnt>اْ</tajweed> <tajweed class=ham_wasl>ٱ</tajweed>لْمِحْر<tajweed class=madda_permissible>َا</tajweed><tajweed class=qalaqah>ب</tajweed>َ <span class=end>٢١</span>","End":"٢١","PageNumber":454,"JuzNumber":23,"ManzilNumber":6,"RukuNumber":392,"MaqraNumber":182,"HizbNumber":46,"HizbDecimal":0.25,"HasSajda":false},{"SurahNumber":38,"SurahIndex":"038","VerseNumber":22,"ShowSurahName":false,"ShowBismillah":false,"Text":"إِذۡ دَخَلُواْ عَلَىٰ دَاوُۥدَ فَفَزِعَ مِنۡهُمۡۖ قَالُواْ لَا تَخَفۡۖ خَصۡمَانِ بَغَىٰ بَعۡضُنَا عَلَىٰ بَعۡضٖ فَٱحۡكُم بَيۡنَنَا بِٱلۡحَقِّ وَلَا تُشۡطِطۡ وَٱهۡدِنَآ إِلَىٰ سَوَآءِ ٱلصِّرَٰطِ","TajweedText":"إِذْ دَخَلُو<tajweed class=slnt>اْ</tajweed> عَلَىٰ دَاوُ<tajweed class=madda_normal>ۥ</tajweed>دَ فَفَزِعَ مِنْهُمْ‌ۖ قَالُو<tajweed class=slnt>اْ</tajweed> لَا تَخَفْ‌ۖ خَصْمَانِ بَغَىٰ بَعْضُنَا عَلَىٰ بَعْ<tajweed class=ikhafa>ضٍ ف</tajweed>َ<tajweed class=ham_wasl>ٱ</tajweed>حْك<tajweed class=ikhafa_shafawi>ُم ب</tajweed>َيْنَنَا بِ<tajweed class=ham_wasl>ٱ</tajweed>لْحَقِّ وَلَا تُشْطِ<tajweed class=qalaqah>طْ</tajweed> وَ<tajweed class=ham_wasl>ٱ</tajweed>هْدِن<tajweed class=madda_obligatory>َآ</tajweed> إِلَىٰ سَو<tajweed class=madda_obligatory>َا</tajweed>ٓءِ <tajweed class=ham_wasl>ٱ</tajweed><tajweed class=laam_shamsiyah>ل</tajweed>صِّر<tajweed class=madda_permissible>َٲ</tajweed><tajweed class=qalaqah>ط</tajweed>ِ <span class=end>٢٢</span>","End":"٢٢","PageNumber":454,"JuzNumber":23,"ManzilNumber":6,"RukuNumber":392,"MaqraNumber":182,"HizbNumber":46,"HizbDecimal":0.25,"HasSajda":false},{"SurahNumber":38,"SurahIndex":"038","VerseNumber":23,"ShowSurahName":false,"ShowBismillah":false,"Text":"إِنَّ هَٰذَآ أَخِي لَهُۥ تِسۡعٞ وَتِسۡعُونَ نَعۡجَةٗ وَلِيَ نَعۡجَةٞ وَٰحِدَةٞ فَقَالَ أَكۡفِلۡنِيهَا وَعَزَّنِي فِي ٱلۡخِطَابِ","TajweedText":"إِ<tajweed class=ghunnah>نّ</tajweed>َ هَ<tajweed class=madda_normal>ـٰ</tajweed>ذ<tajweed class=madda_obligatory>َآ</tajweed> أَخِى لَهُ<tajweed class=madda_normal>ۥ</tajweed> تِسْ<tajweed class=idgham_ghunnah>عٌ و</tajweed>َتِسْعُونَ نَعْجَ<tajweed class=idgham_ghunnah>ةً و</tajweed>َلِىَ نَعْجَ<tajweed class=idgham_ghunnah>ةٌ و</tajweed><tajweed class=madda_normal>َٲ</tajweed>حِدَ<tajweed class=ikhafa>ةٌ ف</tajweed>َقَالَ أَكْفِلْنِيهَا وَعَزَّنِى فِى <tajweed class=ham_wasl>ٱ</tajweed>لْخِط<tajweed class=madda_permissible>َا</tajweed><tajweed class=qalaqah>ب</tajweed>ِ <span class=end>٢٣</span>","End":"٢٣","PageNumber":454,"JuzNumber":23,"ManzilNumber":6,"RukuNumber":392,"MaqraNumber":182,"HizbNumber":46,"HizbDecimal":0.25,"HasSajda":false},{"SurahNumber":38,"SurahIndex":"038","VerseNumber":24,"ShowSurahName":false,"ShowBismillah":false,"Text":"قَالَ لَقَدۡ ظَلَمَكَ بِسُؤَالِ نَعۡجَتِكَ إِلَىٰ نِعَاجِهِۦۖ وَإِنَّ كَثِيرٗا مِّنَ ٱلۡخُلَطَآءِ لَيَبۡغِي بَعۡضُهُمۡ عَلَىٰ بَعۡضٍ إِلَّا ٱلَّذِينَ ءَامَنُواْ وَعَمِلُواْ ٱلصَّـٰلِحَٰتِ وَقَلِيلٞ مَّا هُمۡۗ وَظَنَّ دَاوُۥدُ أَنَّمَا فَتَنَّـٰهُ فَٱسۡتَغۡفَرَ رَبَّهُۥ وَخَرَّۤ رَاكِعٗاۤ وَأَنَابَ۩","TajweedText":"قَالَ لَقَ<tajweed class=qalaqah>دْ</tajweed> ظَلَمَكَ بِسُؤَالِ نَعْجَتِكَ إِلَىٰ نِعَاجِه<tajweed class=madda_normal>ِۦ</tajweed>‌ۖ وَإِ<tajweed class=ghunnah>نّ</tajweed>َ كَثِي<tajweed class=idgham_ghunnah>رًا م</tajweed>ِّنَ <tajweed class=ham_wasl>ٱ</tajweed>لْخُلَط<tajweed class=madda_obligatory>َا</tajweed>ٓءِ لَيَ<tajweed class=qalaqah>بْ</tajweed>غِى بَعْضُهُمْ عَلَىٰ بَعْضٍ إِلَّا <tajweed class=ham_wasl>ٱ</tajweed>لَّذِينَ ءَامَنُو<tajweed class=slnt>اْ</tajweed> وَعَمِلُو<tajweed class=slnt>اْ</tajweed> <tajweed class=ham_wasl>ٱ</tajweed><tajweed class=laam_shamsiyah>ل</tajweed>صَّ<tajweed class=madda_normal>ـٰ</tajweed>لِحَ<tajweed class=madda_normal>ـٰ</tajweed>تِ وَقَلِي<tajweed class=idgham_ghunnah>لٌ م</tajweed>َّا هُمْ‌ۗ وَظَ<tajweed class=ghunnah>نّ</tajweed>َ دَاوُ<tajweed class=madda_normal>ۥ</tajweed>دُ أَ<tajweed class=ghunnah>نّ</tajweed>َمَا فَتَ<tajweed class=ghunnah>نّ</tajweed>َ<tajweed class=madda_normal>ـٰ</tajweed>هُ فَ<tajweed class=ham_wasl>ٱ</tajweed>سْتَغْفَرَ رَبَّهُ<tajweed class=madda_normal>ۥ</tajweed> وَخَرَّ رَاكِ<tajweed class=idgham_ghunnah>عًا و</tajweed>َأَنَ<tajweed class=madda_permissible>ا</tajweed><tajweed class=qalaqah>ب</tajweed>َ ۩ <span class=end>٢٤</span>","End":"٢٤","PageNumber":454,"JuzNumber":23,"ManzilNumber":6,"RukuNumber":392,"MaqraNumber":182,"HizbNumber":46,"HizbDecimal":0.25,"HasSajda":true},{"SurahNumber":38,"SurahIndex":"038","VerseNumber":25,"ShowSurahName":false,"ShowBismillah":false,"Text":"فَغَفَرۡنَا لَهُۥ ذَٰلِكَۖ وَإِنَّ لَهُۥ عِندَنَا لَزُلۡفَىٰ وَحُسۡنَ مَـَٔابٖ","TajweedText":"فَغَفَرْنَا لَهُ<tajweed class=madda_normal>ۥ</tajweed> ذ<tajweed class=madda_normal>َٲ</tajweed>لِكَ‌ۖ وَإِ<tajweed class=ghunnah>نّ</tajweed>َ لَهُ<tajweed class=madda_normal>ۥ</tajweed> عِ<tajweed class=ikhafa>ند</tajweed>َنَا لَزُلْفَىٰ وَحُسْنَ مَــٔ<tajweed class=madda_permissible>َا</tajweed><tajweed class=qalaqah>ب</tajweed>ٍ <span class=end>٢٥</span>","End":"٢٥","PageNumber":454,"JuzNumber":23,"ManzilNumber":6,"RukuNumber":392,"MaqraNumber":182,"HizbNumber":46,"HizbDecimal":0.25,"HasSajda":false},{"SurahNumber":38,"SurahIndex":"038","VerseNumber":26,"ShowSurahName":false,"ShowBismillah":false,"Text":"يَٰدَاوُۥدُ إِنَّا جَعَلۡنَٰكَ خَلِيفَةٗ فِي ٱلۡأَرۡضِ فَٱحۡكُم بَيۡنَ ٱلنَّاسِ بِٱلۡحَقِّ وَلَا تَتَّبِعِ ٱلۡهَوَىٰ فَيُضِلَّكَ عَن سَبِيلِ ٱللَّهِۚ إِنَّ ٱلَّذِينَ يَضِلُّونَ عَن سَبِيلِ ٱللَّهِ لَهُمۡ عَذَابٞ شَدِيدُۢ بِمَا نَسُواْ يَوۡمَ ٱلۡحِسَابِ","TajweedText":"يَ<tajweed class=madda_normal>ـٰ</tajweed>دَاوُ<tajweed class=madda_normal>ۥ</tajweed>دُ إِ<tajweed class=ghunnah>نّ</tajweed>َا جَعَلْنَ<tajweed class=madda_normal>ـٰ</tajweed>كَ خَلِيفَ<tajweed class=ikhafa>ةً ف</tajweed>ِى <tajweed class=ham_wasl>ٱ</tajweed>لْأَرْضِ فَ<tajweed class=ham_wasl>ٱ</tajweed>حْك<tajweed class=ikhafa_shafawi>ُم ب</tajweed>َيْنَ <tajweed class=ham_wasl>ٱ</tajweed><tajweed class=laam_shamsiyah>ل</tajweed><tajweed class=ghunnah>نّ</tajweed>َاسِ بِ<tajweed class=ham_wasl>ٱ</tajweed>لْحَقِّ وَلَا تَتَّبِعِ <tajweed class=ham_wasl>ٱ</tajweed>لْهَوَىٰ فَيُضِلَّكَ عَ<tajweed class=ikhafa>ن س</tajweed>َبِيلِ <tajweed class=ham_wasl>ٱ</tajweed>للَّهِ‌ۚ إِ<tajweed class=ghunnah>نّ</tajweed>َ <tajweed class=ham_wasl>ٱ</tajweed>لَّذِينَ يَضِلُّونَ عَ<tajweed class=ikhafa>ن س</tajweed>َبِيلِ <tajweed class=ham_wasl>ٱ</tajweed>للَّهِ لَهُمْ عَذَا<tajweed class=ikhafa>بٌ ش</tajweed>َدِي<tajweed class=iqlab>دُۢ ب</tajweed>ِمَا نَسُو<tajweed class=slnt>اْ</tajweed> يَوْمَ <tajweed class=ham_wasl>ٱ</tajweed>لْحِس<tajweed class=madda_permissible>َا</tajweed><tajweed class=qalaqah>ب</tajweed>ِ <span class=end>٢٦</span>","End":"٢٦","PageNumber":454,"JuzNumber":23,"ManzilNumber":6,"RukuNumber":392,"MaqraNumber":182,"HizbNumber":46,"HizbDecimal":0.25,"HasSajda":false},{"SurahNumber":38,"SurahIndex":"038","VerseNumber":27,"ShowSurahName":false,"ShowBismillah":false,"Text":"وَمَا خَلَقۡنَا ٱلسَّمَآءَ وَٱلۡأَرۡضَ وَمَا بَيۡنَهُمَا بَٰطِلٗاۚ ذَٰلِكَ ظَنُّ ٱلَّذِينَ كَفَرُواْۚ فَوَيۡلٞ لِّلَّذِينَ كَفَرُواْ مِنَ ٱلنَّارِ","TajweedText":"وَمَا خَلَ<tajweed class=qalaqah>قْ</tajweed>نَا <tajweed class=ham_wasl>ٱ</tajweed><tajweed class=laam_shamsiyah>ل</tajweed>سَّم<tajweed class=madda_obligatory>َا</tajweed>ٓءَ وَ<tajweed class=ham_wasl>ٱ</tajweed>لْأَرْضَ وَمَا بَيْنَهُمَا بَ<tajweed class=madda_normal>ـٰ</tajweed>طِل<tajweed class=ikhafa>اً‌ۚ ذ</tajweed><tajweed class=madda_normal>َٲ</tajweed>لِكَ ظَ<tajweed class=ghunnah>نّ</tajweed>ُ <tajweed class=ham_wasl>ٱ</tajweed>لَّذِينَ كَفَرُو<tajweed class=slnt>اْ‌ۚ</tajweed> فَوَيْ<tajweed class=idgham_wo_ghunnah>لٌ ل</tajweed>ِّلَّذِينَ كَفَرُو<tajweed class=slnt>اْ</tajweed> مِنَ <tajweed class=ham_wasl>ٱ</tajweed><tajweed class=laam_shamsiyah>ل</tajweed><tajweed class=ghunnah>نّ</tajweed><tajweed class=madda_permissible>َا</tajweed>رِ <span class=end>٢٧</span>","End":"٢٧","PageNumber":455,"JuzNumber":23,"ManzilNumber":6,"RukuNumber":393,"MaqraNumber":182,"HizbNumber":46,"HizbDecimal":0.25,"HasSajda":false},{"SurahNumber":38,"SurahIndex":"038","VerseNumber":28,"ShowSurahName":false,"ShowBismillah":false,"Text":"أَمۡ نَجۡعَلُ ٱلَّذِينَ ءَامَنُواْ وَعَمِلُواْ ٱلصَّـٰلِحَٰتِ كَٱلۡمُفۡسِدِينَ فِي ٱلۡأَرۡضِ أَمۡ نَجۡعَلُ ٱلۡمُتَّقِينَ كَٱلۡفُجَّارِ","TajweedText":"أَمْ نَ<tajweed class=qalaqah>جْ</tajweed>عَلُ <tajweed class=ham_wasl>ٱ</tajweed>لَّذِينَ ءَامَنُو<tajweed class=slnt>اْ</tajweed> وَعَمِلُو<tajweed class=slnt>اْ</tajweed> <tajweed class=ham_wasl>ٱ</tajweed><tajweed class=laam_shamsiyah>ل</tajweed>صَّ<tajweed class=madda_normal>ـٰ</tajweed>لِحَ<tajweed class=madda_normal>ـٰ</tajweed>تِ كَ<tajweed class=ham_wasl>ٱ</tajweed>لْمُفْسِدِينَ فِى <tajweed class=ham_wasl>ٱ</tajweed>لْأَرْضِ أَمْ نَ<tajweed class=qalaqah>جْ</tajweed>عَلُ <tajweed class=ham_wasl>ٱ</tajweed>لْمُتَّقِينَ كَ<tajweed class=ham_wasl>ٱ</tajweed>لْفُجّ<tajweed class=madda_permissible>َا</tajweed>رِ <span class=end>٢٨</span>","End":"٢٨","PageNumber":455,"JuzNumber":23,"ManzilNumber":6,"RukuNumber":393,"MaqraNumber":182,"HizbNumber":46,"HizbDecimal":0.25,"HasSajda":false},{"SurahNumber":38,"SurahIndex":"038","VerseNumber":29,"ShowSurahName":false,"ShowBismillah":false,"Text":"كِتَٰبٌ أَنزَلۡنَٰهُ إِلَيۡكَ مُبَٰرَكٞ لِّيَدَّبَّرُوٓاْ ءَايَٰتِهِۦ وَلِيَتَذَكَّرَ أُوْلُواْ ٱلۡأَلۡبَٰبِ","TajweedText":"كِتَ<tajweed class=madda_normal>ـٰ</tajweed>بٌ أَ<tajweed class=ikhafa>نز</tajweed>َلْنَ<tajweed class=madda_normal>ـٰ</tajweed>هُ إِلَيْكَ مُبَ<tajweed class=madda_normal>ـٰ</tajweed>رَ<tajweed class=idgham_wo_ghunnah>كٌ ل</tajweed>ِّيَدَّبَّر<tajweed class=madda_obligatory>ُوٓ</tajweed><tajweed class=slnt>اْ</tajweed> ءَايَ<tajweed class=madda_normal>ـٰ</tajweed>تِه<tajweed class=madda_normal>ِۦ</tajweed> وَلِيَتَذَكَّرَ أُ<tajweed class=slnt>وْ</tajweed>لُو<tajweed class=slnt>اْ</tajweed> <tajweed class=ham_wasl>ٱ</tajweed>لْأَلْبَ<tajweed class=madda_permissible>ـٰ</tajweed><tajweed class=qalaqah>ب</tajweed>ِ <span class=end>٢٩</span>","End":"٢٩","PageNumber":455,"JuzNumber":23,"ManzilNumber":6,"RukuNumber":393,"MaqraNumber":182,"HizbNumber":46,"HizbDecimal":0.25,"HasSajda":false},{"SurahNumber":38,"SurahIndex":"038","VerseNumber":30,"ShowSurahName":false,"ShowBismillah":false,"Text":"وَوَهَبۡنَا لِدَاوُۥدَ سُلَيۡمَٰنَۚ نِعۡمَ ٱلۡعَبۡدُ إِنَّهُۥٓ أَوَّابٌ","TajweedText":"وَوَهَ<tajweed class=qalaqah>بْ</tajweed>نَا لِدَاوُ<tajweed class=madda_normal>ۥ</tajweed>دَ سُلَيْمَ<tajweed class=madda_normal>ـٰ</tajweed>نَ‌ۚ نِعْمَ <tajweed class=ham_wasl>ٱ</tajweed>لْعَ<tajweed class=qalaqah>بْ</tajweed>دُ‌ۖ إِ<tajweed class=ghunnah>نّ</tajweed>َهُ<tajweed class=madda_obligatory>ۥٓ</tajweed> أَوّ<tajweed class=madda_permissible>َا</tajweed><tajweed class=qalaqah>ب</tajweed>ٌ <span class=end>٣٠</span>","End":"٣٠","PageNumber":455,"JuzNumber":23,"ManzilNumber":6,"RukuNumber":393,"MaqraNumber":182,"HizbNumber":46,"HizbDecimal":0.25,"HasSajda":false},{"SurahNumber":38,"SurahIndex":"038","VerseNumber":31,"ShowSurahName":false,"ShowBismillah":false,"Text":"إِذۡ عُرِضَ عَلَيۡهِ بِٱلۡعَشِيِّ ٱلصَّـٰفِنَٰتُ ٱلۡجِيَادُ","TajweedText":"إِذْ عُرِضَ عَلَيْهِ بِ<tajweed class=ham_wasl>ٱ</tajweed>لْعَشِىِّ <tajweed class=ham_wasl>ٱ</tajweed><tajweed class=laam_shamsiyah>ل</tajweed>صَّ<tajweed class=madda_normal>ـٰ</tajweed>فِنَ<tajweed class=madda_normal>ـٰ</tajweed>تُ <tajweed class=ham_wasl>ٱ</tajweed>لْجِي<tajweed class=madda_permissible>َا</tajweed><tajweed class=qalaqah>د</tajweed>ُ <span class=end>٣١</span>","End":"٣١","PageNumber":455,"JuzNumber":23,"ManzilNumber":6,"RukuNumber":393,"MaqraNumber":182,"HizbNumber":46,"HizbDecimal":0.25,"HasSajda":false},{"SurahNumber":38,"SurahIndex":"038","VerseNumber":32,"ShowSurahName":false,"ShowBismillah":false,"Text":"فَقَالَ إِنِّيٓ أَحۡبَبۡتُ حُبَّ ٱلۡخَيۡرِ عَن ذِكۡرِ رَبِّي حَتَّىٰ تَوَارَتۡ بِٱلۡحِجَابِ","TajweedText":"فَقَالَ إِ<tajweed class=ghunnah>نّ</tajweed><tajweed class=madda_obligatory>ِىٓ</tajweed> أَحْبَ<tajweed class=qalaqah>بْ</tajweed>تُ حُبَّ <tajweed class=ham_wasl>ٱ</tajweed>لْخَيْرِ عَ<tajweed class=ikhafa>ن ذ</tajweed>ِكْرِ رَبِّى حَتَّىٰ تَوَارَتْ بِ<tajweed class=ham_wasl>ٱ</tajweed>لْحِج<tajweed class=madda_permissible>َا</tajweed><tajweed class=qalaqah>ب</tajweed>ِ <span class=end>٣٢</span>","End":"٣٢","PageNumber":455,"JuzNumber":23,"ManzilNumber":6,"RukuNumber":393,"MaqraNumber":182,"HizbNumber":46,"HizbDecimal":0.25,"HasSajda":false},{"SurahNumber":38,"SurahIndex":"038","VerseNumber":33,"ShowSurahName":false,"ShowBismillah":false,"Text":"رُدُّوهَا عَلَيَّۖ فَطَفِقَ مَسۡحَۢا بِٱلسُّوقِ وَٱلۡأَعۡنَاقِ","TajweedText":"رُدُّوهَا عَلَىَّ‌ۖ فَطَفِقَ مَسْح<tajweed class=iqlab>َۢا ب</tajweed>ِ<tajweed class=ham_wasl>ٱ</tajweed><tajweed class=laam_shamsiyah>ل</tajweed>سُّوقِ وَ<tajweed class=ham_wasl>ٱ</tajweed>لْأَعْن<tajweed class=madda_permissible>َا</tajweed><tajweed class=qalaqah>ق</tajweed>ِ <span class=end>٣٣</span>","End":"٣٣","PageNumber":455,"JuzNumber":23,"ManzilNumber":6,"RukuNumber":393,"MaqraNumber":182,"HizbNumber":46,"HizbDecimal":0.25,"HasSajda":false},{"SurahNumber":38,"SurahIndex":"038","VerseNumber":34,"ShowSurahName":false,"ShowBismillah":false,"Text":"وَلَقَدۡ فَتَنَّا سُلَيۡمَٰنَ وَأَلۡقَيۡنَا عَلَىٰ كُرۡسِيِّهِۦ جَسَدٗا ثُمَّ أَنَابَ","TajweedText":"وَلَقَ<tajweed class=qalaqah>دْ</tajweed> فَتَ<tajweed class=ghunnah>نّ</tajweed>َا سُلَيْمَ<tajweed class=madda_normal>ـٰ</tajweed>نَ وَأَلْقَيْنَا عَلَىٰ كُرْسِيِّه<tajweed class=madda_normal>ِۦ</tajweed> جَسَ<tajweed class=ikhafa>دًا ث</tajweed>ُ<tajweed class=ghunnah>مّ</tajweed>َ أَن<tajweed class=madda_permissible>َا</tajweed><tajweed class=qalaqah>ب</tajweed>َ <span class=end>٣٤</span>","End":"٣٤","PageNumber":455,"JuzNumber":23,"ManzilNumber":6,"RukuNumber":393,"MaqraNumber":182,"HizbNumber":46,"HizbDecimal":0.25,"HasSajda":false},{"SurahNumber":38,"SurahIndex":"038","VerseNumber":35,"ShowSurahName":false,"ShowBismillah":false,"Text":"قَالَ رَبِّ ٱغۡفِرۡ لِي وَهَبۡ لِي مُلۡكٗا لَّا يَنۢبَغِي لِأَحَدٖ مِّنۢ بَعۡدِيٓۖ إِنَّكَ أَنتَ ٱلۡوَهَّابُ","TajweedText":"قَالَ رَبِّ <tajweed class=ham_wasl>ٱ</tajweed>غْفِرْ لِى وَهَ<tajweed class=qalaqah>بْ</tajweed> لِى مُلْ<tajweed class=idgham_wo_ghunnah>كًا ل</tajweed>َّا يَ<tajweed class=iqlab>نۢب</tajweed>َغِى لِأَحَ<tajweed class=idgham_ghunnah>دٍ م</tajweed>ّ<tajweed class=iqlab>ِنۢ ب</tajweed>َعْد<tajweed class=madda_obligatory>ِىٓ‌ۖ</tajweed> إِ<tajweed class=ghunnah>نّ</tajweed>َكَ أَ<tajweed class=ikhafa>نت</tajweed>َ <tajweed class=ham_wasl>ٱ</tajweed>لْوَهّ<tajweed class=madda_permissible>َا</tajweed><tajweed class=qalaqah>ب</tajweed>ُ <span class=end>٣٥</span>","End":"٣٥","PageNumber":455,"JuzNumber":23,"ManzilNumber":6,"RukuNumber":393,"MaqraNumber":182,"HizbNumber":46,"HizbDecimal":0.25,"HasSajda":false},{"SurahNumber":38,"SurahIndex":"038","VerseNumber":36,"ShowSurahName":false,"ShowBismillah":false,"Text":"فَسَخَّرۡنَا لَهُ ٱلرِّيحَ تَجۡرِي بِأَمۡرِهِۦ رُخَآءً حَيۡثُ أَصَابَ","TajweedText":"فَسَخَّرْنَا لَهُ <tajweed class=ham_wasl>ٱ</tajweed><tajweed class=laam_shamsiyah>ل</tajweed>رِّيحَ تَ<tajweed class=qalaqah>جْ</tajweed>رِى بِأَمْرِه<tajweed class=madda_normal>ِۦ</tajweed> رُخ<tajweed class=madda_obligatory>َا</tajweed>ٓءً حَيْثُ أَص<tajweed class=madda_permissible>َا</tajweed><tajweed class=qalaqah>ب</tajweed>َ <span class=end>٣٦</span>","End":"٣٦","PageNumber":455,"JuzNumber":23,"ManzilNumber":6,"RukuNumber":393,"MaqraNumber":182,"HizbNumber":46,"HizbDecimal":0.25,"HasSajda":false},{"SurahNumber":38,"SurahIndex":"038","VerseNumber":37,"ShowSurahName":false,"ShowBismillah":false,"Text":"وَٱلشَّيَٰطِينَ كُلَّ بَنَّآءٖ وَغَوَّاصٖ","TajweedText":"وَ<tajweed class=ham_wasl>ٱ</tajweed><tajweed class=laam_shamsiyah>ل</tajweed>شَّيَ<tajweed class=madda_normal>ـٰ</tajweed>طِينَ كُلَّ بَ<tajweed class=ghunnah>نّ</tajweed><tajweed class=madda_obligatory>َا</tajweed>ٓ<tajweed class=idgham_ghunnah>ءٍ و</tajweed>َغَوّ<tajweed class=madda_permissible>َا</tajweed>صٍ <span class=end>٣٧</span>","End":"٣٧","PageNumber":455,"JuzNumber":23,"ManzilNumber":6,"RukuNumber":393,"MaqraNumber":182,"HizbNumber":46,"HizbDecimal":0.25,"HasSajda":false},{"SurahNumber":38,"SurahIndex":"038","VerseNumber":38,"ShowSurahName":false,"ShowBismillah":false,"Text":"وَءَاخَرِينَ مُقَرَّنِينَ فِي ٱلۡأَصۡفَادِ","TajweedText":"وَءَاخَرِينَ مُقَرَّنِينَ فِى <tajweed class=ham_wasl>ٱ</tajweed>لْأَصْف<tajweed class=madda_permissible>َا</tajweed><tajweed class=qalaqah>د</tajweed>ِ <span class=end>٣٨</span>","End":"٣٨","PageNumber":455,"JuzNumber":23,"ManzilNumber":6,"RukuNumber":393,"MaqraNumber":182,"HizbNumber":46,"HizbDecimal":0.25,"HasSajda":false},{"SurahNumber":38,"SurahIndex":"038","VerseNumber":39,"ShowSurahName":false,"ShowBismillah":false,"Text":"هَٰذَا عَطَآؤُنَا فَٱمۡنُنۡ أَوۡ أَمۡسِكۡ بِغَيۡرِ حِسَابٖ","TajweedText":"هَ<tajweed class=madda_normal>ـٰ</tajweed>ذَا عَط<tajweed class=madda_obligatory>َا</tajweed>ٓؤُنَا فَ<tajweed class=ham_wasl>ٱ</tajweed>مْنُنْ أَوْ أَمْسِكْ بِغَيْرِ حِس<tajweed class=madda_permissible>َا</tajweed><tajweed class=qalaqah>ب</tajweed>ٍ <span class=end>٣٩</span>","End":"٣٩","PageNumber":455,"JuzNumber":23,"ManzilNumber":6,"RukuNumber":393,"MaqraNumber":182,"HizbNumber":46,"HizbDecimal":0.25,"HasSajda":false},{"SurahNumber":38,"SurahIndex":"038","VerseNumber":40,"ShowSurahName":false,"ShowBismillah":false,"Text":"وَإِنَّ لَهُۥ عِندَنَا لَزُلۡفَىٰ وَحُسۡنَ مَـَٔابٖ","TajweedText":"وَإِ<tajweed class=ghunnah>نّ</tajweed>َ لَهُ<tajweed class=madda_normal>ۥ</tajweed> عِ<tajweed class=ikhafa>ند</tajweed>َنَا لَزُلْفَىٰ وَحُسْنَ مَــٔ<tajweed class=madda_permissible>َا</tajweed><tajweed class=qalaqah>ب</tajweed>ٍ <span class=end>٤٠</span>","End":"٤٠","PageNumber":455,"JuzNumber":23,"ManzilNumber":6,"RukuNumber":393,"MaqraNumber":182,"HizbNumber":46,"HizbDecimal":0.25,"HasSajda":false},{"SurahNumber":38,"SurahIndex":"038","VerseNumber":41,"ShowSurahName":false,"ShowBismillah":false,"Text":"وَٱذۡكُرۡ عَبۡدَنَآ أَيُّوبَ إِذۡ نَادَىٰ رَبَّهُۥٓ أَنِّي مَسَّنِيَ ٱلشَّيۡطَٰنُ بِنُصۡبٖ وَعَذَابٍ","TajweedText":"وَ<tajweed class=ham_wasl>ٱ</tajweed>ذْكُرْ عَ<tajweed class=qalaqah>بْ</tajweed>دَن<tajweed class=madda_obligatory>َآ</tajweed> أَيُّوبَ إِذْ نَادَىٰ رَبَّهُ<tajweed class=madda_obligatory>ۥٓ</tajweed> أَ<tajweed class=ghunnah>نّ</tajweed>ِى مَسَّنِىَ <tajweed class=ham_wasl>ٱ</tajweed><tajweed class=laam_shamsiyah>ل</tajweed>شَّيْطَ<tajweed class=madda_normal>ـٰ</tajweed>نُ بِنُصْ<tajweed class=idgham_ghunnah>بٍ و</tajweed>َعَذ<tajweed class=madda_permissible>َا</tajweed><tajweed class=qalaqah>ب</tajweed>ٍ <span class=end>٤١</span>","End":"٤١","PageNumber":455,"JuzNumber":23,"ManzilNumber":6,"RukuNumber":394,"MaqraNumber":182,"HizbNumber":46,"HizbDecimal":0.25,"HasSajda":false},{"SurahNumber":38,"SurahIndex":"038","VerseNumber":42,"ShowSurahName":false,"ShowBismillah":false,"Text":"ٱرۡكُضۡ بِرِجۡلِكَۖ هَٰذَا مُغۡتَسَلُۢ بَارِدٞ وَشَرَابٞ","TajweedText":"ٱرْكُضْ بِرِ<tajweed class=qalaqah>جْ</tajweed>لِكَ‌ۖ هَ<tajweed class=madda_normal>ـٰ</tajweed>ذَا مُغْتَسَ<tajweed class=iqlab>لُۢ ب</tajweed>َارِ<tajweed class=idgham_ghunnah>دٌ و</tajweed>َشَر<tajweed class=madda_permissible>َا</tajweed><tajweed class=qalaqah>ب</tajweed>ٌ <span class=end>٤٢</span>","End":"٤٢","PageNumber":455,"JuzNumber":23,"ManzilNumber":6,"RukuNumber":394,"MaqraNumber":182,"HizbNumber":46,"HizbDecimal":0.25,"HasSajda":false},{"SurahNumber":38,"SurahIndex":"038","VerseNumber":43,"ShowSurahName":false,"ShowBismillah":false,"Text":"وَوَهَبۡنَا لَهُۥٓ أَهۡلَهُۥ وَمِثۡلَهُم مَّعَهُمۡ رَحۡمَةٗ مِّنَّا وَذِكۡرَىٰ لِأُوْلِي ٱلۡأَلۡبَٰبِ","TajweedText":"وَوَهَ<tajweed class=qalaqah>بْ</tajweed>نَا لَهُ<tajweed class=madda_obligatory>ۥٓ</tajweed> أَهْلَهُ<tajweed class=madda_normal>ۥ</tajweed> وَمِثْلَه<tajweed class=idgham_shafawi>ُم م</tajweed>َّعَهُمْ رَحْمَ<tajweed class=idgham_ghunnah>ةً م</tajweed>ِّ<tajweed class=ghunnah>نّ</tajweed>َا وَذِكْرَىٰ لِأُ<tajweed class=slnt>وْ</tajweed>لِى <tajweed class=ham_wasl>ٱ</tajweed>لْأَلْبَ<tajweed class=madda_permissible>ـٰ</tajweed><tajweed class=qalaqah>ب</tajweed>ِ <span class=end>٤٣</span>","End":"٤٣","PageNumber":456,"JuzNumber":23,"ManzilNumber":6,"RukuNumber":394,"MaqraNumber":182,"HizbNumber":46,"HizbDecimal":0.25,"HasSajda":false},{"SurahNumber":38,"SurahIndex":"038","VerseNumber":44,"ShowSurahName":false,"ShowBismillah":false,"Text":"وَخُذۡ بِيَدِكَ ضِغۡثٗا فَٱضۡرِب بِّهِۦ وَلَا تَحۡنَثۡۗ إِنَّا وَجَدۡنَٰهُ صَابِرٗاۚ نِّعۡمَ ٱلۡعَبۡدُ إِنَّهُۥٓ أَوَّابٞ","TajweedText":"وَخُذْ بِيَدِكَ ضِغْ<tajweed class=ikhafa>ثًا ف</tajweed>َ<tajweed class=ham_wasl>ٱ</tajweed>ضْرِب بِّه<tajweed class=madda_normal>ِۦ</tajweed> وَلَا تَحْنَثْ‌ۗ إِ<tajweed class=ghunnah>نّ</tajweed>َا وَجَ<tajweed class=qalaqah>دْ</tajweed>نَ<tajweed class=madda_normal>ـٰ</tajweed>هُ صَابِ<tajweed class=idgham_ghunnah>رًا‌ۚ ن</tajweed>ِّعْمَ <tajweed class=ham_wasl>ٱ</tajweed>لْعَ<tajweed class=qalaqah>بْ</tajweed>دُ‌ۖ إِ<tajweed class=ghunnah>نّ</tajweed>َهُ<tajweed class=madda_obligatory>ۥٓ</tajweed> أَوّ<tajweed class=madda_permissible>َا</tajweed><tajweed class=qalaqah>ب</tajweed>ٌ <span class=end>٤٤</span>","End":"٤٤","PageNumber":456,"JuzNumber":23,"ManzilNumber":6,"RukuNumber":394,"MaqraNumber":182,"HizbNumber":46,"HizbDecimal":0.25,"HasSajda":false},{"SurahNumber":38,"SurahIndex":"038","VerseNumber":45,"ShowSurahName":false,"ShowBismillah":false,"Text":"وَٱذۡكُرۡ عِبَٰدَنَآ إِبۡرَٰهِيمَ وَإِسۡحَٰقَ وَيَعۡقُوبَ أُوْلِي ٱلۡأَيۡدِي وَٱلۡأَبۡصَٰرِ","TajweedText":"وَ<tajweed class=ham_wasl>ٱ</tajweed>ذْكُرْ عِبَ<tajweed class=madda_normal>ـٰ</tajweed>دَن<tajweed class=madda_obligatory>َآ</tajweed> إِ<tajweed class=qalaqah>بْ</tajweed>ر<tajweed class=madda_normal>َٲ</tajweed>هِيمَ وَإِسْحَ<tajweed class=madda_normal>ـٰ</tajweed>قَ وَيَعْقُوبَ أُ<tajweed class=slnt>وْ</tajweed>لِى <tajweed class=ham_wasl>ٱ</tajweed>لْأَيْدِى وَ<tajweed class=ham_wasl>ٱ</tajweed>لْأَ<tajweed class=qalaqah>بْ</tajweed>صَ<tajweed class=madda_permissible>ـٰ</tajweed>رِ <span class=end>٤٥</span>","End":"٤٥","PageNumber":456,"JuzNumber":23,"ManzilNumber":6,"RukuNumber":394,"MaqraNumber":182,"HizbNumber":46,"HizbDecimal":0.25,"HasSajda":false},{"SurahNumber":38,"SurahIndex":"038","VerseNumber":46,"ShowSurahName":false,"ShowBismillah":false,"Text":"إِنَّآ أَخۡلَصۡنَٰهُم بِخَالِصَةٖ ذِكۡرَى ٱلدَّارِ","TajweedText":"إِ<tajweed class=ghunnah>نّ</tajweed><tajweed class=madda_obligatory>َآ</tajweed> أَخْلَصْنَ<tajweed class=madda_normal>ـٰ</tajweed>ه<tajweed class=ikhafa_shafawi>ُم ب</tajweed>ِخَالِصَ<tajweed class=ikhafa>ةٍ ذ</tajweed>ِكْرَى <tajweed class=ham_wasl>ٱ</tajweed><tajweed class=laam_shamsiyah>ل</tajweed>دّ<tajweed class=madda_permissible>َا</tajweed>رِ <span class=end>٤٦</span>","End":"٤٦","PageNumber":456,"JuzNumber":23,"ManzilNumber":6,"RukuNumber":394,"MaqraNumber":182,"HizbNumber":46,"HizbDecimal":0.25,"HasSajda":false},{"SurahNumber":38,"SurahIndex":"038","VerseNumber":47,"ShowSurahName":false,"ShowBismillah":false,"Text":"وَإِنَّهُمۡ عِندَنَا لَمِنَ ٱلۡمُصۡطَفَيۡنَ ٱلۡأَخۡيَارِ","TajweedText":"وَإِ<tajweed class=ghunnah>نّ</tajweed>َهُمْ عِ<tajweed class=ikhafa>ند</tajweed>َنَا لَمِنَ <tajweed class=ham_wasl>ٱ</tajweed>لْمُصْطَفَيْنَ <tajweed class=ham_wasl>ٱ</tajweed>لْأَخْي<tajweed class=madda_permissible>َا</tajweed>رِ <span class=end>٤٧</span>","End":"٤٧","PageNumber":456,"JuzNumber":23,"ManzilNumber":6,"RukuNumber":394,"MaqraNumber":182,"HizbNumber":46,"HizbDecimal":0.25,"HasSajda":false},{"SurahNumber":38,"SurahIndex":"038","VerseNumber":48,"ShowSurahName":false,"ShowBismillah":false,"Text":"وَٱذۡكُرۡ إِسۡمَٰعِيلَ وَٱلۡيَسَعَ وَذَا ٱلۡكِفۡلِۖ وَكُلّٞ مِّنَ ٱلۡأَخۡيَارِ","TajweedText":"وَ<tajweed class=ham_wasl>ٱ</tajweed>ذْكُرْ إِسْمَ<tajweed class=madda_normal>ـٰ</tajweed>عِيلَ وَ<tajweed class=ham_wasl>ٱ</tajweed>لْيَسَعَ وَذَا <tajweed class=ham_wasl>ٱ</tajweed>لْكِفْلِ‌ۖ وَكُ<tajweed class=idgham_ghunnah>لٌّ م</tajweed>ِّنَ <tajweed class=ham_wasl>ٱ</tajweed>لْأَخْي<tajweed class=madda_permissible>َا</tajweed>رِ <span class=end>٤٨</span>","End":"٤٨","PageNumber":456,"JuzNumber":23,"ManzilNumber":6,"RukuNumber":394,"MaqraNumber":182,"HizbNumber":46,"HizbDecimal":0.25,"HasSajda":false},{"SurahNumber":38,"SurahIndex":"038","VerseNumber":49,"ShowSurahName":false,"ShowBismillah":false,"Text":"هَٰذَا ذِكۡرٞۚ وَإِنَّ لِلۡمُتَّقِينَ لَحُسۡنَ مَـَٔابٖ","TajweedText":"هَ<tajweed class=madda_normal>ـٰ</tajweed>ذَا ذِكْ<tajweed class=idgham_ghunnah>رٌ‌ۚ و</tajweed>َإِ<tajweed class=ghunnah>نّ</tajweed>َ لِلْمُتَّقِينَ لَحُسْنَ مَــٔ<tajweed class=madda_permissible>َا</tajweed><tajweed class=qalaqah>ب</tajweed>ٍ <span class=end>٤٩</span>","End":"٤٩","PageNumber":456,"JuzNumber":23,"ManzilNumber":6,"RukuNumber":394,"MaqraNumber":182,"HizbNumber":46,"HizbDecimal":0.25,"HasSajda":false},{"SurahNumber":38,"SurahIndex":"038","VerseNumber":50,"ShowSurahName":false,"ShowBismillah":false,"Text":"جَنَّـٰتِ عَدۡنٖ مُّفَتَّحَةٗ لَّهُمُ ٱلۡأَبۡوَٰبُ","TajweedText":"جَ<tajweed class=ghunnah>نّ</tajweed>َ<tajweed class=madda_normal>ـٰ</tajweed>تِ عَ<tajweed class=qalaqah>دْ</tajweed><tajweed class=idgham_ghunnah>نٍ م</tajweed>ُّفَتَّحَ<tajweed class=idgham_wo_ghunnah>ةً ل</tajweed>َّهُمُ <tajweed class=ham_wasl>ٱ</tajweed>لْأَ<tajweed class=qalaqah>بْ</tajweed>و<tajweed class=madda_permissible>َٲ</tajweed><tajweed class=qalaqah>ب</tajweed>ُ <span class=end>٥٠</span>","End":"٥٠","PageNumber":456,"JuzNumber":23,"ManzilNumber":6,"RukuNumber":394,"MaqraNumber":182,"HizbNumber":46,"HizbDecimal":0.25,"HasSajda":false},{"SurahNumber":38,"SurahIndex":"038","VerseNumber":51,"ShowSurahName":false,"ShowBismillah":false,"Text":"مُتَّكِـِٔينَ فِيهَا يَدۡعُونَ فِيهَا بِفَٰكِهَةٖ كَثِيرَةٖ وَشَرَابٖ","TajweedText":"مُتَّكِــِٔينَ فِيهَا يَ<tajweed class=qalaqah>دْ</tajweed>عُونَ فِيهَا بِفَ<tajweed class=madda_normal>ـٰ</tajweed>كِهَ<tajweed class=ikhafa>ةٍ ك</tajweed>َثِيرَ<tajweed class=idgham_ghunnah>ةٍ و</tajweed>َشَر<tajweed class=madda_permissible>َا</tajweed><tajweed class=qalaqah>ب</tajweed>ٍ <span class=end>٥١</span>","End":"٥١","PageNumber":456,"JuzNumber":23,"ManzilNumber":6,"RukuNumber":394,"MaqraNumber":182,"HizbNumber":46,"HizbDecimal":0.25,"HasSajda":false}]}