{"MaqraNumber":181,"Verses":[{"SurahNumber":37,"SurahIndex":"037","VerseNumber":145,"ShowSurahName":false,"ShowBismillah":false,"Words":[{"Position":1,"AudioFileName":"037_145_001.mp3","TajweedImageFilePath":"37/145/1.png","Text":"۞ فَنَبَذْنَـٰهُ","Translation":"But We cast him","Transliteration":"fanabadhnāhu"},{"Position":2,"AudioFileName":"037_145_002.mp3","TajweedImageFilePath":"37/145/2.png","Text":"بِٱلْعَرَآءِ","Translation":"onto the open shore","Transliteration":"bil-ʿarāi"},{"Position":3,"AudioFileName":"037_145_003.mp3","TajweedImageFilePath":"37/145/3.png","Text":"وَهُوَ","Translation":"while he","Transliteration":"wahuwa"},{"Position":4,"AudioFileName":"037_145_004.mp3","TajweedImageFilePath":"37/145/4.png","Text":"سَقِيمٌۭ","Translation":"(was) ill","Transliteration":"saqīmun"},{"Position":5,"AudioFileName":null,"TajweedImageFilePath":"145.png","Text":"١٤٥","Translation":"(145)","Transliteration":null}],"PageNumber":451,"JuzNumber":23,"ManzilNumber":6,"RukuNumber":390,"MaqraNumber":181,"HizbNumber":46,"HizbDecimal":0.0,"HasSajda":false},{"SurahNumber":37,"SurahIndex":"037","VerseNumber":146,"ShowSurahName":false,"ShowBismillah":false,"Words":[{"Position":1,"AudioFileName":"037_146_001.mp3","TajweedImageFilePath":"37/146/1.png","Text":"وَأَنۢبَتْنَا","Translation":"And We caused to grow","Transliteration":"wa-anbatnā"},{"Position":2,"AudioFileName":"037_146_002.mp3","TajweedImageFilePath":"37/146/2.png","Text":"عَلَيْهِ","Translation":"over him","Transliteration":"ʿalayhi"},{"Position":3,"AudioFileName":"037_146_003.mp3","TajweedImageFilePath":"37/146/3.png","Text":"شَجَرَةًۭ","Translation":"a plant","Transliteration":"shajaratan"},{"Position":4,"AudioFileName":"037_146_004.mp3","TajweedImageFilePath":"37/146/4.png","Text":"مِّن","Translation":"of","Transliteration":"min"},{"Position":5,"AudioFileName":"037_146_005.mp3","TajweedImageFilePath":"37/146/5.png","Text":"يَقْطِينٍۢ","Translation":"gourd","Transliteration":"yaqṭīnin"},{"Position":6,"AudioFileName":null,"TajweedImageFilePath":"146.png","Text":"١٤٦","Translation":"(146)","Transliteration":null}],"PageNumber":451,"JuzNumber":23,"ManzilNumber":6,"RukuNumber":390,"MaqraNumber":181,"HizbNumber":46,"HizbDecimal":0.0,"HasSajda":false},{"SurahNumber":37,"SurahIndex":"037","VerseNumber":147,"ShowSurahName":false,"ShowBismillah":false,"Words":[{"Position":1,"AudioFileName":"037_147_001.mp3","TajweedImageFilePath":"37/147/1.png","Text":"وَأَرْسَلْنَـٰهُ","Translation":"And We sent him","Transliteration":"wa-arsalnāhu"},{"Position":2,"AudioFileName":"037_147_002.mp3","TajweedImageFilePath":"37/147/2.png","Text":"إِلَىٰ","Translation":"to","Transliteration":"ilā"},{"Position":3,"AudioFileName":"037_147_003.mp3","TajweedImageFilePath":"37/147/3.png","Text":"مِا۟ئَةِ","Translation":"a hundred","Transliteration":"mi-ati"},{"Position":4,"AudioFileName":"037_147_004.mp3","TajweedImageFilePath":"37/147/4.png","Text":"أَلْفٍ","Translation":"thousand","Transliteration":"alfin"},{"Position":5,"AudioFileName":"037_147_005.mp3","TajweedImageFilePath":"37/147/5.png","Text":"أَوْ","Translation":"or","Transliteration":"aw"},{"Position":6,"AudioFileName":"037_147_006.mp3","TajweedImageFilePath":"37/147/6.png","Text":"يَزِيدُونَ","Translation":"more","Transliteration":"yazīdūna"},{"Position":7,"AudioFileName":null,"TajweedImageFilePath":"147.png","Text":"١٤٧","Translation":"(147)","Transliteration":null}],"PageNumber":451,"JuzNumber":23,"ManzilNumber":6,"RukuNumber":390,"MaqraNumber":181,"HizbNumber":46,"HizbDecimal":0.0,"HasSajda":false},{"SurahNumber":37,"SurahIndex":"037","VerseNumber":148,"ShowSurahName":false,"ShowBismillah":false,"Words":[{"Position":1,"AudioFileName":"037_148_001.mp3","TajweedImageFilePath":"37/148/1.png","Text":"فَـَٔامَنُوا۟","Translation":"And they believed","Transliteration":"faāmanū"},{"Position":2,"AudioFileName":"037_148_002.mp3","TajweedImageFilePath":"37/148/2.png","Text":"فَمَتَّعْنَـٰهُمْ","Translation":"so We gave them enjoyment","Transliteration":"famattaʿnāhum"},{"Position":3,"AudioFileName":"037_148_003.mp3","TajweedImageFilePath":"37/148/3.png","Text":"إِلَىٰ","Translation":"for","Transliteration":"ilā"},{"Position":4,"AudioFileName":"037_148_004.mp3","TajweedImageFilePath":"37/148/4.png","Text":"حِينٍۢ","Translation":"a while","Transliteration":"ḥīnin"},{"Position":5,"AudioFileName":null,"TajweedImageFilePath":"148.png","Text":"١٤٨","Translation":"(148)","Transliteration":null}],"PageNumber":451,"JuzNumber":23,"ManzilNumber":6,"RukuNumber":390,"MaqraNumber":181,"HizbNumber":46,"HizbDecimal":0.0,"HasSajda":false},{"SurahNumber":37,"SurahIndex":"037","VerseNumber":149,"ShowSurahName":false,"ShowBismillah":false,"Words":[{"Position":1,"AudioFileName":"037_149_001.mp3","TajweedImageFilePath":"37/149/1.png","Text":"فَٱسْتَفْتِهِمْ","Translation":"Then ask them","Transliteration":"fa-is'taftihim"},{"Position":2,"AudioFileName":"037_149_002.mp3","TajweedImageFilePath":"37/149/2.png","Text":"أَلِرَبِّكَ","Translation":"Does your Lord","Transliteration":"alirabbika"},{"Position":3,"AudioFileName":"037_149_003.mp3","TajweedImageFilePath":"37/149/3.png","Text":"ٱلْبَنَاتُ","Translation":"(have) daughters","Transliteration":"l-banātu"},{"Position":4,"AudioFileName":"037_149_004.mp3","TajweedImageFilePath":"37/149/4.png","Text":"وَلَهُمُ","Translation":"while for them","Transliteration":"walahumu"},{"Position":5,"AudioFileName":"037_149_005.mp3","TajweedImageFilePath":"37/149/5.png","Text":"ٱلْبَنُونَ","Translation":"(are) sons","Transliteration":"l-banūna"},{"Position":6,"AudioFileName":null,"TajweedImageFilePath":"149.png","Text":"١٤٩","Translation":"(149)","Transliteration":null}],"PageNumber":451,"JuzNumber":23,"ManzilNumber":6,"RukuNumber":390,"MaqraNumber":181,"HizbNumber":46,"HizbDecimal":0.0,"HasSajda":false},{"SurahNumber":37,"SurahIndex":"037","VerseNumber":150,"ShowSurahName":false,"ShowBismillah":false,"Words":[{"Position":1,"AudioFileName":"037_150_001.mp3","TajweedImageFilePath":"37/150/1.png","Text":"أَمْ","Translation":"Or","Transliteration":"am"},{"Position":2,"AudioFileName":"037_150_002.mp3","TajweedImageFilePath":"37/150/2.png","Text":"خَلَقْنَا","Translation":"did We create","Transliteration":"khalaqnā"},{"Position":3,"AudioFileName":"037_150_003.mp3","TajweedImageFilePath":"37/150/3.png","Text":"ٱلْمَلَـٰٓئِكَةَ","Translation":"the Angels","Transliteration":"l-malāikata"},{"Position":4,"AudioFileName":"037_150_004.mp3","TajweedImageFilePath":"37/150/4.png","Text":"إِنَـٰثًۭا","Translation":"females","Transliteration":"ināthan"},{"Position":5,"AudioFileName":"037_150_005.mp3","TajweedImageFilePath":"37/150/5.png","Text":"وَهُمْ","Translation":"while they","Transliteration":"wahum"},{"Position":6,"AudioFileName":"037_150_006.mp3","TajweedImageFilePath":"37/150/6.png","Text":"شَـٰهِدُونَ","Translation":"(were) witnesses","Transliteration":"shāhidūna"},{"Position":7,"AudioFileName":null,"TajweedImageFilePath":"150.png","Text":"١٥٠","Translation":"(150)","Transliteration":null}],"PageNumber":451,"JuzNumber":23,"ManzilNumber":6,"RukuNumber":390,"MaqraNumber":181,"HizbNumber":46,"HizbDecimal":0.0,"HasSajda":false},{"SurahNumber":37,"SurahIndex":"037","VerseNumber":151,"ShowSurahName":false,"ShowBismillah":false,"Words":[{"Position":1,"AudioFileName":"037_151_001.mp3","TajweedImageFilePath":"37/151/1.png","Text":"أَلَآ","Translation":"No doubt","Transliteration":"alā"},{"Position":2,"AudioFileName":"037_151_002.mp3","TajweedImageFilePath":"37/151/2.png","Text":"إِنَّهُم","Translation":"indeed, they","Transliteration":"innahum"},{"Position":3,"AudioFileName":"037_151_003.mp3","TajweedImageFilePath":"37/151/3.png","Text":"مِّنْ","Translation":"of","Transliteration":"min"},{"Position":4,"AudioFileName":"037_151_004.mp3","TajweedImageFilePath":"37/151/4.png","Text":"إِفْكِهِمْ","Translation":"their falsehood","Transliteration":"if'kihim"},{"Position":5,"AudioFileName":"037_151_005.mp3","TajweedImageFilePath":"37/151/5.png","Text":"لَيَقُولُونَ","Translation":"[they] say","Transliteration":"layaqūlūna"},{"Position":6,"AudioFileName":null,"TajweedImageFilePath":"151.png","Text":"١٥١","Translation":"(151)","Transliteration":null}],"PageNumber":451,"JuzNumber":23,"ManzilNumber":6,"RukuNumber":390,"MaqraNumber":181,"HizbNumber":46,"HizbDecimal":0.0,"HasSajda":false},{"SurahNumber":37,"SurahIndex":"037","VerseNumber":152,"ShowSurahName":false,"ShowBismillah":false,"Words":[{"Position":1,"AudioFileName":"037_152_001.mp3","TajweedImageFilePath":"37/152/1.png","Text":"وَلَدَ","Translation":"Allah has begotten","Transliteration":"walada"},{"Position":2,"AudioFileName":"037_152_002.mp3","TajweedImageFilePath":"37/152/2.png","Text":"ٱللَّهُ","Translation":"Allah has begotten","Transliteration":"l-lahu"},{"Position":3,"AudioFileName":"037_152_003.mp3","TajweedImageFilePath":"37/152/3.png","Text":"وَإِنَّهُمْ","Translation":"and indeed, they","Transliteration":"wa-innahum"},{"Position":4,"AudioFileName":"037_152_004.mp3","TajweedImageFilePath":"37/152/4.png","Text":"لَكَـٰذِبُونَ","Translation":"surely (are) liars","Transliteration":"lakādhibūna"},{"Position":5,"AudioFileName":null,"TajweedImageFilePath":"152.png","Text":"١٥٢","Translation":"(152)","Transliteration":null}],"PageNumber":451,"JuzNumber":23,"ManzilNumber":6,"RukuNumber":390,"MaqraNumber":181,"HizbNumber":46,"HizbDecimal":0.0,"HasSajda":false},{"SurahNumber":37,"SurahIndex":"037","VerseNumber":153,"ShowSurahName":false,"ShowBismillah":false,"Words":[{"Position":1,"AudioFileName":"037_153_001.mp3","TajweedImageFilePath":"37/153/1.png","Text":"أَصْطَفَى","Translation":"Has He chosen","Transliteration":"aṣṭafā"},{"Position":2,"AudioFileName":"037_153_002.mp3","TajweedImageFilePath":"37/153/2.png","Text":"ٱلْبَنَاتِ","Translation":"[the] daughters","Transliteration":"l-banāti"},{"Position":3,"AudioFileName":"037_153_003.mp3","TajweedImageFilePath":"37/153/3.png","Text":"عَلَى","Translation":"over","Transliteration":"ʿalā"},{"Position":4,"AudioFileName":"037_153_004.mp3","TajweedImageFilePath":"37/153/4.png","Text":"ٱلْبَنِينَ","Translation":"sons","Transliteration":"l-banīna"},{"Position":5,"AudioFileName":null,"TajweedImageFilePath":"153.png","Text":"١٥٣","Translation":"(153)","Transliteration":null}],"PageNumber":451,"JuzNumber":23,"ManzilNumber":6,"RukuNumber":390,"MaqraNumber":181,"HizbNumber":46,"HizbDecimal":0.0,"HasSajda":false},{"SurahNumber":37,"SurahIndex":"037","VerseNumber":154,"ShowSurahName":false,"ShowBismillah":false,"Words":[{"Position":1,"AudioFileName":"037_154_001.mp3","TajweedImageFilePath":"37/154/1.png","Text":"مَا","Translation":"What is with you","Transliteration":"mā"},{"Position":2,"AudioFileName":"037_154_002.mp3","TajweedImageFilePath":"37/154/2.png","Text":"لَكُمْ","Translation":"What is with you","Transliteration":"lakum"},{"Position":3,"AudioFileName":"037_154_003.mp3","TajweedImageFilePath":"37/154/3.png","Text":"كَيْفَ","Translation":"How","Transliteration":"kayfa"},{"Position":4,"AudioFileName":"037_154_004.mp3","TajweedImageFilePath":"37/154/4.png","Text":"تَحْكُمُونَ","Translation":"you judge","Transliteration":"taḥkumūna"},{"Position":5,"AudioFileName":null,"TajweedImageFilePath":"154.png","Text":"١٥٤","Translation":"(154)","Transliteration":null}],"PageNumber":452,"JuzNumber":23,"ManzilNumber":6,"RukuNumber":390,"MaqraNumber":181,"HizbNumber":46,"HizbDecimal":0.0,"HasSajda":false},{"SurahNumber":37,"SurahIndex":"037","VerseNumber":155,"ShowSurahName":false,"ShowBismillah":false,"Words":[{"Position":1,"AudioFileName":"037_155_001.mp3","TajweedImageFilePath":"37/155/1.png","Text":"أَفَلَا","Translation":"Then will not","Transliteration":"afalā"},{"Position":2,"AudioFileName":"037_155_002.mp3","TajweedImageFilePath":"37/155/2.png","Text":"تَذَكَّرُونَ","Translation":"you pay heed","Transliteration":"tadhakkarūna"},{"Position":3,"AudioFileName":null,"TajweedImageFilePath":"155.png","Text":"١٥٥","Translation":"(155)","Transliteration":null}],"PageNumber":452,"JuzNumber":23,"ManzilNumber":6,"RukuNumber":390,"MaqraNumber":181,"HizbNumber":46,"HizbDecimal":0.0,"HasSajda":false},{"SurahNumber":37,"SurahIndex":"037","VerseNumber":156,"ShowSurahName":false,"ShowBismillah":false,"Words":[{"Position":1,"AudioFileName":"037_156_001.mp3","TajweedImageFilePath":"37/156/1.png","Text":"أَمْ","Translation":"Or","Transliteration":"am"},{"Position":2,"AudioFileName":"037_156_002.mp3","TajweedImageFilePath":"37/156/2.png","Text":"لَكُمْ","Translation":"(is) for you","Transliteration":"lakum"},{"Position":3,"AudioFileName":"037_156_003.mp3","TajweedImageFilePath":"37/156/3.png","Text":"سُلْطَـٰنٌۭ","Translation":"an authority","Transliteration":"sul'ṭānun"},{"Position":4,"AudioFileName":"037_156_004.mp3","TajweedImageFilePath":"37/156/4.png","Text":"مُّبِينٌۭ","Translation":"clear","Transliteration":"mubīnun"},{"Position":5,"AudioFileName":null,"TajweedImageFilePath":"156.png","Text":"١٥٦","Translation":"(156)","Transliteration":null}],"PageNumber":452,"JuzNumber":23,"ManzilNumber":6,"RukuNumber":390,"MaqraNumber":181,"HizbNumber":46,"HizbDecimal":0.0,"HasSajda":false},{"SurahNumber":37,"SurahIndex":"037","VerseNumber":157,"ShowSurahName":false,"ShowBismillah":false,"Words":[{"Position":1,"AudioFileName":"037_157_001.mp3","TajweedImageFilePath":"37/157/1.png","Text":"فَأْتُوا۟","Translation":"Then bring","Transliteration":"fatū"},{"Position":2,"AudioFileName":"037_157_002.mp3","TajweedImageFilePath":"37/157/2.png","Text":"بِكِتَـٰبِكُمْ","Translation":"your book","Transliteration":"bikitābikum"},{"Position":3,"AudioFileName":"037_157_003.mp3","TajweedImageFilePath":"37/157/3.png","Text":"إِن","Translation":"if","Transliteration":"in"},{"Position":4,"AudioFileName":"037_157_004.mp3","TajweedImageFilePath":"37/157/4.png","Text":"كُنتُمْ","Translation":"you are","Transliteration":"kuntum"},{"Position":5,"AudioFileName":"037_157_005.mp3","TajweedImageFilePath":"37/157/5.png","Text":"صَـٰدِقِينَ","Translation":"truthful","Transliteration":"ṣādiqīna"},{"Position":6,"AudioFileName":null,"TajweedImageFilePath":"157.png","Text":"١٥٧","Translation":"(157)","Transliteration":null}],"PageNumber":452,"JuzNumber":23,"ManzilNumber":6,"RukuNumber":390,"MaqraNumber":181,"HizbNumber":46,"HizbDecimal":0.0,"HasSajda":false},{"SurahNumber":37,"SurahIndex":"037","VerseNumber":158,"ShowSurahName":false,"ShowBismillah":false,"Words":[{"Position":1,"AudioFileName":"037_158_001.mp3","TajweedImageFilePath":"37/158/1.png","Text":"وَجَعَلُوا۟","Translation":"And they have made","Transliteration":"wajaʿalū"},{"Position":2,"AudioFileName":"037_158_002.mp3","TajweedImageFilePath":"37/158/2.png","Text":"بَيْنَهُۥ","Translation":"between Him","Transliteration":"baynahu"},{"Position":3,"AudioFileName":"037_158_003.mp3","TajweedImageFilePath":"37/158/3.png","Text":"وَبَيْنَ","Translation":"and between","Transliteration":"wabayna"},{"Position":4,"AudioFileName":"037_158_004.mp3","TajweedImageFilePath":"37/158/4.png","Text":"ٱلْجِنَّةِ","Translation":"the jinn","Transliteration":"l-jinati"},{"Position":5,"AudioFileName":"037_158_005.mp3","TajweedImageFilePath":"37/158/5.png","Text":"نَسَبًۭا ۚ","Translation":"a relationship","Transliteration":"nasaban"},{"Position":6,"AudioFileName":"037_158_006.mp3","TajweedImageFilePath":"37/158/6.png","Text":"وَلَقَدْ","Translation":"but certainly","Transliteration":"walaqad"},{"Position":7,"AudioFileName":"037_158_007.mp3","TajweedImageFilePath":"37/158/7.png","Text":"عَلِمَتِ","Translation":"know","Transliteration":"ʿalimati"},{"Position":8,"AudioFileName":"037_158_008.mp3","TajweedImageFilePath":"37/158/8.png","Text":"ٱلْجِنَّةُ","Translation":"the jinn","Transliteration":"l-jinatu"},{"Position":9,"AudioFileName":"037_158_009.mp3","TajweedImageFilePath":"37/158/9.png","Text":"إِنَّهُمْ","Translation":"that they","Transliteration":"innahum"},{"Position":10,"AudioFileName":"037_158_010.mp3","TajweedImageFilePath":"37/158/10.png","Text":"لَمُحْضَرُونَ","Translation":"(will) surely be brought","Transliteration":"lamuḥ'ḍarūna"},{"Position":11,"AudioFileName":null,"TajweedImageFilePath":"158.png","Text":"١٥٨","Translation":"(158)","Transliteration":null}],"PageNumber":452,"JuzNumber":23,"ManzilNumber":6,"RukuNumber":390,"MaqraNumber":181,"HizbNumber":46,"HizbDecimal":0.0,"HasSajda":false},{"SurahNumber":37,"SurahIndex":"037","VerseNumber":159,"ShowSurahName":false,"ShowBismillah":false,"Words":[{"Position":1,"AudioFileName":"037_159_001.mp3","TajweedImageFilePath":"37/159/1.png","Text":"سُبْحَـٰنَ","Translation":"Glory be","Transliteration":"sub'ḥāna"},{"Position":2,"AudioFileName":"037_159_002.mp3","TajweedImageFilePath":"37/159/2.png","Text":"ٱللَّهِ","Translation":"(to) Allah","Transliteration":"l-lahi"},{"Position":3,"AudioFileName":"037_159_003.mp3","TajweedImageFilePath":"37/159/3.png","Text":"عَمَّا","Translation":"above what","Transliteration":"ʿammā"},{"Position":4,"AudioFileName":"037_159_004.mp3","TajweedImageFilePath":"37/159/4.png","Text":"يَصِفُونَ","Translation":"they attribute","Transliteration":"yaṣifūna"},{"Position":5,"AudioFileName":null,"TajweedImageFilePath":"159.png","Text":"١٥٩","Translation":"(159)","Transliteration":null}],"PageNumber":452,"JuzNumber":23,"ManzilNumber":6,"RukuNumber":390,"MaqraNumber":181,"HizbNumber":46,"HizbDecimal":0.0,"HasSajda":false},{"SurahNumber":37,"SurahIndex":"037","VerseNumber":160,"ShowSurahName":false,"ShowBismillah":false,"Words":[{"Position":1,"AudioFileName":"037_160_001.mp3","TajweedImageFilePath":"37/160/1.png","Text":"إِلَّا","Translation":"Except","Transliteration":"illā"},{"Position":2,"AudioFileName":"037_160_002.mp3","TajweedImageFilePath":"37/160/2.png","Text":"عِبَادَ","Translation":"(the) slaves","Transliteration":"ʿibāda"},{"Position":3,"AudioFileName":"037_160_003.mp3","TajweedImageFilePath":"37/160/3.png","Text":"ٱللَّهِ","Translation":"(of) Allah","Transliteration":"l-lahi"},{"Position":4,"AudioFileName":"037_160_004.mp3","TajweedImageFilePath":"37/160/4.png","Text":"ٱلْمُخْلَصِينَ","Translation":"the chosen","Transliteration":"l-mukh'laṣīna"},{"Position":5,"AudioFileName":null,"TajweedImageFilePath":"160.png","Text":"١٦٠","Translation":"(160)","Transliteration":null}],"PageNumber":452,"JuzNumber":23,"ManzilNumber":6,"RukuNumber":390,"MaqraNumber":181,"HizbNumber":46,"HizbDecimal":0.0,"HasSajda":false},{"SurahNumber":37,"SurahIndex":"037","VerseNumber":161,"ShowSurahName":false,"ShowBismillah":false,"Words":[{"Position":1,"AudioFileName":"037_161_001.mp3","TajweedImageFilePath":"37/161/1.png","Text":"فَإِنَّكُمْ","Translation":"So indeed, you","Transliteration":"fa-innakum"},{"Position":2,"AudioFileName":"037_161_002.mp3","TajweedImageFilePath":"37/161/2.png","Text":"وَمَا","Translation":"and what","Transliteration":"wamā"},{"Position":3,"AudioFileName":"037_161_003.mp3","TajweedImageFilePath":"37/161/3.png","Text":"تَعْبُدُونَ","Translation":"you worship","Transliteration":"taʿbudūna"},{"Position":4,"AudioFileName":null,"TajweedImageFilePath":"161.png","Text":"١٦١","Translation":"(161)","Transliteration":null}],"PageNumber":452,"JuzNumber":23,"ManzilNumber":6,"RukuNumber":390,"MaqraNumber":181,"HizbNumber":46,"HizbDecimal":0.0,"HasSajda":false},{"SurahNumber":37,"SurahIndex":"037","VerseNumber":162,"ShowSurahName":false,"ShowBismillah":false,"Words":[{"Position":1,"AudioFileName":"037_162_001.mp3","TajweedImageFilePath":"37/162/1.png","Text":"مَآ","Translation":"Not","Transliteration":"mā"},{"Position":2,"AudioFileName":"037_162_002.mp3","TajweedImageFilePath":"37/162/2.png","Text":"أَنتُمْ","Translation":"you","Transliteration":"antum"},{"Position":3,"AudioFileName":"037_162_003.mp3","TajweedImageFilePath":"37/162/3.png","Text":"عَلَيْهِ","Translation":"from Him","Transliteration":"ʿalayhi"},{"Position":4,"AudioFileName":"037_162_004.mp3","TajweedImageFilePath":"37/162/4.png","Text":"بِفَـٰتِنِينَ","Translation":"can tempt away (anyone)","Transliteration":"bifātinīna"},{"Position":5,"AudioFileName":null,"TajweedImageFilePath":"162.png","Text":"١٦٢","Translation":"(162)","Transliteration":null}],"PageNumber":452,"JuzNumber":23,"ManzilNumber":6,"RukuNumber":390,"MaqraNumber":181,"HizbNumber":46,"HizbDecimal":0.0,"HasSajda":false},{"SurahNumber":37,"SurahIndex":"037","VerseNumber":163,"ShowSurahName":false,"ShowBismillah":false,"Words":[{"Position":1,"AudioFileName":"037_163_001.mp3","TajweedImageFilePath":"37/163/1.png","Text":"إِلَّا","Translation":"Except","Transliteration":"illā"},{"Position":2,"AudioFileName":"037_163_002.mp3","TajweedImageFilePath":"37/163/2.png","Text":"مَنْ","Translation":"who","Transliteration":"man"},{"Position":3,"AudioFileName":"037_163_003.mp3","TajweedImageFilePath":"37/163/3.png","Text":"هُوَ","Translation":"he","Transliteration":"huwa"},{"Position":4,"AudioFileName":"037_163_004.mp3","TajweedImageFilePath":"37/163/4.png","Text":"صَالِ","Translation":"(is) to burn","Transliteration":"ṣāli"},{"Position":5,"AudioFileName":"037_163_005.mp3","TajweedImageFilePath":"37/163/5.png","Text":"ٱلْجَحِيمِ","Translation":"(in) the Hellfire","Transliteration":"l-jaḥīmi"},{"Position":6,"AudioFileName":null,"TajweedImageFilePath":"163.png","Text":"١٦٣","Translation":"(163)","Transliteration":null}],"PageNumber":452,"JuzNumber":23,"ManzilNumber":6,"RukuNumber":390,"MaqraNumber":181,"HizbNumber":46,"HizbDecimal":0.0,"HasSajda":false},{"SurahNumber":37,"SurahIndex":"037","VerseNumber":164,"ShowSurahName":false,"ShowBismillah":false,"Words":[{"Position":1,"AudioFileName":"037_164_001.mp3","TajweedImageFilePath":"37/164/1.png","Text":"وَمَا","Translation":"And not","Transliteration":"wamā"},{"Position":2,"AudioFileName":"037_164_002.mp3","TajweedImageFilePath":"37/164/2.png","Text":"مِنَّآ","Translation":"among us","Transliteration":"minnā"},{"Position":3,"AudioFileName":"037_164_003.mp3","TajweedImageFilePath":"37/164/3.png","Text":"إِلَّا","Translation":"except","Transliteration":"illā"},{"Position":4,"AudioFileName":"037_164_004.mp3","TajweedImageFilePath":"37/164/4.png","Text":"لَهُۥ","Translation":"for him","Transliteration":"lahu"},{"Position":5,"AudioFileName":"037_164_005.mp3","TajweedImageFilePath":"37/164/5.png","Text":"مَقَامٌۭ","Translation":"(is) a position","Transliteration":"maqāmun"},{"Position":6,"AudioFileName":"037_164_006.mp3","TajweedImageFilePath":"37/164/6.png","Text":"مَّعْلُومٌۭ","Translation":"known","Transliteration":"maʿlūmun"},{"Position":7,"AudioFileName":null,"TajweedImageFilePath":"164.png","Text":"١٦٤","Translation":"(164)","Transliteration":null}],"PageNumber":452,"JuzNumber":23,"ManzilNumber":6,"RukuNumber":390,"MaqraNumber":181,"HizbNumber":46,"HizbDecimal":0.0,"HasSajda":false},{"SurahNumber":37,"SurahIndex":"037","VerseNumber":165,"ShowSurahName":false,"ShowBismillah":false,"Words":[{"Position":1,"AudioFileName":"037_165_001.mp3","TajweedImageFilePath":"37/165/1.png","Text":"وَإِنَّا","Translation":"And indeed, we","Transliteration":"wa-innā"},{"Position":2,"AudioFileName":"037_165_002.mp3","TajweedImageFilePath":"37/165/2.png","Text":"لَنَحْنُ","Translation":"surely, [we]","Transliteration":"lanaḥnu"},{"Position":3,"AudioFileName":"037_165_003.mp3","TajweedImageFilePath":"37/165/3.png","Text":"ٱلصَّآفُّونَ","Translation":"stand in rows","Transliteration":"l-ṣāfūna"},{"Position":4,"AudioFileName":null,"TajweedImageFilePath":"165.png","Text":"١٦٥","Translation":"(165)","Transliteration":null}],"PageNumber":452,"JuzNumber":23,"ManzilNumber":6,"RukuNumber":390,"MaqraNumber":181,"HizbNumber":46,"HizbDecimal":0.0,"HasSajda":false},{"SurahNumber":37,"SurahIndex":"037","VerseNumber":166,"ShowSurahName":false,"ShowBismillah":false,"Words":[{"Position":1,"AudioFileName":"037_166_001.mp3","TajweedImageFilePath":"37/166/1.png","Text":"وَإِنَّا","Translation":"And indeed, we","Transliteration":"wa-innā"},{"Position":2,"AudioFileName":"037_166_002.mp3","TajweedImageFilePath":"37/166/2.png","Text":"لَنَحْنُ","Translation":"surely, [we]","Transliteration":"lanaḥnu"},{"Position":3,"AudioFileName":"037_166_003.mp3","TajweedImageFilePath":"37/166/3.png","Text":"ٱلْمُسَبِّحُونَ","Translation":"glorify (Allah)","Transliteration":"l-musabiḥūna"},{"Position":4,"AudioFileName":null,"TajweedImageFilePath":"166.png","Text":"١٦٦","Translation":"(166)","Transliteration":null}],"PageNumber":452,"JuzNumber":23,"ManzilNumber":6,"RukuNumber":390,"MaqraNumber":181,"HizbNumber":46,"HizbDecimal":0.0,"HasSajda":false},{"SurahNumber":37,"SurahIndex":"037","VerseNumber":167,"ShowSurahName":false,"ShowBismillah":false,"Words":[{"Position":1,"AudioFileName":"037_167_001.mp3","TajweedImageFilePath":"37/167/1.png","Text":"وَإِن","Translation":"And indeed","Transliteration":"wa-in"},{"Position":2,"AudioFileName":"037_167_002.mp3","TajweedImageFilePath":"37/167/2.png","Text":"كَانُوا۟","Translation":"they used to","Transliteration":"kānū"},{"Position":3,"AudioFileName":"037_167_003.mp3","TajweedImageFilePath":"37/167/3.png","Text":"لَيَقُولُونَ","Translation":"say","Transliteration":"layaqūlūna"},{"Position":4,"AudioFileName":null,"TajweedImageFilePath":"167.png","Text":"١٦٧","Translation":"(167)","Transliteration":null}],"PageNumber":452,"JuzNumber":23,"ManzilNumber":6,"RukuNumber":390,"MaqraNumber":181,"HizbNumber":46,"HizbDecimal":0.0,"HasSajda":false},{"SurahNumber":37,"SurahIndex":"037","VerseNumber":168,"ShowSurahName":false,"ShowBismillah":false,"Words":[{"Position":1,"AudioFileName":"037_168_001.mp3","TajweedImageFilePath":"37/168/1.png","Text":"لَوْ","Translation":"If","Transliteration":"law"},{"Position":2,"AudioFileName":"037_168_002.mp3","TajweedImageFilePath":"37/168/2.png","Text":"أَنَّ","Translation":"that","Transliteration":"anna"},{"Position":3,"AudioFileName":"037_168_003.mp3","TajweedImageFilePath":"37/168/3.png","Text":"عِندَنَا","Translation":"we had","Transliteration":"ʿindanā"},{"Position":4,"AudioFileName":"037_168_004.mp3","TajweedImageFilePath":"37/168/4.png","Text":"ذِكْرًۭا","Translation":"a reminder","Transliteration":"dhik'ran"},{"Position":5,"AudioFileName":"037_168_005.mp3","TajweedImageFilePath":"37/168/5.png","Text":"مِّنَ","Translation":"from","Transliteration":"mina"},{"Position":6,"AudioFileName":"037_168_006.mp3","TajweedImageFilePath":"37/168/6.png","Text":"ٱلْأَوَّلِينَ","Translation":"the former (people)","Transliteration":"l-awalīna"},{"Position":7,"AudioFileName":null,"TajweedImageFilePath":"168.png","Text":"١٦٨","Translation":"(168)","Transliteration":null}],"PageNumber":452,"JuzNumber":23,"ManzilNumber":6,"RukuNumber":390,"MaqraNumber":181,"HizbNumber":46,"HizbDecimal":0.0,"HasSajda":false},{"SurahNumber":37,"SurahIndex":"037","VerseNumber":169,"ShowSurahName":false,"ShowBismillah":false,"Words":[{"Position":1,"AudioFileName":"037_169_001.mp3","TajweedImageFilePath":"37/169/1.png","Text":"لَكُنَّا","Translation":"Certainly, we (would) have been","Transliteration":"lakunnā"},{"Position":2,"AudioFileName":"037_169_002.mp3","TajweedImageFilePath":"37/169/2.png","Text":"عِبَادَ","Translation":"slaves","Transliteration":"ʿibāda"},{"Position":3,"AudioFileName":"037_169_003.mp3","TajweedImageFilePath":"37/169/3.png","Text":"ٱللَّهِ","Translation":"(of) Allah","Transliteration":"l-lahi"},{"Position":4,"AudioFileName":"037_169_004.mp3","TajweedImageFilePath":"37/169/4.png","Text":"ٱلْمُخْلَصِينَ","Translation":"the chosen","Transliteration":"l-mukh'laṣīna"},{"Position":5,"AudioFileName":null,"TajweedImageFilePath":"169.png","Text":"١٦٩","Translation":"(169)","Transliteration":null}],"PageNumber":452,"JuzNumber":23,"ManzilNumber":6,"RukuNumber":390,"MaqraNumber":181,"HizbNumber":46,"HizbDecimal":0.0,"HasSajda":false},{"SurahNumber":37,"SurahIndex":"037","VerseNumber":170,"ShowSurahName":false,"ShowBismillah":false,"Words":[{"Position":1,"AudioFileName":"037_170_001.mp3","TajweedImageFilePath":"37/170/1.png","Text":"فَكَفَرُوا۟","Translation":"But they disbelieved","Transliteration":"fakafarū"},{"Position":2,"AudioFileName":"037_170_002.mp3","TajweedImageFilePath":"37/170/2.png","Text":"بِهِۦ ۖ","Translation":"in it","Transliteration":"bihi"},{"Position":3,"AudioFileName":"037_170_003.mp3","TajweedImageFilePath":"37/170/3.png","Text":"فَسَوْفَ","Translation":"so soon","Transliteration":"fasawfa"},{"Position":4,"AudioFileName":"037_170_004.mp3","TajweedImageFilePath":"37/170/4.png","Text":"يَعْلَمُونَ","Translation":"they will know","Transliteration":"yaʿlamūna"},{"Position":5,"AudioFileName":null,"TajweedImageFilePath":"170.png","Text":"١٧٠","Translation":"(170)","Transliteration":null}],"PageNumber":452,"JuzNumber":23,"ManzilNumber":6,"RukuNumber":390,"MaqraNumber":181,"HizbNumber":46,"HizbDecimal":0.0,"HasSajda":false},{"SurahNumber":37,"SurahIndex":"037","VerseNumber":171,"ShowSurahName":false,"ShowBismillah":false,"Words":[{"Position":1,"AudioFileName":"037_171_001.mp3","TajweedImageFilePath":"37/171/1.png","Text":"وَلَقَدْ","Translation":"And verily","Transliteration":"walaqad"},{"Position":2,"AudioFileName":"037_171_002.mp3","TajweedImageFilePath":"37/171/2.png","Text":"سَبَقَتْ","Translation":"has preceded","Transliteration":"sabaqat"},{"Position":3,"AudioFileName":"037_171_003.mp3","TajweedImageFilePath":"37/171/3.png","Text":"كَلِمَتُنَا","Translation":"Our Word","Transliteration":"kalimatunā"},{"Position":4,"AudioFileName":"037_171_004.mp3","TajweedImageFilePath":"37/171/4.png","Text":"لِعِبَادِنَا","Translation":"for Our slaves","Transliteration":"liʿibādinā"},{"Position":5,"AudioFileName":"037_171_005.mp3","TajweedImageFilePath":"37/171/5.png","Text":"ٱلْمُرْسَلِينَ","Translation":"the Messengers","Transliteration":"l-mur'salīna"},{"Position":6,"AudioFileName":null,"TajweedImageFilePath":"171.png","Text":"١٧١","Translation":"(171)","Transliteration":null}],"PageNumber":452,"JuzNumber":23,"ManzilNumber":6,"RukuNumber":390,"MaqraNumber":181,"HizbNumber":46,"HizbDecimal":0.0,"HasSajda":false},{"SurahNumber":37,"SurahIndex":"037","VerseNumber":172,"ShowSurahName":false,"ShowBismillah":false,"Words":[{"Position":1,"AudioFileName":"037_172_001.mp3","TajweedImageFilePath":"37/172/1.png","Text":"إِنَّهُمْ","Translation":"Indeed they","Transliteration":"innahum"},{"Position":2,"AudioFileName":"037_172_002.mp3","TajweedImageFilePath":"37/172/2.png","Text":"لَهُمُ","Translation":"surely they","Transliteration":"lahumu"},{"Position":3,"AudioFileName":"037_172_003.mp3","TajweedImageFilePath":"37/172/3.png","Text":"ٱلْمَنصُورُونَ","Translation":"(would be) the victorious","Transliteration":"l-manṣūrūna"},{"Position":4,"AudioFileName":null,"TajweedImageFilePath":"172.png","Text":"١٧٢","Translation":"(172)","Transliteration":null}],"PageNumber":452,"JuzNumber":23,"ManzilNumber":6,"RukuNumber":390,"MaqraNumber":181,"HizbNumber":46,"HizbDecimal":0.0,"HasSajda":false},{"SurahNumber":37,"SurahIndex":"037","VerseNumber":173,"ShowSurahName":false,"ShowBismillah":false,"Words":[{"Position":1,"AudioFileName":"037_173_001.mp3","TajweedImageFilePath":"37/173/1.png","Text":"وَإِنَّ","Translation":"And indeed","Transliteration":"wa-inna"},{"Position":2,"AudioFileName":"037_173_002.mp3","TajweedImageFilePath":"37/173/2.png","Text":"جُندَنَا","Translation":"Our host","Transliteration":"jundanā"},{"Position":3,"AudioFileName":"037_173_003.mp3","TajweedImageFilePath":"37/173/3.png","Text":"لَهُمُ","Translation":"surely, they","Transliteration":"lahumu"},{"Position":4,"AudioFileName":"037_173_004.mp3","TajweedImageFilePath":"37/173/4.png","Text":"ٱلْغَـٰلِبُونَ","Translation":"(will be) those who overcome","Transliteration":"l-ghālibūna"},{"Position":5,"AudioFileName":null,"TajweedImageFilePath":"173.png","Text":"١٧٣","Translation":"(173)","Transliteration":null}],"PageNumber":452,"JuzNumber":23,"ManzilNumber":6,"RukuNumber":390,"MaqraNumber":181,"HizbNumber":46,"HizbDecimal":0.0,"HasSajda":false},{"SurahNumber":37,"SurahIndex":"037","VerseNumber":174,"ShowSurahName":false,"ShowBismillah":false,"Words":[{"Position":1,"AudioFileName":"037_174_001.mp3","TajweedImageFilePath":"37/174/1.png","Text":"فَتَوَلَّ","Translation":"So turn away","Transliteration":"fatawalla"},{"Position":2,"AudioFileName":"037_174_002.mp3","TajweedImageFilePath":"37/174/2.png","Text":"عَنْهُمْ","Translation":"from them","Transliteration":"ʿanhum"},{"Position":3,"AudioFileName":"037_174_003.mp3","TajweedImageFilePath":"37/174/3.png","Text":"حَتَّىٰ","Translation":"until","Transliteration":"ḥattā"},{"Position":4,"AudioFileName":"037_174_004.mp3","TajweedImageFilePath":"37/174/4.png","Text":"حِينٍۢ","Translation":"a time","Transliteration":"ḥīnin"},{"Position":5,"AudioFileName":null,"TajweedImageFilePath":"174.png","Text":"١٧٤","Translation":"(174)","Transliteration":null}],"PageNumber":452,"JuzNumber":23,"ManzilNumber":6,"RukuNumber":390,"MaqraNumber":181,"HizbNumber":46,"HizbDecimal":0.0,"HasSajda":false},{"SurahNumber":37,"SurahIndex":"037","VerseNumber":175,"ShowSurahName":false,"ShowBismillah":false,"Words":[{"Position":1,"AudioFileName":"037_175_001.mp3","TajweedImageFilePath":"37/175/1.png","Text":"وَأَبْصِرْهُمْ","Translation":"And see them","Transliteration":"wa-abṣir'hum"},{"Position":2,"AudioFileName":"037_175_002.mp3","TajweedImageFilePath":"37/175/2.png","Text":"فَسَوْفَ","Translation":"so soon","Transliteration":"fasawfa"},{"Position":3,"AudioFileName":"037_175_003.mp3","TajweedImageFilePath":"37/175/3.png","Text":"يُبْصِرُونَ","Translation":"they will see","Transliteration":"yub'ṣirūna"},{"Position":4,"AudioFileName":null,"TajweedImageFilePath":"175.png","Text":"١٧٥","Translation":"(175)","Transliteration":null}],"PageNumber":452,"JuzNumber":23,"ManzilNumber":6,"RukuNumber":390,"MaqraNumber":181,"HizbNumber":46,"HizbDecimal":0.0,"HasSajda":false},{"SurahNumber":37,"SurahIndex":"037","VerseNumber":176,"ShowSurahName":false,"ShowBismillah":false,"Words":[{"Position":1,"AudioFileName":"037_176_001.mp3","TajweedImageFilePath":"37/176/1.png","Text":"أَفَبِعَذَابِنَا","Translation":"Then is (it) for Our punishment","Transliteration":"afabiʿadhābinā"},{"Position":2,"AudioFileName":"037_176_002.mp3","TajweedImageFilePath":"37/176/2.png","Text":"يَسْتَعْجِلُونَ","Translation":"they hasten","Transliteration":"yastaʿjilūna"},{"Position":3,"AudioFileName":null,"TajweedImageFilePath":"176.png","Text":"١٧٦","Translation":"(176)","Transliteration":null}],"PageNumber":452,"JuzNumber":23,"ManzilNumber":6,"RukuNumber":390,"MaqraNumber":181,"HizbNumber":46,"HizbDecimal":0.0,"HasSajda":false},{"SurahNumber":37,"SurahIndex":"037","VerseNumber":177,"ShowSurahName":false,"ShowBismillah":false,"Words":[{"Position":1,"AudioFileName":"037_177_001.mp3","TajweedImageFilePath":"37/177/1.png","Text":"فَإِذَا","Translation":"But when","Transliteration":"fa-idhā"},{"Position":2,"AudioFileName":"037_177_002.mp3","TajweedImageFilePath":"37/177/2.png","Text":"نَزَلَ","Translation":"it descends","Transliteration":"nazala"},{"Position":3,"AudioFileName":"037_177_003.mp3","TajweedImageFilePath":"37/177/3.png","Text":"بِسَاحَتِهِمْ","Translation":"in their territory","Transliteration":"bisāḥatihim"},{"Position":4,"AudioFileName":"037_177_004.mp3","TajweedImageFilePath":"37/177/4.png","Text":"فَسَآءَ","Translation":"then evil (will be)","Transliteration":"fasāa"},{"Position":5,"AudioFileName":"037_177_005.mp3","TajweedImageFilePath":"37/177/5.png","Text":"صَبَاحُ","Translation":"(the) morning","Transliteration":"ṣabāḥu"},{"Position":6,"AudioFileName":"037_177_006.mp3","TajweedImageFilePath":"37/177/6.png","Text":"ٱلْمُنذَرِينَ","Translation":"(for) those who were warned","Transliteration":"l-mundharīna"},{"Position":7,"AudioFileName":null,"TajweedImageFilePath":"177.png","Text":"١٧٧","Translation":"(177)","Transliteration":null}],"PageNumber":452,"JuzNumber":23,"ManzilNumber":6,"RukuNumber":390,"MaqraNumber":181,"HizbNumber":46,"HizbDecimal":0.0,"HasSajda":false},{"SurahNumber":37,"SurahIndex":"037","VerseNumber":178,"ShowSurahName":false,"ShowBismillah":false,"Words":[{"Position":1,"AudioFileName":"037_178_001.mp3","TajweedImageFilePath":"37/178/1.png","Text":"وَتَوَلَّ","Translation":"So turn away","Transliteration":"watawalla"},{"Position":2,"AudioFileName":"037_178_002.mp3","TajweedImageFilePath":"37/178/2.png","Text":"عَنْهُمْ","Translation":"from them","Transliteration":"ʿanhum"},{"Position":3,"AudioFileName":"037_178_003.mp3","TajweedImageFilePath":"37/178/3.png","Text":"حَتَّىٰ","Translation":"for","Transliteration":"ḥattā"},{"Position":4,"AudioFileName":"037_178_004.mp3","TajweedImageFilePath":"37/178/4.png","Text":"حِينٍۢ","Translation":"a time","Transliteration":"ḥīnin"},{"Position":5,"AudioFileName":null,"TajweedImageFilePath":"178.png","Text":"١٧٨","Translation":"(178)","Transliteration":null}],"PageNumber":452,"JuzNumber":23,"ManzilNumber":6,"RukuNumber":390,"MaqraNumber":181,"HizbNumber":46,"HizbDecimal":0.0,"HasSajda":false},{"SurahNumber":37,"SurahIndex":"037","VerseNumber":179,"ShowSurahName":false,"ShowBismillah":false,"Words":[{"Position":1,"AudioFileName":"037_179_001.mp3","TajweedImageFilePath":"37/179/1.png","Text":"وَأَبْصِرْ","Translation":"And see","Transliteration":"wa-abṣir"},{"Position":2,"AudioFileName":"037_179_002.mp3","TajweedImageFilePath":"37/179/2.png","Text":"فَسَوْفَ","Translation":"so soon","Transliteration":"fasawfa"},{"Position":3,"AudioFileName":"037_179_003.mp3","TajweedImageFilePath":"37/179/3.png","Text":"يُبْصِرُونَ","Translation":"they will see","Transliteration":"yub'ṣirūna"},{"Position":4,"AudioFileName":null,"TajweedImageFilePath":"179.png","Text":"١٧٩","Translation":"(179)","Transliteration":null}],"PageNumber":452,"JuzNumber":23,"ManzilNumber":6,"RukuNumber":390,"MaqraNumber":181,"HizbNumber":46,"HizbDecimal":0.0,"HasSajda":false},{"SurahNumber":37,"SurahIndex":"037","VerseNumber":180,"ShowSurahName":false,"ShowBismillah":false,"Words":[{"Position":1,"AudioFileName":"037_180_001.mp3","TajweedImageFilePath":"37/180/1.png","Text":"سُبْحَـٰنَ","Translation":"Glory","Transliteration":"sub'ḥāna"},{"Position":2,"AudioFileName":"037_180_002.mp3","TajweedImageFilePath":"37/180/2.png","Text":"رَبِّكَ","Translation":"(be to) your Lord","Transliteration":"rabbika"},{"Position":3,"AudioFileName":"037_180_003.mp3","TajweedImageFilePath":"37/180/3.png","Text":"رَبِّ","Translation":"(the) Lord","Transliteration":"rabbi"},{"Position":4,"AudioFileName":"037_180_004.mp3","TajweedImageFilePath":"37/180/4.png","Text":"ٱلْعِزَّةِ","Translation":"(of) Honor","Transliteration":"l-ʿizati"},{"Position":5,"AudioFileName":"037_180_005.mp3","TajweedImageFilePath":"37/180/5.png","Text":"عَمَّا","Translation":"above what","Transliteration":"ʿammā"},{"Position":6,"AudioFileName":"037_180_006.mp3","TajweedImageFilePath":"37/180/6.png","Text":"يَصِفُونَ","Translation":"they attribute","Transliteration":"yaṣifūna"},{"Position":7,"AudioFileName":null,"TajweedImageFilePath":"180.png","Text":"١٨٠","Translation":"(180)","Transliteration":null}],"PageNumber":452,"JuzNumber":23,"ManzilNumber":6,"RukuNumber":390,"MaqraNumber":181,"HizbNumber":46,"HizbDecimal":0.0,"HasSajda":false},{"SurahNumber":37,"SurahIndex":"037","VerseNumber":181,"ShowSurahName":false,"ShowBismillah":false,"Words":[{"Position":1,"AudioFileName":"037_181_001.mp3","TajweedImageFilePath":"37/181/1.png","Text":"وَسَلَـٰمٌ","Translation":"And peace be","Transliteration":"wasalāmun"},{"Position":2,"AudioFileName":"037_181_002.mp3","TajweedImageFilePath":"37/181/2.png","Text":"عَلَى","Translation":"upon","Transliteration":"ʿalā"},{"Position":3,"AudioFileName":"037_181_003.mp3","TajweedImageFilePath":"37/181/3.png","Text":"ٱلْمُرْسَلِينَ","Translation":"the Messengers","Transliteration":"l-mur'salīna"},{"Position":4,"AudioFileName":null,"TajweedImageFilePath":"181.png","Text":"١٨١","Translation":"(181)","Transliteration":null}],"PageNumber":452,"JuzNumber":23,"ManzilNumber":6,"RukuNumber":390,"MaqraNumber":181,"HizbNumber":46,"HizbDecimal":0.0,"HasSajda":false},{"SurahNumber":37,"SurahIndex":"037","VerseNumber":182,"ShowSurahName":false,"ShowBismillah":false,"Words":[{"Position":1,"AudioFileName":"037_182_001.mp3","TajweedImageFilePath":"37/182/1.png","Text":"وَٱلْحَمْدُ","Translation":"And all praise","Transliteration":"wal-ḥamdu"},{"Position":2,"AudioFileName":"037_182_002.mp3","TajweedImageFilePath":"37/182/2.png","Text":"لِلَّهِ","Translation":"(be) to Allah","Transliteration":"lillahi"},{"Position":3,"AudioFileName":"037_182_003.mp3","TajweedImageFilePath":"37/182/3.png","Text":"رَبِّ","Translation":"(the) Lord","Transliteration":"rabbi"},{"Position":4,"AudioFileName":"037_182_004.mp3","TajweedImageFilePath":"37/182/4.png","Text":"ٱلْعَـٰلَمِينَ","Translation":"(of) the worlds","Transliteration":"l-ʿālamīna"},{"Position":5,"AudioFileName":null,"TajweedImageFilePath":"182.png","Text":"١٨٢","Translation":"(182)","Transliteration":null}],"PageNumber":452,"JuzNumber":23,"ManzilNumber":6,"RukuNumber":390,"MaqraNumber":181,"HizbNumber":46,"HizbDecimal":0.0,"HasSajda":false},{"SurahNumber":38,"SurahIndex":"038","VerseNumber":1,"ShowSurahName":true,"ShowBismillah":true,"Words":[{"Position":1,"AudioFileName":"038_001_001.mp3","TajweedImageFilePath":"38/1/1.png","Text":"صٓ ۚ","Translation":"Saad","Transliteration":"sad"},{"Position":2,"AudioFileName":"038_001_002.mp3","TajweedImageFilePath":"38/1/2.png","Text":"وَٱلْقُرْءَانِ","Translation":"By the Quran","Transliteration":"wal-qur'āni"},{"Position":3,"AudioFileName":"038_001_003.mp3","TajweedImageFilePath":"38/1/3.png","Text":"ذِى","Translation":"full (of) reminder","Transliteration":"dhī"},{"Position":4,"AudioFileName":"038_001_004.mp3","TajweedImageFilePath":"38/1/4.png","Text":"ٱلذِّكْرِ","Translation":"full (of) reminder","Transliteration":"l-dhik'ri"},{"Position":5,"AudioFileName":null,"TajweedImageFilePath":"1.png","Text":"١","Translation":"(1)","Transliteration":null}],"PageNumber":453,"JuzNumber":23,"ManzilNumber":6,"RukuNumber":391,"MaqraNumber":181,"HizbNumber":46,"HizbDecimal":0.0,"HasSajda":false},{"SurahNumber":38,"SurahIndex":"038","VerseNumber":2,"ShowSurahName":false,"ShowBismillah":false,"Words":[{"Position":1,"AudioFileName":"038_002_001.mp3","TajweedImageFilePath":"38/2/1.png","Text":"بَلِ","Translation":"Nay","Transliteration":"bali"},{"Position":2,"AudioFileName":"038_002_002.mp3","TajweedImageFilePath":"38/2/2.png","Text":"ٱلَّذِينَ","Translation":"those who","Transliteration":"alladhīna"},{"Position":3,"AudioFileName":"038_002_003.mp3","TajweedImageFilePath":"38/2/3.png","Text":"كَفَرُوا۟","Translation":"disbelieve","Transliteration":"kafarū"},{"Position":4,"AudioFileName":"038_002_004.mp3","TajweedImageFilePath":"38/2/4.png","Text":"فِى","Translation":"(are) in","Transliteration":"fī"},{"Position":5,"AudioFileName":"038_002_005.mp3","TajweedImageFilePath":"38/2/5.png","Text":"عِزَّةٍۢ","Translation":"self-glory","Transliteration":"ʿizzatin"},{"Position":6,"AudioFileName":"038_002_006.mp3","TajweedImageFilePath":"38/2/6.png","Text":"وَشِقَاقٍۢ","Translation":"and opposition","Transliteration":"washiqāqin"},{"Position":7,"AudioFileName":null,"TajweedImageFilePath":"2.png","Text":"٢","Translation":"(2)","Transliteration":null}],"PageNumber":453,"JuzNumber":23,"ManzilNumber":6,"RukuNumber":391,"MaqraNumber":181,"HizbNumber":46,"HizbDecimal":0.0,"HasSajda":false},{"SurahNumber":38,"SurahIndex":"038","VerseNumber":3,"ShowSurahName":false,"ShowBismillah":false,"Words":[{"Position":1,"AudioFileName":"038_003_001.mp3","TajweedImageFilePath":"38/3/1.png","Text":"كَمْ","Translation":"How many","Transliteration":"kam"},{"Position":2,"AudioFileName":"038_003_002.mp3","TajweedImageFilePath":"38/3/2.png","Text":"أَهْلَكْنَا","Translation":"We destroyed","Transliteration":"ahlaknā"},{"Position":3,"AudioFileName":"038_003_003.mp3","TajweedImageFilePath":"38/3/3.png","Text":"مِن","Translation":"before them","Transliteration":"min"},{"Position":4,"AudioFileName":"038_003_004.mp3","TajweedImageFilePath":"38/3/4.png","Text":"قَبْلِهِم","Translation":"before them","Transliteration":"qablihim"},{"Position":5,"AudioFileName":"038_003_005.mp3","TajweedImageFilePath":"38/3/5.png","Text":"مِّن","Translation":"of","Transliteration":"min"},{"Position":6,"AudioFileName":"038_003_006.mp3","TajweedImageFilePath":"38/3/6.png","Text":"قَرْنٍۢ","Translation":"a generation","Transliteration":"qarnin"},{"Position":7,"AudioFileName":"038_003_007.mp3","TajweedImageFilePath":"38/3/7.png","Text":"فَنَادَوا۟","Translation":"then they called out","Transliteration":"fanādaw"},{"Position":8,"AudioFileName":"038_003_008.mp3","TajweedImageFilePath":"38/3/8.png","Text":"وَّلَاتَ","Translation":"when there (was) no longer","Transliteration":"walāta"},{"Position":9,"AudioFileName":"038_003_009.mp3","TajweedImageFilePath":"38/3/9.png","Text":"حِينَ","Translation":"time","Transliteration":"ḥīna"},{"Position":10,"AudioFileName":"038_003_010.mp3","TajweedImageFilePath":"38/3/10.png","Text":"مَنَاصٍۢ","Translation":"(for) escape","Transliteration":"manāṣin"},{"Position":11,"AudioFileName":null,"TajweedImageFilePath":"3.png","Text":"٣","Translation":"(3)","Transliteration":null}],"PageNumber":453,"JuzNumber":23,"ManzilNumber":6,"RukuNumber":391,"MaqraNumber":181,"HizbNumber":46,"HizbDecimal":0.0,"HasSajda":false},{"SurahNumber":38,"SurahIndex":"038","VerseNumber":4,"ShowSurahName":false,"ShowBismillah":false,"Words":[{"Position":1,"AudioFileName":"038_004_001.mp3","TajweedImageFilePath":"38/4/1.png","Text":"وَعَجِبُوٓا۟","Translation":"And they wonder","Transliteration":"waʿajibū"},{"Position":2,"AudioFileName":"038_004_002.mp3","TajweedImageFilePath":"38/4/2.png","Text":"أَن","Translation":"that","Transliteration":"an"},{"Position":3,"AudioFileName":"038_004_003.mp3","TajweedImageFilePath":"38/4/3.png","Text":"جَآءَهُم","Translation":"has come to them","Transliteration":"jāahum"},{"Position":4,"AudioFileName":"038_004_004.mp3","TajweedImageFilePath":"38/4/4.png","Text":"مُّنذِرٌۭ","Translation":"a warner","Transliteration":"mundhirun"},{"Position":5,"AudioFileName":"038_004_005.mp3","TajweedImageFilePath":"38/4/5.png","Text":"مِّنْهُمْ ۖ","Translation":"from themselves","Transliteration":"min'hum"},{"Position":6,"AudioFileName":"038_004_006.mp3","TajweedImageFilePath":"38/4/6.png","Text":"وَقَالَ","Translation":"And said","Transliteration":"waqāla"},{"Position":7,"AudioFileName":"038_004_007.mp3","TajweedImageFilePath":"38/4/7.png","Text":"ٱلْكَـٰفِرُونَ","Translation":"the disbelievers","Transliteration":"l-kāfirūna"},{"Position":8,"AudioFileName":"038_004_008.mp3","TajweedImageFilePath":"38/4/8.png","Text":"هَـٰذَا","Translation":"This","Transliteration":"hādhā"},{"Position":9,"AudioFileName":"038_004_009.mp3","TajweedImageFilePath":"38/4/9.png","Text":"سَـٰحِرٌۭ","Translation":"(is) a magician","Transliteration":"sāḥirun"},{"Position":10,"AudioFileName":"038_004_010.mp3","TajweedImageFilePath":"38/4/10.png","Text":"كَذَّابٌ","Translation":"a liar","Transliteration":"kadhābun"},{"Position":11,"AudioFileName":null,"TajweedImageFilePath":"4.png","Text":"٤","Translation":"(4)","Transliteration":null}],"PageNumber":453,"JuzNumber":23,"ManzilNumber":6,"RukuNumber":391,"MaqraNumber":181,"HizbNumber":46,"HizbDecimal":0.0,"HasSajda":false},{"SurahNumber":38,"SurahIndex":"038","VerseNumber":5,"ShowSurahName":false,"ShowBismillah":false,"Words":[{"Position":1,"AudioFileName":"038_005_001.mp3","TajweedImageFilePath":"38/5/1.png","Text":"أَجَعَلَ","Translation":"Has he made","Transliteration":"ajaʿala"},{"Position":2,"AudioFileName":"038_005_002.mp3","TajweedImageFilePath":"38/5/2.png","Text":"ٱلْـَٔالِهَةَ","Translation":"the gods","Transliteration":"l-ālihata"},{"Position":3,"AudioFileName":"038_005_003.mp3","TajweedImageFilePath":"38/5/3.png","Text":"إِلَـٰهًۭا","Translation":"(into) one god","Transliteration":"ilāhan"},{"Position":4,"AudioFileName":"038_005_004.mp3","TajweedImageFilePath":"38/5/4.png","Text":"وَٰحِدًا ۖ","Translation":"(into) one god","Transliteration":"wāḥidan"},{"Position":5,"AudioFileName":"038_005_005.mp3","TajweedImageFilePath":"38/5/5.png","Text":"إِنَّ","Translation":"Indeed","Transliteration":"inna"},{"Position":6,"AudioFileName":"038_005_006.mp3","TajweedImageFilePath":"38/5/6.png","Text":"هَـٰذَا","Translation":"this","Transliteration":"hādhā"},{"Position":7,"AudioFileName":"038_005_007.mp3","TajweedImageFilePath":"38/5/7.png","Text":"لَشَىْءٌ","Translation":"(is) certainly a thing","Transliteration":"lashayon"},{"Position":8,"AudioFileName":"038_005_008.mp3","TajweedImageFilePath":"38/5/8.png","Text":"عُجَابٌۭ","Translation":"curious","Transliteration":"ʿujābun"},{"Position":9,"AudioFileName":null,"TajweedImageFilePath":"5.png","Text":"٥","Translation":"(5)","Transliteration":null}],"PageNumber":453,"JuzNumber":23,"ManzilNumber":6,"RukuNumber":391,"MaqraNumber":181,"HizbNumber":46,"HizbDecimal":0.0,"HasSajda":false},{"SurahNumber":38,"SurahIndex":"038","VerseNumber":6,"ShowSurahName":false,"ShowBismillah":false,"Words":[{"Position":1,"AudioFileName":"038_006_001.mp3","TajweedImageFilePath":"38/6/1.png","Text":"وَٱنطَلَقَ","Translation":"And went forth","Transliteration":"wa-inṭalaqa"},{"Position":2,"AudioFileName":"038_006_002.mp3","TajweedImageFilePath":"38/6/2.png","Text":"ٱلْمَلَأُ","Translation":"the chiefs","Transliteration":"l-mala-u"},{"Position":3,"AudioFileName":"038_006_003.mp3","TajweedImageFilePath":"38/6/3.png","Text":"مِنْهُمْ","Translation":"among them","Transliteration":"min'hum"},{"Position":4,"AudioFileName":"038_006_004.mp3","TajweedImageFilePath":"38/6/4.png","Text":"أَنِ","Translation":"that","Transliteration":"ani"},{"Position":5,"AudioFileName":"038_006_005.mp3","TajweedImageFilePath":"38/6/5.png","Text":"ٱمْشُوا۟","Translation":"Continue","Transliteration":"im'shū"},{"Position":6,"AudioFileName":"038_006_006.mp3","TajweedImageFilePath":"38/6/6.png","Text":"وَٱصْبِرُوا۟","Translation":"and be patient","Transliteration":"wa-iṣ'birū"},{"Position":7,"AudioFileName":"038_006_007.mp3","TajweedImageFilePath":"38/6/7.png","Text":"عَلَىٰٓ","Translation":"over","Transliteration":"ʿalā"},{"Position":8,"AudioFileName":"038_006_008.mp3","TajweedImageFilePath":"38/6/8.png","Text":"ءَالِهَتِكُمْ ۖ","Translation":"your gods","Transliteration":"ālihatikum"},{"Position":9,"AudioFileName":"038_006_009.mp3","TajweedImageFilePath":"38/6/9.png","Text":"إِنَّ","Translation":"Indeed","Transliteration":"inna"},{"Position":10,"AudioFileName":"038_006_010.mp3","TajweedImageFilePath":"38/6/10.png","Text":"هَـٰذَا","Translation":"this","Transliteration":"hādhā"},{"Position":11,"AudioFileName":"038_006_011.mp3","TajweedImageFilePath":"38/6/11.png","Text":"لَشَىْءٌۭ","Translation":"(is) certainly a thing","Transliteration":"lashayon"},{"Position":12,"AudioFileName":"038_006_012.mp3","TajweedImageFilePath":"38/6/12.png","Text":"يُرَادُ","Translation":"intended","Transliteration":"yurādu"},{"Position":13,"AudioFileName":null,"TajweedImageFilePath":"6.png","Text":"٦","Translation":"(6)","Transliteration":null}],"PageNumber":453,"JuzNumber":23,"ManzilNumber":6,"RukuNumber":391,"MaqraNumber":181,"HizbNumber":46,"HizbDecimal":0.0,"HasSajda":false},{"SurahNumber":38,"SurahIndex":"038","VerseNumber":7,"ShowSurahName":false,"ShowBismillah":false,"Words":[{"Position":1,"AudioFileName":"038_007_001.mp3","TajweedImageFilePath":"38/7/1.png","Text":"مَا","Translation":"Not","Transliteration":"mā"},{"Position":2,"AudioFileName":"038_007_002.mp3","TajweedImageFilePath":"38/7/2.png","Text":"سَمِعْنَا","Translation":"we heard","Transliteration":"samiʿ'nā"},{"Position":3,"AudioFileName":"038_007_003.mp3","TajweedImageFilePath":"38/7/3.png","Text":"بِهَـٰذَا","Translation":"of this","Transliteration":"bihādhā"},{"Position":4,"AudioFileName":"038_007_004.mp3","TajweedImageFilePath":"38/7/4.png","Text":"فِى","Translation":"in","Transliteration":"fī"},{"Position":5,"AudioFileName":"038_007_005.mp3","TajweedImageFilePath":"38/7/5.png","Text":"ٱلْمِلَّةِ","Translation":"the religion","Transliteration":"l-milati"},{"Position":6,"AudioFileName":"038_007_006.mp3","TajweedImageFilePath":"38/7/6.png","Text":"ٱلْـَٔاخِرَةِ","Translation":"the last","Transliteration":"l-ākhirati"},{"Position":7,"AudioFileName":"038_007_007.mp3","TajweedImageFilePath":"38/7/7.png","Text":"إِنْ","Translation":"Not","Transliteration":"in"},{"Position":8,"AudioFileName":"038_007_008.mp3","TajweedImageFilePath":"38/7/8.png","Text":"هَـٰذَآ","Translation":"(is) this","Transliteration":"hādhā"},{"Position":9,"AudioFileName":"038_007_009.mp3","TajweedImageFilePath":"38/7/9.png","Text":"إِلَّا","Translation":"but","Transliteration":"illā"},{"Position":10,"AudioFileName":"038_007_010.mp3","TajweedImageFilePath":"38/7/10.png","Text":"ٱخْتِلَـٰقٌ","Translation":"a fabrication","Transliteration":"ikh'tilāqun"},{"Position":11,"AudioFileName":null,"TajweedImageFilePath":"7.png","Text":"٧","Translation":"(7)","Transliteration":null}],"PageNumber":453,"JuzNumber":23,"ManzilNumber":6,"RukuNumber":391,"MaqraNumber":181,"HizbNumber":46,"HizbDecimal":0.0,"HasSajda":false},{"SurahNumber":38,"SurahIndex":"038","VerseNumber":8,"ShowSurahName":false,"ShowBismillah":false,"Words":[{"Position":1,"AudioFileName":"038_008_001.mp3","TajweedImageFilePath":"38/8/1.png","Text":"أَءُنزِلَ","Translation":"Has been revealed","Transliteration":"a-unzila"},{"Position":2,"AudioFileName":"038_008_002.mp3","TajweedImageFilePath":"38/8/2.png","Text":"عَلَيْهِ","Translation":"to him","Transliteration":"ʿalayhi"},{"Position":3,"AudioFileName":"038_008_003.mp3","TajweedImageFilePath":"38/8/3.png","Text":"ٱلذِّكْرُ","Translation":"the Message","Transliteration":"l-dhik'ru"},{"Position":4,"AudioFileName":"038_008_004.mp3","TajweedImageFilePath":"38/8/4.png","Text":"مِنۢ","Translation":"from","Transliteration":"min"},{"Position":5,"AudioFileName":"038_008_005.mp3","TajweedImageFilePath":"38/8/5.png","Text":"بَيْنِنَا ۚ","Translation":"among us","Transliteration":"bayninā"},{"Position":6,"AudioFileName":"038_008_006.mp3","TajweedImageFilePath":"38/8/6.png","Text":"بَلْ","Translation":"Nay","Transliteration":"bal"},{"Position":7,"AudioFileName":"038_008_007.mp3","TajweedImageFilePath":"38/8/7.png","Text":"هُمْ","Translation":"They","Transliteration":"hum"},{"Position":8,"AudioFileName":"038_008_008.mp3","TajweedImageFilePath":"38/8/8.png","Text":"فِى","Translation":"(are) in","Transliteration":"fī"},{"Position":9,"AudioFileName":"038_008_009.mp3","TajweedImageFilePath":"38/8/9.png","Text":"شَكٍّۢ","Translation":"doubt","Transliteration":"shakkin"},{"Position":10,"AudioFileName":"038_008_010.mp3","TajweedImageFilePath":"38/8/10.png","Text":"مِّن","Translation":"about","Transliteration":"min"},{"Position":11,"AudioFileName":"038_008_011.mp3","TajweedImageFilePath":"38/8/11.png","Text":"ذِكْرِى ۖ","Translation":"My Message","Transliteration":"dhik'rī"},{"Position":12,"AudioFileName":"038_008_012.mp3","TajweedImageFilePath":"38/8/12.png","Text":"بَل","Translation":"Nay","Transliteration":"bal"},{"Position":13,"AudioFileName":"038_008_013.mp3","TajweedImageFilePath":"38/8/13.png","Text":"لَّمَّا","Translation":"not yet","Transliteration":"lammā"},{"Position":14,"AudioFileName":"038_008_014.mp3","TajweedImageFilePath":"38/8/14.png","Text":"يَذُوقُوا۟","Translation":"they have tasted","Transliteration":"yadhūqū"},{"Position":15,"AudioFileName":"038_008_015.mp3","TajweedImageFilePath":"38/8/15.png","Text":"عَذَابِ","Translation":"My punishment","Transliteration":"ʿadhābi"},{"Position":16,"AudioFileName":null,"TajweedImageFilePath":"8.png","Text":"٨","Translation":"(8)","Transliteration":null}],"PageNumber":453,"JuzNumber":23,"ManzilNumber":6,"RukuNumber":391,"MaqraNumber":181,"HizbNumber":46,"HizbDecimal":0.0,"HasSajda":false},{"SurahNumber":38,"SurahIndex":"038","VerseNumber":9,"ShowSurahName":false,"ShowBismillah":false,"Words":[{"Position":1,"AudioFileName":"038_009_001.mp3","TajweedImageFilePath":"38/9/1.png","Text":"أَمْ","Translation":"Or","Transliteration":"am"},{"Position":2,"AudioFileName":"038_009_002.mp3","TajweedImageFilePath":"38/9/2.png","Text":"عِندَهُمْ","Translation":"have they","Transliteration":"ʿindahum"},{"Position":3,"AudioFileName":"038_009_003.mp3","TajweedImageFilePath":"38/9/3.png","Text":"خَزَآئِنُ","Translation":"(the) treasures","Transliteration":"khazāinu"},{"Position":4,"AudioFileName":"038_009_004.mp3","TajweedImageFilePath":"38/9/4.png","Text":"رَحْمَةِ","Translation":"(of the) Mercy","Transliteration":"raḥmati"},{"Position":5,"AudioFileName":"038_009_005.mp3","TajweedImageFilePath":"38/9/5.png","Text":"رَبِّكَ","Translation":"(of) your Lord","Transliteration":"rabbika"},{"Position":6,"AudioFileName":"038_009_006.mp3","TajweedImageFilePath":"38/9/6.png","Text":"ٱلْعَزِيزِ","Translation":"the All-Mighty","Transliteration":"l-ʿazīzi"},{"Position":7,"AudioFileName":"038_009_007.mp3","TajweedImageFilePath":"38/9/7.png","Text":"ٱلْوَهَّابِ","Translation":"the Bestower","Transliteration":"l-wahābi"},{"Position":8,"AudioFileName":null,"TajweedImageFilePath":"9.png","Text":"٩","Translation":"(9)","Transliteration":null}],"PageNumber":453,"JuzNumber":23,"ManzilNumber":6,"RukuNumber":391,"MaqraNumber":181,"HizbNumber":46,"HizbDecimal":0.0,"HasSajda":false},{"SurahNumber":38,"SurahIndex":"038","VerseNumber":10,"ShowSurahName":false,"ShowBismillah":false,"Words":[{"Position":1,"AudioFileName":"038_010_001.mp3","TajweedImageFilePath":"38/10/1.png","Text":"أَمْ","Translation":"Or","Transliteration":"am"},{"Position":2,"AudioFileName":"038_010_002.mp3","TajweedImageFilePath":"38/10/2.png","Text":"لَهُم","Translation":"for them","Transliteration":"lahum"},{"Position":3,"AudioFileName":"038_010_003.mp3","TajweedImageFilePath":"38/10/3.png","Text":"مُّلْكُ","Translation":"(is the) dominion","Transliteration":"mul'ku"},{"Position":4,"AudioFileName":"038_010_004.mp3","TajweedImageFilePath":"38/10/4.png","Text":"ٱلسَّمَـٰوَٰتِ","Translation":"(of) the heavens","Transliteration":"l-samāwāti"},{"Position":5,"AudioFileName":"038_010_005.mp3","TajweedImageFilePath":"38/10/5.png","Text":"وَٱلْأَرْضِ","Translation":"and the earth","Transliteration":"wal-arḍi"},{"Position":6,"AudioFileName":"038_010_006.mp3","TajweedImageFilePath":"38/10/6.png","Text":"وَمَا","Translation":"and whatever","Transliteration":"wamā"},{"Position":7,"AudioFileName":"038_010_007.mp3","TajweedImageFilePath":"38/10/7.png","Text":"بَيْنَهُمَا ۖ","Translation":"(is) between them","Transliteration":"baynahumā"},{"Position":8,"AudioFileName":"038_010_008.mp3","TajweedImageFilePath":"38/10/8.png","Text":"فَلْيَرْتَقُوا۟","Translation":"Then let them ascend","Transliteration":"falyartaqū"},{"Position":9,"AudioFileName":"038_010_009.mp3","TajweedImageFilePath":"38/10/9.png","Text":"فِى","Translation":"by","Transliteration":"fī"},{"Position":10,"AudioFileName":"038_010_010.mp3","TajweedImageFilePath":"38/10/10.png","Text":"ٱلْأَسْبَـٰبِ","Translation":"the means","Transliteration":"l-asbābi"},{"Position":11,"AudioFileName":null,"TajweedImageFilePath":"10.png","Text":"١٠","Translation":"(10)","Transliteration":null}],"PageNumber":453,"JuzNumber":23,"ManzilNumber":6,"RukuNumber":391,"MaqraNumber":181,"HizbNumber":46,"HizbDecimal":0.0,"HasSajda":false},{"SurahNumber":38,"SurahIndex":"038","VerseNumber":11,"ShowSurahName":false,"ShowBismillah":false,"Words":[{"Position":1,"AudioFileName":"038_011_001.mp3","TajweedImageFilePath":"38/11/1.png","Text":"جُندٌۭ","Translation":"Soldiers ","Transliteration":"jundun"},{"Position":2,"AudioFileName":"038_011_002.mp3","TajweedImageFilePath":"38/11/2.png","Text":"مَّا","Translation":"there","Transliteration":"mā"},{"Position":3,"AudioFileName":"038_011_003.mp3","TajweedImageFilePath":"38/11/3.png","Text":"هُنَالِكَ","Translation":"there","Transliteration":"hunālika"},{"Position":4,"AudioFileName":"038_011_004.mp3","TajweedImageFilePath":"38/11/4.png","Text":"مَهْزُومٌۭ","Translation":"(they will be) defeated","Transliteration":"mahzūmun"},{"Position":5,"AudioFileName":"038_011_005.mp3","TajweedImageFilePath":"38/11/5.png","Text":"مِّنَ","Translation":"among","Transliteration":"mina"},{"Position":6,"AudioFileName":"038_011_006.mp3","TajweedImageFilePath":"38/11/6.png","Text":"ٱلْأَحْزَابِ","Translation":"the companies","Transliteration":"l-aḥzābi"},{"Position":7,"AudioFileName":null,"TajweedImageFilePath":"11.png","Text":"١١","Translation":"(11)","Transliteration":null}],"PageNumber":453,"JuzNumber":23,"ManzilNumber":6,"RukuNumber":391,"MaqraNumber":181,"HizbNumber":46,"HizbDecimal":0.0,"HasSajda":false},{"SurahNumber":38,"SurahIndex":"038","VerseNumber":12,"ShowSurahName":false,"ShowBismillah":false,"Words":[{"Position":1,"AudioFileName":"038_012_001.mp3","TajweedImageFilePath":"38/12/1.png","Text":"كَذَّبَتْ","Translation":"Denied","Transliteration":"kadhabat"},{"Position":2,"AudioFileName":"038_012_002.mp3","TajweedImageFilePath":"38/12/2.png","Text":"قَبْلَهُمْ","Translation":"before them","Transliteration":"qablahum"},{"Position":3,"AudioFileName":"038_012_003.mp3","TajweedImageFilePath":"38/12/3.png","Text":"قَوْمُ","Translation":"(the) people","Transliteration":"qawmu"},{"Position":4,"AudioFileName":"038_012_004.mp3","TajweedImageFilePath":"38/12/4.png","Text":"نُوحٍۢ","Translation":"(of) Nuh","Transliteration":"nūḥin"},{"Position":5,"AudioFileName":"038_012_005.mp3","TajweedImageFilePath":"38/12/5.png","Text":"وَعَادٌۭ","Translation":"and Aad","Transliteration":"waʿādun"},{"Position":6,"AudioFileName":"038_012_006.mp3","TajweedImageFilePath":"38/12/6.png","Text":"وَفِرْعَوْنُ","Translation":"and Firaun","Transliteration":"wafir'ʿawnu"},{"Position":7,"AudioFileName":"038_012_007.mp3","TajweedImageFilePath":"38/12/7.png","Text":"ذُو","Translation":"(the) owner","Transliteration":"dhū"},{"Position":8,"AudioFileName":"038_012_008.mp3","TajweedImageFilePath":"38/12/8.png","Text":"ٱلْأَوْتَادِ","Translation":"(of) the stakes","Transliteration":"l-awtādi"},{"Position":9,"AudioFileName":null,"TajweedImageFilePath":"12.png","Text":"١٢","Translation":"(12)","Transliteration":null}],"PageNumber":453,"JuzNumber":23,"ManzilNumber":6,"RukuNumber":391,"MaqraNumber":181,"HizbNumber":46,"HizbDecimal":0.0,"HasSajda":false},{"SurahNumber":38,"SurahIndex":"038","VerseNumber":13,"ShowSurahName":false,"ShowBismillah":false,"Words":[{"Position":1,"AudioFileName":"038_013_001.mp3","TajweedImageFilePath":"38/13/1.png","Text":"وَثَمُودُ","Translation":"And Thamud","Transliteration":"wathamūdu"},{"Position":2,"AudioFileName":"038_013_002.mp3","TajweedImageFilePath":"38/13/2.png","Text":"وَقَوْمُ","Translation":"and (the) people","Transliteration":"waqawmu"},{"Position":3,"AudioFileName":"038_013_003.mp3","TajweedImageFilePath":"38/13/3.png","Text":"لُوطٍۢ","Translation":"(of) Lut","Transliteration":"lūṭin"},{"Position":4,"AudioFileName":"038_013_004.mp3","TajweedImageFilePath":"38/13/4.png","Text":"وَأَصْحَـٰبُ","Translation":"and (the) companions","Transliteration":"wa-aṣḥābu"},{"Position":5,"AudioFileName":"038_013_005.mp3","TajweedImageFilePath":"38/13/5.png","Text":"لْـَٔيْكَةِ ۚ","Translation":"(of) the wood","Transliteration":"al'aykati"},{"Position":6,"AudioFileName":"038_013_006.mp3","TajweedImageFilePath":"38/13/6.png","Text":"أُو۟لَـٰٓئِكَ","Translation":"Those","Transliteration":"ulāika"},{"Position":7,"AudioFileName":"038_013_007.mp3","TajweedImageFilePath":"38/13/7.png","Text":"ٱلْأَحْزَابُ","Translation":"(were) the companies","Transliteration":"l-aḥzābu"},{"Position":8,"AudioFileName":null,"TajweedImageFilePath":"13.png","Text":"١٣","Translation":"(13)","Transliteration":null}],"PageNumber":453,"JuzNumber":23,"ManzilNumber":6,"RukuNumber":391,"MaqraNumber":181,"HizbNumber":46,"HizbDecimal":0.0,"HasSajda":false},{"SurahNumber":38,"SurahIndex":"038","VerseNumber":14,"ShowSurahName":false,"ShowBismillah":false,"Words":[{"Position":1,"AudioFileName":"038_014_001.mp3","TajweedImageFilePath":"38/14/1.png","Text":"إِن","Translation":"Not","Transliteration":"in"},{"Position":2,"AudioFileName":"038_014_002.mp3","TajweedImageFilePath":"38/14/2.png","Text":"كُلٌّ","Translation":"all (of them)","Transliteration":"kullun"},{"Position":3,"AudioFileName":"038_014_003.mp3","TajweedImageFilePath":"38/14/3.png","Text":"إِلَّا","Translation":"but","Transliteration":"illā"},{"Position":4,"AudioFileName":"038_014_004.mp3","TajweedImageFilePath":"38/14/4.png","Text":"كَذَّبَ","Translation":"denied","Transliteration":"kadhaba"},{"Position":5,"AudioFileName":"038_014_005.mp3","TajweedImageFilePath":"38/14/5.png","Text":"ٱلرُّسُلَ","Translation":"the Messengers","Transliteration":"l-rusula"},{"Position":6,"AudioFileName":"038_014_006.mp3","TajweedImageFilePath":"38/14/6.png","Text":"فَحَقَّ","Translation":"so (was) just","Transliteration":"faḥaqqa"},{"Position":7,"AudioFileName":"038_014_007.mp3","TajweedImageFilePath":"38/14/7.png","Text":"عِقَابِ","Translation":"My penalty","Transliteration":"ʿiqābi"},{"Position":8,"AudioFileName":null,"TajweedImageFilePath":"14.png","Text":"١٤","Translation":"(14)","Transliteration":null}],"PageNumber":453,"JuzNumber":23,"ManzilNumber":6,"RukuNumber":391,"MaqraNumber":181,"HizbNumber":46,"HizbDecimal":0.0,"HasSajda":false},{"SurahNumber":38,"SurahIndex":"038","VerseNumber":15,"ShowSurahName":false,"ShowBismillah":false,"Words":[{"Position":1,"AudioFileName":"038_015_001.mp3","TajweedImageFilePath":"38/15/1.png","Text":"وَمَا","Translation":"And not","Transliteration":"wamā"},{"Position":2,"AudioFileName":"038_015_002.mp3","TajweedImageFilePath":"38/15/2.png","Text":"يَنظُرُ","Translation":"await","Transliteration":"yanẓuru"},{"Position":3,"AudioFileName":"038_015_003.mp3","TajweedImageFilePath":"38/15/3.png","Text":"هَـٰٓؤُلَآءِ","Translation":"these","Transliteration":"hāulāi"},{"Position":4,"AudioFileName":"038_015_004.mp3","TajweedImageFilePath":"38/15/4.png","Text":"إِلَّا","Translation":"but","Transliteration":"illā"},{"Position":5,"AudioFileName":"038_015_005.mp3","TajweedImageFilePath":"38/15/5.png","Text":"صَيْحَةًۭ","Translation":"a shout","Transliteration":"ṣayḥatan"},{"Position":6,"AudioFileName":"038_015_006.mp3","TajweedImageFilePath":"38/15/6.png","Text":"وَٰحِدَةًۭ","Translation":"one","Transliteration":"wāḥidatan"},{"Position":7,"AudioFileName":"038_015_007.mp3","TajweedImageFilePath":"38/15/7.png","Text":"مَّا","Translation":"not","Transliteration":"mā"},{"Position":8,"AudioFileName":"038_015_008.mp3","TajweedImageFilePath":"38/15/8.png","Text":"لَهَا","Translation":"for it","Transliteration":"lahā"},{"Position":9,"AudioFileName":"038_015_009.mp3","TajweedImageFilePath":"38/15/9.png","Text":"مِن","Translation":"any","Transliteration":"min"},{"Position":10,"AudioFileName":"038_015_010.mp3","TajweedImageFilePath":"38/15/10.png","Text":"فَوَاقٍۢ","Translation":"delay","Transliteration":"fawāqin"},{"Position":11,"AudioFileName":null,"TajweedImageFilePath":"15.png","Text":"١٥","Translation":"(15)","Transliteration":null}],"PageNumber":453,"JuzNumber":23,"ManzilNumber":6,"RukuNumber":392,"MaqraNumber":181,"HizbNumber":46,"HizbDecimal":0.0,"HasSajda":false},{"SurahNumber":38,"SurahIndex":"038","VerseNumber":16,"ShowSurahName":false,"ShowBismillah":false,"Words":[{"Position":1,"AudioFileName":"038_016_001.mp3","TajweedImageFilePath":"38/16/1.png","Text":"وَقَالُوا۟","Translation":"And they say","Transliteration":"waqālū"},{"Position":2,"AudioFileName":"038_016_002.mp3","TajweedImageFilePath":"38/16/2.png","Text":"رَبَّنَا","Translation":"Our Lord","Transliteration":"rabbanā"},{"Position":3,"AudioFileName":"038_016_003.mp3","TajweedImageFilePath":"38/16/3.png","Text":"عَجِّل","Translation":"Hasten","Transliteration":"ʿajjil"},{"Position":4,"AudioFileName":"038_016_004.mp3","TajweedImageFilePath":"38/16/4.png","Text":"لَّنَا","Translation":"for us","Transliteration":"lanā"},{"Position":5,"AudioFileName":"038_016_005.mp3","TajweedImageFilePath":"38/16/5.png","Text":"قِطَّنَا","Translation":"our share","Transliteration":"qiṭṭanā"},{"Position":6,"AudioFileName":"038_016_006.mp3","TajweedImageFilePath":"38/16/6.png","Text":"قَبْلَ","Translation":"before","Transliteration":"qabla"},{"Position":7,"AudioFileName":"038_016_007.mp3","TajweedImageFilePath":"38/16/7.png","Text":"يَوْمِ","Translation":"(the) Day","Transliteration":"yawmi"},{"Position":8,"AudioFileName":"038_016_008.mp3","TajweedImageFilePath":"38/16/8.png","Text":"ٱلْحِسَابِ","Translation":"(of) the Account","Transliteration":"l-ḥisābi"},{"Position":9,"AudioFileName":null,"TajweedImageFilePath":"16.png","Text":"١٦","Translation":"(16)","Transliteration":null}],"PageNumber":453,"JuzNumber":23,"ManzilNumber":6,"RukuNumber":392,"MaqraNumber":181,"HizbNumber":46,"HizbDecimal":0.0,"HasSajda":false},{"SurahNumber":38,"SurahIndex":"038","VerseNumber":17,"ShowSurahName":false,"ShowBismillah":false,"Words":[{"Position":1,"AudioFileName":"038_017_001.mp3","TajweedImageFilePath":"38/17/1.png","Text":"ٱصْبِرْ","Translation":"Be patient","Transliteration":"iṣ'bir"},{"Position":2,"AudioFileName":"038_017_002.mp3","TajweedImageFilePath":"38/17/2.png","Text":"عَلَىٰ","Translation":"over","Transliteration":"ʿalā"},{"Position":3,"AudioFileName":"038_017_003.mp3","TajweedImageFilePath":"38/17/3.png","Text":"مَا","Translation":"what","Transliteration":"mā"},{"Position":4,"AudioFileName":"038_017_004.mp3","TajweedImageFilePath":"38/17/4.png","Text":"يَقُولُونَ","Translation":"they say","Transliteration":"yaqūlūna"},{"Position":5,"AudioFileName":"038_017_005.mp3","TajweedImageFilePath":"38/17/5.png","Text":"وَٱذْكُرْ","Translation":"and remember","Transliteration":"wa-udh'kur"},{"Position":6,"AudioFileName":"038_017_006.mp3","TajweedImageFilePath":"38/17/6.png","Text":"عَبْدَنَا","Translation":"Our slave","Transliteration":"ʿabdanā"},{"Position":7,"AudioFileName":"038_017_007.mp3","TajweedImageFilePath":"38/17/7.png","Text":"دَاوُۥدَ","Translation":"Dawood","Transliteration":"dāwūda"},{"Position":8,"AudioFileName":"038_017_008.mp3","TajweedImageFilePath":"38/17/8.png","Text":"ذَا","Translation":"the possessor of strength","Transliteration":"dhā"},{"Position":9,"AudioFileName":"038_017_009.mp3","TajweedImageFilePath":"38/17/9.png","Text":"ٱلْأَيْدِ ۖ","Translation":"the possessor of strength","Transliteration":"l-aydi"},{"Position":10,"AudioFileName":"038_017_010.mp3","TajweedImageFilePath":"38/17/10.png","Text":"إِنَّهُۥٓ","Translation":"Indeed, he (was)","Transliteration":"innahu"},{"Position":11,"AudioFileName":"038_017_011.mp3","TajweedImageFilePath":"38/17/11.png","Text":"أَوَّابٌ","Translation":"repeatedly turning","Transliteration":"awwābun"},{"Position":12,"AudioFileName":null,"TajweedImageFilePath":"17.png","Text":"١٧","Translation":"(17)","Transliteration":null}],"PageNumber":454,"JuzNumber":23,"ManzilNumber":6,"RukuNumber":392,"MaqraNumber":181,"HizbNumber":46,"HizbDecimal":0.0,"HasSajda":false},{"SurahNumber":38,"SurahIndex":"038","VerseNumber":18,"ShowSurahName":false,"ShowBismillah":false,"Words":[{"Position":1,"AudioFileName":"038_018_001.mp3","TajweedImageFilePath":"38/18/1.png","Text":"إِنَّا","Translation":"Indeed, We","Transliteration":"innā"},{"Position":2,"AudioFileName":"038_018_002.mp3","TajweedImageFilePath":"38/18/2.png","Text":"سَخَّرْنَا","Translation":"subjected","Transliteration":"sakharnā"},{"Position":3,"AudioFileName":"038_018_003.mp3","TajweedImageFilePath":"38/18/3.png","Text":"ٱلْجِبَالَ","Translation":"the mountains","Transliteration":"l-jibāla"},{"Position":4,"AudioFileName":"038_018_004.mp3","TajweedImageFilePath":"38/18/4.png","Text":"مَعَهُۥ","Translation":"with him","Transliteration":"maʿahu"},{"Position":5,"AudioFileName":"038_018_005.mp3","TajweedImageFilePath":"38/18/5.png","Text":"يُسَبِّحْنَ","Translation":"glorifying","Transliteration":"yusabbiḥ'na"},{"Position":6,"AudioFileName":"038_018_006.mp3","TajweedImageFilePath":"38/18/6.png","Text":"بِٱلْعَشِىِّ","Translation":"in the evening","Transliteration":"bil-ʿashiyi"},{"Position":7,"AudioFileName":"038_018_007.mp3","TajweedImageFilePath":"38/18/7.png","Text":"وَٱلْإِشْرَاقِ","Translation":"and [the] sunrise","Transliteration":"wal-ish'rāqi"},{"Position":8,"AudioFileName":null,"TajweedImageFilePath":"18.png","Text":"١٨","Translation":"(18)","Transliteration":null}],"PageNumber":454,"JuzNumber":23,"ManzilNumber":6,"RukuNumber":392,"MaqraNumber":181,"HizbNumber":46,"HizbDecimal":0.0,"HasSajda":false},{"SurahNumber":38,"SurahIndex":"038","VerseNumber":19,"ShowSurahName":false,"ShowBismillah":false,"Words":[{"Position":1,"AudioFileName":"038_019_001.mp3","TajweedImageFilePath":"38/19/1.png","Text":"وَٱلطَّيْرَ","Translation":"And the birds","Transliteration":"wal-ṭayra"},{"Position":2,"AudioFileName":"038_019_002.mp3","TajweedImageFilePath":"38/19/2.png","Text":"مَحْشُورَةًۭ ۖ","Translation":"assembled","Transliteration":"maḥshūratan"},{"Position":3,"AudioFileName":"038_019_003.mp3","TajweedImageFilePath":"38/19/3.png","Text":"كُلٌّۭ","Translation":"all","Transliteration":"kullun"},{"Position":4,"AudioFileName":"038_019_004.mp3","TajweedImageFilePath":"38/19/4.png","Text":"لَّهُۥٓ","Translation":"with him","Transliteration":"lahu"},{"Position":5,"AudioFileName":"038_019_005.mp3","TajweedImageFilePath":"38/19/5.png","Text":"أَوَّابٌۭ","Translation":"repeatedly turning","Transliteration":"awwābun"},{"Position":6,"AudioFileName":null,"TajweedImageFilePath":"19.png","Text":"١٩","Translation":"(19)","Transliteration":null}],"PageNumber":454,"JuzNumber":23,"ManzilNumber":6,"RukuNumber":392,"MaqraNumber":181,"HizbNumber":46,"HizbDecimal":0.0,"HasSajda":false},{"SurahNumber":38,"SurahIndex":"038","VerseNumber":20,"ShowSurahName":false,"ShowBismillah":false,"Words":[{"Position":1,"AudioFileName":"038_020_001.mp3","TajweedImageFilePath":"38/20/1.png","Text":"وَشَدَدْنَا","Translation":"And We strengthened","Transliteration":"washadadnā"},{"Position":2,"AudioFileName":"038_020_002.mp3","TajweedImageFilePath":"38/20/2.png","Text":"مُلْكَهُۥ","Translation":"his kingdom","Transliteration":"mul'kahu"},{"Position":3,"AudioFileName":"038_020_003.mp3","TajweedImageFilePath":"38/20/3.png","Text":"وَءَاتَيْنَـٰهُ","Translation":"and We gave him","Transliteration":"waātaynāhu"},{"Position":4,"AudioFileName":"038_020_004.mp3","TajweedImageFilePath":"38/20/4.png","Text":"ٱلْحِكْمَةَ","Translation":"[the] wisdom","Transliteration":"l-ḥik'mata"},{"Position":5,"AudioFileName":"038_020_005.mp3","TajweedImageFilePath":"38/20/5.png","Text":"وَفَصْلَ","Translation":"and decisive","Transliteration":"wafaṣla"},{"Position":6,"AudioFileName":"038_020_006.mp3","TajweedImageFilePath":"38/20/6.png","Text":"ٱلْخِطَابِ","Translation":"speech","Transliteration":"l-khiṭābi"},{"Position":7,"AudioFileName":null,"TajweedImageFilePath":"20.png","Text":"٢٠","Translation":"(20)","Transliteration":null}],"PageNumber":454,"JuzNumber":23,"ManzilNumber":6,"RukuNumber":392,"MaqraNumber":181,"HizbNumber":46,"HizbDecimal":0.0,"HasSajda":false}]}