{"MaqraNumber":239,"Verses":[{"SurahNumber":94,"SurahIndex":"094","VerseNumber":1,"ShowSurahName":true,"ShowBismillah":true,"Words":[{"Position":1,"AudioFileName":"094_001_001.mp3","TajweedImageFilePath":"94/1/1.png","Text":"أَلَمْ","Translation":"Have not","Transliteration":"alam","Root":"ل م"},{"Position":2,"AudioFileName":"094_001_002.mp3","TajweedImageFilePath":"94/1/2.png","Text":"نَشْرَحْ","Translation":"We expanded","Transliteration":"nashraḥ","Root":"ش ر ح"},{"Position":3,"AudioFileName":"094_001_003.mp3","TajweedImageFilePath":"94/1/3.png","Text":"لَكَ","Translation":"for you","Transliteration":"laka","Root":"ل"},{"Position":4,"AudioFileName":"094_001_004.mp3","TajweedImageFilePath":"94/1/4.png","Text":"صَدْرَكَ","Translation":"your breast","Transliteration":"ṣadraka","Root":"ص د ر"},{"Position":5,"AudioFileName":null,"TajweedImageFilePath":"1.png","Text":"١","Translation":"(1)","Transliteration":null,"Root":null}],"PageNumber":596,"JuzNumber":30,"ManzilNumber":7,"RukuNumber":536,"MaqraNumber":239,"HizbNumber":60,"HizbDecimal":0.5,"HasSajda":false},{"SurahNumber":94,"SurahIndex":"094","VerseNumber":2,"ShowSurahName":false,"ShowBismillah":false,"Words":[{"Position":1,"AudioFileName":"094_002_001.mp3","TajweedImageFilePath":"94/2/1.png","Text":"وَوَضَعْنَا","Translation":"And We removed","Transliteration":"wawaḍaʿnā","Root":"و ض ع"},{"Position":2,"AudioFileName":"094_002_002.mp3","TajweedImageFilePath":"94/2/2.png","Text":"عَنكَ","Translation":"from you","Transliteration":"ʿanka","Root":"ع ن"},{"Position":3,"AudioFileName":"094_002_003.mp3","TajweedImageFilePath":"94/2/3.png","Text":"وِزْرَكَ","Translation":"your burden","Transliteration":"wiz'raka","Root":"و ز ر"},{"Position":4,"AudioFileName":null,"TajweedImageFilePath":"2.png","Text":"٢","Translation":"(2)","Transliteration":null,"Root":null}],"PageNumber":596,"JuzNumber":30,"ManzilNumber":7,"RukuNumber":536,"MaqraNumber":239,"HizbNumber":60,"HizbDecimal":0.5,"HasSajda":false},{"SurahNumber":94,"SurahIndex":"094","VerseNumber":3,"ShowSurahName":false,"ShowBismillah":false,"Words":[{"Position":1,"AudioFileName":"094_003_001.mp3","TajweedImageFilePath":"94/3/1.png","Text":"ٱلَّذِىٓ","Translation":"Which","Transliteration":"alladhī","Root":"ٱلَّذِى"},{"Position":2,"AudioFileName":"094_003_002.mp3","TajweedImageFilePath":"94/3/2.png","Text":"أَنقَضَ","Translation":"weighed upon","Transliteration":"anqaḍa","Root":"ن ق ض"},{"Position":3,"AudioFileName":"094_003_003.mp3","TajweedImageFilePath":"94/3/3.png","Text":"ظَهْرَكَ","Translation":"your back","Transliteration":"ẓahraka","Root":"ظ ه ر"},{"Position":4,"AudioFileName":null,"TajweedImageFilePath":"3.png","Text":"٣","Translation":"(3)","Transliteration":null,"Root":null}],"PageNumber":596,"JuzNumber":30,"ManzilNumber":7,"RukuNumber":536,"MaqraNumber":239,"HizbNumber":60,"HizbDecimal":0.5,"HasSajda":false},{"SurahNumber":94,"SurahIndex":"094","VerseNumber":4,"ShowSurahName":false,"ShowBismillah":false,"Words":[{"Position":1,"AudioFileName":"094_004_001.mp3","TajweedImageFilePath":"94/4/1.png","Text":"وَرَفَعْنَا","Translation":"And We raised high","Transliteration":"warafaʿnā","Root":"ر ف ع"},{"Position":2,"AudioFileName":"094_004_002.mp3","TajweedImageFilePath":"94/4/2.png","Text":"لَكَ","Translation":"for you","Transliteration":"laka","Root":"ل"},{"Position":3,"AudioFileName":"094_004_003.mp3","TajweedImageFilePath":"94/4/3.png","Text":"ذِكْرَكَ","Translation":"your reputation","Transliteration":"dhik'raka","Root":"ذ ك ر"},{"Position":4,"AudioFileName":null,"TajweedImageFilePath":"4.png","Text":"٤","Translation":"(4)","Transliteration":null,"Root":null}],"PageNumber":596,"JuzNumber":30,"ManzilNumber":7,"RukuNumber":536,"MaqraNumber":239,"HizbNumber":60,"HizbDecimal":0.5,"HasSajda":false},{"SurahNumber":94,"SurahIndex":"094","VerseNumber":5,"ShowSurahName":false,"ShowBismillah":false,"Words":[{"Position":1,"AudioFileName":"094_005_001.mp3","TajweedImageFilePath":"94/5/1.png","Text":"فَإِنَّ","Translation":"So indeed","Transliteration":"fa-inna","Root":"ا ن ن"},{"Position":2,"AudioFileName":"094_005_002.mp3","TajweedImageFilePath":"94/5/2.png","Text":"مَعَ","Translation":"with","Transliteration":"maʿa","Root":"م ع"},{"Position":3,"AudioFileName":"094_005_003.mp3","TajweedImageFilePath":"94/5/3.png","Text":"ٱلْعُسْرِ","Translation":"the hardship","Transliteration":"l-ʿus'ri","Root":"ع س ر"},{"Position":4,"AudioFileName":"094_005_004.mp3","TajweedImageFilePath":"94/5/4.png","Text":"يُسْرًا","Translation":"(is) ease","Transliteration":"yus'ran","Root":"ي س ر"},{"Position":5,"AudioFileName":null,"TajweedImageFilePath":"5.png","Text":"٥","Translation":"(5)","Transliteration":null,"Root":null}],"PageNumber":596,"JuzNumber":30,"ManzilNumber":7,"RukuNumber":536,"MaqraNumber":239,"HizbNumber":60,"HizbDecimal":0.5,"HasSajda":false},{"SurahNumber":94,"SurahIndex":"094","VerseNumber":6,"ShowSurahName":false,"ShowBismillah":false,"Words":[{"Position":1,"AudioFileName":"094_006_001.mp3","TajweedImageFilePath":"94/6/1.png","Text":"إِنَّ","Translation":"Indeed","Transliteration":"inna","Root":"ا ن ن"},{"Position":2,"AudioFileName":"094_006_002.mp3","TajweedImageFilePath":"94/6/2.png","Text":"مَعَ","Translation":"with","Transliteration":"maʿa","Root":"م ع"},{"Position":3,"AudioFileName":"094_006_003.mp3","TajweedImageFilePath":"94/6/3.png","Text":"ٱلْعُسْرِ","Translation":"the hardship","Transliteration":"l-ʿus'ri","Root":"ع س ر"},{"Position":4,"AudioFileName":"094_006_004.mp3","TajweedImageFilePath":"94/6/4.png","Text":"يُسْرًۭا","Translation":"(is) ease","Transliteration":"yus'ran","Root":"ي س ر"},{"Position":5,"AudioFileName":null,"TajweedImageFilePath":"6.png","Text":"٦","Translation":"(6)","Transliteration":null,"Root":null}],"PageNumber":596,"JuzNumber":30,"ManzilNumber":7,"RukuNumber":536,"MaqraNumber":239,"HizbNumber":60,"HizbDecimal":0.5,"HasSajda":false},{"SurahNumber":94,"SurahIndex":"094","VerseNumber":7,"ShowSurahName":false,"ShowBismillah":false,"Words":[{"Position":1,"AudioFileName":"094_007_001.mp3","TajweedImageFilePath":"94/7/1.png","Text":"فَإِذَا","Translation":"So when","Transliteration":"fa-idhā","Root":"إِذَا"},{"Position":2,"AudioFileName":"094_007_002.mp3","TajweedImageFilePath":"94/7/2.png","Text":"فَرَغْتَ","Translation":"you have finished","Transliteration":"faraghta","Root":"ف ر غ"},{"Position":3,"AudioFileName":"094_007_003.mp3","TajweedImageFilePath":"94/7/3.png","Text":"فَٱنصَبْ","Translation":"then labor hard","Transliteration":"fa-inṣab","Root":"ن ص ب"},{"Position":4,"AudioFileName":null,"TajweedImageFilePath":"7.png","Text":"٧","Translation":"(7)","Transliteration":null,"Root":null}],"PageNumber":596,"JuzNumber":30,"ManzilNumber":7,"RukuNumber":536,"MaqraNumber":239,"HizbNumber":60,"HizbDecimal":0.5,"HasSajda":false},{"SurahNumber":94,"SurahIndex":"094","VerseNumber":8,"ShowSurahName":false,"ShowBismillah":false,"Words":[{"Position":1,"AudioFileName":"094_008_001.mp3","TajweedImageFilePath":"94/8/1.png","Text":"وَإِلَىٰ","Translation":"And to","Transliteration":"wa-ilā","Root":"إِلَىٰ"},{"Position":2,"AudioFileName":"094_008_002.mp3","TajweedImageFilePath":"94/8/2.png","Text":"رَبِّكَ","Translation":"your Lord","Transliteration":"rabbika","Root":"ر ب ب"},{"Position":3,"AudioFileName":"094_008_003.mp3","TajweedImageFilePath":"94/8/3.png","Text":"فَٱرْغَب","Translation":"turn your attention","Transliteration":"fa-ir'ghab","Root":"ر غ ب"},{"Position":4,"AudioFileName":null,"TajweedImageFilePath":"8.png","Text":"٨","Translation":"(8)","Transliteration":null,"Root":null}],"PageNumber":596,"JuzNumber":30,"ManzilNumber":7,"RukuNumber":536,"MaqraNumber":239,"HizbNumber":60,"HizbDecimal":0.5,"HasSajda":false},{"SurahNumber":95,"SurahIndex":"095","VerseNumber":1,"ShowSurahName":true,"ShowBismillah":true,"Words":[{"Position":1,"AudioFileName":"095_001_001.mp3","TajweedImageFilePath":"95/1/1.png","Text":"وَٱلتِّينِ","Translation":"By the fig","Transliteration":"wal-tīni","Root":"ت ي ن"},{"Position":2,"AudioFileName":"095_001_002.mp3","TajweedImageFilePath":"95/1/2.png","Text":"وَٱلزَّيْتُونِ","Translation":"and the olive","Transliteration":"wal-zaytūni","Root":"ز ي ت"},{"Position":3,"AudioFileName":null,"TajweedImageFilePath":"1.png","Text":"١","Translation":"(1)","Transliteration":null,"Root":null}],"PageNumber":597,"JuzNumber":30,"ManzilNumber":7,"RukuNumber":537,"MaqraNumber":239,"HizbNumber":60,"HizbDecimal":0.5,"HasSajda":false},{"SurahNumber":95,"SurahIndex":"095","VerseNumber":2,"ShowSurahName":false,"ShowBismillah":false,"Words":[{"Position":1,"AudioFileName":"095_002_001.mp3","TajweedImageFilePath":"95/2/1.png","Text":"وَطُورِ","Translation":"And (the) Mount","Transliteration":"waṭūri","Root":"ط و ر"},{"Position":2,"AudioFileName":"095_002_002.mp3","TajweedImageFilePath":"95/2/2.png","Text":"سِينِينَ","Translation":"Sinai","Transliteration":"sīnīna","Root":"س ى ن"},{"Position":3,"AudioFileName":null,"TajweedImageFilePath":"2.png","Text":"٢","Translation":"(2)","Transliteration":null,"Root":null}],"PageNumber":597,"JuzNumber":30,"ManzilNumber":7,"RukuNumber":537,"MaqraNumber":239,"HizbNumber":60,"HizbDecimal":0.5,"HasSajda":false},{"SurahNumber":95,"SurahIndex":"095","VerseNumber":3,"ShowSurahName":false,"ShowBismillah":false,"Words":[{"Position":1,"AudioFileName":"095_003_001.mp3","TajweedImageFilePath":"95/3/1.png","Text":"وَهَـٰذَا","Translation":"And this","Transliteration":"wahādhā","Root":"ه ا ذ"},{"Position":2,"AudioFileName":"095_003_002.mp3","TajweedImageFilePath":"95/3/2.png","Text":"ٱلْبَلَدِ","Translation":"[the] city","Transliteration":"l-baladi","Root":"ب ل د"},{"Position":3,"AudioFileName":"095_003_003.mp3","TajweedImageFilePath":"95/3/3.png","Text":"ٱلْأَمِينِ","Translation":"[the] secure","Transliteration":"l-amīni","Root":"أ م ن"},{"Position":4,"AudioFileName":null,"TajweedImageFilePath":"3.png","Text":"٣","Translation":"(3)","Transliteration":null,"Root":null}],"PageNumber":597,"JuzNumber":30,"ManzilNumber":7,"RukuNumber":537,"MaqraNumber":239,"HizbNumber":60,"HizbDecimal":0.5,"HasSajda":false},{"SurahNumber":95,"SurahIndex":"095","VerseNumber":4,"ShowSurahName":false,"ShowBismillah":false,"Words":[{"Position":1,"AudioFileName":"095_004_001.mp3","TajweedImageFilePath":"95/4/1.png","Text":"لَقَدْ","Translation":"Indeed","Transliteration":"laqad","Root":"ق د"},{"Position":2,"AudioFileName":"095_004_002.mp3","TajweedImageFilePath":"95/4/2.png","Text":"خَلَقْنَا","Translation":"We created","Transliteration":"khalaqnā","Root":"خ ل ق"},{"Position":3,"AudioFileName":"095_004_003.mp3","TajweedImageFilePath":"95/4/3.png","Text":"ٱلْإِنسَـٰنَ","Translation":"man","Transliteration":"l-insāna","Root":"أ ن س"},{"Position":4,"AudioFileName":"095_004_004.mp3","TajweedImageFilePath":"95/4/4.png","Text":"فِىٓ","Translation":"in","Transliteration":"fī","Root":"ف ى"},{"Position":5,"AudioFileName":"095_004_005.mp3","TajweedImageFilePath":"95/4/5.png","Text":"أَحْسَنِ","Translation":"(the) best","Transliteration":"aḥsani","Root":"ح س ن"},{"Position":6,"AudioFileName":"095_004_006.mp3","TajweedImageFilePath":"95/4/6.png","Text":"تَقْوِيمٍۢ","Translation":"mould","Transliteration":"taqwīmin","Root":"ق و م"},{"Position":7,"AudioFileName":null,"TajweedImageFilePath":"4.png","Text":"٤","Translation":"(4)","Transliteration":null,"Root":null}],"PageNumber":597,"JuzNumber":30,"ManzilNumber":7,"RukuNumber":537,"MaqraNumber":239,"HizbNumber":60,"HizbDecimal":0.5,"HasSajda":false},{"SurahNumber":95,"SurahIndex":"095","VerseNumber":5,"ShowSurahName":false,"ShowBismillah":false,"Words":[{"Position":1,"AudioFileName":"095_005_001.mp3","TajweedImageFilePath":"95/5/1.png","Text":"ثُمَّ","Translation":"Then","Transliteration":"thumma","Root":"ث م م"},{"Position":2,"AudioFileName":"095_005_002.mp3","TajweedImageFilePath":"95/5/2.png","Text":"رَدَدْنَـٰهُ","Translation":"We returned him","Transliteration":"radadnāhu","Root":"ر د د"},{"Position":3,"AudioFileName":"095_005_003.mp3","TajweedImageFilePath":"95/5/3.png","Text":"أَسْفَلَ","Translation":"(to the) lowest","Transliteration":"asfala","Root":"س ف ل"},{"Position":4,"AudioFileName":"095_005_004.mp3","TajweedImageFilePath":"95/5/4.png","Text":"سَـٰفِلِينَ","Translation":"(of the) low","Transliteration":"sāfilīna","Root":"س ف ل"},{"Position":5,"AudioFileName":null,"TajweedImageFilePath":"5.png","Text":"٥","Translation":"(5)","Transliteration":null,"Root":null}],"PageNumber":597,"JuzNumber":30,"ManzilNumber":7,"RukuNumber":537,"MaqraNumber":239,"HizbNumber":60,"HizbDecimal":0.5,"HasSajda":false},{"SurahNumber":95,"SurahIndex":"095","VerseNumber":6,"ShowSurahName":false,"ShowBismillah":false,"Words":[{"Position":1,"AudioFileName":"095_006_001.mp3","TajweedImageFilePath":"95/6/1.png","Text":"إِلَّا","Translation":"Except","Transliteration":"illā","Root":"إِلَّا"},{"Position":2,"AudioFileName":"095_006_002.mp3","TajweedImageFilePath":"95/6/2.png","Text":"ٱلَّذِينَ","Translation":"those who","Transliteration":"alladhīna","Root":"ٱلَّذِى"},{"Position":3,"AudioFileName":"095_006_003.mp3","TajweedImageFilePath":"95/6/3.png","Text":"ءَامَنُوا۟","Translation":"believe","Transliteration":"āmanū","Root":"أ م ن"},{"Position":4,"AudioFileName":"095_006_004.mp3","TajweedImageFilePath":"95/6/4.png","Text":"وَعَمِلُوا۟","Translation":"and do","Transliteration":"waʿamilū","Root":"ع م ل"},{"Position":5,"AudioFileName":"095_006_005.mp3","TajweedImageFilePath":"95/6/5.png","Text":"ٱلصَّـٰلِحَـٰتِ","Translation":"righteous deeds","Transliteration":"l-ṣāliḥāti","Root":"ص ل ح"},{"Position":6,"AudioFileName":"095_006_006.mp3","TajweedImageFilePath":"95/6/6.png","Text":"فَلَهُمْ","Translation":"then for them","Transliteration":"falahum","Root":"ل"},{"Position":7,"AudioFileName":"095_006_007.mp3","TajweedImageFilePath":"95/6/7.png","Text":"أَجْرٌ","Translation":"(is a) reward","Transliteration":"ajrun","Root":"أ ج ر"},{"Position":8,"AudioFileName":"095_006_008.mp3","TajweedImageFilePath":"95/6/8.png","Text":"غَيْرُ","Translation":"never","Transliteration":"ghayru","Root":"غ ي ر"},{"Position":9,"AudioFileName":"095_006_009.mp3","TajweedImageFilePath":"95/6/9.png","Text":"مَمْنُونٍۢ","Translation":"ending","Transliteration":"mamnūnin","Root":"م ن ن"},{"Position":10,"AudioFileName":null,"TajweedImageFilePath":"6.png","Text":"٦","Translation":"(6)","Transliteration":null,"Root":null}],"PageNumber":597,"JuzNumber":30,"ManzilNumber":7,"RukuNumber":537,"MaqraNumber":239,"HizbNumber":60,"HizbDecimal":0.5,"HasSajda":false},{"SurahNumber":95,"SurahIndex":"095","VerseNumber":7,"ShowSurahName":false,"ShowBismillah":false,"Words":[{"Position":1,"AudioFileName":"095_007_001.mp3","TajweedImageFilePath":"95/7/1.png","Text":"فَمَا","Translation":"Then what","Transliteration":"famā","Root":"م ا"},{"Position":2,"AudioFileName":"095_007_002.mp3","TajweedImageFilePath":"95/7/2.png","Text":"يُكَذِّبُكَ","Translation":"causes you to deny","Transliteration":"yukadhibuka","Root":"ك ذ ب"},{"Position":3,"AudioFileName":"095_007_003.mp3","TajweedImageFilePath":"95/7/3.png","Text":"بَعْدُ","Translation":"after (this)","Transliteration":"baʿdu","Root":"ب ع د"},{"Position":4,"AudioFileName":"095_007_004.mp3","TajweedImageFilePath":"95/7/4.png","Text":"بِٱلدِّينِ","Translation":"the judgment","Transliteration":"bil-dīni","Root":"د ي ن"},{"Position":5,"AudioFileName":null,"TajweedImageFilePath":"7.png","Text":"٧","Translation":"(7)","Transliteration":null,"Root":null}],"PageNumber":597,"JuzNumber":30,"ManzilNumber":7,"RukuNumber":537,"MaqraNumber":239,"HizbNumber":60,"HizbDecimal":0.5,"HasSajda":false},{"SurahNumber":95,"SurahIndex":"095","VerseNumber":8,"ShowSurahName":false,"ShowBismillah":false,"Words":[{"Position":1,"AudioFileName":"095_008_001.mp3","TajweedImageFilePath":"95/8/1.png","Text":"أَلَيْسَ","Translation":"Is not","Transliteration":"alaysa","Root":"ل ي س"},{"Position":2,"AudioFileName":"095_008_002.mp3","TajweedImageFilePath":"95/8/2.png","Text":"ٱللَّهُ","Translation":"Allah","Transliteration":"l-lahu","Root":"أ ل ه"},{"Position":3,"AudioFileName":"095_008_003.mp3","TajweedImageFilePath":"95/8/3.png","Text":"بِأَحْكَمِ","Translation":"(the) Most Just","Transliteration":"bi-aḥkami","Root":"ح ك م"},{"Position":4,"AudioFileName":"095_008_004.mp3","TajweedImageFilePath":"95/8/4.png","Text":"ٱلْحَـٰكِمِينَ","Translation":"(of) the Judges","Transliteration":"l-ḥākimīna","Root":"ح ك م"},{"Position":5,"AudioFileName":null,"TajweedImageFilePath":"8.png","Text":"٨","Translation":"(8)","Transliteration":null,"Root":null}],"PageNumber":597,"JuzNumber":30,"ManzilNumber":7,"RukuNumber":537,"MaqraNumber":239,"HizbNumber":60,"HizbDecimal":0.5,"HasSajda":false},{"SurahNumber":96,"SurahIndex":"096","VerseNumber":1,"ShowSurahName":true,"ShowBismillah":true,"Words":[{"Position":1,"AudioFileName":"096_001_001.mp3","TajweedImageFilePath":"96/1/1.png","Text":"ٱقْرَأْ","Translation":"Read","Transliteration":"iq'ra","Root":"ق ر أ"},{"Position":2,"AudioFileName":"096_001_002.mp3","TajweedImageFilePath":"96/1/2.png","Text":"بِٱسْمِ","Translation":"in (the) name","Transliteration":"bi-is'mi","Root":"س م و"},{"Position":3,"AudioFileName":"096_001_003.mp3","TajweedImageFilePath":"96/1/3.png","Text":"رَبِّكَ","Translation":"(of) your Lord","Transliteration":"rabbika","Root":"ر ب ب"},{"Position":4,"AudioFileName":"096_001_004.mp3","TajweedImageFilePath":"96/1/4.png","Text":"ٱلَّذِى","Translation":"the One Who","Transliteration":"alladhī","Root":"ٱلَّذِى"},{"Position":5,"AudioFileName":"096_001_005.mp3","TajweedImageFilePath":"96/1/5.png","Text":"خَلَقَ","Translation":"created ","Transliteration":"khalaqa","Root":"خ ل ق"},{"Position":6,"AudioFileName":null,"TajweedImageFilePath":"1.png","Text":"١","Translation":"(1)","Transliteration":null,"Root":null}],"PageNumber":597,"JuzNumber":30,"ManzilNumber":7,"RukuNumber":538,"MaqraNumber":239,"HizbNumber":60,"HizbDecimal":0.5,"HasSajda":false},{"SurahNumber":96,"SurahIndex":"096","VerseNumber":2,"ShowSurahName":false,"ShowBismillah":false,"Words":[{"Position":1,"AudioFileName":"096_002_001.mp3","TajweedImageFilePath":"96/2/1.png","Text":"خَلَقَ","Translation":"He created","Transliteration":"khalaqa","Root":"خ ل ق"},{"Position":2,"AudioFileName":"096_002_002.mp3","TajweedImageFilePath":"96/2/2.png","Text":"ٱلْإِنسَـٰنَ","Translation":"man","Transliteration":"l-insāna","Root":"أ ن س"},{"Position":3,"AudioFileName":"096_002_003.mp3","TajweedImageFilePath":"96/2/3.png","Text":"مِنْ","Translation":"from","Transliteration":"min","Root":"م ن"},{"Position":4,"AudioFileName":"096_002_004.mp3","TajweedImageFilePath":"96/2/4.png","Text":"عَلَقٍ","Translation":"a clinging substance","Transliteration":"ʿalaqin","Root":"ع ل ق"},{"Position":5,"AudioFileName":null,"TajweedImageFilePath":"2.png","Text":"٢","Translation":"(2)","Transliteration":null,"Root":null}],"PageNumber":597,"JuzNumber":30,"ManzilNumber":7,"RukuNumber":538,"MaqraNumber":239,"HizbNumber":60,"HizbDecimal":0.5,"HasSajda":false},{"SurahNumber":96,"SurahIndex":"096","VerseNumber":3,"ShowSurahName":false,"ShowBismillah":false,"Words":[{"Position":1,"AudioFileName":"096_003_001.mp3","TajweedImageFilePath":"96/3/1.png","Text":"ٱقْرَأْ","Translation":"Read","Transliteration":"iq'ra","Root":"ق ر أ"},{"Position":2,"AudioFileName":"096_003_002.mp3","TajweedImageFilePath":"96/3/2.png","Text":"وَرَبُّكَ","Translation":"and your Lord","Transliteration":"warabbuka","Root":"ر ب ب"},{"Position":3,"AudioFileName":"096_003_003.mp3","TajweedImageFilePath":"96/3/3.png","Text":"ٱلْأَكْرَمُ","Translation":"(is) the Most Generous","Transliteration":"l-akramu","Root":"ك ر م"},{"Position":4,"AudioFileName":null,"TajweedImageFilePath":"3.png","Text":"٣","Translation":"(3)","Transliteration":null,"Root":null}],"PageNumber":597,"JuzNumber":30,"ManzilNumber":7,"RukuNumber":538,"MaqraNumber":239,"HizbNumber":60,"HizbDecimal":0.5,"HasSajda":false},{"SurahNumber":96,"SurahIndex":"096","VerseNumber":4,"ShowSurahName":false,"ShowBismillah":false,"Words":[{"Position":1,"AudioFileName":"096_004_001.mp3","TajweedImageFilePath":"96/4/1.png","Text":"ٱلَّذِى","Translation":"The One Who","Transliteration":"alladhī","Root":"ٱلَّذِى"},{"Position":2,"AudioFileName":"096_004_002.mp3","TajweedImageFilePath":"96/4/2.png","Text":"عَلَّمَ","Translation":"taught","Transliteration":"ʿallama","Root":"ع ل م"},{"Position":3,"AudioFileName":"096_004_003.mp3","TajweedImageFilePath":"96/4/3.png","Text":"بِٱلْقَلَمِ","Translation":"by the pen","Transliteration":"bil-qalami","Root":"ق ل م"},{"Position":4,"AudioFileName":null,"TajweedImageFilePath":"4.png","Text":"٤","Translation":"(4)","Transliteration":null,"Root":null}],"PageNumber":597,"JuzNumber":30,"ManzilNumber":7,"RukuNumber":538,"MaqraNumber":239,"HizbNumber":60,"HizbDecimal":0.5,"HasSajda":false},{"SurahNumber":96,"SurahIndex":"096","VerseNumber":5,"ShowSurahName":false,"ShowBismillah":false,"Words":[{"Position":1,"AudioFileName":"096_005_001.mp3","TajweedImageFilePath":"96/5/1.png","Text":"عَلَّمَ","Translation":"Taught","Transliteration":"ʿallama","Root":"ع ل م"},{"Position":2,"AudioFileName":"096_005_002.mp3","TajweedImageFilePath":"96/5/2.png","Text":"ٱلْإِنسَـٰنَ","Translation":"man","Transliteration":"l-insāna","Root":"أ ن س"},{"Position":3,"AudioFileName":"096_005_003.mp3","TajweedImageFilePath":"96/5/3.png","Text":"مَا","Translation":"what","Transliteration":"mā","Root":"م ا"},{"Position":4,"AudioFileName":"096_005_004.mp3","TajweedImageFilePath":"96/5/4.png","Text":"لَمْ","Translation":"not","Transliteration":"lam","Root":"ل م"},{"Position":5,"AudioFileName":"096_005_005.mp3","TajweedImageFilePath":"96/5/5.png","Text":"يَعْلَمْ","Translation":"he knew","Transliteration":"yaʿlam","Root":"ع ل م"},{"Position":6,"AudioFileName":null,"TajweedImageFilePath":"5.png","Text":"٥","Translation":"(5)","Transliteration":null,"Root":null}],"PageNumber":597,"JuzNumber":30,"ManzilNumber":7,"RukuNumber":538,"MaqraNumber":239,"HizbNumber":60,"HizbDecimal":0.5,"HasSajda":false},{"SurahNumber":96,"SurahIndex":"096","VerseNumber":6,"ShowSurahName":false,"ShowBismillah":false,"Words":[{"Position":1,"AudioFileName":"096_006_001.mp3","TajweedImageFilePath":"96/6/1.png","Text":"كَلَّآ","Translation":"Nay","Transliteration":"kallā","Root":"ك ل ل"},{"Position":2,"AudioFileName":"096_006_002.mp3","TajweedImageFilePath":"96/6/2.png","Text":"إِنَّ","Translation":"Indeed","Transliteration":"inna","Root":"ا ن ن"},{"Position":3,"AudioFileName":"096_006_003.mp3","TajweedImageFilePath":"96/6/3.png","Text":"ٱلْإِنسَـٰنَ","Translation":"man","Transliteration":"l-insāna","Root":"أ ن س"},{"Position":4,"AudioFileName":"096_006_004.mp3","TajweedImageFilePath":"96/6/4.png","Text":"لَيَطْغَىٰٓ","Translation":"surely transgresses","Transliteration":"layaṭghā","Root":"ط غ ي"},{"Position":5,"AudioFileName":null,"TajweedImageFilePath":"6.png","Text":"٦","Translation":"(6)","Transliteration":null,"Root":null}],"PageNumber":597,"JuzNumber":30,"ManzilNumber":7,"RukuNumber":538,"MaqraNumber":239,"HizbNumber":60,"HizbDecimal":0.5,"HasSajda":false},{"SurahNumber":96,"SurahIndex":"096","VerseNumber":7,"ShowSurahName":false,"ShowBismillah":false,"Words":[{"Position":1,"AudioFileName":"096_007_001.mp3","TajweedImageFilePath":"96/7/1.png","Text":"أَن","Translation":"That","Transliteration":"an","Root":"ا ن"},{"Position":2,"AudioFileName":"096_007_002.mp3","TajweedImageFilePath":"96/7/2.png","Text":"رَّءَاهُ","Translation":"he sees himself","Transliteration":"raāhu","Root":"ر أ ي"},{"Position":3,"AudioFileName":"096_007_003.mp3","TajweedImageFilePath":"96/7/3.png","Text":"ٱسْتَغْنَىٰٓ","Translation":"self-sufficient","Transliteration":"is'taghnā","Root":"غ ن ي"},{"Position":4,"AudioFileName":null,"TajweedImageFilePath":"7.png","Text":"٧","Translation":"(7)","Transliteration":null,"Root":null}],"PageNumber":597,"JuzNumber":30,"ManzilNumber":7,"RukuNumber":538,"MaqraNumber":239,"HizbNumber":60,"HizbDecimal":0.5,"HasSajda":false},{"SurahNumber":96,"SurahIndex":"096","VerseNumber":8,"ShowSurahName":false,"ShowBismillah":false,"Words":[{"Position":1,"AudioFileName":"096_008_001.mp3","TajweedImageFilePath":"96/8/1.png","Text":"إِنَّ","Translation":"Indeed","Transliteration":"inna","Root":"ا ن ن"},{"Position":2,"AudioFileName":"096_008_002.mp3","TajweedImageFilePath":"96/8/2.png","Text":"إِلَىٰ","Translation":"to","Transliteration":"ilā","Root":"إِلَىٰ"},{"Position":3,"AudioFileName":"096_008_003.mp3","TajweedImageFilePath":"96/8/3.png","Text":"رَبِّكَ","Translation":"your Lord","Transliteration":"rabbika","Root":"ر ب ب"},{"Position":4,"AudioFileName":"096_008_004.mp3","TajweedImageFilePath":"96/8/4.png","Text":"ٱلرُّجْعَىٰٓ","Translation":"(is) the return","Transliteration":"l-ruj'ʿā","Root":"ر ج ع"},{"Position":5,"AudioFileName":null,"TajweedImageFilePath":"8.png","Text":"٨","Translation":"(8)","Transliteration":null,"Root":null}],"PageNumber":597,"JuzNumber":30,"ManzilNumber":7,"RukuNumber":538,"MaqraNumber":239,"HizbNumber":60,"HizbDecimal":0.5,"HasSajda":false},{"SurahNumber":96,"SurahIndex":"096","VerseNumber":9,"ShowSurahName":false,"ShowBismillah":false,"Words":[{"Position":1,"AudioFileName":"096_009_001.mp3","TajweedImageFilePath":"96/9/1.png","Text":"أَرَءَيْتَ","Translation":"Have you seen","Transliteration":"ara-ayta","Root":"ر أ ي"},{"Position":2,"AudioFileName":"096_009_002.mp3","TajweedImageFilePath":"96/9/2.png","Text":"ٱلَّذِى","Translation":"the one who","Transliteration":"alladhī","Root":"ٱلَّذِى"},{"Position":3,"AudioFileName":"096_009_003.mp3","TajweedImageFilePath":"96/9/3.png","Text":"يَنْهَىٰ","Translation":"forbids","Transliteration":"yanhā","Root":"ن ه ي"},{"Position":4,"AudioFileName":null,"TajweedImageFilePath":"9.png","Text":"٩","Translation":"(9)","Transliteration":null,"Root":null}],"PageNumber":597,"JuzNumber":30,"ManzilNumber":7,"RukuNumber":538,"MaqraNumber":239,"HizbNumber":60,"HizbDecimal":0.5,"HasSajda":false},{"SurahNumber":96,"SurahIndex":"096","VerseNumber":10,"ShowSurahName":false,"ShowBismillah":false,"Words":[{"Position":1,"AudioFileName":"096_010_001.mp3","TajweedImageFilePath":"96/10/1.png","Text":"عَبْدًا","Translation":"A slave","Transliteration":"ʿabdan","Root":"ع ب د"},{"Position":2,"AudioFileName":"096_010_002.mp3","TajweedImageFilePath":"96/10/2.png","Text":"إِذَا","Translation":"when","Transliteration":"idhā","Root":"إِذَا"},{"Position":3,"AudioFileName":"096_010_003.mp3","TajweedImageFilePath":"96/10/3.png","Text":"صَلَّىٰٓ","Translation":"he prays","Transliteration":"ṣallā","Root":"ص ل و"},{"Position":4,"AudioFileName":null,"TajweedImageFilePath":"10.png","Text":"١٠","Translation":"(10)","Transliteration":null,"Root":null}],"PageNumber":597,"JuzNumber":30,"ManzilNumber":7,"RukuNumber":538,"MaqraNumber":239,"HizbNumber":60,"HizbDecimal":0.5,"HasSajda":false},{"SurahNumber":96,"SurahIndex":"096","VerseNumber":11,"ShowSurahName":false,"ShowBismillah":false,"Words":[{"Position":1,"AudioFileName":"096_011_001.mp3","TajweedImageFilePath":"96/11/1.png","Text":"أَرَءَيْتَ","Translation":"Have you seen","Transliteration":"ara-ayta","Root":"ر أ ي"},{"Position":2,"AudioFileName":"096_011_002.mp3","TajweedImageFilePath":"96/11/2.png","Text":"إِن","Translation":"if","Transliteration":"in","Root":"ا ن"},{"Position":3,"AudioFileName":"096_011_003.mp3","TajweedImageFilePath":"96/11/3.png","Text":"كَانَ","Translation":"he is","Transliteration":"kāna","Root":"ك و ن"},{"Position":4,"AudioFileName":"096_011_004.mp3","TajweedImageFilePath":"96/11/4.png","Text":"عَلَى","Translation":"upon","Transliteration":"ʿalā","Root":"ع ل ى"},{"Position":5,"AudioFileName":"096_011_005.mp3","TajweedImageFilePath":"96/11/5.png","Text":"ٱلْهُدَىٰٓ","Translation":"[the] guidance","Transliteration":"l-hudā","Root":"ه د ي"},{"Position":6,"AudioFileName":null,"TajweedImageFilePath":"11.png","Text":"١١","Translation":"(11)","Transliteration":null,"Root":null}],"PageNumber":597,"JuzNumber":30,"ManzilNumber":7,"RukuNumber":538,"MaqraNumber":239,"HizbNumber":60,"HizbDecimal":0.5,"HasSajda":false},{"SurahNumber":96,"SurahIndex":"096","VerseNumber":12,"ShowSurahName":false,"ShowBismillah":false,"Words":[{"Position":1,"AudioFileName":"096_012_001.mp3","TajweedImageFilePath":"96/12/1.png","Text":"أَوْ","Translation":"Or","Transliteration":"aw","Root":"ا و"},{"Position":2,"AudioFileName":"096_012_002.mp3","TajweedImageFilePath":"96/12/2.png","Text":"أَمَرَ","Translation":"he enjoins","Transliteration":"amara","Root":"أ م ر"},{"Position":3,"AudioFileName":"096_012_003.mp3","TajweedImageFilePath":"96/12/3.png","Text":"بِٱلتَّقْوَىٰٓ","Translation":"[of the] righteousness","Transliteration":"bil-taqwā","Root":"و ق ي"},{"Position":4,"AudioFileName":null,"TajweedImageFilePath":"12.png","Text":"١٢","Translation":"(12)","Transliteration":null,"Root":null}],"PageNumber":597,"JuzNumber":30,"ManzilNumber":7,"RukuNumber":538,"MaqraNumber":239,"HizbNumber":60,"HizbDecimal":0.5,"HasSajda":false},{"SurahNumber":96,"SurahIndex":"096","VerseNumber":13,"ShowSurahName":false,"ShowBismillah":false,"Words":[{"Position":1,"AudioFileName":"096_013_001.mp3","TajweedImageFilePath":"96/13/1.png","Text":"أَرَءَيْتَ","Translation":"Have you seen","Transliteration":"ara-ayta","Root":"ر أ ي"},{"Position":2,"AudioFileName":"096_013_002.mp3","TajweedImageFilePath":"96/13/2.png","Text":"إِن","Translation":"if","Transliteration":"in","Root":"ا ن"},{"Position":3,"AudioFileName":"096_013_003.mp3","TajweedImageFilePath":"96/13/3.png","Text":"كَذَّبَ","Translation":"he denies","Transliteration":"kadhaba","Root":"ك ذ ب"},{"Position":4,"AudioFileName":"096_013_004.mp3","TajweedImageFilePath":"96/13/4.png","Text":"وَتَوَلَّىٰٓ","Translation":"and turns away","Transliteration":"watawallā","Root":"و ل ي"},{"Position":5,"AudioFileName":null,"TajweedImageFilePath":"13.png","Text":"١٣","Translation":"(13)","Transliteration":null,"Root":null}],"PageNumber":597,"JuzNumber":30,"ManzilNumber":7,"RukuNumber":538,"MaqraNumber":239,"HizbNumber":60,"HizbDecimal":0.5,"HasSajda":false},{"SurahNumber":96,"SurahIndex":"096","VerseNumber":14,"ShowSurahName":false,"ShowBismillah":false,"Words":[{"Position":1,"AudioFileName":"096_014_001.mp3","TajweedImageFilePath":"96/14/1.png","Text":"أَلَمْ","Translation":"Does not","Transliteration":"alam","Root":"ل م"},{"Position":2,"AudioFileName":"096_014_002.mp3","TajweedImageFilePath":"96/14/2.png","Text":"يَعْلَم","Translation":"he know","Transliteration":"yaʿlam","Root":"ع ل م"},{"Position":3,"AudioFileName":"096_014_003.mp3","TajweedImageFilePath":"96/14/3.png","Text":"بِأَنَّ","Translation":"that","Transliteration":"bi-anna","Root":"ا ن ن"},{"Position":4,"AudioFileName":"096_014_004.mp3","TajweedImageFilePath":"96/14/4.png","Text":"ٱللَّهَ","Translation":"Allah","Transliteration":"l-laha","Root":"أ ل ه"},{"Position":5,"AudioFileName":"096_014_005.mp3","TajweedImageFilePath":"96/14/5.png","Text":"يَرَىٰ","Translation":"sees","Transliteration":"yarā","Root":"ر أ ي"},{"Position":6,"AudioFileName":null,"TajweedImageFilePath":"14.png","Text":"١٤","Translation":"(14)","Transliteration":null,"Root":null}],"PageNumber":597,"JuzNumber":30,"ManzilNumber":7,"RukuNumber":538,"MaqraNumber":239,"HizbNumber":60,"HizbDecimal":0.5,"HasSajda":false},{"SurahNumber":96,"SurahIndex":"096","VerseNumber":15,"ShowSurahName":false,"ShowBismillah":false,"Words":[{"Position":1,"AudioFileName":"096_015_001.mp3","TajweedImageFilePath":"96/15/1.png","Text":"كَلَّا","Translation":"Nay","Transliteration":"kallā","Root":"ك ل ل"},{"Position":2,"AudioFileName":"096_015_002.mp3","TajweedImageFilePath":"96/15/2.png","Text":"لَئِن","Translation":"If","Transliteration":"la-in","Root":"ل ا ن"},{"Position":3,"AudioFileName":"096_015_003.mp3","TajweedImageFilePath":"96/15/3.png","Text":"لَّمْ","Translation":"not","Transliteration":"lam","Root":"ل م"},{"Position":4,"AudioFileName":"096_015_004.mp3","TajweedImageFilePath":"96/15/4.png","Text":"يَنتَهِ","Translation":"he desists","Transliteration":"yantahi","Root":"ن ه ي"},{"Position":5,"AudioFileName":"096_015_005.mp3","TajweedImageFilePath":"96/15/5.png","Text":"لَنَسْفَعًۢا","Translation":"surely We will drag him","Transliteration":"lanasfaʿan","Root":"س ف ع"},{"Position":6,"AudioFileName":"096_015_006.mp3","TajweedImageFilePath":"96/15/6.png","Text":"بِٱلنَّاصِيَةِ","Translation":"by the forelock","Transliteration":"bil-nāṣiyati","Root":"ن ص ي"},{"Position":7,"AudioFileName":null,"TajweedImageFilePath":"15.png","Text":"١٥","Translation":"(15)","Transliteration":null,"Root":null}],"PageNumber":597,"JuzNumber":30,"ManzilNumber":7,"RukuNumber":538,"MaqraNumber":239,"HizbNumber":60,"HizbDecimal":0.5,"HasSajda":false},{"SurahNumber":96,"SurahIndex":"096","VerseNumber":16,"ShowSurahName":false,"ShowBismillah":false,"Words":[{"Position":1,"AudioFileName":"096_016_001.mp3","TajweedImageFilePath":"96/16/1.png","Text":"نَاصِيَةٍۢ","Translation":"A forelock","Transliteration":"nāṣiyatin","Root":"ن ص ي"},{"Position":2,"AudioFileName":"096_016_002.mp3","TajweedImageFilePath":"96/16/2.png","Text":"كَـٰذِبَةٍ","Translation":"lying","Transliteration":"kādhibatin","Root":"ك ذ ب"},{"Position":3,"AudioFileName":"096_016_003.mp3","TajweedImageFilePath":"96/16/3.png","Text":"خَاطِئَةٍۢ","Translation":"sinful","Transliteration":"khāṭi-atin","Root":"خ ط أ"},{"Position":4,"AudioFileName":null,"TajweedImageFilePath":"16.png","Text":"١٦","Translation":"(16)","Transliteration":null,"Root":null}],"PageNumber":597,"JuzNumber":30,"ManzilNumber":7,"RukuNumber":538,"MaqraNumber":239,"HizbNumber":60,"HizbDecimal":0.5,"HasSajda":false},{"SurahNumber":96,"SurahIndex":"096","VerseNumber":17,"ShowSurahName":false,"ShowBismillah":false,"Words":[{"Position":1,"AudioFileName":"096_017_001.mp3","TajweedImageFilePath":"96/17/1.png","Text":"فَلْيَدْعُ","Translation":"Then let him call","Transliteration":"falyadʿu","Root":"د ع و"},{"Position":2,"AudioFileName":"096_017_002.mp3","TajweedImageFilePath":"96/17/2.png","Text":"نَادِيَهُۥ","Translation":"his associates","Transliteration":"nādiyahu","Root":"ن د و"},{"Position":3,"AudioFileName":null,"TajweedImageFilePath":"17.png","Text":"١٧","Translation":"(17)","Transliteration":null,"Root":null}],"PageNumber":597,"JuzNumber":30,"ManzilNumber":7,"RukuNumber":538,"MaqraNumber":239,"HizbNumber":60,"HizbDecimal":0.5,"HasSajda":false},{"SurahNumber":96,"SurahIndex":"096","VerseNumber":18,"ShowSurahName":false,"ShowBismillah":false,"Words":[{"Position":1,"AudioFileName":"096_018_001.mp3","TajweedImageFilePath":"96/18/1.png","Text":"سَنَدْعُ","Translation":"We will call","Transliteration":"sanadʿu","Root":"د ع و"},{"Position":2,"AudioFileName":"096_018_002.mp3","TajweedImageFilePath":"96/18/2.png","Text":"ٱلزَّبَانِيَةَ","Translation":"the Angels of Hell","Transliteration":"l-zabāniyata","Root":"ز ب ن"},{"Position":3,"AudioFileName":null,"TajweedImageFilePath":"18.png","Text":"١٨","Translation":"(18)","Transliteration":null,"Root":null}],"PageNumber":597,"JuzNumber":30,"ManzilNumber":7,"RukuNumber":538,"MaqraNumber":239,"HizbNumber":60,"HizbDecimal":0.5,"HasSajda":false},{"SurahNumber":96,"SurahIndex":"096","VerseNumber":19,"ShowSurahName":false,"ShowBismillah":false,"Words":[{"Position":1,"AudioFileName":"096_019_001.mp3","TajweedImageFilePath":"96/19/1.png","Text":"كَلَّا","Translation":"Nay","Transliteration":"kallā","Root":"ك ل ل"},{"Position":2,"AudioFileName":"096_019_002.mp3","TajweedImageFilePath":"96/19/2.png","Text":"لَا","Translation":"(Do) not","Transliteration":"lā","Root":"ل ا"},{"Position":3,"AudioFileName":"096_019_003.mp3","TajweedImageFilePath":"96/19/3.png","Text":"تُطِعْهُ","Translation":"obey him","Transliteration":"tuṭiʿ'hu","Root":"ط و ع"},{"Position":4,"AudioFileName":"096_019_004.mp3","TajweedImageFilePath":"96/19/4.png","Text":"وَٱسْجُدْ","Translation":"But prostrate","Transliteration":"wa-us'jud","Root":"س ج د"},{"Position":5,"AudioFileName":"096_019_005.mp3","TajweedImageFilePath":"96/19/5.png","Text":"وَٱقْتَرِب ۩","Translation":"and draw near (to Allah)","Transliteration":"wa-iq'tarib","Root":"ق ر ب"},{"Position":6,"AudioFileName":null,"TajweedImageFilePath":"19.png","Text":"١٩","Translation":"(19)","Transliteration":"","Root":null}],"PageNumber":597,"JuzNumber":30,"ManzilNumber":7,"RukuNumber":538,"MaqraNumber":239,"HizbNumber":60,"HizbDecimal":0.5,"HasSajda":true},{"SurahNumber":97,"SurahIndex":"097","VerseNumber":1,"ShowSurahName":true,"ShowBismillah":true,"Words":[{"Position":1,"AudioFileName":"097_001_001.mp3","TajweedImageFilePath":"97/1/1.png","Text":"إِنَّآ","Translation":"Indeed, We","Transliteration":"innā","Root":"ا ن ن"},{"Position":2,"AudioFileName":"097_001_002.mp3","TajweedImageFilePath":"97/1/2.png","Text":"أَنزَلْنَـٰهُ","Translation":"revealed it","Transliteration":"anzalnāhu","Root":"ن ز ل"},{"Position":3,"AudioFileName":"097_001_003.mp3","TajweedImageFilePath":"97/1/3.png","Text":"فِى","Translation":"in","Transliteration":"fī","Root":"ف ى"},{"Position":4,"AudioFileName":"097_001_004.mp3","TajweedImageFilePath":"97/1/4.png","Text":"لَيْلَةِ","Translation":"(the) Night","Transliteration":"laylati","Root":"ل ي ل"},{"Position":5,"AudioFileName":"097_001_005.mp3","TajweedImageFilePath":"97/1/5.png","Text":"ٱلْقَدْرِ","Translation":"(of) Power","Transliteration":"l-qadri","Root":"ق د ر"},{"Position":6,"AudioFileName":null,"TajweedImageFilePath":"1.png","Text":"١","Translation":"(1)","Transliteration":null,"Root":null}],"PageNumber":598,"JuzNumber":30,"ManzilNumber":7,"RukuNumber":539,"MaqraNumber":239,"HizbNumber":60,"HizbDecimal":0.5,"HasSajda":false},{"SurahNumber":97,"SurahIndex":"097","VerseNumber":2,"ShowSurahName":false,"ShowBismillah":false,"Words":[{"Position":1,"AudioFileName":"097_002_001.mp3","TajweedImageFilePath":"97/2/1.png","Text":"وَمَآ","Translation":"And what","Transliteration":"wamā","Root":"م ا"},{"Position":2,"AudioFileName":"097_002_002.mp3","TajweedImageFilePath":"97/2/2.png","Text":"أَدْرَىٰكَ","Translation":"can make you know","Transliteration":"adrāka","Root":"د ر ي"},{"Position":3,"AudioFileName":"097_002_003.mp3","TajweedImageFilePath":"97/2/3.png","Text":"مَا","Translation":"what","Transliteration":"mā","Root":"م ا"},{"Position":4,"AudioFileName":"097_002_004.mp3","TajweedImageFilePath":"97/2/4.png","Text":"لَيْلَةُ","Translation":"(the) Night","Transliteration":"laylatu","Root":"ل ي ل"},{"Position":5,"AudioFileName":"097_002_005.mp3","TajweedImageFilePath":"97/2/5.png","Text":"ٱلْقَدْرِ","Translation":"(of) Power (is)","Transliteration":"l-qadri","Root":"ق د ر"},{"Position":6,"AudioFileName":null,"TajweedImageFilePath":"2.png","Text":"٢","Translation":"(2)","Transliteration":null,"Root":null}],"PageNumber":598,"JuzNumber":30,"ManzilNumber":7,"RukuNumber":539,"MaqraNumber":239,"HizbNumber":60,"HizbDecimal":0.5,"HasSajda":false},{"SurahNumber":97,"SurahIndex":"097","VerseNumber":3,"ShowSurahName":false,"ShowBismillah":false,"Words":[{"Position":1,"AudioFileName":"097_003_001.mp3","TajweedImageFilePath":"97/3/1.png","Text":"لَيْلَةُ","Translation":"(The) Night","Transliteration":"laylatu","Root":"ل ي ل"},{"Position":2,"AudioFileName":"097_003_002.mp3","TajweedImageFilePath":"97/3/2.png","Text":"ٱلْقَدْرِ","Translation":"(of) Power","Transliteration":"l-qadri","Root":"ق د ر"},{"Position":3,"AudioFileName":"097_003_003.mp3","TajweedImageFilePath":"97/3/3.png","Text":"خَيْرٌۭ","Translation":"(is) better","Transliteration":"khayrun","Root":"خ ي ر"},{"Position":4,"AudioFileName":"097_003_004.mp3","TajweedImageFilePath":"97/3/4.png","Text":"مِّنْ","Translation":"than","Transliteration":"min","Root":"م ن"},{"Position":5,"AudioFileName":"097_003_005.mp3","TajweedImageFilePath":"97/3/5.png","Text":"أَلْفِ","Translation":"a thousand","Transliteration":"alfi","Root":"أ ل ف"},{"Position":6,"AudioFileName":"097_003_006.mp3","TajweedImageFilePath":"97/3/6.png","Text":"شَهْرٍۢ","Translation":"month(s)","Transliteration":"shahrin","Root":"ش ه ر"},{"Position":7,"AudioFileName":null,"TajweedImageFilePath":"3.png","Text":"٣","Translation":"(3)","Transliteration":null,"Root":null}],"PageNumber":598,"JuzNumber":30,"ManzilNumber":7,"RukuNumber":539,"MaqraNumber":239,"HizbNumber":60,"HizbDecimal":0.5,"HasSajda":false},{"SurahNumber":97,"SurahIndex":"097","VerseNumber":4,"ShowSurahName":false,"ShowBismillah":false,"Words":[{"Position":1,"AudioFileName":"097_004_001.mp3","TajweedImageFilePath":"97/4/1.png","Text":"تَنَزَّلُ","Translation":"Descend","Transliteration":"tanazzalu","Root":"ن ز ل"},{"Position":2,"AudioFileName":"097_004_002.mp3","TajweedImageFilePath":"97/4/2.png","Text":"ٱلْمَلَـٰٓئِكَةُ","Translation":"the Angels","Transliteration":"l-malāikatu","Root":"م ل ك"},{"Position":3,"AudioFileName":"097_004_003.mp3","TajweedImageFilePath":"97/4/3.png","Text":"وَٱلرُّوحُ","Translation":"and the Spirit","Transliteration":"wal-rūḥu","Root":"ر و ح"},{"Position":4,"AudioFileName":"097_004_004.mp3","TajweedImageFilePath":"97/4/4.png","Text":"فِيهَا","Translation":"therein","Transliteration":"fīhā","Root":"ف ى"},{"Position":5,"AudioFileName":"097_004_005.mp3","TajweedImageFilePath":"97/4/5.png","Text":"بِإِذْنِ","Translation":"by (the) permission","Transliteration":"bi-idh'ni","Root":"أ ذ ن"},{"Position":6,"AudioFileName":"097_004_006.mp3","TajweedImageFilePath":"97/4/6.png","Text":"رَبِّهِم","Translation":"(of) their Lord","Transliteration":"rabbihim","Root":"ر ب ب"},{"Position":7,"AudioFileName":"097_004_007.mp3","TajweedImageFilePath":"97/4/7.png","Text":"مِّن","Translation":"for","Transliteration":"min","Root":"م ن"},{"Position":8,"AudioFileName":"097_004_008.mp3","TajweedImageFilePath":"97/4/8.png","Text":"كُلِّ","Translation":"every","Transliteration":"kulli","Root":"ك ل ل"},{"Position":9,"AudioFileName":"097_004_009.mp3","TajweedImageFilePath":"97/4/9.png","Text":"أَمْرٍۢ","Translation":"affair","Transliteration":"amrin","Root":"أ م ر"},{"Position":10,"AudioFileName":null,"TajweedImageFilePath":"4.png","Text":"٤","Translation":"(4)","Transliteration":null,"Root":null}],"PageNumber":598,"JuzNumber":30,"ManzilNumber":7,"RukuNumber":539,"MaqraNumber":239,"HizbNumber":60,"HizbDecimal":0.5,"HasSajda":false},{"SurahNumber":97,"SurahIndex":"097","VerseNumber":5,"ShowSurahName":false,"ShowBismillah":false,"Words":[{"Position":1,"AudioFileName":"097_005_001.mp3","TajweedImageFilePath":"97/5/1.png","Text":"سَلَـٰمٌ","Translation":"Peace","Transliteration":"salāmun","Root":"س ل م"},{"Position":2,"AudioFileName":"097_005_002.mp3","TajweedImageFilePath":"97/5/2.png","Text":"هِىَ","Translation":"it (is)","Transliteration":"hiya","Root":"ه ى"},{"Position":3,"AudioFileName":"097_005_003.mp3","TajweedImageFilePath":"97/5/3.png","Text":"حَتَّىٰ","Translation":"until","Transliteration":"ḥattā","Root":"ح ت ت ى"},{"Position":4,"AudioFileName":"097_005_004.mp3","TajweedImageFilePath":"97/5/4.png","Text":"مَطْلَعِ","Translation":"(the) emergence","Transliteration":"maṭlaʿi","Root":"ط ل ع"},{"Position":5,"AudioFileName":"097_005_005.mp3","TajweedImageFilePath":"97/5/5.png","Text":"ٱلْفَجْرِ","Translation":"(of) the dawn","Transliteration":"l-fajri","Root":"ف ج ر"},{"Position":6,"AudioFileName":null,"TajweedImageFilePath":"5.png","Text":"٥","Translation":"(5)","Transliteration":null,"Root":null}],"PageNumber":598,"JuzNumber":30,"ManzilNumber":7,"RukuNumber":539,"MaqraNumber":239,"HizbNumber":60,"HizbDecimal":0.5,"HasSajda":false},{"SurahNumber":98,"SurahIndex":"098","VerseNumber":1,"ShowSurahName":true,"ShowBismillah":true,"Words":[{"Position":1,"AudioFileName":"098_001_001.mp3","TajweedImageFilePath":"98/1/1.png","Text":"لَمْ","Translation":"Not","Transliteration":"lam","Root":"ل م"},{"Position":2,"AudioFileName":"098_001_002.mp3","TajweedImageFilePath":"98/1/2.png","Text":"يَكُنِ","Translation":"were","Transliteration":"yakuni","Root":"ك و ن"},{"Position":3,"AudioFileName":"098_001_003.mp3","TajweedImageFilePath":"98/1/3.png","Text":"ٱلَّذِينَ","Translation":"those who","Transliteration":"alladhīna","Root":"ٱلَّذِى"},{"Position":4,"AudioFileName":"098_001_004.mp3","TajweedImageFilePath":"98/1/4.png","Text":"كَفَرُوا۟","Translation":"disbelieved","Transliteration":"kafarū","Root":"ك ف ر"},{"Position":5,"AudioFileName":"098_001_005.mp3","TajweedImageFilePath":"98/1/5.png","Text":"مِنْ","Translation":"from","Transliteration":"min","Root":"م ن"},{"Position":6,"AudioFileName":"098_001_006.mp3","TajweedImageFilePath":"98/1/6.png","Text":"أَهْلِ","Translation":"(the) People","Transliteration":"ahli","Root":"أ ه ل"},{"Position":7,"AudioFileName":"098_001_007.mp3","TajweedImageFilePath":"98/1/7.png","Text":"ٱلْكِتَـٰبِ","Translation":"of the Book","Transliteration":"l-kitābi","Root":"ك ت ب"},{"Position":8,"AudioFileName":"098_001_008.mp3","TajweedImageFilePath":"98/1/8.png","Text":"وَٱلْمُشْرِكِينَ","Translation":"and the polytheists","Transliteration":"wal-mush'rikīna","Root":"ش ر ك"},{"Position":9,"AudioFileName":"098_001_009.mp3","TajweedImageFilePath":"98/1/9.png","Text":"مُنفَكِّينَ","Translation":"to be abandoned","Transliteration":"munfakkīna","Root":"ف ك ك"},{"Position":10,"AudioFileName":"098_001_010.mp3","TajweedImageFilePath":"98/1/10.png","Text":"حَتَّىٰ","Translation":"until","Transliteration":"ḥattā","Root":"ح ت ت ى"},{"Position":11,"AudioFileName":"098_001_011.mp3","TajweedImageFilePath":"98/1/11.png","Text":"تَأْتِيَهُمُ","Translation":"(there) comes to them","Transliteration":"tatiyahumu","Root":"أ ت ي"},{"Position":12,"AudioFileName":"098_001_012.mp3","TajweedImageFilePath":"98/1/12.png","Text":"ٱلْبَيِّنَةُ","Translation":"the clear evidence","Transliteration":"l-bayinatu","Root":"ب ي ن"},{"Position":13,"AudioFileName":null,"TajweedImageFilePath":"1.png","Text":"١","Translation":"(1)","Transliteration":null,"Root":null}],"PageNumber":598,"JuzNumber":30,"ManzilNumber":7,"RukuNumber":540,"MaqraNumber":239,"HizbNumber":60,"HizbDecimal":0.5,"HasSajda":false},{"SurahNumber":98,"SurahIndex":"098","VerseNumber":2,"ShowSurahName":false,"ShowBismillah":false,"Words":[{"Position":1,"AudioFileName":"098_002_001.mp3","TajweedImageFilePath":"98/2/1.png","Text":"رَسُولٌۭ","Translation":"A Messenger","Transliteration":"rasūlun","Root":"ر س ل"},{"Position":2,"AudioFileName":"098_002_002.mp3","TajweedImageFilePath":"98/2/2.png","Text":"مِّنَ","Translation":"from","Transliteration":"mina","Root":"م ن"},{"Position":3,"AudioFileName":"098_002_003.mp3","TajweedImageFilePath":"98/2/3.png","Text":"ٱللَّهِ","Translation":"Allah","Transliteration":"l-lahi","Root":"أ ل ه"},{"Position":4,"AudioFileName":"098_002_004.mp3","TajweedImageFilePath":"98/2/4.png","Text":"يَتْلُوا۟","Translation":"reciting","Transliteration":"yatlū","Root":"ت ل و"},{"Position":5,"AudioFileName":"098_002_005.mp3","TajweedImageFilePath":"98/2/5.png","Text":"صُحُفًۭا","Translation":"pages","Transliteration":"ṣuḥufan","Root":"ص ح ف"},{"Position":6,"AudioFileName":"098_002_006.mp3","TajweedImageFilePath":"98/2/6.png","Text":"مُّطَهَّرَةًۭ","Translation":"purified","Transliteration":"muṭahharatan","Root":"ط ه ر"},{"Position":7,"AudioFileName":null,"TajweedImageFilePath":"2.png","Text":"٢","Translation":"(2)","Transliteration":null,"Root":null}],"PageNumber":598,"JuzNumber":30,"ManzilNumber":7,"RukuNumber":540,"MaqraNumber":239,"HizbNumber":60,"HizbDecimal":0.5,"HasSajda":false},{"SurahNumber":98,"SurahIndex":"098","VerseNumber":3,"ShowSurahName":false,"ShowBismillah":false,"Words":[{"Position":1,"AudioFileName":"098_003_001.mp3","TajweedImageFilePath":"98/3/1.png","Text":"فِيهَا","Translation":"Wherein","Transliteration":"fīhā","Root":"ف ى"},{"Position":2,"AudioFileName":"098_003_002.mp3","TajweedImageFilePath":"98/3/2.png","Text":"كُتُبٌۭ","Translation":"(are) writings","Transliteration":"kutubun","Root":"ك ت ب"},{"Position":3,"AudioFileName":"098_003_003.mp3","TajweedImageFilePath":"98/3/3.png","Text":"قَيِّمَةٌۭ","Translation":"correct","Transliteration":"qayyimatun","Root":"ق و م"},{"Position":4,"AudioFileName":null,"TajweedImageFilePath":"3.png","Text":"٣","Translation":"(3)","Transliteration":null,"Root":null}],"PageNumber":598,"JuzNumber":30,"ManzilNumber":7,"RukuNumber":540,"MaqraNumber":239,"HizbNumber":60,"HizbDecimal":0.5,"HasSajda":false},{"SurahNumber":98,"SurahIndex":"098","VerseNumber":4,"ShowSurahName":false,"ShowBismillah":false,"Words":[{"Position":1,"AudioFileName":"098_004_001.mp3","TajweedImageFilePath":"98/4/1.png","Text":"وَمَا","Translation":"And not","Transliteration":"wamā","Root":"م ا"},{"Position":2,"AudioFileName":"098_004_002.mp3","TajweedImageFilePath":"98/4/2.png","Text":"تَفَرَّقَ","Translation":"became divided","Transliteration":"tafarraqa","Root":"ف ر ق"},{"Position":3,"AudioFileName":"098_004_003.mp3","TajweedImageFilePath":"98/4/3.png","Text":"ٱلَّذِينَ","Translation":"those who","Transliteration":"alladhīna","Root":"ٱلَّذِى"},{"Position":4,"AudioFileName":"098_004_004.mp3","TajweedImageFilePath":"98/4/4.png","Text":"أُوتُوا۟","Translation":"were given","Transliteration":"ūtū","Root":"أ ت ي"},{"Position":5,"AudioFileName":"098_004_005.mp3","TajweedImageFilePath":"98/4/5.png","Text":"ٱلْكِتَـٰبَ","Translation":"the Book","Transliteration":"l-kitāba","Root":"ك ت ب"},{"Position":6,"AudioFileName":"098_004_006.mp3","TajweedImageFilePath":"98/4/6.png","Text":"إِلَّا","Translation":"until","Transliteration":"illā","Root":"إِلَّا"},{"Position":7,"AudioFileName":"098_004_007.mp3","TajweedImageFilePath":"98/4/7.png","Text":"مِنۢ","Translation":"from","Transliteration":"min","Root":"م ن"},{"Position":8,"AudioFileName":"098_004_008.mp3","TajweedImageFilePath":"98/4/8.png","Text":"بَعْدِ","Translation":"after","Transliteration":"baʿdi","Root":"ب ع د"},{"Position":9,"AudioFileName":"098_004_009.mp3","TajweedImageFilePath":"98/4/9.png","Text":"مَا","Translation":"what","Transliteration":"mā","Root":"م ا"},{"Position":10,"AudioFileName":"098_004_010.mp3","TajweedImageFilePath":"98/4/10.png","Text":"جَآءَتْهُمُ","Translation":"came (to) them","Transliteration":"jāathumu","Root":"ج ي أ"},{"Position":11,"AudioFileName":"098_004_011.mp3","TajweedImageFilePath":"98/4/11.png","Text":"ٱلْبَيِّنَةُ","Translation":"(of) the clear evidence","Transliteration":"l-bayinatu","Root":"ب ي ن"},{"Position":12,"AudioFileName":null,"TajweedImageFilePath":"4.png","Text":"٤","Translation":"(4)","Transliteration":null,"Root":null}],"PageNumber":598,"JuzNumber":30,"ManzilNumber":7,"RukuNumber":540,"MaqraNumber":239,"HizbNumber":60,"HizbDecimal":0.5,"HasSajda":false},{"SurahNumber":98,"SurahIndex":"098","VerseNumber":5,"ShowSurahName":false,"ShowBismillah":false,"Words":[{"Position":1,"AudioFileName":"098_005_001.mp3","TajweedImageFilePath":"98/5/1.png","Text":"وَمَآ","Translation":"And not","Transliteration":"wamā","Root":"م ا"},{"Position":2,"AudioFileName":"098_005_002.mp3","TajweedImageFilePath":"98/5/2.png","Text":"أُمِرُوٓا۟","Translation":"they were commanded","Transliteration":"umirū","Root":"أ م ر"},{"Position":3,"AudioFileName":"098_005_003.mp3","TajweedImageFilePath":"98/5/3.png","Text":"إِلَّا","Translation":"except","Transliteration":"illā","Root":"إِلَّا"},{"Position":4,"AudioFileName":"098_005_004.mp3","TajweedImageFilePath":"98/5/4.png","Text":"لِيَعْبُدُوا۟","Translation":"to worship","Transliteration":"liyaʿbudū","Root":"ع ب د"},{"Position":5,"AudioFileName":"098_005_005.mp3","TajweedImageFilePath":"98/5/5.png","Text":"ٱللَّهَ","Translation":"Allah","Transliteration":"l-laha","Root":"أ ل ه"},{"Position":6,"AudioFileName":"098_005_006.mp3","TajweedImageFilePath":"98/5/6.png","Text":"مُخْلِصِينَ","Translation":"(being) sincere","Transliteration":"mukh'liṣīna","Root":"خ ل ص"},{"Position":7,"AudioFileName":"098_005_007.mp3","TajweedImageFilePath":"98/5/7.png","Text":"لَهُ","Translation":"to Him","Transliteration":"lahu","Root":"ل"},{"Position":8,"AudioFileName":"098_005_008.mp3","TajweedImageFilePath":"98/5/8.png","Text":"ٱلدِّينَ","Translation":"(in) the religion","Transliteration":"l-dīna","Root":"د ي ن"},{"Position":9,"AudioFileName":"098_005_009.mp3","TajweedImageFilePath":"98/5/9.png","Text":"حُنَفَآءَ","Translation":"upright","Transliteration":"ḥunafāa","Root":"ح ن ف"},{"Position":10,"AudioFileName":"098_005_010.mp3","TajweedImageFilePath":"98/5/10.png","Text":"وَيُقِيمُوا۟","Translation":"and to establish","Transliteration":"wayuqīmū","Root":"ق و م"},{"Position":11,"AudioFileName":"098_005_011.mp3","TajweedImageFilePath":"98/5/11.png","Text":"ٱلصَّلَوٰةَ","Translation":"the prayer","Transliteration":"l-ṣalata","Root":"ص ل و"},{"Position":12,"AudioFileName":"098_005_012.mp3","TajweedImageFilePath":"98/5/12.png","Text":"وَيُؤْتُوا۟","Translation":"and to give","Transliteration":"wayu'tū","Root":"أ ت ي"},{"Position":13,"AudioFileName":"098_005_013.mp3","TajweedImageFilePath":"98/5/13.png","Text":"ٱلزَّكَوٰةَ ۚ","Translation":"the zakah","Transliteration":"l-zakata","Root":"ز ك و"},{"Position":14,"AudioFileName":"098_005_014.mp3","TajweedImageFilePath":"98/5/14.png","Text":"وَذَٰلِكَ","Translation":"And that","Transliteration":"wadhālika","Root":"ذ ل ك"},{"Position":15,"AudioFileName":"098_005_015.mp3","TajweedImageFilePath":"98/5/15.png","Text":"دِينُ","Translation":"(is the) religion","Transliteration":"dīnu","Root":"د ي ن"},{"Position":16,"AudioFileName":"098_005_016.mp3","TajweedImageFilePath":"98/5/16.png","Text":"ٱلْقَيِّمَةِ","Translation":"the correct","Transliteration":"l-qayimati","Root":"ق و م"},{"Position":17,"AudioFileName":null,"TajweedImageFilePath":"5.png","Text":"٥","Translation":"(5)","Transliteration":null,"Root":null}],"PageNumber":598,"JuzNumber":30,"ManzilNumber":7,"RukuNumber":540,"MaqraNumber":239,"HizbNumber":60,"HizbDecimal":0.5,"HasSajda":false},{"SurahNumber":98,"SurahIndex":"098","VerseNumber":6,"ShowSurahName":false,"ShowBismillah":false,"Words":[{"Position":1,"AudioFileName":"098_006_001.mp3","TajweedImageFilePath":"98/6/1.png","Text":"إِنَّ","Translation":"Indeed","Transliteration":"inna","Root":"ا ن ن"},{"Position":2,"AudioFileName":"098_006_002.mp3","TajweedImageFilePath":"98/6/2.png","Text":"ٱلَّذِينَ","Translation":"those who","Transliteration":"alladhīna","Root":"ٱلَّذِى"},{"Position":3,"AudioFileName":"098_006_003.mp3","TajweedImageFilePath":"98/6/3.png","Text":"كَفَرُوا۟","Translation":"disbelieve","Transliteration":"kafarū","Root":"ك ف ر"},{"Position":4,"AudioFileName":"098_006_004.mp3","TajweedImageFilePath":"98/6/4.png","Text":"مِنْ","Translation":"from","Transliteration":"min","Root":"م ن"},{"Position":5,"AudioFileName":"098_006_005.mp3","TajweedImageFilePath":"98/6/5.png","Text":"أَهْلِ","Translation":"(the) People","Transliteration":"ahli","Root":"أ ه ل"},{"Position":6,"AudioFileName":"098_006_006.mp3","TajweedImageFilePath":"98/6/6.png","Text":"ٱلْكِتَـٰبِ","Translation":"(of) the Book","Transliteration":"l-kitābi","Root":"ك ت ب"},{"Position":7,"AudioFileName":"098_006_007.mp3","TajweedImageFilePath":"98/6/7.png","Text":"وَٱلْمُشْرِكِينَ","Translation":"and the polytheists","Transliteration":"wal-mush'rikīna","Root":"ش ر ك"},{"Position":8,"AudioFileName":"098_006_008.mp3","TajweedImageFilePath":"98/6/8.png","Text":"فِى","Translation":"(will be) in","Transliteration":"fī","Root":"ف ى"},{"Position":9,"AudioFileName":"098_006_009.mp3","TajweedImageFilePath":"98/6/9.png","Text":"نَارِ","Translation":"(the) Fire","Transliteration":"nāri","Root":"ن و ر"},{"Position":10,"AudioFileName":"098_006_010.mp3","TajweedImageFilePath":"98/6/10.png","Text":"جَهَنَّمَ","Translation":"(of) Hell","Transliteration":"jahannama","Root":"ج ه ن م"},{"Position":11,"AudioFileName":"098_006_011.mp3","TajweedImageFilePath":"98/6/11.png","Text":"خَـٰلِدِينَ","Translation":"abiding eternally","Transliteration":"khālidīna","Root":"خ ل د"},{"Position":12,"AudioFileName":"098_006_012.mp3","TajweedImageFilePath":"98/6/12.png","Text":"فِيهَآ ۚ","Translation":"therein","Transliteration":"fīhā","Root":"ف ى"},{"Position":13,"AudioFileName":"098_006_013.mp3","TajweedImageFilePath":"98/6/13.png","Text":"أُو۟لَـٰٓئِكَ","Translation":"Those ","Transliteration":"ulāika","Root":"ا و ل ا ء"},{"Position":14,"AudioFileName":"098_006_014.mp3","TajweedImageFilePath":"98/6/14.png","Text":"هُمْ","Translation":"they","Transliteration":"hum","Root":"ه م"},{"Position":15,"AudioFileName":"098_006_015.mp3","TajweedImageFilePath":"98/6/15.png","Text":"شَرُّ","Translation":"(are the) worst","Transliteration":"sharru","Root":"ش ر ر"},{"Position":16,"AudioFileName":"098_006_016.mp3","TajweedImageFilePath":"98/6/16.png","Text":"ٱلْبَرِيَّةِ","Translation":"(of) the creatures","Transliteration":"l-bariyati","Root":"ب ر أ"},{"Position":17,"AudioFileName":null,"TajweedImageFilePath":"6.png","Text":"٦","Translation":"(6)","Transliteration":null,"Root":null}],"PageNumber":598,"JuzNumber":30,"ManzilNumber":7,"RukuNumber":540,"MaqraNumber":239,"HizbNumber":60,"HizbDecimal":0.5,"HasSajda":false},{"SurahNumber":98,"SurahIndex":"098","VerseNumber":7,"ShowSurahName":false,"ShowBismillah":false,"Words":[{"Position":1,"AudioFileName":"098_007_001.mp3","TajweedImageFilePath":"98/7/1.png","Text":"إِنَّ","Translation":"Indeed","Transliteration":"inna","Root":"ا ن ن"},{"Position":2,"AudioFileName":"098_007_002.mp3","TajweedImageFilePath":"98/7/2.png","Text":"ٱلَّذِينَ","Translation":"those who","Transliteration":"alladhīna","Root":"ٱلَّذِى"},{"Position":3,"AudioFileName":"098_007_003.mp3","TajweedImageFilePath":"98/7/3.png","Text":"ءَامَنُوا۟","Translation":"believe","Transliteration":"āmanū","Root":"أ م ن"},{"Position":4,"AudioFileName":"098_007_004.mp3","TajweedImageFilePath":"98/7/4.png","Text":"وَعَمِلُوا۟","Translation":"and do","Transliteration":"waʿamilū","Root":"ع م ل"},{"Position":5,"AudioFileName":"098_007_005.mp3","TajweedImageFilePath":"98/7/5.png","Text":"ٱلصَّـٰلِحَـٰتِ","Translation":"righteous deeds","Transliteration":"l-ṣāliḥāti","Root":"ص ل ح"},{"Position":6,"AudioFileName":"098_007_006.mp3","TajweedImageFilePath":"98/7/6.png","Text":"أُو۟لَـٰٓئِكَ","Translation":"those ","Transliteration":"ulāika","Root":"ا و ل ا ء"},{"Position":7,"AudioFileName":"098_007_007.mp3","TajweedImageFilePath":"98/7/7.png","Text":"هُمْ","Translation":"they","Transliteration":"hum","Root":"ه م"},{"Position":8,"AudioFileName":"098_007_008.mp3","TajweedImageFilePath":"98/7/8.png","Text":"خَيْرُ","Translation":"(are the) best","Transliteration":"khayru","Root":"خ ي ر"},{"Position":9,"AudioFileName":"098_007_009.mp3","TajweedImageFilePath":"98/7/9.png","Text":"ٱلْبَرِيَّةِ","Translation":"(of) the creatures","Transliteration":"l-bariyati","Root":"ب ر أ"},{"Position":10,"AudioFileName":null,"TajweedImageFilePath":"7.png","Text":"٧","Translation":"(7)","Transliteration":null,"Root":null}],"PageNumber":598,"JuzNumber":30,"ManzilNumber":7,"RukuNumber":540,"MaqraNumber":239,"HizbNumber":60,"HizbDecimal":0.5,"HasSajda":false},{"SurahNumber":98,"SurahIndex":"098","VerseNumber":8,"ShowSurahName":false,"ShowBismillah":false,"Words":[{"Position":1,"AudioFileName":"098_008_001.mp3","TajweedImageFilePath":"98/8/1.png","Text":"جَزَآؤُهُمْ","Translation":"Their reward","Transliteration":"jazāuhum","Root":"ج ز ي"},{"Position":2,"AudioFileName":"098_008_002.mp3","TajweedImageFilePath":"98/8/2.png","Text":"عِندَ","Translation":"(is) with","Transliteration":"ʿinda","Root":"ع ن د"},{"Position":3,"AudioFileName":"098_008_003.mp3","TajweedImageFilePath":"98/8/3.png","Text":"رَبِّهِمْ","Translation":"their Lord ","Transliteration":"rabbihim","Root":"ر ب ب"},{"Position":4,"AudioFileName":"098_008_004.mp3","TajweedImageFilePath":"98/8/4.png","Text":"جَنَّـٰتُ","Translation":"Gardens","Transliteration":"jannātu","Root":"ج ن ن"},{"Position":5,"AudioFileName":"098_008_005.mp3","TajweedImageFilePath":"98/8/5.png","Text":"عَدْنٍۢ","Translation":"(of) Eternity","Transliteration":"ʿadnin","Root":"ع د ن"},{"Position":6,"AudioFileName":"098_008_006.mp3","TajweedImageFilePath":"98/8/6.png","Text":"تَجْرِى","Translation":"flow","Transliteration":"tajrī","Root":"ج ر ي"},{"Position":7,"AudioFileName":"098_008_007.mp3","TajweedImageFilePath":"98/8/7.png","Text":"مِن","Translation":"from","Transliteration":"min","Root":"م ن"},{"Position":8,"AudioFileName":"098_008_008.mp3","TajweedImageFilePath":"98/8/8.png","Text":"تَحْتِهَا","Translation":"underneath them","Transliteration":"taḥtihā","Root":"ت ح ت"},{"Position":9,"AudioFileName":"098_008_009.mp3","TajweedImageFilePath":"98/8/9.png","Text":"ٱلْأَنْهَـٰرُ","Translation":"the rivers","Transliteration":"l-anhāru","Root":"ن ه ر"},{"Position":10,"AudioFileName":"098_008_010.mp3","TajweedImageFilePath":"98/8/10.png","Text":"خَـٰلِدِينَ","Translation":"will abide","Transliteration":"khālidīna","Root":"خ ل د"},{"Position":11,"AudioFileName":"098_008_011.mp3","TajweedImageFilePath":"98/8/11.png","Text":"فِيهَآ","Translation":"therein","Transliteration":"fīhā","Root":"ف ى"},{"Position":12,"AudioFileName":"098_008_012.mp3","TajweedImageFilePath":"98/8/12.png","Text":"أَبَدًۭا ۖ","Translation":"forever","Transliteration":"abadan","Root":"أ ب د"},{"Position":13,"AudioFileName":"098_008_013.mp3","TajweedImageFilePath":"98/8/13.png","Text":"رَّضِىَ","Translation":"(will be) pleased","Transliteration":"raḍiya","Root":"ر ض و"},{"Position":14,"AudioFileName":"098_008_014.mp3","TajweedImageFilePath":"98/8/14.png","Text":"ٱللَّهُ","Translation":"Allah","Transliteration":"l-lahu","Root":"أ ل ه"},{"Position":15,"AudioFileName":"098_008_015.mp3","TajweedImageFilePath":"98/8/15.png","Text":"عَنْهُمْ","Translation":"with them","Transliteration":"ʿanhum","Root":"ع ن"},{"Position":16,"AudioFileName":"098_008_016.mp3","TajweedImageFilePath":"98/8/16.png","Text":"وَرَضُوا۟","Translation":"and they (will be) pleased","Transliteration":"waraḍū","Root":"ر ض و"},{"Position":17,"AudioFileName":"098_008_017.mp3","TajweedImageFilePath":"98/8/17.png","Text":"عَنْهُ ۚ","Translation":"with Him","Transliteration":"ʿanhu","Root":"ع ن"},{"Position":18,"AudioFileName":"098_008_018.mp3","TajweedImageFilePath":"98/8/18.png","Text":"ذَٰلِكَ","Translation":"That","Transliteration":"dhālika","Root":"ذ ل ك"},{"Position":19,"AudioFileName":"098_008_019.mp3","TajweedImageFilePath":"98/8/19.png","Text":"لِمَنْ","Translation":"(is) for whoever","Transliteration":"liman","Root":"م ن"},{"Position":20,"AudioFileName":"098_008_020.mp3","TajweedImageFilePath":"98/8/20.png","Text":"خَشِىَ","Translation":"feared","Transliteration":"khashiya","Root":"خ ش ي"},{"Position":21,"AudioFileName":"098_008_021.mp3","TajweedImageFilePath":"98/8/21.png","Text":"رَبَّهُۥ","Translation":"his Lord","Transliteration":"rabbahu","Root":"ر ب ب"},{"Position":22,"AudioFileName":null,"TajweedImageFilePath":"8.png","Text":"٨","Translation":"(8)","Transliteration":null,"Root":null}],"PageNumber":599,"JuzNumber":30,"ManzilNumber":7,"RukuNumber":540,"MaqraNumber":239,"HizbNumber":60,"HizbDecimal":0.5,"HasSajda":false},{"SurahNumber":99,"SurahIndex":"099","VerseNumber":1,"ShowSurahName":true,"ShowBismillah":true,"Words":[{"Position":1,"AudioFileName":"099_001_001.mp3","TajweedImageFilePath":"99/1/1.png","Text":"إِذَا","Translation":"When","Transliteration":"idhā","Root":"إِذَا"},{"Position":2,"AudioFileName":"099_001_002.mp3","TajweedImageFilePath":"99/1/2.png","Text":"زُلْزِلَتِ","Translation":"is shaken","Transliteration":"zul'zilati","Root":"ز ل ز ل"},{"Position":3,"AudioFileName":"099_001_003.mp3","TajweedImageFilePath":"99/1/3.png","Text":"ٱلْأَرْضُ","Translation":"the earth","Transliteration":"l-arḍu","Root":"أ ر ض"},{"Position":4,"AudioFileName":"099_001_004.mp3","TajweedImageFilePath":"99/1/4.png","Text":"زِلْزَالَهَا","Translation":"(with) its earthquake","Transliteration":"zil'zālahā","Root":"ز ل ز ل"},{"Position":5,"AudioFileName":null,"TajweedImageFilePath":"1.png","Text":"١","Translation":"(1)","Transliteration":null,"Root":null}],"PageNumber":599,"JuzNumber":30,"ManzilNumber":7,"RukuNumber":541,"MaqraNumber":239,"HizbNumber":60,"HizbDecimal":0.5,"HasSajda":false},{"SurahNumber":99,"SurahIndex":"099","VerseNumber":2,"ShowSurahName":false,"ShowBismillah":false,"Words":[{"Position":1,"AudioFileName":"099_002_001.mp3","TajweedImageFilePath":"99/2/1.png","Text":"وَأَخْرَجَتِ","Translation":"And brings forth","Transliteration":"wa-akhrajati","Root":"خ ر ج"},{"Position":2,"AudioFileName":"099_002_002.mp3","TajweedImageFilePath":"99/2/2.png","Text":"ٱلْأَرْضُ","Translation":"the earth","Transliteration":"l-arḍu","Root":"أ ر ض"},{"Position":3,"AudioFileName":"099_002_003.mp3","TajweedImageFilePath":"99/2/3.png","Text":"أَثْقَالَهَا","Translation":"its burdens","Transliteration":"athqālahā","Root":"ث ق ل"},{"Position":4,"AudioFileName":null,"TajweedImageFilePath":"2.png","Text":"٢","Translation":"(2)","Transliteration":null,"Root":null}],"PageNumber":599,"JuzNumber":30,"ManzilNumber":7,"RukuNumber":541,"MaqraNumber":239,"HizbNumber":60,"HizbDecimal":0.5,"HasSajda":false},{"SurahNumber":99,"SurahIndex":"099","VerseNumber":3,"ShowSurahName":false,"ShowBismillah":false,"Words":[{"Position":1,"AudioFileName":"099_003_001.mp3","TajweedImageFilePath":"99/3/1.png","Text":"وَقَالَ","Translation":"And says","Transliteration":"waqāla","Root":"ق و ل"},{"Position":2,"AudioFileName":"099_003_002.mp3","TajweedImageFilePath":"99/3/2.png","Text":"ٱلْإِنسَـٰنُ","Translation":"man","Transliteration":"l-insānu","Root":"أ ن س"},{"Position":3,"AudioFileName":"099_003_003.mp3","TajweedImageFilePath":"99/3/3.png","Text":"مَا","Translation":"What","Transliteration":"mā","Root":"م ا"},{"Position":4,"AudioFileName":"099_003_004.mp3","TajweedImageFilePath":"99/3/4.png","Text":"لَهَا","Translation":"(is) with it","Transliteration":"lahā","Root":"ل"},{"Position":5,"AudioFileName":null,"TajweedImageFilePath":"3.png","Text":"٣","Translation":"(3)","Transliteration":null,"Root":null}],"PageNumber":599,"JuzNumber":30,"ManzilNumber":7,"RukuNumber":541,"MaqraNumber":239,"HizbNumber":60,"HizbDecimal":0.5,"HasSajda":false},{"SurahNumber":99,"SurahIndex":"099","VerseNumber":4,"ShowSurahName":false,"ShowBismillah":false,"Words":[{"Position":1,"AudioFileName":"099_004_001.mp3","TajweedImageFilePath":"99/4/1.png","Text":"يَوْمَئِذٍۢ","Translation":"That Day","Transliteration":"yawma-idhin","Root":"ى و م"},{"Position":2,"AudioFileName":"099_004_002.mp3","TajweedImageFilePath":"99/4/2.png","Text":"تُحَدِّثُ","Translation":"it will report","Transliteration":"tuḥaddithu","Root":"ح د ث"},{"Position":3,"AudioFileName":"099_004_003.mp3","TajweedImageFilePath":"99/4/3.png","Text":"أَخْبَارَهَا","Translation":"its news","Transliteration":"akhbārahā","Root":"خ ب ر"},{"Position":4,"AudioFileName":null,"TajweedImageFilePath":"4.png","Text":"٤","Translation":"(4)","Transliteration":null,"Root":null}],"PageNumber":599,"JuzNumber":30,"ManzilNumber":7,"RukuNumber":541,"MaqraNumber":239,"HizbNumber":60,"HizbDecimal":0.5,"HasSajda":false},{"SurahNumber":99,"SurahIndex":"099","VerseNumber":5,"ShowSurahName":false,"ShowBismillah":false,"Words":[{"Position":1,"AudioFileName":"099_005_001.mp3","TajweedImageFilePath":"99/5/1.png","Text":"بِأَنَّ","Translation":"Because","Transliteration":"bi-anna","Root":"ا ن ن"},{"Position":2,"AudioFileName":"099_005_002.mp3","TajweedImageFilePath":"99/5/2.png","Text":"رَبَّكَ","Translation":"your Lord","Transliteration":"rabbaka","Root":"ر ب ب"},{"Position":3,"AudioFileName":"099_005_003.mp3","TajweedImageFilePath":"99/5/3.png","Text":"أَوْحَىٰ","Translation":"inspired","Transliteration":"awḥā","Root":"و ح ي"},{"Position":4,"AudioFileName":"099_005_004.mp3","TajweedImageFilePath":"99/5/4.png","Text":"لَهَا","Translation":"[to] it","Transliteration":"lahā","Root":"ل"},{"Position":5,"AudioFileName":null,"TajweedImageFilePath":"5.png","Text":"٥","Translation":"(5)","Transliteration":null,"Root":null}],"PageNumber":599,"JuzNumber":30,"ManzilNumber":7,"RukuNumber":541,"MaqraNumber":239,"HizbNumber":60,"HizbDecimal":0.5,"HasSajda":false},{"SurahNumber":99,"SurahIndex":"099","VerseNumber":6,"ShowSurahName":false,"ShowBismillah":false,"Words":[{"Position":1,"AudioFileName":"099_006_001.mp3","TajweedImageFilePath":"99/6/1.png","Text":"يَوْمَئِذٍۢ","Translation":"That Day","Transliteration":"yawma-idhin","Root":"ى و م"},{"Position":2,"AudioFileName":"099_006_002.mp3","TajweedImageFilePath":"99/6/2.png","Text":"يَصْدُرُ","Translation":"will proceed","Transliteration":"yaṣduru","Root":"ص د ر"},{"Position":3,"AudioFileName":"099_006_003.mp3","TajweedImageFilePath":"99/6/3.png","Text":"ٱلنَّاسُ","Translation":"the mankind","Transliteration":"l-nāsu","Root":"ن و س"},{"Position":4,"AudioFileName":"099_006_004.mp3","TajweedImageFilePath":"99/6/4.png","Text":"أَشْتَاتًۭا","Translation":"(in) scattered groups","Transliteration":"ashtātan","Root":"ش ت ت"},{"Position":5,"AudioFileName":"099_006_005.mp3","TajweedImageFilePath":"99/6/5.png","Text":"لِّيُرَوْا۟","Translation":"to be shown","Transliteration":"liyuraw","Root":"ر أ ي"},{"Position":6,"AudioFileName":"099_006_006.mp3","TajweedImageFilePath":"99/6/6.png","Text":"أَعْمَـٰلَهُمْ","Translation":"their deeds","Transliteration":"aʿmālahum","Root":"ع م ل"},{"Position":7,"AudioFileName":null,"TajweedImageFilePath":"6.png","Text":"٦","Translation":"(6)","Transliteration":null,"Root":null}],"PageNumber":599,"JuzNumber":30,"ManzilNumber":7,"RukuNumber":541,"MaqraNumber":239,"HizbNumber":60,"HizbDecimal":0.5,"HasSajda":false},{"SurahNumber":99,"SurahIndex":"099","VerseNumber":7,"ShowSurahName":false,"ShowBismillah":false,"Words":[{"Position":1,"AudioFileName":"099_007_001.mp3","TajweedImageFilePath":"99/7/1.png","Text":"فَمَن","Translation":"So whoever","Transliteration":"faman","Root":"م ن"},{"Position":2,"AudioFileName":"099_007_002.mp3","TajweedImageFilePath":"99/7/2.png","Text":"يَعْمَلْ","Translation":"does","Transliteration":"yaʿmal","Root":"ع م ل"},{"Position":3,"AudioFileName":"099_007_003.mp3","TajweedImageFilePath":"99/7/3.png","Text":"مِثْقَالَ","Translation":"(equal to the) weight","Transliteration":"mith'qāla","Root":"ث ق ل"},{"Position":4,"AudioFileName":"099_007_004.mp3","TajweedImageFilePath":"99/7/4.png","Text":"ذَرَّةٍ","Translation":"(of) an atom","Transliteration":"dharratin","Root":"ذ ر ر"},{"Position":5,"AudioFileName":"099_007_005.mp3","TajweedImageFilePath":"99/7/5.png","Text":"خَيْرًۭا","Translation":"good","Transliteration":"khayran","Root":"خ ي ر"},{"Position":6,"AudioFileName":"099_007_006.mp3","TajweedImageFilePath":"99/7/6.png","Text":"يَرَهُۥ","Translation":"will see it","Transliteration":"yarahu","Root":"ر أ ي"},{"Position":7,"AudioFileName":null,"TajweedImageFilePath":"7.png","Text":"٧","Translation":"(7)","Transliteration":null,"Root":null}],"PageNumber":599,"JuzNumber":30,"ManzilNumber":7,"RukuNumber":541,"MaqraNumber":239,"HizbNumber":60,"HizbDecimal":0.5,"HasSajda":false},{"SurahNumber":99,"SurahIndex":"099","VerseNumber":8,"ShowSurahName":false,"ShowBismillah":false,"Words":[{"Position":1,"AudioFileName":"099_008_001.mp3","TajweedImageFilePath":"99/8/1.png","Text":"وَمَن","Translation":"And whoever","Transliteration":"waman","Root":"م ن"},{"Position":2,"AudioFileName":"099_008_002.mp3","TajweedImageFilePath":"99/8/2.png","Text":"يَعْمَلْ","Translation":"does","Transliteration":"yaʿmal","Root":"ع م ل"},{"Position":3,"AudioFileName":"099_008_003.mp3","TajweedImageFilePath":"99/8/3.png","Text":"مِثْقَالَ","Translation":"(equal to the) weight","Transliteration":"mith'qāla","Root":"ث ق ل"},{"Position":4,"AudioFileName":"099_008_004.mp3","TajweedImageFilePath":"99/8/4.png","Text":"ذَرَّةٍۢ","Translation":"(of) an atom","Transliteration":"dharratin","Root":"ذ ر ر"},{"Position":5,"AudioFileName":"099_008_005.mp3","TajweedImageFilePath":"99/8/5.png","Text":"شَرًّۭا","Translation":"evil","Transliteration":"sharran","Root":"ش ر ر"},{"Position":6,"AudioFileName":"099_008_006.mp3","TajweedImageFilePath":"99/8/6.png","Text":"يَرَهُۥ","Translation":"will see it","Transliteration":"yarahu","Root":"ر أ ي"},{"Position":7,"AudioFileName":null,"TajweedImageFilePath":"8.png","Text":"٨","Translation":"(8)","Transliteration":null,"Root":null}],"PageNumber":599,"JuzNumber":30,"ManzilNumber":7,"RukuNumber":541,"MaqraNumber":239,"HizbNumber":60,"HizbDecimal":0.5,"HasSajda":false},{"SurahNumber":100,"SurahIndex":"100","VerseNumber":1,"ShowSurahName":true,"ShowBismillah":true,"Words":[{"Position":1,"AudioFileName":"100_001_001.mp3","TajweedImageFilePath":"100/1/1.png","Text":"وَٱلْعَـٰدِيَـٰتِ","Translation":"By the racers","Transliteration":"wal-ʿādiyāti","Root":"ع د و"},{"Position":2,"AudioFileName":"100_001_002.mp3","TajweedImageFilePath":"100/1/2.png","Text":"ضَبْحًۭا","Translation":"panting","Transliteration":"ḍabḥan","Root":"ض ب ح"},{"Position":3,"AudioFileName":null,"TajweedImageFilePath":"1.png","Text":"١","Translation":"(1)","Transliteration":null,"Root":null}],"PageNumber":599,"JuzNumber":30,"ManzilNumber":7,"RukuNumber":542,"MaqraNumber":239,"HizbNumber":60,"HizbDecimal":0.5,"HasSajda":false},{"SurahNumber":100,"SurahIndex":"100","VerseNumber":2,"ShowSurahName":false,"ShowBismillah":false,"Words":[{"Position":1,"AudioFileName":"100_002_001.mp3","TajweedImageFilePath":"100/2/1.png","Text":"فَٱلْمُورِيَـٰتِ","Translation":"And the producers of sparks","Transliteration":"fal-mūriyāti","Root":"و ر ي"},{"Position":2,"AudioFileName":"100_002_002.mp3","TajweedImageFilePath":"100/2/2.png","Text":"قَدْحًۭا","Translation":"striking","Transliteration":"qadḥan","Root":"ق د ح"},{"Position":3,"AudioFileName":null,"TajweedImageFilePath":"2.png","Text":"٢","Translation":"(2)","Transliteration":null,"Root":null}],"PageNumber":599,"JuzNumber":30,"ManzilNumber":7,"RukuNumber":542,"MaqraNumber":239,"HizbNumber":60,"HizbDecimal":0.5,"HasSajda":false},{"SurahNumber":100,"SurahIndex":"100","VerseNumber":3,"ShowSurahName":false,"ShowBismillah":false,"Words":[{"Position":1,"AudioFileName":"100_003_001.mp3","TajweedImageFilePath":"100/3/1.png","Text":"فَٱلْمُغِيرَٰتِ","Translation":"And the chargers","Transliteration":"fal-mughīrāti","Root":"غ ي ر"},{"Position":2,"AudioFileName":"100_003_002.mp3","TajweedImageFilePath":"100/3/2.png","Text":"صُبْحًۭا","Translation":"(at) dawn","Transliteration":"ṣub'ḥan","Root":"ص ب ح"},{"Position":3,"AudioFileName":null,"TajweedImageFilePath":"3.png","Text":"٣","Translation":"(3)","Transliteration":null,"Root":null}],"PageNumber":599,"JuzNumber":30,"ManzilNumber":7,"RukuNumber":542,"MaqraNumber":239,"HizbNumber":60,"HizbDecimal":0.5,"HasSajda":false},{"SurahNumber":100,"SurahIndex":"100","VerseNumber":4,"ShowSurahName":false,"ShowBismillah":false,"Words":[{"Position":1,"AudioFileName":"100_004_001.mp3","TajweedImageFilePath":"100/4/1.png","Text":"فَأَثَرْنَ","Translation":"Then raise","Transliteration":"fa-atharna","Root":"ث و ر"},{"Position":2,"AudioFileName":"100_004_002.mp3","TajweedImageFilePath":"100/4/2.png","Text":"بِهِۦ","Translation":"thereby","Transliteration":"bihi","Root":"ب"},{"Position":3,"AudioFileName":"100_004_003.mp3","TajweedImageFilePath":"100/4/3.png","Text":"نَقْعًۭا","Translation":"dust","Transliteration":"naqʿan","Root":"ن ق ع"},{"Position":4,"AudioFileName":null,"TajweedImageFilePath":"4.png","Text":"٤","Translation":"(4)","Transliteration":null,"Root":null}],"PageNumber":599,"JuzNumber":30,"ManzilNumber":7,"RukuNumber":542,"MaqraNumber":239,"HizbNumber":60,"HizbDecimal":0.5,"HasSajda":false},{"SurahNumber":100,"SurahIndex":"100","VerseNumber":5,"ShowSurahName":false,"ShowBismillah":false,"Words":[{"Position":1,"AudioFileName":"100_005_001.mp3","TajweedImageFilePath":"100/5/1.png","Text":"فَوَسَطْنَ","Translation":"Then penetrate (in the) center","Transliteration":"fawasaṭna","Root":"و س ط"},{"Position":2,"AudioFileName":"100_005_002.mp3","TajweedImageFilePath":"100/5/2.png","Text":"بِهِۦ","Translation":"thereby","Transliteration":"bihi","Root":"ب"},{"Position":3,"AudioFileName":"100_005_003.mp3","TajweedImageFilePath":"100/5/3.png","Text":"جَمْعًا","Translation":"collectively","Transliteration":"jamʿan","Root":"ج م ع"},{"Position":4,"AudioFileName":null,"TajweedImageFilePath":"5.png","Text":"٥","Translation":"(5)","Transliteration":null,"Root":null}],"PageNumber":599,"JuzNumber":30,"ManzilNumber":7,"RukuNumber":542,"MaqraNumber":239,"HizbNumber":60,"HizbDecimal":0.5,"HasSajda":false},{"SurahNumber":100,"SurahIndex":"100","VerseNumber":6,"ShowSurahName":false,"ShowBismillah":false,"Words":[{"Position":1,"AudioFileName":"100_006_001.mp3","TajweedImageFilePath":"100/6/1.png","Text":"إِنَّ","Translation":"Indeed","Transliteration":"inna","Root":"ا ن ن"},{"Position":2,"AudioFileName":"100_006_002.mp3","TajweedImageFilePath":"100/6/2.png","Text":"ٱلْإِنسَـٰنَ","Translation":"mankind","Transliteration":"l-insāna","Root":"أ ن س"},{"Position":3,"AudioFileName":"100_006_003.mp3","TajweedImageFilePath":"100/6/3.png","Text":"لِرَبِّهِۦ","Translation":"to his Lord","Transliteration":"lirabbihi","Root":"ر ب ب"},{"Position":4,"AudioFileName":"100_006_004.mp3","TajweedImageFilePath":"100/6/4.png","Text":"لَكَنُودٌۭ","Translation":"(is) surely ungrateful","Transliteration":"lakanūdun","Root":"ك ن د"},{"Position":5,"AudioFileName":null,"TajweedImageFilePath":"6.png","Text":"٦","Translation":"(6)","Transliteration":null,"Root":null}],"PageNumber":599,"JuzNumber":30,"ManzilNumber":7,"RukuNumber":542,"MaqraNumber":239,"HizbNumber":60,"HizbDecimal":0.5,"HasSajda":false},{"SurahNumber":100,"SurahIndex":"100","VerseNumber":7,"ShowSurahName":false,"ShowBismillah":false,"Words":[{"Position":1,"AudioFileName":"100_007_001.mp3","TajweedImageFilePath":"100/7/1.png","Text":"وَإِنَّهُۥ","Translation":"And indeed, he","Transliteration":"wa-innahu","Root":"ا ن ن"},{"Position":2,"AudioFileName":"100_007_002.mp3","TajweedImageFilePath":"100/7/2.png","Text":"عَلَىٰ","Translation":"on","Transliteration":"ʿalā","Root":"ع ل ى"},{"Position":3,"AudioFileName":"100_007_003.mp3","TajweedImageFilePath":"100/7/3.png","Text":"ذَٰلِكَ","Translation":"that","Transliteration":"dhālika","Root":"ذ ل ك"},{"Position":4,"AudioFileName":"100_007_004.mp3","TajweedImageFilePath":"100/7/4.png","Text":"لَشَهِيدٌۭ","Translation":"surely (is) a witness","Transliteration":"lashahīdun","Root":"ش ه د"},{"Position":5,"AudioFileName":null,"TajweedImageFilePath":"7.png","Text":"٧","Translation":"(7)","Transliteration":null,"Root":null}],"PageNumber":599,"JuzNumber":30,"ManzilNumber":7,"RukuNumber":542,"MaqraNumber":239,"HizbNumber":60,"HizbDecimal":0.5,"HasSajda":false},{"SurahNumber":100,"SurahIndex":"100","VerseNumber":8,"ShowSurahName":false,"ShowBismillah":false,"Words":[{"Position":1,"AudioFileName":"100_008_001.mp3","TajweedImageFilePath":"100/8/1.png","Text":"وَإِنَّهُۥ","Translation":"And indeed he","Transliteration":"wa-innahu","Root":"ا ن ن"},{"Position":2,"AudioFileName":"100_008_002.mp3","TajweedImageFilePath":"100/8/2.png","Text":"لِحُبِّ","Translation":"in (the) love","Transliteration":"liḥubbi","Root":"ح ب ب"},{"Position":3,"AudioFileName":"100_008_003.mp3","TajweedImageFilePath":"100/8/3.png","Text":"ٱلْخَيْرِ","Translation":"(of) wealth","Transliteration":"l-khayri","Root":"خ ي ر"},{"Position":4,"AudioFileName":"100_008_004.mp3","TajweedImageFilePath":"100/8/4.png","Text":"لَشَدِيدٌ","Translation":"(is) surely intense","Transliteration":"lashadīdun","Root":"ش د د"},{"Position":5,"AudioFileName":null,"TajweedImageFilePath":"8.png","Text":"٨","Translation":"(8)","Transliteration":null,"Root":null}],"PageNumber":599,"JuzNumber":30,"ManzilNumber":7,"RukuNumber":542,"MaqraNumber":239,"HizbNumber":60,"HizbDecimal":0.5,"HasSajda":false}]}