{"MaqraNumber":107,"Verses":[{"SurahNumber":16,"SurahIndex":"016","VerseNumber":1,"ShowSurahName":true,"ShowBismillah":true,"Words":[{"Position":1,"AudioFileName":"016_001_001.mp3","TajweedImageFilePath":"16/1/1.png","Text":"أَتَىٰٓ","Translation":"Will come","Transliteration":"atā"},{"Position":2,"AudioFileName":"016_001_002.mp3","TajweedImageFilePath":"16/1/2.png","Text":"أَمْرُ","Translation":"(the) command of Allah","Transliteration":"amru"},{"Position":3,"AudioFileName":"016_001_003.mp3","TajweedImageFilePath":"16/1/3.png","Text":"ٱللَّهِ","Translation":"(the) command of Allah","Transliteration":"l-lahi"},{"Position":4,"AudioFileName":"016_001_004.mp3","TajweedImageFilePath":"16/1/4.png","Text":"فَلَا","Translation":"so (do) not","Transliteration":"falā"},{"Position":5,"AudioFileName":"016_001_005.mp3","TajweedImageFilePath":"16/1/5.png","Text":"تَسْتَعْجِلُوهُ ۚ","Translation":"(be) impatient for it","Transliteration":"tastaʿjilūhu"},{"Position":6,"AudioFileName":"016_001_006.mp3","TajweedImageFilePath":"16/1/6.png","Text":"سُبْحَـٰنَهُۥ","Translation":"Glorified is He","Transliteration":"sub'ḥānahu"},{"Position":7,"AudioFileName":"016_001_007.mp3","TajweedImageFilePath":"16/1/7.png","Text":"وَتَعَـٰلَىٰ","Translation":"and Exalted (is) He","Transliteration":"wataʿālā"},{"Position":8,"AudioFileName":"016_001_008.mp3","TajweedImageFilePath":"16/1/8.png","Text":"عَمَّا","Translation":"above what","Transliteration":"ʿammā"},{"Position":9,"AudioFileName":"016_001_009.mp3","TajweedImageFilePath":"16/1/9.png","Text":"يُشْرِكُونَ","Translation":"they associate","Transliteration":"yush'rikūna"},{"Position":10,"AudioFileName":null,"TajweedImageFilePath":"1.png","Text":"١","Translation":"(1)","Transliteration":null}],"PageNumber":267,"JuzNumber":14,"ManzilNumber":3,"RukuNumber":224,"MaqraNumber":107,"HizbNumber":27,"HizbDecimal":0.5,"HasSajda":false},{"SurahNumber":16,"SurahIndex":"016","VerseNumber":2,"ShowSurahName":false,"ShowBismillah":false,"Words":[{"Position":1,"AudioFileName":"016_002_001.mp3","TajweedImageFilePath":"16/2/1.png","Text":"يُنَزِّلُ","Translation":"He sends down","Transliteration":"yunazzilu"},{"Position":2,"AudioFileName":"016_002_002.mp3","TajweedImageFilePath":"16/2/2.png","Text":"ٱلْمَلَـٰٓئِكَةَ","Translation":"the Angels","Transliteration":"l-malāikata"},{"Position":3,"AudioFileName":"016_002_003.mp3","TajweedImageFilePath":"16/2/3.png","Text":"بِٱلرُّوحِ","Translation":"with the inspiration","Transliteration":"bil-rūḥi"},{"Position":4,"AudioFileName":"016_002_004.mp3","TajweedImageFilePath":"16/2/4.png","Text":"مِنْ","Translation":"of","Transliteration":"min"},{"Position":5,"AudioFileName":"016_002_005.mp3","TajweedImageFilePath":"16/2/5.png","Text":"أَمْرِهِۦ","Translation":"His Command","Transliteration":"amrihi"},{"Position":6,"AudioFileName":"016_002_006.mp3","TajweedImageFilePath":"16/2/6.png","Text":"عَلَىٰ","Translation":"upon","Transliteration":"ʿalā"},{"Position":7,"AudioFileName":"016_002_007.mp3","TajweedImageFilePath":"16/2/7.png","Text":"مَن","Translation":"whom","Transliteration":"man"},{"Position":8,"AudioFileName":"016_002_008.mp3","TajweedImageFilePath":"16/2/8.png","Text":"يَشَآءُ","Translation":"He wills","Transliteration":"yashāu"},{"Position":9,"AudioFileName":"016_002_009.mp3","TajweedImageFilePath":"16/2/9.png","Text":"مِنْ","Translation":"of","Transliteration":"min"},{"Position":10,"AudioFileName":"016_002_010.mp3","TajweedImageFilePath":"16/2/10.png","Text":"عِبَادِهِۦٓ","Translation":"His slaves","Transliteration":"ʿibādihi"},{"Position":11,"AudioFileName":"016_002_011.mp3","TajweedImageFilePath":"16/2/11.png","Text":"أَنْ","Translation":"that","Transliteration":"an"},{"Position":12,"AudioFileName":"016_002_012.mp3","TajweedImageFilePath":"16/2/12.png","Text":"أَنذِرُوٓا۟","Translation":"Warn","Transliteration":"andhirū"},{"Position":13,"AudioFileName":"016_002_013.mp3","TajweedImageFilePath":"16/2/13.png","Text":"أَنَّهُۥ","Translation":"that [He]","Transliteration":"annahu"},{"Position":14,"AudioFileName":"016_002_014.mp3","TajweedImageFilePath":"16/2/14.png","Text":"لَآ","Translation":"(there is) no","Transliteration":"lā"},{"Position":15,"AudioFileName":"016_002_015.mp3","TajweedImageFilePath":"16/2/15.png","Text":"إِلَـٰهَ","Translation":"god","Transliteration":"ilāha"},{"Position":16,"AudioFileName":"016_002_016.mp3","TajweedImageFilePath":"16/2/16.png","Text":"إِلَّآ","Translation":"except","Transliteration":"illā"},{"Position":17,"AudioFileName":"016_002_017.mp3","TajweedImageFilePath":"16/2/17.png","Text":"أَنَا۠","Translation":"Me","Transliteration":"anā"},{"Position":18,"AudioFileName":"016_002_018.mp3","TajweedImageFilePath":"16/2/18.png","Text":"فَٱتَّقُونِ","Translation":"so fear Me","Transliteration":"fa-ittaqūni"},{"Position":19,"AudioFileName":null,"TajweedImageFilePath":"2.png","Text":"٢","Translation":"(2)","Transliteration":null}],"PageNumber":267,"JuzNumber":14,"ManzilNumber":3,"RukuNumber":224,"MaqraNumber":107,"HizbNumber":27,"HizbDecimal":0.5,"HasSajda":false},{"SurahNumber":16,"SurahIndex":"016","VerseNumber":3,"ShowSurahName":false,"ShowBismillah":false,"Words":[{"Position":1,"AudioFileName":"016_003_001.mp3","TajweedImageFilePath":"16/3/1.png","Text":"خَلَقَ","Translation":"He created","Transliteration":"khalaqa"},{"Position":2,"AudioFileName":"016_003_002.mp3","TajweedImageFilePath":"16/3/2.png","Text":"ٱلسَّمَـٰوَٰتِ","Translation":"the heavens","Transliteration":"l-samāwāti"},{"Position":3,"AudioFileName":"016_003_003.mp3","TajweedImageFilePath":"16/3/3.png","Text":"وَٱلْأَرْضَ","Translation":"and the earth","Transliteration":"wal-arḍa"},{"Position":4,"AudioFileName":"016_003_004.mp3","TajweedImageFilePath":"16/3/4.png","Text":"بِٱلْحَقِّ ۚ","Translation":"in truth","Transliteration":"bil-ḥaqi"},{"Position":5,"AudioFileName":"016_003_005.mp3","TajweedImageFilePath":"16/3/5.png","Text":"تَعَـٰلَىٰ","Translation":"Exalted is He","Transliteration":"taʿālā"},{"Position":6,"AudioFileName":"016_003_006.mp3","TajweedImageFilePath":"16/3/6.png","Text":"عَمَّا","Translation":"above what","Transliteration":"ʿammā"},{"Position":7,"AudioFileName":"016_003_007.mp3","TajweedImageFilePath":"16/3/7.png","Text":"يُشْرِكُونَ","Translation":"they associate","Transliteration":"yush'rikūna"},{"Position":8,"AudioFileName":null,"TajweedImageFilePath":"3.png","Text":"٣","Translation":"(3)","Transliteration":null}],"PageNumber":267,"JuzNumber":14,"ManzilNumber":3,"RukuNumber":224,"MaqraNumber":107,"HizbNumber":27,"HizbDecimal":0.5,"HasSajda":false},{"SurahNumber":16,"SurahIndex":"016","VerseNumber":4,"ShowSurahName":false,"ShowBismillah":false,"Words":[{"Position":1,"AudioFileName":"016_004_001.mp3","TajweedImageFilePath":"16/4/1.png","Text":"خَلَقَ","Translation":"He created","Transliteration":"khalaqa"},{"Position":2,"AudioFileName":"016_004_002.mp3","TajweedImageFilePath":"16/4/2.png","Text":"ٱلْإِنسَـٰنَ","Translation":"the human kind","Transliteration":"l-insāna"},{"Position":3,"AudioFileName":"016_004_003.mp3","TajweedImageFilePath":"16/4/3.png","Text":"مِن","Translation":"from","Transliteration":"min"},{"Position":4,"AudioFileName":"016_004_004.mp3","TajweedImageFilePath":"16/4/4.png","Text":"نُّطْفَةٍۢ","Translation":"a minute quantity of semen","Transliteration":"nuṭ'fatin"},{"Position":5,"AudioFileName":"016_004_005.mp3","TajweedImageFilePath":"16/4/5.png","Text":"فَإِذَا","Translation":"then behold","Transliteration":"fa-idhā"},{"Position":6,"AudioFileName":"016_004_006.mp3","TajweedImageFilePath":"16/4/6.png","Text":"هُوَ","Translation":"he","Transliteration":"huwa"},{"Position":7,"AudioFileName":"016_004_007.mp3","TajweedImageFilePath":"16/4/7.png","Text":"خَصِيمٌۭ","Translation":"(is) an opponent","Transliteration":"khaṣīmun"},{"Position":8,"AudioFileName":"016_004_008.mp3","TajweedImageFilePath":"16/4/8.png","Text":"مُّبِينٌۭ","Translation":"clear","Transliteration":"mubīnun"},{"Position":9,"AudioFileName":null,"TajweedImageFilePath":"4.png","Text":"٤","Translation":"(4)","Transliteration":null}],"PageNumber":267,"JuzNumber":14,"ManzilNumber":3,"RukuNumber":224,"MaqraNumber":107,"HizbNumber":27,"HizbDecimal":0.5,"HasSajda":false},{"SurahNumber":16,"SurahIndex":"016","VerseNumber":5,"ShowSurahName":false,"ShowBismillah":false,"Words":[{"Position":1,"AudioFileName":"016_005_001.mp3","TajweedImageFilePath":"16/5/1.png","Text":"وَٱلْأَنْعَـٰمَ","Translation":"And the cattle","Transliteration":"wal-anʿāma"},{"Position":2,"AudioFileName":"016_005_002.mp3","TajweedImageFilePath":"16/5/2.png","Text":"خَلَقَهَا ۗ","Translation":"He created them","Transliteration":"khalaqahā"},{"Position":3,"AudioFileName":"016_005_003.mp3","TajweedImageFilePath":"16/5/3.png","Text":"لَكُمْ","Translation":"for you","Transliteration":"lakum"},{"Position":4,"AudioFileName":"016_005_004.mp3","TajweedImageFilePath":"16/5/4.png","Text":"فِيهَا","Translation":"in them","Transliteration":"fīhā"},{"Position":5,"AudioFileName":"016_005_005.mp3","TajweedImageFilePath":"16/5/5.png","Text":"دِفْءٌۭ","Translation":"(is) warmth","Transliteration":"dif'on"},{"Position":6,"AudioFileName":"016_005_006.mp3","TajweedImageFilePath":"16/5/6.png","Text":"وَمَنَـٰفِعُ","Translation":"and benefits","Transliteration":"wamanāfiʿu"},{"Position":7,"AudioFileName":"016_005_007.mp3","TajweedImageFilePath":"16/5/7.png","Text":"وَمِنْهَا","Translation":"and from them","Transliteration":"wamin'hā"},{"Position":8,"AudioFileName":"016_005_008.mp3","TajweedImageFilePath":"16/5/8.png","Text":"تَأْكُلُونَ","Translation":"you eat","Transliteration":"takulūna"},{"Position":9,"AudioFileName":null,"TajweedImageFilePath":"5.png","Text":"٥","Translation":"(5)","Transliteration":null}],"PageNumber":267,"JuzNumber":14,"ManzilNumber":3,"RukuNumber":224,"MaqraNumber":107,"HizbNumber":27,"HizbDecimal":0.5,"HasSajda":false},{"SurahNumber":16,"SurahIndex":"016","VerseNumber":6,"ShowSurahName":false,"ShowBismillah":false,"Words":[{"Position":1,"AudioFileName":"016_006_001.mp3","TajweedImageFilePath":"16/6/1.png","Text":"وَلَكُمْ","Translation":"And for you","Transliteration":"walakum"},{"Position":2,"AudioFileName":"016_006_002.mp3","TajweedImageFilePath":"16/6/2.png","Text":"فِيهَا","Translation":"in them","Transliteration":"fīhā"},{"Position":3,"AudioFileName":"016_006_003.mp3","TajweedImageFilePath":"16/6/3.png","Text":"جَمَالٌ","Translation":"(is) beauty","Transliteration":"jamālun"},{"Position":4,"AudioFileName":"016_006_004.mp3","TajweedImageFilePath":"16/6/4.png","Text":"حِينَ","Translation":"when","Transliteration":"ḥīna"},{"Position":5,"AudioFileName":"016_006_005.mp3","TajweedImageFilePath":"16/6/5.png","Text":"تُرِيحُونَ","Translation":"you bring them in","Transliteration":"turīḥūna"},{"Position":6,"AudioFileName":"016_006_006.mp3","TajweedImageFilePath":"16/6/6.png","Text":"وَحِينَ","Translation":"and when","Transliteration":"waḥīna"},{"Position":7,"AudioFileName":"016_006_007.mp3","TajweedImageFilePath":"16/6/7.png","Text":"تَسْرَحُونَ","Translation":"you take them out","Transliteration":"tasraḥūna"},{"Position":8,"AudioFileName":null,"TajweedImageFilePath":"6.png","Text":"٦","Translation":"(6)","Transliteration":null}],"PageNumber":267,"JuzNumber":14,"ManzilNumber":3,"RukuNumber":224,"MaqraNumber":107,"HizbNumber":27,"HizbDecimal":0.5,"HasSajda":false},{"SurahNumber":16,"SurahIndex":"016","VerseNumber":7,"ShowSurahName":false,"ShowBismillah":false,"Words":[{"Position":1,"AudioFileName":"016_007_001.mp3","TajweedImageFilePath":"16/7/1.png","Text":"وَتَحْمِلُ","Translation":"And they carry","Transliteration":"wataḥmilu"},{"Position":2,"AudioFileName":"016_007_002.mp3","TajweedImageFilePath":"16/7/2.png","Text":"أَثْقَالَكُمْ","Translation":"your loads","Transliteration":"athqālakum"},{"Position":3,"AudioFileName":"016_007_003.mp3","TajweedImageFilePath":"16/7/3.png","Text":"إِلَىٰ","Translation":"to","Transliteration":"ilā"},{"Position":4,"AudioFileName":"016_007_004.mp3","TajweedImageFilePath":"16/7/4.png","Text":"بَلَدٍۢ","Translation":"a land","Transliteration":"baladin"},{"Position":5,"AudioFileName":"016_007_005.mp3","TajweedImageFilePath":"16/7/5.png","Text":"لَّمْ","Translation":"not","Transliteration":"lam"},{"Position":6,"AudioFileName":"016_007_006.mp3","TajweedImageFilePath":"16/7/6.png","Text":"تَكُونُوا۟","Translation":"you could","Transliteration":"takūnū"},{"Position":7,"AudioFileName":"016_007_007.mp3","TajweedImageFilePath":"16/7/7.png","Text":"بَـٰلِغِيهِ","Translation":"reach it","Transliteration":"bālighīhi"},{"Position":8,"AudioFileName":"016_007_008.mp3","TajweedImageFilePath":"16/7/8.png","Text":"إِلَّا","Translation":"except","Transliteration":"illā"},{"Position":9,"AudioFileName":"016_007_009.mp3","TajweedImageFilePath":"16/7/9.png","Text":"بِشِقِّ","Translation":"with great trouble","Transliteration":"bishiqqi"},{"Position":10,"AudioFileName":"016_007_010.mp3","TajweedImageFilePath":"16/7/10.png","Text":"ٱلْأَنفُسِ ۚ","Translation":"(to) yourselves","Transliteration":"l-anfusi"},{"Position":11,"AudioFileName":"016_007_011.mp3","TajweedImageFilePath":"16/7/11.png","Text":"إِنَّ","Translation":"Indeed","Transliteration":"inna"},{"Position":12,"AudioFileName":"016_007_012.mp3","TajweedImageFilePath":"16/7/12.png","Text":"رَبَّكُمْ","Translation":"your Lord","Transliteration":"rabbakum"},{"Position":13,"AudioFileName":"016_007_013.mp3","TajweedImageFilePath":"16/7/13.png","Text":"لَرَءُوفٌۭ","Translation":"surely is Most Kind","Transliteration":"laraūfun"},{"Position":14,"AudioFileName":"016_007_014.mp3","TajweedImageFilePath":"16/7/14.png","Text":"رَّحِيمٌۭ","Translation":"Most Merciful","Transliteration":"raḥīmun"},{"Position":15,"AudioFileName":null,"TajweedImageFilePath":"7.png","Text":"٧","Translation":"(7)","Transliteration":null}],"PageNumber":268,"JuzNumber":14,"ManzilNumber":3,"RukuNumber":224,"MaqraNumber":107,"HizbNumber":27,"HizbDecimal":0.5,"HasSajda":false},{"SurahNumber":16,"SurahIndex":"016","VerseNumber":8,"ShowSurahName":false,"ShowBismillah":false,"Words":[{"Position":1,"AudioFileName":"016_008_001.mp3","TajweedImageFilePath":"16/8/1.png","Text":"وَٱلْخَيْلَ","Translation":"And horses","Transliteration":"wal-khayla"},{"Position":2,"AudioFileName":"016_008_002.mp3","TajweedImageFilePath":"16/8/2.png","Text":"وَٱلْبِغَالَ","Translation":"and mules","Transliteration":"wal-bighāla"},{"Position":3,"AudioFileName":"016_008_003.mp3","TajweedImageFilePath":"16/8/3.png","Text":"وَٱلْحَمِيرَ","Translation":"and donkeys","Transliteration":"wal-ḥamīra"},{"Position":4,"AudioFileName":"016_008_004.mp3","TajweedImageFilePath":"16/8/4.png","Text":"لِتَرْكَبُوهَا","Translation":"for you to ride them","Transliteration":"litarkabūhā"},{"Position":5,"AudioFileName":"016_008_005.mp3","TajweedImageFilePath":"16/8/5.png","Text":"وَزِينَةًۭ ۚ","Translation":"and (as) adornment","Transliteration":"wazīnatan"},{"Position":6,"AudioFileName":"016_008_006.mp3","TajweedImageFilePath":"16/8/6.png","Text":"وَيَخْلُقُ","Translation":"And He creates","Transliteration":"wayakhluqu"},{"Position":7,"AudioFileName":"016_008_007.mp3","TajweedImageFilePath":"16/8/7.png","Text":"مَا","Translation":"what","Transliteration":"mā"},{"Position":8,"AudioFileName":"016_008_008.mp3","TajweedImageFilePath":"16/8/8.png","Text":"لَا","Translation":"not","Transliteration":"lā"},{"Position":9,"AudioFileName":"016_008_009.mp3","TajweedImageFilePath":"16/8/9.png","Text":"تَعْلَمُونَ","Translation":"you know","Transliteration":"taʿlamūna"},{"Position":10,"AudioFileName":null,"TajweedImageFilePath":"8.png","Text":"٨","Translation":"(8)","Transliteration":null}],"PageNumber":268,"JuzNumber":14,"ManzilNumber":3,"RukuNumber":224,"MaqraNumber":107,"HizbNumber":27,"HizbDecimal":0.5,"HasSajda":false},{"SurahNumber":16,"SurahIndex":"016","VerseNumber":9,"ShowSurahName":false,"ShowBismillah":false,"Words":[{"Position":1,"AudioFileName":"016_009_001.mp3","TajweedImageFilePath":"16/9/1.png","Text":"وَعَلَى","Translation":"And upon","Transliteration":"waʿalā"},{"Position":2,"AudioFileName":"016_009_002.mp3","TajweedImageFilePath":"16/9/2.png","Text":"ٱللَّهِ","Translation":"Allah","Transliteration":"l-lahi"},{"Position":3,"AudioFileName":"016_009_003.mp3","TajweedImageFilePath":"16/9/3.png","Text":"قَصْدُ","Translation":"(is) the direction","Transliteration":"qaṣdu"},{"Position":4,"AudioFileName":"016_009_004.mp3","TajweedImageFilePath":"16/9/4.png","Text":"ٱلسَّبِيلِ","Translation":"(of) the way","Transliteration":"l-sabīli"},{"Position":5,"AudioFileName":"016_009_005.mp3","TajweedImageFilePath":"16/9/5.png","Text":"وَمِنْهَا","Translation":"and among them","Transliteration":"wamin'hā"},{"Position":6,"AudioFileName":"016_009_006.mp3","TajweedImageFilePath":"16/9/6.png","Text":"جَآئِرٌۭ ۚ","Translation":"(are) crooked","Transliteration":"jāirun"},{"Position":7,"AudioFileName":"016_009_007.mp3","TajweedImageFilePath":"16/9/7.png","Text":"وَلَوْ","Translation":"And if","Transliteration":"walaw"},{"Position":8,"AudioFileName":"016_009_008.mp3","TajweedImageFilePath":"16/9/8.png","Text":"شَآءَ","Translation":"He willed","Transliteration":"shāa"},{"Position":9,"AudioFileName":"016_009_009.mp3","TajweedImageFilePath":"16/9/9.png","Text":"لَهَدَىٰكُمْ","Translation":"surely He would have guided you","Transliteration":"lahadākum"},{"Position":10,"AudioFileName":"016_009_010.mp3","TajweedImageFilePath":"16/9/10.png","Text":"أَجْمَعِينَ","Translation":"all","Transliteration":"ajmaʿīna"},{"Position":11,"AudioFileName":null,"TajweedImageFilePath":"9.png","Text":"٩","Translation":"(9)","Transliteration":null}],"PageNumber":268,"JuzNumber":14,"ManzilNumber":3,"RukuNumber":224,"MaqraNumber":107,"HizbNumber":27,"HizbDecimal":0.5,"HasSajda":false},{"SurahNumber":16,"SurahIndex":"016","VerseNumber":10,"ShowSurahName":false,"ShowBismillah":false,"Words":[{"Position":1,"AudioFileName":"016_010_001.mp3","TajweedImageFilePath":"16/10/1.png","Text":"هُوَ","Translation":"He","Transliteration":"huwa"},{"Position":2,"AudioFileName":"016_010_002.mp3","TajweedImageFilePath":"16/10/2.png","Text":"ٱلَّذِىٓ","Translation":"(is) the One Who","Transliteration":"alladhī"},{"Position":3,"AudioFileName":"016_010_003.mp3","TajweedImageFilePath":"16/10/3.png","Text":"أَنزَلَ","Translation":"sends down","Transliteration":"anzala"},{"Position":4,"AudioFileName":"016_010_004.mp3","TajweedImageFilePath":"16/10/4.png","Text":"مِنَ","Translation":"from","Transliteration":"mina"},{"Position":5,"AudioFileName":"016_010_005.mp3","TajweedImageFilePath":"16/10/5.png","Text":"ٱلسَّمَآءِ","Translation":"the sky","Transliteration":"l-samāi"},{"Position":6,"AudioFileName":"016_010_006.mp3","TajweedImageFilePath":"16/10/6.png","Text":"مَآءًۭ ۖ","Translation":"water","Transliteration":"māan"},{"Position":7,"AudioFileName":"016_010_007.mp3","TajweedImageFilePath":"16/10/7.png","Text":"لَّكُم","Translation":"for you","Transliteration":"lakum"},{"Position":8,"AudioFileName":"016_010_008.mp3","TajweedImageFilePath":"16/10/8.png","Text":"مِّنْهُ","Translation":"of it","Transliteration":"min'hu"},{"Position":9,"AudioFileName":"016_010_009.mp3","TajweedImageFilePath":"16/10/9.png","Text":"شَرَابٌۭ","Translation":"(is) drink","Transliteration":"sharābun"},{"Position":10,"AudioFileName":"016_010_010.mp3","TajweedImageFilePath":"16/10/10.png","Text":"وَمِنْهُ","Translation":"and from it","Transliteration":"wamin'hu"},{"Position":11,"AudioFileName":"016_010_011.mp3","TajweedImageFilePath":"16/10/11.png","Text":"شَجَرٌۭ","Translation":"(grows) vegetation","Transliteration":"shajarun"},{"Position":12,"AudioFileName":"016_010_012.mp3","TajweedImageFilePath":"16/10/12.png","Text":"فِيهِ","Translation":"in which","Transliteration":"fīhi"},{"Position":13,"AudioFileName":"016_010_013.mp3","TajweedImageFilePath":"16/10/13.png","Text":"تُسِيمُونَ","Translation":"you pasture your cattle","Transliteration":"tusīmūna"},{"Position":14,"AudioFileName":null,"TajweedImageFilePath":"10.png","Text":"١٠","Translation":"(10)","Transliteration":null}],"PageNumber":268,"JuzNumber":14,"ManzilNumber":3,"RukuNumber":225,"MaqraNumber":107,"HizbNumber":27,"HizbDecimal":0.5,"HasSajda":false},{"SurahNumber":16,"SurahIndex":"016","VerseNumber":11,"ShowSurahName":false,"ShowBismillah":false,"Words":[{"Position":1,"AudioFileName":"016_011_001.mp3","TajweedImageFilePath":"16/11/1.png","Text":"يُنۢبِتُ","Translation":"He causes to grow","Transliteration":"yunbitu"},{"Position":2,"AudioFileName":"016_011_002.mp3","TajweedImageFilePath":"16/11/2.png","Text":"لَكُم","Translation":"for you","Transliteration":"lakum"},{"Position":3,"AudioFileName":"016_011_003.mp3","TajweedImageFilePath":"16/11/3.png","Text":"بِهِ","Translation":"with it","Transliteration":"bihi"},{"Position":4,"AudioFileName":"016_011_004.mp3","TajweedImageFilePath":"16/11/4.png","Text":"ٱلزَّرْعَ","Translation":"the crops","Transliteration":"l-zarʿa"},{"Position":5,"AudioFileName":"016_011_005.mp3","TajweedImageFilePath":"16/11/5.png","Text":"وَٱلزَّيْتُونَ","Translation":"and the olives","Transliteration":"wal-zaytūna"},{"Position":6,"AudioFileName":"016_011_006.mp3","TajweedImageFilePath":"16/11/6.png","Text":"وَٱلنَّخِيلَ","Translation":"and the date-palms","Transliteration":"wal-nakhīla"},{"Position":7,"AudioFileName":"016_011_007.mp3","TajweedImageFilePath":"16/11/7.png","Text":"وَٱلْأَعْنَـٰبَ","Translation":"and the grapes","Transliteration":"wal-aʿnāba"},{"Position":8,"AudioFileName":"016_011_008.mp3","TajweedImageFilePath":"16/11/8.png","Text":"وَمِن","Translation":"and of","Transliteration":"wamin"},{"Position":9,"AudioFileName":"016_011_009.mp3","TajweedImageFilePath":"16/11/9.png","Text":"كُلِّ","Translation":"every kind","Transliteration":"kulli"},{"Position":10,"AudioFileName":"016_011_010.mp3","TajweedImageFilePath":"16/11/10.png","Text":"ٱلثَّمَرَٰتِ ۗ","Translation":"(of) fruits","Transliteration":"l-thamarāti"},{"Position":11,"AudioFileName":"016_011_011.mp3","TajweedImageFilePath":"16/11/11.png","Text":"إِنَّ","Translation":"Indeed","Transliteration":"inna"},{"Position":12,"AudioFileName":"016_011_012.mp3","TajweedImageFilePath":"16/11/12.png","Text":"فِى","Translation":"in","Transliteration":"fī"},{"Position":13,"AudioFileName":"016_011_013.mp3","TajweedImageFilePath":"16/11/13.png","Text":"ذَٰلِكَ","Translation":"that","Transliteration":"dhālika"},{"Position":14,"AudioFileName":"016_011_014.mp3","TajweedImageFilePath":"16/11/14.png","Text":"لَـَٔايَةًۭ","Translation":"surely (is) a sign","Transliteration":"laāyatan"},{"Position":15,"AudioFileName":"016_011_015.mp3","TajweedImageFilePath":"16/11/15.png","Text":"لِّقَوْمٍۢ","Translation":"for a people","Transliteration":"liqawmin"},{"Position":16,"AudioFileName":"016_011_016.mp3","TajweedImageFilePath":"16/11/16.png","Text":"يَتَفَكَّرُونَ","Translation":"who reflect","Transliteration":"yatafakkarūna"},{"Position":17,"AudioFileName":null,"TajweedImageFilePath":"11.png","Text":"١١","Translation":"(11)","Transliteration":null}],"PageNumber":268,"JuzNumber":14,"ManzilNumber":3,"RukuNumber":225,"MaqraNumber":107,"HizbNumber":27,"HizbDecimal":0.5,"HasSajda":false},{"SurahNumber":16,"SurahIndex":"016","VerseNumber":12,"ShowSurahName":false,"ShowBismillah":false,"Words":[{"Position":1,"AudioFileName":"016_012_001.mp3","TajweedImageFilePath":"16/12/1.png","Text":"وَسَخَّرَ","Translation":"And He has subjected","Transliteration":"wasakhara"},{"Position":2,"AudioFileName":"016_012_002.mp3","TajweedImageFilePath":"16/12/2.png","Text":"لَكُمُ","Translation":"for you","Transliteration":"lakumu"},{"Position":3,"AudioFileName":"016_012_003.mp3","TajweedImageFilePath":"16/12/3.png","Text":"ٱلَّيْلَ","Translation":"the night","Transliteration":"al-layla"},{"Position":4,"AudioFileName":"016_012_004.mp3","TajweedImageFilePath":"16/12/4.png","Text":"وَٱلنَّهَارَ","Translation":"and the day","Transliteration":"wal-nahāra"},{"Position":5,"AudioFileName":"016_012_005.mp3","TajweedImageFilePath":"16/12/5.png","Text":"وَٱلشَّمْسَ","Translation":"and the sun","Transliteration":"wal-shamsa"},{"Position":6,"AudioFileName":"016_012_006.mp3","TajweedImageFilePath":"16/12/6.png","Text":"وَٱلْقَمَرَ ۖ","Translation":"and the moon","Transliteration":"wal-qamara"},{"Position":7,"AudioFileName":"016_012_007.mp3","TajweedImageFilePath":"16/12/7.png","Text":"وَٱلنُّجُومُ","Translation":"and the stars","Transliteration":"wal-nujūmu"},{"Position":8,"AudioFileName":"016_012_008.mp3","TajweedImageFilePath":"16/12/8.png","Text":"مُسَخَّرَٰتٌۢ","Translation":"(are) subjected","Transliteration":"musakharātun"},{"Position":9,"AudioFileName":"016_012_009.mp3","TajweedImageFilePath":"16/12/9.png","Text":"بِأَمْرِهِۦٓ ۗ","Translation":"by His command","Transliteration":"bi-amrihi"},{"Position":10,"AudioFileName":"016_012_010.mp3","TajweedImageFilePath":"16/12/10.png","Text":"إِنَّ","Translation":"Indeed","Transliteration":"inna"},{"Position":11,"AudioFileName":"016_012_011.mp3","TajweedImageFilePath":"16/12/11.png","Text":"فِى","Translation":"in","Transliteration":"fī"},{"Position":12,"AudioFileName":"016_012_012.mp3","TajweedImageFilePath":"16/12/12.png","Text":"ذَٰلِكَ","Translation":"that","Transliteration":"dhālika"},{"Position":13,"AudioFileName":"016_012_013.mp3","TajweedImageFilePath":"16/12/13.png","Text":"لَـَٔايَـٰتٍۢ","Translation":"surely (are) signs","Transliteration":"laāyātin"},{"Position":14,"AudioFileName":"016_012_014.mp3","TajweedImageFilePath":"16/12/14.png","Text":"لِّقَوْمٍۢ","Translation":"for a people","Transliteration":"liqawmin"},{"Position":15,"AudioFileName":"016_012_015.mp3","TajweedImageFilePath":"16/12/15.png","Text":"يَعْقِلُونَ","Translation":"who use reason","Transliteration":"yaʿqilūna"},{"Position":16,"AudioFileName":null,"TajweedImageFilePath":"12.png","Text":"١٢","Translation":"(12)","Transliteration":null}],"PageNumber":268,"JuzNumber":14,"ManzilNumber":3,"RukuNumber":225,"MaqraNumber":107,"HizbNumber":27,"HizbDecimal":0.5,"HasSajda":false},{"SurahNumber":16,"SurahIndex":"016","VerseNumber":13,"ShowSurahName":false,"ShowBismillah":false,"Words":[{"Position":1,"AudioFileName":"016_013_001.mp3","TajweedImageFilePath":"16/13/1.png","Text":"وَمَا","Translation":"And whatever","Transliteration":"wamā"},{"Position":2,"AudioFileName":"016_013_002.mp3","TajweedImageFilePath":"16/13/2.png","Text":"ذَرَأَ","Translation":"He multiplied","Transliteration":"dhara-a"},{"Position":3,"AudioFileName":"016_013_003.mp3","TajweedImageFilePath":"16/13/3.png","Text":"لَكُمْ","Translation":"for you","Transliteration":"lakum"},{"Position":4,"AudioFileName":"016_013_004.mp3","TajweedImageFilePath":"16/13/4.png","Text":"فِى","Translation":"in","Transliteration":"fī"},{"Position":5,"AudioFileName":"016_013_005.mp3","TajweedImageFilePath":"16/13/5.png","Text":"ٱلْأَرْضِ","Translation":"the earth","Transliteration":"l-arḍi"},{"Position":6,"AudioFileName":"016_013_006.mp3","TajweedImageFilePath":"16/13/6.png","Text":"مُخْتَلِفًا","Translation":"(of) varying","Transliteration":"mukh'talifan"},{"Position":7,"AudioFileName":"016_013_007.mp3","TajweedImageFilePath":"16/13/7.png","Text":"أَلْوَٰنُهُۥٓ ۗ","Translation":"colors","Transliteration":"alwānuhu"},{"Position":8,"AudioFileName":"016_013_008.mp3","TajweedImageFilePath":"16/13/8.png","Text":"إِنَّ","Translation":"Indeed","Transliteration":"inna"},{"Position":9,"AudioFileName":"016_013_009.mp3","TajweedImageFilePath":"16/13/9.png","Text":"فِى","Translation":"in","Transliteration":"fī"},{"Position":10,"AudioFileName":"016_013_010.mp3","TajweedImageFilePath":"16/13/10.png","Text":"ذَٰلِكَ","Translation":"that","Transliteration":"dhālika"},{"Position":11,"AudioFileName":"016_013_011.mp3","TajweedImageFilePath":"16/13/11.png","Text":"لَـَٔايَةًۭ","Translation":"surely (is) a sign","Transliteration":"laāyatan"},{"Position":12,"AudioFileName":"016_013_012.mp3","TajweedImageFilePath":"16/13/12.png","Text":"لِّقَوْمٍۢ","Translation":"for a people","Transliteration":"liqawmin"},{"Position":13,"AudioFileName":"016_013_013.mp3","TajweedImageFilePath":"16/13/13.png","Text":"يَذَّكَّرُونَ","Translation":"who remember","Transliteration":"yadhakkarūna"},{"Position":14,"AudioFileName":null,"TajweedImageFilePath":"13.png","Text":"١٣","Translation":"(13)","Transliteration":null}],"PageNumber":268,"JuzNumber":14,"ManzilNumber":3,"RukuNumber":225,"MaqraNumber":107,"HizbNumber":27,"HizbDecimal":0.5,"HasSajda":false},{"SurahNumber":16,"SurahIndex":"016","VerseNumber":14,"ShowSurahName":false,"ShowBismillah":false,"Words":[{"Position":1,"AudioFileName":"016_014_001.mp3","TajweedImageFilePath":"16/14/1.png","Text":"وَهُوَ","Translation":"And He","Transliteration":"wahuwa"},{"Position":2,"AudioFileName":"016_014_002.mp3","TajweedImageFilePath":"16/14/2.png","Text":"ٱلَّذِى","Translation":"(is) the One Who","Transliteration":"alladhī"},{"Position":3,"AudioFileName":"016_014_003.mp3","TajweedImageFilePath":"16/14/3.png","Text":"سَخَّرَ","Translation":"subjected","Transliteration":"sakhara"},{"Position":4,"AudioFileName":"016_014_004.mp3","TajweedImageFilePath":"16/14/4.png","Text":"ٱلْبَحْرَ","Translation":"the sea","Transliteration":"l-baḥra"},{"Position":5,"AudioFileName":"016_014_005.mp3","TajweedImageFilePath":"16/14/5.png","Text":"لِتَأْكُلُوا۟","Translation":"for you to eat","Transliteration":"litakulū"},{"Position":6,"AudioFileName":"016_014_006.mp3","TajweedImageFilePath":"16/14/6.png","Text":"مِنْهُ","Translation":"from it","Transliteration":"min'hu"},{"Position":7,"AudioFileName":"016_014_007.mp3","TajweedImageFilePath":"16/14/7.png","Text":"لَحْمًۭا","Translation":"meat","Transliteration":"laḥman"},{"Position":8,"AudioFileName":"016_014_008.mp3","TajweedImageFilePath":"16/14/8.png","Text":"طَرِيًّۭا","Translation":"fresh","Transliteration":"ṭariyyan"},{"Position":9,"AudioFileName":"016_014_009.mp3","TajweedImageFilePath":"16/14/9.png","Text":"وَتَسْتَخْرِجُوا۟","Translation":"and that you bring forth","Transliteration":"watastakhrijū"},{"Position":10,"AudioFileName":"016_014_010.mp3","TajweedImageFilePath":"16/14/10.png","Text":"مِنْهُ","Translation":"from it","Transliteration":"min'hu"},{"Position":11,"AudioFileName":"016_014_011.mp3","TajweedImageFilePath":"16/14/11.png","Text":"حِلْيَةًۭ","Translation":"ornaments","Transliteration":"ḥil'yatan"},{"Position":12,"AudioFileName":"016_014_012.mp3","TajweedImageFilePath":"16/14/12.png","Text":"تَلْبَسُونَهَا","Translation":"(that) you wear them","Transliteration":"talbasūnahā"},{"Position":13,"AudioFileName":"016_014_013.mp3","TajweedImageFilePath":"16/14/13.png","Text":"وَتَرَى","Translation":"And you see","Transliteration":"watarā"},{"Position":14,"AudioFileName":"016_014_014.mp3","TajweedImageFilePath":"16/14/14.png","Text":"ٱلْفُلْكَ","Translation":"the ships","Transliteration":"l-ful'ka"},{"Position":15,"AudioFileName":"016_014_015.mp3","TajweedImageFilePath":"16/14/15.png","Text":"مَوَاخِرَ","Translation":"ploughing","Transliteration":"mawākhira"},{"Position":16,"AudioFileName":"016_014_016.mp3","TajweedImageFilePath":"16/14/16.png","Text":"فِيهِ","Translation":"through it","Transliteration":"fīhi"},{"Position":17,"AudioFileName":"016_014_017.mp3","TajweedImageFilePath":"16/14/17.png","Text":"وَلِتَبْتَغُوا۟","Translation":"and that you may seek","Transliteration":"walitabtaghū"},{"Position":18,"AudioFileName":"016_014_018.mp3","TajweedImageFilePath":"16/14/18.png","Text":"مِن","Translation":"of","Transliteration":"min"},{"Position":19,"AudioFileName":"016_014_019.mp3","TajweedImageFilePath":"16/14/19.png","Text":"فَضْلِهِۦ","Translation":"His Bounty","Transliteration":"faḍlihi"},{"Position":20,"AudioFileName":"016_014_020.mp3","TajweedImageFilePath":"16/14/20.png","Text":"وَلَعَلَّكُمْ","Translation":"and that you may","Transliteration":"walaʿallakum"},{"Position":21,"AudioFileName":"016_014_021.mp3","TajweedImageFilePath":"16/14/21.png","Text":"تَشْكُرُونَ","Translation":"(be) grateful","Transliteration":"tashkurūna"},{"Position":22,"AudioFileName":null,"TajweedImageFilePath":"14.png","Text":"١٤","Translation":"(14)","Transliteration":null}],"PageNumber":268,"JuzNumber":14,"ManzilNumber":3,"RukuNumber":225,"MaqraNumber":107,"HizbNumber":27,"HizbDecimal":0.5,"HasSajda":false},{"SurahNumber":16,"SurahIndex":"016","VerseNumber":15,"ShowSurahName":false,"ShowBismillah":false,"Words":[{"Position":1,"AudioFileName":"016_015_001.mp3","TajweedImageFilePath":"16/15/1.png","Text":"وَأَلْقَىٰ","Translation":"And He has cast","Transliteration":"wa-alqā"},{"Position":2,"AudioFileName":"016_015_002.mp3","TajweedImageFilePath":"16/15/2.png","Text":"فِى","Translation":"in","Transliteration":"fī"},{"Position":3,"AudioFileName":"016_015_003.mp3","TajweedImageFilePath":"16/15/3.png","Text":"ٱلْأَرْضِ","Translation":"the earth","Transliteration":"l-arḍi"},{"Position":4,"AudioFileName":"016_015_004.mp3","TajweedImageFilePath":"16/15/4.png","Text":"رَوَٰسِىَ","Translation":"firm mountains","Transliteration":"rawāsiya"},{"Position":5,"AudioFileName":"016_015_005.mp3","TajweedImageFilePath":"16/15/5.png","Text":"أَن","Translation":"lest","Transliteration":"an"},{"Position":6,"AudioFileName":"016_015_006.mp3","TajweedImageFilePath":"16/15/6.png","Text":"تَمِيدَ","Translation":"it should shake","Transliteration":"tamīda"},{"Position":7,"AudioFileName":"016_015_007.mp3","TajweedImageFilePath":"16/15/7.png","Text":"بِكُمْ","Translation":"with you","Transliteration":"bikum"},{"Position":8,"AudioFileName":"016_015_008.mp3","TajweedImageFilePath":"16/15/8.png","Text":"وَأَنْهَـٰرًۭا","Translation":"and rivers","Transliteration":"wa-anhāran"},{"Position":9,"AudioFileName":"016_015_009.mp3","TajweedImageFilePath":"16/15/9.png","Text":"وَسُبُلًۭا","Translation":"and roads","Transliteration":"wasubulan"},{"Position":10,"AudioFileName":"016_015_010.mp3","TajweedImageFilePath":"16/15/10.png","Text":"لَّعَلَّكُمْ","Translation":"so that you may","Transliteration":"laʿallakum"},{"Position":11,"AudioFileName":"016_015_011.mp3","TajweedImageFilePath":"16/15/11.png","Text":"تَهْتَدُونَ","Translation":"be guided","Transliteration":"tahtadūna"},{"Position":12,"AudioFileName":null,"TajweedImageFilePath":"15.png","Text":"١٥","Translation":"(15)","Transliteration":null}],"PageNumber":269,"JuzNumber":14,"ManzilNumber":3,"RukuNumber":225,"MaqraNumber":107,"HizbNumber":27,"HizbDecimal":0.5,"HasSajda":false},{"SurahNumber":16,"SurahIndex":"016","VerseNumber":16,"ShowSurahName":false,"ShowBismillah":false,"Words":[{"Position":1,"AudioFileName":"016_016_001.mp3","TajweedImageFilePath":"16/16/1.png","Text":"وَعَلَـٰمَـٰتٍۢ ۚ","Translation":"And landmarks","Transliteration":"waʿalāmātin"},{"Position":2,"AudioFileName":"016_016_002.mp3","TajweedImageFilePath":"16/16/2.png","Text":"وَبِٱلنَّجْمِ","Translation":"And by the stars","Transliteration":"wabil-najmi"},{"Position":3,"AudioFileName":"016_016_003.mp3","TajweedImageFilePath":"16/16/3.png","Text":"هُمْ","Translation":"they","Transliteration":"hum"},{"Position":4,"AudioFileName":"016_016_004.mp3","TajweedImageFilePath":"16/16/4.png","Text":"يَهْتَدُونَ","Translation":"guide themselves","Transliteration":"yahtadūna"},{"Position":5,"AudioFileName":null,"TajweedImageFilePath":"16.png","Text":"١٦","Translation":"(16)","Transliteration":null}],"PageNumber":269,"JuzNumber":14,"ManzilNumber":3,"RukuNumber":225,"MaqraNumber":107,"HizbNumber":27,"HizbDecimal":0.5,"HasSajda":false},{"SurahNumber":16,"SurahIndex":"016","VerseNumber":17,"ShowSurahName":false,"ShowBismillah":false,"Words":[{"Position":1,"AudioFileName":"016_017_001.mp3","TajweedImageFilePath":"16/17/1.png","Text":"أَفَمَن","Translation":"Then is He Who","Transliteration":"afaman"},{"Position":2,"AudioFileName":"016_017_002.mp3","TajweedImageFilePath":"16/17/2.png","Text":"يَخْلُقُ","Translation":"creates","Transliteration":"yakhluqu"},{"Position":3,"AudioFileName":"016_017_003.mp3","TajweedImageFilePath":"16/17/3.png","Text":"كَمَن","Translation":"like one who","Transliteration":"kaman"},{"Position":4,"AudioFileName":"016_017_004.mp3","TajweedImageFilePath":"16/17/4.png","Text":"لَّا","Translation":"(does) not","Transliteration":"lā"},{"Position":5,"AudioFileName":"016_017_005.mp3","TajweedImageFilePath":"16/17/5.png","Text":"يَخْلُقُ ۗ","Translation":"create","Transliteration":"yakhluqu"},{"Position":6,"AudioFileName":"016_017_006.mp3","TajweedImageFilePath":"16/17/6.png","Text":"أَفَلَا","Translation":"Then will you not","Transliteration":"afalā"},{"Position":7,"AudioFileName":"016_017_007.mp3","TajweedImageFilePath":"16/17/7.png","Text":"تَذَكَّرُونَ","Translation":"remember","Transliteration":"tadhakkarūna"},{"Position":8,"AudioFileName":null,"TajweedImageFilePath":"17.png","Text":"١٧","Translation":"(17)","Transliteration":null}],"PageNumber":269,"JuzNumber":14,"ManzilNumber":3,"RukuNumber":225,"MaqraNumber":107,"HizbNumber":27,"HizbDecimal":0.5,"HasSajda":false},{"SurahNumber":16,"SurahIndex":"016","VerseNumber":18,"ShowSurahName":false,"ShowBismillah":false,"Words":[{"Position":1,"AudioFileName":"016_018_001.mp3","TajweedImageFilePath":"16/18/1.png","Text":"وَإِن","Translation":"And if","Transliteration":"wa-in"},{"Position":2,"AudioFileName":"016_018_002.mp3","TajweedImageFilePath":"16/18/2.png","Text":"تَعُدُّوا۟","Translation":"you should count","Transliteration":"taʿuddū"},{"Position":3,"AudioFileName":"016_018_003.mp3","TajweedImageFilePath":"16/18/3.png","Text":"نِعْمَةَ","Translation":"the Favors of Allah","Transliteration":"niʿ'mata"},{"Position":4,"AudioFileName":"016_018_004.mp3","TajweedImageFilePath":"16/18/4.png","Text":"ٱللَّهِ","Translation":"the Favors of Allah","Transliteration":"l-lahi"},{"Position":5,"AudioFileName":"016_018_005.mp3","TajweedImageFilePath":"16/18/5.png","Text":"لَا","Translation":"not","Transliteration":"lā"},{"Position":6,"AudioFileName":"016_018_006.mp3","TajweedImageFilePath":"16/18/6.png","Text":"تُحْصُوهَآ ۗ","Translation":"you could enumerate them","Transliteration":"tuḥ'ṣūhā"},{"Position":7,"AudioFileName":"016_018_007.mp3","TajweedImageFilePath":"16/18/7.png","Text":"إِنَّ","Translation":"Indeed","Transliteration":"inna"},{"Position":8,"AudioFileName":"016_018_008.mp3","TajweedImageFilePath":"16/18/8.png","Text":"ٱللَّهَ","Translation":"Allah","Transliteration":"l-laha"},{"Position":9,"AudioFileName":"016_018_009.mp3","TajweedImageFilePath":"16/18/9.png","Text":"لَغَفُورٌۭ","Translation":"(is) Oft-Forgiving","Transliteration":"laghafūrun"},{"Position":10,"AudioFileName":"016_018_010.mp3","TajweedImageFilePath":"16/18/10.png","Text":"رَّحِيمٌۭ","Translation":"Most Merciful","Transliteration":"raḥīmun"},{"Position":11,"AudioFileName":null,"TajweedImageFilePath":"18.png","Text":"١٨","Translation":"(18)","Transliteration":null}],"PageNumber":269,"JuzNumber":14,"ManzilNumber":3,"RukuNumber":225,"MaqraNumber":107,"HizbNumber":27,"HizbDecimal":0.5,"HasSajda":false},{"SurahNumber":16,"SurahIndex":"016","VerseNumber":19,"ShowSurahName":false,"ShowBismillah":false,"Words":[{"Position":1,"AudioFileName":"016_019_001.mp3","TajweedImageFilePath":"16/19/1.png","Text":"وَٱللَّهُ","Translation":"And Allah","Transliteration":"wal-lahu"},{"Position":2,"AudioFileName":"016_019_002.mp3","TajweedImageFilePath":"16/19/2.png","Text":"يَعْلَمُ","Translation":"knows","Transliteration":"yaʿlamu"},{"Position":3,"AudioFileName":"016_019_003.mp3","TajweedImageFilePath":"16/19/3.png","Text":"مَا","Translation":"what","Transliteration":"mā"},{"Position":4,"AudioFileName":"016_019_004.mp3","TajweedImageFilePath":"16/19/4.png","Text":"تُسِرُّونَ","Translation":"you conceal","Transliteration":"tusirrūna"},{"Position":5,"AudioFileName":"016_019_005.mp3","TajweedImageFilePath":"16/19/5.png","Text":"وَمَا","Translation":"and what","Transliteration":"wamā"},{"Position":6,"AudioFileName":"016_019_006.mp3","TajweedImageFilePath":"16/19/6.png","Text":"تُعْلِنُونَ","Translation":"you reveal","Transliteration":"tuʿ'linūna"},{"Position":7,"AudioFileName":null,"TajweedImageFilePath":"19.png","Text":"١٩","Translation":"(19)","Transliteration":null}],"PageNumber":269,"JuzNumber":14,"ManzilNumber":3,"RukuNumber":225,"MaqraNumber":107,"HizbNumber":27,"HizbDecimal":0.5,"HasSajda":false},{"SurahNumber":16,"SurahIndex":"016","VerseNumber":20,"ShowSurahName":false,"ShowBismillah":false,"Words":[{"Position":1,"AudioFileName":"016_020_001.mp3","TajweedImageFilePath":"16/20/1.png","Text":"وَٱلَّذِينَ","Translation":"And those whom","Transliteration":"wa-alladhīna"},{"Position":2,"AudioFileName":"016_020_002.mp3","TajweedImageFilePath":"16/20/2.png","Text":"يَدْعُونَ","Translation":"they invoke","Transliteration":"yadʿūna"},{"Position":3,"AudioFileName":"016_020_003.mp3","TajweedImageFilePath":"16/20/3.png","Text":"مِن","Translation":"besides","Transliteration":"min"},{"Position":4,"AudioFileName":"016_020_004.mp3","TajweedImageFilePath":"16/20/4.png","Text":"دُونِ","Translation":"besides","Transliteration":"dūni"},{"Position":5,"AudioFileName":"016_020_005.mp3","TajweedImageFilePath":"16/20/5.png","Text":"ٱللَّهِ","Translation":"Allah","Transliteration":"l-lahi"},{"Position":6,"AudioFileName":"016_020_006.mp3","TajweedImageFilePath":"16/20/6.png","Text":"لَا","Translation":"not","Transliteration":"lā"},{"Position":7,"AudioFileName":"016_020_007.mp3","TajweedImageFilePath":"16/20/7.png","Text":"يَخْلُقُونَ","Translation":"they create","Transliteration":"yakhluqūna"},{"Position":8,"AudioFileName":"016_020_008.mp3","TajweedImageFilePath":"16/20/8.png","Text":"شَيْـًۭٔا","Translation":"anything","Transliteration":"shayan"},{"Position":9,"AudioFileName":"016_020_009.mp3","TajweedImageFilePath":"16/20/9.png","Text":"وَهُمْ","Translation":"but (are) themselves","Transliteration":"wahum"},{"Position":10,"AudioFileName":"016_020_010.mp3","TajweedImageFilePath":"16/20/10.png","Text":"يُخْلَقُونَ","Translation":"created","Transliteration":"yukh'laqūna"},{"Position":11,"AudioFileName":null,"TajweedImageFilePath":"20.png","Text":"٢٠","Translation":"(20)","Transliteration":null}],"PageNumber":269,"JuzNumber":14,"ManzilNumber":3,"RukuNumber":225,"MaqraNumber":107,"HizbNumber":27,"HizbDecimal":0.5,"HasSajda":false},{"SurahNumber":16,"SurahIndex":"016","VerseNumber":21,"ShowSurahName":false,"ShowBismillah":false,"Words":[{"Position":1,"AudioFileName":"016_021_001.mp3","TajweedImageFilePath":"16/21/1.png","Text":"أَمْوَٰتٌ","Translation":"(They are) dead","Transliteration":"amwātun"},{"Position":2,"AudioFileName":"016_021_002.mp3","TajweedImageFilePath":"16/21/2.png","Text":"غَيْرُ","Translation":"not alive","Transliteration":"ghayru"},{"Position":3,"AudioFileName":"016_021_003.mp3","TajweedImageFilePath":"16/21/3.png","Text":"أَحْيَآءٍۢ ۖ","Translation":"not alive","Transliteration":"aḥyāin"},{"Position":4,"AudioFileName":"016_021_004.mp3","TajweedImageFilePath":"16/21/4.png","Text":"وَمَا","Translation":"And not","Transliteration":"wamā"},{"Position":5,"AudioFileName":"016_021_005.mp3","TajweedImageFilePath":"16/21/5.png","Text":"يَشْعُرُونَ","Translation":"they perceive","Transliteration":"yashʿurūna"},{"Position":6,"AudioFileName":"016_021_006.mp3","TajweedImageFilePath":"16/21/6.png","Text":"أَيَّانَ","Translation":"when","Transliteration":"ayyāna"},{"Position":7,"AudioFileName":"016_021_007.mp3","TajweedImageFilePath":"16/21/7.png","Text":"يُبْعَثُونَ","Translation":"they will be resurrected","Transliteration":"yub'ʿathūna"},{"Position":8,"AudioFileName":null,"TajweedImageFilePath":"21.png","Text":"٢١","Translation":"(21)","Transliteration":null}],"PageNumber":269,"JuzNumber":14,"ManzilNumber":3,"RukuNumber":225,"MaqraNumber":107,"HizbNumber":27,"HizbDecimal":0.5,"HasSajda":false},{"SurahNumber":16,"SurahIndex":"016","VerseNumber":22,"ShowSurahName":false,"ShowBismillah":false,"Words":[{"Position":1,"AudioFileName":"016_022_001.mp3","TajweedImageFilePath":"16/22/1.png","Text":"إِلَـٰهُكُمْ","Translation":"Your god","Transliteration":"ilāhukum"},{"Position":2,"AudioFileName":"016_022_002.mp3","TajweedImageFilePath":"16/22/2.png","Text":"إِلَـٰهٌۭ","Translation":"(is) God","Transliteration":"ilāhun"},{"Position":3,"AudioFileName":"016_022_003.mp3","TajweedImageFilePath":"16/22/3.png","Text":"وَٰحِدٌۭ ۚ","Translation":"One","Transliteration":"wāḥidun"},{"Position":4,"AudioFileName":"016_022_004.mp3","TajweedImageFilePath":"16/22/4.png","Text":"فَٱلَّذِينَ","Translation":"But those who","Transliteration":"fa-alladhīna"},{"Position":5,"AudioFileName":"016_022_005.mp3","TajweedImageFilePath":"16/22/5.png","Text":"لَا","Translation":"(do) not","Transliteration":"lā"},{"Position":6,"AudioFileName":"016_022_006.mp3","TajweedImageFilePath":"16/22/6.png","Text":"يُؤْمِنُونَ","Translation":"believe","Transliteration":"yu'minūna"},{"Position":7,"AudioFileName":"016_022_007.mp3","TajweedImageFilePath":"16/22/7.png","Text":"بِٱلْـَٔاخِرَةِ","Translation":"in the Hereafter","Transliteration":"bil-ākhirati"},{"Position":8,"AudioFileName":"016_022_008.mp3","TajweedImageFilePath":"16/22/8.png","Text":"قُلُوبُهُم","Translation":"their hearts","Transliteration":"qulūbuhum"},{"Position":9,"AudioFileName":"016_022_009.mp3","TajweedImageFilePath":"16/22/9.png","Text":"مُّنكِرَةٌۭ","Translation":"refuse","Transliteration":"munkiratun"},{"Position":10,"AudioFileName":"016_022_010.mp3","TajweedImageFilePath":"16/22/10.png","Text":"وَهُم","Translation":"and they","Transliteration":"wahum"},{"Position":11,"AudioFileName":"016_022_011.mp3","TajweedImageFilePath":"16/22/11.png","Text":"مُّسْتَكْبِرُونَ","Translation":"(are) arrogant","Transliteration":"mus'takbirūna"},{"Position":12,"AudioFileName":null,"TajweedImageFilePath":"22.png","Text":"٢٢","Translation":"(22)","Transliteration":null}],"PageNumber":269,"JuzNumber":14,"ManzilNumber":3,"RukuNumber":226,"MaqraNumber":107,"HizbNumber":27,"HizbDecimal":0.5,"HasSajda":false},{"SurahNumber":16,"SurahIndex":"016","VerseNumber":23,"ShowSurahName":false,"ShowBismillah":false,"Words":[{"Position":1,"AudioFileName":"016_023_001.mp3","TajweedImageFilePath":"16/23/1.png","Text":"لَا","Translation":"No doubt","Transliteration":"lā"},{"Position":2,"AudioFileName":"016_023_002.mp3","TajweedImageFilePath":"16/23/2.png","Text":"جَرَمَ","Translation":"No doubt","Transliteration":"jarama"},{"Position":3,"AudioFileName":"016_023_003.mp3","TajweedImageFilePath":"16/23/3.png","Text":"أَنَّ","Translation":"that","Transliteration":"anna"},{"Position":4,"AudioFileName":"016_023_004.mp3","TajweedImageFilePath":"16/23/4.png","Text":"ٱللَّهَ","Translation":"Allah","Transliteration":"l-laha"},{"Position":5,"AudioFileName":"016_023_005.mp3","TajweedImageFilePath":"16/23/5.png","Text":"يَعْلَمُ","Translation":"knows","Transliteration":"yaʿlamu"},{"Position":6,"AudioFileName":"016_023_006.mp3","TajweedImageFilePath":"16/23/6.png","Text":"مَا","Translation":"what","Transliteration":"mā"},{"Position":7,"AudioFileName":"016_023_007.mp3","TajweedImageFilePath":"16/23/7.png","Text":"يُسِرُّونَ","Translation":"they conceal","Transliteration":"yusirrūna"},{"Position":8,"AudioFileName":"016_023_008.mp3","TajweedImageFilePath":"16/23/8.png","Text":"وَمَا","Translation":"and what","Transliteration":"wamā"},{"Position":9,"AudioFileName":"016_023_009.mp3","TajweedImageFilePath":"16/23/9.png","Text":"يُعْلِنُونَ ۚ","Translation":"they reveal","Transliteration":"yuʿ'linūna"},{"Position":10,"AudioFileName":"016_023_010.mp3","TajweedImageFilePath":"16/23/10.png","Text":"إِنَّهُۥ","Translation":"Indeed, He","Transliteration":"innahu"},{"Position":11,"AudioFileName":"016_023_011.mp3","TajweedImageFilePath":"16/23/11.png","Text":"لَا","Translation":"(does) not","Transliteration":"lā"},{"Position":12,"AudioFileName":"016_023_012.mp3","TajweedImageFilePath":"16/23/12.png","Text":"يُحِبُّ","Translation":"love","Transliteration":"yuḥibbu"},{"Position":13,"AudioFileName":"016_023_013.mp3","TajweedImageFilePath":"16/23/13.png","Text":"ٱلْمُسْتَكْبِرِينَ","Translation":"the arrogant ones","Transliteration":"l-mus'takbirīna"},{"Position":14,"AudioFileName":null,"TajweedImageFilePath":"23.png","Text":"٢٣","Translation":"(23)","Transliteration":null}],"PageNumber":269,"JuzNumber":14,"ManzilNumber":3,"RukuNumber":226,"MaqraNumber":107,"HizbNumber":27,"HizbDecimal":0.5,"HasSajda":false},{"SurahNumber":16,"SurahIndex":"016","VerseNumber":24,"ShowSurahName":false,"ShowBismillah":false,"Words":[{"Position":1,"AudioFileName":"016_024_001.mp3","TajweedImageFilePath":"16/24/1.png","Text":"وَإِذَا","Translation":"And when","Transliteration":"wa-idhā"},{"Position":2,"AudioFileName":"016_024_002.mp3","TajweedImageFilePath":"16/24/2.png","Text":"قِيلَ","Translation":"it is said","Transliteration":"qīla"},{"Position":3,"AudioFileName":"016_024_003.mp3","TajweedImageFilePath":"16/24/3.png","Text":"لَهُم","Translation":"to them","Transliteration":"lahum"},{"Position":4,"AudioFileName":"016_024_004.mp3","TajweedImageFilePath":"16/24/4.png","Text":"مَّاذَآ","Translation":"What","Transliteration":"mādhā"},{"Position":5,"AudioFileName":"016_024_005.mp3","TajweedImageFilePath":"16/24/5.png","Text":"أَنزَلَ","Translation":"has your Lord sent down","Transliteration":"anzala"},{"Position":6,"AudioFileName":"016_024_006.mp3","TajweedImageFilePath":"16/24/6.png","Text":"رَبُّكُمْ ۙ","Translation":"has your Lord sent down","Transliteration":"rabbukum"},{"Position":7,"AudioFileName":"016_024_007.mp3","TajweedImageFilePath":"16/24/7.png","Text":"قَالُوٓا۟","Translation":"They say","Transliteration":"qālū"},{"Position":8,"AudioFileName":"016_024_008.mp3","TajweedImageFilePath":"16/24/8.png","Text":"أَسَـٰطِيرُ","Translation":"Tales","Transliteration":"asāṭīru"},{"Position":9,"AudioFileName":"016_024_009.mp3","TajweedImageFilePath":"16/24/9.png","Text":"ٱلْأَوَّلِينَ","Translation":"(of) the ancient","Transliteration":"l-awalīna"},{"Position":10,"AudioFileName":null,"TajweedImageFilePath":"24.png","Text":"٢٤","Translation":"(24)","Transliteration":null}],"PageNumber":269,"JuzNumber":14,"ManzilNumber":3,"RukuNumber":226,"MaqraNumber":107,"HizbNumber":27,"HizbDecimal":0.5,"HasSajda":false},{"SurahNumber":16,"SurahIndex":"016","VerseNumber":25,"ShowSurahName":false,"ShowBismillah":false,"Words":[{"Position":1,"AudioFileName":"016_025_001.mp3","TajweedImageFilePath":"16/25/1.png","Text":"لِيَحْمِلُوٓا۟","Translation":"That they may bear","Transliteration":"liyaḥmilū"},{"Position":2,"AudioFileName":"016_025_002.mp3","TajweedImageFilePath":"16/25/2.png","Text":"أَوْزَارَهُمْ","Translation":"their own burdens","Transliteration":"awzārahum"},{"Position":3,"AudioFileName":"016_025_003.mp3","TajweedImageFilePath":"16/25/3.png","Text":"كَامِلَةًۭ","Translation":"(in) full","Transliteration":"kāmilatan"},{"Position":4,"AudioFileName":"016_025_004.mp3","TajweedImageFilePath":"16/25/4.png","Text":"يَوْمَ","Translation":"on (the) Day","Transliteration":"yawma"},{"Position":5,"AudioFileName":"016_025_005.mp3","TajweedImageFilePath":"16/25/5.png","Text":"ٱلْقِيَـٰمَةِ ۙ","Translation":"(of) the Resurrection","Transliteration":"l-qiyāmati"},{"Position":6,"AudioFileName":"016_025_006.mp3","TajweedImageFilePath":"16/25/6.png","Text":"وَمِنْ","Translation":"and of","Transliteration":"wamin"},{"Position":7,"AudioFileName":"016_025_007.mp3","TajweedImageFilePath":"16/25/7.png","Text":"أَوْزَارِ","Translation":"the burdens","Transliteration":"awzāri"},{"Position":8,"AudioFileName":"016_025_008.mp3","TajweedImageFilePath":"16/25/8.png","Text":"ٱلَّذِينَ","Translation":"(of) those whom","Transliteration":"alladhīna"},{"Position":9,"AudioFileName":"016_025_009.mp3","TajweedImageFilePath":"16/25/9.png","Text":"يُضِلُّونَهُم","Translation":"they misled [them]","Transliteration":"yuḍillūnahum"},{"Position":10,"AudioFileName":"016_025_010.mp3","TajweedImageFilePath":"16/25/10.png","Text":"بِغَيْرِ","Translation":"without","Transliteration":"bighayri"},{"Position":11,"AudioFileName":"016_025_011.mp3","TajweedImageFilePath":"16/25/11.png","Text":"عِلْمٍ ۗ","Translation":"knowledge","Transliteration":"ʿil'min"},{"Position":12,"AudioFileName":"016_025_012.mp3","TajweedImageFilePath":"16/25/12.png","Text":"أَلَا","Translation":"Unquestionably","Transliteration":"alā"},{"Position":13,"AudioFileName":"016_025_013.mp3","TajweedImageFilePath":"16/25/13.png","Text":"سَآءَ","Translation":"evil","Transliteration":"sāa"},{"Position":14,"AudioFileName":"016_025_014.mp3","TajweedImageFilePath":"16/25/14.png","Text":"مَا","Translation":"(is) what","Transliteration":"mā"},{"Position":15,"AudioFileName":"016_025_015.mp3","TajweedImageFilePath":"16/25/15.png","Text":"يَزِرُونَ","Translation":"they will bear","Transliteration":"yazirūna"},{"Position":16,"AudioFileName":null,"TajweedImageFilePath":"25.png","Text":"٢٥","Translation":"(25)","Transliteration":null}],"PageNumber":269,"JuzNumber":14,"ManzilNumber":3,"RukuNumber":226,"MaqraNumber":107,"HizbNumber":27,"HizbDecimal":0.5,"HasSajda":false},{"SurahNumber":16,"SurahIndex":"016","VerseNumber":26,"ShowSurahName":false,"ShowBismillah":false,"Words":[{"Position":1,"AudioFileName":"016_026_001.mp3","TajweedImageFilePath":"16/26/1.png","Text":"قَدْ","Translation":"Verily","Transliteration":"qad"},{"Position":2,"AudioFileName":"016_026_002.mp3","TajweedImageFilePath":"16/26/2.png","Text":"مَكَرَ","Translation":"plotted","Transliteration":"makara"},{"Position":3,"AudioFileName":"016_026_003.mp3","TajweedImageFilePath":"16/26/3.png","Text":"ٱلَّذِينَ","Translation":"those who","Transliteration":"alladhīna"},{"Position":4,"AudioFileName":"016_026_004.mp3","TajweedImageFilePath":"16/26/4.png","Text":"مِن","Translation":"(were) before them","Transliteration":"min"},{"Position":5,"AudioFileName":"016_026_005.mp3","TajweedImageFilePath":"16/26/5.png","Text":"قَبْلِهِمْ","Translation":"(were) before them","Transliteration":"qablihim"},{"Position":6,"AudioFileName":"016_026_006.mp3","TajweedImageFilePath":"16/26/6.png","Text":"فَأَتَى","Translation":"but Allah came","Transliteration":"fa-atā"},{"Position":7,"AudioFileName":"016_026_007.mp3","TajweedImageFilePath":"16/26/7.png","Text":"ٱللَّهُ","Translation":"but Allah came","Transliteration":"l-lahu"},{"Position":8,"AudioFileName":"016_026_008.mp3","TajweedImageFilePath":"16/26/8.png","Text":"بُنْيَـٰنَهُم","Translation":"(at) their building","Transliteration":"bun'yānahum"},{"Position":9,"AudioFileName":"016_026_009.mp3","TajweedImageFilePath":"16/26/9.png","Text":"مِّنَ","Translation":"from","Transliteration":"mina"},{"Position":10,"AudioFileName":"016_026_010.mp3","TajweedImageFilePath":"16/26/10.png","Text":"ٱلْقَوَاعِدِ","Translation":"the foundations","Transliteration":"l-qawāʿidi"},{"Position":11,"AudioFileName":"016_026_011.mp3","TajweedImageFilePath":"16/26/11.png","Text":"فَخَرَّ","Translation":"so fell","Transliteration":"fakharra"},{"Position":12,"AudioFileName":"016_026_012.mp3","TajweedImageFilePath":"16/26/12.png","Text":"عَلَيْهِمُ","Translation":"upon them","Transliteration":"ʿalayhimu"},{"Position":13,"AudioFileName":"016_026_013.mp3","TajweedImageFilePath":"16/26/13.png","Text":"ٱلسَّقْفُ","Translation":"the roof","Transliteration":"l-saqfu"},{"Position":14,"AudioFileName":"016_026_014.mp3","TajweedImageFilePath":"16/26/14.png","Text":"مِن","Translation":"from","Transliteration":"min"},{"Position":15,"AudioFileName":"016_026_015.mp3","TajweedImageFilePath":"16/26/15.png","Text":"فَوْقِهِمْ","Translation":"above them","Transliteration":"fawqihim"},{"Position":16,"AudioFileName":"016_026_016.mp3","TajweedImageFilePath":"16/26/16.png","Text":"وَأَتَىٰهُمُ","Translation":"and came to them","Transliteration":"wa-atāhumu"},{"Position":17,"AudioFileName":"016_026_017.mp3","TajweedImageFilePath":"16/26/17.png","Text":"ٱلْعَذَابُ","Translation":"the punishment","Transliteration":"l-ʿadhābu"},{"Position":18,"AudioFileName":"016_026_018.mp3","TajweedImageFilePath":"16/26/18.png","Text":"مِنْ","Translation":"from","Transliteration":"min"},{"Position":19,"AudioFileName":"016_026_019.mp3","TajweedImageFilePath":"16/26/19.png","Text":"حَيْثُ","Translation":"where","Transliteration":"ḥaythu"},{"Position":20,"AudioFileName":"016_026_020.mp3","TajweedImageFilePath":"16/26/20.png","Text":"لَا","Translation":"they (did) not perceive","Transliteration":"lā"},{"Position":21,"AudioFileName":"016_026_021.mp3","TajweedImageFilePath":"16/26/21.png","Text":"يَشْعُرُونَ","Translation":"they (did) not perceive","Transliteration":"yashʿurūna"},{"Position":22,"AudioFileName":null,"TajweedImageFilePath":"26.png","Text":"٢٦","Translation":"(26)","Transliteration":null}],"PageNumber":269,"JuzNumber":14,"ManzilNumber":3,"RukuNumber":227,"MaqraNumber":107,"HizbNumber":27,"HizbDecimal":0.5,"HasSajda":false},{"SurahNumber":16,"SurahIndex":"016","VerseNumber":27,"ShowSurahName":false,"ShowBismillah":false,"Words":[{"Position":1,"AudioFileName":"016_027_001.mp3","TajweedImageFilePath":"16/27/1.png","Text":"ثُمَّ","Translation":"Then","Transliteration":"thumma"},{"Position":2,"AudioFileName":"016_027_002.mp3","TajweedImageFilePath":"16/27/2.png","Text":"يَوْمَ","Translation":"(on) the Day","Transliteration":"yawma"},{"Position":3,"AudioFileName":"016_027_003.mp3","TajweedImageFilePath":"16/27/3.png","Text":"ٱلْقِيَـٰمَةِ","Translation":"(of) the Resurrection","Transliteration":"l-qiyāmati"},{"Position":4,"AudioFileName":"016_027_004.mp3","TajweedImageFilePath":"16/27/4.png","Text":"يُخْزِيهِمْ","Translation":"He will disgrace them","Transliteration":"yukh'zīhim"},{"Position":5,"AudioFileName":"016_027_005.mp3","TajweedImageFilePath":"16/27/5.png","Text":"وَيَقُولُ","Translation":"and say","Transliteration":"wayaqūlu"},{"Position":6,"AudioFileName":"016_027_006.mp3","TajweedImageFilePath":"16/27/6.png","Text":"أَيْنَ","Translation":"Where","Transliteration":"ayna"},{"Position":7,"AudioFileName":"016_027_007.mp3","TajweedImageFilePath":"16/27/7.png","Text":"شُرَكَآءِىَ","Translation":"(are) My partners","Transliteration":"shurakāiya"},{"Position":8,"AudioFileName":"016_027_008.mp3","TajweedImageFilePath":"16/27/8.png","Text":"ٱلَّذِينَ","Translation":"those (for) whom","Transliteration":"alladhīna"},{"Position":9,"AudioFileName":"016_027_009.mp3","TajweedImageFilePath":"16/27/9.png","Text":"كُنتُمْ","Translation":"you used (to)","Transliteration":"kuntum"},{"Position":10,"AudioFileName":"016_027_010.mp3","TajweedImageFilePath":"16/27/10.png","Text":"تُشَـٰٓقُّونَ","Translation":"oppose","Transliteration":"tushāqqūna"},{"Position":11,"AudioFileName":"016_027_011.mp3","TajweedImageFilePath":"16/27/11.png","Text":"فِيهِمْ ۚ","Translation":"[in them]","Transliteration":"fīhim"},{"Position":12,"AudioFileName":"016_027_012.mp3","TajweedImageFilePath":"16/27/12.png","Text":"قَالَ","Translation":"Will say","Transliteration":"qāla"},{"Position":13,"AudioFileName":"016_027_013.mp3","TajweedImageFilePath":"16/27/13.png","Text":"ٱلَّذِينَ","Translation":"those who","Transliteration":"alladhīna"},{"Position":14,"AudioFileName":"016_027_014.mp3","TajweedImageFilePath":"16/27/14.png","Text":"أُوتُوا۟","Translation":"were given","Transliteration":"ūtū"},{"Position":15,"AudioFileName":"016_027_015.mp3","TajweedImageFilePath":"16/27/15.png","Text":"ٱلْعِلْمَ","Translation":"the knowledge","Transliteration":"l-ʿil'ma"},{"Position":16,"AudioFileName":"016_027_016.mp3","TajweedImageFilePath":"16/27/16.png","Text":"إِنَّ","Translation":"Indeed","Transliteration":"inna"},{"Position":17,"AudioFileName":"016_027_017.mp3","TajweedImageFilePath":"16/27/17.png","Text":"ٱلْخِزْىَ","Translation":"the disgrace","Transliteration":"l-khiz'ya"},{"Position":18,"AudioFileName":"016_027_018.mp3","TajweedImageFilePath":"16/27/18.png","Text":"ٱلْيَوْمَ","Translation":"this Day","Transliteration":"l-yawma"},{"Position":19,"AudioFileName":"016_027_019.mp3","TajweedImageFilePath":"16/27/19.png","Text":"وَٱلسُّوٓءَ","Translation":"and evil","Transliteration":"wal-sūa"},{"Position":20,"AudioFileName":"016_027_020.mp3","TajweedImageFilePath":"16/27/20.png","Text":"عَلَى","Translation":"(are) upon","Transliteration":"ʿalā"},{"Position":21,"AudioFileName":"016_027_021.mp3","TajweedImageFilePath":"16/27/21.png","Text":"ٱلْكَـٰفِرِينَ","Translation":"the disbelievers","Transliteration":"l-kāfirīna"},{"Position":22,"AudioFileName":null,"TajweedImageFilePath":"27.png","Text":"٢٧","Translation":"(27)","Transliteration":null}],"PageNumber":270,"JuzNumber":14,"ManzilNumber":3,"RukuNumber":227,"MaqraNumber":107,"HizbNumber":27,"HizbDecimal":0.5,"HasSajda":false},{"SurahNumber":16,"SurahIndex":"016","VerseNumber":28,"ShowSurahName":false,"ShowBismillah":false,"Words":[{"Position":1,"AudioFileName":"016_028_001.mp3","TajweedImageFilePath":"16/28/1.png","Text":"ٱلَّذِينَ","Translation":"Those whom ","Transliteration":"alladhīna"},{"Position":2,"AudioFileName":"016_028_002.mp3","TajweedImageFilePath":"16/28/2.png","Text":"تَتَوَفَّىٰهُمُ","Translation":"take them in death","Transliteration":"tatawaffāhumu"},{"Position":3,"AudioFileName":"016_028_003.mp3","TajweedImageFilePath":"16/28/3.png","Text":"ٱلْمَلَـٰٓئِكَةُ","Translation":"the Angels","Transliteration":"l-malāikatu"},{"Position":4,"AudioFileName":"016_028_004.mp3","TajweedImageFilePath":"16/28/4.png","Text":"ظَالِمِىٓ","Translation":"(while) wronging","Transliteration":"ẓālimī"},{"Position":5,"AudioFileName":"016_028_005.mp3","TajweedImageFilePath":"16/28/5.png","Text":"أَنفُسِهِمْ ۖ","Translation":"themselves","Transliteration":"anfusihim"},{"Position":6,"AudioFileName":"016_028_006.mp3","TajweedImageFilePath":"16/28/6.png","Text":"فَأَلْقَوُا۟","Translation":"then they would offer","Transliteration":"fa-alqawū"},{"Position":7,"AudioFileName":"016_028_007.mp3","TajweedImageFilePath":"16/28/7.png","Text":"ٱلسَّلَمَ","Translation":"the submission","Transliteration":"l-salama"},{"Position":8,"AudioFileName":"016_028_008.mp3","TajweedImageFilePath":"16/28/8.png","Text":"مَا","Translation":"Not","Transliteration":"mā"},{"Position":9,"AudioFileName":"016_028_009.mp3","TajweedImageFilePath":"16/28/9.png","Text":"كُنَّا","Translation":"we were","Transliteration":"kunnā"},{"Position":10,"AudioFileName":"016_028_010.mp3","TajweedImageFilePath":"16/28/10.png","Text":"نَعْمَلُ","Translation":"doing","Transliteration":"naʿmalu"},{"Position":11,"AudioFileName":"016_028_011.mp3","TajweedImageFilePath":"16/28/11.png","Text":"مِن","Translation":"any","Transliteration":"min"},{"Position":12,"AudioFileName":"016_028_012.mp3","TajweedImageFilePath":"16/28/12.png","Text":"سُوٓءٍۭ ۚ","Translation":"evil","Transliteration":"sūin"},{"Position":13,"AudioFileName":"016_028_013.mp3","TajweedImageFilePath":"16/28/13.png","Text":"بَلَىٰٓ","Translation":"Nay","Transliteration":"balā"},{"Position":14,"AudioFileName":"016_028_014.mp3","TajweedImageFilePath":"16/28/14.png","Text":"إِنَّ","Translation":"indeed","Transliteration":"inna"},{"Position":15,"AudioFileName":"016_028_015.mp3","TajweedImageFilePath":"16/28/15.png","Text":"ٱللَّهَ","Translation":"Allah","Transliteration":"l-laha"},{"Position":16,"AudioFileName":"016_028_016.mp3","TajweedImageFilePath":"16/28/16.png","Text":"عَلِيمٌۢ","Translation":"(is) All-Knower","Transliteration":"ʿalīmun"},{"Position":17,"AudioFileName":"016_028_017.mp3","TajweedImageFilePath":"16/28/17.png","Text":"بِمَا","Translation":"of what","Transliteration":"bimā"},{"Position":18,"AudioFileName":"016_028_018.mp3","TajweedImageFilePath":"16/28/18.png","Text":"كُنتُمْ","Translation":"you used (to)","Transliteration":"kuntum"},{"Position":19,"AudioFileName":"016_028_019.mp3","TajweedImageFilePath":"16/28/19.png","Text":"تَعْمَلُونَ","Translation":"do","Transliteration":"taʿmalūna"},{"Position":20,"AudioFileName":null,"TajweedImageFilePath":"28.png","Text":"٢٨","Translation":"(28)","Transliteration":null}],"PageNumber":270,"JuzNumber":14,"ManzilNumber":3,"RukuNumber":227,"MaqraNumber":107,"HizbNumber":27,"HizbDecimal":0.5,"HasSajda":false},{"SurahNumber":16,"SurahIndex":"016","VerseNumber":29,"ShowSurahName":false,"ShowBismillah":false,"Words":[{"Position":1,"AudioFileName":"016_029_001.mp3","TajweedImageFilePath":"16/29/1.png","Text":"فَٱدْخُلُوٓا۟","Translation":"So enter","Transliteration":"fa-ud'khulū"},{"Position":2,"AudioFileName":"016_029_002.mp3","TajweedImageFilePath":"16/29/2.png","Text":"أَبْوَٰبَ","Translation":"(the) gates","Transliteration":"abwāba"},{"Position":3,"AudioFileName":"016_029_003.mp3","TajweedImageFilePath":"16/29/3.png","Text":"جَهَنَّمَ","Translation":"(of) Hell","Transliteration":"jahannama"},{"Position":4,"AudioFileName":"016_029_004.mp3","TajweedImageFilePath":"16/29/4.png","Text":"خَـٰلِدِينَ","Translation":"(to) abide forever","Transliteration":"khālidīna"},{"Position":5,"AudioFileName":"016_029_005.mp3","TajweedImageFilePath":"16/29/5.png","Text":"فِيهَا ۖ","Translation":"in it","Transliteration":"fīhā"},{"Position":6,"AudioFileName":"016_029_006.mp3","TajweedImageFilePath":"16/29/6.png","Text":"فَلَبِئْسَ","Translation":"Surely, wretched","Transliteration":"falabi'sa"},{"Position":7,"AudioFileName":"016_029_007.mp3","TajweedImageFilePath":"16/29/7.png","Text":"مَثْوَى","Translation":"(is the) abode","Transliteration":"mathwā"},{"Position":8,"AudioFileName":"016_029_008.mp3","TajweedImageFilePath":"16/29/8.png","Text":"ٱلْمُتَكَبِّرِينَ","Translation":"(of) the arrogant","Transliteration":"l-mutakabirīna"},{"Position":9,"AudioFileName":null,"TajweedImageFilePath":"29.png","Text":"٢٩","Translation":"(29)","Transliteration":null}],"PageNumber":270,"JuzNumber":14,"ManzilNumber":3,"RukuNumber":227,"MaqraNumber":107,"HizbNumber":27,"HizbDecimal":0.5,"HasSajda":false}]}