{"MaqraNumber":37,"Verses":[{"SurahNumber":4,"SurahIndex":"004","VerseNumber":88,"ShowSurahName":false,"ShowBismillah":false,"Words":[{"Position":1,"AudioFileName":"004_088_001.mp3","TajweedImageFilePath":"4/88/1.png","Text":"۞ فَمَا","Translation":"So what","Transliteration":"famā","Root":"م ا"},{"Position":2,"AudioFileName":"004_088_002.mp3","TajweedImageFilePath":"4/88/2.png","Text":"لَكُمْ","Translation":"(is the matter) with you","Transliteration":"lakum","Root":"ل"},{"Position":3,"AudioFileName":"004_088_003.mp3","TajweedImageFilePath":"4/88/3.png","Text":"فِى","Translation":"concerning","Transliteration":"fī","Root":"ف ى"},{"Position":4,"AudioFileName":"004_088_004.mp3","TajweedImageFilePath":"4/88/4.png","Text":"ٱلْمُنَـٰفِقِينَ","Translation":"the hypocrites (that)","Transliteration":"l-munāfiqīna","Root":"ن ف ق"},{"Position":5,"AudioFileName":"004_088_005.mp3","TajweedImageFilePath":"4/88/5.png","Text":"فِئَتَيْنِ","Translation":"(you have become) two parties","Transliteration":"fi-atayni","Root":"ف أ ي"},{"Position":6,"AudioFileName":"004_088_006.mp3","TajweedImageFilePath":"4/88/6.png","Text":"وَٱللَّهُ","Translation":"While Allah","Transliteration":"wal-lahu","Root":"أ ل ه"},{"Position":7,"AudioFileName":"004_088_007.mp3","TajweedImageFilePath":"4/88/7.png","Text":"أَرْكَسَهُم","Translation":"cast them back","Transliteration":"arkasahum","Root":"ر ك س"},{"Position":8,"AudioFileName":"004_088_008.mp3","TajweedImageFilePath":"4/88/8.png","Text":"بِمَا","Translation":"for what","Transliteration":"bimā","Root":"ب م ا"},{"Position":9,"AudioFileName":"004_088_009.mp3","TajweedImageFilePath":"4/88/9.png","Text":"كَسَبُوٓا۟ ۚ","Translation":"they earned","Transliteration":"kasabū","Root":"ك س ب"},{"Position":10,"AudioFileName":"004_088_010.mp3","TajweedImageFilePath":"4/88/10.png","Text":"أَتُرِيدُونَ","Translation":"Do you wish","Transliteration":"aturīdūna","Root":"ر و د"},{"Position":11,"AudioFileName":"004_088_011.mp3","TajweedImageFilePath":"4/88/11.png","Text":"أَن","Translation":"that","Transliteration":"an","Root":"ا ن"},{"Position":12,"AudioFileName":"004_088_012.mp3","TajweedImageFilePath":"4/88/12.png","Text":"تَهْدُوا۟","Translation":"you guide","Transliteration":"tahdū","Root":"ه د ي"},{"Position":13,"AudioFileName":"004_088_013.mp3","TajweedImageFilePath":"4/88/13.png","Text":"مَنْ","Translation":"whom","Transliteration":"man","Root":"م ن"},{"Position":14,"AudioFileName":"004_088_014.mp3","TajweedImageFilePath":"4/88/14.png","Text":"أَضَلَّ","Translation":"is let astray","Transliteration":"aḍalla","Root":"ض ل ل"},{"Position":15,"AudioFileName":"004_088_015.mp3","TajweedImageFilePath":"4/88/15.png","Text":"ٱللَّهُ ۖ","Translation":"(by) Allah","Transliteration":"l-lahu","Root":"أ ل ه"},{"Position":16,"AudioFileName":"004_088_016.mp3","TajweedImageFilePath":"4/88/16.png","Text":"وَمَن","Translation":"And whoever","Transliteration":"waman","Root":"م ن"},{"Position":17,"AudioFileName":"004_088_017.mp3","TajweedImageFilePath":"4/88/17.png","Text":"يُضْلِلِ","Translation":"is let astray","Transliteration":"yuḍ'lili","Root":"ض ل ل"},{"Position":18,"AudioFileName":"004_088_018.mp3","TajweedImageFilePath":"4/88/18.png","Text":"ٱللَّهُ","Translation":"(by) Allah","Transliteration":"l-lahu","Root":"أ ل ه"},{"Position":19,"AudioFileName":"004_088_019.mp3","TajweedImageFilePath":"4/88/19.png","Text":"فَلَن","Translation":"then never","Transliteration":"falan","Root":"ل ن"},{"Position":20,"AudioFileName":"004_088_020.mp3","TajweedImageFilePath":"4/88/20.png","Text":"تَجِدَ","Translation":"will you find","Transliteration":"tajida","Root":"و ج د"},{"Position":21,"AudioFileName":"004_088_021.mp3","TajweedImageFilePath":"4/88/21.png","Text":"لَهُۥ","Translation":"for him","Transliteration":"lahu","Root":"ل"},{"Position":22,"AudioFileName":"004_088_022.mp3","TajweedImageFilePath":"4/88/22.png","Text":"سَبِيلًۭا","Translation":"a way","Transliteration":"sabīlan","Root":"س ب ل"},{"Position":23,"AudioFileName":null,"TajweedImageFilePath":"88.png","Text":"٨٨","Translation":"(88)","Transliteration":null,"Root":null}],"PageNumber":92,"JuzNumber":5,"ManzilNumber":1,"RukuNumber":73,"MaqraNumber":37,"HizbNumber":10,"HizbDecimal":0.0,"HasSajda":false},{"SurahNumber":4,"SurahIndex":"004","VerseNumber":89,"ShowSurahName":false,"ShowBismillah":false,"Words":[{"Position":1,"AudioFileName":"004_089_001.mp3","TajweedImageFilePath":"4/89/1.png","Text":"وَدُّوا۟","Translation":"They wish","Transliteration":"waddū","Root":"و د د"},{"Position":2,"AudioFileName":"004_089_002.mp3","TajweedImageFilePath":"4/89/2.png","Text":"لَوْ","Translation":"if","Transliteration":"law","Root":"ل و"},{"Position":3,"AudioFileName":"004_089_003.mp3","TajweedImageFilePath":"4/89/3.png","Text":"تَكْفُرُونَ","Translation":"you disbelieve","Transliteration":"takfurūna","Root":"ك ف ر"},{"Position":4,"AudioFileName":"004_089_004.mp3","TajweedImageFilePath":"4/89/4.png","Text":"كَمَا","Translation":"as","Transliteration":"kamā","Root":"ك م ا"},{"Position":5,"AudioFileName":"004_089_005.mp3","TajweedImageFilePath":"4/89/5.png","Text":"كَفَرُوا۟","Translation":"they disbelieved","Transliteration":"kafarū","Root":"ك ف ر"},{"Position":6,"AudioFileName":"004_089_006.mp3","TajweedImageFilePath":"4/89/6.png","Text":"فَتَكُونُونَ","Translation":"and you would be","Transliteration":"fatakūnūna","Root":"ك و ن"},{"Position":7,"AudioFileName":"004_089_007.mp3","TajweedImageFilePath":"4/89/7.png","Text":"سَوَآءًۭ ۖ","Translation":"alike","Transliteration":"sawāan","Root":"س و ي"},{"Position":8,"AudioFileName":"004_089_008.mp3","TajweedImageFilePath":"4/89/8.png","Text":"فَلَا","Translation":"So (do) not","Transliteration":"falā","Root":"ل ا"},{"Position":9,"AudioFileName":"004_089_009.mp3","TajweedImageFilePath":"4/89/9.png","Text":"تَتَّخِذُوا۟","Translation":"take","Transliteration":"tattakhidhū","Root":"أ خ ذ"},{"Position":10,"AudioFileName":"004_089_010.mp3","TajweedImageFilePath":"4/89/10.png","Text":"مِنْهُمْ","Translation":"from them","Transliteration":"min'hum","Root":"م ن"},{"Position":11,"AudioFileName":"004_089_011.mp3","TajweedImageFilePath":"4/89/11.png","Text":"أَوْلِيَآءَ","Translation":"allies","Transliteration":"awliyāa","Root":"و ل ي"},{"Position":12,"AudioFileName":"004_089_012.mp3","TajweedImageFilePath":"4/89/12.png","Text":"حَتَّىٰ","Translation":"until","Transliteration":"ḥattā","Root":"ح ت ت ى"},{"Position":13,"AudioFileName":"004_089_013.mp3","TajweedImageFilePath":"4/89/13.png","Text":"يُهَاجِرُوا۟","Translation":"they emigrate","Transliteration":"yuhājirū","Root":"ه ج ر"},{"Position":14,"AudioFileName":"004_089_014.mp3","TajweedImageFilePath":"4/89/14.png","Text":"فِى","Translation":"in","Transliteration":"fī","Root":"ف ى"},{"Position":15,"AudioFileName":"004_089_015.mp3","TajweedImageFilePath":"4/89/15.png","Text":"سَبِيلِ","Translation":"(the) way","Transliteration":"sabīli","Root":"س ب ل"},{"Position":16,"AudioFileName":"004_089_016.mp3","TajweedImageFilePath":"4/89/16.png","Text":"ٱللَّهِ ۚ","Translation":"(of) Allah","Transliteration":"l-lahi","Root":"أ ل ه"},{"Position":17,"AudioFileName":"004_089_017.mp3","TajweedImageFilePath":"4/89/17.png","Text":"فَإِن","Translation":"But if","Transliteration":"fa-in","Root":"ا ن"},{"Position":18,"AudioFileName":"004_089_018.mp3","TajweedImageFilePath":"4/89/18.png","Text":"تَوَلَّوْا۟","Translation":"they turn back","Transliteration":"tawallaw","Root":"و ل ي"},{"Position":19,"AudioFileName":"004_089_019.mp3","TajweedImageFilePath":"4/89/19.png","Text":"فَخُذُوهُمْ","Translation":"seize them","Transliteration":"fakhudhūhum","Root":"أ خ ذ"},{"Position":20,"AudioFileName":"004_089_020.mp3","TajweedImageFilePath":"4/89/20.png","Text":"وَٱقْتُلُوهُمْ","Translation":"and kill them","Transliteration":"wa-uq'tulūhum","Root":"ق ت ل"},{"Position":21,"AudioFileName":"004_089_021.mp3","TajweedImageFilePath":"4/89/21.png","Text":"حَيْثُ","Translation":"wherever","Transliteration":"ḥaythu","Root":"ح ي ث"},{"Position":22,"AudioFileName":"004_089_022.mp3","TajweedImageFilePath":"4/89/22.png","Text":"وَجَدتُّمُوهُمْ ۖ","Translation":"you find them","Transliteration":"wajadttumūhum","Root":"و ج د"},{"Position":23,"AudioFileName":"004_089_023.mp3","TajweedImageFilePath":"4/89/23.png","Text":"وَلَا","Translation":"And (do) not","Transliteration":"walā","Root":"ل ا"},{"Position":24,"AudioFileName":"004_089_024.mp3","TajweedImageFilePath":"4/89/24.png","Text":"تَتَّخِذُوا۟","Translation":"take","Transliteration":"tattakhidhū","Root":"أ خ ذ"},{"Position":25,"AudioFileName":"004_089_025.mp3","TajweedImageFilePath":"4/89/25.png","Text":"مِنْهُمْ","Translation":"from them","Transliteration":"min'hum","Root":"م ن"},{"Position":26,"AudioFileName":"004_089_026.mp3","TajweedImageFilePath":"4/89/26.png","Text":"وَلِيًّۭا","Translation":"any ally","Transliteration":"waliyyan","Root":"و ل ي"},{"Position":27,"AudioFileName":"004_089_027.mp3","TajweedImageFilePath":"4/89/27.png","Text":"وَلَا","Translation":"and not","Transliteration":"walā","Root":"ل ا"},{"Position":28,"AudioFileName":"004_089_028.mp3","TajweedImageFilePath":"4/89/28.png","Text":"نَصِيرًا","Translation":"any helper","Transliteration":"naṣīran","Root":"ن ص ر"},{"Position":29,"AudioFileName":null,"TajweedImageFilePath":"89.png","Text":"٨٩","Translation":"(89)","Transliteration":null,"Root":null}],"PageNumber":92,"JuzNumber":5,"ManzilNumber":1,"RukuNumber":73,"MaqraNumber":37,"HizbNumber":10,"HizbDecimal":0.0,"HasSajda":false},{"SurahNumber":4,"SurahIndex":"004","VerseNumber":90,"ShowSurahName":false,"ShowBismillah":false,"Words":[{"Position":1,"AudioFileName":"004_090_001.mp3","TajweedImageFilePath":"4/90/1.png","Text":"إِلَّا","Translation":"Except","Transliteration":"illā","Root":"إِلَّا"},{"Position":2,"AudioFileName":"004_090_002.mp3","TajweedImageFilePath":"4/90/2.png","Text":"ٱلَّذِينَ","Translation":"those who","Transliteration":"alladhīna","Root":"ٱلَّذِى"},{"Position":3,"AudioFileName":"004_090_003.mp3","TajweedImageFilePath":"4/90/3.png","Text":"يَصِلُونَ","Translation":"join","Transliteration":"yaṣilūna","Root":"و ص ل"},{"Position":4,"AudioFileName":"004_090_004.mp3","TajweedImageFilePath":"4/90/4.png","Text":"إِلَىٰ","Translation":"[to]","Transliteration":"ilā","Root":"إِلَىٰ"},{"Position":5,"AudioFileName":"004_090_005.mp3","TajweedImageFilePath":"4/90/5.png","Text":"قَوْمٍۭ","Translation":"a group","Transliteration":"qawmin","Root":"ق و م"},{"Position":6,"AudioFileName":"004_090_006.mp3","TajweedImageFilePath":"4/90/6.png","Text":"بَيْنَكُمْ","Translation":"between you","Transliteration":"baynakum","Root":"ب ي ن"},{"Position":7,"AudioFileName":"004_090_007.mp3","TajweedImageFilePath":"4/90/7.png","Text":"وَبَيْنَهُم","Translation":"and between them","Transliteration":"wabaynahum","Root":"ب ي ن"},{"Position":8,"AudioFileName":"004_090_008.mp3","TajweedImageFilePath":"4/90/8.png","Text":"مِّيثَـٰقٌ","Translation":"(is) a treaty","Transliteration":"mīthāqun","Root":"و ث ق"},{"Position":9,"AudioFileName":"004_090_009.mp3","TajweedImageFilePath":"4/90/9.png","Text":"أَوْ","Translation":"or","Transliteration":"aw","Root":"ا و"},{"Position":10,"AudioFileName":"004_090_010.mp3","TajweedImageFilePath":"4/90/10.png","Text":"جَآءُوكُمْ","Translation":"those who come to you","Transliteration":"jāūkum","Root":"ج ي أ"},{"Position":11,"AudioFileName":"004_090_011.mp3","TajweedImageFilePath":"4/90/11.png","Text":"حَصِرَتْ","Translation":"restraining","Transliteration":"ḥaṣirat","Root":"ح ص ر"},{"Position":12,"AudioFileName":"004_090_012.mp3","TajweedImageFilePath":"4/90/12.png","Text":"صُدُورُهُمْ","Translation":"their hearts","Transliteration":"ṣudūruhum","Root":"ص د ر"},{"Position":13,"AudioFileName":"004_090_013.mp3","TajweedImageFilePath":"4/90/13.png","Text":"أَن","Translation":"that","Transliteration":"an","Root":"ا ن"},{"Position":14,"AudioFileName":"004_090_014.mp3","TajweedImageFilePath":"4/90/14.png","Text":"يُقَـٰتِلُوكُمْ","Translation":"they fight you","Transliteration":"yuqātilūkum","Root":"ق ت ل"},{"Position":15,"AudioFileName":"004_090_015.mp3","TajweedImageFilePath":"4/90/15.png","Text":"أَوْ","Translation":"or","Transliteration":"aw","Root":"ا و"},{"Position":16,"AudioFileName":"004_090_016.mp3","TajweedImageFilePath":"4/90/16.png","Text":"يُقَـٰتِلُوا۟","Translation":"they fight","Transliteration":"yuqātilū","Root":"ق ت ل"},{"Position":17,"AudioFileName":"004_090_017.mp3","TajweedImageFilePath":"4/90/17.png","Text":"قَوْمَهُمْ ۚ","Translation":"their people","Transliteration":"qawmahum","Root":"ق و م"},{"Position":18,"AudioFileName":"004_090_018.mp3","TajweedImageFilePath":"4/90/18.png","Text":"وَلَوْ","Translation":"And if","Transliteration":"walaw","Root":"ل و"},{"Position":19,"AudioFileName":"004_090_019.mp3","TajweedImageFilePath":"4/90/19.png","Text":"شَآءَ","Translation":"(had) willed","Transliteration":"shāa","Root":"ش ي أ"},{"Position":20,"AudioFileName":"004_090_020.mp3","TajweedImageFilePath":"4/90/20.png","Text":"ٱللَّهُ","Translation":"Allah","Transliteration":"l-lahu","Root":"أ ل ه"},{"Position":21,"AudioFileName":"004_090_021.mp3","TajweedImageFilePath":"4/90/21.png","Text":"لَسَلَّطَهُمْ","Translation":"surely He (would have) given them power","Transliteration":"lasallaṭahum","Root":"س ل ط"},{"Position":22,"AudioFileName":"004_090_022.mp3","TajweedImageFilePath":"4/90/22.png","Text":"عَلَيْكُمْ","Translation":"over you","Transliteration":"ʿalaykum","Root":"ع ل ى"},{"Position":23,"AudioFileName":"004_090_023.mp3","TajweedImageFilePath":"4/90/23.png","Text":"فَلَقَـٰتَلُوكُمْ ۚ","Translation":"and surely they (would have) fought you","Transliteration":"falaqātalūkum","Root":"ق ت ل"},{"Position":24,"AudioFileName":"004_090_024.mp3","TajweedImageFilePath":"4/90/24.png","Text":"فَإِنِ","Translation":"So if","Transliteration":"fa-ini","Root":"ا ن"},{"Position":25,"AudioFileName":"004_090_025.mp3","TajweedImageFilePath":"4/90/25.png","Text":"ٱعْتَزَلُوكُمْ","Translation":"they withdraw from you","Transliteration":"iʿ'tazalūkum","Root":"ع ز ل"},{"Position":26,"AudioFileName":"004_090_026.mp3","TajweedImageFilePath":"4/90/26.png","Text":"فَلَمْ","Translation":"and (do) not","Transliteration":"falam","Root":"ل م"},{"Position":27,"AudioFileName":"004_090_027.mp3","TajweedImageFilePath":"4/90/27.png","Text":"يُقَـٰتِلُوكُمْ","Translation":"fight against you","Transliteration":"yuqātilūkum","Root":"ق ت ل"},{"Position":28,"AudioFileName":"004_090_028.mp3","TajweedImageFilePath":"4/90/28.png","Text":"وَأَلْقَوْا۟","Translation":"and offer","Transliteration":"wa-alqaw","Root":"ل ق ي"},{"Position":29,"AudioFileName":"004_090_029.mp3","TajweedImageFilePath":"4/90/29.png","Text":"إِلَيْكُمُ","Translation":"to you","Transliteration":"ilaykumu","Root":"إِلَىٰ"},{"Position":30,"AudioFileName":"004_090_030.mp3","TajweedImageFilePath":"4/90/30.png","Text":"ٱلسَّلَمَ","Translation":"[the] peace","Transliteration":"l-salama","Root":"س ل م"},{"Position":31,"AudioFileName":"004_090_031.mp3","TajweedImageFilePath":"4/90/31.png","Text":"فَمَا","Translation":"then not","Transliteration":"famā","Root":"م ا"},{"Position":32,"AudioFileName":"004_090_032.mp3","TajweedImageFilePath":"4/90/32.png","Text":"جَعَلَ","Translation":"(has) made","Transliteration":"jaʿala","Root":"ج ع ل"},{"Position":33,"AudioFileName":"004_090_033.mp3","TajweedImageFilePath":"4/90/33.png","Text":"ٱللَّهُ","Translation":"Allah","Transliteration":"l-lahu","Root":"أ ل ه"},{"Position":34,"AudioFileName":"004_090_034.mp3","TajweedImageFilePath":"4/90/34.png","Text":"لَكُمْ","Translation":"for you","Transliteration":"lakum","Root":"ل"},{"Position":35,"AudioFileName":"004_090_035.mp3","TajweedImageFilePath":"4/90/35.png","Text":"عَلَيْهِمْ","Translation":"against them","Transliteration":"ʿalayhim","Root":"ع ل ى"},{"Position":36,"AudioFileName":"004_090_036.mp3","TajweedImageFilePath":"4/90/36.png","Text":"سَبِيلًۭا","Translation":"a way","Transliteration":"sabīlan","Root":"س ب ل"},{"Position":37,"AudioFileName":null,"TajweedImageFilePath":"90.png","Text":"٩٠","Translation":"(90)","Transliteration":null,"Root":null}],"PageNumber":92,"JuzNumber":5,"ManzilNumber":1,"RukuNumber":73,"MaqraNumber":37,"HizbNumber":10,"HizbDecimal":0.0,"HasSajda":false},{"SurahNumber":4,"SurahIndex":"004","VerseNumber":91,"ShowSurahName":false,"ShowBismillah":false,"Words":[{"Position":1,"AudioFileName":"004_091_001.mp3","TajweedImageFilePath":"4/91/1.png","Text":"سَتَجِدُونَ","Translation":"You will find","Transliteration":"satajidūna","Root":"و ج د"},{"Position":2,"AudioFileName":"004_091_002.mp3","TajweedImageFilePath":"4/91/2.png","Text":"ءَاخَرِينَ","Translation":"others","Transliteration":"ākharīna","Root":"أ خ ر"},{"Position":3,"AudioFileName":"004_091_003.mp3","TajweedImageFilePath":"4/91/3.png","Text":"يُرِيدُونَ","Translation":"wishing","Transliteration":"yurīdūna","Root":"ر و د"},{"Position":4,"AudioFileName":"004_091_004.mp3","TajweedImageFilePath":"4/91/4.png","Text":"أَن","Translation":"that","Transliteration":"an","Root":"ا ن"},{"Position":5,"AudioFileName":"004_091_005.mp3","TajweedImageFilePath":"4/91/5.png","Text":"يَأْمَنُوكُمْ","Translation":"they be secure from you","Transliteration":"yamanūkum","Root":"أ م ن"},{"Position":6,"AudioFileName":"004_091_006.mp3","TajweedImageFilePath":"4/91/6.png","Text":"وَيَأْمَنُوا۟","Translation":"and they be secure from","Transliteration":"wayamanū","Root":"أ م ن"},{"Position":7,"AudioFileName":"004_091_007.mp3","TajweedImageFilePath":"4/91/7.png","Text":"قَوْمَهُمْ","Translation":"their people","Transliteration":"qawmahum","Root":"ق و م"},{"Position":8,"AudioFileName":"004_091_008.mp3","TajweedImageFilePath":"4/91/8.png","Text":"كُلَّ","Translation":"Everytime","Transliteration":"kulla","Root":"ك ل ل"},{"Position":9,"AudioFileName":"004_091_009.mp3","TajweedImageFilePath":"4/91/9.png","Text":"مَا","Translation":"that","Transliteration":"mā","Root":"م ا"},{"Position":10,"AudioFileName":"004_091_010.mp3","TajweedImageFilePath":"4/91/10.png","Text":"رُدُّوٓا۟","Translation":"they are returned","Transliteration":"ruddū","Root":"ر د د"},{"Position":11,"AudioFileName":"004_091_011.mp3","TajweedImageFilePath":"4/91/11.png","Text":"إِلَى","Translation":"to","Transliteration":"ilā","Root":"إِلَىٰ"},{"Position":12,"AudioFileName":"004_091_012.mp3","TajweedImageFilePath":"4/91/12.png","Text":"ٱلْفِتْنَةِ","Translation":"the temptation","Transliteration":"l-fit'nati","Root":"ف ت ن"},{"Position":13,"AudioFileName":"004_091_013.mp3","TajweedImageFilePath":"4/91/13.png","Text":"أُرْكِسُوا۟","Translation":"they are plunged","Transliteration":"ur'kisū","Root":"ر ك س"},{"Position":14,"AudioFileName":"004_091_014.mp3","TajweedImageFilePath":"4/91/14.png","Text":"فِيهَا ۚ","Translation":"into it","Transliteration":"fīhā","Root":"ف ى"},{"Position":15,"AudioFileName":"004_091_015.mp3","TajweedImageFilePath":"4/91/15.png","Text":"فَإِن","Translation":"So if","Transliteration":"fa-in","Root":"ا ن"},{"Position":16,"AudioFileName":"004_091_016.mp3","TajweedImageFilePath":"4/91/16.png","Text":"لَّمْ","Translation":"not","Transliteration":"lam","Root":"ل م"},{"Position":17,"AudioFileName":"004_091_017.mp3","TajweedImageFilePath":"4/91/17.png","Text":"يَعْتَزِلُوكُمْ","Translation":"they withdraw from you","Transliteration":"yaʿtazilūkum","Root":"ع ز ل"},{"Position":18,"AudioFileName":"004_091_018.mp3","TajweedImageFilePath":"4/91/18.png","Text":"وَيُلْقُوٓا۟","Translation":"and offer","Transliteration":"wayul'qū","Root":"ل ق ي"},{"Position":19,"AudioFileName":"004_091_019.mp3","TajweedImageFilePath":"4/91/19.png","Text":"إِلَيْكُمُ","Translation":"to you","Transliteration":"ilaykumu","Root":"إِلَىٰ"},{"Position":20,"AudioFileName":"004_091_020.mp3","TajweedImageFilePath":"4/91/20.png","Text":"ٱلسَّلَمَ","Translation":"[the] peace","Transliteration":"l-salama","Root":"س ل م"},{"Position":21,"AudioFileName":"004_091_021.mp3","TajweedImageFilePath":"4/91/21.png","Text":"وَيَكُفُّوٓا۟","Translation":"and they restrain","Transliteration":"wayakuffū","Root":"ك ف ف"},{"Position":22,"AudioFileName":"004_091_022.mp3","TajweedImageFilePath":"4/91/22.png","Text":"أَيْدِيَهُمْ","Translation":"their hands","Transliteration":"aydiyahum","Root":"ي د ي"},{"Position":23,"AudioFileName":"004_091_023.mp3","TajweedImageFilePath":"4/91/23.png","Text":"فَخُذُوهُمْ","Translation":"then seize them","Transliteration":"fakhudhūhum","Root":"أ خ ذ"},{"Position":24,"AudioFileName":"004_091_024.mp3","TajweedImageFilePath":"4/91/24.png","Text":"وَٱقْتُلُوهُمْ","Translation":"and kill them","Transliteration":"wa-uq'tulūhum","Root":"ق ت ل"},{"Position":25,"AudioFileName":"004_091_025.mp3","TajweedImageFilePath":"4/91/25.png","Text":"حَيْثُ","Translation":"wherever","Transliteration":"ḥaythu","Root":"ح ي ث"},{"Position":26,"AudioFileName":"004_091_026.mp3","TajweedImageFilePath":"4/91/26.png","Text":"ثَقِفْتُمُوهُمْ ۚ","Translation":"you find them","Transliteration":"thaqif'tumūhum","Root":"ث ق ف"},{"Position":27,"AudioFileName":"004_091_027.mp3","TajweedImageFilePath":"4/91/27.png","Text":"وَأُو۟لَـٰٓئِكُمْ","Translation":"And those ","Transliteration":"wa-ulāikum","Root":"ا و ل ا ء"},{"Position":28,"AudioFileName":"004_091_028.mp3","TajweedImageFilePath":"4/91/28.png","Text":"جَعَلْنَا","Translation":"We made","Transliteration":"jaʿalnā","Root":"ج ع ل"},{"Position":29,"AudioFileName":"004_091_029.mp3","TajweedImageFilePath":"4/91/29.png","Text":"لَكُمْ","Translation":"for you","Transliteration":"lakum","Root":"ل"},{"Position":30,"AudioFileName":"004_091_030.mp3","TajweedImageFilePath":"4/91/30.png","Text":"عَلَيْهِمْ","Translation":"against them","Transliteration":"ʿalayhim","Root":"ع ل ى"},{"Position":31,"AudioFileName":"004_091_031.mp3","TajweedImageFilePath":"4/91/31.png","Text":"سُلْطَـٰنًۭا","Translation":"an authority","Transliteration":"sul'ṭānan","Root":"س ل ط"},{"Position":32,"AudioFileName":"004_091_032.mp3","TajweedImageFilePath":"4/91/32.png","Text":"مُّبِينًۭا","Translation":"clear","Transliteration":"mubīnan","Root":"ب ي ن"},{"Position":33,"AudioFileName":null,"TajweedImageFilePath":"91.png","Text":"٩١","Translation":"(91)","Transliteration":null,"Root":null}],"PageNumber":92,"JuzNumber":5,"ManzilNumber":1,"RukuNumber":73,"MaqraNumber":37,"HizbNumber":10,"HizbDecimal":0.0,"HasSajda":false},{"SurahNumber":4,"SurahIndex":"004","VerseNumber":92,"ShowSurahName":false,"ShowBismillah":false,"Words":[{"Position":1,"AudioFileName":"004_092_001.mp3","TajweedImageFilePath":"4/92/1.png","Text":"وَمَا","Translation":"And not","Transliteration":"wamā","Root":"م ا"},{"Position":2,"AudioFileName":"004_092_002.mp3","TajweedImageFilePath":"4/92/2.png","Text":"كَانَ","Translation":"is","Transliteration":"kāna","Root":"ك و ن"},{"Position":3,"AudioFileName":"004_092_003.mp3","TajweedImageFilePath":"4/92/3.png","Text":"لِمُؤْمِنٍ","Translation":"for a believer","Transliteration":"limu'minin","Root":"أ م ن"},{"Position":4,"AudioFileName":"004_092_004.mp3","TajweedImageFilePath":"4/92/4.png","Text":"أَن","Translation":"that","Transliteration":"an","Root":"ا ن"},{"Position":5,"AudioFileName":"004_092_005.mp3","TajweedImageFilePath":"4/92/5.png","Text":"يَقْتُلَ","Translation":"he kills","Transliteration":"yaqtula","Root":"ق ت ل"},{"Position":6,"AudioFileName":"004_092_006.mp3","TajweedImageFilePath":"4/92/6.png","Text":"مُؤْمِنًا","Translation":"a believer","Transliteration":"mu'minan","Root":"أ م ن"},{"Position":7,"AudioFileName":"004_092_007.mp3","TajweedImageFilePath":"4/92/7.png","Text":"إِلَّا","Translation":"except","Transliteration":"illā","Root":"إِلَّا"},{"Position":8,"AudioFileName":"004_092_008.mp3","TajweedImageFilePath":"4/92/8.png","Text":"خَطَـًۭٔا ۚ","Translation":"(by) mistake","Transliteration":"khaṭa-an","Root":"خ ط أ"},{"Position":9,"AudioFileName":"004_092_009.mp3","TajweedImageFilePath":"4/92/9.png","Text":"وَمَن","Translation":"And whoever","Transliteration":"waman","Root":"م ن"},{"Position":10,"AudioFileName":"004_092_010.mp3","TajweedImageFilePath":"4/92/10.png","Text":"قَتَلَ","Translation":"killed","Transliteration":"qatala","Root":"ق ت ل"},{"Position":11,"AudioFileName":"004_092_011.mp3","TajweedImageFilePath":"4/92/11.png","Text":"مُؤْمِنًا","Translation":"a believer","Transliteration":"mu'minan","Root":"أ م ن"},{"Position":12,"AudioFileName":"004_092_012.mp3","TajweedImageFilePath":"4/92/12.png","Text":"خَطَـًۭٔا","Translation":"(by) mistake","Transliteration":"khaṭa-an","Root":"خ ط أ"},{"Position":13,"AudioFileName":"004_092_013.mp3","TajweedImageFilePath":"4/92/13.png","Text":"فَتَحْرِيرُ","Translation":"then freeing","Transliteration":"fataḥrīru","Root":"ح ر ر"},{"Position":14,"AudioFileName":"004_092_014.mp3","TajweedImageFilePath":"4/92/14.png","Text":"رَقَبَةٍۢ","Translation":"(of) a slave","Transliteration":"raqabatin","Root":"ر ق ب"},{"Position":15,"AudioFileName":"004_092_015.mp3","TajweedImageFilePath":"4/92/15.png","Text":"مُّؤْمِنَةٍۢ","Translation":" believing","Transliteration":"mu'minatin","Root":"أ م ن"},{"Position":16,"AudioFileName":"004_092_016.mp3","TajweedImageFilePath":"4/92/16.png","Text":"وَدِيَةٌۭ","Translation":"and blood money","Transliteration":"wadiyatun","Root":"و د ي"},{"Position":17,"AudioFileName":"004_092_017.mp3","TajweedImageFilePath":"4/92/17.png","Text":"مُّسَلَّمَةٌ","Translation":"(is to be) paid","Transliteration":"musallamatun","Root":"س ل م"},{"Position":18,"AudioFileName":"004_092_018.mp3","TajweedImageFilePath":"4/92/18.png","Text":"إِلَىٰٓ","Translation":"to","Transliteration":"ilā","Root":"إِلَىٰ"},{"Position":19,"AudioFileName":"004_092_019.mp3","TajweedImageFilePath":"4/92/19.png","Text":"أَهْلِهِۦٓ","Translation":"his family","Transliteration":"ahlihi","Root":"أ ه ل"},{"Position":20,"AudioFileName":"004_092_020.mp3","TajweedImageFilePath":"4/92/20.png","Text":"إِلَّآ","Translation":"unless","Transliteration":"illā","Root":"إِلَّا"},{"Position":21,"AudioFileName":"004_092_021.mp3","TajweedImageFilePath":"4/92/21.png","Text":"أَن","Translation":"that","Transliteration":"an","Root":"ا ن"},{"Position":22,"AudioFileName":"004_092_022.mp3","TajweedImageFilePath":"4/92/22.png","Text":"يَصَّدَّقُوا۟ ۚ","Translation":"they remit (as) charity","Transliteration":"yaṣṣaddaqū","Root":"ص د ق"},{"Position":23,"AudioFileName":"004_092_023.mp3","TajweedImageFilePath":"4/92/23.png","Text":"فَإِن","Translation":"But if","Transliteration":"fa-in","Root":"ا ن"},{"Position":24,"AudioFileName":"004_092_024.mp3","TajweedImageFilePath":"4/92/24.png","Text":"كَانَ","Translation":"(he) was","Transliteration":"kāna","Root":"ك و ن"},{"Position":25,"AudioFileName":"004_092_025.mp3","TajweedImageFilePath":"4/92/25.png","Text":"مِن","Translation":"from","Transliteration":"min","Root":"م ن"},{"Position":26,"AudioFileName":"004_092_026.mp3","TajweedImageFilePath":"4/92/26.png","Text":"قَوْمٍ","Translation":"a people","Transliteration":"qawmin","Root":"ق و م"},{"Position":27,"AudioFileName":"004_092_027.mp3","TajweedImageFilePath":"4/92/27.png","Text":"عَدُوٍّۢ","Translation":"hostile","Transliteration":"ʿaduwwin","Root":"ع د و"},{"Position":28,"AudioFileName":"004_092_028.mp3","TajweedImageFilePath":"4/92/28.png","Text":"لَّكُمْ","Translation":"to you","Transliteration":"lakum","Root":"ل"},{"Position":29,"AudioFileName":"004_092_029.mp3","TajweedImageFilePath":"4/92/29.png","Text":"وَهُوَ","Translation":"and he was","Transliteration":"wahuwa","Root":"ه و"},{"Position":30,"AudioFileName":"004_092_030.mp3","TajweedImageFilePath":"4/92/30.png","Text":"مُؤْمِنٌۭ","Translation":"a believer","Transliteration":"mu'minun","Root":"أ م ن"},{"Position":31,"AudioFileName":"004_092_031.mp3","TajweedImageFilePath":"4/92/31.png","Text":"فَتَحْرِيرُ","Translation":"then freeing","Transliteration":"fataḥrīru","Root":"ح ر ر"},{"Position":32,"AudioFileName":"004_092_032.mp3","TajweedImageFilePath":"4/92/32.png","Text":"رَقَبَةٍۢ","Translation":"(of) a believing slave","Transliteration":"raqabatin","Root":"ر ق ب"},{"Position":33,"AudioFileName":"004_092_033.mp3","TajweedImageFilePath":"4/92/33.png","Text":"مُّؤْمِنَةٍۢ ۖ","Translation":" believing","Transliteration":"mu'minatin","Root":"أ م ن"},{"Position":34,"AudioFileName":"004_092_034.mp3","TajweedImageFilePath":"4/92/34.png","Text":"وَإِن","Translation":"And if","Transliteration":"wa-in","Root":"ا ن"},{"Position":35,"AudioFileName":"004_092_035.mp3","TajweedImageFilePath":"4/92/35.png","Text":"كَانَ","Translation":"(he) was","Transliteration":"kāna","Root":"ك و ن"},{"Position":36,"AudioFileName":"004_092_036.mp3","TajweedImageFilePath":"4/92/36.png","Text":"مِن","Translation":"from","Transliteration":"min","Root":"م ن"},{"Position":37,"AudioFileName":"004_092_037.mp3","TajweedImageFilePath":"4/92/37.png","Text":"قَوْمٍۭ","Translation":"a people","Transliteration":"qawmin","Root":"ق و م"},{"Position":38,"AudioFileName":"004_092_038.mp3","TajweedImageFilePath":"4/92/38.png","Text":"بَيْنَكُمْ","Translation":"between you","Transliteration":"baynakum","Root":"ب ي ن"},{"Position":39,"AudioFileName":"004_092_039.mp3","TajweedImageFilePath":"4/92/39.png","Text":"وَبَيْنَهُم","Translation":"and between them","Transliteration":"wabaynahum","Root":"ب ي ن"},{"Position":40,"AudioFileName":"004_092_040.mp3","TajweedImageFilePath":"4/92/40.png","Text":"مِّيثَـٰقٌۭ","Translation":"(is) a treaty","Transliteration":"mīthāqun","Root":"و ث ق"},{"Position":41,"AudioFileName":"004_092_041.mp3","TajweedImageFilePath":"4/92/41.png","Text":"فَدِيَةٌۭ","Translation":"then blood money","Transliteration":"fadiyatun","Root":"و د ي"},{"Position":42,"AudioFileName":"004_092_042.mp3","TajweedImageFilePath":"4/92/42.png","Text":"مُّسَلَّمَةٌ","Translation":"(is to be) paid","Transliteration":"musallamatun","Root":"س ل م"},{"Position":43,"AudioFileName":"004_092_043.mp3","TajweedImageFilePath":"4/92/43.png","Text":"إِلَىٰٓ","Translation":"to","Transliteration":"ilā","Root":"إِلَىٰ"},{"Position":44,"AudioFileName":"004_092_044.mp3","TajweedImageFilePath":"4/92/44.png","Text":"أَهْلِهِۦ","Translation":"his family","Transliteration":"ahlihi","Root":"أ ه ل"},{"Position":45,"AudioFileName":"004_092_045.mp3","TajweedImageFilePath":"4/92/45.png","Text":"وَتَحْرِيرُ","Translation":"and freeing","Transliteration":"wataḥrīru","Root":"ح ر ر"},{"Position":46,"AudioFileName":"004_092_046.mp3","TajweedImageFilePath":"4/92/46.png","Text":"رَقَبَةٍۢ","Translation":"(of) a slave","Transliteration":"raqabatin","Root":"ر ق ب"},{"Position":47,"AudioFileName":"004_092_047.mp3","TajweedImageFilePath":"4/92/47.png","Text":"مُّؤْمِنَةٍۢ ۖ","Translation":" believing","Transliteration":"mu'minatin","Root":"أ م ن"},{"Position":48,"AudioFileName":"004_092_048.mp3","TajweedImageFilePath":"4/92/48.png","Text":"فَمَن","Translation":"And whoever","Transliteration":"faman","Root":"م ن"},{"Position":49,"AudioFileName":"004_092_049.mp3","TajweedImageFilePath":"4/92/49.png","Text":"لَّمْ","Translation":"(does) not","Transliteration":"lam","Root":"ل م"},{"Position":50,"AudioFileName":"004_092_050.mp3","TajweedImageFilePath":"4/92/50.png","Text":"يَجِدْ","Translation":"find","Transliteration":"yajid","Root":"و ج د"},{"Position":51,"AudioFileName":"004_092_051.mp3","TajweedImageFilePath":"4/92/51.png","Text":"فَصِيَامُ","Translation":"then fasting","Transliteration":"faṣiyāmu","Root":"ص و م"},{"Position":52,"AudioFileName":"004_092_052.mp3","TajweedImageFilePath":"4/92/52.png","Text":"شَهْرَيْنِ","Translation":"(for) two months","Transliteration":"shahrayni","Root":"ش ه ر"},{"Position":53,"AudioFileName":"004_092_053.mp3","TajweedImageFilePath":"4/92/53.png","Text":"مُتَتَابِعَيْنِ","Translation":"consecutively","Transliteration":"mutatābiʿayni","Root":"ت ب ع"},{"Position":54,"AudioFileName":"004_092_054.mp3","TajweedImageFilePath":"4/92/54.png","Text":"تَوْبَةًۭ","Translation":"(seeking) repentance","Transliteration":"tawbatan","Root":"ت و ب"},{"Position":55,"AudioFileName":"004_092_055.mp3","TajweedImageFilePath":"4/92/55.png","Text":"مِّنَ","Translation":"from","Transliteration":"mina","Root":"م ن"},{"Position":56,"AudioFileName":"004_092_056.mp3","TajweedImageFilePath":"4/92/56.png","Text":"ٱللَّهِ ۗ","Translation":"Allah","Transliteration":"l-lahi","Root":"أ ل ه"},{"Position":57,"AudioFileName":"004_092_057.mp3","TajweedImageFilePath":"4/92/57.png","Text":"وَكَانَ","Translation":"and is","Transliteration":"wakāna","Root":"ك و ن"},{"Position":58,"AudioFileName":"004_092_058.mp3","TajweedImageFilePath":"4/92/58.png","Text":"ٱللَّهُ","Translation":"Allah","Transliteration":"l-lahu","Root":"أ ل ه"},{"Position":59,"AudioFileName":"004_092_059.mp3","TajweedImageFilePath":"4/92/59.png","Text":"عَلِيمًا","Translation":"All-Knowing","Transliteration":"ʿalīman","Root":"ع ل م"},{"Position":60,"AudioFileName":"004_092_060.mp3","TajweedImageFilePath":"4/92/60.png","Text":"حَكِيمًۭا","Translation":"All-Wise","Transliteration":"ḥakīman","Root":"ح ك م"},{"Position":61,"AudioFileName":null,"TajweedImageFilePath":"92.png","Text":"٩٢","Translation":"(92)","Transliteration":null,"Root":null}],"PageNumber":93,"JuzNumber":5,"ManzilNumber":1,"RukuNumber":74,"MaqraNumber":37,"HizbNumber":10,"HizbDecimal":0.0,"HasSajda":false},{"SurahNumber":4,"SurahIndex":"004","VerseNumber":93,"ShowSurahName":false,"ShowBismillah":false,"Words":[{"Position":1,"AudioFileName":"004_093_001.mp3","TajweedImageFilePath":"4/93/1.png","Text":"وَمَن","Translation":"And whoever","Transliteration":"waman","Root":"م ن"},{"Position":2,"AudioFileName":"004_093_002.mp3","TajweedImageFilePath":"4/93/2.png","Text":"يَقْتُلْ","Translation":"kills","Transliteration":"yaqtul","Root":"ق ت ل"},{"Position":3,"AudioFileName":"004_093_003.mp3","TajweedImageFilePath":"4/93/3.png","Text":"مُؤْمِنًۭا","Translation":"a believer","Transliteration":"mu'minan","Root":"أ م ن"},{"Position":4,"AudioFileName":"004_093_004.mp3","TajweedImageFilePath":"4/93/4.png","Text":"مُّتَعَمِّدًۭا","Translation":"intentionally","Transliteration":"mutaʿammidan","Root":"ع م د"},{"Position":5,"AudioFileName":"004_093_005.mp3","TajweedImageFilePath":"4/93/5.png","Text":"فَجَزَآؤُهُۥ","Translation":"then his recompense","Transliteration":"fajazāuhu","Root":"ج ز ي"},{"Position":6,"AudioFileName":"004_093_006.mp3","TajweedImageFilePath":"4/93/6.png","Text":"جَهَنَّمُ","Translation":"(is) Hell","Transliteration":"jahannamu","Root":"ج ه ن م"},{"Position":7,"AudioFileName":"004_093_007.mp3","TajweedImageFilePath":"4/93/7.png","Text":"خَـٰلِدًۭا","Translation":"abiding forever","Transliteration":"khālidan","Root":"خ ل د"},{"Position":8,"AudioFileName":"004_093_008.mp3","TajweedImageFilePath":"4/93/8.png","Text":"فِيهَا","Translation":"in it","Transliteration":"fīhā","Root":"ف ى"},{"Position":9,"AudioFileName":"004_093_009.mp3","TajweedImageFilePath":"4/93/9.png","Text":"وَغَضِبَ","Translation":"and will fall the wrath","Transliteration":"waghaḍiba","Root":"غ ض ب"},{"Position":10,"AudioFileName":"004_093_010.mp3","TajweedImageFilePath":"4/93/10.png","Text":"ٱللَّهُ","Translation":"(of) Allah","Transliteration":"l-lahu","Root":"أ ل ه"},{"Position":11,"AudioFileName":"004_093_011.mp3","TajweedImageFilePath":"4/93/11.png","Text":"عَلَيْهِ","Translation":"on him","Transliteration":"ʿalayhi","Root":"ع ل ى"},{"Position":12,"AudioFileName":"004_093_012.mp3","TajweedImageFilePath":"4/93/12.png","Text":"وَلَعَنَهُۥ","Translation":"and He (will) curse him","Transliteration":"walaʿanahu","Root":"ل ع ن"},{"Position":13,"AudioFileName":"004_093_013.mp3","TajweedImageFilePath":"4/93/13.png","Text":"وَأَعَدَّ","Translation":"and He has prepared","Transliteration":"wa-aʿadda","Root":"ع د د"},{"Position":14,"AudioFileName":"004_093_014.mp3","TajweedImageFilePath":"4/93/14.png","Text":"لَهُۥ","Translation":"for him","Transliteration":"lahu","Root":"ل"},{"Position":15,"AudioFileName":"004_093_015.mp3","TajweedImageFilePath":"4/93/15.png","Text":"عَذَابًا","Translation":"a punishment","Transliteration":"ʿadhāban","Root":"ع ذ ب"},{"Position":16,"AudioFileName":"004_093_016.mp3","TajweedImageFilePath":"4/93/16.png","Text":"عَظِيمًۭا","Translation":"great","Transliteration":"ʿaẓīman","Root":"ع ظ م"},{"Position":17,"AudioFileName":null,"TajweedImageFilePath":"93.png","Text":"٩٣","Translation":"(93)","Transliteration":null,"Root":null}],"PageNumber":93,"JuzNumber":5,"ManzilNumber":1,"RukuNumber":74,"MaqraNumber":37,"HizbNumber":10,"HizbDecimal":0.0,"HasSajda":false},{"SurahNumber":4,"SurahIndex":"004","VerseNumber":94,"ShowSurahName":false,"ShowBismillah":false,"Words":[{"Position":1,"AudioFileName":"004_094_001.mp3","TajweedImageFilePath":"4/94/1.png","Text":"يَـٰٓأَيُّهَا","Translation":"O you","Transliteration":"yāayyuhā","Root":"ا ى ى"},{"Position":2,"AudioFileName":"004_094_002.mp3","TajweedImageFilePath":"4/94/2.png","Text":"ٱلَّذِينَ","Translation":"who","Transliteration":"alladhīna","Root":"ٱلَّذِى"},{"Position":3,"AudioFileName":"004_094_003.mp3","TajweedImageFilePath":"4/94/3.png","Text":"ءَامَنُوٓا۟","Translation":"believe[d]","Transliteration":"āmanū","Root":"أ م ن"},{"Position":4,"AudioFileName":"004_094_004.mp3","TajweedImageFilePath":"4/94/4.png","Text":"إِذَا","Translation":"When","Transliteration":"idhā","Root":"إِذَا"},{"Position":5,"AudioFileName":"004_094_005.mp3","TajweedImageFilePath":"4/94/5.png","Text":"ضَرَبْتُمْ","Translation":"you go forth","Transliteration":"ḍarabtum","Root":"ض ر ب"},{"Position":6,"AudioFileName":"004_094_006.mp3","TajweedImageFilePath":"4/94/6.png","Text":"فِى","Translation":"in","Transliteration":"fī","Root":"ف ى"},{"Position":7,"AudioFileName":"004_094_007.mp3","TajweedImageFilePath":"4/94/7.png","Text":"سَبِيلِ","Translation":"(the) way","Transliteration":"sabīli","Root":"س ب ل"},{"Position":8,"AudioFileName":"004_094_008.mp3","TajweedImageFilePath":"4/94/8.png","Text":"ٱللَّهِ","Translation":"(of) Allah","Transliteration":"l-lahi","Root":"أ ل ه"},{"Position":9,"AudioFileName":"004_094_009.mp3","TajweedImageFilePath":"4/94/9.png","Text":"فَتَبَيَّنُوا۟","Translation":"then investigate","Transliteration":"fatabayyanū","Root":"ب ي ن"},{"Position":10,"AudioFileName":"004_094_010.mp3","TajweedImageFilePath":"4/94/10.png","Text":"وَلَا","Translation":"and (do) not","Transliteration":"walā","Root":"ل ا"},{"Position":11,"AudioFileName":"004_094_011.mp3","TajweedImageFilePath":"4/94/11.png","Text":"تَقُولُوا۟","Translation":"say","Transliteration":"taqūlū","Root":"ق و ل"},{"Position":12,"AudioFileName":"004_094_012.mp3","TajweedImageFilePath":"4/94/12.png","Text":"لِمَنْ","Translation":"to (the one) who","Transliteration":"liman","Root":"م ن"},{"Position":13,"AudioFileName":"004_094_013.mp3","TajweedImageFilePath":"4/94/13.png","Text":"أَلْقَىٰٓ","Translation":"offers","Transliteration":"alqā","Root":"ل ق ي"},{"Position":14,"AudioFileName":"004_094_014.mp3","TajweedImageFilePath":"4/94/14.png","Text":"إِلَيْكُمُ","Translation":"to you","Transliteration":"ilaykumu","Root":"إِلَىٰ"},{"Position":15,"AudioFileName":"004_094_015.mp3","TajweedImageFilePath":"4/94/15.png","Text":"ٱلسَّلَـٰمَ","Translation":"(a greeting of) peace","Transliteration":"l-salāma","Root":"س ل م"},{"Position":16,"AudioFileName":"004_094_016.mp3","TajweedImageFilePath":"4/94/16.png","Text":"لَسْتَ","Translation":"You are not","Transliteration":"lasta","Root":"ل ي س"},{"Position":17,"AudioFileName":"004_094_017.mp3","TajweedImageFilePath":"4/94/17.png","Text":"مُؤْمِنًۭا","Translation":"a believer","Transliteration":"mu'minan","Root":"أ م ن"},{"Position":18,"AudioFileName":"004_094_018.mp3","TajweedImageFilePath":"4/94/18.png","Text":"تَبْتَغُونَ","Translation":"seeking","Transliteration":"tabtaghūna","Root":"ب غ ي"},{"Position":19,"AudioFileName":"004_094_019.mp3","TajweedImageFilePath":"4/94/19.png","Text":"عَرَضَ","Translation":"transitory gains","Transliteration":"ʿaraḍa","Root":"ع ر ض"},{"Position":20,"AudioFileName":"004_094_020.mp3","TajweedImageFilePath":"4/94/20.png","Text":"ٱلْحَيَوٰةِ","Translation":"(of) the life","Transliteration":"l-ḥayati","Root":"ح ي ي"},{"Position":21,"AudioFileName":"004_094_021.mp3","TajweedImageFilePath":"4/94/21.png","Text":"ٱلدُّنْيَا","Translation":"(of) the world","Transliteration":"l-dun'yā","Root":"د ن و"},{"Position":22,"AudioFileName":"004_094_022.mp3","TajweedImageFilePath":"4/94/22.png","Text":"فَعِندَ","Translation":"for with","Transliteration":"faʿinda","Root":"ع ن د"},{"Position":23,"AudioFileName":"004_094_023.mp3","TajweedImageFilePath":"4/94/23.png","Text":"ٱللَّهِ","Translation":"Allah","Transliteration":"l-lahi","Root":"أ ل ه"},{"Position":24,"AudioFileName":"004_094_024.mp3","TajweedImageFilePath":"4/94/24.png","Text":"مَغَانِمُ","Translation":"(are) booties","Transliteration":"maghānimu","Root":"غ ن م"},{"Position":25,"AudioFileName":"004_094_025.mp3","TajweedImageFilePath":"4/94/25.png","Text":"كَثِيرَةٌۭ ۚ","Translation":"abundant","Transliteration":"kathīratun","Root":"ك ث ر"},{"Position":26,"AudioFileName":"004_094_026.mp3","TajweedImageFilePath":"4/94/26.png","Text":"كَذَٰلِكَ","Translation":"Like that","Transliteration":"kadhālika","Root":"ذ ل ك"},{"Position":27,"AudioFileName":"004_094_027.mp3","TajweedImageFilePath":"4/94/27.png","Text":"كُنتُم","Translation":"you were","Transliteration":"kuntum","Root":"ك و ن"},{"Position":28,"AudioFileName":"004_094_028.mp3","TajweedImageFilePath":"4/94/28.png","Text":"مِّن","Translation":"from","Transliteration":"min","Root":"م ن"},{"Position":29,"AudioFileName":"004_094_029.mp3","TajweedImageFilePath":"4/94/29.png","Text":"قَبْلُ","Translation":"before","Transliteration":"qablu","Root":"ق ب ل"},{"Position":30,"AudioFileName":"004_094_030.mp3","TajweedImageFilePath":"4/94/30.png","Text":"فَمَنَّ","Translation":"then conferred favor","Transliteration":"famanna","Root":"م ن ن"},{"Position":31,"AudioFileName":"004_094_031.mp3","TajweedImageFilePath":"4/94/31.png","Text":"ٱللَّهُ","Translation":"Allah","Transliteration":"l-lahu","Root":"أ ل ه"},{"Position":32,"AudioFileName":"004_094_032.mp3","TajweedImageFilePath":"4/94/32.png","Text":"عَلَيْكُمْ","Translation":"upon you","Transliteration":"ʿalaykum","Root":"ع ل ى"},{"Position":33,"AudioFileName":"004_094_033.mp3","TajweedImageFilePath":"4/94/33.png","Text":"فَتَبَيَّنُوٓا۟ ۚ","Translation":"so investigate","Transliteration":"fatabayyanū","Root":"ب ي ن"},{"Position":34,"AudioFileName":"004_094_034.mp3","TajweedImageFilePath":"4/94/34.png","Text":"إِنَّ","Translation":"Indeed","Transliteration":"inna","Root":"ا ن ن"},{"Position":35,"AudioFileName":"004_094_035.mp3","TajweedImageFilePath":"4/94/35.png","Text":"ٱللَّهَ","Translation":"Allah","Transliteration":"l-laha","Root":"أ ل ه"},{"Position":36,"AudioFileName":"004_094_036.mp3","TajweedImageFilePath":"4/94/36.png","Text":"كَانَ","Translation":"is","Transliteration":"kāna","Root":"ك و ن"},{"Position":37,"AudioFileName":"004_094_037.mp3","TajweedImageFilePath":"4/94/37.png","Text":"بِمَا","Translation":"of what","Transliteration":"bimā","Root":"ب م ا"},{"Position":38,"AudioFileName":"004_094_038.mp3","TajweedImageFilePath":"4/94/38.png","Text":"تَعْمَلُونَ","Translation":"you do","Transliteration":"taʿmalūna","Root":"ع م ل"},{"Position":39,"AudioFileName":"004_094_039.mp3","TajweedImageFilePath":"4/94/39.png","Text":"خَبِيرًۭا","Translation":"All-Aware","Transliteration":"khabīran","Root":"خ ب ر"},{"Position":40,"AudioFileName":null,"TajweedImageFilePath":"94.png","Text":"٩٤","Translation":"(94)","Transliteration":null,"Root":null}],"PageNumber":93,"JuzNumber":5,"ManzilNumber":1,"RukuNumber":74,"MaqraNumber":37,"HizbNumber":10,"HizbDecimal":0.0,"HasSajda":false},{"SurahNumber":4,"SurahIndex":"004","VerseNumber":95,"ShowSurahName":false,"ShowBismillah":false,"Words":[{"Position":1,"AudioFileName":"004_095_001.mp3","TajweedImageFilePath":"4/95/1.png","Text":"لَّا","Translation":"Not","Transliteration":"lā","Root":"ل ا"},{"Position":2,"AudioFileName":"004_095_002.mp3","TajweedImageFilePath":"4/95/2.png","Text":"يَسْتَوِى","Translation":"(are) equal","Transliteration":"yastawī","Root":"س و ي"},{"Position":3,"AudioFileName":"004_095_003.mp3","TajweedImageFilePath":"4/95/3.png","Text":"ٱلْقَـٰعِدُونَ","Translation":"the ones who sit","Transliteration":"l-qāʿidūna","Root":"ق ع د"},{"Position":4,"AudioFileName":"004_095_004.mp3","TajweedImageFilePath":"4/95/4.png","Text":"مِنَ","Translation":"among","Transliteration":"mina","Root":"م ن"},{"Position":5,"AudioFileName":"004_095_005.mp3","TajweedImageFilePath":"4/95/5.png","Text":"ٱلْمُؤْمِنِينَ","Translation":"the believers","Transliteration":"l-mu'minīna","Root":"أ م ن"},{"Position":6,"AudioFileName":"004_095_006.mp3","TajweedImageFilePath":"4/95/6.png","Text":"غَيْرُ","Translation":"other than","Transliteration":"ghayru","Root":"غ ي ر"},{"Position":7,"AudioFileName":"004_095_007.mp3","TajweedImageFilePath":"4/95/7.png","Text":"أُو۟لِى","Translation":"the ones (who are)","Transliteration":"ulī","Root":"أ و ل"},{"Position":8,"AudioFileName":"004_095_008.mp3","TajweedImageFilePath":"4/95/8.png","Text":"ٱلضَّرَرِ","Translation":"[the] disabled","Transliteration":"l-ḍarari","Root":"ض ر ر"},{"Position":9,"AudioFileName":"004_095_009.mp3","TajweedImageFilePath":"4/95/9.png","Text":"وَٱلْمُجَـٰهِدُونَ","Translation":"and the ones who strive","Transliteration":"wal-mujāhidūna","Root":"ج ه د"},{"Position":10,"AudioFileName":"004_095_010.mp3","TajweedImageFilePath":"4/95/10.png","Text":"فِى","Translation":"in","Transliteration":"fī","Root":"ف ى"},{"Position":11,"AudioFileName":"004_095_011.mp3","TajweedImageFilePath":"4/95/11.png","Text":"سَبِيلِ","Translation":"(the) way","Transliteration":"sabīli","Root":"س ب ل"},{"Position":12,"AudioFileName":"004_095_012.mp3","TajweedImageFilePath":"4/95/12.png","Text":"ٱللَّهِ","Translation":"(of) Allah","Transliteration":"l-lahi","Root":"أ ل ه"},{"Position":13,"AudioFileName":"004_095_013.mp3","TajweedImageFilePath":"4/95/13.png","Text":"بِأَمْوَٰلِهِمْ","Translation":"with their wealth","Transliteration":"bi-amwālihim","Root":"م و ل"},{"Position":14,"AudioFileName":"004_095_014.mp3","TajweedImageFilePath":"4/95/14.png","Text":"وَأَنفُسِهِمْ ۚ","Translation":"and their lives","Transliteration":"wa-anfusihim","Root":"ن ف س"},{"Position":15,"AudioFileName":"004_095_015.mp3","TajweedImageFilePath":"4/95/15.png","Text":"فَضَّلَ","Translation":"Preferred","Transliteration":"faḍḍala","Root":"ف ض ل"},{"Position":16,"AudioFileName":"004_095_016.mp3","TajweedImageFilePath":"4/95/16.png","Text":"ٱللَّهُ","Translation":"(has) Allah","Transliteration":"l-lahu","Root":"أ ل ه"},{"Position":17,"AudioFileName":"004_095_017.mp3","TajweedImageFilePath":"4/95/17.png","Text":"ٱلْمُجَـٰهِدِينَ","Translation":"the ones who strive","Transliteration":"l-mujāhidīna","Root":"ج ه د"},{"Position":18,"AudioFileName":"004_095_018.mp3","TajweedImageFilePath":"4/95/18.png","Text":"بِأَمْوَٰلِهِمْ","Translation":"with their wealth","Transliteration":"bi-amwālihim","Root":"م و ل"},{"Position":19,"AudioFileName":"004_095_019.mp3","TajweedImageFilePath":"4/95/19.png","Text":"وَأَنفُسِهِمْ","Translation":"and their lives","Transliteration":"wa-anfusihim","Root":"ن ف س"},{"Position":20,"AudioFileName":"004_095_020.mp3","TajweedImageFilePath":"4/95/20.png","Text":"عَلَى","Translation":"to","Transliteration":"ʿalā","Root":"ع ل ى"},{"Position":21,"AudioFileName":"004_095_021.mp3","TajweedImageFilePath":"4/95/21.png","Text":"ٱلْقَـٰعِدِينَ","Translation":"the ones who sit","Transliteration":"l-qāʿidīna","Root":"ق ع د"},{"Position":22,"AudioFileName":"004_095_022.mp3","TajweedImageFilePath":"4/95/22.png","Text":"دَرَجَةًۭ ۚ","Translation":"(in) rank","Transliteration":"darajatan","Root":"د ر ج"},{"Position":23,"AudioFileName":"004_095_023.mp3","TajweedImageFilePath":"4/95/23.png","Text":"وَكُلًّۭا","Translation":"And (to) all","Transliteration":"wakullan","Root":"ك ل ل"},{"Position":24,"AudioFileName":"004_095_024.mp3","TajweedImageFilePath":"4/95/24.png","Text":"وَعَدَ","Translation":"promised","Transliteration":"waʿada","Root":"و ع د"},{"Position":25,"AudioFileName":"004_095_025.mp3","TajweedImageFilePath":"4/95/25.png","Text":"ٱللَّهُ","Translation":"(has) Allah","Transliteration":"l-lahu","Root":"أ ل ه"},{"Position":26,"AudioFileName":"004_095_026.mp3","TajweedImageFilePath":"4/95/26.png","Text":"ٱلْحُسْنَىٰ ۚ","Translation":"the best","Transliteration":"l-ḥus'nā","Root":"ح س ن"},{"Position":27,"AudioFileName":"004_095_027.mp3","TajweedImageFilePath":"4/95/27.png","Text":"وَفَضَّلَ","Translation":"preferred","Transliteration":"wafaḍḍala","Root":"ف ض ل"},{"Position":28,"AudioFileName":"004_095_028.mp3","TajweedImageFilePath":"4/95/28.png","Text":"ٱللَّهُ","Translation":"(has) Allah","Transliteration":"l-lahu","Root":"أ ل ه"},{"Position":29,"AudioFileName":"004_095_029.mp3","TajweedImageFilePath":"4/95/29.png","Text":"ٱلْمُجَـٰهِدِينَ","Translation":"the ones who strive","Transliteration":"l-mujāhidīna","Root":"ج ه د"},{"Position":30,"AudioFileName":"004_095_030.mp3","TajweedImageFilePath":"4/95/30.png","Text":"عَلَى","Translation":"over","Transliteration":"ʿalā","Root":"ع ل ى"},{"Position":31,"AudioFileName":"004_095_031.mp3","TajweedImageFilePath":"4/95/31.png","Text":"ٱلْقَـٰعِدِينَ","Translation":"the ones who sit","Transliteration":"l-qāʿidīna","Root":"ق ع د"},{"Position":32,"AudioFileName":"004_095_032.mp3","TajweedImageFilePath":"4/95/32.png","Text":"أَجْرًا","Translation":"(with) a reward","Transliteration":"ajran","Root":"أ ج ر"},{"Position":33,"AudioFileName":"004_095_033.mp3","TajweedImageFilePath":"4/95/33.png","Text":"عَظِيمًۭا","Translation":"great","Transliteration":"ʿaẓīman","Root":"ع ظ م"},{"Position":34,"AudioFileName":null,"TajweedImageFilePath":"95.png","Text":"٩٥","Translation":"(95)","Transliteration":null,"Root":null}],"PageNumber":94,"JuzNumber":5,"ManzilNumber":1,"RukuNumber":74,"MaqraNumber":37,"HizbNumber":10,"HizbDecimal":0.0,"HasSajda":false},{"SurahNumber":4,"SurahIndex":"004","VerseNumber":96,"ShowSurahName":false,"ShowBismillah":false,"Words":[{"Position":1,"AudioFileName":"004_096_001.mp3","TajweedImageFilePath":"4/96/1.png","Text":"دَرَجَـٰتٍۢ","Translation":"Ranks","Transliteration":"darajātin","Root":"د ر ج"},{"Position":2,"AudioFileName":"004_096_002.mp3","TajweedImageFilePath":"4/96/2.png","Text":"مِّنْهُ","Translation":"from Him","Transliteration":"min'hu","Root":"م ن"},{"Position":3,"AudioFileName":"004_096_003.mp3","TajweedImageFilePath":"4/96/3.png","Text":"وَمَغْفِرَةًۭ","Translation":"and forgiveness","Transliteration":"wamaghfiratan","Root":"غ ف ر"},{"Position":4,"AudioFileName":"004_096_004.mp3","TajweedImageFilePath":"4/96/4.png","Text":"وَرَحْمَةًۭ ۚ","Translation":"and mercy","Transliteration":"waraḥmatan","Root":"ر ح م"},{"Position":5,"AudioFileName":"004_096_005.mp3","TajweedImageFilePath":"4/96/5.png","Text":"وَكَانَ","Translation":"And is","Transliteration":"wakāna","Root":"ك و ن"},{"Position":6,"AudioFileName":"004_096_006.mp3","TajweedImageFilePath":"4/96/6.png","Text":"ٱللَّهُ","Translation":"Allah","Transliteration":"l-lahu","Root":"أ ل ه"},{"Position":7,"AudioFileName":"004_096_007.mp3","TajweedImageFilePath":"4/96/7.png","Text":"غَفُورًۭا","Translation":"Oft-Forgiving","Transliteration":"ghafūran","Root":"غ ف ر"},{"Position":8,"AudioFileName":"004_096_008.mp3","TajweedImageFilePath":"4/96/8.png","Text":"رَّحِيمًا","Translation":"Most Merciful","Transliteration":"raḥīman","Root":"ر ح م"},{"Position":9,"AudioFileName":null,"TajweedImageFilePath":"96.png","Text":"٩٦","Translation":"(96)","Transliteration":null,"Root":null}],"PageNumber":94,"JuzNumber":5,"ManzilNumber":1,"RukuNumber":74,"MaqraNumber":37,"HizbNumber":10,"HizbDecimal":0.0,"HasSajda":false},{"SurahNumber":4,"SurahIndex":"004","VerseNumber":97,"ShowSurahName":false,"ShowBismillah":false,"Words":[{"Position":1,"AudioFileName":"004_097_001.mp3","TajweedImageFilePath":"4/97/1.png","Text":"إِنَّ","Translation":"Indeed","Transliteration":"inna","Root":"ا ن ن"},{"Position":2,"AudioFileName":"004_097_002.mp3","TajweedImageFilePath":"4/97/2.png","Text":"ٱلَّذِينَ","Translation":"those whom ","Transliteration":"alladhīna","Root":"ٱلَّذِى"},{"Position":3,"AudioFileName":"004_097_003.mp3","TajweedImageFilePath":"4/97/3.png","Text":"تَوَفَّىٰهُمُ","Translation":"take them (in death)","Transliteration":"tawaffāhumu","Root":"و ف ي"},{"Position":4,"AudioFileName":"004_097_004.mp3","TajweedImageFilePath":"4/97/4.png","Text":"ٱلْمَلَـٰٓئِكَةُ","Translation":"the Angels","Transliteration":"l-malāikatu","Root":"م ل ك"},{"Position":5,"AudioFileName":"004_097_005.mp3","TajweedImageFilePath":"4/97/5.png","Text":"ظَالِمِىٓ","Translation":"(while) they (were) wronging","Transliteration":"ẓālimī","Root":"ظ ل م"},{"Position":6,"AudioFileName":"004_097_006.mp3","TajweedImageFilePath":"4/97/6.png","Text":"أَنفُسِهِمْ","Translation":"themselves","Transliteration":"anfusihim","Root":"ن ف س"},{"Position":7,"AudioFileName":"004_097_007.mp3","TajweedImageFilePath":"4/97/7.png","Text":"قَالُوا۟","Translation":"they say","Transliteration":"qālū","Root":"ق و ل"},{"Position":8,"AudioFileName":"004_097_008.mp3","TajweedImageFilePath":"4/97/8.png","Text":"فِيمَ","Translation":"In what (condition)","Transliteration":"fīma","Root":"ف ى"},{"Position":9,"AudioFileName":"004_097_009.mp3","TajweedImageFilePath":"4/97/9.png","Text":"كُنتُمْ ۖ","Translation":"were you","Transliteration":"kuntum","Root":"ك و ن"},{"Position":10,"AudioFileName":"004_097_010.mp3","TajweedImageFilePath":"4/97/10.png","Text":"قَالُوا۟","Translation":"They said","Transliteration":"qālū","Root":"ق و ل"},{"Position":11,"AudioFileName":"004_097_011.mp3","TajweedImageFilePath":"4/97/11.png","Text":"كُنَّا","Translation":"We were","Transliteration":"kunnā","Root":"ك و ن"},{"Position":12,"AudioFileName":"004_097_012.mp3","TajweedImageFilePath":"4/97/12.png","Text":"مُسْتَضْعَفِينَ","Translation":"oppressed","Transliteration":"mus'taḍʿafīna","Root":"ض ع ف"},{"Position":13,"AudioFileName":"004_097_013.mp3","TajweedImageFilePath":"4/97/13.png","Text":"فِى","Translation":"in","Transliteration":"fī","Root":"ف ى"},{"Position":14,"AudioFileName":"004_097_014.mp3","TajweedImageFilePath":"4/97/14.png","Text":"ٱلْأَرْضِ ۚ","Translation":"the earth","Transliteration":"l-arḍi","Root":"أ ر ض"},{"Position":15,"AudioFileName":"004_097_015.mp3","TajweedImageFilePath":"4/97/15.png","Text":"قَالُوٓا۟","Translation":"They said","Transliteration":"qālū","Root":"ق و ل"},{"Position":16,"AudioFileName":"004_097_016.mp3","TajweedImageFilePath":"4/97/16.png","Text":"أَلَمْ","Translation":"Not","Transliteration":"alam","Root":"ل م"},{"Position":17,"AudioFileName":"004_097_017.mp3","TajweedImageFilePath":"4/97/17.png","Text":"تَكُنْ","Translation":"was","Transliteration":"takun","Root":"ك و ن"},{"Position":18,"AudioFileName":"004_097_018.mp3","TajweedImageFilePath":"4/97/18.png","Text":"أَرْضُ","Translation":"(the) earth","Transliteration":"arḍu","Root":"أ ر ض"},{"Position":19,"AudioFileName":"004_097_019.mp3","TajweedImageFilePath":"4/97/19.png","Text":"ٱللَّهِ","Translation":"(of) Allah","Transliteration":"l-lahi","Root":"أ ل ه"},{"Position":20,"AudioFileName":"004_097_020.mp3","TajweedImageFilePath":"4/97/20.png","Text":"وَٰسِعَةًۭ","Translation":"spacious (enough)","Transliteration":"wāsiʿatan","Root":"و س ع"},{"Position":21,"AudioFileName":"004_097_021.mp3","TajweedImageFilePath":"4/97/21.png","Text":"فَتُهَاجِرُوا۟","Translation":"so that you (could) emigrate","Transliteration":"fatuhājirū","Root":"ه ج ر"},{"Position":22,"AudioFileName":"004_097_022.mp3","TajweedImageFilePath":"4/97/22.png","Text":"فِيهَا ۚ","Translation":"in it","Transliteration":"fīhā","Root":"ف ى"},{"Position":23,"AudioFileName":"004_097_023.mp3","TajweedImageFilePath":"4/97/23.png","Text":"فَأُو۟لَـٰٓئِكَ","Translation":"Then those","Transliteration":"fa-ulāika","Root":"ا و ل ا ء"},{"Position":24,"AudioFileName":"004_097_024.mp3","TajweedImageFilePath":"4/97/24.png","Text":"مَأْوَىٰهُمْ","Translation":"(will have) their abode","Transliteration":"mawāhum","Root":"أ و ي"},{"Position":25,"AudioFileName":"004_097_025.mp3","TajweedImageFilePath":"4/97/25.png","Text":"جَهَنَّمُ ۖ","Translation":"(in) Hell ","Transliteration":"jahannamu","Root":"ج ه ن م"},{"Position":26,"AudioFileName":"004_097_026.mp3","TajweedImageFilePath":"4/97/26.png","Text":"وَسَآءَتْ","Translation":"and it is an evil","Transliteration":"wasāat","Root":"س و أ"},{"Position":27,"AudioFileName":"004_097_027.mp3","TajweedImageFilePath":"4/97/27.png","Text":"مَصِيرًا","Translation":"destination","Transliteration":"maṣīran","Root":"ص ي ر"},{"Position":28,"AudioFileName":null,"TajweedImageFilePath":"97.png","Text":"٩٧","Translation":"(97)","Transliteration":null,"Root":null}],"PageNumber":94,"JuzNumber":5,"ManzilNumber":1,"RukuNumber":75,"MaqraNumber":37,"HizbNumber":10,"HizbDecimal":0.0,"HasSajda":false},{"SurahNumber":4,"SurahIndex":"004","VerseNumber":98,"ShowSurahName":false,"ShowBismillah":false,"Words":[{"Position":1,"AudioFileName":"004_098_001.mp3","TajweedImageFilePath":"4/98/1.png","Text":"إِلَّا","Translation":"Except","Transliteration":"illā","Root":"إِلَّا"},{"Position":2,"AudioFileName":"004_098_002.mp3","TajweedImageFilePath":"4/98/2.png","Text":"ٱلْمُسْتَضْعَفِينَ","Translation":"the oppressed","Transliteration":"l-mus'taḍʿafīna","Root":"ض ع ف"},{"Position":3,"AudioFileName":"004_098_003.mp3","TajweedImageFilePath":"4/98/3.png","Text":"مِنَ","Translation":"among","Transliteration":"mina","Root":"م ن"},{"Position":4,"AudioFileName":"004_098_004.mp3","TajweedImageFilePath":"4/98/4.png","Text":"ٱلرِّجَالِ","Translation":"the men","Transliteration":"l-rijāli","Root":"ر ج ل"},{"Position":5,"AudioFileName":"004_098_005.mp3","TajweedImageFilePath":"4/98/5.png","Text":"وَٱلنِّسَآءِ","Translation":"and the women","Transliteration":"wal-nisāi","Root":"ن س و"},{"Position":6,"AudioFileName":"004_098_006.mp3","TajweedImageFilePath":"4/98/6.png","Text":"وَٱلْوِلْدَٰنِ","Translation":"and the children","Transliteration":"wal-wil'dāni","Root":"و ل د"},{"Position":7,"AudioFileName":"004_098_007.mp3","TajweedImageFilePath":"4/98/7.png","Text":"لَا","Translation":"(who) not","Transliteration":"lā","Root":"ل ا"},{"Position":8,"AudioFileName":"004_098_008.mp3","TajweedImageFilePath":"4/98/8.png","Text":"يَسْتَطِيعُونَ","Translation":"are able to","Transliteration":"yastaṭīʿūna","Root":"ط و ع"},{"Position":9,"AudioFileName":"004_098_009.mp3","TajweedImageFilePath":"4/98/9.png","Text":"حِيلَةًۭ","Translation":"plan","Transliteration":"ḥīlatan","Root":"ح و ل"},{"Position":10,"AudioFileName":"004_098_010.mp3","TajweedImageFilePath":"4/98/10.png","Text":"وَلَا","Translation":"and not","Transliteration":"walā","Root":"ل ا"},{"Position":11,"AudioFileName":"004_098_011.mp3","TajweedImageFilePath":"4/98/11.png","Text":"يَهْتَدُونَ","Translation":"they are directed","Transliteration":"yahtadūna","Root":"ه د ي"},{"Position":12,"AudioFileName":"004_098_012.mp3","TajweedImageFilePath":"4/98/12.png","Text":"سَبِيلًۭا","Translation":"(to) a way","Transliteration":"sabīlan","Root":"س ب ل"},{"Position":13,"AudioFileName":null,"TajweedImageFilePath":"98.png","Text":"٩٨","Translation":"(98)","Transliteration":null,"Root":null}],"PageNumber":94,"JuzNumber":5,"ManzilNumber":1,"RukuNumber":75,"MaqraNumber":37,"HizbNumber":10,"HizbDecimal":0.0,"HasSajda":false},{"SurahNumber":4,"SurahIndex":"004","VerseNumber":99,"ShowSurahName":false,"ShowBismillah":false,"Words":[{"Position":1,"AudioFileName":"004_099_001.mp3","TajweedImageFilePath":"4/99/1.png","Text":"فَأُو۟لَـٰٓئِكَ","Translation":"Then those","Transliteration":"fa-ulāika","Root":"ا و ل ا ء"},{"Position":2,"AudioFileName":"004_099_002.mp3","TajweedImageFilePath":"4/99/2.png","Text":"عَسَى","Translation":"may be","Transliteration":"ʿasā","Root":"ع س ي"},{"Position":3,"AudioFileName":"004_099_003.mp3","TajweedImageFilePath":"4/99/3.png","Text":"ٱللَّهُ","Translation":"Allah","Transliteration":"l-lahu","Root":"أ ل ه"},{"Position":4,"AudioFileName":"004_099_004.mp3","TajweedImageFilePath":"4/99/4.png","Text":"أَن","Translation":"will","Transliteration":"an","Root":"ا ن"},{"Position":5,"AudioFileName":"004_099_005.mp3","TajweedImageFilePath":"4/99/5.png","Text":"يَعْفُوَ","Translation":"pardon","Transliteration":"yaʿfuwa","Root":"ع ف و"},{"Position":6,"AudioFileName":"004_099_006.mp3","TajweedImageFilePath":"4/99/6.png","Text":"عَنْهُمْ ۚ","Translation":"[on] them","Transliteration":"ʿanhum","Root":"ع ن"},{"Position":7,"AudioFileName":"004_099_007.mp3","TajweedImageFilePath":"4/99/7.png","Text":"وَكَانَ","Translation":"and is","Transliteration":"wakāna","Root":"ك و ن"},{"Position":8,"AudioFileName":"004_099_008.mp3","TajweedImageFilePath":"4/99/8.png","Text":"ٱللَّهُ","Translation":"Allah","Transliteration":"l-lahu","Root":"أ ل ه"},{"Position":9,"AudioFileName":"004_099_009.mp3","TajweedImageFilePath":"4/99/9.png","Text":"عَفُوًّا","Translation":"Oft-Pardoning","Transliteration":"ʿafuwwan","Root":"ع ف و"},{"Position":10,"AudioFileName":"004_099_010.mp3","TajweedImageFilePath":"4/99/10.png","Text":"غَفُورًۭا","Translation":"Oft-Forgiving","Transliteration":"ghafūran","Root":"غ ف ر"},{"Position":11,"AudioFileName":null,"TajweedImageFilePath":"99.png","Text":"٩٩","Translation":"(99)","Transliteration":null,"Root":null}],"PageNumber":94,"JuzNumber":5,"ManzilNumber":1,"RukuNumber":75,"MaqraNumber":37,"HizbNumber":10,"HizbDecimal":0.0,"HasSajda":false}]}