{"MaqraNumber":79,"Verses":[{"SurahNumber":9,"SurahIndex":"009","VerseNumber":60,"ShowSurahName":false,"ShowBismillah":false,"Words":[{"Position":1,"AudioFileName":"009_060_001.mp3","TajweedImageFilePath":"9/60/1.png","Text":"۞ إِنَّمَا","Translation":"Only","Transliteration":"innamā","Root":"ا ن ن م ا"},{"Position":2,"AudioFileName":"009_060_002.mp3","TajweedImageFilePath":"9/60/2.png","Text":"ٱلصَّدَقَـٰتُ","Translation":"the charities","Transliteration":"l-ṣadaqātu","Root":"ص د ق"},{"Position":3,"AudioFileName":"009_060_003.mp3","TajweedImageFilePath":"9/60/3.png","Text":"لِلْفُقَرَآءِ","Translation":"(are) for the poor","Transliteration":"lil'fuqarāi","Root":"ف ق ر"},{"Position":4,"AudioFileName":"009_060_004.mp3","TajweedImageFilePath":"9/60/4.png","Text":"وَٱلْمَسَـٰكِينِ","Translation":"and the needy","Transliteration":"wal-masākīni","Root":"س ك ن"},{"Position":5,"AudioFileName":"009_060_005.mp3","TajweedImageFilePath":"9/60/5.png","Text":"وَٱلْعَـٰمِلِينَ","Translation":"and those who collect","Transliteration":"wal-ʿāmilīna","Root":"ع م ل"},{"Position":6,"AudioFileName":"009_060_006.mp3","TajweedImageFilePath":"9/60/6.png","Text":"عَلَيْهَا","Translation":"them","Transliteration":"ʿalayhā","Root":"ع ل ى"},{"Position":7,"AudioFileName":"009_060_007.mp3","TajweedImageFilePath":"9/60/7.png","Text":"وَٱلْمُؤَلَّفَةِ","Translation":"and the ones inclined","Transliteration":"wal-mu-alafati","Root":"أ ل ف"},{"Position":8,"AudioFileName":"009_060_008.mp3","TajweedImageFilePath":"9/60/8.png","Text":"قُلُوبُهُمْ","Translation":"their hearts","Transliteration":"qulūbuhum","Root":"ق ل ب"},{"Position":9,"AudioFileName":"009_060_009.mp3","TajweedImageFilePath":"9/60/9.png","Text":"وَفِى","Translation":"and in","Transliteration":"wafī","Root":"ف ى"},{"Position":10,"AudioFileName":"009_060_010.mp3","TajweedImageFilePath":"9/60/10.png","Text":"ٱلرِّقَابِ","Translation":"the (freeing of) the necks","Transliteration":"l-riqābi","Root":"ر ق ب"},{"Position":11,"AudioFileName":"009_060_011.mp3","TajweedImageFilePath":"9/60/11.png","Text":"وَٱلْغَـٰرِمِينَ","Translation":"and for those in debt","Transliteration":"wal-ghārimīna","Root":"غ ر م"},{"Position":12,"AudioFileName":"009_060_012.mp3","TajweedImageFilePath":"9/60/12.png","Text":"وَفِى","Translation":"and in","Transliteration":"wafī","Root":"ف ى"},{"Position":13,"AudioFileName":"009_060_013.mp3","TajweedImageFilePath":"9/60/13.png","Text":"سَبِيلِ","Translation":"(the) way","Transliteration":"sabīli","Root":"س ب ل"},{"Position":14,"AudioFileName":"009_060_014.mp3","TajweedImageFilePath":"9/60/14.png","Text":"ٱللَّهِ","Translation":"(of) Allah","Transliteration":"l-lahi","Root":"أ ل ه"},{"Position":15,"AudioFileName":"009_060_015.mp3","TajweedImageFilePath":"9/60/15.png","Text":"وَٱبْنِ","Translation":"and the wayfarer ","Transliteration":"wa-ib'ni","Root":"ب ن ي"},{"Position":16,"AudioFileName":"009_060_016.mp3","TajweedImageFilePath":"9/60/16.png","Text":"ٱلسَّبِيلِ ۖ","Translation":"and the wayfarer ","Transliteration":"l-sabīli","Root":"س ب ل"},{"Position":17,"AudioFileName":"009_060_017.mp3","TajweedImageFilePath":"9/60/17.png","Text":"فَرِيضَةًۭ","Translation":"an obligation","Transliteration":"farīḍatan","Root":"ف ر ض"},{"Position":18,"AudioFileName":"009_060_018.mp3","TajweedImageFilePath":"9/60/18.png","Text":"مِّنَ","Translation":"from","Transliteration":"mina","Root":"م ن"},{"Position":19,"AudioFileName":"009_060_019.mp3","TajweedImageFilePath":"9/60/19.png","Text":"ٱللَّهِ ۗ","Translation":"Allah","Transliteration":"l-lahi","Root":"أ ل ه"},{"Position":20,"AudioFileName":"009_060_020.mp3","TajweedImageFilePath":"9/60/20.png","Text":"وَٱللَّهُ","Translation":"And Allah","Transliteration":"wal-lahu","Root":"أ ل ه"},{"Position":21,"AudioFileName":"009_060_021.mp3","TajweedImageFilePath":"9/60/21.png","Text":"عَلِيمٌ","Translation":"(is) All-Knowing","Transliteration":"ʿalīmun","Root":"ع ل م"},{"Position":22,"AudioFileName":"009_060_022.mp3","TajweedImageFilePath":"9/60/22.png","Text":"حَكِيمٌۭ","Translation":"All-Wise","Transliteration":"ḥakīmun","Root":"ح ك م"},{"Position":23,"AudioFileName":null,"TajweedImageFilePath":"60.png","Text":"٦٠","Translation":"(60)","Transliteration":null,"Root":null}],"PageNumber":196,"JuzNumber":10,"ManzilNumber":2,"RukuNumber":163,"MaqraNumber":79,"HizbNumber":20,"HizbDecimal":0.5,"HasSajda":false},{"SurahNumber":9,"SurahIndex":"009","VerseNumber":61,"ShowSurahName":false,"ShowBismillah":false,"Words":[{"Position":1,"AudioFileName":"009_061_001.mp3","TajweedImageFilePath":"9/61/1.png","Text":"وَمِنْهُمُ","Translation":"And among them","Transliteration":"wamin'humu","Root":"م ن"},{"Position":2,"AudioFileName":"009_061_002.mp3","TajweedImageFilePath":"9/61/2.png","Text":"ٱلَّذِينَ","Translation":"(are) those who","Transliteration":"alladhīna","Root":"ٱلَّذِى"},{"Position":3,"AudioFileName":"009_061_003.mp3","TajweedImageFilePath":"9/61/3.png","Text":"يُؤْذُونَ","Translation":"hurt","Transliteration":"yu'dhūna","Root":"أ ذ ي"},{"Position":4,"AudioFileName":"009_061_004.mp3","TajweedImageFilePath":"9/61/4.png","Text":"ٱلنَّبِىَّ","Translation":"the Prophet","Transliteration":"l-nabiya","Root":"ن ب أ"},{"Position":5,"AudioFileName":"009_061_005.mp3","TajweedImageFilePath":"9/61/5.png","Text":"وَيَقُولُونَ","Translation":"and they say","Transliteration":"wayaqūlūna","Root":"ق و ل"},{"Position":6,"AudioFileName":"009_061_006.mp3","TajweedImageFilePath":"9/61/6.png","Text":"هُوَ","Translation":"He is","Transliteration":"huwa","Root":"ه و"},{"Position":7,"AudioFileName":"009_061_007.mp3","TajweedImageFilePath":"9/61/7.png","Text":"أُذُنٌۭ ۚ","Translation":"(all) ear","Transliteration":"udhunun","Root":"أ ذ ن"},{"Position":8,"AudioFileName":"009_061_008.mp3","TajweedImageFilePath":"9/61/8.png","Text":"قُلْ","Translation":"Say","Transliteration":"qul","Root":"ق و ل"},{"Position":9,"AudioFileName":"009_061_009.mp3","TajweedImageFilePath":"9/61/9.png","Text":"أُذُنُ","Translation":"An ear","Transliteration":"udhunu","Root":"أ ذ ن"},{"Position":10,"AudioFileName":"009_061_010.mp3","TajweedImageFilePath":"9/61/10.png","Text":"خَيْرٍۢ","Translation":"(of) goodness","Transliteration":"khayrin","Root":"خ ي ر"},{"Position":11,"AudioFileName":"009_061_011.mp3","TajweedImageFilePath":"9/61/11.png","Text":"لَّكُمْ","Translation":"for you","Transliteration":"lakum","Root":"ل"},{"Position":12,"AudioFileName":"009_061_012.mp3","TajweedImageFilePath":"9/61/12.png","Text":"يُؤْمِنُ","Translation":"he believes","Transliteration":"yu'minu","Root":"أ م ن"},{"Position":13,"AudioFileName":"009_061_013.mp3","TajweedImageFilePath":"9/61/13.png","Text":"بِٱللَّهِ","Translation":"in Allah","Transliteration":"bil-lahi","Root":"أ ل ه"},{"Position":14,"AudioFileName":"009_061_014.mp3","TajweedImageFilePath":"9/61/14.png","Text":"وَيُؤْمِنُ","Translation":"and believes","Transliteration":"wayu'minu","Root":"أ م ن"},{"Position":15,"AudioFileName":"009_061_015.mp3","TajweedImageFilePath":"9/61/15.png","Text":"لِلْمُؤْمِنِينَ","Translation":"the believers","Transliteration":"lil'mu'minīna","Root":"أ م ن"},{"Position":16,"AudioFileName":"009_061_016.mp3","TajweedImageFilePath":"9/61/16.png","Text":"وَرَحْمَةٌۭ","Translation":"and (is) a mercy","Transliteration":"waraḥmatun","Root":"ر ح م"},{"Position":17,"AudioFileName":"009_061_017.mp3","TajweedImageFilePath":"9/61/17.png","Text":"لِّلَّذِينَ","Translation":"to those who","Transliteration":"lilladhīna","Root":"ٱلَّذِى"},{"Position":18,"AudioFileName":"009_061_018.mp3","TajweedImageFilePath":"9/61/18.png","Text":"ءَامَنُوا۟","Translation":"believe","Transliteration":"āmanū","Root":"أ م ن"},{"Position":19,"AudioFileName":"009_061_019.mp3","TajweedImageFilePath":"9/61/19.png","Text":"مِنكُمْ ۚ","Translation":"among you","Transliteration":"minkum","Root":"م ن"},{"Position":20,"AudioFileName":"009_061_020.mp3","TajweedImageFilePath":"9/61/20.png","Text":"وَٱلَّذِينَ","Translation":"And those who","Transliteration":"wa-alladhīna","Root":"ٱلَّذِى"},{"Position":21,"AudioFileName":"009_061_021.mp3","TajweedImageFilePath":"9/61/21.png","Text":"يُؤْذُونَ","Translation":"hurt","Transliteration":"yu'dhūna","Root":"أ ذ ي"},{"Position":22,"AudioFileName":"009_061_022.mp3","TajweedImageFilePath":"9/61/22.png","Text":"رَسُولَ","Translation":"(the) Messenger","Transliteration":"rasūla","Root":"ر س ل"},{"Position":23,"AudioFileName":"009_061_023.mp3","TajweedImageFilePath":"9/61/23.png","Text":"ٱللَّهِ","Translation":"(of) Allah","Transliteration":"l-lahi","Root":"أ ل ه"},{"Position":24,"AudioFileName":"009_061_024.mp3","TajweedImageFilePath":"9/61/24.png","Text":"لَهُمْ","Translation":"for them","Transliteration":"lahum","Root":"ل"},{"Position":25,"AudioFileName":"009_061_025.mp3","TajweedImageFilePath":"9/61/25.png","Text":"عَذَابٌ","Translation":"(is) a punishment","Transliteration":"ʿadhābun","Root":"ع ذ ب"},{"Position":26,"AudioFileName":"009_061_026.mp3","TajweedImageFilePath":"9/61/26.png","Text":"أَلِيمٌۭ","Translation":"painful","Transliteration":"alīmun","Root":"أ ل م"},{"Position":27,"AudioFileName":null,"TajweedImageFilePath":"61.png","Text":"٦١","Translation":"(61)","Transliteration":null,"Root":null}],"PageNumber":196,"JuzNumber":10,"ManzilNumber":2,"RukuNumber":163,"MaqraNumber":79,"HizbNumber":20,"HizbDecimal":0.5,"HasSajda":false},{"SurahNumber":9,"SurahIndex":"009","VerseNumber":62,"ShowSurahName":false,"ShowBismillah":false,"Words":[{"Position":1,"AudioFileName":"009_062_001.mp3","TajweedImageFilePath":"9/62/1.png","Text":"يَحْلِفُونَ","Translation":"They swear","Transliteration":"yaḥlifūna","Root":"ح ل ف"},{"Position":2,"AudioFileName":"009_062_002.mp3","TajweedImageFilePath":"9/62/2.png","Text":"بِٱللَّهِ","Translation":"by Allah","Transliteration":"bil-lahi","Root":"أ ل ه"},{"Position":3,"AudioFileName":"009_062_003.mp3","TajweedImageFilePath":"9/62/3.png","Text":"لَكُمْ","Translation":"to you","Transliteration":"lakum","Root":"ل"},{"Position":4,"AudioFileName":"009_062_004.mp3","TajweedImageFilePath":"9/62/4.png","Text":"لِيُرْضُوكُمْ","Translation":"to please you","Transliteration":"liyur'ḍūkum","Root":"ر ض و"},{"Position":5,"AudioFileName":"009_062_005.mp3","TajweedImageFilePath":"9/62/5.png","Text":"وَٱللَّهُ","Translation":"And Allah","Transliteration":"wal-lahu","Root":"أ ل ه"},{"Position":6,"AudioFileName":"009_062_006.mp3","TajweedImageFilePath":"9/62/6.png","Text":"وَرَسُولُهُۥٓ","Translation":"and His Messenger","Transliteration":"warasūluhu","Root":"ر س ل"},{"Position":7,"AudioFileName":"009_062_007.mp3","TajweedImageFilePath":"9/62/7.png","Text":"أَحَقُّ","Translation":"(have) more right","Transliteration":"aḥaqqu","Root":"ح ق ق"},{"Position":8,"AudioFileName":"009_062_008.mp3","TajweedImageFilePath":"9/62/8.png","Text":"أَن","Translation":"that","Transliteration":"an","Root":"ا ن"},{"Position":9,"AudioFileName":"009_062_009.mp3","TajweedImageFilePath":"9/62/9.png","Text":"يُرْضُوهُ","Translation":"they should please Him","Transliteration":"yur'ḍūhu","Root":"ر ض و"},{"Position":10,"AudioFileName":"009_062_010.mp3","TajweedImageFilePath":"9/62/10.png","Text":"إِن","Translation":"if","Transliteration":"in","Root":"ا ن"},{"Position":11,"AudioFileName":"009_062_011.mp3","TajweedImageFilePath":"9/62/11.png","Text":"كَانُوا۟","Translation":"they are","Transliteration":"kānū","Root":"ك و ن"},{"Position":12,"AudioFileName":"009_062_012.mp3","TajweedImageFilePath":"9/62/12.png","Text":"مُؤْمِنِينَ","Translation":"believers","Transliteration":"mu'minīna","Root":"أ م ن"},{"Position":13,"AudioFileName":null,"TajweedImageFilePath":"62.png","Text":"٦٢","Translation":"(62)","Transliteration":null,"Root":null}],"PageNumber":197,"JuzNumber":10,"ManzilNumber":2,"RukuNumber":163,"MaqraNumber":79,"HizbNumber":20,"HizbDecimal":0.5,"HasSajda":false},{"SurahNumber":9,"SurahIndex":"009","VerseNumber":63,"ShowSurahName":false,"ShowBismillah":false,"Words":[{"Position":1,"AudioFileName":"009_063_001.mp3","TajweedImageFilePath":"9/63/1.png","Text":"أَلَمْ","Translation":"Do not","Transliteration":"alam","Root":"ل م"},{"Position":2,"AudioFileName":"009_063_002.mp3","TajweedImageFilePath":"9/63/2.png","Text":"يَعْلَمُوٓا۟","Translation":"they know","Transliteration":"yaʿlamū","Root":"ع ل م"},{"Position":3,"AudioFileName":"009_063_003.mp3","TajweedImageFilePath":"9/63/3.png","Text":"أَنَّهُۥ","Translation":"that he","Transliteration":"annahu","Root":"ا ن ن"},{"Position":4,"AudioFileName":"009_063_004.mp3","TajweedImageFilePath":"9/63/4.png","Text":"مَن","Translation":"who","Transliteration":"man","Root":"م ن"},{"Position":5,"AudioFileName":"009_063_005.mp3","TajweedImageFilePath":"9/63/5.png","Text":"يُحَادِدِ","Translation":"opposes","Transliteration":"yuḥādidi","Root":"ح د د"},{"Position":6,"AudioFileName":"009_063_006.mp3","TajweedImageFilePath":"9/63/6.png","Text":"ٱللَّهَ","Translation":"Allah","Transliteration":"l-laha","Root":"أ ل ه"},{"Position":7,"AudioFileName":"009_063_007.mp3","TajweedImageFilePath":"9/63/7.png","Text":"وَرَسُولَهُۥ","Translation":"and His Messenger","Transliteration":"warasūlahu","Root":"ر س ل"},{"Position":8,"AudioFileName":"009_063_008.mp3","TajweedImageFilePath":"9/63/8.png","Text":"فَأَنَّ","Translation":"[then] that","Transliteration":"fa-anna","Root":"ا ن ن"},{"Position":9,"AudioFileName":"009_063_009.mp3","TajweedImageFilePath":"9/63/9.png","Text":"لَهُۥ","Translation":"for him","Transliteration":"lahu","Root":"ل"},{"Position":10,"AudioFileName":"009_063_010.mp3","TajweedImageFilePath":"9/63/10.png","Text":"نَارَ","Translation":"(is the) Fire","Transliteration":"nāra","Root":"ن و ر"},{"Position":11,"AudioFileName":"009_063_011.mp3","TajweedImageFilePath":"9/63/11.png","Text":"جَهَنَّمَ","Translation":"(of) Hell","Transliteration":"jahannama","Root":"ج ه ن م"},{"Position":12,"AudioFileName":"009_063_012.mp3","TajweedImageFilePath":"9/63/12.png","Text":"خَـٰلِدًۭا","Translation":"(will) abide forever","Transliteration":"khālidan","Root":"خ ل د"},{"Position":13,"AudioFileName":"009_063_013.mp3","TajweedImageFilePath":"9/63/13.png","Text":"فِيهَا ۚ","Translation":"in it","Transliteration":"fīhā","Root":"ف ى"},{"Position":14,"AudioFileName":"009_063_014.mp3","TajweedImageFilePath":"9/63/14.png","Text":"ذَٰلِكَ","Translation":"That","Transliteration":"dhālika","Root":"ذ ل ك"},{"Position":15,"AudioFileName":"009_063_015.mp3","TajweedImageFilePath":"9/63/15.png","Text":"ٱلْخِزْىُ","Translation":"(is) the disgrace","Transliteration":"l-khiz'yu","Root":"خ ز ي"},{"Position":16,"AudioFileName":"009_063_016.mp3","TajweedImageFilePath":"9/63/16.png","Text":"ٱلْعَظِيمُ","Translation":"the great","Transliteration":"l-ʿaẓīmu","Root":"ع ظ م"},{"Position":17,"AudioFileName":null,"TajweedImageFilePath":"63.png","Text":"٦٣","Translation":"(63)","Transliteration":null,"Root":null}],"PageNumber":197,"JuzNumber":10,"ManzilNumber":2,"RukuNumber":163,"MaqraNumber":79,"HizbNumber":20,"HizbDecimal":0.5,"HasSajda":false},{"SurahNumber":9,"SurahIndex":"009","VerseNumber":64,"ShowSurahName":false,"ShowBismillah":false,"Words":[{"Position":1,"AudioFileName":"009_064_001.mp3","TajweedImageFilePath":"9/64/1.png","Text":"يَحْذَرُ","Translation":"Fear","Transliteration":"yaḥdharu","Root":"ح ذ ر"},{"Position":2,"AudioFileName":"009_064_002.mp3","TajweedImageFilePath":"9/64/2.png","Text":"ٱلْمُنَـٰفِقُونَ","Translation":"the hypocrites","Transliteration":"l-munāfiqūna","Root":"ن ف ق"},{"Position":3,"AudioFileName":"009_064_003.mp3","TajweedImageFilePath":"9/64/3.png","Text":"أَن","Translation":"lest","Transliteration":"an","Root":"ا ن"},{"Position":4,"AudioFileName":"009_064_004.mp3","TajweedImageFilePath":"9/64/4.png","Text":"تُنَزَّلَ","Translation":"be revealed","Transliteration":"tunazzala","Root":"ن ز ل"},{"Position":5,"AudioFileName":"009_064_005.mp3","TajweedImageFilePath":"9/64/5.png","Text":"عَلَيْهِمْ","Translation":"about them","Transliteration":"ʿalayhim","Root":"ع ل ى"},{"Position":6,"AudioFileName":"009_064_006.mp3","TajweedImageFilePath":"9/64/6.png","Text":"سُورَةٌۭ","Translation":"a Surah","Transliteration":"sūratun","Root":"س و ر"},{"Position":7,"AudioFileName":"009_064_007.mp3","TajweedImageFilePath":"9/64/7.png","Text":"تُنَبِّئُهُم","Translation":"informing them","Transliteration":"tunabbi-uhum","Root":"ن ب أ"},{"Position":8,"AudioFileName":"009_064_008.mp3","TajweedImageFilePath":"9/64/8.png","Text":"بِمَا","Translation":"of what","Transliteration":"bimā","Root":"ب م ا"},{"Position":9,"AudioFileName":"009_064_009.mp3","TajweedImageFilePath":"9/64/9.png","Text":"فِى","Translation":"(is) in","Transliteration":"fī","Root":"ف ى"},{"Position":10,"AudioFileName":"009_064_010.mp3","TajweedImageFilePath":"9/64/10.png","Text":"قُلُوبِهِمْ ۚ","Translation":"their hearts","Transliteration":"qulūbihim","Root":"ق ل ب"},{"Position":11,"AudioFileName":"009_064_011.mp3","TajweedImageFilePath":"9/64/11.png","Text":"قُلِ","Translation":"Say","Transliteration":"quli","Root":"ق و ل"},{"Position":12,"AudioFileName":"009_064_012.mp3","TajweedImageFilePath":"9/64/12.png","Text":"ٱسْتَهْزِءُوٓا۟","Translation":"Mock","Transliteration":"is'tahziū","Root":"ه ز أ"},{"Position":13,"AudioFileName":"009_064_013.mp3","TajweedImageFilePath":"9/64/13.png","Text":"إِنَّ","Translation":"indeed","Transliteration":"inna","Root":"ا ن ن"},{"Position":14,"AudioFileName":"009_064_014.mp3","TajweedImageFilePath":"9/64/14.png","Text":"ٱللَّهَ","Translation":"Allah","Transliteration":"l-laha","Root":"أ ل ه"},{"Position":15,"AudioFileName":"009_064_015.mp3","TajweedImageFilePath":"9/64/15.png","Text":"مُخْرِجٌۭ","Translation":"(will) bring forth","Transliteration":"mukh'rijun","Root":"خ ر ج"},{"Position":16,"AudioFileName":"009_064_016.mp3","TajweedImageFilePath":"9/64/16.png","Text":"مَّا","Translation":"what","Transliteration":"mā","Root":"م ا"},{"Position":17,"AudioFileName":"009_064_017.mp3","TajweedImageFilePath":"9/64/17.png","Text":"تَحْذَرُونَ","Translation":"you fear","Transliteration":"taḥdharūna","Root":"ح ذ ر"},{"Position":18,"AudioFileName":null,"TajweedImageFilePath":"64.png","Text":"٦٤","Translation":"(64)","Transliteration":null,"Root":null}],"PageNumber":197,"JuzNumber":10,"ManzilNumber":2,"RukuNumber":163,"MaqraNumber":79,"HizbNumber":20,"HizbDecimal":0.5,"HasSajda":false},{"SurahNumber":9,"SurahIndex":"009","VerseNumber":65,"ShowSurahName":false,"ShowBismillah":false,"Words":[{"Position":1,"AudioFileName":"009_065_001.mp3","TajweedImageFilePath":"9/65/1.png","Text":"وَلَئِن","Translation":"And if","Transliteration":"wala-in","Root":"ل ا ن"},{"Position":2,"AudioFileName":"009_065_002.mp3","TajweedImageFilePath":"9/65/2.png","Text":"سَأَلْتَهُمْ","Translation":"you ask them","Transliteration":"sa-altahum","Root":"س أ ل"},{"Position":3,"AudioFileName":"009_065_003.mp3","TajweedImageFilePath":"9/65/3.png","Text":"لَيَقُولُنَّ","Translation":"surely they will say","Transliteration":"layaqūlunna","Root":"ق و ل"},{"Position":4,"AudioFileName":"009_065_004.mp3","TajweedImageFilePath":"9/65/4.png","Text":"إِنَّمَا","Translation":"Only","Transliteration":"innamā","Root":"ا ن ن م ا"},{"Position":5,"AudioFileName":"009_065_005.mp3","TajweedImageFilePath":"9/65/5.png","Text":"كُنَّا","Translation":"we were","Transliteration":"kunnā","Root":"ك و ن"},{"Position":6,"AudioFileName":"009_065_006.mp3","TajweedImageFilePath":"9/65/6.png","Text":"نَخُوضُ","Translation":"conversing","Transliteration":"nakhūḍu","Root":"خ و ض"},{"Position":7,"AudioFileName":"009_065_007.mp3","TajweedImageFilePath":"9/65/7.png","Text":"وَنَلْعَبُ ۚ","Translation":"and playing","Transliteration":"wanalʿabu","Root":"ل ع ب"},{"Position":8,"AudioFileName":"009_065_008.mp3","TajweedImageFilePath":"9/65/8.png","Text":"قُلْ","Translation":"Say","Transliteration":"qul","Root":"ق و ل"},{"Position":9,"AudioFileName":"009_065_009.mp3","TajweedImageFilePath":"9/65/9.png","Text":"أَبِٱللَّهِ","Translation":"Is it Allah","Transliteration":"abil-lahi","Root":"أ ل ه"},{"Position":10,"AudioFileName":"009_065_010.mp3","TajweedImageFilePath":"9/65/10.png","Text":"وَءَايَـٰتِهِۦ","Translation":"and His Verses","Transliteration":"waāyātihi","Root":"أ ي ي"},{"Position":11,"AudioFileName":"009_065_011.mp3","TajweedImageFilePath":"9/65/11.png","Text":"وَرَسُولِهِۦ","Translation":"and His Messenger","Transliteration":"warasūlihi","Root":"ر س ل"},{"Position":12,"AudioFileName":"009_065_012.mp3","TajweedImageFilePath":"9/65/12.png","Text":"كُنتُمْ","Translation":"(that) you were","Transliteration":"kuntum","Root":"ك و ن"},{"Position":13,"AudioFileName":"009_065_013.mp3","TajweedImageFilePath":"9/65/13.png","Text":"تَسْتَهْزِءُونَ","Translation":"mocking","Transliteration":"tastahziūna","Root":"ه ز أ"},{"Position":14,"AudioFileName":null,"TajweedImageFilePath":"65.png","Text":"٦٥","Translation":"(65)","Transliteration":null,"Root":null}],"PageNumber":197,"JuzNumber":10,"ManzilNumber":2,"RukuNumber":163,"MaqraNumber":79,"HizbNumber":20,"HizbDecimal":0.5,"HasSajda":false},{"SurahNumber":9,"SurahIndex":"009","VerseNumber":66,"ShowSurahName":false,"ShowBismillah":false,"Words":[{"Position":1,"AudioFileName":"009_066_001.mp3","TajweedImageFilePath":"9/66/1.png","Text":"لَا","Translation":"(Do) not","Transliteration":"lā","Root":"ل ا"},{"Position":2,"AudioFileName":"009_066_002.mp3","TajweedImageFilePath":"9/66/2.png","Text":"تَعْتَذِرُوا۟","Translation":"make excuse","Transliteration":"taʿtadhirū","Root":"ع ذ ر"},{"Position":3,"AudioFileName":"009_066_003.mp3","TajweedImageFilePath":"9/66/3.png","Text":"قَدْ","Translation":"verily","Transliteration":"qad","Root":"ق د"},{"Position":4,"AudioFileName":"009_066_004.mp3","TajweedImageFilePath":"9/66/4.png","Text":"كَفَرْتُم","Translation":"you have disbelieved","Transliteration":"kafartum","Root":"ك ف ر"},{"Position":5,"AudioFileName":"009_066_005.mp3","TajweedImageFilePath":"9/66/5.png","Text":"بَعْدَ","Translation":"after","Transliteration":"baʿda","Root":"ب ع د"},{"Position":6,"AudioFileName":"009_066_006.mp3","TajweedImageFilePath":"9/66/6.png","Text":"إِيمَـٰنِكُمْ ۚ","Translation":"your belief","Transliteration":"īmānikum","Root":"أ م ن"},{"Position":7,"AudioFileName":"009_066_007.mp3","TajweedImageFilePath":"9/66/7.png","Text":"إِن","Translation":"If","Transliteration":"in","Root":"ا ن"},{"Position":8,"AudioFileName":"009_066_008.mp3","TajweedImageFilePath":"9/66/8.png","Text":"نَّعْفُ","Translation":"We pardon","Transliteration":"naʿfu","Root":"ع ف و"},{"Position":9,"AudioFileName":"009_066_009.mp3","TajweedImageFilePath":"9/66/9.png","Text":"عَن","Translation":"[on]","Transliteration":"ʿan","Root":"ع ن"},{"Position":10,"AudioFileName":"009_066_010.mp3","TajweedImageFilePath":"9/66/10.png","Text":"طَآئِفَةٍۢ","Translation":"a party","Transliteration":"ṭāifatin","Root":"ط و ف"},{"Position":11,"AudioFileName":"009_066_011.mp3","TajweedImageFilePath":"9/66/11.png","Text":"مِّنكُمْ","Translation":"of you","Transliteration":"minkum","Root":"م ن"},{"Position":12,"AudioFileName":"009_066_012.mp3","TajweedImageFilePath":"9/66/12.png","Text":"نُعَذِّبْ","Translation":"We will punish","Transliteration":"nuʿadhib","Root":"ع ذ ب"},{"Position":13,"AudioFileName":"009_066_013.mp3","TajweedImageFilePath":"9/66/13.png","Text":"طَآئِفَةًۢ","Translation":"a party","Transliteration":"ṭāifatan","Root":"ط و ف"},{"Position":14,"AudioFileName":"009_066_014.mp3","TajweedImageFilePath":"9/66/14.png","Text":"بِأَنَّهُمْ","Translation":"because they","Transliteration":"bi-annahum","Root":"ا ن ن"},{"Position":15,"AudioFileName":"009_066_015.mp3","TajweedImageFilePath":"9/66/15.png","Text":"كَانُوا۟","Translation":"were","Transliteration":"kānū","Root":"ك و ن"},{"Position":16,"AudioFileName":"009_066_016.mp3","TajweedImageFilePath":"9/66/16.png","Text":"مُجْرِمِينَ","Translation":"criminals","Transliteration":"muj'rimīna","Root":"ج ر م"},{"Position":17,"AudioFileName":null,"TajweedImageFilePath":"66.png","Text":"٦٦","Translation":"(66)","Transliteration":null,"Root":null}],"PageNumber":197,"JuzNumber":10,"ManzilNumber":2,"RukuNumber":163,"MaqraNumber":79,"HizbNumber":20,"HizbDecimal":0.5,"HasSajda":false},{"SurahNumber":9,"SurahIndex":"009","VerseNumber":67,"ShowSurahName":false,"ShowBismillah":false,"Words":[{"Position":1,"AudioFileName":"009_067_001.mp3","TajweedImageFilePath":"9/67/1.png","Text":"ٱلْمُنَـٰفِقُونَ","Translation":"The hypocrite men","Transliteration":"al-munāfiqūna","Root":"ن ف ق"},{"Position":2,"AudioFileName":"009_067_002.mp3","TajweedImageFilePath":"9/67/2.png","Text":"وَٱلْمُنَـٰفِقَـٰتُ","Translation":"and the hypocrite women","Transliteration":"wal-munāfiqātu","Root":"ن ف ق"},{"Position":3,"AudioFileName":"009_067_003.mp3","TajweedImageFilePath":"9/67/3.png","Text":"بَعْضُهُم","Translation":"some of them","Transliteration":"baʿḍuhum","Root":"ب ع ض"},{"Position":4,"AudioFileName":"009_067_004.mp3","TajweedImageFilePath":"9/67/4.png","Text":"مِّنۢ","Translation":"(are) of","Transliteration":"min","Root":"م ن"},{"Position":5,"AudioFileName":"009_067_005.mp3","TajweedImageFilePath":"9/67/5.png","Text":"بَعْضٍۢ ۚ","Translation":"others","Transliteration":"baʿḍin","Root":"ب ع ض"},{"Position":6,"AudioFileName":"009_067_006.mp3","TajweedImageFilePath":"9/67/6.png","Text":"يَأْمُرُونَ","Translation":"They enjoin","Transliteration":"yamurūna","Root":"أ م ر"},{"Position":7,"AudioFileName":"009_067_007.mp3","TajweedImageFilePath":"9/67/7.png","Text":"بِٱلْمُنكَرِ","Translation":"the wrong","Transliteration":"bil-munkari","Root":"ن ك ر"},{"Position":8,"AudioFileName":"009_067_008.mp3","TajweedImageFilePath":"9/67/8.png","Text":"وَيَنْهَوْنَ","Translation":"and forbid","Transliteration":"wayanhawna","Root":"ن ه ي"},{"Position":9,"AudioFileName":"009_067_009.mp3","TajweedImageFilePath":"9/67/9.png","Text":"عَنِ","Translation":"what","Transliteration":"ʿani","Root":"ع ن"},{"Position":10,"AudioFileName":"009_067_010.mp3","TajweedImageFilePath":"9/67/10.png","Text":"ٱلْمَعْرُوفِ","Translation":"(is) the right","Transliteration":"l-maʿrūfi","Root":"ع ر ف"},{"Position":11,"AudioFileName":"009_067_011.mp3","TajweedImageFilePath":"9/67/11.png","Text":"وَيَقْبِضُونَ","Translation":"and they close","Transliteration":"wayaqbiḍūna","Root":"ق ب ض"},{"Position":12,"AudioFileName":"009_067_012.mp3","TajweedImageFilePath":"9/67/12.png","Text":"أَيْدِيَهُمْ ۚ","Translation":"their hands","Transliteration":"aydiyahum","Root":"ي د ي"},{"Position":13,"AudioFileName":"009_067_013.mp3","TajweedImageFilePath":"9/67/13.png","Text":"نَسُوا۟","Translation":"They forget","Transliteration":"nasū","Root":"ن س ي"},{"Position":14,"AudioFileName":"009_067_014.mp3","TajweedImageFilePath":"9/67/14.png","Text":"ٱللَّهَ","Translation":"Allah","Transliteration":"l-laha","Root":"أ ل ه"},{"Position":15,"AudioFileName":"009_067_015.mp3","TajweedImageFilePath":"9/67/15.png","Text":"فَنَسِيَهُمْ ۗ","Translation":"so He has forgotten them","Transliteration":"fanasiyahum","Root":"ن س ي"},{"Position":16,"AudioFileName":"009_067_016.mp3","TajweedImageFilePath":"9/67/16.png","Text":"إِنَّ","Translation":"Indeed","Transliteration":"inna","Root":"ا ن ن"},{"Position":17,"AudioFileName":"009_067_017.mp3","TajweedImageFilePath":"9/67/17.png","Text":"ٱلْمُنَـٰفِقِينَ","Translation":"the hypocrites","Transliteration":"l-munāfiqīna","Root":"ن ف ق"},{"Position":18,"AudioFileName":"009_067_018.mp3","TajweedImageFilePath":"9/67/18.png","Text":"هُمُ","Translation":"they (are)","Transliteration":"humu","Root":"ه م"},{"Position":19,"AudioFileName":"009_067_019.mp3","TajweedImageFilePath":"9/67/19.png","Text":"ٱلْفَـٰسِقُونَ","Translation":"the defiantly disobedient","Transliteration":"l-fāsiqūna","Root":"ف س ق"},{"Position":20,"AudioFileName":null,"TajweedImageFilePath":"67.png","Text":"٦٧","Translation":"(67)","Transliteration":null,"Root":null}],"PageNumber":197,"JuzNumber":10,"ManzilNumber":2,"RukuNumber":164,"MaqraNumber":79,"HizbNumber":20,"HizbDecimal":0.5,"HasSajda":false},{"SurahNumber":9,"SurahIndex":"009","VerseNumber":68,"ShowSurahName":false,"ShowBismillah":false,"Words":[{"Position":1,"AudioFileName":"009_068_001.mp3","TajweedImageFilePath":"9/68/1.png","Text":"وَعَدَ","Translation":"Allah has promised","Transliteration":"waʿada","Root":"و ع د"},{"Position":2,"AudioFileName":"009_068_002.mp3","TajweedImageFilePath":"9/68/2.png","Text":"ٱللَّهُ","Translation":"Allah has promised","Transliteration":"l-lahu","Root":"أ ل ه"},{"Position":3,"AudioFileName":"009_068_003.mp3","TajweedImageFilePath":"9/68/3.png","Text":"ٱلْمُنَـٰفِقِينَ","Translation":"the hypocrite men","Transliteration":"l-munāfiqīna","Root":"ن ف ق"},{"Position":4,"AudioFileName":"009_068_004.mp3","TajweedImageFilePath":"9/68/4.png","Text":"وَٱلْمُنَـٰفِقَـٰتِ","Translation":"and the hypocrite women","Transliteration":"wal-munāfiqāti","Root":"ن ف ق"},{"Position":5,"AudioFileName":"009_068_005.mp3","TajweedImageFilePath":"9/68/5.png","Text":"وَٱلْكُفَّارَ","Translation":"and the disbelievers","Transliteration":"wal-kufāra","Root":"ك ف ر"},{"Position":6,"AudioFileName":"009_068_006.mp3","TajweedImageFilePath":"9/68/6.png","Text":"نَارَ","Translation":"Fire","Transliteration":"nāra","Root":"ن و ر"},{"Position":7,"AudioFileName":"009_068_007.mp3","TajweedImageFilePath":"9/68/7.png","Text":"جَهَنَّمَ","Translation":"(of) Hell","Transliteration":"jahannama","Root":"ج ه ن م"},{"Position":8,"AudioFileName":"009_068_008.mp3","TajweedImageFilePath":"9/68/8.png","Text":"خَـٰلِدِينَ","Translation":"they (will) abide forever","Transliteration":"khālidīna","Root":"خ ل د"},{"Position":9,"AudioFileName":"009_068_009.mp3","TajweedImageFilePath":"9/68/9.png","Text":"فِيهَا ۚ","Translation":"in it","Transliteration":"fīhā","Root":"ف ى"},{"Position":10,"AudioFileName":"009_068_010.mp3","TajweedImageFilePath":"9/68/10.png","Text":"هِىَ","Translation":"It (is)","Transliteration":"hiya","Root":"ه ى"},{"Position":11,"AudioFileName":"009_068_011.mp3","TajweedImageFilePath":"9/68/11.png","Text":"حَسْبُهُمْ ۚ","Translation":"sufficient for them","Transliteration":"ḥasbuhum","Root":"ح س ب"},{"Position":12,"AudioFileName":"009_068_012.mp3","TajweedImageFilePath":"9/68/12.png","Text":"وَلَعَنَهُمُ","Translation":"And Allah has cursed them","Transliteration":"walaʿanahumu","Root":"ل ع ن"},{"Position":13,"AudioFileName":"009_068_013.mp3","TajweedImageFilePath":"9/68/13.png","Text":"ٱللَّهُ ۖ","Translation":"And Allah has cursed them","Transliteration":"l-lahu","Root":"أ ل ه"},{"Position":14,"AudioFileName":"009_068_014.mp3","TajweedImageFilePath":"9/68/14.png","Text":"وَلَهُمْ","Translation":"and for them","Transliteration":"walahum","Root":"ل"},{"Position":15,"AudioFileName":"009_068_015.mp3","TajweedImageFilePath":"9/68/15.png","Text":"عَذَابٌۭ","Translation":"(is) a punishment","Transliteration":"ʿadhābun","Root":"ع ذ ب"},{"Position":16,"AudioFileName":"009_068_016.mp3","TajweedImageFilePath":"9/68/16.png","Text":"مُّقِيمٌۭ","Translation":"enduring","Transliteration":"muqīmun","Root":"ق و م"},{"Position":17,"AudioFileName":null,"TajweedImageFilePath":"68.png","Text":"٦٨","Translation":"(68)","Transliteration":null,"Root":null}],"PageNumber":197,"JuzNumber":10,"ManzilNumber":2,"RukuNumber":164,"MaqraNumber":79,"HizbNumber":20,"HizbDecimal":0.5,"HasSajda":false},{"SurahNumber":9,"SurahIndex":"009","VerseNumber":69,"ShowSurahName":false,"ShowBismillah":false,"Words":[{"Position":1,"AudioFileName":"009_069_001.mp3","TajweedImageFilePath":"9/69/1.png","Text":"كَٱلَّذِينَ","Translation":"Like those","Transliteration":"ka-alladhīna","Root":"ٱلَّذِى"},{"Position":2,"AudioFileName":"009_069_002.mp3","TajweedImageFilePath":"9/69/2.png","Text":"مِن","Translation":"before you","Transliteration":"min","Root":"م ن"},{"Position":3,"AudioFileName":"009_069_003.mp3","TajweedImageFilePath":"9/69/3.png","Text":"قَبْلِكُمْ","Translation":"before you","Transliteration":"qablikum","Root":"ق ب ل"},{"Position":4,"AudioFileName":"009_069_004.mp3","TajweedImageFilePath":"9/69/4.png","Text":"كَانُوٓا۟","Translation":"they were","Transliteration":"kānū","Root":"ك و ن"},{"Position":5,"AudioFileName":"009_069_005.mp3","TajweedImageFilePath":"9/69/5.png","Text":"أَشَدَّ","Translation":"mightier","Transliteration":"ashadda","Root":"ش د د"},{"Position":6,"AudioFileName":"009_069_006.mp3","TajweedImageFilePath":"9/69/6.png","Text":"مِنكُمْ","Translation":"than you","Transliteration":"minkum","Root":"م ن"},{"Position":7,"AudioFileName":"009_069_007.mp3","TajweedImageFilePath":"9/69/7.png","Text":"قُوَّةًۭ","Translation":"(in) strength","Transliteration":"quwwatan","Root":"ق و ي"},{"Position":8,"AudioFileName":"009_069_008.mp3","TajweedImageFilePath":"9/69/8.png","Text":"وَأَكْثَرَ","Translation":"and more abundant","Transliteration":"wa-akthara","Root":"ك ث ر"},{"Position":9,"AudioFileName":"009_069_009.mp3","TajweedImageFilePath":"9/69/9.png","Text":"أَمْوَٰلًۭا","Translation":"(in) wealth","Transliteration":"amwālan","Root":"م و ل"},{"Position":10,"AudioFileName":"009_069_010.mp3","TajweedImageFilePath":"9/69/10.png","Text":"وَأَوْلَـٰدًۭا","Translation":"and children","Transliteration":"wa-awlādan","Root":"و ل د"},{"Position":11,"AudioFileName":"009_069_011.mp3","TajweedImageFilePath":"9/69/11.png","Text":"فَٱسْتَمْتَعُوا۟","Translation":"So they enjoyed","Transliteration":"fa-is'tamtaʿū","Root":"م ت ع"},{"Position":12,"AudioFileName":"009_069_012.mp3","TajweedImageFilePath":"9/69/12.png","Text":"بِخَلَـٰقِهِمْ","Translation":"their portion","Transliteration":"bikhalāqihim","Root":"خ ل ق"},{"Position":13,"AudioFileName":"009_069_013.mp3","TajweedImageFilePath":"9/69/13.png","Text":"فَٱسْتَمْتَعْتُم","Translation":"and you have enjoyed","Transliteration":"fa-is'tamtaʿtum","Root":"م ت ع"},{"Position":14,"AudioFileName":"009_069_014.mp3","TajweedImageFilePath":"9/69/14.png","Text":"بِخَلَـٰقِكُمْ","Translation":"your portion","Transliteration":"bikhalāqikum","Root":"خ ل ق"},{"Position":15,"AudioFileName":"009_069_015.mp3","TajweedImageFilePath":"9/69/15.png","Text":"كَمَا","Translation":"like","Transliteration":"kamā","Root":"ك م ا"},{"Position":16,"AudioFileName":"009_069_016.mp3","TajweedImageFilePath":"9/69/16.png","Text":"ٱسْتَمْتَعَ","Translation":"enjoyed","Transliteration":"is'tamtaʿa","Root":"م ت ع"},{"Position":17,"AudioFileName":"009_069_017.mp3","TajweedImageFilePath":"9/69/17.png","Text":"ٱلَّذِينَ","Translation":"those","Transliteration":"alladhīna","Root":"ٱلَّذِى"},{"Position":18,"AudioFileName":"009_069_018.mp3","TajweedImageFilePath":"9/69/18.png","Text":"مِن","Translation":"before you","Transliteration":"min","Root":"م ن"},{"Position":19,"AudioFileName":"009_069_019.mp3","TajweedImageFilePath":"9/69/19.png","Text":"قَبْلِكُم","Translation":"before you","Transliteration":"qablikum","Root":"ق ب ل"},{"Position":20,"AudioFileName":"009_069_020.mp3","TajweedImageFilePath":"9/69/20.png","Text":"بِخَلَـٰقِهِمْ","Translation":"their portion","Transliteration":"bikhalāqihim","Root":"خ ل ق"},{"Position":21,"AudioFileName":"009_069_021.mp3","TajweedImageFilePath":"9/69/21.png","Text":"وَخُضْتُمْ","Translation":"and you indulge","Transliteration":"wakhuḍ'tum","Root":"خ و ض"},{"Position":22,"AudioFileName":"009_069_022.mp3","TajweedImageFilePath":"9/69/22.png","Text":"كَٱلَّذِى","Translation":"like the one who","Transliteration":"ka-alladhī","Root":"ٱلَّذِى"},{"Position":23,"AudioFileName":"009_069_023.mp3","TajweedImageFilePath":"9/69/23.png","Text":"خَاضُوٓا۟ ۚ","Translation":"indulges (in idle talk)","Transliteration":"khāḍū","Root":"خ و ض"},{"Position":24,"AudioFileName":"009_069_024.mp3","TajweedImageFilePath":"9/69/24.png","Text":"أُو۟لَـٰٓئِكَ","Translation":"Those","Transliteration":"ulāika","Root":"ا و ل ا ء"},{"Position":25,"AudioFileName":"009_069_025.mp3","TajweedImageFilePath":"9/69/25.png","Text":"حَبِطَتْ","Translation":"worthless","Transliteration":"ḥabiṭat","Root":"ح ب ط"},{"Position":26,"AudioFileName":"009_069_026.mp3","TajweedImageFilePath":"9/69/26.png","Text":"أَعْمَـٰلُهُمْ","Translation":"(are) their deeds","Transliteration":"aʿmāluhum","Root":"ع م ل"},{"Position":27,"AudioFileName":"009_069_027.mp3","TajweedImageFilePath":"9/69/27.png","Text":"فِى","Translation":"in","Transliteration":"fī","Root":"ف ى"},{"Position":28,"AudioFileName":"009_069_028.mp3","TajweedImageFilePath":"9/69/28.png","Text":"ٱلدُّنْيَا","Translation":"the world","Transliteration":"l-dun'yā","Root":"د ن و"},{"Position":29,"AudioFileName":"009_069_029.mp3","TajweedImageFilePath":"9/69/29.png","Text":"وَٱلْـَٔاخِرَةِ ۖ","Translation":"and (in) the Hereafter","Transliteration":"wal-ākhirati","Root":"أ خ ر"},{"Position":30,"AudioFileName":"009_069_030.mp3","TajweedImageFilePath":"9/69/30.png","Text":"وَأُو۟لَـٰٓئِكَ","Translation":"And those","Transliteration":"wa-ulāika","Root":"ا و ل ا ء"},{"Position":31,"AudioFileName":"009_069_031.mp3","TajweedImageFilePath":"9/69/31.png","Text":"هُمُ","Translation":"they","Transliteration":"humu","Root":"ه م"},{"Position":32,"AudioFileName":"009_069_032.mp3","TajweedImageFilePath":"9/69/32.png","Text":"ٱلْخَـٰسِرُونَ","Translation":"(are) the losers","Transliteration":"l-khāsirūna","Root":"خ س ر"},{"Position":33,"AudioFileName":null,"TajweedImageFilePath":"69.png","Text":"٦٩","Translation":"(69)","Transliteration":null,"Root":null}],"PageNumber":198,"JuzNumber":10,"ManzilNumber":2,"RukuNumber":164,"MaqraNumber":79,"HizbNumber":20,"HizbDecimal":0.5,"HasSajda":false},{"SurahNumber":9,"SurahIndex":"009","VerseNumber":70,"ShowSurahName":false,"ShowBismillah":false,"Words":[{"Position":1,"AudioFileName":"009_070_001.mp3","TajweedImageFilePath":"9/70/1.png","Text":"أَلَمْ","Translation":"Has not","Transliteration":"alam","Root":"ل م"},{"Position":2,"AudioFileName":"009_070_002.mp3","TajweedImageFilePath":"9/70/2.png","Text":"يَأْتِهِمْ","Translation":"come to them","Transliteration":"yatihim","Root":"أ ت ي"},{"Position":3,"AudioFileName":"009_070_003.mp3","TajweedImageFilePath":"9/70/3.png","Text":"نَبَأُ","Translation":"(the) news","Transliteration":"naba-u","Root":"ن ب أ"},{"Position":4,"AudioFileName":"009_070_004.mp3","TajweedImageFilePath":"9/70/4.png","Text":"ٱلَّذِينَ","Translation":"(of) those who","Transliteration":"alladhīna","Root":"ٱلَّذِى"},{"Position":5,"AudioFileName":"009_070_005.mp3","TajweedImageFilePath":"9/70/5.png","Text":"مِن","Translation":"(were) before them","Transliteration":"min","Root":"م ن"},{"Position":6,"AudioFileName":"009_070_006.mp3","TajweedImageFilePath":"9/70/6.png","Text":"قَبْلِهِمْ","Translation":"(were) before them","Transliteration":"qablihim","Root":"ق ب ل"},{"Position":7,"AudioFileName":"009_070_007.mp3","TajweedImageFilePath":"9/70/7.png","Text":"قَوْمِ","Translation":"(the) people","Transliteration":"qawmi","Root":"ق و م"},{"Position":8,"AudioFileName":"009_070_008.mp3","TajweedImageFilePath":"9/70/8.png","Text":"نُوحٍۢ","Translation":"(of) Nuh","Transliteration":"nūḥin","Root":"ن و ح"},{"Position":9,"AudioFileName":"009_070_009.mp3","TajweedImageFilePath":"9/70/9.png","Text":"وَعَادٍۢ","Translation":"and Aad","Transliteration":"waʿādin","Root":"ع و د"},{"Position":10,"AudioFileName":"009_070_010.mp3","TajweedImageFilePath":"9/70/10.png","Text":"وَثَمُودَ","Translation":"and Thamud","Transliteration":"wathamūda","Root":"ث م د"},{"Position":11,"AudioFileName":"009_070_011.mp3","TajweedImageFilePath":"9/70/11.png","Text":"وَقَوْمِ","Translation":"and (the) people","Transliteration":"waqawmi","Root":"ق و م"},{"Position":12,"AudioFileName":"009_070_012.mp3","TajweedImageFilePath":"9/70/12.png","Text":"إِبْرَٰهِيمَ","Translation":"(of) Ibrahim","Transliteration":"ib'rāhīma","Root":"إِبْرَاهِيم"},{"Position":13,"AudioFileName":"009_070_013.mp3","TajweedImageFilePath":"9/70/13.png","Text":"وَأَصْحَـٰبِ","Translation":"and (the) companions","Transliteration":"wa-aṣḥābi","Root":"ص ح ب"},{"Position":14,"AudioFileName":"009_070_014.mp3","TajweedImageFilePath":"9/70/14.png","Text":"مَدْيَنَ","Translation":"(of) Madyan","Transliteration":"madyana","Root":"م د ى ن"},{"Position":15,"AudioFileName":"009_070_015.mp3","TajweedImageFilePath":"9/70/15.png","Text":"وَٱلْمُؤْتَفِكَـٰتِ ۚ","Translation":"and the towns overturned","Transliteration":"wal-mu'tafikāti","Root":"أ ف ك"},{"Position":16,"AudioFileName":"009_070_016.mp3","TajweedImageFilePath":"9/70/16.png","Text":"أَتَتْهُمْ","Translation":"Came to them","Transliteration":"atathum","Root":"أ ت ي"},{"Position":17,"AudioFileName":"009_070_017.mp3","TajweedImageFilePath":"9/70/17.png","Text":"رُسُلُهُم","Translation":"their Messengers","Transliteration":"rusuluhum","Root":"ر س ل"},{"Position":18,"AudioFileName":"009_070_018.mp3","TajweedImageFilePath":"9/70/18.png","Text":"بِٱلْبَيِّنَـٰتِ ۖ","Translation":"with clear proofs","Transliteration":"bil-bayināti","Root":"ب ي ن"},{"Position":19,"AudioFileName":"009_070_019.mp3","TajweedImageFilePath":"9/70/19.png","Text":"فَمَا","Translation":"And not","Transliteration":"famā","Root":"م ا"},{"Position":20,"AudioFileName":"009_070_020.mp3","TajweedImageFilePath":"9/70/20.png","Text":"كَانَ","Translation":"was","Transliteration":"kāna","Root":"ك و ن"},{"Position":21,"AudioFileName":"009_070_021.mp3","TajweedImageFilePath":"9/70/21.png","Text":"ٱللَّهُ","Translation":"Allah","Transliteration":"l-lahu","Root":"أ ل ه"},{"Position":22,"AudioFileName":"009_070_022.mp3","TajweedImageFilePath":"9/70/22.png","Text":"لِيَظْلِمَهُمْ","Translation":"to wrong them","Transliteration":"liyaẓlimahum","Root":"ظ ل م"},{"Position":23,"AudioFileName":"009_070_023.mp3","TajweedImageFilePath":"9/70/23.png","Text":"وَلَـٰكِن","Translation":"but","Transliteration":"walākin","Root":"ل ك ن"},{"Position":24,"AudioFileName":"009_070_024.mp3","TajweedImageFilePath":"9/70/24.png","Text":"كَانُوٓا۟","Translation":"they were (to)","Transliteration":"kānū","Root":"ك و ن"},{"Position":25,"AudioFileName":"009_070_025.mp3","TajweedImageFilePath":"9/70/25.png","Text":"أَنفُسَهُمْ","Translation":"themselves","Transliteration":"anfusahum","Root":"ن ف س"},{"Position":26,"AudioFileName":"009_070_026.mp3","TajweedImageFilePath":"9/70/26.png","Text":"يَظْلِمُونَ","Translation":"doing wrong","Transliteration":"yaẓlimūna","Root":"ظ ل م"},{"Position":27,"AudioFileName":null,"TajweedImageFilePath":"70.png","Text":"٧٠","Translation":"(70)","Transliteration":null,"Root":null}],"PageNumber":198,"JuzNumber":10,"ManzilNumber":2,"RukuNumber":164,"MaqraNumber":79,"HizbNumber":20,"HizbDecimal":0.5,"HasSajda":false},{"SurahNumber":9,"SurahIndex":"009","VerseNumber":71,"ShowSurahName":false,"ShowBismillah":false,"Words":[{"Position":1,"AudioFileName":"009_071_001.mp3","TajweedImageFilePath":"9/71/1.png","Text":"وَٱلْمُؤْمِنُونَ","Translation":"And the believing men","Transliteration":"wal-mu'minūna","Root":"أ م ن"},{"Position":2,"AudioFileName":"009_071_002.mp3","TajweedImageFilePath":"9/71/2.png","Text":"وَٱلْمُؤْمِنَـٰتُ","Translation":"and the believing women","Transliteration":"wal-mu'minātu","Root":"أ م ن"},{"Position":3,"AudioFileName":"009_071_003.mp3","TajweedImageFilePath":"9/71/3.png","Text":"بَعْضُهُمْ","Translation":"some of them","Transliteration":"baʿḍuhum","Root":"ب ع ض"},{"Position":4,"AudioFileName":"009_071_004.mp3","TajweedImageFilePath":"9/71/4.png","Text":"أَوْلِيَآءُ","Translation":"(are) allies","Transliteration":"awliyāu","Root":"و ل ي"},{"Position":5,"AudioFileName":"009_071_005.mp3","TajweedImageFilePath":"9/71/5.png","Text":"بَعْضٍۢ ۚ","Translation":"(of) others","Transliteration":"baʿḍin","Root":"ب ع ض"},{"Position":6,"AudioFileName":"009_071_006.mp3","TajweedImageFilePath":"9/71/6.png","Text":"يَأْمُرُونَ","Translation":"They enjoin","Transliteration":"yamurūna","Root":"أ م ر"},{"Position":7,"AudioFileName":"009_071_007.mp3","TajweedImageFilePath":"9/71/7.png","Text":"بِٱلْمَعْرُوفِ","Translation":"the right","Transliteration":"bil-maʿrūfi","Root":"ع ر ف"},{"Position":8,"AudioFileName":"009_071_008.mp3","TajweedImageFilePath":"9/71/8.png","Text":"وَيَنْهَوْنَ","Translation":"and forbid","Transliteration":"wayanhawna","Root":"ن ه ي"},{"Position":9,"AudioFileName":"009_071_009.mp3","TajweedImageFilePath":"9/71/9.png","Text":"عَنِ","Translation":"from","Transliteration":"ʿani","Root":"ع ن"},{"Position":10,"AudioFileName":"009_071_010.mp3","TajweedImageFilePath":"9/71/10.png","Text":"ٱلْمُنكَرِ","Translation":"the wrong","Transliteration":"l-munkari","Root":"ن ك ر"},{"Position":11,"AudioFileName":"009_071_011.mp3","TajweedImageFilePath":"9/71/11.png","Text":"وَيُقِيمُونَ","Translation":"and they establish","Transliteration":"wayuqīmūna","Root":"ق و م"},{"Position":12,"AudioFileName":"009_071_012.mp3","TajweedImageFilePath":"9/71/12.png","Text":"ٱلصَّلَوٰةَ","Translation":"the prayer","Transliteration":"l-ṣalata","Root":"ص ل و"},{"Position":13,"AudioFileName":"009_071_013.mp3","TajweedImageFilePath":"9/71/13.png","Text":"وَيُؤْتُونَ","Translation":"and give","Transliteration":"wayu'tūna","Root":"أ ت ي"},{"Position":14,"AudioFileName":"009_071_014.mp3","TajweedImageFilePath":"9/71/14.png","Text":"ٱلزَّكَوٰةَ","Translation":"the zakah","Transliteration":"l-zakata","Root":"ز ك و"},{"Position":15,"AudioFileName":"009_071_015.mp3","TajweedImageFilePath":"9/71/15.png","Text":"وَيُطِيعُونَ","Translation":"and they obey","Transliteration":"wayuṭīʿūna","Root":"ط و ع"},{"Position":16,"AudioFileName":"009_071_016.mp3","TajweedImageFilePath":"9/71/16.png","Text":"ٱللَّهَ","Translation":"Allah","Transliteration":"l-laha","Root":"أ ل ه"},{"Position":17,"AudioFileName":"009_071_017.mp3","TajweedImageFilePath":"9/71/17.png","Text":"وَرَسُولَهُۥٓ ۚ","Translation":"and His Messenger","Transliteration":"warasūlahu","Root":"ر س ل"},{"Position":18,"AudioFileName":"009_071_018.mp3","TajweedImageFilePath":"9/71/18.png","Text":"أُو۟لَـٰٓئِكَ","Translation":"Those","Transliteration":"ulāika","Root":"ا و ل ا ء"},{"Position":19,"AudioFileName":"009_071_019.mp3","TajweedImageFilePath":"9/71/19.png","Text":"سَيَرْحَمُهُمُ","Translation":"Allah will have mercy on them","Transliteration":"sayarḥamuhumu","Root":"ر ح م"},{"Position":20,"AudioFileName":"009_071_020.mp3","TajweedImageFilePath":"9/71/20.png","Text":"ٱللَّهُ ۗ","Translation":"Allah will have mercy on them","Transliteration":"l-lahu","Root":"أ ل ه"},{"Position":21,"AudioFileName":"009_071_021.mp3","TajweedImageFilePath":"9/71/21.png","Text":"إِنَّ","Translation":"Indeed","Transliteration":"inna","Root":"ا ن ن"},{"Position":22,"AudioFileName":"009_071_022.mp3","TajweedImageFilePath":"9/71/22.png","Text":"ٱللَّهَ","Translation":"Allah","Transliteration":"l-laha","Root":"أ ل ه"},{"Position":23,"AudioFileName":"009_071_023.mp3","TajweedImageFilePath":"9/71/23.png","Text":"عَزِيزٌ","Translation":"(is) All-Mighty","Transliteration":"ʿazīzun","Root":"ع ز ز"},{"Position":24,"AudioFileName":"009_071_024.mp3","TajweedImageFilePath":"9/71/24.png","Text":"حَكِيمٌۭ","Translation":"All-Wise","Transliteration":"ḥakīmun","Root":"ح ك م"},{"Position":25,"AudioFileName":null,"TajweedImageFilePath":"71.png","Text":"٧١","Translation":"(71)","Transliteration":null,"Root":null}],"PageNumber":198,"JuzNumber":10,"ManzilNumber":2,"RukuNumber":164,"MaqraNumber":79,"HizbNumber":20,"HizbDecimal":0.5,"HasSajda":false},{"SurahNumber":9,"SurahIndex":"009","VerseNumber":72,"ShowSurahName":false,"ShowBismillah":false,"Words":[{"Position":1,"AudioFileName":"009_072_001.mp3","TajweedImageFilePath":"9/72/1.png","Text":"وَعَدَ","Translation":"(Has been) promised","Transliteration":"waʿada","Root":"و ع د"},{"Position":2,"AudioFileName":"009_072_002.mp3","TajweedImageFilePath":"9/72/2.png","Text":"ٱللَّهُ","Translation":"(by) Allah","Transliteration":"l-lahu","Root":"أ ل ه"},{"Position":3,"AudioFileName":"009_072_003.mp3","TajweedImageFilePath":"9/72/3.png","Text":"ٱلْمُؤْمِنِينَ","Translation":"(to) the believing men","Transliteration":"l-mu'minīna","Root":"أ م ن"},{"Position":4,"AudioFileName":"009_072_004.mp3","TajweedImageFilePath":"9/72/4.png","Text":"وَٱلْمُؤْمِنَـٰتِ","Translation":"and the believing women","Transliteration":"wal-mu'mināti","Root":"أ م ن"},{"Position":5,"AudioFileName":"009_072_005.mp3","TajweedImageFilePath":"9/72/5.png","Text":"جَنَّـٰتٍۢ","Translation":"Gardens","Transliteration":"jannātin","Root":"ج ن ن"},{"Position":6,"AudioFileName":"009_072_006.mp3","TajweedImageFilePath":"9/72/6.png","Text":"تَجْرِى","Translation":"flow","Transliteration":"tajrī","Root":"ج ر ي"},{"Position":7,"AudioFileName":"009_072_007.mp3","TajweedImageFilePath":"9/72/7.png","Text":"مِن","Translation":"from","Transliteration":"min","Root":"م ن"},{"Position":8,"AudioFileName":"009_072_008.mp3","TajweedImageFilePath":"9/72/8.png","Text":"تَحْتِهَا","Translation":"underneath it","Transliteration":"taḥtihā","Root":"ت ح ت"},{"Position":9,"AudioFileName":"009_072_009.mp3","TajweedImageFilePath":"9/72/9.png","Text":"ٱلْأَنْهَـٰرُ","Translation":"the rivers","Transliteration":"l-anhāru","Root":"ن ه ر"},{"Position":10,"AudioFileName":"009_072_010.mp3","TajweedImageFilePath":"9/72/10.png","Text":"خَـٰلِدِينَ","Translation":"(will) abide forever","Transliteration":"khālidīna","Root":"خ ل د"},{"Position":11,"AudioFileName":"009_072_011.mp3","TajweedImageFilePath":"9/72/11.png","Text":"فِيهَا","Translation":"in it","Transliteration":"fīhā","Root":"ف ى"},{"Position":12,"AudioFileName":"009_072_012.mp3","TajweedImageFilePath":"9/72/12.png","Text":"وَمَسَـٰكِنَ","Translation":"and dwellings","Transliteration":"wamasākina","Root":"س ك ن"},{"Position":13,"AudioFileName":"009_072_013.mp3","TajweedImageFilePath":"9/72/13.png","Text":"طَيِّبَةًۭ","Translation":"blessed","Transliteration":"ṭayyibatan","Root":"ط ي ب"},{"Position":14,"AudioFileName":"009_072_014.mp3","TajweedImageFilePath":"9/72/14.png","Text":"فِى","Translation":"in","Transliteration":"fī","Root":"ف ى"},{"Position":15,"AudioFileName":"009_072_015.mp3","TajweedImageFilePath":"9/72/15.png","Text":"جَنَّـٰتِ","Translation":"Gardens","Transliteration":"jannāti","Root":"ج ن ن"},{"Position":16,"AudioFileName":"009_072_016.mp3","TajweedImageFilePath":"9/72/16.png","Text":"عَدْنٍۢ ۚ","Translation":"(of) everlasting bliss","Transliteration":"ʿadnin","Root":"ع د ن"},{"Position":17,"AudioFileName":"009_072_017.mp3","TajweedImageFilePath":"9/72/17.png","Text":"وَرِضْوَٰنٌۭ","Translation":"But the pleasure","Transliteration":"wariḍ'wānun","Root":"ر ض و"},{"Position":18,"AudioFileName":"009_072_018.mp3","TajweedImageFilePath":"9/72/18.png","Text":"مِّنَ","Translation":"of","Transliteration":"mina","Root":"م ن"},{"Position":19,"AudioFileName":"009_072_019.mp3","TajweedImageFilePath":"9/72/19.png","Text":"ٱللَّهِ","Translation":"Allah","Transliteration":"l-lahi","Root":"أ ل ه"},{"Position":20,"AudioFileName":"009_072_020.mp3","TajweedImageFilePath":"9/72/20.png","Text":"أَكْبَرُ ۚ","Translation":"(is) greater","Transliteration":"akbaru","Root":"ك ب ر"},{"Position":21,"AudioFileName":"009_072_021.mp3","TajweedImageFilePath":"9/72/21.png","Text":"ذَٰلِكَ","Translation":"That","Transliteration":"dhālika","Root":"ذ ل ك"},{"Position":22,"AudioFileName":"009_072_022.mp3","TajweedImageFilePath":"9/72/22.png","Text":"هُوَ","Translation":"it","Transliteration":"huwa","Root":"ه و"},{"Position":23,"AudioFileName":"009_072_023.mp3","TajweedImageFilePath":"9/72/23.png","Text":"ٱلْفَوْزُ","Translation":"(is) the success","Transliteration":"l-fawzu","Root":"ف و ز"},{"Position":24,"AudioFileName":"009_072_024.mp3","TajweedImageFilePath":"9/72/24.png","Text":"ٱلْعَظِيمُ","Translation":"great","Transliteration":"l-ʿaẓīmu","Root":"ع ظ م"},{"Position":25,"AudioFileName":null,"TajweedImageFilePath":"72.png","Text":"٧٢","Translation":"(72)","Transliteration":null,"Root":null}],"PageNumber":198,"JuzNumber":10,"ManzilNumber":2,"RukuNumber":164,"MaqraNumber":79,"HizbNumber":20,"HizbDecimal":0.5,"HasSajda":false},{"SurahNumber":9,"SurahIndex":"009","VerseNumber":73,"ShowSurahName":false,"ShowBismillah":false,"Words":[{"Position":1,"AudioFileName":"009_073_001.mp3","TajweedImageFilePath":"9/73/1.png","Text":"يَـٰٓأَيُّهَا","Translation":"O Prophet","Transliteration":"yāayyuhā","Root":"ا ى ى"},{"Position":2,"AudioFileName":"009_073_002.mp3","TajweedImageFilePath":"9/73/2.png","Text":"ٱلنَّبِىُّ","Translation":"O Prophet","Transliteration":"l-nabiyu","Root":"ن ب أ"},{"Position":3,"AudioFileName":"009_073_003.mp3","TajweedImageFilePath":"9/73/3.png","Text":"جَـٰهِدِ","Translation":"Strive (against)","Transliteration":"jāhidi","Root":"ج ه د"},{"Position":4,"AudioFileName":"009_073_004.mp3","TajweedImageFilePath":"9/73/4.png","Text":"ٱلْكُفَّارَ","Translation":"the disbelievers","Transliteration":"l-kufāra","Root":"ك ف ر"},{"Position":5,"AudioFileName":"009_073_005.mp3","TajweedImageFilePath":"9/73/5.png","Text":"وَٱلْمُنَـٰفِقِينَ","Translation":"and the hypocrites","Transliteration":"wal-munāfiqīna","Root":"ن ف ق"},{"Position":6,"AudioFileName":"009_073_006.mp3","TajweedImageFilePath":"9/73/6.png","Text":"وَٱغْلُظْ","Translation":"and be stern","Transliteration":"wa-ugh'luẓ","Root":"غ ل ظ"},{"Position":7,"AudioFileName":"009_073_007.mp3","TajweedImageFilePath":"9/73/7.png","Text":"عَلَيْهِمْ ۚ","Translation":"with them","Transliteration":"ʿalayhim","Root":"ع ل ى"},{"Position":8,"AudioFileName":"009_073_008.mp3","TajweedImageFilePath":"9/73/8.png","Text":"وَمَأْوَىٰهُمْ","Translation":"And their abode","Transliteration":"wamawāhum","Root":"أ و ي"},{"Position":9,"AudioFileName":"009_073_009.mp3","TajweedImageFilePath":"9/73/9.png","Text":"جَهَنَّمُ ۖ","Translation":"(is) Hell","Transliteration":"jahannamu","Root":"ج ه ن م"},{"Position":10,"AudioFileName":"009_073_010.mp3","TajweedImageFilePath":"9/73/10.png","Text":"وَبِئْسَ","Translation":"and wretched","Transliteration":"wabi'sa","Root":"ب أ س"},{"Position":11,"AudioFileName":"009_073_011.mp3","TajweedImageFilePath":"9/73/11.png","Text":"ٱلْمَصِيرُ","Translation":"(is) the destination","Transliteration":"l-maṣīru","Root":"ص ي ر"},{"Position":12,"AudioFileName":null,"TajweedImageFilePath":"73.png","Text":"٧٣","Translation":"(73)","Transliteration":null,"Root":null}],"PageNumber":199,"JuzNumber":10,"ManzilNumber":2,"RukuNumber":165,"MaqraNumber":79,"HizbNumber":20,"HizbDecimal":0.5,"HasSajda":false},{"SurahNumber":9,"SurahIndex":"009","VerseNumber":74,"ShowSurahName":false,"ShowBismillah":false,"Words":[{"Position":1,"AudioFileName":"009_074_001.mp3","TajweedImageFilePath":"9/74/1.png","Text":"يَحْلِفُونَ","Translation":"They swear","Transliteration":"yaḥlifūna","Root":"ح ل ف"},{"Position":2,"AudioFileName":"009_074_002.mp3","TajweedImageFilePath":"9/74/2.png","Text":"بِٱللَّهِ","Translation":"by Allah","Transliteration":"bil-lahi","Root":"أ ل ه"},{"Position":3,"AudioFileName":"009_074_003.mp3","TajweedImageFilePath":"9/74/3.png","Text":"مَا","Translation":"(that) they said nothing","Transliteration":"mā","Root":"م ا"},{"Position":4,"AudioFileName":"009_074_004.mp3","TajweedImageFilePath":"9/74/4.png","Text":"قَالُوا۟","Translation":"(that) they said nothing","Transliteration":"qālū","Root":"ق و ل"},{"Position":5,"AudioFileName":"009_074_005.mp3","TajweedImageFilePath":"9/74/5.png","Text":"وَلَقَدْ","Translation":"while certainly","Transliteration":"walaqad","Root":"ق د"},{"Position":6,"AudioFileName":"009_074_006.mp3","TajweedImageFilePath":"9/74/6.png","Text":"قَالُوا۟","Translation":"they said","Transliteration":"qālū","Root":"ق و ل"},{"Position":7,"AudioFileName":"009_074_007.mp3","TajweedImageFilePath":"9/74/7.png","Text":"كَلِمَةَ","Translation":"(the) word","Transliteration":"kalimata","Root":"ك ل م"},{"Position":8,"AudioFileName":"009_074_008.mp3","TajweedImageFilePath":"9/74/8.png","Text":"ٱلْكُفْرِ","Translation":"(of) the disbelief","Transliteration":"l-kuf'ri","Root":"ك ف ر"},{"Position":9,"AudioFileName":"009_074_009.mp3","TajweedImageFilePath":"9/74/9.png","Text":"وَكَفَرُوا۟","Translation":"and disbelieved","Transliteration":"wakafarū","Root":"ك ف ر"},{"Position":10,"AudioFileName":"009_074_010.mp3","TajweedImageFilePath":"9/74/10.png","Text":"بَعْدَ","Translation":"after","Transliteration":"baʿda","Root":"ب ع د"},{"Position":11,"AudioFileName":"009_074_011.mp3","TajweedImageFilePath":"9/74/11.png","Text":"إِسْلَـٰمِهِمْ","Translation":"their (pretense of) Islam","Transliteration":"is'lāmihim","Root":"س ل م"},{"Position":12,"AudioFileName":"009_074_012.mp3","TajweedImageFilePath":"9/74/12.png","Text":"وَهَمُّوا۟","Translation":"and planned","Transliteration":"wahammū","Root":"ه م م"},{"Position":13,"AudioFileName":"009_074_013.mp3","TajweedImageFilePath":"9/74/13.png","Text":"بِمَا","Translation":"[of] what","Transliteration":"bimā","Root":"ب م ا"},{"Position":14,"AudioFileName":"009_074_014.mp3","TajweedImageFilePath":"9/74/14.png","Text":"لَمْ","Translation":"not","Transliteration":"lam","Root":"ل م"},{"Position":15,"AudioFileName":"009_074_015.mp3","TajweedImageFilePath":"9/74/15.png","Text":"يَنَالُوا۟ ۚ","Translation":"they could attain","Transliteration":"yanālū","Root":"ن ي ل"},{"Position":16,"AudioFileName":"009_074_016.mp3","TajweedImageFilePath":"9/74/16.png","Text":"وَمَا","Translation":"And not","Transliteration":"wamā","Root":"م ا"},{"Position":17,"AudioFileName":"009_074_017.mp3","TajweedImageFilePath":"9/74/17.png","Text":"نَقَمُوٓا۟","Translation":"they were resentful","Transliteration":"naqamū","Root":"ن ق م"},{"Position":18,"AudioFileName":"009_074_018.mp3","TajweedImageFilePath":"9/74/18.png","Text":"إِلَّآ","Translation":"except","Transliteration":"illā","Root":"إِلَّا"},{"Position":19,"AudioFileName":"009_074_019.mp3","TajweedImageFilePath":"9/74/19.png","Text":"أَنْ","Translation":"that","Transliteration":"an","Root":"ا ن"},{"Position":20,"AudioFileName":"009_074_020.mp3","TajweedImageFilePath":"9/74/20.png","Text":"أَغْنَىٰهُمُ","Translation":"Allah had enriched them","Transliteration":"aghnāhumu","Root":"غ ن ي"},{"Position":21,"AudioFileName":"009_074_021.mp3","TajweedImageFilePath":"9/74/21.png","Text":"ٱللَّهُ","Translation":"Allah had enriched them","Transliteration":"l-lahu","Root":"أ ل ه"},{"Position":22,"AudioFileName":"009_074_022.mp3","TajweedImageFilePath":"9/74/22.png","Text":"وَرَسُولُهُۥ","Translation":"and His Messenger","Transliteration":"warasūluhu","Root":"ر س ل"},{"Position":23,"AudioFileName":"009_074_023.mp3","TajweedImageFilePath":"9/74/23.png","Text":"مِن","Translation":"of","Transliteration":"min","Root":"م ن"},{"Position":24,"AudioFileName":"009_074_024.mp3","TajweedImageFilePath":"9/74/24.png","Text":"فَضْلِهِۦ ۚ","Translation":"His Bounty","Transliteration":"faḍlihi","Root":"ف ض ل"},{"Position":25,"AudioFileName":"009_074_025.mp3","TajweedImageFilePath":"9/74/25.png","Text":"فَإِن","Translation":"So if","Transliteration":"fa-in","Root":"ا ن"},{"Position":26,"AudioFileName":"009_074_026.mp3","TajweedImageFilePath":"9/74/26.png","Text":"يَتُوبُوا۟","Translation":"they repent","Transliteration":"yatūbū","Root":"ت و ب"},{"Position":27,"AudioFileName":"009_074_027.mp3","TajweedImageFilePath":"9/74/27.png","Text":"يَكُ","Translation":"it is","Transliteration":"yaku","Root":"ك و ن"},{"Position":28,"AudioFileName":"009_074_028.mp3","TajweedImageFilePath":"9/74/28.png","Text":"خَيْرًۭا","Translation":"better","Transliteration":"khayran","Root":"خ ي ر"},{"Position":29,"AudioFileName":"009_074_029.mp3","TajweedImageFilePath":"9/74/29.png","Text":"لَّهُمْ ۖ","Translation":"for them","Transliteration":"lahum","Root":"ل"},{"Position":30,"AudioFileName":"009_074_030.mp3","TajweedImageFilePath":"9/74/30.png","Text":"وَإِن","Translation":"and if","Transliteration":"wa-in","Root":"ا ن"},{"Position":31,"AudioFileName":"009_074_031.mp3","TajweedImageFilePath":"9/74/31.png","Text":"يَتَوَلَّوْا۟","Translation":"they turn away","Transliteration":"yatawallaw","Root":"و ل ي"},{"Position":32,"AudioFileName":"009_074_032.mp3","TajweedImageFilePath":"9/74/32.png","Text":"يُعَذِّبْهُمُ","Translation":"Allah will punish them","Transliteration":"yuʿadhib'humu","Root":"ع ذ ب"},{"Position":33,"AudioFileName":"009_074_033.mp3","TajweedImageFilePath":"9/74/33.png","Text":"ٱللَّهُ","Translation":"Allah will punish them","Transliteration":"l-lahu","Root":"أ ل ه"},{"Position":34,"AudioFileName":"009_074_034.mp3","TajweedImageFilePath":"9/74/34.png","Text":"عَذَابًا","Translation":"(with) a punishment","Transliteration":"ʿadhāban","Root":"ع ذ ب"},{"Position":35,"AudioFileName":"009_074_035.mp3","TajweedImageFilePath":"9/74/35.png","Text":"أَلِيمًۭا","Translation":"painful","Transliteration":"alīman","Root":"أ ل م"},{"Position":36,"AudioFileName":"009_074_036.mp3","TajweedImageFilePath":"9/74/36.png","Text":"فِى","Translation":"in","Transliteration":"fī","Root":"ف ى"},{"Position":37,"AudioFileName":"009_074_037.mp3","TajweedImageFilePath":"9/74/37.png","Text":"ٱلدُّنْيَا","Translation":"the world","Transliteration":"l-dun'yā","Root":"د ن و"},{"Position":38,"AudioFileName":"009_074_038.mp3","TajweedImageFilePath":"9/74/38.png","Text":"وَٱلْـَٔاخِرَةِ ۚ","Translation":"and (in) the Hereafter","Transliteration":"wal-ākhirati","Root":"أ خ ر"},{"Position":39,"AudioFileName":"009_074_039.mp3","TajweedImageFilePath":"9/74/39.png","Text":"وَمَا","Translation":"And not","Transliteration":"wamā","Root":"م ا"},{"Position":40,"AudioFileName":"009_074_040.mp3","TajweedImageFilePath":"9/74/40.png","Text":"لَهُمْ","Translation":"for them","Transliteration":"lahum","Root":"ل"},{"Position":41,"AudioFileName":"009_074_041.mp3","TajweedImageFilePath":"9/74/41.png","Text":"فِى","Translation":"in","Transliteration":"fī","Root":"ف ى"},{"Position":42,"AudioFileName":"009_074_042.mp3","TajweedImageFilePath":"9/74/42.png","Text":"ٱلْأَرْضِ","Translation":"the earth","Transliteration":"l-arḍi","Root":"أ ر ض"},{"Position":43,"AudioFileName":"009_074_043.mp3","TajweedImageFilePath":"9/74/43.png","Text":"مِن","Translation":"any","Transliteration":"min","Root":"م ن"},{"Position":44,"AudioFileName":"009_074_044.mp3","TajweedImageFilePath":"9/74/44.png","Text":"وَلِىٍّۢ","Translation":"protector","Transliteration":"waliyyin","Root":"و ل ي"},{"Position":45,"AudioFileName":"009_074_045.mp3","TajweedImageFilePath":"9/74/45.png","Text":"وَلَا","Translation":"and not","Transliteration":"walā","Root":"ل ا"},{"Position":46,"AudioFileName":"009_074_046.mp3","TajweedImageFilePath":"9/74/46.png","Text":"نَصِيرٍۢ","Translation":"a helper","Transliteration":"naṣīrin","Root":"ن ص ر"},{"Position":47,"AudioFileName":null,"TajweedImageFilePath":"74.png","Text":"٧٤","Translation":"(74)","Transliteration":null,"Root":null}],"PageNumber":199,"JuzNumber":10,"ManzilNumber":2,"RukuNumber":165,"MaqraNumber":79,"HizbNumber":20,"HizbDecimal":0.5,"HasSajda":false}]}