{"MaqraNumber":114,"Verses":[{"SurahNumber":17,"SurahIndex":"017","VerseNumber":23,"ShowSurahName":false,"ShowBismillah":false,"Words":[{"Position":1,"AudioFileName":"017_023_001.mp3","TajweedImageFilePath":"17/23/1.png","Text":"۞ وَقَضَىٰ","Translation":"And has decreed","Transliteration":"waqaḍā","Root":"ق ض ي"},{"Position":2,"AudioFileName":"017_023_002.mp3","TajweedImageFilePath":"17/23/2.png","Text":"رَبُّكَ","Translation":"your Lord","Transliteration":"rabbuka","Root":"ر ب ب"},{"Position":3,"AudioFileName":"017_023_003.mp3","TajweedImageFilePath":"17/23/3.png","Text":"أَلَّا","Translation":"that (do) not","Transliteration":"allā","Root":"ا ل ل ا"},{"Position":4,"AudioFileName":"017_023_004.mp3","TajweedImageFilePath":"17/23/4.png","Text":"تَعْبُدُوٓا۟","Translation":"worship","Transliteration":"taʿbudū","Root":"ع ب د"},{"Position":5,"AudioFileName":"017_023_005.mp3","TajweedImageFilePath":"17/23/5.png","Text":"إِلَّآ","Translation":"except","Transliteration":"illā","Root":"إِلَّا"},{"Position":6,"AudioFileName":"017_023_006.mp3","TajweedImageFilePath":"17/23/6.png","Text":"إِيَّاهُ","Translation":"Him Alone","Transliteration":"iyyāhu","Root":"ا ى ى"},{"Position":7,"AudioFileName":"017_023_007.mp3","TajweedImageFilePath":"17/23/7.png","Text":"وَبِٱلْوَٰلِدَيْنِ","Translation":"and to the parents","Transliteration":"wabil-wālidayni","Root":"و ل د"},{"Position":8,"AudioFileName":"017_023_008.mp3","TajweedImageFilePath":"17/23/8.png","Text":"إِحْسَـٰنًا ۚ","Translation":"(be) good","Transliteration":"iḥ'sānan","Root":"ح س ن"},{"Position":9,"AudioFileName":"017_023_009.mp3","TajweedImageFilePath":"17/23/9.png","Text":"إِمَّا","Translation":"Whether","Transliteration":"immā","Root":"إِمَّا"},{"Position":10,"AudioFileName":"017_023_010.mp3","TajweedImageFilePath":"17/23/10.png","Text":"يَبْلُغَنَّ","Translation":"reach","Transliteration":"yablughanna","Root":"ب ل غ"},{"Position":11,"AudioFileName":"017_023_011.mp3","TajweedImageFilePath":"17/23/11.png","Text":"عِندَكَ","Translation":"with you","Transliteration":"ʿindaka","Root":"ع ن د"},{"Position":12,"AudioFileName":"017_023_012.mp3","TajweedImageFilePath":"17/23/12.png","Text":"ٱلْكِبَرَ","Translation":"the old age","Transliteration":"l-kibara","Root":"ك ب ر"},{"Position":13,"AudioFileName":"017_023_013.mp3","TajweedImageFilePath":"17/23/13.png","Text":"أَحَدُهُمَآ","Translation":"one of them","Transliteration":"aḥaduhumā","Root":"أ ح د"},{"Position":14,"AudioFileName":"017_023_014.mp3","TajweedImageFilePath":"17/23/14.png","Text":"أَوْ","Translation":"or","Transliteration":"aw","Root":"ا و"},{"Position":15,"AudioFileName":"017_023_015.mp3","TajweedImageFilePath":"17/23/15.png","Text":"كِلَاهُمَا","Translation":"both of them","Transliteration":"kilāhumā","Root":"ك ل و"},{"Position":16,"AudioFileName":"017_023_016.mp3","TajweedImageFilePath":"17/23/16.png","Text":"فَلَا","Translation":"then (do) not","Transliteration":"falā","Root":"ل ا"},{"Position":17,"AudioFileName":"017_023_017.mp3","TajweedImageFilePath":"17/23/17.png","Text":"تَقُل","Translation":"say","Transliteration":"taqul","Root":"ق و ل"},{"Position":18,"AudioFileName":"017_023_018.mp3","TajweedImageFilePath":"17/23/18.png","Text":"لَّهُمَآ","Translation":"to both of them","Transliteration":"lahumā","Root":"ل"},{"Position":19,"AudioFileName":"017_023_019.mp3","TajweedImageFilePath":"17/23/19.png","Text":"أُفٍّۢ","Translation":"a word of disrespect","Transliteration":"uffin","Root":"أ ف ف"},{"Position":20,"AudioFileName":"017_023_020.mp3","TajweedImageFilePath":"17/23/20.png","Text":"وَلَا","Translation":"and (do) not","Transliteration":"walā","Root":"ل ا"},{"Position":21,"AudioFileName":"017_023_021.mp3","TajweedImageFilePath":"17/23/21.png","Text":"تَنْهَرْهُمَا","Translation":"repel them","Transliteration":"tanharhumā","Root":"ن ه ر"},{"Position":22,"AudioFileName":"017_023_022.mp3","TajweedImageFilePath":"17/23/22.png","Text":"وَقُل","Translation":"but speak","Transliteration":"waqul","Root":"ق و ل"},{"Position":23,"AudioFileName":"017_023_023.mp3","TajweedImageFilePath":"17/23/23.png","Text":"لَّهُمَا","Translation":"to them","Transliteration":"lahumā","Root":"ل"},{"Position":24,"AudioFileName":"017_023_024.mp3","TajweedImageFilePath":"17/23/24.png","Text":"قَوْلًۭا","Translation":"a word","Transliteration":"qawlan","Root":"ق و ل"},{"Position":25,"AudioFileName":"017_023_025.mp3","TajweedImageFilePath":"17/23/25.png","Text":"كَرِيمًۭا","Translation":"noble","Transliteration":"karīman","Root":"ك ر م"},{"Position":26,"AudioFileName":null,"TajweedImageFilePath":"23.png","Text":"٢٣","Translation":"(23)","Transliteration":null,"Root":null}],"PageNumber":284,"JuzNumber":15,"ManzilNumber":4,"RukuNumber":242,"MaqraNumber":114,"HizbNumber":29,"HizbDecimal":0.25,"HasSajda":false},{"SurahNumber":17,"SurahIndex":"017","VerseNumber":24,"ShowSurahName":false,"ShowBismillah":false,"Words":[{"Position":1,"AudioFileName":"017_024_001.mp3","TajweedImageFilePath":"17/24/1.png","Text":"وَٱخْفِضْ","Translation":"And lower","Transliteration":"wa-ikh'fiḍ","Root":"خ ف ض"},{"Position":2,"AudioFileName":"017_024_002.mp3","TajweedImageFilePath":"17/24/2.png","Text":"لَهُمَا","Translation":"to them","Transliteration":"lahumā","Root":"ل"},{"Position":3,"AudioFileName":"017_024_003.mp3","TajweedImageFilePath":"17/24/3.png","Text":"جَنَاحَ","Translation":"(the) wing","Transliteration":"janāḥa","Root":"ج ن ح"},{"Position":4,"AudioFileName":"017_024_004.mp3","TajweedImageFilePath":"17/24/4.png","Text":"ٱلذُّلِّ","Translation":"(of) humility","Transliteration":"l-dhuli","Root":"ذ ل ل"},{"Position":5,"AudioFileName":"017_024_005.mp3","TajweedImageFilePath":"17/24/5.png","Text":"مِنَ","Translation":"(out) of","Transliteration":"mina","Root":"م ن"},{"Position":6,"AudioFileName":"017_024_006.mp3","TajweedImageFilePath":"17/24/6.png","Text":"ٱلرَّحْمَةِ","Translation":"[the] mercy","Transliteration":"l-raḥmati","Root":"ر ح م"},{"Position":7,"AudioFileName":"017_024_007.mp3","TajweedImageFilePath":"17/24/7.png","Text":"وَقُل","Translation":"and say","Transliteration":"waqul","Root":"ق و ل"},{"Position":8,"AudioFileName":"017_024_008.mp3","TajweedImageFilePath":"17/24/8.png","Text":"رَّبِّ","Translation":"My Lord","Transliteration":"rabbi","Root":"ر ب ب"},{"Position":9,"AudioFileName":"017_024_009.mp3","TajweedImageFilePath":"17/24/9.png","Text":"ٱرْحَمْهُمَا","Translation":"Have mercy on both of them","Transliteration":"ir'ḥamhumā","Root":"ر ح م"},{"Position":10,"AudioFileName":"017_024_010.mp3","TajweedImageFilePath":"17/24/10.png","Text":"كَمَا","Translation":"as","Transliteration":"kamā","Root":"ك م ا"},{"Position":11,"AudioFileName":"017_024_011.mp3","TajweedImageFilePath":"17/24/11.png","Text":"رَبَّيَانِى","Translation":"they brought me up","Transliteration":"rabbayānī","Root":"ر ب و"},{"Position":12,"AudioFileName":"017_024_012.mp3","TajweedImageFilePath":"17/24/12.png","Text":"صَغِيرًۭا","Translation":"(when I was) small","Transliteration":"ṣaghīran","Root":"ص غ ر"},{"Position":13,"AudioFileName":null,"TajweedImageFilePath":"24.png","Text":"٢٤","Translation":"(24)","Transliteration":null,"Root":null}],"PageNumber":284,"JuzNumber":15,"ManzilNumber":4,"RukuNumber":242,"MaqraNumber":114,"HizbNumber":29,"HizbDecimal":0.25,"HasSajda":false},{"SurahNumber":17,"SurahIndex":"017","VerseNumber":25,"ShowSurahName":false,"ShowBismillah":false,"Words":[{"Position":1,"AudioFileName":"017_025_001.mp3","TajweedImageFilePath":"17/25/1.png","Text":"رَّبُّكُمْ","Translation":"Your Lord","Transliteration":"rabbukum","Root":"ر ب ب"},{"Position":2,"AudioFileName":"017_025_002.mp3","TajweedImageFilePath":"17/25/2.png","Text":"أَعْلَمُ","Translation":"(is) most knowing","Transliteration":"aʿlamu","Root":"ع ل م"},{"Position":3,"AudioFileName":"017_025_003.mp3","TajweedImageFilePath":"17/25/3.png","Text":"بِمَا","Translation":"of what","Transliteration":"bimā","Root":"ب م ا"},{"Position":4,"AudioFileName":"017_025_004.mp3","TajweedImageFilePath":"17/25/4.png","Text":"فِى","Translation":"(is) in","Transliteration":"fī","Root":"ف ى"},{"Position":5,"AudioFileName":"017_025_005.mp3","TajweedImageFilePath":"17/25/5.png","Text":"نُفُوسِكُمْ ۚ","Translation":"yourselves","Transliteration":"nufūsikum","Root":"ن ف س"},{"Position":6,"AudioFileName":"017_025_006.mp3","TajweedImageFilePath":"17/25/6.png","Text":"إِن","Translation":"If","Transliteration":"in","Root":"ا ن"},{"Position":7,"AudioFileName":"017_025_007.mp3","TajweedImageFilePath":"17/25/7.png","Text":"تَكُونُوا۟","Translation":"you are","Transliteration":"takūnū","Root":"ك و ن"},{"Position":8,"AudioFileName":"017_025_008.mp3","TajweedImageFilePath":"17/25/8.png","Text":"صَـٰلِحِينَ","Translation":"righteous","Transliteration":"ṣāliḥīna","Root":"ص ل ح"},{"Position":9,"AudioFileName":"017_025_009.mp3","TajweedImageFilePath":"17/25/9.png","Text":"فَإِنَّهُۥ","Translation":"then indeed, He","Transliteration":"fa-innahu","Root":"ا ن ن"},{"Position":10,"AudioFileName":"017_025_010.mp3","TajweedImageFilePath":"17/25/10.png","Text":"كَانَ","Translation":"is","Transliteration":"kāna","Root":"ك و ن"},{"Position":11,"AudioFileName":"017_025_011.mp3","TajweedImageFilePath":"17/25/11.png","Text":"لِلْأَوَّٰبِينَ","Translation":"to those who often turn (to Him)","Transliteration":"lil'awwābīna","Root":"أ و ب"},{"Position":12,"AudioFileName":"017_025_012.mp3","TajweedImageFilePath":"17/25/12.png","Text":"غَفُورًۭا","Translation":"Most Forgiving","Transliteration":"ghafūran","Root":"غ ف ر"},{"Position":13,"AudioFileName":null,"TajweedImageFilePath":"25.png","Text":"٢٥","Translation":"(25)","Transliteration":null,"Root":null}],"PageNumber":284,"JuzNumber":15,"ManzilNumber":4,"RukuNumber":242,"MaqraNumber":114,"HizbNumber":29,"HizbDecimal":0.25,"HasSajda":false},{"SurahNumber":17,"SurahIndex":"017","VerseNumber":26,"ShowSurahName":false,"ShowBismillah":false,"Words":[{"Position":1,"AudioFileName":"017_026_001.mp3","TajweedImageFilePath":"17/26/1.png","Text":"وَءَاتِ","Translation":"And give","Transliteration":"waāti","Root":"أ ت ي"},{"Position":2,"AudioFileName":"017_026_002.mp3","TajweedImageFilePath":"17/26/2.png","Text":"ذَا","Translation":"the relatives","Transliteration":"dhā","Root":"ذ و"},{"Position":3,"AudioFileName":"017_026_003.mp3","TajweedImageFilePath":"17/26/3.png","Text":"ٱلْقُرْبَىٰ","Translation":"the relatives","Transliteration":"l-qur'bā","Root":"ق ر ب"},{"Position":4,"AudioFileName":"017_026_004.mp3","TajweedImageFilePath":"17/26/4.png","Text":"حَقَّهُۥ","Translation":"his right","Transliteration":"ḥaqqahu","Root":"ح ق ق"},{"Position":5,"AudioFileName":"017_026_005.mp3","TajweedImageFilePath":"17/26/5.png","Text":"وَٱلْمِسْكِينَ","Translation":"and the needy","Transliteration":"wal-mis'kīna","Root":"س ك ن"},{"Position":6,"AudioFileName":"017_026_006.mp3","TajweedImageFilePath":"17/26/6.png","Text":"وَٱبْنَ","Translation":"and the wayfarer","Transliteration":"wa-ib'na","Root":"ب ن ي"},{"Position":7,"AudioFileName":"017_026_007.mp3","TajweedImageFilePath":"17/26/7.png","Text":"ٱلسَّبِيلِ","Translation":"and the wayfarer","Transliteration":"l-sabīli","Root":"س ب ل"},{"Position":8,"AudioFileName":"017_026_008.mp3","TajweedImageFilePath":"17/26/8.png","Text":"وَلَا","Translation":"and (do) not","Transliteration":"walā","Root":"ل ا"},{"Position":9,"AudioFileName":"017_026_009.mp3","TajweedImageFilePath":"17/26/9.png","Text":"تُبَذِّرْ","Translation":"spend","Transliteration":"tubadhir","Root":"ب ذ ر"},{"Position":10,"AudioFileName":"017_026_010.mp3","TajweedImageFilePath":"17/26/10.png","Text":"تَبْذِيرًا","Translation":"wastefully","Transliteration":"tabdhīran","Root":"ب ذ ر"},{"Position":11,"AudioFileName":null,"TajweedImageFilePath":"26.png","Text":"٢٦","Translation":"(26)","Transliteration":null,"Root":null}],"PageNumber":284,"JuzNumber":15,"ManzilNumber":4,"RukuNumber":242,"MaqraNumber":114,"HizbNumber":29,"HizbDecimal":0.25,"HasSajda":false},{"SurahNumber":17,"SurahIndex":"017","VerseNumber":27,"ShowSurahName":false,"ShowBismillah":false,"Words":[{"Position":1,"AudioFileName":"017_027_001.mp3","TajweedImageFilePath":"17/27/1.png","Text":"إِنَّ","Translation":"Indeed","Transliteration":"inna","Root":"ا ن ن"},{"Position":2,"AudioFileName":"017_027_002.mp3","TajweedImageFilePath":"17/27/2.png","Text":"ٱلْمُبَذِّرِينَ","Translation":"the spendthrifts","Transliteration":"l-mubadhirīna","Root":"ب ذ ر"},{"Position":3,"AudioFileName":"017_027_003.mp3","TajweedImageFilePath":"17/27/3.png","Text":"كَانُوٓا۟","Translation":"are","Transliteration":"kānū","Root":"ك و ن"},{"Position":4,"AudioFileName":"017_027_004.mp3","TajweedImageFilePath":"17/27/4.png","Text":"إِخْوَٰنَ","Translation":"brothers","Transliteration":"ikh'wāna","Root":"أ خ و"},{"Position":5,"AudioFileName":"017_027_005.mp3","TajweedImageFilePath":"17/27/5.png","Text":"ٱلشَّيَـٰطِينِ ۖ","Translation":"(of) the devils","Transliteration":"l-shayāṭīni","Root":"ش ط ن"},{"Position":6,"AudioFileName":"017_027_006.mp3","TajweedImageFilePath":"17/27/6.png","Text":"وَكَانَ","Translation":"And is","Transliteration":"wakāna","Root":"ك و ن"},{"Position":7,"AudioFileName":"017_027_007.mp3","TajweedImageFilePath":"17/27/7.png","Text":"ٱلشَّيْطَـٰنُ","Translation":"the Shaitaan","Transliteration":"l-shayṭānu","Root":"ش ط ن"},{"Position":8,"AudioFileName":"017_027_008.mp3","TajweedImageFilePath":"17/27/8.png","Text":"لِرَبِّهِۦ","Translation":"to his Lord","Transliteration":"lirabbihi","Root":"ر ب ب"},{"Position":9,"AudioFileName":"017_027_009.mp3","TajweedImageFilePath":"17/27/9.png","Text":"كَفُورًۭا","Translation":"ungrateful","Transliteration":"kafūran","Root":"ك ف ر"},{"Position":10,"AudioFileName":null,"TajweedImageFilePath":"27.png","Text":"٢٧","Translation":"(27)","Transliteration":null,"Root":null}],"PageNumber":284,"JuzNumber":15,"ManzilNumber":4,"RukuNumber":242,"MaqraNumber":114,"HizbNumber":29,"HizbDecimal":0.25,"HasSajda":false},{"SurahNumber":17,"SurahIndex":"017","VerseNumber":28,"ShowSurahName":false,"ShowBismillah":false,"Words":[{"Position":1,"AudioFileName":"017_028_001.mp3","TajweedImageFilePath":"17/28/1.png","Text":"وَإِمَّا","Translation":"And if","Transliteration":"wa-immā","Root":"إِمَّا"},{"Position":2,"AudioFileName":"017_028_002.mp3","TajweedImageFilePath":"17/28/2.png","Text":"تُعْرِضَنَّ","Translation":"you turn away","Transliteration":"tuʿ'riḍanna","Root":"ع ر ض"},{"Position":3,"AudioFileName":"017_028_003.mp3","TajweedImageFilePath":"17/28/3.png","Text":"عَنْهُمُ","Translation":"from them","Transliteration":"ʿanhumu","Root":"ع ن"},{"Position":4,"AudioFileName":"017_028_004.mp3","TajweedImageFilePath":"17/28/4.png","Text":"ٱبْتِغَآءَ","Translation":"seeking","Transliteration":"ib'tighāa","Root":"ب غ ي"},{"Position":5,"AudioFileName":"017_028_005.mp3","TajweedImageFilePath":"17/28/5.png","Text":"رَحْمَةٍۢ","Translation":"mercy","Transliteration":"raḥmatin","Root":"ر ح م"},{"Position":6,"AudioFileName":"017_028_006.mp3","TajweedImageFilePath":"17/28/6.png","Text":"مِّن","Translation":"from","Transliteration":"min","Root":"م ن"},{"Position":7,"AudioFileName":"017_028_007.mp3","TajweedImageFilePath":"17/28/7.png","Text":"رَّبِّكَ","Translation":"your Lord","Transliteration":"rabbika","Root":"ر ب ب"},{"Position":8,"AudioFileName":"017_028_008.mp3","TajweedImageFilePath":"17/28/8.png","Text":"تَرْجُوهَا","Translation":"which you expect","Transliteration":"tarjūhā","Root":"ر ج و"},{"Position":9,"AudioFileName":"017_028_009.mp3","TajweedImageFilePath":"17/28/9.png","Text":"فَقُل","Translation":"then say","Transliteration":"faqul","Root":"ق و ل"},{"Position":10,"AudioFileName":"017_028_010.mp3","TajweedImageFilePath":"17/28/10.png","Text":"لَّهُمْ","Translation":"to them","Transliteration":"lahum","Root":"ل"},{"Position":11,"AudioFileName":"017_028_011.mp3","TajweedImageFilePath":"17/28/11.png","Text":"قَوْلًۭا","Translation":"a word","Transliteration":"qawlan","Root":"ق و ل"},{"Position":12,"AudioFileName":"017_028_012.mp3","TajweedImageFilePath":"17/28/12.png","Text":"مَّيْسُورًۭا","Translation":"gentle","Transliteration":"maysūran","Root":"ي س ر"},{"Position":13,"AudioFileName":null,"TajweedImageFilePath":"28.png","Text":"٢٨","Translation":"(28)","Transliteration":null,"Root":null}],"PageNumber":285,"JuzNumber":15,"ManzilNumber":4,"RukuNumber":242,"MaqraNumber":114,"HizbNumber":29,"HizbDecimal":0.25,"HasSajda":false},{"SurahNumber":17,"SurahIndex":"017","VerseNumber":29,"ShowSurahName":false,"ShowBismillah":false,"Words":[{"Position":1,"AudioFileName":"017_029_001.mp3","TajweedImageFilePath":"17/29/1.png","Text":"وَلَا","Translation":"And (do) not","Transliteration":"walā","Root":"ل ا"},{"Position":2,"AudioFileName":"017_029_002.mp3","TajweedImageFilePath":"17/29/2.png","Text":"تَجْعَلْ","Translation":"make","Transliteration":"tajʿal","Root":"ج ع ل"},{"Position":3,"AudioFileName":"017_029_003.mp3","TajweedImageFilePath":"17/29/3.png","Text":"يَدَكَ","Translation":"your hand","Transliteration":"yadaka","Root":"ي د ي"},{"Position":4,"AudioFileName":"017_029_004.mp3","TajweedImageFilePath":"17/29/4.png","Text":"مَغْلُولَةً","Translation":"chained","Transliteration":"maghlūlatan","Root":"غ ل ل"},{"Position":5,"AudioFileName":"017_029_005.mp3","TajweedImageFilePath":"17/29/5.png","Text":"إِلَىٰ","Translation":"to","Transliteration":"ilā","Root":"إِلَىٰ"},{"Position":6,"AudioFileName":"017_029_006.mp3","TajweedImageFilePath":"17/29/6.png","Text":"عُنُقِكَ","Translation":"your neck","Transliteration":"ʿunuqika","Root":"ع ن ق"},{"Position":7,"AudioFileName":"017_029_007.mp3","TajweedImageFilePath":"17/29/7.png","Text":"وَلَا","Translation":"and not","Transliteration":"walā","Root":"ل ا"},{"Position":8,"AudioFileName":"017_029_008.mp3","TajweedImageFilePath":"17/29/8.png","Text":"تَبْسُطْهَا","Translation":"extend it","Transliteration":"tabsuṭ'hā","Root":"ب س ط"},{"Position":9,"AudioFileName":"017_029_009.mp3","TajweedImageFilePath":"17/29/9.png","Text":"كُلَّ","Translation":"(to its) utmost","Transliteration":"kulla","Root":"ك ل ل"},{"Position":10,"AudioFileName":"017_029_010.mp3","TajweedImageFilePath":"17/29/10.png","Text":"ٱلْبَسْطِ","Translation":"reach","Transliteration":"l-basṭi","Root":"ب س ط"},{"Position":11,"AudioFileName":"017_029_011.mp3","TajweedImageFilePath":"17/29/11.png","Text":"فَتَقْعُدَ","Translation":"so that you sit","Transliteration":"fataqʿuda","Root":"ق ع د"},{"Position":12,"AudioFileName":"017_029_012.mp3","TajweedImageFilePath":"17/29/12.png","Text":"مَلُومًۭا","Translation":"blameworthy","Transliteration":"malūman","Root":"ل و م"},{"Position":13,"AudioFileName":"017_029_013.mp3","TajweedImageFilePath":"17/29/13.png","Text":"مَّحْسُورًا","Translation":"insolvent","Transliteration":"maḥsūran","Root":"ح س ر"},{"Position":14,"AudioFileName":null,"TajweedImageFilePath":"29.png","Text":"٢٩","Translation":"(29)","Transliteration":null,"Root":null}],"PageNumber":285,"JuzNumber":15,"ManzilNumber":4,"RukuNumber":242,"MaqraNumber":114,"HizbNumber":29,"HizbDecimal":0.25,"HasSajda":false},{"SurahNumber":17,"SurahIndex":"017","VerseNumber":30,"ShowSurahName":false,"ShowBismillah":false,"Words":[{"Position":1,"AudioFileName":"017_030_001.mp3","TajweedImageFilePath":"17/30/1.png","Text":"إِنَّ","Translation":"Indeed","Transliteration":"inna","Root":"ا ن ن"},{"Position":2,"AudioFileName":"017_030_002.mp3","TajweedImageFilePath":"17/30/2.png","Text":"رَبَّكَ","Translation":"your Lord","Transliteration":"rabbaka","Root":"ر ب ب"},{"Position":3,"AudioFileName":"017_030_003.mp3","TajweedImageFilePath":"17/30/3.png","Text":"يَبْسُطُ","Translation":"extends","Transliteration":"yabsuṭu","Root":"ب س ط"},{"Position":4,"AudioFileName":"017_030_004.mp3","TajweedImageFilePath":"17/30/4.png","Text":"ٱلرِّزْقَ","Translation":"the provision","Transliteration":"l-riz'qa","Root":"ر ز ق"},{"Position":5,"AudioFileName":"017_030_005.mp3","TajweedImageFilePath":"17/30/5.png","Text":"لِمَن","Translation":"for whom","Transliteration":"liman","Root":"م ن"},{"Position":6,"AudioFileName":"017_030_006.mp3","TajweedImageFilePath":"17/30/6.png","Text":"يَشَآءُ","Translation":"He wills","Transliteration":"yashāu","Root":"ش ي أ"},{"Position":7,"AudioFileName":"017_030_007.mp3","TajweedImageFilePath":"17/30/7.png","Text":"وَيَقْدِرُ ۚ","Translation":"and straitens","Transliteration":"wayaqdiru","Root":"ق د ر"},{"Position":8,"AudioFileName":"017_030_008.mp3","TajweedImageFilePath":"17/30/8.png","Text":"إِنَّهُۥ","Translation":"Indeed, He","Transliteration":"innahu","Root":"ا ن ن"},{"Position":9,"AudioFileName":"017_030_009.mp3","TajweedImageFilePath":"17/30/9.png","Text":"كَانَ","Translation":"is","Transliteration":"kāna","Root":"ك و ن"},{"Position":10,"AudioFileName":"017_030_010.mp3","TajweedImageFilePath":"17/30/10.png","Text":"بِعِبَادِهِۦ","Translation":"of His slaves","Transliteration":"biʿibādihi","Root":"ع ب د"},{"Position":11,"AudioFileName":"017_030_011.mp3","TajweedImageFilePath":"17/30/11.png","Text":"خَبِيرًۢا","Translation":"All-Aware","Transliteration":"khabīran","Root":"خ ب ر"},{"Position":12,"AudioFileName":"017_030_012.mp3","TajweedImageFilePath":"17/30/12.png","Text":"بَصِيرًۭا","Translation":"All-Seer","Transliteration":"baṣīran","Root":"ب ص ر"},{"Position":13,"AudioFileName":null,"TajweedImageFilePath":"30.png","Text":"٣٠","Translation":"(30)","Transliteration":null,"Root":null}],"PageNumber":285,"JuzNumber":15,"ManzilNumber":4,"RukuNumber":242,"MaqraNumber":114,"HizbNumber":29,"HizbDecimal":0.25,"HasSajda":false},{"SurahNumber":17,"SurahIndex":"017","VerseNumber":31,"ShowSurahName":false,"ShowBismillah":false,"Words":[{"Position":1,"AudioFileName":"017_031_001.mp3","TajweedImageFilePath":"17/31/1.png","Text":"وَلَا","Translation":"And (do) not","Transliteration":"walā","Root":"ل ا"},{"Position":2,"AudioFileName":"017_031_002.mp3","TajweedImageFilePath":"17/31/2.png","Text":"تَقْتُلُوٓا۟","Translation":"kill","Transliteration":"taqtulū","Root":"ق ت ل"},{"Position":3,"AudioFileName":"017_031_003.mp3","TajweedImageFilePath":"17/31/3.png","Text":"أَوْلَـٰدَكُمْ","Translation":"your children","Transliteration":"awlādakum","Root":"و ل د"},{"Position":4,"AudioFileName":"017_031_004.mp3","TajweedImageFilePath":"17/31/4.png","Text":"خَشْيَةَ","Translation":"(for) fear","Transliteration":"khashyata","Root":"خ ش ي"},{"Position":5,"AudioFileName":"017_031_005.mp3","TajweedImageFilePath":"17/31/5.png","Text":"إِمْلَـٰقٍۢ ۖ","Translation":"(of) poverty","Transliteration":"im'lāqin","Root":"م ل ق"},{"Position":6,"AudioFileName":"017_031_006.mp3","TajweedImageFilePath":"17/31/6.png","Text":"نَّحْنُ","Translation":"We","Transliteration":"naḥnu","Root":"ن ح ن"},{"Position":7,"AudioFileName":"017_031_007.mp3","TajweedImageFilePath":"17/31/7.png","Text":"نَرْزُقُهُمْ","Translation":"(We) provide for them","Transliteration":"narzuquhum","Root":"ر ز ق"},{"Position":8,"AudioFileName":"017_031_008.mp3","TajweedImageFilePath":"17/31/8.png","Text":"وَإِيَّاكُمْ ۚ","Translation":"and for you","Transliteration":"wa-iyyākum","Root":"ا ى ى"},{"Position":9,"AudioFileName":"017_031_009.mp3","TajweedImageFilePath":"17/31/9.png","Text":"إِنَّ","Translation":"Indeed","Transliteration":"inna","Root":"ا ن ن"},{"Position":10,"AudioFileName":"017_031_010.mp3","TajweedImageFilePath":"17/31/10.png","Text":"قَتْلَهُمْ","Translation":"their killing","Transliteration":"qatlahum","Root":"ق ت ل"},{"Position":11,"AudioFileName":"017_031_011.mp3","TajweedImageFilePath":"17/31/11.png","Text":"كَانَ","Translation":"is","Transliteration":"kāna","Root":"ك و ن"},{"Position":12,"AudioFileName":"017_031_012.mp3","TajweedImageFilePath":"17/31/12.png","Text":"خِطْـًۭٔا","Translation":"a sin","Transliteration":"khiṭ'an","Root":"خ ط أ"},{"Position":13,"AudioFileName":"017_031_013.mp3","TajweedImageFilePath":"17/31/13.png","Text":"كَبِيرًۭا","Translation":"great","Transliteration":"kabīran","Root":"ك ب ر"},{"Position":14,"AudioFileName":null,"TajweedImageFilePath":"31.png","Text":"٣١","Translation":"(31)","Transliteration":null,"Root":null}],"PageNumber":285,"JuzNumber":15,"ManzilNumber":4,"RukuNumber":243,"MaqraNumber":114,"HizbNumber":29,"HizbDecimal":0.25,"HasSajda":false},{"SurahNumber":17,"SurahIndex":"017","VerseNumber":32,"ShowSurahName":false,"ShowBismillah":false,"Words":[{"Position":1,"AudioFileName":"017_032_001.mp3","TajweedImageFilePath":"17/32/1.png","Text":"وَلَا","Translation":"And (do) not","Transliteration":"walā","Root":"ل ا"},{"Position":2,"AudioFileName":"017_032_002.mp3","TajweedImageFilePath":"17/32/2.png","Text":"تَقْرَبُوا۟","Translation":"go near","Transliteration":"taqrabū","Root":"ق ر ب"},{"Position":3,"AudioFileName":"017_032_003.mp3","TajweedImageFilePath":"17/32/3.png","Text":"ٱلزِّنَىٰٓ ۖ","Translation":"adultery","Transliteration":"l-zinā","Root":"ز ن ي"},{"Position":4,"AudioFileName":"017_032_004.mp3","TajweedImageFilePath":"17/32/4.png","Text":"إِنَّهُۥ","Translation":"Indeed, it","Transliteration":"innahu","Root":"ا ن ن"},{"Position":5,"AudioFileName":"017_032_005.mp3","TajweedImageFilePath":"17/32/5.png","Text":"كَانَ","Translation":"is","Transliteration":"kāna","Root":"ك و ن"},{"Position":6,"AudioFileName":"017_032_006.mp3","TajweedImageFilePath":"17/32/6.png","Text":"فَـٰحِشَةًۭ","Translation":"an immorality","Transliteration":"fāḥishatan","Root":"ف ح ش"},{"Position":7,"AudioFileName":"017_032_007.mp3","TajweedImageFilePath":"17/32/7.png","Text":"وَسَآءَ","Translation":"and (an) evil","Transliteration":"wasāa","Root":"س و أ"},{"Position":8,"AudioFileName":"017_032_008.mp3","TajweedImageFilePath":"17/32/8.png","Text":"سَبِيلًۭا","Translation":"way","Transliteration":"sabīlan","Root":"س ب ل"},{"Position":9,"AudioFileName":null,"TajweedImageFilePath":"32.png","Text":"٣٢","Translation":"(32)","Transliteration":null,"Root":null}],"PageNumber":285,"JuzNumber":15,"ManzilNumber":4,"RukuNumber":243,"MaqraNumber":114,"HizbNumber":29,"HizbDecimal":0.25,"HasSajda":false},{"SurahNumber":17,"SurahIndex":"017","VerseNumber":33,"ShowSurahName":false,"ShowBismillah":false,"Words":[{"Position":1,"AudioFileName":"017_033_001.mp3","TajweedImageFilePath":"17/33/1.png","Text":"وَلَا","Translation":"And (do) not","Transliteration":"walā","Root":"ل ا"},{"Position":2,"AudioFileName":"017_033_002.mp3","TajweedImageFilePath":"17/33/2.png","Text":"تَقْتُلُوا۟","Translation":"kill","Transliteration":"taqtulū","Root":"ق ت ل"},{"Position":3,"AudioFileName":"017_033_003.mp3","TajweedImageFilePath":"17/33/3.png","Text":"ٱلنَّفْسَ","Translation":"the soul","Transliteration":"l-nafsa","Root":"ن ف س"},{"Position":4,"AudioFileName":"017_033_004.mp3","TajweedImageFilePath":"17/33/4.png","Text":"ٱلَّتِى","Translation":"which","Transliteration":"allatī","Root":"ٱلَّذِى"},{"Position":5,"AudioFileName":"017_033_005.mp3","TajweedImageFilePath":"17/33/5.png","Text":"حَرَّمَ","Translation":"Allah has forbidden","Transliteration":"ḥarrama","Root":"ح ر م"},{"Position":6,"AudioFileName":"017_033_006.mp3","TajweedImageFilePath":"17/33/6.png","Text":"ٱللَّهُ","Translation":"Allah has forbidden","Transliteration":"l-lahu","Root":"أ ل ه"},{"Position":7,"AudioFileName":"017_033_007.mp3","TajweedImageFilePath":"17/33/7.png","Text":"إِلَّا","Translation":"except","Transliteration":"illā","Root":"إِلَّا"},{"Position":8,"AudioFileName":"017_033_008.mp3","TajweedImageFilePath":"17/33/8.png","Text":"بِٱلْحَقِّ ۗ","Translation":"by right","Transliteration":"bil-ḥaqi","Root":"ح ق ق"},{"Position":9,"AudioFileName":"017_033_009.mp3","TajweedImageFilePath":"17/33/9.png","Text":"وَمَن","Translation":"And whoever","Transliteration":"waman","Root":"م ن"},{"Position":10,"AudioFileName":"017_033_010.mp3","TajweedImageFilePath":"17/33/10.png","Text":"قُتِلَ","Translation":"(is) killed","Transliteration":"qutila","Root":"ق ت ل"},{"Position":11,"AudioFileName":"017_033_011.mp3","TajweedImageFilePath":"17/33/11.png","Text":"مَظْلُومًۭا","Translation":"wrongfully","Transliteration":"maẓlūman","Root":"ظ ل م"},{"Position":12,"AudioFileName":"017_033_012.mp3","TajweedImageFilePath":"17/33/12.png","Text":"فَقَدْ","Translation":"verily","Transliteration":"faqad","Root":"ق د"},{"Position":13,"AudioFileName":"017_033_013.mp3","TajweedImageFilePath":"17/33/13.png","Text":"جَعَلْنَا","Translation":"We have made","Transliteration":"jaʿalnā","Root":"ج ع ل"},{"Position":14,"AudioFileName":"017_033_014.mp3","TajweedImageFilePath":"17/33/14.png","Text":"لِوَلِيِّهِۦ","Translation":"for his heir","Transliteration":"liwaliyyihi","Root":"و ل ي"},{"Position":15,"AudioFileName":"017_033_015.mp3","TajweedImageFilePath":"17/33/15.png","Text":"سُلْطَـٰنًۭا","Translation":"an authority","Transliteration":"sul'ṭānan","Root":"س ل ط"},{"Position":16,"AudioFileName":"017_033_016.mp3","TajweedImageFilePath":"17/33/16.png","Text":"فَلَا","Translation":"but not","Transliteration":"falā","Root":"ل ا"},{"Position":17,"AudioFileName":"017_033_017.mp3","TajweedImageFilePath":"17/33/17.png","Text":"يُسْرِف","Translation":"he should exceed","Transliteration":"yus'rif","Root":"س ر ف"},{"Position":18,"AudioFileName":"017_033_018.mp3","TajweedImageFilePath":"17/33/18.png","Text":"فِّى","Translation":"in","Transliteration":"fī","Root":"ف ى"},{"Position":19,"AudioFileName":"017_033_019.mp3","TajweedImageFilePath":"17/33/19.png","Text":"ٱلْقَتْلِ ۖ","Translation":"the killing","Transliteration":"l-qatli","Root":"ق ت ل"},{"Position":20,"AudioFileName":"017_033_020.mp3","TajweedImageFilePath":"17/33/20.png","Text":"إِنَّهُۥ","Translation":"Indeed, he","Transliteration":"innahu","Root":"ا ن ن"},{"Position":21,"AudioFileName":"017_033_021.mp3","TajweedImageFilePath":"17/33/21.png","Text":"كَانَ","Translation":"is","Transliteration":"kāna","Root":"ك و ن"},{"Position":22,"AudioFileName":"017_033_022.mp3","TajweedImageFilePath":"17/33/22.png","Text":"مَنصُورًۭا","Translation":"helped","Transliteration":"manṣūran","Root":"ن ص ر"},{"Position":23,"AudioFileName":null,"TajweedImageFilePath":"33.png","Text":"٣٣","Translation":"(33)","Transliteration":null,"Root":null}],"PageNumber":285,"JuzNumber":15,"ManzilNumber":4,"RukuNumber":243,"MaqraNumber":114,"HizbNumber":29,"HizbDecimal":0.25,"HasSajda":false},{"SurahNumber":17,"SurahIndex":"017","VerseNumber":34,"ShowSurahName":false,"ShowBismillah":false,"Words":[{"Position":1,"AudioFileName":"017_034_001.mp3","TajweedImageFilePath":"17/34/1.png","Text":"وَلَا","Translation":"And (do) not","Transliteration":"walā","Root":"ل ا"},{"Position":2,"AudioFileName":"017_034_002.mp3","TajweedImageFilePath":"17/34/2.png","Text":"تَقْرَبُوا۟","Translation":"come near","Transliteration":"taqrabū","Root":"ق ر ب"},{"Position":3,"AudioFileName":"017_034_003.mp3","TajweedImageFilePath":"17/34/3.png","Text":"مَالَ","Translation":"(the) wealth","Transliteration":"māla","Root":"م و ل"},{"Position":4,"AudioFileName":"017_034_004.mp3","TajweedImageFilePath":"17/34/4.png","Text":"ٱلْيَتِيمِ","Translation":"(of) the orphan","Transliteration":"l-yatīmi","Root":"ي ت م"},{"Position":5,"AudioFileName":"017_034_005.mp3","TajweedImageFilePath":"17/34/5.png","Text":"إِلَّا","Translation":"except","Transliteration":"illā","Root":"إِلَّا"},{"Position":6,"AudioFileName":"017_034_006.mp3","TajweedImageFilePath":"17/34/6.png","Text":"بِٱلَّتِى","Translation":"with what","Transliteration":"bi-allatī","Root":"ٱلَّذِى"},{"Position":7,"AudioFileName":"017_034_007.mp3","TajweedImageFilePath":"17/34/7.png","Text":"هِىَ","Translation":"[it] is","Transliteration":"hiya","Root":"ه ى"},{"Position":8,"AudioFileName":"017_034_008.mp3","TajweedImageFilePath":"17/34/8.png","Text":"أَحْسَنُ","Translation":"best","Transliteration":"aḥsanu","Root":"ح س ن"},{"Position":9,"AudioFileName":"017_034_009.mp3","TajweedImageFilePath":"17/34/9.png","Text":"حَتَّىٰ","Translation":"until","Transliteration":"ḥattā","Root":"ح ت ت ى"},{"Position":10,"AudioFileName":"017_034_010.mp3","TajweedImageFilePath":"17/34/10.png","Text":"يَبْلُغَ","Translation":"he reaches","Transliteration":"yablugha","Root":"ب ل غ"},{"Position":11,"AudioFileName":"017_034_011.mp3","TajweedImageFilePath":"17/34/11.png","Text":"أَشُدَّهُۥ ۚ","Translation":"his maturity","Transliteration":"ashuddahu","Root":"ش د د"},{"Position":12,"AudioFileName":"017_034_012.mp3","TajweedImageFilePath":"17/34/12.png","Text":"وَأَوْفُوا۟","Translation":"And fulfil","Transliteration":"wa-awfū","Root":"و ف ي"},{"Position":13,"AudioFileName":"017_034_013.mp3","TajweedImageFilePath":"17/34/13.png","Text":"بِٱلْعَهْدِ ۖ","Translation":"the covenant","Transliteration":"bil-ʿahdi","Root":"ع ه د"},{"Position":14,"AudioFileName":"017_034_014.mp3","TajweedImageFilePath":"17/34/14.png","Text":"إِنَّ","Translation":"Indeed","Transliteration":"inna","Root":"ا ن ن"},{"Position":15,"AudioFileName":"017_034_015.mp3","TajweedImageFilePath":"17/34/15.png","Text":"ٱلْعَهْدَ","Translation":"the covenant","Transliteration":"l-ʿahda","Root":"ع ه د"},{"Position":16,"AudioFileName":"017_034_016.mp3","TajweedImageFilePath":"17/34/16.png","Text":"كَانَ","Translation":"will be","Transliteration":"kāna","Root":"ك و ن"},{"Position":17,"AudioFileName":"017_034_017.mp3","TajweedImageFilePath":"17/34/17.png","Text":"مَسْـُٔولًۭا","Translation":"questioned","Transliteration":"masūlan","Root":"س أ ل"},{"Position":18,"AudioFileName":null,"TajweedImageFilePath":"34.png","Text":"٣٤","Translation":"(34)","Transliteration":null,"Root":null}],"PageNumber":285,"JuzNumber":15,"ManzilNumber":4,"RukuNumber":243,"MaqraNumber":114,"HizbNumber":29,"HizbDecimal":0.25,"HasSajda":false},{"SurahNumber":17,"SurahIndex":"017","VerseNumber":35,"ShowSurahName":false,"ShowBismillah":false,"Words":[{"Position":1,"AudioFileName":"017_035_001.mp3","TajweedImageFilePath":"17/35/1.png","Text":"وَأَوْفُوا۟","Translation":"And give full","Transliteration":"wa-awfū","Root":"و ف ي"},{"Position":2,"AudioFileName":"017_035_002.mp3","TajweedImageFilePath":"17/35/2.png","Text":"ٱلْكَيْلَ","Translation":"[the] measure","Transliteration":"l-kayla","Root":"ك ي ل"},{"Position":3,"AudioFileName":"017_035_003.mp3","TajweedImageFilePath":"17/35/3.png","Text":"إِذَا","Translation":"when","Transliteration":"idhā","Root":"إِذَا"},{"Position":4,"AudioFileName":"017_035_004.mp3","TajweedImageFilePath":"17/35/4.png","Text":"كِلْتُمْ","Translation":"you measure","Transliteration":"kil'tum","Root":"ك ي ل"},{"Position":5,"AudioFileName":"017_035_005.mp3","TajweedImageFilePath":"17/35/5.png","Text":"وَزِنُوا۟","Translation":"and weigh","Transliteration":"wazinū","Root":"و ز ن"},{"Position":6,"AudioFileName":"017_035_006.mp3","TajweedImageFilePath":"17/35/6.png","Text":"بِٱلْقِسْطَاسِ","Translation":"with the balance","Transliteration":"bil-qis'ṭāsi","Root":"ق س ط س"},{"Position":7,"AudioFileName":"017_035_007.mp3","TajweedImageFilePath":"17/35/7.png","Text":"ٱلْمُسْتَقِيمِ ۚ","Translation":"the straight","Transliteration":"l-mus'taqīmi","Root":"ق و م"},{"Position":8,"AudioFileName":"017_035_008.mp3","TajweedImageFilePath":"17/35/8.png","Text":"ذَٰلِكَ","Translation":"That","Transliteration":"dhālika","Root":"ذ ل ك"},{"Position":9,"AudioFileName":"017_035_009.mp3","TajweedImageFilePath":"17/35/9.png","Text":"خَيْرٌۭ","Translation":"(is) good","Transliteration":"khayrun","Root":"خ ي ر"},{"Position":10,"AudioFileName":"017_035_010.mp3","TajweedImageFilePath":"17/35/10.png","Text":"وَأَحْسَنُ","Translation":"and best","Transliteration":"wa-aḥsanu","Root":"ح س ن"},{"Position":11,"AudioFileName":"017_035_011.mp3","TajweedImageFilePath":"17/35/11.png","Text":"تَأْوِيلًۭا","Translation":"(in) result","Transliteration":"tawīlan","Root":"أ و ل"},{"Position":12,"AudioFileName":null,"TajweedImageFilePath":"35.png","Text":"٣٥","Translation":"(35)","Transliteration":null,"Root":null}],"PageNumber":285,"JuzNumber":15,"ManzilNumber":4,"RukuNumber":243,"MaqraNumber":114,"HizbNumber":29,"HizbDecimal":0.25,"HasSajda":false},{"SurahNumber":17,"SurahIndex":"017","VerseNumber":36,"ShowSurahName":false,"ShowBismillah":false,"Words":[{"Position":1,"AudioFileName":"017_036_001.mp3","TajweedImageFilePath":"17/36/1.png","Text":"وَلَا","Translation":"And (do) not","Transliteration":"walā","Root":"ل ا"},{"Position":2,"AudioFileName":"017_036_002.mp3","TajweedImageFilePath":"17/36/2.png","Text":"تَقْفُ","Translation":"pursue","Transliteration":"taqfu","Root":"ق ف و"},{"Position":3,"AudioFileName":"017_036_003.mp3","TajweedImageFilePath":"17/36/3.png","Text":"مَا","Translation":"what","Transliteration":"mā","Root":"م ا"},{"Position":4,"AudioFileName":"017_036_004.mp3","TajweedImageFilePath":"17/36/4.png","Text":"لَيْسَ","Translation":"not","Transliteration":"laysa","Root":"ل ي س"},{"Position":5,"AudioFileName":"017_036_005.mp3","TajweedImageFilePath":"17/36/5.png","Text":"لَكَ","Translation":"you have","Transliteration":"laka","Root":"ل"},{"Position":6,"AudioFileName":"017_036_006.mp3","TajweedImageFilePath":"17/36/6.png","Text":"بِهِۦ","Translation":"of it","Transliteration":"bihi","Root":"ب"},{"Position":7,"AudioFileName":"017_036_007.mp3","TajweedImageFilePath":"17/36/7.png","Text":"عِلْمٌ ۚ","Translation":"any knowledge","Transliteration":"ʿil'mun","Root":"ع ل م"},{"Position":8,"AudioFileName":"017_036_008.mp3","TajweedImageFilePath":"17/36/8.png","Text":"إِنَّ","Translation":"Indeed","Transliteration":"inna","Root":"ا ن ن"},{"Position":9,"AudioFileName":"017_036_009.mp3","TajweedImageFilePath":"17/36/9.png","Text":"ٱلسَّمْعَ","Translation":"the hearing","Transliteration":"l-samʿa","Root":"س م ع"},{"Position":10,"AudioFileName":"017_036_010.mp3","TajweedImageFilePath":"17/36/10.png","Text":"وَٱلْبَصَرَ","Translation":"and the sight","Transliteration":"wal-baṣara","Root":"ب ص ر"},{"Position":11,"AudioFileName":"017_036_011.mp3","TajweedImageFilePath":"17/36/11.png","Text":"وَٱلْفُؤَادَ","Translation":"and the heart","Transliteration":"wal-fuāda","Root":"ف أ د"},{"Position":12,"AudioFileName":"017_036_012.mp3","TajweedImageFilePath":"17/36/12.png","Text":"كُلُّ","Translation":"all","Transliteration":"kullu","Root":"ك ل ل"},{"Position":13,"AudioFileName":"017_036_013.mp3","TajweedImageFilePath":"17/36/13.png","Text":"أُو۟لَـٰٓئِكَ","Translation":"those","Transliteration":"ulāika","Root":"ا و ل ا ء"},{"Position":14,"AudioFileName":"017_036_014.mp3","TajweedImageFilePath":"17/36/14.png","Text":"كَانَ","Translation":"will be","Transliteration":"kāna","Root":"ك و ن"},{"Position":15,"AudioFileName":"017_036_015.mp3","TajweedImageFilePath":"17/36/15.png","Text":"عَنْهُ","Translation":"[about it]","Transliteration":"ʿanhu","Root":"ع ن"},{"Position":16,"AudioFileName":"017_036_016.mp3","TajweedImageFilePath":"17/36/16.png","Text":"مَسْـُٔولًۭا","Translation":"questioned","Transliteration":"masūlan","Root":"س أ ل"},{"Position":17,"AudioFileName":null,"TajweedImageFilePath":"36.png","Text":"٣٦","Translation":"(36)","Transliteration":null,"Root":null}],"PageNumber":285,"JuzNumber":15,"ManzilNumber":4,"RukuNumber":243,"MaqraNumber":114,"HizbNumber":29,"HizbDecimal":0.25,"HasSajda":false},{"SurahNumber":17,"SurahIndex":"017","VerseNumber":37,"ShowSurahName":false,"ShowBismillah":false,"Words":[{"Position":1,"AudioFileName":"017_037_001.mp3","TajweedImageFilePath":"17/37/1.png","Text":"وَلَا","Translation":"And (do) not","Transliteration":"walā","Root":"ل ا"},{"Position":2,"AudioFileName":"017_037_002.mp3","TajweedImageFilePath":"17/37/2.png","Text":"تَمْشِ","Translation":"walk","Transliteration":"tamshi","Root":"م ش ي"},{"Position":3,"AudioFileName":"017_037_003.mp3","TajweedImageFilePath":"17/37/3.png","Text":"فِى","Translation":"in","Transliteration":"fī","Root":"ف ى"},{"Position":4,"AudioFileName":"017_037_004.mp3","TajweedImageFilePath":"17/37/4.png","Text":"ٱلْأَرْضِ","Translation":"the earth","Transliteration":"l-arḍi","Root":"أ ر ض"},{"Position":5,"AudioFileName":"017_037_005.mp3","TajweedImageFilePath":"17/37/5.png","Text":"مَرَحًا ۖ","Translation":"(with) insolence","Transliteration":"maraḥan","Root":"م ر ح"},{"Position":6,"AudioFileName":"017_037_006.mp3","TajweedImageFilePath":"17/37/6.png","Text":"إِنَّكَ","Translation":"Indeed, you","Transliteration":"innaka","Root":"ا ن ن"},{"Position":7,"AudioFileName":"017_037_007.mp3","TajweedImageFilePath":"17/37/7.png","Text":"لَن","Translation":"will never","Transliteration":"lan","Root":"ل ن"},{"Position":8,"AudioFileName":"017_037_008.mp3","TajweedImageFilePath":"17/37/8.png","Text":"تَخْرِقَ","Translation":"tear","Transliteration":"takhriqa","Root":"خ ر ق"},{"Position":9,"AudioFileName":"017_037_009.mp3","TajweedImageFilePath":"17/37/9.png","Text":"ٱلْأَرْضَ","Translation":"the earth","Transliteration":"l-arḍa","Root":"أ ر ض"},{"Position":10,"AudioFileName":"017_037_010.mp3","TajweedImageFilePath":"17/37/10.png","Text":"وَلَن","Translation":"and will never","Transliteration":"walan","Root":"ل ن"},{"Position":11,"AudioFileName":"017_037_011.mp3","TajweedImageFilePath":"17/37/11.png","Text":"تَبْلُغَ","Translation":"reach","Transliteration":"tablugha","Root":"ب ل غ"},{"Position":12,"AudioFileName":"017_037_012.mp3","TajweedImageFilePath":"17/37/12.png","Text":"ٱلْجِبَالَ","Translation":"the mountains","Transliteration":"l-jibāla","Root":"ج ب ل"},{"Position":13,"AudioFileName":"017_037_013.mp3","TajweedImageFilePath":"17/37/13.png","Text":"طُولًۭا","Translation":"(in) height","Transliteration":"ṭūlan","Root":"ط و ل"},{"Position":14,"AudioFileName":null,"TajweedImageFilePath":"37.png","Text":"٣٧","Translation":"(37)","Transliteration":null,"Root":null}],"PageNumber":285,"JuzNumber":15,"ManzilNumber":4,"RukuNumber":243,"MaqraNumber":114,"HizbNumber":29,"HizbDecimal":0.25,"HasSajda":false},{"SurahNumber":17,"SurahIndex":"017","VerseNumber":38,"ShowSurahName":false,"ShowBismillah":false,"Words":[{"Position":1,"AudioFileName":"017_038_001.mp3","TajweedImageFilePath":"17/38/1.png","Text":"كُلُّ","Translation":"All","Transliteration":"kullu","Root":"ك ل ل"},{"Position":2,"AudioFileName":"017_038_002.mp3","TajweedImageFilePath":"17/38/2.png","Text":"ذَٰلِكَ","Translation":"that","Transliteration":"dhālika","Root":"ذ ل ك"},{"Position":3,"AudioFileName":"017_038_003.mp3","TajweedImageFilePath":"17/38/3.png","Text":"كَانَ","Translation":"is","Transliteration":"kāna","Root":"ك و ن"},{"Position":4,"AudioFileName":"017_038_004.mp3","TajweedImageFilePath":"17/38/4.png","Text":"سَيِّئُهُۥ","Translation":"[its] evil","Transliteration":"sayyi-uhu","Root":"س و أ"},{"Position":5,"AudioFileName":"017_038_005.mp3","TajweedImageFilePath":"17/38/5.png","Text":"عِندَ","Translation":"near","Transliteration":"ʿinda","Root":"ع ن د"},{"Position":6,"AudioFileName":"017_038_006.mp3","TajweedImageFilePath":"17/38/6.png","Text":"رَبِّكَ","Translation":"your Lord","Transliteration":"rabbika","Root":"ر ب ب"},{"Position":7,"AudioFileName":"017_038_007.mp3","TajweedImageFilePath":"17/38/7.png","Text":"مَكْرُوهًۭا","Translation":"hateful","Transliteration":"makrūhan","Root":"ك ر ه"},{"Position":8,"AudioFileName":null,"TajweedImageFilePath":"38.png","Text":"٣٨","Translation":"(38)","Transliteration":null,"Root":null}],"PageNumber":285,"JuzNumber":15,"ManzilNumber":4,"RukuNumber":243,"MaqraNumber":114,"HizbNumber":29,"HizbDecimal":0.25,"HasSajda":false},{"SurahNumber":17,"SurahIndex":"017","VerseNumber":39,"ShowSurahName":false,"ShowBismillah":false,"Words":[{"Position":1,"AudioFileName":"017_039_001.mp3","TajweedImageFilePath":"17/39/1.png","Text":"ذَٰلِكَ","Translation":"That","Transliteration":"dhālika","Root":"ذ ل ك"},{"Position":2,"AudioFileName":"017_039_002.mp3","TajweedImageFilePath":"17/39/2.png","Text":"مِمَّآ","Translation":"(is) from what","Transliteration":"mimmā","Root":"م م ا"},{"Position":3,"AudioFileName":"017_039_003.mp3","TajweedImageFilePath":"17/39/3.png","Text":"أَوْحَىٰٓ","Translation":"(was) revealed","Transliteration":"awḥā","Root":"و ح ي"},{"Position":4,"AudioFileName":"017_039_004.mp3","TajweedImageFilePath":"17/39/4.png","Text":"إِلَيْكَ","Translation":"to you","Transliteration":"ilayka","Root":"إِلَىٰ"},{"Position":5,"AudioFileName":"017_039_005.mp3","TajweedImageFilePath":"17/39/5.png","Text":"رَبُّكَ","Translation":"(from) your Lord","Transliteration":"rabbuka","Root":"ر ب ب"},{"Position":6,"AudioFileName":"017_039_006.mp3","TajweedImageFilePath":"17/39/6.png","Text":"مِنَ","Translation":"of","Transliteration":"mina","Root":"م ن"},{"Position":7,"AudioFileName":"017_039_007.mp3","TajweedImageFilePath":"17/39/7.png","Text":"ٱلْحِكْمَةِ ۗ","Translation":"the wisdom","Transliteration":"l-ḥik'mati","Root":"ح ك م"},{"Position":8,"AudioFileName":"017_039_008.mp3","TajweedImageFilePath":"17/39/8.png","Text":"وَلَا","Translation":"And (do) not","Transliteration":"walā","Root":"ل ا"},{"Position":9,"AudioFileName":"017_039_009.mp3","TajweedImageFilePath":"17/39/9.png","Text":"تَجْعَلْ","Translation":"make","Transliteration":"tajʿal","Root":"ج ع ل"},{"Position":10,"AudioFileName":"017_039_010.mp3","TajweedImageFilePath":"17/39/10.png","Text":"مَعَ","Translation":"with","Transliteration":"maʿa","Root":"م ع"},{"Position":11,"AudioFileName":"017_039_011.mp3","TajweedImageFilePath":"17/39/11.png","Text":"ٱللَّهِ","Translation":"Allah","Transliteration":"l-lahi","Root":"أ ل ه"},{"Position":12,"AudioFileName":"017_039_012.mp3","TajweedImageFilePath":"17/39/12.png","Text":"إِلَـٰهًا","Translation":"god","Transliteration":"ilāhan","Root":"أ ل ه"},{"Position":13,"AudioFileName":"017_039_013.mp3","TajweedImageFilePath":"17/39/13.png","Text":"ءَاخَرَ","Translation":"other","Transliteration":"ākhara","Root":"أ خ ر"},{"Position":14,"AudioFileName":"017_039_014.mp3","TajweedImageFilePath":"17/39/14.png","Text":"فَتُلْقَىٰ","Translation":"lest you should be thrown","Transliteration":"fatul'qā","Root":"ل ق ي"},{"Position":15,"AudioFileName":"017_039_015.mp3","TajweedImageFilePath":"17/39/15.png","Text":"فِى","Translation":"in","Transliteration":"fī","Root":"ف ى"},{"Position":16,"AudioFileName":"017_039_016.mp3","TajweedImageFilePath":"17/39/16.png","Text":"جَهَنَّمَ","Translation":"Hell","Transliteration":"jahannama","Root":"ج ه ن م"},{"Position":17,"AudioFileName":"017_039_017.mp3","TajweedImageFilePath":"17/39/17.png","Text":"مَلُومًۭا","Translation":"blameworthy","Transliteration":"malūman","Root":"ل و م"},{"Position":18,"AudioFileName":"017_039_018.mp3","TajweedImageFilePath":"17/39/18.png","Text":"مَّدْحُورًا","Translation":"abandoned","Transliteration":"madḥūran","Root":"د ح ر"},{"Position":19,"AudioFileName":null,"TajweedImageFilePath":"39.png","Text":"٣٩","Translation":"(39)","Transliteration":null,"Root":null}],"PageNumber":286,"JuzNumber":15,"ManzilNumber":4,"RukuNumber":243,"MaqraNumber":114,"HizbNumber":29,"HizbDecimal":0.25,"HasSajda":false},{"SurahNumber":17,"SurahIndex":"017","VerseNumber":40,"ShowSurahName":false,"ShowBismillah":false,"Words":[{"Position":1,"AudioFileName":"017_040_001.mp3","TajweedImageFilePath":"17/40/1.png","Text":"أَفَأَصْفَىٰكُمْ","Translation":"Then has your Lord chosen (for) you","Transliteration":"afa-aṣfākum","Root":"ص ف و"},{"Position":2,"AudioFileName":"017_040_002.mp3","TajweedImageFilePath":"17/40/2.png","Text":"رَبُّكُم","Translation":"Then has your Lord chosen (for) you","Transliteration":"rabbukum","Root":"ر ب ب"},{"Position":3,"AudioFileName":"017_040_003.mp3","TajweedImageFilePath":"17/40/3.png","Text":"بِٱلْبَنِينَ","Translation":"sons","Transliteration":"bil-banīna","Root":"ب ن ي"},{"Position":4,"AudioFileName":"017_040_004.mp3","TajweedImageFilePath":"17/40/4.png","Text":"وَٱتَّخَذَ","Translation":"and He has taken","Transliteration":"wa-ittakhadha","Root":"أ خ ذ"},{"Position":5,"AudioFileName":"017_040_005.mp3","TajweedImageFilePath":"17/40/5.png","Text":"مِنَ","Translation":"from","Transliteration":"mina","Root":"م ن"},{"Position":6,"AudioFileName":"017_040_006.mp3","TajweedImageFilePath":"17/40/6.png","Text":"ٱلْمَلَـٰٓئِكَةِ","Translation":"the Angels","Transliteration":"l-malāikati","Root":"م ل ك"},{"Position":7,"AudioFileName":"017_040_007.mp3","TajweedImageFilePath":"17/40/7.png","Text":"إِنَـٰثًا ۚ","Translation":"daughters","Transliteration":"ināthan","Root":"أ ن ث"},{"Position":8,"AudioFileName":"017_040_008.mp3","TajweedImageFilePath":"17/40/8.png","Text":"إِنَّكُمْ","Translation":"Indeed, you","Transliteration":"innakum","Root":"ا ن ن"},{"Position":9,"AudioFileName":"017_040_009.mp3","TajweedImageFilePath":"17/40/9.png","Text":"لَتَقُولُونَ","Translation":"surely say","Transliteration":"lataqūlūna","Root":"ق و ل"},{"Position":10,"AudioFileName":"017_040_010.mp3","TajweedImageFilePath":"17/40/10.png","Text":"قَوْلًا","Translation":"a word","Transliteration":"qawlan","Root":"ق و ل"},{"Position":11,"AudioFileName":"017_040_011.mp3","TajweedImageFilePath":"17/40/11.png","Text":"عَظِيمًۭا","Translation":"grave","Transliteration":"ʿaẓīman","Root":"ع ظ م"},{"Position":12,"AudioFileName":null,"TajweedImageFilePath":"40.png","Text":"٤٠","Translation":"(40)","Transliteration":null,"Root":null}],"PageNumber":286,"JuzNumber":15,"ManzilNumber":4,"RukuNumber":243,"MaqraNumber":114,"HizbNumber":29,"HizbDecimal":0.25,"HasSajda":false},{"SurahNumber":17,"SurahIndex":"017","VerseNumber":41,"ShowSurahName":false,"ShowBismillah":false,"Words":[{"Position":1,"AudioFileName":"017_041_001.mp3","TajweedImageFilePath":"17/41/1.png","Text":"وَلَقَدْ","Translation":"And verily","Transliteration":"walaqad","Root":"ق د"},{"Position":2,"AudioFileName":"017_041_002.mp3","TajweedImageFilePath":"17/41/2.png","Text":"صَرَّفْنَا","Translation":"We have explained","Transliteration":"ṣarrafnā","Root":"ص ر ف"},{"Position":3,"AudioFileName":"017_041_003.mp3","TajweedImageFilePath":"17/41/3.png","Text":"فِى","Translation":"in","Transliteration":"fī","Root":"ف ى"},{"Position":4,"AudioFileName":"017_041_004.mp3","TajweedImageFilePath":"17/41/4.png","Text":"هَـٰذَا","Translation":"this","Transliteration":"hādhā","Root":"ه ا ذ"},{"Position":5,"AudioFileName":"017_041_005.mp3","TajweedImageFilePath":"17/41/5.png","Text":"ٱلْقُرْءَانِ","Translation":"the Quran","Transliteration":"l-qur'āni","Root":"ق ر أ"},{"Position":6,"AudioFileName":"017_041_006.mp3","TajweedImageFilePath":"17/41/6.png","Text":"لِيَذَّكَّرُوا۟","Translation":"that they may take heed","Transliteration":"liyadhakkarū","Root":"ذ ك ر"},{"Position":7,"AudioFileName":"017_041_007.mp3","TajweedImageFilePath":"17/41/7.png","Text":"وَمَا","Translation":"but not","Transliteration":"wamā","Root":"م ا"},{"Position":8,"AudioFileName":"017_041_008.mp3","TajweedImageFilePath":"17/41/8.png","Text":"يَزِيدُهُمْ","Translation":"it increases them","Transliteration":"yazīduhum","Root":"ز ي د"},{"Position":9,"AudioFileName":"017_041_009.mp3","TajweedImageFilePath":"17/41/9.png","Text":"إِلَّا","Translation":"except","Transliteration":"illā","Root":"إِلَّا"},{"Position":10,"AudioFileName":"017_041_010.mp3","TajweedImageFilePath":"17/41/10.png","Text":"نُفُورًۭا","Translation":"(in) aversion","Transliteration":"nufūran","Root":"ن ف ر"},{"Position":11,"AudioFileName":null,"TajweedImageFilePath":"41.png","Text":"٤١","Translation":"(41)","Transliteration":null,"Root":null}],"PageNumber":286,"JuzNumber":15,"ManzilNumber":4,"RukuNumber":244,"MaqraNumber":114,"HizbNumber":29,"HizbDecimal":0.25,"HasSajda":false},{"SurahNumber":17,"SurahIndex":"017","VerseNumber":42,"ShowSurahName":false,"ShowBismillah":false,"Words":[{"Position":1,"AudioFileName":"017_042_001.mp3","TajweedImageFilePath":"17/42/1.png","Text":"قُل","Translation":"Say","Transliteration":"qul","Root":"ق و ل"},{"Position":2,"AudioFileName":"017_042_002.mp3","TajweedImageFilePath":"17/42/2.png","Text":"لَّوْ","Translation":"If","Transliteration":"law","Root":"ل و"},{"Position":3,"AudioFileName":"017_042_003.mp3","TajweedImageFilePath":"17/42/3.png","Text":"كَانَ","Translation":"(there) were","Transliteration":"kāna","Root":"ك و ن"},{"Position":4,"AudioFileName":"017_042_004.mp3","TajweedImageFilePath":"17/42/4.png","Text":"مَعَهُۥٓ","Translation":"with Him","Transliteration":"maʿahu","Root":"م ع"},{"Position":5,"AudioFileName":"017_042_005.mp3","TajweedImageFilePath":"17/42/5.png","Text":"ءَالِهَةٌۭ","Translation":"gods","Transliteration":"ālihatun","Root":"أ ل ه"},{"Position":6,"AudioFileName":"017_042_006.mp3","TajweedImageFilePath":"17/42/6.png","Text":"كَمَا","Translation":"as","Transliteration":"kamā","Root":"ك م ا"},{"Position":7,"AudioFileName":"017_042_007.mp3","TajweedImageFilePath":"17/42/7.png","Text":"يَقُولُونَ","Translation":"they say","Transliteration":"yaqūlūna","Root":"ق و ل"},{"Position":8,"AudioFileName":"017_042_008.mp3","TajweedImageFilePath":"17/42/8.png","Text":"إِذًۭا","Translation":"then","Transliteration":"idhan","Root":"إِذًا"},{"Position":9,"AudioFileName":"017_042_009.mp3","TajweedImageFilePath":"17/42/9.png","Text":"لَّٱبْتَغَوْا۟","Translation":"surely they (would) have sought","Transliteration":"la-ib'taghaw","Root":"ب غ ي"},{"Position":10,"AudioFileName":"017_042_010.mp3","TajweedImageFilePath":"17/42/10.png","Text":"إِلَىٰ","Translation":"to","Transliteration":"ilā","Root":"إِلَىٰ"},{"Position":11,"AudioFileName":"017_042_011.mp3","TajweedImageFilePath":"17/42/11.png","Text":"ذِى","Translation":"(the) Owner","Transliteration":"dhī","Root":"ذ و"},{"Position":12,"AudioFileName":"017_042_012.mp3","TajweedImageFilePath":"17/42/12.png","Text":"ٱلْعَرْشِ","Translation":"(of) the Throne","Transliteration":"l-ʿarshi","Root":"ع ر ش"},{"Position":13,"AudioFileName":"017_042_013.mp3","TajweedImageFilePath":"17/42/13.png","Text":"سَبِيلًۭا","Translation":"a way","Transliteration":"sabīlan","Root":"س ب ل"},{"Position":14,"AudioFileName":null,"TajweedImageFilePath":"42.png","Text":"٤٢","Translation":"(42)","Transliteration":null,"Root":null}],"PageNumber":286,"JuzNumber":15,"ManzilNumber":4,"RukuNumber":244,"MaqraNumber":114,"HizbNumber":29,"HizbDecimal":0.25,"HasSajda":false},{"SurahNumber":17,"SurahIndex":"017","VerseNumber":43,"ShowSurahName":false,"ShowBismillah":false,"Words":[{"Position":1,"AudioFileName":"017_043_001.mp3","TajweedImageFilePath":"17/43/1.png","Text":"سُبْحَـٰنَهُۥ","Translation":"Glorified is He","Transliteration":"sub'ḥānahu","Root":"س ب ح"},{"Position":2,"AudioFileName":"017_043_002.mp3","TajweedImageFilePath":"17/43/2.png","Text":"وَتَعَـٰلَىٰ","Translation":"and Exalted is He","Transliteration":"wataʿālā","Root":"ع ل و"},{"Position":3,"AudioFileName":"017_043_003.mp3","TajweedImageFilePath":"17/43/3.png","Text":"عَمَّا","Translation":"above what","Transliteration":"ʿammā","Root":"ع م م ا"},{"Position":4,"AudioFileName":"017_043_004.mp3","TajweedImageFilePath":"17/43/4.png","Text":"يَقُولُونَ","Translation":"they say","Transliteration":"yaqūlūna","Root":"ق و ل"},{"Position":5,"AudioFileName":"017_043_005.mp3","TajweedImageFilePath":"17/43/5.png","Text":"عُلُوًّۭا","Translation":"(by) height","Transliteration":"ʿuluwwan","Root":"ع ل و"},{"Position":6,"AudioFileName":"017_043_006.mp3","TajweedImageFilePath":"17/43/6.png","Text":"كَبِيرًۭا","Translation":"great","Transliteration":"kabīran","Root":"ك ب ر"},{"Position":7,"AudioFileName":null,"TajweedImageFilePath":"43.png","Text":"٤٣","Translation":"(43)","Transliteration":null,"Root":null}],"PageNumber":286,"JuzNumber":15,"ManzilNumber":4,"RukuNumber":244,"MaqraNumber":114,"HizbNumber":29,"HizbDecimal":0.25,"HasSajda":false},{"SurahNumber":17,"SurahIndex":"017","VerseNumber":44,"ShowSurahName":false,"ShowBismillah":false,"Words":[{"Position":1,"AudioFileName":"017_044_001.mp3","TajweedImageFilePath":"17/44/1.png","Text":"تُسَبِّحُ","Translation":"Glorify","Transliteration":"tusabbiḥu","Root":"س ب ح"},{"Position":2,"AudioFileName":"017_044_002.mp3","TajweedImageFilePath":"17/44/2.png","Text":"لَهُ","Translation":"[to] Him","Transliteration":"lahu","Root":"ل"},{"Position":3,"AudioFileName":"017_044_003.mp3","TajweedImageFilePath":"17/44/3.png","Text":"ٱلسَّمَـٰوَٰتُ","Translation":"the seven heavens","Transliteration":"l-samāwātu","Root":"س م و"},{"Position":4,"AudioFileName":"017_044_004.mp3","TajweedImageFilePath":"17/44/4.png","Text":"ٱلسَّبْعُ","Translation":"the seven heavens","Transliteration":"l-sabʿu","Root":"س ب ع"},{"Position":5,"AudioFileName":"017_044_005.mp3","TajweedImageFilePath":"17/44/5.png","Text":"وَٱلْأَرْضُ","Translation":"and the earth","Transliteration":"wal-arḍu","Root":"أ ر ض"},{"Position":6,"AudioFileName":"017_044_006.mp3","TajweedImageFilePath":"17/44/6.png","Text":"وَمَن","Translation":"and whatever","Transliteration":"waman","Root":"م ن"},{"Position":7,"AudioFileName":"017_044_007.mp3","TajweedImageFilePath":"17/44/7.png","Text":"فِيهِنَّ ۚ","Translation":"(is) in them","Transliteration":"fīhinna","Root":"ف ى"},{"Position":8,"AudioFileName":"017_044_008.mp3","TajweedImageFilePath":"17/44/8.png","Text":"وَإِن","Translation":"And (there is) not","Transliteration":"wa-in","Root":"ا ن"},{"Position":9,"AudioFileName":"017_044_009.mp3","TajweedImageFilePath":"17/44/9.png","Text":"مِّن","Translation":"any","Transliteration":"min","Root":"م ن"},{"Position":10,"AudioFileName":"017_044_010.mp3","TajweedImageFilePath":"17/44/10.png","Text":"شَىْءٍ","Translation":"thing","Transliteration":"shayin","Root":"ش ي أ"},{"Position":11,"AudioFileName":"017_044_011.mp3","TajweedImageFilePath":"17/44/11.png","Text":"إِلَّا","Translation":"except","Transliteration":"illā","Root":"إِلَّا"},{"Position":12,"AudioFileName":"017_044_012.mp3","TajweedImageFilePath":"17/44/12.png","Text":"يُسَبِّحُ","Translation":"glorifies","Transliteration":"yusabbiḥu","Root":"س ب ح"},{"Position":13,"AudioFileName":"017_044_013.mp3","TajweedImageFilePath":"17/44/13.png","Text":"بِحَمْدِهِۦ","Translation":"His Praise","Transliteration":"biḥamdihi","Root":"ح م د"},{"Position":14,"AudioFileName":"017_044_014.mp3","TajweedImageFilePath":"17/44/14.png","Text":"وَلَـٰكِن","Translation":"but","Transliteration":"walākin","Root":"ل ك ن"},{"Position":15,"AudioFileName":"017_044_015.mp3","TajweedImageFilePath":"17/44/15.png","Text":"لَّا","Translation":"not","Transliteration":"lā","Root":"ل ا"},{"Position":16,"AudioFileName":"017_044_016.mp3","TajweedImageFilePath":"17/44/16.png","Text":"تَفْقَهُونَ","Translation":"you understand","Transliteration":"tafqahūna","Root":"ف ق ه"},{"Position":17,"AudioFileName":"017_044_017.mp3","TajweedImageFilePath":"17/44/17.png","Text":"تَسْبِيحَهُمْ ۗ","Translation":"their glorification","Transliteration":"tasbīḥahum","Root":"س ب ح"},{"Position":18,"AudioFileName":"017_044_018.mp3","TajweedImageFilePath":"17/44/18.png","Text":"إِنَّهُۥ","Translation":"Indeed, He","Transliteration":"innahu","Root":"ا ن ن"},{"Position":19,"AudioFileName":"017_044_019.mp3","TajweedImageFilePath":"17/44/19.png","Text":"كَانَ","Translation":"is","Transliteration":"kāna","Root":"ك و ن"},{"Position":20,"AudioFileName":"017_044_020.mp3","TajweedImageFilePath":"17/44/20.png","Text":"حَلِيمًا","Translation":"Ever-Forbearing","Transliteration":"ḥalīman","Root":"ح ل م"},{"Position":21,"AudioFileName":"017_044_021.mp3","TajweedImageFilePath":"17/44/21.png","Text":"غَفُورًۭا","Translation":"Oft-Forgiving","Transliteration":"ghafūran","Root":"غ ف ر"},{"Position":22,"AudioFileName":null,"TajweedImageFilePath":"44.png","Text":"٤٤","Translation":"(44)","Transliteration":null,"Root":null}],"PageNumber":286,"JuzNumber":15,"ManzilNumber":4,"RukuNumber":244,"MaqraNumber":114,"HizbNumber":29,"HizbDecimal":0.25,"HasSajda":false},{"SurahNumber":17,"SurahIndex":"017","VerseNumber":45,"ShowSurahName":false,"ShowBismillah":false,"Words":[{"Position":1,"AudioFileName":"017_045_001.mp3","TajweedImageFilePath":"17/45/1.png","Text":"وَإِذَا","Translation":"And when","Transliteration":"wa-idhā","Root":"إِذَا"},{"Position":2,"AudioFileName":"017_045_002.mp3","TajweedImageFilePath":"17/45/2.png","Text":"قَرَأْتَ","Translation":"you recite","Transliteration":"qarata","Root":"ق ر أ"},{"Position":3,"AudioFileName":"017_045_003.mp3","TajweedImageFilePath":"17/45/3.png","Text":"ٱلْقُرْءَانَ","Translation":"the Quran","Transliteration":"l-qur'āna","Root":"ق ر أ"},{"Position":4,"AudioFileName":"017_045_004.mp3","TajweedImageFilePath":"17/45/4.png","Text":"جَعَلْنَا","Translation":"We place","Transliteration":"jaʿalnā","Root":"ج ع ل"},{"Position":5,"AudioFileName":"017_045_005.mp3","TajweedImageFilePath":"17/45/5.png","Text":"بَيْنَكَ","Translation":"between you","Transliteration":"baynaka","Root":"ب ي ن"},{"Position":6,"AudioFileName":"017_045_006.mp3","TajweedImageFilePath":"17/45/6.png","Text":"وَبَيْنَ","Translation":"and between","Transliteration":"wabayna","Root":"ب ي ن"},{"Position":7,"AudioFileName":"017_045_007.mp3","TajweedImageFilePath":"17/45/7.png","Text":"ٱلَّذِينَ","Translation":"those who","Transliteration":"alladhīna","Root":"ٱلَّذِى"},{"Position":8,"AudioFileName":"017_045_008.mp3","TajweedImageFilePath":"17/45/8.png","Text":"لَا","Translation":"(do) not","Transliteration":"lā","Root":"ل ا"},{"Position":9,"AudioFileName":"017_045_009.mp3","TajweedImageFilePath":"17/45/9.png","Text":"يُؤْمِنُونَ","Translation":"believe","Transliteration":"yu'minūna","Root":"أ م ن"},{"Position":10,"AudioFileName":"017_045_010.mp3","TajweedImageFilePath":"17/45/10.png","Text":"بِٱلْـَٔاخِرَةِ","Translation":"in the Hereafter","Transliteration":"bil-ākhirati","Root":"أ خ ر"},{"Position":11,"AudioFileName":"017_045_011.mp3","TajweedImageFilePath":"17/45/11.png","Text":"حِجَابًۭا","Translation":"a barrier","Transliteration":"ḥijāban","Root":"ح ج ب"},{"Position":12,"AudioFileName":"017_045_012.mp3","TajweedImageFilePath":"17/45/12.png","Text":"مَّسْتُورًۭا","Translation":"hidden","Transliteration":"mastūran","Root":"س ت ر"},{"Position":13,"AudioFileName":null,"TajweedImageFilePath":"45.png","Text":"٤٥","Translation":"(45)","Transliteration":null,"Root":null}],"PageNumber":286,"JuzNumber":15,"ManzilNumber":4,"RukuNumber":244,"MaqraNumber":114,"HizbNumber":29,"HizbDecimal":0.25,"HasSajda":false},{"SurahNumber":17,"SurahIndex":"017","VerseNumber":46,"ShowSurahName":false,"ShowBismillah":false,"Words":[{"Position":1,"AudioFileName":"017_046_001.mp3","TajweedImageFilePath":"17/46/1.png","Text":"وَجَعَلْنَا","Translation":"And We have placed","Transliteration":"wajaʿalnā","Root":"ج ع ل"},{"Position":2,"AudioFileName":"017_046_002.mp3","TajweedImageFilePath":"17/46/2.png","Text":"عَلَىٰ","Translation":"over","Transliteration":"ʿalā","Root":"ع ل ى"},{"Position":3,"AudioFileName":"017_046_003.mp3","TajweedImageFilePath":"17/46/3.png","Text":"قُلُوبِهِمْ","Translation":"their hearts","Transliteration":"qulūbihim","Root":"ق ل ب"},{"Position":4,"AudioFileName":"017_046_004.mp3","TajweedImageFilePath":"17/46/4.png","Text":"أَكِنَّةً","Translation":"coverings","Transliteration":"akinnatan","Root":"ك ن ن"},{"Position":5,"AudioFileName":"017_046_005.mp3","TajweedImageFilePath":"17/46/5.png","Text":"أَن","Translation":"lest","Transliteration":"an","Root":"ا ن"},{"Position":6,"AudioFileName":"017_046_006.mp3","TajweedImageFilePath":"17/46/6.png","Text":"يَفْقَهُوهُ","Translation":"they understand it","Transliteration":"yafqahūhu","Root":"ف ق ه"},{"Position":7,"AudioFileName":"017_046_007.mp3","TajweedImageFilePath":"17/46/7.png","Text":"وَفِىٓ","Translation":"and in","Transliteration":"wafī","Root":"ف ى"},{"Position":8,"AudioFileName":"017_046_008.mp3","TajweedImageFilePath":"17/46/8.png","Text":"ءَاذَانِهِمْ","Translation":"their ears","Transliteration":"ādhānihim","Root":"أ ذ ن"},{"Position":9,"AudioFileName":"017_046_009.mp3","TajweedImageFilePath":"17/46/9.png","Text":"وَقْرًۭا ۚ","Translation":"deafness","Transliteration":"waqran","Root":"و ق ر"},{"Position":10,"AudioFileName":"017_046_010.mp3","TajweedImageFilePath":"17/46/10.png","Text":"وَإِذَا","Translation":"And when","Transliteration":"wa-idhā","Root":"إِذَا"},{"Position":11,"AudioFileName":"017_046_011.mp3","TajweedImageFilePath":"17/46/11.png","Text":"ذَكَرْتَ","Translation":"you mention","Transliteration":"dhakarta","Root":"ذ ك ر"},{"Position":12,"AudioFileName":"017_046_012.mp3","TajweedImageFilePath":"17/46/12.png","Text":"رَبَّكَ","Translation":"your Lord","Transliteration":"rabbaka","Root":"ر ب ب"},{"Position":13,"AudioFileName":"017_046_013.mp3","TajweedImageFilePath":"17/46/13.png","Text":"فِى","Translation":"in","Transliteration":"fī","Root":"ف ى"},{"Position":14,"AudioFileName":"017_046_014.mp3","TajweedImageFilePath":"17/46/14.png","Text":"ٱلْقُرْءَانِ","Translation":"the Quran","Transliteration":"l-qur'āni","Root":"ق ر أ"},{"Position":15,"AudioFileName":"017_046_015.mp3","TajweedImageFilePath":"17/46/15.png","Text":"وَحْدَهُۥ","Translation":"Alone","Transliteration":"waḥdahu","Root":"و ح د"},{"Position":16,"AudioFileName":"017_046_016.mp3","TajweedImageFilePath":"17/46/16.png","Text":"وَلَّوْا۟","Translation":"they turn","Transliteration":"wallaw","Root":"و ل ي"},{"Position":17,"AudioFileName":"017_046_017.mp3","TajweedImageFilePath":"17/46/17.png","Text":"عَلَىٰٓ","Translation":"on","Transliteration":"ʿalā","Root":"ع ل ى"},{"Position":18,"AudioFileName":"017_046_018.mp3","TajweedImageFilePath":"17/46/18.png","Text":"أَدْبَـٰرِهِمْ","Translation":"their backs","Transliteration":"adbārihim","Root":"د ب ر"},{"Position":19,"AudioFileName":"017_046_019.mp3","TajweedImageFilePath":"17/46/19.png","Text":"نُفُورًۭا","Translation":"(in) aversion","Transliteration":"nufūran","Root":"ن ف ر"},{"Position":20,"AudioFileName":null,"TajweedImageFilePath":"46.png","Text":"٤٦","Translation":"(46)","Transliteration":null,"Root":null}],"PageNumber":286,"JuzNumber":15,"ManzilNumber":4,"RukuNumber":244,"MaqraNumber":114,"HizbNumber":29,"HizbDecimal":0.25,"HasSajda":false},{"SurahNumber":17,"SurahIndex":"017","VerseNumber":47,"ShowSurahName":false,"ShowBismillah":false,"Words":[{"Position":1,"AudioFileName":"017_047_001.mp3","TajweedImageFilePath":"17/47/1.png","Text":"نَّحْنُ","Translation":"We","Transliteration":"naḥnu","Root":"ن ح ن"},{"Position":2,"AudioFileName":"017_047_002.mp3","TajweedImageFilePath":"17/47/2.png","Text":"أَعْلَمُ","Translation":"know best","Transliteration":"aʿlamu","Root":"ع ل م"},{"Position":3,"AudioFileName":"017_047_003.mp3","TajweedImageFilePath":"17/47/3.png","Text":"بِمَا","Translation":"[of] what","Transliteration":"bimā","Root":"ب م ا"},{"Position":4,"AudioFileName":"017_047_004.mp3","TajweedImageFilePath":"17/47/4.png","Text":"يَسْتَمِعُونَ","Translation":"they listen","Transliteration":"yastamiʿūna","Root":"س م ع"},{"Position":5,"AudioFileName":"017_047_005.mp3","TajweedImageFilePath":"17/47/5.png","Text":"بِهِۦٓ","Translation":"to [it]","Transliteration":"bihi","Root":"ب"},{"Position":6,"AudioFileName":"017_047_006.mp3","TajweedImageFilePath":"17/47/6.png","Text":"إِذْ","Translation":"when","Transliteration":"idh","Root":"إِذ"},{"Position":7,"AudioFileName":"017_047_007.mp3","TajweedImageFilePath":"17/47/7.png","Text":"يَسْتَمِعُونَ","Translation":"they listen","Transliteration":"yastamiʿūna","Root":"س م ع"},{"Position":8,"AudioFileName":"017_047_008.mp3","TajweedImageFilePath":"17/47/8.png","Text":"إِلَيْكَ","Translation":"to you","Transliteration":"ilayka","Root":"إِلَىٰ"},{"Position":9,"AudioFileName":"017_047_009.mp3","TajweedImageFilePath":"17/47/9.png","Text":"وَإِذْ","Translation":"and when","Transliteration":"wa-idh","Root":"إِذ"},{"Position":10,"AudioFileName":"017_047_010.mp3","TajweedImageFilePath":"17/47/10.png","Text":"هُمْ","Translation":"they","Transliteration":"hum","Root":"ه م"},{"Position":11,"AudioFileName":"017_047_011.mp3","TajweedImageFilePath":"17/47/11.png","Text":"نَجْوَىٰٓ","Translation":"(are) in private conversation","Transliteration":"najwā","Root":"ن ج و"},{"Position":12,"AudioFileName":"017_047_012.mp3","TajweedImageFilePath":"17/47/12.png","Text":"إِذْ","Translation":"when","Transliteration":"idh","Root":"إِذ"},{"Position":13,"AudioFileName":"017_047_013.mp3","TajweedImageFilePath":"17/47/13.png","Text":"يَقُولُ","Translation":"say","Transliteration":"yaqūlu","Root":"ق و ل"},{"Position":14,"AudioFileName":"017_047_014.mp3","TajweedImageFilePath":"17/47/14.png","Text":"ٱلظَّـٰلِمُونَ","Translation":"the wrongdoers","Transliteration":"l-ẓālimūna","Root":"ظ ل م"},{"Position":15,"AudioFileName":"017_047_015.mp3","TajweedImageFilePath":"17/47/15.png","Text":"إِن","Translation":"Not","Transliteration":"in","Root":"ا ن"},{"Position":16,"AudioFileName":"017_047_016.mp3","TajweedImageFilePath":"17/47/16.png","Text":"تَتَّبِعُونَ","Translation":"you follow","Transliteration":"tattabiʿūna","Root":"ت ب ع"},{"Position":17,"AudioFileName":"017_047_017.mp3","TajweedImageFilePath":"17/47/17.png","Text":"إِلَّا","Translation":"but","Transliteration":"illā","Root":"إِلَّا"},{"Position":18,"AudioFileName":"017_047_018.mp3","TajweedImageFilePath":"17/47/18.png","Text":"رَجُلًۭا","Translation":"a man","Transliteration":"rajulan","Root":"ر ج ل"},{"Position":19,"AudioFileName":"017_047_019.mp3","TajweedImageFilePath":"17/47/19.png","Text":"مَّسْحُورًا","Translation":"bewitched","Transliteration":"masḥūran","Root":"س ح ر"},{"Position":20,"AudioFileName":null,"TajweedImageFilePath":"47.png","Text":"٤٧","Translation":"(47)","Transliteration":null,"Root":null}],"PageNumber":286,"JuzNumber":15,"ManzilNumber":4,"RukuNumber":244,"MaqraNumber":114,"HizbNumber":29,"HizbDecimal":0.25,"HasSajda":false},{"SurahNumber":17,"SurahIndex":"017","VerseNumber":48,"ShowSurahName":false,"ShowBismillah":false,"Words":[{"Position":1,"AudioFileName":"017_048_001.mp3","TajweedImageFilePath":"17/48/1.png","Text":"ٱنظُرْ","Translation":"See","Transliteration":"unẓur","Root":"ن ظ ر"},{"Position":2,"AudioFileName":"017_048_002.mp3","TajweedImageFilePath":"17/48/2.png","Text":"كَيْفَ","Translation":"how","Transliteration":"kayfa","Root":"ك ي ف"},{"Position":3,"AudioFileName":"017_048_003.mp3","TajweedImageFilePath":"17/48/3.png","Text":"ضَرَبُوا۟","Translation":"they put forth","Transliteration":"ḍarabū","Root":"ض ر ب"},{"Position":4,"AudioFileName":"017_048_004.mp3","TajweedImageFilePath":"17/48/4.png","Text":"لَكَ","Translation":"for you","Transliteration":"laka","Root":"ل"},{"Position":5,"AudioFileName":"017_048_005.mp3","TajweedImageFilePath":"17/48/5.png","Text":"ٱلْأَمْثَالَ","Translation":"the examples","Transliteration":"l-amthāla","Root":"م ث ل"},{"Position":6,"AudioFileName":"017_048_006.mp3","TajweedImageFilePath":"17/48/6.png","Text":"فَضَلُّوا۟","Translation":"but they have gone astray","Transliteration":"faḍallū","Root":"ض ل ل"},{"Position":7,"AudioFileName":"017_048_007.mp3","TajweedImageFilePath":"17/48/7.png","Text":"فَلَا","Translation":"so not","Transliteration":"falā","Root":"ل ا"},{"Position":8,"AudioFileName":"017_048_008.mp3","TajweedImageFilePath":"17/48/8.png","Text":"يَسْتَطِيعُونَ","Translation":"they can","Transliteration":"yastaṭīʿūna","Root":"ط و ع"},{"Position":9,"AudioFileName":"017_048_009.mp3","TajweedImageFilePath":"17/48/9.png","Text":"سَبِيلًۭا","Translation":"(find) a way","Transliteration":"sabīlan","Root":"س ب ل"},{"Position":10,"AudioFileName":null,"TajweedImageFilePath":"48.png","Text":"٤٨","Translation":"(48)","Transliteration":null,"Root":null}],"PageNumber":286,"JuzNumber":15,"ManzilNumber":4,"RukuNumber":244,"MaqraNumber":114,"HizbNumber":29,"HizbDecimal":0.25,"HasSajda":false},{"SurahNumber":17,"SurahIndex":"017","VerseNumber":49,"ShowSurahName":false,"ShowBismillah":false,"Words":[{"Position":1,"AudioFileName":"017_049_001.mp3","TajweedImageFilePath":"17/49/1.png","Text":"وَقَالُوٓا۟","Translation":"And they say","Transliteration":"waqālū","Root":"ق و ل"},{"Position":2,"AudioFileName":"017_049_002.mp3","TajweedImageFilePath":"17/49/2.png","Text":"أَءِذَا","Translation":"Is it when","Transliteration":"a-idhā","Root":"إِذَا"},{"Position":3,"AudioFileName":"017_049_003.mp3","TajweedImageFilePath":"17/49/3.png","Text":"كُنَّا","Translation":"we are","Transliteration":"kunnā","Root":"ك و ن"},{"Position":4,"AudioFileName":"017_049_004.mp3","TajweedImageFilePath":"17/49/4.png","Text":"عِظَـٰمًۭا","Translation":"bones","Transliteration":"ʿiẓāman","Root":"ع ظ م"},{"Position":5,"AudioFileName":"017_049_005.mp3","TajweedImageFilePath":"17/49/5.png","Text":"وَرُفَـٰتًا","Translation":"and crumbled particles","Transliteration":"warufātan","Root":"ر ف ت"},{"Position":6,"AudioFileName":"017_049_006.mp3","TajweedImageFilePath":"17/49/6.png","Text":"أَءِنَّا","Translation":"will we","Transliteration":"a-innā","Root":"ا ن ن"},{"Position":7,"AudioFileName":"017_049_007.mp3","TajweedImageFilePath":"17/49/7.png","Text":"لَمَبْعُوثُونَ","Translation":"surely (be) resurrected","Transliteration":"lamabʿūthūna","Root":"ب ع ث"},{"Position":8,"AudioFileName":"017_049_008.mp3","TajweedImageFilePath":"17/49/8.png","Text":"خَلْقًۭا","Translation":"(as) a creation","Transliteration":"khalqan","Root":"خ ل ق"},{"Position":9,"AudioFileName":"017_049_009.mp3","TajweedImageFilePath":"17/49/9.png","Text":"جَدِيدًۭا","Translation":"new","Transliteration":"jadīdan","Root":"ج د د"},{"Position":10,"AudioFileName":null,"TajweedImageFilePath":"49.png","Text":"٤٩","Translation":"(49)","Transliteration":null,"Root":null}],"PageNumber":286,"JuzNumber":15,"ManzilNumber":4,"RukuNumber":244,"MaqraNumber":114,"HizbNumber":29,"HizbDecimal":0.25,"HasSajda":false}]}