{"MaqraNumber":171.0,"Verses":[{"SurahNumber":33,"SurahIndex":"033","VerseNumber":60,"ShowSurahName":false,"ShowBismillah":false,"Text":"۞لَّئِن لَّمۡ يَنتَهِ ٱلۡمُنَٰفِقُونَ وَٱلَّذِينَ فِي قُلُوبِهِم مَّرَضٞ وَٱلۡمُرۡجِفُونَ فِي ٱلۡمَدِينَةِ لَنُغۡرِيَنَّكَ بِهِمۡ ثُمَّ لَا يُجَاوِرُونَكَ فِيهَآ إِلَّا قَلِيلٗا","TajweedText":"۞ لَّئ<tajweed class=idgham_wo_ghunnah>ِن ل</tajweed>َّمْ يَ<tajweed class=ikhafa>نت</tajweed>َهِ <tajweed class=ham_wasl>ٱ</tajweed>لْمُنَ<tajweed class=madda_normal>ـٰ</tajweed>فِقُونَ وَ<tajweed class=ham_wasl>ٱ</tajweed>لَّذِينَ فِى قُلُوبِه<tajweed class=idgham_shafawi>ِم م</tajweed>َّرَ<tajweed class=idgham_ghunnah>ضٌ و</tajweed>َ<tajweed class=ham_wasl>ٱ</tajweed>لْمُرْجِفُونَ فِى <tajweed class=ham_wasl>ٱ</tajweed>لْمَدِينَةِ لَنُغْرِيَ<tajweed class=ghunnah>نّ</tajweed>َكَ بِهِمْ ثُ<tajweed class=ghunnah>مّ</tajweed>َ لَا يُجَاوِرُونَكَ فِيه<tajweed class=madda_obligatory>َآ</tajweed> إِلَّا قَلِيلاً <span class=end>٦٠</span>","End":"٦٠","PageNumber":426,"JuzNumber":22,"ManzilNumber":5,"RukuNumber":368,"MaqraNumber":171,"HizbNumber":43,"HizbDecimal":0.5,"HasSajda":false},{"SurahNumber":33,"SurahIndex":"033","VerseNumber":61,"ShowSurahName":false,"ShowBismillah":false,"Text":"مَّلۡعُونِينَۖ أَيۡنَمَا ثُقِفُوٓاْ أُخِذُواْ وَقُتِّلُواْ تَقۡتِيلٗا","TajweedText":"مَّلْعُونِينَۖ أَيْنَمَا ثُقِف<tajweed class=madda_obligatory>ُوٓ</tajweed><tajweed class=slnt>اْ</tajweed> أُخِذُو<tajweed class=slnt>اْ</tajweed> وَقُتِّلُو<tajweed class=slnt>اْ</tajweed> تَ<tajweed class=qalaqah>قْ</tajweed>تِيلاً <span class=end>٦١</span>","End":"٦١","PageNumber":426,"JuzNumber":22,"ManzilNumber":5,"RukuNumber":368,"MaqraNumber":171,"HizbNumber":43,"HizbDecimal":0.5,"HasSajda":false},{"SurahNumber":33,"SurahIndex":"033","VerseNumber":62,"ShowSurahName":false,"ShowBismillah":false,"Text":"سُنَّةَ ٱللَّهِ فِي ٱلَّذِينَ خَلَوۡاْ مِن قَبۡلُۖ وَلَن تَجِدَ لِسُنَّةِ ٱللَّهِ تَبۡدِيلٗا","TajweedText":"سُ<tajweed class=ghunnah>نّ</tajweed>َةَ <tajweed class=ham_wasl>ٱ</tajweed>للَّهِ فِى <tajweed class=ham_wasl>ٱ</tajweed>لَّذِينَ خَلَوْ<tajweed class=slnt>اْ</tajweed> مِ<tajweed class=ikhafa>ن ق</tajweed>َ<tajweed class=qalaqah>بْ</tajweed>لُۖ وَلَ<tajweed class=ikhafa>ن ت</tajweed>َجِدَ لِسُ<tajweed class=ghunnah>نّ</tajweed>َةِ <tajweed class=ham_wasl>ٱ</tajweed>للَّهِ تَ<tajweed class=qalaqah>بْ</tajweed>دِيلاً <span class=end>٦٢</span>","End":"٦٢","PageNumber":426,"JuzNumber":22,"ManzilNumber":5,"RukuNumber":368,"MaqraNumber":171,"HizbNumber":43,"HizbDecimal":0.5,"HasSajda":false},{"SurahNumber":33,"SurahIndex":"033","VerseNumber":63,"ShowSurahName":false,"ShowBismillah":false,"Text":"يَسۡـَٔلُكَ ٱلنَّاسُ عَنِ ٱلسَّاعَةِۖ قُلۡ إِنَّمَا عِلۡمُهَا عِندَ ٱللَّهِۚ وَمَا يُدۡرِيكَ لَعَلَّ ٱلسَّاعَةَ تَكُونُ قَرِيبًا","TajweedText":"يَسْــَٔلُكَ <tajweed class=ham_wasl>ٱ</tajweed><tajweed class=laam_shamsiyah>ل</tajweed><tajweed class=ghunnah>نّ</tajweed>َاسُ عَنِ <tajweed class=ham_wasl>ٱ</tajweed><tajweed class=laam_shamsiyah>ل</tajweed>سَّاعَةِۖ قُلْ إِ<tajweed class=ghunnah>نّ</tajweed>َمَا عِلْمُهَا عِ<tajweed class=ikhafa>ند</tajweed>َ <tajweed class=ham_wasl>ٱ</tajweed>للَّهِۚ وَمَا يُ<tajweed class=qalaqah>دْ</tajweed>رِيكَ لَعَلَّ <tajweed class=ham_wasl>ٱ</tajweed><tajweed class=laam_shamsiyah>ل</tajweed>سَّاعَةَ تَكُونُ قَرِيبًا <span class=end>٦٣</span>","End":"٦٣","PageNumber":427,"JuzNumber":22,"ManzilNumber":5,"RukuNumber":368,"MaqraNumber":171,"HizbNumber":43,"HizbDecimal":0.5,"HasSajda":false},{"SurahNumber":33,"SurahIndex":"033","VerseNumber":64,"ShowSurahName":false,"ShowBismillah":false,"Text":"إِنَّ ٱللَّهَ لَعَنَ ٱلۡكَٰفِرِينَ وَأَعَدَّ لَهُمۡ سَعِيرًا","TajweedText":"إِ<tajweed class=ghunnah>نّ</tajweed>َ <tajweed class=ham_wasl>ٱ</tajweed>للَّهَ لَعَنَ <tajweed class=ham_wasl>ٱ</tajweed>لْكَ<tajweed class=madda_normal>ـٰ</tajweed>فِرِينَ وَأَعَدَّ لَهُمْ سَعِيرًا <span class=end>٦٤</span>","End":"٦٤","PageNumber":427,"JuzNumber":22,"ManzilNumber":5,"RukuNumber":368,"MaqraNumber":171,"HizbNumber":43,"HizbDecimal":0.5,"HasSajda":false},{"SurahNumber":33,"SurahIndex":"033","VerseNumber":65,"ShowSurahName":false,"ShowBismillah":false,"Text":"خَٰلِدِينَ فِيهَآ أَبَدٗاۖ لَّا يَجِدُونَ وَلِيّٗا وَلَا نَصِيرٗا","TajweedText":"خَ<tajweed class=madda_normal>ـٰ</tajweed>لِدِينَ فِيه<tajweed class=madda_obligatory>َآ</tajweed> أَبَ<tajweed class=idgham_wo_ghunnah>دًاۖ ل</tajweed>َّا يَجِدُونَ وَلِي<tajweed class=idgham_ghunnah>ًّا و</tajweed>َلَا نَصِيرًا <span class=end>٦٥</span>","End":"٦٥","PageNumber":427,"JuzNumber":22,"ManzilNumber":5,"RukuNumber":368,"MaqraNumber":171,"HizbNumber":43,"HizbDecimal":0.5,"HasSajda":false},{"SurahNumber":33,"SurahIndex":"033","VerseNumber":66,"ShowSurahName":false,"ShowBismillah":false,"Text":"يَوۡمَ تُقَلَّبُ وُجُوهُهُمۡ فِي ٱلنَّارِ يَقُولُونَ يَٰلَيۡتَنَآ أَطَعۡنَا ٱللَّهَ وَأَطَعۡنَا ٱلرَّسُولَا۠","TajweedText":"يَوْمَ تُقَلَّبُ وُجُوهُهُمْ فِى <tajweed class=ham_wasl>ٱ</tajweed><tajweed class=laam_shamsiyah>ل</tajweed><tajweed class=ghunnah>نّ</tajweed>َارِ يَقُولُونَ يَ<tajweed class=madda_normal>ـٰ</tajweed>لَيْتَن<tajweed class=madda_obligatory>َآ</tajweed> أَطَعْنَا <tajweed class=ham_wasl>ٱ</tajweed>للَّهَ وَأَطَعْنَا <tajweed class=ham_wasl>ٱ</tajweed><tajweed class=laam_shamsiyah>ل</tajweed>رَّسُولَا۟ <span class=end>٦٦</span>","End":"٦٦","PageNumber":427,"JuzNumber":22,"ManzilNumber":5,"RukuNumber":368,"MaqraNumber":171,"HizbNumber":43,"HizbDecimal":0.5,"HasSajda":false},{"SurahNumber":33,"SurahIndex":"033","VerseNumber":67,"ShowSurahName":false,"ShowBismillah":false,"Text":"وَقَالُواْ رَبَّنَآ إِنَّآ أَطَعۡنَا سَادَتَنَا وَكُبَرَآءَنَا فَأَضَلُّونَا ٱلسَّبِيلَا۠","TajweedText":"وَقَالُو<tajweed class=slnt>اْ</tajweed> رَبَّن<tajweed class=madda_obligatory>َآ</tajweed> إِ<tajweed class=ghunnah>نّ</tajweed><tajweed class=madda_obligatory>َآ</tajweed> أَطَعْنَا سَادَتَنَا وَكُبَر<tajweed class=madda_obligatory>َا</tajweed>ٓءَنَا فَأَضَلُّونَا <tajweed class=ham_wasl>ٱ</tajweed><tajweed class=laam_shamsiyah>ل</tajweed>سَّبِيلَا۟ <span class=end>٦٧</span>","End":"٦٧","PageNumber":427,"JuzNumber":22,"ManzilNumber":5,"RukuNumber":368,"MaqraNumber":171,"HizbNumber":43,"HizbDecimal":0.5,"HasSajda":false},{"SurahNumber":33,"SurahIndex":"033","VerseNumber":68,"ShowSurahName":false,"ShowBismillah":false,"Text":"رَبَّنَآ ءَاتِهِمۡ ضِعۡفَيۡنِ مِنَ ٱلۡعَذَابِ وَٱلۡعَنۡهُمۡ لَعۡنٗا كَبِيرٗا","TajweedText":"رَبَّن<tajweed class=madda_obligatory>َآ</tajweed> ءَاتِهِمْ ضِعْفَيْنِ مِنَ <tajweed class=ham_wasl>ٱ</tajweed>لْعَذَابِ وَ<tajweed class=ham_wasl>ٱ</tajweed>لْعَنْهُمْ لَعْ<tajweed class=ikhafa>نًا ك</tajweed>َبِيرًا <span class=end>٦٨</span>","End":"٦٨","PageNumber":427,"JuzNumber":22,"ManzilNumber":5,"RukuNumber":368,"MaqraNumber":171,"HizbNumber":43,"HizbDecimal":0.5,"HasSajda":false},{"SurahNumber":33,"SurahIndex":"033","VerseNumber":69,"ShowSurahName":false,"ShowBismillah":false,"Text":"يَـٰٓأَيُّهَا ٱلَّذِينَ ءَامَنُواْ لَا تَكُونُواْ كَٱلَّذِينَ ءَاذَوۡاْ مُوسَىٰ فَبَرَّأَهُ ٱللَّهُ مِمَّا قَالُواْۚ وَكَانَ عِندَ ٱللَّهِ وَجِيهٗا","TajweedText":"يَ<tajweed class=madda_obligatory>ـٰٓ</tajweed>أَيُّهَا <tajweed class=ham_wasl>ٱ</tajweed>لَّذِينَ ءَامَنُو<tajweed class=slnt>اْ</tajweed> لَا تَكُونُو<tajweed class=slnt>اْ</tajweed> كَ<tajweed class=ham_wasl>ٱ</tajweed>لَّذِينَ ءَاذَوْ<tajweed class=slnt>اْ</tajweed> مُوسَىٰ فَبَرَّأَهُ <tajweed class=ham_wasl>ٱ</tajweed>للَّهُ مِ<tajweed class=ghunnah>مّ</tajweed>َا قَالُو<tajweed class=slnt>اْۚ</tajweed> وَكَانَ عِ<tajweed class=ikhafa>ند</tajweed>َ <tajweed class=ham_wasl>ٱ</tajweed>للَّهِ وَجِيهًا <span class=end>٦٩</span>","End":"٦٩","PageNumber":427,"JuzNumber":22,"ManzilNumber":5,"RukuNumber":369,"MaqraNumber":171,"HizbNumber":43,"HizbDecimal":0.5,"HasSajda":false},{"SurahNumber":33,"SurahIndex":"033","VerseNumber":70,"ShowSurahName":false,"ShowBismillah":false,"Text":"يَـٰٓأَيُّهَا ٱلَّذِينَ ءَامَنُواْ ٱتَّقُواْ ٱللَّهَ وَقُولُواْ قَوۡلٗا سَدِيدٗا","TajweedText":"يَ<tajweed class=madda_obligatory>ـٰٓ</tajweed>أَيُّهَا <tajweed class=ham_wasl>ٱ</tajweed>لَّذِينَ ءَامَنُو<tajweed class=slnt>اْ</tajweed> <tajweed class=ham_wasl>ٱ</tajweed>تَّقُو<tajweed class=slnt>اْ</tajweed> <tajweed class=ham_wasl>ٱ</tajweed>للَّهَ وَقُولُو<tajweed class=slnt>اْ</tajweed> قَوْل<tajweed class=ikhafa>اً س</tajweed>َدِيدًا <span class=end>٧٠</span>","End":"٧٠","PageNumber":427,"JuzNumber":22,"ManzilNumber":5,"RukuNumber":369,"MaqraNumber":171,"HizbNumber":43,"HizbDecimal":0.5,"HasSajda":false},{"SurahNumber":33,"SurahIndex":"033","VerseNumber":71,"ShowSurahName":false,"ShowBismillah":false,"Text":"يُصۡلِحۡ لَكُمۡ أَعۡمَٰلَكُمۡ وَيَغۡفِرۡ لَكُمۡ ذُنُوبَكُمۡۗ وَمَن يُطِعِ ٱللَّهَ وَرَسُولَهُۥ فَقَدۡ فَازَ فَوۡزًا عَظِيمًا","TajweedText":"يُصْلِحْ لَكُمْ أَعْمَ<tajweed class=madda_normal>ـٰ</tajweed>لَكُمْ وَيَغْفِرْ لَكُمْ ذُنُوبَكُمْۗ وَم<tajweed class=idgham_ghunnah>َن ي</tajweed>ُطِعِ <tajweed class=ham_wasl>ٱ</tajweed>للَّهَ وَرَسُولَهُ<tajweed class=madda_normal>ۥ</tajweed> فَقَ<tajweed class=qalaqah>دْ</tajweed> فَازَ فَوْزًا عَظِيمًا <span class=end>٧١</span>","End":"٧١","PageNumber":427,"JuzNumber":22,"ManzilNumber":5,"RukuNumber":369,"MaqraNumber":171,"HizbNumber":43,"HizbDecimal":0.5,"HasSajda":false},{"SurahNumber":33,"SurahIndex":"033","VerseNumber":72,"ShowSurahName":false,"ShowBismillah":false,"Text":"إِنَّا عَرَضۡنَا ٱلۡأَمَانَةَ عَلَى ٱلسَّمَٰوَٰتِ وَٱلۡأَرۡضِ وَٱلۡجِبَالِ فَأَبَيۡنَ أَن يَحۡمِلۡنَهَا وَأَشۡفَقۡنَ مِنۡهَا وَحَمَلَهَا ٱلۡإِنسَٰنُۖ إِنَّهُۥ كَانَ ظَلُومٗا جَهُولٗا","TajweedText":"إِ<tajweed class=ghunnah>نّ</tajweed>َا عَرَضْنَا <tajweed class=ham_wasl>ٱ</tajweed>لْأَمَانَةَ عَلَى <tajweed class=ham_wasl>ٱ</tajweed><tajweed class=laam_shamsiyah>ل</tajweed>سَّمَ<tajweed class=madda_normal>ـٰ</tajweed>و<tajweed class=madda_normal>َٲ</tajweed>تِ وَ<tajweed class=ham_wasl>ٱ</tajweed>لْأَرْضِ وَ<tajweed class=ham_wasl>ٱ</tajweed>لْجِبَالِ فَأَبَيْنَ أ<tajweed class=idgham_ghunnah>َن ي</tajweed>َحْمِلْنَهَا وَأَشْفَ<tajweed class=qalaqah>قْ</tajweed>نَ مِنْهَا وَحَمَلَهَا <tajweed class=ham_wasl>ٱ</tajweed>لْإِ<tajweed class=ikhafa>نس</tajweed>َ<tajweed class=madda_normal>ـٰ</tajweed>نُۖ إِ<tajweed class=ghunnah>نّ</tajweed>َهُ<tajweed class=madda_normal>ۥ</tajweed> كَانَ ظَلُو<tajweed class=ikhafa>مًا ج</tajweed>َهُولاً <span class=end>٧٢</span>","End":"٧٢","PageNumber":427,"JuzNumber":22,"ManzilNumber":5,"RukuNumber":369,"MaqraNumber":171,"HizbNumber":43,"HizbDecimal":0.5,"HasSajda":false},{"SurahNumber":33,"SurahIndex":"033","VerseNumber":73,"ShowSurahName":false,"ShowBismillah":false,"Text":"لِّيُعَذِّبَ ٱللَّهُ ٱلۡمُنَٰفِقِينَ وَٱلۡمُنَٰفِقَٰتِ وَٱلۡمُشۡرِكِينَ وَٱلۡمُشۡرِكَٰتِ وَيَتُوبَ ٱللَّهُ عَلَى ٱلۡمُؤۡمِنِينَ وَٱلۡمُؤۡمِنَٰتِۗ وَكَانَ ٱللَّهُ غَفُورٗا رَّحِيمَۢا","TajweedText":"لِّيُعَذِّبَ <tajweed class=ham_wasl>ٱ</tajweed>للَّهُ <tajweed class=ham_wasl>ٱ</tajweed>لْمُنَ<tajweed class=madda_normal>ـٰ</tajweed>فِقِينَ وَ<tajweed class=ham_wasl>ٱ</tajweed>لْمُنَ<tajweed class=madda_normal>ـٰ</tajweed>فِقَ<tajweed class=madda_normal>ـٰ</tajweed>تِ وَ<tajweed class=ham_wasl>ٱ</tajweed>لْمُشْرِكِينَ وَ<tajweed class=ham_wasl>ٱ</tajweed>لْمُشْرِكَ<tajweed class=madda_normal>ـٰ</tajweed>تِ وَيَتُوبَ <tajweed class=ham_wasl>ٱ</tajweed>للَّهُ عَلَى <tajweed class=ham_wasl>ٱ</tajweed>لْمُؤْمِنِينَ وَ<tajweed class=ham_wasl>ٱ</tajweed>لْمُؤْمِنَ<tajweed class=madda_normal>ـٰ</tajweed>تِۗ وَكَانَ <tajweed class=ham_wasl>ٱ</tajweed>للَّهُ غَفُو<tajweed class=idgham_wo_ghunnah>رًا ر</tajweed>َّحِيمَۢا <span class=end>٧٣</span>","End":"٧٣","PageNumber":427,"JuzNumber":22,"ManzilNumber":5,"RukuNumber":369,"MaqraNumber":171,"HizbNumber":43,"HizbDecimal":0.5,"HasSajda":false},{"SurahNumber":34,"SurahIndex":"034","VerseNumber":1,"ShowSurahName":true,"ShowBismillah":true,"Text":"ٱلۡحَمۡدُ لِلَّهِ ٱلَّذِي لَهُۥ مَا فِي ٱلسَّمَٰوَٰتِ وَمَا فِي ٱلۡأَرۡضِ وَلَهُ ٱلۡحَمۡدُ فِي ٱلۡأٓخِرَةِۚ وَهُوَ ٱلۡحَكِيمُ ٱلۡخَبِيرُ","TajweedText":"ٱلْحَمْدُ لِلَّهِ <tajweed class=ham_wasl>ٱ</tajweed>لَّذِى لَهُ<tajweed class=madda_normal>ۥ</tajweed> مَا فِى <tajweed class=ham_wasl>ٱ</tajweed><tajweed class=laam_shamsiyah>ل</tajweed>سَّمَ<tajweed class=madda_normal>ـٰ</tajweed>و<tajweed class=madda_normal>َٲ</tajweed>تِ وَمَا فِى <tajweed class=ham_wasl>ٱ</tajweed>لْأَرْضِ وَلَهُ <tajweed class=ham_wasl>ٱ</tajweed>لْحَمْدُ فِى <tajweed class=ham_wasl>ٱ</tajweed>لْأَخِرَةِۚ وَهُوَ <tajweed class=ham_wasl>ٱ</tajweed>لْحَكِيمُ <tajweed class=ham_wasl>ٱ</tajweed>لْخَب<tajweed class=madda_permissible>ِي</tajweed>رُ <span class=end>١</span>","End":"١","PageNumber":428,"JuzNumber":22,"ManzilNumber":5,"RukuNumber":370,"MaqraNumber":171,"HizbNumber":43,"HizbDecimal":0.5,"HasSajda":false},{"SurahNumber":34,"SurahIndex":"034","VerseNumber":2,"ShowSurahName":false,"ShowBismillah":false,"Text":"يَعۡلَمُ مَا يَلِجُ فِي ٱلۡأَرۡضِ وَمَا يَخۡرُجُ مِنۡهَا وَمَا يَنزِلُ مِنَ ٱلسَّمَآءِ وَمَا يَعۡرُجُ فِيهَاۚ وَهُوَ ٱلرَّحِيمُ ٱلۡغَفُورُ","TajweedText":"يَعْلَمُ مَا يَلِجُ فِى <tajweed class=ham_wasl>ٱ</tajweed>لْأَرْضِ وَمَا يَخْرُجُ مِنْهَا وَمَا يَ<tajweed class=ikhafa>نز</tajweed>ِلُ مِنَ <tajweed class=ham_wasl>ٱ</tajweed><tajweed class=laam_shamsiyah>ل</tajweed>سَّم<tajweed class=madda_obligatory>َا</tajweed>ٓءِ وَمَا يَعْرُجُ فِيهَاۚ وَهُوَ <tajweed class=ham_wasl>ٱ</tajweed><tajweed class=laam_shamsiyah>ل</tajweed>رَّحِيمُ <tajweed class=ham_wasl>ٱ</tajweed>لْغَف<tajweed class=madda_permissible>ُو</tajweed>رُ <span class=end>٢</span>","End":"٢","PageNumber":428,"JuzNumber":22,"ManzilNumber":5,"RukuNumber":370,"MaqraNumber":171,"HizbNumber":43,"HizbDecimal":0.5,"HasSajda":false},{"SurahNumber":34,"SurahIndex":"034","VerseNumber":3,"ShowSurahName":false,"ShowBismillah":false,"Text":"وَقَالَ ٱلَّذِينَ كَفَرُواْ لَا تَأۡتِينَا ٱلسَّاعَةُۖ قُلۡ بَلَىٰ وَرَبِّي لَتَأۡتِيَنَّكُمۡ عَٰلِمِ ٱلۡغَيۡبِۖ لَا يَعۡزُبُ عَنۡهُ مِثۡقَالُ ذَرَّةٖ فِي ٱلسَّمَٰوَٰتِ وَلَا فِي ٱلۡأَرۡضِ وَلَآ أَصۡغَرُ مِن ذَٰلِكَ وَلَآ أَكۡبَرُ إِلَّا فِي كِتَٰبٖ مُّبِينٖ","TajweedText":"وَقَالَ <tajweed class=ham_wasl>ٱ</tajweed>لَّذِينَ كَفَرُو<tajweed class=slnt>اْ</tajweed> لَا تَأْتِينَا <tajweed class=ham_wasl>ٱ</tajweed><tajweed class=laam_shamsiyah>ل</tajweed>سَّاعَةُۖ قُلْ بَلَىٰ وَرَبِّى لَتَأْتِيَ<tajweed class=ghunnah>نّ</tajweed>َكُمْ عَ<tajweed class=madda_normal>ـٰ</tajweed>لِمِ <tajweed class=ham_wasl>ٱ</tajweed>لْغَيْبِۖ لَا يَعْزُبُ عَنْهُ مِثْقَالُ ذَرَّ<tajweed class=ikhafa>ةٍ ف</tajweed>ِى <tajweed class=ham_wasl>ٱ</tajweed><tajweed class=laam_shamsiyah>ل</tajweed>سَّمَ<tajweed class=madda_normal>ـٰ</tajweed>و<tajweed class=madda_normal>َٲ</tajweed>تِ وَلَا فِى <tajweed class=ham_wasl>ٱ</tajweed>لْأَرْضِ وَل<tajweed class=madda_obligatory>َآ</tajweed> أَصْغَرُ مِ<tajweed class=ikhafa>ن ذ</tajweed><tajweed class=madda_normal>َٲ</tajweed>لِكَ وَل<tajweed class=madda_obligatory>َآ</tajweed> أَكْبَرُ إِلَّا فِى كِتَ<tajweed class=madda_normal>ـٰ</tajweed><tajweed class=idgham_ghunnah>بٍ م</tajweed>ُّب<tajweed class=madda_permissible>ِي</tajweed>نٍ <span class=end>٣</span>","End":"٣","PageNumber":428,"JuzNumber":22,"ManzilNumber":5,"RukuNumber":370,"MaqraNumber":171,"HizbNumber":43,"HizbDecimal":0.5,"HasSajda":false},{"SurahNumber":34,"SurahIndex":"034","VerseNumber":4,"ShowSurahName":false,"ShowBismillah":false,"Text":"لِّيَجۡزِيَ ٱلَّذِينَ ءَامَنُواْ وَعَمِلُواْ ٱلصَّـٰلِحَٰتِۚ أُوْلَـٰٓئِكَ لَهُم مَّغۡفِرَةٞ وَرِزۡقٞ كَرِيمٞ","TajweedText":"لِّيَ<tajweed class=qalaqah>جْ</tajweed>زِىَ <tajweed class=ham_wasl>ٱ</tajweed>لَّذِينَ ءَامَنُو<tajweed class=slnt>اْ</tajweed> وَعَمِلُو<tajweed class=slnt>اْ</tajweed> <tajweed class=ham_wasl>ٱ</tajweed><tajweed class=laam_shamsiyah>ل</tajweed>صَّ<tajweed class=madda_normal>ـٰ</tajweed>لِحَ<tajweed class=madda_normal>ـٰ</tajweed>تِۚ أُ<tajweed class=slnt>وْ</tajweed>لَ<tajweed class=madda_obligatory>ـٰٓ</tajweed>ئِكَ لَه<tajweed class=idgham_shafawi>ُم م</tajweed>َّغْفِرَ<tajweed class=idgham_ghunnah>ةٌ و</tajweed>َرِزْ<tajweed class=ikhafa>قٌ ك</tajweed>َر<tajweed class=madda_permissible>ِي</tajweed>مٌ <span class=end>٤</span>","End":"٤","PageNumber":428,"JuzNumber":22,"ManzilNumber":5,"RukuNumber":370,"MaqraNumber":171,"HizbNumber":43,"HizbDecimal":0.5,"HasSajda":false},{"SurahNumber":34,"SurahIndex":"034","VerseNumber":5,"ShowSurahName":false,"ShowBismillah":false,"Text":"وَٱلَّذِينَ سَعَوۡ فِيٓ ءَايَٰتِنَا مُعَٰجِزِينَ أُوْلَـٰٓئِكَ لَهُمۡ عَذَابٞ مِّن رِّجۡزٍ أَلِيمٞ","TajweedText":"وَ<tajweed class=ham_wasl>ٱ</tajweed>لَّذِينَ سَعَوْ ف<tajweed class=madda_obligatory>ِىٓ</tajweed> ءَايَ<tajweed class=madda_normal>ـٰ</tajweed>تِنَا مُعَ<tajweed class=madda_normal>ـٰ</tajweed>جِزِينَ أُ<tajweed class=slnt>وْ</tajweed>لَ<tajweed class=madda_obligatory>ـٰٓ</tajweed>ئِكَ لَهُمْ عَذَا<tajweed class=idgham_ghunnah>بٌ م</tajweed>ّ<tajweed class=idgham_wo_ghunnah>ِن ر</tajweed>ِّ<tajweed class=qalaqah>جْ</tajweed>زٍ أَل<tajweed class=madda_permissible>ِي</tajweed>مٌ <span class=end>٥</span>","End":"٥","PageNumber":428,"JuzNumber":22,"ManzilNumber":5,"RukuNumber":370,"MaqraNumber":171,"HizbNumber":43,"HizbDecimal":0.5,"HasSajda":false},{"SurahNumber":34,"SurahIndex":"034","VerseNumber":6,"ShowSurahName":false,"ShowBismillah":false,"Text":"وَيَرَى ٱلَّذِينَ أُوتُواْ ٱلۡعِلۡمَ ٱلَّذِيٓ أُنزِلَ إِلَيۡكَ مِن رَّبِّكَ هُوَ ٱلۡحَقَّ وَيَهۡدِيٓ إِلَىٰ صِرَٰطِ ٱلۡعَزِيزِ ٱلۡحَمِيدِ","TajweedText":"وَيَرَى <tajweed class=ham_wasl>ٱ</tajweed>لَّذِينَ أُوتُو<tajweed class=slnt>اْ</tajweed> <tajweed class=ham_wasl>ٱ</tajweed>لْعِلْمَ <tajweed class=ham_wasl>ٱ</tajweed>لَّذ<tajweed class=madda_obligatory>ِىٓ</tajweed> أُ<tajweed class=ikhafa>نز</tajweed>ِلَ إِلَيْكَ م<tajweed class=idgham_wo_ghunnah>ِن ر</tajweed>َّبِّكَ هُوَ <tajweed class=ham_wasl>ٱ</tajweed>لْحَقَّ وَيَهْد<tajweed class=madda_obligatory>ِىٓ</tajweed> إِلَىٰ صِر<tajweed class=madda_normal>َٲ</tajweed>طِ <tajweed class=ham_wasl>ٱ</tajweed>لْعَزِيزِ <tajweed class=ham_wasl>ٱ</tajweed>لْحَم<tajweed class=madda_permissible>ِي</tajweed><tajweed class=qalaqah>د</tajweed>ِ <span class=end>٦</span>","End":"٦","PageNumber":428,"JuzNumber":22,"ManzilNumber":5,"RukuNumber":370,"MaqraNumber":171,"HizbNumber":43,"HizbDecimal":0.5,"HasSajda":false},{"SurahNumber":34,"SurahIndex":"034","VerseNumber":7,"ShowSurahName":false,"ShowBismillah":false,"Text":"وَقَالَ ٱلَّذِينَ كَفَرُواْ هَلۡ نَدُلُّكُمۡ عَلَىٰ رَجُلٖ يُنَبِّئُكُمۡ إِذَا مُزِّقۡتُمۡ كُلَّ مُمَزَّقٍ إِنَّكُمۡ لَفِي خَلۡقٖ جَدِيدٍ","TajweedText":"وَقَالَ <tajweed class=ham_wasl>ٱ</tajweed>لَّذِينَ كَفَرُو<tajweed class=slnt>اْ</tajweed> هَلْ نَدُلُّكُمْ عَلَىٰ رَجُ<tajweed class=idgham_ghunnah>لٍ ي</tajweed>ُنَبِّئُكُمْ إِذَا مُزِّ<tajweed class=qalaqah>قْ</tajweed>تُمْ كُلَّ مُمَزَّقٍ إِ<tajweed class=ghunnah>نّ</tajweed>َكُمْ لَفِى خَلْ<tajweed class=ikhafa>قٍ ج</tajweed>َد<tajweed class=madda_permissible>ِي</tajweed><tajweed class=qalaqah>د</tajweed>ٍ <span class=end>٧</span>","End":"٧","PageNumber":428,"JuzNumber":22,"ManzilNumber":5,"RukuNumber":370,"MaqraNumber":171,"HizbNumber":43,"HizbDecimal":0.5,"HasSajda":false},{"SurahNumber":34,"SurahIndex":"034","VerseNumber":8,"ShowSurahName":false,"ShowBismillah":false,"Text":"أَفۡتَرَىٰ عَلَى ٱللَّهِ كَذِبًا أَم بِهِۦ جِنَّةُۢۗ بَلِ ٱلَّذِينَ لَا يُؤۡمِنُونَ بِٱلۡأٓخِرَةِ فِي ٱلۡعَذَابِ وَٱلضَّلَٰلِ ٱلۡبَعِيدِ","TajweedText":"أَفْتَرَىٰ عَلَى <tajweed class=ham_wasl>ٱ</tajweed>للَّهِ كَذِبًا أ<tajweed class=ikhafa_shafawi>َم ب</tajweed>ِه<tajweed class=madda_normal>ِۦ</tajweed> جِ<tajweed class=ghunnah>نّ</tajweed>َۗ<tajweed class=iqlab>ةُۢ ب</tajweed>َلِ <tajweed class=ham_wasl>ٱ</tajweed>لَّذِينَ لَا يُؤْمِنُونَ بِ<tajweed class=ham_wasl>ٱ</tajweed>لْأَخِرَةِ فِى <tajweed class=ham_wasl>ٱ</tajweed>لْعَذَابِ وَ<tajweed class=ham_wasl>ٱ</tajweed><tajweed class=laam_shamsiyah>ل</tajweed>ضَّلَ<tajweed class=madda_normal>ـٰ</tajweed>لِ <tajweed class=ham_wasl>ٱ</tajweed>لْبَع<tajweed class=madda_permissible>ِي</tajweed><tajweed class=qalaqah>د</tajweed>ِ <span class=end>٨</span>","End":"٨","PageNumber":429,"JuzNumber":22,"ManzilNumber":5,"RukuNumber":370,"MaqraNumber":171,"HizbNumber":43,"HizbDecimal":0.5,"HasSajda":false},{"SurahNumber":34,"SurahIndex":"034","VerseNumber":9,"ShowSurahName":false,"ShowBismillah":false,"Text":"أَفَلَمۡ يَرَوۡاْ إِلَىٰ مَا بَيۡنَ أَيۡدِيهِمۡ وَمَا خَلۡفَهُم مِّنَ ٱلسَّمَآءِ وَٱلۡأَرۡضِۚ إِن نَّشَأۡ نَخۡسِفۡ بِهِمُ ٱلۡأَرۡضَ أَوۡ نُسۡقِطۡ عَلَيۡهِمۡ كِسَفٗا مِّنَ ٱلسَّمَآءِۚ إِنَّ فِي ذَٰلِكَ لَأٓيَةٗ لِّكُلِّ عَبۡدٖ مُّنِيبٖ","TajweedText":"أَفَلَمْ يَرَوْ<tajweed class=slnt>اْ</tajweed> إِلَىٰ مَا بَيْنَ أَيْدِيهِمْ وَمَا خَلْفَه<tajweed class=idgham_shafawi>ُم م</tajweed>ِّنَ <tajweed class=ham_wasl>ٱ</tajweed><tajweed class=laam_shamsiyah>ل</tajweed>سَّم<tajweed class=madda_obligatory>َا</tajweed>ٓءِ وَ<tajweed class=ham_wasl>ٱ</tajweed>لْأَرْضِۚ إ<tajweed class=idgham_ghunnah>ِن ن</tajweed>َّشَأْ نَخْسِفْ بِهِمُ <tajweed class=ham_wasl>ٱ</tajweed>لْأَرْضَ أَوْ نُسْقِ<tajweed class=qalaqah>طْ</tajweed> عَلَيْهِمْ كِسَ<tajweed class=idgham_ghunnah>فًا م</tajweed>ِّنَ <tajweed class=ham_wasl>ٱ</tajweed><tajweed class=laam_shamsiyah>ل</tajweed>سَّم<tajweed class=madda_obligatory>َا</tajweed>ٓءِۚ إِ<tajweed class=ghunnah>نّ</tajweed>َ فِى ذ<tajweed class=madda_normal>َٲ</tajweed>لِكَ لَأَيَ<tajweed class=idgham_wo_ghunnah>ةً ل</tajweed>ِّكُلِّ عَ<tajweed class=qalaqah>بْ</tajweed><tajweed class=idgham_ghunnah>دٍ م</tajweed>ُّن<tajweed class=madda_permissible>ِي</tajweed><tajweed class=qalaqah>ب</tajweed>ٍ <span class=end>٩</span>","End":"٩","PageNumber":429,"JuzNumber":22,"ManzilNumber":5,"RukuNumber":370,"MaqraNumber":171,"HizbNumber":43,"HizbDecimal":0.5,"HasSajda":false}]}