{"MaqraNumber":105,"Verses":[{"SurahNumber":15,"SurahIndex":"015","VerseNumber":1,"ShowSurahName":true,"ShowBismillah":true,"Words":[{"Position":1,"AudioFileName":"015_001_001.mp3","TajweedImageFilePath":"15/1/1.png","Text":"الٓر ۚ","Translation":"Alif Laam Ra","Transliteration":"alif-lam-ra","Root":"ا ل ر"},{"Position":2,"AudioFileName":"015_001_002.mp3","TajweedImageFilePath":"15/1/2.png","Text":"تِلْكَ","Translation":"These","Transliteration":"til'ka","Root":"ت ل ك"},{"Position":3,"AudioFileName":"015_001_003.mp3","TajweedImageFilePath":"15/1/3.png","Text":"ءَايَـٰتُ","Translation":"(are) the Verses","Transliteration":"āyātu","Root":"أ ي ي"},{"Position":4,"AudioFileName":"015_001_004.mp3","TajweedImageFilePath":"15/1/4.png","Text":"ٱلْكِتَـٰبِ","Translation":"(of) the Book","Transliteration":"l-kitābi","Root":"ك ت ب"},{"Position":5,"AudioFileName":"015_001_005.mp3","TajweedImageFilePath":"15/1/5.png","Text":"وَقُرْءَانٍۢ","Translation":"and Quran","Transliteration":"waqur'ānin","Root":"ق ر أ"},{"Position":6,"AudioFileName":"015_001_006.mp3","TajweedImageFilePath":"15/1/6.png","Text":"مُّبِينٍۢ","Translation":"clear","Transliteration":"mubīnin","Root":"ب ي ن"},{"Position":7,"AudioFileName":null,"TajweedImageFilePath":"1.png","Text":"١","Translation":"(1)","Transliteration":null,"Root":null}],"PageNumber":262,"JuzNumber":14,"ManzilNumber":3,"RukuNumber":218,"MaqraNumber":105,"HizbNumber":27,"HizbDecimal":0.0,"HasSajda":false},{"SurahNumber":15,"SurahIndex":"015","VerseNumber":2,"ShowSurahName":false,"ShowBismillah":false,"Words":[{"Position":1,"AudioFileName":"015_002_001.mp3","TajweedImageFilePath":"15/2/1.png","Text":"رُّبَمَا","Translation":"Perhaps","Transliteration":"rubamā","Root":"ر ب م ا"},{"Position":2,"AudioFileName":"015_002_002.mp3","TajweedImageFilePath":"15/2/2.png","Text":"يَوَدُّ","Translation":"will wish","Transliteration":"yawaddu","Root":"و د د"},{"Position":3,"AudioFileName":"015_002_003.mp3","TajweedImageFilePath":"15/2/3.png","Text":"ٱلَّذِينَ","Translation":"those who","Transliteration":"alladhīna","Root":"ٱلَّذِى"},{"Position":4,"AudioFileName":"015_002_004.mp3","TajweedImageFilePath":"15/2/4.png","Text":"كَفَرُوا۟","Translation":"disbelieved","Transliteration":"kafarū","Root":"ك ف ر"},{"Position":5,"AudioFileName":"015_002_005.mp3","TajweedImageFilePath":"15/2/5.png","Text":"لَوْ","Translation":"if","Transliteration":"law","Root":"ل و"},{"Position":6,"AudioFileName":"015_002_006.mp3","TajweedImageFilePath":"15/2/6.png","Text":"كَانُوا۟","Translation":"they had been","Transliteration":"kānū","Root":"ك و ن"},{"Position":7,"AudioFileName":"015_002_007.mp3","TajweedImageFilePath":"15/2/7.png","Text":"مُسْلِمِينَ","Translation":"Muslims","Transliteration":"mus'limīna","Root":"س ل م"},{"Position":8,"AudioFileName":null,"TajweedImageFilePath":"2.png","Text":"٢","Translation":"(2)","Transliteration":null,"Root":null}],"PageNumber":262,"JuzNumber":14,"ManzilNumber":3,"RukuNumber":218,"MaqraNumber":105,"HizbNumber":27,"HizbDecimal":0.0,"HasSajda":false},{"SurahNumber":15,"SurahIndex":"015","VerseNumber":3,"ShowSurahName":false,"ShowBismillah":false,"Words":[{"Position":1,"AudioFileName":"015_003_001.mp3","TajweedImageFilePath":"15/3/1.png","Text":"ذَرْهُمْ","Translation":"Leave them","Transliteration":"dharhum","Root":"و ذ ر"},{"Position":2,"AudioFileName":"015_003_002.mp3","TajweedImageFilePath":"15/3/2.png","Text":"يَأْكُلُوا۟","Translation":"(to) eat","Transliteration":"yakulū","Root":"أ ك ل"},{"Position":3,"AudioFileName":"015_003_003.mp3","TajweedImageFilePath":"15/3/3.png","Text":"وَيَتَمَتَّعُوا۟","Translation":"and enjoy","Transliteration":"wayatamattaʿū","Root":"م ت ع"},{"Position":4,"AudioFileName":"015_003_004.mp3","TajweedImageFilePath":"15/3/4.png","Text":"وَيُلْهِهِمُ","Translation":"and diverted them","Transliteration":"wayul'hihimu","Root":"ل ه و"},{"Position":5,"AudioFileName":"015_003_005.mp3","TajweedImageFilePath":"15/3/5.png","Text":"ٱلْأَمَلُ ۖ","Translation":"the hope","Transliteration":"l-amalu","Root":"أ م ل"},{"Position":6,"AudioFileName":"015_003_006.mp3","TajweedImageFilePath":"15/3/6.png","Text":"فَسَوْفَ","Translation":"then soon","Transliteration":"fasawfa","Root":"س و ف"},{"Position":7,"AudioFileName":"015_003_007.mp3","TajweedImageFilePath":"15/3/7.png","Text":"يَعْلَمُونَ","Translation":"they will come to know","Transliteration":"yaʿlamūna","Root":"ع ل م"},{"Position":8,"AudioFileName":null,"TajweedImageFilePath":"3.png","Text":"٣","Translation":"(3)","Transliteration":null,"Root":null}],"PageNumber":262,"JuzNumber":14,"ManzilNumber":3,"RukuNumber":218,"MaqraNumber":105,"HizbNumber":27,"HizbDecimal":0.0,"HasSajda":false},{"SurahNumber":15,"SurahIndex":"015","VerseNumber":4,"ShowSurahName":false,"ShowBismillah":false,"Words":[{"Position":1,"AudioFileName":"015_004_001.mp3","TajweedImageFilePath":"15/4/1.png","Text":"وَمَآ","Translation":"And not","Transliteration":"wamā","Root":"م ا"},{"Position":2,"AudioFileName":"015_004_002.mp3","TajweedImageFilePath":"15/4/2.png","Text":"أَهْلَكْنَا","Translation":"We destroyed","Transliteration":"ahlaknā","Root":"ه ل ك"},{"Position":3,"AudioFileName":"015_004_003.mp3","TajweedImageFilePath":"15/4/3.png","Text":"مِن","Translation":"any","Transliteration":"min","Root":"م ن"},{"Position":4,"AudioFileName":"015_004_004.mp3","TajweedImageFilePath":"15/4/4.png","Text":"قَرْيَةٍ","Translation":"town","Transliteration":"qaryatin","Root":"ق ر ي"},{"Position":5,"AudioFileName":"015_004_005.mp3","TajweedImageFilePath":"15/4/5.png","Text":"إِلَّا","Translation":"but","Transliteration":"illā","Root":"إِلَّا"},{"Position":6,"AudioFileName":"015_004_006.mp3","TajweedImageFilePath":"15/4/6.png","Text":"وَلَهَا","Translation":"(there was) for it","Transliteration":"walahā","Root":"ل"},{"Position":7,"AudioFileName":"015_004_007.mp3","TajweedImageFilePath":"15/4/7.png","Text":"كِتَابٌۭ","Translation":"a decree","Transliteration":"kitābun","Root":"ك ت ب"},{"Position":8,"AudioFileName":"015_004_008.mp3","TajweedImageFilePath":"15/4/8.png","Text":"مَّعْلُومٌۭ","Translation":"known","Transliteration":"maʿlūmun","Root":"ع ل م"},{"Position":9,"AudioFileName":null,"TajweedImageFilePath":"4.png","Text":"٤","Translation":"(4)","Transliteration":null,"Root":null}],"PageNumber":262,"JuzNumber":14,"ManzilNumber":3,"RukuNumber":218,"MaqraNumber":105,"HizbNumber":27,"HizbDecimal":0.0,"HasSajda":false},{"SurahNumber":15,"SurahIndex":"015","VerseNumber":5,"ShowSurahName":false,"ShowBismillah":false,"Words":[{"Position":1,"AudioFileName":"015_005_001.mp3","TajweedImageFilePath":"15/5/1.png","Text":"مَّا","Translation":"Not","Transliteration":"mā","Root":"م ا"},{"Position":2,"AudioFileName":"015_005_002.mp3","TajweedImageFilePath":"15/5/2.png","Text":"تَسْبِقُ","Translation":"(can) advance","Transliteration":"tasbiqu","Root":"س ب ق"},{"Position":3,"AudioFileName":"015_005_003.mp3","TajweedImageFilePath":"15/5/3.png","Text":"مِنْ","Translation":"any","Transliteration":"min","Root":"م ن"},{"Position":4,"AudioFileName":"015_005_004.mp3","TajweedImageFilePath":"15/5/4.png","Text":"أُمَّةٍ","Translation":"nation","Transliteration":"ummatin","Root":"أ م م"},{"Position":5,"AudioFileName":"015_005_005.mp3","TajweedImageFilePath":"15/5/5.png","Text":"أَجَلَهَا","Translation":"its term","Transliteration":"ajalahā","Root":"أ ج ل"},{"Position":6,"AudioFileName":"015_005_006.mp3","TajweedImageFilePath":"15/5/6.png","Text":"وَمَا","Translation":"and not","Transliteration":"wamā","Root":"م ا"},{"Position":7,"AudioFileName":"015_005_007.mp3","TajweedImageFilePath":"15/5/7.png","Text":"يَسْتَـْٔخِرُونَ","Translation":"(can) delay it","Transliteration":"yastakhirūna","Root":"أ خ ر"},{"Position":8,"AudioFileName":null,"TajweedImageFilePath":"5.png","Text":"٥","Translation":"(5)","Transliteration":null,"Root":null}],"PageNumber":262,"JuzNumber":14,"ManzilNumber":3,"RukuNumber":218,"MaqraNumber":105,"HizbNumber":27,"HizbDecimal":0.0,"HasSajda":false},{"SurahNumber":15,"SurahIndex":"015","VerseNumber":6,"ShowSurahName":false,"ShowBismillah":false,"Words":[{"Position":1,"AudioFileName":"015_006_001.mp3","TajweedImageFilePath":"15/6/1.png","Text":"وَقَالُوا۟","Translation":"And they say","Transliteration":"waqālū","Root":"ق و ل"},{"Position":2,"AudioFileName":"015_006_002.mp3","TajweedImageFilePath":"15/6/2.png","Text":"يَـٰٓأَيُّهَا","Translation":"O you","Transliteration":"yāayyuhā","Root":"ا ى ى"},{"Position":3,"AudioFileName":"015_006_003.mp3","TajweedImageFilePath":"15/6/3.png","Text":"ٱلَّذِى","Translation":"(to) whom","Transliteration":"alladhī","Root":"ٱلَّذِى"},{"Position":4,"AudioFileName":"015_006_004.mp3","TajweedImageFilePath":"15/6/4.png","Text":"نُزِّلَ","Translation":"has been sent down","Transliteration":"nuzzila","Root":"ن ز ل"},{"Position":5,"AudioFileName":"015_006_005.mp3","TajweedImageFilePath":"15/6/5.png","Text":"عَلَيْهِ","Translation":"[on him]","Transliteration":"ʿalayhi","Root":"ع ل ى"},{"Position":6,"AudioFileName":"015_006_006.mp3","TajweedImageFilePath":"15/6/6.png","Text":"ٱلذِّكْرُ","Translation":"the Reminder","Transliteration":"l-dhik'ru","Root":"ذ ك ر"},{"Position":7,"AudioFileName":"015_006_007.mp3","TajweedImageFilePath":"15/6/7.png","Text":"إِنَّكَ","Translation":"indeed, you","Transliteration":"innaka","Root":"ا ن ن"},{"Position":8,"AudioFileName":"015_006_008.mp3","TajweedImageFilePath":"15/6/8.png","Text":"لَمَجْنُونٌۭ","Translation":"(are) surely mad","Transliteration":"lamajnūnun","Root":"ج ن ن"},{"Position":9,"AudioFileName":null,"TajweedImageFilePath":"6.png","Text":"٦","Translation":"(6)","Transliteration":null,"Root":null}],"PageNumber":262,"JuzNumber":14,"ManzilNumber":3,"RukuNumber":218,"MaqraNumber":105,"HizbNumber":27,"HizbDecimal":0.0,"HasSajda":false},{"SurahNumber":15,"SurahIndex":"015","VerseNumber":7,"ShowSurahName":false,"ShowBismillah":false,"Words":[{"Position":1,"AudioFileName":"015_007_001.mp3","TajweedImageFilePath":"15/7/1.png","Text":"لَّوْ","Translation":"Why","Transliteration":"law","Root":"ل و"},{"Position":2,"AudioFileName":"015_007_002.mp3","TajweedImageFilePath":"15/7/2.png","Text":"مَا","Translation":"not","Transliteration":"mā","Root":"م ا"},{"Position":3,"AudioFileName":"015_007_003.mp3","TajweedImageFilePath":"15/7/3.png","Text":"تَأْتِينَا","Translation":"you bring to us","Transliteration":"tatīnā","Root":"أ ت ي"},{"Position":4,"AudioFileName":"015_007_004.mp3","TajweedImageFilePath":"15/7/4.png","Text":"بِٱلْمَلَـٰٓئِكَةِ","Translation":"the Angels","Transliteration":"bil-malāikati","Root":"م ل ك"},{"Position":5,"AudioFileName":"015_007_005.mp3","TajweedImageFilePath":"15/7/5.png","Text":"إِن","Translation":"if","Transliteration":"in","Root":"ا ن"},{"Position":6,"AudioFileName":"015_007_006.mp3","TajweedImageFilePath":"15/7/6.png","Text":"كُنتَ","Translation":"you are","Transliteration":"kunta","Root":"ك و ن"},{"Position":7,"AudioFileName":"015_007_007.mp3","TajweedImageFilePath":"15/7/7.png","Text":"مِنَ","Translation":"of","Transliteration":"mina","Root":"م ن"},{"Position":8,"AudioFileName":"015_007_008.mp3","TajweedImageFilePath":"15/7/8.png","Text":"ٱلصَّـٰدِقِينَ","Translation":"the truthful","Transliteration":"l-ṣādiqīna","Root":"ص د ق"},{"Position":9,"AudioFileName":null,"TajweedImageFilePath":"7.png","Text":"٧","Translation":"(7)","Transliteration":"","Root":null}],"PageNumber":262,"JuzNumber":14,"ManzilNumber":3,"RukuNumber":218,"MaqraNumber":105,"HizbNumber":27,"HizbDecimal":0.0,"HasSajda":false},{"SurahNumber":15,"SurahIndex":"015","VerseNumber":8,"ShowSurahName":false,"ShowBismillah":false,"Words":[{"Position":1,"AudioFileName":"015_008_001.mp3","TajweedImageFilePath":"15/8/1.png","Text":"مَا","Translation":"Not","Transliteration":"mā","Root":"م ا"},{"Position":2,"AudioFileName":"015_008_002.mp3","TajweedImageFilePath":"15/8/2.png","Text":"نُنَزِّلُ","Translation":"We send down","Transliteration":"nunazzilu","Root":"ن ز ل"},{"Position":3,"AudioFileName":"015_008_003.mp3","TajweedImageFilePath":"15/8/3.png","Text":"ٱلْمَلَـٰٓئِكَةَ","Translation":"the Angels","Transliteration":"l-malāikata","Root":"م ل ك"},{"Position":4,"AudioFileName":"015_008_004.mp3","TajweedImageFilePath":"15/8/4.png","Text":"إِلَّا","Translation":"except","Transliteration":"illā","Root":"إِلَّا"},{"Position":5,"AudioFileName":"015_008_005.mp3","TajweedImageFilePath":"15/8/5.png","Text":"بِٱلْحَقِّ","Translation":"with the truth","Transliteration":"bil-ḥaqi","Root":"ح ق ق"},{"Position":6,"AudioFileName":"015_008_006.mp3","TajweedImageFilePath":"15/8/6.png","Text":"وَمَا","Translation":"and not","Transliteration":"wamā","Root":"م ا"},{"Position":7,"AudioFileName":"015_008_007.mp3","TajweedImageFilePath":"15/8/7.png","Text":"كَانُوٓا۟","Translation":"they would be","Transliteration":"kānū","Root":"ك و ن"},{"Position":8,"AudioFileName":"015_008_008.mp3","TajweedImageFilePath":"15/8/8.png","Text":"إِذًۭا","Translation":"then","Transliteration":"idhan","Root":"إِذًا"},{"Position":9,"AudioFileName":"015_008_009.mp3","TajweedImageFilePath":"15/8/9.png","Text":"مُّنظَرِينَ","Translation":"given respite","Transliteration":"munẓarīna","Root":"ن ظ ر"},{"Position":10,"AudioFileName":null,"TajweedImageFilePath":"8.png","Text":"٨","Translation":"(8)","Transliteration":null,"Root":null}],"PageNumber":262,"JuzNumber":14,"ManzilNumber":3,"RukuNumber":218,"MaqraNumber":105,"HizbNumber":27,"HizbDecimal":0.0,"HasSajda":false},{"SurahNumber":15,"SurahIndex":"015","VerseNumber":9,"ShowSurahName":false,"ShowBismillah":false,"Words":[{"Position":1,"AudioFileName":"015_009_001.mp3","TajweedImageFilePath":"15/9/1.png","Text":"إِنَّا","Translation":"Indeed, We","Transliteration":"innā","Root":"ا ن ن"},{"Position":2,"AudioFileName":"015_009_002.mp3","TajweedImageFilePath":"15/9/2.png","Text":"نَحْنُ","Translation":"We","Transliteration":"naḥnu","Root":"ن ح ن"},{"Position":3,"AudioFileName":"015_009_003.mp3","TajweedImageFilePath":"15/9/3.png","Text":"نَزَّلْنَا","Translation":"have sent down","Transliteration":"nazzalnā","Root":"ن ز ل"},{"Position":4,"AudioFileName":"015_009_004.mp3","TajweedImageFilePath":"15/9/4.png","Text":"ٱلذِّكْرَ","Translation":"the Reminder","Transliteration":"l-dhik'ra","Root":"ذ ك ر"},{"Position":5,"AudioFileName":"015_009_005.mp3","TajweedImageFilePath":"15/9/5.png","Text":"وَإِنَّا","Translation":"and indeed, We","Transliteration":"wa-innā","Root":"ا ن ن"},{"Position":6,"AudioFileName":"015_009_006.mp3","TajweedImageFilePath":"15/9/6.png","Text":"لَهُۥ","Translation":"of it","Transliteration":"lahu","Root":"ل"},{"Position":7,"AudioFileName":"015_009_007.mp3","TajweedImageFilePath":"15/9/7.png","Text":"لَحَـٰفِظُونَ","Translation":"(are) surely Guardians","Transliteration":"laḥāfiẓūna","Root":"ح ف ظ"},{"Position":8,"AudioFileName":null,"TajweedImageFilePath":"9.png","Text":"٩","Translation":"(9)","Transliteration":null,"Root":null}],"PageNumber":262,"JuzNumber":14,"ManzilNumber":3,"RukuNumber":218,"MaqraNumber":105,"HizbNumber":27,"HizbDecimal":0.0,"HasSajda":false},{"SurahNumber":15,"SurahIndex":"015","VerseNumber":10,"ShowSurahName":false,"ShowBismillah":false,"Words":[{"Position":1,"AudioFileName":"015_010_001.mp3","TajweedImageFilePath":"15/10/1.png","Text":"وَلَقَدْ","Translation":"And certainly","Transliteration":"walaqad","Root":"ق د"},{"Position":2,"AudioFileName":"015_010_002.mp3","TajweedImageFilePath":"15/10/2.png","Text":"أَرْسَلْنَا","Translation":"We (had) sent","Transliteration":"arsalnā","Root":"ر س ل"},{"Position":3,"AudioFileName":"015_010_003.mp3","TajweedImageFilePath":"15/10/3.png","Text":"مِن","Translation":"before you","Transliteration":"min","Root":"م ن"},{"Position":4,"AudioFileName":"015_010_004.mp3","TajweedImageFilePath":"15/10/4.png","Text":"قَبْلِكَ","Translation":"before you","Transliteration":"qablika","Root":"ق ب ل"},{"Position":5,"AudioFileName":"015_010_005.mp3","TajweedImageFilePath":"15/10/5.png","Text":"فِى","Translation":"in","Transliteration":"fī","Root":"ف ى"},{"Position":6,"AudioFileName":"015_010_006.mp3","TajweedImageFilePath":"15/10/6.png","Text":"شِيَعِ","Translation":"the sects","Transliteration":"shiyaʿi","Root":"ش ي ع"},{"Position":7,"AudioFileName":"015_010_007.mp3","TajweedImageFilePath":"15/10/7.png","Text":"ٱلْأَوَّلِينَ","Translation":"(of) the former (people)","Transliteration":"l-awalīna","Root":"أ و ل"},{"Position":8,"AudioFileName":null,"TajweedImageFilePath":"10.png","Text":"١٠","Translation":"(10)","Transliteration":null,"Root":null}],"PageNumber":262,"JuzNumber":14,"ManzilNumber":3,"RukuNumber":218,"MaqraNumber":105,"HizbNumber":27,"HizbDecimal":0.0,"HasSajda":false},{"SurahNumber":15,"SurahIndex":"015","VerseNumber":11,"ShowSurahName":false,"ShowBismillah":false,"Words":[{"Position":1,"AudioFileName":"015_011_001.mp3","TajweedImageFilePath":"15/11/1.png","Text":"وَمَا","Translation":"And not","Transliteration":"wamā","Root":"م ا"},{"Position":2,"AudioFileName":"015_011_002.mp3","TajweedImageFilePath":"15/11/2.png","Text":"يَأْتِيهِم","Translation":"came to them","Transliteration":"yatīhim","Root":"أ ت ي"},{"Position":3,"AudioFileName":"015_011_003.mp3","TajweedImageFilePath":"15/11/3.png","Text":"مِّن","Translation":"any","Transliteration":"min","Root":"م ن"},{"Position":4,"AudioFileName":"015_011_004.mp3","TajweedImageFilePath":"15/11/4.png","Text":"رَّسُولٍ","Translation":"Messenger","Transliteration":"rasūlin","Root":"ر س ل"},{"Position":5,"AudioFileName":"015_011_005.mp3","TajweedImageFilePath":"15/11/5.png","Text":"إِلَّا","Translation":"but","Transliteration":"illā","Root":"إِلَّا"},{"Position":6,"AudioFileName":"015_011_006.mp3","TajweedImageFilePath":"15/11/6.png","Text":"كَانُوا۟","Translation":"they did","Transliteration":"kānū","Root":"ك و ن"},{"Position":7,"AudioFileName":"015_011_007.mp3","TajweedImageFilePath":"15/11/7.png","Text":"بِهِۦ","Translation":"at him","Transliteration":"bihi","Root":"ب"},{"Position":8,"AudioFileName":"015_011_008.mp3","TajweedImageFilePath":"15/11/8.png","Text":"يَسْتَهْزِءُونَ","Translation":"mock","Transliteration":"yastahziūna","Root":"ه ز أ"},{"Position":9,"AudioFileName":null,"TajweedImageFilePath":"11.png","Text":"١١","Translation":"(11)","Transliteration":null,"Root":null}],"PageNumber":262,"JuzNumber":14,"ManzilNumber":3,"RukuNumber":218,"MaqraNumber":105,"HizbNumber":27,"HizbDecimal":0.0,"HasSajda":false},{"SurahNumber":15,"SurahIndex":"015","VerseNumber":12,"ShowSurahName":false,"ShowBismillah":false,"Words":[{"Position":1,"AudioFileName":"015_012_001.mp3","TajweedImageFilePath":"15/12/1.png","Text":"كَذَٰلِكَ","Translation":"Thus","Transliteration":"kadhālika","Root":"ذ ل ك"},{"Position":2,"AudioFileName":"015_012_002.mp3","TajweedImageFilePath":"15/12/2.png","Text":"نَسْلُكُهُۥ","Translation":"We let it enter","Transliteration":"naslukuhu","Root":"س ل ك"},{"Position":3,"AudioFileName":"015_012_003.mp3","TajweedImageFilePath":"15/12/3.png","Text":"فِى","Translation":"in","Transliteration":"fī","Root":"ف ى"},{"Position":4,"AudioFileName":"015_012_004.mp3","TajweedImageFilePath":"15/12/4.png","Text":"قُلُوبِ","Translation":"(the) hearts","Transliteration":"qulūbi","Root":"ق ل ب"},{"Position":5,"AudioFileName":"015_012_005.mp3","TajweedImageFilePath":"15/12/5.png","Text":"ٱلْمُجْرِمِينَ","Translation":"(of) the criminals","Transliteration":"l-muj'rimīna","Root":"ج ر م"},{"Position":6,"AudioFileName":null,"TajweedImageFilePath":"12.png","Text":"١٢","Translation":"(12)","Transliteration":null,"Root":null}],"PageNumber":262,"JuzNumber":14,"ManzilNumber":3,"RukuNumber":218,"MaqraNumber":105,"HizbNumber":27,"HizbDecimal":0.0,"HasSajda":false},{"SurahNumber":15,"SurahIndex":"015","VerseNumber":13,"ShowSurahName":false,"ShowBismillah":false,"Words":[{"Position":1,"AudioFileName":"015_013_001.mp3","TajweedImageFilePath":"15/13/1.png","Text":"لَا","Translation":"Not","Transliteration":"lā","Root":"ل ا"},{"Position":2,"AudioFileName":"015_013_002.mp3","TajweedImageFilePath":"15/13/2.png","Text":"يُؤْمِنُونَ","Translation":"they believe","Transliteration":"yu'minūna","Root":"أ م ن"},{"Position":3,"AudioFileName":"015_013_003.mp3","TajweedImageFilePath":"15/13/3.png","Text":"بِهِۦ ۖ","Translation":"in it","Transliteration":"bihi","Root":"ب"},{"Position":4,"AudioFileName":"015_013_004.mp3","TajweedImageFilePath":"15/13/4.png","Text":"وَقَدْ","Translation":"and verily","Transliteration":"waqad","Root":"ق د"},{"Position":5,"AudioFileName":"015_013_005.mp3","TajweedImageFilePath":"15/13/5.png","Text":"خَلَتْ","Translation":"have passed","Transliteration":"khalat","Root":"خ ل و"},{"Position":6,"AudioFileName":"015_013_006.mp3","TajweedImageFilePath":"15/13/6.png","Text":"سُنَّةُ","Translation":"the way(s)","Transliteration":"sunnatu","Root":"س ن ن"},{"Position":7,"AudioFileName":"015_013_007.mp3","TajweedImageFilePath":"15/13/7.png","Text":"ٱلْأَوَّلِينَ","Translation":"(of) the former (people)","Transliteration":"l-awalīna","Root":"أ و ل"},{"Position":8,"AudioFileName":null,"TajweedImageFilePath":"13.png","Text":"١٣","Translation":"(13)","Transliteration":null,"Root":null}],"PageNumber":262,"JuzNumber":14,"ManzilNumber":3,"RukuNumber":218,"MaqraNumber":105,"HizbNumber":27,"HizbDecimal":0.0,"HasSajda":false},{"SurahNumber":15,"SurahIndex":"015","VerseNumber":14,"ShowSurahName":false,"ShowBismillah":false,"Words":[{"Position":1,"AudioFileName":"015_014_001.mp3","TajweedImageFilePath":"15/14/1.png","Text":"وَلَوْ","Translation":"And (even) if","Transliteration":"walaw","Root":"ل و"},{"Position":2,"AudioFileName":"015_014_002.mp3","TajweedImageFilePath":"15/14/2.png","Text":"فَتَحْنَا","Translation":"We opened","Transliteration":"fataḥnā","Root":"ف ت ح"},{"Position":3,"AudioFileName":"015_014_003.mp3","TajweedImageFilePath":"15/14/3.png","Text":"عَلَيْهِم","Translation":"to them","Transliteration":"ʿalayhim","Root":"ع ل ى"},{"Position":4,"AudioFileName":"015_014_004.mp3","TajweedImageFilePath":"15/14/4.png","Text":"بَابًۭا","Translation":"a gate","Transliteration":"bāban","Root":"ب و ب"},{"Position":5,"AudioFileName":"015_014_005.mp3","TajweedImageFilePath":"15/14/5.png","Text":"مِّنَ","Translation":"from","Transliteration":"mina","Root":"م ن"},{"Position":6,"AudioFileName":"015_014_006.mp3","TajweedImageFilePath":"15/14/6.png","Text":"ٱلسَّمَآءِ","Translation":"the heaven","Transliteration":"l-samāi","Root":"س م و"},{"Position":7,"AudioFileName":"015_014_007.mp3","TajweedImageFilePath":"15/14/7.png","Text":"فَظَلُّوا۟","Translation":"and they were to continue","Transliteration":"faẓallū","Root":"ظ ل ل"},{"Position":8,"AudioFileName":"015_014_008.mp3","TajweedImageFilePath":"15/14/8.png","Text":"فِيهِ","Translation":"therein","Transliteration":"fīhi","Root":"ف ى"},{"Position":9,"AudioFileName":"015_014_009.mp3","TajweedImageFilePath":"15/14/9.png","Text":"يَعْرُجُونَ","Translation":"(to) ascend","Transliteration":"yaʿrujūna","Root":"ع ر ج"},{"Position":10,"AudioFileName":null,"TajweedImageFilePath":"14.png","Text":"١٤","Translation":"(14)","Transliteration":null,"Root":null}],"PageNumber":262,"JuzNumber":14,"ManzilNumber":3,"RukuNumber":218,"MaqraNumber":105,"HizbNumber":27,"HizbDecimal":0.0,"HasSajda":false},{"SurahNumber":15,"SurahIndex":"015","VerseNumber":15,"ShowSurahName":false,"ShowBismillah":false,"Words":[{"Position":1,"AudioFileName":"015_015_001.mp3","TajweedImageFilePath":"15/15/1.png","Text":"لَقَالُوٓا۟","Translation":"They would surely say","Transliteration":"laqālū","Root":"ق و ل"},{"Position":2,"AudioFileName":"015_015_002.mp3","TajweedImageFilePath":"15/15/2.png","Text":"إِنَّمَا","Translation":"Only","Transliteration":"innamā","Root":"ا ن ن م ا"},{"Position":3,"AudioFileName":"015_015_003.mp3","TajweedImageFilePath":"15/15/3.png","Text":"سُكِّرَتْ","Translation":"have been dazzled","Transliteration":"sukkirat","Root":"س ك ر"},{"Position":4,"AudioFileName":"015_015_004.mp3","TajweedImageFilePath":"15/15/4.png","Text":"أَبْصَـٰرُنَا","Translation":"our eyes","Transliteration":"abṣārunā","Root":"ب ص ر"},{"Position":5,"AudioFileName":"015_015_005.mp3","TajweedImageFilePath":"15/15/5.png","Text":"بَلْ","Translation":"Nay","Transliteration":"bal","Root":"ب ل"},{"Position":6,"AudioFileName":"015_015_006.mp3","TajweedImageFilePath":"15/15/6.png","Text":"نَحْنُ","Translation":"we","Transliteration":"naḥnu","Root":"ن ح ن"},{"Position":7,"AudioFileName":"015_015_007.mp3","TajweedImageFilePath":"15/15/7.png","Text":"قَوْمٌۭ","Translation":"(are) a people","Transliteration":"qawmun","Root":"ق و م"},{"Position":8,"AudioFileName":"015_015_008.mp3","TajweedImageFilePath":"15/15/8.png","Text":"مَّسْحُورُونَ","Translation":"bewitched","Transliteration":"masḥūrūna","Root":"س ح ر"},{"Position":9,"AudioFileName":null,"TajweedImageFilePath":"15.png","Text":"١٥","Translation":"(15)","Transliteration":null,"Root":null}],"PageNumber":262,"JuzNumber":14,"ManzilNumber":3,"RukuNumber":218,"MaqraNumber":105,"HizbNumber":27,"HizbDecimal":0.0,"HasSajda":false},{"SurahNumber":15,"SurahIndex":"015","VerseNumber":16,"ShowSurahName":false,"ShowBismillah":false,"Words":[{"Position":1,"AudioFileName":"015_016_001.mp3","TajweedImageFilePath":"15/16/1.png","Text":"وَلَقَدْ","Translation":"And verily","Transliteration":"walaqad","Root":"ق د"},{"Position":2,"AudioFileName":"015_016_002.mp3","TajweedImageFilePath":"15/16/2.png","Text":"جَعَلْنَا","Translation":"We have placed","Transliteration":"jaʿalnā","Root":"ج ع ل"},{"Position":3,"AudioFileName":"015_016_003.mp3","TajweedImageFilePath":"15/16/3.png","Text":"فِى","Translation":"in","Transliteration":"fī","Root":"ف ى"},{"Position":4,"AudioFileName":"015_016_004.mp3","TajweedImageFilePath":"15/16/4.png","Text":"ٱلسَّمَآءِ","Translation":"the heavens","Transliteration":"l-samāi","Root":"س م و"},{"Position":5,"AudioFileName":"015_016_005.mp3","TajweedImageFilePath":"15/16/5.png","Text":"بُرُوجًۭا","Translation":"constellations","Transliteration":"burūjan","Root":"ب ر ج"},{"Position":6,"AudioFileName":"015_016_006.mp3","TajweedImageFilePath":"15/16/6.png","Text":"وَزَيَّنَّـٰهَا","Translation":"and We have beautified it","Transliteration":"wazayyannāhā","Root":"ز ي ن"},{"Position":7,"AudioFileName":"015_016_007.mp3","TajweedImageFilePath":"15/16/7.png","Text":"لِلنَّـٰظِرِينَ","Translation":"for the observers","Transliteration":"lilnnāẓirīna","Root":"ن ظ ر"},{"Position":8,"AudioFileName":null,"TajweedImageFilePath":"16.png","Text":"١٦","Translation":"(16)","Transliteration":null,"Root":null}],"PageNumber":263,"JuzNumber":14,"ManzilNumber":3,"RukuNumber":219,"MaqraNumber":105,"HizbNumber":27,"HizbDecimal":0.0,"HasSajda":false},{"SurahNumber":15,"SurahIndex":"015","VerseNumber":17,"ShowSurahName":false,"ShowBismillah":false,"Words":[{"Position":1,"AudioFileName":"015_017_001.mp3","TajweedImageFilePath":"15/17/1.png","Text":"وَحَفِظْنَـٰهَا","Translation":"And We have protected it","Transliteration":"waḥafiẓ'nāhā","Root":"ح ف ظ"},{"Position":2,"AudioFileName":"015_017_002.mp3","TajweedImageFilePath":"15/17/2.png","Text":"مِن","Translation":"from","Transliteration":"min","Root":"م ن"},{"Position":3,"AudioFileName":"015_017_003.mp3","TajweedImageFilePath":"15/17/3.png","Text":"كُلِّ","Translation":"every","Transliteration":"kulli","Root":"ك ل ل"},{"Position":4,"AudioFileName":"015_017_004.mp3","TajweedImageFilePath":"15/17/4.png","Text":"شَيْطَـٰنٍۢ","Translation":"devil","Transliteration":"shayṭānin","Root":"ش ط ن"},{"Position":5,"AudioFileName":"015_017_005.mp3","TajweedImageFilePath":"15/17/5.png","Text":"رَّجِيمٍ","Translation":"accursed","Transliteration":"rajīmin","Root":"ر ج م"},{"Position":6,"AudioFileName":null,"TajweedImageFilePath":"17.png","Text":"١٧","Translation":"(17)","Transliteration":null,"Root":null}],"PageNumber":263,"JuzNumber":14,"ManzilNumber":3,"RukuNumber":219,"MaqraNumber":105,"HizbNumber":27,"HizbDecimal":0.0,"HasSajda":false},{"SurahNumber":15,"SurahIndex":"015","VerseNumber":18,"ShowSurahName":false,"ShowBismillah":false,"Words":[{"Position":1,"AudioFileName":"015_018_001.mp3","TajweedImageFilePath":"15/18/1.png","Text":"إِلَّا","Translation":"Except","Transliteration":"illā","Root":"إِلَّا"},{"Position":2,"AudioFileName":"015_018_002.mp3","TajweedImageFilePath":"15/18/2.png","Text":"مَنِ","Translation":"(one) who","Transliteration":"mani","Root":"م ن"},{"Position":3,"AudioFileName":"015_018_003.mp3","TajweedImageFilePath":"15/18/3.png","Text":"ٱسْتَرَقَ","Translation":"steals","Transliteration":"is'taraqa","Root":"س ر ق"},{"Position":4,"AudioFileName":"015_018_004.mp3","TajweedImageFilePath":"15/18/4.png","Text":"ٱلسَّمْعَ","Translation":"the hearing","Transliteration":"l-samʿa","Root":"س م ع"},{"Position":5,"AudioFileName":"015_018_005.mp3","TajweedImageFilePath":"15/18/5.png","Text":"فَأَتْبَعَهُۥ","Translation":"then follows him","Transliteration":"fa-atbaʿahu","Root":"ت ب ع"},{"Position":6,"AudioFileName":"015_018_006.mp3","TajweedImageFilePath":"15/18/6.png","Text":"شِهَابٌۭ","Translation":"a burning flame","Transliteration":"shihābun","Root":"ش ه ب"},{"Position":7,"AudioFileName":"015_018_007.mp3","TajweedImageFilePath":"15/18/7.png","Text":"مُّبِينٌۭ","Translation":"clear","Transliteration":"mubīnun","Root":"ب ي ن"},{"Position":8,"AudioFileName":null,"TajweedImageFilePath":"18.png","Text":"١٨","Translation":"(18)","Transliteration":null,"Root":null}],"PageNumber":263,"JuzNumber":14,"ManzilNumber":3,"RukuNumber":219,"MaqraNumber":105,"HizbNumber":27,"HizbDecimal":0.0,"HasSajda":false},{"SurahNumber":15,"SurahIndex":"015","VerseNumber":19,"ShowSurahName":false,"ShowBismillah":false,"Words":[{"Position":1,"AudioFileName":"015_019_001.mp3","TajweedImageFilePath":"15/19/1.png","Text":"وَٱلْأَرْضَ","Translation":"And the earth","Transliteration":"wal-arḍa","Root":"أ ر ض"},{"Position":2,"AudioFileName":"015_019_002.mp3","TajweedImageFilePath":"15/19/2.png","Text":"مَدَدْنَـٰهَا","Translation":"We have spread it","Transliteration":"madadnāhā","Root":"م د د"},{"Position":3,"AudioFileName":"015_019_003.mp3","TajweedImageFilePath":"15/19/3.png","Text":"وَأَلْقَيْنَا","Translation":"and [We] cast","Transliteration":"wa-alqaynā","Root":"ل ق ي"},{"Position":4,"AudioFileName":"015_019_004.mp3","TajweedImageFilePath":"15/19/4.png","Text":"فِيهَا","Translation":"therein","Transliteration":"fīhā","Root":"ف ى"},{"Position":5,"AudioFileName":"015_019_005.mp3","TajweedImageFilePath":"15/19/5.png","Text":"رَوَٰسِىَ","Translation":"firm mountains","Transliteration":"rawāsiya","Root":"ر س و"},{"Position":6,"AudioFileName":"015_019_006.mp3","TajweedImageFilePath":"15/19/6.png","Text":"وَأَنۢبَتْنَا","Translation":"and [We] caused to grow","Transliteration":"wa-anbatnā","Root":"ن ب ت"},{"Position":7,"AudioFileName":"015_019_007.mp3","TajweedImageFilePath":"15/19/7.png","Text":"فِيهَا","Translation":"therein","Transliteration":"fīhā","Root":"ف ى"},{"Position":8,"AudioFileName":"015_019_008.mp3","TajweedImageFilePath":"15/19/8.png","Text":"مِن","Translation":"of","Transliteration":"min","Root":"م ن"},{"Position":9,"AudioFileName":"015_019_009.mp3","TajweedImageFilePath":"15/19/9.png","Text":"كُلِّ","Translation":"every","Transliteration":"kulli","Root":"ك ل ل"},{"Position":10,"AudioFileName":"015_019_010.mp3","TajweedImageFilePath":"15/19/10.png","Text":"شَىْءٍۢ","Translation":"thing","Transliteration":"shayin","Root":"ش ي أ"},{"Position":11,"AudioFileName":"015_019_011.mp3","TajweedImageFilePath":"15/19/11.png","Text":"مَّوْزُونٍۢ","Translation":"well-balanced","Transliteration":"mawzūnin","Root":"و ز ن"},{"Position":12,"AudioFileName":null,"TajweedImageFilePath":"19.png","Text":"١٩","Translation":"(19)","Transliteration":null,"Root":null}],"PageNumber":263,"JuzNumber":14,"ManzilNumber":3,"RukuNumber":219,"MaqraNumber":105,"HizbNumber":27,"HizbDecimal":0.0,"HasSajda":false},{"SurahNumber":15,"SurahIndex":"015","VerseNumber":20,"ShowSurahName":false,"ShowBismillah":false,"Words":[{"Position":1,"AudioFileName":"015_020_001.mp3","TajweedImageFilePath":"15/20/1.png","Text":"وَجَعَلْنَا","Translation":"And We have made","Transliteration":"wajaʿalnā","Root":"ج ع ل"},{"Position":2,"AudioFileName":"015_020_002.mp3","TajweedImageFilePath":"15/20/2.png","Text":"لَكُمْ","Translation":"for you","Transliteration":"lakum","Root":"ل"},{"Position":3,"AudioFileName":"015_020_003.mp3","TajweedImageFilePath":"15/20/3.png","Text":"فِيهَا","Translation":"therein","Transliteration":"fīhā","Root":"ف ى"},{"Position":4,"AudioFileName":"015_020_004.mp3","TajweedImageFilePath":"15/20/4.png","Text":"مَعَـٰيِشَ","Translation":"means of living","Transliteration":"maʿāyisha","Root":"ع ي ش"},{"Position":5,"AudioFileName":"015_020_005.mp3","TajweedImageFilePath":"15/20/5.png","Text":"وَمَن","Translation":"and whom","Transliteration":"waman","Root":"م ن"},{"Position":6,"AudioFileName":"015_020_006.mp3","TajweedImageFilePath":"15/20/6.png","Text":"لَّسْتُمْ","Translation":"you are not","Transliteration":"lastum","Root":"ل ي س"},{"Position":7,"AudioFileName":"015_020_007.mp3","TajweedImageFilePath":"15/20/7.png","Text":"لَهُۥ","Translation":"for him","Transliteration":"lahu","Root":"ل"},{"Position":8,"AudioFileName":"015_020_008.mp3","TajweedImageFilePath":"15/20/8.png","Text":"بِرَٰزِقِينَ","Translation":"providers","Transliteration":"birāziqīna","Root":"ر ز ق"},{"Position":9,"AudioFileName":null,"TajweedImageFilePath":"20.png","Text":"٢٠","Translation":"(20)","Transliteration":null,"Root":null}],"PageNumber":263,"JuzNumber":14,"ManzilNumber":3,"RukuNumber":219,"MaqraNumber":105,"HizbNumber":27,"HizbDecimal":0.0,"HasSajda":false},{"SurahNumber":15,"SurahIndex":"015","VerseNumber":21,"ShowSurahName":false,"ShowBismillah":false,"Words":[{"Position":1,"AudioFileName":"015_021_001.mp3","TajweedImageFilePath":"15/21/1.png","Text":"وَإِن","Translation":"And not","Transliteration":"wa-in","Root":"ا ن"},{"Position":2,"AudioFileName":"015_021_002.mp3","TajweedImageFilePath":"15/21/2.png","Text":"مِّن","Translation":"(is) any","Transliteration":"min","Root":"م ن"},{"Position":3,"AudioFileName":"015_021_003.mp3","TajweedImageFilePath":"15/21/3.png","Text":"شَىْءٍ","Translation":"thing","Transliteration":"shayin","Root":"ش ي أ"},{"Position":4,"AudioFileName":"015_021_004.mp3","TajweedImageFilePath":"15/21/4.png","Text":"إِلَّا","Translation":"but","Transliteration":"illā","Root":"إِلَّا"},{"Position":5,"AudioFileName":"015_021_005.mp3","TajweedImageFilePath":"15/21/5.png","Text":"عِندَنَا","Translation":"with Us","Transliteration":"ʿindanā","Root":"ع ن د"},{"Position":6,"AudioFileName":"015_021_006.mp3","TajweedImageFilePath":"15/21/6.png","Text":"خَزَآئِنُهُۥ","Translation":"(are) its treasures","Transliteration":"khazāinuhu","Root":"خ ز ن"},{"Position":7,"AudioFileName":"015_021_007.mp3","TajweedImageFilePath":"15/21/7.png","Text":"وَمَا","Translation":"and not","Transliteration":"wamā","Root":"م ا"},{"Position":8,"AudioFileName":"015_021_008.mp3","TajweedImageFilePath":"15/21/8.png","Text":"نُنَزِّلُهُۥٓ","Translation":"We send it down","Transliteration":"nunazziluhu","Root":"ن ز ل"},{"Position":9,"AudioFileName":"015_021_009.mp3","TajweedImageFilePath":"15/21/9.png","Text":"إِلَّا","Translation":"except","Transliteration":"illā","Root":"إِلَّا"},{"Position":10,"AudioFileName":"015_021_010.mp3","TajweedImageFilePath":"15/21/10.png","Text":"بِقَدَرٍۢ","Translation":"in a measure","Transliteration":"biqadarin","Root":"ق د ر"},{"Position":11,"AudioFileName":"015_021_011.mp3","TajweedImageFilePath":"15/21/11.png","Text":"مَّعْلُومٍۢ","Translation":"known","Transliteration":"maʿlūmin","Root":"ع ل م"},{"Position":12,"AudioFileName":null,"TajweedImageFilePath":"21.png","Text":"٢١","Translation":"(21)","Transliteration":null,"Root":null}],"PageNumber":263,"JuzNumber":14,"ManzilNumber":3,"RukuNumber":219,"MaqraNumber":105,"HizbNumber":27,"HizbDecimal":0.0,"HasSajda":false},{"SurahNumber":15,"SurahIndex":"015","VerseNumber":22,"ShowSurahName":false,"ShowBismillah":false,"Words":[{"Position":1,"AudioFileName":"015_022_001.mp3","TajweedImageFilePath":"15/22/1.png","Text":"وَأَرْسَلْنَا","Translation":"And We have sent","Transliteration":"wa-arsalnā","Root":"ر س ل"},{"Position":2,"AudioFileName":"015_022_002.mp3","TajweedImageFilePath":"15/22/2.png","Text":"ٱلرِّيَـٰحَ","Translation":"the winds","Transliteration":"l-riyāḥa","Root":"ر و ح"},{"Position":3,"AudioFileName":"015_022_003.mp3","TajweedImageFilePath":"15/22/3.png","Text":"لَوَٰقِحَ","Translation":"fertilizing","Transliteration":"lawāqiḥa","Root":"ل ق ح"},{"Position":4,"AudioFileName":"015_022_004.mp3","TajweedImageFilePath":"15/22/4.png","Text":"فَأَنزَلْنَا","Translation":"and We sent down","Transliteration":"fa-anzalnā","Root":"ن ز ل"},{"Position":5,"AudioFileName":"015_022_005.mp3","TajweedImageFilePath":"15/22/5.png","Text":"مِنَ","Translation":"from","Transliteration":"mina","Root":"م ن"},{"Position":6,"AudioFileName":"015_022_006.mp3","TajweedImageFilePath":"15/22/6.png","Text":"ٱلسَّمَآءِ","Translation":"the sky","Transliteration":"l-samāi","Root":"س م و"},{"Position":7,"AudioFileName":"015_022_007.mp3","TajweedImageFilePath":"15/22/7.png","Text":"مَآءًۭ","Translation":"water","Transliteration":"māan","Root":"م و ه"},{"Position":8,"AudioFileName":"015_022_008.mp3","TajweedImageFilePath":"15/22/8.png","Text":"فَأَسْقَيْنَـٰكُمُوهُ","Translation":"and We gave it to you to drink","Transliteration":"fa-asqaynākumūhu","Root":"س ق ي"},{"Position":9,"AudioFileName":"015_022_009.mp3","TajweedImageFilePath":"15/22/9.png","Text":"وَمَآ","Translation":"And not","Transliteration":"wamā","Root":"م ا"},{"Position":10,"AudioFileName":"015_022_010.mp3","TajweedImageFilePath":"15/22/10.png","Text":"أَنتُمْ","Translation":"you","Transliteration":"antum","Root":"ا ن ت م"},{"Position":11,"AudioFileName":"015_022_011.mp3","TajweedImageFilePath":"15/22/11.png","Text":"لَهُۥ","Translation":"of it","Transliteration":"lahu","Root":"ل"},{"Position":12,"AudioFileName":"015_022_012.mp3","TajweedImageFilePath":"15/22/12.png","Text":"بِخَـٰزِنِينَ","Translation":"(are) retainers","Transliteration":"bikhāzinīna","Root":"خ ز ن"},{"Position":13,"AudioFileName":null,"TajweedImageFilePath":"22.png","Text":"٢٢","Translation":"(22)","Transliteration":null,"Root":null}],"PageNumber":263,"JuzNumber":14,"ManzilNumber":3,"RukuNumber":219,"MaqraNumber":105,"HizbNumber":27,"HizbDecimal":0.0,"HasSajda":false},{"SurahNumber":15,"SurahIndex":"015","VerseNumber":23,"ShowSurahName":false,"ShowBismillah":false,"Words":[{"Position":1,"AudioFileName":"015_023_001.mp3","TajweedImageFilePath":"15/23/1.png","Text":"وَإِنَّا","Translation":"And indeed, We","Transliteration":"wa-innā","Root":"ا ن ن"},{"Position":2,"AudioFileName":"015_023_002.mp3","TajweedImageFilePath":"15/23/2.png","Text":"لَنَحْنُ","Translation":"surely [We]","Transliteration":"lanaḥnu","Root":"ن ح ن"},{"Position":3,"AudioFileName":"015_023_003.mp3","TajweedImageFilePath":"15/23/3.png","Text":"نُحْىِۦ","Translation":"We give life","Transliteration":"nuḥ'yī","Root":"ح ي ي"},{"Position":4,"AudioFileName":"015_023_004.mp3","TajweedImageFilePath":"15/23/4.png","Text":"وَنُمِيتُ","Translation":"and We cause death","Transliteration":"wanumītu","Root":"م و ت"},{"Position":5,"AudioFileName":"015_023_005.mp3","TajweedImageFilePath":"15/23/5.png","Text":"وَنَحْنُ","Translation":"and We","Transliteration":"wanaḥnu","Root":"ن ح ن"},{"Position":6,"AudioFileName":"015_023_006.mp3","TajweedImageFilePath":"15/23/6.png","Text":"ٱلْوَٰرِثُونَ","Translation":"(are) the Inheritors","Transliteration":"l-wārithūna","Root":"و ر ث"},{"Position":7,"AudioFileName":null,"TajweedImageFilePath":"23.png","Text":"٢٣","Translation":"(23)","Transliteration":null,"Root":null}],"PageNumber":263,"JuzNumber":14,"ManzilNumber":3,"RukuNumber":219,"MaqraNumber":105,"HizbNumber":27,"HizbDecimal":0.0,"HasSajda":false},{"SurahNumber":15,"SurahIndex":"015","VerseNumber":24,"ShowSurahName":false,"ShowBismillah":false,"Words":[{"Position":1,"AudioFileName":"015_024_001.mp3","TajweedImageFilePath":"15/24/1.png","Text":"وَلَقَدْ","Translation":"And verily","Transliteration":"walaqad","Root":"ق د"},{"Position":2,"AudioFileName":"015_024_002.mp3","TajweedImageFilePath":"15/24/2.png","Text":"عَلِمْنَا","Translation":"We know","Transliteration":"ʿalim'nā","Root":"ع ل م"},{"Position":3,"AudioFileName":"015_024_003.mp3","TajweedImageFilePath":"15/24/3.png","Text":"ٱلْمُسْتَقْدِمِينَ","Translation":"the preceding ones","Transliteration":"l-mus'taqdimīna","Root":"ق د م"},{"Position":4,"AudioFileName":"015_024_004.mp3","TajweedImageFilePath":"15/24/4.png","Text":"مِنكُمْ","Translation":"among you","Transliteration":"minkum","Root":"م ن"},{"Position":5,"AudioFileName":"015_024_005.mp3","TajweedImageFilePath":"15/24/5.png","Text":"وَلَقَدْ","Translation":"and verily","Transliteration":"walaqad","Root":"ق د"},{"Position":6,"AudioFileName":"015_024_006.mp3","TajweedImageFilePath":"15/24/6.png","Text":"عَلِمْنَا","Translation":"We know","Transliteration":"ʿalim'nā","Root":"ع ل م"},{"Position":7,"AudioFileName":"015_024_007.mp3","TajweedImageFilePath":"15/24/7.png","Text":"ٱلْمُسْتَـْٔخِرِينَ","Translation":"the later ones","Transliteration":"l-mus'takhirīna","Root":"أ خ ر"},{"Position":8,"AudioFileName":null,"TajweedImageFilePath":"24.png","Text":"٢٤","Translation":"(24)","Transliteration":null,"Root":null}],"PageNumber":263,"JuzNumber":14,"ManzilNumber":3,"RukuNumber":219,"MaqraNumber":105,"HizbNumber":27,"HizbDecimal":0.0,"HasSajda":false},{"SurahNumber":15,"SurahIndex":"015","VerseNumber":25,"ShowSurahName":false,"ShowBismillah":false,"Words":[{"Position":1,"AudioFileName":"015_025_001.mp3","TajweedImageFilePath":"15/25/1.png","Text":"وَإِنَّ","Translation":"And indeed","Transliteration":"wa-inna","Root":"ا ن ن"},{"Position":2,"AudioFileName":"015_025_002.mp3","TajweedImageFilePath":"15/25/2.png","Text":"رَبَّكَ","Translation":"your Lord","Transliteration":"rabbaka","Root":"ر ب ب"},{"Position":3,"AudioFileName":"015_025_003.mp3","TajweedImageFilePath":"15/25/3.png","Text":"هُوَ","Translation":"He","Transliteration":"huwa","Root":"ه و"},{"Position":4,"AudioFileName":"015_025_004.mp3","TajweedImageFilePath":"15/25/4.png","Text":"يَحْشُرُهُمْ ۚ","Translation":"will gather them","Transliteration":"yaḥshuruhum","Root":"ح ش ر"},{"Position":5,"AudioFileName":"015_025_005.mp3","TajweedImageFilePath":"15/25/5.png","Text":"إِنَّهُۥ","Translation":"Indeed, He","Transliteration":"innahu","Root":"ا ن ن"},{"Position":6,"AudioFileName":"015_025_006.mp3","TajweedImageFilePath":"15/25/6.png","Text":"حَكِيمٌ","Translation":"(is) All-Wise","Transliteration":"ḥakīmun","Root":"ح ك م"},{"Position":7,"AudioFileName":"015_025_007.mp3","TajweedImageFilePath":"15/25/7.png","Text":"عَلِيمٌۭ","Translation":"All-Knowing","Transliteration":"ʿalīmun","Root":"ع ل م"},{"Position":8,"AudioFileName":null,"TajweedImageFilePath":"25.png","Text":"٢٥","Translation":"(25)","Transliteration":null,"Root":null}],"PageNumber":263,"JuzNumber":14,"ManzilNumber":3,"RukuNumber":219,"MaqraNumber":105,"HizbNumber":27,"HizbDecimal":0.0,"HasSajda":false},{"SurahNumber":15,"SurahIndex":"015","VerseNumber":26,"ShowSurahName":false,"ShowBismillah":false,"Words":[{"Position":1,"AudioFileName":"015_026_001.mp3","TajweedImageFilePath":"15/26/1.png","Text":"وَلَقَدْ","Translation":"And verily","Transliteration":"walaqad","Root":"ق د"},{"Position":2,"AudioFileName":"015_026_002.mp3","TajweedImageFilePath":"15/26/2.png","Text":"خَلَقْنَا","Translation":"We created","Transliteration":"khalaqnā","Root":"خ ل ق"},{"Position":3,"AudioFileName":"015_026_003.mp3","TajweedImageFilePath":"15/26/3.png","Text":"ٱلْإِنسَـٰنَ","Translation":"humankind","Transliteration":"l-insāna","Root":"أ ن س"},{"Position":4,"AudioFileName":"015_026_004.mp3","TajweedImageFilePath":"15/26/4.png","Text":"مِن","Translation":"(out) of","Transliteration":"min","Root":"م ن"},{"Position":5,"AudioFileName":"015_026_005.mp3","TajweedImageFilePath":"15/26/5.png","Text":"صَلْصَـٰلٍۢ","Translation":"sounding clay","Transliteration":"ṣalṣālin","Root":"ص ل ص ل"},{"Position":6,"AudioFileName":"015_026_006.mp3","TajweedImageFilePath":"15/26/6.png","Text":"مِّنْ","Translation":"from","Transliteration":"min","Root":"م ن"},{"Position":7,"AudioFileName":"015_026_007.mp3","TajweedImageFilePath":"15/26/7.png","Text":"حَمَإٍۢ","Translation":"black mud","Transliteration":"ḥama-in","Root":"ح م أ"},{"Position":8,"AudioFileName":"015_026_008.mp3","TajweedImageFilePath":"15/26/8.png","Text":"مَّسْنُونٍۢ","Translation":"altered","Transliteration":"masnūnin","Root":"س ن ن"},{"Position":9,"AudioFileName":null,"TajweedImageFilePath":"26.png","Text":"٢٦","Translation":"(26)","Transliteration":null,"Root":null}],"PageNumber":263,"JuzNumber":14,"ManzilNumber":3,"RukuNumber":220,"MaqraNumber":105,"HizbNumber":27,"HizbDecimal":0.0,"HasSajda":false},{"SurahNumber":15,"SurahIndex":"015","VerseNumber":27,"ShowSurahName":false,"ShowBismillah":false,"Words":[{"Position":1,"AudioFileName":"015_027_001.mp3","TajweedImageFilePath":"15/27/1.png","Text":"وَٱلْجَآنَّ","Translation":"And the jinn","Transliteration":"wal-jāna","Root":"ج ن ن"},{"Position":2,"AudioFileName":"015_027_002.mp3","TajweedImageFilePath":"15/27/2.png","Text":"خَلَقْنَـٰهُ","Translation":"We created it","Transliteration":"khalaqnāhu","Root":"خ ل ق"},{"Position":3,"AudioFileName":"015_027_003.mp3","TajweedImageFilePath":"15/27/3.png","Text":"مِن","Translation":"before","Transliteration":"min","Root":"م ن"},{"Position":4,"AudioFileName":"015_027_004.mp3","TajweedImageFilePath":"15/27/4.png","Text":"قَبْلُ","Translation":"before","Transliteration":"qablu","Root":"ق ب ل"},{"Position":5,"AudioFileName":"015_027_005.mp3","TajweedImageFilePath":"15/27/5.png","Text":"مِن","Translation":"from","Transliteration":"min","Root":"م ن"},{"Position":6,"AudioFileName":"015_027_006.mp3","TajweedImageFilePath":"15/27/6.png","Text":"نَّارِ","Translation":"fire","Transliteration":"nāri","Root":"ن و ر"},{"Position":7,"AudioFileName":"015_027_007.mp3","TajweedImageFilePath":"15/27/7.png","Text":"ٱلسَّمُومِ","Translation":"scorching","Transliteration":"l-samūmi","Root":"س م م"},{"Position":8,"AudioFileName":null,"TajweedImageFilePath":"27.png","Text":"٢٧","Translation":"(27)","Transliteration":null,"Root":null}],"PageNumber":263,"JuzNumber":14,"ManzilNumber":3,"RukuNumber":220,"MaqraNumber":105,"HizbNumber":27,"HizbDecimal":0.0,"HasSajda":false},{"SurahNumber":15,"SurahIndex":"015","VerseNumber":28,"ShowSurahName":false,"ShowBismillah":false,"Words":[{"Position":1,"AudioFileName":"015_028_001.mp3","TajweedImageFilePath":"15/28/1.png","Text":"وَإِذْ","Translation":"And when","Transliteration":"wa-idh","Root":"إِذ"},{"Position":2,"AudioFileName":"015_028_002.mp3","TajweedImageFilePath":"15/28/2.png","Text":"قَالَ","Translation":"your Lord said","Transliteration":"qāla","Root":"ق و ل"},{"Position":3,"AudioFileName":"015_028_003.mp3","TajweedImageFilePath":"15/28/3.png","Text":"رَبُّكَ","Translation":"your Lord said","Transliteration":"rabbuka","Root":"ر ب ب"},{"Position":4,"AudioFileName":"015_028_004.mp3","TajweedImageFilePath":"15/28/4.png","Text":"لِلْمَلَـٰٓئِكَةِ","Translation":"to the Angels","Transliteration":"lil'malāikati","Root":"م ل ك"},{"Position":5,"AudioFileName":"015_028_005.mp3","TajweedImageFilePath":"15/28/5.png","Text":"إِنِّى","Translation":"Indeed, I","Transliteration":"innī","Root":"ا ن ن"},{"Position":6,"AudioFileName":"015_028_006.mp3","TajweedImageFilePath":"15/28/6.png","Text":"خَـٰلِقٌۢ","Translation":"(will) create","Transliteration":"khāliqun","Root":"خ ل ق"},{"Position":7,"AudioFileName":"015_028_007.mp3","TajweedImageFilePath":"15/28/7.png","Text":"بَشَرًۭا","Translation":"a human being","Transliteration":"basharan","Root":"ب ش ر"},{"Position":8,"AudioFileName":"015_028_008.mp3","TajweedImageFilePath":"15/28/8.png","Text":"مِّن","Translation":"(out) of","Transliteration":"min","Root":"م ن"},{"Position":9,"AudioFileName":"015_028_009.mp3","TajweedImageFilePath":"15/28/9.png","Text":"صَلْصَـٰلٍۢ","Translation":"clay","Transliteration":"ṣalṣālin","Root":"ص ل ص ل"},{"Position":10,"AudioFileName":"015_028_010.mp3","TajweedImageFilePath":"15/28/10.png","Text":"مِّنْ","Translation":"from","Transliteration":"min","Root":"م ن"},{"Position":11,"AudioFileName":"015_028_011.mp3","TajweedImageFilePath":"15/28/11.png","Text":"حَمَإٍۢ","Translation":"black mud","Transliteration":"ḥama-in","Root":"ح م أ"},{"Position":12,"AudioFileName":"015_028_012.mp3","TajweedImageFilePath":"15/28/12.png","Text":"مَّسْنُونٍۢ","Translation":"altered","Transliteration":"masnūnin","Root":"س ن ن"},{"Position":13,"AudioFileName":null,"TajweedImageFilePath":"28.png","Text":"٢٨","Translation":"(28)","Transliteration":null,"Root":null}],"PageNumber":263,"JuzNumber":14,"ManzilNumber":3,"RukuNumber":220,"MaqraNumber":105,"HizbNumber":27,"HizbDecimal":0.0,"HasSajda":false},{"SurahNumber":15,"SurahIndex":"015","VerseNumber":29,"ShowSurahName":false,"ShowBismillah":false,"Words":[{"Position":1,"AudioFileName":"015_029_001.mp3","TajweedImageFilePath":"15/29/1.png","Text":"فَإِذَا","Translation":"So, when","Transliteration":"fa-idhā","Root":"إِذَا"},{"Position":2,"AudioFileName":"015_029_002.mp3","TajweedImageFilePath":"15/29/2.png","Text":"سَوَّيْتُهُۥ","Translation":"I have fashioned him","Transliteration":"sawwaytuhu","Root":"س و ي"},{"Position":3,"AudioFileName":"015_029_003.mp3","TajweedImageFilePath":"15/29/3.png","Text":"وَنَفَخْتُ","Translation":"and [I] breathed","Transliteration":"wanafakhtu","Root":"ن ف خ"},{"Position":4,"AudioFileName":"015_029_004.mp3","TajweedImageFilePath":"15/29/4.png","Text":"فِيهِ","Translation":"into him","Transliteration":"fīhi","Root":"ف ى"},{"Position":5,"AudioFileName":"015_029_005.mp3","TajweedImageFilePath":"15/29/5.png","Text":"مِن","Translation":"of","Transliteration":"min","Root":"م ن"},{"Position":6,"AudioFileName":"015_029_006.mp3","TajweedImageFilePath":"15/29/6.png","Text":"رُّوحِى","Translation":"My spirit","Transliteration":"rūḥī","Root":"ر و ح"},{"Position":7,"AudioFileName":"015_029_007.mp3","TajweedImageFilePath":"15/29/7.png","Text":"فَقَعُوا۟","Translation":"then fall down","Transliteration":"faqaʿū","Root":"و ق ع"},{"Position":8,"AudioFileName":"015_029_008.mp3","TajweedImageFilePath":"15/29/8.png","Text":"لَهُۥ","Translation":"to him","Transliteration":"lahu","Root":"ل"},{"Position":9,"AudioFileName":"015_029_009.mp3","TajweedImageFilePath":"15/29/9.png","Text":"سَـٰجِدِينَ","Translation":"prostrating","Transliteration":"sājidīna","Root":"س ج د"},{"Position":10,"AudioFileName":null,"TajweedImageFilePath":"29.png","Text":"٢٩","Translation":"(29)","Transliteration":null,"Root":null}],"PageNumber":263,"JuzNumber":14,"ManzilNumber":3,"RukuNumber":220,"MaqraNumber":105,"HizbNumber":27,"HizbDecimal":0.0,"HasSajda":false},{"SurahNumber":15,"SurahIndex":"015","VerseNumber":30,"ShowSurahName":false,"ShowBismillah":false,"Words":[{"Position":1,"AudioFileName":"015_030_001.mp3","TajweedImageFilePath":"15/30/1.png","Text":"فَسَجَدَ","Translation":"So prostrated","Transliteration":"fasajada","Root":"س ج د"},{"Position":2,"AudioFileName":"015_030_002.mp3","TajweedImageFilePath":"15/30/2.png","Text":"ٱلْمَلَـٰٓئِكَةُ","Translation":"the Angels","Transliteration":"l-malāikatu","Root":"م ل ك"},{"Position":3,"AudioFileName":"015_030_003.mp3","TajweedImageFilePath":"15/30/3.png","Text":"كُلُّهُمْ","Translation":"all of them","Transliteration":"kulluhum","Root":"ك ل ل"},{"Position":4,"AudioFileName":"015_030_004.mp3","TajweedImageFilePath":"15/30/4.png","Text":"أَجْمَعُونَ","Translation":"together","Transliteration":"ajmaʿūna","Root":"ج م ع"},{"Position":5,"AudioFileName":null,"TajweedImageFilePath":"30.png","Text":"٣٠","Translation":"(30)","Transliteration":null,"Root":null}],"PageNumber":263,"JuzNumber":14,"ManzilNumber":3,"RukuNumber":220,"MaqraNumber":105,"HizbNumber":27,"HizbDecimal":0.0,"HasSajda":false},{"SurahNumber":15,"SurahIndex":"015","VerseNumber":31,"ShowSurahName":false,"ShowBismillah":false,"Words":[{"Position":1,"AudioFileName":"015_031_001.mp3","TajweedImageFilePath":"15/31/1.png","Text":"إِلَّآ","Translation":"Except","Transliteration":"illā","Root":"إِلَّا"},{"Position":2,"AudioFileName":"015_031_002.mp3","TajweedImageFilePath":"15/31/2.png","Text":"إِبْلِيسَ","Translation":"Iblis","Transliteration":"ib'līsa","Root":"إِبْلِيس"},{"Position":3,"AudioFileName":"015_031_003.mp3","TajweedImageFilePath":"15/31/3.png","Text":"أَبَىٰٓ","Translation":"He refused","Transliteration":"abā","Root":"أ ب ي"},{"Position":4,"AudioFileName":"015_031_004.mp3","TajweedImageFilePath":"15/31/4.png","Text":"أَن","Translation":"to","Transliteration":"an","Root":"ا ن"},{"Position":5,"AudioFileName":"015_031_005.mp3","TajweedImageFilePath":"15/31/5.png","Text":"يَكُونَ","Translation":"be","Transliteration":"yakūna","Root":"ك و ن"},{"Position":6,"AudioFileName":"015_031_006.mp3","TajweedImageFilePath":"15/31/6.png","Text":"مَعَ","Translation":"with","Transliteration":"maʿa","Root":"م ع"},{"Position":7,"AudioFileName":"015_031_007.mp3","TajweedImageFilePath":"15/31/7.png","Text":"ٱلسَّـٰجِدِينَ","Translation":"those who prostrated","Transliteration":"l-sājidīna","Root":"س ج د"},{"Position":8,"AudioFileName":null,"TajweedImageFilePath":"31.png","Text":"٣١","Translation":"(31)","Transliteration":null,"Root":null}],"PageNumber":263,"JuzNumber":14,"ManzilNumber":3,"RukuNumber":220,"MaqraNumber":105,"HizbNumber":27,"HizbDecimal":0.0,"HasSajda":false},{"SurahNumber":15,"SurahIndex":"015","VerseNumber":32,"ShowSurahName":false,"ShowBismillah":false,"Words":[{"Position":1,"AudioFileName":"015_032_001.mp3","TajweedImageFilePath":"15/32/1.png","Text":"قَالَ","Translation":"He said","Transliteration":"qāla","Root":"ق و ل"},{"Position":2,"AudioFileName":"015_032_002.mp3","TajweedImageFilePath":"15/32/2.png","Text":"يَـٰٓإِبْلِيسُ","Translation":"O Iblis","Transliteration":"yāib'līsu","Root":"إِبْلِيس"},{"Position":3,"AudioFileName":"015_032_003.mp3","TajweedImageFilePath":"15/32/3.png","Text":"مَا","Translation":"What","Transliteration":"mā","Root":"م ا"},{"Position":4,"AudioFileName":"015_032_004.mp3","TajweedImageFilePath":"15/32/4.png","Text":"لَكَ","Translation":"(is) for you","Transliteration":"laka","Root":"ل"},{"Position":5,"AudioFileName":"015_032_005.mp3","TajweedImageFilePath":"15/32/5.png","Text":"أَلَّا","Translation":"that not","Transliteration":"allā","Root":"ا ل ل ا"},{"Position":6,"AudioFileName":"015_032_006.mp3","TajweedImageFilePath":"15/32/6.png","Text":"تَكُونَ","Translation":"you are","Transliteration":"takūna","Root":"ك و ن"},{"Position":7,"AudioFileName":"015_032_007.mp3","TajweedImageFilePath":"15/32/7.png","Text":"مَعَ","Translation":"with","Transliteration":"maʿa","Root":"م ع"},{"Position":8,"AudioFileName":"015_032_008.mp3","TajweedImageFilePath":"15/32/8.png","Text":"ٱلسَّـٰجِدِينَ","Translation":"those who prostrated","Transliteration":"l-sājidīna","Root":"س ج د"},{"Position":9,"AudioFileName":null,"TajweedImageFilePath":"32.png","Text":"٣٢","Translation":"(32)","Transliteration":null,"Root":null}],"PageNumber":264,"JuzNumber":14,"ManzilNumber":3,"RukuNumber":220,"MaqraNumber":105,"HizbNumber":27,"HizbDecimal":0.0,"HasSajda":false},{"SurahNumber":15,"SurahIndex":"015","VerseNumber":33,"ShowSurahName":false,"ShowBismillah":false,"Words":[{"Position":1,"AudioFileName":"015_033_001.mp3","TajweedImageFilePath":"15/33/1.png","Text":"قَالَ","Translation":"He said","Transliteration":"qāla","Root":"ق و ل"},{"Position":2,"AudioFileName":"015_033_002.mp3","TajweedImageFilePath":"15/33/2.png","Text":"لَمْ","Translation":"I am not","Transliteration":"lam","Root":"ل م"},{"Position":3,"AudioFileName":"015_033_003.mp3","TajweedImageFilePath":"15/33/3.png","Text":"أَكُن","Translation":"I am not","Transliteration":"akun","Root":"ك و ن"},{"Position":4,"AudioFileName":"015_033_004.mp3","TajweedImageFilePath":"15/33/4.png","Text":"لِّأَسْجُدَ","Translation":"(one) to prostrate","Transliteration":"li-asjuda","Root":"س ج د"},{"Position":5,"AudioFileName":"015_033_005.mp3","TajweedImageFilePath":"15/33/5.png","Text":"لِبَشَرٍ","Translation":"to a human","Transliteration":"libasharin","Root":"ب ش ر"},{"Position":6,"AudioFileName":"015_033_006.mp3","TajweedImageFilePath":"15/33/6.png","Text":"خَلَقْتَهُۥ","Translation":"whom You created","Transliteration":"khalaqtahu","Root":"خ ل ق"},{"Position":7,"AudioFileName":"015_033_007.mp3","TajweedImageFilePath":"15/33/7.png","Text":"مِن","Translation":"(out) of","Transliteration":"min","Root":"م ن"},{"Position":8,"AudioFileName":"015_033_008.mp3","TajweedImageFilePath":"15/33/8.png","Text":"صَلْصَـٰلٍۢ","Translation":"clay","Transliteration":"ṣalṣālin","Root":"ص ل ص ل"},{"Position":9,"AudioFileName":"015_033_009.mp3","TajweedImageFilePath":"15/33/9.png","Text":"مِّنْ","Translation":"from","Transliteration":"min","Root":"م ن"},{"Position":10,"AudioFileName":"015_033_010.mp3","TajweedImageFilePath":"15/33/10.png","Text":"حَمَإٍۢ","Translation":"black mud","Transliteration":"ḥama-in","Root":"ح م أ"},{"Position":11,"AudioFileName":"015_033_011.mp3","TajweedImageFilePath":"15/33/11.png","Text":"مَّسْنُونٍۢ","Translation":"altered","Transliteration":"masnūnin","Root":"س ن ن"},{"Position":12,"AudioFileName":null,"TajweedImageFilePath":"33.png","Text":"٣٣","Translation":"(33)","Transliteration":null,"Root":null}],"PageNumber":264,"JuzNumber":14,"ManzilNumber":3,"RukuNumber":220,"MaqraNumber":105,"HizbNumber":27,"HizbDecimal":0.0,"HasSajda":false},{"SurahNumber":15,"SurahIndex":"015","VerseNumber":34,"ShowSurahName":false,"ShowBismillah":false,"Words":[{"Position":1,"AudioFileName":"015_034_001.mp3","TajweedImageFilePath":"15/34/1.png","Text":"قَالَ","Translation":"He said","Transliteration":"qāla","Root":"ق و ل"},{"Position":2,"AudioFileName":"015_034_002.mp3","TajweedImageFilePath":"15/34/2.png","Text":"فَٱخْرُجْ","Translation":"Then get out","Transliteration":"fa-ukh'ruj","Root":"خ ر ج"},{"Position":3,"AudioFileName":"015_034_003.mp3","TajweedImageFilePath":"15/34/3.png","Text":"مِنْهَا","Translation":"of it","Transliteration":"min'hā","Root":"م ن"},{"Position":4,"AudioFileName":"015_034_004.mp3","TajweedImageFilePath":"15/34/4.png","Text":"فَإِنَّكَ","Translation":"for indeed, you","Transliteration":"fa-innaka","Root":"ا ن ن"},{"Position":5,"AudioFileName":"015_034_005.mp3","TajweedImageFilePath":"15/34/5.png","Text":"رَجِيمٌۭ","Translation":"(are) expelled","Transliteration":"rajīmun","Root":"ر ج م"},{"Position":6,"AudioFileName":null,"TajweedImageFilePath":"34.png","Text":"٣٤","Translation":"(34)","Transliteration":null,"Root":null}],"PageNumber":264,"JuzNumber":14,"ManzilNumber":3,"RukuNumber":220,"MaqraNumber":105,"HizbNumber":27,"HizbDecimal":0.0,"HasSajda":false},{"SurahNumber":15,"SurahIndex":"015","VerseNumber":35,"ShowSurahName":false,"ShowBismillah":false,"Words":[{"Position":1,"AudioFileName":"015_035_001.mp3","TajweedImageFilePath":"15/35/1.png","Text":"وَإِنَّ","Translation":"And indeed","Transliteration":"wa-inna","Root":"ا ن ن"},{"Position":2,"AudioFileName":"015_035_002.mp3","TajweedImageFilePath":"15/35/2.png","Text":"عَلَيْكَ","Translation":"upon you","Transliteration":"ʿalayka","Root":"ع ل ى"},{"Position":3,"AudioFileName":"015_035_003.mp3","TajweedImageFilePath":"15/35/3.png","Text":"ٱللَّعْنَةَ","Translation":"(will be) the curse","Transliteration":"l-laʿnata","Root":"ل ع ن"},{"Position":4,"AudioFileName":"015_035_004.mp3","TajweedImageFilePath":"15/35/4.png","Text":"إِلَىٰ","Translation":"till","Transliteration":"ilā","Root":"إِلَىٰ"},{"Position":5,"AudioFileName":"015_035_005.mp3","TajweedImageFilePath":"15/35/5.png","Text":"يَوْمِ","Translation":"(the) Day","Transliteration":"yawmi","Root":"ي و م"},{"Position":6,"AudioFileName":"015_035_006.mp3","TajweedImageFilePath":"15/35/6.png","Text":"ٱلدِّينِ","Translation":"(of) [the] Judgment","Transliteration":"l-dīni","Root":"د ي ن"},{"Position":7,"AudioFileName":null,"TajweedImageFilePath":"35.png","Text":"٣٥","Translation":"(35)","Transliteration":null,"Root":null}],"PageNumber":264,"JuzNumber":14,"ManzilNumber":3,"RukuNumber":220,"MaqraNumber":105,"HizbNumber":27,"HizbDecimal":0.0,"HasSajda":false},{"SurahNumber":15,"SurahIndex":"015","VerseNumber":36,"ShowSurahName":false,"ShowBismillah":false,"Words":[{"Position":1,"AudioFileName":"015_036_001.mp3","TajweedImageFilePath":"15/36/1.png","Text":"قَالَ","Translation":"He said","Transliteration":"qāla","Root":"ق و ل"},{"Position":2,"AudioFileName":"015_036_002.mp3","TajweedImageFilePath":"15/36/2.png","Text":"رَبِّ","Translation":"O my Lord","Transliteration":"rabbi","Root":"ر ب ب"},{"Position":3,"AudioFileName":"015_036_003.mp3","TajweedImageFilePath":"15/36/3.png","Text":"فَأَنظِرْنِىٓ","Translation":"Then give me respite","Transliteration":"fa-anẓir'nī","Root":"ن ظ ر"},{"Position":4,"AudioFileName":"015_036_004.mp3","TajweedImageFilePath":"15/36/4.png","Text":"إِلَىٰ","Translation":"till","Transliteration":"ilā","Root":"إِلَىٰ"},{"Position":5,"AudioFileName":"015_036_005.mp3","TajweedImageFilePath":"15/36/5.png","Text":"يَوْمِ","Translation":"(the) Day","Transliteration":"yawmi","Root":"ي و م"},{"Position":6,"AudioFileName":"015_036_006.mp3","TajweedImageFilePath":"15/36/6.png","Text":"يُبْعَثُونَ","Translation":"they are raised","Transliteration":"yub'ʿathūna","Root":"ب ع ث"},{"Position":7,"AudioFileName":null,"TajweedImageFilePath":"36.png","Text":"٣٦","Translation":"(36)","Transliteration":null,"Root":null}],"PageNumber":264,"JuzNumber":14,"ManzilNumber":3,"RukuNumber":220,"MaqraNumber":105,"HizbNumber":27,"HizbDecimal":0.0,"HasSajda":false},{"SurahNumber":15,"SurahIndex":"015","VerseNumber":37,"ShowSurahName":false,"ShowBismillah":false,"Words":[{"Position":1,"AudioFileName":"015_037_001.mp3","TajweedImageFilePath":"15/37/1.png","Text":"قَالَ","Translation":"He said","Transliteration":"qāla","Root":"ق و ل"},{"Position":2,"AudioFileName":"015_037_002.mp3","TajweedImageFilePath":"15/37/2.png","Text":"فَإِنَّكَ","Translation":"Then indeed you","Transliteration":"fa-innaka","Root":"ا ن ن"},{"Position":3,"AudioFileName":"015_037_003.mp3","TajweedImageFilePath":"15/37/3.png","Text":"مِنَ","Translation":"(are) of","Transliteration":"mina","Root":"م ن"},{"Position":4,"AudioFileName":"015_037_004.mp3","TajweedImageFilePath":"15/37/4.png","Text":"ٱلْمُنظَرِينَ","Translation":"the ones given respite","Transliteration":"l-munẓarīna","Root":"ن ظ ر"},{"Position":5,"AudioFileName":null,"TajweedImageFilePath":"37.png","Text":"٣٧","Translation":"(37)","Transliteration":null,"Root":null}],"PageNumber":264,"JuzNumber":14,"ManzilNumber":3,"RukuNumber":220,"MaqraNumber":105,"HizbNumber":27,"HizbDecimal":0.0,"HasSajda":false},{"SurahNumber":15,"SurahIndex":"015","VerseNumber":38,"ShowSurahName":false,"ShowBismillah":false,"Words":[{"Position":1,"AudioFileName":"015_038_001.mp3","TajweedImageFilePath":"15/38/1.png","Text":"إِلَىٰ","Translation":"Till","Transliteration":"ilā","Root":"إِلَىٰ"},{"Position":2,"AudioFileName":"015_038_002.mp3","TajweedImageFilePath":"15/38/2.png","Text":"يَوْمِ","Translation":"the Day","Transliteration":"yawmi","Root":"ي و م"},{"Position":3,"AudioFileName":"015_038_003.mp3","TajweedImageFilePath":"15/38/3.png","Text":"ٱلْوَقْتِ","Translation":"(of) the time","Transliteration":"l-waqti","Root":"و ق ت"},{"Position":4,"AudioFileName":"015_038_004.mp3","TajweedImageFilePath":"15/38/4.png","Text":"ٱلْمَعْلُومِ","Translation":"well-known","Transliteration":"l-maʿlūmi","Root":"ع ل م"},{"Position":5,"AudioFileName":null,"TajweedImageFilePath":"38.png","Text":"٣٨","Translation":"(38)","Transliteration":null,"Root":null}],"PageNumber":264,"JuzNumber":14,"ManzilNumber":3,"RukuNumber":220,"MaqraNumber":105,"HizbNumber":27,"HizbDecimal":0.0,"HasSajda":false},{"SurahNumber":15,"SurahIndex":"015","VerseNumber":39,"ShowSurahName":false,"ShowBismillah":false,"Words":[{"Position":1,"AudioFileName":"015_039_001.mp3","TajweedImageFilePath":"15/39/1.png","Text":"قَالَ","Translation":"He said","Transliteration":"qāla","Root":"ق و ل"},{"Position":2,"AudioFileName":"015_039_002.mp3","TajweedImageFilePath":"15/39/2.png","Text":"رَبِّ","Translation":"My Lord","Transliteration":"rabbi","Root":"ر ب ب"},{"Position":3,"AudioFileName":"015_039_003.mp3","TajweedImageFilePath":"15/39/3.png","Text":"بِمَآ","Translation":"Because","Transliteration":"bimā","Root":"ب م ا"},{"Position":4,"AudioFileName":"015_039_004.mp3","TajweedImageFilePath":"15/39/4.png","Text":"أَغْوَيْتَنِى","Translation":"You misled me","Transliteration":"aghwaytanī","Root":"غ و ي"},{"Position":5,"AudioFileName":"015_039_005.mp3","TajweedImageFilePath":"15/39/5.png","Text":"لَأُزَيِّنَنَّ","Translation":"surely, I will make (evil) fair-seeming","Transliteration":"la-uzayyinanna","Root":"ز ي ن"},{"Position":6,"AudioFileName":"015_039_006.mp3","TajweedImageFilePath":"15/39/6.png","Text":"لَهُمْ","Translation":"to them","Transliteration":"lahum","Root":"ل"},{"Position":7,"AudioFileName":"015_039_007.mp3","TajweedImageFilePath":"15/39/7.png","Text":"فِى","Translation":"in","Transliteration":"fī","Root":"ف ى"},{"Position":8,"AudioFileName":"015_039_008.mp3","TajweedImageFilePath":"15/39/8.png","Text":"ٱلْأَرْضِ","Translation":"the earth","Transliteration":"l-arḍi","Root":"أ ر ض"},{"Position":9,"AudioFileName":"015_039_009.mp3","TajweedImageFilePath":"15/39/9.png","Text":"وَلَأُغْوِيَنَّهُمْ","Translation":"and I will mislead them","Transliteration":"wala-ugh'wiyannahum","Root":"غ و ي"},{"Position":10,"AudioFileName":"015_039_010.mp3","TajweedImageFilePath":"15/39/10.png","Text":"أَجْمَعِينَ","Translation":"all","Transliteration":"ajmaʿīna","Root":"ج م ع"},{"Position":11,"AudioFileName":null,"TajweedImageFilePath":"39.png","Text":"٣٩","Translation":"(39)","Transliteration":null,"Root":null}],"PageNumber":264,"JuzNumber":14,"ManzilNumber":3,"RukuNumber":220,"MaqraNumber":105,"HizbNumber":27,"HizbDecimal":0.0,"HasSajda":false},{"SurahNumber":15,"SurahIndex":"015","VerseNumber":40,"ShowSurahName":false,"ShowBismillah":false,"Words":[{"Position":1,"AudioFileName":"015_040_001.mp3","TajweedImageFilePath":"15/40/1.png","Text":"إِلَّا","Translation":"Except","Transliteration":"illā","Root":"إِلَّا"},{"Position":2,"AudioFileName":"015_040_002.mp3","TajweedImageFilePath":"15/40/2.png","Text":"عِبَادَكَ","Translation":"Your slaves","Transliteration":"ʿibādaka","Root":"ع ب د"},{"Position":3,"AudioFileName":"015_040_003.mp3","TajweedImageFilePath":"15/40/3.png","Text":"مِنْهُمُ","Translation":"among them","Transliteration":"min'humu","Root":"م ن"},{"Position":4,"AudioFileName":"015_040_004.mp3","TajweedImageFilePath":"15/40/4.png","Text":"ٱلْمُخْلَصِينَ","Translation":"the ones who are sincere","Transliteration":"l-mukh'laṣīna","Root":"خ ل ص"},{"Position":5,"AudioFileName":null,"TajweedImageFilePath":"40.png","Text":"٤٠","Translation":"(40)","Transliteration":null,"Root":null}],"PageNumber":264,"JuzNumber":14,"ManzilNumber":3,"RukuNumber":220,"MaqraNumber":105,"HizbNumber":27,"HizbDecimal":0.0,"HasSajda":false},{"SurahNumber":15,"SurahIndex":"015","VerseNumber":41,"ShowSurahName":false,"ShowBismillah":false,"Words":[{"Position":1,"AudioFileName":"015_041_001.mp3","TajweedImageFilePath":"15/41/1.png","Text":"قَالَ","Translation":"He said","Transliteration":"qāla","Root":"ق و ل"},{"Position":2,"AudioFileName":"015_041_002.mp3","TajweedImageFilePath":"15/41/2.png","Text":"هَـٰذَا","Translation":"This","Transliteration":"hādhā","Root":"ه ا ذ"},{"Position":3,"AudioFileName":"015_041_003.mp3","TajweedImageFilePath":"15/41/3.png","Text":"صِرَٰطٌ","Translation":"(is) the way","Transliteration":"ṣirāṭun","Root":"ص ر ط"},{"Position":4,"AudioFileName":"015_041_004.mp3","TajweedImageFilePath":"15/41/4.png","Text":"عَلَىَّ","Translation":"to Me","Transliteration":"ʿalayya","Root":"ع ل ى"},{"Position":5,"AudioFileName":"015_041_005.mp3","TajweedImageFilePath":"15/41/5.png","Text":"مُسْتَقِيمٌ","Translation":"straight","Transliteration":"mus'taqīmun","Root":"ق و م"},{"Position":6,"AudioFileName":null,"TajweedImageFilePath":"41.png","Text":"٤١","Translation":"(41)","Transliteration":null,"Root":null}],"PageNumber":264,"JuzNumber":14,"ManzilNumber":3,"RukuNumber":220,"MaqraNumber":105,"HizbNumber":27,"HizbDecimal":0.0,"HasSajda":false},{"SurahNumber":15,"SurahIndex":"015","VerseNumber":42,"ShowSurahName":false,"ShowBismillah":false,"Words":[{"Position":1,"AudioFileName":"015_042_001.mp3","TajweedImageFilePath":"15/42/1.png","Text":"إِنَّ","Translation":"Indeed","Transliteration":"inna","Root":"ا ن ن"},{"Position":2,"AudioFileName":"015_042_002.mp3","TajweedImageFilePath":"15/42/2.png","Text":"عِبَادِى","Translation":"My slaves","Transliteration":"ʿibādī","Root":"ع ب د"},{"Position":3,"AudioFileName":"015_042_003.mp3","TajweedImageFilePath":"15/42/3.png","Text":"لَيْسَ","Translation":"not","Transliteration":"laysa","Root":"ل ي س"},{"Position":4,"AudioFileName":"015_042_004.mp3","TajweedImageFilePath":"15/42/4.png","Text":"لَكَ","Translation":"you have","Transliteration":"laka","Root":"ل"},{"Position":5,"AudioFileName":"015_042_005.mp3","TajweedImageFilePath":"15/42/5.png","Text":"عَلَيْهِمْ","Translation":"over them","Transliteration":"ʿalayhim","Root":"ع ل ى"},{"Position":6,"AudioFileName":"015_042_006.mp3","TajweedImageFilePath":"15/42/6.png","Text":"سُلْطَـٰنٌ","Translation":"any authority","Transliteration":"sul'ṭānun","Root":"س ل ط"},{"Position":7,"AudioFileName":"015_042_007.mp3","TajweedImageFilePath":"15/42/7.png","Text":"إِلَّا","Translation":"except","Transliteration":"illā","Root":"إِلَّا"},{"Position":8,"AudioFileName":"015_042_008.mp3","TajweedImageFilePath":"15/42/8.png","Text":"مَنِ","Translation":"those who","Transliteration":"mani","Root":"م ن"},{"Position":9,"AudioFileName":"015_042_009.mp3","TajweedImageFilePath":"15/42/9.png","Text":"ٱتَّبَعَكَ","Translation":"follow you","Transliteration":"ittabaʿaka","Root":"ت ب ع"},{"Position":10,"AudioFileName":"015_042_010.mp3","TajweedImageFilePath":"15/42/10.png","Text":"مِنَ","Translation":"of","Transliteration":"mina","Root":"م ن"},{"Position":11,"AudioFileName":"015_042_011.mp3","TajweedImageFilePath":"15/42/11.png","Text":"ٱلْغَاوِينَ","Translation":"the ones who go astray","Transliteration":"l-ghāwīna","Root":"غ و ي"},{"Position":12,"AudioFileName":null,"TajweedImageFilePath":"42.png","Text":"٤٢","Translation":"(42)","Transliteration":null,"Root":null}],"PageNumber":264,"JuzNumber":14,"ManzilNumber":3,"RukuNumber":220,"MaqraNumber":105,"HizbNumber":27,"HizbDecimal":0.0,"HasSajda":false},{"SurahNumber":15,"SurahIndex":"015","VerseNumber":43,"ShowSurahName":false,"ShowBismillah":false,"Words":[{"Position":1,"AudioFileName":"015_043_001.mp3","TajweedImageFilePath":"15/43/1.png","Text":"وَإِنَّ","Translation":"And indeed","Transliteration":"wa-inna","Root":"ا ن ن"},{"Position":2,"AudioFileName":"015_043_002.mp3","TajweedImageFilePath":"15/43/2.png","Text":"جَهَنَّمَ","Translation":"Hell","Transliteration":"jahannama","Root":"ج ه ن م"},{"Position":3,"AudioFileName":"015_043_003.mp3","TajweedImageFilePath":"15/43/3.png","Text":"لَمَوْعِدُهُمْ","Translation":"(is) surely the promised place for them","Transliteration":"lamawʿiduhum","Root":"و ع د"},{"Position":4,"AudioFileName":"015_043_004.mp3","TajweedImageFilePath":"15/43/4.png","Text":"أَجْمَعِينَ","Translation":"all","Transliteration":"ajmaʿīna","Root":"ج م ع"},{"Position":5,"AudioFileName":null,"TajweedImageFilePath":"43.png","Text":"٤٣","Translation":"(43)","Transliteration":null,"Root":null}],"PageNumber":264,"JuzNumber":14,"ManzilNumber":3,"RukuNumber":220,"MaqraNumber":105,"HizbNumber":27,"HizbDecimal":0.0,"HasSajda":false},{"SurahNumber":15,"SurahIndex":"015","VerseNumber":44,"ShowSurahName":false,"ShowBismillah":false,"Words":[{"Position":1,"AudioFileName":"015_044_001.mp3","TajweedImageFilePath":"15/44/1.png","Text":"لَهَا","Translation":"For it","Transliteration":"lahā","Root":"ل"},{"Position":2,"AudioFileName":"015_044_002.mp3","TajweedImageFilePath":"15/44/2.png","Text":"سَبْعَةُ","Translation":"(are) seven","Transliteration":"sabʿatu","Root":"س ب ع"},{"Position":3,"AudioFileName":"015_044_003.mp3","TajweedImageFilePath":"15/44/3.png","Text":"أَبْوَٰبٍۢ","Translation":"gates","Transliteration":"abwābin","Root":"ب و ب"},{"Position":4,"AudioFileName":"015_044_004.mp3","TajweedImageFilePath":"15/44/4.png","Text":"لِّكُلِّ","Translation":"for each","Transliteration":"likulli","Root":"ك ل ل"},{"Position":5,"AudioFileName":"015_044_005.mp3","TajweedImageFilePath":"15/44/5.png","Text":"بَابٍۢ","Translation":"gate","Transliteration":"bābin","Root":"ب و ب"},{"Position":6,"AudioFileName":"015_044_006.mp3","TajweedImageFilePath":"15/44/6.png","Text":"مِّنْهُمْ","Translation":"among them","Transliteration":"min'hum","Root":"م ن"},{"Position":7,"AudioFileName":"015_044_007.mp3","TajweedImageFilePath":"15/44/7.png","Text":"جُزْءٌۭ","Translation":"(is) a portion","Transliteration":"juz'on","Root":"ج ز أ"},{"Position":8,"AudioFileName":"015_044_008.mp3","TajweedImageFilePath":"15/44/8.png","Text":"مَّقْسُومٌ","Translation":"assigned","Transliteration":"maqsūmun","Root":"ق س م"},{"Position":9,"AudioFileName":null,"TajweedImageFilePath":"44.png","Text":"٤٤","Translation":"(44)","Transliteration":null,"Root":null}],"PageNumber":264,"JuzNumber":14,"ManzilNumber":3,"RukuNumber":220,"MaqraNumber":105,"HizbNumber":27,"HizbDecimal":0.0,"HasSajda":false},{"SurahNumber":15,"SurahIndex":"015","VerseNumber":45,"ShowSurahName":false,"ShowBismillah":false,"Words":[{"Position":1,"AudioFileName":"015_045_001.mp3","TajweedImageFilePath":"15/45/1.png","Text":"إِنَّ","Translation":"Indeed","Transliteration":"inna","Root":"ا ن ن"},{"Position":2,"AudioFileName":"015_045_002.mp3","TajweedImageFilePath":"15/45/2.png","Text":"ٱلْمُتَّقِينَ","Translation":"the righteous","Transliteration":"l-mutaqīna","Root":"و ق ي"},{"Position":3,"AudioFileName":"015_045_003.mp3","TajweedImageFilePath":"15/45/3.png","Text":"فِى","Translation":"(will be) in","Transliteration":"fī","Root":"ف ى"},{"Position":4,"AudioFileName":"015_045_004.mp3","TajweedImageFilePath":"15/45/4.png","Text":"جَنَّـٰتٍۢ","Translation":"Gardens","Transliteration":"jannātin","Root":"ج ن ن"},{"Position":5,"AudioFileName":"015_045_005.mp3","TajweedImageFilePath":"15/45/5.png","Text":"وَعُيُونٍ","Translation":"and water springs","Transliteration":"waʿuyūnin","Root":"ع ي ن"},{"Position":6,"AudioFileName":null,"TajweedImageFilePath":"45.png","Text":"٤٥","Translation":"(45)","Transliteration":null,"Root":null}],"PageNumber":264,"JuzNumber":14,"ManzilNumber":3,"RukuNumber":221,"MaqraNumber":105,"HizbNumber":27,"HizbDecimal":0.0,"HasSajda":false},{"SurahNumber":15,"SurahIndex":"015","VerseNumber":46,"ShowSurahName":false,"ShowBismillah":false,"Words":[{"Position":1,"AudioFileName":"015_046_001.mp3","TajweedImageFilePath":"15/46/1.png","Text":"ٱدْخُلُوهَا","Translation":"Enter it","Transliteration":"ud'khulūhā","Root":"د خ ل"},{"Position":2,"AudioFileName":"015_046_002.mp3","TajweedImageFilePath":"15/46/2.png","Text":"بِسَلَـٰمٍ","Translation":"in peace","Transliteration":"bisalāmin","Root":"س ل م"},{"Position":3,"AudioFileName":"015_046_003.mp3","TajweedImageFilePath":"15/46/3.png","Text":"ءَامِنِينَ","Translation":"secure","Transliteration":"āminīna","Root":"أ م ن"},{"Position":4,"AudioFileName":null,"TajweedImageFilePath":"46.png","Text":"٤٦","Translation":"(46)","Transliteration":null,"Root":null}],"PageNumber":264,"JuzNumber":14,"ManzilNumber":3,"RukuNumber":221,"MaqraNumber":105,"HizbNumber":27,"HizbDecimal":0.0,"HasSajda":false},{"SurahNumber":15,"SurahIndex":"015","VerseNumber":47,"ShowSurahName":false,"ShowBismillah":false,"Words":[{"Position":1,"AudioFileName":"015_047_001.mp3","TajweedImageFilePath":"15/47/1.png","Text":"وَنَزَعْنَا","Translation":"And We (will) remove","Transliteration":"wanazaʿnā","Root":"ن ز ع"},{"Position":2,"AudioFileName":"015_047_002.mp3","TajweedImageFilePath":"15/47/2.png","Text":"مَا","Translation":"what","Transliteration":"mā","Root":"م ا"},{"Position":3,"AudioFileName":"015_047_003.mp3","TajweedImageFilePath":"15/47/3.png","Text":"فِى","Translation":"(is) in","Transliteration":"fī","Root":"ف ى"},{"Position":4,"AudioFileName":"015_047_004.mp3","TajweedImageFilePath":"15/47/4.png","Text":"صُدُورِهِم","Translation":"their breasts","Transliteration":"ṣudūrihim","Root":"ص د ر"},{"Position":5,"AudioFileName":"015_047_005.mp3","TajweedImageFilePath":"15/47/5.png","Text":"مِّنْ","Translation":"of","Transliteration":"min","Root":"م ن"},{"Position":6,"AudioFileName":"015_047_006.mp3","TajweedImageFilePath":"15/47/6.png","Text":"غِلٍّ","Translation":"rancor","Transliteration":"ghillin","Root":"غ ل ل"},{"Position":7,"AudioFileName":"015_047_007.mp3","TajweedImageFilePath":"15/47/7.png","Text":"إِخْوَٰنًا","Translation":"(they will be) brothers","Transliteration":"ikh'wānan","Root":"أ خ و"},{"Position":8,"AudioFileName":"015_047_008.mp3","TajweedImageFilePath":"15/47/8.png","Text":"عَلَىٰ","Translation":"on","Transliteration":"ʿalā","Root":"ع ل ى"},{"Position":9,"AudioFileName":"015_047_009.mp3","TajweedImageFilePath":"15/47/9.png","Text":"سُرُرٍۢ","Translation":"thrones","Transliteration":"sururin","Root":"س ر ر"},{"Position":10,"AudioFileName":"015_047_010.mp3","TajweedImageFilePath":"15/47/10.png","Text":"مُّتَقَـٰبِلِينَ","Translation":"facing each other","Transliteration":"mutaqābilīna","Root":"ق ب ل"},{"Position":11,"AudioFileName":null,"TajweedImageFilePath":"47.png","Text":"٤٧","Translation":"(47)","Transliteration":null,"Root":null}],"PageNumber":264,"JuzNumber":14,"ManzilNumber":3,"RukuNumber":221,"MaqraNumber":105,"HizbNumber":27,"HizbDecimal":0.0,"HasSajda":false},{"SurahNumber":15,"SurahIndex":"015","VerseNumber":48,"ShowSurahName":false,"ShowBismillah":false,"Words":[{"Position":1,"AudioFileName":"015_048_001.mp3","TajweedImageFilePath":"15/48/1.png","Text":"لَا","Translation":"Not","Transliteration":"lā","Root":"ل ا"},{"Position":2,"AudioFileName":"015_048_002.mp3","TajweedImageFilePath":"15/48/2.png","Text":"يَمَسُّهُمْ","Translation":"will touch them","Transliteration":"yamassuhum","Root":"م س س"},{"Position":3,"AudioFileName":"015_048_003.mp3","TajweedImageFilePath":"15/48/3.png","Text":"فِيهَا","Translation":"therein","Transliteration":"fīhā","Root":"ف ى"},{"Position":4,"AudioFileName":"015_048_004.mp3","TajweedImageFilePath":"15/48/4.png","Text":"نَصَبٌۭ","Translation":"fatigue","Transliteration":"naṣabun","Root":"ن ص ب"},{"Position":5,"AudioFileName":"015_048_005.mp3","TajweedImageFilePath":"15/48/5.png","Text":"وَمَا","Translation":"and not","Transliteration":"wamā","Root":"م ا"},{"Position":6,"AudioFileName":"015_048_006.mp3","TajweedImageFilePath":"15/48/6.png","Text":"هُم","Translation":"they","Transliteration":"hum","Root":"ه م"},{"Position":7,"AudioFileName":"015_048_007.mp3","TajweedImageFilePath":"15/48/7.png","Text":"مِّنْهَا","Translation":"from it","Transliteration":"min'hā","Root":"م ن"},{"Position":8,"AudioFileName":"015_048_008.mp3","TajweedImageFilePath":"15/48/8.png","Text":"بِمُخْرَجِينَ","Translation":"will be removed","Transliteration":"bimukh'rajīna","Root":"خ ر ج"},{"Position":9,"AudioFileName":null,"TajweedImageFilePath":"48.png","Text":"٤٨","Translation":"(48)","Transliteration":null,"Root":null}],"PageNumber":264,"JuzNumber":14,"ManzilNumber":3,"RukuNumber":221,"MaqraNumber":105,"HizbNumber":27,"HizbDecimal":0.0,"HasSajda":false},{"SurahNumber":15,"SurahIndex":"015","VerseNumber":49,"ShowSurahName":false,"ShowBismillah":false,"Words":[{"Position":1,"AudioFileName":"015_049_001.mp3","TajweedImageFilePath":"15/49/1.png","Text":"۞ نَبِّئْ","Translation":"Inform","Transliteration":"nabbi","Root":"ن ب أ"},{"Position":2,"AudioFileName":"015_049_002.mp3","TajweedImageFilePath":"15/49/2.png","Text":"عِبَادِىٓ","Translation":"My slaves","Transliteration":"ʿibādī","Root":"ع ب د"},{"Position":3,"AudioFileName":"015_049_003.mp3","TajweedImageFilePath":"15/49/3.png","Text":"أَنِّىٓ","Translation":"that I","Transliteration":"annī","Root":"ا ن ن"},{"Position":4,"AudioFileName":"015_049_004.mp3","TajweedImageFilePath":"15/49/4.png","Text":"أَنَا","Translation":"I am","Transliteration":"anā","Root":"ا ن ا"},{"Position":5,"AudioFileName":"015_049_005.mp3","TajweedImageFilePath":"15/49/5.png","Text":"ٱلْغَفُورُ","Translation":"the Oft-Forgiving","Transliteration":"l-ghafūru","Root":"غ ف ر"},{"Position":6,"AudioFileName":"015_049_006.mp3","TajweedImageFilePath":"15/49/6.png","Text":"ٱلرَّحِيمُ","Translation":"the Most Merciful","Transliteration":"l-raḥīmu","Root":"ر ح م"},{"Position":7,"AudioFileName":null,"TajweedImageFilePath":"49.png","Text":"٤٩","Translation":"(49)","Transliteration":null,"Root":null}],"PageNumber":264,"JuzNumber":14,"ManzilNumber":3,"RukuNumber":221,"MaqraNumber":105,"HizbNumber":27,"HizbDecimal":0.0,"HasSajda":false}]}