{"MaqraNumber":82.0,"Verses":[{"SurahNumber":9,"SurahIndex":"009","VerseNumber":111,"ShowSurahName":false,"ShowBismillah":false,"Text":"۞إِنَّ ٱللَّهَ ٱشۡتَرَىٰ مِنَ ٱلۡمُؤۡمِنِينَ أَنفُسَهُمۡ وَأَمۡوَٰلَهُم بِأَنَّ لَهُمُ ٱلۡجَنَّةَۚ يُقَٰتِلُونَ فِي سَبِيلِ ٱللَّهِ فَيَقۡتُلُونَ وَيُقۡتَلُونَۖ وَعۡدًا عَلَيۡهِ حَقّٗا فِي ٱلتَّوۡرَىٰةِ وَٱلۡإِنجِيلِ وَٱلۡقُرۡءَانِۚ وَمَنۡ أَوۡفَىٰ بِعَهۡدِهِۦ مِنَ ٱللَّهِۚ فَٱسۡتَبۡشِرُواْ بِبَيۡعِكُمُ ٱلَّذِي بَايَعۡتُم بِهِۦۚ وَذَٰلِكَ هُوَ ٱلۡفَوۡزُ ٱلۡعَظِيمُ","TajweedText":"۞ إِ<tajweed class=ghunnah>نّ</tajweed>َ <tajweed class=ham_wasl>ٱ</tajweed>للَّهَ <tajweed class=ham_wasl>ٱ</tajweed>شْتَرَىٰ مِنَ <tajweed class=ham_wasl>ٱ</tajweed>لْمُؤْمِنِينَ أَ<tajweed class=ikhafa>نف</tajweed>ُسَهُمْ وَأَمْو<tajweed class=madda_normal>َٲ</tajweed>لَه<tajweed class=ikhafa_shafawi>ُم ب</tajweed>ِأَ<tajweed class=ghunnah>نّ</tajweed>َ لَهُمُ <tajweed class=ham_wasl>ٱ</tajweed>لْجَ<tajweed class=ghunnah>نّ</tajweed>َةَ‌ۚ يُقَ<tajweed class=madda_normal>ـٰ</tajweed>تِلُونَ فِى سَبِيلِ <tajweed class=ham_wasl>ٱ</tajweed>للَّهِ فَيَ<tajweed class=qalaqah>قْ</tajweed>تُلُونَ وَيُ<tajweed class=qalaqah>قْ</tajweed>تَلُونَ‌ۖ وَعْدًا عَلَيْهِ حَق<tajweed class=ikhafa>ًّا ف</tajweed>ِى <tajweed class=ham_wasl>ٱ</tajweed><tajweed class=laam_shamsiyah>ل</tajweed>تَّوْرَ<tajweed class=madda_normal>ٮٰ</tajweed>ةِ وَ<tajweed class=ham_wasl>ٱ</tajweed>لْإِ<tajweed class=ikhafa>نج</tajweed>ِيلِ وَ<tajweed class=ham_wasl>ٱ</tajweed>لْقُرْءَانِ‌ۚ وَمَنْ أَوْفَىٰ بِعَهْدِه<tajweed class=madda_normal>ِۦ</tajweed> مِنَ <tajweed class=ham_wasl>ٱ</tajweed>للَّهِ‌ۚ فَ<tajweed class=ham_wasl>ٱ</tajweed>سْتَ<tajweed class=qalaqah>بْ</tajweed>شِرُو<tajweed class=slnt>اْ</tajweed> بِبَيْعِكُمُ <tajweed class=ham_wasl>ٱ</tajweed>لَّذِى بَايَعْت<tajweed class=ikhafa_shafawi>ُم ب</tajweed>ِه<tajweed class=madda_normal>ِۦ</tajweed>‌ۚ وَذ<tajweed class=madda_normal>َٲ</tajweed>لِكَ هُوَ <tajweed class=ham_wasl>ٱ</tajweed>لْفَوْزُ <tajweed class=ham_wasl>ٱ</tajweed>لْعَظ<tajweed class=madda_permissible>ِي</tajweed>مُ <span class=end>١١١</span>","End":"١١١","PageNumber":204,"JuzNumber":11,"ManzilNumber":2,"RukuNumber":169,"MaqraNumber":82,"HizbNumber":21,"HizbDecimal":0.25,"HasSajda":false},{"SurahNumber":9,"SurahIndex":"009","VerseNumber":112,"ShowSurahName":false,"ShowBismillah":false,"Text":"ٱلتَّـٰٓئِبُونَ ٱلۡعَٰبِدُونَ ٱلۡحَٰمِدُونَ ٱلسَّـٰٓئِحُونَ ٱلرَّـٰكِعُونَ ٱلسَّـٰجِدُونَ ٱلۡأٓمِرُونَ بِٱلۡمَعۡرُوفِ وَٱلنَّاهُونَ عَنِ ٱلۡمُنكَرِ وَٱلۡحَٰفِظُونَ لِحُدُودِ ٱللَّهِۗ وَبَشِّرِ ٱلۡمُؤۡمِنِينَ","TajweedText":"ٱ<tajweed class=laam_shamsiyah>ل</tajweed>تَّ<tajweed class=madda_obligatory>ـٰٓ</tajweed>ئِبُونَ <tajweed class=ham_wasl>ٱ</tajweed>لْعَ<tajweed class=madda_normal>ـٰ</tajweed>بِدُونَ <tajweed class=ham_wasl>ٱ</tajweed>لْحَ<tajweed class=madda_normal>ـٰ</tajweed>مِدُونَ <tajweed class=ham_wasl>ٱ</tajweed><tajweed class=laam_shamsiyah>ل</tajweed>سَّ<tajweed class=madda_obligatory>ـٰٓ</tajweed>ئِحُونَ <tajweed class=ham_wasl>ٱ</tajweed><tajweed class=laam_shamsiyah>ل</tajweed>رّ<tajweed class=madda_normal>َٲ</tajweed>كِعُونَ <tajweed class=ham_wasl>ٱ</tajweed><tajweed class=laam_shamsiyah>ل</tajweed>سَّ<tajweed class=madda_normal>ـٰ</tajweed>جِدُونَ <tajweed class=ham_wasl>ٱ</tajweed>لْأَمِرُونَ بِ<tajweed class=ham_wasl>ٱ</tajweed>لْمَعْرُوفِ وَ<tajweed class=ham_wasl>ٱ</tajweed><tajweed class=laam_shamsiyah>ل</tajweed><tajweed class=ghunnah>نّ</tajweed>َاهُونَ عَنِ <tajweed class=ham_wasl>ٱ</tajweed>لْمُ<tajweed class=ikhafa>نك</tajweed>َرِ وَ<tajweed class=ham_wasl>ٱ</tajweed>لْحَ<tajweed class=madda_normal>ـٰ</tajweed>فِظُونَ لِحُدُودِ <tajweed class=ham_wasl>ٱ</tajweed>للَّهِ‌ۗ وَبَشِّرِ <tajweed class=ham_wasl>ٱ</tajweed>لْمُؤْمِن<tajweed class=madda_permissible>ِي</tajweed>نَ <span class=end>١١٢</span>","End":"١١٢","PageNumber":205,"JuzNumber":11,"ManzilNumber":2,"RukuNumber":169,"MaqraNumber":82,"HizbNumber":21,"HizbDecimal":0.25,"HasSajda":false},{"SurahNumber":9,"SurahIndex":"009","VerseNumber":113,"ShowSurahName":false,"ShowBismillah":false,"Text":"مَا كَانَ لِلنَّبِيِّ وَٱلَّذِينَ ءَامَنُوٓاْ أَن يَسۡتَغۡفِرُواْ لِلۡمُشۡرِكِينَ وَلَوۡ كَانُوٓاْ أُوْلِي قُرۡبَىٰ مِنۢ بَعۡدِ مَا تَبَيَّنَ لَهُمۡ أَنَّهُمۡ أَصۡحَٰبُ ٱلۡجَحِيمِ","TajweedText":"مَا كَانَ لِل<tajweed class=ghunnah>نّ</tajweed>َبِىِّ وَ<tajweed class=ham_wasl>ٱ</tajweed>لَّذِينَ ءَامَن<tajweed class=madda_obligatory>ُوٓ</tajweed><tajweed class=slnt>اْ</tajweed> أ<tajweed class=idgham_ghunnah>َن ي</tajweed>َسْتَغْفِرُو<tajweed class=slnt>اْ</tajweed> لِلْمُشْرِكِينَ وَلَوْ كَان<tajweed class=madda_obligatory>ُوٓ</tajweed><tajweed class=slnt>اْ</tajweed> أُ<tajweed class=slnt>وْ</tajweed>لِى قُرْبَىٰ م<tajweed class=iqlab>ِنۢ ب</tajweed>َعْدِ مَا تَبَيَّنَ لَهُمْ أَ<tajweed class=ghunnah>نّ</tajweed>َهُمْ أَصْحَ<tajweed class=madda_normal>ـٰ</tajweed>بُ <tajweed class=ham_wasl>ٱ</tajweed>لْجَح<tajweed class=madda_permissible>ِي</tajweed>مِ <span class=end>١١٣</span>","End":"١١٣","PageNumber":205,"JuzNumber":11,"ManzilNumber":2,"RukuNumber":169,"MaqraNumber":82,"HizbNumber":21,"HizbDecimal":0.25,"HasSajda":false},{"SurahNumber":9,"SurahIndex":"009","VerseNumber":114,"ShowSurahName":false,"ShowBismillah":false,"Text":"وَمَا كَانَ ٱسۡتِغۡفَارُ إِبۡرَٰهِيمَ لِأَبِيهِ إِلَّا عَن مَّوۡعِدَةٖ وَعَدَهَآ إِيَّاهُ فَلَمَّا تَبَيَّنَ لَهُۥٓ أَنَّهُۥ عَدُوّٞ لِّلَّهِ تَبَرَّأَ مِنۡهُۚ إِنَّ إِبۡرَٰهِيمَ لَأَوَّـٰهٌ حَلِيمٞ","TajweedText":"وَمَا كَانَ <tajweed class=ham_wasl>ٱ</tajweed>سْتِغْفَارُ إِ<tajweed class=qalaqah>بْ</tajweed>ر<tajweed class=madda_normal>َٲ</tajweed>هِيمَ لِأَبِيهِ إِلَّا ع<tajweed class=idgham_ghunnah>َن م</tajweed>َّوْعِدَ<tajweed class=idgham_ghunnah>ةٍ و</tajweed>َعَدَه<tajweed class=madda_obligatory>َآ</tajweed> إِيَّاهُ فَلَ<tajweed class=ghunnah>مّ</tajweed>َا تَبَيَّنَ لَهُ<tajweed class=madda_obligatory>ۥٓ</tajweed> أَ<tajweed class=ghunnah>نّ</tajweed>َهُ<tajweed class=madda_normal>ۥ</tajweed> عَدُ<tajweed class=idgham_wo_ghunnah>وٌّ ل</tajweed>ِّلَّهِ تَبَرَّأَ مِنْهُ‌ۚ إِ<tajweed class=ghunnah>نّ</tajweed>َ إِ<tajweed class=qalaqah>بْ</tajweed>ر<tajweed class=madda_normal>َٲ</tajweed>هِيمَ لَأَوّ<tajweed class=madda_normal>َٲ</tajweed>هٌ حَل<tajweed class=madda_permissible>ِي</tajweed>مٌ <span class=end>١١٤</span>","End":"١١٤","PageNumber":205,"JuzNumber":11,"ManzilNumber":2,"RukuNumber":169,"MaqraNumber":82,"HizbNumber":21,"HizbDecimal":0.25,"HasSajda":false},{"SurahNumber":9,"SurahIndex":"009","VerseNumber":115,"ShowSurahName":false,"ShowBismillah":false,"Text":"وَمَا كَانَ ٱللَّهُ لِيُضِلَّ قَوۡمَۢا بَعۡدَ إِذۡ هَدَىٰهُمۡ حَتَّىٰ يُبَيِّنَ لَهُم مَّا يَتَّقُونَۚ إِنَّ ٱللَّهَ بِكُلِّ شَيۡءٍ عَلِيمٌ","TajweedText":"وَمَا كَانَ <tajweed class=ham_wasl>ٱ</tajweed>للَّهُ لِيُضِلَّ قَوْم<tajweed class=iqlab>َۢا ب</tajweed>َعْدَ إِذْ هَدَ<tajweed class=madda_normal>ٮٰ</tajweed>هُمْ حَتَّىٰ يُبَيِّنَ لَه<tajweed class=idgham_shafawi>ُم م</tajweed>َّا يَتَّقُونَ‌ۚ إِ<tajweed class=ghunnah>نّ</tajweed>َ <tajweed class=ham_wasl>ٱ</tajweed>للَّهَ بِكُلِّ شَىْءٍ عَل<tajweed class=madda_permissible>ِي</tajweed>مٌ <span class=end>١١٥</span>","End":"١١٥","PageNumber":205,"JuzNumber":11,"ManzilNumber":2,"RukuNumber":169,"MaqraNumber":82,"HizbNumber":21,"HizbDecimal":0.25,"HasSajda":false},{"SurahNumber":9,"SurahIndex":"009","VerseNumber":116,"ShowSurahName":false,"ShowBismillah":false,"Text":"إِنَّ ٱللَّهَ لَهُۥ مُلۡكُ ٱلسَّمَٰوَٰتِ وَٱلۡأَرۡضِۖ يُحۡيِۦ وَيُمِيتُۚ وَمَا لَكُم مِّن دُونِ ٱللَّهِ مِن وَلِيّٖ وَلَا نَصِيرٖ","TajweedText":"إِ<tajweed class=ghunnah>نّ</tajweed>َ <tajweed class=ham_wasl>ٱ</tajweed>للَّهَ لَهُ<tajweed class=madda_normal>ۥ</tajweed> مُلْكُ <tajweed class=ham_wasl>ٱ</tajweed><tajweed class=laam_shamsiyah>ل</tajweed>سَّمَ<tajweed class=madda_normal>ـٰ</tajweed>و<tajweed class=madda_normal>َٲ</tajweed>تِ وَ<tajweed class=ham_wasl>ٱ</tajweed>لْأَرْضِ‌ۖ يُحْى<tajweed class=madda_normal>ِۦ</tajweed> وَيُمِيتُ‌ۚ وَمَا لَك<tajweed class=idgham_shafawi>ُم م</tajweed>ِّ<tajweed class=ikhafa>ن د</tajweed>ُونِ <tajweed class=ham_wasl>ٱ</tajweed>للَّهِ م<tajweed class=idgham_ghunnah>ِن و</tajweed>َلِ<tajweed class=idgham_ghunnah>ىٍّ و</tajweed>َلَا نَص<tajweed class=madda_permissible>ِي</tajweed>رٍ <span class=end>١١٦</span>","End":"١١٦","PageNumber":205,"JuzNumber":11,"ManzilNumber":2,"RukuNumber":169,"MaqraNumber":82,"HizbNumber":21,"HizbDecimal":0.25,"HasSajda":false},{"SurahNumber":9,"SurahIndex":"009","VerseNumber":117,"ShowSurahName":false,"ShowBismillah":false,"Text":"لَّقَد تَّابَ ٱللَّهُ عَلَى ٱلنَّبِيِّ وَٱلۡمُهَٰجِرِينَ وَٱلۡأَنصَارِ ٱلَّذِينَ ٱتَّبَعُوهُ فِي سَاعَةِ ٱلۡعُسۡرَةِ مِنۢ بَعۡدِ مَا كَادَ يَزِيغُ قُلُوبُ فَرِيقٖ مِّنۡهُمۡ ثُمَّ تَابَ عَلَيۡهِمۡۚ إِنَّهُۥ بِهِمۡ رَءُوفٞ رَّحِيمٞ","TajweedText":"لَّقَ<tajweed class=idgham_mutajanisayn>د</tajweed> تَّابَ <tajweed class=ham_wasl>ٱ</tajweed>للَّهُ عَلَى <tajweed class=ham_wasl>ٱ</tajweed><tajweed class=laam_shamsiyah>ل</tajweed><tajweed class=ghunnah>نّ</tajweed>َبِىِّ وَ<tajweed class=ham_wasl>ٱ</tajweed>لْمُهَ<tajweed class=madda_normal>ـٰ</tajweed>جِرِينَ وَ<tajweed class=ham_wasl>ٱ</tajweed>لْأَ<tajweed class=ikhafa>نص</tajweed>َارِ <tajweed class=ham_wasl>ٱ</tajweed>لَّذِينَ <tajweed class=ham_wasl>ٱ</tajweed>تَّبَعُوهُ فِى سَاعَةِ <tajweed class=ham_wasl>ٱ</tajweed>لْعُسْرَةِ م<tajweed class=iqlab>ِنۢ ب</tajweed>َعْدِ مَا كَادَ يَزِيغُ قُلُوبُ فَرِي<tajweed class=idgham_ghunnah>قٍ م</tajweed>ِّنْهُمْ ثُ<tajweed class=ghunnah>مّ</tajweed>َ تَابَ عَلَيْهِمْ‌ۚ إِ<tajweed class=ghunnah>نّ</tajweed>َهُ<tajweed class=madda_normal>ۥ</tajweed> بِهِمْ رَءُو<tajweed class=idgham_wo_ghunnah>فٌ ر</tajweed>َّح<tajweed class=madda_permissible>ِي</tajweed>مٌ <span class=end>١١٧</span>","End":"١١٧","PageNumber":205,"JuzNumber":11,"ManzilNumber":2,"RukuNumber":169,"MaqraNumber":82,"HizbNumber":21,"HizbDecimal":0.25,"HasSajda":false},{"SurahNumber":9,"SurahIndex":"009","VerseNumber":118,"ShowSurahName":false,"ShowBismillah":false,"Text":"وَعَلَى ٱلثَّلَٰثَةِ ٱلَّذِينَ خُلِّفُواْ حَتَّىٰٓ إِذَا ضَاقَتۡ عَلَيۡهِمُ ٱلۡأَرۡضُ بِمَا رَحُبَتۡ وَضَاقَتۡ عَلَيۡهِمۡ أَنفُسُهُمۡ وَظَنُّوٓاْ أَن لَّا مَلۡجَأَ مِنَ ٱللَّهِ إِلَّآ إِلَيۡهِ ثُمَّ تَابَ عَلَيۡهِمۡ لِيَتُوبُوٓاْۚ إِنَّ ٱللَّهَ هُوَ ٱلتَّوَّابُ ٱلرَّحِيمُ","TajweedText":"وَعَلَى <tajweed class=ham_wasl>ٱ</tajweed><tajweed class=laam_shamsiyah>ل</tajweed>ثَّلَ<tajweed class=madda_normal>ـٰ</tajweed>ثَةِ <tajweed class=ham_wasl>ٱ</tajweed>لَّذِينَ خُلِّفُو<tajweed class=slnt>اْ</tajweed> حَتَّ<tajweed class=madda_obligatory>ىٰٓ</tajweed> إِذَا ضَاقَتْ عَلَيْهِمُ <tajweed class=ham_wasl>ٱ</tajweed>لْأَرْضُ بِمَا رَحُبَتْ وَضَاقَتْ عَلَيْهِمْ أَ<tajweed class=ikhafa>نف</tajweed>ُسُهُمْ وَظَ<tajweed class=ghunnah>نّ</tajweed><tajweed class=madda_obligatory>ُوٓ</tajweed><tajweed class=slnt>اْ</tajweed> أ<tajweed class=idgham_wo_ghunnah>َن ل</tajweed>َّا مَلْجَأَ مِنَ <tajweed class=ham_wasl>ٱ</tajweed>للَّهِ إِلّ<tajweed class=madda_obligatory>َآ</tajweed> إِلَيْهِ ثُ<tajweed class=ghunnah>مّ</tajweed>َ تَابَ عَلَيْهِمْ لِيَتُوب<tajweed class=madda_obligatory>ُوٓ<tajweed class=slnt>اْ</tajweed>‌ۚ</tajweed> إِ<tajweed class=ghunnah>نّ</tajweed>َ <tajweed class=ham_wasl>ٱ</tajweed>للَّهَ هُوَ <tajweed class=ham_wasl>ٱ</tajweed><tajweed class=laam_shamsiyah>ل</tajweed>تَّوَّابُ <tajweed class=ham_wasl>ٱ</tajweed><tajweed class=laam_shamsiyah>ل</tajweed>رَّح<tajweed class=madda_permissible>ِي</tajweed>مُ <span class=end>١١٨</span>","End":"١١٨","PageNumber":206,"JuzNumber":11,"ManzilNumber":2,"RukuNumber":169,"MaqraNumber":82,"HizbNumber":21,"HizbDecimal":0.25,"HasSajda":false},{"SurahNumber":9,"SurahIndex":"009","VerseNumber":119,"ShowSurahName":false,"ShowBismillah":false,"Text":"يَـٰٓأَيُّهَا ٱلَّذِينَ ءَامَنُواْ ٱتَّقُواْ ٱللَّهَ وَكُونُواْ مَعَ ٱلصَّـٰدِقِينَ","TajweedText":"يَ<tajweed class=madda_obligatory>ـٰٓ</tajweed>أَيُّهَا <tajweed class=ham_wasl>ٱ</tajweed>لَّذِينَ ءَامَنُو<tajweed class=slnt>اْ</tajweed> <tajweed class=ham_wasl>ٱ</tajweed>تَّقُو<tajweed class=slnt>اْ</tajweed> <tajweed class=ham_wasl>ٱ</tajweed>للَّهَ وَكُونُو<tajweed class=slnt>اْ</tajweed> مَعَ <tajweed class=ham_wasl>ٱ</tajweed><tajweed class=laam_shamsiyah>ل</tajweed>صَّ<tajweed class=madda_normal>ـٰ</tajweed>دِق<tajweed class=madda_permissible>ِي</tajweed>نَ <span class=end>١١٩</span>","End":"١١٩","PageNumber":206,"JuzNumber":11,"ManzilNumber":2,"RukuNumber":170,"MaqraNumber":82,"HizbNumber":21,"HizbDecimal":0.25,"HasSajda":false},{"SurahNumber":9,"SurahIndex":"009","VerseNumber":120,"ShowSurahName":false,"ShowBismillah":false,"Text":"مَا كَانَ لِأَهۡلِ ٱلۡمَدِينَةِ وَمَنۡ حَوۡلَهُم مِّنَ ٱلۡأَعۡرَابِ أَن يَتَخَلَّفُواْ عَن رَّسُولِ ٱللَّهِ وَلَا يَرۡغَبُواْ بِأَنفُسِهِمۡ عَن نَّفۡسِهِۦۚ ذَٰلِكَ بِأَنَّهُمۡ لَا يُصِيبُهُمۡ ظَمَأٞ وَلَا نَصَبٞ وَلَا مَخۡمَصَةٞ فِي سَبِيلِ ٱللَّهِ وَلَا يَطَـُٔونَ مَوۡطِئٗا يَغِيظُ ٱلۡكُفَّارَ وَلَا يَنَالُونَ مِنۡ عَدُوّٖ نَّيۡلًا إِلَّا كُتِبَ لَهُم بِهِۦ عَمَلٞ صَٰلِحٌۚ إِنَّ ٱللَّهَ لَا يُضِيعُ أَجۡرَ ٱلۡمُحۡسِنِينَ","TajweedText":"مَا كَانَ لِأَهْلِ <tajweed class=ham_wasl>ٱ</tajweed>لْمَدِينَةِ وَمَنْ حَوْلَه<tajweed class=idgham_shafawi>ُم م</tajweed>ِّنَ <tajweed class=ham_wasl>ٱ</tajweed>لْأَعْرَابِ أ<tajweed class=idgham_ghunnah>َن ي</tajweed>َتَخَلَّفُو<tajweed class=slnt>اْ</tajweed> ع<tajweed class=idgham_wo_ghunnah>َن ر</tajweed>َّسُولِ <tajweed class=ham_wasl>ٱ</tajweed>للَّهِ وَلَا يَرْغَبُو<tajweed class=slnt>اْ</tajweed> بِأَ<tajweed class=ikhafa>نف</tajweed>ُسِهِمْ ع<tajweed class=idgham_ghunnah>َن ن</tajweed>َّفْسِه<tajweed class=madda_normal>ِۦ</tajweed>‌ۚ ذ<tajweed class=madda_normal>َٲ</tajweed>لِكَ بِأَ<tajweed class=ghunnah>نّ</tajweed>َهُمْ لَا يُصِيبُهُمْ ظَمَ<tajweed class=idgham_ghunnah>أٌ و</tajweed>َلَا نَصَ<tajweed class=idgham_ghunnah>بٌ و</tajweed>َلَا مَخْمَصَ<tajweed class=ikhafa>ةٌ ف</tajweed>ِى سَبِيلِ <tajweed class=ham_wasl>ٱ</tajweed>للَّهِ وَلَا يَطَــُٔونَ مَوْطِ<tajweed class=idgham_ghunnah>ئًا ي</tajweed>َغِيظُ <tajweed class=ham_wasl>ٱ</tajweed>لْكُفَّارَ وَلَا يَنَالُونَ مِنْ عَدُ<tajweed class=idgham_ghunnah>وٍّ ن</tajweed>َّيْلاً إِلَّا كُتِبَ لَه<tajweed class=ikhafa_shafawi>ُم ب</tajweed>ِه<tajweed class=madda_normal>ِۦ</tajweed> عَمَ<tajweed class=ikhafa>لٌ ص</tajweed>َ<tajweed class=madda_normal>ـٰ</tajweed>لِحٌ‌ۚ إِ<tajweed class=ghunnah>نّ</tajweed>َ <tajweed class=ham_wasl>ٱ</tajweed>للَّهَ لَا يُضِيعُ أَ<tajweed class=qalaqah>جْ</tajweed>رَ <tajweed class=ham_wasl>ٱ</tajweed>لْمُحْسِن<tajweed class=madda_permissible>ِي</tajweed>نَ <span class=end>١٢٠</span>","End":"١٢٠","PageNumber":206,"JuzNumber":11,"ManzilNumber":2,"RukuNumber":170,"MaqraNumber":82,"HizbNumber":21,"HizbDecimal":0.25,"HasSajda":false},{"SurahNumber":9,"SurahIndex":"009","VerseNumber":121,"ShowSurahName":false,"ShowBismillah":false,"Text":"وَلَا يُنفِقُونَ نَفَقَةٗ صَغِيرَةٗ وَلَا كَبِيرَةٗ وَلَا يَقۡطَعُونَ وَادِيًا إِلَّا كُتِبَ لَهُمۡ لِيَجۡزِيَهُمُ ٱللَّهُ أَحۡسَنَ مَا كَانُواْ يَعۡمَلُونَ","TajweedText":"وَلَا يُ<tajweed class=ikhafa>نف</tajweed>ِقُونَ نَفَقَ<tajweed class=ikhafa>ةً ص</tajweed>َغِيرَ<tajweed class=idgham_ghunnah>ةً و</tajweed>َلَا كَبِيرَ<tajweed class=idgham_ghunnah>ةً و</tajweed>َلَا يَ<tajweed class=qalaqah>قْ</tajweed>طَعُونَ وَادِيًا إِلَّا كُتِبَ لَهُمْ لِيَ<tajweed class=qalaqah>جْ</tajweed>زِيَهُمُ <tajweed class=ham_wasl>ٱ</tajweed>للَّهُ أَحْسَنَ مَا كَانُو<tajweed class=slnt>اْ</tajweed> يَعْمَل<tajweed class=madda_permissible>ُو</tajweed>نَ <span class=end>١٢١</span>","End":"١٢١","PageNumber":206,"JuzNumber":11,"ManzilNumber":2,"RukuNumber":170,"MaqraNumber":82,"HizbNumber":21,"HizbDecimal":0.25,"HasSajda":false}]}