{"MaqraNumber":229,"Verses":[{"SurahNumber":72,"SurahIndex":"072","VerseNumber":1,"ShowSurahName":true,"ShowBismillah":true,"Words":[{"Position":1,"AudioFileName":"072_001_001.mp3","TajweedImageFilePath":"72/1/1.png","Text":"قُلْ","Translation":"Say","Transliteration":"qul","Root":"ق و ل"},{"Position":2,"AudioFileName":"072_001_002.mp3","TajweedImageFilePath":"72/1/2.png","Text":"أُوحِىَ","Translation":"It has been revealed","Transliteration":"ūḥiya","Root":"و ح ي"},{"Position":3,"AudioFileName":"072_001_003.mp3","TajweedImageFilePath":"72/1/3.png","Text":"إِلَىَّ","Translation":"to me","Transliteration":"ilayya","Root":"إِلَىٰ"},{"Position":4,"AudioFileName":"072_001_004.mp3","TajweedImageFilePath":"72/1/4.png","Text":"أَنَّهُ","Translation":"that","Transliteration":"annahu","Root":"ا ن ن"},{"Position":5,"AudioFileName":"072_001_005.mp3","TajweedImageFilePath":"72/1/5.png","Text":"ٱسْتَمَعَ","Translation":"listened","Transliteration":"is'tamaʿa","Root":"س م ع"},{"Position":6,"AudioFileName":"072_001_006.mp3","TajweedImageFilePath":"72/1/6.png","Text":"نَفَرٌۭ","Translation":"a group","Transliteration":"nafarun","Root":"ن ف ر"},{"Position":7,"AudioFileName":"072_001_007.mp3","TajweedImageFilePath":"72/1/7.png","Text":"مِّنَ","Translation":"of","Transliteration":"mina","Root":"م ن"},{"Position":8,"AudioFileName":"072_001_008.mp3","TajweedImageFilePath":"72/1/8.png","Text":"ٱلْجِنِّ","Translation":"the jinn","Transliteration":"l-jini","Root":"ج ن ن"},{"Position":9,"AudioFileName":"072_001_009.mp3","TajweedImageFilePath":"72/1/9.png","Text":"فَقَالُوٓا۟","Translation":"and they said","Transliteration":"faqālū","Root":"ق و ل"},{"Position":10,"AudioFileName":"072_001_010.mp3","TajweedImageFilePath":"72/1/10.png","Text":"إِنَّا","Translation":"Indeed, we","Transliteration":"innā","Root":"ا ن ن"},{"Position":11,"AudioFileName":"072_001_011.mp3","TajweedImageFilePath":"72/1/11.png","Text":"سَمِعْنَا","Translation":"heard","Transliteration":"samiʿ'nā","Root":"س م ع"},{"Position":12,"AudioFileName":"072_001_012.mp3","TajweedImageFilePath":"72/1/12.png","Text":"قُرْءَانًا","Translation":"a Quran","Transliteration":"qur'ānan","Root":"ق ر أ"},{"Position":13,"AudioFileName":"072_001_013.mp3","TajweedImageFilePath":"72/1/13.png","Text":"عَجَبًۭا","Translation":"amazing","Transliteration":"ʿajaban","Root":"ع ج ب"},{"Position":14,"AudioFileName":null,"TajweedImageFilePath":"1.png","Text":"١","Translation":"(1)","Transliteration":null,"Root":null}],"PageNumber":572,"JuzNumber":29,"ManzilNumber":7,"RukuNumber":506,"MaqraNumber":229,"HizbNumber":58,"HizbDecimal":0.0,"HasSajda":false},{"SurahNumber":72,"SurahIndex":"072","VerseNumber":2,"ShowSurahName":false,"ShowBismillah":false,"Words":[{"Position":1,"AudioFileName":"072_002_001.mp3","TajweedImageFilePath":"72/2/1.png","Text":"يَهْدِىٓ","Translation":"It guides","Transliteration":"yahdī","Root":"ه د ي"},{"Position":2,"AudioFileName":"072_002_002.mp3","TajweedImageFilePath":"72/2/2.png","Text":"إِلَى","Translation":"to","Transliteration":"ilā","Root":"إِلَىٰ"},{"Position":3,"AudioFileName":"072_002_003.mp3","TajweedImageFilePath":"72/2/3.png","Text":"ٱلرُّشْدِ","Translation":"the right way","Transliteration":"l-rush'di","Root":"ر ش د"},{"Position":4,"AudioFileName":"072_002_004.mp3","TajweedImageFilePath":"72/2/4.png","Text":"فَـَٔامَنَّا","Translation":"so we believe","Transliteration":"faāmannā","Root":"أ م ن"},{"Position":5,"AudioFileName":"072_002_005.mp3","TajweedImageFilePath":"72/2/5.png","Text":"بِهِۦ ۖ","Translation":"in it","Transliteration":"bihi","Root":"ب"},{"Position":6,"AudioFileName":"072_002_006.mp3","TajweedImageFilePath":"72/2/6.png","Text":"وَلَن","Translation":"and never","Transliteration":"walan","Root":"ل ن"},{"Position":7,"AudioFileName":"072_002_007.mp3","TajweedImageFilePath":"72/2/7.png","Text":"نُّشْرِكَ","Translation":"we will associate","Transliteration":"nush'rika","Root":"ش ر ك"},{"Position":8,"AudioFileName":"072_002_008.mp3","TajweedImageFilePath":"72/2/8.png","Text":"بِرَبِّنَآ","Translation":"with our Lord","Transliteration":"birabbinā","Root":"ر ب ب"},{"Position":9,"AudioFileName":"072_002_009.mp3","TajweedImageFilePath":"72/2/9.png","Text":"أَحَدًۭا","Translation":"anyone","Transliteration":"aḥadan","Root":"أ ح د"},{"Position":10,"AudioFileName":null,"TajweedImageFilePath":"2.png","Text":"٢","Translation":"(2)","Transliteration":null,"Root":null}],"PageNumber":572,"JuzNumber":29,"ManzilNumber":7,"RukuNumber":506,"MaqraNumber":229,"HizbNumber":58,"HizbDecimal":0.0,"HasSajda":false},{"SurahNumber":72,"SurahIndex":"072","VerseNumber":3,"ShowSurahName":false,"ShowBismillah":false,"Words":[{"Position":1,"AudioFileName":"072_003_001.mp3","TajweedImageFilePath":"72/3/1.png","Text":"وَأَنَّهُۥ","Translation":"And that He ","Transliteration":"wa-annahu","Root":"ا ن ن"},{"Position":2,"AudioFileName":"072_003_002.mp3","TajweedImageFilePath":"72/3/2.png","Text":"تَعَـٰلَىٰ","Translation":"Exalted is","Transliteration":"taʿālā","Root":"ع ل و"},{"Position":3,"AudioFileName":"072_003_003.mp3","TajweedImageFilePath":"72/3/3.png","Text":"جَدُّ","Translation":"(the) Majesty","Transliteration":"jaddu","Root":"ج د د"},{"Position":4,"AudioFileName":"072_003_004.mp3","TajweedImageFilePath":"72/3/4.png","Text":"رَبِّنَا","Translation":"(of) our Lord ","Transliteration":"rabbinā","Root":"ر ب ب"},{"Position":5,"AudioFileName":"072_003_005.mp3","TajweedImageFilePath":"72/3/5.png","Text":"مَا","Translation":"not","Transliteration":"mā","Root":"م ا"},{"Position":6,"AudioFileName":"072_003_006.mp3","TajweedImageFilePath":"72/3/6.png","Text":"ٱتَّخَذَ","Translation":"He has taken","Transliteration":"ittakhadha","Root":"أ خ ذ"},{"Position":7,"AudioFileName":"072_003_007.mp3","TajweedImageFilePath":"72/3/7.png","Text":"صَـٰحِبَةًۭ","Translation":"a wife","Transliteration":"ṣāḥibatan","Root":"ص ح ب"},{"Position":8,"AudioFileName":"072_003_008.mp3","TajweedImageFilePath":"72/3/8.png","Text":"وَلَا","Translation":"and not","Transliteration":"walā","Root":"ل ا"},{"Position":9,"AudioFileName":"072_003_009.mp3","TajweedImageFilePath":"72/3/9.png","Text":"وَلَدًۭا","Translation":"a son","Transliteration":"waladan","Root":"و ل د"},{"Position":10,"AudioFileName":null,"TajweedImageFilePath":"3.png","Text":"٣","Translation":"(3)","Transliteration":null,"Root":null}],"PageNumber":572,"JuzNumber":29,"ManzilNumber":7,"RukuNumber":506,"MaqraNumber":229,"HizbNumber":58,"HizbDecimal":0.0,"HasSajda":false},{"SurahNumber":72,"SurahIndex":"072","VerseNumber":4,"ShowSurahName":false,"ShowBismillah":false,"Words":[{"Position":1,"AudioFileName":"072_004_001.mp3","TajweedImageFilePath":"72/4/1.png","Text":"وَأَنَّهُۥ","Translation":"And that he","Transliteration":"wa-annahu","Root":"ا ن ن"},{"Position":2,"AudioFileName":"072_004_002.mp3","TajweedImageFilePath":"72/4/2.png","Text":"كَانَ","Translation":"used to","Transliteration":"kāna","Root":"ك و ن"},{"Position":3,"AudioFileName":"072_004_003.mp3","TajweedImageFilePath":"72/4/3.png","Text":"يَقُولُ","Translation":"speak ","Transliteration":"yaqūlu","Root":"ق و ل"},{"Position":4,"AudioFileName":"072_004_004.mp3","TajweedImageFilePath":"72/4/4.png","Text":"سَفِيهُنَا","Translation":"the foolish among us","Transliteration":"safīhunā","Root":"س ف ه"},{"Position":5,"AudioFileName":"072_004_005.mp3","TajweedImageFilePath":"72/4/5.png","Text":"عَلَى","Translation":"against","Transliteration":"ʿalā","Root":"ع ل ى"},{"Position":6,"AudioFileName":"072_004_006.mp3","TajweedImageFilePath":"72/4/6.png","Text":"ٱللَّهِ","Translation":"Allah","Transliteration":"l-lahi","Root":"أ ل ه"},{"Position":7,"AudioFileName":"072_004_007.mp3","TajweedImageFilePath":"72/4/7.png","Text":"شَطَطًۭا","Translation":"an excessive transgression","Transliteration":"shaṭaṭan","Root":"ش ط ط"},{"Position":8,"AudioFileName":null,"TajweedImageFilePath":"4.png","Text":"٤","Translation":"(4)","Transliteration":null,"Root":null}],"PageNumber":572,"JuzNumber":29,"ManzilNumber":7,"RukuNumber":506,"MaqraNumber":229,"HizbNumber":58,"HizbDecimal":0.0,"HasSajda":false},{"SurahNumber":72,"SurahIndex":"072","VerseNumber":5,"ShowSurahName":false,"ShowBismillah":false,"Words":[{"Position":1,"AudioFileName":"072_005_001.mp3","TajweedImageFilePath":"72/5/1.png","Text":"وَأَنَّا","Translation":"And that we","Transliteration":"wa-annā","Root":"ا ن ن"},{"Position":2,"AudioFileName":"072_005_002.mp3","TajweedImageFilePath":"72/5/2.png","Text":"ظَنَنَّآ","Translation":"thought","Transliteration":"ẓanannā","Root":"ظ ن ن"},{"Position":3,"AudioFileName":"072_005_003.mp3","TajweedImageFilePath":"72/5/3.png","Text":"أَن","Translation":"that","Transliteration":"an","Root":"ا ن"},{"Position":4,"AudioFileName":"072_005_004.mp3","TajweedImageFilePath":"72/5/4.png","Text":"لَّن","Translation":"never","Transliteration":"lan","Root":"ل ن"},{"Position":5,"AudioFileName":"072_005_005.mp3","TajweedImageFilePath":"72/5/5.png","Text":"تَقُولَ","Translation":"will say","Transliteration":"taqūla","Root":"ق و ل"},{"Position":6,"AudioFileName":"072_005_006.mp3","TajweedImageFilePath":"72/5/6.png","Text":"ٱلْإِنسُ","Translation":"the men","Transliteration":"l-insu","Root":"أ ن س"},{"Position":7,"AudioFileName":"072_005_007.mp3","TajweedImageFilePath":"72/5/7.png","Text":"وَٱلْجِنُّ","Translation":"and the jinn","Transliteration":"wal-jinu","Root":"ج ن ن"},{"Position":8,"AudioFileName":"072_005_008.mp3","TajweedImageFilePath":"72/5/8.png","Text":"عَلَى","Translation":"against","Transliteration":"ʿalā","Root":"ع ل ى"},{"Position":9,"AudioFileName":"072_005_009.mp3","TajweedImageFilePath":"72/5/9.png","Text":"ٱللَّهِ","Translation":"Allah","Transliteration":"l-lahi","Root":"أ ل ه"},{"Position":10,"AudioFileName":"072_005_010.mp3","TajweedImageFilePath":"72/5/10.png","Text":"كَذِبًۭا","Translation":"any lie","Transliteration":"kadhiban","Root":"ك ذ ب"},{"Position":11,"AudioFileName":null,"TajweedImageFilePath":"5.png","Text":"٥","Translation":"(5)","Transliteration":null,"Root":null}],"PageNumber":572,"JuzNumber":29,"ManzilNumber":7,"RukuNumber":506,"MaqraNumber":229,"HizbNumber":58,"HizbDecimal":0.0,"HasSajda":false},{"SurahNumber":72,"SurahIndex":"072","VerseNumber":6,"ShowSurahName":false,"ShowBismillah":false,"Words":[{"Position":1,"AudioFileName":"072_006_001.mp3","TajweedImageFilePath":"72/6/1.png","Text":"وَأَنَّهُۥ","Translation":"And that","Transliteration":"wa-annahu","Root":"ا ن ن"},{"Position":2,"AudioFileName":"072_006_002.mp3","TajweedImageFilePath":"72/6/2.png","Text":"كَانَ","Translation":"(there) were","Transliteration":"kāna","Root":"ك و ن"},{"Position":3,"AudioFileName":"072_006_003.mp3","TajweedImageFilePath":"72/6/3.png","Text":"رِجَالٌۭ","Translation":"men","Transliteration":"rijālun","Root":"ر ج ل"},{"Position":4,"AudioFileName":"072_006_004.mp3","TajweedImageFilePath":"72/6/4.png","Text":"مِّنَ","Translation":"among","Transliteration":"mina","Root":"م ن"},{"Position":5,"AudioFileName":"072_006_005.mp3","TajweedImageFilePath":"72/6/5.png","Text":"ٱلْإِنسِ","Translation":"mankind","Transliteration":"l-insi","Root":"أ ن س"},{"Position":6,"AudioFileName":"072_006_006.mp3","TajweedImageFilePath":"72/6/6.png","Text":"يَعُوذُونَ","Translation":"who sought refuge","Transliteration":"yaʿūdhūna","Root":"ع و ذ"},{"Position":7,"AudioFileName":"072_006_007.mp3","TajweedImageFilePath":"72/6/7.png","Text":"بِرِجَالٍۢ","Translation":"in (the) men","Transliteration":"birijālin","Root":"ر ج ل"},{"Position":8,"AudioFileName":"072_006_008.mp3","TajweedImageFilePath":"72/6/8.png","Text":"مِّنَ","Translation":"from","Transliteration":"mina","Root":"م ن"},{"Position":9,"AudioFileName":"072_006_009.mp3","TajweedImageFilePath":"72/6/9.png","Text":"ٱلْجِنِّ","Translation":"the jinn","Transliteration":"l-jini","Root":"ج ن ن"},{"Position":10,"AudioFileName":"072_006_010.mp3","TajweedImageFilePath":"72/6/10.png","Text":"فَزَادُوهُمْ","Translation":"so they increased them","Transliteration":"fazādūhum","Root":"ز ي د"},{"Position":11,"AudioFileName":"072_006_011.mp3","TajweedImageFilePath":"72/6/11.png","Text":"رَهَقًۭا","Translation":"(in) burden","Transliteration":"rahaqan","Root":"ر ه ق"},{"Position":12,"AudioFileName":null,"TajweedImageFilePath":"6.png","Text":"٦","Translation":"(6)","Transliteration":null,"Root":null}],"PageNumber":572,"JuzNumber":29,"ManzilNumber":7,"RukuNumber":506,"MaqraNumber":229,"HizbNumber":58,"HizbDecimal":0.0,"HasSajda":false},{"SurahNumber":72,"SurahIndex":"072","VerseNumber":7,"ShowSurahName":false,"ShowBismillah":false,"Words":[{"Position":1,"AudioFileName":"072_007_001.mp3","TajweedImageFilePath":"72/7/1.png","Text":"وَأَنَّهُمْ","Translation":"And that they","Transliteration":"wa-annahum","Root":"ا ن ن"},{"Position":2,"AudioFileName":"072_007_002.mp3","TajweedImageFilePath":"72/7/2.png","Text":"ظَنُّوا۟","Translation":"thought","Transliteration":"ẓannū","Root":"ظ ن ن"},{"Position":3,"AudioFileName":"072_007_003.mp3","TajweedImageFilePath":"72/7/3.png","Text":"كَمَا","Translation":"as","Transliteration":"kamā","Root":"ك م ا"},{"Position":4,"AudioFileName":"072_007_004.mp3","TajweedImageFilePath":"72/7/4.png","Text":"ظَنَنتُمْ","Translation":"you thought","Transliteration":"ẓanantum","Root":"ظ ن ن"},{"Position":5,"AudioFileName":"072_007_005.mp3","TajweedImageFilePath":"72/7/5.png","Text":"أَن","Translation":"that","Transliteration":"an","Root":"ا ن"},{"Position":6,"AudioFileName":"072_007_006.mp3","TajweedImageFilePath":"72/7/6.png","Text":"لَّن","Translation":"never","Transliteration":"lan","Root":"ل ن"},{"Position":7,"AudioFileName":"072_007_007.mp3","TajweedImageFilePath":"72/7/7.png","Text":"يَبْعَثَ","Translation":"will raise","Transliteration":"yabʿatha","Root":"ب ع ث"},{"Position":8,"AudioFileName":"072_007_008.mp3","TajweedImageFilePath":"72/7/8.png","Text":"ٱللَّهُ","Translation":"Allah","Transliteration":"l-lahu","Root":"أ ل ه"},{"Position":9,"AudioFileName":"072_007_009.mp3","TajweedImageFilePath":"72/7/9.png","Text":"أَحَدًۭا","Translation":"anyone","Transliteration":"aḥadan","Root":"أ ح د"},{"Position":10,"AudioFileName":null,"TajweedImageFilePath":"7.png","Text":"٧","Translation":"(7)","Transliteration":null,"Root":null}],"PageNumber":572,"JuzNumber":29,"ManzilNumber":7,"RukuNumber":506,"MaqraNumber":229,"HizbNumber":58,"HizbDecimal":0.0,"HasSajda":false},{"SurahNumber":72,"SurahIndex":"072","VerseNumber":8,"ShowSurahName":false,"ShowBismillah":false,"Words":[{"Position":1,"AudioFileName":"072_008_001.mp3","TajweedImageFilePath":"72/8/1.png","Text":"وَأَنَّا","Translation":"And that we","Transliteration":"wa-annā","Root":"ا ن ن"},{"Position":2,"AudioFileName":"072_008_002.mp3","TajweedImageFilePath":"72/8/2.png","Text":"لَمَسْنَا","Translation":"sought to touch","Transliteration":"lamasnā","Root":"ل م س"},{"Position":3,"AudioFileName":"072_008_003.mp3","TajweedImageFilePath":"72/8/3.png","Text":"ٱلسَّمَآءَ","Translation":"the heaven","Transliteration":"l-samāa","Root":"س م و"},{"Position":4,"AudioFileName":"072_008_004.mp3","TajweedImageFilePath":"72/8/4.png","Text":"فَوَجَدْنَـٰهَا","Translation":"but we found it","Transliteration":"fawajadnāhā","Root":"و ج د"},{"Position":5,"AudioFileName":"072_008_005.mp3","TajweedImageFilePath":"72/8/5.png","Text":"مُلِئَتْ","Translation":"filled (with)","Transliteration":"muli-at","Root":"م ل أ"},{"Position":6,"AudioFileName":"072_008_006.mp3","TajweedImageFilePath":"72/8/6.png","Text":"حَرَسًۭا","Translation":"guards","Transliteration":"ḥarasan","Root":"ح ر س"},{"Position":7,"AudioFileName":"072_008_007.mp3","TajweedImageFilePath":"72/8/7.png","Text":"شَدِيدًۭا","Translation":"severe","Transliteration":"shadīdan","Root":"ش د د"},{"Position":8,"AudioFileName":"072_008_008.mp3","TajweedImageFilePath":"72/8/8.png","Text":"وَشُهُبًۭا","Translation":"and flaming fires","Transliteration":"washuhuban","Root":"ش ه ب"},{"Position":9,"AudioFileName":null,"TajweedImageFilePath":"8.png","Text":"٨","Translation":"(8)","Transliteration":null,"Root":null}],"PageNumber":572,"JuzNumber":29,"ManzilNumber":7,"RukuNumber":506,"MaqraNumber":229,"HizbNumber":58,"HizbDecimal":0.0,"HasSajda":false},{"SurahNumber":72,"SurahIndex":"072","VerseNumber":9,"ShowSurahName":false,"ShowBismillah":false,"Words":[{"Position":1,"AudioFileName":"072_009_001.mp3","TajweedImageFilePath":"72/9/1.png","Text":"وَأَنَّا","Translation":"And that we","Transliteration":"wa-annā","Root":"ا ن ن"},{"Position":2,"AudioFileName":"072_009_002.mp3","TajweedImageFilePath":"72/9/2.png","Text":"كُنَّا","Translation":"used to","Transliteration":"kunnā","Root":"ك و ن"},{"Position":3,"AudioFileName":"072_009_003.mp3","TajweedImageFilePath":"72/9/3.png","Text":"نَقْعُدُ","Translation":"sit","Transliteration":"naqʿudu","Root":"ق ع د"},{"Position":4,"AudioFileName":"072_009_004.mp3","TajweedImageFilePath":"72/9/4.png","Text":"مِنْهَا","Translation":"there in","Transliteration":"min'hā","Root":"م ن"},{"Position":5,"AudioFileName":"072_009_005.mp3","TajweedImageFilePath":"72/9/5.png","Text":"مَقَـٰعِدَ","Translation":"positions","Transliteration":"maqāʿida","Root":"ق ع د"},{"Position":6,"AudioFileName":"072_009_006.mp3","TajweedImageFilePath":"72/9/6.png","Text":"لِلسَّمْعِ ۖ","Translation":"for hearing","Transliteration":"lilssamʿi","Root":"س م ع"},{"Position":7,"AudioFileName":"072_009_007.mp3","TajweedImageFilePath":"72/9/7.png","Text":"فَمَن","Translation":"but (he) who","Transliteration":"faman","Root":"م ن"},{"Position":8,"AudioFileName":"072_009_008.mp3","TajweedImageFilePath":"72/9/8.png","Text":"يَسْتَمِعِ","Translation":"listens","Transliteration":"yastamiʿi","Root":"س م ع"},{"Position":9,"AudioFileName":"072_009_009.mp3","TajweedImageFilePath":"72/9/9.png","Text":"ٱلْـَٔانَ","Translation":"now","Transliteration":"l-āna","Root":"ا ى ن"},{"Position":10,"AudioFileName":"072_009_010.mp3","TajweedImageFilePath":"72/9/10.png","Text":"يَجِدْ","Translation":"will find","Transliteration":"yajid","Root":"و ج د"},{"Position":11,"AudioFileName":"072_009_011.mp3","TajweedImageFilePath":"72/9/11.png","Text":"لَهُۥ","Translation":"for him","Transliteration":"lahu","Root":"ل"},{"Position":12,"AudioFileName":"072_009_012.mp3","TajweedImageFilePath":"72/9/12.png","Text":"شِهَابًۭا","Translation":"a flaming fire","Transliteration":"shihāban","Root":"ش ه ب"},{"Position":13,"AudioFileName":"072_009_013.mp3","TajweedImageFilePath":"72/9/13.png","Text":"رَّصَدًۭا","Translation":"waiting","Transliteration":"raṣadan","Root":"ر ص د"},{"Position":14,"AudioFileName":null,"TajweedImageFilePath":"9.png","Text":"٩","Translation":"(9)","Transliteration":null,"Root":null}],"PageNumber":572,"JuzNumber":29,"ManzilNumber":7,"RukuNumber":506,"MaqraNumber":229,"HizbNumber":58,"HizbDecimal":0.0,"HasSajda":false},{"SurahNumber":72,"SurahIndex":"072","VerseNumber":10,"ShowSurahName":false,"ShowBismillah":false,"Words":[{"Position":1,"AudioFileName":"072_010_001.mp3","TajweedImageFilePath":"72/10/1.png","Text":"وَأَنَّا","Translation":"And that we ","Transliteration":"wa-annā","Root":"ا ن ن"},{"Position":2,"AudioFileName":"072_010_002.mp3","TajweedImageFilePath":"72/10/2.png","Text":"لَا","Translation":"not","Transliteration":"lā","Root":"ل ا"},{"Position":3,"AudioFileName":"072_010_003.mp3","TajweedImageFilePath":"72/10/3.png","Text":"نَدْرِىٓ","Translation":"we know","Transliteration":"nadrī","Root":"د ر ي"},{"Position":4,"AudioFileName":"072_010_004.mp3","TajweedImageFilePath":"72/10/4.png","Text":"أَشَرٌّ","Translation":"whether evil","Transliteration":"asharrun","Root":"ش ر ر"},{"Position":5,"AudioFileName":"072_010_005.mp3","TajweedImageFilePath":"72/10/5.png","Text":"أُرِيدَ","Translation":"is intended","Transliteration":"urīda","Root":"ر و د"},{"Position":6,"AudioFileName":"072_010_006.mp3","TajweedImageFilePath":"72/10/6.png","Text":"بِمَن","Translation":"for (those) who","Transliteration":"biman","Root":"م ن"},{"Position":7,"AudioFileName":"072_010_007.mp3","TajweedImageFilePath":"72/10/7.png","Text":"فِى","Translation":"(are) in","Transliteration":"fī","Root":"ف ى"},{"Position":8,"AudioFileName":"072_010_008.mp3","TajweedImageFilePath":"72/10/8.png","Text":"ٱلْأَرْضِ","Translation":"the earth","Transliteration":"l-arḍi","Root":"أ ر ض"},{"Position":9,"AudioFileName":"072_010_009.mp3","TajweedImageFilePath":"72/10/9.png","Text":"أَمْ","Translation":"or","Transliteration":"am","Root":"أَم"},{"Position":10,"AudioFileName":"072_010_010.mp3","TajweedImageFilePath":"72/10/10.png","Text":"أَرَادَ","Translation":"intends","Transliteration":"arāda","Root":"ر و د"},{"Position":11,"AudioFileName":"072_010_011.mp3","TajweedImageFilePath":"72/10/11.png","Text":"بِهِمْ","Translation":"for them","Transliteration":"bihim","Root":"ب"},{"Position":12,"AudioFileName":"072_010_012.mp3","TajweedImageFilePath":"72/10/12.png","Text":"رَبُّهُمْ","Translation":"their Lord","Transliteration":"rabbuhum","Root":"ر ب ب"},{"Position":13,"AudioFileName":"072_010_013.mp3","TajweedImageFilePath":"72/10/13.png","Text":"رَشَدًۭا","Translation":"a right path","Transliteration":"rashadan","Root":"ر ش د"},{"Position":14,"AudioFileName":null,"TajweedImageFilePath":"10.png","Text":"١٠","Translation":"(10)","Transliteration":null,"Root":null}],"PageNumber":572,"JuzNumber":29,"ManzilNumber":7,"RukuNumber":506,"MaqraNumber":229,"HizbNumber":58,"HizbDecimal":0.0,"HasSajda":false},{"SurahNumber":72,"SurahIndex":"072","VerseNumber":11,"ShowSurahName":false,"ShowBismillah":false,"Words":[{"Position":1,"AudioFileName":"072_011_001.mp3","TajweedImageFilePath":"72/11/1.png","Text":"وَأَنَّا","Translation":"And that [we]","Transliteration":"wa-annā","Root":"ا ن ن"},{"Position":2,"AudioFileName":"072_011_002.mp3","TajweedImageFilePath":"72/11/2.png","Text":"مِنَّا","Translation":"among us","Transliteration":"minnā","Root":"م ن"},{"Position":3,"AudioFileName":"072_011_003.mp3","TajweedImageFilePath":"72/11/3.png","Text":"ٱلصَّـٰلِحُونَ","Translation":"(are) the righteous","Transliteration":"l-ṣāliḥūna","Root":"ص ل ح"},{"Position":4,"AudioFileName":"072_011_004.mp3","TajweedImageFilePath":"72/11/4.png","Text":"وَمِنَّا","Translation":"and among us","Transliteration":"waminnā","Root":"م ن"},{"Position":5,"AudioFileName":"072_011_005.mp3","TajweedImageFilePath":"72/11/5.png","Text":"دُونَ","Translation":"(are) other than","Transliteration":"dūna","Root":"د و ن"},{"Position":6,"AudioFileName":"072_011_006.mp3","TajweedImageFilePath":"72/11/6.png","Text":"ذَٰلِكَ ۖ","Translation":"that","Transliteration":"dhālika","Root":"ذ ل ك"},{"Position":7,"AudioFileName":"072_011_007.mp3","TajweedImageFilePath":"72/11/7.png","Text":"كُنَّا","Translation":"We","Transliteration":"kunnā","Root":"ك و ن"},{"Position":8,"AudioFileName":"072_011_008.mp3","TajweedImageFilePath":"72/11/8.png","Text":"طَرَآئِقَ","Translation":"(are on) ways","Transliteration":"ṭarāiqa","Root":"ط ر ق"},{"Position":9,"AudioFileName":"072_011_009.mp3","TajweedImageFilePath":"72/11/9.png","Text":"قِدَدًۭا","Translation":"different","Transliteration":"qidadan","Root":"ق د د"},{"Position":10,"AudioFileName":null,"TajweedImageFilePath":"11.png","Text":"١١","Translation":"(11)","Transliteration":null,"Root":null}],"PageNumber":572,"JuzNumber":29,"ManzilNumber":7,"RukuNumber":506,"MaqraNumber":229,"HizbNumber":58,"HizbDecimal":0.0,"HasSajda":false},{"SurahNumber":72,"SurahIndex":"072","VerseNumber":12,"ShowSurahName":false,"ShowBismillah":false,"Words":[{"Position":1,"AudioFileName":"072_012_001.mp3","TajweedImageFilePath":"72/12/1.png","Text":"وَأَنَّا","Translation":"And that we","Transliteration":"wa-annā","Root":"ا ن ن"},{"Position":2,"AudioFileName":"072_012_002.mp3","TajweedImageFilePath":"72/12/2.png","Text":"ظَنَنَّآ","Translation":"[we] have become certain","Transliteration":"ẓanannā","Root":"ظ ن ن"},{"Position":3,"AudioFileName":"072_012_003.mp3","TajweedImageFilePath":"72/12/3.png","Text":"أَن","Translation":"that","Transliteration":"an","Root":"ا ن"},{"Position":4,"AudioFileName":"072_012_004.mp3","TajweedImageFilePath":"72/12/4.png","Text":"لَّن","Translation":"never","Transliteration":"lan","Root":"ل ن"},{"Position":5,"AudioFileName":"072_012_005.mp3","TajweedImageFilePath":"72/12/5.png","Text":"نُّعْجِزَ","Translation":"we will cause failure","Transliteration":"nuʿ'jiza","Root":"ع ج ز"},{"Position":6,"AudioFileName":"072_012_006.mp3","TajweedImageFilePath":"72/12/6.png","Text":"ٱللَّهَ","Translation":"(to) Allah","Transliteration":"l-laha","Root":"أ ل ه"},{"Position":7,"AudioFileName":"072_012_007.mp3","TajweedImageFilePath":"72/12/7.png","Text":"فِى","Translation":"in","Transliteration":"fī","Root":"ف ى"},{"Position":8,"AudioFileName":"072_012_008.mp3","TajweedImageFilePath":"72/12/8.png","Text":"ٱلْأَرْضِ","Translation":"the earth","Transliteration":"l-arḍi","Root":"أ ر ض"},{"Position":9,"AudioFileName":"072_012_009.mp3","TajweedImageFilePath":"72/12/9.png","Text":"وَلَن","Translation":"and never","Transliteration":"walan","Root":"ل ن"},{"Position":10,"AudioFileName":"072_012_010.mp3","TajweedImageFilePath":"72/12/10.png","Text":"نُّعْجِزَهُۥ","Translation":"we can escape Him","Transliteration":"nuʿ'jizahu","Root":"ع ج ز"},{"Position":11,"AudioFileName":"072_012_011.mp3","TajweedImageFilePath":"72/12/11.png","Text":"هَرَبًۭا","Translation":"(by) flight","Transliteration":"haraban","Root":"ه ر ب"},{"Position":12,"AudioFileName":null,"TajweedImageFilePath":"12.png","Text":"١٢","Translation":"(12)","Transliteration":null,"Root":null}],"PageNumber":572,"JuzNumber":29,"ManzilNumber":7,"RukuNumber":506,"MaqraNumber":229,"HizbNumber":58,"HizbDecimal":0.0,"HasSajda":false},{"SurahNumber":72,"SurahIndex":"072","VerseNumber":13,"ShowSurahName":false,"ShowBismillah":false,"Words":[{"Position":1,"AudioFileName":"072_013_001.mp3","TajweedImageFilePath":"72/13/1.png","Text":"وَأَنَّا","Translation":"And that [we]","Transliteration":"wa-annā","Root":"ا ن ن"},{"Position":2,"AudioFileName":"072_013_002.mp3","TajweedImageFilePath":"72/13/2.png","Text":"لَمَّا","Translation":"when","Transliteration":"lammā","Root":"ل م م ا"},{"Position":3,"AudioFileName":"072_013_003.mp3","TajweedImageFilePath":"72/13/3.png","Text":"سَمِعْنَا","Translation":"we heard","Transliteration":"samiʿ'nā","Root":"س م ع"},{"Position":4,"AudioFileName":"072_013_004.mp3","TajweedImageFilePath":"72/13/4.png","Text":"ٱلْهُدَىٰٓ","Translation":"the Guidance","Transliteration":"l-hudā","Root":"ه د ي"},{"Position":5,"AudioFileName":"072_013_005.mp3","TajweedImageFilePath":"72/13/5.png","Text":"ءَامَنَّا","Translation":"we believed","Transliteration":"āmannā","Root":"أ م ن"},{"Position":6,"AudioFileName":"072_013_006.mp3","TajweedImageFilePath":"72/13/6.png","Text":"بِهِۦ ۖ","Translation":"in it","Transliteration":"bihi","Root":"ب"},{"Position":7,"AudioFileName":"072_013_007.mp3","TajweedImageFilePath":"72/13/7.png","Text":"فَمَن","Translation":"And whoever","Transliteration":"faman","Root":"م ن"},{"Position":8,"AudioFileName":"072_013_008.mp3","TajweedImageFilePath":"72/13/8.png","Text":"يُؤْمِنۢ","Translation":"believes","Transliteration":"yu'min","Root":"أ م ن"},{"Position":9,"AudioFileName":"072_013_009.mp3","TajweedImageFilePath":"72/13/9.png","Text":"بِرَبِّهِۦ","Translation":"in his Lord","Transliteration":"birabbihi","Root":"ر ب ب"},{"Position":10,"AudioFileName":"072_013_010.mp3","TajweedImageFilePath":"72/13/10.png","Text":"فَلَا","Translation":"then not","Transliteration":"falā","Root":"ل ا"},{"Position":11,"AudioFileName":"072_013_011.mp3","TajweedImageFilePath":"72/13/11.png","Text":"يَخَافُ","Translation":"he will fear","Transliteration":"yakhāfu","Root":"خ و ف"},{"Position":12,"AudioFileName":"072_013_012.mp3","TajweedImageFilePath":"72/13/12.png","Text":"بَخْسًۭا","Translation":"any loss","Transliteration":"bakhsan","Root":"ب خ س"},{"Position":13,"AudioFileName":"072_013_013.mp3","TajweedImageFilePath":"72/13/13.png","Text":"وَلَا","Translation":"and not","Transliteration":"walā","Root":"ل ا"},{"Position":14,"AudioFileName":"072_013_014.mp3","TajweedImageFilePath":"72/13/14.png","Text":"رَهَقًۭا","Translation":"any burden","Transliteration":"rahaqan","Root":"ر ه ق"},{"Position":15,"AudioFileName":null,"TajweedImageFilePath":"13.png","Text":"١٣","Translation":"(13)","Transliteration":null,"Root":null}],"PageNumber":572,"JuzNumber":29,"ManzilNumber":7,"RukuNumber":506,"MaqraNumber":229,"HizbNumber":58,"HizbDecimal":0.0,"HasSajda":false},{"SurahNumber":72,"SurahIndex":"072","VerseNumber":14,"ShowSurahName":false,"ShowBismillah":false,"Words":[{"Position":1,"AudioFileName":"072_014_001.mp3","TajweedImageFilePath":"72/14/1.png","Text":"وَأَنَّا","Translation":"And that we","Transliteration":"wa-annā","Root":"ا ن ن"},{"Position":2,"AudioFileName":"072_014_002.mp3","TajweedImageFilePath":"72/14/2.png","Text":"مِنَّا","Translation":"among us","Transliteration":"minnā","Root":"م ن"},{"Position":3,"AudioFileName":"072_014_003.mp3","TajweedImageFilePath":"72/14/3.png","Text":"ٱلْمُسْلِمُونَ","Translation":"(are) Muslims","Transliteration":"l-mus'limūna","Root":"س ل م"},{"Position":4,"AudioFileName":"072_014_004.mp3","TajweedImageFilePath":"72/14/4.png","Text":"وَمِنَّا","Translation":"and among us","Transliteration":"waminnā","Root":"م ن"},{"Position":5,"AudioFileName":"072_014_005.mp3","TajweedImageFilePath":"72/14/5.png","Text":"ٱلْقَـٰسِطُونَ ۖ","Translation":"(are) unjust","Transliteration":"l-qāsiṭūna","Root":"ق س ط"},{"Position":6,"AudioFileName":"072_014_006.mp3","TajweedImageFilePath":"72/14/6.png","Text":"فَمَنْ","Translation":"And whoever","Transliteration":"faman","Root":"م ن"},{"Position":7,"AudioFileName":"072_014_007.mp3","TajweedImageFilePath":"72/14/7.png","Text":"أَسْلَمَ","Translation":"submits","Transliteration":"aslama","Root":"س ل م"},{"Position":8,"AudioFileName":"072_014_008.mp3","TajweedImageFilePath":"72/14/8.png","Text":"فَأُو۟لَـٰٓئِكَ","Translation":"then those","Transliteration":"fa-ulāika","Root":"ا و ل ا ء"},{"Position":9,"AudioFileName":"072_014_009.mp3","TajweedImageFilePath":"72/14/9.png","Text":"تَحَرَّوْا۟","Translation":"have sought","Transliteration":"taḥarraw","Root":"ح ر ي"},{"Position":10,"AudioFileName":"072_014_010.mp3","TajweedImageFilePath":"72/14/10.png","Text":"رَشَدًۭا","Translation":"(the) right path","Transliteration":"rashadan","Root":"ر ش د"},{"Position":11,"AudioFileName":null,"TajweedImageFilePath":"14.png","Text":"١٤","Translation":"(14)","Transliteration":null,"Root":null}],"PageNumber":573,"JuzNumber":29,"ManzilNumber":7,"RukuNumber":506,"MaqraNumber":229,"HizbNumber":58,"HizbDecimal":0.0,"HasSajda":false},{"SurahNumber":72,"SurahIndex":"072","VerseNumber":15,"ShowSurahName":false,"ShowBismillah":false,"Words":[{"Position":1,"AudioFileName":"072_015_001.mp3","TajweedImageFilePath":"72/15/1.png","Text":"وَأَمَّا","Translation":"And as for","Transliteration":"wa-ammā","Root":"أَمَّا"},{"Position":2,"AudioFileName":"072_015_002.mp3","TajweedImageFilePath":"72/15/2.png","Text":"ٱلْقَـٰسِطُونَ","Translation":"the unjust","Transliteration":"l-qāsiṭūna","Root":"ق س ط"},{"Position":3,"AudioFileName":"072_015_003.mp3","TajweedImageFilePath":"72/15/3.png","Text":"فَكَانُوا۟","Translation":"they will be","Transliteration":"fakānū","Root":"ك و ن"},{"Position":4,"AudioFileName":"072_015_004.mp3","TajweedImageFilePath":"72/15/4.png","Text":"لِجَهَنَّمَ","Translation":"for Hell","Transliteration":"lijahannama","Root":"ج ه ن م"},{"Position":5,"AudioFileName":"072_015_005.mp3","TajweedImageFilePath":"72/15/5.png","Text":"حَطَبًۭا","Translation":"firewood","Transliteration":"ḥaṭaban","Root":"ح ط ب"},{"Position":6,"AudioFileName":null,"TajweedImageFilePath":"15.png","Text":"١٥","Translation":"(15)","Transliteration":null,"Root":null}],"PageNumber":573,"JuzNumber":29,"ManzilNumber":7,"RukuNumber":506,"MaqraNumber":229,"HizbNumber":58,"HizbDecimal":0.0,"HasSajda":false},{"SurahNumber":72,"SurahIndex":"072","VerseNumber":16,"ShowSurahName":false,"ShowBismillah":false,"Words":[{"Position":1,"AudioFileName":"072_016_001.mp3","TajweedImageFilePath":"72/16/1.png","Text":"وَأَلَّوِ","Translation":"And that if","Transliteration":"wa-allawi","Root":"ل و"},{"Position":2,"AudioFileName":"072_016_002.mp3","TajweedImageFilePath":"72/16/2.png","Text":"ٱسْتَقَـٰمُوا۟","Translation":"they had remained","Transliteration":"is'taqāmū","Root":"ق و م"},{"Position":3,"AudioFileName":"072_016_003.mp3","TajweedImageFilePath":"72/16/3.png","Text":"عَلَى","Translation":"on","Transliteration":"ʿalā","Root":"ع ل ى"},{"Position":4,"AudioFileName":"072_016_004.mp3","TajweedImageFilePath":"72/16/4.png","Text":"ٱلطَّرِيقَةِ","Translation":"the Way","Transliteration":"l-ṭarīqati","Root":"ط ر ق"},{"Position":5,"AudioFileName":"072_016_005.mp3","TajweedImageFilePath":"72/16/5.png","Text":"لَأَسْقَيْنَـٰهُم","Translation":"surely We (would) have given them to drink","Transliteration":"la-asqaynāhum","Root":"س ق ي"},{"Position":6,"AudioFileName":"072_016_006.mp3","TajweedImageFilePath":"72/16/6.png","Text":"مَّآءً","Translation":"water","Transliteration":"māan","Root":"م و ه"},{"Position":7,"AudioFileName":"072_016_007.mp3","TajweedImageFilePath":"72/16/7.png","Text":"غَدَقًۭا","Translation":"(in) abundance","Transliteration":"ghadaqan","Root":"غ د ق"},{"Position":8,"AudioFileName":null,"TajweedImageFilePath":"16.png","Text":"١٦","Translation":"(16)","Transliteration":null,"Root":null}],"PageNumber":573,"JuzNumber":29,"ManzilNumber":7,"RukuNumber":506,"MaqraNumber":229,"HizbNumber":58,"HizbDecimal":0.0,"HasSajda":false},{"SurahNumber":72,"SurahIndex":"072","VerseNumber":17,"ShowSurahName":false,"ShowBismillah":false,"Words":[{"Position":1,"AudioFileName":"072_017_001.mp3","TajweedImageFilePath":"72/17/1.png","Text":"لِّنَفْتِنَهُمْ","Translation":"That We might test them","Transliteration":"linaftinahum","Root":"ف ت ن"},{"Position":2,"AudioFileName":"072_017_002.mp3","TajweedImageFilePath":"72/17/2.png","Text":"فِيهِ ۚ","Translation":"therein","Transliteration":"fīhi","Root":"ف ى"},{"Position":3,"AudioFileName":"072_017_003.mp3","TajweedImageFilePath":"72/17/3.png","Text":"وَمَن","Translation":"And whoever","Transliteration":"waman","Root":"م ن"},{"Position":4,"AudioFileName":"072_017_004.mp3","TajweedImageFilePath":"72/17/4.png","Text":"يُعْرِضْ","Translation":"turns away","Transliteration":"yuʿ'riḍ","Root":"ع ر ض"},{"Position":5,"AudioFileName":"072_017_005.mp3","TajweedImageFilePath":"72/17/5.png","Text":"عَن","Translation":"from","Transliteration":"ʿan","Root":"ع ن"},{"Position":6,"AudioFileName":"072_017_006.mp3","TajweedImageFilePath":"72/17/6.png","Text":"ذِكْرِ","Translation":"the Remembrance","Transliteration":"dhik'ri","Root":"ذ ك ر"},{"Position":7,"AudioFileName":"072_017_007.mp3","TajweedImageFilePath":"72/17/7.png","Text":"رَبِّهِۦ","Translation":"(of) his Lord","Transliteration":"rabbihi","Root":"ر ب ب"},{"Position":8,"AudioFileName":"072_017_008.mp3","TajweedImageFilePath":"72/17/8.png","Text":"يَسْلُكْهُ","Translation":"He will make him enter","Transliteration":"yasluk'hu","Root":"س ل ك"},{"Position":9,"AudioFileName":"072_017_009.mp3","TajweedImageFilePath":"72/17/9.png","Text":"عَذَابًۭا","Translation":"a punishment","Transliteration":"ʿadhāban","Root":"ع ذ ب"},{"Position":10,"AudioFileName":"072_017_010.mp3","TajweedImageFilePath":"72/17/10.png","Text":"صَعَدًۭا","Translation":"severe","Transliteration":"ṣaʿadan","Root":"ص ع د"},{"Position":11,"AudioFileName":null,"TajweedImageFilePath":"17.png","Text":"١٧","Translation":"(17)","Transliteration":null,"Root":null}],"PageNumber":573,"JuzNumber":29,"ManzilNumber":7,"RukuNumber":506,"MaqraNumber":229,"HizbNumber":58,"HizbDecimal":0.0,"HasSajda":false},{"SurahNumber":72,"SurahIndex":"072","VerseNumber":18,"ShowSurahName":false,"ShowBismillah":false,"Words":[{"Position":1,"AudioFileName":"072_018_001.mp3","TajweedImageFilePath":"72/18/1.png","Text":"وَأَنَّ","Translation":"And that","Transliteration":"wa-anna","Root":"ا ن ن"},{"Position":2,"AudioFileName":"072_018_002.mp3","TajweedImageFilePath":"72/18/2.png","Text":"ٱلْمَسَـٰجِدَ","Translation":"the masjids","Transliteration":"l-masājida","Root":"س ج د"},{"Position":3,"AudioFileName":"072_018_003.mp3","TajweedImageFilePath":"72/18/3.png","Text":"لِلَّهِ","Translation":"(are) for Allah","Transliteration":"lillahi","Root":"أ ل ه"},{"Position":4,"AudioFileName":"072_018_004.mp3","TajweedImageFilePath":"72/18/4.png","Text":"فَلَا","Translation":"so (do) not","Transliteration":"falā","Root":"ل ا"},{"Position":5,"AudioFileName":"072_018_005.mp3","TajweedImageFilePath":"72/18/5.png","Text":"تَدْعُوا۟","Translation":"call","Transliteration":"tadʿū","Root":"د ع و"},{"Position":6,"AudioFileName":"072_018_006.mp3","TajweedImageFilePath":"72/18/6.png","Text":"مَعَ","Translation":"with","Transliteration":"maʿa","Root":"م ع"},{"Position":7,"AudioFileName":"072_018_007.mp3","TajweedImageFilePath":"72/18/7.png","Text":"ٱللَّهِ","Translation":"Allah","Transliteration":"l-lahi","Root":"أ ل ه"},{"Position":8,"AudioFileName":"072_018_008.mp3","TajweedImageFilePath":"72/18/8.png","Text":"أَحَدًۭا","Translation":"anyone","Transliteration":"aḥadan","Root":"أ ح د"},{"Position":9,"AudioFileName":null,"TajweedImageFilePath":"18.png","Text":"١٨","Translation":"(18)","Transliteration":null,"Root":null}],"PageNumber":573,"JuzNumber":29,"ManzilNumber":7,"RukuNumber":506,"MaqraNumber":229,"HizbNumber":58,"HizbDecimal":0.0,"HasSajda":false},{"SurahNumber":72,"SurahIndex":"072","VerseNumber":19,"ShowSurahName":false,"ShowBismillah":false,"Words":[{"Position":1,"AudioFileName":"072_019_001.mp3","TajweedImageFilePath":"72/19/1.png","Text":"وَأَنَّهُۥ","Translation":"And that","Transliteration":"wa-annahu","Root":"ا ن ن"},{"Position":2,"AudioFileName":"072_019_002.mp3","TajweedImageFilePath":"72/19/2.png","Text":"لَمَّا","Translation":"when","Transliteration":"lammā","Root":"ل م م ا"},{"Position":3,"AudioFileName":"072_019_003.mp3","TajweedImageFilePath":"72/19/3.png","Text":"قَامَ","Translation":"stood up","Transliteration":"qāma","Root":"ق و م"},{"Position":4,"AudioFileName":"072_019_004.mp3","TajweedImageFilePath":"72/19/4.png","Text":"عَبْدُ","Translation":"(the) slave","Transliteration":"ʿabdu","Root":"ع ب د"},{"Position":5,"AudioFileName":"072_019_005.mp3","TajweedImageFilePath":"72/19/5.png","Text":"ٱللَّهِ","Translation":"(of) Allah","Transliteration":"l-lahi","Root":"أ ل ه"},{"Position":6,"AudioFileName":"072_019_006.mp3","TajweedImageFilePath":"72/19/6.png","Text":"يَدْعُوهُ","Translation":"calling (upon) Him","Transliteration":"yadʿūhu","Root":"د ع و"},{"Position":7,"AudioFileName":"072_019_007.mp3","TajweedImageFilePath":"72/19/7.png","Text":"كَادُوا۟","Translation":"they almost","Transliteration":"kādū","Root":"ك و د"},{"Position":8,"AudioFileName":"072_019_008.mp3","TajweedImageFilePath":"72/19/8.png","Text":"يَكُونُونَ","Translation":"became","Transliteration":"yakūnūna","Root":"ك و ن"},{"Position":9,"AudioFileName":"072_019_009.mp3","TajweedImageFilePath":"72/19/9.png","Text":"عَلَيْهِ","Translation":"around him","Transliteration":"ʿalayhi","Root":"ع ل ى"},{"Position":10,"AudioFileName":"072_019_010.mp3","TajweedImageFilePath":"72/19/10.png","Text":"لِبَدًۭا","Translation":"a compacted mass","Transliteration":"libadan","Root":"ل ب د"},{"Position":11,"AudioFileName":null,"TajweedImageFilePath":"19.png","Text":"١٩","Translation":"(19)","Transliteration":null,"Root":null}],"PageNumber":573,"JuzNumber":29,"ManzilNumber":7,"RukuNumber":506,"MaqraNumber":229,"HizbNumber":58,"HizbDecimal":0.0,"HasSajda":false},{"SurahNumber":72,"SurahIndex":"072","VerseNumber":20,"ShowSurahName":false,"ShowBismillah":false,"Words":[{"Position":1,"AudioFileName":"072_020_001.mp3","TajweedImageFilePath":"72/20/1.png","Text":"قُلْ","Translation":"Say","Transliteration":"qul","Root":"ق و ل"},{"Position":2,"AudioFileName":"072_020_002.mp3","TajweedImageFilePath":"72/20/2.png","Text":"إِنَّمَآ","Translation":"Only","Transliteration":"innamā","Root":"ا ن ن م ا"},{"Position":3,"AudioFileName":"072_020_003.mp3","TajweedImageFilePath":"72/20/3.png","Text":"أَدْعُوا۟","Translation":"I call upon","Transliteration":"adʿū","Root":"د ع و"},{"Position":4,"AudioFileName":"072_020_004.mp3","TajweedImageFilePath":"72/20/4.png","Text":"رَبِّى","Translation":"my Lord","Transliteration":"rabbī","Root":"ر ب ب"},{"Position":5,"AudioFileName":"072_020_005.mp3","TajweedImageFilePath":"72/20/5.png","Text":"وَلَآ","Translation":"and not","Transliteration":"walā","Root":"ل ا"},{"Position":6,"AudioFileName":"072_020_006.mp3","TajweedImageFilePath":"72/20/6.png","Text":"أُشْرِكُ","Translation":"I associate","Transliteration":"ush'riku","Root":"ش ر ك"},{"Position":7,"AudioFileName":"072_020_007.mp3","TajweedImageFilePath":"72/20/7.png","Text":"بِهِۦٓ","Translation":"with Him","Transliteration":"bihi","Root":"ب"},{"Position":8,"AudioFileName":"072_020_008.mp3","TajweedImageFilePath":"72/20/8.png","Text":"أَحَدًۭا","Translation":"anyone","Transliteration":"aḥadan","Root":"أ ح د"},{"Position":9,"AudioFileName":null,"TajweedImageFilePath":"20.png","Text":"٢٠","Translation":"(20)","Transliteration":null,"Root":null}],"PageNumber":573,"JuzNumber":29,"ManzilNumber":7,"RukuNumber":507,"MaqraNumber":229,"HizbNumber":58,"HizbDecimal":0.0,"HasSajda":false},{"SurahNumber":72,"SurahIndex":"072","VerseNumber":21,"ShowSurahName":false,"ShowBismillah":false,"Words":[{"Position":1,"AudioFileName":"072_021_001.mp3","TajweedImageFilePath":"72/21/1.png","Text":"قُلْ","Translation":"Say","Transliteration":"qul","Root":"ق و ل"},{"Position":2,"AudioFileName":"072_021_002.mp3","TajweedImageFilePath":"72/21/2.png","Text":"إِنِّى","Translation":"Indeed, I","Transliteration":"innī","Root":"ا ن ن"},{"Position":3,"AudioFileName":"072_021_003.mp3","TajweedImageFilePath":"72/21/3.png","Text":"لَآ","Translation":"(do) not","Transliteration":"lā","Root":"ل ا"},{"Position":4,"AudioFileName":"072_021_004.mp3","TajweedImageFilePath":"72/21/4.png","Text":"أَمْلِكُ","Translation":"possess","Transliteration":"amliku","Root":"م ل ك"},{"Position":5,"AudioFileName":"072_021_005.mp3","TajweedImageFilePath":"72/21/5.png","Text":"لَكُمْ","Translation":"for you","Transliteration":"lakum","Root":"ل"},{"Position":6,"AudioFileName":"072_021_006.mp3","TajweedImageFilePath":"72/21/6.png","Text":"ضَرًّۭا","Translation":"any harm","Transliteration":"ḍarran","Root":"ض ر ر"},{"Position":7,"AudioFileName":"072_021_007.mp3","TajweedImageFilePath":"72/21/7.png","Text":"وَلَا","Translation":"and not","Transliteration":"walā","Root":"ل ا"},{"Position":8,"AudioFileName":"072_021_008.mp3","TajweedImageFilePath":"72/21/8.png","Text":"رَشَدًۭا","Translation":"right path","Transliteration":"rashadan","Root":"ر ش د"},{"Position":9,"AudioFileName":null,"TajweedImageFilePath":"21.png","Text":"٢١","Translation":"(21)","Transliteration":null,"Root":null}],"PageNumber":573,"JuzNumber":29,"ManzilNumber":7,"RukuNumber":507,"MaqraNumber":229,"HizbNumber":58,"HizbDecimal":0.0,"HasSajda":false},{"SurahNumber":72,"SurahIndex":"072","VerseNumber":22,"ShowSurahName":false,"ShowBismillah":false,"Words":[{"Position":1,"AudioFileName":"072_022_001.mp3","TajweedImageFilePath":"72/22/1.png","Text":"قُلْ","Translation":"Say","Transliteration":"qul","Root":"ق و ل"},{"Position":2,"AudioFileName":"072_022_002.mp3","TajweedImageFilePath":"72/22/2.png","Text":"إِنِّى","Translation":"Indeed I","Transliteration":"innī","Root":"ا ن ن"},{"Position":3,"AudioFileName":"072_022_003.mp3","TajweedImageFilePath":"72/22/3.png","Text":"لَن","Translation":"never","Transliteration":"lan","Root":"ل ن"},{"Position":4,"AudioFileName":"072_022_004.mp3","TajweedImageFilePath":"72/22/4.png","Text":"يُجِيرَنِى","Translation":"can protect me","Transliteration":"yujīranī","Root":"ج و ر"},{"Position":5,"AudioFileName":"072_022_005.mp3","TajweedImageFilePath":"72/22/5.png","Text":"مِنَ","Translation":"from","Transliteration":"mina","Root":"م ن"},{"Position":6,"AudioFileName":"072_022_006.mp3","TajweedImageFilePath":"72/22/6.png","Text":"ٱللَّهِ","Translation":"Allah","Transliteration":"l-lahi","Root":"أ ل ه"},{"Position":7,"AudioFileName":"072_022_007.mp3","TajweedImageFilePath":"72/22/7.png","Text":"أَحَدٌۭ","Translation":"anyone","Transliteration":"aḥadun","Root":"أ ح د"},{"Position":8,"AudioFileName":"072_022_008.mp3","TajweedImageFilePath":"72/22/8.png","Text":"وَلَنْ","Translation":"and never","Transliteration":"walan","Root":"ل ن"},{"Position":9,"AudioFileName":"072_022_009.mp3","TajweedImageFilePath":"72/22/9.png","Text":"أَجِدَ","Translation":"can I find","Transliteration":"ajida","Root":"و ج د"},{"Position":10,"AudioFileName":"072_022_010.mp3","TajweedImageFilePath":"72/22/10.png","Text":"مِن","Translation":"from","Transliteration":"min","Root":"م ن"},{"Position":11,"AudioFileName":"072_022_011.mp3","TajweedImageFilePath":"72/22/11.png","Text":"دُونِهِۦ","Translation":"besides Him","Transliteration":"dūnihi","Root":"د و ن"},{"Position":12,"AudioFileName":"072_022_012.mp3","TajweedImageFilePath":"72/22/12.png","Text":"مُلْتَحَدًا","Translation":"any refuge","Transliteration":"mul'taḥadan","Root":"ل ح د"},{"Position":13,"AudioFileName":null,"TajweedImageFilePath":"22.png","Text":"٢٢","Translation":"(22)","Transliteration":null,"Root":null}],"PageNumber":573,"JuzNumber":29,"ManzilNumber":7,"RukuNumber":507,"MaqraNumber":229,"HizbNumber":58,"HizbDecimal":0.0,"HasSajda":false},{"SurahNumber":72,"SurahIndex":"072","VerseNumber":23,"ShowSurahName":false,"ShowBismillah":false,"Words":[{"Position":1,"AudioFileName":"072_023_001.mp3","TajweedImageFilePath":"72/23/1.png","Text":"إِلَّا","Translation":"But","Transliteration":"illā","Root":"إِلَّا"},{"Position":2,"AudioFileName":"072_023_002.mp3","TajweedImageFilePath":"72/23/2.png","Text":"بَلَـٰغًۭا","Translation":"(the) notification","Transliteration":"balāghan","Root":"ب ل غ"},{"Position":3,"AudioFileName":"072_023_003.mp3","TajweedImageFilePath":"72/23/3.png","Text":"مِّنَ","Translation":"from","Transliteration":"mina","Root":"م ن"},{"Position":4,"AudioFileName":"072_023_004.mp3","TajweedImageFilePath":"72/23/4.png","Text":"ٱللَّهِ","Translation":"Allah","Transliteration":"l-lahi","Root":"أ ل ه"},{"Position":5,"AudioFileName":"072_023_005.mp3","TajweedImageFilePath":"72/23/5.png","Text":"وَرِسَـٰلَـٰتِهِۦ ۚ","Translation":"and His Messages","Transliteration":"warisālātihi","Root":"ر س ل"},{"Position":6,"AudioFileName":"072_023_006.mp3","TajweedImageFilePath":"72/23/6.png","Text":"وَمَن","Translation":"And whoever","Transliteration":"waman","Root":"م ن"},{"Position":7,"AudioFileName":"072_023_007.mp3","TajweedImageFilePath":"72/23/7.png","Text":"يَعْصِ","Translation":"disobeys","Transliteration":"yaʿṣi","Root":"ع ص ي"},{"Position":8,"AudioFileName":"072_023_008.mp3","TajweedImageFilePath":"72/23/8.png","Text":"ٱللَّهَ","Translation":"Allah","Transliteration":"l-laha","Root":"أ ل ه"},{"Position":9,"AudioFileName":"072_023_009.mp3","TajweedImageFilePath":"72/23/9.png","Text":"وَرَسُولَهُۥ","Translation":"and His Messenger","Transliteration":"warasūlahu","Root":"ر س ل"},{"Position":10,"AudioFileName":"072_023_010.mp3","TajweedImageFilePath":"72/23/10.png","Text":"فَإِنَّ","Translation":"then indeed","Transliteration":"fa-inna","Root":"ا ن ن"},{"Position":11,"AudioFileName":"072_023_011.mp3","TajweedImageFilePath":"72/23/11.png","Text":"لَهُۥ","Translation":"for him","Transliteration":"lahu","Root":"ل"},{"Position":12,"AudioFileName":"072_023_012.mp3","TajweedImageFilePath":"72/23/12.png","Text":"نَارَ","Translation":"(is the) Fire","Transliteration":"nāra","Root":"ن و ر"},{"Position":13,"AudioFileName":"072_023_013.mp3","TajweedImageFilePath":"72/23/13.png","Text":"جَهَنَّمَ","Translation":"(of) Hell","Transliteration":"jahannama","Root":"ج ه ن م"},{"Position":14,"AudioFileName":"072_023_014.mp3","TajweedImageFilePath":"72/23/14.png","Text":"خَـٰلِدِينَ","Translation":"(they will) abide","Transliteration":"khālidīna","Root":"خ ل د"},{"Position":15,"AudioFileName":"072_023_015.mp3","TajweedImageFilePath":"72/23/15.png","Text":"فِيهَآ","Translation":"therein","Transliteration":"fīhā","Root":"ف ى"},{"Position":16,"AudioFileName":"072_023_016.mp3","TajweedImageFilePath":"72/23/16.png","Text":"أَبَدًا","Translation":"forever","Transliteration":"abadan","Root":"أ ب د"},{"Position":17,"AudioFileName":null,"TajweedImageFilePath":"23.png","Text":"٢٣","Translation":"(23)","Transliteration":null,"Root":null}],"PageNumber":573,"JuzNumber":29,"ManzilNumber":7,"RukuNumber":507,"MaqraNumber":229,"HizbNumber":58,"HizbDecimal":0.0,"HasSajda":false},{"SurahNumber":72,"SurahIndex":"072","VerseNumber":24,"ShowSurahName":false,"ShowBismillah":false,"Words":[{"Position":1,"AudioFileName":"072_024_001.mp3","TajweedImageFilePath":"72/24/1.png","Text":"حَتَّىٰٓ","Translation":"Until","Transliteration":"ḥattā","Root":"ح ت ت ى"},{"Position":2,"AudioFileName":"072_024_002.mp3","TajweedImageFilePath":"72/24/2.png","Text":"إِذَا","Translation":"when","Transliteration":"idhā","Root":"إِذَا"},{"Position":3,"AudioFileName":"072_024_003.mp3","TajweedImageFilePath":"72/24/3.png","Text":"رَأَوْا۟","Translation":"they see","Transliteration":"ra-aw","Root":"ر أ ي"},{"Position":4,"AudioFileName":"072_024_004.mp3","TajweedImageFilePath":"72/24/4.png","Text":"مَا","Translation":"what","Transliteration":"mā","Root":"م ا"},{"Position":5,"AudioFileName":"072_024_005.mp3","TajweedImageFilePath":"72/24/5.png","Text":"يُوعَدُونَ","Translation":"they are promised","Transliteration":"yūʿadūna","Root":"و ع د"},{"Position":6,"AudioFileName":"072_024_006.mp3","TajweedImageFilePath":"72/24/6.png","Text":"فَسَيَعْلَمُونَ","Translation":"then they will know","Transliteration":"fasayaʿlamūna","Root":"ع ل م"},{"Position":7,"AudioFileName":"072_024_007.mp3","TajweedImageFilePath":"72/24/7.png","Text":"مَنْ","Translation":"who","Transliteration":"man","Root":"م ن"},{"Position":8,"AudioFileName":"072_024_008.mp3","TajweedImageFilePath":"72/24/8.png","Text":"أَضْعَفُ","Translation":"(is) weaker","Transliteration":"aḍʿafu","Root":"ض ع ف"},{"Position":9,"AudioFileName":"072_024_009.mp3","TajweedImageFilePath":"72/24/9.png","Text":"نَاصِرًۭا","Translation":"(in) helpers","Transliteration":"nāṣiran","Root":"ن ص ر"},{"Position":10,"AudioFileName":"072_024_010.mp3","TajweedImageFilePath":"72/24/10.png","Text":"وَأَقَلُّ","Translation":"and fewer","Transliteration":"wa-aqallu","Root":"ق ل ل"},{"Position":11,"AudioFileName":"072_024_011.mp3","TajweedImageFilePath":"72/24/11.png","Text":"عَدَدًۭا","Translation":"(in) number","Transliteration":"ʿadadan","Root":"ع د د"},{"Position":12,"AudioFileName":null,"TajweedImageFilePath":"24.png","Text":"٢٤","Translation":"(24)","Transliteration":null,"Root":null}],"PageNumber":573,"JuzNumber":29,"ManzilNumber":7,"RukuNumber":507,"MaqraNumber":229,"HizbNumber":58,"HizbDecimal":0.0,"HasSajda":false},{"SurahNumber":72,"SurahIndex":"072","VerseNumber":25,"ShowSurahName":false,"ShowBismillah":false,"Words":[{"Position":1,"AudioFileName":"072_025_001.mp3","TajweedImageFilePath":"72/25/1.png","Text":"قُلْ","Translation":"Say","Transliteration":"qul","Root":"ق و ل"},{"Position":2,"AudioFileName":"072_025_002.mp3","TajweedImageFilePath":"72/25/2.png","Text":"إِنْ","Translation":"Not","Transliteration":"in","Root":"ا ن"},{"Position":3,"AudioFileName":"072_025_003.mp3","TajweedImageFilePath":"72/25/3.png","Text":"أَدْرِىٓ","Translation":"I know","Transliteration":"adrī","Root":"د ر ي"},{"Position":4,"AudioFileName":"072_025_004.mp3","TajweedImageFilePath":"72/25/4.png","Text":"أَقَرِيبٌۭ","Translation":"whether is near","Transliteration":"aqarībun","Root":"ق ر ب"},{"Position":5,"AudioFileName":"072_025_005.mp3","TajweedImageFilePath":"72/25/5.png","Text":"مَّا","Translation":"what","Transliteration":"mā","Root":"م ا"},{"Position":6,"AudioFileName":"072_025_006.mp3","TajweedImageFilePath":"72/25/6.png","Text":"تُوعَدُونَ","Translation":"you are promised","Transliteration":"tūʿadūna","Root":"و ع د"},{"Position":7,"AudioFileName":"072_025_007.mp3","TajweedImageFilePath":"72/25/7.png","Text":"أَمْ","Translation":"or (whether)","Transliteration":"am","Root":"أَم"},{"Position":8,"AudioFileName":"072_025_008.mp3","TajweedImageFilePath":"72/25/8.png","Text":"يَجْعَلُ","Translation":"will appoint","Transliteration":"yajʿalu","Root":"ج ع ل"},{"Position":9,"AudioFileName":"072_025_009.mp3","TajweedImageFilePath":"72/25/9.png","Text":"لَهُۥ","Translation":"for it","Transliteration":"lahu","Root":"ل"},{"Position":10,"AudioFileName":"072_025_010.mp3","TajweedImageFilePath":"72/25/10.png","Text":"رَبِّىٓ","Translation":"my Lord","Transliteration":"rabbī","Root":"ر ب ب"},{"Position":11,"AudioFileName":"072_025_011.mp3","TajweedImageFilePath":"72/25/11.png","Text":"أَمَدًا","Translation":"a (distant) term","Transliteration":"amadan","Root":"أ م د"},{"Position":12,"AudioFileName":null,"TajweedImageFilePath":"25.png","Text":"٢٥","Translation":"(25)","Transliteration":null,"Root":null}],"PageNumber":573,"JuzNumber":29,"ManzilNumber":7,"RukuNumber":507,"MaqraNumber":229,"HizbNumber":58,"HizbDecimal":0.0,"HasSajda":false},{"SurahNumber":72,"SurahIndex":"072","VerseNumber":26,"ShowSurahName":false,"ShowBismillah":false,"Words":[{"Position":1,"AudioFileName":"072_026_001.mp3","TajweedImageFilePath":"72/26/1.png","Text":"عَـٰلِمُ","Translation":"(The) All-Knower","Transliteration":"ʿālimu","Root":"ع ل م"},{"Position":2,"AudioFileName":"072_026_002.mp3","TajweedImageFilePath":"72/26/2.png","Text":"ٱلْغَيْبِ","Translation":"(of) the unseen","Transliteration":"l-ghaybi","Root":"غ ي ب"},{"Position":3,"AudioFileName":"072_026_003.mp3","TajweedImageFilePath":"72/26/3.png","Text":"فَلَا","Translation":"so not","Transliteration":"falā","Root":"ل ا"},{"Position":4,"AudioFileName":"072_026_004.mp3","TajweedImageFilePath":"72/26/4.png","Text":"يُظْهِرُ","Translation":"He reveals","Transliteration":"yuẓ'hiru","Root":"ظ ه ر"},{"Position":5,"AudioFileName":"072_026_005.mp3","TajweedImageFilePath":"72/26/5.png","Text":"عَلَىٰ","Translation":"from","Transliteration":"ʿalā","Root":"ع ل ى"},{"Position":6,"AudioFileName":"072_026_006.mp3","TajweedImageFilePath":"72/26/6.png","Text":"غَيْبِهِۦٓ","Translation":"His unseen","Transliteration":"ghaybihi","Root":"غ ي ب"},{"Position":7,"AudioFileName":"072_026_007.mp3","TajweedImageFilePath":"72/26/7.png","Text":"أَحَدًا","Translation":"(to) anyone","Transliteration":"aḥadan","Root":"أ ح د"},{"Position":8,"AudioFileName":null,"TajweedImageFilePath":"26.png","Text":"٢٦","Translation":"(26)","Transliteration":null,"Root":null}],"PageNumber":573,"JuzNumber":29,"ManzilNumber":7,"RukuNumber":507,"MaqraNumber":229,"HizbNumber":58,"HizbDecimal":0.0,"HasSajda":false},{"SurahNumber":72,"SurahIndex":"072","VerseNumber":27,"ShowSurahName":false,"ShowBismillah":false,"Words":[{"Position":1,"AudioFileName":"072_027_001.mp3","TajweedImageFilePath":"72/27/1.png","Text":"إِلَّا","Translation":"Except","Transliteration":"illā","Root":"إِلَّا"},{"Position":2,"AudioFileName":"072_027_002.mp3","TajweedImageFilePath":"72/27/2.png","Text":"مَنِ","Translation":"whom","Transliteration":"mani","Root":"م ن"},{"Position":3,"AudioFileName":"072_027_003.mp3","TajweedImageFilePath":"72/27/3.png","Text":"ٱرْتَضَىٰ","Translation":"He has approved","Transliteration":"ir'taḍā","Root":"ر ض و"},{"Position":4,"AudioFileName":"072_027_004.mp3","TajweedImageFilePath":"72/27/4.png","Text":"مِن","Translation":"of","Transliteration":"min","Root":"م ن"},{"Position":5,"AudioFileName":"072_027_005.mp3","TajweedImageFilePath":"72/27/5.png","Text":"رَّسُولٍۢ","Translation":"a Messenger","Transliteration":"rasūlin","Root":"ر س ل"},{"Position":6,"AudioFileName":"072_027_006.mp3","TajweedImageFilePath":"72/27/6.png","Text":"فَإِنَّهُۥ","Translation":"and indeed, He","Transliteration":"fa-innahu","Root":"ا ن ن"},{"Position":7,"AudioFileName":"072_027_007.mp3","TajweedImageFilePath":"72/27/7.png","Text":"يَسْلُكُ","Translation":"makes to march","Transliteration":"yasluku","Root":"س ل ك"},{"Position":8,"AudioFileName":"072_027_008.mp3","TajweedImageFilePath":"72/27/8.png","Text":"مِنۢ","Translation":"from","Transliteration":"min","Root":"م ن"},{"Position":9,"AudioFileName":"072_027_009.mp3","TajweedImageFilePath":"72/27/9.png","Text":"بَيْنِ","Translation":"before","Transliteration":"bayni","Root":"ب ي ن"},{"Position":10,"AudioFileName":"072_027_010.mp3","TajweedImageFilePath":"72/27/10.png","Text":"يَدَيْهِ","Translation":"him","Transliteration":"yadayhi","Root":"ي د ي"},{"Position":11,"AudioFileName":"072_027_011.mp3","TajweedImageFilePath":"72/27/11.png","Text":"وَمِنْ","Translation":"and from","Transliteration":"wamin","Root":"م ن"},{"Position":12,"AudioFileName":"072_027_012.mp3","TajweedImageFilePath":"72/27/12.png","Text":"خَلْفِهِۦ","Translation":"behind him","Transliteration":"khalfihi","Root":"خ ل ف"},{"Position":13,"AudioFileName":"072_027_013.mp3","TajweedImageFilePath":"72/27/13.png","Text":"رَصَدًۭا","Translation":"a guard","Transliteration":"raṣadan","Root":"ر ص د"},{"Position":14,"AudioFileName":null,"TajweedImageFilePath":"27.png","Text":"٢٧","Translation":"(27)","Transliteration":null,"Root":null}],"PageNumber":573,"JuzNumber":29,"ManzilNumber":7,"RukuNumber":507,"MaqraNumber":229,"HizbNumber":58,"HizbDecimal":0.0,"HasSajda":false},{"SurahNumber":72,"SurahIndex":"072","VerseNumber":28,"ShowSurahName":false,"ShowBismillah":false,"Words":[{"Position":1,"AudioFileName":"072_028_001.mp3","TajweedImageFilePath":"72/28/1.png","Text":"لِّيَعْلَمَ","Translation":"That He may make evident","Transliteration":"liyaʿlama","Root":"ع ل م"},{"Position":2,"AudioFileName":"072_028_002.mp3","TajweedImageFilePath":"72/28/2.png","Text":"أَن","Translation":"that","Transliteration":"an","Root":"ا ن"},{"Position":3,"AudioFileName":"072_028_003.mp3","TajweedImageFilePath":"72/28/3.png","Text":"قَدْ","Translation":"indeed","Transliteration":"qad","Root":"ق د"},{"Position":4,"AudioFileName":"072_028_004.mp3","TajweedImageFilePath":"72/28/4.png","Text":"أَبْلَغُوا۟","Translation":"they have conveyed","Transliteration":"ablaghū","Root":"ب ل غ"},{"Position":5,"AudioFileName":"072_028_005.mp3","TajweedImageFilePath":"72/28/5.png","Text":"رِسَـٰلَـٰتِ","Translation":"(the) Messages","Transliteration":"risālāti","Root":"ر س ل"},{"Position":6,"AudioFileName":"072_028_006.mp3","TajweedImageFilePath":"72/28/6.png","Text":"رَبِّهِمْ","Translation":"(of) their Lord","Transliteration":"rabbihim","Root":"ر ب ب"},{"Position":7,"AudioFileName":"072_028_007.mp3","TajweedImageFilePath":"72/28/7.png","Text":"وَأَحَاطَ","Translation":"and He has encompassed","Transliteration":"wa-aḥāṭa","Root":"ح و ط"},{"Position":8,"AudioFileName":"072_028_008.mp3","TajweedImageFilePath":"72/28/8.png","Text":"بِمَا","Translation":"what","Transliteration":"bimā","Root":"ب م ا"},{"Position":9,"AudioFileName":"072_028_009.mp3","TajweedImageFilePath":"72/28/9.png","Text":"لَدَيْهِمْ","Translation":"(is) with them","Transliteration":"ladayhim","Root":"ل د ى"},{"Position":10,"AudioFileName":"072_028_010.mp3","TajweedImageFilePath":"72/28/10.png","Text":"وَأَحْصَىٰ","Translation":"and He takes account","Transliteration":"wa-aḥṣā","Root":"ح ص ي"},{"Position":11,"AudioFileName":"072_028_011.mp3","TajweedImageFilePath":"72/28/11.png","Text":"كُلَّ","Translation":"(of) all","Transliteration":"kulla","Root":"ك ل ل"},{"Position":12,"AudioFileName":"072_028_012.mp3","TajweedImageFilePath":"72/28/12.png","Text":"شَىْءٍ","Translation":"things","Transliteration":"shayin","Root":"ش ي أ"},{"Position":13,"AudioFileName":"072_028_013.mp3","TajweedImageFilePath":"72/28/13.png","Text":"عَدَدًۢا","Translation":"(in) number","Transliteration":"ʿadadan","Root":"ع د د"},{"Position":14,"AudioFileName":null,"TajweedImageFilePath":"28.png","Text":"٢٨","Translation":"(28)","Transliteration":null,"Root":null}],"PageNumber":573,"JuzNumber":29,"ManzilNumber":7,"RukuNumber":507,"MaqraNumber":229,"HizbNumber":58,"HizbDecimal":0.0,"HasSajda":false},{"SurahNumber":73,"SurahIndex":"073","VerseNumber":1,"ShowSurahName":true,"ShowBismillah":true,"Words":[{"Position":1,"AudioFileName":"073_001_001.mp3","TajweedImageFilePath":"73/1/1.png","Text":"يَـٰٓأَيُّهَا","Translation":"O you","Transliteration":"yāayyuhā","Root":"ا ى ى"},{"Position":2,"AudioFileName":"073_001_002.mp3","TajweedImageFilePath":"73/1/2.png","Text":"ٱلْمُزَّمِّلُ","Translation":"who wraps himself","Transliteration":"l-muzamilu","Root":"ز م ل"},{"Position":3,"AudioFileName":null,"TajweedImageFilePath":"1.png","Text":"١","Translation":"(1)","Transliteration":null,"Root":null}],"PageNumber":574,"JuzNumber":29,"ManzilNumber":7,"RukuNumber":508,"MaqraNumber":229,"HizbNumber":58,"HizbDecimal":0.0,"HasSajda":false},{"SurahNumber":73,"SurahIndex":"073","VerseNumber":2,"ShowSurahName":false,"ShowBismillah":false,"Words":[{"Position":1,"AudioFileName":"073_002_001.mp3","TajweedImageFilePath":"73/2/1.png","Text":"قُمِ","Translation":"Stand","Transliteration":"qumi","Root":"ق و م"},{"Position":2,"AudioFileName":"073_002_002.mp3","TajweedImageFilePath":"73/2/2.png","Text":"ٱلَّيْلَ","Translation":"(in) the night","Transliteration":"al-layla","Root":"ل ي ل"},{"Position":3,"AudioFileName":"073_002_003.mp3","TajweedImageFilePath":"73/2/3.png","Text":"إِلَّا","Translation":"except","Transliteration":"illā","Root":"إِلَّا"},{"Position":4,"AudioFileName":"073_002_004.mp3","TajweedImageFilePath":"73/2/4.png","Text":"قَلِيلًۭا","Translation":"a little","Transliteration":"qalīlan","Root":"ق ل ل"},{"Position":5,"AudioFileName":null,"TajweedImageFilePath":"2.png","Text":"٢","Translation":"(2)","Transliteration":null,"Root":null}],"PageNumber":574,"JuzNumber":29,"ManzilNumber":7,"RukuNumber":508,"MaqraNumber":229,"HizbNumber":58,"HizbDecimal":0.0,"HasSajda":false},{"SurahNumber":73,"SurahIndex":"073","VerseNumber":3,"ShowSurahName":false,"ShowBismillah":false,"Words":[{"Position":1,"AudioFileName":"073_003_001.mp3","TajweedImageFilePath":"73/3/1.png","Text":"نِّصْفَهُۥٓ","Translation":"Half of it","Transliteration":"niṣ'fahu","Root":"ن ص ف"},{"Position":2,"AudioFileName":"073_003_002.mp3","TajweedImageFilePath":"73/3/2.png","Text":"أَوِ","Translation":"or","Transliteration":"awi","Root":"ا و"},{"Position":3,"AudioFileName":"073_003_003.mp3","TajweedImageFilePath":"73/3/3.png","Text":"ٱنقُصْ","Translation":"lessen","Transliteration":"unquṣ","Root":"ن ق ص"},{"Position":4,"AudioFileName":"073_003_004.mp3","TajweedImageFilePath":"73/3/4.png","Text":"مِنْهُ","Translation":"from it","Transliteration":"min'hu","Root":"م ن"},{"Position":5,"AudioFileName":"073_003_005.mp3","TajweedImageFilePath":"73/3/5.png","Text":"قَلِيلًا","Translation":"a little","Transliteration":"qalīlan","Root":"ق ل ل"},{"Position":6,"AudioFileName":null,"TajweedImageFilePath":"3.png","Text":"٣","Translation":"(3)","Transliteration":null,"Root":null}],"PageNumber":574,"JuzNumber":29,"ManzilNumber":7,"RukuNumber":508,"MaqraNumber":229,"HizbNumber":58,"HizbDecimal":0.0,"HasSajda":false},{"SurahNumber":73,"SurahIndex":"073","VerseNumber":4,"ShowSurahName":false,"ShowBismillah":false,"Words":[{"Position":1,"AudioFileName":"073_004_001.mp3","TajweedImageFilePath":"73/4/1.png","Text":"أَوْ","Translation":"Or","Transliteration":"aw","Root":"ا و"},{"Position":2,"AudioFileName":"073_004_002.mp3","TajweedImageFilePath":"73/4/2.png","Text":"زِدْ","Translation":"add","Transliteration":"zid","Root":"ز ي د"},{"Position":3,"AudioFileName":"073_004_003.mp3","TajweedImageFilePath":"73/4/3.png","Text":"عَلَيْهِ","Translation":"to it","Transliteration":"ʿalayhi","Root":"ع ل ى"},{"Position":4,"AudioFileName":"073_004_004.mp3","TajweedImageFilePath":"73/4/4.png","Text":"وَرَتِّلِ","Translation":"and recite","Transliteration":"warattili","Root":"ر ت ل"},{"Position":5,"AudioFileName":"073_004_005.mp3","TajweedImageFilePath":"73/4/5.png","Text":"ٱلْقُرْءَانَ","Translation":"the Quran","Transliteration":"l-qur'āna","Root":"ق ر أ"},{"Position":6,"AudioFileName":"073_004_006.mp3","TajweedImageFilePath":"73/4/6.png","Text":"تَرْتِيلًا","Translation":"(with) measured rhythmic recitation","Transliteration":"tartīlan","Root":"ر ت ل"},{"Position":7,"AudioFileName":null,"TajweedImageFilePath":"4.png","Text":"٤","Translation":"(4)","Transliteration":null,"Root":null}],"PageNumber":574,"JuzNumber":29,"ManzilNumber":7,"RukuNumber":508,"MaqraNumber":229,"HizbNumber":58,"HizbDecimal":0.0,"HasSajda":false},{"SurahNumber":73,"SurahIndex":"073","VerseNumber":5,"ShowSurahName":false,"ShowBismillah":false,"Words":[{"Position":1,"AudioFileName":"073_005_001.mp3","TajweedImageFilePath":"73/5/1.png","Text":"إِنَّا","Translation":"Indeed, We","Transliteration":"innā","Root":"ا ن ن"},{"Position":2,"AudioFileName":"073_005_002.mp3","TajweedImageFilePath":"73/5/2.png","Text":"سَنُلْقِى","Translation":"will cast","Transliteration":"sanul'qī","Root":"ل ق ي"},{"Position":3,"AudioFileName":"073_005_003.mp3","TajweedImageFilePath":"73/5/3.png","Text":"عَلَيْكَ","Translation":"upon you","Transliteration":"ʿalayka","Root":"ع ل ى"},{"Position":4,"AudioFileName":"073_005_004.mp3","TajweedImageFilePath":"73/5/4.png","Text":"قَوْلًۭا","Translation":"a Word","Transliteration":"qawlan","Root":"ق و ل"},{"Position":5,"AudioFileName":"073_005_005.mp3","TajweedImageFilePath":"73/5/5.png","Text":"ثَقِيلًا","Translation":"heavy","Transliteration":"thaqīlan","Root":"ث ق ل"},{"Position":6,"AudioFileName":null,"TajweedImageFilePath":"5.png","Text":"٥","Translation":"(5)","Transliteration":null,"Root":null}],"PageNumber":574,"JuzNumber":29,"ManzilNumber":7,"RukuNumber":508,"MaqraNumber":229,"HizbNumber":58,"HizbDecimal":0.0,"HasSajda":false},{"SurahNumber":73,"SurahIndex":"073","VerseNumber":6,"ShowSurahName":false,"ShowBismillah":false,"Words":[{"Position":1,"AudioFileName":"073_006_001.mp3","TajweedImageFilePath":"73/6/1.png","Text":"إِنَّ","Translation":"Indeed","Transliteration":"inna","Root":"ا ن ن"},{"Position":2,"AudioFileName":"073_006_002.mp3","TajweedImageFilePath":"73/6/2.png","Text":"نَاشِئَةَ","Translation":"(the) rising","Transliteration":"nāshi-ata","Root":"ن ش أ"},{"Position":3,"AudioFileName":"073_006_003.mp3","TajweedImageFilePath":"73/6/3.png","Text":"ٱلَّيْلِ","Translation":"(at) the night","Transliteration":"al-layli","Root":"ل ي ل"},{"Position":4,"AudioFileName":"073_006_004.mp3","TajweedImageFilePath":"73/6/4.png","Text":"هِىَ","Translation":"it","Transliteration":"hiya","Root":"ه ى"},{"Position":5,"AudioFileName":"073_006_005.mp3","TajweedImageFilePath":"73/6/5.png","Text":"أَشَدُّ","Translation":"(is) very hard","Transliteration":"ashaddu","Root":"ش د د"},{"Position":6,"AudioFileName":"073_006_006.mp3","TajweedImageFilePath":"73/6/6.png","Text":"وَطْـًۭٔا","Translation":"and most potent","Transliteration":"waṭan","Root":"و ط أ"},{"Position":7,"AudioFileName":"073_006_007.mp3","TajweedImageFilePath":"73/6/7.png","Text":"وَأَقْوَمُ","Translation":"and more suitable","Transliteration":"wa-aqwamu","Root":"ق و م"},{"Position":8,"AudioFileName":"073_006_008.mp3","TajweedImageFilePath":"73/6/8.png","Text":"قِيلًا","Translation":"(for) Word","Transliteration":"qīlan","Root":"ق و ل"},{"Position":9,"AudioFileName":null,"TajweedImageFilePath":"6.png","Text":"٦","Translation":"(6)","Transliteration":null,"Root":null}],"PageNumber":574,"JuzNumber":29,"ManzilNumber":7,"RukuNumber":508,"MaqraNumber":229,"HizbNumber":58,"HizbDecimal":0.0,"HasSajda":false},{"SurahNumber":73,"SurahIndex":"073","VerseNumber":7,"ShowSurahName":false,"ShowBismillah":false,"Words":[{"Position":1,"AudioFileName":"073_007_001.mp3","TajweedImageFilePath":"73/7/1.png","Text":"إِنَّ","Translation":"Indeed","Transliteration":"inna","Root":"ا ن ن"},{"Position":2,"AudioFileName":"073_007_002.mp3","TajweedImageFilePath":"73/7/2.png","Text":"لَكَ","Translation":"for you","Transliteration":"laka","Root":"ل"},{"Position":3,"AudioFileName":"073_007_003.mp3","TajweedImageFilePath":"73/7/3.png","Text":"فِى","Translation":"in","Transliteration":"fī","Root":"ف ى"},{"Position":4,"AudioFileName":"073_007_004.mp3","TajweedImageFilePath":"73/7/4.png","Text":"ٱلنَّهَارِ","Translation":"the day","Transliteration":"l-nahāri","Root":"ن ه ر"},{"Position":5,"AudioFileName":"073_007_005.mp3","TajweedImageFilePath":"73/7/5.png","Text":"سَبْحًۭا","Translation":"(is) occupation","Transliteration":"sabḥan","Root":"س ب ح"},{"Position":6,"AudioFileName":"073_007_006.mp3","TajweedImageFilePath":"73/7/6.png","Text":"طَوِيلًۭا","Translation":"prolonged","Transliteration":"ṭawīlan","Root":"ط و ل"},{"Position":7,"AudioFileName":null,"TajweedImageFilePath":"7.png","Text":"٧","Translation":"(7)","Transliteration":null,"Root":null}],"PageNumber":574,"JuzNumber":29,"ManzilNumber":7,"RukuNumber":508,"MaqraNumber":229,"HizbNumber":58,"HizbDecimal":0.0,"HasSajda":false},{"SurahNumber":73,"SurahIndex":"073","VerseNumber":8,"ShowSurahName":false,"ShowBismillah":false,"Words":[{"Position":1,"AudioFileName":"073_008_001.mp3","TajweedImageFilePath":"73/8/1.png","Text":"وَٱذْكُرِ","Translation":"And remember","Transliteration":"wa-udh'kuri","Root":"ذ ك ر"},{"Position":2,"AudioFileName":"073_008_002.mp3","TajweedImageFilePath":"73/8/2.png","Text":"ٱسْمَ","Translation":"(the) name","Transliteration":"is'ma","Root":"س م و"},{"Position":3,"AudioFileName":"073_008_003.mp3","TajweedImageFilePath":"73/8/3.png","Text":"رَبِّكَ","Translation":"(of) your Lord","Transliteration":"rabbika","Root":"ر ب ب"},{"Position":4,"AudioFileName":"073_008_004.mp3","TajweedImageFilePath":"73/8/4.png","Text":"وَتَبَتَّلْ","Translation":"and devote yourself","Transliteration":"watabattal","Root":"ب ت ل"},{"Position":5,"AudioFileName":"073_008_005.mp3","TajweedImageFilePath":"73/8/5.png","Text":"إِلَيْهِ","Translation":"to Him","Transliteration":"ilayhi","Root":"إِلَىٰ"},{"Position":6,"AudioFileName":"073_008_006.mp3","TajweedImageFilePath":"73/8/6.png","Text":"تَبْتِيلًۭا","Translation":"(with) devotion","Transliteration":"tabtīlan","Root":"ب ت ل"},{"Position":7,"AudioFileName":null,"TajweedImageFilePath":"8.png","Text":"٨","Translation":"(8)","Transliteration":null,"Root":null}],"PageNumber":574,"JuzNumber":29,"ManzilNumber":7,"RukuNumber":508,"MaqraNumber":229,"HizbNumber":58,"HizbDecimal":0.0,"HasSajda":false},{"SurahNumber":73,"SurahIndex":"073","VerseNumber":9,"ShowSurahName":false,"ShowBismillah":false,"Words":[{"Position":1,"AudioFileName":"073_009_001.mp3","TajweedImageFilePath":"73/9/1.png","Text":"رَّبُّ","Translation":"(The) Lord","Transliteration":"rabbu","Root":"ر ب ب"},{"Position":2,"AudioFileName":"073_009_002.mp3","TajweedImageFilePath":"73/9/2.png","Text":"ٱلْمَشْرِقِ","Translation":"(of) the east","Transliteration":"l-mashriqi","Root":"ش ر ق"},{"Position":3,"AudioFileName":"073_009_003.mp3","TajweedImageFilePath":"73/9/3.png","Text":"وَٱلْمَغْرِبِ","Translation":"and the west","Transliteration":"wal-maghribi","Root":"غ ر ب"},{"Position":4,"AudioFileName":"073_009_004.mp3","TajweedImageFilePath":"73/9/4.png","Text":"لَآ","Translation":"(there is) no","Transliteration":"lā","Root":"ل ا"},{"Position":5,"AudioFileName":"073_009_005.mp3","TajweedImageFilePath":"73/9/5.png","Text":"إِلَـٰهَ","Translation":"god","Transliteration":"ilāha","Root":"أ ل ه"},{"Position":6,"AudioFileName":"073_009_006.mp3","TajweedImageFilePath":"73/9/6.png","Text":"إِلَّا","Translation":"except","Transliteration":"illā","Root":"إِلَّا"},{"Position":7,"AudioFileName":"073_009_007.mp3","TajweedImageFilePath":"73/9/7.png","Text":"هُوَ","Translation":"Him","Transliteration":"huwa","Root":"ه و"},{"Position":8,"AudioFileName":"073_009_008.mp3","TajweedImageFilePath":"73/9/8.png","Text":"فَٱتَّخِذْهُ","Translation":"so take Him","Transliteration":"fa-ittakhidh'hu","Root":"أ خ ذ"},{"Position":9,"AudioFileName":"073_009_009.mp3","TajweedImageFilePath":"73/9/9.png","Text":"وَكِيلًۭا","Translation":"(as) Disposer of Affairs","Transliteration":"wakīlan","Root":"و ك ل"},{"Position":10,"AudioFileName":null,"TajweedImageFilePath":"9.png","Text":"٩","Translation":"(9)","Transliteration":null,"Root":null}],"PageNumber":574,"JuzNumber":29,"ManzilNumber":7,"RukuNumber":508,"MaqraNumber":229,"HizbNumber":58,"HizbDecimal":0.0,"HasSajda":false},{"SurahNumber":73,"SurahIndex":"073","VerseNumber":10,"ShowSurahName":false,"ShowBismillah":false,"Words":[{"Position":1,"AudioFileName":"073_010_001.mp3","TajweedImageFilePath":"73/10/1.png","Text":"وَٱصْبِرْ","Translation":"And be patient","Transliteration":"wa-iṣ'bir","Root":"ص ب ر"},{"Position":2,"AudioFileName":"073_010_002.mp3","TajweedImageFilePath":"73/10/2.png","Text":"عَلَىٰ","Translation":"over","Transliteration":"ʿalā","Root":"ع ل ى"},{"Position":3,"AudioFileName":"073_010_003.mp3","TajweedImageFilePath":"73/10/3.png","Text":"مَا","Translation":"what","Transliteration":"mā","Root":"م ا"},{"Position":4,"AudioFileName":"073_010_004.mp3","TajweedImageFilePath":"73/10/4.png","Text":"يَقُولُونَ","Translation":"they say","Transliteration":"yaqūlūna","Root":"ق و ل"},{"Position":5,"AudioFileName":"073_010_005.mp3","TajweedImageFilePath":"73/10/5.png","Text":"وَٱهْجُرْهُمْ","Translation":"and avoid them","Transliteration":"wa-uh'jur'hum","Root":"ه ج ر"},{"Position":6,"AudioFileName":"073_010_006.mp3","TajweedImageFilePath":"73/10/6.png","Text":"هَجْرًۭا","Translation":"an avoidance","Transliteration":"hajran","Root":"ه ج ر"},{"Position":7,"AudioFileName":"073_010_007.mp3","TajweedImageFilePath":"73/10/7.png","Text":"جَمِيلًۭا","Translation":"gracious","Transliteration":"jamīlan","Root":"ج م ل"},{"Position":8,"AudioFileName":null,"TajweedImageFilePath":"10.png","Text":"١٠","Translation":"(10)","Transliteration":null,"Root":null}],"PageNumber":574,"JuzNumber":29,"ManzilNumber":7,"RukuNumber":508,"MaqraNumber":229,"HizbNumber":58,"HizbDecimal":0.0,"HasSajda":false},{"SurahNumber":73,"SurahIndex":"073","VerseNumber":11,"ShowSurahName":false,"ShowBismillah":false,"Words":[{"Position":1,"AudioFileName":"073_011_001.mp3","TajweedImageFilePath":"73/11/1.png","Text":"وَذَرْنِى","Translation":"And leave Me","Transliteration":"wadharnī","Root":"و ذ ر"},{"Position":2,"AudioFileName":"073_011_002.mp3","TajweedImageFilePath":"73/11/2.png","Text":"وَٱلْمُكَذِّبِينَ","Translation":"and the deniers","Transliteration":"wal-mukadhibīna","Root":"ك ذ ب"},{"Position":3,"AudioFileName":"073_011_003.mp3","TajweedImageFilePath":"73/11/3.png","Text":"أُو۟لِى","Translation":"possessors","Transliteration":"ulī","Root":"أ و ل"},{"Position":4,"AudioFileName":"073_011_004.mp3","TajweedImageFilePath":"73/11/4.png","Text":"ٱلنَّعْمَةِ","Translation":"(of) the ease","Transliteration":"l-naʿmati","Root":"ن ع م"},{"Position":5,"AudioFileName":"073_011_005.mp3","TajweedImageFilePath":"73/11/5.png","Text":"وَمَهِّلْهُمْ","Translation":"and allow them respite ","Transliteration":"wamahhil'hum","Root":"م ه ل"},{"Position":6,"AudioFileName":"073_011_006.mp3","TajweedImageFilePath":"73/11/6.png","Text":"قَلِيلًا","Translation":"a little","Transliteration":"qalīlan","Root":"ق ل ل"},{"Position":7,"AudioFileName":null,"TajweedImageFilePath":"11.png","Text":"١١","Translation":"(11)","Transliteration":null,"Root":null}],"PageNumber":574,"JuzNumber":29,"ManzilNumber":7,"RukuNumber":508,"MaqraNumber":229,"HizbNumber":58,"HizbDecimal":0.0,"HasSajda":false},{"SurahNumber":73,"SurahIndex":"073","VerseNumber":12,"ShowSurahName":false,"ShowBismillah":false,"Words":[{"Position":1,"AudioFileName":"073_012_001.mp3","TajweedImageFilePath":"73/12/1.png","Text":"إِنَّ","Translation":"Indeed","Transliteration":"inna","Root":"ا ن ن"},{"Position":2,"AudioFileName":"073_012_002.mp3","TajweedImageFilePath":"73/12/2.png","Text":"لَدَيْنَآ","Translation":"with Us","Transliteration":"ladaynā","Root":"ل د ى"},{"Position":3,"AudioFileName":"073_012_003.mp3","TajweedImageFilePath":"73/12/3.png","Text":"أَنكَالًۭا","Translation":"(are) shackles","Transliteration":"ankālan","Root":"ن ك ل"},{"Position":4,"AudioFileName":"073_012_004.mp3","TajweedImageFilePath":"73/12/4.png","Text":"وَجَحِيمًۭا","Translation":"and burning fire","Transliteration":"wajaḥīman","Root":"ج ح م"},{"Position":5,"AudioFileName":null,"TajweedImageFilePath":"12.png","Text":"١٢","Translation":"(12)","Transliteration":null,"Root":null}],"PageNumber":574,"JuzNumber":29,"ManzilNumber":7,"RukuNumber":508,"MaqraNumber":229,"HizbNumber":58,"HizbDecimal":0.0,"HasSajda":false},{"SurahNumber":73,"SurahIndex":"073","VerseNumber":13,"ShowSurahName":false,"ShowBismillah":false,"Words":[{"Position":1,"AudioFileName":"073_013_001.mp3","TajweedImageFilePath":"73/13/1.png","Text":"وَطَعَامًۭا","Translation":"And food","Transliteration":"waṭaʿāman","Root":"ط ع م"},{"Position":2,"AudioFileName":"073_013_002.mp3","TajweedImageFilePath":"73/13/2.png","Text":"ذَا","Translation":"that","Transliteration":"dhā","Root":"ذ و"},{"Position":3,"AudioFileName":"073_013_003.mp3","TajweedImageFilePath":"73/13/3.png","Text":"غُصَّةٍۢ","Translation":"chokes","Transliteration":"ghuṣṣatin","Root":"غ ص ص"},{"Position":4,"AudioFileName":"073_013_004.mp3","TajweedImageFilePath":"73/13/4.png","Text":"وَعَذَابًا","Translation":"and a punishment","Transliteration":"waʿadhāban","Root":"ع ذ ب"},{"Position":5,"AudioFileName":"073_013_005.mp3","TajweedImageFilePath":"73/13/5.png","Text":"أَلِيمًۭا","Translation":"painful","Transliteration":"alīman","Root":"أ ل م"},{"Position":6,"AudioFileName":null,"TajweedImageFilePath":"13.png","Text":"١٣","Translation":"(13)","Transliteration":null,"Root":null}],"PageNumber":574,"JuzNumber":29,"ManzilNumber":7,"RukuNumber":508,"MaqraNumber":229,"HizbNumber":58,"HizbDecimal":0.0,"HasSajda":false},{"SurahNumber":73,"SurahIndex":"073","VerseNumber":14,"ShowSurahName":false,"ShowBismillah":false,"Words":[{"Position":1,"AudioFileName":"073_014_001.mp3","TajweedImageFilePath":"73/14/1.png","Text":"يَوْمَ","Translation":"(On the) Day","Transliteration":"yawma","Root":"ي و م"},{"Position":2,"AudioFileName":"073_014_002.mp3","TajweedImageFilePath":"73/14/2.png","Text":"تَرْجُفُ","Translation":"will quake","Transliteration":"tarjufu","Root":"ر ج ف"},{"Position":3,"AudioFileName":"073_014_003.mp3","TajweedImageFilePath":"73/14/3.png","Text":"ٱلْأَرْضُ","Translation":"the earth","Transliteration":"l-arḍu","Root":"أ ر ض"},{"Position":4,"AudioFileName":"073_014_004.mp3","TajweedImageFilePath":"73/14/4.png","Text":"وَٱلْجِبَالُ","Translation":"and the mountains","Transliteration":"wal-jibālu","Root":"ج ب ل"},{"Position":5,"AudioFileName":"073_014_005.mp3","TajweedImageFilePath":"73/14/5.png","Text":"وَكَانَتِ","Translation":"and will become","Transliteration":"wakānati","Root":"ك و ن"},{"Position":6,"AudioFileName":"073_014_006.mp3","TajweedImageFilePath":"73/14/6.png","Text":"ٱلْجِبَالُ","Translation":"the mountains","Transliteration":"l-jibālu","Root":"ج ب ل"},{"Position":7,"AudioFileName":"073_014_007.mp3","TajweedImageFilePath":"73/14/7.png","Text":"كَثِيبًۭا","Translation":"a heap of sand","Transliteration":"kathīban","Root":"ك ث ب"},{"Position":8,"AudioFileName":"073_014_008.mp3","TajweedImageFilePath":"73/14/8.png","Text":"مَّهِيلًا","Translation":"pouring down","Transliteration":"mahīlan","Root":"ه ي ل"},{"Position":9,"AudioFileName":null,"TajweedImageFilePath":"14.png","Text":"١٤","Translation":"(14)","Transliteration":null,"Root":null}],"PageNumber":574,"JuzNumber":29,"ManzilNumber":7,"RukuNumber":508,"MaqraNumber":229,"HizbNumber":58,"HizbDecimal":0.0,"HasSajda":false},{"SurahNumber":73,"SurahIndex":"073","VerseNumber":15,"ShowSurahName":false,"ShowBismillah":false,"Words":[{"Position":1,"AudioFileName":"073_015_001.mp3","TajweedImageFilePath":"73/15/1.png","Text":"إِنَّآ","Translation":"Indeed, We","Transliteration":"innā","Root":"ا ن ن"},{"Position":2,"AudioFileName":"073_015_002.mp3","TajweedImageFilePath":"73/15/2.png","Text":"أَرْسَلْنَآ","Translation":"[We] have sent","Transliteration":"arsalnā","Root":"ر س ل"},{"Position":3,"AudioFileName":"073_015_003.mp3","TajweedImageFilePath":"73/15/3.png","Text":"إِلَيْكُمْ","Translation":"to you","Transliteration":"ilaykum","Root":"إِلَىٰ"},{"Position":4,"AudioFileName":"073_015_004.mp3","TajweedImageFilePath":"73/15/4.png","Text":"رَسُولًۭا","Translation":"a Messenger","Transliteration":"rasūlan","Root":"ر س ل"},{"Position":5,"AudioFileName":"073_015_005.mp3","TajweedImageFilePath":"73/15/5.png","Text":"شَـٰهِدًا","Translation":"(as) a witness","Transliteration":"shāhidan","Root":"ش ه د"},{"Position":6,"AudioFileName":"073_015_006.mp3","TajweedImageFilePath":"73/15/6.png","Text":"عَلَيْكُمْ","Translation":"upon you","Transliteration":"ʿalaykum","Root":"ع ل ى"},{"Position":7,"AudioFileName":"073_015_007.mp3","TajweedImageFilePath":"73/15/7.png","Text":"كَمَآ","Translation":"as","Transliteration":"kamā","Root":"ك م ا"},{"Position":8,"AudioFileName":"073_015_008.mp3","TajweedImageFilePath":"73/15/8.png","Text":"أَرْسَلْنَآ","Translation":"We sent","Transliteration":"arsalnā","Root":"ر س ل"},{"Position":9,"AudioFileName":"073_015_009.mp3","TajweedImageFilePath":"73/15/9.png","Text":"إِلَىٰ","Translation":"to","Transliteration":"ilā","Root":"إِلَىٰ"},{"Position":10,"AudioFileName":"073_015_010.mp3","TajweedImageFilePath":"73/15/10.png","Text":"فِرْعَوْنَ","Translation":"Firaun","Transliteration":"fir'ʿawna","Root":"ف ر ع"},{"Position":11,"AudioFileName":"073_015_011.mp3","TajweedImageFilePath":"73/15/11.png","Text":"رَسُولًۭا","Translation":"a Messenger","Transliteration":"rasūlan","Root":"ر س ل"},{"Position":12,"AudioFileName":null,"TajweedImageFilePath":"15.png","Text":"١٥","Translation":"(15)","Transliteration":null,"Root":null}],"PageNumber":574,"JuzNumber":29,"ManzilNumber":7,"RukuNumber":508,"MaqraNumber":229,"HizbNumber":58,"HizbDecimal":0.0,"HasSajda":false},{"SurahNumber":73,"SurahIndex":"073","VerseNumber":16,"ShowSurahName":false,"ShowBismillah":false,"Words":[{"Position":1,"AudioFileName":"073_016_001.mp3","TajweedImageFilePath":"73/16/1.png","Text":"فَعَصَىٰ","Translation":"But disobeyed","Transliteration":"faʿaṣā","Root":"ع ص ي"},{"Position":2,"AudioFileName":"073_016_002.mp3","TajweedImageFilePath":"73/16/2.png","Text":"فِرْعَوْنُ","Translation":"Firaun","Transliteration":"fir'ʿawnu","Root":"ف ر ع"},{"Position":3,"AudioFileName":"073_016_003.mp3","TajweedImageFilePath":"73/16/3.png","Text":"ٱلرَّسُولَ","Translation":"the Messenger","Transliteration":"l-rasūla","Root":"ر س ل"},{"Position":4,"AudioFileName":"073_016_004.mp3","TajweedImageFilePath":"73/16/4.png","Text":"فَأَخَذْنَـٰهُ","Translation":"so We seized him","Transliteration":"fa-akhadhnāhu","Root":"أ خ ذ"},{"Position":5,"AudioFileName":"073_016_005.mp3","TajweedImageFilePath":"73/16/5.png","Text":"أَخْذًۭا","Translation":"(with) a seizure","Transliteration":"akhdhan","Root":"أ خ ذ"},{"Position":6,"AudioFileName":"073_016_006.mp3","TajweedImageFilePath":"73/16/6.png","Text":"وَبِيلًۭا","Translation":"ruinous","Transliteration":"wabīlan","Root":"و ب ل"},{"Position":7,"AudioFileName":null,"TajweedImageFilePath":"16.png","Text":"١٦","Translation":"(16)","Transliteration":null,"Root":null}],"PageNumber":574,"JuzNumber":29,"ManzilNumber":7,"RukuNumber":508,"MaqraNumber":229,"HizbNumber":58,"HizbDecimal":0.0,"HasSajda":false},{"SurahNumber":73,"SurahIndex":"073","VerseNumber":17,"ShowSurahName":false,"ShowBismillah":false,"Words":[{"Position":1,"AudioFileName":"073_017_001.mp3","TajweedImageFilePath":"73/17/1.png","Text":"فَكَيْفَ","Translation":"Then how","Transliteration":"fakayfa","Root":"ك ي ف"},{"Position":2,"AudioFileName":"073_017_002.mp3","TajweedImageFilePath":"73/17/2.png","Text":"تَتَّقُونَ","Translation":"will you guard yourselves","Transliteration":"tattaqūna","Root":"و ق ي"},{"Position":3,"AudioFileName":"073_017_003.mp3","TajweedImageFilePath":"73/17/3.png","Text":"إِن","Translation":"if","Transliteration":"in","Root":"ا ن"},{"Position":4,"AudioFileName":"073_017_004.mp3","TajweedImageFilePath":"73/17/4.png","Text":"كَفَرْتُمْ","Translation":"you disbelieve","Transliteration":"kafartum","Root":"ك ف ر"},{"Position":5,"AudioFileName":"073_017_005.mp3","TajweedImageFilePath":"73/17/5.png","Text":"يَوْمًۭا","Translation":"a Day","Transliteration":"yawman","Root":"ي و م"},{"Position":6,"AudioFileName":"073_017_006.mp3","TajweedImageFilePath":"73/17/6.png","Text":"يَجْعَلُ","Translation":"(that) will make","Transliteration":"yajʿalu","Root":"ج ع ل"},{"Position":7,"AudioFileName":"073_017_007.mp3","TajweedImageFilePath":"73/17/7.png","Text":"ٱلْوِلْدَٰنَ","Translation":"the children","Transliteration":"l-wil'dāna","Root":"و ل د"},{"Position":8,"AudioFileName":"073_017_008.mp3","TajweedImageFilePath":"73/17/8.png","Text":"شِيبًا","Translation":"gray-haired","Transliteration":"shīban","Root":"ش ي ب"},{"Position":9,"AudioFileName":null,"TajweedImageFilePath":"17.png","Text":"١٧","Translation":"(17)","Transliteration":null,"Root":null}],"PageNumber":574,"JuzNumber":29,"ManzilNumber":7,"RukuNumber":508,"MaqraNumber":229,"HizbNumber":58,"HizbDecimal":0.0,"HasSajda":false},{"SurahNumber":73,"SurahIndex":"073","VerseNumber":18,"ShowSurahName":false,"ShowBismillah":false,"Words":[{"Position":1,"AudioFileName":"073_018_001.mp3","TajweedImageFilePath":"73/18/1.png","Text":"ٱلسَّمَآءُ","Translation":"The heaven","Transliteration":"al-samāu","Root":"س م و"},{"Position":2,"AudioFileName":"073_018_002.mp3","TajweedImageFilePath":"73/18/2.png","Text":"مُنفَطِرٌۢ","Translation":"(will) break apart","Transliteration":"munfaṭirun","Root":"ف ط ر"},{"Position":3,"AudioFileName":"073_018_003.mp3","TajweedImageFilePath":"73/18/3.png","Text":"بِهِۦ ۚ","Translation":"therefrom","Transliteration":"bihi","Root":"ب"},{"Position":4,"AudioFileName":"073_018_004.mp3","TajweedImageFilePath":"73/18/4.png","Text":"كَانَ","Translation":"is","Transliteration":"kāna","Root":"ك و ن"},{"Position":5,"AudioFileName":"073_018_005.mp3","TajweedImageFilePath":"73/18/5.png","Text":"وَعْدُهُۥ","Translation":"His Promise","Transliteration":"waʿduhu","Root":"و ع د"},{"Position":6,"AudioFileName":"073_018_006.mp3","TajweedImageFilePath":"73/18/6.png","Text":"مَفْعُولًا","Translation":"to be fulfilled","Transliteration":"mafʿūlan","Root":"ف ع ل"},{"Position":7,"AudioFileName":null,"TajweedImageFilePath":"18.png","Text":"١٨","Translation":"(18)","Transliteration":null,"Root":null}],"PageNumber":574,"JuzNumber":29,"ManzilNumber":7,"RukuNumber":508,"MaqraNumber":229,"HizbNumber":58,"HizbDecimal":0.0,"HasSajda":false},{"SurahNumber":73,"SurahIndex":"073","VerseNumber":19,"ShowSurahName":false,"ShowBismillah":false,"Words":[{"Position":1,"AudioFileName":"073_019_001.mp3","TajweedImageFilePath":"73/19/1.png","Text":"إِنَّ","Translation":"Indeed","Transliteration":"inna","Root":"ا ن ن"},{"Position":2,"AudioFileName":"073_019_002.mp3","TajweedImageFilePath":"73/19/2.png","Text":"هَـٰذِهِۦ","Translation":"this","Transliteration":"hādhihi","Root":"ه ا ذ"},{"Position":3,"AudioFileName":"073_019_003.mp3","TajweedImageFilePath":"73/19/3.png","Text":"تَذْكِرَةٌۭ ۖ","Translation":"(is) a Reminder","Transliteration":"tadhkiratun","Root":"ذ ك ر"},{"Position":4,"AudioFileName":"073_019_004.mp3","TajweedImageFilePath":"73/19/4.png","Text":"فَمَن","Translation":"then whoever","Transliteration":"faman","Root":"م ن"},{"Position":5,"AudioFileName":"073_019_005.mp3","TajweedImageFilePath":"73/19/5.png","Text":"شَآءَ","Translation":"wills","Transliteration":"shāa","Root":"ش ي أ"},{"Position":6,"AudioFileName":"073_019_006.mp3","TajweedImageFilePath":"73/19/6.png","Text":"ٱتَّخَذَ","Translation":"(let him) take","Transliteration":"ittakhadha","Root":"أ خ ذ"},{"Position":7,"AudioFileName":"073_019_007.mp3","TajweedImageFilePath":"73/19/7.png","Text":"إِلَىٰ","Translation":"to","Transliteration":"ilā","Root":"إِلَىٰ"},{"Position":8,"AudioFileName":"073_019_008.mp3","TajweedImageFilePath":"73/19/8.png","Text":"رَبِّهِۦ","Translation":"his Lord","Transliteration":"rabbihi","Root":"ر ب ب"},{"Position":9,"AudioFileName":"073_019_009.mp3","TajweedImageFilePath":"73/19/9.png","Text":"سَبِيلًا","Translation":"a way","Transliteration":"sabīlan","Root":"س ب ل"},{"Position":10,"AudioFileName":null,"TajweedImageFilePath":"19.png","Text":"١٩","Translation":"(19)","Transliteration":null,"Root":null}],"PageNumber":574,"JuzNumber":29,"ManzilNumber":7,"RukuNumber":508,"MaqraNumber":229,"HizbNumber":58,"HizbDecimal":0.0,"HasSajda":false}]}