{"MaqraNumber":132,"Verses":[{"SurahNumber":21,"SurahIndex":"021","VerseNumber":83,"ShowSurahName":false,"ShowBismillah":false,"Words":[{"Position":1,"AudioFileName":"021_083_001.mp3","TajweedImageFilePath":"21/83/1.png","Text":"۞ وَأَيُّوبَ","Translation":"And Ayub","Transliteration":"wa-ayyūba"},{"Position":2,"AudioFileName":"021_083_002.mp3","TajweedImageFilePath":"21/83/2.png","Text":"إِذْ","Translation":"when","Transliteration":"idh"},{"Position":3,"AudioFileName":"021_083_003.mp3","TajweedImageFilePath":"21/83/3.png","Text":"نَادَىٰ","Translation":"he called","Transliteration":"nādā"},{"Position":4,"AudioFileName":"021_083_004.mp3","TajweedImageFilePath":"21/83/4.png","Text":"رَبَّهُۥٓ","Translation":"(to) his Lord","Transliteration":"rabbahu"},{"Position":5,"AudioFileName":"021_083_005.mp3","TajweedImageFilePath":"21/83/5.png","Text":"أَنِّى","Translation":"Indeed, [I]","Transliteration":"annī"},{"Position":6,"AudioFileName":"021_083_006.mp3","TajweedImageFilePath":"21/83/6.png","Text":"مَسَّنِىَ","Translation":"has touched me","Transliteration":"massaniya"},{"Position":7,"AudioFileName":"021_083_007.mp3","TajweedImageFilePath":"21/83/7.png","Text":"ٱلضُّرُّ","Translation":"the adversity","Transliteration":"l-ḍuru"},{"Position":8,"AudioFileName":"021_083_008.mp3","TajweedImageFilePath":"21/83/8.png","Text":"وَأَنتَ","Translation":"and You","Transliteration":"wa-anta"},{"Position":9,"AudioFileName":"021_083_009.mp3","TajweedImageFilePath":"21/83/9.png","Text":"أَرْحَمُ","Translation":"(are) Most Merciful","Transliteration":"arḥamu"},{"Position":10,"AudioFileName":"021_083_010.mp3","TajweedImageFilePath":"21/83/10.png","Text":"ٱلرَّٰحِمِينَ","Translation":"(of) the Merciful","Transliteration":"l-rāḥimīna"},{"Position":11,"AudioFileName":null,"TajweedImageFilePath":"83.png","Text":"٨٣","Translation":"(83)","Transliteration":null}],"PageNumber":329,"JuzNumber":17,"ManzilNumber":4,"RukuNumber":283,"MaqraNumber":132,"HizbNumber":33,"HizbDecimal":0.75,"HasSajda":false},{"SurahNumber":21,"SurahIndex":"021","VerseNumber":84,"ShowSurahName":false,"ShowBismillah":false,"Words":[{"Position":1,"AudioFileName":"021_084_001.mp3","TajweedImageFilePath":"21/84/1.png","Text":"فَٱسْتَجَبْنَا","Translation":"So We responded","Transliteration":"fa-is'tajabnā"},{"Position":2,"AudioFileName":"021_084_002.mp3","TajweedImageFilePath":"21/84/2.png","Text":"لَهُۥ","Translation":"to him","Transliteration":"lahu"},{"Position":3,"AudioFileName":"021_084_003.mp3","TajweedImageFilePath":"21/84/3.png","Text":"فَكَشَفْنَا","Translation":"and We removed","Transliteration":"fakashafnā"},{"Position":4,"AudioFileName":"021_084_004.mp3","TajweedImageFilePath":"21/84/4.png","Text":"مَا","Translation":"what","Transliteration":"mā"},{"Position":5,"AudioFileName":"021_084_005.mp3","TajweedImageFilePath":"21/84/5.png","Text":"بِهِۦ","Translation":"(was) on him","Transliteration":"bihi"},{"Position":6,"AudioFileName":"021_084_006.mp3","TajweedImageFilePath":"21/84/6.png","Text":"مِن","Translation":"of","Transliteration":"min"},{"Position":7,"AudioFileName":"021_084_007.mp3","TajweedImageFilePath":"21/84/7.png","Text":"ضُرٍّۢ ۖ","Translation":"(the) adversity","Transliteration":"ḍurrin"},{"Position":8,"AudioFileName":"021_084_008.mp3","TajweedImageFilePath":"21/84/8.png","Text":"وَءَاتَيْنَـٰهُ","Translation":"And We gave him","Transliteration":"waātaynāhu"},{"Position":9,"AudioFileName":"021_084_009.mp3","TajweedImageFilePath":"21/84/9.png","Text":"أَهْلَهُۥ","Translation":"his family","Transliteration":"ahlahu"},{"Position":10,"AudioFileName":"021_084_010.mp3","TajweedImageFilePath":"21/84/10.png","Text":"وَمِثْلَهُم","Translation":"and (the) like thereof","Transliteration":"wamith'lahum"},{"Position":11,"AudioFileName":"021_084_011.mp3","TajweedImageFilePath":"21/84/11.png","Text":"مَّعَهُمْ","Translation":"with them","Transliteration":"maʿahum"},{"Position":12,"AudioFileName":"021_084_012.mp3","TajweedImageFilePath":"21/84/12.png","Text":"رَحْمَةًۭ","Translation":"(as) Mercy","Transliteration":"raḥmatan"},{"Position":13,"AudioFileName":"021_084_013.mp3","TajweedImageFilePath":"21/84/13.png","Text":"مِّنْ","Translation":"from Ourselves","Transliteration":"min"},{"Position":14,"AudioFileName":"021_084_014.mp3","TajweedImageFilePath":"21/84/14.png","Text":"عِندِنَا","Translation":"from Ourselves","Transliteration":"ʿindinā"},{"Position":15,"AudioFileName":"021_084_015.mp3","TajweedImageFilePath":"21/84/15.png","Text":"وَذِكْرَىٰ","Translation":"and a reminder","Transliteration":"wadhik'rā"},{"Position":16,"AudioFileName":"021_084_016.mp3","TajweedImageFilePath":"21/84/16.png","Text":"لِلْعَـٰبِدِينَ","Translation":"for the worshippers","Transliteration":"lil'ʿābidīna"},{"Position":17,"AudioFileName":null,"TajweedImageFilePath":"84.png","Text":"٨٤","Translation":"(84)","Transliteration":null}],"PageNumber":329,"JuzNumber":17,"ManzilNumber":4,"RukuNumber":283,"MaqraNumber":132,"HizbNumber":33,"HizbDecimal":0.75,"HasSajda":false},{"SurahNumber":21,"SurahIndex":"021","VerseNumber":85,"ShowSurahName":false,"ShowBismillah":false,"Words":[{"Position":1,"AudioFileName":"021_085_001.mp3","TajweedImageFilePath":"21/85/1.png","Text":"وَإِسْمَـٰعِيلَ","Translation":"And Ishmael","Transliteration":"wa-is'māʿīla"},{"Position":2,"AudioFileName":"021_085_002.mp3","TajweedImageFilePath":"21/85/2.png","Text":"وَإِدْرِيسَ","Translation":"and Idris","Transliteration":"wa-id'rīsa"},{"Position":3,"AudioFileName":"021_085_003.mp3","TajweedImageFilePath":"21/85/3.png","Text":"وَذَا","Translation":"and Dhul-Kifl","Transliteration":"wadhā"},{"Position":4,"AudioFileName":"021_085_004.mp3","TajweedImageFilePath":"21/85/4.png","Text":"ٱلْكِفْلِ ۖ","Translation":"and Dhul-Kifl","Transliteration":"l-kif'li"},{"Position":5,"AudioFileName":"021_085_005.mp3","TajweedImageFilePath":"21/85/5.png","Text":"كُلٌّۭ","Translation":"all","Transliteration":"kullun"},{"Position":6,"AudioFileName":"021_085_006.mp3","TajweedImageFilePath":"21/85/6.png","Text":"مِّنَ","Translation":"(were) of","Transliteration":"mina"},{"Position":7,"AudioFileName":"021_085_007.mp3","TajweedImageFilePath":"21/85/7.png","Text":"ٱلصَّـٰبِرِينَ","Translation":"the patient ones","Transliteration":"l-ṣābirīna"},{"Position":8,"AudioFileName":null,"TajweedImageFilePath":"85.png","Text":"٨٥","Translation":"(85)","Transliteration":null}],"PageNumber":329,"JuzNumber":17,"ManzilNumber":4,"RukuNumber":283,"MaqraNumber":132,"HizbNumber":33,"HizbDecimal":0.75,"HasSajda":false},{"SurahNumber":21,"SurahIndex":"021","VerseNumber":86,"ShowSurahName":false,"ShowBismillah":false,"Words":[{"Position":1,"AudioFileName":"021_086_001.mp3","TajweedImageFilePath":"21/86/1.png","Text":"وَأَدْخَلْنَـٰهُمْ","Translation":"And We admitted them","Transliteration":"wa-adkhalnāhum"},{"Position":2,"AudioFileName":"021_086_002.mp3","TajweedImageFilePath":"21/86/2.png","Text":"فِى","Translation":"in","Transliteration":"fī"},{"Position":3,"AudioFileName":"021_086_003.mp3","TajweedImageFilePath":"21/86/3.png","Text":"رَحْمَتِنَآ ۖ","Translation":"Our Mercy","Transliteration":"raḥmatinā"},{"Position":4,"AudioFileName":"021_086_004.mp3","TajweedImageFilePath":"21/86/4.png","Text":"إِنَّهُم","Translation":"Indeed, they","Transliteration":"innahum"},{"Position":5,"AudioFileName":"021_086_005.mp3","TajweedImageFilePath":"21/86/5.png","Text":"مِّنَ","Translation":"(were) of","Transliteration":"mina"},{"Position":6,"AudioFileName":"021_086_006.mp3","TajweedImageFilePath":"21/86/6.png","Text":"ٱلصَّـٰلِحِينَ","Translation":"the righteous","Transliteration":"l-ṣāliḥīna"},{"Position":7,"AudioFileName":null,"TajweedImageFilePath":"86.png","Text":"٨٦","Translation":"(86)","Transliteration":null}],"PageNumber":329,"JuzNumber":17,"ManzilNumber":4,"RukuNumber":283,"MaqraNumber":132,"HizbNumber":33,"HizbDecimal":0.75,"HasSajda":false},{"SurahNumber":21,"SurahIndex":"021","VerseNumber":87,"ShowSurahName":false,"ShowBismillah":false,"Words":[{"Position":1,"AudioFileName":"021_087_001.mp3","TajweedImageFilePath":"21/87/1.png","Text":"وَذَا","Translation":"And Dhun-Nun","Transliteration":"wadhā"},{"Position":2,"AudioFileName":"021_087_002.mp3","TajweedImageFilePath":"21/87/2.png","Text":"ٱلنُّونِ","Translation":"And Dhun-Nun","Transliteration":"l-nūni"},{"Position":3,"AudioFileName":"021_087_003.mp3","TajweedImageFilePath":"21/87/3.png","Text":"إِذ","Translation":"when","Transliteration":"idh"},{"Position":4,"AudioFileName":"021_087_004.mp3","TajweedImageFilePath":"21/87/4.png","Text":"ذَّهَبَ","Translation":"he went","Transliteration":"dhahaba"},{"Position":5,"AudioFileName":"021_087_005.mp3","TajweedImageFilePath":"21/87/5.png","Text":"مُغَـٰضِبًۭا","Translation":"(while) angry","Transliteration":"mughāḍiban"},{"Position":6,"AudioFileName":"021_087_006.mp3","TajweedImageFilePath":"21/87/6.png","Text":"فَظَنَّ","Translation":"and thought","Transliteration":"faẓanna"},{"Position":7,"AudioFileName":"021_087_007.mp3","TajweedImageFilePath":"21/87/7.png","Text":"أَن","Translation":"that","Transliteration":"an"},{"Position":8,"AudioFileName":"021_087_008.mp3","TajweedImageFilePath":"21/87/8.png","Text":"لَّن","Translation":"never","Transliteration":"lan"},{"Position":9,"AudioFileName":"021_087_009.mp3","TajweedImageFilePath":"21/87/9.png","Text":"نَّقْدِرَ","Translation":"We would decree","Transliteration":"naqdira"},{"Position":10,"AudioFileName":"021_087_010.mp3","TajweedImageFilePath":"21/87/10.png","Text":"عَلَيْهِ","Translation":"upon him","Transliteration":"ʿalayhi"},{"Position":11,"AudioFileName":"021_087_011.mp3","TajweedImageFilePath":"21/87/11.png","Text":"فَنَادَىٰ","Translation":"Then he called","Transliteration":"fanādā"},{"Position":12,"AudioFileName":"021_087_012.mp3","TajweedImageFilePath":"21/87/12.png","Text":"فِى","Translation":"in","Transliteration":"fī"},{"Position":13,"AudioFileName":"021_087_013.mp3","TajweedImageFilePath":"21/87/13.png","Text":"ٱلظُّلُمَـٰتِ","Translation":"the darkness(es)","Transliteration":"l-ẓulumāti"},{"Position":14,"AudioFileName":"021_087_014.mp3","TajweedImageFilePath":"21/87/14.png","Text":"أَن","Translation":"that","Transliteration":"an"},{"Position":15,"AudioFileName":"021_087_015.mp3","TajweedImageFilePath":"21/87/15.png","Text":"لَّآ","Translation":"(There is) no","Transliteration":"lā"},{"Position":16,"AudioFileName":"021_087_016.mp3","TajweedImageFilePath":"21/87/16.png","Text":"إِلَـٰهَ","Translation":"god","Transliteration":"ilāha"},{"Position":17,"AudioFileName":"021_087_017.mp3","TajweedImageFilePath":"21/87/17.png","Text":"إِلَّآ","Translation":"except","Transliteration":"illā"},{"Position":18,"AudioFileName":"021_087_018.mp3","TajweedImageFilePath":"21/87/18.png","Text":"أَنتَ","Translation":"You","Transliteration":"anta"},{"Position":19,"AudioFileName":"021_087_019.mp3","TajweedImageFilePath":"21/87/19.png","Text":"سُبْحَـٰنَكَ","Translation":"Glory be to You","Transliteration":"sub'ḥānaka"},{"Position":20,"AudioFileName":"021_087_020.mp3","TajweedImageFilePath":"21/87/20.png","Text":"إِنِّى","Translation":"Indeed, [I]","Transliteration":"innī"},{"Position":21,"AudioFileName":"021_087_021.mp3","TajweedImageFilePath":"21/87/21.png","Text":"كُنتُ","Translation":"I am","Transliteration":"kuntu"},{"Position":22,"AudioFileName":"021_087_022.mp3","TajweedImageFilePath":"21/87/22.png","Text":"مِنَ","Translation":"of","Transliteration":"mina"},{"Position":23,"AudioFileName":"021_087_023.mp3","TajweedImageFilePath":"21/87/23.png","Text":"ٱلظَّـٰلِمِينَ","Translation":"the wrongdoers","Transliteration":"l-ẓālimīna"},{"Position":24,"AudioFileName":null,"TajweedImageFilePath":"87.png","Text":"٨٧","Translation":"(87)","Transliteration":null}],"PageNumber":329,"JuzNumber":17,"ManzilNumber":4,"RukuNumber":283,"MaqraNumber":132,"HizbNumber":33,"HizbDecimal":0.75,"HasSajda":false},{"SurahNumber":21,"SurahIndex":"021","VerseNumber":88,"ShowSurahName":false,"ShowBismillah":false,"Words":[{"Position":1,"AudioFileName":"021_088_001.mp3","TajweedImageFilePath":"21/88/1.png","Text":"فَٱسْتَجَبْنَا","Translation":"So We responded","Transliteration":"fa-is'tajabnā"},{"Position":2,"AudioFileName":"021_088_002.mp3","TajweedImageFilePath":"21/88/2.png","Text":"لَهُۥ","Translation":"to him","Transliteration":"lahu"},{"Position":3,"AudioFileName":"021_088_003.mp3","TajweedImageFilePath":"21/88/3.png","Text":"وَنَجَّيْنَـٰهُ","Translation":"and We saved him","Transliteration":"wanajjaynāhu"},{"Position":4,"AudioFileName":"021_088_004.mp3","TajweedImageFilePath":"21/88/4.png","Text":"مِنَ","Translation":"from","Transliteration":"mina"},{"Position":5,"AudioFileName":"021_088_005.mp3","TajweedImageFilePath":"21/88/5.png","Text":"ٱلْغَمِّ ۚ","Translation":"the distress","Transliteration":"l-ghami"},{"Position":6,"AudioFileName":"021_088_006.mp3","TajweedImageFilePath":"21/88/6.png","Text":"وَكَذَٰلِكَ","Translation":"And thus","Transliteration":"wakadhālika"},{"Position":7,"AudioFileName":"021_088_007.mp3","TajweedImageFilePath":"21/88/7.png","Text":"نُـۨجِى","Translation":"We save","Transliteration":"nunjī"},{"Position":8,"AudioFileName":"021_088_008.mp3","TajweedImageFilePath":"21/88/8.png","Text":"ٱلْمُؤْمِنِينَ","Translation":"the believers","Transliteration":"l-mu'minīna"},{"Position":9,"AudioFileName":null,"TajweedImageFilePath":"88.png","Text":"٨٨","Translation":"(88)","Transliteration":null}],"PageNumber":329,"JuzNumber":17,"ManzilNumber":4,"RukuNumber":283,"MaqraNumber":132,"HizbNumber":33,"HizbDecimal":0.75,"HasSajda":false},{"SurahNumber":21,"SurahIndex":"021","VerseNumber":89,"ShowSurahName":false,"ShowBismillah":false,"Words":[{"Position":1,"AudioFileName":"021_089_001.mp3","TajweedImageFilePath":"21/89/1.png","Text":"وَزَكَرِيَّآ","Translation":"And Zakariya","Transliteration":"wazakariyyā"},{"Position":2,"AudioFileName":"021_089_002.mp3","TajweedImageFilePath":"21/89/2.png","Text":"إِذْ","Translation":"when","Transliteration":"idh"},{"Position":3,"AudioFileName":"021_089_003.mp3","TajweedImageFilePath":"21/89/3.png","Text":"نَادَىٰ","Translation":"he called","Transliteration":"nādā"},{"Position":4,"AudioFileName":"021_089_004.mp3","TajweedImageFilePath":"21/89/4.png","Text":"رَبَّهُۥ","Translation":"(to) his Lord","Transliteration":"rabbahu"},{"Position":5,"AudioFileName":"021_089_005.mp3","TajweedImageFilePath":"21/89/5.png","Text":"رَبِّ","Translation":"My Lord","Transliteration":"rabbi"},{"Position":6,"AudioFileName":"021_089_006.mp3","TajweedImageFilePath":"21/89/6.png","Text":"لَا","Translation":"(Do) not","Transliteration":"lā"},{"Position":7,"AudioFileName":"021_089_007.mp3","TajweedImageFilePath":"21/89/7.png","Text":"تَذَرْنِى","Translation":"leave me","Transliteration":"tadharnī"},{"Position":8,"AudioFileName":"021_089_008.mp3","TajweedImageFilePath":"21/89/8.png","Text":"فَرْدًۭا","Translation":"alone","Transliteration":"fardan"},{"Position":9,"AudioFileName":"021_089_009.mp3","TajweedImageFilePath":"21/89/9.png","Text":"وَأَنتَ","Translation":"while You","Transliteration":"wa-anta"},{"Position":10,"AudioFileName":"021_089_010.mp3","TajweedImageFilePath":"21/89/10.png","Text":"خَيْرُ","Translation":"(are) [the] Best","Transliteration":"khayru"},{"Position":11,"AudioFileName":"021_089_011.mp3","TajweedImageFilePath":"21/89/11.png","Text":"ٱلْوَٰرِثِينَ","Translation":"(of) the inheritors","Transliteration":"l-wārithīna"},{"Position":12,"AudioFileName":null,"TajweedImageFilePath":"89.png","Text":"٨٩","Translation":"(89)","Transliteration":null}],"PageNumber":329,"JuzNumber":17,"ManzilNumber":4,"RukuNumber":283,"MaqraNumber":132,"HizbNumber":33,"HizbDecimal":0.75,"HasSajda":false},{"SurahNumber":21,"SurahIndex":"021","VerseNumber":90,"ShowSurahName":false,"ShowBismillah":false,"Words":[{"Position":1,"AudioFileName":"021_090_001.mp3","TajweedImageFilePath":"21/90/1.png","Text":"فَٱسْتَجَبْنَا","Translation":"So We responded","Transliteration":"fa-is'tajabnā"},{"Position":2,"AudioFileName":"021_090_002.mp3","TajweedImageFilePath":"21/90/2.png","Text":"لَهُۥ","Translation":"to him","Transliteration":"lahu"},{"Position":3,"AudioFileName":"021_090_003.mp3","TajweedImageFilePath":"21/90/3.png","Text":"وَوَهَبْنَا","Translation":"and We bestowed","Transliteration":"wawahabnā"},{"Position":4,"AudioFileName":"021_090_004.mp3","TajweedImageFilePath":"21/90/4.png","Text":"لَهُۥ","Translation":"on him","Transliteration":"lahu"},{"Position":5,"AudioFileName":"021_090_005.mp3","TajweedImageFilePath":"21/90/5.png","Text":"يَحْيَىٰ","Translation":"Yahya","Transliteration":"yaḥyā"},{"Position":6,"AudioFileName":"021_090_006.mp3","TajweedImageFilePath":"21/90/6.png","Text":"وَأَصْلَحْنَا","Translation":"and We cured","Transliteration":"wa-aṣlaḥnā"},{"Position":7,"AudioFileName":"021_090_007.mp3","TajweedImageFilePath":"21/90/7.png","Text":"لَهُۥ","Translation":"for him","Transliteration":"lahu"},{"Position":8,"AudioFileName":"021_090_008.mp3","TajweedImageFilePath":"21/90/8.png","Text":"زَوْجَهُۥٓ ۚ","Translation":"his wife","Transliteration":"zawjahu"},{"Position":9,"AudioFileName":"021_090_009.mp3","TajweedImageFilePath":"21/90/9.png","Text":"إِنَّهُمْ","Translation":"Indeed, they","Transliteration":"innahum"},{"Position":10,"AudioFileName":"021_090_010.mp3","TajweedImageFilePath":"21/90/10.png","Text":"كَانُوا۟","Translation":"used (to)","Transliteration":"kānū"},{"Position":11,"AudioFileName":"021_090_011.mp3","TajweedImageFilePath":"21/90/11.png","Text":"يُسَـٰرِعُونَ","Translation":"hasten","Transliteration":"yusāriʿūna"},{"Position":12,"AudioFileName":"021_090_012.mp3","TajweedImageFilePath":"21/90/12.png","Text":"فِى","Translation":"in","Transliteration":"fī"},{"Position":13,"AudioFileName":"021_090_013.mp3","TajweedImageFilePath":"21/90/13.png","Text":"ٱلْخَيْرَٰتِ","Translation":"good deeds","Transliteration":"l-khayrāti"},{"Position":14,"AudioFileName":"021_090_014.mp3","TajweedImageFilePath":"21/90/14.png","Text":"وَيَدْعُونَنَا","Translation":"and they supplicate to Us","Transliteration":"wayadʿūnanā"},{"Position":15,"AudioFileName":"021_090_015.mp3","TajweedImageFilePath":"21/90/15.png","Text":"رَغَبًۭا","Translation":"(in) hope","Transliteration":"raghaban"},{"Position":16,"AudioFileName":"021_090_016.mp3","TajweedImageFilePath":"21/90/16.png","Text":"وَرَهَبًۭا ۖ","Translation":"and fear","Transliteration":"warahaban"},{"Position":17,"AudioFileName":"021_090_017.mp3","TajweedImageFilePath":"21/90/17.png","Text":"وَكَانُوا۟","Translation":"and they were","Transliteration":"wakānū"},{"Position":18,"AudioFileName":"021_090_018.mp3","TajweedImageFilePath":"21/90/18.png","Text":"لَنَا","Translation":"to Us","Transliteration":"lanā"},{"Position":19,"AudioFileName":"021_090_019.mp3","TajweedImageFilePath":"21/90/19.png","Text":"خَـٰشِعِينَ","Translation":"humbly submissive","Transliteration":"khāshiʿīna"},{"Position":20,"AudioFileName":null,"TajweedImageFilePath":"90.png","Text":"٩٠","Translation":"(90)","Transliteration":null}],"PageNumber":329,"JuzNumber":17,"ManzilNumber":4,"RukuNumber":283,"MaqraNumber":132,"HizbNumber":33,"HizbDecimal":0.75,"HasSajda":false},{"SurahNumber":21,"SurahIndex":"021","VerseNumber":91,"ShowSurahName":false,"ShowBismillah":false,"Words":[{"Position":1,"AudioFileName":"021_091_001.mp3","TajweedImageFilePath":"21/91/1.png","Text":"وَٱلَّتِىٓ","Translation":"And she who","Transliteration":"wa-allatī"},{"Position":2,"AudioFileName":"021_091_002.mp3","TajweedImageFilePath":"21/91/2.png","Text":"أَحْصَنَتْ","Translation":"guarded","Transliteration":"aḥṣanat"},{"Position":3,"AudioFileName":"021_091_003.mp3","TajweedImageFilePath":"21/91/3.png","Text":"فَرْجَهَا","Translation":"her chastity","Transliteration":"farjahā"},{"Position":4,"AudioFileName":"021_091_004.mp3","TajweedImageFilePath":"21/91/4.png","Text":"فَنَفَخْنَا","Translation":"so We breathed","Transliteration":"fanafakhnā"},{"Position":5,"AudioFileName":"021_091_005.mp3","TajweedImageFilePath":"21/91/5.png","Text":"فِيهَا","Translation":"into her","Transliteration":"fīhā"},{"Position":6,"AudioFileName":"021_091_006.mp3","TajweedImageFilePath":"21/91/6.png","Text":"مِن","Translation":"of","Transliteration":"min"},{"Position":7,"AudioFileName":"021_091_007.mp3","TajweedImageFilePath":"21/91/7.png","Text":"رُّوحِنَا","Translation":"Our Spirit","Transliteration":"rūḥinā"},{"Position":8,"AudioFileName":"021_091_008.mp3","TajweedImageFilePath":"21/91/8.png","Text":"وَجَعَلْنَـٰهَا","Translation":"and We made her","Transliteration":"wajaʿalnāhā"},{"Position":9,"AudioFileName":"021_091_009.mp3","TajweedImageFilePath":"21/91/9.png","Text":"وَٱبْنَهَآ","Translation":"and her son","Transliteration":"wa-ib'nahā"},{"Position":10,"AudioFileName":"021_091_010.mp3","TajweedImageFilePath":"21/91/10.png","Text":"ءَايَةًۭ","Translation":"a sign","Transliteration":"āyatan"},{"Position":11,"AudioFileName":"021_091_011.mp3","TajweedImageFilePath":"21/91/11.png","Text":"لِّلْعَـٰلَمِينَ","Translation":"for the worlds","Transliteration":"lil'ʿālamīna"},{"Position":12,"AudioFileName":null,"TajweedImageFilePath":"91.png","Text":"٩١","Translation":"(91)","Transliteration":null}],"PageNumber":330,"JuzNumber":17,"ManzilNumber":4,"RukuNumber":283,"MaqraNumber":132,"HizbNumber":33,"HizbDecimal":0.75,"HasSajda":false},{"SurahNumber":21,"SurahIndex":"021","VerseNumber":92,"ShowSurahName":false,"ShowBismillah":false,"Words":[{"Position":1,"AudioFileName":"021_092_001.mp3","TajweedImageFilePath":"21/92/1.png","Text":"إِنَّ","Translation":"Indeed","Transliteration":"inna"},{"Position":2,"AudioFileName":"021_092_002.mp3","TajweedImageFilePath":"21/92/2.png","Text":"هَـٰذِهِۦٓ","Translation":"this","Transliteration":"hādhihi"},{"Position":3,"AudioFileName":"021_092_003.mp3","TajweedImageFilePath":"21/92/3.png","Text":"أُمَّتُكُمْ","Translation":"(is) your religion ","Transliteration":"ummatukum"},{"Position":4,"AudioFileName":"021_092_004.mp3","TajweedImageFilePath":"21/92/4.png","Text":"أُمَّةًۭ","Translation":"religion","Transliteration":"ummatan"},{"Position":5,"AudioFileName":"021_092_005.mp3","TajweedImageFilePath":"21/92/5.png","Text":"وَٰحِدَةًۭ","Translation":"one","Transliteration":"wāḥidatan"},{"Position":6,"AudioFileName":"021_092_006.mp3","TajweedImageFilePath":"21/92/6.png","Text":"وَأَنَا۠","Translation":"and I Am","Transliteration":"wa-anā"},{"Position":7,"AudioFileName":"021_092_007.mp3","TajweedImageFilePath":"21/92/7.png","Text":"رَبُّكُمْ","Translation":"your Lord","Transliteration":"rabbukum"},{"Position":8,"AudioFileName":"021_092_008.mp3","TajweedImageFilePath":"21/92/8.png","Text":"فَٱعْبُدُونِ","Translation":"so worship Me","Transliteration":"fa-uʿ'budūni"},{"Position":9,"AudioFileName":null,"TajweedImageFilePath":"92.png","Text":"٩٢","Translation":"(92)","Transliteration":null}],"PageNumber":330,"JuzNumber":17,"ManzilNumber":4,"RukuNumber":283,"MaqraNumber":132,"HizbNumber":33,"HizbDecimal":0.75,"HasSajda":false},{"SurahNumber":21,"SurahIndex":"021","VerseNumber":93,"ShowSurahName":false,"ShowBismillah":false,"Words":[{"Position":1,"AudioFileName":"021_093_001.mp3","TajweedImageFilePath":"21/93/1.png","Text":"وَتَقَطَّعُوٓا۟","Translation":"But they cut off","Transliteration":"wataqaṭṭaʿū"},{"Position":2,"AudioFileName":"021_093_002.mp3","TajweedImageFilePath":"21/93/2.png","Text":"أَمْرَهُم","Translation":"their affair","Transliteration":"amrahum"},{"Position":3,"AudioFileName":"021_093_003.mp3","TajweedImageFilePath":"21/93/3.png","Text":"بَيْنَهُمْ ۖ","Translation":"among themselves","Transliteration":"baynahum"},{"Position":4,"AudioFileName":"021_093_004.mp3","TajweedImageFilePath":"21/93/4.png","Text":"كُلٌّ","Translation":"all","Transliteration":"kullun"},{"Position":5,"AudioFileName":"021_093_005.mp3","TajweedImageFilePath":"21/93/5.png","Text":"إِلَيْنَا","Translation":"to Us","Transliteration":"ilaynā"},{"Position":6,"AudioFileName":"021_093_006.mp3","TajweedImageFilePath":"21/93/6.png","Text":"رَٰجِعُونَ","Translation":"(will) return","Transliteration":"rājiʿūna"},{"Position":7,"AudioFileName":null,"TajweedImageFilePath":"93.png","Text":"٩٣","Translation":"(93)","Transliteration":null}],"PageNumber":330,"JuzNumber":17,"ManzilNumber":4,"RukuNumber":283,"MaqraNumber":132,"HizbNumber":33,"HizbDecimal":0.75,"HasSajda":false},{"SurahNumber":21,"SurahIndex":"021","VerseNumber":94,"ShowSurahName":false,"ShowBismillah":false,"Words":[{"Position":1,"AudioFileName":"021_094_001.mp3","TajweedImageFilePath":"21/94/1.png","Text":"فَمَن","Translation":"Then whoever","Transliteration":"faman"},{"Position":2,"AudioFileName":"021_094_002.mp3","TajweedImageFilePath":"21/94/2.png","Text":"يَعْمَلْ","Translation":"does","Transliteration":"yaʿmal"},{"Position":3,"AudioFileName":"021_094_003.mp3","TajweedImageFilePath":"21/94/3.png","Text":"مِنَ","Translation":"[of]","Transliteration":"mina"},{"Position":4,"AudioFileName":"021_094_004.mp3","TajweedImageFilePath":"21/94/4.png","Text":"ٱلصَّـٰلِحَـٰتِ","Translation":"[the] righteous deeds","Transliteration":"l-ṣāliḥāti"},{"Position":5,"AudioFileName":"021_094_005.mp3","TajweedImageFilePath":"21/94/5.png","Text":"وَهُوَ","Translation":"while he","Transliteration":"wahuwa"},{"Position":6,"AudioFileName":"021_094_006.mp3","TajweedImageFilePath":"21/94/6.png","Text":"مُؤْمِنٌۭ","Translation":"(is) a believer","Transliteration":"mu'minun"},{"Position":7,"AudioFileName":"021_094_007.mp3","TajweedImageFilePath":"21/94/7.png","Text":"فَلَا","Translation":"then not","Transliteration":"falā"},{"Position":8,"AudioFileName":"021_094_008.mp3","TajweedImageFilePath":"21/94/8.png","Text":"كُفْرَانَ","Translation":"(will be) rejected","Transliteration":"kuf'rāna"},{"Position":9,"AudioFileName":"021_094_009.mp3","TajweedImageFilePath":"21/94/9.png","Text":"لِسَعْيِهِۦ","Translation":"[of] his effort","Transliteration":"lisaʿyihi"},{"Position":10,"AudioFileName":"021_094_010.mp3","TajweedImageFilePath":"21/94/10.png","Text":"وَإِنَّا","Translation":"And indeed, We","Transliteration":"wa-innā"},{"Position":11,"AudioFileName":"021_094_011.mp3","TajweedImageFilePath":"21/94/11.png","Text":"لَهُۥ","Translation":"of it","Transliteration":"lahu"},{"Position":12,"AudioFileName":"021_094_012.mp3","TajweedImageFilePath":"21/94/12.png","Text":"كَـٰتِبُونَ","Translation":"(are) Recorders","Transliteration":"kātibūna"},{"Position":13,"AudioFileName":null,"TajweedImageFilePath":"94.png","Text":"٩٤","Translation":"(94)","Transliteration":null}],"PageNumber":330,"JuzNumber":17,"ManzilNumber":4,"RukuNumber":284,"MaqraNumber":132,"HizbNumber":33,"HizbDecimal":0.75,"HasSajda":false},{"SurahNumber":21,"SurahIndex":"021","VerseNumber":95,"ShowSurahName":false,"ShowBismillah":false,"Words":[{"Position":1,"AudioFileName":"021_095_001.mp3","TajweedImageFilePath":"21/95/1.png","Text":"وَحَرَٰمٌ","Translation":"And (there is) prohibition","Transliteration":"waḥarāmun"},{"Position":2,"AudioFileName":"021_095_002.mp3","TajweedImageFilePath":"21/95/2.png","Text":"عَلَىٰ","Translation":"upon","Transliteration":"ʿalā"},{"Position":3,"AudioFileName":"021_095_003.mp3","TajweedImageFilePath":"21/95/3.png","Text":"قَرْيَةٍ","Translation":"a city","Transliteration":"qaryatin"},{"Position":4,"AudioFileName":"021_095_004.mp3","TajweedImageFilePath":"21/95/4.png","Text":"أَهْلَكْنَـٰهَآ","Translation":"which We have destroyed","Transliteration":"ahlaknāhā"},{"Position":5,"AudioFileName":"021_095_005.mp3","TajweedImageFilePath":"21/95/5.png","Text":"أَنَّهُمْ","Translation":"that they","Transliteration":"annahum"},{"Position":6,"AudioFileName":"021_095_006.mp3","TajweedImageFilePath":"21/95/6.png","Text":"لَا","Translation":"not","Transliteration":"lā"},{"Position":7,"AudioFileName":"021_095_007.mp3","TajweedImageFilePath":"21/95/7.png","Text":"يَرْجِعُونَ","Translation":"will return","Transliteration":"yarjiʿūna"},{"Position":8,"AudioFileName":null,"TajweedImageFilePath":"95.png","Text":"٩٥","Translation":"(95)","Transliteration":null}],"PageNumber":330,"JuzNumber":17,"ManzilNumber":4,"RukuNumber":284,"MaqraNumber":132,"HizbNumber":33,"HizbDecimal":0.75,"HasSajda":false},{"SurahNumber":21,"SurahIndex":"021","VerseNumber":96,"ShowSurahName":false,"ShowBismillah":false,"Words":[{"Position":1,"AudioFileName":"021_096_001.mp3","TajweedImageFilePath":"21/96/1.png","Text":"حَتَّىٰٓ","Translation":"Until","Transliteration":"ḥattā"},{"Position":2,"AudioFileName":"021_096_002.mp3","TajweedImageFilePath":"21/96/2.png","Text":"إِذَا","Translation":"when","Transliteration":"idhā"},{"Position":3,"AudioFileName":"021_096_003.mp3","TajweedImageFilePath":"21/96/3.png","Text":"فُتِحَتْ","Translation":"has been opened","Transliteration":"futiḥat"},{"Position":4,"AudioFileName":"021_096_004.mp3","TajweedImageFilePath":"21/96/4.png","Text":"يَأْجُوجُ","Translation":"(for) the Yajuj","Transliteration":"yajūju"},{"Position":5,"AudioFileName":"021_096_005.mp3","TajweedImageFilePath":"21/96/5.png","Text":"وَمَأْجُوجُ","Translation":"and Majuj","Transliteration":"wamajūju"},{"Position":6,"AudioFileName":"021_096_006.mp3","TajweedImageFilePath":"21/96/6.png","Text":"وَهُم","Translation":"and they","Transliteration":"wahum"},{"Position":7,"AudioFileName":"021_096_007.mp3","TajweedImageFilePath":"21/96/7.png","Text":"مِّن","Translation":"from","Transliteration":"min"},{"Position":8,"AudioFileName":"021_096_008.mp3","TajweedImageFilePath":"21/96/8.png","Text":"كُلِّ","Translation":"every","Transliteration":"kulli"},{"Position":9,"AudioFileName":"021_096_009.mp3","TajweedImageFilePath":"21/96/9.png","Text":"حَدَبٍۢ","Translation":"elevation","Transliteration":"ḥadabin"},{"Position":10,"AudioFileName":"021_096_010.mp3","TajweedImageFilePath":"21/96/10.png","Text":"يَنسِلُونَ","Translation":"descend","Transliteration":"yansilūna"},{"Position":11,"AudioFileName":null,"TajweedImageFilePath":"96.png","Text":"٩٦","Translation":"(96)","Transliteration":null}],"PageNumber":330,"JuzNumber":17,"ManzilNumber":4,"RukuNumber":284,"MaqraNumber":132,"HizbNumber":33,"HizbDecimal":0.75,"HasSajda":false},{"SurahNumber":21,"SurahIndex":"021","VerseNumber":97,"ShowSurahName":false,"ShowBismillah":false,"Words":[{"Position":1,"AudioFileName":"021_097_001.mp3","TajweedImageFilePath":"21/97/1.png","Text":"وَٱقْتَرَبَ","Translation":"And has approached","Transliteration":"wa-iq'taraba"},{"Position":2,"AudioFileName":"021_097_002.mp3","TajweedImageFilePath":"21/97/2.png","Text":"ٱلْوَعْدُ","Translation":"the promise","Transliteration":"l-waʿdu"},{"Position":3,"AudioFileName":"021_097_003.mp3","TajweedImageFilePath":"21/97/3.png","Text":"ٱلْحَقُّ","Translation":"[the] true","Transliteration":"l-ḥaqu"},{"Position":4,"AudioFileName":"021_097_004.mp3","TajweedImageFilePath":"21/97/4.png","Text":"فَإِذَا","Translation":"then behold","Transliteration":"fa-idhā"},{"Position":5,"AudioFileName":"021_097_005.mp3","TajweedImageFilePath":"21/97/5.png","Text":"هِىَ","Translation":"[it]","Transliteration":"hiya"},{"Position":6,"AudioFileName":"021_097_006.mp3","TajweedImageFilePath":"21/97/6.png","Text":"شَـٰخِصَةٌ","Translation":"(are) staring","Transliteration":"shākhiṣatun"},{"Position":7,"AudioFileName":"021_097_007.mp3","TajweedImageFilePath":"21/97/7.png","Text":"أَبْصَـٰرُ","Translation":"(the) eyes","Transliteration":"abṣāru"},{"Position":8,"AudioFileName":"021_097_008.mp3","TajweedImageFilePath":"21/97/8.png","Text":"ٱلَّذِينَ","Translation":"(of) those who","Transliteration":"alladhīna"},{"Position":9,"AudioFileName":"021_097_009.mp3","TajweedImageFilePath":"21/97/9.png","Text":"كَفَرُوا۟","Translation":"disbelieved","Transliteration":"kafarū"},{"Position":10,"AudioFileName":"021_097_010.mp3","TajweedImageFilePath":"21/97/10.png","Text":"يَـٰوَيْلَنَا","Translation":"O woe to us","Transliteration":"yāwaylanā"},{"Position":11,"AudioFileName":"021_097_011.mp3","TajweedImageFilePath":"21/97/11.png","Text":"قَدْ","Translation":"Verily","Transliteration":"qad"},{"Position":12,"AudioFileName":"021_097_012.mp3","TajweedImageFilePath":"21/97/12.png","Text":"كُنَّا","Translation":"we had been","Transliteration":"kunnā"},{"Position":13,"AudioFileName":"021_097_013.mp3","TajweedImageFilePath":"21/97/13.png","Text":"فِى","Translation":"in","Transliteration":"fī"},{"Position":14,"AudioFileName":"021_097_014.mp3","TajweedImageFilePath":"21/97/14.png","Text":"غَفْلَةٍۢ","Translation":"heedlessness","Transliteration":"ghaflatin"},{"Position":15,"AudioFileName":"021_097_015.mp3","TajweedImageFilePath":"21/97/15.png","Text":"مِّنْ","Translation":"of","Transliteration":"min"},{"Position":16,"AudioFileName":"021_097_016.mp3","TajweedImageFilePath":"21/97/16.png","Text":"هَـٰذَا","Translation":"this","Transliteration":"hādhā"},{"Position":17,"AudioFileName":"021_097_017.mp3","TajweedImageFilePath":"21/97/17.png","Text":"بَلْ","Translation":"nay","Transliteration":"bal"},{"Position":18,"AudioFileName":"021_097_018.mp3","TajweedImageFilePath":"21/97/18.png","Text":"كُنَّا","Translation":"we were","Transliteration":"kunnā"},{"Position":19,"AudioFileName":"021_097_019.mp3","TajweedImageFilePath":"21/97/19.png","Text":"ظَـٰلِمِينَ","Translation":"wrongdoers","Transliteration":"ẓālimīna"},{"Position":20,"AudioFileName":null,"TajweedImageFilePath":"97.png","Text":"٩٧","Translation":"(97)","Transliteration":null}],"PageNumber":330,"JuzNumber":17,"ManzilNumber":4,"RukuNumber":284,"MaqraNumber":132,"HizbNumber":33,"HizbDecimal":0.75,"HasSajda":false},{"SurahNumber":21,"SurahIndex":"021","VerseNumber":98,"ShowSurahName":false,"ShowBismillah":false,"Words":[{"Position":1,"AudioFileName":"021_098_001.mp3","TajweedImageFilePath":"21/98/1.png","Text":"إِنَّكُمْ","Translation":"Indeed, you","Transliteration":"innakum"},{"Position":2,"AudioFileName":"021_098_002.mp3","TajweedImageFilePath":"21/98/2.png","Text":"وَمَا","Translation":"and what","Transliteration":"wamā"},{"Position":3,"AudioFileName":"021_098_003.mp3","TajweedImageFilePath":"21/98/3.png","Text":"تَعْبُدُونَ","Translation":"you worship","Transliteration":"taʿbudūna"},{"Position":4,"AudioFileName":"021_098_004.mp3","TajweedImageFilePath":"21/98/4.png","Text":"مِن","Translation":"besides Allah","Transliteration":"min"},{"Position":5,"AudioFileName":"021_098_005.mp3","TajweedImageFilePath":"21/98/5.png","Text":"دُونِ","Translation":"besides Allah","Transliteration":"dūni"},{"Position":6,"AudioFileName":"021_098_006.mp3","TajweedImageFilePath":"21/98/6.png","Text":"ٱللَّهِ","Translation":"besides Allah","Transliteration":"l-lahi"},{"Position":7,"AudioFileName":"021_098_007.mp3","TajweedImageFilePath":"21/98/7.png","Text":"حَصَبُ","Translation":"(are) firewood","Transliteration":"ḥaṣabu"},{"Position":8,"AudioFileName":"021_098_008.mp3","TajweedImageFilePath":"21/98/8.png","Text":"جَهَنَّمَ","Translation":"(of) Hell","Transliteration":"jahannama"},{"Position":9,"AudioFileName":"021_098_009.mp3","TajweedImageFilePath":"21/98/9.png","Text":"أَنتُمْ","Translation":"You","Transliteration":"antum"},{"Position":10,"AudioFileName":"021_098_010.mp3","TajweedImageFilePath":"21/98/10.png","Text":"لَهَا","Translation":"to it","Transliteration":"lahā"},{"Position":11,"AudioFileName":"021_098_011.mp3","TajweedImageFilePath":"21/98/11.png","Text":"وَٰرِدُونَ","Translation":"will come","Transliteration":"wāridūna"},{"Position":12,"AudioFileName":null,"TajweedImageFilePath":"98.png","Text":"٩٨","Translation":"(98)","Transliteration":null}],"PageNumber":330,"JuzNumber":17,"ManzilNumber":4,"RukuNumber":284,"MaqraNumber":132,"HizbNumber":33,"HizbDecimal":0.75,"HasSajda":false},{"SurahNumber":21,"SurahIndex":"021","VerseNumber":99,"ShowSurahName":false,"ShowBismillah":false,"Words":[{"Position":1,"AudioFileName":"021_099_001.mp3","TajweedImageFilePath":"21/99/1.png","Text":"لَوْ","Translation":"If","Transliteration":"law"},{"Position":2,"AudioFileName":"021_099_002.mp3","TajweedImageFilePath":"21/99/2.png","Text":"كَانَ","Translation":"were","Transliteration":"kāna"},{"Position":3,"AudioFileName":"021_099_003.mp3","TajweedImageFilePath":"21/99/3.png","Text":"هَـٰٓؤُلَآءِ","Translation":"these","Transliteration":"hāulāi"},{"Position":4,"AudioFileName":"021_099_004.mp3","TajweedImageFilePath":"21/99/4.png","Text":"ءَالِهَةًۭ","Translation":"gods","Transliteration":"ālihatan"},{"Position":5,"AudioFileName":"021_099_005.mp3","TajweedImageFilePath":"21/99/5.png","Text":"مَّا","Translation":"not","Transliteration":"mā"},{"Position":6,"AudioFileName":"021_099_006.mp3","TajweedImageFilePath":"21/99/6.png","Text":"وَرَدُوهَا ۖ","Translation":"they (would) have come to it","Transliteration":"waradūhā"},{"Position":7,"AudioFileName":"021_099_007.mp3","TajweedImageFilePath":"21/99/7.png","Text":"وَكُلٌّۭ","Translation":"And all","Transliteration":"wakullun"},{"Position":8,"AudioFileName":"021_099_008.mp3","TajweedImageFilePath":"21/99/8.png","Text":"فِيهَا","Translation":"therein","Transliteration":"fīhā"},{"Position":9,"AudioFileName":"021_099_009.mp3","TajweedImageFilePath":"21/99/9.png","Text":"خَـٰلِدُونَ","Translation":"will abide forever","Transliteration":"khālidūna"},{"Position":10,"AudioFileName":null,"TajweedImageFilePath":"99.png","Text":"٩٩","Translation":"(99)","Transliteration":null}],"PageNumber":330,"JuzNumber":17,"ManzilNumber":4,"RukuNumber":284,"MaqraNumber":132,"HizbNumber":33,"HizbDecimal":0.75,"HasSajda":false},{"SurahNumber":21,"SurahIndex":"021","VerseNumber":100,"ShowSurahName":false,"ShowBismillah":false,"Words":[{"Position":1,"AudioFileName":"021_100_001.mp3","TajweedImageFilePath":"21/100/1.png","Text":"لَهُمْ","Translation":"For them","Transliteration":"lahum"},{"Position":2,"AudioFileName":"021_100_002.mp3","TajweedImageFilePath":"21/100/2.png","Text":"فِيهَا","Translation":"therein","Transliteration":"fīhā"},{"Position":3,"AudioFileName":"021_100_003.mp3","TajweedImageFilePath":"21/100/3.png","Text":"زَفِيرٌۭ","Translation":"(is) sighing","Transliteration":"zafīrun"},{"Position":4,"AudioFileName":"021_100_004.mp3","TajweedImageFilePath":"21/100/4.png","Text":"وَهُمْ","Translation":"and they","Transliteration":"wahum"},{"Position":5,"AudioFileName":"021_100_005.mp3","TajweedImageFilePath":"21/100/5.png","Text":"فِيهَا","Translation":"therein","Transliteration":"fīhā"},{"Position":6,"AudioFileName":"021_100_006.mp3","TajweedImageFilePath":"21/100/6.png","Text":"لَا","Translation":"not","Transliteration":"lā"},{"Position":7,"AudioFileName":"021_100_007.mp3","TajweedImageFilePath":"21/100/7.png","Text":"يَسْمَعُونَ","Translation":"will hear","Transliteration":"yasmaʿūna"},{"Position":8,"AudioFileName":null,"TajweedImageFilePath":"100.png","Text":"١٠٠","Translation":"(100)","Transliteration":null}],"PageNumber":330,"JuzNumber":17,"ManzilNumber":4,"RukuNumber":284,"MaqraNumber":132,"HizbNumber":33,"HizbDecimal":0.75,"HasSajda":false},{"SurahNumber":21,"SurahIndex":"021","VerseNumber":101,"ShowSurahName":false,"ShowBismillah":false,"Words":[{"Position":1,"AudioFileName":"021_101_001.mp3","TajweedImageFilePath":"21/101/1.png","Text":"إِنَّ","Translation":"Indeed","Transliteration":"inna"},{"Position":2,"AudioFileName":"021_101_002.mp3","TajweedImageFilePath":"21/101/2.png","Text":"ٱلَّذِينَ","Translation":"those","Transliteration":"alladhīna"},{"Position":3,"AudioFileName":"021_101_003.mp3","TajweedImageFilePath":"21/101/3.png","Text":"سَبَقَتْ","Translation":"has gone forth","Transliteration":"sabaqat"},{"Position":4,"AudioFileName":"021_101_004.mp3","TajweedImageFilePath":"21/101/4.png","Text":"لَهُم","Translation":"for them","Transliteration":"lahum"},{"Position":5,"AudioFileName":"021_101_005.mp3","TajweedImageFilePath":"21/101/5.png","Text":"مِّنَّا","Translation":"from Us","Transliteration":"minnā"},{"Position":6,"AudioFileName":"021_101_006.mp3","TajweedImageFilePath":"21/101/6.png","Text":"ٱلْحُسْنَىٰٓ","Translation":"the good","Transliteration":"l-ḥus'nā"},{"Position":7,"AudioFileName":"021_101_007.mp3","TajweedImageFilePath":"21/101/7.png","Text":"أُو۟لَـٰٓئِكَ","Translation":"those","Transliteration":"ulāika"},{"Position":8,"AudioFileName":"021_101_008.mp3","TajweedImageFilePath":"21/101/8.png","Text":"عَنْهَا","Translation":"from it","Transliteration":"ʿanhā"},{"Position":9,"AudioFileName":"021_101_009.mp3","TajweedImageFilePath":"21/101/9.png","Text":"مُبْعَدُونَ","Translation":"(will be) removed far","Transliteration":"mub'ʿadūna"},{"Position":10,"AudioFileName":null,"TajweedImageFilePath":"101.png","Text":"١٠١","Translation":"(101)","Transliteration":null}],"PageNumber":330,"JuzNumber":17,"ManzilNumber":4,"RukuNumber":284,"MaqraNumber":132,"HizbNumber":33,"HizbDecimal":0.75,"HasSajda":false},{"SurahNumber":21,"SurahIndex":"021","VerseNumber":102,"ShowSurahName":false,"ShowBismillah":false,"Words":[{"Position":1,"AudioFileName":"021_102_001.mp3","TajweedImageFilePath":"21/102/1.png","Text":"لَا","Translation":"Not","Transliteration":"lā"},{"Position":2,"AudioFileName":"021_102_002.mp3","TajweedImageFilePath":"21/102/2.png","Text":"يَسْمَعُونَ","Translation":"they will hear","Transliteration":"yasmaʿūna"},{"Position":3,"AudioFileName":"021_102_003.mp3","TajweedImageFilePath":"21/102/3.png","Text":"حَسِيسَهَا ۖ","Translation":"(the) slightest sound of it","Transliteration":"ḥasīsahā"},{"Position":4,"AudioFileName":"021_102_004.mp3","TajweedImageFilePath":"21/102/4.png","Text":"وَهُمْ","Translation":"and they","Transliteration":"wahum"},{"Position":5,"AudioFileName":"021_102_005.mp3","TajweedImageFilePath":"21/102/5.png","Text":"فِى","Translation":"in","Transliteration":"fī"},{"Position":6,"AudioFileName":"021_102_006.mp3","TajweedImageFilePath":"21/102/6.png","Text":"مَا","Translation":"what","Transliteration":"mā"},{"Position":7,"AudioFileName":"021_102_007.mp3","TajweedImageFilePath":"21/102/7.png","Text":"ٱشْتَهَتْ","Translation":"desire","Transliteration":"ish'tahat"},{"Position":8,"AudioFileName":"021_102_008.mp3","TajweedImageFilePath":"21/102/8.png","Text":"أَنفُسُهُمْ","Translation":"their souls","Transliteration":"anfusuhum"},{"Position":9,"AudioFileName":"021_102_009.mp3","TajweedImageFilePath":"21/102/9.png","Text":"خَـٰلِدُونَ","Translation":"will abide forever","Transliteration":"khālidūna"},{"Position":10,"AudioFileName":null,"TajweedImageFilePath":"102.png","Text":"١٠٢","Translation":"(102)","Transliteration":null}],"PageNumber":331,"JuzNumber":17,"ManzilNumber":4,"RukuNumber":284,"MaqraNumber":132,"HizbNumber":33,"HizbDecimal":0.75,"HasSajda":false},{"SurahNumber":21,"SurahIndex":"021","VerseNumber":103,"ShowSurahName":false,"ShowBismillah":false,"Words":[{"Position":1,"AudioFileName":"021_103_001.mp3","TajweedImageFilePath":"21/103/1.png","Text":"لَا","Translation":"Not","Transliteration":"lā"},{"Position":2,"AudioFileName":"021_103_002.mp3","TajweedImageFilePath":"21/103/2.png","Text":"يَحْزُنُهُمُ","Translation":"will grieve them","Transliteration":"yaḥzunuhumu"},{"Position":3,"AudioFileName":"021_103_003.mp3","TajweedImageFilePath":"21/103/3.png","Text":"ٱلْفَزَعُ","Translation":"the terror","Transliteration":"l-fazaʿu"},{"Position":4,"AudioFileName":"021_103_004.mp3","TajweedImageFilePath":"21/103/4.png","Text":"ٱلْأَكْبَرُ","Translation":"[the] greatest","Transliteration":"l-akbaru"},{"Position":5,"AudioFileName":"021_103_005.mp3","TajweedImageFilePath":"21/103/5.png","Text":"وَتَتَلَقَّىٰهُمُ","Translation":"and will meet them","Transliteration":"watatalaqqāhumu"},{"Position":6,"AudioFileName":"021_103_006.mp3","TajweedImageFilePath":"21/103/6.png","Text":"ٱلْمَلَـٰٓئِكَةُ","Translation":"the Angels","Transliteration":"l-malāikatu"},{"Position":7,"AudioFileName":"021_103_007.mp3","TajweedImageFilePath":"21/103/7.png","Text":"هَـٰذَا","Translation":"This","Transliteration":"hādhā"},{"Position":8,"AudioFileName":"021_103_008.mp3","TajweedImageFilePath":"21/103/8.png","Text":"يَوْمُكُمُ","Translation":"(is) your Day","Transliteration":"yawmukumu"},{"Position":9,"AudioFileName":"021_103_009.mp3","TajweedImageFilePath":"21/103/9.png","Text":"ٱلَّذِى","Translation":"which","Transliteration":"alladhī"},{"Position":10,"AudioFileName":"021_103_010.mp3","TajweedImageFilePath":"21/103/10.png","Text":"كُنتُمْ","Translation":"you were","Transliteration":"kuntum"},{"Position":11,"AudioFileName":"021_103_011.mp3","TajweedImageFilePath":"21/103/11.png","Text":"تُوعَدُونَ","Translation":"promised","Transliteration":"tūʿadūna"},{"Position":12,"AudioFileName":null,"TajweedImageFilePath":"103.png","Text":"١٠٣","Translation":"(103)","Transliteration":null}],"PageNumber":331,"JuzNumber":17,"ManzilNumber":4,"RukuNumber":284,"MaqraNumber":132,"HizbNumber":33,"HizbDecimal":0.75,"HasSajda":false},{"SurahNumber":21,"SurahIndex":"021","VerseNumber":104,"ShowSurahName":false,"ShowBismillah":false,"Words":[{"Position":1,"AudioFileName":"021_104_001.mp3","TajweedImageFilePath":"21/104/1.png","Text":"يَوْمَ","Translation":"(The) Day","Transliteration":"yawma"},{"Position":2,"AudioFileName":"021_104_002.mp3","TajweedImageFilePath":"21/104/2.png","Text":"نَطْوِى","Translation":"We will fold","Transliteration":"naṭwī"},{"Position":3,"AudioFileName":"021_104_003.mp3","TajweedImageFilePath":"21/104/3.png","Text":"ٱلسَّمَآءَ","Translation":"the heaven","Transliteration":"l-samāa"},{"Position":4,"AudioFileName":"021_104_004.mp3","TajweedImageFilePath":"21/104/4.png","Text":"كَطَىِّ","Translation":"like (the) folding","Transliteration":"kaṭayyi"},{"Position":5,"AudioFileName":"021_104_005.mp3","TajweedImageFilePath":"21/104/5.png","Text":"ٱلسِّجِلِّ","Translation":"(of) a scroll","Transliteration":"l-sijili"},{"Position":6,"AudioFileName":"021_104_006.mp3","TajweedImageFilePath":"21/104/6.png","Text":"لِلْكُتُبِ ۚ","Translation":"for records","Transliteration":"lil'kutubi"},{"Position":7,"AudioFileName":"021_104_007.mp3","TajweedImageFilePath":"21/104/7.png","Text":"كَمَا","Translation":"As","Transliteration":"kamā"},{"Position":8,"AudioFileName":"021_104_008.mp3","TajweedImageFilePath":"21/104/8.png","Text":"بَدَأْنَآ","Translation":"We began","Transliteration":"badanā"},{"Position":9,"AudioFileName":"021_104_009.mp3","TajweedImageFilePath":"21/104/9.png","Text":"أَوَّلَ","Translation":"(the) first","Transliteration":"awwala"},{"Position":10,"AudioFileName":"021_104_010.mp3","TajweedImageFilePath":"21/104/10.png","Text":"خَلْقٍۢ","Translation":"creation","Transliteration":"khalqin"},{"Position":11,"AudioFileName":"021_104_011.mp3","TajweedImageFilePath":"21/104/11.png","Text":"نُّعِيدُهُۥ ۚ","Translation":"We will repeat it","Transliteration":"nuʿīduhu"},{"Position":12,"AudioFileName":"021_104_012.mp3","TajweedImageFilePath":"21/104/12.png","Text":"وَعْدًا","Translation":"a promise","Transliteration":"waʿdan"},{"Position":13,"AudioFileName":"021_104_013.mp3","TajweedImageFilePath":"21/104/13.png","Text":"عَلَيْنَآ ۚ","Translation":"upon Us","Transliteration":"ʿalaynā"},{"Position":14,"AudioFileName":"021_104_014.mp3","TajweedImageFilePath":"21/104/14.png","Text":"إِنَّا","Translation":"Indeed, We ","Transliteration":"innā"},{"Position":15,"AudioFileName":"021_104_015.mp3","TajweedImageFilePath":"21/104/15.png","Text":"كُنَّا","Translation":"We are","Transliteration":"kunnā"},{"Position":16,"AudioFileName":"021_104_016.mp3","TajweedImageFilePath":"21/104/16.png","Text":"فَـٰعِلِينَ","Translation":"(the) Doers","Transliteration":"fāʿilīna"},{"Position":17,"AudioFileName":null,"TajweedImageFilePath":"104.png","Text":"١٠٤","Translation":"(104)","Transliteration":null}],"PageNumber":331,"JuzNumber":17,"ManzilNumber":4,"RukuNumber":284,"MaqraNumber":132,"HizbNumber":33,"HizbDecimal":0.75,"HasSajda":false},{"SurahNumber":21,"SurahIndex":"021","VerseNumber":105,"ShowSurahName":false,"ShowBismillah":false,"Words":[{"Position":1,"AudioFileName":"021_105_001.mp3","TajweedImageFilePath":"21/105/1.png","Text":"وَلَقَدْ","Translation":"And verily","Transliteration":"walaqad"},{"Position":2,"AudioFileName":"021_105_002.mp3","TajweedImageFilePath":"21/105/2.png","Text":"كَتَبْنَا","Translation":"We have written","Transliteration":"katabnā"},{"Position":3,"AudioFileName":"021_105_003.mp3","TajweedImageFilePath":"21/105/3.png","Text":"فِى","Translation":"in","Transliteration":"fī"},{"Position":4,"AudioFileName":"021_105_004.mp3","TajweedImageFilePath":"21/105/4.png","Text":"ٱلزَّبُورِ","Translation":"the Scripture","Transliteration":"l-zabūri"},{"Position":5,"AudioFileName":"021_105_005.mp3","TajweedImageFilePath":"21/105/5.png","Text":"مِنۢ","Translation":"after","Transliteration":"min"},{"Position":6,"AudioFileName":"021_105_006.mp3","TajweedImageFilePath":"21/105/6.png","Text":"بَعْدِ","Translation":"after","Transliteration":"baʿdi"},{"Position":7,"AudioFileName":"021_105_007.mp3","TajweedImageFilePath":"21/105/7.png","Text":"ٱلذِّكْرِ","Translation":"the mention","Transliteration":"l-dhik'ri"},{"Position":8,"AudioFileName":"021_105_008.mp3","TajweedImageFilePath":"21/105/8.png","Text":"أَنَّ","Translation":"that","Transliteration":"anna"},{"Position":9,"AudioFileName":"021_105_009.mp3","TajweedImageFilePath":"21/105/9.png","Text":"ٱلْأَرْضَ","Translation":"the earth ","Transliteration":"l-arḍa"},{"Position":10,"AudioFileName":"021_105_010.mp3","TajweedImageFilePath":"21/105/10.png","Text":"يَرِثُهَا","Translation":"will inherit it","Transliteration":"yarithuhā"},{"Position":11,"AudioFileName":"021_105_011.mp3","TajweedImageFilePath":"21/105/11.png","Text":"عِبَادِىَ","Translation":"My slaves","Transliteration":"ʿibādiya"},{"Position":12,"AudioFileName":"021_105_012.mp3","TajweedImageFilePath":"21/105/12.png","Text":"ٱلصَّـٰلِحُونَ","Translation":"the righteous","Transliteration":"l-ṣāliḥūna"},{"Position":13,"AudioFileName":null,"TajweedImageFilePath":"105.png","Text":"١٠٥","Translation":"(105)","Transliteration":null}],"PageNumber":331,"JuzNumber":17,"ManzilNumber":4,"RukuNumber":284,"MaqraNumber":132,"HizbNumber":33,"HizbDecimal":0.75,"HasSajda":false},{"SurahNumber":21,"SurahIndex":"021","VerseNumber":106,"ShowSurahName":false,"ShowBismillah":false,"Words":[{"Position":1,"AudioFileName":"021_106_001.mp3","TajweedImageFilePath":"21/106/1.png","Text":"إِنَّ","Translation":"Indeed","Transliteration":"inna"},{"Position":2,"AudioFileName":"021_106_002.mp3","TajweedImageFilePath":"21/106/2.png","Text":"فِى","Translation":"in","Transliteration":"fī"},{"Position":3,"AudioFileName":"021_106_003.mp3","TajweedImageFilePath":"21/106/3.png","Text":"هَـٰذَا","Translation":"this","Transliteration":"hādhā"},{"Position":4,"AudioFileName":"021_106_004.mp3","TajweedImageFilePath":"21/106/4.png","Text":"لَبَلَـٰغًۭا","Translation":"surely is a Message","Transliteration":"labalāghan"},{"Position":5,"AudioFileName":"021_106_005.mp3","TajweedImageFilePath":"21/106/5.png","Text":"لِّقَوْمٍ","Translation":"for a people","Transliteration":"liqawmin"},{"Position":6,"AudioFileName":"021_106_006.mp3","TajweedImageFilePath":"21/106/6.png","Text":"عَـٰبِدِينَ","Translation":"worshippers","Transliteration":"ʿābidīna"},{"Position":7,"AudioFileName":null,"TajweedImageFilePath":"106.png","Text":"١٠٦","Translation":"(106)","Transliteration":null}],"PageNumber":331,"JuzNumber":17,"ManzilNumber":4,"RukuNumber":284,"MaqraNumber":132,"HizbNumber":33,"HizbDecimal":0.75,"HasSajda":false},{"SurahNumber":21,"SurahIndex":"021","VerseNumber":107,"ShowSurahName":false,"ShowBismillah":false,"Words":[{"Position":1,"AudioFileName":"021_107_001.mp3","TajweedImageFilePath":"21/107/1.png","Text":"وَمَآ","Translation":"And not","Transliteration":"wamā"},{"Position":2,"AudioFileName":"021_107_002.mp3","TajweedImageFilePath":"21/107/2.png","Text":"أَرْسَلْنَـٰكَ","Translation":"We have sent you","Transliteration":"arsalnāka"},{"Position":3,"AudioFileName":"021_107_003.mp3","TajweedImageFilePath":"21/107/3.png","Text":"إِلَّا","Translation":"but","Transliteration":"illā"},{"Position":4,"AudioFileName":"021_107_004.mp3","TajweedImageFilePath":"21/107/4.png","Text":"رَحْمَةًۭ","Translation":"(as) a mercy","Transliteration":"raḥmatan"},{"Position":5,"AudioFileName":"021_107_005.mp3","TajweedImageFilePath":"21/107/5.png","Text":"لِّلْعَـٰلَمِينَ","Translation":"for the worlds","Transliteration":"lil'ʿālamīna"},{"Position":6,"AudioFileName":null,"TajweedImageFilePath":"107.png","Text":"١٠٧","Translation":"(107)","Transliteration":null}],"PageNumber":331,"JuzNumber":17,"ManzilNumber":4,"RukuNumber":284,"MaqraNumber":132,"HizbNumber":33,"HizbDecimal":0.75,"HasSajda":false},{"SurahNumber":21,"SurahIndex":"021","VerseNumber":108,"ShowSurahName":false,"ShowBismillah":false,"Words":[{"Position":1,"AudioFileName":"021_108_001.mp3","TajweedImageFilePath":"21/108/1.png","Text":"قُلْ","Translation":"Say","Transliteration":"qul"},{"Position":2,"AudioFileName":"021_108_002.mp3","TajweedImageFilePath":"21/108/2.png","Text":"إِنَّمَا","Translation":"Only","Transliteration":"innamā"},{"Position":3,"AudioFileName":"021_108_003.mp3","TajweedImageFilePath":"21/108/3.png","Text":"يُوحَىٰٓ","Translation":"it is revealed","Transliteration":"yūḥā"},{"Position":4,"AudioFileName":"021_108_004.mp3","TajweedImageFilePath":"21/108/4.png","Text":"إِلَىَّ","Translation":"to me","Transliteration":"ilayya"},{"Position":5,"AudioFileName":"021_108_005.mp3","TajweedImageFilePath":"21/108/5.png","Text":"أَنَّمَآ","Translation":"that","Transliteration":"annamā"},{"Position":6,"AudioFileName":"021_108_006.mp3","TajweedImageFilePath":"21/108/6.png","Text":"إِلَـٰهُكُمْ","Translation":"your god","Transliteration":"ilāhukum"},{"Position":7,"AudioFileName":"021_108_007.mp3","TajweedImageFilePath":"21/108/7.png","Text":"إِلَـٰهٌۭ","Translation":"(is) God","Transliteration":"ilāhun"},{"Position":8,"AudioFileName":"021_108_008.mp3","TajweedImageFilePath":"21/108/8.png","Text":"وَٰحِدٌۭ ۖ","Translation":"One","Transliteration":"wāḥidun"},{"Position":9,"AudioFileName":"021_108_009.mp3","TajweedImageFilePath":"21/108/9.png","Text":"فَهَلْ","Translation":"so will","Transliteration":"fahal"},{"Position":10,"AudioFileName":"021_108_010.mp3","TajweedImageFilePath":"21/108/10.png","Text":"أَنتُم","Translation":"you","Transliteration":"antum"},{"Position":11,"AudioFileName":"021_108_011.mp3","TajweedImageFilePath":"21/108/11.png","Text":"مُّسْلِمُونَ","Translation":"submit (to Him)","Transliteration":"mus'limūna"},{"Position":12,"AudioFileName":null,"TajweedImageFilePath":"108.png","Text":"١٠٨","Translation":"(108)","Transliteration":null}],"PageNumber":331,"JuzNumber":17,"ManzilNumber":4,"RukuNumber":284,"MaqraNumber":132,"HizbNumber":33,"HizbDecimal":0.75,"HasSajda":false},{"SurahNumber":21,"SurahIndex":"021","VerseNumber":109,"ShowSurahName":false,"ShowBismillah":false,"Words":[{"Position":1,"AudioFileName":"021_109_001.mp3","TajweedImageFilePath":"21/109/1.png","Text":"فَإِن","Translation":"But if","Transliteration":"fa-in"},{"Position":2,"AudioFileName":"021_109_002.mp3","TajweedImageFilePath":"21/109/2.png","Text":"تَوَلَّوْا۟","Translation":"they turn away","Transliteration":"tawallaw"},{"Position":3,"AudioFileName":"021_109_003.mp3","TajweedImageFilePath":"21/109/3.png","Text":"فَقُلْ","Translation":"then say","Transliteration":"faqul"},{"Position":4,"AudioFileName":"021_109_004.mp3","TajweedImageFilePath":"21/109/4.png","Text":"ءَاذَنتُكُمْ","Translation":"I (have) announced to you","Transliteration":"ādhantukum"},{"Position":5,"AudioFileName":"021_109_005.mp3","TajweedImageFilePath":"21/109/5.png","Text":"عَلَىٰ","Translation":"equally","Transliteration":"ʿalā"},{"Position":6,"AudioFileName":"021_109_006.mp3","TajweedImageFilePath":"21/109/6.png","Text":"سَوَآءٍۢ ۖ","Translation":"equally","Transliteration":"sawāin"},{"Position":7,"AudioFileName":"021_109_007.mp3","TajweedImageFilePath":"21/109/7.png","Text":"وَإِنْ","Translation":"And not","Transliteration":"wa-in"},{"Position":8,"AudioFileName":"021_109_008.mp3","TajweedImageFilePath":"21/109/8.png","Text":"أَدْرِىٓ","Translation":"I know","Transliteration":"adrī"},{"Position":9,"AudioFileName":"021_109_009.mp3","TajweedImageFilePath":"21/109/9.png","Text":"أَقَرِيبٌ","Translation":"whether is near","Transliteration":"aqarībun"},{"Position":10,"AudioFileName":"021_109_010.mp3","TajweedImageFilePath":"21/109/10.png","Text":"أَم","Translation":"or","Transliteration":"am"},{"Position":11,"AudioFileName":"021_109_011.mp3","TajweedImageFilePath":"21/109/11.png","Text":"بَعِيدٌۭ","Translation":"far","Transliteration":"baʿīdun"},{"Position":12,"AudioFileName":"021_109_012.mp3","TajweedImageFilePath":"21/109/12.png","Text":"مَّا","Translation":"what","Transliteration":"mā"},{"Position":13,"AudioFileName":"021_109_013.mp3","TajweedImageFilePath":"21/109/13.png","Text":"تُوعَدُونَ","Translation":"you are promised","Transliteration":"tūʿadūna"},{"Position":14,"AudioFileName":null,"TajweedImageFilePath":"109.png","Text":"١٠٩","Translation":"(109)","Transliteration":null}],"PageNumber":331,"JuzNumber":17,"ManzilNumber":4,"RukuNumber":284,"MaqraNumber":132,"HizbNumber":33,"HizbDecimal":0.75,"HasSajda":false},{"SurahNumber":21,"SurahIndex":"021","VerseNumber":110,"ShowSurahName":false,"ShowBismillah":false,"Words":[{"Position":1,"AudioFileName":"021_110_001.mp3","TajweedImageFilePath":"21/110/1.png","Text":"إِنَّهُۥ","Translation":"Indeed, He","Transliteration":"innahu"},{"Position":2,"AudioFileName":"021_110_002.mp3","TajweedImageFilePath":"21/110/2.png","Text":"يَعْلَمُ","Translation":"knows","Transliteration":"yaʿlamu"},{"Position":3,"AudioFileName":"021_110_003.mp3","TajweedImageFilePath":"21/110/3.png","Text":"ٱلْجَهْرَ","Translation":"the declared","Transliteration":"l-jahra"},{"Position":4,"AudioFileName":"021_110_004.mp3","TajweedImageFilePath":"21/110/4.png","Text":"مِنَ","Translation":"[of]","Transliteration":"mina"},{"Position":5,"AudioFileName":"021_110_005.mp3","TajweedImageFilePath":"21/110/5.png","Text":"ٱلْقَوْلِ","Translation":"[the] speech","Transliteration":"l-qawli"},{"Position":6,"AudioFileName":"021_110_006.mp3","TajweedImageFilePath":"21/110/6.png","Text":"وَيَعْلَمُ","Translation":"and He knows","Transliteration":"wayaʿlamu"},{"Position":7,"AudioFileName":"021_110_007.mp3","TajweedImageFilePath":"21/110/7.png","Text":"مَا","Translation":"what","Transliteration":"mā"},{"Position":8,"AudioFileName":"021_110_008.mp3","TajweedImageFilePath":"21/110/8.png","Text":"تَكْتُمُونَ","Translation":"you conceal","Transliteration":"taktumūna"},{"Position":9,"AudioFileName":null,"TajweedImageFilePath":"110.png","Text":"١١٠","Translation":"(110)","Transliteration":null}],"PageNumber":331,"JuzNumber":17,"ManzilNumber":4,"RukuNumber":284,"MaqraNumber":132,"HizbNumber":33,"HizbDecimal":0.75,"HasSajda":false},{"SurahNumber":21,"SurahIndex":"021","VerseNumber":111,"ShowSurahName":false,"ShowBismillah":false,"Words":[{"Position":1,"AudioFileName":"021_111_001.mp3","TajweedImageFilePath":"21/111/1.png","Text":"وَإِنْ","Translation":"And not","Transliteration":"wa-in"},{"Position":2,"AudioFileName":"021_111_002.mp3","TajweedImageFilePath":"21/111/2.png","Text":"أَدْرِى","Translation":"I know","Transliteration":"adrī"},{"Position":3,"AudioFileName":"021_111_003.mp3","TajweedImageFilePath":"21/111/3.png","Text":"لَعَلَّهُۥ","Translation":"perhaps it may be","Transliteration":"laʿallahu"},{"Position":4,"AudioFileName":"021_111_004.mp3","TajweedImageFilePath":"21/111/4.png","Text":"فِتْنَةٌۭ","Translation":"a trial","Transliteration":"fit'natun"},{"Position":5,"AudioFileName":"021_111_005.mp3","TajweedImageFilePath":"21/111/5.png","Text":"لَّكُمْ","Translation":"for you","Transliteration":"lakum"},{"Position":6,"AudioFileName":"021_111_006.mp3","TajweedImageFilePath":"21/111/6.png","Text":"وَمَتَـٰعٌ","Translation":"and an enjoyment","Transliteration":"wamatāʿun"},{"Position":7,"AudioFileName":"021_111_007.mp3","TajweedImageFilePath":"21/111/7.png","Text":"إِلَىٰ","Translation":"for","Transliteration":"ilā"},{"Position":8,"AudioFileName":"021_111_008.mp3","TajweedImageFilePath":"21/111/8.png","Text":"حِينٍۢ","Translation":"a time","Transliteration":"ḥīnin"},{"Position":9,"AudioFileName":null,"TajweedImageFilePath":"111.png","Text":"١١١","Translation":"(111)","Transliteration":null}],"PageNumber":331,"JuzNumber":17,"ManzilNumber":4,"RukuNumber":284,"MaqraNumber":132,"HizbNumber":33,"HizbDecimal":0.75,"HasSajda":false},{"SurahNumber":21,"SurahIndex":"021","VerseNumber":112,"ShowSurahName":false,"ShowBismillah":false,"Words":[{"Position":1,"AudioFileName":"021_112_001.mp3","TajweedImageFilePath":"21/112/1.png","Text":"قَـٰلَ","Translation":"He said","Transliteration":"qāla"},{"Position":2,"AudioFileName":"021_112_002.mp3","TajweedImageFilePath":"21/112/2.png","Text":"رَبِّ","Translation":"My Lord","Transliteration":"rabbi"},{"Position":3,"AudioFileName":"021_112_003.mp3","TajweedImageFilePath":"21/112/3.png","Text":"ٱحْكُم","Translation":"judge","Transliteration":"uḥ'kum"},{"Position":4,"AudioFileName":"021_112_004.mp3","TajweedImageFilePath":"21/112/4.png","Text":"بِٱلْحَقِّ ۗ","Translation":"in truth","Transliteration":"bil-ḥaqi"},{"Position":5,"AudioFileName":"021_112_005.mp3","TajweedImageFilePath":"21/112/5.png","Text":"وَرَبُّنَا","Translation":"And our Lord","Transliteration":"warabbunā"},{"Position":6,"AudioFileName":"021_112_006.mp3","TajweedImageFilePath":"21/112/6.png","Text":"ٱلرَّحْمَـٰنُ","Translation":"(is) the Most Gracious","Transliteration":"l-raḥmānu"},{"Position":7,"AudioFileName":"021_112_007.mp3","TajweedImageFilePath":"21/112/7.png","Text":"ٱلْمُسْتَعَانُ","Translation":"the One Whose help is sought","Transliteration":"l-mus'taʿānu"},{"Position":8,"AudioFileName":"021_112_008.mp3","TajweedImageFilePath":"21/112/8.png","Text":"عَلَىٰ","Translation":"against","Transliteration":"ʿalā"},{"Position":9,"AudioFileName":"021_112_009.mp3","TajweedImageFilePath":"21/112/9.png","Text":"مَا","Translation":"what","Transliteration":"mā"},{"Position":10,"AudioFileName":"021_112_010.mp3","TajweedImageFilePath":"21/112/10.png","Text":"تَصِفُونَ","Translation":"you attribute","Transliteration":"taṣifūna"},{"Position":11,"AudioFileName":null,"TajweedImageFilePath":"112.png","Text":"١١٢","Translation":"(112)","Transliteration":null}],"PageNumber":331,"JuzNumber":17,"ManzilNumber":4,"RukuNumber":284,"MaqraNumber":132,"HizbNumber":33,"HizbDecimal":0.75,"HasSajda":false}]}