{"MaqraNumber":20.0,"Verses":[{"SurahNumber":2,"SurahIndex":"002","VerseNumber":283,"ShowSurahName":false,"ShowBismillah":false,"Text":"۞وَإِن كُنتُمۡ عَلَىٰ سَفَرٖ وَلَمۡ تَجِدُواْ كَاتِبٗا فَرِهَٰنٞ مَّقۡبُوضَةٞۖ فَإِنۡ أَمِنَ بَعۡضُكُم بَعۡضٗا فَلۡيُؤَدِّ ٱلَّذِي ٱؤۡتُمِنَ أَمَٰنَتَهُۥ وَلۡيَتَّقِ ٱللَّهَ رَبَّهُۥۗ وَلَا تَكۡتُمُواْ ٱلشَّهَٰدَةَۚ وَمَن يَكۡتُمۡهَا فَإِنَّهُۥٓ ءَاثِمٞ قَلۡبُهُۥۗ وَٱللَّهُ بِمَا تَعۡمَلُونَ عَلِيمٞ","TajweedText":"۞ وَإِ<tajweed class=ikhafa>ن ك</tajweed>ُ<tajweed class=ikhafa>نت</tajweed>ُمْ عَلَىٰ سَفَ<tajweed class=idgham_ghunnah>رٍ و</tajweed>َلَمْ تَجِدُو<tajweed class=slnt>اْ</tajweed> كَاتِ<tajweed class=ikhafa>بًا ف</tajweed>َرِهَ<tajweed class=madda_normal>ـٰ</tajweed><tajweed class=idgham_ghunnah>نٌ م</tajweed>َّ<tajweed class=qalaqah>قْ</tajweed>بُوضَ<tajweed class=ikhafa>ةٌ‌ۖ ف</tajweed>َإِنْ أَمِنَ بَعْضُك<tajweed class=ikhafa_shafawi>ُم ب</tajweed>َعْ<tajweed class=ikhafa>ضًا ف</tajweed>َلْيُؤَدِّ <tajweed class=ham_wasl>ٱ</tajweed>لَّذِى <tajweed class=ham_wasl>ٱ</tajweed>ؤْتُمِنَ أَمَ<tajweed class=madda_normal>ـٰ</tajweed>نَتَهُ<tajweed class=madda_normal>ۥ</tajweed> وَلْيَتَّقِ <tajweed class=ham_wasl>ٱ</tajweed>للَّهَ رَبَّهُ<tajweed class=madda_normal>ۥ</tajweed>‌ۗ وَلَا تَكْتُمُو<tajweed class=slnt>اْ</tajweed> <tajweed class=ham_wasl>ٱ</tajweed><tajweed class=laam_shamsiyah>ل</tajweed>شَّهَ<tajweed class=madda_normal>ـٰ</tajweed>دَةَ‌ۚ وَم<tajweed class=idgham_ghunnah>َن ي</tajweed>َكْتُمْهَا فَإِ<tajweed class=ghunnah>نّ</tajweed>َهُ<tajweed class=madda_obligatory>ۥٓ</tajweed> ءَاثِ<tajweed class=ikhafa>مٌ ق</tajweed>َلْبُهُ<tajweed class=madda_normal>ۥ</tajweed>‌ۗ وَ<tajweed class=ham_wasl>ٱ</tajweed>للَّهُ بِمَا تَعْمَلُونَ عَل<tajweed class=madda_permissible>ِي</tajweed>مٌ <span class=end>٢٨٣</span>","End":"٢٨٣","PageNumber":49,"JuzNumber":3,"ManzilNumber":1,"RukuNumber":40,"MaqraNumber":20,"HizbNumber":5,"HizbDecimal":0.75,"HasSajda":false},{"SurahNumber":2,"SurahIndex":"002","VerseNumber":284,"ShowSurahName":false,"ShowBismillah":false,"Text":"لِّلَّهِ مَا فِي ٱلسَّمَٰوَٰتِ وَمَا فِي ٱلۡأَرۡضِۗ وَإِن تُبۡدُواْ مَا فِيٓ أَنفُسِكُمۡ أَوۡ تُخۡفُوهُ يُحَاسِبۡكُم بِهِ ٱللَّهُۖ فَيَغۡفِرُ لِمَن يَشَآءُ وَيُعَذِّبُ مَن يَشَآءُۗ وَٱللَّهُ عَلَىٰ كُلِّ شَيۡءٖ قَدِيرٌ","TajweedText":"لِّلَّهِ مَا فِى <tajweed class=ham_wasl>ٱ</tajweed><tajweed class=laam_shamsiyah>ل</tajweed>سَّمَ<tajweed class=madda_normal>ـٰ</tajweed>و<tajweed class=madda_normal>َٲ</tajweed>تِ وَمَا فِى <tajweed class=ham_wasl>ٱ</tajweed>لْأَرْضِ‌ۗ وَإِ<tajweed class=ikhafa>ن ت</tajweed>ُ<tajweed class=qalaqah>بْ</tajweed>دُو<tajweed class=slnt>اْ</tajweed> مَا ف<tajweed class=madda_obligatory>ِىٓ</tajweed> أَ<tajweed class=ikhafa>نف</tajweed>ُسِكُمْ أَوْ تُخْفُوهُ يُحَاسِ<tajweed class=qalaqah>بْ</tajweed>ك<tajweed class=ikhafa_shafawi>ُم ب</tajweed>ِهِ <tajweed class=ham_wasl>ٱ</tajweed>للَّهُ‌ۖ فَيَغْفِرُ لِم<tajweed class=idgham_ghunnah>َن ي</tajweed>َش<tajweed class=madda_obligatory>َا</tajweed>ٓءُ وَيُعَذِّبُ م<tajweed class=idgham_ghunnah>َن ي</tajweed>َش<tajweed class=madda_obligatory>َا</tajweed>ٓءُ‌ۗ وَ<tajweed class=ham_wasl>ٱ</tajweed>للَّهُ عَلَىٰ كُلِّ ش<tajweed class=ikhafa>َىْءٍ ق</tajweed>َد<tajweed class=madda_permissible>ِي</tajweed>رٌ <span class=end>٢٨٤</span>","End":"٢٨٤","PageNumber":49,"JuzNumber":3,"ManzilNumber":1,"RukuNumber":41,"MaqraNumber":20,"HizbNumber":5,"HizbDecimal":0.75,"HasSajda":false},{"SurahNumber":2,"SurahIndex":"002","VerseNumber":285,"ShowSurahName":false,"ShowBismillah":false,"Text":"ءَامَنَ ٱلرَّسُولُ بِمَآ أُنزِلَ إِلَيۡهِ مِن رَّبِّهِۦ وَٱلۡمُؤۡمِنُونَۚ كُلٌّ ءَامَنَ بِٱللَّهِ وَمَلَـٰٓئِكَتِهِۦ وَكُتُبِهِۦ وَرُسُلِهِۦ لَا نُفَرِّقُ بَيۡنَ أَحَدٖ مِّن رُّسُلِهِۦۚ وَقَالُواْ سَمِعۡنَا وَأَطَعۡنَاۖ غُفۡرَانَكَ رَبَّنَا وَإِلَيۡكَ ٱلۡمَصِيرُ","TajweedText":"ءَامَنَ <tajweed class=ham_wasl>ٱ</tajweed><tajweed class=laam_shamsiyah>ل</tajweed>رَّسُولُ بِم<tajweed class=madda_obligatory>َآ</tajweed> أُ<tajweed class=ikhafa>نز</tajweed>ِلَ إِلَيْهِ م<tajweed class=idgham_wo_ghunnah>ِن ر</tajweed>َّبِّه<tajweed class=madda_normal>ِۦ</tajweed> وَ<tajweed class=ham_wasl>ٱ</tajweed>لْمُؤْمِنُونَ‌ۚ كُلٌّ ءَامَنَ بِ<tajweed class=ham_wasl>ٱ</tajweed>للَّهِ وَمَلَ<tajweed class=madda_obligatory>ـٰٓ</tajweed>ئِكَتِه<tajweed class=madda_normal>ِۦ</tajweed> وَكُتُبِه<tajweed class=madda_normal>ِۦ</tajweed> وَرُسُلِه<tajweed class=madda_normal>ِۦ</tajweed> لَا نُفَرِّقُ بَيْنَ أَحَ<tajweed class=idgham_ghunnah>دٍ م</tajweed>ّ<tajweed class=idgham_wo_ghunnah>ِن ر</tajweed>ُّسُلِه<tajweed class=madda_normal>ِۦ</tajweed>‌ۚ وَقَالُو<tajweed class=slnt>اْ</tajweed> سَمِعْنَا وَأَطَعْنَا‌ۖ غُفْرَانَكَ رَبَّنَا وَإِلَيْكَ <tajweed class=ham_wasl>ٱ</tajweed>لْمَص<tajweed class=madda_permissible>ِي</tajweed>رُ <span class=end>٢٨٥</span>","End":"٢٨٥","PageNumber":49,"JuzNumber":3,"ManzilNumber":1,"RukuNumber":41,"MaqraNumber":20,"HizbNumber":5,"HizbDecimal":0.75,"HasSajda":false},{"SurahNumber":2,"SurahIndex":"002","VerseNumber":286,"ShowSurahName":false,"ShowBismillah":false,"Text":"لَا يُكَلِّفُ ٱللَّهُ نَفۡسًا إِلَّا وُسۡعَهَاۚ لَهَا مَا كَسَبَتۡ وَعَلَيۡهَا مَا ٱكۡتَسَبَتۡۗ رَبَّنَا لَا تُؤَاخِذۡنَآ إِن نَّسِينَآ أَوۡ أَخۡطَأۡنَاۚ رَبَّنَا وَلَا تَحۡمِلۡ عَلَيۡنَآ إِصۡرٗا كَمَا حَمَلۡتَهُۥ عَلَى ٱلَّذِينَ مِن قَبۡلِنَاۚ رَبَّنَا وَلَا تُحَمِّلۡنَا مَا لَا طَاقَةَ لَنَا بِهِۦۖ وَٱعۡفُ عَنَّا وَٱغۡفِرۡ لَنَا وَٱرۡحَمۡنَآۚ أَنتَ مَوۡلَىٰنَا فَٱنصُرۡنَا عَلَى ٱلۡقَوۡمِ ٱلۡكَٰفِرِينَ","TajweedText":"لَا يُكَلِّفُ <tajweed class=ham_wasl>ٱ</tajweed>للَّهُ نَفْسًا إِلَّا وُسْعَهَا‌ۚ لَهَا مَا كَسَبَتْ وَعَلَيْهَا مَا <tajweed class=ham_wasl>ٱ</tajweed>كْتَسَبَتْ‌ۗ رَبَّنَا لَا تُؤَاخِذْن<tajweed class=madda_obligatory>َآ</tajweed> إ<tajweed class=idgham_ghunnah>ِن ن</tajweed>َّسِين<tajweed class=madda_obligatory>َآ</tajweed> أَوْ أَخْطَأْنَا‌ۚ رَبَّنَا وَلَا تَحْمِلْ عَلَيْن<tajweed class=madda_obligatory>َآ</tajweed> إِصْ<tajweed class=ikhafa>رًا ك</tajweed>َمَا حَمَلْتَهُ<tajweed class=madda_normal>ۥ</tajweed> عَلَى <tajweed class=ham_wasl>ٱ</tajweed>لَّذِينَ مِ<tajweed class=ikhafa>ن ق</tajweed>َ<tajweed class=qalaqah>بْ</tajweed>لِنَا‌ۚ رَبَّنَا وَلَا تُحَ<tajweed class=ghunnah>مّ</tajweed>ِلْنَا مَا لَا طَاقَةَ لَنَا بِه<tajweed class=madda_normal>ِۦ</tajweed>‌ۖ وَ<tajweed class=ham_wasl>ٱ</tajweed>عْفُ عَ<tajweed class=ghunnah>نّ</tajweed>َا وَ<tajweed class=ham_wasl>ٱ</tajweed>غْفِرْ لَنَا وَ<tajweed class=ham_wasl>ٱ</tajweed>رْحَمْن<tajweed class=madda_obligatory>َآ‌ۚ</tajweed> أَ<tajweed class=ikhafa>نت</tajweed>َ مَوْلَ<tajweed class=madda_normal>ـٰ</tajweed>نَا فَ<tajweed class=ham_wasl>ٱ</tajweed><tajweed class=ikhafa>نص</tajweed>ُرْنَا عَلَى <tajweed class=ham_wasl>ٱ</tajweed>لْقَوْمِ <tajweed class=ham_wasl>ٱ</tajweed>لْكَ<tajweed class=madda_normal>ـٰ</tajweed>فِر<tajweed class=madda_permissible>ِي</tajweed>نَ <span class=end>٢٨٦</span>","End":"٢٨٦","PageNumber":49,"JuzNumber":3,"ManzilNumber":1,"RukuNumber":41,"MaqraNumber":20,"HizbNumber":5,"HizbDecimal":0.75,"HasSajda":false},{"SurahNumber":3,"SurahIndex":"003","VerseNumber":1,"ShowSurahName":true,"ShowBismillah":true,"Text":"الٓمٓ","TajweedText":"ا<tajweed class=madda_necessary>لٓ</tajweed><tajweed class=madda_necessary>مٓ</tajweed> <span class=end>١</span>","End":"١","PageNumber":50,"JuzNumber":3,"ManzilNumber":1,"RukuNumber":42,"MaqraNumber":20,"HizbNumber":5,"HizbDecimal":0.75,"HasSajda":false},{"SurahNumber":3,"SurahIndex":"003","VerseNumber":2,"ShowSurahName":false,"ShowBismillah":false,"Text":"ٱللَّهُ لَآ إِلَٰهَ إِلَّا هُوَ ٱلۡحَيُّ ٱلۡقَيُّومُ","TajweedText":"ٱللَّهُ ل<tajweed class=madda_obligatory>َآ</tajweed> إِلَ<tajweed class=madda_normal>ـٰ</tajweed>هَ إِلَّا هُوَ <tajweed class=ham_wasl>ٱ</tajweed>لْحَىُّ <tajweed class=ham_wasl>ٱ</tajweed>لْقَيّ<tajweed class=madda_permissible>ُو</tajweed>مُ <span class=end>٢</span>","End":"٢","PageNumber":50,"JuzNumber":3,"ManzilNumber":1,"RukuNumber":42,"MaqraNumber":20,"HizbNumber":5,"HizbDecimal":0.75,"HasSajda":false},{"SurahNumber":3,"SurahIndex":"003","VerseNumber":3,"ShowSurahName":false,"ShowBismillah":false,"Text":"نَزَّلَ عَلَيۡكَ ٱلۡكِتَٰبَ بِٱلۡحَقِّ مُصَدِّقٗا لِّمَا بَيۡنَ يَدَيۡهِ وَأَنزَلَ ٱلتَّوۡرَىٰةَ وَٱلۡإِنجِيلَ","TajweedText":"نَزَّلَ عَلَيْكَ <tajweed class=ham_wasl>ٱ</tajweed>لْكِتَ<tajweed class=madda_normal>ـٰ</tajweed>بَ بِ<tajweed class=ham_wasl>ٱ</tajweed>لْحَقِّ مُصَدِّ<tajweed class=idgham_wo_ghunnah>قًا ل</tajweed>ِّمَا بَيْنَ يَدَيْهِ وَأَ<tajweed class=ikhafa>نز</tajweed>َلَ <tajweed class=ham_wasl>ٱ</tajweed><tajweed class=laam_shamsiyah>ل</tajweed>تَّوْرَ<tajweed class=madda_normal>ٮٰ</tajweed>ةَ وَ<tajweed class=ham_wasl>ٱ</tajweed>لْإِ<tajweed class=ikhafa>نج</tajweed><tajweed class=madda_permissible>ِي</tajweed>لَ <span class=end>٣</span>","End":"٣","PageNumber":50,"JuzNumber":3,"ManzilNumber":1,"RukuNumber":42,"MaqraNumber":20,"HizbNumber":5,"HizbDecimal":0.75,"HasSajda":false},{"SurahNumber":3,"SurahIndex":"003","VerseNumber":4,"ShowSurahName":false,"ShowBismillah":false,"Text":"مِن قَبۡلُ هُدٗى لِّلنَّاسِ وَأَنزَلَ ٱلۡفُرۡقَانَۗ إِنَّ ٱلَّذِينَ كَفَرُواْ بِـَٔايَٰتِ ٱللَّهِ لَهُمۡ عَذَابٞ شَدِيدٞۗ وَٱللَّهُ عَزِيزٞ ذُو ٱنتِقَامٍ","TajweedText":"مِ<tajweed class=ikhafa>ن ق</tajweed>َ<tajweed class=qalaqah>بْ</tajweed>لُ هُ<tajweed class=idgham_wo_ghunnah>دًى ل</tajweed>ِّل<tajweed class=ghunnah>نّ</tajweed>َاسِ وَأَ<tajweed class=ikhafa>نز</tajweed>َلَ <tajweed class=ham_wasl>ٱ</tajweed>لْفُرْقَانَ‌ۗ إِ<tajweed class=ghunnah>نّ</tajweed>َ <tajweed class=ham_wasl>ٱ</tajweed>لَّذِينَ كَفَرُو<tajweed class=slnt>اْ</tajweed> بِـَٔـايَ<tajweed class=madda_normal>ـٰ</tajweed>تِ <tajweed class=ham_wasl>ٱ</tajweed>للَّهِ لَهُمْ عَذَا<tajweed class=ikhafa>بٌ ش</tajweed>َدِي<tajweed class=idgham_ghunnah>دٌ‌ۗ و</tajweed>َ<tajweed class=ham_wasl>ٱ</tajweed>للَّهُ عَزِي<tajweed class=ikhafa>زٌ ذ</tajweed>ُو <tajweed class=ham_wasl>ٱ</tajweed><tajweed class=ikhafa>نت</tajweed>ِق<tajweed class=madda_permissible>َا</tajweed>مٍ <span class=end>٤</span>","End":"٤","PageNumber":50,"JuzNumber":3,"ManzilNumber":1,"RukuNumber":42,"MaqraNumber":20,"HizbNumber":5,"HizbDecimal":0.75,"HasSajda":false},{"SurahNumber":3,"SurahIndex":"003","VerseNumber":5,"ShowSurahName":false,"ShowBismillah":false,"Text":"إِنَّ ٱللَّهَ لَا يَخۡفَىٰ عَلَيۡهِ شَيۡءٞ فِي ٱلۡأَرۡضِ وَلَا فِي ٱلسَّمَآءِ","TajweedText":"إِ<tajweed class=ghunnah>نّ</tajweed>َ <tajweed class=ham_wasl>ٱ</tajweed>للَّهَ لَا يَخْفَىٰ عَلَيْهِ ش<tajweed class=ikhafa>َىْءٌ ف</tajweed>ِى <tajweed class=ham_wasl>ٱ</tajweed>لْأَرْضِ وَلَا فِى <tajweed class=ham_wasl>ٱ</tajweed><tajweed class=laam_shamsiyah>ل</tajweed>سَّم<tajweed class=madda_obligatory>َا</tajweed>ٓءِ <span class=end>٥</span>","End":"٥","PageNumber":50,"JuzNumber":3,"ManzilNumber":1,"RukuNumber":42,"MaqraNumber":20,"HizbNumber":5,"HizbDecimal":0.75,"HasSajda":false},{"SurahNumber":3,"SurahIndex":"003","VerseNumber":6,"ShowSurahName":false,"ShowBismillah":false,"Text":"هُوَ ٱلَّذِي يُصَوِّرُكُمۡ فِي ٱلۡأَرۡحَامِ كَيۡفَ يَشَآءُۚ لَآ إِلَٰهَ إِلَّا هُوَ ٱلۡعَزِيزُ ٱلۡحَكِيمُ","TajweedText":"هُوَ <tajweed class=ham_wasl>ٱ</tajweed>لَّذِى يُصَوِّرُكُمْ فِى <tajweed class=ham_wasl>ٱ</tajweed>لْأَرْحَامِ كَيْفَ يَش<tajweed class=madda_obligatory>َا</tajweed>ٓءُ‌ۚ ل<tajweed class=madda_obligatory>َآ</tajweed> إِلَ<tajweed class=madda_normal>ـٰ</tajweed>هَ إِلَّا هُوَ <tajweed class=ham_wasl>ٱ</tajweed>لْعَزِيزُ <tajweed class=ham_wasl>ٱ</tajweed>لْحَك<tajweed class=madda_permissible>ِي</tajweed>مُ <span class=end>٦</span>","End":"٦","PageNumber":50,"JuzNumber":3,"ManzilNumber":1,"RukuNumber":42,"MaqraNumber":20,"HizbNumber":5,"HizbDecimal":0.75,"HasSajda":false},{"SurahNumber":3,"SurahIndex":"003","VerseNumber":7,"ShowSurahName":false,"ShowBismillah":false,"Text":"هُوَ ٱلَّذِيٓ أَنزَلَ عَلَيۡكَ ٱلۡكِتَٰبَ مِنۡهُ ءَايَٰتٞ مُّحۡكَمَٰتٌ هُنَّ أُمُّ ٱلۡكِتَٰبِ وَأُخَرُ مُتَشَٰبِهَٰتٞۖ فَأَمَّا ٱلَّذِينَ فِي قُلُوبِهِمۡ زَيۡغٞ فَيَتَّبِعُونَ مَا تَشَٰبَهَ مِنۡهُ ٱبۡتِغَآءَ ٱلۡفِتۡنَةِ وَٱبۡتِغَآءَ تَأۡوِيلِهِۦۖ وَمَا يَعۡلَمُ تَأۡوِيلَهُۥٓ إِلَّا ٱللَّهُۗ وَٱلرَّـٰسِخُونَ فِي ٱلۡعِلۡمِ يَقُولُونَ ءَامَنَّا بِهِۦ كُلّٞ مِّنۡ عِندِ رَبِّنَاۗ وَمَا يَذَّكَّرُ إِلَّآ أُوْلُواْ ٱلۡأَلۡبَٰبِ","TajweedText":"هُوَ <tajweed class=ham_wasl>ٱ</tajweed>لَّذ<tajweed class=madda_obligatory>ِىٓ</tajweed> أَ<tajweed class=ikhafa>نز</tajweed>َلَ عَلَيْكَ <tajweed class=ham_wasl>ٱ</tajweed>لْكِتَ<tajweed class=madda_normal>ـٰ</tajweed>بَ مِنْهُ ءَايَ<tajweed class=madda_normal>ـٰ</tajweed><tajweed class=idgham_ghunnah>تٌ م</tajweed>ُّحْكَمَ<tajweed class=madda_normal>ـٰ</tajweed>تٌ هُ<tajweed class=ghunnah>نّ</tajweed>َ أُ<tajweed class=ghunnah>مّ</tajweed>ُ <tajweed class=ham_wasl>ٱ</tajweed>لْكِتَ<tajweed class=madda_normal>ـٰ</tajweed>بِ وَأُخَرُ مُتَشَ<tajweed class=madda_normal>ـٰ</tajweed>بِهَ<tajweed class=madda_normal>ـٰ</tajweed><tajweed class=ikhafa>تٌ‌ۖ ف</tajweed>َأَ<tajweed class=ghunnah>مّ</tajweed>َا <tajweed class=ham_wasl>ٱ</tajweed>لَّذِينَ فِى قُلُوبِهِمْ زَيْ<tajweed class=ikhafa>غٌ ف</tajweed>َيَتَّبِعُونَ مَا تَشَ<tajweed class=madda_normal>ـٰ</tajweed>بَهَ مِنْهُ <tajweed class=ham_wasl>ٱ</tajweed><tajweed class=qalaqah>بْ</tajweed>تِغ<tajweed class=madda_obligatory>َا</tajweed>ٓءَ <tajweed class=ham_wasl>ٱ</tajweed>لْفِتْنَةِ وَ<tajweed class=ham_wasl>ٱ</tajweed><tajweed class=qalaqah>بْ</tajweed>تِغ<tajweed class=madda_obligatory>َا</tajweed>ٓءَ تَأْوِيلِه<tajweed class=madda_normal>ِۦ</tajweed>‌ۗ وَمَا يَعْلَمُ تَأْوِيلَهُ<tajweed class=madda_obligatory>ۥٓ</tajweed> إِلَّا <tajweed class=ham_wasl>ٱ</tajweed>للَّهُ‌ۗ وَ<tajweed class=ham_wasl>ٱ</tajweed><tajweed class=laam_shamsiyah>ل</tajweed>رّ<tajweed class=madda_normal>َٲ</tajweed>سِخُونَ فِى <tajweed class=ham_wasl>ٱ</tajweed>لْعِلْمِ يَقُولُونَ ءَامَ<tajweed class=ghunnah>نّ</tajweed>َا بِه<tajweed class=madda_normal>ِۦ</tajweed> كُ<tajweed class=idgham_ghunnah>لٌّ م</tajweed>ِّنْ عِ<tajweed class=ikhafa>ند</tajweed>ِ رَبِّنَا‌ۗ وَمَا يَذَّكَّرُ إِلّ<tajweed class=madda_obligatory>َآ</tajweed> أُ<tajweed class=slnt>وْ</tajweed>لُو<tajweed class=slnt>اْ</tajweed> <tajweed class=ham_wasl>ٱ</tajweed>لْأَلْبَ<tajweed class=madda_permissible>ـٰ</tajweed><tajweed class=qalaqah>ب</tajweed>ِ <span class=end>٧</span>","End":"٧","PageNumber":50,"JuzNumber":3,"ManzilNumber":1,"RukuNumber":42,"MaqraNumber":20,"HizbNumber":5,"HizbDecimal":0.75,"HasSajda":false},{"SurahNumber":3,"SurahIndex":"003","VerseNumber":8,"ShowSurahName":false,"ShowBismillah":false,"Text":"رَبَّنَا لَا تُزِغۡ قُلُوبَنَا بَعۡدَ إِذۡ هَدَيۡتَنَا وَهَبۡ لَنَا مِن لَّدُنكَ رَحۡمَةًۚ إِنَّكَ أَنتَ ٱلۡوَهَّابُ","TajweedText":"رَبَّنَا لَا تُزِغْ قُلُوبَنَا بَعْدَ إِذْ هَدَيْتَنَا وَهَ<tajweed class=qalaqah>بْ</tajweed> لَنَا م<tajweed class=idgham_wo_ghunnah>ِن ل</tajweed>َّدُ<tajweed class=ikhafa>نك</tajweed>َ رَحْمَةً‌ۚ إِ<tajweed class=ghunnah>نّ</tajweed>َكَ أَ<tajweed class=ikhafa>نت</tajweed>َ <tajweed class=ham_wasl>ٱ</tajweed>لْوَهّ<tajweed class=madda_permissible>َا</tajweed><tajweed class=qalaqah>ب</tajweed>ُ <span class=end>٨</span>","End":"٨","PageNumber":50,"JuzNumber":3,"ManzilNumber":1,"RukuNumber":42,"MaqraNumber":20,"HizbNumber":5,"HizbDecimal":0.75,"HasSajda":false},{"SurahNumber":3,"SurahIndex":"003","VerseNumber":9,"ShowSurahName":false,"ShowBismillah":false,"Text":"رَبَّنَآ إِنَّكَ جَامِعُ ٱلنَّاسِ لِيَوۡمٖ لَّا رَيۡبَ فِيهِۚ إِنَّ ٱللَّهَ لَا يُخۡلِفُ ٱلۡمِيعَادَ","TajweedText":"رَبَّن<tajweed class=madda_obligatory>َآ</tajweed> إِ<tajweed class=ghunnah>نّ</tajweed>َكَ جَامِعُ <tajweed class=ham_wasl>ٱ</tajweed><tajweed class=laam_shamsiyah>ل</tajweed><tajweed class=ghunnah>نّ</tajweed>َاسِ لِيَوْ<tajweed class=idgham_wo_ghunnah>مٍ ل</tajweed>َّا رَيْبَ فِيهِ‌ۚ إِ<tajweed class=ghunnah>نّ</tajweed>َ <tajweed class=ham_wasl>ٱ</tajweed>للَّهَ لَا يُخْلِفُ <tajweed class=ham_wasl>ٱ</tajweed>لْمِيع<tajweed class=madda_permissible>َا</tajweed><tajweed class=qalaqah>د</tajweed>َ <span class=end>٩</span>","End":"٩","PageNumber":50,"JuzNumber":3,"ManzilNumber":1,"RukuNumber":42,"MaqraNumber":20,"HizbNumber":5,"HizbDecimal":0.75,"HasSajda":false},{"SurahNumber":3,"SurahIndex":"003","VerseNumber":10,"ShowSurahName":false,"ShowBismillah":false,"Text":"إِنَّ ٱلَّذِينَ كَفَرُواْ لَن تُغۡنِيَ عَنۡهُمۡ أَمۡوَٰلُهُمۡ وَلَآ أَوۡلَٰدُهُم مِّنَ ٱللَّهِ شَيۡـٔٗاۖ وَأُوْلَـٰٓئِكَ هُمۡ وَقُودُ ٱلنَّارِ","TajweedText":"إِ<tajweed class=ghunnah>نّ</tajweed>َ <tajweed class=ham_wasl>ٱ</tajweed>لَّذِينَ كَفَرُو<tajweed class=slnt>اْ</tajweed> لَ<tajweed class=ikhafa>ن ت</tajweed>ُغْنِىَ عَنْهُمْ أَمْو<tajweed class=madda_normal>َٲ</tajweed>لُهُمْ وَل<tajweed class=madda_obligatory>َآ</tajweed> أَوْلَ<tajweed class=madda_normal>ـٰ</tajweed>دُه<tajweed class=idgham_shafawi>ُم م</tajweed>ِّنَ <tajweed class=ham_wasl>ٱ</tajweed>للَّهِ شَيْـ<tajweed class=idgham_ghunnah>ـًٔا‌ۖ و</tajweed>َأُ<tajweed class=slnt>وْ</tajweed>لَ<tajweed class=madda_obligatory>ـٰٓ</tajweed>ئِكَ هُمْ وَقُودُ <tajweed class=ham_wasl>ٱ</tajweed><tajweed class=laam_shamsiyah>ل</tajweed><tajweed class=ghunnah>نّ</tajweed><tajweed class=madda_permissible>َا</tajweed>رِ <span class=end>١٠</span>","End":"١٠","PageNumber":51,"JuzNumber":3,"ManzilNumber":1,"RukuNumber":43,"MaqraNumber":20,"HizbNumber":5,"HizbDecimal":0.75,"HasSajda":false},{"SurahNumber":3,"SurahIndex":"003","VerseNumber":11,"ShowSurahName":false,"ShowBismillah":false,"Text":"كَدَأۡبِ ءَالِ فِرۡعَوۡنَ وَٱلَّذِينَ مِن قَبۡلِهِمۡۚ كَذَّبُواْ بِـَٔايَٰتِنَا فَأَخَذَهُمُ ٱللَّهُ بِذُنُوبِهِمۡۗ وَٱللَّهُ شَدِيدُ ٱلۡعِقَابِ","TajweedText":"كَدَأْبِ ءَالِ فِرْعَوْنَ وَ<tajweed class=ham_wasl>ٱ</tajweed>لَّذِينَ مِ<tajweed class=ikhafa>ن ق</tajweed>َ<tajweed class=qalaqah>بْ</tajweed>لِهِمْ‌ۚ كَذَّبُو<tajweed class=slnt>اْ</tajweed> بِـَٔـايَ<tajweed class=madda_normal>ـٰ</tajweed>تِنَا فَأَخَذَهُمُ <tajweed class=ham_wasl>ٱ</tajweed>للَّهُ بِذُنُوبِهِمْ‌ۗ وَ<tajweed class=ham_wasl>ٱ</tajweed>للَّهُ شَدِيدُ <tajweed class=ham_wasl>ٱ</tajweed>لْعِق<tajweed class=madda_permissible>َا</tajweed><tajweed class=qalaqah>ب</tajweed>ِ <span class=end>١١</span>","End":"١١","PageNumber":51,"JuzNumber":3,"ManzilNumber":1,"RukuNumber":43,"MaqraNumber":20,"HizbNumber":5,"HizbDecimal":0.75,"HasSajda":false},{"SurahNumber":3,"SurahIndex":"003","VerseNumber":12,"ShowSurahName":false,"ShowBismillah":false,"Text":"قُل لِّلَّذِينَ كَفَرُواْ سَتُغۡلَبُونَ وَتُحۡشَرُونَ إِلَىٰ جَهَنَّمَۖ وَبِئۡسَ ٱلۡمِهَادُ","TajweedText":"قُل لِّلَّذِينَ كَفَرُو<tajweed class=slnt>اْ</tajweed> سَتُغْلَبُونَ وَتُحْشَرُونَ إِلَىٰ جَهَ<tajweed class=ghunnah>نّ</tajweed>َمَ‌ۚ وَبِئْسَ <tajweed class=ham_wasl>ٱ</tajweed>لْمِه<tajweed class=madda_permissible>َا</tajweed><tajweed class=qalaqah>د</tajweed>ُ <span class=end>١٢</span>","End":"١٢","PageNumber":51,"JuzNumber":3,"ManzilNumber":1,"RukuNumber":43,"MaqraNumber":20,"HizbNumber":5,"HizbDecimal":0.75,"HasSajda":false},{"SurahNumber":3,"SurahIndex":"003","VerseNumber":13,"ShowSurahName":false,"ShowBismillah":false,"Text":"قَدۡ كَانَ لَكُمۡ ءَايَةٞ فِي فِئَتَيۡنِ ٱلۡتَقَتَاۖ فِئَةٞ تُقَٰتِلُ فِي سَبِيلِ ٱللَّهِ وَأُخۡرَىٰ كَافِرَةٞ يَرَوۡنَهُم مِّثۡلَيۡهِمۡ رَأۡيَ ٱلۡعَيۡنِۚ وَٱللَّهُ يُؤَيِّدُ بِنَصۡرِهِۦ مَن يَشَآءُۚ إِنَّ فِي ذَٰلِكَ لَعِبۡرَةٗ لِّأُوْلِي ٱلۡأَبۡصَٰرِ","TajweedText":"قَ<tajweed class=qalaqah>دْ</tajweed> كَانَ لَكُمْ ءَايَ<tajweed class=ikhafa>ةٌ ف</tajweed>ِى فِئَتَيْنِ <tajweed class=ham_wasl>ٱ</tajweed><tajweed class=laam_shamsiyah>ل</tajweed>ْتَقَتَا‌ۖ فِئَ<tajweed class=ikhafa>ةٌ ت</tajweed>ُقَ<tajweed class=madda_normal>ـٰ</tajweed>تِلُ فِى سَبِيلِ <tajweed class=ham_wasl>ٱ</tajweed>للَّهِ وَأُخْرَىٰ كَافِرَ<tajweed class=idgham_ghunnah>ةٌ ي</tajweed>َرَوْنَه<tajweed class=idgham_shafawi>ُم م</tajweed>ِّثْلَيْهِمْ رَأْىَ <tajweed class=ham_wasl>ٱ</tajweed>لْعَيْنِ‌ۚ وَ<tajweed class=ham_wasl>ٱ</tajweed>للَّهُ يُؤَيِّدُ بِنَصْرِه<tajweed class=madda_normal>ِۦ</tajweed> م<tajweed class=idgham_ghunnah>َن ي</tajweed>َش<tajweed class=madda_obligatory>َا</tajweed>ٓءُ‌ۗ إِ<tajweed class=ghunnah>نّ</tajweed>َ فِى ذ<tajweed class=madda_normal>َٲ</tajweed>لِكَ لَعِ<tajweed class=qalaqah>بْ</tajweed>رَ<tajweed class=idgham_wo_ghunnah>ةً ل</tajweed>ِّأُ<tajweed class=slnt>وْ</tajweed>لِى <tajweed class=ham_wasl>ٱ</tajweed>لْأَ<tajweed class=qalaqah>بْ</tajweed>صَ<tajweed class=madda_permissible>ـٰ</tajweed>رِ <span class=end>١٣</span>","End":"١٣","PageNumber":51,"JuzNumber":3,"ManzilNumber":1,"RukuNumber":43,"MaqraNumber":20,"HizbNumber":5,"HizbDecimal":0.75,"HasSajda":false},{"SurahNumber":3,"SurahIndex":"003","VerseNumber":14,"ShowSurahName":false,"ShowBismillah":false,"Text":"زُيِّنَ لِلنَّاسِ حُبُّ ٱلشَّهَوَٰتِ مِنَ ٱلنِّسَآءِ وَٱلۡبَنِينَ وَٱلۡقَنَٰطِيرِ ٱلۡمُقَنطَرَةِ مِنَ ٱلذَّهَبِ وَٱلۡفِضَّةِ وَٱلۡخَيۡلِ ٱلۡمُسَوَّمَةِ وَٱلۡأَنۡعَٰمِ وَٱلۡحَرۡثِۗ ذَٰلِكَ مَتَٰعُ ٱلۡحَيَوٰةِ ٱلدُّنۡيَاۖ وَٱللَّهُ عِندَهُۥ حُسۡنُ ٱلۡمَـَٔابِ","TajweedText":"زُيِّنَ لِل<tajweed class=ghunnah>نّ</tajweed>َاسِ حُبُّ <tajweed class=ham_wasl>ٱ</tajweed><tajweed class=laam_shamsiyah>ل</tajweed>شَّهَو<tajweed class=madda_normal>َٲ</tajweed>تِ مِنَ <tajweed class=ham_wasl>ٱ</tajweed><tajweed class=laam_shamsiyah>ل</tajweed><tajweed class=ghunnah>نّ</tajweed>ِس<tajweed class=madda_obligatory>َا</tajweed>ٓءِ وَ<tajweed class=ham_wasl>ٱ</tajweed>لْبَنِينَ وَ<tajweed class=ham_wasl>ٱ</tajweed>لْقَنَ<tajweed class=madda_normal>ـٰ</tajweed>طِيرِ <tajweed class=ham_wasl>ٱ</tajweed>لْمُقَ<tajweed class=ikhafa>نط</tajweed>َرَةِ مِنَ <tajweed class=ham_wasl>ٱ</tajweed><tajweed class=laam_shamsiyah>ل</tajweed>ذَّهَبِ وَ<tajweed class=ham_wasl>ٱ</tajweed>لْفِضَّةِ وَ<tajweed class=ham_wasl>ٱ</tajweed>لْخَيْلِ <tajweed class=ham_wasl>ٱ</tajweed>لْمُسَوَّمَةِ وَ<tajweed class=ham_wasl>ٱ</tajweed>لْأَنْعَ<tajweed class=madda_normal>ـٰ</tajweed>مِ وَ<tajweed class=ham_wasl>ٱ</tajweed>لْحَرْثِ‌ۗ ذ<tajweed class=madda_normal>َٲ</tajweed>لِكَ مَتَ<tajweed class=madda_normal>ـٰ</tajweed>عُ <tajweed class=ham_wasl>ٱ</tajweed>لْحَيَ<tajweed class=slnt>و</tajweed><tajweed class=madda_normal>ٲ</tajweed>ةِ <tajweed class=ham_wasl>ٱ</tajweed><tajweed class=laam_shamsiyah>ل</tajweed>دُّنْيَا‌ۖ وَ<tajweed class=ham_wasl>ٱ</tajweed>للَّهُ عِ<tajweed class=ikhafa>ند</tajweed>َهُ<tajweed class=madda_normal>ۥ</tajweed> حُسْنُ <tajweed class=ham_wasl>ٱ</tajweed>لْمَـَٔـ<tajweed class=madda_permissible>ا</tajweed><tajweed class=qalaqah>ب</tajweed>ِ <span class=end>١٤</span>","End":"١٤","PageNumber":51,"JuzNumber":3,"ManzilNumber":1,"RukuNumber":43,"MaqraNumber":20,"HizbNumber":5,"HizbDecimal":0.75,"HasSajda":false}]}