{"MaqraNumber":124,"Verses":[{"SurahNumber":19,"SurahIndex":"019","VerseNumber":59,"ShowSurahName":false,"ShowBismillah":false,"Words":[{"Position":1,"AudioFileName":"019_059_001.mp3","TajweedImageFilePath":"19/59/1.png","Text":"۞ فَخَلَفَ","Translation":"Then succeeded","Transliteration":"fakhalafa","Root":"خ ل ف"},{"Position":2,"AudioFileName":"019_059_002.mp3","TajweedImageFilePath":"19/59/2.png","Text":"مِنۢ","Translation":"after them","Transliteration":"min","Root":"م ن"},{"Position":3,"AudioFileName":"019_059_003.mp3","TajweedImageFilePath":"19/59/3.png","Text":"بَعْدِهِمْ","Translation":"after them","Transliteration":"baʿdihim","Root":"ب ع د"},{"Position":4,"AudioFileName":"019_059_004.mp3","TajweedImageFilePath":"19/59/4.png","Text":"خَلْفٌ","Translation":"successors","Transliteration":"khalfun","Root":"خ ل ف"},{"Position":5,"AudioFileName":"019_059_005.mp3","TajweedImageFilePath":"19/59/5.png","Text":"أَضَاعُوا۟","Translation":"who neglected","Transliteration":"aḍāʿū","Root":"ض ي ع"},{"Position":6,"AudioFileName":"019_059_006.mp3","TajweedImageFilePath":"19/59/6.png","Text":"ٱلصَّلَوٰةَ","Translation":"the prayer","Transliteration":"l-ṣalata","Root":"ص ل و"},{"Position":7,"AudioFileName":"019_059_007.mp3","TajweedImageFilePath":"19/59/7.png","Text":"وَٱتَّبَعُوا۟","Translation":"and they followed","Transliteration":"wa-ittabaʿū","Root":"ت ب ع"},{"Position":8,"AudioFileName":"019_059_008.mp3","TajweedImageFilePath":"19/59/8.png","Text":"ٱلشَّهَوَٰتِ ۖ","Translation":"the lusts","Transliteration":"l-shahawāti","Root":"ش ه و"},{"Position":9,"AudioFileName":"019_059_009.mp3","TajweedImageFilePath":"19/59/9.png","Text":"فَسَوْفَ","Translation":"so soon","Transliteration":"fasawfa","Root":"س و ف"},{"Position":10,"AudioFileName":"019_059_010.mp3","TajweedImageFilePath":"19/59/10.png","Text":"يَلْقَوْنَ","Translation":"they will meet","Transliteration":"yalqawna","Root":"ل ق ي"},{"Position":11,"AudioFileName":"019_059_011.mp3","TajweedImageFilePath":"19/59/11.png","Text":"غَيًّا","Translation":"evil","Transliteration":"ghayyan","Root":"غ و ي"},{"Position":12,"AudioFileName":null,"TajweedImageFilePath":"59.png","Text":"٥٩","Translation":"(59)","Transliteration":null,"Root":null}],"PageNumber":309,"JuzNumber":16,"ManzilNumber":4,"RukuNumber":267,"MaqraNumber":124,"HizbNumber":31,"HizbDecimal":0.75,"HasSajda":false},{"SurahNumber":19,"SurahIndex":"019","VerseNumber":60,"ShowSurahName":false,"ShowBismillah":false,"Words":[{"Position":1,"AudioFileName":"019_060_001.mp3","TajweedImageFilePath":"19/60/1.png","Text":"إِلَّا","Translation":"Except","Transliteration":"illā","Root":"إِلَّا"},{"Position":2,"AudioFileName":"019_060_002.mp3","TajweedImageFilePath":"19/60/2.png","Text":"مَن","Translation":"(one) who","Transliteration":"man","Root":"م ن"},{"Position":3,"AudioFileName":"019_060_003.mp3","TajweedImageFilePath":"19/60/3.png","Text":"تَابَ","Translation":"repented","Transliteration":"tāba","Root":"ت و ب"},{"Position":4,"AudioFileName":"019_060_004.mp3","TajweedImageFilePath":"19/60/4.png","Text":"وَءَامَنَ","Translation":"and believed","Transliteration":"waāmana","Root":"أ م ن"},{"Position":5,"AudioFileName":"019_060_005.mp3","TajweedImageFilePath":"19/60/5.png","Text":"وَعَمِلَ","Translation":"and did","Transliteration":"waʿamila","Root":"ع م ل"},{"Position":6,"AudioFileName":"019_060_006.mp3","TajweedImageFilePath":"19/60/6.png","Text":"صَـٰلِحًۭا","Translation":"good (deeds)","Transliteration":"ṣāliḥan","Root":"ص ل ح"},{"Position":7,"AudioFileName":"019_060_007.mp3","TajweedImageFilePath":"19/60/7.png","Text":"فَأُو۟لَـٰٓئِكَ","Translation":"Then those","Transliteration":"fa-ulāika","Root":"ا و ل ا ء"},{"Position":8,"AudioFileName":"019_060_008.mp3","TajweedImageFilePath":"19/60/8.png","Text":"يَدْخُلُونَ","Translation":"will enter","Transliteration":"yadkhulūna","Root":"د خ ل"},{"Position":9,"AudioFileName":"019_060_009.mp3","TajweedImageFilePath":"19/60/9.png","Text":"ٱلْجَنَّةَ","Translation":"Paradise","Transliteration":"l-janata","Root":"ج ن ن"},{"Position":10,"AudioFileName":"019_060_010.mp3","TajweedImageFilePath":"19/60/10.png","Text":"وَلَا","Translation":"and not","Transliteration":"walā","Root":"ل ا"},{"Position":11,"AudioFileName":"019_060_011.mp3","TajweedImageFilePath":"19/60/11.png","Text":"يُظْلَمُونَ","Translation":"they will be wronged","Transliteration":"yuẓ'lamūna","Root":"ظ ل م"},{"Position":12,"AudioFileName":"019_060_012.mp3","TajweedImageFilePath":"19/60/12.png","Text":"شَيْـًۭٔا","Translation":"(in) anything","Transliteration":"shayan","Root":"ش ي أ"},{"Position":13,"AudioFileName":null,"TajweedImageFilePath":"60.png","Text":"٦٠","Translation":"(60)","Transliteration":null,"Root":null}],"PageNumber":309,"JuzNumber":16,"ManzilNumber":4,"RukuNumber":267,"MaqraNumber":124,"HizbNumber":31,"HizbDecimal":0.75,"HasSajda":false},{"SurahNumber":19,"SurahIndex":"019","VerseNumber":61,"ShowSurahName":false,"ShowBismillah":false,"Words":[{"Position":1,"AudioFileName":"019_061_001.mp3","TajweedImageFilePath":"19/61/1.png","Text":"جَنَّـٰتِ","Translation":"Gardens","Transliteration":"jannāti","Root":"ج ن ن"},{"Position":2,"AudioFileName":"019_061_002.mp3","TajweedImageFilePath":"19/61/2.png","Text":"عَدْنٍ","Translation":"(of) Eden","Transliteration":"ʿadnin","Root":"ع د ن"},{"Position":3,"AudioFileName":"019_061_003.mp3","TajweedImageFilePath":"19/61/3.png","Text":"ٱلَّتِى","Translation":"which","Transliteration":"allatī","Root":"ٱلَّذِى"},{"Position":4,"AudioFileName":"019_061_004.mp3","TajweedImageFilePath":"19/61/4.png","Text":"وَعَدَ","Translation":"promised","Transliteration":"waʿada","Root":"و ع د"},{"Position":5,"AudioFileName":"019_061_005.mp3","TajweedImageFilePath":"19/61/5.png","Text":"ٱلرَّحْمَـٰنُ","Translation":"the Most Gracious","Transliteration":"l-raḥmānu","Root":"ر ح م"},{"Position":6,"AudioFileName":"019_061_006.mp3","TajweedImageFilePath":"19/61/6.png","Text":"عِبَادَهُۥ","Translation":"(to) His slaves","Transliteration":"ʿibādahu","Root":"ع ب د"},{"Position":7,"AudioFileName":"019_061_007.mp3","TajweedImageFilePath":"19/61/7.png","Text":"بِٱلْغَيْبِ ۚ","Translation":"in the unseen","Transliteration":"bil-ghaybi","Root":"غ ي ب"},{"Position":8,"AudioFileName":"019_061_008.mp3","TajweedImageFilePath":"19/61/8.png","Text":"إِنَّهُۥ","Translation":"Indeed, [it]","Transliteration":"innahu","Root":"ا ن ن"},{"Position":9,"AudioFileName":"019_061_009.mp3","TajweedImageFilePath":"19/61/9.png","Text":"كَانَ","Translation":"is","Transliteration":"kāna","Root":"ك و ن"},{"Position":10,"AudioFileName":"019_061_010.mp3","TajweedImageFilePath":"19/61/10.png","Text":"وَعْدُهُۥ","Translation":"His promise","Transliteration":"waʿduhu","Root":"و ع د"},{"Position":11,"AudioFileName":"019_061_011.mp3","TajweedImageFilePath":"19/61/11.png","Text":"مَأْتِيًّۭا","Translation":"sure to come","Transliteration":"matiyyan","Root":"أ ت ي"},{"Position":12,"AudioFileName":null,"TajweedImageFilePath":"61.png","Text":"٦١","Translation":"(61)","Transliteration":null,"Root":null}],"PageNumber":309,"JuzNumber":16,"ManzilNumber":4,"RukuNumber":267,"MaqraNumber":124,"HizbNumber":31,"HizbDecimal":0.75,"HasSajda":false},{"SurahNumber":19,"SurahIndex":"019","VerseNumber":62,"ShowSurahName":false,"ShowBismillah":false,"Words":[{"Position":1,"AudioFileName":"019_062_001.mp3","TajweedImageFilePath":"19/62/1.png","Text":"لَّا","Translation":"Not","Transliteration":"lā","Root":"ل ا"},{"Position":2,"AudioFileName":"019_062_002.mp3","TajweedImageFilePath":"19/62/2.png","Text":"يَسْمَعُونَ","Translation":"they will hear","Transliteration":"yasmaʿūna","Root":"س م ع"},{"Position":3,"AudioFileName":"019_062_003.mp3","TajweedImageFilePath":"19/62/3.png","Text":"فِيهَا","Translation":"therein","Transliteration":"fīhā","Root":"ف ى"},{"Position":4,"AudioFileName":"019_062_004.mp3","TajweedImageFilePath":"19/62/4.png","Text":"لَغْوًا","Translation":"vain talk","Transliteration":"laghwan","Root":"ل غ و"},{"Position":5,"AudioFileName":"019_062_005.mp3","TajweedImageFilePath":"19/62/5.png","Text":"إِلَّا","Translation":"but","Transliteration":"illā","Root":"إِلَّا"},{"Position":6,"AudioFileName":"019_062_006.mp3","TajweedImageFilePath":"19/62/6.png","Text":"سَلَـٰمًۭا ۖ","Translation":"peace","Transliteration":"salāman","Root":"س ل م"},{"Position":7,"AudioFileName":"019_062_007.mp3","TajweedImageFilePath":"19/62/7.png","Text":"وَلَهُمْ","Translation":"And for them","Transliteration":"walahum","Root":"ل"},{"Position":8,"AudioFileName":"019_062_008.mp3","TajweedImageFilePath":"19/62/8.png","Text":"رِزْقُهُمْ","Translation":"(is) their provision","Transliteration":"riz'quhum","Root":"ر ز ق"},{"Position":9,"AudioFileName":"019_062_009.mp3","TajweedImageFilePath":"19/62/9.png","Text":"فِيهَا","Translation":"therein","Transliteration":"fīhā","Root":"ف ى"},{"Position":10,"AudioFileName":"019_062_010.mp3","TajweedImageFilePath":"19/62/10.png","Text":"بُكْرَةًۭ","Translation":"morning","Transliteration":"buk'ratan","Root":"ب ك ر"},{"Position":11,"AudioFileName":"019_062_011.mp3","TajweedImageFilePath":"19/62/11.png","Text":"وَعَشِيًّۭا","Translation":"and evening","Transliteration":"waʿashiyyan","Root":"ع ش و"},{"Position":12,"AudioFileName":null,"TajweedImageFilePath":"62.png","Text":"٦٢","Translation":"(62)","Transliteration":null,"Root":null}],"PageNumber":309,"JuzNumber":16,"ManzilNumber":4,"RukuNumber":267,"MaqraNumber":124,"HizbNumber":31,"HizbDecimal":0.75,"HasSajda":false},{"SurahNumber":19,"SurahIndex":"019","VerseNumber":63,"ShowSurahName":false,"ShowBismillah":false,"Words":[{"Position":1,"AudioFileName":"019_063_001.mp3","TajweedImageFilePath":"19/63/1.png","Text":"تِلْكَ","Translation":"This","Transliteration":"til'ka","Root":"ت ل ك"},{"Position":2,"AudioFileName":"019_063_002.mp3","TajweedImageFilePath":"19/63/2.png","Text":"ٱلْجَنَّةُ","Translation":"(is) Paradise","Transliteration":"l-janatu","Root":"ج ن ن"},{"Position":3,"AudioFileName":"019_063_003.mp3","TajweedImageFilePath":"19/63/3.png","Text":"ٱلَّتِى","Translation":"which","Transliteration":"allatī","Root":"ٱلَّذِى"},{"Position":4,"AudioFileName":"019_063_004.mp3","TajweedImageFilePath":"19/63/4.png","Text":"نُورِثُ","Translation":"We give (as) inheritance","Transliteration":"nūrithu","Root":"و ر ث"},{"Position":5,"AudioFileName":"019_063_005.mp3","TajweedImageFilePath":"19/63/5.png","Text":"مِنْ","Translation":"[of] (to)","Transliteration":"min","Root":"م ن"},{"Position":6,"AudioFileName":"019_063_006.mp3","TajweedImageFilePath":"19/63/6.png","Text":"عِبَادِنَا","Translation":"Our slaves","Transliteration":"ʿibādinā","Root":"ع ب د"},{"Position":7,"AudioFileName":"019_063_007.mp3","TajweedImageFilePath":"19/63/7.png","Text":"مَن","Translation":"(the one) who","Transliteration":"man","Root":"م ن"},{"Position":8,"AudioFileName":"019_063_008.mp3","TajweedImageFilePath":"19/63/8.png","Text":"كَانَ","Translation":"is","Transliteration":"kāna","Root":"ك و ن"},{"Position":9,"AudioFileName":"019_063_009.mp3","TajweedImageFilePath":"19/63/9.png","Text":"تَقِيًّۭا","Translation":"righteous","Transliteration":"taqiyyan","Root":"و ق ي"},{"Position":10,"AudioFileName":null,"TajweedImageFilePath":"63.png","Text":"٦٣","Translation":"(63)","Transliteration":null,"Root":null}],"PageNumber":309,"JuzNumber":16,"ManzilNumber":4,"RukuNumber":267,"MaqraNumber":124,"HizbNumber":31,"HizbDecimal":0.75,"HasSajda":false},{"SurahNumber":19,"SurahIndex":"019","VerseNumber":64,"ShowSurahName":false,"ShowBismillah":false,"Words":[{"Position":1,"AudioFileName":"019_064_001.mp3","TajweedImageFilePath":"19/64/1.png","Text":"وَمَا","Translation":"And not","Transliteration":"wamā","Root":"م ا"},{"Position":2,"AudioFileName":"019_064_002.mp3","TajweedImageFilePath":"19/64/2.png","Text":"نَتَنَزَّلُ","Translation":"we descend","Transliteration":"natanazzalu","Root":"ن ز ل"},{"Position":3,"AudioFileName":"019_064_003.mp3","TajweedImageFilePath":"19/64/3.png","Text":"إِلَّا","Translation":"except","Transliteration":"illā","Root":"إِلَّا"},{"Position":4,"AudioFileName":"019_064_004.mp3","TajweedImageFilePath":"19/64/4.png","Text":"بِأَمْرِ","Translation":"by (the) Command","Transliteration":"bi-amri","Root":"أ م ر"},{"Position":5,"AudioFileName":"019_064_005.mp3","TajweedImageFilePath":"19/64/5.png","Text":"رَبِّكَ ۖ","Translation":"(of) your Lord","Transliteration":"rabbika","Root":"ر ب ب"},{"Position":6,"AudioFileName":"019_064_006.mp3","TajweedImageFilePath":"19/64/6.png","Text":"لَهُۥ","Translation":"To Him (belongs)","Transliteration":"lahu","Root":"ل"},{"Position":7,"AudioFileName":"019_064_007.mp3","TajweedImageFilePath":"19/64/7.png","Text":"مَا","Translation":"what","Transliteration":"mā","Root":"م ا"},{"Position":8,"AudioFileName":"019_064_008.mp3","TajweedImageFilePath":"19/64/8.png","Text":"بَيْنَ","Translation":"(is) before us","Transliteration":"bayna","Root":"ب ي ن"},{"Position":9,"AudioFileName":"019_064_009.mp3","TajweedImageFilePath":"19/64/9.png","Text":"أَيْدِينَا","Translation":"(is) before us","Transliteration":"aydīnā","Root":"ي د ي"},{"Position":10,"AudioFileName":"019_064_010.mp3","TajweedImageFilePath":"19/64/10.png","Text":"وَمَا","Translation":"and what","Transliteration":"wamā","Root":"م ا"},{"Position":11,"AudioFileName":"019_064_011.mp3","TajweedImageFilePath":"19/64/11.png","Text":"خَلْفَنَا","Translation":"(is) behind us","Transliteration":"khalfanā","Root":"خ ل ف"},{"Position":12,"AudioFileName":"019_064_012.mp3","TajweedImageFilePath":"19/64/12.png","Text":"وَمَا","Translation":"and what","Transliteration":"wamā","Root":"م ا"},{"Position":13,"AudioFileName":"019_064_013.mp3","TajweedImageFilePath":"19/64/13.png","Text":"بَيْنَ","Translation":"(is) between","Transliteration":"bayna","Root":"ب ي ن"},{"Position":14,"AudioFileName":"019_064_014.mp3","TajweedImageFilePath":"19/64/14.png","Text":"ذَٰلِكَ ۚ","Translation":"that","Transliteration":"dhālika","Root":"ذ ل ك"},{"Position":15,"AudioFileName":"019_064_015.mp3","TajweedImageFilePath":"19/64/15.png","Text":"وَمَا","Translation":"And not","Transliteration":"wamā","Root":"م ا"},{"Position":16,"AudioFileName":"019_064_016.mp3","TajweedImageFilePath":"19/64/16.png","Text":"كَانَ","Translation":"is","Transliteration":"kāna","Root":"ك و ن"},{"Position":17,"AudioFileName":"019_064_017.mp3","TajweedImageFilePath":"19/64/17.png","Text":"رَبُّكَ","Translation":"your Lord","Transliteration":"rabbuka","Root":"ر ب ب"},{"Position":18,"AudioFileName":"019_064_018.mp3","TajweedImageFilePath":"19/64/18.png","Text":"نَسِيًّۭا","Translation":"forgetful","Transliteration":"nasiyyan","Root":"ن س ي"},{"Position":19,"AudioFileName":null,"TajweedImageFilePath":"64.png","Text":"٦٤","Translation":"(64)","Transliteration":null,"Root":null}],"PageNumber":309,"JuzNumber":16,"ManzilNumber":4,"RukuNumber":267,"MaqraNumber":124,"HizbNumber":31,"HizbDecimal":0.75,"HasSajda":false},{"SurahNumber":19,"SurahIndex":"019","VerseNumber":65,"ShowSurahName":false,"ShowBismillah":false,"Words":[{"Position":1,"AudioFileName":"019_065_001.mp3","TajweedImageFilePath":"19/65/1.png","Text":"رَّبُّ","Translation":"Lord","Transliteration":"rabbu","Root":"ر ب ب"},{"Position":2,"AudioFileName":"019_065_002.mp3","TajweedImageFilePath":"19/65/2.png","Text":"ٱلسَّمَـٰوَٰتِ","Translation":"(of) the heavens","Transliteration":"l-samāwāti","Root":"س م و"},{"Position":3,"AudioFileName":"019_065_003.mp3","TajweedImageFilePath":"19/65/3.png","Text":"وَٱلْأَرْضِ","Translation":"and the earth","Transliteration":"wal-arḍi","Root":"أ ر ض"},{"Position":4,"AudioFileName":"019_065_004.mp3","TajweedImageFilePath":"19/65/4.png","Text":"وَمَا","Translation":"and whatever","Transliteration":"wamā","Root":"م ا"},{"Position":5,"AudioFileName":"019_065_005.mp3","TajweedImageFilePath":"19/65/5.png","Text":"بَيْنَهُمَا","Translation":"(is) between both of them","Transliteration":"baynahumā","Root":"ب ي ن"},{"Position":6,"AudioFileName":"019_065_006.mp3","TajweedImageFilePath":"19/65/6.png","Text":"فَٱعْبُدْهُ","Translation":"so worship Him","Transliteration":"fa-uʿ'bud'hu","Root":"ع ب د"},{"Position":7,"AudioFileName":"019_065_007.mp3","TajweedImageFilePath":"19/65/7.png","Text":"وَٱصْطَبِرْ","Translation":"and be constant","Transliteration":"wa-iṣ'ṭabir","Root":"ص ب ر"},{"Position":8,"AudioFileName":"019_065_008.mp3","TajweedImageFilePath":"19/65/8.png","Text":"لِعِبَـٰدَتِهِۦ ۚ","Translation":"in His worship","Transliteration":"liʿibādatihi","Root":"ع ب د"},{"Position":9,"AudioFileName":"019_065_009.mp3","TajweedImageFilePath":"19/65/9.png","Text":"هَلْ","Translation":"Do","Transliteration":"hal","Root":"ه ل"},{"Position":10,"AudioFileName":"019_065_010.mp3","TajweedImageFilePath":"19/65/10.png","Text":"تَعْلَمُ","Translation":"you know","Transliteration":"taʿlamu","Root":"ع ل م"},{"Position":11,"AudioFileName":"019_065_011.mp3","TajweedImageFilePath":"19/65/11.png","Text":"لَهُۥ","Translation":"for Him","Transliteration":"lahu","Root":"ل"},{"Position":12,"AudioFileName":"019_065_012.mp3","TajweedImageFilePath":"19/65/12.png","Text":"سَمِيًّۭا","Translation":"any similarity","Transliteration":"samiyyan","Root":"س م و"},{"Position":13,"AudioFileName":null,"TajweedImageFilePath":"65.png","Text":"٦٥","Translation":"(65)","Transliteration":null,"Root":null}],"PageNumber":310,"JuzNumber":16,"ManzilNumber":4,"RukuNumber":267,"MaqraNumber":124,"HizbNumber":31,"HizbDecimal":0.75,"HasSajda":false},{"SurahNumber":19,"SurahIndex":"019","VerseNumber":66,"ShowSurahName":false,"ShowBismillah":false,"Words":[{"Position":1,"AudioFileName":"019_066_001.mp3","TajweedImageFilePath":"19/66/1.png","Text":"وَيَقُولُ","Translation":"And says","Transliteration":"wayaqūlu","Root":"ق و ل"},{"Position":2,"AudioFileName":"019_066_002.mp3","TajweedImageFilePath":"19/66/2.png","Text":"ٱلْإِنسَـٰنُ","Translation":"[the] man","Transliteration":"l-insānu","Root":"أ ن س"},{"Position":3,"AudioFileName":"019_066_003.mp3","TajweedImageFilePath":"19/66/3.png","Text":"أَءِذَا","Translation":"What! When","Transliteration":"a-idhā","Root":"إِذَا"},{"Position":4,"AudioFileName":"019_066_004.mp3","TajweedImageFilePath":"19/66/4.png","Text":"مَا","Translation":"What! When","Transliteration":"mā","Root":"م ا"},{"Position":5,"AudioFileName":"019_066_005.mp3","TajweedImageFilePath":"19/66/5.png","Text":"مِتُّ","Translation":"I am dead","Transliteration":"mittu","Root":"م و ت"},{"Position":6,"AudioFileName":"019_066_006.mp3","TajweedImageFilePath":"19/66/6.png","Text":"لَسَوْفَ","Translation":"surely will","Transliteration":"lasawfa","Root":"س و ف"},{"Position":7,"AudioFileName":"019_066_007.mp3","TajweedImageFilePath":"19/66/7.png","Text":"أُخْرَجُ","Translation":"I be brought forth","Transliteration":"ukh'raju","Root":"خ ر ج"},{"Position":8,"AudioFileName":"019_066_008.mp3","TajweedImageFilePath":"19/66/8.png","Text":"حَيًّا","Translation":"alive","Transliteration":"ḥayyan","Root":"ح ي ي"},{"Position":9,"AudioFileName":null,"TajweedImageFilePath":"66.png","Text":"٦٦","Translation":"(66)","Transliteration":null,"Root":null}],"PageNumber":310,"JuzNumber":16,"ManzilNumber":4,"RukuNumber":268,"MaqraNumber":124,"HizbNumber":31,"HizbDecimal":0.75,"HasSajda":false},{"SurahNumber":19,"SurahIndex":"019","VerseNumber":67,"ShowSurahName":false,"ShowBismillah":false,"Words":[{"Position":1,"AudioFileName":"019_067_001.mp3","TajweedImageFilePath":"19/67/1.png","Text":"أَوَلَا","Translation":"Does not","Transliteration":"awalā","Root":"ل ا"},{"Position":2,"AudioFileName":"019_067_002.mp3","TajweedImageFilePath":"19/67/2.png","Text":"يَذْكُرُ","Translation":"remember","Transliteration":"yadhkuru","Root":"ذ ك ر"},{"Position":3,"AudioFileName":"019_067_003.mp3","TajweedImageFilePath":"19/67/3.png","Text":"ٱلْإِنسَـٰنُ","Translation":"[the] man","Transliteration":"l-insānu","Root":"أ ن س"},{"Position":4,"AudioFileName":"019_067_004.mp3","TajweedImageFilePath":"19/67/4.png","Text":"أَنَّا","Translation":"that We","Transliteration":"annā","Root":"ا ن ن"},{"Position":5,"AudioFileName":"019_067_005.mp3","TajweedImageFilePath":"19/67/5.png","Text":"خَلَقْنَـٰهُ","Translation":"We created him","Transliteration":"khalaqnāhu","Root":"خ ل ق"},{"Position":6,"AudioFileName":"019_067_006.mp3","TajweedImageFilePath":"19/67/6.png","Text":"مِن","Translation":"before","Transliteration":"min","Root":"م ن"},{"Position":7,"AudioFileName":"019_067_007.mp3","TajweedImageFilePath":"19/67/7.png","Text":"قَبْلُ","Translation":"before","Transliteration":"qablu","Root":"ق ب ل"},{"Position":8,"AudioFileName":"019_067_008.mp3","TajweedImageFilePath":"19/67/8.png","Text":"وَلَمْ","Translation":"while not","Transliteration":"walam","Root":"ل م"},{"Position":9,"AudioFileName":"019_067_009.mp3","TajweedImageFilePath":"19/67/9.png","Text":"يَكُ","Translation":"he was","Transliteration":"yaku","Root":"ك و ن"},{"Position":10,"AudioFileName":"019_067_010.mp3","TajweedImageFilePath":"19/67/10.png","Text":"شَيْـًۭٔا","Translation":"anything","Transliteration":"shayan","Root":"ش ي أ"},{"Position":11,"AudioFileName":null,"TajweedImageFilePath":"67.png","Text":"٦٧","Translation":"(67)","Transliteration":null,"Root":null}],"PageNumber":310,"JuzNumber":16,"ManzilNumber":4,"RukuNumber":268,"MaqraNumber":124,"HizbNumber":31,"HizbDecimal":0.75,"HasSajda":false},{"SurahNumber":19,"SurahIndex":"019","VerseNumber":68,"ShowSurahName":false,"ShowBismillah":false,"Words":[{"Position":1,"AudioFileName":"019_068_001.mp3","TajweedImageFilePath":"19/68/1.png","Text":"فَوَرَبِّكَ","Translation":"So by your Lord","Transliteration":"fawarabbika","Root":"ر ب ب"},{"Position":2,"AudioFileName":"019_068_002.mp3","TajweedImageFilePath":"19/68/2.png","Text":"لَنَحْشُرَنَّهُمْ","Translation":"surely, We will gather them","Transliteration":"lanaḥshurannahum","Root":"ح ش ر"},{"Position":3,"AudioFileName":"019_068_003.mp3","TajweedImageFilePath":"19/68/3.png","Text":"وَٱلشَّيَـٰطِينَ","Translation":"and the devils","Transliteration":"wal-shayāṭīna","Root":"ش ط ن"},{"Position":4,"AudioFileName":"019_068_004.mp3","TajweedImageFilePath":"19/68/4.png","Text":"ثُمَّ","Translation":"then","Transliteration":"thumma","Root":"ث م م"},{"Position":5,"AudioFileName":"019_068_005.mp3","TajweedImageFilePath":"19/68/5.png","Text":"لَنُحْضِرَنَّهُمْ","Translation":"surely, We will bring them","Transliteration":"lanuḥ'ḍirannahum","Root":"ح ض ر"},{"Position":6,"AudioFileName":"019_068_006.mp3","TajweedImageFilePath":"19/68/6.png","Text":"حَوْلَ","Translation":"around","Transliteration":"ḥawla","Root":"ح و ل"},{"Position":7,"AudioFileName":"019_068_007.mp3","TajweedImageFilePath":"19/68/7.png","Text":"جَهَنَّمَ","Translation":"Hell","Transliteration":"jahannama","Root":"ج ه ن م"},{"Position":8,"AudioFileName":"019_068_008.mp3","TajweedImageFilePath":"19/68/8.png","Text":"جِثِيًّۭا","Translation":"bent (on) knees","Transliteration":"jithiyyan","Root":"ج ث و"},{"Position":9,"AudioFileName":null,"TajweedImageFilePath":"68.png","Text":"٦٨","Translation":"(68)","Transliteration":null,"Root":null}],"PageNumber":310,"JuzNumber":16,"ManzilNumber":4,"RukuNumber":268,"MaqraNumber":124,"HizbNumber":31,"HizbDecimal":0.75,"HasSajda":false},{"SurahNumber":19,"SurahIndex":"019","VerseNumber":69,"ShowSurahName":false,"ShowBismillah":false,"Words":[{"Position":1,"AudioFileName":"019_069_001.mp3","TajweedImageFilePath":"19/69/1.png","Text":"ثُمَّ","Translation":"Then","Transliteration":"thumma","Root":"ث م م"},{"Position":2,"AudioFileName":"019_069_002.mp3","TajweedImageFilePath":"19/69/2.png","Text":"لَنَنزِعَنَّ","Translation":"surely, We will drag out","Transliteration":"lananziʿanna","Root":"ن ز ع"},{"Position":3,"AudioFileName":"019_069_003.mp3","TajweedImageFilePath":"19/69/3.png","Text":"مِن","Translation":"from","Transliteration":"min","Root":"م ن"},{"Position":4,"AudioFileName":"019_069_004.mp3","TajweedImageFilePath":"19/69/4.png","Text":"كُلِّ","Translation":"every","Transliteration":"kulli","Root":"ك ل ل"},{"Position":5,"AudioFileName":"019_069_005.mp3","TajweedImageFilePath":"19/69/5.png","Text":"شِيعَةٍ","Translation":"sect","Transliteration":"shīʿatin","Root":"ش ي ع"},{"Position":6,"AudioFileName":"019_069_006.mp3","TajweedImageFilePath":"19/69/6.png","Text":"أَيُّهُمْ","Translation":"those of them","Transliteration":"ayyuhum","Root":"ا ى ى"},{"Position":7,"AudioFileName":"019_069_007.mp3","TajweedImageFilePath":"19/69/7.png","Text":"أَشَدُّ","Translation":"(who were) worst","Transliteration":"ashaddu","Root":"ش د د"},{"Position":8,"AudioFileName":"019_069_008.mp3","TajweedImageFilePath":"19/69/8.png","Text":"عَلَى","Translation":"against","Transliteration":"ʿalā","Root":"ع ل ى"},{"Position":9,"AudioFileName":"019_069_009.mp3","TajweedImageFilePath":"19/69/9.png","Text":"ٱلرَّحْمَـٰنِ","Translation":"the Most Gracious","Transliteration":"l-raḥmāni","Root":"ر ح م"},{"Position":10,"AudioFileName":"019_069_010.mp3","TajweedImageFilePath":"19/69/10.png","Text":"عِتِيًّۭا","Translation":"(in) rebellion","Transliteration":"ʿitiyyan","Root":"ع ت و"},{"Position":11,"AudioFileName":null,"TajweedImageFilePath":"69.png","Text":"٦٩","Translation":"(69)","Transliteration":null,"Root":null}],"PageNumber":310,"JuzNumber":16,"ManzilNumber":4,"RukuNumber":268,"MaqraNumber":124,"HizbNumber":31,"HizbDecimal":0.75,"HasSajda":false},{"SurahNumber":19,"SurahIndex":"019","VerseNumber":70,"ShowSurahName":false,"ShowBismillah":false,"Words":[{"Position":1,"AudioFileName":"019_070_001.mp3","TajweedImageFilePath":"19/70/1.png","Text":"ثُمَّ","Translation":"Then","Transliteration":"thumma","Root":"ث م م"},{"Position":2,"AudioFileName":"019_070_002.mp3","TajweedImageFilePath":"19/70/2.png","Text":"لَنَحْنُ","Translation":"surely, We","Transliteration":"lanaḥnu","Root":"ن ح ن"},{"Position":3,"AudioFileName":"019_070_003.mp3","TajweedImageFilePath":"19/70/3.png","Text":"أَعْلَمُ","Translation":"know best","Transliteration":"aʿlamu","Root":"ع ل م"},{"Position":4,"AudioFileName":"019_070_004.mp3","TajweedImageFilePath":"19/70/4.png","Text":"بِٱلَّذِينَ","Translation":"[of] those who","Transliteration":"bi-alladhīna","Root":"ٱلَّذِى"},{"Position":5,"AudioFileName":"019_070_005.mp3","TajweedImageFilePath":"19/70/5.png","Text":"هُمْ","Translation":"[they]","Transliteration":"hum","Root":"ه م"},{"Position":6,"AudioFileName":"019_070_006.mp3","TajweedImageFilePath":"19/70/6.png","Text":"أَوْلَىٰ","Translation":"(are) most worthy","Transliteration":"awlā","Root":"و ل ي"},{"Position":7,"AudioFileName":"019_070_007.mp3","TajweedImageFilePath":"19/70/7.png","Text":"بِهَا","Translation":"therein","Transliteration":"bihā","Root":"ب"},{"Position":8,"AudioFileName":"019_070_008.mp3","TajweedImageFilePath":"19/70/8.png","Text":"صِلِيًّۭا","Translation":"(of) being burnt","Transliteration":"ṣiliyyan","Root":"ص ل ي"},{"Position":9,"AudioFileName":null,"TajweedImageFilePath":"70.png","Text":"٧٠","Translation":"(70)","Transliteration":null,"Root":null}],"PageNumber":310,"JuzNumber":16,"ManzilNumber":4,"RukuNumber":268,"MaqraNumber":124,"HizbNumber":31,"HizbDecimal":0.75,"HasSajda":false},{"SurahNumber":19,"SurahIndex":"019","VerseNumber":71,"ShowSurahName":false,"ShowBismillah":false,"Words":[{"Position":1,"AudioFileName":"019_071_001.mp3","TajweedImageFilePath":"19/71/1.png","Text":"وَإِن","Translation":"And (there is) not","Transliteration":"wa-in","Root":"ا ن"},{"Position":2,"AudioFileName":"019_071_002.mp3","TajweedImageFilePath":"19/71/2.png","Text":"مِّنكُمْ","Translation":"(any) of you","Transliteration":"minkum","Root":"م ن"},{"Position":3,"AudioFileName":"019_071_003.mp3","TajweedImageFilePath":"19/71/3.png","Text":"إِلَّا","Translation":"but","Transliteration":"illā","Root":"إِلَّا"},{"Position":4,"AudioFileName":"019_071_004.mp3","TajweedImageFilePath":"19/71/4.png","Text":"وَارِدُهَا ۚ","Translation":"(will be) passing over it","Transliteration":"wāriduhā","Root":"و ر د"},{"Position":5,"AudioFileName":"019_071_005.mp3","TajweedImageFilePath":"19/71/5.png","Text":"كَانَ","Translation":"(This) is","Transliteration":"kāna","Root":"ك و ن"},{"Position":6,"AudioFileName":"019_071_006.mp3","TajweedImageFilePath":"19/71/6.png","Text":"عَلَىٰ","Translation":"upon","Transliteration":"ʿalā","Root":"ع ل ى"},{"Position":7,"AudioFileName":"019_071_007.mp3","TajweedImageFilePath":"19/71/7.png","Text":"رَبِّكَ","Translation":"your Lord","Transliteration":"rabbika","Root":"ر ب ب"},{"Position":8,"AudioFileName":"019_071_008.mp3","TajweedImageFilePath":"19/71/8.png","Text":"حَتْمًۭا","Translation":"an inevitability","Transliteration":"ḥatman","Root":"ح ت م"},{"Position":9,"AudioFileName":"019_071_009.mp3","TajweedImageFilePath":"19/71/9.png","Text":"مَّقْضِيًّۭا","Translation":"decreed","Transliteration":"maqḍiyyan","Root":"ق ض ي"},{"Position":10,"AudioFileName":null,"TajweedImageFilePath":"71.png","Text":"٧١","Translation":"(71)","Transliteration":null,"Root":null}],"PageNumber":310,"JuzNumber":16,"ManzilNumber":4,"RukuNumber":268,"MaqraNumber":124,"HizbNumber":31,"HizbDecimal":0.75,"HasSajda":false},{"SurahNumber":19,"SurahIndex":"019","VerseNumber":72,"ShowSurahName":false,"ShowBismillah":false,"Words":[{"Position":1,"AudioFileName":"019_072_001.mp3","TajweedImageFilePath":"19/72/1.png","Text":"ثُمَّ","Translation":"Then","Transliteration":"thumma","Root":"ث م م"},{"Position":2,"AudioFileName":"019_072_002.mp3","TajweedImageFilePath":"19/72/2.png","Text":"نُنَجِّى","Translation":"We will deliver","Transliteration":"nunajjī","Root":"ن ج و"},{"Position":3,"AudioFileName":"019_072_003.mp3","TajweedImageFilePath":"19/72/3.png","Text":"ٱلَّذِينَ","Translation":"those who","Transliteration":"alladhīna","Root":"ٱلَّذِى"},{"Position":4,"AudioFileName":"019_072_004.mp3","TajweedImageFilePath":"19/72/4.png","Text":"ٱتَّقَوا۟","Translation":"feared (Allah)","Transliteration":"ittaqaw","Root":"و ق ي"},{"Position":5,"AudioFileName":"019_072_005.mp3","TajweedImageFilePath":"19/72/5.png","Text":"وَّنَذَرُ","Translation":"and We will leave","Transliteration":"wanadharu","Root":"و ذ ر"},{"Position":6,"AudioFileName":"019_072_006.mp3","TajweedImageFilePath":"19/72/6.png","Text":"ٱلظَّـٰلِمِينَ","Translation":"the wrongdoers","Transliteration":"l-ẓālimīna","Root":"ظ ل م"},{"Position":7,"AudioFileName":"019_072_007.mp3","TajweedImageFilePath":"19/72/7.png","Text":"فِيهَا","Translation":"therein","Transliteration":"fīhā","Root":"ف ى"},{"Position":8,"AudioFileName":"019_072_008.mp3","TajweedImageFilePath":"19/72/8.png","Text":"جِثِيًّۭا","Translation":"bent (on) knees","Transliteration":"jithiyyan","Root":"ج ث و"},{"Position":9,"AudioFileName":null,"TajweedImageFilePath":"72.png","Text":"٧٢","Translation":"(72)","Transliteration":null,"Root":null}],"PageNumber":310,"JuzNumber":16,"ManzilNumber":4,"RukuNumber":268,"MaqraNumber":124,"HizbNumber":31,"HizbDecimal":0.75,"HasSajda":false},{"SurahNumber":19,"SurahIndex":"019","VerseNumber":73,"ShowSurahName":false,"ShowBismillah":false,"Words":[{"Position":1,"AudioFileName":"019_073_001.mp3","TajweedImageFilePath":"19/73/1.png","Text":"وَإِذَا","Translation":"And when","Transliteration":"wa-idhā","Root":"إِذَا"},{"Position":2,"AudioFileName":"019_073_002.mp3","TajweedImageFilePath":"19/73/2.png","Text":"تُتْلَىٰ","Translation":"are recited","Transliteration":"tut'lā","Root":"ت ل و"},{"Position":3,"AudioFileName":"019_073_003.mp3","TajweedImageFilePath":"19/73/3.png","Text":"عَلَيْهِمْ","Translation":"to them","Transliteration":"ʿalayhim","Root":"ع ل ى"},{"Position":4,"AudioFileName":"019_073_004.mp3","TajweedImageFilePath":"19/73/4.png","Text":"ءَايَـٰتُنَا","Translation":"Our Verses","Transliteration":"āyātunā","Root":"أ ي ي"},{"Position":5,"AudioFileName":"019_073_005.mp3","TajweedImageFilePath":"19/73/5.png","Text":"بَيِّنَـٰتٍۢ","Translation":"clear","Transliteration":"bayyinātin","Root":"ب ي ن"},{"Position":6,"AudioFileName":"019_073_006.mp3","TajweedImageFilePath":"19/73/6.png","Text":"قَالَ","Translation":"say","Transliteration":"qāla","Root":"ق و ل"},{"Position":7,"AudioFileName":"019_073_007.mp3","TajweedImageFilePath":"19/73/7.png","Text":"ٱلَّذِينَ","Translation":"those who","Transliteration":"alladhīna","Root":"ٱلَّذِى"},{"Position":8,"AudioFileName":"019_073_008.mp3","TajweedImageFilePath":"19/73/8.png","Text":"كَفَرُوا۟","Translation":"disbelieved","Transliteration":"kafarū","Root":"ك ف ر"},{"Position":9,"AudioFileName":"019_073_009.mp3","TajweedImageFilePath":"19/73/9.png","Text":"لِلَّذِينَ","Translation":"to those who","Transliteration":"lilladhīna","Root":"ٱلَّذِى"},{"Position":10,"AudioFileName":"019_073_010.mp3","TajweedImageFilePath":"19/73/10.png","Text":"ءَامَنُوٓا۟","Translation":"believed","Transliteration":"āmanū","Root":"أ م ن"},{"Position":11,"AudioFileName":"019_073_011.mp3","TajweedImageFilePath":"19/73/11.png","Text":"أَىُّ","Translation":"Which","Transliteration":"ayyu","Root":"ا ى ى"},{"Position":12,"AudioFileName":"019_073_012.mp3","TajweedImageFilePath":"19/73/12.png","Text":"ٱلْفَرِيقَيْنِ","Translation":"(of) the two groups","Transliteration":"l-farīqayni","Root":"ف ر ق"},{"Position":13,"AudioFileName":"019_073_013.mp3","TajweedImageFilePath":"19/73/13.png","Text":"خَيْرٌۭ","Translation":"(is) better","Transliteration":"khayrun","Root":"خ ي ر"},{"Position":14,"AudioFileName":"019_073_014.mp3","TajweedImageFilePath":"19/73/14.png","Text":"مَّقَامًۭا","Translation":"(in) position","Transliteration":"maqāman","Root":"ق و م"},{"Position":15,"AudioFileName":"019_073_015.mp3","TajweedImageFilePath":"19/73/15.png","Text":"وَأَحْسَنُ","Translation":"and best","Transliteration":"wa-aḥsanu","Root":"ح س ن"},{"Position":16,"AudioFileName":"019_073_016.mp3","TajweedImageFilePath":"19/73/16.png","Text":"نَدِيًّۭا","Translation":"(in) assembly","Transliteration":"nadiyyan","Root":"ن د و"},{"Position":17,"AudioFileName":null,"TajweedImageFilePath":"73.png","Text":"٧٣","Translation":"(73)","Transliteration":null,"Root":null}],"PageNumber":310,"JuzNumber":16,"ManzilNumber":4,"RukuNumber":268,"MaqraNumber":124,"HizbNumber":31,"HizbDecimal":0.75,"HasSajda":false},{"SurahNumber":19,"SurahIndex":"019","VerseNumber":74,"ShowSurahName":false,"ShowBismillah":false,"Words":[{"Position":1,"AudioFileName":"019_074_001.mp3","TajweedImageFilePath":"19/74/1.png","Text":"وَكَمْ","Translation":"And how many","Transliteration":"wakam","Root":"ك م"},{"Position":2,"AudioFileName":"019_074_002.mp3","TajweedImageFilePath":"19/74/2.png","Text":"أَهْلَكْنَا","Translation":"We destroyed","Transliteration":"ahlaknā","Root":"ه ل ك"},{"Position":3,"AudioFileName":"019_074_003.mp3","TajweedImageFilePath":"19/74/3.png","Text":"قَبْلَهُم","Translation":"before them","Transliteration":"qablahum","Root":"ق ب ل"},{"Position":4,"AudioFileName":"019_074_004.mp3","TajweedImageFilePath":"19/74/4.png","Text":"مِّن","Translation":"of","Transliteration":"min","Root":"م ن"},{"Position":5,"AudioFileName":"019_074_005.mp3","TajweedImageFilePath":"19/74/5.png","Text":"قَرْنٍ","Translation":"a generation ","Transliteration":"qarnin","Root":"ق ر ن"},{"Position":6,"AudioFileName":"019_074_006.mp3","TajweedImageFilePath":"19/74/6.png","Text":"هُمْ","Translation":"they","Transliteration":"hum","Root":"ه م"},{"Position":7,"AudioFileName":"019_074_007.mp3","TajweedImageFilePath":"19/74/7.png","Text":"أَحْسَنُ","Translation":"(were) better","Transliteration":"aḥsanu","Root":"ح س ن"},{"Position":8,"AudioFileName":"019_074_008.mp3","TajweedImageFilePath":"19/74/8.png","Text":"أَثَـٰثًۭا","Translation":"(in) possessions","Transliteration":"athāthan","Root":"أ ث ث"},{"Position":9,"AudioFileName":"019_074_009.mp3","TajweedImageFilePath":"19/74/9.png","Text":"وَرِءْيًۭا","Translation":"and appearance","Transliteration":"wari'yan","Root":"ر أ ي"},{"Position":10,"AudioFileName":null,"TajweedImageFilePath":"74.png","Text":"٧٤","Translation":"(74)","Transliteration":null,"Root":null}],"PageNumber":310,"JuzNumber":16,"ManzilNumber":4,"RukuNumber":268,"MaqraNumber":124,"HizbNumber":31,"HizbDecimal":0.75,"HasSajda":false},{"SurahNumber":19,"SurahIndex":"019","VerseNumber":75,"ShowSurahName":false,"ShowBismillah":false,"Words":[{"Position":1,"AudioFileName":"019_075_001.mp3","TajweedImageFilePath":"19/75/1.png","Text":"قُلْ","Translation":"Say","Transliteration":"qul","Root":"ق و ل"},{"Position":2,"AudioFileName":"019_075_002.mp3","TajweedImageFilePath":"19/75/2.png","Text":"مَن","Translation":"Whoever","Transliteration":"man","Root":"م ن"},{"Position":3,"AudioFileName":"019_075_003.mp3","TajweedImageFilePath":"19/75/3.png","Text":"كَانَ","Translation":"is","Transliteration":"kāna","Root":"ك و ن"},{"Position":4,"AudioFileName":"019_075_004.mp3","TajweedImageFilePath":"19/75/4.png","Text":"فِى","Translation":"in","Transliteration":"fī","Root":"ف ى"},{"Position":5,"AudioFileName":"019_075_005.mp3","TajweedImageFilePath":"19/75/5.png","Text":"ٱلضَّلَـٰلَةِ","Translation":"[the] error","Transliteration":"l-ḍalālati","Root":"ض ل ل"},{"Position":6,"AudioFileName":"019_075_006.mp3","TajweedImageFilePath":"19/75/6.png","Text":"فَلْيَمْدُدْ","Translation":"then surely will extend","Transliteration":"falyamdud","Root":"م د د"},{"Position":7,"AudioFileName":"019_075_007.mp3","TajweedImageFilePath":"19/75/7.png","Text":"لَهُ","Translation":"for him","Transliteration":"lahu","Root":"ل"},{"Position":8,"AudioFileName":"019_075_008.mp3","TajweedImageFilePath":"19/75/8.png","Text":"ٱلرَّحْمَـٰنُ","Translation":"the Most Gracious","Transliteration":"l-raḥmānu","Root":"ر ح م"},{"Position":9,"AudioFileName":"019_075_009.mp3","TajweedImageFilePath":"19/75/9.png","Text":"مَدًّا ۚ","Translation":"an extension","Transliteration":"maddan","Root":"م د د"},{"Position":10,"AudioFileName":"019_075_010.mp3","TajweedImageFilePath":"19/75/10.png","Text":"حَتَّىٰٓ","Translation":"until","Transliteration":"ḥattā","Root":"ح ت ت ى"},{"Position":11,"AudioFileName":"019_075_011.mp3","TajweedImageFilePath":"19/75/11.png","Text":"إِذَا","Translation":"when","Transliteration":"idhā","Root":"إِذَا"},{"Position":12,"AudioFileName":"019_075_012.mp3","TajweedImageFilePath":"19/75/12.png","Text":"رَأَوْا۟","Translation":"they see","Transliteration":"ra-aw","Root":"ر أ ي"},{"Position":13,"AudioFileName":"019_075_013.mp3","TajweedImageFilePath":"19/75/13.png","Text":"مَا","Translation":"what","Transliteration":"mā","Root":"م ا"},{"Position":14,"AudioFileName":"019_075_014.mp3","TajweedImageFilePath":"19/75/14.png","Text":"يُوعَدُونَ","Translation":"they were promised","Transliteration":"yūʿadūna","Root":"و ع د"},{"Position":15,"AudioFileName":"019_075_015.mp3","TajweedImageFilePath":"19/75/15.png","Text":"إِمَّا","Translation":"either","Transliteration":"immā","Root":"إِمَّا"},{"Position":16,"AudioFileName":"019_075_016.mp3","TajweedImageFilePath":"19/75/16.png","Text":"ٱلْعَذَابَ","Translation":"the punishment","Transliteration":"l-ʿadhāba","Root":"ع ذ ب"},{"Position":17,"AudioFileName":"019_075_017.mp3","TajweedImageFilePath":"19/75/17.png","Text":"وَإِمَّا","Translation":"or","Transliteration":"wa-immā","Root":"إِمَّا"},{"Position":18,"AudioFileName":"019_075_018.mp3","TajweedImageFilePath":"19/75/18.png","Text":"ٱلسَّاعَةَ","Translation":"the Hour","Transliteration":"l-sāʿata","Root":"س و ع"},{"Position":19,"AudioFileName":"019_075_019.mp3","TajweedImageFilePath":"19/75/19.png","Text":"فَسَيَعْلَمُونَ","Translation":"then they will know","Transliteration":"fasayaʿlamūna","Root":"ع ل م"},{"Position":20,"AudioFileName":"019_075_020.mp3","TajweedImageFilePath":"19/75/20.png","Text":"مَنْ","Translation":"who","Transliteration":"man","Root":"م ن"},{"Position":21,"AudioFileName":"019_075_021.mp3","TajweedImageFilePath":"19/75/21.png","Text":"هُوَ","Translation":"[he]","Transliteration":"huwa","Root":"ه و"},{"Position":22,"AudioFileName":"019_075_022.mp3","TajweedImageFilePath":"19/75/22.png","Text":"شَرٌّۭ","Translation":"(is) worst","Transliteration":"sharrun","Root":"ش ر ر"},{"Position":23,"AudioFileName":"019_075_023.mp3","TajweedImageFilePath":"19/75/23.png","Text":"مَّكَانًۭا","Translation":"(in) position","Transliteration":"makānan","Root":"ك و ن"},{"Position":24,"AudioFileName":"019_075_024.mp3","TajweedImageFilePath":"19/75/24.png","Text":"وَأَضْعَفُ","Translation":"and weaker","Transliteration":"wa-aḍʿafu","Root":"ض ع ف"},{"Position":25,"AudioFileName":"019_075_025.mp3","TajweedImageFilePath":"19/75/25.png","Text":"جُندًۭا","Translation":"(in) forces","Transliteration":"jundan","Root":"ج ن د"},{"Position":26,"AudioFileName":null,"TajweedImageFilePath":"75.png","Text":"٧٥","Translation":"(75)","Transliteration":null,"Root":null}],"PageNumber":310,"JuzNumber":16,"ManzilNumber":4,"RukuNumber":268,"MaqraNumber":124,"HizbNumber":31,"HizbDecimal":0.75,"HasSajda":false},{"SurahNumber":19,"SurahIndex":"019","VerseNumber":76,"ShowSurahName":false,"ShowBismillah":false,"Words":[{"Position":1,"AudioFileName":"019_076_001.mp3","TajweedImageFilePath":"19/76/1.png","Text":"وَيَزِيدُ","Translation":"And Allah increases","Transliteration":"wayazīdu","Root":"ز ي د"},{"Position":2,"AudioFileName":"019_076_002.mp3","TajweedImageFilePath":"19/76/2.png","Text":"ٱللَّهُ","Translation":"And Allah increases","Transliteration":"l-lahu","Root":"أ ل ه"},{"Position":3,"AudioFileName":"019_076_003.mp3","TajweedImageFilePath":"19/76/3.png","Text":"ٱلَّذِينَ","Translation":"those who","Transliteration":"alladhīna","Root":"ٱلَّذِى"},{"Position":4,"AudioFileName":"019_076_004.mp3","TajweedImageFilePath":"19/76/4.png","Text":"ٱهْتَدَوْا۟","Translation":"accept guidance","Transliteration":"ih'tadaw","Root":"ه د ي"},{"Position":5,"AudioFileName":"019_076_005.mp3","TajweedImageFilePath":"19/76/5.png","Text":"هُدًۭى ۗ","Translation":"(in) guidance","Transliteration":"hudan","Root":"ه د ي"},{"Position":6,"AudioFileName":"019_076_006.mp3","TajweedImageFilePath":"19/76/6.png","Text":"وَٱلْبَـٰقِيَـٰتُ","Translation":"And the everlasting","Transliteration":"wal-bāqiyātu","Root":"ب ق ي"},{"Position":7,"AudioFileName":"019_076_007.mp3","TajweedImageFilePath":"19/76/7.png","Text":"ٱلصَّـٰلِحَـٰتُ","Translation":"good deeds","Transliteration":"l-ṣāliḥātu","Root":"ص ل ح"},{"Position":8,"AudioFileName":"019_076_008.mp3","TajweedImageFilePath":"19/76/8.png","Text":"خَيْرٌ","Translation":"(are) better","Transliteration":"khayrun","Root":"خ ي ر"},{"Position":9,"AudioFileName":"019_076_009.mp3","TajweedImageFilePath":"19/76/9.png","Text":"عِندَ","Translation":"near","Transliteration":"ʿinda","Root":"ع ن د"},{"Position":10,"AudioFileName":"019_076_010.mp3","TajweedImageFilePath":"19/76/10.png","Text":"رَبِّكَ","Translation":"your Lord","Transliteration":"rabbika","Root":"ر ب ب"},{"Position":11,"AudioFileName":"019_076_011.mp3","TajweedImageFilePath":"19/76/11.png","Text":"ثَوَابًۭا","Translation":"(for) reward","Transliteration":"thawāban","Root":"ث و ب"},{"Position":12,"AudioFileName":"019_076_012.mp3","TajweedImageFilePath":"19/76/12.png","Text":"وَخَيْرٌۭ","Translation":"and better","Transliteration":"wakhayrun","Root":"خ ي ر"},{"Position":13,"AudioFileName":"019_076_013.mp3","TajweedImageFilePath":"19/76/13.png","Text":"مَّرَدًّا","Translation":"(for) return","Transliteration":"maraddan","Root":"ر د د"},{"Position":14,"AudioFileName":null,"TajweedImageFilePath":"76.png","Text":"٧٦","Translation":"(76)","Transliteration":null,"Root":null}],"PageNumber":310,"JuzNumber":16,"ManzilNumber":4,"RukuNumber":268,"MaqraNumber":124,"HizbNumber":31,"HizbDecimal":0.75,"HasSajda":false},{"SurahNumber":19,"SurahIndex":"019","VerseNumber":77,"ShowSurahName":false,"ShowBismillah":false,"Words":[{"Position":1,"AudioFileName":"019_077_001.mp3","TajweedImageFilePath":"19/77/1.png","Text":"أَفَرَءَيْتَ","Translation":"Then, have you seen","Transliteration":"afara-ayta","Root":"ر أ ي"},{"Position":2,"AudioFileName":"019_077_002.mp3","TajweedImageFilePath":"19/77/2.png","Text":"ٱلَّذِى","Translation":"he who","Transliteration":"alladhī","Root":"ٱلَّذِى"},{"Position":3,"AudioFileName":"019_077_003.mp3","TajweedImageFilePath":"19/77/3.png","Text":"كَفَرَ","Translation":"disbelieved","Transliteration":"kafara","Root":"ك ف ر"},{"Position":4,"AudioFileName":"019_077_004.mp3","TajweedImageFilePath":"19/77/4.png","Text":"بِـَٔايَـٰتِنَا","Translation":"in Our Verses","Transliteration":"biāyātinā","Root":"أ ي ي"},{"Position":5,"AudioFileName":"019_077_005.mp3","TajweedImageFilePath":"19/77/5.png","Text":"وَقَالَ","Translation":"and said","Transliteration":"waqāla","Root":"ق و ل"},{"Position":6,"AudioFileName":"019_077_006.mp3","TajweedImageFilePath":"19/77/6.png","Text":"لَأُوتَيَنَّ","Translation":"Surely, I will be given","Transliteration":"laūtayanna","Root":"أ ت ي"},{"Position":7,"AudioFileName":"019_077_007.mp3","TajweedImageFilePath":"19/77/7.png","Text":"مَالًۭا","Translation":"wealth","Transliteration":"mālan","Root":"م و ل"},{"Position":8,"AudioFileName":"019_077_008.mp3","TajweedImageFilePath":"19/77/8.png","Text":"وَوَلَدًا","Translation":"and children","Transliteration":"wawaladan","Root":"و ل د"},{"Position":9,"AudioFileName":null,"TajweedImageFilePath":"77.png","Text":"٧٧","Translation":"(77)","Transliteration":null,"Root":null}],"PageNumber":311,"JuzNumber":16,"ManzilNumber":4,"RukuNumber":268,"MaqraNumber":124,"HizbNumber":31,"HizbDecimal":0.75,"HasSajda":false},{"SurahNumber":19,"SurahIndex":"019","VerseNumber":78,"ShowSurahName":false,"ShowBismillah":false,"Words":[{"Position":1,"AudioFileName":"019_078_001.mp3","TajweedImageFilePath":"19/78/1.png","Text":"أَطَّلَعَ","Translation":"Has he looked","Transliteration":"aṭṭalaʿa","Root":"ط ل ع"},{"Position":2,"AudioFileName":"019_078_002.mp3","TajweedImageFilePath":"19/78/2.png","Text":"ٱلْغَيْبَ","Translation":"(into) the unseen","Transliteration":"l-ghayba","Root":"غ ي ب"},{"Position":3,"AudioFileName":"019_078_003.mp3","TajweedImageFilePath":"19/78/3.png","Text":"أَمِ","Translation":"or","Transliteration":"ami","Root":"أَم"},{"Position":4,"AudioFileName":"019_078_004.mp3","TajweedImageFilePath":"19/78/4.png","Text":"ٱتَّخَذَ","Translation":"has he taken","Transliteration":"ittakhadha","Root":"أ خ ذ"},{"Position":5,"AudioFileName":"019_078_005.mp3","TajweedImageFilePath":"19/78/5.png","Text":"عِندَ","Translation":"from","Transliteration":"ʿinda","Root":"ع ن د"},{"Position":6,"AudioFileName":"019_078_006.mp3","TajweedImageFilePath":"19/78/6.png","Text":"ٱلرَّحْمَـٰنِ","Translation":"the Most Gracious","Transliteration":"l-raḥmāni","Root":"ر ح م"},{"Position":7,"AudioFileName":"019_078_007.mp3","TajweedImageFilePath":"19/78/7.png","Text":"عَهْدًۭا","Translation":"a promise","Transliteration":"ʿahdan","Root":"ع ه د"},{"Position":8,"AudioFileName":null,"TajweedImageFilePath":"78.png","Text":"٧٨","Translation":"(78)","Transliteration":null,"Root":null}],"PageNumber":311,"JuzNumber":16,"ManzilNumber":4,"RukuNumber":268,"MaqraNumber":124,"HizbNumber":31,"HizbDecimal":0.75,"HasSajda":false},{"SurahNumber":19,"SurahIndex":"019","VerseNumber":79,"ShowSurahName":false,"ShowBismillah":false,"Words":[{"Position":1,"AudioFileName":"019_079_001.mp3","TajweedImageFilePath":"19/79/1.png","Text":"كَلَّا ۚ","Translation":"Nay","Transliteration":"kallā","Root":"ك ل ل"},{"Position":2,"AudioFileName":"019_079_002.mp3","TajweedImageFilePath":"19/79/2.png","Text":"سَنَكْتُبُ","Translation":"We will record","Transliteration":"sanaktubu","Root":"ك ت ب"},{"Position":3,"AudioFileName":"019_079_003.mp3","TajweedImageFilePath":"19/79/3.png","Text":"مَا","Translation":"what","Transliteration":"mā","Root":"م ا"},{"Position":4,"AudioFileName":"019_079_004.mp3","TajweedImageFilePath":"19/79/4.png","Text":"يَقُولُ","Translation":"he says","Transliteration":"yaqūlu","Root":"ق و ل"},{"Position":5,"AudioFileName":"019_079_005.mp3","TajweedImageFilePath":"19/79/5.png","Text":"وَنَمُدُّ","Translation":"and We will extend","Transliteration":"wanamuddu","Root":"م د د"},{"Position":6,"AudioFileName":"019_079_006.mp3","TajweedImageFilePath":"19/79/6.png","Text":"لَهُۥ","Translation":"for him","Transliteration":"lahu","Root":"ل"},{"Position":7,"AudioFileName":"019_079_007.mp3","TajweedImageFilePath":"19/79/7.png","Text":"مِنَ","Translation":"from","Transliteration":"mina","Root":"م ن"},{"Position":8,"AudioFileName":"019_079_008.mp3","TajweedImageFilePath":"19/79/8.png","Text":"ٱلْعَذَابِ","Translation":"the punishment","Transliteration":"l-ʿadhābi","Root":"ع ذ ب"},{"Position":9,"AudioFileName":"019_079_009.mp3","TajweedImageFilePath":"19/79/9.png","Text":"مَدًّۭا","Translation":"extensively","Transliteration":"maddan","Root":"م د د"},{"Position":10,"AudioFileName":null,"TajweedImageFilePath":"79.png","Text":"٧٩","Translation":"(79)","Transliteration":null,"Root":null}],"PageNumber":311,"JuzNumber":16,"ManzilNumber":4,"RukuNumber":268,"MaqraNumber":124,"HizbNumber":31,"HizbDecimal":0.75,"HasSajda":false},{"SurahNumber":19,"SurahIndex":"019","VerseNumber":80,"ShowSurahName":false,"ShowBismillah":false,"Words":[{"Position":1,"AudioFileName":"019_080_001.mp3","TajweedImageFilePath":"19/80/1.png","Text":"وَنَرِثُهُۥ","Translation":"And We will inherit (from) him","Transliteration":"wanarithuhu","Root":"و ر ث"},{"Position":2,"AudioFileName":"019_080_002.mp3","TajweedImageFilePath":"19/80/2.png","Text":"مَا","Translation":"what","Transliteration":"mā","Root":"م ا"},{"Position":3,"AudioFileName":"019_080_003.mp3","TajweedImageFilePath":"19/80/3.png","Text":"يَقُولُ","Translation":"he says","Transliteration":"yaqūlu","Root":"ق و ل"},{"Position":4,"AudioFileName":"019_080_004.mp3","TajweedImageFilePath":"19/80/4.png","Text":"وَيَأْتِينَا","Translation":"and he will come to Us","Transliteration":"wayatīnā","Root":"أ ت ي"},{"Position":5,"AudioFileName":"019_080_005.mp3","TajweedImageFilePath":"19/80/5.png","Text":"فَرْدًۭا","Translation":"alone","Transliteration":"fardan","Root":"ف ر د"},{"Position":6,"AudioFileName":null,"TajweedImageFilePath":"80.png","Text":"٨٠","Translation":"(80)","Transliteration":null,"Root":null}],"PageNumber":311,"JuzNumber":16,"ManzilNumber":4,"RukuNumber":268,"MaqraNumber":124,"HizbNumber":31,"HizbDecimal":0.75,"HasSajda":false},{"SurahNumber":19,"SurahIndex":"019","VerseNumber":81,"ShowSurahName":false,"ShowBismillah":false,"Words":[{"Position":1,"AudioFileName":"019_081_001.mp3","TajweedImageFilePath":"19/81/1.png","Text":"وَٱتَّخَذُوا۟","Translation":"And they have taken","Transliteration":"wa-ittakhadhū","Root":"أ خ ذ"},{"Position":2,"AudioFileName":"019_081_002.mp3","TajweedImageFilePath":"19/81/2.png","Text":"مِن","Translation":"besides Allah","Transliteration":"min","Root":"م ن"},{"Position":3,"AudioFileName":"019_081_003.mp3","TajweedImageFilePath":"19/81/3.png","Text":"دُونِ","Translation":"besides Allah","Transliteration":"dūni","Root":"د و ن"},{"Position":4,"AudioFileName":"019_081_004.mp3","TajweedImageFilePath":"19/81/4.png","Text":"ٱللَّهِ","Translation":"besides Allah","Transliteration":"l-lahi","Root":"أ ل ه"},{"Position":5,"AudioFileName":"019_081_005.mp3","TajweedImageFilePath":"19/81/5.png","Text":"ءَالِهَةًۭ","Translation":"gods","Transliteration":"ālihatan","Root":"أ ل ه"},{"Position":6,"AudioFileName":"019_081_006.mp3","TajweedImageFilePath":"19/81/6.png","Text":"لِّيَكُونُوا۟","Translation":"that they may be","Transliteration":"liyakūnū","Root":"ك و ن"},{"Position":7,"AudioFileName":"019_081_007.mp3","TajweedImageFilePath":"19/81/7.png","Text":"لَهُمْ","Translation":"for them","Transliteration":"lahum","Root":"ل"},{"Position":8,"AudioFileName":"019_081_008.mp3","TajweedImageFilePath":"19/81/8.png","Text":"عِزًّۭا","Translation":"an honor","Transliteration":"ʿizzan","Root":"ع ز ز"},{"Position":9,"AudioFileName":null,"TajweedImageFilePath":"81.png","Text":"٨١","Translation":"(81)","Transliteration":null,"Root":null}],"PageNumber":311,"JuzNumber":16,"ManzilNumber":4,"RukuNumber":268,"MaqraNumber":124,"HizbNumber":31,"HizbDecimal":0.75,"HasSajda":false},{"SurahNumber":19,"SurahIndex":"019","VerseNumber":82,"ShowSurahName":false,"ShowBismillah":false,"Words":[{"Position":1,"AudioFileName":"019_082_001.mp3","TajweedImageFilePath":"19/82/1.png","Text":"كَلَّا ۚ","Translation":"Nay","Transliteration":"kallā","Root":"ك ل ل"},{"Position":2,"AudioFileName":"019_082_002.mp3","TajweedImageFilePath":"19/82/2.png","Text":"سَيَكْفُرُونَ","Translation":"they will deny","Transliteration":"sayakfurūna","Root":"ك ف ر"},{"Position":3,"AudioFileName":"019_082_003.mp3","TajweedImageFilePath":"19/82/3.png","Text":"بِعِبَادَتِهِمْ","Translation":"their worship (of them)","Transliteration":"biʿibādatihim","Root":"ع ب د"},{"Position":4,"AudioFileName":"019_082_004.mp3","TajweedImageFilePath":"19/82/4.png","Text":"وَيَكُونُونَ","Translation":"and they will be","Transliteration":"wayakūnūna","Root":"ك و ن"},{"Position":5,"AudioFileName":"019_082_005.mp3","TajweedImageFilePath":"19/82/5.png","Text":"عَلَيْهِمْ","Translation":"against them","Transliteration":"ʿalayhim","Root":"ع ل ى"},{"Position":6,"AudioFileName":"019_082_006.mp3","TajweedImageFilePath":"19/82/6.png","Text":"ضِدًّا","Translation":"opponents","Transliteration":"ḍiddan","Root":"ض د د"},{"Position":7,"AudioFileName":null,"TajweedImageFilePath":"82.png","Text":"٨٢","Translation":"(82)","Transliteration":null,"Root":null}],"PageNumber":311,"JuzNumber":16,"ManzilNumber":4,"RukuNumber":268,"MaqraNumber":124,"HizbNumber":31,"HizbDecimal":0.75,"HasSajda":false},{"SurahNumber":19,"SurahIndex":"019","VerseNumber":83,"ShowSurahName":false,"ShowBismillah":false,"Words":[{"Position":1,"AudioFileName":"019_083_001.mp3","TajweedImageFilePath":"19/83/1.png","Text":"أَلَمْ","Translation":"Do not","Transliteration":"alam","Root":"ل م"},{"Position":2,"AudioFileName":"019_083_002.mp3","TajweedImageFilePath":"19/83/2.png","Text":"تَرَ","Translation":"you see","Transliteration":"tara","Root":"ر أ ي"},{"Position":3,"AudioFileName":"019_083_003.mp3","TajweedImageFilePath":"19/83/3.png","Text":"أَنَّآ","Translation":"that We","Transliteration":"annā","Root":"ا ن ن"},{"Position":4,"AudioFileName":"019_083_004.mp3","TajweedImageFilePath":"19/83/4.png","Text":"أَرْسَلْنَا","Translation":"[We] have sent","Transliteration":"arsalnā","Root":"ر س ل"},{"Position":5,"AudioFileName":"019_083_005.mp3","TajweedImageFilePath":"19/83/5.png","Text":"ٱلشَّيَـٰطِينَ","Translation":"the devils","Transliteration":"l-shayāṭīna","Root":"ش ط ن"},{"Position":6,"AudioFileName":"019_083_006.mp3","TajweedImageFilePath":"19/83/6.png","Text":"عَلَى","Translation":"upon","Transliteration":"ʿalā","Root":"ع ل ى"},{"Position":7,"AudioFileName":"019_083_007.mp3","TajweedImageFilePath":"19/83/7.png","Text":"ٱلْكَـٰفِرِينَ","Translation":"the disbelievers","Transliteration":"l-kāfirīna","Root":"ك ف ر"},{"Position":8,"AudioFileName":"019_083_008.mp3","TajweedImageFilePath":"19/83/8.png","Text":"تَؤُزُّهُمْ","Translation":"inciting them","Transliteration":"ta-uzzuhum","Root":"أ ز ز"},{"Position":9,"AudioFileName":"019_083_009.mp3","TajweedImageFilePath":"19/83/9.png","Text":"أَزًّۭا","Translation":"(with) incitement","Transliteration":"azzan","Root":"أ ز ز"},{"Position":10,"AudioFileName":null,"TajweedImageFilePath":"83.png","Text":"٨٣","Translation":"(83)","Transliteration":null,"Root":null}],"PageNumber":311,"JuzNumber":16,"ManzilNumber":4,"RukuNumber":269,"MaqraNumber":124,"HizbNumber":31,"HizbDecimal":0.75,"HasSajda":false},{"SurahNumber":19,"SurahIndex":"019","VerseNumber":84,"ShowSurahName":false,"ShowBismillah":false,"Words":[{"Position":1,"AudioFileName":"019_084_001.mp3","TajweedImageFilePath":"19/84/1.png","Text":"فَلَا","Translation":"So (do) not","Transliteration":"falā","Root":"ل ا"},{"Position":2,"AudioFileName":"019_084_002.mp3","TajweedImageFilePath":"19/84/2.png","Text":"تَعْجَلْ","Translation":"make haste","Transliteration":"taʿjal","Root":"ع ج ل"},{"Position":3,"AudioFileName":"019_084_003.mp3","TajweedImageFilePath":"19/84/3.png","Text":"عَلَيْهِمْ ۖ","Translation":"against them","Transliteration":"ʿalayhim","Root":"ع ل ى"},{"Position":4,"AudioFileName":"019_084_004.mp3","TajweedImageFilePath":"19/84/4.png","Text":"إِنَّمَا","Translation":"Only","Transliteration":"innamā","Root":"ا ن ن م ا"},{"Position":5,"AudioFileName":"019_084_005.mp3","TajweedImageFilePath":"19/84/5.png","Text":"نَعُدُّ","Translation":"We count","Transliteration":"naʿuddu","Root":"ع د د"},{"Position":6,"AudioFileName":"019_084_006.mp3","TajweedImageFilePath":"19/84/6.png","Text":"لَهُمْ","Translation":"for them","Transliteration":"lahum","Root":"ل"},{"Position":7,"AudioFileName":"019_084_007.mp3","TajweedImageFilePath":"19/84/7.png","Text":"عَدًّۭا","Translation":"a number","Transliteration":"ʿaddan","Root":"ع د د"},{"Position":8,"AudioFileName":null,"TajweedImageFilePath":"84.png","Text":"٨٤","Translation":"(84)","Transliteration":null,"Root":null}],"PageNumber":311,"JuzNumber":16,"ManzilNumber":4,"RukuNumber":269,"MaqraNumber":124,"HizbNumber":31,"HizbDecimal":0.75,"HasSajda":false},{"SurahNumber":19,"SurahIndex":"019","VerseNumber":85,"ShowSurahName":false,"ShowBismillah":false,"Words":[{"Position":1,"AudioFileName":"019_085_001.mp3","TajweedImageFilePath":"19/85/1.png","Text":"يَوْمَ","Translation":"(The) Day","Transliteration":"yawma","Root":"ي و م"},{"Position":2,"AudioFileName":"019_085_002.mp3","TajweedImageFilePath":"19/85/2.png","Text":"نَحْشُرُ","Translation":"We will gather","Transliteration":"naḥshuru","Root":"ح ش ر"},{"Position":3,"AudioFileName":"019_085_003.mp3","TajweedImageFilePath":"19/85/3.png","Text":"ٱلْمُتَّقِينَ","Translation":"the righteous","Transliteration":"l-mutaqīna","Root":"و ق ي"},{"Position":4,"AudioFileName":"019_085_004.mp3","TajweedImageFilePath":"19/85/4.png","Text":"إِلَى","Translation":"to","Transliteration":"ilā","Root":"إِلَىٰ"},{"Position":5,"AudioFileName":"019_085_005.mp3","TajweedImageFilePath":"19/85/5.png","Text":"ٱلرَّحْمَـٰنِ","Translation":"the Most Gracious","Transliteration":"l-raḥmāni","Root":"ر ح م"},{"Position":6,"AudioFileName":"019_085_006.mp3","TajweedImageFilePath":"19/85/6.png","Text":"وَفْدًۭا","Translation":"(as) a delegation","Transliteration":"wafdan","Root":"و ف د"},{"Position":7,"AudioFileName":null,"TajweedImageFilePath":"85.png","Text":"٨٥","Translation":"(85)","Transliteration":null,"Root":null}],"PageNumber":311,"JuzNumber":16,"ManzilNumber":4,"RukuNumber":269,"MaqraNumber":124,"HizbNumber":31,"HizbDecimal":0.75,"HasSajda":false},{"SurahNumber":19,"SurahIndex":"019","VerseNumber":86,"ShowSurahName":false,"ShowBismillah":false,"Words":[{"Position":1,"AudioFileName":"019_086_001.mp3","TajweedImageFilePath":"19/86/1.png","Text":"وَنَسُوقُ","Translation":"And We will drive","Transliteration":"wanasūqu","Root":"س و ق"},{"Position":2,"AudioFileName":"019_086_002.mp3","TajweedImageFilePath":"19/86/2.png","Text":"ٱلْمُجْرِمِينَ","Translation":"the criminals","Transliteration":"l-muj'rimīna","Root":"ج ر م"},{"Position":3,"AudioFileName":"019_086_003.mp3","TajweedImageFilePath":"19/86/3.png","Text":"إِلَىٰ","Translation":"to","Transliteration":"ilā","Root":"إِلَىٰ"},{"Position":4,"AudioFileName":"019_086_004.mp3","TajweedImageFilePath":"19/86/4.png","Text":"جَهَنَّمَ","Translation":"Hell","Transliteration":"jahannama","Root":"ج ه ن م"},{"Position":5,"AudioFileName":"019_086_005.mp3","TajweedImageFilePath":"19/86/5.png","Text":"وِرْدًۭا","Translation":"thirsty","Transliteration":"wir'dan","Root":"و ر د"},{"Position":6,"AudioFileName":null,"TajweedImageFilePath":"86.png","Text":"٨٦","Translation":"(86)","Transliteration":null,"Root":null}],"PageNumber":311,"JuzNumber":16,"ManzilNumber":4,"RukuNumber":269,"MaqraNumber":124,"HizbNumber":31,"HizbDecimal":0.75,"HasSajda":false},{"SurahNumber":19,"SurahIndex":"019","VerseNumber":87,"ShowSurahName":false,"ShowBismillah":false,"Words":[{"Position":1,"AudioFileName":"019_087_001.mp3","TajweedImageFilePath":"19/87/1.png","Text":"لَّا","Translation":"Not","Transliteration":"lā","Root":"ل ا"},{"Position":2,"AudioFileName":"019_087_002.mp3","TajweedImageFilePath":"19/87/2.png","Text":"يَمْلِكُونَ","Translation":"they will have the power","Transliteration":"yamlikūna","Root":"م ل ك"},{"Position":3,"AudioFileName":"019_087_003.mp3","TajweedImageFilePath":"19/87/3.png","Text":"ٱلشَّفَـٰعَةَ","Translation":"(of) the intercession","Transliteration":"l-shafāʿata","Root":"ش ف ع"},{"Position":4,"AudioFileName":"019_087_004.mp3","TajweedImageFilePath":"19/87/4.png","Text":"إِلَّا","Translation":"except","Transliteration":"illā","Root":"إِلَّا"},{"Position":5,"AudioFileName":"019_087_005.mp3","TajweedImageFilePath":"19/87/5.png","Text":"مَنِ","Translation":"(he) who","Transliteration":"mani","Root":"م ن"},{"Position":6,"AudioFileName":"019_087_006.mp3","TajweedImageFilePath":"19/87/6.png","Text":"ٱتَّخَذَ","Translation":"has taken","Transliteration":"ittakhadha","Root":"أ خ ذ"},{"Position":7,"AudioFileName":"019_087_007.mp3","TajweedImageFilePath":"19/87/7.png","Text":"عِندَ","Translation":"from","Transliteration":"ʿinda","Root":"ع ن د"},{"Position":8,"AudioFileName":"019_087_008.mp3","TajweedImageFilePath":"19/87/8.png","Text":"ٱلرَّحْمَـٰنِ","Translation":"the Most Gracious","Transliteration":"l-raḥmāni","Root":"ر ح م"},{"Position":9,"AudioFileName":"019_087_009.mp3","TajweedImageFilePath":"19/87/9.png","Text":"عَهْدًۭا","Translation":"a covenant","Transliteration":"ʿahdan","Root":"ع ه د"},{"Position":10,"AudioFileName":null,"TajweedImageFilePath":"87.png","Text":"٨٧","Translation":"(87)","Transliteration":null,"Root":null}],"PageNumber":311,"JuzNumber":16,"ManzilNumber":4,"RukuNumber":269,"MaqraNumber":124,"HizbNumber":31,"HizbDecimal":0.75,"HasSajda":false},{"SurahNumber":19,"SurahIndex":"019","VerseNumber":88,"ShowSurahName":false,"ShowBismillah":false,"Words":[{"Position":1,"AudioFileName":"019_088_001.mp3","TajweedImageFilePath":"19/88/1.png","Text":"وَقَالُوا۟","Translation":"And they say","Transliteration":"waqālū","Root":"ق و ل"},{"Position":2,"AudioFileName":"019_088_002.mp3","TajweedImageFilePath":"19/88/2.png","Text":"ٱتَّخَذَ","Translation":"Has taken","Transliteration":"ittakhadha","Root":"أ خ ذ"},{"Position":3,"AudioFileName":"019_088_003.mp3","TajweedImageFilePath":"19/88/3.png","Text":"ٱلرَّحْمَـٰنُ","Translation":"the Most Gracious","Transliteration":"l-raḥmānu","Root":"ر ح م"},{"Position":4,"AudioFileName":"019_088_004.mp3","TajweedImageFilePath":"19/88/4.png","Text":"وَلَدًۭا","Translation":"a son","Transliteration":"waladan","Root":"و ل د"},{"Position":5,"AudioFileName":null,"TajweedImageFilePath":"88.png","Text":"٨٨","Translation":"(88)","Transliteration":null,"Root":null}],"PageNumber":311,"JuzNumber":16,"ManzilNumber":4,"RukuNumber":269,"MaqraNumber":124,"HizbNumber":31,"HizbDecimal":0.75,"HasSajda":false},{"SurahNumber":19,"SurahIndex":"019","VerseNumber":89,"ShowSurahName":false,"ShowBismillah":false,"Words":[{"Position":1,"AudioFileName":"019_089_001.mp3","TajweedImageFilePath":"19/89/1.png","Text":"لَّقَدْ","Translation":"Verily","Transliteration":"laqad","Root":"ق د"},{"Position":2,"AudioFileName":"019_089_002.mp3","TajweedImageFilePath":"19/89/2.png","Text":"جِئْتُمْ","Translation":"you have put forth","Transliteration":"ji'tum","Root":"ج ي أ"},{"Position":3,"AudioFileName":"019_089_003.mp3","TajweedImageFilePath":"19/89/3.png","Text":"شَيْـًٔا","Translation":"a thing","Transliteration":"shayan","Root":"ش ي أ"},{"Position":4,"AudioFileName":"019_089_004.mp3","TajweedImageFilePath":"19/89/4.png","Text":"إِدًّۭا","Translation":"atrocious","Transliteration":"iddan","Root":"أ د د"},{"Position":5,"AudioFileName":null,"TajweedImageFilePath":"89.png","Text":"٨٩","Translation":"(89)","Transliteration":null,"Root":null}],"PageNumber":311,"JuzNumber":16,"ManzilNumber":4,"RukuNumber":269,"MaqraNumber":124,"HizbNumber":31,"HizbDecimal":0.75,"HasSajda":false},{"SurahNumber":19,"SurahIndex":"019","VerseNumber":90,"ShowSurahName":false,"ShowBismillah":false,"Words":[{"Position":1,"AudioFileName":"019_090_001.mp3","TajweedImageFilePath":"19/90/1.png","Text":"تَكَادُ","Translation":"Almost","Transliteration":"takādu","Root":"ك و د"},{"Position":2,"AudioFileName":"019_090_002.mp3","TajweedImageFilePath":"19/90/2.png","Text":"ٱلسَّمَـٰوَٰتُ","Translation":"the heavens","Transliteration":"l-samāwātu","Root":"س م و"},{"Position":3,"AudioFileName":"019_090_003.mp3","TajweedImageFilePath":"19/90/3.png","Text":"يَتَفَطَّرْنَ","Translation":"get torn","Transliteration":"yatafaṭṭarna","Root":"ف ط ر"},{"Position":4,"AudioFileName":"019_090_004.mp3","TajweedImageFilePath":"19/90/4.png","Text":"مِنْهُ","Translation":"therefrom","Transliteration":"min'hu","Root":"م ن"},{"Position":5,"AudioFileName":"019_090_005.mp3","TajweedImageFilePath":"19/90/5.png","Text":"وَتَنشَقُّ","Translation":"and splits asunder","Transliteration":"watanshaqqu","Root":"ش ق ق"},{"Position":6,"AudioFileName":"019_090_006.mp3","TajweedImageFilePath":"19/90/6.png","Text":"ٱلْأَرْضُ","Translation":"the earth","Transliteration":"l-arḍu","Root":"أ ر ض"},{"Position":7,"AudioFileName":"019_090_007.mp3","TajweedImageFilePath":"19/90/7.png","Text":"وَتَخِرُّ","Translation":"and collapse","Transliteration":"watakhirru","Root":"خ ر ر"},{"Position":8,"AudioFileName":"019_090_008.mp3","TajweedImageFilePath":"19/90/8.png","Text":"ٱلْجِبَالُ","Translation":"the mountain","Transliteration":"l-jibālu","Root":"ج ب ل"},{"Position":9,"AudioFileName":"019_090_009.mp3","TajweedImageFilePath":"19/90/9.png","Text":"هَدًّا","Translation":"(in) devastation","Transliteration":"haddan","Root":"ه د د"},{"Position":10,"AudioFileName":null,"TajweedImageFilePath":"90.png","Text":"٩٠","Translation":"(90)","Transliteration":null,"Root":null}],"PageNumber":311,"JuzNumber":16,"ManzilNumber":4,"RukuNumber":269,"MaqraNumber":124,"HizbNumber":31,"HizbDecimal":0.75,"HasSajda":false},{"SurahNumber":19,"SurahIndex":"019","VerseNumber":91,"ShowSurahName":false,"ShowBismillah":false,"Words":[{"Position":1,"AudioFileName":"019_091_001.mp3","TajweedImageFilePath":"19/91/1.png","Text":"أَن","Translation":"That","Transliteration":"an","Root":"ا ن"},{"Position":2,"AudioFileName":"019_091_002.mp3","TajweedImageFilePath":"19/91/2.png","Text":"دَعَوْا۟","Translation":"they invoke","Transliteration":"daʿaw","Root":"د ع و"},{"Position":3,"AudioFileName":"019_091_003.mp3","TajweedImageFilePath":"19/91/3.png","Text":"لِلرَّحْمَـٰنِ","Translation":"to the Most Gracious","Transliteration":"lilrraḥmāni","Root":"ر ح م"},{"Position":4,"AudioFileName":"019_091_004.mp3","TajweedImageFilePath":"19/91/4.png","Text":"وَلَدًۭا","Translation":"a son","Transliteration":"waladan","Root":"و ل د"},{"Position":5,"AudioFileName":null,"TajweedImageFilePath":"91.png","Text":"٩١","Translation":"(91)","Transliteration":null,"Root":null}],"PageNumber":311,"JuzNumber":16,"ManzilNumber":4,"RukuNumber":269,"MaqraNumber":124,"HizbNumber":31,"HizbDecimal":0.75,"HasSajda":false},{"SurahNumber":19,"SurahIndex":"019","VerseNumber":92,"ShowSurahName":false,"ShowBismillah":false,"Words":[{"Position":1,"AudioFileName":"019_092_001.mp3","TajweedImageFilePath":"19/92/1.png","Text":"وَمَا","Translation":"And not","Transliteration":"wamā","Root":"م ا"},{"Position":2,"AudioFileName":"019_092_002.mp3","TajweedImageFilePath":"19/92/2.png","Text":"يَنۢبَغِى","Translation":"is appropriate","Transliteration":"yanbaghī","Root":"ب غ ي"},{"Position":3,"AudioFileName":"019_092_003.mp3","TajweedImageFilePath":"19/92/3.png","Text":"لِلرَّحْمَـٰنِ","Translation":"for the Most Gracious","Transliteration":"lilrraḥmāni","Root":"ر ح م"},{"Position":4,"AudioFileName":"019_092_004.mp3","TajweedImageFilePath":"19/92/4.png","Text":"أَن","Translation":"that","Transliteration":"an","Root":"ا ن"},{"Position":5,"AudioFileName":"019_092_005.mp3","TajweedImageFilePath":"19/92/5.png","Text":"يَتَّخِذَ","Translation":"He should take","Transliteration":"yattakhidha","Root":"أ خ ذ"},{"Position":6,"AudioFileName":"019_092_006.mp3","TajweedImageFilePath":"19/92/6.png","Text":"وَلَدًا","Translation":"a son","Transliteration":"waladan","Root":"و ل د"},{"Position":7,"AudioFileName":null,"TajweedImageFilePath":"92.png","Text":"٩٢","Translation":"(92)","Transliteration":null,"Root":null}],"PageNumber":311,"JuzNumber":16,"ManzilNumber":4,"RukuNumber":269,"MaqraNumber":124,"HizbNumber":31,"HizbDecimal":0.75,"HasSajda":false},{"SurahNumber":19,"SurahIndex":"019","VerseNumber":93,"ShowSurahName":false,"ShowBismillah":false,"Words":[{"Position":1,"AudioFileName":"019_093_001.mp3","TajweedImageFilePath":"19/93/1.png","Text":"إِن","Translation":"Not","Transliteration":"in","Root":"ا ن"},{"Position":2,"AudioFileName":"019_093_002.mp3","TajweedImageFilePath":"19/93/2.png","Text":"كُلُّ","Translation":"all","Transliteration":"kullu","Root":"ك ل ل"},{"Position":3,"AudioFileName":"019_093_003.mp3","TajweedImageFilePath":"19/93/3.png","Text":"مَن","Translation":"who","Transliteration":"man","Root":"م ن"},{"Position":4,"AudioFileName":"019_093_004.mp3","TajweedImageFilePath":"19/93/4.png","Text":"فِى","Translation":"(are) in","Transliteration":"fī","Root":"ف ى"},{"Position":5,"AudioFileName":"019_093_005.mp3","TajweedImageFilePath":"19/93/5.png","Text":"ٱلسَّمَـٰوَٰتِ","Translation":"the heavens","Transliteration":"l-samāwāti","Root":"س م و"},{"Position":6,"AudioFileName":"019_093_006.mp3","TajweedImageFilePath":"19/93/6.png","Text":"وَٱلْأَرْضِ","Translation":"and the earth","Transliteration":"wal-arḍi","Root":"أ ر ض"},{"Position":7,"AudioFileName":"019_093_007.mp3","TajweedImageFilePath":"19/93/7.png","Text":"إِلَّآ","Translation":"but","Transliteration":"illā","Root":"إِلَّا"},{"Position":8,"AudioFileName":"019_093_008.mp3","TajweedImageFilePath":"19/93/8.png","Text":"ءَاتِى","Translation":"(will) come","Transliteration":"ātī","Root":"أ ت ي"},{"Position":9,"AudioFileName":"019_093_009.mp3","TajweedImageFilePath":"19/93/9.png","Text":"ٱلرَّحْمَـٰنِ","Translation":"(to) the Most Gracious","Transliteration":"l-raḥmāni","Root":"ر ح م"},{"Position":10,"AudioFileName":"019_093_010.mp3","TajweedImageFilePath":"19/93/10.png","Text":"عَبْدًۭا","Translation":"(as) a slave","Transliteration":"ʿabdan","Root":"ع ب د"},{"Position":11,"AudioFileName":null,"TajweedImageFilePath":"93.png","Text":"٩٣","Translation":"(93)","Transliteration":null,"Root":null}],"PageNumber":311,"JuzNumber":16,"ManzilNumber":4,"RukuNumber":269,"MaqraNumber":124,"HizbNumber":31,"HizbDecimal":0.75,"HasSajda":false},{"SurahNumber":19,"SurahIndex":"019","VerseNumber":94,"ShowSurahName":false,"ShowBismillah":false,"Words":[{"Position":1,"AudioFileName":"019_094_001.mp3","TajweedImageFilePath":"19/94/1.png","Text":"لَّقَدْ","Translation":"Verily","Transliteration":"laqad","Root":"ق د"},{"Position":2,"AudioFileName":"019_094_002.mp3","TajweedImageFilePath":"19/94/2.png","Text":"أَحْصَىٰهُمْ","Translation":"He has enumerated them","Transliteration":"aḥṣāhum","Root":"ح ص ي"},{"Position":3,"AudioFileName":"019_094_003.mp3","TajweedImageFilePath":"19/94/3.png","Text":"وَعَدَّهُمْ","Translation":"and counted them","Transliteration":"waʿaddahum","Root":"ع د د"},{"Position":4,"AudioFileName":"019_094_004.mp3","TajweedImageFilePath":"19/94/4.png","Text":"عَدًّۭا","Translation":"a counting","Transliteration":"ʿaddan","Root":"ع د د"},{"Position":5,"AudioFileName":null,"TajweedImageFilePath":"94.png","Text":"٩٤","Translation":"(94)","Transliteration":null,"Root":null}],"PageNumber":311,"JuzNumber":16,"ManzilNumber":4,"RukuNumber":269,"MaqraNumber":124,"HizbNumber":31,"HizbDecimal":0.75,"HasSajda":false},{"SurahNumber":19,"SurahIndex":"019","VerseNumber":95,"ShowSurahName":false,"ShowBismillah":false,"Words":[{"Position":1,"AudioFileName":"019_095_001.mp3","TajweedImageFilePath":"19/95/1.png","Text":"وَكُلُّهُمْ","Translation":"And all of them","Transliteration":"wakulluhum","Root":"ك ل ل"},{"Position":2,"AudioFileName":"019_095_002.mp3","TajweedImageFilePath":"19/95/2.png","Text":"ءَاتِيهِ","Translation":"(will) come (to) Him","Transliteration":"ātīhi","Root":"أ ت ي"},{"Position":3,"AudioFileName":"019_095_003.mp3","TajweedImageFilePath":"19/95/3.png","Text":"يَوْمَ","Translation":"(on the) Day","Transliteration":"yawma","Root":"ي و م"},{"Position":4,"AudioFileName":"019_095_004.mp3","TajweedImageFilePath":"19/95/4.png","Text":"ٱلْقِيَـٰمَةِ","Translation":"(of) the Resurrection","Transliteration":"l-qiyāmati","Root":"ق و م"},{"Position":5,"AudioFileName":"019_095_005.mp3","TajweedImageFilePath":"19/95/5.png","Text":"فَرْدًا","Translation":"alone","Transliteration":"fardan","Root":"ف ر د"},{"Position":6,"AudioFileName":null,"TajweedImageFilePath":"95.png","Text":"٩٥","Translation":"(95)","Transliteration":null,"Root":null}],"PageNumber":311,"JuzNumber":16,"ManzilNumber":4,"RukuNumber":269,"MaqraNumber":124,"HizbNumber":31,"HizbDecimal":0.75,"HasSajda":false},{"SurahNumber":19,"SurahIndex":"019","VerseNumber":96,"ShowSurahName":false,"ShowBismillah":false,"Words":[{"Position":1,"AudioFileName":"019_096_001.mp3","TajweedImageFilePath":"19/96/1.png","Text":"إِنَّ","Translation":"Indeed","Transliteration":"inna","Root":"ا ن ن"},{"Position":2,"AudioFileName":"019_096_002.mp3","TajweedImageFilePath":"19/96/2.png","Text":"ٱلَّذِينَ","Translation":"those who","Transliteration":"alladhīna","Root":"ٱلَّذِى"},{"Position":3,"AudioFileName":"019_096_003.mp3","TajweedImageFilePath":"19/96/3.png","Text":"ءَامَنُوا۟","Translation":"believed","Transliteration":"āmanū","Root":"أ م ن"},{"Position":4,"AudioFileName":"019_096_004.mp3","TajweedImageFilePath":"19/96/4.png","Text":"وَعَمِلُوا۟","Translation":"and did","Transliteration":"waʿamilū","Root":"ع م ل"},{"Position":5,"AudioFileName":"019_096_005.mp3","TajweedImageFilePath":"19/96/5.png","Text":"ٱلصَّـٰلِحَـٰتِ","Translation":"good deeds","Transliteration":"l-ṣāliḥāti","Root":"ص ل ح"},{"Position":6,"AudioFileName":"019_096_006.mp3","TajweedImageFilePath":"19/96/6.png","Text":"سَيَجْعَلُ","Translation":"will bestow","Transliteration":"sayajʿalu","Root":"ج ع ل"},{"Position":7,"AudioFileName":"019_096_007.mp3","TajweedImageFilePath":"19/96/7.png","Text":"لَهُمُ","Translation":"for them","Transliteration":"lahumu","Root":"ل"},{"Position":8,"AudioFileName":"019_096_008.mp3","TajweedImageFilePath":"19/96/8.png","Text":"ٱلرَّحْمَـٰنُ","Translation":"the Most Gracious","Transliteration":"l-raḥmānu","Root":"ر ح م"},{"Position":9,"AudioFileName":"019_096_009.mp3","TajweedImageFilePath":"19/96/9.png","Text":"وُدًّۭا","Translation":"affection","Transliteration":"wuddan","Root":"و د د"},{"Position":10,"AudioFileName":null,"TajweedImageFilePath":"96.png","Text":"٩٦","Translation":"(96)","Transliteration":null,"Root":null}],"PageNumber":312,"JuzNumber":16,"ManzilNumber":4,"RukuNumber":269,"MaqraNumber":124,"HizbNumber":31,"HizbDecimal":0.75,"HasSajda":false},{"SurahNumber":19,"SurahIndex":"019","VerseNumber":97,"ShowSurahName":false,"ShowBismillah":false,"Words":[{"Position":1,"AudioFileName":"019_097_001.mp3","TajweedImageFilePath":"19/97/1.png","Text":"فَإِنَّمَا","Translation":"So, only","Transliteration":"fa-innamā","Root":"ا ن ن م ا"},{"Position":2,"AudioFileName":"019_097_002.mp3","TajweedImageFilePath":"19/97/2.png","Text":"يَسَّرْنَـٰهُ","Translation":"We (have) made it easy","Transliteration":"yassarnāhu","Root":"ي س ر"},{"Position":3,"AudioFileName":"019_097_003.mp3","TajweedImageFilePath":"19/97/3.png","Text":"بِلِسَانِكَ","Translation":"in your tongue","Transliteration":"bilisānika","Root":"ل س ن"},{"Position":4,"AudioFileName":"019_097_004.mp3","TajweedImageFilePath":"19/97/4.png","Text":"لِتُبَشِّرَ","Translation":"that you may give glad tidings","Transliteration":"litubashira","Root":"ب ش ر"},{"Position":5,"AudioFileName":"019_097_005.mp3","TajweedImageFilePath":"19/97/5.png","Text":"بِهِ","Translation":"with it","Transliteration":"bihi","Root":"ب"},{"Position":6,"AudioFileName":"019_097_006.mp3","TajweedImageFilePath":"19/97/6.png","Text":"ٱلْمُتَّقِينَ","Translation":"(to) the righteous","Transliteration":"l-mutaqīna","Root":"و ق ي"},{"Position":7,"AudioFileName":"019_097_007.mp3","TajweedImageFilePath":"19/97/7.png","Text":"وَتُنذِرَ","Translation":"and warn","Transliteration":"watundhira","Root":"ن ذ ر"},{"Position":8,"AudioFileName":"019_097_008.mp3","TajweedImageFilePath":"19/97/8.png","Text":"بِهِۦ","Translation":"with it","Transliteration":"bihi","Root":"ب"},{"Position":9,"AudioFileName":"019_097_009.mp3","TajweedImageFilePath":"19/97/9.png","Text":"قَوْمًۭا","Translation":"a people","Transliteration":"qawman","Root":"ق و م"},{"Position":10,"AudioFileName":"019_097_010.mp3","TajweedImageFilePath":"19/97/10.png","Text":"لُّدًّۭا","Translation":"hostile","Transliteration":"luddan","Root":"ل د د"},{"Position":11,"AudioFileName":null,"TajweedImageFilePath":"97.png","Text":"٩٧","Translation":"(97)","Transliteration":null,"Root":null}],"PageNumber":312,"JuzNumber":16,"ManzilNumber":4,"RukuNumber":269,"MaqraNumber":124,"HizbNumber":31,"HizbDecimal":0.75,"HasSajda":false},{"SurahNumber":19,"SurahIndex":"019","VerseNumber":98,"ShowSurahName":false,"ShowBismillah":false,"Words":[{"Position":1,"AudioFileName":"019_098_001.mp3","TajweedImageFilePath":"19/98/1.png","Text":"وَكَمْ","Translation":"And how many","Transliteration":"wakam","Root":"ك م"},{"Position":2,"AudioFileName":"019_098_002.mp3","TajweedImageFilePath":"19/98/2.png","Text":"أَهْلَكْنَا","Translation":"We (have) destroyed","Transliteration":"ahlaknā","Root":"ه ل ك"},{"Position":3,"AudioFileName":"019_098_003.mp3","TajweedImageFilePath":"19/98/3.png","Text":"قَبْلَهُم","Translation":"before them","Transliteration":"qablahum","Root":"ق ب ل"},{"Position":4,"AudioFileName":"019_098_004.mp3","TajweedImageFilePath":"19/98/4.png","Text":"مِّن","Translation":"of","Transliteration":"min","Root":"م ن"},{"Position":5,"AudioFileName":"019_098_005.mp3","TajweedImageFilePath":"19/98/5.png","Text":"قَرْنٍ","Translation":"a generation","Transliteration":"qarnin","Root":"ق ر ن"},{"Position":6,"AudioFileName":"019_098_006.mp3","TajweedImageFilePath":"19/98/6.png","Text":"هَلْ","Translation":"Can","Transliteration":"hal","Root":"ه ل"},{"Position":7,"AudioFileName":"019_098_007.mp3","TajweedImageFilePath":"19/98/7.png","Text":"تُحِسُّ","Translation":"you perceive","Transliteration":"tuḥissu","Root":"ح س س"},{"Position":8,"AudioFileName":"019_098_008.mp3","TajweedImageFilePath":"19/98/8.png","Text":"مِنْهُم","Translation":"of them","Transliteration":"min'hum","Root":"م ن"},{"Position":9,"AudioFileName":"019_098_009.mp3","TajweedImageFilePath":"19/98/9.png","Text":"مِّنْ","Translation":"any","Transliteration":"min","Root":"م ن"},{"Position":10,"AudioFileName":"019_098_010.mp3","TajweedImageFilePath":"19/98/10.png","Text":"أَحَدٍ","Translation":"one","Transliteration":"aḥadin","Root":"أ ح د"},{"Position":11,"AudioFileName":"019_098_011.mp3","TajweedImageFilePath":"19/98/11.png","Text":"أَوْ","Translation":"or","Transliteration":"aw","Root":"ا و"},{"Position":12,"AudioFileName":"019_098_012.mp3","TajweedImageFilePath":"19/98/12.png","Text":"تَسْمَعُ","Translation":"hear","Transliteration":"tasmaʿu","Root":"س م ع"},{"Position":13,"AudioFileName":"019_098_013.mp3","TajweedImageFilePath":"19/98/13.png","Text":"لَهُمْ","Translation":"from them","Transliteration":"lahum","Root":"ل"},{"Position":14,"AudioFileName":"019_098_014.mp3","TajweedImageFilePath":"19/98/14.png","Text":"رِكْزًۢا","Translation":"a sound","Transliteration":"rik'zan","Root":"ر ك ز"},{"Position":15,"AudioFileName":null,"TajweedImageFilePath":"98.png","Text":"٩٨","Translation":"(98)","Transliteration":null,"Root":null}],"PageNumber":312,"JuzNumber":16,"ManzilNumber":4,"RukuNumber":269,"MaqraNumber":124,"HizbNumber":31,"HizbDecimal":0.75,"HasSajda":false}]}