{"MaqraNumber":30,"Verses":[{"SurahNumber":3,"SurahIndex":"003","VerseNumber":186,"ShowSurahName":false,"ShowBismillah":false,"Words":[{"Position":1,"AudioFileName":"003_186_001.mp3","TajweedImageFilePath":"3/186/1.png","Text":"۞ لَتُبْلَوُنَّ","Translation":"You will certainly be tested","Transliteration":"latub'lawunna"},{"Position":2,"AudioFileName":"003_186_002.mp3","TajweedImageFilePath":"3/186/2.png","Text":"فِىٓ","Translation":"in","Transliteration":"fī"},{"Position":3,"AudioFileName":"003_186_003.mp3","TajweedImageFilePath":"3/186/3.png","Text":"أَمْوَٰلِكُمْ","Translation":"your wealth","Transliteration":"amwālikum"},{"Position":4,"AudioFileName":"003_186_004.mp3","TajweedImageFilePath":"3/186/4.png","Text":"وَأَنفُسِكُمْ","Translation":"and yourselves","Transliteration":"wa-anfusikum"},{"Position":5,"AudioFileName":"003_186_005.mp3","TajweedImageFilePath":"3/186/5.png","Text":"وَلَتَسْمَعُنَّ","Translation":"And you will certainly hear","Transliteration":"walatasmaʿunna"},{"Position":6,"AudioFileName":"003_186_006.mp3","TajweedImageFilePath":"3/186/6.png","Text":"مِنَ","Translation":"from","Transliteration":"mina"},{"Position":7,"AudioFileName":"003_186_007.mp3","TajweedImageFilePath":"3/186/7.png","Text":"ٱلَّذِينَ","Translation":"those who","Transliteration":"alladhīna"},{"Position":8,"AudioFileName":"003_186_008.mp3","TajweedImageFilePath":"3/186/8.png","Text":"أُوتُوا۟","Translation":"were given","Transliteration":"ūtū"},{"Position":9,"AudioFileName":"003_186_009.mp3","TajweedImageFilePath":"3/186/9.png","Text":"ٱلْكِتَـٰبَ","Translation":"the Book","Transliteration":"l-kitāba"},{"Position":10,"AudioFileName":"003_186_010.mp3","TajweedImageFilePath":"3/186/10.png","Text":"مِن","Translation":"from","Transliteration":"min"},{"Position":11,"AudioFileName":"003_186_011.mp3","TajweedImageFilePath":"3/186/11.png","Text":"قَبْلِكُمْ","Translation":"before you","Transliteration":"qablikum"},{"Position":12,"AudioFileName":"003_186_012.mp3","TajweedImageFilePath":"3/186/12.png","Text":"وَمِنَ","Translation":"and from","Transliteration":"wamina"},{"Position":13,"AudioFileName":"003_186_013.mp3","TajweedImageFilePath":"3/186/13.png","Text":"ٱلَّذِينَ","Translation":"those who","Transliteration":"alladhīna"},{"Position":14,"AudioFileName":"003_186_014.mp3","TajweedImageFilePath":"3/186/14.png","Text":"أَشْرَكُوٓا۟","Translation":"associate partners with Allah ","Transliteration":"ashrakū"},{"Position":15,"AudioFileName":"003_186_015.mp3","TajweedImageFilePath":"3/186/15.png","Text":"أَذًۭى","Translation":"hurtful things","Transliteration":"adhan"},{"Position":16,"AudioFileName":"003_186_016.mp3","TajweedImageFilePath":"3/186/16.png","Text":"كَثِيرًۭا ۚ","Translation":"many","Transliteration":"kathīran"},{"Position":17,"AudioFileName":"003_186_017.mp3","TajweedImageFilePath":"3/186/17.png","Text":"وَإِن","Translation":"and if","Transliteration":"wa-in"},{"Position":18,"AudioFileName":"003_186_018.mp3","TajweedImageFilePath":"3/186/18.png","Text":"تَصْبِرُوا۟","Translation":"you are patient","Transliteration":"taṣbirū"},{"Position":19,"AudioFileName":"003_186_019.mp3","TajweedImageFilePath":"3/186/19.png","Text":"وَتَتَّقُوا۟","Translation":"and fear (Allah)","Transliteration":"watattaqū"},{"Position":20,"AudioFileName":"003_186_020.mp3","TajweedImageFilePath":"3/186/20.png","Text":"فَإِنَّ","Translation":"then indeed","Transliteration":"fa-inna"},{"Position":21,"AudioFileName":"003_186_021.mp3","TajweedImageFilePath":"3/186/21.png","Text":"ذَٰلِكَ","Translation":"that","Transliteration":"dhālika"},{"Position":22,"AudioFileName":"003_186_022.mp3","TajweedImageFilePath":"3/186/22.png","Text":"مِنْ","Translation":"(is) of","Transliteration":"min"},{"Position":23,"AudioFileName":"003_186_023.mp3","TajweedImageFilePath":"3/186/23.png","Text":"عَزْمِ","Translation":"the matters","Transliteration":"ʿazmi"},{"Position":24,"AudioFileName":"003_186_024.mp3","TajweedImageFilePath":"3/186/24.png","Text":"ٱلْأُمُورِ","Translation":"(of) determination","Transliteration":"l-umūri"},{"Position":25,"AudioFileName":null,"TajweedImageFilePath":"186.png","Text":"١٨٦","Translation":"(186)","Transliteration":null}],"PageNumber":74,"JuzNumber":4,"ManzilNumber":1,"RukuNumber":60,"MaqraNumber":30,"HizbNumber":8,"HizbDecimal":0.25,"HasSajda":false},{"SurahNumber":3,"SurahIndex":"003","VerseNumber":187,"ShowSurahName":false,"ShowBismillah":false,"Words":[{"Position":1,"AudioFileName":"003_187_001.mp3","TajweedImageFilePath":"3/187/1.png","Text":"وَإِذْ","Translation":"And when","Transliteration":"wa-idh"},{"Position":2,"AudioFileName":"003_187_002.mp3","TajweedImageFilePath":"3/187/2.png","Text":"أَخَذَ","Translation":"took","Transliteration":"akhadha"},{"Position":3,"AudioFileName":"003_187_003.mp3","TajweedImageFilePath":"3/187/3.png","Text":"ٱللَّهُ","Translation":"Allah","Transliteration":"l-lahu"},{"Position":4,"AudioFileName":"003_187_004.mp3","TajweedImageFilePath":"3/187/4.png","Text":"مِيثَـٰقَ","Translation":"a Covenant","Transliteration":"mīthāqa"},{"Position":5,"AudioFileName":"003_187_005.mp3","TajweedImageFilePath":"3/187/5.png","Text":"ٱلَّذِينَ","Translation":"(from) those who","Transliteration":"alladhīna"},{"Position":6,"AudioFileName":"003_187_006.mp3","TajweedImageFilePath":"3/187/6.png","Text":"أُوتُوا۟","Translation":"were given","Transliteration":"ūtū"},{"Position":7,"AudioFileName":"003_187_007.mp3","TajweedImageFilePath":"3/187/7.png","Text":"ٱلْكِتَـٰبَ","Translation":"the Book","Transliteration":"l-kitāba"},{"Position":8,"AudioFileName":"003_187_008.mp3","TajweedImageFilePath":"3/187/8.png","Text":"لَتُبَيِّنُنَّهُۥ","Translation":"You certainly make it clear","Transliteration":"latubayyinunnahu"},{"Position":9,"AudioFileName":"003_187_009.mp3","TajweedImageFilePath":"3/187/9.png","Text":"لِلنَّاسِ","Translation":"to the mankind","Transliteration":"lilnnāsi"},{"Position":10,"AudioFileName":"003_187_010.mp3","TajweedImageFilePath":"3/187/10.png","Text":"وَلَا","Translation":"and (do) not","Transliteration":"walā"},{"Position":11,"AudioFileName":"003_187_011.mp3","TajweedImageFilePath":"3/187/11.png","Text":"تَكْتُمُونَهُۥ","Translation":"conceal it","Transliteration":"taktumūnahu"},{"Position":12,"AudioFileName":"003_187_012.mp3","TajweedImageFilePath":"3/187/12.png","Text":"فَنَبَذُوهُ","Translation":"Then they threw it","Transliteration":"fanabadhūhu"},{"Position":13,"AudioFileName":"003_187_013.mp3","TajweedImageFilePath":"3/187/13.png","Text":"وَرَآءَ","Translation":"behind","Transliteration":"warāa"},{"Position":14,"AudioFileName":"003_187_014.mp3","TajweedImageFilePath":"3/187/14.png","Text":"ظُهُورِهِمْ","Translation":"their backs","Transliteration":"ẓuhūrihim"},{"Position":15,"AudioFileName":"003_187_015.mp3","TajweedImageFilePath":"3/187/15.png","Text":"وَٱشْتَرَوْا۟","Translation":"and they exchanged","Transliteration":"wa-ish'taraw"},{"Position":16,"AudioFileName":"003_187_016.mp3","TajweedImageFilePath":"3/187/16.png","Text":"بِهِۦ","Translation":"[with] it","Transliteration":"bihi"},{"Position":17,"AudioFileName":"003_187_017.mp3","TajweedImageFilePath":"3/187/17.png","Text":"ثَمَنًۭا","Translation":"(for) a price","Transliteration":"thamanan"},{"Position":18,"AudioFileName":"003_187_018.mp3","TajweedImageFilePath":"3/187/18.png","Text":"قَلِيلًۭا ۖ","Translation":"little","Transliteration":"qalīlan"},{"Position":19,"AudioFileName":"003_187_019.mp3","TajweedImageFilePath":"3/187/19.png","Text":"فَبِئْسَ","Translation":"And wretched","Transliteration":"fabi'sa"},{"Position":20,"AudioFileName":"003_187_020.mp3","TajweedImageFilePath":"3/187/20.png","Text":"مَا","Translation":"(is) what","Transliteration":"mā"},{"Position":21,"AudioFileName":"003_187_021.mp3","TajweedImageFilePath":"3/187/21.png","Text":"يَشْتَرُونَ","Translation":"they purchase","Transliteration":"yashtarūna"},{"Position":22,"AudioFileName":null,"TajweedImageFilePath":"187.png","Text":"١٨٧","Translation":"(187)","Transliteration":null}],"PageNumber":75,"JuzNumber":4,"ManzilNumber":1,"RukuNumber":60,"MaqraNumber":30,"HizbNumber":8,"HizbDecimal":0.25,"HasSajda":false},{"SurahNumber":3,"SurahIndex":"003","VerseNumber":188,"ShowSurahName":false,"ShowBismillah":false,"Words":[{"Position":1,"AudioFileName":"003_188_001.mp3","TajweedImageFilePath":"3/188/1.png","Text":"لَا","Translation":"(Do) not","Transliteration":"lā"},{"Position":2,"AudioFileName":"003_188_002.mp3","TajweedImageFilePath":"3/188/2.png","Text":"تَحْسَبَنَّ","Translation":"think","Transliteration":"taḥsabanna"},{"Position":3,"AudioFileName":"003_188_003.mp3","TajweedImageFilePath":"3/188/3.png","Text":"ٱلَّذِينَ","Translation":"(that) those who","Transliteration":"alladhīna"},{"Position":4,"AudioFileName":"003_188_004.mp3","TajweedImageFilePath":"3/188/4.png","Text":"يَفْرَحُونَ","Translation":"rejoice","Transliteration":"yafraḥūna"},{"Position":5,"AudioFileName":"003_188_005.mp3","TajweedImageFilePath":"3/188/5.png","Text":"بِمَآ","Translation":"in what","Transliteration":"bimā"},{"Position":6,"AudioFileName":"003_188_006.mp3","TajweedImageFilePath":"3/188/6.png","Text":"أَتَوا۟","Translation":"(they have) brought","Transliteration":"ataw"},{"Position":7,"AudioFileName":"003_188_007.mp3","TajweedImageFilePath":"3/188/7.png","Text":"وَّيُحِبُّونَ","Translation":"and they love","Transliteration":"wayuḥibbūna"},{"Position":8,"AudioFileName":"003_188_008.mp3","TajweedImageFilePath":"3/188/8.png","Text":"أَن","Translation":"that","Transliteration":"an"},{"Position":9,"AudioFileName":"003_188_009.mp3","TajweedImageFilePath":"3/188/9.png","Text":"يُحْمَدُوا۟","Translation":"they be praised","Transliteration":"yuḥ'madū"},{"Position":10,"AudioFileName":"003_188_010.mp3","TajweedImageFilePath":"3/188/10.png","Text":"بِمَا","Translation":"for what","Transliteration":"bimā"},{"Position":11,"AudioFileName":"003_188_011.mp3","TajweedImageFilePath":"3/188/11.png","Text":"لَمْ","Translation":"not","Transliteration":"lam"},{"Position":12,"AudioFileName":"003_188_012.mp3","TajweedImageFilePath":"3/188/12.png","Text":"يَفْعَلُوا۟","Translation":"they do ","Transliteration":"yafʿalū"},{"Position":13,"AudioFileName":"003_188_013.mp3","TajweedImageFilePath":"3/188/13.png","Text":"فَلَا","Translation":"so (do) not","Transliteration":"falā"},{"Position":14,"AudioFileName":"003_188_014.mp3","TajweedImageFilePath":"3/188/14.png","Text":"تَحْسَبَنَّهُم","Translation":"think (that) they","Transliteration":"taḥsabannahum"},{"Position":15,"AudioFileName":"003_188_015.mp3","TajweedImageFilePath":"3/188/15.png","Text":"بِمَفَازَةٍۢ","Translation":"(will) escape","Transliteration":"bimafāzatin"},{"Position":16,"AudioFileName":"003_188_016.mp3","TajweedImageFilePath":"3/188/16.png","Text":"مِّنَ","Translation":"from","Transliteration":"mina"},{"Position":17,"AudioFileName":"003_188_017.mp3","TajweedImageFilePath":"3/188/17.png","Text":"ٱلْعَذَابِ ۖ","Translation":"the punishment","Transliteration":"l-ʿadhābi"},{"Position":18,"AudioFileName":"003_188_018.mp3","TajweedImageFilePath":"3/188/18.png","Text":"وَلَهُمْ","Translation":"and for them","Transliteration":"walahum"},{"Position":19,"AudioFileName":"003_188_019.mp3","TajweedImageFilePath":"3/188/19.png","Text":"عَذَابٌ","Translation":"(is a) punishment","Transliteration":"ʿadhābun"},{"Position":20,"AudioFileName":"003_188_020.mp3","TajweedImageFilePath":"3/188/20.png","Text":"أَلِيمٌۭ","Translation":"painful","Transliteration":"alīmun"},{"Position":21,"AudioFileName":null,"TajweedImageFilePath":"188.png","Text":"١٨٨","Translation":"(188)","Transliteration":null}],"PageNumber":75,"JuzNumber":4,"ManzilNumber":1,"RukuNumber":60,"MaqraNumber":30,"HizbNumber":8,"HizbDecimal":0.25,"HasSajda":false},{"SurahNumber":3,"SurahIndex":"003","VerseNumber":189,"ShowSurahName":false,"ShowBismillah":false,"Words":[{"Position":1,"AudioFileName":"003_189_001.mp3","TajweedImageFilePath":"3/189/1.png","Text":"وَلِلَّهِ","Translation":"And for Allah","Transliteration":"walillahi"},{"Position":2,"AudioFileName":"003_189_002.mp3","TajweedImageFilePath":"3/189/2.png","Text":"مُلْكُ","Translation":"(is the) dominion","Transliteration":"mul'ku"},{"Position":3,"AudioFileName":"003_189_003.mp3","TajweedImageFilePath":"3/189/3.png","Text":"ٱلسَّمَـٰوَٰتِ","Translation":"(of) the heavens","Transliteration":"l-samāwāti"},{"Position":4,"AudioFileName":"003_189_004.mp3","TajweedImageFilePath":"3/189/4.png","Text":"وَٱلْأَرْضِ ۗ","Translation":"and the earth","Transliteration":"wal-arḍi"},{"Position":5,"AudioFileName":"003_189_005.mp3","TajweedImageFilePath":"3/189/5.png","Text":"وَٱللَّهُ","Translation":"and Allah","Transliteration":"wal-lahu"},{"Position":6,"AudioFileName":"003_189_006.mp3","TajweedImageFilePath":"3/189/6.png","Text":"عَلَىٰ","Translation":"(is) on","Transliteration":"ʿalā"},{"Position":7,"AudioFileName":"003_189_007.mp3","TajweedImageFilePath":"3/189/7.png","Text":"كُلِّ","Translation":"every","Transliteration":"kulli"},{"Position":8,"AudioFileName":"003_189_008.mp3","TajweedImageFilePath":"3/189/8.png","Text":"شَىْءٍۢ","Translation":"thing","Transliteration":"shayin"},{"Position":9,"AudioFileName":"003_189_009.mp3","TajweedImageFilePath":"3/189/9.png","Text":"قَدِيرٌ","Translation":"All-Powerful","Transliteration":"qadīrun"},{"Position":10,"AudioFileName":null,"TajweedImageFilePath":"189.png","Text":"١٨٩","Translation":"(189)","Transliteration":null}],"PageNumber":75,"JuzNumber":4,"ManzilNumber":1,"RukuNumber":60,"MaqraNumber":30,"HizbNumber":8,"HizbDecimal":0.25,"HasSajda":false},{"SurahNumber":3,"SurahIndex":"003","VerseNumber":190,"ShowSurahName":false,"ShowBismillah":false,"Words":[{"Position":1,"AudioFileName":"003_190_001.mp3","TajweedImageFilePath":"3/190/1.png","Text":"إِنَّ","Translation":"Indeed","Transliteration":"inna"},{"Position":2,"AudioFileName":"003_190_002.mp3","TajweedImageFilePath":"3/190/2.png","Text":"فِى","Translation":"in","Transliteration":"fī"},{"Position":3,"AudioFileName":"003_190_003.mp3","TajweedImageFilePath":"3/190/3.png","Text":"خَلْقِ","Translation":"(the) creation","Transliteration":"khalqi"},{"Position":4,"AudioFileName":"003_190_004.mp3","TajweedImageFilePath":"3/190/4.png","Text":"ٱلسَّمَـٰوَٰتِ","Translation":"(of) the heavens","Transliteration":"l-samāwāti"},{"Position":5,"AudioFileName":"003_190_005.mp3","TajweedImageFilePath":"3/190/5.png","Text":"وَٱلْأَرْضِ","Translation":"and the earth","Transliteration":"wal-arḍi"},{"Position":6,"AudioFileName":"003_190_006.mp3","TajweedImageFilePath":"3/190/6.png","Text":"وَٱخْتِلَـٰفِ","Translation":"and (in the) alternation","Transliteration":"wa-ikh'tilāfi"},{"Position":7,"AudioFileName":"003_190_007.mp3","TajweedImageFilePath":"3/190/7.png","Text":"ٱلَّيْلِ","Translation":"(of) the night","Transliteration":"al-layli"},{"Position":8,"AudioFileName":"003_190_008.mp3","TajweedImageFilePath":"3/190/8.png","Text":"وَٱلنَّهَارِ","Translation":"and the day","Transliteration":"wal-nahāri"},{"Position":9,"AudioFileName":"003_190_009.mp3","TajweedImageFilePath":"3/190/9.png","Text":"لَـَٔايَـٰتٍۢ","Translation":"(are) surely Signs","Transliteration":"laāyātin"},{"Position":10,"AudioFileName":"003_190_010.mp3","TajweedImageFilePath":"3/190/10.png","Text":"لِّأُو۟لِى","Translation":"for men","Transliteration":"li-ulī"},{"Position":11,"AudioFileName":"003_190_011.mp3","TajweedImageFilePath":"3/190/11.png","Text":"ٱلْأَلْبَـٰبِ","Translation":"(of) understanding","Transliteration":"l-albābi"},{"Position":12,"AudioFileName":null,"TajweedImageFilePath":"190.png","Text":"١٩٠","Translation":"(190)","Transliteration":null}],"PageNumber":75,"JuzNumber":4,"ManzilNumber":1,"RukuNumber":61,"MaqraNumber":30,"HizbNumber":8,"HizbDecimal":0.25,"HasSajda":false},{"SurahNumber":3,"SurahIndex":"003","VerseNumber":191,"ShowSurahName":false,"ShowBismillah":false,"Words":[{"Position":1,"AudioFileName":"003_191_001.mp3","TajweedImageFilePath":"3/191/1.png","Text":"ٱلَّذِينَ","Translation":"Those who","Transliteration":"alladhīna"},{"Position":2,"AudioFileName":"003_191_002.mp3","TajweedImageFilePath":"3/191/2.png","Text":"يَذْكُرُونَ","Translation":"remember","Transliteration":"yadhkurūna"},{"Position":3,"AudioFileName":"003_191_003.mp3","TajweedImageFilePath":"3/191/3.png","Text":"ٱللَّهَ","Translation":"Allah","Transliteration":"l-laha"},{"Position":4,"AudioFileName":"003_191_004.mp3","TajweedImageFilePath":"3/191/4.png","Text":"قِيَـٰمًۭا","Translation":"standing","Transliteration":"qiyāman"},{"Position":5,"AudioFileName":"003_191_005.mp3","TajweedImageFilePath":"3/191/5.png","Text":"وَقُعُودًۭا","Translation":"and sitting","Transliteration":"waquʿūdan"},{"Position":6,"AudioFileName":"003_191_006.mp3","TajweedImageFilePath":"3/191/6.png","Text":"وَعَلَىٰ","Translation":"and on","Transliteration":"waʿalā"},{"Position":7,"AudioFileName":"003_191_007.mp3","TajweedImageFilePath":"3/191/7.png","Text":"جُنُوبِهِمْ","Translation":"their sides","Transliteration":"junūbihim"},{"Position":8,"AudioFileName":"003_191_008.mp3","TajweedImageFilePath":"3/191/8.png","Text":"وَيَتَفَكَّرُونَ","Translation":"and they reflect","Transliteration":"wayatafakkarūna"},{"Position":9,"AudioFileName":"003_191_009.mp3","TajweedImageFilePath":"3/191/9.png","Text":"فِى","Translation":"on","Transliteration":"fī"},{"Position":10,"AudioFileName":"003_191_010.mp3","TajweedImageFilePath":"3/191/10.png","Text":"خَلْقِ","Translation":"(the) creation","Transliteration":"khalqi"},{"Position":11,"AudioFileName":"003_191_011.mp3","TajweedImageFilePath":"3/191/11.png","Text":"ٱلسَّمَـٰوَٰتِ","Translation":"(of) the heavens","Transliteration":"l-samāwāti"},{"Position":12,"AudioFileName":"003_191_012.mp3","TajweedImageFilePath":"3/191/12.png","Text":"وَٱلْأَرْضِ","Translation":"and the earth","Transliteration":"wal-arḍi"},{"Position":13,"AudioFileName":"003_191_013.mp3","TajweedImageFilePath":"3/191/13.png","Text":"رَبَّنَا","Translation":"Our Lord","Transliteration":"rabbanā"},{"Position":14,"AudioFileName":"003_191_014.mp3","TajweedImageFilePath":"3/191/14.png","Text":"مَا","Translation":"not","Transliteration":"mā"},{"Position":15,"AudioFileName":"003_191_015.mp3","TajweedImageFilePath":"3/191/15.png","Text":"خَلَقْتَ","Translation":"You have created","Transliteration":"khalaqta"},{"Position":16,"AudioFileName":"003_191_016.mp3","TajweedImageFilePath":"3/191/16.png","Text":"هَـٰذَا","Translation":"this","Transliteration":"hādhā"},{"Position":17,"AudioFileName":"003_191_017.mp3","TajweedImageFilePath":"3/191/17.png","Text":"بَـٰطِلًۭا","Translation":"(in) vain","Transliteration":"bāṭilan"},{"Position":18,"AudioFileName":"003_191_018.mp3","TajweedImageFilePath":"3/191/18.png","Text":"سُبْحَـٰنَكَ","Translation":"Glory be to You","Transliteration":"sub'ḥānaka"},{"Position":19,"AudioFileName":"003_191_019.mp3","TajweedImageFilePath":"3/191/19.png","Text":"فَقِنَا","Translation":"so save us","Transliteration":"faqinā"},{"Position":20,"AudioFileName":"003_191_020.mp3","TajweedImageFilePath":"3/191/20.png","Text":"عَذَابَ","Translation":"(from the) punishment","Transliteration":"ʿadhāba"},{"Position":21,"AudioFileName":"003_191_021.mp3","TajweedImageFilePath":"3/191/21.png","Text":"ٱلنَّارِ","Translation":"(of) the Fire","Transliteration":"l-nāri"},{"Position":22,"AudioFileName":null,"TajweedImageFilePath":"191.png","Text":"١٩١","Translation":"(191)","Transliteration":null}],"PageNumber":75,"JuzNumber":4,"ManzilNumber":1,"RukuNumber":61,"MaqraNumber":30,"HizbNumber":8,"HizbDecimal":0.25,"HasSajda":false},{"SurahNumber":3,"SurahIndex":"003","VerseNumber":192,"ShowSurahName":false,"ShowBismillah":false,"Words":[{"Position":1,"AudioFileName":"003_192_001.mp3","TajweedImageFilePath":"3/192/1.png","Text":"رَبَّنَآ","Translation":"Our Lord","Transliteration":"rabbanā"},{"Position":2,"AudioFileName":"003_192_002.mp3","TajweedImageFilePath":"3/192/2.png","Text":"إِنَّكَ","Translation":"indeed [You]","Transliteration":"innaka"},{"Position":3,"AudioFileName":"003_192_003.mp3","TajweedImageFilePath":"3/192/3.png","Text":"مَن","Translation":"whom","Transliteration":"man"},{"Position":4,"AudioFileName":"003_192_004.mp3","TajweedImageFilePath":"3/192/4.png","Text":"تُدْخِلِ","Translation":"You admit","Transliteration":"tud'khili"},{"Position":5,"AudioFileName":"003_192_005.mp3","TajweedImageFilePath":"3/192/5.png","Text":"ٱلنَّارَ","Translation":"(to) the Fire","Transliteration":"l-nāra"},{"Position":6,"AudioFileName":"003_192_006.mp3","TajweedImageFilePath":"3/192/6.png","Text":"فَقَدْ","Translation":"then surely","Transliteration":"faqad"},{"Position":7,"AudioFileName":"003_192_007.mp3","TajweedImageFilePath":"3/192/7.png","Text":"أَخْزَيْتَهُۥ ۖ","Translation":"You (have) disgraced him","Transliteration":"akhzaytahu"},{"Position":8,"AudioFileName":"003_192_008.mp3","TajweedImageFilePath":"3/192/8.png","Text":"وَمَا","Translation":"and not","Transliteration":"wamā"},{"Position":9,"AudioFileName":"003_192_009.mp3","TajweedImageFilePath":"3/192/9.png","Text":"لِلظَّـٰلِمِينَ","Translation":"for the wrongdoers","Transliteration":"lilẓẓālimīna"},{"Position":10,"AudioFileName":"003_192_010.mp3","TajweedImageFilePath":"3/192/10.png","Text":"مِنْ","Translation":"(are) any","Transliteration":"min"},{"Position":11,"AudioFileName":"003_192_011.mp3","TajweedImageFilePath":"3/192/11.png","Text":"أَنصَارٍۢ","Translation":"helpers","Transliteration":"anṣārin"},{"Position":12,"AudioFileName":null,"TajweedImageFilePath":"192.png","Text":"١٩٢","Translation":"(192)","Transliteration":null}],"PageNumber":75,"JuzNumber":4,"ManzilNumber":1,"RukuNumber":61,"MaqraNumber":30,"HizbNumber":8,"HizbDecimal":0.25,"HasSajda":false},{"SurahNumber":3,"SurahIndex":"003","VerseNumber":193,"ShowSurahName":false,"ShowBismillah":false,"Words":[{"Position":1,"AudioFileName":"003_193_001.mp3","TajweedImageFilePath":"3/193/1.png","Text":"رَّبَّنَآ","Translation":"Our Lord","Transliteration":"rabbanā"},{"Position":2,"AudioFileName":"003_193_002.mp3","TajweedImageFilePath":"3/193/2.png","Text":"إِنَّنَا","Translation":"indeed we","Transliteration":"innanā"},{"Position":3,"AudioFileName":"003_193_003.mp3","TajweedImageFilePath":"3/193/3.png","Text":"سَمِعْنَا","Translation":"[we] heard","Transliteration":"samiʿ'nā"},{"Position":4,"AudioFileName":"003_193_004.mp3","TajweedImageFilePath":"3/193/4.png","Text":"مُنَادِيًۭا","Translation":"a caller","Transliteration":"munādiyan"},{"Position":5,"AudioFileName":"003_193_005.mp3","TajweedImageFilePath":"3/193/5.png","Text":"يُنَادِى","Translation":"calling","Transliteration":"yunādī"},{"Position":6,"AudioFileName":"003_193_006.mp3","TajweedImageFilePath":"3/193/6.png","Text":"لِلْإِيمَـٰنِ","Translation":"to the faith","Transliteration":"lil'īmāni"},{"Position":7,"AudioFileName":"003_193_007.mp3","TajweedImageFilePath":"3/193/7.png","Text":"أَنْ","Translation":"that","Transliteration":"an"},{"Position":8,"AudioFileName":"003_193_008.mp3","TajweedImageFilePath":"3/193/8.png","Text":"ءَامِنُوا۟","Translation":"Believe","Transliteration":"āminū"},{"Position":9,"AudioFileName":"003_193_009.mp3","TajweedImageFilePath":"3/193/9.png","Text":"بِرَبِّكُمْ","Translation":"in your Lord","Transliteration":"birabbikum"},{"Position":10,"AudioFileName":"003_193_010.mp3","TajweedImageFilePath":"3/193/10.png","Text":"فَـَٔامَنَّا ۚ","Translation":"so we have believed","Transliteration":"faāmannā"},{"Position":11,"AudioFileName":"003_193_011.mp3","TajweedImageFilePath":"3/193/11.png","Text":"رَبَّنَا","Translation":"Our Lord","Transliteration":"rabbanā"},{"Position":12,"AudioFileName":"003_193_012.mp3","TajweedImageFilePath":"3/193/12.png","Text":"فَٱغْفِرْ","Translation":"so forgive","Transliteration":"fa-igh'fir"},{"Position":13,"AudioFileName":"003_193_013.mp3","TajweedImageFilePath":"3/193/13.png","Text":"لَنَا","Translation":"for us","Transliteration":"lanā"},{"Position":14,"AudioFileName":"003_193_014.mp3","TajweedImageFilePath":"3/193/14.png","Text":"ذُنُوبَنَا","Translation":"our sins","Transliteration":"dhunūbanā"},{"Position":15,"AudioFileName":"003_193_015.mp3","TajweedImageFilePath":"3/193/15.png","Text":"وَكَفِّرْ","Translation":"and remove","Transliteration":"wakaffir"},{"Position":16,"AudioFileName":"003_193_016.mp3","TajweedImageFilePath":"3/193/16.png","Text":"عَنَّا","Translation":"from us","Transliteration":"ʿannā"},{"Position":17,"AudioFileName":"003_193_017.mp3","TajweedImageFilePath":"3/193/17.png","Text":"سَيِّـَٔاتِنَا","Translation":"our evil deeds","Transliteration":"sayyiātinā"},{"Position":18,"AudioFileName":"003_193_018.mp3","TajweedImageFilePath":"3/193/18.png","Text":"وَتَوَفَّنَا","Translation":"and cause us to die","Transliteration":"watawaffanā"},{"Position":19,"AudioFileName":"003_193_019.mp3","TajweedImageFilePath":"3/193/19.png","Text":"مَعَ","Translation":"with","Transliteration":"maʿa"},{"Position":20,"AudioFileName":"003_193_020.mp3","TajweedImageFilePath":"3/193/20.png","Text":"ٱلْأَبْرَارِ","Translation":"the righteous","Transliteration":"l-abrāri"},{"Position":21,"AudioFileName":null,"TajweedImageFilePath":"193.png","Text":"١٩٣","Translation":"(193)","Transliteration":null}],"PageNumber":75,"JuzNumber":4,"ManzilNumber":1,"RukuNumber":61,"MaqraNumber":30,"HizbNumber":8,"HizbDecimal":0.25,"HasSajda":false},{"SurahNumber":3,"SurahIndex":"003","VerseNumber":194,"ShowSurahName":false,"ShowBismillah":false,"Words":[{"Position":1,"AudioFileName":"003_194_001.mp3","TajweedImageFilePath":"3/194/1.png","Text":"رَبَّنَا","Translation":"Our Lord","Transliteration":"rabbanā"},{"Position":2,"AudioFileName":"003_194_002.mp3","TajweedImageFilePath":"3/194/2.png","Text":"وَءَاتِنَا","Translation":"grant us","Transliteration":"waātinā"},{"Position":3,"AudioFileName":"003_194_003.mp3","TajweedImageFilePath":"3/194/3.png","Text":"مَا","Translation":"what","Transliteration":"mā"},{"Position":4,"AudioFileName":"003_194_004.mp3","TajweedImageFilePath":"3/194/4.png","Text":"وَعَدتَّنَا","Translation":"You promised us","Transliteration":"waʿadttanā"},{"Position":5,"AudioFileName":"003_194_005.mp3","TajweedImageFilePath":"3/194/5.png","Text":"عَلَىٰ","Translation":"through","Transliteration":"ʿalā"},{"Position":6,"AudioFileName":"003_194_006.mp3","TajweedImageFilePath":"3/194/6.png","Text":"رُسُلِكَ","Translation":"Your Messengers","Transliteration":"rusulika"},{"Position":7,"AudioFileName":"003_194_007.mp3","TajweedImageFilePath":"3/194/7.png","Text":"وَلَا","Translation":"and (do) not","Transliteration":"walā"},{"Position":8,"AudioFileName":"003_194_008.mp3","TajweedImageFilePath":"3/194/8.png","Text":"تُخْزِنَا","Translation":"disgrace us","Transliteration":"tukh'zinā"},{"Position":9,"AudioFileName":"003_194_009.mp3","TajweedImageFilePath":"3/194/9.png","Text":"يَوْمَ","Translation":"(on the) Day","Transliteration":"yawma"},{"Position":10,"AudioFileName":"003_194_010.mp3","TajweedImageFilePath":"3/194/10.png","Text":"ٱلْقِيَـٰمَةِ ۗ","Translation":"(of) [the] Resurrection","Transliteration":"l-qiyāmati"},{"Position":11,"AudioFileName":"003_194_011.mp3","TajweedImageFilePath":"3/194/11.png","Text":"إِنَّكَ","Translation":"Indeed, You","Transliteration":"innaka"},{"Position":12,"AudioFileName":"003_194_012.mp3","TajweedImageFilePath":"3/194/12.png","Text":"لَا","Translation":"(do) not","Transliteration":"lā"},{"Position":13,"AudioFileName":"003_194_013.mp3","TajweedImageFilePath":"3/194/13.png","Text":"تُخْلِفُ","Translation":"break","Transliteration":"tukh'lifu"},{"Position":14,"AudioFileName":"003_194_014.mp3","TajweedImageFilePath":"3/194/14.png","Text":"ٱلْمِيعَادَ","Translation":"the promise","Transliteration":"l-mīʿāda"},{"Position":15,"AudioFileName":null,"TajweedImageFilePath":"194.png","Text":"١٩٤","Translation":"(194)","Transliteration":null}],"PageNumber":75,"JuzNumber":4,"ManzilNumber":1,"RukuNumber":61,"MaqraNumber":30,"HizbNumber":8,"HizbDecimal":0.25,"HasSajda":false},{"SurahNumber":3,"SurahIndex":"003","VerseNumber":195,"ShowSurahName":false,"ShowBismillah":false,"Words":[{"Position":1,"AudioFileName":"003_195_001.mp3","TajweedImageFilePath":"3/195/1.png","Text":"فَٱسْتَجَابَ","Translation":"Then responded","Transliteration":"fa-is'tajāba"},{"Position":2,"AudioFileName":"003_195_002.mp3","TajweedImageFilePath":"3/195/2.png","Text":"لَهُمْ","Translation":"to them","Transliteration":"lahum"},{"Position":3,"AudioFileName":"003_195_003.mp3","TajweedImageFilePath":"3/195/3.png","Text":"رَبُّهُمْ","Translation":"their Lord","Transliteration":"rabbuhum"},{"Position":4,"AudioFileName":"003_195_004.mp3","TajweedImageFilePath":"3/195/4.png","Text":"أَنِّى","Translation":"Indeed, I","Transliteration":"annī"},{"Position":5,"AudioFileName":"003_195_005.mp3","TajweedImageFilePath":"3/195/5.png","Text":"لَآ","Translation":"(will) not","Transliteration":"lā"},{"Position":6,"AudioFileName":"003_195_006.mp3","TajweedImageFilePath":"3/195/6.png","Text":"أُضِيعُ","Translation":"(let go) waste","Transliteration":"uḍīʿu"},{"Position":7,"AudioFileName":"003_195_007.mp3","TajweedImageFilePath":"3/195/7.png","Text":"عَمَلَ","Translation":"deeds","Transliteration":"ʿamala"},{"Position":8,"AudioFileName":"003_195_008.mp3","TajweedImageFilePath":"3/195/8.png","Text":"عَـٰمِلٍۢ","Translation":"(of the) doer","Transliteration":"ʿāmilin"},{"Position":9,"AudioFileName":"003_195_009.mp3","TajweedImageFilePath":"3/195/9.png","Text":"مِّنكُم","Translation":"among you","Transliteration":"minkum"},{"Position":10,"AudioFileName":"003_195_010.mp3","TajweedImageFilePath":"3/195/10.png","Text":"مِّن","Translation":"[from]","Transliteration":"min"},{"Position":11,"AudioFileName":"003_195_011.mp3","TajweedImageFilePath":"3/195/11.png","Text":"ذَكَرٍ","Translation":"(whether) male","Transliteration":"dhakarin"},{"Position":12,"AudioFileName":"003_195_012.mp3","TajweedImageFilePath":"3/195/12.png","Text":"أَوْ","Translation":"or","Transliteration":"aw"},{"Position":13,"AudioFileName":"003_195_013.mp3","TajweedImageFilePath":"3/195/13.png","Text":"أُنثَىٰ ۖ","Translation":"female","Transliteration":"unthā"},{"Position":14,"AudioFileName":"003_195_014.mp3","TajweedImageFilePath":"3/195/14.png","Text":"بَعْضُكُم","Translation":"each of you","Transliteration":"baʿḍukum"},{"Position":15,"AudioFileName":"003_195_015.mp3","TajweedImageFilePath":"3/195/15.png","Text":"مِّنۢ","Translation":"from","Transliteration":"min"},{"Position":16,"AudioFileName":"003_195_016.mp3","TajweedImageFilePath":"3/195/16.png","Text":"بَعْضٍۢ ۖ","Translation":"(the) other","Transliteration":"baʿḍin"},{"Position":17,"AudioFileName":"003_195_017.mp3","TajweedImageFilePath":"3/195/17.png","Text":"فَٱلَّذِينَ","Translation":"So those who","Transliteration":"fa-alladhīna"},{"Position":18,"AudioFileName":"003_195_018.mp3","TajweedImageFilePath":"3/195/18.png","Text":"هَاجَرُوا۟","Translation":"emigrated","Transliteration":"hājarū"},{"Position":19,"AudioFileName":"003_195_019.mp3","TajweedImageFilePath":"3/195/19.png","Text":"وَأُخْرِجُوا۟","Translation":"and were driven out","Transliteration":"wa-ukh'rijū"},{"Position":20,"AudioFileName":"003_195_020.mp3","TajweedImageFilePath":"3/195/20.png","Text":"مِن","Translation":"from","Transliteration":"min"},{"Position":21,"AudioFileName":"003_195_021.mp3","TajweedImageFilePath":"3/195/21.png","Text":"دِيَـٰرِهِمْ","Translation":"their homes","Transliteration":"diyārihim"},{"Position":22,"AudioFileName":"003_195_022.mp3","TajweedImageFilePath":"3/195/22.png","Text":"وَأُوذُوا۟","Translation":"and were harmed","Transliteration":"waūdhū"},{"Position":23,"AudioFileName":"003_195_023.mp3","TajweedImageFilePath":"3/195/23.png","Text":"فِى","Translation":"in","Transliteration":"fī"},{"Position":24,"AudioFileName":"003_195_024.mp3","TajweedImageFilePath":"3/195/24.png","Text":"سَبِيلِى","Translation":"My way","Transliteration":"sabīlī"},{"Position":25,"AudioFileName":"003_195_025.mp3","TajweedImageFilePath":"3/195/25.png","Text":"وَقَـٰتَلُوا۟","Translation":"and fought","Transliteration":"waqātalū"},{"Position":26,"AudioFileName":"003_195_026.mp3","TajweedImageFilePath":"3/195/26.png","Text":"وَقُتِلُوا۟","Translation":"and were killed ","Transliteration":"waqutilū"},{"Position":27,"AudioFileName":"003_195_027.mp3","TajweedImageFilePath":"3/195/27.png","Text":"لَأُكَفِّرَنَّ","Translation":"surely I (will) remove","Transliteration":"la-ukaffiranna"},{"Position":28,"AudioFileName":"003_195_028.mp3","TajweedImageFilePath":"3/195/28.png","Text":"عَنْهُمْ","Translation":"from them","Transliteration":"ʿanhum"},{"Position":29,"AudioFileName":"003_195_029.mp3","TajweedImageFilePath":"3/195/29.png","Text":"سَيِّـَٔاتِهِمْ","Translation":"their evil deeds","Transliteration":"sayyiātihim"},{"Position":30,"AudioFileName":"003_195_030.mp3","TajweedImageFilePath":"3/195/30.png","Text":"وَلَأُدْخِلَنَّهُمْ","Translation":"and surely I will admit them","Transliteration":"wala-ud'khilannahum"},{"Position":31,"AudioFileName":"003_195_031.mp3","TajweedImageFilePath":"3/195/31.png","Text":"جَنَّـٰتٍۢ","Translation":"(to) Gardens","Transliteration":"jannātin"},{"Position":32,"AudioFileName":"003_195_032.mp3","TajweedImageFilePath":"3/195/32.png","Text":"تَجْرِى","Translation":"flowing","Transliteration":"tajrī"},{"Position":33,"AudioFileName":"003_195_033.mp3","TajweedImageFilePath":"3/195/33.png","Text":"مِن","Translation":"from","Transliteration":"min"},{"Position":34,"AudioFileName":"003_195_034.mp3","TajweedImageFilePath":"3/195/34.png","Text":"تَحْتِهَا","Translation":"underneath them","Transliteration":"taḥtihā"},{"Position":35,"AudioFileName":"003_195_035.mp3","TajweedImageFilePath":"3/195/35.png","Text":"ٱلْأَنْهَـٰرُ","Translation":"the rivers ","Transliteration":"l-anhāru"},{"Position":36,"AudioFileName":"003_195_036.mp3","TajweedImageFilePath":"3/195/36.png","Text":"ثَوَابًۭا","Translation":"a reward","Transliteration":"thawāban"},{"Position":37,"AudioFileName":"003_195_037.mp3","TajweedImageFilePath":"3/195/37.png","Text":"مِّنْ","Translation":"from","Transliteration":"min"},{"Position":38,"AudioFileName":"003_195_038.mp3","TajweedImageFilePath":"3/195/38.png","Text":"عِندِ","Translation":"[near]","Transliteration":"ʿindi"},{"Position":39,"AudioFileName":"003_195_039.mp3","TajweedImageFilePath":"3/195/39.png","Text":"ٱللَّهِ ۗ","Translation":"Allah","Transliteration":"l-lahi"},{"Position":40,"AudioFileName":"003_195_040.mp3","TajweedImageFilePath":"3/195/40.png","Text":"وَٱللَّهُ","Translation":"And Allah ","Transliteration":"wal-lahu"},{"Position":41,"AudioFileName":"003_195_041.mp3","TajweedImageFilePath":"3/195/41.png","Text":"عِندَهُۥ","Translation":"with Him","Transliteration":"ʿindahu"},{"Position":42,"AudioFileName":"003_195_042.mp3","TajweedImageFilePath":"3/195/42.png","Text":"حُسْنُ","Translation":"(is the) best","Transliteration":"ḥus'nu"},{"Position":43,"AudioFileName":"003_195_043.mp3","TajweedImageFilePath":"3/195/43.png","Text":"ٱلثَّوَابِ","Translation":"reward","Transliteration":"l-thawābi"},{"Position":44,"AudioFileName":null,"TajweedImageFilePath":"195.png","Text":"١٩٥","Translation":"(195)","Transliteration":null}],"PageNumber":76,"JuzNumber":4,"ManzilNumber":1,"RukuNumber":61,"MaqraNumber":30,"HizbNumber":8,"HizbDecimal":0.25,"HasSajda":false},{"SurahNumber":3,"SurahIndex":"003","VerseNumber":196,"ShowSurahName":false,"ShowBismillah":false,"Words":[{"Position":1,"AudioFileName":"003_196_001.mp3","TajweedImageFilePath":"3/196/1.png","Text":"لَا","Translation":"(Let) not","Transliteration":"lā"},{"Position":2,"AudioFileName":"003_196_002.mp3","TajweedImageFilePath":"3/196/2.png","Text":"يَغُرَّنَّكَ","Translation":"deceive you","Transliteration":"yaghurrannaka"},{"Position":3,"AudioFileName":"003_196_003.mp3","TajweedImageFilePath":"3/196/3.png","Text":"تَقَلُّبُ","Translation":"(the) movement","Transliteration":"taqallubu"},{"Position":4,"AudioFileName":"003_196_004.mp3","TajweedImageFilePath":"3/196/4.png","Text":"ٱلَّذِينَ","Translation":"(of) those who","Transliteration":"alladhīna"},{"Position":5,"AudioFileName":"003_196_005.mp3","TajweedImageFilePath":"3/196/5.png","Text":"كَفَرُوا۟","Translation":"disbelieved","Transliteration":"kafarū"},{"Position":6,"AudioFileName":"003_196_006.mp3","TajweedImageFilePath":"3/196/6.png","Text":"فِى","Translation":"in","Transliteration":"fī"},{"Position":7,"AudioFileName":"003_196_007.mp3","TajweedImageFilePath":"3/196/7.png","Text":"ٱلْبِلَـٰدِ","Translation":"the land","Transliteration":"l-bilādi"},{"Position":8,"AudioFileName":null,"TajweedImageFilePath":"196.png","Text":"١٩٦","Translation":"(196)","Transliteration":null}],"PageNumber":76,"JuzNumber":4,"ManzilNumber":1,"RukuNumber":61,"MaqraNumber":30,"HizbNumber":8,"HizbDecimal":0.25,"HasSajda":false},{"SurahNumber":3,"SurahIndex":"003","VerseNumber":197,"ShowSurahName":false,"ShowBismillah":false,"Words":[{"Position":1,"AudioFileName":"003_197_001.mp3","TajweedImageFilePath":"3/197/1.png","Text":"مَتَـٰعٌۭ","Translation":"An enjoyment","Transliteration":"matāʿun"},{"Position":2,"AudioFileName":"003_197_002.mp3","TajweedImageFilePath":"3/197/2.png","Text":"قَلِيلٌۭ","Translation":"little","Transliteration":"qalīlun"},{"Position":3,"AudioFileName":"003_197_003.mp3","TajweedImageFilePath":"3/197/3.png","Text":"ثُمَّ","Translation":"then","Transliteration":"thumma"},{"Position":4,"AudioFileName":"003_197_004.mp3","TajweedImageFilePath":"3/197/4.png","Text":"مَأْوَىٰهُمْ","Translation":"their abode","Transliteration":"mawāhum"},{"Position":5,"AudioFileName":"003_197_005.mp3","TajweedImageFilePath":"3/197/5.png","Text":"جَهَنَّمُ ۚ","Translation":"(is) hell ","Transliteration":"jahannamu"},{"Position":6,"AudioFileName":"003_197_006.mp3","TajweedImageFilePath":"3/197/6.png","Text":"وَبِئْسَ","Translation":"[and] a wretched","Transliteration":"wabi'sa"},{"Position":7,"AudioFileName":"003_197_007.mp3","TajweedImageFilePath":"3/197/7.png","Text":"ٱلْمِهَادُ","Translation":"[the] resting place","Transliteration":"l-mihādu"},{"Position":8,"AudioFileName":null,"TajweedImageFilePath":"197.png","Text":"١٩٧","Translation":"(197)","Transliteration":null}],"PageNumber":76,"JuzNumber":4,"ManzilNumber":1,"RukuNumber":61,"MaqraNumber":30,"HizbNumber":8,"HizbDecimal":0.25,"HasSajda":false},{"SurahNumber":3,"SurahIndex":"003","VerseNumber":198,"ShowSurahName":false,"ShowBismillah":false,"Words":[{"Position":1,"AudioFileName":"003_198_001.mp3","TajweedImageFilePath":"3/198/1.png","Text":"لَـٰكِنِ","Translation":"But","Transliteration":"lākini"},{"Position":2,"AudioFileName":"003_198_002.mp3","TajweedImageFilePath":"3/198/2.png","Text":"ٱلَّذِينَ","Translation":"those who","Transliteration":"alladhīna"},{"Position":3,"AudioFileName":"003_198_003.mp3","TajweedImageFilePath":"3/198/3.png","Text":"ٱتَّقَوْا۟","Translation":"fear","Transliteration":"ittaqaw"},{"Position":4,"AudioFileName":"003_198_004.mp3","TajweedImageFilePath":"3/198/4.png","Text":"رَبَّهُمْ","Translation":"their Lord","Transliteration":"rabbahum"},{"Position":5,"AudioFileName":"003_198_005.mp3","TajweedImageFilePath":"3/198/5.png","Text":"لَهُمْ","Translation":"for them","Transliteration":"lahum"},{"Position":6,"AudioFileName":"003_198_006.mp3","TajweedImageFilePath":"3/198/6.png","Text":"جَنَّـٰتٌۭ","Translation":"(will be) Gardens","Transliteration":"jannātun"},{"Position":7,"AudioFileName":"003_198_007.mp3","TajweedImageFilePath":"3/198/7.png","Text":"تَجْرِى","Translation":"flows","Transliteration":"tajrī"},{"Position":8,"AudioFileName":"003_198_008.mp3","TajweedImageFilePath":"3/198/8.png","Text":"مِن","Translation":"from","Transliteration":"min"},{"Position":9,"AudioFileName":"003_198_009.mp3","TajweedImageFilePath":"3/198/9.png","Text":"تَحْتِهَا","Translation":"underneath them","Transliteration":"taḥtihā"},{"Position":10,"AudioFileName":"003_198_010.mp3","TajweedImageFilePath":"3/198/10.png","Text":"ٱلْأَنْهَـٰرُ","Translation":"the rivers","Transliteration":"l-anhāru"},{"Position":11,"AudioFileName":"003_198_011.mp3","TajweedImageFilePath":"3/198/11.png","Text":"خَـٰلِدِينَ","Translation":"will abide forever","Transliteration":"khālidīna"},{"Position":12,"AudioFileName":"003_198_012.mp3","TajweedImageFilePath":"3/198/12.png","Text":"فِيهَا","Translation":"in it ","Transliteration":"fīhā"},{"Position":13,"AudioFileName":"003_198_013.mp3","TajweedImageFilePath":"3/198/13.png","Text":"نُزُلًۭا","Translation":"a hospitality","Transliteration":"nuzulan"},{"Position":14,"AudioFileName":"003_198_014.mp3","TajweedImageFilePath":"3/198/14.png","Text":"مِّنْ","Translation":"from","Transliteration":"min"},{"Position":15,"AudioFileName":"003_198_015.mp3","TajweedImageFilePath":"3/198/15.png","Text":"عِندِ","Translation":"[near]","Transliteration":"ʿindi"},{"Position":16,"AudioFileName":"003_198_016.mp3","TajweedImageFilePath":"3/198/16.png","Text":"ٱللَّهِ ۗ","Translation":"Allah","Transliteration":"l-lahi"},{"Position":17,"AudioFileName":"003_198_017.mp3","TajweedImageFilePath":"3/198/17.png","Text":"وَمَا","Translation":"And what","Transliteration":"wamā"},{"Position":18,"AudioFileName":"003_198_018.mp3","TajweedImageFilePath":"3/198/18.png","Text":"عِندَ","Translation":"(is) with","Transliteration":"ʿinda"},{"Position":19,"AudioFileName":"003_198_019.mp3","TajweedImageFilePath":"3/198/19.png","Text":"ٱللَّهِ","Translation":"Allah","Transliteration":"l-lahi"},{"Position":20,"AudioFileName":"003_198_020.mp3","TajweedImageFilePath":"3/198/20.png","Text":"خَيْرٌۭ","Translation":"(is) best","Transliteration":"khayrun"},{"Position":21,"AudioFileName":"003_198_021.mp3","TajweedImageFilePath":"3/198/21.png","Text":"لِّلْأَبْرَارِ","Translation":"for the righteous","Transliteration":"lil'abrāri"},{"Position":22,"AudioFileName":null,"TajweedImageFilePath":"198.png","Text":"١٩٨","Translation":"(198)","Transliteration":null}],"PageNumber":76,"JuzNumber":4,"ManzilNumber":1,"RukuNumber":61,"MaqraNumber":30,"HizbNumber":8,"HizbDecimal":0.25,"HasSajda":false},{"SurahNumber":3,"SurahIndex":"003","VerseNumber":199,"ShowSurahName":false,"ShowBismillah":false,"Words":[{"Position":1,"AudioFileName":"003_199_001.mp3","TajweedImageFilePath":"3/199/1.png","Text":"وَإِنَّ","Translation":"And indeed","Transliteration":"wa-inna"},{"Position":2,"AudioFileName":"003_199_002.mp3","TajweedImageFilePath":"3/199/2.png","Text":"مِنْ","Translation":"among","Transliteration":"min"},{"Position":3,"AudioFileName":"003_199_003.mp3","TajweedImageFilePath":"3/199/3.png","Text":"أَهْلِ","Translation":"(the) People","Transliteration":"ahli"},{"Position":4,"AudioFileName":"003_199_004.mp3","TajweedImageFilePath":"3/199/4.png","Text":"ٱلْكِتَـٰبِ","Translation":"(of) the Book","Transliteration":"l-kitābi"},{"Position":5,"AudioFileName":"003_199_005.mp3","TajweedImageFilePath":"3/199/5.png","Text":"لَمَن","Translation":"(are those) who","Transliteration":"laman"},{"Position":6,"AudioFileName":"003_199_006.mp3","TajweedImageFilePath":"3/199/6.png","Text":"يُؤْمِنُ","Translation":"believe","Transliteration":"yu'minu"},{"Position":7,"AudioFileName":"003_199_007.mp3","TajweedImageFilePath":"3/199/7.png","Text":"بِٱللَّهِ","Translation":"in Allah","Transliteration":"bil-lahi"},{"Position":8,"AudioFileName":"003_199_008.mp3","TajweedImageFilePath":"3/199/8.png","Text":"وَمَآ","Translation":"and what","Transliteration":"wamā"},{"Position":9,"AudioFileName":"003_199_009.mp3","TajweedImageFilePath":"3/199/9.png","Text":"أُنزِلَ","Translation":"was revealed","Transliteration":"unzila"},{"Position":10,"AudioFileName":"003_199_010.mp3","TajweedImageFilePath":"3/199/10.png","Text":"إِلَيْكُمْ","Translation":"to you","Transliteration":"ilaykum"},{"Position":11,"AudioFileName":"003_199_011.mp3","TajweedImageFilePath":"3/199/11.png","Text":"وَمَآ","Translation":"and what","Transliteration":"wamā"},{"Position":12,"AudioFileName":"003_199_012.mp3","TajweedImageFilePath":"3/199/12.png","Text":"أُنزِلَ","Translation":"was revealed","Transliteration":"unzila"},{"Position":13,"AudioFileName":"003_199_013.mp3","TajweedImageFilePath":"3/199/13.png","Text":"إِلَيْهِمْ","Translation":"to them ","Transliteration":"ilayhim"},{"Position":14,"AudioFileName":"003_199_014.mp3","TajweedImageFilePath":"3/199/14.png","Text":"خَـٰشِعِينَ","Translation":"humbly submissive","Transliteration":"khāshiʿīna"},{"Position":15,"AudioFileName":"003_199_015.mp3","TajweedImageFilePath":"3/199/15.png","Text":"لِلَّهِ","Translation":"to Allah","Transliteration":"lillahi"},{"Position":16,"AudioFileName":"003_199_016.mp3","TajweedImageFilePath":"3/199/16.png","Text":"لَا","Translation":"Not","Transliteration":"lā"},{"Position":17,"AudioFileName":"003_199_017.mp3","TajweedImageFilePath":"3/199/17.png","Text":"يَشْتَرُونَ","Translation":"(do) they exchange","Transliteration":"yashtarūna"},{"Position":18,"AudioFileName":"003_199_018.mp3","TajweedImageFilePath":"3/199/18.png","Text":"بِـَٔايَـٰتِ","Translation":"[with] (the) Verses","Transliteration":"biāyāti"},{"Position":19,"AudioFileName":"003_199_019.mp3","TajweedImageFilePath":"3/199/19.png","Text":"ٱللَّهِ","Translation":"(of) Allah","Transliteration":"l-lahi"},{"Position":20,"AudioFileName":"003_199_020.mp3","TajweedImageFilePath":"3/199/20.png","Text":"ثَمَنًۭا","Translation":"(for) a price","Transliteration":"thamanan"},{"Position":21,"AudioFileName":"003_199_021.mp3","TajweedImageFilePath":"3/199/21.png","Text":"قَلِيلًا ۗ","Translation":"little","Transliteration":"qalīlan"},{"Position":22,"AudioFileName":"003_199_022.mp3","TajweedImageFilePath":"3/199/22.png","Text":"أُو۟لَـٰٓئِكَ","Translation":"Those","Transliteration":"ulāika"},{"Position":23,"AudioFileName":"003_199_023.mp3","TajweedImageFilePath":"3/199/23.png","Text":"لَهُمْ","Translation":"for them","Transliteration":"lahum"},{"Position":24,"AudioFileName":"003_199_024.mp3","TajweedImageFilePath":"3/199/24.png","Text":"أَجْرُهُمْ","Translation":"their reward","Transliteration":"ajruhum"},{"Position":25,"AudioFileName":"003_199_025.mp3","TajweedImageFilePath":"3/199/25.png","Text":"عِندَ","Translation":"(is) with","Transliteration":"ʿinda"},{"Position":26,"AudioFileName":"003_199_026.mp3","TajweedImageFilePath":"3/199/26.png","Text":"رَبِّهِمْ ۗ","Translation":"their Lord","Transliteration":"rabbihim"},{"Position":27,"AudioFileName":"003_199_027.mp3","TajweedImageFilePath":"3/199/27.png","Text":"إِنَّ","Translation":"Indeed","Transliteration":"inna"},{"Position":28,"AudioFileName":"003_199_028.mp3","TajweedImageFilePath":"3/199/28.png","Text":"ٱللَّهَ","Translation":"Allah","Transliteration":"l-laha"},{"Position":29,"AudioFileName":"003_199_029.mp3","TajweedImageFilePath":"3/199/29.png","Text":"سَرِيعُ","Translation":"(is) swift","Transliteration":"sarīʿu"},{"Position":30,"AudioFileName":"003_199_030.mp3","TajweedImageFilePath":"3/199/30.png","Text":"ٱلْحِسَابِ","Translation":"(in taking) the account","Transliteration":"l-ḥisābi"},{"Position":31,"AudioFileName":null,"TajweedImageFilePath":"199.png","Text":"١٩٩","Translation":"(199)","Transliteration":null}],"PageNumber":76,"JuzNumber":4,"ManzilNumber":1,"RukuNumber":61,"MaqraNumber":30,"HizbNumber":8,"HizbDecimal":0.25,"HasSajda":false},{"SurahNumber":3,"SurahIndex":"003","VerseNumber":200,"ShowSurahName":false,"ShowBismillah":false,"Words":[{"Position":1,"AudioFileName":"003_200_001.mp3","TajweedImageFilePath":"3/200/1.png","Text":"يَـٰٓأَيُّهَا","Translation":"O you","Transliteration":"yāayyuhā"},{"Position":2,"AudioFileName":"003_200_002.mp3","TajweedImageFilePath":"3/200/2.png","Text":"ٱلَّذِينَ","Translation":"who","Transliteration":"alladhīna"},{"Position":3,"AudioFileName":"003_200_003.mp3","TajweedImageFilePath":"3/200/3.png","Text":"ءَامَنُوا۟","Translation":"believe[d]","Transliteration":"āmanū"},{"Position":4,"AudioFileName":"003_200_004.mp3","TajweedImageFilePath":"3/200/4.png","Text":"ٱصْبِرُوا۟","Translation":"Be steadfast","Transliteration":"iṣ'birū"},{"Position":5,"AudioFileName":"003_200_005.mp3","TajweedImageFilePath":"3/200/5.png","Text":"وَصَابِرُوا۟","Translation":"and [be] patient","Transliteration":"waṣābirū"},{"Position":6,"AudioFileName":"003_200_006.mp3","TajweedImageFilePath":"3/200/6.png","Text":"وَرَابِطُوا۟","Translation":"and [be] constant","Transliteration":"warābiṭū"},{"Position":7,"AudioFileName":"003_200_007.mp3","TajweedImageFilePath":"3/200/7.png","Text":"وَٱتَّقُوا۟","Translation":"and fear","Transliteration":"wa-ittaqū"},{"Position":8,"AudioFileName":"003_200_008.mp3","TajweedImageFilePath":"3/200/8.png","Text":"ٱللَّهَ","Translation":"Allah","Transliteration":"l-laha"},{"Position":9,"AudioFileName":"003_200_009.mp3","TajweedImageFilePath":"3/200/9.png","Text":"لَعَلَّكُمْ","Translation":"so that you may","Transliteration":"laʿallakum"},{"Position":10,"AudioFileName":"003_200_010.mp3","TajweedImageFilePath":"3/200/10.png","Text":"تُفْلِحُونَ","Translation":"(be) successful","Transliteration":"tuf'liḥūna"},{"Position":11,"AudioFileName":null,"TajweedImageFilePath":"200.png","Text":"٢٠٠","Translation":"(200)","Transliteration":null}],"PageNumber":76,"JuzNumber":4,"ManzilNumber":1,"RukuNumber":61,"MaqraNumber":30,"HizbNumber":8,"HizbDecimal":0.25,"HasSajda":false}]}