{"MaqraNumber":219.0,"Verses":[{"SurahNumber":59,"SurahIndex":"059","VerseNumber":11,"ShowSurahName":false,"ShowBismillah":false,"Text":"۞أَلَمۡ تَرَ إِلَى ٱلَّذِينَ نَافَقُواْ يَقُولُونَ لِإِخۡوَٰنِهِمُ ٱلَّذِينَ كَفَرُواْ مِنۡ أَهۡلِ ٱلۡكِتَٰبِ لَئِنۡ أُخۡرِجۡتُمۡ لَنَخۡرُجَنَّ مَعَكُمۡ وَلَا نُطِيعُ فِيكُمۡ أَحَدًا أَبَدٗا وَإِن قُوتِلۡتُمۡ لَنَنصُرَنَّكُمۡ وَٱللَّهُ يَشۡهَدُ إِنَّهُمۡ لَكَٰذِبُونَ","TajweedText":"۞ أَلَمْ تَرَ إِلَى <tajweed class=ham_wasl>ٱ</tajweed>لَّذِينَ نَافَقُو<tajweed class=slnt>اْ</tajweed> يَقُولُونَ لِإِخْو<tajweed class=madda_normal>َٲ</tajweed>نِهِمُ <tajweed class=ham_wasl>ٱ</tajweed>لَّذِينَ كَفَرُو<tajweed class=slnt>اْ</tajweed> مِنْ أَهْلِ <tajweed class=ham_wasl>ٱ</tajweed>لْكِتَ<tajweed class=madda_normal>ـٰ</tajweed>بِ لَئِنْ أُخْرِ<tajweed class=qalaqah>جْ</tajweed>تُمْ لَنَخْرُجَ<tajweed class=ghunnah>نّ</tajweed>َ مَعَكُمْ وَلَا نُطِيعُ فِيكُمْ أَحَدًا أَبَ<tajweed class=idgham_ghunnah>دًا و</tajweed>َإِ<tajweed class=ikhafa>ن ق</tajweed>ُوتِلْتُمْ لَنَ<tajweed class=ikhafa>نص</tajweed>ُرَ<tajweed class=ghunnah>نّ</tajweed>َكُمْ وَ<tajweed class=ham_wasl>ٱ</tajweed>للَّهُ يَشْهَدُ إِ<tajweed class=ghunnah>نّ</tajweed>َهُمْ لَكَ<tajweed class=madda_normal>ـٰ</tajweed>ذِب<tajweed class=madda_permissible>ُو</tajweed>نَ <span class=end>١١</span>","End":"١١","PageNumber":547,"JuzNumber":28,"ManzilNumber":7,"RukuNumber":480,"MaqraNumber":219,"HizbNumber":55,"HizbDecimal":0.5,"HasSajda":false},{"SurahNumber":59,"SurahIndex":"059","VerseNumber":12,"ShowSurahName":false,"ShowBismillah":false,"Text":"لَئِنۡ أُخۡرِجُواْ لَا يَخۡرُجُونَ مَعَهُمۡ وَلَئِن قُوتِلُواْ لَا يَنصُرُونَهُمۡ وَلَئِن نَّصَرُوهُمۡ لَيُوَلُّنَّ ٱلۡأَدۡبَٰرَ ثُمَّ لَا يُنصَرُونَ","TajweedText":"لَئِنْ أُخْرِجُو<tajweed class=slnt>اْ</tajweed> لَا يَخْرُجُونَ مَعَهُمْ وَلَئِ<tajweed class=ikhafa>ن ق</tajweed>ُوتِلُو<tajweed class=slnt>اْ</tajweed> لَا يَ<tajweed class=ikhafa>نص</tajweed>ُرُونَهُمْ وَلَئ<tajweed class=idgham_ghunnah>ِن ن</tajweed>َّصَرُوهُمْ لَيُوَلُّ<tajweed class=ghunnah>نّ</tajweed>َ <tajweed class=ham_wasl>ٱ</tajweed>لْأَ<tajweed class=qalaqah>دْ</tajweed>بَ<tajweed class=madda_normal>ـٰ</tajweed>رَ ثُ<tajweed class=ghunnah>مّ</tajweed>َ لَا يُ<tajweed class=ikhafa>نص</tajweed>َر<tajweed class=madda_permissible>ُو</tajweed>نَ <span class=end>١٢</span>","End":"١٢","PageNumber":547,"JuzNumber":28,"ManzilNumber":7,"RukuNumber":480,"MaqraNumber":219,"HizbNumber":55,"HizbDecimal":0.5,"HasSajda":false},{"SurahNumber":59,"SurahIndex":"059","VerseNumber":13,"ShowSurahName":false,"ShowBismillah":false,"Text":"لَأَنتُمۡ أَشَدُّ رَهۡبَةٗ فِي صُدُورِهِم مِّنَ ٱللَّهِۚ ذَٰلِكَ بِأَنَّهُمۡ قَوۡمٞ لَّا يَفۡقَهُونَ","TajweedText":"لَأَ<tajweed class=ikhafa>نت</tajweed>ُمْ أَشَدُّ رَهْبَ<tajweed class=ikhafa>ةً ف</tajweed>ِى صُدُورِه<tajweed class=idgham_shafawi>ِم م</tajweed>ِّنَ <tajweed class=ham_wasl>ٱ</tajweed>للَّهِ‌ۚ ذ<tajweed class=madda_normal>َٲ</tajweed>لِكَ بِأَ<tajweed class=ghunnah>نّ</tajweed>َهُمْ قَوْ<tajweed class=idgham_wo_ghunnah>مٌ ل</tajweed>َّا يَفْقَه<tajweed class=madda_permissible>ُو</tajweed>نَ <span class=end>١٣</span>","End":"١٣","PageNumber":547,"JuzNumber":28,"ManzilNumber":7,"RukuNumber":480,"MaqraNumber":219,"HizbNumber":55,"HizbDecimal":0.5,"HasSajda":false},{"SurahNumber":59,"SurahIndex":"059","VerseNumber":14,"ShowSurahName":false,"ShowBismillah":false,"Text":"لَا يُقَٰتِلُونَكُمۡ جَمِيعًا إِلَّا فِي قُرٗى مُّحَصَّنَةٍ أَوۡ مِن وَرَآءِ جُدُرِۭۚ بَأۡسُهُم بَيۡنَهُمۡ شَدِيدٞۚ تَحۡسَبُهُمۡ جَمِيعٗا وَقُلُوبُهُمۡ شَتَّىٰۚ ذَٰلِكَ بِأَنَّهُمۡ قَوۡمٞ لَّا يَعۡقِلُونَ","TajweedText":"لَا يُقَ<tajweed class=madda_normal>ـٰ</tajweed>تِلُونَكُمْ جَمِيعًا إِلَّا فِى قُ<tajweed class=idgham_ghunnah>رًى م</tajweed>ُّحَصَّنَةٍ أَوْ م<tajweed class=idgham_ghunnah>ِن و</tajweed>َر<tajweed class=madda_obligatory>َا</tajweed>ٓءِ جُدُ<tajweed class=iqlab>رِۭ‌ۚ ب</tajweed>َأْسُه<tajweed class=ikhafa_shafawi>ُم ب</tajweed>َيْنَهُمْ شَدِي<tajweed class=ikhafa>دٌ‌ۚ ت</tajweed>َحْسَبُهُمْ جَمِي<tajweed class=idgham_ghunnah>عًا و</tajweed>َقُلُوبُهُمْ شَتَّىٰ‌ۚ ذ<tajweed class=madda_normal>َٲ</tajweed>لِكَ بِأَ<tajweed class=ghunnah>نّ</tajweed>َهُمْ قَوْ<tajweed class=idgham_wo_ghunnah>مٌ ل</tajweed>َّا يَعْقِل<tajweed class=madda_permissible>ُو</tajweed>نَ <span class=end>١٤</span>","End":"١٤","PageNumber":547,"JuzNumber":28,"ManzilNumber":7,"RukuNumber":480,"MaqraNumber":219,"HizbNumber":55,"HizbDecimal":0.5,"HasSajda":false},{"SurahNumber":59,"SurahIndex":"059","VerseNumber":15,"ShowSurahName":false,"ShowBismillah":false,"Text":"كَمَثَلِ ٱلَّذِينَ مِن قَبۡلِهِمۡ قَرِيبٗاۖ ذَاقُواْ وَبَالَ أَمۡرِهِمۡ وَلَهُمۡ عَذَابٌ أَلِيمٞ","TajweedText":"كَمَثَلِ <tajweed class=ham_wasl>ٱ</tajweed>لَّذِينَ مِ<tajweed class=ikhafa>ن ق</tajweed>َ<tajweed class=qalaqah>بْ</tajweed>لِهِمْ قَرِي<tajweed class=ikhafa>بًا‌ۖ ذ</tajweed>َاقُو<tajweed class=slnt>اْ</tajweed> وَبَالَ أَمْرِهِمْ وَلَهُمْ عَذَابٌ أَل<tajweed class=madda_permissible>ِي</tajweed>مٌ <span class=end>١٥</span>","End":"١٥","PageNumber":547,"JuzNumber":28,"ManzilNumber":7,"RukuNumber":480,"MaqraNumber":219,"HizbNumber":55,"HizbDecimal":0.5,"HasSajda":false},{"SurahNumber":59,"SurahIndex":"059","VerseNumber":16,"ShowSurahName":false,"ShowBismillah":false,"Text":"كَمَثَلِ ٱلشَّيۡطَٰنِ إِذۡ قَالَ لِلۡإِنسَٰنِ ٱكۡفُرۡ فَلَمَّا كَفَرَ قَالَ إِنِّي بَرِيٓءٞ مِّنكَ إِنِّيٓ أَخَافُ ٱللَّهَ رَبَّ ٱلۡعَٰلَمِينَ","TajweedText":"كَمَثَلِ <tajweed class=ham_wasl>ٱ</tajweed><tajweed class=laam_shamsiyah>ل</tajweed>شَّيْطَ<tajweed class=madda_normal>ـٰ</tajweed>نِ إِذْ قَالَ لِلْإِ<tajweed class=ikhafa>نس</tajweed>َ<tajweed class=madda_normal>ـٰ</tajweed>نِ <tajweed class=ham_wasl>ٱ</tajweed>كْفُرْ فَلَ<tajweed class=ghunnah>مّ</tajweed>َا كَفَرَ قَالَ إِ<tajweed class=ghunnah>نّ</tajweed>ِى بَر<tajweed class=madda_obligatory>ِى</tajweed>ٓ<tajweed class=idgham_ghunnah>ءٌ م</tajweed>ِّ<tajweed class=ikhafa>نك</tajweed>َ إِ<tajweed class=ghunnah>نّ</tajweed><tajweed class=madda_obligatory>ِىٓ</tajweed> أَخَافُ <tajweed class=ham_wasl>ٱ</tajweed>للَّهَ رَبَّ <tajweed class=ham_wasl>ٱ</tajweed>لْعَ<tajweed class=madda_normal>ـٰ</tajweed>لَم<tajweed class=madda_permissible>ِي</tajweed>نَ <span class=end>١٦</span>","End":"١٦","PageNumber":547,"JuzNumber":28,"ManzilNumber":7,"RukuNumber":480,"MaqraNumber":219,"HizbNumber":55,"HizbDecimal":0.5,"HasSajda":false},{"SurahNumber":59,"SurahIndex":"059","VerseNumber":17,"ShowSurahName":false,"ShowBismillah":false,"Text":"فَكَانَ عَٰقِبَتَهُمَآ أَنَّهُمَا فِي ٱلنَّارِ خَٰلِدَيۡنِ فِيهَاۚ وَذَٰلِكَ جَزَـٰٓؤُاْ ٱلظَّـٰلِمِينَ","TajweedText":"فَكَانَ عَ<tajweed class=madda_normal>ـٰ</tajweed>قِبَتَهُم<tajweed class=madda_obligatory>َآ</tajweed> أَ<tajweed class=ghunnah>نّ</tajweed>َهُمَا فِى <tajweed class=ham_wasl>ٱ</tajweed><tajweed class=laam_shamsiyah>ل</tajweed><tajweed class=ghunnah>نّ</tajweed>َارِ خَ<tajweed class=madda_normal>ـٰ</tajweed>لِدَيْنِ فِيهَا‌ۚ وَذ<tajweed class=madda_normal>َٲ</tajweed>لِكَ جَز<tajweed class=madda_obligatory>َٲ</tajweed>ٓؤُ<tajweed class=slnt>اْ</tajweed> <tajweed class=ham_wasl>ٱ</tajweed><tajweed class=laam_shamsiyah>ل</tajweed>ظَّ<tajweed class=madda_normal>ـٰ</tajweed>لِم<tajweed class=madda_permissible>ِي</tajweed>نَ <span class=end>١٧</span>","End":"١٧","PageNumber":548,"JuzNumber":28,"ManzilNumber":7,"RukuNumber":480,"MaqraNumber":219,"HizbNumber":55,"HizbDecimal":0.5,"HasSajda":false},{"SurahNumber":59,"SurahIndex":"059","VerseNumber":18,"ShowSurahName":false,"ShowBismillah":false,"Text":"يَـٰٓأَيُّهَا ٱلَّذِينَ ءَامَنُواْ ٱتَّقُواْ ٱللَّهَ وَلۡتَنظُرۡ نَفۡسٞ مَّا قَدَّمَتۡ لِغَدٖۖ وَٱتَّقُواْ ٱللَّهَۚ إِنَّ ٱللَّهَ خَبِيرُۢ بِمَا تَعۡمَلُونَ","TajweedText":"يَ<tajweed class=madda_obligatory>ـٰٓ</tajweed>أَيُّهَا <tajweed class=ham_wasl>ٱ</tajweed>لَّذِينَ ءَامَنُو<tajweed class=slnt>اْ</tajweed> <tajweed class=ham_wasl>ٱ</tajweed>تَّقُو<tajweed class=slnt>اْ</tajweed> <tajweed class=ham_wasl>ٱ</tajweed>للَّهَ وَلْتَ<tajweed class=ikhafa>نظ</tajweed>ُرْ نَفْ<tajweed class=idgham_ghunnah>سٌ م</tajweed>َّا قَدَّمَتْ لِغَ<tajweed class=idgham_ghunnah>دٍ‌ۖ و</tajweed>َ<tajweed class=ham_wasl>ٱ</tajweed>تَّقُو<tajweed class=slnt>اْ</tajweed> <tajweed class=ham_wasl>ٱ</tajweed>للَّهَ‌ۚ إِ<tajweed class=ghunnah>نّ</tajweed>َ <tajweed class=ham_wasl>ٱ</tajweed>للَّهَ خَبِي<tajweed class=iqlab>رُۢ ب</tajweed>ِمَا تَعْمَل<tajweed class=madda_permissible>ُو</tajweed>نَ <span class=end>١٨</span>","End":"١٨","PageNumber":548,"JuzNumber":28,"ManzilNumber":7,"RukuNumber":481,"MaqraNumber":219,"HizbNumber":55,"HizbDecimal":0.5,"HasSajda":false},{"SurahNumber":59,"SurahIndex":"059","VerseNumber":19,"ShowSurahName":false,"ShowBismillah":false,"Text":"وَلَا تَكُونُواْ كَٱلَّذِينَ نَسُواْ ٱللَّهَ فَأَنسَىٰهُمۡ أَنفُسَهُمۡۚ أُوْلَـٰٓئِكَ هُمُ ٱلۡفَٰسِقُونَ","TajweedText":"وَلَا تَكُونُو<tajweed class=slnt>اْ</tajweed> كَ<tajweed class=ham_wasl>ٱ</tajweed>لَّذِينَ نَسُو<tajweed class=slnt>اْ</tajweed> <tajweed class=ham_wasl>ٱ</tajweed>للَّهَ فَأَ<tajweed class=ikhafa>نس</tajweed>َ<tajweed class=madda_normal>ـٰ</tajweed>هُمْ أَ<tajweed class=ikhafa>نف</tajweed>ُسَهُمْ‌ۚ أُ<tajweed class=slnt>وْ</tajweed>لَ<tajweed class=madda_obligatory>ـٰٓ</tajweed>ئِكَ هُمُ <tajweed class=ham_wasl>ٱ</tajweed>لْفَ<tajweed class=madda_normal>ـٰ</tajweed>سِق<tajweed class=madda_permissible>ُو</tajweed>نَ <span class=end>١٩</span>","End":"١٩","PageNumber":548,"JuzNumber":28,"ManzilNumber":7,"RukuNumber":481,"MaqraNumber":219,"HizbNumber":55,"HizbDecimal":0.5,"HasSajda":false},{"SurahNumber":59,"SurahIndex":"059","VerseNumber":20,"ShowSurahName":false,"ShowBismillah":false,"Text":"لَا يَسۡتَوِيٓ أَصۡحَٰبُ ٱلنَّارِ وَأَصۡحَٰبُ ٱلۡجَنَّةِۚ أَصۡحَٰبُ ٱلۡجَنَّةِ هُمُ ٱلۡفَآئِزُونَ","TajweedText":"لَا يَسْتَو<tajweed class=madda_obligatory>ِىٓ</tajweed> أَصْحَ<tajweed class=madda_normal>ـٰ</tajweed>بُ <tajweed class=ham_wasl>ٱ</tajweed><tajweed class=laam_shamsiyah>ل</tajweed><tajweed class=ghunnah>نّ</tajweed>َارِ وَأَصْحَ<tajweed class=madda_normal>ـٰ</tajweed>بُ <tajweed class=ham_wasl>ٱ</tajweed>لْجَ<tajweed class=ghunnah>نّ</tajweed>َةِ‌ۚ أَصْحَ<tajweed class=madda_normal>ـٰ</tajweed>بُ <tajweed class=ham_wasl>ٱ</tajweed>لْجَ<tajweed class=ghunnah>نّ</tajweed>َةِ هُمُ <tajweed class=ham_wasl>ٱ</tajweed>لْف<tajweed class=madda_obligatory>َا</tajweed>ٓئِز<tajweed class=madda_permissible>ُو</tajweed>نَ <span class=end>٢٠</span>","End":"٢٠","PageNumber":548,"JuzNumber":28,"ManzilNumber":7,"RukuNumber":481,"MaqraNumber":219,"HizbNumber":55,"HizbDecimal":0.5,"HasSajda":false},{"SurahNumber":59,"SurahIndex":"059","VerseNumber":21,"ShowSurahName":false,"ShowBismillah":false,"Text":"لَوۡ أَنزَلۡنَا هَٰذَا ٱلۡقُرۡءَانَ عَلَىٰ جَبَلٖ لَّرَأَيۡتَهُۥ خَٰشِعٗا مُّتَصَدِّعٗا مِّنۡ خَشۡيَةِ ٱللَّهِۚ وَتِلۡكَ ٱلۡأَمۡثَٰلُ نَضۡرِبُهَا لِلنَّاسِ لَعَلَّهُمۡ يَتَفَكَّرُونَ","TajweedText":"لَوْ أَ<tajweed class=ikhafa>نز</tajweed>َلْنَا هَ<tajweed class=madda_normal>ـٰ</tajweed>ذَا <tajweed class=ham_wasl>ٱ</tajweed>لْقُرْءَانَ عَلَىٰ جَبَ<tajweed class=idgham_wo_ghunnah>لٍ ل</tajweed>َّرَأَيْتَهُ<tajweed class=madda_normal>ۥ</tajweed> خَ<tajweed class=madda_normal>ـٰ</tajweed>شِ<tajweed class=idgham_ghunnah>عًا م</tajweed>ُّتَصَدِّ<tajweed class=idgham_ghunnah>عًا م</tajweed>ِّنْ خَشْيَةِ <tajweed class=ham_wasl>ٱ</tajweed>للَّهِ‌ۚ وَتِلْكَ <tajweed class=ham_wasl>ٱ</tajweed>لْأَمْثَ<tajweed class=madda_normal>ـٰ</tajweed>لُ نَضْرِبُهَا لِل<tajweed class=ghunnah>نّ</tajweed>َاسِ لَعَلَّهُمْ يَتَفَكَّر<tajweed class=madda_permissible>ُو</tajweed>نَ <span class=end>٢١</span>","End":"٢١","PageNumber":548,"JuzNumber":28,"ManzilNumber":7,"RukuNumber":481,"MaqraNumber":219,"HizbNumber":55,"HizbDecimal":0.5,"HasSajda":false},{"SurahNumber":59,"SurahIndex":"059","VerseNumber":22,"ShowSurahName":false,"ShowBismillah":false,"Text":"هُوَ ٱللَّهُ ٱلَّذِي لَآ إِلَٰهَ إِلَّا هُوَۖ عَٰلِمُ ٱلۡغَيۡبِ وَٱلشَّهَٰدَةِۖ هُوَ ٱلرَّحۡمَٰنُ ٱلرَّحِيمُ","TajweedText":"هُوَ <tajweed class=ham_wasl>ٱ</tajweed>للَّهُ <tajweed class=ham_wasl>ٱ</tajweed>لَّذِى ل<tajweed class=madda_obligatory>َآ</tajweed> إِلَ<tajweed class=madda_normal>ـٰ</tajweed>هَ إِلَّا هُوَ‌ۖ عَ<tajweed class=madda_normal>ـٰ</tajweed>لِمُ <tajweed class=ham_wasl>ٱ</tajweed>لْغَيْبِ وَ<tajweed class=ham_wasl>ٱ</tajweed><tajweed class=laam_shamsiyah>ل</tajweed>شَّهَ<tajweed class=madda_normal>ـٰ</tajweed>دَةِ‌ۖ هُوَ <tajweed class=ham_wasl>ٱ</tajweed><tajweed class=laam_shamsiyah>ل</tajweed>رَّحْمَ<tajweed class=madda_normal>ـٰ</tajweed>نُ <tajweed class=ham_wasl>ٱ</tajweed><tajweed class=laam_shamsiyah>ل</tajweed>رَّح<tajweed class=madda_permissible>ِي</tajweed>مُ <span class=end>٢٢</span>","End":"٢٢","PageNumber":548,"JuzNumber":28,"ManzilNumber":7,"RukuNumber":481,"MaqraNumber":219,"HizbNumber":55,"HizbDecimal":0.5,"HasSajda":false},{"SurahNumber":59,"SurahIndex":"059","VerseNumber":23,"ShowSurahName":false,"ShowBismillah":false,"Text":"هُوَ ٱللَّهُ ٱلَّذِي لَآ إِلَٰهَ إِلَّا هُوَ ٱلۡمَلِكُ ٱلۡقُدُّوسُ ٱلسَّلَٰمُ ٱلۡمُؤۡمِنُ ٱلۡمُهَيۡمِنُ ٱلۡعَزِيزُ ٱلۡجَبَّارُ ٱلۡمُتَكَبِّرُۚ سُبۡحَٰنَ ٱللَّهِ عَمَّا يُشۡرِكُونَ","TajweedText":"هُوَ <tajweed class=ham_wasl>ٱ</tajweed>للَّهُ <tajweed class=ham_wasl>ٱ</tajweed>لَّذِى ل<tajweed class=madda_obligatory>َآ</tajweed> إِلَ<tajweed class=madda_normal>ـٰ</tajweed>هَ إِلَّا هُوَ <tajweed class=ham_wasl>ٱ</tajweed>لْمَلِكُ <tajweed class=ham_wasl>ٱ</tajweed>لْقُدُّوسُ <tajweed class=ham_wasl>ٱ</tajweed><tajweed class=laam_shamsiyah>ل</tajweed>سَّلَ<tajweed class=madda_normal>ـٰ</tajweed>مُ <tajweed class=ham_wasl>ٱ</tajweed>لْمُؤْمِنُ <tajweed class=ham_wasl>ٱ</tajweed>لْمُهَيْمِنُ <tajweed class=ham_wasl>ٱ</tajweed>لْعَزِيزُ <tajweed class=ham_wasl>ٱ</tajweed>لْجَبَّارُ <tajweed class=ham_wasl>ٱ</tajweed>لْمُتَكَبِّرُ‌ۚ سُ<tajweed class=qalaqah>بْ</tajweed>حَ<tajweed class=madda_normal>ـٰ</tajweed>نَ <tajweed class=ham_wasl>ٱ</tajweed>للَّهِ عَ<tajweed class=ghunnah>مّ</tajweed>َا يُشْرِك<tajweed class=madda_permissible>ُو</tajweed>نَ <span class=end>٢٣</span>","End":"٢٣","PageNumber":548,"JuzNumber":28,"ManzilNumber":7,"RukuNumber":481,"MaqraNumber":219,"HizbNumber":55,"HizbDecimal":0.5,"HasSajda":false},{"SurahNumber":59,"SurahIndex":"059","VerseNumber":24,"ShowSurahName":false,"ShowBismillah":false,"Text":"هُوَ ٱللَّهُ ٱلۡخَٰلِقُ ٱلۡبَارِئُ ٱلۡمُصَوِّرُۖ لَهُ ٱلۡأَسۡمَآءُ ٱلۡحُسۡنَىٰۚ يُسَبِّحُ لَهُۥ مَا فِي ٱلسَّمَٰوَٰتِ وَٱلۡأَرۡضِۖ وَهُوَ ٱلۡعَزِيزُ ٱلۡحَكِيمُ","TajweedText":"هُوَ <tajweed class=ham_wasl>ٱ</tajweed>للَّهُ <tajweed class=ham_wasl>ٱ</tajweed>لْخَ<tajweed class=madda_normal>ـٰ</tajweed>لِقُ <tajweed class=ham_wasl>ٱ</tajweed>لْبَارِئُ <tajweed class=ham_wasl>ٱ</tajweed>لْمُصَوِّرُ‌ۖ لَهُ <tajweed class=ham_wasl>ٱ</tajweed>لْأَسْم<tajweed class=madda_obligatory>َا</tajweed>ٓءُ <tajweed class=ham_wasl>ٱ</tajweed>لْحُسْنَىٰ‌ۚ يُسَبِّحُ لَهُ<tajweed class=madda_normal>ۥ</tajweed> مَا فِى <tajweed class=ham_wasl>ٱ</tajweed><tajweed class=laam_shamsiyah>ل</tajweed>سَّمَ<tajweed class=madda_normal>ـٰ</tajweed>و<tajweed class=madda_normal>َٲ</tajweed>تِ وَ<tajweed class=ham_wasl>ٱ</tajweed>لْأَرْضِ‌ۖ وَهُوَ <tajweed class=ham_wasl>ٱ</tajweed>لْعَزِيزُ <tajweed class=ham_wasl>ٱ</tajweed>لْحَك<tajweed class=madda_permissible>ِي</tajweed>مُ <span class=end>٢٤</span>","End":"٢٤","PageNumber":548,"JuzNumber":28,"ManzilNumber":7,"RukuNumber":481,"MaqraNumber":219,"HizbNumber":55,"HizbDecimal":0.5,"HasSajda":false},{"SurahNumber":60,"SurahIndex":"060","VerseNumber":1,"ShowSurahName":true,"ShowBismillah":true,"Text":"يَـٰٓأَيُّهَا ٱلَّذِينَ ءَامَنُواْ لَا تَتَّخِذُواْ عَدُوِّي وَعَدُوَّكُمۡ أَوۡلِيَآءَ تُلۡقُونَ إِلَيۡهِم بِٱلۡمَوَدَّةِ وَقَدۡ كَفَرُواْ بِمَا جَآءَكُم مِّنَ ٱلۡحَقِّ يُخۡرِجُونَ ٱلرَّسُولَ وَإِيَّاكُمۡ أَن تُؤۡمِنُواْ بِٱللَّهِ رَبِّكُمۡ إِن كُنتُمۡ خَرَجۡتُمۡ جِهَٰدٗا فِي سَبِيلِي وَٱبۡتِغَآءَ مَرۡضَاتِيۚ تُسِرُّونَ إِلَيۡهِم بِٱلۡمَوَدَّةِ وَأَنَا۠ أَعۡلَمُ بِمَآ أَخۡفَيۡتُمۡ وَمَآ أَعۡلَنتُمۡۚ وَمَن يَفۡعَلۡهُ مِنكُمۡ فَقَدۡ ضَلَّ سَوَآءَ ٱلسَّبِيلِ","TajweedText":"يَ<tajweed class=madda_obligatory>ـٰٓ</tajweed>أَيُّهَا <tajweed class=ham_wasl>ٱ</tajweed>لَّذِينَ ءَامَنُو<tajweed class=slnt>اْ</tajweed> لَا تَتَّخِذُو<tajweed class=slnt>اْ</tajweed> عَدُوِّى وَعَدُوَّكُمْ أَوْلِي<tajweed class=madda_obligatory>َا</tajweed>ٓءَ تُلْقُونَ إِلَيْه<tajweed class=ikhafa_shafawi>ِم ب</tajweed>ِ<tajweed class=ham_wasl>ٱ</tajweed>لْمَوَدَّةِ وَقَ<tajweed class=qalaqah>دْ</tajweed> كَفَرُو<tajweed class=slnt>اْ</tajweed> بِمَا ج<tajweed class=madda_obligatory>َا</tajweed>ٓءَك<tajweed class=idgham_shafawi>ُم م</tajweed>ِّنَ <tajweed class=ham_wasl>ٱ</tajweed>لْحَقِّ يُخْرِجُونَ <tajweed class=ham_wasl>ٱ</tajweed><tajweed class=laam_shamsiyah>ل</tajweed>رَّسُولَ وَإِيَّاكُمْ‌ۙ أَ<tajweed class=ikhafa>ن ت</tajweed>ُؤْمِنُو<tajweed class=slnt>اْ</tajweed> بِ<tajweed class=ham_wasl>ٱ</tajweed>للَّهِ رَبِّكُمْ إِ<tajweed class=ikhafa>ن ك</tajweed>ُ<tajweed class=ikhafa>نت</tajweed>ُمْ خَرَ<tajweed class=qalaqah>جْ</tajweed>تُمْ جِهَ<tajweed class=madda_normal>ـٰ</tajweed><tajweed class=ikhafa>دًا ف</tajweed>ِى سَبِيلِى وَ<tajweed class=ham_wasl>ٱ</tajweed><tajweed class=qalaqah>بْ</tajweed>تِغ<tajweed class=madda_obligatory>َا</tajweed>ٓءَ مَرْضَاتِى‌ۚ تُسِرُّونَ إِلَيْه<tajweed class=ikhafa_shafawi>ِم ب</tajweed>ِ<tajweed class=ham_wasl>ٱ</tajweed>لْمَوَدَّةِ وَأَنَا۟ أَعْلَمُ بِم<tajweed class=madda_obligatory>َآ</tajweed> أَخْفَيْتُمْ وَم<tajweed class=madda_obligatory>َآ</tajweed> أَعْلَ<tajweed class=ikhafa>نت</tajweed>ُمْ‌ۚ وَم<tajweed class=idgham_ghunnah>َن ي</tajweed>َفْعَلْهُ مِ<tajweed class=ikhafa>نك</tajweed>ُمْ فَقَ<tajweed class=qalaqah>دْ</tajweed> ضَلَّ سَو<tajweed class=madda_obligatory>َا</tajweed>ٓءَ <tajweed class=ham_wasl>ٱ</tajweed><tajweed class=laam_shamsiyah>ل</tajweed>سَّب<tajweed class=madda_permissible>ِي</tajweed>لِ <span class=end>١</span>","End":"١","PageNumber":549,"JuzNumber":28,"ManzilNumber":7,"RukuNumber":482,"MaqraNumber":219,"HizbNumber":55,"HizbDecimal":0.5,"HasSajda":false},{"SurahNumber":60,"SurahIndex":"060","VerseNumber":2,"ShowSurahName":false,"ShowBismillah":false,"Text":"إِن يَثۡقَفُوكُمۡ يَكُونُواْ لَكُمۡ أَعۡدَآءٗ وَيَبۡسُطُوٓاْ إِلَيۡكُمۡ أَيۡدِيَهُمۡ وَأَلۡسِنَتَهُم بِٱلسُّوٓءِ وَوَدُّواْ لَوۡ تَكۡفُرُونَ","TajweedText":"إ<tajweed class=idgham_ghunnah>ِن ي</tajweed>َثْقَفُوكُمْ يَكُونُو<tajweed class=slnt>اْ</tajweed> لَكُمْ أَعْد<tajweed class=madda_obligatory>َا</tajweed>ٓ<tajweed class=idgham_ghunnah>ءً و</tajweed>َيَ<tajweed class=qalaqah>بْ</tajweed>سُط<tajweed class=madda_obligatory>ُوٓ</tajweed><tajweed class=slnt>اْ</tajweed> إِلَيْكُمْ أَيْدِيَهُمْ وَأَلْسِنَتَه<tajweed class=ikhafa_shafawi>ُم ب</tajweed>ِ<tajweed class=ham_wasl>ٱ</tajweed><tajweed class=laam_shamsiyah>ل</tajweed>سّ<tajweed class=madda_obligatory>ُو</tajweed>ٓءِ وَوَدُّو<tajweed class=slnt>اْ</tajweed> لَوْ تَكْفُر<tajweed class=madda_permissible>ُو</tajweed>نَ <span class=end>٢</span>","End":"٢","PageNumber":549,"JuzNumber":28,"ManzilNumber":7,"RukuNumber":482,"MaqraNumber":219,"HizbNumber":55,"HizbDecimal":0.5,"HasSajda":false},{"SurahNumber":60,"SurahIndex":"060","VerseNumber":3,"ShowSurahName":false,"ShowBismillah":false,"Text":"لَن تَنفَعَكُمۡ أَرۡحَامُكُمۡ وَلَآ أَوۡلَٰدُكُمۡۚ يَوۡمَ ٱلۡقِيَٰمَةِ يَفۡصِلُ بَيۡنَكُمۡۚ وَٱللَّهُ بِمَا تَعۡمَلُونَ بَصِيرٞ","TajweedText":"لَ<tajweed class=ikhafa>ن ت</tajweed>َ<tajweed class=ikhafa>نف</tajweed>َعَكُمْ أَرْحَامُكُمْ وَل<tajweed class=madda_obligatory>َآ</tajweed> أَوْلَ<tajweed class=madda_normal>ـٰ</tajweed>دُكُمْ‌ۚ يَوْمَ <tajweed class=ham_wasl>ٱ</tajweed>لْقِيَ<tajweed class=madda_normal>ـٰ</tajweed>مَةِ يَفْصِلُ بَيْنَكُمْ‌ۚ وَ<tajweed class=ham_wasl>ٱ</tajweed>للَّهُ بِمَا تَعْمَلُونَ بَص<tajweed class=madda_permissible>ِي</tajweed>رٌ <span class=end>٣</span>","End":"٣","PageNumber":549,"JuzNumber":28,"ManzilNumber":7,"RukuNumber":482,"MaqraNumber":219,"HizbNumber":55,"HizbDecimal":0.5,"HasSajda":false},{"SurahNumber":60,"SurahIndex":"060","VerseNumber":4,"ShowSurahName":false,"ShowBismillah":false,"Text":"قَدۡ كَانَتۡ لَكُمۡ أُسۡوَةٌ حَسَنَةٞ فِيٓ إِبۡرَٰهِيمَ وَٱلَّذِينَ مَعَهُۥٓ إِذۡ قَالُواْ لِقَوۡمِهِمۡ إِنَّا بُرَءَـٰٓؤُاْ مِنكُمۡ وَمِمَّا تَعۡبُدُونَ مِن دُونِ ٱللَّهِ كَفَرۡنَا بِكُمۡ وَبَدَا بَيۡنَنَا وَبَيۡنَكُمُ ٱلۡعَدَٰوَةُ وَٱلۡبَغۡضَآءُ أَبَدًا حَتَّىٰ تُؤۡمِنُواْ بِٱللَّهِ وَحۡدَهُۥٓ إِلَّا قَوۡلَ إِبۡرَٰهِيمَ لِأَبِيهِ لَأَسۡتَغۡفِرَنَّ لَكَ وَمَآ أَمۡلِكُ لَكَ مِنَ ٱللَّهِ مِن شَيۡءٖۖ رَّبَّنَا عَلَيۡكَ تَوَكَّلۡنَا وَإِلَيۡكَ أَنَبۡنَا وَإِلَيۡكَ ٱلۡمَصِيرُ","TajweedText":"قَ<tajweed class=qalaqah>دْ</tajweed> كَانَتْ لَكُمْ أُسْوَةٌ حَسَنَ<tajweed class=ikhafa>ةٌ ف</tajweed><tajweed class=madda_obligatory>ِىٓ</tajweed> إِ<tajweed class=qalaqah>بْ</tajweed>ر<tajweed class=madda_normal>َٲ</tajweed>هِيمَ وَ<tajweed class=ham_wasl>ٱ</tajweed>لَّذِينَ مَعَهُ<tajweed class=madda_obligatory>ۥٓ</tajweed> إِذْ قَالُو<tajweed class=slnt>اْ</tajweed> لِقَوْمِهِمْ إِ<tajweed class=ghunnah>نّ</tajweed>َا بُرَء<tajweed class=madda_obligatory>َٲ</tajweed>ٓؤُ<tajweed class=slnt>اْ</tajweed> مِ<tajweed class=ikhafa>نك</tajweed>ُمْ وَمِ<tajweed class=ghunnah>مّ</tajweed>َا تَعْبُدُونَ مِ<tajweed class=ikhafa>ن د</tajweed>ُونِ <tajweed class=ham_wasl>ٱ</tajweed>للَّهِ كَفَرْنَا بِكُمْ وَبَدَا بَيْنَنَا وَبَيْنَكُمُ <tajweed class=ham_wasl>ٱ</tajweed>لْعَد<tajweed class=madda_normal>َٲ</tajweed>وَةُ وَ<tajweed class=ham_wasl>ٱ</tajweed>لْبَغْض<tajweed class=madda_obligatory>َا</tajweed>ٓءُ أَبَدًا حَتَّىٰ تُؤْمِنُو<tajweed class=slnt>اْ</tajweed> بِ<tajweed class=ham_wasl>ٱ</tajweed>للَّهِ وَحْدَهُ<tajweed class=madda_obligatory>ۥٓ</tajweed> إِلَّا قَوْلَ إِ<tajweed class=qalaqah>بْ</tajweed>ر<tajweed class=madda_normal>َٲ</tajweed>هِيمَ لِأَبِيهِ لَأَسْتَغْفِرَ<tajweed class=ghunnah>نّ</tajweed>َ لَكَ وَم<tajweed class=madda_obligatory>َآ</tajweed> أَمْلِكُ لَكَ مِنَ <tajweed class=ham_wasl>ٱ</tajweed>للَّهِ مِ<tajweed class=ikhafa>ن ش</tajweed><tajweed class=idgham_wo_ghunnah>َىْءٍ‌ۖ ر</tajweed>َّبَّنَا عَلَيْكَ تَوَكَّلْنَا وَإِلَيْكَ أَنَ<tajweed class=qalaqah>بْ</tajweed>نَا وَإِلَيْكَ <tajweed class=ham_wasl>ٱ</tajweed>لْمَص<tajweed class=madda_permissible>ِي</tajweed>رُ <span class=end>٤</span>","End":"٤","PageNumber":549,"JuzNumber":28,"ManzilNumber":7,"RukuNumber":482,"MaqraNumber":219,"HizbNumber":55,"HizbDecimal":0.5,"HasSajda":false},{"SurahNumber":60,"SurahIndex":"060","VerseNumber":5,"ShowSurahName":false,"ShowBismillah":false,"Text":"رَبَّنَا لَا تَجۡعَلۡنَا فِتۡنَةٗ لِّلَّذِينَ كَفَرُواْ وَٱغۡفِرۡ لَنَا رَبَّنَآۖ إِنَّكَ أَنتَ ٱلۡعَزِيزُ ٱلۡحَكِيمُ","TajweedText":"رَبَّنَا لَا تَ<tajweed class=qalaqah>جْ</tajweed>عَلْنَا فِتْنَ<tajweed class=idgham_wo_ghunnah>ةً ل</tajweed>ِّلَّذِينَ كَفَرُو<tajweed class=slnt>اْ</tajweed> وَ<tajweed class=ham_wasl>ٱ</tajweed>غْفِرْ لَنَا رَبَّن<tajweed class=madda_obligatory>َآ‌ۖ</tajweed> إِ<tajweed class=ghunnah>نّ</tajweed>َكَ أَ<tajweed class=ikhafa>نت</tajweed>َ <tajweed class=ham_wasl>ٱ</tajweed>لْعَزِيزُ <tajweed class=ham_wasl>ٱ</tajweed>لْحَك<tajweed class=madda_permissible>ِي</tajweed>مُ <span class=end>٥</span>","End":"٥","PageNumber":549,"JuzNumber":28,"ManzilNumber":7,"RukuNumber":482,"MaqraNumber":219,"HizbNumber":55,"HizbDecimal":0.5,"HasSajda":false},{"SurahNumber":60,"SurahIndex":"060","VerseNumber":6,"ShowSurahName":false,"ShowBismillah":false,"Text":"لَقَدۡ كَانَ لَكُمۡ فِيهِمۡ أُسۡوَةٌ حَسَنَةٞ لِّمَن كَانَ يَرۡجُواْ ٱللَّهَ وَٱلۡيَوۡمَ ٱلۡأٓخِرَۚ وَمَن يَتَوَلَّ فَإِنَّ ٱللَّهَ هُوَ ٱلۡغَنِيُّ ٱلۡحَمِيدُ","TajweedText":"لَقَ<tajweed class=qalaqah>دْ</tajweed> كَانَ لَكُمْ فِيهِمْ أُسْوَةٌ حَسَنَ<tajweed class=idgham_wo_ghunnah>ةٌ ل</tajweed>ِّمَ<tajweed class=ikhafa>ن ك</tajweed>َانَ يَرْجُو<tajweed class=slnt>اْ</tajweed> <tajweed class=ham_wasl>ٱ</tajweed>للَّهَ وَ<tajweed class=ham_wasl>ٱ</tajweed>لْيَوْمَ <tajweed class=ham_wasl>ٱ</tajweed>لْأَخِرَ‌ۚ وَم<tajweed class=idgham_ghunnah>َن ي</tajweed>َتَوَلَّ فَإِ<tajweed class=ghunnah>نّ</tajweed>َ <tajweed class=ham_wasl>ٱ</tajweed>للَّهَ هُوَ <tajweed class=ham_wasl>ٱ</tajweed>لْغَنِىُّ <tajweed class=ham_wasl>ٱ</tajweed>لْحَم<tajweed class=madda_permissible>ِي</tajweed><tajweed class=qalaqah>د</tajweed>ُ <span class=end>٦</span>","End":"٦","PageNumber":550,"JuzNumber":28,"ManzilNumber":7,"RukuNumber":482,"MaqraNumber":219,"HizbNumber":55,"HizbDecimal":0.5,"HasSajda":false}]}