{"MaqraNumber":49.0,"Verses":[{"SurahNumber":5,"SurahIndex":"005","VerseNumber":82,"ShowSurahName":false,"ShowBismillah":false,"Text":"۞لَتَجِدَنَّ أَشَدَّ ٱلنَّاسِ عَدَٰوَةٗ لِّلَّذِينَ ءَامَنُواْ ٱلۡيَهُودَ وَٱلَّذِينَ أَشۡرَكُواْۖ وَلَتَجِدَنَّ أَقۡرَبَهُم مَّوَدَّةٗ لِّلَّذِينَ ءَامَنُواْ ٱلَّذِينَ قَالُوٓاْ إِنَّا نَصَٰرَىٰۚ ذَٰلِكَ بِأَنَّ مِنۡهُمۡ قِسِّيسِينَ وَرُهۡبَانٗا وَأَنَّهُمۡ لَا يَسۡتَكۡبِرُونَ","TajweedText":"۞ لَتَجِدَ<tajweed class=ghunnah>نّ</tajweed>َ أَشَدَّ <tajweed class=ham_wasl>ٱ</tajweed><tajweed class=laam_shamsiyah>ل</tajweed><tajweed class=ghunnah>نّ</tajweed>َاسِ عَد<tajweed class=madda_normal>َٲ</tajweed>وَ<tajweed class=idgham_wo_ghunnah>ةً ل</tajweed>ِّلَّذِينَ ءَامَنُو<tajweed class=slnt>اْ</tajweed> <tajweed class=ham_wasl>ٱ</tajweed>لْيَهُودَ وَ<tajweed class=ham_wasl>ٱ</tajweed>لَّذِينَ أَشْرَكُو<tajweed class=slnt>اْ‌ۖ</tajweed> وَلَتَجِدَ<tajweed class=ghunnah>نّ</tajweed>َ أَ<tajweed class=qalaqah>قْ</tajweed>رَبَه<tajweed class=idgham_shafawi>ُم م</tajweed>َّوَدَّ<tajweed class=idgham_wo_ghunnah>ةً ل</tajweed>ِّلَّذِينَ ءَامَنُو<tajweed class=slnt>اْ</tajweed> <tajweed class=ham_wasl>ٱ</tajweed>لَّذِينَ قَال<tajweed class=madda_obligatory>ُوٓ</tajweed><tajweed class=slnt>اْ</tajweed> إِ<tajweed class=ghunnah>نّ</tajweed>َا نَصَ<tajweed class=madda_normal>ـٰ</tajweed>رَىٰ‌ۚ ذ<tajweed class=madda_normal>َٲ</tajweed>لِكَ بِأَ<tajweed class=ghunnah>نّ</tajweed>َ مِنْهُمْ قِسِّيسِينَ وَرُهْبَا<tajweed class=idgham_ghunnah>نًا و</tajweed>َأَ<tajweed class=ghunnah>نّ</tajweed>َهُمْ لَا يَسْتَكْبِر<tajweed class=madda_permissible>ُو</tajweed>نَ <span class=end>٨٢</span>","End":"٨٢","PageNumber":121,"JuzNumber":7,"ManzilNumber":2,"RukuNumber":96,"MaqraNumber":49,"HizbNumber":13,"HizbDecimal":0.0,"HasSajda":false},{"SurahNumber":5,"SurahIndex":"005","VerseNumber":83,"ShowSurahName":false,"ShowBismillah":false,"Text":"وَإِذَا سَمِعُواْ مَآ أُنزِلَ إِلَى ٱلرَّسُولِ تَرَىٰٓ أَعۡيُنَهُمۡ تَفِيضُ مِنَ ٱلدَّمۡعِ مِمَّا عَرَفُواْ مِنَ ٱلۡحَقِّۖ يَقُولُونَ رَبَّنَآ ءَامَنَّا فَٱكۡتُبۡنَا مَعَ ٱلشَّـٰهِدِينَ","TajweedText":"وَإِذَا سَمِعُو<tajweed class=slnt>اْ</tajweed> م<tajweed class=madda_obligatory>َآ</tajweed> أُ<tajweed class=ikhafa>نز</tajweed>ِلَ إِلَى <tajweed class=ham_wasl>ٱ</tajweed><tajweed class=laam_shamsiyah>ل</tajweed>رَّسُولِ تَرَ<tajweed class=madda_obligatory>ىٰٓ</tajweed> أَعْيُنَهُمْ تَفِيضُ مِنَ <tajweed class=ham_wasl>ٱ</tajweed><tajweed class=laam_shamsiyah>ل</tajweed>دَّمْعِ مِ<tajweed class=ghunnah>مّ</tajweed>َا عَرَفُو<tajweed class=slnt>اْ</tajweed> مِنَ <tajweed class=ham_wasl>ٱ</tajweed>لْحَقِّ‌ۖ يَقُولُونَ رَبَّن<tajweed class=madda_obligatory>َآ</tajweed> ءَامَ<tajweed class=ghunnah>نّ</tajweed>َا فَ<tajweed class=ham_wasl>ٱ</tajweed>كْتُ<tajweed class=qalaqah>بْ</tajweed>نَا مَعَ <tajweed class=ham_wasl>ٱ</tajweed><tajweed class=laam_shamsiyah>ل</tajweed>شَّ<tajweed class=madda_normal>ـٰ</tajweed>هِد<tajweed class=madda_permissible>ِي</tajweed>نَ <span class=end>٨٣</span>","End":"٨٣","PageNumber":122,"JuzNumber":7,"ManzilNumber":2,"RukuNumber":96,"MaqraNumber":49,"HizbNumber":13,"HizbDecimal":0.0,"HasSajda":false},{"SurahNumber":5,"SurahIndex":"005","VerseNumber":84,"ShowSurahName":false,"ShowBismillah":false,"Text":"وَمَا لَنَا لَا نُؤۡمِنُ بِٱللَّهِ وَمَا جَآءَنَا مِنَ ٱلۡحَقِّ وَنَطۡمَعُ أَن يُدۡخِلَنَا رَبُّنَا مَعَ ٱلۡقَوۡمِ ٱلصَّـٰلِحِينَ","TajweedText":"وَمَا لَنَا لَا نُؤْمِنُ بِ<tajweed class=ham_wasl>ٱ</tajweed>للَّهِ وَمَا ج<tajweed class=madda_obligatory>َا</tajweed>ٓءَنَا مِنَ <tajweed class=ham_wasl>ٱ</tajweed>لْحَقِّ وَنَ<tajweed class=qalaqah>طْ</tajweed>مَعُ أ<tajweed class=idgham_ghunnah>َن ي</tajweed>ُ<tajweed class=qalaqah>دْ</tajweed>خِلَنَا رَبُّنَا مَعَ <tajweed class=ham_wasl>ٱ</tajweed>لْقَوْمِ <tajweed class=ham_wasl>ٱ</tajweed><tajweed class=laam_shamsiyah>ل</tajweed>صَّ<tajweed class=madda_normal>ـٰ</tajweed>لِح<tajweed class=madda_permissible>ِي</tajweed>نَ <span class=end>٨٤</span>","End":"٨٤","PageNumber":122,"JuzNumber":7,"ManzilNumber":2,"RukuNumber":96,"MaqraNumber":49,"HizbNumber":13,"HizbDecimal":0.0,"HasSajda":false},{"SurahNumber":5,"SurahIndex":"005","VerseNumber":85,"ShowSurahName":false,"ShowBismillah":false,"Text":"فَأَثَٰبَهُمُ ٱللَّهُ بِمَا قَالُواْ جَنَّـٰتٖ تَجۡرِي مِن تَحۡتِهَا ٱلۡأَنۡهَٰرُ خَٰلِدِينَ فِيهَاۚ وَذَٰلِكَ جَزَآءُ ٱلۡمُحۡسِنِينَ","TajweedText":"فَأَثَ<tajweed class=madda_normal>ـٰ</tajweed>بَهُمُ <tajweed class=ham_wasl>ٱ</tajweed>للَّهُ بِمَا قَالُو<tajweed class=slnt>اْ</tajweed> جَ<tajweed class=ghunnah>نّ</tajweed>َ<tajweed class=madda_normal>ـٰ</tajweed><tajweed class=ikhafa>تٍ ت</tajweed>َ<tajweed class=qalaqah>جْ</tajweed>رِى مِ<tajweed class=ikhafa>ن ت</tajweed>َحْتِهَا <tajweed class=ham_wasl>ٱ</tajweed>لْأَنْهَ<tajweed class=madda_normal>ـٰ</tajweed>رُ خَ<tajweed class=madda_normal>ـٰ</tajweed>لِدِينَ فِيهَا‌ۚ وَذ<tajweed class=madda_normal>َٲ</tajweed>لِكَ جَز<tajweed class=madda_obligatory>َا</tajweed>ٓءُ <tajweed class=ham_wasl>ٱ</tajweed>لْمُحْسِن<tajweed class=madda_permissible>ِي</tajweed>نَ <span class=end>٨٥</span>","End":"٨٥","PageNumber":122,"JuzNumber":7,"ManzilNumber":2,"RukuNumber":96,"MaqraNumber":49,"HizbNumber":13,"HizbDecimal":0.0,"HasSajda":false},{"SurahNumber":5,"SurahIndex":"005","VerseNumber":86,"ShowSurahName":false,"ShowBismillah":false,"Text":"وَٱلَّذِينَ كَفَرُواْ وَكَذَّبُواْ بِـَٔايَٰتِنَآ أُوْلَـٰٓئِكَ أَصۡحَٰبُ ٱلۡجَحِيمِ","TajweedText":"وَ<tajweed class=ham_wasl>ٱ</tajweed>لَّذِينَ كَفَرُو<tajweed class=slnt>اْ</tajweed> وَكَذَّبُو<tajweed class=slnt>اْ</tajweed> بِـَٔـايَ<tajweed class=madda_normal>ـٰ</tajweed>تِن<tajweed class=madda_obligatory>َآ</tajweed> أُ<tajweed class=slnt>وْ</tajweed>لَ<tajweed class=madda_obligatory>ـٰٓ</tajweed>ئِكَ أَصْحَ<tajweed class=madda_normal>ـٰ</tajweed>بُ <tajweed class=ham_wasl>ٱ</tajweed>لْجَح<tajweed class=madda_permissible>ِي</tajweed>مِ <span class=end>٨٦</span>","End":"٨٦","PageNumber":122,"JuzNumber":7,"ManzilNumber":2,"RukuNumber":96,"MaqraNumber":49,"HizbNumber":13,"HizbDecimal":0.0,"HasSajda":false},{"SurahNumber":5,"SurahIndex":"005","VerseNumber":87,"ShowSurahName":false,"ShowBismillah":false,"Text":"يَـٰٓأَيُّهَا ٱلَّذِينَ ءَامَنُواْ لَا تُحَرِّمُواْ طَيِّبَٰتِ مَآ أَحَلَّ ٱللَّهُ لَكُمۡ وَلَا تَعۡتَدُوٓاْۚ إِنَّ ٱللَّهَ لَا يُحِبُّ ٱلۡمُعۡتَدِينَ","TajweedText":"يَ<tajweed class=madda_obligatory>ـٰٓ</tajweed>أَيُّهَا <tajweed class=ham_wasl>ٱ</tajweed>لَّذِينَ ءَامَنُو<tajweed class=slnt>اْ</tajweed> لَا تُحَرِّمُو<tajweed class=slnt>اْ</tajweed> طَيِّبَ<tajweed class=madda_normal>ـٰ</tajweed>تِ م<tajweed class=madda_obligatory>َآ</tajweed> أَحَلَّ <tajweed class=ham_wasl>ٱ</tajweed>للَّهُ لَكُمْ وَلَا تَعْتَد<tajweed class=madda_obligatory>ُوٓ<tajweed class=slnt>اْ</tajweed>‌ۚ</tajweed> إِ<tajweed class=ghunnah>نّ</tajweed>َ <tajweed class=ham_wasl>ٱ</tajweed>للَّهَ لَا يُحِبُّ <tajweed class=ham_wasl>ٱ</tajweed>لْمُعْتَد<tajweed class=madda_permissible>ِي</tajweed>نَ <span class=end>٨٧</span>","End":"٨٧","PageNumber":122,"JuzNumber":7,"ManzilNumber":2,"RukuNumber":97,"MaqraNumber":49,"HizbNumber":13,"HizbDecimal":0.0,"HasSajda":false},{"SurahNumber":5,"SurahIndex":"005","VerseNumber":88,"ShowSurahName":false,"ShowBismillah":false,"Text":"وَكُلُواْ مِمَّا رَزَقَكُمُ ٱللَّهُ حَلَٰلٗا طَيِّبٗاۚ وَٱتَّقُواْ ٱللَّهَ ٱلَّذِيٓ أَنتُم بِهِۦ مُؤۡمِنُونَ","TajweedText":"وَكُلُو<tajweed class=slnt>اْ</tajweed> مِ<tajweed class=ghunnah>مّ</tajweed>َا رَزَقَكُمُ <tajweed class=ham_wasl>ٱ</tajweed>للَّهُ حَلَ<tajweed class=madda_normal>ـٰ</tajweed>ل<tajweed class=ikhafa>اً ط</tajweed>َيِّ<tajweed class=idgham_ghunnah>بًا‌ۚ و</tajweed>َ<tajweed class=ham_wasl>ٱ</tajweed>تَّقُو<tajweed class=slnt>اْ</tajweed> <tajweed class=ham_wasl>ٱ</tajweed>للَّهَ <tajweed class=ham_wasl>ٱ</tajweed>لَّذ<tajweed class=madda_obligatory>ِىٓ</tajweed> أَ<tajweed class=ikhafa>نت</tajweed><tajweed class=ikhafa_shafawi>ُم ب</tajweed>ِه<tajweed class=madda_normal>ِۦ</tajweed> مُؤْمِن<tajweed class=madda_permissible>ُو</tajweed>نَ <span class=end>٨٨</span>","End":"٨٨","PageNumber":122,"JuzNumber":7,"ManzilNumber":2,"RukuNumber":97,"MaqraNumber":49,"HizbNumber":13,"HizbDecimal":0.0,"HasSajda":false},{"SurahNumber":5,"SurahIndex":"005","VerseNumber":89,"ShowSurahName":false,"ShowBismillah":false,"Text":"لَا يُؤَاخِذُكُمُ ٱللَّهُ بِٱللَّغۡوِ فِيٓ أَيۡمَٰنِكُمۡ وَلَٰكِن يُؤَاخِذُكُم بِمَا عَقَّدتُّمُ ٱلۡأَيۡمَٰنَۖ فَكَفَّـٰرَتُهُۥٓ إِطۡعَامُ عَشَرَةِ مَسَٰكِينَ مِنۡ أَوۡسَطِ مَا تُطۡعِمُونَ أَهۡلِيكُمۡ أَوۡ كِسۡوَتُهُمۡ أَوۡ تَحۡرِيرُ رَقَبَةٖۖ فَمَن لَّمۡ يَجِدۡ فَصِيَامُ ثَلَٰثَةِ أَيَّامٖۚ ذَٰلِكَ كَفَّـٰرَةُ أَيۡمَٰنِكُمۡ إِذَا حَلَفۡتُمۡۚ وَٱحۡفَظُوٓاْ أَيۡمَٰنَكُمۡۚ كَذَٰلِكَ يُبَيِّنُ ٱللَّهُ لَكُمۡ ءَايَٰتِهِۦ لَعَلَّكُمۡ تَشۡكُرُونَ","TajweedText":"لَا يُؤَاخِذُكُمُ <tajweed class=ham_wasl>ٱ</tajweed>للَّهُ بِ<tajweed class=ham_wasl>ٱ</tajweed><tajweed class=laam_shamsiyah>ل</tajweed>لَّغْوِ ف<tajweed class=madda_obligatory>ِىٓ</tajweed> أَيْمَ<tajweed class=madda_normal>ـٰ</tajweed>نِكُمْ وَلَ<tajweed class=madda_normal>ـٰ</tajweed>ك<tajweed class=idgham_ghunnah>ِن ي</tajweed>ُؤَاخِذُك<tajweed class=ikhafa_shafawi>ُم ب</tajweed>ِمَا عَقَّ<tajweed class=idgham_mutajanisayn>د</tajweed>تُّمُ <tajweed class=ham_wasl>ٱ</tajweed>لْأَيْمَ<tajweed class=madda_normal>ـٰ</tajweed>نَ‌ۖ فَكَفَّ<tajweed class=madda_normal>ـٰ</tajweed>رَتُهُ<tajweed class=madda_obligatory>ۥٓ</tajweed> إِ<tajweed class=qalaqah>طْ</tajweed>عَامُ عَشَرَةِ مَسَ<tajweed class=madda_normal>ـٰ</tajweed>كِينَ مِنْ أَوْسَطِ مَا تُ<tajweed class=qalaqah>طْ</tajweed>عِمُونَ أَهْلِيكُمْ أَوْ كِسْوَتُهُمْ أَوْ تَحْرِيرُ رَقَبَ<tajweed class=ikhafa>ةٍ‌ۖ ف</tajweed>َم<tajweed class=idgham_wo_ghunnah>َن ل</tajweed>َّمْ يَجِ<tajweed class=qalaqah>دْ</tajweed> فَصِيَامُ ثَلَ<tajweed class=madda_normal>ـٰ</tajweed>ثَةِ أَيَّا<tajweed class=ikhafa>مٍ‌ۚ ذ</tajweed><tajweed class=madda_normal>َٲ</tajweed>لِكَ كَفَّ<tajweed class=madda_normal>ـٰ</tajweed>رَةُ أَيْمَ<tajweed class=madda_normal>ـٰ</tajweed>نِكُمْ إِذَا حَلَفْتُمْ‌ۚ وَ<tajweed class=ham_wasl>ٱ</tajweed>حْفَظ<tajweed class=madda_obligatory>ُوٓ</tajweed><tajweed class=slnt>اْ</tajweed> أَيْمَ<tajweed class=madda_normal>ـٰ</tajweed>نَكُمْ‌ۚ كَذ<tajweed class=madda_normal>َٲ</tajweed>لِكَ يُبَيِّنُ <tajweed class=ham_wasl>ٱ</tajweed>للَّهُ لَكُمْ ءَايَ<tajweed class=madda_normal>ـٰ</tajweed>تِه<tajweed class=madda_normal>ِۦ</tajweed> لَعَلَّكُمْ تَشْكُر<tajweed class=madda_permissible>ُو</tajweed>نَ <span class=end>٨٩</span>","End":"٨٩","PageNumber":122,"JuzNumber":7,"ManzilNumber":2,"RukuNumber":97,"MaqraNumber":49,"HizbNumber":13,"HizbDecimal":0.0,"HasSajda":false},{"SurahNumber":5,"SurahIndex":"005","VerseNumber":90,"ShowSurahName":false,"ShowBismillah":false,"Text":"يَـٰٓأَيُّهَا ٱلَّذِينَ ءَامَنُوٓاْ إِنَّمَا ٱلۡخَمۡرُ وَٱلۡمَيۡسِرُ وَٱلۡأَنصَابُ وَٱلۡأَزۡلَٰمُ رِجۡسٞ مِّنۡ عَمَلِ ٱلشَّيۡطَٰنِ فَٱجۡتَنِبُوهُ لَعَلَّكُمۡ تُفۡلِحُونَ","TajweedText":"يَ<tajweed class=madda_obligatory>ـٰٓ</tajweed>أَيُّهَا <tajweed class=ham_wasl>ٱ</tajweed>لَّذِينَ ءَامَن<tajweed class=madda_obligatory>ُوٓ</tajweed><tajweed class=slnt>اْ</tajweed> إِ<tajweed class=ghunnah>نّ</tajweed>َمَا <tajweed class=ham_wasl>ٱ</tajweed>لْخَمْرُ وَ<tajweed class=ham_wasl>ٱ</tajweed>لْمَيْسِرُ وَ<tajweed class=ham_wasl>ٱ</tajweed>لْأَ<tajweed class=ikhafa>نص</tajweed>َابُ وَ<tajweed class=ham_wasl>ٱ</tajweed>لْأَزْلَ<tajweed class=madda_normal>ـٰ</tajweed>مُ رِ<tajweed class=qalaqah>جْ</tajweed><tajweed class=idgham_ghunnah>سٌ م</tajweed>ِّنْ عَمَلِ <tajweed class=ham_wasl>ٱ</tajweed><tajweed class=laam_shamsiyah>ل</tajweed>شَّيْطَ<tajweed class=madda_normal>ـٰ</tajweed>نِ فَ<tajweed class=ham_wasl>ٱ</tajweed><tajweed class=qalaqah>جْ</tajweed>تَنِبُوهُ لَعَلَّكُمْ تُفْلِح<tajweed class=madda_permissible>ُو</tajweed>نَ <span class=end>٩٠</span>","End":"٩٠","PageNumber":123,"JuzNumber":7,"ManzilNumber":2,"RukuNumber":97,"MaqraNumber":49,"HizbNumber":13,"HizbDecimal":0.0,"HasSajda":false},{"SurahNumber":5,"SurahIndex":"005","VerseNumber":91,"ShowSurahName":false,"ShowBismillah":false,"Text":"إِنَّمَا يُرِيدُ ٱلشَّيۡطَٰنُ أَن يُوقِعَ بَيۡنَكُمُ ٱلۡعَدَٰوَةَ وَٱلۡبَغۡضَآءَ فِي ٱلۡخَمۡرِ وَٱلۡمَيۡسِرِ وَيَصُدَّكُمۡ عَن ذِكۡرِ ٱللَّهِ وَعَنِ ٱلصَّلَوٰةِۖ فَهَلۡ أَنتُم مُّنتَهُونَ","TajweedText":"إِ<tajweed class=ghunnah>نّ</tajweed>َمَا يُرِيدُ <tajweed class=ham_wasl>ٱ</tajweed><tajweed class=laam_shamsiyah>ل</tajweed>شَّيْطَ<tajweed class=madda_normal>ـٰ</tajweed>نُ أ<tajweed class=idgham_ghunnah>َن ي</tajweed>ُوقِعَ بَيْنَكُمُ <tajweed class=ham_wasl>ٱ</tajweed>لْعَد<tajweed class=madda_normal>َٲ</tajweed>وَةَ وَ<tajweed class=ham_wasl>ٱ</tajweed>لْبَغْض<tajweed class=madda_obligatory>َا</tajweed>ٓءَ فِى <tajweed class=ham_wasl>ٱ</tajweed>لْخَمْرِ وَ<tajweed class=ham_wasl>ٱ</tajweed>لْمَيْسِرِ وَيَصُدَّكُمْ عَ<tajweed class=ikhafa>ن ذ</tajweed>ِكْرِ <tajweed class=ham_wasl>ٱ</tajweed>للَّهِ وَعَنِ <tajweed class=ham_wasl>ٱ</tajweed><tajweed class=laam_shamsiyah>ل</tajweed>صَّلَ<tajweed class=slnt>و</tajweed><tajweed class=madda_normal>ٲ</tajweed>ةِ‌ۖ فَهَلْ أَ<tajweed class=ikhafa>نت</tajweed><tajweed class=idgham_shafawi>ُم م</tajweed>ُّ<tajweed class=ikhafa>نت</tajweed>َه<tajweed class=madda_permissible>ُو</tajweed>نَ <span class=end>٩١</span>","End":"٩١","PageNumber":123,"JuzNumber":7,"ManzilNumber":2,"RukuNumber":97,"MaqraNumber":49,"HizbNumber":13,"HizbDecimal":0.0,"HasSajda":false},{"SurahNumber":5,"SurahIndex":"005","VerseNumber":92,"ShowSurahName":false,"ShowBismillah":false,"Text":"وَأَطِيعُواْ ٱللَّهَ وَأَطِيعُواْ ٱلرَّسُولَ وَٱحۡذَرُواْۚ فَإِن تَوَلَّيۡتُمۡ فَٱعۡلَمُوٓاْ أَنَّمَا عَلَىٰ رَسُولِنَا ٱلۡبَلَٰغُ ٱلۡمُبِينُ","TajweedText":"وَأَطِيعُو<tajweed class=slnt>اْ</tajweed> <tajweed class=ham_wasl>ٱ</tajweed>للَّهَ وَأَطِيعُو<tajweed class=slnt>اْ</tajweed> <tajweed class=ham_wasl>ٱ</tajweed><tajweed class=laam_shamsiyah>ل</tajweed>رَّسُولَ وَ<tajweed class=ham_wasl>ٱ</tajweed>حْذَرُو<tajweed class=slnt>اْ‌ۚ</tajweed> فَإِ<tajweed class=ikhafa>ن ت</tajweed>َوَلَّيْتُمْ فَ<tajweed class=ham_wasl>ٱ</tajweed>عْلَم<tajweed class=madda_obligatory>ُوٓ</tajweed><tajweed class=slnt>اْ</tajweed> أَ<tajweed class=ghunnah>نّ</tajweed>َمَا عَلَىٰ رَسُولِنَا <tajweed class=ham_wasl>ٱ</tajweed>لْبَلَ<tajweed class=madda_normal>ـٰ</tajweed>غُ <tajweed class=ham_wasl>ٱ</tajweed>لْمُب<tajweed class=madda_permissible>ِي</tajweed>نُ <span class=end>٩٢</span>","End":"٩٢","PageNumber":123,"JuzNumber":7,"ManzilNumber":2,"RukuNumber":97,"MaqraNumber":49,"HizbNumber":13,"HizbDecimal":0.0,"HasSajda":false},{"SurahNumber":5,"SurahIndex":"005","VerseNumber":93,"ShowSurahName":false,"ShowBismillah":false,"Text":"لَيۡسَ عَلَى ٱلَّذِينَ ءَامَنُواْ وَعَمِلُواْ ٱلصَّـٰلِحَٰتِ جُنَاحٞ فِيمَا طَعِمُوٓاْ إِذَا مَا ٱتَّقَواْ وَّءَامَنُواْ وَعَمِلُواْ ٱلصَّـٰلِحَٰتِ ثُمَّ ٱتَّقَواْ وَّءَامَنُواْ ثُمَّ ٱتَّقَواْ وَّأَحۡسَنُواْۚ وَٱللَّهُ يُحِبُّ ٱلۡمُحۡسِنِينَ","TajweedText":"لَيْسَ عَلَى <tajweed class=ham_wasl>ٱ</tajweed>لَّذِينَ ءَامَنُو<tajweed class=slnt>اْ</tajweed> وَعَمِلُو<tajweed class=slnt>اْ</tajweed> <tajweed class=ham_wasl>ٱ</tajweed><tajweed class=laam_shamsiyah>ل</tajweed>صَّ<tajweed class=madda_normal>ـٰ</tajweed>لِحَ<tajweed class=madda_normal>ـٰ</tajweed>تِ جُنَا<tajweed class=ikhafa>حٌ ف</tajweed>ِيمَا طَعِم<tajweed class=madda_obligatory>ُوٓ</tajweed><tajweed class=slnt>اْ</tajweed> إِذَا مَا <tajweed class=ham_wasl>ٱ</tajweed>تَّقَو<tajweed class=slnt>اْ</tajweed> وَّءَامَنُو<tajweed class=slnt>اْ</tajweed> وَعَمِلُو<tajweed class=slnt>اْ</tajweed> <tajweed class=ham_wasl>ٱ</tajweed><tajweed class=laam_shamsiyah>ل</tajweed>صَّ<tajweed class=madda_normal>ـٰ</tajweed>لِحَ<tajweed class=madda_normal>ـٰ</tajweed>تِ ثُ<tajweed class=ghunnah>مّ</tajweed>َ <tajweed class=ham_wasl>ٱ</tajweed>تَّقَو<tajweed class=slnt>اْ</tajweed> وَّءَامَنُو<tajweed class=slnt>اْ</tajweed> ثُ<tajweed class=ghunnah>مّ</tajweed>َ <tajweed class=ham_wasl>ٱ</tajweed>تَّقَو<tajweed class=slnt>اْ</tajweed> وَّأَحْسَنُو<tajweed class=slnt>اْ‌ۗ</tajweed> وَ<tajweed class=ham_wasl>ٱ</tajweed>للَّهُ يُحِبُّ <tajweed class=ham_wasl>ٱ</tajweed>لْمُحْسِن<tajweed class=madda_permissible>ِي</tajweed>نَ <span class=end>٩٣</span>","End":"٩٣","PageNumber":123,"JuzNumber":7,"ManzilNumber":2,"RukuNumber":97,"MaqraNumber":49,"HizbNumber":13,"HizbDecimal":0.0,"HasSajda":false},{"SurahNumber":5,"SurahIndex":"005","VerseNumber":94,"ShowSurahName":false,"ShowBismillah":false,"Text":"يَـٰٓأَيُّهَا ٱلَّذِينَ ءَامَنُواْ لَيَبۡلُوَنَّكُمُ ٱللَّهُ بِشَيۡءٖ مِّنَ ٱلصَّيۡدِ تَنَالُهُۥٓ أَيۡدِيكُمۡ وَرِمَاحُكُمۡ لِيَعۡلَمَ ٱللَّهُ مَن يَخَافُهُۥ بِٱلۡغَيۡبِۚ فَمَنِ ٱعۡتَدَىٰ بَعۡدَ ذَٰلِكَ فَلَهُۥ عَذَابٌ أَلِيمٞ","TajweedText":"يَ<tajweed class=madda_obligatory>ـٰٓ</tajweed>أَيُّهَا <tajweed class=ham_wasl>ٱ</tajweed>لَّذِينَ ءَامَنُو<tajweed class=slnt>اْ</tajweed> لَيَ<tajweed class=qalaqah>بْ</tajweed>لُوَ<tajweed class=ghunnah>نّ</tajweed>َكُمُ <tajweed class=ham_wasl>ٱ</tajweed>للَّهُ بِش<tajweed class=idgham_ghunnah>َىْءٍ م</tajweed>ِّنَ <tajweed class=ham_wasl>ٱ</tajweed><tajweed class=laam_shamsiyah>ل</tajweed>صَّيْدِ تَنَالُهُ<tajweed class=madda_obligatory>ۥٓ</tajweed> أَيْدِيكُمْ وَرِمَاحُكُمْ لِيَعْلَمَ <tajweed class=ham_wasl>ٱ</tajweed>للَّهُ م<tajweed class=idgham_ghunnah>َن ي</tajweed>َخَافُهُ<tajweed class=madda_normal>ۥ</tajweed> بِ<tajweed class=ham_wasl>ٱ</tajweed>لْغَيْبِ‌ۚ فَمَنِ <tajweed class=ham_wasl>ٱ</tajweed>عْتَدَىٰ بَعْدَ ذ<tajweed class=madda_normal>َٲ</tajweed>لِكَ فَلَهُ<tajweed class=madda_normal>ۥ</tajweed> عَذَابٌ أَل<tajweed class=madda_permissible>ِي</tajweed>مٌ <span class=end>٩٤</span>","End":"٩٤","PageNumber":123,"JuzNumber":7,"ManzilNumber":2,"RukuNumber":98,"MaqraNumber":49,"HizbNumber":13,"HizbDecimal":0.0,"HasSajda":false},{"SurahNumber":5,"SurahIndex":"005","VerseNumber":95,"ShowSurahName":false,"ShowBismillah":false,"Text":"يَـٰٓأَيُّهَا ٱلَّذِينَ ءَامَنُواْ لَا تَقۡتُلُواْ ٱلصَّيۡدَ وَأَنتُمۡ حُرُمٞۚ وَمَن قَتَلَهُۥ مِنكُم مُّتَعَمِّدٗا فَجَزَآءٞ مِّثۡلُ مَا قَتَلَ مِنَ ٱلنَّعَمِ يَحۡكُمُ بِهِۦ ذَوَا عَدۡلٖ مِّنكُمۡ هَدۡيَۢا بَٰلِغَ ٱلۡكَعۡبَةِ أَوۡ كَفَّـٰرَةٞ طَعَامُ مَسَٰكِينَ أَوۡ عَدۡلُ ذَٰلِكَ صِيَامٗا لِّيَذُوقَ وَبَالَ أَمۡرِهِۦۗ عَفَا ٱللَّهُ عَمَّا سَلَفَۚ وَمَنۡ عَادَ فَيَنتَقِمُ ٱللَّهُ مِنۡهُۚ وَٱللَّهُ عَزِيزٞ ذُو ٱنتِقَامٍ","TajweedText":"يَ<tajweed class=madda_obligatory>ـٰٓ</tajweed>أَيُّهَا <tajweed class=ham_wasl>ٱ</tajweed>لَّذِينَ ءَامَنُو<tajweed class=slnt>اْ</tajweed> لَا تَ<tajweed class=qalaqah>قْ</tajweed>تُلُو<tajweed class=slnt>اْ</tajweed> <tajweed class=ham_wasl>ٱ</tajweed><tajweed class=laam_shamsiyah>ل</tajweed>صَّيْدَ وَأَ<tajweed class=ikhafa>نت</tajweed>ُمْ حُرُ<tajweed class=idgham_ghunnah>مٌ‌ۚ و</tajweed>َمَ<tajweed class=ikhafa>ن ق</tajweed>َتَلَهُ<tajweed class=madda_normal>ۥ</tajweed> مِ<tajweed class=ikhafa>نك</tajweed><tajweed class=idgham_shafawi>ُم م</tajweed>ُّتَعَ<tajweed class=ghunnah>مّ</tajweed>ِ<tajweed class=ikhafa>دًا ف</tajweed>َجَز<tajweed class=madda_obligatory>َا</tajweed>ٓ<tajweed class=idgham_ghunnah>ءٌ م</tajweed>ِّثْلُ مَا قَتَلَ مِنَ <tajweed class=ham_wasl>ٱ</tajweed><tajweed class=laam_shamsiyah>ل</tajweed><tajweed class=ghunnah>نّ</tajweed>َعَمِ يَحْكُمُ بِه<tajweed class=madda_normal>ِۦ</tajweed> ذَوَا عَ<tajweed class=qalaqah>دْ</tajweed><tajweed class=idgham_ghunnah>لٍ م</tajweed>ِّ<tajweed class=ikhafa>نك</tajweed>ُمْ هَ<tajweed class=qalaqah>دْ</tajweed>ي<tajweed class=iqlab>َۢا ب</tajweed>َ<tajweed class=madda_normal>ـٰ</tajweed>لِغَ <tajweed class=ham_wasl>ٱ</tajweed>لْكَعْبَةِ أَوْ كَفَّ<tajweed class=madda_normal>ـٰ</tajweed>رَ<tajweed class=ikhafa>ةٌ ط</tajweed>َعَامُ مَسَ<tajweed class=madda_normal>ـٰ</tajweed>كِينَ أَوْ عَ<tajweed class=qalaqah>دْ</tajweed>لُ ذ<tajweed class=madda_normal>َٲ</tajweed>لِكَ صِيَا<tajweed class=idgham_wo_ghunnah>مًا ل</tajweed>ِّيَذُوقَ وَبَالَ أَمْرِه<tajweed class=madda_normal>ِۦ</tajweed>‌ۗ عَفَا <tajweed class=ham_wasl>ٱ</tajweed>للَّهُ عَ<tajweed class=ghunnah>مّ</tajweed>َا سَلَفَ‌ۚ وَمَنْ عَادَ فَيَ<tajweed class=ikhafa>نت</tajweed>َقِمُ <tajweed class=ham_wasl>ٱ</tajweed>للَّهُ مِنْهُ‌ۗ وَ<tajweed class=ham_wasl>ٱ</tajweed>للَّهُ عَزِي<tajweed class=ikhafa>زٌ ذ</tajweed>ُو <tajweed class=ham_wasl>ٱ</tajweed><tajweed class=ikhafa>نت</tajweed>ِق<tajweed class=madda_permissible>َا</tajweed>مٍ <span class=end>٩٥</span>","End":"٩٥","PageNumber":123,"JuzNumber":7,"ManzilNumber":2,"RukuNumber":98,"MaqraNumber":49,"HizbNumber":13,"HizbDecimal":0.0,"HasSajda":false},{"SurahNumber":5,"SurahIndex":"005","VerseNumber":96,"ShowSurahName":false,"ShowBismillah":false,"Text":"أُحِلَّ لَكُمۡ صَيۡدُ ٱلۡبَحۡرِ وَطَعَامُهُۥ مَتَٰعٗا لَّكُمۡ وَلِلسَّيَّارَةِۖ وَحُرِّمَ عَلَيۡكُمۡ صَيۡدُ ٱلۡبَرِّ مَا دُمۡتُمۡ حُرُمٗاۗ وَٱتَّقُواْ ٱللَّهَ ٱلَّذِيٓ إِلَيۡهِ تُحۡشَرُونَ","TajweedText":"أُحِلَّ لَكُمْ صَيْدُ <tajweed class=ham_wasl>ٱ</tajweed>لْبَحْرِ وَطَعَامُهُ<tajweed class=madda_normal>ۥ</tajweed> مَتَ<tajweed class=madda_normal>ـٰ</tajweed><tajweed class=idgham_wo_ghunnah>عًا ل</tajweed>َّكُمْ وَلِلسَّيَّارَةِ‌ۖ وَحُرِّمَ عَلَيْكُمْ صَيْدُ <tajweed class=ham_wasl>ٱ</tajweed>لْبَرِّ مَا دُمْتُمْ حُرُ<tajweed class=idgham_ghunnah>مًا‌ۗ و</tajweed>َ<tajweed class=ham_wasl>ٱ</tajweed>تَّقُو<tajweed class=slnt>اْ</tajweed> <tajweed class=ham_wasl>ٱ</tajweed>للَّهَ <tajweed class=ham_wasl>ٱ</tajweed>لَّذ<tajweed class=madda_obligatory>ِىٓ</tajweed> إِلَيْهِ تُحْشَر<tajweed class=madda_permissible>ُو</tajweed>نَ <span class=end>٩٦</span>","End":"٩٦","PageNumber":124,"JuzNumber":7,"ManzilNumber":2,"RukuNumber":98,"MaqraNumber":49,"HizbNumber":13,"HizbDecimal":0.0,"HasSajda":false}]}