{"MaqraNumber":203,"Verses":[{"SurahNumber":47,"SurahIndex":"047","VerseNumber":10,"ShowSurahName":false,"ShowBismillah":false,"Words":[{"Position":1,"AudioFileName":"047_010_001.mp3","TajweedImageFilePath":"47/10/1.png","Text":"۞ أَفَلَمْ","Translation":"Do not","Transliteration":"afalam"},{"Position":2,"AudioFileName":"047_010_002.mp3","TajweedImageFilePath":"47/10/2.png","Text":"يَسِيرُوا۟","Translation":"they travel","Transliteration":"yasīrū"},{"Position":3,"AudioFileName":"047_010_003.mp3","TajweedImageFilePath":"47/10/3.png","Text":"فِى","Translation":"in","Transliteration":"fī"},{"Position":4,"AudioFileName":"047_010_004.mp3","TajweedImageFilePath":"47/10/4.png","Text":"ٱلْأَرْضِ","Translation":"the earth","Transliteration":"l-arḍi"},{"Position":5,"AudioFileName":"047_010_005.mp3","TajweedImageFilePath":"47/10/5.png","Text":"فَيَنظُرُوا۟","Translation":"and see","Transliteration":"fayanẓurū"},{"Position":6,"AudioFileName":"047_010_006.mp3","TajweedImageFilePath":"47/10/6.png","Text":"كَيْفَ","Translation":"how","Transliteration":"kayfa"},{"Position":7,"AudioFileName":"047_010_007.mp3","TajweedImageFilePath":"47/10/7.png","Text":"كَانَ","Translation":"was","Transliteration":"kāna"},{"Position":8,"AudioFileName":"047_010_008.mp3","TajweedImageFilePath":"47/10/8.png","Text":"عَـٰقِبَةُ","Translation":"(the) end","Transliteration":"ʿāqibatu"},{"Position":9,"AudioFileName":"047_010_009.mp3","TajweedImageFilePath":"47/10/9.png","Text":"ٱلَّذِينَ","Translation":"(of) those","Transliteration":"alladhīna"},{"Position":10,"AudioFileName":"047_010_010.mp3","TajweedImageFilePath":"47/10/10.png","Text":"مِن","Translation":"before them","Transliteration":"min"},{"Position":11,"AudioFileName":"047_010_011.mp3","TajweedImageFilePath":"47/10/11.png","Text":"قَبْلِهِمْ ۚ","Translation":"before them","Transliteration":"qablihim"},{"Position":12,"AudioFileName":"047_010_012.mp3","TajweedImageFilePath":"47/10/12.png","Text":"دَمَّرَ","Translation":"Allah destroyed","Transliteration":"dammara"},{"Position":13,"AudioFileName":"047_010_013.mp3","TajweedImageFilePath":"47/10/13.png","Text":"ٱللَّهُ","Translation":"Allah destroyed","Transliteration":"l-lahu"},{"Position":14,"AudioFileName":"047_010_014.mp3","TajweedImageFilePath":"47/10/14.png","Text":"عَلَيْهِمْ ۖ","Translation":"[over] them","Transliteration":"ʿalayhim"},{"Position":15,"AudioFileName":"047_010_015.mp3","TajweedImageFilePath":"47/10/15.png","Text":"وَلِلْكَـٰفِرِينَ","Translation":"and for the disbelievers","Transliteration":"walil'kāfirīna"},{"Position":16,"AudioFileName":"047_010_016.mp3","TajweedImageFilePath":"47/10/16.png","Text":"أَمْثَـٰلُهَا","Translation":"its likeness","Transliteration":"amthāluhā"},{"Position":17,"AudioFileName":null,"TajweedImageFilePath":"10.png","Text":"١٠","Translation":"(10)","Transliteration":null}],"PageNumber":507,"JuzNumber":26,"ManzilNumber":6,"RukuNumber":442,"MaqraNumber":203,"HizbNumber":51,"HizbDecimal":0.5,"HasSajda":false},{"SurahNumber":47,"SurahIndex":"047","VerseNumber":11,"ShowSurahName":false,"ShowBismillah":false,"Words":[{"Position":1,"AudioFileName":"047_011_001.mp3","TajweedImageFilePath":"47/11/1.png","Text":"ذَٰلِكَ","Translation":"That","Transliteration":"dhālika"},{"Position":2,"AudioFileName":"047_011_002.mp3","TajweedImageFilePath":"47/11/2.png","Text":"بِأَنَّ","Translation":"(is) because","Transliteration":"bi-anna"},{"Position":3,"AudioFileName":"047_011_003.mp3","TajweedImageFilePath":"47/11/3.png","Text":"ٱللَّهَ","Translation":"Allah","Transliteration":"l-laha"},{"Position":4,"AudioFileName":"047_011_004.mp3","TajweedImageFilePath":"47/11/4.png","Text":"مَوْلَى","Translation":"(is the) Protector","Transliteration":"mawlā"},{"Position":5,"AudioFileName":"047_011_005.mp3","TajweedImageFilePath":"47/11/5.png","Text":"ٱلَّذِينَ","Translation":"(of) those who","Transliteration":"alladhīna"},{"Position":6,"AudioFileName":"047_011_006.mp3","TajweedImageFilePath":"47/11/6.png","Text":"ءَامَنُوا۟","Translation":"believe","Transliteration":"āmanū"},{"Position":7,"AudioFileName":"047_011_007.mp3","TajweedImageFilePath":"47/11/7.png","Text":"وَأَنَّ","Translation":"and that","Transliteration":"wa-anna"},{"Position":8,"AudioFileName":"047_011_008.mp3","TajweedImageFilePath":"47/11/8.png","Text":"ٱلْكَـٰفِرِينَ","Translation":"the disbelievers ","Transliteration":"l-kāfirīna"},{"Position":9,"AudioFileName":"047_011_009.mp3","TajweedImageFilePath":"47/11/9.png","Text":"لَا","Translation":"(there is) no","Transliteration":"lā"},{"Position":10,"AudioFileName":"047_011_010.mp3","TajweedImageFilePath":"47/11/10.png","Text":"مَوْلَىٰ","Translation":"protector","Transliteration":"mawlā"},{"Position":11,"AudioFileName":"047_011_011.mp3","TajweedImageFilePath":"47/11/11.png","Text":"لَهُمْ","Translation":"for them","Transliteration":"lahum"},{"Position":12,"AudioFileName":null,"TajweedImageFilePath":"11.png","Text":"١١","Translation":"(11)","Transliteration":null}],"PageNumber":507,"JuzNumber":26,"ManzilNumber":6,"RukuNumber":442,"MaqraNumber":203,"HizbNumber":51,"HizbDecimal":0.5,"HasSajda":false},{"SurahNumber":47,"SurahIndex":"047","VerseNumber":12,"ShowSurahName":false,"ShowBismillah":false,"Words":[{"Position":1,"AudioFileName":"047_012_001.mp3","TajweedImageFilePath":"47/12/1.png","Text":"إِنَّ","Translation":"Indeed","Transliteration":"inna"},{"Position":2,"AudioFileName":"047_012_002.mp3","TajweedImageFilePath":"47/12/2.png","Text":"ٱللَّهَ","Translation":"Allah","Transliteration":"l-laha"},{"Position":3,"AudioFileName":"047_012_003.mp3","TajweedImageFilePath":"47/12/3.png","Text":"يُدْخِلُ","Translation":"will admit","Transliteration":"yud'khilu"},{"Position":4,"AudioFileName":"047_012_004.mp3","TajweedImageFilePath":"47/12/4.png","Text":"ٱلَّذِينَ","Translation":"those who","Transliteration":"alladhīna"},{"Position":5,"AudioFileName":"047_012_005.mp3","TajweedImageFilePath":"47/12/5.png","Text":"ءَامَنُوا۟","Translation":"believe","Transliteration":"āmanū"},{"Position":6,"AudioFileName":"047_012_006.mp3","TajweedImageFilePath":"47/12/6.png","Text":"وَعَمِلُوا۟","Translation":"and do","Transliteration":"waʿamilū"},{"Position":7,"AudioFileName":"047_012_007.mp3","TajweedImageFilePath":"47/12/7.png","Text":"ٱلصَّـٰلِحَـٰتِ","Translation":"righteous deeds","Transliteration":"l-ṣāliḥāti"},{"Position":8,"AudioFileName":"047_012_008.mp3","TajweedImageFilePath":"47/12/8.png","Text":"جَنَّـٰتٍۢ","Translation":"(to) Gardens","Transliteration":"jannātin"},{"Position":9,"AudioFileName":"047_012_009.mp3","TajweedImageFilePath":"47/12/9.png","Text":"تَجْرِى","Translation":"flow","Transliteration":"tajrī"},{"Position":10,"AudioFileName":"047_012_010.mp3","TajweedImageFilePath":"47/12/10.png","Text":"مِن","Translation":"from","Transliteration":"min"},{"Position":11,"AudioFileName":"047_012_011.mp3","TajweedImageFilePath":"47/12/11.png","Text":"تَحْتِهَا","Translation":"underneath it","Transliteration":"taḥtihā"},{"Position":12,"AudioFileName":"047_012_012.mp3","TajweedImageFilePath":"47/12/12.png","Text":"ٱلْأَنْهَـٰرُ ۖ","Translation":"the rivers","Transliteration":"l-anhāru"},{"Position":13,"AudioFileName":"047_012_013.mp3","TajweedImageFilePath":"47/12/13.png","Text":"وَٱلَّذِينَ","Translation":"but those who","Transliteration":"wa-alladhīna"},{"Position":14,"AudioFileName":"047_012_014.mp3","TajweedImageFilePath":"47/12/14.png","Text":"كَفَرُوا۟","Translation":"disbelieve","Transliteration":"kafarū"},{"Position":15,"AudioFileName":"047_012_015.mp3","TajweedImageFilePath":"47/12/15.png","Text":"يَتَمَتَّعُونَ","Translation":"they enjoy","Transliteration":"yatamattaʿūna"},{"Position":16,"AudioFileName":"047_012_016.mp3","TajweedImageFilePath":"47/12/16.png","Text":"وَيَأْكُلُونَ","Translation":"and eat","Transliteration":"wayakulūna"},{"Position":17,"AudioFileName":"047_012_017.mp3","TajweedImageFilePath":"47/12/17.png","Text":"كَمَا","Translation":"as","Transliteration":"kamā"},{"Position":18,"AudioFileName":"047_012_018.mp3","TajweedImageFilePath":"47/12/18.png","Text":"تَأْكُلُ","Translation":"eat","Transliteration":"takulu"},{"Position":19,"AudioFileName":"047_012_019.mp3","TajweedImageFilePath":"47/12/19.png","Text":"ٱلْأَنْعَـٰمُ","Translation":"the cattle","Transliteration":"l-anʿāmu"},{"Position":20,"AudioFileName":"047_012_020.mp3","TajweedImageFilePath":"47/12/20.png","Text":"وَٱلنَّارُ","Translation":"and the Fire","Transliteration":"wal-nāru"},{"Position":21,"AudioFileName":"047_012_021.mp3","TajweedImageFilePath":"47/12/21.png","Text":"مَثْوًۭى","Translation":"(will be) an abode","Transliteration":"mathwan"},{"Position":22,"AudioFileName":"047_012_022.mp3","TajweedImageFilePath":"47/12/22.png","Text":"لَّهُمْ","Translation":"for them","Transliteration":"lahum"},{"Position":23,"AudioFileName":null,"TajweedImageFilePath":"12.png","Text":"١٢","Translation":"(12)","Transliteration":null}],"PageNumber":508,"JuzNumber":26,"ManzilNumber":6,"RukuNumber":443,"MaqraNumber":203,"HizbNumber":51,"HizbDecimal":0.5,"HasSajda":false},{"SurahNumber":47,"SurahIndex":"047","VerseNumber":13,"ShowSurahName":false,"ShowBismillah":false,"Words":[{"Position":1,"AudioFileName":"047_013_001.mp3","TajweedImageFilePath":"47/13/1.png","Text":"وَكَأَيِّن","Translation":"And how many","Transliteration":"waka-ayyin"},{"Position":2,"AudioFileName":"047_013_002.mp3","TajweedImageFilePath":"47/13/2.png","Text":"مِّن","Translation":"of","Transliteration":"min"},{"Position":3,"AudioFileName":"047_013_003.mp3","TajweedImageFilePath":"47/13/3.png","Text":"قَرْيَةٍ","Translation":"a town","Transliteration":"qaryatin"},{"Position":4,"AudioFileName":"047_013_004.mp3","TajweedImageFilePath":"47/13/4.png","Text":"هِىَ","Translation":"which","Transliteration":"hiya"},{"Position":5,"AudioFileName":"047_013_005.mp3","TajweedImageFilePath":"47/13/5.png","Text":"أَشَدُّ","Translation":"(was) stronger","Transliteration":"ashaddu"},{"Position":6,"AudioFileName":"047_013_006.mp3","TajweedImageFilePath":"47/13/6.png","Text":"قُوَّةًۭ","Translation":"(in) strength","Transliteration":"quwwatan"},{"Position":7,"AudioFileName":"047_013_007.mp3","TajweedImageFilePath":"47/13/7.png","Text":"مِّن","Translation":"than","Transliteration":"min"},{"Position":8,"AudioFileName":"047_013_008.mp3","TajweedImageFilePath":"47/13/8.png","Text":"قَرْيَتِكَ","Translation":"your town","Transliteration":"qaryatika"},{"Position":9,"AudioFileName":"047_013_009.mp3","TajweedImageFilePath":"47/13/9.png","Text":"ٱلَّتِىٓ","Translation":"which","Transliteration":"allatī"},{"Position":10,"AudioFileName":"047_013_010.mp3","TajweedImageFilePath":"47/13/10.png","Text":"أَخْرَجَتْكَ","Translation":"has driven you out","Transliteration":"akhrajatka"},{"Position":11,"AudioFileName":"047_013_011.mp3","TajweedImageFilePath":"47/13/11.png","Text":"أَهْلَكْنَـٰهُمْ","Translation":"We destroyed them","Transliteration":"ahlaknāhum"},{"Position":12,"AudioFileName":"047_013_012.mp3","TajweedImageFilePath":"47/13/12.png","Text":"فَلَا","Translation":"so no","Transliteration":"falā"},{"Position":13,"AudioFileName":"047_013_013.mp3","TajweedImageFilePath":"47/13/13.png","Text":"نَاصِرَ","Translation":"helper","Transliteration":"nāṣira"},{"Position":14,"AudioFileName":"047_013_014.mp3","TajweedImageFilePath":"47/13/14.png","Text":"لَهُمْ","Translation":"for them","Transliteration":"lahum"},{"Position":15,"AudioFileName":null,"TajweedImageFilePath":"13.png","Text":"١٣","Translation":"(13)","Transliteration":null}],"PageNumber":508,"JuzNumber":26,"ManzilNumber":6,"RukuNumber":443,"MaqraNumber":203,"HizbNumber":51,"HizbDecimal":0.5,"HasSajda":false},{"SurahNumber":47,"SurahIndex":"047","VerseNumber":14,"ShowSurahName":false,"ShowBismillah":false,"Words":[{"Position":1,"AudioFileName":"047_014_001.mp3","TajweedImageFilePath":"47/14/1.png","Text":"أَفَمَن","Translation":"Then is (he) who","Transliteration":"afaman"},{"Position":2,"AudioFileName":"047_014_002.mp3","TajweedImageFilePath":"47/14/2.png","Text":"كَانَ","Translation":"is","Transliteration":"kāna"},{"Position":3,"AudioFileName":"047_014_003.mp3","TajweedImageFilePath":"47/14/3.png","Text":"عَلَىٰ","Translation":"on","Transliteration":"ʿalā"},{"Position":4,"AudioFileName":"047_014_004.mp3","TajweedImageFilePath":"47/14/4.png","Text":"بَيِّنَةٍۢ","Translation":"a clear proof","Transliteration":"bayyinatin"},{"Position":5,"AudioFileName":"047_014_005.mp3","TajweedImageFilePath":"47/14/5.png","Text":"مِّن","Translation":"from","Transliteration":"min"},{"Position":6,"AudioFileName":"047_014_006.mp3","TajweedImageFilePath":"47/14/6.png","Text":"رَّبِّهِۦ","Translation":"his Lord","Transliteration":"rabbihi"},{"Position":7,"AudioFileName":"047_014_007.mp3","TajweedImageFilePath":"47/14/7.png","Text":"كَمَن","Translation":"like (he) who","Transliteration":"kaman"},{"Position":8,"AudioFileName":"047_014_008.mp3","TajweedImageFilePath":"47/14/8.png","Text":"زُيِّنَ","Translation":"is made attractive","Transliteration":"zuyyina"},{"Position":9,"AudioFileName":"047_014_009.mp3","TajweedImageFilePath":"47/14/9.png","Text":"لَهُۥ","Translation":"to him","Transliteration":"lahu"},{"Position":10,"AudioFileName":"047_014_010.mp3","TajweedImageFilePath":"47/14/10.png","Text":"سُوٓءُ","Translation":"(the) evil","Transliteration":"sūu"},{"Position":11,"AudioFileName":"047_014_011.mp3","TajweedImageFilePath":"47/14/11.png","Text":"عَمَلِهِۦ","Translation":"(of) his deeds","Transliteration":"ʿamalihi"},{"Position":12,"AudioFileName":"047_014_012.mp3","TajweedImageFilePath":"47/14/12.png","Text":"وَٱتَّبَعُوٓا۟","Translation":"while they follow","Transliteration":"wa-ittabaʿū"},{"Position":13,"AudioFileName":"047_014_013.mp3","TajweedImageFilePath":"47/14/13.png","Text":"أَهْوَآءَهُم","Translation":"their desires","Transliteration":"ahwāahum"},{"Position":14,"AudioFileName":null,"TajweedImageFilePath":"14.png","Text":"١٤","Translation":"(14)","Transliteration":null}],"PageNumber":508,"JuzNumber":26,"ManzilNumber":6,"RukuNumber":443,"MaqraNumber":203,"HizbNumber":51,"HizbDecimal":0.5,"HasSajda":false},{"SurahNumber":47,"SurahIndex":"047","VerseNumber":15,"ShowSurahName":false,"ShowBismillah":false,"Words":[{"Position":1,"AudioFileName":"047_015_001.mp3","TajweedImageFilePath":"47/15/1.png","Text":"مَّثَلُ","Translation":"A parable","Transliteration":"mathalu"},{"Position":2,"AudioFileName":"047_015_002.mp3","TajweedImageFilePath":"47/15/2.png","Text":"ٱلْجَنَّةِ","Translation":"(of) Paradise","Transliteration":"l-janati"},{"Position":3,"AudioFileName":"047_015_003.mp3","TajweedImageFilePath":"47/15/3.png","Text":"ٱلَّتِى","Translation":"which","Transliteration":"allatī"},{"Position":4,"AudioFileName":"047_015_004.mp3","TajweedImageFilePath":"47/15/4.png","Text":"وُعِدَ","Translation":"is promised","Transliteration":"wuʿida"},{"Position":5,"AudioFileName":"047_015_005.mp3","TajweedImageFilePath":"47/15/5.png","Text":"ٱلْمُتَّقُونَ ۖ","Translation":"(to) the righteous","Transliteration":"l-mutaqūna"},{"Position":6,"AudioFileName":"047_015_006.mp3","TajweedImageFilePath":"47/15/6.png","Text":"فِيهَآ","Translation":"Therein","Transliteration":"fīhā"},{"Position":7,"AudioFileName":"047_015_007.mp3","TajweedImageFilePath":"47/15/7.png","Text":"أَنْهَـٰرٌۭ","Translation":"(are) rivers","Transliteration":"anhārun"},{"Position":8,"AudioFileName":"047_015_008.mp3","TajweedImageFilePath":"47/15/8.png","Text":"مِّن","Translation":"of","Transliteration":"min"},{"Position":9,"AudioFileName":"047_015_009.mp3","TajweedImageFilePath":"47/15/9.png","Text":"مَّآءٍ","Translation":"water","Transliteration":"māin"},{"Position":10,"AudioFileName":"047_015_010.mp3","TajweedImageFilePath":"47/15/10.png","Text":"غَيْرِ","Translation":"not","Transliteration":"ghayri"},{"Position":11,"AudioFileName":"047_015_011.mp3","TajweedImageFilePath":"47/15/11.png","Text":"ءَاسِنٍۢ","Translation":"polluted","Transliteration":"āsinin"},{"Position":12,"AudioFileName":"047_015_012.mp3","TajweedImageFilePath":"47/15/12.png","Text":"وَأَنْهَـٰرٌۭ","Translation":"and rivers","Transliteration":"wa-anhārun"},{"Position":13,"AudioFileName":"047_015_013.mp3","TajweedImageFilePath":"47/15/13.png","Text":"مِّن","Translation":"of","Transliteration":"min"},{"Position":14,"AudioFileName":"047_015_014.mp3","TajweedImageFilePath":"47/15/14.png","Text":"لَّبَنٍۢ","Translation":"milk","Transliteration":"labanin"},{"Position":15,"AudioFileName":"047_015_015.mp3","TajweedImageFilePath":"47/15/15.png","Text":"لَّمْ","Translation":"not","Transliteration":"lam"},{"Position":16,"AudioFileName":"047_015_016.mp3","TajweedImageFilePath":"47/15/16.png","Text":"يَتَغَيَّرْ","Translation":"changes","Transliteration":"yataghayyar"},{"Position":17,"AudioFileName":"047_015_017.mp3","TajweedImageFilePath":"47/15/17.png","Text":"طَعْمُهُۥ","Translation":"its taste","Transliteration":"ṭaʿmuhu"},{"Position":18,"AudioFileName":"047_015_018.mp3","TajweedImageFilePath":"47/15/18.png","Text":"وَأَنْهَـٰرٌۭ","Translation":"and rivers","Transliteration":"wa-anhārun"},{"Position":19,"AudioFileName":"047_015_019.mp3","TajweedImageFilePath":"47/15/19.png","Text":"مِّنْ","Translation":"of","Transliteration":"min"},{"Position":20,"AudioFileName":"047_015_020.mp3","TajweedImageFilePath":"47/15/20.png","Text":"خَمْرٍۢ","Translation":"wine","Transliteration":"khamrin"},{"Position":21,"AudioFileName":"047_015_021.mp3","TajweedImageFilePath":"47/15/21.png","Text":"لَّذَّةٍۢ","Translation":"delicious","Transliteration":"ladhatin"},{"Position":22,"AudioFileName":"047_015_022.mp3","TajweedImageFilePath":"47/15/22.png","Text":"لِّلشَّـٰرِبِينَ","Translation":"for (the) drinkers","Transliteration":"lilshāribīna"},{"Position":23,"AudioFileName":"047_015_023.mp3","TajweedImageFilePath":"47/15/23.png","Text":"وَأَنْهَـٰرٌۭ","Translation":"and rivers","Transliteration":"wa-anhārun"},{"Position":24,"AudioFileName":"047_015_024.mp3","TajweedImageFilePath":"47/15/24.png","Text":"مِّنْ","Translation":"of","Transliteration":"min"},{"Position":25,"AudioFileName":"047_015_025.mp3","TajweedImageFilePath":"47/15/25.png","Text":"عَسَلٍۢ","Translation":"honey","Transliteration":"ʿasalin"},{"Position":26,"AudioFileName":"047_015_026.mp3","TajweedImageFilePath":"47/15/26.png","Text":"مُّصَفًّۭى ۖ","Translation":"purified","Transliteration":"muṣaffan"},{"Position":27,"AudioFileName":"047_015_027.mp3","TajweedImageFilePath":"47/15/27.png","Text":"وَلَهُمْ","Translation":"and for them","Transliteration":"walahum"},{"Position":28,"AudioFileName":"047_015_028.mp3","TajweedImageFilePath":"47/15/28.png","Text":"فِيهَا","Translation":"therein","Transliteration":"fīhā"},{"Position":29,"AudioFileName":"047_015_029.mp3","TajweedImageFilePath":"47/15/29.png","Text":"مِن","Translation":"of","Transliteration":"min"},{"Position":30,"AudioFileName":"047_015_030.mp3","TajweedImageFilePath":"47/15/30.png","Text":"كُلِّ","Translation":"all","Transliteration":"kulli"},{"Position":31,"AudioFileName":"047_015_031.mp3","TajweedImageFilePath":"47/15/31.png","Text":"ٱلثَّمَرَٰتِ","Translation":"fruits","Transliteration":"l-thamarāti"},{"Position":32,"AudioFileName":"047_015_032.mp3","TajweedImageFilePath":"47/15/32.png","Text":"وَمَغْفِرَةٌۭ","Translation":"and forgiveness","Transliteration":"wamaghfiratun"},{"Position":33,"AudioFileName":"047_015_033.mp3","TajweedImageFilePath":"47/15/33.png","Text":"مِّن","Translation":"from","Transliteration":"min"},{"Position":34,"AudioFileName":"047_015_034.mp3","TajweedImageFilePath":"47/15/34.png","Text":"رَّبِّهِمْ ۖ","Translation":"their Lord","Transliteration":"rabbihim"},{"Position":35,"AudioFileName":"047_015_035.mp3","TajweedImageFilePath":"47/15/35.png","Text":"كَمَنْ","Translation":"like he who","Transliteration":"kaman"},{"Position":36,"AudioFileName":"047_015_036.mp3","TajweedImageFilePath":"47/15/36.png","Text":"هُوَ","Translation":"like he who","Transliteration":"huwa"},{"Position":37,"AudioFileName":"047_015_037.mp3","TajweedImageFilePath":"47/15/37.png","Text":"خَـٰلِدٌۭ","Translation":"(will) abide forever","Transliteration":"khālidun"},{"Position":38,"AudioFileName":"047_015_038.mp3","TajweedImageFilePath":"47/15/38.png","Text":"فِى","Translation":"in","Transliteration":"fī"},{"Position":39,"AudioFileName":"047_015_039.mp3","TajweedImageFilePath":"47/15/39.png","Text":"ٱلنَّارِ","Translation":"the Fire","Transliteration":"l-nāri"},{"Position":40,"AudioFileName":"047_015_040.mp3","TajweedImageFilePath":"47/15/40.png","Text":"وَسُقُوا۟","Translation":"and they will be given to drink","Transliteration":"wasuqū"},{"Position":41,"AudioFileName":"047_015_041.mp3","TajweedImageFilePath":"47/15/41.png","Text":"مَآءً","Translation":"water","Transliteration":"māan"},{"Position":42,"AudioFileName":"047_015_042.mp3","TajweedImageFilePath":"47/15/42.png","Text":"حَمِيمًۭا","Translation":"boiling","Transliteration":"ḥamīman"},{"Position":43,"AudioFileName":"047_015_043.mp3","TajweedImageFilePath":"47/15/43.png","Text":"فَقَطَّعَ","Translation":"so it cuts into pieces","Transliteration":"faqaṭṭaʿa"},{"Position":44,"AudioFileName":"047_015_044.mp3","TajweedImageFilePath":"47/15/44.png","Text":"أَمْعَآءَهُمْ","Translation":"their intestines","Transliteration":"amʿāahum"},{"Position":45,"AudioFileName":null,"TajweedImageFilePath":"15.png","Text":"١٥","Translation":"(15)","Transliteration":null}],"PageNumber":508,"JuzNumber":26,"ManzilNumber":6,"RukuNumber":443,"MaqraNumber":203,"HizbNumber":51,"HizbDecimal":0.5,"HasSajda":false},{"SurahNumber":47,"SurahIndex":"047","VerseNumber":16,"ShowSurahName":false,"ShowBismillah":false,"Words":[{"Position":1,"AudioFileName":"047_016_001.mp3","TajweedImageFilePath":"47/16/1.png","Text":"وَمِنْهُم","Translation":"And among them","Transliteration":"wamin'hum"},{"Position":2,"AudioFileName":"047_016_002.mp3","TajweedImageFilePath":"47/16/2.png","Text":"مَّن","Translation":"(are some) who","Transliteration":"man"},{"Position":3,"AudioFileName":"047_016_003.mp3","TajweedImageFilePath":"47/16/3.png","Text":"يَسْتَمِعُ","Translation":"listen","Transliteration":"yastamiʿu"},{"Position":4,"AudioFileName":"047_016_004.mp3","TajweedImageFilePath":"47/16/4.png","Text":"إِلَيْكَ","Translation":"to you","Transliteration":"ilayka"},{"Position":5,"AudioFileName":"047_016_005.mp3","TajweedImageFilePath":"47/16/5.png","Text":"حَتَّىٰٓ","Translation":"until","Transliteration":"ḥattā"},{"Position":6,"AudioFileName":"047_016_006.mp3","TajweedImageFilePath":"47/16/6.png","Text":"إِذَا","Translation":"when","Transliteration":"idhā"},{"Position":7,"AudioFileName":"047_016_007.mp3","TajweedImageFilePath":"47/16/7.png","Text":"خَرَجُوا۟","Translation":"they depart","Transliteration":"kharajū"},{"Position":8,"AudioFileName":"047_016_008.mp3","TajweedImageFilePath":"47/16/8.png","Text":"مِنْ","Translation":"from","Transliteration":"min"},{"Position":9,"AudioFileName":"047_016_009.mp3","TajweedImageFilePath":"47/16/9.png","Text":"عِندِكَ","Translation":"you","Transliteration":"ʿindika"},{"Position":10,"AudioFileName":"047_016_010.mp3","TajweedImageFilePath":"47/16/10.png","Text":"قَالُوا۟","Translation":"they say","Transliteration":"qālū"},{"Position":11,"AudioFileName":"047_016_011.mp3","TajweedImageFilePath":"47/16/11.png","Text":"لِلَّذِينَ","Translation":"to those who","Transliteration":"lilladhīna"},{"Position":12,"AudioFileName":"047_016_012.mp3","TajweedImageFilePath":"47/16/12.png","Text":"أُوتُوا۟","Translation":"were given","Transliteration":"ūtū"},{"Position":13,"AudioFileName":"047_016_013.mp3","TajweedImageFilePath":"47/16/13.png","Text":"ٱلْعِلْمَ","Translation":"the knowledge","Transliteration":"l-ʿil'ma"},{"Position":14,"AudioFileName":"047_016_014.mp3","TajweedImageFilePath":"47/16/14.png","Text":"مَاذَا","Translation":"What","Transliteration":"mādhā"},{"Position":15,"AudioFileName":"047_016_015.mp3","TajweedImageFilePath":"47/16/15.png","Text":"قَالَ","Translation":"(has) he said","Transliteration":"qāla"},{"Position":16,"AudioFileName":"047_016_016.mp3","TajweedImageFilePath":"47/16/16.png","Text":"ءَانِفًا ۚ","Translation":"just now","Transliteration":"ānifan"},{"Position":17,"AudioFileName":"047_016_017.mp3","TajweedImageFilePath":"47/16/17.png","Text":"أُو۟لَـٰٓئِكَ","Translation":"Those ","Transliteration":"ulāika"},{"Position":18,"AudioFileName":"047_016_018.mp3","TajweedImageFilePath":"47/16/18.png","Text":"ٱلَّذِينَ","Translation":"(are) the ones","Transliteration":"alladhīna"},{"Position":19,"AudioFileName":"047_016_019.mp3","TajweedImageFilePath":"47/16/19.png","Text":"طَبَعَ","Translation":"Allah has set a seal","Transliteration":"ṭabaʿa"},{"Position":20,"AudioFileName":"047_016_020.mp3","TajweedImageFilePath":"47/16/20.png","Text":"ٱللَّهُ","Translation":"Allah has set a seal","Transliteration":"l-lahu"},{"Position":21,"AudioFileName":"047_016_021.mp3","TajweedImageFilePath":"47/16/21.png","Text":"عَلَىٰ","Translation":"upon","Transliteration":"ʿalā"},{"Position":22,"AudioFileName":"047_016_022.mp3","TajweedImageFilePath":"47/16/22.png","Text":"قُلُوبِهِمْ","Translation":"their hearts","Transliteration":"qulūbihim"},{"Position":23,"AudioFileName":"047_016_023.mp3","TajweedImageFilePath":"47/16/23.png","Text":"وَٱتَّبَعُوٓا۟","Translation":"and they follow","Transliteration":"wa-ittabaʿū"},{"Position":24,"AudioFileName":"047_016_024.mp3","TajweedImageFilePath":"47/16/24.png","Text":"أَهْوَآءَهُمْ","Translation":"their desires","Transliteration":"ahwāahum"},{"Position":25,"AudioFileName":null,"TajweedImageFilePath":"16.png","Text":"١٦","Translation":"(16)","Transliteration":null}],"PageNumber":508,"JuzNumber":26,"ManzilNumber":6,"RukuNumber":443,"MaqraNumber":203,"HizbNumber":51,"HizbDecimal":0.5,"HasSajda":false},{"SurahNumber":47,"SurahIndex":"047","VerseNumber":17,"ShowSurahName":false,"ShowBismillah":false,"Words":[{"Position":1,"AudioFileName":"047_017_001.mp3","TajweedImageFilePath":"47/17/1.png","Text":"وَٱلَّذِينَ","Translation":"And those who","Transliteration":"wa-alladhīna"},{"Position":2,"AudioFileName":"047_017_002.mp3","TajweedImageFilePath":"47/17/2.png","Text":"ٱهْتَدَوْا۟","Translation":"accept guidance","Transliteration":"ih'tadaw"},{"Position":3,"AudioFileName":"047_017_003.mp3","TajweedImageFilePath":"47/17/3.png","Text":"زَادَهُمْ","Translation":"He increases them","Transliteration":"zādahum"},{"Position":4,"AudioFileName":"047_017_004.mp3","TajweedImageFilePath":"47/17/4.png","Text":"هُدًۭى","Translation":"(in) guidance","Transliteration":"hudan"},{"Position":5,"AudioFileName":"047_017_005.mp3","TajweedImageFilePath":"47/17/5.png","Text":"وَءَاتَىٰهُمْ","Translation":"and gives them","Transliteration":"waātāhum"},{"Position":6,"AudioFileName":"047_017_006.mp3","TajweedImageFilePath":"47/17/6.png","Text":"تَقْوَىٰهُمْ","Translation":"their righteousness","Transliteration":"taqwāhum"},{"Position":7,"AudioFileName":null,"TajweedImageFilePath":"17.png","Text":"١٧","Translation":"(17)","Transliteration":null}],"PageNumber":508,"JuzNumber":26,"ManzilNumber":6,"RukuNumber":443,"MaqraNumber":203,"HizbNumber":51,"HizbDecimal":0.5,"HasSajda":false},{"SurahNumber":47,"SurahIndex":"047","VerseNumber":18,"ShowSurahName":false,"ShowBismillah":false,"Words":[{"Position":1,"AudioFileName":"047_018_001.mp3","TajweedImageFilePath":"47/18/1.png","Text":"فَهَلْ","Translation":"Then do","Transliteration":"fahal"},{"Position":2,"AudioFileName":"047_018_002.mp3","TajweedImageFilePath":"47/18/2.png","Text":"يَنظُرُونَ","Translation":"they wait","Transliteration":"yanẓurūna"},{"Position":3,"AudioFileName":"047_018_003.mp3","TajweedImageFilePath":"47/18/3.png","Text":"إِلَّا","Translation":"but","Transliteration":"illā"},{"Position":4,"AudioFileName":"047_018_004.mp3","TajweedImageFilePath":"47/18/4.png","Text":"ٱلسَّاعَةَ","Translation":"(for) the Hour","Transliteration":"l-sāʿata"},{"Position":5,"AudioFileName":"047_018_005.mp3","TajweedImageFilePath":"47/18/5.png","Text":"أَن","Translation":"that","Transliteration":"an"},{"Position":6,"AudioFileName":"047_018_006.mp3","TajweedImageFilePath":"47/18/6.png","Text":"تَأْتِيَهُم","Translation":"it should come to them","Transliteration":"tatiyahum"},{"Position":7,"AudioFileName":"047_018_007.mp3","TajweedImageFilePath":"47/18/7.png","Text":"بَغْتَةًۭ ۖ","Translation":"suddenly","Transliteration":"baghtatan"},{"Position":8,"AudioFileName":"047_018_008.mp3","TajweedImageFilePath":"47/18/8.png","Text":"فَقَدْ","Translation":"But indeed","Transliteration":"faqad"},{"Position":9,"AudioFileName":"047_018_009.mp3","TajweedImageFilePath":"47/18/9.png","Text":"جَآءَ","Translation":"have come","Transliteration":"jāa"},{"Position":10,"AudioFileName":"047_018_010.mp3","TajweedImageFilePath":"47/18/10.png","Text":"أَشْرَاطُهَا ۚ","Translation":"its indications","Transliteration":"ashrāṭuhā"},{"Position":11,"AudioFileName":"047_018_011.mp3","TajweedImageFilePath":"47/18/11.png","Text":"فَأَنَّىٰ","Translation":"Then how","Transliteration":"fa-annā"},{"Position":12,"AudioFileName":"047_018_012.mp3","TajweedImageFilePath":"47/18/12.png","Text":"لَهُمْ","Translation":"to them","Transliteration":"lahum"},{"Position":13,"AudioFileName":"047_018_013.mp3","TajweedImageFilePath":"47/18/13.png","Text":"إِذَا","Translation":"when","Transliteration":"idhā"},{"Position":14,"AudioFileName":"047_018_014.mp3","TajweedImageFilePath":"47/18/14.png","Text":"جَآءَتْهُمْ","Translation":"has come to them","Transliteration":"jāathum"},{"Position":15,"AudioFileName":"047_018_015.mp3","TajweedImageFilePath":"47/18/15.png","Text":"ذِكْرَىٰهُمْ","Translation":"their reminder","Transliteration":"dhik'rāhum"},{"Position":16,"AudioFileName":null,"TajweedImageFilePath":"18.png","Text":"١٨","Translation":"(18)","Transliteration":null}],"PageNumber":508,"JuzNumber":26,"ManzilNumber":6,"RukuNumber":443,"MaqraNumber":203,"HizbNumber":51,"HizbDecimal":0.5,"HasSajda":false},{"SurahNumber":47,"SurahIndex":"047","VerseNumber":19,"ShowSurahName":false,"ShowBismillah":false,"Words":[{"Position":1,"AudioFileName":"047_019_001.mp3","TajweedImageFilePath":"47/19/1.png","Text":"فَٱعْلَمْ","Translation":"So know","Transliteration":"fa-iʿ'lam"},{"Position":2,"AudioFileName":"047_019_002.mp3","TajweedImageFilePath":"47/19/2.png","Text":"أَنَّهُۥ","Translation":"that [He] ","Transliteration":"annahu"},{"Position":3,"AudioFileName":"047_019_003.mp3","TajweedImageFilePath":"47/19/3.png","Text":"لَآ","Translation":"(there is) no","Transliteration":"lā"},{"Position":4,"AudioFileName":"047_019_004.mp3","TajweedImageFilePath":"47/19/4.png","Text":"إِلَـٰهَ","Translation":"god","Transliteration":"ilāha"},{"Position":5,"AudioFileName":"047_019_005.mp3","TajweedImageFilePath":"47/19/5.png","Text":"إِلَّا","Translation":"but","Transliteration":"illā"},{"Position":6,"AudioFileName":"047_019_006.mp3","TajweedImageFilePath":"47/19/6.png","Text":"ٱللَّهُ","Translation":"Allah","Transliteration":"l-lahu"},{"Position":7,"AudioFileName":"047_019_007.mp3","TajweedImageFilePath":"47/19/7.png","Text":"وَٱسْتَغْفِرْ","Translation":"and ask forgiveness","Transliteration":"wa-is'taghfir"},{"Position":8,"AudioFileName":"047_019_008.mp3","TajweedImageFilePath":"47/19/8.png","Text":"لِذَنۢبِكَ","Translation":"for your sin","Transliteration":"lidhanbika"},{"Position":9,"AudioFileName":"047_019_009.mp3","TajweedImageFilePath":"47/19/9.png","Text":"وَلِلْمُؤْمِنِينَ","Translation":"and for the believing men","Transliteration":"walil'mu'minīna"},{"Position":10,"AudioFileName":"047_019_010.mp3","TajweedImageFilePath":"47/19/10.png","Text":"وَٱلْمُؤْمِنَـٰتِ ۗ","Translation":"and the believing women","Transliteration":"wal-mu'mināti"},{"Position":11,"AudioFileName":"047_019_011.mp3","TajweedImageFilePath":"47/19/11.png","Text":"وَٱللَّهُ","Translation":"And Allah","Transliteration":"wal-lahu"},{"Position":12,"AudioFileName":"047_019_012.mp3","TajweedImageFilePath":"47/19/12.png","Text":"يَعْلَمُ","Translation":"knows","Transliteration":"yaʿlamu"},{"Position":13,"AudioFileName":"047_019_013.mp3","TajweedImageFilePath":"47/19/13.png","Text":"مُتَقَلَّبَكُمْ","Translation":"your movement","Transliteration":"mutaqallabakum"},{"Position":14,"AudioFileName":"047_019_014.mp3","TajweedImageFilePath":"47/19/14.png","Text":"وَمَثْوَىٰكُمْ","Translation":"and your resting places","Transliteration":"wamathwākum"},{"Position":15,"AudioFileName":null,"TajweedImageFilePath":"19.png","Text":"١٩","Translation":"(19)","Transliteration":null}],"PageNumber":508,"JuzNumber":26,"ManzilNumber":6,"RukuNumber":443,"MaqraNumber":203,"HizbNumber":51,"HizbDecimal":0.5,"HasSajda":false},{"SurahNumber":47,"SurahIndex":"047","VerseNumber":20,"ShowSurahName":false,"ShowBismillah":false,"Words":[{"Position":1,"AudioFileName":"047_020_001.mp3","TajweedImageFilePath":"47/20/1.png","Text":"وَيَقُولُ","Translation":"And say","Transliteration":"wayaqūlu"},{"Position":2,"AudioFileName":"047_020_002.mp3","TajweedImageFilePath":"47/20/2.png","Text":"ٱلَّذِينَ","Translation":"those who","Transliteration":"alladhīna"},{"Position":3,"AudioFileName":"047_020_003.mp3","TajweedImageFilePath":"47/20/3.png","Text":"ءَامَنُوا۟","Translation":"believe","Transliteration":"āmanū"},{"Position":4,"AudioFileName":"047_020_004.mp3","TajweedImageFilePath":"47/20/4.png","Text":"لَوْلَا","Translation":"Why not","Transliteration":"lawlā"},{"Position":5,"AudioFileName":"047_020_005.mp3","TajweedImageFilePath":"47/20/5.png","Text":"نُزِّلَتْ","Translation":"has been revealed","Transliteration":"nuzzilat"},{"Position":6,"AudioFileName":"047_020_006.mp3","TajweedImageFilePath":"47/20/6.png","Text":"سُورَةٌۭ ۖ","Translation":"a Surah","Transliteration":"sūratun"},{"Position":7,"AudioFileName":"047_020_007.mp3","TajweedImageFilePath":"47/20/7.png","Text":"فَإِذَآ","Translation":"But when","Transliteration":"fa-idhā"},{"Position":8,"AudioFileName":"047_020_008.mp3","TajweedImageFilePath":"47/20/8.png","Text":"أُنزِلَتْ","Translation":"is revealed","Transliteration":"unzilat"},{"Position":9,"AudioFileName":"047_020_009.mp3","TajweedImageFilePath":"47/20/9.png","Text":"سُورَةٌۭ","Translation":"a Surah","Transliteration":"sūratun"},{"Position":10,"AudioFileName":"047_020_010.mp3","TajweedImageFilePath":"47/20/10.png","Text":"مُّحْكَمَةٌۭ","Translation":"precise","Transliteration":"muḥ'kamatun"},{"Position":11,"AudioFileName":"047_020_011.mp3","TajweedImageFilePath":"47/20/11.png","Text":"وَذُكِرَ","Translation":"and is mentioned","Transliteration":"wadhukira"},{"Position":12,"AudioFileName":"047_020_012.mp3","TajweedImageFilePath":"47/20/12.png","Text":"فِيهَا","Translation":"in it","Transliteration":"fīhā"},{"Position":13,"AudioFileName":"047_020_013.mp3","TajweedImageFilePath":"47/20/13.png","Text":"ٱلْقِتَالُ ۙ","Translation":"the fighting","Transliteration":"l-qitālu"},{"Position":14,"AudioFileName":"047_020_014.mp3","TajweedImageFilePath":"47/20/14.png","Text":"رَأَيْتَ","Translation":"you see","Transliteration":"ra-ayta"},{"Position":15,"AudioFileName":"047_020_015.mp3","TajweedImageFilePath":"47/20/15.png","Text":"ٱلَّذِينَ","Translation":"those who","Transliteration":"alladhīna"},{"Position":16,"AudioFileName":"047_020_016.mp3","TajweedImageFilePath":"47/20/16.png","Text":"فِى","Translation":"in","Transliteration":"fī"},{"Position":17,"AudioFileName":"047_020_017.mp3","TajweedImageFilePath":"47/20/17.png","Text":"قُلُوبِهِم","Translation":"their hearts","Transliteration":"qulūbihim"},{"Position":18,"AudioFileName":"047_020_018.mp3","TajweedImageFilePath":"47/20/18.png","Text":"مَّرَضٌۭ","Translation":"(is) a disease","Transliteration":"maraḍun"},{"Position":19,"AudioFileName":"047_020_019.mp3","TajweedImageFilePath":"47/20/19.png","Text":"يَنظُرُونَ","Translation":"looking","Transliteration":"yanẓurūna"},{"Position":20,"AudioFileName":"047_020_020.mp3","TajweedImageFilePath":"47/20/20.png","Text":"إِلَيْكَ","Translation":"at you ","Transliteration":"ilayka"},{"Position":21,"AudioFileName":"047_020_021.mp3","TajweedImageFilePath":"47/20/21.png","Text":"نَظَرَ","Translation":"a look","Transliteration":"naẓara"},{"Position":22,"AudioFileName":"047_020_022.mp3","TajweedImageFilePath":"47/20/22.png","Text":"ٱلْمَغْشِىِّ","Translation":"(of) one fainting","Transliteration":"l-maghshiyi"},{"Position":23,"AudioFileName":"047_020_023.mp3","TajweedImageFilePath":"47/20/23.png","Text":"عَلَيْهِ","Translation":"(of) one fainting","Transliteration":"ʿalayhi"},{"Position":24,"AudioFileName":"047_020_024.mp3","TajweedImageFilePath":"47/20/24.png","Text":"مِنَ","Translation":"from","Transliteration":"mina"},{"Position":25,"AudioFileName":"047_020_025.mp3","TajweedImageFilePath":"47/20/25.png","Text":"ٱلْمَوْتِ ۖ","Translation":"the death","Transliteration":"l-mawti"},{"Position":26,"AudioFileName":"047_020_026.mp3","TajweedImageFilePath":"47/20/26.png","Text":"فَأَوْلَىٰ","Translation":"But more appropriate","Transliteration":"fa-awlā"},{"Position":27,"AudioFileName":"047_020_027.mp3","TajweedImageFilePath":"47/20/27.png","Text":"لَهُمْ","Translation":"for them","Transliteration":"lahum"},{"Position":28,"AudioFileName":null,"TajweedImageFilePath":"20.png","Text":"٢٠","Translation":"(20)","Transliteration":null}],"PageNumber":509,"JuzNumber":26,"ManzilNumber":6,"RukuNumber":444,"MaqraNumber":203,"HizbNumber":51,"HizbDecimal":0.5,"HasSajda":false},{"SurahNumber":47,"SurahIndex":"047","VerseNumber":21,"ShowSurahName":false,"ShowBismillah":false,"Words":[{"Position":1,"AudioFileName":"047_021_001.mp3","TajweedImageFilePath":"47/21/1.png","Text":"طَاعَةٌۭ","Translation":"(Is) obedience","Transliteration":"ṭāʿatun"},{"Position":2,"AudioFileName":"047_021_002.mp3","TajweedImageFilePath":"47/21/2.png","Text":"وَقَوْلٌۭ","Translation":"and a word","Transliteration":"waqawlun"},{"Position":3,"AudioFileName":"047_021_003.mp3","TajweedImageFilePath":"47/21/3.png","Text":"مَّعْرُوفٌۭ ۚ","Translation":"kind","Transliteration":"maʿrūfun"},{"Position":4,"AudioFileName":"047_021_004.mp3","TajweedImageFilePath":"47/21/4.png","Text":"فَإِذَا","Translation":"And when","Transliteration":"fa-idhā"},{"Position":5,"AudioFileName":"047_021_005.mp3","TajweedImageFilePath":"47/21/5.png","Text":"عَزَمَ","Translation":"(is) determined","Transliteration":"ʿazama"},{"Position":6,"AudioFileName":"047_021_006.mp3","TajweedImageFilePath":"47/21/6.png","Text":"ٱلْأَمْرُ","Translation":"the matter","Transliteration":"l-amru"},{"Position":7,"AudioFileName":"047_021_007.mp3","TajweedImageFilePath":"47/21/7.png","Text":"فَلَوْ","Translation":"then if","Transliteration":"falaw"},{"Position":8,"AudioFileName":"047_021_008.mp3","TajweedImageFilePath":"47/21/8.png","Text":"صَدَقُوا۟","Translation":"they had been true","Transliteration":"ṣadaqū"},{"Position":9,"AudioFileName":"047_021_009.mp3","TajweedImageFilePath":"47/21/9.png","Text":"ٱللَّهَ","Translation":"(to) Allah","Transliteration":"l-laha"},{"Position":10,"AudioFileName":"047_021_010.mp3","TajweedImageFilePath":"47/21/10.png","Text":"لَكَانَ","Translation":"surely, it would have been","Transliteration":"lakāna"},{"Position":11,"AudioFileName":"047_021_011.mp3","TajweedImageFilePath":"47/21/11.png","Text":"خَيْرًۭا","Translation":"better","Transliteration":"khayran"},{"Position":12,"AudioFileName":"047_021_012.mp3","TajweedImageFilePath":"47/21/12.png","Text":"لَّهُمْ","Translation":"for them","Transliteration":"lahum"},{"Position":13,"AudioFileName":null,"TajweedImageFilePath":"21.png","Text":"٢١","Translation":"(21)","Transliteration":null}],"PageNumber":509,"JuzNumber":26,"ManzilNumber":6,"RukuNumber":444,"MaqraNumber":203,"HizbNumber":51,"HizbDecimal":0.5,"HasSajda":false},{"SurahNumber":47,"SurahIndex":"047","VerseNumber":22,"ShowSurahName":false,"ShowBismillah":false,"Words":[{"Position":1,"AudioFileName":"047_022_001.mp3","TajweedImageFilePath":"47/22/1.png","Text":"فَهَلْ","Translation":"Then would","Transliteration":"fahal"},{"Position":2,"AudioFileName":"047_022_002.mp3","TajweedImageFilePath":"47/22/2.png","Text":"عَسَيْتُمْ","Translation":"you perhaps","Transliteration":"ʿasaytum"},{"Position":3,"AudioFileName":"047_022_003.mp3","TajweedImageFilePath":"47/22/3.png","Text":"إِن","Translation":"if","Transliteration":"in"},{"Position":4,"AudioFileName":"047_022_004.mp3","TajweedImageFilePath":"47/22/4.png","Text":"تَوَلَّيْتُمْ","Translation":"you are given authority","Transliteration":"tawallaytum"},{"Position":5,"AudioFileName":"047_022_005.mp3","TajweedImageFilePath":"47/22/5.png","Text":"أَن","Translation":"that","Transliteration":"an"},{"Position":6,"AudioFileName":"047_022_006.mp3","TajweedImageFilePath":"47/22/6.png","Text":"تُفْسِدُوا۟","Translation":"you cause corruption","Transliteration":"tuf'sidū"},{"Position":7,"AudioFileName":"047_022_007.mp3","TajweedImageFilePath":"47/22/7.png","Text":"فِى","Translation":"in","Transliteration":"fī"},{"Position":8,"AudioFileName":"047_022_008.mp3","TajweedImageFilePath":"47/22/8.png","Text":"ٱلْأَرْضِ","Translation":"the earth","Transliteration":"l-arḍi"},{"Position":9,"AudioFileName":"047_022_009.mp3","TajweedImageFilePath":"47/22/9.png","Text":"وَتُقَطِّعُوٓا۟","Translation":"and cut off","Transliteration":"watuqaṭṭiʿū"},{"Position":10,"AudioFileName":"047_022_010.mp3","TajweedImageFilePath":"47/22/10.png","Text":"أَرْحَامَكُمْ","Translation":"your ties of kinship","Transliteration":"arḥāmakum"},{"Position":11,"AudioFileName":null,"TajweedImageFilePath":"22.png","Text":"٢٢","Translation":"(22)","Transliteration":null}],"PageNumber":509,"JuzNumber":26,"ManzilNumber":6,"RukuNumber":444,"MaqraNumber":203,"HizbNumber":51,"HizbDecimal":0.5,"HasSajda":false},{"SurahNumber":47,"SurahIndex":"047","VerseNumber":23,"ShowSurahName":false,"ShowBismillah":false,"Words":[{"Position":1,"AudioFileName":"047_023_001.mp3","TajweedImageFilePath":"47/23/1.png","Text":"أُو۟لَـٰٓئِكَ","Translation":"Those","Transliteration":"ulāika"},{"Position":2,"AudioFileName":"047_023_002.mp3","TajweedImageFilePath":"47/23/2.png","Text":"ٱلَّذِينَ","Translation":"(are) the ones","Transliteration":"alladhīna"},{"Position":3,"AudioFileName":"047_023_003.mp3","TajweedImageFilePath":"47/23/3.png","Text":"لَعَنَهُمُ","Translation":"Allah has cursed them","Transliteration":"laʿanahumu"},{"Position":4,"AudioFileName":"047_023_004.mp3","TajweedImageFilePath":"47/23/4.png","Text":"ٱللَّهُ","Translation":"Allah has cursed them","Transliteration":"l-lahu"},{"Position":5,"AudioFileName":"047_023_005.mp3","TajweedImageFilePath":"47/23/5.png","Text":"فَأَصَمَّهُمْ","Translation":"so He made them deaf","Transliteration":"fa-aṣammahum"},{"Position":6,"AudioFileName":"047_023_006.mp3","TajweedImageFilePath":"47/23/6.png","Text":"وَأَعْمَىٰٓ","Translation":"and blinded","Transliteration":"wa-aʿmā"},{"Position":7,"AudioFileName":"047_023_007.mp3","TajweedImageFilePath":"47/23/7.png","Text":"أَبْصَـٰرَهُمْ","Translation":"their vision","Transliteration":"abṣārahum"},{"Position":8,"AudioFileName":null,"TajweedImageFilePath":"23.png","Text":"٢٣","Translation":"(23)","Transliteration":null}],"PageNumber":509,"JuzNumber":26,"ManzilNumber":6,"RukuNumber":444,"MaqraNumber":203,"HizbNumber":51,"HizbDecimal":0.5,"HasSajda":false},{"SurahNumber":47,"SurahIndex":"047","VerseNumber":24,"ShowSurahName":false,"ShowBismillah":false,"Words":[{"Position":1,"AudioFileName":"047_024_001.mp3","TajweedImageFilePath":"47/24/1.png","Text":"أَفَلَا","Translation":"Then do not","Transliteration":"afalā"},{"Position":2,"AudioFileName":"047_024_002.mp3","TajweedImageFilePath":"47/24/2.png","Text":"يَتَدَبَّرُونَ","Translation":"they ponder","Transliteration":"yatadabbarūna"},{"Position":3,"AudioFileName":"047_024_003.mp3","TajweedImageFilePath":"47/24/3.png","Text":"ٱلْقُرْءَانَ","Translation":"(over) the Quran","Transliteration":"l-qur'āna"},{"Position":4,"AudioFileName":"047_024_004.mp3","TajweedImageFilePath":"47/24/4.png","Text":"أَمْ","Translation":"or","Transliteration":"am"},{"Position":5,"AudioFileName":"047_024_005.mp3","TajweedImageFilePath":"47/24/5.png","Text":"عَلَىٰ","Translation":"upon","Transliteration":"ʿalā"},{"Position":6,"AudioFileName":"047_024_006.mp3","TajweedImageFilePath":"47/24/6.png","Text":"قُلُوبٍ","Translation":"(their) hearts","Transliteration":"qulūbin"},{"Position":7,"AudioFileName":"047_024_007.mp3","TajweedImageFilePath":"47/24/7.png","Text":"أَقْفَالُهَآ","Translation":"(are) locks","Transliteration":"aqfāluhā"},{"Position":8,"AudioFileName":null,"TajweedImageFilePath":"24.png","Text":"٢٤","Translation":"(24)","Transliteration":null}],"PageNumber":509,"JuzNumber":26,"ManzilNumber":6,"RukuNumber":444,"MaqraNumber":203,"HizbNumber":51,"HizbDecimal":0.5,"HasSajda":false},{"SurahNumber":47,"SurahIndex":"047","VerseNumber":25,"ShowSurahName":false,"ShowBismillah":false,"Words":[{"Position":1,"AudioFileName":"047_025_001.mp3","TajweedImageFilePath":"47/25/1.png","Text":"إِنَّ","Translation":"Indeed","Transliteration":"inna"},{"Position":2,"AudioFileName":"047_025_002.mp3","TajweedImageFilePath":"47/25/2.png","Text":"ٱلَّذِينَ","Translation":"those who","Transliteration":"alladhīna"},{"Position":3,"AudioFileName":"047_025_003.mp3","TajweedImageFilePath":"47/25/3.png","Text":"ٱرْتَدُّوا۟","Translation":"return","Transliteration":"ir'taddū"},{"Position":4,"AudioFileName":"047_025_004.mp3","TajweedImageFilePath":"47/25/4.png","Text":"عَلَىٰٓ","Translation":"on","Transliteration":"ʿalā"},{"Position":5,"AudioFileName":"047_025_005.mp3","TajweedImageFilePath":"47/25/5.png","Text":"أَدْبَـٰرِهِم","Translation":"their backs","Transliteration":"adbārihim"},{"Position":6,"AudioFileName":"047_025_006.mp3","TajweedImageFilePath":"47/25/6.png","Text":"مِّنۢ","Translation":"after","Transliteration":"min"},{"Position":7,"AudioFileName":"047_025_007.mp3","TajweedImageFilePath":"47/25/7.png","Text":"بَعْدِ","Translation":"after","Transliteration":"baʿdi"},{"Position":8,"AudioFileName":"047_025_008.mp3","TajweedImageFilePath":"47/25/8.png","Text":"مَا","Translation":"what","Transliteration":"mā"},{"Position":9,"AudioFileName":"047_025_009.mp3","TajweedImageFilePath":"47/25/9.png","Text":"تَبَيَّنَ","Translation":"(has) become clear","Transliteration":"tabayyana"},{"Position":10,"AudioFileName":"047_025_010.mp3","TajweedImageFilePath":"47/25/10.png","Text":"لَهُمُ","Translation":"to them","Transliteration":"lahumu"},{"Position":11,"AudioFileName":"047_025_011.mp3","TajweedImageFilePath":"47/25/11.png","Text":"ٱلْهُدَى ۙ","Translation":"(of) the guidance","Transliteration":"l-hudā"},{"Position":12,"AudioFileName":"047_025_012.mp3","TajweedImageFilePath":"47/25/12.png","Text":"ٱلشَّيْطَـٰنُ","Translation":"Shaitaan","Transliteration":"l-shayṭānu"},{"Position":13,"AudioFileName":"047_025_013.mp3","TajweedImageFilePath":"47/25/13.png","Text":"سَوَّلَ","Translation":"enticed","Transliteration":"sawwala"},{"Position":14,"AudioFileName":"047_025_014.mp3","TajweedImageFilePath":"47/25/14.png","Text":"لَهُمْ","Translation":"[for] them","Transliteration":"lahum"},{"Position":15,"AudioFileName":"047_025_015.mp3","TajweedImageFilePath":"47/25/15.png","Text":"وَأَمْلَىٰ","Translation":"and prolonged hope","Transliteration":"wa-amlā"},{"Position":16,"AudioFileName":"047_025_016.mp3","TajweedImageFilePath":"47/25/16.png","Text":"لَهُمْ","Translation":"for them","Transliteration":"lahum"},{"Position":17,"AudioFileName":null,"TajweedImageFilePath":"25.png","Text":"٢٥","Translation":"(25)","Transliteration":null}],"PageNumber":509,"JuzNumber":26,"ManzilNumber":6,"RukuNumber":444,"MaqraNumber":203,"HizbNumber":51,"HizbDecimal":0.5,"HasSajda":false},{"SurahNumber":47,"SurahIndex":"047","VerseNumber":26,"ShowSurahName":false,"ShowBismillah":false,"Words":[{"Position":1,"AudioFileName":"047_026_001.mp3","TajweedImageFilePath":"47/26/1.png","Text":"ذَٰلِكَ","Translation":"That","Transliteration":"dhālika"},{"Position":2,"AudioFileName":"047_026_002.mp3","TajweedImageFilePath":"47/26/2.png","Text":"بِأَنَّهُمْ","Translation":"(is) because they","Transliteration":"bi-annahum"},{"Position":3,"AudioFileName":"047_026_003.mp3","TajweedImageFilePath":"47/26/3.png","Text":"قَالُوا۟","Translation":"[they] said","Transliteration":"qālū"},{"Position":4,"AudioFileName":"047_026_004.mp3","TajweedImageFilePath":"47/26/4.png","Text":"لِلَّذِينَ","Translation":"to those who","Transliteration":"lilladhīna"},{"Position":5,"AudioFileName":"047_026_005.mp3","TajweedImageFilePath":"47/26/5.png","Text":"كَرِهُوا۟","Translation":"hate","Transliteration":"karihū"},{"Position":6,"AudioFileName":"047_026_006.mp3","TajweedImageFilePath":"47/26/6.png","Text":"مَا","Translation":"what","Transliteration":"mā"},{"Position":7,"AudioFileName":"047_026_007.mp3","TajweedImageFilePath":"47/26/7.png","Text":"نَزَّلَ","Translation":"Allah has revealed","Transliteration":"nazzala"},{"Position":8,"AudioFileName":"047_026_008.mp3","TajweedImageFilePath":"47/26/8.png","Text":"ٱللَّهُ","Translation":"Allah has revealed","Transliteration":"l-lahu"},{"Position":9,"AudioFileName":"047_026_009.mp3","TajweedImageFilePath":"47/26/9.png","Text":"سَنُطِيعُكُمْ","Translation":"We will obey you","Transliteration":"sanuṭīʿukum"},{"Position":10,"AudioFileName":"047_026_010.mp3","TajweedImageFilePath":"47/26/10.png","Text":"فِى","Translation":"in","Transliteration":"fī"},{"Position":11,"AudioFileName":"047_026_011.mp3","TajweedImageFilePath":"47/26/11.png","Text":"بَعْضِ","Translation":"part","Transliteration":"baʿḍi"},{"Position":12,"AudioFileName":"047_026_012.mp3","TajweedImageFilePath":"47/26/12.png","Text":"ٱلْأَمْرِ ۖ","Translation":"(of) the matter","Transliteration":"l-amri"},{"Position":13,"AudioFileName":"047_026_013.mp3","TajweedImageFilePath":"47/26/13.png","Text":"وَٱللَّهُ","Translation":"But Allah","Transliteration":"wal-lahu"},{"Position":14,"AudioFileName":"047_026_014.mp3","TajweedImageFilePath":"47/26/14.png","Text":"يَعْلَمُ","Translation":"knows","Transliteration":"yaʿlamu"},{"Position":15,"AudioFileName":"047_026_015.mp3","TajweedImageFilePath":"47/26/15.png","Text":"إِسْرَارَهُمْ","Translation":"their secrets","Transliteration":"is'rārahum"},{"Position":16,"AudioFileName":null,"TajweedImageFilePath":"26.png","Text":"٢٦","Translation":"(26)","Transliteration":null}],"PageNumber":509,"JuzNumber":26,"ManzilNumber":6,"RukuNumber":444,"MaqraNumber":203,"HizbNumber":51,"HizbDecimal":0.5,"HasSajda":false},{"SurahNumber":47,"SurahIndex":"047","VerseNumber":27,"ShowSurahName":false,"ShowBismillah":false,"Words":[{"Position":1,"AudioFileName":"047_027_001.mp3","TajweedImageFilePath":"47/27/1.png","Text":"فَكَيْفَ","Translation":"Then how","Transliteration":"fakayfa"},{"Position":2,"AudioFileName":"047_027_002.mp3","TajweedImageFilePath":"47/27/2.png","Text":"إِذَا","Translation":"when","Transliteration":"idhā"},{"Position":3,"AudioFileName":"047_027_003.mp3","TajweedImageFilePath":"47/27/3.png","Text":"تَوَفَّتْهُمُ","Translation":"take them in death","Transliteration":"tawaffathumu"},{"Position":4,"AudioFileName":"047_027_004.mp3","TajweedImageFilePath":"47/27/4.png","Text":"ٱلْمَلَـٰٓئِكَةُ","Translation":"the Angels","Transliteration":"l-malāikatu"},{"Position":5,"AudioFileName":"047_027_005.mp3","TajweedImageFilePath":"47/27/5.png","Text":"يَضْرِبُونَ","Translation":"striking","Transliteration":"yaḍribūna"},{"Position":6,"AudioFileName":"047_027_006.mp3","TajweedImageFilePath":"47/27/6.png","Text":"وُجُوهَهُمْ","Translation":"their faces","Transliteration":"wujūhahum"},{"Position":7,"AudioFileName":"047_027_007.mp3","TajweedImageFilePath":"47/27/7.png","Text":"وَأَدْبَـٰرَهُمْ","Translation":"and their backs","Transliteration":"wa-adbārahum"},{"Position":8,"AudioFileName":null,"TajweedImageFilePath":"27.png","Text":"٢٧","Translation":"(27)","Transliteration":null}],"PageNumber":509,"JuzNumber":26,"ManzilNumber":6,"RukuNumber":444,"MaqraNumber":203,"HizbNumber":51,"HizbDecimal":0.5,"HasSajda":false},{"SurahNumber":47,"SurahIndex":"047","VerseNumber":28,"ShowSurahName":false,"ShowBismillah":false,"Words":[{"Position":1,"AudioFileName":"047_028_001.mp3","TajweedImageFilePath":"47/28/1.png","Text":"ذَٰلِكَ","Translation":"That","Transliteration":"dhālika"},{"Position":2,"AudioFileName":"047_028_002.mp3","TajweedImageFilePath":"47/28/2.png","Text":"بِأَنَّهُمُ","Translation":"(is) because they","Transliteration":"bi-annahumu"},{"Position":3,"AudioFileName":"047_028_003.mp3","TajweedImageFilePath":"47/28/3.png","Text":"ٱتَّبَعُوا۟","Translation":"followed","Transliteration":"ittabaʿū"},{"Position":4,"AudioFileName":"047_028_004.mp3","TajweedImageFilePath":"47/28/4.png","Text":"مَآ","Translation":"what","Transliteration":"mā"},{"Position":5,"AudioFileName":"047_028_005.mp3","TajweedImageFilePath":"47/28/5.png","Text":"أَسْخَطَ","Translation":"angered","Transliteration":"askhaṭa"},{"Position":6,"AudioFileName":"047_028_006.mp3","TajweedImageFilePath":"47/28/6.png","Text":"ٱللَّهَ","Translation":"Allah","Transliteration":"l-laha"},{"Position":7,"AudioFileName":"047_028_007.mp3","TajweedImageFilePath":"47/28/7.png","Text":"وَكَرِهُوا۟","Translation":"and hated","Transliteration":"wakarihū"},{"Position":8,"AudioFileName":"047_028_008.mp3","TajweedImageFilePath":"47/28/8.png","Text":"رِضْوَٰنَهُۥ","Translation":"His pleasure","Transliteration":"riḍ'wānahu"},{"Position":9,"AudioFileName":"047_028_009.mp3","TajweedImageFilePath":"47/28/9.png","Text":"فَأَحْبَطَ","Translation":"so He made worthless","Transliteration":"fa-aḥbaṭa"},{"Position":10,"AudioFileName":"047_028_010.mp3","TajweedImageFilePath":"47/28/10.png","Text":"أَعْمَـٰلَهُمْ","Translation":"their deeds","Transliteration":"aʿmālahum"},{"Position":11,"AudioFileName":null,"TajweedImageFilePath":"28.png","Text":"٢٨","Translation":"(28)","Transliteration":null}],"PageNumber":509,"JuzNumber":26,"ManzilNumber":6,"RukuNumber":444,"MaqraNumber":203,"HizbNumber":51,"HizbDecimal":0.5,"HasSajda":false},{"SurahNumber":47,"SurahIndex":"047","VerseNumber":29,"ShowSurahName":false,"ShowBismillah":false,"Words":[{"Position":1,"AudioFileName":"047_029_001.mp3","TajweedImageFilePath":"47/29/1.png","Text":"أَمْ","Translation":"Or do","Transliteration":"am"},{"Position":2,"AudioFileName":"047_029_002.mp3","TajweedImageFilePath":"47/29/2.png","Text":"حَسِبَ","Translation":"think","Transliteration":"ḥasiba"},{"Position":3,"AudioFileName":"047_029_003.mp3","TajweedImageFilePath":"47/29/3.png","Text":"ٱلَّذِينَ","Translation":"those who","Transliteration":"alladhīna"},{"Position":4,"AudioFileName":"047_029_004.mp3","TajweedImageFilePath":"47/29/4.png","Text":"فِى","Translation":"in","Transliteration":"fī"},{"Position":5,"AudioFileName":"047_029_005.mp3","TajweedImageFilePath":"47/29/5.png","Text":"قُلُوبِهِم","Translation":"their hearts","Transliteration":"qulūbihim"},{"Position":6,"AudioFileName":"047_029_006.mp3","TajweedImageFilePath":"47/29/6.png","Text":"مَّرَضٌ","Translation":"(is) a disease","Transliteration":"maraḍun"},{"Position":7,"AudioFileName":"047_029_007.mp3","TajweedImageFilePath":"47/29/7.png","Text":"أَن","Translation":"that","Transliteration":"an"},{"Position":8,"AudioFileName":"047_029_008.mp3","TajweedImageFilePath":"47/29/8.png","Text":"لَّن","Translation":"never","Transliteration":"lan"},{"Position":9,"AudioFileName":"047_029_009.mp3","TajweedImageFilePath":"47/29/9.png","Text":"يُخْرِجَ","Translation":"will Allah bring forth","Transliteration":"yukh'rija"},{"Position":10,"AudioFileName":"047_029_010.mp3","TajweedImageFilePath":"47/29/10.png","Text":"ٱللَّهُ","Translation":"will Allah bring forth","Transliteration":"l-lahu"},{"Position":11,"AudioFileName":"047_029_011.mp3","TajweedImageFilePath":"47/29/11.png","Text":"أَضْغَـٰنَهُمْ","Translation":"their hatred","Transliteration":"aḍghānahum"},{"Position":12,"AudioFileName":null,"TajweedImageFilePath":"29.png","Text":"٢٩","Translation":"(29)","Transliteration":null}],"PageNumber":509,"JuzNumber":26,"ManzilNumber":6,"RukuNumber":445,"MaqraNumber":203,"HizbNumber":51,"HizbDecimal":0.5,"HasSajda":false},{"SurahNumber":47,"SurahIndex":"047","VerseNumber":30,"ShowSurahName":false,"ShowBismillah":false,"Words":[{"Position":1,"AudioFileName":"047_030_001.mp3","TajweedImageFilePath":"47/30/1.png","Text":"وَلَوْ","Translation":"And if","Transliteration":"walaw"},{"Position":2,"AudioFileName":"047_030_002.mp3","TajweedImageFilePath":"47/30/2.png","Text":"نَشَآءُ","Translation":"We willed","Transliteration":"nashāu"},{"Position":3,"AudioFileName":"047_030_003.mp3","TajweedImageFilePath":"47/30/3.png","Text":"لَأَرَيْنَـٰكَهُمْ","Translation":"surely, We could show them to you","Transliteration":"la-araynākahum"},{"Position":4,"AudioFileName":"047_030_004.mp3","TajweedImageFilePath":"47/30/4.png","Text":"فَلَعَرَفْتَهُم","Translation":"and you would know them","Transliteration":"falaʿaraftahum"},{"Position":5,"AudioFileName":"047_030_005.mp3","TajweedImageFilePath":"47/30/5.png","Text":"بِسِيمَـٰهُمْ ۚ","Translation":"by their marks","Transliteration":"bisīmāhum"},{"Position":6,"AudioFileName":"047_030_006.mp3","TajweedImageFilePath":"47/30/6.png","Text":"وَلَتَعْرِفَنَّهُمْ","Translation":"but surely, you will know them","Transliteration":"walataʿrifannahum"},{"Position":7,"AudioFileName":"047_030_007.mp3","TajweedImageFilePath":"47/30/7.png","Text":"فِى","Translation":"by","Transliteration":"fī"},{"Position":8,"AudioFileName":"047_030_008.mp3","TajweedImageFilePath":"47/30/8.png","Text":"لَحْنِ","Translation":"(the) tone","Transliteration":"laḥni"},{"Position":9,"AudioFileName":"047_030_009.mp3","TajweedImageFilePath":"47/30/9.png","Text":"ٱلْقَوْلِ ۚ","Translation":"(of their) speech","Transliteration":"l-qawli"},{"Position":10,"AudioFileName":"047_030_010.mp3","TajweedImageFilePath":"47/30/10.png","Text":"وَٱللَّهُ","Translation":"And Allah","Transliteration":"wal-lahu"},{"Position":11,"AudioFileName":"047_030_011.mp3","TajweedImageFilePath":"47/30/11.png","Text":"يَعْلَمُ","Translation":"knows","Transliteration":"yaʿlamu"},{"Position":12,"AudioFileName":"047_030_012.mp3","TajweedImageFilePath":"47/30/12.png","Text":"أَعْمَـٰلَكُمْ","Translation":"your deeds","Transliteration":"aʿmālakum"},{"Position":13,"AudioFileName":null,"TajweedImageFilePath":"30.png","Text":"٣٠","Translation":"(30)","Transliteration":null}],"PageNumber":510,"JuzNumber":26,"ManzilNumber":6,"RukuNumber":445,"MaqraNumber":203,"HizbNumber":51,"HizbDecimal":0.5,"HasSajda":false},{"SurahNumber":47,"SurahIndex":"047","VerseNumber":31,"ShowSurahName":false,"ShowBismillah":false,"Words":[{"Position":1,"AudioFileName":"047_031_001.mp3","TajweedImageFilePath":"47/31/1.png","Text":"وَلَنَبْلُوَنَّكُمْ","Translation":"And surely We will test you","Transliteration":"walanabluwannakum"},{"Position":2,"AudioFileName":"047_031_002.mp3","TajweedImageFilePath":"47/31/2.png","Text":"حَتَّىٰ","Translation":"until","Transliteration":"ḥattā"},{"Position":3,"AudioFileName":"047_031_003.mp3","TajweedImageFilePath":"47/31/3.png","Text":"نَعْلَمَ","Translation":"We make evident","Transliteration":"naʿlama"},{"Position":4,"AudioFileName":"047_031_004.mp3","TajweedImageFilePath":"47/31/4.png","Text":"ٱلْمُجَـٰهِدِينَ","Translation":"those who strive","Transliteration":"l-mujāhidīna"},{"Position":5,"AudioFileName":"047_031_005.mp3","TajweedImageFilePath":"47/31/5.png","Text":"مِنكُمْ","Translation":"among you","Transliteration":"minkum"},{"Position":6,"AudioFileName":"047_031_006.mp3","TajweedImageFilePath":"47/31/6.png","Text":"وَٱلصَّـٰبِرِينَ","Translation":"and the patient ones","Transliteration":"wal-ṣābirīna"},{"Position":7,"AudioFileName":"047_031_007.mp3","TajweedImageFilePath":"47/31/7.png","Text":"وَنَبْلُوَا۟","Translation":"and We will test","Transliteration":"wanabluwā"},{"Position":8,"AudioFileName":"047_031_008.mp3","TajweedImageFilePath":"47/31/8.png","Text":"أَخْبَارَكُمْ","Translation":"your affairs","Transliteration":"akhbārakum"},{"Position":9,"AudioFileName":null,"TajweedImageFilePath":"31.png","Text":"٣١","Translation":"(31)","Transliteration":null}],"PageNumber":510,"JuzNumber":26,"ManzilNumber":6,"RukuNumber":445,"MaqraNumber":203,"HizbNumber":51,"HizbDecimal":0.5,"HasSajda":false},{"SurahNumber":47,"SurahIndex":"047","VerseNumber":32,"ShowSurahName":false,"ShowBismillah":false,"Words":[{"Position":1,"AudioFileName":"047_032_001.mp3","TajweedImageFilePath":"47/32/1.png","Text":"إِنَّ","Translation":"Indeed","Transliteration":"inna"},{"Position":2,"AudioFileName":"047_032_002.mp3","TajweedImageFilePath":"47/32/2.png","Text":"ٱلَّذِينَ","Translation":"those who","Transliteration":"alladhīna"},{"Position":3,"AudioFileName":"047_032_003.mp3","TajweedImageFilePath":"47/32/3.png","Text":"كَفَرُوا۟","Translation":"disbelieve","Transliteration":"kafarū"},{"Position":4,"AudioFileName":"047_032_004.mp3","TajweedImageFilePath":"47/32/4.png","Text":"وَصَدُّوا۟","Translation":"and turn away","Transliteration":"waṣaddū"},{"Position":5,"AudioFileName":"047_032_005.mp3","TajweedImageFilePath":"47/32/5.png","Text":"عَن","Translation":"from","Transliteration":"ʿan"},{"Position":6,"AudioFileName":"047_032_006.mp3","TajweedImageFilePath":"47/32/6.png","Text":"سَبِيلِ","Translation":"(the) way of Allah","Transliteration":"sabīli"},{"Position":7,"AudioFileName":"047_032_007.mp3","TajweedImageFilePath":"47/32/7.png","Text":"ٱللَّهِ","Translation":"(the) way of Allah","Transliteration":"l-lahi"},{"Position":8,"AudioFileName":"047_032_008.mp3","TajweedImageFilePath":"47/32/8.png","Text":"وَشَآقُّوا۟","Translation":"and oppose","Transliteration":"washāqqū"},{"Position":9,"AudioFileName":"047_032_009.mp3","TajweedImageFilePath":"47/32/9.png","Text":"ٱلرَّسُولَ","Translation":"the Messenger","Transliteration":"l-rasūla"},{"Position":10,"AudioFileName":"047_032_010.mp3","TajweedImageFilePath":"47/32/10.png","Text":"مِنۢ","Translation":"after","Transliteration":"min"},{"Position":11,"AudioFileName":"047_032_011.mp3","TajweedImageFilePath":"47/32/11.png","Text":"بَعْدِ","Translation":"after","Transliteration":"baʿdi"},{"Position":12,"AudioFileName":"047_032_012.mp3","TajweedImageFilePath":"47/32/12.png","Text":"مَا","Translation":"[what]","Transliteration":"mā"},{"Position":13,"AudioFileName":"047_032_013.mp3","TajweedImageFilePath":"47/32/13.png","Text":"تَبَيَّنَ","Translation":"(has been) made clear","Transliteration":"tabayyana"},{"Position":14,"AudioFileName":"047_032_014.mp3","TajweedImageFilePath":"47/32/14.png","Text":"لَهُمُ","Translation":"to them","Transliteration":"lahumu"},{"Position":15,"AudioFileName":"047_032_015.mp3","TajweedImageFilePath":"47/32/15.png","Text":"ٱلْهُدَىٰ","Translation":"the guidance","Transliteration":"l-hudā"},{"Position":16,"AudioFileName":"047_032_016.mp3","TajweedImageFilePath":"47/32/16.png","Text":"لَن","Translation":"never","Transliteration":"lan"},{"Position":17,"AudioFileName":"047_032_017.mp3","TajweedImageFilePath":"47/32/17.png","Text":"يَضُرُّوا۟","Translation":"will they harm","Transliteration":"yaḍurrū"},{"Position":18,"AudioFileName":"047_032_018.mp3","TajweedImageFilePath":"47/32/18.png","Text":"ٱللَّهَ","Translation":"Allah","Transliteration":"l-laha"},{"Position":19,"AudioFileName":"047_032_019.mp3","TajweedImageFilePath":"47/32/19.png","Text":"شَيْـًۭٔا","Translation":"(in) anything","Transliteration":"shayan"},{"Position":20,"AudioFileName":"047_032_020.mp3","TajweedImageFilePath":"47/32/20.png","Text":"وَسَيُحْبِطُ","Translation":"and He will make worthless","Transliteration":"wasayuḥ'biṭu"},{"Position":21,"AudioFileName":"047_032_021.mp3","TajweedImageFilePath":"47/32/21.png","Text":"أَعْمَـٰلَهُمْ","Translation":"their deeds","Transliteration":"aʿmālahum"},{"Position":22,"AudioFileName":null,"TajweedImageFilePath":"32.png","Text":"٣٢","Translation":"(32)","Transliteration":null}],"PageNumber":510,"JuzNumber":26,"ManzilNumber":6,"RukuNumber":445,"MaqraNumber":203,"HizbNumber":51,"HizbDecimal":0.5,"HasSajda":false}]}