{"MaqraNumber":202.0,"Verses":[{"SurahNumber":46,"SurahIndex":"046","VerseNumber":21,"ShowSurahName":false,"ShowBismillah":false,"Text":"۞وَٱذۡكُرۡ أَخَا عَادٍ إِذۡ أَنذَرَ قَوۡمَهُۥ بِٱلۡأَحۡقَافِ وَقَدۡ خَلَتِ ٱلنُّذُرُ مِنۢ بَيۡنِ يَدَيۡهِ وَمِنۡ خَلۡفِهِۦٓ أَلَّا تَعۡبُدُوٓاْ إِلَّا ٱللَّهَ إِنِّيٓ أَخَافُ عَلَيۡكُمۡ عَذَابَ يَوۡمٍ عَظِيمٖ","TajweedText":"۞ وَ<tajweed class=ham_wasl>ٱ</tajweed>ذْكُرْ أَخَا عَادٍ إِذْ أَ<tajweed class=ikhafa>نذ</tajweed>َرَ قَوْمَهُ<tajweed class=madda_normal>ۥ</tajweed> بِ<tajweed class=ham_wasl>ٱ</tajweed>لْأَحْقَافِ وَقَ<tajweed class=qalaqah>دْ</tajweed> خَلَتِ <tajweed class=ham_wasl>ٱ</tajweed><tajweed class=laam_shamsiyah>ل</tajweed><tajweed class=ghunnah>نّ</tajweed>ُذُرُ م<tajweed class=iqlab>ِنۢ ب</tajweed>َيْنِ يَدَيْهِ وَمِنْ خَلْفِه<tajweed class=madda_obligatory>ِۦٓ</tajweed> أَلَّا تَعْبُد<tajweed class=madda_obligatory>ُوٓ</tajweed><tajweed class=slnt>اْ</tajweed> إِلَّا <tajweed class=ham_wasl>ٱ</tajweed>للَّهَ إِ<tajweed class=ghunnah>نّ</tajweed><tajweed class=madda_obligatory>ِىٓ</tajweed> أَخَافُ عَلَيْكُمْ عَذَابَ يَوْمٍ عَظ<tajweed class=madda_permissible>ِي</tajweed>مٍ <span class=end>٢١</span>","End":"٢١","PageNumber":505,"JuzNumber":26,"ManzilNumber":6,"RukuNumber":440,"MaqraNumber":202,"HizbNumber":51,"HizbDecimal":0.25,"HasSajda":false},{"SurahNumber":46,"SurahIndex":"046","VerseNumber":22,"ShowSurahName":false,"ShowBismillah":false,"Text":"قَالُوٓاْ أَجِئۡتَنَا لِتَأۡفِكَنَا عَنۡ ءَالِهَتِنَا فَأۡتِنَا بِمَا تَعِدُنَآ إِن كُنتَ مِنَ ٱلصَّـٰدِقِينَ","TajweedText":"قَال<tajweed class=madda_obligatory>ُوٓ</tajweed><tajweed class=slnt>اْ</tajweed> أَجِئْتَنَا لِتَأْفِكَنَا عَنْ ءَالِهَتِنَا فَأْتِنَا بِمَا تَعِدُن<tajweed class=madda_obligatory>َآ</tajweed> إِ<tajweed class=ikhafa>ن ك</tajweed>ُ<tajweed class=ikhafa>نت</tajweed>َ مِنَ <tajweed class=ham_wasl>ٱ</tajweed><tajweed class=laam_shamsiyah>ل</tajweed>صَّ<tajweed class=madda_normal>ـٰ</tajweed>دِق<tajweed class=madda_permissible>ِي</tajweed>نَ <span class=end>٢٢</span>","End":"٢٢","PageNumber":505,"JuzNumber":26,"ManzilNumber":6,"RukuNumber":440,"MaqraNumber":202,"HizbNumber":51,"HizbDecimal":0.25,"HasSajda":false},{"SurahNumber":46,"SurahIndex":"046","VerseNumber":23,"ShowSurahName":false,"ShowBismillah":false,"Text":"قَالَ إِنَّمَا ٱلۡعِلۡمُ عِندَ ٱللَّهِ وَأُبَلِّغُكُم مَّآ أُرۡسِلۡتُ بِهِۦ وَلَٰكِنِّيٓ أَرَىٰكُمۡ قَوۡمٗا تَجۡهَلُونَ","TajweedText":"قَالَ إِ<tajweed class=ghunnah>نّ</tajweed>َمَا <tajweed class=ham_wasl>ٱ</tajweed>لْعِلْمُ عِ<tajweed class=ikhafa>ند</tajweed>َ <tajweed class=ham_wasl>ٱ</tajweed>للَّهِ وَأُبَلِّغُك<tajweed class=idgham_shafawi>ُم م</tajweed>ّ<tajweed class=madda_obligatory>َآ</tajweed> أُرْسِلْتُ بِه<tajweed class=madda_normal>ِۦ</tajweed> وَلَ<tajweed class=madda_normal>ـٰ</tajweed>كِ<tajweed class=ghunnah>نّ</tajweed><tajweed class=madda_obligatory>ِىٓ</tajweed> أَرَ<tajweed class=madda_normal>ٮٰ</tajweed>كُمْ قَوْ<tajweed class=ikhafa>مًا ت</tajweed>َ<tajweed class=qalaqah>جْ</tajweed>هَل<tajweed class=madda_permissible>ُو</tajweed>نَ <span class=end>٢٣</span>","End":"٢٣","PageNumber":505,"JuzNumber":26,"ManzilNumber":6,"RukuNumber":440,"MaqraNumber":202,"HizbNumber":51,"HizbDecimal":0.25,"HasSajda":false},{"SurahNumber":46,"SurahIndex":"046","VerseNumber":24,"ShowSurahName":false,"ShowBismillah":false,"Text":"فَلَمَّا رَأَوۡهُ عَارِضٗا مُّسۡتَقۡبِلَ أَوۡدِيَتِهِمۡ قَالُواْ هَٰذَا عَارِضٞ مُّمۡطِرُنَاۚ بَلۡ هُوَ مَا ٱسۡتَعۡجَلۡتُم بِهِۦۖ رِيحٞ فِيهَا عَذَابٌ أَلِيمٞ","TajweedText":"فَلَ<tajweed class=ghunnah>مّ</tajweed>َا رَأَوْهُ عَارِ<tajweed class=idgham_ghunnah>ضًا م</tajweed>ُّسْتَ<tajweed class=qalaqah>قْ</tajweed>بِلَ أَوْدِيَتِهِمْ قَالُو<tajweed class=slnt>اْ</tajweed> هَ<tajweed class=madda_normal>ـٰ</tajweed>ذَا عَارِ<tajweed class=idgham_ghunnah>ضٌ م</tajweed>ُّمْطِرُنَا‌ۚ بَلْ هُوَ مَا <tajweed class=ham_wasl>ٱ</tajweed>سْتَعْجَلْت<tajweed class=ikhafa_shafawi>ُم ب</tajweed>ِه<tajweed class=madda_normal>ِۦ</tajweed>‌ۖ رِي<tajweed class=ikhafa>حٌ ف</tajweed>ِيهَا عَذَابٌ أَل<tajweed class=madda_permissible>ِي</tajweed>مٌ <span class=end>٢٤</span>","End":"٢٤","PageNumber":505,"JuzNumber":26,"ManzilNumber":6,"RukuNumber":440,"MaqraNumber":202,"HizbNumber":51,"HizbDecimal":0.25,"HasSajda":false},{"SurahNumber":46,"SurahIndex":"046","VerseNumber":25,"ShowSurahName":false,"ShowBismillah":false,"Text":"تُدَمِّرُ كُلَّ شَيۡءِۭ بِأَمۡرِ رَبِّهَا فَأَصۡبَحُواْ لَا يُرَىٰٓ إِلَّا مَسَٰكِنُهُمۡۚ كَذَٰلِكَ نَجۡزِي ٱلۡقَوۡمَ ٱلۡمُجۡرِمِينَ","TajweedText":"تُدَ<tajweed class=ghunnah>مّ</tajweed>ِرُ كُلَّ شَىْ<tajweed class=iqlab>ءِۭ ب</tajweed>ِأَمْرِ رَبِّهَا فَأَصْبَحُو<tajweed class=slnt>اْ</tajweed> لَا يُرَ<tajweed class=madda_obligatory>ىٰٓ</tajweed> إِلَّا مَسَ<tajweed class=madda_normal>ـٰ</tajweed>كِنُهُمْ‌ۚ كَذ<tajweed class=madda_normal>َٲ</tajweed>لِكَ نَ<tajweed class=qalaqah>جْ</tajweed>زِى <tajweed class=ham_wasl>ٱ</tajweed>لْقَوْمَ <tajweed class=ham_wasl>ٱ</tajweed>لْمُ<tajweed class=qalaqah>جْ</tajweed>رِم<tajweed class=madda_permissible>ِي</tajweed>نَ <span class=end>٢٥</span>","End":"٢٥","PageNumber":505,"JuzNumber":26,"ManzilNumber":6,"RukuNumber":440,"MaqraNumber":202,"HizbNumber":51,"HizbDecimal":0.25,"HasSajda":false},{"SurahNumber":46,"SurahIndex":"046","VerseNumber":26,"ShowSurahName":false,"ShowBismillah":false,"Text":"وَلَقَدۡ مَكَّنَّـٰهُمۡ فِيمَآ إِن مَّكَّنَّـٰكُمۡ فِيهِ وَجَعَلۡنَا لَهُمۡ سَمۡعٗا وَأَبۡصَٰرٗا وَأَفۡـِٔدَةٗ فَمَآ أَغۡنَىٰ عَنۡهُمۡ سَمۡعُهُمۡ وَلَآ أَبۡصَٰرُهُمۡ وَلَآ أَفۡـِٔدَتُهُم مِّن شَيۡءٍ إِذۡ كَانُواْ يَجۡحَدُونَ بِـَٔايَٰتِ ٱللَّهِ وَحَاقَ بِهِم مَّا كَانُواْ بِهِۦ يَسۡتَهۡزِءُونَ","TajweedText":"وَلَقَ<tajweed class=qalaqah>دْ</tajweed> مَكَّ<tajweed class=ghunnah>نّ</tajweed>َ<tajweed class=madda_normal>ـٰ</tajweed>هُمْ فِيم<tajweed class=madda_obligatory>َآ</tajweed> إ<tajweed class=idgham_ghunnah>ِن م</tajweed>َّكَّ<tajweed class=ghunnah>نّ</tajweed>َ<tajweed class=madda_normal>ـٰ</tajweed>كُمْ فِيهِ وَجَعَلْنَا لَهُمْ سَمْ<tajweed class=idgham_ghunnah>عًا و</tajweed>َأَ<tajweed class=qalaqah>بْ</tajweed>صَ<tajweed class=madda_normal>ـٰ</tajweed><tajweed class=idgham_ghunnah>رًا و</tajweed>َأَفْــِٔدَ<tajweed class=ikhafa>ةً ف</tajweed>َم<tajweed class=madda_obligatory>َآ</tajweed> أَغْنَىٰ عَنْهُمْ سَمْعُهُمْ وَل<tajweed class=madda_obligatory>َآ</tajweed> أَ<tajweed class=qalaqah>بْ</tajweed>صَ<tajweed class=madda_normal>ـٰ</tajweed>رُهُمْ وَل<tajweed class=madda_obligatory>َآ</tajweed> أَفْــِٔدَتُه<tajweed class=idgham_shafawi>ُم م</tajweed>ِّ<tajweed class=ikhafa>ن ش</tajweed>َىْءٍ إِذْ كَانُو<tajweed class=slnt>اْ</tajweed> يَ<tajweed class=qalaqah>جْ</tajweed>حَدُونَ بِـَٔـايَ<tajweed class=madda_normal>ـٰ</tajweed>تِ <tajweed class=ham_wasl>ٱ</tajweed>للَّهِ وَحَاقَ بِه<tajweed class=idgham_shafawi>ِم م</tajweed>َّا كَانُو<tajweed class=slnt>اْ</tajweed> بِه<tajweed class=madda_normal>ِۦ</tajweed> يَسْتَهْزِء<tajweed class=madda_permissible>ُو</tajweed>نَ <span class=end>٢٦</span>","End":"٢٦","PageNumber":505,"JuzNumber":26,"ManzilNumber":6,"RukuNumber":440,"MaqraNumber":202,"HizbNumber":51,"HizbDecimal":0.25,"HasSajda":false},{"SurahNumber":46,"SurahIndex":"046","VerseNumber":27,"ShowSurahName":false,"ShowBismillah":false,"Text":"وَلَقَدۡ أَهۡلَكۡنَا مَا حَوۡلَكُم مِّنَ ٱلۡقُرَىٰ وَصَرَّفۡنَا ٱلۡأٓيَٰتِ لَعَلَّهُمۡ يَرۡجِعُونَ","TajweedText":"وَلَقَ<tajweed class=qalaqah>دْ</tajweed> أَهْلَكْنَا مَا حَوْلَك<tajweed class=idgham_shafawi>ُم م</tajweed>ِّنَ <tajweed class=ham_wasl>ٱ</tajweed>لْقُرَىٰ وَصَرَّفْنَا <tajweed class=ham_wasl>ٱ</tajweed>لْأَيَ<tajweed class=madda_normal>ـٰ</tajweed>تِ لَعَلَّهُمْ يَرْجِع<tajweed class=madda_permissible>ُو</tajweed>نَ <span class=end>٢٧</span>","End":"٢٧","PageNumber":505,"JuzNumber":26,"ManzilNumber":6,"RukuNumber":441,"MaqraNumber":202,"HizbNumber":51,"HizbDecimal":0.25,"HasSajda":false},{"SurahNumber":46,"SurahIndex":"046","VerseNumber":28,"ShowSurahName":false,"ShowBismillah":false,"Text":"فَلَوۡلَا نَصَرَهُمُ ٱلَّذِينَ ٱتَّخَذُواْ مِن دُونِ ٱللَّهِ قُرۡبَانًا ءَالِهَةَۢۖ بَلۡ ضَلُّواْ عَنۡهُمۡۚ وَذَٰلِكَ إِفۡكُهُمۡ وَمَا كَانُواْ يَفۡتَرُونَ","TajweedText":"فَلَوْلَا نَصَرَهُمُ <tajweed class=ham_wasl>ٱ</tajweed>لَّذِينَ <tajweed class=ham_wasl>ٱ</tajweed>تَّخَذُو<tajweed class=slnt>اْ</tajweed> مِ<tajweed class=ikhafa>ن د</tajweed>ُونِ <tajweed class=ham_wasl>ٱ</tajweed>للَّهِ قُرْبَانًا ءَالِهَ<tajweed class=iqlab>ةَۢ‌ۖ ب</tajweed>َلْ ضَلُّو<tajweed class=slnt>اْ</tajweed> عَنْهُمْ‌ۚ وَذ<tajweed class=madda_normal>َٲ</tajweed>لِكَ إِفْكُهُمْ وَمَا كَانُو<tajweed class=slnt>اْ</tajweed> يَفْتَر<tajweed class=madda_permissible>ُو</tajweed>نَ <span class=end>٢٨</span>","End":"٢٨","PageNumber":505,"JuzNumber":26,"ManzilNumber":6,"RukuNumber":441,"MaqraNumber":202,"HizbNumber":51,"HizbDecimal":0.25,"HasSajda":false},{"SurahNumber":46,"SurahIndex":"046","VerseNumber":29,"ShowSurahName":false,"ShowBismillah":false,"Text":"وَإِذۡ صَرَفۡنَآ إِلَيۡكَ نَفَرٗا مِّنَ ٱلۡجِنِّ يَسۡتَمِعُونَ ٱلۡقُرۡءَانَ فَلَمَّا حَضَرُوهُ قَالُوٓاْ أَنصِتُواْۖ فَلَمَّا قُضِيَ وَلَّوۡاْ إِلَىٰ قَوۡمِهِم مُّنذِرِينَ","TajweedText":"وَإِذْ صَرَفْن<tajweed class=madda_obligatory>َآ</tajweed> إِلَيْكَ نَفَ<tajweed class=idgham_ghunnah>رًا م</tajweed>ِّنَ <tajweed class=ham_wasl>ٱ</tajweed>لْجِ<tajweed class=ghunnah>نّ</tajweed>ِ يَسْتَمِعُونَ <tajweed class=ham_wasl>ٱ</tajweed>لْقُرْءَانَ فَلَ<tajweed class=ghunnah>مّ</tajweed>َا حَضَرُوهُ قَال<tajweed class=madda_obligatory>ُوٓ</tajweed><tajweed class=slnt>اْ</tajweed> أَ<tajweed class=ikhafa>نص</tajweed>ِتُو<tajweed class=slnt>اْ‌ۖ</tajweed> فَلَ<tajweed class=ghunnah>مّ</tajweed>َا قُضِىَ وَلَّوْ<tajweed class=slnt>اْ</tajweed> إِلَىٰ قَوْمِه<tajweed class=idgham_shafawi>ِم م</tajweed>ُّ<tajweed class=ikhafa>نذ</tajweed>ِر<tajweed class=madda_permissible>ِي</tajweed>نَ <span class=end>٢٩</span>","End":"٢٩","PageNumber":506,"JuzNumber":26,"ManzilNumber":6,"RukuNumber":441,"MaqraNumber":202,"HizbNumber":51,"HizbDecimal":0.25,"HasSajda":false},{"SurahNumber":46,"SurahIndex":"046","VerseNumber":30,"ShowSurahName":false,"ShowBismillah":false,"Text":"قَالُواْ يَٰقَوۡمَنَآ إِنَّا سَمِعۡنَا كِتَٰبًا أُنزِلَ مِنۢ بَعۡدِ مُوسَىٰ مُصَدِّقٗا لِّمَا بَيۡنَ يَدَيۡهِ يَهۡدِيٓ إِلَى ٱلۡحَقِّ وَإِلَىٰ طَرِيقٖ مُّسۡتَقِيمٖ","TajweedText":"قَالُو<tajweed class=slnt>اْ</tajweed> يَ<tajweed class=madda_normal>ـٰ</tajweed>قَوْمَن<tajweed class=madda_obligatory>َآ</tajweed> إِ<tajweed class=ghunnah>نّ</tajweed>َا سَمِعْنَا كِتَ<tajweed class=madda_normal>ـٰ</tajweed>بًا أُ<tajweed class=ikhafa>نز</tajweed>ِلَ م<tajweed class=iqlab>ِنۢ ب</tajweed>َعْدِ مُوسَىٰ مُصَدِّ<tajweed class=idgham_wo_ghunnah>قًا ل</tajweed>ِّمَا بَيْنَ يَدَيْهِ يَهْد<tajweed class=madda_obligatory>ِىٓ</tajweed> إِلَى <tajweed class=ham_wasl>ٱ</tajweed>لْحَقِّ وَإِلَىٰ طَرِي<tajweed class=idgham_ghunnah>قٍ م</tajweed>ُّسْتَق<tajweed class=madda_permissible>ِي</tajweed>مٍ <span class=end>٣٠</span>","End":"٣٠","PageNumber":506,"JuzNumber":26,"ManzilNumber":6,"RukuNumber":441,"MaqraNumber":202,"HizbNumber":51,"HizbDecimal":0.25,"HasSajda":false},{"SurahNumber":46,"SurahIndex":"046","VerseNumber":31,"ShowSurahName":false,"ShowBismillah":false,"Text":"يَٰقَوۡمَنَآ أَجِيبُواْ دَاعِيَ ٱللَّهِ وَءَامِنُواْ بِهِۦ يَغۡفِرۡ لَكُم مِّن ذُنُوبِكُمۡ وَيُجِرۡكُم مِّنۡ عَذَابٍ أَلِيمٖ","TajweedText":"يَ<tajweed class=madda_normal>ـٰ</tajweed>قَوْمَن<tajweed class=madda_obligatory>َآ</tajweed> أَجِيبُو<tajweed class=slnt>اْ</tajweed> دَاعِىَ <tajweed class=ham_wasl>ٱ</tajweed>للَّهِ وَءَامِنُو<tajweed class=slnt>اْ</tajweed> بِه<tajweed class=madda_normal>ِۦ</tajweed> يَغْفِرْ لَك<tajweed class=idgham_shafawi>ُم م</tajweed>ِّ<tajweed class=ikhafa>ن ذ</tajweed>ُنُوبِكُمْ وَيُجِرْك<tajweed class=idgham_shafawi>ُم م</tajweed>ِّنْ عَذَابٍ أَل<tajweed class=madda_permissible>ِي</tajweed>مٍ <span class=end>٣١</span>","End":"٣١","PageNumber":506,"JuzNumber":26,"ManzilNumber":6,"RukuNumber":441,"MaqraNumber":202,"HizbNumber":51,"HizbDecimal":0.25,"HasSajda":false},{"SurahNumber":46,"SurahIndex":"046","VerseNumber":32,"ShowSurahName":false,"ShowBismillah":false,"Text":"وَمَن لَّا يُجِبۡ دَاعِيَ ٱللَّهِ فَلَيۡسَ بِمُعۡجِزٖ فِي ٱلۡأَرۡضِ وَلَيۡسَ لَهُۥ مِن دُونِهِۦٓ أَوۡلِيَآءُۚ أُوْلَـٰٓئِكَ فِي ضَلَٰلٖ مُّبِينٍ","TajweedText":"وَم<tajweed class=idgham_wo_ghunnah>َن ل</tajweed>َّا يُجِ<tajweed class=qalaqah>بْ</tajweed> دَاعِىَ <tajweed class=ham_wasl>ٱ</tajweed>للَّهِ فَلَيْسَ بِمُعْجِ<tajweed class=ikhafa>زٍ ف</tajweed>ِى <tajweed class=ham_wasl>ٱ</tajweed>لْأَرْضِ وَلَيْسَ لَهُ<tajweed class=madda_normal>ۥ</tajweed> مِ<tajweed class=ikhafa>ن د</tajweed>ُونِه<tajweed class=madda_obligatory>ِۦٓ</tajweed> أَوْلِي<tajweed class=madda_obligatory>َا</tajweed>ٓءُ‌ۚ أُ<tajweed class=slnt>وْ</tajweed>لَ<tajweed class=madda_obligatory>ـٰٓ</tajweed>ئِكَ فِى ضَلَ<tajweed class=madda_normal>ـٰ</tajweed><tajweed class=idgham_ghunnah>لٍ م</tajweed>ُّب<tajweed class=madda_permissible>ِي</tajweed>نٍ <span class=end>٣٢</span>","End":"٣٢","PageNumber":506,"JuzNumber":26,"ManzilNumber":6,"RukuNumber":441,"MaqraNumber":202,"HizbNumber":51,"HizbDecimal":0.25,"HasSajda":false},{"SurahNumber":46,"SurahIndex":"046","VerseNumber":33,"ShowSurahName":false,"ShowBismillah":false,"Text":"أَوَلَمۡ يَرَوۡاْ أَنَّ ٱللَّهَ ٱلَّذِي خَلَقَ ٱلسَّمَٰوَٰتِ وَٱلۡأَرۡضَ وَلَمۡ يَعۡيَ بِخَلۡقِهِنَّ بِقَٰدِرٍ عَلَىٰٓ أَن يُحۡـِۧيَ ٱلۡمَوۡتَىٰۚ بَلَىٰٓۚ إِنَّهُۥ عَلَىٰ كُلِّ شَيۡءٖ قَدِيرٞ","TajweedText":"أَوَلَمْ يَرَوْ<tajweed class=slnt>اْ</tajweed> أَ<tajweed class=ghunnah>نّ</tajweed>َ <tajweed class=ham_wasl>ٱ</tajweed>للَّهَ <tajweed class=ham_wasl>ٱ</tajweed>لَّذِى خَلَقَ <tajweed class=ham_wasl>ٱ</tajweed><tajweed class=laam_shamsiyah>ل</tajweed>سَّمَ<tajweed class=madda_normal>ـٰ</tajweed>و<tajweed class=madda_normal>َٲ</tajweed>تِ وَ<tajweed class=ham_wasl>ٱ</tajweed>لْأَرْضَ وَلَمْ يَعْىَ بِخَلْقِهِ<tajweed class=ghunnah>نّ</tajweed>َ بِقَ<tajweed class=madda_normal>ـٰ</tajweed>دِرٍ عَلَ<tajweed class=madda_obligatory>ىٰٓ</tajweed> أ<tajweed class=idgham_ghunnah>َن ي</tajweed>ُحْــِۧىَ <tajweed class=ham_wasl>ٱ</tajweed>لْمَوْتَىٰ‌ۚ بَلَ<tajweed class=madda_obligatory>ىٰٓ</tajweed> إِ<tajweed class=ghunnah>نّ</tajweed>َهُ<tajweed class=madda_normal>ۥ</tajweed> عَلَىٰ كُلِّ ش<tajweed class=ikhafa>َىْءٍ ق</tajweed>َد<tajweed class=madda_permissible>ِي</tajweed>رٌ <span class=end>٣٣</span>","End":"٣٣","PageNumber":506,"JuzNumber":26,"ManzilNumber":6,"RukuNumber":441,"MaqraNumber":202,"HizbNumber":51,"HizbDecimal":0.25,"HasSajda":false},{"SurahNumber":46,"SurahIndex":"046","VerseNumber":34,"ShowSurahName":false,"ShowBismillah":false,"Text":"وَيَوۡمَ يُعۡرَضُ ٱلَّذِينَ كَفَرُواْ عَلَى ٱلنَّارِ أَلَيۡسَ هَٰذَا بِٱلۡحَقِّۖ قَالُواْ بَلَىٰ وَرَبِّنَاۚ قَالَ فَذُوقُواْ ٱلۡعَذَابَ بِمَا كُنتُمۡ تَكۡفُرُونَ","TajweedText":"وَيَوْمَ يُعْرَضُ <tajweed class=ham_wasl>ٱ</tajweed>لَّذِينَ كَفَرُو<tajweed class=slnt>اْ</tajweed> عَلَى <tajweed class=ham_wasl>ٱ</tajweed><tajweed class=laam_shamsiyah>ل</tajweed><tajweed class=ghunnah>نّ</tajweed>َارِ أَلَيْسَ هَ<tajweed class=madda_normal>ـٰ</tajweed>ذَا بِ<tajweed class=ham_wasl>ٱ</tajweed>لْحَقِّ‌ۖ قَالُو<tajweed class=slnt>اْ</tajweed> بَلَىٰ وَرَبِّنَا‌ۚ قَالَ فَذُوقُو<tajweed class=slnt>اْ</tajweed> <tajweed class=ham_wasl>ٱ</tajweed>لْعَذَابَ بِمَا كُ<tajweed class=ikhafa>نت</tajweed>ُمْ تَكْفُر<tajweed class=madda_permissible>ُو</tajweed>نَ <span class=end>٣٤</span>","End":"٣٤","PageNumber":506,"JuzNumber":26,"ManzilNumber":6,"RukuNumber":441,"MaqraNumber":202,"HizbNumber":51,"HizbDecimal":0.25,"HasSajda":false},{"SurahNumber":46,"SurahIndex":"046","VerseNumber":35,"ShowSurahName":false,"ShowBismillah":false,"Text":"فَٱصۡبِرۡ كَمَا صَبَرَ أُوْلُواْ ٱلۡعَزۡمِ مِنَ ٱلرُّسُلِ وَلَا تَسۡتَعۡجِل لَّهُمۡۚ كَأَنَّهُمۡ يَوۡمَ يَرَوۡنَ مَا يُوعَدُونَ لَمۡ يَلۡبَثُوٓاْ إِلَّا سَاعَةٗ مِّن نَّهَارِۭۚ بَلَٰغٞۚ فَهَلۡ يُهۡلَكُ إِلَّا ٱلۡقَوۡمُ ٱلۡفَٰسِقُونَ","TajweedText":"فَ<tajweed class=ham_wasl>ٱ</tajweed>صْبِرْ كَمَا صَبَرَ أُ<tajweed class=slnt>وْ</tajweed>لُو<tajweed class=slnt>اْ</tajweed> <tajweed class=ham_wasl>ٱ</tajweed>لْعَزْمِ مِنَ <tajweed class=ham_wasl>ٱ</tajweed><tajweed class=laam_shamsiyah>ل</tajweed>رُّسُلِ وَلَا تَسْتَعْجِل لَّهُمْ‌ۚ كَأَ<tajweed class=ghunnah>نّ</tajweed>َهُمْ يَوْمَ يَرَوْنَ مَا يُوعَدُونَ لَمْ يَلْبَث<tajweed class=madda_obligatory>ُوٓ</tajweed><tajweed class=slnt>اْ</tajweed> إِلَّا سَاعَ<tajweed class=idgham_ghunnah>ةً م</tajweed>ّ<tajweed class=idgham_ghunnah>ِن ن</tajweed>َّهَا<tajweed class=iqlab>رِۭ‌ۚ ب</tajweed>َلَ<tajweed class=madda_normal>ـٰ</tajweed><tajweed class=ikhafa>غٌ‌ۚ ف</tajweed>َهَلْ يُهْلَكُ إِلَّا <tajweed class=ham_wasl>ٱ</tajweed>لْقَوْمُ <tajweed class=ham_wasl>ٱ</tajweed>لْفَ<tajweed class=madda_normal>ـٰ</tajweed>سِق<tajweed class=madda_permissible>ُو</tajweed>نَ <span class=end>٣٥</span>","End":"٣٥","PageNumber":506,"JuzNumber":26,"ManzilNumber":6,"RukuNumber":441,"MaqraNumber":202,"HizbNumber":51,"HizbDecimal":0.25,"HasSajda":false},{"SurahNumber":47,"SurahIndex":"047","VerseNumber":1,"ShowSurahName":true,"ShowBismillah":true,"Text":"ٱلَّذِينَ كَفَرُواْ وَصَدُّواْ عَن سَبِيلِ ٱللَّهِ أَضَلَّ أَعۡمَٰلَهُمۡ","TajweedText":"ٱلَّذِينَ كَفَرُو<tajweed class=slnt>اْ</tajweed> وَصَدُّو<tajweed class=slnt>اْ</tajweed> عَ<tajweed class=ikhafa>ن س</tajweed>َبِيلِ <tajweed class=ham_wasl>ٱ</tajweed>للَّهِ أَضَلَّ أَعْمَ<tajweed class=madda_normal>ـٰ</tajweed>لَهُمْ <span class=end>١</span>","End":"١","PageNumber":507,"JuzNumber":26,"ManzilNumber":6,"RukuNumber":442,"MaqraNumber":202,"HizbNumber":51,"HizbDecimal":0.25,"HasSajda":false},{"SurahNumber":47,"SurahIndex":"047","VerseNumber":2,"ShowSurahName":false,"ShowBismillah":false,"Text":"وَٱلَّذِينَ ءَامَنُواْ وَعَمِلُواْ ٱلصَّـٰلِحَٰتِ وَءَامَنُواْ بِمَا نُزِّلَ عَلَىٰ مُحَمَّدٖ وَهُوَ ٱلۡحَقُّ مِن رَّبِّهِمۡ كَفَّرَ عَنۡهُمۡ سَيِّـَٔاتِهِمۡ وَأَصۡلَحَ بَالَهُمۡ","TajweedText":"وَ<tajweed class=ham_wasl>ٱ</tajweed>لَّذِينَ ءَامَنُو<tajweed class=slnt>اْ</tajweed> وَعَمِلُو<tajweed class=slnt>اْ</tajweed> <tajweed class=ham_wasl>ٱ</tajweed><tajweed class=laam_shamsiyah>ل</tajweed>صَّ<tajweed class=madda_normal>ـٰ</tajweed>لِحَ<tajweed class=madda_normal>ـٰ</tajweed>تِ وَءَامَنُو<tajweed class=slnt>اْ</tajweed> بِمَا نُزِّلَ عَلَىٰ مُحَ<tajweed class=ghunnah>مّ</tajweed>َ<tajweed class=idgham_ghunnah>دٍ و</tajweed>َهُوَ <tajweed class=ham_wasl>ٱ</tajweed>لْحَقُّ م<tajweed class=idgham_wo_ghunnah>ِن ر</tajweed>َّبِّهِمْ‌ۙ كَفَّرَ عَنْهُمْ سَيِّـَٔـاتِهِمْ وَأَصْلَحَ بَالَهُمْ <span class=end>٢</span>","End":"٢","PageNumber":507,"JuzNumber":26,"ManzilNumber":6,"RukuNumber":442,"MaqraNumber":202,"HizbNumber":51,"HizbDecimal":0.25,"HasSajda":false},{"SurahNumber":47,"SurahIndex":"047","VerseNumber":3,"ShowSurahName":false,"ShowBismillah":false,"Text":"ذَٰلِكَ بِأَنَّ ٱلَّذِينَ كَفَرُواْ ٱتَّبَعُواْ ٱلۡبَٰطِلَ وَأَنَّ ٱلَّذِينَ ءَامَنُواْ ٱتَّبَعُواْ ٱلۡحَقَّ مِن رَّبِّهِمۡۚ كَذَٰلِكَ يَضۡرِبُ ٱللَّهُ لِلنَّاسِ أَمۡثَٰلَهُمۡ","TajweedText":"ذ<tajweed class=madda_normal>َٲ</tajweed>لِكَ بِأَ<tajweed class=ghunnah>نّ</tajweed>َ <tajweed class=ham_wasl>ٱ</tajweed>لَّذِينَ كَفَرُو<tajweed class=slnt>اْ</tajweed> <tajweed class=ham_wasl>ٱ</tajweed>تَّبَعُو<tajweed class=slnt>اْ</tajweed> <tajweed class=ham_wasl>ٱ</tajweed>لْبَ<tajweed class=madda_normal>ـٰ</tajweed>طِلَ وَأَ<tajweed class=ghunnah>نّ</tajweed>َ <tajweed class=ham_wasl>ٱ</tajweed>لَّذِينَ ءَامَنُو<tajweed class=slnt>اْ</tajweed> <tajweed class=ham_wasl>ٱ</tajweed>تَّبَعُو<tajweed class=slnt>اْ</tajweed> <tajweed class=ham_wasl>ٱ</tajweed>لْحَقَّ م<tajweed class=idgham_wo_ghunnah>ِن ر</tajweed>َّبِّهِمْ‌ۚ كَذ<tajweed class=madda_normal>َٲ</tajweed>لِكَ يَضْرِبُ <tajweed class=ham_wasl>ٱ</tajweed>للَّهُ لِل<tajweed class=ghunnah>نّ</tajweed>َاسِ أَمْثَ<tajweed class=madda_normal>ـٰ</tajweed>لَهُمْ <span class=end>٣</span>","End":"٣","PageNumber":507,"JuzNumber":26,"ManzilNumber":6,"RukuNumber":442,"MaqraNumber":202,"HizbNumber":51,"HizbDecimal":0.25,"HasSajda":false},{"SurahNumber":47,"SurahIndex":"047","VerseNumber":4,"ShowSurahName":false,"ShowBismillah":false,"Text":"فَإِذَا لَقِيتُمُ ٱلَّذِينَ كَفَرُواْ فَضَرۡبَ ٱلرِّقَابِ حَتَّىٰٓ إِذَآ أَثۡخَنتُمُوهُمۡ فَشُدُّواْ ٱلۡوَثَاقَ فَإِمَّا مَنَّۢا بَعۡدُ وَإِمَّا فِدَآءً حَتَّىٰ تَضَعَ ٱلۡحَرۡبُ أَوۡزَارَهَاۚ ذَٰلِكَۖ وَلَوۡ يَشَآءُ ٱللَّهُ لَٱنتَصَرَ مِنۡهُمۡ وَلَٰكِن لِّيَبۡلُوَاْ بَعۡضَكُم بِبَعۡضٖۗ وَٱلَّذِينَ قُتِلُواْ فِي سَبِيلِ ٱللَّهِ فَلَن يُضِلَّ أَعۡمَٰلَهُمۡ","TajweedText":"فَإِذَا لَقِيتُمُ <tajweed class=ham_wasl>ٱ</tajweed>لَّذِينَ كَفَرُو<tajweed class=slnt>اْ</tajweed> فَضَرْبَ <tajweed class=ham_wasl>ٱ</tajweed><tajweed class=laam_shamsiyah>ل</tajweed>رِّقَابِ حَتَّ<tajweed class=madda_obligatory>ىٰٓ</tajweed> إِذ<tajweed class=madda_obligatory>َآ</tajweed> أَثْخَ<tajweed class=ikhafa>نت</tajweed>ُمُوهُمْ فَشُدُّو<tajweed class=slnt>اْ</tajweed> <tajweed class=ham_wasl>ٱ</tajweed>لْوَثَاقَ فَإِ<tajweed class=ghunnah>مّ</tajweed>َا مَ<tajweed class=ghunnah>نّ</tajweed><tajweed class=iqlab>َۢا ب</tajweed>َعْدُ وَإِ<tajweed class=ghunnah>مّ</tajweed>َا فِد<tajweed class=madda_obligatory>َا</tajweed>ٓءً حَتَّىٰ تَضَعَ <tajweed class=ham_wasl>ٱ</tajweed>لْحَرْبُ أَوْزَارَهَا‌ۚ ذ<tajweed class=madda_normal>َٲ</tajweed>لِكَ وَلَوْ يَش<tajweed class=madda_obligatory>َا</tajweed>ٓءُ <tajweed class=ham_wasl>ٱ</tajweed>للَّهُ لَ<tajweed class=ham_wasl>ٱ</tajweed><tajweed class=ikhafa>نت</tajweed>َصَرَ مِنْهُمْ وَلَ<tajweed class=madda_normal>ـٰ</tajweed>ك<tajweed class=idgham_wo_ghunnah>ِن ل</tajweed>ِّيَ<tajweed class=qalaqah>بْ</tajweed>لُوَ<tajweed class=slnt>اْ</tajweed> بَعْضَك<tajweed class=ikhafa_shafawi>ُم ب</tajweed>ِبَعْ<tajweed class=idgham_ghunnah>ضٍ‌ۗ و</tajweed>َ<tajweed class=ham_wasl>ٱ</tajweed>لَّذِينَ قُتِلُو<tajweed class=slnt>اْ</tajweed> فِى سَبِيلِ <tajweed class=ham_wasl>ٱ</tajweed>للَّهِ فَل<tajweed class=idgham_ghunnah>َن ي</tajweed>ُضِلَّ أَعْمَ<tajweed class=madda_normal>ـٰ</tajweed>لَهُمْ <span class=end>٤</span>","End":"٤","PageNumber":507,"JuzNumber":26,"ManzilNumber":6,"RukuNumber":442,"MaqraNumber":202,"HizbNumber":51,"HizbDecimal":0.25,"HasSajda":false},{"SurahNumber":47,"SurahIndex":"047","VerseNumber":5,"ShowSurahName":false,"ShowBismillah":false,"Text":"سَيَهۡدِيهِمۡ وَيُصۡلِحُ بَالَهُمۡ","TajweedText":"سَيَهْدِيهِمْ وَيُصْلِحُ بَالَهُمْ <span class=end>٥</span>","End":"٥","PageNumber":507,"JuzNumber":26,"ManzilNumber":6,"RukuNumber":442,"MaqraNumber":202,"HizbNumber":51,"HizbDecimal":0.25,"HasSajda":false},{"SurahNumber":47,"SurahIndex":"047","VerseNumber":6,"ShowSurahName":false,"ShowBismillah":false,"Text":"وَيُدۡخِلُهُمُ ٱلۡجَنَّةَ عَرَّفَهَا لَهُمۡ","TajweedText":"وَيُ<tajweed class=qalaqah>دْ</tajweed>خِلُهُمُ <tajweed class=ham_wasl>ٱ</tajweed>لْجَ<tajweed class=ghunnah>نّ</tajweed>َةَ عَرَّفَهَا لَهُمْ <span class=end>٦</span>","End":"٦","PageNumber":507,"JuzNumber":26,"ManzilNumber":6,"RukuNumber":442,"MaqraNumber":202,"HizbNumber":51,"HizbDecimal":0.25,"HasSajda":false},{"SurahNumber":47,"SurahIndex":"047","VerseNumber":7,"ShowSurahName":false,"ShowBismillah":false,"Text":"يَـٰٓأَيُّهَا ٱلَّذِينَ ءَامَنُوٓاْ إِن تَنصُرُواْ ٱللَّهَ يَنصُرۡكُمۡ وَيُثَبِّتۡ أَقۡدَامَكُمۡ","TajweedText":"يَ<tajweed class=madda_obligatory>ـٰٓ</tajweed>أَيُّهَا <tajweed class=ham_wasl>ٱ</tajweed>لَّذِينَ ءَامَن<tajweed class=madda_obligatory>ُوٓ</tajweed><tajweed class=slnt>اْ</tajweed> إِ<tajweed class=ikhafa>ن ت</tajweed>َ<tajweed class=ikhafa>نص</tajweed>ُرُو<tajweed class=slnt>اْ</tajweed> <tajweed class=ham_wasl>ٱ</tajweed>للَّهَ يَ<tajweed class=ikhafa>نص</tajweed>ُرْكُمْ وَيُثَبِّتْ أَ<tajweed class=qalaqah>قْ</tajweed>دَامَكُمْ <span class=end>٧</span>","End":"٧","PageNumber":507,"JuzNumber":26,"ManzilNumber":6,"RukuNumber":442,"MaqraNumber":202,"HizbNumber":51,"HizbDecimal":0.25,"HasSajda":false},{"SurahNumber":47,"SurahIndex":"047","VerseNumber":8,"ShowSurahName":false,"ShowBismillah":false,"Text":"وَٱلَّذِينَ كَفَرُواْ فَتَعۡسٗا لَّهُمۡ وَأَضَلَّ أَعۡمَٰلَهُمۡ","TajweedText":"وَ<tajweed class=ham_wasl>ٱ</tajweed>لَّذِينَ كَفَرُو<tajweed class=slnt>اْ</tajweed> فَتَعْ<tajweed class=idgham_wo_ghunnah>سًا ل</tajweed>َّهُمْ وَأَضَلَّ أَعْمَ<tajweed class=madda_normal>ـٰ</tajweed>لَهُمْ <span class=end>٨</span>","End":"٨","PageNumber":507,"JuzNumber":26,"ManzilNumber":6,"RukuNumber":442,"MaqraNumber":202,"HizbNumber":51,"HizbDecimal":0.25,"HasSajda":false},{"SurahNumber":47,"SurahIndex":"047","VerseNumber":9,"ShowSurahName":false,"ShowBismillah":false,"Text":"ذَٰلِكَ بِأَنَّهُمۡ كَرِهُواْ مَآ أَنزَلَ ٱللَّهُ فَأَحۡبَطَ أَعۡمَٰلَهُمۡ","TajweedText":"ذ<tajweed class=madda_normal>َٲ</tajweed>لِكَ بِأَ<tajweed class=ghunnah>نّ</tajweed>َهُمْ كَرِهُو<tajweed class=slnt>اْ</tajweed> م<tajweed class=madda_obligatory>َآ</tajweed> أَ<tajweed class=ikhafa>نز</tajweed>َلَ <tajweed class=ham_wasl>ٱ</tajweed>للَّهُ فَأَحْبَطَ أَعْمَ<tajweed class=madda_normal>ـٰ</tajweed>لَهُمْ <span class=end>٩</span>","End":"٩","PageNumber":507,"JuzNumber":26,"ManzilNumber":6,"RukuNumber":442,"MaqraNumber":202,"HizbNumber":51,"HizbDecimal":0.25,"HasSajda":false}]}