{"MaqraNumber":126,"Verses":[{"SurahNumber":20,"SurahIndex":"020","VerseNumber":55,"ShowSurahName":false,"ShowBismillah":false,"Words":[{"Position":1,"AudioFileName":"020_055_001.mp3","TajweedImageFilePath":"20/55/1.png","Text":"۞ مِنْهَا","Translation":"From it","Transliteration":"min'hā"},{"Position":2,"AudioFileName":"020_055_002.mp3","TajweedImageFilePath":"20/55/2.png","Text":"خَلَقْنَـٰكُمْ","Translation":"We created you","Transliteration":"khalaqnākum"},{"Position":3,"AudioFileName":"020_055_003.mp3","TajweedImageFilePath":"20/55/3.png","Text":"وَفِيهَا","Translation":"and in it","Transliteration":"wafīhā"},{"Position":4,"AudioFileName":"020_055_004.mp3","TajweedImageFilePath":"20/55/4.png","Text":"نُعِيدُكُمْ","Translation":"We will return you","Transliteration":"nuʿīdukum"},{"Position":5,"AudioFileName":"020_055_005.mp3","TajweedImageFilePath":"20/55/5.png","Text":"وَمِنْهَا","Translation":"and from it","Transliteration":"wamin'hā"},{"Position":6,"AudioFileName":"020_055_006.mp3","TajweedImageFilePath":"20/55/6.png","Text":"نُخْرِجُكُمْ","Translation":"We will bring you out","Transliteration":"nukh'rijukum"},{"Position":7,"AudioFileName":"020_055_007.mp3","TajweedImageFilePath":"20/55/7.png","Text":"تَارَةً","Translation":"time","Transliteration":"tāratan"},{"Position":8,"AudioFileName":"020_055_008.mp3","TajweedImageFilePath":"20/55/8.png","Text":"أُخْرَىٰ","Translation":"another","Transliteration":"ukh'rā"},{"Position":9,"AudioFileName":null,"TajweedImageFilePath":"55.png","Text":"٥٥","Translation":"(55)","Transliteration":null}],"PageNumber":315,"JuzNumber":16,"ManzilNumber":4,"RukuNumber":272,"MaqraNumber":126,"HizbNumber":32,"HizbDecimal":0.25,"HasSajda":false},{"SurahNumber":20,"SurahIndex":"020","VerseNumber":56,"ShowSurahName":false,"ShowBismillah":false,"Words":[{"Position":1,"AudioFileName":"020_056_001.mp3","TajweedImageFilePath":"20/56/1.png","Text":"وَلَقَدْ","Translation":"And verily","Transliteration":"walaqad"},{"Position":2,"AudioFileName":"020_056_002.mp3","TajweedImageFilePath":"20/56/2.png","Text":"أَرَيْنَـٰهُ","Translation":"We showed him","Transliteration":"araynāhu"},{"Position":3,"AudioFileName":"020_056_003.mp3","TajweedImageFilePath":"20/56/3.png","Text":"ءَايَـٰتِنَا","Translation":"Our Signs","Transliteration":"āyātinā"},{"Position":4,"AudioFileName":"020_056_004.mp3","TajweedImageFilePath":"20/56/4.png","Text":"كُلَّهَا","Translation":"all of them","Transliteration":"kullahā"},{"Position":5,"AudioFileName":"020_056_005.mp3","TajweedImageFilePath":"20/56/5.png","Text":"فَكَذَّبَ","Translation":"but he denied","Transliteration":"fakadhaba"},{"Position":6,"AudioFileName":"020_056_006.mp3","TajweedImageFilePath":"20/56/6.png","Text":"وَأَبَىٰ","Translation":"and refused","Transliteration":"wa-abā"},{"Position":7,"AudioFileName":null,"TajweedImageFilePath":"56.png","Text":"٥٦","Translation":"(56)","Transliteration":null}],"PageNumber":315,"JuzNumber":16,"ManzilNumber":4,"RukuNumber":272,"MaqraNumber":126,"HizbNumber":32,"HizbDecimal":0.25,"HasSajda":false},{"SurahNumber":20,"SurahIndex":"020","VerseNumber":57,"ShowSurahName":false,"ShowBismillah":false,"Words":[{"Position":1,"AudioFileName":"020_057_001.mp3","TajweedImageFilePath":"20/57/1.png","Text":"قَالَ","Translation":"He said","Transliteration":"qāla"},{"Position":2,"AudioFileName":"020_057_002.mp3","TajweedImageFilePath":"20/57/2.png","Text":"أَجِئْتَنَا","Translation":"Have you come to us","Transliteration":"aji'tanā"},{"Position":3,"AudioFileName":"020_057_003.mp3","TajweedImageFilePath":"20/57/3.png","Text":"لِتُخْرِجَنَا","Translation":"to drive us out","Transliteration":"litukh'rijanā"},{"Position":4,"AudioFileName":"020_057_004.mp3","TajweedImageFilePath":"20/57/4.png","Text":"مِنْ","Translation":"of","Transliteration":"min"},{"Position":5,"AudioFileName":"020_057_005.mp3","TajweedImageFilePath":"20/57/5.png","Text":"أَرْضِنَا","Translation":"our land","Transliteration":"arḍinā"},{"Position":6,"AudioFileName":"020_057_006.mp3","TajweedImageFilePath":"20/57/6.png","Text":"بِسِحْرِكَ","Translation":"with your magic","Transliteration":"bisiḥ'rika"},{"Position":7,"AudioFileName":"020_057_007.mp3","TajweedImageFilePath":"20/57/7.png","Text":"يَـٰمُوسَىٰ","Translation":"O Musa","Transliteration":"yāmūsā"},{"Position":8,"AudioFileName":null,"TajweedImageFilePath":"57.png","Text":"٥٧","Translation":"(57)","Transliteration":null}],"PageNumber":315,"JuzNumber":16,"ManzilNumber":4,"RukuNumber":272,"MaqraNumber":126,"HizbNumber":32,"HizbDecimal":0.25,"HasSajda":false},{"SurahNumber":20,"SurahIndex":"020","VerseNumber":58,"ShowSurahName":false,"ShowBismillah":false,"Words":[{"Position":1,"AudioFileName":"020_058_001.mp3","TajweedImageFilePath":"20/58/1.png","Text":"فَلَنَأْتِيَنَّكَ","Translation":"Then we will surely produce for you","Transliteration":"falanatiyannaka"},{"Position":2,"AudioFileName":"020_058_002.mp3","TajweedImageFilePath":"20/58/2.png","Text":"بِسِحْرٍۢ","Translation":"magic","Transliteration":"bisiḥ'rin"},{"Position":3,"AudioFileName":"020_058_003.mp3","TajweedImageFilePath":"20/58/3.png","Text":"مِّثْلِهِۦ","Translation":"like it","Transliteration":"mith'lihi"},{"Position":4,"AudioFileName":"020_058_004.mp3","TajweedImageFilePath":"20/58/4.png","Text":"فَٱجْعَلْ","Translation":"So make","Transliteration":"fa-ij'ʿal"},{"Position":5,"AudioFileName":"020_058_005.mp3","TajweedImageFilePath":"20/58/5.png","Text":"بَيْنَنَا","Translation":"between us","Transliteration":"baynanā"},{"Position":6,"AudioFileName":"020_058_006.mp3","TajweedImageFilePath":"20/58/6.png","Text":"وَبَيْنَكَ","Translation":"and between you","Transliteration":"wabaynaka"},{"Position":7,"AudioFileName":"020_058_007.mp3","TajweedImageFilePath":"20/58/7.png","Text":"مَوْعِدًۭا","Translation":"an appointment","Transliteration":"mawʿidan"},{"Position":8,"AudioFileName":"020_058_008.mp3","TajweedImageFilePath":"20/58/8.png","Text":"لَّا","Translation":"not","Transliteration":"lā"},{"Position":9,"AudioFileName":"020_058_009.mp3","TajweedImageFilePath":"20/58/9.png","Text":"نُخْلِفُهُۥ","Translation":"we will fail it","Transliteration":"nukh'lifuhu"},{"Position":10,"AudioFileName":"020_058_010.mp3","TajweedImageFilePath":"20/58/10.png","Text":"نَحْنُ","Translation":"[we]","Transliteration":"naḥnu"},{"Position":11,"AudioFileName":"020_058_011.mp3","TajweedImageFilePath":"20/58/11.png","Text":"وَلَآ","Translation":"and not","Transliteration":"walā"},{"Position":12,"AudioFileName":"020_058_012.mp3","TajweedImageFilePath":"20/58/12.png","Text":"أَنتَ","Translation":"you","Transliteration":"anta"},{"Position":13,"AudioFileName":"020_058_013.mp3","TajweedImageFilePath":"20/58/13.png","Text":"مَكَانًۭا","Translation":"(in) a place","Transliteration":"makānan"},{"Position":14,"AudioFileName":"020_058_014.mp3","TajweedImageFilePath":"20/58/14.png","Text":"سُوًۭى","Translation":"even","Transliteration":"suwan"},{"Position":15,"AudioFileName":null,"TajweedImageFilePath":"58.png","Text":"٥٨","Translation":"(58)","Transliteration":null}],"PageNumber":315,"JuzNumber":16,"ManzilNumber":4,"RukuNumber":272,"MaqraNumber":126,"HizbNumber":32,"HizbDecimal":0.25,"HasSajda":false},{"SurahNumber":20,"SurahIndex":"020","VerseNumber":59,"ShowSurahName":false,"ShowBismillah":false,"Words":[{"Position":1,"AudioFileName":"020_059_001.mp3","TajweedImageFilePath":"20/59/1.png","Text":"قَالَ","Translation":"He said","Transliteration":"qāla"},{"Position":2,"AudioFileName":"020_059_002.mp3","TajweedImageFilePath":"20/59/2.png","Text":"مَوْعِدُكُمْ","Translation":"Your appointment","Transliteration":"mawʿidukum"},{"Position":3,"AudioFileName":"020_059_003.mp3","TajweedImageFilePath":"20/59/3.png","Text":"يَوْمُ","Translation":"(is on the) day","Transliteration":"yawmu"},{"Position":4,"AudioFileName":"020_059_004.mp3","TajweedImageFilePath":"20/59/4.png","Text":"ٱلزِّينَةِ","Translation":"(of) the festival","Transliteration":"l-zīnati"},{"Position":5,"AudioFileName":"020_059_005.mp3","TajweedImageFilePath":"20/59/5.png","Text":"وَأَن","Translation":"and that","Transliteration":"wa-an"},{"Position":6,"AudioFileName":"020_059_006.mp3","TajweedImageFilePath":"20/59/6.png","Text":"يُحْشَرَ","Translation":"will be assembled","Transliteration":"yuḥ'shara"},{"Position":7,"AudioFileName":"020_059_007.mp3","TajweedImageFilePath":"20/59/7.png","Text":"ٱلنَّاسُ","Translation":"the people","Transliteration":"l-nāsu"},{"Position":8,"AudioFileName":"020_059_008.mp3","TajweedImageFilePath":"20/59/8.png","Text":"ضُحًۭى","Translation":"(at) forenoon","Transliteration":"ḍuḥan"},{"Position":9,"AudioFileName":null,"TajweedImageFilePath":"59.png","Text":"٥٩","Translation":"(59)","Transliteration":null}],"PageNumber":315,"JuzNumber":16,"ManzilNumber":4,"RukuNumber":272,"MaqraNumber":126,"HizbNumber":32,"HizbDecimal":0.25,"HasSajda":false},{"SurahNumber":20,"SurahIndex":"020","VerseNumber":60,"ShowSurahName":false,"ShowBismillah":false,"Words":[{"Position":1,"AudioFileName":"020_060_001.mp3","TajweedImageFilePath":"20/60/1.png","Text":"فَتَوَلَّىٰ","Translation":"Then went away","Transliteration":"fatawallā"},{"Position":2,"AudioFileName":"020_060_002.mp3","TajweedImageFilePath":"20/60/2.png","Text":"فِرْعَوْنُ","Translation":"Firaun","Transliteration":"fir'ʿawnu"},{"Position":3,"AudioFileName":"020_060_003.mp3","TajweedImageFilePath":"20/60/3.png","Text":"فَجَمَعَ","Translation":"and put together","Transliteration":"fajamaʿa"},{"Position":4,"AudioFileName":"020_060_004.mp3","TajweedImageFilePath":"20/60/4.png","Text":"كَيْدَهُۥ","Translation":"his plan","Transliteration":"kaydahu"},{"Position":5,"AudioFileName":"020_060_005.mp3","TajweedImageFilePath":"20/60/5.png","Text":"ثُمَّ","Translation":"then","Transliteration":"thumma"},{"Position":6,"AudioFileName":"020_060_006.mp3","TajweedImageFilePath":"20/60/6.png","Text":"أَتَىٰ","Translation":"came","Transliteration":"atā"},{"Position":7,"AudioFileName":null,"TajweedImageFilePath":"60.png","Text":"٦٠","Translation":"(60)","Transliteration":null}],"PageNumber":315,"JuzNumber":16,"ManzilNumber":4,"RukuNumber":272,"MaqraNumber":126,"HizbNumber":32,"HizbDecimal":0.25,"HasSajda":false},{"SurahNumber":20,"SurahIndex":"020","VerseNumber":61,"ShowSurahName":false,"ShowBismillah":false,"Words":[{"Position":1,"AudioFileName":"020_061_001.mp3","TajweedImageFilePath":"20/61/1.png","Text":"قَالَ","Translation":"Said","Transliteration":"qāla"},{"Position":2,"AudioFileName":"020_061_002.mp3","TajweedImageFilePath":"20/61/2.png","Text":"لَهُم","Translation":"to them","Transliteration":"lahum"},{"Position":3,"AudioFileName":"020_061_003.mp3","TajweedImageFilePath":"20/61/3.png","Text":"مُّوسَىٰ","Translation":"Musa","Transliteration":"mūsā"},{"Position":4,"AudioFileName":"020_061_004.mp3","TajweedImageFilePath":"20/61/4.png","Text":"وَيْلَكُمْ","Translation":"Woe to you","Transliteration":"waylakum"},{"Position":5,"AudioFileName":"020_061_005.mp3","TajweedImageFilePath":"20/61/5.png","Text":"لَا","Translation":"(Do) not","Transliteration":"lā"},{"Position":6,"AudioFileName":"020_061_006.mp3","TajweedImageFilePath":"20/61/6.png","Text":"تَفْتَرُوا۟","Translation":"invent","Transliteration":"taftarū"},{"Position":7,"AudioFileName":"020_061_007.mp3","TajweedImageFilePath":"20/61/7.png","Text":"عَلَى","Translation":"against","Transliteration":"ʿalā"},{"Position":8,"AudioFileName":"020_061_008.mp3","TajweedImageFilePath":"20/61/8.png","Text":"ٱللَّهِ","Translation":"Allah","Transliteration":"l-lahi"},{"Position":9,"AudioFileName":"020_061_009.mp3","TajweedImageFilePath":"20/61/9.png","Text":"كَذِبًۭا","Translation":"a lie","Transliteration":"kadhiban"},{"Position":10,"AudioFileName":"020_061_010.mp3","TajweedImageFilePath":"20/61/10.png","Text":"فَيُسْحِتَكُم","Translation":"lest He will destroy you","Transliteration":"fayus'ḥitakum"},{"Position":11,"AudioFileName":"020_061_011.mp3","TajweedImageFilePath":"20/61/11.png","Text":"بِعَذَابٍۢ ۖ","Translation":"with a punishment","Transliteration":"biʿadhābin"},{"Position":12,"AudioFileName":"020_061_012.mp3","TajweedImageFilePath":"20/61/12.png","Text":"وَقَدْ","Translation":"And verily","Transliteration":"waqad"},{"Position":13,"AudioFileName":"020_061_013.mp3","TajweedImageFilePath":"20/61/13.png","Text":"خَابَ","Translation":"he failed","Transliteration":"khāba"},{"Position":14,"AudioFileName":"020_061_014.mp3","TajweedImageFilePath":"20/61/14.png","Text":"مَنِ","Translation":"who","Transliteration":"mani"},{"Position":15,"AudioFileName":"020_061_015.mp3","TajweedImageFilePath":"20/61/15.png","Text":"ٱفْتَرَىٰ","Translation":"invented","Transliteration":"if'tarā"},{"Position":16,"AudioFileName":null,"TajweedImageFilePath":"61.png","Text":"٦١","Translation":"(61)","Transliteration":null}],"PageNumber":315,"JuzNumber":16,"ManzilNumber":4,"RukuNumber":272,"MaqraNumber":126,"HizbNumber":32,"HizbDecimal":0.25,"HasSajda":false},{"SurahNumber":20,"SurahIndex":"020","VerseNumber":62,"ShowSurahName":false,"ShowBismillah":false,"Words":[{"Position":1,"AudioFileName":"020_062_001.mp3","TajweedImageFilePath":"20/62/1.png","Text":"فَتَنَـٰزَعُوٓا۟","Translation":"Then they disputed","Transliteration":"fatanāzaʿū"},{"Position":2,"AudioFileName":"020_062_002.mp3","TajweedImageFilePath":"20/62/2.png","Text":"أَمْرَهُم","Translation":"(in) their affair","Transliteration":"amrahum"},{"Position":3,"AudioFileName":"020_062_003.mp3","TajweedImageFilePath":"20/62/3.png","Text":"بَيْنَهُمْ","Translation":"among them","Transliteration":"baynahum"},{"Position":4,"AudioFileName":"020_062_004.mp3","TajweedImageFilePath":"20/62/4.png","Text":"وَأَسَرُّوا۟","Translation":"and they kept secret","Transliteration":"wa-asarrū"},{"Position":5,"AudioFileName":"020_062_005.mp3","TajweedImageFilePath":"20/62/5.png","Text":"ٱلنَّجْوَىٰ","Translation":"the private conversation","Transliteration":"l-najwā"},{"Position":6,"AudioFileName":null,"TajweedImageFilePath":"62.png","Text":"٦٢","Translation":"(62)","Transliteration":null}],"PageNumber":315,"JuzNumber":16,"ManzilNumber":4,"RukuNumber":272,"MaqraNumber":126,"HizbNumber":32,"HizbDecimal":0.25,"HasSajda":false},{"SurahNumber":20,"SurahIndex":"020","VerseNumber":63,"ShowSurahName":false,"ShowBismillah":false,"Words":[{"Position":1,"AudioFileName":"020_063_001.mp3","TajweedImageFilePath":"20/63/1.png","Text":"قَالُوٓا۟","Translation":"They said","Transliteration":"qālū"},{"Position":2,"AudioFileName":"020_063_002.mp3","TajweedImageFilePath":"20/63/2.png","Text":"إِنْ","Translation":"Indeed","Transliteration":"in"},{"Position":3,"AudioFileName":"020_063_003.mp3","TajweedImageFilePath":"20/63/3.png","Text":"هَـٰذَٰنِ","Translation":"these two","Transliteration":"hādhāni"},{"Position":4,"AudioFileName":"020_063_004.mp3","TajweedImageFilePath":"20/63/4.png","Text":"لَسَـٰحِرَٰنِ","Translation":"[two] magicians","Transliteration":"lasāḥirāni"},{"Position":5,"AudioFileName":"020_063_005.mp3","TajweedImageFilePath":"20/63/5.png","Text":"يُرِيدَانِ","Translation":"they intend","Transliteration":"yurīdāni"},{"Position":6,"AudioFileName":"020_063_006.mp3","TajweedImageFilePath":"20/63/6.png","Text":"أَن","Translation":"that","Transliteration":"an"},{"Position":7,"AudioFileName":"020_063_007.mp3","TajweedImageFilePath":"20/63/7.png","Text":"يُخْرِجَاكُم","Translation":"they drive you out","Transliteration":"yukh'rijākum"},{"Position":8,"AudioFileName":"020_063_008.mp3","TajweedImageFilePath":"20/63/8.png","Text":"مِّنْ","Translation":"of","Transliteration":"min"},{"Position":9,"AudioFileName":"020_063_009.mp3","TajweedImageFilePath":"20/63/9.png","Text":"أَرْضِكُم","Translation":"your land","Transliteration":"arḍikum"},{"Position":10,"AudioFileName":"020_063_010.mp3","TajweedImageFilePath":"20/63/10.png","Text":"بِسِحْرِهِمَا","Translation":"with their magic","Transliteration":"bisiḥ'rihimā"},{"Position":11,"AudioFileName":"020_063_011.mp3","TajweedImageFilePath":"20/63/11.png","Text":"وَيَذْهَبَا","Translation":"and do away","Transliteration":"wayadhhabā"},{"Position":12,"AudioFileName":"020_063_012.mp3","TajweedImageFilePath":"20/63/12.png","Text":"بِطَرِيقَتِكُمُ","Translation":"with your way","Transliteration":"biṭarīqatikumu"},{"Position":13,"AudioFileName":"020_063_013.mp3","TajweedImageFilePath":"20/63/13.png","Text":"ٱلْمُثْلَىٰ","Translation":"the exemplary","Transliteration":"l-muth'lā"},{"Position":14,"AudioFileName":null,"TajweedImageFilePath":"63.png","Text":"٦٣","Translation":"(63)","Transliteration":null}],"PageNumber":315,"JuzNumber":16,"ManzilNumber":4,"RukuNumber":272,"MaqraNumber":126,"HizbNumber":32,"HizbDecimal":0.25,"HasSajda":false},{"SurahNumber":20,"SurahIndex":"020","VerseNumber":64,"ShowSurahName":false,"ShowBismillah":false,"Words":[{"Position":1,"AudioFileName":"020_064_001.mp3","TajweedImageFilePath":"20/64/1.png","Text":"فَأَجْمِعُوا۟","Translation":"So put together","Transliteration":"fa-ajmiʿū"},{"Position":2,"AudioFileName":"020_064_002.mp3","TajweedImageFilePath":"20/64/2.png","Text":"كَيْدَكُمْ","Translation":"your plan","Transliteration":"kaydakum"},{"Position":3,"AudioFileName":"020_064_003.mp3","TajweedImageFilePath":"20/64/3.png","Text":"ثُمَّ","Translation":"then","Transliteration":"thumma"},{"Position":4,"AudioFileName":"020_064_004.mp3","TajweedImageFilePath":"20/64/4.png","Text":"ٱئْتُوا۟","Translation":"come","Transliteration":"i'tū"},{"Position":5,"AudioFileName":"020_064_005.mp3","TajweedImageFilePath":"20/64/5.png","Text":"صَفًّۭا ۚ","Translation":"(in) a line","Transliteration":"ṣaffan"},{"Position":6,"AudioFileName":"020_064_006.mp3","TajweedImageFilePath":"20/64/6.png","Text":"وَقَدْ","Translation":"And verily","Transliteration":"waqad"},{"Position":7,"AudioFileName":"020_064_007.mp3","TajweedImageFilePath":"20/64/7.png","Text":"أَفْلَحَ","Translation":"(will be) successful","Transliteration":"aflaḥa"},{"Position":8,"AudioFileName":"020_064_008.mp3","TajweedImageFilePath":"20/64/8.png","Text":"ٱلْيَوْمَ","Translation":"today","Transliteration":"l-yawma"},{"Position":9,"AudioFileName":"020_064_009.mp3","TajweedImageFilePath":"20/64/9.png","Text":"مَنِ","Translation":"who","Transliteration":"mani"},{"Position":10,"AudioFileName":"020_064_010.mp3","TajweedImageFilePath":"20/64/10.png","Text":"ٱسْتَعْلَىٰ","Translation":"overcomes","Transliteration":"is'taʿlā"},{"Position":11,"AudioFileName":null,"TajweedImageFilePath":"64.png","Text":"٦٤","Translation":"(64)","Transliteration":null}],"PageNumber":315,"JuzNumber":16,"ManzilNumber":4,"RukuNumber":272,"MaqraNumber":126,"HizbNumber":32,"HizbDecimal":0.25,"HasSajda":false},{"SurahNumber":20,"SurahIndex":"020","VerseNumber":65,"ShowSurahName":false,"ShowBismillah":false,"Words":[{"Position":1,"AudioFileName":"020_065_001.mp3","TajweedImageFilePath":"20/65/1.png","Text":"قَالُوا۟","Translation":"They said","Transliteration":"qālū"},{"Position":2,"AudioFileName":"020_065_002.mp3","TajweedImageFilePath":"20/65/2.png","Text":"يَـٰمُوسَىٰٓ","Translation":"O Musa","Transliteration":"yāmūsā"},{"Position":3,"AudioFileName":"020_065_003.mp3","TajweedImageFilePath":"20/65/3.png","Text":"إِمَّآ","Translation":"Either","Transliteration":"immā"},{"Position":4,"AudioFileName":"020_065_004.mp3","TajweedImageFilePath":"20/65/4.png","Text":"أَن","Translation":"[that]","Transliteration":"an"},{"Position":5,"AudioFileName":"020_065_005.mp3","TajweedImageFilePath":"20/65/5.png","Text":"تُلْقِىَ","Translation":"you throw","Transliteration":"tul'qiya"},{"Position":6,"AudioFileName":"020_065_006.mp3","TajweedImageFilePath":"20/65/6.png","Text":"وَإِمَّآ","Translation":"or","Transliteration":"wa-immā"},{"Position":7,"AudioFileName":"020_065_007.mp3","TajweedImageFilePath":"20/65/7.png","Text":"أَن","Translation":"[that]","Transliteration":"an"},{"Position":8,"AudioFileName":"020_065_008.mp3","TajweedImageFilePath":"20/65/8.png","Text":"نَّكُونَ","Translation":"we will be","Transliteration":"nakūna"},{"Position":9,"AudioFileName":"020_065_009.mp3","TajweedImageFilePath":"20/65/9.png","Text":"أَوَّلَ","Translation":"the first","Transliteration":"awwala"},{"Position":10,"AudioFileName":"020_065_010.mp3","TajweedImageFilePath":"20/65/10.png","Text":"مَنْ","Translation":"who","Transliteration":"man"},{"Position":11,"AudioFileName":"020_065_011.mp3","TajweedImageFilePath":"20/65/11.png","Text":"أَلْقَىٰ","Translation":"throws","Transliteration":"alqā"},{"Position":12,"AudioFileName":null,"TajweedImageFilePath":"65.png","Text":"٦٥","Translation":"(65)","Transliteration":null}],"PageNumber":316,"JuzNumber":16,"ManzilNumber":4,"RukuNumber":272,"MaqraNumber":126,"HizbNumber":32,"HizbDecimal":0.25,"HasSajda":false},{"SurahNumber":20,"SurahIndex":"020","VerseNumber":66,"ShowSurahName":false,"ShowBismillah":false,"Words":[{"Position":1,"AudioFileName":"020_066_001.mp3","TajweedImageFilePath":"20/66/1.png","Text":"قَالَ","Translation":"He said","Transliteration":"qāla"},{"Position":2,"AudioFileName":"020_066_002.mp3","TajweedImageFilePath":"20/66/2.png","Text":"بَلْ","Translation":"Nay","Transliteration":"bal"},{"Position":3,"AudioFileName":"020_066_003.mp3","TajweedImageFilePath":"20/66/3.png","Text":"أَلْقُوا۟ ۖ","Translation":"you throw","Transliteration":"alqū"},{"Position":4,"AudioFileName":"020_066_004.mp3","TajweedImageFilePath":"20/66/4.png","Text":"فَإِذَا","Translation":"Then behold","Transliteration":"fa-idhā"},{"Position":5,"AudioFileName":"020_066_005.mp3","TajweedImageFilePath":"20/66/5.png","Text":"حِبَالُهُمْ","Translation":"Their ropes","Transliteration":"ḥibāluhum"},{"Position":6,"AudioFileName":"020_066_006.mp3","TajweedImageFilePath":"20/66/6.png","Text":"وَعِصِيُّهُمْ","Translation":"and their staffs","Transliteration":"waʿiṣiyyuhum"},{"Position":7,"AudioFileName":"020_066_007.mp3","TajweedImageFilePath":"20/66/7.png","Text":"يُخَيَّلُ","Translation":"seemed","Transliteration":"yukhayyalu"},{"Position":8,"AudioFileName":"020_066_008.mp3","TajweedImageFilePath":"20/66/8.png","Text":"إِلَيْهِ","Translation":"to him","Transliteration":"ilayhi"},{"Position":9,"AudioFileName":"020_066_009.mp3","TajweedImageFilePath":"20/66/9.png","Text":"مِن","Translation":"by","Transliteration":"min"},{"Position":10,"AudioFileName":"020_066_010.mp3","TajweedImageFilePath":"20/66/10.png","Text":"سِحْرِهِمْ","Translation":"their magic","Transliteration":"siḥ'rihim"},{"Position":11,"AudioFileName":"020_066_011.mp3","TajweedImageFilePath":"20/66/11.png","Text":"أَنَّهَا","Translation":"that they","Transliteration":"annahā"},{"Position":12,"AudioFileName":"020_066_012.mp3","TajweedImageFilePath":"20/66/12.png","Text":"تَسْعَىٰ","Translation":"(were) moving","Transliteration":"tasʿā"},{"Position":13,"AudioFileName":null,"TajweedImageFilePath":"66.png","Text":"٦٦","Translation":"(66)","Transliteration":null}],"PageNumber":316,"JuzNumber":16,"ManzilNumber":4,"RukuNumber":272,"MaqraNumber":126,"HizbNumber":32,"HizbDecimal":0.25,"HasSajda":false},{"SurahNumber":20,"SurahIndex":"020","VerseNumber":67,"ShowSurahName":false,"ShowBismillah":false,"Words":[{"Position":1,"AudioFileName":"020_067_001.mp3","TajweedImageFilePath":"20/67/1.png","Text":"فَأَوْجَسَ","Translation":"So sensed","Transliteration":"fa-awjasa"},{"Position":2,"AudioFileName":"020_067_002.mp3","TajweedImageFilePath":"20/67/2.png","Text":"فِى","Translation":"in","Transliteration":"fī"},{"Position":3,"AudioFileName":"020_067_003.mp3","TajweedImageFilePath":"20/67/3.png","Text":"نَفْسِهِۦ","Translation":"himself","Transliteration":"nafsihi"},{"Position":4,"AudioFileName":"020_067_004.mp3","TajweedImageFilePath":"20/67/4.png","Text":"خِيفَةًۭ","Translation":"a fear","Transliteration":"khīfatan"},{"Position":5,"AudioFileName":"020_067_005.mp3","TajweedImageFilePath":"20/67/5.png","Text":"مُّوسَىٰ","Translation":"Musa","Transliteration":"mūsā"},{"Position":6,"AudioFileName":null,"TajweedImageFilePath":"67.png","Text":"٦٧","Translation":"(67)","Transliteration":null}],"PageNumber":316,"JuzNumber":16,"ManzilNumber":4,"RukuNumber":272,"MaqraNumber":126,"HizbNumber":32,"HizbDecimal":0.25,"HasSajda":false},{"SurahNumber":20,"SurahIndex":"020","VerseNumber":68,"ShowSurahName":false,"ShowBismillah":false,"Words":[{"Position":1,"AudioFileName":"020_068_001.mp3","TajweedImageFilePath":"20/68/1.png","Text":"قُلْنَا","Translation":"We said","Transliteration":"qul'nā"},{"Position":2,"AudioFileName":"020_068_002.mp3","TajweedImageFilePath":"20/68/2.png","Text":"لَا","Translation":"(Do) not","Transliteration":"lā"},{"Position":3,"AudioFileName":"020_068_003.mp3","TajweedImageFilePath":"20/68/3.png","Text":"تَخَفْ","Translation":"fear","Transliteration":"takhaf"},{"Position":4,"AudioFileName":"020_068_004.mp3","TajweedImageFilePath":"20/68/4.png","Text":"إِنَّكَ","Translation":"Indeed, you","Transliteration":"innaka"},{"Position":5,"AudioFileName":"020_068_005.mp3","TajweedImageFilePath":"20/68/5.png","Text":"أَنتَ","Translation":"you","Transliteration":"anta"},{"Position":6,"AudioFileName":"020_068_006.mp3","TajweedImageFilePath":"20/68/6.png","Text":"ٱلْأَعْلَىٰ","Translation":"(will be) superior","Transliteration":"l-aʿlā"},{"Position":7,"AudioFileName":null,"TajweedImageFilePath":"68.png","Text":"٦٨","Translation":"(68)","Transliteration":null}],"PageNumber":316,"JuzNumber":16,"ManzilNumber":4,"RukuNumber":272,"MaqraNumber":126,"HizbNumber":32,"HizbDecimal":0.25,"HasSajda":false},{"SurahNumber":20,"SurahIndex":"020","VerseNumber":69,"ShowSurahName":false,"ShowBismillah":false,"Words":[{"Position":1,"AudioFileName":"020_069_001.mp3","TajweedImageFilePath":"20/69/1.png","Text":"وَأَلْقِ","Translation":"And throw","Transliteration":"wa-alqi"},{"Position":2,"AudioFileName":"020_069_002.mp3","TajweedImageFilePath":"20/69/2.png","Text":"مَا","Translation":"what","Transliteration":"mā"},{"Position":3,"AudioFileName":"020_069_003.mp3","TajweedImageFilePath":"20/69/3.png","Text":"فِى","Translation":"(is) in","Transliteration":"fī"},{"Position":4,"AudioFileName":"020_069_004.mp3","TajweedImageFilePath":"20/69/4.png","Text":"يَمِينِكَ","Translation":"your right hand","Transliteration":"yamīnika"},{"Position":5,"AudioFileName":"020_069_005.mp3","TajweedImageFilePath":"20/69/5.png","Text":"تَلْقَفْ","Translation":"it will swallow up","Transliteration":"talqaf"},{"Position":6,"AudioFileName":"020_069_006.mp3","TajweedImageFilePath":"20/69/6.png","Text":"مَا","Translation":"what","Transliteration":"mā"},{"Position":7,"AudioFileName":"020_069_007.mp3","TajweedImageFilePath":"20/69/7.png","Text":"صَنَعُوٓا۟ ۖ","Translation":"they have made","Transliteration":"ṣanaʿū"},{"Position":8,"AudioFileName":"020_069_008.mp3","TajweedImageFilePath":"20/69/8.png","Text":"إِنَّمَا","Translation":"Only","Transliteration":"innamā"},{"Position":9,"AudioFileName":"020_069_009.mp3","TajweedImageFilePath":"20/69/9.png","Text":"صَنَعُوا۟","Translation":"they (have) made","Transliteration":"ṣanaʿū"},{"Position":10,"AudioFileName":"020_069_010.mp3","TajweedImageFilePath":"20/69/10.png","Text":"كَيْدُ","Translation":"a trick","Transliteration":"kaydu"},{"Position":11,"AudioFileName":"020_069_011.mp3","TajweedImageFilePath":"20/69/11.png","Text":"سَـٰحِرٍۢ ۖ","Translation":"(of) a magician","Transliteration":"sāḥirin"},{"Position":12,"AudioFileName":"020_069_012.mp3","TajweedImageFilePath":"20/69/12.png","Text":"وَلَا","Translation":"and not","Transliteration":"walā"},{"Position":13,"AudioFileName":"020_069_013.mp3","TajweedImageFilePath":"20/69/13.png","Text":"يُفْلِحُ","Translation":"will be successful","Transliteration":"yuf'liḥu"},{"Position":14,"AudioFileName":"020_069_014.mp3","TajweedImageFilePath":"20/69/14.png","Text":"ٱلسَّاحِرُ","Translation":"the magician","Transliteration":"l-sāḥiru"},{"Position":15,"AudioFileName":"020_069_015.mp3","TajweedImageFilePath":"20/69/15.png","Text":"حَيْثُ","Translation":"wherever","Transliteration":"ḥaythu"},{"Position":16,"AudioFileName":"020_069_016.mp3","TajweedImageFilePath":"20/69/16.png","Text":"أَتَىٰ","Translation":"he comes","Transliteration":"atā"},{"Position":17,"AudioFileName":null,"TajweedImageFilePath":"69.png","Text":"٦٩","Translation":"(69)","Transliteration":null}],"PageNumber":316,"JuzNumber":16,"ManzilNumber":4,"RukuNumber":272,"MaqraNumber":126,"HizbNumber":32,"HizbDecimal":0.25,"HasSajda":false},{"SurahNumber":20,"SurahIndex":"020","VerseNumber":70,"ShowSurahName":false,"ShowBismillah":false,"Words":[{"Position":1,"AudioFileName":"020_070_001.mp3","TajweedImageFilePath":"20/70/1.png","Text":"فَأُلْقِىَ","Translation":"So were thrown down","Transliteration":"fa-ul'qiya"},{"Position":2,"AudioFileName":"020_070_002.mp3","TajweedImageFilePath":"20/70/2.png","Text":"ٱلسَّحَرَةُ","Translation":"the magicians","Transliteration":"l-saḥaratu"},{"Position":3,"AudioFileName":"020_070_003.mp3","TajweedImageFilePath":"20/70/3.png","Text":"سُجَّدًۭا","Translation":"prostrating","Transliteration":"sujjadan"},{"Position":4,"AudioFileName":"020_070_004.mp3","TajweedImageFilePath":"20/70/4.png","Text":"قَالُوٓا۟","Translation":"They said","Transliteration":"qālū"},{"Position":5,"AudioFileName":"020_070_005.mp3","TajweedImageFilePath":"20/70/5.png","Text":"ءَامَنَّا","Translation":"We believe","Transliteration":"āmannā"},{"Position":6,"AudioFileName":"020_070_006.mp3","TajweedImageFilePath":"20/70/6.png","Text":"بِرَبِّ","Translation":"in (the) Lord","Transliteration":"birabbi"},{"Position":7,"AudioFileName":"020_070_007.mp3","TajweedImageFilePath":"20/70/7.png","Text":"هَـٰرُونَ","Translation":"(of) Harun","Transliteration":"hārūna"},{"Position":8,"AudioFileName":"020_070_008.mp3","TajweedImageFilePath":"20/70/8.png","Text":"وَمُوسَىٰ","Translation":"and Musa","Transliteration":"wamūsā"},{"Position":9,"AudioFileName":null,"TajweedImageFilePath":"70.png","Text":"٧٠","Translation":"(70)","Transliteration":null}],"PageNumber":316,"JuzNumber":16,"ManzilNumber":4,"RukuNumber":272,"MaqraNumber":126,"HizbNumber":32,"HizbDecimal":0.25,"HasSajda":false},{"SurahNumber":20,"SurahIndex":"020","VerseNumber":71,"ShowSurahName":false,"ShowBismillah":false,"Words":[{"Position":1,"AudioFileName":"020_071_001.mp3","TajweedImageFilePath":"20/71/1.png","Text":"قَالَ","Translation":"He said","Transliteration":"qāla"},{"Position":2,"AudioFileName":"020_071_002.mp3","TajweedImageFilePath":"20/71/2.png","Text":"ءَامَنتُمْ","Translation":"You believe","Transliteration":"āmantum"},{"Position":3,"AudioFileName":"020_071_003.mp3","TajweedImageFilePath":"20/71/3.png","Text":"لَهُۥ","Translation":"[to] him","Transliteration":"lahu"},{"Position":4,"AudioFileName":"020_071_004.mp3","TajweedImageFilePath":"20/71/4.png","Text":"قَبْلَ","Translation":"before","Transliteration":"qabla"},{"Position":5,"AudioFileName":"020_071_005.mp3","TajweedImageFilePath":"20/71/5.png","Text":"أَنْ","Translation":"[that]","Transliteration":"an"},{"Position":6,"AudioFileName":"020_071_006.mp3","TajweedImageFilePath":"20/71/6.png","Text":"ءَاذَنَ","Translation":"I gave permission","Transliteration":"ādhana"},{"Position":7,"AudioFileName":"020_071_007.mp3","TajweedImageFilePath":"20/71/7.png","Text":"لَكُمْ ۖ","Translation":"to you","Transliteration":"lakum"},{"Position":8,"AudioFileName":"020_071_008.mp3","TajweedImageFilePath":"20/71/8.png","Text":"إِنَّهُۥ","Translation":"Indeed, he","Transliteration":"innahu"},{"Position":9,"AudioFileName":"020_071_009.mp3","TajweedImageFilePath":"20/71/9.png","Text":"لَكَبِيرُكُمُ","Translation":"(is) your chief","Transliteration":"lakabīrukumu"},{"Position":10,"AudioFileName":"020_071_010.mp3","TajweedImageFilePath":"20/71/10.png","Text":"ٱلَّذِى","Translation":"the one who","Transliteration":"alladhī"},{"Position":11,"AudioFileName":"020_071_011.mp3","TajweedImageFilePath":"20/71/11.png","Text":"عَلَّمَكُمُ","Translation":"taught you","Transliteration":"ʿallamakumu"},{"Position":12,"AudioFileName":"020_071_012.mp3","TajweedImageFilePath":"20/71/12.png","Text":"ٱلسِّحْرَ ۖ","Translation":"the magic","Transliteration":"l-siḥ'ra"},{"Position":13,"AudioFileName":"020_071_013.mp3","TajweedImageFilePath":"20/71/13.png","Text":"فَلَأُقَطِّعَنَّ","Translation":"So surely I will cut off","Transliteration":"fala-uqaṭṭiʿanna"},{"Position":14,"AudioFileName":"020_071_014.mp3","TajweedImageFilePath":"20/71/14.png","Text":"أَيْدِيَكُمْ","Translation":"your hands","Transliteration":"aydiyakum"},{"Position":15,"AudioFileName":"020_071_015.mp3","TajweedImageFilePath":"20/71/15.png","Text":"وَأَرْجُلَكُم","Translation":"and your feet","Transliteration":"wa-arjulakum"},{"Position":16,"AudioFileName":"020_071_016.mp3","TajweedImageFilePath":"20/71/16.png","Text":"مِّنْ","Translation":"of","Transliteration":"min"},{"Position":17,"AudioFileName":"020_071_017.mp3","TajweedImageFilePath":"20/71/17.png","Text":"خِلَـٰفٍۢ","Translation":"opposite sides","Transliteration":"khilāfin"},{"Position":18,"AudioFileName":"020_071_018.mp3","TajweedImageFilePath":"20/71/18.png","Text":"وَلَأُصَلِّبَنَّكُمْ","Translation":"and surely I will crucify you","Transliteration":"wala-uṣallibannakum"},{"Position":19,"AudioFileName":"020_071_019.mp3","TajweedImageFilePath":"20/71/19.png","Text":"فِى","Translation":"on","Transliteration":"fī"},{"Position":20,"AudioFileName":"020_071_020.mp3","TajweedImageFilePath":"20/71/20.png","Text":"جُذُوعِ","Translation":"(the) trunks","Transliteration":"judhūʿi"},{"Position":21,"AudioFileName":"020_071_021.mp3","TajweedImageFilePath":"20/71/21.png","Text":"ٱلنَّخْلِ","Translation":"(of) date-palms","Transliteration":"l-nakhli"},{"Position":22,"AudioFileName":"020_071_022.mp3","TajweedImageFilePath":"20/71/22.png","Text":"وَلَتَعْلَمُنَّ","Translation":"and surely you will know","Transliteration":"walataʿlamunna"},{"Position":23,"AudioFileName":"020_071_023.mp3","TajweedImageFilePath":"20/71/23.png","Text":"أَيُّنَآ","Translation":"which of us","Transliteration":"ayyunā"},{"Position":24,"AudioFileName":"020_071_024.mp3","TajweedImageFilePath":"20/71/24.png","Text":"أَشَدُّ","Translation":"(is) more severe","Transliteration":"ashaddu"},{"Position":25,"AudioFileName":"020_071_025.mp3","TajweedImageFilePath":"20/71/25.png","Text":"عَذَابًۭا","Translation":"(in) punishment","Transliteration":"ʿadhāban"},{"Position":26,"AudioFileName":"020_071_026.mp3","TajweedImageFilePath":"20/71/26.png","Text":"وَأَبْقَىٰ","Translation":"and more lasting","Transliteration":"wa-abqā"},{"Position":27,"AudioFileName":null,"TajweedImageFilePath":"71.png","Text":"٧١","Translation":"(71)","Transliteration":null}],"PageNumber":316,"JuzNumber":16,"ManzilNumber":4,"RukuNumber":272,"MaqraNumber":126,"HizbNumber":32,"HizbDecimal":0.25,"HasSajda":false},{"SurahNumber":20,"SurahIndex":"020","VerseNumber":72,"ShowSurahName":false,"ShowBismillah":false,"Words":[{"Position":1,"AudioFileName":"020_072_001.mp3","TajweedImageFilePath":"20/72/1.png","Text":"قَالُوا۟","Translation":"They said","Transliteration":"qālū"},{"Position":2,"AudioFileName":"020_072_002.mp3","TajweedImageFilePath":"20/72/2.png","Text":"لَن","Translation":"Never","Transliteration":"lan"},{"Position":3,"AudioFileName":"020_072_003.mp3","TajweedImageFilePath":"20/72/3.png","Text":"نُّؤْثِرَكَ","Translation":"we will prefer you","Transliteration":"nu'thiraka"},{"Position":4,"AudioFileName":"020_072_004.mp3","TajweedImageFilePath":"20/72/4.png","Text":"عَلَىٰ","Translation":"over","Transliteration":"ʿalā"},{"Position":5,"AudioFileName":"020_072_005.mp3","TajweedImageFilePath":"20/72/5.png","Text":"مَا","Translation":"what","Transliteration":"mā"},{"Position":6,"AudioFileName":"020_072_006.mp3","TajweedImageFilePath":"20/72/6.png","Text":"جَآءَنَا","Translation":"has come to us","Transliteration":"jāanā"},{"Position":7,"AudioFileName":"020_072_007.mp3","TajweedImageFilePath":"20/72/7.png","Text":"مِنَ","Translation":"of","Transliteration":"mina"},{"Position":8,"AudioFileName":"020_072_008.mp3","TajweedImageFilePath":"20/72/8.png","Text":"ٱلْبَيِّنَـٰتِ","Translation":"the clear proofs","Transliteration":"l-bayināti"},{"Position":9,"AudioFileName":"020_072_009.mp3","TajweedImageFilePath":"20/72/9.png","Text":"وَٱلَّذِى","Translation":"and the One Who","Transliteration":"wa-alladhī"},{"Position":10,"AudioFileName":"020_072_010.mp3","TajweedImageFilePath":"20/72/10.png","Text":"فَطَرَنَا ۖ","Translation":"created us","Transliteration":"faṭaranā"},{"Position":11,"AudioFileName":"020_072_011.mp3","TajweedImageFilePath":"20/72/11.png","Text":"فَٱقْضِ","Translation":"So decree","Transliteration":"fa-iq'ḍi"},{"Position":12,"AudioFileName":"020_072_012.mp3","TajweedImageFilePath":"20/72/12.png","Text":"مَآ","Translation":"whatever","Transliteration":"mā"},{"Position":13,"AudioFileName":"020_072_013.mp3","TajweedImageFilePath":"20/72/13.png","Text":"أَنتَ","Translation":"you","Transliteration":"anta"},{"Position":14,"AudioFileName":"020_072_014.mp3","TajweedImageFilePath":"20/72/14.png","Text":"قَاضٍ ۖ","Translation":"(are) decreeing","Transliteration":"qāḍin"},{"Position":15,"AudioFileName":"020_072_015.mp3","TajweedImageFilePath":"20/72/15.png","Text":"إِنَّمَا","Translation":"Only","Transliteration":"innamā"},{"Position":16,"AudioFileName":"020_072_016.mp3","TajweedImageFilePath":"20/72/16.png","Text":"تَقْضِى","Translation":"you can decree","Transliteration":"taqḍī"},{"Position":17,"AudioFileName":"020_072_017.mp3","TajweedImageFilePath":"20/72/17.png","Text":"هَـٰذِهِ","Translation":"(for) this","Transliteration":"hādhihi"},{"Position":18,"AudioFileName":"020_072_018.mp3","TajweedImageFilePath":"20/72/18.png","Text":"ٱلْحَيَوٰةَ","Translation":"life","Transliteration":"l-ḥayata"},{"Position":19,"AudioFileName":"020_072_019.mp3","TajweedImageFilePath":"20/72/19.png","Text":"ٱلدُّنْيَآ","Translation":"(of) the world","Transliteration":"l-dun'yā"},{"Position":20,"AudioFileName":null,"TajweedImageFilePath":"72.png","Text":"٧٢","Translation":"(72)","Transliteration":null}],"PageNumber":316,"JuzNumber":16,"ManzilNumber":4,"RukuNumber":272,"MaqraNumber":126,"HizbNumber":32,"HizbDecimal":0.25,"HasSajda":false},{"SurahNumber":20,"SurahIndex":"020","VerseNumber":73,"ShowSurahName":false,"ShowBismillah":false,"Words":[{"Position":1,"AudioFileName":"020_073_001.mp3","TajweedImageFilePath":"20/73/1.png","Text":"إِنَّآ","Translation":"Indeed, [we]","Transliteration":"innā"},{"Position":2,"AudioFileName":"020_073_002.mp3","TajweedImageFilePath":"20/73/2.png","Text":"ءَامَنَّا","Translation":"we believe","Transliteration":"āmannā"},{"Position":3,"AudioFileName":"020_073_003.mp3","TajweedImageFilePath":"20/73/3.png","Text":"بِرَبِّنَا","Translation":"in our Lord","Transliteration":"birabbinā"},{"Position":4,"AudioFileName":"020_073_004.mp3","TajweedImageFilePath":"20/73/4.png","Text":"لِيَغْفِرَ","Translation":"that He may forgive","Transliteration":"liyaghfira"},{"Position":5,"AudioFileName":"020_073_005.mp3","TajweedImageFilePath":"20/73/5.png","Text":"لَنَا","Translation":"for us","Transliteration":"lanā"},{"Position":6,"AudioFileName":"020_073_006.mp3","TajweedImageFilePath":"20/73/6.png","Text":"خَطَـٰيَـٰنَا","Translation":"our sins","Transliteration":"khaṭāyānā"},{"Position":7,"AudioFileName":"020_073_007.mp3","TajweedImageFilePath":"20/73/7.png","Text":"وَمَآ","Translation":"and what","Transliteration":"wamā"},{"Position":8,"AudioFileName":"020_073_008.mp3","TajweedImageFilePath":"20/73/8.png","Text":"أَكْرَهْتَنَا","Translation":"you compelled us","Transliteration":"akrahtanā"},{"Position":9,"AudioFileName":"020_073_009.mp3","TajweedImageFilePath":"20/73/9.png","Text":"عَلَيْهِ","Translation":"on it","Transliteration":"ʿalayhi"},{"Position":10,"AudioFileName":"020_073_010.mp3","TajweedImageFilePath":"20/73/10.png","Text":"مِنَ","Translation":"of","Transliteration":"mina"},{"Position":11,"AudioFileName":"020_073_011.mp3","TajweedImageFilePath":"20/73/11.png","Text":"ٱلسِّحْرِ ۗ","Translation":"the magic","Transliteration":"l-siḥ'ri"},{"Position":12,"AudioFileName":"020_073_012.mp3","TajweedImageFilePath":"20/73/12.png","Text":"وَٱللَّهُ","Translation":"And Allah","Transliteration":"wal-lahu"},{"Position":13,"AudioFileName":"020_073_013.mp3","TajweedImageFilePath":"20/73/13.png","Text":"خَيْرٌۭ","Translation":"(is) Best","Transliteration":"khayrun"},{"Position":14,"AudioFileName":"020_073_014.mp3","TajweedImageFilePath":"20/73/14.png","Text":"وَأَبْقَىٰٓ","Translation":"and Ever Lasting","Transliteration":"wa-abqā"},{"Position":15,"AudioFileName":null,"TajweedImageFilePath":"73.png","Text":"٧٣","Translation":"(73)","Transliteration":null}],"PageNumber":316,"JuzNumber":16,"ManzilNumber":4,"RukuNumber":272,"MaqraNumber":126,"HizbNumber":32,"HizbDecimal":0.25,"HasSajda":false},{"SurahNumber":20,"SurahIndex":"020","VerseNumber":74,"ShowSurahName":false,"ShowBismillah":false,"Words":[{"Position":1,"AudioFileName":"020_074_001.mp3","TajweedImageFilePath":"20/74/1.png","Text":"إِنَّهُۥ","Translation":"Indeed, he","Transliteration":"innahu"},{"Position":2,"AudioFileName":"020_074_002.mp3","TajweedImageFilePath":"20/74/2.png","Text":"مَن","Translation":"who","Transliteration":"man"},{"Position":3,"AudioFileName":"020_074_003.mp3","TajweedImageFilePath":"20/74/3.png","Text":"يَأْتِ","Translation":"comes","Transliteration":"yati"},{"Position":4,"AudioFileName":"020_074_004.mp3","TajweedImageFilePath":"20/74/4.png","Text":"رَبَّهُۥ","Translation":"(to) his Lord","Transliteration":"rabbahu"},{"Position":5,"AudioFileName":"020_074_005.mp3","TajweedImageFilePath":"20/74/5.png","Text":"مُجْرِمًۭا","Translation":"(as) a criminal","Transliteration":"muj'riman"},{"Position":6,"AudioFileName":"020_074_006.mp3","TajweedImageFilePath":"20/74/6.png","Text":"فَإِنَّ","Translation":"then indeed","Transliteration":"fa-inna"},{"Position":7,"AudioFileName":"020_074_007.mp3","TajweedImageFilePath":"20/74/7.png","Text":"لَهُۥ","Translation":"for him","Transliteration":"lahu"},{"Position":8,"AudioFileName":"020_074_008.mp3","TajweedImageFilePath":"20/74/8.png","Text":"جَهَنَّمَ","Translation":"(is) Hell","Transliteration":"jahannama"},{"Position":9,"AudioFileName":"020_074_009.mp3","TajweedImageFilePath":"20/74/9.png","Text":"لَا","Translation":"Not","Transliteration":"lā"},{"Position":10,"AudioFileName":"020_074_010.mp3","TajweedImageFilePath":"20/74/10.png","Text":"يَمُوتُ","Translation":"he will die","Transliteration":"yamūtu"},{"Position":11,"AudioFileName":"020_074_011.mp3","TajweedImageFilePath":"20/74/11.png","Text":"فِيهَا","Translation":"in it","Transliteration":"fīhā"},{"Position":12,"AudioFileName":"020_074_012.mp3","TajweedImageFilePath":"20/74/12.png","Text":"وَلَا","Translation":"and not","Transliteration":"walā"},{"Position":13,"AudioFileName":"020_074_013.mp3","TajweedImageFilePath":"20/74/13.png","Text":"يَحْيَىٰ","Translation":"live","Transliteration":"yaḥyā"},{"Position":14,"AudioFileName":null,"TajweedImageFilePath":"74.png","Text":"٧٤","Translation":"(74)","Transliteration":null}],"PageNumber":316,"JuzNumber":16,"ManzilNumber":4,"RukuNumber":272,"MaqraNumber":126,"HizbNumber":32,"HizbDecimal":0.25,"HasSajda":false},{"SurahNumber":20,"SurahIndex":"020","VerseNumber":75,"ShowSurahName":false,"ShowBismillah":false,"Words":[{"Position":1,"AudioFileName":"020_075_001.mp3","TajweedImageFilePath":"20/75/1.png","Text":"وَمَن","Translation":"But whoever","Transliteration":"waman"},{"Position":2,"AudioFileName":"020_075_002.mp3","TajweedImageFilePath":"20/75/2.png","Text":"يَأْتِهِۦ","Translation":"comes to Him","Transliteration":"yatihi"},{"Position":3,"AudioFileName":"020_075_003.mp3","TajweedImageFilePath":"20/75/3.png","Text":"مُؤْمِنًۭا","Translation":"(as) a believer","Transliteration":"mu'minan"},{"Position":4,"AudioFileName":"020_075_004.mp3","TajweedImageFilePath":"20/75/4.png","Text":"قَدْ","Translation":"verily","Transliteration":"qad"},{"Position":5,"AudioFileName":"020_075_005.mp3","TajweedImageFilePath":"20/75/5.png","Text":"عَمِلَ","Translation":"he has done","Transliteration":"ʿamila"},{"Position":6,"AudioFileName":"020_075_006.mp3","TajweedImageFilePath":"20/75/6.png","Text":"ٱلصَّـٰلِحَـٰتِ","Translation":"the righteous deeds","Transliteration":"l-ṣāliḥāti"},{"Position":7,"AudioFileName":"020_075_007.mp3","TajweedImageFilePath":"20/75/7.png","Text":"فَأُو۟لَـٰٓئِكَ","Translation":"then those","Transliteration":"fa-ulāika"},{"Position":8,"AudioFileName":"020_075_008.mp3","TajweedImageFilePath":"20/75/8.png","Text":"لَهُمُ","Translation":"for them","Transliteration":"lahumu"},{"Position":9,"AudioFileName":"020_075_009.mp3","TajweedImageFilePath":"20/75/9.png","Text":"ٱلدَّرَجَـٰتُ","Translation":"(will be) the ranks","Transliteration":"l-darajātu"},{"Position":10,"AudioFileName":"020_075_010.mp3","TajweedImageFilePath":"20/75/10.png","Text":"ٱلْعُلَىٰ","Translation":"[the] high","Transliteration":"l-ʿulā"},{"Position":11,"AudioFileName":null,"TajweedImageFilePath":"75.png","Text":"٧٥","Translation":"(75)","Transliteration":null}],"PageNumber":316,"JuzNumber":16,"ManzilNumber":4,"RukuNumber":272,"MaqraNumber":126,"HizbNumber":32,"HizbDecimal":0.25,"HasSajda":false},{"SurahNumber":20,"SurahIndex":"020","VerseNumber":76,"ShowSurahName":false,"ShowBismillah":false,"Words":[{"Position":1,"AudioFileName":"020_076_001.mp3","TajweedImageFilePath":"20/76/1.png","Text":"جَنَّـٰتُ","Translation":"Gardens","Transliteration":"jannātu"},{"Position":2,"AudioFileName":"020_076_002.mp3","TajweedImageFilePath":"20/76/2.png","Text":"عَدْنٍۢ","Translation":"(of) Eden","Transliteration":"ʿadnin"},{"Position":3,"AudioFileName":"020_076_003.mp3","TajweedImageFilePath":"20/76/3.png","Text":"تَجْرِى","Translation":"flows","Transliteration":"tajrī"},{"Position":4,"AudioFileName":"020_076_004.mp3","TajweedImageFilePath":"20/76/4.png","Text":"مِن","Translation":"from","Transliteration":"min"},{"Position":5,"AudioFileName":"020_076_005.mp3","TajweedImageFilePath":"20/76/5.png","Text":"تَحْتِهَا","Translation":"underneath them","Transliteration":"taḥtihā"},{"Position":6,"AudioFileName":"020_076_006.mp3","TajweedImageFilePath":"20/76/6.png","Text":"ٱلْأَنْهَـٰرُ","Translation":"the rivers","Transliteration":"l-anhāru"},{"Position":7,"AudioFileName":"020_076_007.mp3","TajweedImageFilePath":"20/76/7.png","Text":"خَـٰلِدِينَ","Translation":"abiding forever","Transliteration":"khālidīna"},{"Position":8,"AudioFileName":"020_076_008.mp3","TajweedImageFilePath":"20/76/8.png","Text":"فِيهَا ۚ","Translation":"in it","Transliteration":"fīhā"},{"Position":9,"AudioFileName":"020_076_009.mp3","TajweedImageFilePath":"20/76/9.png","Text":"وَذَٰلِكَ","Translation":"And that","Transliteration":"wadhālika"},{"Position":10,"AudioFileName":"020_076_010.mp3","TajweedImageFilePath":"20/76/10.png","Text":"جَزَآءُ","Translation":"(is) the reward","Transliteration":"jazāu"},{"Position":11,"AudioFileName":"020_076_011.mp3","TajweedImageFilePath":"20/76/11.png","Text":"مَن","Translation":"(for him) who","Transliteration":"man"},{"Position":12,"AudioFileName":"020_076_012.mp3","TajweedImageFilePath":"20/76/12.png","Text":"تَزَكَّىٰ","Translation":"purifies himself","Transliteration":"tazakkā"},{"Position":13,"AudioFileName":null,"TajweedImageFilePath":"76.png","Text":"٧٦","Translation":"(76)","Transliteration":null}],"PageNumber":316,"JuzNumber":16,"ManzilNumber":4,"RukuNumber":272,"MaqraNumber":126,"HizbNumber":32,"HizbDecimal":0.25,"HasSajda":false},{"SurahNumber":20,"SurahIndex":"020","VerseNumber":77,"ShowSurahName":false,"ShowBismillah":false,"Words":[{"Position":1,"AudioFileName":"020_077_001.mp3","TajweedImageFilePath":"20/77/1.png","Text":"وَلَقَدْ","Translation":"And verily","Transliteration":"walaqad"},{"Position":2,"AudioFileName":"020_077_002.mp3","TajweedImageFilePath":"20/77/2.png","Text":"أَوْحَيْنَآ","Translation":"We inspired","Transliteration":"awḥaynā"},{"Position":3,"AudioFileName":"020_077_003.mp3","TajweedImageFilePath":"20/77/3.png","Text":"إِلَىٰ","Translation":"to","Transliteration":"ilā"},{"Position":4,"AudioFileName":"020_077_004.mp3","TajweedImageFilePath":"20/77/4.png","Text":"مُوسَىٰٓ","Translation":"Musa","Transliteration":"mūsā"},{"Position":5,"AudioFileName":"020_077_005.mp3","TajweedImageFilePath":"20/77/5.png","Text":"أَنْ","Translation":"that","Transliteration":"an"},{"Position":6,"AudioFileName":"020_077_006.mp3","TajweedImageFilePath":"20/77/6.png","Text":"أَسْرِ","Translation":"Travel by night","Transliteration":"asri"},{"Position":7,"AudioFileName":"020_077_007.mp3","TajweedImageFilePath":"20/77/7.png","Text":"بِعِبَادِى","Translation":"with My slaves","Transliteration":"biʿibādī"},{"Position":8,"AudioFileName":"020_077_008.mp3","TajweedImageFilePath":"20/77/8.png","Text":"فَٱضْرِبْ","Translation":"and strike","Transliteration":"fa-iḍ'rib"},{"Position":9,"AudioFileName":"020_077_009.mp3","TajweedImageFilePath":"20/77/9.png","Text":"لَهُمْ","Translation":"for them","Transliteration":"lahum"},{"Position":10,"AudioFileName":"020_077_010.mp3","TajweedImageFilePath":"20/77/10.png","Text":"طَرِيقًۭا","Translation":"a path","Transliteration":"ṭarīqan"},{"Position":11,"AudioFileName":"020_077_011.mp3","TajweedImageFilePath":"20/77/11.png","Text":"فِى","Translation":"in","Transliteration":"fī"},{"Position":12,"AudioFileName":"020_077_012.mp3","TajweedImageFilePath":"20/77/12.png","Text":"ٱلْبَحْرِ","Translation":"the sea","Transliteration":"l-baḥri"},{"Position":13,"AudioFileName":"020_077_013.mp3","TajweedImageFilePath":"20/77/13.png","Text":"يَبَسًۭا","Translation":"dry","Transliteration":"yabasan"},{"Position":14,"AudioFileName":"020_077_014.mp3","TajweedImageFilePath":"20/77/14.png","Text":"لَّا","Translation":"not","Transliteration":"lā"},{"Position":15,"AudioFileName":"020_077_015.mp3","TajweedImageFilePath":"20/77/15.png","Text":"تَخَـٰفُ","Translation":"fearing","Transliteration":"takhāfu"},{"Position":16,"AudioFileName":"020_077_016.mp3","TajweedImageFilePath":"20/77/16.png","Text":"دَرَكًۭا","Translation":"to be overtaken","Transliteration":"darakan"},{"Position":17,"AudioFileName":"020_077_017.mp3","TajweedImageFilePath":"20/77/17.png","Text":"وَلَا","Translation":"and not","Transliteration":"walā"},{"Position":18,"AudioFileName":"020_077_018.mp3","TajweedImageFilePath":"20/77/18.png","Text":"تَخْشَىٰ","Translation":"being afraid","Transliteration":"takhshā"},{"Position":19,"AudioFileName":null,"TajweedImageFilePath":"77.png","Text":"٧٧","Translation":"(77)","Transliteration":null}],"PageNumber":317,"JuzNumber":16,"ManzilNumber":4,"RukuNumber":273,"MaqraNumber":126,"HizbNumber":32,"HizbDecimal":0.25,"HasSajda":false},{"SurahNumber":20,"SurahIndex":"020","VerseNumber":78,"ShowSurahName":false,"ShowBismillah":false,"Words":[{"Position":1,"AudioFileName":"020_078_001.mp3","TajweedImageFilePath":"20/78/1.png","Text":"فَأَتْبَعَهُمْ","Translation":"Then followed them","Transliteration":"fa-atbaʿahum"},{"Position":2,"AudioFileName":"020_078_002.mp3","TajweedImageFilePath":"20/78/2.png","Text":"فِرْعَوْنُ","Translation":"Firaun","Transliteration":"fir'ʿawnu"},{"Position":3,"AudioFileName":"020_078_003.mp3","TajweedImageFilePath":"20/78/3.png","Text":"بِجُنُودِهِۦ","Translation":"with his forces","Transliteration":"bijunūdihi"},{"Position":4,"AudioFileName":"020_078_004.mp3","TajweedImageFilePath":"20/78/4.png","Text":"فَغَشِيَهُم","Translation":"but covered them","Transliteration":"faghashiyahum"},{"Position":5,"AudioFileName":"020_078_005.mp3","TajweedImageFilePath":"20/78/5.png","Text":"مِّنَ","Translation":"from","Transliteration":"mina"},{"Position":6,"AudioFileName":"020_078_006.mp3","TajweedImageFilePath":"20/78/6.png","Text":"ٱلْيَمِّ","Translation":"the sea","Transliteration":"l-yami"},{"Position":7,"AudioFileName":"020_078_007.mp3","TajweedImageFilePath":"20/78/7.png","Text":"مَا","Translation":"what","Transliteration":"mā"},{"Position":8,"AudioFileName":"020_078_008.mp3","TajweedImageFilePath":"20/78/8.png","Text":"غَشِيَهُمْ","Translation":"covered them","Transliteration":"ghashiyahum"},{"Position":9,"AudioFileName":null,"TajweedImageFilePath":"78.png","Text":"٧٨","Translation":"(78)","Transliteration":null}],"PageNumber":317,"JuzNumber":16,"ManzilNumber":4,"RukuNumber":273,"MaqraNumber":126,"HizbNumber":32,"HizbDecimal":0.25,"HasSajda":false},{"SurahNumber":20,"SurahIndex":"020","VerseNumber":79,"ShowSurahName":false,"ShowBismillah":false,"Words":[{"Position":1,"AudioFileName":"020_079_001.mp3","TajweedImageFilePath":"20/79/1.png","Text":"وَأَضَلَّ","Translation":"And led astray","Transliteration":"wa-aḍalla"},{"Position":2,"AudioFileName":"020_079_002.mp3","TajweedImageFilePath":"20/79/2.png","Text":"فِرْعَوْنُ","Translation":"Firaun","Transliteration":"fir'ʿawnu"},{"Position":3,"AudioFileName":"020_079_003.mp3","TajweedImageFilePath":"20/79/3.png","Text":"قَوْمَهُۥ","Translation":"his people","Transliteration":"qawmahu"},{"Position":4,"AudioFileName":"020_079_004.mp3","TajweedImageFilePath":"20/79/4.png","Text":"وَمَا","Translation":"and (did) not","Transliteration":"wamā"},{"Position":5,"AudioFileName":"020_079_005.mp3","TajweedImageFilePath":"20/79/5.png","Text":"هَدَىٰ","Translation":"guide them","Transliteration":"hadā"},{"Position":6,"AudioFileName":null,"TajweedImageFilePath":"79.png","Text":"٧٩","Translation":"(79)","Transliteration":null}],"PageNumber":317,"JuzNumber":16,"ManzilNumber":4,"RukuNumber":273,"MaqraNumber":126,"HizbNumber":32,"HizbDecimal":0.25,"HasSajda":false},{"SurahNumber":20,"SurahIndex":"020","VerseNumber":80,"ShowSurahName":false,"ShowBismillah":false,"Words":[{"Position":1,"AudioFileName":"020_080_001.mp3","TajweedImageFilePath":"20/80/1.png","Text":"يَـٰبَنِىٓ","Translation":"O Children of Israel","Transliteration":"yābanī"},{"Position":2,"AudioFileName":"020_080_002.mp3","TajweedImageFilePath":"20/80/2.png","Text":"إِسْرَٰٓءِيلَ","Translation":"O Children of Israel","Transliteration":"is'rāīla"},{"Position":3,"AudioFileName":"020_080_003.mp3","TajweedImageFilePath":"20/80/3.png","Text":"قَدْ","Translation":"Verily","Transliteration":"qad"},{"Position":4,"AudioFileName":"020_080_004.mp3","TajweedImageFilePath":"20/80/4.png","Text":"أَنجَيْنَـٰكُم","Translation":"We delivered you","Transliteration":"anjaynākum"},{"Position":5,"AudioFileName":"020_080_005.mp3","TajweedImageFilePath":"20/80/5.png","Text":"مِّنْ","Translation":"from","Transliteration":"min"},{"Position":6,"AudioFileName":"020_080_006.mp3","TajweedImageFilePath":"20/80/6.png","Text":"عَدُوِّكُمْ","Translation":"your enemy","Transliteration":"ʿaduwwikum"},{"Position":7,"AudioFileName":"020_080_007.mp3","TajweedImageFilePath":"20/80/7.png","Text":"وَوَٰعَدْنَـٰكُمْ","Translation":"and We made a covenant with you","Transliteration":"wawāʿadnākum"},{"Position":8,"AudioFileName":"020_080_008.mp3","TajweedImageFilePath":"20/80/8.png","Text":"جَانِبَ","Translation":"on (the) side","Transliteration":"jāniba"},{"Position":9,"AudioFileName":"020_080_009.mp3","TajweedImageFilePath":"20/80/9.png","Text":"ٱلطُّورِ","Translation":"(of) the Mount","Transliteration":"l-ṭūri"},{"Position":10,"AudioFileName":"020_080_010.mp3","TajweedImageFilePath":"20/80/10.png","Text":"ٱلْأَيْمَنَ","Translation":"the right","Transliteration":"l-aymana"},{"Position":11,"AudioFileName":"020_080_011.mp3","TajweedImageFilePath":"20/80/11.png","Text":"وَنَزَّلْنَا","Translation":"and We sent down","Transliteration":"wanazzalnā"},{"Position":12,"AudioFileName":"020_080_012.mp3","TajweedImageFilePath":"20/80/12.png","Text":"عَلَيْكُمُ","Translation":"to you","Transliteration":"ʿalaykumu"},{"Position":13,"AudioFileName":"020_080_013.mp3","TajweedImageFilePath":"20/80/13.png","Text":"ٱلْمَنَّ","Translation":"the Manna","Transliteration":"l-mana"},{"Position":14,"AudioFileName":"020_080_014.mp3","TajweedImageFilePath":"20/80/14.png","Text":"وَٱلسَّلْوَىٰ","Translation":"and the quails","Transliteration":"wal-salwā"},{"Position":15,"AudioFileName":null,"TajweedImageFilePath":"80.png","Text":"٨٠","Translation":"(80)","Transliteration":null}],"PageNumber":317,"JuzNumber":16,"ManzilNumber":4,"RukuNumber":273,"MaqraNumber":126,"HizbNumber":32,"HizbDecimal":0.25,"HasSajda":false},{"SurahNumber":20,"SurahIndex":"020","VerseNumber":81,"ShowSurahName":false,"ShowBismillah":false,"Words":[{"Position":1,"AudioFileName":"020_081_001.mp3","TajweedImageFilePath":"20/81/1.png","Text":"كُلُوا۟","Translation":"Eat","Transliteration":"kulū"},{"Position":2,"AudioFileName":"020_081_002.mp3","TajweedImageFilePath":"20/81/2.png","Text":"مِن","Translation":"of","Transliteration":"min"},{"Position":3,"AudioFileName":"020_081_003.mp3","TajweedImageFilePath":"20/81/3.png","Text":"طَيِّبَـٰتِ","Translation":"(the) good things","Transliteration":"ṭayyibāti"},{"Position":4,"AudioFileName":"020_081_004.mp3","TajweedImageFilePath":"20/81/4.png","Text":"مَا","Translation":"which","Transliteration":"mā"},{"Position":5,"AudioFileName":"020_081_005.mp3","TajweedImageFilePath":"20/81/5.png","Text":"رَزَقْنَـٰكُمْ","Translation":"We have provided you","Transliteration":"razaqnākum"},{"Position":6,"AudioFileName":"020_081_006.mp3","TajweedImageFilePath":"20/81/6.png","Text":"وَلَا","Translation":"and (do) not","Transliteration":"walā"},{"Position":7,"AudioFileName":"020_081_007.mp3","TajweedImageFilePath":"20/81/7.png","Text":"تَطْغَوْا۟","Translation":"transgress","Transliteration":"taṭghaw"},{"Position":8,"AudioFileName":"020_081_008.mp3","TajweedImageFilePath":"20/81/8.png","Text":"فِيهِ","Translation":"therein","Transliteration":"fīhi"},{"Position":9,"AudioFileName":"020_081_009.mp3","TajweedImageFilePath":"20/81/9.png","Text":"فَيَحِلَّ","Translation":"lest should descend","Transliteration":"fayaḥilla"},{"Position":10,"AudioFileName":"020_081_010.mp3","TajweedImageFilePath":"20/81/10.png","Text":"عَلَيْكُمْ","Translation":"upon you","Transliteration":"ʿalaykum"},{"Position":11,"AudioFileName":"020_081_011.mp3","TajweedImageFilePath":"20/81/11.png","Text":"غَضَبِى ۖ","Translation":"My Anger","Transliteration":"ghaḍabī"},{"Position":12,"AudioFileName":"020_081_012.mp3","TajweedImageFilePath":"20/81/12.png","Text":"وَمَن","Translation":"And whoever","Transliteration":"waman"},{"Position":13,"AudioFileName":"020_081_013.mp3","TajweedImageFilePath":"20/81/13.png","Text":"يَحْلِلْ","Translation":"on whom descends","Transliteration":"yaḥlil"},{"Position":14,"AudioFileName":"020_081_014.mp3","TajweedImageFilePath":"20/81/14.png","Text":"عَلَيْهِ","Translation":"on whom descends","Transliteration":"ʿalayhi"},{"Position":15,"AudioFileName":"020_081_015.mp3","TajweedImageFilePath":"20/81/15.png","Text":"غَضَبِى","Translation":"My Anger","Transliteration":"ghaḍabī"},{"Position":16,"AudioFileName":"020_081_016.mp3","TajweedImageFilePath":"20/81/16.png","Text":"فَقَدْ","Translation":"indeed","Transliteration":"faqad"},{"Position":17,"AudioFileName":"020_081_017.mp3","TajweedImageFilePath":"20/81/17.png","Text":"هَوَىٰ","Translation":"he (has) perished","Transliteration":"hawā"},{"Position":18,"AudioFileName":null,"TajweedImageFilePath":"81.png","Text":"٨١","Translation":"(81)","Transliteration":null}],"PageNumber":317,"JuzNumber":16,"ManzilNumber":4,"RukuNumber":273,"MaqraNumber":126,"HizbNumber":32,"HizbDecimal":0.25,"HasSajda":false},{"SurahNumber":20,"SurahIndex":"020","VerseNumber":82,"ShowSurahName":false,"ShowBismillah":false,"Words":[{"Position":1,"AudioFileName":"020_082_001.mp3","TajweedImageFilePath":"20/82/1.png","Text":"وَإِنِّى","Translation":"But indeed, I Am","Transliteration":"wa-innī"},{"Position":2,"AudioFileName":"020_082_002.mp3","TajweedImageFilePath":"20/82/2.png","Text":"لَغَفَّارٌۭ","Translation":"the Perpetual Forgiver","Transliteration":"laghaffārun"},{"Position":3,"AudioFileName":"020_082_003.mp3","TajweedImageFilePath":"20/82/3.png","Text":"لِّمَن","Translation":"of whoever","Transliteration":"liman"},{"Position":4,"AudioFileName":"020_082_004.mp3","TajweedImageFilePath":"20/82/4.png","Text":"تَابَ","Translation":"repents","Transliteration":"tāba"},{"Position":5,"AudioFileName":"020_082_005.mp3","TajweedImageFilePath":"20/82/5.png","Text":"وَءَامَنَ","Translation":"and believes","Transliteration":"waāmana"},{"Position":6,"AudioFileName":"020_082_006.mp3","TajweedImageFilePath":"20/82/6.png","Text":"وَعَمِلَ","Translation":"and does","Transliteration":"waʿamila"},{"Position":7,"AudioFileName":"020_082_007.mp3","TajweedImageFilePath":"20/82/7.png","Text":"صَـٰلِحًۭا","Translation":"righteous (deeds)","Transliteration":"ṣāliḥan"},{"Position":8,"AudioFileName":"020_082_008.mp3","TajweedImageFilePath":"20/82/8.png","Text":"ثُمَّ","Translation":"then","Transliteration":"thumma"},{"Position":9,"AudioFileName":"020_082_009.mp3","TajweedImageFilePath":"20/82/9.png","Text":"ٱهْتَدَىٰ","Translation":"remains guided","Transliteration":"ih'tadā"},{"Position":10,"AudioFileName":null,"TajweedImageFilePath":"82.png","Text":"٨٢","Translation":"(82)","Transliteration":null}],"PageNumber":317,"JuzNumber":16,"ManzilNumber":4,"RukuNumber":273,"MaqraNumber":126,"HizbNumber":32,"HizbDecimal":0.25,"HasSajda":false}]}