{"MaqraNumber":204.0,"Verses":[{"SurahNumber":47,"SurahIndex":"047","VerseNumber":33,"ShowSurahName":false,"ShowBismillah":false,"Text":"۞يَـٰٓأَيُّهَا ٱلَّذِينَ ءَامَنُوٓاْ أَطِيعُواْ ٱللَّهَ وَأَطِيعُواْ ٱلرَّسُولَ وَلَا تُبۡطِلُوٓاْ أَعۡمَٰلَكُمۡ","TajweedText":"۞ يَ<tajweed class=madda_obligatory>ـٰٓ</tajweed>أَيُّهَا <tajweed class=ham_wasl>ٱ</tajweed>لَّذِينَ ءَامَن<tajweed class=madda_obligatory>ُوٓ</tajweed><tajweed class=slnt>اْ</tajweed> أَطِيعُو<tajweed class=slnt>اْ</tajweed> <tajweed class=ham_wasl>ٱ</tajweed>للَّهَ وَأَطِيعُو<tajweed class=slnt>اْ</tajweed> <tajweed class=ham_wasl>ٱ</tajweed><tajweed class=laam_shamsiyah>ل</tajweed>رَّسُولَ وَلَا تُ<tajweed class=qalaqah>بْ</tajweed>طِل<tajweed class=madda_obligatory>ُوٓ</tajweed><tajweed class=slnt>اْ</tajweed> أَعْمَ<tajweed class=madda_normal>ـٰ</tajweed>لَكُمْ <span class=end>٣٣</span>","End":"٣٣","PageNumber":510,"JuzNumber":26,"ManzilNumber":6,"RukuNumber":445,"MaqraNumber":204,"HizbNumber":51,"HizbDecimal":0.75,"HasSajda":false},{"SurahNumber":47,"SurahIndex":"047","VerseNumber":34,"ShowSurahName":false,"ShowBismillah":false,"Text":"إِنَّ ٱلَّذِينَ كَفَرُواْ وَصَدُّواْ عَن سَبِيلِ ٱللَّهِ ثُمَّ مَاتُواْ وَهُمۡ كُفَّارٞ فَلَن يَغۡفِرَ ٱللَّهُ لَهُمۡ","TajweedText":"إِ<tajweed class=ghunnah>نّ</tajweed>َ <tajweed class=ham_wasl>ٱ</tajweed>لَّذِينَ كَفَرُو<tajweed class=slnt>اْ</tajweed> وَصَدُّو<tajweed class=slnt>اْ</tajweed> عَ<tajweed class=ikhafa>ن س</tajweed>َبِيلِ <tajweed class=ham_wasl>ٱ</tajweed>للَّهِ ثُ<tajweed class=ghunnah>مّ</tajweed>َ مَاتُو<tajweed class=slnt>اْ</tajweed> وَهُمْ كُفَّا<tajweed class=ikhafa>رٌ ف</tajweed>َل<tajweed class=idgham_ghunnah>َن ي</tajweed>َغْفِرَ <tajweed class=ham_wasl>ٱ</tajweed>للَّهُ لَهُمْ <span class=end>٣٤</span>","End":"٣٤","PageNumber":510,"JuzNumber":26,"ManzilNumber":6,"RukuNumber":445,"MaqraNumber":204,"HizbNumber":51,"HizbDecimal":0.75,"HasSajda":false},{"SurahNumber":47,"SurahIndex":"047","VerseNumber":35,"ShowSurahName":false,"ShowBismillah":false,"Text":"فَلَا تَهِنُواْ وَتَدۡعُوٓاْ إِلَى ٱلسَّلۡمِ وَأَنتُمُ ٱلۡأَعۡلَوۡنَ وَٱللَّهُ مَعَكُمۡ وَلَن يَتِرَكُمۡ أَعۡمَٰلَكُمۡ","TajweedText":"فَلَا تَهِنُو<tajweed class=slnt>اْ</tajweed> وَتَ<tajweed class=qalaqah>دْ</tajweed>ع<tajweed class=madda_obligatory>ُوٓ</tajweed><tajweed class=slnt>اْ</tajweed> إِلَى <tajweed class=ham_wasl>ٱ</tajweed><tajweed class=laam_shamsiyah>ل</tajweed>سَّلْمِ وَأَ<tajweed class=ikhafa>نت</tajweed>ُمُ <tajweed class=ham_wasl>ٱ</tajweed>لْأَعْلَوْنَ وَ<tajweed class=ham_wasl>ٱ</tajweed>للَّهُ مَعَكُمْ وَل<tajweed class=idgham_ghunnah>َن ي</tajweed>َتِرَكُمْ أَعْمَ<tajweed class=madda_normal>ـٰ</tajweed>لَكُمْ <span class=end>٣٥</span>","End":"٣٥","PageNumber":510,"JuzNumber":26,"ManzilNumber":6,"RukuNumber":445,"MaqraNumber":204,"HizbNumber":51,"HizbDecimal":0.75,"HasSajda":false},{"SurahNumber":47,"SurahIndex":"047","VerseNumber":36,"ShowSurahName":false,"ShowBismillah":false,"Text":"إِنَّمَا ٱلۡحَيَوٰةُ ٱلدُّنۡيَا لَعِبٞ وَلَهۡوٞۚ وَإِن تُؤۡمِنُواْ وَتَتَّقُواْ يُؤۡتِكُمۡ أُجُورَكُمۡ وَلَا يَسۡـَٔلۡكُمۡ أَمۡوَٰلَكُمۡ","TajweedText":"إِ<tajweed class=ghunnah>نّ</tajweed>َمَا <tajweed class=ham_wasl>ٱ</tajweed>لْحَيَ<tajweed class=slnt>و</tajweed><tajweed class=madda_normal>ٲ</tajweed>ةُ <tajweed class=ham_wasl>ٱ</tajweed><tajweed class=laam_shamsiyah>ل</tajweed>دُّنْيَا لَعِ<tajweed class=idgham_ghunnah>بٌ و</tajweed>َلَهْ<tajweed class=idgham_ghunnah>وٌ‌ۚ و</tajweed>َإِ<tajweed class=ikhafa>ن ت</tajweed>ُؤْمِنُو<tajweed class=slnt>اْ</tajweed> وَتَتَّقُو<tajweed class=slnt>اْ</tajweed> يُؤْتِكُمْ أُجُورَكُمْ وَلَا يَسْــَٔلْكُمْ أَمْو<tajweed class=madda_normal>َٲ</tajweed>لَكُمْ <span class=end>٣٦</span>","End":"٣٦","PageNumber":510,"JuzNumber":26,"ManzilNumber":6,"RukuNumber":445,"MaqraNumber":204,"HizbNumber":51,"HizbDecimal":0.75,"HasSajda":false},{"SurahNumber":47,"SurahIndex":"047","VerseNumber":37,"ShowSurahName":false,"ShowBismillah":false,"Text":"إِن يَسۡـَٔلۡكُمُوهَا فَيُحۡفِكُمۡ تَبۡخَلُواْ وَيُخۡرِجۡ أَضۡغَٰنَكُمۡ","TajweedText":"إ<tajweed class=idgham_ghunnah>ِن ي</tajweed>َسْــَٔلْكُمُوهَا فَيُحْفِكُمْ تَ<tajweed class=qalaqah>بْ</tajweed>خَلُو<tajweed class=slnt>اْ</tajweed> وَيُخْرِ<tajweed class=qalaqah>جْ</tajweed> أَضْغَ<tajweed class=madda_normal>ـٰ</tajweed>نَكُمْ <span class=end>٣٧</span>","End":"٣٧","PageNumber":510,"JuzNumber":26,"ManzilNumber":6,"RukuNumber":445,"MaqraNumber":204,"HizbNumber":51,"HizbDecimal":0.75,"HasSajda":false},{"SurahNumber":47,"SurahIndex":"047","VerseNumber":38,"ShowSurahName":false,"ShowBismillah":false,"Text":"هَـٰٓأَنتُمۡ هَـٰٓؤُلَآءِ تُدۡعَوۡنَ لِتُنفِقُواْ فِي سَبِيلِ ٱللَّهِ فَمِنكُم مَّن يَبۡخَلُۖ وَمَن يَبۡخَلۡ فَإِنَّمَا يَبۡخَلُ عَن نَّفۡسِهِۦۚ وَٱللَّهُ ٱلۡغَنِيُّ وَأَنتُمُ ٱلۡفُقَرَآءُۚ وَإِن تَتَوَلَّوۡاْ يَسۡتَبۡدِلۡ قَوۡمًا غَيۡرَكُمۡ ثُمَّ لَا يَكُونُوٓاْ أَمۡثَٰلَكُم","TajweedText":"هَ<tajweed class=madda_obligatory>ـٰٓ</tajweed>أَ<tajweed class=ikhafa>نت</tajweed>ُمْ هَ<tajweed class=madda_obligatory>ـٰٓ</tajweed>ؤُل<tajweed class=madda_obligatory>َا</tajweed>ٓءِ تُ<tajweed class=qalaqah>دْ</tajweed>عَوْنَ لِتُ<tajweed class=ikhafa>نف</tajweed>ِقُو<tajweed class=slnt>اْ</tajweed> فِى سَبِيلِ <tajweed class=ham_wasl>ٱ</tajweed>للَّهِ فَمِ<tajweed class=ikhafa>نك</tajweed><tajweed class=idgham_shafawi>ُم م</tajweed>ّ<tajweed class=idgham_ghunnah>َن ي</tajweed>َ<tajweed class=qalaqah>بْ</tajweed>خَلُ‌ۖ وَم<tajweed class=idgham_ghunnah>َن ي</tajweed>َ<tajweed class=qalaqah>بْ</tajweed>خَلْ فَإِ<tajweed class=ghunnah>نّ</tajweed>َمَا يَ<tajweed class=qalaqah>بْ</tajweed>خَلُ ع<tajweed class=idgham_ghunnah>َن ن</tajweed>َّفْسِه<tajweed class=madda_normal>ِۦ</tajweed>‌ۚ وَ<tajweed class=ham_wasl>ٱ</tajweed>للَّهُ <tajweed class=ham_wasl>ٱ</tajweed>لْغَنِىُّ وَأَ<tajweed class=ikhafa>نت</tajweed>ُمُ <tajweed class=ham_wasl>ٱ</tajweed>لْفُقَر<tajweed class=madda_obligatory>َا</tajweed>ٓءُ‌ۚ وَإِ<tajweed class=ikhafa>ن ت</tajweed>َتَوَلَّوْ<tajweed class=slnt>اْ</tajweed> يَسْتَ<tajweed class=qalaqah>بْ</tajweed>دِلْ قَوْمًا غَيْرَكُمْ ثُ<tajweed class=ghunnah>مّ</tajweed>َ لَا يَكُون<tajweed class=madda_obligatory>ُوٓ</tajweed><tajweed class=slnt>اْ</tajweed> أَمْثَ<tajweed class=madda_normal>ـٰ</tajweed>لَكُم <span class=end>٣٨</span>","End":"٣٨","PageNumber":510,"JuzNumber":26,"ManzilNumber":6,"RukuNumber":445,"MaqraNumber":204,"HizbNumber":51,"HizbDecimal":0.75,"HasSajda":false},{"SurahNumber":48,"SurahIndex":"048","VerseNumber":1,"ShowSurahName":true,"ShowBismillah":true,"Text":"إِنَّا فَتَحۡنَا لَكَ فَتۡحٗا مُّبِينٗا","TajweedText":"إِ<tajweed class=ghunnah>نّ</tajweed>َا فَتَحْنَا لَكَ فَتْ<tajweed class=idgham_ghunnah>حًا م</tajweed>ُّبِينًا <span class=end>١</span>","End":"١","PageNumber":511,"JuzNumber":26,"ManzilNumber":6,"RukuNumber":446,"MaqraNumber":204,"HizbNumber":51,"HizbDecimal":0.75,"HasSajda":false},{"SurahNumber":48,"SurahIndex":"048","VerseNumber":2,"ShowSurahName":false,"ShowBismillah":false,"Text":"لِّيَغۡفِرَ لَكَ ٱللَّهُ مَا تَقَدَّمَ مِن ذَنۢبِكَ وَمَا تَأَخَّرَ وَيُتِمَّ نِعۡمَتَهُۥ عَلَيۡكَ وَيَهۡدِيَكَ صِرَٰطٗا مُّسۡتَقِيمٗا","TajweedText":"لِّيَغْفِرَ لَكَ <tajweed class=ham_wasl>ٱ</tajweed>للَّهُ مَا تَقَدَّمَ مِ<tajweed class=ikhafa>ن ذ</tajweed>َ<tajweed class=iqlab>نۢب</tajweed>ِكَ وَمَا تَأَخَّرَ وَيُتِ<tajweed class=ghunnah>مّ</tajweed>َ نِعْمَتَهُ<tajweed class=madda_normal>ۥ</tajweed> عَلَيْكَ وَيَهْدِيَكَ صِر<tajweed class=madda_normal>َٲ</tajweed><tajweed class=idgham_ghunnah>طًا م</tajweed>ُّسْتَقِيمًا <span class=end>٢</span>","End":"٢","PageNumber":511,"JuzNumber":26,"ManzilNumber":6,"RukuNumber":446,"MaqraNumber":204,"HizbNumber":51,"HizbDecimal":0.75,"HasSajda":false},{"SurahNumber":48,"SurahIndex":"048","VerseNumber":3,"ShowSurahName":false,"ShowBismillah":false,"Text":"وَيَنصُرَكَ ٱللَّهُ نَصۡرًا عَزِيزًا","TajweedText":"وَيَ<tajweed class=ikhafa>نص</tajweed>ُرَكَ <tajweed class=ham_wasl>ٱ</tajweed>للَّهُ نَصْرًا عَزِيزًا <span class=end>٣</span>","End":"٣","PageNumber":511,"JuzNumber":26,"ManzilNumber":6,"RukuNumber":446,"MaqraNumber":204,"HizbNumber":51,"HizbDecimal":0.75,"HasSajda":false},{"SurahNumber":48,"SurahIndex":"048","VerseNumber":4,"ShowSurahName":false,"ShowBismillah":false,"Text":"هُوَ ٱلَّذِيٓ أَنزَلَ ٱلسَّكِينَةَ فِي قُلُوبِ ٱلۡمُؤۡمِنِينَ لِيَزۡدَادُوٓاْ إِيمَٰنٗا مَّعَ إِيمَٰنِهِمۡۗ وَلِلَّهِ جُنُودُ ٱلسَّمَٰوَٰتِ وَٱلۡأَرۡضِۚ وَكَانَ ٱللَّهُ عَلِيمًا حَكِيمٗا","TajweedText":"هُوَ <tajweed class=ham_wasl>ٱ</tajweed>لَّذ<tajweed class=madda_obligatory>ِىٓ</tajweed> أَ<tajweed class=ikhafa>نز</tajweed>َلَ <tajweed class=ham_wasl>ٱ</tajweed><tajweed class=laam_shamsiyah>ل</tajweed>سَّكِينَةَ فِى قُلُوبِ <tajweed class=ham_wasl>ٱ</tajweed>لْمُؤْمِنِينَ لِيَزْدَاد<tajweed class=madda_obligatory>ُوٓ</tajweed><tajweed class=slnt>اْ</tajweed> إِيمَ<tajweed class=madda_normal>ـٰ</tajweed><tajweed class=idgham_ghunnah>نًا م</tajweed>َّعَ إِيمَ<tajweed class=madda_normal>ـٰ</tajweed>نِهِمْ‌ۗ وَلِلَّهِ جُنُودُ <tajweed class=ham_wasl>ٱ</tajweed><tajweed class=laam_shamsiyah>ل</tajweed>سَّمَ<tajweed class=madda_normal>ـٰ</tajweed>و<tajweed class=madda_normal>َٲ</tajweed>تِ وَ<tajweed class=ham_wasl>ٱ</tajweed>لْأَرْضِ‌ۚ وَكَانَ <tajweed class=ham_wasl>ٱ</tajweed>للَّهُ عَلِيمًا حَكِيمًا <span class=end>٤</span>","End":"٤","PageNumber":511,"JuzNumber":26,"ManzilNumber":6,"RukuNumber":446,"MaqraNumber":204,"HizbNumber":51,"HizbDecimal":0.75,"HasSajda":false},{"SurahNumber":48,"SurahIndex":"048","VerseNumber":5,"ShowSurahName":false,"ShowBismillah":false,"Text":"لِّيُدۡخِلَ ٱلۡمُؤۡمِنِينَ وَٱلۡمُؤۡمِنَٰتِ جَنَّـٰتٖ تَجۡرِي مِن تَحۡتِهَا ٱلۡأَنۡهَٰرُ خَٰلِدِينَ فِيهَا وَيُكَفِّرَ عَنۡهُمۡ سَيِّـَٔاتِهِمۡۚ وَكَانَ ذَٰلِكَ عِندَ ٱللَّهِ فَوۡزًا عَظِيمٗا","TajweedText":"لِّيُ<tajweed class=qalaqah>دْ</tajweed>خِلَ <tajweed class=ham_wasl>ٱ</tajweed>لْمُؤْمِنِينَ وَ<tajweed class=ham_wasl>ٱ</tajweed>لْمُؤْمِنَ<tajweed class=madda_normal>ـٰ</tajweed>تِ جَ<tajweed class=ghunnah>نّ</tajweed>َ<tajweed class=madda_normal>ـٰ</tajweed><tajweed class=ikhafa>تٍ ت</tajweed>َ<tajweed class=qalaqah>جْ</tajweed>رِى مِ<tajweed class=ikhafa>ن ت</tajweed>َحْتِهَا <tajweed class=ham_wasl>ٱ</tajweed>لْأَنْهَ<tajweed class=madda_normal>ـٰ</tajweed>رُ خَ<tajweed class=madda_normal>ـٰ</tajweed>لِدِينَ فِيهَا وَيُكَفِّرَ عَنْهُمْ سَيِّـَٔـاتِهِمْ‌ۚ وَكَانَ ذ<tajweed class=madda_normal>َٲ</tajweed>لِكَ عِ<tajweed class=ikhafa>ند</tajweed>َ <tajweed class=ham_wasl>ٱ</tajweed>للَّهِ فَوْزًا عَظِيمًا <span class=end>٥</span>","End":"٥","PageNumber":511,"JuzNumber":26,"ManzilNumber":6,"RukuNumber":446,"MaqraNumber":204,"HizbNumber":51,"HizbDecimal":0.75,"HasSajda":false},{"SurahNumber":48,"SurahIndex":"048","VerseNumber":6,"ShowSurahName":false,"ShowBismillah":false,"Text":"وَيُعَذِّبَ ٱلۡمُنَٰفِقِينَ وَٱلۡمُنَٰفِقَٰتِ وَٱلۡمُشۡرِكِينَ وَٱلۡمُشۡرِكَٰتِ ٱلظَّآنِّينَ بِٱللَّهِ ظَنَّ ٱلسَّوۡءِۚ عَلَيۡهِمۡ دَآئِرَةُ ٱلسَّوۡءِۖ وَغَضِبَ ٱللَّهُ عَلَيۡهِمۡ وَلَعَنَهُمۡ وَأَعَدَّ لَهُمۡ جَهَنَّمَۖ وَسَآءَتۡ مَصِيرٗا","TajweedText":"وَيُعَذِّبَ <tajweed class=ham_wasl>ٱ</tajweed>لْمُنَ<tajweed class=madda_normal>ـٰ</tajweed>فِقِينَ وَ<tajweed class=ham_wasl>ٱ</tajweed>لْمُنَ<tajweed class=madda_normal>ـٰ</tajweed>فِقَ<tajweed class=madda_normal>ـٰ</tajweed>تِ وَ<tajweed class=ham_wasl>ٱ</tajweed>لْمُشْرِكِينَ وَ<tajweed class=ham_wasl>ٱ</tajweed>لْمُشْرِكَ<tajweed class=madda_normal>ـٰ</tajweed>تِ <tajweed class=ham_wasl>ٱ</tajweed><tajweed class=laam_shamsiyah>ل</tajweed>ظّ<tajweed class=madda_necessary>َا</tajweed>ٓ<tajweed class=ghunnah>نّ</tajweed>ِينَ بِ<tajweed class=ham_wasl>ٱ</tajweed>للَّهِ ظَ<tajweed class=ghunnah>نّ</tajweed>َ <tajweed class=ham_wasl>ٱ</tajweed><tajweed class=laam_shamsiyah>ل</tajweed>سَّوْءِ‌ۚ عَلَيْهِمْ د<tajweed class=madda_obligatory>َا</tajweed>ٓئِرَةُ <tajweed class=ham_wasl>ٱ</tajweed><tajweed class=laam_shamsiyah>ل</tajweed>سَّوْءِ‌ۖ وَغَضِبَ <tajweed class=ham_wasl>ٱ</tajweed>للَّهُ عَلَيْهِمْ وَلَعَنَهُمْ وَأَعَدَّ لَهُمْ جَهَ<tajweed class=ghunnah>نّ</tajweed>َمَ‌ۖ وَس<tajweed class=madda_obligatory>َا</tajweed>ٓءَتْ مَصِيرًا <span class=end>٦</span>","End":"٦","PageNumber":511,"JuzNumber":26,"ManzilNumber":6,"RukuNumber":446,"MaqraNumber":204,"HizbNumber":51,"HizbDecimal":0.75,"HasSajda":false},{"SurahNumber":48,"SurahIndex":"048","VerseNumber":7,"ShowSurahName":false,"ShowBismillah":false,"Text":"وَلِلَّهِ جُنُودُ ٱلسَّمَٰوَٰتِ وَٱلۡأَرۡضِۚ وَكَانَ ٱللَّهُ عَزِيزًا حَكِيمًا","TajweedText":"وَلِلَّهِ جُنُودُ <tajweed class=ham_wasl>ٱ</tajweed><tajweed class=laam_shamsiyah>ل</tajweed>سَّمَ<tajweed class=madda_normal>ـٰ</tajweed>و<tajweed class=madda_normal>َٲ</tajweed>تِ وَ<tajweed class=ham_wasl>ٱ</tajweed>لْأَرْضِ‌ۚ وَكَانَ <tajweed class=ham_wasl>ٱ</tajweed>للَّهُ عَزِيزًا حَكِيمًا <span class=end>٧</span>","End":"٧","PageNumber":511,"JuzNumber":26,"ManzilNumber":6,"RukuNumber":446,"MaqraNumber":204,"HizbNumber":51,"HizbDecimal":0.75,"HasSajda":false},{"SurahNumber":48,"SurahIndex":"048","VerseNumber":8,"ShowSurahName":false,"ShowBismillah":false,"Text":"إِنَّآ أَرۡسَلۡنَٰكَ شَٰهِدٗا وَمُبَشِّرٗا وَنَذِيرٗا","TajweedText":"إِ<tajweed class=ghunnah>نّ</tajweed><tajweed class=madda_obligatory>َآ</tajweed> أَرْسَلْنَ<tajweed class=madda_normal>ـٰ</tajweed>كَ شَ<tajweed class=madda_normal>ـٰ</tajweed>هِ<tajweed class=idgham_ghunnah>دًا و</tajweed>َمُبَشِّ<tajweed class=idgham_ghunnah>رًا و</tajweed>َنَذِيرًا <span class=end>٨</span>","End":"٨","PageNumber":511,"JuzNumber":26,"ManzilNumber":6,"RukuNumber":446,"MaqraNumber":204,"HizbNumber":51,"HizbDecimal":0.75,"HasSajda":false},{"SurahNumber":48,"SurahIndex":"048","VerseNumber":9,"ShowSurahName":false,"ShowBismillah":false,"Text":"لِّتُؤۡمِنُواْ بِٱللَّهِ وَرَسُولِهِۦ وَتُعَزِّرُوهُ وَتُوَقِّرُوهُۚ وَتُسَبِّحُوهُ بُكۡرَةٗ وَأَصِيلًا","TajweedText":"لِّتُؤْمِنُو<tajweed class=slnt>اْ</tajweed> بِ<tajweed class=ham_wasl>ٱ</tajweed>للَّهِ وَرَسُولِه<tajweed class=madda_normal>ِۦ</tajweed> وَتُعَزِّرُوهُ وَتُوَقِّرُوهُ وَتُسَبِّحُوهُ بُكْرَ<tajweed class=idgham_ghunnah>ةً و</tajweed>َأَصِيلاً <span class=end>٩</span>","End":"٩","PageNumber":511,"JuzNumber":26,"ManzilNumber":6,"RukuNumber":446,"MaqraNumber":204,"HizbNumber":51,"HizbDecimal":0.75,"HasSajda":false},{"SurahNumber":48,"SurahIndex":"048","VerseNumber":10,"ShowSurahName":false,"ShowBismillah":false,"Text":"إِنَّ ٱلَّذِينَ يُبَايِعُونَكَ إِنَّمَا يُبَايِعُونَ ٱللَّهَ يَدُ ٱللَّهِ فَوۡقَ أَيۡدِيهِمۡۚ فَمَن نَّكَثَ فَإِنَّمَا يَنكُثُ عَلَىٰ نَفۡسِهِۦۖ وَمَنۡ أَوۡفَىٰ بِمَا عَٰهَدَ عَلَيۡهُ ٱللَّهَ فَسَيُؤۡتِيهِ أَجۡرًا عَظِيمٗا","TajweedText":"إِ<tajweed class=ghunnah>نّ</tajweed>َ <tajweed class=ham_wasl>ٱ</tajweed>لَّذِينَ يُبَايِعُونَكَ إِ<tajweed class=ghunnah>نّ</tajweed>َمَا يُبَايِعُونَ <tajweed class=ham_wasl>ٱ</tajweed>للَّهَ يَدُ <tajweed class=ham_wasl>ٱ</tajweed>للَّهِ فَوْقَ أَيْدِيهِمْ‌ۚ فَم<tajweed class=idgham_ghunnah>َن ن</tajweed>َّكَثَ فَإِ<tajweed class=ghunnah>نّ</tajweed>َمَا يَ<tajweed class=ikhafa>نك</tajweed>ُثُ عَلَىٰ نَفْسِه<tajweed class=madda_normal>ِۦ</tajweed>‌ۖ وَمَنْ أَوْفَىٰ بِمَا عَ<tajweed class=madda_normal>ـٰ</tajweed>هَدَ عَلَيْهُ <tajweed class=ham_wasl>ٱ</tajweed>للَّهَ فَسَيُؤْتِيهِ أَ<tajweed class=qalaqah>جْ</tajweed>رًا عَظِيمًا <span class=end>١٠</span>","End":"١٠","PageNumber":512,"JuzNumber":26,"ManzilNumber":6,"RukuNumber":446,"MaqraNumber":204,"HizbNumber":51,"HizbDecimal":0.75,"HasSajda":false},{"SurahNumber":48,"SurahIndex":"048","VerseNumber":11,"ShowSurahName":false,"ShowBismillah":false,"Text":"سَيَقُولُ لَكَ ٱلۡمُخَلَّفُونَ مِنَ ٱلۡأَعۡرَابِ شَغَلَتۡنَآ أَمۡوَٰلُنَا وَأَهۡلُونَا فَٱسۡتَغۡفِرۡ لَنَاۚ يَقُولُونَ بِأَلۡسِنَتِهِم مَّا لَيۡسَ فِي قُلُوبِهِمۡۚ قُلۡ فَمَن يَمۡلِكُ لَكُم مِّنَ ٱللَّهِ شَيۡـًٔا إِنۡ أَرَادَ بِكُمۡ ضَرًّا أَوۡ أَرَادَ بِكُمۡ نَفۡعَۢاۚ بَلۡ كَانَ ٱللَّهُ بِمَا تَعۡمَلُونَ خَبِيرَۢا","TajweedText":"سَيَقُولُ لَكَ <tajweed class=ham_wasl>ٱ</tajweed>لْمُخَلَّفُونَ مِنَ <tajweed class=ham_wasl>ٱ</tajweed>لْأَعْرَابِ شَغَلَتْن<tajweed class=madda_obligatory>َآ</tajweed> أَمْو<tajweed class=madda_normal>َٲ</tajweed>لُنَا وَأَهْلُونَا فَ<tajweed class=ham_wasl>ٱ</tajweed>سْتَغْفِرْ لَنَا‌ۚ يَقُولُونَ بِأَلْسِنَتِه<tajweed class=idgham_shafawi>ِم م</tajweed>َّا لَيْسَ فِى قُلُوبِهِمْ‌ۚ قُلْ فَم<tajweed class=idgham_ghunnah>َن ي</tajweed>َمْلِكُ لَك<tajweed class=idgham_shafawi>ُم م</tajweed>ِّنَ <tajweed class=ham_wasl>ٱ</tajweed>للَّهِ شَيْــًٔا إِنْ أَرَادَ بِكُمْ ضَرًّا أَوْ أَرَادَ بِكُمْ نَفْع<tajweed class=iqlab>َۢا‌ۚ ب</tajweed>َلْ كَانَ <tajweed class=ham_wasl>ٱ</tajweed>للَّهُ بِمَا تَعْمَلُونَ خَبِيرَۢا <span class=end>١١</span>","End":"١١","PageNumber":512,"JuzNumber":26,"ManzilNumber":6,"RukuNumber":447,"MaqraNumber":204,"HizbNumber":51,"HizbDecimal":0.75,"HasSajda":false},{"SurahNumber":48,"SurahIndex":"048","VerseNumber":12,"ShowSurahName":false,"ShowBismillah":false,"Text":"بَلۡ ظَنَنتُمۡ أَن لَّن يَنقَلِبَ ٱلرَّسُولُ وَٱلۡمُؤۡمِنُونَ إِلَىٰٓ أَهۡلِيهِمۡ أَبَدٗا وَزُيِّنَ ذَٰلِكَ فِي قُلُوبِكُمۡ وَظَنَنتُمۡ ظَنَّ ٱلسَّوۡءِ وَكُنتُمۡ قَوۡمَۢا بُورٗا","TajweedText":"بَلْ ظَنَ<tajweed class=ikhafa>نت</tajweed>ُمْ أ<tajweed class=idgham_wo_ghunnah>َن ل</tajweed>ّ<tajweed class=idgham_ghunnah>َن ي</tajweed>َ<tajweed class=ikhafa>نق</tajweed>َلِبَ <tajweed class=ham_wasl>ٱ</tajweed><tajweed class=laam_shamsiyah>ل</tajweed>رَّسُولُ وَ<tajweed class=ham_wasl>ٱ</tajweed>لْمُؤْمِنُونَ إِلَ<tajweed class=madda_obligatory>ىٰٓ</tajweed> أَهْلِيهِمْ أَبَ<tajweed class=idgham_ghunnah>دًا و</tajweed>َزُيِّنَ ذ<tajweed class=madda_normal>َٲ</tajweed>لِكَ فِى قُلُوبِكُمْ وَظَنَ<tajweed class=ikhafa>نت</tajweed>ُمْ ظَ<tajweed class=ghunnah>نّ</tajweed>َ <tajweed class=ham_wasl>ٱ</tajweed><tajweed class=laam_shamsiyah>ل</tajweed>سَّوْءِ وَكُ<tajweed class=ikhafa>نت</tajweed>ُمْ قَوْم<tajweed class=iqlab>َۢا ب</tajweed>ُورًا <span class=end>١٢</span>","End":"١٢","PageNumber":512,"JuzNumber":26,"ManzilNumber":6,"RukuNumber":447,"MaqraNumber":204,"HizbNumber":51,"HizbDecimal":0.75,"HasSajda":false},{"SurahNumber":48,"SurahIndex":"048","VerseNumber":13,"ShowSurahName":false,"ShowBismillah":false,"Text":"وَمَن لَّمۡ يُؤۡمِنۢ بِٱللَّهِ وَرَسُولِهِۦ فَإِنَّآ أَعۡتَدۡنَا لِلۡكَٰفِرِينَ سَعِيرٗا","TajweedText":"وَم<tajweed class=idgham_wo_ghunnah>َن ل</tajweed>َّمْ يُؤْم<tajweed class=iqlab>ِنۢ ب</tajweed>ِ<tajweed class=ham_wasl>ٱ</tajweed>للَّهِ وَرَسُولِه<tajweed class=madda_normal>ِۦ</tajweed> فَإِ<tajweed class=ghunnah>نّ</tajweed><tajweed class=madda_obligatory>َآ</tajweed> أَعْتَ<tajweed class=qalaqah>دْ</tajweed>نَا لِلْكَ<tajweed class=madda_normal>ـٰ</tajweed>فِرِينَ سَعِيرًا <span class=end>١٣</span>","End":"١٣","PageNumber":512,"JuzNumber":26,"ManzilNumber":6,"RukuNumber":447,"MaqraNumber":204,"HizbNumber":51,"HizbDecimal":0.75,"HasSajda":false},{"SurahNumber":48,"SurahIndex":"048","VerseNumber":14,"ShowSurahName":false,"ShowBismillah":false,"Text":"وَلِلَّهِ مُلۡكُ ٱلسَّمَٰوَٰتِ وَٱلۡأَرۡضِۚ يَغۡفِرُ لِمَن يَشَآءُ وَيُعَذِّبُ مَن يَشَآءُۚ وَكَانَ ٱللَّهُ غَفُورٗا رَّحِيمٗا","TajweedText":"وَلِلَّهِ مُلْكُ <tajweed class=ham_wasl>ٱ</tajweed><tajweed class=laam_shamsiyah>ل</tajweed>سَّمَ<tajweed class=madda_normal>ـٰ</tajweed>و<tajweed class=madda_normal>َٲ</tajweed>تِ وَ<tajweed class=ham_wasl>ٱ</tajweed>لْأَرْضِ‌ۚ يَغْفِرُ لِم<tajweed class=idgham_ghunnah>َن ي</tajweed>َش<tajweed class=madda_obligatory>َا</tajweed>ٓءُ وَيُعَذِّبُ م<tajweed class=idgham_ghunnah>َن ي</tajweed>َش<tajweed class=madda_obligatory>َا</tajweed>ٓءُ‌ۚ وَكَانَ <tajweed class=ham_wasl>ٱ</tajweed>للَّهُ غَفُو<tajweed class=idgham_wo_ghunnah>رًا ر</tajweed>َّحِيمًا <span class=end>١٤</span>","End":"١٤","PageNumber":512,"JuzNumber":26,"ManzilNumber":6,"RukuNumber":447,"MaqraNumber":204,"HizbNumber":51,"HizbDecimal":0.75,"HasSajda":false},{"SurahNumber":48,"SurahIndex":"048","VerseNumber":15,"ShowSurahName":false,"ShowBismillah":false,"Text":"سَيَقُولُ ٱلۡمُخَلَّفُونَ إِذَا ٱنطَلَقۡتُمۡ إِلَىٰ مَغَانِمَ لِتَأۡخُذُوهَا ذَرُونَا نَتَّبِعۡكُمۡۖ يُرِيدُونَ أَن يُبَدِّلُواْ كَلَٰمَ ٱللَّهِۚ قُل لَّن تَتَّبِعُونَا كَذَٰلِكُمۡ قَالَ ٱللَّهُ مِن قَبۡلُۖ فَسَيَقُولُونَ بَلۡ تَحۡسُدُونَنَاۚ بَلۡ كَانُواْ لَا يَفۡقَهُونَ إِلَّا قَلِيلٗا","TajweedText":"سَيَقُولُ <tajweed class=ham_wasl>ٱ</tajweed>لْمُخَلَّفُونَ إِذَا <tajweed class=ham_wasl>ٱ</tajweed><tajweed class=ikhafa>نط</tajweed>َلَ<tajweed class=qalaqah>قْ</tajweed>تُمْ إِلَىٰ مَغَانِمَ لِتَأْخُذُوهَا ذَرُونَا نَتَّبِعْكُمْ‌ۖ يُرِيدُونَ أ<tajweed class=idgham_ghunnah>َن ي</tajweed>ُبَدِّلُو<tajweed class=slnt>اْ</tajweed> كَلَ<tajweed class=madda_normal>ـٰ</tajweed>مَ <tajweed class=ham_wasl>ٱ</tajweed>للَّهِ‌ۚ قُل لَّ<tajweed class=ikhafa>ن ت</tajweed>َتَّبِعُونَا كَذ<tajweed class=madda_normal>َٲ</tajweed>لِكُمْ قَالَ <tajweed class=ham_wasl>ٱ</tajweed>للَّهُ مِ<tajweed class=ikhafa>ن ق</tajweed>َ<tajweed class=qalaqah>بْ</tajweed>لُ‌ۖ فَسَيَقُولُونَ بَلْ تَحْسُدُونَنَا‌ۚ بَلْ كَانُو<tajweed class=slnt>اْ</tajweed> لَا يَفْقَهُونَ إِلَّا قَلِيلاً <span class=end>١٥</span>","End":"١٥","PageNumber":512,"JuzNumber":26,"ManzilNumber":6,"RukuNumber":447,"MaqraNumber":204,"HizbNumber":51,"HizbDecimal":0.75,"HasSajda":false},{"SurahNumber":48,"SurahIndex":"048","VerseNumber":16,"ShowSurahName":false,"ShowBismillah":false,"Text":"قُل لِّلۡمُخَلَّفِينَ مِنَ ٱلۡأَعۡرَابِ سَتُدۡعَوۡنَ إِلَىٰ قَوۡمٍ أُوْلِي بَأۡسٖ شَدِيدٖ تُقَٰتِلُونَهُمۡ أَوۡ يُسۡلِمُونَۖ فَإِن تُطِيعُواْ يُؤۡتِكُمُ ٱللَّهُ أَجۡرًا حَسَنٗاۖ وَإِن تَتَوَلَّوۡاْ كَمَا تَوَلَّيۡتُم مِّن قَبۡلُ يُعَذِّبۡكُمۡ عَذَابًا أَلِيمٗا","TajweedText":"قُل لِّلْمُخَلَّفِينَ مِنَ <tajweed class=ham_wasl>ٱ</tajweed>لْأَعْرَابِ سَتُ<tajweed class=qalaqah>دْ</tajweed>عَوْنَ إِلَىٰ قَوْمٍ أُ<tajweed class=slnt>وْ</tajweed>لِى بَأْ<tajweed class=ikhafa>سٍ ش</tajweed>َدِي<tajweed class=ikhafa>دٍ ت</tajweed>ُقَ<tajweed class=madda_normal>ـٰ</tajweed>تِلُونَهُمْ أَوْ يُسْلِمُونَ‌ۖ فَإِ<tajweed class=ikhafa>ن ت</tajweed>ُطِيعُو<tajweed class=slnt>اْ</tajweed> يُؤْتِكُمُ <tajweed class=ham_wasl>ٱ</tajweed>للَّهُ أَ<tajweed class=qalaqah>جْ</tajweed>رًا حَسَ<tajweed class=idgham_ghunnah>نًا‌ۖ و</tajweed>َإِ<tajweed class=ikhafa>ن ت</tajweed>َتَوَلَّوْ<tajweed class=slnt>اْ</tajweed> كَمَا تَوَلَّيْت<tajweed class=idgham_shafawi>ُم م</tajweed>ِّ<tajweed class=ikhafa>ن ق</tajweed>َ<tajweed class=qalaqah>بْ</tajweed>لُ يُعَذِّ<tajweed class=qalaqah>بْ</tajweed>كُمْ عَذَابًا أَلِيمًا <span class=end>١٦</span>","End":"١٦","PageNumber":513,"JuzNumber":26,"ManzilNumber":6,"RukuNumber":447,"MaqraNumber":204,"HizbNumber":51,"HizbDecimal":0.75,"HasSajda":false},{"SurahNumber":48,"SurahIndex":"048","VerseNumber":17,"ShowSurahName":false,"ShowBismillah":false,"Text":"لَّيۡسَ عَلَى ٱلۡأَعۡمَىٰ حَرَجٞ وَلَا عَلَى ٱلۡأَعۡرَجِ حَرَجٞ وَلَا عَلَى ٱلۡمَرِيضِ حَرَجٞۗ وَمَن يُطِعِ ٱللَّهَ وَرَسُولَهُۥ يُدۡخِلۡهُ جَنَّـٰتٖ تَجۡرِي مِن تَحۡتِهَا ٱلۡأَنۡهَٰرُۖ وَمَن يَتَوَلَّ يُعَذِّبۡهُ عَذَابًا أَلِيمٗا","TajweedText":"لَّيْسَ عَلَى <tajweed class=ham_wasl>ٱ</tajweed>لْأَعْمَىٰ حَرَ<tajweed class=idgham_ghunnah>جٌ و</tajweed>َلَا عَلَى <tajweed class=ham_wasl>ٱ</tajweed>لْأَعْرَجِ حَرَ<tajweed class=idgham_ghunnah>جٌ و</tajweed>َلَا عَلَى <tajweed class=ham_wasl>ٱ</tajweed>لْمَرِيضِ حَرَ<tajweed class=idgham_ghunnah>جٌ‌ۗ و</tajweed>َم<tajweed class=idgham_ghunnah>َن ي</tajweed>ُطِعِ <tajweed class=ham_wasl>ٱ</tajweed>للَّهَ وَرَسُولَهُ<tajweed class=madda_normal>ۥ</tajweed> يُ<tajweed class=qalaqah>دْ</tajweed>خِلْهُ جَ<tajweed class=ghunnah>نّ</tajweed>َ<tajweed class=madda_normal>ـٰ</tajweed><tajweed class=ikhafa>تٍ ت</tajweed>َ<tajweed class=qalaqah>جْ</tajweed>رِى مِ<tajweed class=ikhafa>ن ت</tajweed>َحْتِهَا <tajweed class=ham_wasl>ٱ</tajweed>لْأَنْهَ<tajweed class=madda_normal>ـٰ</tajweed>رُ‌ۖ وَم<tajweed class=idgham_ghunnah>َن ي</tajweed>َتَوَلَّ يُعَذِّ<tajweed class=qalaqah>بْ</tajweed>هُ عَذَابًا أَلِيمًا <span class=end>١٧</span>","End":"١٧","PageNumber":513,"JuzNumber":26,"ManzilNumber":6,"RukuNumber":447,"MaqraNumber":204,"HizbNumber":51,"HizbDecimal":0.75,"HasSajda":false}]}