{"MaqraNumber":182,"Verses":[{"SurahNumber":38,"SurahIndex":"038","VerseNumber":21,"ShowSurahName":false,"ShowBismillah":false,"Words":[{"Position":1,"AudioFileName":"038_021_001.mp3","TajweedImageFilePath":"38/21/1.png","Text":"۞ وَهَلْ","Translation":"And has (there)","Transliteration":"wahal","Root":"ه ل"},{"Position":2,"AudioFileName":"038_021_002.mp3","TajweedImageFilePath":"38/21/2.png","Text":"أَتَىٰكَ","Translation":"come to you","Transliteration":"atāka","Root":"أ ت ي"},{"Position":3,"AudioFileName":"038_021_003.mp3","TajweedImageFilePath":"38/21/3.png","Text":"نَبَؤُا۟","Translation":"(the) news","Transliteration":"naba-u","Root":"ن ب أ"},{"Position":4,"AudioFileName":"038_021_004.mp3","TajweedImageFilePath":"38/21/4.png","Text":"ٱلْخَصْمِ","Translation":"(of) the litigants","Transliteration":"l-khaṣmi","Root":"خ ص م"},{"Position":5,"AudioFileName":"038_021_005.mp3","TajweedImageFilePath":"38/21/5.png","Text":"إِذْ","Translation":"when","Transliteration":"idh","Root":"إِذ"},{"Position":6,"AudioFileName":"038_021_006.mp3","TajweedImageFilePath":"38/21/6.png","Text":"تَسَوَّرُوا۟","Translation":"they climbed over the wall","Transliteration":"tasawwarū","Root":"س و ر"},{"Position":7,"AudioFileName":"038_021_007.mp3","TajweedImageFilePath":"38/21/7.png","Text":"ٱلْمِحْرَابَ","Translation":"(of) the chamber","Transliteration":"l-miḥ'rāba","Root":"ح ر ب"},{"Position":8,"AudioFileName":null,"TajweedImageFilePath":"21.png","Text":"٢١","Translation":"(21)","Transliteration":null,"Root":null}],"PageNumber":454,"JuzNumber":23,"ManzilNumber":6,"RukuNumber":392,"MaqraNumber":182,"HizbNumber":46,"HizbDecimal":0.25,"HasSajda":false},{"SurahNumber":38,"SurahIndex":"038","VerseNumber":22,"ShowSurahName":false,"ShowBismillah":false,"Words":[{"Position":1,"AudioFileName":"038_022_001.mp3","TajweedImageFilePath":"38/22/1.png","Text":"إِذْ","Translation":"When","Transliteration":"idh","Root":"إِذ"},{"Position":2,"AudioFileName":"038_022_002.mp3","TajweedImageFilePath":"38/22/2.png","Text":"دَخَلُوا۟","Translation":"they entered","Transliteration":"dakhalū","Root":"د خ ل"},{"Position":3,"AudioFileName":"038_022_003.mp3","TajweedImageFilePath":"38/22/3.png","Text":"عَلَىٰ","Translation":"upon","Transliteration":"ʿalā","Root":"ع ل ى"},{"Position":4,"AudioFileName":"038_022_004.mp3","TajweedImageFilePath":"38/22/4.png","Text":"دَاوُۥدَ","Translation":"Dawood","Transliteration":"dāwūda","Root":"د و د"},{"Position":5,"AudioFileName":"038_022_005.mp3","TajweedImageFilePath":"38/22/5.png","Text":"فَفَزِعَ","Translation":"and he was afraid","Transliteration":"fafaziʿa","Root":"ف ز ع"},{"Position":6,"AudioFileName":"038_022_006.mp3","TajweedImageFilePath":"38/22/6.png","Text":"مِنْهُمْ ۖ","Translation":"of them","Transliteration":"min'hum","Root":"م ن"},{"Position":7,"AudioFileName":"038_022_007.mp3","TajweedImageFilePath":"38/22/7.png","Text":"قَالُوا۟","Translation":"they said","Transliteration":"qālū","Root":"ق و ل"},{"Position":8,"AudioFileName":"038_022_008.mp3","TajweedImageFilePath":"38/22/8.png","Text":"لَا","Translation":"(Do) not","Transliteration":"lā","Root":"ل ا"},{"Position":9,"AudioFileName":"038_022_009.mp3","TajweedImageFilePath":"38/22/9.png","Text":"تَخَفْ ۖ","Translation":"fear","Transliteration":"takhaf","Root":"خ و ف"},{"Position":10,"AudioFileName":"038_022_010.mp3","TajweedImageFilePath":"38/22/10.png","Text":"خَصْمَانِ","Translation":"(We are) two litigants","Transliteration":"khaṣmāni","Root":"خ ص م"},{"Position":11,"AudioFileName":"038_022_011.mp3","TajweedImageFilePath":"38/22/11.png","Text":"بَغَىٰ","Translation":"has wronged","Transliteration":"baghā","Root":"ب غ ي"},{"Position":12,"AudioFileName":"038_022_012.mp3","TajweedImageFilePath":"38/22/12.png","Text":"بَعْضُنَا","Translation":"one of us","Transliteration":"baʿḍunā","Root":"ب ع ض"},{"Position":13,"AudioFileName":"038_022_013.mp3","TajweedImageFilePath":"38/22/13.png","Text":"عَلَىٰ","Translation":"to","Transliteration":"ʿalā","Root":"ع ل ى"},{"Position":14,"AudioFileName":"038_022_014.mp3","TajweedImageFilePath":"38/22/14.png","Text":"بَعْضٍۢ","Translation":"another","Transliteration":"baʿḍin","Root":"ب ع ض"},{"Position":15,"AudioFileName":"038_022_015.mp3","TajweedImageFilePath":"38/22/15.png","Text":"فَٱحْكُم","Translation":"so judge","Transliteration":"fa-uḥ'kum","Root":"ح ك م"},{"Position":16,"AudioFileName":"038_022_016.mp3","TajweedImageFilePath":"38/22/16.png","Text":"بَيْنَنَا","Translation":"between us","Transliteration":"baynanā","Root":"ب ي ن"},{"Position":17,"AudioFileName":"038_022_017.mp3","TajweedImageFilePath":"38/22/17.png","Text":"بِٱلْحَقِّ","Translation":"in truth","Transliteration":"bil-ḥaqi","Root":"ح ق ق"},{"Position":18,"AudioFileName":"038_022_018.mp3","TajweedImageFilePath":"38/22/18.png","Text":"وَلَا","Translation":"and (do) not","Transliteration":"walā","Root":"ل ا"},{"Position":19,"AudioFileName":"038_022_019.mp3","TajweedImageFilePath":"38/22/19.png","Text":"تُشْطِطْ","Translation":"be unjust","Transliteration":"tush'ṭiṭ","Root":"ش ط ط"},{"Position":20,"AudioFileName":"038_022_020.mp3","TajweedImageFilePath":"38/22/20.png","Text":"وَٱهْدِنَآ","Translation":"and guide us","Transliteration":"wa-ih'dinā","Root":"ه د ي"},{"Position":21,"AudioFileName":"038_022_021.mp3","TajweedImageFilePath":"38/22/21.png","Text":"إِلَىٰ","Translation":"to","Transliteration":"ilā","Root":"إِلَىٰ"},{"Position":22,"AudioFileName":"038_022_022.mp3","TajweedImageFilePath":"38/22/22.png","Text":"سَوَآءِ","Translation":"an even","Transliteration":"sawāi","Root":"س و ي"},{"Position":23,"AudioFileName":"038_022_023.mp3","TajweedImageFilePath":"38/22/23.png","Text":"ٱلصِّرَٰطِ","Translation":"[the] path","Transliteration":"l-ṣirāṭi","Root":"ص ر ط"},{"Position":24,"AudioFileName":null,"TajweedImageFilePath":"22.png","Text":"٢٢","Translation":"(22)","Transliteration":null,"Root":null}],"PageNumber":454,"JuzNumber":23,"ManzilNumber":6,"RukuNumber":392,"MaqraNumber":182,"HizbNumber":46,"HizbDecimal":0.25,"HasSajda":false},{"SurahNumber":38,"SurahIndex":"038","VerseNumber":23,"ShowSurahName":false,"ShowBismillah":false,"Words":[{"Position":1,"AudioFileName":"038_023_001.mp3","TajweedImageFilePath":"38/23/1.png","Text":"إِنَّ","Translation":"Indeed","Transliteration":"inna","Root":"ا ن ن"},{"Position":2,"AudioFileName":"038_023_002.mp3","TajweedImageFilePath":"38/23/2.png","Text":"هَـٰذَآ","Translation":"this","Transliteration":"hādhā","Root":"ه ا ذ"},{"Position":3,"AudioFileName":"038_023_003.mp3","TajweedImageFilePath":"38/23/3.png","Text":"أَخِى","Translation":"(is) my brother","Transliteration":"akhī","Root":"أ خ و"},{"Position":4,"AudioFileName":"038_023_004.mp3","TajweedImageFilePath":"38/23/4.png","Text":"لَهُۥ","Translation":"he has","Transliteration":"lahu","Root":"ل"},{"Position":5,"AudioFileName":"038_023_005.mp3","TajweedImageFilePath":"38/23/5.png","Text":"تِسْعٌۭ","Translation":"ninety-nine","Transliteration":"tis'ʿun","Root":"ت س ع"},{"Position":6,"AudioFileName":"038_023_006.mp3","TajweedImageFilePath":"38/23/6.png","Text":"وَتِسْعُونَ","Translation":"ninety-nine","Transliteration":"watis'ʿūna","Root":"ت س ع"},{"Position":7,"AudioFileName":"038_023_007.mp3","TajweedImageFilePath":"38/23/7.png","Text":"نَعْجَةًۭ","Translation":"ewe(s)","Transliteration":"naʿjatan","Root":"ن ع ج"},{"Position":8,"AudioFileName":"038_023_008.mp3","TajweedImageFilePath":"38/23/8.png","Text":"وَلِىَ","Translation":"while I have","Transliteration":"waliya","Root":"ل"},{"Position":9,"AudioFileName":"038_023_009.mp3","TajweedImageFilePath":"38/23/9.png","Text":"نَعْجَةٌۭ","Translation":"ewe","Transliteration":"naʿjatun","Root":"ن ع ج"},{"Position":10,"AudioFileName":"038_023_010.mp3","TajweedImageFilePath":"38/23/10.png","Text":"وَٰحِدَةٌۭ","Translation":"one","Transliteration":"wāḥidatun","Root":"و ح د"},{"Position":11,"AudioFileName":"038_023_011.mp3","TajweedImageFilePath":"38/23/11.png","Text":"فَقَالَ","Translation":"so he said","Transliteration":"faqāla","Root":"ق و ل"},{"Position":12,"AudioFileName":"038_023_012.mp3","TajweedImageFilePath":"38/23/12.png","Text":"أَكْفِلْنِيهَا","Translation":"Entrust her to me","Transliteration":"akfil'nīhā","Root":"ك ف ل"},{"Position":13,"AudioFileName":"038_023_013.mp3","TajweedImageFilePath":"38/23/13.png","Text":"وَعَزَّنِى","Translation":"and he overpowered me","Transliteration":"waʿazzanī","Root":"ع ز ز"},{"Position":14,"AudioFileName":"038_023_014.mp3","TajweedImageFilePath":"38/23/14.png","Text":"فِى","Translation":"in","Transliteration":"fī","Root":"ف ى"},{"Position":15,"AudioFileName":"038_023_015.mp3","TajweedImageFilePath":"38/23/15.png","Text":"ٱلْخِطَابِ","Translation":"[the] speech","Transliteration":"l-khiṭābi","Root":"خ ط ب"},{"Position":16,"AudioFileName":null,"TajweedImageFilePath":"23.png","Text":"٢٣","Translation":"(23)","Transliteration":null,"Root":null}],"PageNumber":454,"JuzNumber":23,"ManzilNumber":6,"RukuNumber":392,"MaqraNumber":182,"HizbNumber":46,"HizbDecimal":0.25,"HasSajda":false},{"SurahNumber":38,"SurahIndex":"038","VerseNumber":24,"ShowSurahName":false,"ShowBismillah":false,"Words":[{"Position":1,"AudioFileName":"038_024_001.mp3","TajweedImageFilePath":"38/24/1.png","Text":"قَالَ","Translation":"He said","Transliteration":"qāla","Root":"ق و ل"},{"Position":2,"AudioFileName":"038_024_002.mp3","TajweedImageFilePath":"38/24/2.png","Text":"لَقَدْ","Translation":"Certainly","Transliteration":"laqad","Root":"ق د"},{"Position":3,"AudioFileName":"038_024_003.mp3","TajweedImageFilePath":"38/24/3.png","Text":"ظَلَمَكَ","Translation":"he has wronged you","Transliteration":"ẓalamaka","Root":"ظ ل م"},{"Position":4,"AudioFileName":"038_024_004.mp3","TajweedImageFilePath":"38/24/4.png","Text":"بِسُؤَالِ","Translation":"by demanding","Transliteration":"bisuāli","Root":"س أ ل"},{"Position":5,"AudioFileName":"038_024_005.mp3","TajweedImageFilePath":"38/24/5.png","Text":"نَعْجَتِكَ","Translation":"your ewe","Transliteration":"naʿjatika","Root":"ن ع ج"},{"Position":6,"AudioFileName":"038_024_006.mp3","TajweedImageFilePath":"38/24/6.png","Text":"إِلَىٰ","Translation":"to","Transliteration":"ilā","Root":"إِلَىٰ"},{"Position":7,"AudioFileName":"038_024_007.mp3","TajweedImageFilePath":"38/24/7.png","Text":"نِعَاجِهِۦ ۖ","Translation":"his ewes","Transliteration":"niʿājihi","Root":"ن ع ج"},{"Position":8,"AudioFileName":"038_024_008.mp3","TajweedImageFilePath":"38/24/8.png","Text":"وَإِنَّ","Translation":"And indeed","Transliteration":"wa-inna","Root":"ا ن ن"},{"Position":9,"AudioFileName":"038_024_009.mp3","TajweedImageFilePath":"38/24/9.png","Text":"كَثِيرًۭا","Translation":"many","Transliteration":"kathīran","Root":"ك ث ر"},{"Position":10,"AudioFileName":"038_024_010.mp3","TajweedImageFilePath":"38/24/10.png","Text":"مِّنَ","Translation":"of","Transliteration":"mina","Root":"م ن"},{"Position":11,"AudioFileName":"038_024_011.mp3","TajweedImageFilePath":"38/24/11.png","Text":"ٱلْخُلَطَآءِ","Translation":"the partners","Transliteration":"l-khulaṭāi","Root":"خ ل ط"},{"Position":12,"AudioFileName":"038_024_012.mp3","TajweedImageFilePath":"38/24/12.png","Text":"لَيَبْغِى","Translation":"certainly oppress","Transliteration":"layabghī","Root":"ب غ ي"},{"Position":13,"AudioFileName":"038_024_013.mp3","TajweedImageFilePath":"38/24/13.png","Text":"بَعْضُهُمْ","Translation":"some of them","Transliteration":"baʿḍuhum","Root":"ب ع ض"},{"Position":14,"AudioFileName":"038_024_014.mp3","TajweedImageFilePath":"38/24/14.png","Text":"عَلَىٰ","Translation":"[on]","Transliteration":"ʿalā","Root":"ع ل ى"},{"Position":15,"AudioFileName":"038_024_015.mp3","TajweedImageFilePath":"38/24/15.png","Text":"بَعْضٍ","Translation":"another","Transliteration":"baʿḍin","Root":"ب ع ض"},{"Position":16,"AudioFileName":"038_024_016.mp3","TajweedImageFilePath":"38/24/16.png","Text":"إِلَّا","Translation":"except","Transliteration":"illā","Root":"إِلَّا"},{"Position":17,"AudioFileName":"038_024_017.mp3","TajweedImageFilePath":"38/24/17.png","Text":"ٱلَّذِينَ","Translation":"those who","Transliteration":"alladhīna","Root":"ٱلَّذِى"},{"Position":18,"AudioFileName":"038_024_018.mp3","TajweedImageFilePath":"38/24/18.png","Text":"ءَامَنُوا۟","Translation":"believe","Transliteration":"āmanū","Root":"أ م ن"},{"Position":19,"AudioFileName":"038_024_019.mp3","TajweedImageFilePath":"38/24/19.png","Text":"وَعَمِلُوا۟","Translation":"and do","Transliteration":"waʿamilū","Root":"ع م ل"},{"Position":20,"AudioFileName":"038_024_020.mp3","TajweedImageFilePath":"38/24/20.png","Text":"ٱلصَّـٰلِحَـٰتِ","Translation":"righteous deeds","Transliteration":"l-ṣāliḥāti","Root":"ص ل ح"},{"Position":21,"AudioFileName":"038_024_021.mp3","TajweedImageFilePath":"38/24/21.png","Text":"وَقَلِيلٌۭ","Translation":"and few","Transliteration":"waqalīlun","Root":"ق ل ل"},{"Position":22,"AudioFileName":"038_024_022.mp3","TajweedImageFilePath":"38/24/22.png","Text":"مَّا","Translation":"(are) they","Transliteration":"mā","Root":"م ا"},{"Position":23,"AudioFileName":"038_024_023.mp3","TajweedImageFilePath":"38/24/23.png","Text":"هُمْ ۗ","Translation":"(are) they","Transliteration":"hum","Root":"ه م"},{"Position":24,"AudioFileName":"038_024_024.mp3","TajweedImageFilePath":"38/24/24.png","Text":"وَظَنَّ","Translation":"And became certain","Transliteration":"waẓanna","Root":"ظ ن ن"},{"Position":25,"AudioFileName":"038_024_025.mp3","TajweedImageFilePath":"38/24/25.png","Text":"دَاوُۥدُ","Translation":"Dawood","Transliteration":"dāwūdu","Root":"د و د"},{"Position":26,"AudioFileName":"038_024_026.mp3","TajweedImageFilePath":"38/24/26.png","Text":"أَنَّمَا","Translation":"that","Transliteration":"annamā","Root":"ا ن ن م ا"},{"Position":27,"AudioFileName":"038_024_027.mp3","TajweedImageFilePath":"38/24/27.png","Text":"فَتَنَّـٰهُ","Translation":"We (had) tried him","Transliteration":"fatannāhu","Root":"ف ت ن"},{"Position":28,"AudioFileName":"038_024_028.mp3","TajweedImageFilePath":"38/24/28.png","Text":"فَٱسْتَغْفَرَ","Translation":"and he asked forgiveness","Transliteration":"fa-is'taghfara","Root":"غ ف ر"},{"Position":29,"AudioFileName":"038_024_029.mp3","TajweedImageFilePath":"38/24/29.png","Text":"رَبَّهُۥ","Translation":"(of) his Lord","Transliteration":"rabbahu","Root":"ر ب ب"},{"Position":30,"AudioFileName":"038_024_030.mp3","TajweedImageFilePath":"38/24/30.png","Text":"وَخَرَّ","Translation":"and fell down","Transliteration":"wakharra","Root":"خ ر ر"},{"Position":31,"AudioFileName":"038_024_031.mp3","TajweedImageFilePath":"38/24/31.png","Text":"رَاكِعًۭا","Translation":"bowing","Transliteration":"rākiʿan","Root":"ر ك ع"},{"Position":32,"AudioFileName":"038_024_032.mp3","TajweedImageFilePath":"38/24/32.png","Text":"وَأَنَابَ ۩","Translation":"and turned in repentance","Transliteration":"wa-anāba","Root":"ن و ب"},{"Position":33,"AudioFileName":null,"TajweedImageFilePath":"24.png","Text":"٢٤","Translation":"(24)","Transliteration":"","Root":null}],"PageNumber":454,"JuzNumber":23,"ManzilNumber":6,"RukuNumber":392,"MaqraNumber":182,"HizbNumber":46,"HizbDecimal":0.25,"HasSajda":true},{"SurahNumber":38,"SurahIndex":"038","VerseNumber":25,"ShowSurahName":false,"ShowBismillah":false,"Words":[{"Position":1,"AudioFileName":"038_025_001.mp3","TajweedImageFilePath":"38/25/1.png","Text":"فَغَفَرْنَا","Translation":"So We forgave","Transliteration":"faghafarnā","Root":"غ ف ر"},{"Position":2,"AudioFileName":"038_025_002.mp3","TajweedImageFilePath":"38/25/2.png","Text":"لَهُۥ","Translation":"for him","Transliteration":"lahu","Root":"ل"},{"Position":3,"AudioFileName":"038_025_003.mp3","TajweedImageFilePath":"38/25/3.png","Text":"ذَٰلِكَ ۖ","Translation":"that","Transliteration":"dhālika","Root":"ذ ل ك"},{"Position":4,"AudioFileName":"038_025_004.mp3","TajweedImageFilePath":"38/25/4.png","Text":"وَإِنَّ","Translation":"And indeed","Transliteration":"wa-inna","Root":"ا ن ن"},{"Position":5,"AudioFileName":"038_025_005.mp3","TajweedImageFilePath":"38/25/5.png","Text":"لَهُۥ","Translation":"for him","Transliteration":"lahu","Root":"ل"},{"Position":6,"AudioFileName":"038_025_006.mp3","TajweedImageFilePath":"38/25/6.png","Text":"عِندَنَا","Translation":"with Us","Transliteration":"ʿindanā","Root":"ع ن د"},{"Position":7,"AudioFileName":"038_025_007.mp3","TajweedImageFilePath":"38/25/7.png","Text":"لَزُلْفَىٰ","Translation":"surely is a near access","Transliteration":"lazul'fā","Root":"ز ل ف"},{"Position":8,"AudioFileName":"038_025_008.mp3","TajweedImageFilePath":"38/25/8.png","Text":"وَحُسْنَ","Translation":"and a good","Transliteration":"waḥus'na","Root":"ح س ن"},{"Position":9,"AudioFileName":"038_025_009.mp3","TajweedImageFilePath":"38/25/9.png","Text":"مَـَٔابٍۢ","Translation":"place of return","Transliteration":"maābin","Root":"أ و ب"},{"Position":10,"AudioFileName":null,"TajweedImageFilePath":"25.png","Text":"٢٥","Translation":"(25)","Transliteration":null,"Root":null}],"PageNumber":454,"JuzNumber":23,"ManzilNumber":6,"RukuNumber":392,"MaqraNumber":182,"HizbNumber":46,"HizbDecimal":0.25,"HasSajda":false},{"SurahNumber":38,"SurahIndex":"038","VerseNumber":26,"ShowSurahName":false,"ShowBismillah":false,"Words":[{"Position":1,"AudioFileName":"038_026_001.mp3","TajweedImageFilePath":"38/26/1.png","Text":"يَـٰدَاوُۥدُ","Translation":"O Dawood","Transliteration":"yādāwūdu","Root":"د و د"},{"Position":2,"AudioFileName":"038_026_002.mp3","TajweedImageFilePath":"38/26/2.png","Text":"إِنَّا","Translation":"Indeed, We","Transliteration":"innā","Root":"ا ن ن"},{"Position":3,"AudioFileName":"038_026_003.mp3","TajweedImageFilePath":"38/26/3.png","Text":"جَعَلْنَـٰكَ","Translation":"[We] have made you","Transliteration":"jaʿalnāka","Root":"ج ع ل"},{"Position":4,"AudioFileName":"038_026_004.mp3","TajweedImageFilePath":"38/26/4.png","Text":"خَلِيفَةًۭ","Translation":"a vicegerent","Transliteration":"khalīfatan","Root":"خ ل ف"},{"Position":5,"AudioFileName":"038_026_005.mp3","TajweedImageFilePath":"38/26/5.png","Text":"فِى","Translation":"in","Transliteration":"fī","Root":"ف ى"},{"Position":6,"AudioFileName":"038_026_006.mp3","TajweedImageFilePath":"38/26/6.png","Text":"ٱلْأَرْضِ","Translation":"the earth","Transliteration":"l-arḍi","Root":"أ ر ض"},{"Position":7,"AudioFileName":"038_026_007.mp3","TajweedImageFilePath":"38/26/7.png","Text":"فَٱحْكُم","Translation":"so judge","Transliteration":"fa-uḥ'kum","Root":"ح ك م"},{"Position":8,"AudioFileName":"038_026_008.mp3","TajweedImageFilePath":"38/26/8.png","Text":"بَيْنَ","Translation":"between","Transliteration":"bayna","Root":"ب ي ن"},{"Position":9,"AudioFileName":"038_026_009.mp3","TajweedImageFilePath":"38/26/9.png","Text":"ٱلنَّاسِ","Translation":"[the] men","Transliteration":"l-nāsi","Root":"ن و س"},{"Position":10,"AudioFileName":"038_026_010.mp3","TajweedImageFilePath":"38/26/10.png","Text":"بِٱلْحَقِّ","Translation":"in truth","Transliteration":"bil-ḥaqi","Root":"ح ق ق"},{"Position":11,"AudioFileName":"038_026_011.mp3","TajweedImageFilePath":"38/26/11.png","Text":"وَلَا","Translation":"and (do) not","Transliteration":"walā","Root":"ل ا"},{"Position":12,"AudioFileName":"038_026_012.mp3","TajweedImageFilePath":"38/26/12.png","Text":"تَتَّبِعِ","Translation":"follow","Transliteration":"tattabiʿi","Root":"ت ب ع"},{"Position":13,"AudioFileName":"038_026_013.mp3","TajweedImageFilePath":"38/26/13.png","Text":"ٱلْهَوَىٰ","Translation":"the desire","Transliteration":"l-hawā","Root":"ه و ي"},{"Position":14,"AudioFileName":"038_026_014.mp3","TajweedImageFilePath":"38/26/14.png","Text":"فَيُضِلَّكَ","Translation":"for it will lead you astray","Transliteration":"fayuḍillaka","Root":"ض ل ل"},{"Position":15,"AudioFileName":"038_026_015.mp3","TajweedImageFilePath":"38/26/15.png","Text":"عَن","Translation":"from","Transliteration":"ʿan","Root":"ع ن"},{"Position":16,"AudioFileName":"038_026_016.mp3","TajweedImageFilePath":"38/26/16.png","Text":"سَبِيلِ","Translation":"(the) way","Transliteration":"sabīli","Root":"س ب ل"},{"Position":17,"AudioFileName":"038_026_017.mp3","TajweedImageFilePath":"38/26/17.png","Text":"ٱللَّهِ ۚ","Translation":"(of) Allah","Transliteration":"l-lahi","Root":"أ ل ه"},{"Position":18,"AudioFileName":"038_026_018.mp3","TajweedImageFilePath":"38/26/18.png","Text":"إِنَّ","Translation":"Indeed","Transliteration":"inna","Root":"ا ن ن"},{"Position":19,"AudioFileName":"038_026_019.mp3","TajweedImageFilePath":"38/26/19.png","Text":"ٱلَّذِينَ","Translation":"those who","Transliteration":"alladhīna","Root":"ٱلَّذِى"},{"Position":20,"AudioFileName":"038_026_020.mp3","TajweedImageFilePath":"38/26/20.png","Text":"يَضِلُّونَ","Translation":"go astray","Transliteration":"yaḍillūna","Root":"ض ل ل"},{"Position":21,"AudioFileName":"038_026_021.mp3","TajweedImageFilePath":"38/26/21.png","Text":"عَن","Translation":"from","Transliteration":"ʿan","Root":"ع ن"},{"Position":22,"AudioFileName":"038_026_022.mp3","TajweedImageFilePath":"38/26/22.png","Text":"سَبِيلِ","Translation":"(the) way","Transliteration":"sabīli","Root":"س ب ل"},{"Position":23,"AudioFileName":"038_026_023.mp3","TajweedImageFilePath":"38/26/23.png","Text":"ٱللَّهِ","Translation":"(of) Allah","Transliteration":"l-lahi","Root":"أ ل ه"},{"Position":24,"AudioFileName":"038_026_024.mp3","TajweedImageFilePath":"38/26/24.png","Text":"لَهُمْ","Translation":"for them","Transliteration":"lahum","Root":"ل"},{"Position":25,"AudioFileName":"038_026_025.mp3","TajweedImageFilePath":"38/26/25.png","Text":"عَذَابٌۭ","Translation":"(is) a punishment","Transliteration":"ʿadhābun","Root":"ع ذ ب"},{"Position":26,"AudioFileName":"038_026_026.mp3","TajweedImageFilePath":"38/26/26.png","Text":"شَدِيدٌۢ","Translation":"severe","Transliteration":"shadīdun","Root":"ش د د"},{"Position":27,"AudioFileName":"038_026_027.mp3","TajweedImageFilePath":"38/26/27.png","Text":"بِمَا","Translation":"because","Transliteration":"bimā","Root":"ب م ا"},{"Position":28,"AudioFileName":"038_026_028.mp3","TajweedImageFilePath":"38/26/28.png","Text":"نَسُوا۟","Translation":"they forgot","Transliteration":"nasū","Root":"ن س ي"},{"Position":29,"AudioFileName":"038_026_029.mp3","TajweedImageFilePath":"38/26/29.png","Text":"يَوْمَ","Translation":"(the) Day","Transliteration":"yawma","Root":"ي و م"},{"Position":30,"AudioFileName":"038_026_030.mp3","TajweedImageFilePath":"38/26/30.png","Text":"ٱلْحِسَابِ","Translation":"(of) Account","Transliteration":"l-ḥisābi","Root":"ح س ب"},{"Position":31,"AudioFileName":null,"TajweedImageFilePath":"26.png","Text":"٢٦","Translation":"(26)","Transliteration":null,"Root":null}],"PageNumber":454,"JuzNumber":23,"ManzilNumber":6,"RukuNumber":392,"MaqraNumber":182,"HizbNumber":46,"HizbDecimal":0.25,"HasSajda":false},{"SurahNumber":38,"SurahIndex":"038","VerseNumber":27,"ShowSurahName":false,"ShowBismillah":false,"Words":[{"Position":1,"AudioFileName":"038_027_001.mp3","TajweedImageFilePath":"38/27/1.png","Text":"وَمَا","Translation":"And not","Transliteration":"wamā","Root":"م ا"},{"Position":2,"AudioFileName":"038_027_002.mp3","TajweedImageFilePath":"38/27/2.png","Text":"خَلَقْنَا","Translation":"We created","Transliteration":"khalaqnā","Root":"خ ل ق"},{"Position":3,"AudioFileName":"038_027_003.mp3","TajweedImageFilePath":"38/27/3.png","Text":"ٱلسَّمَآءَ","Translation":"the heaven","Transliteration":"l-samāa","Root":"س م و"},{"Position":4,"AudioFileName":"038_027_004.mp3","TajweedImageFilePath":"38/27/4.png","Text":"وَٱلْأَرْضَ","Translation":"and the earth","Transliteration":"wal-arḍa","Root":"أ ر ض"},{"Position":5,"AudioFileName":"038_027_005.mp3","TajweedImageFilePath":"38/27/5.png","Text":"وَمَا","Translation":"and whatever","Transliteration":"wamā","Root":"م ا"},{"Position":6,"AudioFileName":"038_027_006.mp3","TajweedImageFilePath":"38/27/6.png","Text":"بَيْنَهُمَا","Translation":"(is) between them","Transliteration":"baynahumā","Root":"ب ي ن"},{"Position":7,"AudioFileName":"038_027_007.mp3","TajweedImageFilePath":"38/27/7.png","Text":"بَـٰطِلًۭا ۚ","Translation":"without purpose","Transliteration":"bāṭilan","Root":"ب ط ل"},{"Position":8,"AudioFileName":"038_027_008.mp3","TajweedImageFilePath":"38/27/8.png","Text":"ذَٰلِكَ","Translation":"That","Transliteration":"dhālika","Root":"ذ ل ك"},{"Position":9,"AudioFileName":"038_027_009.mp3","TajweedImageFilePath":"38/27/9.png","Text":"ظَنُّ","Translation":"(is the) assumption","Transliteration":"ẓannu","Root":"ظ ن ن"},{"Position":10,"AudioFileName":"038_027_010.mp3","TajweedImageFilePath":"38/27/10.png","Text":"ٱلَّذِينَ","Translation":"(of) those who","Transliteration":"alladhīna","Root":"ٱلَّذِى"},{"Position":11,"AudioFileName":"038_027_011.mp3","TajweedImageFilePath":"38/27/11.png","Text":"كَفَرُوا۟ ۚ","Translation":"disbelieve","Transliteration":"kafarū","Root":"ك ف ر"},{"Position":12,"AudioFileName":"038_027_012.mp3","TajweedImageFilePath":"38/27/12.png","Text":"فَوَيْلٌۭ","Translation":"So woe","Transliteration":"fawaylun","Root":"و ى ل"},{"Position":13,"AudioFileName":"038_027_013.mp3","TajweedImageFilePath":"38/27/13.png","Text":"لِّلَّذِينَ","Translation":"to those","Transliteration":"lilladhīna","Root":"ٱلَّذِى"},{"Position":14,"AudioFileName":"038_027_014.mp3","TajweedImageFilePath":"38/27/14.png","Text":"كَفَرُوا۟","Translation":"who disbelieve","Transliteration":"kafarū","Root":"ك ف ر"},{"Position":15,"AudioFileName":"038_027_015.mp3","TajweedImageFilePath":"38/27/15.png","Text":"مِنَ","Translation":"from","Transliteration":"mina","Root":"م ن"},{"Position":16,"AudioFileName":"038_027_016.mp3","TajweedImageFilePath":"38/27/16.png","Text":"ٱلنَّارِ","Translation":"the Fire","Transliteration":"l-nāri","Root":"ن و ر"},{"Position":17,"AudioFileName":null,"TajweedImageFilePath":"27.png","Text":"٢٧","Translation":"(27)","Transliteration":null,"Root":null}],"PageNumber":455,"JuzNumber":23,"ManzilNumber":6,"RukuNumber":393,"MaqraNumber":182,"HizbNumber":46,"HizbDecimal":0.25,"HasSajda":false},{"SurahNumber":38,"SurahIndex":"038","VerseNumber":28,"ShowSurahName":false,"ShowBismillah":false,"Words":[{"Position":1,"AudioFileName":"038_028_001.mp3","TajweedImageFilePath":"38/28/1.png","Text":"أَمْ","Translation":"Or","Transliteration":"am","Root":"أَم"},{"Position":2,"AudioFileName":"038_028_002.mp3","TajweedImageFilePath":"38/28/2.png","Text":"نَجْعَلُ","Translation":"should We treat","Transliteration":"najʿalu","Root":"ج ع ل"},{"Position":3,"AudioFileName":"038_028_003.mp3","TajweedImageFilePath":"38/28/3.png","Text":"ٱلَّذِينَ","Translation":"those who","Transliteration":"alladhīna","Root":"ٱلَّذِى"},{"Position":4,"AudioFileName":"038_028_004.mp3","TajweedImageFilePath":"38/28/4.png","Text":"ءَامَنُوا۟","Translation":"believe","Transliteration":"āmanū","Root":"أ م ن"},{"Position":5,"AudioFileName":"038_028_005.mp3","TajweedImageFilePath":"38/28/5.png","Text":"وَعَمِلُوا۟","Translation":"and do","Transliteration":"waʿamilū","Root":"ع م ل"},{"Position":6,"AudioFileName":"038_028_006.mp3","TajweedImageFilePath":"38/28/6.png","Text":"ٱلصَّـٰلِحَـٰتِ","Translation":"righteous deeds","Transliteration":"l-ṣāliḥāti","Root":"ص ل ح"},{"Position":7,"AudioFileName":"038_028_007.mp3","TajweedImageFilePath":"38/28/7.png","Text":"كَٱلْمُفْسِدِينَ","Translation":"like those who spread corruption","Transliteration":"kal-muf'sidīna","Root":"ف س د"},{"Position":8,"AudioFileName":"038_028_008.mp3","TajweedImageFilePath":"38/28/8.png","Text":"فِى","Translation":"in","Transliteration":"fī","Root":"ف ى"},{"Position":9,"AudioFileName":"038_028_009.mp3","TajweedImageFilePath":"38/28/9.png","Text":"ٱلْأَرْضِ","Translation":"the earth","Transliteration":"l-arḍi","Root":"أ ر ض"},{"Position":10,"AudioFileName":"038_028_010.mp3","TajweedImageFilePath":"38/28/10.png","Text":"أَمْ","Translation":"Or","Transliteration":"am","Root":"أَم"},{"Position":11,"AudioFileName":"038_028_011.mp3","TajweedImageFilePath":"38/28/11.png","Text":"نَجْعَلُ","Translation":"should We treat","Transliteration":"najʿalu","Root":"ج ع ل"},{"Position":12,"AudioFileName":"038_028_012.mp3","TajweedImageFilePath":"38/28/12.png","Text":"ٱلْمُتَّقِينَ","Translation":"the pious","Transliteration":"l-mutaqīna","Root":"و ق ي"},{"Position":13,"AudioFileName":"038_028_013.mp3","TajweedImageFilePath":"38/28/13.png","Text":"كَٱلْفُجَّارِ","Translation":"like the wicked","Transliteration":"kal-fujāri","Root":"ف ج ر"},{"Position":14,"AudioFileName":null,"TajweedImageFilePath":"28.png","Text":"٢٨","Translation":"(28)","Transliteration":null,"Root":null}],"PageNumber":455,"JuzNumber":23,"ManzilNumber":6,"RukuNumber":393,"MaqraNumber":182,"HizbNumber":46,"HizbDecimal":0.25,"HasSajda":false},{"SurahNumber":38,"SurahIndex":"038","VerseNumber":29,"ShowSurahName":false,"ShowBismillah":false,"Words":[{"Position":1,"AudioFileName":"038_029_001.mp3","TajweedImageFilePath":"38/29/1.png","Text":"كِتَـٰبٌ","Translation":"(This is) a Book","Transliteration":"kitābun","Root":"ك ت ب"},{"Position":2,"AudioFileName":"038_029_002.mp3","TajweedImageFilePath":"38/29/2.png","Text":"أَنزَلْنَـٰهُ","Translation":"We have revealed it","Transliteration":"anzalnāhu","Root":"ن ز ل"},{"Position":3,"AudioFileName":"038_029_003.mp3","TajweedImageFilePath":"38/29/3.png","Text":"إِلَيْكَ","Translation":"to you","Transliteration":"ilayka","Root":"إِلَىٰ"},{"Position":4,"AudioFileName":"038_029_004.mp3","TajweedImageFilePath":"38/29/4.png","Text":"مُبَـٰرَكٌۭ","Translation":"blessed","Transliteration":"mubārakun","Root":"ب ر ك"},{"Position":5,"AudioFileName":"038_029_005.mp3","TajweedImageFilePath":"38/29/5.png","Text":"لِّيَدَّبَّرُوٓا۟","Translation":"that they may ponder","Transliteration":"liyaddabbarū","Root":"د ب ر"},{"Position":6,"AudioFileName":"038_029_006.mp3","TajweedImageFilePath":"38/29/6.png","Text":"ءَايَـٰتِهِۦ","Translation":"(over) its Verses","Transliteration":"āyātihi","Root":"أ ي ي"},{"Position":7,"AudioFileName":"038_029_007.mp3","TajweedImageFilePath":"38/29/7.png","Text":"وَلِيَتَذَكَّرَ","Translation":"and may be reminded","Transliteration":"waliyatadhakkara","Root":"ذ ك ر"},{"Position":8,"AudioFileName":"038_029_008.mp3","TajweedImageFilePath":"38/29/8.png","Text":"أُو۟لُوا۟","Translation":"those of understanding","Transliteration":"ulū","Root":"أ و ل"},{"Position":9,"AudioFileName":"038_029_009.mp3","TajweedImageFilePath":"38/29/9.png","Text":"ٱلْأَلْبَـٰبِ","Translation":"those of understanding","Transliteration":"l-albābi","Root":"ل ب ب"},{"Position":10,"AudioFileName":null,"TajweedImageFilePath":"29.png","Text":"٢٩","Translation":"(29)","Transliteration":null,"Root":null}],"PageNumber":455,"JuzNumber":23,"ManzilNumber":6,"RukuNumber":393,"MaqraNumber":182,"HizbNumber":46,"HizbDecimal":0.25,"HasSajda":false},{"SurahNumber":38,"SurahIndex":"038","VerseNumber":30,"ShowSurahName":false,"ShowBismillah":false,"Words":[{"Position":1,"AudioFileName":"038_030_001.mp3","TajweedImageFilePath":"38/30/1.png","Text":"وَوَهَبْنَا","Translation":"And We gave","Transliteration":"wawahabnā","Root":"و ه ب"},{"Position":2,"AudioFileName":"038_030_002.mp3","TajweedImageFilePath":"38/30/2.png","Text":"لِدَاوُۥدَ","Translation":"to Dawood","Transliteration":"lidāwūda","Root":"د و د"},{"Position":3,"AudioFileName":"038_030_003.mp3","TajweedImageFilePath":"38/30/3.png","Text":"سُلَيْمَـٰنَ ۚ","Translation":"Sulaiman","Transliteration":"sulaymāna","Root":"س ل م"},{"Position":4,"AudioFileName":"038_030_004.mp3","TajweedImageFilePath":"38/30/4.png","Text":"نِعْمَ","Translation":"an excellent","Transliteration":"niʿ'ma","Root":"ن ع م"},{"Position":5,"AudioFileName":"038_030_005.mp3","TajweedImageFilePath":"38/30/5.png","Text":"ٱلْعَبْدُ ۖ","Translation":"slave","Transliteration":"l-ʿabdu","Root":"ع ب د"},{"Position":6,"AudioFileName":"038_030_006.mp3","TajweedImageFilePath":"38/30/6.png","Text":"إِنَّهُۥٓ","Translation":"Indeed, he","Transliteration":"innahu","Root":"ا ن ن"},{"Position":7,"AudioFileName":"038_030_007.mp3","TajweedImageFilePath":"38/30/7.png","Text":"أَوَّابٌ","Translation":"(was) one who repeatedly turned","Transliteration":"awwābun","Root":"أ و ب"},{"Position":8,"AudioFileName":null,"TajweedImageFilePath":"30.png","Text":"٣٠","Translation":"(30)","Transliteration":null,"Root":null}],"PageNumber":455,"JuzNumber":23,"ManzilNumber":6,"RukuNumber":393,"MaqraNumber":182,"HizbNumber":46,"HizbDecimal":0.25,"HasSajda":false},{"SurahNumber":38,"SurahIndex":"038","VerseNumber":31,"ShowSurahName":false,"ShowBismillah":false,"Words":[{"Position":1,"AudioFileName":"038_031_001.mp3","TajweedImageFilePath":"38/31/1.png","Text":"إِذْ","Translation":"When","Transliteration":"idh","Root":"إِذ"},{"Position":2,"AudioFileName":"038_031_002.mp3","TajweedImageFilePath":"38/31/2.png","Text":"عُرِضَ","Translation":"were displayed","Transliteration":"ʿuriḍa","Root":"ع ر ض"},{"Position":3,"AudioFileName":"038_031_003.mp3","TajweedImageFilePath":"38/31/3.png","Text":"عَلَيْهِ","Translation":"to him","Transliteration":"ʿalayhi","Root":"ع ل ى"},{"Position":4,"AudioFileName":"038_031_004.mp3","TajweedImageFilePath":"38/31/4.png","Text":"بِٱلْعَشِىِّ","Translation":"in the afternoon","Transliteration":"bil-ʿashiyi","Root":"ع ش و"},{"Position":5,"AudioFileName":"038_031_005.mp3","TajweedImageFilePath":"38/31/5.png","Text":"ٱلصَّـٰفِنَـٰتُ","Translation":"excellent bred steeds","Transliteration":"l-ṣāfinātu","Root":"ص ف ن"},{"Position":6,"AudioFileName":"038_031_006.mp3","TajweedImageFilePath":"38/31/6.png","Text":"ٱلْجِيَادُ","Translation":"excellent bred steeds","Transliteration":"l-jiyādu","Root":"ج و د"},{"Position":7,"AudioFileName":null,"TajweedImageFilePath":"31.png","Text":"٣١","Translation":"(31)","Transliteration":null,"Root":null}],"PageNumber":455,"JuzNumber":23,"ManzilNumber":6,"RukuNumber":393,"MaqraNumber":182,"HizbNumber":46,"HizbDecimal":0.25,"HasSajda":false},{"SurahNumber":38,"SurahIndex":"038","VerseNumber":32,"ShowSurahName":false,"ShowBismillah":false,"Words":[{"Position":1,"AudioFileName":"038_032_001.mp3","TajweedImageFilePath":"38/32/1.png","Text":"فَقَالَ","Translation":"And he said","Transliteration":"faqāla","Root":"ق و ل"},{"Position":2,"AudioFileName":"038_032_002.mp3","TajweedImageFilePath":"38/32/2.png","Text":"إِنِّىٓ","Translation":"Indeed, I","Transliteration":"innī","Root":"ا ن ن"},{"Position":3,"AudioFileName":"038_032_003.mp3","TajweedImageFilePath":"38/32/3.png","Text":"أَحْبَبْتُ","Translation":"[I] preferred","Transliteration":"aḥbabtu","Root":"ح ب ب"},{"Position":4,"AudioFileName":"038_032_004.mp3","TajweedImageFilePath":"38/32/4.png","Text":"حُبَّ","Translation":"(the) love","Transliteration":"ḥubba","Root":"ح ب ب"},{"Position":5,"AudioFileName":"038_032_005.mp3","TajweedImageFilePath":"38/32/5.png","Text":"ٱلْخَيْرِ","Translation":"(of) the good","Transliteration":"l-khayri","Root":"خ ي ر"},{"Position":6,"AudioFileName":"038_032_006.mp3","TajweedImageFilePath":"38/32/6.png","Text":"عَن","Translation":"over","Transliteration":"ʿan","Root":"ع ن"},{"Position":7,"AudioFileName":"038_032_007.mp3","TajweedImageFilePath":"38/32/7.png","Text":"ذِكْرِ","Translation":"(the) remembrance","Transliteration":"dhik'ri","Root":"ذ ك ر"},{"Position":8,"AudioFileName":"038_032_008.mp3","TajweedImageFilePath":"38/32/8.png","Text":"رَبِّى","Translation":"(of) my Lord","Transliteration":"rabbī","Root":"ر ب ب"},{"Position":9,"AudioFileName":"038_032_009.mp3","TajweedImageFilePath":"38/32/9.png","Text":"حَتَّىٰ","Translation":"Until","Transliteration":"ḥattā","Root":"ح ت ت ى"},{"Position":10,"AudioFileName":"038_032_010.mp3","TajweedImageFilePath":"38/32/10.png","Text":"تَوَارَتْ","Translation":"they were hidden","Transliteration":"tawārat","Root":"و ر ي"},{"Position":11,"AudioFileName":"038_032_011.mp3","TajweedImageFilePath":"38/32/11.png","Text":"بِٱلْحِجَابِ","Translation":"in the veil","Transliteration":"bil-ḥijābi","Root":"ح ج ب"},{"Position":12,"AudioFileName":null,"TajweedImageFilePath":"32.png","Text":"٣٢","Translation":"(32)","Transliteration":null,"Root":null}],"PageNumber":455,"JuzNumber":23,"ManzilNumber":6,"RukuNumber":393,"MaqraNumber":182,"HizbNumber":46,"HizbDecimal":0.25,"HasSajda":false},{"SurahNumber":38,"SurahIndex":"038","VerseNumber":33,"ShowSurahName":false,"ShowBismillah":false,"Words":[{"Position":1,"AudioFileName":"038_033_001.mp3","TajweedImageFilePath":"38/33/1.png","Text":"رُدُّوهَا","Translation":"Return them","Transliteration":"ruddūhā","Root":"ر د د"},{"Position":2,"AudioFileName":"038_033_002.mp3","TajweedImageFilePath":"38/33/2.png","Text":"عَلَىَّ ۖ","Translation":"to me","Transliteration":"ʿalayya","Root":"ع ل ى"},{"Position":3,"AudioFileName":"038_033_003.mp3","TajweedImageFilePath":"38/33/3.png","Text":"فَطَفِقَ","Translation":"Then he began","Transliteration":"faṭafiqa","Root":"ط ف ق"},{"Position":4,"AudioFileName":"038_033_004.mp3","TajweedImageFilePath":"38/33/4.png","Text":"مَسْحًۢا","Translation":"(to) pass (his hand)","Transliteration":"masḥan","Root":"م س ح"},{"Position":5,"AudioFileName":"038_033_005.mp3","TajweedImageFilePath":"38/33/5.png","Text":"بِٱلسُّوقِ","Translation":"over the legs","Transliteration":"bil-sūqi","Root":"س و ق"},{"Position":6,"AudioFileName":"038_033_006.mp3","TajweedImageFilePath":"38/33/6.png","Text":"وَٱلْأَعْنَاقِ","Translation":"and the necks","Transliteration":"wal-aʿnāqi","Root":"ع ن ق"},{"Position":7,"AudioFileName":null,"TajweedImageFilePath":"33.png","Text":"٣٣","Translation":"(33)","Transliteration":null,"Root":null}],"PageNumber":455,"JuzNumber":23,"ManzilNumber":6,"RukuNumber":393,"MaqraNumber":182,"HizbNumber":46,"HizbDecimal":0.25,"HasSajda":false},{"SurahNumber":38,"SurahIndex":"038","VerseNumber":34,"ShowSurahName":false,"ShowBismillah":false,"Words":[{"Position":1,"AudioFileName":"038_034_001.mp3","TajweedImageFilePath":"38/34/1.png","Text":"وَلَقَدْ","Translation":"And certainly","Transliteration":"walaqad","Root":"ق د"},{"Position":2,"AudioFileName":"038_034_002.mp3","TajweedImageFilePath":"38/34/2.png","Text":"فَتَنَّا","Translation":"We tried","Transliteration":"fatannā","Root":"ف ت ن"},{"Position":3,"AudioFileName":"038_034_003.mp3","TajweedImageFilePath":"38/34/3.png","Text":"سُلَيْمَـٰنَ","Translation":"Sulaiman","Transliteration":"sulaymāna","Root":"س ل م"},{"Position":4,"AudioFileName":"038_034_004.mp3","TajweedImageFilePath":"38/34/4.png","Text":"وَأَلْقَيْنَا","Translation":"and We placed","Transliteration":"wa-alqaynā","Root":"ل ق ي"},{"Position":5,"AudioFileName":"038_034_005.mp3","TajweedImageFilePath":"38/34/5.png","Text":"عَلَىٰ","Translation":"on","Transliteration":"ʿalā","Root":"ع ل ى"},{"Position":6,"AudioFileName":"038_034_006.mp3","TajweedImageFilePath":"38/34/6.png","Text":"كُرْسِيِّهِۦ","Translation":"his throne","Transliteration":"kur'siyyihi","Root":"ك ر س"},{"Position":7,"AudioFileName":"038_034_007.mp3","TajweedImageFilePath":"38/34/7.png","Text":"جَسَدًۭا","Translation":"a body","Transliteration":"jasadan","Root":"ج س د"},{"Position":8,"AudioFileName":"038_034_008.mp3","TajweedImageFilePath":"38/34/8.png","Text":"ثُمَّ","Translation":"then","Transliteration":"thumma","Root":"ث م م"},{"Position":9,"AudioFileName":"038_034_009.mp3","TajweedImageFilePath":"38/34/9.png","Text":"أَنَابَ","Translation":"he turned","Transliteration":"anāba","Root":"ن و ب"},{"Position":10,"AudioFileName":null,"TajweedImageFilePath":"34.png","Text":"٣٤","Translation":"(34)","Transliteration":null,"Root":null}],"PageNumber":455,"JuzNumber":23,"ManzilNumber":6,"RukuNumber":393,"MaqraNumber":182,"HizbNumber":46,"HizbDecimal":0.25,"HasSajda":false},{"SurahNumber":38,"SurahIndex":"038","VerseNumber":35,"ShowSurahName":false,"ShowBismillah":false,"Words":[{"Position":1,"AudioFileName":"038_035_001.mp3","TajweedImageFilePath":"38/35/1.png","Text":"قَالَ","Translation":"He said","Transliteration":"qāla","Root":"ق و ل"},{"Position":2,"AudioFileName":"038_035_002.mp3","TajweedImageFilePath":"38/35/2.png","Text":"رَبِّ","Translation":"O my Lord","Transliteration":"rabbi","Root":"ر ب ب"},{"Position":3,"AudioFileName":"038_035_003.mp3","TajweedImageFilePath":"38/35/3.png","Text":"ٱغْفِرْ","Translation":"Forgive","Transliteration":"igh'fir","Root":"غ ف ر"},{"Position":4,"AudioFileName":"038_035_004.mp3","TajweedImageFilePath":"38/35/4.png","Text":"لِى","Translation":"me","Transliteration":"lī","Root":"ل"},{"Position":5,"AudioFileName":"038_035_005.mp3","TajweedImageFilePath":"38/35/5.png","Text":"وَهَبْ","Translation":"and grant","Transliteration":"wahab","Root":"و ه ب"},{"Position":6,"AudioFileName":"038_035_006.mp3","TajweedImageFilePath":"38/35/6.png","Text":"لِى","Translation":"me","Transliteration":"lī","Root":"ل"},{"Position":7,"AudioFileName":"038_035_007.mp3","TajweedImageFilePath":"38/35/7.png","Text":"مُلْكًۭا","Translation":"a kingdom","Transliteration":"mul'kan","Root":"م ل ك"},{"Position":8,"AudioFileName":"038_035_008.mp3","TajweedImageFilePath":"38/35/8.png","Text":"لَّا","Translation":"not","Transliteration":"lā","Root":"ل ا"},{"Position":9,"AudioFileName":"038_035_009.mp3","TajweedImageFilePath":"38/35/9.png","Text":"يَنۢبَغِى","Translation":"(will) belong","Transliteration":"yanbaghī","Root":"ب غ ي"},{"Position":10,"AudioFileName":"038_035_010.mp3","TajweedImageFilePath":"38/35/10.png","Text":"لِأَحَدٍۢ","Translation":"to anyone","Transliteration":"li-aḥadin","Root":"أ ح د"},{"Position":11,"AudioFileName":"038_035_011.mp3","TajweedImageFilePath":"38/35/11.png","Text":"مِّنۢ","Translation":"after me","Transliteration":"min","Root":"م ن"},{"Position":12,"AudioFileName":"038_035_012.mp3","TajweedImageFilePath":"38/35/12.png","Text":"بَعْدِىٓ ۖ","Translation":"after me","Transliteration":"baʿdī","Root":"ب ع د"},{"Position":13,"AudioFileName":"038_035_013.mp3","TajweedImageFilePath":"38/35/13.png","Text":"إِنَّكَ","Translation":"Indeed, You","Transliteration":"innaka","Root":"ا ن ن"},{"Position":14,"AudioFileName":"038_035_014.mp3","TajweedImageFilePath":"38/35/14.png","Text":"أَنتَ","Translation":"[You]","Transliteration":"anta","Root":"ا ن ت"},{"Position":15,"AudioFileName":"038_035_015.mp3","TajweedImageFilePath":"38/35/15.png","Text":"ٱلْوَهَّابُ","Translation":"(are) the Bestower","Transliteration":"l-wahābu","Root":"و ه ب"},{"Position":16,"AudioFileName":null,"TajweedImageFilePath":"35.png","Text":"٣٥","Translation":"(35)","Transliteration":null,"Root":null}],"PageNumber":455,"JuzNumber":23,"ManzilNumber":6,"RukuNumber":393,"MaqraNumber":182,"HizbNumber":46,"HizbDecimal":0.25,"HasSajda":false},{"SurahNumber":38,"SurahIndex":"038","VerseNumber":36,"ShowSurahName":false,"ShowBismillah":false,"Words":[{"Position":1,"AudioFileName":"038_036_001.mp3","TajweedImageFilePath":"38/36/1.png","Text":"فَسَخَّرْنَا","Translation":"Then We subjected","Transliteration":"fasakharnā","Root":"س خ ر"},{"Position":2,"AudioFileName":"038_036_002.mp3","TajweedImageFilePath":"38/36/2.png","Text":"لَهُ","Translation":"to him","Transliteration":"lahu","Root":"ل"},{"Position":3,"AudioFileName":"038_036_003.mp3","TajweedImageFilePath":"38/36/3.png","Text":"ٱلرِّيحَ","Translation":"the wind","Transliteration":"l-rīḥa","Root":"ر و ح"},{"Position":4,"AudioFileName":"038_036_004.mp3","TajweedImageFilePath":"38/36/4.png","Text":"تَجْرِى","Translation":"to flow","Transliteration":"tajrī","Root":"ج ر ي"},{"Position":5,"AudioFileName":"038_036_005.mp3","TajweedImageFilePath":"38/36/5.png","Text":"بِأَمْرِهِۦ","Translation":"by his command","Transliteration":"bi-amrihi","Root":"أ م ر"},{"Position":6,"AudioFileName":"038_036_006.mp3","TajweedImageFilePath":"38/36/6.png","Text":"رُخَآءً","Translation":"gently","Transliteration":"rukhāan","Root":"ر خ و"},{"Position":7,"AudioFileName":"038_036_007.mp3","TajweedImageFilePath":"38/36/7.png","Text":"حَيْثُ","Translation":"wherever","Transliteration":"ḥaythu","Root":"ح ي ث"},{"Position":8,"AudioFileName":"038_036_008.mp3","TajweedImageFilePath":"38/36/8.png","Text":"أَصَابَ","Translation":"he directed","Transliteration":"aṣāba","Root":"ص و ب"},{"Position":9,"AudioFileName":null,"TajweedImageFilePath":"36.png","Text":"٣٦","Translation":"(36)","Transliteration":null,"Root":null}],"PageNumber":455,"JuzNumber":23,"ManzilNumber":6,"RukuNumber":393,"MaqraNumber":182,"HizbNumber":46,"HizbDecimal":0.25,"HasSajda":false},{"SurahNumber":38,"SurahIndex":"038","VerseNumber":37,"ShowSurahName":false,"ShowBismillah":false,"Words":[{"Position":1,"AudioFileName":"038_037_001.mp3","TajweedImageFilePath":"38/37/1.png","Text":"وَٱلشَّيَـٰطِينَ","Translation":"And the devils","Transliteration":"wal-shayāṭīna","Root":"ش ط ن"},{"Position":2,"AudioFileName":"038_037_002.mp3","TajweedImageFilePath":"38/37/2.png","Text":"كُلَّ","Translation":"every","Transliteration":"kulla","Root":"ك ل ل"},{"Position":3,"AudioFileName":"038_037_003.mp3","TajweedImageFilePath":"38/37/3.png","Text":"بَنَّآءٍۢ","Translation":"builder","Transliteration":"bannāin","Root":"ب ن ي"},{"Position":4,"AudioFileName":"038_037_004.mp3","TajweedImageFilePath":"38/37/4.png","Text":"وَغَوَّاصٍۢ","Translation":"and diver","Transliteration":"waghawwāṣin","Root":"غ و ص"},{"Position":5,"AudioFileName":null,"TajweedImageFilePath":"37.png","Text":"٣٧","Translation":"(37)","Transliteration":null,"Root":null}],"PageNumber":455,"JuzNumber":23,"ManzilNumber":6,"RukuNumber":393,"MaqraNumber":182,"HizbNumber":46,"HizbDecimal":0.25,"HasSajda":false},{"SurahNumber":38,"SurahIndex":"038","VerseNumber":38,"ShowSurahName":false,"ShowBismillah":false,"Words":[{"Position":1,"AudioFileName":"038_038_001.mp3","TajweedImageFilePath":"38/38/1.png","Text":"وَءَاخَرِينَ","Translation":"And others","Transliteration":"waākharīna","Root":"أ خ ر"},{"Position":2,"AudioFileName":"038_038_002.mp3","TajweedImageFilePath":"38/38/2.png","Text":"مُقَرَّنِينَ","Translation":"bound","Transliteration":"muqarranīna","Root":"ق ر ن"},{"Position":3,"AudioFileName":"038_038_003.mp3","TajweedImageFilePath":"38/38/3.png","Text":"فِى","Translation":"in","Transliteration":"fī","Root":"ف ى"},{"Position":4,"AudioFileName":"038_038_004.mp3","TajweedImageFilePath":"38/38/4.png","Text":"ٱلْأَصْفَادِ","Translation":"chains","Transliteration":"l-aṣfādi","Root":"ص ف د"},{"Position":5,"AudioFileName":null,"TajweedImageFilePath":"38.png","Text":"٣٨","Translation":"(38)","Transliteration":null,"Root":null}],"PageNumber":455,"JuzNumber":23,"ManzilNumber":6,"RukuNumber":393,"MaqraNumber":182,"HizbNumber":46,"HizbDecimal":0.25,"HasSajda":false},{"SurahNumber":38,"SurahIndex":"038","VerseNumber":39,"ShowSurahName":false,"ShowBismillah":false,"Words":[{"Position":1,"AudioFileName":"038_039_001.mp3","TajweedImageFilePath":"38/39/1.png","Text":"هَـٰذَا","Translation":"This","Transliteration":"hādhā","Root":"ه ا ذ"},{"Position":2,"AudioFileName":"038_039_002.mp3","TajweedImageFilePath":"38/39/2.png","Text":"عَطَآؤُنَا","Translation":"(is) Our gift","Transliteration":"ʿaṭāunā","Root":"ع ط و"},{"Position":3,"AudioFileName":"038_039_003.mp3","TajweedImageFilePath":"38/39/3.png","Text":"فَٱمْنُنْ","Translation":"so grant","Transliteration":"fa-um'nun","Root":"م ن ن"},{"Position":4,"AudioFileName":"038_039_004.mp3","TajweedImageFilePath":"38/39/4.png","Text":"أَوْ","Translation":"or","Transliteration":"aw","Root":"ا و"},{"Position":5,"AudioFileName":"038_039_005.mp3","TajweedImageFilePath":"38/39/5.png","Text":"أَمْسِكْ","Translation":"withhold","Transliteration":"amsik","Root":"م س ك"},{"Position":6,"AudioFileName":"038_039_006.mp3","TajweedImageFilePath":"38/39/6.png","Text":"بِغَيْرِ","Translation":"without","Transliteration":"bighayri","Root":"غ ي ر"},{"Position":7,"AudioFileName":"038_039_007.mp3","TajweedImageFilePath":"38/39/7.png","Text":"حِسَابٍۢ","Translation":"account","Transliteration":"ḥisābin","Root":"ح س ب"},{"Position":8,"AudioFileName":null,"TajweedImageFilePath":"39.png","Text":"٣٩","Translation":"(39)","Transliteration":null,"Root":null}],"PageNumber":455,"JuzNumber":23,"ManzilNumber":6,"RukuNumber":393,"MaqraNumber":182,"HizbNumber":46,"HizbDecimal":0.25,"HasSajda":false},{"SurahNumber":38,"SurahIndex":"038","VerseNumber":40,"ShowSurahName":false,"ShowBismillah":false,"Words":[{"Position":1,"AudioFileName":"038_040_001.mp3","TajweedImageFilePath":"38/40/1.png","Text":"وَإِنَّ","Translation":"And indeed","Transliteration":"wa-inna","Root":"ا ن ن"},{"Position":2,"AudioFileName":"038_040_002.mp3","TajweedImageFilePath":"38/40/2.png","Text":"لَهُۥ","Translation":"for him","Transliteration":"lahu","Root":"ل"},{"Position":3,"AudioFileName":"038_040_003.mp3","TajweedImageFilePath":"38/40/3.png","Text":"عِندَنَا","Translation":"with Us","Transliteration":"ʿindanā","Root":"ع ن د"},{"Position":4,"AudioFileName":"038_040_004.mp3","TajweedImageFilePath":"38/40/4.png","Text":"لَزُلْفَىٰ","Translation":"surely is a near access","Transliteration":"lazul'fā","Root":"ز ل ف"},{"Position":5,"AudioFileName":"038_040_005.mp3","TajweedImageFilePath":"38/40/5.png","Text":"وَحُسْنَ","Translation":"and a good","Transliteration":"waḥus'na","Root":"ح س ن"},{"Position":6,"AudioFileName":"038_040_006.mp3","TajweedImageFilePath":"38/40/6.png","Text":"مَـَٔابٍۢ","Translation":"place of return","Transliteration":"maābin","Root":"أ و ب"},{"Position":7,"AudioFileName":null,"TajweedImageFilePath":"40.png","Text":"٤٠","Translation":"(40)","Transliteration":null,"Root":null}],"PageNumber":455,"JuzNumber":23,"ManzilNumber":6,"RukuNumber":393,"MaqraNumber":182,"HizbNumber":46,"HizbDecimal":0.25,"HasSajda":false},{"SurahNumber":38,"SurahIndex":"038","VerseNumber":41,"ShowSurahName":false,"ShowBismillah":false,"Words":[{"Position":1,"AudioFileName":"038_041_001.mp3","TajweedImageFilePath":"38/41/1.png","Text":"وَٱذْكُرْ","Translation":"And remember","Transliteration":"wa-udh'kur","Root":"ذ ك ر"},{"Position":2,"AudioFileName":"038_041_002.mp3","TajweedImageFilePath":"38/41/2.png","Text":"عَبْدَنَآ","Translation":"Our slave","Transliteration":"ʿabdanā","Root":"ع ب د"},{"Position":3,"AudioFileName":"038_041_003.mp3","TajweedImageFilePath":"38/41/3.png","Text":"أَيُّوبَ","Translation":"Ayyub","Transliteration":"ayyūba","Root":"ا ى ب"},{"Position":4,"AudioFileName":"038_041_004.mp3","TajweedImageFilePath":"38/41/4.png","Text":"إِذْ","Translation":"when","Transliteration":"idh","Root":"إِذ"},{"Position":5,"AudioFileName":"038_041_005.mp3","TajweedImageFilePath":"38/41/5.png","Text":"نَادَىٰ","Translation":"he called","Transliteration":"nādā","Root":"ن د و"},{"Position":6,"AudioFileName":"038_041_006.mp3","TajweedImageFilePath":"38/41/6.png","Text":"رَبَّهُۥٓ","Translation":"his Lord","Transliteration":"rabbahu","Root":"ر ب ب"},{"Position":7,"AudioFileName":"038_041_007.mp3","TajweedImageFilePath":"38/41/7.png","Text":"أَنِّى","Translation":"That [I]","Transliteration":"annī","Root":"ا ن ن"},{"Position":8,"AudioFileName":"038_041_008.mp3","TajweedImageFilePath":"38/41/8.png","Text":"مَسَّنِىَ","Translation":"(has) touched me","Transliteration":"massaniya","Root":"م س س"},{"Position":9,"AudioFileName":"038_041_009.mp3","TajweedImageFilePath":"38/41/9.png","Text":"ٱلشَّيْطَـٰنُ","Translation":"Shaitaan","Transliteration":"l-shayṭānu","Root":"ش ط ن"},{"Position":10,"AudioFileName":"038_041_010.mp3","TajweedImageFilePath":"38/41/10.png","Text":"بِنُصْبٍۢ","Translation":"with distress","Transliteration":"binuṣ'bin","Root":"ن ص ب"},{"Position":11,"AudioFileName":"038_041_011.mp3","TajweedImageFilePath":"38/41/11.png","Text":"وَعَذَابٍ","Translation":"and suffering","Transliteration":"waʿadhābin","Root":"ع ذ ب"},{"Position":12,"AudioFileName":null,"TajweedImageFilePath":"41.png","Text":"٤١","Translation":"(41)","Transliteration":null,"Root":null}],"PageNumber":455,"JuzNumber":23,"ManzilNumber":6,"RukuNumber":394,"MaqraNumber":182,"HizbNumber":46,"HizbDecimal":0.25,"HasSajda":false},{"SurahNumber":38,"SurahIndex":"038","VerseNumber":42,"ShowSurahName":false,"ShowBismillah":false,"Words":[{"Position":1,"AudioFileName":"038_042_001.mp3","TajweedImageFilePath":"38/42/1.png","Text":"ٱرْكُضْ","Translation":"Strike","Transliteration":"ur'kuḍ","Root":"ر ك ض"},{"Position":2,"AudioFileName":"038_042_002.mp3","TajweedImageFilePath":"38/42/2.png","Text":"بِرِجْلِكَ ۖ","Translation":"with your foot","Transliteration":"birij'lika","Root":"ر ج ل"},{"Position":3,"AudioFileName":"038_042_003.mp3","TajweedImageFilePath":"38/42/3.png","Text":"هَـٰذَا","Translation":"This","Transliteration":"hādhā","Root":"ه ا ذ"},{"Position":4,"AudioFileName":"038_042_004.mp3","TajweedImageFilePath":"38/42/4.png","Text":"مُغْتَسَلٌۢ","Translation":"(is a spring of) water to bathe","Transliteration":"mugh'tasalun","Root":"غ س ل"},{"Position":5,"AudioFileName":"038_042_005.mp3","TajweedImageFilePath":"38/42/5.png","Text":"بَارِدٌۭ","Translation":"cool","Transliteration":"bāridun","Root":"ب ر د"},{"Position":6,"AudioFileName":"038_042_006.mp3","TajweedImageFilePath":"38/42/6.png","Text":"وَشَرَابٌۭ","Translation":"and a drink","Transliteration":"washarābun","Root":"ش ر ب"},{"Position":7,"AudioFileName":null,"TajweedImageFilePath":"42.png","Text":"٤٢","Translation":"(42)","Transliteration":null,"Root":null}],"PageNumber":455,"JuzNumber":23,"ManzilNumber":6,"RukuNumber":394,"MaqraNumber":182,"HizbNumber":46,"HizbDecimal":0.25,"HasSajda":false},{"SurahNumber":38,"SurahIndex":"038","VerseNumber":43,"ShowSurahName":false,"ShowBismillah":false,"Words":[{"Position":1,"AudioFileName":"038_043_001.mp3","TajweedImageFilePath":"38/43/1.png","Text":"وَوَهَبْنَا","Translation":"And We granted","Transliteration":"wawahabnā","Root":"و ه ب"},{"Position":2,"AudioFileName":"038_043_002.mp3","TajweedImageFilePath":"38/43/2.png","Text":"لَهُۥٓ","Translation":"[to] him","Transliteration":"lahu","Root":"ل"},{"Position":3,"AudioFileName":"038_043_003.mp3","TajweedImageFilePath":"38/43/3.png","Text":"أَهْلَهُۥ","Translation":"his family","Transliteration":"ahlahu","Root":"أ ه ل"},{"Position":4,"AudioFileName":"038_043_004.mp3","TajweedImageFilePath":"38/43/4.png","Text":"وَمِثْلَهُم","Translation":"and a like of them","Transliteration":"wamith'lahum","Root":"م ث ل"},{"Position":5,"AudioFileName":"038_043_005.mp3","TajweedImageFilePath":"38/43/5.png","Text":"مَّعَهُمْ","Translation":"with them","Transliteration":"maʿahum","Root":"م ع"},{"Position":6,"AudioFileName":"038_043_006.mp3","TajweedImageFilePath":"38/43/6.png","Text":"رَحْمَةًۭ","Translation":"a Mercy","Transliteration":"raḥmatan","Root":"ر ح م"},{"Position":7,"AudioFileName":"038_043_007.mp3","TajweedImageFilePath":"38/43/7.png","Text":"مِّنَّا","Translation":"from Us","Transliteration":"minnā","Root":"م ن"},{"Position":8,"AudioFileName":"038_043_008.mp3","TajweedImageFilePath":"38/43/8.png","Text":"وَذِكْرَىٰ","Translation":"and a Reminder","Transliteration":"wadhik'rā","Root":"ذ ك ر"},{"Position":9,"AudioFileName":"038_043_009.mp3","TajweedImageFilePath":"38/43/9.png","Text":"لِأُو۟لِى","Translation":"for those of understanding","Transliteration":"li-ulī","Root":"أ و ل"},{"Position":10,"AudioFileName":"038_043_010.mp3","TajweedImageFilePath":"38/43/10.png","Text":"ٱلْأَلْبَـٰبِ","Translation":"for those of understanding","Transliteration":"l-albābi","Root":"ل ب ب"},{"Position":11,"AudioFileName":null,"TajweedImageFilePath":"43.png","Text":"٤٣","Translation":"(43)","Transliteration":null,"Root":null}],"PageNumber":456,"JuzNumber":23,"ManzilNumber":6,"RukuNumber":394,"MaqraNumber":182,"HizbNumber":46,"HizbDecimal":0.25,"HasSajda":false},{"SurahNumber":38,"SurahIndex":"038","VerseNumber":44,"ShowSurahName":false,"ShowBismillah":false,"Words":[{"Position":1,"AudioFileName":"038_044_001.mp3","TajweedImageFilePath":"38/44/1.png","Text":"وَخُذْ","Translation":"And take","Transliteration":"wakhudh","Root":"أ خ ذ"},{"Position":2,"AudioFileName":"038_044_002.mp3","TajweedImageFilePath":"38/44/2.png","Text":"بِيَدِكَ","Translation":"in your hand","Transliteration":"biyadika","Root":"ي د ي"},{"Position":3,"AudioFileName":"038_044_003.mp3","TajweedImageFilePath":"38/44/3.png","Text":"ضِغْثًۭا","Translation":"a bunch","Transliteration":"ḍigh'than","Root":"ض غ ث"},{"Position":4,"AudioFileName":"038_044_004.mp3","TajweedImageFilePath":"38/44/4.png","Text":"فَٱضْرِب","Translation":"and strike","Transliteration":"fa-iḍ'rib","Root":"ض ر ب"},{"Position":5,"AudioFileName":"038_044_005.mp3","TajweedImageFilePath":"38/44/5.png","Text":"بِّهِۦ","Translation":"with it","Transliteration":"bihi","Root":"ب"},{"Position":6,"AudioFileName":"038_044_006.mp3","TajweedImageFilePath":"38/44/6.png","Text":"وَلَا","Translation":"and (do) not","Transliteration":"walā","Root":"ل ا"},{"Position":7,"AudioFileName":"038_044_007.mp3","TajweedImageFilePath":"38/44/7.png","Text":"تَحْنَثْ ۗ","Translation":"break (your) oath","Transliteration":"taḥnath","Root":"ح ن ث"},{"Position":8,"AudioFileName":"038_044_008.mp3","TajweedImageFilePath":"38/44/8.png","Text":"إِنَّا","Translation":"Indeed, We","Transliteration":"innā","Root":"ا ن ن"},{"Position":9,"AudioFileName":"038_044_009.mp3","TajweedImageFilePath":"38/44/9.png","Text":"وَجَدْنَـٰهُ","Translation":"[We] found him","Transliteration":"wajadnāhu","Root":"و ج د"},{"Position":10,"AudioFileName":"038_044_010.mp3","TajweedImageFilePath":"38/44/10.png","Text":"صَابِرًۭا ۚ","Translation":"patient","Transliteration":"ṣābiran","Root":"ص ب ر"},{"Position":11,"AudioFileName":"038_044_011.mp3","TajweedImageFilePath":"38/44/11.png","Text":"نِّعْمَ","Translation":"an excellent","Transliteration":"niʿ'ma","Root":"ن ع م"},{"Position":12,"AudioFileName":"038_044_012.mp3","TajweedImageFilePath":"38/44/12.png","Text":"ٱلْعَبْدُ ۖ","Translation":"slave","Transliteration":"l-ʿabdu","Root":"ع ب د"},{"Position":13,"AudioFileName":"038_044_013.mp3","TajweedImageFilePath":"38/44/13.png","Text":"إِنَّهُۥٓ","Translation":"Indeed, he","Transliteration":"innahu","Root":"ا ن ن"},{"Position":14,"AudioFileName":"038_044_014.mp3","TajweedImageFilePath":"38/44/14.png","Text":"أَوَّابٌۭ","Translation":"repeatedly turned","Transliteration":"awwābun","Root":"أ و ب"},{"Position":15,"AudioFileName":null,"TajweedImageFilePath":"44.png","Text":"٤٤","Translation":"(44)","Transliteration":null,"Root":null}],"PageNumber":456,"JuzNumber":23,"ManzilNumber":6,"RukuNumber":394,"MaqraNumber":182,"HizbNumber":46,"HizbDecimal":0.25,"HasSajda":false},{"SurahNumber":38,"SurahIndex":"038","VerseNumber":45,"ShowSurahName":false,"ShowBismillah":false,"Words":[{"Position":1,"AudioFileName":"038_045_001.mp3","TajweedImageFilePath":"38/45/1.png","Text":"وَٱذْكُرْ","Translation":"And remember","Transliteration":"wa-udh'kur","Root":"ذ ك ر"},{"Position":2,"AudioFileName":"038_045_002.mp3","TajweedImageFilePath":"38/45/2.png","Text":"عِبَـٰدَنَآ","Translation":"Our slaves","Transliteration":"ʿibādanā","Root":"ع ب د"},{"Position":3,"AudioFileName":"038_045_003.mp3","TajweedImageFilePath":"38/45/3.png","Text":"إِبْرَٰهِيمَ","Translation":"Ibrahim","Transliteration":"ib'rāhīma","Root":"إِبْرَاهِيم"},{"Position":4,"AudioFileName":"038_045_004.mp3","TajweedImageFilePath":"38/45/4.png","Text":"وَإِسْحَـٰقَ","Translation":"and Isaac","Transliteration":"wa-is'ḥāqa","Root":"إِسْحَاق"},{"Position":5,"AudioFileName":"038_045_005.mp3","TajweedImageFilePath":"38/45/5.png","Text":"وَيَعْقُوبَ","Translation":"and Ayyub","Transliteration":"wayaʿqūba","Root":"ى ع ق"},{"Position":6,"AudioFileName":"038_045_006.mp3","TajweedImageFilePath":"38/45/6.png","Text":"أُو۟لِى","Translation":"possessors","Transliteration":"ulī","Root":"أ و ل"},{"Position":7,"AudioFileName":"038_045_007.mp3","TajweedImageFilePath":"38/45/7.png","Text":"ٱلْأَيْدِى","Translation":"(of) strength","Transliteration":"l-aydī","Root":"ي د ي"},{"Position":8,"AudioFileName":"038_045_008.mp3","TajweedImageFilePath":"38/45/8.png","Text":"وَٱلْأَبْصَـٰرِ","Translation":"and vision","Transliteration":"wal-abṣāri","Root":"ب ص ر"},{"Position":9,"AudioFileName":null,"TajweedImageFilePath":"45.png","Text":"٤٥","Translation":"(45)","Transliteration":null,"Root":null}],"PageNumber":456,"JuzNumber":23,"ManzilNumber":6,"RukuNumber":394,"MaqraNumber":182,"HizbNumber":46,"HizbDecimal":0.25,"HasSajda":false},{"SurahNumber":38,"SurahIndex":"038","VerseNumber":46,"ShowSurahName":false,"ShowBismillah":false,"Words":[{"Position":1,"AudioFileName":"038_046_001.mp3","TajweedImageFilePath":"38/46/1.png","Text":"إِنَّآ","Translation":"Indeed, We","Transliteration":"innā","Root":"ا ن ن"},{"Position":2,"AudioFileName":"038_046_002.mp3","TajweedImageFilePath":"38/46/2.png","Text":"أَخْلَصْنَـٰهُم","Translation":"[We] chose them","Transliteration":"akhlaṣnāhum","Root":"خ ل ص"},{"Position":3,"AudioFileName":"038_046_003.mp3","TajweedImageFilePath":"38/46/3.png","Text":"بِخَالِصَةٍۢ","Translation":"for an exclusive (quality)","Transliteration":"bikhāliṣatin","Root":"خ ل ص"},{"Position":4,"AudioFileName":"038_046_004.mp3","TajweedImageFilePath":"38/46/4.png","Text":"ذِكْرَى","Translation":"remembrance","Transliteration":"dhik'rā","Root":"ذ ك ر"},{"Position":5,"AudioFileName":"038_046_005.mp3","TajweedImageFilePath":"38/46/5.png","Text":"ٱلدَّارِ","Translation":"(of) the Home","Transliteration":"l-dāri","Root":"د و ر"},{"Position":6,"AudioFileName":null,"TajweedImageFilePath":"46.png","Text":"٤٦","Translation":"(46)","Transliteration":null,"Root":null}],"PageNumber":456,"JuzNumber":23,"ManzilNumber":6,"RukuNumber":394,"MaqraNumber":182,"HizbNumber":46,"HizbDecimal":0.25,"HasSajda":false},{"SurahNumber":38,"SurahIndex":"038","VerseNumber":47,"ShowSurahName":false,"ShowBismillah":false,"Words":[{"Position":1,"AudioFileName":"038_047_001.mp3","TajweedImageFilePath":"38/47/1.png","Text":"وَإِنَّهُمْ","Translation":"And indeed, they","Transliteration":"wa-innahum","Root":"ا ن ن"},{"Position":2,"AudioFileName":"038_047_002.mp3","TajweedImageFilePath":"38/47/2.png","Text":"عِندَنَا","Translation":"to Us","Transliteration":"ʿindanā","Root":"ع ن د"},{"Position":3,"AudioFileName":"038_047_003.mp3","TajweedImageFilePath":"38/47/3.png","Text":"لَمِنَ","Translation":"(are) from","Transliteration":"lamina","Root":"م ن"},{"Position":4,"AudioFileName":"038_047_004.mp3","TajweedImageFilePath":"38/47/4.png","Text":"ٱلْمُصْطَفَيْنَ","Translation":"the chosen ones","Transliteration":"l-muṣ'ṭafayna","Root":"ص ف و"},{"Position":5,"AudioFileName":"038_047_005.mp3","TajweedImageFilePath":"38/47/5.png","Text":"ٱلْأَخْيَارِ","Translation":"the best","Transliteration":"l-akhyāri","Root":"خ ي ر"},{"Position":6,"AudioFileName":null,"TajweedImageFilePath":"47.png","Text":"٤٧","Translation":"(47)","Transliteration":null,"Root":null}],"PageNumber":456,"JuzNumber":23,"ManzilNumber":6,"RukuNumber":394,"MaqraNumber":182,"HizbNumber":46,"HizbDecimal":0.25,"HasSajda":false},{"SurahNumber":38,"SurahIndex":"038","VerseNumber":48,"ShowSurahName":false,"ShowBismillah":false,"Words":[{"Position":1,"AudioFileName":"038_048_001.mp3","TajweedImageFilePath":"38/48/1.png","Text":"وَٱذْكُرْ","Translation":"And remember","Transliteration":"wa-udh'kur","Root":"ذ ك ر"},{"Position":2,"AudioFileName":"038_048_002.mp3","TajweedImageFilePath":"38/48/2.png","Text":"إِسْمَـٰعِيلَ","Translation":"Ishmael","Transliteration":"is'māʿīla","Root":"إِسْمَاعِيل"},{"Position":3,"AudioFileName":"038_048_003.mp3","TajweedImageFilePath":"38/48/3.png","Text":"وَٱلْيَسَعَ","Translation":"and Elisha","Transliteration":"wal-yasaʿa","Root":"ٱلْيَسَعَ"},{"Position":4,"AudioFileName":"038_048_004.mp3","TajweedImageFilePath":"38/48/4.png","Text":"وَذَا","Translation":"and Dhul-kifl","Transliteration":"wadhā","Root":"ذ و"},{"Position":5,"AudioFileName":"038_048_005.mp3","TajweedImageFilePath":"38/48/5.png","Text":"ٱلْكِفْلِ ۖ","Translation":"and Dhul-kifl","Transliteration":"l-kif'li","Root":"ك ف ل"},{"Position":6,"AudioFileName":"038_048_006.mp3","TajweedImageFilePath":"38/48/6.png","Text":"وَكُلٌّۭ","Translation":"and all","Transliteration":"wakullun","Root":"ك ل ل"},{"Position":7,"AudioFileName":"038_048_007.mp3","TajweedImageFilePath":"38/48/7.png","Text":"مِّنَ","Translation":"(are) from","Transliteration":"mina","Root":"م ن"},{"Position":8,"AudioFileName":"038_048_008.mp3","TajweedImageFilePath":"38/48/8.png","Text":"ٱلْأَخْيَارِ","Translation":"the best","Transliteration":"l-akhyāri","Root":"خ ي ر"},{"Position":9,"AudioFileName":null,"TajweedImageFilePath":"48.png","Text":"٤٨","Translation":"(48)","Transliteration":null,"Root":null}],"PageNumber":456,"JuzNumber":23,"ManzilNumber":6,"RukuNumber":394,"MaqraNumber":182,"HizbNumber":46,"HizbDecimal":0.25,"HasSajda":false},{"SurahNumber":38,"SurahIndex":"038","VerseNumber":49,"ShowSurahName":false,"ShowBismillah":false,"Words":[{"Position":1,"AudioFileName":"038_049_001.mp3","TajweedImageFilePath":"38/49/1.png","Text":"هَـٰذَا","Translation":"This","Transliteration":"hādhā","Root":"ه ا ذ"},{"Position":2,"AudioFileName":"038_049_002.mp3","TajweedImageFilePath":"38/49/2.png","Text":"ذِكْرٌۭ ۚ","Translation":"(is) a Reminder","Transliteration":"dhik'run","Root":"ذ ك ر"},{"Position":3,"AudioFileName":"038_049_003.mp3","TajweedImageFilePath":"38/49/3.png","Text":"وَإِنَّ","Translation":"And indeed","Transliteration":"wa-inna","Root":"ا ن ن"},{"Position":4,"AudioFileName":"038_049_004.mp3","TajweedImageFilePath":"38/49/4.png","Text":"لِلْمُتَّقِينَ","Translation":"for the righteous","Transliteration":"lil'muttaqīna","Root":"و ق ي"},{"Position":5,"AudioFileName":"038_049_005.mp3","TajweedImageFilePath":"38/49/5.png","Text":"لَحُسْنَ","Translation":"surely, is a good","Transliteration":"laḥus'na","Root":"ح س ن"},{"Position":6,"AudioFileName":"038_049_006.mp3","TajweedImageFilePath":"38/49/6.png","Text":"مَـَٔابٍۢ","Translation":"place of return","Transliteration":"maābin","Root":"أ و ب"},{"Position":7,"AudioFileName":null,"TajweedImageFilePath":"49.png","Text":"٤٩","Translation":"(49)","Transliteration":null,"Root":null}],"PageNumber":456,"JuzNumber":23,"ManzilNumber":6,"RukuNumber":394,"MaqraNumber":182,"HizbNumber":46,"HizbDecimal":0.25,"HasSajda":false},{"SurahNumber":38,"SurahIndex":"038","VerseNumber":50,"ShowSurahName":false,"ShowBismillah":false,"Words":[{"Position":1,"AudioFileName":"038_050_001.mp3","TajweedImageFilePath":"38/50/1.png","Text":"جَنَّـٰتِ","Translation":"Gardens","Transliteration":"jannāti","Root":"ج ن ن"},{"Position":2,"AudioFileName":"038_050_002.mp3","TajweedImageFilePath":"38/50/2.png","Text":"عَدْنٍۢ","Translation":"(of) Eternity","Transliteration":"ʿadnin","Root":"ع د ن"},{"Position":3,"AudioFileName":"038_050_003.mp3","TajweedImageFilePath":"38/50/3.png","Text":"مُّفَتَّحَةًۭ","Translation":"(will be) opened","Transliteration":"mufattaḥatan","Root":"ف ت ح"},{"Position":4,"AudioFileName":"038_050_004.mp3","TajweedImageFilePath":"38/50/4.png","Text":"لَّهُمُ","Translation":"for them","Transliteration":"lahumu","Root":"ل"},{"Position":5,"AudioFileName":"038_050_005.mp3","TajweedImageFilePath":"38/50/5.png","Text":"ٱلْأَبْوَٰبُ","Translation":"the gates","Transliteration":"l-abwābu","Root":"ب و ب"},{"Position":6,"AudioFileName":null,"TajweedImageFilePath":"50.png","Text":"٥٠","Translation":"(50)","Transliteration":null,"Root":null}],"PageNumber":456,"JuzNumber":23,"ManzilNumber":6,"RukuNumber":394,"MaqraNumber":182,"HizbNumber":46,"HizbDecimal":0.25,"HasSajda":false},{"SurahNumber":38,"SurahIndex":"038","VerseNumber":51,"ShowSurahName":false,"ShowBismillah":false,"Words":[{"Position":1,"AudioFileName":"038_051_001.mp3","TajweedImageFilePath":"38/51/1.png","Text":"مُتَّكِـِٔينَ","Translation":"Reclining","Transliteration":"muttakiīna","Root":"و ك أ"},{"Position":2,"AudioFileName":"038_051_002.mp3","TajweedImageFilePath":"38/51/2.png","Text":"فِيهَا","Translation":"therein","Transliteration":"fīhā","Root":"ف ى"},{"Position":3,"AudioFileName":"038_051_003.mp3","TajweedImageFilePath":"38/51/3.png","Text":"يَدْعُونَ","Translation":"they will call","Transliteration":"yadʿūna","Root":"د ع و"},{"Position":4,"AudioFileName":"038_051_004.mp3","TajweedImageFilePath":"38/51/4.png","Text":"فِيهَا","Translation":"therein","Transliteration":"fīhā","Root":"ف ى"},{"Position":5,"AudioFileName":"038_051_005.mp3","TajweedImageFilePath":"38/51/5.png","Text":"بِفَـٰكِهَةٍۢ","Translation":"for fruit","Transliteration":"bifākihatin","Root":"ف ك ه"},{"Position":6,"AudioFileName":"038_051_006.mp3","TajweedImageFilePath":"38/51/6.png","Text":"كَثِيرَةٍۢ","Translation":"many","Transliteration":"kathīratin","Root":"ك ث ر"},{"Position":7,"AudioFileName":"038_051_007.mp3","TajweedImageFilePath":"38/51/7.png","Text":"وَشَرَابٍۢ","Translation":"and drink","Transliteration":"washarābin","Root":"ش ر ب"},{"Position":8,"AudioFileName":null,"TajweedImageFilePath":"51.png","Text":"٥١","Translation":"(51)","Transliteration":null,"Root":null}],"PageNumber":456,"JuzNumber":23,"ManzilNumber":6,"RukuNumber":394,"MaqraNumber":182,"HizbNumber":46,"HizbDecimal":0.25,"HasSajda":false}]}