{"MaqraNumber":80,"Verses":[{"SurahNumber":9,"SurahIndex":"009","VerseNumber":75,"ShowSurahName":false,"ShowBismillah":false,"Words":[{"Position":1,"AudioFileName":"009_075_001.mp3","TajweedImageFilePath":"9/75/1.png","Text":"۞ وَمِنْهُم","Translation":"And among them","Transliteration":"wamin'hum"},{"Position":2,"AudioFileName":"009_075_002.mp3","TajweedImageFilePath":"9/75/2.png","Text":"مَّنْ","Translation":"(is he) who","Transliteration":"man"},{"Position":3,"AudioFileName":"009_075_003.mp3","TajweedImageFilePath":"9/75/3.png","Text":"عَـٰهَدَ","Translation":"made a covenant","Transliteration":"ʿāhada"},{"Position":4,"AudioFileName":"009_075_004.mp3","TajweedImageFilePath":"9/75/4.png","Text":"ٱللَّهَ","Translation":"(with) Allah","Transliteration":"l-laha"},{"Position":5,"AudioFileName":"009_075_005.mp3","TajweedImageFilePath":"9/75/5.png","Text":"لَئِنْ","Translation":"If","Transliteration":"la-in"},{"Position":6,"AudioFileName":"009_075_006.mp3","TajweedImageFilePath":"9/75/6.png","Text":"ءَاتَىٰنَا","Translation":"He gives us","Transliteration":"ātānā"},{"Position":7,"AudioFileName":"009_075_007.mp3","TajweedImageFilePath":"9/75/7.png","Text":"مِن","Translation":"of","Transliteration":"min"},{"Position":8,"AudioFileName":"009_075_008.mp3","TajweedImageFilePath":"9/75/8.png","Text":"فَضْلِهِۦ","Translation":"His bounty","Transliteration":"faḍlihi"},{"Position":9,"AudioFileName":"009_075_009.mp3","TajweedImageFilePath":"9/75/9.png","Text":"لَنَصَّدَّقَنَّ","Translation":"surely we will give charity","Transliteration":"lanaṣṣaddaqanna"},{"Position":10,"AudioFileName":"009_075_010.mp3","TajweedImageFilePath":"9/75/10.png","Text":"وَلَنَكُونَنَّ","Translation":"and surely we will be","Transliteration":"walanakūnanna"},{"Position":11,"AudioFileName":"009_075_011.mp3","TajweedImageFilePath":"9/75/11.png","Text":"مِنَ","Translation":"among","Transliteration":"mina"},{"Position":12,"AudioFileName":"009_075_012.mp3","TajweedImageFilePath":"9/75/12.png","Text":"ٱلصَّـٰلِحِينَ","Translation":"the righteous","Transliteration":"l-ṣāliḥīna"},{"Position":13,"AudioFileName":null,"TajweedImageFilePath":"75.png","Text":"٧٥","Translation":"(75)","Transliteration":null}],"PageNumber":199,"JuzNumber":10,"ManzilNumber":2,"RukuNumber":165,"MaqraNumber":80,"HizbNumber":20,"HizbDecimal":0.75,"HasSajda":false},{"SurahNumber":9,"SurahIndex":"009","VerseNumber":76,"ShowSurahName":false,"ShowBismillah":false,"Words":[{"Position":1,"AudioFileName":"009_076_001.mp3","TajweedImageFilePath":"9/76/1.png","Text":"فَلَمَّآ","Translation":"But when","Transliteration":"falammā"},{"Position":2,"AudioFileName":"009_076_002.mp3","TajweedImageFilePath":"9/76/2.png","Text":"ءَاتَىٰهُم","Translation":"He gave them","Transliteration":"ātāhum"},{"Position":3,"AudioFileName":"009_076_003.mp3","TajweedImageFilePath":"9/76/3.png","Text":"مِّن","Translation":"of","Transliteration":"min"},{"Position":4,"AudioFileName":"009_076_004.mp3","TajweedImageFilePath":"9/76/4.png","Text":"فَضْلِهِۦ","Translation":"His Bounty","Transliteration":"faḍlihi"},{"Position":5,"AudioFileName":"009_076_005.mp3","TajweedImageFilePath":"9/76/5.png","Text":"بَخِلُوا۟","Translation":"they became stingy","Transliteration":"bakhilū"},{"Position":6,"AudioFileName":"009_076_006.mp3","TajweedImageFilePath":"9/76/6.png","Text":"بِهِۦ","Translation":"with it","Transliteration":"bihi"},{"Position":7,"AudioFileName":"009_076_007.mp3","TajweedImageFilePath":"9/76/7.png","Text":"وَتَوَلَّوا۟","Translation":"and turned away","Transliteration":"watawallaw"},{"Position":8,"AudioFileName":"009_076_008.mp3","TajweedImageFilePath":"9/76/8.png","Text":"وَّهُم","Translation":"while they","Transliteration":"wahum"},{"Position":9,"AudioFileName":"009_076_009.mp3","TajweedImageFilePath":"9/76/9.png","Text":"مُّعْرِضُونَ","Translation":"(were) averse","Transliteration":"muʿ'riḍūna"},{"Position":10,"AudioFileName":null,"TajweedImageFilePath":"76.png","Text":"٧٦","Translation":"(76)","Transliteration":null}],"PageNumber":199,"JuzNumber":10,"ManzilNumber":2,"RukuNumber":165,"MaqraNumber":80,"HizbNumber":20,"HizbDecimal":0.75,"HasSajda":false},{"SurahNumber":9,"SurahIndex":"009","VerseNumber":77,"ShowSurahName":false,"ShowBismillah":false,"Words":[{"Position":1,"AudioFileName":"009_077_001.mp3","TajweedImageFilePath":"9/77/1.png","Text":"فَأَعْقَبَهُمْ","Translation":"So He penalized them","Transliteration":"fa-aʿqabahum"},{"Position":2,"AudioFileName":"009_077_002.mp3","TajweedImageFilePath":"9/77/2.png","Text":"نِفَاقًۭا","Translation":"(with) hypocrisy","Transliteration":"nifāqan"},{"Position":3,"AudioFileName":"009_077_003.mp3","TajweedImageFilePath":"9/77/3.png","Text":"فِى","Translation":"in","Transliteration":"fī"},{"Position":4,"AudioFileName":"009_077_004.mp3","TajweedImageFilePath":"9/77/4.png","Text":"قُلُوبِهِمْ","Translation":"their hearts","Transliteration":"qulūbihim"},{"Position":5,"AudioFileName":"009_077_005.mp3","TajweedImageFilePath":"9/77/5.png","Text":"إِلَىٰ","Translation":"until","Transliteration":"ilā"},{"Position":6,"AudioFileName":"009_077_006.mp3","TajweedImageFilePath":"9/77/6.png","Text":"يَوْمِ","Translation":"the day","Transliteration":"yawmi"},{"Position":7,"AudioFileName":"009_077_007.mp3","TajweedImageFilePath":"9/77/7.png","Text":"يَلْقَوْنَهُۥ","Translation":"when they will meet Him","Transliteration":"yalqawnahu"},{"Position":8,"AudioFileName":"009_077_008.mp3","TajweedImageFilePath":"9/77/8.png","Text":"بِمَآ","Translation":"because","Transliteration":"bimā"},{"Position":9,"AudioFileName":"009_077_009.mp3","TajweedImageFilePath":"9/77/9.png","Text":"أَخْلَفُوا۟","Translation":"they broke","Transliteration":"akhlafū"},{"Position":10,"AudioFileName":"009_077_010.mp3","TajweedImageFilePath":"9/77/10.png","Text":"ٱللَّهَ","Translation":"(the covenant with) Allah","Transliteration":"l-laha"},{"Position":11,"AudioFileName":"009_077_011.mp3","TajweedImageFilePath":"9/77/11.png","Text":"مَا","Translation":"what","Transliteration":"mā"},{"Position":12,"AudioFileName":"009_077_012.mp3","TajweedImageFilePath":"9/77/12.png","Text":"وَعَدُوهُ","Translation":"they had promised Him","Transliteration":"waʿadūhu"},{"Position":13,"AudioFileName":"009_077_013.mp3","TajweedImageFilePath":"9/77/13.png","Text":"وَبِمَا","Translation":"and because","Transliteration":"wabimā"},{"Position":14,"AudioFileName":"009_077_014.mp3","TajweedImageFilePath":"9/77/14.png","Text":"كَانُوا۟","Translation":"they used to","Transliteration":"kānū"},{"Position":15,"AudioFileName":"009_077_015.mp3","TajweedImageFilePath":"9/77/15.png","Text":"يَكْذِبُونَ","Translation":"lie","Transliteration":"yakdhibūna"},{"Position":16,"AudioFileName":null,"TajweedImageFilePath":"77.png","Text":"٧٧","Translation":"(77)","Transliteration":null}],"PageNumber":199,"JuzNumber":10,"ManzilNumber":2,"RukuNumber":165,"MaqraNumber":80,"HizbNumber":20,"HizbDecimal":0.75,"HasSajda":false},{"SurahNumber":9,"SurahIndex":"009","VerseNumber":78,"ShowSurahName":false,"ShowBismillah":false,"Words":[{"Position":1,"AudioFileName":"009_078_001.mp3","TajweedImageFilePath":"9/78/1.png","Text":"أَلَمْ","Translation":"Do not","Transliteration":"alam"},{"Position":2,"AudioFileName":"009_078_002.mp3","TajweedImageFilePath":"9/78/2.png","Text":"يَعْلَمُوٓا۟","Translation":"they know","Transliteration":"yaʿlamū"},{"Position":3,"AudioFileName":"009_078_003.mp3","TajweedImageFilePath":"9/78/3.png","Text":"أَنَّ","Translation":"that","Transliteration":"anna"},{"Position":4,"AudioFileName":"009_078_004.mp3","TajweedImageFilePath":"9/78/4.png","Text":"ٱللَّهَ","Translation":"Allah","Transliteration":"l-laha"},{"Position":5,"AudioFileName":"009_078_005.mp3","TajweedImageFilePath":"9/78/5.png","Text":"يَعْلَمُ","Translation":"knows","Transliteration":"yaʿlamu"},{"Position":6,"AudioFileName":"009_078_006.mp3","TajweedImageFilePath":"9/78/6.png","Text":"سِرَّهُمْ","Translation":"their secret","Transliteration":"sirrahum"},{"Position":7,"AudioFileName":"009_078_007.mp3","TajweedImageFilePath":"9/78/7.png","Text":"وَنَجْوَىٰهُمْ","Translation":"and their secret conversation","Transliteration":"wanajwāhum"},{"Position":8,"AudioFileName":"009_078_008.mp3","TajweedImageFilePath":"9/78/8.png","Text":"وَأَنَّ","Translation":"and that","Transliteration":"wa-anna"},{"Position":9,"AudioFileName":"009_078_009.mp3","TajweedImageFilePath":"9/78/9.png","Text":"ٱللَّهَ","Translation":"Allah","Transliteration":"l-laha"},{"Position":10,"AudioFileName":"009_078_010.mp3","TajweedImageFilePath":"9/78/10.png","Text":"عَلَّـٰمُ","Translation":"(is) All-Knower","Transliteration":"ʿallāmu"},{"Position":11,"AudioFileName":"009_078_011.mp3","TajweedImageFilePath":"9/78/11.png","Text":"ٱلْغُيُوبِ","Translation":"(of) the unseen","Transliteration":"l-ghuyūbi"},{"Position":12,"AudioFileName":null,"TajweedImageFilePath":"78.png","Text":"٧٨","Translation":"(78)","Transliteration":null}],"PageNumber":199,"JuzNumber":10,"ManzilNumber":2,"RukuNumber":165,"MaqraNumber":80,"HizbNumber":20,"HizbDecimal":0.75,"HasSajda":false},{"SurahNumber":9,"SurahIndex":"009","VerseNumber":79,"ShowSurahName":false,"ShowBismillah":false,"Words":[{"Position":1,"AudioFileName":"009_079_001.mp3","TajweedImageFilePath":"9/79/1.png","Text":"ٱلَّذِينَ","Translation":"Those who","Transliteration":"alladhīna"},{"Position":2,"AudioFileName":"009_079_002.mp3","TajweedImageFilePath":"9/79/2.png","Text":"يَلْمِزُونَ","Translation":"criticize","Transliteration":"yalmizūna"},{"Position":3,"AudioFileName":"009_079_003.mp3","TajweedImageFilePath":"9/79/3.png","Text":"ٱلْمُطَّوِّعِينَ","Translation":"the ones who give willingly","Transliteration":"l-muṭawiʿīna"},{"Position":4,"AudioFileName":"009_079_004.mp3","TajweedImageFilePath":"9/79/4.png","Text":"مِنَ","Translation":"of","Transliteration":"mina"},{"Position":5,"AudioFileName":"009_079_005.mp3","TajweedImageFilePath":"9/79/5.png","Text":"ٱلْمُؤْمِنِينَ","Translation":"the believers","Transliteration":"l-mu'minīna"},{"Position":6,"AudioFileName":"009_079_006.mp3","TajweedImageFilePath":"9/79/6.png","Text":"فِى","Translation":"concerning","Transliteration":"fī"},{"Position":7,"AudioFileName":"009_079_007.mp3","TajweedImageFilePath":"9/79/7.png","Text":"ٱلصَّدَقَـٰتِ","Translation":"the charities","Transliteration":"l-ṣadaqāti"},{"Position":8,"AudioFileName":"009_079_008.mp3","TajweedImageFilePath":"9/79/8.png","Text":"وَٱلَّذِينَ","Translation":"and those who","Transliteration":"wa-alladhīna"},{"Position":9,"AudioFileName":"009_079_009.mp3","TajweedImageFilePath":"9/79/9.png","Text":"لَا","Translation":"not","Transliteration":"lā"},{"Position":10,"AudioFileName":"009_079_010.mp3","TajweedImageFilePath":"9/79/10.png","Text":"يَجِدُونَ","Translation":"find","Transliteration":"yajidūna"},{"Position":11,"AudioFileName":"009_079_011.mp3","TajweedImageFilePath":"9/79/11.png","Text":"إِلَّا","Translation":"except","Transliteration":"illā"},{"Position":12,"AudioFileName":"009_079_012.mp3","TajweedImageFilePath":"9/79/12.png","Text":"جُهْدَهُمْ","Translation":"their effort","Transliteration":"juh'dahum"},{"Position":13,"AudioFileName":"009_079_013.mp3","TajweedImageFilePath":"9/79/13.png","Text":"فَيَسْخَرُونَ","Translation":"so they ridicule","Transliteration":"fayaskharūna"},{"Position":14,"AudioFileName":"009_079_014.mp3","TajweedImageFilePath":"9/79/14.png","Text":"مِنْهُمْ ۙ","Translation":"them","Transliteration":"min'hum"},{"Position":15,"AudioFileName":"009_079_015.mp3","TajweedImageFilePath":"9/79/15.png","Text":"سَخِرَ","Translation":"Allah will ridicule","Transliteration":"sakhira"},{"Position":16,"AudioFileName":"009_079_016.mp3","TajweedImageFilePath":"9/79/16.png","Text":"ٱللَّهُ","Translation":"Allah will ridicule","Transliteration":"l-lahu"},{"Position":17,"AudioFileName":"009_079_017.mp3","TajweedImageFilePath":"9/79/17.png","Text":"مِنْهُمْ","Translation":"them","Transliteration":"min'hum"},{"Position":18,"AudioFileName":"009_079_018.mp3","TajweedImageFilePath":"9/79/18.png","Text":"وَلَهُمْ","Translation":"and for them","Transliteration":"walahum"},{"Position":19,"AudioFileName":"009_079_019.mp3","TajweedImageFilePath":"9/79/19.png","Text":"عَذَابٌ","Translation":"(is) a punishment","Transliteration":"ʿadhābun"},{"Position":20,"AudioFileName":"009_079_020.mp3","TajweedImageFilePath":"9/79/20.png","Text":"أَلِيمٌ","Translation":"painful","Transliteration":"alīmun"},{"Position":21,"AudioFileName":null,"TajweedImageFilePath":"79.png","Text":"٧٩","Translation":"(79)","Transliteration":null}],"PageNumber":199,"JuzNumber":10,"ManzilNumber":2,"RukuNumber":165,"MaqraNumber":80,"HizbNumber":20,"HizbDecimal":0.75,"HasSajda":false},{"SurahNumber":9,"SurahIndex":"009","VerseNumber":80,"ShowSurahName":false,"ShowBismillah":false,"Words":[{"Position":1,"AudioFileName":"009_080_001.mp3","TajweedImageFilePath":"9/80/1.png","Text":"ٱسْتَغْفِرْ","Translation":"Ask forgiveness","Transliteration":"is'taghfir"},{"Position":2,"AudioFileName":"009_080_002.mp3","TajweedImageFilePath":"9/80/2.png","Text":"لَهُمْ","Translation":"for them","Transliteration":"lahum"},{"Position":3,"AudioFileName":"009_080_003.mp3","TajweedImageFilePath":"9/80/3.png","Text":"أَوْ","Translation":"or","Transliteration":"aw"},{"Position":4,"AudioFileName":"009_080_004.mp3","TajweedImageFilePath":"9/80/4.png","Text":"لَا","Translation":"(do) not","Transliteration":"lā"},{"Position":5,"AudioFileName":"009_080_005.mp3","TajweedImageFilePath":"9/80/5.png","Text":"تَسْتَغْفِرْ","Translation":"ask forgiveness","Transliteration":"tastaghfir"},{"Position":6,"AudioFileName":"009_080_006.mp3","TajweedImageFilePath":"9/80/6.png","Text":"لَهُمْ","Translation":"for them","Transliteration":"lahum"},{"Position":7,"AudioFileName":"009_080_007.mp3","TajweedImageFilePath":"9/80/7.png","Text":"إِن","Translation":"If","Transliteration":"in"},{"Position":8,"AudioFileName":"009_080_008.mp3","TajweedImageFilePath":"9/80/8.png","Text":"تَسْتَغْفِرْ","Translation":"you ask forgiveness","Transliteration":"tastaghfir"},{"Position":9,"AudioFileName":"009_080_009.mp3","TajweedImageFilePath":"9/80/9.png","Text":"لَهُمْ","Translation":"for them","Transliteration":"lahum"},{"Position":10,"AudioFileName":"009_080_010.mp3","TajweedImageFilePath":"9/80/10.png","Text":"سَبْعِينَ","Translation":"seventy","Transliteration":"sabʿīna"},{"Position":11,"AudioFileName":"009_080_011.mp3","TajweedImageFilePath":"9/80/11.png","Text":"مَرَّةًۭ","Translation":"times","Transliteration":"marratan"},{"Position":12,"AudioFileName":"009_080_012.mp3","TajweedImageFilePath":"9/80/12.png","Text":"فَلَن","Translation":"never","Transliteration":"falan"},{"Position":13,"AudioFileName":"009_080_013.mp3","TajweedImageFilePath":"9/80/13.png","Text":"يَغْفِرَ","Translation":"will Allah forgive","Transliteration":"yaghfira"},{"Position":14,"AudioFileName":"009_080_014.mp3","TajweedImageFilePath":"9/80/14.png","Text":"ٱللَّهُ","Translation":"will Allah forgive","Transliteration":"l-lahu"},{"Position":15,"AudioFileName":"009_080_015.mp3","TajweedImageFilePath":"9/80/15.png","Text":"لَهُمْ ۚ","Translation":"[for] them","Transliteration":"lahum"},{"Position":16,"AudioFileName":"009_080_016.mp3","TajweedImageFilePath":"9/80/16.png","Text":"ذَٰلِكَ","Translation":"That","Transliteration":"dhālika"},{"Position":17,"AudioFileName":"009_080_017.mp3","TajweedImageFilePath":"9/80/17.png","Text":"بِأَنَّهُمْ","Translation":"(is) because they","Transliteration":"bi-annahum"},{"Position":18,"AudioFileName":"009_080_018.mp3","TajweedImageFilePath":"9/80/18.png","Text":"كَفَرُوا۟","Translation":"disbelieved","Transliteration":"kafarū"},{"Position":19,"AudioFileName":"009_080_019.mp3","TajweedImageFilePath":"9/80/19.png","Text":"بِٱللَّهِ","Translation":"in Allah","Transliteration":"bil-lahi"},{"Position":20,"AudioFileName":"009_080_020.mp3","TajweedImageFilePath":"9/80/20.png","Text":"وَرَسُولِهِۦ ۗ","Translation":"and His Messenger","Transliteration":"warasūlihi"},{"Position":21,"AudioFileName":"009_080_021.mp3","TajweedImageFilePath":"9/80/21.png","Text":"وَٱللَّهُ","Translation":"and Allah","Transliteration":"wal-lahu"},{"Position":22,"AudioFileName":"009_080_022.mp3","TajweedImageFilePath":"9/80/22.png","Text":"لَا","Translation":"(does) not","Transliteration":"lā"},{"Position":23,"AudioFileName":"009_080_023.mp3","TajweedImageFilePath":"9/80/23.png","Text":"يَهْدِى","Translation":"guide","Transliteration":"yahdī"},{"Position":24,"AudioFileName":"009_080_024.mp3","TajweedImageFilePath":"9/80/24.png","Text":"ٱلْقَوْمَ","Translation":"the people","Transliteration":"l-qawma"},{"Position":25,"AudioFileName":"009_080_025.mp3","TajweedImageFilePath":"9/80/25.png","Text":"ٱلْفَـٰسِقِينَ","Translation":"the defiantly disobedient","Transliteration":"l-fāsiqīna"},{"Position":26,"AudioFileName":null,"TajweedImageFilePath":"80.png","Text":"٨٠","Translation":"(80)","Transliteration":null}],"PageNumber":200,"JuzNumber":10,"ManzilNumber":2,"RukuNumber":165,"MaqraNumber":80,"HizbNumber":20,"HizbDecimal":0.75,"HasSajda":false},{"SurahNumber":9,"SurahIndex":"009","VerseNumber":81,"ShowSurahName":false,"ShowBismillah":false,"Words":[{"Position":1,"AudioFileName":"009_081_001.mp3","TajweedImageFilePath":"9/81/1.png","Text":"فَرِحَ","Translation":"Rejoice","Transliteration":"fariḥa"},{"Position":2,"AudioFileName":"009_081_002.mp3","TajweedImageFilePath":"9/81/2.png","Text":"ٱلْمُخَلَّفُونَ","Translation":"those who remained behind","Transliteration":"l-mukhalafūna"},{"Position":3,"AudioFileName":"009_081_003.mp3","TajweedImageFilePath":"9/81/3.png","Text":"بِمَقْعَدِهِمْ","Translation":"in their staying","Transliteration":"bimaqʿadihim"},{"Position":4,"AudioFileName":"009_081_004.mp3","TajweedImageFilePath":"9/81/4.png","Text":"خِلَـٰفَ","Translation":"behind","Transliteration":"khilāfa"},{"Position":5,"AudioFileName":"009_081_005.mp3","TajweedImageFilePath":"9/81/5.png","Text":"رَسُولِ","Translation":"(the) Messenger","Transliteration":"rasūli"},{"Position":6,"AudioFileName":"009_081_006.mp3","TajweedImageFilePath":"9/81/6.png","Text":"ٱللَّهِ","Translation":"(of) Allah","Transliteration":"l-lahi"},{"Position":7,"AudioFileName":"009_081_007.mp3","TajweedImageFilePath":"9/81/7.png","Text":"وَكَرِهُوٓا۟","Translation":"and they disliked","Transliteration":"wakarihū"},{"Position":8,"AudioFileName":"009_081_008.mp3","TajweedImageFilePath":"9/81/8.png","Text":"أَن","Translation":"to","Transliteration":"an"},{"Position":9,"AudioFileName":"009_081_009.mp3","TajweedImageFilePath":"9/81/9.png","Text":"يُجَـٰهِدُوا۟","Translation":"strive","Transliteration":"yujāhidū"},{"Position":10,"AudioFileName":"009_081_010.mp3","TajweedImageFilePath":"9/81/10.png","Text":"بِأَمْوَٰلِهِمْ","Translation":"with their wealth","Transliteration":"bi-amwālihim"},{"Position":11,"AudioFileName":"009_081_011.mp3","TajweedImageFilePath":"9/81/11.png","Text":"وَأَنفُسِهِمْ","Translation":"and their lives","Transliteration":"wa-anfusihim"},{"Position":12,"AudioFileName":"009_081_012.mp3","TajweedImageFilePath":"9/81/12.png","Text":"فِى","Translation":"in","Transliteration":"fī"},{"Position":13,"AudioFileName":"009_081_013.mp3","TajweedImageFilePath":"9/81/13.png","Text":"سَبِيلِ","Translation":"(the) way","Transliteration":"sabīli"},{"Position":14,"AudioFileName":"009_081_014.mp3","TajweedImageFilePath":"9/81/14.png","Text":"ٱللَّهِ","Translation":"(of) Allah","Transliteration":"l-lahi"},{"Position":15,"AudioFileName":"009_081_015.mp3","TajweedImageFilePath":"9/81/15.png","Text":"وَقَالُوا۟","Translation":"and they said","Transliteration":"waqālū"},{"Position":16,"AudioFileName":"009_081_016.mp3","TajweedImageFilePath":"9/81/16.png","Text":"لَا","Translation":"(Do) not","Transliteration":"lā"},{"Position":17,"AudioFileName":"009_081_017.mp3","TajweedImageFilePath":"9/81/17.png","Text":"تَنفِرُوا۟","Translation":"go forth","Transliteration":"tanfirū"},{"Position":18,"AudioFileName":"009_081_018.mp3","TajweedImageFilePath":"9/81/18.png","Text":"فِى","Translation":"in","Transliteration":"fī"},{"Position":19,"AudioFileName":"009_081_019.mp3","TajweedImageFilePath":"9/81/19.png","Text":"ٱلْحَرِّ ۗ","Translation":"the heat","Transliteration":"l-ḥari"},{"Position":20,"AudioFileName":"009_081_020.mp3","TajweedImageFilePath":"9/81/20.png","Text":"قُلْ","Translation":"Say","Transliteration":"qul"},{"Position":21,"AudioFileName":"009_081_021.mp3","TajweedImageFilePath":"9/81/21.png","Text":"نَارُ","Translation":"(The) Fire","Transliteration":"nāru"},{"Position":22,"AudioFileName":"009_081_022.mp3","TajweedImageFilePath":"9/81/22.png","Text":"جَهَنَّمَ","Translation":"(of) Hell","Transliteration":"jahannama"},{"Position":23,"AudioFileName":"009_081_023.mp3","TajweedImageFilePath":"9/81/23.png","Text":"أَشَدُّ","Translation":"(is) more intense","Transliteration":"ashaddu"},{"Position":24,"AudioFileName":"009_081_024.mp3","TajweedImageFilePath":"9/81/24.png","Text":"حَرًّۭا ۚ","Translation":"(in) heat","Transliteration":"ḥarran"},{"Position":25,"AudioFileName":"009_081_025.mp3","TajweedImageFilePath":"9/81/25.png","Text":"لَّوْ","Translation":"If (only)","Transliteration":"law"},{"Position":26,"AudioFileName":"009_081_026.mp3","TajweedImageFilePath":"9/81/26.png","Text":"كَانُوا۟","Translation":"they could","Transliteration":"kānū"},{"Position":27,"AudioFileName":"009_081_027.mp3","TajweedImageFilePath":"9/81/27.png","Text":"يَفْقَهُونَ","Translation":"understand","Transliteration":"yafqahūna"},{"Position":28,"AudioFileName":null,"TajweedImageFilePath":"81.png","Text":"٨١","Translation":"(81)","Transliteration":null}],"PageNumber":200,"JuzNumber":10,"ManzilNumber":2,"RukuNumber":166,"MaqraNumber":80,"HizbNumber":20,"HizbDecimal":0.75,"HasSajda":false},{"SurahNumber":9,"SurahIndex":"009","VerseNumber":82,"ShowSurahName":false,"ShowBismillah":false,"Words":[{"Position":1,"AudioFileName":"009_082_001.mp3","TajweedImageFilePath":"9/82/1.png","Text":"فَلْيَضْحَكُوا۟","Translation":"So let them laugh","Transliteration":"falyaḍḥakū"},{"Position":2,"AudioFileName":"009_082_002.mp3","TajweedImageFilePath":"9/82/2.png","Text":"قَلِيلًۭا","Translation":"a little","Transliteration":"qalīlan"},{"Position":3,"AudioFileName":"009_082_003.mp3","TajweedImageFilePath":"9/82/3.png","Text":"وَلْيَبْكُوا۟","Translation":"and let them weep","Transliteration":"walyabkū"},{"Position":4,"AudioFileName":"009_082_004.mp3","TajweedImageFilePath":"9/82/4.png","Text":"كَثِيرًۭا","Translation":"much","Transliteration":"kathīran"},{"Position":5,"AudioFileName":"009_082_005.mp3","TajweedImageFilePath":"9/82/5.png","Text":"جَزَآءًۢ","Translation":"(as) a recompense","Transliteration":"jazāan"},{"Position":6,"AudioFileName":"009_082_006.mp3","TajweedImageFilePath":"9/82/6.png","Text":"بِمَا","Translation":"for what","Transliteration":"bimā"},{"Position":7,"AudioFileName":"009_082_007.mp3","TajweedImageFilePath":"9/82/7.png","Text":"كَانُوا۟","Translation":"they used to","Transliteration":"kānū"},{"Position":8,"AudioFileName":"009_082_008.mp3","TajweedImageFilePath":"9/82/8.png","Text":"يَكْسِبُونَ","Translation":"earn","Transliteration":"yaksibūna"},{"Position":9,"AudioFileName":null,"TajweedImageFilePath":"82.png","Text":"٨٢","Translation":"(82)","Transliteration":null}],"PageNumber":200,"JuzNumber":10,"ManzilNumber":2,"RukuNumber":166,"MaqraNumber":80,"HizbNumber":20,"HizbDecimal":0.75,"HasSajda":false},{"SurahNumber":9,"SurahIndex":"009","VerseNumber":83,"ShowSurahName":false,"ShowBismillah":false,"Words":[{"Position":1,"AudioFileName":"009_083_001.mp3","TajweedImageFilePath":"9/83/1.png","Text":"فَإِن","Translation":"Then if","Transliteration":"fa-in"},{"Position":2,"AudioFileName":"009_083_002.mp3","TajweedImageFilePath":"9/83/2.png","Text":"رَّجَعَكَ","Translation":"Allah returns you","Transliteration":"rajaʿaka"},{"Position":3,"AudioFileName":"009_083_003.mp3","TajweedImageFilePath":"9/83/3.png","Text":"ٱللَّهُ","Translation":"Allah returns you","Transliteration":"l-lahu"},{"Position":4,"AudioFileName":"009_083_004.mp3","TajweedImageFilePath":"9/83/4.png","Text":"إِلَىٰ","Translation":"to","Transliteration":"ilā"},{"Position":5,"AudioFileName":"009_083_005.mp3","TajweedImageFilePath":"9/83/5.png","Text":"طَآئِفَةٍۢ","Translation":"a group","Transliteration":"ṭāifatin"},{"Position":6,"AudioFileName":"009_083_006.mp3","TajweedImageFilePath":"9/83/6.png","Text":"مِّنْهُمْ","Translation":"of them","Transliteration":"min'hum"},{"Position":7,"AudioFileName":"009_083_007.mp3","TajweedImageFilePath":"9/83/7.png","Text":"فَٱسْتَـْٔذَنُوكَ","Translation":"and they ask you permission","Transliteration":"fa-is'tadhanūka"},{"Position":8,"AudioFileName":"009_083_008.mp3","TajweedImageFilePath":"9/83/8.png","Text":"لِلْخُرُوجِ","Translation":"to go out","Transliteration":"lil'khurūji"},{"Position":9,"AudioFileName":"009_083_009.mp3","TajweedImageFilePath":"9/83/9.png","Text":"فَقُل","Translation":"then say","Transliteration":"faqul"},{"Position":10,"AudioFileName":"009_083_010.mp3","TajweedImageFilePath":"9/83/10.png","Text":"لَّن","Translation":"Never","Transliteration":"lan"},{"Position":11,"AudioFileName":"009_083_011.mp3","TajweedImageFilePath":"9/83/11.png","Text":"تَخْرُجُوا۟","Translation":"will you come out","Transliteration":"takhrujū"},{"Position":12,"AudioFileName":"009_083_012.mp3","TajweedImageFilePath":"9/83/12.png","Text":"مَعِىَ","Translation":"with me","Transliteration":"maʿiya"},{"Position":13,"AudioFileName":"009_083_013.mp3","TajweedImageFilePath":"9/83/13.png","Text":"أَبَدًۭا","Translation":"ever","Transliteration":"abadan"},{"Position":14,"AudioFileName":"009_083_014.mp3","TajweedImageFilePath":"9/83/14.png","Text":"وَلَن","Translation":"and never","Transliteration":"walan"},{"Position":15,"AudioFileName":"009_083_015.mp3","TajweedImageFilePath":"9/83/15.png","Text":"تُقَـٰتِلُوا۟","Translation":"will you fight","Transliteration":"tuqātilū"},{"Position":16,"AudioFileName":"009_083_016.mp3","TajweedImageFilePath":"9/83/16.png","Text":"مَعِىَ","Translation":"with me","Transliteration":"maʿiya"},{"Position":17,"AudioFileName":"009_083_017.mp3","TajweedImageFilePath":"9/83/17.png","Text":"عَدُوًّا ۖ","Translation":"any enemy","Transliteration":"ʿaduwwan"},{"Position":18,"AudioFileName":"009_083_018.mp3","TajweedImageFilePath":"9/83/18.png","Text":"إِنَّكُمْ","Translation":"Indeed, you","Transliteration":"innakum"},{"Position":19,"AudioFileName":"009_083_019.mp3","TajweedImageFilePath":"9/83/19.png","Text":"رَضِيتُم","Translation":"were satisfied","Transliteration":"raḍītum"},{"Position":20,"AudioFileName":"009_083_020.mp3","TajweedImageFilePath":"9/83/20.png","Text":"بِٱلْقُعُودِ","Translation":"with sitting","Transliteration":"bil-quʿūdi"},{"Position":21,"AudioFileName":"009_083_021.mp3","TajweedImageFilePath":"9/83/21.png","Text":"أَوَّلَ","Translation":"(the) first","Transliteration":"awwala"},{"Position":22,"AudioFileName":"009_083_022.mp3","TajweedImageFilePath":"9/83/22.png","Text":"مَرَّةٍۢ","Translation":"time","Transliteration":"marratin"},{"Position":23,"AudioFileName":"009_083_023.mp3","TajweedImageFilePath":"9/83/23.png","Text":"فَٱقْعُدُوا۟","Translation":"so sit","Transliteration":"fa-uq'ʿudū"},{"Position":24,"AudioFileName":"009_083_024.mp3","TajweedImageFilePath":"9/83/24.png","Text":"مَعَ","Translation":"with","Transliteration":"maʿa"},{"Position":25,"AudioFileName":"009_083_025.mp3","TajweedImageFilePath":"9/83/25.png","Text":"ٱلْخَـٰلِفِينَ","Translation":"those who stay behind","Transliteration":"l-khālifīna"},{"Position":26,"AudioFileName":null,"TajweedImageFilePath":"83.png","Text":"٨٣","Translation":"(83)","Transliteration":null}],"PageNumber":200,"JuzNumber":10,"ManzilNumber":2,"RukuNumber":166,"MaqraNumber":80,"HizbNumber":20,"HizbDecimal":0.75,"HasSajda":false},{"SurahNumber":9,"SurahIndex":"009","VerseNumber":84,"ShowSurahName":false,"ShowBismillah":false,"Words":[{"Position":1,"AudioFileName":"009_084_001.mp3","TajweedImageFilePath":"9/84/1.png","Text":"وَلَا","Translation":"And not","Transliteration":"walā"},{"Position":2,"AudioFileName":"009_084_002.mp3","TajweedImageFilePath":"9/84/2.png","Text":"تُصَلِّ","Translation":"you pray","Transliteration":"tuṣalli"},{"Position":3,"AudioFileName":"009_084_003.mp3","TajweedImageFilePath":"9/84/3.png","Text":"عَلَىٰٓ","Translation":"for","Transliteration":"ʿalā"},{"Position":4,"AudioFileName":"009_084_004.mp3","TajweedImageFilePath":"9/84/4.png","Text":"أَحَدٍۢ","Translation":"any","Transliteration":"aḥadin"},{"Position":5,"AudioFileName":"009_084_005.mp3","TajweedImageFilePath":"9/84/5.png","Text":"مِّنْهُم","Translation":"of them","Transliteration":"min'hum"},{"Position":6,"AudioFileName":"009_084_006.mp3","TajweedImageFilePath":"9/84/6.png","Text":"مَّاتَ","Translation":"who dies","Transliteration":"māta"},{"Position":7,"AudioFileName":"009_084_007.mp3","TajweedImageFilePath":"9/84/7.png","Text":"أَبَدًۭا","Translation":"ever","Transliteration":"abadan"},{"Position":8,"AudioFileName":"009_084_008.mp3","TajweedImageFilePath":"9/84/8.png","Text":"وَلَا","Translation":"and not","Transliteration":"walā"},{"Position":9,"AudioFileName":"009_084_009.mp3","TajweedImageFilePath":"9/84/9.png","Text":"تَقُمْ","Translation":"you stand","Transliteration":"taqum"},{"Position":10,"AudioFileName":"009_084_010.mp3","TajweedImageFilePath":"9/84/10.png","Text":"عَلَىٰ","Translation":"by","Transliteration":"ʿalā"},{"Position":11,"AudioFileName":"009_084_011.mp3","TajweedImageFilePath":"9/84/11.png","Text":"قَبْرِهِۦٓ ۖ","Translation":"his grave","Transliteration":"qabrihi"},{"Position":12,"AudioFileName":"009_084_012.mp3","TajweedImageFilePath":"9/84/12.png","Text":"إِنَّهُمْ","Translation":"Indeed, they","Transliteration":"innahum"},{"Position":13,"AudioFileName":"009_084_013.mp3","TajweedImageFilePath":"9/84/13.png","Text":"كَفَرُوا۟","Translation":"disbelieved","Transliteration":"kafarū"},{"Position":14,"AudioFileName":"009_084_014.mp3","TajweedImageFilePath":"9/84/14.png","Text":"بِٱللَّهِ","Translation":"in Allah","Transliteration":"bil-lahi"},{"Position":15,"AudioFileName":"009_084_015.mp3","TajweedImageFilePath":"9/84/15.png","Text":"وَرَسُولِهِۦ","Translation":"and His Messenger","Transliteration":"warasūlihi"},{"Position":16,"AudioFileName":"009_084_016.mp3","TajweedImageFilePath":"9/84/16.png","Text":"وَمَاتُوا۟","Translation":"and died","Transliteration":"wamātū"},{"Position":17,"AudioFileName":"009_084_017.mp3","TajweedImageFilePath":"9/84/17.png","Text":"وَهُمْ","Translation":"while they were","Transliteration":"wahum"},{"Position":18,"AudioFileName":"009_084_018.mp3","TajweedImageFilePath":"9/84/18.png","Text":"فَـٰسِقُونَ","Translation":"defiantly disobedient","Transliteration":"fāsiqūna"},{"Position":19,"AudioFileName":null,"TajweedImageFilePath":"84.png","Text":"٨٤","Translation":"(84)","Transliteration":null}],"PageNumber":200,"JuzNumber":10,"ManzilNumber":2,"RukuNumber":166,"MaqraNumber":80,"HizbNumber":20,"HizbDecimal":0.75,"HasSajda":false},{"SurahNumber":9,"SurahIndex":"009","VerseNumber":85,"ShowSurahName":false,"ShowBismillah":false,"Words":[{"Position":1,"AudioFileName":"009_085_001.mp3","TajweedImageFilePath":"9/85/1.png","Text":"وَلَا","Translation":"And (let) not","Transliteration":"walā"},{"Position":2,"AudioFileName":"009_085_002.mp3","TajweedImageFilePath":"9/85/2.png","Text":"تُعْجِبْكَ","Translation":"impress you","Transliteration":"tuʿ'jib'ka"},{"Position":3,"AudioFileName":"009_085_003.mp3","TajweedImageFilePath":"9/85/3.png","Text":"أَمْوَٰلُهُمْ","Translation":"their wealth","Transliteration":"amwāluhum"},{"Position":4,"AudioFileName":"009_085_004.mp3","TajweedImageFilePath":"9/85/4.png","Text":"وَأَوْلَـٰدُهُمْ ۚ","Translation":"and their children","Transliteration":"wa-awlāduhum"},{"Position":5,"AudioFileName":"009_085_005.mp3","TajweedImageFilePath":"9/85/5.png","Text":"إِنَّمَا","Translation":"Only","Transliteration":"innamā"},{"Position":6,"AudioFileName":"009_085_006.mp3","TajweedImageFilePath":"9/85/6.png","Text":"يُرِيدُ","Translation":"Allah intends","Transliteration":"yurīdu"},{"Position":7,"AudioFileName":"009_085_007.mp3","TajweedImageFilePath":"9/85/7.png","Text":"ٱللَّهُ","Translation":"Allah intends","Transliteration":"l-lahu"},{"Position":8,"AudioFileName":"009_085_008.mp3","TajweedImageFilePath":"9/85/8.png","Text":"أَن","Translation":"to","Transliteration":"an"},{"Position":9,"AudioFileName":"009_085_009.mp3","TajweedImageFilePath":"9/85/9.png","Text":"يُعَذِّبَهُم","Translation":"punish them","Transliteration":"yuʿadhibahum"},{"Position":10,"AudioFileName":"009_085_010.mp3","TajweedImageFilePath":"9/85/10.png","Text":"بِهَا","Translation":"with it","Transliteration":"bihā"},{"Position":11,"AudioFileName":"009_085_011.mp3","TajweedImageFilePath":"9/85/11.png","Text":"فِى","Translation":"in","Transliteration":"fī"},{"Position":12,"AudioFileName":"009_085_012.mp3","TajweedImageFilePath":"9/85/12.png","Text":"ٱلدُّنْيَا","Translation":"the world","Transliteration":"l-dun'yā"},{"Position":13,"AudioFileName":"009_085_013.mp3","TajweedImageFilePath":"9/85/13.png","Text":"وَتَزْهَقَ","Translation":"and will depart","Transliteration":"watazhaqa"},{"Position":14,"AudioFileName":"009_085_014.mp3","TajweedImageFilePath":"9/85/14.png","Text":"أَنفُسُهُمْ","Translation":"their souls","Transliteration":"anfusuhum"},{"Position":15,"AudioFileName":"009_085_015.mp3","TajweedImageFilePath":"9/85/15.png","Text":"وَهُمْ","Translation":"while they","Transliteration":"wahum"},{"Position":16,"AudioFileName":"009_085_016.mp3","TajweedImageFilePath":"9/85/16.png","Text":"كَـٰفِرُونَ","Translation":"(are) disbelievers","Transliteration":"kāfirūna"},{"Position":17,"AudioFileName":null,"TajweedImageFilePath":"85.png","Text":"٨٥","Translation":"(85)","Transliteration":null}],"PageNumber":200,"JuzNumber":10,"ManzilNumber":2,"RukuNumber":166,"MaqraNumber":80,"HizbNumber":20,"HizbDecimal":0.75,"HasSajda":false},{"SurahNumber":9,"SurahIndex":"009","VerseNumber":86,"ShowSurahName":false,"ShowBismillah":false,"Words":[{"Position":1,"AudioFileName":"009_086_001.mp3","TajweedImageFilePath":"9/86/1.png","Text":"وَإِذَآ","Translation":"And when","Transliteration":"wa-idhā"},{"Position":2,"AudioFileName":"009_086_002.mp3","TajweedImageFilePath":"9/86/2.png","Text":"أُنزِلَتْ","Translation":"was revealed","Transliteration":"unzilat"},{"Position":3,"AudioFileName":"009_086_003.mp3","TajweedImageFilePath":"9/86/3.png","Text":"سُورَةٌ","Translation":"a Surah","Transliteration":"sūratun"},{"Position":4,"AudioFileName":"009_086_004.mp3","TajweedImageFilePath":"9/86/4.png","Text":"أَنْ","Translation":"that","Transliteration":"an"},{"Position":5,"AudioFileName":"009_086_005.mp3","TajweedImageFilePath":"9/86/5.png","Text":"ءَامِنُوا۟","Translation":"believe","Transliteration":"āminū"},{"Position":6,"AudioFileName":"009_086_006.mp3","TajweedImageFilePath":"9/86/6.png","Text":"بِٱللَّهِ","Translation":"in Allah","Transliteration":"bil-lahi"},{"Position":7,"AudioFileName":"009_086_007.mp3","TajweedImageFilePath":"9/86/7.png","Text":"وَجَـٰهِدُوا۟","Translation":"and strive","Transliteration":"wajāhidū"},{"Position":8,"AudioFileName":"009_086_008.mp3","TajweedImageFilePath":"9/86/8.png","Text":"مَعَ","Translation":"with","Transliteration":"maʿa"},{"Position":9,"AudioFileName":"009_086_009.mp3","TajweedImageFilePath":"9/86/9.png","Text":"رَسُولِهِ","Translation":"His Messenger","Transliteration":"rasūlihi"},{"Position":10,"AudioFileName":"009_086_010.mp3","TajweedImageFilePath":"9/86/10.png","Text":"ٱسْتَـْٔذَنَكَ","Translation":"ask your permission","Transliteration":"is'tadhanaka"},{"Position":11,"AudioFileName":"009_086_011.mp3","TajweedImageFilePath":"9/86/11.png","Text":"أُو۟لُوا۟","Translation":"(the) men","Transliteration":"ulū"},{"Position":12,"AudioFileName":"009_086_012.mp3","TajweedImageFilePath":"9/86/12.png","Text":"ٱلطَّوْلِ","Translation":"(of) wealth","Transliteration":"l-ṭawli"},{"Position":13,"AudioFileName":"009_086_013.mp3","TajweedImageFilePath":"9/86/13.png","Text":"مِنْهُمْ","Translation":"among them","Transliteration":"min'hum"},{"Position":14,"AudioFileName":"009_086_014.mp3","TajweedImageFilePath":"9/86/14.png","Text":"وَقَالُوا۟","Translation":"and said","Transliteration":"waqālū"},{"Position":15,"AudioFileName":"009_086_015.mp3","TajweedImageFilePath":"9/86/15.png","Text":"ذَرْنَا","Translation":"Leave us","Transliteration":"dharnā"},{"Position":16,"AudioFileName":"009_086_016.mp3","TajweedImageFilePath":"9/86/16.png","Text":"نَكُن","Translation":"(to) be","Transliteration":"nakun"},{"Position":17,"AudioFileName":"009_086_017.mp3","TajweedImageFilePath":"9/86/17.png","Text":"مَّعَ","Translation":"with","Transliteration":"maʿa"},{"Position":18,"AudioFileName":"009_086_018.mp3","TajweedImageFilePath":"9/86/18.png","Text":"ٱلْقَـٰعِدِينَ","Translation":"those who sit","Transliteration":"l-qāʿidīna"},{"Position":19,"AudioFileName":null,"TajweedImageFilePath":"86.png","Text":"٨٦","Translation":"(86)","Transliteration":null}],"PageNumber":200,"JuzNumber":10,"ManzilNumber":2,"RukuNumber":166,"MaqraNumber":80,"HizbNumber":20,"HizbDecimal":0.75,"HasSajda":false},{"SurahNumber":9,"SurahIndex":"009","VerseNumber":87,"ShowSurahName":false,"ShowBismillah":false,"Words":[{"Position":1,"AudioFileName":"009_087_001.mp3","TajweedImageFilePath":"9/87/1.png","Text":"رَضُوا۟","Translation":"They (were) satisfied","Transliteration":"raḍū"},{"Position":2,"AudioFileName":"009_087_002.mp3","TajweedImageFilePath":"9/87/2.png","Text":"بِأَن","Translation":"to","Transliteration":"bi-an"},{"Position":3,"AudioFileName":"009_087_003.mp3","TajweedImageFilePath":"9/87/3.png","Text":"يَكُونُوا۟","Translation":"be","Transliteration":"yakūnū"},{"Position":4,"AudioFileName":"009_087_004.mp3","TajweedImageFilePath":"9/87/4.png","Text":"مَعَ","Translation":"with","Transliteration":"maʿa"},{"Position":5,"AudioFileName":"009_087_005.mp3","TajweedImageFilePath":"9/87/5.png","Text":"ٱلْخَوَالِفِ","Translation":"those who stay behind","Transliteration":"l-khawālifi"},{"Position":6,"AudioFileName":"009_087_006.mp3","TajweedImageFilePath":"9/87/6.png","Text":"وَطُبِعَ","Translation":"and were sealed","Transliteration":"waṭubiʿa"},{"Position":7,"AudioFileName":"009_087_007.mp3","TajweedImageFilePath":"9/87/7.png","Text":"عَلَىٰ","Translation":"[on]","Transliteration":"ʿalā"},{"Position":8,"AudioFileName":"009_087_008.mp3","TajweedImageFilePath":"9/87/8.png","Text":"قُلُوبِهِمْ","Translation":"their hearts","Transliteration":"qulūbihim"},{"Position":9,"AudioFileName":"009_087_009.mp3","TajweedImageFilePath":"9/87/9.png","Text":"فَهُمْ","Translation":"so they","Transliteration":"fahum"},{"Position":10,"AudioFileName":"009_087_010.mp3","TajweedImageFilePath":"9/87/10.png","Text":"لَا","Translation":"(do) not","Transliteration":"lā"},{"Position":11,"AudioFileName":"009_087_011.mp3","TajweedImageFilePath":"9/87/11.png","Text":"يَفْقَهُونَ","Translation":"understand","Transliteration":"yafqahūna"},{"Position":12,"AudioFileName":null,"TajweedImageFilePath":"87.png","Text":"٨٧","Translation":"(87)","Transliteration":null}],"PageNumber":201,"JuzNumber":10,"ManzilNumber":2,"RukuNumber":166,"MaqraNumber":80,"HizbNumber":20,"HizbDecimal":0.75,"HasSajda":false},{"SurahNumber":9,"SurahIndex":"009","VerseNumber":88,"ShowSurahName":false,"ShowBismillah":false,"Words":[{"Position":1,"AudioFileName":"009_088_001.mp3","TajweedImageFilePath":"9/88/1.png","Text":"لَـٰكِنِ","Translation":"But","Transliteration":"lākini"},{"Position":2,"AudioFileName":"009_088_002.mp3","TajweedImageFilePath":"9/88/2.png","Text":"ٱلرَّسُولُ","Translation":"the Messenger","Transliteration":"l-rasūlu"},{"Position":3,"AudioFileName":"009_088_003.mp3","TajweedImageFilePath":"9/88/3.png","Text":"وَٱلَّذِينَ","Translation":"and those who","Transliteration":"wa-alladhīna"},{"Position":4,"AudioFileName":"009_088_004.mp3","TajweedImageFilePath":"9/88/4.png","Text":"ءَامَنُوا۟","Translation":"believed","Transliteration":"āmanū"},{"Position":5,"AudioFileName":"009_088_005.mp3","TajweedImageFilePath":"9/88/5.png","Text":"مَعَهُۥ","Translation":"with him","Transliteration":"maʿahu"},{"Position":6,"AudioFileName":"009_088_006.mp3","TajweedImageFilePath":"9/88/6.png","Text":"جَـٰهَدُوا۟","Translation":"strove","Transliteration":"jāhadū"},{"Position":7,"AudioFileName":"009_088_007.mp3","TajweedImageFilePath":"9/88/7.png","Text":"بِأَمْوَٰلِهِمْ","Translation":"with their wealth","Transliteration":"bi-amwālihim"},{"Position":8,"AudioFileName":"009_088_008.mp3","TajweedImageFilePath":"9/88/8.png","Text":"وَأَنفُسِهِمْ ۚ","Translation":"and their lives","Transliteration":"wa-anfusihim"},{"Position":9,"AudioFileName":"009_088_009.mp3","TajweedImageFilePath":"9/88/9.png","Text":"وَأُو۟لَـٰٓئِكَ","Translation":"And those","Transliteration":"wa-ulāika"},{"Position":10,"AudioFileName":"009_088_010.mp3","TajweedImageFilePath":"9/88/10.png","Text":"لَهُمُ","Translation":"for them","Transliteration":"lahumu"},{"Position":11,"AudioFileName":"009_088_011.mp3","TajweedImageFilePath":"9/88/11.png","Text":"ٱلْخَيْرَٰتُ ۖ","Translation":"(are) the good things","Transliteration":"l-khayrātu"},{"Position":12,"AudioFileName":"009_088_012.mp3","TajweedImageFilePath":"9/88/12.png","Text":"وَأُو۟لَـٰٓئِكَ","Translation":"and those ","Transliteration":"wa-ulāika"},{"Position":13,"AudioFileName":"009_088_013.mp3","TajweedImageFilePath":"9/88/13.png","Text":"هُمُ","Translation":"they","Transliteration":"humu"},{"Position":14,"AudioFileName":"009_088_014.mp3","TajweedImageFilePath":"9/88/14.png","Text":"ٱلْمُفْلِحُونَ","Translation":"(are) the successful ones","Transliteration":"l-muf'liḥūna"},{"Position":15,"AudioFileName":null,"TajweedImageFilePath":"88.png","Text":"٨٨","Translation":"(88)","Transliteration":null}],"PageNumber":201,"JuzNumber":10,"ManzilNumber":2,"RukuNumber":166,"MaqraNumber":80,"HizbNumber":20,"HizbDecimal":0.75,"HasSajda":false},{"SurahNumber":9,"SurahIndex":"009","VerseNumber":89,"ShowSurahName":false,"ShowBismillah":false,"Words":[{"Position":1,"AudioFileName":"009_089_001.mp3","TajweedImageFilePath":"9/89/1.png","Text":"أَعَدَّ","Translation":"Allah has prepared","Transliteration":"aʿadda"},{"Position":2,"AudioFileName":"009_089_002.mp3","TajweedImageFilePath":"9/89/2.png","Text":"ٱللَّهُ","Translation":"Allah has prepared","Transliteration":"l-lahu"},{"Position":3,"AudioFileName":"009_089_003.mp3","TajweedImageFilePath":"9/89/3.png","Text":"لَهُمْ","Translation":"for them","Transliteration":"lahum"},{"Position":4,"AudioFileName":"009_089_004.mp3","TajweedImageFilePath":"9/89/4.png","Text":"جَنَّـٰتٍۢ","Translation":"Gardens","Transliteration":"jannātin"},{"Position":5,"AudioFileName":"009_089_005.mp3","TajweedImageFilePath":"9/89/5.png","Text":"تَجْرِى","Translation":"flows","Transliteration":"tajrī"},{"Position":6,"AudioFileName":"009_089_006.mp3","TajweedImageFilePath":"9/89/6.png","Text":"مِن","Translation":"from","Transliteration":"min"},{"Position":7,"AudioFileName":"009_089_007.mp3","TajweedImageFilePath":"9/89/7.png","Text":"تَحْتِهَا","Translation":"underneath it","Transliteration":"taḥtihā"},{"Position":8,"AudioFileName":"009_089_008.mp3","TajweedImageFilePath":"9/89/8.png","Text":"ٱلْأَنْهَـٰرُ","Translation":"the rivers","Transliteration":"l-anhāru"},{"Position":9,"AudioFileName":"009_089_009.mp3","TajweedImageFilePath":"9/89/9.png","Text":"خَـٰلِدِينَ","Translation":"(will) abide forever","Transliteration":"khālidīna"},{"Position":10,"AudioFileName":"009_089_010.mp3","TajweedImageFilePath":"9/89/10.png","Text":"فِيهَا ۚ","Translation":"in it","Transliteration":"fīhā"},{"Position":11,"AudioFileName":"009_089_011.mp3","TajweedImageFilePath":"9/89/11.png","Text":"ذَٰلِكَ","Translation":"That","Transliteration":"dhālika"},{"Position":12,"AudioFileName":"009_089_012.mp3","TajweedImageFilePath":"9/89/12.png","Text":"ٱلْفَوْزُ","Translation":"(is) the success","Transliteration":"l-fawzu"},{"Position":13,"AudioFileName":"009_089_013.mp3","TajweedImageFilePath":"9/89/13.png","Text":"ٱلْعَظِيمُ","Translation":"the great","Transliteration":"l-ʿaẓīmu"},{"Position":14,"AudioFileName":null,"TajweedImageFilePath":"89.png","Text":"٨٩","Translation":"(89)","Transliteration":null}],"PageNumber":201,"JuzNumber":10,"ManzilNumber":2,"RukuNumber":166,"MaqraNumber":80,"HizbNumber":20,"HizbDecimal":0.75,"HasSajda":false},{"SurahNumber":9,"SurahIndex":"009","VerseNumber":90,"ShowSurahName":false,"ShowBismillah":false,"Words":[{"Position":1,"AudioFileName":"009_090_001.mp3","TajweedImageFilePath":"9/90/1.png","Text":"وَجَآءَ","Translation":"And came","Transliteration":"wajāa"},{"Position":2,"AudioFileName":"009_090_002.mp3","TajweedImageFilePath":"9/90/2.png","Text":"ٱلْمُعَذِّرُونَ","Translation":"the ones who make excuses","Transliteration":"l-muʿadhirūna"},{"Position":3,"AudioFileName":"009_090_003.mp3","TajweedImageFilePath":"9/90/3.png","Text":"مِنَ","Translation":"of","Transliteration":"mina"},{"Position":4,"AudioFileName":"009_090_004.mp3","TajweedImageFilePath":"9/90/4.png","Text":"ٱلْأَعْرَابِ","Translation":"the bedouins","Transliteration":"l-aʿrābi"},{"Position":5,"AudioFileName":"009_090_005.mp3","TajweedImageFilePath":"9/90/5.png","Text":"لِيُؤْذَنَ","Translation":"that permission be granted","Transliteration":"liyu'dhana"},{"Position":6,"AudioFileName":"009_090_006.mp3","TajweedImageFilePath":"9/90/6.png","Text":"لَهُمْ","Translation":"to them","Transliteration":"lahum"},{"Position":7,"AudioFileName":"009_090_007.mp3","TajweedImageFilePath":"9/90/7.png","Text":"وَقَعَدَ","Translation":"and sat","Transliteration":"waqaʿada"},{"Position":8,"AudioFileName":"009_090_008.mp3","TajweedImageFilePath":"9/90/8.png","Text":"ٱلَّذِينَ","Translation":"those who","Transliteration":"alladhīna"},{"Position":9,"AudioFileName":"009_090_009.mp3","TajweedImageFilePath":"9/90/9.png","Text":"كَذَبُوا۟","Translation":"lied","Transliteration":"kadhabū"},{"Position":10,"AudioFileName":"009_090_010.mp3","TajweedImageFilePath":"9/90/10.png","Text":"ٱللَّهَ","Translation":"(to) Allah","Transliteration":"l-laha"},{"Position":11,"AudioFileName":"009_090_011.mp3","TajweedImageFilePath":"9/90/11.png","Text":"وَرَسُولَهُۥ ۚ","Translation":"and His Messenger","Transliteration":"warasūlahu"},{"Position":12,"AudioFileName":"009_090_012.mp3","TajweedImageFilePath":"9/90/12.png","Text":"سَيُصِيبُ","Translation":"Will strike","Transliteration":"sayuṣību"},{"Position":13,"AudioFileName":"009_090_013.mp3","TajweedImageFilePath":"9/90/13.png","Text":"ٱلَّذِينَ","Translation":"those who","Transliteration":"alladhīna"},{"Position":14,"AudioFileName":"009_090_014.mp3","TajweedImageFilePath":"9/90/14.png","Text":"كَفَرُوا۟","Translation":"disbelieved","Transliteration":"kafarū"},{"Position":15,"AudioFileName":"009_090_015.mp3","TajweedImageFilePath":"9/90/15.png","Text":"مِنْهُمْ","Translation":"among them","Transliteration":"min'hum"},{"Position":16,"AudioFileName":"009_090_016.mp3","TajweedImageFilePath":"9/90/16.png","Text":"عَذَابٌ","Translation":"a punishment","Transliteration":"ʿadhābun"},{"Position":17,"AudioFileName":"009_090_017.mp3","TajweedImageFilePath":"9/90/17.png","Text":"أَلِيمٌۭ","Translation":"painful","Transliteration":"alīmun"},{"Position":18,"AudioFileName":null,"TajweedImageFilePath":"90.png","Text":"٩٠","Translation":"(90)","Transliteration":null}],"PageNumber":201,"JuzNumber":10,"ManzilNumber":2,"RukuNumber":167,"MaqraNumber":80,"HizbNumber":20,"HizbDecimal":0.75,"HasSajda":false},{"SurahNumber":9,"SurahIndex":"009","VerseNumber":91,"ShowSurahName":false,"ShowBismillah":false,"Words":[{"Position":1,"AudioFileName":"009_091_001.mp3","TajweedImageFilePath":"9/91/1.png","Text":"لَّيْسَ","Translation":"Not","Transliteration":"laysa"},{"Position":2,"AudioFileName":"009_091_002.mp3","TajweedImageFilePath":"9/91/2.png","Text":"عَلَى","Translation":"on","Transliteration":"ʿalā"},{"Position":3,"AudioFileName":"009_091_003.mp3","TajweedImageFilePath":"9/91/3.png","Text":"ٱلضُّعَفَآءِ","Translation":"the weak","Transliteration":"l-ḍuʿafāi"},{"Position":4,"AudioFileName":"009_091_004.mp3","TajweedImageFilePath":"9/91/4.png","Text":"وَلَا","Translation":"and not","Transliteration":"walā"},{"Position":5,"AudioFileName":"009_091_005.mp3","TajweedImageFilePath":"9/91/5.png","Text":"عَلَى","Translation":"on","Transliteration":"ʿalā"},{"Position":6,"AudioFileName":"009_091_006.mp3","TajweedImageFilePath":"9/91/6.png","Text":"ٱلْمَرْضَىٰ","Translation":"the sick","Transliteration":"l-marḍā"},{"Position":7,"AudioFileName":"009_091_007.mp3","TajweedImageFilePath":"9/91/7.png","Text":"وَلَا","Translation":"and not","Transliteration":"walā"},{"Position":8,"AudioFileName":"009_091_008.mp3","TajweedImageFilePath":"9/91/8.png","Text":"عَلَى","Translation":"on","Transliteration":"ʿalā"},{"Position":9,"AudioFileName":"009_091_009.mp3","TajweedImageFilePath":"9/91/9.png","Text":"ٱلَّذِينَ","Translation":"those who","Transliteration":"alladhīna"},{"Position":10,"AudioFileName":"009_091_010.mp3","TajweedImageFilePath":"9/91/10.png","Text":"لَا","Translation":"not","Transliteration":"lā"},{"Position":11,"AudioFileName":"009_091_011.mp3","TajweedImageFilePath":"9/91/11.png","Text":"يَجِدُونَ","Translation":"they find","Transliteration":"yajidūna"},{"Position":12,"AudioFileName":"009_091_012.mp3","TajweedImageFilePath":"9/91/12.png","Text":"مَا","Translation":"what","Transliteration":"mā"},{"Position":13,"AudioFileName":"009_091_013.mp3","TajweedImageFilePath":"9/91/13.png","Text":"يُنفِقُونَ","Translation":"they (can) spend","Transliteration":"yunfiqūna"},{"Position":14,"AudioFileName":"009_091_014.mp3","TajweedImageFilePath":"9/91/14.png","Text":"حَرَجٌ","Translation":"any blame","Transliteration":"ḥarajun"},{"Position":15,"AudioFileName":"009_091_015.mp3","TajweedImageFilePath":"9/91/15.png","Text":"إِذَا","Translation":"if","Transliteration":"idhā"},{"Position":16,"AudioFileName":"009_091_016.mp3","TajweedImageFilePath":"9/91/16.png","Text":"نَصَحُوا۟","Translation":"they (are) sincere","Transliteration":"naṣaḥū"},{"Position":17,"AudioFileName":"009_091_017.mp3","TajweedImageFilePath":"9/91/17.png","Text":"لِلَّهِ","Translation":"to Allah","Transliteration":"lillahi"},{"Position":18,"AudioFileName":"009_091_018.mp3","TajweedImageFilePath":"9/91/18.png","Text":"وَرَسُولِهِۦ ۚ","Translation":"and His Messenger","Transliteration":"warasūlihi"},{"Position":19,"AudioFileName":"009_091_019.mp3","TajweedImageFilePath":"9/91/19.png","Text":"مَا","Translation":"Not","Transliteration":"mā"},{"Position":20,"AudioFileName":"009_091_020.mp3","TajweedImageFilePath":"9/91/20.png","Text":"عَلَى","Translation":"(is) on","Transliteration":"ʿalā"},{"Position":21,"AudioFileName":"009_091_021.mp3","TajweedImageFilePath":"9/91/21.png","Text":"ٱلْمُحْسِنِينَ","Translation":"the good-doers","Transliteration":"l-muḥ'sinīna"},{"Position":22,"AudioFileName":"009_091_022.mp3","TajweedImageFilePath":"9/91/22.png","Text":"مِن","Translation":"any","Transliteration":"min"},{"Position":23,"AudioFileName":"009_091_023.mp3","TajweedImageFilePath":"9/91/23.png","Text":"سَبِيلٍۢ ۚ","Translation":"way (for blame)","Transliteration":"sabīlin"},{"Position":24,"AudioFileName":"009_091_024.mp3","TajweedImageFilePath":"9/91/24.png","Text":"وَٱللَّهُ","Translation":"And Allah","Transliteration":"wal-lahu"},{"Position":25,"AudioFileName":"009_091_025.mp3","TajweedImageFilePath":"9/91/25.png","Text":"غَفُورٌۭ","Translation":"(is) Oft-Forgiving","Transliteration":"ghafūrun"},{"Position":26,"AudioFileName":"009_091_026.mp3","TajweedImageFilePath":"9/91/26.png","Text":"رَّحِيمٌۭ","Translation":"Most Merciful","Transliteration":"raḥīmun"},{"Position":27,"AudioFileName":null,"TajweedImageFilePath":"91.png","Text":"٩١","Translation":"(91)","Transliteration":null}],"PageNumber":201,"JuzNumber":10,"ManzilNumber":2,"RukuNumber":167,"MaqraNumber":80,"HizbNumber":20,"HizbDecimal":0.75,"HasSajda":false},{"SurahNumber":9,"SurahIndex":"009","VerseNumber":92,"ShowSurahName":false,"ShowBismillah":false,"Words":[{"Position":1,"AudioFileName":"009_092_001.mp3","TajweedImageFilePath":"9/92/1.png","Text":"وَلَا","Translation":"And not","Transliteration":"walā"},{"Position":2,"AudioFileName":"009_092_002.mp3","TajweedImageFilePath":"9/92/2.png","Text":"عَلَى","Translation":"on","Transliteration":"ʿalā"},{"Position":3,"AudioFileName":"009_092_003.mp3","TajweedImageFilePath":"9/92/3.png","Text":"ٱلَّذِينَ","Translation":"those who","Transliteration":"alladhīna"},{"Position":4,"AudioFileName":"009_092_004.mp3","TajweedImageFilePath":"9/92/4.png","Text":"إِذَا","Translation":"when","Transliteration":"idhā"},{"Position":5,"AudioFileName":"009_092_005.mp3","TajweedImageFilePath":"9/92/5.png","Text":"مَآ","Translation":"when","Transliteration":"mā"},{"Position":6,"AudioFileName":"009_092_006.mp3","TajweedImageFilePath":"9/92/6.png","Text":"أَتَوْكَ","Translation":"they came to you","Transliteration":"atawka"},{"Position":7,"AudioFileName":"009_092_007.mp3","TajweedImageFilePath":"9/92/7.png","Text":"لِتَحْمِلَهُمْ","Translation":"that you provide them with mounts","Transliteration":"litaḥmilahum"},{"Position":8,"AudioFileName":"009_092_008.mp3","TajweedImageFilePath":"9/92/8.png","Text":"قُلْتَ","Translation":"you said","Transliteration":"qul'ta"},{"Position":9,"AudioFileName":"009_092_009.mp3","TajweedImageFilePath":"9/92/9.png","Text":"لَآ","Translation":"Not","Transliteration":"lā"},{"Position":10,"AudioFileName":"009_092_010.mp3","TajweedImageFilePath":"9/92/10.png","Text":"أَجِدُ","Translation":"I find","Transliteration":"ajidu"},{"Position":11,"AudioFileName":"009_092_011.mp3","TajweedImageFilePath":"9/92/11.png","Text":"مَآ","Translation":"what","Transliteration":"mā"},{"Position":12,"AudioFileName":"009_092_012.mp3","TajweedImageFilePath":"9/92/12.png","Text":"أَحْمِلُكُمْ","Translation":"to mount you","Transliteration":"aḥmilukum"},{"Position":13,"AudioFileName":"009_092_013.mp3","TajweedImageFilePath":"9/92/13.png","Text":"عَلَيْهِ","Translation":"on [it]","Transliteration":"ʿalayhi"},{"Position":14,"AudioFileName":"009_092_014.mp3","TajweedImageFilePath":"9/92/14.png","Text":"تَوَلَّوا۟","Translation":"They turned back","Transliteration":"tawallaw"},{"Position":15,"AudioFileName":"009_092_015.mp3","TajweedImageFilePath":"9/92/15.png","Text":"وَّأَعْيُنُهُمْ","Translation":"with their eyes","Transliteration":"wa-aʿyunuhum"},{"Position":16,"AudioFileName":"009_092_016.mp3","TajweedImageFilePath":"9/92/16.png","Text":"تَفِيضُ","Translation":"flowing","Transliteration":"tafīḍu"},{"Position":17,"AudioFileName":"009_092_017.mp3","TajweedImageFilePath":"9/92/17.png","Text":"مِنَ","Translation":"[of]","Transliteration":"mina"},{"Position":18,"AudioFileName":"009_092_018.mp3","TajweedImageFilePath":"9/92/18.png","Text":"ٱلدَّمْعِ","Translation":"(with) the tears","Transliteration":"l-damʿi"},{"Position":19,"AudioFileName":"009_092_019.mp3","TajweedImageFilePath":"9/92/19.png","Text":"حَزَنًا","Translation":"(of) sorrow","Transliteration":"ḥazanan"},{"Position":20,"AudioFileName":"009_092_020.mp3","TajweedImageFilePath":"9/92/20.png","Text":"أَلَّا","Translation":"that not","Transliteration":"allā"},{"Position":21,"AudioFileName":"009_092_021.mp3","TajweedImageFilePath":"9/92/21.png","Text":"يَجِدُوا۟","Translation":"they find","Transliteration":"yajidū"},{"Position":22,"AudioFileName":"009_092_022.mp3","TajweedImageFilePath":"9/92/22.png","Text":"مَا","Translation":"what","Transliteration":"mā"},{"Position":23,"AudioFileName":"009_092_023.mp3","TajweedImageFilePath":"9/92/23.png","Text":"يُنفِقُونَ","Translation":"they (could) spend","Transliteration":"yunfiqūna"},{"Position":24,"AudioFileName":null,"TajweedImageFilePath":"92.png","Text":"٩٢","Translation":"(92)","Transliteration":null}],"PageNumber":201,"JuzNumber":10,"ManzilNumber":2,"RukuNumber":167,"MaqraNumber":80,"HizbNumber":20,"HizbDecimal":0.75,"HasSajda":false}]}