{"MaqraNumber":6,"Verses":[{"SurahNumber":2,"SurahIndex":"002","VerseNumber":92,"ShowSurahName":false,"ShowBismillah":false,"Words":[{"Position":1,"AudioFileName":"002_092_001.mp3","TajweedImageFilePath":"2/92/1.png","Text":"۞ وَلَقَدْ","Translation":"And indeed","Transliteration":"walaqad"},{"Position":2,"AudioFileName":"002_092_002.mp3","TajweedImageFilePath":"2/92/2.png","Text":"جَآءَكُم","Translation":"came to you","Transliteration":"jāakum"},{"Position":3,"AudioFileName":"002_092_003.mp3","TajweedImageFilePath":"2/92/3.png","Text":"مُّوسَىٰ","Translation":"Musa","Transliteration":"mūsā"},{"Position":4,"AudioFileName":"002_092_004.mp3","TajweedImageFilePath":"2/92/4.png","Text":"بِٱلْبَيِّنَـٰتِ","Translation":"with [the] clear signs","Transliteration":"bil-bayināti"},{"Position":5,"AudioFileName":"002_092_005.mp3","TajweedImageFilePath":"2/92/5.png","Text":"ثُمَّ","Translation":"then","Transliteration":"thumma"},{"Position":6,"AudioFileName":"002_092_006.mp3","TajweedImageFilePath":"2/92/6.png","Text":"ٱتَّخَذْتُمُ","Translation":"you took","Transliteration":"ittakhadhtumu"},{"Position":7,"AudioFileName":"002_092_007.mp3","TajweedImageFilePath":"2/92/7.png","Text":"ٱلْعِجْلَ","Translation":"the calf","Transliteration":"l-ʿij'la"},{"Position":8,"AudioFileName":"002_092_008.mp3","TajweedImageFilePath":"2/92/8.png","Text":"مِنۢ","Translation":"from","Transliteration":"min"},{"Position":9,"AudioFileName":"002_092_009.mp3","TajweedImageFilePath":"2/92/9.png","Text":"بَعْدِهِۦ","Translation":"after him","Transliteration":"baʿdihi"},{"Position":10,"AudioFileName":"002_092_010.mp3","TajweedImageFilePath":"2/92/10.png","Text":"وَأَنتُمْ","Translation":"and you","Transliteration":"wa-antum"},{"Position":11,"AudioFileName":"002_092_011.mp3","TajweedImageFilePath":"2/92/11.png","Text":"ظَـٰلِمُونَ","Translation":"(were) wrongdoers","Transliteration":"ẓālimūna"},{"Position":12,"AudioFileName":null,"TajweedImageFilePath":"92.png","Text":"٩٢","Translation":"(92)","Transliteration":null}],"PageNumber":14,"JuzNumber":1,"ManzilNumber":1,"RukuNumber":12,"MaqraNumber":6,"HizbNumber":2,"HizbDecimal":0.25,"HasSajda":false},{"SurahNumber":2,"SurahIndex":"002","VerseNumber":93,"ShowSurahName":false,"ShowBismillah":false,"Words":[{"Position":1,"AudioFileName":"002_093_001.mp3","TajweedImageFilePath":"2/93/1.png","Text":"وَإِذْ","Translation":"And when","Transliteration":"wa-idh"},{"Position":2,"AudioFileName":"002_093_002.mp3","TajweedImageFilePath":"2/93/2.png","Text":"أَخَذْنَا","Translation":"We took","Transliteration":"akhadhnā"},{"Position":3,"AudioFileName":"002_093_003.mp3","TajweedImageFilePath":"2/93/3.png","Text":"مِيثَـٰقَكُمْ","Translation":"your covenant","Transliteration":"mīthāqakum"},{"Position":4,"AudioFileName":"002_093_004.mp3","TajweedImageFilePath":"2/93/4.png","Text":"وَرَفَعْنَا","Translation":"and We raised","Transliteration":"warafaʿnā"},{"Position":5,"AudioFileName":"002_093_005.mp3","TajweedImageFilePath":"2/93/5.png","Text":"فَوْقَكُمُ","Translation":"over you","Transliteration":"fawqakumu"},{"Position":6,"AudioFileName":"002_093_006.mp3","TajweedImageFilePath":"2/93/6.png","Text":"ٱلطُّورَ","Translation":"the mount","Transliteration":"l-ṭūra"},{"Position":7,"AudioFileName":"002_093_007.mp3","TajweedImageFilePath":"2/93/7.png","Text":"خُذُوا۟","Translation":"Hold","Transliteration":"khudhū"},{"Position":8,"AudioFileName":"002_093_008.mp3","TajweedImageFilePath":"2/93/8.png","Text":"مَآ","Translation":"what","Transliteration":"mā"},{"Position":9,"AudioFileName":"002_093_009.mp3","TajweedImageFilePath":"2/93/9.png","Text":"ءَاتَيْنَـٰكُم","Translation":"We gave you","Transliteration":"ātaynākum"},{"Position":10,"AudioFileName":"002_093_010.mp3","TajweedImageFilePath":"2/93/10.png","Text":"بِقُوَّةٍۢ","Translation":"with firmness","Transliteration":"biquwwatin"},{"Position":11,"AudioFileName":"002_093_011.mp3","TajweedImageFilePath":"2/93/11.png","Text":"وَٱسْمَعُوا۟ ۖ","Translation":"and listen","Transliteration":"wa-is'maʿū"},{"Position":12,"AudioFileName":"002_093_012.mp3","TajweedImageFilePath":"2/93/12.png","Text":"قَالُوا۟","Translation":"They said","Transliteration":"qālū"},{"Position":13,"AudioFileName":"002_093_013.mp3","TajweedImageFilePath":"2/93/13.png","Text":"سَمِعْنَا","Translation":"We heard","Transliteration":"samiʿ'nā"},{"Position":14,"AudioFileName":"002_093_014.mp3","TajweedImageFilePath":"2/93/14.png","Text":"وَعَصَيْنَا","Translation":"and we disobeyed","Transliteration":"waʿaṣaynā"},{"Position":15,"AudioFileName":"002_093_015.mp3","TajweedImageFilePath":"2/93/15.png","Text":"وَأُشْرِبُوا۟","Translation":"And they were made to drink","Transliteration":"wa-ush'ribū"},{"Position":16,"AudioFileName":"002_093_016.mp3","TajweedImageFilePath":"2/93/16.png","Text":"فِى","Translation":"in","Transliteration":"fī"},{"Position":17,"AudioFileName":"002_093_017.mp3","TajweedImageFilePath":"2/93/17.png","Text":"قُلُوبِهِمُ","Translation":"their hearts","Transliteration":"qulūbihimu"},{"Position":18,"AudioFileName":"002_093_018.mp3","TajweedImageFilePath":"2/93/18.png","Text":"ٱلْعِجْلَ","Translation":"(love of) the calf","Transliteration":"l-ʿij'la"},{"Position":19,"AudioFileName":"002_093_019.mp3","TajweedImageFilePath":"2/93/19.png","Text":"بِكُفْرِهِمْ ۚ","Translation":"because of their disbelief","Transliteration":"bikuf'rihim"},{"Position":20,"AudioFileName":"002_093_020.mp3","TajweedImageFilePath":"2/93/20.png","Text":"قُلْ","Translation":"Say","Transliteration":"qul"},{"Position":21,"AudioFileName":"002_093_021.mp3","TajweedImageFilePath":"2/93/21.png","Text":"بِئْسَمَا","Translation":"Evil (is) that","Transliteration":"bi'samā"},{"Position":22,"AudioFileName":"002_093_022.mp3","TajweedImageFilePath":"2/93/22.png","Text":"يَأْمُرُكُم","Translation":"orders you (to do) it","Transliteration":"yamurukum"},{"Position":23,"AudioFileName":"002_093_023.mp3","TajweedImageFilePath":"2/93/23.png","Text":"بِهِۦٓ","Translation":"with","Transliteration":"bihi"},{"Position":24,"AudioFileName":"002_093_024.mp3","TajweedImageFilePath":"2/93/24.png","Text":"إِيمَـٰنُكُمْ","Translation":"your faith","Transliteration":"īmānukum"},{"Position":25,"AudioFileName":"002_093_025.mp3","TajweedImageFilePath":"2/93/25.png","Text":"إِن","Translation":"if","Transliteration":"in"},{"Position":26,"AudioFileName":"002_093_026.mp3","TajweedImageFilePath":"2/93/26.png","Text":"كُنتُم","Translation":"you are","Transliteration":"kuntum"},{"Position":27,"AudioFileName":"002_093_027.mp3","TajweedImageFilePath":"2/93/27.png","Text":"مُّؤْمِنِينَ","Translation":"believers","Transliteration":"mu'minīna"},{"Position":28,"AudioFileName":null,"TajweedImageFilePath":"93.png","Text":"٩٣","Translation":"(93)","Transliteration":null}],"PageNumber":14,"JuzNumber":1,"ManzilNumber":1,"RukuNumber":12,"MaqraNumber":6,"HizbNumber":2,"HizbDecimal":0.25,"HasSajda":false},{"SurahNumber":2,"SurahIndex":"002","VerseNumber":94,"ShowSurahName":false,"ShowBismillah":false,"Words":[{"Position":1,"AudioFileName":"002_094_001.mp3","TajweedImageFilePath":"2/94/1.png","Text":"قُلْ","Translation":"Say","Transliteration":"qul"},{"Position":2,"AudioFileName":"002_094_002.mp3","TajweedImageFilePath":"2/94/2.png","Text":"إِن","Translation":"If ","Transliteration":"in"},{"Position":3,"AudioFileName":"002_094_003.mp3","TajweedImageFilePath":"2/94/3.png","Text":"كَانَتْ","Translation":"is","Transliteration":"kānat"},{"Position":4,"AudioFileName":"002_094_004.mp3","TajweedImageFilePath":"2/94/4.png","Text":"لَكُمُ","Translation":"for you","Transliteration":"lakumu"},{"Position":5,"AudioFileName":"002_094_005.mp3","TajweedImageFilePath":"2/94/5.png","Text":"ٱلدَّارُ","Translation":"the home","Transliteration":"l-dāru"},{"Position":6,"AudioFileName":"002_094_006.mp3","TajweedImageFilePath":"2/94/6.png","Text":"ٱلْـَٔاخِرَةُ","Translation":"(of) the Hereafter","Transliteration":"l-ākhiratu"},{"Position":7,"AudioFileName":"002_094_007.mp3","TajweedImageFilePath":"2/94/7.png","Text":"عِندَ","Translation":"with","Transliteration":"ʿinda"},{"Position":8,"AudioFileName":"002_094_008.mp3","TajweedImageFilePath":"2/94/8.png","Text":"ٱللَّهِ","Translation":"Allah","Transliteration":"l-lahi"},{"Position":9,"AudioFileName":"002_094_009.mp3","TajweedImageFilePath":"2/94/9.png","Text":"خَالِصَةًۭ","Translation":"exclusively","Transliteration":"khāliṣatan"},{"Position":10,"AudioFileName":"002_094_010.mp3","TajweedImageFilePath":"2/94/10.png","Text":"مِّن","Translation":"from","Transliteration":"min"},{"Position":11,"AudioFileName":"002_094_011.mp3","TajweedImageFilePath":"2/94/11.png","Text":"دُونِ","Translation":"excluding","Transliteration":"dūni"},{"Position":12,"AudioFileName":"002_094_012.mp3","TajweedImageFilePath":"2/94/12.png","Text":"ٱلنَّاسِ","Translation":"the mankind","Transliteration":"l-nāsi"},{"Position":13,"AudioFileName":"002_094_013.mp3","TajweedImageFilePath":"2/94/13.png","Text":"فَتَمَنَّوُا۟","Translation":"then wish","Transliteration":"fatamannawū"},{"Position":14,"AudioFileName":"002_094_014.mp3","TajweedImageFilePath":"2/94/14.png","Text":"ٱلْمَوْتَ","Translation":"(for) [the] death","Transliteration":"l-mawta"},{"Position":15,"AudioFileName":"002_094_015.mp3","TajweedImageFilePath":"2/94/15.png","Text":"إِن","Translation":"if","Transliteration":"in"},{"Position":16,"AudioFileName":"002_094_016.mp3","TajweedImageFilePath":"2/94/16.png","Text":"كُنتُمْ","Translation":"you are","Transliteration":"kuntum"},{"Position":17,"AudioFileName":"002_094_017.mp3","TajweedImageFilePath":"2/94/17.png","Text":"صَـٰدِقِينَ","Translation":"truthful","Transliteration":"ṣādiqīna"},{"Position":18,"AudioFileName":null,"TajweedImageFilePath":"94.png","Text":"٩٤","Translation":"(94)","Transliteration":null}],"PageNumber":15,"JuzNumber":1,"ManzilNumber":1,"RukuNumber":12,"MaqraNumber":6,"HizbNumber":2,"HizbDecimal":0.25,"HasSajda":false},{"SurahNumber":2,"SurahIndex":"002","VerseNumber":95,"ShowSurahName":false,"ShowBismillah":false,"Words":[{"Position":1,"AudioFileName":"002_095_001.mp3","TajweedImageFilePath":"2/95/1.png","Text":"وَلَن","Translation":"And never (will)","Transliteration":"walan"},{"Position":2,"AudioFileName":"002_095_002.mp3","TajweedImageFilePath":"2/95/2.png","Text":"يَتَمَنَّوْهُ","Translation":"they wish for it","Transliteration":"yatamannawhu"},{"Position":3,"AudioFileName":"002_095_003.mp3","TajweedImageFilePath":"2/95/3.png","Text":"أَبَدًۢا","Translation":"ever","Transliteration":"abadan"},{"Position":4,"AudioFileName":"002_095_004.mp3","TajweedImageFilePath":"2/95/4.png","Text":"بِمَا","Translation":"because","Transliteration":"bimā"},{"Position":5,"AudioFileName":"002_095_005.mp3","TajweedImageFilePath":"2/95/5.png","Text":"قَدَّمَتْ","Translation":"(of what) sent ahead","Transliteration":"qaddamat"},{"Position":6,"AudioFileName":"002_095_006.mp3","TajweedImageFilePath":"2/95/6.png","Text":"أَيْدِيهِمْ ۗ","Translation":"their hands","Transliteration":"aydīhim"},{"Position":7,"AudioFileName":"002_095_007.mp3","TajweedImageFilePath":"2/95/7.png","Text":"وَٱللَّهُ","Translation":"And Allah","Transliteration":"wal-lahu"},{"Position":8,"AudioFileName":"002_095_008.mp3","TajweedImageFilePath":"2/95/8.png","Text":"عَلِيمٌۢ","Translation":"(is) All-Knower","Transliteration":"ʿalīmun"},{"Position":9,"AudioFileName":"002_095_009.mp3","TajweedImageFilePath":"2/95/9.png","Text":"بِٱلظَّـٰلِمِينَ","Translation":"of the wrongdoers","Transliteration":"bil-ẓālimīna"},{"Position":10,"AudioFileName":null,"TajweedImageFilePath":"95.png","Text":"٩٥","Translation":"(95)","Transliteration":null}],"PageNumber":15,"JuzNumber":1,"ManzilNumber":1,"RukuNumber":12,"MaqraNumber":6,"HizbNumber":2,"HizbDecimal":0.25,"HasSajda":false},{"SurahNumber":2,"SurahIndex":"002","VerseNumber":96,"ShowSurahName":false,"ShowBismillah":false,"Words":[{"Position":1,"AudioFileName":"002_096_001.mp3","TajweedImageFilePath":"2/96/1.png","Text":"وَلَتَجِدَنَّهُمْ","Translation":"And surely you will find them","Transliteration":"walatajidannahum"},{"Position":2,"AudioFileName":"002_096_002.mp3","TajweedImageFilePath":"2/96/2.png","Text":"أَحْرَصَ","Translation":"(the) most greedy","Transliteration":"aḥraṣa"},{"Position":3,"AudioFileName":"002_096_003.mp3","TajweedImageFilePath":"2/96/3.png","Text":"ٱلنَّاسِ","Translation":"(of) [the] mankind","Transliteration":"l-nāsi"},{"Position":4,"AudioFileName":"002_096_004.mp3","TajweedImageFilePath":"2/96/4.png","Text":"عَلَىٰ","Translation":"for","Transliteration":"ʿalā"},{"Position":5,"AudioFileName":"002_096_005.mp3","TajweedImageFilePath":"2/96/5.png","Text":"حَيَوٰةٍۢ","Translation":"life","Transliteration":"ḥayatin"},{"Position":6,"AudioFileName":"002_096_006.mp3","TajweedImageFilePath":"2/96/6.png","Text":"وَمِنَ","Translation":"and (greedier) than","Transliteration":"wamina"},{"Position":7,"AudioFileName":"002_096_007.mp3","TajweedImageFilePath":"2/96/7.png","Text":"ٱلَّذِينَ","Translation":"those who","Transliteration":"alladhīna"},{"Position":8,"AudioFileName":"002_096_008.mp3","TajweedImageFilePath":"2/96/8.png","Text":"أَشْرَكُوا۟ ۚ","Translation":"associate[d] partners (with Allah)","Transliteration":"ashrakū"},{"Position":9,"AudioFileName":"002_096_009.mp3","TajweedImageFilePath":"2/96/9.png","Text":"يَوَدُّ","Translation":"Loves","Transliteration":"yawaddu"},{"Position":10,"AudioFileName":"002_096_010.mp3","TajweedImageFilePath":"2/96/10.png","Text":"أَحَدُهُمْ","Translation":"(each) one of them","Transliteration":"aḥaduhum"},{"Position":11,"AudioFileName":"002_096_011.mp3","TajweedImageFilePath":"2/96/11.png","Text":"لَوْ","Translation":"if","Transliteration":"law"},{"Position":12,"AudioFileName":"002_096_012.mp3","TajweedImageFilePath":"2/96/12.png","Text":"يُعَمَّرُ","Translation":"he could be granted a life","Transliteration":"yuʿammaru"},{"Position":13,"AudioFileName":"002_096_013.mp3","TajweedImageFilePath":"2/96/13.png","Text":"أَلْفَ","Translation":"(of) a thousand","Transliteration":"alfa"},{"Position":14,"AudioFileName":"002_096_014.mp3","TajweedImageFilePath":"2/96/14.png","Text":"سَنَةٍۢ","Translation":"year(s)","Transliteration":"sanatin"},{"Position":15,"AudioFileName":"002_096_015.mp3","TajweedImageFilePath":"2/96/15.png","Text":"وَمَا","Translation":"But not","Transliteration":"wamā"},{"Position":16,"AudioFileName":"002_096_016.mp3","TajweedImageFilePath":"2/96/16.png","Text":"هُوَ","Translation":"it","Transliteration":"huwa"},{"Position":17,"AudioFileName":"002_096_017.mp3","TajweedImageFilePath":"2/96/17.png","Text":"بِمُزَحْزِحِهِۦ","Translation":"(will) remove him","Transliteration":"bimuzaḥziḥihi"},{"Position":18,"AudioFileName":"002_096_018.mp3","TajweedImageFilePath":"2/96/18.png","Text":"مِنَ","Translation":"from","Transliteration":"mina"},{"Position":19,"AudioFileName":"002_096_019.mp3","TajweedImageFilePath":"2/96/19.png","Text":"ٱلْعَذَابِ","Translation":"the punishment","Transliteration":"l-ʿadhābi"},{"Position":20,"AudioFileName":"002_096_020.mp3","TajweedImageFilePath":"2/96/20.png","Text":"أَن","Translation":"that","Transliteration":"an"},{"Position":21,"AudioFileName":"002_096_021.mp3","TajweedImageFilePath":"2/96/21.png","Text":"يُعَمَّرَ ۗ","Translation":"he should be granted life","Transliteration":"yuʿammara"},{"Position":22,"AudioFileName":"002_096_022.mp3","TajweedImageFilePath":"2/96/22.png","Text":"وَٱللَّهُ","Translation":"And Allah","Transliteration":"wal-lahu"},{"Position":23,"AudioFileName":"002_096_023.mp3","TajweedImageFilePath":"2/96/23.png","Text":"بَصِيرٌۢ","Translation":"(is) All-Seer","Transliteration":"baṣīrun"},{"Position":24,"AudioFileName":"002_096_024.mp3","TajweedImageFilePath":"2/96/24.png","Text":"بِمَا","Translation":"of what","Transliteration":"bimā"},{"Position":25,"AudioFileName":"002_096_025.mp3","TajweedImageFilePath":"2/96/25.png","Text":"يَعْمَلُونَ","Translation":"they do","Transliteration":"yaʿmalūna"},{"Position":26,"AudioFileName":null,"TajweedImageFilePath":"96.png","Text":"٩٦","Translation":"(96)","Transliteration":null}],"PageNumber":15,"JuzNumber":1,"ManzilNumber":1,"RukuNumber":12,"MaqraNumber":6,"HizbNumber":2,"HizbDecimal":0.25,"HasSajda":false},{"SurahNumber":2,"SurahIndex":"002","VerseNumber":97,"ShowSurahName":false,"ShowBismillah":false,"Words":[{"Position":1,"AudioFileName":"002_097_001.mp3","TajweedImageFilePath":"2/97/1.png","Text":"قُلْ","Translation":"Say","Transliteration":"qul"},{"Position":2,"AudioFileName":"002_097_002.mp3","TajweedImageFilePath":"2/97/2.png","Text":"مَن","Translation":"Whoever","Transliteration":"man"},{"Position":3,"AudioFileName":"002_097_003.mp3","TajweedImageFilePath":"2/97/3.png","Text":"كَانَ","Translation":"is","Transliteration":"kāna"},{"Position":4,"AudioFileName":"002_097_004.mp3","TajweedImageFilePath":"2/97/4.png","Text":"عَدُوًّۭا","Translation":"an enemy","Transliteration":"ʿaduwwan"},{"Position":5,"AudioFileName":"002_097_005.mp3","TajweedImageFilePath":"2/97/5.png","Text":"لِّجِبْرِيلَ","Translation":"to Jibreel ","Transliteration":"lijib'rīla"},{"Position":6,"AudioFileName":"002_097_006.mp3","TajweedImageFilePath":"2/97/6.png","Text":"فَإِنَّهُۥ","Translation":"then indeed he","Transliteration":"fa-innahu"},{"Position":7,"AudioFileName":"002_097_007.mp3","TajweedImageFilePath":"2/97/7.png","Text":"نَزَّلَهُۥ","Translation":"brought it down","Transliteration":"nazzalahu"},{"Position":8,"AudioFileName":"002_097_008.mp3","TajweedImageFilePath":"2/97/8.png","Text":"عَلَىٰ","Translation":"on","Transliteration":"ʿalā"},{"Position":9,"AudioFileName":"002_097_009.mp3","TajweedImageFilePath":"2/97/9.png","Text":"قَلْبِكَ","Translation":"your heart","Transliteration":"qalbika"},{"Position":10,"AudioFileName":"002_097_010.mp3","TajweedImageFilePath":"2/97/10.png","Text":"بِإِذْنِ","Translation":"by (the) permission","Transliteration":"bi-idh'ni"},{"Position":11,"AudioFileName":"002_097_011.mp3","TajweedImageFilePath":"2/97/11.png","Text":"ٱللَّهِ","Translation":"(of) Allah","Transliteration":"l-lahi"},{"Position":12,"AudioFileName":"002_097_012.mp3","TajweedImageFilePath":"2/97/12.png","Text":"مُصَدِّقًۭا","Translation":"confirming","Transliteration":"muṣaddiqan"},{"Position":13,"AudioFileName":"002_097_013.mp3","TajweedImageFilePath":"2/97/13.png","Text":"لِّمَا","Translation":"what","Transliteration":"limā"},{"Position":14,"AudioFileName":"002_097_014.mp3","TajweedImageFilePath":"2/97/14.png","Text":"بَيْنَ","Translation":"(was)","Transliteration":"bayna"},{"Position":15,"AudioFileName":"002_097_015.mp3","TajweedImageFilePath":"2/97/15.png","Text":"يَدَيْهِ","Translation":"before it","Transliteration":"yadayhi"},{"Position":16,"AudioFileName":"002_097_016.mp3","TajweedImageFilePath":"2/97/16.png","Text":"وَهُدًۭى","Translation":"and a guidance","Transliteration":"wahudan"},{"Position":17,"AudioFileName":"002_097_017.mp3","TajweedImageFilePath":"2/97/17.png","Text":"وَبُشْرَىٰ","Translation":"and glad tiding(s)","Transliteration":"wabush'rā"},{"Position":18,"AudioFileName":"002_097_018.mp3","TajweedImageFilePath":"2/97/18.png","Text":"لِلْمُؤْمِنِينَ","Translation":"for the believers","Transliteration":"lil'mu'minīna"},{"Position":19,"AudioFileName":null,"TajweedImageFilePath":"97.png","Text":"٩٧","Translation":"(97)","Transliteration":null}],"PageNumber":15,"JuzNumber":1,"ManzilNumber":1,"RukuNumber":13,"MaqraNumber":6,"HizbNumber":2,"HizbDecimal":0.25,"HasSajda":false},{"SurahNumber":2,"SurahIndex":"002","VerseNumber":98,"ShowSurahName":false,"ShowBismillah":false,"Words":[{"Position":1,"AudioFileName":"002_098_001.mp3","TajweedImageFilePath":"2/98/1.png","Text":"مَن","Translation":"Whoever","Transliteration":"man"},{"Position":2,"AudioFileName":"002_098_002.mp3","TajweedImageFilePath":"2/98/2.png","Text":"كَانَ","Translation":"is","Transliteration":"kāna"},{"Position":3,"AudioFileName":"002_098_003.mp3","TajweedImageFilePath":"2/98/3.png","Text":"عَدُوًّۭا","Translation":"an enemy","Transliteration":"ʿaduwwan"},{"Position":4,"AudioFileName":"002_098_004.mp3","TajweedImageFilePath":"2/98/4.png","Text":"لِّلَّهِ","Translation":"(to) Allah","Transliteration":"lillahi"},{"Position":5,"AudioFileName":"002_098_005.mp3","TajweedImageFilePath":"2/98/5.png","Text":"وَمَلَـٰٓئِكَتِهِۦ","Translation":"and His Angels","Transliteration":"wamalāikatihi"},{"Position":6,"AudioFileName":"002_098_006.mp3","TajweedImageFilePath":"2/98/6.png","Text":"وَرُسُلِهِۦ","Translation":"and His Messengers","Transliteration":"warusulihi"},{"Position":7,"AudioFileName":"002_098_007.mp3","TajweedImageFilePath":"2/98/7.png","Text":"وَجِبْرِيلَ","Translation":"and Jibreel","Transliteration":"wajib'rīla"},{"Position":8,"AudioFileName":"002_098_008.mp3","TajweedImageFilePath":"2/98/8.png","Text":"وَمِيكَىٰلَ","Translation":"and Meekael","Transliteration":"wamīkāla"},{"Position":9,"AudioFileName":"002_098_009.mp3","TajweedImageFilePath":"2/98/9.png","Text":"فَإِنَّ","Translation":"then indeed","Transliteration":"fa-inna"},{"Position":10,"AudioFileName":"002_098_010.mp3","TajweedImageFilePath":"2/98/10.png","Text":"ٱللَّهَ","Translation":"Allah","Transliteration":"l-laha"},{"Position":11,"AudioFileName":"002_098_011.mp3","TajweedImageFilePath":"2/98/11.png","Text":"عَدُوٌّۭ","Translation":"(is) an enemy","Transliteration":"ʿaduwwun"},{"Position":12,"AudioFileName":"002_098_012.mp3","TajweedImageFilePath":"2/98/12.png","Text":"لِّلْكَـٰفِرِينَ","Translation":"to the disbelievers","Transliteration":"lil'kāfirīna"},{"Position":13,"AudioFileName":null,"TajweedImageFilePath":"98.png","Text":"٩٨","Translation":"(98)","Transliteration":null}],"PageNumber":15,"JuzNumber":1,"ManzilNumber":1,"RukuNumber":13,"MaqraNumber":6,"HizbNumber":2,"HizbDecimal":0.25,"HasSajda":false},{"SurahNumber":2,"SurahIndex":"002","VerseNumber":99,"ShowSurahName":false,"ShowBismillah":false,"Words":[{"Position":1,"AudioFileName":"002_099_001.mp3","TajweedImageFilePath":"2/99/1.png","Text":"وَلَقَدْ","Translation":"And indeed","Transliteration":"walaqad"},{"Position":2,"AudioFileName":"002_099_002.mp3","TajweedImageFilePath":"2/99/2.png","Text":"أَنزَلْنَآ","Translation":"We revealed","Transliteration":"anzalnā"},{"Position":3,"AudioFileName":"002_099_003.mp3","TajweedImageFilePath":"2/99/3.png","Text":"إِلَيْكَ","Translation":"to you","Transliteration":"ilayka"},{"Position":4,"AudioFileName":"002_099_004.mp3","TajweedImageFilePath":"2/99/4.png","Text":"ءَايَـٰتٍۭ","Translation":"Verses","Transliteration":"āyātin"},{"Position":5,"AudioFileName":"002_099_005.mp3","TajweedImageFilePath":"2/99/5.png","Text":"بَيِّنَـٰتٍۢ ۖ","Translation":"clear","Transliteration":"bayyinātin"},{"Position":6,"AudioFileName":"002_099_006.mp3","TajweedImageFilePath":"2/99/6.png","Text":"وَمَا","Translation":"and not","Transliteration":"wamā"},{"Position":7,"AudioFileName":"002_099_007.mp3","TajweedImageFilePath":"2/99/7.png","Text":"يَكْفُرُ","Translation":"disbelieves","Transliteration":"yakfuru"},{"Position":8,"AudioFileName":"002_099_008.mp3","TajweedImageFilePath":"2/99/8.png","Text":"بِهَآ","Translation":"in them","Transliteration":"bihā"},{"Position":9,"AudioFileName":"002_099_009.mp3","TajweedImageFilePath":"2/99/9.png","Text":"إِلَّا","Translation":"except","Transliteration":"illā"},{"Position":10,"AudioFileName":"002_099_010.mp3","TajweedImageFilePath":"2/99/10.png","Text":"ٱلْفَـٰسِقُونَ","Translation":"the defiantly disobedient","Transliteration":"l-fāsiqūna"},{"Position":11,"AudioFileName":null,"TajweedImageFilePath":"99.png","Text":"٩٩","Translation":"(99)","Transliteration":null}],"PageNumber":15,"JuzNumber":1,"ManzilNumber":1,"RukuNumber":13,"MaqraNumber":6,"HizbNumber":2,"HizbDecimal":0.25,"HasSajda":false},{"SurahNumber":2,"SurahIndex":"002","VerseNumber":100,"ShowSurahName":false,"ShowBismillah":false,"Words":[{"Position":1,"AudioFileName":"002_100_001.mp3","TajweedImageFilePath":"2/100/1.png","Text":"أَوَكُلَّمَا","Translation":"And is (it not that) whenever","Transliteration":"awakullamā"},{"Position":2,"AudioFileName":"002_100_002.mp3","TajweedImageFilePath":"2/100/2.png","Text":"عَـٰهَدُوا۟","Translation":"they took","Transliteration":"ʿāhadū"},{"Position":3,"AudioFileName":"002_100_003.mp3","TajweedImageFilePath":"2/100/3.png","Text":"عَهْدًۭا","Translation":"a covenant","Transliteration":"ʿahdan"},{"Position":4,"AudioFileName":"002_100_004.mp3","TajweedImageFilePath":"2/100/4.png","Text":"نَّبَذَهُۥ","Translation":"threw it away","Transliteration":"nabadhahu"},{"Position":5,"AudioFileName":"002_100_005.mp3","TajweedImageFilePath":"2/100/5.png","Text":"فَرِيقٌۭ","Translation":"a party","Transliteration":"farīqun"},{"Position":6,"AudioFileName":"002_100_006.mp3","TajweedImageFilePath":"2/100/6.png","Text":"مِّنْهُم ۚ","Translation":"of them","Transliteration":"min'hum"},{"Position":7,"AudioFileName":"002_100_007.mp3","TajweedImageFilePath":"2/100/7.png","Text":"بَلْ","Translation":"Nay","Transliteration":"bal"},{"Position":8,"AudioFileName":"002_100_008.mp3","TajweedImageFilePath":"2/100/8.png","Text":"أَكْثَرُهُمْ","Translation":"most of them","Transliteration":"aktharuhum"},{"Position":9,"AudioFileName":"002_100_009.mp3","TajweedImageFilePath":"2/100/9.png","Text":"لَا","Translation":"(do) not","Transliteration":"lā"},{"Position":10,"AudioFileName":"002_100_010.mp3","TajweedImageFilePath":"2/100/10.png","Text":"يُؤْمِنُونَ","Translation":"believe","Transliteration":"yu'minūna"},{"Position":11,"AudioFileName":null,"TajweedImageFilePath":"100.png","Text":"١٠٠","Translation":"(100)","Transliteration":null}],"PageNumber":15,"JuzNumber":1,"ManzilNumber":1,"RukuNumber":13,"MaqraNumber":6,"HizbNumber":2,"HizbDecimal":0.25,"HasSajda":false},{"SurahNumber":2,"SurahIndex":"002","VerseNumber":101,"ShowSurahName":false,"ShowBismillah":false,"Words":[{"Position":1,"AudioFileName":"002_101_001.mp3","TajweedImageFilePath":"2/101/1.png","Text":"وَلَمَّا","Translation":"And when","Transliteration":"walammā"},{"Position":2,"AudioFileName":"002_101_002.mp3","TajweedImageFilePath":"2/101/2.png","Text":"جَآءَهُمْ","Translation":"came to them","Transliteration":"jāahum"},{"Position":3,"AudioFileName":"002_101_003.mp3","TajweedImageFilePath":"2/101/3.png","Text":"رَسُولٌۭ","Translation":"a Messenger","Transliteration":"rasūlun"},{"Position":4,"AudioFileName":"002_101_004.mp3","TajweedImageFilePath":"2/101/4.png","Text":"مِّنْ","Translation":"(of)","Transliteration":"min"},{"Position":5,"AudioFileName":"002_101_005.mp3","TajweedImageFilePath":"2/101/5.png","Text":"عِندِ","Translation":"from","Transliteration":"ʿindi"},{"Position":6,"AudioFileName":"002_101_006.mp3","TajweedImageFilePath":"2/101/6.png","Text":"ٱللَّهِ","Translation":"Allah","Transliteration":"l-lahi"},{"Position":7,"AudioFileName":"002_101_007.mp3","TajweedImageFilePath":"2/101/7.png","Text":"مُصَدِّقٌۭ","Translation":"confirming","Transliteration":"muṣaddiqun"},{"Position":8,"AudioFileName":"002_101_008.mp3","TajweedImageFilePath":"2/101/8.png","Text":"لِّمَا","Translation":"what","Transliteration":"limā"},{"Position":9,"AudioFileName":"002_101_009.mp3","TajweedImageFilePath":"2/101/9.png","Text":"مَعَهُمْ","Translation":"(was) with them","Transliteration":"maʿahum"},{"Position":10,"AudioFileName":"002_101_010.mp3","TajweedImageFilePath":"2/101/10.png","Text":"نَبَذَ","Translation":"threw away","Transliteration":"nabadha"},{"Position":11,"AudioFileName":"002_101_011.mp3","TajweedImageFilePath":"2/101/11.png","Text":"فَرِيقٌۭ","Translation":"a party","Transliteration":"farīqun"},{"Position":12,"AudioFileName":"002_101_012.mp3","TajweedImageFilePath":"2/101/12.png","Text":"مِّنَ","Translation":"of","Transliteration":"mina"},{"Position":13,"AudioFileName":"002_101_013.mp3","TajweedImageFilePath":"2/101/13.png","Text":"ٱلَّذِينَ","Translation":"those who","Transliteration":"alladhīna"},{"Position":14,"AudioFileName":"002_101_014.mp3","TajweedImageFilePath":"2/101/14.png","Text":"أُوتُوا۟","Translation":"were given","Transliteration":"ūtū"},{"Position":15,"AudioFileName":"002_101_015.mp3","TajweedImageFilePath":"2/101/15.png","Text":"ٱلْكِتَـٰبَ","Translation":"the Book","Transliteration":"l-kitāba"},{"Position":16,"AudioFileName":"002_101_016.mp3","TajweedImageFilePath":"2/101/16.png","Text":"كِتَـٰبَ","Translation":"(the) Book","Transliteration":"kitāba"},{"Position":17,"AudioFileName":"002_101_017.mp3","TajweedImageFilePath":"2/101/17.png","Text":"ٱللَّهِ","Translation":"(of) Allah","Transliteration":"l-lahi"},{"Position":18,"AudioFileName":"002_101_018.mp3","TajweedImageFilePath":"2/101/18.png","Text":"وَرَآءَ","Translation":"behind","Transliteration":"warāa"},{"Position":19,"AudioFileName":"002_101_019.mp3","TajweedImageFilePath":"2/101/19.png","Text":"ظُهُورِهِمْ","Translation":"their backs","Transliteration":"ẓuhūrihim"},{"Position":20,"AudioFileName":"002_101_020.mp3","TajweedImageFilePath":"2/101/20.png","Text":"كَأَنَّهُمْ","Translation":"as if they","Transliteration":"ka-annahum"},{"Position":21,"AudioFileName":"002_101_021.mp3","TajweedImageFilePath":"2/101/21.png","Text":"لَا","Translation":"(do) not","Transliteration":"lā"},{"Position":22,"AudioFileName":"002_101_022.mp3","TajweedImageFilePath":"2/101/22.png","Text":"يَعْلَمُونَ","Translation":"know","Transliteration":"yaʿlamūna"},{"Position":23,"AudioFileName":null,"TajweedImageFilePath":"101.png","Text":"١٠١","Translation":"(101)","Transliteration":null}],"PageNumber":15,"JuzNumber":1,"ManzilNumber":1,"RukuNumber":13,"MaqraNumber":6,"HizbNumber":2,"HizbDecimal":0.25,"HasSajda":false},{"SurahNumber":2,"SurahIndex":"002","VerseNumber":102,"ShowSurahName":false,"ShowBismillah":false,"Words":[{"Position":1,"AudioFileName":"002_102_001.mp3","TajweedImageFilePath":"2/102/1.png","Text":"وَٱتَّبَعُوا۟","Translation":"And they followed","Transliteration":"wa-ittabaʿū"},{"Position":2,"AudioFileName":"002_102_002.mp3","TajweedImageFilePath":"2/102/2.png","Text":"مَا","Translation":"what","Transliteration":"mā"},{"Position":3,"AudioFileName":"002_102_003.mp3","TajweedImageFilePath":"2/102/3.png","Text":"تَتْلُوا۟","Translation":"recite(d)","Transliteration":"tatlū"},{"Position":4,"AudioFileName":"002_102_004.mp3","TajweedImageFilePath":"2/102/4.png","Text":"ٱلشَّيَـٰطِينُ","Translation":"the devils","Transliteration":"l-shayāṭīnu"},{"Position":5,"AudioFileName":"002_102_005.mp3","TajweedImageFilePath":"2/102/5.png","Text":"عَلَىٰ","Translation":"over","Transliteration":"ʿalā"},{"Position":6,"AudioFileName":"002_102_006.mp3","TajweedImageFilePath":"2/102/6.png","Text":"مُلْكِ","Translation":"(the) kingdom","Transliteration":"mul'ki"},{"Position":7,"AudioFileName":"002_102_007.mp3","TajweedImageFilePath":"2/102/7.png","Text":"سُلَيْمَـٰنَ ۖ","Translation":"(of) Sulaiman","Transliteration":"sulaymāna"},{"Position":8,"AudioFileName":"002_102_008.mp3","TajweedImageFilePath":"2/102/8.png","Text":"وَمَا","Translation":"And not","Transliteration":"wamā"},{"Position":9,"AudioFileName":"002_102_009.mp3","TajweedImageFilePath":"2/102/9.png","Text":"كَفَرَ","Translation":"disbelieved","Transliteration":"kafara"},{"Position":10,"AudioFileName":"002_102_010.mp3","TajweedImageFilePath":"2/102/10.png","Text":"سُلَيْمَـٰنُ","Translation":"Sulaiman","Transliteration":"sulaymānu"},{"Position":11,"AudioFileName":"002_102_011.mp3","TajweedImageFilePath":"2/102/11.png","Text":"وَلَـٰكِنَّ","Translation":"[and] but","Transliteration":"walākinna"},{"Position":12,"AudioFileName":"002_102_012.mp3","TajweedImageFilePath":"2/102/12.png","Text":"ٱلشَّيَـٰطِينَ","Translation":"the devils","Transliteration":"l-shayāṭīna"},{"Position":13,"AudioFileName":"002_102_013.mp3","TajweedImageFilePath":"2/102/13.png","Text":"كَفَرُوا۟","Translation":"disbelieved","Transliteration":"kafarū"},{"Position":14,"AudioFileName":"002_102_014.mp3","TajweedImageFilePath":"2/102/14.png","Text":"يُعَلِّمُونَ","Translation":"they teach","Transliteration":"yuʿallimūna"},{"Position":15,"AudioFileName":"002_102_015.mp3","TajweedImageFilePath":"2/102/15.png","Text":"ٱلنَّاسَ","Translation":"the people","Transliteration":"l-nāsa"},{"Position":16,"AudioFileName":"002_102_016.mp3","TajweedImageFilePath":"2/102/16.png","Text":"ٱلسِّحْرَ","Translation":"[the] magic","Transliteration":"l-siḥ'ra"},{"Position":17,"AudioFileName":"002_102_017.mp3","TajweedImageFilePath":"2/102/17.png","Text":"وَمَآ","Translation":"and what","Transliteration":"wamā"},{"Position":18,"AudioFileName":"002_102_018.mp3","TajweedImageFilePath":"2/102/18.png","Text":"أُنزِلَ","Translation":"was sent down","Transliteration":"unzila"},{"Position":19,"AudioFileName":"002_102_019.mp3","TajweedImageFilePath":"2/102/19.png","Text":"عَلَى","Translation":"to","Transliteration":"ʿalā"},{"Position":20,"AudioFileName":"002_102_020.mp3","TajweedImageFilePath":"2/102/20.png","Text":"ٱلْمَلَكَيْنِ","Translation":"the two angels","Transliteration":"l-malakayni"},{"Position":21,"AudioFileName":"002_102_021.mp3","TajweedImageFilePath":"2/102/21.png","Text":"بِبَابِلَ","Translation":"in Babylon","Transliteration":"bibābila"},{"Position":22,"AudioFileName":"002_102_022.mp3","TajweedImageFilePath":"2/102/22.png","Text":"هَـٰرُوتَ","Translation":"Harut","Transliteration":"hārūta"},{"Position":23,"AudioFileName":"002_102_023.mp3","TajweedImageFilePath":"2/102/23.png","Text":"وَمَـٰرُوتَ ۚ","Translation":"and Marut","Transliteration":"wamārūta"},{"Position":24,"AudioFileName":"002_102_024.mp3","TajweedImageFilePath":"2/102/24.png","Text":"وَمَا","Translation":"And not","Transliteration":"wamā"},{"Position":25,"AudioFileName":"002_102_025.mp3","TajweedImageFilePath":"2/102/25.png","Text":"يُعَلِّمَانِ","Translation":"they both teach","Transliteration":"yuʿallimāni"},{"Position":26,"AudioFileName":"002_102_026.mp3","TajweedImageFilePath":"2/102/26.png","Text":"مِنْ","Translation":"any","Transliteration":"min"},{"Position":27,"AudioFileName":"002_102_027.mp3","TajweedImageFilePath":"2/102/27.png","Text":"أَحَدٍ","Translation":"one","Transliteration":"aḥadin"},{"Position":28,"AudioFileName":"002_102_028.mp3","TajweedImageFilePath":"2/102/28.png","Text":"حَتَّىٰ","Translation":"unless","Transliteration":"ḥattā"},{"Position":29,"AudioFileName":"002_102_029.mp3","TajweedImageFilePath":"2/102/29.png","Text":"يَقُولَآ","Translation":"they [both] say","Transliteration":"yaqūlā"},{"Position":30,"AudioFileName":"002_102_030.mp3","TajweedImageFilePath":"2/102/30.png","Text":"إِنَّمَا","Translation":"Only","Transliteration":"innamā"},{"Position":31,"AudioFileName":"002_102_031.mp3","TajweedImageFilePath":"2/102/31.png","Text":"نَحْنُ","Translation":"we","Transliteration":"naḥnu"},{"Position":32,"AudioFileName":"002_102_032.mp3","TajweedImageFilePath":"2/102/32.png","Text":"فِتْنَةٌۭ","Translation":"(are) a trial","Transliteration":"fit'natun"},{"Position":33,"AudioFileName":"002_102_033.mp3","TajweedImageFilePath":"2/102/33.png","Text":"فَلَا","Translation":"so (do) not","Transliteration":"falā"},{"Position":34,"AudioFileName":"002_102_034.mp3","TajweedImageFilePath":"2/102/34.png","Text":"تَكْفُرْ ۖ","Translation":"disbelieve","Transliteration":"takfur"},{"Position":35,"AudioFileName":"002_102_035.mp3","TajweedImageFilePath":"2/102/35.png","Text":"فَيَتَعَلَّمُونَ","Translation":"But they learn","Transliteration":"fayataʿallamūna"},{"Position":36,"AudioFileName":"002_102_036.mp3","TajweedImageFilePath":"2/102/36.png","Text":"مِنْهُمَا","Translation":"from those two","Transliteration":"min'humā"},{"Position":37,"AudioFileName":"002_102_037.mp3","TajweedImageFilePath":"2/102/37.png","Text":"مَا","Translation":"what","Transliteration":"mā"},{"Position":38,"AudioFileName":"002_102_038.mp3","TajweedImageFilePath":"2/102/38.png","Text":"يُفَرِّقُونَ","Translation":"[they] causes separation","Transliteration":"yufarriqūna"},{"Position":39,"AudioFileName":"002_102_039.mp3","TajweedImageFilePath":"2/102/39.png","Text":"بِهِۦ","Translation":"with it","Transliteration":"bihi"},{"Position":40,"AudioFileName":"002_102_040.mp3","TajweedImageFilePath":"2/102/40.png","Text":"بَيْنَ","Translation":"between","Transliteration":"bayna"},{"Position":41,"AudioFileName":"002_102_041.mp3","TajweedImageFilePath":"2/102/41.png","Text":"ٱلْمَرْءِ","Translation":"the man","Transliteration":"l-mari"},{"Position":42,"AudioFileName":"002_102_042.mp3","TajweedImageFilePath":"2/102/42.png","Text":"وَزَوْجِهِۦ ۚ","Translation":"and his spouse","Transliteration":"wazawjihi"},{"Position":43,"AudioFileName":"002_102_043.mp3","TajweedImageFilePath":"2/102/43.png","Text":"وَمَا","Translation":"And not","Transliteration":"wamā"},{"Position":44,"AudioFileName":"002_102_044.mp3","TajweedImageFilePath":"2/102/44.png","Text":"هُم","Translation":"they (could)","Transliteration":"hum"},{"Position":45,"AudioFileName":"002_102_045.mp3","TajweedImageFilePath":"2/102/45.png","Text":"بِضَآرِّينَ","Translation":"at all [be those who] harm","Transliteration":"biḍārrīna"},{"Position":46,"AudioFileName":"002_102_046.mp3","TajweedImageFilePath":"2/102/46.png","Text":"بِهِۦ","Translation":"with it","Transliteration":"bihi"},{"Position":47,"AudioFileName":"002_102_047.mp3","TajweedImageFilePath":"2/102/47.png","Text":"مِنْ","Translation":"any","Transliteration":"min"},{"Position":48,"AudioFileName":"002_102_048.mp3","TajweedImageFilePath":"2/102/48.png","Text":"أَحَدٍ","Translation":"one","Transliteration":"aḥadin"},{"Position":49,"AudioFileName":"002_102_049.mp3","TajweedImageFilePath":"2/102/49.png","Text":"إِلَّا","Translation":"except","Transliteration":"illā"},{"Position":50,"AudioFileName":"002_102_050.mp3","TajweedImageFilePath":"2/102/50.png","Text":"بِإِذْنِ","Translation":"by permission","Transliteration":"bi-idh'ni"},{"Position":51,"AudioFileName":"002_102_051.mp3","TajweedImageFilePath":"2/102/51.png","Text":"ٱللَّهِ ۚ","Translation":"(of) Allah","Transliteration":"l-lahi"},{"Position":52,"AudioFileName":"002_102_052.mp3","TajweedImageFilePath":"2/102/52.png","Text":"وَيَتَعَلَّمُونَ","Translation":"And they learn","Transliteration":"wayataʿallamūna"},{"Position":53,"AudioFileName":"002_102_053.mp3","TajweedImageFilePath":"2/102/53.png","Text":"مَا","Translation":"what","Transliteration":"mā"},{"Position":54,"AudioFileName":"002_102_054.mp3","TajweedImageFilePath":"2/102/54.png","Text":"يَضُرُّهُمْ","Translation":"harms them","Transliteration":"yaḍurruhum"},{"Position":55,"AudioFileName":"002_102_055.mp3","TajweedImageFilePath":"2/102/55.png","Text":"وَلَا","Translation":"and not","Transliteration":"walā"},{"Position":56,"AudioFileName":"002_102_056.mp3","TajweedImageFilePath":"2/102/56.png","Text":"يَنفَعُهُمْ ۚ","Translation":"profits them","Transliteration":"yanfaʿuhum"},{"Position":57,"AudioFileName":"002_102_057.mp3","TajweedImageFilePath":"2/102/57.png","Text":"وَلَقَدْ","Translation":"And indeed","Transliteration":"walaqad"},{"Position":58,"AudioFileName":"002_102_058.mp3","TajweedImageFilePath":"2/102/58.png","Text":"عَلِمُوا۟","Translation":"they knew","Transliteration":"ʿalimū"},{"Position":59,"AudioFileName":"002_102_059.mp3","TajweedImageFilePath":"2/102/59.png","Text":"لَمَنِ","Translation":"that whoever","Transliteration":"lamani"},{"Position":60,"AudioFileName":"002_102_060.mp3","TajweedImageFilePath":"2/102/60.png","Text":"ٱشْتَرَىٰهُ","Translation":"buys it","Transliteration":"ish'tarāhu"},{"Position":61,"AudioFileName":"002_102_061.mp3","TajweedImageFilePath":"2/102/61.png","Text":"مَا","Translation":"not","Transliteration":"mā"},{"Position":62,"AudioFileName":"002_102_062.mp3","TajweedImageFilePath":"2/102/62.png","Text":"لَهُۥ","Translation":"for him","Transliteration":"lahu"},{"Position":63,"AudioFileName":"002_102_063.mp3","TajweedImageFilePath":"2/102/63.png","Text":"فِى","Translation":"in","Transliteration":"fī"},{"Position":64,"AudioFileName":"002_102_064.mp3","TajweedImageFilePath":"2/102/64.png","Text":"ٱلْـَٔاخِرَةِ","Translation":"the Hereafter","Transliteration":"l-ākhirati"},{"Position":65,"AudioFileName":"002_102_065.mp3","TajweedImageFilePath":"2/102/65.png","Text":"مِنْ","Translation":"any","Transliteration":"min"},{"Position":66,"AudioFileName":"002_102_066.mp3","TajweedImageFilePath":"2/102/66.png","Text":"خَلَـٰقٍۢ ۚ","Translation":"share","Transliteration":"khalāqin"},{"Position":67,"AudioFileName":"002_102_067.mp3","TajweedImageFilePath":"2/102/67.png","Text":"وَلَبِئْسَ","Translation":"And surely evil","Transliteration":"walabi'sa"},{"Position":68,"AudioFileName":"002_102_068.mp3","TajweedImageFilePath":"2/102/68.png","Text":"مَا","Translation":"(is) what","Transliteration":"mā"},{"Position":69,"AudioFileName":"002_102_069.mp3","TajweedImageFilePath":"2/102/69.png","Text":"شَرَوْا۟","Translation":"they sold","Transliteration":"sharaw"},{"Position":70,"AudioFileName":"002_102_070.mp3","TajweedImageFilePath":"2/102/70.png","Text":"بِهِۦٓ","Translation":"with it","Transliteration":"bihi"},{"Position":71,"AudioFileName":"002_102_071.mp3","TajweedImageFilePath":"2/102/71.png","Text":"أَنفُسَهُمْ ۚ","Translation":"themselves","Transliteration":"anfusahum"},{"Position":72,"AudioFileName":"002_102_072.mp3","TajweedImageFilePath":"2/102/72.png","Text":"لَوْ","Translation":"if","Transliteration":"law"},{"Position":73,"AudioFileName":"002_102_073.mp3","TajweedImageFilePath":"2/102/73.png","Text":"كَانُوا۟","Translation":"they were","Transliteration":"kānū"},{"Position":74,"AudioFileName":"002_102_074.mp3","TajweedImageFilePath":"2/102/74.png","Text":"يَعْلَمُونَ","Translation":"(to) know","Transliteration":"yaʿlamūna"},{"Position":75,"AudioFileName":null,"TajweedImageFilePath":"102.png","Text":"١٠٢","Translation":"(102)","Transliteration":null}],"PageNumber":16,"JuzNumber":1,"ManzilNumber":1,"RukuNumber":13,"MaqraNumber":6,"HizbNumber":2,"HizbDecimal":0.25,"HasSajda":false},{"SurahNumber":2,"SurahIndex":"002","VerseNumber":103,"ShowSurahName":false,"ShowBismillah":false,"Words":[{"Position":1,"AudioFileName":"002_103_001.mp3","TajweedImageFilePath":"2/103/1.png","Text":"وَلَوْ","Translation":"And if","Transliteration":"walaw"},{"Position":2,"AudioFileName":"002_103_002.mp3","TajweedImageFilePath":"2/103/2.png","Text":"أَنَّهُمْ","Translation":"[that] they","Transliteration":"annahum"},{"Position":3,"AudioFileName":"002_103_003.mp3","TajweedImageFilePath":"2/103/3.png","Text":"ءَامَنُوا۟","Translation":"(had) believed","Transliteration":"āmanū"},{"Position":4,"AudioFileName":"002_103_004.mp3","TajweedImageFilePath":"2/103/4.png","Text":"وَٱتَّقَوْا۟","Translation":"and feared (Allah)","Transliteration":"wa-ittaqaw"},{"Position":5,"AudioFileName":"002_103_005.mp3","TajweedImageFilePath":"2/103/5.png","Text":"لَمَثُوبَةٌۭ","Translation":"surely (the) reward","Transliteration":"lamathūbatun"},{"Position":6,"AudioFileName":"002_103_006.mp3","TajweedImageFilePath":"2/103/6.png","Text":"مِّنْ","Translation":"(of)","Transliteration":"min"},{"Position":7,"AudioFileName":"002_103_007.mp3","TajweedImageFilePath":"2/103/7.png","Text":"عِندِ","Translation":"from","Transliteration":"ʿindi"},{"Position":8,"AudioFileName":"002_103_008.mp3","TajweedImageFilePath":"2/103/8.png","Text":"ٱللَّهِ","Translation":"Allah","Transliteration":"l-lahi"},{"Position":9,"AudioFileName":"002_103_009.mp3","TajweedImageFilePath":"2/103/9.png","Text":"خَيْرٌۭ ۖ","Translation":"(would have been) better","Transliteration":"khayrun"},{"Position":10,"AudioFileName":"002_103_010.mp3","TajweedImageFilePath":"2/103/10.png","Text":"لَّوْ","Translation":"if","Transliteration":"law"},{"Position":11,"AudioFileName":"002_103_011.mp3","TajweedImageFilePath":"2/103/11.png","Text":"كَانُوا۟","Translation":"they were","Transliteration":"kānū"},{"Position":12,"AudioFileName":"002_103_012.mp3","TajweedImageFilePath":"2/103/12.png","Text":"يَعْلَمُونَ","Translation":"(to) know","Transliteration":"yaʿlamūna"},{"Position":13,"AudioFileName":null,"TajweedImageFilePath":"103.png","Text":"١٠٣","Translation":"(103)","Transliteration":null}],"PageNumber":16,"JuzNumber":1,"ManzilNumber":1,"RukuNumber":13,"MaqraNumber":6,"HizbNumber":2,"HizbDecimal":0.25,"HasSajda":false},{"SurahNumber":2,"SurahIndex":"002","VerseNumber":104,"ShowSurahName":false,"ShowBismillah":false,"Words":[{"Position":1,"AudioFileName":"002_104_001.mp3","TajweedImageFilePath":"2/104/1.png","Text":"يَـٰٓأَيُّهَا","Translation":"O you","Transliteration":"yāayyuhā"},{"Position":2,"AudioFileName":"002_104_002.mp3","TajweedImageFilePath":"2/104/2.png","Text":"ٱلَّذِينَ","Translation":"who","Transliteration":"alladhīna"},{"Position":3,"AudioFileName":"002_104_003.mp3","TajweedImageFilePath":"2/104/3.png","Text":"ءَامَنُوا۟","Translation":"believe[d]","Transliteration":"āmanū"},{"Position":4,"AudioFileName":"002_104_004.mp3","TajweedImageFilePath":"2/104/4.png","Text":"لَا","Translation":"(Do) not","Transliteration":"lā"},{"Position":5,"AudioFileName":"002_104_005.mp3","TajweedImageFilePath":"2/104/5.png","Text":"تَقُولُوا۟","Translation":"say","Transliteration":"taqūlū"},{"Position":6,"AudioFileName":"002_104_006.mp3","TajweedImageFilePath":"2/104/6.png","Text":"رَٰعِنَا","Translation":"Raina","Transliteration":"rāʿinā"},{"Position":7,"AudioFileName":"002_104_007.mp3","TajweedImageFilePath":"2/104/7.png","Text":"وَقُولُوا۟","Translation":"and say","Transliteration":"waqūlū"},{"Position":8,"AudioFileName":"002_104_008.mp3","TajweedImageFilePath":"2/104/8.png","Text":"ٱنظُرْنَا","Translation":"Unzurna","Transliteration":"unẓur'nā"},{"Position":9,"AudioFileName":"002_104_009.mp3","TajweedImageFilePath":"2/104/9.png","Text":"وَٱسْمَعُوا۟ ۗ","Translation":"and listen","Transliteration":"wa-is'maʿū"},{"Position":10,"AudioFileName":"002_104_010.mp3","TajweedImageFilePath":"2/104/10.png","Text":"وَلِلْكَـٰفِرِينَ","Translation":"And for the disbelievers","Transliteration":"walil'kāfirīna"},{"Position":11,"AudioFileName":"002_104_011.mp3","TajweedImageFilePath":"2/104/11.png","Text":"عَذَابٌ","Translation":"(is) a punishment","Transliteration":"ʿadhābun"},{"Position":12,"AudioFileName":"002_104_012.mp3","TajweedImageFilePath":"2/104/12.png","Text":"أَلِيمٌۭ","Translation":"painful","Transliteration":"alīmun"},{"Position":13,"AudioFileName":null,"TajweedImageFilePath":"104.png","Text":"١٠٤","Translation":"(104)","Transliteration":null}],"PageNumber":16,"JuzNumber":1,"ManzilNumber":1,"RukuNumber":14,"MaqraNumber":6,"HizbNumber":2,"HizbDecimal":0.25,"HasSajda":false},{"SurahNumber":2,"SurahIndex":"002","VerseNumber":105,"ShowSurahName":false,"ShowBismillah":false,"Words":[{"Position":1,"AudioFileName":"002_105_001.mp3","TajweedImageFilePath":"2/105/1.png","Text":"مَّا","Translation":"(Do) not","Transliteration":"mā"},{"Position":2,"AudioFileName":"002_105_002.mp3","TajweedImageFilePath":"2/105/2.png","Text":"يَوَدُّ","Translation":"like","Transliteration":"yawaddu"},{"Position":3,"AudioFileName":"002_105_003.mp3","TajweedImageFilePath":"2/105/3.png","Text":"ٱلَّذِينَ","Translation":"those who","Transliteration":"alladhīna"},{"Position":4,"AudioFileName":"002_105_004.mp3","TajweedImageFilePath":"2/105/4.png","Text":"كَفَرُوا۟","Translation":"disbelieve","Transliteration":"kafarū"},{"Position":5,"AudioFileName":"002_105_005.mp3","TajweedImageFilePath":"2/105/5.png","Text":"مِنْ","Translation":"from","Transliteration":"min"},{"Position":6,"AudioFileName":"002_105_006.mp3","TajweedImageFilePath":"2/105/6.png","Text":"أَهْلِ","Translation":"(the) People","Transliteration":"ahli"},{"Position":7,"AudioFileName":"002_105_007.mp3","TajweedImageFilePath":"2/105/7.png","Text":"ٱلْكِتَـٰبِ","Translation":"(of) the Book","Transliteration":"l-kitābi"},{"Position":8,"AudioFileName":"002_105_008.mp3","TajweedImageFilePath":"2/105/8.png","Text":"وَلَا","Translation":"and not","Transliteration":"walā"},{"Position":9,"AudioFileName":"002_105_009.mp3","TajweedImageFilePath":"2/105/9.png","Text":"ٱلْمُشْرِكِينَ","Translation":"those who associate partners (with Allah)","Transliteration":"l-mush'rikīna"},{"Position":10,"AudioFileName":"002_105_010.mp3","TajweedImageFilePath":"2/105/10.png","Text":"أَن","Translation":"that","Transliteration":"an"},{"Position":11,"AudioFileName":"002_105_011.mp3","TajweedImageFilePath":"2/105/11.png","Text":"يُنَزَّلَ","Translation":"(there should) be sent down","Transliteration":"yunazzala"},{"Position":12,"AudioFileName":"002_105_012.mp3","TajweedImageFilePath":"2/105/12.png","Text":"عَلَيْكُم","Translation":"to you","Transliteration":"ʿalaykum"},{"Position":13,"AudioFileName":"002_105_013.mp3","TajweedImageFilePath":"2/105/13.png","Text":"مِّنْ","Translation":"any","Transliteration":"min"},{"Position":14,"AudioFileName":"002_105_014.mp3","TajweedImageFilePath":"2/105/14.png","Text":"خَيْرٍۢ","Translation":"good","Transliteration":"khayrin"},{"Position":15,"AudioFileName":"002_105_015.mp3","TajweedImageFilePath":"2/105/15.png","Text":"مِّن","Translation":"from","Transliteration":"min"},{"Position":16,"AudioFileName":"002_105_016.mp3","TajweedImageFilePath":"2/105/16.png","Text":"رَّبِّكُمْ ۗ","Translation":"your Lord","Transliteration":"rabbikum"},{"Position":17,"AudioFileName":"002_105_017.mp3","TajweedImageFilePath":"2/105/17.png","Text":"وَٱللَّهُ","Translation":"And Allah","Transliteration":"wal-lahu"},{"Position":18,"AudioFileName":"002_105_018.mp3","TajweedImageFilePath":"2/105/18.png","Text":"يَخْتَصُّ","Translation":"chooses","Transliteration":"yakhtaṣṣu"},{"Position":19,"AudioFileName":"002_105_019.mp3","TajweedImageFilePath":"2/105/19.png","Text":"بِرَحْمَتِهِۦ","Translation":"for His Mercy","Transliteration":"biraḥmatihi"},{"Position":20,"AudioFileName":"002_105_020.mp3","TajweedImageFilePath":"2/105/20.png","Text":"مَن","Translation":"whom","Transliteration":"man"},{"Position":21,"AudioFileName":"002_105_021.mp3","TajweedImageFilePath":"2/105/21.png","Text":"يَشَآءُ ۚ","Translation":"He wills","Transliteration":"yashāu"},{"Position":22,"AudioFileName":"002_105_022.mp3","TajweedImageFilePath":"2/105/22.png","Text":"وَٱللَّهُ","Translation":"And Allah","Transliteration":"wal-lahu"},{"Position":23,"AudioFileName":"002_105_023.mp3","TajweedImageFilePath":"2/105/23.png","Text":"ذُو","Translation":"(is the) Possessor","Transliteration":"dhū"},{"Position":24,"AudioFileName":"002_105_024.mp3","TajweedImageFilePath":"2/105/24.png","Text":"ٱلْفَضْلِ","Translation":"(of) [the] Bounty","Transliteration":"l-faḍli"},{"Position":25,"AudioFileName":"002_105_025.mp3","TajweedImageFilePath":"2/105/25.png","Text":"ٱلْعَظِيمِ","Translation":"[the] Great","Transliteration":"l-ʿaẓīmi"},{"Position":26,"AudioFileName":null,"TajweedImageFilePath":"105.png","Text":"١٠٥","Translation":"(105)","Transliteration":null}],"PageNumber":16,"JuzNumber":1,"ManzilNumber":1,"RukuNumber":14,"MaqraNumber":6,"HizbNumber":2,"HizbDecimal":0.25,"HasSajda":false}]}