{"MaqraNumber":199,"Verses":[{"SurahNumber":44,"SurahIndex":"044","VerseNumber":17,"ShowSurahName":false,"ShowBismillah":false,"Words":[{"Position":1,"AudioFileName":"044_017_001.mp3","TajweedImageFilePath":"44/17/1.png","Text":"۞ وَلَقَدْ","Translation":"And certainly","Transliteration":"walaqad","Root":"ق د"},{"Position":2,"AudioFileName":"044_017_002.mp3","TajweedImageFilePath":"44/17/2.png","Text":"فَتَنَّا","Translation":"We tried","Transliteration":"fatannā","Root":"ف ت ن"},{"Position":3,"AudioFileName":"044_017_003.mp3","TajweedImageFilePath":"44/17/3.png","Text":"قَبْلَهُمْ","Translation":"before them","Transliteration":"qablahum","Root":"ق ب ل"},{"Position":4,"AudioFileName":"044_017_004.mp3","TajweedImageFilePath":"44/17/4.png","Text":"قَوْمَ","Translation":"(the) people","Transliteration":"qawma","Root":"ق و م"},{"Position":5,"AudioFileName":"044_017_005.mp3","TajweedImageFilePath":"44/17/5.png","Text":"فِرْعَوْنَ","Translation":"(of) Firaun","Transliteration":"fir'ʿawna","Root":"ف ر ع"},{"Position":6,"AudioFileName":"044_017_006.mp3","TajweedImageFilePath":"44/17/6.png","Text":"وَجَآءَهُمْ","Translation":"and came to them","Transliteration":"wajāahum","Root":"ج ي أ"},{"Position":7,"AudioFileName":"044_017_007.mp3","TajweedImageFilePath":"44/17/7.png","Text":"رَسُولٌۭ","Translation":"a Messenger","Transliteration":"rasūlun","Root":"ر س ل"},{"Position":8,"AudioFileName":"044_017_008.mp3","TajweedImageFilePath":"44/17/8.png","Text":"كَرِيمٌ","Translation":"noble","Transliteration":"karīmun","Root":"ك ر م"},{"Position":9,"AudioFileName":null,"TajweedImageFilePath":"17.png","Text":"١٧","Translation":"(17)","Transliteration":null,"Root":null}],"PageNumber":496,"JuzNumber":25,"ManzilNumber":6,"RukuNumber":431,"MaqraNumber":199,"HizbNumber":50,"HizbDecimal":0.5,"HasSajda":false},{"SurahNumber":44,"SurahIndex":"044","VerseNumber":18,"ShowSurahName":false,"ShowBismillah":false,"Words":[{"Position":1,"AudioFileName":"044_018_001.mp3","TajweedImageFilePath":"44/18/1.png","Text":"أَنْ","Translation":"That","Transliteration":"an","Root":"ا ن"},{"Position":2,"AudioFileName":"044_018_002.mp3","TajweedImageFilePath":"44/18/2.png","Text":"أَدُّوٓا۟","Translation":"Deliver","Transliteration":"addū","Root":"أ د ي"},{"Position":3,"AudioFileName":"044_018_003.mp3","TajweedImageFilePath":"44/18/3.png","Text":"إِلَىَّ","Translation":"to me","Transliteration":"ilayya","Root":"إِلَىٰ"},{"Position":4,"AudioFileName":"044_018_004.mp3","TajweedImageFilePath":"44/18/4.png","Text":"عِبَادَ","Translation":"(the) servants","Transliteration":"ʿibāda","Root":"ع ب د"},{"Position":5,"AudioFileName":"044_018_005.mp3","TajweedImageFilePath":"44/18/5.png","Text":"ٱللَّهِ ۖ","Translation":"(of) Allah","Transliteration":"l-lahi","Root":"أ ل ه"},{"Position":6,"AudioFileName":"044_018_006.mp3","TajweedImageFilePath":"44/18/6.png","Text":"إِنِّى","Translation":"Indeed, I am","Transliteration":"innī","Root":"ا ن ن"},{"Position":7,"AudioFileName":"044_018_007.mp3","TajweedImageFilePath":"44/18/7.png","Text":"لَكُمْ","Translation":"to you","Transliteration":"lakum","Root":"ل"},{"Position":8,"AudioFileName":"044_018_008.mp3","TajweedImageFilePath":"44/18/8.png","Text":"رَسُولٌ","Translation":"a Messenger","Transliteration":"rasūlun","Root":"ر س ل"},{"Position":9,"AudioFileName":"044_018_009.mp3","TajweedImageFilePath":"44/18/9.png","Text":"أَمِينٌۭ","Translation":"trustworthy","Transliteration":"amīnun","Root":"أ م ن"},{"Position":10,"AudioFileName":null,"TajweedImageFilePath":"18.png","Text":"١٨","Translation":"(18)","Transliteration":null,"Root":null}],"PageNumber":496,"JuzNumber":25,"ManzilNumber":6,"RukuNumber":431,"MaqraNumber":199,"HizbNumber":50,"HizbDecimal":0.5,"HasSajda":false},{"SurahNumber":44,"SurahIndex":"044","VerseNumber":19,"ShowSurahName":false,"ShowBismillah":false,"Words":[{"Position":1,"AudioFileName":"044_019_001.mp3","TajweedImageFilePath":"44/19/1.png","Text":"وَأَن","Translation":"And that","Transliteration":"wa-an","Root":"ا ن"},{"Position":2,"AudioFileName":"044_019_002.mp3","TajweedImageFilePath":"44/19/2.png","Text":"لَّا","Translation":"(do) not","Transliteration":"lā","Root":"ل ا"},{"Position":3,"AudioFileName":"044_019_003.mp3","TajweedImageFilePath":"44/19/3.png","Text":"تَعْلُوا۟","Translation":"exalt yourselves","Transliteration":"taʿlū","Root":"ع ل و"},{"Position":4,"AudioFileName":"044_019_004.mp3","TajweedImageFilePath":"44/19/4.png","Text":"عَلَى","Translation":"against","Transliteration":"ʿalā","Root":"ع ل ى"},{"Position":5,"AudioFileName":"044_019_005.mp3","TajweedImageFilePath":"44/19/5.png","Text":"ٱللَّهِ ۖ","Translation":"Allah","Transliteration":"l-lahi","Root":"أ ل ه"},{"Position":6,"AudioFileName":"044_019_006.mp3","TajweedImageFilePath":"44/19/6.png","Text":"إِنِّىٓ","Translation":"Indeed, I","Transliteration":"innī","Root":"ا ن ن"},{"Position":7,"AudioFileName":"044_019_007.mp3","TajweedImageFilePath":"44/19/7.png","Text":"ءَاتِيكُم","Translation":"[I] have come to you","Transliteration":"ātīkum","Root":"أ ت ي"},{"Position":8,"AudioFileName":"044_019_008.mp3","TajweedImageFilePath":"44/19/8.png","Text":"بِسُلْطَـٰنٍۢ","Translation":"with an authority","Transliteration":"bisul'ṭānin","Root":"س ل ط"},{"Position":9,"AudioFileName":"044_019_009.mp3","TajweedImageFilePath":"44/19/9.png","Text":"مُّبِينٍۢ","Translation":"clear","Transliteration":"mubīnin","Root":"ب ي ن"},{"Position":10,"AudioFileName":null,"TajweedImageFilePath":"19.png","Text":"١٩","Translation":"(19)","Transliteration":null,"Root":null}],"PageNumber":497,"JuzNumber":25,"ManzilNumber":6,"RukuNumber":431,"MaqraNumber":199,"HizbNumber":50,"HizbDecimal":0.5,"HasSajda":false},{"SurahNumber":44,"SurahIndex":"044","VerseNumber":20,"ShowSurahName":false,"ShowBismillah":false,"Words":[{"Position":1,"AudioFileName":"044_020_001.mp3","TajweedImageFilePath":"44/20/1.png","Text":"وَإِنِّى","Translation":"And indeed, I","Transliteration":"wa-innī","Root":"ا ن ن"},{"Position":2,"AudioFileName":"044_020_002.mp3","TajweedImageFilePath":"44/20/2.png","Text":"عُذْتُ","Translation":"[I] seek refuge","Transliteration":"ʿudh'tu","Root":"ع و ذ"},{"Position":3,"AudioFileName":"044_020_003.mp3","TajweedImageFilePath":"44/20/3.png","Text":"بِرَبِّى","Translation":"with my Lord","Transliteration":"birabbī","Root":"ر ب ب"},{"Position":4,"AudioFileName":"044_020_004.mp3","TajweedImageFilePath":"44/20/4.png","Text":"وَرَبِّكُمْ","Translation":"and your Lord","Transliteration":"warabbikum","Root":"ر ب ب"},{"Position":5,"AudioFileName":"044_020_005.mp3","TajweedImageFilePath":"44/20/5.png","Text":"أَن","Translation":"lest","Transliteration":"an","Root":"ا ن"},{"Position":6,"AudioFileName":"044_020_006.mp3","TajweedImageFilePath":"44/20/6.png","Text":"تَرْجُمُونِ","Translation":"you stone me","Transliteration":"tarjumūni","Root":"ر ج م"},{"Position":7,"AudioFileName":null,"TajweedImageFilePath":"20.png","Text":"٢٠","Translation":"(20)","Transliteration":null,"Root":null}],"PageNumber":497,"JuzNumber":25,"ManzilNumber":6,"RukuNumber":431,"MaqraNumber":199,"HizbNumber":50,"HizbDecimal":0.5,"HasSajda":false},{"SurahNumber":44,"SurahIndex":"044","VerseNumber":21,"ShowSurahName":false,"ShowBismillah":false,"Words":[{"Position":1,"AudioFileName":"044_021_001.mp3","TajweedImageFilePath":"44/21/1.png","Text":"وَإِن","Translation":"And if","Transliteration":"wa-in","Root":"ا ن"},{"Position":2,"AudioFileName":"044_021_002.mp3","TajweedImageFilePath":"44/21/2.png","Text":"لَّمْ","Translation":"not","Transliteration":"lam","Root":"ل م"},{"Position":3,"AudioFileName":"044_021_003.mp3","TajweedImageFilePath":"44/21/3.png","Text":"تُؤْمِنُوا۟","Translation":"you believe","Transliteration":"tu'minū","Root":"أ م ن"},{"Position":4,"AudioFileName":"044_021_004.mp3","TajweedImageFilePath":"44/21/4.png","Text":"لِى","Translation":"me","Transliteration":"lī","Root":"ل"},{"Position":5,"AudioFileName":"044_021_005.mp3","TajweedImageFilePath":"44/21/5.png","Text":"فَٱعْتَزِلُونِ","Translation":"then leave me alone","Transliteration":"fa-iʿ'tazilūni","Root":"ع ز ل"},{"Position":6,"AudioFileName":null,"TajweedImageFilePath":"21.png","Text":"٢١","Translation":"(21)","Transliteration":null,"Root":null}],"PageNumber":497,"JuzNumber":25,"ManzilNumber":6,"RukuNumber":431,"MaqraNumber":199,"HizbNumber":50,"HizbDecimal":0.5,"HasSajda":false},{"SurahNumber":44,"SurahIndex":"044","VerseNumber":22,"ShowSurahName":false,"ShowBismillah":false,"Words":[{"Position":1,"AudioFileName":"044_022_001.mp3","TajweedImageFilePath":"44/22/1.png","Text":"فَدَعَا","Translation":"So he called","Transliteration":"fadaʿā","Root":"د ع و"},{"Position":2,"AudioFileName":"044_022_002.mp3","TajweedImageFilePath":"44/22/2.png","Text":"رَبَّهُۥٓ","Translation":"his Lord","Transliteration":"rabbahu","Root":"ر ب ب"},{"Position":3,"AudioFileName":"044_022_003.mp3","TajweedImageFilePath":"44/22/3.png","Text":"أَنَّ","Translation":"That","Transliteration":"anna","Root":"ا ن ن"},{"Position":4,"AudioFileName":"044_022_004.mp3","TajweedImageFilePath":"44/22/4.png","Text":"هَـٰٓؤُلَآءِ","Translation":"these","Transliteration":"hāulāi","Root":"ا و ل ا ء"},{"Position":5,"AudioFileName":"044_022_005.mp3","TajweedImageFilePath":"44/22/5.png","Text":"قَوْمٌۭ","Translation":"(are) a people","Transliteration":"qawmun","Root":"ق و م"},{"Position":6,"AudioFileName":"044_022_006.mp3","TajweedImageFilePath":"44/22/6.png","Text":"مُّجْرِمُونَ","Translation":"criminals","Transliteration":"muj'rimūna","Root":"ج ر م"},{"Position":7,"AudioFileName":null,"TajweedImageFilePath":"22.png","Text":"٢٢","Translation":"(22)","Transliteration":null,"Root":null}],"PageNumber":497,"JuzNumber":25,"ManzilNumber":6,"RukuNumber":431,"MaqraNumber":199,"HizbNumber":50,"HizbDecimal":0.5,"HasSajda":false},{"SurahNumber":44,"SurahIndex":"044","VerseNumber":23,"ShowSurahName":false,"ShowBismillah":false,"Words":[{"Position":1,"AudioFileName":"044_023_001.mp3","TajweedImageFilePath":"44/23/1.png","Text":"فَأَسْرِ","Translation":"Then \"Set out","Transliteration":"fa-asri","Root":"س ر ي"},{"Position":2,"AudioFileName":"044_023_002.mp3","TajweedImageFilePath":"44/23/2.png","Text":"بِعِبَادِى","Translation":"with My slaves","Transliteration":"biʿibādī","Root":"ع ب د"},{"Position":3,"AudioFileName":"044_023_003.mp3","TajweedImageFilePath":"44/23/3.png","Text":"لَيْلًا","Translation":"(by) night","Transliteration":"laylan","Root":"ل ي ل"},{"Position":4,"AudioFileName":"044_023_004.mp3","TajweedImageFilePath":"44/23/4.png","Text":"إِنَّكُم","Translation":"Indeed, you","Transliteration":"innakum","Root":"ا ن ن"},{"Position":5,"AudioFileName":"044_023_005.mp3","TajweedImageFilePath":"44/23/5.png","Text":"مُّتَّبَعُونَ","Translation":"(will be) followed","Transliteration":"muttabaʿūna","Root":"ت ب ع"},{"Position":6,"AudioFileName":null,"TajweedImageFilePath":"23.png","Text":"٢٣","Translation":"(23)","Transliteration":null,"Root":null}],"PageNumber":497,"JuzNumber":25,"ManzilNumber":6,"RukuNumber":431,"MaqraNumber":199,"HizbNumber":50,"HizbDecimal":0.5,"HasSajda":false},{"SurahNumber":44,"SurahIndex":"044","VerseNumber":24,"ShowSurahName":false,"ShowBismillah":false,"Words":[{"Position":1,"AudioFileName":"044_024_001.mp3","TajweedImageFilePath":"44/24/1.png","Text":"وَٱتْرُكِ","Translation":"And leave","Transliteration":"wa-ut'ruki","Root":"ت ر ك"},{"Position":2,"AudioFileName":"044_024_002.mp3","TajweedImageFilePath":"44/24/2.png","Text":"ٱلْبَحْرَ","Translation":"the sea","Transliteration":"l-baḥra","Root":"ب ح ر"},{"Position":3,"AudioFileName":"044_024_003.mp3","TajweedImageFilePath":"44/24/3.png","Text":"رَهْوًا ۖ","Translation":"at rest","Transliteration":"rahwan","Root":"ر ه و"},{"Position":4,"AudioFileName":"044_024_004.mp3","TajweedImageFilePath":"44/24/4.png","Text":"إِنَّهُمْ","Translation":"Indeed, they","Transliteration":"innahum","Root":"ا ن ن"},{"Position":5,"AudioFileName":"044_024_005.mp3","TajweedImageFilePath":"44/24/5.png","Text":"جُندٌۭ","Translation":"(are) an army","Transliteration":"jundun","Root":"ج ن د"},{"Position":6,"AudioFileName":"044_024_006.mp3","TajweedImageFilePath":"44/24/6.png","Text":"مُّغْرَقُونَ","Translation":"(to be) drowned","Transliteration":"mugh'raqūna","Root":"غ ر ق"},{"Position":7,"AudioFileName":null,"TajweedImageFilePath":"24.png","Text":"٢٤","Translation":"(24)","Transliteration":null,"Root":null}],"PageNumber":497,"JuzNumber":25,"ManzilNumber":6,"RukuNumber":431,"MaqraNumber":199,"HizbNumber":50,"HizbDecimal":0.5,"HasSajda":false},{"SurahNumber":44,"SurahIndex":"044","VerseNumber":25,"ShowSurahName":false,"ShowBismillah":false,"Words":[{"Position":1,"AudioFileName":"044_025_001.mp3","TajweedImageFilePath":"44/25/1.png","Text":"كَمْ","Translation":"How many","Transliteration":"kam","Root":"ك م"},{"Position":2,"AudioFileName":"044_025_002.mp3","TajweedImageFilePath":"44/25/2.png","Text":"تَرَكُوا۟","Translation":"(did) they leave","Transliteration":"tarakū","Root":"ت ر ك"},{"Position":3,"AudioFileName":"044_025_003.mp3","TajweedImageFilePath":"44/25/3.png","Text":"مِن","Translation":"of","Transliteration":"min","Root":"م ن"},{"Position":4,"AudioFileName":"044_025_004.mp3","TajweedImageFilePath":"44/25/4.png","Text":"جَنَّـٰتٍۢ","Translation":"gardens","Transliteration":"jannātin","Root":"ج ن ن"},{"Position":5,"AudioFileName":"044_025_005.mp3","TajweedImageFilePath":"44/25/5.png","Text":"وَعُيُونٍۢ","Translation":"and springs","Transliteration":"waʿuyūnin","Root":"ع ي ن"},{"Position":6,"AudioFileName":null,"TajweedImageFilePath":"25.png","Text":"٢٥","Translation":"(25)","Transliteration":null,"Root":null}],"PageNumber":497,"JuzNumber":25,"ManzilNumber":6,"RukuNumber":431,"MaqraNumber":199,"HizbNumber":50,"HizbDecimal":0.5,"HasSajda":false},{"SurahNumber":44,"SurahIndex":"044","VerseNumber":26,"ShowSurahName":false,"ShowBismillah":false,"Words":[{"Position":1,"AudioFileName":"044_026_001.mp3","TajweedImageFilePath":"44/26/1.png","Text":"وَزُرُوعٍۢ","Translation":"And cornfields","Transliteration":"wazurūʿin","Root":"ز ر ع"},{"Position":2,"AudioFileName":"044_026_002.mp3","TajweedImageFilePath":"44/26/2.png","Text":"وَمَقَامٍۢ","Translation":"and places","Transliteration":"wamaqāmin","Root":"ق و م"},{"Position":3,"AudioFileName":"044_026_003.mp3","TajweedImageFilePath":"44/26/3.png","Text":"كَرِيمٍۢ","Translation":"noble","Transliteration":"karīmin","Root":"ك ر م"},{"Position":4,"AudioFileName":null,"TajweedImageFilePath":"26.png","Text":"٢٦","Translation":"(26)","Transliteration":null,"Root":null}],"PageNumber":497,"JuzNumber":25,"ManzilNumber":6,"RukuNumber":431,"MaqraNumber":199,"HizbNumber":50,"HizbDecimal":0.5,"HasSajda":false},{"SurahNumber":44,"SurahIndex":"044","VerseNumber":27,"ShowSurahName":false,"ShowBismillah":false,"Words":[{"Position":1,"AudioFileName":"044_027_001.mp3","TajweedImageFilePath":"44/27/1.png","Text":"وَنَعْمَةٍۢ","Translation":"And pleasant things","Transliteration":"wanaʿmatin","Root":"ن ع م"},{"Position":2,"AudioFileName":"044_027_002.mp3","TajweedImageFilePath":"44/27/2.png","Text":"كَانُوا۟","Translation":"they used to","Transliteration":"kānū","Root":"ك و ن"},{"Position":3,"AudioFileName":"044_027_003.mp3","TajweedImageFilePath":"44/27/3.png","Text":"فِيهَا","Translation":"therein","Transliteration":"fīhā","Root":"ف ى"},{"Position":4,"AudioFileName":"044_027_004.mp3","TajweedImageFilePath":"44/27/4.png","Text":"فَـٰكِهِينَ","Translation":"take delight","Transliteration":"fākihīna","Root":"ف ك ه"},{"Position":5,"AudioFileName":null,"TajweedImageFilePath":"27.png","Text":"٢٧","Translation":"(27)","Transliteration":null,"Root":null}],"PageNumber":497,"JuzNumber":25,"ManzilNumber":6,"RukuNumber":431,"MaqraNumber":199,"HizbNumber":50,"HizbDecimal":0.5,"HasSajda":false},{"SurahNumber":44,"SurahIndex":"044","VerseNumber":28,"ShowSurahName":false,"ShowBismillah":false,"Words":[{"Position":1,"AudioFileName":"044_028_001.mp3","TajweedImageFilePath":"44/28/1.png","Text":"كَذَٰلِكَ ۖ","Translation":"Thus","Transliteration":"kadhālika","Root":"ذ ل ك"},{"Position":2,"AudioFileName":"044_028_002.mp3","TajweedImageFilePath":"44/28/2.png","Text":"وَأَوْرَثْنَـٰهَا","Translation":"And We made it (an) inherit(ance)","Transliteration":"wa-awrathnāhā","Root":"و ر ث"},{"Position":3,"AudioFileName":"044_028_003.mp3","TajweedImageFilePath":"44/28/3.png","Text":"قَوْمًا","Translation":"(for) a people","Transliteration":"qawman","Root":"ق و م"},{"Position":4,"AudioFileName":"044_028_004.mp3","TajweedImageFilePath":"44/28/4.png","Text":"ءَاخَرِينَ","Translation":"another","Transliteration":"ākharīna","Root":"أ خ ر"},{"Position":5,"AudioFileName":null,"TajweedImageFilePath":"28.png","Text":"٢٨","Translation":"(28)","Transliteration":null,"Root":null}],"PageNumber":497,"JuzNumber":25,"ManzilNumber":6,"RukuNumber":431,"MaqraNumber":199,"HizbNumber":50,"HizbDecimal":0.5,"HasSajda":false},{"SurahNumber":44,"SurahIndex":"044","VerseNumber":29,"ShowSurahName":false,"ShowBismillah":false,"Words":[{"Position":1,"AudioFileName":"044_029_001.mp3","TajweedImageFilePath":"44/29/1.png","Text":"فَمَا","Translation":"And not","Transliteration":"famā","Root":"م ا"},{"Position":2,"AudioFileName":"044_029_002.mp3","TajweedImageFilePath":"44/29/2.png","Text":"بَكَتْ","Translation":"wept","Transliteration":"bakat","Root":"ب ك ي"},{"Position":3,"AudioFileName":"044_029_003.mp3","TajweedImageFilePath":"44/29/3.png","Text":"عَلَيْهِمُ","Translation":"for them","Transliteration":"ʿalayhimu","Root":"ع ل ى"},{"Position":4,"AudioFileName":"044_029_004.mp3","TajweedImageFilePath":"44/29/4.png","Text":"ٱلسَّمَآءُ","Translation":"the heaven","Transliteration":"l-samāu","Root":"س م و"},{"Position":5,"AudioFileName":"044_029_005.mp3","TajweedImageFilePath":"44/29/5.png","Text":"وَٱلْأَرْضُ","Translation":"and the earth","Transliteration":"wal-arḍu","Root":"أ ر ض"},{"Position":6,"AudioFileName":"044_029_006.mp3","TajweedImageFilePath":"44/29/6.png","Text":"وَمَا","Translation":"and not","Transliteration":"wamā","Root":"م ا"},{"Position":7,"AudioFileName":"044_029_007.mp3","TajweedImageFilePath":"44/29/7.png","Text":"كَانُوا۟","Translation":"they were","Transliteration":"kānū","Root":"ك و ن"},{"Position":8,"AudioFileName":"044_029_008.mp3","TajweedImageFilePath":"44/29/8.png","Text":"مُنظَرِينَ","Translation":"given respite","Transliteration":"munẓarīna","Root":"ن ظ ر"},{"Position":9,"AudioFileName":null,"TajweedImageFilePath":"29.png","Text":"٢٩","Translation":"(29)","Transliteration":null,"Root":null}],"PageNumber":497,"JuzNumber":25,"ManzilNumber":6,"RukuNumber":431,"MaqraNumber":199,"HizbNumber":50,"HizbDecimal":0.5,"HasSajda":false},{"SurahNumber":44,"SurahIndex":"044","VerseNumber":30,"ShowSurahName":false,"ShowBismillah":false,"Words":[{"Position":1,"AudioFileName":"044_030_001.mp3","TajweedImageFilePath":"44/30/1.png","Text":"وَلَقَدْ","Translation":"And certainly","Transliteration":"walaqad","Root":"ق د"},{"Position":2,"AudioFileName":"044_030_002.mp3","TajweedImageFilePath":"44/30/2.png","Text":"نَجَّيْنَا","Translation":"We saved","Transliteration":"najjaynā","Root":"ن ج و"},{"Position":3,"AudioFileName":"044_030_003.mp3","TajweedImageFilePath":"44/30/3.png","Text":"بَنِىٓ","Translation":"(the) Children of Israel","Transliteration":"banī","Root":"ب ن ي"},{"Position":4,"AudioFileName":"044_030_004.mp3","TajweedImageFilePath":"44/30/4.png","Text":"إِسْرَٰٓءِيلَ","Translation":"(the) Children of Israel","Transliteration":"is'rāīla","Root":"إِسْرَائِيل"},{"Position":5,"AudioFileName":"044_030_005.mp3","TajweedImageFilePath":"44/30/5.png","Text":"مِنَ","Translation":"from","Transliteration":"mina","Root":"م ن"},{"Position":6,"AudioFileName":"044_030_006.mp3","TajweedImageFilePath":"44/30/6.png","Text":"ٱلْعَذَابِ","Translation":"the punishment","Transliteration":"l-ʿadhābi","Root":"ع ذ ب"},{"Position":7,"AudioFileName":"044_030_007.mp3","TajweedImageFilePath":"44/30/7.png","Text":"ٱلْمُهِينِ","Translation":"the humiliating","Transliteration":"l-muhīni","Root":"ه و ن"},{"Position":8,"AudioFileName":null,"TajweedImageFilePath":"30.png","Text":"٣٠","Translation":"(30)","Transliteration":null,"Root":null}],"PageNumber":497,"JuzNumber":25,"ManzilNumber":6,"RukuNumber":432,"MaqraNumber":199,"HizbNumber":50,"HizbDecimal":0.5,"HasSajda":false},{"SurahNumber":44,"SurahIndex":"044","VerseNumber":31,"ShowSurahName":false,"ShowBismillah":false,"Words":[{"Position":1,"AudioFileName":"044_031_001.mp3","TajweedImageFilePath":"44/31/1.png","Text":"مِن","Translation":"From","Transliteration":"min","Root":"م ن"},{"Position":2,"AudioFileName":"044_031_002.mp3","TajweedImageFilePath":"44/31/2.png","Text":"فِرْعَوْنَ ۚ","Translation":"Firaun","Transliteration":"fir'ʿawna","Root":"ف ر ع"},{"Position":3,"AudioFileName":"044_031_003.mp3","TajweedImageFilePath":"44/31/3.png","Text":"إِنَّهُۥ","Translation":"Indeed, he","Transliteration":"innahu","Root":"ا ن ن"},{"Position":4,"AudioFileName":"044_031_004.mp3","TajweedImageFilePath":"44/31/4.png","Text":"كَانَ","Translation":"was","Transliteration":"kāna","Root":"ك و ن"},{"Position":5,"AudioFileName":"044_031_005.mp3","TajweedImageFilePath":"44/31/5.png","Text":"عَالِيًۭا","Translation":"arrogant","Transliteration":"ʿāliyan","Root":"ع ل و"},{"Position":6,"AudioFileName":"044_031_006.mp3","TajweedImageFilePath":"44/31/6.png","Text":"مِّنَ","Translation":"among","Transliteration":"mina","Root":"م ن"},{"Position":7,"AudioFileName":"044_031_007.mp3","TajweedImageFilePath":"44/31/7.png","Text":"ٱلْمُسْرِفِينَ","Translation":"the transgressors","Transliteration":"l-mus'rifīna","Root":"س ر ف"},{"Position":8,"AudioFileName":null,"TajweedImageFilePath":"31.png","Text":"٣١","Translation":"(31)","Transliteration":null,"Root":null}],"PageNumber":497,"JuzNumber":25,"ManzilNumber":6,"RukuNumber":432,"MaqraNumber":199,"HizbNumber":50,"HizbDecimal":0.5,"HasSajda":false},{"SurahNumber":44,"SurahIndex":"044","VerseNumber":32,"ShowSurahName":false,"ShowBismillah":false,"Words":[{"Position":1,"AudioFileName":"044_032_001.mp3","TajweedImageFilePath":"44/32/1.png","Text":"وَلَقَدِ","Translation":"And certainly","Transliteration":"walaqadi","Root":"ق د"},{"Position":2,"AudioFileName":"044_032_002.mp3","TajweedImageFilePath":"44/32/2.png","Text":"ٱخْتَرْنَـٰهُمْ","Translation":"We chose them","Transliteration":"ikh'tarnāhum","Root":"خ ي ر"},{"Position":3,"AudioFileName":"044_032_003.mp3","TajweedImageFilePath":"44/32/3.png","Text":"عَلَىٰ","Translation":"by","Transliteration":"ʿalā","Root":"ع ل ى"},{"Position":4,"AudioFileName":"044_032_004.mp3","TajweedImageFilePath":"44/32/4.png","Text":"عِلْمٍ","Translation":"knowledge","Transliteration":"ʿil'min","Root":"ع ل م"},{"Position":5,"AudioFileName":"044_032_005.mp3","TajweedImageFilePath":"44/32/5.png","Text":"عَلَى","Translation":"over","Transliteration":"ʿalā","Root":"ع ل ى"},{"Position":6,"AudioFileName":"044_032_006.mp3","TajweedImageFilePath":"44/32/6.png","Text":"ٱلْعَـٰلَمِينَ","Translation":"the worlds","Transliteration":"l-ʿālamīna","Root":"ع ل م"},{"Position":7,"AudioFileName":null,"TajweedImageFilePath":"32.png","Text":"٣٢","Translation":"(32)","Transliteration":null,"Root":null}],"PageNumber":497,"JuzNumber":25,"ManzilNumber":6,"RukuNumber":432,"MaqraNumber":199,"HizbNumber":50,"HizbDecimal":0.5,"HasSajda":false},{"SurahNumber":44,"SurahIndex":"044","VerseNumber":33,"ShowSurahName":false,"ShowBismillah":false,"Words":[{"Position":1,"AudioFileName":"044_033_001.mp3","TajweedImageFilePath":"44/33/1.png","Text":"وَءَاتَيْنَـٰهُم","Translation":"And We gave them","Transliteration":"waātaynāhum","Root":"أ ت ي"},{"Position":2,"AudioFileName":"044_033_002.mp3","TajweedImageFilePath":"44/33/2.png","Text":"مِّنَ","Translation":"of","Transliteration":"mina","Root":"م ن"},{"Position":3,"AudioFileName":"044_033_003.mp3","TajweedImageFilePath":"44/33/3.png","Text":"ٱلْـَٔايَـٰتِ","Translation":"the Signs","Transliteration":"l-āyāti","Root":"أ ي ي"},{"Position":4,"AudioFileName":"044_033_004.mp3","TajweedImageFilePath":"44/33/4.png","Text":"مَا","Translation":"that","Transliteration":"mā","Root":"م ا"},{"Position":5,"AudioFileName":"044_033_005.mp3","TajweedImageFilePath":"44/33/5.png","Text":"فِيهِ","Translation":"in it","Transliteration":"fīhi","Root":"ف ى"},{"Position":6,"AudioFileName":"044_033_006.mp3","TajweedImageFilePath":"44/33/6.png","Text":"بَلَـٰٓؤٌۭا۟","Translation":"(was) a trial","Transliteration":"balāon","Root":"ب ل و"},{"Position":7,"AudioFileName":"044_033_007.mp3","TajweedImageFilePath":"44/33/7.png","Text":"مُّبِينٌ","Translation":"clear","Transliteration":"mubīnun","Root":"ب ي ن"},{"Position":8,"AudioFileName":null,"TajweedImageFilePath":"33.png","Text":"٣٣","Translation":"(33)","Transliteration":null,"Root":null}],"PageNumber":497,"JuzNumber":25,"ManzilNumber":6,"RukuNumber":432,"MaqraNumber":199,"HizbNumber":50,"HizbDecimal":0.5,"HasSajda":false},{"SurahNumber":44,"SurahIndex":"044","VerseNumber":34,"ShowSurahName":false,"ShowBismillah":false,"Words":[{"Position":1,"AudioFileName":"044_034_001.mp3","TajweedImageFilePath":"44/34/1.png","Text":"إِنَّ","Translation":"Indeed","Transliteration":"inna","Root":"ا ن ن"},{"Position":2,"AudioFileName":"044_034_002.mp3","TajweedImageFilePath":"44/34/2.png","Text":"هَـٰٓؤُلَآءِ","Translation":"these","Transliteration":"hāulāi","Root":"ا و ل ا ء"},{"Position":3,"AudioFileName":"044_034_003.mp3","TajweedImageFilePath":"44/34/3.png","Text":"لَيَقُولُونَ","Translation":"surely, they say","Transliteration":"layaqūlūna","Root":"ق و ل"},{"Position":4,"AudioFileName":null,"TajweedImageFilePath":"34.png","Text":"٣٤","Translation":"(34)","Transliteration":null,"Root":null}],"PageNumber":497,"JuzNumber":25,"ManzilNumber":6,"RukuNumber":432,"MaqraNumber":199,"HizbNumber":50,"HizbDecimal":0.5,"HasSajda":false},{"SurahNumber":44,"SurahIndex":"044","VerseNumber":35,"ShowSurahName":false,"ShowBismillah":false,"Words":[{"Position":1,"AudioFileName":"044_035_001.mp3","TajweedImageFilePath":"44/35/1.png","Text":"إِنْ","Translation":"Not","Transliteration":"in","Root":"ا ن"},{"Position":2,"AudioFileName":"044_035_002.mp3","TajweedImageFilePath":"44/35/2.png","Text":"هِىَ","Translation":"it","Transliteration":"hiya","Root":"ه ى"},{"Position":3,"AudioFileName":"044_035_003.mp3","TajweedImageFilePath":"44/35/3.png","Text":"إِلَّا","Translation":"(is) but","Transliteration":"illā","Root":"إِلَّا"},{"Position":4,"AudioFileName":"044_035_004.mp3","TajweedImageFilePath":"44/35/4.png","Text":"مَوْتَتُنَا","Translation":"our death","Transliteration":"mawtatunā","Root":"م و ت"},{"Position":5,"AudioFileName":"044_035_005.mp3","TajweedImageFilePath":"44/35/5.png","Text":"ٱلْأُولَىٰ","Translation":"the first","Transliteration":"l-ūlā","Root":"أ و ل"},{"Position":6,"AudioFileName":"044_035_006.mp3","TajweedImageFilePath":"44/35/6.png","Text":"وَمَا","Translation":"and not","Transliteration":"wamā","Root":"م ا"},{"Position":7,"AudioFileName":"044_035_007.mp3","TajweedImageFilePath":"44/35/7.png","Text":"نَحْنُ","Translation":"we","Transliteration":"naḥnu","Root":"ن ح ن"},{"Position":8,"AudioFileName":"044_035_008.mp3","TajweedImageFilePath":"44/35/8.png","Text":"بِمُنشَرِينَ","Translation":"(will be) raised again","Transliteration":"bimunsharīna","Root":"ن ش ر"},{"Position":9,"AudioFileName":null,"TajweedImageFilePath":"35.png","Text":"٣٥","Translation":"(35)","Transliteration":null,"Root":null}],"PageNumber":497,"JuzNumber":25,"ManzilNumber":6,"RukuNumber":432,"MaqraNumber":199,"HizbNumber":50,"HizbDecimal":0.5,"HasSajda":false},{"SurahNumber":44,"SurahIndex":"044","VerseNumber":36,"ShowSurahName":false,"ShowBismillah":false,"Words":[{"Position":1,"AudioFileName":"044_036_001.mp3","TajweedImageFilePath":"44/36/1.png","Text":"فَأْتُوا۟","Translation":"Then bring","Transliteration":"fatū","Root":"أ ت ي"},{"Position":2,"AudioFileName":"044_036_002.mp3","TajweedImageFilePath":"44/36/2.png","Text":"بِـَٔابَآئِنَآ","Translation":"our forefathers","Transliteration":"biābāinā","Root":"أ ب و"},{"Position":3,"AudioFileName":"044_036_003.mp3","TajweedImageFilePath":"44/36/3.png","Text":"إِن","Translation":"if","Transliteration":"in","Root":"ا ن"},{"Position":4,"AudioFileName":"044_036_004.mp3","TajweedImageFilePath":"44/36/4.png","Text":"كُنتُمْ","Translation":"you are","Transliteration":"kuntum","Root":"ك و ن"},{"Position":5,"AudioFileName":"044_036_005.mp3","TajweedImageFilePath":"44/36/5.png","Text":"صَـٰدِقِينَ","Translation":"truthful","Transliteration":"ṣādiqīna","Root":"ص د ق"},{"Position":6,"AudioFileName":null,"TajweedImageFilePath":"36.png","Text":"٣٦","Translation":"(36)","Transliteration":null,"Root":null}],"PageNumber":497,"JuzNumber":25,"ManzilNumber":6,"RukuNumber":432,"MaqraNumber":199,"HizbNumber":50,"HizbDecimal":0.5,"HasSajda":false},{"SurahNumber":44,"SurahIndex":"044","VerseNumber":37,"ShowSurahName":false,"ShowBismillah":false,"Words":[{"Position":1,"AudioFileName":"044_037_001.mp3","TajweedImageFilePath":"44/37/1.png","Text":"أَهُمْ","Translation":"Are they","Transliteration":"ahum","Root":"ه م"},{"Position":2,"AudioFileName":"044_037_002.mp3","TajweedImageFilePath":"44/37/2.png","Text":"خَيْرٌ","Translation":"better","Transliteration":"khayrun","Root":"خ ي ر"},{"Position":3,"AudioFileName":"044_037_003.mp3","TajweedImageFilePath":"44/37/3.png","Text":"أَمْ","Translation":"or","Transliteration":"am","Root":"أَم"},{"Position":4,"AudioFileName":"044_037_004.mp3","TajweedImageFilePath":"44/37/4.png","Text":"قَوْمُ","Translation":"(the) people","Transliteration":"qawmu","Root":"ق و م"},{"Position":5,"AudioFileName":"044_037_005.mp3","TajweedImageFilePath":"44/37/5.png","Text":"تُبَّعٍۢ","Translation":"(of) Tubba","Transliteration":"tubbaʿin","Root":"ت ب ع"},{"Position":6,"AudioFileName":"044_037_006.mp3","TajweedImageFilePath":"44/37/6.png","Text":"وَٱلَّذِينَ","Translation":"and those","Transliteration":"wa-alladhīna","Root":"ٱلَّذِى"},{"Position":7,"AudioFileName":"044_037_007.mp3","TajweedImageFilePath":"44/37/7.png","Text":"مِن","Translation":"before them","Transliteration":"min","Root":"م ن"},{"Position":8,"AudioFileName":"044_037_008.mp3","TajweedImageFilePath":"44/37/8.png","Text":"قَبْلِهِمْ ۚ","Translation":"before them","Transliteration":"qablihim","Root":"ق ب ل"},{"Position":9,"AudioFileName":"044_037_009.mp3","TajweedImageFilePath":"44/37/9.png","Text":"أَهْلَكْنَـٰهُمْ ۖ","Translation":"We destroyed them","Transliteration":"ahlaknāhum","Root":"ه ل ك"},{"Position":10,"AudioFileName":"044_037_010.mp3","TajweedImageFilePath":"44/37/10.png","Text":"إِنَّهُمْ","Translation":"indeed, they","Transliteration":"innahum","Root":"ا ن ن"},{"Position":11,"AudioFileName":"044_037_011.mp3","TajweedImageFilePath":"44/37/11.png","Text":"كَانُوا۟","Translation":"were","Transliteration":"kānū","Root":"ك و ن"},{"Position":12,"AudioFileName":"044_037_012.mp3","TajweedImageFilePath":"44/37/12.png","Text":"مُجْرِمِينَ","Translation":"criminals","Transliteration":"muj'rimīna","Root":"ج ر م"},{"Position":13,"AudioFileName":null,"TajweedImageFilePath":"37.png","Text":"٣٧","Translation":"(37)","Transliteration":null,"Root":null}],"PageNumber":497,"JuzNumber":25,"ManzilNumber":6,"RukuNumber":432,"MaqraNumber":199,"HizbNumber":50,"HizbDecimal":0.5,"HasSajda":false},{"SurahNumber":44,"SurahIndex":"044","VerseNumber":38,"ShowSurahName":false,"ShowBismillah":false,"Words":[{"Position":1,"AudioFileName":"044_038_001.mp3","TajweedImageFilePath":"44/38/1.png","Text":"وَمَا","Translation":"And not","Transliteration":"wamā","Root":"م ا"},{"Position":2,"AudioFileName":"044_038_002.mp3","TajweedImageFilePath":"44/38/2.png","Text":"خَلَقْنَا","Translation":"We created","Transliteration":"khalaqnā","Root":"خ ل ق"},{"Position":3,"AudioFileName":"044_038_003.mp3","TajweedImageFilePath":"44/38/3.png","Text":"ٱلسَّمَـٰوَٰتِ","Translation":"the heavens","Transliteration":"l-samāwāti","Root":"س م و"},{"Position":4,"AudioFileName":"044_038_004.mp3","TajweedImageFilePath":"44/38/4.png","Text":"وَٱلْأَرْضَ","Translation":"and the earth","Transliteration":"wal-arḍa","Root":"أ ر ض"},{"Position":5,"AudioFileName":"044_038_005.mp3","TajweedImageFilePath":"44/38/5.png","Text":"وَمَا","Translation":"and whatever","Transliteration":"wamā","Root":"م ا"},{"Position":6,"AudioFileName":"044_038_006.mp3","TajweedImageFilePath":"44/38/6.png","Text":"بَيْنَهُمَا","Translation":"(is) between them","Transliteration":"baynahumā","Root":"ب ي ن"},{"Position":7,"AudioFileName":"044_038_007.mp3","TajweedImageFilePath":"44/38/7.png","Text":"لَـٰعِبِينَ","Translation":"(in) play","Transliteration":"lāʿibīna","Root":"ل ع ب"},{"Position":8,"AudioFileName":null,"TajweedImageFilePath":"38.png","Text":"٣٨","Translation":"(38)","Transliteration":null,"Root":null}],"PageNumber":497,"JuzNumber":25,"ManzilNumber":6,"RukuNumber":432,"MaqraNumber":199,"HizbNumber":50,"HizbDecimal":0.5,"HasSajda":false},{"SurahNumber":44,"SurahIndex":"044","VerseNumber":39,"ShowSurahName":false,"ShowBismillah":false,"Words":[{"Position":1,"AudioFileName":"044_039_001.mp3","TajweedImageFilePath":"44/39/1.png","Text":"مَا","Translation":"Not","Transliteration":"mā","Root":"م ا"},{"Position":2,"AudioFileName":"044_039_002.mp3","TajweedImageFilePath":"44/39/2.png","Text":"خَلَقْنَـٰهُمَآ","Translation":"We created both of them","Transliteration":"khalaqnāhumā","Root":"خ ل ق"},{"Position":3,"AudioFileName":"044_039_003.mp3","TajweedImageFilePath":"44/39/3.png","Text":"إِلَّا","Translation":"but","Transliteration":"illā","Root":"إِلَّا"},{"Position":4,"AudioFileName":"044_039_004.mp3","TajweedImageFilePath":"44/39/4.png","Text":"بِٱلْحَقِّ","Translation":"in [the] truth","Transliteration":"bil-ḥaqi","Root":"ح ق ق"},{"Position":5,"AudioFileName":"044_039_005.mp3","TajweedImageFilePath":"44/39/5.png","Text":"وَلَـٰكِنَّ","Translation":"but","Transliteration":"walākinna","Root":"ل ك ن"},{"Position":6,"AudioFileName":"044_039_006.mp3","TajweedImageFilePath":"44/39/6.png","Text":"أَكْثَرَهُمْ","Translation":"most of them","Transliteration":"aktharahum","Root":"ك ث ر"},{"Position":7,"AudioFileName":"044_039_007.mp3","TajweedImageFilePath":"44/39/7.png","Text":"لَا","Translation":"(do) not","Transliteration":"lā","Root":"ل ا"},{"Position":8,"AudioFileName":"044_039_008.mp3","TajweedImageFilePath":"44/39/8.png","Text":"يَعْلَمُونَ","Translation":"know","Transliteration":"yaʿlamūna","Root":"ع ل م"},{"Position":9,"AudioFileName":null,"TajweedImageFilePath":"39.png","Text":"٣٩","Translation":"(39)","Transliteration":null,"Root":null}],"PageNumber":497,"JuzNumber":25,"ManzilNumber":6,"RukuNumber":432,"MaqraNumber":199,"HizbNumber":50,"HizbDecimal":0.5,"HasSajda":false},{"SurahNumber":44,"SurahIndex":"044","VerseNumber":40,"ShowSurahName":false,"ShowBismillah":false,"Words":[{"Position":1,"AudioFileName":"044_040_001.mp3","TajweedImageFilePath":"44/40/1.png","Text":"إِنَّ","Translation":"Indeed","Transliteration":"inna","Root":"ا ن ن"},{"Position":2,"AudioFileName":"044_040_002.mp3","TajweedImageFilePath":"44/40/2.png","Text":"يَوْمَ","Translation":"(the) Day of Judgment","Transliteration":"yawma","Root":"ي و م"},{"Position":3,"AudioFileName":"044_040_003.mp3","TajweedImageFilePath":"44/40/3.png","Text":"ٱلْفَصْلِ","Translation":"(the) Day of Judgment","Transliteration":"l-faṣli","Root":"ف ص ل"},{"Position":4,"AudioFileName":"044_040_004.mp3","TajweedImageFilePath":"44/40/4.png","Text":"مِيقَـٰتُهُمْ","Translation":"(is) an appointed term for them","Transliteration":"mīqātuhum","Root":"و ق ت"},{"Position":5,"AudioFileName":"044_040_005.mp3","TajweedImageFilePath":"44/40/5.png","Text":"أَجْمَعِينَ","Translation":"all","Transliteration":"ajmaʿīna","Root":"ج م ع"},{"Position":6,"AudioFileName":null,"TajweedImageFilePath":"40.png","Text":"٤٠","Translation":"(40)","Transliteration":null,"Root":null}],"PageNumber":498,"JuzNumber":25,"ManzilNumber":6,"RukuNumber":432,"MaqraNumber":199,"HizbNumber":50,"HizbDecimal":0.5,"HasSajda":false},{"SurahNumber":44,"SurahIndex":"044","VerseNumber":41,"ShowSurahName":false,"ShowBismillah":false,"Words":[{"Position":1,"AudioFileName":"044_041_001.mp3","TajweedImageFilePath":"44/41/1.png","Text":"يَوْمَ","Translation":"(The) Day","Transliteration":"yawma","Root":"ي و م"},{"Position":2,"AudioFileName":"044_041_002.mp3","TajweedImageFilePath":"44/41/2.png","Text":"لَا","Translation":"not","Transliteration":"lā","Root":"ل ا"},{"Position":3,"AudioFileName":"044_041_003.mp3","TajweedImageFilePath":"44/41/3.png","Text":"يُغْنِى","Translation":"will avail","Transliteration":"yugh'nī","Root":"غ ن ي"},{"Position":4,"AudioFileName":"044_041_004.mp3","TajweedImageFilePath":"44/41/4.png","Text":"مَوْلًى","Translation":"a relation","Transliteration":"mawlan","Root":"و ل ي"},{"Position":5,"AudioFileName":"044_041_005.mp3","TajweedImageFilePath":"44/41/5.png","Text":"عَن","Translation":"for","Transliteration":"ʿan","Root":"ع ن"},{"Position":6,"AudioFileName":"044_041_006.mp3","TajweedImageFilePath":"44/41/6.png","Text":"مَّوْلًۭى","Translation":"a relation","Transliteration":"mawlan","Root":"و ل ي"},{"Position":7,"AudioFileName":"044_041_007.mp3","TajweedImageFilePath":"44/41/7.png","Text":"شَيْـًۭٔا","Translation":"anything","Transliteration":"shayan","Root":"ش ي أ"},{"Position":8,"AudioFileName":"044_041_008.mp3","TajweedImageFilePath":"44/41/8.png","Text":"وَلَا","Translation":"and not","Transliteration":"walā","Root":"ل ا"},{"Position":9,"AudioFileName":"044_041_009.mp3","TajweedImageFilePath":"44/41/9.png","Text":"هُمْ","Translation":"they","Transliteration":"hum","Root":"ه م"},{"Position":10,"AudioFileName":"044_041_010.mp3","TajweedImageFilePath":"44/41/10.png","Text":"يُنصَرُونَ","Translation":"will be helped","Transliteration":"yunṣarūna","Root":"ن ص ر"},{"Position":11,"AudioFileName":null,"TajweedImageFilePath":"41.png","Text":"٤١","Translation":"(41)","Transliteration":null,"Root":null}],"PageNumber":498,"JuzNumber":25,"ManzilNumber":6,"RukuNumber":432,"MaqraNumber":199,"HizbNumber":50,"HizbDecimal":0.5,"HasSajda":false},{"SurahNumber":44,"SurahIndex":"044","VerseNumber":42,"ShowSurahName":false,"ShowBismillah":false,"Words":[{"Position":1,"AudioFileName":"044_042_001.mp3","TajweedImageFilePath":"44/42/1.png","Text":"إِلَّا","Translation":"Except","Transliteration":"illā","Root":"إِلَّا"},{"Position":2,"AudioFileName":"044_042_002.mp3","TajweedImageFilePath":"44/42/2.png","Text":"مَن","Translation":"(on) whom","Transliteration":"man","Root":"م ن"},{"Position":3,"AudioFileName":"044_042_003.mp3","TajweedImageFilePath":"44/42/3.png","Text":"رَّحِمَ","Translation":"Allah has mercy","Transliteration":"raḥima","Root":"ر ح م"},{"Position":4,"AudioFileName":"044_042_004.mp3","TajweedImageFilePath":"44/42/4.png","Text":"ٱللَّهُ ۚ","Translation":"Allah has mercy","Transliteration":"l-lahu","Root":"أ ل ه"},{"Position":5,"AudioFileName":"044_042_005.mp3","TajweedImageFilePath":"44/42/5.png","Text":"إِنَّهُۥ","Translation":"Indeed, He","Transliteration":"innahu","Root":"ا ن ن"},{"Position":6,"AudioFileName":"044_042_006.mp3","TajweedImageFilePath":"44/42/6.png","Text":"هُوَ","Translation":"[He]","Transliteration":"huwa","Root":"ه و"},{"Position":7,"AudioFileName":"044_042_007.mp3","TajweedImageFilePath":"44/42/7.png","Text":"ٱلْعَزِيزُ","Translation":"(is) the All-Mighty","Transliteration":"l-ʿazīzu","Root":"ع ز ز"},{"Position":8,"AudioFileName":"044_042_008.mp3","TajweedImageFilePath":"44/42/8.png","Text":"ٱلرَّحِيمُ","Translation":"the Most Merciful","Transliteration":"l-raḥīmu","Root":"ر ح م"},{"Position":9,"AudioFileName":null,"TajweedImageFilePath":"42.png","Text":"٤٢","Translation":"(42)","Transliteration":null,"Root":null}],"PageNumber":498,"JuzNumber":25,"ManzilNumber":6,"RukuNumber":432,"MaqraNumber":199,"HizbNumber":50,"HizbDecimal":0.5,"HasSajda":false},{"SurahNumber":44,"SurahIndex":"044","VerseNumber":43,"ShowSurahName":false,"ShowBismillah":false,"Words":[{"Position":1,"AudioFileName":"044_043_001.mp3","TajweedImageFilePath":"44/43/1.png","Text":"إِنَّ","Translation":"Indeed","Transliteration":"inna","Root":"ا ن ن"},{"Position":2,"AudioFileName":"044_043_002.mp3","TajweedImageFilePath":"44/43/2.png","Text":"شَجَرَتَ","Translation":"(the) tree","Transliteration":"shajarata","Root":"ش ج ر"},{"Position":3,"AudioFileName":"044_043_003.mp3","TajweedImageFilePath":"44/43/3.png","Text":"ٱلزَّقُّومِ","Translation":"(of) Zaqqum","Transliteration":"l-zaqūmi","Root":"ز ق م"},{"Position":4,"AudioFileName":null,"TajweedImageFilePath":"43.png","Text":"٤٣","Translation":"(43)","Transliteration":null,"Root":null}],"PageNumber":498,"JuzNumber":25,"ManzilNumber":6,"RukuNumber":433,"MaqraNumber":199,"HizbNumber":50,"HizbDecimal":0.5,"HasSajda":false},{"SurahNumber":44,"SurahIndex":"044","VerseNumber":44,"ShowSurahName":false,"ShowBismillah":false,"Words":[{"Position":1,"AudioFileName":"044_044_001.mp3","TajweedImageFilePath":"44/44/1.png","Text":"طَعَامُ","Translation":"(Will be) food","Transliteration":"ṭaʿāmu","Root":"ط ع م"},{"Position":2,"AudioFileName":"044_044_002.mp3","TajweedImageFilePath":"44/44/2.png","Text":"ٱلْأَثِيمِ","Translation":"(of) the sinner(s)","Transliteration":"l-athīmi","Root":"أ ث م"},{"Position":3,"AudioFileName":null,"TajweedImageFilePath":"44.png","Text":"٤٤","Translation":"(44)","Transliteration":null,"Root":null}],"PageNumber":498,"JuzNumber":25,"ManzilNumber":6,"RukuNumber":433,"MaqraNumber":199,"HizbNumber":50,"HizbDecimal":0.5,"HasSajda":false},{"SurahNumber":44,"SurahIndex":"044","VerseNumber":45,"ShowSurahName":false,"ShowBismillah":false,"Words":[{"Position":1,"AudioFileName":"044_045_001.mp3","TajweedImageFilePath":"44/45/1.png","Text":"كَٱلْمُهْلِ","Translation":"Like the murky oil","Transliteration":"kal-muh'li","Root":"م ه ل"},{"Position":2,"AudioFileName":"044_045_002.mp3","TajweedImageFilePath":"44/45/2.png","Text":"يَغْلِى","Translation":"it will boil","Transliteration":"yaghlī","Root":"غ ل ي"},{"Position":3,"AudioFileName":"044_045_003.mp3","TajweedImageFilePath":"44/45/3.png","Text":"فِى","Translation":"in","Transliteration":"fī","Root":"ف ى"},{"Position":4,"AudioFileName":"044_045_004.mp3","TajweedImageFilePath":"44/45/4.png","Text":"ٱلْبُطُونِ","Translation":"the bellies","Transliteration":"l-buṭūni","Root":"ب ط ن"},{"Position":5,"AudioFileName":null,"TajweedImageFilePath":"45.png","Text":"٤٥","Translation":"(45)","Transliteration":null,"Root":null}],"PageNumber":498,"JuzNumber":25,"ManzilNumber":6,"RukuNumber":433,"MaqraNumber":199,"HizbNumber":50,"HizbDecimal":0.5,"HasSajda":false},{"SurahNumber":44,"SurahIndex":"044","VerseNumber":46,"ShowSurahName":false,"ShowBismillah":false,"Words":[{"Position":1,"AudioFileName":"044_046_001.mp3","TajweedImageFilePath":"44/46/1.png","Text":"كَغَلْىِ","Translation":"Like boiling","Transliteration":"kaghalyi","Root":"غ ل ي"},{"Position":2,"AudioFileName":"044_046_002.mp3","TajweedImageFilePath":"44/46/2.png","Text":"ٱلْحَمِيمِ","Translation":"(of) scalding water","Transliteration":"l-ḥamīmi","Root":"ح م م"},{"Position":3,"AudioFileName":null,"TajweedImageFilePath":"46.png","Text":"٤٦","Translation":"(46)","Transliteration":null,"Root":null}],"PageNumber":498,"JuzNumber":25,"ManzilNumber":6,"RukuNumber":433,"MaqraNumber":199,"HizbNumber":50,"HizbDecimal":0.5,"HasSajda":false},{"SurahNumber":44,"SurahIndex":"044","VerseNumber":47,"ShowSurahName":false,"ShowBismillah":false,"Words":[{"Position":1,"AudioFileName":"044_047_001.mp3","TajweedImageFilePath":"44/47/1.png","Text":"خُذُوهُ","Translation":"Seize him","Transliteration":"khudhūhu","Root":"أ خ ذ"},{"Position":2,"AudioFileName":"044_047_002.mp3","TajweedImageFilePath":"44/47/2.png","Text":"فَٱعْتِلُوهُ","Translation":"and drag him","Transliteration":"fa-iʿ'tilūhu","Root":"ع ت ل"},{"Position":3,"AudioFileName":"044_047_003.mp3","TajweedImageFilePath":"44/47/3.png","Text":"إِلَىٰ","Translation":"into","Transliteration":"ilā","Root":"إِلَىٰ"},{"Position":4,"AudioFileName":"044_047_004.mp3","TajweedImageFilePath":"44/47/4.png","Text":"سَوَآءِ","Translation":"(the) midst","Transliteration":"sawāi","Root":"س و ي"},{"Position":5,"AudioFileName":"044_047_005.mp3","TajweedImageFilePath":"44/47/5.png","Text":"ٱلْجَحِيمِ","Translation":"(of) the Hellfire","Transliteration":"l-jaḥīmi","Root":"ج ح م"},{"Position":6,"AudioFileName":null,"TajweedImageFilePath":"47.png","Text":"٤٧","Translation":"(47)","Transliteration":null,"Root":null}],"PageNumber":498,"JuzNumber":25,"ManzilNumber":6,"RukuNumber":433,"MaqraNumber":199,"HizbNumber":50,"HizbDecimal":0.5,"HasSajda":false},{"SurahNumber":44,"SurahIndex":"044","VerseNumber":48,"ShowSurahName":false,"ShowBismillah":false,"Words":[{"Position":1,"AudioFileName":"044_048_001.mp3","TajweedImageFilePath":"44/48/1.png","Text":"ثُمَّ","Translation":"Then","Transliteration":"thumma","Root":"ث م م"},{"Position":2,"AudioFileName":"044_048_002.mp3","TajweedImageFilePath":"44/48/2.png","Text":"صُبُّوا۟","Translation":"pour","Transliteration":"ṣubbū","Root":"ص ب ب"},{"Position":3,"AudioFileName":"044_048_003.mp3","TajweedImageFilePath":"44/48/3.png","Text":"فَوْقَ","Translation":"over","Transliteration":"fawqa","Root":"ف و ق"},{"Position":4,"AudioFileName":"044_048_004.mp3","TajweedImageFilePath":"44/48/4.png","Text":"رَأْسِهِۦ","Translation":"his head","Transliteration":"rasihi","Root":"ر أ س"},{"Position":5,"AudioFileName":"044_048_005.mp3","TajweedImageFilePath":"44/48/5.png","Text":"مِنْ","Translation":"of","Transliteration":"min","Root":"م ن"},{"Position":6,"AudioFileName":"044_048_006.mp3","TajweedImageFilePath":"44/48/6.png","Text":"عَذَابِ","Translation":"(the) punishment","Transliteration":"ʿadhābi","Root":"ع ذ ب"},{"Position":7,"AudioFileName":"044_048_007.mp3","TajweedImageFilePath":"44/48/7.png","Text":"ٱلْحَمِيمِ","Translation":"(of) the scalding water","Transliteration":"l-ḥamīmi","Root":"ح م م"},{"Position":8,"AudioFileName":null,"TajweedImageFilePath":"48.png","Text":"٤٨","Translation":"(48)","Transliteration":null,"Root":null}],"PageNumber":498,"JuzNumber":25,"ManzilNumber":6,"RukuNumber":433,"MaqraNumber":199,"HizbNumber":50,"HizbDecimal":0.5,"HasSajda":false},{"SurahNumber":44,"SurahIndex":"044","VerseNumber":49,"ShowSurahName":false,"ShowBismillah":false,"Words":[{"Position":1,"AudioFileName":"044_049_001.mp3","TajweedImageFilePath":"44/49/1.png","Text":"ذُقْ","Translation":"Taste","Transliteration":"dhuq","Root":"ذ و ق"},{"Position":2,"AudioFileName":"044_049_002.mp3","TajweedImageFilePath":"44/49/2.png","Text":"إِنَّكَ","Translation":"Indeed, you","Transliteration":"innaka","Root":"ا ن ن"},{"Position":3,"AudioFileName":"044_049_003.mp3","TajweedImageFilePath":"44/49/3.png","Text":"أَنتَ","Translation":"[you] (were)","Transliteration":"anta","Root":"ا ن ت"},{"Position":4,"AudioFileName":"044_049_004.mp3","TajweedImageFilePath":"44/49/4.png","Text":"ٱلْعَزِيزُ","Translation":"the mighty","Transliteration":"l-ʿazīzu","Root":"ع ز ز"},{"Position":5,"AudioFileName":"044_049_005.mp3","TajweedImageFilePath":"44/49/5.png","Text":"ٱلْكَرِيمُ","Translation":"the noble","Transliteration":"l-karīmu","Root":"ك ر م"},{"Position":6,"AudioFileName":null,"TajweedImageFilePath":"49.png","Text":"٤٩","Translation":"(49)","Transliteration":null,"Root":null}],"PageNumber":498,"JuzNumber":25,"ManzilNumber":6,"RukuNumber":433,"MaqraNumber":199,"HizbNumber":50,"HizbDecimal":0.5,"HasSajda":false},{"SurahNumber":44,"SurahIndex":"044","VerseNumber":50,"ShowSurahName":false,"ShowBismillah":false,"Words":[{"Position":1,"AudioFileName":"044_050_001.mp3","TajweedImageFilePath":"44/50/1.png","Text":"إِنَّ","Translation":"Indeed","Transliteration":"inna","Root":"ا ن ن"},{"Position":2,"AudioFileName":"044_050_002.mp3","TajweedImageFilePath":"44/50/2.png","Text":"هَـٰذَا","Translation":"this","Transliteration":"hādhā","Root":"ه ا ذ"},{"Position":3,"AudioFileName":"044_050_003.mp3","TajweedImageFilePath":"44/50/3.png","Text":"مَا","Translation":"(is) what","Transliteration":"mā","Root":"م ا"},{"Position":4,"AudioFileName":"044_050_004.mp3","TajweedImageFilePath":"44/50/4.png","Text":"كُنتُم","Translation":"you used to","Transliteration":"kuntum","Root":"ك و ن"},{"Position":5,"AudioFileName":"044_050_005.mp3","TajweedImageFilePath":"44/50/5.png","Text":"بِهِۦ","Translation":"[about it]","Transliteration":"bihi","Root":"ب"},{"Position":6,"AudioFileName":"044_050_006.mp3","TajweedImageFilePath":"44/50/6.png","Text":"تَمْتَرُونَ","Translation":"doubt","Transliteration":"tamtarūna","Root":"م ر ي"},{"Position":7,"AudioFileName":null,"TajweedImageFilePath":"50.png","Text":"٥٠","Translation":"(50)","Transliteration":null,"Root":null}],"PageNumber":498,"JuzNumber":25,"ManzilNumber":6,"RukuNumber":433,"MaqraNumber":199,"HizbNumber":50,"HizbDecimal":0.5,"HasSajda":false},{"SurahNumber":44,"SurahIndex":"044","VerseNumber":51,"ShowSurahName":false,"ShowBismillah":false,"Words":[{"Position":1,"AudioFileName":"044_051_001.mp3","TajweedImageFilePath":"44/51/1.png","Text":"إِنَّ","Translation":"Indeed","Transliteration":"inna","Root":"ا ن ن"},{"Position":2,"AudioFileName":"044_051_002.mp3","TajweedImageFilePath":"44/51/2.png","Text":"ٱلْمُتَّقِينَ","Translation":"the righteous","Transliteration":"l-mutaqīna","Root":"و ق ي"},{"Position":3,"AudioFileName":"044_051_003.mp3","TajweedImageFilePath":"44/51/3.png","Text":"فِى","Translation":"(will be) in","Transliteration":"fī","Root":"ف ى"},{"Position":4,"AudioFileName":"044_051_004.mp3","TajweedImageFilePath":"44/51/4.png","Text":"مَقَامٍ","Translation":"a place","Transliteration":"maqāmin","Root":"ق و م"},{"Position":5,"AudioFileName":"044_051_005.mp3","TajweedImageFilePath":"44/51/5.png","Text":"أَمِينٍۢ","Translation":"secure","Transliteration":"amīnin","Root":"أ م ن"},{"Position":6,"AudioFileName":null,"TajweedImageFilePath":"51.png","Text":"٥١","Translation":"(51)","Transliteration":null,"Root":null}],"PageNumber":498,"JuzNumber":25,"ManzilNumber":6,"RukuNumber":433,"MaqraNumber":199,"HizbNumber":50,"HizbDecimal":0.5,"HasSajda":false},{"SurahNumber":44,"SurahIndex":"044","VerseNumber":52,"ShowSurahName":false,"ShowBismillah":false,"Words":[{"Position":1,"AudioFileName":"044_052_001.mp3","TajweedImageFilePath":"44/52/1.png","Text":"فِى","Translation":"In","Transliteration":"fī","Root":"ف ى"},{"Position":2,"AudioFileName":"044_052_002.mp3","TajweedImageFilePath":"44/52/2.png","Text":"جَنَّـٰتٍۢ","Translation":"gardens","Transliteration":"jannātin","Root":"ج ن ن"},{"Position":3,"AudioFileName":"044_052_003.mp3","TajweedImageFilePath":"44/52/3.png","Text":"وَعُيُونٍۢ","Translation":"and springs","Transliteration":"waʿuyūnin","Root":"ع ي ن"},{"Position":4,"AudioFileName":null,"TajweedImageFilePath":"52.png","Text":"٥٢","Translation":"(52)","Transliteration":null,"Root":null}],"PageNumber":498,"JuzNumber":25,"ManzilNumber":6,"RukuNumber":433,"MaqraNumber":199,"HizbNumber":50,"HizbDecimal":0.5,"HasSajda":false},{"SurahNumber":44,"SurahIndex":"044","VerseNumber":53,"ShowSurahName":false,"ShowBismillah":false,"Words":[{"Position":1,"AudioFileName":"044_053_001.mp3","TajweedImageFilePath":"44/53/1.png","Text":"يَلْبَسُونَ","Translation":"Wearing garments","Transliteration":"yalbasūna","Root":"ل ب س"},{"Position":2,"AudioFileName":"044_053_002.mp3","TajweedImageFilePath":"44/53/2.png","Text":"مِن","Translation":"of","Transliteration":"min","Root":"م ن"},{"Position":3,"AudioFileName":"044_053_003.mp3","TajweedImageFilePath":"44/53/3.png","Text":"سُندُسٍۢ","Translation":"fine silk","Transliteration":"sundusin","Root":"س ن د س"},{"Position":4,"AudioFileName":"044_053_004.mp3","TajweedImageFilePath":"44/53/4.png","Text":"وَإِسْتَبْرَقٍۢ","Translation":"and heavy silk","Transliteration":"wa-is'tabraqin","Root":"إِسْتَبْرَق"},{"Position":5,"AudioFileName":"044_053_005.mp3","TajweedImageFilePath":"44/53/5.png","Text":"مُّتَقَـٰبِلِينَ","Translation":"facing each other","Transliteration":"mutaqābilīna","Root":"ق ب ل"},{"Position":6,"AudioFileName":null,"TajweedImageFilePath":"53.png","Text":"٥٣","Translation":"(53)","Transliteration":null,"Root":null}],"PageNumber":498,"JuzNumber":25,"ManzilNumber":6,"RukuNumber":433,"MaqraNumber":199,"HizbNumber":50,"HizbDecimal":0.5,"HasSajda":false},{"SurahNumber":44,"SurahIndex":"044","VerseNumber":54,"ShowSurahName":false,"ShowBismillah":false,"Words":[{"Position":1,"AudioFileName":"044_054_001.mp3","TajweedImageFilePath":"44/54/1.png","Text":"كَذَٰلِكَ","Translation":"Thus","Transliteration":"kadhālika","Root":"ذ ل ك"},{"Position":2,"AudioFileName":"044_054_002.mp3","TajweedImageFilePath":"44/54/2.png","Text":"وَزَوَّجْنَـٰهُم","Translation":"And We will marry them","Transliteration":"wazawwajnāhum","Root":"ز و ج"},{"Position":3,"AudioFileName":"044_054_003.mp3","TajweedImageFilePath":"44/54/3.png","Text":"بِحُورٍ","Translation":"(to) companions with beautiful eyes","Transliteration":"biḥūrin","Root":"ح و ر"},{"Position":4,"AudioFileName":"044_054_004.mp3","TajweedImageFilePath":"44/54/4.png","Text":"عِينٍۢ","Translation":"(to) companions with beautiful eyes","Transliteration":"ʿīnin","Root":"ع ي ن"},{"Position":5,"AudioFileName":null,"TajweedImageFilePath":"54.png","Text":"٥٤","Translation":"(54)","Transliteration":null,"Root":null}],"PageNumber":498,"JuzNumber":25,"ManzilNumber":6,"RukuNumber":433,"MaqraNumber":199,"HizbNumber":50,"HizbDecimal":0.5,"HasSajda":false},{"SurahNumber":44,"SurahIndex":"044","VerseNumber":55,"ShowSurahName":false,"ShowBismillah":false,"Words":[{"Position":1,"AudioFileName":"044_055_001.mp3","TajweedImageFilePath":"44/55/1.png","Text":"يَدْعُونَ","Translation":"They will call","Transliteration":"yadʿūna","Root":"د ع و"},{"Position":2,"AudioFileName":"044_055_002.mp3","TajweedImageFilePath":"44/55/2.png","Text":"فِيهَا","Translation":"therein","Transliteration":"fīhā","Root":"ف ى"},{"Position":3,"AudioFileName":"044_055_003.mp3","TajweedImageFilePath":"44/55/3.png","Text":"بِكُلِّ","Translation":"for every (kind)","Transliteration":"bikulli","Root":"ك ل ل"},{"Position":4,"AudioFileName":"044_055_004.mp3","TajweedImageFilePath":"44/55/4.png","Text":"فَـٰكِهَةٍ","Translation":"(of) fruit","Transliteration":"fākihatin","Root":"ف ك ه"},{"Position":5,"AudioFileName":"044_055_005.mp3","TajweedImageFilePath":"44/55/5.png","Text":"ءَامِنِينَ","Translation":"secure","Transliteration":"āminīna","Root":"أ م ن"},{"Position":6,"AudioFileName":null,"TajweedImageFilePath":"55.png","Text":"٥٥","Translation":"(55)","Transliteration":null,"Root":null}],"PageNumber":498,"JuzNumber":25,"ManzilNumber":6,"RukuNumber":433,"MaqraNumber":199,"HizbNumber":50,"HizbDecimal":0.5,"HasSajda":false},{"SurahNumber":44,"SurahIndex":"044","VerseNumber":56,"ShowSurahName":false,"ShowBismillah":false,"Words":[{"Position":1,"AudioFileName":"044_056_001.mp3","TajweedImageFilePath":"44/56/1.png","Text":"لَا","Translation":"Not","Transliteration":"lā","Root":"ل ا"},{"Position":2,"AudioFileName":"044_056_002.mp3","TajweedImageFilePath":"44/56/2.png","Text":"يَذُوقُونَ","Translation":"they will taste","Transliteration":"yadhūqūna","Root":"ذ و ق"},{"Position":3,"AudioFileName":"044_056_003.mp3","TajweedImageFilePath":"44/56/3.png","Text":"فِيهَا","Translation":"therein","Transliteration":"fīhā","Root":"ف ى"},{"Position":4,"AudioFileName":"044_056_004.mp3","TajweedImageFilePath":"44/56/4.png","Text":"ٱلْمَوْتَ","Translation":"the death","Transliteration":"l-mawta","Root":"م و ت"},{"Position":5,"AudioFileName":"044_056_005.mp3","TajweedImageFilePath":"44/56/5.png","Text":"إِلَّا","Translation":"except","Transliteration":"illā","Root":"إِلَّا"},{"Position":6,"AudioFileName":"044_056_006.mp3","TajweedImageFilePath":"44/56/6.png","Text":"ٱلْمَوْتَةَ","Translation":"the death","Transliteration":"l-mawtata","Root":"م و ت"},{"Position":7,"AudioFileName":"044_056_007.mp3","TajweedImageFilePath":"44/56/7.png","Text":"ٱلْأُولَىٰ ۖ","Translation":"the first","Transliteration":"l-ūlā","Root":"أ و ل"},{"Position":8,"AudioFileName":"044_056_008.mp3","TajweedImageFilePath":"44/56/8.png","Text":"وَوَقَىٰهُمْ","Translation":"And He will protect them","Transliteration":"wawaqāhum","Root":"و ق ي"},{"Position":9,"AudioFileName":"044_056_009.mp3","TajweedImageFilePath":"44/56/9.png","Text":"عَذَابَ","Translation":"(from the) punishment","Transliteration":"ʿadhāba","Root":"ع ذ ب"},{"Position":10,"AudioFileName":"044_056_010.mp3","TajweedImageFilePath":"44/56/10.png","Text":"ٱلْجَحِيمِ","Translation":"(of) the Hellfire","Transliteration":"l-jaḥīmi","Root":"ج ح م"},{"Position":11,"AudioFileName":null,"TajweedImageFilePath":"56.png","Text":"٥٦","Translation":"(56)","Transliteration":null,"Root":null}],"PageNumber":498,"JuzNumber":25,"ManzilNumber":6,"RukuNumber":433,"MaqraNumber":199,"HizbNumber":50,"HizbDecimal":0.5,"HasSajda":false},{"SurahNumber":44,"SurahIndex":"044","VerseNumber":57,"ShowSurahName":false,"ShowBismillah":false,"Words":[{"Position":1,"AudioFileName":"044_057_001.mp3","TajweedImageFilePath":"44/57/1.png","Text":"فَضْلًۭا","Translation":"A Bounty","Transliteration":"faḍlan","Root":"ف ض ل"},{"Position":2,"AudioFileName":"044_057_002.mp3","TajweedImageFilePath":"44/57/2.png","Text":"مِّن","Translation":"from","Transliteration":"min","Root":"م ن"},{"Position":3,"AudioFileName":"044_057_003.mp3","TajweedImageFilePath":"44/57/3.png","Text":"رَّبِّكَ ۚ","Translation":"your Lord","Transliteration":"rabbika","Root":"ر ب ب"},{"Position":4,"AudioFileName":"044_057_004.mp3","TajweedImageFilePath":"44/57/4.png","Text":"ذَٰلِكَ","Translation":"That ","Transliteration":"dhālika","Root":"ذ ل ك"},{"Position":5,"AudioFileName":"044_057_005.mp3","TajweedImageFilePath":"44/57/5.png","Text":"هُوَ","Translation":"it","Transliteration":"huwa","Root":"ه و"},{"Position":6,"AudioFileName":"044_057_006.mp3","TajweedImageFilePath":"44/57/6.png","Text":"ٱلْفَوْزُ","Translation":"(will be) the success","Transliteration":"l-fawzu","Root":"ف و ز"},{"Position":7,"AudioFileName":"044_057_007.mp3","TajweedImageFilePath":"44/57/7.png","Text":"ٱلْعَظِيمُ","Translation":"the great","Transliteration":"l-ʿaẓīmu","Root":"ع ظ م"},{"Position":8,"AudioFileName":null,"TajweedImageFilePath":"57.png","Text":"٥٧","Translation":"(57)","Transliteration":null,"Root":null}],"PageNumber":498,"JuzNumber":25,"ManzilNumber":6,"RukuNumber":433,"MaqraNumber":199,"HizbNumber":50,"HizbDecimal":0.5,"HasSajda":false},{"SurahNumber":44,"SurahIndex":"044","VerseNumber":58,"ShowSurahName":false,"ShowBismillah":false,"Words":[{"Position":1,"AudioFileName":"044_058_001.mp3","TajweedImageFilePath":"44/58/1.png","Text":"فَإِنَّمَا","Translation":"Indeed","Transliteration":"fa-innamā","Root":"ا ن ن م ا"},{"Position":2,"AudioFileName":"044_058_002.mp3","TajweedImageFilePath":"44/58/2.png","Text":"يَسَّرْنَـٰهُ","Translation":"We have made it easy","Transliteration":"yassarnāhu","Root":"ي س ر"},{"Position":3,"AudioFileName":"044_058_003.mp3","TajweedImageFilePath":"44/58/3.png","Text":"بِلِسَانِكَ","Translation":"in your tongue","Transliteration":"bilisānika","Root":"ل س ن"},{"Position":4,"AudioFileName":"044_058_004.mp3","TajweedImageFilePath":"44/58/4.png","Text":"لَعَلَّهُمْ","Translation":"so that they may","Transliteration":"laʿallahum","Root":"ل ع ل ل"},{"Position":5,"AudioFileName":"044_058_005.mp3","TajweedImageFilePath":"44/58/5.png","Text":"يَتَذَكَّرُونَ","Translation":"take heed","Transliteration":"yatadhakkarūna","Root":"ذ ك ر"},{"Position":6,"AudioFileName":null,"TajweedImageFilePath":"58.png","Text":"٥٨","Translation":"(58)","Transliteration":null,"Root":null}],"PageNumber":498,"JuzNumber":25,"ManzilNumber":6,"RukuNumber":433,"MaqraNumber":199,"HizbNumber":50,"HizbDecimal":0.5,"HasSajda":false},{"SurahNumber":44,"SurahIndex":"044","VerseNumber":59,"ShowSurahName":false,"ShowBismillah":false,"Words":[{"Position":1,"AudioFileName":"044_059_001.mp3","TajweedImageFilePath":"44/59/1.png","Text":"فَٱرْتَقِبْ","Translation":"So watch","Transliteration":"fa-ir'taqib","Root":"ر ق ب"},{"Position":2,"AudioFileName":"044_059_002.mp3","TajweedImageFilePath":"44/59/2.png","Text":"إِنَّهُم","Translation":"indeed, they","Transliteration":"innahum","Root":"ا ن ن"},{"Position":3,"AudioFileName":"044_059_003.mp3","TajweedImageFilePath":"44/59/3.png","Text":"مُّرْتَقِبُونَ","Translation":"(too are) watching","Transliteration":"mur'taqibūna","Root":"ر ق ب"},{"Position":4,"AudioFileName":null,"TajweedImageFilePath":"59.png","Text":"٥٩","Translation":"(59)","Transliteration":null,"Root":null}],"PageNumber":498,"JuzNumber":25,"ManzilNumber":6,"RukuNumber":433,"MaqraNumber":199,"HizbNumber":50,"HizbDecimal":0.5,"HasSajda":false},{"SurahNumber":45,"SurahIndex":"045","VerseNumber":1,"ShowSurahName":true,"ShowBismillah":true,"Words":[{"Position":1,"AudioFileName":"045_001_001.mp3","TajweedImageFilePath":"45/1/1.png","Text":"حمٓ","Translation":"Ha Meem","Transliteration":"hha-meem","Root":"ح م"},{"Position":2,"AudioFileName":null,"TajweedImageFilePath":"1.png","Text":"١","Translation":"(1)","Transliteration":null,"Root":null}],"PageNumber":499,"JuzNumber":25,"ManzilNumber":6,"RukuNumber":434,"MaqraNumber":199,"HizbNumber":50,"HizbDecimal":0.5,"HasSajda":false},{"SurahNumber":45,"SurahIndex":"045","VerseNumber":2,"ShowSurahName":false,"ShowBismillah":false,"Words":[{"Position":1,"AudioFileName":"045_002_001.mp3","TajweedImageFilePath":"45/2/1.png","Text":"تَنزِيلُ","Translation":"(The) revelation","Transliteration":"tanzīlu","Root":"ن ز ل"},{"Position":2,"AudioFileName":"045_002_002.mp3","TajweedImageFilePath":"45/2/2.png","Text":"ٱلْكِتَـٰبِ","Translation":"(of) the Book","Transliteration":"l-kitābi","Root":"ك ت ب"},{"Position":3,"AudioFileName":"045_002_003.mp3","TajweedImageFilePath":"45/2/3.png","Text":"مِنَ","Translation":"(is) from","Transliteration":"mina","Root":"م ن"},{"Position":4,"AudioFileName":"045_002_004.mp3","TajweedImageFilePath":"45/2/4.png","Text":"ٱللَّهِ","Translation":"Allah","Transliteration":"l-lahi","Root":"أ ل ه"},{"Position":5,"AudioFileName":"045_002_005.mp3","TajweedImageFilePath":"45/2/5.png","Text":"ٱلْعَزِيزِ","Translation":"the All-Mighty","Transliteration":"l-ʿazīzi","Root":"ع ز ز"},{"Position":6,"AudioFileName":"045_002_006.mp3","TajweedImageFilePath":"45/2/6.png","Text":"ٱلْحَكِيمِ","Translation":"the All-Wise","Transliteration":"l-ḥakīmi","Root":"ح ك م"},{"Position":7,"AudioFileName":null,"TajweedImageFilePath":"2.png","Text":"٢","Translation":"(2)","Transliteration":null,"Root":null}],"PageNumber":499,"JuzNumber":25,"ManzilNumber":6,"RukuNumber":434,"MaqraNumber":199,"HizbNumber":50,"HizbDecimal":0.5,"HasSajda":false},{"SurahNumber":45,"SurahIndex":"045","VerseNumber":3,"ShowSurahName":false,"ShowBismillah":false,"Words":[{"Position":1,"AudioFileName":"045_003_001.mp3","TajweedImageFilePath":"45/3/1.png","Text":"إِنَّ","Translation":"Indeed","Transliteration":"inna","Root":"ا ن ن"},{"Position":2,"AudioFileName":"045_003_002.mp3","TajweedImageFilePath":"45/3/2.png","Text":"فِى","Translation":"in","Transliteration":"fī","Root":"ف ى"},{"Position":3,"AudioFileName":"045_003_003.mp3","TajweedImageFilePath":"45/3/3.png","Text":"ٱلسَّمَـٰوَٰتِ","Translation":"the heavens","Transliteration":"l-samāwāti","Root":"س م و"},{"Position":4,"AudioFileName":"045_003_004.mp3","TajweedImageFilePath":"45/3/4.png","Text":"وَٱلْأَرْضِ","Translation":"and the earth","Transliteration":"wal-arḍi","Root":"أ ر ض"},{"Position":5,"AudioFileName":"045_003_005.mp3","TajweedImageFilePath":"45/3/5.png","Text":"لَـَٔايَـٰتٍۢ","Translation":"surely (are) Signs","Transliteration":"laāyātin","Root":"أ ي ي"},{"Position":6,"AudioFileName":"045_003_006.mp3","TajweedImageFilePath":"45/3/6.png","Text":"لِّلْمُؤْمِنِينَ","Translation":"for the believers","Transliteration":"lil'mu'minīna","Root":"أ م ن"},{"Position":7,"AudioFileName":null,"TajweedImageFilePath":"3.png","Text":"٣","Translation":"(3)","Transliteration":null,"Root":null}],"PageNumber":499,"JuzNumber":25,"ManzilNumber":6,"RukuNumber":434,"MaqraNumber":199,"HizbNumber":50,"HizbDecimal":0.5,"HasSajda":false},{"SurahNumber":45,"SurahIndex":"045","VerseNumber":4,"ShowSurahName":false,"ShowBismillah":false,"Words":[{"Position":1,"AudioFileName":"045_004_001.mp3","TajweedImageFilePath":"45/4/1.png","Text":"وَفِى","Translation":"And in","Transliteration":"wafī","Root":"ف ى"},{"Position":2,"AudioFileName":"045_004_002.mp3","TajweedImageFilePath":"45/4/2.png","Text":"خَلْقِكُمْ","Translation":"your creation","Transliteration":"khalqikum","Root":"خ ل ق"},{"Position":3,"AudioFileName":"045_004_003.mp3","TajweedImageFilePath":"45/4/3.png","Text":"وَمَا","Translation":"and what","Transliteration":"wamā","Root":"م ا"},{"Position":4,"AudioFileName":"045_004_004.mp3","TajweedImageFilePath":"45/4/4.png","Text":"يَبُثُّ","Translation":"He disperses","Transliteration":"yabuthu","Root":"ب ث ث"},{"Position":5,"AudioFileName":"045_004_005.mp3","TajweedImageFilePath":"45/4/5.png","Text":"مِن","Translation":"of","Transliteration":"min","Root":"م ن"},{"Position":6,"AudioFileName":"045_004_006.mp3","TajweedImageFilePath":"45/4/6.png","Text":"دَآبَّةٍ","Translation":"(the) moving creatures","Transliteration":"dābbatin","Root":"د ب ب"},{"Position":7,"AudioFileName":"045_004_007.mp3","TajweedImageFilePath":"45/4/7.png","Text":"ءَايَـٰتٌۭ","Translation":"(are) Signs","Transliteration":"āyātun","Root":"أ ي ي"},{"Position":8,"AudioFileName":"045_004_008.mp3","TajweedImageFilePath":"45/4/8.png","Text":"لِّقَوْمٍۢ","Translation":"for a people","Transliteration":"liqawmin","Root":"ق و م"},{"Position":9,"AudioFileName":"045_004_009.mp3","TajweedImageFilePath":"45/4/9.png","Text":"يُوقِنُونَ","Translation":"who are certain","Transliteration":"yūqinūna","Root":"ي ق ن"},{"Position":10,"AudioFileName":null,"TajweedImageFilePath":"4.png","Text":"٤","Translation":"(4)","Transliteration":null,"Root":null}],"PageNumber":499,"JuzNumber":25,"ManzilNumber":6,"RukuNumber":434,"MaqraNumber":199,"HizbNumber":50,"HizbDecimal":0.5,"HasSajda":false},{"SurahNumber":45,"SurahIndex":"045","VerseNumber":5,"ShowSurahName":false,"ShowBismillah":false,"Words":[{"Position":1,"AudioFileName":"045_005_001.mp3","TajweedImageFilePath":"45/5/1.png","Text":"وَٱخْتِلَـٰفِ","Translation":"And (in the) alternation","Transliteration":"wa-ikh'tilāfi","Root":"خ ل ف"},{"Position":2,"AudioFileName":"045_005_002.mp3","TajweedImageFilePath":"45/5/2.png","Text":"ٱلَّيْلِ","Translation":"(of) the night","Transliteration":"al-layli","Root":"ل ي ل"},{"Position":3,"AudioFileName":"045_005_003.mp3","TajweedImageFilePath":"45/5/3.png","Text":"وَٱلنَّهَارِ","Translation":"and the day","Transliteration":"wal-nahāri","Root":"ن ه ر"},{"Position":4,"AudioFileName":"045_005_004.mp3","TajweedImageFilePath":"45/5/4.png","Text":"وَمَآ","Translation":"and what","Transliteration":"wamā","Root":"م ا"},{"Position":5,"AudioFileName":"045_005_005.mp3","TajweedImageFilePath":"45/5/5.png","Text":"أَنزَلَ","Translation":"Allah sends down","Transliteration":"anzala","Root":"ن ز ل"},{"Position":6,"AudioFileName":"045_005_006.mp3","TajweedImageFilePath":"45/5/6.png","Text":"ٱللَّهُ","Translation":"Allah sends down","Transliteration":"l-lahu","Root":"أ ل ه"},{"Position":7,"AudioFileName":"045_005_007.mp3","TajweedImageFilePath":"45/5/7.png","Text":"مِنَ","Translation":"from","Transliteration":"mina","Root":"م ن"},{"Position":8,"AudioFileName":"045_005_008.mp3","TajweedImageFilePath":"45/5/8.png","Text":"ٱلسَّمَآءِ","Translation":"the sky","Transliteration":"l-samāi","Root":"س م و"},{"Position":9,"AudioFileName":"045_005_009.mp3","TajweedImageFilePath":"45/5/9.png","Text":"مِن","Translation":"of","Transliteration":"min","Root":"م ن"},{"Position":10,"AudioFileName":"045_005_010.mp3","TajweedImageFilePath":"45/5/10.png","Text":"رِّزْقٍۢ","Translation":"(the) provision","Transliteration":"riz'qin","Root":"ر ز ق"},{"Position":11,"AudioFileName":"045_005_011.mp3","TajweedImageFilePath":"45/5/11.png","Text":"فَأَحْيَا","Translation":"and gives life","Transliteration":"fa-aḥyā","Root":"ح ي ي"},{"Position":12,"AudioFileName":"045_005_012.mp3","TajweedImageFilePath":"45/5/12.png","Text":"بِهِ","Translation":"thereby","Transliteration":"bihi","Root":"ب"},{"Position":13,"AudioFileName":"045_005_013.mp3","TajweedImageFilePath":"45/5/13.png","Text":"ٱلْأَرْضَ","Translation":"(to) the earth","Transliteration":"l-arḍa","Root":"أ ر ض"},{"Position":14,"AudioFileName":"045_005_014.mp3","TajweedImageFilePath":"45/5/14.png","Text":"بَعْدَ","Translation":"after","Transliteration":"baʿda","Root":"ب ع د"},{"Position":15,"AudioFileName":"045_005_015.mp3","TajweedImageFilePath":"45/5/15.png","Text":"مَوْتِهَا","Translation":"its death","Transliteration":"mawtihā","Root":"م و ت"},{"Position":16,"AudioFileName":"045_005_016.mp3","TajweedImageFilePath":"45/5/16.png","Text":"وَتَصْرِيفِ","Translation":"and (in) directing","Transliteration":"wataṣrīfi","Root":"ص ر ف"},{"Position":17,"AudioFileName":"045_005_017.mp3","TajweedImageFilePath":"45/5/17.png","Text":"ٱلرِّيَـٰحِ","Translation":"(the) winds","Transliteration":"l-riyāḥi","Root":"ر و ح"},{"Position":18,"AudioFileName":"045_005_018.mp3","TajweedImageFilePath":"45/5/18.png","Text":"ءَايَـٰتٌۭ","Translation":"(are) Signs","Transliteration":"āyātun","Root":"أ ي ي"},{"Position":19,"AudioFileName":"045_005_019.mp3","TajweedImageFilePath":"45/5/19.png","Text":"لِّقَوْمٍۢ","Translation":"for a people","Transliteration":"liqawmin","Root":"ق و م"},{"Position":20,"AudioFileName":"045_005_020.mp3","TajweedImageFilePath":"45/5/20.png","Text":"يَعْقِلُونَ","Translation":"who reason","Transliteration":"yaʿqilūna","Root":"ع ق ل"},{"Position":21,"AudioFileName":null,"TajweedImageFilePath":"5.png","Text":"٥","Translation":"(5)","Transliteration":null,"Root":null}],"PageNumber":499,"JuzNumber":25,"ManzilNumber":6,"RukuNumber":434,"MaqraNumber":199,"HizbNumber":50,"HizbDecimal":0.5,"HasSajda":false},{"SurahNumber":45,"SurahIndex":"045","VerseNumber":6,"ShowSurahName":false,"ShowBismillah":false,"Words":[{"Position":1,"AudioFileName":"045_006_001.mp3","TajweedImageFilePath":"45/6/1.png","Text":"تِلْكَ","Translation":"These","Transliteration":"til'ka","Root":"ت ل ك"},{"Position":2,"AudioFileName":"045_006_002.mp3","TajweedImageFilePath":"45/6/2.png","Text":"ءَايَـٰتُ","Translation":"(are the) Verses","Transliteration":"āyātu","Root":"أ ي ي"},{"Position":3,"AudioFileName":"045_006_003.mp3","TajweedImageFilePath":"45/6/3.png","Text":"ٱللَّهِ","Translation":"(of) Allah","Transliteration":"l-lahi","Root":"أ ل ه"},{"Position":4,"AudioFileName":"045_006_004.mp3","TajweedImageFilePath":"45/6/4.png","Text":"نَتْلُوهَا","Translation":"We recite them","Transliteration":"natlūhā","Root":"ت ل و"},{"Position":5,"AudioFileName":"045_006_005.mp3","TajweedImageFilePath":"45/6/5.png","Text":"عَلَيْكَ","Translation":"to you","Transliteration":"ʿalayka","Root":"ع ل ى"},{"Position":6,"AudioFileName":"045_006_006.mp3","TajweedImageFilePath":"45/6/6.png","Text":"بِٱلْحَقِّ ۖ","Translation":"in truth","Transliteration":"bil-ḥaqi","Root":"ح ق ق"},{"Position":7,"AudioFileName":"045_006_007.mp3","TajweedImageFilePath":"45/6/7.png","Text":"فَبِأَىِّ","Translation":"Then in what","Transliteration":"fabi-ayyi","Root":"ا ى ى"},{"Position":8,"AudioFileName":"045_006_008.mp3","TajweedImageFilePath":"45/6/8.png","Text":"حَدِيثٍۭ","Translation":"statement","Transliteration":"ḥadīthin","Root":"ح د ث"},{"Position":9,"AudioFileName":"045_006_009.mp3","TajweedImageFilePath":"45/6/9.png","Text":"بَعْدَ","Translation":"after","Transliteration":"baʿda","Root":"ب ع د"},{"Position":10,"AudioFileName":"045_006_010.mp3","TajweedImageFilePath":"45/6/10.png","Text":"ٱللَّهِ","Translation":"Allah","Transliteration":"l-lahi","Root":"أ ل ه"},{"Position":11,"AudioFileName":"045_006_011.mp3","TajweedImageFilePath":"45/6/11.png","Text":"وَءَايَـٰتِهِۦ","Translation":"and His Verses","Transliteration":"waāyātihi","Root":"أ ي ي"},{"Position":12,"AudioFileName":"045_006_012.mp3","TajweedImageFilePath":"45/6/12.png","Text":"يُؤْمِنُونَ","Translation":"will they believe","Transliteration":"yu'minūna","Root":"أ م ن"},{"Position":13,"AudioFileName":null,"TajweedImageFilePath":"6.png","Text":"٦","Translation":"(6)","Transliteration":null,"Root":null}],"PageNumber":499,"JuzNumber":25,"ManzilNumber":6,"RukuNumber":434,"MaqraNumber":199,"HizbNumber":50,"HizbDecimal":0.5,"HasSajda":false},{"SurahNumber":45,"SurahIndex":"045","VerseNumber":7,"ShowSurahName":false,"ShowBismillah":false,"Words":[{"Position":1,"AudioFileName":"045_007_001.mp3","TajweedImageFilePath":"45/7/1.png","Text":"وَيْلٌۭ","Translation":"Woe","Transliteration":"waylun","Root":"و ى ل"},{"Position":2,"AudioFileName":"045_007_002.mp3","TajweedImageFilePath":"45/7/2.png","Text":"لِّكُلِّ","Translation":"to every","Transliteration":"likulli","Root":"ك ل ل"},{"Position":3,"AudioFileName":"045_007_003.mp3","TajweedImageFilePath":"45/7/3.png","Text":"أَفَّاكٍ","Translation":"liar","Transliteration":"affākin","Root":"أ ف ك"},{"Position":4,"AudioFileName":"045_007_004.mp3","TajweedImageFilePath":"45/7/4.png","Text":"أَثِيمٍۢ","Translation":"sinful","Transliteration":"athīmin","Root":"أ ث م"},{"Position":5,"AudioFileName":null,"TajweedImageFilePath":"7.png","Text":"٧","Translation":"(7)","Transliteration":null,"Root":null}],"PageNumber":499,"JuzNumber":25,"ManzilNumber":6,"RukuNumber":434,"MaqraNumber":199,"HizbNumber":50,"HizbDecimal":0.5,"HasSajda":false},{"SurahNumber":45,"SurahIndex":"045","VerseNumber":8,"ShowSurahName":false,"ShowBismillah":false,"Words":[{"Position":1,"AudioFileName":"045_008_001.mp3","TajweedImageFilePath":"45/8/1.png","Text":"يَسْمَعُ","Translation":"Who hears","Transliteration":"yasmaʿu","Root":"س م ع"},{"Position":2,"AudioFileName":"045_008_002.mp3","TajweedImageFilePath":"45/8/2.png","Text":"ءَايَـٰتِ","Translation":"(the) Verses","Transliteration":"āyāti","Root":"أ ي ي"},{"Position":3,"AudioFileName":"045_008_003.mp3","TajweedImageFilePath":"45/8/3.png","Text":"ٱللَّهِ","Translation":"(of) Allah","Transliteration":"l-lahi","Root":"أ ل ه"},{"Position":4,"AudioFileName":"045_008_004.mp3","TajweedImageFilePath":"45/8/4.png","Text":"تُتْلَىٰ","Translation":"recited","Transliteration":"tut'lā","Root":"ت ل و"},{"Position":5,"AudioFileName":"045_008_005.mp3","TajweedImageFilePath":"45/8/5.png","Text":"عَلَيْهِ","Translation":"to him","Transliteration":"ʿalayhi","Root":"ع ل ى"},{"Position":6,"AudioFileName":"045_008_006.mp3","TajweedImageFilePath":"45/8/6.png","Text":"ثُمَّ","Translation":"then","Transliteration":"thumma","Root":"ث م م"},{"Position":7,"AudioFileName":"045_008_007.mp3","TajweedImageFilePath":"45/8/7.png","Text":"يُصِرُّ","Translation":"persists","Transliteration":"yuṣirru","Root":"ص ر ر"},{"Position":8,"AudioFileName":"045_008_008.mp3","TajweedImageFilePath":"45/8/8.png","Text":"مُسْتَكْبِرًۭا","Translation":"arrogantly","Transliteration":"mus'takbiran","Root":"ك ب ر"},{"Position":9,"AudioFileName":"045_008_009.mp3","TajweedImageFilePath":"45/8/9.png","Text":"كَأَن","Translation":"as if","Transliteration":"ka-an","Root":"ك ا ن"},{"Position":10,"AudioFileName":"045_008_010.mp3","TajweedImageFilePath":"45/8/10.png","Text":"لَّمْ","Translation":"not","Transliteration":"lam","Root":"ل م"},{"Position":11,"AudioFileName":"045_008_011.mp3","TajweedImageFilePath":"45/8/11.png","Text":"يَسْمَعْهَا ۖ","Translation":"he heard them","Transliteration":"yasmaʿhā","Root":"س م ع"},{"Position":12,"AudioFileName":"045_008_012.mp3","TajweedImageFilePath":"45/8/12.png","Text":"فَبَشِّرْهُ","Translation":"So give him tidings","Transliteration":"fabashir'hu","Root":"ب ش ر"},{"Position":13,"AudioFileName":"045_008_013.mp3","TajweedImageFilePath":"45/8/13.png","Text":"بِعَذَابٍ","Translation":"(of) a punishment","Transliteration":"biʿadhābin","Root":"ع ذ ب"},{"Position":14,"AudioFileName":"045_008_014.mp3","TajweedImageFilePath":"45/8/14.png","Text":"أَلِيمٍۢ","Translation":"painful","Transliteration":"alīmin","Root":"أ ل م"},{"Position":15,"AudioFileName":null,"TajweedImageFilePath":"8.png","Text":"٨","Translation":"(8)","Transliteration":null,"Root":null}],"PageNumber":499,"JuzNumber":25,"ManzilNumber":6,"RukuNumber":434,"MaqraNumber":199,"HizbNumber":50,"HizbDecimal":0.5,"HasSajda":false},{"SurahNumber":45,"SurahIndex":"045","VerseNumber":9,"ShowSurahName":false,"ShowBismillah":false,"Words":[{"Position":1,"AudioFileName":"045_009_001.mp3","TajweedImageFilePath":"45/9/1.png","Text":"وَإِذَا","Translation":"And when","Transliteration":"wa-idhā","Root":"إِذَا"},{"Position":2,"AudioFileName":"045_009_002.mp3","TajweedImageFilePath":"45/9/2.png","Text":"عَلِمَ","Translation":"he knows","Transliteration":"ʿalima","Root":"ع ل م"},{"Position":3,"AudioFileName":"045_009_003.mp3","TajweedImageFilePath":"45/9/3.png","Text":"مِنْ","Translation":"of","Transliteration":"min","Root":"م ن"},{"Position":4,"AudioFileName":"045_009_004.mp3","TajweedImageFilePath":"45/9/4.png","Text":"ءَايَـٰتِنَا","Translation":"Our Verses","Transliteration":"āyātinā","Root":"أ ي ي"},{"Position":5,"AudioFileName":"045_009_005.mp3","TajweedImageFilePath":"45/9/5.png","Text":"شَيْـًٔا","Translation":"anything","Transliteration":"shayan","Root":"ش ي أ"},{"Position":6,"AudioFileName":"045_009_006.mp3","TajweedImageFilePath":"45/9/6.png","Text":"ٱتَّخَذَهَا","Translation":"he takes them","Transliteration":"ittakhadhahā","Root":"أ خ ذ"},{"Position":7,"AudioFileName":"045_009_007.mp3","TajweedImageFilePath":"45/9/7.png","Text":"هُزُوًا ۚ","Translation":"(in) ridicule","Transliteration":"huzuwan","Root":"ه ز أ"},{"Position":8,"AudioFileName":"045_009_008.mp3","TajweedImageFilePath":"45/9/8.png","Text":"أُو۟لَـٰٓئِكَ","Translation":"Those ","Transliteration":"ulāika","Root":"ا و ل ا ء"},{"Position":9,"AudioFileName":"045_009_009.mp3","TajweedImageFilePath":"45/9/9.png","Text":"لَهُمْ","Translation":"for them","Transliteration":"lahum","Root":"ل"},{"Position":10,"AudioFileName":"045_009_010.mp3","TajweedImageFilePath":"45/9/10.png","Text":"عَذَابٌۭ","Translation":"(is) a punishment","Transliteration":"ʿadhābun","Root":"ع ذ ب"},{"Position":11,"AudioFileName":"045_009_011.mp3","TajweedImageFilePath":"45/9/11.png","Text":"مُّهِينٌۭ","Translation":"humiliating","Transliteration":"muhīnun","Root":"ه و ن"},{"Position":12,"AudioFileName":null,"TajweedImageFilePath":"9.png","Text":"٩","Translation":"(9)","Transliteration":null,"Root":null}],"PageNumber":499,"JuzNumber":25,"ManzilNumber":6,"RukuNumber":434,"MaqraNumber":199,"HizbNumber":50,"HizbDecimal":0.5,"HasSajda":false},{"SurahNumber":45,"SurahIndex":"045","VerseNumber":10,"ShowSurahName":false,"ShowBismillah":false,"Words":[{"Position":1,"AudioFileName":"045_010_001.mp3","TajweedImageFilePath":"45/10/1.png","Text":"مِّن","Translation":"Before them","Transliteration":"min","Root":"م ن"},{"Position":2,"AudioFileName":"045_010_002.mp3","TajweedImageFilePath":"45/10/2.png","Text":"وَرَآئِهِمْ","Translation":"Before them","Transliteration":"warāihim","Root":"و ر ي"},{"Position":3,"AudioFileName":"045_010_003.mp3","TajweedImageFilePath":"45/10/3.png","Text":"جَهَنَّمُ ۖ","Translation":"(is) Hell","Transliteration":"jahannamu","Root":"ج ه ن م"},{"Position":4,"AudioFileName":"045_010_004.mp3","TajweedImageFilePath":"45/10/4.png","Text":"وَلَا","Translation":"and not","Transliteration":"walā","Root":"ل ا"},{"Position":5,"AudioFileName":"045_010_005.mp3","TajweedImageFilePath":"45/10/5.png","Text":"يُغْنِى","Translation":"will avail","Transliteration":"yugh'nī","Root":"غ ن ي"},{"Position":6,"AudioFileName":"045_010_006.mp3","TajweedImageFilePath":"45/10/6.png","Text":"عَنْهُم","Translation":"them","Transliteration":"ʿanhum","Root":"ع ن"},{"Position":7,"AudioFileName":"045_010_007.mp3","TajweedImageFilePath":"45/10/7.png","Text":"مَّا","Translation":"what","Transliteration":"mā","Root":"م ا"},{"Position":8,"AudioFileName":"045_010_008.mp3","TajweedImageFilePath":"45/10/8.png","Text":"كَسَبُوا۟","Translation":"they had earned","Transliteration":"kasabū","Root":"ك س ب"},{"Position":9,"AudioFileName":"045_010_009.mp3","TajweedImageFilePath":"45/10/9.png","Text":"شَيْـًۭٔا","Translation":"anything","Transliteration":"shayan","Root":"ش ي أ"},{"Position":10,"AudioFileName":"045_010_010.mp3","TajweedImageFilePath":"45/10/10.png","Text":"وَلَا","Translation":"and not","Transliteration":"walā","Root":"ل ا"},{"Position":11,"AudioFileName":"045_010_011.mp3","TajweedImageFilePath":"45/10/11.png","Text":"مَا","Translation":"what","Transliteration":"mā","Root":"م ا"},{"Position":12,"AudioFileName":"045_010_012.mp3","TajweedImageFilePath":"45/10/12.png","Text":"ٱتَّخَذُوا۟","Translation":"they had taken","Transliteration":"ittakhadhū","Root":"أ خ ذ"},{"Position":13,"AudioFileName":"045_010_013.mp3","TajweedImageFilePath":"45/10/13.png","Text":"مِن","Translation":"besides","Transliteration":"min","Root":"م ن"},{"Position":14,"AudioFileName":"045_010_014.mp3","TajweedImageFilePath":"45/10/14.png","Text":"دُونِ","Translation":"besides","Transliteration":"dūni","Root":"د و ن"},{"Position":15,"AudioFileName":"045_010_015.mp3","TajweedImageFilePath":"45/10/15.png","Text":"ٱللَّهِ","Translation":"Allah","Transliteration":"l-lahi","Root":"أ ل ه"},{"Position":16,"AudioFileName":"045_010_016.mp3","TajweedImageFilePath":"45/10/16.png","Text":"أَوْلِيَآءَ ۖ","Translation":"(as) protectors","Transliteration":"awliyāa","Root":"و ل ي"},{"Position":17,"AudioFileName":"045_010_017.mp3","TajweedImageFilePath":"45/10/17.png","Text":"وَلَهُمْ","Translation":"And for them","Transliteration":"walahum","Root":"ل"},{"Position":18,"AudioFileName":"045_010_018.mp3","TajweedImageFilePath":"45/10/18.png","Text":"عَذَابٌ","Translation":"(is) a punishment","Transliteration":"ʿadhābun","Root":"ع ذ ب"},{"Position":19,"AudioFileName":"045_010_019.mp3","TajweedImageFilePath":"45/10/19.png","Text":"عَظِيمٌ","Translation":"great","Transliteration":"ʿaẓīmun","Root":"ع ظ م"},{"Position":20,"AudioFileName":null,"TajweedImageFilePath":"10.png","Text":"١٠","Translation":"(10)","Transliteration":null,"Root":null}],"PageNumber":499,"JuzNumber":25,"ManzilNumber":6,"RukuNumber":434,"MaqraNumber":199,"HizbNumber":50,"HizbDecimal":0.5,"HasSajda":false},{"SurahNumber":45,"SurahIndex":"045","VerseNumber":11,"ShowSurahName":false,"ShowBismillah":false,"Words":[{"Position":1,"AudioFileName":"045_011_001.mp3","TajweedImageFilePath":"45/11/1.png","Text":"هَـٰذَا","Translation":"This","Transliteration":"hādhā","Root":"ه ا ذ"},{"Position":2,"AudioFileName":"045_011_002.mp3","TajweedImageFilePath":"45/11/2.png","Text":"هُدًۭى ۖ","Translation":"(is) guidance","Transliteration":"hudan","Root":"ه د ي"},{"Position":3,"AudioFileName":"045_011_003.mp3","TajweedImageFilePath":"45/11/3.png","Text":"وَٱلَّذِينَ","Translation":"And those who","Transliteration":"wa-alladhīna","Root":"ٱلَّذِى"},{"Position":4,"AudioFileName":"045_011_004.mp3","TajweedImageFilePath":"45/11/4.png","Text":"كَفَرُوا۟","Translation":"disbelieve","Transliteration":"kafarū","Root":"ك ف ر"},{"Position":5,"AudioFileName":"045_011_005.mp3","TajweedImageFilePath":"45/11/5.png","Text":"بِـَٔايَـٰتِ","Translation":"in (the) Verses","Transliteration":"biāyāti","Root":"أ ي ي"},{"Position":6,"AudioFileName":"045_011_006.mp3","TajweedImageFilePath":"45/11/6.png","Text":"رَبِّهِمْ","Translation":"(of) their Lord","Transliteration":"rabbihim","Root":"ر ب ب"},{"Position":7,"AudioFileName":"045_011_007.mp3","TajweedImageFilePath":"45/11/7.png","Text":"لَهُمْ","Translation":"for them","Transliteration":"lahum","Root":"ل"},{"Position":8,"AudioFileName":"045_011_008.mp3","TajweedImageFilePath":"45/11/8.png","Text":"عَذَابٌۭ","Translation":"(is) a punishment","Transliteration":"ʿadhābun","Root":"ع ذ ب"},{"Position":9,"AudioFileName":"045_011_009.mp3","TajweedImageFilePath":"45/11/9.png","Text":"مِّن","Translation":"of","Transliteration":"min","Root":"م ن"},{"Position":10,"AudioFileName":"045_011_010.mp3","TajweedImageFilePath":"45/11/10.png","Text":"رِّجْزٍ","Translation":"filth","Transliteration":"rij'zin","Root":"ر ج ز"},{"Position":11,"AudioFileName":"045_011_011.mp3","TajweedImageFilePath":"45/11/11.png","Text":"أَلِيمٌ","Translation":"painful","Transliteration":"alīmun","Root":"أ ل م"},{"Position":12,"AudioFileName":null,"TajweedImageFilePath":"11.png","Text":"١١","Translation":"(11)","Transliteration":null,"Root":null}],"PageNumber":499,"JuzNumber":25,"ManzilNumber":6,"RukuNumber":434,"MaqraNumber":199,"HizbNumber":50,"HizbDecimal":0.5,"HasSajda":false}]}