{"MaqraNumber":32,"Verses":[{"SurahNumber":4,"SurahIndex":"004","VerseNumber":12,"ShowSurahName":false,"ShowBismillah":false,"Words":[{"Position":1,"AudioFileName":"004_012_001.mp3","TajweedImageFilePath":"4/12/1.png","Text":"۞ وَلَكُمْ","Translation":"And for you","Transliteration":"walakum","Root":"ل"},{"Position":2,"AudioFileName":"004_012_002.mp3","TajweedImageFilePath":"4/12/2.png","Text":"نِصْفُ","Translation":"(is) half","Transliteration":"niṣ'fu","Root":"ن ص ف"},{"Position":3,"AudioFileName":"004_012_003.mp3","TajweedImageFilePath":"4/12/3.png","Text":"مَا","Translation":"(of) what","Transliteration":"mā","Root":"م ا"},{"Position":4,"AudioFileName":"004_012_004.mp3","TajweedImageFilePath":"4/12/4.png","Text":"تَرَكَ","Translation":"(is) left","Transliteration":"taraka","Root":"ت ر ك"},{"Position":5,"AudioFileName":"004_012_005.mp3","TajweedImageFilePath":"4/12/5.png","Text":"أَزْوَٰجُكُمْ","Translation":"by your wives","Transliteration":"azwājukum","Root":"ز و ج"},{"Position":6,"AudioFileName":"004_012_006.mp3","TajweedImageFilePath":"4/12/6.png","Text":"إِن","Translation":"if","Transliteration":"in","Root":"ا ن"},{"Position":7,"AudioFileName":"004_012_007.mp3","TajweedImageFilePath":"4/12/7.png","Text":"لَّمْ","Translation":"not","Transliteration":"lam","Root":"ل م"},{"Position":8,"AudioFileName":"004_012_008.mp3","TajweedImageFilePath":"4/12/8.png","Text":"يَكُن","Translation":"is","Transliteration":"yakun","Root":"ك و ن"},{"Position":9,"AudioFileName":"004_012_009.mp3","TajweedImageFilePath":"4/12/9.png","Text":"لَّهُنَّ","Translation":"for them","Transliteration":"lahunna","Root":"ل"},{"Position":10,"AudioFileName":"004_012_010.mp3","TajweedImageFilePath":"4/12/10.png","Text":"وَلَدٌۭ ۚ","Translation":"a child","Transliteration":"waladun","Root":"و ل د"},{"Position":11,"AudioFileName":"004_012_011.mp3","TajweedImageFilePath":"4/12/11.png","Text":"فَإِن","Translation":"But if","Transliteration":"fa-in","Root":"ا ن"},{"Position":12,"AudioFileName":"004_012_012.mp3","TajweedImageFilePath":"4/12/12.png","Text":"كَانَ","Translation":"is","Transliteration":"kāna","Root":"ك و ن"},{"Position":13,"AudioFileName":"004_012_013.mp3","TajweedImageFilePath":"4/12/13.png","Text":"لَهُنَّ","Translation":"for them","Transliteration":"lahunna","Root":"ل"},{"Position":14,"AudioFileName":"004_012_014.mp3","TajweedImageFilePath":"4/12/14.png","Text":"وَلَدٌۭ","Translation":"a child","Transliteration":"waladun","Root":"و ل د"},{"Position":15,"AudioFileName":"004_012_015.mp3","TajweedImageFilePath":"4/12/15.png","Text":"فَلَكُمُ","Translation":"then for you","Transliteration":"falakumu","Root":"ل"},{"Position":16,"AudioFileName":"004_012_016.mp3","TajweedImageFilePath":"4/12/16.png","Text":"ٱلرُّبُعُ","Translation":"(is) the fourth","Transliteration":"l-rubuʿu","Root":"ر ب ع"},{"Position":17,"AudioFileName":"004_012_017.mp3","TajweedImageFilePath":"4/12/17.png","Text":"مِمَّا","Translation":"of what","Transliteration":"mimmā","Root":"م م ا"},{"Position":18,"AudioFileName":"004_012_018.mp3","TajweedImageFilePath":"4/12/18.png","Text":"تَرَكْنَ ۚ","Translation":"they left","Transliteration":"tarakna","Root":"ت ر ك"},{"Position":19,"AudioFileName":"004_012_019.mp3","TajweedImageFilePath":"4/12/19.png","Text":"مِنۢ","Translation":"from","Transliteration":"min","Root":"م ن"},{"Position":20,"AudioFileName":"004_012_020.mp3","TajweedImageFilePath":"4/12/20.png","Text":"بَعْدِ","Translation":"after","Transliteration":"baʿdi","Root":"ب ع د"},{"Position":21,"AudioFileName":"004_012_021.mp3","TajweedImageFilePath":"4/12/21.png","Text":"وَصِيَّةٍۢ","Translation":"any will","Transliteration":"waṣiyyatin","Root":"و ص ي"},{"Position":22,"AudioFileName":"004_012_022.mp3","TajweedImageFilePath":"4/12/22.png","Text":"يُوصِينَ","Translation":"they have made","Transliteration":"yūṣīna","Root":"و ص ي"},{"Position":23,"AudioFileName":"004_012_023.mp3","TajweedImageFilePath":"4/12/23.png","Text":"بِهَآ","Translation":"[for which]","Transliteration":"bihā","Root":"ب"},{"Position":24,"AudioFileName":"004_012_024.mp3","TajweedImageFilePath":"4/12/24.png","Text":"أَوْ","Translation":"or","Transliteration":"aw","Root":"ا و"},{"Position":25,"AudioFileName":"004_012_025.mp3","TajweedImageFilePath":"4/12/25.png","Text":"دَيْنٍۢ ۚ","Translation":"any debt","Transliteration":"daynin","Root":"د ي ن"},{"Position":26,"AudioFileName":"004_012_026.mp3","TajweedImageFilePath":"4/12/26.png","Text":"وَلَهُنَّ","Translation":"And for them","Transliteration":"walahunna","Root":"ل"},{"Position":27,"AudioFileName":"004_012_027.mp3","TajweedImageFilePath":"4/12/27.png","Text":"ٱلرُّبُعُ","Translation":"(is) the fourth","Transliteration":"l-rubuʿu","Root":"ر ب ع"},{"Position":28,"AudioFileName":"004_012_028.mp3","TajweedImageFilePath":"4/12/28.png","Text":"مِمَّا","Translation":"of what","Transliteration":"mimmā","Root":"م م ا"},{"Position":29,"AudioFileName":"004_012_029.mp3","TajweedImageFilePath":"4/12/29.png","Text":"تَرَكْتُمْ","Translation":"you left","Transliteration":"taraktum","Root":"ت ر ك"},{"Position":30,"AudioFileName":"004_012_030.mp3","TajweedImageFilePath":"4/12/30.png","Text":"إِن","Translation":"if","Transliteration":"in","Root":"ا ن"},{"Position":31,"AudioFileName":"004_012_031.mp3","TajweedImageFilePath":"4/12/31.png","Text":"لَّمْ","Translation":"not","Transliteration":"lam","Root":"ل م"},{"Position":32,"AudioFileName":"004_012_032.mp3","TajweedImageFilePath":"4/12/32.png","Text":"يَكُن","Translation":"is","Transliteration":"yakun","Root":"ك و ن"},{"Position":33,"AudioFileName":"004_012_033.mp3","TajweedImageFilePath":"4/12/33.png","Text":"لَّكُمْ","Translation":"for you","Transliteration":"lakum","Root":"ل"},{"Position":34,"AudioFileName":"004_012_034.mp3","TajweedImageFilePath":"4/12/34.png","Text":"وَلَدٌۭ ۚ","Translation":"a child","Transliteration":"waladun","Root":"و ل د"},{"Position":35,"AudioFileName":"004_012_035.mp3","TajweedImageFilePath":"4/12/35.png","Text":"فَإِن","Translation":"But if","Transliteration":"fa-in","Root":"ا ن"},{"Position":36,"AudioFileName":"004_012_036.mp3","TajweedImageFilePath":"4/12/36.png","Text":"كَانَ","Translation":"is","Transliteration":"kāna","Root":"ك و ن"},{"Position":37,"AudioFileName":"004_012_037.mp3","TajweedImageFilePath":"4/12/37.png","Text":"لَكُمْ","Translation":"for you","Transliteration":"lakum","Root":"ل"},{"Position":38,"AudioFileName":"004_012_038.mp3","TajweedImageFilePath":"4/12/38.png","Text":"وَلَدٌۭ","Translation":"a child","Transliteration":"waladun","Root":"و ل د"},{"Position":39,"AudioFileName":"004_012_039.mp3","TajweedImageFilePath":"4/12/39.png","Text":"فَلَهُنَّ","Translation":"then for them","Transliteration":"falahunna","Root":"ل"},{"Position":40,"AudioFileName":"004_012_040.mp3","TajweedImageFilePath":"4/12/40.png","Text":"ٱلثُّمُنُ","Translation":"(is) the eighth","Transliteration":"l-thumunu","Root":"ث م ن"},{"Position":41,"AudioFileName":"004_012_041.mp3","TajweedImageFilePath":"4/12/41.png","Text":"مِمَّا","Translation":"of what","Transliteration":"mimmā","Root":"م م ا"},{"Position":42,"AudioFileName":"004_012_042.mp3","TajweedImageFilePath":"4/12/42.png","Text":"تَرَكْتُم ۚ","Translation":"you left","Transliteration":"taraktum","Root":"ت ر ك"},{"Position":43,"AudioFileName":"004_012_043.mp3","TajweedImageFilePath":"4/12/43.png","Text":"مِّنۢ","Translation":"from","Transliteration":"min","Root":"م ن"},{"Position":44,"AudioFileName":"004_012_044.mp3","TajweedImageFilePath":"4/12/44.png","Text":"بَعْدِ","Translation":"after","Transliteration":"baʿdi","Root":"ب ع د"},{"Position":45,"AudioFileName":"004_012_045.mp3","TajweedImageFilePath":"4/12/45.png","Text":"وَصِيَّةٍۢ","Translation":"any will","Transliteration":"waṣiyyatin","Root":"و ص ي"},{"Position":46,"AudioFileName":"004_012_046.mp3","TajweedImageFilePath":"4/12/46.png","Text":"تُوصُونَ","Translation":"you have made","Transliteration":"tūṣūna","Root":"و ص ي"},{"Position":47,"AudioFileName":"004_012_047.mp3","TajweedImageFilePath":"4/12/47.png","Text":"بِهَآ","Translation":"[for which]","Transliteration":"bihā","Root":"ب"},{"Position":48,"AudioFileName":"004_012_048.mp3","TajweedImageFilePath":"4/12/48.png","Text":"أَوْ","Translation":"or","Transliteration":"aw","Root":"ا و"},{"Position":49,"AudioFileName":"004_012_049.mp3","TajweedImageFilePath":"4/12/49.png","Text":"دَيْنٍۢ ۗ","Translation":"any debt","Transliteration":"daynin","Root":"د ي ن"},{"Position":50,"AudioFileName":"004_012_050.mp3","TajweedImageFilePath":"4/12/50.png","Text":"وَإِن","Translation":"And if","Transliteration":"wa-in","Root":"ا ن"},{"Position":51,"AudioFileName":"004_012_051.mp3","TajweedImageFilePath":"4/12/51.png","Text":"كَانَ","Translation":"[is]","Transliteration":"kāna","Root":"ك و ن"},{"Position":52,"AudioFileName":"004_012_052.mp3","TajweedImageFilePath":"4/12/52.png","Text":"رَجُلٌۭ","Translation":"a man","Transliteration":"rajulun","Root":"ر ج ل"},{"Position":53,"AudioFileName":"004_012_053.mp3","TajweedImageFilePath":"4/12/53.png","Text":"يُورَثُ","Translation":"(whose wealth) is to be inherited","Transliteration":"yūrathu","Root":"و ر ث"},{"Position":54,"AudioFileName":"004_012_054.mp3","TajweedImageFilePath":"4/12/54.png","Text":"كَلَـٰلَةً","Translation":"(has) no parent or child","Transliteration":"kalālatan","Root":"ك ل ل"},{"Position":55,"AudioFileName":"004_012_055.mp3","TajweedImageFilePath":"4/12/55.png","Text":"أَوِ","Translation":"or","Transliteration":"awi","Root":"ا و"},{"Position":56,"AudioFileName":"004_012_056.mp3","TajweedImageFilePath":"4/12/56.png","Text":"ٱمْرَأَةٌۭ","Translation":"a women","Transliteration":"im'ra-atun","Root":"م ر أ"},{"Position":57,"AudioFileName":"004_012_057.mp3","TajweedImageFilePath":"4/12/57.png","Text":"وَلَهُۥٓ","Translation":"and for him","Transliteration":"walahu","Root":"ل"},{"Position":58,"AudioFileName":"004_012_058.mp3","TajweedImageFilePath":"4/12/58.png","Text":"أَخٌ","Translation":"(is) a brother","Transliteration":"akhun","Root":"أ خ و"},{"Position":59,"AudioFileName":"004_012_059.mp3","TajweedImageFilePath":"4/12/59.png","Text":"أَوْ","Translation":"or","Transliteration":"aw","Root":"ا و"},{"Position":60,"AudioFileName":"004_012_060.mp3","TajweedImageFilePath":"4/12/60.png","Text":"أُخْتٌۭ","Translation":"a sister","Transliteration":"ukh'tun","Root":"أ خ و"},{"Position":61,"AudioFileName":"004_012_061.mp3","TajweedImageFilePath":"4/12/61.png","Text":"فَلِكُلِّ","Translation":"then for each","Transliteration":"falikulli","Root":"ك ل ل"},{"Position":62,"AudioFileName":"004_012_062.mp3","TajweedImageFilePath":"4/12/62.png","Text":"وَٰحِدٍۢ","Translation":"one","Transliteration":"wāḥidin","Root":"و ح د"},{"Position":63,"AudioFileName":"004_012_063.mp3","TajweedImageFilePath":"4/12/63.png","Text":"مِّنْهُمَا","Translation":"of (the) two","Transliteration":"min'humā","Root":"م ن"},{"Position":64,"AudioFileName":"004_012_064.mp3","TajweedImageFilePath":"4/12/64.png","Text":"ٱلسُّدُسُ ۚ","Translation":"(is) the sixth","Transliteration":"l-sudusu","Root":"س د س"},{"Position":65,"AudioFileName":"004_012_065.mp3","TajweedImageFilePath":"4/12/65.png","Text":"فَإِن","Translation":"But if","Transliteration":"fa-in","Root":"ا ن"},{"Position":66,"AudioFileName":"004_012_066.mp3","TajweedImageFilePath":"4/12/66.png","Text":"كَانُوٓا۟","Translation":"they are","Transliteration":"kānū","Root":"ك و ن"},{"Position":67,"AudioFileName":"004_012_067.mp3","TajweedImageFilePath":"4/12/67.png","Text":"أَكْثَرَ","Translation":"more","Transliteration":"akthara","Root":"ك ث ر"},{"Position":68,"AudioFileName":"004_012_068.mp3","TajweedImageFilePath":"4/12/68.png","Text":"مِن","Translation":"than","Transliteration":"min","Root":"م ن"},{"Position":69,"AudioFileName":"004_012_069.mp3","TajweedImageFilePath":"4/12/69.png","Text":"ذَٰلِكَ","Translation":"that","Transliteration":"dhālika","Root":"ذ ل ك"},{"Position":70,"AudioFileName":"004_012_070.mp3","TajweedImageFilePath":"4/12/70.png","Text":"فَهُمْ","Translation":"then they","Transliteration":"fahum","Root":"ه م"},{"Position":71,"AudioFileName":"004_012_071.mp3","TajweedImageFilePath":"4/12/71.png","Text":"شُرَكَآءُ","Translation":"(are) partners","Transliteration":"shurakāu","Root":"ش ر ك"},{"Position":72,"AudioFileName":"004_012_072.mp3","TajweedImageFilePath":"4/12/72.png","Text":"فِى","Translation":"in","Transliteration":"fī","Root":"ف ى"},{"Position":73,"AudioFileName":"004_012_073.mp3","TajweedImageFilePath":"4/12/73.png","Text":"ٱلثُّلُثِ ۚ","Translation":"the third","Transliteration":"l-thuluthi","Root":"ث ل ث"},{"Position":74,"AudioFileName":"004_012_074.mp3","TajweedImageFilePath":"4/12/74.png","Text":"مِنۢ","Translation":"from","Transliteration":"min","Root":"م ن"},{"Position":75,"AudioFileName":"004_012_075.mp3","TajweedImageFilePath":"4/12/75.png","Text":"بَعْدِ","Translation":"after","Transliteration":"baʿdi","Root":"ب ع د"},{"Position":76,"AudioFileName":"004_012_076.mp3","TajweedImageFilePath":"4/12/76.png","Text":"وَصِيَّةٍۢ","Translation":"any will","Transliteration":"waṣiyyatin","Root":"و ص ي"},{"Position":77,"AudioFileName":"004_012_077.mp3","TajweedImageFilePath":"4/12/77.png","Text":"يُوصَىٰ","Translation":"was made","Transliteration":"yūṣā","Root":"و ص ي"},{"Position":78,"AudioFileName":"004_012_078.mp3","TajweedImageFilePath":"4/12/78.png","Text":"بِهَآ","Translation":"[for which]","Transliteration":"bihā","Root":"ب"},{"Position":79,"AudioFileName":"004_012_079.mp3","TajweedImageFilePath":"4/12/79.png","Text":"أَوْ","Translation":"or","Transliteration":"aw","Root":"ا و"},{"Position":80,"AudioFileName":"004_012_080.mp3","TajweedImageFilePath":"4/12/80.png","Text":"دَيْنٍ","Translation":"any debt","Transliteration":"daynin","Root":"د ي ن"},{"Position":81,"AudioFileName":"004_012_081.mp3","TajweedImageFilePath":"4/12/81.png","Text":"غَيْرَ","Translation":"without","Transliteration":"ghayra","Root":"غ ي ر"},{"Position":82,"AudioFileName":"004_012_082.mp3","TajweedImageFilePath":"4/12/82.png","Text":"مُضَآرٍّۢ ۚ","Translation":"(being) harmful","Transliteration":"muḍārrin","Root":"ض ر ر"},{"Position":83,"AudioFileName":"004_012_083.mp3","TajweedImageFilePath":"4/12/83.png","Text":"وَصِيَّةًۭ","Translation":"An ordinance","Transliteration":"waṣiyyatan","Root":"و ص ي"},{"Position":84,"AudioFileName":"004_012_084.mp3","TajweedImageFilePath":"4/12/84.png","Text":"مِّنَ","Translation":"from","Transliteration":"mina","Root":"م ن"},{"Position":85,"AudioFileName":"004_012_085.mp3","TajweedImageFilePath":"4/12/85.png","Text":"ٱللَّهِ ۗ","Translation":"Allah","Transliteration":"l-lahi","Root":"أ ل ه"},{"Position":86,"AudioFileName":"004_012_086.mp3","TajweedImageFilePath":"4/12/86.png","Text":"وَٱللَّهُ","Translation":"And Allah","Transliteration":"wal-lahu","Root":"أ ل ه"},{"Position":87,"AudioFileName":"004_012_087.mp3","TajweedImageFilePath":"4/12/87.png","Text":"عَلِيمٌ","Translation":"(is) All-Knowing","Transliteration":"ʿalīmun","Root":"ع ل م"},{"Position":88,"AudioFileName":"004_012_088.mp3","TajweedImageFilePath":"4/12/88.png","Text":"حَلِيمٌۭ","Translation":"All-Forbearing","Transliteration":"ḥalīmun","Root":"ح ل م"},{"Position":89,"AudioFileName":null,"TajweedImageFilePath":"12.png","Text":"١٢","Translation":"(12)","Transliteration":null,"Root":null}],"PageNumber":79,"JuzNumber":4,"ManzilNumber":1,"RukuNumber":63,"MaqraNumber":32,"HizbNumber":8,"HizbDecimal":0.75,"HasSajda":false},{"SurahNumber":4,"SurahIndex":"004","VerseNumber":13,"ShowSurahName":false,"ShowBismillah":false,"Words":[{"Position":1,"AudioFileName":"004_013_001.mp3","TajweedImageFilePath":"4/13/1.png","Text":"تِلْكَ","Translation":"These","Transliteration":"til'ka","Root":"ت ل ك"},{"Position":2,"AudioFileName":"004_013_002.mp3","TajweedImageFilePath":"4/13/2.png","Text":"حُدُودُ","Translation":"(are the) limits","Transliteration":"ḥudūdu","Root":"ح د د"},{"Position":3,"AudioFileName":"004_013_003.mp3","TajweedImageFilePath":"4/13/3.png","Text":"ٱللَّهِ ۚ","Translation":"(of) Allah","Transliteration":"l-lahi","Root":"أ ل ه"},{"Position":4,"AudioFileName":"004_013_004.mp3","TajweedImageFilePath":"4/13/4.png","Text":"وَمَن","Translation":"and whoever","Transliteration":"waman","Root":"م ن"},{"Position":5,"AudioFileName":"004_013_005.mp3","TajweedImageFilePath":"4/13/5.png","Text":"يُطِعِ","Translation":"obeys","Transliteration":"yuṭiʿi","Root":"ط و ع"},{"Position":6,"AudioFileName":"004_013_006.mp3","TajweedImageFilePath":"4/13/6.png","Text":"ٱللَّهَ","Translation":"Allah","Transliteration":"l-laha","Root":"أ ل ه"},{"Position":7,"AudioFileName":"004_013_007.mp3","TajweedImageFilePath":"4/13/7.png","Text":"وَرَسُولَهُۥ","Translation":"and His Messenger","Transliteration":"warasūlahu","Root":"ر س ل"},{"Position":8,"AudioFileName":"004_013_008.mp3","TajweedImageFilePath":"4/13/8.png","Text":"يُدْخِلْهُ","Translation":"He will admit him","Transliteration":"yud'khil'hu","Root":"د خ ل"},{"Position":9,"AudioFileName":"004_013_009.mp3","TajweedImageFilePath":"4/13/9.png","Text":"جَنَّـٰتٍۢ","Translation":"(to) Gardens","Transliteration":"jannātin","Root":"ج ن ن"},{"Position":10,"AudioFileName":"004_013_010.mp3","TajweedImageFilePath":"4/13/10.png","Text":"تَجْرِى","Translation":"flows","Transliteration":"tajrī","Root":"ج ر ي"},{"Position":11,"AudioFileName":"004_013_011.mp3","TajweedImageFilePath":"4/13/11.png","Text":"مِن","Translation":"from","Transliteration":"min","Root":"م ن"},{"Position":12,"AudioFileName":"004_013_012.mp3","TajweedImageFilePath":"4/13/12.png","Text":"تَحْتِهَا","Translation":"underneath them","Transliteration":"taḥtihā","Root":"ت ح ت"},{"Position":13,"AudioFileName":"004_013_013.mp3","TajweedImageFilePath":"4/13/13.png","Text":"ٱلْأَنْهَـٰرُ","Translation":"the rivers ","Transliteration":"l-anhāru","Root":"ن ه ر"},{"Position":14,"AudioFileName":"004_013_014.mp3","TajweedImageFilePath":"4/13/14.png","Text":"خَـٰلِدِينَ","Translation":"(will) abide forever","Transliteration":"khālidīna","Root":"خ ل د"},{"Position":15,"AudioFileName":"004_013_015.mp3","TajweedImageFilePath":"4/13/15.png","Text":"فِيهَا ۚ","Translation":"in it","Transliteration":"fīhā","Root":"ف ى"},{"Position":16,"AudioFileName":"004_013_016.mp3","TajweedImageFilePath":"4/13/16.png","Text":"وَذَٰلِكَ","Translation":"And that","Transliteration":"wadhālika","Root":"ذ ل ك"},{"Position":17,"AudioFileName":"004_013_017.mp3","TajweedImageFilePath":"4/13/17.png","Text":"ٱلْفَوْزُ","Translation":"(is) the success","Transliteration":"l-fawzu","Root":"ف و ز"},{"Position":18,"AudioFileName":"004_013_018.mp3","TajweedImageFilePath":"4/13/18.png","Text":"ٱلْعَظِيمُ","Translation":"[the] great","Transliteration":"l-ʿaẓīmu","Root":"ع ظ م"},{"Position":19,"AudioFileName":null,"TajweedImageFilePath":"13.png","Text":"١٣","Translation":"(13)","Transliteration":null,"Root":null}],"PageNumber":79,"JuzNumber":4,"ManzilNumber":1,"RukuNumber":63,"MaqraNumber":32,"HizbNumber":8,"HizbDecimal":0.75,"HasSajda":false},{"SurahNumber":4,"SurahIndex":"004","VerseNumber":14,"ShowSurahName":false,"ShowBismillah":false,"Words":[{"Position":1,"AudioFileName":"004_014_001.mp3","TajweedImageFilePath":"4/14/1.png","Text":"وَمَن","Translation":"And whoever","Transliteration":"waman","Root":"م ن"},{"Position":2,"AudioFileName":"004_014_002.mp3","TajweedImageFilePath":"4/14/2.png","Text":"يَعْصِ","Translation":"disobeys","Transliteration":"yaʿṣi","Root":"ع ص ي"},{"Position":3,"AudioFileName":"004_014_003.mp3","TajweedImageFilePath":"4/14/3.png","Text":"ٱللَّهَ","Translation":"Allah","Transliteration":"l-laha","Root":"أ ل ه"},{"Position":4,"AudioFileName":"004_014_004.mp3","TajweedImageFilePath":"4/14/4.png","Text":"وَرَسُولَهُۥ","Translation":"and His Messenger","Transliteration":"warasūlahu","Root":"ر س ل"},{"Position":5,"AudioFileName":"004_014_005.mp3","TajweedImageFilePath":"4/14/5.png","Text":"وَيَتَعَدَّ","Translation":"and transgresses","Transliteration":"wayataʿadda","Root":"ع د و"},{"Position":6,"AudioFileName":"004_014_006.mp3","TajweedImageFilePath":"4/14/6.png","Text":"حُدُودَهُۥ","Translation":"His limits ","Transliteration":"ḥudūdahu","Root":"ح د د"},{"Position":7,"AudioFileName":"004_014_007.mp3","TajweedImageFilePath":"4/14/7.png","Text":"يُدْخِلْهُ","Translation":"He will admit him","Transliteration":"yud'khil'hu","Root":"د خ ل"},{"Position":8,"AudioFileName":"004_014_008.mp3","TajweedImageFilePath":"4/14/8.png","Text":"نَارًا","Translation":"(to) Fire","Transliteration":"nāran","Root":"ن و ر"},{"Position":9,"AudioFileName":"004_014_009.mp3","TajweedImageFilePath":"4/14/9.png","Text":"خَـٰلِدًۭا","Translation":"(will) abide forever","Transliteration":"khālidan","Root":"خ ل د"},{"Position":10,"AudioFileName":"004_014_010.mp3","TajweedImageFilePath":"4/14/10.png","Text":"فِيهَا","Translation":"in it","Transliteration":"fīhā","Root":"ف ى"},{"Position":11,"AudioFileName":"004_014_011.mp3","TajweedImageFilePath":"4/14/11.png","Text":"وَلَهُۥ","Translation":"And for him","Transliteration":"walahu","Root":"ل"},{"Position":12,"AudioFileName":"004_014_012.mp3","TajweedImageFilePath":"4/14/12.png","Text":"عَذَابٌۭ","Translation":"(is) a punishment","Transliteration":"ʿadhābun","Root":"ع ذ ب"},{"Position":13,"AudioFileName":"004_014_013.mp3","TajweedImageFilePath":"4/14/13.png","Text":"مُّهِينٌۭ","Translation":"humiliating","Transliteration":"muhīnun","Root":"ه و ن"},{"Position":14,"AudioFileName":null,"TajweedImageFilePath":"14.png","Text":"١٤","Translation":"(14)","Transliteration":null,"Root":null}],"PageNumber":79,"JuzNumber":4,"ManzilNumber":1,"RukuNumber":63,"MaqraNumber":32,"HizbNumber":8,"HizbDecimal":0.75,"HasSajda":false},{"SurahNumber":4,"SurahIndex":"004","VerseNumber":15,"ShowSurahName":false,"ShowBismillah":false,"Words":[{"Position":1,"AudioFileName":"004_015_001.mp3","TajweedImageFilePath":"4/15/1.png","Text":"وَٱلَّـٰتِى","Translation":"And those who","Transliteration":"wa-allātī","Root":"ٱلَّذِى"},{"Position":2,"AudioFileName":"004_015_002.mp3","TajweedImageFilePath":"4/15/2.png","Text":"يَأْتِينَ","Translation":"commit","Transliteration":"yatīna","Root":"أ ت ي"},{"Position":3,"AudioFileName":"004_015_003.mp3","TajweedImageFilePath":"4/15/3.png","Text":"ٱلْفَـٰحِشَةَ","Translation":"[the] immorality","Transliteration":"l-fāḥishata","Root":"ف ح ش"},{"Position":4,"AudioFileName":"004_015_004.mp3","TajweedImageFilePath":"4/15/4.png","Text":"مِن","Translation":"from","Transliteration":"min","Root":"م ن"},{"Position":5,"AudioFileName":"004_015_005.mp3","TajweedImageFilePath":"4/15/5.png","Text":"نِّسَآئِكُمْ","Translation":"your women","Transliteration":"nisāikum","Root":"ن س و"},{"Position":6,"AudioFileName":"004_015_006.mp3","TajweedImageFilePath":"4/15/6.png","Text":"فَٱسْتَشْهِدُوا۟","Translation":"then call to witness","Transliteration":"fa-is'tashhidū","Root":"ش ه د"},{"Position":7,"AudioFileName":"004_015_007.mp3","TajweedImageFilePath":"4/15/7.png","Text":"عَلَيْهِنَّ","Translation":"against them","Transliteration":"ʿalayhinna","Root":"ع ل ى"},{"Position":8,"AudioFileName":"004_015_008.mp3","TajweedImageFilePath":"4/15/8.png","Text":"أَرْبَعَةًۭ","Translation":"four","Transliteration":"arbaʿatan","Root":"ر ب ع"},{"Position":9,"AudioFileName":"004_015_009.mp3","TajweedImageFilePath":"4/15/9.png","Text":"مِّنكُمْ ۖ","Translation":"among you","Transliteration":"minkum","Root":"م ن"},{"Position":10,"AudioFileName":"004_015_010.mp3","TajweedImageFilePath":"4/15/10.png","Text":"فَإِن","Translation":"And if","Transliteration":"fa-in","Root":"ا ن"},{"Position":11,"AudioFileName":"004_015_011.mp3","TajweedImageFilePath":"4/15/11.png","Text":"شَهِدُوا۟","Translation":"they testify","Transliteration":"shahidū","Root":"ش ه د"},{"Position":12,"AudioFileName":"004_015_012.mp3","TajweedImageFilePath":"4/15/12.png","Text":"فَأَمْسِكُوهُنَّ","Translation":"then confine them","Transliteration":"fa-amsikūhunna","Root":"م س ك"},{"Position":13,"AudioFileName":"004_015_013.mp3","TajweedImageFilePath":"4/15/13.png","Text":"فِى","Translation":"in","Transliteration":"fī","Root":"ف ى"},{"Position":14,"AudioFileName":"004_015_014.mp3","TajweedImageFilePath":"4/15/14.png","Text":"ٱلْبُيُوتِ","Translation":"their houses","Transliteration":"l-buyūti","Root":"ب ي ت"},{"Position":15,"AudioFileName":"004_015_015.mp3","TajweedImageFilePath":"4/15/15.png","Text":"حَتَّىٰ","Translation":"until","Transliteration":"ḥattā","Root":"ح ت ت ى"},{"Position":16,"AudioFileName":"004_015_016.mp3","TajweedImageFilePath":"4/15/16.png","Text":"يَتَوَفَّىٰهُنَّ","Translation":"comes to them","Transliteration":"yatawaffāhunna","Root":"و ف ي"},{"Position":17,"AudioFileName":"004_015_017.mp3","TajweedImageFilePath":"4/15/17.png","Text":"ٱلْمَوْتُ","Translation":"[the] death","Transliteration":"l-mawtu","Root":"م و ت"},{"Position":18,"AudioFileName":"004_015_018.mp3","TajweedImageFilePath":"4/15/18.png","Text":"أَوْ","Translation":"or","Transliteration":"aw","Root":"ا و"},{"Position":19,"AudioFileName":"004_015_019.mp3","TajweedImageFilePath":"4/15/19.png","Text":"يَجْعَلَ","Translation":"makes","Transliteration":"yajʿala","Root":"ج ع ل"},{"Position":20,"AudioFileName":"004_015_020.mp3","TajweedImageFilePath":"4/15/20.png","Text":"ٱللَّهُ","Translation":"Allah","Transliteration":"l-lahu","Root":"أ ل ه"},{"Position":21,"AudioFileName":"004_015_021.mp3","TajweedImageFilePath":"4/15/21.png","Text":"لَهُنَّ","Translation":"for them","Transliteration":"lahunna","Root":"ل"},{"Position":22,"AudioFileName":"004_015_022.mp3","TajweedImageFilePath":"4/15/22.png","Text":"سَبِيلًۭا","Translation":"a way","Transliteration":"sabīlan","Root":"س ب ل"},{"Position":23,"AudioFileName":null,"TajweedImageFilePath":"15.png","Text":"١٥","Translation":"(15)","Transliteration":null,"Root":null}],"PageNumber":80,"JuzNumber":4,"ManzilNumber":1,"RukuNumber":64,"MaqraNumber":32,"HizbNumber":8,"HizbDecimal":0.75,"HasSajda":false},{"SurahNumber":4,"SurahIndex":"004","VerseNumber":16,"ShowSurahName":false,"ShowBismillah":false,"Words":[{"Position":1,"AudioFileName":"004_016_001.mp3","TajweedImageFilePath":"4/16/1.png","Text":"وَٱلَّذَانِ","Translation":"And the two who","Transliteration":"wa-alladhāni","Root":"ٱلَّذِى"},{"Position":2,"AudioFileName":"004_016_002.mp3","TajweedImageFilePath":"4/16/2.png","Text":"يَأْتِيَـٰنِهَا","Translation":"commit it","Transliteration":"yatiyānihā","Root":"أ ت ي"},{"Position":3,"AudioFileName":"004_016_003.mp3","TajweedImageFilePath":"4/16/3.png","Text":"مِنكُمْ","Translation":"among you","Transliteration":"minkum","Root":"م ن"},{"Position":4,"AudioFileName":"004_016_004.mp3","TajweedImageFilePath":"4/16/4.png","Text":"فَـَٔاذُوهُمَا ۖ","Translation":"then punish both of them","Transliteration":"faādhūhumā","Root":"أ ذ ي"},{"Position":5,"AudioFileName":"004_016_005.mp3","TajweedImageFilePath":"4/16/5.png","Text":"فَإِن","Translation":"But if","Transliteration":"fa-in","Root":"ا ن"},{"Position":6,"AudioFileName":"004_016_006.mp3","TajweedImageFilePath":"4/16/6.png","Text":"تَابَا","Translation":"they repent","Transliteration":"tābā","Root":"ت و ب"},{"Position":7,"AudioFileName":"004_016_007.mp3","TajweedImageFilePath":"4/16/7.png","Text":"وَأَصْلَحَا","Translation":"and correct themselves","Transliteration":"wa-aṣlaḥā","Root":"ص ل ح"},{"Position":8,"AudioFileName":"004_016_008.mp3","TajweedImageFilePath":"4/16/8.png","Text":"فَأَعْرِضُوا۟","Translation":"then turn away","Transliteration":"fa-aʿriḍū","Root":"ع ر ض"},{"Position":9,"AudioFileName":"004_016_009.mp3","TajweedImageFilePath":"4/16/9.png","Text":"عَنْهُمَآ ۗ","Translation":"from both of them","Transliteration":"ʿanhumā","Root":"ع ن"},{"Position":10,"AudioFileName":"004_016_010.mp3","TajweedImageFilePath":"4/16/10.png","Text":"إِنَّ","Translation":"Indeed","Transliteration":"inna","Root":"ا ن ن"},{"Position":11,"AudioFileName":"004_016_011.mp3","TajweedImageFilePath":"4/16/11.png","Text":"ٱللَّهَ","Translation":"Allah","Transliteration":"l-laha","Root":"أ ل ه"},{"Position":12,"AudioFileName":"004_016_012.mp3","TajweedImageFilePath":"4/16/12.png","Text":"كَانَ","Translation":"is","Transliteration":"kāna","Root":"ك و ن"},{"Position":13,"AudioFileName":"004_016_013.mp3","TajweedImageFilePath":"4/16/13.png","Text":"تَوَّابًۭا","Translation":"Oft-Forgiving","Transliteration":"tawwāban","Root":"ت و ب"},{"Position":14,"AudioFileName":"004_016_014.mp3","TajweedImageFilePath":"4/16/14.png","Text":"رَّحِيمًا","Translation":"Most-Merciful","Transliteration":"raḥīman","Root":"ر ح م"},{"Position":15,"AudioFileName":null,"TajweedImageFilePath":"16.png","Text":"١٦","Translation":"(16)","Transliteration":null,"Root":null}],"PageNumber":80,"JuzNumber":4,"ManzilNumber":1,"RukuNumber":64,"MaqraNumber":32,"HizbNumber":8,"HizbDecimal":0.75,"HasSajda":false},{"SurahNumber":4,"SurahIndex":"004","VerseNumber":17,"ShowSurahName":false,"ShowBismillah":false,"Words":[{"Position":1,"AudioFileName":"004_017_001.mp3","TajweedImageFilePath":"4/17/1.png","Text":"إِنَّمَا","Translation":"Only","Transliteration":"innamā","Root":"ا ن ن م ا"},{"Position":2,"AudioFileName":"004_017_002.mp3","TajweedImageFilePath":"4/17/2.png","Text":"ٱلتَّوْبَةُ","Translation":"the acceptance of repentance","Transliteration":"l-tawbatu","Root":"ت و ب"},{"Position":3,"AudioFileName":"004_017_003.mp3","TajweedImageFilePath":"4/17/3.png","Text":"عَلَى","Translation":"by","Transliteration":"ʿalā","Root":"ع ل ى"},{"Position":4,"AudioFileName":"004_017_004.mp3","TajweedImageFilePath":"4/17/4.png","Text":"ٱللَّهِ","Translation":"Allah","Transliteration":"l-lahi","Root":"أ ل ه"},{"Position":5,"AudioFileName":"004_017_005.mp3","TajweedImageFilePath":"4/17/5.png","Text":"لِلَّذِينَ","Translation":"(is) for those who","Transliteration":"lilladhīna","Root":"ٱلَّذِى"},{"Position":6,"AudioFileName":"004_017_006.mp3","TajweedImageFilePath":"4/17/6.png","Text":"يَعْمَلُونَ","Translation":"do","Transliteration":"yaʿmalūna","Root":"ع م ل"},{"Position":7,"AudioFileName":"004_017_007.mp3","TajweedImageFilePath":"4/17/7.png","Text":"ٱلسُّوٓءَ","Translation":"the evil","Transliteration":"l-sūa","Root":"س و أ"},{"Position":8,"AudioFileName":"004_017_008.mp3","TajweedImageFilePath":"4/17/8.png","Text":"بِجَهَـٰلَةٍۢ","Translation":"in ignorance","Transliteration":"bijahālatin","Root":"ج ه ل"},{"Position":9,"AudioFileName":"004_017_009.mp3","TajweedImageFilePath":"4/17/9.png","Text":"ثُمَّ","Translation":"then","Transliteration":"thumma","Root":"ث م م"},{"Position":10,"AudioFileName":"004_017_010.mp3","TajweedImageFilePath":"4/17/10.png","Text":"يَتُوبُونَ","Translation":"they repent","Transliteration":"yatūbūna","Root":"ت و ب"},{"Position":11,"AudioFileName":"004_017_011.mp3","TajweedImageFilePath":"4/17/11.png","Text":"مِن","Translation":"from","Transliteration":"min","Root":"م ن"},{"Position":12,"AudioFileName":"004_017_012.mp3","TajweedImageFilePath":"4/17/12.png","Text":"قَرِيبٍۢ","Translation":"soon after","Transliteration":"qarībin","Root":"ق ر ب"},{"Position":13,"AudioFileName":"004_017_013.mp3","TajweedImageFilePath":"4/17/13.png","Text":"فَأُو۟لَـٰٓئِكَ","Translation":"Then those","Transliteration":"fa-ulāika","Root":"ا و ل ا ء"},{"Position":14,"AudioFileName":"004_017_014.mp3","TajweedImageFilePath":"4/17/14.png","Text":"يَتُوبُ","Translation":"will have forgiveness","Transliteration":"yatūbu","Root":"ت و ب"},{"Position":15,"AudioFileName":"004_017_015.mp3","TajweedImageFilePath":"4/17/15.png","Text":"ٱللَّهُ","Translation":"(from) Allah","Transliteration":"l-lahu","Root":"أ ل ه"},{"Position":16,"AudioFileName":"004_017_016.mp3","TajweedImageFilePath":"4/17/16.png","Text":"عَلَيْهِمْ ۗ","Translation":"upon them","Transliteration":"ʿalayhim","Root":"ع ل ى"},{"Position":17,"AudioFileName":"004_017_017.mp3","TajweedImageFilePath":"4/17/17.png","Text":"وَكَانَ","Translation":"and is","Transliteration":"wakāna","Root":"ك و ن"},{"Position":18,"AudioFileName":"004_017_018.mp3","TajweedImageFilePath":"4/17/18.png","Text":"ٱللَّهُ","Translation":"Allah","Transliteration":"l-lahu","Root":"أ ل ه"},{"Position":19,"AudioFileName":"004_017_019.mp3","TajweedImageFilePath":"4/17/19.png","Text":"عَلِيمًا","Translation":"All-Knowing","Transliteration":"ʿalīman","Root":"ع ل م"},{"Position":20,"AudioFileName":"004_017_020.mp3","TajweedImageFilePath":"4/17/20.png","Text":"حَكِيمًۭا","Translation":"All-Wise","Transliteration":"ḥakīman","Root":"ح ك م"},{"Position":21,"AudioFileName":null,"TajweedImageFilePath":"17.png","Text":"١٧","Translation":"(17)","Transliteration":null,"Root":null}],"PageNumber":80,"JuzNumber":4,"ManzilNumber":1,"RukuNumber":64,"MaqraNumber":32,"HizbNumber":8,"HizbDecimal":0.75,"HasSajda":false},{"SurahNumber":4,"SurahIndex":"004","VerseNumber":18,"ShowSurahName":false,"ShowBismillah":false,"Words":[{"Position":1,"AudioFileName":"004_018_001.mp3","TajweedImageFilePath":"4/18/1.png","Text":"وَلَيْسَتِ","Translation":"And not","Transliteration":"walaysati","Root":"ل ي س"},{"Position":2,"AudioFileName":"004_018_002.mp3","TajweedImageFilePath":"4/18/2.png","Text":"ٱلتَّوْبَةُ","Translation":"(is) the acceptance of repentance","Transliteration":"l-tawbatu","Root":"ت و ب"},{"Position":3,"AudioFileName":"004_018_003.mp3","TajweedImageFilePath":"4/18/3.png","Text":"لِلَّذِينَ","Translation":"for those who","Transliteration":"lilladhīna","Root":"ٱلَّذِى"},{"Position":4,"AudioFileName":"004_018_004.mp3","TajweedImageFilePath":"4/18/4.png","Text":"يَعْمَلُونَ","Translation":"do","Transliteration":"yaʿmalūna","Root":"ع م ل"},{"Position":5,"AudioFileName":"004_018_005.mp3","TajweedImageFilePath":"4/18/5.png","Text":"ٱلسَّيِّـَٔاتِ","Translation":"the evil deeds","Transliteration":"l-sayiāti","Root":"س و أ"},{"Position":6,"AudioFileName":"004_018_006.mp3","TajweedImageFilePath":"4/18/6.png","Text":"حَتَّىٰٓ","Translation":"until","Transliteration":"ḥattā","Root":"ح ت ت ى"},{"Position":7,"AudioFileName":"004_018_007.mp3","TajweedImageFilePath":"4/18/7.png","Text":"إِذَا","Translation":"when","Transliteration":"idhā","Root":"إِذَا"},{"Position":8,"AudioFileName":"004_018_008.mp3","TajweedImageFilePath":"4/18/8.png","Text":"حَضَرَ","Translation":"approaches","Transliteration":"ḥaḍara","Root":"ح ض ر"},{"Position":9,"AudioFileName":"004_018_009.mp3","TajweedImageFilePath":"4/18/9.png","Text":"أَحَدَهُمُ","Translation":"one of them","Transliteration":"aḥadahumu","Root":"أ ح د"},{"Position":10,"AudioFileName":"004_018_010.mp3","TajweedImageFilePath":"4/18/10.png","Text":"ٱلْمَوْتُ","Translation":"[the] death","Transliteration":"l-mawtu","Root":"م و ت"},{"Position":11,"AudioFileName":"004_018_011.mp3","TajweedImageFilePath":"4/18/11.png","Text":"قَالَ","Translation":"he says","Transliteration":"qāla","Root":"ق و ل"},{"Position":12,"AudioFileName":"004_018_012.mp3","TajweedImageFilePath":"4/18/12.png","Text":"إِنِّى","Translation":"Indeed I","Transliteration":"innī","Root":"ا ن ن"},{"Position":13,"AudioFileName":"004_018_013.mp3","TajweedImageFilePath":"4/18/13.png","Text":"تُبْتُ","Translation":"repent","Transliteration":"tub'tu","Root":"ت و ب"},{"Position":14,"AudioFileName":"004_018_014.mp3","TajweedImageFilePath":"4/18/14.png","Text":"ٱلْـَٔـٰنَ","Translation":"now","Transliteration":"l-āna","Root":"ا ى ن"},{"Position":15,"AudioFileName":"004_018_015.mp3","TajweedImageFilePath":"4/18/15.png","Text":"وَلَا","Translation":"and not","Transliteration":"walā","Root":"ل ا"},{"Position":16,"AudioFileName":"004_018_016.mp3","TajweedImageFilePath":"4/18/16.png","Text":"ٱلَّذِينَ","Translation":"those who","Transliteration":"alladhīna","Root":"ٱلَّذِى"},{"Position":17,"AudioFileName":"004_018_017.mp3","TajweedImageFilePath":"4/18/17.png","Text":"يَمُوتُونَ","Translation":"die","Transliteration":"yamūtūna","Root":"م و ت"},{"Position":18,"AudioFileName":"004_018_018.mp3","TajweedImageFilePath":"4/18/18.png","Text":"وَهُمْ","Translation":"while they","Transliteration":"wahum","Root":"ه م"},{"Position":19,"AudioFileName":"004_018_019.mp3","TajweedImageFilePath":"4/18/19.png","Text":"كُفَّارٌ ۚ","Translation":"(are) disbelievers","Transliteration":"kuffārun","Root":"ك ف ر"},{"Position":20,"AudioFileName":"004_018_020.mp3","TajweedImageFilePath":"4/18/20.png","Text":"أُو۟لَـٰٓئِكَ","Translation":"Those ","Transliteration":"ulāika","Root":"ا و ل ا ء"},{"Position":21,"AudioFileName":"004_018_021.mp3","TajweedImageFilePath":"4/18/21.png","Text":"أَعْتَدْنَا","Translation":"We have prepared","Transliteration":"aʿtadnā","Root":"ع ت د"},{"Position":22,"AudioFileName":"004_018_022.mp3","TajweedImageFilePath":"4/18/22.png","Text":"لَهُمْ","Translation":"for them","Transliteration":"lahum","Root":"ل"},{"Position":23,"AudioFileName":"004_018_023.mp3","TajweedImageFilePath":"4/18/23.png","Text":"عَذَابًا","Translation":"a punishment","Transliteration":"ʿadhāban","Root":"ع ذ ب"},{"Position":24,"AudioFileName":"004_018_024.mp3","TajweedImageFilePath":"4/18/24.png","Text":"أَلِيمًۭا","Translation":"painful","Transliteration":"alīman","Root":"أ ل م"},{"Position":25,"AudioFileName":null,"TajweedImageFilePath":"18.png","Text":"١٨","Translation":"(18)","Transliteration":null,"Root":null}],"PageNumber":80,"JuzNumber":4,"ManzilNumber":1,"RukuNumber":64,"MaqraNumber":32,"HizbNumber":8,"HizbDecimal":0.75,"HasSajda":false},{"SurahNumber":4,"SurahIndex":"004","VerseNumber":19,"ShowSurahName":false,"ShowBismillah":false,"Words":[{"Position":1,"AudioFileName":"004_019_001.mp3","TajweedImageFilePath":"4/19/1.png","Text":"يَـٰٓأَيُّهَا","Translation":"O you","Transliteration":"yāayyuhā","Root":"ا ى ى"},{"Position":2,"AudioFileName":"004_019_002.mp3","TajweedImageFilePath":"4/19/2.png","Text":"ٱلَّذِينَ","Translation":"who","Transliteration":"alladhīna","Root":"ٱلَّذِى"},{"Position":3,"AudioFileName":"004_019_003.mp3","TajweedImageFilePath":"4/19/3.png","Text":"ءَامَنُوا۟","Translation":"believe[d]","Transliteration":"āmanū","Root":"أ م ن"},{"Position":4,"AudioFileName":"004_019_004.mp3","TajweedImageFilePath":"4/19/4.png","Text":"لَا","Translation":"Not","Transliteration":"lā","Root":"ل ا"},{"Position":5,"AudioFileName":"004_019_005.mp3","TajweedImageFilePath":"4/19/5.png","Text":"يَحِلُّ","Translation":"(is) lawful","Transliteration":"yaḥillu","Root":"ح ل ل"},{"Position":6,"AudioFileName":"004_019_006.mp3","TajweedImageFilePath":"4/19/6.png","Text":"لَكُمْ","Translation":"for you","Transliteration":"lakum","Root":"ل"},{"Position":7,"AudioFileName":"004_019_007.mp3","TajweedImageFilePath":"4/19/7.png","Text":"أَن","Translation":"that","Transliteration":"an","Root":"ا ن"},{"Position":8,"AudioFileName":"004_019_008.mp3","TajweedImageFilePath":"4/19/8.png","Text":"تَرِثُوا۟","Translation":"you inherit","Transliteration":"tarithū","Root":"و ر ث"},{"Position":9,"AudioFileName":"004_019_009.mp3","TajweedImageFilePath":"4/19/9.png","Text":"ٱلنِّسَآءَ","Translation":"the women","Transliteration":"l-nisāa","Root":"ن س و"},{"Position":10,"AudioFileName":"004_019_010.mp3","TajweedImageFilePath":"4/19/10.png","Text":"كَرْهًۭا ۖ","Translation":"(by) force","Transliteration":"karhan","Root":"ك ر ه"},{"Position":11,"AudioFileName":"004_019_011.mp3","TajweedImageFilePath":"4/19/11.png","Text":"وَلَا","Translation":"And not","Transliteration":"walā","Root":"ل ا"},{"Position":12,"AudioFileName":"004_019_012.mp3","TajweedImageFilePath":"4/19/12.png","Text":"تَعْضُلُوهُنَّ","Translation":"you constraint them","Transliteration":"taʿḍulūhunna","Root":"ع ض ل"},{"Position":13,"AudioFileName":"004_019_013.mp3","TajweedImageFilePath":"4/19/13.png","Text":"لِتَذْهَبُوا۟","Translation":"so that you may take","Transliteration":"litadhhabū","Root":"ذ ه ب"},{"Position":14,"AudioFileName":"004_019_014.mp3","TajweedImageFilePath":"4/19/14.png","Text":"بِبَعْضِ","Translation":"a part","Transliteration":"bibaʿḍi","Root":"ب ع ض"},{"Position":15,"AudioFileName":"004_019_015.mp3","TajweedImageFilePath":"4/19/15.png","Text":"مَآ","Translation":"(of) what","Transliteration":"mā","Root":"م ا"},{"Position":16,"AudioFileName":"004_019_016.mp3","TajweedImageFilePath":"4/19/16.png","Text":"ءَاتَيْتُمُوهُنَّ","Translation":"you have given them","Transliteration":"ātaytumūhunna","Root":"أ ت ي"},{"Position":17,"AudioFileName":"004_019_017.mp3","TajweedImageFilePath":"4/19/17.png","Text":"إِلَّآ","Translation":"except","Transliteration":"illā","Root":"إِلَّا"},{"Position":18,"AudioFileName":"004_019_018.mp3","TajweedImageFilePath":"4/19/18.png","Text":"أَن","Translation":"that","Transliteration":"an","Root":"ا ن"},{"Position":19,"AudioFileName":"004_019_019.mp3","TajweedImageFilePath":"4/19/19.png","Text":"يَأْتِينَ","Translation":"they commit","Transliteration":"yatīna","Root":"أ ت ي"},{"Position":20,"AudioFileName":"004_019_020.mp3","TajweedImageFilePath":"4/19/20.png","Text":"بِفَـٰحِشَةٍۢ","Translation":"immorality","Transliteration":"bifāḥishatin","Root":"ف ح ش"},{"Position":21,"AudioFileName":"004_019_021.mp3","TajweedImageFilePath":"4/19/21.png","Text":"مُّبَيِّنَةٍۢ ۚ","Translation":"open","Transliteration":"mubayyinatin","Root":"ب ي ن"},{"Position":22,"AudioFileName":"004_019_022.mp3","TajweedImageFilePath":"4/19/22.png","Text":"وَعَاشِرُوهُنَّ","Translation":"And live with them","Transliteration":"waʿāshirūhunna","Root":"ع ش ر"},{"Position":23,"AudioFileName":"004_019_023.mp3","TajweedImageFilePath":"4/19/23.png","Text":"بِٱلْمَعْرُوفِ ۚ","Translation":"in kindness","Transliteration":"bil-maʿrūfi","Root":"ع ر ف"},{"Position":24,"AudioFileName":"004_019_024.mp3","TajweedImageFilePath":"4/19/24.png","Text":"فَإِن","Translation":"But if","Transliteration":"fa-in","Root":"ا ن"},{"Position":25,"AudioFileName":"004_019_025.mp3","TajweedImageFilePath":"4/19/25.png","Text":"كَرِهْتُمُوهُنَّ","Translation":"you dislike them","Transliteration":"karih'tumūhunna","Root":"ك ر ه"},{"Position":26,"AudioFileName":"004_019_026.mp3","TajweedImageFilePath":"4/19/26.png","Text":"فَعَسَىٰٓ","Translation":"then perhaps","Transliteration":"faʿasā","Root":"ع س ي"},{"Position":27,"AudioFileName":"004_019_027.mp3","TajweedImageFilePath":"4/19/27.png","Text":"أَن","Translation":"that","Transliteration":"an","Root":"ا ن"},{"Position":28,"AudioFileName":"004_019_028.mp3","TajweedImageFilePath":"4/19/28.png","Text":"تَكْرَهُوا۟","Translation":"you dislike","Transliteration":"takrahū","Root":"ك ر ه"},{"Position":29,"AudioFileName":"004_019_029.mp3","TajweedImageFilePath":"4/19/29.png","Text":"شَيْـًۭٔا","Translation":"a thing","Transliteration":"shayan","Root":"ش ي أ"},{"Position":30,"AudioFileName":"004_019_030.mp3","TajweedImageFilePath":"4/19/30.png","Text":"وَيَجْعَلَ","Translation":"and has placed","Transliteration":"wayajʿala","Root":"ج ع ل"},{"Position":31,"AudioFileName":"004_019_031.mp3","TajweedImageFilePath":"4/19/31.png","Text":"ٱللَّهُ","Translation":"Allah","Transliteration":"l-lahu","Root":"أ ل ه"},{"Position":32,"AudioFileName":"004_019_032.mp3","TajweedImageFilePath":"4/19/32.png","Text":"فِيهِ","Translation":"in it","Transliteration":"fīhi","Root":"ف ى"},{"Position":33,"AudioFileName":"004_019_033.mp3","TajweedImageFilePath":"4/19/33.png","Text":"خَيْرًۭا","Translation":"good","Transliteration":"khayran","Root":"خ ي ر"},{"Position":34,"AudioFileName":"004_019_034.mp3","TajweedImageFilePath":"4/19/34.png","Text":"كَثِيرًۭا","Translation":"much","Transliteration":"kathīran","Root":"ك ث ر"},{"Position":35,"AudioFileName":null,"TajweedImageFilePath":"19.png","Text":"١٩","Translation":"(19)","Transliteration":null,"Root":null}],"PageNumber":80,"JuzNumber":4,"ManzilNumber":1,"RukuNumber":64,"MaqraNumber":32,"HizbNumber":8,"HizbDecimal":0.75,"HasSajda":false},{"SurahNumber":4,"SurahIndex":"004","VerseNumber":20,"ShowSurahName":false,"ShowBismillah":false,"Words":[{"Position":1,"AudioFileName":"004_020_001.mp3","TajweedImageFilePath":"4/20/1.png","Text":"وَإِنْ","Translation":"And if","Transliteration":"wa-in","Root":"ا ن"},{"Position":2,"AudioFileName":"004_020_002.mp3","TajweedImageFilePath":"4/20/2.png","Text":"أَرَدتُّمُ","Translation":"you intend","Transliteration":"aradttumu","Root":"ر و د"},{"Position":3,"AudioFileName":"004_020_003.mp3","TajweedImageFilePath":"4/20/3.png","Text":"ٱسْتِبْدَالَ","Translation":"replacing","Transliteration":"is'tib'dāla","Root":"ب د ل"},{"Position":4,"AudioFileName":"004_020_004.mp3","TajweedImageFilePath":"4/20/4.png","Text":"زَوْجٍۢ","Translation":"a wife","Transliteration":"zawjin","Root":"ز و ج"},{"Position":5,"AudioFileName":"004_020_005.mp3","TajweedImageFilePath":"4/20/5.png","Text":"مَّكَانَ","Translation":"(in) place","Transliteration":"makāna","Root":"ك و ن"},{"Position":6,"AudioFileName":"004_020_006.mp3","TajweedImageFilePath":"4/20/6.png","Text":"زَوْجٍۢ","Translation":"(of) a wife","Transliteration":"zawjin","Root":"ز و ج"},{"Position":7,"AudioFileName":"004_020_007.mp3","TajweedImageFilePath":"4/20/7.png","Text":"وَءَاتَيْتُمْ","Translation":"and you have given","Transliteration":"waātaytum","Root":"أ ت ي"},{"Position":8,"AudioFileName":"004_020_008.mp3","TajweedImageFilePath":"4/20/8.png","Text":"إِحْدَىٰهُنَّ","Translation":"one of them","Transliteration":"iḥ'dāhunna","Root":"أ ح د"},{"Position":9,"AudioFileName":"004_020_009.mp3","TajweedImageFilePath":"4/20/9.png","Text":"قِنطَارًۭا","Translation":"heap (of gold)","Transliteration":"qinṭāran","Root":"ق ن ط ر"},{"Position":10,"AudioFileName":"004_020_010.mp3","TajweedImageFilePath":"4/20/10.png","Text":"فَلَا","Translation":"then (do) not","Transliteration":"falā","Root":"ل ا"},{"Position":11,"AudioFileName":"004_020_011.mp3","TajweedImageFilePath":"4/20/11.png","Text":"تَأْخُذُوا۟","Translation":"take away","Transliteration":"takhudhū","Root":"أ خ ذ"},{"Position":12,"AudioFileName":"004_020_012.mp3","TajweedImageFilePath":"4/20/12.png","Text":"مِنْهُ","Translation":"from it","Transliteration":"min'hu","Root":"م ن"},{"Position":13,"AudioFileName":"004_020_013.mp3","TajweedImageFilePath":"4/20/13.png","Text":"شَيْـًٔا ۚ","Translation":"anything","Transliteration":"shayan","Root":"ش ي أ"},{"Position":14,"AudioFileName":"004_020_014.mp3","TajweedImageFilePath":"4/20/14.png","Text":"أَتَأْخُذُونَهُۥ","Translation":"Would you take it","Transliteration":"atakhudhūnahu","Root":"أ خ ذ"},{"Position":15,"AudioFileName":"004_020_015.mp3","TajweedImageFilePath":"4/20/15.png","Text":"بُهْتَـٰنًۭا","Translation":"(by) slander","Transliteration":"buh'tānan","Root":"ب ه ت"},{"Position":16,"AudioFileName":"004_020_016.mp3","TajweedImageFilePath":"4/20/16.png","Text":"وَإِثْمًۭا","Translation":"and a sin","Transliteration":"wa-ith'man","Root":"أ ث م"},{"Position":17,"AudioFileName":"004_020_017.mp3","TajweedImageFilePath":"4/20/17.png","Text":"مُّبِينًۭا","Translation":"open","Transliteration":"mubīnan","Root":"ب ي ن"},{"Position":18,"AudioFileName":null,"TajweedImageFilePath":"20.png","Text":"٢٠","Translation":"(20)","Transliteration":null,"Root":null}],"PageNumber":81,"JuzNumber":4,"ManzilNumber":1,"RukuNumber":64,"MaqraNumber":32,"HizbNumber":8,"HizbDecimal":0.75,"HasSajda":false},{"SurahNumber":4,"SurahIndex":"004","VerseNumber":21,"ShowSurahName":false,"ShowBismillah":false,"Words":[{"Position":1,"AudioFileName":"004_021_001.mp3","TajweedImageFilePath":"4/21/1.png","Text":"وَكَيْفَ","Translation":"And how","Transliteration":"wakayfa","Root":"ك ي ف"},{"Position":2,"AudioFileName":"004_021_002.mp3","TajweedImageFilePath":"4/21/2.png","Text":"تَأْخُذُونَهُۥ","Translation":"could you take it","Transliteration":"takhudhūnahu","Root":"أ خ ذ"},{"Position":3,"AudioFileName":"004_021_003.mp3","TajweedImageFilePath":"4/21/3.png","Text":"وَقَدْ","Translation":"when surely","Transliteration":"waqad","Root":"ق د"},{"Position":4,"AudioFileName":"004_021_004.mp3","TajweedImageFilePath":"4/21/4.png","Text":"أَفْضَىٰ","Translation":"has gone ","Transliteration":"afḍā","Root":"ف ض و"},{"Position":5,"AudioFileName":"004_021_005.mp3","TajweedImageFilePath":"4/21/5.png","Text":"بَعْضُكُمْ","Translation":"one of you","Transliteration":"baʿḍukum","Root":"ب ع ض"},{"Position":6,"AudioFileName":"004_021_006.mp3","TajweedImageFilePath":"4/21/6.png","Text":"إِلَىٰ","Translation":"to","Transliteration":"ilā","Root":"إِلَىٰ"},{"Position":7,"AudioFileName":"004_021_007.mp3","TajweedImageFilePath":"4/21/7.png","Text":"بَعْضٍۢ","Translation":"another","Transliteration":"baʿḍin","Root":"ب ع ض"},{"Position":8,"AudioFileName":"004_021_008.mp3","TajweedImageFilePath":"4/21/8.png","Text":"وَأَخَذْنَ","Translation":"and they have taken","Transliteration":"wa-akhadhna","Root":"أ خ ذ"},{"Position":9,"AudioFileName":"004_021_009.mp3","TajweedImageFilePath":"4/21/9.png","Text":"مِنكُم","Translation":"from you","Transliteration":"minkum","Root":"م ن"},{"Position":10,"AudioFileName":"004_021_010.mp3","TajweedImageFilePath":"4/21/10.png","Text":"مِّيثَـٰقًا","Translation":"covenant","Transliteration":"mīthāqan","Root":"و ث ق"},{"Position":11,"AudioFileName":"004_021_011.mp3","TajweedImageFilePath":"4/21/11.png","Text":"غَلِيظًۭا","Translation":"strong","Transliteration":"ghalīẓan","Root":"غ ل ظ"},{"Position":12,"AudioFileName":null,"TajweedImageFilePath":"21.png","Text":"٢١","Translation":"(21)","Transliteration":null,"Root":null}],"PageNumber":81,"JuzNumber":4,"ManzilNumber":1,"RukuNumber":64,"MaqraNumber":32,"HizbNumber":8,"HizbDecimal":0.75,"HasSajda":false},{"SurahNumber":4,"SurahIndex":"004","VerseNumber":22,"ShowSurahName":false,"ShowBismillah":false,"Words":[{"Position":1,"AudioFileName":"004_022_001.mp3","TajweedImageFilePath":"4/22/1.png","Text":"وَلَا","Translation":"And (do) not","Transliteration":"walā","Root":"ل ا"},{"Position":2,"AudioFileName":"004_022_002.mp3","TajweedImageFilePath":"4/22/2.png","Text":"تَنكِحُوا۟","Translation":"marry","Transliteration":"tankiḥū","Root":"ن ك ح"},{"Position":3,"AudioFileName":"004_022_003.mp3","TajweedImageFilePath":"4/22/3.png","Text":"مَا","Translation":"whom","Transliteration":"mā","Root":"م ا"},{"Position":4,"AudioFileName":"004_022_004.mp3","TajweedImageFilePath":"4/22/4.png","Text":"نَكَحَ","Translation":"married","Transliteration":"nakaḥa","Root":"ن ك ح"},{"Position":5,"AudioFileName":"004_022_005.mp3","TajweedImageFilePath":"4/22/5.png","Text":"ءَابَآؤُكُم","Translation":"your fathers","Transliteration":"ābāukum","Root":"أ ب و"},{"Position":6,"AudioFileName":"004_022_006.mp3","TajweedImageFilePath":"4/22/6.png","Text":"مِّنَ","Translation":"of","Transliteration":"mina","Root":"م ن"},{"Position":7,"AudioFileName":"004_022_007.mp3","TajweedImageFilePath":"4/22/7.png","Text":"ٱلنِّسَآءِ","Translation":"the women","Transliteration":"l-nisāi","Root":"ن س و"},{"Position":8,"AudioFileName":"004_022_008.mp3","TajweedImageFilePath":"4/22/8.png","Text":"إِلَّا","Translation":"except","Transliteration":"illā","Root":"إِلَّا"},{"Position":9,"AudioFileName":"004_022_009.mp3","TajweedImageFilePath":"4/22/9.png","Text":"مَا","Translation":"what","Transliteration":"mā","Root":"م ا"},{"Position":10,"AudioFileName":"004_022_010.mp3","TajweedImageFilePath":"4/22/10.png","Text":"قَدْ","Translation":"has","Transliteration":"qad","Root":"ق د"},{"Position":11,"AudioFileName":"004_022_011.mp3","TajweedImageFilePath":"4/22/11.png","Text":"سَلَفَ ۚ","Translation":"passed before","Transliteration":"salafa","Root":"س ل ف"},{"Position":12,"AudioFileName":"004_022_012.mp3","TajweedImageFilePath":"4/22/12.png","Text":"إِنَّهُۥ","Translation":"indeed it","Transliteration":"innahu","Root":"ا ن ن"},{"Position":13,"AudioFileName":"004_022_013.mp3","TajweedImageFilePath":"4/22/13.png","Text":"كَانَ","Translation":"was","Transliteration":"kāna","Root":"ك و ن"},{"Position":14,"AudioFileName":"004_022_014.mp3","TajweedImageFilePath":"4/22/14.png","Text":"فَـٰحِشَةًۭ","Translation":"an immorality","Transliteration":"fāḥishatan","Root":"ف ح ش"},{"Position":15,"AudioFileName":"004_022_015.mp3","TajweedImageFilePath":"4/22/15.png","Text":"وَمَقْتًۭا","Translation":"and hateful","Transliteration":"wamaqtan","Root":"م ق ت"},{"Position":16,"AudioFileName":"004_022_016.mp3","TajweedImageFilePath":"4/22/16.png","Text":"وَسَآءَ","Translation":"and (an) evil","Transliteration":"wasāa","Root":"س و أ"},{"Position":17,"AudioFileName":"004_022_017.mp3","TajweedImageFilePath":"4/22/17.png","Text":"سَبِيلًا","Translation":"way","Transliteration":"sabīlan","Root":"س ب ل"},{"Position":18,"AudioFileName":null,"TajweedImageFilePath":"22.png","Text":"٢٢","Translation":"(22)","Transliteration":null,"Root":null}],"PageNumber":81,"JuzNumber":4,"ManzilNumber":1,"RukuNumber":64,"MaqraNumber":32,"HizbNumber":8,"HizbDecimal":0.75,"HasSajda":false},{"SurahNumber":4,"SurahIndex":"004","VerseNumber":23,"ShowSurahName":false,"ShowBismillah":false,"Words":[{"Position":1,"AudioFileName":"004_023_001.mp3","TajweedImageFilePath":"4/23/1.png","Text":"حُرِّمَتْ","Translation":"Forbidden","Transliteration":"ḥurrimat","Root":"ح ر م"},{"Position":2,"AudioFileName":"004_023_002.mp3","TajweedImageFilePath":"4/23/2.png","Text":"عَلَيْكُمْ","Translation":"to you","Transliteration":"ʿalaykum","Root":"ع ل ى"},{"Position":3,"AudioFileName":"004_023_003.mp3","TajweedImageFilePath":"4/23/3.png","Text":"أُمَّهَـٰتُكُمْ","Translation":"(are) your mothers","Transliteration":"ummahātukum","Root":"أ م م"},{"Position":4,"AudioFileName":"004_023_004.mp3","TajweedImageFilePath":"4/23/4.png","Text":"وَبَنَاتُكُمْ","Translation":"and your daughters","Transliteration":"wabanātukum","Root":"ب ن ي"},{"Position":5,"AudioFileName":"004_023_005.mp3","TajweedImageFilePath":"4/23/5.png","Text":"وَأَخَوَٰتُكُمْ","Translation":"and your sisters","Transliteration":"wa-akhawātukum","Root":"أ خ و"},{"Position":6,"AudioFileName":"004_023_006.mp3","TajweedImageFilePath":"4/23/6.png","Text":"وَعَمَّـٰتُكُمْ","Translation":"and your father's sisters","Transliteration":"waʿammātukum","Root":"ع م م"},{"Position":7,"AudioFileName":"004_023_007.mp3","TajweedImageFilePath":"4/23/7.png","Text":"وَخَـٰلَـٰتُكُمْ","Translation":"and your mother's sisters","Transliteration":"wakhālātukum","Root":"خ و ل"},{"Position":8,"AudioFileName":"004_023_008.mp3","TajweedImageFilePath":"4/23/8.png","Text":"وَبَنَاتُ","Translation":"and daughters","Transliteration":"wabanātu","Root":"ب ن ي"},{"Position":9,"AudioFileName":"004_023_009.mp3","TajweedImageFilePath":"4/23/9.png","Text":"ٱلْأَخِ","Translation":"(of) brothers","Transliteration":"l-akhi","Root":"أ خ و"},{"Position":10,"AudioFileName":"004_023_010.mp3","TajweedImageFilePath":"4/23/10.png","Text":"وَبَنَاتُ","Translation":"and daughters","Transliteration":"wabanātu","Root":"ب ن ي"},{"Position":11,"AudioFileName":"004_023_011.mp3","TajweedImageFilePath":"4/23/11.png","Text":"ٱلْأُخْتِ","Translation":"(of) sisters","Transliteration":"l-ukh'ti","Root":"أ خ و"},{"Position":12,"AudioFileName":"004_023_012.mp3","TajweedImageFilePath":"4/23/12.png","Text":"وَأُمَّهَـٰتُكُمُ","Translation":"and (the) mothers","Transliteration":"wa-ummahātukumu","Root":"أ م م"},{"Position":13,"AudioFileName":"004_023_013.mp3","TajweedImageFilePath":"4/23/13.png","Text":"ٱلَّـٰتِىٓ","Translation":"who","Transliteration":"allātī","Root":"ٱلَّذِى"},{"Position":14,"AudioFileName":"004_023_014.mp3","TajweedImageFilePath":"4/23/14.png","Text":"أَرْضَعْنَكُمْ","Translation":"nursed you","Transliteration":"arḍaʿnakum","Root":"ر ض ع"},{"Position":15,"AudioFileName":"004_023_015.mp3","TajweedImageFilePath":"4/23/15.png","Text":"وَأَخَوَٰتُكُم","Translation":"and your sisters","Transliteration":"wa-akhawātukum","Root":"أ خ و"},{"Position":16,"AudioFileName":"004_023_016.mp3","TajweedImageFilePath":"4/23/16.png","Text":"مِّنَ","Translation":"from","Transliteration":"mina","Root":"م ن"},{"Position":17,"AudioFileName":"004_023_017.mp3","TajweedImageFilePath":"4/23/17.png","Text":"ٱلرَّضَـٰعَةِ","Translation":"the nursing","Transliteration":"l-raḍāʿati","Root":"ر ض ع"},{"Position":18,"AudioFileName":"004_023_018.mp3","TajweedImageFilePath":"4/23/18.png","Text":"وَأُمَّهَـٰتُ","Translation":"and mothers","Transliteration":"wa-ummahātu","Root":"أ م م"},{"Position":19,"AudioFileName":"004_023_019.mp3","TajweedImageFilePath":"4/23/19.png","Text":"نِسَآئِكُمْ","Translation":"(of) your wives","Transliteration":"nisāikum","Root":"ن س و"},{"Position":20,"AudioFileName":"004_023_020.mp3","TajweedImageFilePath":"4/23/20.png","Text":"وَرَبَـٰٓئِبُكُمُ","Translation":"and your step daughters","Transliteration":"warabāibukumu","Root":"ر ب ب"},{"Position":21,"AudioFileName":"004_023_021.mp3","TajweedImageFilePath":"4/23/21.png","Text":"ٱلَّـٰتِى","Translation":"who","Transliteration":"allātī","Root":"ٱلَّذِى"},{"Position":22,"AudioFileName":"004_023_022.mp3","TajweedImageFilePath":"4/23/22.png","Text":"فِى","Translation":"(are) in","Transliteration":"fī","Root":"ف ى"},{"Position":23,"AudioFileName":"004_023_023.mp3","TajweedImageFilePath":"4/23/23.png","Text":"حُجُورِكُم","Translation":"your guardianship","Transliteration":"ḥujūrikum","Root":"ح ج ر"},{"Position":24,"AudioFileName":"004_023_024.mp3","TajweedImageFilePath":"4/23/24.png","Text":"مِّن","Translation":"of","Transliteration":"min","Root":"م ن"},{"Position":25,"AudioFileName":"004_023_025.mp3","TajweedImageFilePath":"4/23/25.png","Text":"نِّسَآئِكُمُ","Translation":"your women","Transliteration":"nisāikumu","Root":"ن س و"},{"Position":26,"AudioFileName":"004_023_026.mp3","TajweedImageFilePath":"4/23/26.png","Text":"ٱلَّـٰتِى","Translation":"whom","Transliteration":"allātī","Root":"ٱلَّذِى"},{"Position":27,"AudioFileName":"004_023_027.mp3","TajweedImageFilePath":"4/23/27.png","Text":"دَخَلْتُم","Translation":"you had relations","Transliteration":"dakhaltum","Root":"د خ ل"},{"Position":28,"AudioFileName":"004_023_028.mp3","TajweedImageFilePath":"4/23/28.png","Text":"بِهِنَّ","Translation":"with them","Transliteration":"bihinna","Root":"ب"},{"Position":29,"AudioFileName":"004_023_029.mp3","TajweedImageFilePath":"4/23/29.png","Text":"فَإِن","Translation":"but if","Transliteration":"fa-in","Root":"ا ن"},{"Position":30,"AudioFileName":"004_023_030.mp3","TajweedImageFilePath":"4/23/30.png","Text":"لَّمْ","Translation":"not","Transliteration":"lam","Root":"ل م"},{"Position":31,"AudioFileName":"004_023_031.mp3","TajweedImageFilePath":"4/23/31.png","Text":"تَكُونُوا۟","Translation":"you had","Transliteration":"takūnū","Root":"ك و ن"},{"Position":32,"AudioFileName":"004_023_032.mp3","TajweedImageFilePath":"4/23/32.png","Text":"دَخَلْتُم","Translation":"relations","Transliteration":"dakhaltum","Root":"د خ ل"},{"Position":33,"AudioFileName":"004_023_033.mp3","TajweedImageFilePath":"4/23/33.png","Text":"بِهِنَّ","Translation":"with them","Transliteration":"bihinna","Root":"ب"},{"Position":34,"AudioFileName":"004_023_034.mp3","TajweedImageFilePath":"4/23/34.png","Text":"فَلَا","Translation":"then (there is) no","Transliteration":"falā","Root":"ل ا"},{"Position":35,"AudioFileName":"004_023_035.mp3","TajweedImageFilePath":"4/23/35.png","Text":"جُنَاحَ","Translation":"sin","Transliteration":"junāḥa","Root":"ج ن ح"},{"Position":36,"AudioFileName":"004_023_036.mp3","TajweedImageFilePath":"4/23/36.png","Text":"عَلَيْكُمْ","Translation":"on you","Transliteration":"ʿalaykum","Root":"ع ل ى"},{"Position":37,"AudioFileName":"004_023_037.mp3","TajweedImageFilePath":"4/23/37.png","Text":"وَحَلَـٰٓئِلُ","Translation":"And wives","Transliteration":"waḥalāilu","Root":"ح ل ل"},{"Position":38,"AudioFileName":"004_023_038.mp3","TajweedImageFilePath":"4/23/38.png","Text":"أَبْنَآئِكُمُ","Translation":"(of) your sons","Transliteration":"abnāikumu","Root":"ب ن ي"},{"Position":39,"AudioFileName":"004_023_039.mp3","TajweedImageFilePath":"4/23/39.png","Text":"ٱلَّذِينَ","Translation":"those who","Transliteration":"alladhīna","Root":"ٱلَّذِى"},{"Position":40,"AudioFileName":"004_023_040.mp3","TajweedImageFilePath":"4/23/40.png","Text":"مِنْ","Translation":"(are) from","Transliteration":"min","Root":"م ن"},{"Position":41,"AudioFileName":"004_023_041.mp3","TajweedImageFilePath":"4/23/41.png","Text":"أَصْلَـٰبِكُمْ","Translation":"your loins","Transliteration":"aṣlābikum","Root":"ص ل ب"},{"Position":42,"AudioFileName":"004_023_042.mp3","TajweedImageFilePath":"4/23/42.png","Text":"وَأَن","Translation":"and that","Transliteration":"wa-an","Root":"ا ن"},{"Position":43,"AudioFileName":"004_023_043.mp3","TajweedImageFilePath":"4/23/43.png","Text":"تَجْمَعُوا۟","Translation":"you gather together","Transliteration":"tajmaʿū","Root":"ج م ع"},{"Position":44,"AudioFileName":"004_023_044.mp3","TajweedImageFilePath":"4/23/44.png","Text":"بَيْنَ","Translation":"[between]","Transliteration":"bayna","Root":"ب ي ن"},{"Position":45,"AudioFileName":"004_023_045.mp3","TajweedImageFilePath":"4/23/45.png","Text":"ٱلْأُخْتَيْنِ","Translation":"two sisters","Transliteration":"l-ukh'tayni","Root":"أ خ و"},{"Position":46,"AudioFileName":"004_023_046.mp3","TajweedImageFilePath":"4/23/46.png","Text":"إِلَّا","Translation":"except","Transliteration":"illā","Root":"إِلَّا"},{"Position":47,"AudioFileName":"004_023_047.mp3","TajweedImageFilePath":"4/23/47.png","Text":"مَا","Translation":"what","Transliteration":"mā","Root":"م ا"},{"Position":48,"AudioFileName":"004_023_048.mp3","TajweedImageFilePath":"4/23/48.png","Text":"قَدْ","Translation":"has","Transliteration":"qad","Root":"ق د"},{"Position":49,"AudioFileName":"004_023_049.mp3","TajweedImageFilePath":"4/23/49.png","Text":"سَلَفَ ۗ","Translation":"passed before","Transliteration":"salafa","Root":"س ل ف"},{"Position":50,"AudioFileName":"004_023_050.mp3","TajweedImageFilePath":"4/23/50.png","Text":"إِنَّ","Translation":"Indeed","Transliteration":"inna","Root":"ا ن ن"},{"Position":51,"AudioFileName":"004_023_051.mp3","TajweedImageFilePath":"4/23/51.png","Text":"ٱللَّهَ","Translation":"Allah","Transliteration":"l-laha","Root":"أ ل ه"},{"Position":52,"AudioFileName":"004_023_052.mp3","TajweedImageFilePath":"4/23/52.png","Text":"كَانَ","Translation":"is","Transliteration":"kāna","Root":"ك و ن"},{"Position":53,"AudioFileName":"004_023_053.mp3","TajweedImageFilePath":"4/23/53.png","Text":"غَفُورًۭا","Translation":"Oft-Forgiving","Transliteration":"ghafūran","Root":"غ ف ر"},{"Position":54,"AudioFileName":"004_023_054.mp3","TajweedImageFilePath":"4/23/54.png","Text":"رَّحِيمًۭا","Translation":"Most-Merciful","Transliteration":"raḥīman","Root":"ر ح م"},{"Position":55,"AudioFileName":null,"TajweedImageFilePath":"23.png","Text":"٢٣","Translation":"(23)","Transliteration":null,"Root":null}],"PageNumber":81,"JuzNumber":4,"ManzilNumber":1,"RukuNumber":65,"MaqraNumber":32,"HizbNumber":8,"HizbDecimal":0.75,"HasSajda":false}]}