{"MaqraNumber":23,"Verses":[{"SurahNumber":3,"SurahIndex":"003","VerseNumber":52,"ShowSurahName":false,"ShowBismillah":false,"Words":[{"Position":1,"AudioFileName":"003_052_001.mp3","TajweedImageFilePath":"3/52/1.png","Text":"۞ فَلَمَّآ","Translation":"Then when","Transliteration":"falammā"},{"Position":2,"AudioFileName":"003_052_002.mp3","TajweedImageFilePath":"3/52/2.png","Text":"أَحَسَّ","Translation":"perceived","Transliteration":"aḥassa"},{"Position":3,"AudioFileName":"003_052_003.mp3","TajweedImageFilePath":"3/52/3.png","Text":"عِيسَىٰ","Translation":"Isa","Transliteration":"ʿīsā"},{"Position":4,"AudioFileName":"003_052_004.mp3","TajweedImageFilePath":"3/52/4.png","Text":"مِنْهُمُ","Translation":"from them","Transliteration":"min'humu"},{"Position":5,"AudioFileName":"003_052_005.mp3","TajweedImageFilePath":"3/52/5.png","Text":"ٱلْكُفْرَ","Translation":"[the] disbelief","Transliteration":"l-kuf'ra"},{"Position":6,"AudioFileName":"003_052_006.mp3","TajweedImageFilePath":"3/52/6.png","Text":"قَالَ","Translation":"he said","Transliteration":"qāla"},{"Position":7,"AudioFileName":"003_052_007.mp3","TajweedImageFilePath":"3/52/7.png","Text":"مَنْ","Translation":"Who","Transliteration":"man"},{"Position":8,"AudioFileName":"003_052_008.mp3","TajweedImageFilePath":"3/52/8.png","Text":"أَنصَارِىٓ","Translation":"(will be) my helpers","Transliteration":"anṣārī"},{"Position":9,"AudioFileName":"003_052_009.mp3","TajweedImageFilePath":"3/52/9.png","Text":"إِلَى","Translation":"to","Transliteration":"ilā"},{"Position":10,"AudioFileName":"003_052_010.mp3","TajweedImageFilePath":"3/52/10.png","Text":"ٱللَّهِ ۖ","Translation":"Allah","Transliteration":"l-lahi"},{"Position":11,"AudioFileName":"003_052_011.mp3","TajweedImageFilePath":"3/52/11.png","Text":"قَالَ","Translation":"Said","Transliteration":"qāla"},{"Position":12,"AudioFileName":"003_052_012.mp3","TajweedImageFilePath":"3/52/12.png","Text":"ٱلْحَوَارِيُّونَ","Translation":"the disciples","Transliteration":"l-ḥawāriyūna"},{"Position":13,"AudioFileName":"003_052_013.mp3","TajweedImageFilePath":"3/52/13.png","Text":"نَحْنُ","Translation":"We","Transliteration":"naḥnu"},{"Position":14,"AudioFileName":"003_052_014.mp3","TajweedImageFilePath":"3/52/14.png","Text":"أَنصَارُ","Translation":"(will be the) helpers","Transliteration":"anṣāru"},{"Position":15,"AudioFileName":"003_052_015.mp3","TajweedImageFilePath":"3/52/15.png","Text":"ٱللَّهِ","Translation":"(of) Allah","Transliteration":"l-lahi"},{"Position":16,"AudioFileName":"003_052_016.mp3","TajweedImageFilePath":"3/52/16.png","Text":"ءَامَنَّا","Translation":"we believe[d]","Transliteration":"āmannā"},{"Position":17,"AudioFileName":"003_052_017.mp3","TajweedImageFilePath":"3/52/17.png","Text":"بِٱللَّهِ","Translation":"in Allah","Transliteration":"bil-lahi"},{"Position":18,"AudioFileName":"003_052_018.mp3","TajweedImageFilePath":"3/52/18.png","Text":"وَٱشْهَدْ","Translation":"and bear witness","Transliteration":"wa-ish'had"},{"Position":19,"AudioFileName":"003_052_019.mp3","TajweedImageFilePath":"3/52/19.png","Text":"بِأَنَّا","Translation":"that we","Transliteration":"bi-annā"},{"Position":20,"AudioFileName":"003_052_020.mp3","TajweedImageFilePath":"3/52/20.png","Text":"مُسْلِمُونَ","Translation":"(are) Muslims","Transliteration":"mus'limūna"},{"Position":21,"AudioFileName":null,"TajweedImageFilePath":"52.png","Text":"٥٢","Translation":"(52)","Transliteration":null}],"PageNumber":56,"JuzNumber":3,"ManzilNumber":1,"RukuNumber":46,"MaqraNumber":23,"HizbNumber":6,"HizbDecimal":0.5,"HasSajda":false},{"SurahNumber":3,"SurahIndex":"003","VerseNumber":53,"ShowSurahName":false,"ShowBismillah":false,"Words":[{"Position":1,"AudioFileName":"003_053_001.mp3","TajweedImageFilePath":"3/53/1.png","Text":"رَبَّنَآ","Translation":"Our Lord","Transliteration":"rabbanā"},{"Position":2,"AudioFileName":"003_053_002.mp3","TajweedImageFilePath":"3/53/2.png","Text":"ءَامَنَّا","Translation":"we believe[d]","Transliteration":"āmannā"},{"Position":3,"AudioFileName":"003_053_003.mp3","TajweedImageFilePath":"3/53/3.png","Text":"بِمَآ","Translation":"in what","Transliteration":"bimā"},{"Position":4,"AudioFileName":"003_053_004.mp3","TajweedImageFilePath":"3/53/4.png","Text":"أَنزَلْتَ","Translation":"You revealed","Transliteration":"anzalta"},{"Position":5,"AudioFileName":"003_053_005.mp3","TajweedImageFilePath":"3/53/5.png","Text":"وَٱتَّبَعْنَا","Translation":"and we follow[ed]","Transliteration":"wa-ittabaʿnā"},{"Position":6,"AudioFileName":"003_053_006.mp3","TajweedImageFilePath":"3/53/6.png","Text":"ٱلرَّسُولَ","Translation":"the Messenger","Transliteration":"l-rasūla"},{"Position":7,"AudioFileName":"003_053_007.mp3","TajweedImageFilePath":"3/53/7.png","Text":"فَٱكْتُبْنَا","Translation":"then write us","Transliteration":"fa-uk'tub'nā"},{"Position":8,"AudioFileName":"003_053_008.mp3","TajweedImageFilePath":"3/53/8.png","Text":"مَعَ","Translation":"among","Transliteration":"maʿa"},{"Position":9,"AudioFileName":"003_053_009.mp3","TajweedImageFilePath":"3/53/9.png","Text":"ٱلشَّـٰهِدِينَ","Translation":"the witnesses","Transliteration":"l-shāhidīna"},{"Position":10,"AudioFileName":null,"TajweedImageFilePath":"53.png","Text":"٥٣","Translation":"(53)","Transliteration":null}],"PageNumber":57,"JuzNumber":3,"ManzilNumber":1,"RukuNumber":46,"MaqraNumber":23,"HizbNumber":6,"HizbDecimal":0.5,"HasSajda":false},{"SurahNumber":3,"SurahIndex":"003","VerseNumber":54,"ShowSurahName":false,"ShowBismillah":false,"Words":[{"Position":1,"AudioFileName":"003_054_001.mp3","TajweedImageFilePath":"3/54/1.png","Text":"وَمَكَرُوا۟","Translation":"And they schemed","Transliteration":"wamakarū"},{"Position":2,"AudioFileName":"003_054_002.mp3","TajweedImageFilePath":"3/54/2.png","Text":"وَمَكَرَ","Translation":"and planned","Transliteration":"wamakara"},{"Position":3,"AudioFileName":"003_054_003.mp3","TajweedImageFilePath":"3/54/3.png","Text":"ٱللَّهُ ۖ","Translation":"Allah","Transliteration":"l-lahu"},{"Position":4,"AudioFileName":"003_054_004.mp3","TajweedImageFilePath":"3/54/4.png","Text":"وَٱللَّهُ","Translation":"And Allah","Transliteration":"wal-lahu"},{"Position":5,"AudioFileName":"003_054_005.mp3","TajweedImageFilePath":"3/54/5.png","Text":"خَيْرُ","Translation":"(is the) best","Transliteration":"khayru"},{"Position":6,"AudioFileName":"003_054_006.mp3","TajweedImageFilePath":"3/54/6.png","Text":"ٱلْمَـٰكِرِينَ","Translation":"(of) the planners","Transliteration":"l-mākirīna"},{"Position":7,"AudioFileName":null,"TajweedImageFilePath":"54.png","Text":"٥٤","Translation":"(54)","Transliteration":null}],"PageNumber":57,"JuzNumber":3,"ManzilNumber":1,"RukuNumber":46,"MaqraNumber":23,"HizbNumber":6,"HizbDecimal":0.5,"HasSajda":false},{"SurahNumber":3,"SurahIndex":"003","VerseNumber":55,"ShowSurahName":false,"ShowBismillah":false,"Words":[{"Position":1,"AudioFileName":"003_055_001.mp3","TajweedImageFilePath":"3/55/1.png","Text":"إِذْ","Translation":"When","Transliteration":"idh"},{"Position":2,"AudioFileName":"003_055_002.mp3","TajweedImageFilePath":"3/55/2.png","Text":"قَالَ","Translation":"said","Transliteration":"qāla"},{"Position":3,"AudioFileName":"003_055_003.mp3","TajweedImageFilePath":"3/55/3.png","Text":"ٱللَّهُ","Translation":"Allah","Transliteration":"l-lahu"},{"Position":4,"AudioFileName":"003_055_004.mp3","TajweedImageFilePath":"3/55/4.png","Text":"يَـٰعِيسَىٰٓ","Translation":"O Isa","Transliteration":"yāʿīsā"},{"Position":5,"AudioFileName":"003_055_005.mp3","TajweedImageFilePath":"3/55/5.png","Text":"إِنِّى","Translation":"Indeed, I","Transliteration":"innī"},{"Position":6,"AudioFileName":"003_055_006.mp3","TajweedImageFilePath":"3/55/6.png","Text":"مُتَوَفِّيكَ","Translation":"(will) take you","Transliteration":"mutawaffīka"},{"Position":7,"AudioFileName":"003_055_007.mp3","TajweedImageFilePath":"3/55/7.png","Text":"وَرَافِعُكَ","Translation":"and raise you","Transliteration":"warāfiʿuka"},{"Position":8,"AudioFileName":"003_055_008.mp3","TajweedImageFilePath":"3/55/8.png","Text":"إِلَىَّ","Translation":"to Myself","Transliteration":"ilayya"},{"Position":9,"AudioFileName":"003_055_009.mp3","TajweedImageFilePath":"3/55/9.png","Text":"وَمُطَهِّرُكَ","Translation":"and purify you","Transliteration":"wamuṭahhiruka"},{"Position":10,"AudioFileName":"003_055_010.mp3","TajweedImageFilePath":"3/55/10.png","Text":"مِنَ","Translation":"from","Transliteration":"mina"},{"Position":11,"AudioFileName":"003_055_011.mp3","TajweedImageFilePath":"3/55/11.png","Text":"ٱلَّذِينَ","Translation":"those who","Transliteration":"alladhīna"},{"Position":12,"AudioFileName":"003_055_012.mp3","TajweedImageFilePath":"3/55/12.png","Text":"كَفَرُوا۟","Translation":"disbelieve[d]","Transliteration":"kafarū"},{"Position":13,"AudioFileName":"003_055_013.mp3","TajweedImageFilePath":"3/55/13.png","Text":"وَجَاعِلُ","Translation":"and I will make","Transliteration":"wajāʿilu"},{"Position":14,"AudioFileName":"003_055_014.mp3","TajweedImageFilePath":"3/55/14.png","Text":"ٱلَّذِينَ","Translation":"those who","Transliteration":"alladhīna"},{"Position":15,"AudioFileName":"003_055_015.mp3","TajweedImageFilePath":"3/55/15.png","Text":"ٱتَّبَعُوكَ","Translation":"follow[ed] you","Transliteration":"ittabaʿūka"},{"Position":16,"AudioFileName":"003_055_016.mp3","TajweedImageFilePath":"3/55/16.png","Text":"فَوْقَ","Translation":"superior","Transliteration":"fawqa"},{"Position":17,"AudioFileName":"003_055_017.mp3","TajweedImageFilePath":"3/55/17.png","Text":"ٱلَّذِينَ","Translation":"(to) those who","Transliteration":"alladhīna"},{"Position":18,"AudioFileName":"003_055_018.mp3","TajweedImageFilePath":"3/55/18.png","Text":"كَفَرُوٓا۟","Translation":"disbelieve[d]","Transliteration":"kafarū"},{"Position":19,"AudioFileName":"003_055_019.mp3","TajweedImageFilePath":"3/55/19.png","Text":"إِلَىٰ","Translation":"on","Transliteration":"ilā"},{"Position":20,"AudioFileName":"003_055_020.mp3","TajweedImageFilePath":"3/55/20.png","Text":"يَوْمِ","Translation":"(the) Day","Transliteration":"yawmi"},{"Position":21,"AudioFileName":"003_055_021.mp3","TajweedImageFilePath":"3/55/21.png","Text":"ٱلْقِيَـٰمَةِ ۖ","Translation":"(of) [the] Resurrection","Transliteration":"l-qiyāmati"},{"Position":22,"AudioFileName":"003_055_022.mp3","TajweedImageFilePath":"3/55/22.png","Text":"ثُمَّ","Translation":"Then","Transliteration":"thumma"},{"Position":23,"AudioFileName":"003_055_023.mp3","TajweedImageFilePath":"3/55/23.png","Text":"إِلَىَّ","Translation":"to Me","Transliteration":"ilayya"},{"Position":24,"AudioFileName":"003_055_024.mp3","TajweedImageFilePath":"3/55/24.png","Text":"مَرْجِعُكُمْ","Translation":"(is) your return","Transliteration":"marjiʿukum"},{"Position":25,"AudioFileName":"003_055_025.mp3","TajweedImageFilePath":"3/55/25.png","Text":"فَأَحْكُمُ","Translation":"and I will judge","Transliteration":"fa-aḥkumu"},{"Position":26,"AudioFileName":"003_055_026.mp3","TajweedImageFilePath":"3/55/26.png","Text":"بَيْنَكُمْ","Translation":"between you","Transliteration":"baynakum"},{"Position":27,"AudioFileName":"003_055_027.mp3","TajweedImageFilePath":"3/55/27.png","Text":"فِيمَا","Translation":"about what","Transliteration":"fīmā"},{"Position":28,"AudioFileName":"003_055_028.mp3","TajweedImageFilePath":"3/55/28.png","Text":"كُنتُمْ","Translation":"you were","Transliteration":"kuntum"},{"Position":29,"AudioFileName":"003_055_029.mp3","TajweedImageFilePath":"3/55/29.png","Text":"فِيهِ","Translation":"[in it]","Transliteration":"fīhi"},{"Position":30,"AudioFileName":"003_055_030.mp3","TajweedImageFilePath":"3/55/30.png","Text":"تَخْتَلِفُونَ","Translation":"differing","Transliteration":"takhtalifūna"},{"Position":31,"AudioFileName":null,"TajweedImageFilePath":"55.png","Text":"٥٥","Translation":"(55)","Transliteration":null}],"PageNumber":57,"JuzNumber":3,"ManzilNumber":1,"RukuNumber":47,"MaqraNumber":23,"HizbNumber":6,"HizbDecimal":0.5,"HasSajda":false},{"SurahNumber":3,"SurahIndex":"003","VerseNumber":56,"ShowSurahName":false,"ShowBismillah":false,"Words":[{"Position":1,"AudioFileName":"003_056_001.mp3","TajweedImageFilePath":"3/56/1.png","Text":"فَأَمَّا","Translation":"Then as for","Transliteration":"fa-ammā"},{"Position":2,"AudioFileName":"003_056_002.mp3","TajweedImageFilePath":"3/56/2.png","Text":"ٱلَّذِينَ","Translation":"those who","Transliteration":"alladhīna"},{"Position":3,"AudioFileName":"003_056_003.mp3","TajweedImageFilePath":"3/56/3.png","Text":"كَفَرُوا۟","Translation":"disbelieve[d]","Transliteration":"kafarū"},{"Position":4,"AudioFileName":"003_056_004.mp3","TajweedImageFilePath":"3/56/4.png","Text":"فَأُعَذِّبُهُمْ","Translation":"then I will punish them","Transliteration":"fa-uʿadhibuhum"},{"Position":5,"AudioFileName":"003_056_005.mp3","TajweedImageFilePath":"3/56/5.png","Text":"عَذَابًۭا","Translation":"(with) a punishment","Transliteration":"ʿadhāban"},{"Position":6,"AudioFileName":"003_056_006.mp3","TajweedImageFilePath":"3/56/6.png","Text":"شَدِيدًۭا","Translation":"severe","Transliteration":"shadīdan"},{"Position":7,"AudioFileName":"003_056_007.mp3","TajweedImageFilePath":"3/56/7.png","Text":"فِى","Translation":"in","Transliteration":"fī"},{"Position":8,"AudioFileName":"003_056_008.mp3","TajweedImageFilePath":"3/56/8.png","Text":"ٱلدُّنْيَا","Translation":"the world","Transliteration":"l-dun'yā"},{"Position":9,"AudioFileName":"003_056_009.mp3","TajweedImageFilePath":"3/56/9.png","Text":"وَٱلْـَٔاخِرَةِ","Translation":"and (in) the Hereafter","Transliteration":"wal-ākhirati"},{"Position":10,"AudioFileName":"003_056_010.mp3","TajweedImageFilePath":"3/56/10.png","Text":"وَمَا","Translation":"And not","Transliteration":"wamā"},{"Position":11,"AudioFileName":"003_056_011.mp3","TajweedImageFilePath":"3/56/11.png","Text":"لَهُم","Translation":"for them","Transliteration":"lahum"},{"Position":12,"AudioFileName":"003_056_012.mp3","TajweedImageFilePath":"3/56/12.png","Text":"مِّن","Translation":"any","Transliteration":"min"},{"Position":13,"AudioFileName":"003_056_013.mp3","TajweedImageFilePath":"3/56/13.png","Text":"نَّـٰصِرِينَ","Translation":"helpers","Transliteration":"nāṣirīna"},{"Position":14,"AudioFileName":null,"TajweedImageFilePath":"56.png","Text":"٥٦","Translation":"(56)","Transliteration":null}],"PageNumber":57,"JuzNumber":3,"ManzilNumber":1,"RukuNumber":47,"MaqraNumber":23,"HizbNumber":6,"HizbDecimal":0.5,"HasSajda":false},{"SurahNumber":3,"SurahIndex":"003","VerseNumber":57,"ShowSurahName":false,"ShowBismillah":false,"Words":[{"Position":1,"AudioFileName":"003_057_001.mp3","TajweedImageFilePath":"3/57/1.png","Text":"وَأَمَّا","Translation":"And as for","Transliteration":"wa-ammā"},{"Position":2,"AudioFileName":"003_057_002.mp3","TajweedImageFilePath":"3/57/2.png","Text":"ٱلَّذِينَ","Translation":"those who","Transliteration":"alladhīna"},{"Position":3,"AudioFileName":"003_057_003.mp3","TajweedImageFilePath":"3/57/3.png","Text":"ءَامَنُوا۟","Translation":"believe[d]","Transliteration":"āmanū"},{"Position":4,"AudioFileName":"003_057_004.mp3","TajweedImageFilePath":"3/57/4.png","Text":"وَعَمِلُوا۟","Translation":"and did","Transliteration":"waʿamilū"},{"Position":5,"AudioFileName":"003_057_005.mp3","TajweedImageFilePath":"3/57/5.png","Text":"ٱلصَّـٰلِحَـٰتِ","Translation":"[the] righteous deeds","Transliteration":"l-ṣāliḥāti"},{"Position":6,"AudioFileName":"003_057_006.mp3","TajweedImageFilePath":"3/57/6.png","Text":"فَيُوَفِّيهِمْ","Translation":"then He will grant them in full","Transliteration":"fayuwaffīhim"},{"Position":7,"AudioFileName":"003_057_007.mp3","TajweedImageFilePath":"3/57/7.png","Text":"أُجُورَهُمْ ۗ","Translation":"their reward","Transliteration":"ujūrahum"},{"Position":8,"AudioFileName":"003_057_008.mp3","TajweedImageFilePath":"3/57/8.png","Text":"وَٱللَّهُ","Translation":"And Allah","Transliteration":"wal-lahu"},{"Position":9,"AudioFileName":"003_057_009.mp3","TajweedImageFilePath":"3/57/9.png","Text":"لَا","Translation":"(does) not","Transliteration":"lā"},{"Position":10,"AudioFileName":"003_057_010.mp3","TajweedImageFilePath":"3/57/10.png","Text":"يُحِبُّ","Translation":"love","Transliteration":"yuḥibbu"},{"Position":11,"AudioFileName":"003_057_011.mp3","TajweedImageFilePath":"3/57/11.png","Text":"ٱلظَّـٰلِمِينَ","Translation":"the wrongdoers","Transliteration":"l-ẓālimīna"},{"Position":12,"AudioFileName":null,"TajweedImageFilePath":"57.png","Text":"٥٧","Translation":"(57)","Transliteration":null}],"PageNumber":57,"JuzNumber":3,"ManzilNumber":1,"RukuNumber":47,"MaqraNumber":23,"HizbNumber":6,"HizbDecimal":0.5,"HasSajda":false},{"SurahNumber":3,"SurahIndex":"003","VerseNumber":58,"ShowSurahName":false,"ShowBismillah":false,"Words":[{"Position":1,"AudioFileName":"003_058_001.mp3","TajweedImageFilePath":"3/58/1.png","Text":"ذَٰلِكَ","Translation":"That","Transliteration":"dhālika"},{"Position":2,"AudioFileName":"003_058_002.mp3","TajweedImageFilePath":"3/58/2.png","Text":"نَتْلُوهُ","Translation":"(is what) We recite [it]","Transliteration":"natlūhu"},{"Position":3,"AudioFileName":"003_058_003.mp3","TajweedImageFilePath":"3/58/3.png","Text":"عَلَيْكَ","Translation":"to you","Transliteration":"ʿalayka"},{"Position":4,"AudioFileName":"003_058_004.mp3","TajweedImageFilePath":"3/58/4.png","Text":"مِنَ","Translation":"of","Transliteration":"mina"},{"Position":5,"AudioFileName":"003_058_005.mp3","TajweedImageFilePath":"3/58/5.png","Text":"ٱلْـَٔايَـٰتِ","Translation":"the Verses","Transliteration":"l-āyāti"},{"Position":6,"AudioFileName":"003_058_006.mp3","TajweedImageFilePath":"3/58/6.png","Text":"وَٱلذِّكْرِ","Translation":"and the Reminder ","Transliteration":"wal-dhik'ri"},{"Position":7,"AudioFileName":"003_058_007.mp3","TajweedImageFilePath":"3/58/7.png","Text":"ٱلْحَكِيمِ","Translation":"[the] Wise","Transliteration":"l-ḥakīmi"},{"Position":8,"AudioFileName":null,"TajweedImageFilePath":"58.png","Text":"٥٨","Translation":"(58)","Transliteration":null}],"PageNumber":57,"JuzNumber":3,"ManzilNumber":1,"RukuNumber":47,"MaqraNumber":23,"HizbNumber":6,"HizbDecimal":0.5,"HasSajda":false},{"SurahNumber":3,"SurahIndex":"003","VerseNumber":59,"ShowSurahName":false,"ShowBismillah":false,"Words":[{"Position":1,"AudioFileName":"003_059_001.mp3","TajweedImageFilePath":"3/59/1.png","Text":"إِنَّ","Translation":"Indeed","Transliteration":"inna"},{"Position":2,"AudioFileName":"003_059_002.mp3","TajweedImageFilePath":"3/59/2.png","Text":"مَثَلَ","Translation":"(the) likeness","Transliteration":"mathala"},{"Position":3,"AudioFileName":"003_059_003.mp3","TajweedImageFilePath":"3/59/3.png","Text":"عِيسَىٰ","Translation":"(of) Isa","Transliteration":"ʿīsā"},{"Position":4,"AudioFileName":"003_059_004.mp3","TajweedImageFilePath":"3/59/4.png","Text":"عِندَ","Translation":"near","Transliteration":"ʿinda"},{"Position":5,"AudioFileName":"003_059_005.mp3","TajweedImageFilePath":"3/59/5.png","Text":"ٱللَّهِ","Translation":"Allah","Transliteration":"l-lahi"},{"Position":6,"AudioFileName":"003_059_006.mp3","TajweedImageFilePath":"3/59/6.png","Text":"كَمَثَلِ","Translation":"(is) like (the) likeness","Transliteration":"kamathali"},{"Position":7,"AudioFileName":"003_059_007.mp3","TajweedImageFilePath":"3/59/7.png","Text":"ءَادَمَ ۖ","Translation":"(of) Adam","Transliteration":"ādama"},{"Position":8,"AudioFileName":"003_059_008.mp3","TajweedImageFilePath":"3/59/8.png","Text":"خَلَقَهُۥ","Translation":"He created him","Transliteration":"khalaqahu"},{"Position":9,"AudioFileName":"003_059_009.mp3","TajweedImageFilePath":"3/59/9.png","Text":"مِن","Translation":"from","Transliteration":"min"},{"Position":10,"AudioFileName":"003_059_010.mp3","TajweedImageFilePath":"3/59/10.png","Text":"تُرَابٍۢ","Translation":"dust","Transliteration":"turābin"},{"Position":11,"AudioFileName":"003_059_011.mp3","TajweedImageFilePath":"3/59/11.png","Text":"ثُمَّ","Translation":"then","Transliteration":"thumma"},{"Position":12,"AudioFileName":"003_059_012.mp3","TajweedImageFilePath":"3/59/12.png","Text":"قَالَ","Translation":"He said","Transliteration":"qāla"},{"Position":13,"AudioFileName":"003_059_013.mp3","TajweedImageFilePath":"3/59/13.png","Text":"لَهُۥ","Translation":"to him","Transliteration":"lahu"},{"Position":14,"AudioFileName":"003_059_014.mp3","TajweedImageFilePath":"3/59/14.png","Text":"كُن","Translation":"Be","Transliteration":"kun"},{"Position":15,"AudioFileName":"003_059_015.mp3","TajweedImageFilePath":"3/59/15.png","Text":"فَيَكُونُ","Translation":"and he was","Transliteration":"fayakūnu"},{"Position":16,"AudioFileName":null,"TajweedImageFilePath":"59.png","Text":"٥٩","Translation":"(59)","Transliteration":null}],"PageNumber":57,"JuzNumber":3,"ManzilNumber":1,"RukuNumber":47,"MaqraNumber":23,"HizbNumber":6,"HizbDecimal":0.5,"HasSajda":false},{"SurahNumber":3,"SurahIndex":"003","VerseNumber":60,"ShowSurahName":false,"ShowBismillah":false,"Words":[{"Position":1,"AudioFileName":"003_060_001.mp3","TajweedImageFilePath":"3/60/1.png","Text":"ٱلْحَقُّ","Translation":"The truth","Transliteration":"al-ḥaqu"},{"Position":2,"AudioFileName":"003_060_002.mp3","TajweedImageFilePath":"3/60/2.png","Text":"مِن","Translation":"(is) from","Transliteration":"min"},{"Position":3,"AudioFileName":"003_060_003.mp3","TajweedImageFilePath":"3/60/3.png","Text":"رَّبِّكَ","Translation":"your Lord","Transliteration":"rabbika"},{"Position":4,"AudioFileName":"003_060_004.mp3","TajweedImageFilePath":"3/60/4.png","Text":"فَلَا","Translation":"so (do) not","Transliteration":"falā"},{"Position":5,"AudioFileName":"003_060_005.mp3","TajweedImageFilePath":"3/60/5.png","Text":"تَكُن","Translation":"be","Transliteration":"takun"},{"Position":6,"AudioFileName":"003_060_006.mp3","TajweedImageFilePath":"3/60/6.png","Text":"مِّنَ","Translation":"among","Transliteration":"mina"},{"Position":7,"AudioFileName":"003_060_007.mp3","TajweedImageFilePath":"3/60/7.png","Text":"ٱلْمُمْتَرِينَ","Translation":"the doubters","Transliteration":"l-mum'tarīna"},{"Position":8,"AudioFileName":null,"TajweedImageFilePath":"60.png","Text":"٦٠","Translation":"(60)","Transliteration":null}],"PageNumber":57,"JuzNumber":3,"ManzilNumber":1,"RukuNumber":47,"MaqraNumber":23,"HizbNumber":6,"HizbDecimal":0.5,"HasSajda":false},{"SurahNumber":3,"SurahIndex":"003","VerseNumber":61,"ShowSurahName":false,"ShowBismillah":false,"Words":[{"Position":1,"AudioFileName":"003_061_001.mp3","TajweedImageFilePath":"3/61/1.png","Text":"فَمَنْ","Translation":"Then whoever","Transliteration":"faman"},{"Position":2,"AudioFileName":"003_061_002.mp3","TajweedImageFilePath":"3/61/2.png","Text":"حَآجَّكَ","Translation":"argues (with) you","Transliteration":"ḥājjaka"},{"Position":3,"AudioFileName":"003_061_003.mp3","TajweedImageFilePath":"3/61/3.png","Text":"فِيهِ","Translation":"concerning it","Transliteration":"fīhi"},{"Position":4,"AudioFileName":"003_061_004.mp3","TajweedImageFilePath":"3/61/4.png","Text":"مِنۢ","Translation":"from","Transliteration":"min"},{"Position":5,"AudioFileName":"003_061_005.mp3","TajweedImageFilePath":"3/61/5.png","Text":"بَعْدِ","Translation":"after","Transliteration":"baʿdi"},{"Position":6,"AudioFileName":"003_061_006.mp3","TajweedImageFilePath":"3/61/6.png","Text":"مَا","Translation":"what","Transliteration":"mā"},{"Position":7,"AudioFileName":"003_061_007.mp3","TajweedImageFilePath":"3/61/7.png","Text":"جَآءَكَ","Translation":"came to you","Transliteration":"jāaka"},{"Position":8,"AudioFileName":"003_061_008.mp3","TajweedImageFilePath":"3/61/8.png","Text":"مِنَ","Translation":"of","Transliteration":"mina"},{"Position":9,"AudioFileName":"003_061_009.mp3","TajweedImageFilePath":"3/61/9.png","Text":"ٱلْعِلْمِ","Translation":"the knowledge","Transliteration":"l-ʿil'mi"},{"Position":10,"AudioFileName":"003_061_010.mp3","TajweedImageFilePath":"3/61/10.png","Text":"فَقُلْ","Translation":"then say","Transliteration":"faqul"},{"Position":11,"AudioFileName":"003_061_011.mp3","TajweedImageFilePath":"3/61/11.png","Text":"تَعَالَوْا۟","Translation":"Come","Transliteration":"taʿālaw"},{"Position":12,"AudioFileName":"003_061_012.mp3","TajweedImageFilePath":"3/61/12.png","Text":"نَدْعُ","Translation":"let us call","Transliteration":"nadʿu"},{"Position":13,"AudioFileName":"003_061_013.mp3","TajweedImageFilePath":"3/61/13.png","Text":"أَبْنَآءَنَا","Translation":"our sons","Transliteration":"abnāanā"},{"Position":14,"AudioFileName":"003_061_014.mp3","TajweedImageFilePath":"3/61/14.png","Text":"وَأَبْنَآءَكُمْ","Translation":"and your sons","Transliteration":"wa-abnāakum"},{"Position":15,"AudioFileName":"003_061_015.mp3","TajweedImageFilePath":"3/61/15.png","Text":"وَنِسَآءَنَا","Translation":"and our women","Transliteration":"wanisāanā"},{"Position":16,"AudioFileName":"003_061_016.mp3","TajweedImageFilePath":"3/61/16.png","Text":"وَنِسَآءَكُمْ","Translation":"and your women","Transliteration":"wanisāakum"},{"Position":17,"AudioFileName":"003_061_017.mp3","TajweedImageFilePath":"3/61/17.png","Text":"وَأَنفُسَنَا","Translation":"and ourselves","Transliteration":"wa-anfusanā"},{"Position":18,"AudioFileName":"003_061_018.mp3","TajweedImageFilePath":"3/61/18.png","Text":"وَأَنفُسَكُمْ","Translation":"and yourselves","Transliteration":"wa-anfusakum"},{"Position":19,"AudioFileName":"003_061_019.mp3","TajweedImageFilePath":"3/61/19.png","Text":"ثُمَّ","Translation":"then","Transliteration":"thumma"},{"Position":20,"AudioFileName":"003_061_020.mp3","TajweedImageFilePath":"3/61/20.png","Text":"نَبْتَهِلْ","Translation":"let us pray humbly","Transliteration":"nabtahil"},{"Position":21,"AudioFileName":"003_061_021.mp3","TajweedImageFilePath":"3/61/21.png","Text":"فَنَجْعَل","Translation":"and [we] invoke","Transliteration":"fanajʿal"},{"Position":22,"AudioFileName":"003_061_022.mp3","TajweedImageFilePath":"3/61/22.png","Text":"لَّعْنَتَ","Translation":"the curse","Transliteration":"laʿnata"},{"Position":23,"AudioFileName":"003_061_023.mp3","TajweedImageFilePath":"3/61/23.png","Text":"ٱللَّهِ","Translation":"(of) Allah","Transliteration":"l-lahi"},{"Position":24,"AudioFileName":"003_061_024.mp3","TajweedImageFilePath":"3/61/24.png","Text":"عَلَى","Translation":"on","Transliteration":"ʿalā"},{"Position":25,"AudioFileName":"003_061_025.mp3","TajweedImageFilePath":"3/61/25.png","Text":"ٱلْكَـٰذِبِينَ","Translation":"the liars","Transliteration":"l-kādhibīna"},{"Position":26,"AudioFileName":null,"TajweedImageFilePath":"61.png","Text":"٦١","Translation":"(61)","Transliteration":null}],"PageNumber":57,"JuzNumber":3,"ManzilNumber":1,"RukuNumber":47,"MaqraNumber":23,"HizbNumber":6,"HizbDecimal":0.5,"HasSajda":false},{"SurahNumber":3,"SurahIndex":"003","VerseNumber":62,"ShowSurahName":false,"ShowBismillah":false,"Words":[{"Position":1,"AudioFileName":"003_062_001.mp3","TajweedImageFilePath":"3/62/1.png","Text":"إِنَّ","Translation":"Indeed","Transliteration":"inna"},{"Position":2,"AudioFileName":"003_062_002.mp3","TajweedImageFilePath":"3/62/2.png","Text":"هَـٰذَا","Translation":"this","Transliteration":"hādhā"},{"Position":3,"AudioFileName":"003_062_003.mp3","TajweedImageFilePath":"3/62/3.png","Text":"لَهُوَ","Translation":"surely it (is)","Transliteration":"lahuwa"},{"Position":4,"AudioFileName":"003_062_004.mp3","TajweedImageFilePath":"3/62/4.png","Text":"ٱلْقَصَصُ","Translation":"the narration ","Transliteration":"l-qaṣaṣu"},{"Position":5,"AudioFileName":"003_062_005.mp3","TajweedImageFilePath":"3/62/5.png","Text":"ٱلْحَقُّ ۚ","Translation":"[the] true","Transliteration":"l-ḥaqu"},{"Position":6,"AudioFileName":"003_062_006.mp3","TajweedImageFilePath":"3/62/6.png","Text":"وَمَا","Translation":"And (there is) no","Transliteration":"wamā"},{"Position":7,"AudioFileName":"003_062_007.mp3","TajweedImageFilePath":"3/62/7.png","Text":"مِنْ","Translation":"(of)","Transliteration":"min"},{"Position":8,"AudioFileName":"003_062_008.mp3","TajweedImageFilePath":"3/62/8.png","Text":"إِلَـٰهٍ","Translation":"god","Transliteration":"ilāhin"},{"Position":9,"AudioFileName":"003_062_009.mp3","TajweedImageFilePath":"3/62/9.png","Text":"إِلَّا","Translation":"except","Transliteration":"illā"},{"Position":10,"AudioFileName":"003_062_010.mp3","TajweedImageFilePath":"3/62/10.png","Text":"ٱللَّهُ ۚ","Translation":"Allah","Transliteration":"l-lahu"},{"Position":11,"AudioFileName":"003_062_011.mp3","TajweedImageFilePath":"3/62/11.png","Text":"وَإِنَّ","Translation":"And indeed","Transliteration":"wa-inna"},{"Position":12,"AudioFileName":"003_062_012.mp3","TajweedImageFilePath":"3/62/12.png","Text":"ٱللَّهَ","Translation":"Allah","Transliteration":"l-laha"},{"Position":13,"AudioFileName":"003_062_013.mp3","TajweedImageFilePath":"3/62/13.png","Text":"لَهُوَ","Translation":"surely He","Transliteration":"lahuwa"},{"Position":14,"AudioFileName":"003_062_014.mp3","TajweedImageFilePath":"3/62/14.png","Text":"ٱلْعَزِيزُ","Translation":"(is) the All-Mighty","Transliteration":"l-ʿazīzu"},{"Position":15,"AudioFileName":"003_062_015.mp3","TajweedImageFilePath":"3/62/15.png","Text":"ٱلْحَكِيمُ","Translation":"the All-Wise","Transliteration":"l-ḥakīmu"},{"Position":16,"AudioFileName":null,"TajweedImageFilePath":"62.png","Text":"٦٢","Translation":"(62)","Transliteration":null}],"PageNumber":58,"JuzNumber":3,"ManzilNumber":1,"RukuNumber":47,"MaqraNumber":23,"HizbNumber":6,"HizbDecimal":0.5,"HasSajda":false},{"SurahNumber":3,"SurahIndex":"003","VerseNumber":63,"ShowSurahName":false,"ShowBismillah":false,"Words":[{"Position":1,"AudioFileName":"003_063_001.mp3","TajweedImageFilePath":"3/63/1.png","Text":"فَإِن","Translation":"And if","Transliteration":"fa-in"},{"Position":2,"AudioFileName":"003_063_002.mp3","TajweedImageFilePath":"3/63/2.png","Text":"تَوَلَّوْا۟","Translation":"they turn back","Transliteration":"tawallaw"},{"Position":3,"AudioFileName":"003_063_003.mp3","TajweedImageFilePath":"3/63/3.png","Text":"فَإِنَّ","Translation":"then indeed","Transliteration":"fa-inna"},{"Position":4,"AudioFileName":"003_063_004.mp3","TajweedImageFilePath":"3/63/4.png","Text":"ٱللَّهَ","Translation":"Allah","Transliteration":"l-laha"},{"Position":5,"AudioFileName":"003_063_005.mp3","TajweedImageFilePath":"3/63/5.png","Text":"عَلِيمٌۢ","Translation":"(is) All-Knowing","Transliteration":"ʿalīmun"},{"Position":6,"AudioFileName":"003_063_006.mp3","TajweedImageFilePath":"3/63/6.png","Text":"بِٱلْمُفْسِدِينَ","Translation":"of the corrupters","Transliteration":"bil-muf'sidīna"},{"Position":7,"AudioFileName":null,"TajweedImageFilePath":"63.png","Text":"٦٣","Translation":"(63)","Transliteration":null}],"PageNumber":58,"JuzNumber":3,"ManzilNumber":1,"RukuNumber":47,"MaqraNumber":23,"HizbNumber":6,"HizbDecimal":0.5,"HasSajda":false},{"SurahNumber":3,"SurahIndex":"003","VerseNumber":64,"ShowSurahName":false,"ShowBismillah":false,"Words":[{"Position":1,"AudioFileName":"003_064_001.mp3","TajweedImageFilePath":"3/64/1.png","Text":"قُلْ","Translation":"Say","Transliteration":"qul"},{"Position":2,"AudioFileName":"003_064_002.mp3","TajweedImageFilePath":"3/64/2.png","Text":"يَـٰٓأَهْلَ","Translation":"O People","Transliteration":"yāahla"},{"Position":3,"AudioFileName":"003_064_003.mp3","TajweedImageFilePath":"3/64/3.png","Text":"ٱلْكِتَـٰبِ","Translation":"(of) the Book","Transliteration":"l-kitābi"},{"Position":4,"AudioFileName":"003_064_004.mp3","TajweedImageFilePath":"3/64/4.png","Text":"تَعَالَوْا۟","Translation":"Come","Transliteration":"taʿālaw"},{"Position":5,"AudioFileName":"003_064_005.mp3","TajweedImageFilePath":"3/64/5.png","Text":"إِلَىٰ","Translation":"to","Transliteration":"ilā"},{"Position":6,"AudioFileName":"003_064_006.mp3","TajweedImageFilePath":"3/64/6.png","Text":"كَلِمَةٍۢ","Translation":"a word","Transliteration":"kalimatin"},{"Position":7,"AudioFileName":"003_064_007.mp3","TajweedImageFilePath":"3/64/7.png","Text":"سَوَآءٍۭ","Translation":"equitable","Transliteration":"sawāin"},{"Position":8,"AudioFileName":"003_064_008.mp3","TajweedImageFilePath":"3/64/8.png","Text":"بَيْنَنَا","Translation":"between us","Transliteration":"baynanā"},{"Position":9,"AudioFileName":"003_064_009.mp3","TajweedImageFilePath":"3/64/9.png","Text":"وَبَيْنَكُمْ","Translation":"and between you ","Transliteration":"wabaynakum"},{"Position":10,"AudioFileName":"003_064_010.mp3","TajweedImageFilePath":"3/64/10.png","Text":"أَلَّا","Translation":"that not","Transliteration":"allā"},{"Position":11,"AudioFileName":"003_064_011.mp3","TajweedImageFilePath":"3/64/11.png","Text":"نَعْبُدَ","Translation":"we worship","Transliteration":"naʿbuda"},{"Position":12,"AudioFileName":"003_064_012.mp3","TajweedImageFilePath":"3/64/12.png","Text":"إِلَّا","Translation":"except","Transliteration":"illā"},{"Position":13,"AudioFileName":"003_064_013.mp3","TajweedImageFilePath":"3/64/13.png","Text":"ٱللَّهَ","Translation":"Allah","Transliteration":"l-laha"},{"Position":14,"AudioFileName":"003_064_014.mp3","TajweedImageFilePath":"3/64/14.png","Text":"وَلَا","Translation":"and not","Transliteration":"walā"},{"Position":15,"AudioFileName":"003_064_015.mp3","TajweedImageFilePath":"3/64/15.png","Text":"نُشْرِكَ","Translation":"we associate partners","Transliteration":"nush'rika"},{"Position":16,"AudioFileName":"003_064_016.mp3","TajweedImageFilePath":"3/64/16.png","Text":"بِهِۦ","Translation":"with Him ","Transliteration":"bihi"},{"Position":17,"AudioFileName":"003_064_017.mp3","TajweedImageFilePath":"3/64/17.png","Text":"شَيْـًۭٔا","Translation":"anything","Transliteration":"shayan"},{"Position":18,"AudioFileName":"003_064_018.mp3","TajweedImageFilePath":"3/64/18.png","Text":"وَلَا","Translation":"and not","Transliteration":"walā"},{"Position":19,"AudioFileName":"003_064_019.mp3","TajweedImageFilePath":"3/64/19.png","Text":"يَتَّخِذَ","Translation":"take","Transliteration":"yattakhidha"},{"Position":20,"AudioFileName":"003_064_020.mp3","TajweedImageFilePath":"3/64/20.png","Text":"بَعْضُنَا","Translation":"some of us","Transliteration":"baʿḍunā"},{"Position":21,"AudioFileName":"003_064_021.mp3","TajweedImageFilePath":"3/64/21.png","Text":"بَعْضًا","Translation":"(to) others","Transliteration":"baʿḍan"},{"Position":22,"AudioFileName":"003_064_022.mp3","TajweedImageFilePath":"3/64/22.png","Text":"أَرْبَابًۭا","Translation":"(as) lords","Transliteration":"arbāban"},{"Position":23,"AudioFileName":"003_064_023.mp3","TajweedImageFilePath":"3/64/23.png","Text":"مِّن","Translation":"from","Transliteration":"min"},{"Position":24,"AudioFileName":"003_064_024.mp3","TajweedImageFilePath":"3/64/24.png","Text":"دُونِ","Translation":"besides","Transliteration":"dūni"},{"Position":25,"AudioFileName":"003_064_025.mp3","TajweedImageFilePath":"3/64/25.png","Text":"ٱللَّهِ ۚ","Translation":"Allah","Transliteration":"l-lahi"},{"Position":26,"AudioFileName":"003_064_026.mp3","TajweedImageFilePath":"3/64/26.png","Text":"فَإِن","Translation":"Then if","Transliteration":"fa-in"},{"Position":27,"AudioFileName":"003_064_027.mp3","TajweedImageFilePath":"3/64/27.png","Text":"تَوَلَّوْا۟","Translation":"they turn away","Transliteration":"tawallaw"},{"Position":28,"AudioFileName":"003_064_028.mp3","TajweedImageFilePath":"3/64/28.png","Text":"فَقُولُوا۟","Translation":"then say","Transliteration":"faqūlū"},{"Position":29,"AudioFileName":"003_064_029.mp3","TajweedImageFilePath":"3/64/29.png","Text":"ٱشْهَدُوا۟","Translation":"Bear witness","Transliteration":"ish'hadū"},{"Position":30,"AudioFileName":"003_064_030.mp3","TajweedImageFilePath":"3/64/30.png","Text":"بِأَنَّا","Translation":"that we","Transliteration":"bi-annā"},{"Position":31,"AudioFileName":"003_064_031.mp3","TajweedImageFilePath":"3/64/31.png","Text":"مُسْلِمُونَ","Translation":"(are) Muslims","Transliteration":"mus'limūna"},{"Position":32,"AudioFileName":null,"TajweedImageFilePath":"64.png","Text":"٦٤","Translation":"(64)","Transliteration":null}],"PageNumber":58,"JuzNumber":3,"ManzilNumber":1,"RukuNumber":48,"MaqraNumber":23,"HizbNumber":6,"HizbDecimal":0.5,"HasSajda":false},{"SurahNumber":3,"SurahIndex":"003","VerseNumber":65,"ShowSurahName":false,"ShowBismillah":false,"Words":[{"Position":1,"AudioFileName":"003_065_001.mp3","TajweedImageFilePath":"3/65/1.png","Text":"يَـٰٓأَهْلَ","Translation":"O People","Transliteration":"yāahla"},{"Position":2,"AudioFileName":"003_065_002.mp3","TajweedImageFilePath":"3/65/2.png","Text":"ٱلْكِتَـٰبِ","Translation":"(of) the Book","Transliteration":"l-kitābi"},{"Position":3,"AudioFileName":"003_065_003.mp3","TajweedImageFilePath":"3/65/3.png","Text":"لِمَ","Translation":"Why","Transliteration":"lima"},{"Position":4,"AudioFileName":"003_065_004.mp3","TajweedImageFilePath":"3/65/4.png","Text":"تُحَآجُّونَ","Translation":"(do) you argue","Transliteration":"tuḥājjūna"},{"Position":5,"AudioFileName":"003_065_005.mp3","TajweedImageFilePath":"3/65/5.png","Text":"فِىٓ","Translation":"concerning","Transliteration":"fī"},{"Position":6,"AudioFileName":"003_065_006.mp3","TajweedImageFilePath":"3/65/6.png","Text":"إِبْرَٰهِيمَ","Translation":"Ibrahim","Transliteration":"ib'rāhīma"},{"Position":7,"AudioFileName":"003_065_007.mp3","TajweedImageFilePath":"3/65/7.png","Text":"وَمَآ","Translation":"while not","Transliteration":"wamā"},{"Position":8,"AudioFileName":"003_065_008.mp3","TajweedImageFilePath":"3/65/8.png","Text":"أُنزِلَتِ","Translation":"was revealed","Transliteration":"unzilati"},{"Position":9,"AudioFileName":"003_065_009.mp3","TajweedImageFilePath":"3/65/9.png","Text":"ٱلتَّوْرَىٰةُ","Translation":"the Taurat","Transliteration":"l-tawrātu"},{"Position":10,"AudioFileName":"003_065_010.mp3","TajweedImageFilePath":"3/65/10.png","Text":"وَٱلْإِنجِيلُ","Translation":"and the Injeel","Transliteration":"wal-injīlu"},{"Position":11,"AudioFileName":"003_065_011.mp3","TajweedImageFilePath":"3/65/11.png","Text":"إِلَّا","Translation":"except","Transliteration":"illā"},{"Position":12,"AudioFileName":"003_065_012.mp3","TajweedImageFilePath":"3/65/12.png","Text":"مِنۢ","Translation":"from","Transliteration":"min"},{"Position":13,"AudioFileName":"003_065_013.mp3","TajweedImageFilePath":"3/65/13.png","Text":"بَعْدِهِۦٓ ۚ","Translation":"after him","Transliteration":"baʿdihi"},{"Position":14,"AudioFileName":"003_065_014.mp3","TajweedImageFilePath":"3/65/14.png","Text":"أَفَلَا","Translation":"Then why don't","Transliteration":"afalā"},{"Position":15,"AudioFileName":"003_065_015.mp3","TajweedImageFilePath":"3/65/15.png","Text":"تَعْقِلُونَ","Translation":"you use your intellect","Transliteration":"taʿqilūna"},{"Position":16,"AudioFileName":null,"TajweedImageFilePath":"65.png","Text":"٦٥","Translation":"(65)","Transliteration":null}],"PageNumber":58,"JuzNumber":3,"ManzilNumber":1,"RukuNumber":48,"MaqraNumber":23,"HizbNumber":6,"HizbDecimal":0.5,"HasSajda":false},{"SurahNumber":3,"SurahIndex":"003","VerseNumber":66,"ShowSurahName":false,"ShowBismillah":false,"Words":[{"Position":1,"AudioFileName":"003_066_001.mp3","TajweedImageFilePath":"3/66/1.png","Text":"هَـٰٓأَنتُمْ","Translation":"Here you are ","Transliteration":"hāantum"},{"Position":2,"AudioFileName":"003_066_002.mp3","TajweedImageFilePath":"3/66/2.png","Text":"هَـٰٓؤُلَآءِ","Translation":"those who","Transliteration":"hāulāi"},{"Position":3,"AudioFileName":"003_066_003.mp3","TajweedImageFilePath":"3/66/3.png","Text":"حَـٰجَجْتُمْ","Translation":"argued","Transliteration":"ḥājajtum"},{"Position":4,"AudioFileName":"003_066_004.mp3","TajweedImageFilePath":"3/66/4.png","Text":"فِيمَا","Translation":"about what","Transliteration":"fīmā"},{"Position":5,"AudioFileName":"003_066_005.mp3","TajweedImageFilePath":"3/66/5.png","Text":"لَكُم","Translation":"[for] you","Transliteration":"lakum"},{"Position":6,"AudioFileName":"003_066_006.mp3","TajweedImageFilePath":"3/66/6.png","Text":"بِهِۦ","Translation":"of it","Transliteration":"bihi"},{"Position":7,"AudioFileName":"003_066_007.mp3","TajweedImageFilePath":"3/66/7.png","Text":"عِلْمٌۭ","Translation":"(have some) knowledge","Transliteration":"ʿil'mun"},{"Position":8,"AudioFileName":"003_066_008.mp3","TajweedImageFilePath":"3/66/8.png","Text":"فَلِمَ","Translation":"Then why","Transliteration":"falima"},{"Position":9,"AudioFileName":"003_066_009.mp3","TajweedImageFilePath":"3/66/9.png","Text":"تُحَآجُّونَ","Translation":"(do) you argue","Transliteration":"tuḥājjūna"},{"Position":10,"AudioFileName":"003_066_010.mp3","TajweedImageFilePath":"3/66/10.png","Text":"فِيمَا","Translation":"about what","Transliteration":"fīmā"},{"Position":11,"AudioFileName":"003_066_011.mp3","TajweedImageFilePath":"3/66/11.png","Text":"لَيْسَ","Translation":"not","Transliteration":"laysa"},{"Position":12,"AudioFileName":"003_066_012.mp3","TajweedImageFilePath":"3/66/12.png","Text":"لَكُم","Translation":"for you","Transliteration":"lakum"},{"Position":13,"AudioFileName":"003_066_013.mp3","TajweedImageFilePath":"3/66/13.png","Text":"بِهِۦ","Translation":"of it","Transliteration":"bihi"},{"Position":14,"AudioFileName":"003_066_014.mp3","TajweedImageFilePath":"3/66/14.png","Text":"عِلْمٌۭ ۚ","Translation":"(any) knowledge","Transliteration":"ʿil'mun"},{"Position":15,"AudioFileName":"003_066_015.mp3","TajweedImageFilePath":"3/66/15.png","Text":"وَٱللَّهُ","Translation":"And Allah","Transliteration":"wal-lahu"},{"Position":16,"AudioFileName":"003_066_016.mp3","TajweedImageFilePath":"3/66/16.png","Text":"يَعْلَمُ","Translation":"knows","Transliteration":"yaʿlamu"},{"Position":17,"AudioFileName":"003_066_017.mp3","TajweedImageFilePath":"3/66/17.png","Text":"وَأَنتُمْ","Translation":"while you","Transliteration":"wa-antum"},{"Position":18,"AudioFileName":"003_066_018.mp3","TajweedImageFilePath":"3/66/18.png","Text":"لَا","Translation":"(do) not","Transliteration":"lā"},{"Position":19,"AudioFileName":"003_066_019.mp3","TajweedImageFilePath":"3/66/19.png","Text":"تَعْلَمُونَ","Translation":"know","Transliteration":"taʿlamūna"},{"Position":20,"AudioFileName":null,"TajweedImageFilePath":"66.png","Text":"٦٦","Translation":"(66)","Transliteration":null}],"PageNumber":58,"JuzNumber":3,"ManzilNumber":1,"RukuNumber":48,"MaqraNumber":23,"HizbNumber":6,"HizbDecimal":0.5,"HasSajda":false},{"SurahNumber":3,"SurahIndex":"003","VerseNumber":67,"ShowSurahName":false,"ShowBismillah":false,"Words":[{"Position":1,"AudioFileName":"003_067_001.mp3","TajweedImageFilePath":"3/67/1.png","Text":"مَا","Translation":"Not","Transliteration":"mā"},{"Position":2,"AudioFileName":"003_067_002.mp3","TajweedImageFilePath":"3/67/2.png","Text":"كَانَ","Translation":"was","Transliteration":"kāna"},{"Position":3,"AudioFileName":"003_067_003.mp3","TajweedImageFilePath":"3/67/3.png","Text":"إِبْرَٰهِيمُ","Translation":"Ibrahim","Transliteration":"ib'rāhīmu"},{"Position":4,"AudioFileName":"003_067_004.mp3","TajweedImageFilePath":"3/67/4.png","Text":"يَهُودِيًّۭا","Translation":"a Jew","Transliteration":"yahūdiyyan"},{"Position":5,"AudioFileName":"003_067_005.mp3","TajweedImageFilePath":"3/67/5.png","Text":"وَلَا","Translation":"and not","Transliteration":"walā"},{"Position":6,"AudioFileName":"003_067_006.mp3","TajweedImageFilePath":"3/67/6.png","Text":"نَصْرَانِيًّۭا","Translation":"a Christian","Transliteration":"naṣrāniyyan"},{"Position":7,"AudioFileName":"003_067_007.mp3","TajweedImageFilePath":"3/67/7.png","Text":"وَلَـٰكِن","Translation":"[and] but","Transliteration":"walākin"},{"Position":8,"AudioFileName":"003_067_008.mp3","TajweedImageFilePath":"3/67/8.png","Text":"كَانَ","Translation":"he was","Transliteration":"kāna"},{"Position":9,"AudioFileName":"003_067_009.mp3","TajweedImageFilePath":"3/67/9.png","Text":"حَنِيفًۭا","Translation":"a true","Transliteration":"ḥanīfan"},{"Position":10,"AudioFileName":"003_067_010.mp3","TajweedImageFilePath":"3/67/10.png","Text":"مُّسْلِمًۭا","Translation":"Muslim","Transliteration":"mus'liman"},{"Position":11,"AudioFileName":"003_067_011.mp3","TajweedImageFilePath":"3/67/11.png","Text":"وَمَا","Translation":"and not","Transliteration":"wamā"},{"Position":12,"AudioFileName":"003_067_012.mp3","TajweedImageFilePath":"3/67/12.png","Text":"كَانَ","Translation":"he was","Transliteration":"kāna"},{"Position":13,"AudioFileName":"003_067_013.mp3","TajweedImageFilePath":"3/67/13.png","Text":"مِنَ","Translation":"from","Transliteration":"mina"},{"Position":14,"AudioFileName":"003_067_014.mp3","TajweedImageFilePath":"3/67/14.png","Text":"ٱلْمُشْرِكِينَ","Translation":"the polytheists","Transliteration":"l-mush'rikīna"},{"Position":15,"AudioFileName":null,"TajweedImageFilePath":"67.png","Text":"٦٧","Translation":"(67)","Transliteration":null}],"PageNumber":58,"JuzNumber":3,"ManzilNumber":1,"RukuNumber":48,"MaqraNumber":23,"HizbNumber":6,"HizbDecimal":0.5,"HasSajda":false},{"SurahNumber":3,"SurahIndex":"003","VerseNumber":68,"ShowSurahName":false,"ShowBismillah":false,"Words":[{"Position":1,"AudioFileName":"003_068_001.mp3","TajweedImageFilePath":"3/68/1.png","Text":"إِنَّ","Translation":"Indeed","Transliteration":"inna"},{"Position":2,"AudioFileName":"003_068_002.mp3","TajweedImageFilePath":"3/68/2.png","Text":"أَوْلَى","Translation":"the best to claim relationship","Transliteration":"awlā"},{"Position":3,"AudioFileName":"003_068_003.mp3","TajweedImageFilePath":"3/68/3.png","Text":"ٱلنَّاسِ","Translation":"(of) people","Transliteration":"l-nāsi"},{"Position":4,"AudioFileName":"003_068_004.mp3","TajweedImageFilePath":"3/68/4.png","Text":"بِإِبْرَٰهِيمَ","Translation":"with Ibrahim","Transliteration":"bi-ib'rāhīma"},{"Position":5,"AudioFileName":"003_068_005.mp3","TajweedImageFilePath":"3/68/5.png","Text":"لَلَّذِينَ","Translation":"(are) those who","Transliteration":"lalladhīna"},{"Position":6,"AudioFileName":"003_068_006.mp3","TajweedImageFilePath":"3/68/6.png","Text":"ٱتَّبَعُوهُ","Translation":"follow him","Transliteration":"ittabaʿūhu"},{"Position":7,"AudioFileName":"003_068_007.mp3","TajweedImageFilePath":"3/68/7.png","Text":"وَهَـٰذَا","Translation":"and this","Transliteration":"wahādhā"},{"Position":8,"AudioFileName":"003_068_008.mp3","TajweedImageFilePath":"3/68/8.png","Text":"ٱلنَّبِىُّ","Translation":"[the] Prophet","Transliteration":"l-nabiyu"},{"Position":9,"AudioFileName":"003_068_009.mp3","TajweedImageFilePath":"3/68/9.png","Text":"وَٱلَّذِينَ","Translation":"and those who","Transliteration":"wa-alladhīna"},{"Position":10,"AudioFileName":"003_068_010.mp3","TajweedImageFilePath":"3/68/10.png","Text":"ءَامَنُوا۟ ۗ","Translation":"believe[d]","Transliteration":"āmanū"},{"Position":11,"AudioFileName":"003_068_011.mp3","TajweedImageFilePath":"3/68/11.png","Text":"وَٱللَّهُ","Translation":"And Allah","Transliteration":"wal-lahu"},{"Position":12,"AudioFileName":"003_068_012.mp3","TajweedImageFilePath":"3/68/12.png","Text":"وَلِىُّ","Translation":"(is) a Guardian","Transliteration":"waliyyu"},{"Position":13,"AudioFileName":"003_068_013.mp3","TajweedImageFilePath":"3/68/13.png","Text":"ٱلْمُؤْمِنِينَ","Translation":"(of) the believers","Transliteration":"l-mu'minīna"},{"Position":14,"AudioFileName":null,"TajweedImageFilePath":"68.png","Text":"٦٨","Translation":"(68)","Transliteration":null}],"PageNumber":58,"JuzNumber":3,"ManzilNumber":1,"RukuNumber":48,"MaqraNumber":23,"HizbNumber":6,"HizbDecimal":0.5,"HasSajda":false},{"SurahNumber":3,"SurahIndex":"003","VerseNumber":69,"ShowSurahName":false,"ShowBismillah":false,"Words":[{"Position":1,"AudioFileName":"003_069_001.mp3","TajweedImageFilePath":"3/69/1.png","Text":"وَدَّت","Translation":"Wished","Transliteration":"waddat"},{"Position":2,"AudioFileName":"003_069_002.mp3","TajweedImageFilePath":"3/69/2.png","Text":"طَّآئِفَةٌۭ","Translation":"a group","Transliteration":"ṭāifatun"},{"Position":3,"AudioFileName":"003_069_003.mp3","TajweedImageFilePath":"3/69/3.png","Text":"مِّنْ","Translation":"from","Transliteration":"min"},{"Position":4,"AudioFileName":"003_069_004.mp3","TajweedImageFilePath":"3/69/4.png","Text":"أَهْلِ","Translation":"(the) People","Transliteration":"ahli"},{"Position":5,"AudioFileName":"003_069_005.mp3","TajweedImageFilePath":"3/69/5.png","Text":"ٱلْكِتَـٰبِ","Translation":"(of) the Book","Transliteration":"l-kitābi"},{"Position":6,"AudioFileName":"003_069_006.mp3","TajweedImageFilePath":"3/69/6.png","Text":"لَوْ","Translation":"if","Transliteration":"law"},{"Position":7,"AudioFileName":"003_069_007.mp3","TajweedImageFilePath":"3/69/7.png","Text":"يُضِلُّونَكُمْ","Translation":"they could lead you astray","Transliteration":"yuḍillūnakum"},{"Position":8,"AudioFileName":"003_069_008.mp3","TajweedImageFilePath":"3/69/8.png","Text":"وَمَا","Translation":"and not","Transliteration":"wamā"},{"Position":9,"AudioFileName":"003_069_009.mp3","TajweedImageFilePath":"3/69/9.png","Text":"يُضِلُّونَ","Translation":"they lead astray","Transliteration":"yuḍillūna"},{"Position":10,"AudioFileName":"003_069_010.mp3","TajweedImageFilePath":"3/69/10.png","Text":"إِلَّآ","Translation":"except","Transliteration":"illā"},{"Position":11,"AudioFileName":"003_069_011.mp3","TajweedImageFilePath":"3/69/11.png","Text":"أَنفُسَهُمْ","Translation":"themselves","Transliteration":"anfusahum"},{"Position":12,"AudioFileName":"003_069_012.mp3","TajweedImageFilePath":"3/69/12.png","Text":"وَمَا","Translation":"and not","Transliteration":"wamā"},{"Position":13,"AudioFileName":"003_069_013.mp3","TajweedImageFilePath":"3/69/13.png","Text":"يَشْعُرُونَ","Translation":"they perceive","Transliteration":"yashʿurūna"},{"Position":14,"AudioFileName":null,"TajweedImageFilePath":"69.png","Text":"٦٩","Translation":"(69)","Transliteration":null}],"PageNumber":58,"JuzNumber":3,"ManzilNumber":1,"RukuNumber":48,"MaqraNumber":23,"HizbNumber":6,"HizbDecimal":0.5,"HasSajda":false},{"SurahNumber":3,"SurahIndex":"003","VerseNumber":70,"ShowSurahName":false,"ShowBismillah":false,"Words":[{"Position":1,"AudioFileName":"003_070_001.mp3","TajweedImageFilePath":"3/70/1.png","Text":"يَـٰٓأَهْلَ","Translation":"O People","Transliteration":"yāahla"},{"Position":2,"AudioFileName":"003_070_002.mp3","TajweedImageFilePath":"3/70/2.png","Text":"ٱلْكِتَـٰبِ","Translation":"(of) the Book","Transliteration":"l-kitābi"},{"Position":3,"AudioFileName":"003_070_003.mp3","TajweedImageFilePath":"3/70/3.png","Text":"لِمَ","Translation":"Why do","Transliteration":"lima"},{"Position":4,"AudioFileName":"003_070_004.mp3","TajweedImageFilePath":"3/70/4.png","Text":"تَكْفُرُونَ","Translation":"you deny","Transliteration":"takfurūna"},{"Position":5,"AudioFileName":"003_070_005.mp3","TajweedImageFilePath":"3/70/5.png","Text":"بِـَٔايَـٰتِ","Translation":"[in] the Signs","Transliteration":"biāyāti"},{"Position":6,"AudioFileName":"003_070_006.mp3","TajweedImageFilePath":"3/70/6.png","Text":"ٱللَّهِ","Translation":"(of) Allah","Transliteration":"l-lahi"},{"Position":7,"AudioFileName":"003_070_007.mp3","TajweedImageFilePath":"3/70/7.png","Text":"وَأَنتُمْ","Translation":"while you","Transliteration":"wa-antum"},{"Position":8,"AudioFileName":"003_070_008.mp3","TajweedImageFilePath":"3/70/8.png","Text":"تَشْهَدُونَ","Translation":"bear witness","Transliteration":"tashhadūna"},{"Position":9,"AudioFileName":null,"TajweedImageFilePath":"70.png","Text":"٧٠","Translation":"(70)","Transliteration":null}],"PageNumber":58,"JuzNumber":3,"ManzilNumber":1,"RukuNumber":48,"MaqraNumber":23,"HizbNumber":6,"HizbDecimal":0.5,"HasSajda":false},{"SurahNumber":3,"SurahIndex":"003","VerseNumber":71,"ShowSurahName":false,"ShowBismillah":false,"Words":[{"Position":1,"AudioFileName":"003_071_001.mp3","TajweedImageFilePath":"3/71/1.png","Text":"يَـٰٓأَهْلَ","Translation":"O People","Transliteration":"yāahla"},{"Position":2,"AudioFileName":"003_071_002.mp3","TajweedImageFilePath":"3/71/2.png","Text":"ٱلْكِتَـٰبِ","Translation":"(of) the Book","Transliteration":"l-kitābi"},{"Position":3,"AudioFileName":"003_071_003.mp3","TajweedImageFilePath":"3/71/3.png","Text":"لِمَ","Translation":"Why","Transliteration":"lima"},{"Position":4,"AudioFileName":"003_071_004.mp3","TajweedImageFilePath":"3/71/4.png","Text":"تَلْبِسُونَ","Translation":"do you mix","Transliteration":"talbisūna"},{"Position":5,"AudioFileName":"003_071_005.mp3","TajweedImageFilePath":"3/71/5.png","Text":"ٱلْحَقَّ","Translation":"the truth","Transliteration":"l-ḥaqa"},{"Position":6,"AudioFileName":"003_071_006.mp3","TajweedImageFilePath":"3/71/6.png","Text":"بِٱلْبَـٰطِلِ","Translation":"with the falsehood","Transliteration":"bil-bāṭili"},{"Position":7,"AudioFileName":"003_071_007.mp3","TajweedImageFilePath":"3/71/7.png","Text":"وَتَكْتُمُونَ","Translation":"and conceal","Transliteration":"wataktumūna"},{"Position":8,"AudioFileName":"003_071_008.mp3","TajweedImageFilePath":"3/71/8.png","Text":"ٱلْحَقَّ","Translation":"the truth","Transliteration":"l-ḥaqa"},{"Position":9,"AudioFileName":"003_071_009.mp3","TajweedImageFilePath":"3/71/9.png","Text":"وَأَنتُمْ","Translation":"while you","Transliteration":"wa-antum"},{"Position":10,"AudioFileName":"003_071_010.mp3","TajweedImageFilePath":"3/71/10.png","Text":"تَعْلَمُونَ","Translation":"know","Transliteration":"taʿlamūna"},{"Position":11,"AudioFileName":null,"TajweedImageFilePath":"71.png","Text":"٧١","Translation":"(71)","Transliteration":null}],"PageNumber":59,"JuzNumber":3,"ManzilNumber":1,"RukuNumber":48,"MaqraNumber":23,"HizbNumber":6,"HizbDecimal":0.5,"HasSajda":false},{"SurahNumber":3,"SurahIndex":"003","VerseNumber":72,"ShowSurahName":false,"ShowBismillah":false,"Words":[{"Position":1,"AudioFileName":"003_072_001.mp3","TajweedImageFilePath":"3/72/1.png","Text":"وَقَالَت","Translation":"And said","Transliteration":"waqālat"},{"Position":2,"AudioFileName":"003_072_002.mp3","TajweedImageFilePath":"3/72/2.png","Text":"طَّآئِفَةٌۭ","Translation":"a group","Transliteration":"ṭāifatun"},{"Position":3,"AudioFileName":"003_072_003.mp3","TajweedImageFilePath":"3/72/3.png","Text":"مِّنْ","Translation":"of","Transliteration":"min"},{"Position":4,"AudioFileName":"003_072_004.mp3","TajweedImageFilePath":"3/72/4.png","Text":"أَهْلِ","Translation":"(the) People","Transliteration":"ahli"},{"Position":5,"AudioFileName":"003_072_005.mp3","TajweedImageFilePath":"3/72/5.png","Text":"ٱلْكِتَـٰبِ","Translation":"(of) the Book","Transliteration":"l-kitābi"},{"Position":6,"AudioFileName":"003_072_006.mp3","TajweedImageFilePath":"3/72/6.png","Text":"ءَامِنُوا۟","Translation":"Believe","Transliteration":"āminū"},{"Position":7,"AudioFileName":"003_072_007.mp3","TajweedImageFilePath":"3/72/7.png","Text":"بِٱلَّذِىٓ","Translation":"in what","Transliteration":"bi-alladhī"},{"Position":8,"AudioFileName":"003_072_008.mp3","TajweedImageFilePath":"3/72/8.png","Text":"أُنزِلَ","Translation":"was revealed","Transliteration":"unzila"},{"Position":9,"AudioFileName":"003_072_009.mp3","TajweedImageFilePath":"3/72/9.png","Text":"عَلَى","Translation":"on","Transliteration":"ʿalā"},{"Position":10,"AudioFileName":"003_072_010.mp3","TajweedImageFilePath":"3/72/10.png","Text":"ٱلَّذِينَ","Translation":"those who","Transliteration":"alladhīna"},{"Position":11,"AudioFileName":"003_072_011.mp3","TajweedImageFilePath":"3/72/11.png","Text":"ءَامَنُوا۟","Translation":"believe[d]","Transliteration":"āmanū"},{"Position":12,"AudioFileName":"003_072_012.mp3","TajweedImageFilePath":"3/72/12.png","Text":"وَجْهَ","Translation":"(at the) beginning","Transliteration":"wajha"},{"Position":13,"AudioFileName":"003_072_013.mp3","TajweedImageFilePath":"3/72/13.png","Text":"ٱلنَّهَارِ","Translation":"(of) the day","Transliteration":"l-nahāri"},{"Position":14,"AudioFileName":"003_072_014.mp3","TajweedImageFilePath":"3/72/14.png","Text":"وَٱكْفُرُوٓا۟","Translation":"and reject","Transliteration":"wa-uk'furū"},{"Position":15,"AudioFileName":"003_072_015.mp3","TajweedImageFilePath":"3/72/15.png","Text":"ءَاخِرَهُۥ","Translation":"(at) its end","Transliteration":"ākhirahu"},{"Position":16,"AudioFileName":"003_072_016.mp3","TajweedImageFilePath":"3/72/16.png","Text":"لَعَلَّهُمْ","Translation":"perhaps they may","Transliteration":"laʿallahum"},{"Position":17,"AudioFileName":"003_072_017.mp3","TajweedImageFilePath":"3/72/17.png","Text":"يَرْجِعُونَ","Translation":"return","Transliteration":"yarjiʿūna"},{"Position":18,"AudioFileName":null,"TajweedImageFilePath":"72.png","Text":"٧٢","Translation":"(72)","Transliteration":null}],"PageNumber":59,"JuzNumber":3,"ManzilNumber":1,"RukuNumber":49,"MaqraNumber":23,"HizbNumber":6,"HizbDecimal":0.5,"HasSajda":false},{"SurahNumber":3,"SurahIndex":"003","VerseNumber":73,"ShowSurahName":false,"ShowBismillah":false,"Words":[{"Position":1,"AudioFileName":"003_073_001.mp3","TajweedImageFilePath":"3/73/1.png","Text":"وَلَا","Translation":"And (do) not","Transliteration":"walā"},{"Position":2,"AudioFileName":"003_073_002.mp3","TajweedImageFilePath":"3/73/2.png","Text":"تُؤْمِنُوٓا۟","Translation":"believe","Transliteration":"tu'minū"},{"Position":3,"AudioFileName":"003_073_003.mp3","TajweedImageFilePath":"3/73/3.png","Text":"إِلَّا","Translation":"except","Transliteration":"illā"},{"Position":4,"AudioFileName":"003_073_004.mp3","TajweedImageFilePath":"3/73/4.png","Text":"لِمَن","Translation":"(the one) who","Transliteration":"liman"},{"Position":5,"AudioFileName":"003_073_005.mp3","TajweedImageFilePath":"3/73/5.png","Text":"تَبِعَ","Translation":"follows","Transliteration":"tabiʿa"},{"Position":6,"AudioFileName":"003_073_006.mp3","TajweedImageFilePath":"3/73/6.png","Text":"دِينَكُمْ","Translation":"your religion","Transliteration":"dīnakum"},{"Position":7,"AudioFileName":"003_073_007.mp3","TajweedImageFilePath":"3/73/7.png","Text":"قُلْ","Translation":"Say","Transliteration":"qul"},{"Position":8,"AudioFileName":"003_073_008.mp3","TajweedImageFilePath":"3/73/8.png","Text":"إِنَّ","Translation":"Indeed","Transliteration":"inna"},{"Position":9,"AudioFileName":"003_073_009.mp3","TajweedImageFilePath":"3/73/9.png","Text":"ٱلْهُدَىٰ","Translation":"the (true) guidance","Transliteration":"l-hudā"},{"Position":10,"AudioFileName":"003_073_010.mp3","TajweedImageFilePath":"3/73/10.png","Text":"هُدَى","Translation":"(is the) Guidance","Transliteration":"hudā"},{"Position":11,"AudioFileName":"003_073_011.mp3","TajweedImageFilePath":"3/73/11.png","Text":"ٱللَّهِ","Translation":"(of) Allah ","Transliteration":"l-lahi"},{"Position":12,"AudioFileName":"003_073_012.mp3","TajweedImageFilePath":"3/73/12.png","Text":"أَن","Translation":"lest","Transliteration":"an"},{"Position":13,"AudioFileName":"003_073_013.mp3","TajweedImageFilePath":"3/73/13.png","Text":"يُؤْتَىٰٓ","Translation":"is given","Transliteration":"yu'tā"},{"Position":14,"AudioFileName":"003_073_014.mp3","TajweedImageFilePath":"3/73/14.png","Text":"أَحَدٌۭ","Translation":"(to) one ","Transliteration":"aḥadun"},{"Position":15,"AudioFileName":"003_073_015.mp3","TajweedImageFilePath":"3/73/15.png","Text":"مِّثْلَ","Translation":"(the) like","Transliteration":"mith'la"},{"Position":16,"AudioFileName":"003_073_016.mp3","TajweedImageFilePath":"3/73/16.png","Text":"مَآ","Translation":"(of) what","Transliteration":"mā"},{"Position":17,"AudioFileName":"003_073_017.mp3","TajweedImageFilePath":"3/73/17.png","Text":"أُوتِيتُمْ","Translation":"was given to you","Transliteration":"ūtītum"},{"Position":18,"AudioFileName":"003_073_018.mp3","TajweedImageFilePath":"3/73/18.png","Text":"أَوْ","Translation":"or","Transliteration":"aw"},{"Position":19,"AudioFileName":"003_073_019.mp3","TajweedImageFilePath":"3/73/19.png","Text":"يُحَآجُّوكُمْ","Translation":"they may argue with you","Transliteration":"yuḥājjūkum"},{"Position":20,"AudioFileName":"003_073_020.mp3","TajweedImageFilePath":"3/73/20.png","Text":"عِندَ","Translation":"near","Transliteration":"ʿinda"},{"Position":21,"AudioFileName":"003_073_021.mp3","TajweedImageFilePath":"3/73/21.png","Text":"رَبِّكُمْ ۗ","Translation":"your Lord","Transliteration":"rabbikum"},{"Position":22,"AudioFileName":"003_073_022.mp3","TajweedImageFilePath":"3/73/22.png","Text":"قُلْ","Translation":"Say","Transliteration":"qul"},{"Position":23,"AudioFileName":"003_073_023.mp3","TajweedImageFilePath":"3/73/23.png","Text":"إِنَّ","Translation":"Indeed","Transliteration":"inna"},{"Position":24,"AudioFileName":"003_073_024.mp3","TajweedImageFilePath":"3/73/24.png","Text":"ٱلْفَضْلَ","Translation":"the Bounty","Transliteration":"l-faḍla"},{"Position":25,"AudioFileName":"003_073_025.mp3","TajweedImageFilePath":"3/73/25.png","Text":"بِيَدِ","Translation":"(is) in the Hand","Transliteration":"biyadi"},{"Position":26,"AudioFileName":"003_073_026.mp3","TajweedImageFilePath":"3/73/26.png","Text":"ٱللَّهِ","Translation":"(of) Allah","Transliteration":"l-lahi"},{"Position":27,"AudioFileName":"003_073_027.mp3","TajweedImageFilePath":"3/73/27.png","Text":"يُؤْتِيهِ","Translation":"He gives it","Transliteration":"yu'tīhi"},{"Position":28,"AudioFileName":"003_073_028.mp3","TajweedImageFilePath":"3/73/28.png","Text":"مَن","Translation":"(to) whom","Transliteration":"man"},{"Position":29,"AudioFileName":"003_073_029.mp3","TajweedImageFilePath":"3/73/29.png","Text":"يَشَآءُ ۗ","Translation":"He wills","Transliteration":"yashāu"},{"Position":30,"AudioFileName":"003_073_030.mp3","TajweedImageFilePath":"3/73/30.png","Text":"وَٱللَّهُ","Translation":"and Allah","Transliteration":"wal-lahu"},{"Position":31,"AudioFileName":"003_073_031.mp3","TajweedImageFilePath":"3/73/31.png","Text":"وَٰسِعٌ","Translation":"(is) All-Encompassing","Transliteration":"wāsiʿun"},{"Position":32,"AudioFileName":"003_073_032.mp3","TajweedImageFilePath":"3/73/32.png","Text":"عَلِيمٌۭ","Translation":"All-Knowing","Transliteration":"ʿalīmun"},{"Position":33,"AudioFileName":null,"TajweedImageFilePath":"73.png","Text":"٧٣","Translation":"(73)","Transliteration":null}],"PageNumber":59,"JuzNumber":3,"ManzilNumber":1,"RukuNumber":49,"MaqraNumber":23,"HizbNumber":6,"HizbDecimal":0.5,"HasSajda":false},{"SurahNumber":3,"SurahIndex":"003","VerseNumber":74,"ShowSurahName":false,"ShowBismillah":false,"Words":[{"Position":1,"AudioFileName":"003_074_001.mp3","TajweedImageFilePath":"3/74/1.png","Text":"يَخْتَصُّ","Translation":"He chooses","Transliteration":"yakhtaṣṣu"},{"Position":2,"AudioFileName":"003_074_002.mp3","TajweedImageFilePath":"3/74/2.png","Text":"بِرَحْمَتِهِۦ","Translation":"for His Mercy","Transliteration":"biraḥmatihi"},{"Position":3,"AudioFileName":"003_074_003.mp3","TajweedImageFilePath":"3/74/3.png","Text":"مَن","Translation":"whom","Transliteration":"man"},{"Position":4,"AudioFileName":"003_074_004.mp3","TajweedImageFilePath":"3/74/4.png","Text":"يَشَآءُ ۗ","Translation":"He wills","Transliteration":"yashāu"},{"Position":5,"AudioFileName":"003_074_005.mp3","TajweedImageFilePath":"3/74/5.png","Text":"وَٱللَّهُ","Translation":"And Allah","Transliteration":"wal-lahu"},{"Position":6,"AudioFileName":"003_074_006.mp3","TajweedImageFilePath":"3/74/6.png","Text":"ذُو","Translation":"(is) the Possessor","Transliteration":"dhū"},{"Position":7,"AudioFileName":"003_074_007.mp3","TajweedImageFilePath":"3/74/7.png","Text":"ٱلْفَضْلِ","Translation":"(of) Bounty ","Transliteration":"l-faḍli"},{"Position":8,"AudioFileName":"003_074_008.mp3","TajweedImageFilePath":"3/74/8.png","Text":"ٱلْعَظِيمِ","Translation":"[the] great","Transliteration":"l-ʿaẓīmi"},{"Position":9,"AudioFileName":null,"TajweedImageFilePath":"74.png","Text":"٧٤","Translation":"(74)","Transliteration":null}],"PageNumber":59,"JuzNumber":3,"ManzilNumber":1,"RukuNumber":49,"MaqraNumber":23,"HizbNumber":6,"HizbDecimal":0.5,"HasSajda":false}]}