{"MaqraNumber":34,"Verses":[{"SurahNumber":4,"SurahIndex":"004","VerseNumber":36,"ShowSurahName":false,"ShowBismillah":false,"Words":[{"Position":1,"AudioFileName":"004_036_001.mp3","TajweedImageFilePath":"4/36/1.png","Text":"۞ وَٱعْبُدُوا۟","Translation":"And worship","Transliteration":"wa-uʿ'budū"},{"Position":2,"AudioFileName":"004_036_002.mp3","TajweedImageFilePath":"4/36/2.png","Text":"ٱللَّهَ","Translation":"Allah","Transliteration":"l-laha"},{"Position":3,"AudioFileName":"004_036_003.mp3","TajweedImageFilePath":"4/36/3.png","Text":"وَلَا","Translation":"And (do) not","Transliteration":"walā"},{"Position":4,"AudioFileName":"004_036_004.mp3","TajweedImageFilePath":"4/36/4.png","Text":"تُشْرِكُوا۟","Translation":"associate","Transliteration":"tush'rikū"},{"Position":5,"AudioFileName":"004_036_005.mp3","TajweedImageFilePath":"4/36/5.png","Text":"بِهِۦ","Translation":"with Him","Transliteration":"bihi"},{"Position":6,"AudioFileName":"004_036_006.mp3","TajweedImageFilePath":"4/36/6.png","Text":"شَيْـًۭٔا ۖ","Translation":"anything","Transliteration":"shayan"},{"Position":7,"AudioFileName":"004_036_007.mp3","TajweedImageFilePath":"4/36/7.png","Text":"وَبِٱلْوَٰلِدَيْنِ","Translation":"and to the parents","Transliteration":"wabil-wālidayni"},{"Position":8,"AudioFileName":"004_036_008.mp3","TajweedImageFilePath":"4/36/8.png","Text":"إِحْسَـٰنًۭا","Translation":"(do) good","Transliteration":"iḥ'sānan"},{"Position":9,"AudioFileName":"004_036_009.mp3","TajweedImageFilePath":"4/36/9.png","Text":"وَبِذِى","Translation":"and with","Transliteration":"wabidhī"},{"Position":10,"AudioFileName":"004_036_010.mp3","TajweedImageFilePath":"4/36/10.png","Text":"ٱلْقُرْبَىٰ","Translation":"the relatives","Transliteration":"l-qur'bā"},{"Position":11,"AudioFileName":"004_036_011.mp3","TajweedImageFilePath":"4/36/11.png","Text":"وَٱلْيَتَـٰمَىٰ","Translation":"and the orphans","Transliteration":"wal-yatāmā"},{"Position":12,"AudioFileName":"004_036_012.mp3","TajweedImageFilePath":"4/36/12.png","Text":"وَٱلْمَسَـٰكِينِ","Translation":"and the needy","Transliteration":"wal-masākīni"},{"Position":13,"AudioFileName":"004_036_013.mp3","TajweedImageFilePath":"4/36/13.png","Text":"وَٱلْجَارِ","Translation":"and the neighbor","Transliteration":"wal-jāri"},{"Position":14,"AudioFileName":"004_036_014.mp3","TajweedImageFilePath":"4/36/14.png","Text":"ذِى","Translation":"(who is)","Transliteration":"dhī"},{"Position":15,"AudioFileName":"004_036_015.mp3","TajweedImageFilePath":"4/36/15.png","Text":"ٱلْقُرْبَىٰ","Translation":"near","Transliteration":"l-qur'bā"},{"Position":16,"AudioFileName":"004_036_016.mp3","TajweedImageFilePath":"4/36/16.png","Text":"وَٱلْجَارِ","Translation":"and the neighbor","Transliteration":"wal-jāri"},{"Position":17,"AudioFileName":"004_036_017.mp3","TajweedImageFilePath":"4/36/17.png","Text":"ٱلْجُنُبِ","Translation":"(who is) farther away","Transliteration":"l-junubi"},{"Position":18,"AudioFileName":"004_036_018.mp3","TajweedImageFilePath":"4/36/18.png","Text":"وَٱلصَّاحِبِ","Translation":"and the companion","Transliteration":"wal-ṣāḥibi"},{"Position":19,"AudioFileName":"004_036_019.mp3","TajweedImageFilePath":"4/36/19.png","Text":"بِٱلْجَنۢبِ","Translation":"by your side","Transliteration":"bil-janbi"},{"Position":20,"AudioFileName":"004_036_020.mp3","TajweedImageFilePath":"4/36/20.png","Text":"وَٱبْنِ","Translation":"and the","Transliteration":"wa-ib'ni"},{"Position":21,"AudioFileName":"004_036_021.mp3","TajweedImageFilePath":"4/36/21.png","Text":"ٱلسَّبِيلِ","Translation":"traveler","Transliteration":"l-sabīli"},{"Position":22,"AudioFileName":"004_036_022.mp3","TajweedImageFilePath":"4/36/22.png","Text":"وَمَا","Translation":"and what","Transliteration":"wamā"},{"Position":23,"AudioFileName":"004_036_023.mp3","TajweedImageFilePath":"4/36/23.png","Text":"مَلَكَتْ","Translation":"possess[ed]","Transliteration":"malakat"},{"Position":24,"AudioFileName":"004_036_024.mp3","TajweedImageFilePath":"4/36/24.png","Text":"أَيْمَـٰنُكُمْ ۗ","Translation":"your right hands","Transliteration":"aymānukum"},{"Position":25,"AudioFileName":"004_036_025.mp3","TajweedImageFilePath":"4/36/25.png","Text":"إِنَّ","Translation":"Indeed","Transliteration":"inna"},{"Position":26,"AudioFileName":"004_036_026.mp3","TajweedImageFilePath":"4/36/26.png","Text":"ٱللَّهَ","Translation":"Allah","Transliteration":"l-laha"},{"Position":27,"AudioFileName":"004_036_027.mp3","TajweedImageFilePath":"4/36/27.png","Text":"لَا","Translation":"(does) not","Transliteration":"lā"},{"Position":28,"AudioFileName":"004_036_028.mp3","TajweedImageFilePath":"4/36/28.png","Text":"يُحِبُّ","Translation":"love","Transliteration":"yuḥibbu"},{"Position":29,"AudioFileName":"004_036_029.mp3","TajweedImageFilePath":"4/36/29.png","Text":"مَن","Translation":"(the one) who","Transliteration":"man"},{"Position":30,"AudioFileName":"004_036_030.mp3","TajweedImageFilePath":"4/36/30.png","Text":"كَانَ","Translation":"is","Transliteration":"kāna"},{"Position":31,"AudioFileName":"004_036_031.mp3","TajweedImageFilePath":"4/36/31.png","Text":"مُخْتَالًۭا","Translation":"[a] proud","Transliteration":"mukh'tālan"},{"Position":32,"AudioFileName":"004_036_032.mp3","TajweedImageFilePath":"4/36/32.png","Text":"فَخُورًا","Translation":"(and) [a] boastful","Transliteration":"fakhūran"},{"Position":33,"AudioFileName":null,"TajweedImageFilePath":"36.png","Text":"٣٦","Translation":"(36)","Transliteration":null}],"PageNumber":84,"JuzNumber":5,"ManzilNumber":1,"RukuNumber":67,"MaqraNumber":34,"HizbNumber":9,"HizbDecimal":0.25,"HasSajda":false},{"SurahNumber":4,"SurahIndex":"004","VerseNumber":37,"ShowSurahName":false,"ShowBismillah":false,"Words":[{"Position":1,"AudioFileName":"004_037_001.mp3","TajweedImageFilePath":"4/37/1.png","Text":"ٱلَّذِينَ","Translation":"Those who","Transliteration":"alladhīna"},{"Position":2,"AudioFileName":"004_037_002.mp3","TajweedImageFilePath":"4/37/2.png","Text":"يَبْخَلُونَ","Translation":"are stingy","Transliteration":"yabkhalūna"},{"Position":3,"AudioFileName":"004_037_003.mp3","TajweedImageFilePath":"4/37/3.png","Text":"وَيَأْمُرُونَ","Translation":"and order","Transliteration":"wayamurūna"},{"Position":4,"AudioFileName":"004_037_004.mp3","TajweedImageFilePath":"4/37/4.png","Text":"ٱلنَّاسَ","Translation":"the people","Transliteration":"l-nāsa"},{"Position":5,"AudioFileName":"004_037_005.mp3","TajweedImageFilePath":"4/37/5.png","Text":"بِٱلْبُخْلِ","Translation":"[of] stinginess","Transliteration":"bil-bukh'li"},{"Position":6,"AudioFileName":"004_037_006.mp3","TajweedImageFilePath":"4/37/6.png","Text":"وَيَكْتُمُونَ","Translation":"and hide","Transliteration":"wayaktumūna"},{"Position":7,"AudioFileName":"004_037_007.mp3","TajweedImageFilePath":"4/37/7.png","Text":"مَآ","Translation":"what","Transliteration":"mā"},{"Position":8,"AudioFileName":"004_037_008.mp3","TajweedImageFilePath":"4/37/8.png","Text":"ءَاتَىٰهُمُ","Translation":"(has) given them","Transliteration":"ātāhumu"},{"Position":9,"AudioFileName":"004_037_009.mp3","TajweedImageFilePath":"4/37/9.png","Text":"ٱللَّهُ","Translation":"Allah","Transliteration":"l-lahu"},{"Position":10,"AudioFileName":"004_037_010.mp3","TajweedImageFilePath":"4/37/10.png","Text":"مِن","Translation":"of","Transliteration":"min"},{"Position":11,"AudioFileName":"004_037_011.mp3","TajweedImageFilePath":"4/37/11.png","Text":"فَضْلِهِۦ ۗ","Translation":"His Bounty ","Transliteration":"faḍlihi"},{"Position":12,"AudioFileName":"004_037_012.mp3","TajweedImageFilePath":"4/37/12.png","Text":"وَأَعْتَدْنَا","Translation":"and We (have) prepared","Transliteration":"wa-aʿtadnā"},{"Position":13,"AudioFileName":"004_037_013.mp3","TajweedImageFilePath":"4/37/13.png","Text":"لِلْكَـٰفِرِينَ","Translation":"for the disbelievers","Transliteration":"lil'kāfirīna"},{"Position":14,"AudioFileName":"004_037_014.mp3","TajweedImageFilePath":"4/37/14.png","Text":"عَذَابًۭا","Translation":"a punishment","Transliteration":"ʿadhāban"},{"Position":15,"AudioFileName":"004_037_015.mp3","TajweedImageFilePath":"4/37/15.png","Text":"مُّهِينًۭا","Translation":"humiliating","Transliteration":"muhīnan"},{"Position":16,"AudioFileName":null,"TajweedImageFilePath":"37.png","Text":"٣٧","Translation":"(37)","Transliteration":null}],"PageNumber":84,"JuzNumber":5,"ManzilNumber":1,"RukuNumber":67,"MaqraNumber":34,"HizbNumber":9,"HizbDecimal":0.25,"HasSajda":false},{"SurahNumber":4,"SurahIndex":"004","VerseNumber":38,"ShowSurahName":false,"ShowBismillah":false,"Words":[{"Position":1,"AudioFileName":"004_038_001.mp3","TajweedImageFilePath":"4/38/1.png","Text":"وَٱلَّذِينَ","Translation":"And those who","Transliteration":"wa-alladhīna"},{"Position":2,"AudioFileName":"004_038_002.mp3","TajweedImageFilePath":"4/38/2.png","Text":"يُنفِقُونَ","Translation":"spend","Transliteration":"yunfiqūna"},{"Position":3,"AudioFileName":"004_038_003.mp3","TajweedImageFilePath":"4/38/3.png","Text":"أَمْوَٰلَهُمْ","Translation":"their wealth","Transliteration":"amwālahum"},{"Position":4,"AudioFileName":"004_038_004.mp3","TajweedImageFilePath":"4/38/4.png","Text":"رِئَآءَ","Translation":"to be seen","Transliteration":"riāa"},{"Position":5,"AudioFileName":"004_038_005.mp3","TajweedImageFilePath":"4/38/5.png","Text":"ٱلنَّاسِ","Translation":"(by) the people","Transliteration":"l-nāsi"},{"Position":6,"AudioFileName":"004_038_006.mp3","TajweedImageFilePath":"4/38/6.png","Text":"وَلَا","Translation":"and not","Transliteration":"walā"},{"Position":7,"AudioFileName":"004_038_007.mp3","TajweedImageFilePath":"4/38/7.png","Text":"يُؤْمِنُونَ","Translation":"they believe","Transliteration":"yu'minūna"},{"Position":8,"AudioFileName":"004_038_008.mp3","TajweedImageFilePath":"4/38/8.png","Text":"بِٱللَّهِ","Translation":"in Allah","Transliteration":"bil-lahi"},{"Position":9,"AudioFileName":"004_038_009.mp3","TajweedImageFilePath":"4/38/9.png","Text":"وَلَا","Translation":"and not","Transliteration":"walā"},{"Position":10,"AudioFileName":"004_038_010.mp3","TajweedImageFilePath":"4/38/10.png","Text":"بِٱلْيَوْمِ","Translation":"in the Day","Transliteration":"bil-yawmi"},{"Position":11,"AudioFileName":"004_038_011.mp3","TajweedImageFilePath":"4/38/11.png","Text":"ٱلْـَٔاخِرِ ۗ","Translation":"the Last","Transliteration":"l-ākhiri"},{"Position":12,"AudioFileName":"004_038_012.mp3","TajweedImageFilePath":"4/38/12.png","Text":"وَمَن","Translation":"and whoever","Transliteration":"waman"},{"Position":13,"AudioFileName":"004_038_013.mp3","TajweedImageFilePath":"4/38/13.png","Text":"يَكُنِ","Translation":"has","Transliteration":"yakuni"},{"Position":14,"AudioFileName":"004_038_014.mp3","TajweedImageFilePath":"4/38/14.png","Text":"ٱلشَّيْطَـٰنُ","Translation":"the Shaitaan","Transliteration":"l-shayṭānu"},{"Position":15,"AudioFileName":"004_038_015.mp3","TajweedImageFilePath":"4/38/15.png","Text":"لَهُۥ","Translation":"for him","Transliteration":"lahu"},{"Position":16,"AudioFileName":"004_038_016.mp3","TajweedImageFilePath":"4/38/16.png","Text":"قَرِينًۭا","Translation":"(as) companion ","Transliteration":"qarīnan"},{"Position":17,"AudioFileName":"004_038_017.mp3","TajweedImageFilePath":"4/38/17.png","Text":"فَسَآءَ","Translation":"then evil","Transliteration":"fasāa"},{"Position":18,"AudioFileName":"004_038_018.mp3","TajweedImageFilePath":"4/38/18.png","Text":"قَرِينًۭا","Translation":"(is he as) a companion","Transliteration":"qarīnan"},{"Position":19,"AudioFileName":null,"TajweedImageFilePath":"38.png","Text":"٣٨","Translation":"(38)","Transliteration":null}],"PageNumber":85,"JuzNumber":5,"ManzilNumber":1,"RukuNumber":67,"MaqraNumber":34,"HizbNumber":9,"HizbDecimal":0.25,"HasSajda":false},{"SurahNumber":4,"SurahIndex":"004","VerseNumber":39,"ShowSurahName":false,"ShowBismillah":false,"Words":[{"Position":1,"AudioFileName":"004_039_001.mp3","TajweedImageFilePath":"4/39/1.png","Text":"وَمَاذَا","Translation":"And what","Transliteration":"wamādhā"},{"Position":2,"AudioFileName":"004_039_002.mp3","TajweedImageFilePath":"4/39/2.png","Text":"عَلَيْهِمْ","Translation":"(is) against them","Transliteration":"ʿalayhim"},{"Position":3,"AudioFileName":"004_039_003.mp3","TajweedImageFilePath":"4/39/3.png","Text":"لَوْ","Translation":"if","Transliteration":"law"},{"Position":4,"AudioFileName":"004_039_004.mp3","TajweedImageFilePath":"4/39/4.png","Text":"ءَامَنُوا۟","Translation":"they believed","Transliteration":"āmanū"},{"Position":5,"AudioFileName":"004_039_005.mp3","TajweedImageFilePath":"4/39/5.png","Text":"بِٱللَّهِ","Translation":"in Allah","Transliteration":"bil-lahi"},{"Position":6,"AudioFileName":"004_039_006.mp3","TajweedImageFilePath":"4/39/6.png","Text":"وَٱلْيَوْمِ","Translation":"and the Day","Transliteration":"wal-yawmi"},{"Position":7,"AudioFileName":"004_039_007.mp3","TajweedImageFilePath":"4/39/7.png","Text":"ٱلْـَٔاخِرِ","Translation":"the Last","Transliteration":"l-ākhiri"},{"Position":8,"AudioFileName":"004_039_008.mp3","TajweedImageFilePath":"4/39/8.png","Text":"وَأَنفَقُوا۟","Translation":"and spent","Transliteration":"wa-anfaqū"},{"Position":9,"AudioFileName":"004_039_009.mp3","TajweedImageFilePath":"4/39/9.png","Text":"مِمَّا","Translation":"from what","Transliteration":"mimmā"},{"Position":10,"AudioFileName":"004_039_010.mp3","TajweedImageFilePath":"4/39/10.png","Text":"رَزَقَهُمُ","Translation":"(has) provided them","Transliteration":"razaqahumu"},{"Position":11,"AudioFileName":"004_039_011.mp3","TajweedImageFilePath":"4/39/11.png","Text":"ٱللَّهُ ۚ","Translation":"Allah","Transliteration":"l-lahu"},{"Position":12,"AudioFileName":"004_039_012.mp3","TajweedImageFilePath":"4/39/12.png","Text":"وَكَانَ","Translation":"And is","Transliteration":"wakāna"},{"Position":13,"AudioFileName":"004_039_013.mp3","TajweedImageFilePath":"4/39/13.png","Text":"ٱللَّهُ","Translation":"Allah","Transliteration":"l-lahu"},{"Position":14,"AudioFileName":"004_039_014.mp3","TajweedImageFilePath":"4/39/14.png","Text":"بِهِمْ","Translation":"about them","Transliteration":"bihim"},{"Position":15,"AudioFileName":"004_039_015.mp3","TajweedImageFilePath":"4/39/15.png","Text":"عَلِيمًا","Translation":"All-Knower","Transliteration":"ʿalīman"},{"Position":16,"AudioFileName":null,"TajweedImageFilePath":"39.png","Text":"٣٩","Translation":"(39)","Transliteration":null}],"PageNumber":85,"JuzNumber":5,"ManzilNumber":1,"RukuNumber":67,"MaqraNumber":34,"HizbNumber":9,"HizbDecimal":0.25,"HasSajda":false},{"SurahNumber":4,"SurahIndex":"004","VerseNumber":40,"ShowSurahName":false,"ShowBismillah":false,"Words":[{"Position":1,"AudioFileName":"004_040_001.mp3","TajweedImageFilePath":"4/40/1.png","Text":"إِنَّ","Translation":"Indeed","Transliteration":"inna"},{"Position":2,"AudioFileName":"004_040_002.mp3","TajweedImageFilePath":"4/40/2.png","Text":"ٱللَّهَ","Translation":"Allah","Transliteration":"l-laha"},{"Position":3,"AudioFileName":"004_040_003.mp3","TajweedImageFilePath":"4/40/3.png","Text":"لَا","Translation":"(does) not","Transliteration":"lā"},{"Position":4,"AudioFileName":"004_040_004.mp3","TajweedImageFilePath":"4/40/4.png","Text":"يَظْلِمُ","Translation":"wrong","Transliteration":"yaẓlimu"},{"Position":5,"AudioFileName":"004_040_005.mp3","TajweedImageFilePath":"4/40/5.png","Text":"مِثْقَالَ","Translation":"(as much as) weight","Transliteration":"mith'qāla"},{"Position":6,"AudioFileName":"004_040_006.mp3","TajweedImageFilePath":"4/40/6.png","Text":"ذَرَّةٍۢ ۖ","Translation":"(of) an atom","Transliteration":"dharratin"},{"Position":7,"AudioFileName":"004_040_007.mp3","TajweedImageFilePath":"4/40/7.png","Text":"وَإِن","Translation":"And if","Transliteration":"wa-in"},{"Position":8,"AudioFileName":"004_040_008.mp3","TajweedImageFilePath":"4/40/8.png","Text":"تَكُ","Translation":"there is","Transliteration":"taku"},{"Position":9,"AudioFileName":"004_040_009.mp3","TajweedImageFilePath":"4/40/9.png","Text":"حَسَنَةًۭ","Translation":"a good","Transliteration":"ḥasanatan"},{"Position":10,"AudioFileName":"004_040_010.mp3","TajweedImageFilePath":"4/40/10.png","Text":"يُضَـٰعِفْهَا","Translation":"He doubles it","Transliteration":"yuḍāʿif'hā"},{"Position":11,"AudioFileName":"004_040_011.mp3","TajweedImageFilePath":"4/40/11.png","Text":"وَيُؤْتِ","Translation":"and gives","Transliteration":"wayu'ti"},{"Position":12,"AudioFileName":"004_040_012.mp3","TajweedImageFilePath":"4/40/12.png","Text":"مِن","Translation":"from","Transliteration":"min"},{"Position":13,"AudioFileName":"004_040_013.mp3","TajweedImageFilePath":"4/40/13.png","Text":"لَّدُنْهُ","Translation":"near Him","Transliteration":"ladun'hu"},{"Position":14,"AudioFileName":"004_040_014.mp3","TajweedImageFilePath":"4/40/14.png","Text":"أَجْرًا","Translation":"a reward","Transliteration":"ajran"},{"Position":15,"AudioFileName":"004_040_015.mp3","TajweedImageFilePath":"4/40/15.png","Text":"عَظِيمًۭا","Translation":"great","Transliteration":"ʿaẓīman"},{"Position":16,"AudioFileName":null,"TajweedImageFilePath":"40.png","Text":"٤٠","Translation":"(40)","Transliteration":null}],"PageNumber":85,"JuzNumber":5,"ManzilNumber":1,"RukuNumber":67,"MaqraNumber":34,"HizbNumber":9,"HizbDecimal":0.25,"HasSajda":false},{"SurahNumber":4,"SurahIndex":"004","VerseNumber":41,"ShowSurahName":false,"ShowBismillah":false,"Words":[{"Position":1,"AudioFileName":"004_041_001.mp3","TajweedImageFilePath":"4/41/1.png","Text":"فَكَيْفَ","Translation":"So how (will it be)","Transliteration":"fakayfa"},{"Position":2,"AudioFileName":"004_041_002.mp3","TajweedImageFilePath":"4/41/2.png","Text":"إِذَا","Translation":"when","Transliteration":"idhā"},{"Position":3,"AudioFileName":"004_041_003.mp3","TajweedImageFilePath":"4/41/3.png","Text":"جِئْنَا","Translation":"We bring","Transliteration":"ji'nā"},{"Position":4,"AudioFileName":"004_041_004.mp3","TajweedImageFilePath":"4/41/4.png","Text":"مِن","Translation":"from","Transliteration":"min"},{"Position":5,"AudioFileName":"004_041_005.mp3","TajweedImageFilePath":"4/41/5.png","Text":"كُلِّ","Translation":"every","Transliteration":"kulli"},{"Position":6,"AudioFileName":"004_041_006.mp3","TajweedImageFilePath":"4/41/6.png","Text":"أُمَّةٍۭ","Translation":"nation","Transliteration":"ummatin"},{"Position":7,"AudioFileName":"004_041_007.mp3","TajweedImageFilePath":"4/41/7.png","Text":"بِشَهِيدٍۢ","Translation":"a witness","Transliteration":"bishahīdin"},{"Position":8,"AudioFileName":"004_041_008.mp3","TajweedImageFilePath":"4/41/8.png","Text":"وَجِئْنَا","Translation":"and We bring","Transliteration":"waji'nā"},{"Position":9,"AudioFileName":"004_041_009.mp3","TajweedImageFilePath":"4/41/9.png","Text":"بِكَ","Translation":"you","Transliteration":"bika"},{"Position":10,"AudioFileName":"004_041_010.mp3","TajweedImageFilePath":"4/41/10.png","Text":"عَلَىٰ","Translation":"against","Transliteration":"ʿalā"},{"Position":11,"AudioFileName":"004_041_011.mp3","TajweedImageFilePath":"4/41/11.png","Text":"هَـٰٓؤُلَآءِ","Translation":"these (people)","Transliteration":"hāulāi"},{"Position":12,"AudioFileName":"004_041_012.mp3","TajweedImageFilePath":"4/41/12.png","Text":"شَهِيدًۭا","Translation":"(as) a witness","Transliteration":"shahīdan"},{"Position":13,"AudioFileName":null,"TajweedImageFilePath":"41.png","Text":"٤١","Translation":"(41)","Transliteration":null}],"PageNumber":85,"JuzNumber":5,"ManzilNumber":1,"RukuNumber":67,"MaqraNumber":34,"HizbNumber":9,"HizbDecimal":0.25,"HasSajda":false},{"SurahNumber":4,"SurahIndex":"004","VerseNumber":42,"ShowSurahName":false,"ShowBismillah":false,"Words":[{"Position":1,"AudioFileName":"004_042_001.mp3","TajweedImageFilePath":"4/42/1.png","Text":"يَوْمَئِذٍۢ","Translation":"(On) that Day","Transliteration":"yawma-idhin"},{"Position":2,"AudioFileName":"004_042_002.mp3","TajweedImageFilePath":"4/42/2.png","Text":"يَوَدُّ","Translation":"will wish","Transliteration":"yawaddu"},{"Position":3,"AudioFileName":"004_042_003.mp3","TajweedImageFilePath":"4/42/3.png","Text":"ٱلَّذِينَ","Translation":"those who","Transliteration":"alladhīna"},{"Position":4,"AudioFileName":"004_042_004.mp3","TajweedImageFilePath":"4/42/4.png","Text":"كَفَرُوا۟","Translation":"disbelieved","Transliteration":"kafarū"},{"Position":5,"AudioFileName":"004_042_005.mp3","TajweedImageFilePath":"4/42/5.png","Text":"وَعَصَوُا۟","Translation":"and disobeyed","Transliteration":"waʿaṣawū"},{"Position":6,"AudioFileName":"004_042_006.mp3","TajweedImageFilePath":"4/42/6.png","Text":"ٱلرَّسُولَ","Translation":"the Messenger","Transliteration":"l-rasūla"},{"Position":7,"AudioFileName":"004_042_007.mp3","TajweedImageFilePath":"4/42/7.png","Text":"لَوْ","Translation":"if","Transliteration":"law"},{"Position":8,"AudioFileName":"004_042_008.mp3","TajweedImageFilePath":"4/42/8.png","Text":"تُسَوَّىٰ","Translation":"was leveled","Transliteration":"tusawwā"},{"Position":9,"AudioFileName":"004_042_009.mp3","TajweedImageFilePath":"4/42/9.png","Text":"بِهِمُ","Translation":"with them","Transliteration":"bihimu"},{"Position":10,"AudioFileName":"004_042_010.mp3","TajweedImageFilePath":"4/42/10.png","Text":"ٱلْأَرْضُ","Translation":"the earth","Transliteration":"l-arḍu"},{"Position":11,"AudioFileName":"004_042_011.mp3","TajweedImageFilePath":"4/42/11.png","Text":"وَلَا","Translation":"and not","Transliteration":"walā"},{"Position":12,"AudioFileName":"004_042_012.mp3","TajweedImageFilePath":"4/42/12.png","Text":"يَكْتُمُونَ","Translation":"they will (be able to) hide","Transliteration":"yaktumūna"},{"Position":13,"AudioFileName":"004_042_013.mp3","TajweedImageFilePath":"4/42/13.png","Text":"ٱللَّهَ","Translation":"(from) Allah","Transliteration":"l-laha"},{"Position":14,"AudioFileName":"004_042_014.mp3","TajweedImageFilePath":"4/42/14.png","Text":"حَدِيثًۭا","Translation":"(any) statement","Transliteration":"ḥadīthan"},{"Position":15,"AudioFileName":null,"TajweedImageFilePath":"42.png","Text":"٤٢","Translation":"(42)","Transliteration":null}],"PageNumber":85,"JuzNumber":5,"ManzilNumber":1,"RukuNumber":67,"MaqraNumber":34,"HizbNumber":9,"HizbDecimal":0.25,"HasSajda":false},{"SurahNumber":4,"SurahIndex":"004","VerseNumber":43,"ShowSurahName":false,"ShowBismillah":false,"Words":[{"Position":1,"AudioFileName":"004_043_001.mp3","TajweedImageFilePath":"4/43/1.png","Text":"يَـٰٓأَيُّهَا","Translation":"O you","Transliteration":"yāayyuhā"},{"Position":2,"AudioFileName":"004_043_002.mp3","TajweedImageFilePath":"4/43/2.png","Text":"ٱلَّذِينَ","Translation":"who","Transliteration":"alladhīna"},{"Position":3,"AudioFileName":"004_043_003.mp3","TajweedImageFilePath":"4/43/3.png","Text":"ءَامَنُوا۟","Translation":"believe[d]","Transliteration":"āmanū"},{"Position":4,"AudioFileName":"004_043_004.mp3","TajweedImageFilePath":"4/43/4.png","Text":"لَا","Translation":"(Do) not","Transliteration":"lā"},{"Position":5,"AudioFileName":"004_043_005.mp3","TajweedImageFilePath":"4/43/5.png","Text":"تَقْرَبُوا۟","Translation":"go near","Transliteration":"taqrabū"},{"Position":6,"AudioFileName":"004_043_006.mp3","TajweedImageFilePath":"4/43/6.png","Text":"ٱلصَّلَوٰةَ","Translation":"the prayer","Transliteration":"l-ṣalata"},{"Position":7,"AudioFileName":"004_043_007.mp3","TajweedImageFilePath":"4/43/7.png","Text":"وَأَنتُمْ","Translation":"while you","Transliteration":"wa-antum"},{"Position":8,"AudioFileName":"004_043_008.mp3","TajweedImageFilePath":"4/43/8.png","Text":"سُكَـٰرَىٰ","Translation":"(are) intoxicated","Transliteration":"sukārā"},{"Position":9,"AudioFileName":"004_043_009.mp3","TajweedImageFilePath":"4/43/9.png","Text":"حَتَّىٰ","Translation":"until","Transliteration":"ḥattā"},{"Position":10,"AudioFileName":"004_043_010.mp3","TajweedImageFilePath":"4/43/10.png","Text":"تَعْلَمُوا۟","Translation":"you know","Transliteration":"taʿlamū"},{"Position":11,"AudioFileName":"004_043_011.mp3","TajweedImageFilePath":"4/43/11.png","Text":"مَا","Translation":"what","Transliteration":"mā"},{"Position":12,"AudioFileName":"004_043_012.mp3","TajweedImageFilePath":"4/43/12.png","Text":"تَقُولُونَ","Translation":"you are saying","Transliteration":"taqūlūna"},{"Position":13,"AudioFileName":"004_043_013.mp3","TajweedImageFilePath":"4/43/13.png","Text":"وَلَا","Translation":"and not","Transliteration":"walā"},{"Position":14,"AudioFileName":"004_043_014.mp3","TajweedImageFilePath":"4/43/14.png","Text":"جُنُبًا","Translation":"(when you are) impure","Transliteration":"junuban"},{"Position":15,"AudioFileName":"004_043_015.mp3","TajweedImageFilePath":"4/43/15.png","Text":"إِلَّا","Translation":"except","Transliteration":"illā"},{"Position":16,"AudioFileName":"004_043_016.mp3","TajweedImageFilePath":"4/43/16.png","Text":"عَابِرِى","Translation":"(when) passing","Transliteration":"ʿābirī"},{"Position":17,"AudioFileName":"004_043_017.mp3","TajweedImageFilePath":"4/43/17.png","Text":"سَبِيلٍ","Translation":"(through) a way","Transliteration":"sabīlin"},{"Position":18,"AudioFileName":"004_043_018.mp3","TajweedImageFilePath":"4/43/18.png","Text":"حَتَّىٰ","Translation":"until","Transliteration":"ḥattā"},{"Position":19,"AudioFileName":"004_043_019.mp3","TajweedImageFilePath":"4/43/19.png","Text":"تَغْتَسِلُوا۟ ۚ","Translation":"you have bathed","Transliteration":"taghtasilū"},{"Position":20,"AudioFileName":"004_043_020.mp3","TajweedImageFilePath":"4/43/20.png","Text":"وَإِن","Translation":"And if","Transliteration":"wa-in"},{"Position":21,"AudioFileName":"004_043_021.mp3","TajweedImageFilePath":"4/43/21.png","Text":"كُنتُم","Translation":"you are","Transliteration":"kuntum"},{"Position":22,"AudioFileName":"004_043_022.mp3","TajweedImageFilePath":"4/43/22.png","Text":"مَّرْضَىٰٓ","Translation":"ill","Transliteration":"marḍā"},{"Position":23,"AudioFileName":"004_043_023.mp3","TajweedImageFilePath":"4/43/23.png","Text":"أَوْ","Translation":"or","Transliteration":"aw"},{"Position":24,"AudioFileName":"004_043_024.mp3","TajweedImageFilePath":"4/43/24.png","Text":"عَلَىٰ","Translation":"on","Transliteration":"ʿalā"},{"Position":25,"AudioFileName":"004_043_025.mp3","TajweedImageFilePath":"4/43/25.png","Text":"سَفَرٍ","Translation":"a journey","Transliteration":"safarin"},{"Position":26,"AudioFileName":"004_043_026.mp3","TajweedImageFilePath":"4/43/26.png","Text":"أَوْ","Translation":"or","Transliteration":"aw"},{"Position":27,"AudioFileName":"004_043_027.mp3","TajweedImageFilePath":"4/43/27.png","Text":"جَآءَ","Translation":"came","Transliteration":"jāa"},{"Position":28,"AudioFileName":"004_043_028.mp3","TajweedImageFilePath":"4/43/28.png","Text":"أَحَدٌۭ","Translation":"one","Transliteration":"aḥadun"},{"Position":29,"AudioFileName":"004_043_029.mp3","TajweedImageFilePath":"4/43/29.png","Text":"مِّنكُم","Translation":"of you","Transliteration":"minkum"},{"Position":30,"AudioFileName":"004_043_030.mp3","TajweedImageFilePath":"4/43/30.png","Text":"مِّنَ","Translation":"from","Transliteration":"mina"},{"Position":31,"AudioFileName":"004_043_031.mp3","TajweedImageFilePath":"4/43/31.png","Text":"ٱلْغَآئِطِ","Translation":"the toilet","Transliteration":"l-ghāiṭi"},{"Position":32,"AudioFileName":"004_043_032.mp3","TajweedImageFilePath":"4/43/32.png","Text":"أَوْ","Translation":"or","Transliteration":"aw"},{"Position":33,"AudioFileName":"004_043_033.mp3","TajweedImageFilePath":"4/43/33.png","Text":"لَـٰمَسْتُمُ","Translation":"you have touched","Transliteration":"lāmastumu"},{"Position":34,"AudioFileName":"004_043_034.mp3","TajweedImageFilePath":"4/43/34.png","Text":"ٱلنِّسَآءَ","Translation":"the women","Transliteration":"l-nisāa"},{"Position":35,"AudioFileName":"004_043_035.mp3","TajweedImageFilePath":"4/43/35.png","Text":"فَلَمْ","Translation":"and not","Transliteration":"falam"},{"Position":36,"AudioFileName":"004_043_036.mp3","TajweedImageFilePath":"4/43/36.png","Text":"تَجِدُوا۟","Translation":"you find","Transliteration":"tajidū"},{"Position":37,"AudioFileName":"004_043_037.mp3","TajweedImageFilePath":"4/43/37.png","Text":"مَآءًۭ","Translation":"water","Transliteration":"māan"},{"Position":38,"AudioFileName":"004_043_038.mp3","TajweedImageFilePath":"4/43/38.png","Text":"فَتَيَمَّمُوا۟","Translation":"then do tayammum","Transliteration":"fatayammamū"},{"Position":39,"AudioFileName":"004_043_039.mp3","TajweedImageFilePath":"4/43/39.png","Text":"صَعِيدًۭا","Translation":"(with) earth","Transliteration":"ṣaʿīdan"},{"Position":40,"AudioFileName":"004_043_040.mp3","TajweedImageFilePath":"4/43/40.png","Text":"طَيِّبًۭا","Translation":"clean","Transliteration":"ṭayyiban"},{"Position":41,"AudioFileName":"004_043_041.mp3","TajweedImageFilePath":"4/43/41.png","Text":"فَٱمْسَحُوا۟","Translation":"and wipe (with it)","Transliteration":"fa-im'saḥū"},{"Position":42,"AudioFileName":"004_043_042.mp3","TajweedImageFilePath":"4/43/42.png","Text":"بِوُجُوهِكُمْ","Translation":"your faces","Transliteration":"biwujūhikum"},{"Position":43,"AudioFileName":"004_043_043.mp3","TajweedImageFilePath":"4/43/43.png","Text":"وَأَيْدِيكُمْ ۗ","Translation":"and your hands","Transliteration":"wa-aydīkum"},{"Position":44,"AudioFileName":"004_043_044.mp3","TajweedImageFilePath":"4/43/44.png","Text":"إِنَّ","Translation":"Indeed","Transliteration":"inna"},{"Position":45,"AudioFileName":"004_043_045.mp3","TajweedImageFilePath":"4/43/45.png","Text":"ٱللَّهَ","Translation":"Allah","Transliteration":"l-laha"},{"Position":46,"AudioFileName":"004_043_046.mp3","TajweedImageFilePath":"4/43/46.png","Text":"كَانَ","Translation":"is","Transliteration":"kāna"},{"Position":47,"AudioFileName":"004_043_047.mp3","TajweedImageFilePath":"4/43/47.png","Text":"عَفُوًّا","Translation":"Oft-Pardoning","Transliteration":"ʿafuwwan"},{"Position":48,"AudioFileName":"004_043_048.mp3","TajweedImageFilePath":"4/43/48.png","Text":"غَفُورًا","Translation":"Oft-Forgiving","Transliteration":"ghafūran"},{"Position":49,"AudioFileName":null,"TajweedImageFilePath":"43.png","Text":"٤٣","Translation":"(43)","Transliteration":null}],"PageNumber":85,"JuzNumber":5,"ManzilNumber":1,"RukuNumber":68,"MaqraNumber":34,"HizbNumber":9,"HizbDecimal":0.25,"HasSajda":false},{"SurahNumber":4,"SurahIndex":"004","VerseNumber":44,"ShowSurahName":false,"ShowBismillah":false,"Words":[{"Position":1,"AudioFileName":"004_044_001.mp3","TajweedImageFilePath":"4/44/1.png","Text":"أَلَمْ","Translation":"Did not","Transliteration":"alam"},{"Position":2,"AudioFileName":"004_044_002.mp3","TajweedImageFilePath":"4/44/2.png","Text":"تَرَ","Translation":"you see","Transliteration":"tara"},{"Position":3,"AudioFileName":"004_044_003.mp3","TajweedImageFilePath":"4/44/3.png","Text":"إِلَى","Translation":"[towards]","Transliteration":"ilā"},{"Position":4,"AudioFileName":"004_044_004.mp3","TajweedImageFilePath":"4/44/4.png","Text":"ٱلَّذِينَ","Translation":"those who","Transliteration":"alladhīna"},{"Position":5,"AudioFileName":"004_044_005.mp3","TajweedImageFilePath":"4/44/5.png","Text":"أُوتُوا۟","Translation":"were given","Transliteration":"ūtū"},{"Position":6,"AudioFileName":"004_044_006.mp3","TajweedImageFilePath":"4/44/6.png","Text":"نَصِيبًۭا","Translation":"a portion","Transliteration":"naṣīban"},{"Position":7,"AudioFileName":"004_044_007.mp3","TajweedImageFilePath":"4/44/7.png","Text":"مِّنَ","Translation":"of","Transliteration":"mina"},{"Position":8,"AudioFileName":"004_044_008.mp3","TajweedImageFilePath":"4/44/8.png","Text":"ٱلْكِتَـٰبِ","Translation":"the Book","Transliteration":"l-kitābi"},{"Position":9,"AudioFileName":"004_044_009.mp3","TajweedImageFilePath":"4/44/9.png","Text":"يَشْتَرُونَ","Translation":"purchasing","Transliteration":"yashtarūna"},{"Position":10,"AudioFileName":"004_044_010.mp3","TajweedImageFilePath":"4/44/10.png","Text":"ٱلضَّلَـٰلَةَ","Translation":"[the] error","Transliteration":"l-ḍalālata"},{"Position":11,"AudioFileName":"004_044_011.mp3","TajweedImageFilePath":"4/44/11.png","Text":"وَيُرِيدُونَ","Translation":"and wishing","Transliteration":"wayurīdūna"},{"Position":12,"AudioFileName":"004_044_012.mp3","TajweedImageFilePath":"4/44/12.png","Text":"أَن","Translation":"that","Transliteration":"an"},{"Position":13,"AudioFileName":"004_044_013.mp3","TajweedImageFilePath":"4/44/13.png","Text":"تَضِلُّوا۟","Translation":"you stray","Transliteration":"taḍillū"},{"Position":14,"AudioFileName":"004_044_014.mp3","TajweedImageFilePath":"4/44/14.png","Text":"ٱلسَّبِيلَ","Translation":"(from) the way","Transliteration":"l-sabīla"},{"Position":15,"AudioFileName":null,"TajweedImageFilePath":"44.png","Text":"٤٤","Translation":"(44)","Transliteration":null}],"PageNumber":85,"JuzNumber":5,"ManzilNumber":1,"RukuNumber":68,"MaqraNumber":34,"HizbNumber":9,"HizbDecimal":0.25,"HasSajda":false},{"SurahNumber":4,"SurahIndex":"004","VerseNumber":45,"ShowSurahName":false,"ShowBismillah":false,"Words":[{"Position":1,"AudioFileName":"004_045_001.mp3","TajweedImageFilePath":"4/45/1.png","Text":"وَٱللَّهُ","Translation":"And Allah","Transliteration":"wal-lahu"},{"Position":2,"AudioFileName":"004_045_002.mp3","TajweedImageFilePath":"4/45/2.png","Text":"أَعْلَمُ","Translation":"knows better","Transliteration":"aʿlamu"},{"Position":3,"AudioFileName":"004_045_003.mp3","TajweedImageFilePath":"4/45/3.png","Text":"بِأَعْدَآئِكُمْ ۚ","Translation":"about your enemies","Transliteration":"bi-aʿdāikum"},{"Position":4,"AudioFileName":"004_045_004.mp3","TajweedImageFilePath":"4/45/4.png","Text":"وَكَفَىٰ","Translation":"and (is) sufficient","Transliteration":"wakafā"},{"Position":5,"AudioFileName":"004_045_005.mp3","TajweedImageFilePath":"4/45/5.png","Text":"بِٱللَّهِ","Translation":"Allah","Transliteration":"bil-lahi"},{"Position":6,"AudioFileName":"004_045_006.mp3","TajweedImageFilePath":"4/45/6.png","Text":"وَلِيًّۭا","Translation":"(as) a Protector","Transliteration":"waliyyan"},{"Position":7,"AudioFileName":"004_045_007.mp3","TajweedImageFilePath":"4/45/7.png","Text":"وَكَفَىٰ","Translation":"and sufficient","Transliteration":"wakafā"},{"Position":8,"AudioFileName":"004_045_008.mp3","TajweedImageFilePath":"4/45/8.png","Text":"بِٱللَّهِ","Translation":"(is) Allah","Transliteration":"bil-lahi"},{"Position":9,"AudioFileName":"004_045_009.mp3","TajweedImageFilePath":"4/45/9.png","Text":"نَصِيرًۭا","Translation":"(as) a Helper","Transliteration":"naṣīran"},{"Position":10,"AudioFileName":null,"TajweedImageFilePath":"45.png","Text":"٤٥","Translation":"(45)","Transliteration":null}],"PageNumber":86,"JuzNumber":5,"ManzilNumber":1,"RukuNumber":68,"MaqraNumber":34,"HizbNumber":9,"HizbDecimal":0.25,"HasSajda":false},{"SurahNumber":4,"SurahIndex":"004","VerseNumber":46,"ShowSurahName":false,"ShowBismillah":false,"Words":[{"Position":1,"AudioFileName":"004_046_001.mp3","TajweedImageFilePath":"4/46/1.png","Text":"مِّنَ","Translation":"Of","Transliteration":"mina"},{"Position":2,"AudioFileName":"004_046_002.mp3","TajweedImageFilePath":"4/46/2.png","Text":"ٱلَّذِينَ","Translation":"those who","Transliteration":"alladhīna"},{"Position":3,"AudioFileName":"004_046_003.mp3","TajweedImageFilePath":"4/46/3.png","Text":"هَادُوا۟","Translation":"are Jews","Transliteration":"hādū"},{"Position":4,"AudioFileName":"004_046_004.mp3","TajweedImageFilePath":"4/46/4.png","Text":"يُحَرِّفُونَ","Translation":"they distort","Transliteration":"yuḥarrifūna"},{"Position":5,"AudioFileName":"004_046_005.mp3","TajweedImageFilePath":"4/46/5.png","Text":"ٱلْكَلِمَ","Translation":"the words","Transliteration":"l-kalima"},{"Position":6,"AudioFileName":"004_046_006.mp3","TajweedImageFilePath":"4/46/6.png","Text":"عَن","Translation":"from","Transliteration":"ʿan"},{"Position":7,"AudioFileName":"004_046_007.mp3","TajweedImageFilePath":"4/46/7.png","Text":"مَّوَاضِعِهِۦ","Translation":"their places","Transliteration":"mawāḍiʿihi"},{"Position":8,"AudioFileName":"004_046_008.mp3","TajweedImageFilePath":"4/46/8.png","Text":"وَيَقُولُونَ","Translation":"and they say","Transliteration":"wayaqūlūna"},{"Position":9,"AudioFileName":"004_046_009.mp3","TajweedImageFilePath":"4/46/9.png","Text":"سَمِعْنَا","Translation":"We hear[d]","Transliteration":"samiʿ'nā"},{"Position":10,"AudioFileName":"004_046_010.mp3","TajweedImageFilePath":"4/46/10.png","Text":"وَعَصَيْنَا","Translation":"and we disobey[ed]","Transliteration":"waʿaṣaynā"},{"Position":11,"AudioFileName":"004_046_011.mp3","TajweedImageFilePath":"4/46/11.png","Text":"وَٱسْمَعْ","Translation":"and \"Hear","Transliteration":"wa-is'maʿ"},{"Position":12,"AudioFileName":"004_046_012.mp3","TajweedImageFilePath":"4/46/12.png","Text":"غَيْرَ","Translation":"not","Transliteration":"ghayra"},{"Position":13,"AudioFileName":"004_046_013.mp3","TajweedImageFilePath":"4/46/13.png","Text":"مُسْمَعٍۢ","Translation":"to be heard","Transliteration":"mus'maʿin"},{"Position":14,"AudioFileName":"004_046_014.mp3","TajweedImageFilePath":"4/46/14.png","Text":"وَرَٰعِنَا","Translation":"and \"Raina","Transliteration":"warāʿinā"},{"Position":15,"AudioFileName":"004_046_015.mp3","TajweedImageFilePath":"4/46/15.png","Text":"لَيًّۢا","Translation":"twisting","Transliteration":"layyan"},{"Position":16,"AudioFileName":"004_046_016.mp3","TajweedImageFilePath":"4/46/16.png","Text":"بِأَلْسِنَتِهِمْ","Translation":"[with] their tongues","Transliteration":"bi-alsinatihim"},{"Position":17,"AudioFileName":"004_046_017.mp3","TajweedImageFilePath":"4/46/17.png","Text":"وَطَعْنًۭا","Translation":"and defaming","Transliteration":"waṭaʿnan"},{"Position":18,"AudioFileName":"004_046_018.mp3","TajweedImageFilePath":"4/46/18.png","Text":"فِى","Translation":"[in]","Transliteration":"fī"},{"Position":19,"AudioFileName":"004_046_019.mp3","TajweedImageFilePath":"4/46/19.png","Text":"ٱلدِّينِ ۚ","Translation":"the religion","Transliteration":"l-dīni"},{"Position":20,"AudioFileName":"004_046_020.mp3","TajweedImageFilePath":"4/46/20.png","Text":"وَلَوْ","Translation":"And if","Transliteration":"walaw"},{"Position":21,"AudioFileName":"004_046_021.mp3","TajweedImageFilePath":"4/46/21.png","Text":"أَنَّهُمْ","Translation":"[that] they","Transliteration":"annahum"},{"Position":22,"AudioFileName":"004_046_022.mp3","TajweedImageFilePath":"4/46/22.png","Text":"قَالُوا۟","Translation":"(had) said","Transliteration":"qālū"},{"Position":23,"AudioFileName":"004_046_023.mp3","TajweedImageFilePath":"4/46/23.png","Text":"سَمِعْنَا","Translation":"We hear[d]","Transliteration":"samiʿ'nā"},{"Position":24,"AudioFileName":"004_046_024.mp3","TajweedImageFilePath":"4/46/24.png","Text":"وَأَطَعْنَا","Translation":"and we obey[ed]","Transliteration":"wa-aṭaʿnā"},{"Position":25,"AudioFileName":"004_046_025.mp3","TajweedImageFilePath":"4/46/25.png","Text":"وَٱسْمَعْ","Translation":"and \"Hear","Transliteration":"wa-is'maʿ"},{"Position":26,"AudioFileName":"004_046_026.mp3","TajweedImageFilePath":"4/46/26.png","Text":"وَٱنظُرْنَا","Translation":"and look (at) us","Transliteration":"wa-unẓur'nā"},{"Position":27,"AudioFileName":"004_046_027.mp3","TajweedImageFilePath":"4/46/27.png","Text":"لَكَانَ","Translation":"surely it (would) have been","Transliteration":"lakāna"},{"Position":28,"AudioFileName":"004_046_028.mp3","TajweedImageFilePath":"4/46/28.png","Text":"خَيْرًۭا","Translation":"better","Transliteration":"khayran"},{"Position":29,"AudioFileName":"004_046_029.mp3","TajweedImageFilePath":"4/46/29.png","Text":"لَّهُمْ","Translation":"for them","Transliteration":"lahum"},{"Position":30,"AudioFileName":"004_046_030.mp3","TajweedImageFilePath":"4/46/30.png","Text":"وَأَقْوَمَ","Translation":"and more suitable","Transliteration":"wa-aqwama"},{"Position":31,"AudioFileName":"004_046_031.mp3","TajweedImageFilePath":"4/46/31.png","Text":"وَلَـٰكِن","Translation":"[And] but","Transliteration":"walākin"},{"Position":32,"AudioFileName":"004_046_032.mp3","TajweedImageFilePath":"4/46/32.png","Text":"لَّعَنَهُمُ","Translation":"cursed them","Transliteration":"laʿanahumu"},{"Position":33,"AudioFileName":"004_046_033.mp3","TajweedImageFilePath":"4/46/33.png","Text":"ٱللَّهُ","Translation":"Allah","Transliteration":"l-lahu"},{"Position":34,"AudioFileName":"004_046_034.mp3","TajweedImageFilePath":"4/46/34.png","Text":"بِكُفْرِهِمْ","Translation":"for their disbelief","Transliteration":"bikuf'rihim"},{"Position":35,"AudioFileName":"004_046_035.mp3","TajweedImageFilePath":"4/46/35.png","Text":"فَلَا","Translation":"so not","Transliteration":"falā"},{"Position":36,"AudioFileName":"004_046_036.mp3","TajweedImageFilePath":"4/46/36.png","Text":"يُؤْمِنُونَ","Translation":"they believe","Transliteration":"yu'minūna"},{"Position":37,"AudioFileName":"004_046_037.mp3","TajweedImageFilePath":"4/46/37.png","Text":"إِلَّا","Translation":"except","Transliteration":"illā"},{"Position":38,"AudioFileName":"004_046_038.mp3","TajweedImageFilePath":"4/46/38.png","Text":"قَلِيلًۭا","Translation":"a few","Transliteration":"qalīlan"},{"Position":39,"AudioFileName":null,"TajweedImageFilePath":"46.png","Text":"٤٦","Translation":"(46)","Transliteration":null}],"PageNumber":86,"JuzNumber":5,"ManzilNumber":1,"RukuNumber":68,"MaqraNumber":34,"HizbNumber":9,"HizbDecimal":0.25,"HasSajda":false},{"SurahNumber":4,"SurahIndex":"004","VerseNumber":47,"ShowSurahName":false,"ShowBismillah":false,"Words":[{"Position":1,"AudioFileName":"004_047_001.mp3","TajweedImageFilePath":"4/47/1.png","Text":"يَـٰٓأَيُّهَا","Translation":"O you","Transliteration":"yāayyuhā"},{"Position":2,"AudioFileName":"004_047_002.mp3","TajweedImageFilePath":"4/47/2.png","Text":"ٱلَّذِينَ","Translation":"who","Transliteration":"alladhīna"},{"Position":3,"AudioFileName":"004_047_003.mp3","TajweedImageFilePath":"4/47/3.png","Text":"أُوتُوا۟","Translation":"(have) been given","Transliteration":"ūtū"},{"Position":4,"AudioFileName":"004_047_004.mp3","TajweedImageFilePath":"4/47/4.png","Text":"ٱلْكِتَـٰبَ","Translation":"the Book","Transliteration":"l-kitāba"},{"Position":5,"AudioFileName":"004_047_005.mp3","TajweedImageFilePath":"4/47/5.png","Text":"ءَامِنُوا۟","Translation":"believe","Transliteration":"āminū"},{"Position":6,"AudioFileName":"004_047_006.mp3","TajweedImageFilePath":"4/47/6.png","Text":"بِمَا","Translation":"in what","Transliteration":"bimā"},{"Position":7,"AudioFileName":"004_047_007.mp3","TajweedImageFilePath":"4/47/7.png","Text":"نَزَّلْنَا","Translation":"We (have) revealed","Transliteration":"nazzalnā"},{"Position":8,"AudioFileName":"004_047_008.mp3","TajweedImageFilePath":"4/47/8.png","Text":"مُصَدِّقًۭا","Translation":"confirming","Transliteration":"muṣaddiqan"},{"Position":9,"AudioFileName":"004_047_009.mp3","TajweedImageFilePath":"4/47/9.png","Text":"لِّمَا","Translation":"what is","Transliteration":"limā"},{"Position":10,"AudioFileName":"004_047_010.mp3","TajweedImageFilePath":"4/47/10.png","Text":"مَعَكُم","Translation":"with you","Transliteration":"maʿakum"},{"Position":11,"AudioFileName":"004_047_011.mp3","TajweedImageFilePath":"4/47/11.png","Text":"مِّن","Translation":"from","Transliteration":"min"},{"Position":12,"AudioFileName":"004_047_012.mp3","TajweedImageFilePath":"4/47/12.png","Text":"قَبْلِ","Translation":"before","Transliteration":"qabli"},{"Position":13,"AudioFileName":"004_047_013.mp3","TajweedImageFilePath":"4/47/13.png","Text":"أَن","Translation":"[that]","Transliteration":"an"},{"Position":14,"AudioFileName":"004_047_014.mp3","TajweedImageFilePath":"4/47/14.png","Text":"نَّطْمِسَ","Translation":"We efface","Transliteration":"naṭmisa"},{"Position":15,"AudioFileName":"004_047_015.mp3","TajweedImageFilePath":"4/47/15.png","Text":"وُجُوهًۭا","Translation":"faces","Transliteration":"wujūhan"},{"Position":16,"AudioFileName":"004_047_016.mp3","TajweedImageFilePath":"4/47/16.png","Text":"فَنَرُدَّهَا","Translation":"and turn them","Transliteration":"fanaruddahā"},{"Position":17,"AudioFileName":"004_047_017.mp3","TajweedImageFilePath":"4/47/17.png","Text":"عَلَىٰٓ","Translation":"on","Transliteration":"ʿalā"},{"Position":18,"AudioFileName":"004_047_018.mp3","TajweedImageFilePath":"4/47/18.png","Text":"أَدْبَارِهَآ","Translation":"their backs","Transliteration":"adbārihā"},{"Position":19,"AudioFileName":"004_047_019.mp3","TajweedImageFilePath":"4/47/19.png","Text":"أَوْ","Translation":"or","Transliteration":"aw"},{"Position":20,"AudioFileName":"004_047_020.mp3","TajweedImageFilePath":"4/47/20.png","Text":"نَلْعَنَهُمْ","Translation":"We curse them","Transliteration":"nalʿanahum"},{"Position":21,"AudioFileName":"004_047_021.mp3","TajweedImageFilePath":"4/47/21.png","Text":"كَمَا","Translation":"as","Transliteration":"kamā"},{"Position":22,"AudioFileName":"004_047_022.mp3","TajweedImageFilePath":"4/47/22.png","Text":"لَعَنَّآ","Translation":"We cursed","Transliteration":"laʿannā"},{"Position":23,"AudioFileName":"004_047_023.mp3","TajweedImageFilePath":"4/47/23.png","Text":"أَصْحَـٰبَ","Translation":"companions","Transliteration":"aṣḥāba"},{"Position":24,"AudioFileName":"004_047_024.mp3","TajweedImageFilePath":"4/47/24.png","Text":"ٱلسَّبْتِ ۚ","Translation":"(of) the Sabbath","Transliteration":"l-sabti"},{"Position":25,"AudioFileName":"004_047_025.mp3","TajweedImageFilePath":"4/47/25.png","Text":"وَكَانَ","Translation":"And is","Transliteration":"wakāna"},{"Position":26,"AudioFileName":"004_047_026.mp3","TajweedImageFilePath":"4/47/26.png","Text":"أَمْرُ","Translation":"(the) command","Transliteration":"amru"},{"Position":27,"AudioFileName":"004_047_027.mp3","TajweedImageFilePath":"4/47/27.png","Text":"ٱللَّهِ","Translation":"(of) Allah","Transliteration":"l-lahi"},{"Position":28,"AudioFileName":"004_047_028.mp3","TajweedImageFilePath":"4/47/28.png","Text":"مَفْعُولًا","Translation":"(always) executed","Transliteration":"mafʿūlan"},{"Position":29,"AudioFileName":null,"TajweedImageFilePath":"47.png","Text":"٤٧","Translation":"(47)","Transliteration":null}],"PageNumber":86,"JuzNumber":5,"ManzilNumber":1,"RukuNumber":68,"MaqraNumber":34,"HizbNumber":9,"HizbDecimal":0.25,"HasSajda":false},{"SurahNumber":4,"SurahIndex":"004","VerseNumber":48,"ShowSurahName":false,"ShowBismillah":false,"Words":[{"Position":1,"AudioFileName":"004_048_001.mp3","TajweedImageFilePath":"4/48/1.png","Text":"إِنَّ","Translation":"Indeed","Transliteration":"inna"},{"Position":2,"AudioFileName":"004_048_002.mp3","TajweedImageFilePath":"4/48/2.png","Text":"ٱللَّهَ","Translation":"Allah","Transliteration":"l-laha"},{"Position":3,"AudioFileName":"004_048_003.mp3","TajweedImageFilePath":"4/48/3.png","Text":"لَا","Translation":"(does) not","Transliteration":"lā"},{"Position":4,"AudioFileName":"004_048_004.mp3","TajweedImageFilePath":"4/48/4.png","Text":"يَغْفِرُ","Translation":"forgive","Transliteration":"yaghfiru"},{"Position":5,"AudioFileName":"004_048_005.mp3","TajweedImageFilePath":"4/48/5.png","Text":"أَن","Translation":"that","Transliteration":"an"},{"Position":6,"AudioFileName":"004_048_006.mp3","TajweedImageFilePath":"4/48/6.png","Text":"يُشْرَكَ","Translation":"partners be associated","Transliteration":"yush'raka"},{"Position":7,"AudioFileName":"004_048_007.mp3","TajweedImageFilePath":"4/48/7.png","Text":"بِهِۦ","Translation":"with Him","Transliteration":"bihi"},{"Position":8,"AudioFileName":"004_048_008.mp3","TajweedImageFilePath":"4/48/8.png","Text":"وَيَغْفِرُ","Translation":"but He forgives","Transliteration":"wayaghfiru"},{"Position":9,"AudioFileName":"004_048_009.mp3","TajweedImageFilePath":"4/48/9.png","Text":"مَا","Translation":"from","Transliteration":"mā"},{"Position":10,"AudioFileName":"004_048_010.mp3","TajweedImageFilePath":"4/48/10.png","Text":"دُونَ","Translation":"other than","Transliteration":"dūna"},{"Position":11,"AudioFileName":"004_048_011.mp3","TajweedImageFilePath":"4/48/11.png","Text":"ذَٰلِكَ","Translation":"that","Transliteration":"dhālika"},{"Position":12,"AudioFileName":"004_048_012.mp3","TajweedImageFilePath":"4/48/12.png","Text":"لِمَن","Translation":"for whom","Transliteration":"liman"},{"Position":13,"AudioFileName":"004_048_013.mp3","TajweedImageFilePath":"4/48/13.png","Text":"يَشَآءُ ۚ","Translation":"He wills","Transliteration":"yashāu"},{"Position":14,"AudioFileName":"004_048_014.mp3","TajweedImageFilePath":"4/48/14.png","Text":"وَمَن","Translation":"And whoever","Transliteration":"waman"},{"Position":15,"AudioFileName":"004_048_015.mp3","TajweedImageFilePath":"4/48/15.png","Text":"يُشْرِكْ","Translation":"associates partners","Transliteration":"yush'rik"},{"Position":16,"AudioFileName":"004_048_016.mp3","TajweedImageFilePath":"4/48/16.png","Text":"بِٱللَّهِ","Translation":"with Allah","Transliteration":"bil-lahi"},{"Position":17,"AudioFileName":"004_048_017.mp3","TajweedImageFilePath":"4/48/17.png","Text":"فَقَدِ","Translation":"then surely","Transliteration":"faqadi"},{"Position":18,"AudioFileName":"004_048_018.mp3","TajweedImageFilePath":"4/48/18.png","Text":"ٱفْتَرَىٰٓ","Translation":"he has fabricated","Transliteration":"if'tarā"},{"Position":19,"AudioFileName":"004_048_019.mp3","TajweedImageFilePath":"4/48/19.png","Text":"إِثْمًا","Translation":"a sin ","Transliteration":"ith'man"},{"Position":20,"AudioFileName":"004_048_020.mp3","TajweedImageFilePath":"4/48/20.png","Text":"عَظِيمًا","Translation":"tremendous","Transliteration":"ʿaẓīman"},{"Position":21,"AudioFileName":null,"TajweedImageFilePath":"48.png","Text":"٤٨","Translation":"(48)","Transliteration":null}],"PageNumber":86,"JuzNumber":5,"ManzilNumber":1,"RukuNumber":68,"MaqraNumber":34,"HizbNumber":9,"HizbDecimal":0.25,"HasSajda":false},{"SurahNumber":4,"SurahIndex":"004","VerseNumber":49,"ShowSurahName":false,"ShowBismillah":false,"Words":[{"Position":1,"AudioFileName":"004_049_001.mp3","TajweedImageFilePath":"4/49/1.png","Text":"أَلَمْ","Translation":"Do not","Transliteration":"alam"},{"Position":2,"AudioFileName":"004_049_002.mp3","TajweedImageFilePath":"4/49/2.png","Text":"تَرَ","Translation":"you see","Transliteration":"tara"},{"Position":3,"AudioFileName":"004_049_003.mp3","TajweedImageFilePath":"4/49/3.png","Text":"إِلَى","Translation":"[towards]","Transliteration":"ilā"},{"Position":4,"AudioFileName":"004_049_004.mp3","TajweedImageFilePath":"4/49/4.png","Text":"ٱلَّذِينَ","Translation":"those who","Transliteration":"alladhīna"},{"Position":5,"AudioFileName":"004_049_005.mp3","TajweedImageFilePath":"4/49/5.png","Text":"يُزَكُّونَ","Translation":"claim purity","Transliteration":"yuzakkūna"},{"Position":6,"AudioFileName":"004_049_006.mp3","TajweedImageFilePath":"4/49/6.png","Text":"أَنفُسَهُم ۚ","Translation":"(for) themselves","Transliteration":"anfusahum"},{"Position":7,"AudioFileName":"004_049_007.mp3","TajweedImageFilePath":"4/49/7.png","Text":"بَلِ","Translation":"Nay","Transliteration":"bali"},{"Position":8,"AudioFileName":"004_049_008.mp3","TajweedImageFilePath":"4/49/8.png","Text":"ٱللَّهُ","Translation":"(it is) Allah","Transliteration":"l-lahu"},{"Position":9,"AudioFileName":"004_049_009.mp3","TajweedImageFilePath":"4/49/9.png","Text":"يُزَكِّى","Translation":"He purifies","Transliteration":"yuzakkī"},{"Position":10,"AudioFileName":"004_049_010.mp3","TajweedImageFilePath":"4/49/10.png","Text":"مَن","Translation":"whom","Transliteration":"man"},{"Position":11,"AudioFileName":"004_049_011.mp3","TajweedImageFilePath":"4/49/11.png","Text":"يَشَآءُ","Translation":"He wills","Transliteration":"yashāu"},{"Position":12,"AudioFileName":"004_049_012.mp3","TajweedImageFilePath":"4/49/12.png","Text":"وَلَا","Translation":"and not","Transliteration":"walā"},{"Position":13,"AudioFileName":"004_049_013.mp3","TajweedImageFilePath":"4/49/13.png","Text":"يُظْلَمُونَ","Translation":"they will be wronged","Transliteration":"yuẓ'lamūna"},{"Position":14,"AudioFileName":"004_049_014.mp3","TajweedImageFilePath":"4/49/14.png","Text":"فَتِيلًا","Translation":"(even as much as) a hair on a date-seed","Transliteration":"fatīlan"},{"Position":15,"AudioFileName":null,"TajweedImageFilePath":"49.png","Text":"٤٩","Translation":"(49)","Transliteration":null}],"PageNumber":86,"JuzNumber":5,"ManzilNumber":1,"RukuNumber":68,"MaqraNumber":34,"HizbNumber":9,"HizbDecimal":0.25,"HasSajda":false},{"SurahNumber":4,"SurahIndex":"004","VerseNumber":50,"ShowSurahName":false,"ShowBismillah":false,"Words":[{"Position":1,"AudioFileName":"004_050_001.mp3","TajweedImageFilePath":"4/50/1.png","Text":"ٱنظُرْ","Translation":"See","Transliteration":"unẓur"},{"Position":2,"AudioFileName":"004_050_002.mp3","TajweedImageFilePath":"4/50/2.png","Text":"كَيْفَ","Translation":"how","Transliteration":"kayfa"},{"Position":3,"AudioFileName":"004_050_003.mp3","TajweedImageFilePath":"4/50/3.png","Text":"يَفْتَرُونَ","Translation":"they invent","Transliteration":"yaftarūna"},{"Position":4,"AudioFileName":"004_050_004.mp3","TajweedImageFilePath":"4/50/4.png","Text":"عَلَى","Translation":"about","Transliteration":"ʿalā"},{"Position":5,"AudioFileName":"004_050_005.mp3","TajweedImageFilePath":"4/50/5.png","Text":"ٱللَّهِ","Translation":"Allah","Transliteration":"l-lahi"},{"Position":6,"AudioFileName":"004_050_006.mp3","TajweedImageFilePath":"4/50/6.png","Text":"ٱلْكَذِبَ ۖ","Translation":"[the] lie","Transliteration":"l-kadhiba"},{"Position":7,"AudioFileName":"004_050_007.mp3","TajweedImageFilePath":"4/50/7.png","Text":"وَكَفَىٰ","Translation":"and sufficient","Transliteration":"wakafā"},{"Position":8,"AudioFileName":"004_050_008.mp3","TajweedImageFilePath":"4/50/8.png","Text":"بِهِۦٓ","Translation":"is it ","Transliteration":"bihi"},{"Position":9,"AudioFileName":"004_050_009.mp3","TajweedImageFilePath":"4/50/9.png","Text":"إِثْمًۭا","Translation":"(as) a sin","Transliteration":"ith'man"},{"Position":10,"AudioFileName":"004_050_010.mp3","TajweedImageFilePath":"4/50/10.png","Text":"مُّبِينًا","Translation":"manifest","Transliteration":"mubīnan"},{"Position":11,"AudioFileName":null,"TajweedImageFilePath":"50.png","Text":"٥٠","Translation":"(50)","Transliteration":null}],"PageNumber":86,"JuzNumber":5,"ManzilNumber":1,"RukuNumber":68,"MaqraNumber":34,"HizbNumber":9,"HizbDecimal":0.25,"HasSajda":false},{"SurahNumber":4,"SurahIndex":"004","VerseNumber":51,"ShowSurahName":false,"ShowBismillah":false,"Words":[{"Position":1,"AudioFileName":"004_051_001.mp3","TajweedImageFilePath":"4/51/1.png","Text":"أَلَمْ","Translation":"Do not","Transliteration":"alam"},{"Position":2,"AudioFileName":"004_051_002.mp3","TajweedImageFilePath":"4/51/2.png","Text":"تَرَ","Translation":"you see","Transliteration":"tara"},{"Position":3,"AudioFileName":"004_051_003.mp3","TajweedImageFilePath":"4/51/3.png","Text":"إِلَى","Translation":"[towards]","Transliteration":"ilā"},{"Position":4,"AudioFileName":"004_051_004.mp3","TajweedImageFilePath":"4/51/4.png","Text":"ٱلَّذِينَ","Translation":"those who","Transliteration":"alladhīna"},{"Position":5,"AudioFileName":"004_051_005.mp3","TajweedImageFilePath":"4/51/5.png","Text":"أُوتُوا۟","Translation":"were given","Transliteration":"ūtū"},{"Position":6,"AudioFileName":"004_051_006.mp3","TajweedImageFilePath":"4/51/6.png","Text":"نَصِيبًۭا","Translation":"a portion","Transliteration":"naṣīban"},{"Position":7,"AudioFileName":"004_051_007.mp3","TajweedImageFilePath":"4/51/7.png","Text":"مِّنَ","Translation":"of","Transliteration":"mina"},{"Position":8,"AudioFileName":"004_051_008.mp3","TajweedImageFilePath":"4/51/8.png","Text":"ٱلْكِتَـٰبِ","Translation":"the Book","Transliteration":"l-kitābi"},{"Position":9,"AudioFileName":"004_051_009.mp3","TajweedImageFilePath":"4/51/9.png","Text":"يُؤْمِنُونَ","Translation":"They believe","Transliteration":"yu'minūna"},{"Position":10,"AudioFileName":"004_051_010.mp3","TajweedImageFilePath":"4/51/10.png","Text":"بِٱلْجِبْتِ","Translation":"in the superstition","Transliteration":"bil-jib'ti"},{"Position":11,"AudioFileName":"004_051_011.mp3","TajweedImageFilePath":"4/51/11.png","Text":"وَٱلطَّـٰغُوتِ","Translation":"and the false deities","Transliteration":"wal-ṭāghūti"},{"Position":12,"AudioFileName":"004_051_012.mp3","TajweedImageFilePath":"4/51/12.png","Text":"وَيَقُولُونَ","Translation":"and they say","Transliteration":"wayaqūlūna"},{"Position":13,"AudioFileName":"004_051_013.mp3","TajweedImageFilePath":"4/51/13.png","Text":"لِلَّذِينَ","Translation":"for those who","Transliteration":"lilladhīna"},{"Position":14,"AudioFileName":"004_051_014.mp3","TajweedImageFilePath":"4/51/14.png","Text":"كَفَرُوا۟","Translation":"disbelieve[d]","Transliteration":"kafarū"},{"Position":15,"AudioFileName":"004_051_015.mp3","TajweedImageFilePath":"4/51/15.png","Text":"هَـٰٓؤُلَآءِ","Translation":"These","Transliteration":"hāulāi"},{"Position":16,"AudioFileName":"004_051_016.mp3","TajweedImageFilePath":"4/51/16.png","Text":"أَهْدَىٰ","Translation":"(are) better guided","Transliteration":"ahdā"},{"Position":17,"AudioFileName":"004_051_017.mp3","TajweedImageFilePath":"4/51/17.png","Text":"مِنَ","Translation":"than","Transliteration":"mina"},{"Position":18,"AudioFileName":"004_051_018.mp3","TajweedImageFilePath":"4/51/18.png","Text":"ٱلَّذِينَ","Translation":"those who","Transliteration":"alladhīna"},{"Position":19,"AudioFileName":"004_051_019.mp3","TajweedImageFilePath":"4/51/19.png","Text":"ءَامَنُوا۟","Translation":"believe[d]","Transliteration":"āmanū"},{"Position":20,"AudioFileName":"004_051_020.mp3","TajweedImageFilePath":"4/51/20.png","Text":"سَبِيلًا","Translation":"(as to the) way","Transliteration":"sabīlan"},{"Position":21,"AudioFileName":null,"TajweedImageFilePath":"51.png","Text":"٥١","Translation":"(51)","Transliteration":null}],"PageNumber":86,"JuzNumber":5,"ManzilNumber":1,"RukuNumber":69,"MaqraNumber":34,"HizbNumber":9,"HizbDecimal":0.25,"HasSajda":false},{"SurahNumber":4,"SurahIndex":"004","VerseNumber":52,"ShowSurahName":false,"ShowBismillah":false,"Words":[{"Position":1,"AudioFileName":"004_052_001.mp3","TajweedImageFilePath":"4/52/1.png","Text":"أُو۟لَـٰٓئِكَ","Translation":"Those","Transliteration":"ulāika"},{"Position":2,"AudioFileName":"004_052_002.mp3","TajweedImageFilePath":"4/52/2.png","Text":"ٱلَّذِينَ","Translation":"(are) the ones","Transliteration":"alladhīna"},{"Position":3,"AudioFileName":"004_052_003.mp3","TajweedImageFilePath":"4/52/3.png","Text":"لَعَنَهُمُ","Translation":"(who have been) cursed","Transliteration":"laʿanahumu"},{"Position":4,"AudioFileName":"004_052_004.mp3","TajweedImageFilePath":"4/52/4.png","Text":"ٱللَّهُ ۖ","Translation":"(by) Allah","Transliteration":"l-lahu"},{"Position":5,"AudioFileName":"004_052_005.mp3","TajweedImageFilePath":"4/52/5.png","Text":"وَمَن","Translation":"and whoever","Transliteration":"waman"},{"Position":6,"AudioFileName":"004_052_006.mp3","TajweedImageFilePath":"4/52/6.png","Text":"يَلْعَنِ","Translation":"(is) cursed","Transliteration":"yalʿani"},{"Position":7,"AudioFileName":"004_052_007.mp3","TajweedImageFilePath":"4/52/7.png","Text":"ٱللَّهُ","Translation":"(by) Allah","Transliteration":"l-lahu"},{"Position":8,"AudioFileName":"004_052_008.mp3","TajweedImageFilePath":"4/52/8.png","Text":"فَلَن","Translation":"then never","Transliteration":"falan"},{"Position":9,"AudioFileName":"004_052_009.mp3","TajweedImageFilePath":"4/52/9.png","Text":"تَجِدَ","Translation":"will you find","Transliteration":"tajida"},{"Position":10,"AudioFileName":"004_052_010.mp3","TajweedImageFilePath":"4/52/10.png","Text":"لَهُۥ","Translation":"for him","Transliteration":"lahu"},{"Position":11,"AudioFileName":"004_052_011.mp3","TajweedImageFilePath":"4/52/11.png","Text":"نَصِيرًا","Translation":"(any) helper","Transliteration":"naṣīran"},{"Position":12,"AudioFileName":null,"TajweedImageFilePath":"52.png","Text":"٥٢","Translation":"(52)","Transliteration":null}],"PageNumber":87,"JuzNumber":5,"ManzilNumber":1,"RukuNumber":69,"MaqraNumber":34,"HizbNumber":9,"HizbDecimal":0.25,"HasSajda":false},{"SurahNumber":4,"SurahIndex":"004","VerseNumber":53,"ShowSurahName":false,"ShowBismillah":false,"Words":[{"Position":1,"AudioFileName":"004_053_001.mp3","TajweedImageFilePath":"4/53/1.png","Text":"أَمْ","Translation":"Or","Transliteration":"am"},{"Position":2,"AudioFileName":"004_053_002.mp3","TajweedImageFilePath":"4/53/2.png","Text":"لَهُمْ","Translation":"for them","Transliteration":"lahum"},{"Position":3,"AudioFileName":"004_053_003.mp3","TajweedImageFilePath":"4/53/3.png","Text":"نَصِيبٌۭ","Translation":"(is) a share","Transliteration":"naṣībun"},{"Position":4,"AudioFileName":"004_053_004.mp3","TajweedImageFilePath":"4/53/4.png","Text":"مِّنَ","Translation":"of","Transliteration":"mina"},{"Position":5,"AudioFileName":"004_053_005.mp3","TajweedImageFilePath":"4/53/5.png","Text":"ٱلْمُلْكِ","Translation":"the Kingdom","Transliteration":"l-mul'ki"},{"Position":6,"AudioFileName":"004_053_006.mp3","TajweedImageFilePath":"4/53/6.png","Text":"فَإِذًۭا","Translation":"Then","Transliteration":"fa-idhan"},{"Position":7,"AudioFileName":"004_053_007.mp3","TajweedImageFilePath":"4/53/7.png","Text":"لَّا","Translation":"not would","Transliteration":"lā"},{"Position":8,"AudioFileName":"004_053_008.mp3","TajweedImageFilePath":"4/53/8.png","Text":"يُؤْتُونَ","Translation":"they give","Transliteration":"yu'tūna"},{"Position":9,"AudioFileName":"004_053_009.mp3","TajweedImageFilePath":"4/53/9.png","Text":"ٱلنَّاسَ","Translation":"the people","Transliteration":"l-nāsa"},{"Position":10,"AudioFileName":"004_053_010.mp3","TajweedImageFilePath":"4/53/10.png","Text":"نَقِيرًا","Translation":"(even as much as the) speck on a date seed","Transliteration":"naqīran"},{"Position":11,"AudioFileName":null,"TajweedImageFilePath":"53.png","Text":"٥٣","Translation":"(53)","Transliteration":null}],"PageNumber":87,"JuzNumber":5,"ManzilNumber":1,"RukuNumber":69,"MaqraNumber":34,"HizbNumber":9,"HizbDecimal":0.25,"HasSajda":false},{"SurahNumber":4,"SurahIndex":"004","VerseNumber":54,"ShowSurahName":false,"ShowBismillah":false,"Words":[{"Position":1,"AudioFileName":"004_054_001.mp3","TajweedImageFilePath":"4/54/1.png","Text":"أَمْ","Translation":"Or","Transliteration":"am"},{"Position":2,"AudioFileName":"004_054_002.mp3","TajweedImageFilePath":"4/54/2.png","Text":"يَحْسُدُونَ","Translation":"are they jealous","Transliteration":"yaḥsudūna"},{"Position":3,"AudioFileName":"004_054_003.mp3","TajweedImageFilePath":"4/54/3.png","Text":"ٱلنَّاسَ","Translation":"(of) the people","Transliteration":"l-nāsa"},{"Position":4,"AudioFileName":"004_054_004.mp3","TajweedImageFilePath":"4/54/4.png","Text":"عَلَىٰ","Translation":"for","Transliteration":"ʿalā"},{"Position":5,"AudioFileName":"004_054_005.mp3","TajweedImageFilePath":"4/54/5.png","Text":"مَآ","Translation":"what","Transliteration":"mā"},{"Position":6,"AudioFileName":"004_054_006.mp3","TajweedImageFilePath":"4/54/6.png","Text":"ءَاتَىٰهُمُ","Translation":"gave them","Transliteration":"ātāhumu"},{"Position":7,"AudioFileName":"004_054_007.mp3","TajweedImageFilePath":"4/54/7.png","Text":"ٱللَّهُ","Translation":"Allah","Transliteration":"l-lahu"},{"Position":8,"AudioFileName":"004_054_008.mp3","TajweedImageFilePath":"4/54/8.png","Text":"مِن","Translation":"from","Transliteration":"min"},{"Position":9,"AudioFileName":"004_054_009.mp3","TajweedImageFilePath":"4/54/9.png","Text":"فَضْلِهِۦ ۖ","Translation":"His Bounty","Transliteration":"faḍlihi"},{"Position":10,"AudioFileName":"004_054_010.mp3","TajweedImageFilePath":"4/54/10.png","Text":"فَقَدْ","Translation":"But surely","Transliteration":"faqad"},{"Position":11,"AudioFileName":"004_054_011.mp3","TajweedImageFilePath":"4/54/11.png","Text":"ءَاتَيْنَآ","Translation":"We gave","Transliteration":"ātaynā"},{"Position":12,"AudioFileName":"004_054_012.mp3","TajweedImageFilePath":"4/54/12.png","Text":"ءَالَ","Translation":"(the) family","Transliteration":"āla"},{"Position":13,"AudioFileName":"004_054_013.mp3","TajweedImageFilePath":"4/54/13.png","Text":"إِبْرَٰهِيمَ","Translation":"(of) Ibrahim","Transliteration":"ib'rāhīma"},{"Position":14,"AudioFileName":"004_054_014.mp3","TajweedImageFilePath":"4/54/14.png","Text":"ٱلْكِتَـٰبَ","Translation":"the Book","Transliteration":"l-kitāba"},{"Position":15,"AudioFileName":"004_054_015.mp3","TajweedImageFilePath":"4/54/15.png","Text":"وَٱلْحِكْمَةَ","Translation":"and [the] wisdom","Transliteration":"wal-ḥik'mata"},{"Position":16,"AudioFileName":"004_054_016.mp3","TajweedImageFilePath":"4/54/16.png","Text":"وَءَاتَيْنَـٰهُم","Translation":"and [We] gave them","Transliteration":"waātaynāhum"},{"Position":17,"AudioFileName":"004_054_017.mp3","TajweedImageFilePath":"4/54/17.png","Text":"مُّلْكًا","Translation":"a kingdom","Transliteration":"mul'kan"},{"Position":18,"AudioFileName":"004_054_018.mp3","TajweedImageFilePath":"4/54/18.png","Text":"عَظِيمًۭا","Translation":"great","Transliteration":"ʿaẓīman"},{"Position":19,"AudioFileName":null,"TajweedImageFilePath":"54.png","Text":"٥٤","Translation":"(54)","Transliteration":null}],"PageNumber":87,"JuzNumber":5,"ManzilNumber":1,"RukuNumber":69,"MaqraNumber":34,"HizbNumber":9,"HizbDecimal":0.25,"HasSajda":false},{"SurahNumber":4,"SurahIndex":"004","VerseNumber":55,"ShowSurahName":false,"ShowBismillah":false,"Words":[{"Position":1,"AudioFileName":"004_055_001.mp3","TajweedImageFilePath":"4/55/1.png","Text":"فَمِنْهُم","Translation":"Then of them","Transliteration":"famin'hum"},{"Position":2,"AudioFileName":"004_055_002.mp3","TajweedImageFilePath":"4/55/2.png","Text":"مَّنْ","Translation":"(are some) who","Transliteration":"man"},{"Position":3,"AudioFileName":"004_055_003.mp3","TajweedImageFilePath":"4/55/3.png","Text":"ءَامَنَ","Translation":"believed","Transliteration":"āmana"},{"Position":4,"AudioFileName":"004_055_004.mp3","TajweedImageFilePath":"4/55/4.png","Text":"بِهِۦ","Translation":"in him","Transliteration":"bihi"},{"Position":5,"AudioFileName":"004_055_005.mp3","TajweedImageFilePath":"4/55/5.png","Text":"وَمِنْهُم","Translation":"and of them","Transliteration":"wamin'hum"},{"Position":6,"AudioFileName":"004_055_006.mp3","TajweedImageFilePath":"4/55/6.png","Text":"مَّن","Translation":"(are some) who","Transliteration":"man"},{"Position":7,"AudioFileName":"004_055_007.mp3","TajweedImageFilePath":"4/55/7.png","Text":"صَدَّ","Translation":"turned away","Transliteration":"ṣadda"},{"Position":8,"AudioFileName":"004_055_008.mp3","TajweedImageFilePath":"4/55/8.png","Text":"عَنْهُ ۚ","Translation":"from him","Transliteration":"ʿanhu"},{"Position":9,"AudioFileName":"004_055_009.mp3","TajweedImageFilePath":"4/55/9.png","Text":"وَكَفَىٰ","Translation":"and sufficient","Transliteration":"wakafā"},{"Position":10,"AudioFileName":"004_055_010.mp3","TajweedImageFilePath":"4/55/10.png","Text":"بِجَهَنَّمَ","Translation":"(is) Hell","Transliteration":"bijahannama"},{"Position":11,"AudioFileName":"004_055_011.mp3","TajweedImageFilePath":"4/55/11.png","Text":"سَعِيرًا","Translation":"(as a) Blazing Fire","Transliteration":"saʿīran"},{"Position":12,"AudioFileName":null,"TajweedImageFilePath":"55.png","Text":"٥٥","Translation":"(55)","Transliteration":null}],"PageNumber":87,"JuzNumber":5,"ManzilNumber":1,"RukuNumber":69,"MaqraNumber":34,"HizbNumber":9,"HizbDecimal":0.25,"HasSajda":false},{"SurahNumber":4,"SurahIndex":"004","VerseNumber":56,"ShowSurahName":false,"ShowBismillah":false,"Words":[{"Position":1,"AudioFileName":"004_056_001.mp3","TajweedImageFilePath":"4/56/1.png","Text":"إِنَّ","Translation":"Indeed","Transliteration":"inna"},{"Position":2,"AudioFileName":"004_056_002.mp3","TajweedImageFilePath":"4/56/2.png","Text":"ٱلَّذِينَ","Translation":"those who","Transliteration":"alladhīna"},{"Position":3,"AudioFileName":"004_056_003.mp3","TajweedImageFilePath":"4/56/3.png","Text":"كَفَرُوا۟","Translation":"disbelieved","Transliteration":"kafarū"},{"Position":4,"AudioFileName":"004_056_004.mp3","TajweedImageFilePath":"4/56/4.png","Text":"بِـَٔايَـٰتِنَا","Translation":"in Our Signs","Transliteration":"biāyātinā"},{"Position":5,"AudioFileName":"004_056_005.mp3","TajweedImageFilePath":"4/56/5.png","Text":"سَوْفَ","Translation":"soon","Transliteration":"sawfa"},{"Position":6,"AudioFileName":"004_056_006.mp3","TajweedImageFilePath":"4/56/6.png","Text":"نُصْلِيهِمْ","Translation":"We will burn them","Transliteration":"nuṣ'līhim"},{"Position":7,"AudioFileName":"004_056_007.mp3","TajweedImageFilePath":"4/56/7.png","Text":"نَارًۭا","Translation":"(in) a Fire","Transliteration":"nāran"},{"Position":8,"AudioFileName":"004_056_008.mp3","TajweedImageFilePath":"4/56/8.png","Text":"كُلَّمَا","Translation":"Every time","Transliteration":"kullamā"},{"Position":9,"AudioFileName":"004_056_009.mp3","TajweedImageFilePath":"4/56/9.png","Text":"نَضِجَتْ","Translation":"are roasted","Transliteration":"naḍijat"},{"Position":10,"AudioFileName":"004_056_010.mp3","TajweedImageFilePath":"4/56/10.png","Text":"جُلُودُهُم","Translation":"their skins","Transliteration":"julūduhum"},{"Position":11,"AudioFileName":"004_056_011.mp3","TajweedImageFilePath":"4/56/11.png","Text":"بَدَّلْنَـٰهُمْ","Translation":"We will change their","Transliteration":"baddalnāhum"},{"Position":12,"AudioFileName":"004_056_012.mp3","TajweedImageFilePath":"4/56/12.png","Text":"جُلُودًا","Translation":"skins","Transliteration":"julūdan"},{"Position":13,"AudioFileName":"004_056_013.mp3","TajweedImageFilePath":"4/56/13.png","Text":"غَيْرَهَا","Translation":"for other (than) that","Transliteration":"ghayrahā"},{"Position":14,"AudioFileName":"004_056_014.mp3","TajweedImageFilePath":"4/56/14.png","Text":"لِيَذُوقُوا۟","Translation":"so that they may taste","Transliteration":"liyadhūqū"},{"Position":15,"AudioFileName":"004_056_015.mp3","TajweedImageFilePath":"4/56/15.png","Text":"ٱلْعَذَابَ ۗ","Translation":"the punishment","Transliteration":"l-ʿadhāba"},{"Position":16,"AudioFileName":"004_056_016.mp3","TajweedImageFilePath":"4/56/16.png","Text":"إِنَّ","Translation":"Indeed","Transliteration":"inna"},{"Position":17,"AudioFileName":"004_056_017.mp3","TajweedImageFilePath":"4/56/17.png","Text":"ٱللَّهَ","Translation":"Allah","Transliteration":"l-laha"},{"Position":18,"AudioFileName":"004_056_018.mp3","TajweedImageFilePath":"4/56/18.png","Text":"كَانَ","Translation":"is","Transliteration":"kāna"},{"Position":19,"AudioFileName":"004_056_019.mp3","TajweedImageFilePath":"4/56/19.png","Text":"عَزِيزًا","Translation":"All-Mighty","Transliteration":"ʿazīzan"},{"Position":20,"AudioFileName":"004_056_020.mp3","TajweedImageFilePath":"4/56/20.png","Text":"حَكِيمًۭا","Translation":"All-Wise","Transliteration":"ḥakīman"},{"Position":21,"AudioFileName":null,"TajweedImageFilePath":"56.png","Text":"٥٦","Translation":"(56)","Transliteration":null}],"PageNumber":87,"JuzNumber":5,"ManzilNumber":1,"RukuNumber":69,"MaqraNumber":34,"HizbNumber":9,"HizbDecimal":0.25,"HasSajda":false},{"SurahNumber":4,"SurahIndex":"004","VerseNumber":57,"ShowSurahName":false,"ShowBismillah":false,"Words":[{"Position":1,"AudioFileName":"004_057_001.mp3","TajweedImageFilePath":"4/57/1.png","Text":"وَٱلَّذِينَ","Translation":"And those who","Transliteration":"wa-alladhīna"},{"Position":2,"AudioFileName":"004_057_002.mp3","TajweedImageFilePath":"4/57/2.png","Text":"ءَامَنُوا۟","Translation":"believe[d]","Transliteration":"āmanū"},{"Position":3,"AudioFileName":"004_057_003.mp3","TajweedImageFilePath":"4/57/3.png","Text":"وَعَمِلُوا۟","Translation":"and did","Transliteration":"waʿamilū"},{"Position":4,"AudioFileName":"004_057_004.mp3","TajweedImageFilePath":"4/57/4.png","Text":"ٱلصَّـٰلِحَـٰتِ","Translation":"the good deeds","Transliteration":"l-ṣāliḥāti"},{"Position":5,"AudioFileName":"004_057_005.mp3","TajweedImageFilePath":"4/57/5.png","Text":"سَنُدْخِلُهُمْ","Translation":"We will admit them","Transliteration":"sanud'khiluhum"},{"Position":6,"AudioFileName":"004_057_006.mp3","TajweedImageFilePath":"4/57/6.png","Text":"جَنَّـٰتٍۢ","Translation":"(in) Gardens","Transliteration":"jannātin"},{"Position":7,"AudioFileName":"004_057_007.mp3","TajweedImageFilePath":"4/57/7.png","Text":"تَجْرِى","Translation":"flows","Transliteration":"tajrī"},{"Position":8,"AudioFileName":"004_057_008.mp3","TajweedImageFilePath":"4/57/8.png","Text":"مِن","Translation":"from","Transliteration":"min"},{"Position":9,"AudioFileName":"004_057_009.mp3","TajweedImageFilePath":"4/57/9.png","Text":"تَحْتِهَا","Translation":"underneath it","Transliteration":"taḥtihā"},{"Position":10,"AudioFileName":"004_057_010.mp3","TajweedImageFilePath":"4/57/10.png","Text":"ٱلْأَنْهَـٰرُ","Translation":"the rivers","Transliteration":"l-anhāru"},{"Position":11,"AudioFileName":"004_057_011.mp3","TajweedImageFilePath":"4/57/11.png","Text":"خَـٰلِدِينَ","Translation":"will abide","Transliteration":"khālidīna"},{"Position":12,"AudioFileName":"004_057_012.mp3","TajweedImageFilePath":"4/57/12.png","Text":"فِيهَآ","Translation":"in it","Transliteration":"fīhā"},{"Position":13,"AudioFileName":"004_057_013.mp3","TajweedImageFilePath":"4/57/13.png","Text":"أَبَدًۭا ۖ","Translation":"forever","Transliteration":"abadan"},{"Position":14,"AudioFileName":"004_057_014.mp3","TajweedImageFilePath":"4/57/14.png","Text":"لَّهُمْ","Translation":"For them","Transliteration":"lahum"},{"Position":15,"AudioFileName":"004_057_015.mp3","TajweedImageFilePath":"4/57/15.png","Text":"فِيهَآ","Translation":"in it","Transliteration":"fīhā"},{"Position":16,"AudioFileName":"004_057_016.mp3","TajweedImageFilePath":"4/57/16.png","Text":"أَزْوَٰجٌۭ","Translation":"(are) spouses","Transliteration":"azwājun"},{"Position":17,"AudioFileName":"004_057_017.mp3","TajweedImageFilePath":"4/57/17.png","Text":"مُّطَهَّرَةٌۭ ۖ","Translation":"pure","Transliteration":"muṭahharatun"},{"Position":18,"AudioFileName":"004_057_018.mp3","TajweedImageFilePath":"4/57/18.png","Text":"وَنُدْخِلُهُمْ","Translation":"and We will admit them","Transliteration":"wanud'khiluhum"},{"Position":19,"AudioFileName":"004_057_019.mp3","TajweedImageFilePath":"4/57/19.png","Text":"ظِلًّۭا","Translation":"(in the) shade","Transliteration":"ẓillan"},{"Position":20,"AudioFileName":"004_057_020.mp3","TajweedImageFilePath":"4/57/20.png","Text":"ظَلِيلًا","Translation":"thick","Transliteration":"ẓalīlan"},{"Position":21,"AudioFileName":null,"TajweedImageFilePath":"57.png","Text":"٥٧","Translation":"(57)","Transliteration":null}],"PageNumber":87,"JuzNumber":5,"ManzilNumber":1,"RukuNumber":69,"MaqraNumber":34,"HizbNumber":9,"HizbDecimal":0.25,"HasSajda":false}]}