{"MaqraNumber":90.0,"Verses":[{"SurahNumber":11,"SurahIndex":"011","VerseNumber":24,"ShowSurahName":false,"ShowBismillah":false,"Text":"۞مَثَلُ ٱلۡفَرِيقَيۡنِ كَٱلۡأَعۡمَىٰ وَٱلۡأَصَمِّ وَٱلۡبَصِيرِ وَٱلسَّمِيعِۚ هَلۡ يَسۡتَوِيَانِ مَثَلًاۚ أَفَلَا تَذَكَّرُونَ","TajweedText":"۞ مَثَلُ <tajweed class=ham_wasl>ٱ</tajweed>لْفَرِيقَيْنِ كَ<tajweed class=ham_wasl>ٱ</tajweed>لْأَعْمَىٰ وَ<tajweed class=ham_wasl>ٱ</tajweed>لْأَصَ<tajweed class=ghunnah>مّ</tajweed>ِ وَ<tajweed class=ham_wasl>ٱ</tajweed>لْبَصِيرِ وَ<tajweed class=ham_wasl>ٱ</tajweed><tajweed class=laam_shamsiyah>ل</tajweed>سَّمِيعِ‌ۚ هَلْ يَسْتَوِيَانِ مَثَلاً‌ۚ أَفَلَا تَذَكَّر<tajweed class=madda_permissible>ُو</tajweed>نَ <span class=end>٢٤</span>","End":"٢٤","PageNumber":224,"JuzNumber":12,"ManzilNumber":3,"RukuNumber":184,"MaqraNumber":90,"HizbNumber":23,"HizbDecimal":0.25,"HasSajda":false},{"SurahNumber":11,"SurahIndex":"011","VerseNumber":25,"ShowSurahName":false,"ShowBismillah":false,"Text":"وَلَقَدۡ أَرۡسَلۡنَا نُوحًا إِلَىٰ قَوۡمِهِۦٓ إِنِّي لَكُمۡ نَذِيرٞ مُّبِينٌ","TajweedText":"وَلَقَ<tajweed class=qalaqah>دْ</tajweed> أَرْسَلْنَا نُوحًا إِلَىٰ قَوْمِه<tajweed class=madda_obligatory>ِۦٓ</tajweed> إِ<tajweed class=ghunnah>نّ</tajweed>ِى لَكُمْ نَذِي<tajweed class=idgham_ghunnah>رٌ م</tajweed>ُّب<tajweed class=madda_permissible>ِي</tajweed>نٌ <span class=end>٢٥</span>","End":"٢٥","PageNumber":224,"JuzNumber":12,"ManzilNumber":3,"RukuNumber":185,"MaqraNumber":90,"HizbNumber":23,"HizbDecimal":0.25,"HasSajda":false},{"SurahNumber":11,"SurahIndex":"011","VerseNumber":26,"ShowSurahName":false,"ShowBismillah":false,"Text":"أَن لَّا تَعۡبُدُوٓاْ إِلَّا ٱللَّهَۖ إِنِّيٓ أَخَافُ عَلَيۡكُمۡ عَذَابَ يَوۡمٍ أَلِيمٖ","TajweedText":"أ<tajweed class=idgham_wo_ghunnah>َن ل</tajweed>َّا تَعْبُد<tajweed class=madda_obligatory>ُوٓ</tajweed><tajweed class=slnt>اْ</tajweed> إِلَّا <tajweed class=ham_wasl>ٱ</tajweed>للَّهَ‌ۖ إِ<tajweed class=ghunnah>نّ</tajweed><tajweed class=madda_obligatory>ِىٓ</tajweed> أَخَافُ عَلَيْكُمْ عَذَابَ يَوْمٍ أَل<tajweed class=madda_permissible>ِي</tajweed>مٍ <span class=end>٢٦</span>","End":"٢٦","PageNumber":224,"JuzNumber":12,"ManzilNumber":3,"RukuNumber":185,"MaqraNumber":90,"HizbNumber":23,"HizbDecimal":0.25,"HasSajda":false},{"SurahNumber":11,"SurahIndex":"011","VerseNumber":27,"ShowSurahName":false,"ShowBismillah":false,"Text":"فَقَالَ ٱلۡمَلَأُ ٱلَّذِينَ كَفَرُواْ مِن قَوۡمِهِۦ مَا نَرَىٰكَ إِلَّا بَشَرٗا مِّثۡلَنَا وَمَا نَرَىٰكَ ٱتَّبَعَكَ إِلَّا ٱلَّذِينَ هُمۡ أَرَاذِلُنَا بَادِيَ ٱلرَّأۡيِ وَمَا نَرَىٰ لَكُمۡ عَلَيۡنَا مِن فَضۡلِۭ بَلۡ نَظُنُّكُمۡ كَٰذِبِينَ","TajweedText":"فَقَالَ <tajweed class=ham_wasl>ٱ</tajweed>لْمَلَأُ <tajweed class=ham_wasl>ٱ</tajweed>لَّذِينَ كَفَرُو<tajweed class=slnt>اْ</tajweed> مِ<tajweed class=ikhafa>ن ق</tajweed>َوْمِه<tajweed class=madda_normal>ِۦ</tajweed> مَا نَرَ<tajweed class=madda_normal>ٮٰ</tajweed>كَ إِلَّا بَشَ<tajweed class=idgham_ghunnah>رًا م</tajweed>ِّثْلَنَا وَمَا نَرَ<tajweed class=madda_normal>ٮٰ</tajweed>كَ <tajweed class=ham_wasl>ٱ</tajweed>تَّبَعَكَ إِلَّا <tajweed class=ham_wasl>ٱ</tajweed>لَّذِينَ هُمْ أَرَاذِلُنَا بَادِىَ <tajweed class=ham_wasl>ٱ</tajweed><tajweed class=laam_shamsiyah>ل</tajweed>رَّأْىِ وَمَا نَرَىٰ لَكُمْ عَلَيْنَا مِ<tajweed class=ikhafa>ن ف</tajweed>َضْ<tajweed class=iqlab>لِۭ ب</tajweed>َلْ نَظُ<tajweed class=ghunnah>نّ</tajweed>ُكُمْ كَ<tajweed class=madda_normal>ـٰ</tajweed>ذِب<tajweed class=madda_permissible>ِي</tajweed>نَ <span class=end>٢٧</span>","End":"٢٧","PageNumber":224,"JuzNumber":12,"ManzilNumber":3,"RukuNumber":185,"MaqraNumber":90,"HizbNumber":23,"HizbDecimal":0.25,"HasSajda":false},{"SurahNumber":11,"SurahIndex":"011","VerseNumber":28,"ShowSurahName":false,"ShowBismillah":false,"Text":"قَالَ يَٰقَوۡمِ أَرَءَيۡتُمۡ إِن كُنتُ عَلَىٰ بَيِّنَةٖ مِّن رَّبِّي وَءَاتَىٰنِي رَحۡمَةٗ مِّنۡ عِندِهِۦ فَعُمِّيَتۡ عَلَيۡكُمۡ أَنُلۡزِمُكُمُوهَا وَأَنتُمۡ لَهَا كَٰرِهُونَ","TajweedText":"قَالَ يَ<tajweed class=madda_normal>ـٰ</tajweed>قَوْمِ أَرَءَيْتُمْ إِ<tajweed class=ikhafa>ن ك</tajweed>ُ<tajweed class=ikhafa>نت</tajweed>ُ عَلَىٰ بَيِّنَ<tajweed class=idgham_ghunnah>ةٍ م</tajweed>ّ<tajweed class=idgham_wo_ghunnah>ِن ر</tajweed>َّبِّى وَءَاتَ<tajweed class=madda_normal>ـٰ</tajweed>نِى رَحْمَ<tajweed class=idgham_ghunnah>ةً م</tajweed>ِّنْ عِ<tajweed class=ikhafa>ند</tajweed>ِه<tajweed class=madda_normal>ِۦ</tajweed> فَعُ<tajweed class=ghunnah>مّ</tajweed>ِيَتْ عَلَيْكُمْ أَنُلْزِمُكُمُوهَا وَأَ<tajweed class=ikhafa>نت</tajweed>ُمْ لَهَا كَ<tajweed class=madda_normal>ـٰ</tajweed>رِه<tajweed class=madda_permissible>ُو</tajweed>نَ <span class=end>٢٨</span>","End":"٢٨","PageNumber":224,"JuzNumber":12,"ManzilNumber":3,"RukuNumber":185,"MaqraNumber":90,"HizbNumber":23,"HizbDecimal":0.25,"HasSajda":false},{"SurahNumber":11,"SurahIndex":"011","VerseNumber":29,"ShowSurahName":false,"ShowBismillah":false,"Text":"وَيَٰقَوۡمِ لَآ أَسۡـَٔلُكُمۡ عَلَيۡهِ مَالًاۖ إِنۡ أَجۡرِيَ إِلَّا عَلَى ٱللَّهِۚ وَمَآ أَنَا۠ بِطَارِدِ ٱلَّذِينَ ءَامَنُوٓاْۚ إِنَّهُم مُّلَٰقُواْ رَبِّهِمۡ وَلَٰكِنِّيٓ أَرَىٰكُمۡ قَوۡمٗا تَجۡهَلُونَ","TajweedText":"وَيَ<tajweed class=madda_normal>ـٰ</tajweed>قَوْمِ ل<tajweed class=madda_obligatory>َآ</tajweed> أَسْــَٔلُكُمْ عَلَيْهِ مَالاً‌ۖ إِنْ أَ<tajweed class=qalaqah>جْ</tajweed>رِىَ إِلَّا عَلَى <tajweed class=ham_wasl>ٱ</tajweed>للَّهِ‌ۚ وَم<tajweed class=madda_obligatory>َآ</tajweed> أَنَا۟ بِطَارِدِ <tajweed class=ham_wasl>ٱ</tajweed>لَّذِينَ ءَامَن<tajweed class=madda_obligatory>ُوٓ<tajweed class=slnt>اْ</tajweed>‌ۚ</tajweed> إِ<tajweed class=ghunnah>نّ</tajweed>َه<tajweed class=idgham_shafawi>ُم م</tajweed>ُّلَ<tajweed class=madda_normal>ـٰ</tajweed>قُو<tajweed class=slnt>اْ</tajweed> رَبِّهِمْ وَلَ<tajweed class=madda_normal>ـٰ</tajweed>كِ<tajweed class=ghunnah>نّ</tajweed><tajweed class=madda_obligatory>ِىٓ</tajweed> أَرَ<tajweed class=madda_normal>ٮٰ</tajweed>كُمْ قَوْ<tajweed class=ikhafa>مًا ت</tajweed>َ<tajweed class=qalaqah>جْ</tajweed>هَل<tajweed class=madda_permissible>ُو</tajweed>نَ <span class=end>٢٩</span>","End":"٢٩","PageNumber":225,"JuzNumber":12,"ManzilNumber":3,"RukuNumber":185,"MaqraNumber":90,"HizbNumber":23,"HizbDecimal":0.25,"HasSajda":false},{"SurahNumber":11,"SurahIndex":"011","VerseNumber":30,"ShowSurahName":false,"ShowBismillah":false,"Text":"وَيَٰقَوۡمِ مَن يَنصُرُنِي مِنَ ٱللَّهِ إِن طَرَدتُّهُمۡۚ أَفَلَا تَذَكَّرُونَ","TajweedText":"وَيَ<tajweed class=madda_normal>ـٰ</tajweed>قَوْمِ م<tajweed class=idgham_ghunnah>َن ي</tajweed>َ<tajweed class=ikhafa>نص</tajweed>ُرُنِى مِنَ <tajweed class=ham_wasl>ٱ</tajweed>للَّهِ إِ<tajweed class=ikhafa>ن ط</tajweed>َرَ<tajweed class=idgham_mutajanisayn>د</tajweed>تُّهُمْ‌ۚ أَفَلَا تَذَكَّر<tajweed class=madda_permissible>ُو</tajweed>نَ <span class=end>٣٠</span>","End":"٣٠","PageNumber":225,"JuzNumber":12,"ManzilNumber":3,"RukuNumber":185,"MaqraNumber":90,"HizbNumber":23,"HizbDecimal":0.25,"HasSajda":false},{"SurahNumber":11,"SurahIndex":"011","VerseNumber":31,"ShowSurahName":false,"ShowBismillah":false,"Text":"وَلَآ أَقُولُ لَكُمۡ عِندِي خَزَآئِنُ ٱللَّهِ وَلَآ أَعۡلَمُ ٱلۡغَيۡبَ وَلَآ أَقُولُ إِنِّي مَلَكٞ وَلَآ أَقُولُ لِلَّذِينَ تَزۡدَرِيٓ أَعۡيُنُكُمۡ لَن يُؤۡتِيَهُمُ ٱللَّهُ خَيۡرًاۖ ٱللَّهُ أَعۡلَمُ بِمَا فِيٓ أَنفُسِهِمۡ إِنِّيٓ إِذٗا لَّمِنَ ٱلظَّـٰلِمِينَ","TajweedText":"وَل<tajweed class=madda_obligatory>َآ</tajweed> أَقُولُ لَكُمْ عِ<tajweed class=ikhafa>ند</tajweed>ِى خَز<tajweed class=madda_obligatory>َا</tajweed>ٓئِنُ <tajweed class=ham_wasl>ٱ</tajweed>للَّهِ وَل<tajweed class=madda_obligatory>َآ</tajweed> أَعْلَمُ <tajweed class=ham_wasl>ٱ</tajweed>لْغَيْبَ وَل<tajweed class=madda_obligatory>َآ</tajweed> أَقُولُ إِ<tajweed class=ghunnah>نّ</tajweed>ِى مَلَ<tajweed class=idgham_ghunnah>كٌ و</tajweed>َل<tajweed class=madda_obligatory>َآ</tajweed> أَقُولُ لِلَّذِينَ تَزْدَر<tajweed class=madda_obligatory>ِىٓ</tajweed> أَعْيُنُكُمْ ل<tajweed class=idgham_ghunnah>َن ي</tajweed>ُؤْتِيَهُمُ <tajweed class=ham_wasl>ٱ</tajweed>للَّهُ خَيْرًا‌ۖ <tajweed class=ham_wasl>ٱ</tajweed>للَّهُ أَعْلَمُ بِمَا ف<tajweed class=madda_obligatory>ِىٓ</tajweed> أَ<tajweed class=ikhafa>نف</tajweed>ُسِهِمْ‌ۖ إِ<tajweed class=ghunnah>نّ</tajweed><tajweed class=madda_obligatory>ِىٓ</tajweed> إِ<tajweed class=idgham_wo_ghunnah>ذًا ل</tajweed>َّمِنَ <tajweed class=ham_wasl>ٱ</tajweed><tajweed class=laam_shamsiyah>ل</tajweed>ظَّ<tajweed class=madda_normal>ـٰ</tajweed>لِم<tajweed class=madda_permissible>ِي</tajweed>نَ <span class=end>٣١</span>","End":"٣١","PageNumber":225,"JuzNumber":12,"ManzilNumber":3,"RukuNumber":185,"MaqraNumber":90,"HizbNumber":23,"HizbDecimal":0.25,"HasSajda":false},{"SurahNumber":11,"SurahIndex":"011","VerseNumber":32,"ShowSurahName":false,"ShowBismillah":false,"Text":"قَالُواْ يَٰنُوحُ قَدۡ جَٰدَلۡتَنَا فَأَكۡثَرۡتَ جِدَٰلَنَا فَأۡتِنَا بِمَا تَعِدُنَآ إِن كُنتَ مِنَ ٱلصَّـٰدِقِينَ","TajweedText":"قَالُو<tajweed class=slnt>اْ</tajweed> يَ<tajweed class=madda_normal>ـٰ</tajweed>نُوحُ قَ<tajweed class=qalaqah>دْ</tajweed> جَ<tajweed class=madda_normal>ـٰ</tajweed>دَلْتَنَا فَأَكْثَرْتَ جِد<tajweed class=madda_normal>َٲ</tajweed>لَنَا فَأْتِنَا بِمَا تَعِدُن<tajweed class=madda_obligatory>َآ</tajweed> إِ<tajweed class=ikhafa>ن ك</tajweed>ُ<tajweed class=ikhafa>نت</tajweed>َ مِنَ <tajweed class=ham_wasl>ٱ</tajweed><tajweed class=laam_shamsiyah>ل</tajweed>صَّ<tajweed class=madda_normal>ـٰ</tajweed>دِق<tajweed class=madda_permissible>ِي</tajweed>نَ <span class=end>٣٢</span>","End":"٣٢","PageNumber":225,"JuzNumber":12,"ManzilNumber":3,"RukuNumber":185,"MaqraNumber":90,"HizbNumber":23,"HizbDecimal":0.25,"HasSajda":false},{"SurahNumber":11,"SurahIndex":"011","VerseNumber":33,"ShowSurahName":false,"ShowBismillah":false,"Text":"قَالَ إِنَّمَا يَأۡتِيكُم بِهِ ٱللَّهُ إِن شَآءَ وَمَآ أَنتُم بِمُعۡجِزِينَ","TajweedText":"قَالَ إِ<tajweed class=ghunnah>نّ</tajweed>َمَا يَأْتِيك<tajweed class=ikhafa_shafawi>ُم ب</tajweed>ِهِ <tajweed class=ham_wasl>ٱ</tajweed>للَّهُ إِ<tajweed class=ikhafa>ن ش</tajweed><tajweed class=madda_obligatory>َا</tajweed>ٓءَ وَم<tajweed class=madda_obligatory>َآ</tajweed> أَ<tajweed class=ikhafa>نت</tajweed><tajweed class=ikhafa_shafawi>ُم ب</tajweed>ِمُعْجِز<tajweed class=madda_permissible>ِي</tajweed>نَ <span class=end>٣٣</span>","End":"٣٣","PageNumber":225,"JuzNumber":12,"ManzilNumber":3,"RukuNumber":185,"MaqraNumber":90,"HizbNumber":23,"HizbDecimal":0.25,"HasSajda":false},{"SurahNumber":11,"SurahIndex":"011","VerseNumber":34,"ShowSurahName":false,"ShowBismillah":false,"Text":"وَلَا يَنفَعُكُمۡ نُصۡحِيٓ إِنۡ أَرَدتُّ أَنۡ أَنصَحَ لَكُمۡ إِن كَانَ ٱللَّهُ يُرِيدُ أَن يُغۡوِيَكُمۡۚ هُوَ رَبُّكُمۡ وَإِلَيۡهِ تُرۡجَعُونَ","TajweedText":"وَلَا يَ<tajweed class=ikhafa>نف</tajweed>َعُكُمْ نُصْح<tajweed class=madda_obligatory>ِىٓ</tajweed> إِنْ أَرَ<tajweed class=idgham_mutajanisayn>د</tajweed>تُّ أَنْ أَ<tajweed class=ikhafa>نص</tajweed>َحَ لَكُمْ إِ<tajweed class=ikhafa>ن ك</tajweed>َانَ <tajweed class=ham_wasl>ٱ</tajweed>للَّهُ يُرِيدُ أ<tajweed class=idgham_ghunnah>َن ي</tajweed>ُغْوِيَكُمْ‌ۚ هُوَ رَبُّكُمْ وَإِلَيْهِ تُرْجَع<tajweed class=madda_permissible>ُو</tajweed>نَ <span class=end>٣٤</span>","End":"٣٤","PageNumber":225,"JuzNumber":12,"ManzilNumber":3,"RukuNumber":185,"MaqraNumber":90,"HizbNumber":23,"HizbDecimal":0.25,"HasSajda":false},{"SurahNumber":11,"SurahIndex":"011","VerseNumber":35,"ShowSurahName":false,"ShowBismillah":false,"Text":"أَمۡ يَقُولُونَ ٱفۡتَرَىٰهُۖ قُلۡ إِنِ ٱفۡتَرَيۡتُهُۥ فَعَلَيَّ إِجۡرَامِي وَأَنَا۠ بَرِيٓءٞ مِّمَّا تُجۡرِمُونَ","TajweedText":"أَمْ يَقُولُونَ <tajweed class=ham_wasl>ٱ</tajweed>فْتَرَ<tajweed class=madda_normal>ٮٰ</tajweed>هُ‌ۖ قُلْ إِنِ <tajweed class=ham_wasl>ٱ</tajweed>فْتَرَيْتُهُ<tajweed class=madda_normal>ۥ</tajweed> فَعَلَىَّ إِ<tajweed class=qalaqah>جْ</tajweed>رَامِى وَأَنَا۟ بَر<tajweed class=madda_obligatory>ِى</tajweed>ٓ<tajweed class=idgham_ghunnah>ءٌ م</tajweed>ِّ<tajweed class=ghunnah>مّ</tajweed>َا تُ<tajweed class=qalaqah>جْ</tajweed>رِم<tajweed class=madda_permissible>ُو</tajweed>نَ <span class=end>٣٥</span>","End":"٣٥","PageNumber":225,"JuzNumber":12,"ManzilNumber":3,"RukuNumber":185,"MaqraNumber":90,"HizbNumber":23,"HizbDecimal":0.25,"HasSajda":false},{"SurahNumber":11,"SurahIndex":"011","VerseNumber":36,"ShowSurahName":false,"ShowBismillah":false,"Text":"وَأُوحِيَ إِلَىٰ نُوحٍ أَنَّهُۥ لَن يُؤۡمِنَ مِن قَوۡمِكَ إِلَّا مَن قَدۡ ءَامَنَ فَلَا تَبۡتَئِسۡ بِمَا كَانُواْ يَفۡعَلُونَ","TajweedText":"وَأُوحِىَ إِلَىٰ نُوحٍ أَ<tajweed class=ghunnah>نّ</tajweed>َهُ<tajweed class=madda_normal>ۥ</tajweed> ل<tajweed class=idgham_ghunnah>َن ي</tajweed>ُؤْمِنَ مِ<tajweed class=ikhafa>ن ق</tajweed>َوْمِكَ إِلَّا مَ<tajweed class=ikhafa>ن ق</tajweed>َ<tajweed class=qalaqah>دْ</tajweed> ءَامَنَ فَلَا تَ<tajweed class=qalaqah>بْ</tajweed>تَئِسْ بِمَا كَانُو<tajweed class=slnt>اْ</tajweed> يَفْعَل<tajweed class=madda_permissible>ُو</tajweed>نَ <span class=end>٣٦</span>","End":"٣٦","PageNumber":225,"JuzNumber":12,"ManzilNumber":3,"RukuNumber":186,"MaqraNumber":90,"HizbNumber":23,"HizbDecimal":0.25,"HasSajda":false},{"SurahNumber":11,"SurahIndex":"011","VerseNumber":37,"ShowSurahName":false,"ShowBismillah":false,"Text":"وَٱصۡنَعِ ٱلۡفُلۡكَ بِأَعۡيُنِنَا وَوَحۡيِنَا وَلَا تُخَٰطِبۡنِي فِي ٱلَّذِينَ ظَلَمُوٓاْ إِنَّهُم مُّغۡرَقُونَ","TajweedText":"وَ<tajweed class=ham_wasl>ٱ</tajweed>صْنَعِ <tajweed class=ham_wasl>ٱ</tajweed>لْفُلْكَ بِأَعْيُنِنَا وَوَحْيِنَا وَلَا تُخَ<tajweed class=madda_normal>ـٰ</tajweed>طِ<tajweed class=qalaqah>بْ</tajweed>نِى فِى <tajweed class=ham_wasl>ٱ</tajweed>لَّذِينَ ظَلَم<tajweed class=madda_obligatory>ُوٓ<tajweed class=slnt>اْ</tajweed>‌ۚ</tajweed> إِ<tajweed class=ghunnah>نّ</tajweed>َه<tajweed class=idgham_shafawi>ُم م</tajweed>ُّغْرَق<tajweed class=madda_permissible>ُو</tajweed>نَ <span class=end>٣٧</span>","End":"٣٧","PageNumber":225,"JuzNumber":12,"ManzilNumber":3,"RukuNumber":186,"MaqraNumber":90,"HizbNumber":23,"HizbDecimal":0.25,"HasSajda":false},{"SurahNumber":11,"SurahIndex":"011","VerseNumber":38,"ShowSurahName":false,"ShowBismillah":false,"Text":"وَيَصۡنَعُ ٱلۡفُلۡكَ وَكُلَّمَا مَرَّ عَلَيۡهِ مَلَأٞ مِّن قَوۡمِهِۦ سَخِرُواْ مِنۡهُۚ قَالَ إِن تَسۡخَرُواْ مِنَّا فَإِنَّا نَسۡخَرُ مِنكُمۡ كَمَا تَسۡخَرُونَ","TajweedText":"وَيَصْنَعُ <tajweed class=ham_wasl>ٱ</tajweed>لْفُلْكَ وَكُلَّمَا مَرَّ عَلَيْهِ مَلَ<tajweed class=idgham_ghunnah>أٌ م</tajweed>ِّ<tajweed class=ikhafa>ن ق</tajweed>َوْمِه<tajweed class=madda_normal>ِۦ</tajweed> سَخِرُو<tajweed class=slnt>اْ</tajweed> مِنْهُ‌ۚ قَالَ إِ<tajweed class=ikhafa>ن ت</tajweed>َسْخَرُو<tajweed class=slnt>اْ</tajweed> مِ<tajweed class=ghunnah>نّ</tajweed>َا فَإِ<tajweed class=ghunnah>نّ</tajweed>َا نَسْخَرُ مِ<tajweed class=ikhafa>نك</tajweed>ُمْ كَمَا تَسْخَر<tajweed class=madda_permissible>ُو</tajweed>نَ <span class=end>٣٨</span>","End":"٣٨","PageNumber":226,"JuzNumber":12,"ManzilNumber":3,"RukuNumber":186,"MaqraNumber":90,"HizbNumber":23,"HizbDecimal":0.25,"HasSajda":false},{"SurahNumber":11,"SurahIndex":"011","VerseNumber":39,"ShowSurahName":false,"ShowBismillah":false,"Text":"فَسَوۡفَ تَعۡلَمُونَ مَن يَأۡتِيهِ عَذَابٞ يُخۡزِيهِ وَيَحِلُّ عَلَيۡهِ عَذَابٞ مُّقِيمٌ","TajweedText":"فَسَوْفَ تَعْلَمُونَ م<tajweed class=idgham_ghunnah>َن ي</tajweed>َأْتِيهِ عَذَا<tajweed class=idgham_ghunnah>بٌ ي</tajweed>ُخْزِيهِ وَيَحِلُّ عَلَيْهِ عَذَا<tajweed class=idgham_ghunnah>بٌ م</tajweed>ُّق<tajweed class=madda_permissible>ِي</tajweed>مٌ <span class=end>٣٩</span>","End":"٣٩","PageNumber":226,"JuzNumber":12,"ManzilNumber":3,"RukuNumber":186,"MaqraNumber":90,"HizbNumber":23,"HizbDecimal":0.25,"HasSajda":false},{"SurahNumber":11,"SurahIndex":"011","VerseNumber":40,"ShowSurahName":false,"ShowBismillah":false,"Text":"حَتَّىٰٓ إِذَا جَآءَ أَمۡرُنَا وَفَارَ ٱلتَّنُّورُ قُلۡنَا ٱحۡمِلۡ فِيهَا مِن كُلّٖ زَوۡجَيۡنِ ٱثۡنَيۡنِ وَأَهۡلَكَ إِلَّا مَن سَبَقَ عَلَيۡهِ ٱلۡقَوۡلُ وَمَنۡ ءَامَنَۚ وَمَآ ءَامَنَ مَعَهُۥٓ إِلَّا قَلِيلٞ","TajweedText":"حَتَّ<tajweed class=madda_obligatory>ىٰٓ</tajweed> إِذَا ج<tajweed class=madda_obligatory>َا</tajweed>ٓءَ أَمْرُنَا وَفَارَ <tajweed class=ham_wasl>ٱ</tajweed><tajweed class=laam_shamsiyah>ل</tajweed>تَّ<tajweed class=ghunnah>نّ</tajweed>ُورُ قُلْنَا <tajweed class=ham_wasl>ٱ</tajweed>حْمِلْ فِيهَا مِ<tajweed class=ikhafa>ن ك</tajweed>ُ<tajweed class=ikhafa>لٍّ ز</tajweed>َوْجَيْنِ <tajweed class=ham_wasl>ٱ</tajweed>ثْنَيْنِ وَأَهْلَكَ إِلَّا مَ<tajweed class=ikhafa>ن س</tajweed>َبَقَ عَلَيْهِ <tajweed class=ham_wasl>ٱ</tajweed>لْقَوْلُ وَمَنْ ءَامَنَ‌ۚ وَم<tajweed class=madda_obligatory>َآ</tajweed> ءَامَنَ مَعَهُ<tajweed class=madda_obligatory>ۥٓ</tajweed> إِلَّا قَل<tajweed class=madda_permissible>ِي</tajweed>لٌ <span class=end>٤٠</span>","End":"٤٠","PageNumber":226,"JuzNumber":12,"ManzilNumber":3,"RukuNumber":186,"MaqraNumber":90,"HizbNumber":23,"HizbDecimal":0.25,"HasSajda":false}]}