{"RukuNumber":285,"Verses":[{"SurahNumber":22,"SurahIndex":"022","VerseNumber":1,"ShowSurahName":true,"ShowBismillah":true,"Text":"يَـٰٓأَيُّهَا ٱلنَّاسُ ٱتَّقُواْ رَبَّكُمۡۚ إِنَّ زَلۡزَلَةَ ٱلسَّاعَةِ شَيۡءٌ عَظِيمٞ","TajweedText":"يَ<tajweed class=madda_obligatory>ـٰٓ</tajweed>أَيُّهَا <tajweed class=ham_wasl>ٱ</tajweed><tajweed class=laam_shamsiyah>ل</tajweed><tajweed class=ghunnah>نّ</tajweed>َاسُ <tajweed class=ham_wasl>ٱ</tajweed>تَّقُو<tajweed class=slnt>اْ</tajweed> رَبَّكُمْ‌ۚ إِ<tajweed class=ghunnah>نّ</tajweed>َ زَلْزَلَةَ <tajweed class=ham_wasl>ٱ</tajweed><tajweed class=laam_shamsiyah>ل</tajweed>سَّاعَةِ شَىْءٌ عَظ<tajweed class=madda_permissible>ِي</tajweed>مٌ <span class=end>١</span>","End":"١","PageNumber":332,"JuzNumber":17,"ManzilNumber":4,"RukuNumber":285,"MaqraNumber":133,"HizbNumber":34,"HizbDecimal":0.0,"HasSajda":false},{"SurahNumber":22,"SurahIndex":"022","VerseNumber":2,"ShowSurahName":false,"ShowBismillah":false,"Text":"يَوۡمَ تَرَوۡنَهَا تَذۡهَلُ كُلُّ مُرۡضِعَةٍ عَمَّآ أَرۡضَعَتۡ وَتَضَعُ كُلُّ ذَاتِ حَمۡلٍ حَمۡلَهَا وَتَرَى ٱلنَّاسَ سُكَٰرَىٰ وَمَا هُم بِسُكَٰرَىٰ وَلَٰكِنَّ عَذَابَ ٱللَّهِ شَدِيدٞ","TajweedText":"يَوْمَ تَرَوْنَهَا تَذْهَلُ كُلُّ مُرْضِعَةٍ عَ<tajweed class=ghunnah>مّ</tajweed><tajweed class=madda_obligatory>َآ</tajweed> أَرْضَعَتْ وَتَضَعُ كُلُّ ذَاتِ حَمْلٍ حَمْلَهَا وَتَرَى <tajweed class=ham_wasl>ٱ</tajweed><tajweed class=laam_shamsiyah>ل</tajweed><tajweed class=ghunnah>نّ</tajweed>َاسَ سُكَ<tajweed class=madda_normal>ـٰ</tajweed>رَىٰ وَمَا ه<tajweed class=ikhafa_shafawi>ُم ب</tajweed>ِسُكَ<tajweed class=madda_normal>ـٰ</tajweed>رَىٰ وَلَ<tajweed class=madda_normal>ـٰ</tajweed>كِ<tajweed class=ghunnah>نّ</tajweed>َ عَذَابَ <tajweed class=ham_wasl>ٱ</tajweed>للَّهِ شَد<tajweed class=madda_permissible>ِي</tajweed><tajweed class=qalaqah>د</tajweed>ٌ <span class=end>٢</span>","End":"٢","PageNumber":332,"JuzNumber":17,"ManzilNumber":4,"RukuNumber":285,"MaqraNumber":133,"HizbNumber":34,"HizbDecimal":0.0,"HasSajda":false},{"SurahNumber":22,"SurahIndex":"022","VerseNumber":3,"ShowSurahName":false,"ShowBismillah":false,"Text":"وَمِنَ ٱلنَّاسِ مَن يُجَٰدِلُ فِي ٱللَّهِ بِغَيۡرِ عِلۡمٖ وَيَتَّبِعُ كُلَّ شَيۡطَٰنٖ مَّرِيدٖ","TajweedText":"وَمِنَ <tajweed class=ham_wasl>ٱ</tajweed><tajweed class=laam_shamsiyah>ل</tajweed><tajweed class=ghunnah>نّ</tajweed>َاسِ م<tajweed class=idgham_ghunnah>َن ي</tajweed>ُجَ<tajweed class=madda_normal>ـٰ</tajweed>دِلُ فِى <tajweed class=ham_wasl>ٱ</tajweed>للَّهِ بِغَيْرِ عِلْ<tajweed class=idgham_ghunnah>مٍ و</tajweed>َيَتَّبِعُ كُلَّ شَيْطَ<tajweed class=madda_normal>ـٰ</tajweed><tajweed class=idgham_ghunnah>نٍ م</tajweed>َّر<tajweed class=madda_permissible>ِي</tajweed><tajweed class=qalaqah>د</tajweed>ٍ <span class=end>٣</span>","End":"٣","PageNumber":332,"JuzNumber":17,"ManzilNumber":4,"RukuNumber":285,"MaqraNumber":133,"HizbNumber":34,"HizbDecimal":0.0,"HasSajda":false},{"SurahNumber":22,"SurahIndex":"022","VerseNumber":4,"ShowSurahName":false,"ShowBismillah":false,"Text":"كُتِبَ عَلَيۡهِ أَنَّهُۥ مَن تَوَلَّاهُ فَأَنَّهُۥ يُضِلُّهُۥ وَيَهۡدِيهِ إِلَىٰ عَذَابِ ٱلسَّعِيرِ","TajweedText":"كُتِبَ عَلَيْهِ أَ<tajweed class=ghunnah>نّ</tajweed>َهُ<tajweed class=madda_normal>ۥ</tajweed> مَ<tajweed class=ikhafa>ن ت</tajweed>َوَلَّاهُ فَأَ<tajweed class=ghunnah>نّ</tajweed>َهُ<tajweed class=madda_normal>ۥ</tajweed> يُضِلُّهُ<tajweed class=madda_normal>ۥ</tajweed> وَيَهْدِيهِ إِلَىٰ عَذَابِ <tajweed class=ham_wasl>ٱ</tajweed><tajweed class=laam_shamsiyah>ل</tajweed>سَّع<tajweed class=madda_permissible>ِي</tajweed>رِ <span class=end>٤</span>","End":"٤","PageNumber":332,"JuzNumber":17,"ManzilNumber":4,"RukuNumber":285,"MaqraNumber":133,"HizbNumber":34,"HizbDecimal":0.0,"HasSajda":false},{"SurahNumber":22,"SurahIndex":"022","VerseNumber":5,"ShowSurahName":false,"ShowBismillah":false,"Text":"يَـٰٓأَيُّهَا ٱلنَّاسُ إِن كُنتُمۡ فِي رَيۡبٖ مِّنَ ٱلۡبَعۡثِ فَإِنَّا خَلَقۡنَٰكُم مِّن تُرَابٖ ثُمَّ مِن نُّطۡفَةٖ ثُمَّ مِنۡ عَلَقَةٖ ثُمَّ مِن مُّضۡغَةٖ مُّخَلَّقَةٖ وَغَيۡرِ مُخَلَّقَةٖ لِّنُبَيِّنَ لَكُمۡۚ وَنُقِرُّ فِي ٱلۡأَرۡحَامِ مَا نَشَآءُ إِلَىٰٓ أَجَلٖ مُّسَمّٗى ثُمَّ نُخۡرِجُكُمۡ طِفۡلٗا ثُمَّ لِتَبۡلُغُوٓاْ أَشُدَّكُمۡۖ وَمِنكُم مَّن يُتَوَفَّىٰ وَمِنكُم مَّن يُرَدُّ إِلَىٰٓ أَرۡذَلِ ٱلۡعُمُرِ لِكَيۡلَا يَعۡلَمَ مِنۢ بَعۡدِ عِلۡمٖ شَيۡـٔٗاۚ وَتَرَى ٱلۡأَرۡضَ هَامِدَةٗ فَإِذَآ أَنزَلۡنَا عَلَيۡهَا ٱلۡمَآءَ ٱهۡتَزَّتۡ وَرَبَتۡ وَأَنۢبَتَتۡ مِن كُلِّ زَوۡجِۭ بَهِيجٖ","TajweedText":"يَ<tajweed class=madda_obligatory>ـٰٓ</tajweed>أَيُّهَا <tajweed class=ham_wasl>ٱ</tajweed><tajweed class=laam_shamsiyah>ل</tajweed><tajweed class=ghunnah>نّ</tajweed>َاسُ إِ<tajweed class=ikhafa>ن ك</tajweed>ُ<tajweed class=ikhafa>نت</tajweed>ُمْ فِى رَيْ<tajweed class=idgham_ghunnah>بٍ م</tajweed>ِّنَ <tajweed class=ham_wasl>ٱ</tajweed>لْبَعْثِ فَإِ<tajweed class=ghunnah>نّ</tajweed>َا خَلَ<tajweed class=qalaqah>قْ</tajweed>نَ<tajweed class=madda_normal>ـٰ</tajweed>ك<tajweed class=idgham_shafawi>ُم م</tajweed>ِّ<tajweed class=ikhafa>ن ت</tajweed>ُرَا<tajweed class=ikhafa>بٍ ث</tajweed>ُ<tajweed class=ghunnah>مّ</tajweed>َ م<tajweed class=idgham_ghunnah>ِن ن</tajweed>ُّ<tajweed class=qalaqah>طْ</tajweed>فَ<tajweed class=ikhafa>ةٍ ث</tajweed>ُ<tajweed class=ghunnah>مّ</tajweed>َ مِنْ عَلَقَ<tajweed class=ikhafa>ةٍ ث</tajweed>ُ<tajweed class=ghunnah>مّ</tajweed>َ م<tajweed class=idgham_ghunnah>ِن م</tajweed>ُّضْغَ<tajweed class=idgham_ghunnah>ةٍ م</tajweed>ُّخَلَّقَ<tajweed class=idgham_ghunnah>ةٍ و</tajweed>َغَيْرِ مُخَلَّقَ<tajweed class=idgham_wo_ghunnah>ةٍ ل</tajweed>ِّنُبَيِّنَ لَكُمْ‌ۚ وَنُقِرُّ فِى <tajweed class=ham_wasl>ٱ</tajweed>لْأَرْحَامِ مَا نَش<tajweed class=madda_obligatory>َا</tajweed>ٓءُ إِلَ<tajweed class=madda_obligatory>ىٰٓ</tajweed> أَجَ<tajweed class=idgham_ghunnah>لٍ م</tajweed>ُّسَم<tajweed class=ikhafa>ًّى ث</tajweed>ُ<tajweed class=ghunnah>مّ</tajweed>َ نُخْرِجُكُمْ طِفْل<tajweed class=ikhafa>اً ث</tajweed>ُ<tajweed class=ghunnah>مّ</tajweed>َ لِتَ<tajweed class=qalaqah>بْ</tajweed>لُغ<tajweed class=madda_obligatory>ُوٓ</tajweed><tajweed class=slnt>اْ</tajweed> أَشُدَّكُمْ‌ۖ وَمِ<tajweed class=ikhafa>نك</tajweed><tajweed class=idgham_shafawi>ُم م</tajweed>ّ<tajweed class=idgham_ghunnah>َن ي</tajweed>ُتَوَفَّىٰ وَمِ<tajweed class=ikhafa>نك</tajweed><tajweed class=idgham_shafawi>ُم م</tajweed>ّ<tajweed class=idgham_ghunnah>َن ي</tajweed>ُرَدُّ إِلَ<tajweed class=madda_obligatory>ىٰٓ</tajweed> أَرْذَلِ <tajweed class=ham_wasl>ٱ</tajweed>لْعُمُرِ لِكَيْلَا يَعْلَمَ م<tajweed class=iqlab>ِنۢ ب</tajweed>َعْدِ عِلْ<tajweed class=ikhafa>مٍ ش</tajweed>َيْـ<tajweed class=idgham_ghunnah>ـًٔا‌ۚ و</tajweed>َتَرَى <tajweed class=ham_wasl>ٱ</tajweed>لْأَرْضَ هَامِدَ<tajweed class=ikhafa>ةً ف</tajweed>َإِذ<tajweed class=madda_obligatory>َآ</tajweed> أَ<tajweed class=ikhafa>نز</tajweed>َلْنَا عَلَيْهَا <tajweed class=ham_wasl>ٱ</tajweed>لْم<tajweed class=madda_obligatory>َا</tajweed>ٓءَ <tajweed class=ham_wasl>ٱ</tajweed>هْتَزَّتْ وَرَبَتْ وَأَ<tajweed class=iqlab>نۢب</tajweed>َتَتْ مِ<tajweed class=ikhafa>ن ك</tajweed>ُلِّ زَوْ<tajweed class=iqlab>جِۭ ب</tajweed>َه<tajweed class=madda_permissible>ِي</tajweed><tajweed class=qalaqah>ج</tajweed>ٍ <span class=end>٥</span>","End":"٥","PageNumber":332,"JuzNumber":17,"ManzilNumber":4,"RukuNumber":285,"MaqraNumber":133,"HizbNumber":34,"HizbDecimal":0.0,"HasSajda":false},{"SurahNumber":22,"SurahIndex":"022","VerseNumber":6,"ShowSurahName":false,"ShowBismillah":false,"Text":"ذَٰلِكَ بِأَنَّ ٱللَّهَ هُوَ ٱلۡحَقُّ وَأَنَّهُۥ يُحۡيِ ٱلۡمَوۡتَىٰ وَأَنَّهُۥ عَلَىٰ كُلِّ شَيۡءٖ قَدِيرٞ","TajweedText":"ذ<tajweed class=madda_normal>َٲ</tajweed>لِكَ بِأَ<tajweed class=ghunnah>نّ</tajweed>َ <tajweed class=ham_wasl>ٱ</tajweed>للَّهَ هُوَ <tajweed class=ham_wasl>ٱ</tajweed>لْحَقُّ وَأَ<tajweed class=ghunnah>نّ</tajweed>َهُ<tajweed class=madda_normal>ۥ</tajweed> يُحْىِ <tajweed class=ham_wasl>ٱ</tajweed>لْمَوْتَىٰ وَأَ<tajweed class=ghunnah>نّ</tajweed>َهُ<tajweed class=madda_normal>ۥ</tajweed> عَلَىٰ كُلِّ ش<tajweed class=ikhafa>َىْءٍ ق</tajweed>َد<tajweed class=madda_permissible>ِي</tajweed>رٌ <span class=end>٦</span>","End":"٦","PageNumber":333,"JuzNumber":17,"ManzilNumber":4,"RukuNumber":285,"MaqraNumber":133,"HizbNumber":34,"HizbDecimal":0.0,"HasSajda":false},{"SurahNumber":22,"SurahIndex":"022","VerseNumber":7,"ShowSurahName":false,"ShowBismillah":false,"Text":"وَأَنَّ ٱلسَّاعَةَ ءَاتِيَةٞ لَّا رَيۡبَ فِيهَا وَأَنَّ ٱللَّهَ يَبۡعَثُ مَن فِي ٱلۡقُبُورِ","TajweedText":"وَأَ<tajweed class=ghunnah>نّ</tajweed>َ <tajweed class=ham_wasl>ٱ</tajweed><tajweed class=laam_shamsiyah>ل</tajweed>سَّاعَةَ ءَاتِيَ<tajweed class=idgham_wo_ghunnah>ةٌ ل</tajweed>َّا رَيْبَ فِيهَا وَأَ<tajweed class=ghunnah>نّ</tajweed>َ <tajweed class=ham_wasl>ٱ</tajweed>للَّهَ يَ<tajweed class=qalaqah>بْ</tajweed>عَثُ مَ<tajweed class=ikhafa>ن ف</tajweed>ِى <tajweed class=ham_wasl>ٱ</tajweed>لْقُب<tajweed class=madda_permissible>ُو</tajweed>رِ <span class=end>٧</span>","End":"٧","PageNumber":333,"JuzNumber":17,"ManzilNumber":4,"RukuNumber":285,"MaqraNumber":133,"HizbNumber":34,"HizbDecimal":0.0,"HasSajda":false},{"SurahNumber":22,"SurahIndex":"022","VerseNumber":8,"ShowSurahName":false,"ShowBismillah":false,"Text":"وَمِنَ ٱلنَّاسِ مَن يُجَٰدِلُ فِي ٱللَّهِ بِغَيۡرِ عِلۡمٖ وَلَا هُدٗى وَلَا كِتَٰبٖ مُّنِيرٖ","TajweedText":"وَمِنَ <tajweed class=ham_wasl>ٱ</tajweed><tajweed class=laam_shamsiyah>ل</tajweed><tajweed class=ghunnah>نّ</tajweed>َاسِ م<tajweed class=idgham_ghunnah>َن ي</tajweed>ُجَ<tajweed class=madda_normal>ـٰ</tajweed>دِلُ فِى <tajweed class=ham_wasl>ٱ</tajweed>للَّهِ بِغَيْرِ عِلْ<tajweed class=idgham_ghunnah>مٍ و</tajweed>َلَا هُ<tajweed class=idgham_ghunnah>دًى و</tajweed>َلَا كِتَ<tajweed class=madda_normal>ـٰ</tajweed><tajweed class=idgham_ghunnah>بٍ م</tajweed>ُّن<tajweed class=madda_permissible>ِي</tajweed>رٍ <span class=end>٨</span>","End":"٨","PageNumber":333,"JuzNumber":17,"ManzilNumber":4,"RukuNumber":285,"MaqraNumber":133,"HizbNumber":34,"HizbDecimal":0.0,"HasSajda":false},{"SurahNumber":22,"SurahIndex":"022","VerseNumber":9,"ShowSurahName":false,"ShowBismillah":false,"Text":"ثَانِيَ عِطۡفِهِۦ لِيُضِلَّ عَن سَبِيلِ ٱللَّهِۖ لَهُۥ فِي ٱلدُّنۡيَا خِزۡيٞۖ وَنُذِيقُهُۥ يَوۡمَ ٱلۡقِيَٰمَةِ عَذَابَ ٱلۡحَرِيقِ","TajweedText":"ثَانِىَ عِ<tajweed class=qalaqah>طْ</tajweed>فِه<tajweed class=madda_normal>ِۦ</tajweed> لِيُضِلَّ عَ<tajweed class=ikhafa>ن س</tajweed>َبِيلِ <tajweed class=ham_wasl>ٱ</tajweed>للَّهِ‌ۖ لَهُ<tajweed class=madda_normal>ۥ</tajweed> فِى <tajweed class=ham_wasl>ٱ</tajweed><tajweed class=laam_shamsiyah>ل</tajweed>دُّنْيَا خِزْ<tajweed class=idgham_ghunnah>ىٌ‌ۖ و</tajweed>َنُذِيقُهُ<tajweed class=madda_normal>ۥ</tajweed> يَوْمَ <tajweed class=ham_wasl>ٱ</tajweed>لْقِيَ<tajweed class=madda_normal>ـٰ</tajweed>مَةِ عَذَابَ <tajweed class=ham_wasl>ٱ</tajweed>لْحَر<tajweed class=madda_permissible>ِي</tajweed><tajweed class=qalaqah>ق</tajweed>ِ <span class=end>٩</span>","End":"٩","PageNumber":333,"JuzNumber":17,"ManzilNumber":4,"RukuNumber":285,"MaqraNumber":133,"HizbNumber":34,"HizbDecimal":0.0,"HasSajda":false},{"SurahNumber":22,"SurahIndex":"022","VerseNumber":10,"ShowSurahName":false,"ShowBismillah":false,"Text":"ذَٰلِكَ بِمَا قَدَّمَتۡ يَدَاكَ وَأَنَّ ٱللَّهَ لَيۡسَ بِظَلَّـٰمٖ لِّلۡعَبِيدِ","TajweedText":"ذ<tajweed class=madda_normal>َٲ</tajweed>لِكَ بِمَا قَدَّمَتْ يَدَاكَ وَأَ<tajweed class=ghunnah>نّ</tajweed>َ <tajweed class=ham_wasl>ٱ</tajweed>للَّهَ لَيْسَ بِظَلَّ<tajweed class=madda_normal>ـٰ</tajweed><tajweed class=idgham_wo_ghunnah>مٍ ل</tajweed>ِّلْعَب<tajweed class=madda_permissible>ِي</tajweed><tajweed class=qalaqah>د</tajweed>ِ <span class=end>١٠</span>","End":"١٠","PageNumber":333,"JuzNumber":17,"ManzilNumber":4,"RukuNumber":285,"MaqraNumber":133,"HizbNumber":34,"HizbDecimal":0.0,"HasSajda":false}]}