{"RukuNumber":251,"Verses":[{"SurahNumber":17,"SurahIndex":"017","VerseNumber":101,"ShowSurahName":false,"ShowBismillah":false,"Text":"وَلَقَدۡ ءَاتَيۡنَا مُوسَىٰ تِسۡعَ ءَايَٰتِۭ بَيِّنَٰتٖۖ فَسۡـَٔلۡ بَنِيٓ إِسۡرَـٰٓءِيلَ إِذۡ جَآءَهُمۡ فَقَالَ لَهُۥ فِرۡعَوۡنُ إِنِّي لَأَظُنُّكَ يَٰمُوسَىٰ مَسۡحُورٗا","TajweedText":"وَلَقَ<tajweed class=qalaqah>دْ</tajweed> ءَاتَيْنَا مُوسَىٰ تِسْعَ ءَايَ<tajweed class=madda_normal>ـٰ</tajweed><tajweed class=iqlab>تِۭ ب</tajweed>َيِّنَ<tajweed class=madda_normal>ـٰ</tajweed><tajweed class=ikhafa>تٍ‌ۖ ف</tajweed>َسْــَٔلْ بَن<tajweed class=madda_obligatory>ِىٓ</tajweed> إِسْر<tajweed class=madda_obligatory>َٲ</tajweed>ٓءِيلَ إِذْ ج<tajweed class=madda_obligatory>َا</tajweed>ٓءَهُمْ فَقَالَ لَهُ<tajweed class=madda_normal>ۥ</tajweed> فِرْعَوْنُ إِ<tajweed class=ghunnah>نّ</tajweed>ِى لَأَظُ<tajweed class=ghunnah>نّ</tajweed>ُكَ يَ<tajweed class=madda_normal>ـٰ</tajweed>مُوسَىٰ مَسْحُورًا <span class=end>١٠١</span>","End":"١٠١","PageNumber":292,"JuzNumber":15,"ManzilNumber":4,"RukuNumber":251,"MaqraNumber":117,"HizbNumber":30,"HizbDecimal":0.0,"HasSajda":false},{"SurahNumber":17,"SurahIndex":"017","VerseNumber":102,"ShowSurahName":false,"ShowBismillah":false,"Text":"قَالَ لَقَدۡ عَلِمۡتَ مَآ أَنزَلَ هَـٰٓؤُلَآءِ إِلَّا رَبُّ ٱلسَّمَٰوَٰتِ وَٱلۡأَرۡضِ بَصَآئِرَ وَإِنِّي لَأَظُنُّكَ يَٰفِرۡعَوۡنُ مَثۡبُورٗا","TajweedText":"قَالَ لَقَ<tajweed class=qalaqah>دْ</tajweed> عَلِمْتَ م<tajweed class=madda_obligatory>َآ</tajweed> أَ<tajweed class=ikhafa>نز</tajweed>َلَ هَ<tajweed class=madda_obligatory>ـٰٓ</tajweed>ؤُل<tajweed class=madda_obligatory>َا</tajweed>ٓءِ إِلَّا رَبُّ <tajweed class=ham_wasl>ٱ</tajweed><tajweed class=laam_shamsiyah>ل</tajweed>سَّمَ<tajweed class=madda_normal>ـٰ</tajweed>و<tajweed class=madda_normal>َٲ</tajweed>تِ وَ<tajweed class=ham_wasl>ٱ</tajweed>لْأَرْضِ بَص<tajweed class=madda_obligatory>َا</tajweed>ٓئِرَ وَإِ<tajweed class=ghunnah>نّ</tajweed>ِى لَأَظُ<tajweed class=ghunnah>نّ</tajweed>ُكَ يَ<tajweed class=madda_normal>ـٰ</tajweed>فِرْعَوْنُ مَثْبُورًا <span class=end>١٠٢</span>","End":"١٠٢","PageNumber":292,"JuzNumber":15,"ManzilNumber":4,"RukuNumber":251,"MaqraNumber":117,"HizbNumber":30,"HizbDecimal":0.0,"HasSajda":false},{"SurahNumber":17,"SurahIndex":"017","VerseNumber":103,"ShowSurahName":false,"ShowBismillah":false,"Text":"فَأَرَادَ أَن يَسۡتَفِزَّهُم مِّنَ ٱلۡأَرۡضِ فَأَغۡرَقۡنَٰهُ وَمَن مَّعَهُۥ جَمِيعٗا","TajweedText":"فَأَرَادَ أ<tajweed class=idgham_ghunnah>َن ي</tajweed>َسْتَفِزَّه<tajweed class=idgham_shafawi>ُم م</tajweed>ِّنَ <tajweed class=ham_wasl>ٱ</tajweed>لْأَرْضِ فَأَغْرَ<tajweed class=qalaqah>قْ</tajweed>نَ<tajweed class=madda_normal>ـٰ</tajweed>هُ وَم<tajweed class=idgham_ghunnah>َن م</tajweed>َّعَهُ<tajweed class=madda_normal>ۥ</tajweed> جَمِيعًا <span class=end>١٠٣</span>","End":"١٠٣","PageNumber":292,"JuzNumber":15,"ManzilNumber":4,"RukuNumber":251,"MaqraNumber":117,"HizbNumber":30,"HizbDecimal":0.0,"HasSajda":false},{"SurahNumber":17,"SurahIndex":"017","VerseNumber":104,"ShowSurahName":false,"ShowBismillah":false,"Text":"وَقُلۡنَا مِنۢ بَعۡدِهِۦ لِبَنِيٓ إِسۡرَـٰٓءِيلَ ٱسۡكُنُواْ ٱلۡأَرۡضَ فَإِذَا جَآءَ وَعۡدُ ٱلۡأٓخِرَةِ جِئۡنَا بِكُمۡ لَفِيفٗا","TajweedText":"وَقُلْنَا م<tajweed class=iqlab>ِنۢ ب</tajweed>َعْدِه<tajweed class=madda_normal>ِۦ</tajweed> لِبَن<tajweed class=madda_obligatory>ِىٓ</tajweed> إِسْر<tajweed class=madda_obligatory>َٲ</tajweed>ٓءِيلَ <tajweed class=ham_wasl>ٱ</tajweed>سْكُنُو<tajweed class=slnt>اْ</tajweed> <tajweed class=ham_wasl>ٱ</tajweed>لْأَرْضَ فَإِذَا ج<tajweed class=madda_obligatory>َا</tajweed>ٓءَ وَعْدُ <tajweed class=ham_wasl>ٱ</tajweed>لْأَخِرَةِ جِئْنَا بِكُمْ لَفِيفًا <span class=end>١٠٤</span>","End":"١٠٤","PageNumber":292,"JuzNumber":15,"ManzilNumber":4,"RukuNumber":251,"MaqraNumber":117,"HizbNumber":30,"HizbDecimal":0.0,"HasSajda":false},{"SurahNumber":17,"SurahIndex":"017","VerseNumber":105,"ShowSurahName":false,"ShowBismillah":false,"Text":"وَبِٱلۡحَقِّ أَنزَلۡنَٰهُ وَبِٱلۡحَقِّ نَزَلَۗ وَمَآ أَرۡسَلۡنَٰكَ إِلَّا مُبَشِّرٗا وَنَذِيرٗا","TajweedText":"وَبِ<tajweed class=ham_wasl>ٱ</tajweed>لْحَقِّ أَ<tajweed class=ikhafa>نز</tajweed>َلْنَ<tajweed class=madda_normal>ـٰ</tajweed>هُ وَبِ<tajweed class=ham_wasl>ٱ</tajweed>لْحَقِّ نَزَلَ‌ۗ وَم<tajweed class=madda_obligatory>َآ</tajweed> أَرْسَلْنَ<tajweed class=madda_normal>ـٰ</tajweed>كَ إِلَّا مُبَشِّ<tajweed class=idgham_ghunnah>رًا و</tajweed>َنَذِيرًا <span class=end>١٠٥</span>","End":"١٠٥","PageNumber":293,"JuzNumber":15,"ManzilNumber":4,"RukuNumber":251,"MaqraNumber":117,"HizbNumber":30,"HizbDecimal":0.0,"HasSajda":false},{"SurahNumber":17,"SurahIndex":"017","VerseNumber":106,"ShowSurahName":false,"ShowBismillah":false,"Text":"وَقُرۡءَانٗا فَرَقۡنَٰهُ لِتَقۡرَأَهُۥ عَلَى ٱلنَّاسِ عَلَىٰ مُكۡثٖ وَنَزَّلۡنَٰهُ تَنزِيلٗا","TajweedText":"وَقُرْءَا<tajweed class=ikhafa>نًا ف</tajweed>َرَ<tajweed class=qalaqah>قْ</tajweed>نَ<tajweed class=madda_normal>ـٰ</tajweed>هُ لِتَ<tajweed class=qalaqah>قْ</tajweed>رَأَهُ<tajweed class=madda_normal>ۥ</tajweed> عَلَى <tajweed class=ham_wasl>ٱ</tajweed><tajweed class=laam_shamsiyah>ل</tajweed><tajweed class=ghunnah>نّ</tajweed>َاسِ عَلَىٰ مُكْ<tajweed class=idgham_ghunnah>ثٍ و</tajweed>َنَزَّلْنَ<tajweed class=madda_normal>ـٰ</tajweed>هُ تَ<tajweed class=ikhafa>نز</tajweed>ِيلاً <span class=end>١٠٦</span>","End":"١٠٦","PageNumber":293,"JuzNumber":15,"ManzilNumber":4,"RukuNumber":251,"MaqraNumber":117,"HizbNumber":30,"HizbDecimal":0.0,"HasSajda":false},{"SurahNumber":17,"SurahIndex":"017","VerseNumber":107,"ShowSurahName":false,"ShowBismillah":false,"Text":"قُلۡ ءَامِنُواْ بِهِۦٓ أَوۡ لَا تُؤۡمِنُوٓاْۚ إِنَّ ٱلَّذِينَ أُوتُواْ ٱلۡعِلۡمَ مِن قَبۡلِهِۦٓ إِذَا يُتۡلَىٰ عَلَيۡهِمۡ يَخِرُّونَۤ لِلۡأَذۡقَانِۤ سُجَّدٗاۤ","TajweedText":"قُلْ ءَامِنُو<tajweed class=slnt>اْ</tajweed> بِه<tajweed class=madda_obligatory>ِۦٓ</tajweed> أَوْ لَا تُؤْمِن<tajweed class=madda_obligatory>ُوٓ<tajweed class=slnt>اْ</tajweed>‌ۚ</tajweed> إِ<tajweed class=ghunnah>نّ</tajweed>َ <tajweed class=ham_wasl>ٱ</tajweed>لَّذِينَ أُوتُو<tajweed class=slnt>اْ</tajweed> <tajweed class=ham_wasl>ٱ</tajweed>لْعِلْمَ مِ<tajweed class=ikhafa>ن ق</tajweed>َ<tajweed class=qalaqah>بْ</tajweed>لِه<tajweed class=madda_obligatory>ِۦٓ</tajweed> إِذَا يُتْلَىٰ عَلَيْهِمْ يَخِرُّونَ لِلْأَذْقَانِ سُجَّدًا <span class=end>١٠٧</span>","End":"١٠٧","PageNumber":293,"JuzNumber":15,"ManzilNumber":4,"RukuNumber":251,"MaqraNumber":117,"HizbNumber":30,"HizbDecimal":0.0,"HasSajda":false},{"SurahNumber":17,"SurahIndex":"017","VerseNumber":108,"ShowSurahName":false,"ShowBismillah":false,"Text":"وَيَقُولُونَ سُبۡحَٰنَ رَبِّنَآ إِن كَانَ وَعۡدُ رَبِّنَا لَمَفۡعُولٗا","TajweedText":"وَيَقُولُونَ سُ<tajweed class=qalaqah>بْ</tajweed>حَ<tajweed class=madda_normal>ـٰ</tajweed>نَ رَبِّن<tajweed class=madda_obligatory>َآ</tajweed> إِ<tajweed class=ikhafa>ن ك</tajweed>َانَ وَعْدُ رَبِّنَا لَمَفْعُولاً <span class=end>١٠٨</span>","End":"١٠٨","PageNumber":293,"JuzNumber":15,"ManzilNumber":4,"RukuNumber":251,"MaqraNumber":117,"HizbNumber":30,"HizbDecimal":0.0,"HasSajda":false},{"SurahNumber":17,"SurahIndex":"017","VerseNumber":109,"ShowSurahName":false,"ShowBismillah":false,"Text":"وَيَخِرُّونَ لِلۡأَذۡقَانِ يَبۡكُونَ وَيَزِيدُهُمۡ خُشُوعٗا۩","TajweedText":"وَيَخِرُّونَ لِلْأَذْقَانِ يَ<tajweed class=qalaqah>بْ</tajweed>كُونَ وَيَزِيدُهُمْ خُشُوعًا ۩ <span class=end>١٠٩</span>","End":"١٠٩","PageNumber":293,"JuzNumber":15,"ManzilNumber":4,"RukuNumber":251,"MaqraNumber":117,"HizbNumber":30,"HizbDecimal":0.0,"HasSajda":true},{"SurahNumber":17,"SurahIndex":"017","VerseNumber":110,"ShowSurahName":false,"ShowBismillah":false,"Text":"قُلِ ٱدۡعُواْ ٱللَّهَ أَوِ ٱدۡعُواْ ٱلرَّحۡمَٰنَۖ أَيّٗا مَّا تَدۡعُواْ فَلَهُ ٱلۡأَسۡمَآءُ ٱلۡحُسۡنَىٰۚ وَلَا تَجۡهَرۡ بِصَلَاتِكَ وَلَا تُخَافِتۡ بِهَا وَٱبۡتَغِ بَيۡنَ ذَٰلِكَ سَبِيلٗا","TajweedText":"قُلِ <tajweed class=ham_wasl>ٱ</tajweed><tajweed class=qalaqah>دْ</tajweed>عُو<tajweed class=slnt>اْ</tajweed> <tajweed class=ham_wasl>ٱ</tajweed>للَّهَ أَوِ <tajweed class=ham_wasl>ٱ</tajweed><tajweed class=qalaqah>دْ</tajweed>عُو<tajweed class=slnt>اْ</tajweed> <tajweed class=ham_wasl>ٱ</tajweed><tajweed class=laam_shamsiyah>ل</tajweed>رَّحْمَ<tajweed class=madda_normal>ـٰ</tajweed>نَ‌ۖ أَي<tajweed class=idgham_ghunnah>ًّا م</tajweed>َّا تَ<tajweed class=qalaqah>دْ</tajweed>عُو<tajweed class=slnt>اْ</tajweed> فَلَهُ <tajweed class=ham_wasl>ٱ</tajweed>لْأَسْم<tajweed class=madda_obligatory>َا</tajweed>ٓءُ <tajweed class=ham_wasl>ٱ</tajweed>لْحُسْنَىٰ‌ۚ وَلَا تَ<tajweed class=qalaqah>جْ</tajweed>هَرْ بِصَلَاتِكَ وَلَا تُخَافِتْ بِهَا وَ<tajweed class=ham_wasl>ٱ</tajweed><tajweed class=qalaqah>بْ</tajweed>تَغِ بَيْنَ ذ<tajweed class=madda_normal>َٲ</tajweed>لِكَ سَبِيلاً <span class=end>١١٠</span>","End":"١١٠","PageNumber":293,"JuzNumber":15,"ManzilNumber":4,"RukuNumber":251,"MaqraNumber":117,"HizbNumber":30,"HizbDecimal":0.0,"HasSajda":false},{"SurahNumber":17,"SurahIndex":"017","VerseNumber":111,"ShowSurahName":false,"ShowBismillah":false,"Text":"وَقُلِ ٱلۡحَمۡدُ لِلَّهِ ٱلَّذِي لَمۡ يَتَّخِذۡ وَلَدٗا وَلَمۡ يَكُن لَّهُۥ شَرِيكٞ فِي ٱلۡمُلۡكِ وَلَمۡ يَكُن لَّهُۥ وَلِيّٞ مِّنَ ٱلذُّلِّۖ وَكَبِّرۡهُ تَكۡبِيرَۢا","TajweedText":"وَقُلِ <tajweed class=ham_wasl>ٱ</tajweed>لْحَمْدُ لِلَّهِ <tajweed class=ham_wasl>ٱ</tajweed>لَّذِى لَمْ يَتَّخِذْ وَلَ<tajweed class=idgham_ghunnah>دًا و</tajweed>َلَمْ يَك<tajweed class=idgham_wo_ghunnah>ُن ل</tajweed>َّهُ<tajweed class=madda_normal>ۥ</tajweed> شَرِي<tajweed class=ikhafa>كٌ ف</tajweed>ِى <tajweed class=ham_wasl>ٱ</tajweed>لْمُلْكِ وَلَمْ يَك<tajweed class=idgham_wo_ghunnah>ُن ل</tajweed>َّهُ<tajweed class=madda_normal>ۥ</tajweed> وَلِ<tajweed class=idgham_ghunnah>ىٌّ م</tajweed>ِّنَ <tajweed class=ham_wasl>ٱ</tajweed><tajweed class=laam_shamsiyah>ل</tajweed>ذُّلِّ‌ۖ وَكَبِّرْهُ تَكْبِيرَۢا <span class=end>١١١</span>","End":"١١١","PageNumber":293,"JuzNumber":15,"ManzilNumber":4,"RukuNumber":251,"MaqraNumber":117,"HizbNumber":30,"HizbDecimal":0.0,"HasSajda":false}]}