{"RukuNumber":12,"Verses":[{"SurahNumber":2,"SurahIndex":"002","VerseNumber":87,"ShowSurahName":false,"ShowBismillah":false,"Text":"وَلَقَدۡ ءَاتَيۡنَا مُوسَى ٱلۡكِتَٰبَ وَقَفَّيۡنَا مِنۢ بَعۡدِهِۦ بِٱلرُّسُلِۖ وَءَاتَيۡنَا عِيسَى ٱبۡنَ مَرۡيَمَ ٱلۡبَيِّنَٰتِ وَأَيَّدۡنَٰهُ بِرُوحِ ٱلۡقُدُسِۗ أَفَكُلَّمَا جَآءَكُمۡ رَسُولُۢ بِمَا لَا تَهۡوَىٰٓ أَنفُسُكُمُ ٱسۡتَكۡبَرۡتُمۡ فَفَرِيقٗا كَذَّبۡتُمۡ وَفَرِيقٗا تَقۡتُلُونَ","TajweedText":"وَلَقَ<tajweed class=qalaqah>دْ</tajweed> ءَاتَيْنَا مُوسَى <tajweed class=ham_wasl>ٱ</tajweed>لْكِتَ<tajweed class=madda_normal>ـٰ</tajweed>بَ وَقَفَّيْنَا م<tajweed class=iqlab>ِنۢ ب</tajweed>َعْدِه<tajweed class=madda_normal>ِۦ</tajweed> بِ<tajweed class=ham_wasl>ٱ</tajweed><tajweed class=laam_shamsiyah>ل</tajweed>رُّسُلِ‌ۖ وَءَاتَيْنَا عِيسَى <tajweed class=ham_wasl>ٱ</tajweed><tajweed class=qalaqah>بْ</tajweed>نَ مَرْيَمَ <tajweed class=ham_wasl>ٱ</tajweed>لْبَيِّنَ<tajweed class=madda_normal>ـٰ</tajweed>تِ وَأَيَّ<tajweed class=qalaqah>دْ</tajweed>نَ<tajweed class=madda_normal>ـٰ</tajweed>هُ بِرُوحِ <tajweed class=ham_wasl>ٱ</tajweed>لْقُدُسِ‌ۗ أَفَكُلَّمَا ج<tajweed class=madda_obligatory>َا</tajweed>ٓءَكُمْ رَسُو<tajweed class=iqlab>لُۢ ب</tajweed>ِمَا لَا تَهْوَ<tajweed class=madda_obligatory>ىٰٓ</tajweed> أَ<tajweed class=ikhafa>نف</tajweed>ُسُكُمُ <tajweed class=ham_wasl>ٱ</tajweed>سْتَكْبَرْتُمْ فَفَرِي<tajweed class=ikhafa>قًا ك</tajweed>َذَّ<tajweed class=qalaqah>بْ</tajweed>تُمْ وَفَرِي<tajweed class=ikhafa>قًا ت</tajweed>َ<tajweed class=qalaqah>قْ</tajweed>تُل<tajweed class=madda_permissible>ُو</tajweed>نَ <span class=end>٨٧</span>","End":"٨٧","PageNumber":13,"JuzNumber":1,"ManzilNumber":1,"RukuNumber":12,"MaqraNumber":5,"HizbNumber":2,"HizbDecimal":0.0,"HasSajda":false},{"SurahNumber":2,"SurahIndex":"002","VerseNumber":88,"ShowSurahName":false,"ShowBismillah":false,"Text":"وَقَالُواْ قُلُوبُنَا غُلۡفُۢۚ بَل لَّعَنَهُمُ ٱللَّهُ بِكُفۡرِهِمۡ فَقَلِيلٗا مَّا يُؤۡمِنُونَ","TajweedText":"وَقَالُو<tajweed class=slnt>اْ</tajweed> قُلُوبُنَا غُلْ<tajweed class=iqlab>فُۢ‌ۚ ب</tajweed>َل لَّعَنَهُمُ <tajweed class=ham_wasl>ٱ</tajweed>للَّهُ بِكُفْرِهِمْ فَقَلِيل<tajweed class=idgham_ghunnah>اً م</tajweed>َّا يُؤْمِن<tajweed class=madda_permissible>ُو</tajweed>نَ <span class=end>٨٨</span>","End":"٨٨","PageNumber":13,"JuzNumber":1,"ManzilNumber":1,"RukuNumber":12,"MaqraNumber":5,"HizbNumber":2,"HizbDecimal":0.0,"HasSajda":false},{"SurahNumber":2,"SurahIndex":"002","VerseNumber":89,"ShowSurahName":false,"ShowBismillah":false,"Text":"وَلَمَّا جَآءَهُمۡ كِتَٰبٞ مِّنۡ عِندِ ٱللَّهِ مُصَدِّقٞ لِّمَا مَعَهُمۡ وَكَانُواْ مِن قَبۡلُ يَسۡتَفۡتِحُونَ عَلَى ٱلَّذِينَ كَفَرُواْ فَلَمَّا جَآءَهُم مَّا عَرَفُواْ كَفَرُواْ بِهِۦۚ فَلَعۡنَةُ ٱللَّهِ عَلَى ٱلۡكَٰفِرِينَ","TajweedText":"وَلَ<tajweed class=ghunnah>مّ</tajweed>َا ج<tajweed class=madda_obligatory>َا</tajweed>ٓءَهُمْ كِتَ<tajweed class=madda_normal>ـٰ</tajweed><tajweed class=idgham_ghunnah>بٌ م</tajweed>ِّنْ عِ<tajweed class=ikhafa>ند</tajweed>ِ <tajweed class=ham_wasl>ٱ</tajweed>للَّهِ مُصَدِّ<tajweed class=idgham_wo_ghunnah>قٌ ل</tajweed>ِّمَا مَعَهُمْ وَكَانُو<tajweed class=slnt>اْ</tajweed> مِ<tajweed class=ikhafa>ن ق</tajweed>َ<tajweed class=qalaqah>بْ</tajweed>لُ يَسْتَفْتِحُونَ عَلَى <tajweed class=ham_wasl>ٱ</tajweed>لَّذِينَ كَفَرُو<tajweed class=slnt>اْ</tajweed> فَلَ<tajweed class=ghunnah>مّ</tajweed>َا ج<tajweed class=madda_obligatory>َا</tajweed>ٓءَه<tajweed class=idgham_shafawi>ُم م</tajweed>َّا عَرَفُو<tajweed class=slnt>اْ</tajweed> كَفَرُو<tajweed class=slnt>اْ</tajweed> بِه<tajweed class=madda_normal>ِۦ</tajweed>‌ۚ فَلَعْنَةُ <tajweed class=ham_wasl>ٱ</tajweed>للَّهِ عَلَى <tajweed class=ham_wasl>ٱ</tajweed>لْكَ<tajweed class=madda_normal>ـٰ</tajweed>فِر<tajweed class=madda_permissible>ِي</tajweed>نَ <span class=end>٨٩</span>","End":"٨٩","PageNumber":14,"JuzNumber":1,"ManzilNumber":1,"RukuNumber":12,"MaqraNumber":5,"HizbNumber":2,"HizbDecimal":0.0,"HasSajda":false},{"SurahNumber":2,"SurahIndex":"002","VerseNumber":90,"ShowSurahName":false,"ShowBismillah":false,"Text":"بِئۡسَمَا ٱشۡتَرَوۡاْ بِهِۦٓ أَنفُسَهُمۡ أَن يَكۡفُرُواْ بِمَآ أَنزَلَ ٱللَّهُ بَغۡيًا أَن يُنَزِّلَ ٱللَّهُ مِن فَضۡلِهِۦ عَلَىٰ مَن يَشَآءُ مِنۡ عِبَادِهِۦۖ فَبَآءُو بِغَضَبٍ عَلَىٰ غَضَبٖۚ وَلِلۡكَٰفِرِينَ عَذَابٞ مُّهِينٞ","TajweedText":"بِئْسَمَا <tajweed class=ham_wasl>ٱ</tajweed>شْتَرَوْ<tajweed class=slnt>اْ</tajweed> بِه<tajweed class=madda_obligatory>ِۦٓ</tajweed> أَ<tajweed class=ikhafa>نف</tajweed>ُسَهُمْ أ<tajweed class=idgham_ghunnah>َن ي</tajweed>َكْفُرُو<tajweed class=slnt>اْ</tajweed> بِم<tajweed class=madda_obligatory>َآ</tajweed> أَ<tajweed class=ikhafa>نز</tajweed>َلَ <tajweed class=ham_wasl>ٱ</tajweed>للَّهُ بَغْيًا أ<tajweed class=idgham_ghunnah>َن ي</tajweed>ُنَزِّلَ <tajweed class=ham_wasl>ٱ</tajweed>للَّهُ مِ<tajweed class=ikhafa>ن ف</tajweed>َضْلِه<tajweed class=madda_normal>ِۦ</tajweed> عَلَىٰ م<tajweed class=idgham_ghunnah>َن ي</tajweed>َش<tajweed class=madda_obligatory>َا</tajweed>ٓءُ مِنْ عِبَادِه<tajweed class=madda_normal>ِۦ</tajweed>‌ۖ فَب<tajweed class=madda_obligatory>َا</tajweed>ٓءُو بِغَضَبٍ عَلَىٰ غَضَ<tajweed class=idgham_ghunnah>بٍ‌ۚ و</tajweed>َلِلْكَ<tajweed class=madda_normal>ـٰ</tajweed>فِرِينَ عَذَا<tajweed class=idgham_ghunnah>بٌ م</tajweed>ُّه<tajweed class=madda_permissible>ِي</tajweed>نٌ <span class=end>٩٠</span>","End":"٩٠","PageNumber":14,"JuzNumber":1,"ManzilNumber":1,"RukuNumber":12,"MaqraNumber":5,"HizbNumber":2,"HizbDecimal":0.0,"HasSajda":false},{"SurahNumber":2,"SurahIndex":"002","VerseNumber":91,"ShowSurahName":false,"ShowBismillah":false,"Text":"وَإِذَا قِيلَ لَهُمۡ ءَامِنُواْ بِمَآ أَنزَلَ ٱللَّهُ قَالُواْ نُؤۡمِنُ بِمَآ أُنزِلَ عَلَيۡنَا وَيَكۡفُرُونَ بِمَا وَرَآءَهُۥ وَهُوَ ٱلۡحَقُّ مُصَدِّقٗا لِّمَا مَعَهُمۡۗ قُلۡ فَلِمَ تَقۡتُلُونَ أَنۢبِيَآءَ ٱللَّهِ مِن قَبۡلُ إِن كُنتُم مُّؤۡمِنِينَ","TajweedText":"وَإِذَا قِيلَ لَهُمْ ءَامِنُو<tajweed class=slnt>اْ</tajweed> بِم<tajweed class=madda_obligatory>َآ</tajweed> أَ<tajweed class=ikhafa>نز</tajweed>َلَ <tajweed class=ham_wasl>ٱ</tajweed>للَّهُ قَالُو<tajweed class=slnt>اْ</tajweed> نُؤْمِنُ بِم<tajweed class=madda_obligatory>َآ</tajweed> أُ<tajweed class=ikhafa>نز</tajweed>ِلَ عَلَيْنَا وَيَكْفُرُونَ بِمَا وَر<tajweed class=madda_obligatory>َا</tajweed>ٓءَهُ<tajweed class=madda_normal>ۥ</tajweed> وَهُوَ <tajweed class=ham_wasl>ٱ</tajweed>لْحَقُّ مُصَدِّ<tajweed class=idgham_wo_ghunnah>قًا ل</tajweed>ِّمَا مَعَهُمْ‌ۗ قُلْ فَلِمَ تَ<tajweed class=qalaqah>قْ</tajweed>تُلُونَ أَ<tajweed class=iqlab>نۢب</tajweed>ِي<tajweed class=madda_obligatory>َا</tajweed>ٓءَ <tajweed class=ham_wasl>ٱ</tajweed>للَّهِ مِ<tajweed class=ikhafa>ن ق</tajweed>َ<tajweed class=qalaqah>بْ</tajweed>لُ إِ<tajweed class=ikhafa>ن ك</tajweed>ُ<tajweed class=ikhafa>نت</tajweed><tajweed class=idgham_shafawi>ُم م</tajweed>ُّؤْمِن<tajweed class=madda_permissible>ِي</tajweed>نَ <span class=end>٩١</span>","End":"٩١","PageNumber":14,"JuzNumber":1,"ManzilNumber":1,"RukuNumber":12,"MaqraNumber":5,"HizbNumber":2,"HizbDecimal":0.0,"HasSajda":false},{"SurahNumber":2,"SurahIndex":"002","VerseNumber":92,"ShowSurahName":false,"ShowBismillah":false,"Text":"۞وَلَقَدۡ جَآءَكُم مُّوسَىٰ بِٱلۡبَيِّنَٰتِ ثُمَّ ٱتَّخَذۡتُمُ ٱلۡعِجۡلَ مِنۢ بَعۡدِهِۦ وَأَنتُمۡ ظَٰلِمُونَ","TajweedText":"۞ وَلَقَ<tajweed class=qalaqah>دْ</tajweed> ج<tajweed class=madda_obligatory>َا</tajweed>ٓءَك<tajweed class=idgham_shafawi>ُم م</tajweed>ُّوسَىٰ بِ<tajweed class=ham_wasl>ٱ</tajweed>لْبَيِّنَ<tajweed class=madda_normal>ـٰ</tajweed>تِ ثُ<tajweed class=ghunnah>مّ</tajweed>َ <tajweed class=ham_wasl>ٱ</tajweed>تَّخَذْتُمُ <tajweed class=ham_wasl>ٱ</tajweed>لْعِ<tajweed class=qalaqah>جْ</tajweed>لَ م<tajweed class=iqlab>ِنۢ ب</tajweed>َعْدِه<tajweed class=madda_normal>ِۦ</tajweed> وَأَ<tajweed class=ikhafa>نت</tajweed>ُمْ ظَ<tajweed class=madda_normal>ـٰ</tajweed>لِم<tajweed class=madda_permissible>ُو</tajweed>نَ <span class=end>٩٢</span>","End":"٩٢","PageNumber":14,"JuzNumber":1,"ManzilNumber":1,"RukuNumber":12,"MaqraNumber":6,"HizbNumber":2,"HizbDecimal":0.25,"HasSajda":false},{"SurahNumber":2,"SurahIndex":"002","VerseNumber":93,"ShowSurahName":false,"ShowBismillah":false,"Text":"وَإِذۡ أَخَذۡنَا مِيثَٰقَكُمۡ وَرَفَعۡنَا فَوۡقَكُمُ ٱلطُّورَ خُذُواْ مَآ ءَاتَيۡنَٰكُم بِقُوَّةٖ وَٱسۡمَعُواْۖ قَالُواْ سَمِعۡنَا وَعَصَيۡنَا وَأُشۡرِبُواْ فِي قُلُوبِهِمُ ٱلۡعِجۡلَ بِكُفۡرِهِمۡۚ قُلۡ بِئۡسَمَا يَأۡمُرُكُم بِهِۦٓ إِيمَٰنُكُمۡ إِن كُنتُم مُّؤۡمِنِينَ","TajweedText":"وَإِذْ أَخَذْنَا مِيثَ<tajweed class=madda_normal>ـٰ</tajweed>قَكُمْ وَرَفَعْنَا فَوْقَكُمُ <tajweed class=ham_wasl>ٱ</tajweed><tajweed class=laam_shamsiyah>ل</tajweed>طُّورَ خُذُو<tajweed class=slnt>اْ</tajweed> م<tajweed class=madda_obligatory>َآ</tajweed> ءَاتَيْنَ<tajweed class=madda_normal>ـٰ</tajweed>ك<tajweed class=ikhafa_shafawi>ُم ب</tajweed>ِقُوَّ<tajweed class=idgham_ghunnah>ةٍ و</tajweed>َ<tajweed class=ham_wasl>ٱ</tajweed>سْمَعُو<tajweed class=slnt>اْ‌ۖ</tajweed> قَالُو<tajweed class=slnt>اْ</tajweed> سَمِعْنَا وَعَصَيْنَا وَأُشْرِبُو<tajweed class=slnt>اْ</tajweed> فِى قُلُوبِهِمُ <tajweed class=ham_wasl>ٱ</tajweed>لْعِ<tajweed class=qalaqah>جْ</tajweed>لَ بِكُفْرِهِمْ‌ۚ قُلْ بِئْسَمَا يَأْمُرُك<tajweed class=ikhafa_shafawi>ُم ب</tajweed>ِه<tajweed class=madda_obligatory>ِۦٓ</tajweed> إِيمَ<tajweed class=madda_normal>ـٰ</tajweed>نُكُمْ إِ<tajweed class=ikhafa>ن ك</tajweed>ُ<tajweed class=ikhafa>نت</tajweed><tajweed class=idgham_shafawi>ُم م</tajweed>ُّؤْمِن<tajweed class=madda_permissible>ِي</tajweed>نَ <span class=end>٩٣</span>","End":"٩٣","PageNumber":14,"JuzNumber":1,"ManzilNumber":1,"RukuNumber":12,"MaqraNumber":6,"HizbNumber":2,"HizbDecimal":0.25,"HasSajda":false},{"SurahNumber":2,"SurahIndex":"002","VerseNumber":94,"ShowSurahName":false,"ShowBismillah":false,"Text":"قُلۡ إِن كَانَتۡ لَكُمُ ٱلدَّارُ ٱلۡأٓخِرَةُ عِندَ ٱللَّهِ خَالِصَةٗ مِّن دُونِ ٱلنَّاسِ فَتَمَنَّوُاْ ٱلۡمَوۡتَ إِن كُنتُمۡ صَٰدِقِينَ","TajweedText":"قُلْ إِ<tajweed class=ikhafa>ن ك</tajweed>َانَتْ لَكُمُ <tajweed class=ham_wasl>ٱ</tajweed><tajweed class=laam_shamsiyah>ل</tajweed>دَّارُ <tajweed class=ham_wasl>ٱ</tajweed>لْأَخِرَةُ عِ<tajweed class=ikhafa>ند</tajweed>َ <tajweed class=ham_wasl>ٱ</tajweed>للَّهِ خَالِصَ<tajweed class=idgham_ghunnah>ةً م</tajweed>ِّ<tajweed class=ikhafa>ن د</tajweed>ُونِ <tajweed class=ham_wasl>ٱ</tajweed><tajweed class=laam_shamsiyah>ل</tajweed><tajweed class=ghunnah>نّ</tajweed>َاسِ فَتَمَ<tajweed class=ghunnah>نّ</tajweed>َوُ<tajweed class=slnt>اْ</tajweed> <tajweed class=ham_wasl>ٱ</tajweed>لْمَوْتَ إِ<tajweed class=ikhafa>ن ك</tajweed>ُ<tajweed class=ikhafa>نت</tajweed>ُمْ صَ<tajweed class=madda_normal>ـٰ</tajweed>دِق<tajweed class=madda_permissible>ِي</tajweed>نَ <span class=end>٩٤</span>","End":"٩٤","PageNumber":15,"JuzNumber":1,"ManzilNumber":1,"RukuNumber":12,"MaqraNumber":6,"HizbNumber":2,"HizbDecimal":0.25,"HasSajda":false},{"SurahNumber":2,"SurahIndex":"002","VerseNumber":95,"ShowSurahName":false,"ShowBismillah":false,"Text":"وَلَن يَتَمَنَّوۡهُ أَبَدَۢا بِمَا قَدَّمَتۡ أَيۡدِيهِمۡۚ وَٱللَّهُ عَلِيمُۢ بِٱلظَّـٰلِمِينَ","TajweedText":"وَل<tajweed class=idgham_ghunnah>َن ي</tajweed>َتَمَ<tajweed class=ghunnah>نّ</tajweed>َوْهُ أَبَد<tajweed class=iqlab>َۢا ب</tajweed>ِمَا قَدَّمَتْ أَيْدِيهِمْ‌ۗ وَ<tajweed class=ham_wasl>ٱ</tajweed>للَّهُ عَلِي<tajweed class=iqlab>مُۢ ب</tajweed>ِ<tajweed class=ham_wasl>ٱ</tajweed><tajweed class=laam_shamsiyah>ل</tajweed>ظَّ<tajweed class=madda_normal>ـٰ</tajweed>لِم<tajweed class=madda_permissible>ِي</tajweed>نَ <span class=end>٩٥</span>","End":"٩٥","PageNumber":15,"JuzNumber":1,"ManzilNumber":1,"RukuNumber":12,"MaqraNumber":6,"HizbNumber":2,"HizbDecimal":0.25,"HasSajda":false},{"SurahNumber":2,"SurahIndex":"002","VerseNumber":96,"ShowSurahName":false,"ShowBismillah":false,"Text":"وَلَتَجِدَنَّهُمۡ أَحۡرَصَ ٱلنَّاسِ عَلَىٰ حَيَوٰةٖ وَمِنَ ٱلَّذِينَ أَشۡرَكُواْۚ يَوَدُّ أَحَدُهُمۡ لَوۡ يُعَمَّرُ أَلۡفَ سَنَةٖ وَمَا هُوَ بِمُزَحۡزِحِهِۦ مِنَ ٱلۡعَذَابِ أَن يُعَمَّرَۗ وَٱللَّهُ بَصِيرُۢ بِمَا يَعۡمَلُونَ","TajweedText":"وَلَتَجِدَ<tajweed class=ghunnah>نّ</tajweed>َهُمْ أَحْرَصَ <tajweed class=ham_wasl>ٱ</tajweed><tajweed class=laam_shamsiyah>ل</tajweed><tajweed class=ghunnah>نّ</tajweed>َاسِ عَلَىٰ حَيَ<tajweed class=slnt>و</tajweed><tajweed class=madda_normal>ٲ</tajweed><tajweed class=idgham_ghunnah>ةٍ و</tajweed>َمِنَ <tajweed class=ham_wasl>ٱ</tajweed>لَّذِينَ أَشْرَكُو<tajweed class=slnt>اْ‌ۚ</tajweed> يَوَدُّ أَحَدُهُمْ لَوْ يُعَ<tajweed class=ghunnah>مّ</tajweed>َرُ أَلْفَ سَنَ<tajweed class=idgham_ghunnah>ةٍ و</tajweed>َمَا هُوَ بِمُزَحْزِحِه<tajweed class=madda_normal>ِۦ</tajweed> مِنَ <tajweed class=ham_wasl>ٱ</tajweed>لْعَذَابِ أ<tajweed class=idgham_ghunnah>َن ي</tajweed>ُعَ<tajweed class=ghunnah>مّ</tajweed>َرَ‌ۗ وَ<tajweed class=ham_wasl>ٱ</tajweed>للَّهُ بَصِي<tajweed class=iqlab>رُۢ ب</tajweed>ِمَا يَعْمَل<tajweed class=madda_permissible>ُو</tajweed>نَ <span class=end>٩٦</span>","End":"٩٦","PageNumber":15,"JuzNumber":1,"ManzilNumber":1,"RukuNumber":12,"MaqraNumber":6,"HizbNumber":2,"HizbDecimal":0.25,"HasSajda":false}]}