{"RukuNumber":420,"Verses":[{"SurahNumber":42,"SurahIndex":"042","VerseNumber":10,"ShowSurahName":false,"ShowBismillah":false,"Text":"وَمَا ٱخۡتَلَفۡتُمۡ فِيهِ مِن شَيۡءٖ فَحُكۡمُهُۥٓ إِلَى ٱللَّهِۚ ذَٰلِكُمُ ٱللَّهُ رَبِّي عَلَيۡهِ تَوَكَّلۡتُ وَإِلَيۡهِ أُنِيبُ","TajweedText":"وَمَا <tajweed class=ham_wasl>ٱ</tajweed>خْتَلَفْتُمْ فِيهِ مِ<tajweed class=ikhafa>ن ش</tajweed><tajweed class=ikhafa>َىْءٍ ف</tajweed>َحُكْمُهُ<tajweed class=madda_obligatory>ۥٓ</tajweed> إِلَى <tajweed class=ham_wasl>ٱ</tajweed>للَّهِ‌ۚ ذ<tajweed class=madda_normal>َٲ</tajweed>لِكُمُ <tajweed class=ham_wasl>ٱ</tajweed>للَّهُ رَبِّى عَلَيْهِ تَوَكَّلْتُ وَإِلَيْهِ أُن<tajweed class=madda_permissible>ِي</tajweed><tajweed class=qalaqah>ب</tajweed>ُ <span class=end>١٠</span>","End":"١٠","PageNumber":483,"JuzNumber":25,"ManzilNumber":6,"RukuNumber":420,"MaqraNumber":193,"HizbNumber":49,"HizbDecimal":0.0,"HasSajda":false},{"SurahNumber":42,"SurahIndex":"042","VerseNumber":11,"ShowSurahName":false,"ShowBismillah":false,"Text":"فَاطِرُ ٱلسَّمَٰوَٰتِ وَٱلۡأَرۡضِۚ جَعَلَ لَكُم مِّنۡ أَنفُسِكُمۡ أَزۡوَٰجٗا وَمِنَ ٱلۡأَنۡعَٰمِ أَزۡوَٰجٗا يَذۡرَؤُكُمۡ فِيهِۚ لَيۡسَ كَمِثۡلِهِۦ شَيۡءٞۖ وَهُوَ ٱلسَّمِيعُ ٱلۡبَصِيرُ","TajweedText":"فَاطِرُ <tajweed class=ham_wasl>ٱ</tajweed><tajweed class=laam_shamsiyah>ل</tajweed>سَّمَ<tajweed class=madda_normal>ـٰ</tajweed>و<tajweed class=madda_normal>َٲ</tajweed>تِ وَ<tajweed class=ham_wasl>ٱ</tajweed>لْأَرْضِ‌ۚ جَعَلَ لَك<tajweed class=idgham_shafawi>ُم م</tajweed>ِّنْ أَ<tajweed class=ikhafa>نف</tajweed>ُسِكُمْ أَزْو<tajweed class=madda_normal>َٲ</tajweed><tajweed class=idgham_ghunnah>جًا و</tajweed>َمِنَ <tajweed class=ham_wasl>ٱ</tajweed>لْأَنْعَ<tajweed class=madda_normal>ـٰ</tajweed>مِ أَزْو<tajweed class=madda_normal>َٲ</tajweed><tajweed class=idgham_ghunnah>جًا‌ۖ ي</tajweed>َذْرَؤُكُمْ فِيهِ‌ۚ لَيْسَ كَمِثْلِه<tajweed class=madda_normal>ِۦ</tajweed> ش<tajweed class=idgham_ghunnah>َىْءٌ‌ۖ و</tajweed>َهُوَ <tajweed class=ham_wasl>ٱ</tajweed><tajweed class=laam_shamsiyah>ل</tajweed>سَّمِيعُ <tajweed class=ham_wasl>ٱ</tajweed>لْبَص<tajweed class=madda_permissible>ِي</tajweed>رُ <span class=end>١١</span>","End":"١١","PageNumber":484,"JuzNumber":25,"ManzilNumber":6,"RukuNumber":420,"MaqraNumber":193,"HizbNumber":49,"HizbDecimal":0.0,"HasSajda":false},{"SurahNumber":42,"SurahIndex":"042","VerseNumber":12,"ShowSurahName":false,"ShowBismillah":false,"Text":"لَهُۥ مَقَالِيدُ ٱلسَّمَٰوَٰتِ وَٱلۡأَرۡضِۖ يَبۡسُطُ ٱلرِّزۡقَ لِمَن يَشَآءُ وَيَقۡدِرُۚ إِنَّهُۥ بِكُلِّ شَيۡءٍ عَلِيمٞ","TajweedText":"لَهُ<tajweed class=madda_normal>ۥ</tajweed> مَقَالِيدُ <tajweed class=ham_wasl>ٱ</tajweed><tajweed class=laam_shamsiyah>ل</tajweed>سَّمَ<tajweed class=madda_normal>ـٰ</tajweed>و<tajweed class=madda_normal>َٲ</tajweed>تِ وَ<tajweed class=ham_wasl>ٱ</tajweed>لْأَرْضِ‌ۖ يَ<tajweed class=qalaqah>بْ</tajweed>سُطُ <tajweed class=ham_wasl>ٱ</tajweed><tajweed class=laam_shamsiyah>ل</tajweed>رِّزْقَ لِم<tajweed class=idgham_ghunnah>َن ي</tajweed>َش<tajweed class=madda_obligatory>َا</tajweed>ٓءُ وَيَ<tajweed class=qalaqah>قْ</tajweed>دِرُ‌ۚ إِ<tajweed class=ghunnah>نّ</tajweed>َهُ<tajweed class=madda_normal>ۥ</tajweed> بِكُلِّ شَىْءٍ عَل<tajweed class=madda_permissible>ِي</tajweed>مٌ <span class=end>١٢</span>","End":"١٢","PageNumber":484,"JuzNumber":25,"ManzilNumber":6,"RukuNumber":420,"MaqraNumber":193,"HizbNumber":49,"HizbDecimal":0.0,"HasSajda":false},{"SurahNumber":42,"SurahIndex":"042","VerseNumber":13,"ShowSurahName":false,"ShowBismillah":false,"Text":"۞شَرَعَ لَكُم مِّنَ ٱلدِّينِ مَا وَصَّىٰ بِهِۦ نُوحٗا وَٱلَّذِيٓ أَوۡحَيۡنَآ إِلَيۡكَ وَمَا وَصَّيۡنَا بِهِۦٓ إِبۡرَٰهِيمَ وَمُوسَىٰ وَعِيسَىٰٓۖ أَنۡ أَقِيمُواْ ٱلدِّينَ وَلَا تَتَفَرَّقُواْ فِيهِۚ كَبُرَ عَلَى ٱلۡمُشۡرِكِينَ مَا تَدۡعُوهُمۡ إِلَيۡهِۚ ٱللَّهُ يَجۡتَبِيٓ إِلَيۡهِ مَن يَشَآءُ وَيَهۡدِيٓ إِلَيۡهِ مَن يُنِيبُ","TajweedText":"۞ شَرَعَ لَك<tajweed class=idgham_shafawi>ُم م</tajweed>ِّنَ <tajweed class=ham_wasl>ٱ</tajweed><tajweed class=laam_shamsiyah>ل</tajweed>دِّينِ مَا وَصَّىٰ بِه<tajweed class=madda_normal>ِۦ</tajweed> نُو<tajweed class=idgham_ghunnah>حًا و</tajweed>َ<tajweed class=ham_wasl>ٱ</tajweed>لَّذ<tajweed class=madda_obligatory>ِىٓ</tajweed> أَوْحَيْن<tajweed class=madda_obligatory>َآ</tajweed> إِلَيْكَ وَمَا وَصَّيْنَا بِه<tajweed class=madda_obligatory>ِۦٓ</tajweed> إِ<tajweed class=qalaqah>بْ</tajweed>ر<tajweed class=madda_normal>َٲ</tajweed>هِيمَ وَمُوسَىٰ وَعِيسَ<tajweed class=madda_obligatory>ىٰٓ‌ۖ</tajweed> أَنْ أَقِيمُو<tajweed class=slnt>اْ</tajweed> <tajweed class=ham_wasl>ٱ</tajweed><tajweed class=laam_shamsiyah>ل</tajweed>دِّينَ وَلَا تَتَفَرَّقُو<tajweed class=slnt>اْ</tajweed> فِيهِ‌ۚ كَبُرَ عَلَى <tajweed class=ham_wasl>ٱ</tajweed>لْمُشْرِكِينَ مَا تَ<tajweed class=qalaqah>دْ</tajweed>عُوهُمْ إِلَيْهِ‌ۚ <tajweed class=ham_wasl>ٱ</tajweed>للَّهُ يَ<tajweed class=qalaqah>جْ</tajweed>تَب<tajweed class=madda_obligatory>ِىٓ</tajweed> إِلَيْهِ م<tajweed class=idgham_ghunnah>َن ي</tajweed>َش<tajweed class=madda_obligatory>َا</tajweed>ٓءُ وَيَهْد<tajweed class=madda_obligatory>ِىٓ</tajweed> إِلَيْهِ م<tajweed class=idgham_ghunnah>َن ي</tajweed>ُن<tajweed class=madda_permissible>ِي</tajweed><tajweed class=qalaqah>ب</tajweed>ُ <span class=end>١٣</span>","End":"١٣","PageNumber":484,"JuzNumber":25,"ManzilNumber":6,"RukuNumber":420,"MaqraNumber":194,"HizbNumber":49,"HizbDecimal":0.25,"HasSajda":false},{"SurahNumber":42,"SurahIndex":"042","VerseNumber":14,"ShowSurahName":false,"ShowBismillah":false,"Text":"وَمَا تَفَرَّقُوٓاْ إِلَّا مِنۢ بَعۡدِ مَا جَآءَهُمُ ٱلۡعِلۡمُ بَغۡيَۢا بَيۡنَهُمۡۚ وَلَوۡلَا كَلِمَةٞ سَبَقَتۡ مِن رَّبِّكَ إِلَىٰٓ أَجَلٖ مُّسَمّٗى لَّقُضِيَ بَيۡنَهُمۡۚ وَإِنَّ ٱلَّذِينَ أُورِثُواْ ٱلۡكِتَٰبَ مِنۢ بَعۡدِهِمۡ لَفِي شَكّٖ مِّنۡهُ مُرِيبٖ","TajweedText":"وَمَا تَفَرَّق<tajweed class=madda_obligatory>ُوٓ</tajweed><tajweed class=slnt>اْ</tajweed> إِلَّا م<tajweed class=iqlab>ِنۢ ب</tajweed>َعْدِ مَا ج<tajweed class=madda_obligatory>َا</tajweed>ٓءَهُمُ <tajweed class=ham_wasl>ٱ</tajweed>لْعِلْمُ بَغْي<tajweed class=iqlab>َۢا ب</tajweed>َيْنَهُمْ‌ۚ وَلَوْلَا كَلِمَ<tajweed class=ikhafa>ةٌ س</tajweed>َبَقَتْ م<tajweed class=idgham_wo_ghunnah>ِن ر</tajweed>َّبِّكَ إِلَ<tajweed class=madda_obligatory>ىٰٓ</tajweed> أَجَ<tajweed class=idgham_ghunnah>لٍ م</tajweed>ُّسَم<tajweed class=idgham_wo_ghunnah>ًّى ل</tajweed>َّقُضِىَ بَيْنَهُمْ‌ۚ وَإِ<tajweed class=ghunnah>نّ</tajweed>َ <tajweed class=ham_wasl>ٱ</tajweed>لَّذِينَ أُورِثُو<tajweed class=slnt>اْ</tajweed> <tajweed class=ham_wasl>ٱ</tajweed>لْكِتَ<tajweed class=madda_normal>ـٰ</tajweed>بَ م<tajweed class=iqlab>ِنۢ ب</tajweed>َعْدِهِمْ لَفِى شَ<tajweed class=idgham_ghunnah>كٍّ م</tajweed>ِّنْهُ مُر<tajweed class=madda_permissible>ِي</tajweed><tajweed class=qalaqah>ب</tajweed>ٍ <span class=end>١٤</span>","End":"١٤","PageNumber":484,"JuzNumber":25,"ManzilNumber":6,"RukuNumber":420,"MaqraNumber":194,"HizbNumber":49,"HizbDecimal":0.25,"HasSajda":false},{"SurahNumber":42,"SurahIndex":"042","VerseNumber":15,"ShowSurahName":false,"ShowBismillah":false,"Text":"فَلِذَٰلِكَ فَٱدۡعُۖ وَٱسۡتَقِمۡ كَمَآ أُمِرۡتَۖ وَلَا تَتَّبِعۡ أَهۡوَآءَهُمۡۖ وَقُلۡ ءَامَنتُ بِمَآ أَنزَلَ ٱللَّهُ مِن كِتَٰبٖۖ وَأُمِرۡتُ لِأَعۡدِلَ بَيۡنَكُمُۖ ٱللَّهُ رَبُّنَا وَرَبُّكُمۡۖ لَنَآ أَعۡمَٰلُنَا وَلَكُمۡ أَعۡمَٰلُكُمۡۖ لَا حُجَّةَ بَيۡنَنَا وَبَيۡنَكُمُۖ ٱللَّهُ يَجۡمَعُ بَيۡنَنَاۖ وَإِلَيۡهِ ٱلۡمَصِيرُ","TajweedText":"فَلِذ<tajweed class=madda_normal>َٲ</tajweed>لِكَ فَ<tajweed class=ham_wasl>ٱ</tajweed><tajweed class=qalaqah>دْ</tajweed>عُ‌ۖ وَ<tajweed class=ham_wasl>ٱ</tajweed>سْتَقِمْ كَم<tajweed class=madda_obligatory>َآ</tajweed> أُمِرْتَ‌ۖ وَلَا تَتَّبِعْ أَهْو<tajweed class=madda_obligatory>َا</tajweed>ٓءَهُمْ‌ۖ وَقُلْ ءَامَ<tajweed class=ikhafa>نت</tajweed>ُ بِم<tajweed class=madda_obligatory>َآ</tajweed> أَ<tajweed class=ikhafa>نز</tajweed>َلَ <tajweed class=ham_wasl>ٱ</tajweed>للَّهُ مِ<tajweed class=ikhafa>ن ك</tajweed>ِتَ<tajweed class=madda_normal>ـٰ</tajweed><tajweed class=idgham_ghunnah>بٍ‌ۖ و</tajweed>َأُمِرْتُ لِأَعْدِلَ بَيْنَكُمُ‌ۖ <tajweed class=ham_wasl>ٱ</tajweed>للَّهُ رَبُّنَا وَرَبُّكُمْ‌ۖ لَن<tajweed class=madda_obligatory>َآ</tajweed> أَعْمَ<tajweed class=madda_normal>ـٰ</tajweed>لُنَا وَلَكُمْ أَعْمَ<tajweed class=madda_normal>ـٰ</tajweed>لُكُمْ‌ۖ لَا حُجَّةَ بَيْنَنَا وَبَيْنَكُمُ‌ۖ <tajweed class=ham_wasl>ٱ</tajweed>للَّهُ يَ<tajweed class=qalaqah>جْ</tajweed>مَعُ بَيْنَنَا‌ۖ وَإِلَيْهِ <tajweed class=ham_wasl>ٱ</tajweed>لْمَص<tajweed class=madda_permissible>ِي</tajweed>رُ <span class=end>١٥</span>","End":"١٥","PageNumber":484,"JuzNumber":25,"ManzilNumber":6,"RukuNumber":420,"MaqraNumber":194,"HizbNumber":49,"HizbDecimal":0.25,"HasSajda":false},{"SurahNumber":42,"SurahIndex":"042","VerseNumber":16,"ShowSurahName":false,"ShowBismillah":false,"Text":"وَٱلَّذِينَ يُحَآجُّونَ فِي ٱللَّهِ مِنۢ بَعۡدِ مَا ٱسۡتُجِيبَ لَهُۥ حُجَّتُهُمۡ دَاحِضَةٌ عِندَ رَبِّهِمۡ وَعَلَيۡهِمۡ غَضَبٞ وَلَهُمۡ عَذَابٞ شَدِيدٌ","TajweedText":"وَ<tajweed class=ham_wasl>ٱ</tajweed>لَّذِينَ يُح<tajweed class=madda_necessary>َا</tajweed>ٓجُّونَ فِى <tajweed class=ham_wasl>ٱ</tajweed>للَّهِ م<tajweed class=iqlab>ِنۢ ب</tajweed>َعْدِ مَا <tajweed class=ham_wasl>ٱ</tajweed>سْتُجِيبَ لَهُ<tajweed class=madda_normal>ۥ</tajweed> حُجَّتُهُمْ دَاحِضَةٌ عِ<tajweed class=ikhafa>ند</tajweed>َ رَبِّهِمْ وَعَلَيْهِمْ غَضَ<tajweed class=idgham_ghunnah>بٌ و</tajweed>َلَهُمْ عَذَا<tajweed class=ikhafa>بٌ ش</tajweed>َد<tajweed class=madda_permissible>ِي</tajweed><tajweed class=qalaqah>د</tajweed>ٌ <span class=end>١٦</span>","End":"١٦","PageNumber":485,"JuzNumber":25,"ManzilNumber":6,"RukuNumber":420,"MaqraNumber":194,"HizbNumber":49,"HizbDecimal":0.25,"HasSajda":false},{"SurahNumber":42,"SurahIndex":"042","VerseNumber":17,"ShowSurahName":false,"ShowBismillah":false,"Text":"ٱللَّهُ ٱلَّذِيٓ أَنزَلَ ٱلۡكِتَٰبَ بِٱلۡحَقِّ وَٱلۡمِيزَانَۗ وَمَا يُدۡرِيكَ لَعَلَّ ٱلسَّاعَةَ قَرِيبٞ","TajweedText":"ٱللَّهُ <tajweed class=ham_wasl>ٱ</tajweed>لَّذ<tajweed class=madda_obligatory>ِىٓ</tajweed> أَ<tajweed class=ikhafa>نز</tajweed>َلَ <tajweed class=ham_wasl>ٱ</tajweed>لْكِتَ<tajweed class=madda_normal>ـٰ</tajweed>بَ بِ<tajweed class=ham_wasl>ٱ</tajweed>لْحَقِّ وَ<tajweed class=ham_wasl>ٱ</tajweed>لْمِيزَانَ‌ۗ وَمَا يُ<tajweed class=qalaqah>دْ</tajweed>رِيكَ لَعَلَّ <tajweed class=ham_wasl>ٱ</tajweed><tajweed class=laam_shamsiyah>ل</tajweed>سَّاعَةَ قَر<tajweed class=madda_permissible>ِي</tajweed><tajweed class=qalaqah>ب</tajweed>ٌ <span class=end>١٧</span>","End":"١٧","PageNumber":485,"JuzNumber":25,"ManzilNumber":6,"RukuNumber":420,"MaqraNumber":194,"HizbNumber":49,"HizbDecimal":0.25,"HasSajda":false},{"SurahNumber":42,"SurahIndex":"042","VerseNumber":18,"ShowSurahName":false,"ShowBismillah":false,"Text":"يَسۡتَعۡجِلُ بِهَا ٱلَّذِينَ لَا يُؤۡمِنُونَ بِهَاۖ وَٱلَّذِينَ ءَامَنُواْ مُشۡفِقُونَ مِنۡهَا وَيَعۡلَمُونَ أَنَّهَا ٱلۡحَقُّۗ أَلَآ إِنَّ ٱلَّذِينَ يُمَارُونَ فِي ٱلسَّاعَةِ لَفِي ضَلَٰلِۭ بَعِيدٍ","TajweedText":"يَسْتَعْجِلُ بِهَا <tajweed class=ham_wasl>ٱ</tajweed>لَّذِينَ لَا يُؤْمِنُونَ بِهَا‌ۖ وَ<tajweed class=ham_wasl>ٱ</tajweed>لَّذِينَ ءَامَنُو<tajweed class=slnt>اْ</tajweed> مُشْفِقُونَ مِنْهَا وَيَعْلَمُونَ أَ<tajweed class=ghunnah>نّ</tajweed>َهَا <tajweed class=ham_wasl>ٱ</tajweed>لْحَقُّ‌ۗ أَل<tajweed class=madda_obligatory>َآ</tajweed> إِ<tajweed class=ghunnah>نّ</tajweed>َ <tajweed class=ham_wasl>ٱ</tajweed>لَّذِينَ يُمَارُونَ فِى <tajweed class=ham_wasl>ٱ</tajweed><tajweed class=laam_shamsiyah>ل</tajweed>سَّاعَةِ لَفِى ضَلَ<tajweed class=madda_normal>ـٰ</tajweed><tajweed class=iqlab>لِۭ ب</tajweed>َع<tajweed class=madda_permissible>ِي</tajweed><tajweed class=qalaqah>د</tajweed>ٍ <span class=end>١٨</span>","End":"١٨","PageNumber":485,"JuzNumber":25,"ManzilNumber":6,"RukuNumber":420,"MaqraNumber":194,"HizbNumber":49,"HizbDecimal":0.25,"HasSajda":false},{"SurahNumber":42,"SurahIndex":"042","VerseNumber":19,"ShowSurahName":false,"ShowBismillah":false,"Text":"ٱللَّهُ لَطِيفُۢ بِعِبَادِهِۦ يَرۡزُقُ مَن يَشَآءُۖ وَهُوَ ٱلۡقَوِيُّ ٱلۡعَزِيزُ","TajweedText":"ٱللَّهُ لَطِي<tajweed class=iqlab>فُۢ ب</tajweed>ِعِبَادِه<tajweed class=madda_normal>ِۦ</tajweed> يَرْزُقُ م<tajweed class=idgham_ghunnah>َن ي</tajweed>َش<tajweed class=madda_obligatory>َا</tajweed>ٓءُ‌ۖ وَهُوَ <tajweed class=ham_wasl>ٱ</tajweed>لْقَوِىُّ <tajweed class=ham_wasl>ٱ</tajweed>لْعَز<tajweed class=madda_permissible>ِي</tajweed>زُ <span class=end>١٩</span>","End":"١٩","PageNumber":485,"JuzNumber":25,"ManzilNumber":6,"RukuNumber":420,"MaqraNumber":194,"HizbNumber":49,"HizbDecimal":0.25,"HasSajda":false}]}