{"RukuNumber":103,"Verses":[{"SurahNumber":6,"SurahIndex":"006","VerseNumber":11,"ShowSurahName":false,"ShowBismillah":false,"Text":"قُلۡ سِيرُواْ فِي ٱلۡأَرۡضِ ثُمَّ ٱنظُرُواْ كَيۡفَ كَانَ عَٰقِبَةُ ٱلۡمُكَذِّبِينَ","TajweedText":"قُلْ سِيرُو<tajweed class=slnt>اْ</tajweed> فِى <tajweed class=ham_wasl>ٱ</tajweed>لْأَرْضِ ثُ<tajweed class=ghunnah>مّ</tajweed>َ <tajweed class=ham_wasl>ٱ</tajweed><tajweed class=ikhafa>نظ</tajweed>ُرُو<tajweed class=slnt>اْ</tajweed> كَيْفَ كَانَ عَ<tajweed class=madda_normal>ـٰ</tajweed>قِبَةُ <tajweed class=ham_wasl>ٱ</tajweed>لْمُكَذِّب<tajweed class=madda_permissible>ِي</tajweed>نَ <span class=end>١١</span>","End":"١١","PageNumber":129,"JuzNumber":7,"ManzilNumber":2,"RukuNumber":103,"MaqraNumber":51,"HizbNumber":13,"HizbDecimal":0.5,"HasSajda":false},{"SurahNumber":6,"SurahIndex":"006","VerseNumber":12,"ShowSurahName":false,"ShowBismillah":false,"Text":"قُل لِّمَن مَّا فِي ٱلسَّمَٰوَٰتِ وَٱلۡأَرۡضِۖ قُل لِّلَّهِۚ كَتَبَ عَلَىٰ نَفۡسِهِ ٱلرَّحۡمَةَۚ لَيَجۡمَعَنَّكُمۡ إِلَىٰ يَوۡمِ ٱلۡقِيَٰمَةِ لَا رَيۡبَ فِيهِۚ ٱلَّذِينَ خَسِرُوٓاْ أَنفُسَهُمۡ فَهُمۡ لَا يُؤۡمِنُونَ","TajweedText":"قُل لِّم<tajweed class=idgham_ghunnah>َن م</tajweed>َّا فِى <tajweed class=ham_wasl>ٱ</tajweed><tajweed class=laam_shamsiyah>ل</tajweed>سَّمَ<tajweed class=madda_normal>ـٰ</tajweed>و<tajweed class=madda_normal>َٲ</tajweed>تِ وَ<tajweed class=ham_wasl>ٱ</tajweed>لْأَرْضِ‌ۖ قُل لِّلَّهِ‌ۚ كَتَبَ عَلَىٰ نَفْسِهِ <tajweed class=ham_wasl>ٱ</tajweed><tajweed class=laam_shamsiyah>ل</tajweed>رَّحْمَةَ‌ۚ لَيَ<tajweed class=qalaqah>جْ</tajweed>مَعَ<tajweed class=ghunnah>نّ</tajweed>َكُمْ إِلَىٰ يَوْمِ <tajweed class=ham_wasl>ٱ</tajweed>لْقِيَ<tajweed class=madda_normal>ـٰ</tajweed>مَةِ لَا رَيْبَ فِيهِ‌ۚ <tajweed class=ham_wasl>ٱ</tajweed>لَّذِينَ خَسِر<tajweed class=madda_obligatory>ُوٓ</tajweed><tajweed class=slnt>اْ</tajweed> أَ<tajweed class=ikhafa>نف</tajweed>ُسَهُمْ فَهُمْ لَا يُؤْمِن<tajweed class=madda_permissible>ُو</tajweed>نَ <span class=end>١٢</span>","End":"١٢","PageNumber":129,"JuzNumber":7,"ManzilNumber":2,"RukuNumber":103,"MaqraNumber":51,"HizbNumber":13,"HizbDecimal":0.5,"HasSajda":false},{"SurahNumber":6,"SurahIndex":"006","VerseNumber":13,"ShowSurahName":false,"ShowBismillah":false,"Text":"۞وَلَهُۥ مَا سَكَنَ فِي ٱلَّيۡلِ وَٱلنَّهَارِۚ وَهُوَ ٱلسَّمِيعُ ٱلۡعَلِيمُ","TajweedText":"۞ وَلَهُ<tajweed class=madda_normal>ۥ</tajweed> مَا سَكَنَ فِى <tajweed class=ham_wasl>ٱ</tajweed>لَّيْلِ وَ<tajweed class=ham_wasl>ٱ</tajweed><tajweed class=laam_shamsiyah>ل</tajweed><tajweed class=ghunnah>نّ</tajweed>َهَارِ‌ۚ وَهُوَ <tajweed class=ham_wasl>ٱ</tajweed><tajweed class=laam_shamsiyah>ل</tajweed>سَّمِيعُ <tajweed class=ham_wasl>ٱ</tajweed>لْعَل<tajweed class=madda_permissible>ِي</tajweed>مُ <span class=end>١٣</span>","End":"١٣","PageNumber":129,"JuzNumber":7,"ManzilNumber":2,"RukuNumber":103,"MaqraNumber":52,"HizbNumber":13,"HizbDecimal":0.75,"HasSajda":false},{"SurahNumber":6,"SurahIndex":"006","VerseNumber":14,"ShowSurahName":false,"ShowBismillah":false,"Text":"قُلۡ أَغَيۡرَ ٱللَّهِ أَتَّخِذُ وَلِيّٗا فَاطِرِ ٱلسَّمَٰوَٰتِ وَٱلۡأَرۡضِ وَهُوَ يُطۡعِمُ وَلَا يُطۡعَمُۗ قُلۡ إِنِّيٓ أُمِرۡتُ أَنۡ أَكُونَ أَوَّلَ مَنۡ أَسۡلَمَۖ وَلَا تَكُونَنَّ مِنَ ٱلۡمُشۡرِكِينَ","TajweedText":"قُلْ أَغَيْرَ <tajweed class=ham_wasl>ٱ</tajweed>للَّهِ أَتَّخِذُ وَلِي<tajweed class=ikhafa>ًّا ف</tajweed>َاطِرِ <tajweed class=ham_wasl>ٱ</tajweed><tajweed class=laam_shamsiyah>ل</tajweed>سَّمَ<tajweed class=madda_normal>ـٰ</tajweed>و<tajweed class=madda_normal>َٲ</tajweed>تِ وَ<tajweed class=ham_wasl>ٱ</tajweed>لْأَرْضِ وَهُوَ يُ<tajweed class=qalaqah>طْ</tajweed>عِمُ وَلَا يُ<tajweed class=qalaqah>طْ</tajweed>عَمُ‌ۗ قُلْ إِ<tajweed class=ghunnah>نّ</tajweed><tajweed class=madda_obligatory>ِىٓ</tajweed> أُمِرْتُ أَنْ أَكُونَ أَوَّلَ مَنْ أَسْلَمَ‌ۖ وَلَا تَكُونَ<tajweed class=ghunnah>نّ</tajweed>َ مِنَ <tajweed class=ham_wasl>ٱ</tajweed>لْمُشْرِك<tajweed class=madda_permissible>ِي</tajweed>نَ <span class=end>١٤</span>","End":"١٤","PageNumber":129,"JuzNumber":7,"ManzilNumber":2,"RukuNumber":103,"MaqraNumber":52,"HizbNumber":13,"HizbDecimal":0.75,"HasSajda":false},{"SurahNumber":6,"SurahIndex":"006","VerseNumber":15,"ShowSurahName":false,"ShowBismillah":false,"Text":"قُلۡ إِنِّيٓ أَخَافُ إِنۡ عَصَيۡتُ رَبِّي عَذَابَ يَوۡمٍ عَظِيمٖ","TajweedText":"قُلْ إِ<tajweed class=ghunnah>نّ</tajweed><tajweed class=madda_obligatory>ِىٓ</tajweed> أَخَافُ إِنْ عَصَيْتُ رَبِّى عَذَابَ يَوْمٍ عَظ<tajweed class=madda_permissible>ِي</tajweed>مٍ <span class=end>١٥</span>","End":"١٥","PageNumber":129,"JuzNumber":7,"ManzilNumber":2,"RukuNumber":103,"MaqraNumber":52,"HizbNumber":13,"HizbDecimal":0.75,"HasSajda":false},{"SurahNumber":6,"SurahIndex":"006","VerseNumber":16,"ShowSurahName":false,"ShowBismillah":false,"Text":"مَّن يُصۡرَفۡ عَنۡهُ يَوۡمَئِذٖ فَقَدۡ رَحِمَهُۥۚ وَذَٰلِكَ ٱلۡفَوۡزُ ٱلۡمُبِينُ","TajweedText":"مّ<tajweed class=idgham_ghunnah>َن ي</tajweed>ُصْرَفْ عَنْهُ يَوْمَئِ<tajweed class=ikhafa>ذٍ ف</tajweed>َقَ<tajweed class=qalaqah>دْ</tajweed> رَحِمَهُ<tajweed class=madda_normal>ۥ</tajweed>‌ۚ وَذ<tajweed class=madda_normal>َٲ</tajweed>لِكَ <tajweed class=ham_wasl>ٱ</tajweed>لْفَوْزُ <tajweed class=ham_wasl>ٱ</tajweed>لْمُب<tajweed class=madda_permissible>ِي</tajweed>نُ <span class=end>١٦</span>","End":"١٦","PageNumber":129,"JuzNumber":7,"ManzilNumber":2,"RukuNumber":103,"MaqraNumber":52,"HizbNumber":13,"HizbDecimal":0.75,"HasSajda":false},{"SurahNumber":6,"SurahIndex":"006","VerseNumber":17,"ShowSurahName":false,"ShowBismillah":false,"Text":"وَإِن يَمۡسَسۡكَ ٱللَّهُ بِضُرّٖ فَلَا كَاشِفَ لَهُۥٓ إِلَّا هُوَۖ وَإِن يَمۡسَسۡكَ بِخَيۡرٖ فَهُوَ عَلَىٰ كُلِّ شَيۡءٖ قَدِيرٞ","TajweedText":"وَإ<tajweed class=idgham_ghunnah>ِن ي</tajweed>َمْسَسْكَ <tajweed class=ham_wasl>ٱ</tajweed>للَّهُ بِضُ<tajweed class=ikhafa>رٍّ ف</tajweed>َلَا كَاشِفَ لَهُ<tajweed class=madda_obligatory>ۥٓ</tajweed> إِلَّا هُوَ‌ۖ وَإ<tajweed class=idgham_ghunnah>ِن ي</tajweed>َمْسَسْكَ بِخَيْ<tajweed class=ikhafa>رٍ ف</tajweed>َهُوَ عَلَىٰ كُلِّ ش<tajweed class=ikhafa>َىْءٍ ق</tajweed>َد<tajweed class=madda_permissible>ِي</tajweed>رٌ <span class=end>١٧</span>","End":"١٧","PageNumber":129,"JuzNumber":7,"ManzilNumber":2,"RukuNumber":103,"MaqraNumber":52,"HizbNumber":13,"HizbDecimal":0.75,"HasSajda":false},{"SurahNumber":6,"SurahIndex":"006","VerseNumber":18,"ShowSurahName":false,"ShowBismillah":false,"Text":"وَهُوَ ٱلۡقَاهِرُ فَوۡقَ عِبَادِهِۦۚ وَهُوَ ٱلۡحَكِيمُ ٱلۡخَبِيرُ","TajweedText":"وَهُوَ <tajweed class=ham_wasl>ٱ</tajweed>لْقَاهِرُ فَوْقَ عِبَادِه<tajweed class=madda_normal>ِۦ</tajweed>‌ۚ وَهُوَ <tajweed class=ham_wasl>ٱ</tajweed>لْحَكِيمُ <tajweed class=ham_wasl>ٱ</tajweed>لْخَب<tajweed class=madda_permissible>ِي</tajweed>رُ <span class=end>١٨</span>","End":"١٨","PageNumber":129,"JuzNumber":7,"ManzilNumber":2,"RukuNumber":103,"MaqraNumber":52,"HizbNumber":13,"HizbDecimal":0.75,"HasSajda":false},{"SurahNumber":6,"SurahIndex":"006","VerseNumber":19,"ShowSurahName":false,"ShowBismillah":false,"Text":"قُلۡ أَيُّ شَيۡءٍ أَكۡبَرُ شَهَٰدَةٗۖ قُلِ ٱللَّهُۖ شَهِيدُۢ بَيۡنِي وَبَيۡنَكُمۡۚ وَأُوحِيَ إِلَيَّ هَٰذَا ٱلۡقُرۡءَانُ لِأُنذِرَكُم بِهِۦ وَمَنۢ بَلَغَۚ أَئِنَّكُمۡ لَتَشۡهَدُونَ أَنَّ مَعَ ٱللَّهِ ءَالِهَةً أُخۡرَىٰۚ قُل لَّآ أَشۡهَدُۚ قُلۡ إِنَّمَا هُوَ إِلَٰهٞ وَٰحِدٞ وَإِنَّنِي بَرِيٓءٞ مِّمَّا تُشۡرِكُونَ","TajweedText":"قُلْ أَىُّ شَىْءٍ أَكْبَرُ شَهَ<tajweed class=madda_normal>ـٰ</tajweed>دَ<tajweed class=ikhafa>ةً‌ۖ ق</tajweed>ُلِ <tajweed class=ham_wasl>ٱ</tajweed>للَّهُ‌ۖ شَهِي<tajweed class=iqlab>دُۢ ب</tajweed>َيْنِى وَبَيْنَكُمْ‌ۚ وَأُوحِىَ إِلَىَّ هَ<tajweed class=madda_normal>ـٰ</tajweed>ذَا <tajweed class=ham_wasl>ٱ</tajweed>لْقُرْءَانُ لِأُ<tajweed class=ikhafa>نذ</tajweed>ِرَك<tajweed class=ikhafa_shafawi>ُم ب</tajweed>ِه<tajweed class=madda_normal>ِۦ</tajweed> وَم<tajweed class=iqlab>َنۢ ب</tajweed>َلَغَ‌ۚ أَئِ<tajweed class=ghunnah>نّ</tajweed>َكُمْ لَتَشْهَدُونَ أَ<tajweed class=ghunnah>نّ</tajweed>َ مَعَ <tajweed class=ham_wasl>ٱ</tajweed>للَّهِ ءَالِهَةً أُخْرَىٰ‌ۚ قُل لّ<tajweed class=madda_obligatory>َآ</tajweed> أَشْهَدُ‌ۚ قُلْ إِ<tajweed class=ghunnah>نّ</tajweed>َمَا هُوَ إِلَ<tajweed class=madda_normal>ـٰ</tajweed><tajweed class=idgham_ghunnah>هٌ و</tajweed><tajweed class=madda_normal>َٲ</tajweed>حِ<tajweed class=idgham_ghunnah>دٌ و</tajweed>َإِ<tajweed class=ghunnah>نّ</tajweed>َنِى بَر<tajweed class=madda_obligatory>ِى</tajweed>ٓ<tajweed class=idgham_ghunnah>ءٌ م</tajweed>ِّ<tajweed class=ghunnah>مّ</tajweed>َا تُشْرِك<tajweed class=madda_permissible>ُو</tajweed>نَ <span class=end>١٩</span>","End":"١٩","PageNumber":130,"JuzNumber":7,"ManzilNumber":2,"RukuNumber":103,"MaqraNumber":52,"HizbNumber":13,"HizbDecimal":0.75,"HasSajda":false},{"SurahNumber":6,"SurahIndex":"006","VerseNumber":20,"ShowSurahName":false,"ShowBismillah":false,"Text":"ٱلَّذِينَ ءَاتَيۡنَٰهُمُ ٱلۡكِتَٰبَ يَعۡرِفُونَهُۥ كَمَا يَعۡرِفُونَ أَبۡنَآءَهُمُۘ ٱلَّذِينَ خَسِرُوٓاْ أَنفُسَهُمۡ فَهُمۡ لَا يُؤۡمِنُونَ","TajweedText":"ٱلَّذِينَ ءَاتَيْنَ<tajweed class=madda_normal>ـٰ</tajweed>هُمُ <tajweed class=ham_wasl>ٱ</tajweed>لْكِتَ<tajweed class=madda_normal>ـٰ</tajweed>بَ يَعْرِفُونَهُ<tajweed class=madda_normal>ۥ</tajweed> كَمَا يَعْرِفُونَ أَ<tajweed class=qalaqah>بْ</tajweed>ن<tajweed class=madda_obligatory>َا</tajweed>ٓءَهُمُ‌ۘ <tajweed class=ham_wasl>ٱ</tajweed>لَّذِينَ خَسِر<tajweed class=madda_obligatory>ُوٓ</tajweed><tajweed class=slnt>اْ</tajweed> أَ<tajweed class=ikhafa>نف</tajweed>ُسَهُمْ فَهُمْ لَا يُؤْمِن<tajweed class=madda_permissible>ُو</tajweed>نَ <span class=end>٢٠</span>","End":"٢٠","PageNumber":130,"JuzNumber":7,"ManzilNumber":2,"RukuNumber":103,"MaqraNumber":52,"HizbNumber":13,"HizbDecimal":0.75,"HasSajda":false}]}