{"RukuNumber":142,"Verses":[{"SurahNumber":7,"SurahIndex":"007","VerseNumber":163,"ShowSurahName":false,"ShowBismillah":false,"Text":"وَسۡـَٔلۡهُمۡ عَنِ ٱلۡقَرۡيَةِ ٱلَّتِي كَانَتۡ حَاضِرَةَ ٱلۡبَحۡرِ إِذۡ يَعۡدُونَ فِي ٱلسَّبۡتِ إِذۡ تَأۡتِيهِمۡ حِيتَانُهُمۡ يَوۡمَ سَبۡتِهِمۡ شُرَّعٗا وَيَوۡمَ لَا يَسۡبِتُونَ لَا تَأۡتِيهِمۡۚ كَذَٰلِكَ نَبۡلُوهُم بِمَا كَانُواْ يَفۡسُقُونَ","TajweedText":"وَسْــَٔلْهُمْ عَنِ <tajweed class=ham_wasl>ٱ</tajweed>لْقَرْيَةِ <tajweed class=ham_wasl>ٱ</tajweed>لَّتِى كَانَتْ حَاضِرَةَ <tajweed class=ham_wasl>ٱ</tajweed>لْبَحْرِ إِذْ يَعْدُونَ فِى <tajweed class=ham_wasl>ٱ</tajweed><tajweed class=laam_shamsiyah>ل</tajweed>سَّ<tajweed class=qalaqah>بْ</tajweed>تِ إِذْ تَأْتِيهِمْ حِيتَانُهُمْ يَوْمَ سَ<tajweed class=qalaqah>بْ</tajweed>تِهِمْ شُرَّ<tajweed class=idgham_ghunnah>عًا و</tajweed>َيَوْمَ لَا يَسْبِتُونَ‌ۙ لَا تَأْتِيهِمْ‌ۚ كَذ<tajweed class=madda_normal>َٲ</tajweed>لِكَ نَ<tajweed class=qalaqah>بْ</tajweed>لُوه<tajweed class=ikhafa_shafawi>ُم ب</tajweed>ِمَا كَانُو<tajweed class=slnt>اْ</tajweed> يَفْسُق<tajweed class=madda_permissible>ُو</tajweed>نَ <span class=end>١٦٣</span>","End":"١٦٣","PageNumber":171,"JuzNumber":9,"ManzilNumber":2,"RukuNumber":142,"MaqraNumber":68,"HizbNumber":17,"HizbDecimal":0.75,"HasSajda":false},{"SurahNumber":7,"SurahIndex":"007","VerseNumber":164,"ShowSurahName":false,"ShowBismillah":false,"Text":"وَإِذۡ قَالَتۡ أُمَّةٞ مِّنۡهُمۡ لِمَ تَعِظُونَ قَوۡمًا ٱللَّهُ مُهۡلِكُهُمۡ أَوۡ مُعَذِّبُهُمۡ عَذَابٗا شَدِيدٗاۖ قَالُواْ مَعۡذِرَةً إِلَىٰ رَبِّكُمۡ وَلَعَلَّهُمۡ يَتَّقُونَ","TajweedText":"وَإِذْ قَالَتْ أُ<tajweed class=ghunnah>مّ</tajweed>َ<tajweed class=idgham_ghunnah>ةٌ م</tajweed>ِّنْهُمْ لِمَ تَعِظُونَ قَوْمًا‌ۙ <tajweed class=ham_wasl>ٱ</tajweed>للَّهُ مُهْلِكُهُمْ أَوْ مُعَذِّبُهُمْ عَذَا<tajweed class=ikhafa>بًا ش</tajweed>َدِي<tajweed class=ikhafa>دًا‌ۖ ق</tajweed>َالُو<tajweed class=slnt>اْ</tajweed> مَعْذِرَةً إِلَىٰ رَبِّكُمْ وَلَعَلَّهُمْ يَتَّق<tajweed class=madda_permissible>ُو</tajweed>نَ <span class=end>١٦٤</span>","End":"١٦٤","PageNumber":172,"JuzNumber":9,"ManzilNumber":2,"RukuNumber":142,"MaqraNumber":68,"HizbNumber":17,"HizbDecimal":0.75,"HasSajda":false},{"SurahNumber":7,"SurahIndex":"007","VerseNumber":165,"ShowSurahName":false,"ShowBismillah":false,"Text":"فَلَمَّا نَسُواْ مَا ذُكِّرُواْ بِهِۦٓ أَنجَيۡنَا ٱلَّذِينَ يَنۡهَوۡنَ عَنِ ٱلسُّوٓءِ وَأَخَذۡنَا ٱلَّذِينَ ظَلَمُواْ بِعَذَابِۭ بَـِٔيسِۭ بِمَا كَانُواْ يَفۡسُقُونَ","TajweedText":"فَلَ<tajweed class=ghunnah>مّ</tajweed>َا نَسُو<tajweed class=slnt>اْ</tajweed> مَا ذُكِّرُو<tajweed class=slnt>اْ</tajweed> بِه<tajweed class=madda_obligatory>ِۦٓ</tajweed> أَ<tajweed class=ikhafa>نج</tajweed>َيْنَا <tajweed class=ham_wasl>ٱ</tajweed>لَّذِينَ يَنْهَوْنَ عَنِ <tajweed class=ham_wasl>ٱ</tajweed><tajweed class=laam_shamsiyah>ل</tajweed>سّ<tajweed class=madda_obligatory>ُو</tajweed>ٓءِ وَأَخَذْنَا <tajweed class=ham_wasl>ٱ</tajweed>لَّذِينَ ظَلَمُو<tajweed class=slnt>اْ</tajweed> بِعَذَا<tajweed class=iqlab>بِۭ ب</tajweed>َــِٔي<tajweed class=iqlab>سِۭ ب</tajweed>ِمَا كَانُو<tajweed class=slnt>اْ</tajweed> يَفْسُق<tajweed class=madda_permissible>ُو</tajweed>نَ <span class=end>١٦٥</span>","End":"١٦٥","PageNumber":172,"JuzNumber":9,"ManzilNumber":2,"RukuNumber":142,"MaqraNumber":68,"HizbNumber":17,"HizbDecimal":0.75,"HasSajda":false},{"SurahNumber":7,"SurahIndex":"007","VerseNumber":166,"ShowSurahName":false,"ShowBismillah":false,"Text":"فَلَمَّا عَتَوۡاْ عَن مَّا نُهُواْ عَنۡهُ قُلۡنَا لَهُمۡ كُونُواْ قِرَدَةً خَٰسِـِٔينَ","TajweedText":"فَلَ<tajweed class=ghunnah>مّ</tajweed>َا عَتَوْ<tajweed class=slnt>اْ</tajweed> ع<tajweed class=idgham_ghunnah>َن م</tajweed>َّا نُهُو<tajweed class=slnt>اْ</tajweed> عَنْهُ قُلْنَا لَهُمْ كُونُو<tajweed class=slnt>اْ</tajweed> قِرَدَةً خَ<tajweed class=madda_normal>ـٰ</tajweed>سِــٔ<tajweed class=madda_permissible>ِي</tajweed>نَ <span class=end>١٦٦</span>","End":"١٦٦","PageNumber":172,"JuzNumber":9,"ManzilNumber":2,"RukuNumber":142,"MaqraNumber":68,"HizbNumber":17,"HizbDecimal":0.75,"HasSajda":false},{"SurahNumber":7,"SurahIndex":"007","VerseNumber":167,"ShowSurahName":false,"ShowBismillah":false,"Text":"وَإِذۡ تَأَذَّنَ رَبُّكَ لَيَبۡعَثَنَّ عَلَيۡهِمۡ إِلَىٰ يَوۡمِ ٱلۡقِيَٰمَةِ مَن يَسُومُهُمۡ سُوٓءَ ٱلۡعَذَابِۗ إِنَّ رَبَّكَ لَسَرِيعُ ٱلۡعِقَابِ وَإِنَّهُۥ لَغَفُورٞ رَّحِيمٞ","TajweedText":"وَإِذْ تَأَذَّنَ رَبُّكَ لَيَ<tajweed class=qalaqah>بْ</tajweed>عَثَ<tajweed class=ghunnah>نّ</tajweed>َ عَلَيْهِمْ إِلَىٰ يَوْمِ <tajweed class=ham_wasl>ٱ</tajweed>لْقِيَ<tajweed class=madda_normal>ـٰ</tajweed>مَةِ م<tajweed class=idgham_ghunnah>َن ي</tajweed>َسُومُهُمْ س<tajweed class=madda_obligatory>ُو</tajweed>ٓءَ <tajweed class=ham_wasl>ٱ</tajweed>لْعَذَابِ‌ۗ إِ<tajweed class=ghunnah>نّ</tajweed>َ رَبَّكَ لَسَرِيعُ <tajweed class=ham_wasl>ٱ</tajweed>لْعِقَابِ‌ۖ وَإِ<tajweed class=ghunnah>نّ</tajweed>َهُ<tajweed class=madda_normal>ۥ</tajweed> لَغَفُو<tajweed class=idgham_wo_ghunnah>رٌ ر</tajweed>َّح<tajweed class=madda_permissible>ِي</tajweed>مٌ <span class=end>١٦٧</span>","End":"١٦٧","PageNumber":172,"JuzNumber":9,"ManzilNumber":2,"RukuNumber":142,"MaqraNumber":68,"HizbNumber":17,"HizbDecimal":0.75,"HasSajda":false},{"SurahNumber":7,"SurahIndex":"007","VerseNumber":168,"ShowSurahName":false,"ShowBismillah":false,"Text":"وَقَطَّعۡنَٰهُمۡ فِي ٱلۡأَرۡضِ أُمَمٗاۖ مِّنۡهُمُ ٱلصَّـٰلِحُونَ وَمِنۡهُمۡ دُونَ ذَٰلِكَۖ وَبَلَوۡنَٰهُم بِٱلۡحَسَنَٰتِ وَٱلسَّيِّـَٔاتِ لَعَلَّهُمۡ يَرۡجِعُونَ","TajweedText":"وَقَطَّعْنَ<tajweed class=madda_normal>ـٰ</tajweed>هُمْ فِى <tajweed class=ham_wasl>ٱ</tajweed>لْأَرْضِ أُمَ<tajweed class=idgham_ghunnah>مًا‌ۖ م</tajweed>ِّنْهُمُ <tajweed class=ham_wasl>ٱ</tajweed><tajweed class=laam_shamsiyah>ل</tajweed>صَّ<tajweed class=madda_normal>ـٰ</tajweed>لِحُونَ وَمِنْهُمْ دُونَ ذ<tajweed class=madda_normal>َٲ</tajweed>لِكَ‌ۖ وَبَلَوْنَ<tajweed class=madda_normal>ـٰ</tajweed>ه<tajweed class=ikhafa_shafawi>ُم ب</tajweed>ِ<tajweed class=ham_wasl>ٱ</tajweed>لْحَسَنَ<tajweed class=madda_normal>ـٰ</tajweed>تِ وَ<tajweed class=ham_wasl>ٱ</tajweed><tajweed class=laam_shamsiyah>ل</tajweed>سَّيِّـَٔـاتِ لَعَلَّهُمْ يَرْجِع<tajweed class=madda_permissible>ُو</tajweed>نَ <span class=end>١٦٨</span>","End":"١٦٨","PageNumber":172,"JuzNumber":9,"ManzilNumber":2,"RukuNumber":142,"MaqraNumber":68,"HizbNumber":17,"HizbDecimal":0.75,"HasSajda":false},{"SurahNumber":7,"SurahIndex":"007","VerseNumber":169,"ShowSurahName":false,"ShowBismillah":false,"Text":"فَخَلَفَ مِنۢ بَعۡدِهِمۡ خَلۡفٞ وَرِثُواْ ٱلۡكِتَٰبَ يَأۡخُذُونَ عَرَضَ هَٰذَا ٱلۡأَدۡنَىٰ وَيَقُولُونَ سَيُغۡفَرُ لَنَا وَإِن يَأۡتِهِمۡ عَرَضٞ مِّثۡلُهُۥ يَأۡخُذُوهُۚ أَلَمۡ يُؤۡخَذۡ عَلَيۡهِم مِّيثَٰقُ ٱلۡكِتَٰبِ أَن لَّا يَقُولُواْ عَلَى ٱللَّهِ إِلَّا ٱلۡحَقَّ وَدَرَسُواْ مَا فِيهِۗ وَٱلدَّارُ ٱلۡأٓخِرَةُ خَيۡرٞ لِّلَّذِينَ يَتَّقُونَۚ أَفَلَا تَعۡقِلُونَ","TajweedText":"فَخَلَفَ م<tajweed class=iqlab>ِنۢ ب</tajweed>َعْدِهِمْ خَلْ<tajweed class=idgham_ghunnah>فٌ و</tajweed>َرِثُو<tajweed class=slnt>اْ</tajweed> <tajweed class=ham_wasl>ٱ</tajweed>لْكِتَ<tajweed class=madda_normal>ـٰ</tajweed>بَ يَأْخُذُونَ عَرَضَ هَ<tajweed class=madda_normal>ـٰ</tajweed>ذَا <tajweed class=ham_wasl>ٱ</tajweed>لْأَ<tajweed class=qalaqah>دْ</tajweed>نَىٰ وَيَقُولُونَ سَيُغْفَرُ لَنَا وَإ<tajweed class=idgham_ghunnah>ِن ي</tajweed>َأْتِهِمْ عَرَ<tajweed class=idgham_ghunnah>ضٌ م</tajweed>ِّثْلُهُ<tajweed class=madda_normal>ۥ</tajweed> يَأْخُذُوهُ‌ۚ أَلَمْ يُؤْخَذْ عَلَيْه<tajweed class=idgham_shafawi>ِم م</tajweed>ِّيثَ<tajweed class=madda_normal>ـٰ</tajweed>قُ <tajweed class=ham_wasl>ٱ</tajweed>لْكِتَ<tajweed class=madda_normal>ـٰ</tajweed>بِ أ<tajweed class=idgham_wo_ghunnah>َن ل</tajweed>َّا يَقُولُو<tajweed class=slnt>اْ</tajweed> عَلَى <tajweed class=ham_wasl>ٱ</tajweed>للَّهِ إِلَّا <tajweed class=ham_wasl>ٱ</tajweed>لْحَقَّ وَدَرَسُو<tajweed class=slnt>اْ</tajweed> مَا فِيهِ‌ۗ وَ<tajweed class=ham_wasl>ٱ</tajweed><tajweed class=laam_shamsiyah>ل</tajweed>دَّارُ <tajweed class=ham_wasl>ٱ</tajweed>لْأَخِرَةُ خَيْ<tajweed class=idgham_wo_ghunnah>رٌ ل</tajweed>ِّلَّذِينَ يَتَّقُونَ‌ۗ أَفَلَا تَعْقِل<tajweed class=madda_permissible>ُو</tajweed>نَ <span class=end>١٦٩</span>","End":"١٦٩","PageNumber":172,"JuzNumber":9,"ManzilNumber":2,"RukuNumber":142,"MaqraNumber":68,"HizbNumber":17,"HizbDecimal":0.75,"HasSajda":false},{"SurahNumber":7,"SurahIndex":"007","VerseNumber":170,"ShowSurahName":false,"ShowBismillah":false,"Text":"وَٱلَّذِينَ يُمَسِّكُونَ بِٱلۡكِتَٰبِ وَأَقَامُواْ ٱلصَّلَوٰةَ إِنَّا لَا نُضِيعُ أَجۡرَ ٱلۡمُصۡلِحِينَ","TajweedText":"وَ<tajweed class=ham_wasl>ٱ</tajweed>لَّذِينَ يُمَسِّكُونَ بِ<tajweed class=ham_wasl>ٱ</tajweed>لْكِتَ<tajweed class=madda_normal>ـٰ</tajweed>بِ وَأَقَامُو<tajweed class=slnt>اْ</tajweed> <tajweed class=ham_wasl>ٱ</tajweed><tajweed class=laam_shamsiyah>ل</tajweed>صَّلَ<tajweed class=slnt>و</tajweed><tajweed class=madda_normal>ٲ</tajweed>ةَ إِ<tajweed class=ghunnah>نّ</tajweed>َا لَا نُضِيعُ أَ<tajweed class=qalaqah>جْ</tajweed>رَ <tajweed class=ham_wasl>ٱ</tajweed>لْمُصْلِح<tajweed class=madda_permissible>ِي</tajweed>نَ <span class=end>١٧٠</span>","End":"١٧٠","PageNumber":172,"JuzNumber":9,"ManzilNumber":2,"RukuNumber":142,"MaqraNumber":68,"HizbNumber":17,"HizbDecimal":0.75,"HasSajda":false},{"SurahNumber":7,"SurahIndex":"007","VerseNumber":171,"ShowSurahName":false,"ShowBismillah":false,"Text":"۞وَإِذۡ نَتَقۡنَا ٱلۡجَبَلَ فَوۡقَهُمۡ كَأَنَّهُۥ ظُلَّةٞ وَظَنُّوٓاْ أَنَّهُۥ وَاقِعُۢ بِهِمۡ خُذُواْ مَآ ءَاتَيۡنَٰكُم بِقُوَّةٖ وَٱذۡكُرُواْ مَا فِيهِ لَعَلَّكُمۡ تَتَّقُونَ","TajweedText":"۞ وَإِذْ نَتَ<tajweed class=qalaqah>قْ</tajweed>نَا <tajweed class=ham_wasl>ٱ</tajweed>لْجَبَلَ فَوْقَهُمْ كَأَ<tajweed class=ghunnah>نّ</tajweed>َهُ<tajweed class=madda_normal>ۥ</tajweed> ظُلَّ<tajweed class=idgham_ghunnah>ةٌ و</tajweed>َظَ<tajweed class=ghunnah>نّ</tajweed><tajweed class=madda_obligatory>ُوٓ</tajweed><tajweed class=slnt>اْ</tajweed> أَ<tajweed class=ghunnah>نّ</tajweed>َهُ<tajweed class=madda_normal>ۥ</tajweed> وَاقِ<tajweed class=iqlab>عُۢ ب</tajweed>ِهِمْ خُذُو<tajweed class=slnt>اْ</tajweed> م<tajweed class=madda_obligatory>َآ</tajweed> ءَاتَيْنَ<tajweed class=madda_normal>ـٰ</tajweed>ك<tajweed class=ikhafa_shafawi>ُم ب</tajweed>ِقُوَّ<tajweed class=idgham_ghunnah>ةٍ و</tajweed>َ<tajweed class=ham_wasl>ٱ</tajweed>ذْكُرُو<tajweed class=slnt>اْ</tajweed> مَا فِيهِ لَعَلَّكُمْ تَتَّق<tajweed class=madda_permissible>ُو</tajweed>نَ <span class=end>١٧١</span>","End":"١٧١","PageNumber":173,"JuzNumber":9,"ManzilNumber":2,"RukuNumber":142,"MaqraNumber":69,"HizbNumber":18,"HizbDecimal":0.0,"HasSajda":false}]}