{"RukuNumber":172,"Verses":[{"SurahNumber":10,"SurahIndex":"010","VerseNumber":1,"ShowSurahName":true,"ShowBismillah":true,"Text":"الٓرۚ تِلۡكَ ءَايَٰتُ ٱلۡكِتَٰبِ ٱلۡحَكِيمِ","TajweedText":"ا<tajweed class=madda_necessary>لٓ</tajweed>ر‌ۚ تِلْكَ ءَايَ<tajweed class=madda_normal>ـٰ</tajweed>تُ <tajweed class=ham_wasl>ٱ</tajweed>لْكِتَ<tajweed class=madda_normal>ـٰ</tajweed>بِ <tajweed class=ham_wasl>ٱ</tajweed>لْحَك<tajweed class=madda_permissible>ِي</tajweed>مِ <span class=end>١</span>","End":"١","PageNumber":208,"JuzNumber":11,"ManzilNumber":3,"RukuNumber":172,"MaqraNumber":83,"HizbNumber":21,"HizbDecimal":0.5,"HasSajda":false},{"SurahNumber":10,"SurahIndex":"010","VerseNumber":2,"ShowSurahName":false,"ShowBismillah":false,"Text":"أَكَانَ لِلنَّاسِ عَجَبًا أَنۡ أَوۡحَيۡنَآ إِلَىٰ رَجُلٖ مِّنۡهُمۡ أَنۡ أَنذِرِ ٱلنَّاسَ وَبَشِّرِ ٱلَّذِينَ ءَامَنُوٓاْ أَنَّ لَهُمۡ قَدَمَ صِدۡقٍ عِندَ رَبِّهِمۡۗ قَالَ ٱلۡكَٰفِرُونَ إِنَّ هَٰذَا لَسَٰحِرٞ مُّبِينٌ","TajweedText":"أَكَانَ لِل<tajweed class=ghunnah>نّ</tajweed>َاسِ عَجَبًا أَنْ أَوْحَيْن<tajweed class=madda_obligatory>َآ</tajweed> إِلَىٰ رَجُ<tajweed class=idgham_ghunnah>لٍ م</tajweed>ِّنْهُمْ أَنْ أَ<tajweed class=ikhafa>نذ</tajweed>ِرِ <tajweed class=ham_wasl>ٱ</tajweed><tajweed class=laam_shamsiyah>ل</tajweed><tajweed class=ghunnah>نّ</tajweed>َاسَ وَبَشِّرِ <tajweed class=ham_wasl>ٱ</tajweed>لَّذِينَ ءَامَن<tajweed class=madda_obligatory>ُوٓ</tajweed><tajweed class=slnt>اْ</tajweed> أَ<tajweed class=ghunnah>نّ</tajweed>َ لَهُمْ قَدَمَ صِ<tajweed class=qalaqah>دْ</tajweed>قٍ عِ<tajweed class=ikhafa>ند</tajweed>َ رَبِّهِمْ‌ۗ قَالَ <tajweed class=ham_wasl>ٱ</tajweed>لْكَ<tajweed class=madda_normal>ـٰ</tajweed>فِرُونَ إِ<tajweed class=ghunnah>نّ</tajweed>َ هَ<tajweed class=madda_normal>ـٰ</tajweed>ذَا لَسَ<tajweed class=madda_normal>ـٰ</tajweed>حِ<tajweed class=idgham_ghunnah>رٌ م</tajweed>ُّب<tajweed class=madda_permissible>ِي</tajweed>نٌ <span class=end>٢</span>","End":"٢","PageNumber":208,"JuzNumber":11,"ManzilNumber":3,"RukuNumber":172,"MaqraNumber":83,"HizbNumber":21,"HizbDecimal":0.5,"HasSajda":false},{"SurahNumber":10,"SurahIndex":"010","VerseNumber":3,"ShowSurahName":false,"ShowBismillah":false,"Text":"إِنَّ رَبَّكُمُ ٱللَّهُ ٱلَّذِي خَلَقَ ٱلسَّمَٰوَٰتِ وَٱلۡأَرۡضَ فِي سِتَّةِ أَيَّامٖ ثُمَّ ٱسۡتَوَىٰ عَلَى ٱلۡعَرۡشِۖ يُدَبِّرُ ٱلۡأَمۡرَۖ مَا مِن شَفِيعٍ إِلَّا مِنۢ بَعۡدِ إِذۡنِهِۦۚ ذَٰلِكُمُ ٱللَّهُ رَبُّكُمۡ فَٱعۡبُدُوهُۚ أَفَلَا تَذَكَّرُونَ","TajweedText":"إِ<tajweed class=ghunnah>نّ</tajweed>َ رَبَّكُمُ <tajweed class=ham_wasl>ٱ</tajweed>للَّهُ <tajweed class=ham_wasl>ٱ</tajweed>لَّذِى خَلَقَ <tajweed class=ham_wasl>ٱ</tajweed><tajweed class=laam_shamsiyah>ل</tajweed>سَّمَ<tajweed class=madda_normal>ـٰ</tajweed>و<tajweed class=madda_normal>َٲ</tajweed>تِ وَ<tajweed class=ham_wasl>ٱ</tajweed>لْأَرْضَ فِى سِتَّةِ أَيَّا<tajweed class=ikhafa>مٍ ث</tajweed>ُ<tajweed class=ghunnah>مّ</tajweed>َ <tajweed class=ham_wasl>ٱ</tajweed>سْتَوَىٰ عَلَى <tajweed class=ham_wasl>ٱ</tajweed>لْعَرْشِ‌ۖ يُدَبِّرُ <tajweed class=ham_wasl>ٱ</tajweed>لْأَمْرَ‌ۖ مَا مِ<tajweed class=ikhafa>ن ش</tajweed>َفِيعٍ إِلَّا م<tajweed class=iqlab>ِنۢ ب</tajweed>َعْدِ إِذْنِه<tajweed class=madda_normal>ِۦ</tajweed>‌ۚ ذ<tajweed class=madda_normal>َٲ</tajweed>لِكُمُ <tajweed class=ham_wasl>ٱ</tajweed>للَّهُ رَبُّكُمْ فَ<tajweed class=ham_wasl>ٱ</tajweed>عْبُدُوهُ‌ۚ أَفَلَا تَذَكَّر<tajweed class=madda_permissible>ُو</tajweed>نَ <span class=end>٣</span>","End":"٣","PageNumber":208,"JuzNumber":11,"ManzilNumber":3,"RukuNumber":172,"MaqraNumber":83,"HizbNumber":21,"HizbDecimal":0.5,"HasSajda":false},{"SurahNumber":10,"SurahIndex":"010","VerseNumber":4,"ShowSurahName":false,"ShowBismillah":false,"Text":"إِلَيۡهِ مَرۡجِعُكُمۡ جَمِيعٗاۖ وَعۡدَ ٱللَّهِ حَقًّاۚ إِنَّهُۥ يَبۡدَؤُاْ ٱلۡخَلۡقَ ثُمَّ يُعِيدُهُۥ لِيَجۡزِيَ ٱلَّذِينَ ءَامَنُواْ وَعَمِلُواْ ٱلصَّـٰلِحَٰتِ بِٱلۡقِسۡطِۚ وَٱلَّذِينَ كَفَرُواْ لَهُمۡ شَرَابٞ مِّنۡ حَمِيمٖ وَعَذَابٌ أَلِيمُۢ بِمَا كَانُواْ يَكۡفُرُونَ","TajweedText":"إِلَيْهِ مَرْجِعُكُمْ جَمِي<tajweed class=idgham_ghunnah>عًا‌ۖ و</tajweed>َعْدَ <tajweed class=ham_wasl>ٱ</tajweed>للَّهِ حَقًّا‌ۚ إِ<tajweed class=ghunnah>نّ</tajweed>َهُ<tajweed class=madda_normal>ۥ</tajweed> يَ<tajweed class=qalaqah>بْ</tajweed>دَؤُ<tajweed class=slnt>اْ</tajweed> <tajweed class=ham_wasl>ٱ</tajweed>لْخَلْقَ ثُ<tajweed class=ghunnah>مّ</tajweed>َ يُعِيدُهُ<tajweed class=madda_normal>ۥ</tajweed> لِيَ<tajweed class=qalaqah>جْ</tajweed>زِىَ <tajweed class=ham_wasl>ٱ</tajweed>لَّذِينَ ءَامَنُو<tajweed class=slnt>اْ</tajweed> وَعَمِلُو<tajweed class=slnt>اْ</tajweed> <tajweed class=ham_wasl>ٱ</tajweed><tajweed class=laam_shamsiyah>ل</tajweed>صَّ<tajweed class=madda_normal>ـٰ</tajweed>لِحَ<tajweed class=madda_normal>ـٰ</tajweed>تِ بِ<tajweed class=ham_wasl>ٱ</tajweed>لْقِسْطِ‌ۚ وَ<tajweed class=ham_wasl>ٱ</tajweed>لَّذِينَ كَفَرُو<tajweed class=slnt>اْ</tajweed> لَهُمْ شَرَا<tajweed class=idgham_ghunnah>بٌ م</tajweed>ِّنْ حَمِي<tajweed class=idgham_ghunnah>مٍ و</tajweed>َعَذَابٌ أَلِي<tajweed class=iqlab>مُۢ ب</tajweed>ِمَا كَانُو<tajweed class=slnt>اْ</tajweed> يَكْفُر<tajweed class=madda_permissible>ُو</tajweed>نَ <span class=end>٤</span>","End":"٤","PageNumber":208,"JuzNumber":11,"ManzilNumber":3,"RukuNumber":172,"MaqraNumber":83,"HizbNumber":21,"HizbDecimal":0.5,"HasSajda":false},{"SurahNumber":10,"SurahIndex":"010","VerseNumber":5,"ShowSurahName":false,"ShowBismillah":false,"Text":"هُوَ ٱلَّذِي جَعَلَ ٱلشَّمۡسَ ضِيَآءٗ وَٱلۡقَمَرَ نُورٗا وَقَدَّرَهُۥ مَنَازِلَ لِتَعۡلَمُواْ عَدَدَ ٱلسِّنِينَ وَٱلۡحِسَابَۚ مَا خَلَقَ ٱللَّهُ ذَٰلِكَ إِلَّا بِٱلۡحَقِّۚ يُفَصِّلُ ٱلۡأٓيَٰتِ لِقَوۡمٖ يَعۡلَمُونَ","TajweedText":"هُوَ <tajweed class=ham_wasl>ٱ</tajweed>لَّذِى جَعَلَ <tajweed class=ham_wasl>ٱ</tajweed><tajweed class=laam_shamsiyah>ل</tajweed>شَّمْسَ ضِي<tajweed class=madda_obligatory>َا</tajweed>ٓ<tajweed class=idgham_ghunnah>ءً و</tajweed>َ<tajweed class=ham_wasl>ٱ</tajweed>لْقَمَرَ نُو<tajweed class=idgham_ghunnah>رًا و</tajweed>َقَدَّرَهُ<tajweed class=madda_normal>ۥ</tajweed> مَنَازِلَ لِتَعْلَمُو<tajweed class=slnt>اْ</tajweed> عَدَدَ <tajweed class=ham_wasl>ٱ</tajweed><tajweed class=laam_shamsiyah>ل</tajweed>سِّنِينَ وَ<tajweed class=ham_wasl>ٱ</tajweed>لْحِسَابَ‌ۚ مَا خَلَقَ <tajweed class=ham_wasl>ٱ</tajweed>للَّهُ ذ<tajweed class=madda_normal>َٲ</tajweed>لِكَ إِلَّا بِ<tajweed class=ham_wasl>ٱ</tajweed>لْحَقِّ‌ۚ يُفَصِّلُ <tajweed class=ham_wasl>ٱ</tajweed>لْأَيَ<tajweed class=madda_normal>ـٰ</tajweed>تِ لِقَوْ<tajweed class=idgham_ghunnah>مٍ ي</tajweed>َعْلَم<tajweed class=madda_permissible>ُو</tajweed>نَ <span class=end>٥</span>","End":"٥","PageNumber":208,"JuzNumber":11,"ManzilNumber":3,"RukuNumber":172,"MaqraNumber":83,"HizbNumber":21,"HizbDecimal":0.5,"HasSajda":false},{"SurahNumber":10,"SurahIndex":"010","VerseNumber":6,"ShowSurahName":false,"ShowBismillah":false,"Text":"إِنَّ فِي ٱخۡتِلَٰفِ ٱلَّيۡلِ وَٱلنَّهَارِ وَمَا خَلَقَ ٱللَّهُ فِي ٱلسَّمَٰوَٰتِ وَٱلۡأَرۡضِ لَأٓيَٰتٖ لِّقَوۡمٖ يَتَّقُونَ","TajweedText":"إِ<tajweed class=ghunnah>نّ</tajweed>َ فِى <tajweed class=ham_wasl>ٱ</tajweed>خْتِلَ<tajweed class=madda_normal>ـٰ</tajweed>فِ <tajweed class=ham_wasl>ٱ</tajweed>لَّيْلِ وَ<tajweed class=ham_wasl>ٱ</tajweed><tajweed class=laam_shamsiyah>ل</tajweed><tajweed class=ghunnah>نّ</tajweed>َهَارِ وَمَا خَلَقَ <tajweed class=ham_wasl>ٱ</tajweed>للَّهُ فِى <tajweed class=ham_wasl>ٱ</tajweed><tajweed class=laam_shamsiyah>ل</tajweed>سَّمَ<tajweed class=madda_normal>ـٰ</tajweed>و<tajweed class=madda_normal>َٲ</tajweed>تِ وَ<tajweed class=ham_wasl>ٱ</tajweed>لْأَرْضِ لَأَيَ<tajweed class=madda_normal>ـٰ</tajweed><tajweed class=idgham_wo_ghunnah>تٍ ل</tajweed>ِّقَوْ<tajweed class=idgham_ghunnah>مٍ ي</tajweed>َتَّق<tajweed class=madda_permissible>ُو</tajweed>نَ <span class=end>٦</span>","End":"٦","PageNumber":208,"JuzNumber":11,"ManzilNumber":3,"RukuNumber":172,"MaqraNumber":83,"HizbNumber":21,"HizbDecimal":0.5,"HasSajda":false},{"SurahNumber":10,"SurahIndex":"010","VerseNumber":7,"ShowSurahName":false,"ShowBismillah":false,"Text":"إِنَّ ٱلَّذِينَ لَا يَرۡجُونَ لِقَآءَنَا وَرَضُواْ بِٱلۡحَيَوٰةِ ٱلدُّنۡيَا وَٱطۡمَأَنُّواْ بِهَا وَٱلَّذِينَ هُمۡ عَنۡ ءَايَٰتِنَا غَٰفِلُونَ","TajweedText":"إِ<tajweed class=ghunnah>نّ</tajweed>َ <tajweed class=ham_wasl>ٱ</tajweed>لَّذِينَ لَا يَرْجُونَ لِق<tajweed class=madda_obligatory>َا</tajweed>ٓءَنَا وَرَضُو<tajweed class=slnt>اْ</tajweed> بِ<tajweed class=ham_wasl>ٱ</tajweed>لْحَيَ<tajweed class=slnt>و</tajweed><tajweed class=madda_normal>ٲ</tajweed>ةِ <tajweed class=ham_wasl>ٱ</tajweed><tajweed class=laam_shamsiyah>ل</tajweed>دُّنْيَا وَ<tajweed class=ham_wasl>ٱ</tajweed><tajweed class=qalaqah>طْ</tajweed>مَأَ<tajweed class=ghunnah>نّ</tajweed>ُو<tajweed class=slnt>اْ</tajweed> بِهَا وَ<tajweed class=ham_wasl>ٱ</tajweed>لَّذِينَ هُمْ عَنْ ءَايَ<tajweed class=madda_normal>ـٰ</tajweed>تِنَا غَ<tajweed class=madda_normal>ـٰ</tajweed>فِل<tajweed class=madda_permissible>ُو</tajweed>نَ <span class=end>٧</span>","End":"٧","PageNumber":209,"JuzNumber":11,"ManzilNumber":3,"RukuNumber":172,"MaqraNumber":83,"HizbNumber":21,"HizbDecimal":0.5,"HasSajda":false},{"SurahNumber":10,"SurahIndex":"010","VerseNumber":8,"ShowSurahName":false,"ShowBismillah":false,"Text":"أُوْلَـٰٓئِكَ مَأۡوَىٰهُمُ ٱلنَّارُ بِمَا كَانُواْ يَكۡسِبُونَ","TajweedText":"أُ<tajweed class=slnt>وْ</tajweed>لَ<tajweed class=madda_obligatory>ـٰٓ</tajweed>ئِكَ مَأْوَ<tajweed class=madda_normal>ٮٰ</tajweed>هُمُ <tajweed class=ham_wasl>ٱ</tajweed><tajweed class=laam_shamsiyah>ل</tajweed><tajweed class=ghunnah>نّ</tajweed>َارُ بِمَا كَانُو<tajweed class=slnt>اْ</tajweed> يَكْسِب<tajweed class=madda_permissible>ُو</tajweed>نَ <span class=end>٨</span>","End":"٨","PageNumber":209,"JuzNumber":11,"ManzilNumber":3,"RukuNumber":172,"MaqraNumber":83,"HizbNumber":21,"HizbDecimal":0.5,"HasSajda":false},{"SurahNumber":10,"SurahIndex":"010","VerseNumber":9,"ShowSurahName":false,"ShowBismillah":false,"Text":"إِنَّ ٱلَّذِينَ ءَامَنُواْ وَعَمِلُواْ ٱلصَّـٰلِحَٰتِ يَهۡدِيهِمۡ رَبُّهُم بِإِيمَٰنِهِمۡۖ تَجۡرِي مِن تَحۡتِهِمُ ٱلۡأَنۡهَٰرُ فِي جَنَّـٰتِ ٱلنَّعِيمِ","TajweedText":"إِ<tajweed class=ghunnah>نّ</tajweed>َ <tajweed class=ham_wasl>ٱ</tajweed>لَّذِينَ ءَامَنُو<tajweed class=slnt>اْ</tajweed> وَعَمِلُو<tajweed class=slnt>اْ</tajweed> <tajweed class=ham_wasl>ٱ</tajweed><tajweed class=laam_shamsiyah>ل</tajweed>صَّ<tajweed class=madda_normal>ـٰ</tajweed>لِحَ<tajweed class=madda_normal>ـٰ</tajweed>تِ يَهْدِيهِمْ رَبُّه<tajweed class=ikhafa_shafawi>ُم ب</tajweed>ِإِيمَ<tajweed class=madda_normal>ـٰ</tajweed>نِهِمْ‌ۖ تَ<tajweed class=qalaqah>جْ</tajweed>رِى مِ<tajweed class=ikhafa>ن ت</tajweed>َحْتِهِمُ <tajweed class=ham_wasl>ٱ</tajweed>لْأَنْهَ<tajweed class=madda_normal>ـٰ</tajweed>رُ فِى جَ<tajweed class=ghunnah>نّ</tajweed>َ<tajweed class=madda_normal>ـٰ</tajweed>تِ <tajweed class=ham_wasl>ٱ</tajweed><tajweed class=laam_shamsiyah>ل</tajweed><tajweed class=ghunnah>نّ</tajweed>َع<tajweed class=madda_permissible>ِي</tajweed>مِ <span class=end>٩</span>","End":"٩","PageNumber":209,"JuzNumber":11,"ManzilNumber":3,"RukuNumber":172,"MaqraNumber":83,"HizbNumber":21,"HizbDecimal":0.5,"HasSajda":false},{"SurahNumber":10,"SurahIndex":"010","VerseNumber":10,"ShowSurahName":false,"ShowBismillah":false,"Text":"دَعۡوَىٰهُمۡ فِيهَا سُبۡحَٰنَكَ ٱللَّهُمَّ وَتَحِيَّتُهُمۡ فِيهَا سَلَٰمٞۚ وَءَاخِرُ دَعۡوَىٰهُمۡ أَنِ ٱلۡحَمۡدُ لِلَّهِ رَبِّ ٱلۡعَٰلَمِينَ","TajweedText":"دَعْوَ<tajweed class=madda_normal>ٮٰ</tajweed>هُمْ فِيهَا سُ<tajweed class=qalaqah>بْ</tajweed>حَ<tajweed class=madda_normal>ـٰ</tajweed>نَكَ <tajweed class=ham_wasl>ٱ</tajweed><tajweed class=laam_shamsiyah>ل</tajweed>لَّهُ<tajweed class=ghunnah>مّ</tajweed>َ وَتَحِيَّتُهُمْ فِيهَا سَلَ<tajweed class=madda_normal>ـٰ</tajweed><tajweed class=idgham_ghunnah>مٌ‌ۚ و</tajweed>َءَاخِرُ دَعْوَ<tajweed class=madda_normal>ٮٰ</tajweed>هُمْ أَنِ <tajweed class=ham_wasl>ٱ</tajweed>لْحَمْدُ لِلَّهِ رَبِّ <tajweed class=ham_wasl>ٱ</tajweed>لْعَ<tajweed class=madda_normal>ـٰ</tajweed>لَم<tajweed class=madda_permissible>ِي</tajweed>نَ <span class=end>١٠</span>","End":"١٠","PageNumber":209,"JuzNumber":11,"ManzilNumber":3,"RukuNumber":172,"MaqraNumber":83,"HizbNumber":21,"HizbDecimal":0.5,"HasSajda":false}]}