{"RukuNumber":335,"Verses":[{"SurahNumber":28,"SurahIndex":"028","VerseNumber":14,"ShowSurahName":false,"ShowBismillah":false,"Text":"وَلَمَّا بَلَغَ أَشُدَّهُۥ وَٱسۡتَوَىٰٓ ءَاتَيۡنَٰهُ حُكۡمٗا وَعِلۡمٗاۚ وَكَذَٰلِكَ نَجۡزِي ٱلۡمُحۡسِنِينَ","TajweedText":"وَلَ<tajweed class=ghunnah>مّ</tajweed>َا بَلَغَ أَشُدَّهُ<tajweed class=madda_normal>ۥ</tajweed> وَ<tajweed class=ham_wasl>ٱ</tajweed>سْتَوَ<tajweed class=madda_obligatory>ىٰٓ</tajweed> ءَاتَيْنَ<tajweed class=madda_normal>ـٰ</tajweed>هُ حُكْ<tajweed class=idgham_ghunnah>مًا و</tajweed>َعِلْ<tajweed class=idgham_ghunnah>مًا‌ۚ و</tajweed>َكَذ<tajweed class=madda_normal>َٲ</tajweed>لِكَ نَ<tajweed class=qalaqah>جْ</tajweed>زِى <tajweed class=ham_wasl>ٱ</tajweed>لْمُحْسِن<tajweed class=madda_permissible>ِي</tajweed>نَ <span class=end>١٤</span>","End":"١٤","PageNumber":387,"JuzNumber":20,"ManzilNumber":5,"RukuNumber":335,"MaqraNumber":155,"HizbNumber":39,"HizbDecimal":0.5,"HasSajda":false},{"SurahNumber":28,"SurahIndex":"028","VerseNumber":15,"ShowSurahName":false,"ShowBismillah":false,"Text":"وَدَخَلَ ٱلۡمَدِينَةَ عَلَىٰ حِينِ غَفۡلَةٖ مِّنۡ أَهۡلِهَا فَوَجَدَ فِيهَا رَجُلَيۡنِ يَقۡتَتِلَانِ هَٰذَا مِن شِيعَتِهِۦ وَهَٰذَا مِنۡ عَدُوِّهِۦۖ فَٱسۡتَغَٰثَهُ ٱلَّذِي مِن شِيعَتِهِۦ عَلَى ٱلَّذِي مِنۡ عَدُوِّهِۦ فَوَكَزَهُۥ مُوسَىٰ فَقَضَىٰ عَلَيۡهِۖ قَالَ هَٰذَا مِنۡ عَمَلِ ٱلشَّيۡطَٰنِۖ إِنَّهُۥ عَدُوّٞ مُّضِلّٞ مُّبِينٞ","TajweedText":"وَدَخَلَ <tajweed class=ham_wasl>ٱ</tajweed>لْمَدِينَةَ عَلَىٰ حِينِ غَفْلَ<tajweed class=idgham_ghunnah>ةٍ م</tajweed>ِّنْ أَهْلِهَا فَوَجَدَ فِيهَا رَجُلَيْنِ يَ<tajweed class=qalaqah>قْ</tajweed>تَتِلَانِ هَ<tajweed class=madda_normal>ـٰ</tajweed>ذَا مِ<tajweed class=ikhafa>ن ش</tajweed>ِيعَتِه<tajweed class=madda_normal>ِۦ</tajweed> وَهَ<tajweed class=madda_normal>ـٰ</tajweed>ذَا مِنْ عَدُوِّه<tajweed class=madda_normal>ِۦ</tajweed>‌ۖ فَ<tajweed class=ham_wasl>ٱ</tajweed>سْتَغَ<tajweed class=madda_normal>ـٰ</tajweed>ثَهُ <tajweed class=ham_wasl>ٱ</tajweed>لَّذِى مِ<tajweed class=ikhafa>ن ش</tajweed>ِيعَتِه<tajweed class=madda_normal>ِۦ</tajweed> عَلَى <tajweed class=ham_wasl>ٱ</tajweed>لَّذِى مِنْ عَدُوِّه<tajweed class=madda_normal>ِۦ</tajweed> فَوَكَزَهُ<tajweed class=madda_normal>ۥ</tajweed> مُوسَىٰ فَقَضَىٰ عَلَيْهِ‌ۖ قَالَ هَ<tajweed class=madda_normal>ـٰ</tajweed>ذَا مِنْ عَمَلِ <tajweed class=ham_wasl>ٱ</tajweed><tajweed class=laam_shamsiyah>ل</tajweed>شَّيْطَ<tajweed class=madda_normal>ـٰ</tajweed>نِ‌ۖ إِ<tajweed class=ghunnah>نّ</tajweed>َهُ<tajweed class=madda_normal>ۥ</tajweed> عَدُ<tajweed class=idgham_ghunnah>وٌّ م</tajweed>ُّضِ<tajweed class=idgham_ghunnah>لٌّ م</tajweed>ُّب<tajweed class=madda_permissible>ِي</tajweed>نٌ <span class=end>١٥</span>","End":"١٥","PageNumber":387,"JuzNumber":20,"ManzilNumber":5,"RukuNumber":335,"MaqraNumber":155,"HizbNumber":39,"HizbDecimal":0.5,"HasSajda":false},{"SurahNumber":28,"SurahIndex":"028","VerseNumber":16,"ShowSurahName":false,"ShowBismillah":false,"Text":"قَالَ رَبِّ إِنِّي ظَلَمۡتُ نَفۡسِي فَٱغۡفِرۡ لِي فَغَفَرَ لَهُۥٓۚ إِنَّهُۥ هُوَ ٱلۡغَفُورُ ٱلرَّحِيمُ","TajweedText":"قَالَ رَبِّ إِ<tajweed class=ghunnah>نّ</tajweed>ِى ظَلَمْتُ نَفْسِى فَ<tajweed class=ham_wasl>ٱ</tajweed>غْفِرْ لِى فَغَفَرَ لَهُ<tajweed class=madda_obligatory>ۥٓ‌ۚ</tajweed> إِ<tajweed class=ghunnah>نّ</tajweed>َهُ<tajweed class=madda_normal>ۥ</tajweed> هُوَ <tajweed class=ham_wasl>ٱ</tajweed>لْغَفُورُ <tajweed class=ham_wasl>ٱ</tajweed><tajweed class=laam_shamsiyah>ل</tajweed>رَّح<tajweed class=madda_permissible>ِي</tajweed>مُ <span class=end>١٦</span>","End":"١٦","PageNumber":387,"JuzNumber":20,"ManzilNumber":5,"RukuNumber":335,"MaqraNumber":155,"HizbNumber":39,"HizbDecimal":0.5,"HasSajda":false},{"SurahNumber":28,"SurahIndex":"028","VerseNumber":17,"ShowSurahName":false,"ShowBismillah":false,"Text":"قَالَ رَبِّ بِمَآ أَنۡعَمۡتَ عَلَيَّ فَلَنۡ أَكُونَ ظَهِيرٗا لِّلۡمُجۡرِمِينَ","TajweedText":"قَالَ رَبِّ بِم<tajweed class=madda_obligatory>َآ</tajweed> أَنْعَمْتَ عَلَىَّ فَلَنْ أَكُونَ ظَهِي<tajweed class=idgham_wo_ghunnah>رًا ل</tajweed>ِّلْمُ<tajweed class=qalaqah>جْ</tajweed>رِم<tajweed class=madda_permissible>ِي</tajweed>نَ <span class=end>١٧</span>","End":"١٧","PageNumber":387,"JuzNumber":20,"ManzilNumber":5,"RukuNumber":335,"MaqraNumber":155,"HizbNumber":39,"HizbDecimal":0.5,"HasSajda":false},{"SurahNumber":28,"SurahIndex":"028","VerseNumber":18,"ShowSurahName":false,"ShowBismillah":false,"Text":"فَأَصۡبَحَ فِي ٱلۡمَدِينَةِ خَآئِفٗا يَتَرَقَّبُ فَإِذَا ٱلَّذِي ٱسۡتَنصَرَهُۥ بِٱلۡأَمۡسِ يَسۡتَصۡرِخُهُۥۚ قَالَ لَهُۥ مُوسَىٰٓ إِنَّكَ لَغَوِيّٞ مُّبِينٞ","TajweedText":"فَأَصْبَحَ فِى <tajweed class=ham_wasl>ٱ</tajweed>لْمَدِينَةِ خ<tajweed class=madda_obligatory>َا</tajweed>ٓئِ<tajweed class=idgham_ghunnah>فًا ي</tajweed>َتَرَقَّبُ فَإِذَا <tajweed class=ham_wasl>ٱ</tajweed>لَّذِى <tajweed class=ham_wasl>ٱ</tajweed>سْتَ<tajweed class=ikhafa>نص</tajweed>َرَهُ<tajweed class=madda_normal>ۥ</tajweed> بِ<tajweed class=ham_wasl>ٱ</tajweed>لْأَمْسِ يَسْتَصْرِخُهُ<tajweed class=madda_normal>ۥ</tajweed>‌ۚ قَالَ لَهُ<tajweed class=madda_normal>ۥ</tajweed> مُوسَ<tajweed class=madda_obligatory>ىٰٓ</tajweed> إِ<tajweed class=ghunnah>نّ</tajweed>َكَ لَغَوِ<tajweed class=idgham_ghunnah>ىٌّ م</tajweed>ُّب<tajweed class=madda_permissible>ِي</tajweed>نٌ <span class=end>١٨</span>","End":"١٨","PageNumber":387,"JuzNumber":20,"ManzilNumber":5,"RukuNumber":335,"MaqraNumber":155,"HizbNumber":39,"HizbDecimal":0.5,"HasSajda":false},{"SurahNumber":28,"SurahIndex":"028","VerseNumber":19,"ShowSurahName":false,"ShowBismillah":false,"Text":"فَلَمَّآ أَنۡ أَرَادَ أَن يَبۡطِشَ بِٱلَّذِي هُوَ عَدُوّٞ لَّهُمَا قَالَ يَٰمُوسَىٰٓ أَتُرِيدُ أَن تَقۡتُلَنِي كَمَا قَتَلۡتَ نَفۡسَۢا بِٱلۡأَمۡسِۖ إِن تُرِيدُ إِلَّآ أَن تَكُونَ جَبَّارٗا فِي ٱلۡأَرۡضِ وَمَا تُرِيدُ أَن تَكُونَ مِنَ ٱلۡمُصۡلِحِينَ","TajweedText":"فَلَ<tajweed class=ghunnah>مّ</tajweed><tajweed class=madda_obligatory>َآ</tajweed> أَنْ أَرَادَ أ<tajweed class=idgham_ghunnah>َن ي</tajweed>َ<tajweed class=qalaqah>بْ</tajweed>طِشَ بِ<tajweed class=ham_wasl>ٱ</tajweed>لَّذِى هُوَ عَدُ<tajweed class=idgham_wo_ghunnah>وٌّ ل</tajweed>َّهُمَا قَالَ يَ<tajweed class=madda_normal>ـٰ</tajweed>مُوسَ<tajweed class=madda_obligatory>ىٰٓ</tajweed> أَتُرِيدُ أَ<tajweed class=ikhafa>ن ت</tajweed>َ<tajweed class=qalaqah>قْ</tajweed>تُلَنِى كَمَا قَتَلْتَ نَفْس<tajweed class=iqlab>َۢا ب</tajweed>ِ<tajweed class=ham_wasl>ٱ</tajweed>لْأَمْسِ‌ۖ إِ<tajweed class=ikhafa>ن ت</tajweed>ُرِيدُ إِلّ<tajweed class=madda_obligatory>َآ</tajweed> أَ<tajweed class=ikhafa>ن ت</tajweed>َكُونَ جَبَّا<tajweed class=ikhafa>رًا ف</tajweed>ِى <tajweed class=ham_wasl>ٱ</tajweed>لْأَرْضِ وَمَا تُرِيدُ أَ<tajweed class=ikhafa>ن ت</tajweed>َكُونَ مِنَ <tajweed class=ham_wasl>ٱ</tajweed>لْمُصْلِح<tajweed class=madda_permissible>ِي</tajweed>نَ <span class=end>١٩</span>","End":"١٩","PageNumber":387,"JuzNumber":20,"ManzilNumber":5,"RukuNumber":335,"MaqraNumber":155,"HizbNumber":39,"HizbDecimal":0.5,"HasSajda":false},{"SurahNumber":28,"SurahIndex":"028","VerseNumber":20,"ShowSurahName":false,"ShowBismillah":false,"Text":"وَجَآءَ رَجُلٞ مِّنۡ أَقۡصَا ٱلۡمَدِينَةِ يَسۡعَىٰ قَالَ يَٰمُوسَىٰٓ إِنَّ ٱلۡمَلَأَ يَأۡتَمِرُونَ بِكَ لِيَقۡتُلُوكَ فَٱخۡرُجۡ إِنِّي لَكَ مِنَ ٱلنَّـٰصِحِينَ","TajweedText":"وَج<tajweed class=madda_obligatory>َا</tajweed>ٓءَ رَجُ<tajweed class=idgham_ghunnah>لٌ م</tajweed>ِّنْ أَ<tajweed class=qalaqah>قْ</tajweed>صَا <tajweed class=ham_wasl>ٱ</tajweed>لْمَدِينَةِ يَسْعَىٰ قَالَ يَ<tajweed class=madda_normal>ـٰ</tajweed>مُوسَ<tajweed class=madda_obligatory>ىٰٓ</tajweed> إِ<tajweed class=ghunnah>نّ</tajweed>َ <tajweed class=ham_wasl>ٱ</tajweed>لْمَلَأَ يَأْتَمِرُونَ بِكَ لِيَ<tajweed class=qalaqah>قْ</tajweed>تُلُوكَ فَ<tajweed class=ham_wasl>ٱ</tajweed>خْرُ<tajweed class=qalaqah>جْ</tajweed> إِ<tajweed class=ghunnah>نّ</tajweed>ِى لَكَ مِنَ <tajweed class=ham_wasl>ٱ</tajweed><tajweed class=laam_shamsiyah>ل</tajweed><tajweed class=ghunnah>نّ</tajweed>َ<tajweed class=madda_normal>ـٰ</tajweed>صِح<tajweed class=madda_permissible>ِي</tajweed>نَ <span class=end>٢٠</span>","End":"٢٠","PageNumber":387,"JuzNumber":20,"ManzilNumber":5,"RukuNumber":335,"MaqraNumber":155,"HizbNumber":39,"HizbDecimal":0.5,"HasSajda":false},{"SurahNumber":28,"SurahIndex":"028","VerseNumber":21,"ShowSurahName":false,"ShowBismillah":false,"Text":"فَخَرَجَ مِنۡهَا خَآئِفٗا يَتَرَقَّبُۖ قَالَ رَبِّ نَجِّنِي مِنَ ٱلۡقَوۡمِ ٱلظَّـٰلِمِينَ","TajweedText":"فَخَرَجَ مِنْهَا خ<tajweed class=madda_obligatory>َا</tajweed>ٓئِ<tajweed class=idgham_ghunnah>فًا ي</tajweed>َتَرَقَّبُ‌ۖ قَالَ رَبِّ نَجِّنِى مِنَ <tajweed class=ham_wasl>ٱ</tajweed>لْقَوْمِ <tajweed class=ham_wasl>ٱ</tajweed><tajweed class=laam_shamsiyah>ل</tajweed>ظَّ<tajweed class=madda_normal>ـٰ</tajweed>لِم<tajweed class=madda_permissible>ِي</tajweed>نَ <span class=end>٢١</span>","End":"٢١","PageNumber":387,"JuzNumber":20,"ManzilNumber":5,"RukuNumber":335,"MaqraNumber":155,"HizbNumber":39,"HizbDecimal":0.5,"HasSajda":false}]}