{"RukuNumber":273,"Verses":[{"SurahNumber":20,"SurahIndex":"020","VerseNumber":77,"ShowSurahName":false,"ShowBismillah":false,"Text":"وَلَقَدۡ أَوۡحَيۡنَآ إِلَىٰ مُوسَىٰٓ أَنۡ أَسۡرِ بِعِبَادِي فَٱضۡرِبۡ لَهُمۡ طَرِيقٗا فِي ٱلۡبَحۡرِ يَبَسٗا لَّا تَخَٰفُ دَرَكٗا وَلَا تَخۡشَىٰ","TajweedText":"وَلَقَ<tajweed class=qalaqah>دْ</tajweed> أَوْحَيْن<tajweed class=madda_obligatory>َآ</tajweed> إِلَىٰ مُوسَ<tajweed class=madda_obligatory>ىٰٓ</tajweed> أَنْ أَسْرِ بِعِبَادِى فَ<tajweed class=ham_wasl>ٱ</tajweed>ضْرِ<tajweed class=qalaqah>بْ</tajweed> لَهُمْ طَرِي<tajweed class=ikhafa>قًا ف</tajweed>ِى <tajweed class=ham_wasl>ٱ</tajweed>لْبَحْرِ يَبَ<tajweed class=idgham_wo_ghunnah>سًا ل</tajweed>َّا تَخَ<tajweed class=madda_normal>ـٰ</tajweed>فُ دَرَ<tajweed class=idgham_ghunnah>كًا و</tajweed>َلَا تَخْشَىٰ <span class=end>٧٧</span>","End":"٧٧","PageNumber":317,"JuzNumber":16,"ManzilNumber":4,"RukuNumber":273,"MaqraNumber":126,"HizbNumber":32,"HizbDecimal":0.25,"HasSajda":false},{"SurahNumber":20,"SurahIndex":"020","VerseNumber":78,"ShowSurahName":false,"ShowBismillah":false,"Text":"فَأَتۡبَعَهُمۡ فِرۡعَوۡنُ بِجُنُودِهِۦ فَغَشِيَهُم مِّنَ ٱلۡيَمِّ مَا غَشِيَهُمۡ","TajweedText":"فَأَتْبَعَهُمْ فِرْعَوْنُ بِجُنُودِه<tajweed class=madda_normal>ِۦ</tajweed> فَغَشِيَه<tajweed class=idgham_shafawi>ُم م</tajweed>ِّنَ <tajweed class=ham_wasl>ٱ</tajweed>لْيَ<tajweed class=ghunnah>مّ</tajweed>ِ مَا غَشِيَهُمْ <span class=end>٧٨</span>","End":"٧٨","PageNumber":317,"JuzNumber":16,"ManzilNumber":4,"RukuNumber":273,"MaqraNumber":126,"HizbNumber":32,"HizbDecimal":0.25,"HasSajda":false},{"SurahNumber":20,"SurahIndex":"020","VerseNumber":79,"ShowSurahName":false,"ShowBismillah":false,"Text":"وَأَضَلَّ فِرۡعَوۡنُ قَوۡمَهُۥ وَمَا هَدَىٰ","TajweedText":"وَأَضَلَّ فِرْعَوْنُ قَوْمَهُ<tajweed class=madda_normal>ۥ</tajweed> وَمَا هَدَىٰ <span class=end>٧٩</span>","End":"٧٩","PageNumber":317,"JuzNumber":16,"ManzilNumber":4,"RukuNumber":273,"MaqraNumber":126,"HizbNumber":32,"HizbDecimal":0.25,"HasSajda":false},{"SurahNumber":20,"SurahIndex":"020","VerseNumber":80,"ShowSurahName":false,"ShowBismillah":false,"Text":"يَٰبَنِيٓ إِسۡرَـٰٓءِيلَ قَدۡ أَنجَيۡنَٰكُم مِّنۡ عَدُوِّكُمۡ وَوَٰعَدۡنَٰكُمۡ جَانِبَ ٱلطُّورِ ٱلۡأَيۡمَنَ وَنَزَّلۡنَا عَلَيۡكُمُ ٱلۡمَنَّ وَٱلسَّلۡوَىٰ","TajweedText":"يَ<tajweed class=madda_normal>ـٰ</tajweed>بَن<tajweed class=madda_obligatory>ِىٓ</tajweed> إِسْر<tajweed class=madda_obligatory>َٲ</tajweed>ٓءِيلَ قَ<tajweed class=qalaqah>دْ</tajweed> أَ<tajweed class=ikhafa>نج</tajweed>َيْنَ<tajweed class=madda_normal>ـٰ</tajweed>ك<tajweed class=idgham_shafawi>ُم م</tajweed>ِّنْ عَدُوِّكُمْ وَو<tajweed class=madda_normal>َٲ</tajweed>عَ<tajweed class=qalaqah>دْ</tajweed>نَ<tajweed class=madda_normal>ـٰ</tajweed>كُمْ جَانِبَ <tajweed class=ham_wasl>ٱ</tajweed><tajweed class=laam_shamsiyah>ل</tajweed>طُّورِ <tajweed class=ham_wasl>ٱ</tajweed>لْأَيْمَنَ وَنَزَّلْنَا عَلَيْكُمُ <tajweed class=ham_wasl>ٱ</tajweed>لْمَ<tajweed class=ghunnah>نّ</tajweed>َ وَ<tajweed class=ham_wasl>ٱ</tajweed><tajweed class=laam_shamsiyah>ل</tajweed>سَّلْوَىٰ <span class=end>٨٠</span>","End":"٨٠","PageNumber":317,"JuzNumber":16,"ManzilNumber":4,"RukuNumber":273,"MaqraNumber":126,"HizbNumber":32,"HizbDecimal":0.25,"HasSajda":false},{"SurahNumber":20,"SurahIndex":"020","VerseNumber":81,"ShowSurahName":false,"ShowBismillah":false,"Text":"كُلُواْ مِن طَيِّبَٰتِ مَا رَزَقۡنَٰكُمۡ وَلَا تَطۡغَوۡاْ فِيهِ فَيَحِلَّ عَلَيۡكُمۡ غَضَبِيۖ وَمَن يَحۡلِلۡ عَلَيۡهِ غَضَبِي فَقَدۡ هَوَىٰ","TajweedText":"كُلُو<tajweed class=slnt>اْ</tajweed> مِ<tajweed class=ikhafa>ن ط</tajweed>َيِّبَ<tajweed class=madda_normal>ـٰ</tajweed>تِ مَا رَزَ<tajweed class=qalaqah>قْ</tajweed>نَ<tajweed class=madda_normal>ـٰ</tajweed>كُمْ وَلَا تَ<tajweed class=qalaqah>طْ</tajweed>غَوْ<tajweed class=slnt>اْ</tajweed> فِيهِ فَيَحِلَّ عَلَيْكُمْ غَضَبِى‌ۖ وَم<tajweed class=idgham_ghunnah>َن ي</tajweed>َحْلِلْ عَلَيْهِ غَضَبِى فَقَ<tajweed class=qalaqah>دْ</tajweed> هَوَىٰ <span class=end>٨١</span>","End":"٨١","PageNumber":317,"JuzNumber":16,"ManzilNumber":4,"RukuNumber":273,"MaqraNumber":126,"HizbNumber":32,"HizbDecimal":0.25,"HasSajda":false},{"SurahNumber":20,"SurahIndex":"020","VerseNumber":82,"ShowSurahName":false,"ShowBismillah":false,"Text":"وَإِنِّي لَغَفَّارٞ لِّمَن تَابَ وَءَامَنَ وَعَمِلَ صَٰلِحٗا ثُمَّ ٱهۡتَدَىٰ","TajweedText":"وَإِ<tajweed class=ghunnah>نّ</tajweed>ِى لَغَفَّا<tajweed class=idgham_wo_ghunnah>رٌ ل</tajweed>ِّمَ<tajweed class=ikhafa>ن ت</tajweed>َابَ وَءَامَنَ وَعَمِلَ صَ<tajweed class=madda_normal>ـٰ</tajweed>لِ<tajweed class=ikhafa>حًا ث</tajweed>ُ<tajweed class=ghunnah>مّ</tajweed>َ <tajweed class=ham_wasl>ٱ</tajweed>هْتَدَىٰ <span class=end>٨٢</span>","End":"٨٢","PageNumber":317,"JuzNumber":16,"ManzilNumber":4,"RukuNumber":273,"MaqraNumber":126,"HizbNumber":32,"HizbDecimal":0.25,"HasSajda":false},{"SurahNumber":20,"SurahIndex":"020","VerseNumber":83,"ShowSurahName":false,"ShowBismillah":false,"Text":"۞وَمَآ أَعۡجَلَكَ عَن قَوۡمِكَ يَٰمُوسَىٰ","TajweedText":"۞ وَم<tajweed class=madda_obligatory>َآ</tajweed> أَعْجَلَكَ عَ<tajweed class=ikhafa>ن ق</tajweed>َوْمِكَ يَ<tajweed class=madda_normal>ـٰ</tajweed>مُوسَىٰ <span class=end>٨٣</span>","End":"٨٣","PageNumber":317,"JuzNumber":16,"ManzilNumber":4,"RukuNumber":273,"MaqraNumber":127,"HizbNumber":32,"HizbDecimal":0.5,"HasSajda":false},{"SurahNumber":20,"SurahIndex":"020","VerseNumber":84,"ShowSurahName":false,"ShowBismillah":false,"Text":"قَالَ هُمۡ أُوْلَآءِ عَلَىٰٓ أَثَرِي وَعَجِلۡتُ إِلَيۡكَ رَبِّ لِتَرۡضَىٰ","TajweedText":"قَالَ هُمْ أُ<tajweed class=slnt>وْ</tajweed>ل<tajweed class=madda_obligatory>َا</tajweed>ٓءِ عَلَ<tajweed class=madda_obligatory>ىٰٓ</tajweed> أَثَرِى وَعَجِلْتُ إِلَيْكَ رَبِّ لِتَرْضَىٰ <span class=end>٨٤</span>","End":"٨٤","PageNumber":317,"JuzNumber":16,"ManzilNumber":4,"RukuNumber":273,"MaqraNumber":127,"HizbNumber":32,"HizbDecimal":0.5,"HasSajda":false},{"SurahNumber":20,"SurahIndex":"020","VerseNumber":85,"ShowSurahName":false,"ShowBismillah":false,"Text":"قَالَ فَإِنَّا قَدۡ فَتَنَّا قَوۡمَكَ مِنۢ بَعۡدِكَ وَأَضَلَّهُمُ ٱلسَّامِرِيُّ","TajweedText":"قَالَ فَإِ<tajweed class=ghunnah>نّ</tajweed>َا قَ<tajweed class=qalaqah>دْ</tajweed> فَتَ<tajweed class=ghunnah>نّ</tajweed>َا قَوْمَكَ م<tajweed class=iqlab>ِنۢ ب</tajweed>َعْدِكَ وَأَضَلَّهُمُ <tajweed class=ham_wasl>ٱ</tajweed><tajweed class=laam_shamsiyah>ل</tajweed>سَّامِرِىُّ <span class=end>٨٥</span>","End":"٨٥","PageNumber":317,"JuzNumber":16,"ManzilNumber":4,"RukuNumber":273,"MaqraNumber":127,"HizbNumber":32,"HizbDecimal":0.5,"HasSajda":false},{"SurahNumber":20,"SurahIndex":"020","VerseNumber":86,"ShowSurahName":false,"ShowBismillah":false,"Text":"فَرَجَعَ مُوسَىٰٓ إِلَىٰ قَوۡمِهِۦ غَضۡبَٰنَ أَسِفٗاۚ قَالَ يَٰقَوۡمِ أَلَمۡ يَعِدۡكُمۡ رَبُّكُمۡ وَعۡدًا حَسَنًاۚ أَفَطَالَ عَلَيۡكُمُ ٱلۡعَهۡدُ أَمۡ أَرَدتُّمۡ أَن يَحِلَّ عَلَيۡكُمۡ غَضَبٞ مِّن رَّبِّكُمۡ فَأَخۡلَفۡتُم مَّوۡعِدِي","TajweedText":"فَرَجَعَ مُوسَ<tajweed class=madda_obligatory>ىٰٓ</tajweed> إِلَىٰ قَوْمِه<tajweed class=madda_normal>ِۦ</tajweed> غَضْبَ<tajweed class=madda_normal>ـٰ</tajweed>نَ أَسِ<tajweed class=ikhafa>فًا‌ۚ ق</tajweed>َالَ يَ<tajweed class=madda_normal>ـٰ</tajweed>قَوْمِ أَلَمْ يَعِ<tajweed class=qalaqah>دْ</tajweed>كُمْ رَبُّكُمْ وَعْدًا حَسَنًا‌ۚ أَفَطَالَ عَلَيْكُمُ <tajweed class=ham_wasl>ٱ</tajweed>لْعَهْدُ أَمْ أَرَ<tajweed class=idgham_mutajanisayn>د</tajweed>تُّمْ أ<tajweed class=idgham_ghunnah>َن ي</tajweed>َحِلَّ عَلَيْكُمْ غَضَ<tajweed class=idgham_ghunnah>بٌ م</tajweed>ّ<tajweed class=idgham_wo_ghunnah>ِن ر</tajweed>َّبِّكُمْ فَأَخْلَفْت<tajweed class=idgham_shafawi>ُم م</tajweed>َّوْعِدِى <span class=end>٨٦</span>","End":"٨٦","PageNumber":317,"JuzNumber":16,"ManzilNumber":4,"RukuNumber":273,"MaqraNumber":127,"HizbNumber":32,"HizbDecimal":0.5,"HasSajda":false},{"SurahNumber":20,"SurahIndex":"020","VerseNumber":87,"ShowSurahName":false,"ShowBismillah":false,"Text":"قَالُواْ مَآ أَخۡلَفۡنَا مَوۡعِدَكَ بِمَلۡكِنَا وَلَٰكِنَّا حُمِّلۡنَآ أَوۡزَارٗا مِّن زِينَةِ ٱلۡقَوۡمِ فَقَذَفۡنَٰهَا فَكَذَٰلِكَ أَلۡقَى ٱلسَّامِرِيُّ","TajweedText":"قَالُو<tajweed class=slnt>اْ</tajweed> م<tajweed class=madda_obligatory>َآ</tajweed> أَخْلَفْنَا مَوْعِدَكَ بِمَلْكِنَا وَلَ<tajweed class=madda_normal>ـٰ</tajweed>كِ<tajweed class=ghunnah>نّ</tajweed>َا حُ<tajweed class=ghunnah>مّ</tajweed>ِلْن<tajweed class=madda_obligatory>َآ</tajweed> أَوْزَا<tajweed class=idgham_ghunnah>رًا م</tajweed>ِّ<tajweed class=ikhafa>ن ز</tajweed>ِينَةِ <tajweed class=ham_wasl>ٱ</tajweed>لْقَوْمِ فَقَذَفْنَ<tajweed class=madda_normal>ـٰ</tajweed>هَا فَكَذ<tajweed class=madda_normal>َٲ</tajweed>لِكَ أَلْقَى <tajweed class=ham_wasl>ٱ</tajweed><tajweed class=laam_shamsiyah>ل</tajweed>سَّامِرِىُّ <span class=end>٨٧</span>","End":"٨٧","PageNumber":317,"JuzNumber":16,"ManzilNumber":4,"RukuNumber":273,"MaqraNumber":127,"HizbNumber":32,"HizbDecimal":0.5,"HasSajda":false},{"SurahNumber":20,"SurahIndex":"020","VerseNumber":88,"ShowSurahName":false,"ShowBismillah":false,"Text":"فَأَخۡرَجَ لَهُمۡ عِجۡلٗا جَسَدٗا لَّهُۥ خُوَارٞ فَقَالُواْ هَٰذَآ إِلَٰهُكُمۡ وَإِلَٰهُ مُوسَىٰ فَنَسِيَ","TajweedText":"فَأَخْرَجَ لَهُمْ عِ<tajweed class=qalaqah>جْ</tajweed>ل<tajweed class=ikhafa>اً ج</tajweed>َسَ<tajweed class=idgham_wo_ghunnah>دًا ل</tajweed>َّهُ<tajweed class=madda_normal>ۥ</tajweed> خُوَا<tajweed class=ikhafa>رٌ ف</tajweed>َقَالُو<tajweed class=slnt>اْ</tajweed> هَ<tajweed class=madda_normal>ـٰ</tajweed>ذ<tajweed class=madda_obligatory>َآ</tajweed> إِلَ<tajweed class=madda_normal>ـٰ</tajweed>هُكُمْ وَإِلَ<tajweed class=madda_normal>ـٰ</tajweed>هُ مُوسَىٰ فَنَسِىَ <span class=end>٨٨</span>","End":"٨٨","PageNumber":318,"JuzNumber":16,"ManzilNumber":4,"RukuNumber":273,"MaqraNumber":127,"HizbNumber":32,"HizbDecimal":0.5,"HasSajda":false},{"SurahNumber":20,"SurahIndex":"020","VerseNumber":89,"ShowSurahName":false,"ShowBismillah":false,"Text":"أَفَلَا يَرَوۡنَ أَلَّا يَرۡجِعُ إِلَيۡهِمۡ قَوۡلٗا وَلَا يَمۡلِكُ لَهُمۡ ضَرّٗا وَلَا نَفۡعٗا","TajweedText":"أَفَلَا يَرَوْنَ أَلَّا يَرْجِعُ إِلَيْهِمْ قَوْل<tajweed class=idgham_ghunnah>اً و</tajweed>َلَا يَمْلِكُ لَهُمْ ضَر<tajweed class=idgham_ghunnah>ًّا و</tajweed>َلَا نَفْعًا <span class=end>٨٩</span>","End":"٨٩","PageNumber":318,"JuzNumber":16,"ManzilNumber":4,"RukuNumber":273,"MaqraNumber":127,"HizbNumber":32,"HizbDecimal":0.5,"HasSajda":false}]}