{"RukuNumber":3,"Verses":[{"SurahNumber":2,"SurahIndex":"002","VerseNumber":8,"ShowSurahName":false,"ShowBismillah":false,"Text":"وَمِنَ ٱلنَّاسِ مَن يَقُولُ ءَامَنَّا بِٱللَّهِ وَبِٱلۡيَوۡمِ ٱلۡأٓخِرِ وَمَا هُم بِمُؤۡمِنِينَ","TajweedText":"وَمِنَ <tajweed class=ham_wasl>ٱ</tajweed><tajweed class=laam_shamsiyah>ل</tajweed><tajweed class=ghunnah>نّ</tajweed>َاسِ م<tajweed class=idgham_ghunnah>َن ي</tajweed>َقُولُ ءَامَ<tajweed class=ghunnah>نّ</tajweed>َا بِ<tajweed class=ham_wasl>ٱ</tajweed>للَّهِ وَبِ<tajweed class=ham_wasl>ٱ</tajweed>لْيَوْمِ <tajweed class=ham_wasl>ٱ</tajweed>لْأَخِرِ وَمَا ه<tajweed class=ikhafa_shafawi>ُم ب</tajweed>ِمُؤْمِن<tajweed class=madda_permissible>ِي</tajweed>نَ <span class=end>٨</span>","End":"٨","PageNumber":3,"JuzNumber":1,"ManzilNumber":1,"RukuNumber":3,"MaqraNumber":1,"HizbNumber":1,"HizbDecimal":0.0,"HasSajda":false},{"SurahNumber":2,"SurahIndex":"002","VerseNumber":9,"ShowSurahName":false,"ShowBismillah":false,"Text":"يُخَٰدِعُونَ ٱللَّهَ وَٱلَّذِينَ ءَامَنُواْ وَمَا يَخۡدَعُونَ إِلَّآ أَنفُسَهُمۡ وَمَا يَشۡعُرُونَ","TajweedText":"يُخَ<tajweed class=madda_normal>ـٰ</tajweed>دِعُونَ <tajweed class=ham_wasl>ٱ</tajweed>للَّهَ وَ<tajweed class=ham_wasl>ٱ</tajweed>لَّذِينَ ءَامَنُو<tajweed class=slnt>اْ</tajweed> وَمَا يَخْدَعُونَ إِلّ<tajweed class=madda_obligatory>َآ</tajweed> أَ<tajweed class=ikhafa>نف</tajweed>ُسَهُمْ وَمَا يَشْعُر<tajweed class=madda_permissible>ُو</tajweed>نَ <span class=end>٩</span>","End":"٩","PageNumber":3,"JuzNumber":1,"ManzilNumber":1,"RukuNumber":3,"MaqraNumber":1,"HizbNumber":1,"HizbDecimal":0.0,"HasSajda":false},{"SurahNumber":2,"SurahIndex":"002","VerseNumber":10,"ShowSurahName":false,"ShowBismillah":false,"Text":"فِي قُلُوبِهِم مَّرَضٞ فَزَادَهُمُ ٱللَّهُ مَرَضٗاۖ وَلَهُمۡ عَذَابٌ أَلِيمُۢ بِمَا كَانُواْ يَكۡذِبُونَ","TajweedText":"فِى قُلُوبِه<tajweed class=idgham_shafawi>ِم م</tajweed>َّرَ<tajweed class=ikhafa>ضٌ ف</tajweed>َزَادَهُمُ <tajweed class=ham_wasl>ٱ</tajweed>للَّهُ مَرَ<tajweed class=idgham_ghunnah>ضًا‌ۖ و</tajweed>َلَهُمْ عَذَابٌ أَلِي<tajweed class=iqlab>مُۢ ب</tajweed>ِمَا كَانُو<tajweed class=slnt>اْ</tajweed> يَكْذِب<tajweed class=madda_permissible>ُو</tajweed>نَ <span class=end>١٠</span>","End":"١٠","PageNumber":3,"JuzNumber":1,"ManzilNumber":1,"RukuNumber":3,"MaqraNumber":1,"HizbNumber":1,"HizbDecimal":0.0,"HasSajda":false},{"SurahNumber":2,"SurahIndex":"002","VerseNumber":11,"ShowSurahName":false,"ShowBismillah":false,"Text":"وَإِذَا قِيلَ لَهُمۡ لَا تُفۡسِدُواْ فِي ٱلۡأَرۡضِ قَالُوٓاْ إِنَّمَا نَحۡنُ مُصۡلِحُونَ","TajweedText":"وَإِذَا قِيلَ لَهُمْ لَا تُفْسِدُو<tajweed class=slnt>اْ</tajweed> فِى <tajweed class=ham_wasl>ٱ</tajweed>لْأَرْضِ قَال<tajweed class=madda_obligatory>ُوٓ</tajweed><tajweed class=slnt>اْ</tajweed> إِ<tajweed class=ghunnah>نّ</tajweed>َمَا نَحْنُ مُصْلِح<tajweed class=madda_permissible>ُو</tajweed>نَ <span class=end>١١</span>","End":"١١","PageNumber":3,"JuzNumber":1,"ManzilNumber":1,"RukuNumber":3,"MaqraNumber":1,"HizbNumber":1,"HizbDecimal":0.0,"HasSajda":false},{"SurahNumber":2,"SurahIndex":"002","VerseNumber":12,"ShowSurahName":false,"ShowBismillah":false,"Text":"أَلَآ إِنَّهُمۡ هُمُ ٱلۡمُفۡسِدُونَ وَلَٰكِن لَّا يَشۡعُرُونَ","TajweedText":"أَل<tajweed class=madda_obligatory>َآ</tajweed> إِ<tajweed class=ghunnah>نّ</tajweed>َهُمْ هُمُ <tajweed class=ham_wasl>ٱ</tajweed>لْمُفْسِدُونَ وَلَ<tajweed class=madda_normal>ـٰ</tajweed>ك<tajweed class=idgham_wo_ghunnah>ِن ل</tajweed>َّا يَشْعُر<tajweed class=madda_permissible>ُو</tajweed>نَ <span class=end>١٢</span>","End":"١٢","PageNumber":3,"JuzNumber":1,"ManzilNumber":1,"RukuNumber":3,"MaqraNumber":1,"HizbNumber":1,"HizbDecimal":0.0,"HasSajda":false},{"SurahNumber":2,"SurahIndex":"002","VerseNumber":13,"ShowSurahName":false,"ShowBismillah":false,"Text":"وَإِذَا قِيلَ لَهُمۡ ءَامِنُواْ كَمَآ ءَامَنَ ٱلنَّاسُ قَالُوٓاْ أَنُؤۡمِنُ كَمَآ ءَامَنَ ٱلسُّفَهَآءُۗ أَلَآ إِنَّهُمۡ هُمُ ٱلسُّفَهَآءُ وَلَٰكِن لَّا يَعۡلَمُونَ","TajweedText":"وَإِذَا قِيلَ لَهُمْ ءَامِنُو<tajweed class=slnt>اْ</tajweed> كَم<tajweed class=madda_obligatory>َآ</tajweed> ءَامَنَ <tajweed class=ham_wasl>ٱ</tajweed><tajweed class=laam_shamsiyah>ل</tajweed><tajweed class=ghunnah>نّ</tajweed>َاسُ قَال<tajweed class=madda_obligatory>ُوٓ</tajweed><tajweed class=slnt>اْ</tajweed> أَنُؤْمِنُ كَم<tajweed class=madda_obligatory>َآ</tajweed> ءَامَنَ <tajweed class=ham_wasl>ٱ</tajweed><tajweed class=laam_shamsiyah>ل</tajweed>سُّفَه<tajweed class=madda_obligatory>َا</tajweed>ٓءُ‌ۗ أَل<tajweed class=madda_obligatory>َآ</tajweed> إِ<tajweed class=ghunnah>نّ</tajweed>َهُمْ هُمُ <tajweed class=ham_wasl>ٱ</tajweed><tajweed class=laam_shamsiyah>ل</tajweed>سُّفَه<tajweed class=madda_obligatory>َا</tajweed>ٓءُ وَلَ<tajweed class=madda_normal>ـٰ</tajweed>ك<tajweed class=idgham_wo_ghunnah>ِن ل</tajweed>َّا يَعْلَم<tajweed class=madda_permissible>ُو</tajweed>نَ <span class=end>١٣</span>","End":"١٣","PageNumber":3,"JuzNumber":1,"ManzilNumber":1,"RukuNumber":3,"MaqraNumber":1,"HizbNumber":1,"HizbDecimal":0.0,"HasSajda":false},{"SurahNumber":2,"SurahIndex":"002","VerseNumber":14,"ShowSurahName":false,"ShowBismillah":false,"Text":"وَإِذَا لَقُواْ ٱلَّذِينَ ءَامَنُواْ قَالُوٓاْ ءَامَنَّا وَإِذَا خَلَوۡاْ إِلَىٰ شَيَٰطِينِهِمۡ قَالُوٓاْ إِنَّا مَعَكُمۡ إِنَّمَا نَحۡنُ مُسۡتَهۡزِءُونَ","TajweedText":"وَإِذَا لَقُو<tajweed class=slnt>اْ</tajweed> <tajweed class=ham_wasl>ٱ</tajweed>لَّذِينَ ءَامَنُو<tajweed class=slnt>اْ</tajweed> قَال<tajweed class=madda_obligatory>ُوٓ</tajweed><tajweed class=slnt>اْ</tajweed> ءَامَ<tajweed class=ghunnah>نّ</tajweed>َا وَإِذَا خَلَوْ<tajweed class=slnt>اْ</tajweed> إِلَىٰ شَيَ<tajweed class=madda_normal>ـٰ</tajweed>طِينِهِمْ قَال<tajweed class=madda_obligatory>ُوٓ</tajweed><tajweed class=slnt>اْ</tajweed> إِ<tajweed class=ghunnah>نّ</tajweed>َا مَعَكُمْ إِ<tajweed class=ghunnah>نّ</tajweed>َمَا نَحْنُ مُسْتَهْزِء<tajweed class=madda_permissible>ُو</tajweed>نَ <span class=end>١٤</span>","End":"١٤","PageNumber":3,"JuzNumber":1,"ManzilNumber":1,"RukuNumber":3,"MaqraNumber":1,"HizbNumber":1,"HizbDecimal":0.0,"HasSajda":false},{"SurahNumber":2,"SurahIndex":"002","VerseNumber":15,"ShowSurahName":false,"ShowBismillah":false,"Text":"ٱللَّهُ يَسۡتَهۡزِئُ بِهِمۡ وَيَمُدُّهُمۡ فِي طُغۡيَٰنِهِمۡ يَعۡمَهُونَ","TajweedText":"ٱللَّهُ يَسْتَهْزِئُ بِهِمْ وَيَمُدُّهُمْ فِى طُغْيَ<tajweed class=madda_normal>ـٰ</tajweed>نِهِمْ يَعْمَه<tajweed class=madda_permissible>ُو</tajweed>نَ <span class=end>١٥</span>","End":"١٥","PageNumber":3,"JuzNumber":1,"ManzilNumber":1,"RukuNumber":3,"MaqraNumber":1,"HizbNumber":1,"HizbDecimal":0.0,"HasSajda":false},{"SurahNumber":2,"SurahIndex":"002","VerseNumber":16,"ShowSurahName":false,"ShowBismillah":false,"Text":"أُوْلَـٰٓئِكَ ٱلَّذِينَ ٱشۡتَرَوُاْ ٱلضَّلَٰلَةَ بِٱلۡهُدَىٰ فَمَا رَبِحَت تِّجَٰرَتُهُمۡ وَمَا كَانُواْ مُهۡتَدِينَ","TajweedText":"أُ<tajweed class=slnt>وْ</tajweed>لَ<tajweed class=madda_obligatory>ـٰٓ</tajweed>ئِكَ <tajweed class=ham_wasl>ٱ</tajweed>لَّذِينَ <tajweed class=ham_wasl>ٱ</tajweed>شْتَرَوُ<tajweed class=slnt>اْ</tajweed> <tajweed class=ham_wasl>ٱ</tajweed><tajweed class=laam_shamsiyah>ل</tajweed>ضَّلَ<tajweed class=madda_normal>ـٰ</tajweed>لَةَ بِ<tajweed class=ham_wasl>ٱ</tajweed>لْهُدَىٰ فَمَا رَبِحَت تِّجَ<tajweed class=madda_normal>ـٰ</tajweed>رَتُهُمْ وَمَا كَانُو<tajweed class=slnt>اْ</tajweed> مُهْتَد<tajweed class=madda_permissible>ِي</tajweed>نَ <span class=end>١٦</span>","End":"١٦","PageNumber":3,"JuzNumber":1,"ManzilNumber":1,"RukuNumber":3,"MaqraNumber":1,"HizbNumber":1,"HizbDecimal":0.0,"HasSajda":false},{"SurahNumber":2,"SurahIndex":"002","VerseNumber":17,"ShowSurahName":false,"ShowBismillah":false,"Text":"مَثَلُهُمۡ كَمَثَلِ ٱلَّذِي ٱسۡتَوۡقَدَ نَارٗا فَلَمَّآ أَضَآءَتۡ مَا حَوۡلَهُۥ ذَهَبَ ٱللَّهُ بِنُورِهِمۡ وَتَرَكَهُمۡ فِي ظُلُمَٰتٖ لَّا يُبۡصِرُونَ","TajweedText":"مَثَلُهُمْ كَمَثَلِ <tajweed class=ham_wasl>ٱ</tajweed>لَّذِى <tajweed class=ham_wasl>ٱ</tajweed>سْتَوْقَدَ نَا<tajweed class=ikhafa>رًا ف</tajweed>َلَ<tajweed class=ghunnah>مّ</tajweed><tajweed class=madda_obligatory>َآ</tajweed> أَض<tajweed class=madda_obligatory>َا</tajweed>ٓءَتْ مَا حَوْلَهُ<tajweed class=madda_normal>ۥ</tajweed> ذَهَبَ <tajweed class=ham_wasl>ٱ</tajweed>للَّهُ بِنُورِهِمْ وَتَرَكَهُمْ فِى ظُلُمَ<tajweed class=madda_normal>ـٰ</tajweed><tajweed class=idgham_wo_ghunnah>تٍ ل</tajweed>َّا يُ<tajweed class=qalaqah>بْ</tajweed>صِر<tajweed class=madda_permissible>ُو</tajweed>نَ <span class=end>١٧</span>","End":"١٧","PageNumber":4,"JuzNumber":1,"ManzilNumber":1,"RukuNumber":3,"MaqraNumber":1,"HizbNumber":1,"HizbDecimal":0.0,"HasSajda":false},{"SurahNumber":2,"SurahIndex":"002","VerseNumber":18,"ShowSurahName":false,"ShowBismillah":false,"Text":"صُمُّۢ بُكۡمٌ عُمۡيٞ فَهُمۡ لَا يَرۡجِعُونَ","TajweedText":"صُم<tajweed class=iqlab>ُّۢ ب</tajweed>ُكْمٌ عُمْ<tajweed class=ikhafa>ىٌ ف</tajweed>َهُمْ لَا يَرْجِع<tajweed class=madda_permissible>ُو</tajweed>نَ <span class=end>١٨</span>","End":"١٨","PageNumber":4,"JuzNumber":1,"ManzilNumber":1,"RukuNumber":3,"MaqraNumber":1,"HizbNumber":1,"HizbDecimal":0.0,"HasSajda":false},{"SurahNumber":2,"SurahIndex":"002","VerseNumber":19,"ShowSurahName":false,"ShowBismillah":false,"Text":"أَوۡ كَصَيِّبٖ مِّنَ ٱلسَّمَآءِ فِيهِ ظُلُمَٰتٞ وَرَعۡدٞ وَبَرۡقٞ يَجۡعَلُونَ أَصَٰبِعَهُمۡ فِيٓ ءَاذَانِهِم مِّنَ ٱلصَّوَٰعِقِ حَذَرَ ٱلۡمَوۡتِۚ وَٱللَّهُ مُحِيطُۢ بِٱلۡكَٰفِرِينَ","TajweedText":"أَوْ كَصَيِّ<tajweed class=idgham_ghunnah>بٍ م</tajweed>ِّنَ <tajweed class=ham_wasl>ٱ</tajweed><tajweed class=laam_shamsiyah>ل</tajweed>سَّم<tajweed class=madda_obligatory>َا</tajweed>ٓءِ فِيهِ ظُلُمَ<tajweed class=madda_normal>ـٰ</tajweed><tajweed class=idgham_ghunnah>تٌ و</tajweed>َرَعْ<tajweed class=idgham_ghunnah>دٌ و</tajweed>َبَرْ<tajweed class=idgham_ghunnah>قٌ ي</tajweed>َ<tajweed class=qalaqah>جْ</tajweed>عَلُونَ أَصَ<tajweed class=madda_normal>ـٰ</tajweed>بِعَهُمْ ف<tajweed class=madda_obligatory>ِىٓ</tajweed> ءَاذَانِه<tajweed class=idgham_shafawi>ِم م</tajweed>ِّنَ <tajweed class=ham_wasl>ٱ</tajweed><tajweed class=laam_shamsiyah>ل</tajweed>صَّو<tajweed class=madda_normal>َٲ</tajweed>عِقِ حَذَرَ <tajweed class=ham_wasl>ٱ</tajweed>لْمَوْتِ‌ۚ وَ<tajweed class=ham_wasl>ٱ</tajweed>للَّهُ مُحِي<tajweed class=iqlab>طُۢ ب</tajweed>ِ<tajweed class=ham_wasl>ٱ</tajweed>لْكَ<tajweed class=madda_normal>ـٰ</tajweed>فِر<tajweed class=madda_permissible>ِي</tajweed>نَ <span class=end>١٩</span>","End":"١٩","PageNumber":4,"JuzNumber":1,"ManzilNumber":1,"RukuNumber":3,"MaqraNumber":1,"HizbNumber":1,"HizbDecimal":0.0,"HasSajda":false},{"SurahNumber":2,"SurahIndex":"002","VerseNumber":20,"ShowSurahName":false,"ShowBismillah":false,"Text":"يَكَادُ ٱلۡبَرۡقُ يَخۡطَفُ أَبۡصَٰرَهُمۡۖ كُلَّمَآ أَضَآءَ لَهُم مَّشَوۡاْ فِيهِ وَإِذَآ أَظۡلَمَ عَلَيۡهِمۡ قَامُواْۚ وَلَوۡ شَآءَ ٱللَّهُ لَذَهَبَ بِسَمۡعِهِمۡ وَأَبۡصَٰرِهِمۡۚ إِنَّ ٱللَّهَ عَلَىٰ كُلِّ شَيۡءٖ قَدِيرٞ","TajweedText":"يَكَادُ <tajweed class=ham_wasl>ٱ</tajweed>لْبَرْقُ يَخْطَفُ أَ<tajweed class=qalaqah>بْ</tajweed>صَ<tajweed class=madda_normal>ـٰ</tajweed>رَهُمْ‌ۖ كُلَّم<tajweed class=madda_obligatory>َآ</tajweed> أَض<tajweed class=madda_obligatory>َا</tajweed>ٓءَ لَه<tajweed class=idgham_shafawi>ُم م</tajweed>َّشَوْ<tajweed class=slnt>اْ</tajweed> فِيهِ وَإِذ<tajweed class=madda_obligatory>َآ</tajweed> أَظْلَمَ عَلَيْهِمْ قَامُو<tajweed class=slnt>اْ‌ۚ</tajweed> وَلَوْ ش<tajweed class=madda_obligatory>َا</tajweed>ٓءَ <tajweed class=ham_wasl>ٱ</tajweed>للَّهُ لَذَهَبَ بِسَمْعِهِمْ وَأَ<tajweed class=qalaqah>بْ</tajweed>صَ<tajweed class=madda_normal>ـٰ</tajweed>رِهِمْ‌ۚ إِ<tajweed class=ghunnah>نّ</tajweed>َ <tajweed class=ham_wasl>ٱ</tajweed>للَّهَ عَلَىٰ كُلِّ ش<tajweed class=ikhafa>َىْءٍ ق</tajweed>َد<tajweed class=madda_permissible>ِي</tajweed>رٌ <span class=end>٢٠</span>","End":"٢٠","PageNumber":4,"JuzNumber":1,"ManzilNumber":1,"RukuNumber":3,"MaqraNumber":1,"HizbNumber":1,"HizbDecimal":0.0,"HasSajda":false}]}