{"RukuNumber":469,"Verses":[{"SurahNumber":56,"SurahIndex":"056","VerseNumber":1,"ShowSurahName":true,"ShowBismillah":true,"Text":"إِذَا وَقَعَتِ ٱلۡوَاقِعَةُ","TajweedText":"إِذَا وَقَعَتِ <tajweed class=ham_wasl>ٱ</tajweed>لْوَاقِعَةُ <span class=end>١</span>","End":"١","PageNumber":534,"JuzNumber":27,"ManzilNumber":7,"RukuNumber":469,"MaqraNumber":214,"HizbNumber":54,"HizbDecimal":0.25,"HasSajda":false},{"SurahNumber":56,"SurahIndex":"056","VerseNumber":2,"ShowSurahName":false,"ShowBismillah":false,"Text":"لَيۡسَ لِوَقۡعَتِهَا كَاذِبَةٌ","TajweedText":"لَيْسَ لِوَ<tajweed class=qalaqah>قْ</tajweed>عَتِهَا كَاذِبَةٌ <span class=end>٢</span>","End":"٢","PageNumber":534,"JuzNumber":27,"ManzilNumber":7,"RukuNumber":469,"MaqraNumber":214,"HizbNumber":54,"HizbDecimal":0.25,"HasSajda":false},{"SurahNumber":56,"SurahIndex":"056","VerseNumber":3,"ShowSurahName":false,"ShowBismillah":false,"Text":"خَافِضَةٞ رَّافِعَةٌ","TajweedText":"خَافِضَ<tajweed class=idgham_wo_ghunnah>ةٌ ر</tajweed>َّافِعَةٌ <span class=end>٣</span>","End":"٣","PageNumber":534,"JuzNumber":27,"ManzilNumber":7,"RukuNumber":469,"MaqraNumber":214,"HizbNumber":54,"HizbDecimal":0.25,"HasSajda":false},{"SurahNumber":56,"SurahIndex":"056","VerseNumber":4,"ShowSurahName":false,"ShowBismillah":false,"Text":"إِذَا رُجَّتِ ٱلۡأَرۡضُ رَجّٗا","TajweedText":"إِذَا رُجَّتِ <tajweed class=ham_wasl>ٱ</tajweed>لْأَرْضُ رَجًّا <span class=end>٤</span>","End":"٤","PageNumber":534,"JuzNumber":27,"ManzilNumber":7,"RukuNumber":469,"MaqraNumber":214,"HizbNumber":54,"HizbDecimal":0.25,"HasSajda":false},{"SurahNumber":56,"SurahIndex":"056","VerseNumber":5,"ShowSurahName":false,"ShowBismillah":false,"Text":"وَبُسَّتِ ٱلۡجِبَالُ بَسّٗا","TajweedText":"وَبُسَّتِ <tajweed class=ham_wasl>ٱ</tajweed>لْجِبَالُ بَسًّا <span class=end>٥</span>","End":"٥","PageNumber":534,"JuzNumber":27,"ManzilNumber":7,"RukuNumber":469,"MaqraNumber":214,"HizbNumber":54,"HizbDecimal":0.25,"HasSajda":false},{"SurahNumber":56,"SurahIndex":"056","VerseNumber":6,"ShowSurahName":false,"ShowBismillah":false,"Text":"فَكَانَتۡ هَبَآءٗ مُّنۢبَثّٗا","TajweedText":"فَكَانَتْ هَب<tajweed class=madda_obligatory>َا</tajweed>ٓ<tajweed class=idgham_ghunnah>ءً م</tajweed>ُّ<tajweed class=iqlab>نۢب</tajweed>َثًّا <span class=end>٦</span>","End":"٦","PageNumber":534,"JuzNumber":27,"ManzilNumber":7,"RukuNumber":469,"MaqraNumber":214,"HizbNumber":54,"HizbDecimal":0.25,"HasSajda":false},{"SurahNumber":56,"SurahIndex":"056","VerseNumber":7,"ShowSurahName":false,"ShowBismillah":false,"Text":"وَكُنتُمۡ أَزۡوَٰجٗا ثَلَٰثَةٗ","TajweedText":"وَكُ<tajweed class=ikhafa>نت</tajweed>ُمْ أَزْو<tajweed class=madda_normal>َٲ</tajweed><tajweed class=ikhafa>جًا ث</tajweed>َلَ<tajweed class=madda_normal>ـٰ</tajweed>ثَةً <span class=end>٧</span>","End":"٧","PageNumber":534,"JuzNumber":27,"ManzilNumber":7,"RukuNumber":469,"MaqraNumber":214,"HizbNumber":54,"HizbDecimal":0.25,"HasSajda":false},{"SurahNumber":56,"SurahIndex":"056","VerseNumber":8,"ShowSurahName":false,"ShowBismillah":false,"Text":"فَأَصۡحَٰبُ ٱلۡمَيۡمَنَةِ مَآ أَصۡحَٰبُ ٱلۡمَيۡمَنَةِ","TajweedText":"فَأَصْحَ<tajweed class=madda_normal>ـٰ</tajweed>بُ <tajweed class=ham_wasl>ٱ</tajweed>لْمَيْمَنَةِ م<tajweed class=madda_obligatory>َآ</tajweed> أَصْحَ<tajweed class=madda_normal>ـٰ</tajweed>بُ <tajweed class=ham_wasl>ٱ</tajweed>لْمَيْمَنَةِ <span class=end>٨</span>","End":"٨","PageNumber":534,"JuzNumber":27,"ManzilNumber":7,"RukuNumber":469,"MaqraNumber":214,"HizbNumber":54,"HizbDecimal":0.25,"HasSajda":false},{"SurahNumber":56,"SurahIndex":"056","VerseNumber":9,"ShowSurahName":false,"ShowBismillah":false,"Text":"وَأَصۡحَٰبُ ٱلۡمَشۡـَٔمَةِ مَآ أَصۡحَٰبُ ٱلۡمَشۡـَٔمَةِ","TajweedText":"وَأَصْحَ<tajweed class=madda_normal>ـٰ</tajweed>بُ <tajweed class=ham_wasl>ٱ</tajweed>لْمَشْــَٔمَةِ م<tajweed class=madda_obligatory>َآ</tajweed> أَصْحَ<tajweed class=madda_normal>ـٰ</tajweed>بُ <tajweed class=ham_wasl>ٱ</tajweed>لْمَشْــَٔمَةِ <span class=end>٩</span>","End":"٩","PageNumber":534,"JuzNumber":27,"ManzilNumber":7,"RukuNumber":469,"MaqraNumber":214,"HizbNumber":54,"HizbDecimal":0.25,"HasSajda":false},{"SurahNumber":56,"SurahIndex":"056","VerseNumber":10,"ShowSurahName":false,"ShowBismillah":false,"Text":"وَٱلسَّـٰبِقُونَ ٱلسَّـٰبِقُونَ","TajweedText":"وَ<tajweed class=ham_wasl>ٱ</tajweed><tajweed class=laam_shamsiyah>ل</tajweed>سَّ<tajweed class=madda_normal>ـٰ</tajweed>بِقُونَ <tajweed class=ham_wasl>ٱ</tajweed><tajweed class=laam_shamsiyah>ل</tajweed>سَّ<tajweed class=madda_normal>ـٰ</tajweed>بِق<tajweed class=madda_permissible>ُو</tajweed>نَ <span class=end>١٠</span>","End":"١٠","PageNumber":534,"JuzNumber":27,"ManzilNumber":7,"RukuNumber":469,"MaqraNumber":214,"HizbNumber":54,"HizbDecimal":0.25,"HasSajda":false},{"SurahNumber":56,"SurahIndex":"056","VerseNumber":11,"ShowSurahName":false,"ShowBismillah":false,"Text":"أُوْلَـٰٓئِكَ ٱلۡمُقَرَّبُونَ","TajweedText":"أُ<tajweed class=slnt>وْ</tajweed>لَ<tajweed class=madda_obligatory>ـٰٓ</tajweed>ئِكَ <tajweed class=ham_wasl>ٱ</tajweed>لْمُقَرَّب<tajweed class=madda_permissible>ُو</tajweed>نَ <span class=end>١١</span>","End":"١١","PageNumber":534,"JuzNumber":27,"ManzilNumber":7,"RukuNumber":469,"MaqraNumber":214,"HizbNumber":54,"HizbDecimal":0.25,"HasSajda":false},{"SurahNumber":56,"SurahIndex":"056","VerseNumber":12,"ShowSurahName":false,"ShowBismillah":false,"Text":"فِي جَنَّـٰتِ ٱلنَّعِيمِ","TajweedText":"فِى جَ<tajweed class=ghunnah>نّ</tajweed>َ<tajweed class=madda_normal>ـٰ</tajweed>تِ <tajweed class=ham_wasl>ٱ</tajweed><tajweed class=laam_shamsiyah>ل</tajweed><tajweed class=ghunnah>نّ</tajweed>َع<tajweed class=madda_permissible>ِي</tajweed>مِ <span class=end>١٢</span>","End":"١٢","PageNumber":534,"JuzNumber":27,"ManzilNumber":7,"RukuNumber":469,"MaqraNumber":214,"HizbNumber":54,"HizbDecimal":0.25,"HasSajda":false},{"SurahNumber":56,"SurahIndex":"056","VerseNumber":13,"ShowSurahName":false,"ShowBismillah":false,"Text":"ثُلَّةٞ مِّنَ ٱلۡأَوَّلِينَ","TajweedText":"ثُلَّ<tajweed class=idgham_ghunnah>ةٌ م</tajweed>ِّنَ <tajweed class=ham_wasl>ٱ</tajweed>لْأَوَّل<tajweed class=madda_permissible>ِي</tajweed>نَ <span class=end>١٣</span>","End":"١٣","PageNumber":534,"JuzNumber":27,"ManzilNumber":7,"RukuNumber":469,"MaqraNumber":214,"HizbNumber":54,"HizbDecimal":0.25,"HasSajda":false},{"SurahNumber":56,"SurahIndex":"056","VerseNumber":14,"ShowSurahName":false,"ShowBismillah":false,"Text":"وَقَلِيلٞ مِّنَ ٱلۡأٓخِرِينَ","TajweedText":"وَقَلِي<tajweed class=idgham_ghunnah>لٌ م</tajweed>ِّنَ <tajweed class=ham_wasl>ٱ</tajweed>لْأَخِر<tajweed class=madda_permissible>ِي</tajweed>نَ <span class=end>١٤</span>","End":"١٤","PageNumber":534,"JuzNumber":27,"ManzilNumber":7,"RukuNumber":469,"MaqraNumber":214,"HizbNumber":54,"HizbDecimal":0.25,"HasSajda":false},{"SurahNumber":56,"SurahIndex":"056","VerseNumber":15,"ShowSurahName":false,"ShowBismillah":false,"Text":"عَلَىٰ سُرُرٖ مَّوۡضُونَةٖ","TajweedText":"عَلَىٰ سُرُ<tajweed class=idgham_ghunnah>رٍ م</tajweed>َّوْضُونَةٍ <span class=end>١٥</span>","End":"١٥","PageNumber":534,"JuzNumber":27,"ManzilNumber":7,"RukuNumber":469,"MaqraNumber":214,"HizbNumber":54,"HizbDecimal":0.25,"HasSajda":false},{"SurahNumber":56,"SurahIndex":"056","VerseNumber":16,"ShowSurahName":false,"ShowBismillah":false,"Text":"مُّتَّكِـِٔينَ عَلَيۡهَا مُتَقَٰبِلِينَ","TajweedText":"مُّتَّكِــِٔينَ عَلَيْهَا مُتَقَ<tajweed class=madda_normal>ـٰ</tajweed>بِل<tajweed class=madda_permissible>ِي</tajweed>نَ <span class=end>١٦</span>","End":"١٦","PageNumber":534,"JuzNumber":27,"ManzilNumber":7,"RukuNumber":469,"MaqraNumber":214,"HizbNumber":54,"HizbDecimal":0.25,"HasSajda":false},{"SurahNumber":56,"SurahIndex":"056","VerseNumber":17,"ShowSurahName":false,"ShowBismillah":false,"Text":"يَطُوفُ عَلَيۡهِمۡ وِلۡدَٰنٞ مُّخَلَّدُونَ","TajweedText":"يَطُوفُ عَلَيْهِمْ وِلْد<tajweed class=madda_normal>َٲ</tajweed><tajweed class=idgham_ghunnah>نٌ م</tajweed>ُّخَلَّد<tajweed class=madda_permissible>ُو</tajweed>نَ <span class=end>١٧</span>","End":"١٧","PageNumber":535,"JuzNumber":27,"ManzilNumber":7,"RukuNumber":469,"MaqraNumber":214,"HizbNumber":54,"HizbDecimal":0.25,"HasSajda":false},{"SurahNumber":56,"SurahIndex":"056","VerseNumber":18,"ShowSurahName":false,"ShowBismillah":false,"Text":"بِأَكۡوَابٖ وَأَبَارِيقَ وَكَأۡسٖ مِّن مَّعِينٖ","TajweedText":"بِأَكْوَا<tajweed class=idgham_ghunnah>بٍ و</tajweed>َأَبَارِيقَ وَكَأْ<tajweed class=idgham_ghunnah>سٍ م</tajweed>ّ<tajweed class=idgham_ghunnah>ِن م</tajweed>َّع<tajweed class=madda_permissible>ِي</tajweed>نٍ <span class=end>١٨</span>","End":"١٨","PageNumber":535,"JuzNumber":27,"ManzilNumber":7,"RukuNumber":469,"MaqraNumber":214,"HizbNumber":54,"HizbDecimal":0.25,"HasSajda":false},{"SurahNumber":56,"SurahIndex":"056","VerseNumber":19,"ShowSurahName":false,"ShowBismillah":false,"Text":"لَّا يُصَدَّعُونَ عَنۡهَا وَلَا يُنزِفُونَ","TajweedText":"لَّا يُصَدَّعُونَ عَنْهَا وَلَا يُ<tajweed class=ikhafa>نز</tajweed>ِف<tajweed class=madda_permissible>ُو</tajweed>نَ <span class=end>١٩</span>","End":"١٩","PageNumber":535,"JuzNumber":27,"ManzilNumber":7,"RukuNumber":469,"MaqraNumber":214,"HizbNumber":54,"HizbDecimal":0.25,"HasSajda":false},{"SurahNumber":56,"SurahIndex":"056","VerseNumber":20,"ShowSurahName":false,"ShowBismillah":false,"Text":"وَفَٰكِهَةٖ مِّمَّا يَتَخَيَّرُونَ","TajweedText":"وَفَ<tajweed class=madda_normal>ـٰ</tajweed>كِهَ<tajweed class=idgham_ghunnah>ةٍ م</tajweed>ِّ<tajweed class=ghunnah>مّ</tajweed>َا يَتَخَيَّر<tajweed class=madda_permissible>ُو</tajweed>نَ <span class=end>٢٠</span>","End":"٢٠","PageNumber":535,"JuzNumber":27,"ManzilNumber":7,"RukuNumber":469,"MaqraNumber":214,"HizbNumber":54,"HizbDecimal":0.25,"HasSajda":false},{"SurahNumber":56,"SurahIndex":"056","VerseNumber":21,"ShowSurahName":false,"ShowBismillah":false,"Text":"وَلَحۡمِ طَيۡرٖ مِّمَّا يَشۡتَهُونَ","TajweedText":"وَلَحْمِ طَيْ<tajweed class=idgham_ghunnah>رٍ م</tajweed>ِّ<tajweed class=ghunnah>مّ</tajweed>َا يَشْتَه<tajweed class=madda_permissible>ُو</tajweed>نَ <span class=end>٢١</span>","End":"٢١","PageNumber":535,"JuzNumber":27,"ManzilNumber":7,"RukuNumber":469,"MaqraNumber":214,"HizbNumber":54,"HizbDecimal":0.25,"HasSajda":false},{"SurahNumber":56,"SurahIndex":"056","VerseNumber":22,"ShowSurahName":false,"ShowBismillah":false,"Text":"وَحُورٌ عِينٞ","TajweedText":"وَحُورٌ ع<tajweed class=madda_permissible>ِي</tajweed>نٌ <span class=end>٢٢</span>","End":"٢٢","PageNumber":535,"JuzNumber":27,"ManzilNumber":7,"RukuNumber":469,"MaqraNumber":214,"HizbNumber":54,"HizbDecimal":0.25,"HasSajda":false},{"SurahNumber":56,"SurahIndex":"056","VerseNumber":23,"ShowSurahName":false,"ShowBismillah":false,"Text":"كَأَمۡثَٰلِ ٱللُّؤۡلُوِٕ ٱلۡمَكۡنُونِ","TajweedText":"كَأَمْثَ<tajweed class=madda_normal>ـٰ</tajweed>لِ <tajweed class=ham_wasl>ٱ</tajweed><tajweed class=laam_shamsiyah>ل</tajweed>لُّؤْلُوِٕ <tajweed class=ham_wasl>ٱ</tajweed>لْمَكْن<tajweed class=madda_permissible>ُو</tajweed>نِ <span class=end>٢٣</span>","End":"٢٣","PageNumber":535,"JuzNumber":27,"ManzilNumber":7,"RukuNumber":469,"MaqraNumber":214,"HizbNumber":54,"HizbDecimal":0.25,"HasSajda":false},{"SurahNumber":56,"SurahIndex":"056","VerseNumber":24,"ShowSurahName":false,"ShowBismillah":false,"Text":"جَزَآءَۢ بِمَا كَانُواْ يَعۡمَلُونَ","TajweedText":"جَز<tajweed class=madda_obligatory>َا</tajweed>ٓ<tajweed class=iqlab>ءَۢ ب</tajweed>ِمَا كَانُو<tajweed class=slnt>اْ</tajweed> يَعْمَل<tajweed class=madda_permissible>ُو</tajweed>نَ <span class=end>٢٤</span>","End":"٢٤","PageNumber":535,"JuzNumber":27,"ManzilNumber":7,"RukuNumber":469,"MaqraNumber":214,"HizbNumber":54,"HizbDecimal":0.25,"HasSajda":false},{"SurahNumber":56,"SurahIndex":"056","VerseNumber":25,"ShowSurahName":false,"ShowBismillah":false,"Text":"لَا يَسۡمَعُونَ فِيهَا لَغۡوٗا وَلَا تَأۡثِيمًا","TajweedText":"لَا يَسْمَعُونَ فِيهَا لَغْ<tajweed class=idgham_ghunnah>وًا و</tajweed>َلَا تَأْثِيمًا <span class=end>٢٥</span>","End":"٢٥","PageNumber":535,"JuzNumber":27,"ManzilNumber":7,"RukuNumber":469,"MaqraNumber":214,"HizbNumber":54,"HizbDecimal":0.25,"HasSajda":false},{"SurahNumber":56,"SurahIndex":"056","VerseNumber":26,"ShowSurahName":false,"ShowBismillah":false,"Text":"إِلَّا قِيلٗا سَلَٰمٗا سَلَٰمٗا","TajweedText":"إِلَّا قِيل<tajweed class=ikhafa>اً س</tajweed>َلَ<tajweed class=madda_normal>ـٰ</tajweed><tajweed class=ikhafa>مًا س</tajweed>َلَ<tajweed class=madda_normal>ـٰ</tajweed>مًا <span class=end>٢٦</span>","End":"٢٦","PageNumber":535,"JuzNumber":27,"ManzilNumber":7,"RukuNumber":469,"MaqraNumber":214,"HizbNumber":54,"HizbDecimal":0.25,"HasSajda":false},{"SurahNumber":56,"SurahIndex":"056","VerseNumber":27,"ShowSurahName":false,"ShowBismillah":false,"Text":"وَأَصۡحَٰبُ ٱلۡيَمِينِ مَآ أَصۡحَٰبُ ٱلۡيَمِينِ","TajweedText":"وَأَصْحَ<tajweed class=madda_normal>ـٰ</tajweed>بُ <tajweed class=ham_wasl>ٱ</tajweed>لْيَمِينِ م<tajweed class=madda_obligatory>َآ</tajweed> أَصْحَ<tajweed class=madda_normal>ـٰ</tajweed>بُ <tajweed class=ham_wasl>ٱ</tajweed>لْيَم<tajweed class=madda_permissible>ِي</tajweed>نِ <span class=end>٢٧</span>","End":"٢٧","PageNumber":535,"JuzNumber":27,"ManzilNumber":7,"RukuNumber":469,"MaqraNumber":214,"HizbNumber":54,"HizbDecimal":0.25,"HasSajda":false},{"SurahNumber":56,"SurahIndex":"056","VerseNumber":28,"ShowSurahName":false,"ShowBismillah":false,"Text":"فِي سِدۡرٖ مَّخۡضُودٖ","TajweedText":"فِى سِ<tajweed class=qalaqah>دْ</tajweed><tajweed class=idgham_ghunnah>رٍ م</tajweed>َّخْض<tajweed class=madda_permissible>ُو</tajweed><tajweed class=qalaqah>د</tajweed>ٍ <span class=end>٢٨</span>","End":"٢٨","PageNumber":535,"JuzNumber":27,"ManzilNumber":7,"RukuNumber":469,"MaqraNumber":214,"HizbNumber":54,"HizbDecimal":0.25,"HasSajda":false},{"SurahNumber":56,"SurahIndex":"056","VerseNumber":29,"ShowSurahName":false,"ShowBismillah":false,"Text":"وَطَلۡحٖ مَّنضُودٖ","TajweedText":"وَطَلْ<tajweed class=idgham_ghunnah>حٍ م</tajweed>َّ<tajweed class=ikhafa>نض</tajweed><tajweed class=madda_permissible>ُو</tajweed><tajweed class=qalaqah>د</tajweed>ٍ <span class=end>٢٩</span>","End":"٢٩","PageNumber":535,"JuzNumber":27,"ManzilNumber":7,"RukuNumber":469,"MaqraNumber":214,"HizbNumber":54,"HizbDecimal":0.25,"HasSajda":false},{"SurahNumber":56,"SurahIndex":"056","VerseNumber":30,"ShowSurahName":false,"ShowBismillah":false,"Text":"وَظِلّٖ مَّمۡدُودٖ","TajweedText":"وَظِ<tajweed class=idgham_ghunnah>لٍّ م</tajweed>َّمْد<tajweed class=madda_permissible>ُو</tajweed><tajweed class=qalaqah>د</tajweed>ٍ <span class=end>٣٠</span>","End":"٣٠","PageNumber":535,"JuzNumber":27,"ManzilNumber":7,"RukuNumber":469,"MaqraNumber":214,"HizbNumber":54,"HizbDecimal":0.25,"HasSajda":false},{"SurahNumber":56,"SurahIndex":"056","VerseNumber":31,"ShowSurahName":false,"ShowBismillah":false,"Text":"وَمَآءٖ مَّسۡكُوبٖ","TajweedText":"وَم<tajweed class=madda_obligatory>َا</tajweed>ٓ<tajweed class=idgham_ghunnah>ءٍ م</tajweed>َّسْك<tajweed class=madda_permissible>ُو</tajweed><tajweed class=qalaqah>ب</tajweed>ٍ <span class=end>٣١</span>","End":"٣١","PageNumber":535,"JuzNumber":27,"ManzilNumber":7,"RukuNumber":469,"MaqraNumber":214,"HizbNumber":54,"HizbDecimal":0.25,"HasSajda":false},{"SurahNumber":56,"SurahIndex":"056","VerseNumber":32,"ShowSurahName":false,"ShowBismillah":false,"Text":"وَفَٰكِهَةٖ كَثِيرَةٖ","TajweedText":"وَفَ<tajweed class=madda_normal>ـٰ</tajweed>كِهَ<tajweed class=ikhafa>ةٍ ك</tajweed>َثِيرَةٍ <span class=end>٣٢</span>","End":"٣٢","PageNumber":535,"JuzNumber":27,"ManzilNumber":7,"RukuNumber":469,"MaqraNumber":214,"HizbNumber":54,"HizbDecimal":0.25,"HasSajda":false},{"SurahNumber":56,"SurahIndex":"056","VerseNumber":33,"ShowSurahName":false,"ShowBismillah":false,"Text":"لَّا مَقۡطُوعَةٖ وَلَا مَمۡنُوعَةٖ","TajweedText":"لَّا مَ<tajweed class=qalaqah>قْ</tajweed>طُوعَ<tajweed class=idgham_ghunnah>ةٍ و</tajweed>َلَا مَمْنُوعَةٍ <span class=end>٣٣</span>","End":"٣٣","PageNumber":535,"JuzNumber":27,"ManzilNumber":7,"RukuNumber":469,"MaqraNumber":214,"HizbNumber":54,"HizbDecimal":0.25,"HasSajda":false},{"SurahNumber":56,"SurahIndex":"056","VerseNumber":34,"ShowSurahName":false,"ShowBismillah":false,"Text":"وَفُرُشٖ مَّرۡفُوعَةٍ","TajweedText":"وَفُرُ<tajweed class=idgham_ghunnah>شٍ م</tajweed>َّرْفُوعَةٍ <span class=end>٣٤</span>","End":"٣٤","PageNumber":535,"JuzNumber":27,"ManzilNumber":7,"RukuNumber":469,"MaqraNumber":214,"HizbNumber":54,"HizbDecimal":0.25,"HasSajda":false},{"SurahNumber":56,"SurahIndex":"056","VerseNumber":35,"ShowSurahName":false,"ShowBismillah":false,"Text":"إِنَّآ أَنشَأۡنَٰهُنَّ إِنشَآءٗ","TajweedText":"إِ<tajweed class=ghunnah>نّ</tajweed><tajweed class=madda_obligatory>َآ</tajweed> أَ<tajweed class=ikhafa>نش</tajweed>َأْنَ<tajweed class=madda_normal>ـٰ</tajweed>هُ<tajweed class=ghunnah>نّ</tajweed>َ إِ<tajweed class=ikhafa>نش</tajweed><tajweed class=madda_obligatory>َا</tajweed>ٓءً <span class=end>٣٥</span>","End":"٣٥","PageNumber":535,"JuzNumber":27,"ManzilNumber":7,"RukuNumber":469,"MaqraNumber":214,"HizbNumber":54,"HizbDecimal":0.25,"HasSajda":false},{"SurahNumber":56,"SurahIndex":"056","VerseNumber":36,"ShowSurahName":false,"ShowBismillah":false,"Text":"فَجَعَلۡنَٰهُنَّ أَبۡكَارًا","TajweedText":"فَجَعَلْنَ<tajweed class=madda_normal>ـٰ</tajweed>هُ<tajweed class=ghunnah>نّ</tajweed>َ أَ<tajweed class=qalaqah>بْ</tajweed>كَارًا <span class=end>٣٦</span>","End":"٣٦","PageNumber":535,"JuzNumber":27,"ManzilNumber":7,"RukuNumber":469,"MaqraNumber":214,"HizbNumber":54,"HizbDecimal":0.25,"HasSajda":false},{"SurahNumber":56,"SurahIndex":"056","VerseNumber":37,"ShowSurahName":false,"ShowBismillah":false,"Text":"عُرُبًا أَتۡرَابٗا","TajweedText":"عُرُبًا أَتْرَابًا <span class=end>٣٧</span>","End":"٣٧","PageNumber":535,"JuzNumber":27,"ManzilNumber":7,"RukuNumber":469,"MaqraNumber":214,"HizbNumber":54,"HizbDecimal":0.25,"HasSajda":false},{"SurahNumber":56,"SurahIndex":"056","VerseNumber":38,"ShowSurahName":false,"ShowBismillah":false,"Text":"لِّأَصۡحَٰبِ ٱلۡيَمِينِ","TajweedText":"لِّأَصْحَ<tajweed class=madda_normal>ـٰ</tajweed>بِ <tajweed class=ham_wasl>ٱ</tajweed>لْيَم<tajweed class=madda_permissible>ِي</tajweed>نِ <span class=end>٣٨</span>","End":"٣٨","PageNumber":535,"JuzNumber":27,"ManzilNumber":7,"RukuNumber":469,"MaqraNumber":214,"HizbNumber":54,"HizbDecimal":0.25,"HasSajda":false}]}