{"RukuNumber":196,"Verses":[{"SurahNumber":12,"SurahIndex":"012","VerseNumber":30,"ShowSurahName":false,"ShowBismillah":false,"Text":"۞وَقَالَ نِسۡوَةٞ فِي ٱلۡمَدِينَةِ ٱمۡرَأَتُ ٱلۡعَزِيزِ تُرَٰوِدُ فَتَىٰهَا عَن نَّفۡسِهِۦۖ قَدۡ شَغَفَهَا حُبًّاۖ إِنَّا لَنَرَىٰهَا فِي ضَلَٰلٖ مُّبِينٖ","TajweedText":"۞ وَقَالَ نِسْوَ<tajweed class=ikhafa>ةٌ ف</tajweed>ِى <tajweed class=ham_wasl>ٱ</tajweed>لْمَدِينَةِ <tajweed class=ham_wasl>ٱ</tajweed>مْرَأَتُ <tajweed class=ham_wasl>ٱ</tajweed>لْعَزِيزِ تُر<tajweed class=madda_normal>َٲ</tajweed>وِدُ فَتَ<tajweed class=madda_normal>ـٰ</tajweed>هَا ع<tajweed class=idgham_ghunnah>َن ن</tajweed>َّفْسِه<tajweed class=madda_normal>ِۦ</tajweed>‌ۖ قَ<tajweed class=qalaqah>دْ</tajweed> شَغَفَهَا حُبًّا‌ۖ إِ<tajweed class=ghunnah>نّ</tajweed>َا لَنَرَ<tajweed class=madda_normal>ٮٰ</tajweed>هَا فِى ضَلَ<tajweed class=madda_normal>ـٰ</tajweed><tajweed class=idgham_ghunnah>لٍ م</tajweed>ُّب<tajweed class=madda_permissible>ِي</tajweed>نٍ <span class=end>٣٠</span>","End":"٣٠","PageNumber":238,"JuzNumber":12,"ManzilNumber":3,"RukuNumber":196,"MaqraNumber":96,"HizbNumber":24,"HizbDecimal":0.75,"HasSajda":false},{"SurahNumber":12,"SurahIndex":"012","VerseNumber":31,"ShowSurahName":false,"ShowBismillah":false,"Text":"فَلَمَّا سَمِعَتۡ بِمَكۡرِهِنَّ أَرۡسَلَتۡ إِلَيۡهِنَّ وَأَعۡتَدَتۡ لَهُنَّ مُتَّكَـٔٗا وَءَاتَتۡ كُلَّ وَٰحِدَةٖ مِّنۡهُنَّ سِكِّينٗا وَقَالَتِ ٱخۡرُجۡ عَلَيۡهِنَّۖ فَلَمَّا رَأَيۡنَهُۥٓ أَكۡبَرۡنَهُۥ وَقَطَّعۡنَ أَيۡدِيَهُنَّ وَقُلۡنَ حَٰشَ لِلَّهِ مَا هَٰذَا بَشَرًا إِنۡ هَٰذَآ إِلَّا مَلَكٞ كَرِيمٞ","TajweedText":"فَلَ<tajweed class=ghunnah>مّ</tajweed>َا سَمِعَتْ بِمَكْرِهِ<tajweed class=ghunnah>نّ</tajweed>َ أَرْسَلَتْ إِلَيْهِ<tajweed class=ghunnah>نّ</tajweed>َ وَأَعْتَدَتْ لَهُ<tajweed class=ghunnah>نّ</tajweed>َ مُتَّكَـ<tajweed class=idgham_ghunnah>ـًٔا و</tajweed>َءَاتَتْ كُلَّ و<tajweed class=madda_normal>َٲ</tajweed>حِدَ<tajweed class=idgham_ghunnah>ةٍ م</tajweed>ِّنْهُ<tajweed class=ghunnah>نّ</tajweed>َ سِكِّي<tajweed class=idgham_ghunnah>نًا و</tajweed>َقَالَتِ <tajweed class=ham_wasl>ٱ</tajweed>خْرُ<tajweed class=qalaqah>جْ</tajweed> عَلَيْهِ<tajweed class=ghunnah>نّ</tajweed>َ‌ۖ فَلَ<tajweed class=ghunnah>مّ</tajweed>َا رَأَيْنَهُ<tajweed class=madda_obligatory>ۥٓ</tajweed> أَكْبَرْنَهُ<tajweed class=madda_normal>ۥ</tajweed> وَقَطَّعْنَ أَيْدِيَهُ<tajweed class=ghunnah>نّ</tajweed>َ وَقُلْنَ حَ<tajweed class=madda_normal>ـٰ</tajweed>شَ لِلَّهِ مَا هَ<tajweed class=madda_normal>ـٰ</tajweed>ذَا بَشَرًا إِنْ هَ<tajweed class=madda_normal>ـٰ</tajweed>ذ<tajweed class=madda_obligatory>َآ</tajweed> إِلَّا مَلَ<tajweed class=ikhafa>كٌ ك</tajweed>َر<tajweed class=madda_permissible>ِي</tajweed>مٌ <span class=end>٣١</span>","End":"٣١","PageNumber":239,"JuzNumber":12,"ManzilNumber":3,"RukuNumber":196,"MaqraNumber":96,"HizbNumber":24,"HizbDecimal":0.75,"HasSajda":false},{"SurahNumber":12,"SurahIndex":"012","VerseNumber":32,"ShowSurahName":false,"ShowBismillah":false,"Text":"قَالَتۡ فَذَٰلِكُنَّ ٱلَّذِي لُمۡتُنَّنِي فِيهِۖ وَلَقَدۡ رَٰوَدتُّهُۥ عَن نَّفۡسِهِۦ فَٱسۡتَعۡصَمَۖ وَلَئِن لَّمۡ يَفۡعَلۡ مَآ ءَامُرُهُۥ لَيُسۡجَنَنَّ وَلَيَكُونٗا مِّنَ ٱلصَّـٰغِرِينَ","TajweedText":"قَالَتْ فَذ<tajweed class=madda_normal>َٲ</tajweed>لِكُ<tajweed class=ghunnah>نّ</tajweed>َ <tajweed class=ham_wasl>ٱ</tajweed>لَّذِى لُمْتُ<tajweed class=ghunnah>نّ</tajweed>َنِى فِيهِ‌ۖ وَلَقَ<tajweed class=qalaqah>دْ</tajweed> ر<tajweed class=madda_normal>َٲ</tajweed>وَ<tajweed class=idgham_mutajanisayn>د</tajweed>تُّهُ<tajweed class=madda_normal>ۥ</tajweed> ع<tajweed class=idgham_ghunnah>َن ن</tajweed>َّفْسِه<tajweed class=madda_normal>ِۦ</tajweed> فَ<tajweed class=ham_wasl>ٱ</tajweed>سْتَعْصَمَ‌ۖ وَلَئ<tajweed class=idgham_wo_ghunnah>ِن ل</tajweed>َّمْ يَفْعَلْ م<tajweed class=madda_obligatory>َآ</tajweed> ءَامُرُهُ<tajweed class=madda_normal>ۥ</tajweed> لَيُسْجَنَ<tajweed class=ghunnah>نّ</tajweed>َ وَلَيَكُو<tajweed class=idgham_ghunnah>نًا م</tajweed>ِّنَ <tajweed class=ham_wasl>ٱ</tajweed><tajweed class=laam_shamsiyah>ل</tajweed>صَّ<tajweed class=madda_normal>ـٰ</tajweed>غِر<tajweed class=madda_permissible>ِي</tajweed>نَ <span class=end>٣٢</span>","End":"٣٢","PageNumber":239,"JuzNumber":12,"ManzilNumber":3,"RukuNumber":196,"MaqraNumber":96,"HizbNumber":24,"HizbDecimal":0.75,"HasSajda":false},{"SurahNumber":12,"SurahIndex":"012","VerseNumber":33,"ShowSurahName":false,"ShowBismillah":false,"Text":"قَالَ رَبِّ ٱلسِّجۡنُ أَحَبُّ إِلَيَّ مِمَّا يَدۡعُونَنِيٓ إِلَيۡهِۖ وَإِلَّا تَصۡرِفۡ عَنِّي كَيۡدَهُنَّ أَصۡبُ إِلَيۡهِنَّ وَأَكُن مِّنَ ٱلۡجَٰهِلِينَ","TajweedText":"قَالَ رَبِّ <tajweed class=ham_wasl>ٱ</tajweed><tajweed class=laam_shamsiyah>ل</tajweed>سِّ<tajweed class=qalaqah>جْ</tajweed>نُ أَحَبُّ إِلَىَّ مِ<tajweed class=ghunnah>مّ</tajweed>َا يَ<tajweed class=qalaqah>دْ</tajweed>عُونَن<tajweed class=madda_obligatory>ِىٓ</tajweed> إِلَيْهِ‌ۖ وَإِلَّا تَصْرِفْ عَ<tajweed class=ghunnah>نّ</tajweed>ِى كَيْدَهُ<tajweed class=ghunnah>نّ</tajweed>َ أَصْبُ إِلَيْهِ<tajweed class=ghunnah>نّ</tajweed>َ وَأَك<tajweed class=idgham_ghunnah>ُن م</tajweed>ِّنَ <tajweed class=ham_wasl>ٱ</tajweed>لْجَ<tajweed class=madda_normal>ـٰ</tajweed>هِل<tajweed class=madda_permissible>ِي</tajweed>نَ <span class=end>٣٣</span>","End":"٣٣","PageNumber":239,"JuzNumber":12,"ManzilNumber":3,"RukuNumber":196,"MaqraNumber":96,"HizbNumber":24,"HizbDecimal":0.75,"HasSajda":false},{"SurahNumber":12,"SurahIndex":"012","VerseNumber":34,"ShowSurahName":false,"ShowBismillah":false,"Text":"فَٱسۡتَجَابَ لَهُۥ رَبُّهُۥ فَصَرَفَ عَنۡهُ كَيۡدَهُنَّۚ إِنَّهُۥ هُوَ ٱلسَّمِيعُ ٱلۡعَلِيمُ","TajweedText":"فَ<tajweed class=ham_wasl>ٱ</tajweed>سْتَجَابَ لَهُ<tajweed class=madda_normal>ۥ</tajweed> رَبُّهُ<tajweed class=madda_normal>ۥ</tajweed> فَصَرَفَ عَنْهُ كَيْدَهُ<tajweed class=ghunnah>نّ</tajweed>َ‌ۚ إِ<tajweed class=ghunnah>نّ</tajweed>َهُ<tajweed class=madda_normal>ۥ</tajweed> هُوَ <tajweed class=ham_wasl>ٱ</tajweed><tajweed class=laam_shamsiyah>ل</tajweed>سَّمِيعُ <tajweed class=ham_wasl>ٱ</tajweed>لْعَل<tajweed class=madda_permissible>ِي</tajweed>مُ <span class=end>٣٤</span>","End":"٣٤","PageNumber":239,"JuzNumber":12,"ManzilNumber":3,"RukuNumber":196,"MaqraNumber":96,"HizbNumber":24,"HizbDecimal":0.75,"HasSajda":false},{"SurahNumber":12,"SurahIndex":"012","VerseNumber":35,"ShowSurahName":false,"ShowBismillah":false,"Text":"ثُمَّ بَدَا لَهُم مِّنۢ بَعۡدِ مَا رَأَوُاْ ٱلۡأٓيَٰتِ لَيَسۡجُنُنَّهُۥ حَتَّىٰ حِينٖ","TajweedText":"ثُ<tajweed class=ghunnah>مّ</tajweed>َ بَدَا لَه<tajweed class=idgham_shafawi>ُم م</tajweed>ّ<tajweed class=iqlab>ِنۢ ب</tajweed>َعْدِ مَا رَأَوُ<tajweed class=slnt>اْ</tajweed> <tajweed class=ham_wasl>ٱ</tajweed>لْأَيَ<tajweed class=madda_normal>ـٰ</tajweed>تِ لَيَسْجُنُ<tajweed class=ghunnah>نّ</tajweed>َهُ<tajweed class=madda_normal>ۥ</tajweed> حَتَّىٰ ح<tajweed class=madda_permissible>ِي</tajweed>نٍ <span class=end>٣٥</span>","End":"٣٥","PageNumber":239,"JuzNumber":12,"ManzilNumber":3,"RukuNumber":196,"MaqraNumber":96,"HizbNumber":24,"HizbDecimal":0.75,"HasSajda":false}]}