{"RukuNumber":500,"Verses":[{"SurahNumber":69,"SurahIndex":"069","VerseNumber":1,"ShowSurahName":true,"ShowBismillah":true,"Text":"ٱلۡحَآقَّةُ","TajweedText":"ٱلْح<tajweed class=madda_necessary>َا</tajweed>ٓقَّةُ <span class=end>١</span>","End":"١","PageNumber":566,"JuzNumber":29,"ManzilNumber":7,"RukuNumber":500,"MaqraNumber":227,"HizbNumber":57,"HizbDecimal":0.5,"HasSajda":false},{"SurahNumber":69,"SurahIndex":"069","VerseNumber":2,"ShowSurahName":false,"ShowBismillah":false,"Text":"مَا ٱلۡحَآقَّةُ","TajweedText":"مَا <tajweed class=ham_wasl>ٱ</tajweed>لْح<tajweed class=madda_necessary>َا</tajweed>ٓقَّةُ <span class=end>٢</span>","End":"٢","PageNumber":566,"JuzNumber":29,"ManzilNumber":7,"RukuNumber":500,"MaqraNumber":227,"HizbNumber":57,"HizbDecimal":0.5,"HasSajda":false},{"SurahNumber":69,"SurahIndex":"069","VerseNumber":3,"ShowSurahName":false,"ShowBismillah":false,"Text":"وَمَآ أَدۡرَىٰكَ مَا ٱلۡحَآقَّةُ","TajweedText":"وَم<tajweed class=madda_obligatory>َآ</tajweed> أَ<tajweed class=qalaqah>دْ</tajweed>رَ<tajweed class=madda_normal>ٮٰ</tajweed>كَ مَا <tajweed class=ham_wasl>ٱ</tajweed>لْح<tajweed class=madda_necessary>َا</tajweed>ٓقَّةُ <span class=end>٣</span>","End":"٣","PageNumber":566,"JuzNumber":29,"ManzilNumber":7,"RukuNumber":500,"MaqraNumber":227,"HizbNumber":57,"HizbDecimal":0.5,"HasSajda":false},{"SurahNumber":69,"SurahIndex":"069","VerseNumber":4,"ShowSurahName":false,"ShowBismillah":false,"Text":"كَذَّبَتۡ ثَمُودُ وَعَادُۢ بِٱلۡقَارِعَةِ","TajweedText":"كَذَّبَتْ ثَمُودُ وَعَا<tajweed class=iqlab>دُۢ ب</tajweed>ِ<tajweed class=ham_wasl>ٱ</tajweed>لْقَارِعَةِ <span class=end>٤</span>","End":"٤","PageNumber":566,"JuzNumber":29,"ManzilNumber":7,"RukuNumber":500,"MaqraNumber":227,"HizbNumber":57,"HizbDecimal":0.5,"HasSajda":false},{"SurahNumber":69,"SurahIndex":"069","VerseNumber":5,"ShowSurahName":false,"ShowBismillah":false,"Text":"فَأَمَّا ثَمُودُ فَأُهۡلِكُواْ بِٱلطَّاغِيَةِ","TajweedText":"فَأَ<tajweed class=ghunnah>مّ</tajweed>َا ثَمُودُ فَأُهْلِكُو<tajweed class=slnt>اْ</tajweed> بِ<tajweed class=ham_wasl>ٱ</tajweed><tajweed class=laam_shamsiyah>ل</tajweed>طَّاغِيَةِ <span class=end>٥</span>","End":"٥","PageNumber":566,"JuzNumber":29,"ManzilNumber":7,"RukuNumber":500,"MaqraNumber":227,"HizbNumber":57,"HizbDecimal":0.5,"HasSajda":false},{"SurahNumber":69,"SurahIndex":"069","VerseNumber":6,"ShowSurahName":false,"ShowBismillah":false,"Text":"وَأَمَّا عَادٞ فَأُهۡلِكُواْ بِرِيحٖ صَرۡصَرٍ عَاتِيَةٖ","TajweedText":"وَأَ<tajweed class=ghunnah>مّ</tajweed>َا عَا<tajweed class=ikhafa>دٌ ف</tajweed>َأُهْلِكُو<tajweed class=slnt>اْ</tajweed> بِرِي<tajweed class=ikhafa>حٍ ص</tajweed>َرْصَرٍ عَاتِيَةٍ <span class=end>٦</span>","End":"٦","PageNumber":566,"JuzNumber":29,"ManzilNumber":7,"RukuNumber":500,"MaqraNumber":227,"HizbNumber":57,"HizbDecimal":0.5,"HasSajda":false},{"SurahNumber":69,"SurahIndex":"069","VerseNumber":7,"ShowSurahName":false,"ShowBismillah":false,"Text":"سَخَّرَهَا عَلَيۡهِمۡ سَبۡعَ لَيَالٖ وَثَمَٰنِيَةَ أَيَّامٍ حُسُومٗاۖ فَتَرَى ٱلۡقَوۡمَ فِيهَا صَرۡعَىٰ كَأَنَّهُمۡ أَعۡجَازُ نَخۡلٍ خَاوِيَةٖ","TajweedText":"سَخَّرَهَا عَلَيْهِمْ سَ<tajweed class=qalaqah>بْ</tajweed>عَ لَيَا<tajweed class=idgham_ghunnah>لٍ و</tajweed>َثَمَ<tajweed class=madda_normal>ـٰ</tajweed>نِيَةَ أَيَّامٍ حُسُو<tajweed class=ikhafa>مًا ف</tajweed>َتَرَى <tajweed class=ham_wasl>ٱ</tajweed>لْقَوْمَ فِيهَا صَرْعَىٰ كَأَ<tajweed class=ghunnah>نّ</tajweed>َهُمْ أَعْجَازُ نَخْلٍ خَاوِيَةٍ <span class=end>٧</span>","End":"٧","PageNumber":566,"JuzNumber":29,"ManzilNumber":7,"RukuNumber":500,"MaqraNumber":227,"HizbNumber":57,"HizbDecimal":0.5,"HasSajda":false},{"SurahNumber":69,"SurahIndex":"069","VerseNumber":8,"ShowSurahName":false,"ShowBismillah":false,"Text":"فَهَلۡ تَرَىٰ لَهُم مِّنۢ بَاقِيَةٖ","TajweedText":"فَهَلْ تَرَىٰ لَه<tajweed class=idgham_shafawi>ُم م</tajweed>ّ<tajweed class=iqlab>ِنۢ ب</tajweed>َاقِيَةٍ <span class=end>٨</span>","End":"٨","PageNumber":566,"JuzNumber":29,"ManzilNumber":7,"RukuNumber":500,"MaqraNumber":227,"HizbNumber":57,"HizbDecimal":0.5,"HasSajda":false},{"SurahNumber":69,"SurahIndex":"069","VerseNumber":9,"ShowSurahName":false,"ShowBismillah":false,"Text":"وَجَآءَ فِرۡعَوۡنُ وَمَن قَبۡلَهُۥ وَٱلۡمُؤۡتَفِكَٰتُ بِٱلۡخَاطِئَةِ","TajweedText":"وَج<tajweed class=madda_obligatory>َا</tajweed>ٓءَ فِرْعَوْنُ وَمَ<tajweed class=ikhafa>ن ق</tajweed>َ<tajweed class=qalaqah>بْ</tajweed>لَهُ<tajweed class=madda_normal>ۥ</tajweed> وَ<tajweed class=ham_wasl>ٱ</tajweed>لْمُؤْتَفِكَ<tajweed class=madda_normal>ـٰ</tajweed>تُ بِ<tajweed class=ham_wasl>ٱ</tajweed>لْخَاطِئَةِ <span class=end>٩</span>","End":"٩","PageNumber":567,"JuzNumber":29,"ManzilNumber":7,"RukuNumber":500,"MaqraNumber":227,"HizbNumber":57,"HizbDecimal":0.5,"HasSajda":false},{"SurahNumber":69,"SurahIndex":"069","VerseNumber":10,"ShowSurahName":false,"ShowBismillah":false,"Text":"فَعَصَوۡاْ رَسُولَ رَبِّهِمۡ فَأَخَذَهُمۡ أَخۡذَةٗ رَّابِيَةً","TajweedText":"فَعَصَوْ<tajweed class=slnt>اْ</tajweed> رَسُولَ رَبِّهِمْ فَأَخَذَهُمْ أَخْذَ<tajweed class=idgham_wo_ghunnah>ةً ر</tajweed>َّابِيَةً <span class=end>١٠</span>","End":"١٠","PageNumber":567,"JuzNumber":29,"ManzilNumber":7,"RukuNumber":500,"MaqraNumber":227,"HizbNumber":57,"HizbDecimal":0.5,"HasSajda":false},{"SurahNumber":69,"SurahIndex":"069","VerseNumber":11,"ShowSurahName":false,"ShowBismillah":false,"Text":"إِنَّا لَمَّا طَغَا ٱلۡمَآءُ حَمَلۡنَٰكُمۡ فِي ٱلۡجَارِيَةِ","TajweedText":"إِ<tajweed class=ghunnah>نّ</tajweed>َا لَ<tajweed class=ghunnah>مّ</tajweed>َا طَغَا <tajweed class=ham_wasl>ٱ</tajweed>لْم<tajweed class=madda_obligatory>َا</tajweed>ٓءُ حَمَلْنَ<tajweed class=madda_normal>ـٰ</tajweed>كُمْ فِى <tajweed class=ham_wasl>ٱ</tajweed>لْجَارِيَةِ <span class=end>١١</span>","End":"١١","PageNumber":567,"JuzNumber":29,"ManzilNumber":7,"RukuNumber":500,"MaqraNumber":227,"HizbNumber":57,"HizbDecimal":0.5,"HasSajda":false},{"SurahNumber":69,"SurahIndex":"069","VerseNumber":12,"ShowSurahName":false,"ShowBismillah":false,"Text":"لِنَجۡعَلَهَا لَكُمۡ تَذۡكِرَةٗ وَتَعِيَهَآ أُذُنٞ وَٰعِيَةٞ","TajweedText":"لِنَ<tajweed class=qalaqah>جْ</tajweed>عَلَهَا لَكُمْ تَذْكِرَ<tajweed class=idgham_ghunnah>ةً و</tajweed>َتَعِيَه<tajweed class=madda_obligatory>َآ</tajweed> أُذُ<tajweed class=idgham_ghunnah>نٌ و</tajweed><tajweed class=madda_normal>َٲ</tajweed>عِيَةٌ <span class=end>١٢</span>","End":"١٢","PageNumber":567,"JuzNumber":29,"ManzilNumber":7,"RukuNumber":500,"MaqraNumber":227,"HizbNumber":57,"HizbDecimal":0.5,"HasSajda":false},{"SurahNumber":69,"SurahIndex":"069","VerseNumber":13,"ShowSurahName":false,"ShowBismillah":false,"Text":"فَإِذَا نُفِخَ فِي ٱلصُّورِ نَفۡخَةٞ وَٰحِدَةٞ","TajweedText":"فَإِذَا نُفِخَ فِى <tajweed class=ham_wasl>ٱ</tajweed><tajweed class=laam_shamsiyah>ل</tajweed>صُّورِ نَفْخَ<tajweed class=idgham_ghunnah>ةٌ و</tajweed><tajweed class=madda_normal>َٲ</tajweed>حِدَةٌ <span class=end>١٣</span>","End":"١٣","PageNumber":567,"JuzNumber":29,"ManzilNumber":7,"RukuNumber":500,"MaqraNumber":227,"HizbNumber":57,"HizbDecimal":0.5,"HasSajda":false},{"SurahNumber":69,"SurahIndex":"069","VerseNumber":14,"ShowSurahName":false,"ShowBismillah":false,"Text":"وَحُمِلَتِ ٱلۡأَرۡضُ وَٱلۡجِبَالُ فَدُكَّتَا دَكَّةٗ وَٰحِدَةٗ","TajweedText":"وَحُمِلَتِ <tajweed class=ham_wasl>ٱ</tajweed>لْأَرْضُ وَ<tajweed class=ham_wasl>ٱ</tajweed>لْجِبَالُ فَدُكَّتَا دَكَّ<tajweed class=idgham_ghunnah>ةً و</tajweed><tajweed class=madda_normal>َٲ</tajweed>حِدَةً <span class=end>١٤</span>","End":"١٤","PageNumber":567,"JuzNumber":29,"ManzilNumber":7,"RukuNumber":500,"MaqraNumber":227,"HizbNumber":57,"HizbDecimal":0.5,"HasSajda":false},{"SurahNumber":69,"SurahIndex":"069","VerseNumber":15,"ShowSurahName":false,"ShowBismillah":false,"Text":"فَيَوۡمَئِذٖ وَقَعَتِ ٱلۡوَاقِعَةُ","TajweedText":"فَيَوْمَئِ<tajweed class=idgham_ghunnah>ذٍ و</tajweed>َقَعَتِ <tajweed class=ham_wasl>ٱ</tajweed>لْوَاقِعَةُ <span class=end>١٥</span>","End":"١٥","PageNumber":567,"JuzNumber":29,"ManzilNumber":7,"RukuNumber":500,"MaqraNumber":227,"HizbNumber":57,"HizbDecimal":0.5,"HasSajda":false},{"SurahNumber":69,"SurahIndex":"069","VerseNumber":16,"ShowSurahName":false,"ShowBismillah":false,"Text":"وَٱنشَقَّتِ ٱلسَّمَآءُ فَهِيَ يَوۡمَئِذٖ وَاهِيَةٞ","TajweedText":"وَ<tajweed class=ham_wasl>ٱ</tajweed><tajweed class=ikhafa>نش</tajweed>َقَّتِ <tajweed class=ham_wasl>ٱ</tajweed><tajweed class=laam_shamsiyah>ل</tajweed>سَّم<tajweed class=madda_obligatory>َا</tajweed>ٓءُ فَهِىَ يَوْمَئِ<tajweed class=idgham_ghunnah>ذٍ و</tajweed>َاهِيَةٌ <span class=end>١٦</span>","End":"١٦","PageNumber":567,"JuzNumber":29,"ManzilNumber":7,"RukuNumber":500,"MaqraNumber":227,"HizbNumber":57,"HizbDecimal":0.5,"HasSajda":false},{"SurahNumber":69,"SurahIndex":"069","VerseNumber":17,"ShowSurahName":false,"ShowBismillah":false,"Text":"وَٱلۡمَلَكُ عَلَىٰٓ أَرۡجَآئِهَاۚ وَيَحۡمِلُ عَرۡشَ رَبِّكَ فَوۡقَهُمۡ يَوۡمَئِذٖ ثَمَٰنِيَةٞ","TajweedText":"وَ<tajweed class=ham_wasl>ٱ</tajweed>لْمَلَكُ عَلَ<tajweed class=madda_obligatory>ىٰٓ</tajweed> أَرْج<tajweed class=madda_obligatory>َا</tajweed>ٓئِهَا‌ۚ وَيَحْمِلُ عَرْشَ رَبِّكَ فَوْقَهُمْ يَوْمَئِ<tajweed class=ikhafa>ذٍ ث</tajweed>َمَ<tajweed class=madda_normal>ـٰ</tajweed>نِيَةٌ <span class=end>١٧</span>","End":"١٧","PageNumber":567,"JuzNumber":29,"ManzilNumber":7,"RukuNumber":500,"MaqraNumber":227,"HizbNumber":57,"HizbDecimal":0.5,"HasSajda":false},{"SurahNumber":69,"SurahIndex":"069","VerseNumber":18,"ShowSurahName":false,"ShowBismillah":false,"Text":"يَوۡمَئِذٖ تُعۡرَضُونَ لَا تَخۡفَىٰ مِنكُمۡ خَافِيَةٞ","TajweedText":"يَوْمَئِ<tajweed class=ikhafa>ذٍ ت</tajweed>ُعْرَضُونَ لَا تَخْفَىٰ مِ<tajweed class=ikhafa>نك</tajweed>ُمْ خَافِيَةٌ <span class=end>١٨</span>","End":"١٨","PageNumber":567,"JuzNumber":29,"ManzilNumber":7,"RukuNumber":500,"MaqraNumber":227,"HizbNumber":57,"HizbDecimal":0.5,"HasSajda":false},{"SurahNumber":69,"SurahIndex":"069","VerseNumber":19,"ShowSurahName":false,"ShowBismillah":false,"Text":"فَأَمَّا مَنۡ أُوتِيَ كِتَٰبَهُۥ بِيَمِينِهِۦ فَيَقُولُ هَآؤُمُ ٱقۡرَءُواْ كِتَٰبِيَهۡ","TajweedText":"فَأَ<tajweed class=ghunnah>مّ</tajweed>َا مَنْ أُوتِىَ كِتَ<tajweed class=madda_normal>ـٰ</tajweed>بَهُ<tajweed class=madda_normal>ۥ</tajweed> بِيَمِينِه<tajweed class=madda_normal>ِۦ</tajweed> فَيَقُولُ ه<tajweed class=madda_obligatory>َا</tajweed>ٓؤُمُ <tajweed class=ham_wasl>ٱ</tajweed><tajweed class=qalaqah>قْ</tajweed>رَءُو<tajweed class=slnt>اْ</tajweed> كِتَ<tajweed class=madda_normal>ـٰ</tajweed>بِيَهْ <span class=end>١٩</span>","End":"١٩","PageNumber":567,"JuzNumber":29,"ManzilNumber":7,"RukuNumber":500,"MaqraNumber":227,"HizbNumber":57,"HizbDecimal":0.5,"HasSajda":false},{"SurahNumber":69,"SurahIndex":"069","VerseNumber":20,"ShowSurahName":false,"ShowBismillah":false,"Text":"إِنِّي ظَنَنتُ أَنِّي مُلَٰقٍ حِسَابِيَهۡ","TajweedText":"إِ<tajweed class=ghunnah>نّ</tajweed>ِى ظَنَ<tajweed class=ikhafa>نت</tajweed>ُ أَ<tajweed class=ghunnah>نّ</tajweed>ِى مُلَ<tajweed class=madda_normal>ـٰ</tajweed>قٍ حِسَابِيَهْ <span class=end>٢٠</span>","End":"٢٠","PageNumber":567,"JuzNumber":29,"ManzilNumber":7,"RukuNumber":500,"MaqraNumber":227,"HizbNumber":57,"HizbDecimal":0.5,"HasSajda":false},{"SurahNumber":69,"SurahIndex":"069","VerseNumber":21,"ShowSurahName":false,"ShowBismillah":false,"Text":"فَهُوَ فِي عِيشَةٖ رَّاضِيَةٖ","TajweedText":"فَهُوَ فِى عِيشَ<tajweed class=idgham_wo_ghunnah>ةٍ ر</tajweed>َّاضِيَةٍ <span class=end>٢١</span>","End":"٢١","PageNumber":567,"JuzNumber":29,"ManzilNumber":7,"RukuNumber":500,"MaqraNumber":227,"HizbNumber":57,"HizbDecimal":0.5,"HasSajda":false},{"SurahNumber":69,"SurahIndex":"069","VerseNumber":22,"ShowSurahName":false,"ShowBismillah":false,"Text":"فِي جَنَّةٍ عَالِيَةٖ","TajweedText":"فِى جَ<tajweed class=ghunnah>نّ</tajweed>َةٍ عَالِيَةٍ <span class=end>٢٢</span>","End":"٢٢","PageNumber":567,"JuzNumber":29,"ManzilNumber":7,"RukuNumber":500,"MaqraNumber":227,"HizbNumber":57,"HizbDecimal":0.5,"HasSajda":false},{"SurahNumber":69,"SurahIndex":"069","VerseNumber":23,"ShowSurahName":false,"ShowBismillah":false,"Text":"قُطُوفُهَا دَانِيَةٞ","TajweedText":"قُطُوفُهَا دَانِيَةٌ <span class=end>٢٣</span>","End":"٢٣","PageNumber":567,"JuzNumber":29,"ManzilNumber":7,"RukuNumber":500,"MaqraNumber":227,"HizbNumber":57,"HizbDecimal":0.5,"HasSajda":false},{"SurahNumber":69,"SurahIndex":"069","VerseNumber":24,"ShowSurahName":false,"ShowBismillah":false,"Text":"كُلُواْ وَٱشۡرَبُواْ هَنِيٓـَٔۢا بِمَآ أَسۡلَفۡتُمۡ فِي ٱلۡأَيَّامِ ٱلۡخَالِيَةِ","TajweedText":"كُلُو<tajweed class=slnt>اْ</tajweed> وَ<tajweed class=ham_wasl>ٱ</tajweed>شْرَبُو<tajweed class=slnt>اْ</tajweed> هَنِ<tajweed class=madda_obligatory>يٓـ</tajweed>ـ<tajweed class=iqlab>ـَٔۢا ب</tajweed>ِم<tajweed class=madda_obligatory>َآ</tajweed> أَسْلَفْتُمْ فِى <tajweed class=ham_wasl>ٱ</tajweed>لْأَيَّامِ <tajweed class=ham_wasl>ٱ</tajweed>لْخَالِيَةِ <span class=end>٢٤</span>","End":"٢٤","PageNumber":567,"JuzNumber":29,"ManzilNumber":7,"RukuNumber":500,"MaqraNumber":227,"HizbNumber":57,"HizbDecimal":0.5,"HasSajda":false},{"SurahNumber":69,"SurahIndex":"069","VerseNumber":25,"ShowSurahName":false,"ShowBismillah":false,"Text":"وَأَمَّا مَنۡ أُوتِيَ كِتَٰبَهُۥ بِشِمَالِهِۦ فَيَقُولُ يَٰلَيۡتَنِي لَمۡ أُوتَ كِتَٰبِيَهۡ","TajweedText":"وَأَ<tajweed class=ghunnah>مّ</tajweed>َا مَنْ أُوتِىَ كِتَ<tajweed class=madda_normal>ـٰ</tajweed>بَهُ<tajweed class=madda_normal>ۥ</tajweed> بِشِمَالِه<tajweed class=madda_normal>ِۦ</tajweed> فَيَقُولُ يَ<tajweed class=madda_normal>ـٰ</tajweed>لَيْتَنِى لَمْ أُوتَ كِتَ<tajweed class=madda_normal>ـٰ</tajweed>بِيَهْ <span class=end>٢٥</span>","End":"٢٥","PageNumber":567,"JuzNumber":29,"ManzilNumber":7,"RukuNumber":500,"MaqraNumber":227,"HizbNumber":57,"HizbDecimal":0.5,"HasSajda":false},{"SurahNumber":69,"SurahIndex":"069","VerseNumber":26,"ShowSurahName":false,"ShowBismillah":false,"Text":"وَلَمۡ أَدۡرِ مَا حِسَابِيَهۡ","TajweedText":"وَلَمْ أَ<tajweed class=qalaqah>دْ</tajweed>رِ مَا حِسَابِيَهْ <span class=end>٢٦</span>","End":"٢٦","PageNumber":567,"JuzNumber":29,"ManzilNumber":7,"RukuNumber":500,"MaqraNumber":227,"HizbNumber":57,"HizbDecimal":0.5,"HasSajda":false},{"SurahNumber":69,"SurahIndex":"069","VerseNumber":27,"ShowSurahName":false,"ShowBismillah":false,"Text":"يَٰلَيۡتَهَا كَانَتِ ٱلۡقَاضِيَةَ","TajweedText":"يَ<tajweed class=madda_normal>ـٰ</tajweed>لَيْتَهَا كَانَتِ <tajweed class=ham_wasl>ٱ</tajweed>لْقَاضِيَةَ <span class=end>٢٧</span>","End":"٢٧","PageNumber":567,"JuzNumber":29,"ManzilNumber":7,"RukuNumber":500,"MaqraNumber":227,"HizbNumber":57,"HizbDecimal":0.5,"HasSajda":false},{"SurahNumber":69,"SurahIndex":"069","VerseNumber":28,"ShowSurahName":false,"ShowBismillah":false,"Text":"مَآ أَغۡنَىٰ عَنِّي مَالِيَهۡۜ","TajweedText":"م<tajweed class=madda_obligatory>َآ</tajweed> أَغْنَىٰ عَ<tajweed class=ghunnah>نّ</tajweed>ِى مَالِيَهْۜ <span class=end>٢٨</span>","End":"٢٨","PageNumber":567,"JuzNumber":29,"ManzilNumber":7,"RukuNumber":500,"MaqraNumber":227,"HizbNumber":57,"HizbDecimal":0.5,"HasSajda":false},{"SurahNumber":69,"SurahIndex":"069","VerseNumber":29,"ShowSurahName":false,"ShowBismillah":false,"Text":"هَلَكَ عَنِّي سُلۡطَٰنِيَهۡ","TajweedText":"هَلَكَ عَ<tajweed class=ghunnah>نّ</tajweed>ِى سُلْطَ<tajweed class=madda_normal>ـٰ</tajweed>نِيَهْ <span class=end>٢٩</span>","End":"٢٩","PageNumber":567,"JuzNumber":29,"ManzilNumber":7,"RukuNumber":500,"MaqraNumber":227,"HizbNumber":57,"HizbDecimal":0.5,"HasSajda":false},{"SurahNumber":69,"SurahIndex":"069","VerseNumber":30,"ShowSurahName":false,"ShowBismillah":false,"Text":"خُذُوهُ فَغُلُّوهُ","TajweedText":"خُذُوهُ فَغُلّ<tajweed class=madda_permissible>ُو</tajweed>هُ <span class=end>٣٠</span>","End":"٣٠","PageNumber":567,"JuzNumber":29,"ManzilNumber":7,"RukuNumber":500,"MaqraNumber":227,"HizbNumber":57,"HizbDecimal":0.5,"HasSajda":false},{"SurahNumber":69,"SurahIndex":"069","VerseNumber":31,"ShowSurahName":false,"ShowBismillah":false,"Text":"ثُمَّ ٱلۡجَحِيمَ صَلُّوهُ","TajweedText":"ثُ<tajweed class=ghunnah>مّ</tajweed>َ <tajweed class=ham_wasl>ٱ</tajweed>لْجَحِيمَ صَلّ<tajweed class=madda_permissible>ُو</tajweed>هُ <span class=end>٣١</span>","End":"٣١","PageNumber":567,"JuzNumber":29,"ManzilNumber":7,"RukuNumber":500,"MaqraNumber":227,"HizbNumber":57,"HizbDecimal":0.5,"HasSajda":false},{"SurahNumber":69,"SurahIndex":"069","VerseNumber":32,"ShowSurahName":false,"ShowBismillah":false,"Text":"ثُمَّ فِي سِلۡسِلَةٖ ذَرۡعُهَا سَبۡعُونَ ذِرَاعٗا فَٱسۡلُكُوهُ","TajweedText":"ثُ<tajweed class=ghunnah>مّ</tajweed>َ فِى سِلْسِلَ<tajweed class=ikhafa>ةٍ ذ</tajweed>َرْعُهَا سَ<tajweed class=qalaqah>بْ</tajweed>عُونَ ذِرَا<tajweed class=ikhafa>عًا ف</tajweed>َ<tajweed class=ham_wasl>ٱ</tajweed>سْلُك<tajweed class=madda_permissible>ُو</tajweed>هُ <span class=end>٣٢</span>","End":"٣٢","PageNumber":567,"JuzNumber":29,"ManzilNumber":7,"RukuNumber":500,"MaqraNumber":227,"HizbNumber":57,"HizbDecimal":0.5,"HasSajda":false},{"SurahNumber":69,"SurahIndex":"069","VerseNumber":33,"ShowSurahName":false,"ShowBismillah":false,"Text":"إِنَّهُۥ كَانَ لَا يُؤۡمِنُ بِٱللَّهِ ٱلۡعَظِيمِ","TajweedText":"إِ<tajweed class=ghunnah>نّ</tajweed>َهُ<tajweed class=madda_normal>ۥ</tajweed> كَانَ لَا يُؤْمِنُ بِ<tajweed class=ham_wasl>ٱ</tajweed>للَّهِ <tajweed class=ham_wasl>ٱ</tajweed>لْعَظ<tajweed class=madda_permissible>ِي</tajweed>مِ <span class=end>٣٣</span>","End":"٣٣","PageNumber":567,"JuzNumber":29,"ManzilNumber":7,"RukuNumber":500,"MaqraNumber":227,"HizbNumber":57,"HizbDecimal":0.5,"HasSajda":false},{"SurahNumber":69,"SurahIndex":"069","VerseNumber":34,"ShowSurahName":false,"ShowBismillah":false,"Text":"وَلَا يَحُضُّ عَلَىٰ طَعَامِ ٱلۡمِسۡكِينِ","TajweedText":"وَلَا يَحُضُّ عَلَىٰ طَعَامِ <tajweed class=ham_wasl>ٱ</tajweed>لْمِسْك<tajweed class=madda_permissible>ِي</tajweed>نِ <span class=end>٣٤</span>","End":"٣٤","PageNumber":567,"JuzNumber":29,"ManzilNumber":7,"RukuNumber":500,"MaqraNumber":227,"HizbNumber":57,"HizbDecimal":0.5,"HasSajda":false},{"SurahNumber":69,"SurahIndex":"069","VerseNumber":35,"ShowSurahName":false,"ShowBismillah":false,"Text":"فَلَيۡسَ لَهُ ٱلۡيَوۡمَ هَٰهُنَا حَمِيمٞ","TajweedText":"فَلَيْسَ لَهُ <tajweed class=ham_wasl>ٱ</tajweed>لْيَوْمَ هَ<tajweed class=madda_normal>ـٰ</tajweed>هُنَا حَم<tajweed class=madda_permissible>ِي</tajweed>مٌ <span class=end>٣٥</span>","End":"٣٥","PageNumber":568,"JuzNumber":29,"ManzilNumber":7,"RukuNumber":500,"MaqraNumber":227,"HizbNumber":57,"HizbDecimal":0.5,"HasSajda":false},{"SurahNumber":69,"SurahIndex":"069","VerseNumber":36,"ShowSurahName":false,"ShowBismillah":false,"Text":"وَلَا طَعَامٌ إِلَّا مِنۡ غِسۡلِينٖ","TajweedText":"وَلَا طَعَامٌ إِلَّا مِنْ غِسْل<tajweed class=madda_permissible>ِي</tajweed>نٍ <span class=end>٣٦</span>","End":"٣٦","PageNumber":568,"JuzNumber":29,"ManzilNumber":7,"RukuNumber":500,"MaqraNumber":227,"HizbNumber":57,"HizbDecimal":0.5,"HasSajda":false},{"SurahNumber":69,"SurahIndex":"069","VerseNumber":37,"ShowSurahName":false,"ShowBismillah":false,"Text":"لَّا يَأۡكُلُهُۥٓ إِلَّا ٱلۡخَٰطِـُٔونَ","TajweedText":"لَّا يَأْكُلُهُ<tajweed class=madda_obligatory>ۥٓ</tajweed> إِلَّا <tajweed class=ham_wasl>ٱ</tajweed>لْخَ<tajweed class=madda_normal>ـٰ</tajweed>طِــٔ<tajweed class=madda_permissible>ُو</tajweed>نَ <span class=end>٣٧</span>","End":"٣٧","PageNumber":568,"JuzNumber":29,"ManzilNumber":7,"RukuNumber":500,"MaqraNumber":227,"HizbNumber":57,"HizbDecimal":0.5,"HasSajda":false}]}