{"RukuNumber":536,"Verses":[{"SurahNumber":94,"SurahIndex":"094","VerseNumber":1,"ShowSurahName":true,"ShowBismillah":true,"Text":"أَلَمۡ نَشۡرَحۡ لَكَ صَدۡرَكَ","TajweedText":"أَلَمْ نَشْرَحْ لَكَ صَ<tajweed class=qalaqah>دْ</tajweed>رَكَ <span class=end>١</span>","End":"١","PageNumber":596,"JuzNumber":30,"ManzilNumber":7,"RukuNumber":536,"MaqraNumber":239,"HizbNumber":60,"HizbDecimal":0.5,"HasSajda":false},{"SurahNumber":94,"SurahIndex":"094","VerseNumber":2,"ShowSurahName":false,"ShowBismillah":false,"Text":"وَوَضَعۡنَا عَنكَ وِزۡرَكَ","TajweedText":"وَوَضَعْنَا عَ<tajweed class=ikhafa>نك</tajweed>َ وِزْرَكَ <span class=end>٢</span>","End":"٢","PageNumber":596,"JuzNumber":30,"ManzilNumber":7,"RukuNumber":536,"MaqraNumber":239,"HizbNumber":60,"HizbDecimal":0.5,"HasSajda":false},{"SurahNumber":94,"SurahIndex":"094","VerseNumber":3,"ShowSurahName":false,"ShowBismillah":false,"Text":"ٱلَّذِيٓ أَنقَضَ ظَهۡرَكَ","TajweedText":"ٱلَّذ<tajweed class=madda_obligatory>ِىٓ</tajweed> أَ<tajweed class=ikhafa>نق</tajweed>َضَ ظَهْرَكَ <span class=end>٣</span>","End":"٣","PageNumber":596,"JuzNumber":30,"ManzilNumber":7,"RukuNumber":536,"MaqraNumber":239,"HizbNumber":60,"HizbDecimal":0.5,"HasSajda":false},{"SurahNumber":94,"SurahIndex":"094","VerseNumber":4,"ShowSurahName":false,"ShowBismillah":false,"Text":"وَرَفَعۡنَا لَكَ ذِكۡرَكَ","TajweedText":"وَرَفَعْنَا لَكَ ذِكْرَكَ <span class=end>٤</span>","End":"٤","PageNumber":596,"JuzNumber":30,"ManzilNumber":7,"RukuNumber":536,"MaqraNumber":239,"HizbNumber":60,"HizbDecimal":0.5,"HasSajda":false},{"SurahNumber":94,"SurahIndex":"094","VerseNumber":5,"ShowSurahName":false,"ShowBismillah":false,"Text":"فَإِنَّ مَعَ ٱلۡعُسۡرِ يُسۡرًا","TajweedText":"فَإِ<tajweed class=ghunnah>نّ</tajweed>َ مَعَ <tajweed class=ham_wasl>ٱ</tajweed>لْعُسْرِ يُسْرًا <span class=end>٥</span>","End":"٥","PageNumber":596,"JuzNumber":30,"ManzilNumber":7,"RukuNumber":536,"MaqraNumber":239,"HizbNumber":60,"HizbDecimal":0.5,"HasSajda":false},{"SurahNumber":94,"SurahIndex":"094","VerseNumber":6,"ShowSurahName":false,"ShowBismillah":false,"Text":"إِنَّ مَعَ ٱلۡعُسۡرِ يُسۡرٗا","TajweedText":"إِ<tajweed class=ghunnah>نّ</tajweed>َ مَعَ <tajweed class=ham_wasl>ٱ</tajweed>لْعُسْرِ يُسْرًا <span class=end>٦</span>","End":"٦","PageNumber":596,"JuzNumber":30,"ManzilNumber":7,"RukuNumber":536,"MaqraNumber":239,"HizbNumber":60,"HizbDecimal":0.5,"HasSajda":false},{"SurahNumber":94,"SurahIndex":"094","VerseNumber":7,"ShowSurahName":false,"ShowBismillah":false,"Text":"فَإِذَا فَرَغۡتَ فَٱنصَبۡ","TajweedText":"فَإِذَا فَرَغْتَ فَ<tajweed class=ham_wasl>ٱ</tajweed><tajweed class=ikhafa>نص</tajweed>َ<tajweed class=qalaqah>بْ</tajweed> <span class=end>٧</span>","End":"٧","PageNumber":596,"JuzNumber":30,"ManzilNumber":7,"RukuNumber":536,"MaqraNumber":239,"HizbNumber":60,"HizbDecimal":0.5,"HasSajda":false},{"SurahNumber":94,"SurahIndex":"094","VerseNumber":8,"ShowSurahName":false,"ShowBismillah":false,"Text":"وَإِلَىٰ رَبِّكَ فَٱرۡغَب","TajweedText":"وَإِلَىٰ رَبِّكَ فَ<tajweed class=ham_wasl>ٱ</tajweed>رْغَ<tajweed class=qalaqah>ب</tajweed> <span class=end>٨</span>","End":"٨","PageNumber":596,"JuzNumber":30,"ManzilNumber":7,"RukuNumber":536,"MaqraNumber":239,"HizbNumber":60,"HizbDecimal":0.5,"HasSajda":false}]}