{"RukuNumber":403,"Verses":[{"SurahNumber":39,"SurahIndex":"039","VerseNumber":71,"ShowSurahName":false,"ShowBismillah":false,"Text":"وَسِيقَ ٱلَّذِينَ كَفَرُوٓاْ إِلَىٰ جَهَنَّمَ زُمَرًاۖ حَتَّىٰٓ إِذَا جَآءُوهَا فُتِحَتۡ أَبۡوَٰبُهَا وَقَالَ لَهُمۡ خَزَنَتُهَآ أَلَمۡ يَأۡتِكُمۡ رُسُلٞ مِّنكُمۡ يَتۡلُونَ عَلَيۡكُمۡ ءَايَٰتِ رَبِّكُمۡ وَيُنذِرُونَكُمۡ لِقَآءَ يَوۡمِكُمۡ هَٰذَاۚ قَالُواْ بَلَىٰ وَلَٰكِنۡ حَقَّتۡ كَلِمَةُ ٱلۡعَذَابِ عَلَى ٱلۡكَٰفِرِينَ","TajweedText":"وَسِيقَ <tajweed class=ham_wasl>ٱ</tajweed>لَّذِينَ كَفَر<tajweed class=madda_obligatory>ُوٓ</tajweed><tajweed class=slnt>اْ</tajweed> إِلَىٰ جَهَ<tajweed class=ghunnah>نّ</tajweed>َمَ زُمَرًا‌ۖ حَتَّ<tajweed class=madda_obligatory>ىٰٓ</tajweed> إِذَا ج<tajweed class=madda_obligatory>َا</tajweed>ٓءُوهَا فُتِحَتْ أَ<tajweed class=qalaqah>بْ</tajweed>و<tajweed class=madda_normal>َٲ</tajweed>بُهَا وَقَالَ لَهُمْ خَزَنَتُه<tajweed class=madda_obligatory>َآ</tajweed> أَلَمْ يَأْتِكُمْ رُسُ<tajweed class=idgham_ghunnah>لٌ م</tajweed>ِّ<tajweed class=ikhafa>نك</tajweed>ُمْ يَتْلُونَ عَلَيْكُمْ ءَايَ<tajweed class=madda_normal>ـٰ</tajweed>تِ رَبِّكُمْ وَيُ<tajweed class=ikhafa>نذ</tajweed>ِرُونَكُمْ لِق<tajweed class=madda_obligatory>َا</tajweed>ٓءَ يَوْمِكُمْ هَ<tajweed class=madda_normal>ـٰ</tajweed>ذَا‌ۚ قَالُو<tajweed class=slnt>اْ</tajweed> بَلَىٰ وَلَ<tajweed class=madda_normal>ـٰ</tajweed>كِنْ حَقَّتْ كَلِمَةُ <tajweed class=ham_wasl>ٱ</tajweed>لْعَذَابِ عَلَى <tajweed class=ham_wasl>ٱ</tajweed>لْكَ<tajweed class=madda_normal>ـٰ</tajweed>فِر<tajweed class=madda_permissible>ِي</tajweed>نَ <span class=end>٧١</span>","End":"٧١","PageNumber":466,"JuzNumber":24,"ManzilNumber":6,"RukuNumber":403,"MaqraNumber":186,"HizbNumber":47,"HizbDecimal":0.25,"HasSajda":false},{"SurahNumber":39,"SurahIndex":"039","VerseNumber":72,"ShowSurahName":false,"ShowBismillah":false,"Text":"قِيلَ ٱدۡخُلُوٓاْ أَبۡوَٰبَ جَهَنَّمَ خَٰلِدِينَ فِيهَاۖ فَبِئۡسَ مَثۡوَى ٱلۡمُتَكَبِّرِينَ","TajweedText":"قِيلَ <tajweed class=ham_wasl>ٱ</tajweed><tajweed class=qalaqah>دْ</tajweed>خُل<tajweed class=madda_obligatory>ُوٓ</tajweed><tajweed class=slnt>اْ</tajweed> أَ<tajweed class=qalaqah>بْ</tajweed>و<tajweed class=madda_normal>َٲ</tajweed>بَ جَهَ<tajweed class=ghunnah>نّ</tajweed>َمَ خَ<tajweed class=madda_normal>ـٰ</tajweed>لِدِينَ فِيهَا‌ۖ فَبِئْسَ مَثْوَى <tajweed class=ham_wasl>ٱ</tajweed>لْمُتَكَبِّر<tajweed class=madda_permissible>ِي</tajweed>نَ <span class=end>٧٢</span>","End":"٧٢","PageNumber":466,"JuzNumber":24,"ManzilNumber":6,"RukuNumber":403,"MaqraNumber":186,"HizbNumber":47,"HizbDecimal":0.25,"HasSajda":false},{"SurahNumber":39,"SurahIndex":"039","VerseNumber":73,"ShowSurahName":false,"ShowBismillah":false,"Text":"وَسِيقَ ٱلَّذِينَ ٱتَّقَوۡاْ رَبَّهُمۡ إِلَى ٱلۡجَنَّةِ زُمَرًاۖ حَتَّىٰٓ إِذَا جَآءُوهَا وَفُتِحَتۡ أَبۡوَٰبُهَا وَقَالَ لَهُمۡ خَزَنَتُهَا سَلَٰمٌ عَلَيۡكُمۡ طِبۡتُمۡ فَٱدۡخُلُوهَا خَٰلِدِينَ","TajweedText":"وَسِيقَ <tajweed class=ham_wasl>ٱ</tajweed>لَّذِينَ <tajweed class=ham_wasl>ٱ</tajweed>تَّقَوْ<tajweed class=slnt>اْ</tajweed> رَبَّهُمْ إِلَى <tajweed class=ham_wasl>ٱ</tajweed>لْجَ<tajweed class=ghunnah>نّ</tajweed>َةِ زُمَرًا‌ۖ حَتَّ<tajweed class=madda_obligatory>ىٰٓ</tajweed> إِذَا ج<tajweed class=madda_obligatory>َا</tajweed>ٓءُوهَا وَفُتِحَتْ أَ<tajweed class=qalaqah>بْ</tajweed>و<tajweed class=madda_normal>َٲ</tajweed>بُهَا وَقَالَ لَهُمْ خَزَنَتُهَا سَلَ<tajweed class=madda_normal>ـٰ</tajweed>مٌ عَلَيْكُمْ طِ<tajweed class=qalaqah>بْ</tajweed>تُمْ فَ<tajweed class=ham_wasl>ٱ</tajweed><tajweed class=qalaqah>دْ</tajweed>خُلُوهَا خَ<tajweed class=madda_normal>ـٰ</tajweed>لِد<tajweed class=madda_permissible>ِي</tajweed>نَ <span class=end>٧٣</span>","End":"٧٣","PageNumber":466,"JuzNumber":24,"ManzilNumber":6,"RukuNumber":403,"MaqraNumber":186,"HizbNumber":47,"HizbDecimal":0.25,"HasSajda":false},{"SurahNumber":39,"SurahIndex":"039","VerseNumber":74,"ShowSurahName":false,"ShowBismillah":false,"Text":"وَقَالُواْ ٱلۡحَمۡدُ لِلَّهِ ٱلَّذِي صَدَقَنَا وَعۡدَهُۥ وَأَوۡرَثَنَا ٱلۡأَرۡضَ نَتَبَوَّأُ مِنَ ٱلۡجَنَّةِ حَيۡثُ نَشَآءُۖ فَنِعۡمَ أَجۡرُ ٱلۡعَٰمِلِينَ","TajweedText":"وَقَالُو<tajweed class=slnt>اْ</tajweed> <tajweed class=ham_wasl>ٱ</tajweed>لْحَمْدُ لِلَّهِ <tajweed class=ham_wasl>ٱ</tajweed>لَّذِى صَدَقَنَا وَعْدَهُ<tajweed class=madda_normal>ۥ</tajweed> وَأَوْرَثَنَا <tajweed class=ham_wasl>ٱ</tajweed>لْأَرْضَ نَتَبَوَّأُ مِنَ <tajweed class=ham_wasl>ٱ</tajweed>لْجَ<tajweed class=ghunnah>نّ</tajweed>َةِ حَيْثُ نَش<tajweed class=madda_obligatory>َا</tajweed>ٓءُ‌ۖ فَنِعْمَ أَ<tajweed class=qalaqah>جْ</tajweed>رُ <tajweed class=ham_wasl>ٱ</tajweed>لْعَ<tajweed class=madda_normal>ـٰ</tajweed>مِل<tajweed class=madda_permissible>ِي</tajweed>نَ <span class=end>٧٤</span>","End":"٧٤","PageNumber":466,"JuzNumber":24,"ManzilNumber":6,"RukuNumber":403,"MaqraNumber":186,"HizbNumber":47,"HizbDecimal":0.25,"HasSajda":false},{"SurahNumber":39,"SurahIndex":"039","VerseNumber":75,"ShowSurahName":false,"ShowBismillah":false,"Text":"وَتَرَى ٱلۡمَلَـٰٓئِكَةَ حَآفِّينَ مِنۡ حَوۡلِ ٱلۡعَرۡشِ يُسَبِّحُونَ بِحَمۡدِ رَبِّهِمۡۚ وَقُضِيَ بَيۡنَهُم بِٱلۡحَقِّۚ وَقِيلَ ٱلۡحَمۡدُ لِلَّهِ رَبِّ ٱلۡعَٰلَمِينَ","TajweedText":"وَتَرَى <tajweed class=ham_wasl>ٱ</tajweed>لْمَلَ<tajweed class=madda_obligatory>ـٰٓ</tajweed>ئِكَةَ ح<tajweed class=madda_necessary>َا</tajweed>ٓفِّينَ مِنْ حَوْلِ <tajweed class=ham_wasl>ٱ</tajweed>لْعَرْشِ يُسَبِّحُونَ بِحَمْدِ رَبِّهِمْ‌ۖ وَقُضِىَ بَيْنَه<tajweed class=ikhafa_shafawi>ُم ب</tajweed>ِ<tajweed class=ham_wasl>ٱ</tajweed>لْحَقِّ وَقِيلَ <tajweed class=ham_wasl>ٱ</tajweed>لْحَمْدُ لِلَّهِ رَبِّ <tajweed class=ham_wasl>ٱ</tajweed>لْعَ<tajweed class=madda_normal>ـٰ</tajweed>لَم<tajweed class=madda_permissible>ِي</tajweed>نَ <span class=end>٧٥</span>","End":"٧٥","PageNumber":467,"JuzNumber":24,"ManzilNumber":6,"RukuNumber":403,"MaqraNumber":186,"HizbNumber":47,"HizbDecimal":0.25,"HasSajda":false}]}