{"RukuNumber":419,"Verses":[{"SurahNumber":42,"SurahIndex":"042","VerseNumber":1,"ShowSurahName":true,"ShowBismillah":true,"Text":"حمٓ","TajweedText":"ح<tajweed class=madda_necessary>مٓ</tajweed> <span class=end>١</span>","End":"١","PageNumber":483,"JuzNumber":25,"ManzilNumber":6,"RukuNumber":419,"MaqraNumber":193,"HizbNumber":49,"HizbDecimal":0.0,"HasSajda":false},{"SurahNumber":42,"SurahIndex":"042","VerseNumber":2,"ShowSurahName":false,"ShowBismillah":false,"Text":"عٓسٓقٓ","TajweedText":"<tajweed class=madda_necessary>عٓ</tajweed><tajweed class=madda_necessary>سٓ</tajweed><tajweed class=madda_necessary>قٓ</tajweed> <span class=end>٢</span>","End":"٢","PageNumber":483,"JuzNumber":25,"ManzilNumber":6,"RukuNumber":419,"MaqraNumber":193,"HizbNumber":49,"HizbDecimal":0.0,"HasSajda":false},{"SurahNumber":42,"SurahIndex":"042","VerseNumber":3,"ShowSurahName":false,"ShowBismillah":false,"Text":"كَذَٰلِكَ يُوحِيٓ إِلَيۡكَ وَإِلَى ٱلَّذِينَ مِن قَبۡلِكَ ٱللَّهُ ٱلۡعَزِيزُ ٱلۡحَكِيمُ","TajweedText":"كَذ<tajweed class=madda_normal>َٲ</tajweed>لِكَ يُوح<tajweed class=madda_obligatory>ِىٓ</tajweed> إِلَيْكَ وَإِلَى <tajweed class=ham_wasl>ٱ</tajweed>لَّذِينَ مِ<tajweed class=ikhafa>ن ق</tajweed>َ<tajweed class=qalaqah>بْ</tajweed>لِكَ <tajweed class=ham_wasl>ٱ</tajweed>للَّهُ <tajweed class=ham_wasl>ٱ</tajweed>لْعَزِيزُ <tajweed class=ham_wasl>ٱ</tajweed>لْحَك<tajweed class=madda_permissible>ِي</tajweed>مُ <span class=end>٣</span>","End":"٣","PageNumber":483,"JuzNumber":25,"ManzilNumber":6,"RukuNumber":419,"MaqraNumber":193,"HizbNumber":49,"HizbDecimal":0.0,"HasSajda":false},{"SurahNumber":42,"SurahIndex":"042","VerseNumber":4,"ShowSurahName":false,"ShowBismillah":false,"Text":"لَهُۥ مَا فِي ٱلسَّمَٰوَٰتِ وَمَا فِي ٱلۡأَرۡضِۖ وَهُوَ ٱلۡعَلِيُّ ٱلۡعَظِيمُ","TajweedText":"لَهُ<tajweed class=madda_normal>ۥ</tajweed> مَا فِى <tajweed class=ham_wasl>ٱ</tajweed><tajweed class=laam_shamsiyah>ل</tajweed>سَّمَ<tajweed class=madda_normal>ـٰ</tajweed>و<tajweed class=madda_normal>َٲ</tajweed>تِ وَمَا فِى <tajweed class=ham_wasl>ٱ</tajweed>لْأَرْضِ‌ۖ وَهُوَ <tajweed class=ham_wasl>ٱ</tajweed>لْعَلِىُّ <tajweed class=ham_wasl>ٱ</tajweed>لْعَظ<tajweed class=madda_permissible>ِي</tajweed>مُ <span class=end>٤</span>","End":"٤","PageNumber":483,"JuzNumber":25,"ManzilNumber":6,"RukuNumber":419,"MaqraNumber":193,"HizbNumber":49,"HizbDecimal":0.0,"HasSajda":false},{"SurahNumber":42,"SurahIndex":"042","VerseNumber":5,"ShowSurahName":false,"ShowBismillah":false,"Text":"تَكَادُ ٱلسَّمَٰوَٰتُ يَتَفَطَّرۡنَ مِن فَوۡقِهِنَّۚ وَٱلۡمَلَـٰٓئِكَةُ يُسَبِّحُونَ بِحَمۡدِ رَبِّهِمۡ وَيَسۡتَغۡفِرُونَ لِمَن فِي ٱلۡأَرۡضِۗ أَلَآ إِنَّ ٱللَّهَ هُوَ ٱلۡغَفُورُ ٱلرَّحِيمُ","TajweedText":"تَكَادُ <tajweed class=ham_wasl>ٱ</tajweed><tajweed class=laam_shamsiyah>ل</tajweed>سَّمَ<tajweed class=madda_normal>ـٰ</tajweed>و<tajweed class=madda_normal>َٲ</tajweed>تُ يَتَفَطَّرْنَ مِ<tajweed class=ikhafa>ن ف</tajweed>َوْقِهِ<tajweed class=ghunnah>نّ</tajweed>َ‌ۚ وَ<tajweed class=ham_wasl>ٱ</tajweed>لْمَلَ<tajweed class=madda_obligatory>ـٰٓ</tajweed>ئِكَةُ يُسَبِّحُونَ بِحَمْدِ رَبِّهِمْ وَيَسْتَغْفِرُونَ لِمَ<tajweed class=ikhafa>ن ف</tajweed>ِى <tajweed class=ham_wasl>ٱ</tajweed>لْأَرْضِ‌ۗ أَل<tajweed class=madda_obligatory>َآ</tajweed> إِ<tajweed class=ghunnah>نّ</tajweed>َ <tajweed class=ham_wasl>ٱ</tajweed>للَّهَ هُوَ <tajweed class=ham_wasl>ٱ</tajweed>لْغَفُورُ <tajweed class=ham_wasl>ٱ</tajweed><tajweed class=laam_shamsiyah>ل</tajweed>رَّح<tajweed class=madda_permissible>ِي</tajweed>مُ <span class=end>٥</span>","End":"٥","PageNumber":483,"JuzNumber":25,"ManzilNumber":6,"RukuNumber":419,"MaqraNumber":193,"HizbNumber":49,"HizbDecimal":0.0,"HasSajda":false},{"SurahNumber":42,"SurahIndex":"042","VerseNumber":6,"ShowSurahName":false,"ShowBismillah":false,"Text":"وَٱلَّذِينَ ٱتَّخَذُواْ مِن دُونِهِۦٓ أَوۡلِيَآءَ ٱللَّهُ حَفِيظٌ عَلَيۡهِمۡ وَمَآ أَنتَ عَلَيۡهِم بِوَكِيلٖ","TajweedText":"وَ<tajweed class=ham_wasl>ٱ</tajweed>لَّذِينَ <tajweed class=ham_wasl>ٱ</tajweed>تَّخَذُو<tajweed class=slnt>اْ</tajweed> مِ<tajweed class=ikhafa>ن د</tajweed>ُونِه<tajweed class=madda_obligatory>ِۦٓ</tajweed> أَوْلِي<tajweed class=madda_obligatory>َا</tajweed>ٓءَ <tajweed class=ham_wasl>ٱ</tajweed>للَّهُ حَفِيظٌ عَلَيْهِمْ وَم<tajweed class=madda_obligatory>َآ</tajweed> أَ<tajweed class=ikhafa>نت</tajweed>َ عَلَيْه<tajweed class=ikhafa_shafawi>ِم ب</tajweed>ِوَك<tajweed class=madda_permissible>ِي</tajweed>لٍ <span class=end>٦</span>","End":"٦","PageNumber":483,"JuzNumber":25,"ManzilNumber":6,"RukuNumber":419,"MaqraNumber":193,"HizbNumber":49,"HizbDecimal":0.0,"HasSajda":false},{"SurahNumber":42,"SurahIndex":"042","VerseNumber":7,"ShowSurahName":false,"ShowBismillah":false,"Text":"وَكَذَٰلِكَ أَوۡحَيۡنَآ إِلَيۡكَ قُرۡءَانًا عَرَبِيّٗا لِّتُنذِرَ أُمَّ ٱلۡقُرَىٰ وَمَنۡ حَوۡلَهَا وَتُنذِرَ يَوۡمَ ٱلۡجَمۡعِ لَا رَيۡبَ فِيهِۚ فَرِيقٞ فِي ٱلۡجَنَّةِ وَفَرِيقٞ فِي ٱلسَّعِيرِ","TajweedText":"وَكَذ<tajweed class=madda_normal>َٲ</tajweed>لِكَ أَوْحَيْن<tajweed class=madda_obligatory>َآ</tajweed> إِلَيْكَ قُرْءَانًا عَرَبِي<tajweed class=idgham_wo_ghunnah>ًّا ل</tajweed>ِّتُ<tajweed class=ikhafa>نذ</tajweed>ِرَ أُ<tajweed class=ghunnah>مّ</tajweed>َ <tajweed class=ham_wasl>ٱ</tajweed>لْقُرَىٰ وَمَنْ حَوْلَهَا وَتُ<tajweed class=ikhafa>نذ</tajweed>ِرَ يَوْمَ <tajweed class=ham_wasl>ٱ</tajweed>لْجَمْعِ لَا رَيْبَ فِيهِ‌ۚ فَرِي<tajweed class=ikhafa>قٌ ف</tajweed>ِى <tajweed class=ham_wasl>ٱ</tajweed>لْجَ<tajweed class=ghunnah>نّ</tajweed>َةِ وَفَرِي<tajweed class=ikhafa>قٌ ف</tajweed>ِى <tajweed class=ham_wasl>ٱ</tajweed><tajweed class=laam_shamsiyah>ل</tajweed>سَّع<tajweed class=madda_permissible>ِي</tajweed>رِ <span class=end>٧</span>","End":"٧","PageNumber":483,"JuzNumber":25,"ManzilNumber":6,"RukuNumber":419,"MaqraNumber":193,"HizbNumber":49,"HizbDecimal":0.0,"HasSajda":false},{"SurahNumber":42,"SurahIndex":"042","VerseNumber":8,"ShowSurahName":false,"ShowBismillah":false,"Text":"وَلَوۡ شَآءَ ٱللَّهُ لَجَعَلَهُمۡ أُمَّةٗ وَٰحِدَةٗ وَلَٰكِن يُدۡخِلُ مَن يَشَآءُ فِي رَحۡمَتِهِۦۚ وَٱلظَّـٰلِمُونَ مَا لَهُم مِّن وَلِيّٖ وَلَا نَصِيرٍ","TajweedText":"وَلَوْ ش<tajweed class=madda_obligatory>َا</tajweed>ٓءَ <tajweed class=ham_wasl>ٱ</tajweed>للَّهُ لَجَعَلَهُمْ أُ<tajweed class=ghunnah>مّ</tajweed>َ<tajweed class=idgham_ghunnah>ةً و</tajweed><tajweed class=madda_normal>َٲ</tajweed>حِدَ<tajweed class=idgham_ghunnah>ةً و</tajweed>َلَ<tajweed class=madda_normal>ـٰ</tajweed>ك<tajweed class=idgham_ghunnah>ِن ي</tajweed>ُ<tajweed class=qalaqah>دْ</tajweed>خِلُ م<tajweed class=idgham_ghunnah>َن ي</tajweed>َش<tajweed class=madda_obligatory>َا</tajweed>ٓءُ فِى رَحْمَتِه<tajweed class=madda_normal>ِۦ</tajweed>‌ۚ وَ<tajweed class=ham_wasl>ٱ</tajweed><tajweed class=laam_shamsiyah>ل</tajweed>ظَّ<tajweed class=madda_normal>ـٰ</tajweed>لِمُونَ مَا لَه<tajweed class=idgham_shafawi>ُم م</tajweed>ّ<tajweed class=idgham_ghunnah>ِن و</tajweed>َلِ<tajweed class=idgham_ghunnah>ىٍّ و</tajweed>َلَا نَص<tajweed class=madda_permissible>ِي</tajweed>رٍ <span class=end>٨</span>","End":"٨","PageNumber":483,"JuzNumber":25,"ManzilNumber":6,"RukuNumber":419,"MaqraNumber":193,"HizbNumber":49,"HizbDecimal":0.0,"HasSajda":false},{"SurahNumber":42,"SurahIndex":"042","VerseNumber":9,"ShowSurahName":false,"ShowBismillah":false,"Text":"أَمِ ٱتَّخَذُواْ مِن دُونِهِۦٓ أَوۡلِيَآءَۖ فَٱللَّهُ هُوَ ٱلۡوَلِيُّ وَهُوَ يُحۡيِ ٱلۡمَوۡتَىٰ وَهُوَ عَلَىٰ كُلِّ شَيۡءٖ قَدِيرٞ","TajweedText":"أَمِ <tajweed class=ham_wasl>ٱ</tajweed>تَّخَذُو<tajweed class=slnt>اْ</tajweed> مِ<tajweed class=ikhafa>ن د</tajweed>ُونِه<tajweed class=madda_obligatory>ِۦٓ</tajweed> أَوْلِي<tajweed class=madda_obligatory>َا</tajweed>ٓءَ‌ۖ فَ<tajweed class=ham_wasl>ٱ</tajweed>للَّهُ هُوَ <tajweed class=ham_wasl>ٱ</tajweed>لْوَلِىُّ وَهُوَ يُحْىِ <tajweed class=ham_wasl>ٱ</tajweed>لْمَوْتَىٰ وَهُوَ عَلَىٰ كُلِّ ش<tajweed class=ikhafa>َىْءٍ ق</tajweed>َد<tajweed class=madda_permissible>ِي</tajweed>رٌ <span class=end>٩</span>","End":"٩","PageNumber":483,"JuzNumber":25,"ManzilNumber":6,"RukuNumber":419,"MaqraNumber":193,"HizbNumber":49,"HizbDecimal":0.0,"HasSajda":false}]}