{"RukuNumber":406,"Verses":[{"SurahNumber":40,"SurahIndex":"040","VerseNumber":21,"ShowSurahName":false,"ShowBismillah":false,"Text":"۞أَوَلَمۡ يَسِيرُواْ فِي ٱلۡأَرۡضِ فَيَنظُرُواْ كَيۡفَ كَانَ عَٰقِبَةُ ٱلَّذِينَ كَانُواْ مِن قَبۡلِهِمۡۚ كَانُواْ هُمۡ أَشَدَّ مِنۡهُمۡ قُوَّةٗ وَءَاثَارٗا فِي ٱلۡأَرۡضِ فَأَخَذَهُمُ ٱللَّهُ بِذُنُوبِهِمۡ وَمَا كَانَ لَهُم مِّنَ ٱللَّهِ مِن وَاقٖ","TajweedText":"۞ أَوَلَمْ يَسِيرُو<tajweed class=slnt>اْ</tajweed> فِى <tajweed class=ham_wasl>ٱ</tajweed>لْأَرْضِ فَيَ<tajweed class=ikhafa>نظ</tajweed>ُرُو<tajweed class=slnt>اْ</tajweed> كَيْفَ كَانَ عَ<tajweed class=madda_normal>ـٰ</tajweed>قِبَةُ <tajweed class=ham_wasl>ٱ</tajweed>لَّذِينَ كَانُو<tajweed class=slnt>اْ</tajweed> مِ<tajweed class=ikhafa>ن ق</tajweed>َ<tajweed class=qalaqah>بْ</tajweed>لِهِمْۚ كَانُو<tajweed class=slnt>اْ</tajweed> هُمْ أَشَدَّ مِنْهُمْ قُوَّ<tajweed class=idgham_ghunnah>ةً و</tajweed>َءَاثَا<tajweed class=ikhafa>رًا ف</tajweed>ِى <tajweed class=ham_wasl>ٱ</tajweed>لْأَرْضِ فَأَخَذَهُمُ <tajweed class=ham_wasl>ٱ</tajweed>للَّهُ بِذُنُوبِهِمْ وَمَا كَانَ لَه<tajweed class=idgham_shafawi>ُم م</tajweed>ِّنَ <tajweed class=ham_wasl>ٱ</tajweed>للَّهِ م<tajweed class=idgham_ghunnah>ِن و</tajweed><tajweed class=madda_permissible>َا</tajweed><tajweed class=qalaqah>ق</tajweed>ٍ <span class=end>٢١</span>","End":"٢١","PageNumber":469,"JuzNumber":24,"ManzilNumber":6,"RukuNumber":406,"MaqraNumber":188,"HizbNumber":47,"HizbDecimal":0.75,"HasSajda":false},{"SurahNumber":40,"SurahIndex":"040","VerseNumber":22,"ShowSurahName":false,"ShowBismillah":false,"Text":"ذَٰلِكَ بِأَنَّهُمۡ كَانَت تَّأۡتِيهِمۡ رُسُلُهُم بِٱلۡبَيِّنَٰتِ فَكَفَرُواْ فَأَخَذَهُمُ ٱللَّهُۚ إِنَّهُۥ قَوِيّٞ شَدِيدُ ٱلۡعِقَابِ","TajweedText":"ذ<tajweed class=madda_normal>َٲ</tajweed>لِكَ بِأَ<tajweed class=ghunnah>نّ</tajweed>َهُمْ كَانَت تَّأْتِيهِمْ رُسُلُه<tajweed class=ikhafa_shafawi>ُم ب</tajweed>ِ<tajweed class=ham_wasl>ٱ</tajweed>لْبَيِّنَ<tajweed class=madda_normal>ـٰ</tajweed>تِ فَكَفَرُو<tajweed class=slnt>اْ</tajweed> فَأَخَذَهُمُ <tajweed class=ham_wasl>ٱ</tajweed>للَّهُۚ إِ<tajweed class=ghunnah>نّ</tajweed>َهُ<tajweed class=madda_normal>ۥ</tajweed> قَوِ<tajweed class=ikhafa>ىٌّ ش</tajweed>َدِيدُ <tajweed class=ham_wasl>ٱ</tajweed>لْعِق<tajweed class=madda_permissible>َا</tajweed><tajweed class=qalaqah>ب</tajweed>ِ <span class=end>٢٢</span>","End":"٢٢","PageNumber":469,"JuzNumber":24,"ManzilNumber":6,"RukuNumber":406,"MaqraNumber":188,"HizbNumber":47,"HizbDecimal":0.75,"HasSajda":false},{"SurahNumber":40,"SurahIndex":"040","VerseNumber":23,"ShowSurahName":false,"ShowBismillah":false,"Text":"وَلَقَدۡ أَرۡسَلۡنَا مُوسَىٰ بِـَٔايَٰتِنَا وَسُلۡطَٰنٖ مُّبِينٍ","TajweedText":"وَلَقَ<tajweed class=qalaqah>دْ</tajweed> أَرْسَلْنَا مُوسَىٰ بِـَٔـايَ<tajweed class=madda_normal>ـٰ</tajweed>تِنَا وَسُلْطَ<tajweed class=madda_normal>ـٰ</tajweed><tajweed class=idgham_ghunnah>نٍ م</tajweed>ُّب<tajweed class=madda_permissible>ِي</tajweed>نٍ <span class=end>٢٣</span>","End":"٢٣","PageNumber":469,"JuzNumber":24,"ManzilNumber":6,"RukuNumber":406,"MaqraNumber":188,"HizbNumber":47,"HizbDecimal":0.75,"HasSajda":false},{"SurahNumber":40,"SurahIndex":"040","VerseNumber":24,"ShowSurahName":false,"ShowBismillah":false,"Text":"إِلَىٰ فِرۡعَوۡنَ وَهَٰمَٰنَ وَقَٰرُونَ فَقَالُواْ سَٰحِرٞ كَذَّابٞ","TajweedText":"إِلَىٰ فِرْعَوْنَ وَهَ<tajweed class=madda_normal>ـٰ</tajweed>مَ<tajweed class=madda_normal>ـٰ</tajweed>نَ وَقَ<tajweed class=madda_normal>ـٰ</tajweed>رُونَ فَقَالُو<tajweed class=slnt>اْ</tajweed> سَ<tajweed class=madda_normal>ـٰ</tajweed>حِ<tajweed class=ikhafa>رٌ ك</tajweed>َذّ<tajweed class=madda_permissible>َا</tajweed><tajweed class=qalaqah>ب</tajweed>ٌ <span class=end>٢٤</span>","End":"٢٤","PageNumber":469,"JuzNumber":24,"ManzilNumber":6,"RukuNumber":406,"MaqraNumber":188,"HizbNumber":47,"HizbDecimal":0.75,"HasSajda":false},{"SurahNumber":40,"SurahIndex":"040","VerseNumber":25,"ShowSurahName":false,"ShowBismillah":false,"Text":"فَلَمَّا جَآءَهُم بِٱلۡحَقِّ مِنۡ عِندِنَا قَالُواْ ٱقۡتُلُوٓاْ أَبۡنَآءَ ٱلَّذِينَ ءَامَنُواْ مَعَهُۥ وَٱسۡتَحۡيُواْ نِسَآءَهُمۡۚ وَمَا كَيۡدُ ٱلۡكَٰفِرِينَ إِلَّا فِي ضَلَٰلٖ","TajweedText":"فَلَ<tajweed class=ghunnah>مّ</tajweed>َا ج<tajweed class=madda_obligatory>َا</tajweed>ٓءَه<tajweed class=ikhafa_shafawi>ُم ب</tajweed>ِ<tajweed class=ham_wasl>ٱ</tajweed>لْحَقِّ مِنْ عِ<tajweed class=ikhafa>ند</tajweed>ِنَا قَالُو<tajweed class=slnt>اْ</tajweed> <tajweed class=ham_wasl>ٱ</tajweed><tajweed class=qalaqah>قْ</tajweed>تُل<tajweed class=madda_obligatory>ُوٓ</tajweed><tajweed class=slnt>اْ</tajweed> أَ<tajweed class=qalaqah>بْ</tajweed>ن<tajweed class=madda_obligatory>َا</tajweed>ٓءَ <tajweed class=ham_wasl>ٱ</tajweed>لَّذِينَ ءَامَنُو<tajweed class=slnt>اْ</tajweed> مَعَهُ<tajweed class=madda_normal>ۥ</tajweed> وَ<tajweed class=ham_wasl>ٱ</tajweed>سْتَحْيُو<tajweed class=slnt>اْ</tajweed> نِس<tajweed class=madda_obligatory>َا</tajweed>ٓءَهُمْۚ وَمَا كَيْدُ <tajweed class=ham_wasl>ٱ</tajweed>لْكَ<tajweed class=madda_normal>ـٰ</tajweed>فِرِينَ إِلَّا فِى ضَلَ<tajweed class=madda_permissible>ـٰ</tajweed>لٍ <span class=end>٢٥</span>","End":"٢٥","PageNumber":469,"JuzNumber":24,"ManzilNumber":6,"RukuNumber":406,"MaqraNumber":188,"HizbNumber":47,"HizbDecimal":0.75,"HasSajda":false},{"SurahNumber":40,"SurahIndex":"040","VerseNumber":26,"ShowSurahName":false,"ShowBismillah":false,"Text":"وَقَالَ فِرۡعَوۡنُ ذَرُونِيٓ أَقۡتُلۡ مُوسَىٰ وَلۡيَدۡعُ رَبَّهُۥٓۖ إِنِّيٓ أَخَافُ أَن يُبَدِّلَ دِينَكُمۡ أَوۡ أَن يُظۡهِرَ فِي ٱلۡأَرۡضِ ٱلۡفَسَادَ","TajweedText":"وَقَالَ فِرْعَوْنُ ذَرُون<tajweed class=madda_obligatory>ِىٓ</tajweed> أَ<tajweed class=qalaqah>قْ</tajweed>تُلْ مُوسَىٰ وَلْيَ<tajweed class=qalaqah>دْ</tajweed>عُ رَبَّهُ<tajweed class=madda_obligatory>ۥٓ‌ۖ</tajweed> إِ<tajweed class=ghunnah>نّ</tajweed><tajweed class=madda_obligatory>ِىٓ</tajweed> أَخَافُ أ<tajweed class=idgham_ghunnah>َن ي</tajweed>ُبَدِّلَ دِينَكُمْ أَوْ أ<tajweed class=idgham_ghunnah>َن ي</tajweed>ُظْهِرَ فِى <tajweed class=ham_wasl>ٱ</tajweed>لْأَرْضِ <tajweed class=ham_wasl>ٱ</tajweed>لْفَس<tajweed class=madda_permissible>َا</tajweed><tajweed class=qalaqah>د</tajweed>َ <span class=end>٢٦</span>","End":"٢٦","PageNumber":470,"JuzNumber":24,"ManzilNumber":6,"RukuNumber":406,"MaqraNumber":188,"HizbNumber":47,"HizbDecimal":0.75,"HasSajda":false},{"SurahNumber":40,"SurahIndex":"040","VerseNumber":27,"ShowSurahName":false,"ShowBismillah":false,"Text":"وَقَالَ مُوسَىٰٓ إِنِّي عُذۡتُ بِرَبِّي وَرَبِّكُم مِّن كُلِّ مُتَكَبِّرٖ لَّا يُؤۡمِنُ بِيَوۡمِ ٱلۡحِسَابِ","TajweedText":"وَقَالَ مُوسَ<tajweed class=madda_obligatory>ىٰٓ</tajweed> إِ<tajweed class=ghunnah>نّ</tajweed>ِى عُذْتُ بِرَبِّى وَرَبِّك<tajweed class=idgham_shafawi>ُم م</tajweed>ِّ<tajweed class=ikhafa>ن ك</tajweed>ُلِّ مُتَكَبِّ<tajweed class=idgham_wo_ghunnah>رٍ ل</tajweed>َّا يُؤْمِنُ بِيَوْمِ <tajweed class=ham_wasl>ٱ</tajweed>لْحِس<tajweed class=madda_permissible>َا</tajweed><tajweed class=qalaqah>ب</tajweed>ِ <span class=end>٢٧</span>","End":"٢٧","PageNumber":470,"JuzNumber":24,"ManzilNumber":6,"RukuNumber":406,"MaqraNumber":188,"HizbNumber":47,"HizbDecimal":0.75,"HasSajda":false}]}