{"RukuNumber":164,"Verses":[{"SurahNumber":9,"SurahIndex":"009","VerseNumber":67,"ShowSurahName":false,"ShowBismillah":false,"Text":"ٱلۡمُنَٰفِقُونَ وَٱلۡمُنَٰفِقَٰتُ بَعۡضُهُم مِّنۢ بَعۡضٖۚ يَأۡمُرُونَ بِٱلۡمُنكَرِ وَيَنۡهَوۡنَ عَنِ ٱلۡمَعۡرُوفِ وَيَقۡبِضُونَ أَيۡدِيَهُمۡۚ نَسُواْ ٱللَّهَ فَنَسِيَهُمۡۚ إِنَّ ٱلۡمُنَٰفِقِينَ هُمُ ٱلۡفَٰسِقُونَ","TajweedText":"ٱلْمُنَ<tajweed class=madda_normal>ـٰ</tajweed>فِقُونَ وَ<tajweed class=ham_wasl>ٱ</tajweed>لْمُنَ<tajweed class=madda_normal>ـٰ</tajweed>فِقَ<tajweed class=madda_normal>ـٰ</tajweed>تُ بَعْضُه<tajweed class=idgham_shafawi>ُم م</tajweed>ّ<tajweed class=iqlab>ِنۢ ب</tajweed>َعْ<tajweed class=idgham_ghunnah>ضٍ‌ۚ ي</tajweed>َأْمُرُونَ بِ<tajweed class=ham_wasl>ٱ</tajweed>لْمُ<tajweed class=ikhafa>نك</tajweed>َرِ وَيَنْهَوْنَ عَنِ <tajweed class=ham_wasl>ٱ</tajweed>لْمَعْرُوفِ وَيَ<tajweed class=qalaqah>قْ</tajweed>بِضُونَ أَيْدِيَهُمْ‌ۚ نَسُو<tajweed class=slnt>اْ</tajweed> <tajweed class=ham_wasl>ٱ</tajweed>للَّهَ فَنَسِيَهُمْ‌ۗ إِ<tajweed class=ghunnah>نّ</tajweed>َ <tajweed class=ham_wasl>ٱ</tajweed>لْمُنَ<tajweed class=madda_normal>ـٰ</tajweed>فِقِينَ هُمُ <tajweed class=ham_wasl>ٱ</tajweed>لْفَ<tajweed class=madda_normal>ـٰ</tajweed>سِق<tajweed class=madda_permissible>ُو</tajweed>نَ <span class=end>٦٧</span>","End":"٦٧","PageNumber":197,"JuzNumber":10,"ManzilNumber":2,"RukuNumber":164,"MaqraNumber":79,"HizbNumber":20,"HizbDecimal":0.5,"HasSajda":false},{"SurahNumber":9,"SurahIndex":"009","VerseNumber":68,"ShowSurahName":false,"ShowBismillah":false,"Text":"وَعَدَ ٱللَّهُ ٱلۡمُنَٰفِقِينَ وَٱلۡمُنَٰفِقَٰتِ وَٱلۡكُفَّارَ نَارَ جَهَنَّمَ خَٰلِدِينَ فِيهَاۚ هِيَ حَسۡبُهُمۡۚ وَلَعَنَهُمُ ٱللَّهُۖ وَلَهُمۡ عَذَابٞ مُّقِيمٞ","TajweedText":"وَعَدَ <tajweed class=ham_wasl>ٱ</tajweed>للَّهُ <tajweed class=ham_wasl>ٱ</tajweed>لْمُنَ<tajweed class=madda_normal>ـٰ</tajweed>فِقِينَ وَ<tajweed class=ham_wasl>ٱ</tajweed>لْمُنَ<tajweed class=madda_normal>ـٰ</tajweed>فِقَ<tajweed class=madda_normal>ـٰ</tajweed>تِ وَ<tajweed class=ham_wasl>ٱ</tajweed>لْكُفَّارَ نَارَ جَهَ<tajweed class=ghunnah>نّ</tajweed>َمَ خَ<tajweed class=madda_normal>ـٰ</tajweed>لِدِينَ فِيهَا‌ۚ هِىَ حَسْبُهُمْ‌ۚ وَلَعَنَهُمُ <tajweed class=ham_wasl>ٱ</tajweed>للَّهُ‌ۖ وَلَهُمْ عَذَا<tajweed class=idgham_ghunnah>بٌ م</tajweed>ُّق<tajweed class=madda_permissible>ِي</tajweed>مٌ <span class=end>٦٨</span>","End":"٦٨","PageNumber":197,"JuzNumber":10,"ManzilNumber":2,"RukuNumber":164,"MaqraNumber":79,"HizbNumber":20,"HizbDecimal":0.5,"HasSajda":false},{"SurahNumber":9,"SurahIndex":"009","VerseNumber":69,"ShowSurahName":false,"ShowBismillah":false,"Text":"كَٱلَّذِينَ مِن قَبۡلِكُمۡ كَانُوٓاْ أَشَدَّ مِنكُمۡ قُوَّةٗ وَأَكۡثَرَ أَمۡوَٰلٗا وَأَوۡلَٰدٗا فَٱسۡتَمۡتَعُواْ بِخَلَٰقِهِمۡ فَٱسۡتَمۡتَعۡتُم بِخَلَٰقِكُمۡ كَمَا ٱسۡتَمۡتَعَ ٱلَّذِينَ مِن قَبۡلِكُم بِخَلَٰقِهِمۡ وَخُضۡتُمۡ كَٱلَّذِي خَاضُوٓاْۚ أُوْلَـٰٓئِكَ حَبِطَتۡ أَعۡمَٰلُهُمۡ فِي ٱلدُّنۡيَا وَٱلۡأٓخِرَةِۖ وَأُوْلَـٰٓئِكَ هُمُ ٱلۡخَٰسِرُونَ","TajweedText":"كَ<tajweed class=ham_wasl>ٱ</tajweed>لَّذِينَ مِ<tajweed class=ikhafa>ن ق</tajweed>َ<tajweed class=qalaqah>بْ</tajweed>لِكُمْ كَان<tajweed class=madda_obligatory>ُوٓ</tajweed><tajweed class=slnt>اْ</tajweed> أَشَدَّ مِ<tajweed class=ikhafa>نك</tajweed>ُمْ قُوَّ<tajweed class=idgham_ghunnah>ةً و</tajweed>َأَكْثَرَ أَمْو<tajweed class=madda_normal>َٲ</tajweed>ل<tajweed class=idgham_ghunnah>اً و</tajweed>َأَوْلَ<tajweed class=madda_normal>ـٰ</tajweed><tajweed class=ikhafa>دًا ف</tajweed>َ<tajweed class=ham_wasl>ٱ</tajweed>سْتَمْتَعُو<tajweed class=slnt>اْ</tajweed> بِخَلَ<tajweed class=madda_normal>ـٰ</tajweed>قِهِمْ فَ<tajweed class=ham_wasl>ٱ</tajweed>سْتَمْتَعْت<tajweed class=ikhafa_shafawi>ُم ب</tajweed>ِخَلَ<tajweed class=madda_normal>ـٰ</tajweed>قِكُمْ كَمَا <tajweed class=ham_wasl>ٱ</tajweed>سْتَمْتَعَ <tajweed class=ham_wasl>ٱ</tajweed>لَّذِينَ مِ<tajweed class=ikhafa>ن ق</tajweed>َ<tajweed class=qalaqah>بْ</tajweed>لِك<tajweed class=ikhafa_shafawi>ُم ب</tajweed>ِخَلَ<tajweed class=madda_normal>ـٰ</tajweed>قِهِمْ وَخُضْتُمْ كَ<tajweed class=ham_wasl>ٱ</tajweed>لَّذِى خَاض<tajweed class=madda_obligatory>ُوٓ<tajweed class=slnt>اْ</tajweed>‌ۚ</tajweed> أُ<tajweed class=slnt>وْ</tajweed>لَ<tajweed class=madda_obligatory>ـٰٓ</tajweed>ئِكَ حَبِطَتْ أَعْمَ<tajweed class=madda_normal>ـٰ</tajweed>لُهُمْ فِى <tajweed class=ham_wasl>ٱ</tajweed><tajweed class=laam_shamsiyah>ل</tajweed>دُّنْيَا وَ<tajweed class=ham_wasl>ٱ</tajweed>لْأَخِرَةِ‌ۖ وَأُ<tajweed class=slnt>وْ</tajweed>لَ<tajweed class=madda_obligatory>ـٰٓ</tajweed>ئِكَ هُمُ <tajweed class=ham_wasl>ٱ</tajweed>لْخَ<tajweed class=madda_normal>ـٰ</tajweed>سِر<tajweed class=madda_permissible>ُو</tajweed>نَ <span class=end>٦٩</span>","End":"٦٩","PageNumber":198,"JuzNumber":10,"ManzilNumber":2,"RukuNumber":164,"MaqraNumber":79,"HizbNumber":20,"HizbDecimal":0.5,"HasSajda":false},{"SurahNumber":9,"SurahIndex":"009","VerseNumber":70,"ShowSurahName":false,"ShowBismillah":false,"Text":"أَلَمۡ يَأۡتِهِمۡ نَبَأُ ٱلَّذِينَ مِن قَبۡلِهِمۡ قَوۡمِ نُوحٖ وَعَادٖ وَثَمُودَ وَقَوۡمِ إِبۡرَٰهِيمَ وَأَصۡحَٰبِ مَدۡيَنَ وَٱلۡمُؤۡتَفِكَٰتِۚ أَتَتۡهُمۡ رُسُلُهُم بِٱلۡبَيِّنَٰتِۖ فَمَا كَانَ ٱللَّهُ لِيَظۡلِمَهُمۡ وَلَٰكِن كَانُوٓاْ أَنفُسَهُمۡ يَظۡلِمُونَ","TajweedText":"أَلَمْ يَأْتِهِمْ نَبَأُ <tajweed class=ham_wasl>ٱ</tajweed>لَّذِينَ مِ<tajweed class=ikhafa>ن ق</tajweed>َ<tajweed class=qalaqah>بْ</tajweed>لِهِمْ قَوْمِ نُو<tajweed class=idgham_ghunnah>حٍ و</tajweed>َعَا<tajweed class=idgham_ghunnah>دٍ و</tajweed>َثَمُودَ وَقَوْمِ إِ<tajweed class=qalaqah>بْ</tajweed>ر<tajweed class=madda_normal>َٲ</tajweed>هِيمَ وَأَصْحَ<tajweed class=madda_normal>ـٰ</tajweed>بِ مَ<tajweed class=qalaqah>دْ</tajweed>يَنَ وَ<tajweed class=ham_wasl>ٱ</tajweed>لْمُؤْتَفِكَ<tajweed class=madda_normal>ـٰ</tajweed>تِ‌ۚ أَتَتْهُمْ رُسُلُه<tajweed class=ikhafa_shafawi>ُم ب</tajweed>ِ<tajweed class=ham_wasl>ٱ</tajweed>لْبَيِّنَ<tajweed class=madda_normal>ـٰ</tajweed>تِ‌ۖ فَمَا كَانَ <tajweed class=ham_wasl>ٱ</tajweed>للَّهُ لِيَظْلِمَهُمْ وَلَ<tajweed class=madda_normal>ـٰ</tajweed>كِ<tajweed class=ikhafa>ن ك</tajweed>َان<tajweed class=madda_obligatory>ُوٓ</tajweed><tajweed class=slnt>اْ</tajweed> أَ<tajweed class=ikhafa>نف</tajweed>ُسَهُمْ يَظْلِم<tajweed class=madda_permissible>ُو</tajweed>نَ <span class=end>٧٠</span>","End":"٧٠","PageNumber":198,"JuzNumber":10,"ManzilNumber":2,"RukuNumber":164,"MaqraNumber":79,"HizbNumber":20,"HizbDecimal":0.5,"HasSajda":false},{"SurahNumber":9,"SurahIndex":"009","VerseNumber":71,"ShowSurahName":false,"ShowBismillah":false,"Text":"وَٱلۡمُؤۡمِنُونَ وَٱلۡمُؤۡمِنَٰتُ بَعۡضُهُمۡ أَوۡلِيَآءُ بَعۡضٖۚ يَأۡمُرُونَ بِٱلۡمَعۡرُوفِ وَيَنۡهَوۡنَ عَنِ ٱلۡمُنكَرِ وَيُقِيمُونَ ٱلصَّلَوٰةَ وَيُؤۡتُونَ ٱلزَّكَوٰةَ وَيُطِيعُونَ ٱللَّهَ وَرَسُولَهُۥٓۚ أُوْلَـٰٓئِكَ سَيَرۡحَمُهُمُ ٱللَّهُۗ إِنَّ ٱللَّهَ عَزِيزٌ حَكِيمٞ","TajweedText":"وَ<tajweed class=ham_wasl>ٱ</tajweed>لْمُؤْمِنُونَ وَ<tajweed class=ham_wasl>ٱ</tajweed>لْمُؤْمِنَ<tajweed class=madda_normal>ـٰ</tajweed>تُ بَعْضُهُمْ أَوْلِي<tajweed class=madda_obligatory>َا</tajweed>ٓءُ بَعْ<tajweed class=idgham_ghunnah>ضٍ‌ۚ ي</tajweed>َأْمُرُونَ بِ<tajweed class=ham_wasl>ٱ</tajweed>لْمَعْرُوفِ وَيَنْهَوْنَ عَنِ <tajweed class=ham_wasl>ٱ</tajweed>لْمُ<tajweed class=ikhafa>نك</tajweed>َرِ وَيُقِيمُونَ <tajweed class=ham_wasl>ٱ</tajweed><tajweed class=laam_shamsiyah>ل</tajweed>صَّلَ<tajweed class=slnt>و</tajweed><tajweed class=madda_normal>ٲ</tajweed>ةَ وَيُؤْتُونَ <tajweed class=ham_wasl>ٱ</tajweed><tajweed class=laam_shamsiyah>ل</tajweed>زَّكَ<tajweed class=slnt>و</tajweed><tajweed class=madda_normal>ٲ</tajweed>ةَ وَيُطِيعُونَ <tajweed class=ham_wasl>ٱ</tajweed>للَّهَ وَرَسُولَهُ<tajweed class=madda_obligatory>ۥٓ‌ۚ</tajweed> أُ<tajweed class=slnt>وْ</tajweed>لَ<tajweed class=madda_obligatory>ـٰٓ</tajweed>ئِكَ سَيَرْحَمُهُمُ <tajweed class=ham_wasl>ٱ</tajweed>للَّهُ‌ۗ إِ<tajweed class=ghunnah>نّ</tajweed>َ <tajweed class=ham_wasl>ٱ</tajweed>للَّهَ عَزِيزٌ حَك<tajweed class=madda_permissible>ِي</tajweed>مٌ <span class=end>٧١</span>","End":"٧١","PageNumber":198,"JuzNumber":10,"ManzilNumber":2,"RukuNumber":164,"MaqraNumber":79,"HizbNumber":20,"HizbDecimal":0.5,"HasSajda":false},{"SurahNumber":9,"SurahIndex":"009","VerseNumber":72,"ShowSurahName":false,"ShowBismillah":false,"Text":"وَعَدَ ٱللَّهُ ٱلۡمُؤۡمِنِينَ وَٱلۡمُؤۡمِنَٰتِ جَنَّـٰتٖ تَجۡرِي مِن تَحۡتِهَا ٱلۡأَنۡهَٰرُ خَٰلِدِينَ فِيهَا وَمَسَٰكِنَ طَيِّبَةٗ فِي جَنَّـٰتِ عَدۡنٖۚ وَرِضۡوَٰنٞ مِّنَ ٱللَّهِ أَكۡبَرُۚ ذَٰلِكَ هُوَ ٱلۡفَوۡزُ ٱلۡعَظِيمُ","TajweedText":"وَعَدَ <tajweed class=ham_wasl>ٱ</tajweed>للَّهُ <tajweed class=ham_wasl>ٱ</tajweed>لْمُؤْمِنِينَ وَ<tajweed class=ham_wasl>ٱ</tajweed>لْمُؤْمِنَ<tajweed class=madda_normal>ـٰ</tajweed>تِ جَ<tajweed class=ghunnah>نّ</tajweed>َ<tajweed class=madda_normal>ـٰ</tajweed><tajweed class=ikhafa>تٍ ت</tajweed>َ<tajweed class=qalaqah>جْ</tajweed>رِى مِ<tajweed class=ikhafa>ن ت</tajweed>َحْتِهَا <tajweed class=ham_wasl>ٱ</tajweed>لْأَنْهَ<tajweed class=madda_normal>ـٰ</tajweed>رُ خَ<tajweed class=madda_normal>ـٰ</tajweed>لِدِينَ فِيهَا وَمَسَ<tajweed class=madda_normal>ـٰ</tajweed>كِنَ طَيِّبَ<tajweed class=ikhafa>ةً ف</tajweed>ِى جَ<tajweed class=ghunnah>نّ</tajweed>َ<tajweed class=madda_normal>ـٰ</tajweed>تِ عَ<tajweed class=qalaqah>دْ</tajweed><tajweed class=idgham_ghunnah>نٍ‌ۚ و</tajweed>َرِضْو<tajweed class=madda_normal>َٲ</tajweed><tajweed class=idgham_ghunnah>نٌ م</tajweed>ِّنَ <tajweed class=ham_wasl>ٱ</tajweed>للَّهِ أَكْبَرُ‌ۚ ذ<tajweed class=madda_normal>َٲ</tajweed>لِكَ هُوَ <tajweed class=ham_wasl>ٱ</tajweed>لْفَوْزُ <tajweed class=ham_wasl>ٱ</tajweed>لْعَظ<tajweed class=madda_permissible>ِي</tajweed>مُ <span class=end>٧٢</span>","End":"٧٢","PageNumber":198,"JuzNumber":10,"ManzilNumber":2,"RukuNumber":164,"MaqraNumber":79,"HizbNumber":20,"HizbDecimal":0.5,"HasSajda":false}]}