{"RukuNumber":480,"Verses":[{"SurahNumber":59,"SurahIndex":"059","VerseNumber":11,"ShowSurahName":false,"ShowBismillah":false,"Text":"۞أَلَمۡ تَرَ إِلَى ٱلَّذِينَ نَافَقُواْ يَقُولُونَ لِإِخۡوَٰنِهِمُ ٱلَّذِينَ كَفَرُواْ مِنۡ أَهۡلِ ٱلۡكِتَٰبِ لَئِنۡ أُخۡرِجۡتُمۡ لَنَخۡرُجَنَّ مَعَكُمۡ وَلَا نُطِيعُ فِيكُمۡ أَحَدًا أَبَدٗا وَإِن قُوتِلۡتُمۡ لَنَنصُرَنَّكُمۡ وَٱللَّهُ يَشۡهَدُ إِنَّهُمۡ لَكَٰذِبُونَ","TajweedText":"۞ أَلَمْ تَرَ إِلَى <tajweed class=ham_wasl>ٱ</tajweed>لَّذِينَ نَافَقُو<tajweed class=slnt>اْ</tajweed> يَقُولُونَ لِإِخْو<tajweed class=madda_normal>َٲ</tajweed>نِهِمُ <tajweed class=ham_wasl>ٱ</tajweed>لَّذِينَ كَفَرُو<tajweed class=slnt>اْ</tajweed> مِنْ أَهْلِ <tajweed class=ham_wasl>ٱ</tajweed>لْكِتَ<tajweed class=madda_normal>ـٰ</tajweed>بِ لَئِنْ أُخْرِ<tajweed class=qalaqah>جْ</tajweed>تُمْ لَنَخْرُجَ<tajweed class=ghunnah>نّ</tajweed>َ مَعَكُمْ وَلَا نُطِيعُ فِيكُمْ أَحَدًا أَبَ<tajweed class=idgham_ghunnah>دًا و</tajweed>َإِ<tajweed class=ikhafa>ن ق</tajweed>ُوتِلْتُمْ لَنَ<tajweed class=ikhafa>نص</tajweed>ُرَ<tajweed class=ghunnah>نّ</tajweed>َكُمْ وَ<tajweed class=ham_wasl>ٱ</tajweed>للَّهُ يَشْهَدُ إِ<tajweed class=ghunnah>نّ</tajweed>َهُمْ لَكَ<tajweed class=madda_normal>ـٰ</tajweed>ذِب<tajweed class=madda_permissible>ُو</tajweed>نَ <span class=end>١١</span>","End":"١١","PageNumber":547,"JuzNumber":28,"ManzilNumber":7,"RukuNumber":480,"MaqraNumber":219,"HizbNumber":55,"HizbDecimal":0.5,"HasSajda":false},{"SurahNumber":59,"SurahIndex":"059","VerseNumber":12,"ShowSurahName":false,"ShowBismillah":false,"Text":"لَئِنۡ أُخۡرِجُواْ لَا يَخۡرُجُونَ مَعَهُمۡ وَلَئِن قُوتِلُواْ لَا يَنصُرُونَهُمۡ وَلَئِن نَّصَرُوهُمۡ لَيُوَلُّنَّ ٱلۡأَدۡبَٰرَ ثُمَّ لَا يُنصَرُونَ","TajweedText":"لَئِنْ أُخْرِجُو<tajweed class=slnt>اْ</tajweed> لَا يَخْرُجُونَ مَعَهُمْ وَلَئِ<tajweed class=ikhafa>ن ق</tajweed>ُوتِلُو<tajweed class=slnt>اْ</tajweed> لَا يَ<tajweed class=ikhafa>نص</tajweed>ُرُونَهُمْ وَلَئ<tajweed class=idgham_ghunnah>ِن ن</tajweed>َّصَرُوهُمْ لَيُوَلُّ<tajweed class=ghunnah>نّ</tajweed>َ <tajweed class=ham_wasl>ٱ</tajweed>لْأَ<tajweed class=qalaqah>دْ</tajweed>بَ<tajweed class=madda_normal>ـٰ</tajweed>رَ ثُ<tajweed class=ghunnah>مّ</tajweed>َ لَا يُ<tajweed class=ikhafa>نص</tajweed>َر<tajweed class=madda_permissible>ُو</tajweed>نَ <span class=end>١٢</span>","End":"١٢","PageNumber":547,"JuzNumber":28,"ManzilNumber":7,"RukuNumber":480,"MaqraNumber":219,"HizbNumber":55,"HizbDecimal":0.5,"HasSajda":false},{"SurahNumber":59,"SurahIndex":"059","VerseNumber":13,"ShowSurahName":false,"ShowBismillah":false,"Text":"لَأَنتُمۡ أَشَدُّ رَهۡبَةٗ فِي صُدُورِهِم مِّنَ ٱللَّهِۚ ذَٰلِكَ بِأَنَّهُمۡ قَوۡمٞ لَّا يَفۡقَهُونَ","TajweedText":"لَأَ<tajweed class=ikhafa>نت</tajweed>ُمْ أَشَدُّ رَهْبَ<tajweed class=ikhafa>ةً ف</tajweed>ِى صُدُورِه<tajweed class=idgham_shafawi>ِم م</tajweed>ِّنَ <tajweed class=ham_wasl>ٱ</tajweed>للَّهِ‌ۚ ذ<tajweed class=madda_normal>َٲ</tajweed>لِكَ بِأَ<tajweed class=ghunnah>نّ</tajweed>َهُمْ قَوْ<tajweed class=idgham_wo_ghunnah>مٌ ل</tajweed>َّا يَفْقَه<tajweed class=madda_permissible>ُو</tajweed>نَ <span class=end>١٣</span>","End":"١٣","PageNumber":547,"JuzNumber":28,"ManzilNumber":7,"RukuNumber":480,"MaqraNumber":219,"HizbNumber":55,"HizbDecimal":0.5,"HasSajda":false},{"SurahNumber":59,"SurahIndex":"059","VerseNumber":14,"ShowSurahName":false,"ShowBismillah":false,"Text":"لَا يُقَٰتِلُونَكُمۡ جَمِيعًا إِلَّا فِي قُرٗى مُّحَصَّنَةٍ أَوۡ مِن وَرَآءِ جُدُرِۭۚ بَأۡسُهُم بَيۡنَهُمۡ شَدِيدٞۚ تَحۡسَبُهُمۡ جَمِيعٗا وَقُلُوبُهُمۡ شَتَّىٰۚ ذَٰلِكَ بِأَنَّهُمۡ قَوۡمٞ لَّا يَعۡقِلُونَ","TajweedText":"لَا يُقَ<tajweed class=madda_normal>ـٰ</tajweed>تِلُونَكُمْ جَمِيعًا إِلَّا فِى قُ<tajweed class=idgham_ghunnah>رًى م</tajweed>ُّحَصَّنَةٍ أَوْ م<tajweed class=idgham_ghunnah>ِن و</tajweed>َر<tajweed class=madda_obligatory>َا</tajweed>ٓءِ جُدُ<tajweed class=iqlab>رِۭ‌ۚ ب</tajweed>َأْسُه<tajweed class=ikhafa_shafawi>ُم ب</tajweed>َيْنَهُمْ شَدِي<tajweed class=ikhafa>دٌ‌ۚ ت</tajweed>َحْسَبُهُمْ جَمِي<tajweed class=idgham_ghunnah>عًا و</tajweed>َقُلُوبُهُمْ شَتَّىٰ‌ۚ ذ<tajweed class=madda_normal>َٲ</tajweed>لِكَ بِأَ<tajweed class=ghunnah>نّ</tajweed>َهُمْ قَوْ<tajweed class=idgham_wo_ghunnah>مٌ ل</tajweed>َّا يَعْقِل<tajweed class=madda_permissible>ُو</tajweed>نَ <span class=end>١٤</span>","End":"١٤","PageNumber":547,"JuzNumber":28,"ManzilNumber":7,"RukuNumber":480,"MaqraNumber":219,"HizbNumber":55,"HizbDecimal":0.5,"HasSajda":false},{"SurahNumber":59,"SurahIndex":"059","VerseNumber":15,"ShowSurahName":false,"ShowBismillah":false,"Text":"كَمَثَلِ ٱلَّذِينَ مِن قَبۡلِهِمۡ قَرِيبٗاۖ ذَاقُواْ وَبَالَ أَمۡرِهِمۡ وَلَهُمۡ عَذَابٌ أَلِيمٞ","TajweedText":"كَمَثَلِ <tajweed class=ham_wasl>ٱ</tajweed>لَّذِينَ مِ<tajweed class=ikhafa>ن ق</tajweed>َ<tajweed class=qalaqah>بْ</tajweed>لِهِمْ قَرِي<tajweed class=ikhafa>بًا‌ۖ ذ</tajweed>َاقُو<tajweed class=slnt>اْ</tajweed> وَبَالَ أَمْرِهِمْ وَلَهُمْ عَذَابٌ أَل<tajweed class=madda_permissible>ِي</tajweed>مٌ <span class=end>١٥</span>","End":"١٥","PageNumber":547,"JuzNumber":28,"ManzilNumber":7,"RukuNumber":480,"MaqraNumber":219,"HizbNumber":55,"HizbDecimal":0.5,"HasSajda":false},{"SurahNumber":59,"SurahIndex":"059","VerseNumber":16,"ShowSurahName":false,"ShowBismillah":false,"Text":"كَمَثَلِ ٱلشَّيۡطَٰنِ إِذۡ قَالَ لِلۡإِنسَٰنِ ٱكۡفُرۡ فَلَمَّا كَفَرَ قَالَ إِنِّي بَرِيٓءٞ مِّنكَ إِنِّيٓ أَخَافُ ٱللَّهَ رَبَّ ٱلۡعَٰلَمِينَ","TajweedText":"كَمَثَلِ <tajweed class=ham_wasl>ٱ</tajweed><tajweed class=laam_shamsiyah>ل</tajweed>شَّيْطَ<tajweed class=madda_normal>ـٰ</tajweed>نِ إِذْ قَالَ لِلْإِ<tajweed class=ikhafa>نس</tajweed>َ<tajweed class=madda_normal>ـٰ</tajweed>نِ <tajweed class=ham_wasl>ٱ</tajweed>كْفُرْ فَلَ<tajweed class=ghunnah>مّ</tajweed>َا كَفَرَ قَالَ إِ<tajweed class=ghunnah>نّ</tajweed>ِى بَر<tajweed class=madda_obligatory>ِى</tajweed>ٓ<tajweed class=idgham_ghunnah>ءٌ م</tajweed>ِّ<tajweed class=ikhafa>نك</tajweed>َ إِ<tajweed class=ghunnah>نّ</tajweed><tajweed class=madda_obligatory>ِىٓ</tajweed> أَخَافُ <tajweed class=ham_wasl>ٱ</tajweed>للَّهَ رَبَّ <tajweed class=ham_wasl>ٱ</tajweed>لْعَ<tajweed class=madda_normal>ـٰ</tajweed>لَم<tajweed class=madda_permissible>ِي</tajweed>نَ <span class=end>١٦</span>","End":"١٦","PageNumber":547,"JuzNumber":28,"ManzilNumber":7,"RukuNumber":480,"MaqraNumber":219,"HizbNumber":55,"HizbDecimal":0.5,"HasSajda":false},{"SurahNumber":59,"SurahIndex":"059","VerseNumber":17,"ShowSurahName":false,"ShowBismillah":false,"Text":"فَكَانَ عَٰقِبَتَهُمَآ أَنَّهُمَا فِي ٱلنَّارِ خَٰلِدَيۡنِ فِيهَاۚ وَذَٰلِكَ جَزَـٰٓؤُاْ ٱلظَّـٰلِمِينَ","TajweedText":"فَكَانَ عَ<tajweed class=madda_normal>ـٰ</tajweed>قِبَتَهُم<tajweed class=madda_obligatory>َآ</tajweed> أَ<tajweed class=ghunnah>نّ</tajweed>َهُمَا فِى <tajweed class=ham_wasl>ٱ</tajweed><tajweed class=laam_shamsiyah>ل</tajweed><tajweed class=ghunnah>نّ</tajweed>َارِ خَ<tajweed class=madda_normal>ـٰ</tajweed>لِدَيْنِ فِيهَا‌ۚ وَذ<tajweed class=madda_normal>َٲ</tajweed>لِكَ جَز<tajweed class=madda_obligatory>َٲ</tajweed>ٓؤُ<tajweed class=slnt>اْ</tajweed> <tajweed class=ham_wasl>ٱ</tajweed><tajweed class=laam_shamsiyah>ل</tajweed>ظَّ<tajweed class=madda_normal>ـٰ</tajweed>لِم<tajweed class=madda_permissible>ِي</tajweed>نَ <span class=end>١٧</span>","End":"١٧","PageNumber":548,"JuzNumber":28,"ManzilNumber":7,"RukuNumber":480,"MaqraNumber":219,"HizbNumber":55,"HizbDecimal":0.5,"HasSajda":false}]}