{"RukuNumber":522,"Verses":[{"SurahNumber":80,"SurahIndex":"080","VerseNumber":1,"ShowSurahName":true,"ShowBismillah":true,"Text":"عَبَسَ وَتَوَلَّىٰٓ","TajweedText":"عَبَسَ وَتَوَلَّىٰٓ <span class=end>١</span>","End":"١","PageNumber":585,"JuzNumber":30,"ManzilNumber":7,"RukuNumber":522,"MaqraNumber":234,"HizbNumber":59,"HizbDecimal":0.25,"HasSajda":false},{"SurahNumber":80,"SurahIndex":"080","VerseNumber":2,"ShowSurahName":false,"ShowBismillah":false,"Text":"أَن جَآءَهُ ٱلۡأَعۡمَىٰ","TajweedText":"أَ<tajweed class=ikhafa>ن ج</tajweed><tajweed class=madda_obligatory>َا</tajweed>ٓءَهُ <tajweed class=ham_wasl>ٱ</tajweed>لْأَعْمَىٰ <span class=end>٢</span>","End":"٢","PageNumber":585,"JuzNumber":30,"ManzilNumber":7,"RukuNumber":522,"MaqraNumber":234,"HizbNumber":59,"HizbDecimal":0.25,"HasSajda":false},{"SurahNumber":80,"SurahIndex":"080","VerseNumber":3,"ShowSurahName":false,"ShowBismillah":false,"Text":"وَمَا يُدۡرِيكَ لَعَلَّهُۥ يَزَّكَّىٰٓ","TajweedText":"وَمَا يُ<tajweed class=qalaqah>دْ</tajweed>رِيكَ لَعَلَّهُ<tajweed class=madda_normal>ۥ</tajweed> يَزَّكَّىٰٓ <span class=end>٣</span>","End":"٣","PageNumber":585,"JuzNumber":30,"ManzilNumber":7,"RukuNumber":522,"MaqraNumber":234,"HizbNumber":59,"HizbDecimal":0.25,"HasSajda":false},{"SurahNumber":80,"SurahIndex":"080","VerseNumber":4,"ShowSurahName":false,"ShowBismillah":false,"Text":"أَوۡ يَذَّكَّرُ فَتَنفَعَهُ ٱلذِّكۡرَىٰٓ","TajweedText":"أَوْ يَذَّكَّرُ فَتَ<tajweed class=ikhafa>نف</tajweed>َعَهُ <tajweed class=ham_wasl>ٱ</tajweed><tajweed class=laam_shamsiyah>ل</tajweed>ذِّكْرَىٰٓ <span class=end>٤</span>","End":"٤","PageNumber":585,"JuzNumber":30,"ManzilNumber":7,"RukuNumber":522,"MaqraNumber":234,"HizbNumber":59,"HizbDecimal":0.25,"HasSajda":false},{"SurahNumber":80,"SurahIndex":"080","VerseNumber":5,"ShowSurahName":false,"ShowBismillah":false,"Text":"أَمَّا مَنِ ٱسۡتَغۡنَىٰ","TajweedText":"أَ<tajweed class=ghunnah>مّ</tajweed>َا مَنِ <tajweed class=ham_wasl>ٱ</tajweed>سْتَغْنَىٰ <span class=end>٥</span>","End":"٥","PageNumber":585,"JuzNumber":30,"ManzilNumber":7,"RukuNumber":522,"MaqraNumber":234,"HizbNumber":59,"HizbDecimal":0.25,"HasSajda":false},{"SurahNumber":80,"SurahIndex":"080","VerseNumber":6,"ShowSurahName":false,"ShowBismillah":false,"Text":"فَأَنتَ لَهُۥ تَصَدَّىٰ","TajweedText":"فَأَ<tajweed class=ikhafa>نت</tajweed>َ لَهُ<tajweed class=madda_normal>ۥ</tajweed> تَصَدَّىٰ <span class=end>٦</span>","End":"٦","PageNumber":585,"JuzNumber":30,"ManzilNumber":7,"RukuNumber":522,"MaqraNumber":234,"HizbNumber":59,"HizbDecimal":0.25,"HasSajda":false},{"SurahNumber":80,"SurahIndex":"080","VerseNumber":7,"ShowSurahName":false,"ShowBismillah":false,"Text":"وَمَا عَلَيۡكَ أَلَّا يَزَّكَّىٰ","TajweedText":"وَمَا عَلَيْكَ أَلَّا يَزَّكَّىٰ <span class=end>٧</span>","End":"٧","PageNumber":585,"JuzNumber":30,"ManzilNumber":7,"RukuNumber":522,"MaqraNumber":234,"HizbNumber":59,"HizbDecimal":0.25,"HasSajda":false},{"SurahNumber":80,"SurahIndex":"080","VerseNumber":8,"ShowSurahName":false,"ShowBismillah":false,"Text":"وَأَمَّا مَن جَآءَكَ يَسۡعَىٰ","TajweedText":"وَأَ<tajweed class=ghunnah>مّ</tajweed>َا مَ<tajweed class=ikhafa>ن ج</tajweed><tajweed class=madda_obligatory>َا</tajweed>ٓءَكَ يَسْعَىٰ <span class=end>٨</span>","End":"٨","PageNumber":585,"JuzNumber":30,"ManzilNumber":7,"RukuNumber":522,"MaqraNumber":234,"HizbNumber":59,"HizbDecimal":0.25,"HasSajda":false},{"SurahNumber":80,"SurahIndex":"080","VerseNumber":9,"ShowSurahName":false,"ShowBismillah":false,"Text":"وَهُوَ يَخۡشَىٰ","TajweedText":"وَهُوَ يَخْشَىٰ <span class=end>٩</span>","End":"٩","PageNumber":585,"JuzNumber":30,"ManzilNumber":7,"RukuNumber":522,"MaqraNumber":234,"HizbNumber":59,"HizbDecimal":0.25,"HasSajda":false},{"SurahNumber":80,"SurahIndex":"080","VerseNumber":10,"ShowSurahName":false,"ShowBismillah":false,"Text":"فَأَنتَ عَنۡهُ تَلَهَّىٰ","TajweedText":"فَأَ<tajweed class=ikhafa>نت</tajweed>َ عَنْهُ تَلَهَّىٰ <span class=end>١٠</span>","End":"١٠","PageNumber":585,"JuzNumber":30,"ManzilNumber":7,"RukuNumber":522,"MaqraNumber":234,"HizbNumber":59,"HizbDecimal":0.25,"HasSajda":false},{"SurahNumber":80,"SurahIndex":"080","VerseNumber":11,"ShowSurahName":false,"ShowBismillah":false,"Text":"كَلَّآ إِنَّهَا تَذۡكِرَةٞ","TajweedText":"كَلّ<tajweed class=madda_obligatory>َآ</tajweed> إِ<tajweed class=ghunnah>نّ</tajweed>َهَا تَذْكِرَةٌ <span class=end>١١</span>","End":"١١","PageNumber":585,"JuzNumber":30,"ManzilNumber":7,"RukuNumber":522,"MaqraNumber":234,"HizbNumber":59,"HizbDecimal":0.25,"HasSajda":false},{"SurahNumber":80,"SurahIndex":"080","VerseNumber":12,"ShowSurahName":false,"ShowBismillah":false,"Text":"فَمَن شَآءَ ذَكَرَهُۥ","TajweedText":"فَمَ<tajweed class=ikhafa>ن ش</tajweed><tajweed class=madda_obligatory>َا</tajweed>ٓءَ ذَكَرَهُۥ <span class=end>١٢</span>","End":"١٢","PageNumber":585,"JuzNumber":30,"ManzilNumber":7,"RukuNumber":522,"MaqraNumber":234,"HizbNumber":59,"HizbDecimal":0.25,"HasSajda":false},{"SurahNumber":80,"SurahIndex":"080","VerseNumber":13,"ShowSurahName":false,"ShowBismillah":false,"Text":"فِي صُحُفٖ مُّكَرَّمَةٖ","TajweedText":"فِى صُحُ<tajweed class=idgham_ghunnah>فٍ م</tajweed>ُّكَرَّمَةٍ <span class=end>١٣</span>","End":"١٣","PageNumber":585,"JuzNumber":30,"ManzilNumber":7,"RukuNumber":522,"MaqraNumber":234,"HizbNumber":59,"HizbDecimal":0.25,"HasSajda":false},{"SurahNumber":80,"SurahIndex":"080","VerseNumber":14,"ShowSurahName":false,"ShowBismillah":false,"Text":"مَّرۡفُوعَةٖ مُّطَهَّرَةِۭ","TajweedText":"مَّرْفُوعَ<tajweed class=idgham_ghunnah>ةٍ م</tajweed>ُّطَهَّرَةِۭ <span class=end>١٤</span>","End":"١٤","PageNumber":585,"JuzNumber":30,"ManzilNumber":7,"RukuNumber":522,"MaqraNumber":234,"HizbNumber":59,"HizbDecimal":0.25,"HasSajda":false},{"SurahNumber":80,"SurahIndex":"080","VerseNumber":15,"ShowSurahName":false,"ShowBismillah":false,"Text":"بِأَيۡدِي سَفَرَةٖ","TajweedText":"بِأَيْدِى سَفَرَةٍ <span class=end>١٥</span>","End":"١٥","PageNumber":585,"JuzNumber":30,"ManzilNumber":7,"RukuNumber":522,"MaqraNumber":234,"HizbNumber":59,"HizbDecimal":0.25,"HasSajda":false},{"SurahNumber":80,"SurahIndex":"080","VerseNumber":16,"ShowSurahName":false,"ShowBismillah":false,"Text":"كِرَامِۭ بَرَرَةٖ","TajweedText":"كِرَا<tajweed class=iqlab>مِۭ ب</tajweed>َرَرَةٍ <span class=end>١٦</span>","End":"١٦","PageNumber":585,"JuzNumber":30,"ManzilNumber":7,"RukuNumber":522,"MaqraNumber":234,"HizbNumber":59,"HizbDecimal":0.25,"HasSajda":false},{"SurahNumber":80,"SurahIndex":"080","VerseNumber":17,"ShowSurahName":false,"ShowBismillah":false,"Text":"قُتِلَ ٱلۡإِنسَٰنُ مَآ أَكۡفَرَهُۥ","TajweedText":"قُتِلَ <tajweed class=ham_wasl>ٱ</tajweed>لْإِ<tajweed class=ikhafa>نس</tajweed>َ<tajweed class=madda_normal>ـٰ</tajweed>نُ م<tajweed class=madda_obligatory>َآ</tajweed> أَكْفَرَهُۥ <span class=end>١٧</span>","End":"١٧","PageNumber":585,"JuzNumber":30,"ManzilNumber":7,"RukuNumber":522,"MaqraNumber":234,"HizbNumber":59,"HizbDecimal":0.25,"HasSajda":false},{"SurahNumber":80,"SurahIndex":"080","VerseNumber":18,"ShowSurahName":false,"ShowBismillah":false,"Text":"مِنۡ أَيِّ شَيۡءٍ خَلَقَهُۥ","TajweedText":"مِنْ أَىِّ شَىْءٍ خَلَقَهُۥ <span class=end>١٨</span>","End":"١٨","PageNumber":585,"JuzNumber":30,"ManzilNumber":7,"RukuNumber":522,"MaqraNumber":234,"HizbNumber":59,"HizbDecimal":0.25,"HasSajda":false},{"SurahNumber":80,"SurahIndex":"080","VerseNumber":19,"ShowSurahName":false,"ShowBismillah":false,"Text":"مِن نُّطۡفَةٍ خَلَقَهُۥ فَقَدَّرَهُۥ","TajweedText":"م<tajweed class=idgham_ghunnah>ِن ن</tajweed>ُّ<tajweed class=qalaqah>طْ</tajweed>فَةٍ خَلَقَهُ<tajweed class=madda_normal>ۥ</tajweed> فَقَدَّرَهُۥ <span class=end>١٩</span>","End":"١٩","PageNumber":585,"JuzNumber":30,"ManzilNumber":7,"RukuNumber":522,"MaqraNumber":234,"HizbNumber":59,"HizbDecimal":0.25,"HasSajda":false},{"SurahNumber":80,"SurahIndex":"080","VerseNumber":20,"ShowSurahName":false,"ShowBismillah":false,"Text":"ثُمَّ ٱلسَّبِيلَ يَسَّرَهُۥ","TajweedText":"ثُ<tajweed class=ghunnah>مّ</tajweed>َ <tajweed class=ham_wasl>ٱ</tajweed><tajweed class=laam_shamsiyah>ل</tajweed>سَّبِيلَ يَسَّرَهُۥ <span class=end>٢٠</span>","End":"٢٠","PageNumber":585,"JuzNumber":30,"ManzilNumber":7,"RukuNumber":522,"MaqraNumber":234,"HizbNumber":59,"HizbDecimal":0.25,"HasSajda":false},{"SurahNumber":80,"SurahIndex":"080","VerseNumber":21,"ShowSurahName":false,"ShowBismillah":false,"Text":"ثُمَّ أَمَاتَهُۥ فَأَقۡبَرَهُۥ","TajweedText":"ثُ<tajweed class=ghunnah>مّ</tajweed>َ أَمَاتَهُ<tajweed class=madda_normal>ۥ</tajweed> فَأَ<tajweed class=qalaqah>قْ</tajweed>بَرَهُۥ <span class=end>٢١</span>","End":"٢١","PageNumber":585,"JuzNumber":30,"ManzilNumber":7,"RukuNumber":522,"MaqraNumber":234,"HizbNumber":59,"HizbDecimal":0.25,"HasSajda":false},{"SurahNumber":80,"SurahIndex":"080","VerseNumber":22,"ShowSurahName":false,"ShowBismillah":false,"Text":"ثُمَّ إِذَا شَآءَ أَنشَرَهُۥ","TajweedText":"ثُ<tajweed class=ghunnah>مّ</tajweed>َ إِذَا ش<tajweed class=madda_obligatory>َا</tajweed>ٓءَ أَ<tajweed class=ikhafa>نش</tajweed>َرَهُۥ <span class=end>٢٢</span>","End":"٢٢","PageNumber":585,"JuzNumber":30,"ManzilNumber":7,"RukuNumber":522,"MaqraNumber":234,"HizbNumber":59,"HizbDecimal":0.25,"HasSajda":false},{"SurahNumber":80,"SurahIndex":"080","VerseNumber":23,"ShowSurahName":false,"ShowBismillah":false,"Text":"كَلَّا لَمَّا يَقۡضِ مَآ أَمَرَهُۥ","TajweedText":"كَلَّا لَ<tajweed class=ghunnah>مّ</tajweed>َا يَ<tajweed class=qalaqah>قْ</tajweed>ضِ م<tajweed class=madda_obligatory>َآ</tajweed> أَمَرَهُۥ <span class=end>٢٣</span>","End":"٢٣","PageNumber":585,"JuzNumber":30,"ManzilNumber":7,"RukuNumber":522,"MaqraNumber":234,"HizbNumber":59,"HizbDecimal":0.25,"HasSajda":false},{"SurahNumber":80,"SurahIndex":"080","VerseNumber":24,"ShowSurahName":false,"ShowBismillah":false,"Text":"فَلۡيَنظُرِ ٱلۡإِنسَٰنُ إِلَىٰ طَعَامِهِۦٓ","TajweedText":"فَلْيَ<tajweed class=ikhafa>نظ</tajweed>ُرِ <tajweed class=ham_wasl>ٱ</tajweed>لْإِ<tajweed class=ikhafa>نس</tajweed>َ<tajweed class=madda_normal>ـٰ</tajweed>نُ إِلَىٰ طَعَامِهِۦٓ <span class=end>٢٤</span>","End":"٢٤","PageNumber":585,"JuzNumber":30,"ManzilNumber":7,"RukuNumber":522,"MaqraNumber":234,"HizbNumber":59,"HizbDecimal":0.25,"HasSajda":false},{"SurahNumber":80,"SurahIndex":"080","VerseNumber":25,"ShowSurahName":false,"ShowBismillah":false,"Text":"أَنَّا صَبَبۡنَا ٱلۡمَآءَ صَبّٗا","TajweedText":"أَ<tajweed class=ghunnah>نّ</tajweed>َا صَبَ<tajweed class=qalaqah>بْ</tajweed>نَا <tajweed class=ham_wasl>ٱ</tajweed>لْم<tajweed class=madda_obligatory>َا</tajweed>ٓءَ صَبًّا <span class=end>٢٥</span>","End":"٢٥","PageNumber":585,"JuzNumber":30,"ManzilNumber":7,"RukuNumber":522,"MaqraNumber":234,"HizbNumber":59,"HizbDecimal":0.25,"HasSajda":false},{"SurahNumber":80,"SurahIndex":"080","VerseNumber":26,"ShowSurahName":false,"ShowBismillah":false,"Text":"ثُمَّ شَقَقۡنَا ٱلۡأَرۡضَ شَقّٗا","TajweedText":"ثُ<tajweed class=ghunnah>مّ</tajweed>َ شَقَ<tajweed class=qalaqah>قْ</tajweed>نَا <tajweed class=ham_wasl>ٱ</tajweed>لْأَرْضَ شَقًّا <span class=end>٢٦</span>","End":"٢٦","PageNumber":585,"JuzNumber":30,"ManzilNumber":7,"RukuNumber":522,"MaqraNumber":234,"HizbNumber":59,"HizbDecimal":0.25,"HasSajda":false},{"SurahNumber":80,"SurahIndex":"080","VerseNumber":27,"ShowSurahName":false,"ShowBismillah":false,"Text":"فَأَنۢبَتۡنَا فِيهَا حَبّٗا","TajweedText":"فَأَ<tajweed class=iqlab>نۢب</tajweed>َتْنَا فِيهَا حَبًّا <span class=end>٢٧</span>","End":"٢٧","PageNumber":585,"JuzNumber":30,"ManzilNumber":7,"RukuNumber":522,"MaqraNumber":234,"HizbNumber":59,"HizbDecimal":0.25,"HasSajda":false},{"SurahNumber":80,"SurahIndex":"080","VerseNumber":28,"ShowSurahName":false,"ShowBismillah":false,"Text":"وَعِنَبٗا وَقَضۡبٗا","TajweedText":"وَعِنَ<tajweed class=idgham_ghunnah>بًا و</tajweed>َقَضْبًا <span class=end>٢٨</span>","End":"٢٨","PageNumber":585,"JuzNumber":30,"ManzilNumber":7,"RukuNumber":522,"MaqraNumber":234,"HizbNumber":59,"HizbDecimal":0.25,"HasSajda":false},{"SurahNumber":80,"SurahIndex":"080","VerseNumber":29,"ShowSurahName":false,"ShowBismillah":false,"Text":"وَزَيۡتُونٗا وَنَخۡلٗا","TajweedText":"وَزَيْتُو<tajweed class=idgham_ghunnah>نًا و</tajweed>َنَخْلاً <span class=end>٢٩</span>","End":"٢٩","PageNumber":585,"JuzNumber":30,"ManzilNumber":7,"RukuNumber":522,"MaqraNumber":234,"HizbNumber":59,"HizbDecimal":0.25,"HasSajda":false},{"SurahNumber":80,"SurahIndex":"080","VerseNumber":30,"ShowSurahName":false,"ShowBismillah":false,"Text":"وَحَدَآئِقَ غُلۡبٗا","TajweedText":"وَحَد<tajweed class=madda_obligatory>َا</tajweed>ٓئِقَ غُلْبًا <span class=end>٣٠</span>","End":"٣٠","PageNumber":585,"JuzNumber":30,"ManzilNumber":7,"RukuNumber":522,"MaqraNumber":234,"HizbNumber":59,"HizbDecimal":0.25,"HasSajda":false},{"SurahNumber":80,"SurahIndex":"080","VerseNumber":31,"ShowSurahName":false,"ShowBismillah":false,"Text":"وَفَٰكِهَةٗ وَأَبّٗا","TajweedText":"وَفَ<tajweed class=madda_normal>ـٰ</tajweed>كِهَ<tajweed class=idgham_ghunnah>ةً و</tajweed>َأَبًّا <span class=end>٣١</span>","End":"٣١","PageNumber":585,"JuzNumber":30,"ManzilNumber":7,"RukuNumber":522,"MaqraNumber":234,"HizbNumber":59,"HizbDecimal":0.25,"HasSajda":false},{"SurahNumber":80,"SurahIndex":"080","VerseNumber":32,"ShowSurahName":false,"ShowBismillah":false,"Text":"مَّتَٰعٗا لَّكُمۡ وَلِأَنۡعَٰمِكُمۡ","TajweedText":"مَّتَ<tajweed class=madda_normal>ـٰ</tajweed><tajweed class=idgham_wo_ghunnah>عًا ل</tajweed>َّكُمْ وَلِأَنْعَ<tajweed class=madda_normal>ـٰ</tajweed>مِكُمْ <span class=end>٣٢</span>","End":"٣٢","PageNumber":585,"JuzNumber":30,"ManzilNumber":7,"RukuNumber":522,"MaqraNumber":234,"HizbNumber":59,"HizbDecimal":0.25,"HasSajda":false},{"SurahNumber":80,"SurahIndex":"080","VerseNumber":33,"ShowSurahName":false,"ShowBismillah":false,"Text":"فَإِذَا جَآءَتِ ٱلصَّآخَّةُ","TajweedText":"فَإِذَا ج<tajweed class=madda_obligatory>َا</tajweed>ٓءَتِ <tajweed class=ham_wasl>ٱ</tajweed><tajweed class=laam_shamsiyah>ل</tajweed>صّ<tajweed class=madda_necessary>َا</tajweed>ٓخَّةُ <span class=end>٣٣</span>","End":"٣٣","PageNumber":585,"JuzNumber":30,"ManzilNumber":7,"RukuNumber":522,"MaqraNumber":234,"HizbNumber":59,"HizbDecimal":0.25,"HasSajda":false},{"SurahNumber":80,"SurahIndex":"080","VerseNumber":34,"ShowSurahName":false,"ShowBismillah":false,"Text":"يَوۡمَ يَفِرُّ ٱلۡمَرۡءُ مِنۡ أَخِيهِ","TajweedText":"يَوْمَ يَفِرُّ <tajweed class=ham_wasl>ٱ</tajweed>لْمَرْءُ مِنْ أَخ<tajweed class=madda_permissible>ِي</tajweed>هِ <span class=end>٣٤</span>","End":"٣٤","PageNumber":585,"JuzNumber":30,"ManzilNumber":7,"RukuNumber":522,"MaqraNumber":234,"HizbNumber":59,"HizbDecimal":0.25,"HasSajda":false},{"SurahNumber":80,"SurahIndex":"080","VerseNumber":35,"ShowSurahName":false,"ShowBismillah":false,"Text":"وَأُمِّهِۦ وَأَبِيهِ","TajweedText":"وَأُ<tajweed class=ghunnah>مّ</tajweed>ِه<tajweed class=madda_normal>ِۦ</tajweed> وَأَب<tajweed class=madda_permissible>ِي</tajweed>هِ <span class=end>٣٥</span>","End":"٣٥","PageNumber":585,"JuzNumber":30,"ManzilNumber":7,"RukuNumber":522,"MaqraNumber":234,"HizbNumber":59,"HizbDecimal":0.25,"HasSajda":false},{"SurahNumber":80,"SurahIndex":"080","VerseNumber":36,"ShowSurahName":false,"ShowBismillah":false,"Text":"وَصَٰحِبَتِهِۦ وَبَنِيهِ","TajweedText":"وَصَ<tajweed class=madda_normal>ـٰ</tajweed>حِبَتِه<tajweed class=madda_normal>ِۦ</tajweed> وَبَن<tajweed class=madda_permissible>ِي</tajweed>هِ <span class=end>٣٦</span>","End":"٣٦","PageNumber":585,"JuzNumber":30,"ManzilNumber":7,"RukuNumber":522,"MaqraNumber":234,"HizbNumber":59,"HizbDecimal":0.25,"HasSajda":false},{"SurahNumber":80,"SurahIndex":"080","VerseNumber":37,"ShowSurahName":false,"ShowBismillah":false,"Text":"لِكُلِّ ٱمۡرِيٕٖ مِّنۡهُمۡ يَوۡمَئِذٖ شَأۡنٞ يُغۡنِيهِ","TajweedText":"لِكُلِّ <tajweed class=ham_wasl>ٱ</tajweed>مْرِى<tajweed class=idgham_ghunnah>ٍٕ م</tajweed>ِّنْهُمْ يَوْمَئِ<tajweed class=ikhafa>ذٍ ش</tajweed>َأْ<tajweed class=idgham_ghunnah>نٌ ي</tajweed>ُغْن<tajweed class=madda_permissible>ِي</tajweed>هِ <span class=end>٣٧</span>","End":"٣٧","PageNumber":585,"JuzNumber":30,"ManzilNumber":7,"RukuNumber":522,"MaqraNumber":234,"HizbNumber":59,"HizbDecimal":0.25,"HasSajda":false},{"SurahNumber":80,"SurahIndex":"080","VerseNumber":38,"ShowSurahName":false,"ShowBismillah":false,"Text":"وُجُوهٞ يَوۡمَئِذٖ مُّسۡفِرَةٞ","TajweedText":"وُجُو<tajweed class=idgham_ghunnah>هٌ ي</tajweed>َوْمَئِ<tajweed class=idgham_ghunnah>ذٍ م</tajweed>ُّسْفِرَةٌ <span class=end>٣٨</span>","End":"٣٨","PageNumber":585,"JuzNumber":30,"ManzilNumber":7,"RukuNumber":522,"MaqraNumber":234,"HizbNumber":59,"HizbDecimal":0.25,"HasSajda":false},{"SurahNumber":80,"SurahIndex":"080","VerseNumber":39,"ShowSurahName":false,"ShowBismillah":false,"Text":"ضَاحِكَةٞ مُّسۡتَبۡشِرَةٞ","TajweedText":"ضَاحِكَ<tajweed class=idgham_ghunnah>ةٌ م</tajweed>ُّسْتَ<tajweed class=qalaqah>بْ</tajweed>شِرَةٌ <span class=end>٣٩</span>","End":"٣٩","PageNumber":585,"JuzNumber":30,"ManzilNumber":7,"RukuNumber":522,"MaqraNumber":234,"HizbNumber":59,"HizbDecimal":0.25,"HasSajda":false},{"SurahNumber":80,"SurahIndex":"080","VerseNumber":40,"ShowSurahName":false,"ShowBismillah":false,"Text":"وَوُجُوهٞ يَوۡمَئِذٍ عَلَيۡهَا غَبَرَةٞ","TajweedText":"وَوُجُو<tajweed class=idgham_ghunnah>هٌ ي</tajweed>َوْمَئِذٍ عَلَيْهَا غَبَرَةٌ <span class=end>٤٠</span>","End":"٤٠","PageNumber":585,"JuzNumber":30,"ManzilNumber":7,"RukuNumber":522,"MaqraNumber":234,"HizbNumber":59,"HizbDecimal":0.25,"HasSajda":false},{"SurahNumber":80,"SurahIndex":"080","VerseNumber":41,"ShowSurahName":false,"ShowBismillah":false,"Text":"تَرۡهَقُهَا قَتَرَةٌ","TajweedText":"تَرْهَقُهَا قَتَرَةٌ <span class=end>٤١</span>","End":"٤١","PageNumber":585,"JuzNumber":30,"ManzilNumber":7,"RukuNumber":522,"MaqraNumber":234,"HizbNumber":59,"HizbDecimal":0.25,"HasSajda":false},{"SurahNumber":80,"SurahIndex":"080","VerseNumber":42,"ShowSurahName":false,"ShowBismillah":false,"Text":"أُوْلَـٰٓئِكَ هُمُ ٱلۡكَفَرَةُ ٱلۡفَجَرَةُ","TajweedText":"أُ<tajweed class=slnt>وْ</tajweed>لَ<tajweed class=madda_obligatory>ـٰٓ</tajweed>ئِكَ هُمُ <tajweed class=ham_wasl>ٱ</tajweed>لْكَفَرَةُ <tajweed class=ham_wasl>ٱ</tajweed>لْفَجَرَةُ <span class=end>٤٢</span>","End":"٤٢","PageNumber":585,"JuzNumber":30,"ManzilNumber":7,"RukuNumber":522,"MaqraNumber":234,"HizbNumber":59,"HizbDecimal":0.25,"HasSajda":false}]}