{"RukuNumber":180,"Verses":[{"SurahNumber":10,"SurahIndex":"010","VerseNumber":83,"ShowSurahName":false,"ShowBismillah":false,"Text":"فَمَآ ءَامَنَ لِمُوسَىٰٓ إِلَّا ذُرِّيَّةٞ مِّن قَوۡمِهِۦ عَلَىٰ خَوۡفٖ مِّن فِرۡعَوۡنَ وَمَلَإِيْهِمۡ أَن يَفۡتِنَهُمۡۚ وَإِنَّ فِرۡعَوۡنَ لَعَالٖ فِي ٱلۡأَرۡضِ وَإِنَّهُۥ لَمِنَ ٱلۡمُسۡرِفِينَ","TajweedText":"فَم<tajweed class=madda_obligatory>َآ</tajweed> ءَامَنَ لِمُوسَ<tajweed class=madda_obligatory>ىٰٓ</tajweed> إِلَّا ذُرِّيَّ<tajweed class=idgham_ghunnah>ةٌ م</tajweed>ِّ<tajweed class=ikhafa>ن ق</tajweed>َوْمِه<tajweed class=madda_normal>ِۦ</tajweed> عَلَىٰ خَوْ<tajweed class=idgham_ghunnah>فٍ م</tajweed>ِّ<tajweed class=ikhafa>ن ف</tajweed>ِرْعَوْنَ وَمَلَإِ<tajweed class=slnt>يْ</tajweed>هِمْ أ<tajweed class=idgham_ghunnah>َن ي</tajweed>َفْتِنَهُمْ‌ۚ وَإِ<tajweed class=ghunnah>نّ</tajweed>َ فِرْعَوْنَ لَعَا<tajweed class=ikhafa>لٍ ف</tajweed>ِى <tajweed class=ham_wasl>ٱ</tajweed>لْأَرْضِ وَإِ<tajweed class=ghunnah>نّ</tajweed>َهُ<tajweed class=madda_normal>ۥ</tajweed> لَمِنَ <tajweed class=ham_wasl>ٱ</tajweed>لْمُسْرِف<tajweed class=madda_permissible>ِي</tajweed>نَ <span class=end>٨٣</span>","End":"٨٣","PageNumber":218,"JuzNumber":11,"ManzilNumber":3,"RukuNumber":180,"MaqraNumber":87,"HizbNumber":22,"HizbDecimal":0.5,"HasSajda":false},{"SurahNumber":10,"SurahIndex":"010","VerseNumber":84,"ShowSurahName":false,"ShowBismillah":false,"Text":"وَقَالَ مُوسَىٰ يَٰقَوۡمِ إِن كُنتُمۡ ءَامَنتُم بِٱللَّهِ فَعَلَيۡهِ تَوَكَّلُوٓاْ إِن كُنتُم مُّسۡلِمِينَ","TajweedText":"وَقَالَ مُوسَىٰ يَ<tajweed class=madda_normal>ـٰ</tajweed>قَوْمِ إِ<tajweed class=ikhafa>ن ك</tajweed>ُ<tajweed class=ikhafa>نت</tajweed>ُمْ ءَامَ<tajweed class=ikhafa>نت</tajweed><tajweed class=ikhafa_shafawi>ُم ب</tajweed>ِ<tajweed class=ham_wasl>ٱ</tajweed>للَّهِ فَعَلَيْهِ تَوَكَّل<tajweed class=madda_obligatory>ُوٓ</tajweed><tajweed class=slnt>اْ</tajweed> إِ<tajweed class=ikhafa>ن ك</tajweed>ُ<tajweed class=ikhafa>نت</tajweed><tajweed class=idgham_shafawi>ُم م</tajweed>ُّسْلِم<tajweed class=madda_permissible>ِي</tajweed>نَ <span class=end>٨٤</span>","End":"٨٤","PageNumber":218,"JuzNumber":11,"ManzilNumber":3,"RukuNumber":180,"MaqraNumber":87,"HizbNumber":22,"HizbDecimal":0.5,"HasSajda":false},{"SurahNumber":10,"SurahIndex":"010","VerseNumber":85,"ShowSurahName":false,"ShowBismillah":false,"Text":"فَقَالُواْ عَلَى ٱللَّهِ تَوَكَّلۡنَا رَبَّنَا لَا تَجۡعَلۡنَا فِتۡنَةٗ لِّلۡقَوۡمِ ٱلظَّـٰلِمِينَ","TajweedText":"فَقَالُو<tajweed class=slnt>اْ</tajweed> عَلَى <tajweed class=ham_wasl>ٱ</tajweed>للَّهِ تَوَكَّلْنَا رَبَّنَا لَا تَ<tajweed class=qalaqah>جْ</tajweed>عَلْنَا فِتْنَ<tajweed class=idgham_wo_ghunnah>ةً ل</tajweed>ِّلْقَوْمِ <tajweed class=ham_wasl>ٱ</tajweed><tajweed class=laam_shamsiyah>ل</tajweed>ظَّ<tajweed class=madda_normal>ـٰ</tajweed>لِم<tajweed class=madda_permissible>ِي</tajweed>نَ <span class=end>٨٥</span>","End":"٨٥","PageNumber":218,"JuzNumber":11,"ManzilNumber":3,"RukuNumber":180,"MaqraNumber":87,"HizbNumber":22,"HizbDecimal":0.5,"HasSajda":false},{"SurahNumber":10,"SurahIndex":"010","VerseNumber":86,"ShowSurahName":false,"ShowBismillah":false,"Text":"وَنَجِّنَا بِرَحۡمَتِكَ مِنَ ٱلۡقَوۡمِ ٱلۡكَٰفِرِينَ","TajweedText":"وَنَجِّنَا بِرَحْمَتِكَ مِنَ <tajweed class=ham_wasl>ٱ</tajweed>لْقَوْمِ <tajweed class=ham_wasl>ٱ</tajweed>لْكَ<tajweed class=madda_normal>ـٰ</tajweed>فِر<tajweed class=madda_permissible>ِي</tajweed>نَ <span class=end>٨٦</span>","End":"٨٦","PageNumber":218,"JuzNumber":11,"ManzilNumber":3,"RukuNumber":180,"MaqraNumber":87,"HizbNumber":22,"HizbDecimal":0.5,"HasSajda":false},{"SurahNumber":10,"SurahIndex":"010","VerseNumber":87,"ShowSurahName":false,"ShowBismillah":false,"Text":"وَأَوۡحَيۡنَآ إِلَىٰ مُوسَىٰ وَأَخِيهِ أَن تَبَوَّءَا لِقَوۡمِكُمَا بِمِصۡرَ بُيُوتٗا وَٱجۡعَلُواْ بُيُوتَكُمۡ قِبۡلَةٗ وَأَقِيمُواْ ٱلصَّلَوٰةَۗ وَبَشِّرِ ٱلۡمُؤۡمِنِينَ","TajweedText":"وَأَوْحَيْن<tajweed class=madda_obligatory>َآ</tajweed> إِلَىٰ مُوسَىٰ وَأَخِيهِ أَ<tajweed class=ikhafa>ن ت</tajweed>َبَوَّءَا لِقَوْمِكُمَا بِمِصْرَ بُيُو<tajweed class=idgham_ghunnah>تًا و</tajweed>َ<tajweed class=ham_wasl>ٱ</tajweed><tajweed class=qalaqah>جْ</tajweed>عَلُو<tajweed class=slnt>اْ</tajweed> بُيُوتَكُمْ قِ<tajweed class=qalaqah>بْ</tajweed>لَ<tajweed class=idgham_ghunnah>ةً و</tajweed>َأَقِيمُو<tajweed class=slnt>اْ</tajweed> <tajweed class=ham_wasl>ٱ</tajweed><tajweed class=laam_shamsiyah>ل</tajweed>صَّلَ<tajweed class=slnt>و</tajweed><tajweed class=madda_normal>ٲ</tajweed>ةَ‌ۗ وَبَشِّرِ <tajweed class=ham_wasl>ٱ</tajweed>لْمُؤْمِن<tajweed class=madda_permissible>ِي</tajweed>نَ <span class=end>٨٧</span>","End":"٨٧","PageNumber":218,"JuzNumber":11,"ManzilNumber":3,"RukuNumber":180,"MaqraNumber":87,"HizbNumber":22,"HizbDecimal":0.5,"HasSajda":false},{"SurahNumber":10,"SurahIndex":"010","VerseNumber":88,"ShowSurahName":false,"ShowBismillah":false,"Text":"وَقَالَ مُوسَىٰ رَبَّنَآ إِنَّكَ ءَاتَيۡتَ فِرۡعَوۡنَ وَمَلَأَهُۥ زِينَةٗ وَأَمۡوَٰلٗا فِي ٱلۡحَيَوٰةِ ٱلدُّنۡيَا رَبَّنَا لِيُضِلُّواْ عَن سَبِيلِكَۖ رَبَّنَا ٱطۡمِسۡ عَلَىٰٓ أَمۡوَٰلِهِمۡ وَٱشۡدُدۡ عَلَىٰ قُلُوبِهِمۡ فَلَا يُؤۡمِنُواْ حَتَّىٰ يَرَوُاْ ٱلۡعَذَابَ ٱلۡأَلِيمَ","TajweedText":"وَقَالَ مُوسَىٰ رَبَّن<tajweed class=madda_obligatory>َآ</tajweed> إِ<tajweed class=ghunnah>نّ</tajweed>َكَ ءَاتَيْتَ فِرْعَوْنَ وَمَلَأَهُ<tajweed class=madda_normal>ۥ</tajweed> زِينَ<tajweed class=idgham_ghunnah>ةً و</tajweed>َأَمْو<tajweed class=madda_normal>َٲ</tajweed>ل<tajweed class=ikhafa>اً ف</tajweed>ِى <tajweed class=ham_wasl>ٱ</tajweed>لْحَيَ<tajweed class=slnt>و</tajweed><tajweed class=madda_normal>ٲ</tajweed>ةِ <tajweed class=ham_wasl>ٱ</tajweed><tajweed class=laam_shamsiyah>ل</tajweed>دُّنْيَا رَبَّنَا لِيُضِلُّو<tajweed class=slnt>اْ</tajweed> عَ<tajweed class=ikhafa>ن س</tajweed>َبِيلِكَ‌ۖ رَبَّنَا <tajweed class=ham_wasl>ٱ</tajweed><tajweed class=qalaqah>طْ</tajweed>مِسْ عَلَ<tajweed class=madda_obligatory>ىٰٓ</tajweed> أَمْو<tajweed class=madda_normal>َٲ</tajweed>لِهِمْ وَ<tajweed class=ham_wasl>ٱ</tajweed>شْدُ<tajweed class=qalaqah>دْ</tajweed> عَلَىٰ قُلُوبِهِمْ فَلَا يُؤْمِنُو<tajweed class=slnt>اْ</tajweed> حَتَّىٰ يَرَوُ<tajweed class=slnt>اْ</tajweed> <tajweed class=ham_wasl>ٱ</tajweed>لْعَذَابَ <tajweed class=ham_wasl>ٱ</tajweed>لْأَل<tajweed class=madda_permissible>ِي</tajweed>مَ <span class=end>٨٨</span>","End":"٨٨","PageNumber":218,"JuzNumber":11,"ManzilNumber":3,"RukuNumber":180,"MaqraNumber":87,"HizbNumber":22,"HizbDecimal":0.5,"HasSajda":false},{"SurahNumber":10,"SurahIndex":"010","VerseNumber":89,"ShowSurahName":false,"ShowBismillah":false,"Text":"قَالَ قَدۡ أُجِيبَت دَّعۡوَتُكُمَا فَٱسۡتَقِيمَا وَلَا تَتَّبِعَآنِّ سَبِيلَ ٱلَّذِينَ لَا يَعۡلَمُونَ","TajweedText":"قَالَ قَ<tajweed class=qalaqah>دْ</tajweed> أُجِيبَ<tajweed class=idgham_mutajanisayn>ت</tajweed> دَّعْوَتُكُمَا فَ<tajweed class=ham_wasl>ٱ</tajweed>سْتَقِيمَا وَلَا تَتَّبِع<tajweed class=madda_necessary>َا</tajweed>ٓ<tajweed class=ghunnah>نّ</tajweed>ِ سَبِيلَ <tajweed class=ham_wasl>ٱ</tajweed>لَّذِينَ لَا يَعْلَم<tajweed class=madda_permissible>ُو</tajweed>نَ <span class=end>٨٩</span>","End":"٨٩","PageNumber":219,"JuzNumber":11,"ManzilNumber":3,"RukuNumber":180,"MaqraNumber":87,"HizbNumber":22,"HizbDecimal":0.5,"HasSajda":false},{"SurahNumber":10,"SurahIndex":"010","VerseNumber":90,"ShowSurahName":false,"ShowBismillah":false,"Text":"۞وَجَٰوَزۡنَا بِبَنِيٓ إِسۡرَـٰٓءِيلَ ٱلۡبَحۡرَ فَأَتۡبَعَهُمۡ فِرۡعَوۡنُ وَجُنُودُهُۥ بَغۡيٗا وَعَدۡوًاۖ حَتَّىٰٓ إِذَآ أَدۡرَكَهُ ٱلۡغَرَقُ قَالَ ءَامَنتُ أَنَّهُۥ لَآ إِلَٰهَ إِلَّا ٱلَّذِيٓ ءَامَنَتۡ بِهِۦ بَنُوٓاْ إِسۡرَـٰٓءِيلَ وَأَنَا۠ مِنَ ٱلۡمُسۡلِمِينَ","TajweedText":"۞ وَجَ<tajweed class=madda_normal>ـٰ</tajweed>وَزْنَا بِبَن<tajweed class=madda_obligatory>ِىٓ</tajweed> إِسْر<tajweed class=madda_obligatory>َٲ</tajweed>ٓءِيلَ <tajweed class=ham_wasl>ٱ</tajweed>لْبَحْرَ فَأَتْبَعَهُمْ فِرْعَوْنُ وَجُنُودُهُ<tajweed class=madda_normal>ۥ</tajweed> بَغْ<tajweed class=idgham_ghunnah>يًا و</tajweed>َعَ<tajweed class=qalaqah>دْ</tajweed>وًا‌ۖ حَتَّ<tajweed class=madda_obligatory>ىٰٓ</tajweed> إِذ<tajweed class=madda_obligatory>َآ</tajweed> أَ<tajweed class=qalaqah>دْ</tajweed>رَكَهُ <tajweed class=ham_wasl>ٱ</tajweed>لْغَرَقُ قَالَ ءَامَ<tajweed class=ikhafa>نت</tajweed>ُ أَ<tajweed class=ghunnah>نّ</tajweed>َهُ<tajweed class=madda_normal>ۥ</tajweed> ل<tajweed class=madda_obligatory>َآ</tajweed> إِلَ<tajweed class=madda_normal>ـٰ</tajweed>هَ إِلَّا <tajweed class=ham_wasl>ٱ</tajweed>لَّذ<tajweed class=madda_obligatory>ِىٓ</tajweed> ءَامَنَتْ بِه<tajweed class=madda_normal>ِۦ</tajweed> بَن<tajweed class=madda_obligatory>ُوٓ</tajweed><tajweed class=slnt>اْ</tajweed> إِسْر<tajweed class=madda_obligatory>َٲ</tajweed>ٓءِيلَ وَأَنَا۟ مِنَ <tajweed class=ham_wasl>ٱ</tajweed>لْمُسْلِم<tajweed class=madda_permissible>ِي</tajweed>نَ <span class=end>٩٠</span>","End":"٩٠","PageNumber":219,"JuzNumber":11,"ManzilNumber":3,"RukuNumber":180,"MaqraNumber":88,"HizbNumber":22,"HizbDecimal":0.75,"HasSajda":false},{"SurahNumber":10,"SurahIndex":"010","VerseNumber":91,"ShowSurahName":false,"ShowBismillah":false,"Text":"ءَآلۡـَٰٔنَ وَقَدۡ عَصَيۡتَ قَبۡلُ وَكُنتَ مِنَ ٱلۡمُفۡسِدِينَ","TajweedText":"ءَ<tajweed class=madda_necessary>آ</tajweed>لْـَٔ<tajweed class=madda_normal>ـٰ</tajweed>نَ وَقَ<tajweed class=qalaqah>دْ</tajweed> عَصَيْتَ قَ<tajweed class=qalaqah>بْ</tajweed>لُ وَكُ<tajweed class=ikhafa>نت</tajweed>َ مِنَ <tajweed class=ham_wasl>ٱ</tajweed>لْمُفْسِد<tajweed class=madda_permissible>ِي</tajweed>نَ <span class=end>٩١</span>","End":"٩١","PageNumber":219,"JuzNumber":11,"ManzilNumber":3,"RukuNumber":180,"MaqraNumber":88,"HizbNumber":22,"HizbDecimal":0.75,"HasSajda":false},{"SurahNumber":10,"SurahIndex":"010","VerseNumber":92,"ShowSurahName":false,"ShowBismillah":false,"Text":"فَٱلۡيَوۡمَ نُنَجِّيكَ بِبَدَنِكَ لِتَكُونَ لِمَنۡ خَلۡفَكَ ءَايَةٗۚ وَإِنَّ كَثِيرٗا مِّنَ ٱلنَّاسِ عَنۡ ءَايَٰتِنَا لَغَٰفِلُونَ","TajweedText":"فَ<tajweed class=ham_wasl>ٱ</tajweed>لْيَوْمَ نُنَجِّيكَ بِبَدَنِكَ لِتَكُونَ لِمَنْ خَلْفَكَ ءَايَ<tajweed class=idgham_ghunnah>ةً‌ۚ و</tajweed>َإِ<tajweed class=ghunnah>نّ</tajweed>َ كَثِي<tajweed class=idgham_ghunnah>رًا م</tajweed>ِّنَ <tajweed class=ham_wasl>ٱ</tajweed><tajweed class=laam_shamsiyah>ل</tajweed><tajweed class=ghunnah>نّ</tajweed>َاسِ عَنْ ءَايَ<tajweed class=madda_normal>ـٰ</tajweed>تِنَا لَغَ<tajweed class=madda_normal>ـٰ</tajweed>فِل<tajweed class=madda_permissible>ُو</tajweed>نَ <span class=end>٩٢</span>","End":"٩٢","PageNumber":219,"JuzNumber":11,"ManzilNumber":3,"RukuNumber":180,"MaqraNumber":88,"HizbNumber":22,"HizbDecimal":0.75,"HasSajda":false}]}