{"RukuNumber":208,"Verses":[{"SurahNumber":13,"SurahIndex":"013","VerseNumber":27,"ShowSurahName":false,"ShowBismillah":false,"Text":"وَيَقُولُ ٱلَّذِينَ كَفَرُواْ لَوۡلَآ أُنزِلَ عَلَيۡهِ ءَايَةٞ مِّن رَّبِّهِۦۚ قُلۡ إِنَّ ٱللَّهَ يُضِلُّ مَن يَشَآءُ وَيَهۡدِيٓ إِلَيۡهِ مَنۡ أَنَابَ","TajweedText":"وَيَقُولُ <tajweed class=ham_wasl>ٱ</tajweed>لَّذِينَ كَفَرُو<tajweed class=slnt>اْ</tajweed> لَوْل<tajweed class=madda_obligatory>َآ</tajweed> أُ<tajweed class=ikhafa>نز</tajweed>ِلَ عَلَيْهِ ءَايَ<tajweed class=idgham_ghunnah>ةٌ م</tajweed>ّ<tajweed class=idgham_wo_ghunnah>ِن ر</tajweed>َّبِّه<tajweed class=madda_normal>ِۦ</tajweed>‌ۗ قُلْ إِ<tajweed class=ghunnah>نّ</tajweed>َ <tajweed class=ham_wasl>ٱ</tajweed>للَّهَ يُضِلُّ م<tajweed class=idgham_ghunnah>َن ي</tajweed>َش<tajweed class=madda_obligatory>َا</tajweed>ٓءُ وَيَهْد<tajweed class=madda_obligatory>ِىٓ</tajweed> إِلَيْهِ مَنْ أَن<tajweed class=madda_permissible>َا</tajweed><tajweed class=qalaqah>ب</tajweed>َ <span class=end>٢٧</span>","End":"٢٧","PageNumber":252,"JuzNumber":13,"ManzilNumber":3,"RukuNumber":208,"MaqraNumber":101,"HizbNumber":26,"HizbDecimal":0.0,"HasSajda":false},{"SurahNumber":13,"SurahIndex":"013","VerseNumber":28,"ShowSurahName":false,"ShowBismillah":false,"Text":"ٱلَّذِينَ ءَامَنُواْ وَتَطۡمَئِنُّ قُلُوبُهُم بِذِكۡرِ ٱللَّهِۗ أَلَا بِذِكۡرِ ٱللَّهِ تَطۡمَئِنُّ ٱلۡقُلُوبُ","TajweedText":"ٱلَّذِينَ ءَامَنُو<tajweed class=slnt>اْ</tajweed> وَتَ<tajweed class=qalaqah>طْ</tajweed>مَئِ<tajweed class=ghunnah>نّ</tajweed>ُ قُلُوبُه<tajweed class=ikhafa_shafawi>ُم ب</tajweed>ِذِكْرِ <tajweed class=ham_wasl>ٱ</tajweed>للَّهِ‌ۗ أَلَا بِذِكْرِ <tajweed class=ham_wasl>ٱ</tajweed>للَّهِ تَ<tajweed class=qalaqah>طْ</tajweed>مَئِ<tajweed class=ghunnah>نّ</tajweed>ُ <tajweed class=ham_wasl>ٱ</tajweed>لْقُل<tajweed class=madda_permissible>ُو</tajweed><tajweed class=qalaqah>ب</tajweed>ُ <span class=end>٢٨</span>","End":"٢٨","PageNumber":252,"JuzNumber":13,"ManzilNumber":3,"RukuNumber":208,"MaqraNumber":101,"HizbNumber":26,"HizbDecimal":0.0,"HasSajda":false},{"SurahNumber":13,"SurahIndex":"013","VerseNumber":29,"ShowSurahName":false,"ShowBismillah":false,"Text":"ٱلَّذِينَ ءَامَنُواْ وَعَمِلُواْ ٱلصَّـٰلِحَٰتِ طُوبَىٰ لَهُمۡ وَحُسۡنُ مَـَٔابٖ","TajweedText":"ٱلَّذِينَ ءَامَنُو<tajweed class=slnt>اْ</tajweed> وَعَمِلُو<tajweed class=slnt>اْ</tajweed> <tajweed class=ham_wasl>ٱ</tajweed><tajweed class=laam_shamsiyah>ل</tajweed>صَّ<tajweed class=madda_normal>ـٰ</tajweed>لِحَ<tajweed class=madda_normal>ـٰ</tajweed>تِ طُوبَىٰ لَهُمْ وَحُسْنُ مَــٔ<tajweed class=madda_permissible>َا</tajweed><tajweed class=qalaqah>ب</tajweed>ٍ <span class=end>٢٩</span>","End":"٢٩","PageNumber":253,"JuzNumber":13,"ManzilNumber":3,"RukuNumber":208,"MaqraNumber":101,"HizbNumber":26,"HizbDecimal":0.0,"HasSajda":false},{"SurahNumber":13,"SurahIndex":"013","VerseNumber":30,"ShowSurahName":false,"ShowBismillah":false,"Text":"كَذَٰلِكَ أَرۡسَلۡنَٰكَ فِيٓ أُمَّةٖ قَدۡ خَلَتۡ مِن قَبۡلِهَآ أُمَمٞ لِّتَتۡلُوَاْ عَلَيۡهِمُ ٱلَّذِيٓ أَوۡحَيۡنَآ إِلَيۡكَ وَهُمۡ يَكۡفُرُونَ بِٱلرَّحۡمَٰنِۚ قُلۡ هُوَ رَبِّي لَآ إِلَٰهَ إِلَّا هُوَ عَلَيۡهِ تَوَكَّلۡتُ وَإِلَيۡهِ مَتَابِ","TajweedText":"كَذ<tajweed class=madda_normal>َٲ</tajweed>لِكَ أَرْسَلْنَ<tajweed class=madda_normal>ـٰ</tajweed>كَ ف<tajweed class=madda_obligatory>ِىٓ</tajweed> أُ<tajweed class=ghunnah>مّ</tajweed>َ<tajweed class=ikhafa>ةٍ ق</tajweed>َ<tajweed class=qalaqah>دْ</tajweed> خَلَتْ مِ<tajweed class=ikhafa>ن ق</tajweed>َ<tajweed class=qalaqah>بْ</tajweed>لِه<tajweed class=madda_obligatory>َآ</tajweed> أُمَ<tajweed class=idgham_wo_ghunnah>مٌ ل</tajweed>ِّتَتْلُوَ<tajweed class=slnt>اْ</tajweed> عَلَيْهِمُ <tajweed class=ham_wasl>ٱ</tajweed>لَّذ<tajweed class=madda_obligatory>ِىٓ</tajweed> أَوْحَيْن<tajweed class=madda_obligatory>َآ</tajweed> إِلَيْكَ وَهُمْ يَكْفُرُونَ بِ<tajweed class=ham_wasl>ٱ</tajweed><tajweed class=laam_shamsiyah>ل</tajweed>رَّحْمَ<tajweed class=madda_normal>ـٰ</tajweed>نِ‌ۚ قُلْ هُوَ رَبِّى ل<tajweed class=madda_obligatory>َآ</tajweed> إِلَ<tajweed class=madda_normal>ـٰ</tajweed>هَ إِلَّا هُوَ عَلَيْهِ تَوَكَّلْتُ وَإِلَيْهِ مَت<tajweed class=madda_permissible>َا</tajweed><tajweed class=qalaqah>ب</tajweed>ِ <span class=end>٣٠</span>","End":"٣٠","PageNumber":253,"JuzNumber":13,"ManzilNumber":3,"RukuNumber":208,"MaqraNumber":101,"HizbNumber":26,"HizbDecimal":0.0,"HasSajda":false},{"SurahNumber":13,"SurahIndex":"013","VerseNumber":31,"ShowSurahName":false,"ShowBismillah":false,"Text":"وَلَوۡ أَنَّ قُرۡءَانٗا سُيِّرَتۡ بِهِ ٱلۡجِبَالُ أَوۡ قُطِّعَتۡ بِهِ ٱلۡأَرۡضُ أَوۡ كُلِّمَ بِهِ ٱلۡمَوۡتَىٰۗ بَل لِّلَّهِ ٱلۡأَمۡرُ جَمِيعًاۗ أَفَلَمۡ يَاْيۡـَٔسِ ٱلَّذِينَ ءَامَنُوٓاْ أَن لَّوۡ يَشَآءُ ٱللَّهُ لَهَدَى ٱلنَّاسَ جَمِيعٗاۗ وَلَا يَزَالُ ٱلَّذِينَ كَفَرُواْ تُصِيبُهُم بِمَا صَنَعُواْ قَارِعَةٌ أَوۡ تَحُلُّ قَرِيبٗا مِّن دَارِهِمۡ حَتَّىٰ يَأۡتِيَ وَعۡدُ ٱللَّهِۚ إِنَّ ٱللَّهَ لَا يُخۡلِفُ ٱلۡمِيعَادَ","TajweedText":"وَلَوْ أَ<tajweed class=ghunnah>نّ</tajweed>َ قُرْءَا<tajweed class=ikhafa>نًا س</tajweed>ُيِّرَتْ بِهِ <tajweed class=ham_wasl>ٱ</tajweed>لْجِبَالُ أَوْ قُطِّعَتْ بِهِ <tajweed class=ham_wasl>ٱ</tajweed>لْأَرْضُ أَوْ كُلِّمَ بِهِ <tajweed class=ham_wasl>ٱ</tajweed>لْمَوْتَىٰ‌ۗ بَل لِّلَّهِ <tajweed class=ham_wasl>ٱ</tajweed>لْأَمْرُ جَمِيعًا‌ۗ أَفَلَمْ يَ<tajweed class=slnt>اْ</tajweed>يْــَٔسِ <tajweed class=ham_wasl>ٱ</tajweed>لَّذِينَ ءَامَن<tajweed class=madda_obligatory>ُوٓ</tajweed><tajweed class=slnt>اْ</tajweed> أ<tajweed class=idgham_wo_ghunnah>َن ل</tajweed>َّوْ يَش<tajweed class=madda_obligatory>َا</tajweed>ٓءُ <tajweed class=ham_wasl>ٱ</tajweed>للَّهُ لَهَدَى <tajweed class=ham_wasl>ٱ</tajweed><tajweed class=laam_shamsiyah>ل</tajweed><tajweed class=ghunnah>نّ</tajweed>َاسَ جَمِي<tajweed class=idgham_ghunnah>عًا‌ۗ و</tajweed>َلَا يَزَالُ <tajweed class=ham_wasl>ٱ</tajweed>لَّذِينَ كَفَرُو<tajweed class=slnt>اْ</tajweed> تُصِيبُه<tajweed class=ikhafa_shafawi>ُم ب</tajweed>ِمَا صَنَعُو<tajweed class=slnt>اْ</tajweed> قَارِعَةٌ أَوْ تَحُلُّ قَرِي<tajweed class=idgham_ghunnah>بًا م</tajweed>ِّ<tajweed class=ikhafa>ن د</tajweed>َارِهِمْ حَتَّىٰ يَأْتِىَ وَعْدُ <tajweed class=ham_wasl>ٱ</tajweed>للَّهِ‌ۚ إِ<tajweed class=ghunnah>نّ</tajweed>َ <tajweed class=ham_wasl>ٱ</tajweed>للَّهَ لَا يُخْلِفُ <tajweed class=ham_wasl>ٱ</tajweed>لْمِيع<tajweed class=madda_permissible>َا</tajweed><tajweed class=qalaqah>د</tajweed>َ <span class=end>٣١</span>","End":"٣١","PageNumber":253,"JuzNumber":13,"ManzilNumber":3,"RukuNumber":208,"MaqraNumber":101,"HizbNumber":26,"HizbDecimal":0.0,"HasSajda":false}]}