{"RukuNumber":24,"Verses":[{"SurahNumber":2,"SurahIndex":"002","VerseNumber":183,"ShowSurahName":false,"ShowBismillah":false,"Text":"يَـٰٓأَيُّهَا ٱلَّذِينَ ءَامَنُواْ كُتِبَ عَلَيۡكُمُ ٱلصِّيَامُ كَمَا كُتِبَ عَلَى ٱلَّذِينَ مِن قَبۡلِكُمۡ لَعَلَّكُمۡ تَتَّقُونَ","TajweedText":"يَ<tajweed class=madda_obligatory>ـٰٓ</tajweed>أَيُّهَا <tajweed class=ham_wasl>ٱ</tajweed>لَّذِينَ ءَامَنُو<tajweed class=slnt>اْ</tajweed> كُتِبَ عَلَيْكُمُ <tajweed class=ham_wasl>ٱ</tajweed><tajweed class=laam_shamsiyah>ل</tajweed>صِّيَامُ كَمَا كُتِبَ عَلَى <tajweed class=ham_wasl>ٱ</tajweed>لَّذِينَ مِ<tajweed class=ikhafa>ن ق</tajweed>َ<tajweed class=qalaqah>بْ</tajweed>لِكُمْ لَعَلَّكُمْ تَتَّق<tajweed class=madda_permissible>ُو</tajweed>نَ <span class=end>١٨٣</span>","End":"١٨٣","PageNumber":28,"JuzNumber":2,"ManzilNumber":1,"RukuNumber":24,"MaqraNumber":11,"HizbNumber":3,"HizbDecimal":0.5,"HasSajda":false},{"SurahNumber":2,"SurahIndex":"002","VerseNumber":184,"ShowSurahName":false,"ShowBismillah":false,"Text":"أَيَّامٗا مَّعۡدُودَٰتٖۚ فَمَن كَانَ مِنكُم مَّرِيضًا أَوۡ عَلَىٰ سَفَرٖ فَعِدَّةٞ مِّنۡ أَيَّامٍ أُخَرَۚ وَعَلَى ٱلَّذِينَ يُطِيقُونَهُۥ فِدۡيَةٞ طَعَامُ مِسۡكِينٖۖ فَمَن تَطَوَّعَ خَيۡرٗا فَهُوَ خَيۡرٞ لَّهُۥۚ وَأَن تَصُومُواْ خَيۡرٞ لَّكُمۡ إِن كُنتُمۡ تَعۡلَمُونَ","TajweedText":"أَيَّا<tajweed class=idgham_ghunnah>مًا م</tajweed>َّعْدُود<tajweed class=madda_normal>َٲ</tajweed><tajweed class=ikhafa>تٍ‌ۚ ف</tajweed>َمَ<tajweed class=ikhafa>ن ك</tajweed>َانَ مِ<tajweed class=ikhafa>نك</tajweed><tajweed class=idgham_shafawi>ُم م</tajweed>َّرِيضًا أَوْ عَلَىٰ سَفَ<tajweed class=ikhafa>رٍ ف</tajweed>َعِدَّ<tajweed class=idgham_ghunnah>ةٌ م</tajweed>ِّنْ أَيَّامٍ أُخَرَ‌ۚ وَعَلَى <tajweed class=ham_wasl>ٱ</tajweed>لَّذِينَ يُطِيقُونَهُ<tajweed class=madda_normal>ۥ</tajweed> فِ<tajweed class=qalaqah>دْ</tajweed>يَ<tajweed class=ikhafa>ةٌ ط</tajweed>َعَامُ مِسْكِي<tajweed class=ikhafa>نٍ‌ۖ ف</tajweed>َمَ<tajweed class=ikhafa>ن ت</tajweed>َطَوَّعَ خَيْ<tajweed class=ikhafa>رًا ف</tajweed>َهُوَ خَيْ<tajweed class=idgham_wo_ghunnah>رٌ ل</tajweed>َّهُ<tajweed class=madda_normal>ۥ</tajweed>‌ۚ وَأَ<tajweed class=ikhafa>ن ت</tajweed>َصُومُو<tajweed class=slnt>اْ</tajweed> خَيْ<tajweed class=idgham_wo_ghunnah>رٌ ل</tajweed>َّكُمْ‌ۖ إِ<tajweed class=ikhafa>ن ك</tajweed>ُ<tajweed class=ikhafa>نت</tajweed>ُمْ تَعْلَم<tajweed class=madda_permissible>ُو</tajweed>نَ <span class=end>١٨٤</span>","End":"١٨٤","PageNumber":28,"JuzNumber":2,"ManzilNumber":1,"RukuNumber":24,"MaqraNumber":11,"HizbNumber":3,"HizbDecimal":0.5,"HasSajda":false},{"SurahNumber":2,"SurahIndex":"002","VerseNumber":185,"ShowSurahName":false,"ShowBismillah":false,"Text":"شَهۡرُ رَمَضَانَ ٱلَّذِيٓ أُنزِلَ فِيهِ ٱلۡقُرۡءَانُ هُدٗى لِّلنَّاسِ وَبَيِّنَٰتٖ مِّنَ ٱلۡهُدَىٰ وَٱلۡفُرۡقَانِۚ فَمَن شَهِدَ مِنكُمُ ٱلشَّهۡرَ فَلۡيَصُمۡهُۖ وَمَن كَانَ مَرِيضًا أَوۡ عَلَىٰ سَفَرٖ فَعِدَّةٞ مِّنۡ أَيَّامٍ أُخَرَۗ يُرِيدُ ٱللَّهُ بِكُمُ ٱلۡيُسۡرَ وَلَا يُرِيدُ بِكُمُ ٱلۡعُسۡرَ وَلِتُكۡمِلُواْ ٱلۡعِدَّةَ وَلِتُكَبِّرُواْ ٱللَّهَ عَلَىٰ مَا هَدَىٰكُمۡ وَلَعَلَّكُمۡ تَشۡكُرُونَ","TajweedText":"شَهْرُ رَمَضَانَ <tajweed class=ham_wasl>ٱ</tajweed>لَّذ<tajweed class=madda_obligatory>ِىٓ</tajweed> أُ<tajweed class=ikhafa>نز</tajweed>ِلَ فِيهِ <tajweed class=ham_wasl>ٱ</tajweed>لْقُرْءَانُ هُ<tajweed class=idgham_wo_ghunnah>دًى ل</tajweed>ِّل<tajweed class=ghunnah>نّ</tajweed>َاسِ وَبَيِّنَ<tajweed class=madda_normal>ـٰ</tajweed><tajweed class=idgham_ghunnah>تٍ م</tajweed>ِّنَ <tajweed class=ham_wasl>ٱ</tajweed>لْهُدَىٰ وَ<tajweed class=ham_wasl>ٱ</tajweed>لْفُرْقَانِ‌ۚ فَمَ<tajweed class=ikhafa>ن ش</tajweed>َهِدَ مِ<tajweed class=ikhafa>نك</tajweed>ُمُ <tajweed class=ham_wasl>ٱ</tajweed><tajweed class=laam_shamsiyah>ل</tajweed>شَّهْرَ فَلْيَصُمْهُ‌ۖ وَمَ<tajweed class=ikhafa>ن ك</tajweed>َانَ مَرِيضًا أَوْ عَلَىٰ سَفَ<tajweed class=ikhafa>رٍ ف</tajweed>َعِدَّ<tajweed class=idgham_ghunnah>ةٌ م</tajweed>ِّنْ أَيَّامٍ أُخَرَ‌ۗ يُرِيدُ <tajweed class=ham_wasl>ٱ</tajweed>للَّهُ بِكُمُ <tajweed class=ham_wasl>ٱ</tajweed>لْيُسْرَ وَلَا يُرِيدُ بِكُمُ <tajweed class=ham_wasl>ٱ</tajweed>لْعُسْرَ وَلِتُكْمِلُو<tajweed class=slnt>اْ</tajweed> <tajweed class=ham_wasl>ٱ</tajweed>لْعِدَّةَ وَلِتُكَبِّرُو<tajweed class=slnt>اْ</tajweed> <tajweed class=ham_wasl>ٱ</tajweed>للَّهَ عَلَىٰ مَا هَدَ<tajweed class=madda_normal>ٮٰ</tajweed>كُمْ وَلَعَلَّكُمْ تَشْكُر<tajweed class=madda_permissible>ُو</tajweed>نَ <span class=end>١٨٥</span>","End":"١٨٥","PageNumber":28,"JuzNumber":2,"ManzilNumber":1,"RukuNumber":24,"MaqraNumber":11,"HizbNumber":3,"HizbDecimal":0.5,"HasSajda":false},{"SurahNumber":2,"SurahIndex":"002","VerseNumber":186,"ShowSurahName":false,"ShowBismillah":false,"Text":"وَإِذَا سَأَلَكَ عِبَادِي عَنِّي فَإِنِّي قَرِيبٌۖ أُجِيبُ دَعۡوَةَ ٱلدَّاعِ إِذَا دَعَانِۖ فَلۡيَسۡتَجِيبُواْ لِي وَلۡيُؤۡمِنُواْ بِي لَعَلَّهُمۡ يَرۡشُدُونَ","TajweedText":"وَإِذَا سَأَلَكَ عِبَادِى عَ<tajweed class=ghunnah>نّ</tajweed>ِى فَإِ<tajweed class=ghunnah>نّ</tajweed>ِى قَرِيبٌ‌ۖ أُجِيبُ دَعْوَةَ <tajweed class=ham_wasl>ٱ</tajweed><tajweed class=laam_shamsiyah>ل</tajweed>دَّاعِ إِذَا دَعَانِ‌ۖ فَلْيَسْتَجِيبُو<tajweed class=slnt>اْ</tajweed> لِى وَلْيُؤْمِنُو<tajweed class=slnt>اْ</tajweed> بِى لَعَلَّهُمْ يَرْشُد<tajweed class=madda_permissible>ُو</tajweed>نَ <span class=end>١٨٦</span>","End":"١٨٦","PageNumber":28,"JuzNumber":2,"ManzilNumber":1,"RukuNumber":24,"MaqraNumber":11,"HizbNumber":3,"HizbDecimal":0.5,"HasSajda":false},{"SurahNumber":2,"SurahIndex":"002","VerseNumber":187,"ShowSurahName":false,"ShowBismillah":false,"Text":"أُحِلَّ لَكُمۡ لَيۡلَةَ ٱلصِّيَامِ ٱلرَّفَثُ إِلَىٰ نِسَآئِكُمۡۚ هُنَّ لِبَاسٞ لَّكُمۡ وَأَنتُمۡ لِبَاسٞ لَّهُنَّۗ عَلِمَ ٱللَّهُ أَنَّكُمۡ كُنتُمۡ تَخۡتَانُونَ أَنفُسَكُمۡ فَتَابَ عَلَيۡكُمۡ وَعَفَا عَنكُمۡۖ فَٱلۡـَٰٔنَ بَٰشِرُوهُنَّ وَٱبۡتَغُواْ مَا كَتَبَ ٱللَّهُ لَكُمۡۚ وَكُلُواْ وَٱشۡرَبُواْ حَتَّىٰ يَتَبَيَّنَ لَكُمُ ٱلۡخَيۡطُ ٱلۡأَبۡيَضُ مِنَ ٱلۡخَيۡطِ ٱلۡأَسۡوَدِ مِنَ ٱلۡفَجۡرِۖ ثُمَّ أَتِمُّواْ ٱلصِّيَامَ إِلَى ٱلَّيۡلِۚ وَلَا تُبَٰشِرُوهُنَّ وَأَنتُمۡ عَٰكِفُونَ فِي ٱلۡمَسَٰجِدِۗ تِلۡكَ حُدُودُ ٱللَّهِ فَلَا تَقۡرَبُوهَاۗ كَذَٰلِكَ يُبَيِّنُ ٱللَّهُ ءَايَٰتِهِۦ لِلنَّاسِ لَعَلَّهُمۡ يَتَّقُونَ","TajweedText":"أُحِلَّ لَكُمْ لَيْلَةَ <tajweed class=ham_wasl>ٱ</tajweed><tajweed class=laam_shamsiyah>ل</tajweed>صِّيَامِ <tajweed class=ham_wasl>ٱ</tajweed><tajweed class=laam_shamsiyah>ل</tajweed>رَّفَثُ إِلَىٰ نِس<tajweed class=madda_obligatory>َا</tajweed>ٓئِكُمْ‌ۚ هُ<tajweed class=ghunnah>نّ</tajweed>َ لِبَا<tajweed class=idgham_wo_ghunnah>سٌ ل</tajweed>َّكُمْ وَأَ<tajweed class=ikhafa>نت</tajweed>ُمْ لِبَا<tajweed class=idgham_wo_ghunnah>سٌ ل</tajweed>َّهُ<tajweed class=ghunnah>نّ</tajweed>َ‌ۗ عَلِمَ <tajweed class=ham_wasl>ٱ</tajweed>للَّهُ أَ<tajweed class=ghunnah>نّ</tajweed>َكُمْ كُ<tajweed class=ikhafa>نت</tajweed>ُمْ تَخْتَانُونَ أَ<tajweed class=ikhafa>نف</tajweed>ُسَكُمْ فَتَابَ عَلَيْكُمْ وَعَفَا عَ<tajweed class=ikhafa>نك</tajweed>ُمْ‌ۖ فَ<tajweed class=ham_wasl>ٱ</tajweed>لْـَٔ<tajweed class=madda_normal>ـٰ</tajweed>نَ بَ<tajweed class=madda_normal>ـٰ</tajweed>شِرُوهُ<tajweed class=ghunnah>نّ</tajweed>َ وَ<tajweed class=ham_wasl>ٱ</tajweed><tajweed class=qalaqah>بْ</tajweed>تَغُو<tajweed class=slnt>اْ</tajweed> مَا كَتَبَ <tajweed class=ham_wasl>ٱ</tajweed>للَّهُ لَكُمْ‌ۚ وَكُلُو<tajweed class=slnt>اْ</tajweed> وَ<tajweed class=ham_wasl>ٱ</tajweed>شْرَبُو<tajweed class=slnt>اْ</tajweed> حَتَّىٰ يَتَبَيَّنَ لَكُمُ <tajweed class=ham_wasl>ٱ</tajweed>لْخَيْطُ <tajweed class=ham_wasl>ٱ</tajweed>لْأَ<tajweed class=qalaqah>بْ</tajweed>يَضُ مِنَ <tajweed class=ham_wasl>ٱ</tajweed>لْخَيْطِ <tajweed class=ham_wasl>ٱ</tajweed>لْأَسْوَدِ مِنَ <tajweed class=ham_wasl>ٱ</tajweed>لْفَ<tajweed class=qalaqah>جْ</tajweed>رِ‌ۖ ثُ<tajweed class=ghunnah>مّ</tajweed>َ أَتِ<tajweed class=ghunnah>مّ</tajweed>ُو<tajweed class=slnt>اْ</tajweed> <tajweed class=ham_wasl>ٱ</tajweed><tajweed class=laam_shamsiyah>ل</tajweed>صِّيَامَ إِلَى <tajweed class=ham_wasl>ٱ</tajweed>لَّيْلِ‌ۚ وَلَا تُبَ<tajweed class=madda_normal>ـٰ</tajweed>شِرُوهُ<tajweed class=ghunnah>نّ</tajweed>َ وَأَ<tajweed class=ikhafa>نت</tajweed>ُمْ عَ<tajweed class=madda_normal>ـٰ</tajweed>كِفُونَ فِى <tajweed class=ham_wasl>ٱ</tajweed>لْمَسَ<tajweed class=madda_normal>ـٰ</tajweed>جِدِ‌ۗ تِلْكَ حُدُودُ <tajweed class=ham_wasl>ٱ</tajweed>للَّهِ فَلَا تَ<tajweed class=qalaqah>قْ</tajweed>رَبُوهَا‌ۗ كَذ<tajweed class=madda_normal>َٲ</tajweed>لِكَ يُبَيِّنُ <tajweed class=ham_wasl>ٱ</tajweed>للَّهُ ءَايَ<tajweed class=madda_normal>ـٰ</tajweed>تِه<tajweed class=madda_normal>ِۦ</tajweed> لِل<tajweed class=ghunnah>نّ</tajweed>َاسِ لَعَلَّهُمْ يَتَّق<tajweed class=madda_permissible>ُو</tajweed>نَ <span class=end>١٨٧</span>","End":"١٨٧","PageNumber":29,"JuzNumber":2,"ManzilNumber":1,"RukuNumber":24,"MaqraNumber":11,"HizbNumber":3,"HizbDecimal":0.5,"HasSajda":false},{"SurahNumber":2,"SurahIndex":"002","VerseNumber":188,"ShowSurahName":false,"ShowBismillah":false,"Text":"وَلَا تَأۡكُلُوٓاْ أَمۡوَٰلَكُم بَيۡنَكُم بِٱلۡبَٰطِلِ وَتُدۡلُواْ بِهَآ إِلَى ٱلۡحُكَّامِ لِتَأۡكُلُواْ فَرِيقٗا مِّنۡ أَمۡوَٰلِ ٱلنَّاسِ بِٱلۡإِثۡمِ وَأَنتُمۡ تَعۡلَمُونَ","TajweedText":"وَلَا تَأْكُل<tajweed class=madda_obligatory>ُوٓ</tajweed><tajweed class=slnt>اْ</tajweed> أَمْو<tajweed class=madda_normal>َٲ</tajweed>لَك<tajweed class=ikhafa_shafawi>ُم ب</tajweed>َيْنَك<tajweed class=ikhafa_shafawi>ُم ب</tajweed>ِ<tajweed class=ham_wasl>ٱ</tajweed>لْبَ<tajweed class=madda_normal>ـٰ</tajweed>طِلِ وَتُ<tajweed class=qalaqah>دْ</tajweed>لُو<tajweed class=slnt>اْ</tajweed> بِه<tajweed class=madda_obligatory>َآ</tajweed> إِلَى <tajweed class=ham_wasl>ٱ</tajweed>لْحُكَّامِ لِتَأْكُلُو<tajweed class=slnt>اْ</tajweed> فَرِي<tajweed class=idgham_ghunnah>قًا م</tajweed>ِّنْ أَمْو<tajweed class=madda_normal>َٲ</tajweed>لِ <tajweed class=ham_wasl>ٱ</tajweed><tajweed class=laam_shamsiyah>ل</tajweed><tajweed class=ghunnah>نّ</tajweed>َاسِ بِ<tajweed class=ham_wasl>ٱ</tajweed>لْإِثْمِ وَأَ<tajweed class=ikhafa>نت</tajweed>ُمْ تَعْلَم<tajweed class=madda_permissible>ُو</tajweed>نَ <span class=end>١٨٨</span>","End":"١٨٨","PageNumber":29,"JuzNumber":2,"ManzilNumber":1,"RukuNumber":24,"MaqraNumber":11,"HizbNumber":3,"HizbDecimal":0.5,"HasSajda":false}]}