{"RukuNumber":364,"Verses":[{"SurahNumber":33,"SurahIndex":"033","VerseNumber":28,"ShowSurahName":false,"ShowBismillah":false,"Text":"يَـٰٓأَيُّهَا ٱلنَّبِيُّ قُل لِّأَزۡوَٰجِكَ إِن كُنتُنَّ تُرِدۡنَ ٱلۡحَيَوٰةَ ٱلدُّنۡيَا وَزِينَتَهَا فَتَعَالَيۡنَ أُمَتِّعۡكُنَّ وَأُسَرِّحۡكُنَّ سَرَاحٗا جَمِيلٗا","TajweedText":"يَ<tajweed class=madda_obligatory>ـٰٓ</tajweed>أَيُّهَا <tajweed class=ham_wasl>ٱ</tajweed><tajweed class=laam_shamsiyah>ل</tajweed><tajweed class=ghunnah>نّ</tajweed>َبِىُّ قُل لِّأَزْو<tajweed class=madda_normal>َٲ</tajweed>جِكَ إِ<tajweed class=ikhafa>ن ك</tajweed>ُ<tajweed class=ikhafa>نت</tajweed>ُ<tajweed class=ghunnah>نّ</tajweed>َ تُرِ<tajweed class=qalaqah>دْ</tajweed>نَ <tajweed class=ham_wasl>ٱ</tajweed>لْحَيَ<tajweed class=slnt>و</tajweed><tajweed class=madda_normal>ٲ</tajweed>ةَ <tajweed class=ham_wasl>ٱ</tajweed><tajweed class=laam_shamsiyah>ل</tajweed>دُّنْيَا وَزِينَتَهَا فَتَعَالَيْنَ أُمَتِّعْكُ<tajweed class=ghunnah>نّ</tajweed>َ وَأُسَرِّحْكُ<tajweed class=ghunnah>نّ</tajweed>َ سَرَا<tajweed class=ikhafa>حًا ج</tajweed>َمِيلاً <span class=end>٢٨</span>","End":"٢٨","PageNumber":421,"JuzNumber":21,"ManzilNumber":5,"RukuNumber":364,"MaqraNumber":168,"HizbNumber":42,"HizbDecimal":0.75,"HasSajda":false},{"SurahNumber":33,"SurahIndex":"033","VerseNumber":29,"ShowSurahName":false,"ShowBismillah":false,"Text":"وَإِن كُنتُنَّ تُرِدۡنَ ٱللَّهَ وَرَسُولَهُۥ وَٱلدَّارَ ٱلۡأٓخِرَةَ فَإِنَّ ٱللَّهَ أَعَدَّ لِلۡمُحۡسِنَٰتِ مِنكُنَّ أَجۡرًا عَظِيمٗا","TajweedText":"وَإِ<tajweed class=ikhafa>ن ك</tajweed>ُ<tajweed class=ikhafa>نت</tajweed>ُ<tajweed class=ghunnah>نّ</tajweed>َ تُرِ<tajweed class=qalaqah>دْ</tajweed>نَ <tajweed class=ham_wasl>ٱ</tajweed>للَّهَ وَرَسُولَهُ<tajweed class=madda_normal>ۥ</tajweed> وَ<tajweed class=ham_wasl>ٱ</tajweed><tajweed class=laam_shamsiyah>ل</tajweed>دَّارَ <tajweed class=ham_wasl>ٱ</tajweed>لْأَخِرَةَ فَإِ<tajweed class=ghunnah>نّ</tajweed>َ <tajweed class=ham_wasl>ٱ</tajweed>للَّهَ أَعَدَّ لِلْمُحْسِنَ<tajweed class=madda_normal>ـٰ</tajweed>تِ مِ<tajweed class=ikhafa>نك</tajweed>ُ<tajweed class=ghunnah>نّ</tajweed>َ أَ<tajweed class=qalaqah>جْ</tajweed>رًا عَظِيمًا <span class=end>٢٩</span>","End":"٢٩","PageNumber":421,"JuzNumber":21,"ManzilNumber":5,"RukuNumber":364,"MaqraNumber":168,"HizbNumber":42,"HizbDecimal":0.75,"HasSajda":false},{"SurahNumber":33,"SurahIndex":"033","VerseNumber":30,"ShowSurahName":false,"ShowBismillah":false,"Text":"يَٰنِسَآءَ ٱلنَّبِيِّ مَن يَأۡتِ مِنكُنَّ بِفَٰحِشَةٖ مُّبَيِّنَةٖ يُضَٰعَفۡ لَهَا ٱلۡعَذَابُ ضِعۡفَيۡنِۚ وَكَانَ ذَٰلِكَ عَلَى ٱللَّهِ يَسِيرٗا","TajweedText":"يَ<tajweed class=madda_normal>ـٰ</tajweed>نِس<tajweed class=madda_obligatory>َا</tajweed>ٓءَ <tajweed class=ham_wasl>ٱ</tajweed><tajweed class=laam_shamsiyah>ل</tajweed><tajweed class=ghunnah>نّ</tajweed>َبِىِّ م<tajweed class=idgham_ghunnah>َن ي</tajweed>َأْتِ مِ<tajweed class=ikhafa>نك</tajweed>ُ<tajweed class=ghunnah>نّ</tajweed>َ بِفَ<tajweed class=madda_normal>ـٰ</tajweed>حِشَ<tajweed class=idgham_ghunnah>ةٍ م</tajweed>ُّبَيِّنَ<tajweed class=idgham_ghunnah>ةٍ ي</tajweed>ُضَ<tajweed class=madda_normal>ـٰ</tajweed>عَفْ لَهَا <tajweed class=ham_wasl>ٱ</tajweed>لْعَذَابُ ضِعْفَيْنِ‌ۚ وَكَانَ ذ<tajweed class=madda_normal>َٲ</tajweed>لِكَ عَلَى <tajweed class=ham_wasl>ٱ</tajweed>للَّهِ يَسِيرًا <span class=end>٣٠</span>","End":"٣٠","PageNumber":421,"JuzNumber":21,"ManzilNumber":5,"RukuNumber":364,"MaqraNumber":168,"HizbNumber":42,"HizbDecimal":0.75,"HasSajda":false},{"SurahNumber":33,"SurahIndex":"033","VerseNumber":31,"ShowSurahName":false,"ShowBismillah":false,"Text":"۞وَمَن يَقۡنُتۡ مِنكُنَّ لِلَّهِ وَرَسُولِهِۦ وَتَعۡمَلۡ صَٰلِحٗا نُّؤۡتِهَآ أَجۡرَهَا مَرَّتَيۡنِ وَأَعۡتَدۡنَا لَهَا رِزۡقٗا كَرِيمٗا","TajweedText":"۞ وَم<tajweed class=idgham_ghunnah>َن ي</tajweed>َ<tajweed class=qalaqah>قْ</tajweed>نُتْ مِ<tajweed class=ikhafa>نك</tajweed>ُ<tajweed class=ghunnah>نّ</tajweed>َ لِلَّهِ وَرَسُولِه<tajweed class=madda_normal>ِۦ</tajweed> وَتَعْمَلْ صَ<tajweed class=madda_normal>ـٰ</tajweed>لِ<tajweed class=idgham_ghunnah>حًا ن</tajweed>ُّؤْتِه<tajweed class=madda_obligatory>َآ</tajweed> أَ<tajweed class=qalaqah>جْ</tajweed>رَهَا مَرَّتَيْنِ وَأَعْتَ<tajweed class=qalaqah>دْ</tajweed>نَا لَهَا رِزْ<tajweed class=ikhafa>قًا ك</tajweed>َرِيمًا <span class=end>٣١</span>","End":"٣١","PageNumber":422,"JuzNumber":22,"ManzilNumber":5,"RukuNumber":364,"MaqraNumber":169,"HizbNumber":43,"HizbDecimal":0.0,"HasSajda":false},{"SurahNumber":33,"SurahIndex":"033","VerseNumber":32,"ShowSurahName":false,"ShowBismillah":false,"Text":"يَٰنِسَآءَ ٱلنَّبِيِّ لَسۡتُنَّ كَأَحَدٖ مِّنَ ٱلنِّسَآءِ إِنِ ٱتَّقَيۡتُنَّۚ فَلَا تَخۡضَعۡنَ بِٱلۡقَوۡلِ فَيَطۡمَعَ ٱلَّذِي فِي قَلۡبِهِۦ مَرَضٞ وَقُلۡنَ قَوۡلٗا مَّعۡرُوفٗا","TajweedText":"يَ<tajweed class=madda_normal>ـٰ</tajweed>نِس<tajweed class=madda_obligatory>َا</tajweed>ٓءَ <tajweed class=ham_wasl>ٱ</tajweed><tajweed class=laam_shamsiyah>ل</tajweed><tajweed class=ghunnah>نّ</tajweed>َبِىِّ لَسْتُ<tajweed class=ghunnah>نّ</tajweed>َ كَأَحَ<tajweed class=idgham_ghunnah>دٍ م</tajweed>ِّنَ <tajweed class=ham_wasl>ٱ</tajweed><tajweed class=laam_shamsiyah>ل</tajweed><tajweed class=ghunnah>نّ</tajweed>ِس<tajweed class=madda_obligatory>َا</tajweed>ٓءِۚ إِنِ <tajweed class=ham_wasl>ٱ</tajweed>تَّقَيْتُ<tajweed class=ghunnah>نّ</tajweed>َ فَلَا تَخْضَعْنَ بِ<tajweed class=ham_wasl>ٱ</tajweed>لْقَوْلِ فَيَ<tajweed class=qalaqah>طْ</tajweed>مَعَ <tajweed class=ham_wasl>ٱ</tajweed>لَّذِى فِى قَلْبِه<tajweed class=madda_normal>ِۦ</tajweed> مَرَ<tajweed class=idgham_ghunnah>ضٌ و</tajweed>َقُلْنَ قَوْل<tajweed class=idgham_ghunnah>اً م</tajweed>َّعْرُوفًا <span class=end>٣٢</span>","End":"٣٢","PageNumber":422,"JuzNumber":22,"ManzilNumber":5,"RukuNumber":364,"MaqraNumber":169,"HizbNumber":43,"HizbDecimal":0.0,"HasSajda":false},{"SurahNumber":33,"SurahIndex":"033","VerseNumber":33,"ShowSurahName":false,"ShowBismillah":false,"Text":"وَقَرۡنَ فِي بُيُوتِكُنَّ وَلَا تَبَرَّجۡنَ تَبَرُّجَ ٱلۡجَٰهِلِيَّةِ ٱلۡأُولَىٰۖ وَأَقِمۡنَ ٱلصَّلَوٰةَ وَءَاتِينَ ٱلزَّكَوٰةَ وَأَطِعۡنَ ٱللَّهَ وَرَسُولَهُۥٓۚ إِنَّمَا يُرِيدُ ٱللَّهُ لِيُذۡهِبَ عَنكُمُ ٱلرِّجۡسَ أَهۡلَ ٱلۡبَيۡتِ وَيُطَهِّرَكُمۡ تَطۡهِيرٗا","TajweedText":"وَقَرْنَ فِى بُيُوتِكُ<tajweed class=ghunnah>نّ</tajweed>َ وَلَا تَبَرَّ<tajweed class=qalaqah>جْ</tajweed>نَ تَبَرُّجَ <tajweed class=ham_wasl>ٱ</tajweed>لْجَ<tajweed class=madda_normal>ـٰ</tajweed>هِلِيَّةِ <tajweed class=ham_wasl>ٱ</tajweed>لْأُولَىٰۖ وَأَقِمْنَ <tajweed class=ham_wasl>ٱ</tajweed><tajweed class=laam_shamsiyah>ل</tajweed>صَّلَ<tajweed class=slnt>و</tajweed><tajweed class=madda_normal>ٲ</tajweed>ةَ وَءَاتِينَ <tajweed class=ham_wasl>ٱ</tajweed><tajweed class=laam_shamsiyah>ل</tajweed>زَّكَ<tajweed class=slnt>و</tajweed><tajweed class=madda_normal>ٲ</tajweed>ةَ وَأَطِعْنَ <tajweed class=ham_wasl>ٱ</tajweed>للَّهَ وَرَسُولَهُۚ<tajweed class=madda_obligatory>ۥٓ</tajweed> إِ<tajweed class=ghunnah>نّ</tajweed>َمَا يُرِيدُ <tajweed class=ham_wasl>ٱ</tajweed>للَّهُ لِيُذْهِبَ عَ<tajweed class=ikhafa>نك</tajweed>ُمُ <tajweed class=ham_wasl>ٱ</tajweed><tajweed class=laam_shamsiyah>ل</tajweed>رِّ<tajweed class=qalaqah>جْ</tajweed>سَ أَهْلَ <tajweed class=ham_wasl>ٱ</tajweed>لْبَيْتِ وَيُطَهِّرَكُمْ تَ<tajweed class=qalaqah>طْ</tajweed>هِيرًا <span class=end>٣٣</span>","End":"٣٣","PageNumber":422,"JuzNumber":22,"ManzilNumber":5,"RukuNumber":364,"MaqraNumber":169,"HizbNumber":43,"HizbDecimal":0.0,"HasSajda":false},{"SurahNumber":33,"SurahIndex":"033","VerseNumber":34,"ShowSurahName":false,"ShowBismillah":false,"Text":"وَٱذۡكُرۡنَ مَا يُتۡلَىٰ فِي بُيُوتِكُنَّ مِنۡ ءَايَٰتِ ٱللَّهِ وَٱلۡحِكۡمَةِۚ إِنَّ ٱللَّهَ كَانَ لَطِيفًا خَبِيرًا","TajweedText":"وَ<tajweed class=ham_wasl>ٱ</tajweed>ذْكُرْنَ مَا يُتْلَىٰ فِى بُيُوتِكُ<tajweed class=ghunnah>نّ</tajweed>َ مِنْ ءَايَ<tajweed class=madda_normal>ـٰ</tajweed>تِ <tajweed class=ham_wasl>ٱ</tajweed>للَّهِ وَ<tajweed class=ham_wasl>ٱ</tajweed>لْحِكْمَةِۚ إِ<tajweed class=ghunnah>نّ</tajweed>َ <tajweed class=ham_wasl>ٱ</tajweed>للَّهَ كَانَ لَطِيفًا خَبِيرًا <span class=end>٣٤</span>","End":"٣٤","PageNumber":422,"JuzNumber":22,"ManzilNumber":5,"RukuNumber":364,"MaqraNumber":169,"HizbNumber":43,"HizbDecimal":0.0,"HasSajda":false}]}