{"RukuNumber":127,"Verses":[{"SurahNumber":7,"SurahIndex":"007","VerseNumber":48,"ShowSurahName":false,"ShowBismillah":false,"Text":"وَنَادَىٰٓ أَصۡحَٰبُ ٱلۡأَعۡرَافِ رِجَالٗا يَعۡرِفُونَهُم بِسِيمَىٰهُمۡ قَالُواْ مَآ أَغۡنَىٰ عَنكُمۡ جَمۡعُكُمۡ وَمَا كُنتُمۡ تَسۡتَكۡبِرُونَ","TajweedText":"وَنَادَ<tajweed class=madda_obligatory>ىٰٓ</tajweed> أَصْحَ<tajweed class=madda_normal>ـٰ</tajweed>بُ <tajweed class=ham_wasl>ٱ</tajweed>لْأَعْرَافِ رِجَال<tajweed class=idgham_ghunnah>اً ي</tajweed>َعْرِفُونَه<tajweed class=ikhafa_shafawi>ُم ب</tajweed>ِسِيمَ<tajweed class=madda_normal>ـٰ</tajweed>هُمْ قَالُو<tajweed class=slnt>اْ</tajweed> م<tajweed class=madda_obligatory>َآ</tajweed> أَغْنَىٰ عَ<tajweed class=ikhafa>نك</tajweed>ُمْ جَمْعُكُمْ وَمَا كُ<tajweed class=ikhafa>نت</tajweed>ُمْ تَسْتَكْبِر<tajweed class=madda_permissible>ُو</tajweed>نَ <span class=end>٤٨</span>","End":"٤٨","PageNumber":156,"JuzNumber":8,"ManzilNumber":2,"RukuNumber":127,"MaqraNumber":63,"HizbNumber":16,"HizbDecimal":0.5,"HasSajda":false},{"SurahNumber":7,"SurahIndex":"007","VerseNumber":49,"ShowSurahName":false,"ShowBismillah":false,"Text":"أَهَـٰٓؤُلَآءِ ٱلَّذِينَ أَقۡسَمۡتُمۡ لَا يَنَالُهُمُ ٱللَّهُ بِرَحۡمَةٍۚ ٱدۡخُلُواْ ٱلۡجَنَّةَ لَا خَوۡفٌ عَلَيۡكُمۡ وَلَآ أَنتُمۡ تَحۡزَنُونَ","TajweedText":"أَهَ<tajweed class=madda_obligatory>ـٰٓ</tajweed>ؤُل<tajweed class=madda_obligatory>َا</tajweed>ٓءِ <tajweed class=ham_wasl>ٱ</tajweed>لَّذِينَ أَ<tajweed class=qalaqah>قْ</tajweed>سَمْتُمْ لَا يَنَالُهُمُ <tajweed class=ham_wasl>ٱ</tajweed>للَّهُ بِرَحْمَةٍ‌ۚ <tajweed class=ham_wasl>ٱ</tajweed><tajweed class=qalaqah>دْ</tajweed>خُلُو<tajweed class=slnt>اْ</tajweed> <tajweed class=ham_wasl>ٱ</tajweed>لْجَ<tajweed class=ghunnah>نّ</tajweed>َةَ لَا خَوْفٌ عَلَيْكُمْ وَل<tajweed class=madda_obligatory>َآ</tajweed> أَ<tajweed class=ikhafa>نت</tajweed>ُمْ تَحْزَن<tajweed class=madda_permissible>ُو</tajweed>نَ <span class=end>٤٩</span>","End":"٤٩","PageNumber":156,"JuzNumber":8,"ManzilNumber":2,"RukuNumber":127,"MaqraNumber":63,"HizbNumber":16,"HizbDecimal":0.5,"HasSajda":false},{"SurahNumber":7,"SurahIndex":"007","VerseNumber":50,"ShowSurahName":false,"ShowBismillah":false,"Text":"وَنَادَىٰٓ أَصۡحَٰبُ ٱلنَّارِ أَصۡحَٰبَ ٱلۡجَنَّةِ أَنۡ أَفِيضُواْ عَلَيۡنَا مِنَ ٱلۡمَآءِ أَوۡ مِمَّا رَزَقَكُمُ ٱللَّهُۚ قَالُوٓاْ إِنَّ ٱللَّهَ حَرَّمَهُمَا عَلَى ٱلۡكَٰفِرِينَ","TajweedText":"وَنَادَ<tajweed class=madda_obligatory>ىٰٓ</tajweed> أَصْحَ<tajweed class=madda_normal>ـٰ</tajweed>بُ <tajweed class=ham_wasl>ٱ</tajweed><tajweed class=laam_shamsiyah>ل</tajweed><tajweed class=ghunnah>نّ</tajweed>َارِ أَصْحَ<tajweed class=madda_normal>ـٰ</tajweed>بَ <tajweed class=ham_wasl>ٱ</tajweed>لْجَ<tajweed class=ghunnah>نّ</tajweed>َةِ أَنْ أَفِيضُو<tajweed class=slnt>اْ</tajweed> عَلَيْنَا مِنَ <tajweed class=ham_wasl>ٱ</tajweed>لْم<tajweed class=madda_obligatory>َا</tajweed>ٓءِ أَوْ مِ<tajweed class=ghunnah>مّ</tajweed>َا رَزَقَكُمُ <tajweed class=ham_wasl>ٱ</tajweed>للَّهُ‌ۚ قَال<tajweed class=madda_obligatory>ُوٓ</tajweed><tajweed class=slnt>اْ</tajweed> إِ<tajweed class=ghunnah>نّ</tajweed>َ <tajweed class=ham_wasl>ٱ</tajweed>للَّهَ حَرَّمَهُمَا عَلَى <tajweed class=ham_wasl>ٱ</tajweed>لْكَ<tajweed class=madda_normal>ـٰ</tajweed>فِر<tajweed class=madda_permissible>ِي</tajweed>نَ <span class=end>٥٠</span>","End":"٥٠","PageNumber":156,"JuzNumber":8,"ManzilNumber":2,"RukuNumber":127,"MaqraNumber":63,"HizbNumber":16,"HizbDecimal":0.5,"HasSajda":false},{"SurahNumber":7,"SurahIndex":"007","VerseNumber":51,"ShowSurahName":false,"ShowBismillah":false,"Text":"ٱلَّذِينَ ٱتَّخَذُواْ دِينَهُمۡ لَهۡوٗا وَلَعِبٗا وَغَرَّتۡهُمُ ٱلۡحَيَوٰةُ ٱلدُّنۡيَاۚ فَٱلۡيَوۡمَ نَنسَىٰهُمۡ كَمَا نَسُواْ لِقَآءَ يَوۡمِهِمۡ هَٰذَا وَمَا كَانُواْ بِـَٔايَٰتِنَا يَجۡحَدُونَ","TajweedText":"ٱلَّذِينَ <tajweed class=ham_wasl>ٱ</tajweed>تَّخَذُو<tajweed class=slnt>اْ</tajweed> دِينَهُمْ لَهْ<tajweed class=idgham_ghunnah>وًا و</tajweed>َلَعِ<tajweed class=idgham_ghunnah>بًا و</tajweed>َغَرَّتْهُمُ <tajweed class=ham_wasl>ٱ</tajweed>لْحَيَ<tajweed class=slnt>و</tajweed><tajweed class=madda_normal>ٲ</tajweed>ةُ <tajweed class=ham_wasl>ٱ</tajweed><tajweed class=laam_shamsiyah>ل</tajweed>دُّنْيَا‌ۚ فَ<tajweed class=ham_wasl>ٱ</tajweed>لْيَوْمَ نَ<tajweed class=ikhafa>نس</tajweed>َ<tajweed class=madda_normal>ـٰ</tajweed>هُمْ كَمَا نَسُو<tajweed class=slnt>اْ</tajweed> لِق<tajweed class=madda_obligatory>َا</tajweed>ٓءَ يَوْمِهِمْ هَ<tajweed class=madda_normal>ـٰ</tajweed>ذَا وَمَا كَانُو<tajweed class=slnt>اْ</tajweed> بِـَٔـايَ<tajweed class=madda_normal>ـٰ</tajweed>تِنَا يَ<tajweed class=qalaqah>جْ</tajweed>حَد<tajweed class=madda_permissible>ُو</tajweed>نَ <span class=end>٥١</span>","End":"٥١","PageNumber":156,"JuzNumber":8,"ManzilNumber":2,"RukuNumber":127,"MaqraNumber":63,"HizbNumber":16,"HizbDecimal":0.5,"HasSajda":false},{"SurahNumber":7,"SurahIndex":"007","VerseNumber":52,"ShowSurahName":false,"ShowBismillah":false,"Text":"وَلَقَدۡ جِئۡنَٰهُم بِكِتَٰبٖ فَصَّلۡنَٰهُ عَلَىٰ عِلۡمٍ هُدٗى وَرَحۡمَةٗ لِّقَوۡمٖ يُؤۡمِنُونَ","TajweedText":"وَلَقَ<tajweed class=qalaqah>دْ</tajweed> جِئْنَ<tajweed class=madda_normal>ـٰ</tajweed>ه<tajweed class=ikhafa_shafawi>ُم ب</tajweed>ِكِتَ<tajweed class=madda_normal>ـٰ</tajweed><tajweed class=ikhafa>بٍ ف</tajweed>َصَّلْنَ<tajweed class=madda_normal>ـٰ</tajweed>هُ عَلَىٰ عِلْمٍ هُ<tajweed class=idgham_ghunnah>دًى و</tajweed>َرَحْمَ<tajweed class=idgham_wo_ghunnah>ةً ل</tajweed>ِّقَوْ<tajweed class=idgham_ghunnah>مٍ ي</tajweed>ُؤْمِن<tajweed class=madda_permissible>ُو</tajweed>نَ <span class=end>٥٢</span>","End":"٥٢","PageNumber":157,"JuzNumber":8,"ManzilNumber":2,"RukuNumber":127,"MaqraNumber":63,"HizbNumber":16,"HizbDecimal":0.5,"HasSajda":false},{"SurahNumber":7,"SurahIndex":"007","VerseNumber":53,"ShowSurahName":false,"ShowBismillah":false,"Text":"هَلۡ يَنظُرُونَ إِلَّا تَأۡوِيلَهُۥۚ يَوۡمَ يَأۡتِي تَأۡوِيلُهُۥ يَقُولُ ٱلَّذِينَ نَسُوهُ مِن قَبۡلُ قَدۡ جَآءَتۡ رُسُلُ رَبِّنَا بِٱلۡحَقِّ فَهَل لَّنَا مِن شُفَعَآءَ فَيَشۡفَعُواْ لَنَآ أَوۡ نُرَدُّ فَنَعۡمَلَ غَيۡرَ ٱلَّذِي كُنَّا نَعۡمَلُۚ قَدۡ خَسِرُوٓاْ أَنفُسَهُمۡ وَضَلَّ عَنۡهُم مَّا كَانُواْ يَفۡتَرُونَ","TajweedText":"هَلْ يَ<tajweed class=ikhafa>نظ</tajweed>ُرُونَ إِلَّا تَأْوِيلَهُ<tajweed class=madda_normal>ۥ</tajweed>‌ۚ يَوْمَ يَأْتِى تَأْوِيلُهُ<tajweed class=madda_normal>ۥ</tajweed> يَقُولُ <tajweed class=ham_wasl>ٱ</tajweed>لَّذِينَ نَسُوهُ مِ<tajweed class=ikhafa>ن ق</tajweed>َ<tajweed class=qalaqah>بْ</tajweed>لُ قَ<tajweed class=qalaqah>دْ</tajweed> ج<tajweed class=madda_obligatory>َا</tajweed>ٓءَتْ رُسُلُ رَبِّنَا بِ<tajweed class=ham_wasl>ٱ</tajweed>لْحَقِّ فَهَل لَّنَا مِ<tajweed class=ikhafa>ن ش</tajweed>ُفَع<tajweed class=madda_obligatory>َا</tajweed>ٓءَ فَيَشْفَعُو<tajweed class=slnt>اْ</tajweed> لَن<tajweed class=madda_obligatory>َآ</tajweed> أَوْ نُرَدُّ فَنَعْمَلَ غَيْرَ <tajweed class=ham_wasl>ٱ</tajweed>لَّذِى كُ<tajweed class=ghunnah>نّ</tajweed>َا نَعْمَلُ‌ۚ قَ<tajweed class=qalaqah>دْ</tajweed> خَسِر<tajweed class=madda_obligatory>ُوٓ</tajweed><tajweed class=slnt>اْ</tajweed> أَ<tajweed class=ikhafa>نف</tajweed>ُسَهُمْ وَضَلَّ عَنْه<tajweed class=idgham_shafawi>ُم م</tajweed>َّا كَانُو<tajweed class=slnt>اْ</tajweed> يَفْتَر<tajweed class=madda_permissible>ُو</tajweed>نَ <span class=end>٥٣</span>","End":"٥٣","PageNumber":157,"JuzNumber":8,"ManzilNumber":2,"RukuNumber":127,"MaqraNumber":63,"HizbNumber":16,"HizbDecimal":0.5,"HasSajda":false}]}