{"RukuNumber":490,"Verses":[{"SurahNumber":64,"SurahIndex":"064","VerseNumber":1,"ShowSurahName":true,"ShowBismillah":true,"Text":"يُسَبِّحُ لِلَّهِ مَا فِي ٱلسَّمَٰوَٰتِ وَمَا فِي ٱلۡأَرۡضِۖ لَهُ ٱلۡمُلۡكُ وَلَهُ ٱلۡحَمۡدُۖ وَهُوَ عَلَىٰ كُلِّ شَيۡءٖ قَدِيرٌ","TajweedText":"يُسَبِّحُ لِلَّهِ مَا فِى <tajweed class=ham_wasl>ٱ</tajweed><tajweed class=laam_shamsiyah>ل</tajweed>سَّمَ<tajweed class=madda_normal>ـٰ</tajweed>و<tajweed class=madda_normal>َٲ</tajweed>تِ وَمَا فِى <tajweed class=ham_wasl>ٱ</tajweed>لْأَرْضِ‌ۖ لَهُ <tajweed class=ham_wasl>ٱ</tajweed>لْمُلْكُ وَلَهُ <tajweed class=ham_wasl>ٱ</tajweed>لْحَمْدُ‌ۖ وَهُوَ عَلَىٰ كُلِّ ش<tajweed class=ikhafa>َىْءٍ ق</tajweed>َد<tajweed class=madda_permissible>ِي</tajweed>رٌ <span class=end>١</span>","End":"١","PageNumber":556,"JuzNumber":28,"ManzilNumber":7,"RukuNumber":490,"MaqraNumber":222,"HizbNumber":56,"HizbDecimal":0.25,"HasSajda":false},{"SurahNumber":64,"SurahIndex":"064","VerseNumber":2,"ShowSurahName":false,"ShowBismillah":false,"Text":"هُوَ ٱلَّذِي خَلَقَكُمۡ فَمِنكُمۡ كَافِرٞ وَمِنكُم مُّؤۡمِنٞۚ وَٱللَّهُ بِمَا تَعۡمَلُونَ بَصِيرٌ","TajweedText":"هُوَ <tajweed class=ham_wasl>ٱ</tajweed>لَّذِى خَلَقَكُمْ فَمِ<tajweed class=ikhafa>نك</tajweed>ُمْ كَافِ<tajweed class=idgham_ghunnah>رٌ و</tajweed>َمِ<tajweed class=ikhafa>نك</tajweed><tajweed class=idgham_shafawi>ُم م</tajweed>ُّؤْمِ<tajweed class=idgham_ghunnah>نٌ‌ۚ و</tajweed>َ<tajweed class=ham_wasl>ٱ</tajweed>للَّهُ بِمَا تَعْمَلُونَ بَص<tajweed class=madda_permissible>ِي</tajweed>رٌ <span class=end>٢</span>","End":"٢","PageNumber":556,"JuzNumber":28,"ManzilNumber":7,"RukuNumber":490,"MaqraNumber":222,"HizbNumber":56,"HizbDecimal":0.25,"HasSajda":false},{"SurahNumber":64,"SurahIndex":"064","VerseNumber":3,"ShowSurahName":false,"ShowBismillah":false,"Text":"خَلَقَ ٱلسَّمَٰوَٰتِ وَٱلۡأَرۡضَ بِٱلۡحَقِّ وَصَوَّرَكُمۡ فَأَحۡسَنَ صُوَرَكُمۡۖ وَإِلَيۡهِ ٱلۡمَصِيرُ","TajweedText":"خَلَقَ <tajweed class=ham_wasl>ٱ</tajweed><tajweed class=laam_shamsiyah>ل</tajweed>سَّمَ<tajweed class=madda_normal>ـٰ</tajweed>و<tajweed class=madda_normal>َٲ</tajweed>تِ وَ<tajweed class=ham_wasl>ٱ</tajweed>لْأَرْضَ بِ<tajweed class=ham_wasl>ٱ</tajweed>لْحَقِّ وَصَوَّرَكُمْ فَأَحْسَنَ صُوَرَكُمْ‌ۖ وَإِلَيْهِ <tajweed class=ham_wasl>ٱ</tajweed>لْمَص<tajweed class=madda_permissible>ِي</tajweed>رُ <span class=end>٣</span>","End":"٣","PageNumber":556,"JuzNumber":28,"ManzilNumber":7,"RukuNumber":490,"MaqraNumber":222,"HizbNumber":56,"HizbDecimal":0.25,"HasSajda":false},{"SurahNumber":64,"SurahIndex":"064","VerseNumber":4,"ShowSurahName":false,"ShowBismillah":false,"Text":"يَعۡلَمُ مَا فِي ٱلسَّمَٰوَٰتِ وَٱلۡأَرۡضِ وَيَعۡلَمُ مَا تُسِرُّونَ وَمَا تُعۡلِنُونَۚ وَٱللَّهُ عَلِيمُۢ بِذَاتِ ٱلصُّدُورِ","TajweedText":"يَعْلَمُ مَا فِى <tajweed class=ham_wasl>ٱ</tajweed><tajweed class=laam_shamsiyah>ل</tajweed>سَّمَ<tajweed class=madda_normal>ـٰ</tajweed>و<tajweed class=madda_normal>َٲ</tajweed>تِ وَ<tajweed class=ham_wasl>ٱ</tajweed>لْأَرْضِ وَيَعْلَمُ مَا تُسِرُّونَ وَمَا تُعْلِنُونَ‌ۚ وَ<tajweed class=ham_wasl>ٱ</tajweed>للَّهُ عَلِي<tajweed class=iqlab>مُۢ ب</tajweed>ِذَاتِ <tajweed class=ham_wasl>ٱ</tajweed><tajweed class=laam_shamsiyah>ل</tajweed>صُّد<tajweed class=madda_permissible>ُو</tajweed>رِ <span class=end>٤</span>","End":"٤","PageNumber":556,"JuzNumber":28,"ManzilNumber":7,"RukuNumber":490,"MaqraNumber":222,"HizbNumber":56,"HizbDecimal":0.25,"HasSajda":false},{"SurahNumber":64,"SurahIndex":"064","VerseNumber":5,"ShowSurahName":false,"ShowBismillah":false,"Text":"أَلَمۡ يَأۡتِكُمۡ نَبَؤُاْ ٱلَّذِينَ كَفَرُواْ مِن قَبۡلُ فَذَاقُواْ وَبَالَ أَمۡرِهِمۡ وَلَهُمۡ عَذَابٌ أَلِيمٞ","TajweedText":"أَلَمْ يَأْتِكُمْ نَبَؤُ<tajweed class=slnt>اْ</tajweed> <tajweed class=ham_wasl>ٱ</tajweed>لَّذِينَ كَفَرُو<tajweed class=slnt>اْ</tajweed> مِ<tajweed class=ikhafa>ن ق</tajweed>َ<tajweed class=qalaqah>بْ</tajweed>لُ فَذَاقُو<tajweed class=slnt>اْ</tajweed> وَبَالَ أَمْرِهِمْ وَلَهُمْ عَذَابٌ أَل<tajweed class=madda_permissible>ِي</tajweed>مٌ <span class=end>٥</span>","End":"٥","PageNumber":556,"JuzNumber":28,"ManzilNumber":7,"RukuNumber":490,"MaqraNumber":222,"HizbNumber":56,"HizbDecimal":0.25,"HasSajda":false},{"SurahNumber":64,"SurahIndex":"064","VerseNumber":6,"ShowSurahName":false,"ShowBismillah":false,"Text":"ذَٰلِكَ بِأَنَّهُۥ كَانَت تَّأۡتِيهِمۡ رُسُلُهُم بِٱلۡبَيِّنَٰتِ فَقَالُوٓاْ أَبَشَرٞ يَهۡدُونَنَا فَكَفَرُواْ وَتَوَلَّواْۖ وَّٱسۡتَغۡنَى ٱللَّهُۚ وَٱللَّهُ غَنِيٌّ حَمِيدٞ","TajweedText":"ذ<tajweed class=madda_normal>َٲ</tajweed>لِكَ بِأَ<tajweed class=ghunnah>نّ</tajweed>َهُ<tajweed class=madda_normal>ۥ</tajweed> كَانَت تَّأْتِيهِمْ رُسُلُه<tajweed class=ikhafa_shafawi>ُم ب</tajweed>ِ<tajweed class=ham_wasl>ٱ</tajweed>لْبَيِّنَ<tajweed class=madda_normal>ـٰ</tajweed>تِ فَقَال<tajweed class=madda_obligatory>ُوٓ</tajweed><tajweed class=slnt>اْ</tajweed> أَبَشَ<tajweed class=idgham_ghunnah>رٌ ي</tajweed>َهْدُونَنَا فَكَفَرُو<tajweed class=slnt>اْ</tajweed> وَتَوَلَّو<tajweed class=slnt>اْ‌ۚ</tajweed> وَّ<tajweed class=ham_wasl>ٱ</tajweed>سْتَغْنَى <tajweed class=ham_wasl>ٱ</tajweed>للَّهُ‌ۚ وَ<tajweed class=ham_wasl>ٱ</tajweed>للَّهُ غَنِىٌّ حَم<tajweed class=madda_permissible>ِي</tajweed><tajweed class=qalaqah>د</tajweed>ٌ <span class=end>٦</span>","End":"٦","PageNumber":556,"JuzNumber":28,"ManzilNumber":7,"RukuNumber":490,"MaqraNumber":222,"HizbNumber":56,"HizbDecimal":0.25,"HasSajda":false},{"SurahNumber":64,"SurahIndex":"064","VerseNumber":7,"ShowSurahName":false,"ShowBismillah":false,"Text":"زَعَمَ ٱلَّذِينَ كَفَرُوٓاْ أَن لَّن يُبۡعَثُواْۚ قُلۡ بَلَىٰ وَرَبِّي لَتُبۡعَثُنَّ ثُمَّ لَتُنَبَّؤُنَّ بِمَا عَمِلۡتُمۡۚ وَذَٰلِكَ عَلَى ٱللَّهِ يَسِيرٞ","TajweedText":"زَعَمَ <tajweed class=ham_wasl>ٱ</tajweed>لَّذِينَ كَفَر<tajweed class=madda_obligatory>ُوٓ</tajweed><tajweed class=slnt>اْ</tajweed> أ<tajweed class=idgham_wo_ghunnah>َن ل</tajweed>ّ<tajweed class=idgham_ghunnah>َن ي</tajweed>ُ<tajweed class=qalaqah>بْ</tajweed>عَثُو<tajweed class=slnt>اْ‌ۚ</tajweed> قُلْ بَلَىٰ وَرَبِّى لَتُ<tajweed class=qalaqah>بْ</tajweed>عَثُ<tajweed class=ghunnah>نّ</tajweed>َ ثُ<tajweed class=ghunnah>مّ</tajweed>َ لَتُنَبَّؤُ<tajweed class=ghunnah>نّ</tajweed>َ بِمَا عَمِلْتُمْ‌ۚ وَذ<tajweed class=madda_normal>َٲ</tajweed>لِكَ عَلَى <tajweed class=ham_wasl>ٱ</tajweed>للَّهِ يَس<tajweed class=madda_permissible>ِي</tajweed>رٌ <span class=end>٧</span>","End":"٧","PageNumber":556,"JuzNumber":28,"ManzilNumber":7,"RukuNumber":490,"MaqraNumber":222,"HizbNumber":56,"HizbDecimal":0.25,"HasSajda":false},{"SurahNumber":64,"SurahIndex":"064","VerseNumber":8,"ShowSurahName":false,"ShowBismillah":false,"Text":"فَـَٔامِنُواْ بِٱللَّهِ وَرَسُولِهِۦ وَٱلنُّورِ ٱلَّذِيٓ أَنزَلۡنَاۚ وَٱللَّهُ بِمَا تَعۡمَلُونَ خَبِيرٞ","TajweedText":"فَـَٔـامِنُو<tajweed class=slnt>اْ</tajweed> بِ<tajweed class=ham_wasl>ٱ</tajweed>للَّهِ وَرَسُولِه<tajweed class=madda_normal>ِۦ</tajweed> وَ<tajweed class=ham_wasl>ٱ</tajweed><tajweed class=laam_shamsiyah>ل</tajweed><tajweed class=ghunnah>نّ</tajweed>ُورِ <tajweed class=ham_wasl>ٱ</tajweed>لَّذ<tajweed class=madda_obligatory>ِىٓ</tajweed> أَ<tajweed class=ikhafa>نز</tajweed>َلْنَا‌ۚ وَ<tajweed class=ham_wasl>ٱ</tajweed>للَّهُ بِمَا تَعْمَلُونَ خَب<tajweed class=madda_permissible>ِي</tajweed>رٌ <span class=end>٨</span>","End":"٨","PageNumber":556,"JuzNumber":28,"ManzilNumber":7,"RukuNumber":490,"MaqraNumber":222,"HizbNumber":56,"HizbDecimal":0.25,"HasSajda":false},{"SurahNumber":64,"SurahIndex":"064","VerseNumber":9,"ShowSurahName":false,"ShowBismillah":false,"Text":"يَوۡمَ يَجۡمَعُكُمۡ لِيَوۡمِ ٱلۡجَمۡعِۖ ذَٰلِكَ يَوۡمُ ٱلتَّغَابُنِۗ وَمَن يُؤۡمِنۢ بِٱللَّهِ وَيَعۡمَلۡ صَٰلِحٗا يُكَفِّرۡ عَنۡهُ سَيِّـَٔاتِهِۦ وَيُدۡخِلۡهُ جَنَّـٰتٖ تَجۡرِي مِن تَحۡتِهَا ٱلۡأَنۡهَٰرُ خَٰلِدِينَ فِيهَآ أَبَدٗاۚ ذَٰلِكَ ٱلۡفَوۡزُ ٱلۡعَظِيمُ","TajweedText":"يَوْمَ يَ<tajweed class=qalaqah>جْ</tajweed>مَعُكُمْ لِيَوْمِ <tajweed class=ham_wasl>ٱ</tajweed>لْجَمْعِ‌ۖ ذ<tajweed class=madda_normal>َٲ</tajweed>لِكَ يَوْمُ <tajweed class=ham_wasl>ٱ</tajweed><tajweed class=laam_shamsiyah>ل</tajweed>تَّغَابُنِ‌ۗ وَم<tajweed class=idgham_ghunnah>َن ي</tajweed>ُؤْم<tajweed class=iqlab>ِنۢ ب</tajweed>ِ<tajweed class=ham_wasl>ٱ</tajweed>للَّهِ وَيَعْمَلْ صَ<tajweed class=madda_normal>ـٰ</tajweed>لِ<tajweed class=idgham_ghunnah>حًا ي</tajweed>ُكَفِّرْ عَنْهُ سَيِّـَٔـاتِه<tajweed class=madda_normal>ِۦ</tajweed> وَيُ<tajweed class=qalaqah>دْ</tajweed>خِلْهُ جَ<tajweed class=ghunnah>نّ</tajweed>َ<tajweed class=madda_normal>ـٰ</tajweed><tajweed class=ikhafa>تٍ ت</tajweed>َ<tajweed class=qalaqah>جْ</tajweed>رِى مِ<tajweed class=ikhafa>ن ت</tajweed>َحْتِهَا <tajweed class=ham_wasl>ٱ</tajweed>لْأَنْهَ<tajweed class=madda_normal>ـٰ</tajweed>رُ خَ<tajweed class=madda_normal>ـٰ</tajweed>لِدِينَ فِيه<tajweed class=madda_obligatory>َآ</tajweed> أَبَ<tajweed class=ikhafa>دًا‌ۚ ذ</tajweed><tajweed class=madda_normal>َٲ</tajweed>لِكَ <tajweed class=ham_wasl>ٱ</tajweed>لْفَوْزُ <tajweed class=ham_wasl>ٱ</tajweed>لْعَظ<tajweed class=madda_permissible>ِي</tajweed>مُ <span class=end>٩</span>","End":"٩","PageNumber":556,"JuzNumber":28,"ManzilNumber":7,"RukuNumber":490,"MaqraNumber":222,"HizbNumber":56,"HizbDecimal":0.25,"HasSajda":false},{"SurahNumber":64,"SurahIndex":"064","VerseNumber":10,"ShowSurahName":false,"ShowBismillah":false,"Text":"وَٱلَّذِينَ كَفَرُواْ وَكَذَّبُواْ بِـَٔايَٰتِنَآ أُوْلَـٰٓئِكَ أَصۡحَٰبُ ٱلنَّارِ خَٰلِدِينَ فِيهَاۖ وَبِئۡسَ ٱلۡمَصِيرُ","TajweedText":"وَ<tajweed class=ham_wasl>ٱ</tajweed>لَّذِينَ كَفَرُو<tajweed class=slnt>اْ</tajweed> وَكَذَّبُو<tajweed class=slnt>اْ</tajweed> بِـَٔـايَ<tajweed class=madda_normal>ـٰ</tajweed>تِن<tajweed class=madda_obligatory>َآ</tajweed> أُ<tajweed class=slnt>وْ</tajweed>لَ<tajweed class=madda_obligatory>ـٰٓ</tajweed>ئِكَ أَصْحَ<tajweed class=madda_normal>ـٰ</tajweed>بُ <tajweed class=ham_wasl>ٱ</tajweed><tajweed class=laam_shamsiyah>ل</tajweed><tajweed class=ghunnah>نّ</tajweed>َارِ خَ<tajweed class=madda_normal>ـٰ</tajweed>لِدِينَ فِيهَا‌ۖ وَبِئْسَ <tajweed class=ham_wasl>ٱ</tajweed>لْمَص<tajweed class=madda_permissible>ِي</tajweed>رُ <span class=end>١٠</span>","End":"١٠","PageNumber":557,"JuzNumber":28,"ManzilNumber":7,"RukuNumber":490,"MaqraNumber":222,"HizbNumber":56,"HizbDecimal":0.25,"HasSajda":false}]}