{"RukuNumber":29,"Verses":[{"SurahNumber":2,"SurahIndex":"002","VerseNumber":222,"ShowSurahName":false,"ShowBismillah":false,"Text":"وَيَسۡـَٔلُونَكَ عَنِ ٱلۡمَحِيضِۖ قُلۡ هُوَ أَذٗى فَٱعۡتَزِلُواْ ٱلنِّسَآءَ فِي ٱلۡمَحِيضِ وَلَا تَقۡرَبُوهُنَّ حَتَّىٰ يَطۡهُرۡنَۖ فَإِذَا تَطَهَّرۡنَ فَأۡتُوهُنَّ مِنۡ حَيۡثُ أَمَرَكُمُ ٱللَّهُۚ إِنَّ ٱللَّهَ يُحِبُّ ٱلتَّوَّـٰبِينَ وَيُحِبُّ ٱلۡمُتَطَهِّرِينَ","TajweedText":"وَيَسْــَٔلُونَكَ عَنِ <tajweed class=ham_wasl>ٱ</tajweed>لْمَحِيضِ‌ۖ قُلْ هُوَ أَ<tajweed class=ikhafa>ذًى ف</tajweed>َ<tajweed class=ham_wasl>ٱ</tajweed>عْتَزِلُو<tajweed class=slnt>اْ</tajweed> <tajweed class=ham_wasl>ٱ</tajweed><tajweed class=laam_shamsiyah>ل</tajweed><tajweed class=ghunnah>نّ</tajweed>ِس<tajweed class=madda_obligatory>َا</tajweed>ٓءَ فِى <tajweed class=ham_wasl>ٱ</tajweed>لْمَحِيضِ‌ۖ وَلَا تَ<tajweed class=qalaqah>قْ</tajweed>رَبُوهُ<tajweed class=ghunnah>نّ</tajweed>َ حَتَّىٰ يَ<tajweed class=qalaqah>طْ</tajweed>هُرْنَ‌ۖ فَإِذَا تَطَهَّرْنَ فَأْتُوهُ<tajweed class=ghunnah>نّ</tajweed>َ مِنْ حَيْثُ أَمَرَكُمُ <tajweed class=ham_wasl>ٱ</tajweed>للَّهُ‌ۚ إِ<tajweed class=ghunnah>نّ</tajweed>َ <tajweed class=ham_wasl>ٱ</tajweed>للَّهَ يُحِبُّ <tajweed class=ham_wasl>ٱ</tajweed><tajweed class=laam_shamsiyah>ل</tajweed>تَّوّ<tajweed class=madda_normal>َٲ</tajweed>بِينَ وَيُحِبُّ <tajweed class=ham_wasl>ٱ</tajweed>لْمُتَطَهِّر<tajweed class=madda_permissible>ِي</tajweed>نَ <span class=end>٢٢٢</span>","End":"٢٢٢","PageNumber":35,"JuzNumber":2,"ManzilNumber":1,"RukuNumber":29,"MaqraNumber":14,"HizbNumber":4,"HizbDecimal":0.25,"HasSajda":false},{"SurahNumber":2,"SurahIndex":"002","VerseNumber":223,"ShowSurahName":false,"ShowBismillah":false,"Text":"نِسَآؤُكُمۡ حَرۡثٞ لَّكُمۡ فَأۡتُواْ حَرۡثَكُمۡ أَنَّىٰ شِئۡتُمۡۖ وَقَدِّمُواْ لِأَنفُسِكُمۡۚ وَٱتَّقُواْ ٱللَّهَ وَٱعۡلَمُوٓاْ أَنَّكُم مُّلَٰقُوهُۗ وَبَشِّرِ ٱلۡمُؤۡمِنِينَ","TajweedText":"نِس<tajweed class=madda_obligatory>َا</tajweed>ٓؤُكُمْ حَرْ<tajweed class=idgham_wo_ghunnah>ثٌ ل</tajweed>َّكُمْ فَأْتُو<tajweed class=slnt>اْ</tajweed> حَرْثَكُمْ أَ<tajweed class=ghunnah>نّ</tajweed>َىٰ شِئْتُمْ‌ۖ وَقَدِّمُو<tajweed class=slnt>اْ</tajweed> لِأَ<tajweed class=ikhafa>نف</tajweed>ُسِكُمْ‌ۚ وَ<tajweed class=ham_wasl>ٱ</tajweed>تَّقُو<tajweed class=slnt>اْ</tajweed> <tajweed class=ham_wasl>ٱ</tajweed>للَّهَ وَ<tajweed class=ham_wasl>ٱ</tajweed>عْلَم<tajweed class=madda_obligatory>ُوٓ</tajweed><tajweed class=slnt>اْ</tajweed> أَ<tajweed class=ghunnah>نّ</tajweed>َك<tajweed class=idgham_shafawi>ُم م</tajweed>ُّلَ<tajweed class=madda_normal>ـٰ</tajweed>قُوهُ‌ۗ وَبَشِّرِ <tajweed class=ham_wasl>ٱ</tajweed>لْمُؤْمِن<tajweed class=madda_permissible>ِي</tajweed>نَ <span class=end>٢٢٣</span>","End":"٢٢٣","PageNumber":35,"JuzNumber":2,"ManzilNumber":1,"RukuNumber":29,"MaqraNumber":14,"HizbNumber":4,"HizbDecimal":0.25,"HasSajda":false},{"SurahNumber":2,"SurahIndex":"002","VerseNumber":224,"ShowSurahName":false,"ShowBismillah":false,"Text":"وَلَا تَجۡعَلُواْ ٱللَّهَ عُرۡضَةٗ لِّأَيۡمَٰنِكُمۡ أَن تَبَرُّواْ وَتَتَّقُواْ وَتُصۡلِحُواْ بَيۡنَ ٱلنَّاسِۚ وَٱللَّهُ سَمِيعٌ عَلِيمٞ","TajweedText":"وَلَا تَ<tajweed class=qalaqah>جْ</tajweed>عَلُو<tajweed class=slnt>اْ</tajweed> <tajweed class=ham_wasl>ٱ</tajweed>للَّهَ عُرْضَ<tajweed class=idgham_wo_ghunnah>ةً ل</tajweed>ِّأَيْمَ<tajweed class=madda_normal>ـٰ</tajweed>نِكُمْ أَ<tajweed class=ikhafa>ن ت</tajweed>َبَرُّو<tajweed class=slnt>اْ</tajweed> وَتَتَّقُو<tajweed class=slnt>اْ</tajweed> وَتُصْلِحُو<tajweed class=slnt>اْ</tajweed> بَيْنَ <tajweed class=ham_wasl>ٱ</tajweed><tajweed class=laam_shamsiyah>ل</tajweed><tajweed class=ghunnah>نّ</tajweed>َاسِ‌ۗ وَ<tajweed class=ham_wasl>ٱ</tajweed>للَّهُ سَمِيعٌ عَل<tajweed class=madda_permissible>ِي</tajweed>مٌ <span class=end>٢٢٤</span>","End":"٢٢٤","PageNumber":35,"JuzNumber":2,"ManzilNumber":1,"RukuNumber":29,"MaqraNumber":14,"HizbNumber":4,"HizbDecimal":0.25,"HasSajda":false},{"SurahNumber":2,"SurahIndex":"002","VerseNumber":225,"ShowSurahName":false,"ShowBismillah":false,"Text":"لَّا يُؤَاخِذُكُمُ ٱللَّهُ بِٱللَّغۡوِ فِيٓ أَيۡمَٰنِكُمۡ وَلَٰكِن يُؤَاخِذُكُم بِمَا كَسَبَتۡ قُلُوبُكُمۡۗ وَٱللَّهُ غَفُورٌ حَلِيمٞ","TajweedText":"لَّا يُؤَاخِذُكُمُ <tajweed class=ham_wasl>ٱ</tajweed>للَّهُ بِ<tajweed class=ham_wasl>ٱ</tajweed><tajweed class=laam_shamsiyah>ل</tajweed>لَّغْوِ ف<tajweed class=madda_obligatory>ِىٓ</tajweed> أَيْمَ<tajweed class=madda_normal>ـٰ</tajweed>نِكُمْ وَلَ<tajweed class=madda_normal>ـٰ</tajweed>ك<tajweed class=idgham_ghunnah>ِن ي</tajweed>ُؤَاخِذُك<tajweed class=ikhafa_shafawi>ُم ب</tajweed>ِمَا كَسَبَتْ قُلُوبُكُمْ‌ۗ وَ<tajweed class=ham_wasl>ٱ</tajweed>للَّهُ غَفُورٌ حَل<tajweed class=madda_permissible>ِي</tajweed>مٌ <span class=end>٢٢٥</span>","End":"٢٢٥","PageNumber":36,"JuzNumber":2,"ManzilNumber":1,"RukuNumber":29,"MaqraNumber":14,"HizbNumber":4,"HizbDecimal":0.25,"HasSajda":false},{"SurahNumber":2,"SurahIndex":"002","VerseNumber":226,"ShowSurahName":false,"ShowBismillah":false,"Text":"لِّلَّذِينَ يُؤۡلُونَ مِن نِّسَآئِهِمۡ تَرَبُّصُ أَرۡبَعَةِ أَشۡهُرٖۖ فَإِن فَآءُو فَإِنَّ ٱللَّهَ غَفُورٞ رَّحِيمٞ","TajweedText":"لِّلَّذِينَ يُؤْلُونَ م<tajweed class=idgham_ghunnah>ِن ن</tajweed>ِّس<tajweed class=madda_obligatory>َا</tajweed>ٓئِهِمْ تَرَبُّصُ أَرْبَعَةِ أَشْهُ<tajweed class=ikhafa>رٍ‌ۖ ف</tajweed>َإِ<tajweed class=ikhafa>ن ف</tajweed><tajweed class=madda_obligatory>َا</tajweed>ٓءُو فَإِ<tajweed class=ghunnah>نّ</tajweed>َ <tajweed class=ham_wasl>ٱ</tajweed>للَّهَ غَفُو<tajweed class=idgham_wo_ghunnah>رٌ ر</tajweed>َّح<tajweed class=madda_permissible>ِي</tajweed>مٌ <span class=end>٢٢٦</span>","End":"٢٢٦","PageNumber":36,"JuzNumber":2,"ManzilNumber":1,"RukuNumber":29,"MaqraNumber":14,"HizbNumber":4,"HizbDecimal":0.25,"HasSajda":false},{"SurahNumber":2,"SurahIndex":"002","VerseNumber":227,"ShowSurahName":false,"ShowBismillah":false,"Text":"وَإِنۡ عَزَمُواْ ٱلطَّلَٰقَ فَإِنَّ ٱللَّهَ سَمِيعٌ عَلِيمٞ","TajweedText":"وَإِنْ عَزَمُو<tajweed class=slnt>اْ</tajweed> <tajweed class=ham_wasl>ٱ</tajweed><tajweed class=laam_shamsiyah>ل</tajweed>طَّلَ<tajweed class=madda_normal>ـٰ</tajweed>قَ فَإِ<tajweed class=ghunnah>نّ</tajweed>َ <tajweed class=ham_wasl>ٱ</tajweed>للَّهَ سَمِيعٌ عَل<tajweed class=madda_permissible>ِي</tajweed>مٌ <span class=end>٢٢٧</span>","End":"٢٢٧","PageNumber":36,"JuzNumber":2,"ManzilNumber":1,"RukuNumber":29,"MaqraNumber":14,"HizbNumber":4,"HizbDecimal":0.25,"HasSajda":false},{"SurahNumber":2,"SurahIndex":"002","VerseNumber":228,"ShowSurahName":false,"ShowBismillah":false,"Text":"وَٱلۡمُطَلَّقَٰتُ يَتَرَبَّصۡنَ بِأَنفُسِهِنَّ ثَلَٰثَةَ قُرُوٓءٖۚ وَلَا يَحِلُّ لَهُنَّ أَن يَكۡتُمۡنَ مَا خَلَقَ ٱللَّهُ فِيٓ أَرۡحَامِهِنَّ إِن كُنَّ يُؤۡمِنَّ بِٱللَّهِ وَٱلۡيَوۡمِ ٱلۡأٓخِرِۚ وَبُعُولَتُهُنَّ أَحَقُّ بِرَدِّهِنَّ فِي ذَٰلِكَ إِنۡ أَرَادُوٓاْ إِصۡلَٰحٗاۚ وَلَهُنَّ مِثۡلُ ٱلَّذِي عَلَيۡهِنَّ بِٱلۡمَعۡرُوفِۚ وَلِلرِّجَالِ عَلَيۡهِنَّ دَرَجَةٞۗ وَٱللَّهُ عَزِيزٌ حَكِيمٌ","TajweedText":"وَ<tajweed class=ham_wasl>ٱ</tajweed>لْمُطَلَّقَ<tajweed class=madda_normal>ـٰ</tajweed>تُ يَتَرَبَّصْنَ بِأَ<tajweed class=ikhafa>نف</tajweed>ُسِهِ<tajweed class=ghunnah>نّ</tajweed>َ ثَلَ<tajweed class=madda_normal>ـٰ</tajweed>ثَةَ قُر<tajweed class=madda_obligatory>ُو</tajweed>ٓ<tajweed class=idgham_ghunnah>ءٍ‌ۚ و</tajweed>َلَا يَحِلُّ لَهُ<tajweed class=ghunnah>نّ</tajweed>َ أ<tajweed class=idgham_ghunnah>َن ي</tajweed>َكْتُمْنَ مَا خَلَقَ <tajweed class=ham_wasl>ٱ</tajweed>للَّهُ ف<tajweed class=madda_obligatory>ِىٓ</tajweed> أَرْحَامِهِ<tajweed class=ghunnah>نّ</tajweed>َ إِ<tajweed class=ikhafa>ن ك</tajweed>ُ<tajweed class=ghunnah>نّ</tajweed>َ يُؤْمِ<tajweed class=ghunnah>نّ</tajweed>َ بِ<tajweed class=ham_wasl>ٱ</tajweed>للَّهِ وَ<tajweed class=ham_wasl>ٱ</tajweed>لْيَوْمِ <tajweed class=ham_wasl>ٱ</tajweed>لْأَخِرِ‌ۚ وَبُعُولَتُهُ<tajweed class=ghunnah>نّ</tajweed>َ أَحَقُّ بِرَدِّهِ<tajweed class=ghunnah>نّ</tajweed>َ فِى ذ<tajweed class=madda_normal>َٲ</tajweed>لِكَ إِنْ أَرَاد<tajweed class=madda_obligatory>ُوٓ</tajweed><tajweed class=slnt>اْ</tajweed> إِصْلَ<tajweed class=madda_normal>ـٰ</tajweed><tajweed class=idgham_ghunnah>حًا‌ۚ و</tajweed>َلَهُ<tajweed class=ghunnah>نّ</tajweed>َ مِثْلُ <tajweed class=ham_wasl>ٱ</tajweed>لَّذِى عَلَيْهِ<tajweed class=ghunnah>نّ</tajweed>َ بِ<tajweed class=ham_wasl>ٱ</tajweed>لْمَعْرُوفِ‌ۚ وَلِلرِّجَالِ عَلَيْهِ<tajweed class=ghunnah>نّ</tajweed>َ دَرَجَ<tajweed class=idgham_ghunnah>ةٌ‌ۗ و</tajweed>َ<tajweed class=ham_wasl>ٱ</tajweed>للَّهُ عَزِيزٌ حَك<tajweed class=madda_permissible>ِي</tajweed>مٌ <span class=end>٢٢٨</span>","End":"٢٢٨","PageNumber":36,"JuzNumber":2,"ManzilNumber":1,"RukuNumber":29,"MaqraNumber":14,"HizbNumber":4,"HizbDecimal":0.25,"HasSajda":false}]}