{"RukuNumber":371,"Verses":[{"SurahNumber":34,"SurahIndex":"034","VerseNumber":10,"ShowSurahName":false,"ShowBismillah":false,"Text":"۞وَلَقَدۡ ءَاتَيۡنَا دَاوُۥدَ مِنَّا فَضۡلٗاۖ يَٰجِبَالُ أَوِّبِي مَعَهُۥ وَٱلطَّيۡرَۖ وَأَلَنَّا لَهُ ٱلۡحَدِيدَ","TajweedText":"۞ وَلَقَ<tajweed class=qalaqah>دْ</tajweed> ءَاتَيْنَا دَاوُ<tajweed class=madda_normal>ۥ</tajweed>دَ مِ<tajweed class=ghunnah>نّ</tajweed>َا فَضْل<tajweed class=idgham_ghunnah>اًۖ ي</tajweed>َ<tajweed class=madda_normal>ـٰ</tajweed>جِبَالُ أَوِّبِى مَعَهُ<tajweed class=madda_normal>ۥ</tajweed> وَ<tajweed class=ham_wasl>ٱ</tajweed><tajweed class=laam_shamsiyah>ل</tajweed>طَّيْرَۖ وَأَلَ<tajweed class=ghunnah>نّ</tajweed>َا لَهُ <tajweed class=ham_wasl>ٱ</tajweed>لْحَد<tajweed class=madda_permissible>ِي</tajweed><tajweed class=qalaqah>د</tajweed>َ <span class=end>١٠</span>","End":"١٠","PageNumber":429,"JuzNumber":22,"ManzilNumber":5,"RukuNumber":371,"MaqraNumber":172,"HizbNumber":43,"HizbDecimal":0.75,"HasSajda":false},{"SurahNumber":34,"SurahIndex":"034","VerseNumber":11,"ShowSurahName":false,"ShowBismillah":false,"Text":"أَنِ ٱعۡمَلۡ سَٰبِغَٰتٖ وَقَدِّرۡ فِي ٱلسَّرۡدِۖ وَٱعۡمَلُواْ صَٰلِحًاۖ إِنِّي بِمَا تَعۡمَلُونَ بَصِيرٞ","TajweedText":"أَنِ <tajweed class=ham_wasl>ٱ</tajweed>عْمَلْ سَ<tajweed class=madda_normal>ـٰ</tajweed>بِغَ<tajweed class=madda_normal>ـٰ</tajweed><tajweed class=idgham_ghunnah>تٍ و</tajweed>َقَدِّرْ فِى <tajweed class=ham_wasl>ٱ</tajweed><tajweed class=laam_shamsiyah>ل</tajweed>سَّرْدِۖ وَ<tajweed class=ham_wasl>ٱ</tajweed>عْمَلُو<tajweed class=slnt>اْ</tajweed> صَ<tajweed class=madda_normal>ـٰ</tajweed>لِحًاۖ إِ<tajweed class=ghunnah>نّ</tajweed>ِى بِمَا تَعْمَلُونَ بَص<tajweed class=madda_permissible>ِي</tajweed>رٌ <span class=end>١١</span>","End":"١١","PageNumber":429,"JuzNumber":22,"ManzilNumber":5,"RukuNumber":371,"MaqraNumber":172,"HizbNumber":43,"HizbDecimal":0.75,"HasSajda":false},{"SurahNumber":34,"SurahIndex":"034","VerseNumber":12,"ShowSurahName":false,"ShowBismillah":false,"Text":"وَلِسُلَيۡمَٰنَ ٱلرِّيحَ غُدُوُّهَا شَهۡرٞ وَرَوَاحُهَا شَهۡرٞۖ وَأَسَلۡنَا لَهُۥ عَيۡنَ ٱلۡقِطۡرِۖ وَمِنَ ٱلۡجِنِّ مَن يَعۡمَلُ بَيۡنَ يَدَيۡهِ بِإِذۡنِ رَبِّهِۦۖ وَمَن يَزِغۡ مِنۡهُمۡ عَنۡ أَمۡرِنَا نُذِقۡهُ مِنۡ عَذَابِ ٱلسَّعِيرِ","TajweedText":"وَلِسُلَيْمَ<tajweed class=madda_normal>ـٰ</tajweed>نَ <tajweed class=ham_wasl>ٱ</tajweed><tajweed class=laam_shamsiyah>ل</tajweed>رِّيحَ غُدُوُّهَا شَهْ<tajweed class=idgham_ghunnah>رٌ و</tajweed>َرَوَاحُهَا شَهْ<tajweed class=idgham_ghunnah>رٌۖ و</tajweed>َأَسَلْنَا لَهُ<tajweed class=madda_normal>ۥ</tajweed> عَيْنَ <tajweed class=ham_wasl>ٱ</tajweed>لْقِ<tajweed class=qalaqah>طْ</tajweed>رِۖ وَمِنَ <tajweed class=ham_wasl>ٱ</tajweed>لْجِ<tajweed class=ghunnah>نّ</tajweed>ِ م<tajweed class=idgham_ghunnah>َن ي</tajweed>َعْمَلُ بَيْنَ يَدَيْهِ بِإِذْنِ رَبِّهِ<tajweed class=madda_normal>ۖۦ</tajweed> وَم<tajweed class=idgham_ghunnah>َن ي</tajweed>َزِغْ مِنْهُمْ عَنْ أَمْرِنَا نُذِ<tajweed class=qalaqah>قْ</tajweed>هُ مِنْ عَذَابِ <tajweed class=ham_wasl>ٱ</tajweed><tajweed class=laam_shamsiyah>ل</tajweed>سَّع<tajweed class=madda_permissible>ِي</tajweed>رِ <span class=end>١٢</span>","End":"١٢","PageNumber":429,"JuzNumber":22,"ManzilNumber":5,"RukuNumber":371,"MaqraNumber":172,"HizbNumber":43,"HizbDecimal":0.75,"HasSajda":false},{"SurahNumber":34,"SurahIndex":"034","VerseNumber":13,"ShowSurahName":false,"ShowBismillah":false,"Text":"يَعۡمَلُونَ لَهُۥ مَا يَشَآءُ مِن مَّحَٰرِيبَ وَتَمَٰثِيلَ وَجِفَانٖ كَٱلۡجَوَابِ وَقُدُورٖ رَّاسِيَٰتٍۚ ٱعۡمَلُوٓاْ ءَالَ دَاوُۥدَ شُكۡرٗاۚ وَقَلِيلٞ مِّنۡ عِبَادِيَ ٱلشَّكُورُ","TajweedText":"يَعْمَلُونَ لَهُ<tajweed class=madda_normal>ۥ</tajweed> مَا يَش<tajweed class=madda_obligatory>َا</tajweed>ٓءُ م<tajweed class=idgham_ghunnah>ِن م</tajweed>َّحَ<tajweed class=madda_normal>ـٰ</tajweed>رِيبَ وَتَمَ<tajweed class=madda_normal>ـٰ</tajweed>ثِيلَ وَجِفَا<tajweed class=ikhafa>نٍ ك</tajweed>َ<tajweed class=ham_wasl>ٱ</tajweed>لْجَوَابِ وَقُدُو<tajweed class=idgham_wo_ghunnah>رٍ ر</tajweed>َّاسِيَ<tajweed class=madda_normal>ـٰ</tajweed>تٍۚ <tajweed class=ham_wasl>ٱ</tajweed>عْمَل<tajweed class=madda_obligatory>ُوٓ</tajweed><tajweed class=slnt>اْ</tajweed> ءَالَ دَاوُ<tajweed class=madda_normal>ۥ</tajweed>دَ شُكْ<tajweed class=idgham_ghunnah>رًاۚ و</tajweed>َقَلِي<tajweed class=idgham_ghunnah>لٌ م</tajweed>ِّنْ عِبَادِىَ <tajweed class=ham_wasl>ٱ</tajweed><tajweed class=laam_shamsiyah>ل</tajweed>شَّك<tajweed class=madda_permissible>ُو</tajweed>رُ <span class=end>١٣</span>","End":"١٣","PageNumber":429,"JuzNumber":22,"ManzilNumber":5,"RukuNumber":371,"MaqraNumber":172,"HizbNumber":43,"HizbDecimal":0.75,"HasSajda":false},{"SurahNumber":34,"SurahIndex":"034","VerseNumber":14,"ShowSurahName":false,"ShowBismillah":false,"Text":"فَلَمَّا قَضَيۡنَا عَلَيۡهِ ٱلۡمَوۡتَ مَا دَلَّهُمۡ عَلَىٰ مَوۡتِهِۦٓ إِلَّا دَآبَّةُ ٱلۡأَرۡضِ تَأۡكُلُ مِنسَأَتَهُۥۖ فَلَمَّا خَرَّ تَبَيَّنَتِ ٱلۡجِنُّ أَن لَّوۡ كَانُواْ يَعۡلَمُونَ ٱلۡغَيۡبَ مَا لَبِثُواْ فِي ٱلۡعَذَابِ ٱلۡمُهِينِ","TajweedText":"فَلَ<tajweed class=ghunnah>مّ</tajweed>َا قَضَيْنَا عَلَيْهِ <tajweed class=ham_wasl>ٱ</tajweed>لْمَوْتَ مَا دَلَّهُمْ عَلَىٰ مَوْتِه<tajweed class=madda_obligatory>ِۦٓ</tajweed> إِلَّا د<tajweed class=madda_necessary>َا</tajweed>ٓبَّةُ <tajweed class=ham_wasl>ٱ</tajweed>لْأَرْضِ تَأْكُلُ مِ<tajweed class=ikhafa>نس</tajweed>َأَتَهُۖ<tajweed class=madda_normal>ۥ</tajweed> فَلَ<tajweed class=ghunnah>مّ</tajweed>َا خَرَّ تَبَيَّنَتِ <tajweed class=ham_wasl>ٱ</tajweed>لْجِ<tajweed class=ghunnah>نّ</tajweed>ُ أ<tajweed class=idgham_wo_ghunnah>َن ل</tajweed>َّوْ كَانُو<tajweed class=slnt>اْ</tajweed> يَعْلَمُونَ <tajweed class=ham_wasl>ٱ</tajweed>لْغَيْبَ مَا لَبِثُو<tajweed class=slnt>اْ</tajweed> فِى <tajweed class=ham_wasl>ٱ</tajweed>لْعَذَابِ <tajweed class=ham_wasl>ٱ</tajweed>لْمُه<tajweed class=madda_permissible>ِي</tajweed>نِ <span class=end>١٤</span>","End":"١٤","PageNumber":429,"JuzNumber":22,"ManzilNumber":5,"RukuNumber":371,"MaqraNumber":172,"HizbNumber":43,"HizbDecimal":0.75,"HasSajda":false},{"SurahNumber":34,"SurahIndex":"034","VerseNumber":15,"ShowSurahName":false,"ShowBismillah":false,"Text":"لَقَدۡ كَانَ لِسَبَإٖ فِي مَسۡكَنِهِمۡ ءَايَةٞۖ جَنَّتَانِ عَن يَمِينٖ وَشِمَالٖۖ كُلُواْ مِن رِّزۡقِ رَبِّكُمۡ وَٱشۡكُرُواْ لَهُۥۚ بَلۡدَةٞ طَيِّبَةٞ وَرَبٌّ غَفُورٞ","TajweedText":"لَقَ<tajweed class=qalaqah>دْ</tajweed> كَانَ لِسَبَ<tajweed class=ikhafa>إٍ ف</tajweed>ِى مَسْكَنِهِمْ ءَايَ<tajweed class=ikhafa>ةٌۖ ج</tajweed>َ<tajweed class=ghunnah>نّ</tajweed>َتَانِ ع<tajweed class=idgham_ghunnah>َن ي</tajweed>َمِي<tajweed class=idgham_ghunnah>نٍ و</tajweed>َشِمَا<tajweed class=ikhafa>لٍۖ ك</tajweed>ُلُو<tajweed class=slnt>اْ</tajweed> م<tajweed class=idgham_wo_ghunnah>ِن ر</tajweed>ِّزْقِ رَبِّكُمْ وَ<tajweed class=ham_wasl>ٱ</tajweed>شْكُرُو<tajweed class=slnt>اْ</tajweed> لَهُۚ<tajweed class=madda_normal>ۥ</tajweed> بَلْدَ<tajweed class=ikhafa>ةٌ ط</tajweed>َيِّبَ<tajweed class=idgham_ghunnah>ةٌ و</tajweed>َرَبٌّ غَف<tajweed class=madda_permissible>ُو</tajweed>رٌ <span class=end>١٥</span>","End":"١٥","PageNumber":430,"JuzNumber":22,"ManzilNumber":5,"RukuNumber":371,"MaqraNumber":172,"HizbNumber":43,"HizbDecimal":0.75,"HasSajda":false},{"SurahNumber":34,"SurahIndex":"034","VerseNumber":16,"ShowSurahName":false,"ShowBismillah":false,"Text":"فَأَعۡرَضُواْ فَأَرۡسَلۡنَا عَلَيۡهِمۡ سَيۡلَ ٱلۡعَرِمِ وَبَدَّلۡنَٰهُم بِجَنَّتَيۡهِمۡ جَنَّتَيۡنِ ذَوَاتَيۡ أُكُلٍ خَمۡطٖ وَأَثۡلٖ وَشَيۡءٖ مِّن سِدۡرٖ قَلِيلٖ","TajweedText":"فَأَعْرَضُو<tajweed class=slnt>اْ</tajweed> فَأَرْسَلْنَا عَلَيْهِمْ سَيْلَ <tajweed class=ham_wasl>ٱ</tajweed>لْعَرِمِ وَبَدَّلْنَ<tajweed class=madda_normal>ـٰ</tajweed>ه<tajweed class=ikhafa_shafawi>ُم ب</tajweed>ِجَ<tajweed class=ghunnah>نّ</tajweed>َتَيْهِمْ جَ<tajweed class=ghunnah>نّ</tajweed>َتَيْنِ ذَوَات<tajweed class=madda_obligatory>َىْ</tajweed> أُكُلٍ خَمْ<tajweed class=idgham_ghunnah>طٍ و</tajweed>َأَثْ<tajweed class=idgham_ghunnah>لٍ و</tajweed>َش<tajweed class=idgham_ghunnah>َىْءٍ م</tajweed>ِّ<tajweed class=ikhafa>ن س</tajweed>ِ<tajweed class=qalaqah>دْ</tajweed><tajweed class=ikhafa>رٍ ق</tajweed>َل<tajweed class=madda_permissible>ِي</tajweed>لٍ <span class=end>١٦</span>","End":"١٦","PageNumber":430,"JuzNumber":22,"ManzilNumber":5,"RukuNumber":371,"MaqraNumber":172,"HizbNumber":43,"HizbDecimal":0.75,"HasSajda":false},{"SurahNumber":34,"SurahIndex":"034","VerseNumber":17,"ShowSurahName":false,"ShowBismillah":false,"Text":"ذَٰلِكَ جَزَيۡنَٰهُم بِمَا كَفَرُواْۖ وَهَلۡ نُجَٰزِيٓ إِلَّا ٱلۡكَفُورَ","TajweedText":"ذ<tajweed class=madda_normal>َٲ</tajweed>لِكَ جَزَيْنَ<tajweed class=madda_normal>ـٰ</tajweed>ه<tajweed class=ikhafa_shafawi>ُم ب</tajweed>ِمَا كَفَرُو<tajweed class=slnt>اْۖ</tajweed> وَهَلْ نُجَ<tajweed class=madda_normal>ـٰ</tajweed>ز<tajweed class=madda_obligatory>ِىٓ</tajweed> إِلَّا <tajweed class=ham_wasl>ٱ</tajweed>لْكَف<tajweed class=madda_permissible>ُو</tajweed>رَ <span class=end>١٧</span>","End":"١٧","PageNumber":430,"JuzNumber":22,"ManzilNumber":5,"RukuNumber":371,"MaqraNumber":172,"HizbNumber":43,"HizbDecimal":0.75,"HasSajda":false},{"SurahNumber":34,"SurahIndex":"034","VerseNumber":18,"ShowSurahName":false,"ShowBismillah":false,"Text":"وَجَعَلۡنَا بَيۡنَهُمۡ وَبَيۡنَ ٱلۡقُرَى ٱلَّتِي بَٰرَكۡنَا فِيهَا قُرٗى ظَٰهِرَةٗ وَقَدَّرۡنَا فِيهَا ٱلسَّيۡرَۖ سِيرُواْ فِيهَا لَيَالِيَ وَأَيَّامًا ءَامِنِينَ","TajweedText":"وَجَعَلْنَا بَيْنَهُمْ وَبَيْنَ <tajweed class=ham_wasl>ٱ</tajweed>لْقُرَى <tajweed class=ham_wasl>ٱ</tajweed>لَّتِى بَ<tajweed class=madda_normal>ـٰ</tajweed>رَكْنَا فِيهَا قُ<tajweed class=ikhafa>رًى ظ</tajweed>َ<tajweed class=madda_normal>ـٰ</tajweed>هِرَ<tajweed class=idgham_ghunnah>ةً و</tajweed>َقَدَّرْنَا فِيهَا <tajweed class=ham_wasl>ٱ</tajweed><tajweed class=laam_shamsiyah>ل</tajweed>سَّيْرَۖ سِيرُو<tajweed class=slnt>اْ</tajweed> فِيهَا لَيَالِىَ وَأَيَّامًا ءَامِن<tajweed class=madda_permissible>ِي</tajweed>نَ <span class=end>١٨</span>","End":"١٨","PageNumber":430,"JuzNumber":22,"ManzilNumber":5,"RukuNumber":371,"MaqraNumber":172,"HizbNumber":43,"HizbDecimal":0.75,"HasSajda":false},{"SurahNumber":34,"SurahIndex":"034","VerseNumber":19,"ShowSurahName":false,"ShowBismillah":false,"Text":"فَقَالُواْ رَبَّنَا بَٰعِدۡ بَيۡنَ أَسۡفَارِنَا وَظَلَمُوٓاْ أَنفُسَهُمۡ فَجَعَلۡنَٰهُمۡ أَحَادِيثَ وَمَزَّقۡنَٰهُمۡ كُلَّ مُمَزَّقٍۚ إِنَّ فِي ذَٰلِكَ لَأٓيَٰتٖ لِّكُلِّ صَبَّارٖ شَكُورٖ","TajweedText":"فَقَالُو<tajweed class=slnt>اْ</tajweed> رَبَّنَا بَ<tajweed class=madda_normal>ـٰ</tajweed>عِ<tajweed class=qalaqah>دْ</tajweed> بَيْنَ أَسْفَارِنَا وَظَلَم<tajweed class=madda_obligatory>ُوٓ</tajweed><tajweed class=slnt>اْ</tajweed> أَ<tajweed class=ikhafa>نف</tajweed>ُسَهُمْ فَجَعَلْنَ<tajweed class=madda_normal>ـٰ</tajweed>هُمْ أَحَادِيثَ وَمَزَّ<tajweed class=qalaqah>قْ</tajweed>نَ<tajweed class=madda_normal>ـٰ</tajweed>هُمْ كُلَّ مُمَزَّقٍۚ إِ<tajweed class=ghunnah>نّ</tajweed>َ فِى ذ<tajweed class=madda_normal>َٲ</tajweed>لِكَ لَأَيَ<tajweed class=madda_normal>ـٰ</tajweed><tajweed class=idgham_wo_ghunnah>تٍ ل</tajweed>ِّكُلِّ صَبَّا<tajweed class=ikhafa>رٍ ش</tajweed>َك<tajweed class=madda_permissible>ُو</tajweed>رٍ <span class=end>١٩</span>","End":"١٩","PageNumber":430,"JuzNumber":22,"ManzilNumber":5,"RukuNumber":371,"MaqraNumber":172,"HizbNumber":43,"HizbDecimal":0.75,"HasSajda":false},{"SurahNumber":34,"SurahIndex":"034","VerseNumber":20,"ShowSurahName":false,"ShowBismillah":false,"Text":"وَلَقَدۡ صَدَّقَ عَلَيۡهِمۡ إِبۡلِيسُ ظَنَّهُۥ فَٱتَّبَعُوهُ إِلَّا فَرِيقٗا مِّنَ ٱلۡمُؤۡمِنِينَ","TajweedText":"وَلَقَ<tajweed class=qalaqah>دْ</tajweed> صَدَّقَ عَلَيْهِمْ إِ<tajweed class=qalaqah>بْ</tajweed>لِيسُ ظَ<tajweed class=ghunnah>نّ</tajweed>َهُ<tajweed class=madda_normal>ۥ</tajweed> فَ<tajweed class=ham_wasl>ٱ</tajweed>تَّبَعُوهُ إِلَّا فَرِي<tajweed class=idgham_ghunnah>قًا م</tajweed>ِّنَ <tajweed class=ham_wasl>ٱ</tajweed>لْمُؤْمِن<tajweed class=madda_permissible>ِي</tajweed>نَ <span class=end>٢٠</span>","End":"٢٠","PageNumber":430,"JuzNumber":22,"ManzilNumber":5,"RukuNumber":371,"MaqraNumber":172,"HizbNumber":43,"HizbDecimal":0.75,"HasSajda":false},{"SurahNumber":34,"SurahIndex":"034","VerseNumber":21,"ShowSurahName":false,"ShowBismillah":false,"Text":"وَمَا كَانَ لَهُۥ عَلَيۡهِم مِّن سُلۡطَٰنٍ إِلَّا لِنَعۡلَمَ مَن يُؤۡمِنُ بِٱلۡأٓخِرَةِ مِمَّنۡ هُوَ مِنۡهَا فِي شَكّٖۗ وَرَبُّكَ عَلَىٰ كُلِّ شَيۡءٍ حَفِيظٞ","TajweedText":"وَمَا كَانَ لَهُ<tajweed class=madda_normal>ۥ</tajweed> عَلَيْه<tajweed class=idgham_shafawi>ِم م</tajweed>ِّ<tajweed class=ikhafa>ن س</tajweed>ُلْطَ<tajweed class=madda_normal>ـٰ</tajweed>نٍ إِلَّا لِنَعْلَمَ م<tajweed class=idgham_ghunnah>َن ي</tajweed>ُؤْمِنُ بِ<tajweed class=ham_wasl>ٱ</tajweed>لْأَخِرَةِ مِ<tajweed class=ghunnah>مّ</tajweed>َنْ هُوَ مِنْهَا فِى شَ<tajweed class=idgham_ghunnah>كٍّۗ و</tajweed>َرَبُّكَ عَلَىٰ كُلِّ شَىْءٍ حَف<tajweed class=madda_permissible>ِي</tajweed>ظٌ <span class=end>٢١</span>","End":"٢١","PageNumber":430,"JuzNumber":22,"ManzilNumber":5,"RukuNumber":371,"MaqraNumber":172,"HizbNumber":43,"HizbDecimal":0.75,"HasSajda":false}]}