{"RukuNumber":194,"Verses":[{"SurahNumber":12,"SurahIndex":"012","VerseNumber":7,"ShowSurahName":false,"ShowBismillah":false,"Text":"۞لَّقَدۡ كَانَ فِي يُوسُفَ وَإِخۡوَتِهِۦٓ ءَايَٰتٞ لِّلسَّآئِلِينَ","TajweedText":"۞ لَّقَ<tajweed class=qalaqah>دْ</tajweed> كَانَ فِى يُوسُفَ وَإِخْوَتِه<tajweed class=madda_obligatory>ِۦٓ</tajweed> ءَايَ<tajweed class=madda_normal>ـٰ</tajweed><tajweed class=idgham_wo_ghunnah>تٌ ل</tajweed>ِّلسّ<tajweed class=madda_obligatory>َا</tajweed>ٓئِل<tajweed class=madda_permissible>ِي</tajweed>نَ <span class=end>٧</span>","End":"٧","PageNumber":236,"JuzNumber":12,"ManzilNumber":3,"RukuNumber":194,"MaqraNumber":95,"HizbNumber":24,"HizbDecimal":0.5,"HasSajda":false},{"SurahNumber":12,"SurahIndex":"012","VerseNumber":8,"ShowSurahName":false,"ShowBismillah":false,"Text":"إِذۡ قَالُواْ لَيُوسُفُ وَأَخُوهُ أَحَبُّ إِلَىٰٓ أَبِينَا مِنَّا وَنَحۡنُ عُصۡبَةٌ إِنَّ أَبَانَا لَفِي ضَلَٰلٖ مُّبِينٍ","TajweedText":"إِذْ قَالُو<tajweed class=slnt>اْ</tajweed> لَيُوسُفُ وَأَخُوهُ أَحَبُّ إِلَ<tajweed class=madda_obligatory>ىٰٓ</tajweed> أَبِينَا مِ<tajweed class=ghunnah>نّ</tajweed>َا وَنَحْنُ عُصْبَةٌ إِ<tajweed class=ghunnah>نّ</tajweed>َ أَبَانَا لَفِى ضَلَ<tajweed class=madda_normal>ـٰ</tajweed><tajweed class=idgham_ghunnah>لٍ م</tajweed>ُّب<tajweed class=madda_permissible>ِي</tajweed>نٍ <span class=end>٨</span>","End":"٨","PageNumber":236,"JuzNumber":12,"ManzilNumber":3,"RukuNumber":194,"MaqraNumber":95,"HizbNumber":24,"HizbDecimal":0.5,"HasSajda":false},{"SurahNumber":12,"SurahIndex":"012","VerseNumber":9,"ShowSurahName":false,"ShowBismillah":false,"Text":"ٱقۡتُلُواْ يُوسُفَ أَوِ ٱطۡرَحُوهُ أَرۡضٗا يَخۡلُ لَكُمۡ وَجۡهُ أَبِيكُمۡ وَتَكُونُواْ مِنۢ بَعۡدِهِۦ قَوۡمٗا صَٰلِحِينَ","TajweedText":"ٱ<tajweed class=qalaqah>قْ</tajweed>تُلُو<tajweed class=slnt>اْ</tajweed> يُوسُفَ أَوِ <tajweed class=ham_wasl>ٱ</tajweed><tajweed class=qalaqah>طْ</tajweed>رَحُوهُ أَرْ<tajweed class=idgham_ghunnah>ضًا ي</tajweed>َخْلُ لَكُمْ وَ<tajweed class=qalaqah>جْ</tajweed>هُ أَبِيكُمْ وَتَكُونُو<tajweed class=slnt>اْ</tajweed> م<tajweed class=iqlab>ِنۢ ب</tajweed>َعْدِه<tajweed class=madda_normal>ِۦ</tajweed> قَوْ<tajweed class=ikhafa>مًا ص</tajweed>َ<tajweed class=madda_normal>ـٰ</tajweed>لِح<tajweed class=madda_permissible>ِي</tajweed>نَ <span class=end>٩</span>","End":"٩","PageNumber":236,"JuzNumber":12,"ManzilNumber":3,"RukuNumber":194,"MaqraNumber":95,"HizbNumber":24,"HizbDecimal":0.5,"HasSajda":false},{"SurahNumber":12,"SurahIndex":"012","VerseNumber":10,"ShowSurahName":false,"ShowBismillah":false,"Text":"قَالَ قَآئِلٞ مِّنۡهُمۡ لَا تَقۡتُلُواْ يُوسُفَ وَأَلۡقُوهُ فِي غَيَٰبَتِ ٱلۡجُبِّ يَلۡتَقِطۡهُ بَعۡضُ ٱلسَّيَّارَةِ إِن كُنتُمۡ فَٰعِلِينَ","TajweedText":"قَالَ ق<tajweed class=madda_obligatory>َا</tajweed>ٓئِ<tajweed class=idgham_ghunnah>لٌ م</tajweed>ِّنْهُمْ لَا تَ<tajweed class=qalaqah>قْ</tajweed>تُلُو<tajweed class=slnt>اْ</tajweed> يُوسُفَ وَأَلْقُوهُ فِى غَيَ<tajweed class=madda_normal>ـٰ</tajweed>بَتِ <tajweed class=ham_wasl>ٱ</tajweed>لْجُبِّ يَلْتَقِ<tajweed class=qalaqah>طْ</tajweed>هُ بَعْضُ <tajweed class=ham_wasl>ٱ</tajweed><tajweed class=laam_shamsiyah>ل</tajweed>سَّيَّارَةِ إِ<tajweed class=ikhafa>ن ك</tajweed>ُ<tajweed class=ikhafa>نت</tajweed>ُمْ فَ<tajweed class=madda_normal>ـٰ</tajweed>عِل<tajweed class=madda_permissible>ِي</tajweed>نَ <span class=end>١٠</span>","End":"١٠","PageNumber":236,"JuzNumber":12,"ManzilNumber":3,"RukuNumber":194,"MaqraNumber":95,"HizbNumber":24,"HizbDecimal":0.5,"HasSajda":false},{"SurahNumber":12,"SurahIndex":"012","VerseNumber":11,"ShowSurahName":false,"ShowBismillah":false,"Text":"قَالُواْ يَـٰٓأَبَانَا مَا لَكَ لَا تَأۡمَ۬نَّا عَلَىٰ يُوسُفَ وَإِنَّا لَهُۥ لَنَٰصِحُونَ","TajweedText":"قَالُو<tajweed class=slnt>اْ</tajweed> يَ<tajweed class=madda_obligatory>ـٰٓ</tajweed>أَبَانَا مَا لَكَ لَا تَأْمَ۫<tajweed class=ghunnah>نّ</tajweed>َا عَلَىٰ يُوسُفَ وَإِ<tajweed class=ghunnah>نّ</tajweed>َا لَهُ<tajweed class=madda_normal>ۥ</tajweed> لَنَ<tajweed class=madda_normal>ـٰ</tajweed>صِح<tajweed class=madda_permissible>ُو</tajweed>نَ <span class=end>١١</span>","End":"١١","PageNumber":236,"JuzNumber":12,"ManzilNumber":3,"RukuNumber":194,"MaqraNumber":95,"HizbNumber":24,"HizbDecimal":0.5,"HasSajda":false},{"SurahNumber":12,"SurahIndex":"012","VerseNumber":12,"ShowSurahName":false,"ShowBismillah":false,"Text":"أَرۡسِلۡهُ مَعَنَا غَدٗا يَرۡتَعۡ وَيَلۡعَبۡ وَإِنَّا لَهُۥ لَحَٰفِظُونَ","TajweedText":"أَرْسِلْهُ مَعَنَا غَ<tajweed class=idgham_ghunnah>دًا ي</tajweed>َرْتَعْ وَيَلْعَ<tajweed class=qalaqah>بْ</tajweed> وَإِ<tajweed class=ghunnah>نّ</tajweed>َا لَهُ<tajweed class=madda_normal>ۥ</tajweed> لَحَ<tajweed class=madda_normal>ـٰ</tajweed>فِظ<tajweed class=madda_permissible>ُو</tajweed>نَ <span class=end>١٢</span>","End":"١٢","PageNumber":236,"JuzNumber":12,"ManzilNumber":3,"RukuNumber":194,"MaqraNumber":95,"HizbNumber":24,"HizbDecimal":0.5,"HasSajda":false},{"SurahNumber":12,"SurahIndex":"012","VerseNumber":13,"ShowSurahName":false,"ShowBismillah":false,"Text":"قَالَ إِنِّي لَيَحۡزُنُنِيٓ أَن تَذۡهَبُواْ بِهِۦ وَأَخَافُ أَن يَأۡكُلَهُ ٱلذِّئۡبُ وَأَنتُمۡ عَنۡهُ غَٰفِلُونَ","TajweedText":"قَالَ إِ<tajweed class=ghunnah>نّ</tajweed>ِى لَيَحْزُنُن<tajweed class=madda_obligatory>ِىٓ</tajweed> أَ<tajweed class=ikhafa>ن ت</tajweed>َذْهَبُو<tajweed class=slnt>اْ</tajweed> بِه<tajweed class=madda_normal>ِۦ</tajweed> وَأَخَافُ أ<tajweed class=idgham_ghunnah>َن ي</tajweed>َأْكُلَهُ <tajweed class=ham_wasl>ٱ</tajweed><tajweed class=laam_shamsiyah>ل</tajweed>ذِّئْبُ وَأَ<tajweed class=ikhafa>نت</tajweed>ُمْ عَنْهُ غَ<tajweed class=madda_normal>ـٰ</tajweed>فِل<tajweed class=madda_permissible>ُو</tajweed>نَ <span class=end>١٣</span>","End":"١٣","PageNumber":236,"JuzNumber":12,"ManzilNumber":3,"RukuNumber":194,"MaqraNumber":95,"HizbNumber":24,"HizbDecimal":0.5,"HasSajda":false},{"SurahNumber":12,"SurahIndex":"012","VerseNumber":14,"ShowSurahName":false,"ShowBismillah":false,"Text":"قَالُواْ لَئِنۡ أَكَلَهُ ٱلذِّئۡبُ وَنَحۡنُ عُصۡبَةٌ إِنَّآ إِذٗا لَّخَٰسِرُونَ","TajweedText":"قَالُو<tajweed class=slnt>اْ</tajweed> لَئِنْ أَكَلَهُ <tajweed class=ham_wasl>ٱ</tajweed><tajweed class=laam_shamsiyah>ل</tajweed>ذِّئْبُ وَنَحْنُ عُصْبَةٌ إِ<tajweed class=ghunnah>نّ</tajweed><tajweed class=madda_obligatory>َآ</tajweed> إِ<tajweed class=idgham_wo_ghunnah>ذًا ل</tajweed>َّخَ<tajweed class=madda_normal>ـٰ</tajweed>سِر<tajweed class=madda_permissible>ُو</tajweed>نَ <span class=end>١٤</span>","End":"١٤","PageNumber":236,"JuzNumber":12,"ManzilNumber":3,"RukuNumber":194,"MaqraNumber":95,"HizbNumber":24,"HizbDecimal":0.5,"HasSajda":false},{"SurahNumber":12,"SurahIndex":"012","VerseNumber":15,"ShowSurahName":false,"ShowBismillah":false,"Text":"فَلَمَّا ذَهَبُواْ بِهِۦ وَأَجۡمَعُوٓاْ أَن يَجۡعَلُوهُ فِي غَيَٰبَتِ ٱلۡجُبِّۚ وَأَوۡحَيۡنَآ إِلَيۡهِ لَتُنَبِّئَنَّهُم بِأَمۡرِهِمۡ هَٰذَا وَهُمۡ لَا يَشۡعُرُونَ","TajweedText":"فَلَ<tajweed class=ghunnah>مّ</tajweed>َا ذَهَبُو<tajweed class=slnt>اْ</tajweed> بِه<tajweed class=madda_normal>ِۦ</tajweed> وَأَ<tajweed class=qalaqah>جْ</tajweed>مَع<tajweed class=madda_obligatory>ُوٓ</tajweed><tajweed class=slnt>اْ</tajweed> أ<tajweed class=idgham_ghunnah>َن ي</tajweed>َ<tajweed class=qalaqah>جْ</tajweed>عَلُوهُ فِى غَيَ<tajweed class=madda_normal>ـٰ</tajweed>بَتِ <tajweed class=ham_wasl>ٱ</tajweed>لْجُبِّ‌ۚ وَأَوْحَيْن<tajweed class=madda_obligatory>َآ</tajweed> إِلَيْهِ لَتُنَبِّئَ<tajweed class=ghunnah>نّ</tajweed>َه<tajweed class=ikhafa_shafawi>ُم ب</tajweed>ِأَمْرِهِمْ هَ<tajweed class=madda_normal>ـٰ</tajweed>ذَا وَهُمْ لَا يَشْعُر<tajweed class=madda_permissible>ُو</tajweed>نَ <span class=end>١٥</span>","End":"١٥","PageNumber":237,"JuzNumber":12,"ManzilNumber":3,"RukuNumber":194,"MaqraNumber":95,"HizbNumber":24,"HizbDecimal":0.5,"HasSajda":false},{"SurahNumber":12,"SurahIndex":"012","VerseNumber":16,"ShowSurahName":false,"ShowBismillah":false,"Text":"وَجَآءُوٓ أَبَاهُمۡ عِشَآءٗ يَبۡكُونَ","TajweedText":"وَج<tajweed class=madda_obligatory>َا</tajweed>ٓء<tajweed class=madda_obligatory>ُوٓ</tajweed> أَبَاهُمْ عِش<tajweed class=madda_obligatory>َا</tajweed>ٓ<tajweed class=idgham_ghunnah>ءً ي</tajweed>َ<tajweed class=qalaqah>بْ</tajweed>ك<tajweed class=madda_permissible>ُو</tajweed>نَ <span class=end>١٦</span>","End":"١٦","PageNumber":237,"JuzNumber":12,"ManzilNumber":3,"RukuNumber":194,"MaqraNumber":95,"HizbNumber":24,"HizbDecimal":0.5,"HasSajda":false},{"SurahNumber":12,"SurahIndex":"012","VerseNumber":17,"ShowSurahName":false,"ShowBismillah":false,"Text":"قَالُواْ يَـٰٓأَبَانَآ إِنَّا ذَهَبۡنَا نَسۡتَبِقُ وَتَرَكۡنَا يُوسُفَ عِندَ مَتَٰعِنَا فَأَكَلَهُ ٱلذِّئۡبُۖ وَمَآ أَنتَ بِمُؤۡمِنٖ لَّنَا وَلَوۡ كُنَّا صَٰدِقِينَ","TajweedText":"قَالُو<tajweed class=slnt>اْ</tajweed> يَ<tajweed class=madda_obligatory>ـٰٓ</tajweed>أَبَان<tajweed class=madda_obligatory>َآ</tajweed> إِ<tajweed class=ghunnah>نّ</tajweed>َا ذَهَ<tajweed class=qalaqah>بْ</tajweed>نَا نَسْتَبِقُ وَتَرَكْنَا يُوسُفَ عِ<tajweed class=ikhafa>ند</tajweed>َ مَتَ<tajweed class=madda_normal>ـٰ</tajweed>عِنَا فَأَكَلَهُ <tajweed class=ham_wasl>ٱ</tajweed><tajweed class=laam_shamsiyah>ل</tajweed>ذِّئْبُ‌ۖ وَم<tajweed class=madda_obligatory>َآ</tajweed> أَ<tajweed class=ikhafa>نت</tajweed>َ بِمُؤْمِ<tajweed class=idgham_wo_ghunnah>نٍ ل</tajweed>َّنَا وَلَوْ كُ<tajweed class=ghunnah>نّ</tajweed>َا صَ<tajweed class=madda_normal>ـٰ</tajweed>دِق<tajweed class=madda_permissible>ِي</tajweed>نَ <span class=end>١٧</span>","End":"١٧","PageNumber":237,"JuzNumber":12,"ManzilNumber":3,"RukuNumber":194,"MaqraNumber":95,"HizbNumber":24,"HizbDecimal":0.5,"HasSajda":false},{"SurahNumber":12,"SurahIndex":"012","VerseNumber":18,"ShowSurahName":false,"ShowBismillah":false,"Text":"وَجَآءُو عَلَىٰ قَمِيصِهِۦ بِدَمٖ كَذِبٖۚ قَالَ بَلۡ سَوَّلَتۡ لَكُمۡ أَنفُسُكُمۡ أَمۡرٗاۖ فَصَبۡرٞ جَمِيلٞۖ وَٱللَّهُ ٱلۡمُسۡتَعَانُ عَلَىٰ مَا تَصِفُونَ","TajweedText":"وَج<tajweed class=madda_obligatory>َا</tajweed>ٓءُو عَلَىٰ قَمِيصِه<tajweed class=madda_normal>ِۦ</tajweed> بِدَ<tajweed class=ikhafa>مٍ ك</tajweed>َذِ<tajweed class=ikhafa>بٍ‌ۚ ق</tajweed>َالَ بَلْ سَوَّلَتْ لَكُمْ أَ<tajweed class=ikhafa>نف</tajweed>ُسُكُمْ أَمْ<tajweed class=ikhafa>رًا‌ۖ ف</tajweed>َصَ<tajweed class=qalaqah>بْ</tajweed><tajweed class=ikhafa>رٌ ج</tajweed>َمِي<tajweed class=idgham_ghunnah>لٌ‌ۖ و</tajweed>َ<tajweed class=ham_wasl>ٱ</tajweed>للَّهُ <tajweed class=ham_wasl>ٱ</tajweed>لْمُسْتَعَانُ عَلَىٰ مَا تَصِف<tajweed class=madda_permissible>ُو</tajweed>نَ <span class=end>١٨</span>","End":"١٨","PageNumber":237,"JuzNumber":12,"ManzilNumber":3,"RukuNumber":194,"MaqraNumber":95,"HizbNumber":24,"HizbDecimal":0.5,"HasSajda":false},{"SurahNumber":12,"SurahIndex":"012","VerseNumber":19,"ShowSurahName":false,"ShowBismillah":false,"Text":"وَجَآءَتۡ سَيَّارَةٞ فَأَرۡسَلُواْ وَارِدَهُمۡ فَأَدۡلَىٰ دَلۡوَهُۥۖ قَالَ يَٰبُشۡرَىٰ هَٰذَا غُلَٰمٞۚ وَأَسَرُّوهُ بِضَٰعَةٗۚ وَٱللَّهُ عَلِيمُۢ بِمَا يَعۡمَلُونَ","TajweedText":"وَج<tajweed class=madda_obligatory>َا</tajweed>ٓءَتْ سَيَّارَ<tajweed class=ikhafa>ةٌ ف</tajweed>َأَرْسَلُو<tajweed class=slnt>اْ</tajweed> وَارِدَهُمْ فَأَ<tajweed class=qalaqah>دْ</tajweed>لَىٰ دَلْوَهُ<tajweed class=madda_normal>ۥ</tajweed>‌ۖ قَالَ يَ<tajweed class=madda_normal>ـٰ</tajweed>بُشْرَىٰ هَ<tajweed class=madda_normal>ـٰ</tajweed>ذَا غُلَ<tajweed class=madda_normal>ـٰ</tajweed><tajweed class=idgham_ghunnah>مٌ‌ۚ و</tajweed>َأَسَرُّوهُ بِضَ<tajweed class=madda_normal>ـٰ</tajweed>عَ<tajweed class=idgham_ghunnah>ةً‌ۚ و</tajweed>َ<tajweed class=ham_wasl>ٱ</tajweed>للَّهُ عَلِي<tajweed class=iqlab>مُۢ ب</tajweed>ِمَا يَعْمَل<tajweed class=madda_permissible>ُو</tajweed>نَ <span class=end>١٩</span>","End":"١٩","PageNumber":237,"JuzNumber":12,"ManzilNumber":3,"RukuNumber":194,"MaqraNumber":95,"HizbNumber":24,"HizbDecimal":0.5,"HasSajda":false},{"SurahNumber":12,"SurahIndex":"012","VerseNumber":20,"ShowSurahName":false,"ShowBismillah":false,"Text":"وَشَرَوۡهُ بِثَمَنِۭ بَخۡسٖ دَرَٰهِمَ مَعۡدُودَةٖ وَكَانُواْ فِيهِ مِنَ ٱلزَّـٰهِدِينَ","TajweedText":"وَشَرَوْهُ بِثَمَ<tajweed class=iqlab>نِۭ ب</tajweed>َخْ<tajweed class=ikhafa>سٍ د</tajweed>َر<tajweed class=madda_normal>َٲ</tajweed>هِمَ مَعْدُودَ<tajweed class=idgham_ghunnah>ةٍ و</tajweed>َكَانُو<tajweed class=slnt>اْ</tajweed> فِيهِ مِنَ <tajweed class=ham_wasl>ٱ</tajweed><tajweed class=laam_shamsiyah>ل</tajweed>زّ<tajweed class=madda_normal>َٲ</tajweed>هِد<tajweed class=madda_permissible>ِي</tajweed>نَ <span class=end>٢٠</span>","End":"٢٠","PageNumber":237,"JuzNumber":12,"ManzilNumber":3,"RukuNumber":194,"MaqraNumber":95,"HizbNumber":24,"HizbDecimal":0.5,"HasSajda":false}]}