{"RukuNumber":241,"Verses":[{"SurahNumber":17,"SurahIndex":"017","VerseNumber":11,"ShowSurahName":false,"ShowBismillah":false,"Text":"وَيَدۡعُ ٱلۡإِنسَٰنُ بِٱلشَّرِّ دُعَآءَهُۥ بِٱلۡخَيۡرِۖ وَكَانَ ٱلۡإِنسَٰنُ عَجُولٗا","TajweedText":"وَيَ<tajweed class=qalaqah>دْ</tajweed>عُ <tajweed class=ham_wasl>ٱ</tajweed>لْإِ<tajweed class=ikhafa>نس</tajweed>َ<tajweed class=madda_normal>ـٰ</tajweed>نُ بِ<tajweed class=ham_wasl>ٱ</tajweed><tajweed class=laam_shamsiyah>ل</tajweed>شَّرِّ دُع<tajweed class=madda_obligatory>َا</tajweed>ٓءَهُ<tajweed class=madda_normal>ۥ</tajweed> بِ<tajweed class=ham_wasl>ٱ</tajweed>لْخَيْرِ‌ۖ وَكَانَ <tajweed class=ham_wasl>ٱ</tajweed>لْإِ<tajweed class=ikhafa>نس</tajweed>َ<tajweed class=madda_normal>ـٰ</tajweed>نُ عَجُولاً <span class=end>١١</span>","End":"١١","PageNumber":283,"JuzNumber":15,"ManzilNumber":4,"RukuNumber":241,"MaqraNumber":113,"HizbNumber":29,"HizbDecimal":0.0,"HasSajda":false},{"SurahNumber":17,"SurahIndex":"017","VerseNumber":12,"ShowSurahName":false,"ShowBismillah":false,"Text":"وَجَعَلۡنَا ٱلَّيۡلَ وَٱلنَّهَارَ ءَايَتَيۡنِۖ فَمَحَوۡنَآ ءَايَةَ ٱلَّيۡلِ وَجَعَلۡنَآ ءَايَةَ ٱلنَّهَارِ مُبۡصِرَةٗ لِّتَبۡتَغُواْ فَضۡلٗا مِّن رَّبِّكُمۡ وَلِتَعۡلَمُواْ عَدَدَ ٱلسِّنِينَ وَٱلۡحِسَابَۚ وَكُلَّ شَيۡءٖ فَصَّلۡنَٰهُ تَفۡصِيلٗا","TajweedText":"وَجَعَلْنَا <tajweed class=ham_wasl>ٱ</tajweed>لَّيْلَ وَ<tajweed class=ham_wasl>ٱ</tajweed><tajweed class=laam_shamsiyah>ل</tajweed><tajweed class=ghunnah>نّ</tajweed>َهَارَ ءَايَتَيْنِ‌ۖ فَمَحَوْن<tajweed class=madda_obligatory>َآ</tajweed> ءَايَةَ <tajweed class=ham_wasl>ٱ</tajweed>لَّيْلِ وَجَعَلْن<tajweed class=madda_obligatory>َآ</tajweed> ءَايَةَ <tajweed class=ham_wasl>ٱ</tajweed><tajweed class=laam_shamsiyah>ل</tajweed><tajweed class=ghunnah>نّ</tajweed>َهَارِ مُ<tajweed class=qalaqah>بْ</tajweed>صِرَ<tajweed class=idgham_wo_ghunnah>ةً ل</tajweed>ِّتَ<tajweed class=qalaqah>بْ</tajweed>تَغُو<tajweed class=slnt>اْ</tajweed> فَضْل<tajweed class=idgham_ghunnah>اً م</tajweed>ّ<tajweed class=idgham_wo_ghunnah>ِن ر</tajweed>َّبِّكُمْ وَلِتَعْلَمُو<tajweed class=slnt>اْ</tajweed> عَدَدَ <tajweed class=ham_wasl>ٱ</tajweed><tajweed class=laam_shamsiyah>ل</tajweed>سِّنِينَ وَ<tajweed class=ham_wasl>ٱ</tajweed>لْحِسَابَ‌ۚ وَكُلَّ ش<tajweed class=ikhafa>َىْءٍ ف</tajweed>َصَّلْنَ<tajweed class=madda_normal>ـٰ</tajweed>هُ تَفْصِيلاً <span class=end>١٢</span>","End":"١٢","PageNumber":283,"JuzNumber":15,"ManzilNumber":4,"RukuNumber":241,"MaqraNumber":113,"HizbNumber":29,"HizbDecimal":0.0,"HasSajda":false},{"SurahNumber":17,"SurahIndex":"017","VerseNumber":13,"ShowSurahName":false,"ShowBismillah":false,"Text":"وَكُلَّ إِنسَٰنٍ أَلۡزَمۡنَٰهُ طَـٰٓئِرَهُۥ فِي عُنُقِهِۦۖ وَنُخۡرِجُ لَهُۥ يَوۡمَ ٱلۡقِيَٰمَةِ كِتَٰبٗا يَلۡقَىٰهُ مَنشُورًا","TajweedText":"وَكُلَّ إِ<tajweed class=ikhafa>نس</tajweed>َ<tajweed class=madda_normal>ـٰ</tajweed>نٍ أَلْزَمْنَ<tajweed class=madda_normal>ـٰ</tajweed>هُ طَ<tajweed class=madda_obligatory>ـٰٓ</tajweed>ئِرَهُ<tajweed class=madda_normal>ۥ</tajweed> فِى عُنُقِه<tajweed class=madda_normal>ِۦ</tajweed>‌ۖ وَنُخْرِجُ لَهُ<tajweed class=madda_normal>ۥ</tajweed> يَوْمَ <tajweed class=ham_wasl>ٱ</tajweed>لْقِيَ<tajweed class=madda_normal>ـٰ</tajweed>مَةِ كِتَ<tajweed class=madda_normal>ـٰ</tajweed><tajweed class=idgham_ghunnah>بًا ي</tajweed>َلْقَ<tajweed class=madda_normal>ـٰ</tajweed>هُ مَ<tajweed class=ikhafa>نش</tajweed>ُورًا <span class=end>١٣</span>","End":"١٣","PageNumber":283,"JuzNumber":15,"ManzilNumber":4,"RukuNumber":241,"MaqraNumber":113,"HizbNumber":29,"HizbDecimal":0.0,"HasSajda":false},{"SurahNumber":17,"SurahIndex":"017","VerseNumber":14,"ShowSurahName":false,"ShowBismillah":false,"Text":"ٱقۡرَأۡ كِتَٰبَكَ كَفَىٰ بِنَفۡسِكَ ٱلۡيَوۡمَ عَلَيۡكَ حَسِيبٗا","TajweedText":"ٱ<tajweed class=qalaqah>قْ</tajweed>رَأْ كِتَ<tajweed class=madda_normal>ـٰ</tajweed>بَكَ كَفَىٰ بِنَفْسِكَ <tajweed class=ham_wasl>ٱ</tajweed>لْيَوْمَ عَلَيْكَ حَسِيبًا <span class=end>١٤</span>","End":"١٤","PageNumber":283,"JuzNumber":15,"ManzilNumber":4,"RukuNumber":241,"MaqraNumber":113,"HizbNumber":29,"HizbDecimal":0.0,"HasSajda":false},{"SurahNumber":17,"SurahIndex":"017","VerseNumber":15,"ShowSurahName":false,"ShowBismillah":false,"Text":"مَّنِ ٱهۡتَدَىٰ فَإِنَّمَا يَهۡتَدِي لِنَفۡسِهِۦۖ وَمَن ضَلَّ فَإِنَّمَا يَضِلُّ عَلَيۡهَاۚ وَلَا تَزِرُ وَازِرَةٞ وِزۡرَ أُخۡرَىٰۗ وَمَا كُنَّا مُعَذِّبِينَ حَتَّىٰ نَبۡعَثَ رَسُولٗا","TajweedText":"مَّنِ <tajweed class=ham_wasl>ٱ</tajweed>هْتَدَىٰ فَإِ<tajweed class=ghunnah>نّ</tajweed>َمَا يَهْتَدِى لِنَفْسِه<tajweed class=madda_normal>ِۦ</tajweed>‌ۖ وَمَ<tajweed class=ikhafa>ن ض</tajweed>َلَّ فَإِ<tajweed class=ghunnah>نّ</tajweed>َمَا يَضِلُّ عَلَيْهَا‌ۚ وَلَا تَزِرُ وَازِرَ<tajweed class=idgham_ghunnah>ةٌ و</tajweed>ِزْرَ أُخْرَىٰ‌ۗ وَمَا كُ<tajweed class=ghunnah>نّ</tajweed>َا مُعَذِّبِينَ حَتَّىٰ نَ<tajweed class=qalaqah>بْ</tajweed>عَثَ رَسُولاً <span class=end>١٥</span>","End":"١٥","PageNumber":283,"JuzNumber":15,"ManzilNumber":4,"RukuNumber":241,"MaqraNumber":113,"HizbNumber":29,"HizbDecimal":0.0,"HasSajda":false},{"SurahNumber":17,"SurahIndex":"017","VerseNumber":16,"ShowSurahName":false,"ShowBismillah":false,"Text":"وَإِذَآ أَرَدۡنَآ أَن نُّهۡلِكَ قَرۡيَةً أَمَرۡنَا مُتۡرَفِيهَا فَفَسَقُواْ فِيهَا فَحَقَّ عَلَيۡهَا ٱلۡقَوۡلُ فَدَمَّرۡنَٰهَا تَدۡمِيرٗا","TajweedText":"وَإِذ<tajweed class=madda_obligatory>َآ</tajweed> أَرَ<tajweed class=qalaqah>دْ</tajweed>ن<tajweed class=madda_obligatory>َآ</tajweed> أ<tajweed class=idgham_ghunnah>َن ن</tajweed>ُّهْلِكَ قَرْيَةً أَمَرْنَا مُتْرَفِيهَا فَفَسَقُو<tajweed class=slnt>اْ</tajweed> فِيهَا فَحَقَّ عَلَيْهَا <tajweed class=ham_wasl>ٱ</tajweed>لْقَوْلُ فَدَ<tajweed class=ghunnah>مّ</tajweed>َرْنَ<tajweed class=madda_normal>ـٰ</tajweed>هَا تَ<tajweed class=qalaqah>دْ</tajweed>مِيرًا <span class=end>١٦</span>","End":"١٦","PageNumber":283,"JuzNumber":15,"ManzilNumber":4,"RukuNumber":241,"MaqraNumber":113,"HizbNumber":29,"HizbDecimal":0.0,"HasSajda":false},{"SurahNumber":17,"SurahIndex":"017","VerseNumber":17,"ShowSurahName":false,"ShowBismillah":false,"Text":"وَكَمۡ أَهۡلَكۡنَا مِنَ ٱلۡقُرُونِ مِنۢ بَعۡدِ نُوحٖۗ وَكَفَىٰ بِرَبِّكَ بِذُنُوبِ عِبَادِهِۦ خَبِيرَۢا بَصِيرٗا","TajweedText":"وَكَمْ أَهْلَكْنَا مِنَ <tajweed class=ham_wasl>ٱ</tajweed>لْقُرُونِ م<tajweed class=iqlab>ِنۢ ب</tajweed>َعْدِ نُو<tajweed class=idgham_ghunnah>حٍ‌ۗ و</tajweed>َكَفَىٰ بِرَبِّكَ بِذُنُوبِ عِبَادِه<tajweed class=madda_normal>ِۦ</tajweed> خَبِير<tajweed class=iqlab>َۢا ب</tajweed>َصِيرًا <span class=end>١٧</span>","End":"١٧","PageNumber":283,"JuzNumber":15,"ManzilNumber":4,"RukuNumber":241,"MaqraNumber":113,"HizbNumber":29,"HizbDecimal":0.0,"HasSajda":false},{"SurahNumber":17,"SurahIndex":"017","VerseNumber":18,"ShowSurahName":false,"ShowBismillah":false,"Text":"مَّن كَانَ يُرِيدُ ٱلۡعَاجِلَةَ عَجَّلۡنَا لَهُۥ فِيهَا مَا نَشَآءُ لِمَن نُّرِيدُ ثُمَّ جَعَلۡنَا لَهُۥ جَهَنَّمَ يَصۡلَىٰهَا مَذۡمُومٗا مَّدۡحُورٗا","TajweedText":"مَّ<tajweed class=ikhafa>ن ك</tajweed>َانَ يُرِيدُ <tajweed class=ham_wasl>ٱ</tajweed>لْعَاجِلَةَ عَجَّلْنَا لَهُ<tajweed class=madda_normal>ۥ</tajweed> فِيهَا مَا نَش<tajweed class=madda_obligatory>َا</tajweed>ٓءُ لِم<tajweed class=idgham_ghunnah>َن ن</tajweed>ُّرِيدُ ثُ<tajweed class=ghunnah>مّ</tajweed>َ جَعَلْنَا لَهُ<tajweed class=madda_normal>ۥ</tajweed> جَهَ<tajweed class=ghunnah>نّ</tajweed>َمَ يَصْلَ<tajweed class=madda_normal>ـٰ</tajweed>هَا مَذْمُو<tajweed class=idgham_ghunnah>مًا م</tajweed>َّ<tajweed class=qalaqah>دْ</tajweed>حُورًا <span class=end>١٨</span>","End":"١٨","PageNumber":284,"JuzNumber":15,"ManzilNumber":4,"RukuNumber":241,"MaqraNumber":113,"HizbNumber":29,"HizbDecimal":0.0,"HasSajda":false},{"SurahNumber":17,"SurahIndex":"017","VerseNumber":19,"ShowSurahName":false,"ShowBismillah":false,"Text":"وَمَنۡ أَرَادَ ٱلۡأٓخِرَةَ وَسَعَىٰ لَهَا سَعۡيَهَا وَهُوَ مُؤۡمِنٞ فَأُوْلَـٰٓئِكَ كَانَ سَعۡيُهُم مَّشۡكُورٗا","TajweedText":"وَمَنْ أَرَادَ <tajweed class=ham_wasl>ٱ</tajweed>لْأَخِرَةَ وَسَعَىٰ لَهَا سَعْيَهَا وَهُوَ مُؤْمِ<tajweed class=ikhafa>نٌ ف</tajweed>َأُ<tajweed class=slnt>وْ</tajweed>لَ<tajweed class=madda_obligatory>ـٰٓ</tajweed>ئِكَ كَانَ سَعْيُه<tajweed class=idgham_shafawi>ُم م</tajweed>َّشْكُورًا <span class=end>١٩</span>","End":"١٩","PageNumber":284,"JuzNumber":15,"ManzilNumber":4,"RukuNumber":241,"MaqraNumber":113,"HizbNumber":29,"HizbDecimal":0.0,"HasSajda":false},{"SurahNumber":17,"SurahIndex":"017","VerseNumber":20,"ShowSurahName":false,"ShowBismillah":false,"Text":"كُلّٗا نُّمِدُّ هَـٰٓؤُلَآءِ وَهَـٰٓؤُلَآءِ مِنۡ عَطَآءِ رَبِّكَۚ وَمَا كَانَ عَطَآءُ رَبِّكَ مَحۡظُورًا","TajweedText":"كُل<tajweed class=idgham_ghunnah>اًّ ن</tajweed>ُّمِدُّ هَ<tajweed class=madda_obligatory>ـٰٓ</tajweed>ؤُل<tajweed class=madda_obligatory>َا</tajweed>ٓءِ وَهَ<tajweed class=madda_obligatory>ـٰٓ</tajweed>ؤُل<tajweed class=madda_obligatory>َا</tajweed>ٓءِ مِنْ عَط<tajweed class=madda_obligatory>َا</tajweed>ٓءِ رَبِّكَ‌ۚ وَمَا كَانَ عَط<tajweed class=madda_obligatory>َا</tajweed>ٓءُ رَبِّكَ مَحْظُورًا <span class=end>٢٠</span>","End":"٢٠","PageNumber":284,"JuzNumber":15,"ManzilNumber":4,"RukuNumber":241,"MaqraNumber":113,"HizbNumber":29,"HizbDecimal":0.0,"HasSajda":false},{"SurahNumber":17,"SurahIndex":"017","VerseNumber":21,"ShowSurahName":false,"ShowBismillah":false,"Text":"ٱنظُرۡ كَيۡفَ فَضَّلۡنَا بَعۡضَهُمۡ عَلَىٰ بَعۡضٖۚ وَلَلۡأٓخِرَةُ أَكۡبَرُ دَرَجَٰتٖ وَأَكۡبَرُ تَفۡضِيلٗا","TajweedText":"ٱ<tajweed class=ikhafa>نظ</tajweed>ُرْ كَيْفَ فَضَّلْنَا بَعْضَهُمْ عَلَىٰ بَعْ<tajweed class=idgham_ghunnah>ضٍ‌ۚ و</tajweed>َلَلْأَخِرَةُ أَكْبَرُ دَرَجَ<tajweed class=madda_normal>ـٰ</tajweed><tajweed class=idgham_ghunnah>تٍ و</tajweed>َأَكْبَرُ تَفْضِيلاً <span class=end>٢١</span>","End":"٢١","PageNumber":284,"JuzNumber":15,"ManzilNumber":4,"RukuNumber":241,"MaqraNumber":113,"HizbNumber":29,"HizbDecimal":0.0,"HasSajda":false},{"SurahNumber":17,"SurahIndex":"017","VerseNumber":22,"ShowSurahName":false,"ShowBismillah":false,"Text":"لَّا تَجۡعَلۡ مَعَ ٱللَّهِ إِلَٰهًا ءَاخَرَ فَتَقۡعُدَ مَذۡمُومٗا مَّخۡذُولٗا","TajweedText":"لَّا تَ<tajweed class=qalaqah>جْ</tajweed>عَلْ مَعَ <tajweed class=ham_wasl>ٱ</tajweed>للَّهِ إِلَ<tajweed class=madda_normal>ـٰ</tajweed>هًا ءَاخَرَ فَتَ<tajweed class=qalaqah>قْ</tajweed>عُدَ مَذْمُو<tajweed class=idgham_ghunnah>مًا م</tajweed>َّخْذُولاً <span class=end>٢٢</span>","End":"٢٢","PageNumber":284,"JuzNumber":15,"ManzilNumber":4,"RukuNumber":241,"MaqraNumber":113,"HizbNumber":29,"HizbDecimal":0.0,"HasSajda":false}]}