{"RukuNumber":463,"Verses":[{"SurahNumber":54,"SurahIndex":"054","VerseNumber":1,"ShowSurahName":true,"ShowBismillah":true,"Text":"ٱقۡتَرَبَتِ ٱلسَّاعَةُ وَٱنشَقَّ ٱلۡقَمَرُ","TajweedText":"ٱ<tajweed class=qalaqah>قْ</tajweed>تَرَبَتِ <tajweed class=ham_wasl>ٱ</tajweed><tajweed class=laam_shamsiyah>ل</tajweed>سَّاعَةُ وَ<tajweed class=ham_wasl>ٱ</tajweed><tajweed class=ikhafa>نش</tajweed>َقَّ <tajweed class=ham_wasl>ٱ</tajweed>لْقَمَرُ <span class=end>١</span>","End":"١","PageNumber":528,"JuzNumber":27,"ManzilNumber":7,"RukuNumber":463,"MaqraNumber":211,"HizbNumber":53,"HizbDecimal":0.5,"HasSajda":false},{"SurahNumber":54,"SurahIndex":"054","VerseNumber":2,"ShowSurahName":false,"ShowBismillah":false,"Text":"وَإِن يَرَوۡاْ ءَايَةٗ يُعۡرِضُواْ وَيَقُولُواْ سِحۡرٞ مُّسۡتَمِرّٞ","TajweedText":"وَإ<tajweed class=idgham_ghunnah>ِن ي</tajweed>َرَوْ<tajweed class=slnt>اْ</tajweed> ءَايَ<tajweed class=idgham_ghunnah>ةً ي</tajweed>ُعْرِضُو<tajweed class=slnt>اْ</tajweed> وَيَقُولُو<tajweed class=slnt>اْ</tajweed> سِحْ<tajweed class=idgham_ghunnah>رٌ م</tajweed>ُّسْتَمِرٌّ <span class=end>٢</span>","End":"٢","PageNumber":528,"JuzNumber":27,"ManzilNumber":7,"RukuNumber":463,"MaqraNumber":211,"HizbNumber":53,"HizbDecimal":0.5,"HasSajda":false},{"SurahNumber":54,"SurahIndex":"054","VerseNumber":3,"ShowSurahName":false,"ShowBismillah":false,"Text":"وَكَذَّبُواْ وَٱتَّبَعُوٓاْ أَهۡوَآءَهُمۡۚ وَكُلُّ أَمۡرٖ مُّسۡتَقِرّٞ","TajweedText":"وَكَذَّبُو<tajweed class=slnt>اْ</tajweed> وَ<tajweed class=ham_wasl>ٱ</tajweed>تَّبَع<tajweed class=madda_obligatory>ُوٓ</tajweed><tajweed class=slnt>اْ</tajweed> أَهْو<tajweed class=madda_obligatory>َا</tajweed>ٓءَهُمْ‌ۚ وَكُلُّ أَمْ<tajweed class=idgham_ghunnah>رٍ م</tajweed>ُّسْتَقِرٌّ <span class=end>٣</span>","End":"٣","PageNumber":528,"JuzNumber":27,"ManzilNumber":7,"RukuNumber":463,"MaqraNumber":211,"HizbNumber":53,"HizbDecimal":0.5,"HasSajda":false},{"SurahNumber":54,"SurahIndex":"054","VerseNumber":4,"ShowSurahName":false,"ShowBismillah":false,"Text":"وَلَقَدۡ جَآءَهُم مِّنَ ٱلۡأَنۢبَآءِ مَا فِيهِ مُزۡدَجَرٌ","TajweedText":"وَلَقَ<tajweed class=qalaqah>دْ</tajweed> ج<tajweed class=madda_obligatory>َا</tajweed>ٓءَه<tajweed class=idgham_shafawi>ُم م</tajweed>ِّنَ <tajweed class=ham_wasl>ٱ</tajweed>لْأَ<tajweed class=iqlab>نۢب</tajweed><tajweed class=madda_obligatory>َا</tajweed>ٓءِ مَا فِيهِ مُزْدَجَرٌ <span class=end>٤</span>","End":"٤","PageNumber":528,"JuzNumber":27,"ManzilNumber":7,"RukuNumber":463,"MaqraNumber":211,"HizbNumber":53,"HizbDecimal":0.5,"HasSajda":false},{"SurahNumber":54,"SurahIndex":"054","VerseNumber":5,"ShowSurahName":false,"ShowBismillah":false,"Text":"حِكۡمَةُۢ بَٰلِغَةٞۖ فَمَا تُغۡنِ ٱلنُّذُرُ","TajweedText":"حِكْمَ<tajweed class=iqlab>ةُۢ ب</tajweed>َ<tajweed class=madda_normal>ـٰ</tajweed>لِغَ<tajweed class=ikhafa>ةٌ‌ۖ ف</tajweed>َمَا تُغْنِ <tajweed class=ham_wasl>ٱ</tajweed><tajweed class=laam_shamsiyah>ل</tajweed><tajweed class=ghunnah>نّ</tajweed>ُذُرُ <span class=end>٥</span>","End":"٥","PageNumber":528,"JuzNumber":27,"ManzilNumber":7,"RukuNumber":463,"MaqraNumber":211,"HizbNumber":53,"HizbDecimal":0.5,"HasSajda":false},{"SurahNumber":54,"SurahIndex":"054","VerseNumber":6,"ShowSurahName":false,"ShowBismillah":false,"Text":"فَتَوَلَّ عَنۡهُمۡۘ يَوۡمَ يَدۡعُ ٱلدَّاعِ إِلَىٰ شَيۡءٖ نُّكُرٍ","TajweedText":"فَتَوَلَّ عَنْهُمْ‌ۘ يَوْمَ يَ<tajweed class=qalaqah>دْ</tajweed>عُ <tajweed class=ham_wasl>ٱ</tajweed><tajweed class=laam_shamsiyah>ل</tajweed>دَّاعِ إِلَىٰ ش<tajweed class=idgham_ghunnah>َىْءٍ ن</tajweed>ُّكُرٍ <span class=end>٦</span>","End":"٦","PageNumber":528,"JuzNumber":27,"ManzilNumber":7,"RukuNumber":463,"MaqraNumber":211,"HizbNumber":53,"HizbDecimal":0.5,"HasSajda":false},{"SurahNumber":54,"SurahIndex":"054","VerseNumber":7,"ShowSurahName":false,"ShowBismillah":false,"Text":"خُشَّعًا أَبۡصَٰرُهُمۡ يَخۡرُجُونَ مِنَ ٱلۡأَجۡدَاثِ كَأَنَّهُمۡ جَرَادٞ مُّنتَشِرٞ","TajweedText":"خُشَّعًا أَ<tajweed class=qalaqah>بْ</tajweed>صَ<tajweed class=madda_normal>ـٰ</tajweed>رُهُمْ يَخْرُجُونَ مِنَ <tajweed class=ham_wasl>ٱ</tajweed>لْأَ<tajweed class=qalaqah>جْ</tajweed>دَاثِ كَأَ<tajweed class=ghunnah>نّ</tajweed>َهُمْ جَرَا<tajweed class=idgham_ghunnah>دٌ م</tajweed>ُّ<tajweed class=ikhafa>نت</tajweed>َشِرٌ <span class=end>٧</span>","End":"٧","PageNumber":529,"JuzNumber":27,"ManzilNumber":7,"RukuNumber":463,"MaqraNumber":211,"HizbNumber":53,"HizbDecimal":0.5,"HasSajda":false},{"SurahNumber":54,"SurahIndex":"054","VerseNumber":8,"ShowSurahName":false,"ShowBismillah":false,"Text":"مُّهۡطِعِينَ إِلَى ٱلدَّاعِۖ يَقُولُ ٱلۡكَٰفِرُونَ هَٰذَا يَوۡمٌ عَسِرٞ","TajweedText":"مُّهْطِعِينَ إِلَى <tajweed class=ham_wasl>ٱ</tajweed><tajweed class=laam_shamsiyah>ل</tajweed>دَّاعِ‌ۖ يَقُولُ <tajweed class=ham_wasl>ٱ</tajweed>لْكَ<tajweed class=madda_normal>ـٰ</tajweed>فِرُونَ هَ<tajweed class=madda_normal>ـٰ</tajweed>ذَا يَوْمٌ عَسِرٌ <span class=end>٨</span>","End":"٨","PageNumber":529,"JuzNumber":27,"ManzilNumber":7,"RukuNumber":463,"MaqraNumber":211,"HizbNumber":53,"HizbDecimal":0.5,"HasSajda":false},{"SurahNumber":54,"SurahIndex":"054","VerseNumber":9,"ShowSurahName":false,"ShowBismillah":false,"Text":"۞كَذَّبَتۡ قَبۡلَهُمۡ قَوۡمُ نُوحٖ فَكَذَّبُواْ عَبۡدَنَا وَقَالُواْ مَجۡنُونٞ وَٱزۡدُجِرَ","TajweedText":"۞ كَذَّبَتْ قَ<tajweed class=qalaqah>بْ</tajweed>لَهُمْ قَوْمُ نُو<tajweed class=ikhafa>حٍ ف</tajweed>َكَذَّبُو<tajweed class=slnt>اْ</tajweed> عَ<tajweed class=qalaqah>بْ</tajweed>دَنَا وَقَالُو<tajweed class=slnt>اْ</tajweed> مَ<tajweed class=qalaqah>جْ</tajweed>نُو<tajweed class=idgham_ghunnah>نٌ و</tajweed>َ<tajweed class=ham_wasl>ٱ</tajweed>زْدُجِرَ <span class=end>٩</span>","End":"٩","PageNumber":529,"JuzNumber":27,"ManzilNumber":7,"RukuNumber":463,"MaqraNumber":212,"HizbNumber":53,"HizbDecimal":0.75,"HasSajda":false},{"SurahNumber":54,"SurahIndex":"054","VerseNumber":10,"ShowSurahName":false,"ShowBismillah":false,"Text":"فَدَعَا رَبَّهُۥٓ أَنِّي مَغۡلُوبٞ فَٱنتَصِرۡ","TajweedText":"فَدَعَا رَبَّهُ<tajweed class=madda_obligatory>ۥٓ</tajweed> أَ<tajweed class=ghunnah>نّ</tajweed>ِى مَغْلُو<tajweed class=ikhafa>بٌ ف</tajweed>َ<tajweed class=ham_wasl>ٱ</tajweed><tajweed class=ikhafa>نت</tajweed>َصِرْ <span class=end>١٠</span>","End":"١٠","PageNumber":529,"JuzNumber":27,"ManzilNumber":7,"RukuNumber":463,"MaqraNumber":212,"HizbNumber":53,"HizbDecimal":0.75,"HasSajda":false},{"SurahNumber":54,"SurahIndex":"054","VerseNumber":11,"ShowSurahName":false,"ShowBismillah":false,"Text":"فَفَتَحۡنَآ أَبۡوَٰبَ ٱلسَّمَآءِ بِمَآءٖ مُّنۡهَمِرٖ","TajweedText":"فَفَتَحْن<tajweed class=madda_obligatory>َآ</tajweed> أَ<tajweed class=qalaqah>بْ</tajweed>و<tajweed class=madda_normal>َٲ</tajweed>بَ <tajweed class=ham_wasl>ٱ</tajweed><tajweed class=laam_shamsiyah>ل</tajweed>سَّم<tajweed class=madda_obligatory>َا</tajweed>ٓءِ بِم<tajweed class=madda_obligatory>َا</tajweed>ٓ<tajweed class=idgham_ghunnah>ءٍ م</tajweed>ُّنْهَمِرٍ <span class=end>١١</span>","End":"١١","PageNumber":529,"JuzNumber":27,"ManzilNumber":7,"RukuNumber":463,"MaqraNumber":212,"HizbNumber":53,"HizbDecimal":0.75,"HasSajda":false},{"SurahNumber":54,"SurahIndex":"054","VerseNumber":12,"ShowSurahName":false,"ShowBismillah":false,"Text":"وَفَجَّرۡنَا ٱلۡأَرۡضَ عُيُونٗا فَٱلۡتَقَى ٱلۡمَآءُ عَلَىٰٓ أَمۡرٖ قَدۡ قُدِرَ","TajweedText":"وَفَجَّرْنَا <tajweed class=ham_wasl>ٱ</tajweed>لْأَرْضَ عُيُو<tajweed class=ikhafa>نًا ف</tajweed>َ<tajweed class=ham_wasl>ٱ</tajweed>لْتَقَى <tajweed class=ham_wasl>ٱ</tajweed>لْم<tajweed class=madda_obligatory>َا</tajweed>ٓءُ عَلَ<tajweed class=madda_obligatory>ىٰٓ</tajweed> أَمْ<tajweed class=ikhafa>رٍ ق</tajweed>َ<tajweed class=qalaqah>دْ</tajweed> قُدِرَ <span class=end>١٢</span>","End":"١٢","PageNumber":529,"JuzNumber":27,"ManzilNumber":7,"RukuNumber":463,"MaqraNumber":212,"HizbNumber":53,"HizbDecimal":0.75,"HasSajda":false},{"SurahNumber":54,"SurahIndex":"054","VerseNumber":13,"ShowSurahName":false,"ShowBismillah":false,"Text":"وَحَمَلۡنَٰهُ عَلَىٰ ذَاتِ أَلۡوَٰحٖ وَدُسُرٖ","TajweedText":"وَحَمَلْنَ<tajweed class=madda_normal>ـٰ</tajweed>هُ عَلَىٰ ذَاتِ أَلْو<tajweed class=madda_normal>َٲ</tajweed><tajweed class=idgham_ghunnah>حٍ و</tajweed>َدُسُرٍ <span class=end>١٣</span>","End":"١٣","PageNumber":529,"JuzNumber":27,"ManzilNumber":7,"RukuNumber":463,"MaqraNumber":212,"HizbNumber":53,"HizbDecimal":0.75,"HasSajda":false},{"SurahNumber":54,"SurahIndex":"054","VerseNumber":14,"ShowSurahName":false,"ShowBismillah":false,"Text":"تَجۡرِي بِأَعۡيُنِنَا جَزَآءٗ لِّمَن كَانَ كُفِرَ","TajweedText":"تَ<tajweed class=qalaqah>جْ</tajweed>رِى بِأَعْيُنِنَا جَز<tajweed class=madda_obligatory>َا</tajweed>ٓ<tajweed class=idgham_wo_ghunnah>ءً ل</tajweed>ِّمَ<tajweed class=ikhafa>ن ك</tajweed>َانَ كُفِرَ <span class=end>١٤</span>","End":"١٤","PageNumber":529,"JuzNumber":27,"ManzilNumber":7,"RukuNumber":463,"MaqraNumber":212,"HizbNumber":53,"HizbDecimal":0.75,"HasSajda":false},{"SurahNumber":54,"SurahIndex":"054","VerseNumber":15,"ShowSurahName":false,"ShowBismillah":false,"Text":"وَلَقَد تَّرَكۡنَٰهَآ ءَايَةٗ فَهَلۡ مِن مُّدَّكِرٖ","TajweedText":"وَلَقَ<tajweed class=idgham_mutajanisayn>د</tajweed> تَّرَكْنَ<tajweed class=madda_normal>ـٰ</tajweed>ه<tajweed class=madda_obligatory>َآ</tajweed> ءَايَ<tajweed class=ikhafa>ةً ف</tajweed>َهَلْ م<tajweed class=idgham_ghunnah>ِن م</tajweed>ُّدَّكِرٍ <span class=end>١٥</span>","End":"١٥","PageNumber":529,"JuzNumber":27,"ManzilNumber":7,"RukuNumber":463,"MaqraNumber":212,"HizbNumber":53,"HizbDecimal":0.75,"HasSajda":false},{"SurahNumber":54,"SurahIndex":"054","VerseNumber":16,"ShowSurahName":false,"ShowBismillah":false,"Text":"فَكَيۡفَ كَانَ عَذَابِي وَنُذُرِ","TajweedText":"فَكَيْفَ كَانَ عَذَابِى وَنُذُرِ <span class=end>١٦</span>","End":"١٦","PageNumber":529,"JuzNumber":27,"ManzilNumber":7,"RukuNumber":463,"MaqraNumber":212,"HizbNumber":53,"HizbDecimal":0.75,"HasSajda":false},{"SurahNumber":54,"SurahIndex":"054","VerseNumber":17,"ShowSurahName":false,"ShowBismillah":false,"Text":"وَلَقَدۡ يَسَّرۡنَا ٱلۡقُرۡءَانَ لِلذِّكۡرِ فَهَلۡ مِن مُّدَّكِرٖ","TajweedText":"وَلَقَ<tajweed class=qalaqah>دْ</tajweed> يَسَّرْنَا <tajweed class=ham_wasl>ٱ</tajweed>لْقُرْءَانَ لِلذِّكْرِ فَهَلْ م<tajweed class=idgham_ghunnah>ِن م</tajweed>ُّدَّكِرٍ <span class=end>١٧</span>","End":"١٧","PageNumber":529,"JuzNumber":27,"ManzilNumber":7,"RukuNumber":463,"MaqraNumber":212,"HizbNumber":53,"HizbDecimal":0.75,"HasSajda":false},{"SurahNumber":54,"SurahIndex":"054","VerseNumber":18,"ShowSurahName":false,"ShowBismillah":false,"Text":"كَذَّبَتۡ عَادٞ فَكَيۡفَ كَانَ عَذَابِي وَنُذُرِ","TajweedText":"كَذَّبَتْ عَا<tajweed class=ikhafa>دٌ ف</tajweed>َكَيْفَ كَانَ عَذَابِى وَنُذُرِ <span class=end>١٨</span>","End":"١٨","PageNumber":529,"JuzNumber":27,"ManzilNumber":7,"RukuNumber":463,"MaqraNumber":212,"HizbNumber":53,"HizbDecimal":0.75,"HasSajda":false},{"SurahNumber":54,"SurahIndex":"054","VerseNumber":19,"ShowSurahName":false,"ShowBismillah":false,"Text":"إِنَّآ أَرۡسَلۡنَا عَلَيۡهِمۡ رِيحٗا صَرۡصَرٗا فِي يَوۡمِ نَحۡسٖ مُّسۡتَمِرّٖ","TajweedText":"إِ<tajweed class=ghunnah>نّ</tajweed><tajweed class=madda_obligatory>َآ</tajweed> أَرْسَلْنَا عَلَيْهِمْ رِي<tajweed class=ikhafa>حًا ص</tajweed>َرْصَ<tajweed class=ikhafa>رًا ف</tajweed>ِى يَوْمِ نَحْ<tajweed class=idgham_ghunnah>سٍ م</tajweed>ُّسْتَمِرٍّ <span class=end>١٩</span>","End":"١٩","PageNumber":529,"JuzNumber":27,"ManzilNumber":7,"RukuNumber":463,"MaqraNumber":212,"HizbNumber":53,"HizbDecimal":0.75,"HasSajda":false},{"SurahNumber":54,"SurahIndex":"054","VerseNumber":20,"ShowSurahName":false,"ShowBismillah":false,"Text":"تَنزِعُ ٱلنَّاسَ كَأَنَّهُمۡ أَعۡجَازُ نَخۡلٖ مُّنقَعِرٖ","TajweedText":"تَ<tajweed class=ikhafa>نز</tajweed>ِعُ <tajweed class=ham_wasl>ٱ</tajweed><tajweed class=laam_shamsiyah>ل</tajweed><tajweed class=ghunnah>نّ</tajweed>َاسَ كَأَ<tajweed class=ghunnah>نّ</tajweed>َهُمْ أَعْجَازُ نَخْ<tajweed class=idgham_ghunnah>لٍ م</tajweed>ُّ<tajweed class=ikhafa>نق</tajweed>َعِرٍ <span class=end>٢٠</span>","End":"٢٠","PageNumber":529,"JuzNumber":27,"ManzilNumber":7,"RukuNumber":463,"MaqraNumber":212,"HizbNumber":53,"HizbDecimal":0.75,"HasSajda":false},{"SurahNumber":54,"SurahIndex":"054","VerseNumber":21,"ShowSurahName":false,"ShowBismillah":false,"Text":"فَكَيۡفَ كَانَ عَذَابِي وَنُذُرِ","TajweedText":"فَكَيْفَ كَانَ عَذَابِى وَنُذُرِ <span class=end>٢١</span>","End":"٢١","PageNumber":529,"JuzNumber":27,"ManzilNumber":7,"RukuNumber":463,"MaqraNumber":212,"HizbNumber":53,"HizbDecimal":0.75,"HasSajda":false},{"SurahNumber":54,"SurahIndex":"054","VerseNumber":22,"ShowSurahName":false,"ShowBismillah":false,"Text":"وَلَقَدۡ يَسَّرۡنَا ٱلۡقُرۡءَانَ لِلذِّكۡرِ فَهَلۡ مِن مُّدَّكِرٖ","TajweedText":"وَلَقَ<tajweed class=qalaqah>دْ</tajweed> يَسَّرْنَا <tajweed class=ham_wasl>ٱ</tajweed>لْقُرْءَانَ لِلذِّكْرِ فَهَلْ م<tajweed class=idgham_ghunnah>ِن م</tajweed>ُّدَّكِرٍ <span class=end>٢٢</span>","End":"٢٢","PageNumber":529,"JuzNumber":27,"ManzilNumber":7,"RukuNumber":463,"MaqraNumber":212,"HizbNumber":53,"HizbDecimal":0.75,"HasSajda":false}]}