{"RukuNumber":523,"Verses":[{"SurahNumber":81,"SurahIndex":"081","VerseNumber":1,"ShowSurahName":true,"ShowBismillah":true,"Text":"إِذَا ٱلشَّمۡسُ كُوِّرَتۡ","TajweedText":"إِذَا <tajweed class=ham_wasl>ٱ</tajweed><tajweed class=laam_shamsiyah>ل</tajweed>شَّمْسُ كُوِّرَتْ <span class=end>١</span>","End":"١","PageNumber":586,"JuzNumber":30,"ManzilNumber":7,"RukuNumber":523,"MaqraNumber":234,"HizbNumber":59,"HizbDecimal":0.25,"HasSajda":false},{"SurahNumber":81,"SurahIndex":"081","VerseNumber":2,"ShowSurahName":false,"ShowBismillah":false,"Text":"وَإِذَا ٱلنُّجُومُ ٱنكَدَرَتۡ","TajweedText":"وَإِذَا <tajweed class=ham_wasl>ٱ</tajweed><tajweed class=laam_shamsiyah>ل</tajweed><tajweed class=ghunnah>نّ</tajweed>ُجُومُ <tajweed class=ham_wasl>ٱ</tajweed><tajweed class=ikhafa>نك</tajweed>َدَرَتْ <span class=end>٢</span>","End":"٢","PageNumber":586,"JuzNumber":30,"ManzilNumber":7,"RukuNumber":523,"MaqraNumber":234,"HizbNumber":59,"HizbDecimal":0.25,"HasSajda":false},{"SurahNumber":81,"SurahIndex":"081","VerseNumber":3,"ShowSurahName":false,"ShowBismillah":false,"Text":"وَإِذَا ٱلۡجِبَالُ سُيِّرَتۡ","TajweedText":"وَإِذَا <tajweed class=ham_wasl>ٱ</tajweed>لْجِبَالُ سُيِّرَتْ <span class=end>٣</span>","End":"٣","PageNumber":586,"JuzNumber":30,"ManzilNumber":7,"RukuNumber":523,"MaqraNumber":234,"HizbNumber":59,"HizbDecimal":0.25,"HasSajda":false},{"SurahNumber":81,"SurahIndex":"081","VerseNumber":4,"ShowSurahName":false,"ShowBismillah":false,"Text":"وَإِذَا ٱلۡعِشَارُ عُطِّلَتۡ","TajweedText":"وَإِذَا <tajweed class=ham_wasl>ٱ</tajweed>لْعِشَارُ عُطِّلَتْ <span class=end>٤</span>","End":"٤","PageNumber":586,"JuzNumber":30,"ManzilNumber":7,"RukuNumber":523,"MaqraNumber":234,"HizbNumber":59,"HizbDecimal":0.25,"HasSajda":false},{"SurahNumber":81,"SurahIndex":"081","VerseNumber":5,"ShowSurahName":false,"ShowBismillah":false,"Text":"وَإِذَا ٱلۡوُحُوشُ حُشِرَتۡ","TajweedText":"وَإِذَا <tajweed class=ham_wasl>ٱ</tajweed>لْوُحُوشُ حُشِرَتْ <span class=end>٥</span>","End":"٥","PageNumber":586,"JuzNumber":30,"ManzilNumber":7,"RukuNumber":523,"MaqraNumber":234,"HizbNumber":59,"HizbDecimal":0.25,"HasSajda":false},{"SurahNumber":81,"SurahIndex":"081","VerseNumber":6,"ShowSurahName":false,"ShowBismillah":false,"Text":"وَإِذَا ٱلۡبِحَارُ سُجِّرَتۡ","TajweedText":"وَإِذَا <tajweed class=ham_wasl>ٱ</tajweed>لْبِحَارُ سُجِّرَتْ <span class=end>٦</span>","End":"٦","PageNumber":586,"JuzNumber":30,"ManzilNumber":7,"RukuNumber":523,"MaqraNumber":234,"HizbNumber":59,"HizbDecimal":0.25,"HasSajda":false},{"SurahNumber":81,"SurahIndex":"081","VerseNumber":7,"ShowSurahName":false,"ShowBismillah":false,"Text":"وَإِذَا ٱلنُّفُوسُ زُوِّجَتۡ","TajweedText":"وَإِذَا <tajweed class=ham_wasl>ٱ</tajweed><tajweed class=laam_shamsiyah>ل</tajweed><tajweed class=ghunnah>نّ</tajweed>ُفُوسُ زُوِّجَتْ <span class=end>٧</span>","End":"٧","PageNumber":586,"JuzNumber":30,"ManzilNumber":7,"RukuNumber":523,"MaqraNumber":234,"HizbNumber":59,"HizbDecimal":0.25,"HasSajda":false},{"SurahNumber":81,"SurahIndex":"081","VerseNumber":8,"ShowSurahName":false,"ShowBismillah":false,"Text":"وَإِذَا ٱلۡمَوۡءُۥدَةُ سُئِلَتۡ","TajweedText":"وَإِذَا <tajweed class=ham_wasl>ٱ</tajweed>لْمَوْءُ<tajweed class=madda_normal>ۥ</tajweed>دَةُ سُئِلَتْ <span class=end>٨</span>","End":"٨","PageNumber":586,"JuzNumber":30,"ManzilNumber":7,"RukuNumber":523,"MaqraNumber":234,"HizbNumber":59,"HizbDecimal":0.25,"HasSajda":false},{"SurahNumber":81,"SurahIndex":"081","VerseNumber":9,"ShowSurahName":false,"ShowBismillah":false,"Text":"بِأَيِّ ذَنۢبٖ قُتِلَتۡ","TajweedText":"بِأَىِّ ذَ<tajweed class=iqlab>نۢب</tajweed><tajweed class=ikhafa>ٍ ق</tajweed>ُتِلَتْ <span class=end>٩</span>","End":"٩","PageNumber":586,"JuzNumber":30,"ManzilNumber":7,"RukuNumber":523,"MaqraNumber":234,"HizbNumber":59,"HizbDecimal":0.25,"HasSajda":false},{"SurahNumber":81,"SurahIndex":"081","VerseNumber":10,"ShowSurahName":false,"ShowBismillah":false,"Text":"وَإِذَا ٱلصُّحُفُ نُشِرَتۡ","TajweedText":"وَإِذَا <tajweed class=ham_wasl>ٱ</tajweed><tajweed class=laam_shamsiyah>ل</tajweed>صُّحُفُ نُشِرَتْ <span class=end>١٠</span>","End":"١٠","PageNumber":586,"JuzNumber":30,"ManzilNumber":7,"RukuNumber":523,"MaqraNumber":234,"HizbNumber":59,"HizbDecimal":0.25,"HasSajda":false},{"SurahNumber":81,"SurahIndex":"081","VerseNumber":11,"ShowSurahName":false,"ShowBismillah":false,"Text":"وَإِذَا ٱلسَّمَآءُ كُشِطَتۡ","TajweedText":"وَإِذَا <tajweed class=ham_wasl>ٱ</tajweed><tajweed class=laam_shamsiyah>ل</tajweed>سَّم<tajweed class=madda_obligatory>َا</tajweed>ٓءُ كُشِطَتْ <span class=end>١١</span>","End":"١١","PageNumber":586,"JuzNumber":30,"ManzilNumber":7,"RukuNumber":523,"MaqraNumber":234,"HizbNumber":59,"HizbDecimal":0.25,"HasSajda":false},{"SurahNumber":81,"SurahIndex":"081","VerseNumber":12,"ShowSurahName":false,"ShowBismillah":false,"Text":"وَإِذَا ٱلۡجَحِيمُ سُعِّرَتۡ","TajweedText":"وَإِذَا <tajweed class=ham_wasl>ٱ</tajweed>لْجَحِيمُ سُعِّرَتْ <span class=end>١٢</span>","End":"١٢","PageNumber":586,"JuzNumber":30,"ManzilNumber":7,"RukuNumber":523,"MaqraNumber":234,"HizbNumber":59,"HizbDecimal":0.25,"HasSajda":false},{"SurahNumber":81,"SurahIndex":"081","VerseNumber":13,"ShowSurahName":false,"ShowBismillah":false,"Text":"وَإِذَا ٱلۡجَنَّةُ أُزۡلِفَتۡ","TajweedText":"وَإِذَا <tajweed class=ham_wasl>ٱ</tajweed>لْجَ<tajweed class=ghunnah>نّ</tajweed>َةُ أُزْلِفَتْ <span class=end>١٣</span>","End":"١٣","PageNumber":586,"JuzNumber":30,"ManzilNumber":7,"RukuNumber":523,"MaqraNumber":234,"HizbNumber":59,"HizbDecimal":0.25,"HasSajda":false},{"SurahNumber":81,"SurahIndex":"081","VerseNumber":14,"ShowSurahName":false,"ShowBismillah":false,"Text":"عَلِمَتۡ نَفۡسٞ مَّآ أَحۡضَرَتۡ","TajweedText":"عَلِمَتْ نَفْ<tajweed class=idgham_ghunnah>سٌ م</tajweed>ّ<tajweed class=madda_obligatory>َآ</tajweed> أَحْضَرَتْ <span class=end>١٤</span>","End":"١٤","PageNumber":586,"JuzNumber":30,"ManzilNumber":7,"RukuNumber":523,"MaqraNumber":234,"HizbNumber":59,"HizbDecimal":0.25,"HasSajda":false},{"SurahNumber":81,"SurahIndex":"081","VerseNumber":15,"ShowSurahName":false,"ShowBismillah":false,"Text":"فَلَآ أُقۡسِمُ بِٱلۡخُنَّسِ","TajweedText":"فَل<tajweed class=madda_obligatory>َآ</tajweed> أُ<tajweed class=qalaqah>قْ</tajweed>سِمُ بِ<tajweed class=ham_wasl>ٱ</tajweed>لْخُ<tajweed class=ghunnah>نّ</tajweed>َسِ <span class=end>١٥</span>","End":"١٥","PageNumber":586,"JuzNumber":30,"ManzilNumber":7,"RukuNumber":523,"MaqraNumber":234,"HizbNumber":59,"HizbDecimal":0.25,"HasSajda":false},{"SurahNumber":81,"SurahIndex":"081","VerseNumber":16,"ShowSurahName":false,"ShowBismillah":false,"Text":"ٱلۡجَوَارِ ٱلۡكُنَّسِ","TajweedText":"ٱلْجَوَارِ <tajweed class=ham_wasl>ٱ</tajweed>لْكُ<tajweed class=ghunnah>نّ</tajweed>َسِ <span class=end>١٦</span>","End":"١٦","PageNumber":586,"JuzNumber":30,"ManzilNumber":7,"RukuNumber":523,"MaqraNumber":234,"HizbNumber":59,"HizbDecimal":0.25,"HasSajda":false},{"SurahNumber":81,"SurahIndex":"081","VerseNumber":17,"ShowSurahName":false,"ShowBismillah":false,"Text":"وَٱلَّيۡلِ إِذَا عَسۡعَسَ","TajweedText":"وَ<tajweed class=ham_wasl>ٱ</tajweed>لَّيْلِ إِذَا عَسْعَسَ <span class=end>١٧</span>","End":"١٧","PageNumber":586,"JuzNumber":30,"ManzilNumber":7,"RukuNumber":523,"MaqraNumber":234,"HizbNumber":59,"HizbDecimal":0.25,"HasSajda":false},{"SurahNumber":81,"SurahIndex":"081","VerseNumber":18,"ShowSurahName":false,"ShowBismillah":false,"Text":"وَٱلصُّبۡحِ إِذَا تَنَفَّسَ","TajweedText":"وَ<tajweed class=ham_wasl>ٱ</tajweed><tajweed class=laam_shamsiyah>ل</tajweed>صُّ<tajweed class=qalaqah>بْ</tajweed>حِ إِذَا تَنَفَّسَ <span class=end>١٨</span>","End":"١٨","PageNumber":586,"JuzNumber":30,"ManzilNumber":7,"RukuNumber":523,"MaqraNumber":234,"HizbNumber":59,"HizbDecimal":0.25,"HasSajda":false},{"SurahNumber":81,"SurahIndex":"081","VerseNumber":19,"ShowSurahName":false,"ShowBismillah":false,"Text":"إِنَّهُۥ لَقَوۡلُ رَسُولٖ كَرِيمٖ","TajweedText":"إِ<tajweed class=ghunnah>نّ</tajweed>َهُ<tajweed class=madda_normal>ۥ</tajweed> لَقَوْلُ رَسُو<tajweed class=ikhafa>لٍ ك</tajweed>َر<tajweed class=madda_permissible>ِي</tajweed>مٍ <span class=end>١٩</span>","End":"١٩","PageNumber":586,"JuzNumber":30,"ManzilNumber":7,"RukuNumber":523,"MaqraNumber":234,"HizbNumber":59,"HizbDecimal":0.25,"HasSajda":false},{"SurahNumber":81,"SurahIndex":"081","VerseNumber":20,"ShowSurahName":false,"ShowBismillah":false,"Text":"ذِي قُوَّةٍ عِندَ ذِي ٱلۡعَرۡشِ مَكِينٖ","TajweedText":"ذِى قُوَّةٍ عِ<tajweed class=ikhafa>ند</tajweed>َ ذِى <tajweed class=ham_wasl>ٱ</tajweed>لْعَرْشِ مَك<tajweed class=madda_permissible>ِي</tajweed>نٍ <span class=end>٢٠</span>","End":"٢٠","PageNumber":586,"JuzNumber":30,"ManzilNumber":7,"RukuNumber":523,"MaqraNumber":234,"HizbNumber":59,"HizbDecimal":0.25,"HasSajda":false},{"SurahNumber":81,"SurahIndex":"081","VerseNumber":21,"ShowSurahName":false,"ShowBismillah":false,"Text":"مُّطَاعٖ ثَمَّ أَمِينٖ","TajweedText":"مُّطَا<tajweed class=ikhafa>عٍ ث</tajweed>َ<tajweed class=ghunnah>مّ</tajweed>َ أَم<tajweed class=madda_permissible>ِي</tajweed>نٍ <span class=end>٢١</span>","End":"٢١","PageNumber":586,"JuzNumber":30,"ManzilNumber":7,"RukuNumber":523,"MaqraNumber":234,"HizbNumber":59,"HizbDecimal":0.25,"HasSajda":false},{"SurahNumber":81,"SurahIndex":"081","VerseNumber":22,"ShowSurahName":false,"ShowBismillah":false,"Text":"وَمَا صَاحِبُكُم بِمَجۡنُونٖ","TajweedText":"وَمَا صَاحِبُك<tajweed class=ikhafa_shafawi>ُم ب</tajweed>ِمَ<tajweed class=qalaqah>جْ</tajweed>ن<tajweed class=madda_permissible>ُو</tajweed>نٍ <span class=end>٢٢</span>","End":"٢٢","PageNumber":586,"JuzNumber":30,"ManzilNumber":7,"RukuNumber":523,"MaqraNumber":234,"HizbNumber":59,"HizbDecimal":0.25,"HasSajda":false},{"SurahNumber":81,"SurahIndex":"081","VerseNumber":23,"ShowSurahName":false,"ShowBismillah":false,"Text":"وَلَقَدۡ رَءَاهُ بِٱلۡأُفُقِ ٱلۡمُبِينِ","TajweedText":"وَلَقَ<tajweed class=qalaqah>دْ</tajweed> رَءَاهُ بِ<tajweed class=ham_wasl>ٱ</tajweed>لْأُفُقِ <tajweed class=ham_wasl>ٱ</tajweed>لْمُب<tajweed class=madda_permissible>ِي</tajweed>نِ <span class=end>٢٣</span>","End":"٢٣","PageNumber":586,"JuzNumber":30,"ManzilNumber":7,"RukuNumber":523,"MaqraNumber":234,"HizbNumber":59,"HizbDecimal":0.25,"HasSajda":false},{"SurahNumber":81,"SurahIndex":"081","VerseNumber":24,"ShowSurahName":false,"ShowBismillah":false,"Text":"وَمَا هُوَ عَلَى ٱلۡغَيۡبِ بِضَنِينٖ","TajweedText":"وَمَا هُوَ عَلَى <tajweed class=ham_wasl>ٱ</tajweed>لْغَيْبِ بِضَن<tajweed class=madda_permissible>ِي</tajweed>نٍ <span class=end>٢٤</span>","End":"٢٤","PageNumber":586,"JuzNumber":30,"ManzilNumber":7,"RukuNumber":523,"MaqraNumber":234,"HizbNumber":59,"HizbDecimal":0.25,"HasSajda":false},{"SurahNumber":81,"SurahIndex":"081","VerseNumber":25,"ShowSurahName":false,"ShowBismillah":false,"Text":"وَمَا هُوَ بِقَوۡلِ شَيۡطَٰنٖ رَّجِيمٖ","TajweedText":"وَمَا هُوَ بِقَوْلِ شَيْطَ<tajweed class=madda_normal>ـٰ</tajweed><tajweed class=idgham_wo_ghunnah>نٍ ر</tajweed>َّج<tajweed class=madda_permissible>ِي</tajweed>مٍ <span class=end>٢٥</span>","End":"٢٥","PageNumber":586,"JuzNumber":30,"ManzilNumber":7,"RukuNumber":523,"MaqraNumber":234,"HizbNumber":59,"HizbDecimal":0.25,"HasSajda":false},{"SurahNumber":81,"SurahIndex":"081","VerseNumber":26,"ShowSurahName":false,"ShowBismillah":false,"Text":"فَأَيۡنَ تَذۡهَبُونَ","TajweedText":"فَأَيْنَ تَذْهَب<tajweed class=madda_permissible>ُو</tajweed>نَ <span class=end>٢٦</span>","End":"٢٦","PageNumber":586,"JuzNumber":30,"ManzilNumber":7,"RukuNumber":523,"MaqraNumber":234,"HizbNumber":59,"HizbDecimal":0.25,"HasSajda":false},{"SurahNumber":81,"SurahIndex":"081","VerseNumber":27,"ShowSurahName":false,"ShowBismillah":false,"Text":"إِنۡ هُوَ إِلَّا ذِكۡرٞ لِّلۡعَٰلَمِينَ","TajweedText":"إِنْ هُوَ إِلَّا ذِكْ<tajweed class=idgham_wo_ghunnah>رٌ ل</tajweed>ِّلْعَ<tajweed class=madda_normal>ـٰ</tajweed>لَم<tajweed class=madda_permissible>ِي</tajweed>نَ <span class=end>٢٧</span>","End":"٢٧","PageNumber":586,"JuzNumber":30,"ManzilNumber":7,"RukuNumber":523,"MaqraNumber":234,"HizbNumber":59,"HizbDecimal":0.25,"HasSajda":false},{"SurahNumber":81,"SurahIndex":"081","VerseNumber":28,"ShowSurahName":false,"ShowBismillah":false,"Text":"لِمَن شَآءَ مِنكُمۡ أَن يَسۡتَقِيمَ","TajweedText":"لِمَ<tajweed class=ikhafa>ن ش</tajweed><tajweed class=madda_obligatory>َا</tajweed>ٓءَ مِ<tajweed class=ikhafa>نك</tajweed>ُمْ أ<tajweed class=idgham_ghunnah>َن ي</tajweed>َسْتَق<tajweed class=madda_permissible>ِي</tajweed>مَ <span class=end>٢٨</span>","End":"٢٨","PageNumber":586,"JuzNumber":30,"ManzilNumber":7,"RukuNumber":523,"MaqraNumber":234,"HizbNumber":59,"HizbDecimal":0.25,"HasSajda":false},{"SurahNumber":81,"SurahIndex":"081","VerseNumber":29,"ShowSurahName":false,"ShowBismillah":false,"Text":"وَمَا تَشَآءُونَ إِلَّآ أَن يَشَآءَ ٱللَّهُ رَبُّ ٱلۡعَٰلَمِينَ","TajweedText":"وَمَا تَش<tajweed class=madda_obligatory>َا</tajweed>ٓءُونَ إِلّ<tajweed class=madda_obligatory>َآ</tajweed> أ<tajweed class=idgham_ghunnah>َن ي</tajweed>َش<tajweed class=madda_obligatory>َا</tajweed>ٓءَ <tajweed class=ham_wasl>ٱ</tajweed>للَّهُ رَبُّ <tajweed class=ham_wasl>ٱ</tajweed>لْعَ<tajweed class=madda_normal>ـٰ</tajweed>لَم<tajweed class=madda_permissible>ِي</tajweed>نَ <span class=end>٢٩</span>","End":"٢٩","PageNumber":586,"JuzNumber":30,"ManzilNumber":7,"RukuNumber":523,"MaqraNumber":234,"HizbNumber":59,"HizbDecimal":0.25,"HasSajda":false}]}