{"RukuNumber":33,"Verses":[{"SurahNumber":2,"SurahIndex":"002","VerseNumber":243,"ShowSurahName":false,"ShowBismillah":false,"Text":"۞أَلَمۡ تَرَ إِلَى ٱلَّذِينَ خَرَجُواْ مِن دِيَٰرِهِمۡ وَهُمۡ أُلُوفٌ حَذَرَ ٱلۡمَوۡتِ فَقَالَ لَهُمُ ٱللَّهُ مُوتُواْ ثُمَّ أَحۡيَٰهُمۡۚ إِنَّ ٱللَّهَ لَذُو فَضۡلٍ عَلَى ٱلنَّاسِ وَلَٰكِنَّ أَكۡثَرَ ٱلنَّاسِ لَا يَشۡكُرُونَ","TajweedText":"۞ أَلَمْ تَرَ إِلَى <tajweed class=ham_wasl>ٱ</tajweed>لَّذِينَ خَرَجُو<tajweed class=slnt>اْ</tajweed> مِ<tajweed class=ikhafa>ن د</tajweed>ِيَ<tajweed class=madda_normal>ـٰ</tajweed>رِهِمْ وَهُمْ أُلُوفٌ حَذَرَ <tajweed class=ham_wasl>ٱ</tajweed>لْمَوْتِ فَقَالَ لَهُمُ <tajweed class=ham_wasl>ٱ</tajweed>للَّهُ مُوتُو<tajweed class=slnt>اْ</tajweed> ثُ<tajweed class=ghunnah>مّ</tajweed>َ أَحْيَ<tajweed class=madda_normal>ـٰ</tajweed>هُمْ‌ۚ إِ<tajweed class=ghunnah>نّ</tajweed>َ <tajweed class=ham_wasl>ٱ</tajweed>للَّهَ لَذُو فَضْلٍ عَلَى <tajweed class=ham_wasl>ٱ</tajweed><tajweed class=laam_shamsiyah>ل</tajweed><tajweed class=ghunnah>نّ</tajweed>َاسِ وَلَ<tajweed class=madda_normal>ـٰ</tajweed>كِ<tajweed class=ghunnah>نّ</tajweed>َ أَكْثَرَ <tajweed class=ham_wasl>ٱ</tajweed><tajweed class=laam_shamsiyah>ل</tajweed><tajweed class=ghunnah>نّ</tajweed>َاسِ لَا يَشْكُر<tajweed class=madda_permissible>ُو</tajweed>نَ <span class=end>٢٤٣</span>","End":"٢٤٣","PageNumber":39,"JuzNumber":2,"ManzilNumber":1,"RukuNumber":33,"MaqraNumber":16,"HizbNumber":4,"HizbDecimal":0.75,"HasSajda":false},{"SurahNumber":2,"SurahIndex":"002","VerseNumber":244,"ShowSurahName":false,"ShowBismillah":false,"Text":"وَقَٰتِلُواْ فِي سَبِيلِ ٱللَّهِ وَٱعۡلَمُوٓاْ أَنَّ ٱللَّهَ سَمِيعٌ عَلِيمٞ","TajweedText":"وَقَ<tajweed class=madda_normal>ـٰ</tajweed>تِلُو<tajweed class=slnt>اْ</tajweed> فِى سَبِيلِ <tajweed class=ham_wasl>ٱ</tajweed>للَّهِ وَ<tajweed class=ham_wasl>ٱ</tajweed>عْلَم<tajweed class=madda_obligatory>ُوٓ</tajweed><tajweed class=slnt>اْ</tajweed> أَ<tajweed class=ghunnah>نّ</tajweed>َ <tajweed class=ham_wasl>ٱ</tajweed>للَّهَ سَمِيعٌ عَل<tajweed class=madda_permissible>ِي</tajweed>مٌ <span class=end>٢٤٤</span>","End":"٢٤٤","PageNumber":39,"JuzNumber":2,"ManzilNumber":1,"RukuNumber":33,"MaqraNumber":16,"HizbNumber":4,"HizbDecimal":0.75,"HasSajda":false},{"SurahNumber":2,"SurahIndex":"002","VerseNumber":245,"ShowSurahName":false,"ShowBismillah":false,"Text":"مَّن ذَا ٱلَّذِي يُقۡرِضُ ٱللَّهَ قَرۡضًا حَسَنٗا فَيُضَٰعِفَهُۥ لَهُۥٓ أَضۡعَافٗا كَثِيرَةٗۚ وَٱللَّهُ يَقۡبِضُ وَيَبۡصُۜطُ وَإِلَيۡهِ تُرۡجَعُونَ","TajweedText":"مَّ<tajweed class=ikhafa>ن ذ</tajweed>َا <tajweed class=ham_wasl>ٱ</tajweed>لَّذِى يُ<tajweed class=qalaqah>قْ</tajweed>رِضُ <tajweed class=ham_wasl>ٱ</tajweed>للَّهَ قَرْضًا حَسَ<tajweed class=ikhafa>نًا ف</tajweed>َيُضَ<tajweed class=madda_normal>ـٰ</tajweed>عِفَهُ<tajweed class=madda_normal>ۥ</tajweed> لَهُ<tajweed class=madda_obligatory>ۥٓ</tajweed> أَضْعَا<tajweed class=ikhafa>فًا ك</tajweed>َثِيرَ<tajweed class=idgham_ghunnah>ةً‌ۚ و</tajweed>َ<tajweed class=ham_wasl>ٱ</tajweed>للَّهُ يَ<tajweed class=qalaqah>قْ</tajweed>بِضُ وَيَ<tajweed class=qalaqah>بْ</tajweed>صُۜطُ وَإِلَيْهِ تُرْجَع<tajweed class=madda_permissible>ُو</tajweed>نَ <span class=end>٢٤٥</span>","End":"٢٤٥","PageNumber":39,"JuzNumber":2,"ManzilNumber":1,"RukuNumber":33,"MaqraNumber":16,"HizbNumber":4,"HizbDecimal":0.75,"HasSajda":false},{"SurahNumber":2,"SurahIndex":"002","VerseNumber":246,"ShowSurahName":false,"ShowBismillah":false,"Text":"أَلَمۡ تَرَ إِلَى ٱلۡمَلَإِ مِنۢ بَنِيٓ إِسۡرَـٰٓءِيلَ مِنۢ بَعۡدِ مُوسَىٰٓ إِذۡ قَالُواْ لِنَبِيّٖ لَّهُمُ ٱبۡعَثۡ لَنَا مَلِكٗا نُّقَٰتِلۡ فِي سَبِيلِ ٱللَّهِۖ قَالَ هَلۡ عَسَيۡتُمۡ إِن كُتِبَ عَلَيۡكُمُ ٱلۡقِتَالُ أَلَّا تُقَٰتِلُواْۖ قَالُواْ وَمَا لَنَآ أَلَّا نُقَٰتِلَ فِي سَبِيلِ ٱللَّهِ وَقَدۡ أُخۡرِجۡنَا مِن دِيَٰرِنَا وَأَبۡنَآئِنَاۖ فَلَمَّا كُتِبَ عَلَيۡهِمُ ٱلۡقِتَالُ تَوَلَّوۡاْ إِلَّا قَلِيلٗا مِّنۡهُمۡۚ وَٱللَّهُ عَلِيمُۢ بِٱلظَّـٰلِمِينَ","TajweedText":"أَلَمْ تَرَ إِلَى <tajweed class=ham_wasl>ٱ</tajweed>لْمَلَإِ م<tajweed class=iqlab>ِنۢ ب</tajweed>َن<tajweed class=madda_obligatory>ِىٓ</tajweed> إِسْر<tajweed class=madda_obligatory>َٲ</tajweed>ٓءِيلَ م<tajweed class=iqlab>ِنۢ ب</tajweed>َعْدِ مُوسَ<tajweed class=madda_obligatory>ىٰٓ</tajweed> إِذْ قَالُو<tajweed class=slnt>اْ</tajweed> لِنَبِ<tajweed class=idgham_wo_ghunnah>ىٍّ ل</tajweed>َّهُمُ <tajweed class=ham_wasl>ٱ</tajweed><tajweed class=qalaqah>بْ</tajweed>عَثْ لَنَا مَلِ<tajweed class=idgham_ghunnah>كًا ن</tajweed>ُّقَ<tajweed class=madda_normal>ـٰ</tajweed>تِلْ فِى سَبِيلِ <tajweed class=ham_wasl>ٱ</tajweed>للَّهِ‌ۖ قَالَ هَلْ عَسَيْتُمْ إِ<tajweed class=ikhafa>ن ك</tajweed>ُتِبَ عَلَيْكُمُ <tajweed class=ham_wasl>ٱ</tajweed>لْقِتَالُ أَلَّا تُقَ<tajweed class=madda_normal>ـٰ</tajweed>تِلُو<tajweed class=slnt>اْ‌ۖ</tajweed> قَالُو<tajweed class=slnt>اْ</tajweed> وَمَا لَن<tajweed class=madda_obligatory>َآ</tajweed> أَلَّا نُقَ<tajweed class=madda_normal>ـٰ</tajweed>تِلَ فِى سَبِيلِ <tajweed class=ham_wasl>ٱ</tajweed>للَّهِ وَقَ<tajweed class=qalaqah>دْ</tajweed> أُخْرِ<tajweed class=qalaqah>جْ</tajweed>نَا مِ<tajweed class=ikhafa>ن د</tajweed>ِيَ<tajweed class=madda_normal>ـٰ</tajweed>رِنَا وَأَ<tajweed class=qalaqah>بْ</tajweed>ن<tajweed class=madda_obligatory>َا</tajweed>ٓئِنَا‌ۖ فَلَ<tajweed class=ghunnah>مّ</tajweed>َا كُتِبَ عَلَيْهِمُ <tajweed class=ham_wasl>ٱ</tajweed>لْقِتَالُ تَوَلَّوْ<tajweed class=slnt>اْ</tajweed> إِلَّا قَلِيل<tajweed class=idgham_ghunnah>اً م</tajweed>ِّنْهُمْ‌ۗ وَ<tajweed class=ham_wasl>ٱ</tajweed>للَّهُ عَلِي<tajweed class=iqlab>مُۢ ب</tajweed>ِ<tajweed class=ham_wasl>ٱ</tajweed><tajweed class=laam_shamsiyah>ل</tajweed>ظَّ<tajweed class=madda_normal>ـٰ</tajweed>لِم<tajweed class=madda_permissible>ِي</tajweed>نَ <span class=end>٢٤٦</span>","End":"٢٤٦","PageNumber":40,"JuzNumber":2,"ManzilNumber":1,"RukuNumber":33,"MaqraNumber":16,"HizbNumber":4,"HizbDecimal":0.75,"HasSajda":false},{"SurahNumber":2,"SurahIndex":"002","VerseNumber":247,"ShowSurahName":false,"ShowBismillah":false,"Text":"وَقَالَ لَهُمۡ نَبِيُّهُمۡ إِنَّ ٱللَّهَ قَدۡ بَعَثَ لَكُمۡ طَالُوتَ مَلِكٗاۚ قَالُوٓاْ أَنَّىٰ يَكُونُ لَهُ ٱلۡمُلۡكُ عَلَيۡنَا وَنَحۡنُ أَحَقُّ بِٱلۡمُلۡكِ مِنۡهُ وَلَمۡ يُؤۡتَ سَعَةٗ مِّنَ ٱلۡمَالِۚ قَالَ إِنَّ ٱللَّهَ ٱصۡطَفَىٰهُ عَلَيۡكُمۡ وَزَادَهُۥ بَسۡطَةٗ فِي ٱلۡعِلۡمِ وَٱلۡجِسۡمِۖ وَٱللَّهُ يُؤۡتِي مُلۡكَهُۥ مَن يَشَآءُۚ وَٱللَّهُ وَٰسِعٌ عَلِيمٞ","TajweedText":"وَقَالَ لَهُمْ نَبِيُّهُمْ إِ<tajweed class=ghunnah>نّ</tajweed>َ <tajweed class=ham_wasl>ٱ</tajweed>للَّهَ قَ<tajweed class=qalaqah>دْ</tajweed> بَعَثَ لَكُمْ طَالُوتَ مَلِ<tajweed class=ikhafa>كًا‌ۚ ق</tajweed>َال<tajweed class=madda_obligatory>ُوٓ</tajweed><tajweed class=slnt>اْ</tajweed> أَ<tajweed class=ghunnah>نّ</tajweed>َىٰ يَكُونُ لَهُ <tajweed class=ham_wasl>ٱ</tajweed>لْمُلْكُ عَلَيْنَا وَنَحْنُ أَحَقُّ بِ<tajweed class=ham_wasl>ٱ</tajweed>لْمُلْكِ مِنْهُ وَلَمْ يُؤْتَ سَعَ<tajweed class=idgham_ghunnah>ةً م</tajweed>ِّنَ <tajweed class=ham_wasl>ٱ</tajweed>لْمَالِ‌ۚ قَالَ إِ<tajweed class=ghunnah>نّ</tajweed>َ <tajweed class=ham_wasl>ٱ</tajweed>للَّهَ <tajweed class=ham_wasl>ٱ</tajweed>صْطَفَ<tajweed class=madda_normal>ـٰ</tajweed>هُ عَلَيْكُمْ وَزَادَهُ<tajweed class=madda_normal>ۥ</tajweed> بَسْطَ<tajweed class=ikhafa>ةً ف</tajweed>ِى <tajweed class=ham_wasl>ٱ</tajweed>لْعِلْمِ وَ<tajweed class=ham_wasl>ٱ</tajweed>لْجِسْمِ‌ۖ وَ<tajweed class=ham_wasl>ٱ</tajweed>للَّهُ يُؤْتِى مُلْكَهُ<tajweed class=madda_normal>ۥ</tajweed> م<tajweed class=idgham_ghunnah>َن ي</tajweed>َش<tajweed class=madda_obligatory>َا</tajweed>ٓءُ‌ۚ وَ<tajweed class=ham_wasl>ٱ</tajweed>للَّهُ و<tajweed class=madda_normal>َٲ</tajweed>سِعٌ عَل<tajweed class=madda_permissible>ِي</tajweed>مٌ <span class=end>٢٤٧</span>","End":"٢٤٧","PageNumber":40,"JuzNumber":2,"ManzilNumber":1,"RukuNumber":33,"MaqraNumber":16,"HizbNumber":4,"HizbDecimal":0.75,"HasSajda":false},{"SurahNumber":2,"SurahIndex":"002","VerseNumber":248,"ShowSurahName":false,"ShowBismillah":false,"Text":"وَقَالَ لَهُمۡ نَبِيُّهُمۡ إِنَّ ءَايَةَ مُلۡكِهِۦٓ أَن يَأۡتِيَكُمُ ٱلتَّابُوتُ فِيهِ سَكِينَةٞ مِّن رَّبِّكُمۡ وَبَقِيَّةٞ مِّمَّا تَرَكَ ءَالُ مُوسَىٰ وَءَالُ هَٰرُونَ تَحۡمِلُهُ ٱلۡمَلَـٰٓئِكَةُۚ إِنَّ فِي ذَٰلِكَ لَأٓيَةٗ لَّكُمۡ إِن كُنتُم مُّؤۡمِنِينَ","TajweedText":"وَقَالَ لَهُمْ نَبِيُّهُمْ إِ<tajweed class=ghunnah>نّ</tajweed>َ ءَايَةَ مُلْكِه<tajweed class=madda_obligatory>ِۦٓ</tajweed> أ<tajweed class=idgham_ghunnah>َن ي</tajweed>َأْتِيَكُمُ <tajweed class=ham_wasl>ٱ</tajweed><tajweed class=laam_shamsiyah>ل</tajweed>تَّابُوتُ فِيهِ سَكِينَ<tajweed class=idgham_ghunnah>ةٌ م</tajweed>ّ<tajweed class=idgham_wo_ghunnah>ِن ر</tajweed>َّبِّكُمْ وَبَقِيَّ<tajweed class=idgham_ghunnah>ةٌ م</tajweed>ِّ<tajweed class=ghunnah>مّ</tajweed>َا تَرَكَ ءَالُ مُوسَىٰ وَءَالُ هَ<tajweed class=madda_normal>ـٰ</tajweed>رُونَ تَحْمِلُهُ <tajweed class=ham_wasl>ٱ</tajweed>لْمَلَ<tajweed class=madda_obligatory>ـٰٓ</tajweed>ئِكَةُ‌ۚ إِ<tajweed class=ghunnah>نّ</tajweed>َ فِى ذ<tajweed class=madda_normal>َٲ</tajweed>لِكَ لَأَيَ<tajweed class=idgham_wo_ghunnah>ةً ل</tajweed>َّكُمْ إِ<tajweed class=ikhafa>ن ك</tajweed>ُ<tajweed class=ikhafa>نت</tajweed><tajweed class=idgham_shafawi>ُم م</tajweed>ُّؤْمِن<tajweed class=madda_permissible>ِي</tajweed>نَ <span class=end>٢٤٨</span>","End":"٢٤٨","PageNumber":40,"JuzNumber":2,"ManzilNumber":1,"RukuNumber":33,"MaqraNumber":16,"HizbNumber":4,"HizbDecimal":0.75,"HasSajda":false}]}