{"RukuNumber":159,"Verses":[{"SurahNumber":9,"SurahIndex":"009","VerseNumber":25,"ShowSurahName":false,"ShowBismillah":false,"Text":"لَقَدۡ نَصَرَكُمُ ٱللَّهُ فِي مَوَاطِنَ كَثِيرَةٖ وَيَوۡمَ حُنَيۡنٍ إِذۡ أَعۡجَبَتۡكُمۡ كَثۡرَتُكُمۡ فَلَمۡ تُغۡنِ عَنكُمۡ شَيۡـٔٗا وَضَاقَتۡ عَلَيۡكُمُ ٱلۡأَرۡضُ بِمَا رَحُبَتۡ ثُمَّ وَلَّيۡتُم مُّدۡبِرِينَ","TajweedText":"لَقَ<tajweed class=qalaqah>دْ</tajweed> نَصَرَكُمُ <tajweed class=ham_wasl>ٱ</tajweed>للَّهُ فِى مَوَاطِنَ كَثِيرَ<tajweed class=idgham_ghunnah>ةٍ‌ۙ و</tajweed>َيَوْمَ حُنَيْنٍ‌ۙ إِذْ أَعْجَبَتْكُمْ كَثْرَتُكُمْ فَلَمْ تُغْنِ عَ<tajweed class=ikhafa>نك</tajweed>ُمْ شَيْـ<tajweed class=idgham_ghunnah>ـًٔا و</tajweed>َضَاقَتْ عَلَيْكُمُ <tajweed class=ham_wasl>ٱ</tajweed>لْأَرْضُ بِمَا رَحُبَتْ ثُ<tajweed class=ghunnah>مّ</tajweed>َ وَلَّيْت<tajweed class=idgham_shafawi>ُم م</tajweed>ُّ<tajweed class=qalaqah>دْ</tajweed>بِر<tajweed class=madda_permissible>ِي</tajweed>نَ <span class=end>٢٥</span>","End":"٢٥","PageNumber":190,"JuzNumber":10,"ManzilNumber":2,"RukuNumber":159,"MaqraNumber":76,"HizbNumber":19,"HizbDecimal":0.75,"HasSajda":false},{"SurahNumber":9,"SurahIndex":"009","VerseNumber":26,"ShowSurahName":false,"ShowBismillah":false,"Text":"ثُمَّ أَنزَلَ ٱللَّهُ سَكِينَتَهُۥ عَلَىٰ رَسُولِهِۦ وَعَلَى ٱلۡمُؤۡمِنِينَ وَأَنزَلَ جُنُودٗا لَّمۡ تَرَوۡهَا وَعَذَّبَ ٱلَّذِينَ كَفَرُواْۚ وَذَٰلِكَ جَزَآءُ ٱلۡكَٰفِرِينَ","TajweedText":"ثُ<tajweed class=ghunnah>مّ</tajweed>َ أَ<tajweed class=ikhafa>نز</tajweed>َلَ <tajweed class=ham_wasl>ٱ</tajweed>للَّهُ سَكِينَتَهُ<tajweed class=madda_normal>ۥ</tajweed> عَلَىٰ رَسُولِه<tajweed class=madda_normal>ِۦ</tajweed> وَعَلَى <tajweed class=ham_wasl>ٱ</tajweed>لْمُؤْمِنِينَ وَأَ<tajweed class=ikhafa>نز</tajweed>َلَ جُنُو<tajweed class=idgham_wo_ghunnah>دًا ل</tajweed>َّمْ تَرَوْهَا وَعَذَّبَ <tajweed class=ham_wasl>ٱ</tajweed>لَّذِينَ كَفَرُو<tajweed class=slnt>اْ‌ۚ</tajweed> وَذ<tajweed class=madda_normal>َٲ</tajweed>لِكَ جَز<tajweed class=madda_obligatory>َا</tajweed>ٓءُ <tajweed class=ham_wasl>ٱ</tajweed>لْكَ<tajweed class=madda_normal>ـٰ</tajweed>فِر<tajweed class=madda_permissible>ِي</tajweed>نَ <span class=end>٢٦</span>","End":"٢٦","PageNumber":190,"JuzNumber":10,"ManzilNumber":2,"RukuNumber":159,"MaqraNumber":76,"HizbNumber":19,"HizbDecimal":0.75,"HasSajda":false},{"SurahNumber":9,"SurahIndex":"009","VerseNumber":27,"ShowSurahName":false,"ShowBismillah":false,"Text":"ثُمَّ يَتُوبُ ٱللَّهُ مِنۢ بَعۡدِ ذَٰلِكَ عَلَىٰ مَن يَشَآءُۗ وَٱللَّهُ غَفُورٞ رَّحِيمٞ","TajweedText":"ثُ<tajweed class=ghunnah>مّ</tajweed>َ يَتُوبُ <tajweed class=ham_wasl>ٱ</tajweed>للَّهُ م<tajweed class=iqlab>ِنۢ ب</tajweed>َعْدِ ذ<tajweed class=madda_normal>َٲ</tajweed>لِكَ عَلَىٰ م<tajweed class=idgham_ghunnah>َن ي</tajweed>َش<tajweed class=madda_obligatory>َا</tajweed>ٓءُ‌ۗ وَ<tajweed class=ham_wasl>ٱ</tajweed>للَّهُ غَفُو<tajweed class=idgham_wo_ghunnah>رٌ ر</tajweed>َّح<tajweed class=madda_permissible>ِي</tajweed>مٌ <span class=end>٢٧</span>","End":"٢٧","PageNumber":191,"JuzNumber":10,"ManzilNumber":2,"RukuNumber":159,"MaqraNumber":76,"HizbNumber":19,"HizbDecimal":0.75,"HasSajda":false},{"SurahNumber":9,"SurahIndex":"009","VerseNumber":28,"ShowSurahName":false,"ShowBismillah":false,"Text":"يَـٰٓأَيُّهَا ٱلَّذِينَ ءَامَنُوٓاْ إِنَّمَا ٱلۡمُشۡرِكُونَ نَجَسٞ فَلَا يَقۡرَبُواْ ٱلۡمَسۡجِدَ ٱلۡحَرَامَ بَعۡدَ عَامِهِمۡ هَٰذَاۚ وَإِنۡ خِفۡتُمۡ عَيۡلَةٗ فَسَوۡفَ يُغۡنِيكُمُ ٱللَّهُ مِن فَضۡلِهِۦٓ إِن شَآءَۚ إِنَّ ٱللَّهَ عَلِيمٌ حَكِيمٞ","TajweedText":"يَ<tajweed class=madda_obligatory>ـٰٓ</tajweed>أَيُّهَا <tajweed class=ham_wasl>ٱ</tajweed>لَّذِينَ ءَامَن<tajweed class=madda_obligatory>ُوٓ</tajweed><tajweed class=slnt>اْ</tajweed> إِ<tajweed class=ghunnah>نّ</tajweed>َمَا <tajweed class=ham_wasl>ٱ</tajweed>لْمُشْرِكُونَ نَجَ<tajweed class=ikhafa>سٌ ف</tajweed>َلَا يَ<tajweed class=qalaqah>قْ</tajweed>رَبُو<tajweed class=slnt>اْ</tajweed> <tajweed class=ham_wasl>ٱ</tajweed>لْمَسْجِدَ <tajweed class=ham_wasl>ٱ</tajweed>لْحَرَامَ بَعْدَ عَامِهِمْ هَ<tajweed class=madda_normal>ـٰ</tajweed>ذَا‌ۚ وَإِنْ خِفْتُمْ عَيْلَ<tajweed class=ikhafa>ةً ف</tajweed>َسَوْفَ يُغْنِيكُمُ <tajweed class=ham_wasl>ٱ</tajweed>للَّهُ مِ<tajweed class=ikhafa>ن ف</tajweed>َضْلِه<tajweed class=madda_obligatory>ِۦٓ</tajweed> إِ<tajweed class=ikhafa>ن ش</tajweed><tajweed class=madda_obligatory>َا</tajweed>ٓءَ‌ۚ إِ<tajweed class=ghunnah>نّ</tajweed>َ <tajweed class=ham_wasl>ٱ</tajweed>للَّهَ عَلِيمٌ حَك<tajweed class=madda_permissible>ِي</tajweed>مٌ <span class=end>٢٨</span>","End":"٢٨","PageNumber":191,"JuzNumber":10,"ManzilNumber":2,"RukuNumber":159,"MaqraNumber":76,"HizbNumber":19,"HizbDecimal":0.75,"HasSajda":false},{"SurahNumber":9,"SurahIndex":"009","VerseNumber":29,"ShowSurahName":false,"ShowBismillah":false,"Text":"قَٰتِلُواْ ٱلَّذِينَ لَا يُؤۡمِنُونَ بِٱللَّهِ وَلَا بِٱلۡيَوۡمِ ٱلۡأٓخِرِ وَلَا يُحَرِّمُونَ مَا حَرَّمَ ٱللَّهُ وَرَسُولُهُۥ وَلَا يَدِينُونَ دِينَ ٱلۡحَقِّ مِنَ ٱلَّذِينَ أُوتُواْ ٱلۡكِتَٰبَ حَتَّىٰ يُعۡطُواْ ٱلۡجِزۡيَةَ عَن يَدٖ وَهُمۡ صَٰغِرُونَ","TajweedText":"قَ<tajweed class=madda_normal>ـٰ</tajweed>تِلُو<tajweed class=slnt>اْ</tajweed> <tajweed class=ham_wasl>ٱ</tajweed>لَّذِينَ لَا يُؤْمِنُونَ بِ<tajweed class=ham_wasl>ٱ</tajweed>للَّهِ وَلَا بِ<tajweed class=ham_wasl>ٱ</tajweed>لْيَوْمِ <tajweed class=ham_wasl>ٱ</tajweed>لْأَخِرِ وَلَا يُحَرِّمُونَ مَا حَرَّمَ <tajweed class=ham_wasl>ٱ</tajweed>للَّهُ وَرَسُولُهُ<tajweed class=madda_normal>ۥ</tajweed> وَلَا يَدِينُونَ دِينَ <tajweed class=ham_wasl>ٱ</tajweed>لْحَقِّ مِنَ <tajweed class=ham_wasl>ٱ</tajweed>لَّذِينَ أُوتُو<tajweed class=slnt>اْ</tajweed> <tajweed class=ham_wasl>ٱ</tajweed>لْكِتَ<tajweed class=madda_normal>ـٰ</tajweed>بَ حَتَّىٰ يُعْطُو<tajweed class=slnt>اْ</tajweed> <tajweed class=ham_wasl>ٱ</tajweed>لْجِزْيَةَ ع<tajweed class=idgham_ghunnah>َن ي</tajweed>َ<tajweed class=idgham_ghunnah>دٍ و</tajweed>َهُمْ صَ<tajweed class=madda_normal>ـٰ</tajweed>غِر<tajweed class=madda_permissible>ُو</tajweed>نَ <span class=end>٢٩</span>","End":"٢٩","PageNumber":191,"JuzNumber":10,"ManzilNumber":2,"RukuNumber":159,"MaqraNumber":76,"HizbNumber":19,"HizbDecimal":0.75,"HasSajda":false}]}