{"RukuNumber":450,"Verses":[{"SurahNumber":49,"SurahIndex":"049","VerseNumber":1,"ShowSurahName":true,"ShowBismillah":true,"Text":"يَـٰٓأَيُّهَا ٱلَّذِينَ ءَامَنُواْ لَا تُقَدِّمُواْ بَيۡنَ يَدَيِ ٱللَّهِ وَرَسُولِهِۦۖ وَٱتَّقُواْ ٱللَّهَۚ إِنَّ ٱللَّهَ سَمِيعٌ عَلِيمٞ","TajweedText":"يَ<tajweed class=madda_obligatory>ـٰٓ</tajweed>أَيُّهَا <tajweed class=ham_wasl>ٱ</tajweed>لَّذِينَ ءَامَنُو<tajweed class=slnt>اْ</tajweed> لَا تُقَدِّمُو<tajweed class=slnt>اْ</tajweed> بَيْنَ يَدَىِ <tajweed class=ham_wasl>ٱ</tajweed>للَّهِ وَرَسُولِه<tajweed class=madda_normal>ِۦ</tajweed>‌ۖ وَ<tajweed class=ham_wasl>ٱ</tajweed>تَّقُو<tajweed class=slnt>اْ</tajweed> <tajweed class=ham_wasl>ٱ</tajweed>للَّهَ‌ۚ إِ<tajweed class=ghunnah>نّ</tajweed>َ <tajweed class=ham_wasl>ٱ</tajweed>للَّهَ سَمِيعٌ عَل<tajweed class=madda_permissible>ِي</tajweed>مٌ <span class=end>١</span>","End":"١","PageNumber":515,"JuzNumber":26,"ManzilNumber":6,"RukuNumber":450,"MaqraNumber":206,"HizbNumber":52,"HizbDecimal":0.25,"HasSajda":false},{"SurahNumber":49,"SurahIndex":"049","VerseNumber":2,"ShowSurahName":false,"ShowBismillah":false,"Text":"يَـٰٓأَيُّهَا ٱلَّذِينَ ءَامَنُواْ لَا تَرۡفَعُوٓاْ أَصۡوَٰتَكُمۡ فَوۡقَ صَوۡتِ ٱلنَّبِيِّ وَلَا تَجۡهَرُواْ لَهُۥ بِٱلۡقَوۡلِ كَجَهۡرِ بَعۡضِكُمۡ لِبَعۡضٍ أَن تَحۡبَطَ أَعۡمَٰلُكُمۡ وَأَنتُمۡ لَا تَشۡعُرُونَ","TajweedText":"يَ<tajweed class=madda_obligatory>ـٰٓ</tajweed>أَيُّهَا <tajweed class=ham_wasl>ٱ</tajweed>لَّذِينَ ءَامَنُو<tajweed class=slnt>اْ</tajweed> لَا تَرْفَع<tajweed class=madda_obligatory>ُوٓ</tajweed><tajweed class=slnt>اْ</tajweed> أَصْو<tajweed class=madda_normal>َٲ</tajweed>تَكُمْ فَوْقَ صَوْتِ <tajweed class=ham_wasl>ٱ</tajweed><tajweed class=laam_shamsiyah>ل</tajweed><tajweed class=ghunnah>نّ</tajweed>َبِىِّ وَلَا تَ<tajweed class=qalaqah>جْ</tajweed>هَرُو<tajweed class=slnt>اْ</tajweed> لَهُ<tajweed class=madda_normal>ۥ</tajweed> بِ<tajweed class=ham_wasl>ٱ</tajweed>لْقَوْلِ كَجَهْرِ بَعْضِكُمْ لِبَعْضٍ أَ<tajweed class=ikhafa>ن ت</tajweed>َحْبَطَ أَعْمَ<tajweed class=madda_normal>ـٰ</tajweed>لُكُمْ وَأَ<tajweed class=ikhafa>نت</tajweed>ُمْ لَا تَشْعُر<tajweed class=madda_permissible>ُو</tajweed>نَ <span class=end>٢</span>","End":"٢","PageNumber":515,"JuzNumber":26,"ManzilNumber":6,"RukuNumber":450,"MaqraNumber":206,"HizbNumber":52,"HizbDecimal":0.25,"HasSajda":false},{"SurahNumber":49,"SurahIndex":"049","VerseNumber":3,"ShowSurahName":false,"ShowBismillah":false,"Text":"إِنَّ ٱلَّذِينَ يَغُضُّونَ أَصۡوَٰتَهُمۡ عِندَ رَسُولِ ٱللَّهِ أُوْلَـٰٓئِكَ ٱلَّذِينَ ٱمۡتَحَنَ ٱللَّهُ قُلُوبَهُمۡ لِلتَّقۡوَىٰۚ لَهُم مَّغۡفِرَةٞ وَأَجۡرٌ عَظِيمٌ","TajweedText":"إِ<tajweed class=ghunnah>نّ</tajweed>َ <tajweed class=ham_wasl>ٱ</tajweed>لَّذِينَ يَغُضُّونَ أَصْو<tajweed class=madda_normal>َٲ</tajweed>تَهُمْ عِ<tajweed class=ikhafa>ند</tajweed>َ رَسُولِ <tajweed class=ham_wasl>ٱ</tajweed>للَّهِ أُ<tajweed class=slnt>وْ</tajweed>لَ<tajweed class=madda_obligatory>ـٰٓ</tajweed>ئِكَ <tajweed class=ham_wasl>ٱ</tajweed>لَّذِينَ <tajweed class=ham_wasl>ٱ</tajweed>مْتَحَنَ <tajweed class=ham_wasl>ٱ</tajweed>للَّهُ قُلُوبَهُمْ لِلتَّ<tajweed class=qalaqah>قْ</tajweed>وَىٰ‌ۚ لَه<tajweed class=idgham_shafawi>ُم م</tajweed>َّغْفِرَ<tajweed class=idgham_ghunnah>ةٌ و</tajweed>َأَ<tajweed class=qalaqah>جْ</tajweed>رٌ عَظ<tajweed class=madda_permissible>ِي</tajweed>مٌ <span class=end>٣</span>","End":"٣","PageNumber":515,"JuzNumber":26,"ManzilNumber":6,"RukuNumber":450,"MaqraNumber":206,"HizbNumber":52,"HizbDecimal":0.25,"HasSajda":false},{"SurahNumber":49,"SurahIndex":"049","VerseNumber":4,"ShowSurahName":false,"ShowBismillah":false,"Text":"إِنَّ ٱلَّذِينَ يُنَادُونَكَ مِن وَرَآءِ ٱلۡحُجُرَٰتِ أَكۡثَرُهُمۡ لَا يَعۡقِلُونَ","TajweedText":"إِ<tajweed class=ghunnah>نّ</tajweed>َ <tajweed class=ham_wasl>ٱ</tajweed>لَّذِينَ يُنَادُونَكَ م<tajweed class=idgham_ghunnah>ِن و</tajweed>َر<tajweed class=madda_obligatory>َا</tajweed>ٓءِ <tajweed class=ham_wasl>ٱ</tajweed>لْحُجُر<tajweed class=madda_normal>َٲ</tajweed>تِ أَكْثَرُهُمْ لَا يَعْقِل<tajweed class=madda_permissible>ُو</tajweed>نَ <span class=end>٤</span>","End":"٤","PageNumber":515,"JuzNumber":26,"ManzilNumber":6,"RukuNumber":450,"MaqraNumber":206,"HizbNumber":52,"HizbDecimal":0.25,"HasSajda":false},{"SurahNumber":49,"SurahIndex":"049","VerseNumber":5,"ShowSurahName":false,"ShowBismillah":false,"Text":"وَلَوۡ أَنَّهُمۡ صَبَرُواْ حَتَّىٰ تَخۡرُجَ إِلَيۡهِمۡ لَكَانَ خَيۡرٗا لَّهُمۡۚ وَٱللَّهُ غَفُورٞ رَّحِيمٞ","TajweedText":"وَلَوْ أَ<tajweed class=ghunnah>نّ</tajweed>َهُمْ صَبَرُو<tajweed class=slnt>اْ</tajweed> حَتَّىٰ تَخْرُجَ إِلَيْهِمْ لَكَانَ خَيْ<tajweed class=idgham_wo_ghunnah>رًا ل</tajweed>َّهُمْ‌ۚ وَ<tajweed class=ham_wasl>ٱ</tajweed>للَّهُ غَفُو<tajweed class=idgham_wo_ghunnah>رٌ ر</tajweed>َّح<tajweed class=madda_permissible>ِي</tajweed>مٌ <span class=end>٥</span>","End":"٥","PageNumber":516,"JuzNumber":26,"ManzilNumber":6,"RukuNumber":450,"MaqraNumber":206,"HizbNumber":52,"HizbDecimal":0.25,"HasSajda":false},{"SurahNumber":49,"SurahIndex":"049","VerseNumber":6,"ShowSurahName":false,"ShowBismillah":false,"Text":"يَـٰٓأَيُّهَا ٱلَّذِينَ ءَامَنُوٓاْ إِن جَآءَكُمۡ فَاسِقُۢ بِنَبَإٖ فَتَبَيَّنُوٓاْ أَن تُصِيبُواْ قَوۡمَۢا بِجَهَٰلَةٖ فَتُصۡبِحُواْ عَلَىٰ مَا فَعَلۡتُمۡ نَٰدِمِينَ","TajweedText":"يَ<tajweed class=madda_obligatory>ـٰٓ</tajweed>أَيُّهَا <tajweed class=ham_wasl>ٱ</tajweed>لَّذِينَ ءَامَن<tajweed class=madda_obligatory>ُوٓ</tajweed><tajweed class=slnt>اْ</tajweed> إِ<tajweed class=ikhafa>ن ج</tajweed><tajweed class=madda_obligatory>َا</tajweed>ٓءَكُمْ فَاسِ<tajweed class=iqlab>قُۢ ب</tajweed>ِنَبَ<tajweed class=ikhafa>إٍ ف</tajweed>َتَبَيَّن<tajweed class=madda_obligatory>ُوٓ</tajweed><tajweed class=slnt>اْ</tajweed> أَ<tajweed class=ikhafa>ن ت</tajweed>ُصِيبُو<tajweed class=slnt>اْ</tajweed> قَوْم<tajweed class=iqlab>َۢا ب</tajweed>ِجَهَ<tajweed class=madda_normal>ـٰ</tajweed>لَ<tajweed class=ikhafa>ةٍ ف</tajweed>َتُصْبِحُو<tajweed class=slnt>اْ</tajweed> عَلَىٰ مَا فَعَلْتُمْ نَ<tajweed class=madda_normal>ـٰ</tajweed>دِم<tajweed class=madda_permissible>ِي</tajweed>نَ <span class=end>٦</span>","End":"٦","PageNumber":516,"JuzNumber":26,"ManzilNumber":6,"RukuNumber":450,"MaqraNumber":206,"HizbNumber":52,"HizbDecimal":0.25,"HasSajda":false},{"SurahNumber":49,"SurahIndex":"049","VerseNumber":7,"ShowSurahName":false,"ShowBismillah":false,"Text":"وَٱعۡلَمُوٓاْ أَنَّ فِيكُمۡ رَسُولَ ٱللَّهِۚ لَوۡ يُطِيعُكُمۡ فِي كَثِيرٖ مِّنَ ٱلۡأَمۡرِ لَعَنِتُّمۡ وَلَٰكِنَّ ٱللَّهَ حَبَّبَ إِلَيۡكُمُ ٱلۡإِيمَٰنَ وَزَيَّنَهُۥ فِي قُلُوبِكُمۡ وَكَرَّهَ إِلَيۡكُمُ ٱلۡكُفۡرَ وَٱلۡفُسُوقَ وَٱلۡعِصۡيَانَۚ أُوْلَـٰٓئِكَ هُمُ ٱلرَّـٰشِدُونَ","TajweedText":"وَ<tajweed class=ham_wasl>ٱ</tajweed>عْلَم<tajweed class=madda_obligatory>ُوٓ</tajweed><tajweed class=slnt>اْ</tajweed> أَ<tajweed class=ghunnah>نّ</tajweed>َ فِيكُمْ رَسُولَ <tajweed class=ham_wasl>ٱ</tajweed>للَّهِ‌ۚ لَوْ يُطِيعُكُمْ فِى كَثِي<tajweed class=idgham_ghunnah>رٍ م</tajweed>ِّنَ <tajweed class=ham_wasl>ٱ</tajweed>لْأَمْرِ لَعَنِتُّمْ وَلَ<tajweed class=madda_normal>ـٰ</tajweed>كِ<tajweed class=ghunnah>نّ</tajweed>َ <tajweed class=ham_wasl>ٱ</tajweed>للَّهَ حَبَّبَ إِلَيْكُمُ <tajweed class=ham_wasl>ٱ</tajweed>لْإِيمَ<tajweed class=madda_normal>ـٰ</tajweed>نَ وَزَيَّنَهُ<tajweed class=madda_normal>ۥ</tajweed> فِى قُلُوبِكُمْ وَكَرَّهَ إِلَيْكُمُ <tajweed class=ham_wasl>ٱ</tajweed>لْكُفْرَ وَ<tajweed class=ham_wasl>ٱ</tajweed>لْفُسُوقَ وَ<tajweed class=ham_wasl>ٱ</tajweed>لْعِصْيَانَ‌ۚ أُ<tajweed class=slnt>وْ</tajweed>لَ<tajweed class=madda_obligatory>ـٰٓ</tajweed>ئِكَ هُمُ <tajweed class=ham_wasl>ٱ</tajweed><tajweed class=laam_shamsiyah>ل</tajweed>رّ<tajweed class=madda_normal>َٲ</tajweed>شِد<tajweed class=madda_permissible>ُو</tajweed>نَ <span class=end>٧</span>","End":"٧","PageNumber":516,"JuzNumber":26,"ManzilNumber":6,"RukuNumber":450,"MaqraNumber":206,"HizbNumber":52,"HizbDecimal":0.25,"HasSajda":false},{"SurahNumber":49,"SurahIndex":"049","VerseNumber":8,"ShowSurahName":false,"ShowBismillah":false,"Text":"فَضۡلٗا مِّنَ ٱللَّهِ وَنِعۡمَةٗۚ وَٱللَّهُ عَلِيمٌ حَكِيمٞ","TajweedText":"فَضْل<tajweed class=idgham_ghunnah>اً م</tajweed>ِّنَ <tajweed class=ham_wasl>ٱ</tajweed>للَّهِ وَنِعْمَ<tajweed class=idgham_ghunnah>ةً‌ۚ و</tajweed>َ<tajweed class=ham_wasl>ٱ</tajweed>للَّهُ عَلِيمٌ حَك<tajweed class=madda_permissible>ِي</tajweed>مٌ <span class=end>٨</span>","End":"٨","PageNumber":516,"JuzNumber":26,"ManzilNumber":6,"RukuNumber":450,"MaqraNumber":206,"HizbNumber":52,"HizbDecimal":0.25,"HasSajda":false},{"SurahNumber":49,"SurahIndex":"049","VerseNumber":9,"ShowSurahName":false,"ShowBismillah":false,"Text":"وَإِن طَآئِفَتَانِ مِنَ ٱلۡمُؤۡمِنِينَ ٱقۡتَتَلُواْ فَأَصۡلِحُواْ بَيۡنَهُمَاۖ فَإِنۢ بَغَتۡ إِحۡدَىٰهُمَا عَلَى ٱلۡأُخۡرَىٰ فَقَٰتِلُواْ ٱلَّتِي تَبۡغِي حَتَّىٰ تَفِيٓءَ إِلَىٰٓ أَمۡرِ ٱللَّهِۚ فَإِن فَآءَتۡ فَأَصۡلِحُواْ بَيۡنَهُمَا بِٱلۡعَدۡلِ وَأَقۡسِطُوٓاْۖ إِنَّ ٱللَّهَ يُحِبُّ ٱلۡمُقۡسِطِينَ","TajweedText":"وَإِ<tajweed class=ikhafa>ن ط</tajweed><tajweed class=madda_obligatory>َا</tajweed>ٓئِفَتَانِ مِنَ <tajweed class=ham_wasl>ٱ</tajweed>لْمُؤْمِنِينَ <tajweed class=ham_wasl>ٱ</tajweed><tajweed class=qalaqah>قْ</tajweed>تَتَلُو<tajweed class=slnt>اْ</tajweed> فَأَصْلِحُو<tajweed class=slnt>اْ</tajweed> بَيْنَهُمَا‌ۖ فَإ<tajweed class=iqlab>ِنۢ ب</tajweed>َغَتْ إِحْدَ<tajweed class=madda_normal>ٮٰ</tajweed>هُمَا عَلَى <tajweed class=ham_wasl>ٱ</tajweed>لْأُخْرَىٰ فَقَ<tajweed class=madda_normal>ـٰ</tajweed>تِلُو<tajweed class=slnt>اْ</tajweed> <tajweed class=ham_wasl>ٱ</tajweed>لَّتِى تَ<tajweed class=qalaqah>بْ</tajweed>غِى حَتَّىٰ تَف<tajweed class=madda_obligatory>ِى</tajweed>ٓءَ إِلَ<tajweed class=madda_obligatory>ىٰٓ</tajweed> أَمْرِ <tajweed class=ham_wasl>ٱ</tajweed>للَّهِ‌ۚ فَإِ<tajweed class=ikhafa>ن ف</tajweed><tajweed class=madda_obligatory>َا</tajweed>ٓءَتْ فَأَصْلِحُو<tajweed class=slnt>اْ</tajweed> بَيْنَهُمَا بِ<tajweed class=ham_wasl>ٱ</tajweed>لْعَ<tajweed class=qalaqah>دْ</tajweed>لِ وَأَ<tajweed class=qalaqah>قْ</tajweed>سِط<tajweed class=madda_obligatory>ُوٓ<tajweed class=slnt>اْ</tajweed>‌ۖ</tajweed> إِ<tajweed class=ghunnah>نّ</tajweed>َ <tajweed class=ham_wasl>ٱ</tajweed>للَّهَ يُحِبُّ <tajweed class=ham_wasl>ٱ</tajweed>لْمُ<tajweed class=qalaqah>قْ</tajweed>سِط<tajweed class=madda_permissible>ِي</tajweed>نَ <span class=end>٩</span>","End":"٩","PageNumber":516,"JuzNumber":26,"ManzilNumber":6,"RukuNumber":450,"MaqraNumber":206,"HizbNumber":52,"HizbDecimal":0.25,"HasSajda":false},{"SurahNumber":49,"SurahIndex":"049","VerseNumber":10,"ShowSurahName":false,"ShowBismillah":false,"Text":"إِنَّمَا ٱلۡمُؤۡمِنُونَ إِخۡوَةٞ فَأَصۡلِحُواْ بَيۡنَ أَخَوَيۡكُمۡۚ وَٱتَّقُواْ ٱللَّهَ لَعَلَّكُمۡ تُرۡحَمُونَ","TajweedText":"إِ<tajweed class=ghunnah>نّ</tajweed>َمَا <tajweed class=ham_wasl>ٱ</tajweed>لْمُؤْمِنُونَ إِخْوَ<tajweed class=ikhafa>ةٌ ف</tajweed>َأَصْلِحُو<tajweed class=slnt>اْ</tajweed> بَيْنَ أَخَوَيْكُمْ‌ۚ وَ<tajweed class=ham_wasl>ٱ</tajweed>تَّقُو<tajweed class=slnt>اْ</tajweed> <tajweed class=ham_wasl>ٱ</tajweed>للَّهَ لَعَلَّكُمْ تُرْحَم<tajweed class=madda_permissible>ُو</tajweed>نَ <span class=end>١٠</span>","End":"١٠","PageNumber":516,"JuzNumber":26,"ManzilNumber":6,"RukuNumber":450,"MaqraNumber":206,"HizbNumber":52,"HizbDecimal":0.25,"HasSajda":false}]}