{"RukuNumber":397,"Verses":[{"SurahNumber":39,"SurahIndex":"039","VerseNumber":10,"ShowSurahName":false,"ShowBismillah":false,"Text":"قُلۡ يَٰعِبَادِ ٱلَّذِينَ ءَامَنُواْ ٱتَّقُواْ رَبَّكُمۡۚ لِلَّذِينَ أَحۡسَنُواْ فِي هَٰذِهِ ٱلدُّنۡيَا حَسَنَةٞۗ وَأَرۡضُ ٱللَّهِ وَٰسِعَةٌۗ إِنَّمَا يُوَفَّى ٱلصَّـٰبِرُونَ أَجۡرَهُم بِغَيۡرِ حِسَابٖ","TajweedText":"قُلْ يَ<tajweed class=madda_normal>ـٰ</tajweed>عِبَادِ <tajweed class=ham_wasl>ٱ</tajweed>لَّذِينَ ءَامَنُو<tajweed class=slnt>اْ</tajweed> <tajweed class=ham_wasl>ٱ</tajweed>تَّقُو<tajweed class=slnt>اْ</tajweed> رَبَّكُمْ‌ۚ لِلَّذِينَ أَحْسَنُو<tajweed class=slnt>اْ</tajweed> فِى هَ<tajweed class=madda_normal>ـٰ</tajweed>ذِهِ <tajweed class=ham_wasl>ٱ</tajweed><tajweed class=laam_shamsiyah>ل</tajweed>دُّنْيَا حَسَنَ<tajweed class=idgham_ghunnah>ةٌ‌ۗ و</tajweed>َأَرْضُ <tajweed class=ham_wasl>ٱ</tajweed>للَّهِ و<tajweed class=madda_normal>َٲ</tajweed>سِعَةٌ‌ۗ إِ<tajweed class=ghunnah>نّ</tajweed>َمَا يُوَفَّى <tajweed class=ham_wasl>ٱ</tajweed><tajweed class=laam_shamsiyah>ل</tajweed>صَّ<tajweed class=madda_normal>ـٰ</tajweed>بِرُونَ أَ<tajweed class=qalaqah>جْ</tajweed>رَه<tajweed class=ikhafa_shafawi>ُم ب</tajweed>ِغَيْرِ حِس<tajweed class=madda_permissible>َا</tajweed><tajweed class=qalaqah>ب</tajweed>ٍ <span class=end>١٠</span>","End":"١٠","PageNumber":459,"JuzNumber":23,"ManzilNumber":6,"RukuNumber":397,"MaqraNumber":184,"HizbNumber":46,"HizbDecimal":0.75,"HasSajda":false},{"SurahNumber":39,"SurahIndex":"039","VerseNumber":11,"ShowSurahName":false,"ShowBismillah":false,"Text":"قُلۡ إِنِّيٓ أُمِرۡتُ أَنۡ أَعۡبُدَ ٱللَّهَ مُخۡلِصٗا لَّهُ ٱلدِّينَ","TajweedText":"قُلْ إِ<tajweed class=ghunnah>نّ</tajweed><tajweed class=madda_obligatory>ِىٓ</tajweed> أُمِرْتُ أَنْ أَعْبُدَ <tajweed class=ham_wasl>ٱ</tajweed>للَّهَ مُخْلِ<tajweed class=idgham_wo_ghunnah>صًا ل</tajweed>َّهُ <tajweed class=ham_wasl>ٱ</tajweed><tajweed class=laam_shamsiyah>ل</tajweed>دّ<tajweed class=madda_permissible>ِي</tajweed>نَ <span class=end>١١</span>","End":"١١","PageNumber":460,"JuzNumber":23,"ManzilNumber":6,"RukuNumber":397,"MaqraNumber":184,"HizbNumber":46,"HizbDecimal":0.75,"HasSajda":false},{"SurahNumber":39,"SurahIndex":"039","VerseNumber":12,"ShowSurahName":false,"ShowBismillah":false,"Text":"وَأُمِرۡتُ لِأَنۡ أَكُونَ أَوَّلَ ٱلۡمُسۡلِمِينَ","TajweedText":"وَأُمِرْتُ لِأَنْ أَكُونَ أَوَّلَ <tajweed class=ham_wasl>ٱ</tajweed>لْمُسْلِم<tajweed class=madda_permissible>ِي</tajweed>نَ <span class=end>١٢</span>","End":"١٢","PageNumber":460,"JuzNumber":23,"ManzilNumber":6,"RukuNumber":397,"MaqraNumber":184,"HizbNumber":46,"HizbDecimal":0.75,"HasSajda":false},{"SurahNumber":39,"SurahIndex":"039","VerseNumber":13,"ShowSurahName":false,"ShowBismillah":false,"Text":"قُلۡ إِنِّيٓ أَخَافُ إِنۡ عَصَيۡتُ رَبِّي عَذَابَ يَوۡمٍ عَظِيمٖ","TajweedText":"قُلْ إِ<tajweed class=ghunnah>نّ</tajweed><tajweed class=madda_obligatory>ِىٓ</tajweed> أَخَافُ إِنْ عَصَيْتُ رَبِّى عَذَابَ يَوْمٍ عَظ<tajweed class=madda_permissible>ِي</tajweed>مٍ <span class=end>١٣</span>","End":"١٣","PageNumber":460,"JuzNumber":23,"ManzilNumber":6,"RukuNumber":397,"MaqraNumber":184,"HizbNumber":46,"HizbDecimal":0.75,"HasSajda":false},{"SurahNumber":39,"SurahIndex":"039","VerseNumber":14,"ShowSurahName":false,"ShowBismillah":false,"Text":"قُلِ ٱللَّهَ أَعۡبُدُ مُخۡلِصٗا لَّهُۥ دِينِي","TajweedText":"قُلِ <tajweed class=ham_wasl>ٱ</tajweed>للَّهَ أَعْبُدُ مُخْلِ<tajweed class=idgham_wo_ghunnah>صًا ل</tajweed>َّهُ<tajweed class=madda_normal>ۥ</tajweed> دِينِى <span class=end>١٤</span>","End":"١٤","PageNumber":460,"JuzNumber":23,"ManzilNumber":6,"RukuNumber":397,"MaqraNumber":184,"HizbNumber":46,"HizbDecimal":0.75,"HasSajda":false},{"SurahNumber":39,"SurahIndex":"039","VerseNumber":15,"ShowSurahName":false,"ShowBismillah":false,"Text":"فَٱعۡبُدُواْ مَا شِئۡتُم مِّن دُونِهِۦۗ قُلۡ إِنَّ ٱلۡخَٰسِرِينَ ٱلَّذِينَ خَسِرُوٓاْ أَنفُسَهُمۡ وَأَهۡلِيهِمۡ يَوۡمَ ٱلۡقِيَٰمَةِۗ أَلَا ذَٰلِكَ هُوَ ٱلۡخُسۡرَانُ ٱلۡمُبِينُ","TajweedText":"فَ<tajweed class=ham_wasl>ٱ</tajweed>عْبُدُو<tajweed class=slnt>اْ</tajweed> مَا شِئْت<tajweed class=idgham_shafawi>ُم م</tajweed>ِّ<tajweed class=ikhafa>ن د</tajweed>ُونِه<tajweed class=madda_normal>ِۦ</tajweed>‌ۗ قُلْ إِ<tajweed class=ghunnah>نّ</tajweed>َ <tajweed class=ham_wasl>ٱ</tajweed>لْخَ<tajweed class=madda_normal>ـٰ</tajweed>سِرِينَ <tajweed class=ham_wasl>ٱ</tajweed>لَّذِينَ خَسِر<tajweed class=madda_obligatory>ُوٓ</tajweed><tajweed class=slnt>اْ</tajweed> أَ<tajweed class=ikhafa>نف</tajweed>ُسَهُمْ وَأَهْلِيهِمْ يَوْمَ <tajweed class=ham_wasl>ٱ</tajweed>لْقِيَ<tajweed class=madda_normal>ـٰ</tajweed>مَةِ‌ۗ أَلَا ذ<tajweed class=madda_normal>َٲ</tajweed>لِكَ هُوَ <tajweed class=ham_wasl>ٱ</tajweed>لْخُسْرَانُ <tajweed class=ham_wasl>ٱ</tajweed>لْمُب<tajweed class=madda_permissible>ِي</tajweed>نُ <span class=end>١٥</span>","End":"١٥","PageNumber":460,"JuzNumber":23,"ManzilNumber":6,"RukuNumber":397,"MaqraNumber":184,"HizbNumber":46,"HizbDecimal":0.75,"HasSajda":false},{"SurahNumber":39,"SurahIndex":"039","VerseNumber":16,"ShowSurahName":false,"ShowBismillah":false,"Text":"لَهُم مِّن فَوۡقِهِمۡ ظُلَلٞ مِّنَ ٱلنَّارِ وَمِن تَحۡتِهِمۡ ظُلَلٞۚ ذَٰلِكَ يُخَوِّفُ ٱللَّهُ بِهِۦ عِبَادَهُۥۚ يَٰعِبَادِ فَٱتَّقُونِ","TajweedText":"لَه<tajweed class=idgham_shafawi>ُم م</tajweed>ِّ<tajweed class=ikhafa>ن ف</tajweed>َوْقِهِمْ ظُلَ<tajweed class=idgham_ghunnah>لٌ م</tajweed>ِّنَ <tajweed class=ham_wasl>ٱ</tajweed><tajweed class=laam_shamsiyah>ل</tajweed><tajweed class=ghunnah>نّ</tajweed>َارِ وَمِ<tajweed class=ikhafa>ن ت</tajweed>َحْتِهِمْ ظُلَ<tajweed class=ikhafa>لٌ‌ۚ ذ</tajweed><tajweed class=madda_normal>َٲ</tajweed>لِكَ يُخَوِّفُ <tajweed class=ham_wasl>ٱ</tajweed>للَّهُ بِه<tajweed class=madda_normal>ِۦ</tajweed> عِبَادَهُ<tajweed class=madda_normal>ۥ</tajweed>‌ۚ يَ<tajweed class=madda_normal>ـٰ</tajweed>عِبَادِ فَ<tajweed class=ham_wasl>ٱ</tajweed>تَّق<tajweed class=madda_permissible>ُو</tajweed>نِ <span class=end>١٦</span>","End":"١٦","PageNumber":460,"JuzNumber":23,"ManzilNumber":6,"RukuNumber":397,"MaqraNumber":184,"HizbNumber":46,"HizbDecimal":0.75,"HasSajda":false},{"SurahNumber":39,"SurahIndex":"039","VerseNumber":17,"ShowSurahName":false,"ShowBismillah":false,"Text":"وَٱلَّذِينَ ٱجۡتَنَبُواْ ٱلطَّـٰغُوتَ أَن يَعۡبُدُوهَا وَأَنَابُوٓاْ إِلَى ٱللَّهِ لَهُمُ ٱلۡبُشۡرَىٰۚ فَبَشِّرۡ عِبَادِ","TajweedText":"وَ<tajweed class=ham_wasl>ٱ</tajweed>لَّذِينَ <tajweed class=ham_wasl>ٱ</tajweed><tajweed class=qalaqah>جْ</tajweed>تَنَبُو<tajweed class=slnt>اْ</tajweed> <tajweed class=ham_wasl>ٱ</tajweed><tajweed class=laam_shamsiyah>ل</tajweed>طَّ<tajweed class=madda_normal>ـٰ</tajweed>غُوتَ أ<tajweed class=idgham_ghunnah>َن ي</tajweed>َعْبُدُوهَا وَأَنَاب<tajweed class=madda_obligatory>ُوٓ</tajweed><tajweed class=slnt>اْ</tajweed> إِلَى <tajweed class=ham_wasl>ٱ</tajweed>للَّهِ لَهُمُ <tajweed class=ham_wasl>ٱ</tajweed>لْبُشْرَىٰ‌ۚ فَبَشِّرْ عِب<tajweed class=madda_permissible>َا</tajweed><tajweed class=qalaqah>د</tajweed>ِ <span class=end>١٧</span>","End":"١٧","PageNumber":460,"JuzNumber":23,"ManzilNumber":6,"RukuNumber":397,"MaqraNumber":184,"HizbNumber":46,"HizbDecimal":0.75,"HasSajda":false},{"SurahNumber":39,"SurahIndex":"039","VerseNumber":18,"ShowSurahName":false,"ShowBismillah":false,"Text":"ٱلَّذِينَ يَسۡتَمِعُونَ ٱلۡقَوۡلَ فَيَتَّبِعُونَ أَحۡسَنَهُۥٓۚ أُوْلَـٰٓئِكَ ٱلَّذِينَ هَدَىٰهُمُ ٱللَّهُۖ وَأُوْلَـٰٓئِكَ هُمۡ أُوْلُواْ ٱلۡأَلۡبَٰبِ","TajweedText":"ٱلَّذِينَ يَسْتَمِعُونَ <tajweed class=ham_wasl>ٱ</tajweed>لْقَوْلَ فَيَتَّبِعُونَ أَحْسَنَهُ<tajweed class=madda_obligatory>ۥٓ‌ۚ</tajweed> أُ<tajweed class=slnt>وْ</tajweed>لَ<tajweed class=madda_obligatory>ـٰٓ</tajweed>ئِكَ <tajweed class=ham_wasl>ٱ</tajweed>لَّذِينَ هَدَ<tajweed class=madda_normal>ٮٰ</tajweed>هُمُ <tajweed class=ham_wasl>ٱ</tajweed>للَّهُ‌ۖ وَأُ<tajweed class=slnt>وْ</tajweed>لَ<tajweed class=madda_obligatory>ـٰٓ</tajweed>ئِكَ هُمْ أُ<tajweed class=slnt>وْ</tajweed>لُو<tajweed class=slnt>اْ</tajweed> <tajweed class=ham_wasl>ٱ</tajweed>لْأَلْبَ<tajweed class=madda_permissible>ـٰ</tajweed><tajweed class=qalaqah>ب</tajweed>ِ <span class=end>١٨</span>","End":"١٨","PageNumber":460,"JuzNumber":23,"ManzilNumber":6,"RukuNumber":397,"MaqraNumber":184,"HizbNumber":46,"HizbDecimal":0.75,"HasSajda":false},{"SurahNumber":39,"SurahIndex":"039","VerseNumber":19,"ShowSurahName":false,"ShowBismillah":false,"Text":"أَفَمَنۡ حَقَّ عَلَيۡهِ كَلِمَةُ ٱلۡعَذَابِ أَفَأَنتَ تُنقِذُ مَن فِي ٱلنَّارِ","TajweedText":"أَفَمَنْ حَقَّ عَلَيْهِ كَلِمَةُ <tajweed class=ham_wasl>ٱ</tajweed>لْعَذَابِ أَفَأَ<tajweed class=ikhafa>نت</tajweed>َ تُ<tajweed class=ikhafa>نق</tajweed>ِذُ مَ<tajweed class=ikhafa>ن ف</tajweed>ِى <tajweed class=ham_wasl>ٱ</tajweed><tajweed class=laam_shamsiyah>ل</tajweed><tajweed class=ghunnah>نّ</tajweed><tajweed class=madda_permissible>َا</tajweed>رِ <span class=end>١٩</span>","End":"١٩","PageNumber":460,"JuzNumber":23,"ManzilNumber":6,"RukuNumber":397,"MaqraNumber":184,"HizbNumber":46,"HizbDecimal":0.75,"HasSajda":false},{"SurahNumber":39,"SurahIndex":"039","VerseNumber":20,"ShowSurahName":false,"ShowBismillah":false,"Text":"لَٰكِنِ ٱلَّذِينَ ٱتَّقَوۡاْ رَبَّهُمۡ لَهُمۡ غُرَفٞ مِّن فَوۡقِهَا غُرَفٞ مَّبۡنِيَّةٞ تَجۡرِي مِن تَحۡتِهَا ٱلۡأَنۡهَٰرُۖ وَعۡدَ ٱللَّهِ لَا يُخۡلِفُ ٱللَّهُ ٱلۡمِيعَادَ","TajweedText":"لَ<tajweed class=madda_normal>ـٰ</tajweed>كِنِ <tajweed class=ham_wasl>ٱ</tajweed>لَّذِينَ <tajweed class=ham_wasl>ٱ</tajweed>تَّقَوْ<tajweed class=slnt>اْ</tajweed> رَبَّهُمْ لَهُمْ غُرَ<tajweed class=idgham_ghunnah>فٌ م</tajweed>ِّ<tajweed class=ikhafa>ن ف</tajweed>َوْقِهَا غُرَ<tajweed class=idgham_ghunnah>فٌ م</tajweed>َّ<tajweed class=qalaqah>بْ</tajweed>نِيَّ<tajweed class=ikhafa>ةٌ ت</tajweed>َ<tajweed class=qalaqah>جْ</tajweed>رِى مِ<tajweed class=ikhafa>ن ت</tajweed>َحْتِهَا <tajweed class=ham_wasl>ٱ</tajweed>لْأَنْهَ<tajweed class=madda_normal>ـٰ</tajweed>رُ‌ۖ وَعْدَ <tajweed class=ham_wasl>ٱ</tajweed>للَّهِ‌ۖ لَا يُخْلِفُ <tajweed class=ham_wasl>ٱ</tajweed>للَّهُ <tajweed class=ham_wasl>ٱ</tajweed>لْمِيع<tajweed class=madda_permissible>َا</tajweed><tajweed class=qalaqah>د</tajweed>َ <span class=end>٢٠</span>","End":"٢٠","PageNumber":460,"JuzNumber":23,"ManzilNumber":6,"RukuNumber":397,"MaqraNumber":184,"HizbNumber":46,"HizbDecimal":0.75,"HasSajda":false},{"SurahNumber":39,"SurahIndex":"039","VerseNumber":21,"ShowSurahName":false,"ShowBismillah":false,"Text":"أَلَمۡ تَرَ أَنَّ ٱللَّهَ أَنزَلَ مِنَ ٱلسَّمَآءِ مَآءٗ فَسَلَكَهُۥ يَنَٰبِيعَ فِي ٱلۡأَرۡضِ ثُمَّ يُخۡرِجُ بِهِۦ زَرۡعٗا مُّخۡتَلِفًا أَلۡوَٰنُهُۥ ثُمَّ يَهِيجُ فَتَرَىٰهُ مُصۡفَرّٗا ثُمَّ يَجۡعَلُهُۥ حُطَٰمًاۚ إِنَّ فِي ذَٰلِكَ لَذِكۡرَىٰ لِأُوْلِي ٱلۡأَلۡبَٰبِ","TajweedText":"أَلَمْ تَرَ أَ<tajweed class=ghunnah>نّ</tajweed>َ <tajweed class=ham_wasl>ٱ</tajweed>للَّهَ أَ<tajweed class=ikhafa>نز</tajweed>َلَ مِنَ <tajweed class=ham_wasl>ٱ</tajweed><tajweed class=laam_shamsiyah>ل</tajweed>سَّم<tajweed class=madda_obligatory>َا</tajweed>ٓءِ م<tajweed class=madda_obligatory>َا</tajweed>ٓ<tajweed class=ikhafa>ءً ف</tajweed>َسَلَكَهُ<tajweed class=madda_normal>ۥ</tajweed> يَنَ<tajweed class=madda_normal>ـٰ</tajweed>بِيعَ فِى <tajweed class=ham_wasl>ٱ</tajweed>لْأَرْضِ ثُ<tajweed class=ghunnah>مّ</tajweed>َ يُخْرِجُ بِه<tajweed class=madda_normal>ِۦ</tajweed> زَرْ<tajweed class=idgham_ghunnah>عًا م</tajweed>ُّخْتَلِفًا أَلْو<tajweed class=madda_normal>َٲ</tajweed>نُهُ<tajweed class=madda_normal>ۥ</tajweed> ثُ<tajweed class=ghunnah>مّ</tajweed>َ يَهِيجُ فَتَرَ<tajweed class=madda_normal>ٮٰ</tajweed>هُ مُصْفَر<tajweed class=ikhafa>ًّا ث</tajweed>ُ<tajweed class=ghunnah>مّ</tajweed>َ يَ<tajweed class=qalaqah>جْ</tajweed>عَلُهُ<tajweed class=madda_normal>ۥ</tajweed> حُطَ<tajweed class=madda_normal>ـٰ</tajweed>مًا‌ۚ إِ<tajweed class=ghunnah>نّ</tajweed>َ فِى ذ<tajweed class=madda_normal>َٲ</tajweed>لِكَ لَذِكْرَىٰ لِأُ<tajweed class=slnt>وْ</tajweed>لِى <tajweed class=ham_wasl>ٱ</tajweed>لْأَلْبَ<tajweed class=madda_permissible>ـٰ</tajweed><tajweed class=qalaqah>ب</tajweed>ِ <span class=end>٢١</span>","End":"٢١","PageNumber":460,"JuzNumber":23,"ManzilNumber":6,"RukuNumber":397,"MaqraNumber":184,"HizbNumber":46,"HizbDecimal":0.75,"HasSajda":false}]}