{"RukuNumber":368,"Verses":[{"SurahNumber":33,"SurahIndex":"033","VerseNumber":59,"ShowSurahName":false,"ShowBismillah":false,"Text":"يَـٰٓأَيُّهَا ٱلنَّبِيُّ قُل لِّأَزۡوَٰجِكَ وَبَنَاتِكَ وَنِسَآءِ ٱلۡمُؤۡمِنِينَ يُدۡنِينَ عَلَيۡهِنَّ مِن جَلَٰبِيبِهِنَّۚ ذَٰلِكَ أَدۡنَىٰٓ أَن يُعۡرَفۡنَ فَلَا يُؤۡذَيۡنَۗ وَكَانَ ٱللَّهُ غَفُورٗا رَّحِيمٗا","TajweedText":"يَ<tajweed class=madda_obligatory>ـٰٓ</tajweed>أَيُّهَا <tajweed class=ham_wasl>ٱ</tajweed><tajweed class=laam_shamsiyah>ل</tajweed><tajweed class=ghunnah>نّ</tajweed>َبِىُّ قُل لِّأَزْو<tajweed class=madda_normal>َٲ</tajweed>جِكَ وَبَنَاتِكَ وَنِس<tajweed class=madda_obligatory>َا</tajweed>ٓءِ <tajweed class=ham_wasl>ٱ</tajweed>لْمُؤْمِنِينَ يُ<tajweed class=qalaqah>دْ</tajweed>نِينَ عَلَيْهِ<tajweed class=ghunnah>نّ</tajweed>َ مِ<tajweed class=ikhafa>ن ج</tajweed>َلَ<tajweed class=madda_normal>ـٰ</tajweed>بِيبِهِ<tajweed class=ghunnah>نّ</tajweed>َۚ ذ<tajweed class=madda_normal>َٲ</tajweed>لِكَ أَ<tajweed class=qalaqah>دْ</tajweed>نَ<tajweed class=madda_obligatory>ىٰٓ</tajweed> أ<tajweed class=idgham_ghunnah>َن ي</tajweed>ُعْرَفْنَ فَلَا يُؤْذَيْنَۗ وَكَانَ <tajweed class=ham_wasl>ٱ</tajweed>للَّهُ غَفُو<tajweed class=idgham_wo_ghunnah>رًا ر</tajweed>َّحِيمًا <span class=end>٥٩</span>","End":"٥٩","PageNumber":426,"JuzNumber":22,"ManzilNumber":5,"RukuNumber":368,"MaqraNumber":170,"HizbNumber":43,"HizbDecimal":0.25,"HasSajda":false},{"SurahNumber":33,"SurahIndex":"033","VerseNumber":60,"ShowSurahName":false,"ShowBismillah":false,"Text":"۞لَّئِن لَّمۡ يَنتَهِ ٱلۡمُنَٰفِقُونَ وَٱلَّذِينَ فِي قُلُوبِهِم مَّرَضٞ وَٱلۡمُرۡجِفُونَ فِي ٱلۡمَدِينَةِ لَنُغۡرِيَنَّكَ بِهِمۡ ثُمَّ لَا يُجَاوِرُونَكَ فِيهَآ إِلَّا قَلِيلٗا","TajweedText":"۞ لَّئ<tajweed class=idgham_wo_ghunnah>ِن ل</tajweed>َّمْ يَ<tajweed class=ikhafa>نت</tajweed>َهِ <tajweed class=ham_wasl>ٱ</tajweed>لْمُنَ<tajweed class=madda_normal>ـٰ</tajweed>فِقُونَ وَ<tajweed class=ham_wasl>ٱ</tajweed>لَّذِينَ فِى قُلُوبِه<tajweed class=idgham_shafawi>ِم م</tajweed>َّرَ<tajweed class=idgham_ghunnah>ضٌ و</tajweed>َ<tajweed class=ham_wasl>ٱ</tajweed>لْمُرْجِفُونَ فِى <tajweed class=ham_wasl>ٱ</tajweed>لْمَدِينَةِ لَنُغْرِيَ<tajweed class=ghunnah>نّ</tajweed>َكَ بِهِمْ ثُ<tajweed class=ghunnah>مّ</tajweed>َ لَا يُجَاوِرُونَكَ فِيه<tajweed class=madda_obligatory>َآ</tajweed> إِلَّا قَلِيلاً <span class=end>٦٠</span>","End":"٦٠","PageNumber":426,"JuzNumber":22,"ManzilNumber":5,"RukuNumber":368,"MaqraNumber":171,"HizbNumber":43,"HizbDecimal":0.5,"HasSajda":false},{"SurahNumber":33,"SurahIndex":"033","VerseNumber":61,"ShowSurahName":false,"ShowBismillah":false,"Text":"مَّلۡعُونِينَۖ أَيۡنَمَا ثُقِفُوٓاْ أُخِذُواْ وَقُتِّلُواْ تَقۡتِيلٗا","TajweedText":"مَّلْعُونِينَۖ أَيْنَمَا ثُقِف<tajweed class=madda_obligatory>ُوٓ</tajweed><tajweed class=slnt>اْ</tajweed> أُخِذُو<tajweed class=slnt>اْ</tajweed> وَقُتِّلُو<tajweed class=slnt>اْ</tajweed> تَ<tajweed class=qalaqah>قْ</tajweed>تِيلاً <span class=end>٦١</span>","End":"٦١","PageNumber":426,"JuzNumber":22,"ManzilNumber":5,"RukuNumber":368,"MaqraNumber":171,"HizbNumber":43,"HizbDecimal":0.5,"HasSajda":false},{"SurahNumber":33,"SurahIndex":"033","VerseNumber":62,"ShowSurahName":false,"ShowBismillah":false,"Text":"سُنَّةَ ٱللَّهِ فِي ٱلَّذِينَ خَلَوۡاْ مِن قَبۡلُۖ وَلَن تَجِدَ لِسُنَّةِ ٱللَّهِ تَبۡدِيلٗا","TajweedText":"سُ<tajweed class=ghunnah>نّ</tajweed>َةَ <tajweed class=ham_wasl>ٱ</tajweed>للَّهِ فِى <tajweed class=ham_wasl>ٱ</tajweed>لَّذِينَ خَلَوْ<tajweed class=slnt>اْ</tajweed> مِ<tajweed class=ikhafa>ن ق</tajweed>َ<tajweed class=qalaqah>بْ</tajweed>لُۖ وَلَ<tajweed class=ikhafa>ن ت</tajweed>َجِدَ لِسُ<tajweed class=ghunnah>نّ</tajweed>َةِ <tajweed class=ham_wasl>ٱ</tajweed>للَّهِ تَ<tajweed class=qalaqah>بْ</tajweed>دِيلاً <span class=end>٦٢</span>","End":"٦٢","PageNumber":426,"JuzNumber":22,"ManzilNumber":5,"RukuNumber":368,"MaqraNumber":171,"HizbNumber":43,"HizbDecimal":0.5,"HasSajda":false},{"SurahNumber":33,"SurahIndex":"033","VerseNumber":63,"ShowSurahName":false,"ShowBismillah":false,"Text":"يَسۡـَٔلُكَ ٱلنَّاسُ عَنِ ٱلسَّاعَةِۖ قُلۡ إِنَّمَا عِلۡمُهَا عِندَ ٱللَّهِۚ وَمَا يُدۡرِيكَ لَعَلَّ ٱلسَّاعَةَ تَكُونُ قَرِيبًا","TajweedText":"يَسْــَٔلُكَ <tajweed class=ham_wasl>ٱ</tajweed><tajweed class=laam_shamsiyah>ل</tajweed><tajweed class=ghunnah>نّ</tajweed>َاسُ عَنِ <tajweed class=ham_wasl>ٱ</tajweed><tajweed class=laam_shamsiyah>ل</tajweed>سَّاعَةِۖ قُلْ إِ<tajweed class=ghunnah>نّ</tajweed>َمَا عِلْمُهَا عِ<tajweed class=ikhafa>ند</tajweed>َ <tajweed class=ham_wasl>ٱ</tajweed>للَّهِۚ وَمَا يُ<tajweed class=qalaqah>دْ</tajweed>رِيكَ لَعَلَّ <tajweed class=ham_wasl>ٱ</tajweed><tajweed class=laam_shamsiyah>ل</tajweed>سَّاعَةَ تَكُونُ قَرِيبًا <span class=end>٦٣</span>","End":"٦٣","PageNumber":427,"JuzNumber":22,"ManzilNumber":5,"RukuNumber":368,"MaqraNumber":171,"HizbNumber":43,"HizbDecimal":0.5,"HasSajda":false},{"SurahNumber":33,"SurahIndex":"033","VerseNumber":64,"ShowSurahName":false,"ShowBismillah":false,"Text":"إِنَّ ٱللَّهَ لَعَنَ ٱلۡكَٰفِرِينَ وَأَعَدَّ لَهُمۡ سَعِيرًا","TajweedText":"إِ<tajweed class=ghunnah>نّ</tajweed>َ <tajweed class=ham_wasl>ٱ</tajweed>للَّهَ لَعَنَ <tajweed class=ham_wasl>ٱ</tajweed>لْكَ<tajweed class=madda_normal>ـٰ</tajweed>فِرِينَ وَأَعَدَّ لَهُمْ سَعِيرًا <span class=end>٦٤</span>","End":"٦٤","PageNumber":427,"JuzNumber":22,"ManzilNumber":5,"RukuNumber":368,"MaqraNumber":171,"HizbNumber":43,"HizbDecimal":0.5,"HasSajda":false},{"SurahNumber":33,"SurahIndex":"033","VerseNumber":65,"ShowSurahName":false,"ShowBismillah":false,"Text":"خَٰلِدِينَ فِيهَآ أَبَدٗاۖ لَّا يَجِدُونَ وَلِيّٗا وَلَا نَصِيرٗا","TajweedText":"خَ<tajweed class=madda_normal>ـٰ</tajweed>لِدِينَ فِيه<tajweed class=madda_obligatory>َآ</tajweed> أَبَ<tajweed class=idgham_wo_ghunnah>دًاۖ ل</tajweed>َّا يَجِدُونَ وَلِي<tajweed class=idgham_ghunnah>ًّا و</tajweed>َلَا نَصِيرًا <span class=end>٦٥</span>","End":"٦٥","PageNumber":427,"JuzNumber":22,"ManzilNumber":5,"RukuNumber":368,"MaqraNumber":171,"HizbNumber":43,"HizbDecimal":0.5,"HasSajda":false},{"SurahNumber":33,"SurahIndex":"033","VerseNumber":66,"ShowSurahName":false,"ShowBismillah":false,"Text":"يَوۡمَ تُقَلَّبُ وُجُوهُهُمۡ فِي ٱلنَّارِ يَقُولُونَ يَٰلَيۡتَنَآ أَطَعۡنَا ٱللَّهَ وَأَطَعۡنَا ٱلرَّسُولَا۠","TajweedText":"يَوْمَ تُقَلَّبُ وُجُوهُهُمْ فِى <tajweed class=ham_wasl>ٱ</tajweed><tajweed class=laam_shamsiyah>ل</tajweed><tajweed class=ghunnah>نّ</tajweed>َارِ يَقُولُونَ يَ<tajweed class=madda_normal>ـٰ</tajweed>لَيْتَن<tajweed class=madda_obligatory>َآ</tajweed> أَطَعْنَا <tajweed class=ham_wasl>ٱ</tajweed>للَّهَ وَأَطَعْنَا <tajweed class=ham_wasl>ٱ</tajweed><tajweed class=laam_shamsiyah>ل</tajweed>رَّسُولَا۟ <span class=end>٦٦</span>","End":"٦٦","PageNumber":427,"JuzNumber":22,"ManzilNumber":5,"RukuNumber":368,"MaqraNumber":171,"HizbNumber":43,"HizbDecimal":0.5,"HasSajda":false},{"SurahNumber":33,"SurahIndex":"033","VerseNumber":67,"ShowSurahName":false,"ShowBismillah":false,"Text":"وَقَالُواْ رَبَّنَآ إِنَّآ أَطَعۡنَا سَادَتَنَا وَكُبَرَآءَنَا فَأَضَلُّونَا ٱلسَّبِيلَا۠","TajweedText":"وَقَالُو<tajweed class=slnt>اْ</tajweed> رَبَّن<tajweed class=madda_obligatory>َآ</tajweed> إِ<tajweed class=ghunnah>نّ</tajweed><tajweed class=madda_obligatory>َآ</tajweed> أَطَعْنَا سَادَتَنَا وَكُبَر<tajweed class=madda_obligatory>َا</tajweed>ٓءَنَا فَأَضَلُّونَا <tajweed class=ham_wasl>ٱ</tajweed><tajweed class=laam_shamsiyah>ل</tajweed>سَّبِيلَا۟ <span class=end>٦٧</span>","End":"٦٧","PageNumber":427,"JuzNumber":22,"ManzilNumber":5,"RukuNumber":368,"MaqraNumber":171,"HizbNumber":43,"HizbDecimal":0.5,"HasSajda":false},{"SurahNumber":33,"SurahIndex":"033","VerseNumber":68,"ShowSurahName":false,"ShowBismillah":false,"Text":"رَبَّنَآ ءَاتِهِمۡ ضِعۡفَيۡنِ مِنَ ٱلۡعَذَابِ وَٱلۡعَنۡهُمۡ لَعۡنٗا كَبِيرٗا","TajweedText":"رَبَّن<tajweed class=madda_obligatory>َآ</tajweed> ءَاتِهِمْ ضِعْفَيْنِ مِنَ <tajweed class=ham_wasl>ٱ</tajweed>لْعَذَابِ وَ<tajweed class=ham_wasl>ٱ</tajweed>لْعَنْهُمْ لَعْ<tajweed class=ikhafa>نًا ك</tajweed>َبِيرًا <span class=end>٦٨</span>","End":"٦٨","PageNumber":427,"JuzNumber":22,"ManzilNumber":5,"RukuNumber":368,"MaqraNumber":171,"HizbNumber":43,"HizbDecimal":0.5,"HasSajda":false}]}