{"RukuNumber":544,"Verses":[{"SurahNumber":102,"SurahIndex":"102","VerseNumber":1,"ShowSurahName":true,"ShowBismillah":true,"Text":"أَلۡهَىٰكُمُ ٱلتَّكَاثُرُ","TajweedText":"أَلْهَ<tajweed class=madda_normal>ـٰ</tajweed>كُمُ <tajweed class=ham_wasl>ٱ</tajweed><tajweed class=laam_shamsiyah>ل</tajweed>تَّكَاثُرُ <span class=end>١</span>","End":"١","PageNumber":600,"JuzNumber":30,"ManzilNumber":7,"RukuNumber":544,"MaqraNumber":240,"HizbNumber":60,"HizbDecimal":0.75,"HasSajda":false},{"SurahNumber":102,"SurahIndex":"102","VerseNumber":2,"ShowSurahName":false,"ShowBismillah":false,"Text":"حَتَّىٰ زُرۡتُمُ ٱلۡمَقَابِرَ","TajweedText":"حَتَّىٰ زُرْتُمُ <tajweed class=ham_wasl>ٱ</tajweed>لْمَقَابِرَ <span class=end>٢</span>","End":"٢","PageNumber":600,"JuzNumber":30,"ManzilNumber":7,"RukuNumber":544,"MaqraNumber":240,"HizbNumber":60,"HizbDecimal":0.75,"HasSajda":false},{"SurahNumber":102,"SurahIndex":"102","VerseNumber":3,"ShowSurahName":false,"ShowBismillah":false,"Text":"كَلَّا سَوۡفَ تَعۡلَمُونَ","TajweedText":"كَلَّا سَوْفَ تَعْلَم<tajweed class=madda_permissible>ُو</tajweed>نَ <span class=end>٣</span>","End":"٣","PageNumber":600,"JuzNumber":30,"ManzilNumber":7,"RukuNumber":544,"MaqraNumber":240,"HizbNumber":60,"HizbDecimal":0.75,"HasSajda":false},{"SurahNumber":102,"SurahIndex":"102","VerseNumber":4,"ShowSurahName":false,"ShowBismillah":false,"Text":"ثُمَّ كَلَّا سَوۡفَ تَعۡلَمُونَ","TajweedText":"ثُ<tajweed class=ghunnah>مّ</tajweed>َ كَلَّا سَوْفَ تَعْلَم<tajweed class=madda_permissible>ُو</tajweed>نَ <span class=end>٤</span>","End":"٤","PageNumber":600,"JuzNumber":30,"ManzilNumber":7,"RukuNumber":544,"MaqraNumber":240,"HizbNumber":60,"HizbDecimal":0.75,"HasSajda":false},{"SurahNumber":102,"SurahIndex":"102","VerseNumber":5,"ShowSurahName":false,"ShowBismillah":false,"Text":"كَلَّا لَوۡ تَعۡلَمُونَ عِلۡمَ ٱلۡيَقِينِ","TajweedText":"كَلَّا لَوْ تَعْلَمُونَ عِلْمَ <tajweed class=ham_wasl>ٱ</tajweed>لْيَق<tajweed class=madda_permissible>ِي</tajweed>نِ <span class=end>٥</span>","End":"٥","PageNumber":600,"JuzNumber":30,"ManzilNumber":7,"RukuNumber":544,"MaqraNumber":240,"HizbNumber":60,"HizbDecimal":0.75,"HasSajda":false},{"SurahNumber":102,"SurahIndex":"102","VerseNumber":6,"ShowSurahName":false,"ShowBismillah":false,"Text":"لَتَرَوُنَّ ٱلۡجَحِيمَ","TajweedText":"لَتَرَوُ<tajweed class=ghunnah>نّ</tajweed>َ <tajweed class=ham_wasl>ٱ</tajweed>لْجَح<tajweed class=madda_permissible>ِي</tajweed>مَ <span class=end>٦</span>","End":"٦","PageNumber":600,"JuzNumber":30,"ManzilNumber":7,"RukuNumber":544,"MaqraNumber":240,"HizbNumber":60,"HizbDecimal":0.75,"HasSajda":false},{"SurahNumber":102,"SurahIndex":"102","VerseNumber":7,"ShowSurahName":false,"ShowBismillah":false,"Text":"ثُمَّ لَتَرَوُنَّهَا عَيۡنَ ٱلۡيَقِينِ","TajweedText":"ثُ<tajweed class=ghunnah>مّ</tajweed>َ لَتَرَوُ<tajweed class=ghunnah>نّ</tajweed>َهَا عَيْنَ <tajweed class=ham_wasl>ٱ</tajweed>لْيَق<tajweed class=madda_permissible>ِي</tajweed>نِ <span class=end>٧</span>","End":"٧","PageNumber":600,"JuzNumber":30,"ManzilNumber":7,"RukuNumber":544,"MaqraNumber":240,"HizbNumber":60,"HizbDecimal":0.75,"HasSajda":false},{"SurahNumber":102,"SurahIndex":"102","VerseNumber":8,"ShowSurahName":false,"ShowBismillah":false,"Text":"ثُمَّ لَتُسۡـَٔلُنَّ يَوۡمَئِذٍ عَنِ ٱلنَّعِيمِ","TajweedText":"ثُ<tajweed class=ghunnah>مّ</tajweed>َ لَتُسْــَٔلُ<tajweed class=ghunnah>نّ</tajweed>َ يَوْمَئِذٍ عَنِ <tajweed class=ham_wasl>ٱ</tajweed><tajweed class=laam_shamsiyah>ل</tajweed><tajweed class=ghunnah>نّ</tajweed>َع<tajweed class=madda_permissible>ِي</tajweed>مِ <span class=end>٨</span>","End":"٨","PageNumber":600,"JuzNumber":30,"ManzilNumber":7,"RukuNumber":544,"MaqraNumber":240,"HizbNumber":60,"HizbDecimal":0.75,"HasSajda":false}]}