{"RukuNumber":230,"Verses":[{"SurahNumber":16,"SurahIndex":"016","VerseNumber":51,"ShowSurahName":false,"ShowBismillah":false,"Text":"۞وَقَالَ ٱللَّهُ لَا تَتَّخِذُوٓاْ إِلَٰهَيۡنِ ٱثۡنَيۡنِۖ إِنَّمَا هُوَ إِلَٰهٞ وَٰحِدٞ فَإِيَّـٰيَ فَٱرۡهَبُونِ","TajweedText":"۞ وَقَالَ <tajweed class=ham_wasl>ٱ</tajweed>للَّهُ لَا تَتَّخِذ<tajweed class=madda_obligatory>ُوٓ</tajweed><tajweed class=slnt>اْ</tajweed> إِلَ<tajweed class=madda_normal>ـٰ</tajweed>هَيْنِ <tajweed class=ham_wasl>ٱ</tajweed>ثْنَيْنِ‌ۖ إِ<tajweed class=ghunnah>نّ</tajweed>َمَا هُوَ إِلَ<tajweed class=madda_normal>ـٰ</tajweed><tajweed class=idgham_ghunnah>هٌ و</tajweed><tajweed class=madda_normal>َٲ</tajweed>حِ<tajweed class=ikhafa>دٌ‌ۖ ف</tajweed>َإِيَّ<tajweed class=madda_normal>ـٰ</tajweed>ىَ فَ<tajweed class=ham_wasl>ٱ</tajweed>رْهَب<tajweed class=madda_permissible>ُو</tajweed>نِ <span class=end>٥١</span>","End":"٥١","PageNumber":272,"JuzNumber":14,"ManzilNumber":3,"RukuNumber":230,"MaqraNumber":109,"HizbNumber":28,"HizbDecimal":0.0,"HasSajda":false},{"SurahNumber":16,"SurahIndex":"016","VerseNumber":52,"ShowSurahName":false,"ShowBismillah":false,"Text":"وَلَهُۥ مَا فِي ٱلسَّمَٰوَٰتِ وَٱلۡأَرۡضِ وَلَهُ ٱلدِّينُ وَاصِبًاۚ أَفَغَيۡرَ ٱللَّهِ تَتَّقُونَ","TajweedText":"وَلَهُ<tajweed class=madda_normal>ۥ</tajweed> مَا فِى <tajweed class=ham_wasl>ٱ</tajweed><tajweed class=laam_shamsiyah>ل</tajweed>سَّمَ<tajweed class=madda_normal>ـٰ</tajweed>و<tajweed class=madda_normal>َٲ</tajweed>تِ وَ<tajweed class=ham_wasl>ٱ</tajweed>لْأَرْضِ وَلَهُ <tajweed class=ham_wasl>ٱ</tajweed><tajweed class=laam_shamsiyah>ل</tajweed>دِّينُ وَاصِبًا‌ۚ أَفَغَيْرَ <tajweed class=ham_wasl>ٱ</tajweed>للَّهِ تَتَّق<tajweed class=madda_permissible>ُو</tajweed>نَ <span class=end>٥٢</span>","End":"٥٢","PageNumber":272,"JuzNumber":14,"ManzilNumber":3,"RukuNumber":230,"MaqraNumber":109,"HizbNumber":28,"HizbDecimal":0.0,"HasSajda":false},{"SurahNumber":16,"SurahIndex":"016","VerseNumber":53,"ShowSurahName":false,"ShowBismillah":false,"Text":"وَمَا بِكُم مِّن نِّعۡمَةٖ فَمِنَ ٱللَّهِۖ ثُمَّ إِذَا مَسَّكُمُ ٱلضُّرُّ فَإِلَيۡهِ تَجۡـَٔرُونَ","TajweedText":"وَمَا بِك<tajweed class=idgham_shafawi>ُم م</tajweed>ّ<tajweed class=idgham_ghunnah>ِن ن</tajweed>ِّعْمَ<tajweed class=ikhafa>ةٍ ف</tajweed>َمِنَ <tajweed class=ham_wasl>ٱ</tajweed>للَّهِ‌ۖ ثُ<tajweed class=ghunnah>مّ</tajweed>َ إِذَا مَسَّكُمُ <tajweed class=ham_wasl>ٱ</tajweed><tajweed class=laam_shamsiyah>ل</tajweed>ضُّرُّ فَإِلَيْهِ تَ<tajweed class=qalaqah>جْ</tajweed>ــَٔر<tajweed class=madda_permissible>ُو</tajweed>نَ <span class=end>٥٣</span>","End":"٥٣","PageNumber":272,"JuzNumber":14,"ManzilNumber":3,"RukuNumber":230,"MaqraNumber":109,"HizbNumber":28,"HizbDecimal":0.0,"HasSajda":false},{"SurahNumber":16,"SurahIndex":"016","VerseNumber":54,"ShowSurahName":false,"ShowBismillah":false,"Text":"ثُمَّ إِذَا كَشَفَ ٱلضُّرَّ عَنكُمۡ إِذَا فَرِيقٞ مِّنكُم بِرَبِّهِمۡ يُشۡرِكُونَ","TajweedText":"ثُ<tajweed class=ghunnah>مّ</tajweed>َ إِذَا كَشَفَ <tajweed class=ham_wasl>ٱ</tajweed><tajweed class=laam_shamsiyah>ل</tajweed>ضُّرَّ عَ<tajweed class=ikhafa>نك</tajweed>ُمْ إِذَا فَرِي<tajweed class=idgham_ghunnah>قٌ م</tajweed>ِّ<tajweed class=ikhafa>نك</tajweed><tajweed class=ikhafa_shafawi>ُم ب</tajweed>ِرَبِّهِمْ يُشْرِك<tajweed class=madda_permissible>ُو</tajweed>نَ <span class=end>٥٤</span>","End":"٥٤","PageNumber":272,"JuzNumber":14,"ManzilNumber":3,"RukuNumber":230,"MaqraNumber":109,"HizbNumber":28,"HizbDecimal":0.0,"HasSajda":false},{"SurahNumber":16,"SurahIndex":"016","VerseNumber":55,"ShowSurahName":false,"ShowBismillah":false,"Text":"لِيَكۡفُرُواْ بِمَآ ءَاتَيۡنَٰهُمۡۚ فَتَمَتَّعُواْ فَسَوۡفَ تَعۡلَمُونَ","TajweedText":"لِيَكْفُرُو<tajweed class=slnt>اْ</tajweed> بِم<tajweed class=madda_obligatory>َآ</tajweed> ءَاتَيْنَ<tajweed class=madda_normal>ـٰ</tajweed>هُمْ‌ۚ فَتَمَتَّعُو<tajweed class=slnt>اْ‌ۖ</tajweed> فَسَوْفَ تَعْلَم<tajweed class=madda_permissible>ُو</tajweed>نَ <span class=end>٥٥</span>","End":"٥٥","PageNumber":273,"JuzNumber":14,"ManzilNumber":3,"RukuNumber":230,"MaqraNumber":109,"HizbNumber":28,"HizbDecimal":0.0,"HasSajda":false},{"SurahNumber":16,"SurahIndex":"016","VerseNumber":56,"ShowSurahName":false,"ShowBismillah":false,"Text":"وَيَجۡعَلُونَ لِمَا لَا يَعۡلَمُونَ نَصِيبٗا مِّمَّا رَزَقۡنَٰهُمۡۗ تَٱللَّهِ لَتُسۡـَٔلُنَّ عَمَّا كُنتُمۡ تَفۡتَرُونَ","TajweedText":"وَيَ<tajweed class=qalaqah>جْ</tajweed>عَلُونَ لِمَا لَا يَعْلَمُونَ نَصِي<tajweed class=idgham_ghunnah>بًا م</tajweed>ِّ<tajweed class=ghunnah>مّ</tajweed>َا رَزَ<tajweed class=qalaqah>قْ</tajweed>نَ<tajweed class=madda_normal>ـٰ</tajweed>هُمْ‌ۗ تَ<tajweed class=ham_wasl>ٱ</tajweed>للَّهِ لَتُسْــَٔلُ<tajweed class=ghunnah>نّ</tajweed>َ عَ<tajweed class=ghunnah>مّ</tajweed>َا كُ<tajweed class=ikhafa>نت</tajweed>ُمْ تَفْتَر<tajweed class=madda_permissible>ُو</tajweed>نَ <span class=end>٥٦</span>","End":"٥٦","PageNumber":273,"JuzNumber":14,"ManzilNumber":3,"RukuNumber":230,"MaqraNumber":109,"HizbNumber":28,"HizbDecimal":0.0,"HasSajda":false},{"SurahNumber":16,"SurahIndex":"016","VerseNumber":57,"ShowSurahName":false,"ShowBismillah":false,"Text":"وَيَجۡعَلُونَ لِلَّهِ ٱلۡبَنَٰتِ سُبۡحَٰنَهُۥ وَلَهُم مَّا يَشۡتَهُونَ","TajweedText":"وَيَ<tajweed class=qalaqah>جْ</tajweed>عَلُونَ لِلَّهِ <tajweed class=ham_wasl>ٱ</tajweed>لْبَنَ<tajweed class=madda_normal>ـٰ</tajweed>تِ سُ<tajweed class=qalaqah>بْ</tajweed>حَ<tajweed class=madda_normal>ـٰ</tajweed>نَهُ<tajweed class=madda_normal>ۥ</tajweed>‌ۙ وَلَه<tajweed class=idgham_shafawi>ُم م</tajweed>َّا يَشْتَه<tajweed class=madda_permissible>ُو</tajweed>نَ <span class=end>٥٧</span>","End":"٥٧","PageNumber":273,"JuzNumber":14,"ManzilNumber":3,"RukuNumber":230,"MaqraNumber":109,"HizbNumber":28,"HizbDecimal":0.0,"HasSajda":false},{"SurahNumber":16,"SurahIndex":"016","VerseNumber":58,"ShowSurahName":false,"ShowBismillah":false,"Text":"وَإِذَا بُشِّرَ أَحَدُهُم بِٱلۡأُنثَىٰ ظَلَّ وَجۡهُهُۥ مُسۡوَدّٗا وَهُوَ كَظِيمٞ","TajweedText":"وَإِذَا بُشِّرَ أَحَدُه<tajweed class=ikhafa_shafawi>ُم ب</tajweed>ِ<tajweed class=ham_wasl>ٱ</tajweed>لْأُ<tajweed class=ikhafa>نث</tajweed>َىٰ ظَلَّ وَ<tajweed class=qalaqah>جْ</tajweed>هُهُ<tajweed class=madda_normal>ۥ</tajweed> مُسْوَد<tajweed class=idgham_ghunnah>ًّا و</tajweed>َهُوَ كَظ<tajweed class=madda_permissible>ِي</tajweed>مٌ <span class=end>٥٨</span>","End":"٥٨","PageNumber":273,"JuzNumber":14,"ManzilNumber":3,"RukuNumber":230,"MaqraNumber":109,"HizbNumber":28,"HizbDecimal":0.0,"HasSajda":false},{"SurahNumber":16,"SurahIndex":"016","VerseNumber":59,"ShowSurahName":false,"ShowBismillah":false,"Text":"يَتَوَٰرَىٰ مِنَ ٱلۡقَوۡمِ مِن سُوٓءِ مَا بُشِّرَ بِهِۦٓۚ أَيُمۡسِكُهُۥ عَلَىٰ هُونٍ أَمۡ يَدُسُّهُۥ فِي ٱلتُّرَابِۗ أَلَا سَآءَ مَا يَحۡكُمُونَ","TajweedText":"يَتَو<tajweed class=madda_normal>َٲ</tajweed>رَىٰ مِنَ <tajweed class=ham_wasl>ٱ</tajweed>لْقَوْمِ مِ<tajweed class=ikhafa>ن س</tajweed><tajweed class=madda_obligatory>ُو</tajweed>ٓءِ مَا بُشِّرَ بِه<tajweed class=madda_obligatory>ِۦٓ‌ۚ</tajweed> أَيُمْسِكُهُ<tajweed class=madda_normal>ۥ</tajweed> عَلَىٰ هُونٍ أَمْ يَدُسُّهُ<tajweed class=madda_normal>ۥ</tajweed> فِى <tajweed class=ham_wasl>ٱ</tajweed><tajweed class=laam_shamsiyah>ل</tajweed>تُّرَابِ‌ۗ أَلَا س<tajweed class=madda_obligatory>َا</tajweed>ٓءَ مَا يَحْكُم<tajweed class=madda_permissible>ُو</tajweed>نَ <span class=end>٥٩</span>","End":"٥٩","PageNumber":273,"JuzNumber":14,"ManzilNumber":3,"RukuNumber":230,"MaqraNumber":109,"HizbNumber":28,"HizbDecimal":0.0,"HasSajda":false},{"SurahNumber":16,"SurahIndex":"016","VerseNumber":60,"ShowSurahName":false,"ShowBismillah":false,"Text":"لِلَّذِينَ لَا يُؤۡمِنُونَ بِٱلۡأٓخِرَةِ مَثَلُ ٱلسَّوۡءِۖ وَلِلَّهِ ٱلۡمَثَلُ ٱلۡأَعۡلَىٰۚ وَهُوَ ٱلۡعَزِيزُ ٱلۡحَكِيمُ","TajweedText":"لِلَّذِينَ لَا يُؤْمِنُونَ بِ<tajweed class=ham_wasl>ٱ</tajweed>لْأَخِرَةِ مَثَلُ <tajweed class=ham_wasl>ٱ</tajweed><tajweed class=laam_shamsiyah>ل</tajweed>سَّوْءِ‌ۖ وَلِلَّهِ <tajweed class=ham_wasl>ٱ</tajweed>لْمَثَلُ <tajweed class=ham_wasl>ٱ</tajweed>لْأَعْلَىٰ‌ۚ وَهُوَ <tajweed class=ham_wasl>ٱ</tajweed>لْعَزِيزُ <tajweed class=ham_wasl>ٱ</tajweed>لْحَك<tajweed class=madda_permissible>ِي</tajweed>مُ <span class=end>٦٠</span>","End":"٦٠","PageNumber":273,"JuzNumber":14,"ManzilNumber":3,"RukuNumber":230,"MaqraNumber":109,"HizbNumber":28,"HizbDecimal":0.0,"HasSajda":false}]}