{"RukuNumber":5,"Verses":[{"SurahNumber":2,"SurahIndex":"002","VerseNumber":30,"ShowSurahName":false,"ShowBismillah":false,"Text":"وَإِذۡ قَالَ رَبُّكَ لِلۡمَلَـٰٓئِكَةِ إِنِّي جَاعِلٞ فِي ٱلۡأَرۡضِ خَلِيفَةٗۖ قَالُوٓاْ أَتَجۡعَلُ فِيهَا مَن يُفۡسِدُ فِيهَا وَيَسۡفِكُ ٱلدِّمَآءَ وَنَحۡنُ نُسَبِّحُ بِحَمۡدِكَ وَنُقَدِّسُ لَكَۖ قَالَ إِنِّيٓ أَعۡلَمُ مَا لَا تَعۡلَمُونَ","TajweedText":"وَإِذْ قَالَ رَبُّكَ لِلْمَلَ<tajweed class=madda_obligatory>ـٰٓ</tajweed>ئِكَةِ إِ<tajweed class=ghunnah>نّ</tajweed>ِى جَاعِ<tajweed class=ikhafa>لٌ ف</tajweed>ِى <tajweed class=ham_wasl>ٱ</tajweed>لْأَرْضِ خَلِيفَ<tajweed class=ikhafa>ةً‌ۖ ق</tajweed>َال<tajweed class=madda_obligatory>ُوٓ</tajweed><tajweed class=slnt>اْ</tajweed> أَتَ<tajweed class=qalaqah>جْ</tajweed>عَلُ فِيهَا م<tajweed class=idgham_ghunnah>َن ي</tajweed>ُفْسِدُ فِيهَا وَيَسْفِكُ <tajweed class=ham_wasl>ٱ</tajweed><tajweed class=laam_shamsiyah>ل</tajweed>دِّم<tajweed class=madda_obligatory>َا</tajweed>ٓءَ وَنَحْنُ نُسَبِّحُ بِحَمْدِكَ وَنُقَدِّسُ لَكَ‌ۖ قَالَ إِ<tajweed class=ghunnah>نّ</tajweed><tajweed class=madda_obligatory>ِىٓ</tajweed> أَعْلَمُ مَا لَا تَعْلَم<tajweed class=madda_permissible>ُو</tajweed>نَ <span class=end>٣٠</span>","End":"٣٠","PageNumber":6,"JuzNumber":1,"ManzilNumber":1,"RukuNumber":5,"MaqraNumber":2,"HizbNumber":1,"HizbDecimal":0.25,"HasSajda":false},{"SurahNumber":2,"SurahIndex":"002","VerseNumber":31,"ShowSurahName":false,"ShowBismillah":false,"Text":"وَعَلَّمَ ءَادَمَ ٱلۡأَسۡمَآءَ كُلَّهَا ثُمَّ عَرَضَهُمۡ عَلَى ٱلۡمَلَـٰٓئِكَةِ فَقَالَ أَنۢبِـُٔونِي بِأَسۡمَآءِ هَـٰٓؤُلَآءِ إِن كُنتُمۡ صَٰدِقِينَ","TajweedText":"وَعَلَّمَ ءَادَمَ <tajweed class=ham_wasl>ٱ</tajweed>لْأَسْم<tajweed class=madda_obligatory>َا</tajweed>ٓءَ كُلَّهَا ثُ<tajweed class=ghunnah>مّ</tajweed>َ عَرَضَهُمْ عَلَى <tajweed class=ham_wasl>ٱ</tajweed>لْمَلَ<tajweed class=madda_obligatory>ـٰٓ</tajweed>ئِكَةِ فَقَالَ أَ<tajweed class=iqlab>نۢب</tajweed>ِــُٔونِى بِأَسْم<tajweed class=madda_obligatory>َا</tajweed>ٓءِ هَ<tajweed class=madda_obligatory>ـٰٓ</tajweed>ؤُل<tajweed class=madda_obligatory>َا</tajweed>ٓءِ إِ<tajweed class=ikhafa>ن ك</tajweed>ُ<tajweed class=ikhafa>نت</tajweed>ُمْ صَ<tajweed class=madda_normal>ـٰ</tajweed>دِق<tajweed class=madda_permissible>ِي</tajweed>نَ <span class=end>٣١</span>","End":"٣١","PageNumber":6,"JuzNumber":1,"ManzilNumber":1,"RukuNumber":5,"MaqraNumber":2,"HizbNumber":1,"HizbDecimal":0.25,"HasSajda":false},{"SurahNumber":2,"SurahIndex":"002","VerseNumber":32,"ShowSurahName":false,"ShowBismillah":false,"Text":"قَالُواْ سُبۡحَٰنَكَ لَا عِلۡمَ لَنَآ إِلَّا مَا عَلَّمۡتَنَآۖ إِنَّكَ أَنتَ ٱلۡعَلِيمُ ٱلۡحَكِيمُ","TajweedText":"قَالُو<tajweed class=slnt>اْ</tajweed> سُ<tajweed class=qalaqah>بْ</tajweed>حَ<tajweed class=madda_normal>ـٰ</tajweed>نَكَ لَا عِلْمَ لَن<tajweed class=madda_obligatory>َآ</tajweed> إِلَّا مَا عَلَّمْتَن<tajweed class=madda_obligatory>َآ‌ۖ</tajweed> إِ<tajweed class=ghunnah>نّ</tajweed>َكَ أَ<tajweed class=ikhafa>نت</tajweed>َ <tajweed class=ham_wasl>ٱ</tajweed>لْعَلِيمُ <tajweed class=ham_wasl>ٱ</tajweed>لْحَك<tajweed class=madda_permissible>ِي</tajweed>مُ <span class=end>٣٢</span>","End":"٣٢","PageNumber":6,"JuzNumber":1,"ManzilNumber":1,"RukuNumber":5,"MaqraNumber":2,"HizbNumber":1,"HizbDecimal":0.25,"HasSajda":false},{"SurahNumber":2,"SurahIndex":"002","VerseNumber":33,"ShowSurahName":false,"ShowBismillah":false,"Text":"قَالَ يَـٰٓـَٔادَمُ أَنۢبِئۡهُم بِأَسۡمَآئِهِمۡۖ فَلَمَّآ أَنۢبَأَهُم بِأَسۡمَآئِهِمۡ قَالَ أَلَمۡ أَقُل لَّكُمۡ إِنِّيٓ أَعۡلَمُ غَيۡبَ ٱلسَّمَٰوَٰتِ وَٱلۡأَرۡضِ وَأَعۡلَمُ مَا تُبۡدُونَ وَمَا كُنتُمۡ تَكۡتُمُونَ","TajweedText":"قَالَ يَ<tajweed class=madda_obligatory>ـٰٓـ</tajweed>ــَٔادَمُ أَ<tajweed class=iqlab>نۢب</tajweed>ِئْه<tajweed class=ikhafa_shafawi>ُم ب</tajweed>ِأَسْم<tajweed class=madda_obligatory>َا</tajweed>ٓئِهِمْ‌ۖ فَلَ<tajweed class=ghunnah>مّ</tajweed><tajweed class=madda_obligatory>َآ</tajweed> أَ<tajweed class=iqlab>نۢب</tajweed>َأَه<tajweed class=ikhafa_shafawi>ُم ب</tajweed>ِأَسْم<tajweed class=madda_obligatory>َا</tajweed>ٓئِهِمْ قَالَ أَلَمْ أَقُل لَّكُمْ إِ<tajweed class=ghunnah>نّ</tajweed><tajweed class=madda_obligatory>ِىٓ</tajweed> أَعْلَمُ غَيْبَ <tajweed class=ham_wasl>ٱ</tajweed><tajweed class=laam_shamsiyah>ل</tajweed>سَّمَ<tajweed class=madda_normal>ـٰ</tajweed>و<tajweed class=madda_normal>َٲ</tajweed>تِ وَ<tajweed class=ham_wasl>ٱ</tajweed>لْأَرْضِ وَأَعْلَمُ مَا تُ<tajweed class=qalaqah>بْ</tajweed>دُونَ وَمَا كُ<tajweed class=ikhafa>نت</tajweed>ُمْ تَكْتُم<tajweed class=madda_permissible>ُو</tajweed>نَ <span class=end>٣٣</span>","End":"٣٣","PageNumber":6,"JuzNumber":1,"ManzilNumber":1,"RukuNumber":5,"MaqraNumber":2,"HizbNumber":1,"HizbDecimal":0.25,"HasSajda":false},{"SurahNumber":2,"SurahIndex":"002","VerseNumber":34,"ShowSurahName":false,"ShowBismillah":false,"Text":"وَإِذۡ قُلۡنَا لِلۡمَلَـٰٓئِكَةِ ٱسۡجُدُواْ لِأٓدَمَ فَسَجَدُوٓاْ إِلَّآ إِبۡلِيسَ أَبَىٰ وَٱسۡتَكۡبَرَ وَكَانَ مِنَ ٱلۡكَٰفِرِينَ","TajweedText":"وَإِذْ قُلْنَا لِلْمَلَ<tajweed class=madda_obligatory>ـٰٓ</tajweed>ئِكَةِ <tajweed class=ham_wasl>ٱ</tajweed>سْجُدُو<tajweed class=slnt>اْ</tajweed> لِأَدَمَ فَسَجَد<tajweed class=madda_obligatory>ُوٓ</tajweed><tajweed class=slnt>اْ</tajweed> إِلّ<tajweed class=madda_obligatory>َآ</tajweed> إِ<tajweed class=qalaqah>بْ</tajweed>لِيسَ أَبَىٰ وَ<tajweed class=ham_wasl>ٱ</tajweed>سْتَكْبَرَ وَكَانَ مِنَ <tajweed class=ham_wasl>ٱ</tajweed>لْكَ<tajweed class=madda_normal>ـٰ</tajweed>فِر<tajweed class=madda_permissible>ِي</tajweed>نَ <span class=end>٣٤</span>","End":"٣٤","PageNumber":6,"JuzNumber":1,"ManzilNumber":1,"RukuNumber":5,"MaqraNumber":2,"HizbNumber":1,"HizbDecimal":0.25,"HasSajda":false},{"SurahNumber":2,"SurahIndex":"002","VerseNumber":35,"ShowSurahName":false,"ShowBismillah":false,"Text":"وَقُلۡنَا يَـٰٓـَٔادَمُ ٱسۡكُنۡ أَنتَ وَزَوۡجُكَ ٱلۡجَنَّةَ وَكُلَا مِنۡهَا رَغَدًا حَيۡثُ شِئۡتُمَا وَلَا تَقۡرَبَا هَٰذِهِ ٱلشَّجَرَةَ فَتَكُونَا مِنَ ٱلظَّـٰلِمِينَ","TajweedText":"وَقُلْنَا يَ<tajweed class=madda_obligatory>ـٰٓـ</tajweed>ــَٔادَمُ <tajweed class=ham_wasl>ٱ</tajweed>سْكُنْ أَ<tajweed class=ikhafa>نت</tajweed>َ وَزَوْجُكَ <tajweed class=ham_wasl>ٱ</tajweed>لْجَ<tajweed class=ghunnah>نّ</tajweed>َةَ وَكُلَا مِنْهَا رَغَدًا حَيْثُ شِئْتُمَا وَلَا تَ<tajweed class=qalaqah>قْ</tajweed>رَبَا هَ<tajweed class=madda_normal>ـٰ</tajweed>ذِهِ <tajweed class=ham_wasl>ٱ</tajweed><tajweed class=laam_shamsiyah>ل</tajweed>شَّجَرَةَ فَتَكُونَا مِنَ <tajweed class=ham_wasl>ٱ</tajweed><tajweed class=laam_shamsiyah>ل</tajweed>ظَّ<tajweed class=madda_normal>ـٰ</tajweed>لِم<tajweed class=madda_permissible>ِي</tajweed>نَ <span class=end>٣٥</span>","End":"٣٥","PageNumber":6,"JuzNumber":1,"ManzilNumber":1,"RukuNumber":5,"MaqraNumber":2,"HizbNumber":1,"HizbDecimal":0.25,"HasSajda":false},{"SurahNumber":2,"SurahIndex":"002","VerseNumber":36,"ShowSurahName":false,"ShowBismillah":false,"Text":"فَأَزَلَّهُمَا ٱلشَّيۡطَٰنُ عَنۡهَا فَأَخۡرَجَهُمَا مِمَّا كَانَا فِيهِۖ وَقُلۡنَا ٱهۡبِطُواْ بَعۡضُكُمۡ لِبَعۡضٍ عَدُوّٞۖ وَلَكُمۡ فِي ٱلۡأَرۡضِ مُسۡتَقَرّٞ وَمَتَٰعٌ إِلَىٰ حِينٖ","TajweedText":"فَأَزَلَّهُمَا <tajweed class=ham_wasl>ٱ</tajweed><tajweed class=laam_shamsiyah>ل</tajweed>شَّيْطَ<tajweed class=madda_normal>ـٰ</tajweed>نُ عَنْهَا فَأَخْرَجَهُمَا مِ<tajweed class=ghunnah>مّ</tajweed>َا كَانَا فِيهِ‌ۖ وَقُلْنَا <tajweed class=ham_wasl>ٱ</tajweed>هْبِطُو<tajweed class=slnt>اْ</tajweed> بَعْضُكُمْ لِبَعْضٍ عَدُ<tajweed class=idgham_ghunnah>وٌّ‌ۖ و</tajweed>َلَكُمْ فِى <tajweed class=ham_wasl>ٱ</tajweed>لْأَرْضِ مُسْتَقَ<tajweed class=idgham_ghunnah>رٌّ و</tajweed>َمَتَ<tajweed class=madda_normal>ـٰ</tajweed>عٌ إِلَىٰ ح<tajweed class=madda_permissible>ِي</tajweed>نٍ <span class=end>٣٦</span>","End":"٣٦","PageNumber":6,"JuzNumber":1,"ManzilNumber":1,"RukuNumber":5,"MaqraNumber":2,"HizbNumber":1,"HizbDecimal":0.25,"HasSajda":false},{"SurahNumber":2,"SurahIndex":"002","VerseNumber":37,"ShowSurahName":false,"ShowBismillah":false,"Text":"فَتَلَقَّىٰٓ ءَادَمُ مِن رَّبِّهِۦ كَلِمَٰتٖ فَتَابَ عَلَيۡهِۚ إِنَّهُۥ هُوَ ٱلتَّوَّابُ ٱلرَّحِيمُ","TajweedText":"فَتَلَقَّ<tajweed class=madda_obligatory>ىٰٓ</tajweed> ءَادَمُ م<tajweed class=idgham_wo_ghunnah>ِن ر</tajweed>َّبِّه<tajweed class=madda_normal>ِۦ</tajweed> كَلِمَ<tajweed class=madda_normal>ـٰ</tajweed><tajweed class=ikhafa>تٍ ف</tajweed>َتَابَ عَلَيْهِ‌ۚ إِ<tajweed class=ghunnah>نّ</tajweed>َهُ<tajweed class=madda_normal>ۥ</tajweed> هُوَ <tajweed class=ham_wasl>ٱ</tajweed><tajweed class=laam_shamsiyah>ل</tajweed>تَّوَّابُ <tajweed class=ham_wasl>ٱ</tajweed><tajweed class=laam_shamsiyah>ل</tajweed>رَّح<tajweed class=madda_permissible>ِي</tajweed>مُ <span class=end>٣٧</span>","End":"٣٧","PageNumber":6,"JuzNumber":1,"ManzilNumber":1,"RukuNumber":5,"MaqraNumber":2,"HizbNumber":1,"HizbDecimal":0.25,"HasSajda":false},{"SurahNumber":2,"SurahIndex":"002","VerseNumber":38,"ShowSurahName":false,"ShowBismillah":false,"Text":"قُلۡنَا ٱهۡبِطُواْ مِنۡهَا جَمِيعٗاۖ فَإِمَّا يَأۡتِيَنَّكُم مِّنِّي هُدٗى فَمَن تَبِعَ هُدَايَ فَلَا خَوۡفٌ عَلَيۡهِمۡ وَلَا هُمۡ يَحۡزَنُونَ","TajweedText":"قُلْنَا <tajweed class=ham_wasl>ٱ</tajweed>هْبِطُو<tajweed class=slnt>اْ</tajweed> مِنْهَا جَمِي<tajweed class=ikhafa>عًا‌ۖ ف</tajweed>َإِ<tajweed class=ghunnah>مّ</tajweed>َا يَأْتِيَ<tajweed class=ghunnah>نّ</tajweed>َك<tajweed class=idgham_shafawi>ُم م</tajweed>ِّ<tajweed class=ghunnah>نّ</tajweed>ِى هُ<tajweed class=ikhafa>دًى ف</tajweed>َمَ<tajweed class=ikhafa>ن ت</tajweed>َبِعَ هُدَاىَ فَلَا خَوْفٌ عَلَيْهِمْ وَلَا هُمْ يَحْزَن<tajweed class=madda_permissible>ُو</tajweed>نَ <span class=end>٣٨</span>","End":"٣٨","PageNumber":7,"JuzNumber":1,"ManzilNumber":1,"RukuNumber":5,"MaqraNumber":2,"HizbNumber":1,"HizbDecimal":0.25,"HasSajda":false},{"SurahNumber":2,"SurahIndex":"002","VerseNumber":39,"ShowSurahName":false,"ShowBismillah":false,"Text":"وَٱلَّذِينَ كَفَرُواْ وَكَذَّبُواْ بِـَٔايَٰتِنَآ أُوْلَـٰٓئِكَ أَصۡحَٰبُ ٱلنَّارِۖ هُمۡ فِيهَا خَٰلِدُونَ","TajweedText":"وَ<tajweed class=ham_wasl>ٱ</tajweed>لَّذِينَ كَفَرُو<tajweed class=slnt>اْ</tajweed> وَكَذَّبُو<tajweed class=slnt>اْ</tajweed> بِـَٔـايَ<tajweed class=madda_normal>ـٰ</tajweed>تِن<tajweed class=madda_obligatory>َآ</tajweed> أُ<tajweed class=slnt>وْ</tajweed>لَ<tajweed class=madda_obligatory>ـٰٓ</tajweed>ئِكَ أَصْحَ<tajweed class=madda_normal>ـٰ</tajweed>بُ <tajweed class=ham_wasl>ٱ</tajweed><tajweed class=laam_shamsiyah>ل</tajweed><tajweed class=ghunnah>نّ</tajweed>َارِ‌ۖ هُمْ فِيهَا خَ<tajweed class=madda_normal>ـٰ</tajweed>لِد<tajweed class=madda_permissible>ُو</tajweed>نَ <span class=end>٣٩</span>","End":"٣٩","PageNumber":7,"JuzNumber":1,"ManzilNumber":1,"RukuNumber":5,"MaqraNumber":2,"HizbNumber":1,"HizbDecimal":0.25,"HasSajda":false}]}