{"RukuNumber":257,"Verses":[{"SurahNumber":18,"SurahIndex":"018","VerseNumber":45,"ShowSurahName":false,"ShowBismillah":false,"Text":"وَٱضۡرِبۡ لَهُم مَّثَلَ ٱلۡحَيَوٰةِ ٱلدُّنۡيَا كَمَآءٍ أَنزَلۡنَٰهُ مِنَ ٱلسَّمَآءِ فَٱخۡتَلَطَ بِهِۦ نَبَاتُ ٱلۡأَرۡضِ فَأَصۡبَحَ هَشِيمٗا تَذۡرُوهُ ٱلرِّيَٰحُۗ وَكَانَ ٱللَّهُ عَلَىٰ كُلِّ شَيۡءٖ مُّقۡتَدِرًا","TajweedText":"وَ<tajweed class=ham_wasl>ٱ</tajweed>ضْرِ<tajweed class=qalaqah>بْ</tajweed> لَه<tajweed class=idgham_shafawi>ُم م</tajweed>َّثَلَ <tajweed class=ham_wasl>ٱ</tajweed>لْحَيَ<tajweed class=slnt>و</tajweed><tajweed class=madda_normal>ٲ</tajweed>ةِ <tajweed class=ham_wasl>ٱ</tajweed><tajweed class=laam_shamsiyah>ل</tajweed>دُّنْيَا كَم<tajweed class=madda_obligatory>َا</tajweed>ٓءٍ أَ<tajweed class=ikhafa>نز</tajweed>َلْنَ<tajweed class=madda_normal>ـٰ</tajweed>هُ مِنَ <tajweed class=ham_wasl>ٱ</tajweed><tajweed class=laam_shamsiyah>ل</tajweed>سَّم<tajweed class=madda_obligatory>َا</tajweed>ٓءِ فَ<tajweed class=ham_wasl>ٱ</tajweed>خْتَلَطَ بِه<tajweed class=madda_normal>ِۦ</tajweed> نَبَاتُ <tajweed class=ham_wasl>ٱ</tajweed>لْأَرْضِ فَأَصْبَحَ هَشِي<tajweed class=ikhafa>مًا ت</tajweed>َذْرُوهُ <tajweed class=ham_wasl>ٱ</tajweed><tajweed class=laam_shamsiyah>ل</tajweed>رِّيَ<tajweed class=madda_normal>ـٰ</tajweed>حُ‌ۗ وَكَانَ <tajweed class=ham_wasl>ٱ</tajweed>للَّهُ عَلَىٰ كُلِّ ش<tajweed class=idgham_ghunnah>َىْءٍ م</tajweed>ُّ<tajweed class=qalaqah>قْ</tajweed>تَدِرًا <span class=end>٤٥</span>","End":"٤٥","PageNumber":298,"JuzNumber":15,"ManzilNumber":4,"RukuNumber":257,"MaqraNumber":119,"HizbNumber":30,"HizbDecimal":0.5,"HasSajda":false},{"SurahNumber":18,"SurahIndex":"018","VerseNumber":46,"ShowSurahName":false,"ShowBismillah":false,"Text":"ٱلۡمَالُ وَٱلۡبَنُونَ زِينَةُ ٱلۡحَيَوٰةِ ٱلدُّنۡيَاۖ وَٱلۡبَٰقِيَٰتُ ٱلصَّـٰلِحَٰتُ خَيۡرٌ عِندَ رَبِّكَ ثَوَابٗا وَخَيۡرٌ أَمَلٗا","TajweedText":"ٱلْمَالُ وَ<tajweed class=ham_wasl>ٱ</tajweed>لْبَنُونَ زِينَةُ <tajweed class=ham_wasl>ٱ</tajweed>لْحَيَ<tajweed class=slnt>و</tajweed><tajweed class=madda_normal>ٲ</tajweed>ةِ <tajweed class=ham_wasl>ٱ</tajweed><tajweed class=laam_shamsiyah>ل</tajweed>دُّنْيَا‌ۖ وَ<tajweed class=ham_wasl>ٱ</tajweed>لْبَ<tajweed class=madda_normal>ـٰ</tajweed>قِيَ<tajweed class=madda_normal>ـٰ</tajweed>تُ <tajweed class=ham_wasl>ٱ</tajweed><tajweed class=laam_shamsiyah>ل</tajweed>صَّ<tajweed class=madda_normal>ـٰ</tajweed>لِحَ<tajweed class=madda_normal>ـٰ</tajweed>تُ خَيْرٌ عِ<tajweed class=ikhafa>ند</tajweed>َ رَبِّكَ ثَوَا<tajweed class=idgham_ghunnah>بًا و</tajweed>َخَيْرٌ أَمَلاً <span class=end>٤٦</span>","End":"٤٦","PageNumber":299,"JuzNumber":15,"ManzilNumber":4,"RukuNumber":257,"MaqraNumber":119,"HizbNumber":30,"HizbDecimal":0.5,"HasSajda":false},{"SurahNumber":18,"SurahIndex":"018","VerseNumber":47,"ShowSurahName":false,"ShowBismillah":false,"Text":"وَيَوۡمَ نُسَيِّرُ ٱلۡجِبَالَ وَتَرَى ٱلۡأَرۡضَ بَارِزَةٗ وَحَشَرۡنَٰهُمۡ فَلَمۡ نُغَادِرۡ مِنۡهُمۡ أَحَدٗا","TajweedText":"وَيَوْمَ نُسَيِّرُ <tajweed class=ham_wasl>ٱ</tajweed>لْجِبَالَ وَتَرَى <tajweed class=ham_wasl>ٱ</tajweed>لْأَرْضَ بَارِزَ<tajweed class=idgham_ghunnah>ةً و</tajweed>َحَشَرْنَ<tajweed class=madda_normal>ـٰ</tajweed>هُمْ فَلَمْ نُغَادِرْ مِنْهُمْ أَحَدًا <span class=end>٤٧</span>","End":"٤٧","PageNumber":299,"JuzNumber":15,"ManzilNumber":4,"RukuNumber":257,"MaqraNumber":119,"HizbNumber":30,"HizbDecimal":0.5,"HasSajda":false},{"SurahNumber":18,"SurahIndex":"018","VerseNumber":48,"ShowSurahName":false,"ShowBismillah":false,"Text":"وَعُرِضُواْ عَلَىٰ رَبِّكَ صَفّٗا لَّقَدۡ جِئۡتُمُونَا كَمَا خَلَقۡنَٰكُمۡ أَوَّلَ مَرَّةِۭۚ بَلۡ زَعَمۡتُمۡ أَلَّن نَّجۡعَلَ لَكُم مَّوۡعِدٗا","TajweedText":"وَعُرِضُو<tajweed class=slnt>اْ</tajweed> عَلَىٰ رَبِّكَ صَف<tajweed class=idgham_wo_ghunnah>ًّا ل</tajweed>َّقَ<tajweed class=qalaqah>دْ</tajweed> جِئْتُمُونَا كَمَا خَلَ<tajweed class=qalaqah>قْ</tajweed>نَ<tajweed class=madda_normal>ـٰ</tajweed>كُمْ أَوَّلَ مَرَّ<tajweed class=iqlab>ةِۭ‌ۚ ب</tajweed>َلْ زَعَمْتُمْ أَلّ<tajweed class=idgham_ghunnah>َن ن</tajweed>َّ<tajweed class=qalaqah>جْ</tajweed>عَلَ لَك<tajweed class=idgham_shafawi>ُم م</tajweed>َّوْعِدًا <span class=end>٤٨</span>","End":"٤٨","PageNumber":299,"JuzNumber":15,"ManzilNumber":4,"RukuNumber":257,"MaqraNumber":119,"HizbNumber":30,"HizbDecimal":0.5,"HasSajda":false},{"SurahNumber":18,"SurahIndex":"018","VerseNumber":49,"ShowSurahName":false,"ShowBismillah":false,"Text":"وَوُضِعَ ٱلۡكِتَٰبُ فَتَرَى ٱلۡمُجۡرِمِينَ مُشۡفِقِينَ مِمَّا فِيهِ وَيَقُولُونَ يَٰوَيۡلَتَنَا مَالِ هَٰذَا ٱلۡكِتَٰبِ لَا يُغَادِرُ صَغِيرَةٗ وَلَا كَبِيرَةً إِلَّآ أَحۡصَىٰهَاۚ وَوَجَدُواْ مَا عَمِلُواْ حَاضِرٗاۗ وَلَا يَظۡلِمُ رَبُّكَ أَحَدٗا","TajweedText":"وَوُضِعَ <tajweed class=ham_wasl>ٱ</tajweed>لْكِتَ<tajweed class=madda_normal>ـٰ</tajweed>بُ فَتَرَى <tajweed class=ham_wasl>ٱ</tajweed>لْمُ<tajweed class=qalaqah>جْ</tajweed>رِمِينَ مُشْفِقِينَ مِ<tajweed class=ghunnah>مّ</tajweed>َا فِيهِ وَيَقُولُونَ يَ<tajweed class=madda_normal>ـٰ</tajweed>وَيْلَتَنَا مَالِ هَ<tajweed class=madda_normal>ـٰ</tajweed>ذَا <tajweed class=ham_wasl>ٱ</tajweed>لْكِتَ<tajweed class=madda_normal>ـٰ</tajweed>بِ لَا يُغَادِرُ صَغِيرَ<tajweed class=idgham_ghunnah>ةً و</tajweed>َلَا كَبِيرَةً إِلّ<tajweed class=madda_obligatory>َآ</tajweed> أَحْصَ<tajweed class=madda_normal>ـٰ</tajweed>هَا‌ۚ وَوَجَدُو<tajweed class=slnt>اْ</tajweed> مَا عَمِلُو<tajweed class=slnt>اْ</tajweed> حَاضِ<tajweed class=idgham_ghunnah>رًا‌ۗ و</tajweed>َلَا يَظْلِمُ رَبُّكَ أَحَدًا <span class=end>٤٩</span>","End":"٤٩","PageNumber":299,"JuzNumber":15,"ManzilNumber":4,"RukuNumber":257,"MaqraNumber":119,"HizbNumber":30,"HizbDecimal":0.5,"HasSajda":false}]}