{"RukuNumber":326,"Verses":[{"SurahNumber":26,"SurahIndex":"026","VerseNumber":192,"ShowSurahName":false,"ShowBismillah":false,"Text":"وَإِنَّهُۥ لَتَنزِيلُ رَبِّ ٱلۡعَٰلَمِينَ","TajweedText":"وَإِ<tajweed class=ghunnah>نّ</tajweed>َهُ<tajweed class=madda_normal>ۥ</tajweed> لَتَ<tajweed class=ikhafa>نز</tajweed>ِيلُ رَبِّ <tajweed class=ham_wasl>ٱ</tajweed>لْعَ<tajweed class=madda_normal>ـٰ</tajweed>لَم<tajweed class=madda_permissible>ِي</tajweed>نَ <span class=end>١٩٢</span>","End":"١٩٢","PageNumber":375,"JuzNumber":19,"ManzilNumber":5,"RukuNumber":326,"MaqraNumber":150,"HizbNumber":38,"HizbDecimal":0.25,"HasSajda":false},{"SurahNumber":26,"SurahIndex":"026","VerseNumber":193,"ShowSurahName":false,"ShowBismillah":false,"Text":"نَزَلَ بِهِ ٱلرُّوحُ ٱلۡأَمِينُ","TajweedText":"نَزَلَ بِهِ <tajweed class=ham_wasl>ٱ</tajweed><tajweed class=laam_shamsiyah>ل</tajweed>رُّوحُ <tajweed class=ham_wasl>ٱ</tajweed>لْأَم<tajweed class=madda_permissible>ِي</tajweed>نُ <span class=end>١٩٣</span>","End":"١٩٣","PageNumber":375,"JuzNumber":19,"ManzilNumber":5,"RukuNumber":326,"MaqraNumber":150,"HizbNumber":38,"HizbDecimal":0.25,"HasSajda":false},{"SurahNumber":26,"SurahIndex":"026","VerseNumber":194,"ShowSurahName":false,"ShowBismillah":false,"Text":"عَلَىٰ قَلۡبِكَ لِتَكُونَ مِنَ ٱلۡمُنذِرِينَ","TajweedText":"عَلَىٰ قَلْبِكَ لِتَكُونَ مِنَ <tajweed class=ham_wasl>ٱ</tajweed>لْمُ<tajweed class=ikhafa>نذ</tajweed>ِر<tajweed class=madda_permissible>ِي</tajweed>نَ <span class=end>١٩٤</span>","End":"١٩٤","PageNumber":375,"JuzNumber":19,"ManzilNumber":5,"RukuNumber":326,"MaqraNumber":150,"HizbNumber":38,"HizbDecimal":0.25,"HasSajda":false},{"SurahNumber":26,"SurahIndex":"026","VerseNumber":195,"ShowSurahName":false,"ShowBismillah":false,"Text":"بِلِسَانٍ عَرَبِيّٖ مُّبِينٖ","TajweedText":"بِلِسَانٍ عَرَبِ<tajweed class=idgham_ghunnah>ىٍّ م</tajweed>ُّب<tajweed class=madda_permissible>ِي</tajweed>نٍ <span class=end>١٩٥</span>","End":"١٩٥","PageNumber":375,"JuzNumber":19,"ManzilNumber":5,"RukuNumber":326,"MaqraNumber":150,"HizbNumber":38,"HizbDecimal":0.25,"HasSajda":false},{"SurahNumber":26,"SurahIndex":"026","VerseNumber":196,"ShowSurahName":false,"ShowBismillah":false,"Text":"وَإِنَّهُۥ لَفِي زُبُرِ ٱلۡأَوَّلِينَ","TajweedText":"وَإِ<tajweed class=ghunnah>نّ</tajweed>َهُ<tajweed class=madda_normal>ۥ</tajweed> لَفِى زُبُرِ <tajweed class=ham_wasl>ٱ</tajweed>لْأَوَّل<tajweed class=madda_permissible>ِي</tajweed>نَ <span class=end>١٩٦</span>","End":"١٩٦","PageNumber":375,"JuzNumber":19,"ManzilNumber":5,"RukuNumber":326,"MaqraNumber":150,"HizbNumber":38,"HizbDecimal":0.25,"HasSajda":false},{"SurahNumber":26,"SurahIndex":"026","VerseNumber":197,"ShowSurahName":false,"ShowBismillah":false,"Text":"أَوَلَمۡ يَكُن لَّهُمۡ ءَايَةً أَن يَعۡلَمَهُۥ عُلَمَـٰٓؤُاْ بَنِيٓ إِسۡرَـٰٓءِيلَ","TajweedText":"أَوَلَمْ يَك<tajweed class=idgham_wo_ghunnah>ُن ل</tajweed>َّهُمْ ءَايَةً أ<tajweed class=idgham_ghunnah>َن ي</tajweed>َعْلَمَهُ<tajweed class=madda_normal>ۥ</tajweed> عُلَمَ<tajweed class=madda_obligatory>ـٰٓ</tajweed>ؤُ<tajweed class=slnt>اْ</tajweed> بَن<tajweed class=madda_obligatory>ِىٓ</tajweed> إِسْر<tajweed class=madda_obligatory>َٲ</tajweed>ٓء<tajweed class=madda_permissible>ِي</tajweed>لَ <span class=end>١٩٧</span>","End":"١٩٧","PageNumber":375,"JuzNumber":19,"ManzilNumber":5,"RukuNumber":326,"MaqraNumber":150,"HizbNumber":38,"HizbDecimal":0.25,"HasSajda":false},{"SurahNumber":26,"SurahIndex":"026","VerseNumber":198,"ShowSurahName":false,"ShowBismillah":false,"Text":"وَلَوۡ نَزَّلۡنَٰهُ عَلَىٰ بَعۡضِ ٱلۡأَعۡجَمِينَ","TajweedText":"وَلَوْ نَزَّلْنَ<tajweed class=madda_normal>ـٰ</tajweed>هُ عَلَىٰ بَعْضِ <tajweed class=ham_wasl>ٱ</tajweed>لْأَعْجَم<tajweed class=madda_permissible>ِي</tajweed>نَ <span class=end>١٩٨</span>","End":"١٩٨","PageNumber":375,"JuzNumber":19,"ManzilNumber":5,"RukuNumber":326,"MaqraNumber":150,"HizbNumber":38,"HizbDecimal":0.25,"HasSajda":false},{"SurahNumber":26,"SurahIndex":"026","VerseNumber":199,"ShowSurahName":false,"ShowBismillah":false,"Text":"فَقَرَأَهُۥ عَلَيۡهِم مَّا كَانُواْ بِهِۦ مُؤۡمِنِينَ","TajweedText":"فَقَرَأَهُ<tajweed class=madda_normal>ۥ</tajweed> عَلَيْه<tajweed class=idgham_shafawi>ِم م</tajweed>َّا كَانُو<tajweed class=slnt>اْ</tajweed> بِه<tajweed class=madda_normal>ِۦ</tajweed> مُؤْمِن<tajweed class=madda_permissible>ِي</tajweed>نَ <span class=end>١٩٩</span>","End":"١٩٩","PageNumber":375,"JuzNumber":19,"ManzilNumber":5,"RukuNumber":326,"MaqraNumber":150,"HizbNumber":38,"HizbDecimal":0.25,"HasSajda":false},{"SurahNumber":26,"SurahIndex":"026","VerseNumber":200,"ShowSurahName":false,"ShowBismillah":false,"Text":"كَذَٰلِكَ سَلَكۡنَٰهُ فِي قُلُوبِ ٱلۡمُجۡرِمِينَ","TajweedText":"كَذ<tajweed class=madda_normal>َٲ</tajweed>لِكَ سَلَكْنَ<tajweed class=madda_normal>ـٰ</tajweed>هُ فِى قُلُوبِ <tajweed class=ham_wasl>ٱ</tajweed>لْمُ<tajweed class=qalaqah>جْ</tajweed>رِم<tajweed class=madda_permissible>ِي</tajweed>نَ <span class=end>٢٠٠</span>","End":"٢٠٠","PageNumber":375,"JuzNumber":19,"ManzilNumber":5,"RukuNumber":326,"MaqraNumber":150,"HizbNumber":38,"HizbDecimal":0.25,"HasSajda":false},{"SurahNumber":26,"SurahIndex":"026","VerseNumber":201,"ShowSurahName":false,"ShowBismillah":false,"Text":"لَا يُؤۡمِنُونَ بِهِۦ حَتَّىٰ يَرَوُاْ ٱلۡعَذَابَ ٱلۡأَلِيمَ","TajweedText":"لَا يُؤْمِنُونَ بِه<tajweed class=madda_normal>ِۦ</tajweed> حَتَّىٰ يَرَوُ<tajweed class=slnt>اْ</tajweed> <tajweed class=ham_wasl>ٱ</tajweed>لْعَذَابَ <tajweed class=ham_wasl>ٱ</tajweed>لْأَل<tajweed class=madda_permissible>ِي</tajweed>مَ <span class=end>٢٠١</span>","End":"٢٠١","PageNumber":375,"JuzNumber":19,"ManzilNumber":5,"RukuNumber":326,"MaqraNumber":150,"HizbNumber":38,"HizbDecimal":0.25,"HasSajda":false},{"SurahNumber":26,"SurahIndex":"026","VerseNumber":202,"ShowSurahName":false,"ShowBismillah":false,"Text":"فَيَأۡتِيَهُم بَغۡتَةٗ وَهُمۡ لَا يَشۡعُرُونَ","TajweedText":"فَيَأْتِيَه<tajweed class=ikhafa_shafawi>ُم ب</tajweed>َغْتَ<tajweed class=idgham_ghunnah>ةً و</tajweed>َهُمْ لَا يَشْعُر<tajweed class=madda_permissible>ُو</tajweed>نَ <span class=end>٢٠٢</span>","End":"٢٠٢","PageNumber":375,"JuzNumber":19,"ManzilNumber":5,"RukuNumber":326,"MaqraNumber":150,"HizbNumber":38,"HizbDecimal":0.25,"HasSajda":false},{"SurahNumber":26,"SurahIndex":"026","VerseNumber":203,"ShowSurahName":false,"ShowBismillah":false,"Text":"فَيَقُولُواْ هَلۡ نَحۡنُ مُنظَرُونَ","TajweedText":"فَيَقُولُو<tajweed class=slnt>اْ</tajweed> هَلْ نَحْنُ مُ<tajweed class=ikhafa>نظ</tajweed>َر<tajweed class=madda_permissible>ُو</tajweed>نَ <span class=end>٢٠٣</span>","End":"٢٠٣","PageNumber":375,"JuzNumber":19,"ManzilNumber":5,"RukuNumber":326,"MaqraNumber":150,"HizbNumber":38,"HizbDecimal":0.25,"HasSajda":false},{"SurahNumber":26,"SurahIndex":"026","VerseNumber":204,"ShowSurahName":false,"ShowBismillah":false,"Text":"أَفَبِعَذَابِنَا يَسۡتَعۡجِلُونَ","TajweedText":"أَفَبِعَذَابِنَا يَسْتَعْجِل<tajweed class=madda_permissible>ُو</tajweed>نَ <span class=end>٢٠٤</span>","End":"٢٠٤","PageNumber":375,"JuzNumber":19,"ManzilNumber":5,"RukuNumber":326,"MaqraNumber":150,"HizbNumber":38,"HizbDecimal":0.25,"HasSajda":false},{"SurahNumber":26,"SurahIndex":"026","VerseNumber":205,"ShowSurahName":false,"ShowBismillah":false,"Text":"أَفَرَءَيۡتَ إِن مَّتَّعۡنَٰهُمۡ سِنِينَ","TajweedText":"أَفَرَءَيْتَ إ<tajweed class=idgham_ghunnah>ِن م</tajweed>َّتَّعْنَ<tajweed class=madda_normal>ـٰ</tajweed>هُمْ سِن<tajweed class=madda_permissible>ِي</tajweed>نَ <span class=end>٢٠٥</span>","End":"٢٠٥","PageNumber":375,"JuzNumber":19,"ManzilNumber":5,"RukuNumber":326,"MaqraNumber":150,"HizbNumber":38,"HizbDecimal":0.25,"HasSajda":false},{"SurahNumber":26,"SurahIndex":"026","VerseNumber":206,"ShowSurahName":false,"ShowBismillah":false,"Text":"ثُمَّ جَآءَهُم مَّا كَانُواْ يُوعَدُونَ","TajweedText":"ثُ<tajweed class=ghunnah>مّ</tajweed>َ ج<tajweed class=madda_obligatory>َا</tajweed>ٓءَه<tajweed class=idgham_shafawi>ُم م</tajweed>َّا كَانُو<tajweed class=slnt>اْ</tajweed> يُوعَد<tajweed class=madda_permissible>ُو</tajweed>نَ <span class=end>٢٠٦</span>","End":"٢٠٦","PageNumber":375,"JuzNumber":19,"ManzilNumber":5,"RukuNumber":326,"MaqraNumber":150,"HizbNumber":38,"HizbDecimal":0.25,"HasSajda":false},{"SurahNumber":26,"SurahIndex":"026","VerseNumber":207,"ShowSurahName":false,"ShowBismillah":false,"Text":"مَآ أَغۡنَىٰ عَنۡهُم مَّا كَانُواْ يُمَتَّعُونَ","TajweedText":"م<tajweed class=madda_obligatory>َآ</tajweed> أَغْنَىٰ عَنْه<tajweed class=idgham_shafawi>ُم م</tajweed>َّا كَانُو<tajweed class=slnt>اْ</tajweed> يُمَتَّع<tajweed class=madda_permissible>ُو</tajweed>نَ <span class=end>٢٠٧</span>","End":"٢٠٧","PageNumber":376,"JuzNumber":19,"ManzilNumber":5,"RukuNumber":326,"MaqraNumber":150,"HizbNumber":38,"HizbDecimal":0.25,"HasSajda":false},{"SurahNumber":26,"SurahIndex":"026","VerseNumber":208,"ShowSurahName":false,"ShowBismillah":false,"Text":"وَمَآ أَهۡلَكۡنَا مِن قَرۡيَةٍ إِلَّا لَهَا مُنذِرُونَ","TajweedText":"وَم<tajweed class=madda_obligatory>َآ</tajweed> أَهْلَكْنَا مِ<tajweed class=ikhafa>ن ق</tajweed>َرْيَةٍ إِلَّا لَهَا مُ<tajweed class=ikhafa>نذ</tajweed>ِر<tajweed class=madda_permissible>ُو</tajweed>نَ <span class=end>٢٠٨</span>","End":"٢٠٨","PageNumber":376,"JuzNumber":19,"ManzilNumber":5,"RukuNumber":326,"MaqraNumber":150,"HizbNumber":38,"HizbDecimal":0.25,"HasSajda":false},{"SurahNumber":26,"SurahIndex":"026","VerseNumber":209,"ShowSurahName":false,"ShowBismillah":false,"Text":"ذِكۡرَىٰ وَمَا كُنَّا ظَٰلِمِينَ","TajweedText":"ذِكْرَىٰ وَمَا كُ<tajweed class=ghunnah>نّ</tajweed>َا ظَ<tajweed class=madda_normal>ـٰ</tajweed>لِم<tajweed class=madda_permissible>ِي</tajweed>نَ <span class=end>٢٠٩</span>","End":"٢٠٩","PageNumber":376,"JuzNumber":19,"ManzilNumber":5,"RukuNumber":326,"MaqraNumber":150,"HizbNumber":38,"HizbDecimal":0.25,"HasSajda":false},{"SurahNumber":26,"SurahIndex":"026","VerseNumber":210,"ShowSurahName":false,"ShowBismillah":false,"Text":"وَمَا تَنَزَّلَتۡ بِهِ ٱلشَّيَٰطِينُ","TajweedText":"وَمَا تَنَزَّلَتْ بِهِ <tajweed class=ham_wasl>ٱ</tajweed><tajweed class=laam_shamsiyah>ل</tajweed>شَّيَ<tajweed class=madda_normal>ـٰ</tajweed>ط<tajweed class=madda_permissible>ِي</tajweed>نُ <span class=end>٢١٠</span>","End":"٢١٠","PageNumber":376,"JuzNumber":19,"ManzilNumber":5,"RukuNumber":326,"MaqraNumber":150,"HizbNumber":38,"HizbDecimal":0.25,"HasSajda":false},{"SurahNumber":26,"SurahIndex":"026","VerseNumber":211,"ShowSurahName":false,"ShowBismillah":false,"Text":"وَمَا يَنۢبَغِي لَهُمۡ وَمَا يَسۡتَطِيعُونَ","TajweedText":"وَمَا يَ<tajweed class=iqlab>نۢب</tajweed>َغِى لَهُمْ وَمَا يَسْتَطِيع<tajweed class=madda_permissible>ُو</tajweed>نَ <span class=end>٢١١</span>","End":"٢١١","PageNumber":376,"JuzNumber":19,"ManzilNumber":5,"RukuNumber":326,"MaqraNumber":150,"HizbNumber":38,"HizbDecimal":0.25,"HasSajda":false},{"SurahNumber":26,"SurahIndex":"026","VerseNumber":212,"ShowSurahName":false,"ShowBismillah":false,"Text":"إِنَّهُمۡ عَنِ ٱلسَّمۡعِ لَمَعۡزُولُونَ","TajweedText":"إِ<tajweed class=ghunnah>نّ</tajweed>َهُمْ عَنِ <tajweed class=ham_wasl>ٱ</tajweed><tajweed class=laam_shamsiyah>ل</tajweed>سَّمْعِ لَمَعْزُول<tajweed class=madda_permissible>ُو</tajweed>نَ <span class=end>٢١٢</span>","End":"٢١٢","PageNumber":376,"JuzNumber":19,"ManzilNumber":5,"RukuNumber":326,"MaqraNumber":150,"HizbNumber":38,"HizbDecimal":0.25,"HasSajda":false},{"SurahNumber":26,"SurahIndex":"026","VerseNumber":213,"ShowSurahName":false,"ShowBismillah":false,"Text":"فَلَا تَدۡعُ مَعَ ٱللَّهِ إِلَٰهًا ءَاخَرَ فَتَكُونَ مِنَ ٱلۡمُعَذَّبِينَ","TajweedText":"فَلَا تَ<tajweed class=qalaqah>دْ</tajweed>عُ مَعَ <tajweed class=ham_wasl>ٱ</tajweed>للَّهِ إِلَ<tajweed class=madda_normal>ـٰ</tajweed>هًا ءَاخَرَ فَتَكُونَ مِنَ <tajweed class=ham_wasl>ٱ</tajweed>لْمُعَذَّب<tajweed class=madda_permissible>ِي</tajweed>نَ <span class=end>٢١٣</span>","End":"٢١٣","PageNumber":376,"JuzNumber":19,"ManzilNumber":5,"RukuNumber":326,"MaqraNumber":150,"HizbNumber":38,"HizbDecimal":0.25,"HasSajda":false},{"SurahNumber":26,"SurahIndex":"026","VerseNumber":214,"ShowSurahName":false,"ShowBismillah":false,"Text":"وَأَنذِرۡ عَشِيرَتَكَ ٱلۡأَقۡرَبِينَ","TajweedText":"وَأَ<tajweed class=ikhafa>نذ</tajweed>ِرْ عَشِيرَتَكَ <tajweed class=ham_wasl>ٱ</tajweed>لْأَ<tajweed class=qalaqah>قْ</tajweed>رَب<tajweed class=madda_permissible>ِي</tajweed>نَ <span class=end>٢١٤</span>","End":"٢١٤","PageNumber":376,"JuzNumber":19,"ManzilNumber":5,"RukuNumber":326,"MaqraNumber":150,"HizbNumber":38,"HizbDecimal":0.25,"HasSajda":false},{"SurahNumber":26,"SurahIndex":"026","VerseNumber":215,"ShowSurahName":false,"ShowBismillah":false,"Text":"وَٱخۡفِضۡ جَنَاحَكَ لِمَنِ ٱتَّبَعَكَ مِنَ ٱلۡمُؤۡمِنِينَ","TajweedText":"وَ<tajweed class=ham_wasl>ٱ</tajweed>خْفِضْ جَنَاحَكَ لِمَنِ <tajweed class=ham_wasl>ٱ</tajweed>تَّبَعَكَ مِنَ <tajweed class=ham_wasl>ٱ</tajweed>لْمُؤْمِن<tajweed class=madda_permissible>ِي</tajweed>نَ <span class=end>٢١٥</span>","End":"٢١٥","PageNumber":376,"JuzNumber":19,"ManzilNumber":5,"RukuNumber":326,"MaqraNumber":150,"HizbNumber":38,"HizbDecimal":0.25,"HasSajda":false},{"SurahNumber":26,"SurahIndex":"026","VerseNumber":216,"ShowSurahName":false,"ShowBismillah":false,"Text":"فَإِنۡ عَصَوۡكَ فَقُلۡ إِنِّي بَرِيٓءٞ مِّمَّا تَعۡمَلُونَ","TajweedText":"فَإِنْ عَصَوْكَ فَقُلْ إِ<tajweed class=ghunnah>نّ</tajweed>ِى بَر<tajweed class=madda_obligatory>ِى</tajweed>ٓ<tajweed class=idgham_ghunnah>ءٌ م</tajweed>ِّ<tajweed class=ghunnah>مّ</tajweed>َا تَعْمَل<tajweed class=madda_permissible>ُو</tajweed>نَ <span class=end>٢١٦</span>","End":"٢١٦","PageNumber":376,"JuzNumber":19,"ManzilNumber":5,"RukuNumber":326,"MaqraNumber":150,"HizbNumber":38,"HizbDecimal":0.25,"HasSajda":false},{"SurahNumber":26,"SurahIndex":"026","VerseNumber":217,"ShowSurahName":false,"ShowBismillah":false,"Text":"وَتَوَكَّلۡ عَلَى ٱلۡعَزِيزِ ٱلرَّحِيمِ","TajweedText":"وَتَوَكَّلْ عَلَى <tajweed class=ham_wasl>ٱ</tajweed>لْعَزِيزِ <tajweed class=ham_wasl>ٱ</tajweed><tajweed class=laam_shamsiyah>ل</tajweed>رَّح<tajweed class=madda_permissible>ِي</tajweed>مِ <span class=end>٢١٧</span>","End":"٢١٧","PageNumber":376,"JuzNumber":19,"ManzilNumber":5,"RukuNumber":326,"MaqraNumber":150,"HizbNumber":38,"HizbDecimal":0.25,"HasSajda":false},{"SurahNumber":26,"SurahIndex":"026","VerseNumber":218,"ShowSurahName":false,"ShowBismillah":false,"Text":"ٱلَّذِي يَرَىٰكَ حِينَ تَقُومُ","TajweedText":"ٱلَّذِى يَرَ<tajweed class=madda_normal>ٮٰ</tajweed>كَ حِينَ تَق<tajweed class=madda_permissible>ُو</tajweed>مُ <span class=end>٢١٨</span>","End":"٢١٨","PageNumber":376,"JuzNumber":19,"ManzilNumber":5,"RukuNumber":326,"MaqraNumber":150,"HizbNumber":38,"HizbDecimal":0.25,"HasSajda":false},{"SurahNumber":26,"SurahIndex":"026","VerseNumber":219,"ShowSurahName":false,"ShowBismillah":false,"Text":"وَتَقَلُّبَكَ فِي ٱلسَّـٰجِدِينَ","TajweedText":"وَتَقَلُّبَكَ فِى <tajweed class=ham_wasl>ٱ</tajweed><tajweed class=laam_shamsiyah>ل</tajweed>سَّ<tajweed class=madda_normal>ـٰ</tajweed>جِد<tajweed class=madda_permissible>ِي</tajweed>نَ <span class=end>٢١٩</span>","End":"٢١٩","PageNumber":376,"JuzNumber":19,"ManzilNumber":5,"RukuNumber":326,"MaqraNumber":150,"HizbNumber":38,"HizbDecimal":0.25,"HasSajda":false},{"SurahNumber":26,"SurahIndex":"026","VerseNumber":220,"ShowSurahName":false,"ShowBismillah":false,"Text":"إِنَّهُۥ هُوَ ٱلسَّمِيعُ ٱلۡعَلِيمُ","TajweedText":"إِ<tajweed class=ghunnah>نّ</tajweed>َهُ<tajweed class=madda_normal>ۥ</tajweed> هُوَ <tajweed class=ham_wasl>ٱ</tajweed><tajweed class=laam_shamsiyah>ل</tajweed>سَّمِيعُ <tajweed class=ham_wasl>ٱ</tajweed>لْعَل<tajweed class=madda_permissible>ِي</tajweed>مُ <span class=end>٢٢٠</span>","End":"٢٢٠","PageNumber":376,"JuzNumber":19,"ManzilNumber":5,"RukuNumber":326,"MaqraNumber":150,"HizbNumber":38,"HizbDecimal":0.25,"HasSajda":false},{"SurahNumber":26,"SurahIndex":"026","VerseNumber":221,"ShowSurahName":false,"ShowBismillah":false,"Text":"هَلۡ أُنَبِّئُكُمۡ عَلَىٰ مَن تَنَزَّلُ ٱلشَّيَٰطِينُ","TajweedText":"هَلْ أُنَبِّئُكُمْ عَلَىٰ مَ<tajweed class=ikhafa>ن ت</tajweed>َنَزَّلُ <tajweed class=ham_wasl>ٱ</tajweed><tajweed class=laam_shamsiyah>ل</tajweed>شَّيَ<tajweed class=madda_normal>ـٰ</tajweed>ط<tajweed class=madda_permissible>ِي</tajweed>نُ <span class=end>٢٢١</span>","End":"٢٢١","PageNumber":376,"JuzNumber":19,"ManzilNumber":5,"RukuNumber":326,"MaqraNumber":150,"HizbNumber":38,"HizbDecimal":0.25,"HasSajda":false},{"SurahNumber":26,"SurahIndex":"026","VerseNumber":222,"ShowSurahName":false,"ShowBismillah":false,"Text":"تَنَزَّلُ عَلَىٰ كُلِّ أَفَّاكٍ أَثِيمٖ","TajweedText":"تَنَزَّلُ عَلَىٰ كُلِّ أَفَّاكٍ أَث<tajweed class=madda_permissible>ِي</tajweed>مٍ <span class=end>٢٢٢</span>","End":"٢٢٢","PageNumber":376,"JuzNumber":19,"ManzilNumber":5,"RukuNumber":326,"MaqraNumber":150,"HizbNumber":38,"HizbDecimal":0.25,"HasSajda":false},{"SurahNumber":26,"SurahIndex":"026","VerseNumber":223,"ShowSurahName":false,"ShowBismillah":false,"Text":"يُلۡقُونَ ٱلسَّمۡعَ وَأَكۡثَرُهُمۡ كَٰذِبُونَ","TajweedText":"يُلْقُونَ <tajweed class=ham_wasl>ٱ</tajweed><tajweed class=laam_shamsiyah>ل</tajweed>سَّمْعَ وَأَكْثَرُهُمْ كَ<tajweed class=madda_normal>ـٰ</tajweed>ذِب<tajweed class=madda_permissible>ُو</tajweed>نَ <span class=end>٢٢٣</span>","End":"٢٢٣","PageNumber":376,"JuzNumber":19,"ManzilNumber":5,"RukuNumber":326,"MaqraNumber":150,"HizbNumber":38,"HizbDecimal":0.25,"HasSajda":false},{"SurahNumber":26,"SurahIndex":"026","VerseNumber":224,"ShowSurahName":false,"ShowBismillah":false,"Text":"وَٱلشُّعَرَآءُ يَتَّبِعُهُمُ ٱلۡغَاوُۥنَ","TajweedText":"وَ<tajweed class=ham_wasl>ٱ</tajweed><tajweed class=laam_shamsiyah>ل</tajweed>شُّعَر<tajweed class=madda_obligatory>َا</tajweed>ٓءُ يَتَّبِعُهُمُ <tajweed class=ham_wasl>ٱ</tajweed>لْغَاوُ<tajweed class=madda_permissible>ۥ</tajweed>نَ <span class=end>٢٢٤</span>","End":"٢٢٤","PageNumber":376,"JuzNumber":19,"ManzilNumber":5,"RukuNumber":326,"MaqraNumber":150,"HizbNumber":38,"HizbDecimal":0.25,"HasSajda":false},{"SurahNumber":26,"SurahIndex":"026","VerseNumber":225,"ShowSurahName":false,"ShowBismillah":false,"Text":"أَلَمۡ تَرَ أَنَّهُمۡ فِي كُلِّ وَادٖ يَهِيمُونَ","TajweedText":"أَلَمْ تَرَ أَ<tajweed class=ghunnah>نّ</tajweed>َهُمْ فِى كُلِّ وَا<tajweed class=idgham_ghunnah>دٍ ي</tajweed>َهِيم<tajweed class=madda_permissible>ُو</tajweed>نَ <span class=end>٢٢٥</span>","End":"٢٢٥","PageNumber":376,"JuzNumber":19,"ManzilNumber":5,"RukuNumber":326,"MaqraNumber":150,"HizbNumber":38,"HizbDecimal":0.25,"HasSajda":false},{"SurahNumber":26,"SurahIndex":"026","VerseNumber":226,"ShowSurahName":false,"ShowBismillah":false,"Text":"وَأَنَّهُمۡ يَقُولُونَ مَا لَا يَفۡعَلُونَ","TajweedText":"وَأَ<tajweed class=ghunnah>نّ</tajweed>َهُمْ يَقُولُونَ مَا لَا يَفْعَل<tajweed class=madda_permissible>ُو</tajweed>نَ <span class=end>٢٢٦</span>","End":"٢٢٦","PageNumber":376,"JuzNumber":19,"ManzilNumber":5,"RukuNumber":326,"MaqraNumber":150,"HizbNumber":38,"HizbDecimal":0.25,"HasSajda":false},{"SurahNumber":26,"SurahIndex":"026","VerseNumber":227,"ShowSurahName":false,"ShowBismillah":false,"Text":"إِلَّا ٱلَّذِينَ ءَامَنُواْ وَعَمِلُواْ ٱلصَّـٰلِحَٰتِ وَذَكَرُواْ ٱللَّهَ كَثِيرٗا وَٱنتَصَرُواْ مِنۢ بَعۡدِ مَا ظُلِمُواْۗ وَسَيَعۡلَمُ ٱلَّذِينَ ظَلَمُوٓاْ أَيَّ مُنقَلَبٖ يَنقَلِبُونَ","TajweedText":"إِلَّا <tajweed class=ham_wasl>ٱ</tajweed>لَّذِينَ ءَامَنُو<tajweed class=slnt>اْ</tajweed> وَعَمِلُو<tajweed class=slnt>اْ</tajweed> <tajweed class=ham_wasl>ٱ</tajweed><tajweed class=laam_shamsiyah>ل</tajweed>صَّ<tajweed class=madda_normal>ـٰ</tajweed>لِحَ<tajweed class=madda_normal>ـٰ</tajweed>تِ وَذَكَرُو<tajweed class=slnt>اْ</tajweed> <tajweed class=ham_wasl>ٱ</tajweed>للَّهَ كَثِي<tajweed class=idgham_ghunnah>رًا و</tajweed>َ<tajweed class=ham_wasl>ٱ</tajweed><tajweed class=ikhafa>نت</tajweed>َصَرُو<tajweed class=slnt>اْ</tajweed> م<tajweed class=iqlab>ِنۢ ب</tajweed>َعْدِ مَا ظُلِمُو<tajweed class=slnt>اْ‌ۗ</tajweed> وَسَيَعْلَمُ <tajweed class=ham_wasl>ٱ</tajweed>لَّذِينَ ظَلَم<tajweed class=madda_obligatory>ُوٓ</tajweed><tajweed class=slnt>اْ</tajweed> أَىَّ مُ<tajweed class=ikhafa>نق</tajweed>َلَ<tajweed class=idgham_ghunnah>بٍ ي</tajweed>َ<tajweed class=ikhafa>نق</tajweed>َلِب<tajweed class=madda_permissible>ُو</tajweed>نَ <span class=end>٢٢٧</span>","End":"٢٢٧","PageNumber":376,"JuzNumber":19,"ManzilNumber":5,"RukuNumber":326,"MaqraNumber":150,"HizbNumber":38,"HizbDecimal":0.25,"HasSajda":false}]}