{"RukuNumber":276,"Verses":[{"SurahNumber":20,"SurahIndex":"020","VerseNumber":116,"ShowSurahName":false,"ShowBismillah":false,"Text":"وَإِذۡ قُلۡنَا لِلۡمَلَـٰٓئِكَةِ ٱسۡجُدُواْ لِأٓدَمَ فَسَجَدُوٓاْ إِلَّآ إِبۡلِيسَ أَبَىٰ","TajweedText":"وَإِذْ قُلْنَا لِلْمَلَ<tajweed class=madda_obligatory>ـٰٓ</tajweed>ئِكَةِ <tajweed class=ham_wasl>ٱ</tajweed>سْجُدُو<tajweed class=slnt>اْ</tajweed> لِأَدَمَ فَسَجَد<tajweed class=madda_obligatory>ُوٓ</tajweed><tajweed class=slnt>اْ</tajweed> إِلّ<tajweed class=madda_obligatory>َآ</tajweed> إِ<tajweed class=qalaqah>بْ</tajweed>لِيسَ أَبَىٰ <span class=end>١١٦</span>","End":"١١٦","PageNumber":320,"JuzNumber":16,"ManzilNumber":4,"RukuNumber":276,"MaqraNumber":128,"HizbNumber":32,"HizbDecimal":0.75,"HasSajda":false},{"SurahNumber":20,"SurahIndex":"020","VerseNumber":117,"ShowSurahName":false,"ShowBismillah":false,"Text":"فَقُلۡنَا يَـٰٓـَٔادَمُ إِنَّ هَٰذَا عَدُوّٞ لَّكَ وَلِزَوۡجِكَ فَلَا يُخۡرِجَنَّكُمَا مِنَ ٱلۡجَنَّةِ فَتَشۡقَىٰٓ","TajweedText":"فَقُلْنَا يَ<tajweed class=madda_obligatory>ـٰٓـ</tajweed>ـَٔـادَمُ إِ<tajweed class=ghunnah>نّ</tajweed>َ هَ<tajweed class=madda_normal>ـٰ</tajweed>ذَا عَدُ<tajweed class=idgham_wo_ghunnah>وٌّ ل</tajweed>َّكَ وَلِزَوْجِكَ فَلَا يُخْرِجَ<tajweed class=ghunnah>نّ</tajweed>َكُمَا مِنَ <tajweed class=ham_wasl>ٱ</tajweed>لْجَ<tajweed class=ghunnah>نّ</tajweed>َةِ فَتَشْقَىٰٓ <span class=end>١١٧</span>","End":"١١٧","PageNumber":320,"JuzNumber":16,"ManzilNumber":4,"RukuNumber":276,"MaqraNumber":128,"HizbNumber":32,"HizbDecimal":0.75,"HasSajda":false},{"SurahNumber":20,"SurahIndex":"020","VerseNumber":118,"ShowSurahName":false,"ShowBismillah":false,"Text":"إِنَّ لَكَ أَلَّا تَجُوعَ فِيهَا وَلَا تَعۡرَىٰ","TajweedText":"إِ<tajweed class=ghunnah>نّ</tajweed>َ لَكَ أَلَّا تَجُوعَ فِيهَا وَلَا تَعْرَىٰ <span class=end>١١٨</span>","End":"١١٨","PageNumber":320,"JuzNumber":16,"ManzilNumber":4,"RukuNumber":276,"MaqraNumber":128,"HizbNumber":32,"HizbDecimal":0.75,"HasSajda":false},{"SurahNumber":20,"SurahIndex":"020","VerseNumber":119,"ShowSurahName":false,"ShowBismillah":false,"Text":"وَأَنَّكَ لَا تَظۡمَؤُاْ فِيهَا وَلَا تَضۡحَىٰ","TajweedText":"وَأَ<tajweed class=ghunnah>نّ</tajweed>َكَ لَا تَظْمَؤُ<tajweed class=slnt>اْ</tajweed> فِيهَا وَلَا تَضْحَىٰ <span class=end>١١٩</span>","End":"١١٩","PageNumber":320,"JuzNumber":16,"ManzilNumber":4,"RukuNumber":276,"MaqraNumber":128,"HizbNumber":32,"HizbDecimal":0.75,"HasSajda":false},{"SurahNumber":20,"SurahIndex":"020","VerseNumber":120,"ShowSurahName":false,"ShowBismillah":false,"Text":"فَوَسۡوَسَ إِلَيۡهِ ٱلشَّيۡطَٰنُ قَالَ يَـٰٓـَٔادَمُ هَلۡ أَدُلُّكَ عَلَىٰ شَجَرَةِ ٱلۡخُلۡدِ وَمُلۡكٖ لَّا يَبۡلَىٰ","TajweedText":"فَوَسْوَسَ إِلَيْهِ <tajweed class=ham_wasl>ٱ</tajweed><tajweed class=laam_shamsiyah>ل</tajweed>شَّيْطَ<tajweed class=madda_normal>ـٰ</tajweed>نُ قَالَ يَ<tajweed class=madda_obligatory>ـٰٓـ</tajweed>ـَٔـادَمُ هَلْ أَدُلُّكَ عَلَىٰ شَجَرَةِ <tajweed class=ham_wasl>ٱ</tajweed>لْخُلْدِ وَمُلْ<tajweed class=idgham_wo_ghunnah>كٍ ل</tajweed>َّا يَ<tajweed class=qalaqah>بْ</tajweed>لَىٰ <span class=end>١٢٠</span>","End":"١٢٠","PageNumber":320,"JuzNumber":16,"ManzilNumber":4,"RukuNumber":276,"MaqraNumber":128,"HizbNumber":32,"HizbDecimal":0.75,"HasSajda":false},{"SurahNumber":20,"SurahIndex":"020","VerseNumber":121,"ShowSurahName":false,"ShowBismillah":false,"Text":"فَأَكَلَا مِنۡهَا فَبَدَتۡ لَهُمَا سَوۡءَٰتُهُمَا وَطَفِقَا يَخۡصِفَانِ عَلَيۡهِمَا مِن وَرَقِ ٱلۡجَنَّةِۚ وَعَصَىٰٓ ءَادَمُ رَبَّهُۥ فَغَوَىٰ","TajweedText":"فَأَكَلَا مِنْهَا فَبَدَتْ لَهُمَا سَوْء<tajweed class=madda_normal>َٲ</tajweed>تُهُمَا وَطَفِقَا يَخْصِفَانِ عَلَيْهِمَا م<tajweed class=idgham_ghunnah>ِن و</tajweed>َرَقِ <tajweed class=ham_wasl>ٱ</tajweed>لْجَ<tajweed class=ghunnah>نّ</tajweed>َةِ‌ۚ وَعَصَ<tajweed class=madda_obligatory>ىٰٓ</tajweed> ءَادَمُ رَبَّهُ<tajweed class=madda_normal>ۥ</tajweed> فَغَوَىٰ <span class=end>١٢١</span>","End":"١٢١","PageNumber":320,"JuzNumber":16,"ManzilNumber":4,"RukuNumber":276,"MaqraNumber":128,"HizbNumber":32,"HizbDecimal":0.75,"HasSajda":false},{"SurahNumber":20,"SurahIndex":"020","VerseNumber":122,"ShowSurahName":false,"ShowBismillah":false,"Text":"ثُمَّ ٱجۡتَبَٰهُ رَبُّهُۥ فَتَابَ عَلَيۡهِ وَهَدَىٰ","TajweedText":"ثُ<tajweed class=ghunnah>مّ</tajweed>َ <tajweed class=ham_wasl>ٱ</tajweed><tajweed class=qalaqah>جْ</tajweed>تَبَ<tajweed class=madda_normal>ـٰ</tajweed>هُ رَبُّهُ<tajweed class=madda_normal>ۥ</tajweed> فَتَابَ عَلَيْهِ وَهَدَىٰ <span class=end>١٢٢</span>","End":"١٢٢","PageNumber":320,"JuzNumber":16,"ManzilNumber":4,"RukuNumber":276,"MaqraNumber":128,"HizbNumber":32,"HizbDecimal":0.75,"HasSajda":false},{"SurahNumber":20,"SurahIndex":"020","VerseNumber":123,"ShowSurahName":false,"ShowBismillah":false,"Text":"قَالَ ٱهۡبِطَا مِنۡهَا جَمِيعَۢاۖ بَعۡضُكُمۡ لِبَعۡضٍ عَدُوّٞۖ فَإِمَّا يَأۡتِيَنَّكُم مِّنِّي هُدٗى فَمَنِ ٱتَّبَعَ هُدَايَ فَلَا يَضِلُّ وَلَا يَشۡقَىٰ","TajweedText":"قَالَ <tajweed class=ham_wasl>ٱ</tajweed>هْبِطَا مِنْهَا جَمِيع<tajweed class=iqlab>َۢا‌ۖ ب</tajweed>َعْضُكُمْ لِبَعْضٍ عَدُ<tajweed class=ikhafa>وٌّ‌ۖ ف</tajweed>َإِ<tajweed class=ghunnah>مّ</tajweed>َا يَأْتِيَ<tajweed class=ghunnah>نّ</tajweed>َك<tajweed class=idgham_shafawi>ُم م</tajweed>ِّ<tajweed class=ghunnah>نّ</tajweed>ِى هُ<tajweed class=ikhafa>دًى ف</tajweed>َمَنِ <tajweed class=ham_wasl>ٱ</tajweed>تَّبَعَ هُدَاىَ فَلَا يَضِلُّ وَلَا يَشْقَىٰ <span class=end>١٢٣</span>","End":"١٢٣","PageNumber":320,"JuzNumber":16,"ManzilNumber":4,"RukuNumber":276,"MaqraNumber":128,"HizbNumber":32,"HizbDecimal":0.75,"HasSajda":false},{"SurahNumber":20,"SurahIndex":"020","VerseNumber":124,"ShowSurahName":false,"ShowBismillah":false,"Text":"وَمَنۡ أَعۡرَضَ عَن ذِكۡرِي فَإِنَّ لَهُۥ مَعِيشَةٗ ضَنكٗا وَنَحۡشُرُهُۥ يَوۡمَ ٱلۡقِيَٰمَةِ أَعۡمَىٰ","TajweedText":"وَمَنْ أَعْرَضَ عَ<tajweed class=ikhafa>ن ذ</tajweed>ِكْرِى فَإِ<tajweed class=ghunnah>نّ</tajweed>َ لَهُ<tajweed class=madda_normal>ۥ</tajweed> مَعِيشَ<tajweed class=ikhafa>ةً ض</tajweed>َن<tajweed class=idgham_ghunnah>كًا و</tajweed>َنَحْشُرُهُ<tajweed class=madda_normal>ۥ</tajweed> يَوْمَ <tajweed class=ham_wasl>ٱ</tajweed>لْقِيَ<tajweed class=madda_normal>ـٰ</tajweed>مَةِ أَعْمَىٰ <span class=end>١٢٤</span>","End":"١٢٤","PageNumber":320,"JuzNumber":16,"ManzilNumber":4,"RukuNumber":276,"MaqraNumber":128,"HizbNumber":32,"HizbDecimal":0.75,"HasSajda":false},{"SurahNumber":20,"SurahIndex":"020","VerseNumber":125,"ShowSurahName":false,"ShowBismillah":false,"Text":"قَالَ رَبِّ لِمَ حَشَرۡتَنِيٓ أَعۡمَىٰ وَقَدۡ كُنتُ بَصِيرٗا","TajweedText":"قَالَ رَبِّ لِمَ حَشَرْتَن<tajweed class=madda_obligatory>ِىٓ</tajweed> أَعْمَىٰ وَقَ<tajweed class=qalaqah>دْ</tajweed> كُ<tajweed class=ikhafa>نت</tajweed>ُ بَصِيرًا <span class=end>١٢٥</span>","End":"١٢٥","PageNumber":320,"JuzNumber":16,"ManzilNumber":4,"RukuNumber":276,"MaqraNumber":128,"HizbNumber":32,"HizbDecimal":0.75,"HasSajda":false},{"SurahNumber":20,"SurahIndex":"020","VerseNumber":126,"ShowSurahName":false,"ShowBismillah":false,"Text":"قَالَ كَذَٰلِكَ أَتَتۡكَ ءَايَٰتُنَا فَنَسِيتَهَاۖ وَكَذَٰلِكَ ٱلۡيَوۡمَ تُنسَىٰ","TajweedText":"قَالَ كَذ<tajweed class=madda_normal>َٲ</tajweed>لِكَ أَتَتْكَ ءَايَ<tajweed class=madda_normal>ـٰ</tajweed>تُنَا فَنَسِيتَهَا‌ۖ وَكَذ<tajweed class=madda_normal>َٲ</tajweed>لِكَ <tajweed class=ham_wasl>ٱ</tajweed>لْيَوْمَ تُ<tajweed class=ikhafa>نس</tajweed>َىٰ <span class=end>١٢٦</span>","End":"١٢٦","PageNumber":321,"JuzNumber":16,"ManzilNumber":4,"RukuNumber":276,"MaqraNumber":128,"HizbNumber":32,"HizbDecimal":0.75,"HasSajda":false},{"SurahNumber":20,"SurahIndex":"020","VerseNumber":127,"ShowSurahName":false,"ShowBismillah":false,"Text":"وَكَذَٰلِكَ نَجۡزِي مَنۡ أَسۡرَفَ وَلَمۡ يُؤۡمِنۢ بِـَٔايَٰتِ رَبِّهِۦۚ وَلَعَذَابُ ٱلۡأٓخِرَةِ أَشَدُّ وَأَبۡقَىٰٓ","TajweedText":"وَكَذ<tajweed class=madda_normal>َٲ</tajweed>لِكَ نَ<tajweed class=qalaqah>جْ</tajweed>زِى مَنْ أَسْرَفَ وَلَمْ يُؤْم<tajweed class=iqlab>ِنۢ ب</tajweed>ِـَٔـايَ<tajweed class=madda_normal>ـٰ</tajweed>تِ رَبِّه<tajweed class=madda_normal>ِۦ</tajweed>‌ۚ وَلَعَذَابُ <tajweed class=ham_wasl>ٱ</tajweed>لْأَخِرَةِ أَشَدُّ وَأَ<tajweed class=qalaqah>بْ</tajweed>قَىٰٓ <span class=end>١٢٧</span>","End":"١٢٧","PageNumber":321,"JuzNumber":16,"ManzilNumber":4,"RukuNumber":276,"MaqraNumber":128,"HizbNumber":32,"HizbDecimal":0.75,"HasSajda":false},{"SurahNumber":20,"SurahIndex":"020","VerseNumber":128,"ShowSurahName":false,"ShowBismillah":false,"Text":"أَفَلَمۡ يَهۡدِ لَهُمۡ كَمۡ أَهۡلَكۡنَا قَبۡلَهُم مِّنَ ٱلۡقُرُونِ يَمۡشُونَ فِي مَسَٰكِنِهِمۡۚ إِنَّ فِي ذَٰلِكَ لَأٓيَٰتٖ لِّأُوْلِي ٱلنُّهَىٰ","TajweedText":"أَفَلَمْ يَهْدِ لَهُمْ كَمْ أَهْلَكْنَا قَ<tajweed class=qalaqah>بْ</tajweed>لَه<tajweed class=idgham_shafawi>ُم م</tajweed>ِّنَ <tajweed class=ham_wasl>ٱ</tajweed>لْقُرُونِ يَمْشُونَ فِى مَسَ<tajweed class=madda_normal>ـٰ</tajweed>كِنِهِمْ‌ۗ إِ<tajweed class=ghunnah>نّ</tajweed>َ فِى ذ<tajweed class=madda_normal>َٲ</tajweed>لِكَ لَأَيَ<tajweed class=madda_normal>ـٰ</tajweed><tajweed class=idgham_wo_ghunnah>تٍ ل</tajweed>ِّأُ<tajweed class=slnt>وْ</tajweed>لِى <tajweed class=ham_wasl>ٱ</tajweed><tajweed class=laam_shamsiyah>ل</tajweed><tajweed class=ghunnah>نّ</tajweed>ُهَىٰ <span class=end>١٢٨</span>","End":"١٢٨","PageNumber":321,"JuzNumber":16,"ManzilNumber":4,"RukuNumber":276,"MaqraNumber":128,"HizbNumber":32,"HizbDecimal":0.75,"HasSajda":false}]}