{"RukuNumber":107,"Verses":[{"SurahNumber":6,"SurahIndex":"006","VerseNumber":51,"ShowSurahName":false,"ShowBismillah":false,"Text":"وَأَنذِرۡ بِهِ ٱلَّذِينَ يَخَافُونَ أَن يُحۡشَرُوٓاْ إِلَىٰ رَبِّهِمۡ لَيۡسَ لَهُم مِّن دُونِهِۦ وَلِيّٞ وَلَا شَفِيعٞ لَّعَلَّهُمۡ يَتَّقُونَ","TajweedText":"وَأَ<tajweed class=ikhafa>نذ</tajweed>ِرْ بِهِ <tajweed class=ham_wasl>ٱ</tajweed>لَّذِينَ يَخَافُونَ أ<tajweed class=idgham_ghunnah>َن ي</tajweed>ُحْشَر<tajweed class=madda_obligatory>ُوٓ</tajweed><tajweed class=slnt>اْ</tajweed> إِلَىٰ رَبِّهِمْ‌ۙ لَيْسَ لَه<tajweed class=idgham_shafawi>ُم م</tajweed>ِّ<tajweed class=ikhafa>ن د</tajweed>ُونِه<tajweed class=madda_normal>ِۦ</tajweed> وَلِ<tajweed class=idgham_ghunnah>ىٌّ و</tajweed>َلَا شَفِي<tajweed class=idgham_wo_ghunnah>عٌ ل</tajweed>َّعَلَّهُمْ يَتَّق<tajweed class=madda_permissible>ُو</tajweed>نَ <span class=end>٥١</span>","End":"٥١","PageNumber":133,"JuzNumber":7,"ManzilNumber":2,"RukuNumber":107,"MaqraNumber":53,"HizbNumber":14,"HizbDecimal":0.0,"HasSajda":false},{"SurahNumber":6,"SurahIndex":"006","VerseNumber":52,"ShowSurahName":false,"ShowBismillah":false,"Text":"وَلَا تَطۡرُدِ ٱلَّذِينَ يَدۡعُونَ رَبَّهُم بِٱلۡغَدَوٰةِ وَٱلۡعَشِيِّ يُرِيدُونَ وَجۡهَهُۥۖ مَا عَلَيۡكَ مِنۡ حِسَابِهِم مِّن شَيۡءٖ وَمَا مِنۡ حِسَابِكَ عَلَيۡهِم مِّن شَيۡءٖ فَتَطۡرُدَهُمۡ فَتَكُونَ مِنَ ٱلظَّـٰلِمِينَ","TajweedText":"وَلَا تَ<tajweed class=qalaqah>طْ</tajweed>رُدِ <tajweed class=ham_wasl>ٱ</tajweed>لَّذِينَ يَ<tajweed class=qalaqah>دْ</tajweed>عُونَ رَبَّه<tajweed class=ikhafa_shafawi>ُم ب</tajweed>ِ<tajweed class=ham_wasl>ٱ</tajweed>لْغَدَ<tajweed class=slnt>و</tajweed><tajweed class=madda_normal>ٲ</tajweed>ةِ وَ<tajweed class=ham_wasl>ٱ</tajweed>لْعَشِىِّ يُرِيدُونَ وَ<tajweed class=qalaqah>جْ</tajweed>هَهُ<tajweed class=madda_normal>ۥ</tajweed>‌ۖ مَا عَلَيْكَ مِنْ حِسَابِه<tajweed class=idgham_shafawi>ِم م</tajweed>ِّ<tajweed class=ikhafa>ن ش</tajweed><tajweed class=idgham_ghunnah>َىْءٍ و</tajweed>َمَا مِنْ حِسَابِكَ عَلَيْه<tajweed class=idgham_shafawi>ِم م</tajweed>ِّ<tajweed class=ikhafa>ن ش</tajweed><tajweed class=ikhafa>َىْءٍ ف</tajweed>َتَ<tajweed class=qalaqah>طْ</tajweed>رُدَهُمْ فَتَكُونَ مِنَ <tajweed class=ham_wasl>ٱ</tajweed><tajweed class=laam_shamsiyah>ل</tajweed>ظَّ<tajweed class=madda_normal>ـٰ</tajweed>لِم<tajweed class=madda_permissible>ِي</tajweed>نَ <span class=end>٥٢</span>","End":"٥٢","PageNumber":133,"JuzNumber":7,"ManzilNumber":2,"RukuNumber":107,"MaqraNumber":53,"HizbNumber":14,"HizbDecimal":0.0,"HasSajda":false},{"SurahNumber":6,"SurahIndex":"006","VerseNumber":53,"ShowSurahName":false,"ShowBismillah":false,"Text":"وَكَذَٰلِكَ فَتَنَّا بَعۡضَهُم بِبَعۡضٖ لِّيَقُولُوٓاْ أَهَـٰٓؤُلَآءِ مَنَّ ٱللَّهُ عَلَيۡهِم مِّنۢ بَيۡنِنَآۗ أَلَيۡسَ ٱللَّهُ بِأَعۡلَمَ بِٱلشَّـٰكِرِينَ","TajweedText":"وَكَذ<tajweed class=madda_normal>َٲ</tajweed>لِكَ فَتَ<tajweed class=ghunnah>نّ</tajweed>َا بَعْضَه<tajweed class=ikhafa_shafawi>ُم ب</tajweed>ِبَعْ<tajweed class=idgham_wo_ghunnah>ضٍ ل</tajweed>ِّيَقُول<tajweed class=madda_obligatory>ُوٓ</tajweed><tajweed class=slnt>اْ</tajweed> أَهَ<tajweed class=madda_obligatory>ـٰٓ</tajweed>ؤُل<tajweed class=madda_obligatory>َا</tajweed>ٓءِ مَ<tajweed class=ghunnah>نّ</tajweed>َ <tajweed class=ham_wasl>ٱ</tajweed>للَّهُ عَلَيْه<tajweed class=idgham_shafawi>ِم م</tajweed>ّ<tajweed class=iqlab>ِنۢ ب</tajweed>َيْنِن<tajweed class=madda_obligatory>َآ‌ۗ</tajweed> أَلَيْسَ <tajweed class=ham_wasl>ٱ</tajweed>للَّهُ بِأَعْلَمَ بِ<tajweed class=ham_wasl>ٱ</tajweed><tajweed class=laam_shamsiyah>ل</tajweed>شَّ<tajweed class=madda_normal>ـٰ</tajweed>كِر<tajweed class=madda_permissible>ِي</tajweed>نَ <span class=end>٥٣</span>","End":"٥٣","PageNumber":134,"JuzNumber":7,"ManzilNumber":2,"RukuNumber":107,"MaqraNumber":53,"HizbNumber":14,"HizbDecimal":0.0,"HasSajda":false},{"SurahNumber":6,"SurahIndex":"006","VerseNumber":54,"ShowSurahName":false,"ShowBismillah":false,"Text":"وَإِذَا جَآءَكَ ٱلَّذِينَ يُؤۡمِنُونَ بِـَٔايَٰتِنَا فَقُلۡ سَلَٰمٌ عَلَيۡكُمۡۖ كَتَبَ رَبُّكُمۡ عَلَىٰ نَفۡسِهِ ٱلرَّحۡمَةَ أَنَّهُۥ مَنۡ عَمِلَ مِنكُمۡ سُوٓءَۢا بِجَهَٰلَةٖ ثُمَّ تَابَ مِنۢ بَعۡدِهِۦ وَأَصۡلَحَ فَأَنَّهُۥ غَفُورٞ رَّحِيمٞ","TajweedText":"وَإِذَا ج<tajweed class=madda_obligatory>َا</tajweed>ٓءَكَ <tajweed class=ham_wasl>ٱ</tajweed>لَّذِينَ يُؤْمِنُونَ بِـَٔـايَ<tajweed class=madda_normal>ـٰ</tajweed>تِنَا فَقُلْ سَلَ<tajweed class=madda_normal>ـٰ</tajweed>مٌ عَلَيْكُمْ‌ۖ كَتَبَ رَبُّكُمْ عَلَىٰ نَفْسِهِ <tajweed class=ham_wasl>ٱ</tajweed><tajweed class=laam_shamsiyah>ل</tajweed>رَّحْمَةَ‌ۖ أَ<tajweed class=ghunnah>نّ</tajweed>َهُ<tajweed class=madda_normal>ۥ</tajweed> مَنْ عَمِلَ مِ<tajweed class=ikhafa>نك</tajweed>ُمْ س<tajweed class=madda_obligatory>ُو</tajweed>ٓء<tajweed class=iqlab>َۢا ب</tajweed>ِجَهَ<tajweed class=madda_normal>ـٰ</tajweed>لَ<tajweed class=ikhafa>ةٍ ث</tajweed>ُ<tajweed class=ghunnah>مّ</tajweed>َ تَابَ م<tajweed class=iqlab>ِنۢ ب</tajweed>َعْدِه<tajweed class=madda_normal>ِۦ</tajweed> وَأَصْلَحَ فَأَ<tajweed class=ghunnah>نّ</tajweed>َهُ<tajweed class=madda_normal>ۥ</tajweed> غَفُو<tajweed class=idgham_wo_ghunnah>رٌ ر</tajweed>َّح<tajweed class=madda_permissible>ِي</tajweed>مٌ <span class=end>٥٤</span>","End":"٥٤","PageNumber":134,"JuzNumber":7,"ManzilNumber":2,"RukuNumber":107,"MaqraNumber":53,"HizbNumber":14,"HizbDecimal":0.0,"HasSajda":false},{"SurahNumber":6,"SurahIndex":"006","VerseNumber":55,"ShowSurahName":false,"ShowBismillah":false,"Text":"وَكَذَٰلِكَ نُفَصِّلُ ٱلۡأٓيَٰتِ وَلِتَسۡتَبِينَ سَبِيلُ ٱلۡمُجۡرِمِينَ","TajweedText":"وَكَذ<tajweed class=madda_normal>َٲ</tajweed>لِكَ نُفَصِّلُ <tajweed class=ham_wasl>ٱ</tajweed>لْأَيَ<tajweed class=madda_normal>ـٰ</tajweed>تِ وَلِتَسْتَبِينَ سَبِيلُ <tajweed class=ham_wasl>ٱ</tajweed>لْمُ<tajweed class=qalaqah>جْ</tajweed>رِم<tajweed class=madda_permissible>ِي</tajweed>نَ <span class=end>٥٥</span>","End":"٥٥","PageNumber":134,"JuzNumber":7,"ManzilNumber":2,"RukuNumber":107,"MaqraNumber":53,"HizbNumber":14,"HizbDecimal":0.0,"HasSajda":false}]}