{"RukuNumber":281,"Verses":[{"SurahNumber":21,"SurahIndex":"021","VerseNumber":42,"ShowSurahName":false,"ShowBismillah":false,"Text":"قُلۡ مَن يَكۡلَؤُكُم بِٱلَّيۡلِ وَٱلنَّهَارِ مِنَ ٱلرَّحۡمَٰنِۚ بَلۡ هُمۡ عَن ذِكۡرِ رَبِّهِم مُّعۡرِضُونَ","TajweedText":"قُلْ م<tajweed class=idgham_ghunnah>َن ي</tajweed>َكْلَؤُك<tajweed class=ikhafa_shafawi>ُم ب</tajweed>ِ<tajweed class=ham_wasl>ٱ</tajweed>لَّيْلِ وَ<tajweed class=ham_wasl>ٱ</tajweed><tajweed class=laam_shamsiyah>ل</tajweed><tajweed class=ghunnah>نّ</tajweed>َهَارِ مِنَ <tajweed class=ham_wasl>ٱ</tajweed><tajweed class=laam_shamsiyah>ل</tajweed>رَّحْمَ<tajweed class=madda_normal>ـٰ</tajweed>نِ‌ۗ بَلْ هُمْ عَ<tajweed class=ikhafa>ن ذ</tajweed>ِكْرِ رَبِّه<tajweed class=idgham_shafawi>ِم م</tajweed>ُّعْرِض<tajweed class=madda_permissible>ُو</tajweed>نَ <span class=end>٤٢</span>","End":"٤٢","PageNumber":325,"JuzNumber":17,"ManzilNumber":4,"RukuNumber":281,"MaqraNumber":130,"HizbNumber":33,"HizbDecimal":0.25,"HasSajda":false},{"SurahNumber":21,"SurahIndex":"021","VerseNumber":43,"ShowSurahName":false,"ShowBismillah":false,"Text":"أَمۡ لَهُمۡ ءَالِهَةٞ تَمۡنَعُهُم مِّن دُونِنَاۚ لَا يَسۡتَطِيعُونَ نَصۡرَ أَنفُسِهِمۡ وَلَا هُم مِّنَّا يُصۡحَبُونَ","TajweedText":"أَمْ لَهُمْ ءَالِهَ<tajweed class=ikhafa>ةٌ ت</tajweed>َمْنَعُه<tajweed class=idgham_shafawi>ُم م</tajweed>ِّ<tajweed class=ikhafa>ن د</tajweed>ُونِنَا‌ۚ لَا يَسْتَطِيعُونَ نَصْرَ أَ<tajweed class=ikhafa>نف</tajweed>ُسِهِمْ وَلَا ه<tajweed class=idgham_shafawi>ُم م</tajweed>ِّ<tajweed class=ghunnah>نّ</tajweed>َا يُصْحَب<tajweed class=madda_permissible>ُو</tajweed>نَ <span class=end>٤٣</span>","End":"٤٣","PageNumber":325,"JuzNumber":17,"ManzilNumber":4,"RukuNumber":281,"MaqraNumber":130,"HizbNumber":33,"HizbDecimal":0.25,"HasSajda":false},{"SurahNumber":21,"SurahIndex":"021","VerseNumber":44,"ShowSurahName":false,"ShowBismillah":false,"Text":"بَلۡ مَتَّعۡنَا هَـٰٓؤُلَآءِ وَءَابَآءَهُمۡ حَتَّىٰ طَالَ عَلَيۡهِمُ ٱلۡعُمُرُۗ أَفَلَا يَرَوۡنَ أَنَّا نَأۡتِي ٱلۡأَرۡضَ نَنقُصُهَا مِنۡ أَطۡرَافِهَآۚ أَفَهُمُ ٱلۡغَٰلِبُونَ","TajweedText":"بَلْ مَتَّعْنَا هَ<tajweed class=madda_obligatory>ـٰٓ</tajweed>ؤُل<tajweed class=madda_obligatory>َا</tajweed>ٓءِ وَءَاب<tajweed class=madda_obligatory>َا</tajweed>ٓءَهُمْ حَتَّىٰ طَالَ عَلَيْهِمُ <tajweed class=ham_wasl>ٱ</tajweed>لْعُمُرُ‌ۗ أَفَلَا يَرَوْنَ أَ<tajweed class=ghunnah>نّ</tajweed>َا نَأْتِى <tajweed class=ham_wasl>ٱ</tajweed>لْأَرْضَ نَ<tajweed class=ikhafa>نق</tajweed>ُصُهَا مِنْ أَ<tajweed class=qalaqah>طْ</tajweed>رَافِه<tajweed class=madda_obligatory>َآ‌ۚ</tajweed> أَفَهُمُ <tajweed class=ham_wasl>ٱ</tajweed>لْغَ<tajweed class=madda_normal>ـٰ</tajweed>لِب<tajweed class=madda_permissible>ُو</tajweed>نَ <span class=end>٤٤</span>","End":"٤٤","PageNumber":325,"JuzNumber":17,"ManzilNumber":4,"RukuNumber":281,"MaqraNumber":130,"HizbNumber":33,"HizbDecimal":0.25,"HasSajda":false},{"SurahNumber":21,"SurahIndex":"021","VerseNumber":45,"ShowSurahName":false,"ShowBismillah":false,"Text":"قُلۡ إِنَّمَآ أُنذِرُكُم بِٱلۡوَحۡيِۚ وَلَا يَسۡمَعُ ٱلصُّمُّ ٱلدُّعَآءَ إِذَا مَا يُنذَرُونَ","TajweedText":"قُلْ إِ<tajweed class=ghunnah>نّ</tajweed>َم<tajweed class=madda_obligatory>َآ</tajweed> أُ<tajweed class=ikhafa>نذ</tajweed>ِرُك<tajweed class=ikhafa_shafawi>ُم ب</tajweed>ِ<tajweed class=ham_wasl>ٱ</tajweed>لْوَحْىِ‌ۚ وَلَا يَسْمَعُ <tajweed class=ham_wasl>ٱ</tajweed><tajweed class=laam_shamsiyah>ل</tajweed>صُّ<tajweed class=ghunnah>مّ</tajweed>ُ <tajweed class=ham_wasl>ٱ</tajweed><tajweed class=laam_shamsiyah>ل</tajweed>دُّع<tajweed class=madda_obligatory>َا</tajweed>ٓءَ إِذَا مَا يُ<tajweed class=ikhafa>نذ</tajweed>َر<tajweed class=madda_permissible>ُو</tajweed>نَ <span class=end>٤٥</span>","End":"٤٥","PageNumber":326,"JuzNumber":17,"ManzilNumber":4,"RukuNumber":281,"MaqraNumber":130,"HizbNumber":33,"HizbDecimal":0.25,"HasSajda":false},{"SurahNumber":21,"SurahIndex":"021","VerseNumber":46,"ShowSurahName":false,"ShowBismillah":false,"Text":"وَلَئِن مَّسَّتۡهُمۡ نَفۡحَةٞ مِّنۡ عَذَابِ رَبِّكَ لَيَقُولُنَّ يَٰوَيۡلَنَآ إِنَّا كُنَّا ظَٰلِمِينَ","TajweedText":"وَلَئ<tajweed class=idgham_ghunnah>ِن م</tajweed>َّسَّتْهُمْ نَفْحَ<tajweed class=idgham_ghunnah>ةٌ م</tajweed>ِّنْ عَذَابِ رَبِّكَ لَيَقُولُ<tajweed class=ghunnah>نّ</tajweed>َ يَ<tajweed class=madda_normal>ـٰ</tajweed>وَيْلَن<tajweed class=madda_obligatory>َآ</tajweed> إِ<tajweed class=ghunnah>نّ</tajweed>َا كُ<tajweed class=ghunnah>نّ</tajweed>َا ظَ<tajweed class=madda_normal>ـٰ</tajweed>لِم<tajweed class=madda_permissible>ِي</tajweed>نَ <span class=end>٤٦</span>","End":"٤٦","PageNumber":326,"JuzNumber":17,"ManzilNumber":4,"RukuNumber":281,"MaqraNumber":130,"HizbNumber":33,"HizbDecimal":0.25,"HasSajda":false},{"SurahNumber":21,"SurahIndex":"021","VerseNumber":47,"ShowSurahName":false,"ShowBismillah":false,"Text":"وَنَضَعُ ٱلۡمَوَٰزِينَ ٱلۡقِسۡطَ لِيَوۡمِ ٱلۡقِيَٰمَةِ فَلَا تُظۡلَمُ نَفۡسٞ شَيۡـٔٗاۖ وَإِن كَانَ مِثۡقَالَ حَبَّةٖ مِّنۡ خَرۡدَلٍ أَتَيۡنَا بِهَاۗ وَكَفَىٰ بِنَا حَٰسِبِينَ","TajweedText":"وَنَضَعُ <tajweed class=ham_wasl>ٱ</tajweed>لْمَو<tajweed class=madda_normal>َٲ</tajweed>زِينَ <tajweed class=ham_wasl>ٱ</tajweed>لْقِسْطَ لِيَوْمِ <tajweed class=ham_wasl>ٱ</tajweed>لْقِيَ<tajweed class=madda_normal>ـٰ</tajweed>مَةِ فَلَا تُظْلَمُ نَفْ<tajweed class=ikhafa>سٌ ش</tajweed>َيْـ<tajweed class=idgham_ghunnah>ـًٔا‌ۖ و</tajweed>َإِ<tajweed class=ikhafa>ن ك</tajweed>َانَ مِثْقَالَ حَبَّ<tajweed class=idgham_ghunnah>ةٍ م</tajweed>ِّنْ خَرْدَلٍ أَتَيْنَا بِهَا‌ۗ وَكَفَىٰ بِنَا حَ<tajweed class=madda_normal>ـٰ</tajweed>سِب<tajweed class=madda_permissible>ِي</tajweed>نَ <span class=end>٤٧</span>","End":"٤٧","PageNumber":326,"JuzNumber":17,"ManzilNumber":4,"RukuNumber":281,"MaqraNumber":130,"HizbNumber":33,"HizbDecimal":0.25,"HasSajda":false},{"SurahNumber":21,"SurahIndex":"021","VerseNumber":48,"ShowSurahName":false,"ShowBismillah":false,"Text":"وَلَقَدۡ ءَاتَيۡنَا مُوسَىٰ وَهَٰرُونَ ٱلۡفُرۡقَانَ وَضِيَآءٗ وَذِكۡرٗا لِّلۡمُتَّقِينَ","TajweedText":"وَلَقَ<tajweed class=qalaqah>دْ</tajweed> ءَاتَيْنَا مُوسَىٰ وَهَ<tajweed class=madda_normal>ـٰ</tajweed>رُونَ <tajweed class=ham_wasl>ٱ</tajweed>لْفُرْقَانَ وَضِي<tajweed class=madda_obligatory>َا</tajweed>ٓ<tajweed class=idgham_ghunnah>ءً و</tajweed>َذِكْ<tajweed class=idgham_wo_ghunnah>رًا ل</tajweed>ِّلْمُتَّق<tajweed class=madda_permissible>ِي</tajweed>نَ <span class=end>٤٨</span>","End":"٤٨","PageNumber":326,"JuzNumber":17,"ManzilNumber":4,"RukuNumber":281,"MaqraNumber":130,"HizbNumber":33,"HizbDecimal":0.25,"HasSajda":false},{"SurahNumber":21,"SurahIndex":"021","VerseNumber":49,"ShowSurahName":false,"ShowBismillah":false,"Text":"ٱلَّذِينَ يَخۡشَوۡنَ رَبَّهُم بِٱلۡغَيۡبِ وَهُم مِّنَ ٱلسَّاعَةِ مُشۡفِقُونَ","TajweedText":"ٱلَّذِينَ يَخْشَوْنَ رَبَّه<tajweed class=ikhafa_shafawi>ُم ب</tajweed>ِ<tajweed class=ham_wasl>ٱ</tajweed>لْغَيْبِ وَه<tajweed class=idgham_shafawi>ُم م</tajweed>ِّنَ <tajweed class=ham_wasl>ٱ</tajweed><tajweed class=laam_shamsiyah>ل</tajweed>سَّاعَةِ مُشْفِق<tajweed class=madda_permissible>ُو</tajweed>نَ <span class=end>٤٩</span>","End":"٤٩","PageNumber":326,"JuzNumber":17,"ManzilNumber":4,"RukuNumber":281,"MaqraNumber":130,"HizbNumber":33,"HizbDecimal":0.25,"HasSajda":false},{"SurahNumber":21,"SurahIndex":"021","VerseNumber":50,"ShowSurahName":false,"ShowBismillah":false,"Text":"وَهَٰذَا ذِكۡرٞ مُّبَارَكٌ أَنزَلۡنَٰهُۚ أَفَأَنتُمۡ لَهُۥ مُنكِرُونَ","TajweedText":"وَهَ<tajweed class=madda_normal>ـٰ</tajweed>ذَا ذِكْ<tajweed class=idgham_ghunnah>رٌ م</tajweed>ُّبَارَكٌ أَ<tajweed class=ikhafa>نز</tajweed>َلْنَ<tajweed class=madda_normal>ـٰ</tajweed>هُ‌ۚ أَفَأَ<tajweed class=ikhafa>نت</tajweed>ُمْ لَهُ<tajweed class=madda_normal>ۥ</tajweed> مُ<tajweed class=ikhafa>نك</tajweed>ِر<tajweed class=madda_permissible>ُو</tajweed>نَ <span class=end>٥٠</span>","End":"٥٠","PageNumber":326,"JuzNumber":17,"ManzilNumber":4,"RukuNumber":281,"MaqraNumber":130,"HizbNumber":33,"HizbDecimal":0.25,"HasSajda":false}]}