{"RukuNumber":139,"Verses":[{"SurahNumber":7,"SurahIndex":"007","VerseNumber":148,"ShowSurahName":false,"ShowBismillah":false,"Text":"وَٱتَّخَذَ قَوۡمُ مُوسَىٰ مِنۢ بَعۡدِهِۦ مِنۡ حُلِيِّهِمۡ عِجۡلٗا جَسَدٗا لَّهُۥ خُوَارٌۚ أَلَمۡ يَرَوۡاْ أَنَّهُۥ لَا يُكَلِّمُهُمۡ وَلَا يَهۡدِيهِمۡ سَبِيلًاۘ ٱتَّخَذُوهُ وَكَانُواْ ظَٰلِمِينَ","TajweedText":"وَ<tajweed class=ham_wasl>ٱ</tajweed>تَّخَذَ قَوْمُ مُوسَىٰ م<tajweed class=iqlab>ِنۢ ب</tajweed>َعْدِه<tajweed class=madda_normal>ِۦ</tajweed> مِنْ حُلِيِّهِمْ عِ<tajweed class=qalaqah>جْ</tajweed>ل<tajweed class=ikhafa>اً ج</tajweed>َسَ<tajweed class=idgham_wo_ghunnah>دًا ل</tajweed>َّهُ<tajweed class=madda_normal>ۥ</tajweed> خُوَارٌ‌ۚ أَلَمْ يَرَوْ<tajweed class=slnt>اْ</tajweed> أَ<tajweed class=ghunnah>نّ</tajweed>َهُ<tajweed class=madda_normal>ۥ</tajweed> لَا يُكَلِّمُهُمْ وَلَا يَهْدِيهِمْ سَبِيلاً‌ۘ <tajweed class=ham_wasl>ٱ</tajweed>تَّخَذُوهُ وَكَانُو<tajweed class=slnt>اْ</tajweed> ظَ<tajweed class=madda_normal>ـٰ</tajweed>لِم<tajweed class=madda_permissible>ِي</tajweed>نَ <span class=end>١٤٨</span>","End":"١٤٨","PageNumber":168,"JuzNumber":9,"ManzilNumber":2,"RukuNumber":139,"MaqraNumber":67,"HizbNumber":17,"HizbDecimal":0.5,"HasSajda":false},{"SurahNumber":7,"SurahIndex":"007","VerseNumber":149,"ShowSurahName":false,"ShowBismillah":false,"Text":"وَلَمَّا سُقِطَ فِيٓ أَيۡدِيهِمۡ وَرَأَوۡاْ أَنَّهُمۡ قَدۡ ضَلُّواْ قَالُواْ لَئِن لَّمۡ يَرۡحَمۡنَا رَبُّنَا وَيَغۡفِرۡ لَنَا لَنَكُونَنَّ مِنَ ٱلۡخَٰسِرِينَ","TajweedText":"وَلَ<tajweed class=ghunnah>مّ</tajweed>َا سُقِطَ ف<tajweed class=madda_obligatory>ِىٓ</tajweed> أَيْدِيهِمْ وَرَأَوْ<tajweed class=slnt>اْ</tajweed> أَ<tajweed class=ghunnah>نّ</tajweed>َهُمْ قَ<tajweed class=qalaqah>دْ</tajweed> ضَلُّو<tajweed class=slnt>اْ</tajweed> قَالُو<tajweed class=slnt>اْ</tajweed> لَئ<tajweed class=idgham_wo_ghunnah>ِن ل</tajweed>َّمْ يَرْحَمْنَا رَبُّنَا وَيَغْفِرْ لَنَا لَنَكُونَ<tajweed class=ghunnah>نّ</tajweed>َ مِنَ <tajweed class=ham_wasl>ٱ</tajweed>لْخَ<tajweed class=madda_normal>ـٰ</tajweed>سِر<tajweed class=madda_permissible>ِي</tajweed>نَ <span class=end>١٤٩</span>","End":"١٤٩","PageNumber":168,"JuzNumber":9,"ManzilNumber":2,"RukuNumber":139,"MaqraNumber":67,"HizbNumber":17,"HizbDecimal":0.5,"HasSajda":false},{"SurahNumber":7,"SurahIndex":"007","VerseNumber":150,"ShowSurahName":false,"ShowBismillah":false,"Text":"وَلَمَّا رَجَعَ مُوسَىٰٓ إِلَىٰ قَوۡمِهِۦ غَضۡبَٰنَ أَسِفٗا قَالَ بِئۡسَمَا خَلَفۡتُمُونِي مِنۢ بَعۡدِيٓۖ أَعَجِلۡتُمۡ أَمۡرَ رَبِّكُمۡۖ وَأَلۡقَى ٱلۡأَلۡوَاحَ وَأَخَذَ بِرَأۡسِ أَخِيهِ يَجُرُّهُۥٓ إِلَيۡهِۚ قَالَ ٱبۡنَ أُمَّ إِنَّ ٱلۡقَوۡمَ ٱسۡتَضۡعَفُونِي وَكَادُواْ يَقۡتُلُونَنِي فَلَا تُشۡمِتۡ بِيَ ٱلۡأَعۡدَآءَ وَلَا تَجۡعَلۡنِي مَعَ ٱلۡقَوۡمِ ٱلظَّـٰلِمِينَ","TajweedText":"وَلَ<tajweed class=ghunnah>مّ</tajweed>َا رَجَعَ مُوسَ<tajweed class=madda_obligatory>ىٰٓ</tajweed> إِلَىٰ قَوْمِه<tajweed class=madda_normal>ِۦ</tajweed> غَضْبَ<tajweed class=madda_normal>ـٰ</tajweed>نَ أَسِ<tajweed class=ikhafa>فًا ق</tajweed>َالَ بِئْسَمَا خَلَفْتُمُونِى م<tajweed class=iqlab>ِنۢ ب</tajweed>َعْد<tajweed class=madda_obligatory>ِىٓ‌ۖ</tajweed> أَعَجِلْتُمْ أَمْرَ رَبِّكُمْ‌ۖ وَأَلْقَى <tajweed class=ham_wasl>ٱ</tajweed>لْأَلْوَاحَ وَأَخَذَ بِرَأْسِ أَخِيهِ يَجُرُّهُ<tajweed class=madda_obligatory>ۥٓ</tajweed> إِلَيْهِ‌ۚ قَالَ <tajweed class=ham_wasl>ٱ</tajweed><tajweed class=qalaqah>بْ</tajweed>نَ أُ<tajweed class=ghunnah>مّ</tajweed>َ إِ<tajweed class=ghunnah>نّ</tajweed>َ <tajweed class=ham_wasl>ٱ</tajweed>لْقَوْمَ <tajweed class=ham_wasl>ٱ</tajweed>سْتَضْعَفُونِى وَكَادُو<tajweed class=slnt>اْ</tajweed> يَ<tajweed class=qalaqah>قْ</tajweed>تُلُونَنِى فَلَا تُشْمِتْ بِىَ <tajweed class=ham_wasl>ٱ</tajweed>لْأَعْد<tajweed class=madda_obligatory>َا</tajweed>ٓءَ وَلَا تَ<tajweed class=qalaqah>جْ</tajweed>عَلْنِى مَعَ <tajweed class=ham_wasl>ٱ</tajweed>لْقَوْمِ <tajweed class=ham_wasl>ٱ</tajweed><tajweed class=laam_shamsiyah>ل</tajweed>ظَّ<tajweed class=madda_normal>ـٰ</tajweed>لِم<tajweed class=madda_permissible>ِي</tajweed>نَ <span class=end>١٥٠</span>","End":"١٥٠","PageNumber":169,"JuzNumber":9,"ManzilNumber":2,"RukuNumber":139,"MaqraNumber":67,"HizbNumber":17,"HizbDecimal":0.5,"HasSajda":false},{"SurahNumber":7,"SurahIndex":"007","VerseNumber":151,"ShowSurahName":false,"ShowBismillah":false,"Text":"قَالَ رَبِّ ٱغۡفِرۡ لِي وَلِأَخِي وَأَدۡخِلۡنَا فِي رَحۡمَتِكَۖ وَأَنتَ أَرۡحَمُ ٱلرَّـٰحِمِينَ","TajweedText":"قَالَ رَبِّ <tajweed class=ham_wasl>ٱ</tajweed>غْفِرْ لِى وَلِأَخِى وَأَ<tajweed class=qalaqah>دْ</tajweed>خِلْنَا فِى رَحْمَتِكَ‌ۖ وَأَ<tajweed class=ikhafa>نت</tajweed>َ أَرْحَمُ <tajweed class=ham_wasl>ٱ</tajweed><tajweed class=laam_shamsiyah>ل</tajweed>رّ<tajweed class=madda_normal>َٲ</tajweed>حِم<tajweed class=madda_permissible>ِي</tajweed>نَ <span class=end>١٥١</span>","End":"١٥١","PageNumber":169,"JuzNumber":9,"ManzilNumber":2,"RukuNumber":139,"MaqraNumber":67,"HizbNumber":17,"HizbDecimal":0.5,"HasSajda":false}]}