{"RukuNumber":314,"Verses":[{"SurahNumber":25,"SurahIndex":"025","VerseNumber":45,"ShowSurahName":false,"ShowBismillah":false,"Text":"أَلَمۡ تَرَ إِلَىٰ رَبِّكَ كَيۡفَ مَدَّ ٱلظِّلَّ وَلَوۡ شَآءَ لَجَعَلَهُۥ سَاكِنٗا ثُمَّ جَعَلۡنَا ٱلشَّمۡسَ عَلَيۡهِ دَلِيلٗا","TajweedText":"أَلَمْ تَرَ إِلَىٰ رَبِّكَ كَيْفَ مَدَّ <tajweed class=ham_wasl>ٱ</tajweed><tajweed class=laam_shamsiyah>ل</tajweed>ظِّلَّ وَلَوْ ش<tajweed class=madda_obligatory>َا</tajweed>ٓءَ لَجَعَلَهُ<tajweed class=madda_normal>ۥ</tajweed> سَاكِ<tajweed class=ikhafa>نًا ث</tajweed>ُ<tajweed class=ghunnah>مّ</tajweed>َ جَعَلْنَا <tajweed class=ham_wasl>ٱ</tajweed><tajweed class=laam_shamsiyah>ل</tajweed>شَّمْسَ عَلَيْهِ دَلِيلاً <span class=end>٤٥</span>","End":"٤٥","PageNumber":364,"JuzNumber":19,"ManzilNumber":4,"RukuNumber":314,"MaqraNumber":145,"HizbNumber":37,"HizbDecimal":0.0,"HasSajda":false},{"SurahNumber":25,"SurahIndex":"025","VerseNumber":46,"ShowSurahName":false,"ShowBismillah":false,"Text":"ثُمَّ قَبَضۡنَٰهُ إِلَيۡنَا قَبۡضٗا يَسِيرٗا","TajweedText":"ثُ<tajweed class=ghunnah>مّ</tajweed>َ قَبَضْنَ<tajweed class=madda_normal>ـٰ</tajweed>هُ إِلَيْنَا قَ<tajweed class=qalaqah>بْ</tajweed><tajweed class=idgham_ghunnah>ضًا ي</tajweed>َسِيرًا <span class=end>٤٦</span>","End":"٤٦","PageNumber":364,"JuzNumber":19,"ManzilNumber":4,"RukuNumber":314,"MaqraNumber":145,"HizbNumber":37,"HizbDecimal":0.0,"HasSajda":false},{"SurahNumber":25,"SurahIndex":"025","VerseNumber":47,"ShowSurahName":false,"ShowBismillah":false,"Text":"وَهُوَ ٱلَّذِي جَعَلَ لَكُمُ ٱلَّيۡلَ لِبَاسٗا وَٱلنَّوۡمَ سُبَاتٗا وَجَعَلَ ٱلنَّهَارَ نُشُورٗا","TajweedText":"وَهُوَ <tajweed class=ham_wasl>ٱ</tajweed>لَّذِى جَعَلَ لَكُمُ <tajweed class=ham_wasl>ٱ</tajweed>لَّيْلَ لِبَا<tajweed class=idgham_ghunnah>سًا و</tajweed>َ<tajweed class=ham_wasl>ٱ</tajweed><tajweed class=laam_shamsiyah>ل</tajweed><tajweed class=ghunnah>نّ</tajweed>َوْمَ سُبَا<tajweed class=idgham_ghunnah>تًا و</tajweed>َجَعَلَ <tajweed class=ham_wasl>ٱ</tajweed><tajweed class=laam_shamsiyah>ل</tajweed><tajweed class=ghunnah>نّ</tajweed>َهَارَ نُشُورًا <span class=end>٤٧</span>","End":"٤٧","PageNumber":364,"JuzNumber":19,"ManzilNumber":4,"RukuNumber":314,"MaqraNumber":145,"HizbNumber":37,"HizbDecimal":0.0,"HasSajda":false},{"SurahNumber":25,"SurahIndex":"025","VerseNumber":48,"ShowSurahName":false,"ShowBismillah":false,"Text":"وَهُوَ ٱلَّذِيٓ أَرۡسَلَ ٱلرِّيَٰحَ بُشۡرَۢا بَيۡنَ يَدَيۡ رَحۡمَتِهِۦۚ وَأَنزَلۡنَا مِنَ ٱلسَّمَآءِ مَآءٗ طَهُورٗا","TajweedText":"وَهُوَ <tajweed class=ham_wasl>ٱ</tajweed>لَّذ<tajweed class=madda_obligatory>ِىٓ</tajweed> أَرْسَلَ <tajweed class=ham_wasl>ٱ</tajweed><tajweed class=laam_shamsiyah>ل</tajweed>رِّيَ<tajweed class=madda_normal>ـٰ</tajweed>حَ بُشْر<tajweed class=iqlab>َۢا ب</tajweed>َيْنَ يَدَىْ رَحْمَتِه<tajweed class=madda_normal>ِۦ</tajweed>‌ۚ وَأَ<tajweed class=ikhafa>نز</tajweed>َلْنَا مِنَ <tajweed class=ham_wasl>ٱ</tajweed><tajweed class=laam_shamsiyah>ل</tajweed>سَّم<tajweed class=madda_obligatory>َا</tajweed>ٓءِ م<tajweed class=madda_obligatory>َا</tajweed>ٓ<tajweed class=ikhafa>ءً ط</tajweed>َهُورًا <span class=end>٤٨</span>","End":"٤٨","PageNumber":364,"JuzNumber":19,"ManzilNumber":4,"RukuNumber":314,"MaqraNumber":145,"HizbNumber":37,"HizbDecimal":0.0,"HasSajda":false},{"SurahNumber":25,"SurahIndex":"025","VerseNumber":49,"ShowSurahName":false,"ShowBismillah":false,"Text":"لِّنُحۡـِۧيَ بِهِۦ بَلۡدَةٗ مَّيۡتٗا وَنُسۡقِيَهُۥ مِمَّا خَلَقۡنَآ أَنۡعَٰمٗا وَأَنَاسِيَّ كَثِيرٗا","TajweedText":"لِّنُحْــِۧىَ بِه<tajweed class=madda_normal>ِۦ</tajweed> بَلْدَ<tajweed class=idgham_ghunnah>ةً م</tajweed>َّيْ<tajweed class=idgham_ghunnah>تًا و</tajweed>َنُسْقِيَهُ<tajweed class=madda_normal>ۥ</tajweed> مِ<tajweed class=ghunnah>مّ</tajweed>َا خَلَ<tajweed class=qalaqah>قْ</tajweed>ن<tajweed class=madda_obligatory>َآ</tajweed> أَنْعَ<tajweed class=madda_normal>ـٰ</tajweed><tajweed class=idgham_ghunnah>مًا و</tajweed>َأَنَاسِىَّ كَثِيرًا <span class=end>٤٩</span>","End":"٤٩","PageNumber":364,"JuzNumber":19,"ManzilNumber":4,"RukuNumber":314,"MaqraNumber":145,"HizbNumber":37,"HizbDecimal":0.0,"HasSajda":false},{"SurahNumber":25,"SurahIndex":"025","VerseNumber":50,"ShowSurahName":false,"ShowBismillah":false,"Text":"وَلَقَدۡ صَرَّفۡنَٰهُ بَيۡنَهُمۡ لِيَذَّكَّرُواْ فَأَبَىٰٓ أَكۡثَرُ ٱلنَّاسِ إِلَّا كُفُورٗا","TajweedText":"وَلَقَ<tajweed class=qalaqah>دْ</tajweed> صَرَّفْنَ<tajweed class=madda_normal>ـٰ</tajweed>هُ بَيْنَهُمْ لِيَذَّكَّرُو<tajweed class=slnt>اْ</tajweed> فَأَبَ<tajweed class=madda_obligatory>ىٰٓ</tajweed> أَكْثَرُ <tajweed class=ham_wasl>ٱ</tajweed><tajweed class=laam_shamsiyah>ل</tajweed><tajweed class=ghunnah>نّ</tajweed>َاسِ إِلَّا كُفُورًا <span class=end>٥٠</span>","End":"٥٠","PageNumber":364,"JuzNumber":19,"ManzilNumber":4,"RukuNumber":314,"MaqraNumber":145,"HizbNumber":37,"HizbDecimal":0.0,"HasSajda":false},{"SurahNumber":25,"SurahIndex":"025","VerseNumber":51,"ShowSurahName":false,"ShowBismillah":false,"Text":"وَلَوۡ شِئۡنَا لَبَعَثۡنَا فِي كُلِّ قَرۡيَةٖ نَّذِيرٗا","TajweedText":"وَلَوْ شِئْنَا لَبَعَثْنَا فِى كُلِّ قَرْيَ<tajweed class=idgham_ghunnah>ةٍ ن</tajweed>َّذِيرًا <span class=end>٥١</span>","End":"٥١","PageNumber":364,"JuzNumber":19,"ManzilNumber":4,"RukuNumber":314,"MaqraNumber":145,"HizbNumber":37,"HizbDecimal":0.0,"HasSajda":false},{"SurahNumber":25,"SurahIndex":"025","VerseNumber":52,"ShowSurahName":false,"ShowBismillah":false,"Text":"فَلَا تُطِعِ ٱلۡكَٰفِرِينَ وَجَٰهِدۡهُم بِهِۦ جِهَادٗا كَبِيرٗا","TajweedText":"فَلَا تُطِعِ <tajweed class=ham_wasl>ٱ</tajweed>لْكَ<tajweed class=madda_normal>ـٰ</tajweed>فِرِينَ وَجَ<tajweed class=madda_normal>ـٰ</tajweed>هِ<tajweed class=qalaqah>دْ</tajweed>ه<tajweed class=ikhafa_shafawi>ُم ب</tajweed>ِه<tajweed class=madda_normal>ِۦ</tajweed> جِهَا<tajweed class=ikhafa>دًا ك</tajweed>َبِيرًا <span class=end>٥٢</span>","End":"٥٢","PageNumber":364,"JuzNumber":19,"ManzilNumber":4,"RukuNumber":314,"MaqraNumber":145,"HizbNumber":37,"HizbDecimal":0.0,"HasSajda":false},{"SurahNumber":25,"SurahIndex":"025","VerseNumber":53,"ShowSurahName":false,"ShowBismillah":false,"Text":"۞وَهُوَ ٱلَّذِي مَرَجَ ٱلۡبَحۡرَيۡنِ هَٰذَا عَذۡبٞ فُرَاتٞ وَهَٰذَا مِلۡحٌ أُجَاجٞ وَجَعَلَ بَيۡنَهُمَا بَرۡزَخٗا وَحِجۡرٗا مَّحۡجُورٗا","TajweedText":"۞ وَهُوَ <tajweed class=ham_wasl>ٱ</tajweed>لَّذِى مَرَجَ <tajweed class=ham_wasl>ٱ</tajweed>لْبَحْرَيْنِ هَ<tajweed class=madda_normal>ـٰ</tajweed>ذَا عَذْ<tajweed class=ikhafa>بٌ ف</tajweed>ُرَا<tajweed class=idgham_ghunnah>تٌ و</tajweed>َهَ<tajweed class=madda_normal>ـٰ</tajweed>ذَا مِلْحٌ أُجَا<tajweed class=idgham_ghunnah>جٌ و</tajweed>َجَعَلَ بَيْنَهُمَا بَرْزَ<tajweed class=idgham_ghunnah>خًا و</tajweed>َحِ<tajweed class=qalaqah>جْ</tajweed><tajweed class=idgham_ghunnah>رًا م</tajweed>َّحْجُورًا <span class=end>٥٣</span>","End":"٥٣","PageNumber":364,"JuzNumber":19,"ManzilNumber":4,"RukuNumber":314,"MaqraNumber":146,"HizbNumber":37,"HizbDecimal":0.25,"HasSajda":false},{"SurahNumber":25,"SurahIndex":"025","VerseNumber":54,"ShowSurahName":false,"ShowBismillah":false,"Text":"وَهُوَ ٱلَّذِي خَلَقَ مِنَ ٱلۡمَآءِ بَشَرٗا فَجَعَلَهُۥ نَسَبٗا وَصِهۡرٗاۗ وَكَانَ رَبُّكَ قَدِيرٗا","TajweedText":"وَهُوَ <tajweed class=ham_wasl>ٱ</tajweed>لَّذِى خَلَقَ مِنَ <tajweed class=ham_wasl>ٱ</tajweed>لْم<tajweed class=madda_obligatory>َا</tajweed>ٓءِ بَشَ<tajweed class=ikhafa>رًا ف</tajweed>َجَعَلَهُ<tajweed class=madda_normal>ۥ</tajweed> نَسَ<tajweed class=idgham_ghunnah>بًا و</tajweed>َصِهْ<tajweed class=idgham_ghunnah>رًا‌ۗ و</tajweed>َكَانَ رَبُّكَ قَدِيرًا <span class=end>٥٤</span>","End":"٥٤","PageNumber":364,"JuzNumber":19,"ManzilNumber":4,"RukuNumber":314,"MaqraNumber":146,"HizbNumber":37,"HizbDecimal":0.25,"HasSajda":false},{"SurahNumber":25,"SurahIndex":"025","VerseNumber":55,"ShowSurahName":false,"ShowBismillah":false,"Text":"وَيَعۡبُدُونَ مِن دُونِ ٱللَّهِ مَا لَا يَنفَعُهُمۡ وَلَا يَضُرُّهُمۡۗ وَكَانَ ٱلۡكَافِرُ عَلَىٰ رَبِّهِۦ ظَهِيرٗا","TajweedText":"وَيَعْبُدُونَ مِ<tajweed class=ikhafa>ن د</tajweed>ُونِ <tajweed class=ham_wasl>ٱ</tajweed>للَّهِ مَا لَا يَ<tajweed class=ikhafa>نف</tajweed>َعُهُمْ وَلَا يَضُرُّهُمْ‌ۗ وَكَانَ <tajweed class=ham_wasl>ٱ</tajweed>لْكَافِرُ عَلَىٰ رَبِّه<tajweed class=madda_normal>ِۦ</tajweed> ظَهِيرًا <span class=end>٥٥</span>","End":"٥٥","PageNumber":364,"JuzNumber":19,"ManzilNumber":4,"RukuNumber":314,"MaqraNumber":146,"HizbNumber":37,"HizbDecimal":0.25,"HasSajda":false},{"SurahNumber":25,"SurahIndex":"025","VerseNumber":56,"ShowSurahName":false,"ShowBismillah":false,"Text":"وَمَآ أَرۡسَلۡنَٰكَ إِلَّا مُبَشِّرٗا وَنَذِيرٗا","TajweedText":"وَم<tajweed class=madda_obligatory>َآ</tajweed> أَرْسَلْنَ<tajweed class=madda_normal>ـٰ</tajweed>كَ إِلَّا مُبَشِّ<tajweed class=idgham_ghunnah>رًا و</tajweed>َنَذِيرًا <span class=end>٥٦</span>","End":"٥٦","PageNumber":365,"JuzNumber":19,"ManzilNumber":4,"RukuNumber":314,"MaqraNumber":146,"HizbNumber":37,"HizbDecimal":0.25,"HasSajda":false},{"SurahNumber":25,"SurahIndex":"025","VerseNumber":57,"ShowSurahName":false,"ShowBismillah":false,"Text":"قُلۡ مَآ أَسۡـَٔلُكُمۡ عَلَيۡهِ مِنۡ أَجۡرٍ إِلَّا مَن شَآءَ أَن يَتَّخِذَ إِلَىٰ رَبِّهِۦ سَبِيلٗا","TajweedText":"قُلْ م<tajweed class=madda_obligatory>َآ</tajweed> أَسْــَٔلُكُمْ عَلَيْهِ مِنْ أَ<tajweed class=qalaqah>جْ</tajweed>رٍ إِلَّا مَ<tajweed class=ikhafa>ن ش</tajweed><tajweed class=madda_obligatory>َا</tajweed>ٓءَ أ<tajweed class=idgham_ghunnah>َن ي</tajweed>َتَّخِذَ إِلَىٰ رَبِّه<tajweed class=madda_normal>ِۦ</tajweed> سَبِيلاً <span class=end>٥٧</span>","End":"٥٧","PageNumber":365,"JuzNumber":19,"ManzilNumber":4,"RukuNumber":314,"MaqraNumber":146,"HizbNumber":37,"HizbDecimal":0.25,"HasSajda":false},{"SurahNumber":25,"SurahIndex":"025","VerseNumber":58,"ShowSurahName":false,"ShowBismillah":false,"Text":"وَتَوَكَّلۡ عَلَى ٱلۡحَيِّ ٱلَّذِي لَا يَمُوتُ وَسَبِّحۡ بِحَمۡدِهِۦۚ وَكَفَىٰ بِهِۦ بِذُنُوبِ عِبَادِهِۦ خَبِيرًا","TajweedText":"وَتَوَكَّلْ عَلَى <tajweed class=ham_wasl>ٱ</tajweed>لْحَىِّ <tajweed class=ham_wasl>ٱ</tajweed>لَّذِى لَا يَمُوتُ وَسَبِّحْ بِحَمْدِه<tajweed class=madda_normal>ِۦ</tajweed>‌ۚ وَكَفَىٰ بِه<tajweed class=madda_normal>ِۦ</tajweed> بِذُنُوبِ عِبَادِه<tajweed class=madda_normal>ِۦ</tajweed> خَبِيرًا <span class=end>٥٨</span>","End":"٥٨","PageNumber":365,"JuzNumber":19,"ManzilNumber":4,"RukuNumber":314,"MaqraNumber":146,"HizbNumber":37,"HizbDecimal":0.25,"HasSajda":false},{"SurahNumber":25,"SurahIndex":"025","VerseNumber":59,"ShowSurahName":false,"ShowBismillah":false,"Text":"ٱلَّذِي خَلَقَ ٱلسَّمَٰوَٰتِ وَٱلۡأَرۡضَ وَمَا بَيۡنَهُمَا فِي سِتَّةِ أَيَّامٖ ثُمَّ ٱسۡتَوَىٰ عَلَى ٱلۡعَرۡشِۖ ٱلرَّحۡمَٰنُ فَسۡـَٔلۡ بِهِۦ خَبِيرٗا","TajweedText":"ٱلَّذِى خَلَقَ <tajweed class=ham_wasl>ٱ</tajweed><tajweed class=laam_shamsiyah>ل</tajweed>سَّمَ<tajweed class=madda_normal>ـٰ</tajweed>و<tajweed class=madda_normal>َٲ</tajweed>تِ وَ<tajweed class=ham_wasl>ٱ</tajweed>لْأَرْضَ وَمَا بَيْنَهُمَا فِى سِتَّةِ أَيَّا<tajweed class=ikhafa>مٍ ث</tajweed>ُ<tajweed class=ghunnah>مّ</tajweed>َ <tajweed class=ham_wasl>ٱ</tajweed>سْتَوَىٰ عَلَى <tajweed class=ham_wasl>ٱ</tajweed>لْعَرْشِ‌ۚ <tajweed class=ham_wasl>ٱ</tajweed><tajweed class=laam_shamsiyah>ل</tajweed>رَّحْمَ<tajweed class=madda_normal>ـٰ</tajweed>نُ فَسْــَٔلْ بِه<tajweed class=madda_normal>ِۦ</tajweed> خَبِيرًا <span class=end>٥٩</span>","End":"٥٩","PageNumber":365,"JuzNumber":19,"ManzilNumber":4,"RukuNumber":314,"MaqraNumber":146,"HizbNumber":37,"HizbDecimal":0.25,"HasSajda":false},{"SurahNumber":25,"SurahIndex":"025","VerseNumber":60,"ShowSurahName":false,"ShowBismillah":false,"Text":"وَإِذَا قِيلَ لَهُمُ ٱسۡجُدُواْۤ لِلرَّحۡمَٰنِ قَالُواْ وَمَا ٱلرَّحۡمَٰنُ أَنَسۡجُدُ لِمَا تَأۡمُرُنَا وَزَادَهُمۡ نُفُورٗا۩","TajweedText":"وَإِذَا قِيلَ لَهُمُ <tajweed class=ham_wasl>ٱ</tajweed>سْجُدُو<tajweed class=slnt>اْ</tajweed> لِلرَّحْمَ<tajweed class=madda_normal>ـٰ</tajweed>نِ قَالُو<tajweed class=slnt>اْ</tajweed> وَمَا <tajweed class=ham_wasl>ٱ</tajweed><tajweed class=laam_shamsiyah>ل</tajweed>رَّحْمَ<tajweed class=madda_normal>ـٰ</tajweed>نُ أَنَسْجُدُ لِمَا تَأْمُرُنَا وَزَادَهُمْ نُفُورًا ۩ <span class=end>٦٠</span>","End":"٦٠","PageNumber":365,"JuzNumber":19,"ManzilNumber":4,"RukuNumber":314,"MaqraNumber":146,"HizbNumber":37,"HizbDecimal":0.25,"HasSajda":true}]}