{"RukuNumber":240,"Verses":[{"SurahNumber":17,"SurahIndex":"017","VerseNumber":1,"ShowSurahName":true,"ShowBismillah":true,"Text":"سُبۡحَٰنَ ٱلَّذِيٓ أَسۡرَىٰ بِعَبۡدِهِۦ لَيۡلٗا مِّنَ ٱلۡمَسۡجِدِ ٱلۡحَرَامِ إِلَى ٱلۡمَسۡجِدِ ٱلۡأَقۡصَا ٱلَّذِي بَٰرَكۡنَا حَوۡلَهُۥ لِنُرِيَهُۥ مِنۡ ءَايَٰتِنَآۚ إِنَّهُۥ هُوَ ٱلسَّمِيعُ ٱلۡبَصِيرُ","TajweedText":"سُ<tajweed class=qalaqah>بْ</tajweed>حَ<tajweed class=madda_normal>ـٰ</tajweed>نَ <tajweed class=ham_wasl>ٱ</tajweed>لَّذ<tajweed class=madda_obligatory>ِىٓ</tajweed> أَسْرَىٰ بِعَ<tajweed class=qalaqah>بْ</tajweed>دِه<tajweed class=madda_normal>ِۦ</tajweed> لَيْل<tajweed class=idgham_ghunnah>اً م</tajweed>ِّنَ <tajweed class=ham_wasl>ٱ</tajweed>لْمَسْجِدِ <tajweed class=ham_wasl>ٱ</tajweed>لْحَرَامِ إِلَى <tajweed class=ham_wasl>ٱ</tajweed>لْمَسْجِدِ <tajweed class=ham_wasl>ٱ</tajweed>لْأَ<tajweed class=qalaqah>قْ</tajweed>صَا <tajweed class=ham_wasl>ٱ</tajweed>لَّذِى بَ<tajweed class=madda_normal>ـٰ</tajweed>رَكْنَا حَوْلَهُ<tajweed class=madda_normal>ۥ</tajweed> لِنُرِيَهُ<tajweed class=madda_normal>ۥ</tajweed> مِنْ ءَايَ<tajweed class=madda_normal>ـٰ</tajweed>تِن<tajweed class=madda_obligatory>َآ‌ۚ</tajweed> إِ<tajweed class=ghunnah>نّ</tajweed>َهُ<tajweed class=madda_normal>ۥ</tajweed> هُوَ <tajweed class=ham_wasl>ٱ</tajweed><tajweed class=laam_shamsiyah>ل</tajweed>سَّمِيعُ <tajweed class=ham_wasl>ٱ</tajweed>لْبَص<tajweed class=madda_permissible>ِي</tajweed>رُ <span class=end>١</span>","End":"١","PageNumber":282,"JuzNumber":15,"ManzilNumber":4,"RukuNumber":240,"MaqraNumber":113,"HizbNumber":29,"HizbDecimal":0.0,"HasSajda":false},{"SurahNumber":17,"SurahIndex":"017","VerseNumber":2,"ShowSurahName":false,"ShowBismillah":false,"Text":"وَءَاتَيۡنَا مُوسَى ٱلۡكِتَٰبَ وَجَعَلۡنَٰهُ هُدٗى لِّبَنِيٓ إِسۡرَـٰٓءِيلَ أَلَّا تَتَّخِذُواْ مِن دُونِي وَكِيلٗا","TajweedText":"وَءَاتَيْنَا مُوسَى <tajweed class=ham_wasl>ٱ</tajweed>لْكِتَ<tajweed class=madda_normal>ـٰ</tajweed>بَ وَجَعَلْنَ<tajweed class=madda_normal>ـٰ</tajweed>هُ هُ<tajweed class=idgham_wo_ghunnah>دًى ل</tajweed>ِّبَن<tajweed class=madda_obligatory>ِىٓ</tajweed> إِسْر<tajweed class=madda_obligatory>َٲ</tajweed>ٓءِيلَ أَلَّا تَتَّخِذُو<tajweed class=slnt>اْ</tajweed> مِ<tajweed class=ikhafa>ن د</tajweed>ُونِى وَكِيلاً <span class=end>٢</span>","End":"٢","PageNumber":282,"JuzNumber":15,"ManzilNumber":4,"RukuNumber":240,"MaqraNumber":113,"HizbNumber":29,"HizbDecimal":0.0,"HasSajda":false},{"SurahNumber":17,"SurahIndex":"017","VerseNumber":3,"ShowSurahName":false,"ShowBismillah":false,"Text":"ذُرِّيَّةَ مَنۡ حَمَلۡنَا مَعَ نُوحٍۚ إِنَّهُۥ كَانَ عَبۡدٗا شَكُورٗا","TajweedText":"ذُرِّيَّةَ مَنْ حَمَلْنَا مَعَ نُوحٍ‌ۚ إِ<tajweed class=ghunnah>نّ</tajweed>َهُ<tajweed class=madda_normal>ۥ</tajweed> كَانَ عَ<tajweed class=qalaqah>بْ</tajweed><tajweed class=ikhafa>دًا ش</tajweed>َكُورًا <span class=end>٣</span>","End":"٣","PageNumber":282,"JuzNumber":15,"ManzilNumber":4,"RukuNumber":240,"MaqraNumber":113,"HizbNumber":29,"HizbDecimal":0.0,"HasSajda":false},{"SurahNumber":17,"SurahIndex":"017","VerseNumber":4,"ShowSurahName":false,"ShowBismillah":false,"Text":"وَقَضَيۡنَآ إِلَىٰ بَنِيٓ إِسۡرَـٰٓءِيلَ فِي ٱلۡكِتَٰبِ لَتُفۡسِدُنَّ فِي ٱلۡأَرۡضِ مَرَّتَيۡنِ وَلَتَعۡلُنَّ عُلُوّٗا كَبِيرٗا","TajweedText":"وَقَضَيْن<tajweed class=madda_obligatory>َآ</tajweed> إِلَىٰ بَن<tajweed class=madda_obligatory>ِىٓ</tajweed> إِسْر<tajweed class=madda_obligatory>َٲ</tajweed>ٓءِيلَ فِى <tajweed class=ham_wasl>ٱ</tajweed>لْكِتَ<tajweed class=madda_normal>ـٰ</tajweed>بِ لَتُفْسِدُ<tajweed class=ghunnah>نّ</tajweed>َ فِى <tajweed class=ham_wasl>ٱ</tajweed>لْأَرْضِ مَرَّتَيْنِ وَلَتَعْلُ<tajweed class=ghunnah>نّ</tajweed>َ عُلُو<tajweed class=ikhafa>ًّا ك</tajweed>َبِيرًا <span class=end>٤</span>","End":"٤","PageNumber":282,"JuzNumber":15,"ManzilNumber":4,"RukuNumber":240,"MaqraNumber":113,"HizbNumber":29,"HizbDecimal":0.0,"HasSajda":false},{"SurahNumber":17,"SurahIndex":"017","VerseNumber":5,"ShowSurahName":false,"ShowBismillah":false,"Text":"فَإِذَا جَآءَ وَعۡدُ أُولَىٰهُمَا بَعَثۡنَا عَلَيۡكُمۡ عِبَادٗا لَّنَآ أُوْلِي بَأۡسٖ شَدِيدٖ فَجَاسُواْ خِلَٰلَ ٱلدِّيَارِۚ وَكَانَ وَعۡدٗا مَّفۡعُولٗا","TajweedText":"فَإِذَا ج<tajweed class=madda_obligatory>َا</tajweed>ٓءَ وَعْدُ أُولَ<tajweed class=madda_normal>ـٰ</tajweed>هُمَا بَعَثْنَا عَلَيْكُمْ عِبَا<tajweed class=idgham_wo_ghunnah>دًا ل</tajweed>َّن<tajweed class=madda_obligatory>َآ</tajweed> أُ<tajweed class=slnt>وْ</tajweed>لِى بَأْ<tajweed class=ikhafa>سٍ ش</tajweed>َدِي<tajweed class=ikhafa>دٍ ف</tajweed>َجَاسُو<tajweed class=slnt>اْ</tajweed> خِلَ<tajweed class=madda_normal>ـٰ</tajweed>لَ <tajweed class=ham_wasl>ٱ</tajweed><tajweed class=laam_shamsiyah>ل</tajweed>دِّيَارِ‌ۚ وَكَانَ وَعْ<tajweed class=idgham_ghunnah>دًا م</tajweed>َّفْعُولاً <span class=end>٥</span>","End":"٥","PageNumber":282,"JuzNumber":15,"ManzilNumber":4,"RukuNumber":240,"MaqraNumber":113,"HizbNumber":29,"HizbDecimal":0.0,"HasSajda":false},{"SurahNumber":17,"SurahIndex":"017","VerseNumber":6,"ShowSurahName":false,"ShowBismillah":false,"Text":"ثُمَّ رَدَدۡنَا لَكُمُ ٱلۡكَرَّةَ عَلَيۡهِمۡ وَأَمۡدَدۡنَٰكُم بِأَمۡوَٰلٖ وَبَنِينَ وَجَعَلۡنَٰكُمۡ أَكۡثَرَ نَفِيرًا","TajweedText":"ثُ<tajweed class=ghunnah>مّ</tajweed>َ رَدَ<tajweed class=qalaqah>دْ</tajweed>نَا لَكُمُ <tajweed class=ham_wasl>ٱ</tajweed>لْكَرَّةَ عَلَيْهِمْ وَأَمْدَ<tajweed class=qalaqah>دْ</tajweed>نَ<tajweed class=madda_normal>ـٰ</tajweed>ك<tajweed class=ikhafa_shafawi>ُم ب</tajweed>ِأَمْو<tajweed class=madda_normal>َٲ</tajweed><tajweed class=idgham_ghunnah>لٍ و</tajweed>َبَنِينَ وَجَعَلْنَ<tajweed class=madda_normal>ـٰ</tajweed>كُمْ أَكْثَرَ نَفِيرًا <span class=end>٦</span>","End":"٦","PageNumber":282,"JuzNumber":15,"ManzilNumber":4,"RukuNumber":240,"MaqraNumber":113,"HizbNumber":29,"HizbDecimal":0.0,"HasSajda":false},{"SurahNumber":17,"SurahIndex":"017","VerseNumber":7,"ShowSurahName":false,"ShowBismillah":false,"Text":"إِنۡ أَحۡسَنتُمۡ أَحۡسَنتُمۡ لِأَنفُسِكُمۡۖ وَإِنۡ أَسَأۡتُمۡ فَلَهَاۚ فَإِذَا جَآءَ وَعۡدُ ٱلۡأٓخِرَةِ لِيَسُـُٔواْ وُجُوهَكُمۡ وَلِيَدۡخُلُواْ ٱلۡمَسۡجِدَ كَمَا دَخَلُوهُ أَوَّلَ مَرَّةٖ وَلِيُتَبِّرُواْ مَا عَلَوۡاْ تَتۡبِيرًا","TajweedText":"إِنْ أَحْسَ<tajweed class=ikhafa>نت</tajweed>ُمْ أَحْسَ<tajweed class=ikhafa>نت</tajweed>ُمْ لِأَ<tajweed class=ikhafa>نف</tajweed>ُسِكُمْ‌ۖ وَإِنْ أَسَأْتُمْ فَلَهَا‌ۚ فَإِذَا ج<tajweed class=madda_obligatory>َا</tajweed>ٓءَ وَعْدُ <tajweed class=ham_wasl>ٱ</tajweed>لْأَخِرَةِ لِيَسُ<tajweed class=madda_normal>ــۥٓ</tajweed>ــُٔو<tajweed class=slnt>اْ</tajweed> وُجُوهَكُمْ وَلِيَ<tajweed class=qalaqah>دْ</tajweed>خُلُو<tajweed class=slnt>اْ</tajweed> <tajweed class=ham_wasl>ٱ</tajweed>لْمَسْجِدَ كَمَا دَخَلُوهُ أَوَّلَ مَرَّ<tajweed class=idgham_ghunnah>ةٍ و</tajweed>َلِيُتَبِّرُو<tajweed class=slnt>اْ</tajweed> مَا عَلَوْ<tajweed class=slnt>اْ</tajweed> تَتْبِيرًا <span class=end>٧</span>","End":"٧","PageNumber":282,"JuzNumber":15,"ManzilNumber":4,"RukuNumber":240,"MaqraNumber":113,"HizbNumber":29,"HizbDecimal":0.0,"HasSajda":false},{"SurahNumber":17,"SurahIndex":"017","VerseNumber":8,"ShowSurahName":false,"ShowBismillah":false,"Text":"عَسَىٰ رَبُّكُمۡ أَن يَرۡحَمَكُمۡۚ وَإِنۡ عُدتُّمۡ عُدۡنَاۚ وَجَعَلۡنَا جَهَنَّمَ لِلۡكَٰفِرِينَ حَصِيرًا","TajweedText":"عَسَىٰ رَبُّكُمْ أ<tajweed class=idgham_ghunnah>َن ي</tajweed>َرْحَمَكُمْ‌ۚ وَإِنْ عُ<tajweed class=idgham_mutajanisayn>د</tajweed>تُّمْ عُ<tajweed class=qalaqah>دْ</tajweed>نَا‌ۘ وَجَعَلْنَا جَهَ<tajweed class=ghunnah>نّ</tajweed>َمَ لِلْكَ<tajweed class=madda_normal>ـٰ</tajweed>فِرِينَ حَصِيرًا <span class=end>٨</span>","End":"٨","PageNumber":283,"JuzNumber":15,"ManzilNumber":4,"RukuNumber":240,"MaqraNumber":113,"HizbNumber":29,"HizbDecimal":0.0,"HasSajda":false},{"SurahNumber":17,"SurahIndex":"017","VerseNumber":9,"ShowSurahName":false,"ShowBismillah":false,"Text":"إِنَّ هَٰذَا ٱلۡقُرۡءَانَ يَهۡدِي لِلَّتِي هِيَ أَقۡوَمُ وَيُبَشِّرُ ٱلۡمُؤۡمِنِينَ ٱلَّذِينَ يَعۡمَلُونَ ٱلصَّـٰلِحَٰتِ أَنَّ لَهُمۡ أَجۡرٗا كَبِيرٗا","TajweedText":"إِ<tajweed class=ghunnah>نّ</tajweed>َ هَ<tajweed class=madda_normal>ـٰ</tajweed>ذَا <tajweed class=ham_wasl>ٱ</tajweed>لْقُرْءَانَ يَهْدِى لِلَّتِى هِىَ أَ<tajweed class=qalaqah>قْ</tajweed>وَمُ وَيُبَشِّرُ <tajweed class=ham_wasl>ٱ</tajweed>لْمُؤْمِنِينَ <tajweed class=ham_wasl>ٱ</tajweed>لَّذِينَ يَعْمَلُونَ <tajweed class=ham_wasl>ٱ</tajweed><tajweed class=laam_shamsiyah>ل</tajweed>صَّ<tajweed class=madda_normal>ـٰ</tajweed>لِحَ<tajweed class=madda_normal>ـٰ</tajweed>تِ أَ<tajweed class=ghunnah>نّ</tajweed>َ لَهُمْ أَ<tajweed class=qalaqah>جْ</tajweed><tajweed class=ikhafa>رًا ك</tajweed>َبِيرًا <span class=end>٩</span>","End":"٩","PageNumber":283,"JuzNumber":15,"ManzilNumber":4,"RukuNumber":240,"MaqraNumber":113,"HizbNumber":29,"HizbDecimal":0.0,"HasSajda":false},{"SurahNumber":17,"SurahIndex":"017","VerseNumber":10,"ShowSurahName":false,"ShowBismillah":false,"Text":"وَأَنَّ ٱلَّذِينَ لَا يُؤۡمِنُونَ بِٱلۡأٓخِرَةِ أَعۡتَدۡنَا لَهُمۡ عَذَابًا أَلِيمٗا","TajweedText":"وَأَ<tajweed class=ghunnah>نّ</tajweed>َ <tajweed class=ham_wasl>ٱ</tajweed>لَّذِينَ لَا يُؤْمِنُونَ بِ<tajweed class=ham_wasl>ٱ</tajweed>لْأَخِرَةِ أَعْتَ<tajweed class=qalaqah>دْ</tajweed>نَا لَهُمْ عَذَابًا أَلِيمًا <span class=end>١٠</span>","End":"١٠","PageNumber":283,"JuzNumber":15,"ManzilNumber":4,"RukuNumber":240,"MaqraNumber":113,"HizbNumber":29,"HizbDecimal":0.0,"HasSajda":false}]}