{"RukuNumber":14,"Verses":[{"SurahNumber":2,"SurahIndex":"002","VerseNumber":104,"ShowSurahName":false,"ShowBismillah":false,"Text":"يَـٰٓأَيُّهَا ٱلَّذِينَ ءَامَنُواْ لَا تَقُولُواْ رَٰعِنَا وَقُولُواْ ٱنظُرۡنَا وَٱسۡمَعُواْۗ وَلِلۡكَٰفِرِينَ عَذَابٌ أَلِيمٞ","TajweedText":"يَ<tajweed class=madda_obligatory>ـٰٓ</tajweed>أَيُّهَا <tajweed class=ham_wasl>ٱ</tajweed>لَّذِينَ ءَامَنُو<tajweed class=slnt>اْ</tajweed> لَا تَقُولُو<tajweed class=slnt>اْ</tajweed> ر<tajweed class=madda_normal>َٲ</tajweed>عِنَا وَقُولُو<tajweed class=slnt>اْ</tajweed> <tajweed class=ham_wasl>ٱ</tajweed><tajweed class=ikhafa>نظ</tajweed>ُرْنَا وَ<tajweed class=ham_wasl>ٱ</tajweed>سْمَعُو<tajweed class=slnt>اْ‌ۗ</tajweed> وَلِلْكَ<tajweed class=madda_normal>ـٰ</tajweed>فِرِينَ عَذَابٌ أَل<tajweed class=madda_permissible>ِي</tajweed>مٌ <span class=end>١٠٤</span>","End":"١٠٤","PageNumber":16,"JuzNumber":1,"ManzilNumber":1,"RukuNumber":14,"MaqraNumber":6,"HizbNumber":2,"HizbDecimal":0.25,"HasSajda":false},{"SurahNumber":2,"SurahIndex":"002","VerseNumber":105,"ShowSurahName":false,"ShowBismillah":false,"Text":"مَّا يَوَدُّ ٱلَّذِينَ كَفَرُواْ مِنۡ أَهۡلِ ٱلۡكِتَٰبِ وَلَا ٱلۡمُشۡرِكِينَ أَن يُنَزَّلَ عَلَيۡكُم مِّنۡ خَيۡرٖ مِّن رَّبِّكُمۡۚ وَٱللَّهُ يَخۡتَصُّ بِرَحۡمَتِهِۦ مَن يَشَآءُۚ وَٱللَّهُ ذُو ٱلۡفَضۡلِ ٱلۡعَظِيمِ","TajweedText":"مَّا يَوَدُّ <tajweed class=ham_wasl>ٱ</tajweed>لَّذِينَ كَفَرُو<tajweed class=slnt>اْ</tajweed> مِنْ أَهْلِ <tajweed class=ham_wasl>ٱ</tajweed>لْكِتَ<tajweed class=madda_normal>ـٰ</tajweed>بِ وَلَا <tajweed class=ham_wasl>ٱ</tajweed>لْمُشْرِكِينَ أ<tajweed class=idgham_ghunnah>َن ي</tajweed>ُنَزَّلَ عَلَيْك<tajweed class=idgham_shafawi>ُم م</tajweed>ِّنْ خَيْ<tajweed class=idgham_ghunnah>رٍ م</tajweed>ّ<tajweed class=idgham_wo_ghunnah>ِن ر</tajweed>َّبِّكُمْ‌ۗ وَ<tajweed class=ham_wasl>ٱ</tajweed>للَّهُ يَخْتَصُّ بِرَحْمَتِه<tajweed class=madda_normal>ِۦ</tajweed> م<tajweed class=idgham_ghunnah>َن ي</tajweed>َش<tajweed class=madda_obligatory>َا</tajweed>ٓءُ‌ۚ وَ<tajweed class=ham_wasl>ٱ</tajweed>للَّهُ ذُو <tajweed class=ham_wasl>ٱ</tajweed>لْفَضْلِ <tajweed class=ham_wasl>ٱ</tajweed>لْعَظ<tajweed class=madda_permissible>ِي</tajweed>مِ <span class=end>١٠٥</span>","End":"١٠٥","PageNumber":16,"JuzNumber":1,"ManzilNumber":1,"RukuNumber":14,"MaqraNumber":6,"HizbNumber":2,"HizbDecimal":0.25,"HasSajda":false},{"SurahNumber":2,"SurahIndex":"002","VerseNumber":106,"ShowSurahName":false,"ShowBismillah":false,"Text":"۞مَا نَنسَخۡ مِنۡ ءَايَةٍ أَوۡ نُنسِهَا نَأۡتِ بِخَيۡرٖ مِّنۡهَآ أَوۡ مِثۡلِهَآۗ أَلَمۡ تَعۡلَمۡ أَنَّ ٱللَّهَ عَلَىٰ كُلِّ شَيۡءٖ قَدِيرٌ","TajweedText":"۞ مَا نَ<tajweed class=ikhafa>نس</tajweed>َخْ مِنْ ءَايَةٍ أَوْ نُ<tajweed class=ikhafa>نس</tajweed>ِهَا نَأْتِ بِخَيْ<tajweed class=idgham_ghunnah>رٍ م</tajweed>ِّنْه<tajweed class=madda_obligatory>َآ</tajweed> أَوْ مِثْلِه<tajweed class=madda_obligatory>َآ‌ۗ</tajweed> أَلَمْ تَعْلَمْ أَ<tajweed class=ghunnah>نّ</tajweed>َ <tajweed class=ham_wasl>ٱ</tajweed>للَّهَ عَلَىٰ كُلِّ ش<tajweed class=ikhafa>َىْءٍ ق</tajweed>َد<tajweed class=madda_permissible>ِي</tajweed>رٌ <span class=end>١٠٦</span>","End":"١٠٦","PageNumber":17,"JuzNumber":1,"ManzilNumber":1,"RukuNumber":14,"MaqraNumber":7,"HizbNumber":2,"HizbDecimal":0.5,"HasSajda":false},{"SurahNumber":2,"SurahIndex":"002","VerseNumber":107,"ShowSurahName":false,"ShowBismillah":false,"Text":"أَلَمۡ تَعۡلَمۡ أَنَّ ٱللَّهَ لَهُۥ مُلۡكُ ٱلسَّمَٰوَٰتِ وَٱلۡأَرۡضِۗ وَمَا لَكُم مِّن دُونِ ٱللَّهِ مِن وَلِيّٖ وَلَا نَصِيرٍ","TajweedText":"أَلَمْ تَعْلَمْ أَ<tajweed class=ghunnah>نّ</tajweed>َ <tajweed class=ham_wasl>ٱ</tajweed>للَّهَ لَهُ<tajweed class=madda_normal>ۥ</tajweed> مُلْكُ <tajweed class=ham_wasl>ٱ</tajweed><tajweed class=laam_shamsiyah>ل</tajweed>سَّمَ<tajweed class=madda_normal>ـٰ</tajweed>و<tajweed class=madda_normal>َٲ</tajweed>تِ وَ<tajweed class=ham_wasl>ٱ</tajweed>لْأَرْضِ‌ۗ وَمَا لَك<tajweed class=idgham_shafawi>ُم م</tajweed>ِّ<tajweed class=ikhafa>ن د</tajweed>ُونِ <tajweed class=ham_wasl>ٱ</tajweed>للَّهِ م<tajweed class=idgham_ghunnah>ِن و</tajweed>َلِ<tajweed class=idgham_ghunnah>ىٍّ و</tajweed>َلَا نَص<tajweed class=madda_permissible>ِي</tajweed>رٍ <span class=end>١٠٧</span>","End":"١٠٧","PageNumber":17,"JuzNumber":1,"ManzilNumber":1,"RukuNumber":14,"MaqraNumber":7,"HizbNumber":2,"HizbDecimal":0.5,"HasSajda":false},{"SurahNumber":2,"SurahIndex":"002","VerseNumber":108,"ShowSurahName":false,"ShowBismillah":false,"Text":"أَمۡ تُرِيدُونَ أَن تَسۡـَٔلُواْ رَسُولَكُمۡ كَمَا سُئِلَ مُوسَىٰ مِن قَبۡلُۗ وَمَن يَتَبَدَّلِ ٱلۡكُفۡرَ بِٱلۡإِيمَٰنِ فَقَدۡ ضَلَّ سَوَآءَ ٱلسَّبِيلِ","TajweedText":"أَمْ تُرِيدُونَ أَ<tajweed class=ikhafa>ن ت</tajweed>َسْــَٔلُو<tajweed class=slnt>اْ</tajweed> رَسُولَكُمْ كَمَا سُئِلَ مُوسَىٰ مِ<tajweed class=ikhafa>ن ق</tajweed>َ<tajweed class=qalaqah>بْ</tajweed>لُ‌ۗ وَم<tajweed class=idgham_ghunnah>َن ي</tajweed>َتَبَدَّلِ <tajweed class=ham_wasl>ٱ</tajweed>لْكُفْرَ بِ<tajweed class=ham_wasl>ٱ</tajweed>لْإِيمَ<tajweed class=madda_normal>ـٰ</tajweed>نِ فَقَ<tajweed class=qalaqah>دْ</tajweed> ضَلَّ سَو<tajweed class=madda_obligatory>َا</tajweed>ٓءَ <tajweed class=ham_wasl>ٱ</tajweed><tajweed class=laam_shamsiyah>ل</tajweed>سَّب<tajweed class=madda_permissible>ِي</tajweed>لِ <span class=end>١٠٨</span>","End":"١٠٨","PageNumber":17,"JuzNumber":1,"ManzilNumber":1,"RukuNumber":14,"MaqraNumber":7,"HizbNumber":2,"HizbDecimal":0.5,"HasSajda":false},{"SurahNumber":2,"SurahIndex":"002","VerseNumber":109,"ShowSurahName":false,"ShowBismillah":false,"Text":"وَدَّ كَثِيرٞ مِّنۡ أَهۡلِ ٱلۡكِتَٰبِ لَوۡ يَرُدُّونَكُم مِّنۢ بَعۡدِ إِيمَٰنِكُمۡ كُفَّارًا حَسَدٗا مِّنۡ عِندِ أَنفُسِهِم مِّنۢ بَعۡدِ مَا تَبَيَّنَ لَهُمُ ٱلۡحَقُّۖ فَٱعۡفُواْ وَٱصۡفَحُواْ حَتَّىٰ يَأۡتِيَ ٱللَّهُ بِأَمۡرِهِۦٓۗ إِنَّ ٱللَّهَ عَلَىٰ كُلِّ شَيۡءٖ قَدِيرٞ","TajweedText":"وَدَّ كَثِي<tajweed class=idgham_ghunnah>رٌ م</tajweed>ِّنْ أَهْلِ <tajweed class=ham_wasl>ٱ</tajweed>لْكِتَ<tajweed class=madda_normal>ـٰ</tajweed>بِ لَوْ يَرُدُّونَك<tajweed class=idgham_shafawi>ُم م</tajweed>ّ<tajweed class=iqlab>ِنۢ ب</tajweed>َعْدِ إِيمَ<tajweed class=madda_normal>ـٰ</tajweed>نِكُمْ كُفَّارًا حَسَ<tajweed class=idgham_ghunnah>دًا م</tajweed>ِّنْ عِ<tajweed class=ikhafa>ند</tajweed>ِ أَ<tajweed class=ikhafa>نف</tajweed>ُسِه<tajweed class=idgham_shafawi>ِم م</tajweed>ّ<tajweed class=iqlab>ِنۢ ب</tajweed>َعْدِ مَا تَبَيَّنَ لَهُمُ <tajweed class=ham_wasl>ٱ</tajweed>لْحَقُّ‌ۖ فَ<tajweed class=ham_wasl>ٱ</tajweed>عْفُو<tajweed class=slnt>اْ</tajweed> وَ<tajweed class=ham_wasl>ٱ</tajweed>صْفَحُو<tajweed class=slnt>اْ</tajweed> حَتَّىٰ يَأْتِىَ <tajweed class=ham_wasl>ٱ</tajweed>للَّهُ بِأَمْرِه<tajweed class=madda_obligatory>ِۦٓ‌ۗ</tajweed> إِ<tajweed class=ghunnah>نّ</tajweed>َ <tajweed class=ham_wasl>ٱ</tajweed>للَّهَ عَلَىٰ كُلِّ ش<tajweed class=ikhafa>َىْءٍ ق</tajweed>َد<tajweed class=madda_permissible>ِي</tajweed>رٌ <span class=end>١٠٩</span>","End":"١٠٩","PageNumber":17,"JuzNumber":1,"ManzilNumber":1,"RukuNumber":14,"MaqraNumber":7,"HizbNumber":2,"HizbDecimal":0.5,"HasSajda":false},{"SurahNumber":2,"SurahIndex":"002","VerseNumber":110,"ShowSurahName":false,"ShowBismillah":false,"Text":"وَأَقِيمُواْ ٱلصَّلَوٰةَ وَءَاتُواْ ٱلزَّكَوٰةَۚ وَمَا تُقَدِّمُواْ لِأَنفُسِكُم مِّنۡ خَيۡرٖ تَجِدُوهُ عِندَ ٱللَّهِۗ إِنَّ ٱللَّهَ بِمَا تَعۡمَلُونَ بَصِيرٞ","TajweedText":"وَأَقِيمُو<tajweed class=slnt>اْ</tajweed> <tajweed class=ham_wasl>ٱ</tajweed><tajweed class=laam_shamsiyah>ل</tajweed>صَّلَ<tajweed class=slnt>و</tajweed><tajweed class=madda_normal>ٲ</tajweed>ةَ وَءَاتُو<tajweed class=slnt>اْ</tajweed> <tajweed class=ham_wasl>ٱ</tajweed><tajweed class=laam_shamsiyah>ل</tajweed>زَّكَ<tajweed class=slnt>و</tajweed><tajweed class=madda_normal>ٲ</tajweed>ةَ‌ۚ وَمَا تُقَدِّمُو<tajweed class=slnt>اْ</tajweed> لِأَ<tajweed class=ikhafa>نف</tajweed>ُسِك<tajweed class=idgham_shafawi>ُم م</tajweed>ِّنْ خَيْ<tajweed class=ikhafa>رٍ ت</tajweed>َجِدُوهُ عِ<tajweed class=ikhafa>ند</tajweed>َ <tajweed class=ham_wasl>ٱ</tajweed>للَّهِ‌ۗ إِ<tajweed class=ghunnah>نّ</tajweed>َ <tajweed class=ham_wasl>ٱ</tajweed>للَّهَ بِمَا تَعْمَلُونَ بَص<tajweed class=madda_permissible>ِي</tajweed>رٌ <span class=end>١١٠</span>","End":"١١٠","PageNumber":17,"JuzNumber":1,"ManzilNumber":1,"RukuNumber":14,"MaqraNumber":7,"HizbNumber":2,"HizbDecimal":0.5,"HasSajda":false},{"SurahNumber":2,"SurahIndex":"002","VerseNumber":111,"ShowSurahName":false,"ShowBismillah":false,"Text":"وَقَالُواْ لَن يَدۡخُلَ ٱلۡجَنَّةَ إِلَّا مَن كَانَ هُودًا أَوۡ نَصَٰرَىٰۗ تِلۡكَ أَمَانِيُّهُمۡۗ قُلۡ هَاتُواْ بُرۡهَٰنَكُمۡ إِن كُنتُمۡ صَٰدِقِينَ","TajweedText":"وَقَالُو<tajweed class=slnt>اْ</tajweed> ل<tajweed class=idgham_ghunnah>َن ي</tajweed>َ<tajweed class=qalaqah>دْ</tajweed>خُلَ <tajweed class=ham_wasl>ٱ</tajweed>لْجَ<tajweed class=ghunnah>نّ</tajweed>َةَ إِلَّا مَ<tajweed class=ikhafa>ن ك</tajweed>َانَ هُودًا أَوْ نَصَ<tajweed class=madda_normal>ـٰ</tajweed>رَىٰ‌ۗ تِلْكَ أَمَانِيُّهُمْ‌ۗ قُلْ هَاتُو<tajweed class=slnt>اْ</tajweed> بُرْهَ<tajweed class=madda_normal>ـٰ</tajweed>نَكُمْ إِ<tajweed class=ikhafa>ن ك</tajweed>ُ<tajweed class=ikhafa>نت</tajweed>ُمْ صَ<tajweed class=madda_normal>ـٰ</tajweed>دِق<tajweed class=madda_permissible>ِي</tajweed>نَ <span class=end>١١١</span>","End":"١١١","PageNumber":17,"JuzNumber":1,"ManzilNumber":1,"RukuNumber":14,"MaqraNumber":7,"HizbNumber":2,"HizbDecimal":0.5,"HasSajda":false},{"SurahNumber":2,"SurahIndex":"002","VerseNumber":112,"ShowSurahName":false,"ShowBismillah":false,"Text":"بَلَىٰۚ مَنۡ أَسۡلَمَ وَجۡهَهُۥ لِلَّهِ وَهُوَ مُحۡسِنٞ فَلَهُۥٓ أَجۡرُهُۥ عِندَ رَبِّهِۦ وَلَا خَوۡفٌ عَلَيۡهِمۡ وَلَا هُمۡ يَحۡزَنُونَ","TajweedText":"بَلَىٰ مَنْ أَسْلَمَ وَ<tajweed class=qalaqah>جْ</tajweed>هَهُ<tajweed class=madda_normal>ۥ</tajweed> لِلَّهِ وَهُوَ مُحْسِ<tajweed class=ikhafa>نٌ ف</tajweed>َلَهُ<tajweed class=madda_obligatory>ۥٓ</tajweed> أَ<tajweed class=qalaqah>جْ</tajweed>رُهُ<tajweed class=madda_normal>ۥ</tajweed> عِ<tajweed class=ikhafa>ند</tajweed>َ رَبِّه<tajweed class=madda_normal>ِۦ</tajweed> وَلَا خَوْفٌ عَلَيْهِمْ وَلَا هُمْ يَحْزَن<tajweed class=madda_permissible>ُو</tajweed>نَ <span class=end>١١٢</span>","End":"١١٢","PageNumber":17,"JuzNumber":1,"ManzilNumber":1,"RukuNumber":14,"MaqraNumber":7,"HizbNumber":2,"HizbDecimal":0.5,"HasSajda":false}]}