{"RukuNumber":291,"Verses":[{"SurahNumber":22,"SurahIndex":"022","VerseNumber":49,"ShowSurahName":false,"ShowBismillah":false,"Text":"قُلۡ يَـٰٓأَيُّهَا ٱلنَّاسُ إِنَّمَآ أَنَا۠ لَكُمۡ نَذِيرٞ مُّبِينٞ","TajweedText":"قُلْ يَ<tajweed class=madda_obligatory>ـٰٓ</tajweed>أَيُّهَا <tajweed class=ham_wasl>ٱ</tajweed><tajweed class=laam_shamsiyah>ل</tajweed><tajweed class=ghunnah>نّ</tajweed>َاسُ إِ<tajweed class=ghunnah>نّ</tajweed>َم<tajweed class=madda_obligatory>َآ</tajweed> أَنَا۟ لَكُمْ نَذِي<tajweed class=idgham_ghunnah>رٌ م</tajweed>ُّب<tajweed class=madda_permissible>ِي</tajweed>نٌ <span class=end>٤٩</span>","End":"٤٩","PageNumber":338,"JuzNumber":17,"ManzilNumber":4,"RukuNumber":291,"MaqraNumber":135,"HizbNumber":34,"HizbDecimal":0.5,"HasSajda":false},{"SurahNumber":22,"SurahIndex":"022","VerseNumber":50,"ShowSurahName":false,"ShowBismillah":false,"Text":"فَٱلَّذِينَ ءَامَنُواْ وَعَمِلُواْ ٱلصَّـٰلِحَٰتِ لَهُم مَّغۡفِرَةٞ وَرِزۡقٞ كَرِيمٞ","TajweedText":"فَ<tajweed class=ham_wasl>ٱ</tajweed>لَّذِينَ ءَامَنُو<tajweed class=slnt>اْ</tajweed> وَعَمِلُو<tajweed class=slnt>اْ</tajweed> <tajweed class=ham_wasl>ٱ</tajweed><tajweed class=laam_shamsiyah>ل</tajweed>صَّ<tajweed class=madda_normal>ـٰ</tajweed>لِحَ<tajweed class=madda_normal>ـٰ</tajweed>تِ لَه<tajweed class=idgham_shafawi>ُم م</tajweed>َّغْفِرَ<tajweed class=idgham_ghunnah>ةٌ و</tajweed>َرِزْ<tajweed class=ikhafa>قٌ ك</tajweed>َر<tajweed class=madda_permissible>ِي</tajweed>مٌ <span class=end>٥٠</span>","End":"٥٠","PageNumber":338,"JuzNumber":17,"ManzilNumber":4,"RukuNumber":291,"MaqraNumber":135,"HizbNumber":34,"HizbDecimal":0.5,"HasSajda":false},{"SurahNumber":22,"SurahIndex":"022","VerseNumber":51,"ShowSurahName":false,"ShowBismillah":false,"Text":"وَٱلَّذِينَ سَعَوۡاْ فِيٓ ءَايَٰتِنَا مُعَٰجِزِينَ أُوْلَـٰٓئِكَ أَصۡحَٰبُ ٱلۡجَحِيمِ","TajweedText":"وَ<tajweed class=ham_wasl>ٱ</tajweed>لَّذِينَ سَعَوْ<tajweed class=slnt>اْ</tajweed> ف<tajweed class=madda_obligatory>ِىٓ</tajweed> ءَايَ<tajweed class=madda_normal>ـٰ</tajweed>تِنَا مُعَ<tajweed class=madda_normal>ـٰ</tajweed>جِزِينَ أُ<tajweed class=slnt>وْ</tajweed>لَ<tajweed class=madda_obligatory>ـٰٓ</tajweed>ئِكَ أَصْحَ<tajweed class=madda_normal>ـٰ</tajweed>بُ <tajweed class=ham_wasl>ٱ</tajweed>لْجَح<tajweed class=madda_permissible>ِي</tajweed>مِ <span class=end>٥١</span>","End":"٥١","PageNumber":338,"JuzNumber":17,"ManzilNumber":4,"RukuNumber":291,"MaqraNumber":135,"HizbNumber":34,"HizbDecimal":0.5,"HasSajda":false},{"SurahNumber":22,"SurahIndex":"022","VerseNumber":52,"ShowSurahName":false,"ShowBismillah":false,"Text":"وَمَآ أَرۡسَلۡنَا مِن قَبۡلِكَ مِن رَّسُولٖ وَلَا نَبِيٍّ إِلَّآ إِذَا تَمَنَّىٰٓ أَلۡقَى ٱلشَّيۡطَٰنُ فِيٓ أُمۡنِيَّتِهِۦ فَيَنسَخُ ٱللَّهُ مَا يُلۡقِي ٱلشَّيۡطَٰنُ ثُمَّ يُحۡكِمُ ٱللَّهُ ءَايَٰتِهِۦۗ وَٱللَّهُ عَلِيمٌ حَكِيمٞ","TajweedText":"وَم<tajweed class=madda_obligatory>َآ</tajweed> أَرْسَلْنَا مِ<tajweed class=ikhafa>ن ق</tajweed>َ<tajweed class=qalaqah>بْ</tajweed>لِكَ م<tajweed class=idgham_wo_ghunnah>ِن ر</tajweed>َّسُو<tajweed class=idgham_ghunnah>لٍ و</tajweed>َلَا نَبِىٍّ إِلّ<tajweed class=madda_obligatory>َآ</tajweed> إِذَا تَمَ<tajweed class=ghunnah>نّ</tajweed>َ<tajweed class=madda_obligatory>ىٰٓ</tajweed> أَلْقَى <tajweed class=ham_wasl>ٱ</tajweed><tajweed class=laam_shamsiyah>ل</tajweed>شَّيْطَ<tajweed class=madda_normal>ـٰ</tajweed>نُ ف<tajweed class=madda_obligatory>ِىٓ</tajweed> أُمْنِيَّتِه<tajweed class=madda_normal>ِۦ</tajweed> فَيَ<tajweed class=ikhafa>نس</tajweed>َخُ <tajweed class=ham_wasl>ٱ</tajweed>للَّهُ مَا يُلْقِى <tajweed class=ham_wasl>ٱ</tajweed><tajweed class=laam_shamsiyah>ل</tajweed>شَّيْطَ<tajweed class=madda_normal>ـٰ</tajweed>نُ ثُ<tajweed class=ghunnah>مّ</tajweed>َ يُحْكِمُ <tajweed class=ham_wasl>ٱ</tajweed>للَّهُ ءَايَ<tajweed class=madda_normal>ـٰ</tajweed>تِه<tajweed class=madda_normal>ِۦ</tajweed>‌ۗ وَ<tajweed class=ham_wasl>ٱ</tajweed>للَّهُ عَلِيمٌ حَك<tajweed class=madda_permissible>ِي</tajweed>مٌ <span class=end>٥٢</span>","End":"٥٢","PageNumber":338,"JuzNumber":17,"ManzilNumber":4,"RukuNumber":291,"MaqraNumber":135,"HizbNumber":34,"HizbDecimal":0.5,"HasSajda":false},{"SurahNumber":22,"SurahIndex":"022","VerseNumber":53,"ShowSurahName":false,"ShowBismillah":false,"Text":"لِّيَجۡعَلَ مَا يُلۡقِي ٱلشَّيۡطَٰنُ فِتۡنَةٗ لِّلَّذِينَ فِي قُلُوبِهِم مَّرَضٞ وَٱلۡقَاسِيَةِ قُلُوبُهُمۡۗ وَإِنَّ ٱلظَّـٰلِمِينَ لَفِي شِقَاقِۭ بَعِيدٖ","TajweedText":"لِّيَ<tajweed class=qalaqah>جْ</tajweed>عَلَ مَا يُلْقِى <tajweed class=ham_wasl>ٱ</tajweed><tajweed class=laam_shamsiyah>ل</tajweed>شَّيْطَ<tajweed class=madda_normal>ـٰ</tajweed>نُ فِتْنَ<tajweed class=idgham_wo_ghunnah>ةً ل</tajweed>ِّلَّذِينَ فِى قُلُوبِه<tajweed class=idgham_shafawi>ِم م</tajweed>َّرَ<tajweed class=idgham_ghunnah>ضٌ و</tajweed>َ<tajweed class=ham_wasl>ٱ</tajweed>لْقَاسِيَةِ قُلُوبُهُمْ‌ۗ وَإِ<tajweed class=ghunnah>نّ</tajweed>َ <tajweed class=ham_wasl>ٱ</tajweed><tajweed class=laam_shamsiyah>ل</tajweed>ظَّ<tajweed class=madda_normal>ـٰ</tajweed>لِمِينَ لَفِى شِقَا<tajweed class=iqlab>قِۭ ب</tajweed>َع<tajweed class=madda_permissible>ِي</tajweed><tajweed class=qalaqah>د</tajweed>ٍ <span class=end>٥٣</span>","End":"٥٣","PageNumber":338,"JuzNumber":17,"ManzilNumber":4,"RukuNumber":291,"MaqraNumber":135,"HizbNumber":34,"HizbDecimal":0.5,"HasSajda":false},{"SurahNumber":22,"SurahIndex":"022","VerseNumber":54,"ShowSurahName":false,"ShowBismillah":false,"Text":"وَلِيَعۡلَمَ ٱلَّذِينَ أُوتُواْ ٱلۡعِلۡمَ أَنَّهُ ٱلۡحَقُّ مِن رَّبِّكَ فَيُؤۡمِنُواْ بِهِۦ فَتُخۡبِتَ لَهُۥ قُلُوبُهُمۡۗ وَإِنَّ ٱللَّهَ لَهَادِ ٱلَّذِينَ ءَامَنُوٓاْ إِلَىٰ صِرَٰطٖ مُّسۡتَقِيمٖ","TajweedText":"وَلِيَعْلَمَ <tajweed class=ham_wasl>ٱ</tajweed>لَّذِينَ أُوتُو<tajweed class=slnt>اْ</tajweed> <tajweed class=ham_wasl>ٱ</tajweed>لْعِلْمَ أَ<tajweed class=ghunnah>نّ</tajweed>َهُ <tajweed class=ham_wasl>ٱ</tajweed>لْحَقُّ م<tajweed class=idgham_wo_ghunnah>ِن ر</tajweed>َّبِّكَ فَيُؤْمِنُو<tajweed class=slnt>اْ</tajweed> بِه<tajweed class=madda_normal>ِۦ</tajweed> فَتُخْبِتَ لَهُ<tajweed class=madda_normal>ۥ</tajweed> قُلُوبُهُمْ‌ۗ وَإِ<tajweed class=ghunnah>نّ</tajweed>َ <tajweed class=ham_wasl>ٱ</tajweed>للَّهَ لَهَادِ <tajweed class=ham_wasl>ٱ</tajweed>لَّذِينَ ءَامَن<tajweed class=madda_obligatory>ُوٓ</tajweed><tajweed class=slnt>اْ</tajweed> إِلَىٰ صِر<tajweed class=madda_normal>َٲ</tajweed><tajweed class=idgham_ghunnah>طٍ م</tajweed>ُّسْتَق<tajweed class=madda_permissible>ِي</tajweed>مٍ <span class=end>٥٤</span>","End":"٥٤","PageNumber":338,"JuzNumber":17,"ManzilNumber":4,"RukuNumber":291,"MaqraNumber":135,"HizbNumber":34,"HizbDecimal":0.5,"HasSajda":false},{"SurahNumber":22,"SurahIndex":"022","VerseNumber":55,"ShowSurahName":false,"ShowBismillah":false,"Text":"وَلَا يَزَالُ ٱلَّذِينَ كَفَرُواْ فِي مِرۡيَةٖ مِّنۡهُ حَتَّىٰ تَأۡتِيَهُمُ ٱلسَّاعَةُ بَغۡتَةً أَوۡ يَأۡتِيَهُمۡ عَذَابُ يَوۡمٍ عَقِيمٍ","TajweedText":"وَلَا يَزَالُ <tajweed class=ham_wasl>ٱ</tajweed>لَّذِينَ كَفَرُو<tajweed class=slnt>اْ</tajweed> فِى مِرْيَ<tajweed class=idgham_ghunnah>ةٍ م</tajweed>ِّنْهُ حَتَّىٰ تَأْتِيَهُمُ <tajweed class=ham_wasl>ٱ</tajweed><tajweed class=laam_shamsiyah>ل</tajweed>سَّاعَةُ بَغْتَةً أَوْ يَأْتِيَهُمْ عَذَابُ يَوْمٍ عَق<tajweed class=madda_permissible>ِي</tajweed>مٍ <span class=end>٥٥</span>","End":"٥٥","PageNumber":338,"JuzNumber":17,"ManzilNumber":4,"RukuNumber":291,"MaqraNumber":135,"HizbNumber":34,"HizbDecimal":0.5,"HasSajda":false},{"SurahNumber":22,"SurahIndex":"022","VerseNumber":56,"ShowSurahName":false,"ShowBismillah":false,"Text":"ٱلۡمُلۡكُ يَوۡمَئِذٖ لِّلَّهِ يَحۡكُمُ بَيۡنَهُمۡۚ فَٱلَّذِينَ ءَامَنُواْ وَعَمِلُواْ ٱلصَّـٰلِحَٰتِ فِي جَنَّـٰتِ ٱلنَّعِيمِ","TajweedText":"ٱلْمُلْكُ يَوْمَئِ<tajweed class=idgham_wo_ghunnah>ذٍ ل</tajweed>ِّلَّهِ يَحْكُمُ بَيْنَهُمْ‌ۚ فَ<tajweed class=ham_wasl>ٱ</tajweed>لَّذِينَ ءَامَنُو<tajweed class=slnt>اْ</tajweed> وَعَمِلُو<tajweed class=slnt>اْ</tajweed> <tajweed class=ham_wasl>ٱ</tajweed><tajweed class=laam_shamsiyah>ل</tajweed>صَّ<tajweed class=madda_normal>ـٰ</tajweed>لِحَ<tajweed class=madda_normal>ـٰ</tajweed>تِ فِى جَ<tajweed class=ghunnah>نّ</tajweed>َ<tajweed class=madda_normal>ـٰ</tajweed>تِ <tajweed class=ham_wasl>ٱ</tajweed><tajweed class=laam_shamsiyah>ل</tajweed><tajweed class=ghunnah>نّ</tajweed>َع<tajweed class=madda_permissible>ِي</tajweed>مِ <span class=end>٥٦</span>","End":"٥٦","PageNumber":339,"JuzNumber":17,"ManzilNumber":4,"RukuNumber":291,"MaqraNumber":135,"HizbNumber":34,"HizbDecimal":0.5,"HasSajda":false},{"SurahNumber":22,"SurahIndex":"022","VerseNumber":57,"ShowSurahName":false,"ShowBismillah":false,"Text":"وَٱلَّذِينَ كَفَرُواْ وَكَذَّبُواْ بِـَٔايَٰتِنَا فَأُوْلَـٰٓئِكَ لَهُمۡ عَذَابٞ مُّهِينٞ","TajweedText":"وَ<tajweed class=ham_wasl>ٱ</tajweed>لَّذِينَ كَفَرُو<tajweed class=slnt>اْ</tajweed> وَكَذَّبُو<tajweed class=slnt>اْ</tajweed> بِـَٔـايَ<tajweed class=madda_normal>ـٰ</tajweed>تِنَا فَأُ<tajweed class=slnt>وْ</tajweed>لَ<tajweed class=madda_obligatory>ـٰٓ</tajweed>ئِكَ لَهُمْ عَذَا<tajweed class=idgham_ghunnah>بٌ م</tajweed>ُّه<tajweed class=madda_permissible>ِي</tajweed>نٌ <span class=end>٥٧</span>","End":"٥٧","PageNumber":339,"JuzNumber":17,"ManzilNumber":4,"RukuNumber":291,"MaqraNumber":135,"HizbNumber":34,"HizbDecimal":0.5,"HasSajda":false}]}