{"RukuNumber":49,"Verses":[{"SurahNumber":3,"SurahIndex":"003","VerseNumber":72,"ShowSurahName":false,"ShowBismillah":false,"Text":"وَقَالَت طَّآئِفَةٞ مِّنۡ أَهۡلِ ٱلۡكِتَٰبِ ءَامِنُواْ بِٱلَّذِيٓ أُنزِلَ عَلَى ٱلَّذِينَ ءَامَنُواْ وَجۡهَ ٱلنَّهَارِ وَٱكۡفُرُوٓاْ ءَاخِرَهُۥ لَعَلَّهُمۡ يَرۡجِعُونَ","TajweedText":"وَقَالَ<tajweed class=idgham_mutajanisayn>ت</tajweed> طّ<tajweed class=madda_obligatory>َا</tajweed>ٓئِفَ<tajweed class=idgham_ghunnah>ةٌ م</tajweed>ِّنْ أَهْلِ <tajweed class=ham_wasl>ٱ</tajweed>لْكِتَ<tajweed class=madda_normal>ـٰ</tajweed>بِ ءَامِنُو<tajweed class=slnt>اْ</tajweed> بِ<tajweed class=ham_wasl>ٱ</tajweed>لَّذ<tajweed class=madda_obligatory>ِىٓ</tajweed> أُ<tajweed class=ikhafa>نز</tajweed>ِلَ عَلَى <tajweed class=ham_wasl>ٱ</tajweed>لَّذِينَ ءَامَنُو<tajweed class=slnt>اْ</tajweed> وَ<tajweed class=qalaqah>جْ</tajweed>هَ <tajweed class=ham_wasl>ٱ</tajweed><tajweed class=laam_shamsiyah>ل</tajweed><tajweed class=ghunnah>نّ</tajweed>َهَارِ وَ<tajweed class=ham_wasl>ٱ</tajweed>كْفُر<tajweed class=madda_obligatory>ُوٓ</tajweed><tajweed class=slnt>اْ</tajweed> ءَاخِرَهُ<tajweed class=madda_normal>ۥ</tajweed> لَعَلَّهُمْ يَرْجِع<tajweed class=madda_permissible>ُو</tajweed>نَ <span class=end>٧٢</span>","End":"٧٢","PageNumber":59,"JuzNumber":3,"ManzilNumber":1,"RukuNumber":49,"MaqraNumber":23,"HizbNumber":6,"HizbDecimal":0.5,"HasSajda":false},{"SurahNumber":3,"SurahIndex":"003","VerseNumber":73,"ShowSurahName":false,"ShowBismillah":false,"Text":"وَلَا تُؤۡمِنُوٓاْ إِلَّا لِمَن تَبِعَ دِينَكُمۡ قُلۡ إِنَّ ٱلۡهُدَىٰ هُدَى ٱللَّهِ أَن يُؤۡتَىٰٓ أَحَدٞ مِّثۡلَ مَآ أُوتِيتُمۡ أَوۡ يُحَآجُّوكُمۡ عِندَ رَبِّكُمۡۗ قُلۡ إِنَّ ٱلۡفَضۡلَ بِيَدِ ٱللَّهِ يُؤۡتِيهِ مَن يَشَآءُۗ وَٱللَّهُ وَٰسِعٌ عَلِيمٞ","TajweedText":"وَلَا تُؤْمِن<tajweed class=madda_obligatory>ُوٓ</tajweed><tajweed class=slnt>اْ</tajweed> إِلَّا لِمَ<tajweed class=ikhafa>ن ت</tajweed>َبِعَ دِينَكُمْ قُلْ إِ<tajweed class=ghunnah>نّ</tajweed>َ <tajweed class=ham_wasl>ٱ</tajweed>لْهُدَىٰ هُدَى <tajweed class=ham_wasl>ٱ</tajweed>للَّهِ أ<tajweed class=idgham_ghunnah>َن ي</tajweed>ُؤْتَ<tajweed class=madda_obligatory>ىٰٓ</tajweed> أَحَ<tajweed class=idgham_ghunnah>دٌ م</tajweed>ِّثْلَ م<tajweed class=madda_obligatory>َآ</tajweed> أُوتِيتُمْ أَوْ يُح<tajweed class=madda_necessary>َا</tajweed>ٓجُّوكُمْ عِ<tajweed class=ikhafa>ند</tajweed>َ رَبِّكُمْ‌ۗ قُلْ إِ<tajweed class=ghunnah>نّ</tajweed>َ <tajweed class=ham_wasl>ٱ</tajweed>لْفَضْلَ بِيَدِ <tajweed class=ham_wasl>ٱ</tajweed>للَّهِ يُؤْتِيهِ م<tajweed class=idgham_ghunnah>َن ي</tajweed>َش<tajweed class=madda_obligatory>َا</tajweed>ٓءُ‌ۗ وَ<tajweed class=ham_wasl>ٱ</tajweed>للَّهُ و<tajweed class=madda_normal>َٲ</tajweed>سِعٌ عَل<tajweed class=madda_permissible>ِي</tajweed>مٌ <span class=end>٧٣</span>","End":"٧٣","PageNumber":59,"JuzNumber":3,"ManzilNumber":1,"RukuNumber":49,"MaqraNumber":23,"HizbNumber":6,"HizbDecimal":0.5,"HasSajda":false},{"SurahNumber":3,"SurahIndex":"003","VerseNumber":74,"ShowSurahName":false,"ShowBismillah":false,"Text":"يَخۡتَصُّ بِرَحۡمَتِهِۦ مَن يَشَآءُۗ وَٱللَّهُ ذُو ٱلۡفَضۡلِ ٱلۡعَظِيمِ","TajweedText":"يَخْتَصُّ بِرَحْمَتِه<tajweed class=madda_normal>ِۦ</tajweed> م<tajweed class=idgham_ghunnah>َن ي</tajweed>َش<tajweed class=madda_obligatory>َا</tajweed>ٓءُ‌ۗ وَ<tajweed class=ham_wasl>ٱ</tajweed>للَّهُ ذُو <tajweed class=ham_wasl>ٱ</tajweed>لْفَضْلِ <tajweed class=ham_wasl>ٱ</tajweed>لْعَظ<tajweed class=madda_permissible>ِي</tajweed>مِ <span class=end>٧٤</span>","End":"٧٤","PageNumber":59,"JuzNumber":3,"ManzilNumber":1,"RukuNumber":49,"MaqraNumber":23,"HizbNumber":6,"HizbDecimal":0.5,"HasSajda":false},{"SurahNumber":3,"SurahIndex":"003","VerseNumber":75,"ShowSurahName":false,"ShowBismillah":false,"Text":"۞وَمِنۡ أَهۡلِ ٱلۡكِتَٰبِ مَنۡ إِن تَأۡمَنۡهُ بِقِنطَارٖ يُؤَدِّهِۦٓ إِلَيۡكَ وَمِنۡهُم مَّنۡ إِن تَأۡمَنۡهُ بِدِينَارٖ لَّا يُؤَدِّهِۦٓ إِلَيۡكَ إِلَّا مَا دُمۡتَ عَلَيۡهِ قَآئِمٗاۗ ذَٰلِكَ بِأَنَّهُمۡ قَالُواْ لَيۡسَ عَلَيۡنَا فِي ٱلۡأُمِّيِّـۧنَ سَبِيلٞ وَيَقُولُونَ عَلَى ٱللَّهِ ٱلۡكَذِبَ وَهُمۡ يَعۡلَمُونَ","TajweedText":"۞ وَمِنْ أَهْلِ <tajweed class=ham_wasl>ٱ</tajweed>لْكِتَ<tajweed class=madda_normal>ـٰ</tajweed>بِ مَنْ إِ<tajweed class=ikhafa>ن ت</tajweed>َأْمَنْهُ بِقِ<tajweed class=ikhafa>نط</tajweed>َا<tajweed class=idgham_ghunnah>رٍ ي</tajweed>ُؤَدِّه<tajweed class=madda_obligatory>ِۦٓ</tajweed> إِلَيْكَ وَمِنْه<tajweed class=idgham_shafawi>ُم م</tajweed>َّنْ إِ<tajweed class=ikhafa>ن ت</tajweed>َأْمَنْهُ بِدِينَا<tajweed class=idgham_wo_ghunnah>رٍ ل</tajweed>َّا يُؤَدِّه<tajweed class=madda_obligatory>ِۦٓ</tajweed> إِلَيْكَ إِلَّا مَا دُمْتَ عَلَيْهِ ق<tajweed class=madda_obligatory>َا</tajweed>ٓئِ<tajweed class=ikhafa>مًا‌ۗ ذ</tajweed><tajweed class=madda_normal>َٲ</tajweed>لِكَ بِأَ<tajweed class=ghunnah>نّ</tajweed>َهُمْ قَالُو<tajweed class=slnt>اْ</tajweed> لَيْسَ عَلَيْنَا فِى <tajweed class=ham_wasl>ٱ</tajweed>لْأُ<tajweed class=ghunnah>مّ</tajweed>ِيِّـ<tajweed class=madda_normal>ـۧ</tajweed>نَ سَبِي<tajweed class=idgham_ghunnah>لٌ و</tajweed>َيَقُولُونَ عَلَى <tajweed class=ham_wasl>ٱ</tajweed>للَّهِ <tajweed class=ham_wasl>ٱ</tajweed>لْكَذِبَ وَهُمْ يَعْلَم<tajweed class=madda_permissible>ُو</tajweed>نَ <span class=end>٧٥</span>","End":"٧٥","PageNumber":59,"JuzNumber":3,"ManzilNumber":1,"RukuNumber":49,"MaqraNumber":24,"HizbNumber":6,"HizbDecimal":0.75,"HasSajda":false},{"SurahNumber":3,"SurahIndex":"003","VerseNumber":76,"ShowSurahName":false,"ShowBismillah":false,"Text":"بَلَىٰۚ مَنۡ أَوۡفَىٰ بِعَهۡدِهِۦ وَٱتَّقَىٰ فَإِنَّ ٱللَّهَ يُحِبُّ ٱلۡمُتَّقِينَ","TajweedText":"بَلَىٰ مَنْ أَوْفَىٰ بِعَهْدِه<tajweed class=madda_normal>ِۦ</tajweed> وَ<tajweed class=ham_wasl>ٱ</tajweed>تَّقَىٰ فَإِ<tajweed class=ghunnah>نّ</tajweed>َ <tajweed class=ham_wasl>ٱ</tajweed>للَّهَ يُحِبُّ <tajweed class=ham_wasl>ٱ</tajweed>لْمُتَّق<tajweed class=madda_permissible>ِي</tajweed>نَ <span class=end>٧٦</span>","End":"٧٦","PageNumber":59,"JuzNumber":3,"ManzilNumber":1,"RukuNumber":49,"MaqraNumber":24,"HizbNumber":6,"HizbDecimal":0.75,"HasSajda":false},{"SurahNumber":3,"SurahIndex":"003","VerseNumber":77,"ShowSurahName":false,"ShowBismillah":false,"Text":"إِنَّ ٱلَّذِينَ يَشۡتَرُونَ بِعَهۡدِ ٱللَّهِ وَأَيۡمَٰنِهِمۡ ثَمَنٗا قَلِيلًا أُوْلَـٰٓئِكَ لَا خَلَٰقَ لَهُمۡ فِي ٱلۡأٓخِرَةِ وَلَا يُكَلِّمُهُمُ ٱللَّهُ وَلَا يَنظُرُ إِلَيۡهِمۡ يَوۡمَ ٱلۡقِيَٰمَةِ وَلَا يُزَكِّيهِمۡ وَلَهُمۡ عَذَابٌ أَلِيمٞ","TajweedText":"إِ<tajweed class=ghunnah>نّ</tajweed>َ <tajweed class=ham_wasl>ٱ</tajweed>لَّذِينَ يَشْتَرُونَ بِعَهْدِ <tajweed class=ham_wasl>ٱ</tajweed>للَّهِ وَأَيْمَ<tajweed class=madda_normal>ـٰ</tajweed>نِهِمْ ثَمَ<tajweed class=ikhafa>نًا ق</tajweed>َلِيلاً أُ<tajweed class=slnt>وْ</tajweed>لَ<tajweed class=madda_obligatory>ـٰٓ</tajweed>ئِكَ لَا خَلَ<tajweed class=madda_normal>ـٰ</tajweed>قَ لَهُمْ فِى <tajweed class=ham_wasl>ٱ</tajweed>لْأَخِرَةِ وَلَا يُكَلِّمُهُمُ <tajweed class=ham_wasl>ٱ</tajweed>للَّهُ وَلَا يَ<tajweed class=ikhafa>نظ</tajweed>ُرُ إِلَيْهِمْ يَوْمَ <tajweed class=ham_wasl>ٱ</tajweed>لْقِيَ<tajweed class=madda_normal>ـٰ</tajweed>مَةِ وَلَا يُزَكِّيهِمْ وَلَهُمْ عَذَابٌ أَل<tajweed class=madda_permissible>ِي</tajweed>مٌ <span class=end>٧٧</span>","End":"٧٧","PageNumber":59,"JuzNumber":3,"ManzilNumber":1,"RukuNumber":49,"MaqraNumber":24,"HizbNumber":6,"HizbDecimal":0.75,"HasSajda":false},{"SurahNumber":3,"SurahIndex":"003","VerseNumber":78,"ShowSurahName":false,"ShowBismillah":false,"Text":"وَإِنَّ مِنۡهُمۡ لَفَرِيقٗا يَلۡوُۥنَ أَلۡسِنَتَهُم بِٱلۡكِتَٰبِ لِتَحۡسَبُوهُ مِنَ ٱلۡكِتَٰبِ وَمَا هُوَ مِنَ ٱلۡكِتَٰبِ وَيَقُولُونَ هُوَ مِنۡ عِندِ ٱللَّهِ وَمَا هُوَ مِنۡ عِندِ ٱللَّهِۖ وَيَقُولُونَ عَلَى ٱللَّهِ ٱلۡكَذِبَ وَهُمۡ يَعۡلَمُونَ","TajweedText":"وَإِ<tajweed class=ghunnah>نّ</tajweed>َ مِنْهُمْ لَفَرِي<tajweed class=idgham_ghunnah>قًا ي</tajweed>َلْوُ<tajweed class=madda_normal>ۥ</tajweed>نَ أَلْسِنَتَه<tajweed class=ikhafa_shafawi>ُم ب</tajweed>ِ<tajweed class=ham_wasl>ٱ</tajweed>لْكِتَ<tajweed class=madda_normal>ـٰ</tajweed>بِ لِتَحْسَبُوهُ مِنَ <tajweed class=ham_wasl>ٱ</tajweed>لْكِتَ<tajweed class=madda_normal>ـٰ</tajweed>بِ وَمَا هُوَ مِنَ <tajweed class=ham_wasl>ٱ</tajweed>لْكِتَ<tajweed class=madda_normal>ـٰ</tajweed>بِ وَيَقُولُونَ هُوَ مِنْ عِ<tajweed class=ikhafa>ند</tajweed>ِ <tajweed class=ham_wasl>ٱ</tajweed>للَّهِ وَمَا هُوَ مِنْ عِ<tajweed class=ikhafa>ند</tajweed>ِ <tajweed class=ham_wasl>ٱ</tajweed>للَّهِ وَيَقُولُونَ عَلَى <tajweed class=ham_wasl>ٱ</tajweed>للَّهِ <tajweed class=ham_wasl>ٱ</tajweed>لْكَذِبَ وَهُمْ يَعْلَم<tajweed class=madda_permissible>ُو</tajweed>نَ <span class=end>٧٨</span>","End":"٧٨","PageNumber":60,"JuzNumber":3,"ManzilNumber":1,"RukuNumber":49,"MaqraNumber":24,"HizbNumber":6,"HizbDecimal":0.75,"HasSajda":false},{"SurahNumber":3,"SurahIndex":"003","VerseNumber":79,"ShowSurahName":false,"ShowBismillah":false,"Text":"مَا كَانَ لِبَشَرٍ أَن يُؤۡتِيَهُ ٱللَّهُ ٱلۡكِتَٰبَ وَٱلۡحُكۡمَ وَٱلنُّبُوَّةَ ثُمَّ يَقُولَ لِلنَّاسِ كُونُواْ عِبَادٗا لِّي مِن دُونِ ٱللَّهِ وَلَٰكِن كُونُواْ رَبَّـٰنِيِّـۧنَ بِمَا كُنتُمۡ تُعَلِّمُونَ ٱلۡكِتَٰبَ وَبِمَا كُنتُمۡ تَدۡرُسُونَ","TajweedText":"مَا كَانَ لِبَشَرٍ أ<tajweed class=idgham_ghunnah>َن ي</tajweed>ُؤْتِيَهُ <tajweed class=ham_wasl>ٱ</tajweed>للَّهُ <tajweed class=ham_wasl>ٱ</tajweed>لْكِتَ<tajweed class=madda_normal>ـٰ</tajweed>بَ وَ<tajweed class=ham_wasl>ٱ</tajweed>لْحُكْمَ وَ<tajweed class=ham_wasl>ٱ</tajweed><tajweed class=laam_shamsiyah>ل</tajweed><tajweed class=ghunnah>نّ</tajweed>ُبُوَّةَ ثُ<tajweed class=ghunnah>مّ</tajweed>َ يَقُولَ لِل<tajweed class=ghunnah>نّ</tajweed>َاسِ كُونُو<tajweed class=slnt>اْ</tajweed> عِبَا<tajweed class=idgham_wo_ghunnah>دًا ل</tajweed>ِّى مِ<tajweed class=ikhafa>ن د</tajweed>ُونِ <tajweed class=ham_wasl>ٱ</tajweed>للَّهِ وَلَ<tajweed class=madda_normal>ـٰ</tajweed>كِ<tajweed class=ikhafa>ن ك</tajweed>ُونُو<tajweed class=slnt>اْ</tajweed> رَبَّ<tajweed class=madda_normal>ـٰ</tajweed>نِيِّـ<tajweed class=madda_normal>ـۧ</tajweed>نَ بِمَا كُ<tajweed class=ikhafa>نت</tajweed>ُمْ تُعَلِّمُونَ <tajweed class=ham_wasl>ٱ</tajweed>لْكِتَ<tajweed class=madda_normal>ـٰ</tajweed>بَ وَبِمَا كُ<tajweed class=ikhafa>نت</tajweed>ُمْ تَ<tajweed class=qalaqah>دْ</tajweed>رُس<tajweed class=madda_permissible>ُو</tajweed>نَ <span class=end>٧٩</span>","End":"٧٩","PageNumber":60,"JuzNumber":3,"ManzilNumber":1,"RukuNumber":49,"MaqraNumber":24,"HizbNumber":6,"HizbDecimal":0.75,"HasSajda":false},{"SurahNumber":3,"SurahIndex":"003","VerseNumber":80,"ShowSurahName":false,"ShowBismillah":false,"Text":"وَلَا يَأۡمُرَكُمۡ أَن تَتَّخِذُواْ ٱلۡمَلَـٰٓئِكَةَ وَٱلنَّبِيِّـۧنَ أَرۡبَابًاۚ أَيَأۡمُرُكُم بِٱلۡكُفۡرِ بَعۡدَ إِذۡ أَنتُم مُّسۡلِمُونَ","TajweedText":"وَلَا يَأْمُرَكُمْ أَ<tajweed class=ikhafa>ن ت</tajweed>َتَّخِذُو<tajweed class=slnt>اْ</tajweed> <tajweed class=ham_wasl>ٱ</tajweed>لْمَلَ<tajweed class=madda_obligatory>ـٰٓ</tajweed>ئِكَةَ وَ<tajweed class=ham_wasl>ٱ</tajweed><tajweed class=laam_shamsiyah>ل</tajweed><tajweed class=ghunnah>نّ</tajweed>َبِيِّـ<tajweed class=madda_normal>ـۧ</tajweed>نَ أَرْبَابًا‌ۗ أَيَأْمُرُك<tajweed class=ikhafa_shafawi>ُم ب</tajweed>ِ<tajweed class=ham_wasl>ٱ</tajweed>لْكُفْرِ بَعْدَ إِذْ أَ<tajweed class=ikhafa>نت</tajweed><tajweed class=idgham_shafawi>ُم م</tajweed>ُّسْلِم<tajweed class=madda_permissible>ُو</tajweed>نَ <span class=end>٨٠</span>","End":"٨٠","PageNumber":60,"JuzNumber":3,"ManzilNumber":1,"RukuNumber":49,"MaqraNumber":24,"HizbNumber":6,"HizbDecimal":0.75,"HasSajda":false}]}