{"RukuNumber":333,"Verses":[{"SurahNumber":27,"SurahIndex":"027","VerseNumber":83,"ShowSurahName":false,"ShowBismillah":false,"Text":"وَيَوۡمَ نَحۡشُرُ مِن كُلِّ أُمَّةٖ فَوۡجٗا مِّمَّن يُكَذِّبُ بِـَٔايَٰتِنَا فَهُمۡ يُوزَعُونَ","TajweedText":"وَيَوْمَ نَحْشُرُ مِ<tajweed class=ikhafa>ن ك</tajweed>ُلِّ أُ<tajweed class=ghunnah>مّ</tajweed>َ<tajweed class=ikhafa>ةٍ ف</tajweed>َوْ<tajweed class=idgham_ghunnah>جًا م</tajweed>ِّ<tajweed class=ghunnah>مّ</tajweed><tajweed class=idgham_ghunnah>َن ي</tajweed>ُكَذِّبُ بِـَٔـايَ<tajweed class=madda_normal>ـٰ</tajweed>تِنَا فَهُمْ يُوزَع<tajweed class=madda_permissible>ُو</tajweed>نَ <span class=end>٨٣</span>","End":"٨٣","PageNumber":384,"JuzNumber":20,"ManzilNumber":5,"RukuNumber":333,"MaqraNumber":154,"HizbNumber":39,"HizbDecimal":0.25,"HasSajda":false},{"SurahNumber":27,"SurahIndex":"027","VerseNumber":84,"ShowSurahName":false,"ShowBismillah":false,"Text":"حَتَّىٰٓ إِذَا جَآءُو قَالَ أَكَذَّبۡتُم بِـَٔايَٰتِي وَلَمۡ تُحِيطُواْ بِهَا عِلۡمًا أَمَّاذَا كُنتُمۡ تَعۡمَلُونَ","TajweedText":"حَتَّ<tajweed class=madda_obligatory>ىٰٓ</tajweed> إِذَا ج<tajweed class=madda_obligatory>َا</tajweed>ٓءُو قَالَ أَكَذَّ<tajweed class=qalaqah>بْ</tajweed>ت<tajweed class=ikhafa_shafawi>ُم ب</tajweed>ِـَٔـايَ<tajweed class=madda_normal>ـٰ</tajweed>تِى وَلَمْ تُحِيطُو<tajweed class=slnt>اْ</tajweed> بِهَا عِلْمًا أَ<tajweed class=ghunnah>مّ</tajweed>َاذَا كُ<tajweed class=ikhafa>نت</tajweed>ُمْ تَعْمَل<tajweed class=madda_permissible>ُو</tajweed>نَ <span class=end>٨٤</span>","End":"٨٤","PageNumber":384,"JuzNumber":20,"ManzilNumber":5,"RukuNumber":333,"MaqraNumber":154,"HizbNumber":39,"HizbDecimal":0.25,"HasSajda":false},{"SurahNumber":27,"SurahIndex":"027","VerseNumber":85,"ShowSurahName":false,"ShowBismillah":false,"Text":"وَوَقَعَ ٱلۡقَوۡلُ عَلَيۡهِم بِمَا ظَلَمُواْ فَهُمۡ لَا يَنطِقُونَ","TajweedText":"وَوَقَعَ <tajweed class=ham_wasl>ٱ</tajweed>لْقَوْلُ عَلَيْه<tajweed class=ikhafa_shafawi>ِم ب</tajweed>ِمَا ظَلَمُو<tajweed class=slnt>اْ</tajweed> فَهُمْ لَا يَ<tajweed class=ikhafa>نط</tajweed>ِق<tajweed class=madda_permissible>ُو</tajweed>نَ <span class=end>٨٥</span>","End":"٨٥","PageNumber":384,"JuzNumber":20,"ManzilNumber":5,"RukuNumber":333,"MaqraNumber":154,"HizbNumber":39,"HizbDecimal":0.25,"HasSajda":false},{"SurahNumber":27,"SurahIndex":"027","VerseNumber":86,"ShowSurahName":false,"ShowBismillah":false,"Text":"أَلَمۡ يَرَوۡاْ أَنَّا جَعَلۡنَا ٱلَّيۡلَ لِيَسۡكُنُواْ فِيهِ وَٱلنَّهَارَ مُبۡصِرًاۚ إِنَّ فِي ذَٰلِكَ لَأٓيَٰتٖ لِّقَوۡمٖ يُؤۡمِنُونَ","TajweedText":"أَلَمْ يَرَوْ<tajweed class=slnt>اْ</tajweed> أَ<tajweed class=ghunnah>نّ</tajweed>َا جَعَلْنَا <tajweed class=ham_wasl>ٱ</tajweed>لَّيْلَ لِيَسْكُنُو<tajweed class=slnt>اْ</tajweed> فِيهِ وَ<tajweed class=ham_wasl>ٱ</tajweed><tajweed class=laam_shamsiyah>ل</tajweed><tajweed class=ghunnah>نّ</tajweed>َهَارَ مُ<tajweed class=qalaqah>بْ</tajweed>صِرًا‌ۚ إِ<tajweed class=ghunnah>نّ</tajweed>َ فِى ذ<tajweed class=madda_normal>َٲ</tajweed>لِكَ لَأَيَ<tajweed class=madda_normal>ـٰ</tajweed><tajweed class=idgham_wo_ghunnah>تٍ ل</tajweed>ِّقَوْ<tajweed class=idgham_ghunnah>مٍ ي</tajweed>ُؤْمِن<tajweed class=madda_permissible>ُو</tajweed>نَ <span class=end>٨٦</span>","End":"٨٦","PageNumber":384,"JuzNumber":20,"ManzilNumber":5,"RukuNumber":333,"MaqraNumber":154,"HizbNumber":39,"HizbDecimal":0.25,"HasSajda":false},{"SurahNumber":27,"SurahIndex":"027","VerseNumber":87,"ShowSurahName":false,"ShowBismillah":false,"Text":"وَيَوۡمَ يُنفَخُ فِي ٱلصُّورِ فَفَزِعَ مَن فِي ٱلسَّمَٰوَٰتِ وَمَن فِي ٱلۡأَرۡضِ إِلَّا مَن شَآءَ ٱللَّهُۚ وَكُلٌّ أَتَوۡهُ دَٰخِرِينَ","TajweedText":"وَيَوْمَ يُ<tajweed class=ikhafa>نف</tajweed>َخُ فِى <tajweed class=ham_wasl>ٱ</tajweed><tajweed class=laam_shamsiyah>ل</tajweed>صُّورِ فَفَزِعَ مَ<tajweed class=ikhafa>ن ف</tajweed>ِى <tajweed class=ham_wasl>ٱ</tajweed><tajweed class=laam_shamsiyah>ل</tajweed>سَّمَ<tajweed class=madda_normal>ـٰ</tajweed>و<tajweed class=madda_normal>َٲ</tajweed>تِ وَمَ<tajweed class=ikhafa>ن ف</tajweed>ِى <tajweed class=ham_wasl>ٱ</tajweed>لْأَرْضِ إِلَّا مَ<tajweed class=ikhafa>ن ش</tajweed><tajweed class=madda_obligatory>َا</tajweed>ٓءَ <tajweed class=ham_wasl>ٱ</tajweed>للَّهُ‌ۚ وَكُلٌّ أَتَوْهُ د<tajweed class=madda_normal>َٲ</tajweed>خِر<tajweed class=madda_permissible>ِي</tajweed>نَ <span class=end>٨٧</span>","End":"٨٧","PageNumber":384,"JuzNumber":20,"ManzilNumber":5,"RukuNumber":333,"MaqraNumber":154,"HizbNumber":39,"HizbDecimal":0.25,"HasSajda":false},{"SurahNumber":27,"SurahIndex":"027","VerseNumber":88,"ShowSurahName":false,"ShowBismillah":false,"Text":"وَتَرَى ٱلۡجِبَالَ تَحۡسَبُهَا جَامِدَةٗ وَهِيَ تَمُرُّ مَرَّ ٱلسَّحَابِۚ صُنۡعَ ٱللَّهِ ٱلَّذِيٓ أَتۡقَنَ كُلَّ شَيۡءٍۚ إِنَّهُۥ خَبِيرُۢ بِمَا تَفۡعَلُونَ","TajweedText":"وَتَرَى <tajweed class=ham_wasl>ٱ</tajweed>لْجِبَالَ تَحْسَبُهَا جَامِدَ<tajweed class=idgham_ghunnah>ةً و</tajweed>َهِىَ تَمُرُّ مَرَّ <tajweed class=ham_wasl>ٱ</tajweed><tajweed class=laam_shamsiyah>ل</tajweed>سَّحَابِ‌ۚ صُنْعَ <tajweed class=ham_wasl>ٱ</tajweed>للَّهِ <tajweed class=ham_wasl>ٱ</tajweed>لَّذ<tajweed class=madda_obligatory>ِىٓ</tajweed> أَتْقَنَ كُلَّ شَىْءٍ‌ۚ إِ<tajweed class=ghunnah>نّ</tajweed>َهُ<tajweed class=madda_normal>ۥ</tajweed> خَبِي<tajweed class=iqlab>رُۢ ب</tajweed>ِمَا تَفْعَل<tajweed class=madda_permissible>ُو</tajweed>نَ <span class=end>٨٨</span>","End":"٨٨","PageNumber":384,"JuzNumber":20,"ManzilNumber":5,"RukuNumber":333,"MaqraNumber":154,"HizbNumber":39,"HizbDecimal":0.25,"HasSajda":false},{"SurahNumber":27,"SurahIndex":"027","VerseNumber":89,"ShowSurahName":false,"ShowBismillah":false,"Text":"مَن جَآءَ بِٱلۡحَسَنَةِ فَلَهُۥ خَيۡرٞ مِّنۡهَا وَهُم مِّن فَزَعٖ يَوۡمَئِذٍ ءَامِنُونَ","TajweedText":"مَ<tajweed class=ikhafa>ن ج</tajweed><tajweed class=madda_obligatory>َا</tajweed>ٓءَ بِ<tajweed class=ham_wasl>ٱ</tajweed>لْحَسَنَةِ فَلَهُ<tajweed class=madda_normal>ۥ</tajweed> خَيْ<tajweed class=idgham_ghunnah>رٌ م</tajweed>ِّنْهَا وَه<tajweed class=idgham_shafawi>ُم م</tajweed>ِّ<tajweed class=ikhafa>ن ف</tajweed>َزَ<tajweed class=idgham_ghunnah>عٍ ي</tajweed>َوْمَئِذٍ ءَامِن<tajweed class=madda_permissible>ُو</tajweed>نَ <span class=end>٨٩</span>","End":"٨٩","PageNumber":385,"JuzNumber":20,"ManzilNumber":5,"RukuNumber":333,"MaqraNumber":154,"HizbNumber":39,"HizbDecimal":0.25,"HasSajda":false},{"SurahNumber":27,"SurahIndex":"027","VerseNumber":90,"ShowSurahName":false,"ShowBismillah":false,"Text":"وَمَن جَآءَ بِٱلسَّيِّئَةِ فَكُبَّتۡ وُجُوهُهُمۡ فِي ٱلنَّارِ هَلۡ تُجۡزَوۡنَ إِلَّا مَا كُنتُمۡ تَعۡمَلُونَ","TajweedText":"وَمَ<tajweed class=ikhafa>ن ج</tajweed><tajweed class=madda_obligatory>َا</tajweed>ٓءَ بِ<tajweed class=ham_wasl>ٱ</tajweed><tajweed class=laam_shamsiyah>ل</tajweed>سَّيِّئَةِ فَكُبَّتْ وُجُوهُهُمْ فِى <tajweed class=ham_wasl>ٱ</tajweed><tajweed class=laam_shamsiyah>ل</tajweed><tajweed class=ghunnah>نّ</tajweed>َارِ هَلْ تُ<tajweed class=qalaqah>جْ</tajweed>زَوْنَ إِلَّا مَا كُ<tajweed class=ikhafa>نت</tajweed>ُمْ تَعْمَل<tajweed class=madda_permissible>ُو</tajweed>نَ <span class=end>٩٠</span>","End":"٩٠","PageNumber":385,"JuzNumber":20,"ManzilNumber":5,"RukuNumber":333,"MaqraNumber":154,"HizbNumber":39,"HizbDecimal":0.25,"HasSajda":false},{"SurahNumber":27,"SurahIndex":"027","VerseNumber":91,"ShowSurahName":false,"ShowBismillah":false,"Text":"إِنَّمَآ أُمِرۡتُ أَنۡ أَعۡبُدَ رَبَّ هَٰذِهِ ٱلۡبَلۡدَةِ ٱلَّذِي حَرَّمَهَا وَلَهُۥ كُلُّ شَيۡءٖۖ وَأُمِرۡتُ أَنۡ أَكُونَ مِنَ ٱلۡمُسۡلِمِينَ","TajweedText":"إِ<tajweed class=ghunnah>نّ</tajweed>َم<tajweed class=madda_obligatory>َآ</tajweed> أُمِرْتُ أَنْ أَعْبُدَ رَبَّ هَ<tajweed class=madda_normal>ـٰ</tajweed>ذِهِ <tajweed class=ham_wasl>ٱ</tajweed>لْبَلْدَةِ <tajweed class=ham_wasl>ٱ</tajweed>لَّذِى حَرَّمَهَا وَلَهُ<tajweed class=madda_normal>ۥ</tajweed> كُلُّ ش<tajweed class=idgham_ghunnah>َىْءٍ‌ۖ و</tajweed>َأُمِرْتُ أَنْ أَكُونَ مِنَ <tajweed class=ham_wasl>ٱ</tajweed>لْمُسْلِم<tajweed class=madda_permissible>ِي</tajweed>نَ <span class=end>٩١</span>","End":"٩١","PageNumber":385,"JuzNumber":20,"ManzilNumber":5,"RukuNumber":333,"MaqraNumber":154,"HizbNumber":39,"HizbDecimal":0.25,"HasSajda":false},{"SurahNumber":27,"SurahIndex":"027","VerseNumber":92,"ShowSurahName":false,"ShowBismillah":false,"Text":"وَأَنۡ أَتۡلُوَاْ ٱلۡقُرۡءَانَۖ فَمَنِ ٱهۡتَدَىٰ فَإِنَّمَا يَهۡتَدِي لِنَفۡسِهِۦۖ وَمَن ضَلَّ فَقُلۡ إِنَّمَآ أَنَا۠ مِنَ ٱلۡمُنذِرِينَ","TajweedText":"وَأَنْ أَتْلُوَ<tajweed class=slnt>اْ</tajweed> <tajweed class=ham_wasl>ٱ</tajweed>لْقُرْءَانَ‌ۖ فَمَنِ <tajweed class=ham_wasl>ٱ</tajweed>هْتَدَىٰ فَإِ<tajweed class=ghunnah>نّ</tajweed>َمَا يَهْتَدِى لِنَفْسِه<tajweed class=madda_normal>ِۦ</tajweed>‌ۖ وَمَ<tajweed class=ikhafa>ن ض</tajweed>َلَّ فَقُلْ إِ<tajweed class=ghunnah>نّ</tajweed>َم<tajweed class=madda_obligatory>َآ</tajweed> أَنَا۟ مِنَ <tajweed class=ham_wasl>ٱ</tajweed>لْمُ<tajweed class=ikhafa>نذ</tajweed>ِر<tajweed class=madda_permissible>ِي</tajweed>نَ <span class=end>٩٢</span>","End":"٩٢","PageNumber":385,"JuzNumber":20,"ManzilNumber":5,"RukuNumber":333,"MaqraNumber":154,"HizbNumber":39,"HizbDecimal":0.25,"HasSajda":false},{"SurahNumber":27,"SurahIndex":"027","VerseNumber":93,"ShowSurahName":false,"ShowBismillah":false,"Text":"وَقُلِ ٱلۡحَمۡدُ لِلَّهِ سَيُرِيكُمۡ ءَايَٰتِهِۦ فَتَعۡرِفُونَهَاۚ وَمَا رَبُّكَ بِغَٰفِلٍ عَمَّا تَعۡمَلُونَ","TajweedText":"وَقُلِ <tajweed class=ham_wasl>ٱ</tajweed>لْحَمْدُ لِلَّهِ سَيُرِيكُمْ ءَايَ<tajweed class=madda_normal>ـٰ</tajweed>تِه<tajweed class=madda_normal>ِۦ</tajweed> فَتَعْرِفُونَهَا‌ۚ وَمَا رَبُّكَ بِغَ<tajweed class=madda_normal>ـٰ</tajweed>فِلٍ عَ<tajweed class=ghunnah>مّ</tajweed>َا تَعْمَل<tajweed class=madda_permissible>ُو</tajweed>نَ <span class=end>٩٣</span>","End":"٩٣","PageNumber":385,"JuzNumber":20,"ManzilNumber":5,"RukuNumber":333,"MaqraNumber":154,"HizbNumber":39,"HizbDecimal":0.25,"HasSajda":false}]}