{"RukuNumber":54,"Verses":[{"SurahNumber":3,"SurahIndex":"003","VerseNumber":121,"ShowSurahName":false,"ShowBismillah":false,"Text":"وَإِذۡ غَدَوۡتَ مِنۡ أَهۡلِكَ تُبَوِّئُ ٱلۡمُؤۡمِنِينَ مَقَٰعِدَ لِلۡقِتَالِۗ وَٱللَّهُ سَمِيعٌ عَلِيمٌ","TajweedText":"وَإِذْ غَدَوْتَ مِنْ أَهْلِكَ تُبَوِّئُ <tajweed class=ham_wasl>ٱ</tajweed>لْمُؤْمِنِينَ مَقَ<tajweed class=madda_normal>ـٰ</tajweed>عِدَ لِلْقِتَالِ‌ۗ وَ<tajweed class=ham_wasl>ٱ</tajweed>للَّهُ سَمِيعٌ عَل<tajweed class=madda_permissible>ِي</tajweed>مٌ <span class=end>١٢١</span>","End":"١٢١","PageNumber":65,"JuzNumber":4,"ManzilNumber":1,"RukuNumber":54,"MaqraNumber":26,"HizbNumber":7,"HizbDecimal":0.25,"HasSajda":false},{"SurahNumber":3,"SurahIndex":"003","VerseNumber":122,"ShowSurahName":false,"ShowBismillah":false,"Text":"إِذۡ هَمَّت طَّآئِفَتَانِ مِنكُمۡ أَن تَفۡشَلَا وَٱللَّهُ وَلِيُّهُمَاۗ وَعَلَى ٱللَّهِ فَلۡيَتَوَكَّلِ ٱلۡمُؤۡمِنُونَ","TajweedText":"إِذْ هَ<tajweed class=ghunnah>مّ</tajweed>َ<tajweed class=idgham_mutajanisayn>ت</tajweed> طّ<tajweed class=madda_obligatory>َا</tajweed>ٓئِفَتَانِ مِ<tajweed class=ikhafa>نك</tajweed>ُمْ أَ<tajweed class=ikhafa>ن ت</tajweed>َفْشَلَا وَ<tajweed class=ham_wasl>ٱ</tajweed>للَّهُ وَلِيُّهُمَا‌ۗ وَعَلَى <tajweed class=ham_wasl>ٱ</tajweed>للَّهِ فَلْيَتَوَكَّلِ <tajweed class=ham_wasl>ٱ</tajweed>لْمُؤْمِن<tajweed class=madda_permissible>ُو</tajweed>نَ <span class=end>١٢٢</span>","End":"١٢٢","PageNumber":66,"JuzNumber":4,"ManzilNumber":1,"RukuNumber":54,"MaqraNumber":26,"HizbNumber":7,"HizbDecimal":0.25,"HasSajda":false},{"SurahNumber":3,"SurahIndex":"003","VerseNumber":123,"ShowSurahName":false,"ShowBismillah":false,"Text":"وَلَقَدۡ نَصَرَكُمُ ٱللَّهُ بِبَدۡرٖ وَأَنتُمۡ أَذِلَّةٞۖ فَٱتَّقُواْ ٱللَّهَ لَعَلَّكُمۡ تَشۡكُرُونَ","TajweedText":"وَلَقَ<tajweed class=qalaqah>دْ</tajweed> نَصَرَكُمُ <tajweed class=ham_wasl>ٱ</tajweed>للَّهُ بِبَ<tajweed class=qalaqah>دْ</tajweed><tajweed class=idgham_ghunnah>رٍ و</tajweed>َأَ<tajweed class=ikhafa>نت</tajweed>ُمْ أَذِلَّ<tajweed class=ikhafa>ةٌ‌ۖ ف</tajweed>َ<tajweed class=ham_wasl>ٱ</tajweed>تَّقُو<tajweed class=slnt>اْ</tajweed> <tajweed class=ham_wasl>ٱ</tajweed>للَّهَ لَعَلَّكُمْ تَشْكُر<tajweed class=madda_permissible>ُو</tajweed>نَ <span class=end>١٢٣</span>","End":"١٢٣","PageNumber":66,"JuzNumber":4,"ManzilNumber":1,"RukuNumber":54,"MaqraNumber":26,"HizbNumber":7,"HizbDecimal":0.25,"HasSajda":false},{"SurahNumber":3,"SurahIndex":"003","VerseNumber":124,"ShowSurahName":false,"ShowBismillah":false,"Text":"إِذۡ تَقُولُ لِلۡمُؤۡمِنِينَ أَلَن يَكۡفِيَكُمۡ أَن يُمِدَّكُمۡ رَبُّكُم بِثَلَٰثَةِ ءَالَٰفٖ مِّنَ ٱلۡمَلَـٰٓئِكَةِ مُنزَلِينَ","TajweedText":"إِذْ تَقُولُ لِلْمُؤْمِنِينَ أَل<tajweed class=idgham_ghunnah>َن ي</tajweed>َكْفِيَكُمْ أ<tajweed class=idgham_ghunnah>َن ي</tajweed>ُمِدَّكُمْ رَبُّك<tajweed class=ikhafa_shafawi>ُم ب</tajweed>ِثَلَ<tajweed class=madda_normal>ـٰ</tajweed>ثَةِ ءَالَ<tajweed class=madda_normal>ـٰ</tajweed><tajweed class=idgham_ghunnah>فٍ م</tajweed>ِّنَ <tajweed class=ham_wasl>ٱ</tajweed>لْمَلَ<tajweed class=madda_obligatory>ـٰٓ</tajweed>ئِكَةِ مُ<tajweed class=ikhafa>نز</tajweed>َل<tajweed class=madda_permissible>ِي</tajweed>نَ <span class=end>١٢٤</span>","End":"١٢٤","PageNumber":66,"JuzNumber":4,"ManzilNumber":1,"RukuNumber":54,"MaqraNumber":26,"HizbNumber":7,"HizbDecimal":0.25,"HasSajda":false},{"SurahNumber":3,"SurahIndex":"003","VerseNumber":125,"ShowSurahName":false,"ShowBismillah":false,"Text":"بَلَىٰٓۚ إِن تَصۡبِرُواْ وَتَتَّقُواْ وَيَأۡتُوكُم مِّن فَوۡرِهِمۡ هَٰذَا يُمۡدِدۡكُمۡ رَبُّكُم بِخَمۡسَةِ ءَالَٰفٖ مِّنَ ٱلۡمَلَـٰٓئِكَةِ مُسَوِّمِينَ","TajweedText":"بَلَ<tajweed class=madda_obligatory>ىٰٓ‌ۚ</tajweed> إِ<tajweed class=ikhafa>ن ت</tajweed>َصْبِرُو<tajweed class=slnt>اْ</tajweed> وَتَتَّقُو<tajweed class=slnt>اْ</tajweed> وَيَأْتُوك<tajweed class=idgham_shafawi>ُم م</tajweed>ِّ<tajweed class=ikhafa>ن ف</tajweed>َوْرِهِمْ هَ<tajweed class=madda_normal>ـٰ</tajweed>ذَا يُمْدِ<tajweed class=qalaqah>دْ</tajweed>كُمْ رَبُّك<tajweed class=ikhafa_shafawi>ُم ب</tajweed>ِخَمْسَةِ ءَالَ<tajweed class=madda_normal>ـٰ</tajweed><tajweed class=idgham_ghunnah>فٍ م</tajweed>ِّنَ <tajweed class=ham_wasl>ٱ</tajweed>لْمَلَ<tajweed class=madda_obligatory>ـٰٓ</tajweed>ئِكَةِ مُسَوِّم<tajweed class=madda_permissible>ِي</tajweed>نَ <span class=end>١٢٥</span>","End":"١٢٥","PageNumber":66,"JuzNumber":4,"ManzilNumber":1,"RukuNumber":54,"MaqraNumber":26,"HizbNumber":7,"HizbDecimal":0.25,"HasSajda":false},{"SurahNumber":3,"SurahIndex":"003","VerseNumber":126,"ShowSurahName":false,"ShowBismillah":false,"Text":"وَمَا جَعَلَهُ ٱللَّهُ إِلَّا بُشۡرَىٰ لَكُمۡ وَلِتَطۡمَئِنَّ قُلُوبُكُم بِهِۦۗ وَمَا ٱلنَّصۡرُ إِلَّا مِنۡ عِندِ ٱللَّهِ ٱلۡعَزِيزِ ٱلۡحَكِيمِ","TajweedText":"وَمَا جَعَلَهُ <tajweed class=ham_wasl>ٱ</tajweed>للَّهُ إِلَّا بُشْرَىٰ لَكُمْ وَلِتَ<tajweed class=qalaqah>طْ</tajweed>مَئِ<tajweed class=ghunnah>نّ</tajweed>َ قُلُوبُك<tajweed class=ikhafa_shafawi>ُم ب</tajweed>ِه<tajweed class=madda_normal>ِۦ</tajweed>‌ۗ وَمَا <tajweed class=ham_wasl>ٱ</tajweed><tajweed class=laam_shamsiyah>ل</tajweed><tajweed class=ghunnah>نّ</tajweed>َصْرُ إِلَّا مِنْ عِ<tajweed class=ikhafa>ند</tajweed>ِ <tajweed class=ham_wasl>ٱ</tajweed>للَّهِ <tajweed class=ham_wasl>ٱ</tajweed>لْعَزِيزِ <tajweed class=ham_wasl>ٱ</tajweed>لْحَك<tajweed class=madda_permissible>ِي</tajweed>مِ <span class=end>١٢٦</span>","End":"١٢٦","PageNumber":66,"JuzNumber":4,"ManzilNumber":1,"RukuNumber":54,"MaqraNumber":26,"HizbNumber":7,"HizbDecimal":0.25,"HasSajda":false},{"SurahNumber":3,"SurahIndex":"003","VerseNumber":127,"ShowSurahName":false,"ShowBismillah":false,"Text":"لِيَقۡطَعَ طَرَفٗا مِّنَ ٱلَّذِينَ كَفَرُوٓاْ أَوۡ يَكۡبِتَهُمۡ فَيَنقَلِبُواْ خَآئِبِينَ","TajweedText":"لِيَ<tajweed class=qalaqah>قْ</tajweed>طَعَ طَرَ<tajweed class=idgham_ghunnah>فًا م</tajweed>ِّنَ <tajweed class=ham_wasl>ٱ</tajweed>لَّذِينَ كَفَر<tajweed class=madda_obligatory>ُوٓ</tajweed><tajweed class=slnt>اْ</tajweed> أَوْ يَكْبِتَهُمْ فَيَ<tajweed class=ikhafa>نق</tajweed>َلِبُو<tajweed class=slnt>اْ</tajweed> خ<tajweed class=madda_obligatory>َا</tajweed>ٓئِب<tajweed class=madda_permissible>ِي</tajweed>نَ <span class=end>١٢٧</span>","End":"١٢٧","PageNumber":66,"JuzNumber":4,"ManzilNumber":1,"RukuNumber":54,"MaqraNumber":26,"HizbNumber":7,"HizbDecimal":0.25,"HasSajda":false},{"SurahNumber":3,"SurahIndex":"003","VerseNumber":128,"ShowSurahName":false,"ShowBismillah":false,"Text":"لَيۡسَ لَكَ مِنَ ٱلۡأَمۡرِ شَيۡءٌ أَوۡ يَتُوبَ عَلَيۡهِمۡ أَوۡ يُعَذِّبَهُمۡ فَإِنَّهُمۡ ظَٰلِمُونَ","TajweedText":"لَيْسَ لَكَ مِنَ <tajweed class=ham_wasl>ٱ</tajweed>لْأَمْرِ شَىْءٌ أَوْ يَتُوبَ عَلَيْهِمْ أَوْ يُعَذِّبَهُمْ فَإِ<tajweed class=ghunnah>نّ</tajweed>َهُمْ ظَ<tajweed class=madda_normal>ـٰ</tajweed>لِم<tajweed class=madda_permissible>ُو</tajweed>نَ <span class=end>١٢٨</span>","End":"١٢٨","PageNumber":66,"JuzNumber":4,"ManzilNumber":1,"RukuNumber":54,"MaqraNumber":26,"HizbNumber":7,"HizbDecimal":0.25,"HasSajda":false},{"SurahNumber":3,"SurahIndex":"003","VerseNumber":129,"ShowSurahName":false,"ShowBismillah":false,"Text":"وَلِلَّهِ مَا فِي ٱلسَّمَٰوَٰتِ وَمَا فِي ٱلۡأَرۡضِۚ يَغۡفِرُ لِمَن يَشَآءُ وَيُعَذِّبُ مَن يَشَآءُۚ وَٱللَّهُ غَفُورٞ رَّحِيمٞ","TajweedText":"وَلِلَّهِ مَا فِى <tajweed class=ham_wasl>ٱ</tajweed><tajweed class=laam_shamsiyah>ل</tajweed>سَّمَ<tajweed class=madda_normal>ـٰ</tajweed>و<tajweed class=madda_normal>َٲ</tajweed>تِ وَمَا فِى <tajweed class=ham_wasl>ٱ</tajweed>لْأَرْضِ‌ۚ يَغْفِرُ لِم<tajweed class=idgham_ghunnah>َن ي</tajweed>َش<tajweed class=madda_obligatory>َا</tajweed>ٓءُ وَيُعَذِّبُ م<tajweed class=idgham_ghunnah>َن ي</tajweed>َش<tajweed class=madda_obligatory>َا</tajweed>ٓءُ‌ۚ وَ<tajweed class=ham_wasl>ٱ</tajweed>للَّهُ غَفُو<tajweed class=idgham_wo_ghunnah>رٌ ر</tajweed>َّح<tajweed class=madda_permissible>ِي</tajweed>مٌ <span class=end>١٢٩</span>","End":"١٢٩","PageNumber":66,"JuzNumber":4,"ManzilNumber":1,"RukuNumber":54,"MaqraNumber":26,"HizbNumber":7,"HizbDecimal":0.25,"HasSajda":false}]}