{"RukuNumber":322,"Verses":[{"SurahNumber":26,"SurahIndex":"026","VerseNumber":123,"ShowSurahName":false,"ShowBismillah":false,"Text":"كَذَّبَتۡ عَادٌ ٱلۡمُرۡسَلِينَ","TajweedText":"كَذَّبَتْ عَادٌ <tajweed class=ham_wasl>ٱ</tajweed>لْمُرْسَل<tajweed class=madda_permissible>ِي</tajweed>نَ <span class=end>١٢٣</span>","End":"١٢٣","PageNumber":372,"JuzNumber":19,"ManzilNumber":5,"RukuNumber":322,"MaqraNumber":149,"HizbNumber":38,"HizbDecimal":0.0,"HasSajda":false},{"SurahNumber":26,"SurahIndex":"026","VerseNumber":124,"ShowSurahName":false,"ShowBismillah":false,"Text":"إِذۡ قَالَ لَهُمۡ أَخُوهُمۡ هُودٌ أَلَا تَتَّقُونَ","TajweedText":"إِذْ قَالَ لَهُمْ أَخُوهُمْ هُودٌ أَلَا تَتَّق<tajweed class=madda_permissible>ُو</tajweed>نَ <span class=end>١٢٤</span>","End":"١٢٤","PageNumber":372,"JuzNumber":19,"ManzilNumber":5,"RukuNumber":322,"MaqraNumber":149,"HizbNumber":38,"HizbDecimal":0.0,"HasSajda":false},{"SurahNumber":26,"SurahIndex":"026","VerseNumber":125,"ShowSurahName":false,"ShowBismillah":false,"Text":"إِنِّي لَكُمۡ رَسُولٌ أَمِينٞ","TajweedText":"إِ<tajweed class=ghunnah>نّ</tajweed>ِى لَكُمْ رَسُولٌ أَم<tajweed class=madda_permissible>ِي</tajweed>نٌ <span class=end>١٢٥</span>","End":"١٢٥","PageNumber":372,"JuzNumber":19,"ManzilNumber":5,"RukuNumber":322,"MaqraNumber":149,"HizbNumber":38,"HizbDecimal":0.0,"HasSajda":false},{"SurahNumber":26,"SurahIndex":"026","VerseNumber":126,"ShowSurahName":false,"ShowBismillah":false,"Text":"فَٱتَّقُواْ ٱللَّهَ وَأَطِيعُونِ","TajweedText":"فَ<tajweed class=ham_wasl>ٱ</tajweed>تَّقُو<tajweed class=slnt>اْ</tajweed> <tajweed class=ham_wasl>ٱ</tajweed>للَّهَ وَأَطِيع<tajweed class=madda_permissible>ُو</tajweed>نِ <span class=end>١٢٦</span>","End":"١٢٦","PageNumber":372,"JuzNumber":19,"ManzilNumber":5,"RukuNumber":322,"MaqraNumber":149,"HizbNumber":38,"HizbDecimal":0.0,"HasSajda":false},{"SurahNumber":26,"SurahIndex":"026","VerseNumber":127,"ShowSurahName":false,"ShowBismillah":false,"Text":"وَمَآ أَسۡـَٔلُكُمۡ عَلَيۡهِ مِنۡ أَجۡرٍۖ إِنۡ أَجۡرِيَ إِلَّا عَلَىٰ رَبِّ ٱلۡعَٰلَمِينَ","TajweedText":"وَم<tajweed class=madda_obligatory>َآ</tajweed> أَسْــَٔلُكُمْ عَلَيْهِ مِنْ أَ<tajweed class=qalaqah>جْ</tajweed>رٍ‌ۖ إِنْ أَ<tajweed class=qalaqah>جْ</tajweed>رِىَ إِلَّا عَلَىٰ رَبِّ <tajweed class=ham_wasl>ٱ</tajweed>لْعَ<tajweed class=madda_normal>ـٰ</tajweed>لَم<tajweed class=madda_permissible>ِي</tajweed>نَ <span class=end>١٢٧</span>","End":"١٢٧","PageNumber":372,"JuzNumber":19,"ManzilNumber":5,"RukuNumber":322,"MaqraNumber":149,"HizbNumber":38,"HizbDecimal":0.0,"HasSajda":false},{"SurahNumber":26,"SurahIndex":"026","VerseNumber":128,"ShowSurahName":false,"ShowBismillah":false,"Text":"أَتَبۡنُونَ بِكُلِّ رِيعٍ ءَايَةٗ تَعۡبَثُونَ","TajweedText":"أَتَ<tajweed class=qalaqah>بْ</tajweed>نُونَ بِكُلِّ رِيعٍ ءَايَ<tajweed class=ikhafa>ةً ت</tajweed>َعْبَث<tajweed class=madda_permissible>ُو</tajweed>نَ <span class=end>١٢٨</span>","End":"١٢٨","PageNumber":372,"JuzNumber":19,"ManzilNumber":5,"RukuNumber":322,"MaqraNumber":149,"HizbNumber":38,"HizbDecimal":0.0,"HasSajda":false},{"SurahNumber":26,"SurahIndex":"026","VerseNumber":129,"ShowSurahName":false,"ShowBismillah":false,"Text":"وَتَتَّخِذُونَ مَصَانِعَ لَعَلَّكُمۡ تَخۡلُدُونَ","TajweedText":"وَتَتَّخِذُونَ مَصَانِعَ لَعَلَّكُمْ تَخْلُد<tajweed class=madda_permissible>ُو</tajweed>نَ <span class=end>١٢٩</span>","End":"١٢٩","PageNumber":372,"JuzNumber":19,"ManzilNumber":5,"RukuNumber":322,"MaqraNumber":149,"HizbNumber":38,"HizbDecimal":0.0,"HasSajda":false},{"SurahNumber":26,"SurahIndex":"026","VerseNumber":130,"ShowSurahName":false,"ShowBismillah":false,"Text":"وَإِذَا بَطَشۡتُم بَطَشۡتُمۡ جَبَّارِينَ","TajweedText":"وَإِذَا بَطَشْت<tajweed class=ikhafa_shafawi>ُم ب</tajweed>َطَشْتُمْ جَبَّار<tajweed class=madda_permissible>ِي</tajweed>نَ <span class=end>١٣٠</span>","End":"١٣٠","PageNumber":372,"JuzNumber":19,"ManzilNumber":5,"RukuNumber":322,"MaqraNumber":149,"HizbNumber":38,"HizbDecimal":0.0,"HasSajda":false},{"SurahNumber":26,"SurahIndex":"026","VerseNumber":131,"ShowSurahName":false,"ShowBismillah":false,"Text":"فَٱتَّقُواْ ٱللَّهَ وَأَطِيعُونِ","TajweedText":"فَ<tajweed class=ham_wasl>ٱ</tajweed>تَّقُو<tajweed class=slnt>اْ</tajweed> <tajweed class=ham_wasl>ٱ</tajweed>للَّهَ وَأَطِيع<tajweed class=madda_permissible>ُو</tajweed>نِ <span class=end>١٣١</span>","End":"١٣١","PageNumber":372,"JuzNumber":19,"ManzilNumber":5,"RukuNumber":322,"MaqraNumber":149,"HizbNumber":38,"HizbDecimal":0.0,"HasSajda":false},{"SurahNumber":26,"SurahIndex":"026","VerseNumber":132,"ShowSurahName":false,"ShowBismillah":false,"Text":"وَٱتَّقُواْ ٱلَّذِيٓ أَمَدَّكُم بِمَا تَعۡلَمُونَ","TajweedText":"وَ<tajweed class=ham_wasl>ٱ</tajweed>تَّقُو<tajweed class=slnt>اْ</tajweed> <tajweed class=ham_wasl>ٱ</tajweed>لَّذ<tajweed class=madda_obligatory>ِىٓ</tajweed> أَمَدَّك<tajweed class=ikhafa_shafawi>ُم ب</tajweed>ِمَا تَعْلَم<tajweed class=madda_permissible>ُو</tajweed>نَ <span class=end>١٣٢</span>","End":"١٣٢","PageNumber":372,"JuzNumber":19,"ManzilNumber":5,"RukuNumber":322,"MaqraNumber":149,"HizbNumber":38,"HizbDecimal":0.0,"HasSajda":false},{"SurahNumber":26,"SurahIndex":"026","VerseNumber":133,"ShowSurahName":false,"ShowBismillah":false,"Text":"أَمَدَّكُم بِأَنۡعَٰمٖ وَبَنِينَ","TajweedText":"أَمَدَّك<tajweed class=ikhafa_shafawi>ُم ب</tajweed>ِأَنْعَ<tajweed class=madda_normal>ـٰ</tajweed><tajweed class=idgham_ghunnah>مٍ و</tajweed>َبَن<tajweed class=madda_permissible>ِي</tajweed>نَ <span class=end>١٣٣</span>","End":"١٣٣","PageNumber":372,"JuzNumber":19,"ManzilNumber":5,"RukuNumber":322,"MaqraNumber":149,"HizbNumber":38,"HizbDecimal":0.0,"HasSajda":false},{"SurahNumber":26,"SurahIndex":"026","VerseNumber":134,"ShowSurahName":false,"ShowBismillah":false,"Text":"وَجَنَّـٰتٖ وَعُيُونٍ","TajweedText":"وَجَ<tajweed class=ghunnah>نّ</tajweed>َ<tajweed class=madda_normal>ـٰ</tajweed><tajweed class=idgham_ghunnah>تٍ و</tajweed>َعُي<tajweed class=madda_permissible>ُو</tajweed>نٍ <span class=end>١٣٤</span>","End":"١٣٤","PageNumber":372,"JuzNumber":19,"ManzilNumber":5,"RukuNumber":322,"MaqraNumber":149,"HizbNumber":38,"HizbDecimal":0.0,"HasSajda":false},{"SurahNumber":26,"SurahIndex":"026","VerseNumber":135,"ShowSurahName":false,"ShowBismillah":false,"Text":"إِنِّيٓ أَخَافُ عَلَيۡكُمۡ عَذَابَ يَوۡمٍ عَظِيمٖ","TajweedText":"إِ<tajweed class=ghunnah>نّ</tajweed><tajweed class=madda_obligatory>ِىٓ</tajweed> أَخَافُ عَلَيْكُمْ عَذَابَ يَوْمٍ عَظ<tajweed class=madda_permissible>ِي</tajweed>مٍ <span class=end>١٣٥</span>","End":"١٣٥","PageNumber":372,"JuzNumber":19,"ManzilNumber":5,"RukuNumber":322,"MaqraNumber":149,"HizbNumber":38,"HizbDecimal":0.0,"HasSajda":false},{"SurahNumber":26,"SurahIndex":"026","VerseNumber":136,"ShowSurahName":false,"ShowBismillah":false,"Text":"قَالُواْ سَوَآءٌ عَلَيۡنَآ أَوَعَظۡتَ أَمۡ لَمۡ تَكُن مِّنَ ٱلۡوَٰعِظِينَ","TajweedText":"قَالُو<tajweed class=slnt>اْ</tajweed> سَو<tajweed class=madda_obligatory>َا</tajweed>ٓءٌ عَلَيْن<tajweed class=madda_obligatory>َآ</tajweed> أَوَعَظْتَ أَمْ لَمْ تَك<tajweed class=idgham_ghunnah>ُن م</tajweed>ِّنَ <tajweed class=ham_wasl>ٱ</tajweed>لْو<tajweed class=madda_normal>َٲ</tajweed>عِظ<tajweed class=madda_permissible>ِي</tajweed>نَ <span class=end>١٣٦</span>","End":"١٣٦","PageNumber":372,"JuzNumber":19,"ManzilNumber":5,"RukuNumber":322,"MaqraNumber":149,"HizbNumber":38,"HizbDecimal":0.0,"HasSajda":false},{"SurahNumber":26,"SurahIndex":"026","VerseNumber":137,"ShowSurahName":false,"ShowBismillah":false,"Text":"إِنۡ هَٰذَآ إِلَّا خُلُقُ ٱلۡأَوَّلِينَ","TajweedText":"إِنْ هَ<tajweed class=madda_normal>ـٰ</tajweed>ذ<tajweed class=madda_obligatory>َآ</tajweed> إِلَّا خُلُقُ <tajweed class=ham_wasl>ٱ</tajweed>لْأَوَّل<tajweed class=madda_permissible>ِي</tajweed>نَ <span class=end>١٣٧</span>","End":"١٣٧","PageNumber":373,"JuzNumber":19,"ManzilNumber":5,"RukuNumber":322,"MaqraNumber":149,"HizbNumber":38,"HizbDecimal":0.0,"HasSajda":false},{"SurahNumber":26,"SurahIndex":"026","VerseNumber":138,"ShowSurahName":false,"ShowBismillah":false,"Text":"وَمَا نَحۡنُ بِمُعَذَّبِينَ","TajweedText":"وَمَا نَحْنُ بِمُعَذَّب<tajweed class=madda_permissible>ِي</tajweed>نَ <span class=end>١٣٨</span>","End":"١٣٨","PageNumber":373,"JuzNumber":19,"ManzilNumber":5,"RukuNumber":322,"MaqraNumber":149,"HizbNumber":38,"HizbDecimal":0.0,"HasSajda":false},{"SurahNumber":26,"SurahIndex":"026","VerseNumber":139,"ShowSurahName":false,"ShowBismillah":false,"Text":"فَكَذَّبُوهُ فَأَهۡلَكۡنَٰهُمۡۚ إِنَّ فِي ذَٰلِكَ لَأٓيَةٗۖ وَمَا كَانَ أَكۡثَرُهُم مُّؤۡمِنِينَ","TajweedText":"فَكَذَّبُوهُ فَأَهْلَكْنَ<tajweed class=madda_normal>ـٰ</tajweed>هُمْ‌ۗ إِ<tajweed class=ghunnah>نّ</tajweed>َ فِى ذ<tajweed class=madda_normal>َٲ</tajweed>لِكَ لَأَيَ<tajweed class=idgham_ghunnah>ةً‌ۖ و</tajweed>َمَا كَانَ أَكْثَرُه<tajweed class=idgham_shafawi>ُم م</tajweed>ُّؤْمِن<tajweed class=madda_permissible>ِي</tajweed>نَ <span class=end>١٣٩</span>","End":"١٣٩","PageNumber":373,"JuzNumber":19,"ManzilNumber":5,"RukuNumber":322,"MaqraNumber":149,"HizbNumber":38,"HizbDecimal":0.0,"HasSajda":false},{"SurahNumber":26,"SurahIndex":"026","VerseNumber":140,"ShowSurahName":false,"ShowBismillah":false,"Text":"وَإِنَّ رَبَّكَ لَهُوَ ٱلۡعَزِيزُ ٱلرَّحِيمُ","TajweedText":"وَإِ<tajweed class=ghunnah>نّ</tajweed>َ رَبَّكَ لَهُوَ <tajweed class=ham_wasl>ٱ</tajweed>لْعَزِيزُ <tajweed class=ham_wasl>ٱ</tajweed><tajweed class=laam_shamsiyah>ل</tajweed>رَّح<tajweed class=madda_permissible>ِي</tajweed>مُ <span class=end>١٤٠</span>","End":"١٤٠","PageNumber":373,"JuzNumber":19,"ManzilNumber":5,"RukuNumber":322,"MaqraNumber":149,"HizbNumber":38,"HizbDecimal":0.0,"HasSajda":false}]}