{"RukuNumber":302,"Verses":[{"SurahNumber":24,"SurahIndex":"024","VerseNumber":11,"ShowSurahName":false,"ShowBismillah":false,"Text":"إِنَّ ٱلَّذِينَ جَآءُو بِٱلۡإِفۡكِ عُصۡبَةٞ مِّنكُمۡۚ لَا تَحۡسَبُوهُ شَرّٗا لَّكُمۖ بَلۡ هُوَ خَيۡرٞ لَّكُمۡۚ لِكُلِّ ٱمۡرِيٕٖ مِّنۡهُم مَّا ٱكۡتَسَبَ مِنَ ٱلۡإِثۡمِۚ وَٱلَّذِي تَوَلَّىٰ كِبۡرَهُۥ مِنۡهُمۡ لَهُۥ عَذَابٌ عَظِيمٞ","TajweedText":"إِ<tajweed class=ghunnah>نّ</tajweed>َ <tajweed class=ham_wasl>ٱ</tajweed>لَّذِينَ ج<tajweed class=madda_obligatory>َا</tajweed>ٓءُو بِ<tajweed class=ham_wasl>ٱ</tajweed>لْإِفْكِ عُصْبَ<tajweed class=idgham_ghunnah>ةٌ م</tajweed>ِّ<tajweed class=ikhafa>نك</tajweed>ُمْ‌ۚ لَا تَحْسَبُوهُ شَر<tajweed class=idgham_wo_ghunnah>ًّا ل</tajweed>َّك<tajweed class=ikhafa_shafawi>ُم‌ۖ ب</tajweed>َلْ هُوَ خَيْ<tajweed class=idgham_wo_ghunnah>رٌ ل</tajweed>َّكُمْ‌ۚ لِكُلِّ <tajweed class=ham_wasl>ٱ</tajweed>مْرِى<tajweed class=idgham_ghunnah>ٍٕ م</tajweed>ِّنْه<tajweed class=idgham_shafawi>ُم م</tajweed>َّا <tajweed class=ham_wasl>ٱ</tajweed>كْتَسَبَ مِنَ <tajweed class=ham_wasl>ٱ</tajweed>لْإِثْمِ‌ۚ وَ<tajweed class=ham_wasl>ٱ</tajweed>لَّذِى تَوَلَّىٰ كِ<tajweed class=qalaqah>بْ</tajweed>رَهُ<tajweed class=madda_normal>ۥ</tajweed> مِنْهُمْ لَهُ<tajweed class=madda_normal>ۥ</tajweed> عَذَابٌ عَظ<tajweed class=madda_permissible>ِي</tajweed>مٌ <span class=end>١١</span>","End":"١١","PageNumber":351,"JuzNumber":18,"ManzilNumber":4,"RukuNumber":302,"MaqraNumber":140,"HizbNumber":35,"HizbDecimal":0.75,"HasSajda":false},{"SurahNumber":24,"SurahIndex":"024","VerseNumber":12,"ShowSurahName":false,"ShowBismillah":false,"Text":"لَّوۡلَآ إِذۡ سَمِعۡتُمُوهُ ظَنَّ ٱلۡمُؤۡمِنُونَ وَٱلۡمُؤۡمِنَٰتُ بِأَنفُسِهِمۡ خَيۡرٗا وَقَالُواْ هَٰذَآ إِفۡكٞ مُّبِينٞ","TajweedText":"لَّوْل<tajweed class=madda_obligatory>َآ</tajweed> إِذْ سَمِعْتُمُوهُ ظَ<tajweed class=ghunnah>نّ</tajweed>َ <tajweed class=ham_wasl>ٱ</tajweed>لْمُؤْمِنُونَ وَ<tajweed class=ham_wasl>ٱ</tajweed>لْمُؤْمِنَ<tajweed class=madda_normal>ـٰ</tajweed>تُ بِأَ<tajweed class=ikhafa>نف</tajweed>ُسِهِمْ خَيْ<tajweed class=idgham_ghunnah>رًا و</tajweed>َقَالُو<tajweed class=slnt>اْ</tajweed> هَ<tajweed class=madda_normal>ـٰ</tajweed>ذ<tajweed class=madda_obligatory>َآ</tajweed> إِفْ<tajweed class=idgham_ghunnah>كٌ م</tajweed>ُّب<tajweed class=madda_permissible>ِي</tajweed>نٌ <span class=end>١٢</span>","End":"١٢","PageNumber":351,"JuzNumber":18,"ManzilNumber":4,"RukuNumber":302,"MaqraNumber":140,"HizbNumber":35,"HizbDecimal":0.75,"HasSajda":false},{"SurahNumber":24,"SurahIndex":"024","VerseNumber":13,"ShowSurahName":false,"ShowBismillah":false,"Text":"لَّوۡلَا جَآءُو عَلَيۡهِ بِأَرۡبَعَةِ شُهَدَآءَۚ فَإِذۡ لَمۡ يَأۡتُواْ بِٱلشُّهَدَآءِ فَأُوْلَـٰٓئِكَ عِندَ ٱللَّهِ هُمُ ٱلۡكَٰذِبُونَ","TajweedText":"لَّوْلَا ج<tajweed class=madda_obligatory>َا</tajweed>ٓءُو عَلَيْهِ بِأَرْبَعَةِ شُهَد<tajweed class=madda_obligatory>َا</tajweed>ٓءَ‌ۚ فَإِذْ لَمْ يَأْتُو<tajweed class=slnt>اْ</tajweed> بِ<tajweed class=ham_wasl>ٱ</tajweed><tajweed class=laam_shamsiyah>ل</tajweed>شُّهَد<tajweed class=madda_obligatory>َا</tajweed>ٓءِ فَأُ<tajweed class=slnt>وْ</tajweed>لَ<tajweed class=madda_obligatory>ـٰٓ</tajweed>ئِكَ عِ<tajweed class=ikhafa>ند</tajweed>َ <tajweed class=ham_wasl>ٱ</tajweed>للَّهِ هُمُ <tajweed class=ham_wasl>ٱ</tajweed>لْكَ<tajweed class=madda_normal>ـٰ</tajweed>ذِب<tajweed class=madda_permissible>ُو</tajweed>نَ <span class=end>١٣</span>","End":"١٣","PageNumber":351,"JuzNumber":18,"ManzilNumber":4,"RukuNumber":302,"MaqraNumber":140,"HizbNumber":35,"HizbDecimal":0.75,"HasSajda":false},{"SurahNumber":24,"SurahIndex":"024","VerseNumber":14,"ShowSurahName":false,"ShowBismillah":false,"Text":"وَلَوۡلَا فَضۡلُ ٱللَّهِ عَلَيۡكُمۡ وَرَحۡمَتُهُۥ فِي ٱلدُّنۡيَا وَٱلۡأٓخِرَةِ لَمَسَّكُمۡ فِي مَآ أَفَضۡتُمۡ فِيهِ عَذَابٌ عَظِيمٌ","TajweedText":"وَلَوْلَا فَضْلُ <tajweed class=ham_wasl>ٱ</tajweed>للَّهِ عَلَيْكُمْ وَرَحْمَتُهُ<tajweed class=madda_normal>ۥ</tajweed> فِى <tajweed class=ham_wasl>ٱ</tajweed><tajweed class=laam_shamsiyah>ل</tajweed>دُّنْيَا وَ<tajweed class=ham_wasl>ٱ</tajweed>لْأَخِرَةِ لَمَسَّكُمْ فِى م<tajweed class=madda_obligatory>َآ</tajweed> أَفَضْتُمْ فِيهِ عَذَابٌ عَظ<tajweed class=madda_permissible>ِي</tajweed>مٌ <span class=end>١٤</span>","End":"١٤","PageNumber":351,"JuzNumber":18,"ManzilNumber":4,"RukuNumber":302,"MaqraNumber":140,"HizbNumber":35,"HizbDecimal":0.75,"HasSajda":false},{"SurahNumber":24,"SurahIndex":"024","VerseNumber":15,"ShowSurahName":false,"ShowBismillah":false,"Text":"إِذۡ تَلَقَّوۡنَهُۥ بِأَلۡسِنَتِكُمۡ وَتَقُولُونَ بِأَفۡوَاهِكُم مَّا لَيۡسَ لَكُم بِهِۦ عِلۡمٞ وَتَحۡسَبُونَهُۥ هَيِّنٗا وَهُوَ عِندَ ٱللَّهِ عَظِيمٞ","TajweedText":"إِذْ تَلَقَّوْنَهُ<tajweed class=madda_normal>ۥ</tajweed> بِأَلْسِنَتِكُمْ وَتَقُولُونَ بِأَفْوَاهِك<tajweed class=idgham_shafawi>ُم م</tajweed>َّا لَيْسَ لَك<tajweed class=ikhafa_shafawi>ُم ب</tajweed>ِه<tajweed class=madda_normal>ِۦ</tajweed> عِلْ<tajweed class=idgham_ghunnah>مٌ و</tajweed>َتَحْسَبُونَهُ<tajweed class=madda_normal>ۥ</tajweed> هَيِّ<tajweed class=idgham_ghunnah>نًا و</tajweed>َهُوَ عِ<tajweed class=ikhafa>ند</tajweed>َ <tajweed class=ham_wasl>ٱ</tajweed>للَّهِ عَظ<tajweed class=madda_permissible>ِي</tajweed>مٌ <span class=end>١٥</span>","End":"١٥","PageNumber":351,"JuzNumber":18,"ManzilNumber":4,"RukuNumber":302,"MaqraNumber":140,"HizbNumber":35,"HizbDecimal":0.75,"HasSajda":false},{"SurahNumber":24,"SurahIndex":"024","VerseNumber":16,"ShowSurahName":false,"ShowBismillah":false,"Text":"وَلَوۡلَآ إِذۡ سَمِعۡتُمُوهُ قُلۡتُم مَّا يَكُونُ لَنَآ أَن نَّتَكَلَّمَ بِهَٰذَا سُبۡحَٰنَكَ هَٰذَا بُهۡتَٰنٌ عَظِيمٞ","TajweedText":"وَلَوْل<tajweed class=madda_obligatory>َآ</tajweed> إِذْ سَمِعْتُمُوهُ قُلْت<tajweed class=idgham_shafawi>ُم م</tajweed>َّا يَكُونُ لَن<tajweed class=madda_obligatory>َآ</tajweed> أ<tajweed class=idgham_ghunnah>َن ن</tajweed>َّتَكَلَّمَ بِهَ<tajweed class=madda_normal>ـٰ</tajweed>ذَا سُ<tajweed class=qalaqah>بْ</tajweed>حَ<tajweed class=madda_normal>ـٰ</tajweed>نَكَ هَ<tajweed class=madda_normal>ـٰ</tajweed>ذَا بُهْتَ<tajweed class=madda_normal>ـٰ</tajweed>نٌ عَظ<tajweed class=madda_permissible>ِي</tajweed>مٌ <span class=end>١٦</span>","End":"١٦","PageNumber":351,"JuzNumber":18,"ManzilNumber":4,"RukuNumber":302,"MaqraNumber":140,"HizbNumber":35,"HizbDecimal":0.75,"HasSajda":false},{"SurahNumber":24,"SurahIndex":"024","VerseNumber":17,"ShowSurahName":false,"ShowBismillah":false,"Text":"يَعِظُكُمُ ٱللَّهُ أَن تَعُودُواْ لِمِثۡلِهِۦٓ أَبَدًا إِن كُنتُم مُّؤۡمِنِينَ","TajweedText":"يَعِظُكُمُ <tajweed class=ham_wasl>ٱ</tajweed>للَّهُ أَ<tajweed class=ikhafa>ن ت</tajweed>َعُودُو<tajweed class=slnt>اْ</tajweed> لِمِثْلِه<tajweed class=madda_obligatory>ِۦٓ</tajweed> أَبَدًا إِ<tajweed class=ikhafa>ن ك</tajweed>ُ<tajweed class=ikhafa>نت</tajweed><tajweed class=idgham_shafawi>ُم م</tajweed>ُّؤْمِن<tajweed class=madda_permissible>ِي</tajweed>نَ <span class=end>١٧</span>","End":"١٧","PageNumber":351,"JuzNumber":18,"ManzilNumber":4,"RukuNumber":302,"MaqraNumber":140,"HizbNumber":35,"HizbDecimal":0.75,"HasSajda":false},{"SurahNumber":24,"SurahIndex":"024","VerseNumber":18,"ShowSurahName":false,"ShowBismillah":false,"Text":"وَيُبَيِّنُ ٱللَّهُ لَكُمُ ٱلۡأٓيَٰتِۚ وَٱللَّهُ عَلِيمٌ حَكِيمٌ","TajweedText":"وَيُبَيِّنُ <tajweed class=ham_wasl>ٱ</tajweed>للَّهُ لَكُمُ <tajweed class=ham_wasl>ٱ</tajweed>لْأَيَ<tajweed class=madda_normal>ـٰ</tajweed>تِ‌ۚ وَ<tajweed class=ham_wasl>ٱ</tajweed>للَّهُ عَلِيمٌ حَك<tajweed class=madda_permissible>ِي</tajweed>مٌ <span class=end>١٨</span>","End":"١٨","PageNumber":351,"JuzNumber":18,"ManzilNumber":4,"RukuNumber":302,"MaqraNumber":140,"HizbNumber":35,"HizbDecimal":0.75,"HasSajda":false},{"SurahNumber":24,"SurahIndex":"024","VerseNumber":19,"ShowSurahName":false,"ShowBismillah":false,"Text":"إِنَّ ٱلَّذِينَ يُحِبُّونَ أَن تَشِيعَ ٱلۡفَٰحِشَةُ فِي ٱلَّذِينَ ءَامَنُواْ لَهُمۡ عَذَابٌ أَلِيمٞ فِي ٱلدُّنۡيَا وَٱلۡأٓخِرَةِۚ وَٱللَّهُ يَعۡلَمُ وَأَنتُمۡ لَا تَعۡلَمُونَ","TajweedText":"إِ<tajweed class=ghunnah>نّ</tajweed>َ <tajweed class=ham_wasl>ٱ</tajweed>لَّذِينَ يُحِبُّونَ أَ<tajweed class=ikhafa>ن ت</tajweed>َشِيعَ <tajweed class=ham_wasl>ٱ</tajweed>لْفَ<tajweed class=madda_normal>ـٰ</tajweed>حِشَةُ فِى <tajweed class=ham_wasl>ٱ</tajweed>لَّذِينَ ءَامَنُو<tajweed class=slnt>اْ</tajweed> لَهُمْ عَذَابٌ أَلِي<tajweed class=ikhafa>مٌ ف</tajweed>ِى <tajweed class=ham_wasl>ٱ</tajweed><tajweed class=laam_shamsiyah>ل</tajweed>دُّنْيَا وَ<tajweed class=ham_wasl>ٱ</tajweed>لْأَخِرَةِ‌ۚ وَ<tajweed class=ham_wasl>ٱ</tajweed>للَّهُ يَعْلَمُ وَأَ<tajweed class=ikhafa>نت</tajweed>ُمْ لَا تَعْلَم<tajweed class=madda_permissible>ُو</tajweed>نَ <span class=end>١٩</span>","End":"١٩","PageNumber":351,"JuzNumber":18,"ManzilNumber":4,"RukuNumber":302,"MaqraNumber":140,"HizbNumber":35,"HizbDecimal":0.75,"HasSajda":false},{"SurahNumber":24,"SurahIndex":"024","VerseNumber":20,"ShowSurahName":false,"ShowBismillah":false,"Text":"وَلَوۡلَا فَضۡلُ ٱللَّهِ عَلَيۡكُمۡ وَرَحۡمَتُهُۥ وَأَنَّ ٱللَّهَ رَءُوفٞ رَّحِيمٞ","TajweedText":"وَلَوْلَا فَضْلُ <tajweed class=ham_wasl>ٱ</tajweed>للَّهِ عَلَيْكُمْ وَرَحْمَتُهُ<tajweed class=madda_normal>ۥ</tajweed> وَأَ<tajweed class=ghunnah>نّ</tajweed>َ <tajweed class=ham_wasl>ٱ</tajweed>للَّهَ رَءُو<tajweed class=idgham_wo_ghunnah>فٌ ر</tajweed>َّح<tajweed class=madda_permissible>ِي</tajweed>مٌ <span class=end>٢٠</span>","End":"٢٠","PageNumber":351,"JuzNumber":18,"ManzilNumber":4,"RukuNumber":302,"MaqraNumber":140,"HizbNumber":35,"HizbDecimal":0.75,"HasSajda":false}]}