{"RukuNumber":181,"Verses":[{"SurahNumber":10,"SurahIndex":"010","VerseNumber":93,"ShowSurahName":false,"ShowBismillah":false,"Text":"وَلَقَدۡ بَوَّأۡنَا بَنِيٓ إِسۡرَـٰٓءِيلَ مُبَوَّأَ صِدۡقٖ وَرَزَقۡنَٰهُم مِّنَ ٱلطَّيِّبَٰتِ فَمَا ٱخۡتَلَفُواْ حَتَّىٰ جَآءَهُمُ ٱلۡعِلۡمُۚ إِنَّ رَبَّكَ يَقۡضِي بَيۡنَهُمۡ يَوۡمَ ٱلۡقِيَٰمَةِ فِيمَا كَانُواْ فِيهِ يَخۡتَلِفُونَ","TajweedText":"وَلَقَ<tajweed class=qalaqah>دْ</tajweed> بَوَّأْنَا بَن<tajweed class=madda_obligatory>ِىٓ</tajweed> إِسْر<tajweed class=madda_obligatory>َٲ</tajweed>ٓءِيلَ مُبَوَّأَ صِ<tajweed class=qalaqah>دْ</tajweed><tajweed class=idgham_ghunnah>قٍ و</tajweed>َرَزَ<tajweed class=qalaqah>قْ</tajweed>نَ<tajweed class=madda_normal>ـٰ</tajweed>ه<tajweed class=idgham_shafawi>ُم م</tajweed>ِّنَ <tajweed class=ham_wasl>ٱ</tajweed><tajweed class=laam_shamsiyah>ل</tajweed>طَّيِّبَ<tajweed class=madda_normal>ـٰ</tajweed>تِ فَمَا <tajweed class=ham_wasl>ٱ</tajweed>خْتَلَفُو<tajweed class=slnt>اْ</tajweed> حَتَّىٰ ج<tajweed class=madda_obligatory>َا</tajweed>ٓءَهُمُ <tajweed class=ham_wasl>ٱ</tajweed>لْعِلْمُ‌ۚ إِ<tajweed class=ghunnah>نّ</tajweed>َ رَبَّكَ يَ<tajweed class=qalaqah>قْ</tajweed>ضِى بَيْنَهُمْ يَوْمَ <tajweed class=ham_wasl>ٱ</tajweed>لْقِيَ<tajweed class=madda_normal>ـٰ</tajweed>مَةِ فِيمَا كَانُو<tajweed class=slnt>اْ</tajweed> فِيهِ يَخْتَلِف<tajweed class=madda_permissible>ُو</tajweed>نَ <span class=end>٩٣</span>","End":"٩٣","PageNumber":219,"JuzNumber":11,"ManzilNumber":3,"RukuNumber":181,"MaqraNumber":88,"HizbNumber":22,"HizbDecimal":0.75,"HasSajda":false},{"SurahNumber":10,"SurahIndex":"010","VerseNumber":94,"ShowSurahName":false,"ShowBismillah":false,"Text":"فَإِن كُنتَ فِي شَكّٖ مِّمَّآ أَنزَلۡنَآ إِلَيۡكَ فَسۡـَٔلِ ٱلَّذِينَ يَقۡرَءُونَ ٱلۡكِتَٰبَ مِن قَبۡلِكَۚ لَقَدۡ جَآءَكَ ٱلۡحَقُّ مِن رَّبِّكَ فَلَا تَكُونَنَّ مِنَ ٱلۡمُمۡتَرِينَ","TajweedText":"فَإِ<tajweed class=ikhafa>ن ك</tajweed>ُ<tajweed class=ikhafa>نت</tajweed>َ فِى شَ<tajweed class=idgham_ghunnah>كٍّ م</tajweed>ِّ<tajweed class=ghunnah>مّ</tajweed><tajweed class=madda_obligatory>َآ</tajweed> أَ<tajweed class=ikhafa>نز</tajweed>َلْن<tajweed class=madda_obligatory>َآ</tajweed> إِلَيْكَ فَسْــَٔلِ <tajweed class=ham_wasl>ٱ</tajweed>لَّذِينَ يَ<tajweed class=qalaqah>قْ</tajweed>رَءُونَ <tajweed class=ham_wasl>ٱ</tajweed>لْكِتَ<tajweed class=madda_normal>ـٰ</tajweed>بَ مِ<tajweed class=ikhafa>ن ق</tajweed>َ<tajweed class=qalaqah>بْ</tajweed>لِكَ‌ۚ لَقَ<tajweed class=qalaqah>دْ</tajweed> ج<tajweed class=madda_obligatory>َا</tajweed>ٓءَكَ <tajweed class=ham_wasl>ٱ</tajweed>لْحَقُّ م<tajweed class=idgham_wo_ghunnah>ِن ر</tajweed>َّبِّكَ فَلَا تَكُونَ<tajweed class=ghunnah>نّ</tajweed>َ مِنَ <tajweed class=ham_wasl>ٱ</tajweed>لْمُمْتَر<tajweed class=madda_permissible>ِي</tajweed>نَ <span class=end>٩٤</span>","End":"٩٤","PageNumber":219,"JuzNumber":11,"ManzilNumber":3,"RukuNumber":181,"MaqraNumber":88,"HizbNumber":22,"HizbDecimal":0.75,"HasSajda":false},{"SurahNumber":10,"SurahIndex":"010","VerseNumber":95,"ShowSurahName":false,"ShowBismillah":false,"Text":"وَلَا تَكُونَنَّ مِنَ ٱلَّذِينَ كَذَّبُواْ بِـَٔايَٰتِ ٱللَّهِ فَتَكُونَ مِنَ ٱلۡخَٰسِرِينَ","TajweedText":"وَلَا تَكُونَ<tajweed class=ghunnah>نّ</tajweed>َ مِنَ <tajweed class=ham_wasl>ٱ</tajweed>لَّذِينَ كَذَّبُو<tajweed class=slnt>اْ</tajweed> بِـَٔـايَ<tajweed class=madda_normal>ـٰ</tajweed>تِ <tajweed class=ham_wasl>ٱ</tajweed>للَّهِ فَتَكُونَ مِنَ <tajweed class=ham_wasl>ٱ</tajweed>لْخَ<tajweed class=madda_normal>ـٰ</tajweed>سِر<tajweed class=madda_permissible>ِي</tajweed>نَ <span class=end>٩٥</span>","End":"٩٥","PageNumber":219,"JuzNumber":11,"ManzilNumber":3,"RukuNumber":181,"MaqraNumber":88,"HizbNumber":22,"HizbDecimal":0.75,"HasSajda":false},{"SurahNumber":10,"SurahIndex":"010","VerseNumber":96,"ShowSurahName":false,"ShowBismillah":false,"Text":"إِنَّ ٱلَّذِينَ حَقَّتۡ عَلَيۡهِمۡ كَلِمَتُ رَبِّكَ لَا يُؤۡمِنُونَ","TajweedText":"إِ<tajweed class=ghunnah>نّ</tajweed>َ <tajweed class=ham_wasl>ٱ</tajweed>لَّذِينَ حَقَّتْ عَلَيْهِمْ كَلِمَتُ رَبِّكَ لَا يُؤْمِن<tajweed class=madda_permissible>ُو</tajweed>نَ <span class=end>٩٦</span>","End":"٩٦","PageNumber":219,"JuzNumber":11,"ManzilNumber":3,"RukuNumber":181,"MaqraNumber":88,"HizbNumber":22,"HizbDecimal":0.75,"HasSajda":false},{"SurahNumber":10,"SurahIndex":"010","VerseNumber":97,"ShowSurahName":false,"ShowBismillah":false,"Text":"وَلَوۡ جَآءَتۡهُمۡ كُلُّ ءَايَةٍ حَتَّىٰ يَرَوُاْ ٱلۡعَذَابَ ٱلۡأَلِيمَ","TajweedText":"وَلَوْ ج<tajweed class=madda_obligatory>َا</tajweed>ٓءَتْهُمْ كُلُّ ءَايَةٍ حَتَّىٰ يَرَوُ<tajweed class=slnt>اْ</tajweed> <tajweed class=ham_wasl>ٱ</tajweed>لْعَذَابَ <tajweed class=ham_wasl>ٱ</tajweed>لْأَل<tajweed class=madda_permissible>ِي</tajweed>مَ <span class=end>٩٧</span>","End":"٩٧","PageNumber":219,"JuzNumber":11,"ManzilNumber":3,"RukuNumber":181,"MaqraNumber":88,"HizbNumber":22,"HizbDecimal":0.75,"HasSajda":false},{"SurahNumber":10,"SurahIndex":"010","VerseNumber":98,"ShowSurahName":false,"ShowBismillah":false,"Text":"فَلَوۡلَا كَانَتۡ قَرۡيَةٌ ءَامَنَتۡ فَنَفَعَهَآ إِيمَٰنُهَآ إِلَّا قَوۡمَ يُونُسَ لَمَّآ ءَامَنُواْ كَشَفۡنَا عَنۡهُمۡ عَذَابَ ٱلۡخِزۡيِ فِي ٱلۡحَيَوٰةِ ٱلدُّنۡيَا وَمَتَّعۡنَٰهُمۡ إِلَىٰ حِينٖ","TajweedText":"فَلَوْلَا كَانَتْ قَرْيَةٌ ءَامَنَتْ فَنَفَعَه<tajweed class=madda_obligatory>َآ</tajweed> إِيمَ<tajweed class=madda_normal>ـٰ</tajweed>نُه<tajweed class=madda_obligatory>َآ</tajweed> إِلَّا قَوْمَ يُونُسَ لَ<tajweed class=ghunnah>مّ</tajweed><tajweed class=madda_obligatory>َآ</tajweed> ءَامَنُو<tajweed class=slnt>اْ</tajweed> كَشَفْنَا عَنْهُمْ عَذَابَ <tajweed class=ham_wasl>ٱ</tajweed>لْخِزْىِ فِى <tajweed class=ham_wasl>ٱ</tajweed>لْحَيَ<tajweed class=slnt>و</tajweed><tajweed class=madda_normal>ٲ</tajweed>ةِ <tajweed class=ham_wasl>ٱ</tajweed><tajweed class=laam_shamsiyah>ل</tajweed>دُّنْيَا وَمَتَّعْنَ<tajweed class=madda_normal>ـٰ</tajweed>هُمْ إِلَىٰ ح<tajweed class=madda_permissible>ِي</tajweed>نٍ <span class=end>٩٨</span>","End":"٩٨","PageNumber":220,"JuzNumber":11,"ManzilNumber":3,"RukuNumber":181,"MaqraNumber":88,"HizbNumber":22,"HizbDecimal":0.75,"HasSajda":false},{"SurahNumber":10,"SurahIndex":"010","VerseNumber":99,"ShowSurahName":false,"ShowBismillah":false,"Text":"وَلَوۡ شَآءَ رَبُّكَ لَأٓمَنَ مَن فِي ٱلۡأَرۡضِ كُلُّهُمۡ جَمِيعًاۚ أَفَأَنتَ تُكۡرِهُ ٱلنَّاسَ حَتَّىٰ يَكُونُواْ مُؤۡمِنِينَ","TajweedText":"وَلَوْ ش<tajweed class=madda_obligatory>َا</tajweed>ٓءَ رَبُّكَ لَأَمَنَ مَ<tajweed class=ikhafa>ن ف</tajweed>ِى <tajweed class=ham_wasl>ٱ</tajweed>لْأَرْضِ كُلُّهُمْ جَمِيعًا‌ۚ أَفَأَ<tajweed class=ikhafa>نت</tajweed>َ تُكْرِهُ <tajweed class=ham_wasl>ٱ</tajweed><tajweed class=laam_shamsiyah>ل</tajweed><tajweed class=ghunnah>نّ</tajweed>َاسَ حَتَّىٰ يَكُونُو<tajweed class=slnt>اْ</tajweed> مُؤْمِن<tajweed class=madda_permissible>ِي</tajweed>نَ <span class=end>٩٩</span>","End":"٩٩","PageNumber":220,"JuzNumber":11,"ManzilNumber":3,"RukuNumber":181,"MaqraNumber":88,"HizbNumber":22,"HizbDecimal":0.75,"HasSajda":false},{"SurahNumber":10,"SurahIndex":"010","VerseNumber":100,"ShowSurahName":false,"ShowBismillah":false,"Text":"وَمَا كَانَ لِنَفۡسٍ أَن تُؤۡمِنَ إِلَّا بِإِذۡنِ ٱللَّهِۚ وَيَجۡعَلُ ٱلرِّجۡسَ عَلَى ٱلَّذِينَ لَا يَعۡقِلُونَ","TajweedText":"وَمَا كَانَ لِنَفْسٍ أَ<tajweed class=ikhafa>ن ت</tajweed>ُؤْمِنَ إِلَّا بِإِذْنِ <tajweed class=ham_wasl>ٱ</tajweed>للَّهِ‌ۚ وَيَ<tajweed class=qalaqah>جْ</tajweed>عَلُ <tajweed class=ham_wasl>ٱ</tajweed><tajweed class=laam_shamsiyah>ل</tajweed>رِّ<tajweed class=qalaqah>جْ</tajweed>سَ عَلَى <tajweed class=ham_wasl>ٱ</tajweed>لَّذِينَ لَا يَعْقِل<tajweed class=madda_permissible>ُو</tajweed>نَ <span class=end>١٠٠</span>","End":"١٠٠","PageNumber":220,"JuzNumber":11,"ManzilNumber":3,"RukuNumber":181,"MaqraNumber":88,"HizbNumber":22,"HizbDecimal":0.75,"HasSajda":false},{"SurahNumber":10,"SurahIndex":"010","VerseNumber":101,"ShowSurahName":false,"ShowBismillah":false,"Text":"قُلِ ٱنظُرُواْ مَاذَا فِي ٱلسَّمَٰوَٰتِ وَٱلۡأَرۡضِۚ وَمَا تُغۡنِي ٱلۡأٓيَٰتُ وَٱلنُّذُرُ عَن قَوۡمٖ لَّا يُؤۡمِنُونَ","TajweedText":"قُلِ <tajweed class=ham_wasl>ٱ</tajweed><tajweed class=ikhafa>نظ</tajweed>ُرُو<tajweed class=slnt>اْ</tajweed> مَاذَا فِى <tajweed class=ham_wasl>ٱ</tajweed><tajweed class=laam_shamsiyah>ل</tajweed>سَّمَ<tajweed class=madda_normal>ـٰ</tajweed>و<tajweed class=madda_normal>َٲ</tajweed>تِ وَ<tajweed class=ham_wasl>ٱ</tajweed>لْأَرْضِ‌ۚ وَمَا تُغْنِى <tajweed class=ham_wasl>ٱ</tajweed>لْأَيَ<tajweed class=madda_normal>ـٰ</tajweed>تُ وَ<tajweed class=ham_wasl>ٱ</tajweed><tajweed class=laam_shamsiyah>ل</tajweed><tajweed class=ghunnah>نّ</tajweed>ُذُرُ عَ<tajweed class=ikhafa>ن ق</tajweed>َوْ<tajweed class=idgham_wo_ghunnah>مٍ ل</tajweed>َّا يُؤْمِن<tajweed class=madda_permissible>ُو</tajweed>نَ <span class=end>١٠١</span>","End":"١٠١","PageNumber":220,"JuzNumber":11,"ManzilNumber":3,"RukuNumber":181,"MaqraNumber":88,"HizbNumber":22,"HizbDecimal":0.75,"HasSajda":false},{"SurahNumber":10,"SurahIndex":"010","VerseNumber":102,"ShowSurahName":false,"ShowBismillah":false,"Text":"فَهَلۡ يَنتَظِرُونَ إِلَّا مِثۡلَ أَيَّامِ ٱلَّذِينَ خَلَوۡاْ مِن قَبۡلِهِمۡۚ قُلۡ فَٱنتَظِرُوٓاْ إِنِّي مَعَكُم مِّنَ ٱلۡمُنتَظِرِينَ","TajweedText":"فَهَلْ يَ<tajweed class=ikhafa>نت</tajweed>َظِرُونَ إِلَّا مِثْلَ أَيَّامِ <tajweed class=ham_wasl>ٱ</tajweed>لَّذِينَ خَلَوْ<tajweed class=slnt>اْ</tajweed> مِ<tajweed class=ikhafa>ن ق</tajweed>َ<tajweed class=qalaqah>بْ</tajweed>لِهِمْ‌ۚ قُلْ فَ<tajweed class=ham_wasl>ٱ</tajweed><tajweed class=ikhafa>نت</tajweed>َظِر<tajweed class=madda_obligatory>ُوٓ</tajweed><tajweed class=slnt>اْ</tajweed> إِ<tajweed class=ghunnah>نّ</tajweed>ِى مَعَك<tajweed class=idgham_shafawi>ُم م</tajweed>ِّنَ <tajweed class=ham_wasl>ٱ</tajweed>لْمُ<tajweed class=ikhafa>نت</tajweed>َظِر<tajweed class=madda_permissible>ِي</tajweed>نَ <span class=end>١٠٢</span>","End":"١٠٢","PageNumber":220,"JuzNumber":11,"ManzilNumber":3,"RukuNumber":181,"MaqraNumber":88,"HizbNumber":22,"HizbDecimal":0.75,"HasSajda":false},{"SurahNumber":10,"SurahIndex":"010","VerseNumber":103,"ShowSurahName":false,"ShowBismillah":false,"Text":"ثُمَّ نُنَجِّي رُسُلَنَا وَٱلَّذِينَ ءَامَنُواْۚ كَذَٰلِكَ حَقًّا عَلَيۡنَا نُنجِ ٱلۡمُؤۡمِنِينَ","TajweedText":"ثُ<tajweed class=ghunnah>مّ</tajweed>َ نُنَجِّى رُسُلَنَا وَ<tajweed class=ham_wasl>ٱ</tajweed>لَّذِينَ ءَامَنُو<tajweed class=slnt>اْ‌ۚ</tajweed> كَذ<tajweed class=madda_normal>َٲ</tajweed>لِكَ حَقًّا عَلَيْنَا نُ<tajweed class=ikhafa>نج</tajweed>ِ <tajweed class=ham_wasl>ٱ</tajweed>لْمُؤْمِن<tajweed class=madda_permissible>ِي</tajweed>نَ <span class=end>١٠٣</span>","End":"١٠٣","PageNumber":220,"JuzNumber":11,"ManzilNumber":3,"RukuNumber":181,"MaqraNumber":88,"HizbNumber":22,"HizbDecimal":0.75,"HasSajda":false}]}