{"RukuNumber":548,"Verses":[{"SurahNumber":106,"SurahIndex":"106","VerseNumber":1,"ShowSurahName":true,"ShowBismillah":true,"Text":"لِإِيلَٰفِ قُرَيۡشٍ","TajweedText":"لِإِيلَ<tajweed class=madda_normal>ـٰ</tajweed>فِ قُر<tajweed class=madda_permissible>َي</tajweed>ْشٍ <span class=end>١</span>","End":"١","PageNumber":602,"JuzNumber":30,"ManzilNumber":7,"RukuNumber":548,"MaqraNumber":240,"HizbNumber":60,"HizbDecimal":0.75,"HasSajda":false},{"SurahNumber":106,"SurahIndex":"106","VerseNumber":2,"ShowSurahName":false,"ShowBismillah":false,"Text":"إِۦلَٰفِهِمۡ رِحۡلَةَ ٱلشِّتَآءِ وَٱلصَّيۡفِ","TajweedText":"إ<tajweed class=madda_normal>ِۦ</tajweed>لَ<tajweed class=madda_normal>ـٰ</tajweed>فِهِمْ رِحْلَةَ <tajweed class=ham_wasl>ٱ</tajweed><tajweed class=laam_shamsiyah>ل</tajweed>شِّت<tajweed class=madda_obligatory>َا</tajweed>ٓءِ وَ<tajweed class=ham_wasl>ٱ</tajweed><tajweed class=laam_shamsiyah>ل</tajweed>صّ<tajweed class=madda_permissible>َي</tajweed>ْفِ <span class=end>٢</span>","End":"٢","PageNumber":602,"JuzNumber":30,"ManzilNumber":7,"RukuNumber":548,"MaqraNumber":240,"HizbNumber":60,"HizbDecimal":0.75,"HasSajda":false},{"SurahNumber":106,"SurahIndex":"106","VerseNumber":3,"ShowSurahName":false,"ShowBismillah":false,"Text":"فَلۡيَعۡبُدُواْ رَبَّ هَٰذَا ٱلۡبَيۡتِ","TajweedText":"فَلْيَعْبُدُو<tajweed class=slnt>اْ</tajweed> رَبَّ هَ<tajweed class=madda_normal>ـٰ</tajweed>ذَا <tajweed class=ham_wasl>ٱ</tajweed>لْب<tajweed class=madda_permissible>َي</tajweed>ْتِ <span class=end>٣</span>","End":"٣","PageNumber":602,"JuzNumber":30,"ManzilNumber":7,"RukuNumber":548,"MaqraNumber":240,"HizbNumber":60,"HizbDecimal":0.75,"HasSajda":false},{"SurahNumber":106,"SurahIndex":"106","VerseNumber":4,"ShowSurahName":false,"ShowBismillah":false,"Text":"ٱلَّذِيٓ أَطۡعَمَهُم مِّن جُوعٖ وَءَامَنَهُم مِّنۡ خَوۡفِۭ","TajweedText":"ٱلَّذ<tajweed class=madda_obligatory>ِىٓ</tajweed> أَ<tajweed class=qalaqah>طْ</tajweed>عَمَه<tajweed class=idgham_shafawi>ُم م</tajweed>ِّ<tajweed class=ikhafa>ن ج</tajweed>ُو<tajweed class=idgham_ghunnah>عٍ و</tajweed>َءَامَنَه<tajweed class=idgham_shafawi>ُم م</tajweed>ِّنْ خ<tajweed class=madda_permissible>َو</tajweed>ْفِۭ <span class=end>٤</span>","End":"٤","PageNumber":602,"JuzNumber":30,"ManzilNumber":7,"RukuNumber":548,"MaqraNumber":240,"HizbNumber":60,"HizbDecimal":0.75,"HasSajda":false}]}