{"RukuNumber":125,"Verses":[{"SurahNumber":7,"SurahIndex":"007","VerseNumber":32,"ShowSurahName":false,"ShowBismillah":false,"Text":"قُلۡ مَنۡ حَرَّمَ زِينَةَ ٱللَّهِ ٱلَّتِيٓ أَخۡرَجَ لِعِبَادِهِۦ وَٱلطَّيِّبَٰتِ مِنَ ٱلرِّزۡقِۚ قُلۡ هِيَ لِلَّذِينَ ءَامَنُواْ فِي ٱلۡحَيَوٰةِ ٱلدُّنۡيَا خَالِصَةٗ يَوۡمَ ٱلۡقِيَٰمَةِۗ كَذَٰلِكَ نُفَصِّلُ ٱلۡأٓيَٰتِ لِقَوۡمٖ يَعۡلَمُونَ","TajweedText":"قُلْ مَنْ حَرَّمَ زِينَةَ <tajweed class=ham_wasl>ٱ</tajweed>للَّهِ <tajweed class=ham_wasl>ٱ</tajweed>لَّت<tajweed class=madda_obligatory>ِىٓ</tajweed> أَخْرَجَ لِعِبَادِه<tajweed class=madda_normal>ِۦ</tajweed> وَ<tajweed class=ham_wasl>ٱ</tajweed><tajweed class=laam_shamsiyah>ل</tajweed>طَّيِّبَ<tajweed class=madda_normal>ـٰ</tajweed>تِ مِنَ <tajweed class=ham_wasl>ٱ</tajweed><tajweed class=laam_shamsiyah>ل</tajweed>رِّزْقِ‌ۚ قُلْ هِىَ لِلَّذِينَ ءَامَنُو<tajweed class=slnt>اْ</tajweed> فِى <tajweed class=ham_wasl>ٱ</tajweed>لْحَيَ<tajweed class=slnt>و</tajweed><tajweed class=madda_normal>ٲ</tajweed>ةِ <tajweed class=ham_wasl>ٱ</tajweed><tajweed class=laam_shamsiyah>ل</tajweed>دُّنْيَا خَالِصَ<tajweed class=idgham_ghunnah>ةً ي</tajweed>َوْمَ <tajweed class=ham_wasl>ٱ</tajweed>لْقِيَ<tajweed class=madda_normal>ـٰ</tajweed>مَةِ‌ۗ كَذ<tajweed class=madda_normal>َٲ</tajweed>لِكَ نُفَصِّلُ <tajweed class=ham_wasl>ٱ</tajweed>لْأَيَ<tajweed class=madda_normal>ـٰ</tajweed>تِ لِقَوْ<tajweed class=idgham_ghunnah>مٍ ي</tajweed>َعْلَم<tajweed class=madda_permissible>ُو</tajweed>نَ <span class=end>٣٢</span>","End":"٣٢","PageNumber":154,"JuzNumber":8,"ManzilNumber":2,"RukuNumber":125,"MaqraNumber":62,"HizbNumber":16,"HizbDecimal":0.25,"HasSajda":false},{"SurahNumber":7,"SurahIndex":"007","VerseNumber":33,"ShowSurahName":false,"ShowBismillah":false,"Text":"قُلۡ إِنَّمَا حَرَّمَ رَبِّيَ ٱلۡفَوَٰحِشَ مَا ظَهَرَ مِنۡهَا وَمَا بَطَنَ وَٱلۡإِثۡمَ وَٱلۡبَغۡيَ بِغَيۡرِ ٱلۡحَقِّ وَأَن تُشۡرِكُواْ بِٱللَّهِ مَا لَمۡ يُنَزِّلۡ بِهِۦ سُلۡطَٰنٗا وَأَن تَقُولُواْ عَلَى ٱللَّهِ مَا لَا تَعۡلَمُونَ","TajweedText":"قُلْ إِ<tajweed class=ghunnah>نّ</tajweed>َمَا حَرَّمَ رَبِّىَ <tajweed class=ham_wasl>ٱ</tajweed>لْفَو<tajweed class=madda_normal>َٲ</tajweed>حِشَ مَا ظَهَرَ مِنْهَا وَمَا بَطَنَ وَ<tajweed class=ham_wasl>ٱ</tajweed>لْإِثْمَ وَ<tajweed class=ham_wasl>ٱ</tajweed>لْبَغْىَ بِغَيْرِ <tajweed class=ham_wasl>ٱ</tajweed>لْحَقِّ وَأَ<tajweed class=ikhafa>ن ت</tajweed>ُشْرِكُو<tajweed class=slnt>اْ</tajweed> بِ<tajweed class=ham_wasl>ٱ</tajweed>للَّهِ مَا لَمْ يُنَزِّلْ بِه<tajweed class=madda_normal>ِۦ</tajweed> سُلْطَ<tajweed class=madda_normal>ـٰ</tajweed><tajweed class=idgham_ghunnah>نًا و</tajweed>َأَ<tajweed class=ikhafa>ن ت</tajweed>َقُولُو<tajweed class=slnt>اْ</tajweed> عَلَى <tajweed class=ham_wasl>ٱ</tajweed>للَّهِ مَا لَا تَعْلَم<tajweed class=madda_permissible>ُو</tajweed>نَ <span class=end>٣٣</span>","End":"٣٣","PageNumber":154,"JuzNumber":8,"ManzilNumber":2,"RukuNumber":125,"MaqraNumber":62,"HizbNumber":16,"HizbDecimal":0.25,"HasSajda":false},{"SurahNumber":7,"SurahIndex":"007","VerseNumber":34,"ShowSurahName":false,"ShowBismillah":false,"Text":"وَلِكُلِّ أُمَّةٍ أَجَلٞۖ فَإِذَا جَآءَ أَجَلُهُمۡ لَا يَسۡتَأۡخِرُونَ سَاعَةٗ وَلَا يَسۡتَقۡدِمُونَ","TajweedText":"وَلِكُلِّ أُ<tajweed class=ghunnah>مّ</tajweed>َةٍ أَجَ<tajweed class=ikhafa>لٌ‌ۖ ف</tajweed>َإِذَا ج<tajweed class=madda_obligatory>َا</tajweed>ٓءَ أَجَلُهُمْ لَا يَسْتَأْخِرُونَ سَاعَ<tajweed class=idgham_ghunnah>ةً‌ۖ و</tajweed>َلَا يَسْتَ<tajweed class=qalaqah>قْ</tajweed>دِم<tajweed class=madda_permissible>ُو</tajweed>نَ <span class=end>٣٤</span>","End":"٣٤","PageNumber":154,"JuzNumber":8,"ManzilNumber":2,"RukuNumber":125,"MaqraNumber":62,"HizbNumber":16,"HizbDecimal":0.25,"HasSajda":false},{"SurahNumber":7,"SurahIndex":"007","VerseNumber":35,"ShowSurahName":false,"ShowBismillah":false,"Text":"يَٰبَنِيٓ ءَادَمَ إِمَّا يَأۡتِيَنَّكُمۡ رُسُلٞ مِّنكُمۡ يَقُصُّونَ عَلَيۡكُمۡ ءَايَٰتِي فَمَنِ ٱتَّقَىٰ وَأَصۡلَحَ فَلَا خَوۡفٌ عَلَيۡهِمۡ وَلَا هُمۡ يَحۡزَنُونَ","TajweedText":"يَ<tajweed class=madda_normal>ـٰ</tajweed>بَن<tajweed class=madda_obligatory>ِىٓ</tajweed> ءَادَمَ إِ<tajweed class=ghunnah>مّ</tajweed>َا يَأْتِيَ<tajweed class=ghunnah>نّ</tajweed>َكُمْ رُسُ<tajweed class=idgham_ghunnah>لٌ م</tajweed>ِّ<tajweed class=ikhafa>نك</tajweed>ُمْ يَقُصُّونَ عَلَيْكُمْ ءَايَ<tajweed class=madda_normal>ـٰ</tajweed>تِى‌ۙ فَمَنِ <tajweed class=ham_wasl>ٱ</tajweed>تَّقَىٰ وَأَصْلَحَ فَلَا خَوْفٌ عَلَيْهِمْ وَلَا هُمْ يَحْزَن<tajweed class=madda_permissible>ُو</tajweed>نَ <span class=end>٣٥</span>","End":"٣٥","PageNumber":154,"JuzNumber":8,"ManzilNumber":2,"RukuNumber":125,"MaqraNumber":62,"HizbNumber":16,"HizbDecimal":0.25,"HasSajda":false},{"SurahNumber":7,"SurahIndex":"007","VerseNumber":36,"ShowSurahName":false,"ShowBismillah":false,"Text":"وَٱلَّذِينَ كَذَّبُواْ بِـَٔايَٰتِنَا وَٱسۡتَكۡبَرُواْ عَنۡهَآ أُوْلَـٰٓئِكَ أَصۡحَٰبُ ٱلنَّارِۖ هُمۡ فِيهَا خَٰلِدُونَ","TajweedText":"وَ<tajweed class=ham_wasl>ٱ</tajweed>لَّذِينَ كَذَّبُو<tajweed class=slnt>اْ</tajweed> بِـَٔـايَ<tajweed class=madda_normal>ـٰ</tajweed>تِنَا وَ<tajweed class=ham_wasl>ٱ</tajweed>سْتَكْبَرُو<tajweed class=slnt>اْ</tajweed> عَنْه<tajweed class=madda_obligatory>َآ</tajweed> أُ<tajweed class=slnt>وْ</tajweed>لَ<tajweed class=madda_obligatory>ـٰٓ</tajweed>ئِكَ أَصْحَ<tajweed class=madda_normal>ـٰ</tajweed>بُ <tajweed class=ham_wasl>ٱ</tajweed><tajweed class=laam_shamsiyah>ل</tajweed><tajweed class=ghunnah>نّ</tajweed>َارِ‌ۖ هُمْ فِيهَا خَ<tajweed class=madda_normal>ـٰ</tajweed>لِد<tajweed class=madda_permissible>ُو</tajweed>نَ <span class=end>٣٦</span>","End":"٣٦","PageNumber":154,"JuzNumber":8,"ManzilNumber":2,"RukuNumber":125,"MaqraNumber":62,"HizbNumber":16,"HizbDecimal":0.25,"HasSajda":false},{"SurahNumber":7,"SurahIndex":"007","VerseNumber":37,"ShowSurahName":false,"ShowBismillah":false,"Text":"فَمَنۡ أَظۡلَمُ مِمَّنِ ٱفۡتَرَىٰ عَلَى ٱللَّهِ كَذِبًا أَوۡ كَذَّبَ بِـَٔايَٰتِهِۦٓۚ أُوْلَـٰٓئِكَ يَنَالُهُمۡ نَصِيبُهُم مِّنَ ٱلۡكِتَٰبِۖ حَتَّىٰٓ إِذَا جَآءَتۡهُمۡ رُسُلُنَا يَتَوَفَّوۡنَهُمۡ قَالُوٓاْ أَيۡنَ مَا كُنتُمۡ تَدۡعُونَ مِن دُونِ ٱللَّهِۖ قَالُواْ ضَلُّواْ عَنَّا وَشَهِدُواْ عَلَىٰٓ أَنفُسِهِمۡ أَنَّهُمۡ كَانُواْ كَٰفِرِينَ","TajweedText":"فَمَنْ أَظْلَمُ مِ<tajweed class=ghunnah>مّ</tajweed>َنِ <tajweed class=ham_wasl>ٱ</tajweed>فْتَرَىٰ عَلَى <tajweed class=ham_wasl>ٱ</tajweed>للَّهِ كَذِبًا أَوْ كَذَّبَ بِـَٔـايَ<tajweed class=madda_normal>ـٰ</tajweed>تِه<tajweed class=madda_obligatory>ِۦٓ‌ۚ</tajweed> أُ<tajweed class=slnt>وْ</tajweed>لَ<tajweed class=madda_obligatory>ـٰٓ</tajweed>ئِكَ يَنَالُهُمْ نَصِيبُه<tajweed class=idgham_shafawi>ُم م</tajweed>ِّنَ <tajweed class=ham_wasl>ٱ</tajweed>لْكِتَ<tajweed class=madda_normal>ـٰ</tajweed>بِ‌ۖ حَتَّ<tajweed class=madda_obligatory>ىٰٓ</tajweed> إِذَا ج<tajweed class=madda_obligatory>َا</tajweed>ٓءَتْهُمْ رُسُلُنَا يَتَوَفَّوْنَهُمْ قَال<tajweed class=madda_obligatory>ُوٓ</tajweed><tajweed class=slnt>اْ</tajweed> أَيْنَ مَا كُ<tajweed class=ikhafa>نت</tajweed>ُمْ تَ<tajweed class=qalaqah>دْ</tajweed>عُونَ مِ<tajweed class=ikhafa>ن د</tajweed>ُونِ <tajweed class=ham_wasl>ٱ</tajweed>للَّهِ‌ۖ قَالُو<tajweed class=slnt>اْ</tajweed> ضَلُّو<tajweed class=slnt>اْ</tajweed> عَ<tajweed class=ghunnah>نّ</tajweed>َا وَشَهِدُو<tajweed class=slnt>اْ</tajweed> عَلَ<tajweed class=madda_obligatory>ىٰٓ</tajweed> أَ<tajweed class=ikhafa>نف</tajweed>ُسِهِمْ أَ<tajweed class=ghunnah>نّ</tajweed>َهُمْ كَانُو<tajweed class=slnt>اْ</tajweed> كَ<tajweed class=madda_normal>ـٰ</tajweed>فِر<tajweed class=madda_permissible>ِي</tajweed>نَ <span class=end>٣٧</span>","End":"٣٧","PageNumber":154,"JuzNumber":8,"ManzilNumber":2,"RukuNumber":125,"MaqraNumber":62,"HizbNumber":16,"HizbDecimal":0.25,"HasSajda":false},{"SurahNumber":7,"SurahIndex":"007","VerseNumber":38,"ShowSurahName":false,"ShowBismillah":false,"Text":"قَالَ ٱدۡخُلُواْ فِيٓ أُمَمٖ قَدۡ خَلَتۡ مِن قَبۡلِكُم مِّنَ ٱلۡجِنِّ وَٱلۡإِنسِ فِي ٱلنَّارِۖ كُلَّمَا دَخَلَتۡ أُمَّةٞ لَّعَنَتۡ أُخۡتَهَاۖ حَتَّىٰٓ إِذَا ٱدَّارَكُواْ فِيهَا جَمِيعٗا قَالَتۡ أُخۡرَىٰهُمۡ لِأُولَىٰهُمۡ رَبَّنَا هَـٰٓؤُلَآءِ أَضَلُّونَا فَـَٔاتِهِمۡ عَذَابٗا ضِعۡفٗا مِّنَ ٱلنَّارِۖ قَالَ لِكُلّٖ ضِعۡفٞ وَلَٰكِن لَّا تَعۡلَمُونَ","TajweedText":"قَالَ <tajweed class=ham_wasl>ٱ</tajweed><tajweed class=qalaqah>دْ</tajweed>خُلُو<tajweed class=slnt>اْ</tajweed> ف<tajweed class=madda_obligatory>ِىٓ</tajweed> أُمَ<tajweed class=ikhafa>مٍ ق</tajweed>َ<tajweed class=qalaqah>دْ</tajweed> خَلَتْ مِ<tajweed class=ikhafa>ن ق</tajweed>َ<tajweed class=qalaqah>بْ</tajweed>لِك<tajweed class=idgham_shafawi>ُم م</tajweed>ِّنَ <tajweed class=ham_wasl>ٱ</tajweed>لْجِ<tajweed class=ghunnah>نّ</tajweed>ِ وَ<tajweed class=ham_wasl>ٱ</tajweed>لْإِ<tajweed class=ikhafa>نس</tajweed>ِ فِى <tajweed class=ham_wasl>ٱ</tajweed><tajweed class=laam_shamsiyah>ل</tajweed><tajweed class=ghunnah>نّ</tajweed>َارِ‌ۖ كُلَّمَا دَخَلَتْ أُ<tajweed class=ghunnah>مّ</tajweed>َ<tajweed class=idgham_wo_ghunnah>ةٌ ل</tajweed>َّعَنَتْ أُخْتَهَا‌ۖ حَتَّ<tajweed class=madda_obligatory>ىٰٓ</tajweed> إِذَا <tajweed class=ham_wasl>ٱ</tajweed>دَّارَكُو<tajweed class=slnt>اْ</tajweed> فِيهَا جَمِي<tajweed class=ikhafa>عًا ق</tajweed>َالَتْ أُخْرَ<tajweed class=madda_normal>ٮٰ</tajweed>هُمْ لِأُولَ<tajweed class=madda_normal>ـٰ</tajweed>هُمْ رَبَّنَا هَ<tajweed class=madda_obligatory>ـٰٓ</tajweed>ؤُل<tajweed class=madda_obligatory>َا</tajweed>ٓءِ أَضَلُّونَا فَـَٔـاتِهِمْ عَذَا<tajweed class=ikhafa>بًا ض</tajweed>ِعْ<tajweed class=idgham_ghunnah>فًا م</tajweed>ِّنَ <tajweed class=ham_wasl>ٱ</tajweed><tajweed class=laam_shamsiyah>ل</tajweed><tajweed class=ghunnah>نّ</tajweed>َارِ‌ۖ قَالَ لِكُ<tajweed class=ikhafa>لٍّ ض</tajweed>ِعْ<tajweed class=idgham_ghunnah>فٌ و</tajweed>َلَ<tajweed class=madda_normal>ـٰ</tajweed>ك<tajweed class=idgham_wo_ghunnah>ِن ل</tajweed>َّا تَعْلَم<tajweed class=madda_permissible>ُو</tajweed>نَ <span class=end>٣٨</span>","End":"٣٨","PageNumber":155,"JuzNumber":8,"ManzilNumber":2,"RukuNumber":125,"MaqraNumber":62,"HizbNumber":16,"HizbDecimal":0.25,"HasSajda":false},{"SurahNumber":7,"SurahIndex":"007","VerseNumber":39,"ShowSurahName":false,"ShowBismillah":false,"Text":"وَقَالَتۡ أُولَىٰهُمۡ لِأُخۡرَىٰهُمۡ فَمَا كَانَ لَكُمۡ عَلَيۡنَا مِن فَضۡلٖ فَذُوقُواْ ٱلۡعَذَابَ بِمَا كُنتُمۡ تَكۡسِبُونَ","TajweedText":"وَقَالَتْ أُولَ<tajweed class=madda_normal>ـٰ</tajweed>هُمْ لِأُخْرَ<tajweed class=madda_normal>ٮٰ</tajweed>هُمْ فَمَا كَانَ لَكُمْ عَلَيْنَا مِ<tajweed class=ikhafa>ن ف</tajweed>َضْ<tajweed class=ikhafa>لٍ ف</tajweed>َذُوقُو<tajweed class=slnt>اْ</tajweed> <tajweed class=ham_wasl>ٱ</tajweed>لْعَذَابَ بِمَا كُ<tajweed class=ikhafa>نت</tajweed>ُمْ تَكْسِب<tajweed class=madda_permissible>ُو</tajweed>نَ <span class=end>٣٩</span>","End":"٣٩","PageNumber":155,"JuzNumber":8,"ManzilNumber":2,"RukuNumber":125,"MaqraNumber":62,"HizbNumber":16,"HizbDecimal":0.25,"HasSajda":false}]}