{"RukuNumber":222,"Verses":[{"SurahNumber":15,"SurahIndex":"015","VerseNumber":61,"ShowSurahName":false,"ShowBismillah":false,"Text":"فَلَمَّا جَآءَ ءَالَ لُوطٍ ٱلۡمُرۡسَلُونَ","TajweedText":"فَلَ<tajweed class=ghunnah>مّ</tajweed>َا ج<tajweed class=madda_obligatory>َا</tajweed>ٓءَ ءَالَ لُوطٍ <tajweed class=ham_wasl>ٱ</tajweed>لْمُرْسَل<tajweed class=madda_permissible>ُو</tajweed>نَ <span class=end>٦١</span>","End":"٦١","PageNumber":265,"JuzNumber":14,"ManzilNumber":3,"RukuNumber":222,"MaqraNumber":106,"HizbNumber":27,"HizbDecimal":0.25,"HasSajda":false},{"SurahNumber":15,"SurahIndex":"015","VerseNumber":62,"ShowSurahName":false,"ShowBismillah":false,"Text":"قَالَ إِنَّكُمۡ قَوۡمٞ مُّنكَرُونَ","TajweedText":"قَالَ إِ<tajweed class=ghunnah>نّ</tajweed>َكُمْ قَوْ<tajweed class=idgham_ghunnah>مٌ م</tajweed>ُّ<tajweed class=ikhafa>نك</tajweed>َر<tajweed class=madda_permissible>ُو</tajweed>نَ <span class=end>٦٢</span>","End":"٦٢","PageNumber":265,"JuzNumber":14,"ManzilNumber":3,"RukuNumber":222,"MaqraNumber":106,"HizbNumber":27,"HizbDecimal":0.25,"HasSajda":false},{"SurahNumber":15,"SurahIndex":"015","VerseNumber":63,"ShowSurahName":false,"ShowBismillah":false,"Text":"قَالُواْ بَلۡ جِئۡنَٰكَ بِمَا كَانُواْ فِيهِ يَمۡتَرُونَ","TajweedText":"قَالُو<tajweed class=slnt>اْ</tajweed> بَلْ جِئْنَ<tajweed class=madda_normal>ـٰ</tajweed>كَ بِمَا كَانُو<tajweed class=slnt>اْ</tajweed> فِيهِ يَمْتَر<tajweed class=madda_permissible>ُو</tajweed>نَ <span class=end>٦٣</span>","End":"٦٣","PageNumber":265,"JuzNumber":14,"ManzilNumber":3,"RukuNumber":222,"MaqraNumber":106,"HizbNumber":27,"HizbDecimal":0.25,"HasSajda":false},{"SurahNumber":15,"SurahIndex":"015","VerseNumber":64,"ShowSurahName":false,"ShowBismillah":false,"Text":"وَأَتَيۡنَٰكَ بِٱلۡحَقِّ وَإِنَّا لَصَٰدِقُونَ","TajweedText":"وَأَتَيْنَ<tajweed class=madda_normal>ـٰ</tajweed>كَ بِ<tajweed class=ham_wasl>ٱ</tajweed>لْحَقِّ وَإِ<tajweed class=ghunnah>نّ</tajweed>َا لَصَ<tajweed class=madda_normal>ـٰ</tajweed>دِق<tajweed class=madda_permissible>ُو</tajweed>نَ <span class=end>٦٤</span>","End":"٦٤","PageNumber":265,"JuzNumber":14,"ManzilNumber":3,"RukuNumber":222,"MaqraNumber":106,"HizbNumber":27,"HizbDecimal":0.25,"HasSajda":false},{"SurahNumber":15,"SurahIndex":"015","VerseNumber":65,"ShowSurahName":false,"ShowBismillah":false,"Text":"فَأَسۡرِ بِأَهۡلِكَ بِقِطۡعٖ مِّنَ ٱلَّيۡلِ وَٱتَّبِعۡ أَدۡبَٰرَهُمۡ وَلَا يَلۡتَفِتۡ مِنكُمۡ أَحَدٞ وَٱمۡضُواْ حَيۡثُ تُؤۡمَرُونَ","TajweedText":"فَأَسْرِ بِأَهْلِكَ بِقِ<tajweed class=qalaqah>طْ</tajweed><tajweed class=idgham_ghunnah>عٍ م</tajweed>ِّنَ <tajweed class=ham_wasl>ٱ</tajweed>لَّيْلِ وَ<tajweed class=ham_wasl>ٱ</tajweed>تَّبِعْ أَ<tajweed class=qalaqah>دْ</tajweed>بَ<tajweed class=madda_normal>ـٰ</tajweed>رَهُمْ وَلَا يَلْتَفِتْ مِ<tajweed class=ikhafa>نك</tajweed>ُمْ أَحَ<tajweed class=idgham_ghunnah>دٌ و</tajweed>َ<tajweed class=ham_wasl>ٱ</tajweed>مْضُو<tajweed class=slnt>اْ</tajweed> حَيْثُ تُؤْمَر<tajweed class=madda_permissible>ُو</tajweed>نَ <span class=end>٦٥</span>","End":"٦٥","PageNumber":265,"JuzNumber":14,"ManzilNumber":3,"RukuNumber":222,"MaqraNumber":106,"HizbNumber":27,"HizbDecimal":0.25,"HasSajda":false},{"SurahNumber":15,"SurahIndex":"015","VerseNumber":66,"ShowSurahName":false,"ShowBismillah":false,"Text":"وَقَضَيۡنَآ إِلَيۡهِ ذَٰلِكَ ٱلۡأَمۡرَ أَنَّ دَابِرَ هَـٰٓؤُلَآءِ مَقۡطُوعٞ مُّصۡبِحِينَ","TajweedText":"وَقَضَيْن<tajweed class=madda_obligatory>َآ</tajweed> إِلَيْهِ ذ<tajweed class=madda_normal>َٲ</tajweed>لِكَ <tajweed class=ham_wasl>ٱ</tajweed>لْأَمْرَ أَ<tajweed class=ghunnah>نّ</tajweed>َ دَابِرَ هَ<tajweed class=madda_obligatory>ـٰٓ</tajweed>ؤُل<tajweed class=madda_obligatory>َا</tajweed>ٓءِ مَ<tajweed class=qalaqah>قْ</tajweed>طُو<tajweed class=idgham_ghunnah>عٌ م</tajweed>ُّصْبِح<tajweed class=madda_permissible>ِي</tajweed>نَ <span class=end>٦٦</span>","End":"٦٦","PageNumber":265,"JuzNumber":14,"ManzilNumber":3,"RukuNumber":222,"MaqraNumber":106,"HizbNumber":27,"HizbDecimal":0.25,"HasSajda":false},{"SurahNumber":15,"SurahIndex":"015","VerseNumber":67,"ShowSurahName":false,"ShowBismillah":false,"Text":"وَجَآءَ أَهۡلُ ٱلۡمَدِينَةِ يَسۡتَبۡشِرُونَ","TajweedText":"وَج<tajweed class=madda_obligatory>َا</tajweed>ٓءَ أَهْلُ <tajweed class=ham_wasl>ٱ</tajweed>لْمَدِينَةِ يَسْتَ<tajweed class=qalaqah>بْ</tajweed>شِر<tajweed class=madda_permissible>ُو</tajweed>نَ <span class=end>٦٧</span>","End":"٦٧","PageNumber":265,"JuzNumber":14,"ManzilNumber":3,"RukuNumber":222,"MaqraNumber":106,"HizbNumber":27,"HizbDecimal":0.25,"HasSajda":false},{"SurahNumber":15,"SurahIndex":"015","VerseNumber":68,"ShowSurahName":false,"ShowBismillah":false,"Text":"قَالَ إِنَّ هَـٰٓؤُلَآءِ ضَيۡفِي فَلَا تَفۡضَحُونِ","TajweedText":"قَالَ إِ<tajweed class=ghunnah>نّ</tajweed>َ هَ<tajweed class=madda_obligatory>ـٰٓ</tajweed>ؤُل<tajweed class=madda_obligatory>َا</tajweed>ٓءِ ضَيْفِى فَلَا تَفْضَح<tajweed class=madda_permissible>ُو</tajweed>نِ <span class=end>٦٨</span>","End":"٦٨","PageNumber":265,"JuzNumber":14,"ManzilNumber":3,"RukuNumber":222,"MaqraNumber":106,"HizbNumber":27,"HizbDecimal":0.25,"HasSajda":false},{"SurahNumber":15,"SurahIndex":"015","VerseNumber":69,"ShowSurahName":false,"ShowBismillah":false,"Text":"وَٱتَّقُواْ ٱللَّهَ وَلَا تُخۡزُونِ","TajweedText":"وَ<tajweed class=ham_wasl>ٱ</tajweed>تَّقُو<tajweed class=slnt>اْ</tajweed> <tajweed class=ham_wasl>ٱ</tajweed>للَّهَ وَلَا تُخْز<tajweed class=madda_permissible>ُو</tajweed>نِ <span class=end>٦٩</span>","End":"٦٩","PageNumber":265,"JuzNumber":14,"ManzilNumber":3,"RukuNumber":222,"MaqraNumber":106,"HizbNumber":27,"HizbDecimal":0.25,"HasSajda":false},{"SurahNumber":15,"SurahIndex":"015","VerseNumber":70,"ShowSurahName":false,"ShowBismillah":false,"Text":"قَالُوٓاْ أَوَلَمۡ نَنۡهَكَ عَنِ ٱلۡعَٰلَمِينَ","TajweedText":"قَال<tajweed class=madda_obligatory>ُوٓ</tajweed><tajweed class=slnt>اْ</tajweed> أَوَلَمْ نَنْهَكَ عَنِ <tajweed class=ham_wasl>ٱ</tajweed>لْعَ<tajweed class=madda_normal>ـٰ</tajweed>لَم<tajweed class=madda_permissible>ِي</tajweed>نَ <span class=end>٧٠</span>","End":"٧٠","PageNumber":265,"JuzNumber":14,"ManzilNumber":3,"RukuNumber":222,"MaqraNumber":106,"HizbNumber":27,"HizbDecimal":0.25,"HasSajda":false},{"SurahNumber":15,"SurahIndex":"015","VerseNumber":71,"ShowSurahName":false,"ShowBismillah":false,"Text":"قَالَ هَـٰٓؤُلَآءِ بَنَاتِيٓ إِن كُنتُمۡ فَٰعِلِينَ","TajweedText":"قَالَ هَ<tajweed class=madda_obligatory>ـٰٓ</tajweed>ؤُل<tajweed class=madda_obligatory>َا</tajweed>ٓءِ بَنَات<tajweed class=madda_obligatory>ِىٓ</tajweed> إِ<tajweed class=ikhafa>ن ك</tajweed>ُ<tajweed class=ikhafa>نت</tajweed>ُمْ فَ<tajweed class=madda_normal>ـٰ</tajweed>عِل<tajweed class=madda_permissible>ِي</tajweed>نَ <span class=end>٧١</span>","End":"٧١","PageNumber":266,"JuzNumber":14,"ManzilNumber":3,"RukuNumber":222,"MaqraNumber":106,"HizbNumber":27,"HizbDecimal":0.25,"HasSajda":false},{"SurahNumber":15,"SurahIndex":"015","VerseNumber":72,"ShowSurahName":false,"ShowBismillah":false,"Text":"لَعَمۡرُكَ إِنَّهُمۡ لَفِي سَكۡرَتِهِمۡ يَعۡمَهُونَ","TajweedText":"لَعَمْرُكَ إِ<tajweed class=ghunnah>نّ</tajweed>َهُمْ لَفِى سَكْرَتِهِمْ يَعْمَه<tajweed class=madda_permissible>ُو</tajweed>نَ <span class=end>٧٢</span>","End":"٧٢","PageNumber":266,"JuzNumber":14,"ManzilNumber":3,"RukuNumber":222,"MaqraNumber":106,"HizbNumber":27,"HizbDecimal":0.25,"HasSajda":false},{"SurahNumber":15,"SurahIndex":"015","VerseNumber":73,"ShowSurahName":false,"ShowBismillah":false,"Text":"فَأَخَذَتۡهُمُ ٱلصَّيۡحَةُ مُشۡرِقِينَ","TajweedText":"فَأَخَذَتْهُمُ <tajweed class=ham_wasl>ٱ</tajweed><tajweed class=laam_shamsiyah>ل</tajweed>صَّيْحَةُ مُشْرِق<tajweed class=madda_permissible>ِي</tajweed>نَ <span class=end>٧٣</span>","End":"٧٣","PageNumber":266,"JuzNumber":14,"ManzilNumber":3,"RukuNumber":222,"MaqraNumber":106,"HizbNumber":27,"HizbDecimal":0.25,"HasSajda":false},{"SurahNumber":15,"SurahIndex":"015","VerseNumber":74,"ShowSurahName":false,"ShowBismillah":false,"Text":"فَجَعَلۡنَا عَٰلِيَهَا سَافِلَهَا وَأَمۡطَرۡنَا عَلَيۡهِمۡ حِجَارَةٗ مِّن سِجِّيلٍ","TajweedText":"فَجَعَلْنَا عَ<tajweed class=madda_normal>ـٰ</tajweed>لِيَهَا سَافِلَهَا وَأَمْطَرْنَا عَلَيْهِمْ حِجَارَ<tajweed class=idgham_ghunnah>ةً م</tajweed>ِّ<tajweed class=ikhafa>ن س</tajweed>ِجّ<tajweed class=madda_permissible>ِي</tajweed>لٍ <span class=end>٧٤</span>","End":"٧٤","PageNumber":266,"JuzNumber":14,"ManzilNumber":3,"RukuNumber":222,"MaqraNumber":106,"HizbNumber":27,"HizbDecimal":0.25,"HasSajda":false},{"SurahNumber":15,"SurahIndex":"015","VerseNumber":75,"ShowSurahName":false,"ShowBismillah":false,"Text":"إِنَّ فِي ذَٰلِكَ لَأٓيَٰتٖ لِّلۡمُتَوَسِّمِينَ","TajweedText":"إِ<tajweed class=ghunnah>نّ</tajweed>َ فِى ذ<tajweed class=madda_normal>َٲ</tajweed>لِكَ لَأَيَ<tajweed class=madda_normal>ـٰ</tajweed><tajweed class=idgham_wo_ghunnah>تٍ ل</tajweed>ِّلْمُتَوَسِّم<tajweed class=madda_permissible>ِي</tajweed>نَ <span class=end>٧٥</span>","End":"٧٥","PageNumber":266,"JuzNumber":14,"ManzilNumber":3,"RukuNumber":222,"MaqraNumber":106,"HizbNumber":27,"HizbDecimal":0.25,"HasSajda":false},{"SurahNumber":15,"SurahIndex":"015","VerseNumber":76,"ShowSurahName":false,"ShowBismillah":false,"Text":"وَإِنَّهَا لَبِسَبِيلٖ مُّقِيمٍ","TajweedText":"وَإِ<tajweed class=ghunnah>نّ</tajweed>َهَا لَبِسَبِي<tajweed class=idgham_ghunnah>لٍ م</tajweed>ُّق<tajweed class=madda_permissible>ِي</tajweed>مٍ <span class=end>٧٦</span>","End":"٧٦","PageNumber":266,"JuzNumber":14,"ManzilNumber":3,"RukuNumber":222,"MaqraNumber":106,"HizbNumber":27,"HizbDecimal":0.25,"HasSajda":false},{"SurahNumber":15,"SurahIndex":"015","VerseNumber":77,"ShowSurahName":false,"ShowBismillah":false,"Text":"إِنَّ فِي ذَٰلِكَ لَأٓيَةٗ لِّلۡمُؤۡمِنِينَ","TajweedText":"إِ<tajweed class=ghunnah>نّ</tajweed>َ فِى ذ<tajweed class=madda_normal>َٲ</tajweed>لِكَ لَأَيَ<tajweed class=idgham_wo_ghunnah>ةً ل</tajweed>ِّلْمُؤْمِن<tajweed class=madda_permissible>ِي</tajweed>نَ <span class=end>٧٧</span>","End":"٧٧","PageNumber":266,"JuzNumber":14,"ManzilNumber":3,"RukuNumber":222,"MaqraNumber":106,"HizbNumber":27,"HizbDecimal":0.25,"HasSajda":false},{"SurahNumber":15,"SurahIndex":"015","VerseNumber":78,"ShowSurahName":false,"ShowBismillah":false,"Text":"وَإِن كَانَ أَصۡحَٰبُ ٱلۡأَيۡكَةِ لَظَٰلِمِينَ","TajweedText":"وَإِ<tajweed class=ikhafa>ن ك</tajweed>َانَ أَصْحَ<tajweed class=madda_normal>ـٰ</tajweed>بُ <tajweed class=ham_wasl>ٱ</tajweed>لْأَيْكَةِ لَظَ<tajweed class=madda_normal>ـٰ</tajweed>لِم<tajweed class=madda_permissible>ِي</tajweed>نَ <span class=end>٧٨</span>","End":"٧٨","PageNumber":266,"JuzNumber":14,"ManzilNumber":3,"RukuNumber":222,"MaqraNumber":106,"HizbNumber":27,"HizbDecimal":0.25,"HasSajda":false},{"SurahNumber":15,"SurahIndex":"015","VerseNumber":79,"ShowSurahName":false,"ShowBismillah":false,"Text":"فَٱنتَقَمۡنَا مِنۡهُمۡ وَإِنَّهُمَا لَبِإِمَامٖ مُّبِينٖ","TajweedText":"فَ<tajweed class=ham_wasl>ٱ</tajweed><tajweed class=ikhafa>نت</tajweed>َقَمْنَا مِنْهُمْ وَإِ<tajweed class=ghunnah>نّ</tajweed>َهُمَا لَبِإِمَا<tajweed class=idgham_ghunnah>مٍ م</tajweed>ُّب<tajweed class=madda_permissible>ِي</tajweed>نٍ <span class=end>٧٩</span>","End":"٧٩","PageNumber":266,"JuzNumber":14,"ManzilNumber":3,"RukuNumber":222,"MaqraNumber":106,"HizbNumber":27,"HizbDecimal":0.25,"HasSajda":false}]}