{"RukuNumber":372,"Verses":[{"SurahNumber":34,"SurahIndex":"034","VerseNumber":22,"ShowSurahName":false,"ShowBismillah":false,"Text":"قُلِ ٱدۡعُواْ ٱلَّذِينَ زَعَمۡتُم مِّن دُونِ ٱللَّهِ لَا يَمۡلِكُونَ مِثۡقَالَ ذَرَّةٖ فِي ٱلسَّمَٰوَٰتِ وَلَا فِي ٱلۡأَرۡضِ وَمَا لَهُمۡ فِيهِمَا مِن شِرۡكٖ وَمَا لَهُۥ مِنۡهُم مِّن ظَهِيرٖ","TajweedText":"قُلِ <tajweed class=ham_wasl>ٱ</tajweed><tajweed class=qalaqah>دْ</tajweed>عُو<tajweed class=slnt>اْ</tajweed> <tajweed class=ham_wasl>ٱ</tajweed>لَّذِينَ زَعَمْت<tajweed class=idgham_shafawi>ُم م</tajweed>ِّ<tajweed class=ikhafa>ن د</tajweed>ُونِ <tajweed class=ham_wasl>ٱ</tajweed>للَّهِۖ لَا يَمْلِكُونَ مِثْقَالَ ذَرَّ<tajweed class=ikhafa>ةٍ ف</tajweed>ِى <tajweed class=ham_wasl>ٱ</tajweed><tajweed class=laam_shamsiyah>ل</tajweed>سَّمَ<tajweed class=madda_normal>ـٰ</tajweed>و<tajweed class=madda_normal>َٲ</tajweed>تِ وَلَا فِى <tajweed class=ham_wasl>ٱ</tajweed>لْأَرْضِ وَمَا لَهُمْ فِيهِمَا مِ<tajweed class=ikhafa>ن ش</tajweed>ِرْ<tajweed class=idgham_ghunnah>كٍ و</tajweed>َمَا لَهُ<tajweed class=madda_normal>ۥ</tajweed> مِنْه<tajweed class=idgham_shafawi>ُم م</tajweed>ِّ<tajweed class=ikhafa>ن ظ</tajweed>َه<tajweed class=madda_permissible>ِي</tajweed>رٍ <span class=end>٢٢</span>","End":"٢٢","PageNumber":430,"JuzNumber":22,"ManzilNumber":5,"RukuNumber":372,"MaqraNumber":172,"HizbNumber":43,"HizbDecimal":0.75,"HasSajda":false},{"SurahNumber":34,"SurahIndex":"034","VerseNumber":23,"ShowSurahName":false,"ShowBismillah":false,"Text":"وَلَا تَنفَعُ ٱلشَّفَٰعَةُ عِندَهُۥٓ إِلَّا لِمَنۡ أَذِنَ لَهُۥۚ حَتَّىٰٓ إِذَا فُزِّعَ عَن قُلُوبِهِمۡ قَالُواْ مَاذَا قَالَ رَبُّكُمۡۖ قَالُواْ ٱلۡحَقَّۖ وَهُوَ ٱلۡعَلِيُّ ٱلۡكَبِيرُ","TajweedText":"وَلَا تَ<tajweed class=ikhafa>نف</tajweed>َعُ <tajweed class=ham_wasl>ٱ</tajweed><tajweed class=laam_shamsiyah>ل</tajweed>شَّفَ<tajweed class=madda_normal>ـٰ</tajweed>عَةُ عِ<tajweed class=ikhafa>ند</tajweed>َهُ<tajweed class=madda_obligatory>ۥٓ</tajweed> إِلَّا لِمَنْ أَذِنَ لَهُۚ<tajweed class=madda_normal>ۥ</tajweed> حَتَّ<tajweed class=madda_obligatory>ىٰٓ</tajweed> إِذَا فُزِّعَ عَ<tajweed class=ikhafa>ن ق</tajweed>ُلُوبِهِمْ قَالُو<tajweed class=slnt>اْ</tajweed> مَاذَا قَالَ رَبُّكُمْۖ قَالُو<tajweed class=slnt>اْ</tajweed> <tajweed class=ham_wasl>ٱ</tajweed>لْحَقَّۖ وَهُوَ <tajweed class=ham_wasl>ٱ</tajweed>لْعَلِىُّ <tajweed class=ham_wasl>ٱ</tajweed>لْكَب<tajweed class=madda_permissible>ِي</tajweed>رُ <span class=end>٢٣</span>","End":"٢٣","PageNumber":431,"JuzNumber":22,"ManzilNumber":5,"RukuNumber":372,"MaqraNumber":172,"HizbNumber":43,"HizbDecimal":0.75,"HasSajda":false},{"SurahNumber":34,"SurahIndex":"034","VerseNumber":24,"ShowSurahName":false,"ShowBismillah":false,"Text":"۞قُلۡ مَن يَرۡزُقُكُم مِّنَ ٱلسَّمَٰوَٰتِ وَٱلۡأَرۡضِۖ قُلِ ٱللَّهُۖ وَإِنَّآ أَوۡ إِيَّاكُمۡ لَعَلَىٰ هُدًى أَوۡ فِي ضَلَٰلٖ مُّبِينٖ","TajweedText":"۞ قُلْ م<tajweed class=idgham_ghunnah>َن ي</tajweed>َرْزُقُك<tajweed class=idgham_shafawi>ُم م</tajweed>ِّنَ <tajweed class=ham_wasl>ٱ</tajweed><tajweed class=laam_shamsiyah>ل</tajweed>سَّمَ<tajweed class=madda_normal>ـٰ</tajweed>و<tajweed class=madda_normal>َٲ</tajweed>تِ وَ<tajweed class=ham_wasl>ٱ</tajweed>لْأَرْضِۖ قُلِ <tajweed class=ham_wasl>ٱ</tajweed>للَّهُۖ وَإِ<tajweed class=ghunnah>نّ</tajweed><tajweed class=madda_obligatory>َآ</tajweed> أَوْ إِيَّاكُمْ لَعَلَىٰ هُدًى أَوْ فِى ضَلَ<tajweed class=madda_normal>ـٰ</tajweed><tajweed class=idgham_ghunnah>لٍ م</tajweed>ُّب<tajweed class=madda_permissible>ِي</tajweed>نٍ <span class=end>٢٤</span>","End":"٢٤","PageNumber":431,"JuzNumber":22,"ManzilNumber":5,"RukuNumber":372,"MaqraNumber":173,"HizbNumber":44,"HizbDecimal":0.0,"HasSajda":false},{"SurahNumber":34,"SurahIndex":"034","VerseNumber":25,"ShowSurahName":false,"ShowBismillah":false,"Text":"قُل لَّا تُسۡـَٔلُونَ عَمَّآ أَجۡرَمۡنَا وَلَا نُسۡـَٔلُ عَمَّا تَعۡمَلُونَ","TajweedText":"قُل لَّا تُسْــَٔلُونَ عَ<tajweed class=ghunnah>مّ</tajweed><tajweed class=madda_obligatory>َآ</tajweed> أَ<tajweed class=qalaqah>جْ</tajweed>رَمْنَا وَلَا نُسْــَٔلُ عَ<tajweed class=ghunnah>مّ</tajweed>َا تَعْمَل<tajweed class=madda_permissible>ُو</tajweed>نَ <span class=end>٢٥</span>","End":"٢٥","PageNumber":431,"JuzNumber":22,"ManzilNumber":5,"RukuNumber":372,"MaqraNumber":173,"HizbNumber":44,"HizbDecimal":0.0,"HasSajda":false},{"SurahNumber":34,"SurahIndex":"034","VerseNumber":26,"ShowSurahName":false,"ShowBismillah":false,"Text":"قُلۡ يَجۡمَعُ بَيۡنَنَا رَبُّنَا ثُمَّ يَفۡتَحُ بَيۡنَنَا بِٱلۡحَقِّ وَهُوَ ٱلۡفَتَّاحُ ٱلۡعَلِيمُ","TajweedText":"قُلْ يَ<tajweed class=qalaqah>جْ</tajweed>مَعُ بَيْنَنَا رَبُّنَا ثُ<tajweed class=ghunnah>مّ</tajweed>َ يَفْتَحُ بَيْنَنَا بِ<tajweed class=ham_wasl>ٱ</tajweed>لْحَقِّ وَهُوَ <tajweed class=ham_wasl>ٱ</tajweed>لْفَتَّاحُ <tajweed class=ham_wasl>ٱ</tajweed>لْعَل<tajweed class=madda_permissible>ِي</tajweed>مُ <span class=end>٢٦</span>","End":"٢٦","PageNumber":431,"JuzNumber":22,"ManzilNumber":5,"RukuNumber":372,"MaqraNumber":173,"HizbNumber":44,"HizbDecimal":0.0,"HasSajda":false},{"SurahNumber":34,"SurahIndex":"034","VerseNumber":27,"ShowSurahName":false,"ShowBismillah":false,"Text":"قُلۡ أَرُونِيَ ٱلَّذِينَ أَلۡحَقۡتُم بِهِۦ شُرَكَآءَۖ كَلَّاۚ بَلۡ هُوَ ٱللَّهُ ٱلۡعَزِيزُ ٱلۡحَكِيمُ","TajweedText":"قُلْ أَرُونِىَ <tajweed class=ham_wasl>ٱ</tajweed>لَّذِينَ أَلْحَ<tajweed class=qalaqah>قْ</tajweed>ت<tajweed class=ikhafa_shafawi>ُم ب</tajweed>ِه<tajweed class=madda_normal>ِۦ</tajweed> شُرَك<tajweed class=madda_obligatory>َا</tajweed>ٓءَۖ كَلَّاۚ بَلْ هُوَ <tajweed class=ham_wasl>ٱ</tajweed>للَّهُ <tajweed class=ham_wasl>ٱ</tajweed>لْعَزِيزُ <tajweed class=ham_wasl>ٱ</tajweed>لْحَك<tajweed class=madda_permissible>ِي</tajweed>مُ <span class=end>٢٧</span>","End":"٢٧","PageNumber":431,"JuzNumber":22,"ManzilNumber":5,"RukuNumber":372,"MaqraNumber":173,"HizbNumber":44,"HizbDecimal":0.0,"HasSajda":false},{"SurahNumber":34,"SurahIndex":"034","VerseNumber":28,"ShowSurahName":false,"ShowBismillah":false,"Text":"وَمَآ أَرۡسَلۡنَٰكَ إِلَّا كَآفَّةٗ لِّلنَّاسِ بَشِيرٗا وَنَذِيرٗا وَلَٰكِنَّ أَكۡثَرَ ٱلنَّاسِ لَا يَعۡلَمُونَ","TajweedText":"وَم<tajweed class=madda_obligatory>َآ</tajweed> أَرْسَلْنَ<tajweed class=madda_normal>ـٰ</tajweed>كَ إِلَّا ك<tajweed class=madda_necessary>َا</tajweed>ٓفَّ<tajweed class=idgham_wo_ghunnah>ةً ل</tajweed>ِّل<tajweed class=ghunnah>نّ</tajweed>َاسِ بَشِي<tajweed class=idgham_ghunnah>رًا و</tajweed>َنَذِي<tajweed class=idgham_ghunnah>رًا و</tajweed>َلَ<tajweed class=madda_normal>ـٰ</tajweed>كِ<tajweed class=ghunnah>نّ</tajweed>َ أَكْثَرَ <tajweed class=ham_wasl>ٱ</tajweed><tajweed class=laam_shamsiyah>ل</tajweed><tajweed class=ghunnah>نّ</tajweed>َاسِ لَا يَعْلَم<tajweed class=madda_permissible>ُو</tajweed>نَ <span class=end>٢٨</span>","End":"٢٨","PageNumber":431,"JuzNumber":22,"ManzilNumber":5,"RukuNumber":372,"MaqraNumber":173,"HizbNumber":44,"HizbDecimal":0.0,"HasSajda":false},{"SurahNumber":34,"SurahIndex":"034","VerseNumber":29,"ShowSurahName":false,"ShowBismillah":false,"Text":"وَيَقُولُونَ مَتَىٰ هَٰذَا ٱلۡوَعۡدُ إِن كُنتُمۡ صَٰدِقِينَ","TajweedText":"وَيَقُولُونَ مَتَىٰ هَ<tajweed class=madda_normal>ـٰ</tajweed>ذَا <tajweed class=ham_wasl>ٱ</tajweed>لْوَعْدُ إِ<tajweed class=ikhafa>ن ك</tajweed>ُ<tajweed class=ikhafa>نت</tajweed>ُمْ صَ<tajweed class=madda_normal>ـٰ</tajweed>دِق<tajweed class=madda_permissible>ِي</tajweed>نَ <span class=end>٢٩</span>","End":"٢٩","PageNumber":431,"JuzNumber":22,"ManzilNumber":5,"RukuNumber":372,"MaqraNumber":173,"HizbNumber":44,"HizbDecimal":0.0,"HasSajda":false},{"SurahNumber":34,"SurahIndex":"034","VerseNumber":30,"ShowSurahName":false,"ShowBismillah":false,"Text":"قُل لَّكُم مِّيعَادُ يَوۡمٖ لَّا تَسۡتَـٔۡخِرُونَ عَنۡهُ سَاعَةٗ وَلَا تَسۡتَقۡدِمُونَ","TajweedText":"قُل لَّك<tajweed class=idgham_shafawi>ُم م</tajweed>ِّيعَادُ يَوْ<tajweed class=idgham_wo_ghunnah>مٍ ل</tajweed>َّا تَسْتَــْٔخِرُونَ عَنْهُ سَاعَ<tajweed class=idgham_ghunnah>ةً و</tajweed>َلَا تَسْتَ<tajweed class=qalaqah>قْ</tajweed>دِم<tajweed class=madda_permissible>ُو</tajweed>نَ <span class=end>٣٠</span>","End":"٣٠","PageNumber":431,"JuzNumber":22,"ManzilNumber":5,"RukuNumber":372,"MaqraNumber":173,"HizbNumber":44,"HizbDecimal":0.0,"HasSajda":false}]}