{"RukuNumber":485,"Verses":[{"SurahNumber":61,"SurahIndex":"061","VerseNumber":10,"ShowSurahName":false,"ShowBismillah":false,"Text":"يَـٰٓأَيُّهَا ٱلَّذِينَ ءَامَنُواْ هَلۡ أَدُلُّكُمۡ عَلَىٰ تِجَٰرَةٖ تُنجِيكُم مِّنۡ عَذَابٍ أَلِيمٖ","TajweedText":"يَ<tajweed class=madda_obligatory>ـٰٓ</tajweed>أَيُّهَا <tajweed class=ham_wasl>ٱ</tajweed>لَّذِينَ ءَامَنُو<tajweed class=slnt>اْ</tajweed> هَلْ أَدُلُّكُمْ عَلَىٰ تِجَ<tajweed class=madda_normal>ـٰ</tajweed>رَ<tajweed class=ikhafa>ةٍ ت</tajweed>ُ<tajweed class=ikhafa>نج</tajweed>ِيك<tajweed class=idgham_shafawi>ُم م</tajweed>ِّنْ عَذَابٍ أَل<tajweed class=madda_permissible>ِي</tajweed>مٍ <span class=end>١٠</span>","End":"١٠","PageNumber":552,"JuzNumber":28,"ManzilNumber":7,"RukuNumber":485,"MaqraNumber":220,"HizbNumber":55,"HizbDecimal":0.75,"HasSajda":false},{"SurahNumber":61,"SurahIndex":"061","VerseNumber":11,"ShowSurahName":false,"ShowBismillah":false,"Text":"تُؤۡمِنُونَ بِٱللَّهِ وَرَسُولِهِۦ وَتُجَٰهِدُونَ فِي سَبِيلِ ٱللَّهِ بِأَمۡوَٰلِكُمۡ وَأَنفُسِكُمۡۚ ذَٰلِكُمۡ خَيۡرٞ لَّكُمۡ إِن كُنتُمۡ تَعۡلَمُونَ","TajweedText":"تُؤْمِنُونَ بِ<tajweed class=ham_wasl>ٱ</tajweed>للَّهِ وَرَسُولِه<tajweed class=madda_normal>ِۦ</tajweed> وَتُجَ<tajweed class=madda_normal>ـٰ</tajweed>هِدُونَ فِى سَبِيلِ <tajweed class=ham_wasl>ٱ</tajweed>للَّهِ بِأَمْو<tajweed class=madda_normal>َٲ</tajweed>لِكُمْ وَأَ<tajweed class=ikhafa>نف</tajweed>ُسِكُمْ‌ۚ ذ<tajweed class=madda_normal>َٲ</tajweed>لِكُمْ خَيْ<tajweed class=idgham_wo_ghunnah>رٌ ل</tajweed>َّكُمْ إِ<tajweed class=ikhafa>ن ك</tajweed>ُ<tajweed class=ikhafa>نت</tajweed>ُمْ تَعْلَم<tajweed class=madda_permissible>ُو</tajweed>نَ <span class=end>١١</span>","End":"١١","PageNumber":552,"JuzNumber":28,"ManzilNumber":7,"RukuNumber":485,"MaqraNumber":220,"HizbNumber":55,"HizbDecimal":0.75,"HasSajda":false},{"SurahNumber":61,"SurahIndex":"061","VerseNumber":12,"ShowSurahName":false,"ShowBismillah":false,"Text":"يَغۡفِرۡ لَكُمۡ ذُنُوبَكُمۡ وَيُدۡخِلۡكُمۡ جَنَّـٰتٖ تَجۡرِي مِن تَحۡتِهَا ٱلۡأَنۡهَٰرُ وَمَسَٰكِنَ طَيِّبَةٗ فِي جَنَّـٰتِ عَدۡنٖۚ ذَٰلِكَ ٱلۡفَوۡزُ ٱلۡعَظِيمُ","TajweedText":"يَغْفِرْ لَكُمْ ذُنُوبَكُمْ وَيُ<tajweed class=qalaqah>دْ</tajweed>خِلْكُمْ جَ<tajweed class=ghunnah>نّ</tajweed>َ<tajweed class=madda_normal>ـٰ</tajweed><tajweed class=ikhafa>تٍ ت</tajweed>َ<tajweed class=qalaqah>جْ</tajweed>رِى مِ<tajweed class=ikhafa>ن ت</tajweed>َحْتِهَا <tajweed class=ham_wasl>ٱ</tajweed>لْأَنْهَ<tajweed class=madda_normal>ـٰ</tajweed>رُ وَمَسَ<tajweed class=madda_normal>ـٰ</tajweed>كِنَ طَيِّبَ<tajweed class=ikhafa>ةً ف</tajweed>ِى جَ<tajweed class=ghunnah>نّ</tajweed>َ<tajweed class=madda_normal>ـٰ</tajweed>تِ عَ<tajweed class=qalaqah>دْ</tajweed><tajweed class=ikhafa>نٍ‌ۚ ذ</tajweed><tajweed class=madda_normal>َٲ</tajweed>لِكَ <tajweed class=ham_wasl>ٱ</tajweed>لْفَوْزُ <tajweed class=ham_wasl>ٱ</tajweed>لْعَظ<tajweed class=madda_permissible>ِي</tajweed>مُ <span class=end>١٢</span>","End":"١٢","PageNumber":552,"JuzNumber":28,"ManzilNumber":7,"RukuNumber":485,"MaqraNumber":220,"HizbNumber":55,"HizbDecimal":0.75,"HasSajda":false},{"SurahNumber":61,"SurahIndex":"061","VerseNumber":13,"ShowSurahName":false,"ShowBismillah":false,"Text":"وَأُخۡرَىٰ تُحِبُّونَهَاۖ نَصۡرٞ مِّنَ ٱللَّهِ وَفَتۡحٞ قَرِيبٞۗ وَبَشِّرِ ٱلۡمُؤۡمِنِينَ","TajweedText":"وَأُخْرَىٰ تُحِبُّونَهَا‌ۖ نَصْ<tajweed class=idgham_ghunnah>رٌ م</tajweed>ِّنَ <tajweed class=ham_wasl>ٱ</tajweed>للَّهِ وَفَتْ<tajweed class=ikhafa>حٌ ق</tajweed>َرِي<tajweed class=idgham_ghunnah>بٌ‌ۗ و</tajweed>َبَشِّرِ <tajweed class=ham_wasl>ٱ</tajweed>لْمُؤْمِن<tajweed class=madda_permissible>ِي</tajweed>نَ <span class=end>١٣</span>","End":"١٣","PageNumber":552,"JuzNumber":28,"ManzilNumber":7,"RukuNumber":485,"MaqraNumber":220,"HizbNumber":55,"HizbDecimal":0.75,"HasSajda":false},{"SurahNumber":61,"SurahIndex":"061","VerseNumber":14,"ShowSurahName":false,"ShowBismillah":false,"Text":"يَـٰٓأَيُّهَا ٱلَّذِينَ ءَامَنُواْ كُونُوٓاْ أَنصَارَ ٱللَّهِ كَمَا قَالَ عِيسَى ٱبۡنُ مَرۡيَمَ لِلۡحَوَارِيِّـۧنَ مَنۡ أَنصَارِيٓ إِلَى ٱللَّهِۖ قَالَ ٱلۡحَوَارِيُّونَ نَحۡنُ أَنصَارُ ٱللَّهِۖ فَـَٔامَنَت طَّآئِفَةٞ مِّنۢ بَنِيٓ إِسۡرَـٰٓءِيلَ وَكَفَرَت طَّآئِفَةٞۖ فَأَيَّدۡنَا ٱلَّذِينَ ءَامَنُواْ عَلَىٰ عَدُوِّهِمۡ فَأَصۡبَحُواْ ظَٰهِرِينَ","TajweedText":"يَ<tajweed class=madda_obligatory>ـٰٓ</tajweed>أَيُّهَا <tajweed class=ham_wasl>ٱ</tajweed>لَّذِينَ ءَامَنُو<tajweed class=slnt>اْ</tajweed> كُون<tajweed class=madda_obligatory>ُوٓ</tajweed><tajweed class=slnt>اْ</tajweed> أَ<tajweed class=ikhafa>نص</tajweed>َارَ <tajweed class=ham_wasl>ٱ</tajweed>للَّهِ كَمَا قَالَ عِيسَى <tajweed class=ham_wasl>ٱ</tajweed><tajweed class=qalaqah>بْ</tajweed>نُ مَرْيَمَ لِلْحَوَارِيِّـ<tajweed class=madda_normal>ـۧ</tajweed>نَ مَنْ أَ<tajweed class=ikhafa>نص</tajweed>َار<tajweed class=madda_obligatory>ِىٓ</tajweed> إِلَى <tajweed class=ham_wasl>ٱ</tajweed>للَّهِ‌ۖ قَالَ <tajweed class=ham_wasl>ٱ</tajweed>لْحَوَارِيُّونَ نَحْنُ أَ<tajweed class=ikhafa>نص</tajweed>َارُ <tajweed class=ham_wasl>ٱ</tajweed>للَّهِ‌ۖ فَـَٔـامَنَ<tajweed class=idgham_mutajanisayn>ت</tajweed> طّ<tajweed class=madda_obligatory>َا</tajweed>ٓئِفَ<tajweed class=idgham_ghunnah>ةٌ م</tajweed>ّ<tajweed class=iqlab>ِنۢ ب</tajweed>َن<tajweed class=madda_obligatory>ِىٓ</tajweed> إِسْر<tajweed class=madda_obligatory>َٲ</tajweed>ٓءِيلَ وَكَفَرَ<tajweed class=idgham_mutajanisayn>ت</tajweed> طّ<tajweed class=madda_obligatory>َا</tajweed>ٓئِفَ<tajweed class=ikhafa>ةٌ‌ۖ ف</tajweed>َأَيَّ<tajweed class=qalaqah>دْ</tajweed>نَا <tajweed class=ham_wasl>ٱ</tajweed>لَّذِينَ ءَامَنُو<tajweed class=slnt>اْ</tajweed> عَلَىٰ عَدُوِّهِمْ فَأَصْبَحُو<tajweed class=slnt>اْ</tajweed> ظَ<tajweed class=madda_normal>ـٰ</tajweed>هِر<tajweed class=madda_permissible>ِي</tajweed>نَ <span class=end>١٤</span>","End":"١٤","PageNumber":552,"JuzNumber":28,"ManzilNumber":7,"RukuNumber":485,"MaqraNumber":220,"HizbNumber":55,"HizbDecimal":0.75,"HasSajda":false}]}