{"RukuNumber":35,"Verses":[{"SurahNumber":2,"SurahIndex":"002","VerseNumber":254,"ShowSurahName":false,"ShowBismillah":false,"Text":"يَـٰٓأَيُّهَا ٱلَّذِينَ ءَامَنُوٓاْ أَنفِقُواْ مِمَّا رَزَقۡنَٰكُم مِّن قَبۡلِ أَن يَأۡتِيَ يَوۡمٞ لَّا بَيۡعٞ فِيهِ وَلَا خُلَّةٞ وَلَا شَفَٰعَةٞۗ وَٱلۡكَٰفِرُونَ هُمُ ٱلظَّـٰلِمُونَ","TajweedText":"يَ<tajweed class=madda_obligatory>ـٰٓ</tajweed>أَيُّهَا <tajweed class=ham_wasl>ٱ</tajweed>لَّذِينَ ءَامَن<tajweed class=madda_obligatory>ُوٓ</tajweed><tajweed class=slnt>اْ</tajweed> أَ<tajweed class=ikhafa>نف</tajweed>ِقُو<tajweed class=slnt>اْ</tajweed> مِ<tajweed class=ghunnah>مّ</tajweed>َا رَزَ<tajweed class=qalaqah>قْ</tajweed>نَ<tajweed class=madda_normal>ـٰ</tajweed>ك<tajweed class=idgham_shafawi>ُم م</tajweed>ِّ<tajweed class=ikhafa>ن ق</tajweed>َ<tajweed class=qalaqah>بْ</tajweed>لِ أ<tajweed class=idgham_ghunnah>َن ي</tajweed>َأْتِىَ يَوْ<tajweed class=idgham_wo_ghunnah>مٌ ل</tajweed>َّا بَيْ<tajweed class=ikhafa>عٌ ف</tajweed>ِيهِ وَلَا خُلَّ<tajweed class=idgham_ghunnah>ةٌ و</tajweed>َلَا شَفَ<tajweed class=madda_normal>ـٰ</tajweed>عَ<tajweed class=idgham_ghunnah>ةٌ‌ۗ و</tajweed>َ<tajweed class=ham_wasl>ٱ</tajweed>لْكَ<tajweed class=madda_normal>ـٰ</tajweed>فِرُونَ هُمُ <tajweed class=ham_wasl>ٱ</tajweed><tajweed class=laam_shamsiyah>ل</tajweed>ظَّ<tajweed class=madda_normal>ـٰ</tajweed>لِم<tajweed class=madda_permissible>ُو</tajweed>نَ <span class=end>٢٥٤</span>","End":"٢٥٤","PageNumber":42,"JuzNumber":3,"ManzilNumber":1,"RukuNumber":35,"MaqraNumber":17,"HizbNumber":5,"HizbDecimal":0.0,"HasSajda":false},{"SurahNumber":2,"SurahIndex":"002","VerseNumber":255,"ShowSurahName":false,"ShowBismillah":false,"Text":"ٱللَّهُ لَآ إِلَٰهَ إِلَّا هُوَ ٱلۡحَيُّ ٱلۡقَيُّومُۚ لَا تَأۡخُذُهُۥ سِنَةٞ وَلَا نَوۡمٞۚ لَّهُۥ مَا فِي ٱلسَّمَٰوَٰتِ وَمَا فِي ٱلۡأَرۡضِۗ مَن ذَا ٱلَّذِي يَشۡفَعُ عِندَهُۥٓ إِلَّا بِإِذۡنِهِۦۚ يَعۡلَمُ مَا بَيۡنَ أَيۡدِيهِمۡ وَمَا خَلۡفَهُمۡۖ وَلَا يُحِيطُونَ بِشَيۡءٖ مِّنۡ عِلۡمِهِۦٓ إِلَّا بِمَا شَآءَۚ وَسِعَ كُرۡسِيُّهُ ٱلسَّمَٰوَٰتِ وَٱلۡأَرۡضَۖ وَلَا يَـُٔودُهُۥ حِفۡظُهُمَاۚ وَهُوَ ٱلۡعَلِيُّ ٱلۡعَظِيمُ","TajweedText":"ٱللَّهُ ل<tajweed class=madda_obligatory>َآ</tajweed> إِلَ<tajweed class=madda_normal>ـٰ</tajweed>هَ إِلَّا هُوَ <tajweed class=ham_wasl>ٱ</tajweed>لْحَىُّ <tajweed class=ham_wasl>ٱ</tajweed>لْقَيُّومُ‌ۚ لَا تَأْخُذُهُ<tajweed class=madda_normal>ۥ</tajweed> سِنَ<tajweed class=idgham_ghunnah>ةٌ و</tajweed>َلَا نَوْ<tajweed class=idgham_wo_ghunnah>مٌ‌ۚ ل</tajweed>َّهُ<tajweed class=madda_normal>ۥ</tajweed> مَا فِى <tajweed class=ham_wasl>ٱ</tajweed><tajweed class=laam_shamsiyah>ل</tajweed>سَّمَ<tajweed class=madda_normal>ـٰ</tajweed>و<tajweed class=madda_normal>َٲ</tajweed>تِ وَمَا فِى <tajweed class=ham_wasl>ٱ</tajweed>لْأَرْضِ‌ۗ مَ<tajweed class=ikhafa>ن ذ</tajweed>َا <tajweed class=ham_wasl>ٱ</tajweed>لَّذِى يَشْفَعُ عِ<tajweed class=ikhafa>ند</tajweed>َهُ<tajweed class=madda_obligatory>ۥٓ</tajweed> إِلَّا بِإِذْنِه<tajweed class=madda_normal>ِۦ</tajweed>‌ۚ يَعْلَمُ مَا بَيْنَ أَيْدِيهِمْ وَمَا خَلْفَهُمْ‌ۖ وَلَا يُحِيطُونَ بِش<tajweed class=idgham_ghunnah>َىْءٍ م</tajweed>ِّنْ عِلْمِه<tajweed class=madda_obligatory>ِۦٓ</tajweed> إِلَّا بِمَا ش<tajweed class=madda_obligatory>َا</tajweed>ٓءَ‌ۚ وَسِعَ كُرْسِيُّهُ <tajweed class=ham_wasl>ٱ</tajweed><tajweed class=laam_shamsiyah>ل</tajweed>سَّمَ<tajweed class=madda_normal>ـٰ</tajweed>و<tajweed class=madda_normal>َٲ</tajweed>تِ وَ<tajweed class=ham_wasl>ٱ</tajweed>لْأَرْضَ‌ۖ وَلَا يَــُٔودُهُ<tajweed class=madda_normal>ۥ</tajweed> حِفْظُهُمَا‌ۚ وَهُوَ <tajweed class=ham_wasl>ٱ</tajweed>لْعَلِىُّ <tajweed class=ham_wasl>ٱ</tajweed>لْعَظ<tajweed class=madda_permissible>ِي</tajweed>مُ <span class=end>٢٥٥</span>","End":"٢٥٥","PageNumber":42,"JuzNumber":3,"ManzilNumber":1,"RukuNumber":35,"MaqraNumber":17,"HizbNumber":5,"HizbDecimal":0.0,"HasSajda":false},{"SurahNumber":2,"SurahIndex":"002","VerseNumber":256,"ShowSurahName":false,"ShowBismillah":false,"Text":"لَآ إِكۡرَاهَ فِي ٱلدِّينِۖ قَد تَّبَيَّنَ ٱلرُّشۡدُ مِنَ ٱلۡغَيِّۚ فَمَن يَكۡفُرۡ بِٱلطَّـٰغُوتِ وَيُؤۡمِنۢ بِٱللَّهِ فَقَدِ ٱسۡتَمۡسَكَ بِٱلۡعُرۡوَةِ ٱلۡوُثۡقَىٰ لَا ٱنفِصَامَ لَهَاۗ وَٱللَّهُ سَمِيعٌ عَلِيمٌ","TajweedText":"ل<tajweed class=madda_obligatory>َآ</tajweed> إِكْرَاهَ فِى <tajweed class=ham_wasl>ٱ</tajweed><tajweed class=laam_shamsiyah>ل</tajweed>دِّينِ‌ۖ قَ<tajweed class=idgham_mutajanisayn>د</tajweed> تَّبَيَّنَ <tajweed class=ham_wasl>ٱ</tajweed><tajweed class=laam_shamsiyah>ل</tajweed>رُّشْدُ مِنَ <tajweed class=ham_wasl>ٱ</tajweed>لْغَىِّ‌ۚ فَم<tajweed class=idgham_ghunnah>َن ي</tajweed>َكْفُرْ بِ<tajweed class=ham_wasl>ٱ</tajweed><tajweed class=laam_shamsiyah>ل</tajweed>طَّ<tajweed class=madda_normal>ـٰ</tajweed>غُوتِ وَيُؤْم<tajweed class=iqlab>ِنۢ ب</tajweed>ِ<tajweed class=ham_wasl>ٱ</tajweed>للَّهِ فَقَدِ <tajweed class=ham_wasl>ٱ</tajweed>سْتَمْسَكَ بِ<tajweed class=ham_wasl>ٱ</tajweed>لْعُرْوَةِ <tajweed class=ham_wasl>ٱ</tajweed>لْوُثْقَىٰ لَا <tajweed class=ham_wasl>ٱ</tajweed><tajweed class=ikhafa>نف</tajweed>ِصَامَ لَهَا‌ۗ وَ<tajweed class=ham_wasl>ٱ</tajweed>للَّهُ سَمِيعٌ عَل<tajweed class=madda_permissible>ِي</tajweed>مٌ <span class=end>٢٥٦</span>","End":"٢٥٦","PageNumber":42,"JuzNumber":3,"ManzilNumber":1,"RukuNumber":35,"MaqraNumber":17,"HizbNumber":5,"HizbDecimal":0.0,"HasSajda":false},{"SurahNumber":2,"SurahIndex":"002","VerseNumber":257,"ShowSurahName":false,"ShowBismillah":false,"Text":"ٱللَّهُ وَلِيُّ ٱلَّذِينَ ءَامَنُواْ يُخۡرِجُهُم مِّنَ ٱلظُّلُمَٰتِ إِلَى ٱلنُّورِۖ وَٱلَّذِينَ كَفَرُوٓاْ أَوۡلِيَآؤُهُمُ ٱلطَّـٰغُوتُ يُخۡرِجُونَهُم مِّنَ ٱلنُّورِ إِلَى ٱلظُّلُمَٰتِۗ أُوْلَـٰٓئِكَ أَصۡحَٰبُ ٱلنَّارِۖ هُمۡ فِيهَا خَٰلِدُونَ","TajweedText":"ٱللَّهُ وَلِىُّ <tajweed class=ham_wasl>ٱ</tajweed>لَّذِينَ ءَامَنُو<tajweed class=slnt>اْ</tajweed> يُخْرِجُه<tajweed class=idgham_shafawi>ُم م</tajweed>ِّنَ <tajweed class=ham_wasl>ٱ</tajweed><tajweed class=laam_shamsiyah>ل</tajweed>ظُّلُمَ<tajweed class=madda_normal>ـٰ</tajweed>تِ إِلَى <tajweed class=ham_wasl>ٱ</tajweed><tajweed class=laam_shamsiyah>ل</tajweed><tajweed class=ghunnah>نّ</tajweed>ُورِ‌ۖ وَ<tajweed class=ham_wasl>ٱ</tajweed>لَّذِينَ كَفَر<tajweed class=madda_obligatory>ُوٓ</tajweed><tajweed class=slnt>اْ</tajweed> أَوْلِي<tajweed class=madda_obligatory>َا</tajweed>ٓؤُهُمُ <tajweed class=ham_wasl>ٱ</tajweed><tajweed class=laam_shamsiyah>ل</tajweed>طَّ<tajweed class=madda_normal>ـٰ</tajweed>غُوتُ يُخْرِجُونَه<tajweed class=idgham_shafawi>ُم م</tajweed>ِّنَ <tajweed class=ham_wasl>ٱ</tajweed><tajweed class=laam_shamsiyah>ل</tajweed><tajweed class=ghunnah>نّ</tajweed>ُورِ إِلَى <tajweed class=ham_wasl>ٱ</tajweed><tajweed class=laam_shamsiyah>ل</tajweed>ظُّلُمَ<tajweed class=madda_normal>ـٰ</tajweed>تِ‌ۗ أُ<tajweed class=slnt>وْ</tajweed>لَ<tajweed class=madda_obligatory>ـٰٓ</tajweed>ئِكَ أَصْحَ<tajweed class=madda_normal>ـٰ</tajweed>بُ <tajweed class=ham_wasl>ٱ</tajweed><tajweed class=laam_shamsiyah>ل</tajweed><tajweed class=ghunnah>نّ</tajweed>َارِ‌ۖ هُمْ فِيهَا خَ<tajweed class=madda_normal>ـٰ</tajweed>لِد<tajweed class=madda_permissible>ُو</tajweed>نَ <span class=end>٢٥٧</span>","End":"٢٥٧","PageNumber":43,"JuzNumber":3,"ManzilNumber":1,"RukuNumber":35,"MaqraNumber":17,"HizbNumber":5,"HizbDecimal":0.0,"HasSajda":false}]}