{"RukuNumber":483,"Verses":[{"SurahNumber":60,"SurahIndex":"060","VerseNumber":7,"ShowSurahName":false,"ShowBismillah":false,"Text":"۞عَسَى ٱللَّهُ أَن يَجۡعَلَ بَيۡنَكُمۡ وَبَيۡنَ ٱلَّذِينَ عَادَيۡتُم مِّنۡهُم مَّوَدَّةٗۚ وَٱللَّهُ قَدِيرٞۚ وَٱللَّهُ غَفُورٞ رَّحِيمٞ","TajweedText":"۞ عَسَى <tajweed class=ham_wasl>ٱ</tajweed>للَّهُ أ<tajweed class=idgham_ghunnah>َن ي</tajweed>َ<tajweed class=qalaqah>جْ</tajweed>عَلَ بَيْنَكُمْ وَبَيْنَ <tajweed class=ham_wasl>ٱ</tajweed>لَّذِينَ عَادَيْت<tajweed class=idgham_shafawi>ُم م</tajweed>ِّنْه<tajweed class=idgham_shafawi>ُم م</tajweed>َّوَدَّ<tajweed class=idgham_ghunnah>ةً‌ۚ و</tajweed>َ<tajweed class=ham_wasl>ٱ</tajweed>للَّهُ قَدِي<tajweed class=idgham_ghunnah>رٌ‌ۚ و</tajweed>َ<tajweed class=ham_wasl>ٱ</tajweed>للَّهُ غَفُو<tajweed class=idgham_wo_ghunnah>رٌ ر</tajweed>َّح<tajweed class=madda_permissible>ِي</tajweed>مٌ <span class=end>٧</span>","End":"٧","PageNumber":550,"JuzNumber":28,"ManzilNumber":7,"RukuNumber":483,"MaqraNumber":220,"HizbNumber":55,"HizbDecimal":0.75,"HasSajda":false},{"SurahNumber":60,"SurahIndex":"060","VerseNumber":8,"ShowSurahName":false,"ShowBismillah":false,"Text":"لَّا يَنۡهَىٰكُمُ ٱللَّهُ عَنِ ٱلَّذِينَ لَمۡ يُقَٰتِلُوكُمۡ فِي ٱلدِّينِ وَلَمۡ يُخۡرِجُوكُم مِّن دِيَٰرِكُمۡ أَن تَبَرُّوهُمۡ وَتُقۡسِطُوٓاْ إِلَيۡهِمۡۚ إِنَّ ٱللَّهَ يُحِبُّ ٱلۡمُقۡسِطِينَ","TajweedText":"لَّا يَنْهَ<tajweed class=madda_normal>ـٰ</tajweed>كُمُ <tajweed class=ham_wasl>ٱ</tajweed>للَّهُ عَنِ <tajweed class=ham_wasl>ٱ</tajweed>لَّذِينَ لَمْ يُقَ<tajweed class=madda_normal>ـٰ</tajweed>تِلُوكُمْ فِى <tajweed class=ham_wasl>ٱ</tajweed><tajweed class=laam_shamsiyah>ل</tajweed>دِّينِ وَلَمْ يُخْرِجُوك<tajweed class=idgham_shafawi>ُم م</tajweed>ِّ<tajweed class=ikhafa>ن د</tajweed>ِيَ<tajweed class=madda_normal>ـٰ</tajweed>رِكُمْ أَ<tajweed class=ikhafa>ن ت</tajweed>َبَرُّوهُمْ وَتُ<tajweed class=qalaqah>قْ</tajweed>سِط<tajweed class=madda_obligatory>ُوٓ</tajweed><tajweed class=slnt>اْ</tajweed> إِلَيْهِمْ‌ۚ إِ<tajweed class=ghunnah>نّ</tajweed>َ <tajweed class=ham_wasl>ٱ</tajweed>للَّهَ يُحِبُّ <tajweed class=ham_wasl>ٱ</tajweed>لْمُ<tajweed class=qalaqah>قْ</tajweed>سِط<tajweed class=madda_permissible>ِي</tajweed>نَ <span class=end>٨</span>","End":"٨","PageNumber":550,"JuzNumber":28,"ManzilNumber":7,"RukuNumber":483,"MaqraNumber":220,"HizbNumber":55,"HizbDecimal":0.75,"HasSajda":false},{"SurahNumber":60,"SurahIndex":"060","VerseNumber":9,"ShowSurahName":false,"ShowBismillah":false,"Text":"إِنَّمَا يَنۡهَىٰكُمُ ٱللَّهُ عَنِ ٱلَّذِينَ قَٰتَلُوكُمۡ فِي ٱلدِّينِ وَأَخۡرَجُوكُم مِّن دِيَٰرِكُمۡ وَظَٰهَرُواْ عَلَىٰٓ إِخۡرَاجِكُمۡ أَن تَوَلَّوۡهُمۡۚ وَمَن يَتَوَلَّهُمۡ فَأُوْلَـٰٓئِكَ هُمُ ٱلظَّـٰلِمُونَ","TajweedText":"إِ<tajweed class=ghunnah>نّ</tajweed>َمَا يَنْهَ<tajweed class=madda_normal>ـٰ</tajweed>كُمُ <tajweed class=ham_wasl>ٱ</tajweed>للَّهُ عَنِ <tajweed class=ham_wasl>ٱ</tajweed>لَّذِينَ قَ<tajweed class=madda_normal>ـٰ</tajweed>تَلُوكُمْ فِى <tajweed class=ham_wasl>ٱ</tajweed><tajweed class=laam_shamsiyah>ل</tajweed>دِّينِ وَأَخْرَجُوك<tajweed class=idgham_shafawi>ُم م</tajweed>ِّ<tajweed class=ikhafa>ن د</tajweed>ِيَ<tajweed class=madda_normal>ـٰ</tajweed>رِكُمْ وَظَ<tajweed class=madda_normal>ـٰ</tajweed>هَرُو<tajweed class=slnt>اْ</tajweed> عَلَ<tajweed class=madda_obligatory>ىٰٓ</tajweed> إِخْرَاجِكُمْ أَ<tajweed class=ikhafa>ن ت</tajweed>َوَلَّوْهُمْ‌ۚ وَم<tajweed class=idgham_ghunnah>َن ي</tajweed>َتَوَلَّهُمْ فَأُ<tajweed class=slnt>وْ</tajweed>لَ<tajweed class=madda_obligatory>ـٰٓ</tajweed>ئِكَ هُمُ <tajweed class=ham_wasl>ٱ</tajweed><tajweed class=laam_shamsiyah>ل</tajweed>ظَّ<tajweed class=madda_normal>ـٰ</tajweed>لِم<tajweed class=madda_permissible>ُو</tajweed>نَ <span class=end>٩</span>","End":"٩","PageNumber":550,"JuzNumber":28,"ManzilNumber":7,"RukuNumber":483,"MaqraNumber":220,"HizbNumber":55,"HizbDecimal":0.75,"HasSajda":false},{"SurahNumber":60,"SurahIndex":"060","VerseNumber":10,"ShowSurahName":false,"ShowBismillah":false,"Text":"يَـٰٓأَيُّهَا ٱلَّذِينَ ءَامَنُوٓاْ إِذَا جَآءَكُمُ ٱلۡمُؤۡمِنَٰتُ مُهَٰجِرَٰتٖ فَٱمۡتَحِنُوهُنَّۖ ٱللَّهُ أَعۡلَمُ بِإِيمَٰنِهِنَّۖ فَإِنۡ عَلِمۡتُمُوهُنَّ مُؤۡمِنَٰتٖ فَلَا تَرۡجِعُوهُنَّ إِلَى ٱلۡكُفَّارِۖ لَا هُنَّ حِلّٞ لَّهُمۡ وَلَا هُمۡ يَحِلُّونَ لَهُنَّۖ وَءَاتُوهُم مَّآ أَنفَقُواْۚ وَلَا جُنَاحَ عَلَيۡكُمۡ أَن تَنكِحُوهُنَّ إِذَآ ءَاتَيۡتُمُوهُنَّ أُجُورَهُنَّۚ وَلَا تُمۡسِكُواْ بِعِصَمِ ٱلۡكَوَافِرِ وَسۡـَٔلُواْ مَآ أَنفَقۡتُمۡ وَلۡيَسۡـَٔلُواْ مَآ أَنفَقُواْۚ ذَٰلِكُمۡ حُكۡمُ ٱللَّهِ يَحۡكُمُ بَيۡنَكُمۡۖ وَٱللَّهُ عَلِيمٌ حَكِيمٞ","TajweedText":"يَ<tajweed class=madda_obligatory>ـٰٓ</tajweed>أَيُّهَا <tajweed class=ham_wasl>ٱ</tajweed>لَّذِينَ ءَامَن<tajweed class=madda_obligatory>ُوٓ</tajweed><tajweed class=slnt>اْ</tajweed> إِذَا ج<tajweed class=madda_obligatory>َا</tajweed>ٓءَكُمُ <tajweed class=ham_wasl>ٱ</tajweed>لْمُؤْمِنَ<tajweed class=madda_normal>ـٰ</tajweed>تُ مُهَ<tajweed class=madda_normal>ـٰ</tajweed>جِر<tajweed class=madda_normal>َٲ</tajweed><tajweed class=ikhafa>تٍ ف</tajweed>َ<tajweed class=ham_wasl>ٱ</tajweed>مْتَحِنُوهُ<tajweed class=ghunnah>نّ</tajweed>َ‌ۖ <tajweed class=ham_wasl>ٱ</tajweed>للَّهُ أَعْلَمُ بِإِيمَ<tajweed class=madda_normal>ـٰ</tajweed>نِهِ<tajweed class=ghunnah>نّ</tajweed>َ‌ۖ فَإِنْ عَلِمْتُمُوهُ<tajweed class=ghunnah>نّ</tajweed>َ مُؤْمِنَ<tajweed class=madda_normal>ـٰ</tajweed><tajweed class=ikhafa>تٍ ف</tajweed>َلَا تَرْجِعُوهُ<tajweed class=ghunnah>نّ</tajweed>َ إِلَى <tajweed class=ham_wasl>ٱ</tajweed>لْكُفَّارِ‌ۖ لَا هُ<tajweed class=ghunnah>نّ</tajweed>َ حِ<tajweed class=idgham_wo_ghunnah>لٌّ ل</tajweed>َّهُمْ وَلَا هُمْ يَحِلُّونَ لَهُ<tajweed class=ghunnah>نّ</tajweed>َ‌ۖ وَءَاتُوه<tajweed class=idgham_shafawi>ُم م</tajweed>ّ<tajweed class=madda_obligatory>َآ</tajweed> أَ<tajweed class=ikhafa>نف</tajweed>َقُو<tajweed class=slnt>اْ‌ۚ</tajweed> وَلَا جُنَاحَ عَلَيْكُمْ أَ<tajweed class=ikhafa>ن ت</tajweed>َ<tajweed class=ikhafa>نك</tajweed>ِحُوهُ<tajweed class=ghunnah>نّ</tajweed>َ إِذ<tajweed class=madda_obligatory>َآ</tajweed> ءَاتَيْتُمُوهُ<tajweed class=ghunnah>نّ</tajweed>َ أُجُورَهُ<tajweed class=ghunnah>نّ</tajweed>َ‌ۚ وَلَا تُمْسِكُو<tajweed class=slnt>اْ</tajweed> بِعِصَمِ <tajweed class=ham_wasl>ٱ</tajweed>لْكَوَافِرِ وَسْــَٔلُو<tajweed class=slnt>اْ</tajweed> م<tajweed class=madda_obligatory>َآ</tajweed> أَ<tajweed class=ikhafa>نف</tajweed>َ<tajweed class=qalaqah>قْ</tajweed>تُمْ وَلْيَسْــَٔلُو<tajweed class=slnt>اْ</tajweed> م<tajweed class=madda_obligatory>َآ</tajweed> أَ<tajweed class=ikhafa>نف</tajweed>َقُو<tajweed class=slnt>اْ‌ۚ</tajweed> ذ<tajweed class=madda_normal>َٲ</tajweed>لِكُمْ حُكْمُ <tajweed class=ham_wasl>ٱ</tajweed>للَّهِ‌ۖ يَحْكُمُ بَيْنَكُمْ‌ۚ وَ<tajweed class=ham_wasl>ٱ</tajweed>للَّهُ عَلِيمٌ حَك<tajweed class=madda_permissible>ِي</tajweed>مٌ <span class=end>١٠</span>","End":"١٠","PageNumber":550,"JuzNumber":28,"ManzilNumber":7,"RukuNumber":483,"MaqraNumber":220,"HizbNumber":55,"HizbDecimal":0.75,"HasSajda":false},{"SurahNumber":60,"SurahIndex":"060","VerseNumber":11,"ShowSurahName":false,"ShowBismillah":false,"Text":"وَإِن فَاتَكُمۡ شَيۡءٞ مِّنۡ أَزۡوَٰجِكُمۡ إِلَى ٱلۡكُفَّارِ فَعَاقَبۡتُمۡ فَـَٔاتُواْ ٱلَّذِينَ ذَهَبَتۡ أَزۡوَٰجُهُم مِّثۡلَ مَآ أَنفَقُواْۚ وَٱتَّقُواْ ٱللَّهَ ٱلَّذِيٓ أَنتُم بِهِۦ مُؤۡمِنُونَ","TajweedText":"وَإِ<tajweed class=ikhafa>ن ف</tajweed>َاتَكُمْ ش<tajweed class=idgham_ghunnah>َىْءٌ م</tajweed>ِّنْ أَزْو<tajweed class=madda_normal>َٲ</tajweed>جِكُمْ إِلَى <tajweed class=ham_wasl>ٱ</tajweed>لْكُفَّارِ فَعَاقَ<tajweed class=qalaqah>بْ</tajweed>تُمْ فَـَٔـاتُو<tajweed class=slnt>اْ</tajweed> <tajweed class=ham_wasl>ٱ</tajweed>لَّذِينَ ذَهَبَتْ أَزْو<tajweed class=madda_normal>َٲ</tajweed>جُه<tajweed class=idgham_shafawi>ُم م</tajweed>ِّثْلَ م<tajweed class=madda_obligatory>َآ</tajweed> أَ<tajweed class=ikhafa>نف</tajweed>َقُو<tajweed class=slnt>اْ‌ۚ</tajweed> وَ<tajweed class=ham_wasl>ٱ</tajweed>تَّقُو<tajweed class=slnt>اْ</tajweed> <tajweed class=ham_wasl>ٱ</tajweed>للَّهَ <tajweed class=ham_wasl>ٱ</tajweed>لَّذ<tajweed class=madda_obligatory>ِىٓ</tajweed> أَ<tajweed class=ikhafa>نت</tajweed><tajweed class=ikhafa_shafawi>ُم ب</tajweed>ِه<tajweed class=madda_normal>ِۦ</tajweed> مُؤْمِن<tajweed class=madda_permissible>ُو</tajweed>نَ <span class=end>١١</span>","End":"١١","PageNumber":550,"JuzNumber":28,"ManzilNumber":7,"RukuNumber":483,"MaqraNumber":220,"HizbNumber":55,"HizbDecimal":0.75,"HasSajda":false},{"SurahNumber":60,"SurahIndex":"060","VerseNumber":12,"ShowSurahName":false,"ShowBismillah":false,"Text":"يَـٰٓأَيُّهَا ٱلنَّبِيُّ إِذَا جَآءَكَ ٱلۡمُؤۡمِنَٰتُ يُبَايِعۡنَكَ عَلَىٰٓ أَن لَّا يُشۡرِكۡنَ بِٱللَّهِ شَيۡـٔٗا وَلَا يَسۡرِقۡنَ وَلَا يَزۡنِينَ وَلَا يَقۡتُلۡنَ أَوۡلَٰدَهُنَّ وَلَا يَأۡتِينَ بِبُهۡتَٰنٖ يَفۡتَرِينَهُۥ بَيۡنَ أَيۡدِيهِنَّ وَأَرۡجُلِهِنَّ وَلَا يَعۡصِينَكَ فِي مَعۡرُوفٖ فَبَايِعۡهُنَّ وَٱسۡتَغۡفِرۡ لَهُنَّ ٱللَّهَۚ إِنَّ ٱللَّهَ غَفُورٞ رَّحِيمٞ","TajweedText":"يَ<tajweed class=madda_obligatory>ـٰٓ</tajweed>أَيُّهَا <tajweed class=ham_wasl>ٱ</tajweed><tajweed class=laam_shamsiyah>ل</tajweed><tajweed class=ghunnah>نّ</tajweed>َبِىُّ إِذَا ج<tajweed class=madda_obligatory>َا</tajweed>ٓءَكَ <tajweed class=ham_wasl>ٱ</tajweed>لْمُؤْمِنَ<tajweed class=madda_normal>ـٰ</tajweed>تُ يُبَايِعْنَكَ عَلَ<tajweed class=madda_obligatory>ىٰٓ</tajweed> أ<tajweed class=idgham_wo_ghunnah>َن ل</tajweed>َّا يُشْرِكْنَ بِ<tajweed class=ham_wasl>ٱ</tajweed>للَّهِ شَيْـ<tajweed class=idgham_ghunnah>ـًٔا و</tajweed>َلَا يَسْرِ<tajweed class=qalaqah>قْ</tajweed>نَ وَلَا يَزْنِينَ وَلَا يَ<tajweed class=qalaqah>قْ</tajweed>تُلْنَ أَوْلَ<tajweed class=madda_normal>ـٰ</tajweed>دَهُ<tajweed class=ghunnah>نّ</tajweed>َ وَلَا يَأْتِينَ بِبُهْتَ<tajweed class=madda_normal>ـٰ</tajweed><tajweed class=idgham_ghunnah>نٍ ي</tajweed>َفْتَرِينَهُ<tajweed class=madda_normal>ۥ</tajweed> بَيْنَ أَيْدِيهِ<tajweed class=ghunnah>نّ</tajweed>َ وَأَرْجُلِهِ<tajweed class=ghunnah>نّ</tajweed>َ وَلَا يَعْصِينَكَ فِى مَعْرُو<tajweed class=ikhafa>فٍ‌ۙ ف</tajweed>َبَايِعْهُ<tajweed class=ghunnah>نّ</tajweed>َ وَ<tajweed class=ham_wasl>ٱ</tajweed>سْتَغْفِرْ لَهُ<tajweed class=ghunnah>نّ</tajweed>َ <tajweed class=ham_wasl>ٱ</tajweed>للَّهَ‌ۖ إِ<tajweed class=ghunnah>نّ</tajweed>َ <tajweed class=ham_wasl>ٱ</tajweed>للَّهَ غَفُو<tajweed class=idgham_wo_ghunnah>رٌ ر</tajweed>َّح<tajweed class=madda_permissible>ِي</tajweed>مٌ <span class=end>١٢</span>","End":"١٢","PageNumber":551,"JuzNumber":28,"ManzilNumber":7,"RukuNumber":483,"MaqraNumber":220,"HizbNumber":55,"HizbDecimal":0.75,"HasSajda":false},{"SurahNumber":60,"SurahIndex":"060","VerseNumber":13,"ShowSurahName":false,"ShowBismillah":false,"Text":"يَـٰٓأَيُّهَا ٱلَّذِينَ ءَامَنُواْ لَا تَتَوَلَّوۡاْ قَوۡمًا غَضِبَ ٱللَّهُ عَلَيۡهِمۡ قَدۡ يَئِسُواْ مِنَ ٱلۡأٓخِرَةِ كَمَا يَئِسَ ٱلۡكُفَّارُ مِنۡ أَصۡحَٰبِ ٱلۡقُبُورِ","TajweedText":"يَ<tajweed class=madda_obligatory>ـٰٓ</tajweed>أَيُّهَا <tajweed class=ham_wasl>ٱ</tajweed>لَّذِينَ ءَامَنُو<tajweed class=slnt>اْ</tajweed> لَا تَتَوَلَّوْ<tajweed class=slnt>اْ</tajweed> قَوْمًا غَضِبَ <tajweed class=ham_wasl>ٱ</tajweed>للَّهُ عَلَيْهِمْ قَ<tajweed class=qalaqah>دْ</tajweed> يَئِسُو<tajweed class=slnt>اْ</tajweed> مِنَ <tajweed class=ham_wasl>ٱ</tajweed>لْأَخِرَةِ كَمَا يَئِسَ <tajweed class=ham_wasl>ٱ</tajweed>لْكُفَّارُ مِنْ أَصْحَ<tajweed class=madda_normal>ـٰ</tajweed>بِ <tajweed class=ham_wasl>ٱ</tajweed>لْقُب<tajweed class=madda_permissible>ُو</tajweed>رِ <span class=end>١٣</span>","End":"١٣","PageNumber":551,"JuzNumber":28,"ManzilNumber":7,"RukuNumber":483,"MaqraNumber":220,"HizbNumber":55,"HizbDecimal":0.75,"HasSajda":false}]}