{"RukuNumber":513,"Verses":[{"SurahNumber":75,"SurahIndex":"075","VerseNumber":31,"ShowSurahName":false,"ShowBismillah":false,"Text":"فَلَا صَدَّقَ وَلَا صَلَّىٰ","TajweedText":"فَلَا صَدَّقَ وَلَا صَلَّىٰ <span class=end>٣١</span>","End":"٣١","PageNumber":578,"JuzNumber":29,"ManzilNumber":7,"RukuNumber":513,"MaqraNumber":231,"HizbNumber":58,"HizbDecimal":0.5,"HasSajda":false},{"SurahNumber":75,"SurahIndex":"075","VerseNumber":32,"ShowSurahName":false,"ShowBismillah":false,"Text":"وَلَٰكِن كَذَّبَ وَتَوَلَّىٰ","TajweedText":"وَلَ<tajweed class=madda_normal>ـٰ</tajweed>كِ<tajweed class=ikhafa>ن ك</tajweed>َذَّبَ وَتَوَلَّىٰ <span class=end>٣٢</span>","End":"٣٢","PageNumber":578,"JuzNumber":29,"ManzilNumber":7,"RukuNumber":513,"MaqraNumber":231,"HizbNumber":58,"HizbDecimal":0.5,"HasSajda":false},{"SurahNumber":75,"SurahIndex":"075","VerseNumber":33,"ShowSurahName":false,"ShowBismillah":false,"Text":"ثُمَّ ذَهَبَ إِلَىٰٓ أَهۡلِهِۦ يَتَمَطَّىٰٓ","TajweedText":"ثُ<tajweed class=ghunnah>مّ</tajweed>َ ذَهَبَ إِلَ<tajweed class=madda_obligatory>ىٰٓ</tajweed> أَهْلِه<tajweed class=madda_normal>ِۦ</tajweed> يَتَمَطَّىٰٓ <span class=end>٣٣</span>","End":"٣٣","PageNumber":578,"JuzNumber":29,"ManzilNumber":7,"RukuNumber":513,"MaqraNumber":231,"HizbNumber":58,"HizbDecimal":0.5,"HasSajda":false},{"SurahNumber":75,"SurahIndex":"075","VerseNumber":34,"ShowSurahName":false,"ShowBismillah":false,"Text":"أَوۡلَىٰ لَكَ فَأَوۡلَىٰ","TajweedText":"أَوْلَىٰ لَكَ فَأَوْلَىٰ <span class=end>٣٤</span>","End":"٣٤","PageNumber":578,"JuzNumber":29,"ManzilNumber":7,"RukuNumber":513,"MaqraNumber":231,"HizbNumber":58,"HizbDecimal":0.5,"HasSajda":false},{"SurahNumber":75,"SurahIndex":"075","VerseNumber":35,"ShowSurahName":false,"ShowBismillah":false,"Text":"ثُمَّ أَوۡلَىٰ لَكَ فَأَوۡلَىٰٓ","TajweedText":"ثُ<tajweed class=ghunnah>مّ</tajweed>َ أَوْلَىٰ لَكَ فَأَوْلَىٰٓ <span class=end>٣٥</span>","End":"٣٥","PageNumber":578,"JuzNumber":29,"ManzilNumber":7,"RukuNumber":513,"MaqraNumber":231,"HizbNumber":58,"HizbDecimal":0.5,"HasSajda":false},{"SurahNumber":75,"SurahIndex":"075","VerseNumber":36,"ShowSurahName":false,"ShowBismillah":false,"Text":"أَيَحۡسَبُ ٱلۡإِنسَٰنُ أَن يُتۡرَكَ سُدًى","TajweedText":"أَيَحْسَبُ <tajweed class=ham_wasl>ٱ</tajweed>لْإِ<tajweed class=ikhafa>نس</tajweed>َ<tajweed class=madda_normal>ـٰ</tajweed>نُ أ<tajweed class=idgham_ghunnah>َن ي</tajweed>ُتْرَكَ سُدًى <span class=end>٣٦</span>","End":"٣٦","PageNumber":578,"JuzNumber":29,"ManzilNumber":7,"RukuNumber":513,"MaqraNumber":231,"HizbNumber":58,"HizbDecimal":0.5,"HasSajda":false},{"SurahNumber":75,"SurahIndex":"075","VerseNumber":37,"ShowSurahName":false,"ShowBismillah":false,"Text":"أَلَمۡ يَكُ نُطۡفَةٗ مِّن مَّنِيّٖ يُمۡنَىٰ","TajweedText":"أَلَمْ يَكُ نُ<tajweed class=qalaqah>طْ</tajweed>فَ<tajweed class=idgham_ghunnah>ةً م</tajweed>ّ<tajweed class=idgham_ghunnah>ِن م</tajweed>َّنِ<tajweed class=idgham_ghunnah>ىٍّ ي</tajweed>ُمْنَىٰ <span class=end>٣٧</span>","End":"٣٧","PageNumber":578,"JuzNumber":29,"ManzilNumber":7,"RukuNumber":513,"MaqraNumber":231,"HizbNumber":58,"HizbDecimal":0.5,"HasSajda":false},{"SurahNumber":75,"SurahIndex":"075","VerseNumber":38,"ShowSurahName":false,"ShowBismillah":false,"Text":"ثُمَّ كَانَ عَلَقَةٗ فَخَلَقَ فَسَوَّىٰ","TajweedText":"ثُ<tajweed class=ghunnah>مّ</tajweed>َ كَانَ عَلَقَ<tajweed class=ikhafa>ةً ف</tajweed>َخَلَقَ فَسَوَّىٰ <span class=end>٣٨</span>","End":"٣٨","PageNumber":578,"JuzNumber":29,"ManzilNumber":7,"RukuNumber":513,"MaqraNumber":231,"HizbNumber":58,"HizbDecimal":0.5,"HasSajda":false},{"SurahNumber":75,"SurahIndex":"075","VerseNumber":39,"ShowSurahName":false,"ShowBismillah":false,"Text":"فَجَعَلَ مِنۡهُ ٱلزَّوۡجَيۡنِ ٱلذَّكَرَ وَٱلۡأُنثَىٰٓ","TajweedText":"فَجَعَلَ مِنْهُ <tajweed class=ham_wasl>ٱ</tajweed><tajweed class=laam_shamsiyah>ل</tajweed>زَّوْجَيْنِ <tajweed class=ham_wasl>ٱ</tajweed><tajweed class=laam_shamsiyah>ل</tajweed>ذَّكَرَ وَ<tajweed class=ham_wasl>ٱ</tajweed>لْأُ<tajweed class=ikhafa>نث</tajweed>َىٰٓ <span class=end>٣٩</span>","End":"٣٩","PageNumber":578,"JuzNumber":29,"ManzilNumber":7,"RukuNumber":513,"MaqraNumber":231,"HizbNumber":58,"HizbDecimal":0.5,"HasSajda":false},{"SurahNumber":75,"SurahIndex":"075","VerseNumber":40,"ShowSurahName":false,"ShowBismillah":false,"Text":"أَلَيۡسَ ذَٰلِكَ بِقَٰدِرٍ عَلَىٰٓ أَن يُحۡـِۧيَ ٱلۡمَوۡتَىٰ","TajweedText":"أَلَيْسَ ذ<tajweed class=madda_normal>َٲ</tajweed>لِكَ بِقَ<tajweed class=madda_normal>ـٰ</tajweed>دِرٍ عَلَ<tajweed class=madda_obligatory>ىٰٓ</tajweed> أ<tajweed class=idgham_ghunnah>َن ي</tajweed>ُحْــِۧىَ <tajweed class=ham_wasl>ٱ</tajweed>لْمَوْتَىٰ <span class=end>٤٠</span>","End":"٤٠","PageNumber":578,"JuzNumber":29,"ManzilNumber":7,"RukuNumber":513,"MaqraNumber":231,"HizbNumber":58,"HizbDecimal":0.5,"HasSajda":false}]}