{"RukuNumber":263,"Verses":[{"SurahNumber":18,"SurahIndex":"018","VerseNumber":102,"ShowSurahName":false,"ShowBismillah":false,"Text":"أَفَحَسِبَ ٱلَّذِينَ كَفَرُوٓاْ أَن يَتَّخِذُواْ عِبَادِي مِن دُونِيٓ أَوۡلِيَآءَۚ إِنَّآ أَعۡتَدۡنَا جَهَنَّمَ لِلۡكَٰفِرِينَ نُزُلٗا","TajweedText":"أَفَحَسِبَ <tajweed class=ham_wasl>ٱ</tajweed>لَّذِينَ كَفَر<tajweed class=madda_obligatory>ُوٓ</tajweed><tajweed class=slnt>اْ</tajweed> أ<tajweed class=idgham_ghunnah>َن ي</tajweed>َتَّخِذُو<tajweed class=slnt>اْ</tajweed> عِبَادِى مِ<tajweed class=ikhafa>ن د</tajweed>ُون<tajweed class=madda_obligatory>ِىٓ</tajweed> أَوْلِي<tajweed class=madda_obligatory>َا</tajweed>ٓءَ‌ۚ إِ<tajweed class=ghunnah>نّ</tajweed><tajweed class=madda_obligatory>َآ</tajweed> أَعْتَ<tajweed class=qalaqah>دْ</tajweed>نَا جَهَ<tajweed class=ghunnah>نّ</tajweed>َمَ لِلْكَ<tajweed class=madda_normal>ـٰ</tajweed>فِرِينَ نُزُلاً <span class=end>١٠٢</span>","End":"١٠٢","PageNumber":304,"JuzNumber":16,"ManzilNumber":4,"RukuNumber":263,"MaqraNumber":122,"HizbNumber":31,"HizbDecimal":0.25,"HasSajda":false},{"SurahNumber":18,"SurahIndex":"018","VerseNumber":103,"ShowSurahName":false,"ShowBismillah":false,"Text":"قُلۡ هَلۡ نُنَبِّئُكُم بِٱلۡأَخۡسَرِينَ أَعۡمَٰلًا","TajweedText":"قُلْ هَلْ نُنَبِّئُك<tajweed class=ikhafa_shafawi>ُم ب</tajweed>ِ<tajweed class=ham_wasl>ٱ</tajweed>لْأَخْسَرِينَ أَعْمَ<tajweed class=madda_normal>ـٰ</tajweed>لاً <span class=end>١٠٣</span>","End":"١٠٣","PageNumber":304,"JuzNumber":16,"ManzilNumber":4,"RukuNumber":263,"MaqraNumber":122,"HizbNumber":31,"HizbDecimal":0.25,"HasSajda":false},{"SurahNumber":18,"SurahIndex":"018","VerseNumber":104,"ShowSurahName":false,"ShowBismillah":false,"Text":"ٱلَّذِينَ ضَلَّ سَعۡيُهُمۡ فِي ٱلۡحَيَوٰةِ ٱلدُّنۡيَا وَهُمۡ يَحۡسَبُونَ أَنَّهُمۡ يُحۡسِنُونَ صُنۡعًا","TajweedText":"ٱلَّذِينَ ضَلَّ سَعْيُهُمْ فِى <tajweed class=ham_wasl>ٱ</tajweed>لْحَيَ<tajweed class=slnt>و</tajweed><tajweed class=madda_normal>ٲ</tajweed>ةِ <tajweed class=ham_wasl>ٱ</tajweed><tajweed class=laam_shamsiyah>ل</tajweed>دُّنْيَا وَهُمْ يَحْسَبُونَ أَ<tajweed class=ghunnah>نّ</tajweed>َهُمْ يُحْسِنُونَ صُنْعًا <span class=end>١٠٤</span>","End":"١٠٤","PageNumber":304,"JuzNumber":16,"ManzilNumber":4,"RukuNumber":263,"MaqraNumber":122,"HizbNumber":31,"HizbDecimal":0.25,"HasSajda":false},{"SurahNumber":18,"SurahIndex":"018","VerseNumber":105,"ShowSurahName":false,"ShowBismillah":false,"Text":"أُوْلَـٰٓئِكَ ٱلَّذِينَ كَفَرُواْ بِـَٔايَٰتِ رَبِّهِمۡ وَلِقَآئِهِۦ فَحَبِطَتۡ أَعۡمَٰلُهُمۡ فَلَا نُقِيمُ لَهُمۡ يَوۡمَ ٱلۡقِيَٰمَةِ وَزۡنٗا","TajweedText":"أُ<tajweed class=slnt>وْ</tajweed>لَ<tajweed class=madda_obligatory>ـٰٓ</tajweed>ئِكَ <tajweed class=ham_wasl>ٱ</tajweed>لَّذِينَ كَفَرُو<tajweed class=slnt>اْ</tajweed> بِـَٔـايَ<tajweed class=madda_normal>ـٰ</tajweed>تِ رَبِّهِمْ وَلِق<tajweed class=madda_obligatory>َا</tajweed>ٓئِه<tajweed class=madda_normal>ِۦ</tajweed> فَحَبِطَتْ أَعْمَ<tajweed class=madda_normal>ـٰ</tajweed>لُهُمْ فَلَا نُقِيمُ لَهُمْ يَوْمَ <tajweed class=ham_wasl>ٱ</tajweed>لْقِيَ<tajweed class=madda_normal>ـٰ</tajweed>مَةِ وَزْنًا <span class=end>١٠٥</span>","End":"١٠٥","PageNumber":304,"JuzNumber":16,"ManzilNumber":4,"RukuNumber":263,"MaqraNumber":122,"HizbNumber":31,"HizbDecimal":0.25,"HasSajda":false},{"SurahNumber":18,"SurahIndex":"018","VerseNumber":106,"ShowSurahName":false,"ShowBismillah":false,"Text":"ذَٰلِكَ جَزَآؤُهُمۡ جَهَنَّمُ بِمَا كَفَرُواْ وَٱتَّخَذُوٓاْ ءَايَٰتِي وَرُسُلِي هُزُوًا","TajweedText":"ذ<tajweed class=madda_normal>َٲ</tajweed>لِكَ جَز<tajweed class=madda_obligatory>َا</tajweed>ٓؤُهُمْ جَهَ<tajweed class=ghunnah>نّ</tajweed>َمُ بِمَا كَفَرُو<tajweed class=slnt>اْ</tajweed> وَ<tajweed class=ham_wasl>ٱ</tajweed>تَّخَذ<tajweed class=madda_obligatory>ُوٓ</tajweed><tajweed class=slnt>اْ</tajweed> ءَايَ<tajweed class=madda_normal>ـٰ</tajweed>تِى وَرُسُلِى هُزُوًا <span class=end>١٠٦</span>","End":"١٠٦","PageNumber":304,"JuzNumber":16,"ManzilNumber":4,"RukuNumber":263,"MaqraNumber":122,"HizbNumber":31,"HizbDecimal":0.25,"HasSajda":false},{"SurahNumber":18,"SurahIndex":"018","VerseNumber":107,"ShowSurahName":false,"ShowBismillah":false,"Text":"إِنَّ ٱلَّذِينَ ءَامَنُواْ وَعَمِلُواْ ٱلصَّـٰلِحَٰتِ كَانَتۡ لَهُمۡ جَنَّـٰتُ ٱلۡفِرۡدَوۡسِ نُزُلًا","TajweedText":"إِ<tajweed class=ghunnah>نّ</tajweed>َ <tajweed class=ham_wasl>ٱ</tajweed>لَّذِينَ ءَامَنُو<tajweed class=slnt>اْ</tajweed> وَعَمِلُو<tajweed class=slnt>اْ</tajweed> <tajweed class=ham_wasl>ٱ</tajweed><tajweed class=laam_shamsiyah>ل</tajweed>صَّ<tajweed class=madda_normal>ـٰ</tajweed>لِحَ<tajweed class=madda_normal>ـٰ</tajweed>تِ كَانَتْ لَهُمْ جَ<tajweed class=ghunnah>نّ</tajweed>َ<tajweed class=madda_normal>ـٰ</tajweed>تُ <tajweed class=ham_wasl>ٱ</tajweed>لْفِرْدَوْسِ نُزُلاً <span class=end>١٠٧</span>","End":"١٠٧","PageNumber":304,"JuzNumber":16,"ManzilNumber":4,"RukuNumber":263,"MaqraNumber":122,"HizbNumber":31,"HizbDecimal":0.25,"HasSajda":false},{"SurahNumber":18,"SurahIndex":"018","VerseNumber":108,"ShowSurahName":false,"ShowBismillah":false,"Text":"خَٰلِدِينَ فِيهَا لَا يَبۡغُونَ عَنۡهَا حِوَلٗا","TajweedText":"خَ<tajweed class=madda_normal>ـٰ</tajweed>لِدِينَ فِيهَا لَا يَ<tajweed class=qalaqah>بْ</tajweed>غُونَ عَنْهَا حِوَلاً <span class=end>١٠٨</span>","End":"١٠٨","PageNumber":304,"JuzNumber":16,"ManzilNumber":4,"RukuNumber":263,"MaqraNumber":122,"HizbNumber":31,"HizbDecimal":0.25,"HasSajda":false},{"SurahNumber":18,"SurahIndex":"018","VerseNumber":109,"ShowSurahName":false,"ShowBismillah":false,"Text":"قُل لَّوۡ كَانَ ٱلۡبَحۡرُ مِدَادٗا لِّكَلِمَٰتِ رَبِّي لَنَفِدَ ٱلۡبَحۡرُ قَبۡلَ أَن تَنفَدَ كَلِمَٰتُ رَبِّي وَلَوۡ جِئۡنَا بِمِثۡلِهِۦ مَدَدٗا","TajweedText":"قُل لَّوْ كَانَ <tajweed class=ham_wasl>ٱ</tajweed>لْبَحْرُ مِدَا<tajweed class=idgham_wo_ghunnah>دًا ل</tajweed>ِّكَلِمَ<tajweed class=madda_normal>ـٰ</tajweed>تِ رَبِّى لَنَفِدَ <tajweed class=ham_wasl>ٱ</tajweed>لْبَحْرُ قَ<tajweed class=qalaqah>بْ</tajweed>لَ أَ<tajweed class=ikhafa>ن ت</tajweed>َ<tajweed class=ikhafa>نف</tajweed>َدَ كَلِمَ<tajweed class=madda_normal>ـٰ</tajweed>تُ رَبِّى وَلَوْ جِئْنَا بِمِثْلِه<tajweed class=madda_normal>ِۦ</tajweed> مَدَدًا <span class=end>١٠٩</span>","End":"١٠٩","PageNumber":304,"JuzNumber":16,"ManzilNumber":4,"RukuNumber":263,"MaqraNumber":122,"HizbNumber":31,"HizbDecimal":0.25,"HasSajda":false},{"SurahNumber":18,"SurahIndex":"018","VerseNumber":110,"ShowSurahName":false,"ShowBismillah":false,"Text":"قُلۡ إِنَّمَآ أَنَا۠ بَشَرٞ مِّثۡلُكُمۡ يُوحَىٰٓ إِلَيَّ أَنَّمَآ إِلَٰهُكُمۡ إِلَٰهٞ وَٰحِدٞۖ فَمَن كَانَ يَرۡجُواْ لِقَآءَ رَبِّهِۦ فَلۡيَعۡمَلۡ عَمَلٗا صَٰلِحٗا وَلَا يُشۡرِكۡ بِعِبَادَةِ رَبِّهِۦٓ أَحَدَۢا","TajweedText":"قُلْ إِ<tajweed class=ghunnah>نّ</tajweed>َم<tajweed class=madda_obligatory>َآ</tajweed> أَنَا۟ بَشَ<tajweed class=idgham_ghunnah>رٌ م</tajweed>ِّثْلُكُمْ يُوحَ<tajweed class=madda_obligatory>ىٰٓ</tajweed> إِلَىَّ أَ<tajweed class=ghunnah>نّ</tajweed>َم<tajweed class=madda_obligatory>َآ</tajweed> إِلَ<tajweed class=madda_normal>ـٰ</tajweed>هُكُمْ إِلَ<tajweed class=madda_normal>ـٰ</tajweed><tajweed class=idgham_ghunnah>هٌ و</tajweed><tajweed class=madda_normal>َٲ</tajweed>حِ<tajweed class=ikhafa>دٌ‌ۖ ف</tajweed>َمَ<tajweed class=ikhafa>ن ك</tajweed>َانَ يَرْجُو<tajweed class=slnt>اْ</tajweed> لِق<tajweed class=madda_obligatory>َا</tajweed>ٓءَ رَبِّه<tajweed class=madda_normal>ِۦ</tajweed> فَلْيَعْمَلْ عَمَل<tajweed class=ikhafa>اً ص</tajweed>َ<tajweed class=madda_normal>ـٰ</tajweed>لِ<tajweed class=idgham_ghunnah>حًا و</tajweed>َلَا يُشْرِكْ بِعِبَادَةِ رَبِّه<tajweed class=madda_obligatory>ِۦٓ</tajweed> أَحَدَۢا <span class=end>١١٠</span>","End":"١١٠","PageNumber":304,"JuzNumber":16,"ManzilNumber":4,"RukuNumber":263,"MaqraNumber":122,"HizbNumber":31,"HizbDecimal":0.25,"HasSajda":false}]}