{"RukuNumber":27,"Verses":[{"SurahNumber":2,"SurahIndex":"002","VerseNumber":211,"ShowSurahName":false,"ShowBismillah":false,"Text":"سَلۡ بَنِيٓ إِسۡرَـٰٓءِيلَ كَمۡ ءَاتَيۡنَٰهُم مِّنۡ ءَايَةِۭ بَيِّنَةٖۗ وَمَن يُبَدِّلۡ نِعۡمَةَ ٱللَّهِ مِنۢ بَعۡدِ مَا جَآءَتۡهُ فَإِنَّ ٱللَّهَ شَدِيدُ ٱلۡعِقَابِ","TajweedText":"سَلْ بَن<tajweed class=madda_obligatory>ِىٓ</tajweed> إِسْر<tajweed class=madda_obligatory>َٲ</tajweed>ٓءِيلَ كَمْ ءَاتَيْنَ<tajweed class=madda_normal>ـٰ</tajweed>ه<tajweed class=idgham_shafawi>ُم م</tajweed>ِّنْ ءَايَ<tajweed class=iqlab>ةِۭ ب</tajweed>َيِّنَ<tajweed class=idgham_ghunnah>ةٍ‌ۗ و</tajweed>َم<tajweed class=idgham_ghunnah>َن ي</tajweed>ُبَدِّلْ نِعْمَةَ <tajweed class=ham_wasl>ٱ</tajweed>للَّهِ م<tajweed class=iqlab>ِنۢ ب</tajweed>َعْدِ مَا ج<tajweed class=madda_obligatory>َا</tajweed>ٓءَتْهُ فَإِ<tajweed class=ghunnah>نّ</tajweed>َ <tajweed class=ham_wasl>ٱ</tajweed>للَّهَ شَدِيدُ <tajweed class=ham_wasl>ٱ</tajweed>لْعِق<tajweed class=madda_permissible>َا</tajweed><tajweed class=qalaqah>ب</tajweed>ِ <span class=end>٢١١</span>","End":"٢١١","PageNumber":33,"JuzNumber":2,"ManzilNumber":1,"RukuNumber":27,"MaqraNumber":13,"HizbNumber":4,"HizbDecimal":0.0,"HasSajda":false},{"SurahNumber":2,"SurahIndex":"002","VerseNumber":212,"ShowSurahName":false,"ShowBismillah":false,"Text":"زُيِّنَ لِلَّذِينَ كَفَرُواْ ٱلۡحَيَوٰةُ ٱلدُّنۡيَا وَيَسۡخَرُونَ مِنَ ٱلَّذِينَ ءَامَنُواْۘ وَٱلَّذِينَ ٱتَّقَوۡاْ فَوۡقَهُمۡ يَوۡمَ ٱلۡقِيَٰمَةِۗ وَٱللَّهُ يَرۡزُقُ مَن يَشَآءُ بِغَيۡرِ حِسَابٖ","TajweedText":"زُيِّنَ لِلَّذِينَ كَفَرُو<tajweed class=slnt>اْ</tajweed> <tajweed class=ham_wasl>ٱ</tajweed>لْحَيَ<tajweed class=slnt>و</tajweed><tajweed class=madda_normal>ٲ</tajweed>ةُ <tajweed class=ham_wasl>ٱ</tajweed><tajweed class=laam_shamsiyah>ل</tajweed>دُّنْيَا وَيَسْخَرُونَ مِنَ <tajweed class=ham_wasl>ٱ</tajweed>لَّذِينَ ءَامَنُو<tajweed class=slnt>اْ‌ۘ</tajweed> وَ<tajweed class=ham_wasl>ٱ</tajweed>لَّذِينَ <tajweed class=ham_wasl>ٱ</tajweed>تَّقَوْ<tajweed class=slnt>اْ</tajweed> فَوْقَهُمْ يَوْمَ <tajweed class=ham_wasl>ٱ</tajweed>لْقِيَ<tajweed class=madda_normal>ـٰ</tajweed>مَةِ‌ۗ وَ<tajweed class=ham_wasl>ٱ</tajweed>للَّهُ يَرْزُقُ م<tajweed class=idgham_ghunnah>َن ي</tajweed>َش<tajweed class=madda_obligatory>َا</tajweed>ٓءُ بِغَيْرِ حِس<tajweed class=madda_permissible>َا</tajweed><tajweed class=qalaqah>ب</tajweed>ٍ <span class=end>٢١٢</span>","End":"٢١٢","PageNumber":33,"JuzNumber":2,"ManzilNumber":1,"RukuNumber":27,"MaqraNumber":13,"HizbNumber":4,"HizbDecimal":0.0,"HasSajda":false},{"SurahNumber":2,"SurahIndex":"002","VerseNumber":213,"ShowSurahName":false,"ShowBismillah":false,"Text":"كَانَ ٱلنَّاسُ أُمَّةٗ وَٰحِدَةٗ فَبَعَثَ ٱللَّهُ ٱلنَّبِيِّـۧنَ مُبَشِّرِينَ وَمُنذِرِينَ وَأَنزَلَ مَعَهُمُ ٱلۡكِتَٰبَ بِٱلۡحَقِّ لِيَحۡكُمَ بَيۡنَ ٱلنَّاسِ فِيمَا ٱخۡتَلَفُواْ فِيهِۚ وَمَا ٱخۡتَلَفَ فِيهِ إِلَّا ٱلَّذِينَ أُوتُوهُ مِنۢ بَعۡدِ مَا جَآءَتۡهُمُ ٱلۡبَيِّنَٰتُ بَغۡيَۢا بَيۡنَهُمۡۖ فَهَدَى ٱللَّهُ ٱلَّذِينَ ءَامَنُواْ لِمَا ٱخۡتَلَفُواْ فِيهِ مِنَ ٱلۡحَقِّ بِإِذۡنِهِۦۗ وَٱللَّهُ يَهۡدِي مَن يَشَآءُ إِلَىٰ صِرَٰطٖ مُّسۡتَقِيمٍ","TajweedText":"كَانَ <tajweed class=ham_wasl>ٱ</tajweed><tajweed class=laam_shamsiyah>ل</tajweed><tajweed class=ghunnah>نّ</tajweed>َاسُ أُ<tajweed class=ghunnah>مّ</tajweed>َ<tajweed class=idgham_ghunnah>ةً و</tajweed><tajweed class=madda_normal>َٲ</tajweed>حِدَ<tajweed class=ikhafa>ةً ف</tajweed>َبَعَثَ <tajweed class=ham_wasl>ٱ</tajweed>للَّهُ <tajweed class=ham_wasl>ٱ</tajweed><tajweed class=laam_shamsiyah>ل</tajweed><tajweed class=ghunnah>نّ</tajweed>َبِيِّـ<tajweed class=madda_normal>ـۧ</tajweed>نَ مُبَشِّرِينَ وَمُ<tajweed class=ikhafa>نذ</tajweed>ِرِينَ وَأَ<tajweed class=ikhafa>نز</tajweed>َلَ مَعَهُمُ <tajweed class=ham_wasl>ٱ</tajweed>لْكِتَ<tajweed class=madda_normal>ـٰ</tajweed>بَ بِ<tajweed class=ham_wasl>ٱ</tajweed>لْحَقِّ لِيَحْكُمَ بَيْنَ <tajweed class=ham_wasl>ٱ</tajweed><tajweed class=laam_shamsiyah>ل</tajweed><tajweed class=ghunnah>نّ</tajweed>َاسِ فِيمَا <tajweed class=ham_wasl>ٱ</tajweed>خْتَلَفُو<tajweed class=slnt>اْ</tajweed> فِيهِ‌ۚ وَمَا <tajweed class=ham_wasl>ٱ</tajweed>خْتَلَفَ فِيهِ إِلَّا <tajweed class=ham_wasl>ٱ</tajweed>لَّذِينَ أُوتُوهُ م<tajweed class=iqlab>ِنۢ ب</tajweed>َعْدِ مَا ج<tajweed class=madda_obligatory>َا</tajweed>ٓءَتْهُمُ <tajweed class=ham_wasl>ٱ</tajweed>لْبَيِّنَ<tajweed class=madda_normal>ـٰ</tajweed>تُ بَغْي<tajweed class=iqlab>َۢا ب</tajweed>َيْنَهُمْ‌ۖ فَهَدَى <tajweed class=ham_wasl>ٱ</tajweed>للَّهُ <tajweed class=ham_wasl>ٱ</tajweed>لَّذِينَ ءَامَنُو<tajweed class=slnt>اْ</tajweed> لِمَا <tajweed class=ham_wasl>ٱ</tajweed>خْتَلَفُو<tajweed class=slnt>اْ</tajweed> فِيهِ مِنَ <tajweed class=ham_wasl>ٱ</tajweed>لْحَقِّ بِإِذْنِه<tajweed class=madda_normal>ِۦ</tajweed>‌ۗ وَ<tajweed class=ham_wasl>ٱ</tajweed>للَّهُ يَهْدِى م<tajweed class=idgham_ghunnah>َن ي</tajweed>َش<tajweed class=madda_obligatory>َا</tajweed>ٓءُ إِلَىٰ صِر<tajweed class=madda_normal>َٲ</tajweed><tajweed class=idgham_ghunnah>طٍ م</tajweed>ُّسْتَق<tajweed class=madda_permissible>ِي</tajweed>مٍ <span class=end>٢١٣</span>","End":"٢١٣","PageNumber":33,"JuzNumber":2,"ManzilNumber":1,"RukuNumber":27,"MaqraNumber":13,"HizbNumber":4,"HizbDecimal":0.0,"HasSajda":false},{"SurahNumber":2,"SurahIndex":"002","VerseNumber":214,"ShowSurahName":false,"ShowBismillah":false,"Text":"أَمۡ حَسِبۡتُمۡ أَن تَدۡخُلُواْ ٱلۡجَنَّةَ وَلَمَّا يَأۡتِكُم مَّثَلُ ٱلَّذِينَ خَلَوۡاْ مِن قَبۡلِكُمۖ مَّسَّتۡهُمُ ٱلۡبَأۡسَآءُ وَٱلضَّرَّآءُ وَزُلۡزِلُواْ حَتَّىٰ يَقُولَ ٱلرَّسُولُ وَٱلَّذِينَ ءَامَنُواْ مَعَهُۥ مَتَىٰ نَصۡرُ ٱللَّهِۗ أَلَآ إِنَّ نَصۡرَ ٱللَّهِ قَرِيبٞ","TajweedText":"أَمْ حَسِ<tajweed class=qalaqah>بْ</tajweed>تُمْ أَ<tajweed class=ikhafa>ن ت</tajweed>َ<tajweed class=qalaqah>دْ</tajweed>خُلُو<tajweed class=slnt>اْ</tajweed> <tajweed class=ham_wasl>ٱ</tajweed>لْجَ<tajweed class=ghunnah>نّ</tajweed>َةَ وَلَ<tajweed class=ghunnah>مّ</tajweed>َا يَأْتِك<tajweed class=idgham_shafawi>ُم م</tajweed>َّثَلُ <tajweed class=ham_wasl>ٱ</tajweed>لَّذِينَ خَلَوْ<tajweed class=slnt>اْ</tajweed> مِ<tajweed class=ikhafa>ن ق</tajweed>َ<tajweed class=qalaqah>بْ</tajweed>لِك<tajweed class=idgham_shafawi>ُم‌ۖ م</tajweed>َّسَّتْهُمُ <tajweed class=ham_wasl>ٱ</tajweed>لْبَأْس<tajweed class=madda_obligatory>َا</tajweed>ٓءُ وَ<tajweed class=ham_wasl>ٱ</tajweed><tajweed class=laam_shamsiyah>ل</tajweed>ضَّرّ<tajweed class=madda_obligatory>َا</tajweed>ٓءُ وَزُلْزِلُو<tajweed class=slnt>اْ</tajweed> حَتَّىٰ يَقُولَ <tajweed class=ham_wasl>ٱ</tajweed><tajweed class=laam_shamsiyah>ل</tajweed>رَّسُولُ وَ<tajweed class=ham_wasl>ٱ</tajweed>لَّذِينَ ءَامَنُو<tajweed class=slnt>اْ</tajweed> مَعَهُ<tajweed class=madda_normal>ۥ</tajweed> مَتَىٰ نَصْرُ <tajweed class=ham_wasl>ٱ</tajweed>للَّهِ‌ۗ أَل<tajweed class=madda_obligatory>َآ</tajweed> إِ<tajweed class=ghunnah>نّ</tajweed>َ نَصْرَ <tajweed class=ham_wasl>ٱ</tajweed>للَّهِ قَر<tajweed class=madda_permissible>ِي</tajweed><tajweed class=qalaqah>ب</tajweed>ٌ <span class=end>٢١٤</span>","End":"٢١٤","PageNumber":33,"JuzNumber":2,"ManzilNumber":1,"RukuNumber":27,"MaqraNumber":13,"HizbNumber":4,"HizbDecimal":0.0,"HasSajda":false},{"SurahNumber":2,"SurahIndex":"002","VerseNumber":215,"ShowSurahName":false,"ShowBismillah":false,"Text":"يَسۡـَٔلُونَكَ مَاذَا يُنفِقُونَۖ قُلۡ مَآ أَنفَقۡتُم مِّنۡ خَيۡرٖ فَلِلۡوَٰلِدَيۡنِ وَٱلۡأَقۡرَبِينَ وَٱلۡيَتَٰمَىٰ وَٱلۡمَسَٰكِينِ وَٱبۡنِ ٱلسَّبِيلِۗ وَمَا تَفۡعَلُواْ مِنۡ خَيۡرٖ فَإِنَّ ٱللَّهَ بِهِۦ عَلِيمٞ","TajweedText":"يَسْــَٔلُونَكَ مَاذَا يُ<tajweed class=ikhafa>نف</tajweed>ِقُونَ‌ۖ قُلْ م<tajweed class=madda_obligatory>َآ</tajweed> أَ<tajweed class=ikhafa>نف</tajweed>َ<tajweed class=qalaqah>قْ</tajweed>ت<tajweed class=idgham_shafawi>ُم م</tajweed>ِّنْ خَيْ<tajweed class=ikhafa>رٍ ف</tajweed>َلِلْو<tajweed class=madda_normal>َٲ</tajweed>لِدَيْنِ وَ<tajweed class=ham_wasl>ٱ</tajweed>لْأَ<tajweed class=qalaqah>قْ</tajweed>رَبِينَ وَ<tajweed class=ham_wasl>ٱ</tajweed>لْيَتَ<tajweed class=madda_normal>ـٰ</tajweed>مَىٰ وَ<tajweed class=ham_wasl>ٱ</tajweed>لْمَسَ<tajweed class=madda_normal>ـٰ</tajweed>كِينِ وَ<tajweed class=ham_wasl>ٱ</tajweed><tajweed class=qalaqah>بْ</tajweed>نِ <tajweed class=ham_wasl>ٱ</tajweed><tajweed class=laam_shamsiyah>ل</tajweed>سَّبِيلِ‌ۗ وَمَا تَفْعَلُو<tajweed class=slnt>اْ</tajweed> مِنْ خَيْ<tajweed class=ikhafa>رٍ ف</tajweed>َإِ<tajweed class=ghunnah>نّ</tajweed>َ <tajweed class=ham_wasl>ٱ</tajweed>للَّهَ بِه<tajweed class=madda_normal>ِۦ</tajweed> عَل<tajweed class=madda_permissible>ِي</tajweed>مٌ <span class=end>٢١٥</span>","End":"٢١٥","PageNumber":33,"JuzNumber":2,"ManzilNumber":1,"RukuNumber":27,"MaqraNumber":13,"HizbNumber":4,"HizbDecimal":0.0,"HasSajda":false},{"SurahNumber":2,"SurahIndex":"002","VerseNumber":216,"ShowSurahName":false,"ShowBismillah":false,"Text":"كُتِبَ عَلَيۡكُمُ ٱلۡقِتَالُ وَهُوَ كُرۡهٞ لَّكُمۡۖ وَعَسَىٰٓ أَن تَكۡرَهُواْ شَيۡـٔٗا وَهُوَ خَيۡرٞ لَّكُمۡۖ وَعَسَىٰٓ أَن تُحِبُّواْ شَيۡـٔٗا وَهُوَ شَرّٞ لَّكُمۡۚ وَٱللَّهُ يَعۡلَمُ وَأَنتُمۡ لَا تَعۡلَمُونَ","TajweedText":"كُتِبَ عَلَيْكُمُ <tajweed class=ham_wasl>ٱ</tajweed>لْقِتَالُ وَهُوَ كُرْ<tajweed class=idgham_wo_ghunnah>هٌ ل</tajweed>َّكُمْ‌ۖ وَعَسَ<tajweed class=madda_obligatory>ىٰٓ</tajweed> أَ<tajweed class=ikhafa>ن ت</tajweed>َكْرَهُو<tajweed class=slnt>اْ</tajweed> شَيْـ<tajweed class=idgham_ghunnah>ـًٔا و</tajweed>َهُوَ خَيْ<tajweed class=idgham_wo_ghunnah>رٌ ل</tajweed>َّكُمْ‌ۖ وَعَسَ<tajweed class=madda_obligatory>ىٰٓ</tajweed> أَ<tajweed class=ikhafa>ن ت</tajweed>ُحِبُّو<tajweed class=slnt>اْ</tajweed> شَيْـ<tajweed class=idgham_ghunnah>ـًٔا و</tajweed>َهُوَ شَ<tajweed class=idgham_wo_ghunnah>رٌّ ل</tajweed>َّكُمْ‌ۗ وَ<tajweed class=ham_wasl>ٱ</tajweed>للَّهُ يَعْلَمُ وَأَ<tajweed class=ikhafa>نت</tajweed>ُمْ لَا تَعْلَم<tajweed class=madda_permissible>ُو</tajweed>نَ <span class=end>٢١٦</span>","End":"٢١٦","PageNumber":34,"JuzNumber":2,"ManzilNumber":1,"RukuNumber":27,"MaqraNumber":13,"HizbNumber":4,"HizbDecimal":0.0,"HasSajda":false}]}