{"RukuNumber":192,"Verses":[{"SurahNumber":11,"SurahIndex":"011","VerseNumber":110,"ShowSurahName":false,"ShowBismillah":false,"Text":"وَلَقَدۡ ءَاتَيۡنَا مُوسَى ٱلۡكِتَٰبَ فَٱخۡتُلِفَ فِيهِۚ وَلَوۡلَا كَلِمَةٞ سَبَقَتۡ مِن رَّبِّكَ لَقُضِيَ بَيۡنَهُمۡۚ وَإِنَّهُمۡ لَفِي شَكّٖ مِّنۡهُ مُرِيبٖ","TajweedText":"وَلَقَ<tajweed class=qalaqah>دْ</tajweed> ءَاتَيْنَا مُوسَى <tajweed class=ham_wasl>ٱ</tajweed>لْكِتَ<tajweed class=madda_normal>ـٰ</tajweed>بَ فَ<tajweed class=ham_wasl>ٱ</tajweed>خْتُلِفَ فِيهِ‌ۚ وَلَوْلَا كَلِمَ<tajweed class=ikhafa>ةٌ س</tajweed>َبَقَتْ م<tajweed class=idgham_wo_ghunnah>ِن ر</tajweed>َّبِّكَ لَقُضِىَ بَيْنَهُمْ‌ۚ وَإِ<tajweed class=ghunnah>نّ</tajweed>َهُمْ لَفِى شَ<tajweed class=idgham_ghunnah>كٍّ م</tajweed>ِّنْهُ مُر<tajweed class=madda_permissible>ِي</tajweed><tajweed class=qalaqah>ب</tajweed>ٍ <span class=end>١١٠</span>","End":"١١٠","PageNumber":234,"JuzNumber":12,"ManzilNumber":3,"RukuNumber":192,"MaqraNumber":94,"HizbNumber":24,"HizbDecimal":0.25,"HasSajda":false},{"SurahNumber":11,"SurahIndex":"011","VerseNumber":111,"ShowSurahName":false,"ShowBismillah":false,"Text":"وَإِنَّ كُلّٗا لَّمَّا لَيُوَفِّيَنَّهُمۡ رَبُّكَ أَعۡمَٰلَهُمۡۚ إِنَّهُۥ بِمَا يَعۡمَلُونَ خَبِيرٞ","TajweedText":"وَإِ<tajweed class=ghunnah>نّ</tajweed>َ كُل<tajweed class=idgham_wo_ghunnah>اًّ ل</tajweed>َّ<tajweed class=ghunnah>مّ</tajweed>َا لَيُوَفِّيَ<tajweed class=ghunnah>نّ</tajweed>َهُمْ رَبُّكَ أَعْمَ<tajweed class=madda_normal>ـٰ</tajweed>لَهُمْ‌ۚ إِ<tajweed class=ghunnah>نّ</tajweed>َهُ<tajweed class=madda_normal>ۥ</tajweed> بِمَا يَعْمَلُونَ خَب<tajweed class=madda_permissible>ِي</tajweed>رٌ <span class=end>١١١</span>","End":"١١١","PageNumber":234,"JuzNumber":12,"ManzilNumber":3,"RukuNumber":192,"MaqraNumber":94,"HizbNumber":24,"HizbDecimal":0.25,"HasSajda":false},{"SurahNumber":11,"SurahIndex":"011","VerseNumber":112,"ShowSurahName":false,"ShowBismillah":false,"Text":"فَٱسۡتَقِمۡ كَمَآ أُمِرۡتَ وَمَن تَابَ مَعَكَ وَلَا تَطۡغَوۡاْۚ إِنَّهُۥ بِمَا تَعۡمَلُونَ بَصِيرٞ","TajweedText":"فَ<tajweed class=ham_wasl>ٱ</tajweed>سْتَقِمْ كَم<tajweed class=madda_obligatory>َآ</tajweed> أُمِرْتَ وَمَ<tajweed class=ikhafa>ن ت</tajweed>َابَ مَعَكَ وَلَا تَ<tajweed class=qalaqah>طْ</tajweed>غَوْ<tajweed class=slnt>اْ‌ۚ</tajweed> إِ<tajweed class=ghunnah>نّ</tajweed>َهُ<tajweed class=madda_normal>ۥ</tajweed> بِمَا تَعْمَلُونَ بَص<tajweed class=madda_permissible>ِي</tajweed>رٌ <span class=end>١١٢</span>","End":"١١٢","PageNumber":234,"JuzNumber":12,"ManzilNumber":3,"RukuNumber":192,"MaqraNumber":94,"HizbNumber":24,"HizbDecimal":0.25,"HasSajda":false},{"SurahNumber":11,"SurahIndex":"011","VerseNumber":113,"ShowSurahName":false,"ShowBismillah":false,"Text":"وَلَا تَرۡكَنُوٓاْ إِلَى ٱلَّذِينَ ظَلَمُواْ فَتَمَسَّكُمُ ٱلنَّارُ وَمَا لَكُم مِّن دُونِ ٱللَّهِ مِنۡ أَوۡلِيَآءَ ثُمَّ لَا تُنصَرُونَ","TajweedText":"وَلَا تَرْكَن<tajweed class=madda_obligatory>ُوٓ</tajweed><tajweed class=slnt>اْ</tajweed> إِلَى <tajweed class=ham_wasl>ٱ</tajweed>لَّذِينَ ظَلَمُو<tajweed class=slnt>اْ</tajweed> فَتَمَسَّكُمُ <tajweed class=ham_wasl>ٱ</tajweed><tajweed class=laam_shamsiyah>ل</tajweed><tajweed class=ghunnah>نّ</tajweed>َارُ وَمَا لَك<tajweed class=idgham_shafawi>ُم م</tajweed>ِّ<tajweed class=ikhafa>ن د</tajweed>ُونِ <tajweed class=ham_wasl>ٱ</tajweed>للَّهِ مِنْ أَوْلِي<tajweed class=madda_obligatory>َا</tajweed>ٓءَ ثُ<tajweed class=ghunnah>مّ</tajweed>َ لَا تُ<tajweed class=ikhafa>نص</tajweed>َر<tajweed class=madda_permissible>ُو</tajweed>نَ <span class=end>١١٣</span>","End":"١١٣","PageNumber":234,"JuzNumber":12,"ManzilNumber":3,"RukuNumber":192,"MaqraNumber":94,"HizbNumber":24,"HizbDecimal":0.25,"HasSajda":false},{"SurahNumber":11,"SurahIndex":"011","VerseNumber":114,"ShowSurahName":false,"ShowBismillah":false,"Text":"وَأَقِمِ ٱلصَّلَوٰةَ طَرَفَيِ ٱلنَّهَارِ وَزُلَفٗا مِّنَ ٱلَّيۡلِۚ إِنَّ ٱلۡحَسَنَٰتِ يُذۡهِبۡنَ ٱلسَّيِّـَٔاتِۚ ذَٰلِكَ ذِكۡرَىٰ لِلذَّـٰكِرِينَ","TajweedText":"وَأَقِمِ <tajweed class=ham_wasl>ٱ</tajweed><tajweed class=laam_shamsiyah>ل</tajweed>صَّلَ<tajweed class=slnt>و</tajweed><tajweed class=madda_normal>ٲ</tajweed>ةَ طَرَفَىِ <tajweed class=ham_wasl>ٱ</tajweed><tajweed class=laam_shamsiyah>ل</tajweed><tajweed class=ghunnah>نّ</tajweed>َهَارِ وَزُلَ<tajweed class=idgham_ghunnah>فًا م</tajweed>ِّنَ <tajweed class=ham_wasl>ٱ</tajweed>لَّيْلِ‌ۚ إِ<tajweed class=ghunnah>نّ</tajweed>َ <tajweed class=ham_wasl>ٱ</tajweed>لْحَسَنَ<tajweed class=madda_normal>ـٰ</tajweed>تِ يُذْهِ<tajweed class=qalaqah>بْ</tajweed>نَ <tajweed class=ham_wasl>ٱ</tajweed><tajweed class=laam_shamsiyah>ل</tajweed>سَّيِّـَٔـاتِ‌ۚ ذ<tajweed class=madda_normal>َٲ</tajweed>لِكَ ذِكْرَىٰ لِلذّ<tajweed class=madda_normal>َٲ</tajweed>كِر<tajweed class=madda_permissible>ِي</tajweed>نَ <span class=end>١١٤</span>","End":"١١٤","PageNumber":234,"JuzNumber":12,"ManzilNumber":3,"RukuNumber":192,"MaqraNumber":94,"HizbNumber":24,"HizbDecimal":0.25,"HasSajda":false},{"SurahNumber":11,"SurahIndex":"011","VerseNumber":115,"ShowSurahName":false,"ShowBismillah":false,"Text":"وَٱصۡبِرۡ فَإِنَّ ٱللَّهَ لَا يُضِيعُ أَجۡرَ ٱلۡمُحۡسِنِينَ","TajweedText":"وَ<tajweed class=ham_wasl>ٱ</tajweed>صْبِرْ فَإِ<tajweed class=ghunnah>نّ</tajweed>َ <tajweed class=ham_wasl>ٱ</tajweed>للَّهَ لَا يُضِيعُ أَ<tajweed class=qalaqah>جْ</tajweed>رَ <tajweed class=ham_wasl>ٱ</tajweed>لْمُحْسِن<tajweed class=madda_permissible>ِي</tajweed>نَ <span class=end>١١٥</span>","End":"١١٥","PageNumber":234,"JuzNumber":12,"ManzilNumber":3,"RukuNumber":192,"MaqraNumber":94,"HizbNumber":24,"HizbDecimal":0.25,"HasSajda":false},{"SurahNumber":11,"SurahIndex":"011","VerseNumber":116,"ShowSurahName":false,"ShowBismillah":false,"Text":"فَلَوۡلَا كَانَ مِنَ ٱلۡقُرُونِ مِن قَبۡلِكُمۡ أُوْلُواْ بَقِيَّةٖ يَنۡهَوۡنَ عَنِ ٱلۡفَسَادِ فِي ٱلۡأَرۡضِ إِلَّا قَلِيلٗا مِّمَّنۡ أَنجَيۡنَا مِنۡهُمۡۗ وَٱتَّبَعَ ٱلَّذِينَ ظَلَمُواْ مَآ أُتۡرِفُواْ فِيهِ وَكَانُواْ مُجۡرِمِينَ","TajweedText":"فَلَوْلَا كَانَ مِنَ <tajweed class=ham_wasl>ٱ</tajweed>لْقُرُونِ مِ<tajweed class=ikhafa>ن ق</tajweed>َ<tajweed class=qalaqah>بْ</tajweed>لِكُمْ أُ<tajweed class=slnt>وْ</tajweed>لُو<tajweed class=slnt>اْ</tajweed> بَقِيَّ<tajweed class=idgham_ghunnah>ةٍ ي</tajweed>َنْهَوْنَ عَنِ <tajweed class=ham_wasl>ٱ</tajweed>لْفَسَادِ فِى <tajweed class=ham_wasl>ٱ</tajweed>لْأَرْضِ إِلَّا قَلِيل<tajweed class=idgham_ghunnah>اً م</tajweed>ِّ<tajweed class=ghunnah>مّ</tajweed>َنْ أَ<tajweed class=ikhafa>نج</tajweed>َيْنَا مِنْهُمْ‌ۗ وَ<tajweed class=ham_wasl>ٱ</tajweed>تَّبَعَ <tajweed class=ham_wasl>ٱ</tajweed>لَّذِينَ ظَلَمُو<tajweed class=slnt>اْ</tajweed> م<tajweed class=madda_obligatory>َآ</tajweed> أُتْرِفُو<tajweed class=slnt>اْ</tajweed> فِيهِ وَكَانُو<tajweed class=slnt>اْ</tajweed> مُ<tajweed class=qalaqah>جْ</tajweed>رِم<tajweed class=madda_permissible>ِي</tajweed>نَ <span class=end>١١٦</span>","End":"١١٦","PageNumber":234,"JuzNumber":12,"ManzilNumber":3,"RukuNumber":192,"MaqraNumber":94,"HizbNumber":24,"HizbDecimal":0.25,"HasSajda":false},{"SurahNumber":11,"SurahIndex":"011","VerseNumber":117,"ShowSurahName":false,"ShowBismillah":false,"Text":"وَمَا كَانَ رَبُّكَ لِيُهۡلِكَ ٱلۡقُرَىٰ بِظُلۡمٖ وَأَهۡلُهَا مُصۡلِحُونَ","TajweedText":"وَمَا كَانَ رَبُّكَ لِيُهْلِكَ <tajweed class=ham_wasl>ٱ</tajweed>لْقُرَىٰ بِظُلْ<tajweed class=idgham_ghunnah>مٍ و</tajweed>َأَهْلُهَا مُصْلِح<tajweed class=madda_permissible>ُو</tajweed>نَ <span class=end>١١٧</span>","End":"١١٧","PageNumber":234,"JuzNumber":12,"ManzilNumber":3,"RukuNumber":192,"MaqraNumber":94,"HizbNumber":24,"HizbDecimal":0.25,"HasSajda":false},{"SurahNumber":11,"SurahIndex":"011","VerseNumber":118,"ShowSurahName":false,"ShowBismillah":false,"Text":"وَلَوۡ شَآءَ رَبُّكَ لَجَعَلَ ٱلنَّاسَ أُمَّةٗ وَٰحِدَةٗۖ وَلَا يَزَالُونَ مُخۡتَلِفِينَ","TajweedText":"وَلَوْ ش<tajweed class=madda_obligatory>َا</tajweed>ٓءَ رَبُّكَ لَجَعَلَ <tajweed class=ham_wasl>ٱ</tajweed><tajweed class=laam_shamsiyah>ل</tajweed><tajweed class=ghunnah>نّ</tajweed>َاسَ أُ<tajweed class=ghunnah>مّ</tajweed>َ<tajweed class=idgham_ghunnah>ةً و</tajweed><tajweed class=madda_normal>َٲ</tajweed>حِدَ<tajweed class=idgham_ghunnah>ةً‌ۖ و</tajweed>َلَا يَزَالُونَ مُخْتَلِف<tajweed class=madda_permissible>ِي</tajweed>نَ <span class=end>١١٨</span>","End":"١١٨","PageNumber":235,"JuzNumber":12,"ManzilNumber":3,"RukuNumber":192,"MaqraNumber":94,"HizbNumber":24,"HizbDecimal":0.25,"HasSajda":false},{"SurahNumber":11,"SurahIndex":"011","VerseNumber":119,"ShowSurahName":false,"ShowBismillah":false,"Text":"إِلَّا مَن رَّحِمَ رَبُّكَۚ وَلِذَٰلِكَ خَلَقَهُمۡۗ وَتَمَّتۡ كَلِمَةُ رَبِّكَ لَأَمۡلَأَنَّ جَهَنَّمَ مِنَ ٱلۡجِنَّةِ وَٱلنَّاسِ أَجۡمَعِينَ","TajweedText":"إِلَّا م<tajweed class=idgham_wo_ghunnah>َن ر</tajweed>َّحِمَ رَبُّكَ‌ۚ وَلِذ<tajweed class=madda_normal>َٲ</tajweed>لِكَ خَلَقَهُمْ‌ۗ وَتَ<tajweed class=ghunnah>مّ</tajweed>َتْ كَلِمَةُ رَبِّكَ لَأَمْلَأَ<tajweed class=ghunnah>نّ</tajweed>َ جَهَ<tajweed class=ghunnah>نّ</tajweed>َمَ مِنَ <tajweed class=ham_wasl>ٱ</tajweed>لْجِ<tajweed class=ghunnah>نّ</tajweed>َةِ وَ<tajweed class=ham_wasl>ٱ</tajweed><tajweed class=laam_shamsiyah>ل</tajweed><tajweed class=ghunnah>نّ</tajweed>َاسِ أَ<tajweed class=qalaqah>جْ</tajweed>مَع<tajweed class=madda_permissible>ِي</tajweed>نَ <span class=end>١١٩</span>","End":"١١٩","PageNumber":235,"JuzNumber":12,"ManzilNumber":3,"RukuNumber":192,"MaqraNumber":94,"HizbNumber":24,"HizbDecimal":0.25,"HasSajda":false},{"SurahNumber":11,"SurahIndex":"011","VerseNumber":120,"ShowSurahName":false,"ShowBismillah":false,"Text":"وَكُلّٗا نَّقُصُّ عَلَيۡكَ مِنۡ أَنۢبَآءِ ٱلرُّسُلِ مَا نُثَبِّتُ بِهِۦ فُؤَادَكَۚ وَجَآءَكَ فِي هَٰذِهِ ٱلۡحَقُّ وَمَوۡعِظَةٞ وَذِكۡرَىٰ لِلۡمُؤۡمِنِينَ","TajweedText":"وَكُل<tajweed class=idgham_ghunnah>اًّ ن</tajweed>َّقُصُّ عَلَيْكَ مِنْ أَ<tajweed class=iqlab>نۢب</tajweed><tajweed class=madda_obligatory>َا</tajweed>ٓءِ <tajweed class=ham_wasl>ٱ</tajweed><tajweed class=laam_shamsiyah>ل</tajweed>رُّسُلِ مَا نُثَبِّتُ بِه<tajweed class=madda_normal>ِۦ</tajweed> فُؤَادَكَ‌ۚ وَج<tajweed class=madda_obligatory>َا</tajweed>ٓءَكَ فِى هَ<tajweed class=madda_normal>ـٰ</tajweed>ذِهِ <tajweed class=ham_wasl>ٱ</tajweed>لْحَقُّ وَمَوْعِظَ<tajweed class=idgham_ghunnah>ةٌ و</tajweed>َذِكْرَىٰ لِلْمُؤْمِن<tajweed class=madda_permissible>ِي</tajweed>نَ <span class=end>١٢٠</span>","End":"١٢٠","PageNumber":235,"JuzNumber":12,"ManzilNumber":3,"RukuNumber":192,"MaqraNumber":94,"HizbNumber":24,"HizbDecimal":0.25,"HasSajda":false},{"SurahNumber":11,"SurahIndex":"011","VerseNumber":121,"ShowSurahName":false,"ShowBismillah":false,"Text":"وَقُل لِّلَّذِينَ لَا يُؤۡمِنُونَ ٱعۡمَلُواْ عَلَىٰ مَكَانَتِكُمۡ إِنَّا عَٰمِلُونَ","TajweedText":"وَقُل لِّلَّذِينَ لَا يُؤْمِنُونَ <tajweed class=ham_wasl>ٱ</tajweed>عْمَلُو<tajweed class=slnt>اْ</tajweed> عَلَىٰ مَكَانَتِكُمْ إِ<tajweed class=ghunnah>نّ</tajweed>َا عَ<tajweed class=madda_normal>ـٰ</tajweed>مِل<tajweed class=madda_permissible>ُو</tajweed>نَ <span class=end>١٢١</span>","End":"١٢١","PageNumber":235,"JuzNumber":12,"ManzilNumber":3,"RukuNumber":192,"MaqraNumber":94,"HizbNumber":24,"HizbDecimal":0.25,"HasSajda":false},{"SurahNumber":11,"SurahIndex":"011","VerseNumber":122,"ShowSurahName":false,"ShowBismillah":false,"Text":"وَٱنتَظِرُوٓاْ إِنَّا مُنتَظِرُونَ","TajweedText":"وَ<tajweed class=ham_wasl>ٱ</tajweed><tajweed class=ikhafa>نت</tajweed>َظِر<tajweed class=madda_obligatory>ُوٓ</tajweed><tajweed class=slnt>اْ</tajweed> إِ<tajweed class=ghunnah>نّ</tajweed>َا مُ<tajweed class=ikhafa>نت</tajweed>َظِر<tajweed class=madda_permissible>ُو</tajweed>نَ <span class=end>١٢٢</span>","End":"١٢٢","PageNumber":235,"JuzNumber":12,"ManzilNumber":3,"RukuNumber":192,"MaqraNumber":94,"HizbNumber":24,"HizbDecimal":0.25,"HasSajda":false},{"SurahNumber":11,"SurahIndex":"011","VerseNumber":123,"ShowSurahName":false,"ShowBismillah":false,"Text":"وَلِلَّهِ غَيۡبُ ٱلسَّمَٰوَٰتِ وَٱلۡأَرۡضِ وَإِلَيۡهِ يُرۡجَعُ ٱلۡأَمۡرُ كُلُّهُۥ فَٱعۡبُدۡهُ وَتَوَكَّلۡ عَلَيۡهِۚ وَمَا رَبُّكَ بِغَٰفِلٍ عَمَّا تَعۡمَلُونَ","TajweedText":"وَلِلَّهِ غَيْبُ <tajweed class=ham_wasl>ٱ</tajweed><tajweed class=laam_shamsiyah>ل</tajweed>سَّمَ<tajweed class=madda_normal>ـٰ</tajweed>و<tajweed class=madda_normal>َٲ</tajweed>تِ وَ<tajweed class=ham_wasl>ٱ</tajweed>لْأَرْضِ وَإِلَيْهِ يُرْجَعُ <tajweed class=ham_wasl>ٱ</tajweed>لْأَمْرُ كُلُّهُ<tajweed class=madda_normal>ۥ</tajweed> فَ<tajweed class=ham_wasl>ٱ</tajweed>عْبُ<tajweed class=qalaqah>دْ</tajweed>هُ وَتَوَكَّلْ عَلَيْهِ‌ۚ وَمَا رَبُّكَ بِغَ<tajweed class=madda_normal>ـٰ</tajweed>فِلٍ عَ<tajweed class=ghunnah>مّ</tajweed>َا تَعْمَل<tajweed class=madda_permissible>ُو</tajweed>نَ <span class=end>١٢٣</span>","End":"١٢٣","PageNumber":235,"JuzNumber":12,"ManzilNumber":3,"RukuNumber":192,"MaqraNumber":94,"HizbNumber":24,"HizbDecimal":0.25,"HasSajda":false}]}