{"RukuNumber":233,"Verses":[{"SurahNumber":16,"SurahIndex":"016","VerseNumber":71,"ShowSurahName":false,"ShowBismillah":false,"Text":"وَٱللَّهُ فَضَّلَ بَعۡضَكُمۡ عَلَىٰ بَعۡضٖ فِي ٱلرِّزۡقِۚ فَمَا ٱلَّذِينَ فُضِّلُواْ بِرَآدِّي رِزۡقِهِمۡ عَلَىٰ مَا مَلَكَتۡ أَيۡمَٰنُهُمۡ فَهُمۡ فِيهِ سَوَآءٌۚ أَفَبِنِعۡمَةِ ٱللَّهِ يَجۡحَدُونَ","TajweedText":"وَ<tajweed class=ham_wasl>ٱ</tajweed>للَّهُ فَضَّلَ بَعْضَكُمْ عَلَىٰ بَعْ<tajweed class=ikhafa>ضٍ ف</tajweed>ِى <tajweed class=ham_wasl>ٱ</tajweed><tajweed class=laam_shamsiyah>ل</tajweed>رِّزْقِ‌ۚ فَمَا <tajweed class=ham_wasl>ٱ</tajweed>لَّذِينَ فُضِّلُو<tajweed class=slnt>اْ</tajweed> بِر<tajweed class=madda_necessary>َا</tajweed>ٓدِّى رِزْقِهِمْ عَلَىٰ مَا مَلَكَتْ أَيْمَ<tajweed class=madda_normal>ـٰ</tajweed>نُهُمْ فَهُمْ فِيهِ سَو<tajweed class=madda_obligatory>َا</tajweed>ٓءٌ‌ۚ أَفَبِنِعْمَةِ <tajweed class=ham_wasl>ٱ</tajweed>للَّهِ يَ<tajweed class=qalaqah>جْ</tajweed>حَد<tajweed class=madda_permissible>ُو</tajweed>نَ <span class=end>٧١</span>","End":"٧١","PageNumber":274,"JuzNumber":14,"ManzilNumber":3,"RukuNumber":233,"MaqraNumber":109,"HizbNumber":28,"HizbDecimal":0.0,"HasSajda":false},{"SurahNumber":16,"SurahIndex":"016","VerseNumber":72,"ShowSurahName":false,"ShowBismillah":false,"Text":"وَٱللَّهُ جَعَلَ لَكُم مِّنۡ أَنفُسِكُمۡ أَزۡوَٰجٗا وَجَعَلَ لَكُم مِّنۡ أَزۡوَٰجِكُم بَنِينَ وَحَفَدَةٗ وَرَزَقَكُم مِّنَ ٱلطَّيِّبَٰتِۚ أَفَبِٱلۡبَٰطِلِ يُؤۡمِنُونَ وَبِنِعۡمَتِ ٱللَّهِ هُمۡ يَكۡفُرُونَ","TajweedText":"وَ<tajweed class=ham_wasl>ٱ</tajweed>للَّهُ جَعَلَ لَك<tajweed class=idgham_shafawi>ُم م</tajweed>ِّنْ أَ<tajweed class=ikhafa>نف</tajweed>ُسِكُمْ أَزْو<tajweed class=madda_normal>َٲ</tajweed><tajweed class=idgham_ghunnah>جًا و</tajweed>َجَعَلَ لَك<tajweed class=idgham_shafawi>ُم م</tajweed>ِّنْ أَزْو<tajweed class=madda_normal>َٲ</tajweed>جِك<tajweed class=ikhafa_shafawi>ُم ب</tajweed>َنِينَ وَحَفَدَ<tajweed class=idgham_ghunnah>ةً و</tajweed>َرَزَقَك<tajweed class=idgham_shafawi>ُم م</tajweed>ِّنَ <tajweed class=ham_wasl>ٱ</tajweed><tajweed class=laam_shamsiyah>ل</tajweed>طَّيِّبَ<tajweed class=madda_normal>ـٰ</tajweed>تِ‌ۚ أَفَبِ<tajweed class=ham_wasl>ٱ</tajweed>لْبَ<tajweed class=madda_normal>ـٰ</tajweed>طِلِ يُؤْمِنُونَ وَبِنِعْمَتِ <tajweed class=ham_wasl>ٱ</tajweed>للَّهِ هُمْ يَكْفُر<tajweed class=madda_permissible>ُو</tajweed>نَ <span class=end>٧٢</span>","End":"٧٢","PageNumber":274,"JuzNumber":14,"ManzilNumber":3,"RukuNumber":233,"MaqraNumber":109,"HizbNumber":28,"HizbDecimal":0.0,"HasSajda":false},{"SurahNumber":16,"SurahIndex":"016","VerseNumber":73,"ShowSurahName":false,"ShowBismillah":false,"Text":"وَيَعۡبُدُونَ مِن دُونِ ٱللَّهِ مَا لَا يَمۡلِكُ لَهُمۡ رِزۡقٗا مِّنَ ٱلسَّمَٰوَٰتِ وَٱلۡأَرۡضِ شَيۡـٔٗا وَلَا يَسۡتَطِيعُونَ","TajweedText":"وَيَعْبُدُونَ مِ<tajweed class=ikhafa>ن د</tajweed>ُونِ <tajweed class=ham_wasl>ٱ</tajweed>للَّهِ مَا لَا يَمْلِكُ لَهُمْ رِزْ<tajweed class=idgham_ghunnah>قًا م</tajweed>ِّنَ <tajweed class=ham_wasl>ٱ</tajweed><tajweed class=laam_shamsiyah>ل</tajweed>سَّمَ<tajweed class=madda_normal>ـٰ</tajweed>و<tajweed class=madda_normal>َٲ</tajweed>تِ وَ<tajweed class=ham_wasl>ٱ</tajweed>لْأَرْضِ شَيْـ<tajweed class=idgham_ghunnah>ـًٔا و</tajweed>َلَا يَسْتَطِيع<tajweed class=madda_permissible>ُو</tajweed>نَ <span class=end>٧٣</span>","End":"٧٣","PageNumber":275,"JuzNumber":14,"ManzilNumber":3,"RukuNumber":233,"MaqraNumber":109,"HizbNumber":28,"HizbDecimal":0.0,"HasSajda":false},{"SurahNumber":16,"SurahIndex":"016","VerseNumber":74,"ShowSurahName":false,"ShowBismillah":false,"Text":"فَلَا تَضۡرِبُواْ لِلَّهِ ٱلۡأَمۡثَالَۚ إِنَّ ٱللَّهَ يَعۡلَمُ وَأَنتُمۡ لَا تَعۡلَمُونَ","TajweedText":"فَلَا تَضْرِبُو<tajweed class=slnt>اْ</tajweed> لِلَّهِ <tajweed class=ham_wasl>ٱ</tajweed>لْأَمْثَالَ‌ۚ إِ<tajweed class=ghunnah>نّ</tajweed>َ <tajweed class=ham_wasl>ٱ</tajweed>للَّهَ يَعْلَمُ وَأَ<tajweed class=ikhafa>نت</tajweed>ُمْ لَا تَعْلَم<tajweed class=madda_permissible>ُو</tajweed>نَ <span class=end>٧٤</span>","End":"٧٤","PageNumber":275,"JuzNumber":14,"ManzilNumber":3,"RukuNumber":233,"MaqraNumber":109,"HizbNumber":28,"HizbDecimal":0.0,"HasSajda":false},{"SurahNumber":16,"SurahIndex":"016","VerseNumber":75,"ShowSurahName":false,"ShowBismillah":false,"Text":"۞ضَرَبَ ٱللَّهُ مَثَلًا عَبۡدٗا مَّمۡلُوكٗا لَّا يَقۡدِرُ عَلَىٰ شَيۡءٖ وَمَن رَّزَقۡنَٰهُ مِنَّا رِزۡقًا حَسَنٗا فَهُوَ يُنفِقُ مِنۡهُ سِرّٗا وَجَهۡرًاۖ هَلۡ يَسۡتَوُۥنَۚ ٱلۡحَمۡدُ لِلَّهِۚ بَلۡ أَكۡثَرُهُمۡ لَا يَعۡلَمُونَ","TajweedText":"۞ ضَرَبَ <tajweed class=ham_wasl>ٱ</tajweed>للَّهُ مَثَلاً عَ<tajweed class=qalaqah>بْ</tajweed><tajweed class=idgham_ghunnah>دًا م</tajweed>َّمْلُو<tajweed class=idgham_wo_ghunnah>كًا ل</tajweed>َّا يَ<tajweed class=qalaqah>قْ</tajweed>دِرُ عَلَىٰ ش<tajweed class=idgham_ghunnah>َىْءٍ و</tajweed>َم<tajweed class=idgham_wo_ghunnah>َن ر</tajweed>َّزَ<tajweed class=qalaqah>قْ</tajweed>نَ<tajweed class=madda_normal>ـٰ</tajweed>هُ مِ<tajweed class=ghunnah>نّ</tajweed>َا رِزْقًا حَسَ<tajweed class=ikhafa>نًا ف</tajweed>َهُوَ يُ<tajweed class=ikhafa>نف</tajweed>ِقُ مِنْهُ سِر<tajweed class=idgham_ghunnah>ًّا و</tajweed>َجَهْرًا‌ۖ هَلْ يَسْتَوُ<tajweed class=madda_normal>ۥ</tajweed>نَ‌ۚ <tajweed class=ham_wasl>ٱ</tajweed>لْحَمْدُ لِلَّهِ‌ۚ بَلْ أَكْثَرُهُمْ لَا يَعْلَم<tajweed class=madda_permissible>ُو</tajweed>نَ <span class=end>٧٥</span>","End":"٧٥","PageNumber":275,"JuzNumber":14,"ManzilNumber":3,"RukuNumber":233,"MaqraNumber":110,"HizbNumber":28,"HizbDecimal":0.25,"HasSajda":false},{"SurahNumber":16,"SurahIndex":"016","VerseNumber":76,"ShowSurahName":false,"ShowBismillah":false,"Text":"وَضَرَبَ ٱللَّهُ مَثَلٗا رَّجُلَيۡنِ أَحَدُهُمَآ أَبۡكَمُ لَا يَقۡدِرُ عَلَىٰ شَيۡءٖ وَهُوَ كَلٌّ عَلَىٰ مَوۡلَىٰهُ أَيۡنَمَا يُوَجِّههُّ لَا يَأۡتِ بِخَيۡرٍ هَلۡ يَسۡتَوِي هُوَ وَمَن يَأۡمُرُ بِٱلۡعَدۡلِ وَهُوَ عَلَىٰ صِرَٰطٖ مُّسۡتَقِيمٖ","TajweedText":"وَضَرَبَ <tajweed class=ham_wasl>ٱ</tajweed>للَّهُ مَثَل<tajweed class=idgham_wo_ghunnah>اً ر</tajweed>َّجُلَيْنِ أَحَدُهُم<tajweed class=madda_obligatory>َآ</tajweed> أَ<tajweed class=qalaqah>بْ</tajweed>كَمُ لَا يَ<tajweed class=qalaqah>قْ</tajweed>دِرُ عَلَىٰ ش<tajweed class=idgham_ghunnah>َىْءٍ و</tajweed>َهُوَ كَلٌّ عَلَىٰ مَوْلَ<tajweed class=madda_normal>ـٰ</tajweed>هُ أَيْنَمَا يُوَجِّههُّ لَا يَأْتِ بِخَيْرٍ‌ۖ هَلْ يَسْتَوِى هُوَ وَم<tajweed class=idgham_ghunnah>َن ي</tajweed>َأْمُرُ بِ<tajweed class=ham_wasl>ٱ</tajweed>لْعَ<tajweed class=qalaqah>دْ</tajweed>لِ‌ۙ وَهُوَ عَلَىٰ صِر<tajweed class=madda_normal>َٲ</tajweed><tajweed class=idgham_ghunnah>طٍ م</tajweed>ُّسْتَق<tajweed class=madda_permissible>ِي</tajweed>مٍ <span class=end>٧٦</span>","End":"٧٦","PageNumber":275,"JuzNumber":14,"ManzilNumber":3,"RukuNumber":233,"MaqraNumber":110,"HizbNumber":28,"HizbDecimal":0.25,"HasSajda":false}]}