{"RukuNumber":319,"Verses":[{"SurahNumber":26,"SurahIndex":"026","VerseNumber":53,"ShowSurahName":false,"ShowBismillah":false,"Text":"فَأَرۡسَلَ فِرۡعَوۡنُ فِي ٱلۡمَدَآئِنِ حَٰشِرِينَ","TajweedText":"فَأَرْسَلَ فِرْعَوْنُ فِى <tajweed class=ham_wasl>ٱ</tajweed>لْمَد<tajweed class=madda_obligatory>َا</tajweed>ٓئِنِ حَ<tajweed class=madda_normal>ـٰ</tajweed>شِر<tajweed class=madda_permissible>ِي</tajweed>نَ <span class=end>٥٣</span>","End":"٥٣","PageNumber":369,"JuzNumber":19,"ManzilNumber":5,"RukuNumber":319,"MaqraNumber":148,"HizbNumber":37,"HizbDecimal":0.75,"HasSajda":false},{"SurahNumber":26,"SurahIndex":"026","VerseNumber":54,"ShowSurahName":false,"ShowBismillah":false,"Text":"إِنَّ هَـٰٓؤُلَآءِ لَشِرۡذِمَةٞ قَلِيلُونَ","TajweedText":"إِ<tajweed class=ghunnah>نّ</tajweed>َ هَ<tajweed class=madda_obligatory>ـٰٓ</tajweed>ؤُل<tajweed class=madda_obligatory>َا</tajweed>ٓءِ لَشِرْذِمَ<tajweed class=ikhafa>ةٌ ق</tajweed>َلِيل<tajweed class=madda_permissible>ُو</tajweed>نَ <span class=end>٥٤</span>","End":"٥٤","PageNumber":369,"JuzNumber":19,"ManzilNumber":5,"RukuNumber":319,"MaqraNumber":148,"HizbNumber":37,"HizbDecimal":0.75,"HasSajda":false},{"SurahNumber":26,"SurahIndex":"026","VerseNumber":55,"ShowSurahName":false,"ShowBismillah":false,"Text":"وَإِنَّهُمۡ لَنَا لَغَآئِظُونَ","TajweedText":"وَإِ<tajweed class=ghunnah>نّ</tajweed>َهُمْ لَنَا لَغ<tajweed class=madda_obligatory>َا</tajweed>ٓئِظ<tajweed class=madda_permissible>ُو</tajweed>نَ <span class=end>٥٥</span>","End":"٥٥","PageNumber":369,"JuzNumber":19,"ManzilNumber":5,"RukuNumber":319,"MaqraNumber":148,"HizbNumber":37,"HizbDecimal":0.75,"HasSajda":false},{"SurahNumber":26,"SurahIndex":"026","VerseNumber":56,"ShowSurahName":false,"ShowBismillah":false,"Text":"وَإِنَّا لَجَمِيعٌ حَٰذِرُونَ","TajweedText":"وَإِ<tajweed class=ghunnah>نّ</tajweed>َا لَجَمِيعٌ حَ<tajweed class=madda_normal>ـٰ</tajweed>ذِر<tajweed class=madda_permissible>ُو</tajweed>نَ <span class=end>٥٦</span>","End":"٥٦","PageNumber":369,"JuzNumber":19,"ManzilNumber":5,"RukuNumber":319,"MaqraNumber":148,"HizbNumber":37,"HizbDecimal":0.75,"HasSajda":false},{"SurahNumber":26,"SurahIndex":"026","VerseNumber":57,"ShowSurahName":false,"ShowBismillah":false,"Text":"فَأَخۡرَجۡنَٰهُم مِّن جَنَّـٰتٖ وَعُيُونٖ","TajweedText":"فَأَخْرَ<tajweed class=qalaqah>جْ</tajweed>نَ<tajweed class=madda_normal>ـٰ</tajweed>ه<tajweed class=idgham_shafawi>ُم م</tajweed>ِّ<tajweed class=ikhafa>ن ج</tajweed>َ<tajweed class=ghunnah>نّ</tajweed>َ<tajweed class=madda_normal>ـٰ</tajweed><tajweed class=idgham_ghunnah>تٍ و</tajweed>َعُي<tajweed class=madda_permissible>ُو</tajweed>نٍ <span class=end>٥٧</span>","End":"٥٧","PageNumber":369,"JuzNumber":19,"ManzilNumber":5,"RukuNumber":319,"MaqraNumber":148,"HizbNumber":37,"HizbDecimal":0.75,"HasSajda":false},{"SurahNumber":26,"SurahIndex":"026","VerseNumber":58,"ShowSurahName":false,"ShowBismillah":false,"Text":"وَكُنُوزٖ وَمَقَامٖ كَرِيمٖ","TajweedText":"وَكُنُو<tajweed class=idgham_ghunnah>زٍ و</tajweed>َمَقَا<tajweed class=ikhafa>مٍ ك</tajweed>َر<tajweed class=madda_permissible>ِي</tajweed>مٍ <span class=end>٥٨</span>","End":"٥٨","PageNumber":369,"JuzNumber":19,"ManzilNumber":5,"RukuNumber":319,"MaqraNumber":148,"HizbNumber":37,"HizbDecimal":0.75,"HasSajda":false},{"SurahNumber":26,"SurahIndex":"026","VerseNumber":59,"ShowSurahName":false,"ShowBismillah":false,"Text":"كَذَٰلِكَۖ وَأَوۡرَثۡنَٰهَا بَنِيٓ إِسۡرَـٰٓءِيلَ","TajweedText":"كَذ<tajweed class=madda_normal>َٲ</tajweed>لِكَ وَأَوْرَثْنَ<tajweed class=madda_normal>ـٰ</tajweed>هَا بَن<tajweed class=madda_obligatory>ِىٓ</tajweed> إِسْر<tajweed class=madda_obligatory>َٲ</tajweed>ٓء<tajweed class=madda_permissible>ِي</tajweed>لَ <span class=end>٥٩</span>","End":"٥٩","PageNumber":369,"JuzNumber":19,"ManzilNumber":5,"RukuNumber":319,"MaqraNumber":148,"HizbNumber":37,"HizbDecimal":0.75,"HasSajda":false},{"SurahNumber":26,"SurahIndex":"026","VerseNumber":60,"ShowSurahName":false,"ShowBismillah":false,"Text":"فَأَتۡبَعُوهُم مُّشۡرِقِينَ","TajweedText":"فَأَتْبَعُوه<tajweed class=idgham_shafawi>ُم م</tajweed>ُّشْرِق<tajweed class=madda_permissible>ِي</tajweed>نَ <span class=end>٦٠</span>","End":"٦٠","PageNumber":369,"JuzNumber":19,"ManzilNumber":5,"RukuNumber":319,"MaqraNumber":148,"HizbNumber":37,"HizbDecimal":0.75,"HasSajda":false},{"SurahNumber":26,"SurahIndex":"026","VerseNumber":61,"ShowSurahName":false,"ShowBismillah":false,"Text":"فَلَمَّا تَرَـٰٓءَا ٱلۡجَمۡعَانِ قَالَ أَصۡحَٰبُ مُوسَىٰٓ إِنَّا لَمُدۡرَكُونَ","TajweedText":"فَلَ<tajweed class=ghunnah>مّ</tajweed>َا تَر<tajweed class=madda_obligatory>َٲ</tajweed>ٓءَا <tajweed class=ham_wasl>ٱ</tajweed>لْجَمْعَانِ قَالَ أَصْحَ<tajweed class=madda_normal>ـٰ</tajweed>بُ مُوسَ<tajweed class=madda_obligatory>ىٰٓ</tajweed> إِ<tajweed class=ghunnah>نّ</tajweed>َا لَمُ<tajweed class=qalaqah>دْ</tajweed>رَك<tajweed class=madda_permissible>ُو</tajweed>نَ <span class=end>٦١</span>","End":"٦١","PageNumber":370,"JuzNumber":19,"ManzilNumber":5,"RukuNumber":319,"MaqraNumber":148,"HizbNumber":37,"HizbDecimal":0.75,"HasSajda":false},{"SurahNumber":26,"SurahIndex":"026","VerseNumber":62,"ShowSurahName":false,"ShowBismillah":false,"Text":"قَالَ كَلَّآۖ إِنَّ مَعِيَ رَبِّي سَيَهۡدِينِ","TajweedText":"قَالَ كَلّ<tajweed class=madda_obligatory>َآ‌ۖ</tajweed> إِ<tajweed class=ghunnah>نّ</tajweed>َ مَعِىَ رَبِّى سَيَهْد<tajweed class=madda_permissible>ِي</tajweed>نِ <span class=end>٦٢</span>","End":"٦٢","PageNumber":370,"JuzNumber":19,"ManzilNumber":5,"RukuNumber":319,"MaqraNumber":148,"HizbNumber":37,"HizbDecimal":0.75,"HasSajda":false},{"SurahNumber":26,"SurahIndex":"026","VerseNumber":63,"ShowSurahName":false,"ShowBismillah":false,"Text":"فَأَوۡحَيۡنَآ إِلَىٰ مُوسَىٰٓ أَنِ ٱضۡرِب بِّعَصَاكَ ٱلۡبَحۡرَۖ فَٱنفَلَقَ فَكَانَ كُلُّ فِرۡقٖ كَٱلطَّوۡدِ ٱلۡعَظِيمِ","TajweedText":"فَأَوْحَيْن<tajweed class=madda_obligatory>َآ</tajweed> إِلَىٰ مُوسَ<tajweed class=madda_obligatory>ىٰٓ</tajweed> أَنِ <tajweed class=ham_wasl>ٱ</tajweed>ضْرِب بِّعَصَاكَ <tajweed class=ham_wasl>ٱ</tajweed>لْبَحْرَ‌ۖ فَ<tajweed class=ham_wasl>ٱ</tajweed><tajweed class=ikhafa>نف</tajweed>َلَقَ فَكَانَ كُلُّ فِرْ<tajweed class=ikhafa>قٍ ك</tajweed>َ<tajweed class=ham_wasl>ٱ</tajweed><tajweed class=laam_shamsiyah>ل</tajweed>طَّوْدِ <tajweed class=ham_wasl>ٱ</tajweed>لْعَظ<tajweed class=madda_permissible>ِي</tajweed>مِ <span class=end>٦٣</span>","End":"٦٣","PageNumber":370,"JuzNumber":19,"ManzilNumber":5,"RukuNumber":319,"MaqraNumber":148,"HizbNumber":37,"HizbDecimal":0.75,"HasSajda":false},{"SurahNumber":26,"SurahIndex":"026","VerseNumber":64,"ShowSurahName":false,"ShowBismillah":false,"Text":"وَأَزۡلَفۡنَا ثَمَّ ٱلۡأٓخَرِينَ","TajweedText":"وَأَزْلَفْنَا ثَ<tajweed class=ghunnah>مّ</tajweed>َ <tajweed class=ham_wasl>ٱ</tajweed>لْأَخَر<tajweed class=madda_permissible>ِي</tajweed>نَ <span class=end>٦٤</span>","End":"٦٤","PageNumber":370,"JuzNumber":19,"ManzilNumber":5,"RukuNumber":319,"MaqraNumber":148,"HizbNumber":37,"HizbDecimal":0.75,"HasSajda":false},{"SurahNumber":26,"SurahIndex":"026","VerseNumber":65,"ShowSurahName":false,"ShowBismillah":false,"Text":"وَأَنجَيۡنَا مُوسَىٰ وَمَن مَّعَهُۥٓ أَجۡمَعِينَ","TajweedText":"وَأَ<tajweed class=ikhafa>نج</tajweed>َيْنَا مُوسَىٰ وَم<tajweed class=idgham_ghunnah>َن م</tajweed>َّعَهُ<tajweed class=madda_obligatory>ۥٓ</tajweed> أَ<tajweed class=qalaqah>جْ</tajweed>مَع<tajweed class=madda_permissible>ِي</tajweed>نَ <span class=end>٦٥</span>","End":"٦٥","PageNumber":370,"JuzNumber":19,"ManzilNumber":5,"RukuNumber":319,"MaqraNumber":148,"HizbNumber":37,"HizbDecimal":0.75,"HasSajda":false},{"SurahNumber":26,"SurahIndex":"026","VerseNumber":66,"ShowSurahName":false,"ShowBismillah":false,"Text":"ثُمَّ أَغۡرَقۡنَا ٱلۡأٓخَرِينَ","TajweedText":"ثُ<tajweed class=ghunnah>مّ</tajweed>َ أَغْرَ<tajweed class=qalaqah>قْ</tajweed>نَا <tajweed class=ham_wasl>ٱ</tajweed>لْأَخَر<tajweed class=madda_permissible>ِي</tajweed>نَ <span class=end>٦٦</span>","End":"٦٦","PageNumber":370,"JuzNumber":19,"ManzilNumber":5,"RukuNumber":319,"MaqraNumber":148,"HizbNumber":37,"HizbDecimal":0.75,"HasSajda":false},{"SurahNumber":26,"SurahIndex":"026","VerseNumber":67,"ShowSurahName":false,"ShowBismillah":false,"Text":"إِنَّ فِي ذَٰلِكَ لَأٓيَةٗۖ وَمَا كَانَ أَكۡثَرُهُم مُّؤۡمِنِينَ","TajweedText":"إِ<tajweed class=ghunnah>نّ</tajweed>َ فِى ذ<tajweed class=madda_normal>َٲ</tajweed>لِكَ لَأَيَ<tajweed class=idgham_ghunnah>ةً‌ۖ و</tajweed>َمَا كَانَ أَكْثَرُه<tajweed class=idgham_shafawi>ُم م</tajweed>ُّؤْمِن<tajweed class=madda_permissible>ِي</tajweed>نَ <span class=end>٦٧</span>","End":"٦٧","PageNumber":370,"JuzNumber":19,"ManzilNumber":5,"RukuNumber":319,"MaqraNumber":148,"HizbNumber":37,"HizbDecimal":0.75,"HasSajda":false},{"SurahNumber":26,"SurahIndex":"026","VerseNumber":68,"ShowSurahName":false,"ShowBismillah":false,"Text":"وَإِنَّ رَبَّكَ لَهُوَ ٱلۡعَزِيزُ ٱلرَّحِيمُ","TajweedText":"وَإِ<tajweed class=ghunnah>نّ</tajweed>َ رَبَّكَ لَهُوَ <tajweed class=ham_wasl>ٱ</tajweed>لْعَزِيزُ <tajweed class=ham_wasl>ٱ</tajweed><tajweed class=laam_shamsiyah>ل</tajweed>رَّح<tajweed class=madda_permissible>ِي</tajweed>مُ <span class=end>٦٨</span>","End":"٦٨","PageNumber":370,"JuzNumber":19,"ManzilNumber":5,"RukuNumber":319,"MaqraNumber":148,"HizbNumber":37,"HizbDecimal":0.75,"HasSajda":false},{"SurahNumber":26,"SurahIndex":"026","VerseNumber":69,"ShowSurahName":false,"ShowBismillah":false,"Text":"وَٱتۡلُ عَلَيۡهِمۡ نَبَأَ إِبۡرَٰهِيمَ","TajweedText":"وَ<tajweed class=ham_wasl>ٱ</tajweed>تْلُ عَلَيْهِمْ نَبَأَ إِ<tajweed class=qalaqah>بْ</tajweed>ر<tajweed class=madda_normal>َٲ</tajweed>ه<tajweed class=madda_permissible>ِي</tajweed>مَ <span class=end>٦٩</span>","End":"٦٩","PageNumber":370,"JuzNumber":19,"ManzilNumber":5,"RukuNumber":319,"MaqraNumber":148,"HizbNumber":37,"HizbDecimal":0.75,"HasSajda":false}]}