{"RukuNumber":282,"Verses":[{"SurahNumber":21,"SurahIndex":"021","VerseNumber":51,"ShowSurahName":false,"ShowBismillah":false,"Text":"۞وَلَقَدۡ ءَاتَيۡنَآ إِبۡرَٰهِيمَ رُشۡدَهُۥ مِن قَبۡلُ وَكُنَّا بِهِۦ عَٰلِمِينَ","TajweedText":"۞ وَلَقَ<tajweed class=qalaqah>دْ</tajweed> ءَاتَيْن<tajweed class=madda_obligatory>َآ</tajweed> إِ<tajweed class=qalaqah>بْ</tajweed>ر<tajweed class=madda_normal>َٲ</tajweed>هِيمَ رُشْدَهُ<tajweed class=madda_normal>ۥ</tajweed> مِ<tajweed class=ikhafa>ن ق</tajweed>َ<tajweed class=qalaqah>بْ</tajweed>لُ وَكُ<tajweed class=ghunnah>نّ</tajweed>َا بِه<tajweed class=madda_normal>ِۦ</tajweed> عَ<tajweed class=madda_normal>ـٰ</tajweed>لِم<tajweed class=madda_permissible>ِي</tajweed>نَ <span class=end>٥١</span>","End":"٥١","PageNumber":326,"JuzNumber":17,"ManzilNumber":4,"RukuNumber":282,"MaqraNumber":131,"HizbNumber":33,"HizbDecimal":0.5,"HasSajda":false},{"SurahNumber":21,"SurahIndex":"021","VerseNumber":52,"ShowSurahName":false,"ShowBismillah":false,"Text":"إِذۡ قَالَ لِأَبِيهِ وَقَوۡمِهِۦ مَا هَٰذِهِ ٱلتَّمَاثِيلُ ٱلَّتِيٓ أَنتُمۡ لَهَا عَٰكِفُونَ","TajweedText":"إِذْ قَالَ لِأَبِيهِ وَقَوْمِه<tajweed class=madda_normal>ِۦ</tajweed> مَا هَ<tajweed class=madda_normal>ـٰ</tajweed>ذِهِ <tajweed class=ham_wasl>ٱ</tajweed><tajweed class=laam_shamsiyah>ل</tajweed>تَّمَاثِيلُ <tajweed class=ham_wasl>ٱ</tajweed>لَّت<tajweed class=madda_obligatory>ِىٓ</tajweed> أَ<tajweed class=ikhafa>نت</tajweed>ُمْ لَهَا عَ<tajweed class=madda_normal>ـٰ</tajweed>كِف<tajweed class=madda_permissible>ُو</tajweed>نَ <span class=end>٥٢</span>","End":"٥٢","PageNumber":326,"JuzNumber":17,"ManzilNumber":4,"RukuNumber":282,"MaqraNumber":131,"HizbNumber":33,"HizbDecimal":0.5,"HasSajda":false},{"SurahNumber":21,"SurahIndex":"021","VerseNumber":53,"ShowSurahName":false,"ShowBismillah":false,"Text":"قَالُواْ وَجَدۡنَآ ءَابَآءَنَا لَهَا عَٰبِدِينَ","TajweedText":"قَالُو<tajweed class=slnt>اْ</tajweed> وَجَ<tajweed class=qalaqah>دْ</tajweed>ن<tajweed class=madda_obligatory>َآ</tajweed> ءَاب<tajweed class=madda_obligatory>َا</tajweed>ٓءَنَا لَهَا عَ<tajweed class=madda_normal>ـٰ</tajweed>بِد<tajweed class=madda_permissible>ِي</tajweed>نَ <span class=end>٥٣</span>","End":"٥٣","PageNumber":326,"JuzNumber":17,"ManzilNumber":4,"RukuNumber":282,"MaqraNumber":131,"HizbNumber":33,"HizbDecimal":0.5,"HasSajda":false},{"SurahNumber":21,"SurahIndex":"021","VerseNumber":54,"ShowSurahName":false,"ShowBismillah":false,"Text":"قَالَ لَقَدۡ كُنتُمۡ أَنتُمۡ وَءَابَآؤُكُمۡ فِي ضَلَٰلٖ مُّبِينٖ","TajweedText":"قَالَ لَقَ<tajweed class=qalaqah>دْ</tajweed> كُ<tajweed class=ikhafa>نت</tajweed>ُمْ أَ<tajweed class=ikhafa>نت</tajweed>ُمْ وَءَاب<tajweed class=madda_obligatory>َا</tajweed>ٓؤُكُمْ فِى ضَلَ<tajweed class=madda_normal>ـٰ</tajweed><tajweed class=idgham_ghunnah>لٍ م</tajweed>ُّب<tajweed class=madda_permissible>ِي</tajweed>نٍ <span class=end>٥٤</span>","End":"٥٤","PageNumber":326,"JuzNumber":17,"ManzilNumber":4,"RukuNumber":282,"MaqraNumber":131,"HizbNumber":33,"HizbDecimal":0.5,"HasSajda":false},{"SurahNumber":21,"SurahIndex":"021","VerseNumber":55,"ShowSurahName":false,"ShowBismillah":false,"Text":"قَالُوٓاْ أَجِئۡتَنَا بِٱلۡحَقِّ أَمۡ أَنتَ مِنَ ٱللَّـٰعِبِينَ","TajweedText":"قَال<tajweed class=madda_obligatory>ُوٓ</tajweed><tajweed class=slnt>اْ</tajweed> أَجِئْتَنَا بِ<tajweed class=ham_wasl>ٱ</tajweed>لْحَقِّ أَمْ أَ<tajweed class=ikhafa>نت</tajweed>َ مِنَ <tajweed class=ham_wasl>ٱ</tajweed><tajweed class=laam_shamsiyah>ل</tajweed>لَّ<tajweed class=madda_normal>ـٰ</tajweed>عِب<tajweed class=madda_permissible>ِي</tajweed>نَ <span class=end>٥٥</span>","End":"٥٥","PageNumber":326,"JuzNumber":17,"ManzilNumber":4,"RukuNumber":282,"MaqraNumber":131,"HizbNumber":33,"HizbDecimal":0.5,"HasSajda":false},{"SurahNumber":21,"SurahIndex":"021","VerseNumber":56,"ShowSurahName":false,"ShowBismillah":false,"Text":"قَالَ بَل رَّبُّكُمۡ رَبُّ ٱلسَّمَٰوَٰتِ وَٱلۡأَرۡضِ ٱلَّذِي فَطَرَهُنَّ وَأَنَا۠ عَلَىٰ ذَٰلِكُم مِّنَ ٱلشَّـٰهِدِينَ","TajweedText":"قَالَ بَ<tajweed class=idgham_mutaqaribayn>ل</tajweed> رَّبُّكُمْ رَبُّ <tajweed class=ham_wasl>ٱ</tajweed><tajweed class=laam_shamsiyah>ل</tajweed>سَّمَ<tajweed class=madda_normal>ـٰ</tajweed>و<tajweed class=madda_normal>َٲ</tajweed>تِ وَ<tajweed class=ham_wasl>ٱ</tajweed>لْأَرْضِ <tajweed class=ham_wasl>ٱ</tajweed>لَّذِى فَطَرَهُ<tajweed class=ghunnah>نّ</tajweed>َ وَأَنَا۟ عَلَىٰ ذ<tajweed class=madda_normal>َٲ</tajweed>لِك<tajweed class=idgham_shafawi>ُم م</tajweed>ِّنَ <tajweed class=ham_wasl>ٱ</tajweed><tajweed class=laam_shamsiyah>ل</tajweed>شَّ<tajweed class=madda_normal>ـٰ</tajweed>هِد<tajweed class=madda_permissible>ِي</tajweed>نَ <span class=end>٥٦</span>","End":"٥٦","PageNumber":326,"JuzNumber":17,"ManzilNumber":4,"RukuNumber":282,"MaqraNumber":131,"HizbNumber":33,"HizbDecimal":0.5,"HasSajda":false},{"SurahNumber":21,"SurahIndex":"021","VerseNumber":57,"ShowSurahName":false,"ShowBismillah":false,"Text":"وَتَٱللَّهِ لَأَكِيدَنَّ أَصۡنَٰمَكُم بَعۡدَ أَن تُوَلُّواْ مُدۡبِرِينَ","TajweedText":"وَتَ<tajweed class=ham_wasl>ٱ</tajweed>للَّهِ لَأَكِيدَ<tajweed class=ghunnah>نّ</tajweed>َ أَصْنَ<tajweed class=madda_normal>ـٰ</tajweed>مَك<tajweed class=ikhafa_shafawi>ُم ب</tajweed>َعْدَ أَ<tajweed class=ikhafa>ن ت</tajweed>ُوَلُّو<tajweed class=slnt>اْ</tajweed> مُ<tajweed class=qalaqah>دْ</tajweed>بِر<tajweed class=madda_permissible>ِي</tajweed>نَ <span class=end>٥٧</span>","End":"٥٧","PageNumber":326,"JuzNumber":17,"ManzilNumber":4,"RukuNumber":282,"MaqraNumber":131,"HizbNumber":33,"HizbDecimal":0.5,"HasSajda":false},{"SurahNumber":21,"SurahIndex":"021","VerseNumber":58,"ShowSurahName":false,"ShowBismillah":false,"Text":"فَجَعَلَهُمۡ جُذَٰذًا إِلَّا كَبِيرٗا لَّهُمۡ لَعَلَّهُمۡ إِلَيۡهِ يَرۡجِعُونَ","TajweedText":"فَجَعَلَهُمْ جُذ<tajweed class=madda_normal>َٲ</tajweed>ذًا إِلَّا كَبِي<tajweed class=idgham_wo_ghunnah>رًا ل</tajweed>َّهُمْ لَعَلَّهُمْ إِلَيْهِ يَرْجِع<tajweed class=madda_permissible>ُو</tajweed>نَ <span class=end>٥٨</span>","End":"٥٨","PageNumber":327,"JuzNumber":17,"ManzilNumber":4,"RukuNumber":282,"MaqraNumber":131,"HizbNumber":33,"HizbDecimal":0.5,"HasSajda":false},{"SurahNumber":21,"SurahIndex":"021","VerseNumber":59,"ShowSurahName":false,"ShowBismillah":false,"Text":"قَالُواْ مَن فَعَلَ هَٰذَا بِـَٔالِهَتِنَآ إِنَّهُۥ لَمِنَ ٱلظَّـٰلِمِينَ","TajweedText":"قَالُو<tajweed class=slnt>اْ</tajweed> مَ<tajweed class=ikhafa>ن ف</tajweed>َعَلَ هَ<tajweed class=madda_normal>ـٰ</tajweed>ذَا بِـَٔـالِهَتِن<tajweed class=madda_obligatory>َآ</tajweed> إِ<tajweed class=ghunnah>نّ</tajweed>َهُ<tajweed class=madda_normal>ۥ</tajweed> لَمِنَ <tajweed class=ham_wasl>ٱ</tajweed><tajweed class=laam_shamsiyah>ل</tajweed>ظَّ<tajweed class=madda_normal>ـٰ</tajweed>لِم<tajweed class=madda_permissible>ِي</tajweed>نَ <span class=end>٥٩</span>","End":"٥٩","PageNumber":327,"JuzNumber":17,"ManzilNumber":4,"RukuNumber":282,"MaqraNumber":131,"HizbNumber":33,"HizbDecimal":0.5,"HasSajda":false},{"SurahNumber":21,"SurahIndex":"021","VerseNumber":60,"ShowSurahName":false,"ShowBismillah":false,"Text":"قَالُواْ سَمِعۡنَا فَتٗى يَذۡكُرُهُمۡ يُقَالُ لَهُۥٓ إِبۡرَٰهِيمُ","TajweedText":"قَالُو<tajweed class=slnt>اْ</tajweed> سَمِعْنَا فَ<tajweed class=idgham_ghunnah>تًى ي</tajweed>َذْكُرُهُمْ يُقَالُ لَهُ<tajweed class=madda_obligatory>ۥٓ</tajweed> إِ<tajweed class=qalaqah>بْ</tajweed>ر<tajweed class=madda_normal>َٲ</tajweed>ه<tajweed class=madda_permissible>ِي</tajweed>مُ <span class=end>٦٠</span>","End":"٦٠","PageNumber":327,"JuzNumber":17,"ManzilNumber":4,"RukuNumber":282,"MaqraNumber":131,"HizbNumber":33,"HizbDecimal":0.5,"HasSajda":false},{"SurahNumber":21,"SurahIndex":"021","VerseNumber":61,"ShowSurahName":false,"ShowBismillah":false,"Text":"قَالُواْ فَأۡتُواْ بِهِۦ عَلَىٰٓ أَعۡيُنِ ٱلنَّاسِ لَعَلَّهُمۡ يَشۡهَدُونَ","TajweedText":"قَالُو<tajweed class=slnt>اْ</tajweed> فَأْتُو<tajweed class=slnt>اْ</tajweed> بِه<tajweed class=madda_normal>ِۦ</tajweed> عَلَ<tajweed class=madda_obligatory>ىٰٓ</tajweed> أَعْيُنِ <tajweed class=ham_wasl>ٱ</tajweed><tajweed class=laam_shamsiyah>ل</tajweed><tajweed class=ghunnah>نّ</tajweed>َاسِ لَعَلَّهُمْ يَشْهَد<tajweed class=madda_permissible>ُو</tajweed>نَ <span class=end>٦١</span>","End":"٦١","PageNumber":327,"JuzNumber":17,"ManzilNumber":4,"RukuNumber":282,"MaqraNumber":131,"HizbNumber":33,"HizbDecimal":0.5,"HasSajda":false},{"SurahNumber":21,"SurahIndex":"021","VerseNumber":62,"ShowSurahName":false,"ShowBismillah":false,"Text":"قَالُوٓاْ ءَأَنتَ فَعَلۡتَ هَٰذَا بِـَٔالِهَتِنَا يَـٰٓإِبۡرَٰهِيمُ","TajweedText":"قَال<tajweed class=madda_obligatory>ُوٓ</tajweed><tajweed class=slnt>اْ</tajweed> ءَأَ<tajweed class=ikhafa>نت</tajweed>َ فَعَلْتَ هَ<tajweed class=madda_normal>ـٰ</tajweed>ذَا بِـَٔـالِهَتِنَا يَ<tajweed class=madda_obligatory>ـٰٓ</tajweed>إِ<tajweed class=qalaqah>بْ</tajweed>ر<tajweed class=madda_normal>َٲ</tajweed>ه<tajweed class=madda_permissible>ِي</tajweed>مُ <span class=end>٦٢</span>","End":"٦٢","PageNumber":327,"JuzNumber":17,"ManzilNumber":4,"RukuNumber":282,"MaqraNumber":131,"HizbNumber":33,"HizbDecimal":0.5,"HasSajda":false},{"SurahNumber":21,"SurahIndex":"021","VerseNumber":63,"ShowSurahName":false,"ShowBismillah":false,"Text":"قَالَ بَلۡ فَعَلَهُۥ كَبِيرُهُمۡ هَٰذَا فَسۡـَٔلُوهُمۡ إِن كَانُواْ يَنطِقُونَ","TajweedText":"قَالَ بَلْ فَعَلَهُ<tajweed class=madda_normal>ۥ</tajweed> كَبِيرُهُمْ هَ<tajweed class=madda_normal>ـٰ</tajweed>ذَا فَسْــَٔلُوهُمْ إِ<tajweed class=ikhafa>ن ك</tajweed>َانُو<tajweed class=slnt>اْ</tajweed> يَ<tajweed class=ikhafa>نط</tajweed>ِق<tajweed class=madda_permissible>ُو</tajweed>نَ <span class=end>٦٣</span>","End":"٦٣","PageNumber":327,"JuzNumber":17,"ManzilNumber":4,"RukuNumber":282,"MaqraNumber":131,"HizbNumber":33,"HizbDecimal":0.5,"HasSajda":false},{"SurahNumber":21,"SurahIndex":"021","VerseNumber":64,"ShowSurahName":false,"ShowBismillah":false,"Text":"فَرَجَعُوٓاْ إِلَىٰٓ أَنفُسِهِمۡ فَقَالُوٓاْ إِنَّكُمۡ أَنتُمُ ٱلظَّـٰلِمُونَ","TajweedText":"فَرَجَع<tajweed class=madda_obligatory>ُوٓ</tajweed><tajweed class=slnt>اْ</tajweed> إِلَ<tajweed class=madda_obligatory>ىٰٓ</tajweed> أَ<tajweed class=ikhafa>نف</tajweed>ُسِهِمْ فَقَال<tajweed class=madda_obligatory>ُوٓ</tajweed><tajweed class=slnt>اْ</tajweed> إِ<tajweed class=ghunnah>نّ</tajweed>َكُمْ أَ<tajweed class=ikhafa>نت</tajweed>ُمُ <tajweed class=ham_wasl>ٱ</tajweed><tajweed class=laam_shamsiyah>ل</tajweed>ظَّ<tajweed class=madda_normal>ـٰ</tajweed>لِم<tajweed class=madda_permissible>ُو</tajweed>نَ <span class=end>٦٤</span>","End":"٦٤","PageNumber":327,"JuzNumber":17,"ManzilNumber":4,"RukuNumber":282,"MaqraNumber":131,"HizbNumber":33,"HizbDecimal":0.5,"HasSajda":false},{"SurahNumber":21,"SurahIndex":"021","VerseNumber":65,"ShowSurahName":false,"ShowBismillah":false,"Text":"ثُمَّ نُكِسُواْ عَلَىٰ رُءُوسِهِمۡ لَقَدۡ عَلِمۡتَ مَا هَـٰٓؤُلَآءِ يَنطِقُونَ","TajweedText":"ثُ<tajweed class=ghunnah>مّ</tajweed>َ نُكِسُو<tajweed class=slnt>اْ</tajweed> عَلَىٰ رُءُوسِهِمْ لَقَ<tajweed class=qalaqah>دْ</tajweed> عَلِمْتَ مَا هَ<tajweed class=madda_obligatory>ـٰٓ</tajweed>ؤُل<tajweed class=madda_obligatory>َا</tajweed>ٓءِ يَ<tajweed class=ikhafa>نط</tajweed>ِق<tajweed class=madda_permissible>ُو</tajweed>نَ <span class=end>٦٥</span>","End":"٦٥","PageNumber":327,"JuzNumber":17,"ManzilNumber":4,"RukuNumber":282,"MaqraNumber":131,"HizbNumber":33,"HizbDecimal":0.5,"HasSajda":false},{"SurahNumber":21,"SurahIndex":"021","VerseNumber":66,"ShowSurahName":false,"ShowBismillah":false,"Text":"قَالَ أَفَتَعۡبُدُونَ مِن دُونِ ٱللَّهِ مَا لَا يَنفَعُكُمۡ شَيۡـٔٗا وَلَا يَضُرُّكُمۡ","TajweedText":"قَالَ أَفَتَعْبُدُونَ مِ<tajweed class=ikhafa>ن د</tajweed>ُونِ <tajweed class=ham_wasl>ٱ</tajweed>للَّهِ مَا لَا يَ<tajweed class=ikhafa>نف</tajweed>َعُكُمْ شَيْـ<tajweed class=idgham_ghunnah>ـًٔا و</tajweed>َلَا يَضُرُّكُمْ <span class=end>٦٦</span>","End":"٦٦","PageNumber":327,"JuzNumber":17,"ManzilNumber":4,"RukuNumber":282,"MaqraNumber":131,"HizbNumber":33,"HizbDecimal":0.5,"HasSajda":false},{"SurahNumber":21,"SurahIndex":"021","VerseNumber":67,"ShowSurahName":false,"ShowBismillah":false,"Text":"أُفّٖ لَّكُمۡ وَلِمَا تَعۡبُدُونَ مِن دُونِ ٱللَّهِۚ أَفَلَا تَعۡقِلُونَ","TajweedText":"أُ<tajweed class=idgham_wo_ghunnah>فٍّ ل</tajweed>َّكُمْ وَلِمَا تَعْبُدُونَ مِ<tajweed class=ikhafa>ن د</tajweed>ُونِ <tajweed class=ham_wasl>ٱ</tajweed>للَّهِ‌ۖ أَفَلَا تَعْقِل<tajweed class=madda_permissible>ُو</tajweed>نَ <span class=end>٦٧</span>","End":"٦٧","PageNumber":327,"JuzNumber":17,"ManzilNumber":4,"RukuNumber":282,"MaqraNumber":131,"HizbNumber":33,"HizbDecimal":0.5,"HasSajda":false},{"SurahNumber":21,"SurahIndex":"021","VerseNumber":68,"ShowSurahName":false,"ShowBismillah":false,"Text":"قَالُواْ حَرِّقُوهُ وَٱنصُرُوٓاْ ءَالِهَتَكُمۡ إِن كُنتُمۡ فَٰعِلِينَ","TajweedText":"قَالُو<tajweed class=slnt>اْ</tajweed> حَرِّقُوهُ وَ<tajweed class=ham_wasl>ٱ</tajweed><tajweed class=ikhafa>نص</tajweed>ُر<tajweed class=madda_obligatory>ُوٓ</tajweed><tajweed class=slnt>اْ</tajweed> ءَالِهَتَكُمْ إِ<tajweed class=ikhafa>ن ك</tajweed>ُ<tajweed class=ikhafa>نت</tajweed>ُمْ فَ<tajweed class=madda_normal>ـٰ</tajweed>عِل<tajweed class=madda_permissible>ِي</tajweed>نَ <span class=end>٦٨</span>","End":"٦٨","PageNumber":327,"JuzNumber":17,"ManzilNumber":4,"RukuNumber":282,"MaqraNumber":131,"HizbNumber":33,"HizbDecimal":0.5,"HasSajda":false},{"SurahNumber":21,"SurahIndex":"021","VerseNumber":69,"ShowSurahName":false,"ShowBismillah":false,"Text":"قُلۡنَا يَٰنَارُ كُونِي بَرۡدٗا وَسَلَٰمًا عَلَىٰٓ إِبۡرَٰهِيمَ","TajweedText":"قُلْنَا يَ<tajweed class=madda_normal>ـٰ</tajweed>نَارُ كُونِى بَرْ<tajweed class=idgham_ghunnah>دًا و</tajweed>َسَلَ<tajweed class=madda_normal>ـٰ</tajweed>مًا عَلَ<tajweed class=madda_obligatory>ىٰٓ</tajweed> إِ<tajweed class=qalaqah>بْ</tajweed>ر<tajweed class=madda_normal>َٲ</tajweed>ه<tajweed class=madda_permissible>ِي</tajweed>مَ <span class=end>٦٩</span>","End":"٦٩","PageNumber":327,"JuzNumber":17,"ManzilNumber":4,"RukuNumber":282,"MaqraNumber":131,"HizbNumber":33,"HizbDecimal":0.5,"HasSajda":false},{"SurahNumber":21,"SurahIndex":"021","VerseNumber":70,"ShowSurahName":false,"ShowBismillah":false,"Text":"وَأَرَادُواْ بِهِۦ كَيۡدٗا فَجَعَلۡنَٰهُمُ ٱلۡأَخۡسَرِينَ","TajweedText":"وَأَرَادُو<tajweed class=slnt>اْ</tajweed> بِه<tajweed class=madda_normal>ِۦ</tajweed> كَيْ<tajweed class=ikhafa>دًا ف</tajweed>َجَعَلْنَ<tajweed class=madda_normal>ـٰ</tajweed>هُمُ <tajweed class=ham_wasl>ٱ</tajweed>لْأَخْسَر<tajweed class=madda_permissible>ِي</tajweed>نَ <span class=end>٧٠</span>","End":"٧٠","PageNumber":327,"JuzNumber":17,"ManzilNumber":4,"RukuNumber":282,"MaqraNumber":131,"HizbNumber":33,"HizbDecimal":0.5,"HasSajda":false},{"SurahNumber":21,"SurahIndex":"021","VerseNumber":71,"ShowSurahName":false,"ShowBismillah":false,"Text":"وَنَجَّيۡنَٰهُ وَلُوطًا إِلَى ٱلۡأَرۡضِ ٱلَّتِي بَٰرَكۡنَا فِيهَا لِلۡعَٰلَمِينَ","TajweedText":"وَنَجَّيْنَ<tajweed class=madda_normal>ـٰ</tajweed>هُ وَلُوطًا إِلَى <tajweed class=ham_wasl>ٱ</tajweed>لْأَرْضِ <tajweed class=ham_wasl>ٱ</tajweed>لَّتِى بَ<tajweed class=madda_normal>ـٰ</tajweed>رَكْنَا فِيهَا لِلْعَ<tajweed class=madda_normal>ـٰ</tajweed>لَم<tajweed class=madda_permissible>ِي</tajweed>نَ <span class=end>٧١</span>","End":"٧١","PageNumber":327,"JuzNumber":17,"ManzilNumber":4,"RukuNumber":282,"MaqraNumber":131,"HizbNumber":33,"HizbDecimal":0.5,"HasSajda":false},{"SurahNumber":21,"SurahIndex":"021","VerseNumber":72,"ShowSurahName":false,"ShowBismillah":false,"Text":"وَوَهَبۡنَا لَهُۥٓ إِسۡحَٰقَ وَيَعۡقُوبَ نَافِلَةٗۖ وَكُلّٗا جَعَلۡنَا صَٰلِحِينَ","TajweedText":"وَوَهَ<tajweed class=qalaqah>بْ</tajweed>نَا لَهُ<tajweed class=madda_obligatory>ۥٓ</tajweed> إِسْحَ<tajweed class=madda_normal>ـٰ</tajweed>قَ وَيَعْقُوبَ نَافِلَ<tajweed class=idgham_ghunnah>ةً‌ۖ و</tajweed>َكُل<tajweed class=ikhafa>اًّ ج</tajweed>َعَلْنَا صَ<tajweed class=madda_normal>ـٰ</tajweed>لِح<tajweed class=madda_permissible>ِي</tajweed>نَ <span class=end>٧٢</span>","End":"٧٢","PageNumber":327,"JuzNumber":17,"ManzilNumber":4,"RukuNumber":282,"MaqraNumber":131,"HizbNumber":33,"HizbDecimal":0.5,"HasSajda":false},{"SurahNumber":21,"SurahIndex":"021","VerseNumber":73,"ShowSurahName":false,"ShowBismillah":false,"Text":"وَجَعَلۡنَٰهُمۡ أَئِمَّةٗ يَهۡدُونَ بِأَمۡرِنَا وَأَوۡحَيۡنَآ إِلَيۡهِمۡ فِعۡلَ ٱلۡخَيۡرَٰتِ وَإِقَامَ ٱلصَّلَوٰةِ وَإِيتَآءَ ٱلزَّكَوٰةِۖ وَكَانُواْ لَنَا عَٰبِدِينَ","TajweedText":"وَجَعَلْنَ<tajweed class=madda_normal>ـٰ</tajweed>هُمْ أَئِ<tajweed class=ghunnah>مّ</tajweed>َ<tajweed class=idgham_ghunnah>ةً ي</tajweed>َهْدُونَ بِأَمْرِنَا وَأَوْحَيْن<tajweed class=madda_obligatory>َآ</tajweed> إِلَيْهِمْ فِعْلَ <tajweed class=ham_wasl>ٱ</tajweed>لْخَيْر<tajweed class=madda_normal>َٲ</tajweed>تِ وَإِقَامَ <tajweed class=ham_wasl>ٱ</tajweed><tajweed class=laam_shamsiyah>ل</tajweed>صَّلَ<tajweed class=slnt>و</tajweed><tajweed class=madda_normal>ٲ</tajweed>ةِ وَإِيت<tajweed class=madda_obligatory>َا</tajweed>ٓءَ <tajweed class=ham_wasl>ٱ</tajweed><tajweed class=laam_shamsiyah>ل</tajweed>زَّكَ<tajweed class=slnt>و</tajweed><tajweed class=madda_normal>ٲ</tajweed>ةِ‌ۖ وَكَانُو<tajweed class=slnt>اْ</tajweed> لَنَا عَ<tajweed class=madda_normal>ـٰ</tajweed>بِد<tajweed class=madda_permissible>ِي</tajweed>نَ <span class=end>٧٣</span>","End":"٧٣","PageNumber":328,"JuzNumber":17,"ManzilNumber":4,"RukuNumber":282,"MaqraNumber":131,"HizbNumber":33,"HizbDecimal":0.5,"HasSajda":false},{"SurahNumber":21,"SurahIndex":"021","VerseNumber":74,"ShowSurahName":false,"ShowBismillah":false,"Text":"وَلُوطًا ءَاتَيۡنَٰهُ حُكۡمٗا وَعِلۡمٗا وَنَجَّيۡنَٰهُ مِنَ ٱلۡقَرۡيَةِ ٱلَّتِي كَانَت تَّعۡمَلُ ٱلۡخَبَـٰٓئِثَۚ إِنَّهُمۡ كَانُواْ قَوۡمَ سَوۡءٖ فَٰسِقِينَ","TajweedText":"وَلُوطًا ءَاتَيْنَ<tajweed class=madda_normal>ـٰ</tajweed>هُ حُكْ<tajweed class=idgham_ghunnah>مًا و</tajweed>َعِلْ<tajweed class=idgham_ghunnah>مًا و</tajweed>َنَجَّيْنَ<tajweed class=madda_normal>ـٰ</tajweed>هُ مِنَ <tajweed class=ham_wasl>ٱ</tajweed>لْقَرْيَةِ <tajweed class=ham_wasl>ٱ</tajweed>لَّتِى كَانَت تَّعْمَلُ <tajweed class=ham_wasl>ٱ</tajweed>لْخَبَ<tajweed class=madda_obligatory>ـٰٓ</tajweed>ئِثَ‌ۗ إِ<tajweed class=ghunnah>نّ</tajweed>َهُمْ كَانُو<tajweed class=slnt>اْ</tajweed> قَوْمَ سَوْ<tajweed class=ikhafa>ءٍ ف</tajweed>َ<tajweed class=madda_normal>ـٰ</tajweed>سِق<tajweed class=madda_permissible>ِي</tajweed>نَ <span class=end>٧٤</span>","End":"٧٤","PageNumber":328,"JuzNumber":17,"ManzilNumber":4,"RukuNumber":282,"MaqraNumber":131,"HizbNumber":33,"HizbDecimal":0.5,"HasSajda":false},{"SurahNumber":21,"SurahIndex":"021","VerseNumber":75,"ShowSurahName":false,"ShowBismillah":false,"Text":"وَأَدۡخَلۡنَٰهُ فِي رَحۡمَتِنَآۖ إِنَّهُۥ مِنَ ٱلصَّـٰلِحِينَ","TajweedText":"وَأَ<tajweed class=qalaqah>دْ</tajweed>خَلْنَ<tajweed class=madda_normal>ـٰ</tajweed>هُ فِى رَحْمَتِن<tajweed class=madda_obligatory>َآ‌ۖ</tajweed> إِ<tajweed class=ghunnah>نّ</tajweed>َهُ<tajweed class=madda_normal>ۥ</tajweed> مِنَ <tajweed class=ham_wasl>ٱ</tajweed><tajweed class=laam_shamsiyah>ل</tajweed>صَّ<tajweed class=madda_normal>ـٰ</tajweed>لِح<tajweed class=madda_permissible>ِي</tajweed>نَ <span class=end>٧٥</span>","End":"٧٥","PageNumber":328,"JuzNumber":17,"ManzilNumber":4,"RukuNumber":282,"MaqraNumber":131,"HizbNumber":33,"HizbDecimal":0.5,"HasSajda":false}]}