{"RukuNumber":402,"Verses":[{"SurahNumber":39,"SurahIndex":"039","VerseNumber":64,"ShowSurahName":false,"ShowBismillah":false,"Text":"قُلۡ أَفَغَيۡرَ ٱللَّهِ تَأۡمُرُوٓنِّيٓ أَعۡبُدُ أَيُّهَا ٱلۡجَٰهِلُونَ","TajweedText":"قُلْ أَفَغَيْرَ <tajweed class=ham_wasl>ٱ</tajweed>للَّهِ تَأْمُر<tajweed class=madda_necessary>ُو</tajweed>ٓ<tajweed class=ghunnah>نّ</tajweed><tajweed class=madda_obligatory>ِىٓ</tajweed> أَعْبُدُ أَيُّهَا <tajweed class=ham_wasl>ٱ</tajweed>لْجَ<tajweed class=madda_normal>ـٰ</tajweed>هِل<tajweed class=madda_permissible>ُو</tajweed>نَ <span class=end>٦٤</span>","End":"٦٤","PageNumber":465,"JuzNumber":24,"ManzilNumber":6,"RukuNumber":402,"MaqraNumber":186,"HizbNumber":47,"HizbDecimal":0.25,"HasSajda":false},{"SurahNumber":39,"SurahIndex":"039","VerseNumber":65,"ShowSurahName":false,"ShowBismillah":false,"Text":"وَلَقَدۡ أُوحِيَ إِلَيۡكَ وَإِلَى ٱلَّذِينَ مِن قَبۡلِكَ لَئِنۡ أَشۡرَكۡتَ لَيَحۡبَطَنَّ عَمَلُكَ وَلَتَكُونَنَّ مِنَ ٱلۡخَٰسِرِينَ","TajweedText":"وَلَقَ<tajweed class=qalaqah>دْ</tajweed> أُوحِىَ إِلَيْكَ وَإِلَى <tajweed class=ham_wasl>ٱ</tajweed>لَّذِينَ مِ<tajweed class=ikhafa>ن ق</tajweed>َ<tajweed class=qalaqah>بْ</tajweed>لِكَ لَئِنْ أَشْرَكْتَ لَيَحْبَطَ<tajweed class=ghunnah>نّ</tajweed>َ عَمَلُكَ وَلَتَكُونَ<tajweed class=ghunnah>نّ</tajweed>َ مِنَ <tajweed class=ham_wasl>ٱ</tajweed>لْخَ<tajweed class=madda_normal>ـٰ</tajweed>سِر<tajweed class=madda_permissible>ِي</tajweed>نَ <span class=end>٦٥</span>","End":"٦٥","PageNumber":465,"JuzNumber":24,"ManzilNumber":6,"RukuNumber":402,"MaqraNumber":186,"HizbNumber":47,"HizbDecimal":0.25,"HasSajda":false},{"SurahNumber":39,"SurahIndex":"039","VerseNumber":66,"ShowSurahName":false,"ShowBismillah":false,"Text":"بَلِ ٱللَّهَ فَٱعۡبُدۡ وَكُن مِّنَ ٱلشَّـٰكِرِينَ","TajweedText":"بَلِ <tajweed class=ham_wasl>ٱ</tajweed>للَّهَ فَ<tajweed class=ham_wasl>ٱ</tajweed>عْبُ<tajweed class=qalaqah>دْ</tajweed> وَك<tajweed class=idgham_ghunnah>ُن م</tajweed>ِّنَ <tajweed class=ham_wasl>ٱ</tajweed><tajweed class=laam_shamsiyah>ل</tajweed>شَّ<tajweed class=madda_normal>ـٰ</tajweed>كِر<tajweed class=madda_permissible>ِي</tajweed>نَ <span class=end>٦٦</span>","End":"٦٦","PageNumber":465,"JuzNumber":24,"ManzilNumber":6,"RukuNumber":402,"MaqraNumber":186,"HizbNumber":47,"HizbDecimal":0.25,"HasSajda":false},{"SurahNumber":39,"SurahIndex":"039","VerseNumber":67,"ShowSurahName":false,"ShowBismillah":false,"Text":"وَمَا قَدَرُواْ ٱللَّهَ حَقَّ قَدۡرِهِۦ وَٱلۡأَرۡضُ جَمِيعٗا قَبۡضَتُهُۥ يَوۡمَ ٱلۡقِيَٰمَةِ وَٱلسَّمَٰوَٰتُ مَطۡوِيَّـٰتُۢ بِيَمِينِهِۦۚ سُبۡحَٰنَهُۥ وَتَعَٰلَىٰ عَمَّا يُشۡرِكُونَ","TajweedText":"وَمَا قَدَرُو<tajweed class=slnt>اْ</tajweed> <tajweed class=ham_wasl>ٱ</tajweed>للَّهَ حَقَّ قَ<tajweed class=qalaqah>دْ</tajweed>رِه<tajweed class=madda_normal>ِۦ</tajweed> وَ<tajweed class=ham_wasl>ٱ</tajweed>لْأَرْضُ جَمِي<tajweed class=ikhafa>عًا ق</tajweed>َ<tajweed class=qalaqah>بْ</tajweed>ضَتُهُ<tajweed class=madda_normal>ۥ</tajweed> يَوْمَ <tajweed class=ham_wasl>ٱ</tajweed>لْقِيَ<tajweed class=madda_normal>ـٰ</tajweed>مَةِ وَ<tajweed class=ham_wasl>ٱ</tajweed><tajweed class=laam_shamsiyah>ل</tajweed>سَّمَ<tajweed class=madda_normal>ـٰ</tajweed>و<tajweed class=madda_normal>َٲ</tajweed>تُ مَ<tajweed class=qalaqah>طْ</tajweed>وِيَّ<tajweed class=madda_normal>ـٰ</tajweed><tajweed class=iqlab>تُۢ ب</tajweed>ِيَمِينِه<tajweed class=madda_normal>ِۦ</tajweed>‌ۚ سُ<tajweed class=qalaqah>بْ</tajweed>حَ<tajweed class=madda_normal>ـٰ</tajweed>نَهُ<tajweed class=madda_normal>ۥ</tajweed> وَتَعَ<tajweed class=madda_normal>ـٰ</tajweed>لَىٰ عَ<tajweed class=ghunnah>مّ</tajweed>َا يُشْرِك<tajweed class=madda_permissible>ُو</tajweed>نَ <span class=end>٦٧</span>","End":"٦٧","PageNumber":465,"JuzNumber":24,"ManzilNumber":6,"RukuNumber":402,"MaqraNumber":186,"HizbNumber":47,"HizbDecimal":0.25,"HasSajda":false},{"SurahNumber":39,"SurahIndex":"039","VerseNumber":68,"ShowSurahName":false,"ShowBismillah":false,"Text":"وَنُفِخَ فِي ٱلصُّورِ فَصَعِقَ مَن فِي ٱلسَّمَٰوَٰتِ وَمَن فِي ٱلۡأَرۡضِ إِلَّا مَن شَآءَ ٱللَّهُۖ ثُمَّ نُفِخَ فِيهِ أُخۡرَىٰ فَإِذَا هُمۡ قِيَامٞ يَنظُرُونَ","TajweedText":"وَنُفِخَ فِى <tajweed class=ham_wasl>ٱ</tajweed><tajweed class=laam_shamsiyah>ل</tajweed>صُّورِ فَصَعِقَ مَ<tajweed class=ikhafa>ن ف</tajweed>ِى <tajweed class=ham_wasl>ٱ</tajweed><tajweed class=laam_shamsiyah>ل</tajweed>سَّمَ<tajweed class=madda_normal>ـٰ</tajweed>و<tajweed class=madda_normal>َٲ</tajweed>تِ وَمَ<tajweed class=ikhafa>ن ف</tajweed>ِى <tajweed class=ham_wasl>ٱ</tajweed>لْأَرْضِ إِلَّا مَ<tajweed class=ikhafa>ن ش</tajweed><tajweed class=madda_obligatory>َا</tajweed>ٓءَ <tajweed class=ham_wasl>ٱ</tajweed>للَّهُ‌ۖ ثُ<tajweed class=ghunnah>مّ</tajweed>َ نُفِخَ فِيهِ أُخْرَىٰ فَإِذَا هُمْ قِيَا<tajweed class=idgham_ghunnah>مٌ ي</tajweed>َ<tajweed class=ikhafa>نظ</tajweed>ُر<tajweed class=madda_permissible>ُو</tajweed>نَ <span class=end>٦٨</span>","End":"٦٨","PageNumber":466,"JuzNumber":24,"ManzilNumber":6,"RukuNumber":402,"MaqraNumber":186,"HizbNumber":47,"HizbDecimal":0.25,"HasSajda":false},{"SurahNumber":39,"SurahIndex":"039","VerseNumber":69,"ShowSurahName":false,"ShowBismillah":false,"Text":"وَأَشۡرَقَتِ ٱلۡأَرۡضُ بِنُورِ رَبِّهَا وَوُضِعَ ٱلۡكِتَٰبُ وَجِاْيٓءَ بِٱلنَّبِيِّـۧنَ وَٱلشُّهَدَآءِ وَقُضِيَ بَيۡنَهُم بِٱلۡحَقِّ وَهُمۡ لَا يُظۡلَمُونَ","TajweedText":"وَأَشْرَقَتِ <tajweed class=ham_wasl>ٱ</tajweed>لْأَرْضُ بِنُورِ رَبِّهَا وَوُضِعَ <tajweed class=ham_wasl>ٱ</tajweed>لْكِتَ<tajweed class=madda_normal>ـٰ</tajweed>بُ وَجِ<tajweed class=slnt>اْ</tajweed><tajweed class=madda_obligatory>ىٓ</tajweed>ءَ بِ<tajweed class=ham_wasl>ٱ</tajweed><tajweed class=laam_shamsiyah>ل</tajweed><tajweed class=ghunnah>نّ</tajweed>َبِيِّـ<tajweed class=madda_normal>ـۧ</tajweed>نَ وَ<tajweed class=ham_wasl>ٱ</tajweed><tajweed class=laam_shamsiyah>ل</tajweed>شُّهَد<tajweed class=madda_obligatory>َا</tajweed>ٓءِ وَقُضِىَ بَيْنَه<tajweed class=ikhafa_shafawi>ُم ب</tajweed>ِ<tajweed class=ham_wasl>ٱ</tajweed>لْحَقِّ وَهُمْ لَا يُظْلَم<tajweed class=madda_permissible>ُو</tajweed>نَ <span class=end>٦٩</span>","End":"٦٩","PageNumber":466,"JuzNumber":24,"ManzilNumber":6,"RukuNumber":402,"MaqraNumber":186,"HizbNumber":47,"HizbDecimal":0.25,"HasSajda":false},{"SurahNumber":39,"SurahIndex":"039","VerseNumber":70,"ShowSurahName":false,"ShowBismillah":false,"Text":"وَوُفِّيَتۡ كُلُّ نَفۡسٖ مَّا عَمِلَتۡ وَهُوَ أَعۡلَمُ بِمَا يَفۡعَلُونَ","TajweedText":"وَوُفِّيَتْ كُلُّ نَفْ<tajweed class=idgham_ghunnah>سٍ م</tajweed>َّا عَمِلَتْ وَهُوَ أَعْلَمُ بِمَا يَفْعَل<tajweed class=madda_permissible>ُو</tajweed>نَ <span class=end>٧٠</span>","End":"٧٠","PageNumber":466,"JuzNumber":24,"ManzilNumber":6,"RukuNumber":402,"MaqraNumber":186,"HizbNumber":47,"HizbDecimal":0.25,"HasSajda":false}]}