{"RukuNumber":15,"Verses":[{"SurahNumber":2,"SurahIndex":"002","VerseNumber":113,"ShowSurahName":false,"ShowBismillah":false,"Text":"وَقَالَتِ ٱلۡيَهُودُ لَيۡسَتِ ٱلنَّصَٰرَىٰ عَلَىٰ شَيۡءٖ وَقَالَتِ ٱلنَّصَٰرَىٰ لَيۡسَتِ ٱلۡيَهُودُ عَلَىٰ شَيۡءٖ وَهُمۡ يَتۡلُونَ ٱلۡكِتَٰبَۗ كَذَٰلِكَ قَالَ ٱلَّذِينَ لَا يَعۡلَمُونَ مِثۡلَ قَوۡلِهِمۡۚ فَٱللَّهُ يَحۡكُمُ بَيۡنَهُمۡ يَوۡمَ ٱلۡقِيَٰمَةِ فِيمَا كَانُواْ فِيهِ يَخۡتَلِفُونَ","TajweedText":"وَقَالَتِ <tajweed class=ham_wasl>ٱ</tajweed>لْيَهُودُ لَيْسَتِ <tajweed class=ham_wasl>ٱ</tajweed><tajweed class=laam_shamsiyah>ل</tajweed><tajweed class=ghunnah>نّ</tajweed>َصَ<tajweed class=madda_normal>ـٰ</tajweed>رَىٰ عَلَىٰ ش<tajweed class=idgham_ghunnah>َىْءٍ و</tajweed>َقَالَتِ <tajweed class=ham_wasl>ٱ</tajweed><tajweed class=laam_shamsiyah>ل</tajweed><tajweed class=ghunnah>نّ</tajweed>َصَ<tajweed class=madda_normal>ـٰ</tajweed>رَىٰ لَيْسَتِ <tajweed class=ham_wasl>ٱ</tajweed>لْيَهُودُ عَلَىٰ ش<tajweed class=idgham_ghunnah>َىْءٍ و</tajweed>َهُمْ يَتْلُونَ <tajweed class=ham_wasl>ٱ</tajweed>لْكِتَ<tajweed class=madda_normal>ـٰ</tajweed>بَ‌ۗ كَذ<tajweed class=madda_normal>َٲ</tajweed>لِكَ قَالَ <tajweed class=ham_wasl>ٱ</tajweed>لَّذِينَ لَا يَعْلَمُونَ مِثْلَ قَوْلِهِمْ‌ۚ فَ<tajweed class=ham_wasl>ٱ</tajweed>للَّهُ يَحْكُمُ بَيْنَهُمْ يَوْمَ <tajweed class=ham_wasl>ٱ</tajweed>لْقِيَ<tajweed class=madda_normal>ـٰ</tajweed>مَةِ فِيمَا كَانُو<tajweed class=slnt>اْ</tajweed> فِيهِ يَخْتَلِف<tajweed class=madda_permissible>ُو</tajweed>نَ <span class=end>١١٣</span>","End":"١١٣","PageNumber":18,"JuzNumber":1,"ManzilNumber":1,"RukuNumber":15,"MaqraNumber":7,"HizbNumber":2,"HizbDecimal":0.5,"HasSajda":false},{"SurahNumber":2,"SurahIndex":"002","VerseNumber":114,"ShowSurahName":false,"ShowBismillah":false,"Text":"وَمَنۡ أَظۡلَمُ مِمَّن مَّنَعَ مَسَٰجِدَ ٱللَّهِ أَن يُذۡكَرَ فِيهَا ٱسۡمُهُۥ وَسَعَىٰ فِي خَرَابِهَآۚ أُوْلَـٰٓئِكَ مَا كَانَ لَهُمۡ أَن يَدۡخُلُوهَآ إِلَّا خَآئِفِينَۚ لَهُمۡ فِي ٱلدُّنۡيَا خِزۡيٞ وَلَهُمۡ فِي ٱلۡأٓخِرَةِ عَذَابٌ عَظِيمٞ","TajweedText":"وَمَنْ أَظْلَمُ مِ<tajweed class=ghunnah>مّ</tajweed><tajweed class=idgham_ghunnah>َن م</tajweed>َّنَعَ مَسَ<tajweed class=madda_normal>ـٰ</tajweed>جِدَ <tajweed class=ham_wasl>ٱ</tajweed>للَّهِ أ<tajweed class=idgham_ghunnah>َن ي</tajweed>ُذْكَرَ فِيهَا <tajweed class=ham_wasl>ٱ</tajweed>سْمُهُ<tajweed class=madda_normal>ۥ</tajweed> وَسَعَىٰ فِى خَرَابِه<tajweed class=madda_obligatory>َآ‌ۚ</tajweed> أُ<tajweed class=slnt>وْ</tajweed>لَ<tajweed class=madda_obligatory>ـٰٓ</tajweed>ئِكَ مَا كَانَ لَهُمْ أ<tajweed class=idgham_ghunnah>َن ي</tajweed>َ<tajweed class=qalaqah>دْ</tajweed>خُلُوه<tajweed class=madda_obligatory>َآ</tajweed> إِلَّا خ<tajweed class=madda_obligatory>َا</tajweed>ٓئِفِينَ‌ۚ لَهُمْ فِى <tajweed class=ham_wasl>ٱ</tajweed><tajweed class=laam_shamsiyah>ل</tajweed>دُّنْيَا خِزْ<tajweed class=idgham_ghunnah>ىٌ و</tajweed>َلَهُمْ فِى <tajweed class=ham_wasl>ٱ</tajweed>لْأَخِرَةِ عَذَابٌ عَظ<tajweed class=madda_permissible>ِي</tajweed>مٌ <span class=end>١١٤</span>","End":"١١٤","PageNumber":18,"JuzNumber":1,"ManzilNumber":1,"RukuNumber":15,"MaqraNumber":7,"HizbNumber":2,"HizbDecimal":0.5,"HasSajda":false},{"SurahNumber":2,"SurahIndex":"002","VerseNumber":115,"ShowSurahName":false,"ShowBismillah":false,"Text":"وَلِلَّهِ ٱلۡمَشۡرِقُ وَٱلۡمَغۡرِبُۚ فَأَيۡنَمَا تُوَلُّواْ فَثَمَّ وَجۡهُ ٱللَّهِۚ إِنَّ ٱللَّهَ وَٰسِعٌ عَلِيمٞ","TajweedText":"وَلِلَّهِ <tajweed class=ham_wasl>ٱ</tajweed>لْمَشْرِقُ وَ<tajweed class=ham_wasl>ٱ</tajweed>لْمَغْرِبُ‌ۚ فَأَيْنَمَا تُوَلُّو<tajweed class=slnt>اْ</tajweed> فَثَ<tajweed class=ghunnah>مّ</tajweed>َ وَ<tajweed class=qalaqah>جْ</tajweed>هُ <tajweed class=ham_wasl>ٱ</tajweed>للَّهِ‌ۚ إِ<tajweed class=ghunnah>نّ</tajweed>َ <tajweed class=ham_wasl>ٱ</tajweed>للَّهَ و<tajweed class=madda_normal>َٲ</tajweed>سِعٌ عَل<tajweed class=madda_permissible>ِي</tajweed>مٌ <span class=end>١١٥</span>","End":"١١٥","PageNumber":18,"JuzNumber":1,"ManzilNumber":1,"RukuNumber":15,"MaqraNumber":7,"HizbNumber":2,"HizbDecimal":0.5,"HasSajda":false},{"SurahNumber":2,"SurahIndex":"002","VerseNumber":116,"ShowSurahName":false,"ShowBismillah":false,"Text":"وَقَالُواْ ٱتَّخَذَ ٱللَّهُ وَلَدٗاۗ سُبۡحَٰنَهُۥۖ بَل لَّهُۥ مَا فِي ٱلسَّمَٰوَٰتِ وَٱلۡأَرۡضِۖ كُلّٞ لَّهُۥ قَٰنِتُونَ","TajweedText":"وَقَالُو<tajweed class=slnt>اْ</tajweed> <tajweed class=ham_wasl>ٱ</tajweed>تَّخَذَ <tajweed class=ham_wasl>ٱ</tajweed>للَّهُ وَلَ<tajweed class=ikhafa>دًا‌ۗ س</tajweed>ُ<tajweed class=qalaqah>بْ</tajweed>حَ<tajweed class=madda_normal>ـٰ</tajweed>نَهُ<tajweed class=madda_normal>ۥ</tajweed>‌ۖ بَل لَّهُ<tajweed class=madda_normal>ۥ</tajweed> مَا فِى <tajweed class=ham_wasl>ٱ</tajweed><tajweed class=laam_shamsiyah>ل</tajweed>سَّمَ<tajweed class=madda_normal>ـٰ</tajweed>و<tajweed class=madda_normal>َٲ</tajweed>تِ وَ<tajweed class=ham_wasl>ٱ</tajweed>لْأَرْضِ‌ۖ كُ<tajweed class=idgham_wo_ghunnah>لٌّ ل</tajweed>َّهُ<tajweed class=madda_normal>ۥ</tajweed> قَ<tajweed class=madda_normal>ـٰ</tajweed>نِت<tajweed class=madda_permissible>ُو</tajweed>نَ <span class=end>١١٦</span>","End":"١١٦","PageNumber":18,"JuzNumber":1,"ManzilNumber":1,"RukuNumber":15,"MaqraNumber":7,"HizbNumber":2,"HizbDecimal":0.5,"HasSajda":false},{"SurahNumber":2,"SurahIndex":"002","VerseNumber":117,"ShowSurahName":false,"ShowBismillah":false,"Text":"بَدِيعُ ٱلسَّمَٰوَٰتِ وَٱلۡأَرۡضِۖ وَإِذَا قَضَىٰٓ أَمۡرٗا فَإِنَّمَا يَقُولُ لَهُۥ كُن فَيَكُونُ","TajweedText":"بَدِيعُ <tajweed class=ham_wasl>ٱ</tajweed><tajweed class=laam_shamsiyah>ل</tajweed>سَّمَ<tajweed class=madda_normal>ـٰ</tajweed>و<tajweed class=madda_normal>َٲ</tajweed>تِ وَ<tajweed class=ham_wasl>ٱ</tajweed>لْأَرْضِ‌ۖ وَإِذَا قَضَ<tajweed class=madda_obligatory>ىٰٓ</tajweed> أَمْ<tajweed class=ikhafa>رًا ف</tajweed>َإِ<tajweed class=ghunnah>نّ</tajweed>َمَا يَقُولُ لَهُ<tajweed class=madda_normal>ۥ</tajweed> كُ<tajweed class=ikhafa>ن ف</tajweed>َيَك<tajweed class=madda_permissible>ُو</tajweed>نُ <span class=end>١١٧</span>","End":"١١٧","PageNumber":18,"JuzNumber":1,"ManzilNumber":1,"RukuNumber":15,"MaqraNumber":7,"HizbNumber":2,"HizbDecimal":0.5,"HasSajda":false},{"SurahNumber":2,"SurahIndex":"002","VerseNumber":118,"ShowSurahName":false,"ShowBismillah":false,"Text":"وَقَالَ ٱلَّذِينَ لَا يَعۡلَمُونَ لَوۡلَا يُكَلِّمُنَا ٱللَّهُ أَوۡ تَأۡتِينَآ ءَايَةٞۗ كَذَٰلِكَ قَالَ ٱلَّذِينَ مِن قَبۡلِهِم مِّثۡلَ قَوۡلِهِمۡۘ تَشَٰبَهَتۡ قُلُوبُهُمۡۗ قَدۡ بَيَّنَّا ٱلۡأٓيَٰتِ لِقَوۡمٖ يُوقِنُونَ","TajweedText":"وَقَالَ <tajweed class=ham_wasl>ٱ</tajweed>لَّذِينَ لَا يَعْلَمُونَ لَوْلَا يُكَلِّمُنَا <tajweed class=ham_wasl>ٱ</tajweed>للَّهُ أَوْ تَأْتِين<tajweed class=madda_obligatory>َآ</tajweed> ءَايَ<tajweed class=ikhafa>ةٌ‌ۗ ك</tajweed>َذ<tajweed class=madda_normal>َٲ</tajweed>لِكَ قَالَ <tajweed class=ham_wasl>ٱ</tajweed>لَّذِينَ مِ<tajweed class=ikhafa>ن ق</tajweed>َ<tajweed class=qalaqah>بْ</tajweed>لِه<tajweed class=idgham_shafawi>ِم م</tajweed>ِّثْلَ قَوْلِهِمْ‌ۘ تَشَ<tajweed class=madda_normal>ـٰ</tajweed>بَهَتْ قُلُوبُهُمْ‌ۗ قَ<tajweed class=qalaqah>دْ</tajweed> بَيَّ<tajweed class=ghunnah>نّ</tajweed>َا <tajweed class=ham_wasl>ٱ</tajweed>لْأَيَ<tajweed class=madda_normal>ـٰ</tajweed>تِ لِقَوْ<tajweed class=idgham_ghunnah>مٍ ي</tajweed>ُوقِن<tajweed class=madda_permissible>ُو</tajweed>نَ <span class=end>١١٨</span>","End":"١١٨","PageNumber":18,"JuzNumber":1,"ManzilNumber":1,"RukuNumber":15,"MaqraNumber":7,"HizbNumber":2,"HizbDecimal":0.5,"HasSajda":false},{"SurahNumber":2,"SurahIndex":"002","VerseNumber":119,"ShowSurahName":false,"ShowBismillah":false,"Text":"إِنَّآ أَرۡسَلۡنَٰكَ بِٱلۡحَقِّ بَشِيرٗا وَنَذِيرٗاۖ وَلَا تُسۡـَٔلُ عَنۡ أَصۡحَٰبِ ٱلۡجَحِيمِ","TajweedText":"إِ<tajweed class=ghunnah>نّ</tajweed><tajweed class=madda_obligatory>َآ</tajweed> أَرْسَلْنَ<tajweed class=madda_normal>ـٰ</tajweed>كَ بِ<tajweed class=ham_wasl>ٱ</tajweed>لْحَقِّ بَشِي<tajweed class=idgham_ghunnah>رًا و</tajweed>َنَذِي<tajweed class=idgham_ghunnah>رًا‌ۖ و</tajweed>َلَا تُسْــَٔلُ عَنْ أَصْحَ<tajweed class=madda_normal>ـٰ</tajweed>بِ <tajweed class=ham_wasl>ٱ</tajweed>لْجَح<tajweed class=madda_permissible>ِي</tajweed>مِ <span class=end>١١٩</span>","End":"١١٩","PageNumber":18,"JuzNumber":1,"ManzilNumber":1,"RukuNumber":15,"MaqraNumber":7,"HizbNumber":2,"HizbDecimal":0.5,"HasSajda":false},{"SurahNumber":2,"SurahIndex":"002","VerseNumber":120,"ShowSurahName":false,"ShowBismillah":false,"Text":"وَلَن تَرۡضَىٰ عَنكَ ٱلۡيَهُودُ وَلَا ٱلنَّصَٰرَىٰ حَتَّىٰ تَتَّبِعَ مِلَّتَهُمۡۗ قُلۡ إِنَّ هُدَى ٱللَّهِ هُوَ ٱلۡهُدَىٰۗ وَلَئِنِ ٱتَّبَعۡتَ أَهۡوَآءَهُم بَعۡدَ ٱلَّذِي جَآءَكَ مِنَ ٱلۡعِلۡمِ مَا لَكَ مِنَ ٱللَّهِ مِن وَلِيّٖ وَلَا نَصِيرٍ","TajweedText":"وَلَ<tajweed class=ikhafa>ن ت</tajweed>َرْضَىٰ عَ<tajweed class=ikhafa>نك</tajweed>َ <tajweed class=ham_wasl>ٱ</tajweed>لْيَهُودُ وَلَا <tajweed class=ham_wasl>ٱ</tajweed><tajweed class=laam_shamsiyah>ل</tajweed><tajweed class=ghunnah>نّ</tajweed>َصَ<tajweed class=madda_normal>ـٰ</tajweed>رَىٰ حَتَّىٰ تَتَّبِعَ مِلَّتَهُمْ‌ۗ قُلْ إِ<tajweed class=ghunnah>نّ</tajweed>َ هُدَى <tajweed class=ham_wasl>ٱ</tajweed>للَّهِ هُوَ <tajweed class=ham_wasl>ٱ</tajweed>لْهُدَىٰ‌ۗ وَلَئِنِ <tajweed class=ham_wasl>ٱ</tajweed>تَّبَعْتَ أَهْو<tajweed class=madda_obligatory>َا</tajweed>ٓءَه<tajweed class=ikhafa_shafawi>ُم ب</tajweed>َعْدَ <tajweed class=ham_wasl>ٱ</tajweed>لَّذِى ج<tajweed class=madda_obligatory>َا</tajweed>ٓءَكَ مِنَ <tajweed class=ham_wasl>ٱ</tajweed>لْعِلْمِ‌ۙ مَا لَكَ مِنَ <tajweed class=ham_wasl>ٱ</tajweed>للَّهِ م<tajweed class=idgham_ghunnah>ِن و</tajweed>َلِ<tajweed class=idgham_ghunnah>ىٍّ و</tajweed>َلَا نَص<tajweed class=madda_permissible>ِي</tajweed>رٍ <span class=end>١٢٠</span>","End":"١٢٠","PageNumber":19,"JuzNumber":1,"ManzilNumber":1,"RukuNumber":15,"MaqraNumber":7,"HizbNumber":2,"HizbDecimal":0.5,"HasSajda":false},{"SurahNumber":2,"SurahIndex":"002","VerseNumber":121,"ShowSurahName":false,"ShowBismillah":false,"Text":"ٱلَّذِينَ ءَاتَيۡنَٰهُمُ ٱلۡكِتَٰبَ يَتۡلُونَهُۥ حَقَّ تِلَاوَتِهِۦٓ أُوْلَـٰٓئِكَ يُؤۡمِنُونَ بِهِۦۗ وَمَن يَكۡفُرۡ بِهِۦ فَأُوْلَـٰٓئِكَ هُمُ ٱلۡخَٰسِرُونَ","TajweedText":"ٱلَّذِينَ ءَاتَيْنَ<tajweed class=madda_normal>ـٰ</tajweed>هُمُ <tajweed class=ham_wasl>ٱ</tajweed>لْكِتَ<tajweed class=madda_normal>ـٰ</tajweed>بَ يَتْلُونَهُ<tajweed class=madda_normal>ۥ</tajweed> حَقَّ تِلَاوَتِه<tajweed class=madda_obligatory>ِۦٓ</tajweed> أُ<tajweed class=slnt>وْ</tajweed>لَ<tajweed class=madda_obligatory>ـٰٓ</tajweed>ئِكَ يُؤْمِنُونَ بِه<tajweed class=madda_normal>ِۦ</tajweed>‌ۗ وَم<tajweed class=idgham_ghunnah>َن ي</tajweed>َكْفُرْ بِه<tajweed class=madda_normal>ِۦ</tajweed> فَأُ<tajweed class=slnt>وْ</tajweed>لَ<tajweed class=madda_obligatory>ـٰٓ</tajweed>ئِكَ هُمُ <tajweed class=ham_wasl>ٱ</tajweed>لْخَ<tajweed class=madda_normal>ـٰ</tajweed>سِر<tajweed class=madda_permissible>ُو</tajweed>نَ <span class=end>١٢١</span>","End":"١٢١","PageNumber":19,"JuzNumber":1,"ManzilNumber":1,"RukuNumber":15,"MaqraNumber":7,"HizbNumber":2,"HizbDecimal":0.5,"HasSajda":false}]}