{"RukuNumber":300,"Verses":[{"SurahNumber":23,"SurahIndex":"023","VerseNumber":93,"ShowSurahName":false,"ShowBismillah":false,"Text":"قُل رَّبِّ إِمَّا تُرِيَنِّي مَا يُوعَدُونَ","TajweedText":"قُ<tajweed class=idgham_mutaqaribayn>ل</tajweed> رَّبِّ إِ<tajweed class=ghunnah>مّ</tajweed>َا تُرِيَ<tajweed class=ghunnah>نّ</tajweed>ِى مَا يُوعَد<tajweed class=madda_permissible>ُو</tajweed>نَ <span class=end>٩٣</span>","End":"٩٣","PageNumber":348,"JuzNumber":18,"ManzilNumber":4,"RukuNumber":300,"MaqraNumber":139,"HizbNumber":35,"HizbDecimal":0.5,"HasSajda":false},{"SurahNumber":23,"SurahIndex":"023","VerseNumber":94,"ShowSurahName":false,"ShowBismillah":false,"Text":"رَبِّ فَلَا تَجۡعَلۡنِي فِي ٱلۡقَوۡمِ ٱلظَّـٰلِمِينَ","TajweedText":"رَبِّ فَلَا تَ<tajweed class=qalaqah>جْ</tajweed>عَلْنِى فِى <tajweed class=ham_wasl>ٱ</tajweed>لْقَوْمِ <tajweed class=ham_wasl>ٱ</tajweed><tajweed class=laam_shamsiyah>ل</tajweed>ظَّ<tajweed class=madda_normal>ـٰ</tajweed>لِم<tajweed class=madda_permissible>ِي</tajweed>نَ <span class=end>٩٤</span>","End":"٩٤","PageNumber":348,"JuzNumber":18,"ManzilNumber":4,"RukuNumber":300,"MaqraNumber":139,"HizbNumber":35,"HizbDecimal":0.5,"HasSajda":false},{"SurahNumber":23,"SurahIndex":"023","VerseNumber":95,"ShowSurahName":false,"ShowBismillah":false,"Text":"وَإِنَّا عَلَىٰٓ أَن نُّرِيَكَ مَا نَعِدُهُمۡ لَقَٰدِرُونَ","TajweedText":"وَإِ<tajweed class=ghunnah>نّ</tajweed>َا عَلَ<tajweed class=madda_obligatory>ىٰٓ</tajweed> أ<tajweed class=idgham_ghunnah>َن ن</tajweed>ُّرِيَكَ مَا نَعِدُهُمْ لَقَ<tajweed class=madda_normal>ـٰ</tajweed>دِر<tajweed class=madda_permissible>ُو</tajweed>نَ <span class=end>٩٥</span>","End":"٩٥","PageNumber":348,"JuzNumber":18,"ManzilNumber":4,"RukuNumber":300,"MaqraNumber":139,"HizbNumber":35,"HizbDecimal":0.5,"HasSajda":false},{"SurahNumber":23,"SurahIndex":"023","VerseNumber":96,"ShowSurahName":false,"ShowBismillah":false,"Text":"ٱدۡفَعۡ بِٱلَّتِي هِيَ أَحۡسَنُ ٱلسَّيِّئَةَۚ نَحۡنُ أَعۡلَمُ بِمَا يَصِفُونَ","TajweedText":"ٱ<tajweed class=qalaqah>دْ</tajweed>فَعْ بِ<tajweed class=ham_wasl>ٱ</tajweed>لَّتِى هِىَ أَحْسَنُ <tajweed class=ham_wasl>ٱ</tajweed><tajweed class=laam_shamsiyah>ل</tajweed>سَّيِّئَةَ‌ۚ نَحْنُ أَعْلَمُ بِمَا يَصِف<tajweed class=madda_permissible>ُو</tajweed>نَ <span class=end>٩٦</span>","End":"٩٦","PageNumber":348,"JuzNumber":18,"ManzilNumber":4,"RukuNumber":300,"MaqraNumber":139,"HizbNumber":35,"HizbDecimal":0.5,"HasSajda":false},{"SurahNumber":23,"SurahIndex":"023","VerseNumber":97,"ShowSurahName":false,"ShowBismillah":false,"Text":"وَقُل رَّبِّ أَعُوذُ بِكَ مِنۡ هَمَزَٰتِ ٱلشَّيَٰطِينِ","TajweedText":"وَقُ<tajweed class=idgham_mutaqaribayn>ل</tajweed> رَّبِّ أَعُوذُ بِكَ مِنْ هَمَز<tajweed class=madda_normal>َٲ</tajweed>تِ <tajweed class=ham_wasl>ٱ</tajweed><tajweed class=laam_shamsiyah>ل</tajweed>شَّيَ<tajweed class=madda_normal>ـٰ</tajweed>ط<tajweed class=madda_permissible>ِي</tajweed>نِ <span class=end>٩٧</span>","End":"٩٧","PageNumber":348,"JuzNumber":18,"ManzilNumber":4,"RukuNumber":300,"MaqraNumber":139,"HizbNumber":35,"HizbDecimal":0.5,"HasSajda":false},{"SurahNumber":23,"SurahIndex":"023","VerseNumber":98,"ShowSurahName":false,"ShowBismillah":false,"Text":"وَأَعُوذُ بِكَ رَبِّ أَن يَحۡضُرُونِ","TajweedText":"وَأَعُوذُ بِكَ رَبِّ أ<tajweed class=idgham_ghunnah>َن ي</tajweed>َحْضُر<tajweed class=madda_permissible>ُو</tajweed>نِ <span class=end>٩٨</span>","End":"٩٨","PageNumber":348,"JuzNumber":18,"ManzilNumber":4,"RukuNumber":300,"MaqraNumber":139,"HizbNumber":35,"HizbDecimal":0.5,"HasSajda":false},{"SurahNumber":23,"SurahIndex":"023","VerseNumber":99,"ShowSurahName":false,"ShowBismillah":false,"Text":"حَتَّىٰٓ إِذَا جَآءَ أَحَدَهُمُ ٱلۡمَوۡتُ قَالَ رَبِّ ٱرۡجِعُونِ","TajweedText":"حَتَّ<tajweed class=madda_obligatory>ىٰٓ</tajweed> إِذَا ج<tajweed class=madda_obligatory>َا</tajweed>ٓءَ أَحَدَهُمُ <tajweed class=ham_wasl>ٱ</tajweed>لْمَوْتُ قَالَ رَبِّ <tajweed class=ham_wasl>ٱ</tajweed>رْجِع<tajweed class=madda_permissible>ُو</tajweed>نِ <span class=end>٩٩</span>","End":"٩٩","PageNumber":348,"JuzNumber":18,"ManzilNumber":4,"RukuNumber":300,"MaqraNumber":139,"HizbNumber":35,"HizbDecimal":0.5,"HasSajda":false},{"SurahNumber":23,"SurahIndex":"023","VerseNumber":100,"ShowSurahName":false,"ShowBismillah":false,"Text":"لَعَلِّيٓ أَعۡمَلُ صَٰلِحٗا فِيمَا تَرَكۡتُۚ كَلَّآۚ إِنَّهَا كَلِمَةٌ هُوَ قَآئِلُهَاۖ وَمِن وَرَآئِهِم بَرۡزَخٌ إِلَىٰ يَوۡمِ يُبۡعَثُونَ","TajweedText":"لَعَلّ<tajweed class=madda_obligatory>ِىٓ</tajweed> أَعْمَلُ صَ<tajweed class=madda_normal>ـٰ</tajweed>لِ<tajweed class=ikhafa>حًا ف</tajweed>ِيمَا تَرَكْتُ‌ۚ كَلّ<tajweed class=madda_obligatory>َآ‌ۚ</tajweed> إِ<tajweed class=ghunnah>نّ</tajweed>َهَا كَلِمَةٌ هُوَ ق<tajweed class=madda_obligatory>َا</tajweed>ٓئِلُهَا‌ۖ وَم<tajweed class=idgham_ghunnah>ِن و</tajweed>َر<tajweed class=madda_obligatory>َا</tajweed>ٓئِه<tajweed class=ikhafa_shafawi>ِم ب</tajweed>َرْزَخٌ إِلَىٰ يَوْمِ يُ<tajweed class=qalaqah>بْ</tajweed>عَث<tajweed class=madda_permissible>ُو</tajweed>نَ <span class=end>١٠٠</span>","End":"١٠٠","PageNumber":348,"JuzNumber":18,"ManzilNumber":4,"RukuNumber":300,"MaqraNumber":139,"HizbNumber":35,"HizbDecimal":0.5,"HasSajda":false},{"SurahNumber":23,"SurahIndex":"023","VerseNumber":101,"ShowSurahName":false,"ShowBismillah":false,"Text":"فَإِذَا نُفِخَ فِي ٱلصُّورِ فَلَآ أَنسَابَ بَيۡنَهُمۡ يَوۡمَئِذٖ وَلَا يَتَسَآءَلُونَ","TajweedText":"فَإِذَا نُفِخَ فِى <tajweed class=ham_wasl>ٱ</tajweed><tajweed class=laam_shamsiyah>ل</tajweed>صُّورِ فَل<tajweed class=madda_obligatory>َآ</tajweed> أَ<tajweed class=ikhafa>نس</tajweed>َابَ بَيْنَهُمْ يَوْمَئِ<tajweed class=idgham_ghunnah>ذٍ و</tajweed>َلَا يَتَس<tajweed class=madda_obligatory>َا</tajweed>ٓءَل<tajweed class=madda_permissible>ُو</tajweed>نَ <span class=end>١٠١</span>","End":"١٠١","PageNumber":348,"JuzNumber":18,"ManzilNumber":4,"RukuNumber":300,"MaqraNumber":139,"HizbNumber":35,"HizbDecimal":0.5,"HasSajda":false},{"SurahNumber":23,"SurahIndex":"023","VerseNumber":102,"ShowSurahName":false,"ShowBismillah":false,"Text":"فَمَن ثَقُلَتۡ مَوَٰزِينُهُۥ فَأُوْلَـٰٓئِكَ هُمُ ٱلۡمُفۡلِحُونَ","TajweedText":"فَمَ<tajweed class=ikhafa>ن ث</tajweed>َقُلَتْ مَو<tajweed class=madda_normal>َٲ</tajweed>زِينُهُ<tajweed class=madda_normal>ۥ</tajweed> فَأُ<tajweed class=slnt>وْ</tajweed>لَ<tajweed class=madda_obligatory>ـٰٓ</tajweed>ئِكَ هُمُ <tajweed class=ham_wasl>ٱ</tajweed>لْمُفْلِح<tajweed class=madda_permissible>ُو</tajweed>نَ <span class=end>١٠٢</span>","End":"١٠٢","PageNumber":348,"JuzNumber":18,"ManzilNumber":4,"RukuNumber":300,"MaqraNumber":139,"HizbNumber":35,"HizbDecimal":0.5,"HasSajda":false},{"SurahNumber":23,"SurahIndex":"023","VerseNumber":103,"ShowSurahName":false,"ShowBismillah":false,"Text":"وَمَنۡ خَفَّتۡ مَوَٰزِينُهُۥ فَأُوْلَـٰٓئِكَ ٱلَّذِينَ خَسِرُوٓاْ أَنفُسَهُمۡ فِي جَهَنَّمَ خَٰلِدُونَ","TajweedText":"وَمَنْ خَفَّتْ مَو<tajweed class=madda_normal>َٲ</tajweed>زِينُهُ<tajweed class=madda_normal>ۥ</tajweed> فَأُ<tajweed class=slnt>وْ</tajweed>لَ<tajweed class=madda_obligatory>ـٰٓ</tajweed>ئِكَ <tajweed class=ham_wasl>ٱ</tajweed>لَّذِينَ خَسِر<tajweed class=madda_obligatory>ُوٓ</tajweed><tajweed class=slnt>اْ</tajweed> أَ<tajweed class=ikhafa>نف</tajweed>ُسَهُمْ فِى جَهَ<tajweed class=ghunnah>نّ</tajweed>َمَ خَ<tajweed class=madda_normal>ـٰ</tajweed>لِد<tajweed class=madda_permissible>ُو</tajweed>نَ <span class=end>١٠٣</span>","End":"١٠٣","PageNumber":348,"JuzNumber":18,"ManzilNumber":4,"RukuNumber":300,"MaqraNumber":139,"HizbNumber":35,"HizbDecimal":0.5,"HasSajda":false},{"SurahNumber":23,"SurahIndex":"023","VerseNumber":104,"ShowSurahName":false,"ShowBismillah":false,"Text":"تَلۡفَحُ وُجُوهَهُمُ ٱلنَّارُ وَهُمۡ فِيهَا كَٰلِحُونَ","TajweedText":"تَلْفَحُ وُجُوهَهُمُ <tajweed class=ham_wasl>ٱ</tajweed><tajweed class=laam_shamsiyah>ل</tajweed><tajweed class=ghunnah>نّ</tajweed>َارُ وَهُمْ فِيهَا كَ<tajweed class=madda_normal>ـٰ</tajweed>لِح<tajweed class=madda_permissible>ُو</tajweed>نَ <span class=end>١٠٤</span>","End":"١٠٤","PageNumber":348,"JuzNumber":18,"ManzilNumber":4,"RukuNumber":300,"MaqraNumber":139,"HizbNumber":35,"HizbDecimal":0.5,"HasSajda":false},{"SurahNumber":23,"SurahIndex":"023","VerseNumber":105,"ShowSurahName":false,"ShowBismillah":false,"Text":"أَلَمۡ تَكُنۡ ءَايَٰتِي تُتۡلَىٰ عَلَيۡكُمۡ فَكُنتُم بِهَا تُكَذِّبُونَ","TajweedText":"أَلَمْ تَكُنْ ءَايَ<tajweed class=madda_normal>ـٰ</tajweed>تِى تُتْلَىٰ عَلَيْكُمْ فَكُ<tajweed class=ikhafa>نت</tajweed><tajweed class=ikhafa_shafawi>ُم ب</tajweed>ِهَا تُكَذِّب<tajweed class=madda_permissible>ُو</tajweed>نَ <span class=end>١٠٥</span>","End":"١٠٥","PageNumber":349,"JuzNumber":18,"ManzilNumber":4,"RukuNumber":300,"MaqraNumber":139,"HizbNumber":35,"HizbDecimal":0.5,"HasSajda":false},{"SurahNumber":23,"SurahIndex":"023","VerseNumber":106,"ShowSurahName":false,"ShowBismillah":false,"Text":"قَالُواْ رَبَّنَا غَلَبَتۡ عَلَيۡنَا شِقۡوَتُنَا وَكُنَّا قَوۡمٗا ضَآلِّينَ","TajweedText":"قَالُو<tajweed class=slnt>اْ</tajweed> رَبَّنَا غَلَبَتْ عَلَيْنَا شِ<tajweed class=qalaqah>قْ</tajweed>وَتُنَا وَكُ<tajweed class=ghunnah>نّ</tajweed>َا قَوْ<tajweed class=ikhafa>مًا ض</tajweed><tajweed class=madda_necessary>َا</tajweed>ٓلّ<tajweed class=madda_permissible>ِي</tajweed>نَ <span class=end>١٠٦</span>","End":"١٠٦","PageNumber":349,"JuzNumber":18,"ManzilNumber":4,"RukuNumber":300,"MaqraNumber":139,"HizbNumber":35,"HizbDecimal":0.5,"HasSajda":false},{"SurahNumber":23,"SurahIndex":"023","VerseNumber":107,"ShowSurahName":false,"ShowBismillah":false,"Text":"رَبَّنَآ أَخۡرِجۡنَا مِنۡهَا فَإِنۡ عُدۡنَا فَإِنَّا ظَٰلِمُونَ","TajweedText":"رَبَّن<tajweed class=madda_obligatory>َآ</tajweed> أَخْرِ<tajweed class=qalaqah>جْ</tajweed>نَا مِنْهَا فَإِنْ عُ<tajweed class=qalaqah>دْ</tajweed>نَا فَإِ<tajweed class=ghunnah>نّ</tajweed>َا ظَ<tajweed class=madda_normal>ـٰ</tajweed>لِم<tajweed class=madda_permissible>ُو</tajweed>نَ <span class=end>١٠٧</span>","End":"١٠٧","PageNumber":349,"JuzNumber":18,"ManzilNumber":4,"RukuNumber":300,"MaqraNumber":139,"HizbNumber":35,"HizbDecimal":0.5,"HasSajda":false},{"SurahNumber":23,"SurahIndex":"023","VerseNumber":108,"ShowSurahName":false,"ShowBismillah":false,"Text":"قَالَ ٱخۡسَـُٔواْ فِيهَا وَلَا تُكَلِّمُونِ","TajweedText":"قَالَ <tajweed class=ham_wasl>ٱ</tajweed>خْسَــُٔو<tajweed class=slnt>اْ</tajweed> فِيهَا وَلَا تُكَلِّم<tajweed class=madda_permissible>ُو</tajweed>نِ <span class=end>١٠٨</span>","End":"١٠٨","PageNumber":349,"JuzNumber":18,"ManzilNumber":4,"RukuNumber":300,"MaqraNumber":139,"HizbNumber":35,"HizbDecimal":0.5,"HasSajda":false},{"SurahNumber":23,"SurahIndex":"023","VerseNumber":109,"ShowSurahName":false,"ShowBismillah":false,"Text":"إِنَّهُۥ كَانَ فَرِيقٞ مِّنۡ عِبَادِي يَقُولُونَ رَبَّنَآ ءَامَنَّا فَٱغۡفِرۡ لَنَا وَٱرۡحَمۡنَا وَأَنتَ خَيۡرُ ٱلرَّـٰحِمِينَ","TajweedText":"إِ<tajweed class=ghunnah>نّ</tajweed>َهُ<tajweed class=madda_normal>ۥ</tajweed> كَانَ فَرِي<tajweed class=idgham_ghunnah>قٌ م</tajweed>ِّنْ عِبَادِى يَقُولُونَ رَبَّن<tajweed class=madda_obligatory>َآ</tajweed> ءَامَ<tajweed class=ghunnah>نّ</tajweed>َا فَ<tajweed class=ham_wasl>ٱ</tajweed>غْفِرْ لَنَا وَ<tajweed class=ham_wasl>ٱ</tajweed>رْحَمْنَا وَأَ<tajweed class=ikhafa>نت</tajweed>َ خَيْرُ <tajweed class=ham_wasl>ٱ</tajweed><tajweed class=laam_shamsiyah>ل</tajweed>رّ<tajweed class=madda_normal>َٲ</tajweed>حِم<tajweed class=madda_permissible>ِي</tajweed>نَ <span class=end>١٠٩</span>","End":"١٠٩","PageNumber":349,"JuzNumber":18,"ManzilNumber":4,"RukuNumber":300,"MaqraNumber":139,"HizbNumber":35,"HizbDecimal":0.5,"HasSajda":false},{"SurahNumber":23,"SurahIndex":"023","VerseNumber":110,"ShowSurahName":false,"ShowBismillah":false,"Text":"فَٱتَّخَذۡتُمُوهُمۡ سِخۡرِيًّا حَتَّىٰٓ أَنسَوۡكُمۡ ذِكۡرِي وَكُنتُم مِّنۡهُمۡ تَضۡحَكُونَ","TajweedText":"فَ<tajweed class=ham_wasl>ٱ</tajweed>تَّخَذْتُمُوهُمْ سِخْرِيًّا حَتَّ<tajweed class=madda_obligatory>ىٰٓ</tajweed> أَ<tajweed class=ikhafa>نس</tajweed>َوْكُمْ ذِكْرِى وَكُ<tajweed class=ikhafa>نت</tajweed><tajweed class=idgham_shafawi>ُم م</tajweed>ِّنْهُمْ تَضْحَك<tajweed class=madda_permissible>ُو</tajweed>نَ <span class=end>١١٠</span>","End":"١١٠","PageNumber":349,"JuzNumber":18,"ManzilNumber":4,"RukuNumber":300,"MaqraNumber":139,"HizbNumber":35,"HizbDecimal":0.5,"HasSajda":false},{"SurahNumber":23,"SurahIndex":"023","VerseNumber":111,"ShowSurahName":false,"ShowBismillah":false,"Text":"إِنِّي جَزَيۡتُهُمُ ٱلۡيَوۡمَ بِمَا صَبَرُوٓاْ أَنَّهُمۡ هُمُ ٱلۡفَآئِزُونَ","TajweedText":"إِ<tajweed class=ghunnah>نّ</tajweed>ِى جَزَيْتُهُمُ <tajweed class=ham_wasl>ٱ</tajweed>لْيَوْمَ بِمَا صَبَر<tajweed class=madda_obligatory>ُوٓ</tajweed><tajweed class=slnt>اْ</tajweed> أَ<tajweed class=ghunnah>نّ</tajweed>َهُمْ هُمُ <tajweed class=ham_wasl>ٱ</tajweed>لْف<tajweed class=madda_obligatory>َا</tajweed>ٓئِز<tajweed class=madda_permissible>ُو</tajweed>نَ <span class=end>١١١</span>","End":"١١١","PageNumber":349,"JuzNumber":18,"ManzilNumber":4,"RukuNumber":300,"MaqraNumber":139,"HizbNumber":35,"HizbDecimal":0.5,"HasSajda":false},{"SurahNumber":23,"SurahIndex":"023","VerseNumber":112,"ShowSurahName":false,"ShowBismillah":false,"Text":"قَٰلَ كَمۡ لَبِثۡتُمۡ فِي ٱلۡأَرۡضِ عَدَدَ سِنِينَ","TajweedText":"قَ<tajweed class=madda_normal>ـٰ</tajweed>لَ كَمْ لَبِثْتُمْ فِى <tajweed class=ham_wasl>ٱ</tajweed>لْأَرْضِ عَدَدَ سِن<tajweed class=madda_permissible>ِي</tajweed>نَ <span class=end>١١٢</span>","End":"١١٢","PageNumber":349,"JuzNumber":18,"ManzilNumber":4,"RukuNumber":300,"MaqraNumber":139,"HizbNumber":35,"HizbDecimal":0.5,"HasSajda":false},{"SurahNumber":23,"SurahIndex":"023","VerseNumber":113,"ShowSurahName":false,"ShowBismillah":false,"Text":"قَالُواْ لَبِثۡنَا يَوۡمًا أَوۡ بَعۡضَ يَوۡمٖ فَسۡـَٔلِ ٱلۡعَآدِّينَ","TajweedText":"قَالُو<tajweed class=slnt>اْ</tajweed> لَبِثْنَا يَوْمًا أَوْ بَعْضَ يَوْ<tajweed class=ikhafa>مٍ ف</tajweed>َسْــَٔلِ <tajweed class=ham_wasl>ٱ</tajweed>لْع<tajweed class=madda_necessary>َا</tajweed>ٓدّ<tajweed class=madda_permissible>ِي</tajweed>نَ <span class=end>١١٣</span>","End":"١١٣","PageNumber":349,"JuzNumber":18,"ManzilNumber":4,"RukuNumber":300,"MaqraNumber":139,"HizbNumber":35,"HizbDecimal":0.5,"HasSajda":false},{"SurahNumber":23,"SurahIndex":"023","VerseNumber":114,"ShowSurahName":false,"ShowBismillah":false,"Text":"قَٰلَ إِن لَّبِثۡتُمۡ إِلَّا قَلِيلٗاۖ لَّوۡ أَنَّكُمۡ كُنتُمۡ تَعۡلَمُونَ","TajweedText":"قَ<tajweed class=madda_normal>ـٰ</tajweed>لَ إ<tajweed class=idgham_wo_ghunnah>ِن ل</tajweed>َّبِثْتُمْ إِلَّا قَلِيل<tajweed class=idgham_wo_ghunnah>اً‌ۖ ل</tajweed>َّوْ أَ<tajweed class=ghunnah>نّ</tajweed>َكُمْ كُ<tajweed class=ikhafa>نت</tajweed>ُمْ تَعْلَم<tajweed class=madda_permissible>ُو</tajweed>نَ <span class=end>١١٤</span>","End":"١١٤","PageNumber":349,"JuzNumber":18,"ManzilNumber":4,"RukuNumber":300,"MaqraNumber":139,"HizbNumber":35,"HizbDecimal":0.5,"HasSajda":false},{"SurahNumber":23,"SurahIndex":"023","VerseNumber":115,"ShowSurahName":false,"ShowBismillah":false,"Text":"أَفَحَسِبۡتُمۡ أَنَّمَا خَلَقۡنَٰكُمۡ عَبَثٗا وَأَنَّكُمۡ إِلَيۡنَا لَا تُرۡجَعُونَ","TajweedText":"أَفَحَسِ<tajweed class=qalaqah>بْ</tajweed>تُمْ أَ<tajweed class=ghunnah>نّ</tajweed>َمَا خَلَ<tajweed class=qalaqah>قْ</tajweed>نَ<tajweed class=madda_normal>ـٰ</tajweed>كُمْ عَبَ<tajweed class=idgham_ghunnah>ثًا و</tajweed>َأَ<tajweed class=ghunnah>نّ</tajweed>َكُمْ إِلَيْنَا لَا تُرْجَع<tajweed class=madda_permissible>ُو</tajweed>نَ <span class=end>١١٥</span>","End":"١١٥","PageNumber":349,"JuzNumber":18,"ManzilNumber":4,"RukuNumber":300,"MaqraNumber":139,"HizbNumber":35,"HizbDecimal":0.5,"HasSajda":false},{"SurahNumber":23,"SurahIndex":"023","VerseNumber":116,"ShowSurahName":false,"ShowBismillah":false,"Text":"فَتَعَٰلَى ٱللَّهُ ٱلۡمَلِكُ ٱلۡحَقُّۖ لَآ إِلَٰهَ إِلَّا هُوَ رَبُّ ٱلۡعَرۡشِ ٱلۡكَرِيمِ","TajweedText":"فَتَعَ<tajweed class=madda_normal>ـٰ</tajweed>لَى <tajweed class=ham_wasl>ٱ</tajweed>للَّهُ <tajweed class=ham_wasl>ٱ</tajweed>لْمَلِكُ <tajweed class=ham_wasl>ٱ</tajweed>لْحَقُّ‌ۖ ل<tajweed class=madda_obligatory>َآ</tajweed> إِلَ<tajweed class=madda_normal>ـٰ</tajweed>هَ إِلَّا هُوَ رَبُّ <tajweed class=ham_wasl>ٱ</tajweed>لْعَرْشِ <tajweed class=ham_wasl>ٱ</tajweed>لْكَر<tajweed class=madda_permissible>ِي</tajweed>مِ <span class=end>١١٦</span>","End":"١١٦","PageNumber":349,"JuzNumber":18,"ManzilNumber":4,"RukuNumber":300,"MaqraNumber":139,"HizbNumber":35,"HizbDecimal":0.5,"HasSajda":false},{"SurahNumber":23,"SurahIndex":"023","VerseNumber":117,"ShowSurahName":false,"ShowBismillah":false,"Text":"وَمَن يَدۡعُ مَعَ ٱللَّهِ إِلَٰهًا ءَاخَرَ لَا بُرۡهَٰنَ لَهُۥ بِهِۦ فَإِنَّمَا حِسَابُهُۥ عِندَ رَبِّهِۦٓۚ إِنَّهُۥ لَا يُفۡلِحُ ٱلۡكَٰفِرُونَ","TajweedText":"وَم<tajweed class=idgham_ghunnah>َن ي</tajweed>َ<tajweed class=qalaqah>دْ</tajweed>عُ مَعَ <tajweed class=ham_wasl>ٱ</tajweed>للَّهِ إِلَ<tajweed class=madda_normal>ـٰ</tajweed>هًا ءَاخَرَ لَا بُرْهَ<tajweed class=madda_normal>ـٰ</tajweed>نَ لَهُ<tajweed class=madda_normal>ۥ</tajweed> بِه<tajweed class=madda_normal>ِۦ</tajweed> فَإِ<tajweed class=ghunnah>نّ</tajweed>َمَا حِسَابُهُ<tajweed class=madda_normal>ۥ</tajweed> عِ<tajweed class=ikhafa>ند</tajweed>َ رَبِّه<tajweed class=madda_obligatory>ِۦٓ‌ۚ</tajweed> إِ<tajweed class=ghunnah>نّ</tajweed>َهُ<tajweed class=madda_normal>ۥ</tajweed> لَا يُفْلِحُ <tajweed class=ham_wasl>ٱ</tajweed>لْكَ<tajweed class=madda_normal>ـٰ</tajweed>فِر<tajweed class=madda_permissible>ُو</tajweed>نَ <span class=end>١١٧</span>","End":"١١٧","PageNumber":349,"JuzNumber":18,"ManzilNumber":4,"RukuNumber":300,"MaqraNumber":139,"HizbNumber":35,"HizbDecimal":0.5,"HasSajda":false},{"SurahNumber":23,"SurahIndex":"023","VerseNumber":118,"ShowSurahName":false,"ShowBismillah":false,"Text":"وَقُل رَّبِّ ٱغۡفِرۡ وَٱرۡحَمۡ وَأَنتَ خَيۡرُ ٱلرَّـٰحِمِينَ","TajweedText":"وَقُ<tajweed class=idgham_mutaqaribayn>ل</tajweed> رَّبِّ <tajweed class=ham_wasl>ٱ</tajweed>غْفِرْ وَ<tajweed class=ham_wasl>ٱ</tajweed>رْحَمْ وَأَ<tajweed class=ikhafa>نت</tajweed>َ خَيْرُ <tajweed class=ham_wasl>ٱ</tajweed><tajweed class=laam_shamsiyah>ل</tajweed>رّ<tajweed class=madda_normal>َٲ</tajweed>حِم<tajweed class=madda_permissible>ِي</tajweed>نَ <span class=end>١١٨</span>","End":"١١٨","PageNumber":349,"JuzNumber":18,"ManzilNumber":4,"RukuNumber":300,"MaqraNumber":139,"HizbNumber":35,"HizbDecimal":0.5,"HasSajda":false}]}