{"RukuNumber":334,"Verses":[{"SurahNumber":28,"SurahIndex":"028","VerseNumber":1,"ShowSurahName":true,"ShowBismillah":true,"Text":"طسٓمٓ","TajweedText":"ط<tajweed class=madda_necessary>سٓ</tajweed><tajweed class=madda_necessary>مٓ</tajweed> <span class=end>١</span>","End":"١","PageNumber":385,"JuzNumber":20,"ManzilNumber":5,"RukuNumber":334,"MaqraNumber":154,"HizbNumber":39,"HizbDecimal":0.25,"HasSajda":false},{"SurahNumber":28,"SurahIndex":"028","VerseNumber":2,"ShowSurahName":false,"ShowBismillah":false,"Text":"تِلۡكَ ءَايَٰتُ ٱلۡكِتَٰبِ ٱلۡمُبِينِ","TajweedText":"تِلْكَ ءَايَ<tajweed class=madda_normal>ـٰ</tajweed>تُ <tajweed class=ham_wasl>ٱ</tajweed>لْكِتَ<tajweed class=madda_normal>ـٰ</tajweed>بِ <tajweed class=ham_wasl>ٱ</tajweed>لْمُب<tajweed class=madda_permissible>ِي</tajweed>نِ <span class=end>٢</span>","End":"٢","PageNumber":385,"JuzNumber":20,"ManzilNumber":5,"RukuNumber":334,"MaqraNumber":154,"HizbNumber":39,"HizbDecimal":0.25,"HasSajda":false},{"SurahNumber":28,"SurahIndex":"028","VerseNumber":3,"ShowSurahName":false,"ShowBismillah":false,"Text":"نَتۡلُواْ عَلَيۡكَ مِن نَّبَإِ مُوسَىٰ وَفِرۡعَوۡنَ بِٱلۡحَقِّ لِقَوۡمٖ يُؤۡمِنُونَ","TajweedText":"نَتْلُو<tajweed class=slnt>اْ</tajweed> عَلَيْكَ م<tajweed class=idgham_ghunnah>ِن ن</tajweed>َّبَإِ مُوسَىٰ وَفِرْعَوْنَ بِ<tajweed class=ham_wasl>ٱ</tajweed>لْحَقِّ لِقَوْ<tajweed class=idgham_ghunnah>مٍ ي</tajweed>ُؤْمِن<tajweed class=madda_permissible>ُو</tajweed>نَ <span class=end>٣</span>","End":"٣","PageNumber":385,"JuzNumber":20,"ManzilNumber":5,"RukuNumber":334,"MaqraNumber":154,"HizbNumber":39,"HizbDecimal":0.25,"HasSajda":false},{"SurahNumber":28,"SurahIndex":"028","VerseNumber":4,"ShowSurahName":false,"ShowBismillah":false,"Text":"إِنَّ فِرۡعَوۡنَ عَلَا فِي ٱلۡأَرۡضِ وَجَعَلَ أَهۡلَهَا شِيَعٗا يَسۡتَضۡعِفُ طَآئِفَةٗ مِّنۡهُمۡ يُذَبِّحُ أَبۡنَآءَهُمۡ وَيَسۡتَحۡيِۦ نِسَآءَهُمۡۚ إِنَّهُۥ كَانَ مِنَ ٱلۡمُفۡسِدِينَ","TajweedText":"إِ<tajweed class=ghunnah>نّ</tajweed>َ فِرْعَوْنَ عَلَا فِى <tajweed class=ham_wasl>ٱ</tajweed>لْأَرْضِ وَجَعَلَ أَهْلَهَا شِيَ<tajweed class=idgham_ghunnah>عًا ي</tajweed>َسْتَضْعِفُ ط<tajweed class=madda_obligatory>َا</tajweed>ٓئِفَ<tajweed class=idgham_ghunnah>ةً م</tajweed>ِّنْهُمْ يُذَبِّحُ أَ<tajweed class=qalaqah>بْ</tajweed>ن<tajweed class=madda_obligatory>َا</tajweed>ٓءَهُمْ وَيَسْتَحْى<tajweed class=madda_normal>ِۦ</tajweed> نِس<tajweed class=madda_obligatory>َا</tajweed>ٓءَهُمْ‌ۚ إِ<tajweed class=ghunnah>نّ</tajweed>َهُ<tajweed class=madda_normal>ۥ</tajweed> كَانَ مِنَ <tajweed class=ham_wasl>ٱ</tajweed>لْمُفْسِد<tajweed class=madda_permissible>ِي</tajweed>نَ <span class=end>٤</span>","End":"٤","PageNumber":385,"JuzNumber":20,"ManzilNumber":5,"RukuNumber":334,"MaqraNumber":154,"HizbNumber":39,"HizbDecimal":0.25,"HasSajda":false},{"SurahNumber":28,"SurahIndex":"028","VerseNumber":5,"ShowSurahName":false,"ShowBismillah":false,"Text":"وَنُرِيدُ أَن نَّمُنَّ عَلَى ٱلَّذِينَ ٱسۡتُضۡعِفُواْ فِي ٱلۡأَرۡضِ وَنَجۡعَلَهُمۡ أَئِمَّةٗ وَنَجۡعَلَهُمُ ٱلۡوَٰرِثِينَ","TajweedText":"وَنُرِيدُ أ<tajweed class=idgham_ghunnah>َن ن</tajweed>َّمُ<tajweed class=ghunnah>نّ</tajweed>َ عَلَى <tajweed class=ham_wasl>ٱ</tajweed>لَّذِينَ <tajweed class=ham_wasl>ٱ</tajweed>سْتُضْعِفُو<tajweed class=slnt>اْ</tajweed> فِى <tajweed class=ham_wasl>ٱ</tajweed>لْأَرْضِ وَنَ<tajweed class=qalaqah>جْ</tajweed>عَلَهُمْ أَئِ<tajweed class=ghunnah>مّ</tajweed>َ<tajweed class=idgham_ghunnah>ةً و</tajweed>َنَ<tajweed class=qalaqah>جْ</tajweed>عَلَهُمُ <tajweed class=ham_wasl>ٱ</tajweed>لْو<tajweed class=madda_normal>َٲ</tajweed>رِث<tajweed class=madda_permissible>ِي</tajweed>نَ <span class=end>٥</span>","End":"٥","PageNumber":385,"JuzNumber":20,"ManzilNumber":5,"RukuNumber":334,"MaqraNumber":154,"HizbNumber":39,"HizbDecimal":0.25,"HasSajda":false},{"SurahNumber":28,"SurahIndex":"028","VerseNumber":6,"ShowSurahName":false,"ShowBismillah":false,"Text":"وَنُمَكِّنَ لَهُمۡ فِي ٱلۡأَرۡضِ وَنُرِيَ فِرۡعَوۡنَ وَهَٰمَٰنَ وَجُنُودَهُمَا مِنۡهُم مَّا كَانُواْ يَحۡذَرُونَ","TajweedText":"وَنُمَكِّنَ لَهُمْ فِى <tajweed class=ham_wasl>ٱ</tajweed>لْأَرْضِ وَنُرِىَ فِرْعَوْنَ وَهَ<tajweed class=madda_normal>ـٰ</tajweed>مَ<tajweed class=madda_normal>ـٰ</tajweed>نَ وَجُنُودَهُمَا مِنْه<tajweed class=idgham_shafawi>ُم م</tajweed>َّا كَانُو<tajweed class=slnt>اْ</tajweed> يَحْذَر<tajweed class=madda_permissible>ُو</tajweed>نَ <span class=end>٦</span>","End":"٦","PageNumber":386,"JuzNumber":20,"ManzilNumber":5,"RukuNumber":334,"MaqraNumber":154,"HizbNumber":39,"HizbDecimal":0.25,"HasSajda":false},{"SurahNumber":28,"SurahIndex":"028","VerseNumber":7,"ShowSurahName":false,"ShowBismillah":false,"Text":"وَأَوۡحَيۡنَآ إِلَىٰٓ أُمِّ مُوسَىٰٓ أَنۡ أَرۡضِعِيهِۖ فَإِذَا خِفۡتِ عَلَيۡهِ فَأَلۡقِيهِ فِي ٱلۡيَمِّ وَلَا تَخَافِي وَلَا تَحۡزَنِيٓۖ إِنَّا رَآدُّوهُ إِلَيۡكِ وَجَاعِلُوهُ مِنَ ٱلۡمُرۡسَلِينَ","TajweedText":"وَأَوْحَيْن<tajweed class=madda_obligatory>َآ</tajweed> إِلَ<tajweed class=madda_obligatory>ىٰٓ</tajweed> أُ<tajweed class=ghunnah>مّ</tajweed>ِ مُوسَ<tajweed class=madda_obligatory>ىٰٓ</tajweed> أَنْ أَرْضِعِيهِ‌ۖ فَإِذَا خِفْتِ عَلَيْهِ فَأَلْقِيهِ فِى <tajweed class=ham_wasl>ٱ</tajweed>لْيَ<tajweed class=ghunnah>مّ</tajweed>ِ وَلَا تَخَافِى وَلَا تَحْزَن<tajweed class=madda_obligatory>ِىٓ‌ۖ</tajweed> إِ<tajweed class=ghunnah>نّ</tajweed>َا ر<tajweed class=madda_necessary>َا</tajweed>ٓدُّوهُ إِلَيْكِ وَجَاعِلُوهُ مِنَ <tajweed class=ham_wasl>ٱ</tajweed>لْمُرْسَل<tajweed class=madda_permissible>ِي</tajweed>نَ <span class=end>٧</span>","End":"٧","PageNumber":386,"JuzNumber":20,"ManzilNumber":5,"RukuNumber":334,"MaqraNumber":154,"HizbNumber":39,"HizbDecimal":0.25,"HasSajda":false},{"SurahNumber":28,"SurahIndex":"028","VerseNumber":8,"ShowSurahName":false,"ShowBismillah":false,"Text":"فَٱلۡتَقَطَهُۥٓ ءَالُ فِرۡعَوۡنَ لِيَكُونَ لَهُمۡ عَدُوّٗا وَحَزَنًاۗ إِنَّ فِرۡعَوۡنَ وَهَٰمَٰنَ وَجُنُودَهُمَا كَانُواْ خَٰطِـِٔينَ","TajweedText":"فَ<tajweed class=ham_wasl>ٱ</tajweed>لْتَقَطَهُ<tajweed class=madda_obligatory>ۥٓ</tajweed> ءَالُ فِرْعَوْنَ لِيَكُونَ لَهُمْ عَدُو<tajweed class=idgham_ghunnah>ًّا و</tajweed>َحَزَنًا‌ۗ إِ<tajweed class=ghunnah>نّ</tajweed>َ فِرْعَوْنَ وَهَ<tajweed class=madda_normal>ـٰ</tajweed>مَ<tajweed class=madda_normal>ـٰ</tajweed>نَ وَجُنُودَهُمَا كَانُو<tajweed class=slnt>اْ</tajweed> خَ<tajweed class=madda_normal>ـٰ</tajweed>طِــٔ<tajweed class=madda_permissible>ِي</tajweed>نَ <span class=end>٨</span>","End":"٨","PageNumber":386,"JuzNumber":20,"ManzilNumber":5,"RukuNumber":334,"MaqraNumber":154,"HizbNumber":39,"HizbDecimal":0.25,"HasSajda":false},{"SurahNumber":28,"SurahIndex":"028","VerseNumber":9,"ShowSurahName":false,"ShowBismillah":false,"Text":"وَقَالَتِ ٱمۡرَأَتُ فِرۡعَوۡنَ قُرَّتُ عَيۡنٖ لِّي وَلَكَۖ لَا تَقۡتُلُوهُ عَسَىٰٓ أَن يَنفَعَنَآ أَوۡ نَتَّخِذَهُۥ وَلَدٗا وَهُمۡ لَا يَشۡعُرُونَ","TajweedText":"وَقَالَتِ <tajweed class=ham_wasl>ٱ</tajweed>مْرَأَتُ فِرْعَوْنَ قُرَّتُ عَيْ<tajweed class=idgham_wo_ghunnah>نٍ ل</tajweed>ِّى وَلَكَ‌ۖ لَا تَ<tajweed class=qalaqah>قْ</tajweed>تُلُوهُ عَسَ<tajweed class=madda_obligatory>ىٰٓ</tajweed> أ<tajweed class=idgham_ghunnah>َن ي</tajweed>َ<tajweed class=ikhafa>نف</tajweed>َعَن<tajweed class=madda_obligatory>َآ</tajweed> أَوْ نَتَّخِذَهُ<tajweed class=madda_normal>ۥ</tajweed> وَلَ<tajweed class=idgham_ghunnah>دًا و</tajweed>َهُمْ لَا يَشْعُر<tajweed class=madda_permissible>ُو</tajweed>نَ <span class=end>٩</span>","End":"٩","PageNumber":386,"JuzNumber":20,"ManzilNumber":5,"RukuNumber":334,"MaqraNumber":154,"HizbNumber":39,"HizbDecimal":0.25,"HasSajda":false},{"SurahNumber":28,"SurahIndex":"028","VerseNumber":10,"ShowSurahName":false,"ShowBismillah":false,"Text":"وَأَصۡبَحَ فُؤَادُ أُمِّ مُوسَىٰ فَٰرِغًاۖ إِن كَادَتۡ لَتُبۡدِي بِهِۦ لَوۡلَآ أَن رَّبَطۡنَا عَلَىٰ قَلۡبِهَا لِتَكُونَ مِنَ ٱلۡمُؤۡمِنِينَ","TajweedText":"وَأَصْبَحَ فُؤَادُ أُ<tajweed class=ghunnah>مّ</tajweed>ِ مُوسَىٰ فَ<tajweed class=madda_normal>ـٰ</tajweed>رِغًا‌ۖ إِ<tajweed class=ikhafa>ن ك</tajweed>َادَتْ لَتُ<tajweed class=qalaqah>بْ</tajweed>دِى بِه<tajweed class=madda_normal>ِۦ</tajweed> لَوْل<tajweed class=madda_obligatory>َآ</tajweed> أ<tajweed class=idgham_wo_ghunnah>َن ر</tajweed>َّبَ<tajweed class=qalaqah>طْ</tajweed>نَا عَلَىٰ قَلْبِهَا لِتَكُونَ مِنَ <tajweed class=ham_wasl>ٱ</tajweed>لْمُؤْمِن<tajweed class=madda_permissible>ِي</tajweed>نَ <span class=end>١٠</span>","End":"١٠","PageNumber":386,"JuzNumber":20,"ManzilNumber":5,"RukuNumber":334,"MaqraNumber":154,"HizbNumber":39,"HizbDecimal":0.25,"HasSajda":false},{"SurahNumber":28,"SurahIndex":"028","VerseNumber":11,"ShowSurahName":false,"ShowBismillah":false,"Text":"وَقَالَتۡ لِأُخۡتِهِۦ قُصِّيهِۖ فَبَصُرَتۡ بِهِۦ عَن جُنُبٖ وَهُمۡ لَا يَشۡعُرُونَ","TajweedText":"وَقَالَتْ لِأُخْتِه<tajweed class=madda_normal>ِۦ</tajweed> قُصِّيهِ‌ۖ فَبَصُرَتْ بِه<tajweed class=madda_normal>ِۦ</tajweed> عَ<tajweed class=ikhafa>ن ج</tajweed>ُنُ<tajweed class=idgham_ghunnah>بٍ و</tajweed>َهُمْ لَا يَشْعُر<tajweed class=madda_permissible>ُو</tajweed>نَ <span class=end>١١</span>","End":"١١","PageNumber":386,"JuzNumber":20,"ManzilNumber":5,"RukuNumber":334,"MaqraNumber":154,"HizbNumber":39,"HizbDecimal":0.25,"HasSajda":false},{"SurahNumber":28,"SurahIndex":"028","VerseNumber":12,"ShowSurahName":false,"ShowBismillah":false,"Text":"۞وَحَرَّمۡنَا عَلَيۡهِ ٱلۡمَرَاضِعَ مِن قَبۡلُ فَقَالَتۡ هَلۡ أَدُلُّكُمۡ عَلَىٰٓ أَهۡلِ بَيۡتٖ يَكۡفُلُونَهُۥ لَكُمۡ وَهُمۡ لَهُۥ نَٰصِحُونَ","TajweedText":"۞ وَحَرَّمْنَا عَلَيْهِ <tajweed class=ham_wasl>ٱ</tajweed>لْمَرَاضِعَ مِ<tajweed class=ikhafa>ن ق</tajweed>َ<tajweed class=qalaqah>بْ</tajweed>لُ فَقَالَتْ هَلْ أَدُلُّكُمْ عَلَ<tajweed class=madda_obligatory>ىٰٓ</tajweed> أَهْلِ بَيْ<tajweed class=idgham_ghunnah>تٍ ي</tajweed>َكْفُلُونَهُ<tajweed class=madda_normal>ۥ</tajweed> لَكُمْ وَهُمْ لَهُ<tajweed class=madda_normal>ۥ</tajweed> نَ<tajweed class=madda_normal>ـٰ</tajweed>صِح<tajweed class=madda_permissible>ُو</tajweed>نَ <span class=end>١٢</span>","End":"١٢","PageNumber":386,"JuzNumber":20,"ManzilNumber":5,"RukuNumber":334,"MaqraNumber":155,"HizbNumber":39,"HizbDecimal":0.5,"HasSajda":false},{"SurahNumber":28,"SurahIndex":"028","VerseNumber":13,"ShowSurahName":false,"ShowBismillah":false,"Text":"فَرَدَدۡنَٰهُ إِلَىٰٓ أُمِّهِۦ كَيۡ تَقَرَّ عَيۡنُهَا وَلَا تَحۡزَنَ وَلِتَعۡلَمَ أَنَّ وَعۡدَ ٱللَّهِ حَقّٞ وَلَٰكِنَّ أَكۡثَرَهُمۡ لَا يَعۡلَمُونَ","TajweedText":"فَرَدَ<tajweed class=qalaqah>دْ</tajweed>نَ<tajweed class=madda_normal>ـٰ</tajweed>هُ إِلَ<tajweed class=madda_obligatory>ىٰٓ</tajweed> أُ<tajweed class=ghunnah>مّ</tajweed>ِه<tajweed class=madda_normal>ِۦ</tajweed> كَىْ تَقَرَّ عَيْنُهَا وَلَا تَحْزَنَ وَلِتَعْلَمَ أَ<tajweed class=ghunnah>نّ</tajweed>َ وَعْدَ <tajweed class=ham_wasl>ٱ</tajweed>للَّهِ حَ<tajweed class=idgham_ghunnah>قٌّ و</tajweed>َلَ<tajweed class=madda_normal>ـٰ</tajweed>كِ<tajweed class=ghunnah>نّ</tajweed>َ أَكْثَرَهُمْ لَا يَعْلَم<tajweed class=madda_permissible>ُو</tajweed>نَ <span class=end>١٣</span>","End":"١٣","PageNumber":386,"JuzNumber":20,"ManzilNumber":5,"RukuNumber":334,"MaqraNumber":155,"HizbNumber":39,"HizbDecimal":0.5,"HasSajda":false}]}