{"RukuNumber":398,"Verses":[{"SurahNumber":39,"SurahIndex":"039","VerseNumber":22,"ShowSurahName":false,"ShowBismillah":false,"Text":"أَفَمَن شَرَحَ ٱللَّهُ صَدۡرَهُۥ لِلۡإِسۡلَٰمِ فَهُوَ عَلَىٰ نُورٖ مِّن رَّبِّهِۦۚ فَوَيۡلٞ لِّلۡقَٰسِيَةِ قُلُوبُهُم مِّن ذِكۡرِ ٱللَّهِۚ أُوْلَـٰٓئِكَ فِي ضَلَٰلٖ مُّبِينٍ","TajweedText":"أَفَمَ<tajweed class=ikhafa>ن ش</tajweed>َرَحَ <tajweed class=ham_wasl>ٱ</tajweed>للَّهُ صَ<tajweed class=qalaqah>دْ</tajweed>رَهُ<tajweed class=madda_normal>ۥ</tajweed> لِلْإِسْلَ<tajweed class=madda_normal>ـٰ</tajweed>مِ فَهُوَ عَلَىٰ نُو<tajweed class=idgham_ghunnah>رٍ م</tajweed>ّ<tajweed class=idgham_wo_ghunnah>ِن ر</tajweed>َّبِّه<tajweed class=madda_normal>ِۦ</tajweed>‌ۚ فَوَيْ<tajweed class=idgham_wo_ghunnah>لٌ ل</tajweed>ِّلْقَ<tajweed class=madda_normal>ـٰ</tajweed>سِيَةِ قُلُوبُه<tajweed class=idgham_shafawi>ُم م</tajweed>ِّ<tajweed class=ikhafa>ن ذ</tajweed>ِكْرِ <tajweed class=ham_wasl>ٱ</tajweed>للَّهِ‌ۚ أُ<tajweed class=slnt>وْ</tajweed>لَ<tajweed class=madda_obligatory>ـٰٓ</tajweed>ئِكَ فِى ضَلَ<tajweed class=madda_normal>ـٰ</tajweed><tajweed class=idgham_ghunnah>لٍ م</tajweed>ُّب<tajweed class=madda_permissible>ِي</tajweed>نٍ <span class=end>٢٢</span>","End":"٢٢","PageNumber":461,"JuzNumber":23,"ManzilNumber":6,"RukuNumber":398,"MaqraNumber":184,"HizbNumber":46,"HizbDecimal":0.75,"HasSajda":false},{"SurahNumber":39,"SurahIndex":"039","VerseNumber":23,"ShowSurahName":false,"ShowBismillah":false,"Text":"ٱللَّهُ نَزَّلَ أَحۡسَنَ ٱلۡحَدِيثِ كِتَٰبٗا مُّتَشَٰبِهٗا مَّثَانِيَ تَقۡشَعِرُّ مِنۡهُ جُلُودُ ٱلَّذِينَ يَخۡشَوۡنَ رَبَّهُمۡ ثُمَّ تَلِينُ جُلُودُهُمۡ وَقُلُوبُهُمۡ إِلَىٰ ذِكۡرِ ٱللَّهِۚ ذَٰلِكَ هُدَى ٱللَّهِ يَهۡدِي بِهِۦ مَن يَشَآءُۚ وَمَن يُضۡلِلِ ٱللَّهُ فَمَا لَهُۥ مِنۡ هَادٍ","TajweedText":"ٱللَّهُ نَزَّلَ أَحْسَنَ <tajweed class=ham_wasl>ٱ</tajweed>لْحَدِيثِ كِتَ<tajweed class=madda_normal>ـٰ</tajweed><tajweed class=idgham_ghunnah>بًا م</tajweed>ُّتَشَ<tajweed class=madda_normal>ـٰ</tajweed>بِ<tajweed class=idgham_ghunnah>هًا م</tajweed>َّثَانِىَ تَ<tajweed class=qalaqah>قْ</tajweed>شَعِرُّ مِنْهُ جُلُودُ <tajweed class=ham_wasl>ٱ</tajweed>لَّذِينَ يَخْشَوْنَ رَبَّهُمْ ثُ<tajweed class=ghunnah>مّ</tajweed>َ تَلِينُ جُلُودُهُمْ وَقُلُوبُهُمْ إِلَىٰ ذِكْرِ <tajweed class=ham_wasl>ٱ</tajweed>للَّهِ‌ۚ ذ<tajweed class=madda_normal>َٲ</tajweed>لِكَ هُدَى <tajweed class=ham_wasl>ٱ</tajweed>للَّهِ يَهْدِى بِه<tajweed class=madda_normal>ِۦ</tajweed> م<tajweed class=idgham_ghunnah>َن ي</tajweed>َش<tajweed class=madda_obligatory>َا</tajweed>ٓءُ‌ۚ وَم<tajweed class=idgham_ghunnah>َن ي</tajweed>ُضْلِلِ <tajweed class=ham_wasl>ٱ</tajweed>للَّهُ فَمَا لَهُ<tajweed class=madda_normal>ۥ</tajweed> مِنْ ه<tajweed class=madda_permissible>َا</tajweed><tajweed class=qalaqah>د</tajweed>ٍ <span class=end>٢٣</span>","End":"٢٣","PageNumber":461,"JuzNumber":23,"ManzilNumber":6,"RukuNumber":398,"MaqraNumber":184,"HizbNumber":46,"HizbDecimal":0.75,"HasSajda":false},{"SurahNumber":39,"SurahIndex":"039","VerseNumber":24,"ShowSurahName":false,"ShowBismillah":false,"Text":"أَفَمَن يَتَّقِي بِوَجۡهِهِۦ سُوٓءَ ٱلۡعَذَابِ يَوۡمَ ٱلۡقِيَٰمَةِۚ وَقِيلَ لِلظَّـٰلِمِينَ ذُوقُواْ مَا كُنتُمۡ تَكۡسِبُونَ","TajweedText":"أَفَم<tajweed class=idgham_ghunnah>َن ي</tajweed>َتَّقِى بِوَ<tajweed class=qalaqah>جْ</tajweed>هِه<tajweed class=madda_normal>ِۦ</tajweed> س<tajweed class=madda_obligatory>ُو</tajweed>ٓءَ <tajweed class=ham_wasl>ٱ</tajweed>لْعَذَابِ يَوْمَ <tajweed class=ham_wasl>ٱ</tajweed>لْقِيَ<tajweed class=madda_normal>ـٰ</tajweed>مَةِ‌ۚ وَقِيلَ لِلظَّ<tajweed class=madda_normal>ـٰ</tajweed>لِمِينَ ذُوقُو<tajweed class=slnt>اْ</tajweed> مَا كُ<tajweed class=ikhafa>نت</tajweed>ُمْ تَكْسِب<tajweed class=madda_permissible>ُو</tajweed>نَ <span class=end>٢٤</span>","End":"٢٤","PageNumber":461,"JuzNumber":23,"ManzilNumber":6,"RukuNumber":398,"MaqraNumber":184,"HizbNumber":46,"HizbDecimal":0.75,"HasSajda":false},{"SurahNumber":39,"SurahIndex":"039","VerseNumber":25,"ShowSurahName":false,"ShowBismillah":false,"Text":"كَذَّبَ ٱلَّذِينَ مِن قَبۡلِهِمۡ فَأَتَىٰهُمُ ٱلۡعَذَابُ مِنۡ حَيۡثُ لَا يَشۡعُرُونَ","TajweedText":"كَذَّبَ <tajweed class=ham_wasl>ٱ</tajweed>لَّذِينَ مِ<tajweed class=ikhafa>ن ق</tajweed>َ<tajweed class=qalaqah>بْ</tajweed>لِهِمْ فَأَتَ<tajweed class=madda_normal>ـٰ</tajweed>هُمُ <tajweed class=ham_wasl>ٱ</tajweed>لْعَذَابُ مِنْ حَيْثُ لَا يَشْعُر<tajweed class=madda_permissible>ُو</tajweed>نَ <span class=end>٢٥</span>","End":"٢٥","PageNumber":461,"JuzNumber":23,"ManzilNumber":6,"RukuNumber":398,"MaqraNumber":184,"HizbNumber":46,"HizbDecimal":0.75,"HasSajda":false},{"SurahNumber":39,"SurahIndex":"039","VerseNumber":26,"ShowSurahName":false,"ShowBismillah":false,"Text":"فَأَذَاقَهُمُ ٱللَّهُ ٱلۡخِزۡيَ فِي ٱلۡحَيَوٰةِ ٱلدُّنۡيَاۖ وَلَعَذَابُ ٱلۡأٓخِرَةِ أَكۡبَرُۚ لَوۡ كَانُواْ يَعۡلَمُونَ","TajweedText":"فَأَذَاقَهُمُ <tajweed class=ham_wasl>ٱ</tajweed>للَّهُ <tajweed class=ham_wasl>ٱ</tajweed>لْخِزْىَ فِى <tajweed class=ham_wasl>ٱ</tajweed>لْحَيَ<tajweed class=slnt>و</tajweed><tajweed class=madda_normal>ٲ</tajweed>ةِ <tajweed class=ham_wasl>ٱ</tajweed><tajweed class=laam_shamsiyah>ل</tajweed>دُّنْيَا‌ۖ وَلَعَذَابُ <tajweed class=ham_wasl>ٱ</tajweed>لْأَخِرَةِ أَكْبَرُ‌ۚ لَوْ كَانُو<tajweed class=slnt>اْ</tajweed> يَعْلَم<tajweed class=madda_permissible>ُو</tajweed>نَ <span class=end>٢٦</span>","End":"٢٦","PageNumber":461,"JuzNumber":23,"ManzilNumber":6,"RukuNumber":398,"MaqraNumber":184,"HizbNumber":46,"HizbDecimal":0.75,"HasSajda":false},{"SurahNumber":39,"SurahIndex":"039","VerseNumber":27,"ShowSurahName":false,"ShowBismillah":false,"Text":"وَلَقَدۡ ضَرَبۡنَا لِلنَّاسِ فِي هَٰذَا ٱلۡقُرۡءَانِ مِن كُلِّ مَثَلٖ لَّعَلَّهُمۡ يَتَذَكَّرُونَ","TajweedText":"وَلَقَ<tajweed class=qalaqah>دْ</tajweed> ضَرَ<tajweed class=qalaqah>بْ</tajweed>نَا لِل<tajweed class=ghunnah>نّ</tajweed>َاسِ فِى هَ<tajweed class=madda_normal>ـٰ</tajweed>ذَا <tajweed class=ham_wasl>ٱ</tajweed>لْقُرْءَانِ مِ<tajweed class=ikhafa>ن ك</tajweed>ُلِّ مَثَ<tajweed class=idgham_wo_ghunnah>لٍ ل</tajweed>َّعَلَّهُمْ يَتَذَكَّر<tajweed class=madda_permissible>ُو</tajweed>نَ <span class=end>٢٧</span>","End":"٢٧","PageNumber":461,"JuzNumber":23,"ManzilNumber":6,"RukuNumber":398,"MaqraNumber":184,"HizbNumber":46,"HizbDecimal":0.75,"HasSajda":false},{"SurahNumber":39,"SurahIndex":"039","VerseNumber":28,"ShowSurahName":false,"ShowBismillah":false,"Text":"قُرۡءَانًا عَرَبِيًّا غَيۡرَ ذِي عِوَجٖ لَّعَلَّهُمۡ يَتَّقُونَ","TajweedText":"قُرْءَانًا عَرَبِيًّا غَيْرَ ذِى عِوَ<tajweed class=idgham_wo_ghunnah>جٍ ل</tajweed>َّعَلَّهُمْ يَتَّق<tajweed class=madda_permissible>ُو</tajweed>نَ <span class=end>٢٨</span>","End":"٢٨","PageNumber":461,"JuzNumber":23,"ManzilNumber":6,"RukuNumber":398,"MaqraNumber":184,"HizbNumber":46,"HizbDecimal":0.75,"HasSajda":false},{"SurahNumber":39,"SurahIndex":"039","VerseNumber":29,"ShowSurahName":false,"ShowBismillah":false,"Text":"ضَرَبَ ٱللَّهُ مَثَلٗا رَّجُلٗا فِيهِ شُرَكَآءُ مُتَشَٰكِسُونَ وَرَجُلٗا سَلَمٗا لِّرَجُلٍ هَلۡ يَسۡتَوِيَانِ مَثَلًاۚ ٱلۡحَمۡدُ لِلَّهِۚ بَلۡ أَكۡثَرُهُمۡ لَا يَعۡلَمُونَ","TajweedText":"ضَرَبَ <tajweed class=ham_wasl>ٱ</tajweed>للَّهُ مَثَل<tajweed class=idgham_wo_ghunnah>اً ر</tajweed>َّجُل<tajweed class=ikhafa>اً ف</tajweed>ِيهِ شُرَك<tajweed class=madda_obligatory>َا</tajweed>ٓءُ مُتَشَ<tajweed class=madda_normal>ـٰ</tajweed>كِسُونَ وَرَجُل<tajweed class=ikhafa>اً س</tajweed>َلَ<tajweed class=idgham_wo_ghunnah>مًا ل</tajweed>ِّرَجُلٍ هَلْ يَسْتَوِيَانِ مَثَلاً‌ۚ <tajweed class=ham_wasl>ٱ</tajweed>لْحَمْدُ لِلَّهِ‌ۚ بَلْ أَكْثَرُهُمْ لَا يَعْلَم<tajweed class=madda_permissible>ُو</tajweed>نَ <span class=end>٢٩</span>","End":"٢٩","PageNumber":461,"JuzNumber":23,"ManzilNumber":6,"RukuNumber":398,"MaqraNumber":184,"HizbNumber":46,"HizbDecimal":0.75,"HasSajda":false},{"SurahNumber":39,"SurahIndex":"039","VerseNumber":30,"ShowSurahName":false,"ShowBismillah":false,"Text":"إِنَّكَ مَيِّتٞ وَإِنَّهُم مَّيِّتُونَ","TajweedText":"إِ<tajweed class=ghunnah>نّ</tajweed>َكَ مَيِّ<tajweed class=idgham_ghunnah>تٌ و</tajweed>َإِ<tajweed class=ghunnah>نّ</tajweed>َه<tajweed class=idgham_shafawi>ُم م</tajweed>َّيِّت<tajweed class=madda_permissible>ُو</tajweed>نَ <span class=end>٣٠</span>","End":"٣٠","PageNumber":461,"JuzNumber":23,"ManzilNumber":6,"RukuNumber":398,"MaqraNumber":184,"HizbNumber":46,"HizbDecimal":0.75,"HasSajda":false},{"SurahNumber":39,"SurahIndex":"039","VerseNumber":31,"ShowSurahName":false,"ShowBismillah":false,"Text":"ثُمَّ إِنَّكُمۡ يَوۡمَ ٱلۡقِيَٰمَةِ عِندَ رَبِّكُمۡ تَخۡتَصِمُونَ","TajweedText":"ثُ<tajweed class=ghunnah>مّ</tajweed>َ إِ<tajweed class=ghunnah>نّ</tajweed>َكُمْ يَوْمَ <tajweed class=ham_wasl>ٱ</tajweed>لْقِيَ<tajweed class=madda_normal>ـٰ</tajweed>مَةِ عِ<tajweed class=ikhafa>ند</tajweed>َ رَبِّكُمْ تَخْتَصِم<tajweed class=madda_permissible>ُو</tajweed>نَ <span class=end>٣١</span>","End":"٣١","PageNumber":461,"JuzNumber":23,"ManzilNumber":6,"RukuNumber":398,"MaqraNumber":184,"HizbNumber":46,"HizbDecimal":0.75,"HasSajda":false}]}