{"RukuNumber":479,"Verses":[{"SurahNumber":59,"SurahIndex":"059","VerseNumber":1,"ShowSurahName":true,"ShowBismillah":true,"Text":"سَبَّحَ لِلَّهِ مَا فِي ٱلسَّمَٰوَٰتِ وَمَا فِي ٱلۡأَرۡضِۖ وَهُوَ ٱلۡعَزِيزُ ٱلۡحَكِيمُ","TajweedText":"سَبَّحَ لِلَّهِ مَا فِى <tajweed class=ham_wasl>ٱ</tajweed><tajweed class=laam_shamsiyah>ل</tajweed>سَّمَ<tajweed class=madda_normal>ـٰ</tajweed>و<tajweed class=madda_normal>َٲ</tajweed>تِ وَمَا فِى <tajweed class=ham_wasl>ٱ</tajweed>لْأَرْضِ‌ۖ وَهُوَ <tajweed class=ham_wasl>ٱ</tajweed>لْعَزِيزُ <tajweed class=ham_wasl>ٱ</tajweed>لْحَك<tajweed class=madda_permissible>ِي</tajweed>مُ <span class=end>١</span>","End":"١","PageNumber":545,"JuzNumber":28,"ManzilNumber":7,"RukuNumber":479,"MaqraNumber":218,"HizbNumber":55,"HizbDecimal":0.25,"HasSajda":false},{"SurahNumber":59,"SurahIndex":"059","VerseNumber":2,"ShowSurahName":false,"ShowBismillah":false,"Text":"هُوَ ٱلَّذِيٓ أَخۡرَجَ ٱلَّذِينَ كَفَرُواْ مِنۡ أَهۡلِ ٱلۡكِتَٰبِ مِن دِيَٰرِهِمۡ لِأَوَّلِ ٱلۡحَشۡرِۚ مَا ظَنَنتُمۡ أَن يَخۡرُجُواْۖ وَظَنُّوٓاْ أَنَّهُم مَّانِعَتُهُمۡ حُصُونُهُم مِّنَ ٱللَّهِ فَأَتَىٰهُمُ ٱللَّهُ مِنۡ حَيۡثُ لَمۡ يَحۡتَسِبُواْۖ وَقَذَفَ فِي قُلُوبِهِمُ ٱلرُّعۡبَۚ يُخۡرِبُونَ بُيُوتَهُم بِأَيۡدِيهِمۡ وَأَيۡدِي ٱلۡمُؤۡمِنِينَ فَٱعۡتَبِرُواْ يَـٰٓأُوْلِي ٱلۡأَبۡصَٰرِ","TajweedText":"هُوَ <tajweed class=ham_wasl>ٱ</tajweed>لَّذ<tajweed class=madda_obligatory>ِىٓ</tajweed> أَخْرَجَ <tajweed class=ham_wasl>ٱ</tajweed>لَّذِينَ كَفَرُو<tajweed class=slnt>اْ</tajweed> مِنْ أَهْلِ <tajweed class=ham_wasl>ٱ</tajweed>لْكِتَ<tajweed class=madda_normal>ـٰ</tajweed>بِ مِ<tajweed class=ikhafa>ن د</tajweed>ِيَ<tajweed class=madda_normal>ـٰ</tajweed>رِهِمْ لِأَوَّلِ <tajweed class=ham_wasl>ٱ</tajweed>لْحَشْرِ‌ۚ مَا ظَنَ<tajweed class=ikhafa>نت</tajweed>ُمْ أ<tajweed class=idgham_ghunnah>َن ي</tajweed>َخْرُجُو<tajweed class=slnt>اْ‌ۖ</tajweed> وَظَ<tajweed class=ghunnah>نّ</tajweed><tajweed class=madda_obligatory>ُوٓ</tajweed><tajweed class=slnt>اْ</tajweed> أَ<tajweed class=ghunnah>نّ</tajweed>َه<tajweed class=idgham_shafawi>ُم م</tajweed>َّانِعَتُهُمْ حُصُونُه<tajweed class=idgham_shafawi>ُم م</tajweed>ِّنَ <tajweed class=ham_wasl>ٱ</tajweed>للَّهِ فَأَتَ<tajweed class=madda_normal>ـٰ</tajweed>هُمُ <tajweed class=ham_wasl>ٱ</tajweed>للَّهُ مِنْ حَيْثُ لَمْ يَحْتَسِبُو<tajweed class=slnt>اْ‌ۖ</tajweed> وَقَذَفَ فِى قُلُوبِهِمُ <tajweed class=ham_wasl>ٱ</tajweed><tajweed class=laam_shamsiyah>ل</tajweed>رُّعْبَ‌ۚ يُخْرِبُونَ بُيُوتَه<tajweed class=ikhafa_shafawi>ُم ب</tajweed>ِأَيْدِيهِمْ وَأَيْدِى <tajweed class=ham_wasl>ٱ</tajweed>لْمُؤْمِنِينَ فَ<tajweed class=ham_wasl>ٱ</tajweed>عْتَبِرُو<tajweed class=slnt>اْ</tajweed> يَ<tajweed class=madda_obligatory>ـٰٓ</tajweed>أُ<tajweed class=slnt>وْ</tajweed>لِى <tajweed class=ham_wasl>ٱ</tajweed>لْأَ<tajweed class=qalaqah>بْ</tajweed>صَ<tajweed class=madda_permissible>ـٰ</tajweed>رِ <span class=end>٢</span>","End":"٢","PageNumber":545,"JuzNumber":28,"ManzilNumber":7,"RukuNumber":479,"MaqraNumber":218,"HizbNumber":55,"HizbDecimal":0.25,"HasSajda":false},{"SurahNumber":59,"SurahIndex":"059","VerseNumber":3,"ShowSurahName":false,"ShowBismillah":false,"Text":"وَلَوۡلَآ أَن كَتَبَ ٱللَّهُ عَلَيۡهِمُ ٱلۡجَلَآءَ لَعَذَّبَهُمۡ فِي ٱلدُّنۡيَاۖ وَلَهُمۡ فِي ٱلۡأٓخِرَةِ عَذَابُ ٱلنَّارِ","TajweedText":"وَلَوْل<tajweed class=madda_obligatory>َآ</tajweed> أَ<tajweed class=ikhafa>ن ك</tajweed>َتَبَ <tajweed class=ham_wasl>ٱ</tajweed>للَّهُ عَلَيْهِمُ <tajweed class=ham_wasl>ٱ</tajweed>لْجَل<tajweed class=madda_obligatory>َا</tajweed>ٓءَ لَعَذَّبَهُمْ فِى <tajweed class=ham_wasl>ٱ</tajweed><tajweed class=laam_shamsiyah>ل</tajweed>دُّنْيَا‌ۖ وَلَهُمْ فِى <tajweed class=ham_wasl>ٱ</tajweed>لْأَخِرَةِ عَذَابُ <tajweed class=ham_wasl>ٱ</tajweed><tajweed class=laam_shamsiyah>ل</tajweed><tajweed class=ghunnah>نّ</tajweed><tajweed class=madda_permissible>َا</tajweed>رِ <span class=end>٣</span>","End":"٣","PageNumber":545,"JuzNumber":28,"ManzilNumber":7,"RukuNumber":479,"MaqraNumber":218,"HizbNumber":55,"HizbDecimal":0.25,"HasSajda":false},{"SurahNumber":59,"SurahIndex":"059","VerseNumber":4,"ShowSurahName":false,"ShowBismillah":false,"Text":"ذَٰلِكَ بِأَنَّهُمۡ شَآقُّواْ ٱللَّهَ وَرَسُولَهُۥۖ وَمَن يُشَآقِّ ٱللَّهَ فَإِنَّ ٱللَّهَ شَدِيدُ ٱلۡعِقَابِ","TajweedText":"ذ<tajweed class=madda_normal>َٲ</tajweed>لِكَ بِأَ<tajweed class=ghunnah>نّ</tajweed>َهُمْ ش<tajweed class=madda_necessary>َا</tajweed>ٓقُّو<tajweed class=slnt>اْ</tajweed> <tajweed class=ham_wasl>ٱ</tajweed>للَّهَ وَرَسُولَهُ<tajweed class=madda_normal>ۥ</tajweed>‌ۖ وَم<tajweed class=idgham_ghunnah>َن ي</tajweed>ُش<tajweed class=madda_necessary>َا</tajweed>ٓقِّ <tajweed class=ham_wasl>ٱ</tajweed>للَّهَ فَإِ<tajweed class=ghunnah>نّ</tajweed>َ <tajweed class=ham_wasl>ٱ</tajweed>للَّهَ شَدِيدُ <tajweed class=ham_wasl>ٱ</tajweed>لْعِق<tajweed class=madda_permissible>َا</tajweed><tajweed class=qalaqah>ب</tajweed>ِ <span class=end>٤</span>","End":"٤","PageNumber":546,"JuzNumber":28,"ManzilNumber":7,"RukuNumber":479,"MaqraNumber":218,"HizbNumber":55,"HizbDecimal":0.25,"HasSajda":false},{"SurahNumber":59,"SurahIndex":"059","VerseNumber":5,"ShowSurahName":false,"ShowBismillah":false,"Text":"مَا قَطَعۡتُم مِّن لِّينَةٍ أَوۡ تَرَكۡتُمُوهَا قَآئِمَةً عَلَىٰٓ أُصُولِهَا فَبِإِذۡنِ ٱللَّهِ وَلِيُخۡزِيَ ٱلۡفَٰسِقِينَ","TajweedText":"مَا قَطَعْت<tajweed class=idgham_shafawi>ُم م</tajweed>ّ<tajweed class=idgham_wo_ghunnah>ِن ل</tajweed>ِّينَةٍ أَوْ تَرَكْتُمُوهَا ق<tajweed class=madda_obligatory>َا</tajweed>ٓئِمَةً عَلَ<tajweed class=madda_obligatory>ىٰٓ</tajweed> أُصُولِهَا فَبِإِذْنِ <tajweed class=ham_wasl>ٱ</tajweed>للَّهِ وَلِيُخْزِىَ <tajweed class=ham_wasl>ٱ</tajweed>لْفَ<tajweed class=madda_normal>ـٰ</tajweed>سِق<tajweed class=madda_permissible>ِي</tajweed>نَ <span class=end>٥</span>","End":"٥","PageNumber":546,"JuzNumber":28,"ManzilNumber":7,"RukuNumber":479,"MaqraNumber":218,"HizbNumber":55,"HizbDecimal":0.25,"HasSajda":false},{"SurahNumber":59,"SurahIndex":"059","VerseNumber":6,"ShowSurahName":false,"ShowBismillah":false,"Text":"وَمَآ أَفَآءَ ٱللَّهُ عَلَىٰ رَسُولِهِۦ مِنۡهُمۡ فَمَآ أَوۡجَفۡتُمۡ عَلَيۡهِ مِنۡ خَيۡلٖ وَلَا رِكَابٖ وَلَٰكِنَّ ٱللَّهَ يُسَلِّطُ رُسُلَهُۥ عَلَىٰ مَن يَشَآءُۚ وَٱللَّهُ عَلَىٰ كُلِّ شَيۡءٖ قَدِيرٞ","TajweedText":"وَم<tajweed class=madda_obligatory>َآ</tajweed> أَف<tajweed class=madda_obligatory>َا</tajweed>ٓءَ <tajweed class=ham_wasl>ٱ</tajweed>للَّهُ عَلَىٰ رَسُولِه<tajweed class=madda_normal>ِۦ</tajweed> مِنْهُمْ فَم<tajweed class=madda_obligatory>َآ</tajweed> أَوْجَفْتُمْ عَلَيْهِ مِنْ خَيْ<tajweed class=idgham_ghunnah>لٍ و</tajweed>َلَا رِكَا<tajweed class=idgham_ghunnah>بٍ و</tajweed>َلَ<tajweed class=madda_normal>ـٰ</tajweed>كِ<tajweed class=ghunnah>نّ</tajweed>َ <tajweed class=ham_wasl>ٱ</tajweed>للَّهَ يُسَلِّطُ رُسُلَهُ<tajweed class=madda_normal>ۥ</tajweed> عَلَىٰ م<tajweed class=idgham_ghunnah>َن ي</tajweed>َش<tajweed class=madda_obligatory>َا</tajweed>ٓءُ‌ۚ وَ<tajweed class=ham_wasl>ٱ</tajweed>للَّهُ عَلَىٰ كُلِّ ش<tajweed class=ikhafa>َىْءٍ ق</tajweed>َد<tajweed class=madda_permissible>ِي</tajweed>رٌ <span class=end>٦</span>","End":"٦","PageNumber":546,"JuzNumber":28,"ManzilNumber":7,"RukuNumber":479,"MaqraNumber":218,"HizbNumber":55,"HizbDecimal":0.25,"HasSajda":false},{"SurahNumber":59,"SurahIndex":"059","VerseNumber":7,"ShowSurahName":false,"ShowBismillah":false,"Text":"مَّآ أَفَآءَ ٱللَّهُ عَلَىٰ رَسُولِهِۦ مِنۡ أَهۡلِ ٱلۡقُرَىٰ فَلِلَّهِ وَلِلرَّسُولِ وَلِذِي ٱلۡقُرۡبَىٰ وَٱلۡيَتَٰمَىٰ وَٱلۡمَسَٰكِينِ وَٱبۡنِ ٱلسَّبِيلِ كَيۡ لَا يَكُونَ دُولَةَۢ بَيۡنَ ٱلۡأَغۡنِيَآءِ مِنكُمۡۚ وَمَآ ءَاتَىٰكُمُ ٱلرَّسُولُ فَخُذُوهُ وَمَا نَهَىٰكُمۡ عَنۡهُ فَٱنتَهُواْۚ وَٱتَّقُواْ ٱللَّهَۖ إِنَّ ٱللَّهَ شَدِيدُ ٱلۡعِقَابِ","TajweedText":"مّ<tajweed class=madda_obligatory>َآ</tajweed> أَف<tajweed class=madda_obligatory>َا</tajweed>ٓءَ <tajweed class=ham_wasl>ٱ</tajweed>للَّهُ عَلَىٰ رَسُولِه<tajweed class=madda_normal>ِۦ</tajweed> مِنْ أَهْلِ <tajweed class=ham_wasl>ٱ</tajweed>لْقُرَىٰ فَلِلَّهِ وَلِلرَّسُولِ وَلِذِى <tajweed class=ham_wasl>ٱ</tajweed>لْقُرْبَىٰ وَ<tajweed class=ham_wasl>ٱ</tajweed>لْيَتَ<tajweed class=madda_normal>ـٰ</tajweed>مَىٰ وَ<tajweed class=ham_wasl>ٱ</tajweed>لْمَسَ<tajweed class=madda_normal>ـٰ</tajweed>كِينِ وَ<tajweed class=ham_wasl>ٱ</tajweed><tajweed class=qalaqah>بْ</tajweed>نِ <tajweed class=ham_wasl>ٱ</tajweed><tajweed class=laam_shamsiyah>ل</tajweed>سَّبِيلِ كَىْ لَا يَكُونَ دُولَ<tajweed class=iqlab>ةَۢ ب</tajweed>َيْنَ <tajweed class=ham_wasl>ٱ</tajweed>لْأَغْنِي<tajweed class=madda_obligatory>َا</tajweed>ٓءِ مِ<tajweed class=ikhafa>نك</tajweed>ُمْ‌ۚ وَم<tajweed class=madda_obligatory>َآ</tajweed> ءَاتَ<tajweed class=madda_normal>ـٰ</tajweed>كُمُ <tajweed class=ham_wasl>ٱ</tajweed><tajweed class=laam_shamsiyah>ل</tajweed>رَّسُولُ فَخُذُوهُ وَمَا نَهَ<tajweed class=madda_normal>ـٰ</tajweed>كُمْ عَنْهُ فَ<tajweed class=ham_wasl>ٱ</tajweed><tajweed class=ikhafa>نت</tajweed>َهُو<tajweed class=slnt>اْ‌ۚ</tajweed> وَ<tajweed class=ham_wasl>ٱ</tajweed>تَّقُو<tajweed class=slnt>اْ</tajweed> <tajweed class=ham_wasl>ٱ</tajweed>للَّهَ‌ۖ إِ<tajweed class=ghunnah>نّ</tajweed>َ <tajweed class=ham_wasl>ٱ</tajweed>للَّهَ شَدِيدُ <tajweed class=ham_wasl>ٱ</tajweed>لْعِق<tajweed class=madda_permissible>َا</tajweed><tajweed class=qalaqah>ب</tajweed>ِ <span class=end>٧</span>","End":"٧","PageNumber":546,"JuzNumber":28,"ManzilNumber":7,"RukuNumber":479,"MaqraNumber":218,"HizbNumber":55,"HizbDecimal":0.25,"HasSajda":false},{"SurahNumber":59,"SurahIndex":"059","VerseNumber":8,"ShowSurahName":false,"ShowBismillah":false,"Text":"لِلۡفُقَرَآءِ ٱلۡمُهَٰجِرِينَ ٱلَّذِينَ أُخۡرِجُواْ مِن دِيَٰرِهِمۡ وَأَمۡوَٰلِهِمۡ يَبۡتَغُونَ فَضۡلٗا مِّنَ ٱللَّهِ وَرِضۡوَٰنٗا وَيَنصُرُونَ ٱللَّهَ وَرَسُولَهُۥٓۚ أُوْلَـٰٓئِكَ هُمُ ٱلصَّـٰدِقُونَ","TajweedText":"لِلْفُقَر<tajweed class=madda_obligatory>َا</tajweed>ٓءِ <tajweed class=ham_wasl>ٱ</tajweed>لْمُهَ<tajweed class=madda_normal>ـٰ</tajweed>جِرِينَ <tajweed class=ham_wasl>ٱ</tajweed>لَّذِينَ أُخْرِجُو<tajweed class=slnt>اْ</tajweed> مِ<tajweed class=ikhafa>ن د</tajweed>ِيَ<tajweed class=madda_normal>ـٰ</tajweed>رِهِمْ وَأَمْو<tajweed class=madda_normal>َٲ</tajweed>لِهِمْ يَ<tajweed class=qalaqah>بْ</tajweed>تَغُونَ فَضْل<tajweed class=idgham_ghunnah>اً م</tajweed>ِّنَ <tajweed class=ham_wasl>ٱ</tajweed>للَّهِ وَرِضْو<tajweed class=madda_normal>َٲ</tajweed><tajweed class=idgham_ghunnah>نًا و</tajweed>َيَ<tajweed class=ikhafa>نص</tajweed>ُرُونَ <tajweed class=ham_wasl>ٱ</tajweed>للَّهَ وَرَسُولَهُ<tajweed class=madda_obligatory>ۥٓ‌ۚ</tajweed> أُ<tajweed class=slnt>وْ</tajweed>لَ<tajweed class=madda_obligatory>ـٰٓ</tajweed>ئِكَ هُمُ <tajweed class=ham_wasl>ٱ</tajweed><tajweed class=laam_shamsiyah>ل</tajweed>صَّ<tajweed class=madda_normal>ـٰ</tajweed>دِق<tajweed class=madda_permissible>ُو</tajweed>نَ <span class=end>٨</span>","End":"٨","PageNumber":546,"JuzNumber":28,"ManzilNumber":7,"RukuNumber":479,"MaqraNumber":218,"HizbNumber":55,"HizbDecimal":0.25,"HasSajda":false},{"SurahNumber":59,"SurahIndex":"059","VerseNumber":9,"ShowSurahName":false,"ShowBismillah":false,"Text":"وَٱلَّذِينَ تَبَوَّءُو ٱلدَّارَ وَٱلۡإِيمَٰنَ مِن قَبۡلِهِمۡ يُحِبُّونَ مَنۡ هَاجَرَ إِلَيۡهِمۡ وَلَا يَجِدُونَ فِي صُدُورِهِمۡ حَاجَةٗ مِّمَّآ أُوتُواْ وَيُؤۡثِرُونَ عَلَىٰٓ أَنفُسِهِمۡ وَلَوۡ كَانَ بِهِمۡ خَصَاصَةٞۚ وَمَن يُوقَ شُحَّ نَفۡسِهِۦ فَأُوْلَـٰٓئِكَ هُمُ ٱلۡمُفۡلِحُونَ","TajweedText":"وَ<tajweed class=ham_wasl>ٱ</tajweed>لَّذِينَ تَبَوَّءُو <tajweed class=ham_wasl>ٱ</tajweed><tajweed class=laam_shamsiyah>ل</tajweed>دَّارَ وَ<tajweed class=ham_wasl>ٱ</tajweed>لْإِيمَ<tajweed class=madda_normal>ـٰ</tajweed>نَ مِ<tajweed class=ikhafa>ن ق</tajweed>َ<tajweed class=qalaqah>بْ</tajweed>لِهِمْ يُحِبُّونَ مَنْ هَاجَرَ إِلَيْهِمْ وَلَا يَجِدُونَ فِى صُدُورِهِمْ حَاجَ<tajweed class=idgham_ghunnah>ةً م</tajweed>ِّ<tajweed class=ghunnah>مّ</tajweed><tajweed class=madda_obligatory>َآ</tajweed> أُوتُو<tajweed class=slnt>اْ</tajweed> وَيُؤْثِرُونَ عَلَ<tajweed class=madda_obligatory>ىٰٓ</tajweed> أَ<tajweed class=ikhafa>نف</tajweed>ُسِهِمْ وَلَوْ كَانَ بِهِمْ خَصَاصَ<tajweed class=idgham_ghunnah>ةٌ‌ۚ و</tajweed>َم<tajweed class=idgham_ghunnah>َن ي</tajweed>ُوقَ شُحَّ نَفْسِه<tajweed class=madda_normal>ِۦ</tajweed> فَأُ<tajweed class=slnt>وْ</tajweed>لَ<tajweed class=madda_obligatory>ـٰٓ</tajweed>ئِكَ هُمُ <tajweed class=ham_wasl>ٱ</tajweed>لْمُفْلِح<tajweed class=madda_permissible>ُو</tajweed>نَ <span class=end>٩</span>","End":"٩","PageNumber":546,"JuzNumber":28,"ManzilNumber":7,"RukuNumber":479,"MaqraNumber":218,"HizbNumber":55,"HizbDecimal":0.25,"HasSajda":false},{"SurahNumber":59,"SurahIndex":"059","VerseNumber":10,"ShowSurahName":false,"ShowBismillah":false,"Text":"وَٱلَّذِينَ جَآءُو مِنۢ بَعۡدِهِمۡ يَقُولُونَ رَبَّنَا ٱغۡفِرۡ لَنَا وَلِإِخۡوَٰنِنَا ٱلَّذِينَ سَبَقُونَا بِٱلۡإِيمَٰنِ وَلَا تَجۡعَلۡ فِي قُلُوبِنَا غِلّٗا لِّلَّذِينَ ءَامَنُواْ رَبَّنَآ إِنَّكَ رَءُوفٞ رَّحِيمٌ","TajweedText":"وَ<tajweed class=ham_wasl>ٱ</tajweed>لَّذِينَ ج<tajweed class=madda_obligatory>َا</tajweed>ٓءُو م<tajweed class=iqlab>ِنۢ ب</tajweed>َعْدِهِمْ يَقُولُونَ رَبَّنَا <tajweed class=ham_wasl>ٱ</tajweed>غْفِرْ لَنَا وَلِإِخْو<tajweed class=madda_normal>َٲ</tajweed>نِنَا <tajweed class=ham_wasl>ٱ</tajweed>لَّذِينَ سَبَقُونَا بِ<tajweed class=ham_wasl>ٱ</tajweed>لْإِيمَ<tajweed class=madda_normal>ـٰ</tajweed>نِ وَلَا تَ<tajweed class=qalaqah>جْ</tajweed>عَلْ فِى قُلُوبِنَا غِل<tajweed class=idgham_wo_ghunnah>اًّ ل</tajweed>ِّلَّذِينَ ءَامَنُو<tajweed class=slnt>اْ</tajweed> رَبَّن<tajweed class=madda_obligatory>َآ</tajweed> إِ<tajweed class=ghunnah>نّ</tajweed>َكَ رَءُو<tajweed class=idgham_wo_ghunnah>فٌ ر</tajweed>َّح<tajweed class=madda_permissible>ِي</tajweed>مٌ <span class=end>١٠</span>","End":"١٠","PageNumber":547,"JuzNumber":28,"ManzilNumber":7,"RukuNumber":479,"MaqraNumber":218,"HizbNumber":55,"HizbDecimal":0.25,"HasSajda":false}]}