{"RukuNumber":510,"Verses":[{"SurahNumber":74,"SurahIndex":"074","VerseNumber":1,"ShowSurahName":true,"ShowBismillah":true,"Text":"يَـٰٓأَيُّهَا ٱلۡمُدَّثِّرُ","TajweedText":"يَ<tajweed class=madda_obligatory>ـٰٓ</tajweed>أَيُّهَا <tajweed class=ham_wasl>ٱ</tajweed>لْمُدَّثِّرُ <span class=end>١</span>","End":"١","PageNumber":575,"JuzNumber":29,"ManzilNumber":7,"RukuNumber":510,"MaqraNumber":230,"HizbNumber":58,"HizbDecimal":0.25,"HasSajda":false},{"SurahNumber":74,"SurahIndex":"074","VerseNumber":2,"ShowSurahName":false,"ShowBismillah":false,"Text":"قُمۡ فَأَنذِرۡ","TajweedText":"قُمْ فَأَ<tajweed class=ikhafa>نذ</tajweed>ِرْ <span class=end>٢</span>","End":"٢","PageNumber":575,"JuzNumber":29,"ManzilNumber":7,"RukuNumber":510,"MaqraNumber":230,"HizbNumber":58,"HizbDecimal":0.25,"HasSajda":false},{"SurahNumber":74,"SurahIndex":"074","VerseNumber":3,"ShowSurahName":false,"ShowBismillah":false,"Text":"وَرَبَّكَ فَكَبِّرۡ","TajweedText":"وَرَبَّكَ فَكَبِّرْ <span class=end>٣</span>","End":"٣","PageNumber":575,"JuzNumber":29,"ManzilNumber":7,"RukuNumber":510,"MaqraNumber":230,"HizbNumber":58,"HizbDecimal":0.25,"HasSajda":false},{"SurahNumber":74,"SurahIndex":"074","VerseNumber":4,"ShowSurahName":false,"ShowBismillah":false,"Text":"وَثِيَابَكَ فَطَهِّرۡ","TajweedText":"وَثِيَابَكَ فَطَهِّرْ <span class=end>٤</span>","End":"٤","PageNumber":575,"JuzNumber":29,"ManzilNumber":7,"RukuNumber":510,"MaqraNumber":230,"HizbNumber":58,"HizbDecimal":0.25,"HasSajda":false},{"SurahNumber":74,"SurahIndex":"074","VerseNumber":5,"ShowSurahName":false,"ShowBismillah":false,"Text":"وَٱلرُّجۡزَ فَٱهۡجُرۡ","TajweedText":"وَ<tajweed class=ham_wasl>ٱ</tajweed><tajweed class=laam_shamsiyah>ل</tajweed>رُّ<tajweed class=qalaqah>جْ</tajweed>زَ فَ<tajweed class=ham_wasl>ٱ</tajweed>هْجُرْ <span class=end>٥</span>","End":"٥","PageNumber":575,"JuzNumber":29,"ManzilNumber":7,"RukuNumber":510,"MaqraNumber":230,"HizbNumber":58,"HizbDecimal":0.25,"HasSajda":false},{"SurahNumber":74,"SurahIndex":"074","VerseNumber":6,"ShowSurahName":false,"ShowBismillah":false,"Text":"وَلَا تَمۡنُن تَسۡتَكۡثِرُ","TajweedText":"وَلَا تَمْنُ<tajweed class=ikhafa>ن ت</tajweed>َسْتَكْثِرُ <span class=end>٦</span>","End":"٦","PageNumber":575,"JuzNumber":29,"ManzilNumber":7,"RukuNumber":510,"MaqraNumber":230,"HizbNumber":58,"HizbDecimal":0.25,"HasSajda":false},{"SurahNumber":74,"SurahIndex":"074","VerseNumber":7,"ShowSurahName":false,"ShowBismillah":false,"Text":"وَلِرَبِّكَ فَٱصۡبِرۡ","TajweedText":"وَلِرَبِّكَ فَ<tajweed class=ham_wasl>ٱ</tajweed>صْبِرْ <span class=end>٧</span>","End":"٧","PageNumber":575,"JuzNumber":29,"ManzilNumber":7,"RukuNumber":510,"MaqraNumber":230,"HizbNumber":58,"HizbDecimal":0.25,"HasSajda":false},{"SurahNumber":74,"SurahIndex":"074","VerseNumber":8,"ShowSurahName":false,"ShowBismillah":false,"Text":"فَإِذَا نُقِرَ فِي ٱلنَّاقُورِ","TajweedText":"فَإِذَا نُقِرَ فِى <tajweed class=ham_wasl>ٱ</tajweed><tajweed class=laam_shamsiyah>ل</tajweed><tajweed class=ghunnah>نّ</tajweed>َاق<tajweed class=madda_permissible>ُو</tajweed>رِ <span class=end>٨</span>","End":"٨","PageNumber":575,"JuzNumber":29,"ManzilNumber":7,"RukuNumber":510,"MaqraNumber":230,"HizbNumber":58,"HizbDecimal":0.25,"HasSajda":false},{"SurahNumber":74,"SurahIndex":"074","VerseNumber":9,"ShowSurahName":false,"ShowBismillah":false,"Text":"فَذَٰلِكَ يَوۡمَئِذٖ يَوۡمٌ عَسِيرٌ","TajweedText":"فَذ<tajweed class=madda_normal>َٲ</tajweed>لِكَ يَوْمَئِ<tajweed class=idgham_ghunnah>ذٍ ي</tajweed>َوْمٌ عَس<tajweed class=madda_permissible>ِي</tajweed>رٌ <span class=end>٩</span>","End":"٩","PageNumber":575,"JuzNumber":29,"ManzilNumber":7,"RukuNumber":510,"MaqraNumber":230,"HizbNumber":58,"HizbDecimal":0.25,"HasSajda":false},{"SurahNumber":74,"SurahIndex":"074","VerseNumber":10,"ShowSurahName":false,"ShowBismillah":false,"Text":"عَلَى ٱلۡكَٰفِرِينَ غَيۡرُ يَسِيرٖ","TajweedText":"عَلَى <tajweed class=ham_wasl>ٱ</tajweed>لْكَ<tajweed class=madda_normal>ـٰ</tajweed>فِرِينَ غَيْرُ يَس<tajweed class=madda_permissible>ِي</tajweed>رٍ <span class=end>١٠</span>","End":"١٠","PageNumber":575,"JuzNumber":29,"ManzilNumber":7,"RukuNumber":510,"MaqraNumber":230,"HizbNumber":58,"HizbDecimal":0.25,"HasSajda":false},{"SurahNumber":74,"SurahIndex":"074","VerseNumber":11,"ShowSurahName":false,"ShowBismillah":false,"Text":"ذَرۡنِي وَمَنۡ خَلَقۡتُ وَحِيدٗا","TajweedText":"ذَرْنِى وَمَنْ خَلَ<tajweed class=qalaqah>قْ</tajweed>تُ وَحِيدًا <span class=end>١١</span>","End":"١١","PageNumber":575,"JuzNumber":29,"ManzilNumber":7,"RukuNumber":510,"MaqraNumber":230,"HizbNumber":58,"HizbDecimal":0.25,"HasSajda":false},{"SurahNumber":74,"SurahIndex":"074","VerseNumber":12,"ShowSurahName":false,"ShowBismillah":false,"Text":"وَجَعَلۡتُ لَهُۥ مَالٗا مَّمۡدُودٗا","TajweedText":"وَجَعَلْتُ لَهُ<tajweed class=madda_normal>ۥ</tajweed> مَال<tajweed class=idgham_ghunnah>اً م</tajweed>َّمْدُودًا <span class=end>١٢</span>","End":"١٢","PageNumber":575,"JuzNumber":29,"ManzilNumber":7,"RukuNumber":510,"MaqraNumber":230,"HizbNumber":58,"HizbDecimal":0.25,"HasSajda":false},{"SurahNumber":74,"SurahIndex":"074","VerseNumber":13,"ShowSurahName":false,"ShowBismillah":false,"Text":"وَبَنِينَ شُهُودٗا","TajweedText":"وَبَنِينَ شُهُودًا <span class=end>١٣</span>","End":"١٣","PageNumber":575,"JuzNumber":29,"ManzilNumber":7,"RukuNumber":510,"MaqraNumber":230,"HizbNumber":58,"HizbDecimal":0.25,"HasSajda":false},{"SurahNumber":74,"SurahIndex":"074","VerseNumber":14,"ShowSurahName":false,"ShowBismillah":false,"Text":"وَمَهَّدتُّ لَهُۥ تَمۡهِيدٗا","TajweedText":"وَمَهَّ<tajweed class=idgham_mutajanisayn>د</tajweed>تُّ لَهُ<tajweed class=madda_normal>ۥ</tajweed> تَمْهِيدًا <span class=end>١٤</span>","End":"١٤","PageNumber":575,"JuzNumber":29,"ManzilNumber":7,"RukuNumber":510,"MaqraNumber":230,"HizbNumber":58,"HizbDecimal":0.25,"HasSajda":false},{"SurahNumber":74,"SurahIndex":"074","VerseNumber":15,"ShowSurahName":false,"ShowBismillah":false,"Text":"ثُمَّ يَطۡمَعُ أَنۡ أَزِيدَ","TajweedText":"ثُ<tajweed class=ghunnah>مّ</tajweed>َ يَ<tajweed class=qalaqah>طْ</tajweed>مَعُ أَنْ أَز<tajweed class=madda_permissible>ِي</tajweed><tajweed class=qalaqah>د</tajweed>َ <span class=end>١٥</span>","End":"١٥","PageNumber":575,"JuzNumber":29,"ManzilNumber":7,"RukuNumber":510,"MaqraNumber":230,"HizbNumber":58,"HizbDecimal":0.25,"HasSajda":false},{"SurahNumber":74,"SurahIndex":"074","VerseNumber":16,"ShowSurahName":false,"ShowBismillah":false,"Text":"كَلَّآۖ إِنَّهُۥ كَانَ لِأٓيَٰتِنَا عَنِيدٗا","TajweedText":"كَلّ<tajweed class=madda_obligatory>َآ‌ۖ</tajweed> إِ<tajweed class=ghunnah>نّ</tajweed>َهُ<tajweed class=madda_normal>ۥ</tajweed> كَانَ لِأَيَ<tajweed class=madda_normal>ـٰ</tajweed>تِنَا عَنِيدًا <span class=end>١٦</span>","End":"١٦","PageNumber":575,"JuzNumber":29,"ManzilNumber":7,"RukuNumber":510,"MaqraNumber":230,"HizbNumber":58,"HizbDecimal":0.25,"HasSajda":false},{"SurahNumber":74,"SurahIndex":"074","VerseNumber":17,"ShowSurahName":false,"ShowBismillah":false,"Text":"سَأُرۡهِقُهُۥ صَعُودًا","TajweedText":"سَأُرْهِقُهُ<tajweed class=madda_normal>ۥ</tajweed> صَعُودًا <span class=end>١٧</span>","End":"١٧","PageNumber":575,"JuzNumber":29,"ManzilNumber":7,"RukuNumber":510,"MaqraNumber":230,"HizbNumber":58,"HizbDecimal":0.25,"HasSajda":false},{"SurahNumber":74,"SurahIndex":"074","VerseNumber":18,"ShowSurahName":false,"ShowBismillah":false,"Text":"إِنَّهُۥ فَكَّرَ وَقَدَّرَ","TajweedText":"إِ<tajweed class=ghunnah>نّ</tajweed>َهُ<tajweed class=madda_normal>ۥ</tajweed> فَكَّرَ وَقَدَّرَ <span class=end>١٨</span>","End":"١٨","PageNumber":576,"JuzNumber":29,"ManzilNumber":7,"RukuNumber":510,"MaqraNumber":230,"HizbNumber":58,"HizbDecimal":0.25,"HasSajda":false},{"SurahNumber":74,"SurahIndex":"074","VerseNumber":19,"ShowSurahName":false,"ShowBismillah":false,"Text":"فَقُتِلَ كَيۡفَ قَدَّرَ","TajweedText":"فَقُتِلَ كَيْفَ قَدَّرَ <span class=end>١٩</span>","End":"١٩","PageNumber":576,"JuzNumber":29,"ManzilNumber":7,"RukuNumber":510,"MaqraNumber":230,"HizbNumber":58,"HizbDecimal":0.25,"HasSajda":false},{"SurahNumber":74,"SurahIndex":"074","VerseNumber":20,"ShowSurahName":false,"ShowBismillah":false,"Text":"ثُمَّ قُتِلَ كَيۡفَ قَدَّرَ","TajweedText":"ثُ<tajweed class=ghunnah>مّ</tajweed>َ قُتِلَ كَيْفَ قَدَّرَ <span class=end>٢٠</span>","End":"٢٠","PageNumber":576,"JuzNumber":29,"ManzilNumber":7,"RukuNumber":510,"MaqraNumber":230,"HizbNumber":58,"HizbDecimal":0.25,"HasSajda":false},{"SurahNumber":74,"SurahIndex":"074","VerseNumber":21,"ShowSurahName":false,"ShowBismillah":false,"Text":"ثُمَّ نَظَرَ","TajweedText":"ثُ<tajweed class=ghunnah>مّ</tajweed>َ نَظَرَ <span class=end>٢١</span>","End":"٢١","PageNumber":576,"JuzNumber":29,"ManzilNumber":7,"RukuNumber":510,"MaqraNumber":230,"HizbNumber":58,"HizbDecimal":0.25,"HasSajda":false},{"SurahNumber":74,"SurahIndex":"074","VerseNumber":22,"ShowSurahName":false,"ShowBismillah":false,"Text":"ثُمَّ عَبَسَ وَبَسَرَ","TajweedText":"ثُ<tajweed class=ghunnah>مّ</tajweed>َ عَبَسَ وَبَسَرَ <span class=end>٢٢</span>","End":"٢٢","PageNumber":576,"JuzNumber":29,"ManzilNumber":7,"RukuNumber":510,"MaqraNumber":230,"HizbNumber":58,"HizbDecimal":0.25,"HasSajda":false},{"SurahNumber":74,"SurahIndex":"074","VerseNumber":23,"ShowSurahName":false,"ShowBismillah":false,"Text":"ثُمَّ أَدۡبَرَ وَٱسۡتَكۡبَرَ","TajweedText":"ثُ<tajweed class=ghunnah>مّ</tajweed>َ أَ<tajweed class=qalaqah>دْ</tajweed>بَرَ وَ<tajweed class=ham_wasl>ٱ</tajweed>سْتَكْبَرَ <span class=end>٢٣</span>","End":"٢٣","PageNumber":576,"JuzNumber":29,"ManzilNumber":7,"RukuNumber":510,"MaqraNumber":230,"HizbNumber":58,"HizbDecimal":0.25,"HasSajda":false},{"SurahNumber":74,"SurahIndex":"074","VerseNumber":24,"ShowSurahName":false,"ShowBismillah":false,"Text":"فَقَالَ إِنۡ هَٰذَآ إِلَّا سِحۡرٞ يُؤۡثَرُ","TajweedText":"فَقَالَ إِنْ هَ<tajweed class=madda_normal>ـٰ</tajweed>ذ<tajweed class=madda_obligatory>َآ</tajweed> إِلَّا سِحْ<tajweed class=idgham_ghunnah>رٌ ي</tajweed>ُؤْثَرُ <span class=end>٢٤</span>","End":"٢٤","PageNumber":576,"JuzNumber":29,"ManzilNumber":7,"RukuNumber":510,"MaqraNumber":230,"HizbNumber":58,"HizbDecimal":0.25,"HasSajda":false},{"SurahNumber":74,"SurahIndex":"074","VerseNumber":25,"ShowSurahName":false,"ShowBismillah":false,"Text":"إِنۡ هَٰذَآ إِلَّا قَوۡلُ ٱلۡبَشَرِ","TajweedText":"إِنْ هَ<tajweed class=madda_normal>ـٰ</tajweed>ذ<tajweed class=madda_obligatory>َآ</tajweed> إِلَّا قَوْلُ <tajweed class=ham_wasl>ٱ</tajweed>لْبَشَرِ <span class=end>٢٥</span>","End":"٢٥","PageNumber":576,"JuzNumber":29,"ManzilNumber":7,"RukuNumber":510,"MaqraNumber":230,"HizbNumber":58,"HizbDecimal":0.25,"HasSajda":false},{"SurahNumber":74,"SurahIndex":"074","VerseNumber":26,"ShowSurahName":false,"ShowBismillah":false,"Text":"سَأُصۡلِيهِ سَقَرَ","TajweedText":"سَأُصْلِيهِ سَقَرَ <span class=end>٢٦</span>","End":"٢٦","PageNumber":576,"JuzNumber":29,"ManzilNumber":7,"RukuNumber":510,"MaqraNumber":230,"HizbNumber":58,"HizbDecimal":0.25,"HasSajda":false},{"SurahNumber":74,"SurahIndex":"074","VerseNumber":27,"ShowSurahName":false,"ShowBismillah":false,"Text":"وَمَآ أَدۡرَىٰكَ مَا سَقَرُ","TajweedText":"وَم<tajweed class=madda_obligatory>َآ</tajweed> أَ<tajweed class=qalaqah>دْ</tajweed>رَ<tajweed class=madda_normal>ٮٰ</tajweed>كَ مَا سَقَرُ <span class=end>٢٧</span>","End":"٢٧","PageNumber":576,"JuzNumber":29,"ManzilNumber":7,"RukuNumber":510,"MaqraNumber":230,"HizbNumber":58,"HizbDecimal":0.25,"HasSajda":false},{"SurahNumber":74,"SurahIndex":"074","VerseNumber":28,"ShowSurahName":false,"ShowBismillah":false,"Text":"لَا تُبۡقِي وَلَا تَذَرُ","TajweedText":"لَا تُ<tajweed class=qalaqah>بْ</tajweed>قِى وَلَا تَذَرُ <span class=end>٢٨</span>","End":"٢٨","PageNumber":576,"JuzNumber":29,"ManzilNumber":7,"RukuNumber":510,"MaqraNumber":230,"HizbNumber":58,"HizbDecimal":0.25,"HasSajda":false},{"SurahNumber":74,"SurahIndex":"074","VerseNumber":29,"ShowSurahName":false,"ShowBismillah":false,"Text":"لَوَّاحَةٞ لِّلۡبَشَرِ","TajweedText":"لَوَّاحَ<tajweed class=idgham_wo_ghunnah>ةٌ ل</tajweed>ِّلْبَشَرِ <span class=end>٢٩</span>","End":"٢٩","PageNumber":576,"JuzNumber":29,"ManzilNumber":7,"RukuNumber":510,"MaqraNumber":230,"HizbNumber":58,"HizbDecimal":0.25,"HasSajda":false},{"SurahNumber":74,"SurahIndex":"074","VerseNumber":30,"ShowSurahName":false,"ShowBismillah":false,"Text":"عَلَيۡهَا تِسۡعَةَ عَشَرَ","TajweedText":"عَلَيْهَا تِسْعَةَ عَشَرَ <span class=end>٣٠</span>","End":"٣٠","PageNumber":576,"JuzNumber":29,"ManzilNumber":7,"RukuNumber":510,"MaqraNumber":230,"HizbNumber":58,"HizbDecimal":0.25,"HasSajda":false},{"SurahNumber":74,"SurahIndex":"074","VerseNumber":31,"ShowSurahName":false,"ShowBismillah":false,"Text":"وَمَا جَعَلۡنَآ أَصۡحَٰبَ ٱلنَّارِ إِلَّا مَلَـٰٓئِكَةٗۖ وَمَا جَعَلۡنَا عِدَّتَهُمۡ إِلَّا فِتۡنَةٗ لِّلَّذِينَ كَفَرُواْ لِيَسۡتَيۡقِنَ ٱلَّذِينَ أُوتُواْ ٱلۡكِتَٰبَ وَيَزۡدَادَ ٱلَّذِينَ ءَامَنُوٓاْ إِيمَٰنٗا وَلَا يَرۡتَابَ ٱلَّذِينَ أُوتُواْ ٱلۡكِتَٰبَ وَٱلۡمُؤۡمِنُونَ وَلِيَقُولَ ٱلَّذِينَ فِي قُلُوبِهِم مَّرَضٞ وَٱلۡكَٰفِرُونَ مَاذَآ أَرَادَ ٱللَّهُ بِهَٰذَا مَثَلٗاۚ كَذَٰلِكَ يُضِلُّ ٱللَّهُ مَن يَشَآءُ وَيَهۡدِي مَن يَشَآءُۚ وَمَا يَعۡلَمُ جُنُودَ رَبِّكَ إِلَّا هُوَۚ وَمَا هِيَ إِلَّا ذِكۡرَىٰ لِلۡبَشَرِ","TajweedText":"وَمَا جَعَلْن<tajweed class=madda_obligatory>َآ</tajweed> أَصْحَ<tajweed class=madda_normal>ـٰ</tajweed>بَ <tajweed class=ham_wasl>ٱ</tajweed><tajweed class=laam_shamsiyah>ل</tajweed><tajweed class=ghunnah>نّ</tajweed>َارِ إِلَّا مَلَ<tajweed class=madda_obligatory>ـٰٓ</tajweed>ئِكَ<tajweed class=idgham_ghunnah>ةً‌ۙ و</tajweed>َمَا جَعَلْنَا عِدَّتَهُمْ إِلَّا فِتْنَ<tajweed class=idgham_wo_ghunnah>ةً ل</tajweed>ِّلَّذِينَ كَفَرُو<tajweed class=slnt>اْ</tajweed> لِيَسْتَيْقِنَ <tajweed class=ham_wasl>ٱ</tajweed>لَّذِينَ أُوتُو<tajweed class=slnt>اْ</tajweed> <tajweed class=ham_wasl>ٱ</tajweed>لْكِتَ<tajweed class=madda_normal>ـٰ</tajweed>بَ وَيَزْدَادَ <tajweed class=ham_wasl>ٱ</tajweed>لَّذِينَ ءَامَن<tajweed class=madda_obligatory>ُوٓ</tajweed><tajweed class=slnt>اْ</tajweed> إِيمَ<tajweed class=madda_normal>ـٰ</tajweed><tajweed class=idgham_ghunnah>نًا‌ۙ و</tajweed>َلَا يَرْتَابَ <tajweed class=ham_wasl>ٱ</tajweed>لَّذِينَ أُوتُو<tajweed class=slnt>اْ</tajweed> <tajweed class=ham_wasl>ٱ</tajweed>لْكِتَ<tajweed class=madda_normal>ـٰ</tajweed>بَ وَ<tajweed class=ham_wasl>ٱ</tajweed>لْمُؤْمِنُونَ‌ۙ وَلِيَقُولَ <tajweed class=ham_wasl>ٱ</tajweed>لَّذِينَ فِى قُلُوبِه<tajweed class=idgham_shafawi>ِم م</tajweed>َّرَ<tajweed class=idgham_ghunnah>ضٌ و</tajweed>َ<tajweed class=ham_wasl>ٱ</tajweed>لْكَ<tajweed class=madda_normal>ـٰ</tajweed>فِرُونَ مَاذ<tajweed class=madda_obligatory>َآ</tajweed> أَرَادَ <tajweed class=ham_wasl>ٱ</tajweed>للَّهُ بِهَ<tajweed class=madda_normal>ـٰ</tajweed>ذَا مَثَل<tajweed class=ikhafa>اً‌ۚ ك</tajweed>َذ<tajweed class=madda_normal>َٲ</tajweed>لِكَ يُضِلُّ <tajweed class=ham_wasl>ٱ</tajweed>للَّهُ م<tajweed class=idgham_ghunnah>َن ي</tajweed>َش<tajweed class=madda_obligatory>َا</tajweed>ٓءُ وَيَهْدِى م<tajweed class=idgham_ghunnah>َن ي</tajweed>َش<tajweed class=madda_obligatory>َا</tajweed>ٓءُ‌ۚ وَمَا يَعْلَمُ جُنُودَ رَبِّكَ إِلَّا هُوَ‌ۚ وَمَا هِىَ إِلَّا ذِكْرَىٰ لِلْبَشَرِ <span class=end>٣١</span>","End":"٣١","PageNumber":576,"JuzNumber":29,"ManzilNumber":7,"RukuNumber":510,"MaqraNumber":230,"HizbNumber":58,"HizbDecimal":0.25,"HasSajda":false}]}