{"RukuNumber":253,"Verses":[{"SurahNumber":18,"SurahIndex":"018","VerseNumber":13,"ShowSurahName":false,"ShowBismillah":false,"Text":"نَّحۡنُ نَقُصُّ عَلَيۡكَ نَبَأَهُم بِٱلۡحَقِّۚ إِنَّهُمۡ فِتۡيَةٌ ءَامَنُواْ بِرَبِّهِمۡ وَزِدۡنَٰهُمۡ هُدٗى","TajweedText":"نَّحْنُ نَقُصُّ عَلَيْكَ نَبَأَه<tajweed class=ikhafa_shafawi>ُم ب</tajweed>ِ<tajweed class=ham_wasl>ٱ</tajweed>لْحَقِّ‌ۚ إِ<tajweed class=ghunnah>نّ</tajweed>َهُمْ فِتْيَةٌ ءَامَنُو<tajweed class=slnt>اْ</tajweed> بِرَبِّهِمْ وَزِ<tajweed class=qalaqah>دْ</tajweed>نَ<tajweed class=madda_normal>ـٰ</tajweed>هُمْ هُدًى <span class=end>١٣</span>","End":"١٣","PageNumber":294,"JuzNumber":15,"ManzilNumber":4,"RukuNumber":253,"MaqraNumber":117,"HizbNumber":30,"HizbDecimal":0.0,"HasSajda":false},{"SurahNumber":18,"SurahIndex":"018","VerseNumber":14,"ShowSurahName":false,"ShowBismillah":false,"Text":"وَرَبَطۡنَا عَلَىٰ قُلُوبِهِمۡ إِذۡ قَامُواْ فَقَالُواْ رَبُّنَا رَبُّ ٱلسَّمَٰوَٰتِ وَٱلۡأَرۡضِ لَن نَّدۡعُوَاْ مِن دُونِهِۦٓ إِلَٰهٗاۖ لَّقَدۡ قُلۡنَآ إِذٗا شَطَطًا","TajweedText":"وَرَبَ<tajweed class=qalaqah>طْ</tajweed>نَا عَلَىٰ قُلُوبِهِمْ إِذْ قَامُو<tajweed class=slnt>اْ</tajweed> فَقَالُو<tajweed class=slnt>اْ</tajweed> رَبُّنَا رَبُّ <tajweed class=ham_wasl>ٱ</tajweed><tajweed class=laam_shamsiyah>ل</tajweed>سَّمَ<tajweed class=madda_normal>ـٰ</tajweed>و<tajweed class=madda_normal>َٲ</tajweed>تِ وَ<tajweed class=ham_wasl>ٱ</tajweed>لْأَرْضِ ل<tajweed class=idgham_ghunnah>َن ن</tajweed>َّ<tajweed class=qalaqah>دْ</tajweed>عُوَ<tajweed class=slnt>اْ</tajweed> مِ<tajweed class=ikhafa>ن د</tajweed>ُونِه<tajweed class=madda_obligatory>ِۦٓ</tajweed> إِلَ<tajweed class=madda_normal>ـٰ</tajweed><tajweed class=idgham_wo_ghunnah>هًا‌ۖ ل</tajweed>َّقَ<tajweed class=qalaqah>دْ</tajweed> قُلْن<tajweed class=madda_obligatory>َآ</tajweed> إِ<tajweed class=ikhafa>ذًا ش</tajweed>َطَطًا <span class=end>١٤</span>","End":"١٤","PageNumber":294,"JuzNumber":15,"ManzilNumber":4,"RukuNumber":253,"MaqraNumber":117,"HizbNumber":30,"HizbDecimal":0.0,"HasSajda":false},{"SurahNumber":18,"SurahIndex":"018","VerseNumber":15,"ShowSurahName":false,"ShowBismillah":false,"Text":"هَـٰٓؤُلَآءِ قَوۡمُنَا ٱتَّخَذُواْ مِن دُونِهِۦٓ ءَالِهَةٗۖ لَّوۡلَا يَأۡتُونَ عَلَيۡهِم بِسُلۡطَٰنِۭ بَيِّنٖۖ فَمَنۡ أَظۡلَمُ مِمَّنِ ٱفۡتَرَىٰ عَلَى ٱللَّهِ كَذِبٗا","TajweedText":"هَ<tajweed class=madda_obligatory>ـٰٓ</tajweed>ؤُل<tajweed class=madda_obligatory>َا</tajweed>ٓءِ قَوْمُنَا <tajweed class=ham_wasl>ٱ</tajweed>تَّخَذُو<tajweed class=slnt>اْ</tajweed> مِ<tajweed class=ikhafa>ن د</tajweed>ُونِه<tajweed class=madda_obligatory>ِۦٓ</tajweed> ءَالِهَ<tajweed class=idgham_wo_ghunnah>ةً‌ۖ ل</tajweed>َّوْلَا يَأْتُونَ عَلَيْه<tajweed class=ikhafa_shafawi>ِم ب</tajweed>ِسُلْطَ<tajweed class=madda_normal>ـٰ</tajweed><tajweed class=iqlab>نِۭ ب</tajweed>َيِّ<tajweed class=ikhafa>نٍ‌ۖ ف</tajweed>َمَنْ أَظْلَمُ مِ<tajweed class=ghunnah>مّ</tajweed>َنِ <tajweed class=ham_wasl>ٱ</tajweed>فْتَرَىٰ عَلَى <tajweed class=ham_wasl>ٱ</tajweed>للَّهِ كَذِبًا <span class=end>١٥</span>","End":"١٥","PageNumber":294,"JuzNumber":15,"ManzilNumber":4,"RukuNumber":253,"MaqraNumber":117,"HizbNumber":30,"HizbDecimal":0.0,"HasSajda":false},{"SurahNumber":18,"SurahIndex":"018","VerseNumber":16,"ShowSurahName":false,"ShowBismillah":false,"Text":"وَإِذِ ٱعۡتَزَلۡتُمُوهُمۡ وَمَا يَعۡبُدُونَ إِلَّا ٱللَّهَ فَأۡوُۥٓاْ إِلَى ٱلۡكَهۡفِ يَنشُرۡ لَكُمۡ رَبُّكُم مِّن رَّحۡمَتِهِۦ وَيُهَيِّئۡ لَكُم مِّنۡ أَمۡرِكُم مِّرۡفَقٗا","TajweedText":"وَإِذِ <tajweed class=ham_wasl>ٱ</tajweed>عْتَزَلْتُمُوهُمْ وَمَا يَعْبُدُونَ إِلَّا <tajweed class=ham_wasl>ٱ</tajweed>للَّهَ فَأْوُ<tajweed class=madda_obligatory>ۥٓاْ</tajweed> إِلَى <tajweed class=ham_wasl>ٱ</tajweed>لْكَهْفِ يَ<tajweed class=ikhafa>نش</tajweed>ُرْ لَكُمْ رَبُّك<tajweed class=idgham_shafawi>ُم م</tajweed>ّ<tajweed class=idgham_wo_ghunnah>ِن ر</tajweed>َّحْمَتِه<tajweed class=madda_normal>ِۦ</tajweed> وَيُهَيِّئْ لَك<tajweed class=idgham_shafawi>ُم م</tajweed>ِّنْ أَمْرِك<tajweed class=idgham_shafawi>ُم م</tajweed>ِّرْفَقًا <span class=end>١٦</span>","End":"١٦","PageNumber":295,"JuzNumber":15,"ManzilNumber":4,"RukuNumber":253,"MaqraNumber":117,"HizbNumber":30,"HizbDecimal":0.0,"HasSajda":false},{"SurahNumber":18,"SurahIndex":"018","VerseNumber":17,"ShowSurahName":false,"ShowBismillah":false,"Text":"۞وَتَرَى ٱلشَّمۡسَ إِذَا طَلَعَت تَّزَٰوَرُ عَن كَهۡفِهِمۡ ذَاتَ ٱلۡيَمِينِ وَإِذَا غَرَبَت تَّقۡرِضُهُمۡ ذَاتَ ٱلشِّمَالِ وَهُمۡ فِي فَجۡوَةٖ مِّنۡهُۚ ذَٰلِكَ مِنۡ ءَايَٰتِ ٱللَّهِۗ مَن يَهۡدِ ٱللَّهُ فَهُوَ ٱلۡمُهۡتَدِۖ وَمَن يُضۡلِلۡ فَلَن تَجِدَ لَهُۥ وَلِيّٗا مُّرۡشِدٗا","TajweedText":"۞ وَتَرَى <tajweed class=ham_wasl>ٱ</tajweed><tajweed class=laam_shamsiyah>ل</tajweed>شَّمْسَ إِذَا طَلَعَت تَّز<tajweed class=madda_normal>َٲ</tajweed>وَرُ عَ<tajweed class=ikhafa>ن ك</tajweed>َهْفِهِمْ ذَاتَ <tajweed class=ham_wasl>ٱ</tajweed>لْيَمِينِ وَإِذَا غَرَبَت تَّ<tajweed class=qalaqah>قْ</tajweed>رِضُهُمْ ذَاتَ <tajweed class=ham_wasl>ٱ</tajweed><tajweed class=laam_shamsiyah>ل</tajweed>شِّمَالِ وَهُمْ فِى فَ<tajweed class=qalaqah>جْ</tajweed>وَ<tajweed class=idgham_ghunnah>ةٍ م</tajweed>ِّنْهُ‌ۚ ذ<tajweed class=madda_normal>َٲ</tajweed>لِكَ مِنْ ءَايَ<tajweed class=madda_normal>ـٰ</tajweed>تِ <tajweed class=ham_wasl>ٱ</tajweed>للَّهِ‌ۗ م<tajweed class=idgham_ghunnah>َن ي</tajweed>َهْدِ <tajweed class=ham_wasl>ٱ</tajweed>للَّهُ فَهُوَ <tajweed class=ham_wasl>ٱ</tajweed>لْمُهْتَدِ‌ۖ وَم<tajweed class=idgham_ghunnah>َن ي</tajweed>ُضْلِلْ فَلَ<tajweed class=ikhafa>ن ت</tajweed>َجِدَ لَهُ<tajweed class=madda_normal>ۥ</tajweed> وَلِي<tajweed class=idgham_ghunnah>ًّا م</tajweed>ُّرْشِدًا <span class=end>١٧</span>","End":"١٧","PageNumber":295,"JuzNumber":15,"ManzilNumber":4,"RukuNumber":253,"MaqraNumber":118,"HizbNumber":30,"HizbDecimal":0.25,"HasSajda":false}]}