{"RukuNumber":528,"Verses":[{"SurahNumber":86,"SurahIndex":"086","VerseNumber":1,"ShowSurahName":true,"ShowBismillah":true,"Text":"وَٱلسَّمَآءِ وَٱلطَّارِقِ","TajweedText":"وَ<tajweed class=ham_wasl>ٱ</tajweed><tajweed class=laam_shamsiyah>ل</tajweed>سَّم<tajweed class=madda_obligatory>َا</tajweed>ٓءِ وَ<tajweed class=ham_wasl>ٱ</tajweed><tajweed class=laam_shamsiyah>ل</tajweed>طَّارِ<tajweed class=qalaqah>ق</tajweed>ِ <span class=end>١</span>","End":"١","PageNumber":591,"JuzNumber":30,"ManzilNumber":7,"RukuNumber":528,"MaqraNumber":236,"HizbNumber":59,"HizbDecimal":0.75,"HasSajda":false},{"SurahNumber":86,"SurahIndex":"086","VerseNumber":2,"ShowSurahName":false,"ShowBismillah":false,"Text":"وَمَآ أَدۡرَىٰكَ مَا ٱلطَّارِقُ","TajweedText":"وَم<tajweed class=madda_obligatory>َآ</tajweed> أَ<tajweed class=qalaqah>دْ</tajweed>رَ<tajweed class=madda_normal>ٮٰ</tajweed>كَ مَا <tajweed class=ham_wasl>ٱ</tajweed><tajweed class=laam_shamsiyah>ل</tajweed>طَّارِ<tajweed class=qalaqah>ق</tajweed>ُ <span class=end>٢</span>","End":"٢","PageNumber":591,"JuzNumber":30,"ManzilNumber":7,"RukuNumber":528,"MaqraNumber":236,"HizbNumber":59,"HizbDecimal":0.75,"HasSajda":false},{"SurahNumber":86,"SurahIndex":"086","VerseNumber":3,"ShowSurahName":false,"ShowBismillah":false,"Text":"ٱلنَّجۡمُ ٱلثَّاقِبُ","TajweedText":"ٱ<tajweed class=laam_shamsiyah>ل</tajweed><tajweed class=ghunnah>نّ</tajweed>َ<tajweed class=qalaqah>جْ</tajweed>مُ <tajweed class=ham_wasl>ٱ</tajweed><tajweed class=laam_shamsiyah>ل</tajweed>ثَّاقِ<tajweed class=qalaqah>ب</tajweed>ُ <span class=end>٣</span>","End":"٣","PageNumber":591,"JuzNumber":30,"ManzilNumber":7,"RukuNumber":528,"MaqraNumber":236,"HizbNumber":59,"HizbDecimal":0.75,"HasSajda":false},{"SurahNumber":86,"SurahIndex":"086","VerseNumber":4,"ShowSurahName":false,"ShowBismillah":false,"Text":"إِن كُلُّ نَفۡسٖ لَّمَّا عَلَيۡهَا حَافِظٞ","TajweedText":"إِ<tajweed class=ikhafa>ن ك</tajweed>ُلُّ نَفْ<tajweed class=idgham_wo_ghunnah>سٍ ل</tajweed>َّ<tajweed class=ghunnah>مّ</tajweed>َا عَلَيْهَا حَافِظٌ <span class=end>٤</span>","End":"٤","PageNumber":591,"JuzNumber":30,"ManzilNumber":7,"RukuNumber":528,"MaqraNumber":236,"HizbNumber":59,"HizbDecimal":0.75,"HasSajda":false},{"SurahNumber":86,"SurahIndex":"086","VerseNumber":5,"ShowSurahName":false,"ShowBismillah":false,"Text":"فَلۡيَنظُرِ ٱلۡإِنسَٰنُ مِمَّ خُلِقَ","TajweedText":"فَلْيَ<tajweed class=ikhafa>نظ</tajweed>ُرِ <tajweed class=ham_wasl>ٱ</tajweed>لْإِ<tajweed class=ikhafa>نس</tajweed>َ<tajweed class=madda_normal>ـٰ</tajweed>نُ مِ<tajweed class=ghunnah>مّ</tajweed>َ خُلِ<tajweed class=qalaqah>ق</tajweed>َ <span class=end>٥</span>","End":"٥","PageNumber":591,"JuzNumber":30,"ManzilNumber":7,"RukuNumber":528,"MaqraNumber":236,"HizbNumber":59,"HizbDecimal":0.75,"HasSajda":false},{"SurahNumber":86,"SurahIndex":"086","VerseNumber":6,"ShowSurahName":false,"ShowBismillah":false,"Text":"خُلِقَ مِن مَّآءٖ دَافِقٖ","TajweedText":"خُلِقَ م<tajweed class=idgham_ghunnah>ِن م</tajweed>ّ<tajweed class=madda_obligatory>َا</tajweed>ٓ<tajweed class=ikhafa>ءٍ د</tajweed>َافِ<tajweed class=qalaqah>ق</tajweed>ٍ <span class=end>٦</span>","End":"٦","PageNumber":591,"JuzNumber":30,"ManzilNumber":7,"RukuNumber":528,"MaqraNumber":236,"HizbNumber":59,"HizbDecimal":0.75,"HasSajda":false},{"SurahNumber":86,"SurahIndex":"086","VerseNumber":7,"ShowSurahName":false,"ShowBismillah":false,"Text":"يَخۡرُجُ مِنۢ بَيۡنِ ٱلصُّلۡبِ وَٱلتَّرَآئِبِ","TajweedText":"يَخْرُجُ م<tajweed class=iqlab>ِنۢ ب</tajweed>َيْنِ <tajweed class=ham_wasl>ٱ</tajweed><tajweed class=laam_shamsiyah>ل</tajweed>صُّلْبِ وَ<tajweed class=ham_wasl>ٱ</tajweed><tajweed class=laam_shamsiyah>ل</tajweed>تَّر<tajweed class=madda_obligatory>َا</tajweed>ٓئِ<tajweed class=qalaqah>ب</tajweed>ِ <span class=end>٧</span>","End":"٧","PageNumber":591,"JuzNumber":30,"ManzilNumber":7,"RukuNumber":528,"MaqraNumber":236,"HizbNumber":59,"HizbDecimal":0.75,"HasSajda":false},{"SurahNumber":86,"SurahIndex":"086","VerseNumber":8,"ShowSurahName":false,"ShowBismillah":false,"Text":"إِنَّهُۥ عَلَىٰ رَجۡعِهِۦ لَقَادِرٞ","TajweedText":"إِ<tajweed class=ghunnah>نّ</tajweed>َهُ<tajweed class=madda_normal>ۥ</tajweed> عَلَىٰ رَ<tajweed class=qalaqah>جْ</tajweed>عِه<tajweed class=madda_normal>ِۦ</tajweed> لَقَادِرٌ <span class=end>٨</span>","End":"٨","PageNumber":591,"JuzNumber":30,"ManzilNumber":7,"RukuNumber":528,"MaqraNumber":236,"HizbNumber":59,"HizbDecimal":0.75,"HasSajda":false},{"SurahNumber":86,"SurahIndex":"086","VerseNumber":9,"ShowSurahName":false,"ShowBismillah":false,"Text":"يَوۡمَ تُبۡلَى ٱلسَّرَآئِرُ","TajweedText":"يَوْمَ تُ<tajweed class=qalaqah>بْ</tajweed>لَى <tajweed class=ham_wasl>ٱ</tajweed><tajweed class=laam_shamsiyah>ل</tajweed>سَّر<tajweed class=madda_obligatory>َا</tajweed>ٓئِرُ <span class=end>٩</span>","End":"٩","PageNumber":591,"JuzNumber":30,"ManzilNumber":7,"RukuNumber":528,"MaqraNumber":236,"HizbNumber":59,"HizbDecimal":0.75,"HasSajda":false},{"SurahNumber":86,"SurahIndex":"086","VerseNumber":10,"ShowSurahName":false,"ShowBismillah":false,"Text":"فَمَا لَهُۥ مِن قُوَّةٖ وَلَا نَاصِرٖ","TajweedText":"فَمَا لَهُ<tajweed class=madda_normal>ۥ</tajweed> مِ<tajweed class=ikhafa>ن ق</tajweed>ُوَّ<tajweed class=idgham_ghunnah>ةٍ و</tajweed>َلَا نَاصِرٍ <span class=end>١٠</span>","End":"١٠","PageNumber":591,"JuzNumber":30,"ManzilNumber":7,"RukuNumber":528,"MaqraNumber":236,"HizbNumber":59,"HizbDecimal":0.75,"HasSajda":false},{"SurahNumber":86,"SurahIndex":"086","VerseNumber":11,"ShowSurahName":false,"ShowBismillah":false,"Text":"وَٱلسَّمَآءِ ذَاتِ ٱلرَّجۡعِ","TajweedText":"وَ<tajweed class=ham_wasl>ٱ</tajweed><tajweed class=laam_shamsiyah>ل</tajweed>سَّم<tajweed class=madda_obligatory>َا</tajweed>ٓءِ ذَاتِ <tajweed class=ham_wasl>ٱ</tajweed><tajweed class=laam_shamsiyah>ل</tajweed>رَّ<tajweed class=qalaqah>جْ</tajweed>عِ <span class=end>١١</span>","End":"١١","PageNumber":591,"JuzNumber":30,"ManzilNumber":7,"RukuNumber":528,"MaqraNumber":236,"HizbNumber":59,"HizbDecimal":0.75,"HasSajda":false},{"SurahNumber":86,"SurahIndex":"086","VerseNumber":12,"ShowSurahName":false,"ShowBismillah":false,"Text":"وَٱلۡأَرۡضِ ذَاتِ ٱلصَّدۡعِ","TajweedText":"وَ<tajweed class=ham_wasl>ٱ</tajweed>لْأَرْضِ ذَاتِ <tajweed class=ham_wasl>ٱ</tajweed><tajweed class=laam_shamsiyah>ل</tajweed>صَّ<tajweed class=qalaqah>دْ</tajweed>عِ <span class=end>١٢</span>","End":"١٢","PageNumber":591,"JuzNumber":30,"ManzilNumber":7,"RukuNumber":528,"MaqraNumber":236,"HizbNumber":59,"HizbDecimal":0.75,"HasSajda":false},{"SurahNumber":86,"SurahIndex":"086","VerseNumber":13,"ShowSurahName":false,"ShowBismillah":false,"Text":"إِنَّهُۥ لَقَوۡلٞ فَصۡلٞ","TajweedText":"إِ<tajweed class=ghunnah>نّ</tajweed>َهُ<tajweed class=madda_normal>ۥ</tajweed> لَقَوْ<tajweed class=ikhafa>لٌ ف</tajweed>َصْلٌ <span class=end>١٣</span>","End":"١٣","PageNumber":591,"JuzNumber":30,"ManzilNumber":7,"RukuNumber":528,"MaqraNumber":236,"HizbNumber":59,"HizbDecimal":0.75,"HasSajda":false},{"SurahNumber":86,"SurahIndex":"086","VerseNumber":14,"ShowSurahName":false,"ShowBismillah":false,"Text":"وَمَا هُوَ بِٱلۡهَزۡلِ","TajweedText":"وَمَا هُوَ بِ<tajweed class=ham_wasl>ٱ</tajweed>لْهَزْلِ <span class=end>١٤</span>","End":"١٤","PageNumber":591,"JuzNumber":30,"ManzilNumber":7,"RukuNumber":528,"MaqraNumber":236,"HizbNumber":59,"HizbDecimal":0.75,"HasSajda":false},{"SurahNumber":86,"SurahIndex":"086","VerseNumber":15,"ShowSurahName":false,"ShowBismillah":false,"Text":"إِنَّهُمۡ يَكِيدُونَ كَيۡدٗا","TajweedText":"إِ<tajweed class=ghunnah>نّ</tajweed>َهُمْ يَكِيدُونَ كَيْدًا <span class=end>١٥</span>","End":"١٥","PageNumber":591,"JuzNumber":30,"ManzilNumber":7,"RukuNumber":528,"MaqraNumber":236,"HizbNumber":59,"HizbDecimal":0.75,"HasSajda":false},{"SurahNumber":86,"SurahIndex":"086","VerseNumber":16,"ShowSurahName":false,"ShowBismillah":false,"Text":"وَأَكِيدُ كَيۡدٗا","TajweedText":"وَأَكِيدُ كَيْدًا <span class=end>١٦</span>","End":"١٦","PageNumber":591,"JuzNumber":30,"ManzilNumber":7,"RukuNumber":528,"MaqraNumber":236,"HizbNumber":59,"HizbDecimal":0.75,"HasSajda":false},{"SurahNumber":86,"SurahIndex":"086","VerseNumber":17,"ShowSurahName":false,"ShowBismillah":false,"Text":"فَمَهِّلِ ٱلۡكَٰفِرِينَ أَمۡهِلۡهُمۡ رُوَيۡدَۢا","TajweedText":"فَمَهِّلِ <tajweed class=ham_wasl>ٱ</tajweed>لْكَ<tajweed class=madda_normal>ـٰ</tajweed>فِرِينَ أَمْهِلْهُمْ رُوَيْدَۢا <span class=end>١٧</span>","End":"١٧","PageNumber":591,"JuzNumber":30,"ManzilNumber":7,"RukuNumber":528,"MaqraNumber":236,"HizbNumber":59,"HizbDecimal":0.75,"HasSajda":false}]}