{"RukuNumber":237,"Verses":[{"SurahNumber":16,"SurahIndex":"016","VerseNumber":101,"ShowSurahName":false,"ShowBismillah":false,"Text":"وَإِذَا بَدَّلۡنَآ ءَايَةٗ مَّكَانَ ءَايَةٖ وَٱللَّهُ أَعۡلَمُ بِمَا يُنَزِّلُ قَالُوٓاْ إِنَّمَآ أَنتَ مُفۡتَرِۭۚ بَلۡ أَكۡثَرُهُمۡ لَا يَعۡلَمُونَ","TajweedText":"وَإِذَا بَدَّلْن<tajweed class=madda_obligatory>َآ</tajweed> ءَايَ<tajweed class=idgham_ghunnah>ةً م</tajweed>َّكَانَ ءَايَ<tajweed class=idgham_ghunnah>ةٍ‌ۙ و</tajweed>َ<tajweed class=ham_wasl>ٱ</tajweed>للَّهُ أَعْلَمُ بِمَا يُنَزِّلُ قَال<tajweed class=madda_obligatory>ُوٓ</tajweed><tajweed class=slnt>اْ</tajweed> إِ<tajweed class=ghunnah>نّ</tajweed>َم<tajweed class=madda_obligatory>َآ</tajweed> أَ<tajweed class=ikhafa>نت</tajweed>َ مُفْتَ<tajweed class=iqlab>رِۭ‌ۚ ب</tajweed>َلْ أَكْثَرُهُمْ لَا يَعْلَم<tajweed class=madda_permissible>ُو</tajweed>نَ <span class=end>١٠١</span>","End":"١٠١","PageNumber":278,"JuzNumber":14,"ManzilNumber":3,"RukuNumber":237,"MaqraNumber":111,"HizbNumber":28,"HizbDecimal":0.5,"HasSajda":false},{"SurahNumber":16,"SurahIndex":"016","VerseNumber":102,"ShowSurahName":false,"ShowBismillah":false,"Text":"قُلۡ نَزَّلَهُۥ رُوحُ ٱلۡقُدُسِ مِن رَّبِّكَ بِٱلۡحَقِّ لِيُثَبِّتَ ٱلَّذِينَ ءَامَنُواْ وَهُدٗى وَبُشۡرَىٰ لِلۡمُسۡلِمِينَ","TajweedText":"قُلْ نَزَّلَهُ<tajweed class=madda_normal>ۥ</tajweed> رُوحُ <tajweed class=ham_wasl>ٱ</tajweed>لْقُدُسِ م<tajweed class=idgham_wo_ghunnah>ِن ر</tajweed>َّبِّكَ بِ<tajweed class=ham_wasl>ٱ</tajweed>لْحَقِّ لِيُثَبِّتَ <tajweed class=ham_wasl>ٱ</tajweed>لَّذِينَ ءَامَنُو<tajweed class=slnt>اْ</tajweed> وَهُ<tajweed class=idgham_ghunnah>دًى و</tajweed>َبُشْرَىٰ لِلْمُسْلِم<tajweed class=madda_permissible>ِي</tajweed>نَ <span class=end>١٠٢</span>","End":"١٠٢","PageNumber":278,"JuzNumber":14,"ManzilNumber":3,"RukuNumber":237,"MaqraNumber":111,"HizbNumber":28,"HizbDecimal":0.5,"HasSajda":false},{"SurahNumber":16,"SurahIndex":"016","VerseNumber":103,"ShowSurahName":false,"ShowBismillah":false,"Text":"وَلَقَدۡ نَعۡلَمُ أَنَّهُمۡ يَقُولُونَ إِنَّمَا يُعَلِّمُهُۥ بَشَرٞۗ لِّسَانُ ٱلَّذِي يُلۡحِدُونَ إِلَيۡهِ أَعۡجَمِيّٞ وَهَٰذَا لِسَانٌ عَرَبِيّٞ مُّبِينٌ","TajweedText":"وَلَقَ<tajweed class=qalaqah>دْ</tajweed> نَعْلَمُ أَ<tajweed class=ghunnah>نّ</tajweed>َهُمْ يَقُولُونَ إِ<tajweed class=ghunnah>نّ</tajweed>َمَا يُعَلِّمُهُ<tajweed class=madda_normal>ۥ</tajweed> بَشَ<tajweed class=idgham_wo_ghunnah>رٌ‌ۗ ل</tajweed>ِّسَانُ <tajweed class=ham_wasl>ٱ</tajweed>لَّذِى يُلْحِدُونَ إِلَيْهِ أَعْجَمِ<tajweed class=idgham_ghunnah>ىٌّ و</tajweed>َهَ<tajweed class=madda_normal>ـٰ</tajweed>ذَا لِسَانٌ عَرَبِ<tajweed class=idgham_ghunnah>ىٌّ م</tajweed>ُّب<tajweed class=madda_permissible>ِي</tajweed>نٌ <span class=end>١٠٣</span>","End":"١٠٣","PageNumber":279,"JuzNumber":14,"ManzilNumber":3,"RukuNumber":237,"MaqraNumber":111,"HizbNumber":28,"HizbDecimal":0.5,"HasSajda":false},{"SurahNumber":16,"SurahIndex":"016","VerseNumber":104,"ShowSurahName":false,"ShowBismillah":false,"Text":"إِنَّ ٱلَّذِينَ لَا يُؤۡمِنُونَ بِـَٔايَٰتِ ٱللَّهِ لَا يَهۡدِيهِمُ ٱللَّهُ وَلَهُمۡ عَذَابٌ أَلِيمٌ","TajweedText":"إِ<tajweed class=ghunnah>نّ</tajweed>َ <tajweed class=ham_wasl>ٱ</tajweed>لَّذِينَ لَا يُؤْمِنُونَ بِـَٔـايَ<tajweed class=madda_normal>ـٰ</tajweed>تِ <tajweed class=ham_wasl>ٱ</tajweed>للَّهِ لَا يَهْدِيهِمُ <tajweed class=ham_wasl>ٱ</tajweed>للَّهُ وَلَهُمْ عَذَابٌ أَل<tajweed class=madda_permissible>ِي</tajweed>مٌ <span class=end>١٠٤</span>","End":"١٠٤","PageNumber":279,"JuzNumber":14,"ManzilNumber":3,"RukuNumber":237,"MaqraNumber":111,"HizbNumber":28,"HizbDecimal":0.5,"HasSajda":false},{"SurahNumber":16,"SurahIndex":"016","VerseNumber":105,"ShowSurahName":false,"ShowBismillah":false,"Text":"إِنَّمَا يَفۡتَرِي ٱلۡكَذِبَ ٱلَّذِينَ لَا يُؤۡمِنُونَ بِـَٔايَٰتِ ٱللَّهِۖ وَأُوْلَـٰٓئِكَ هُمُ ٱلۡكَٰذِبُونَ","TajweedText":"إِ<tajweed class=ghunnah>نّ</tajweed>َمَا يَفْتَرِى <tajweed class=ham_wasl>ٱ</tajweed>لْكَذِبَ <tajweed class=ham_wasl>ٱ</tajweed>لَّذِينَ لَا يُؤْمِنُونَ بِـَٔـايَ<tajweed class=madda_normal>ـٰ</tajweed>تِ <tajweed class=ham_wasl>ٱ</tajweed>للَّهِ‌ۖ وَأُ<tajweed class=slnt>وْ</tajweed>لَ<tajweed class=madda_obligatory>ـٰٓ</tajweed>ئِكَ هُمُ <tajweed class=ham_wasl>ٱ</tajweed>لْكَ<tajweed class=madda_normal>ـٰ</tajweed>ذِب<tajweed class=madda_permissible>ُو</tajweed>نَ <span class=end>١٠٥</span>","End":"١٠٥","PageNumber":279,"JuzNumber":14,"ManzilNumber":3,"RukuNumber":237,"MaqraNumber":111,"HizbNumber":28,"HizbDecimal":0.5,"HasSajda":false},{"SurahNumber":16,"SurahIndex":"016","VerseNumber":106,"ShowSurahName":false,"ShowBismillah":false,"Text":"مَن كَفَرَ بِٱللَّهِ مِنۢ بَعۡدِ إِيمَٰنِهِۦٓ إِلَّا مَنۡ أُكۡرِهَ وَقَلۡبُهُۥ مُطۡمَئِنُّۢ بِٱلۡإِيمَٰنِ وَلَٰكِن مَّن شَرَحَ بِٱلۡكُفۡرِ صَدۡرٗا فَعَلَيۡهِمۡ غَضَبٞ مِّنَ ٱللَّهِ وَلَهُمۡ عَذَابٌ عَظِيمٞ","TajweedText":"مَ<tajweed class=ikhafa>ن ك</tajweed>َفَرَ بِ<tajweed class=ham_wasl>ٱ</tajweed>للَّهِ م<tajweed class=iqlab>ِنۢ ب</tajweed>َعْدِ إِيمَ<tajweed class=madda_normal>ـٰ</tajweed>نِه<tajweed class=madda_obligatory>ِۦٓ</tajweed> إِلَّا مَنْ أُكْرِهَ وَقَلْبُهُ<tajweed class=madda_normal>ۥ</tajweed> مُ<tajweed class=qalaqah>طْ</tajweed>مَئِن<tajweed class=iqlab>ُّۢ ب</tajweed>ِ<tajweed class=ham_wasl>ٱ</tajweed>لْإِيمَ<tajweed class=madda_normal>ـٰ</tajweed>نِ وَلَ<tajweed class=madda_normal>ـٰ</tajweed>ك<tajweed class=idgham_ghunnah>ِن م</tajweed>َّ<tajweed class=ikhafa>ن ش</tajweed>َرَحَ بِ<tajweed class=ham_wasl>ٱ</tajweed>لْكُفْرِ صَ<tajweed class=qalaqah>دْ</tajweed><tajweed class=ikhafa>رًا ف</tajweed>َعَلَيْهِمْ غَضَ<tajweed class=idgham_ghunnah>بٌ م</tajweed>ِّنَ <tajweed class=ham_wasl>ٱ</tajweed>للَّهِ وَلَهُمْ عَذَابٌ عَظ<tajweed class=madda_permissible>ِي</tajweed>مٌ <span class=end>١٠٦</span>","End":"١٠٦","PageNumber":279,"JuzNumber":14,"ManzilNumber":3,"RukuNumber":237,"MaqraNumber":111,"HizbNumber":28,"HizbDecimal":0.5,"HasSajda":false},{"SurahNumber":16,"SurahIndex":"016","VerseNumber":107,"ShowSurahName":false,"ShowBismillah":false,"Text":"ذَٰلِكَ بِأَنَّهُمُ ٱسۡتَحَبُّواْ ٱلۡحَيَوٰةَ ٱلدُّنۡيَا عَلَى ٱلۡأٓخِرَةِ وَأَنَّ ٱللَّهَ لَا يَهۡدِي ٱلۡقَوۡمَ ٱلۡكَٰفِرِينَ","TajweedText":"ذ<tajweed class=madda_normal>َٲ</tajweed>لِكَ بِأَ<tajweed class=ghunnah>نّ</tajweed>َهُمُ <tajweed class=ham_wasl>ٱ</tajweed>سْتَحَبُّو<tajweed class=slnt>اْ</tajweed> <tajweed class=ham_wasl>ٱ</tajweed>لْحَيَ<tajweed class=slnt>و</tajweed><tajweed class=madda_normal>ٲ</tajweed>ةَ <tajweed class=ham_wasl>ٱ</tajweed><tajweed class=laam_shamsiyah>ل</tajweed>دُّنْيَا عَلَى <tajweed class=ham_wasl>ٱ</tajweed>لْأَخِرَةِ وَأَ<tajweed class=ghunnah>نّ</tajweed>َ <tajweed class=ham_wasl>ٱ</tajweed>للَّهَ لَا يَهْدِى <tajweed class=ham_wasl>ٱ</tajweed>لْقَوْمَ <tajweed class=ham_wasl>ٱ</tajweed>لْكَ<tajweed class=madda_normal>ـٰ</tajweed>فِر<tajweed class=madda_permissible>ِي</tajweed>نَ <span class=end>١٠٧</span>","End":"١٠٧","PageNumber":279,"JuzNumber":14,"ManzilNumber":3,"RukuNumber":237,"MaqraNumber":111,"HizbNumber":28,"HizbDecimal":0.5,"HasSajda":false},{"SurahNumber":16,"SurahIndex":"016","VerseNumber":108,"ShowSurahName":false,"ShowBismillah":false,"Text":"أُوْلَـٰٓئِكَ ٱلَّذِينَ طَبَعَ ٱللَّهُ عَلَىٰ قُلُوبِهِمۡ وَسَمۡعِهِمۡ وَأَبۡصَٰرِهِمۡۖ وَأُوْلَـٰٓئِكَ هُمُ ٱلۡغَٰفِلُونَ","TajweedText":"أُ<tajweed class=slnt>وْ</tajweed>لَ<tajweed class=madda_obligatory>ـٰٓ</tajweed>ئِكَ <tajweed class=ham_wasl>ٱ</tajweed>لَّذِينَ طَبَعَ <tajweed class=ham_wasl>ٱ</tajweed>للَّهُ عَلَىٰ قُلُوبِهِمْ وَسَمْعِهِمْ وَأَ<tajweed class=qalaqah>بْ</tajweed>صَ<tajweed class=madda_normal>ـٰ</tajweed>رِهِمْ‌ۖ وَأُ<tajweed class=slnt>وْ</tajweed>لَ<tajweed class=madda_obligatory>ـٰٓ</tajweed>ئِكَ هُمُ <tajweed class=ham_wasl>ٱ</tajweed>لْغَ<tajweed class=madda_normal>ـٰ</tajweed>فِل<tajweed class=madda_permissible>ُو</tajweed>نَ <span class=end>١٠٨</span>","End":"١٠٨","PageNumber":279,"JuzNumber":14,"ManzilNumber":3,"RukuNumber":237,"MaqraNumber":111,"HizbNumber":28,"HizbDecimal":0.5,"HasSajda":false},{"SurahNumber":16,"SurahIndex":"016","VerseNumber":109,"ShowSurahName":false,"ShowBismillah":false,"Text":"لَا جَرَمَ أَنَّهُمۡ فِي ٱلۡأٓخِرَةِ هُمُ ٱلۡخَٰسِرُونَ","TajweedText":"لَا جَرَمَ أَ<tajweed class=ghunnah>نّ</tajweed>َهُمْ فِى <tajweed class=ham_wasl>ٱ</tajweed>لْأَخِرَةِ هُمُ <tajweed class=ham_wasl>ٱ</tajweed>لْخَ<tajweed class=madda_normal>ـٰ</tajweed>سِر<tajweed class=madda_permissible>ُو</tajweed>نَ <span class=end>١٠٩</span>","End":"١٠٩","PageNumber":279,"JuzNumber":14,"ManzilNumber":3,"RukuNumber":237,"MaqraNumber":111,"HizbNumber":28,"HizbDecimal":0.5,"HasSajda":false},{"SurahNumber":16,"SurahIndex":"016","VerseNumber":110,"ShowSurahName":false,"ShowBismillah":false,"Text":"ثُمَّ إِنَّ رَبَّكَ لِلَّذِينَ هَاجَرُواْ مِنۢ بَعۡدِ مَا فُتِنُواْ ثُمَّ جَٰهَدُواْ وَصَبَرُوٓاْ إِنَّ رَبَّكَ مِنۢ بَعۡدِهَا لَغَفُورٞ رَّحِيمٞ","TajweedText":"ثُ<tajweed class=ghunnah>مّ</tajweed>َ إِ<tajweed class=ghunnah>نّ</tajweed>َ رَبَّكَ لِلَّذِينَ هَاجَرُو<tajweed class=slnt>اْ</tajweed> م<tajweed class=iqlab>ِنۢ ب</tajweed>َعْدِ مَا فُتِنُو<tajweed class=slnt>اْ</tajweed> ثُ<tajweed class=ghunnah>مّ</tajweed>َ جَ<tajweed class=madda_normal>ـٰ</tajweed>هَدُو<tajweed class=slnt>اْ</tajweed> وَصَبَر<tajweed class=madda_obligatory>ُوٓ</tajweed><tajweed class=slnt>اْ</tajweed> إِ<tajweed class=ghunnah>نّ</tajweed>َ رَبَّكَ م<tajweed class=iqlab>ِنۢ ب</tajweed>َعْدِهَا لَغَفُو<tajweed class=idgham_wo_ghunnah>رٌ ر</tajweed>َّح<tajweed class=madda_permissible>ِي</tajweed>مٌ <span class=end>١١٠</span>","End":"١١٠","PageNumber":279,"JuzNumber":14,"ManzilNumber":3,"RukuNumber":237,"MaqraNumber":111,"HizbNumber":28,"HizbDecimal":0.5,"HasSajda":false}]}