{"RukuNumber":43,"Verses":[{"SurahNumber":3,"SurahIndex":"003","VerseNumber":10,"ShowSurahName":false,"ShowBismillah":false,"Text":"إِنَّ ٱلَّذِينَ كَفَرُواْ لَن تُغۡنِيَ عَنۡهُمۡ أَمۡوَٰلُهُمۡ وَلَآ أَوۡلَٰدُهُم مِّنَ ٱللَّهِ شَيۡـٔٗاۖ وَأُوْلَـٰٓئِكَ هُمۡ وَقُودُ ٱلنَّارِ","TajweedText":"إِ<tajweed class=ghunnah>نّ</tajweed>َ <tajweed class=ham_wasl>ٱ</tajweed>لَّذِينَ كَفَرُو<tajweed class=slnt>اْ</tajweed> لَ<tajweed class=ikhafa>ن ت</tajweed>ُغْنِىَ عَنْهُمْ أَمْو<tajweed class=madda_normal>َٲ</tajweed>لُهُمْ وَل<tajweed class=madda_obligatory>َآ</tajweed> أَوْلَ<tajweed class=madda_normal>ـٰ</tajweed>دُه<tajweed class=idgham_shafawi>ُم م</tajweed>ِّنَ <tajweed class=ham_wasl>ٱ</tajweed>للَّهِ شَيْـ<tajweed class=idgham_ghunnah>ـًٔا‌ۖ و</tajweed>َأُ<tajweed class=slnt>وْ</tajweed>لَ<tajweed class=madda_obligatory>ـٰٓ</tajweed>ئِكَ هُمْ وَقُودُ <tajweed class=ham_wasl>ٱ</tajweed><tajweed class=laam_shamsiyah>ل</tajweed><tajweed class=ghunnah>نّ</tajweed><tajweed class=madda_permissible>َا</tajweed>رِ <span class=end>١٠</span>","End":"١٠","PageNumber":51,"JuzNumber":3,"ManzilNumber":1,"RukuNumber":43,"MaqraNumber":20,"HizbNumber":5,"HizbDecimal":0.75,"HasSajda":false},{"SurahNumber":3,"SurahIndex":"003","VerseNumber":11,"ShowSurahName":false,"ShowBismillah":false,"Text":"كَدَأۡبِ ءَالِ فِرۡعَوۡنَ وَٱلَّذِينَ مِن قَبۡلِهِمۡۚ كَذَّبُواْ بِـَٔايَٰتِنَا فَأَخَذَهُمُ ٱللَّهُ بِذُنُوبِهِمۡۗ وَٱللَّهُ شَدِيدُ ٱلۡعِقَابِ","TajweedText":"كَدَأْبِ ءَالِ فِرْعَوْنَ وَ<tajweed class=ham_wasl>ٱ</tajweed>لَّذِينَ مِ<tajweed class=ikhafa>ن ق</tajweed>َ<tajweed class=qalaqah>بْ</tajweed>لِهِمْ‌ۚ كَذَّبُو<tajweed class=slnt>اْ</tajweed> بِـَٔـايَ<tajweed class=madda_normal>ـٰ</tajweed>تِنَا فَأَخَذَهُمُ <tajweed class=ham_wasl>ٱ</tajweed>للَّهُ بِذُنُوبِهِمْ‌ۗ وَ<tajweed class=ham_wasl>ٱ</tajweed>للَّهُ شَدِيدُ <tajweed class=ham_wasl>ٱ</tajweed>لْعِق<tajweed class=madda_permissible>َا</tajweed><tajweed class=qalaqah>ب</tajweed>ِ <span class=end>١١</span>","End":"١١","PageNumber":51,"JuzNumber":3,"ManzilNumber":1,"RukuNumber":43,"MaqraNumber":20,"HizbNumber":5,"HizbDecimal":0.75,"HasSajda":false},{"SurahNumber":3,"SurahIndex":"003","VerseNumber":12,"ShowSurahName":false,"ShowBismillah":false,"Text":"قُل لِّلَّذِينَ كَفَرُواْ سَتُغۡلَبُونَ وَتُحۡشَرُونَ إِلَىٰ جَهَنَّمَۖ وَبِئۡسَ ٱلۡمِهَادُ","TajweedText":"قُل لِّلَّذِينَ كَفَرُو<tajweed class=slnt>اْ</tajweed> سَتُغْلَبُونَ وَتُحْشَرُونَ إِلَىٰ جَهَ<tajweed class=ghunnah>نّ</tajweed>َمَ‌ۚ وَبِئْسَ <tajweed class=ham_wasl>ٱ</tajweed>لْمِه<tajweed class=madda_permissible>َا</tajweed><tajweed class=qalaqah>د</tajweed>ُ <span class=end>١٢</span>","End":"١٢","PageNumber":51,"JuzNumber":3,"ManzilNumber":1,"RukuNumber":43,"MaqraNumber":20,"HizbNumber":5,"HizbDecimal":0.75,"HasSajda":false},{"SurahNumber":3,"SurahIndex":"003","VerseNumber":13,"ShowSurahName":false,"ShowBismillah":false,"Text":"قَدۡ كَانَ لَكُمۡ ءَايَةٞ فِي فِئَتَيۡنِ ٱلۡتَقَتَاۖ فِئَةٞ تُقَٰتِلُ فِي سَبِيلِ ٱللَّهِ وَأُخۡرَىٰ كَافِرَةٞ يَرَوۡنَهُم مِّثۡلَيۡهِمۡ رَأۡيَ ٱلۡعَيۡنِۚ وَٱللَّهُ يُؤَيِّدُ بِنَصۡرِهِۦ مَن يَشَآءُۚ إِنَّ فِي ذَٰلِكَ لَعِبۡرَةٗ لِّأُوْلِي ٱلۡأَبۡصَٰرِ","TajweedText":"قَ<tajweed class=qalaqah>دْ</tajweed> كَانَ لَكُمْ ءَايَ<tajweed class=ikhafa>ةٌ ف</tajweed>ِى فِئَتَيْنِ <tajweed class=ham_wasl>ٱ</tajweed><tajweed class=laam_shamsiyah>ل</tajweed>ْتَقَتَا‌ۖ فِئَ<tajweed class=ikhafa>ةٌ ت</tajweed>ُقَ<tajweed class=madda_normal>ـٰ</tajweed>تِلُ فِى سَبِيلِ <tajweed class=ham_wasl>ٱ</tajweed>للَّهِ وَأُخْرَىٰ كَافِرَ<tajweed class=idgham_ghunnah>ةٌ ي</tajweed>َرَوْنَه<tajweed class=idgham_shafawi>ُم م</tajweed>ِّثْلَيْهِمْ رَأْىَ <tajweed class=ham_wasl>ٱ</tajweed>لْعَيْنِ‌ۚ وَ<tajweed class=ham_wasl>ٱ</tajweed>للَّهُ يُؤَيِّدُ بِنَصْرِه<tajweed class=madda_normal>ِۦ</tajweed> م<tajweed class=idgham_ghunnah>َن ي</tajweed>َش<tajweed class=madda_obligatory>َا</tajweed>ٓءُ‌ۗ إِ<tajweed class=ghunnah>نّ</tajweed>َ فِى ذ<tajweed class=madda_normal>َٲ</tajweed>لِكَ لَعِ<tajweed class=qalaqah>بْ</tajweed>رَ<tajweed class=idgham_wo_ghunnah>ةً ل</tajweed>ِّأُ<tajweed class=slnt>وْ</tajweed>لِى <tajweed class=ham_wasl>ٱ</tajweed>لْأَ<tajweed class=qalaqah>بْ</tajweed>صَ<tajweed class=madda_permissible>ـٰ</tajweed>رِ <span class=end>١٣</span>","End":"١٣","PageNumber":51,"JuzNumber":3,"ManzilNumber":1,"RukuNumber":43,"MaqraNumber":20,"HizbNumber":5,"HizbDecimal":0.75,"HasSajda":false},{"SurahNumber":3,"SurahIndex":"003","VerseNumber":14,"ShowSurahName":false,"ShowBismillah":false,"Text":"زُيِّنَ لِلنَّاسِ حُبُّ ٱلشَّهَوَٰتِ مِنَ ٱلنِّسَآءِ وَٱلۡبَنِينَ وَٱلۡقَنَٰطِيرِ ٱلۡمُقَنطَرَةِ مِنَ ٱلذَّهَبِ وَٱلۡفِضَّةِ وَٱلۡخَيۡلِ ٱلۡمُسَوَّمَةِ وَٱلۡأَنۡعَٰمِ وَٱلۡحَرۡثِۗ ذَٰلِكَ مَتَٰعُ ٱلۡحَيَوٰةِ ٱلدُّنۡيَاۖ وَٱللَّهُ عِندَهُۥ حُسۡنُ ٱلۡمَـَٔابِ","TajweedText":"زُيِّنَ لِل<tajweed class=ghunnah>نّ</tajweed>َاسِ حُبُّ <tajweed class=ham_wasl>ٱ</tajweed><tajweed class=laam_shamsiyah>ل</tajweed>شَّهَو<tajweed class=madda_normal>َٲ</tajweed>تِ مِنَ <tajweed class=ham_wasl>ٱ</tajweed><tajweed class=laam_shamsiyah>ل</tajweed><tajweed class=ghunnah>نّ</tajweed>ِس<tajweed class=madda_obligatory>َا</tajweed>ٓءِ وَ<tajweed class=ham_wasl>ٱ</tajweed>لْبَنِينَ وَ<tajweed class=ham_wasl>ٱ</tajweed>لْقَنَ<tajweed class=madda_normal>ـٰ</tajweed>طِيرِ <tajweed class=ham_wasl>ٱ</tajweed>لْمُقَ<tajweed class=ikhafa>نط</tajweed>َرَةِ مِنَ <tajweed class=ham_wasl>ٱ</tajweed><tajweed class=laam_shamsiyah>ل</tajweed>ذَّهَبِ وَ<tajweed class=ham_wasl>ٱ</tajweed>لْفِضَّةِ وَ<tajweed class=ham_wasl>ٱ</tajweed>لْخَيْلِ <tajweed class=ham_wasl>ٱ</tajweed>لْمُسَوَّمَةِ وَ<tajweed class=ham_wasl>ٱ</tajweed>لْأَنْعَ<tajweed class=madda_normal>ـٰ</tajweed>مِ وَ<tajweed class=ham_wasl>ٱ</tajweed>لْحَرْثِ‌ۗ ذ<tajweed class=madda_normal>َٲ</tajweed>لِكَ مَتَ<tajweed class=madda_normal>ـٰ</tajweed>عُ <tajweed class=ham_wasl>ٱ</tajweed>لْحَيَ<tajweed class=slnt>و</tajweed><tajweed class=madda_normal>ٲ</tajweed>ةِ <tajweed class=ham_wasl>ٱ</tajweed><tajweed class=laam_shamsiyah>ل</tajweed>دُّنْيَا‌ۖ وَ<tajweed class=ham_wasl>ٱ</tajweed>للَّهُ عِ<tajweed class=ikhafa>ند</tajweed>َهُ<tajweed class=madda_normal>ۥ</tajweed> حُسْنُ <tajweed class=ham_wasl>ٱ</tajweed>لْمَـَٔـ<tajweed class=madda_permissible>ا</tajweed><tajweed class=qalaqah>ب</tajweed>ِ <span class=end>١٤</span>","End":"١٤","PageNumber":51,"JuzNumber":3,"ManzilNumber":1,"RukuNumber":43,"MaqraNumber":20,"HizbNumber":5,"HizbDecimal":0.75,"HasSajda":false},{"SurahNumber":3,"SurahIndex":"003","VerseNumber":15,"ShowSurahName":false,"ShowBismillah":false,"Text":"۞قُلۡ أَؤُنَبِّئُكُم بِخَيۡرٖ مِّن ذَٰلِكُمۡۖ لِلَّذِينَ ٱتَّقَوۡاْ عِندَ رَبِّهِمۡ جَنَّـٰتٞ تَجۡرِي مِن تَحۡتِهَا ٱلۡأَنۡهَٰرُ خَٰلِدِينَ فِيهَا وَأَزۡوَٰجٞ مُّطَهَّرَةٞ وَرِضۡوَٰنٞ مِّنَ ٱللَّهِۗ وَٱللَّهُ بَصِيرُۢ بِٱلۡعِبَادِ","TajweedText":"۞ قُلْ أَؤُنَبِّئُك<tajweed class=ikhafa_shafawi>ُم ب</tajweed>ِخَيْ<tajweed class=idgham_ghunnah>رٍ م</tajweed>ِّ<tajweed class=ikhafa>ن ذ</tajweed><tajweed class=madda_normal>َٲ</tajweed>لِكُمْ‌ۚ لِلَّذِينَ <tajweed class=ham_wasl>ٱ</tajweed>تَّقَوْ<tajweed class=slnt>اْ</tajweed> عِ<tajweed class=ikhafa>ند</tajweed>َ رَبِّهِمْ جَ<tajweed class=ghunnah>نّ</tajweed>َ<tajweed class=madda_normal>ـٰ</tajweed><tajweed class=ikhafa>تٌ ت</tajweed>َ<tajweed class=qalaqah>جْ</tajweed>رِى مِ<tajweed class=ikhafa>ن ت</tajweed>َحْتِهَا <tajweed class=ham_wasl>ٱ</tajweed>لْأَنْهَ<tajweed class=madda_normal>ـٰ</tajweed>رُ خَ<tajweed class=madda_normal>ـٰ</tajweed>لِدِينَ فِيهَا وَأَزْو<tajweed class=madda_normal>َٲ</tajweed><tajweed class=idgham_ghunnah>جٌ م</tajweed>ُّطَهَّرَ<tajweed class=idgham_ghunnah>ةٌ و</tajweed>َرِضْو<tajweed class=madda_normal>َٲ</tajweed><tajweed class=idgham_ghunnah>نٌ م</tajweed>ِّنَ <tajweed class=ham_wasl>ٱ</tajweed>للَّهِ‌ۗ وَ<tajweed class=ham_wasl>ٱ</tajweed>للَّهُ بَصِي<tajweed class=iqlab>رُۢ ب</tajweed>ِ<tajweed class=ham_wasl>ٱ</tajweed>لْعِب<tajweed class=madda_permissible>َا</tajweed><tajweed class=qalaqah>د</tajweed>ِ <span class=end>١٥</span>","End":"١٥","PageNumber":51,"JuzNumber":3,"ManzilNumber":1,"RukuNumber":43,"MaqraNumber":21,"HizbNumber":6,"HizbDecimal":0.0,"HasSajda":false},{"SurahNumber":3,"SurahIndex":"003","VerseNumber":16,"ShowSurahName":false,"ShowBismillah":false,"Text":"ٱلَّذِينَ يَقُولُونَ رَبَّنَآ إِنَّنَآ ءَامَنَّا فَٱغۡفِرۡ لَنَا ذُنُوبَنَا وَقِنَا عَذَابَ ٱلنَّارِ","TajweedText":"ٱلَّذِينَ يَقُولُونَ رَبَّن<tajweed class=madda_obligatory>َآ</tajweed> إِ<tajweed class=ghunnah>نّ</tajweed>َن<tajweed class=madda_obligatory>َآ</tajweed> ءَامَ<tajweed class=ghunnah>نّ</tajweed>َا فَ<tajweed class=ham_wasl>ٱ</tajweed>غْفِرْ لَنَا ذُنُوبَنَا وَقِنَا عَذَابَ <tajweed class=ham_wasl>ٱ</tajweed><tajweed class=laam_shamsiyah>ل</tajweed><tajweed class=ghunnah>نّ</tajweed><tajweed class=madda_permissible>َا</tajweed>رِ <span class=end>١٦</span>","End":"١٦","PageNumber":52,"JuzNumber":3,"ManzilNumber":1,"RukuNumber":43,"MaqraNumber":21,"HizbNumber":6,"HizbDecimal":0.0,"HasSajda":false},{"SurahNumber":3,"SurahIndex":"003","VerseNumber":17,"ShowSurahName":false,"ShowBismillah":false,"Text":"ٱلصَّـٰبِرِينَ وَٱلصَّـٰدِقِينَ وَٱلۡقَٰنِتِينَ وَٱلۡمُنفِقِينَ وَٱلۡمُسۡتَغۡفِرِينَ بِٱلۡأَسۡحَارِ","TajweedText":"ٱ<tajweed class=laam_shamsiyah>ل</tajweed>صَّ<tajweed class=madda_normal>ـٰ</tajweed>بِرِينَ وَ<tajweed class=ham_wasl>ٱ</tajweed><tajweed class=laam_shamsiyah>ل</tajweed>صَّ<tajweed class=madda_normal>ـٰ</tajweed>دِقِينَ وَ<tajweed class=ham_wasl>ٱ</tajweed>لْقَ<tajweed class=madda_normal>ـٰ</tajweed>نِتِينَ وَ<tajweed class=ham_wasl>ٱ</tajweed>لْمُ<tajweed class=ikhafa>نف</tajweed>ِقِينَ وَ<tajweed class=ham_wasl>ٱ</tajweed>لْمُسْتَغْفِرِينَ بِ<tajweed class=ham_wasl>ٱ</tajweed>لْأَسْح<tajweed class=madda_permissible>َا</tajweed>رِ <span class=end>١٧</span>","End":"١٧","PageNumber":52,"JuzNumber":3,"ManzilNumber":1,"RukuNumber":43,"MaqraNumber":21,"HizbNumber":6,"HizbDecimal":0.0,"HasSajda":false},{"SurahNumber":3,"SurahIndex":"003","VerseNumber":18,"ShowSurahName":false,"ShowBismillah":false,"Text":"شَهِدَ ٱللَّهُ أَنَّهُۥ لَآ إِلَٰهَ إِلَّا هُوَ وَٱلۡمَلَـٰٓئِكَةُ وَأُوْلُواْ ٱلۡعِلۡمِ قَآئِمَۢا بِٱلۡقِسۡطِۚ لَآ إِلَٰهَ إِلَّا هُوَ ٱلۡعَزِيزُ ٱلۡحَكِيمُ","TajweedText":"شَهِدَ <tajweed class=ham_wasl>ٱ</tajweed>للَّهُ أَ<tajweed class=ghunnah>نّ</tajweed>َهُ<tajweed class=madda_normal>ۥ</tajweed> ل<tajweed class=madda_obligatory>َآ</tajweed> إِلَ<tajweed class=madda_normal>ـٰ</tajweed>هَ إِلَّا هُوَ وَ<tajweed class=ham_wasl>ٱ</tajweed>لْمَلَ<tajweed class=madda_obligatory>ـٰٓ</tajweed>ئِكَةُ وَأُ<tajweed class=slnt>وْ</tajweed>لُو<tajweed class=slnt>اْ</tajweed> <tajweed class=ham_wasl>ٱ</tajweed>لْعِلْمِ ق<tajweed class=madda_obligatory>َا</tajweed>ٓئِم<tajweed class=iqlab>َۢا ب</tajweed>ِ<tajweed class=ham_wasl>ٱ</tajweed>لْقِسْطِ‌ۚ ل<tajweed class=madda_obligatory>َآ</tajweed> إِلَ<tajweed class=madda_normal>ـٰ</tajweed>هَ إِلَّا هُوَ <tajweed class=ham_wasl>ٱ</tajweed>لْعَزِيزُ <tajweed class=ham_wasl>ٱ</tajweed>لْحَك<tajweed class=madda_permissible>ِي</tajweed>مُ <span class=end>١٨</span>","End":"١٨","PageNumber":52,"JuzNumber":3,"ManzilNumber":1,"RukuNumber":43,"MaqraNumber":21,"HizbNumber":6,"HizbDecimal":0.0,"HasSajda":false},{"SurahNumber":3,"SurahIndex":"003","VerseNumber":19,"ShowSurahName":false,"ShowBismillah":false,"Text":"إِنَّ ٱلدِّينَ عِندَ ٱللَّهِ ٱلۡإِسۡلَٰمُۗ وَمَا ٱخۡتَلَفَ ٱلَّذِينَ أُوتُواْ ٱلۡكِتَٰبَ إِلَّا مِنۢ بَعۡدِ مَا جَآءَهُمُ ٱلۡعِلۡمُ بَغۡيَۢا بَيۡنَهُمۡۗ وَمَن يَكۡفُرۡ بِـَٔايَٰتِ ٱللَّهِ فَإِنَّ ٱللَّهَ سَرِيعُ ٱلۡحِسَابِ","TajweedText":"إِ<tajweed class=ghunnah>نّ</tajweed>َ <tajweed class=ham_wasl>ٱ</tajweed><tajweed class=laam_shamsiyah>ل</tajweed>دِّينَ عِ<tajweed class=ikhafa>ند</tajweed>َ <tajweed class=ham_wasl>ٱ</tajweed>للَّهِ <tajweed class=ham_wasl>ٱ</tajweed>لْإِسْلَ<tajweed class=madda_normal>ـٰ</tajweed>مُ‌ۗ وَمَا <tajweed class=ham_wasl>ٱ</tajweed>خْتَلَفَ <tajweed class=ham_wasl>ٱ</tajweed>لَّذِينَ أُوتُو<tajweed class=slnt>اْ</tajweed> <tajweed class=ham_wasl>ٱ</tajweed>لْكِتَ<tajweed class=madda_normal>ـٰ</tajweed>بَ إِلَّا م<tajweed class=iqlab>ِنۢ ب</tajweed>َعْدِ مَا ج<tajweed class=madda_obligatory>َا</tajweed>ٓءَهُمُ <tajweed class=ham_wasl>ٱ</tajweed>لْعِلْمُ بَغْي<tajweed class=iqlab>َۢا ب</tajweed>َيْنَهُمْ‌ۗ وَم<tajweed class=idgham_ghunnah>َن ي</tajweed>َكْفُرْ بِـَٔـايَ<tajweed class=madda_normal>ـٰ</tajweed>تِ <tajweed class=ham_wasl>ٱ</tajweed>للَّهِ فَإِ<tajweed class=ghunnah>نّ</tajweed>َ <tajweed class=ham_wasl>ٱ</tajweed>للَّهَ سَرِيعُ <tajweed class=ham_wasl>ٱ</tajweed>لْحِس<tajweed class=madda_permissible>َا</tajweed><tajweed class=qalaqah>ب</tajweed>ِ <span class=end>١٩</span>","End":"١٩","PageNumber":52,"JuzNumber":3,"ManzilNumber":1,"RukuNumber":43,"MaqraNumber":21,"HizbNumber":6,"HizbDecimal":0.0,"HasSajda":false},{"SurahNumber":3,"SurahIndex":"003","VerseNumber":20,"ShowSurahName":false,"ShowBismillah":false,"Text":"فَإِنۡ حَآجُّوكَ فَقُلۡ أَسۡلَمۡتُ وَجۡهِيَ لِلَّهِ وَمَنِ ٱتَّبَعَنِۗ وَقُل لِّلَّذِينَ أُوتُواْ ٱلۡكِتَٰبَ وَٱلۡأُمِّيِّـۧنَ ءَأَسۡلَمۡتُمۡۚ فَإِنۡ أَسۡلَمُواْ فَقَدِ ٱهۡتَدَواْۖ وَّإِن تَوَلَّوۡاْ فَإِنَّمَا عَلَيۡكَ ٱلۡبَلَٰغُۗ وَٱللَّهُ بَصِيرُۢ بِٱلۡعِبَادِ","TajweedText":"فَإِنْ ح<tajweed class=madda_necessary>َا</tajweed>ٓجُّوكَ فَقُلْ أَسْلَمْتُ وَ<tajweed class=qalaqah>جْ</tajweed>هِىَ لِلَّهِ وَمَنِ <tajweed class=ham_wasl>ٱ</tajweed>تَّبَعَنِ‌ۗ وَقُل لِّلَّذِينَ أُوتُو<tajweed class=slnt>اْ</tajweed> <tajweed class=ham_wasl>ٱ</tajweed>لْكِتَ<tajweed class=madda_normal>ـٰ</tajweed>بَ وَ<tajweed class=ham_wasl>ٱ</tajweed>لْأُ<tajweed class=ghunnah>مّ</tajweed>ِيِّـ<tajweed class=madda_normal>ـۧ</tajweed>نَ ءَأَسْلَمْتُمْ‌ۚ فَإِنْ أَسْلَمُو<tajweed class=slnt>اْ</tajweed> فَقَدِ <tajweed class=ham_wasl>ٱ</tajweed>هْتَدَو<tajweed class=slnt>اْ‌ۖ</tajweed> وَّإِ<tajweed class=ikhafa>ن ت</tajweed>َوَلَّوْ<tajweed class=slnt>اْ</tajweed> فَإِ<tajweed class=ghunnah>نّ</tajweed>َمَا عَلَيْكَ <tajweed class=ham_wasl>ٱ</tajweed>لْبَلَ<tajweed class=madda_normal>ـٰ</tajweed>غُ‌ۗ وَ<tajweed class=ham_wasl>ٱ</tajweed>للَّهُ بَصِي<tajweed class=iqlab>رُۢ ب</tajweed>ِ<tajweed class=ham_wasl>ٱ</tajweed>لْعِب<tajweed class=madda_permissible>َا</tajweed><tajweed class=qalaqah>د</tajweed>ِ <span class=end>٢٠</span>","End":"٢٠","PageNumber":52,"JuzNumber":3,"ManzilNumber":1,"RukuNumber":43,"MaqraNumber":21,"HizbNumber":6,"HizbDecimal":0.0,"HasSajda":false}]}