{"RukuNumber":529,"Verses":[{"SurahNumber":87,"SurahIndex":"087","VerseNumber":1,"ShowSurahName":true,"ShowBismillah":true,"Text":"سَبِّحِ ٱسۡمَ رَبِّكَ ٱلۡأَعۡلَى","TajweedText":"سَبِّحِ <tajweed class=ham_wasl>ٱ</tajweed>سْمَ رَبِّكَ <tajweed class=ham_wasl>ٱ</tajweed>لْأَعْلَى <span class=end>١</span>","End":"١","PageNumber":591,"JuzNumber":30,"ManzilNumber":7,"RukuNumber":529,"MaqraNumber":237,"HizbNumber":60,"HizbDecimal":0.0,"HasSajda":false},{"SurahNumber":87,"SurahIndex":"087","VerseNumber":2,"ShowSurahName":false,"ShowBismillah":false,"Text":"ٱلَّذِي خَلَقَ فَسَوَّىٰ","TajweedText":"ٱلَّذِى خَلَقَ فَسَوَّىٰ <span class=end>٢</span>","End":"٢","PageNumber":591,"JuzNumber":30,"ManzilNumber":7,"RukuNumber":529,"MaqraNumber":237,"HizbNumber":60,"HizbDecimal":0.0,"HasSajda":false},{"SurahNumber":87,"SurahIndex":"087","VerseNumber":3,"ShowSurahName":false,"ShowBismillah":false,"Text":"وَٱلَّذِي قَدَّرَ فَهَدَىٰ","TajweedText":"وَ<tajweed class=ham_wasl>ٱ</tajweed>لَّذِى قَدَّرَ فَهَدَىٰ <span class=end>٣</span>","End":"٣","PageNumber":591,"JuzNumber":30,"ManzilNumber":7,"RukuNumber":529,"MaqraNumber":237,"HizbNumber":60,"HizbDecimal":0.0,"HasSajda":false},{"SurahNumber":87,"SurahIndex":"087","VerseNumber":4,"ShowSurahName":false,"ShowBismillah":false,"Text":"وَٱلَّذِيٓ أَخۡرَجَ ٱلۡمَرۡعَىٰ","TajweedText":"وَ<tajweed class=ham_wasl>ٱ</tajweed>لَّذ<tajweed class=madda_obligatory>ِىٓ</tajweed> أَخْرَجَ <tajweed class=ham_wasl>ٱ</tajweed>لْمَرْعَىٰ <span class=end>٤</span>","End":"٤","PageNumber":591,"JuzNumber":30,"ManzilNumber":7,"RukuNumber":529,"MaqraNumber":237,"HizbNumber":60,"HizbDecimal":0.0,"HasSajda":false},{"SurahNumber":87,"SurahIndex":"087","VerseNumber":5,"ShowSurahName":false,"ShowBismillah":false,"Text":"فَجَعَلَهُۥ غُثَآءً أَحۡوَىٰ","TajweedText":"فَجَعَلَهُ<tajweed class=madda_normal>ۥ</tajweed> غُث<tajweed class=madda_obligatory>َا</tajweed>ٓءً أَحْوَىٰ <span class=end>٥</span>","End":"٥","PageNumber":591,"JuzNumber":30,"ManzilNumber":7,"RukuNumber":529,"MaqraNumber":237,"HizbNumber":60,"HizbDecimal":0.0,"HasSajda":false},{"SurahNumber":87,"SurahIndex":"087","VerseNumber":6,"ShowSurahName":false,"ShowBismillah":false,"Text":"سَنُقۡرِئُكَ فَلَا تَنسَىٰٓ","TajweedText":"سَنُ<tajweed class=qalaqah>قْ</tajweed>رِئُكَ فَلَا تَ<tajweed class=ikhafa>نس</tajweed>َىٰٓ <span class=end>٦</span>","End":"٦","PageNumber":591,"JuzNumber":30,"ManzilNumber":7,"RukuNumber":529,"MaqraNumber":237,"HizbNumber":60,"HizbDecimal":0.0,"HasSajda":false},{"SurahNumber":87,"SurahIndex":"087","VerseNumber":7,"ShowSurahName":false,"ShowBismillah":false,"Text":"إِلَّا مَا شَآءَ ٱللَّهُۚ إِنَّهُۥ يَعۡلَمُ ٱلۡجَهۡرَ وَمَا يَخۡفَىٰ","TajweedText":"إِلَّا مَا ش<tajweed class=madda_obligatory>َا</tajweed>ٓءَ <tajweed class=ham_wasl>ٱ</tajweed>للَّهُ‌ۚ إِ<tajweed class=ghunnah>نّ</tajweed>َهُ<tajweed class=madda_normal>ۥ</tajweed> يَعْلَمُ <tajweed class=ham_wasl>ٱ</tajweed>لْجَهْرَ وَمَا يَخْفَىٰ <span class=end>٧</span>","End":"٧","PageNumber":591,"JuzNumber":30,"ManzilNumber":7,"RukuNumber":529,"MaqraNumber":237,"HizbNumber":60,"HizbDecimal":0.0,"HasSajda":false},{"SurahNumber":87,"SurahIndex":"087","VerseNumber":8,"ShowSurahName":false,"ShowBismillah":false,"Text":"وَنُيَسِّرُكَ لِلۡيُسۡرَىٰ","TajweedText":"وَنُيَسِّرُكَ لِلْيُسْرَىٰ <span class=end>٨</span>","End":"٨","PageNumber":591,"JuzNumber":30,"ManzilNumber":7,"RukuNumber":529,"MaqraNumber":237,"HizbNumber":60,"HizbDecimal":0.0,"HasSajda":false},{"SurahNumber":87,"SurahIndex":"087","VerseNumber":9,"ShowSurahName":false,"ShowBismillah":false,"Text":"فَذَكِّرۡ إِن نَّفَعَتِ ٱلذِّكۡرَىٰ","TajweedText":"فَذَكِّرْ إ<tajweed class=idgham_ghunnah>ِن ن</tajweed>َّفَعَتِ <tajweed class=ham_wasl>ٱ</tajweed><tajweed class=laam_shamsiyah>ل</tajweed>ذِّكْرَىٰ <span class=end>٩</span>","End":"٩","PageNumber":591,"JuzNumber":30,"ManzilNumber":7,"RukuNumber":529,"MaqraNumber":237,"HizbNumber":60,"HizbDecimal":0.0,"HasSajda":false},{"SurahNumber":87,"SurahIndex":"087","VerseNumber":10,"ShowSurahName":false,"ShowBismillah":false,"Text":"سَيَذَّكَّرُ مَن يَخۡشَىٰ","TajweedText":"سَيَذَّكَّرُ م<tajweed class=idgham_ghunnah>َن ي</tajweed>َخْشَىٰ <span class=end>١٠</span>","End":"١٠","PageNumber":591,"JuzNumber":30,"ManzilNumber":7,"RukuNumber":529,"MaqraNumber":237,"HizbNumber":60,"HizbDecimal":0.0,"HasSajda":false},{"SurahNumber":87,"SurahIndex":"087","VerseNumber":11,"ShowSurahName":false,"ShowBismillah":false,"Text":"وَيَتَجَنَّبُهَا ٱلۡأَشۡقَى","TajweedText":"وَيَتَجَ<tajweed class=ghunnah>نّ</tajweed>َبُهَا <tajweed class=ham_wasl>ٱ</tajweed>لْأَشْقَى <span class=end>١١</span>","End":"١١","PageNumber":591,"JuzNumber":30,"ManzilNumber":7,"RukuNumber":529,"MaqraNumber":237,"HizbNumber":60,"HizbDecimal":0.0,"HasSajda":false},{"SurahNumber":87,"SurahIndex":"087","VerseNumber":12,"ShowSurahName":false,"ShowBismillah":false,"Text":"ٱلَّذِي يَصۡلَى ٱلنَّارَ ٱلۡكُبۡرَىٰ","TajweedText":"ٱلَّذِى يَصْلَى <tajweed class=ham_wasl>ٱ</tajweed><tajweed class=laam_shamsiyah>ل</tajweed><tajweed class=ghunnah>نّ</tajweed>َارَ <tajweed class=ham_wasl>ٱ</tajweed>لْكُ<tajweed class=qalaqah>بْ</tajweed>رَىٰ <span class=end>١٢</span>","End":"١٢","PageNumber":591,"JuzNumber":30,"ManzilNumber":7,"RukuNumber":529,"MaqraNumber":237,"HizbNumber":60,"HizbDecimal":0.0,"HasSajda":false},{"SurahNumber":87,"SurahIndex":"087","VerseNumber":13,"ShowSurahName":false,"ShowBismillah":false,"Text":"ثُمَّ لَا يَمُوتُ فِيهَا وَلَا يَحۡيَىٰ","TajweedText":"ثُ<tajweed class=ghunnah>مّ</tajweed>َ لَا يَمُوتُ فِيهَا وَلَا يَحْيَىٰ <span class=end>١٣</span>","End":"١٣","PageNumber":591,"JuzNumber":30,"ManzilNumber":7,"RukuNumber":529,"MaqraNumber":237,"HizbNumber":60,"HizbDecimal":0.0,"HasSajda":false},{"SurahNumber":87,"SurahIndex":"087","VerseNumber":14,"ShowSurahName":false,"ShowBismillah":false,"Text":"قَدۡ أَفۡلَحَ مَن تَزَكَّىٰ","TajweedText":"قَ<tajweed class=qalaqah>دْ</tajweed> أَفْلَحَ مَ<tajweed class=ikhafa>ن ت</tajweed>َزَكَّىٰ <span class=end>١٤</span>","End":"١٤","PageNumber":591,"JuzNumber":30,"ManzilNumber":7,"RukuNumber":529,"MaqraNumber":237,"HizbNumber":60,"HizbDecimal":0.0,"HasSajda":false},{"SurahNumber":87,"SurahIndex":"087","VerseNumber":15,"ShowSurahName":false,"ShowBismillah":false,"Text":"وَذَكَرَ ٱسۡمَ رَبِّهِۦ فَصَلَّىٰ","TajweedText":"وَذَكَرَ <tajweed class=ham_wasl>ٱ</tajweed>سْمَ رَبِّه<tajweed class=madda_normal>ِۦ</tajweed> فَصَلَّىٰ <span class=end>١٥</span>","End":"١٥","PageNumber":591,"JuzNumber":30,"ManzilNumber":7,"RukuNumber":529,"MaqraNumber":237,"HizbNumber":60,"HizbDecimal":0.0,"HasSajda":false},{"SurahNumber":87,"SurahIndex":"087","VerseNumber":16,"ShowSurahName":false,"ShowBismillah":false,"Text":"بَلۡ تُؤۡثِرُونَ ٱلۡحَيَوٰةَ ٱلدُّنۡيَا","TajweedText":"بَلْ تُؤْثِرُونَ <tajweed class=ham_wasl>ٱ</tajweed>لْحَيَ<tajweed class=slnt>و</tajweed><tajweed class=madda_normal>ٲ</tajweed>ةَ <tajweed class=ham_wasl>ٱ</tajweed><tajweed class=laam_shamsiyah>ل</tajweed>دُّنْيَا <span class=end>١٦</span>","End":"١٦","PageNumber":592,"JuzNumber":30,"ManzilNumber":7,"RukuNumber":529,"MaqraNumber":237,"HizbNumber":60,"HizbDecimal":0.0,"HasSajda":false},{"SurahNumber":87,"SurahIndex":"087","VerseNumber":17,"ShowSurahName":false,"ShowBismillah":false,"Text":"وَٱلۡأٓخِرَةُ خَيۡرٞ وَأَبۡقَىٰٓ","TajweedText":"وَ<tajweed class=ham_wasl>ٱ</tajweed>لْأَخِرَةُ خَيْ<tajweed class=idgham_ghunnah>رٌ و</tajweed>َأَ<tajweed class=qalaqah>بْ</tajweed>قَىٰٓ <span class=end>١٧</span>","End":"١٧","PageNumber":592,"JuzNumber":30,"ManzilNumber":7,"RukuNumber":529,"MaqraNumber":237,"HizbNumber":60,"HizbDecimal":0.0,"HasSajda":false},{"SurahNumber":87,"SurahIndex":"087","VerseNumber":18,"ShowSurahName":false,"ShowBismillah":false,"Text":"إِنَّ هَٰذَا لَفِي ٱلصُّحُفِ ٱلۡأُولَىٰ","TajweedText":"إِ<tajweed class=ghunnah>نّ</tajweed>َ هَ<tajweed class=madda_normal>ـٰ</tajweed>ذَا لَفِى <tajweed class=ham_wasl>ٱ</tajweed><tajweed class=laam_shamsiyah>ل</tajweed>صُّحُفِ <tajweed class=ham_wasl>ٱ</tajweed>لْأُولَىٰ <span class=end>١٨</span>","End":"١٨","PageNumber":592,"JuzNumber":30,"ManzilNumber":7,"RukuNumber":529,"MaqraNumber":237,"HizbNumber":60,"HizbDecimal":0.0,"HasSajda":false},{"SurahNumber":87,"SurahIndex":"087","VerseNumber":19,"ShowSurahName":false,"ShowBismillah":false,"Text":"صُحُفِ إِبۡرَٰهِيمَ وَمُوسَىٰ","TajweedText":"صُحُفِ إِ<tajweed class=qalaqah>بْ</tajweed>ر<tajweed class=madda_normal>َٲ</tajweed>هِيمَ وَمُوسَىٰ <span class=end>١٩</span>","End":"١٩","PageNumber":592,"JuzNumber":30,"ManzilNumber":7,"RukuNumber":529,"MaqraNumber":237,"HizbNumber":60,"HizbDecimal":0.0,"HasSajda":false}]}