{"RukuNumber":547,"Verses":[{"SurahNumber":105,"SurahIndex":"105","VerseNumber":1,"ShowSurahName":true,"ShowBismillah":true,"Text":"أَلَمۡ تَرَ كَيۡفَ فَعَلَ رَبُّكَ بِأَصۡحَٰبِ ٱلۡفِيلِ","TajweedText":"أَلَمْ تَرَ كَيْفَ فَعَلَ رَبُّكَ بِأَصْحَ<tajweed class=madda_normal>ـٰ</tajweed>بِ <tajweed class=ham_wasl>ٱ</tajweed>لْف<tajweed class=madda_permissible>ِي</tajweed>لِ <span class=end>١</span>","End":"١","PageNumber":601,"JuzNumber":30,"ManzilNumber":7,"RukuNumber":547,"MaqraNumber":240,"HizbNumber":60,"HizbDecimal":0.75,"HasSajda":false},{"SurahNumber":105,"SurahIndex":"105","VerseNumber":2,"ShowSurahName":false,"ShowBismillah":false,"Text":"أَلَمۡ يَجۡعَلۡ كَيۡدَهُمۡ فِي تَضۡلِيلٖ","TajweedText":"أَلَمْ يَ<tajweed class=qalaqah>جْ</tajweed>عَلْ كَيْدَهُمْ فِى تَضْل<tajweed class=madda_permissible>ِي</tajweed>لٍ <span class=end>٢</span>","End":"٢","PageNumber":601,"JuzNumber":30,"ManzilNumber":7,"RukuNumber":547,"MaqraNumber":240,"HizbNumber":60,"HizbDecimal":0.75,"HasSajda":false},{"SurahNumber":105,"SurahIndex":"105","VerseNumber":3,"ShowSurahName":false,"ShowBismillah":false,"Text":"وَأَرۡسَلَ عَلَيۡهِمۡ طَيۡرًا أَبَابِيلَ","TajweedText":"وَأَرْسَلَ عَلَيْهِمْ طَيْرًا أَبَاب<tajweed class=madda_permissible>ِي</tajweed>لَ <span class=end>٣</span>","End":"٣","PageNumber":601,"JuzNumber":30,"ManzilNumber":7,"RukuNumber":547,"MaqraNumber":240,"HizbNumber":60,"HizbDecimal":0.75,"HasSajda":false},{"SurahNumber":105,"SurahIndex":"105","VerseNumber":4,"ShowSurahName":false,"ShowBismillah":false,"Text":"تَرۡمِيهِم بِحِجَارَةٖ مِّن سِجِّيلٖ","TajweedText":"تَرْمِيه<tajweed class=ikhafa_shafawi>ِم ب</tajweed>ِحِجَارَ<tajweed class=idgham_ghunnah>ةٍ م</tajweed>ِّ<tajweed class=ikhafa>ن س</tajweed>ِجّ<tajweed class=madda_permissible>ِي</tajweed>لٍ <span class=end>٤</span>","End":"٤","PageNumber":601,"JuzNumber":30,"ManzilNumber":7,"RukuNumber":547,"MaqraNumber":240,"HizbNumber":60,"HizbDecimal":0.75,"HasSajda":false},{"SurahNumber":105,"SurahIndex":"105","VerseNumber":5,"ShowSurahName":false,"ShowBismillah":false,"Text":"فَجَعَلَهُمۡ كَعَصۡفٖ مَّأۡكُولِۭ","TajweedText":"فَجَعَلَهُمْ كَعَصْ<tajweed class=idgham_ghunnah>فٍ م</tajweed>َّأْك<tajweed class=madda_permissible>ُو</tajweed>لِۭ <span class=end>٥</span>","End":"٥","PageNumber":601,"JuzNumber":30,"ManzilNumber":7,"RukuNumber":547,"MaqraNumber":240,"HizbNumber":60,"HizbDecimal":0.75,"HasSajda":false}]}