{"RukuNumber":40,"Verses":[{"SurahNumber":2,"SurahIndex":"002","VerseNumber":282,"ShowSurahName":false,"ShowBismillah":false,"Text":"يَـٰٓأَيُّهَا ٱلَّذِينَ ءَامَنُوٓاْ إِذَا تَدَايَنتُم بِدَيۡنٍ إِلَىٰٓ أَجَلٖ مُّسَمّٗى فَٱكۡتُبُوهُۚ وَلۡيَكۡتُب بَّيۡنَكُمۡ كَاتِبُۢ بِٱلۡعَدۡلِۚ وَلَا يَأۡبَ كَاتِبٌ أَن يَكۡتُبَ كَمَا عَلَّمَهُ ٱللَّهُۚ فَلۡيَكۡتُبۡ وَلۡيُمۡلِلِ ٱلَّذِي عَلَيۡهِ ٱلۡحَقُّ وَلۡيَتَّقِ ٱللَّهَ رَبَّهُۥ وَلَا يَبۡخَسۡ مِنۡهُ شَيۡـٔٗاۚ فَإِن كَانَ ٱلَّذِي عَلَيۡهِ ٱلۡحَقُّ سَفِيهًا أَوۡ ضَعِيفًا أَوۡ لَا يَسۡتَطِيعُ أَن يُمِلَّ هُوَ فَلۡيُمۡلِلۡ وَلِيُّهُۥ بِٱلۡعَدۡلِۚ وَٱسۡتَشۡهِدُواْ شَهِيدَيۡنِ مِن رِّجَالِكُمۡۖ فَإِن لَّمۡ يَكُونَا رَجُلَيۡنِ فَرَجُلٞ وَٱمۡرَأَتَانِ مِمَّن تَرۡضَوۡنَ مِنَ ٱلشُّهَدَآءِ أَن تَضِلَّ إِحۡدَىٰهُمَا فَتُذَكِّرَ إِحۡدَىٰهُمَا ٱلۡأُخۡرَىٰۚ وَلَا يَأۡبَ ٱلشُّهَدَآءُ إِذَا مَا دُعُواْۚ وَلَا تَسۡـَٔمُوٓاْ أَن تَكۡتُبُوهُ صَغِيرًا أَوۡ كَبِيرًا إِلَىٰٓ أَجَلِهِۦۚ ذَٰلِكُمۡ أَقۡسَطُ عِندَ ٱللَّهِ وَأَقۡوَمُ لِلشَّهَٰدَةِ وَأَدۡنَىٰٓ أَلَّا تَرۡتَابُوٓاْ إِلَّآ أَن تَكُونَ تِجَٰرَةً حَاضِرَةٗ تُدِيرُونَهَا بَيۡنَكُمۡ فَلَيۡسَ عَلَيۡكُمۡ جُنَاحٌ أَلَّا تَكۡتُبُوهَاۗ وَأَشۡهِدُوٓاْ إِذَا تَبَايَعۡتُمۡۚ وَلَا يُضَآرَّ كَاتِبٞ وَلَا شَهِيدٞۚ وَإِن تَفۡعَلُواْ فَإِنَّهُۥ فُسُوقُۢ بِكُمۡۗ وَٱتَّقُواْ ٱللَّهَۖ وَيُعَلِّمُكُمُ ٱللَّهُۗ وَٱللَّهُ بِكُلِّ شَيۡءٍ عَلِيمٞ","TajweedText":"يَ<tajweed class=madda_obligatory>ـٰٓ</tajweed>أَيُّهَا <tajweed class=ham_wasl>ٱ</tajweed>لَّذِينَ ءَامَن<tajweed class=madda_obligatory>ُوٓ</tajweed><tajweed class=slnt>اْ</tajweed> إِذَا تَدَايَ<tajweed class=ikhafa>نت</tajweed><tajweed class=ikhafa_shafawi>ُم ب</tajweed>ِدَيْنٍ إِلَ<tajweed class=madda_obligatory>ىٰٓ</tajweed> أَجَ<tajweed class=idgham_ghunnah>لٍ م</tajweed>ُّسَم<tajweed class=ikhafa>ًّى ف</tajweed>َ<tajweed class=ham_wasl>ٱ</tajweed>كْتُبُوهُ‌ۚ وَلْيَكْتُب بَّيْنَكُمْ كَاتِ<tajweed class=iqlab>بُۢ ب</tajweed>ِ<tajweed class=ham_wasl>ٱ</tajweed>لْعَ<tajweed class=qalaqah>دْ</tajweed>لِ‌ۚ وَلَا يَأْبَ كَاتِبٌ أ<tajweed class=idgham_ghunnah>َن ي</tajweed>َكْتُبَ كَمَا عَلَّمَهُ <tajweed class=ham_wasl>ٱ</tajweed>للَّهُ‌ۚ فَلْيَكْتُ<tajweed class=qalaqah>بْ</tajweed> وَلْيُمْلِلِ <tajweed class=ham_wasl>ٱ</tajweed>لَّذِى عَلَيْهِ <tajweed class=ham_wasl>ٱ</tajweed>لْحَقُّ وَلْيَتَّقِ <tajweed class=ham_wasl>ٱ</tajweed>للَّهَ رَبَّهُ<tajweed class=madda_normal>ۥ</tajweed> وَلَا يَ<tajweed class=qalaqah>بْ</tajweed>خَسْ مِنْهُ شَيْـ<tajweed class=ikhafa>ـًٔا‌ۚ ف</tajweed>َإِ<tajweed class=ikhafa>ن ك</tajweed>َانَ <tajweed class=ham_wasl>ٱ</tajweed>لَّذِى عَلَيْهِ <tajweed class=ham_wasl>ٱ</tajweed>لْحَقُّ سَفِيهًا أَوْ ضَعِيفًا أَوْ لَا يَسْتَطِيعُ أ<tajweed class=idgham_ghunnah>َن ي</tajweed>ُمِلَّ هُوَ فَلْيُمْلِلْ وَلِيُّهُ<tajweed class=madda_normal>ۥ</tajweed> بِ<tajweed class=ham_wasl>ٱ</tajweed>لْعَ<tajweed class=qalaqah>دْ</tajweed>لِ‌ۚ وَ<tajweed class=ham_wasl>ٱ</tajweed>سْتَشْهِدُو<tajweed class=slnt>اْ</tajweed> شَهِيدَيْنِ م<tajweed class=idgham_wo_ghunnah>ِن ر</tajweed>ِّجَالِكُمْ‌ۖ فَإ<tajweed class=idgham_wo_ghunnah>ِن ل</tajweed>َّمْ يَكُونَا رَجُلَيْنِ فَرَجُ<tajweed class=idgham_ghunnah>لٌ و</tajweed>َ<tajweed class=ham_wasl>ٱ</tajweed>مْرَأَتَانِ مِ<tajweed class=ghunnah>مّ</tajweed>َ<tajweed class=ikhafa>ن ت</tajweed>َرْضَوْنَ مِنَ <tajweed class=ham_wasl>ٱ</tajweed><tajweed class=laam_shamsiyah>ل</tajweed>شُّهَد<tajweed class=madda_obligatory>َا</tajweed>ٓءِ أَ<tajweed class=ikhafa>ن ت</tajweed>َضِلَّ إِحْدَ<tajweed class=madda_normal>ٮٰ</tajweed>هُمَا فَتُذَكِّرَ إِحْدَ<tajweed class=madda_normal>ٮٰ</tajweed>هُمَا <tajweed class=ham_wasl>ٱ</tajweed>لْأُخْرَىٰ‌ۚ وَلَا يَأْبَ <tajweed class=ham_wasl>ٱ</tajweed><tajweed class=laam_shamsiyah>ل</tajweed>شُّهَد<tajweed class=madda_obligatory>َا</tajweed>ٓءُ إِذَا مَا دُعُو<tajweed class=slnt>اْ‌ۚ</tajweed> وَلَا تَسْــَٔم<tajweed class=madda_obligatory>ُوٓ</tajweed><tajweed class=slnt>اْ</tajweed> أَ<tajweed class=ikhafa>ن ت</tajweed>َكْتُبُوهُ صَغِيرًا أَوْ كَبِيرًا إِلَ<tajweed class=madda_obligatory>ىٰٓ</tajweed> أَجَلِه<tajweed class=madda_normal>ِۦ</tajweed>‌ۚ ذ<tajweed class=madda_normal>َٲ</tajweed>لِكُمْ أَ<tajweed class=qalaqah>قْ</tajweed>سَطُ عِ<tajweed class=ikhafa>ند</tajweed>َ <tajweed class=ham_wasl>ٱ</tajweed>للَّهِ وَأَ<tajweed class=qalaqah>قْ</tajweed>وَمُ لِلشَّهَ<tajweed class=madda_normal>ـٰ</tajweed>دَةِ وَأَ<tajweed class=qalaqah>دْ</tajweed>نَ<tajweed class=madda_obligatory>ىٰٓ</tajweed> أَلَّا تَرْتَاب<tajweed class=madda_obligatory>ُوٓ<tajweed class=slnt>اْ</tajweed>‌ۖ</tajweed> إِلّ<tajweed class=madda_obligatory>َآ</tajweed> أَ<tajweed class=ikhafa>ن ت</tajweed>َكُونَ تِجَ<tajweed class=madda_normal>ـٰ</tajweed>رَةً حَاضِرَ<tajweed class=ikhafa>ةً ت</tajweed>ُدِيرُونَهَا بَيْنَكُمْ فَلَيْسَ عَلَيْكُمْ جُنَاحٌ أَلَّا تَكْتُبُوهَا‌ۗ وَأَشْهِد<tajweed class=madda_obligatory>ُوٓ</tajweed><tajweed class=slnt>اْ</tajweed> إِذَا تَبَايَعْتُمْ‌ۚ وَلَا يُض<tajweed class=madda_necessary>َا</tajweed>ٓرَّ كَاتِ<tajweed class=idgham_ghunnah>بٌ و</tajweed>َلَا شَهِي<tajweed class=idgham_ghunnah>دٌ‌ۚ و</tajweed>َإِ<tajweed class=ikhafa>ن ت</tajweed>َفْعَلُو<tajweed class=slnt>اْ</tajweed> فَإِ<tajweed class=ghunnah>نّ</tajweed>َهُ<tajweed class=madda_normal>ۥ</tajweed> فُسُو<tajweed class=iqlab>قُۢ ب</tajweed>ِكُمْ‌ۗ وَ<tajweed class=ham_wasl>ٱ</tajweed>تَّقُو<tajweed class=slnt>اْ</tajweed> <tajweed class=ham_wasl>ٱ</tajweed>للَّهَ‌ۖ وَيُعَلِّمُكُمُ <tajweed class=ham_wasl>ٱ</tajweed>للَّهُ‌ۗ وَ<tajweed class=ham_wasl>ٱ</tajweed>للَّهُ بِكُلِّ شَىْءٍ عَل<tajweed class=madda_permissible>ِي</tajweed>مٌ <span class=end>٢٨٢</span>","End":"٢٨٢","PageNumber":48,"JuzNumber":3,"ManzilNumber":1,"RukuNumber":40,"MaqraNumber":19,"HizbNumber":5,"HizbDecimal":0.5,"HasSajda":false},{"SurahNumber":2,"SurahIndex":"002","VerseNumber":283,"ShowSurahName":false,"ShowBismillah":false,"Text":"۞وَإِن كُنتُمۡ عَلَىٰ سَفَرٖ وَلَمۡ تَجِدُواْ كَاتِبٗا فَرِهَٰنٞ مَّقۡبُوضَةٞۖ فَإِنۡ أَمِنَ بَعۡضُكُم بَعۡضٗا فَلۡيُؤَدِّ ٱلَّذِي ٱؤۡتُمِنَ أَمَٰنَتَهُۥ وَلۡيَتَّقِ ٱللَّهَ رَبَّهُۥۗ وَلَا تَكۡتُمُواْ ٱلشَّهَٰدَةَۚ وَمَن يَكۡتُمۡهَا فَإِنَّهُۥٓ ءَاثِمٞ قَلۡبُهُۥۗ وَٱللَّهُ بِمَا تَعۡمَلُونَ عَلِيمٞ","TajweedText":"۞ وَإِ<tajweed class=ikhafa>ن ك</tajweed>ُ<tajweed class=ikhafa>نت</tajweed>ُمْ عَلَىٰ سَفَ<tajweed class=idgham_ghunnah>رٍ و</tajweed>َلَمْ تَجِدُو<tajweed class=slnt>اْ</tajweed> كَاتِ<tajweed class=ikhafa>بًا ف</tajweed>َرِهَ<tajweed class=madda_normal>ـٰ</tajweed><tajweed class=idgham_ghunnah>نٌ م</tajweed>َّ<tajweed class=qalaqah>قْ</tajweed>بُوضَ<tajweed class=ikhafa>ةٌ‌ۖ ف</tajweed>َإِنْ أَمِنَ بَعْضُك<tajweed class=ikhafa_shafawi>ُم ب</tajweed>َعْ<tajweed class=ikhafa>ضًا ف</tajweed>َلْيُؤَدِّ <tajweed class=ham_wasl>ٱ</tajweed>لَّذِى <tajweed class=ham_wasl>ٱ</tajweed>ؤْتُمِنَ أَمَ<tajweed class=madda_normal>ـٰ</tajweed>نَتَهُ<tajweed class=madda_normal>ۥ</tajweed> وَلْيَتَّقِ <tajweed class=ham_wasl>ٱ</tajweed>للَّهَ رَبَّهُ<tajweed class=madda_normal>ۥ</tajweed>‌ۗ وَلَا تَكْتُمُو<tajweed class=slnt>اْ</tajweed> <tajweed class=ham_wasl>ٱ</tajweed><tajweed class=laam_shamsiyah>ل</tajweed>شَّهَ<tajweed class=madda_normal>ـٰ</tajweed>دَةَ‌ۚ وَم<tajweed class=idgham_ghunnah>َن ي</tajweed>َكْتُمْهَا فَإِ<tajweed class=ghunnah>نّ</tajweed>َهُ<tajweed class=madda_obligatory>ۥٓ</tajweed> ءَاثِ<tajweed class=ikhafa>مٌ ق</tajweed>َلْبُهُ<tajweed class=madda_normal>ۥ</tajweed>‌ۗ وَ<tajweed class=ham_wasl>ٱ</tajweed>للَّهُ بِمَا تَعْمَلُونَ عَل<tajweed class=madda_permissible>ِي</tajweed>مٌ <span class=end>٢٨٣</span>","End":"٢٨٣","PageNumber":49,"JuzNumber":3,"ManzilNumber":1,"RukuNumber":40,"MaqraNumber":20,"HizbNumber":5,"HizbDecimal":0.75,"HasSajda":false}]}