{"RukuNumber":46,"Verses":[{"SurahNumber":3,"SurahIndex":"003","VerseNumber":42,"ShowSurahName":false,"ShowBismillah":false,"Text":"وَإِذۡ قَالَتِ ٱلۡمَلَـٰٓئِكَةُ يَٰمَرۡيَمُ إِنَّ ٱللَّهَ ٱصۡطَفَىٰكِ وَطَهَّرَكِ وَٱصۡطَفَىٰكِ عَلَىٰ نِسَآءِ ٱلۡعَٰلَمِينَ","TajweedText":"وَإِذْ قَالَتِ <tajweed class=ham_wasl>ٱ</tajweed>لْمَلَ<tajweed class=madda_obligatory>ـٰٓ</tajweed>ئِكَةُ يَ<tajweed class=madda_normal>ـٰ</tajweed>مَرْيَمُ إِ<tajweed class=ghunnah>نّ</tajweed>َ <tajweed class=ham_wasl>ٱ</tajweed>للَّهَ <tajweed class=ham_wasl>ٱ</tajweed>صْطَفَ<tajweed class=madda_normal>ـٰ</tajweed>كِ وَطَهَّرَكِ وَ<tajweed class=ham_wasl>ٱ</tajweed>صْطَفَ<tajweed class=madda_normal>ـٰ</tajweed>كِ عَلَىٰ نِس<tajweed class=madda_obligatory>َا</tajweed>ٓءِ <tajweed class=ham_wasl>ٱ</tajweed>لْعَ<tajweed class=madda_normal>ـٰ</tajweed>لَم<tajweed class=madda_permissible>ِي</tajweed>نَ <span class=end>٤٢</span>","End":"٤٢","PageNumber":55,"JuzNumber":3,"ManzilNumber":1,"RukuNumber":46,"MaqraNumber":22,"HizbNumber":6,"HizbDecimal":0.25,"HasSajda":false},{"SurahNumber":3,"SurahIndex":"003","VerseNumber":43,"ShowSurahName":false,"ShowBismillah":false,"Text":"يَٰمَرۡيَمُ ٱقۡنُتِي لِرَبِّكِ وَٱسۡجُدِي وَٱرۡكَعِي مَعَ ٱلرَّـٰكِعِينَ","TajweedText":"يَ<tajweed class=madda_normal>ـٰ</tajweed>مَرْيَمُ <tajweed class=ham_wasl>ٱ</tajweed><tajweed class=qalaqah>قْ</tajweed>نُتِى لِرَبِّكِ وَ<tajweed class=ham_wasl>ٱ</tajweed>سْجُدِى وَ<tajweed class=ham_wasl>ٱ</tajweed>رْكَعِى مَعَ <tajweed class=ham_wasl>ٱ</tajweed><tajweed class=laam_shamsiyah>ل</tajweed>رّ<tajweed class=madda_normal>َٲ</tajweed>كِع<tajweed class=madda_permissible>ِي</tajweed>نَ <span class=end>٤٣</span>","End":"٤٣","PageNumber":55,"JuzNumber":3,"ManzilNumber":1,"RukuNumber":46,"MaqraNumber":22,"HizbNumber":6,"HizbDecimal":0.25,"HasSajda":false},{"SurahNumber":3,"SurahIndex":"003","VerseNumber":44,"ShowSurahName":false,"ShowBismillah":false,"Text":"ذَٰلِكَ مِنۡ أَنۢبَآءِ ٱلۡغَيۡبِ نُوحِيهِ إِلَيۡكَۚ وَمَا كُنتَ لَدَيۡهِمۡ إِذۡ يُلۡقُونَ أَقۡلَٰمَهُمۡ أَيُّهُمۡ يَكۡفُلُ مَرۡيَمَ وَمَا كُنتَ لَدَيۡهِمۡ إِذۡ يَخۡتَصِمُونَ","TajweedText":"ذ<tajweed class=madda_normal>َٲ</tajweed>لِكَ مِنْ أَ<tajweed class=iqlab>نۢب</tajweed><tajweed class=madda_obligatory>َا</tajweed>ٓءِ <tajweed class=ham_wasl>ٱ</tajweed>لْغَيْبِ نُوحِيهِ إِلَيْكَ‌ۚ وَمَا كُ<tajweed class=ikhafa>نت</tajweed>َ لَدَيْهِمْ إِذْ يُلْقُونَ أَ<tajweed class=qalaqah>قْ</tajweed>لَ<tajweed class=madda_normal>ـٰ</tajweed>مَهُمْ أَيُّهُمْ يَكْفُلُ مَرْيَمَ وَمَا كُ<tajweed class=ikhafa>نت</tajweed>َ لَدَيْهِمْ إِذْ يَخْتَصِم<tajweed class=madda_permissible>ُو</tajweed>نَ <span class=end>٤٤</span>","End":"٤٤","PageNumber":55,"JuzNumber":3,"ManzilNumber":1,"RukuNumber":46,"MaqraNumber":22,"HizbNumber":6,"HizbDecimal":0.25,"HasSajda":false},{"SurahNumber":3,"SurahIndex":"003","VerseNumber":45,"ShowSurahName":false,"ShowBismillah":false,"Text":"إِذۡ قَالَتِ ٱلۡمَلَـٰٓئِكَةُ يَٰمَرۡيَمُ إِنَّ ٱللَّهَ يُبَشِّرُكِ بِكَلِمَةٖ مِّنۡهُ ٱسۡمُهُ ٱلۡمَسِيحُ عِيسَى ٱبۡنُ مَرۡيَمَ وَجِيهٗا فِي ٱلدُّنۡيَا وَٱلۡأٓخِرَةِ وَمِنَ ٱلۡمُقَرَّبِينَ","TajweedText":"إِذْ قَالَتِ <tajweed class=ham_wasl>ٱ</tajweed>لْمَلَ<tajweed class=madda_obligatory>ـٰٓ</tajweed>ئِكَةُ يَ<tajweed class=madda_normal>ـٰ</tajweed>مَرْيَمُ إِ<tajweed class=ghunnah>نّ</tajweed>َ <tajweed class=ham_wasl>ٱ</tajweed>للَّهَ يُبَشِّرُكِ بِكَلِمَ<tajweed class=idgham_ghunnah>ةٍ م</tajweed>ِّنْهُ <tajweed class=ham_wasl>ٱ</tajweed>سْمُهُ <tajweed class=ham_wasl>ٱ</tajweed>لْمَسِيحُ عِيسَى <tajweed class=ham_wasl>ٱ</tajweed><tajweed class=qalaqah>بْ</tajweed>نُ مَرْيَمَ وَجِي<tajweed class=ikhafa>هًا ف</tajweed>ِى <tajweed class=ham_wasl>ٱ</tajweed><tajweed class=laam_shamsiyah>ل</tajweed>دُّنْيَا وَ<tajweed class=ham_wasl>ٱ</tajweed>لْأَخِرَةِ وَمِنَ <tajweed class=ham_wasl>ٱ</tajweed>لْمُقَرَّب<tajweed class=madda_permissible>ِي</tajweed>نَ <span class=end>٤٥</span>","End":"٤٥","PageNumber":55,"JuzNumber":3,"ManzilNumber":1,"RukuNumber":46,"MaqraNumber":22,"HizbNumber":6,"HizbDecimal":0.25,"HasSajda":false},{"SurahNumber":3,"SurahIndex":"003","VerseNumber":46,"ShowSurahName":false,"ShowBismillah":false,"Text":"وَيُكَلِّمُ ٱلنَّاسَ فِي ٱلۡمَهۡدِ وَكَهۡلٗا وَمِنَ ٱلصَّـٰلِحِينَ","TajweedText":"وَيُكَلِّمُ <tajweed class=ham_wasl>ٱ</tajweed><tajweed class=laam_shamsiyah>ل</tajweed><tajweed class=ghunnah>نّ</tajweed>َاسَ فِى <tajweed class=ham_wasl>ٱ</tajweed>لْمَهْدِ وَكَهْل<tajweed class=idgham_ghunnah>اً و</tajweed>َمِنَ <tajweed class=ham_wasl>ٱ</tajweed><tajweed class=laam_shamsiyah>ل</tajweed>صَّ<tajweed class=madda_normal>ـٰ</tajweed>لِح<tajweed class=madda_permissible>ِي</tajweed>نَ <span class=end>٤٦</span>","End":"٤٦","PageNumber":56,"JuzNumber":3,"ManzilNumber":1,"RukuNumber":46,"MaqraNumber":22,"HizbNumber":6,"HizbDecimal":0.25,"HasSajda":false},{"SurahNumber":3,"SurahIndex":"003","VerseNumber":47,"ShowSurahName":false,"ShowBismillah":false,"Text":"قَالَتۡ رَبِّ أَنَّىٰ يَكُونُ لِي وَلَدٞ وَلَمۡ يَمۡسَسۡنِي بَشَرٞۖ قَالَ كَذَٰلِكِ ٱللَّهُ يَخۡلُقُ مَا يَشَآءُۚ إِذَا قَضَىٰٓ أَمۡرٗا فَإِنَّمَا يَقُولُ لَهُۥ كُن فَيَكُونُ","TajweedText":"قَالَتْ رَبِّ أَ<tajweed class=ghunnah>نّ</tajweed>َىٰ يَكُونُ لِى وَلَ<tajweed class=idgham_ghunnah>دٌ و</tajweed>َلَمْ يَمْسَسْنِى بَشَ<tajweed class=ikhafa>رٌ‌ۖ ق</tajweed>َالَ كَذ<tajweed class=madda_normal>َٲ</tajweed>لِكِ <tajweed class=ham_wasl>ٱ</tajweed>للَّهُ يَخْلُقُ مَا يَش<tajweed class=madda_obligatory>َا</tajweed>ٓءُ‌ۚ إِذَا قَضَ<tajweed class=madda_obligatory>ىٰٓ</tajweed> أَمْ<tajweed class=ikhafa>رًا ف</tajweed>َإِ<tajweed class=ghunnah>نّ</tajweed>َمَا يَقُولُ لَهُ<tajweed class=madda_normal>ۥ</tajweed> كُ<tajweed class=ikhafa>ن ف</tajweed>َيَك<tajweed class=madda_permissible>ُو</tajweed>نُ <span class=end>٤٧</span>","End":"٤٧","PageNumber":56,"JuzNumber":3,"ManzilNumber":1,"RukuNumber":46,"MaqraNumber":22,"HizbNumber":6,"HizbDecimal":0.25,"HasSajda":false},{"SurahNumber":3,"SurahIndex":"003","VerseNumber":48,"ShowSurahName":false,"ShowBismillah":false,"Text":"وَيُعَلِّمُهُ ٱلۡكِتَٰبَ وَٱلۡحِكۡمَةَ وَٱلتَّوۡرَىٰةَ وَٱلۡإِنجِيلَ","TajweedText":"وَيُعَلِّمُهُ <tajweed class=ham_wasl>ٱ</tajweed>لْكِتَ<tajweed class=madda_normal>ـٰ</tajweed>بَ وَ<tajweed class=ham_wasl>ٱ</tajweed>لْحِكْمَةَ وَ<tajweed class=ham_wasl>ٱ</tajweed><tajweed class=laam_shamsiyah>ل</tajweed>تَّوْرَ<tajweed class=madda_normal>ٮٰ</tajweed>ةَ وَ<tajweed class=ham_wasl>ٱ</tajweed>لْإِ<tajweed class=ikhafa>نج</tajweed><tajweed class=madda_permissible>ِي</tajweed>لَ <span class=end>٤٨</span>","End":"٤٨","PageNumber":56,"JuzNumber":3,"ManzilNumber":1,"RukuNumber":46,"MaqraNumber":22,"HizbNumber":6,"HizbDecimal":0.25,"HasSajda":false},{"SurahNumber":3,"SurahIndex":"003","VerseNumber":49,"ShowSurahName":false,"ShowBismillah":false,"Text":"وَرَسُولًا إِلَىٰ بَنِيٓ إِسۡرَـٰٓءِيلَ أَنِّي قَدۡ جِئۡتُكُم بِـَٔايَةٖ مِّن رَّبِّكُمۡ أَنِّيٓ أَخۡلُقُ لَكُم مِّنَ ٱلطِّينِ كَهَيۡـَٔةِ ٱلطَّيۡرِ فَأَنفُخُ فِيهِ فَيَكُونُ طَيۡرَۢا بِإِذۡنِ ٱللَّهِۖ وَأُبۡرِئُ ٱلۡأَكۡمَهَ وَٱلۡأَبۡرَصَ وَأُحۡيِ ٱلۡمَوۡتَىٰ بِإِذۡنِ ٱللَّهِۖ وَأُنَبِّئُكُم بِمَا تَأۡكُلُونَ وَمَا تَدَّخِرُونَ فِي بُيُوتِكُمۡۚ إِنَّ فِي ذَٰلِكَ لَأٓيَةٗ لَّكُمۡ إِن كُنتُم مُّؤۡمِنِينَ","TajweedText":"وَرَسُولاً إِلَىٰ بَن<tajweed class=madda_obligatory>ِىٓ</tajweed> إِسْر<tajweed class=madda_obligatory>َٲ</tajweed>ٓءِيلَ أَ<tajweed class=ghunnah>نّ</tajweed>ِى قَ<tajweed class=qalaqah>دْ</tajweed> جِئْتُك<tajweed class=ikhafa_shafawi>ُم ب</tajweed>ِـَٔـايَ<tajweed class=idgham_ghunnah>ةٍ م</tajweed>ّ<tajweed class=idgham_wo_ghunnah>ِن ر</tajweed>َّبِّكُمْ‌ۖ أَ<tajweed class=ghunnah>نّ</tajweed><tajweed class=madda_obligatory>ِىٓ</tajweed> أَخْلُقُ لَك<tajweed class=idgham_shafawi>ُم م</tajweed>ِّنَ <tajweed class=ham_wasl>ٱ</tajweed><tajweed class=laam_shamsiyah>ل</tajweed>طِّينِ كَهَيْــَٔةِ <tajweed class=ham_wasl>ٱ</tajweed><tajweed class=laam_shamsiyah>ل</tajweed>طَّيْرِ فَأَ<tajweed class=ikhafa>نف</tajweed>ُخُ فِيهِ فَيَكُونُ طَيْر<tajweed class=iqlab>َۢا ب</tajweed>ِإِذْنِ <tajweed class=ham_wasl>ٱ</tajweed>للَّهِ‌ۖ وَأُ<tajweed class=qalaqah>بْ</tajweed>رِئُ <tajweed class=ham_wasl>ٱ</tajweed>لْأَكْمَهَ وَ<tajweed class=ham_wasl>ٱ</tajweed>لْأَ<tajweed class=qalaqah>بْ</tajweed>رَصَ وَأُحْىِ <tajweed class=ham_wasl>ٱ</tajweed>لْمَوْتَىٰ بِإِذْنِ <tajweed class=ham_wasl>ٱ</tajweed>للَّهِ‌ۖ وَأُنَبِّئُك<tajweed class=ikhafa_shafawi>ُم ب</tajweed>ِمَا تَأْكُلُونَ وَمَا تَدَّخِرُونَ فِى بُيُوتِكُمْ‌ۚ إِ<tajweed class=ghunnah>نّ</tajweed>َ فِى ذ<tajweed class=madda_normal>َٲ</tajweed>لِكَ لَأَيَ<tajweed class=idgham_wo_ghunnah>ةً ل</tajweed>َّكُمْ إِ<tajweed class=ikhafa>ن ك</tajweed>ُ<tajweed class=ikhafa>نت</tajweed><tajweed class=idgham_shafawi>ُم م</tajweed>ُّؤْمِن<tajweed class=madda_permissible>ِي</tajweed>نَ <span class=end>٤٩</span>","End":"٤٩","PageNumber":56,"JuzNumber":3,"ManzilNumber":1,"RukuNumber":46,"MaqraNumber":22,"HizbNumber":6,"HizbDecimal":0.25,"HasSajda":false},{"SurahNumber":3,"SurahIndex":"003","VerseNumber":50,"ShowSurahName":false,"ShowBismillah":false,"Text":"وَمُصَدِّقٗا لِّمَا بَيۡنَ يَدَيَّ مِنَ ٱلتَّوۡرَىٰةِ وَلِأُحِلَّ لَكُم بَعۡضَ ٱلَّذِي حُرِّمَ عَلَيۡكُمۡۚ وَجِئۡتُكُم بِـَٔايَةٖ مِّن رَّبِّكُمۡ فَٱتَّقُواْ ٱللَّهَ وَأَطِيعُونِ","TajweedText":"وَمُصَدِّ<tajweed class=idgham_wo_ghunnah>قًا ل</tajweed>ِّمَا بَيْنَ يَدَىَّ مِنَ <tajweed class=ham_wasl>ٱ</tajweed><tajweed class=laam_shamsiyah>ل</tajweed>تَّوْرَ<tajweed class=madda_normal>ٮٰ</tajweed>ةِ وَلِأُحِلَّ لَك<tajweed class=ikhafa_shafawi>ُم ب</tajweed>َعْضَ <tajweed class=ham_wasl>ٱ</tajweed>لَّذِى حُرِّمَ عَلَيْكُمْ‌ۚ وَجِئْتُك<tajweed class=ikhafa_shafawi>ُم ب</tajweed>ِـَٔـايَ<tajweed class=idgham_ghunnah>ةٍ م</tajweed>ّ<tajweed class=idgham_wo_ghunnah>ِن ر</tajweed>َّبِّكُمْ فَ<tajweed class=ham_wasl>ٱ</tajweed>تَّقُو<tajweed class=slnt>اْ</tajweed> <tajweed class=ham_wasl>ٱ</tajweed>للَّهَ وَأَطِيع<tajweed class=madda_permissible>ُو</tajweed>نِ <span class=end>٥٠</span>","End":"٥٠","PageNumber":56,"JuzNumber":3,"ManzilNumber":1,"RukuNumber":46,"MaqraNumber":22,"HizbNumber":6,"HizbDecimal":0.25,"HasSajda":false},{"SurahNumber":3,"SurahIndex":"003","VerseNumber":51,"ShowSurahName":false,"ShowBismillah":false,"Text":"إِنَّ ٱللَّهَ رَبِّي وَرَبُّكُمۡ فَٱعۡبُدُوهُۚ هَٰذَا صِرَٰطٞ مُّسۡتَقِيمٞ","TajweedText":"إِ<tajweed class=ghunnah>نّ</tajweed>َ <tajweed class=ham_wasl>ٱ</tajweed>للَّهَ رَبِّى وَرَبُّكُمْ فَ<tajweed class=ham_wasl>ٱ</tajweed>عْبُدُوهُ‌ۗ هَ<tajweed class=madda_normal>ـٰ</tajweed>ذَا صِر<tajweed class=madda_normal>َٲ</tajweed><tajweed class=idgham_ghunnah>طٌ م</tajweed>ُّسْتَق<tajweed class=madda_permissible>ِي</tajweed>مٌ <span class=end>٥١</span>","End":"٥١","PageNumber":56,"JuzNumber":3,"ManzilNumber":1,"RukuNumber":46,"MaqraNumber":22,"HizbNumber":6,"HizbDecimal":0.25,"HasSajda":false},{"SurahNumber":3,"SurahIndex":"003","VerseNumber":52,"ShowSurahName":false,"ShowBismillah":false,"Text":"۞فَلَمَّآ أَحَسَّ عِيسَىٰ مِنۡهُمُ ٱلۡكُفۡرَ قَالَ مَنۡ أَنصَارِيٓ إِلَى ٱللَّهِۖ قَالَ ٱلۡحَوَارِيُّونَ نَحۡنُ أَنصَارُ ٱللَّهِ ءَامَنَّا بِٱللَّهِ وَٱشۡهَدۡ بِأَنَّا مُسۡلِمُونَ","TajweedText":"۞ فَلَ<tajweed class=ghunnah>مّ</tajweed><tajweed class=madda_obligatory>َآ</tajweed> أَحَسَّ عِيسَىٰ مِنْهُمُ <tajweed class=ham_wasl>ٱ</tajweed>لْكُفْرَ قَالَ مَنْ أَ<tajweed class=ikhafa>نص</tajweed>َار<tajweed class=madda_obligatory>ِىٓ</tajweed> إِلَى <tajweed class=ham_wasl>ٱ</tajweed>للَّهِ‌ۖ قَالَ <tajweed class=ham_wasl>ٱ</tajweed>لْحَوَارِيُّونَ نَحْنُ أَ<tajweed class=ikhafa>نص</tajweed>َارُ <tajweed class=ham_wasl>ٱ</tajweed>للَّهِ ءَامَ<tajweed class=ghunnah>نّ</tajweed>َا بِ<tajweed class=ham_wasl>ٱ</tajweed>للَّهِ وَ<tajweed class=ham_wasl>ٱ</tajweed>شْهَ<tajweed class=qalaqah>دْ</tajweed> بِأَ<tajweed class=ghunnah>نّ</tajweed>َا مُسْلِم<tajweed class=madda_permissible>ُو</tajweed>نَ <span class=end>٥٢</span>","End":"٥٢","PageNumber":56,"JuzNumber":3,"ManzilNumber":1,"RukuNumber":46,"MaqraNumber":23,"HizbNumber":6,"HizbDecimal":0.5,"HasSajda":false},{"SurahNumber":3,"SurahIndex":"003","VerseNumber":53,"ShowSurahName":false,"ShowBismillah":false,"Text":"رَبَّنَآ ءَامَنَّا بِمَآ أَنزَلۡتَ وَٱتَّبَعۡنَا ٱلرَّسُولَ فَٱكۡتُبۡنَا مَعَ ٱلشَّـٰهِدِينَ","TajweedText":"رَبَّن<tajweed class=madda_obligatory>َآ</tajweed> ءَامَ<tajweed class=ghunnah>نّ</tajweed>َا بِم<tajweed class=madda_obligatory>َآ</tajweed> أَ<tajweed class=ikhafa>نز</tajweed>َلْتَ وَ<tajweed class=ham_wasl>ٱ</tajweed>تَّبَعْنَا <tajweed class=ham_wasl>ٱ</tajweed><tajweed class=laam_shamsiyah>ل</tajweed>رَّسُولَ فَ<tajweed class=ham_wasl>ٱ</tajweed>كْتُ<tajweed class=qalaqah>بْ</tajweed>نَا مَعَ <tajweed class=ham_wasl>ٱ</tajweed><tajweed class=laam_shamsiyah>ل</tajweed>شَّ<tajweed class=madda_normal>ـٰ</tajweed>هِد<tajweed class=madda_permissible>ِي</tajweed>نَ <span class=end>٥٣</span>","End":"٥٣","PageNumber":57,"JuzNumber":3,"ManzilNumber":1,"RukuNumber":46,"MaqraNumber":23,"HizbNumber":6,"HizbDecimal":0.5,"HasSajda":false},{"SurahNumber":3,"SurahIndex":"003","VerseNumber":54,"ShowSurahName":false,"ShowBismillah":false,"Text":"وَمَكَرُواْ وَمَكَرَ ٱللَّهُۖ وَٱللَّهُ خَيۡرُ ٱلۡمَٰكِرِينَ","TajweedText":"وَمَكَرُو<tajweed class=slnt>اْ</tajweed> وَمَكَرَ <tajweed class=ham_wasl>ٱ</tajweed>للَّهُ‌ۖ وَ<tajweed class=ham_wasl>ٱ</tajweed>للَّهُ خَيْرُ <tajweed class=ham_wasl>ٱ</tajweed>لْمَ<tajweed class=madda_normal>ـٰ</tajweed>كِر<tajweed class=madda_permissible>ِي</tajweed>نَ <span class=end>٥٤</span>","End":"٥٤","PageNumber":57,"JuzNumber":3,"ManzilNumber":1,"RukuNumber":46,"MaqraNumber":23,"HizbNumber":6,"HizbDecimal":0.5,"HasSajda":false}]}