{"RukuNumber":437,"Verses":[{"SurahNumber":45,"SurahIndex":"045","VerseNumber":27,"ShowSurahName":false,"ShowBismillah":false,"Text":"وَلِلَّهِ مُلۡكُ ٱلسَّمَٰوَٰتِ وَٱلۡأَرۡضِۚ وَيَوۡمَ تَقُومُ ٱلسَّاعَةُ يَوۡمَئِذٖ يَخۡسَرُ ٱلۡمُبۡطِلُونَ","TajweedText":"وَلِلَّهِ مُلْكُ <tajweed class=ham_wasl>ٱ</tajweed><tajweed class=laam_shamsiyah>ل</tajweed>سَّمَ<tajweed class=madda_normal>ـٰ</tajweed>و<tajweed class=madda_normal>َٲ</tajweed>تِ وَ<tajweed class=ham_wasl>ٱ</tajweed>لْأَرْضِ‌ۚ وَيَوْمَ تَقُومُ <tajweed class=ham_wasl>ٱ</tajweed><tajweed class=laam_shamsiyah>ل</tajweed>سَّاعَةُ يَوْمَئِ<tajweed class=idgham_ghunnah>ذٍ ي</tajweed>َخْسَرُ <tajweed class=ham_wasl>ٱ</tajweed>لْمُ<tajweed class=qalaqah>بْ</tajweed>طِل<tajweed class=madda_permissible>ُو</tajweed>نَ <span class=end>٢٧</span>","End":"٢٧","PageNumber":501,"JuzNumber":25,"ManzilNumber":6,"RukuNumber":437,"MaqraNumber":200,"HizbNumber":50,"HizbDecimal":0.75,"HasSajda":false},{"SurahNumber":45,"SurahIndex":"045","VerseNumber":28,"ShowSurahName":false,"ShowBismillah":false,"Text":"وَتَرَىٰ كُلَّ أُمَّةٖ جَاثِيَةٗۚ كُلُّ أُمَّةٖ تُدۡعَىٰٓ إِلَىٰ كِتَٰبِهَا ٱلۡيَوۡمَ تُجۡزَوۡنَ مَا كُنتُمۡ تَعۡمَلُونَ","TajweedText":"وَتَرَىٰ كُلَّ أُ<tajweed class=ghunnah>مّ</tajweed>َ<tajweed class=ikhafa>ةٍ ج</tajweed>َاثِيَ<tajweed class=ikhafa>ةً‌ۚ ك</tajweed>ُلُّ أُ<tajweed class=ghunnah>مّ</tajweed>َ<tajweed class=ikhafa>ةٍ ت</tajweed>ُ<tajweed class=qalaqah>دْ</tajweed>عَ<tajweed class=madda_obligatory>ىٰٓ</tajweed> إِلَىٰ كِتَ<tajweed class=madda_normal>ـٰ</tajweed>بِهَا <tajweed class=ham_wasl>ٱ</tajweed>لْيَوْمَ تُ<tajweed class=qalaqah>جْ</tajweed>زَوْنَ مَا كُ<tajweed class=ikhafa>نت</tajweed>ُمْ تَعْمَل<tajweed class=madda_permissible>ُو</tajweed>نَ <span class=end>٢٨</span>","End":"٢٨","PageNumber":501,"JuzNumber":25,"ManzilNumber":6,"RukuNumber":437,"MaqraNumber":200,"HizbNumber":50,"HizbDecimal":0.75,"HasSajda":false},{"SurahNumber":45,"SurahIndex":"045","VerseNumber":29,"ShowSurahName":false,"ShowBismillah":false,"Text":"هَٰذَا كِتَٰبُنَا يَنطِقُ عَلَيۡكُم بِٱلۡحَقِّۚ إِنَّا كُنَّا نَسۡتَنسِخُ مَا كُنتُمۡ تَعۡمَلُونَ","TajweedText":"هَ<tajweed class=madda_normal>ـٰ</tajweed>ذَا كِتَ<tajweed class=madda_normal>ـٰ</tajweed>بُنَا يَ<tajweed class=ikhafa>نط</tajweed>ِقُ عَلَيْك<tajweed class=ikhafa_shafawi>ُم ب</tajweed>ِ<tajweed class=ham_wasl>ٱ</tajweed>لْحَقِّ‌ۚ إِ<tajweed class=ghunnah>نّ</tajweed>َا كُ<tajweed class=ghunnah>نّ</tajweed>َا نَسْتَ<tajweed class=ikhafa>نس</tajweed>ِخُ مَا كُ<tajweed class=ikhafa>نت</tajweed>ُمْ تَعْمَل<tajweed class=madda_permissible>ُو</tajweed>نَ <span class=end>٢٩</span>","End":"٢٩","PageNumber":501,"JuzNumber":25,"ManzilNumber":6,"RukuNumber":437,"MaqraNumber":200,"HizbNumber":50,"HizbDecimal":0.75,"HasSajda":false},{"SurahNumber":45,"SurahIndex":"045","VerseNumber":30,"ShowSurahName":false,"ShowBismillah":false,"Text":"فَأَمَّا ٱلَّذِينَ ءَامَنُواْ وَعَمِلُواْ ٱلصَّـٰلِحَٰتِ فَيُدۡخِلُهُمۡ رَبُّهُمۡ فِي رَحۡمَتِهِۦۚ ذَٰلِكَ هُوَ ٱلۡفَوۡزُ ٱلۡمُبِينُ","TajweedText":"فَأَ<tajweed class=ghunnah>مّ</tajweed>َا <tajweed class=ham_wasl>ٱ</tajweed>لَّذِينَ ءَامَنُو<tajweed class=slnt>اْ</tajweed> وَعَمِلُو<tajweed class=slnt>اْ</tajweed> <tajweed class=ham_wasl>ٱ</tajweed><tajweed class=laam_shamsiyah>ل</tajweed>صَّ<tajweed class=madda_normal>ـٰ</tajweed>لِحَ<tajweed class=madda_normal>ـٰ</tajweed>تِ فَيُ<tajweed class=qalaqah>دْ</tajweed>خِلُهُمْ رَبُّهُمْ فِى رَحْمَتِه<tajweed class=madda_normal>ِۦ</tajweed>‌ۚ ذ<tajweed class=madda_normal>َٲ</tajweed>لِكَ هُوَ <tajweed class=ham_wasl>ٱ</tajweed>لْفَوْزُ <tajweed class=ham_wasl>ٱ</tajweed>لْمُب<tajweed class=madda_permissible>ِي</tajweed>نُ <span class=end>٣٠</span>","End":"٣٠","PageNumber":501,"JuzNumber":25,"ManzilNumber":6,"RukuNumber":437,"MaqraNumber":200,"HizbNumber":50,"HizbDecimal":0.75,"HasSajda":false},{"SurahNumber":45,"SurahIndex":"045","VerseNumber":31,"ShowSurahName":false,"ShowBismillah":false,"Text":"وَأَمَّا ٱلَّذِينَ كَفَرُوٓاْ أَفَلَمۡ تَكُنۡ ءَايَٰتِي تُتۡلَىٰ عَلَيۡكُمۡ فَٱسۡتَكۡبَرۡتُمۡ وَكُنتُمۡ قَوۡمٗا مُّجۡرِمِينَ","TajweedText":"وَأَ<tajweed class=ghunnah>مّ</tajweed>َا <tajweed class=ham_wasl>ٱ</tajweed>لَّذِينَ كَفَر<tajweed class=madda_obligatory>ُوٓ</tajweed><tajweed class=slnt>اْ</tajweed> أَفَلَمْ تَكُنْ ءَايَ<tajweed class=madda_normal>ـٰ</tajweed>تِى تُتْلَىٰ عَلَيْكُمْ فَ<tajweed class=ham_wasl>ٱ</tajweed>سْتَكْبَرْتُمْ وَكُ<tajweed class=ikhafa>نت</tajweed>ُمْ قَوْ<tajweed class=idgham_ghunnah>مًا م</tajweed>ُّ<tajweed class=qalaqah>جْ</tajweed>رِم<tajweed class=madda_permissible>ِي</tajweed>نَ <span class=end>٣١</span>","End":"٣١","PageNumber":501,"JuzNumber":25,"ManzilNumber":6,"RukuNumber":437,"MaqraNumber":200,"HizbNumber":50,"HizbDecimal":0.75,"HasSajda":false},{"SurahNumber":45,"SurahIndex":"045","VerseNumber":32,"ShowSurahName":false,"ShowBismillah":false,"Text":"وَإِذَا قِيلَ إِنَّ وَعۡدَ ٱللَّهِ حَقّٞ وَٱلسَّاعَةُ لَا رَيۡبَ فِيهَا قُلۡتُم مَّا نَدۡرِي مَا ٱلسَّاعَةُ إِن نَّظُنُّ إِلَّا ظَنّٗا وَمَا نَحۡنُ بِمُسۡتَيۡقِنِينَ","TajweedText":"وَإِذَا قِيلَ إِ<tajweed class=ghunnah>نّ</tajweed>َ وَعْدَ <tajweed class=ham_wasl>ٱ</tajweed>للَّهِ حَ<tajweed class=idgham_ghunnah>قٌّ و</tajweed>َ<tajweed class=ham_wasl>ٱ</tajweed><tajweed class=laam_shamsiyah>ل</tajweed>سَّاعَةُ لَا رَيْبَ فِيهَا قُلْت<tajweed class=idgham_shafawi>ُم م</tajweed>َّا نَ<tajweed class=qalaqah>دْ</tajweed>رِى مَا <tajweed class=ham_wasl>ٱ</tajweed><tajweed class=laam_shamsiyah>ل</tajweed>سَّاعَةُ إ<tajweed class=idgham_ghunnah>ِن ن</tajweed>َّظُ<tajweed class=ghunnah>نّ</tajweed>ُ إِلَّا ظَن<tajweed class=idgham_ghunnah>ًّا و</tajweed>َمَا نَحْنُ بِمُسْتَيْقِن<tajweed class=madda_permissible>ِي</tajweed>نَ <span class=end>٣٢</span>","End":"٣٢","PageNumber":501,"JuzNumber":25,"ManzilNumber":6,"RukuNumber":437,"MaqraNumber":200,"HizbNumber":50,"HizbDecimal":0.75,"HasSajda":false},{"SurahNumber":45,"SurahIndex":"045","VerseNumber":33,"ShowSurahName":false,"ShowBismillah":false,"Text":"وَبَدَا لَهُمۡ سَيِّـَٔاتُ مَا عَمِلُواْ وَحَاقَ بِهِم مَّا كَانُواْ بِهِۦ يَسۡتَهۡزِءُونَ","TajweedText":"وَبَدَا لَهُمْ سَيِّـَٔـاتُ مَا عَمِلُو<tajweed class=slnt>اْ</tajweed> وَحَاقَ بِه<tajweed class=idgham_shafawi>ِم م</tajweed>َّا كَانُو<tajweed class=slnt>اْ</tajweed> بِه<tajweed class=madda_normal>ِۦ</tajweed> يَسْتَهْزِء<tajweed class=madda_permissible>ُو</tajweed>نَ <span class=end>٣٣</span>","End":"٣٣","PageNumber":502,"JuzNumber":25,"ManzilNumber":6,"RukuNumber":437,"MaqraNumber":200,"HizbNumber":50,"HizbDecimal":0.75,"HasSajda":false},{"SurahNumber":45,"SurahIndex":"045","VerseNumber":34,"ShowSurahName":false,"ShowBismillah":false,"Text":"وَقِيلَ ٱلۡيَوۡمَ نَنسَىٰكُمۡ كَمَا نَسِيتُمۡ لِقَآءَ يَوۡمِكُمۡ هَٰذَا وَمَأۡوَىٰكُمُ ٱلنَّارُ وَمَا لَكُم مِّن نَّـٰصِرِينَ","TajweedText":"وَقِيلَ <tajweed class=ham_wasl>ٱ</tajweed>لْيَوْمَ نَ<tajweed class=ikhafa>نس</tajweed>َ<tajweed class=madda_normal>ـٰ</tajweed>كُمْ كَمَا نَسِيتُمْ لِق<tajweed class=madda_obligatory>َا</tajweed>ٓءَ يَوْمِكُمْ هَ<tajweed class=madda_normal>ـٰ</tajweed>ذَا وَمَأْوَ<tajweed class=madda_normal>ٮٰ</tajweed>كُمُ <tajweed class=ham_wasl>ٱ</tajweed><tajweed class=laam_shamsiyah>ل</tajweed><tajweed class=ghunnah>نّ</tajweed>َارُ وَمَا لَك<tajweed class=idgham_shafawi>ُم م</tajweed>ّ<tajweed class=idgham_ghunnah>ِن ن</tajweed>َّ<tajweed class=madda_normal>ـٰ</tajweed>صِر<tajweed class=madda_permissible>ِي</tajweed>نَ <span class=end>٣٤</span>","End":"٣٤","PageNumber":502,"JuzNumber":25,"ManzilNumber":6,"RukuNumber":437,"MaqraNumber":200,"HizbNumber":50,"HizbDecimal":0.75,"HasSajda":false},{"SurahNumber":45,"SurahIndex":"045","VerseNumber":35,"ShowSurahName":false,"ShowBismillah":false,"Text":"ذَٰلِكُم بِأَنَّكُمُ ٱتَّخَذۡتُمۡ ءَايَٰتِ ٱللَّهِ هُزُوٗا وَغَرَّتۡكُمُ ٱلۡحَيَوٰةُ ٱلدُّنۡيَاۚ فَٱلۡيَوۡمَ لَا يُخۡرَجُونَ مِنۡهَا وَلَا هُمۡ يُسۡتَعۡتَبُونَ","TajweedText":"ذ<tajweed class=madda_normal>َٲ</tajweed>لِك<tajweed class=ikhafa_shafawi>ُم ب</tajweed>ِأَ<tajweed class=ghunnah>نّ</tajweed>َكُمُ <tajweed class=ham_wasl>ٱ</tajweed>تَّخَذْتُمْ ءَايَ<tajweed class=madda_normal>ـٰ</tajweed>تِ <tajweed class=ham_wasl>ٱ</tajweed>للَّهِ هُزُ<tajweed class=idgham_ghunnah>وًا و</tajweed>َغَرَّتْكُمُ <tajweed class=ham_wasl>ٱ</tajweed>لْحَيَ<tajweed class=slnt>و</tajweed><tajweed class=madda_normal>ٲ</tajweed>ةُ <tajweed class=ham_wasl>ٱ</tajweed><tajweed class=laam_shamsiyah>ل</tajweed>دُّنْيَا‌ۚ فَ<tajweed class=ham_wasl>ٱ</tajweed>لْيَوْمَ لَا يُخْرَجُونَ مِنْهَا وَلَا هُمْ يُسْتَعْتَب<tajweed class=madda_permissible>ُو</tajweed>نَ <span class=end>٣٥</span>","End":"٣٥","PageNumber":502,"JuzNumber":25,"ManzilNumber":6,"RukuNumber":437,"MaqraNumber":200,"HizbNumber":50,"HizbDecimal":0.75,"HasSajda":false},{"SurahNumber":45,"SurahIndex":"045","VerseNumber":36,"ShowSurahName":false,"ShowBismillah":false,"Text":"فَلِلَّهِ ٱلۡحَمۡدُ رَبِّ ٱلسَّمَٰوَٰتِ وَرَبِّ ٱلۡأَرۡضِ رَبِّ ٱلۡعَٰلَمِينَ","TajweedText":"فَلِلَّهِ <tajweed class=ham_wasl>ٱ</tajweed>لْحَمْدُ رَبِّ <tajweed class=ham_wasl>ٱ</tajweed><tajweed class=laam_shamsiyah>ل</tajweed>سَّمَ<tajweed class=madda_normal>ـٰ</tajweed>و<tajweed class=madda_normal>َٲ</tajweed>تِ وَرَبِّ <tajweed class=ham_wasl>ٱ</tajweed>لْأَرْضِ رَبِّ <tajweed class=ham_wasl>ٱ</tajweed>لْعَ<tajweed class=madda_normal>ـٰ</tajweed>لَم<tajweed class=madda_permissible>ِي</tajweed>نَ <span class=end>٣٦</span>","End":"٣٦","PageNumber":502,"JuzNumber":25,"ManzilNumber":6,"RukuNumber":437,"MaqraNumber":200,"HizbNumber":50,"HizbDecimal":0.75,"HasSajda":false},{"SurahNumber":45,"SurahIndex":"045","VerseNumber":37,"ShowSurahName":false,"ShowBismillah":false,"Text":"وَلَهُ ٱلۡكِبۡرِيَآءُ فِي ٱلسَّمَٰوَٰتِ وَٱلۡأَرۡضِۖ وَهُوَ ٱلۡعَزِيزُ ٱلۡحَكِيمُ","TajweedText":"وَلَهُ <tajweed class=ham_wasl>ٱ</tajweed>لْكِ<tajweed class=qalaqah>بْ</tajweed>رِي<tajweed class=madda_obligatory>َا</tajweed>ٓءُ فِى <tajweed class=ham_wasl>ٱ</tajweed><tajweed class=laam_shamsiyah>ل</tajweed>سَّمَ<tajweed class=madda_normal>ـٰ</tajweed>و<tajweed class=madda_normal>َٲ</tajweed>تِ وَ<tajweed class=ham_wasl>ٱ</tajweed>لْأَرْضِ‌ۖ وَهُوَ <tajweed class=ham_wasl>ٱ</tajweed>لْعَزِيزُ <tajweed class=ham_wasl>ٱ</tajweed>لْحَك<tajweed class=madda_permissible>ِي</tajweed>مُ <span class=end>٣٧</span>","End":"٣٧","PageNumber":502,"JuzNumber":25,"ManzilNumber":6,"RukuNumber":437,"MaqraNumber":200,"HizbNumber":50,"HizbDecimal":0.75,"HasSajda":false}]}