{"RukuNumber":526,"Verses":[{"SurahNumber":84,"SurahIndex":"084","VerseNumber":1,"ShowSurahName":true,"ShowBismillah":true,"Text":"إِذَا ٱلسَّمَآءُ ٱنشَقَّتۡ","TajweedText":"إِذَا <tajweed class=ham_wasl>ٱ</tajweed><tajweed class=laam_shamsiyah>ل</tajweed>سَّم<tajweed class=madda_obligatory>َا</tajweed>ٓءُ <tajweed class=ham_wasl>ٱ</tajweed><tajweed class=ikhafa>نش</tajweed>َقَّتْ <span class=end>١</span>","End":"١","PageNumber":589,"JuzNumber":30,"ManzilNumber":7,"RukuNumber":526,"MaqraNumber":236,"HizbNumber":59,"HizbDecimal":0.75,"HasSajda":false},{"SurahNumber":84,"SurahIndex":"084","VerseNumber":2,"ShowSurahName":false,"ShowBismillah":false,"Text":"وَأَذِنَتۡ لِرَبِّهَا وَحُقَّتۡ","TajweedText":"وَأَذِنَتْ لِرَبِّهَا وَحُقَّتْ <span class=end>٢</span>","End":"٢","PageNumber":589,"JuzNumber":30,"ManzilNumber":7,"RukuNumber":526,"MaqraNumber":236,"HizbNumber":59,"HizbDecimal":0.75,"HasSajda":false},{"SurahNumber":84,"SurahIndex":"084","VerseNumber":3,"ShowSurahName":false,"ShowBismillah":false,"Text":"وَإِذَا ٱلۡأَرۡضُ مُدَّتۡ","TajweedText":"وَإِذَا <tajweed class=ham_wasl>ٱ</tajweed>لْأَرْضُ مُدَّتْ <span class=end>٣</span>","End":"٣","PageNumber":589,"JuzNumber":30,"ManzilNumber":7,"RukuNumber":526,"MaqraNumber":236,"HizbNumber":59,"HizbDecimal":0.75,"HasSajda":false},{"SurahNumber":84,"SurahIndex":"084","VerseNumber":4,"ShowSurahName":false,"ShowBismillah":false,"Text":"وَأَلۡقَتۡ مَا فِيهَا وَتَخَلَّتۡ","TajweedText":"وَأَلْقَتْ مَا فِيهَا وَتَخَلَّتْ <span class=end>٤</span>","End":"٤","PageNumber":589,"JuzNumber":30,"ManzilNumber":7,"RukuNumber":526,"MaqraNumber":236,"HizbNumber":59,"HizbDecimal":0.75,"HasSajda":false},{"SurahNumber":84,"SurahIndex":"084","VerseNumber":5,"ShowSurahName":false,"ShowBismillah":false,"Text":"وَأَذِنَتۡ لِرَبِّهَا وَحُقَّتۡ","TajweedText":"وَأَذِنَتْ لِرَبِّهَا وَحُقَّتْ <span class=end>٥</span>","End":"٥","PageNumber":589,"JuzNumber":30,"ManzilNumber":7,"RukuNumber":526,"MaqraNumber":236,"HizbNumber":59,"HizbDecimal":0.75,"HasSajda":false},{"SurahNumber":84,"SurahIndex":"084","VerseNumber":6,"ShowSurahName":false,"ShowBismillah":false,"Text":"يَـٰٓأَيُّهَا ٱلۡإِنسَٰنُ إِنَّكَ كَادِحٌ إِلَىٰ رَبِّكَ كَدۡحٗا فَمُلَٰقِيهِ","TajweedText":"يَ<tajweed class=madda_obligatory>ـٰٓ</tajweed>أَيُّهَا <tajweed class=ham_wasl>ٱ</tajweed>لْإِ<tajweed class=ikhafa>نس</tajweed>َ<tajweed class=madda_normal>ـٰ</tajweed>نُ إِ<tajweed class=ghunnah>نّ</tajweed>َكَ كَادِحٌ إِلَىٰ رَبِّكَ كَ<tajweed class=qalaqah>دْ</tajweed><tajweed class=ikhafa>حًا ف</tajweed>َمُلَ<tajweed class=madda_normal>ـٰ</tajweed>ق<tajweed class=madda_permissible>ِي</tajweed>هِ <span class=end>٦</span>","End":"٦","PageNumber":589,"JuzNumber":30,"ManzilNumber":7,"RukuNumber":526,"MaqraNumber":236,"HizbNumber":59,"HizbDecimal":0.75,"HasSajda":false},{"SurahNumber":84,"SurahIndex":"084","VerseNumber":7,"ShowSurahName":false,"ShowBismillah":false,"Text":"فَأَمَّا مَنۡ أُوتِيَ كِتَٰبَهُۥ بِيَمِينِهِۦ","TajweedText":"فَأَ<tajweed class=ghunnah>مّ</tajweed>َا مَنْ أُوتِىَ كِتَ<tajweed class=madda_normal>ـٰ</tajweed>بَهُ<tajweed class=madda_normal>ۥ</tajweed> بِيَمِينِهِۦ <span class=end>٧</span>","End":"٧","PageNumber":589,"JuzNumber":30,"ManzilNumber":7,"RukuNumber":526,"MaqraNumber":236,"HizbNumber":59,"HizbDecimal":0.75,"HasSajda":false},{"SurahNumber":84,"SurahIndex":"084","VerseNumber":8,"ShowSurahName":false,"ShowBismillah":false,"Text":"فَسَوۡفَ يُحَاسَبُ حِسَابٗا يَسِيرٗا","TajweedText":"فَسَوْفَ يُحَاسَبُ حِسَا<tajweed class=idgham_ghunnah>بًا ي</tajweed>َسِيرًا <span class=end>٨</span>","End":"٨","PageNumber":589,"JuzNumber":30,"ManzilNumber":7,"RukuNumber":526,"MaqraNumber":236,"HizbNumber":59,"HizbDecimal":0.75,"HasSajda":false},{"SurahNumber":84,"SurahIndex":"084","VerseNumber":9,"ShowSurahName":false,"ShowBismillah":false,"Text":"وَيَنقَلِبُ إِلَىٰٓ أَهۡلِهِۦ مَسۡرُورٗا","TajweedText":"وَيَ<tajweed class=ikhafa>نق</tajweed>َلِبُ إِلَ<tajweed class=madda_obligatory>ىٰٓ</tajweed> أَهْلِه<tajweed class=madda_normal>ِۦ</tajweed> مَسْرُورًا <span class=end>٩</span>","End":"٩","PageNumber":589,"JuzNumber":30,"ManzilNumber":7,"RukuNumber":526,"MaqraNumber":236,"HizbNumber":59,"HizbDecimal":0.75,"HasSajda":false},{"SurahNumber":84,"SurahIndex":"084","VerseNumber":10,"ShowSurahName":false,"ShowBismillah":false,"Text":"وَأَمَّا مَنۡ أُوتِيَ كِتَٰبَهُۥ وَرَآءَ ظَهۡرِهِۦ","TajweedText":"وَأَ<tajweed class=ghunnah>مّ</tajweed>َا مَنْ أُوتِىَ كِتَ<tajweed class=madda_normal>ـٰ</tajweed>بَهُ<tajweed class=madda_normal>ۥ</tajweed> وَر<tajweed class=madda_obligatory>َا</tajweed>ٓءَ ظَهْرِهِۦ <span class=end>١٠</span>","End":"١٠","PageNumber":589,"JuzNumber":30,"ManzilNumber":7,"RukuNumber":526,"MaqraNumber":236,"HizbNumber":59,"HizbDecimal":0.75,"HasSajda":false},{"SurahNumber":84,"SurahIndex":"084","VerseNumber":11,"ShowSurahName":false,"ShowBismillah":false,"Text":"فَسَوۡفَ يَدۡعُواْ ثُبُورٗا","TajweedText":"فَسَوْفَ يَ<tajweed class=qalaqah>دْ</tajweed>عُو<tajweed class=slnt>اْ</tajweed> ثُبُورًا <span class=end>١١</span>","End":"١١","PageNumber":589,"JuzNumber":30,"ManzilNumber":7,"RukuNumber":526,"MaqraNumber":236,"HizbNumber":59,"HizbDecimal":0.75,"HasSajda":false},{"SurahNumber":84,"SurahIndex":"084","VerseNumber":12,"ShowSurahName":false,"ShowBismillah":false,"Text":"وَيَصۡلَىٰ سَعِيرًا","TajweedText":"وَيَصْلَىٰ سَعِيرًا <span class=end>١٢</span>","End":"١٢","PageNumber":589,"JuzNumber":30,"ManzilNumber":7,"RukuNumber":526,"MaqraNumber":236,"HizbNumber":59,"HizbDecimal":0.75,"HasSajda":false},{"SurahNumber":84,"SurahIndex":"084","VerseNumber":13,"ShowSurahName":false,"ShowBismillah":false,"Text":"إِنَّهُۥ كَانَ فِيٓ أَهۡلِهِۦ مَسۡرُورًا","TajweedText":"إِ<tajweed class=ghunnah>نّ</tajweed>َهُ<tajweed class=madda_normal>ۥ</tajweed> كَانَ ف<tajweed class=madda_obligatory>ِىٓ</tajweed> أَهْلِه<tajweed class=madda_normal>ِۦ</tajweed> مَسْرُورًا <span class=end>١٣</span>","End":"١٣","PageNumber":589,"JuzNumber":30,"ManzilNumber":7,"RukuNumber":526,"MaqraNumber":236,"HizbNumber":59,"HizbDecimal":0.75,"HasSajda":false},{"SurahNumber":84,"SurahIndex":"084","VerseNumber":14,"ShowSurahName":false,"ShowBismillah":false,"Text":"إِنَّهُۥ ظَنَّ أَن لَّن يَحُورَ","TajweedText":"إِ<tajweed class=ghunnah>نّ</tajweed>َهُ<tajweed class=madda_normal>ۥ</tajweed> ظَ<tajweed class=ghunnah>نّ</tajweed>َ أ<tajweed class=idgham_wo_ghunnah>َن ل</tajweed>ّ<tajweed class=idgham_ghunnah>َن ي</tajweed>َح<tajweed class=madda_permissible>ُو</tajweed>رَ <span class=end>١٤</span>","End":"١٤","PageNumber":589,"JuzNumber":30,"ManzilNumber":7,"RukuNumber":526,"MaqraNumber":236,"HizbNumber":59,"HizbDecimal":0.75,"HasSajda":false},{"SurahNumber":84,"SurahIndex":"084","VerseNumber":15,"ShowSurahName":false,"ShowBismillah":false,"Text":"بَلَىٰٓۚ إِنَّ رَبَّهُۥ كَانَ بِهِۦ بَصِيرٗا","TajweedText":"بَلَ<tajweed class=madda_obligatory>ىٰٓ</tajweed> إِ<tajweed class=ghunnah>نّ</tajweed>َ رَبَّهُ<tajweed class=madda_normal>ۥ</tajweed> كَانَ بِه<tajweed class=madda_normal>ِۦ</tajweed> بَصِيرًا <span class=end>١٥</span>","End":"١٥","PageNumber":589,"JuzNumber":30,"ManzilNumber":7,"RukuNumber":526,"MaqraNumber":236,"HizbNumber":59,"HizbDecimal":0.75,"HasSajda":false},{"SurahNumber":84,"SurahIndex":"084","VerseNumber":16,"ShowSurahName":false,"ShowBismillah":false,"Text":"فَلَآ أُقۡسِمُ بِٱلشَّفَقِ","TajweedText":"فَل<tajweed class=madda_obligatory>َآ</tajweed> أُ<tajweed class=qalaqah>قْ</tajweed>سِمُ بِ<tajweed class=ham_wasl>ٱ</tajweed><tajweed class=laam_shamsiyah>ل</tajweed>شَّفَ<tajweed class=qalaqah>ق</tajweed>ِ <span class=end>١٦</span>","End":"١٦","PageNumber":589,"JuzNumber":30,"ManzilNumber":7,"RukuNumber":526,"MaqraNumber":236,"HizbNumber":59,"HizbDecimal":0.75,"HasSajda":false},{"SurahNumber":84,"SurahIndex":"084","VerseNumber":17,"ShowSurahName":false,"ShowBismillah":false,"Text":"وَٱلَّيۡلِ وَمَا وَسَقَ","TajweedText":"وَ<tajweed class=ham_wasl>ٱ</tajweed>لَّيْلِ وَمَا وَسَ<tajweed class=qalaqah>ق</tajweed>َ <span class=end>١٧</span>","End":"١٧","PageNumber":589,"JuzNumber":30,"ManzilNumber":7,"RukuNumber":526,"MaqraNumber":236,"HizbNumber":59,"HizbDecimal":0.75,"HasSajda":false},{"SurahNumber":84,"SurahIndex":"084","VerseNumber":18,"ShowSurahName":false,"ShowBismillah":false,"Text":"وَٱلۡقَمَرِ إِذَا ٱتَّسَقَ","TajweedText":"وَ<tajweed class=ham_wasl>ٱ</tajweed>لْقَمَرِ إِذَا <tajweed class=ham_wasl>ٱ</tajweed>تَّسَ<tajweed class=qalaqah>ق</tajweed>َ <span class=end>١٨</span>","End":"١٨","PageNumber":589,"JuzNumber":30,"ManzilNumber":7,"RukuNumber":526,"MaqraNumber":236,"HizbNumber":59,"HizbDecimal":0.75,"HasSajda":false},{"SurahNumber":84,"SurahIndex":"084","VerseNumber":19,"ShowSurahName":false,"ShowBismillah":false,"Text":"لَتَرۡكَبُنَّ طَبَقًا عَن طَبَقٖ","TajweedText":"لَتَرْكَبُ<tajweed class=ghunnah>نّ</tajweed>َ طَبَقًا عَ<tajweed class=ikhafa>ن ط</tajweed>َبَ<tajweed class=qalaqah>ق</tajweed>ٍ <span class=end>١٩</span>","End":"١٩","PageNumber":589,"JuzNumber":30,"ManzilNumber":7,"RukuNumber":526,"MaqraNumber":236,"HizbNumber":59,"HizbDecimal":0.75,"HasSajda":false},{"SurahNumber":84,"SurahIndex":"084","VerseNumber":20,"ShowSurahName":false,"ShowBismillah":false,"Text":"فَمَا لَهُمۡ لَا يُؤۡمِنُونَ","TajweedText":"فَمَا لَهُمْ لَا يُؤْمِن<tajweed class=madda_permissible>ُو</tajweed>نَ <span class=end>٢٠</span>","End":"٢٠","PageNumber":589,"JuzNumber":30,"ManzilNumber":7,"RukuNumber":526,"MaqraNumber":236,"HizbNumber":59,"HizbDecimal":0.75,"HasSajda":false},{"SurahNumber":84,"SurahIndex":"084","VerseNumber":21,"ShowSurahName":false,"ShowBismillah":false,"Text":"وَإِذَا قُرِئَ عَلَيۡهِمُ ٱلۡقُرۡءَانُ لَا يَسۡجُدُونَۤ۩","TajweedText":"وَإِذَا قُرِئَ عَلَيْهِمُ <tajweed class=ham_wasl>ٱ</tajweed>لْقُرْءَانُ لَا يَسْجُدُ<tajweed class=madda_permissible>و</tajweed>نَ ۩ <span class=end>٢١</span>","End":"٢١","PageNumber":589,"JuzNumber":30,"ManzilNumber":7,"RukuNumber":526,"MaqraNumber":236,"HizbNumber":59,"HizbDecimal":0.75,"HasSajda":true},{"SurahNumber":84,"SurahIndex":"084","VerseNumber":22,"ShowSurahName":false,"ShowBismillah":false,"Text":"بَلِ ٱلَّذِينَ كَفَرُواْ يُكَذِّبُونَ","TajweedText":"بَلِ <tajweed class=ham_wasl>ٱ</tajweed>لَّذِينَ كَفَرُو<tajweed class=slnt>اْ</tajweed> يُكَذِّب<tajweed class=madda_permissible>ُو</tajweed>نَ <span class=end>٢٢</span>","End":"٢٢","PageNumber":589,"JuzNumber":30,"ManzilNumber":7,"RukuNumber":526,"MaqraNumber":236,"HizbNumber":59,"HizbDecimal":0.75,"HasSajda":false},{"SurahNumber":84,"SurahIndex":"084","VerseNumber":23,"ShowSurahName":false,"ShowBismillah":false,"Text":"وَٱللَّهُ أَعۡلَمُ بِمَا يُوعُونَ","TajweedText":"وَ<tajweed class=ham_wasl>ٱ</tajweed>للَّهُ أَعْلَمُ بِمَا يُوع<tajweed class=madda_permissible>ُو</tajweed>نَ <span class=end>٢٣</span>","End":"٢٣","PageNumber":589,"JuzNumber":30,"ManzilNumber":7,"RukuNumber":526,"MaqraNumber":236,"HizbNumber":59,"HizbDecimal":0.75,"HasSajda":false},{"SurahNumber":84,"SurahIndex":"084","VerseNumber":24,"ShowSurahName":false,"ShowBismillah":false,"Text":"فَبَشِّرۡهُم بِعَذَابٍ أَلِيمٍ","TajweedText":"فَبَشِّرْه<tajweed class=ikhafa_shafawi>ُم ب</tajweed>ِعَذَابٍ أَل<tajweed class=madda_permissible>ِي</tajweed>مٍ <span class=end>٢٤</span>","End":"٢٤","PageNumber":589,"JuzNumber":30,"ManzilNumber":7,"RukuNumber":526,"MaqraNumber":236,"HizbNumber":59,"HizbDecimal":0.75,"HasSajda":false},{"SurahNumber":84,"SurahIndex":"084","VerseNumber":25,"ShowSurahName":false,"ShowBismillah":false,"Text":"إِلَّا ٱلَّذِينَ ءَامَنُواْ وَعَمِلُواْ ٱلصَّـٰلِحَٰتِ لَهُمۡ أَجۡرٌ غَيۡرُ مَمۡنُونِۭ","TajweedText":"إِلَّا <tajweed class=ham_wasl>ٱ</tajweed>لَّذِينَ ءَامَنُو<tajweed class=slnt>اْ</tajweed> وَعَمِلُو<tajweed class=slnt>اْ</tajweed> <tajweed class=ham_wasl>ٱ</tajweed><tajweed class=laam_shamsiyah>ل</tajweed>صَّ<tajweed class=madda_normal>ـٰ</tajweed>لِحَ<tajweed class=madda_normal>ـٰ</tajweed>تِ لَهُمْ أَ<tajweed class=qalaqah>جْ</tajweed>رٌ غَيْرُ مَمْن<tajweed class=madda_permissible>ُو</tajweed>نِۭ <span class=end>٢٥</span>","End":"٢٥","PageNumber":589,"JuzNumber":30,"ManzilNumber":7,"RukuNumber":526,"MaqraNumber":236,"HizbNumber":59,"HizbDecimal":0.75,"HasSajda":false}]}