{"RukuNumber":50,"Verses":[{"SurahNumber":3,"SurahIndex":"003","VerseNumber":81,"ShowSurahName":false,"ShowBismillah":false,"Text":"وَإِذۡ أَخَذَ ٱللَّهُ مِيثَٰقَ ٱلنَّبِيِّـۧنَ لَمَآ ءَاتَيۡتُكُم مِّن كِتَٰبٖ وَحِكۡمَةٖ ثُمَّ جَآءَكُمۡ رَسُولٞ مُّصَدِّقٞ لِّمَا مَعَكُمۡ لَتُؤۡمِنُنَّ بِهِۦ وَلَتَنصُرُنَّهُۥۚ قَالَ ءَأَقۡرَرۡتُمۡ وَأَخَذۡتُمۡ عَلَىٰ ذَٰلِكُمۡ إِصۡرِيۖ قَالُوٓاْ أَقۡرَرۡنَاۚ قَالَ فَٱشۡهَدُواْ وَأَنَا۠ مَعَكُم مِّنَ ٱلشَّـٰهِدِينَ","TajweedText":"وَإِذْ أَخَذَ <tajweed class=ham_wasl>ٱ</tajweed>للَّهُ مِيثَ<tajweed class=madda_normal>ـٰ</tajweed>قَ <tajweed class=ham_wasl>ٱ</tajweed><tajweed class=laam_shamsiyah>ل</tajweed><tajweed class=ghunnah>نّ</tajweed>َبِيِّـ<tajweed class=madda_normal>ـۧ</tajweed>نَ لَم<tajweed class=madda_obligatory>َآ</tajweed> ءَاتَيْتُك<tajweed class=idgham_shafawi>ُم م</tajweed>ِّ<tajweed class=ikhafa>ن ك</tajweed>ِتَ<tajweed class=madda_normal>ـٰ</tajweed><tajweed class=idgham_ghunnah>بٍ و</tajweed>َحِكْمَ<tajweed class=ikhafa>ةٍ ث</tajweed>ُ<tajweed class=ghunnah>مّ</tajweed>َ ج<tajweed class=madda_obligatory>َا</tajweed>ٓءَكُمْ رَسُو<tajweed class=idgham_ghunnah>لٌ م</tajweed>ُّصَدِّ<tajweed class=idgham_wo_ghunnah>قٌ ل</tajweed>ِّمَا مَعَكُمْ لَتُؤْمِنُ<tajweed class=ghunnah>نّ</tajweed>َ بِه<tajweed class=madda_normal>ِۦ</tajweed> وَلَتَ<tajweed class=ikhafa>نص</tajweed>ُرُ<tajweed class=ghunnah>نّ</tajweed>َهُ<tajweed class=madda_normal>ۥ</tajweed>‌ۚ قَالَ ءَأَ<tajweed class=qalaqah>قْ</tajweed>رَرْتُمْ وَأَخَذْتُمْ عَلَىٰ ذ<tajweed class=madda_normal>َٲ</tajweed>لِكُمْ إِصْرِى‌ۖ قَال<tajweed class=madda_obligatory>ُوٓ</tajweed><tajweed class=slnt>اْ</tajweed> أَ<tajweed class=qalaqah>قْ</tajweed>رَرْنَا‌ۚ قَالَ فَ<tajweed class=ham_wasl>ٱ</tajweed>شْهَدُو<tajweed class=slnt>اْ</tajweed> وَأَنَا۟ مَعَك<tajweed class=idgham_shafawi>ُم م</tajweed>ِّنَ <tajweed class=ham_wasl>ٱ</tajweed><tajweed class=laam_shamsiyah>ل</tajweed>شَّ<tajweed class=madda_normal>ـٰ</tajweed>هِد<tajweed class=madda_permissible>ِي</tajweed>نَ <span class=end>٨١</span>","End":"٨١","PageNumber":60,"JuzNumber":3,"ManzilNumber":1,"RukuNumber":50,"MaqraNumber":24,"HizbNumber":6,"HizbDecimal":0.75,"HasSajda":false},{"SurahNumber":3,"SurahIndex":"003","VerseNumber":82,"ShowSurahName":false,"ShowBismillah":false,"Text":"فَمَن تَوَلَّىٰ بَعۡدَ ذَٰلِكَ فَأُوْلَـٰٓئِكَ هُمُ ٱلۡفَٰسِقُونَ","TajweedText":"فَمَ<tajweed class=ikhafa>ن ت</tajweed>َوَلَّىٰ بَعْدَ ذ<tajweed class=madda_normal>َٲ</tajweed>لِكَ فَأُ<tajweed class=slnt>وْ</tajweed>لَ<tajweed class=madda_obligatory>ـٰٓ</tajweed>ئِكَ هُمُ <tajweed class=ham_wasl>ٱ</tajweed>لْفَ<tajweed class=madda_normal>ـٰ</tajweed>سِق<tajweed class=madda_permissible>ُو</tajweed>نَ <span class=end>٨٢</span>","End":"٨٢","PageNumber":60,"JuzNumber":3,"ManzilNumber":1,"RukuNumber":50,"MaqraNumber":24,"HizbNumber":6,"HizbDecimal":0.75,"HasSajda":false},{"SurahNumber":3,"SurahIndex":"003","VerseNumber":83,"ShowSurahName":false,"ShowBismillah":false,"Text":"أَفَغَيۡرَ دِينِ ٱللَّهِ يَبۡغُونَ وَلَهُۥٓ أَسۡلَمَ مَن فِي ٱلسَّمَٰوَٰتِ وَٱلۡأَرۡضِ طَوۡعٗا وَكَرۡهٗا وَإِلَيۡهِ يُرۡجَعُونَ","TajweedText":"أَفَغَيْرَ دِينِ <tajweed class=ham_wasl>ٱ</tajweed>للَّهِ يَ<tajweed class=qalaqah>بْ</tajweed>غُونَ وَلَهُ<tajweed class=madda_obligatory>ۥٓ</tajweed> أَسْلَمَ مَ<tajweed class=ikhafa>ن ف</tajweed>ِى <tajweed class=ham_wasl>ٱ</tajweed><tajweed class=laam_shamsiyah>ل</tajweed>سَّمَ<tajweed class=madda_normal>ـٰ</tajweed>و<tajweed class=madda_normal>َٲ</tajweed>تِ وَ<tajweed class=ham_wasl>ٱ</tajweed>لْأَرْضِ طَوْ<tajweed class=idgham_ghunnah>عًا و</tajweed>َكَرْ<tajweed class=idgham_ghunnah>هًا و</tajweed>َإِلَيْهِ يُرْجَع<tajweed class=madda_permissible>ُو</tajweed>نَ <span class=end>٨٣</span>","End":"٨٣","PageNumber":60,"JuzNumber":3,"ManzilNumber":1,"RukuNumber":50,"MaqraNumber":24,"HizbNumber":6,"HizbDecimal":0.75,"HasSajda":false},{"SurahNumber":3,"SurahIndex":"003","VerseNumber":84,"ShowSurahName":false,"ShowBismillah":false,"Text":"قُلۡ ءَامَنَّا بِٱللَّهِ وَمَآ أُنزِلَ عَلَيۡنَا وَمَآ أُنزِلَ عَلَىٰٓ إِبۡرَٰهِيمَ وَإِسۡمَٰعِيلَ وَإِسۡحَٰقَ وَيَعۡقُوبَ وَٱلۡأَسۡبَاطِ وَمَآ أُوتِيَ مُوسَىٰ وَعِيسَىٰ وَٱلنَّبِيُّونَ مِن رَّبِّهِمۡ لَا نُفَرِّقُ بَيۡنَ أَحَدٖ مِّنۡهُمۡ وَنَحۡنُ لَهُۥ مُسۡلِمُونَ","TajweedText":"قُلْ ءَامَ<tajweed class=ghunnah>نّ</tajweed>َا بِ<tajweed class=ham_wasl>ٱ</tajweed>للَّهِ وَم<tajweed class=madda_obligatory>َآ</tajweed> أُ<tajweed class=ikhafa>نز</tajweed>ِلَ عَلَيْنَا وَم<tajweed class=madda_obligatory>َآ</tajweed> أُ<tajweed class=ikhafa>نز</tajweed>ِلَ عَلَ<tajweed class=madda_obligatory>ىٰٓ</tajweed> إِ<tajweed class=qalaqah>بْ</tajweed>ر<tajweed class=madda_normal>َٲ</tajweed>هِيمَ وَإِسْمَ<tajweed class=madda_normal>ـٰ</tajweed>عِيلَ وَإِسْحَ<tajweed class=madda_normal>ـٰ</tajweed>قَ وَيَعْقُوبَ وَ<tajweed class=ham_wasl>ٱ</tajweed>لْأَسْبَاطِ وَم<tajweed class=madda_obligatory>َآ</tajweed> أُوتِىَ مُوسَىٰ وَعِيسَىٰ وَ<tajweed class=ham_wasl>ٱ</tajweed><tajweed class=laam_shamsiyah>ل</tajweed><tajweed class=ghunnah>نّ</tajweed>َبِيُّونَ م<tajweed class=idgham_wo_ghunnah>ِن ر</tajweed>َّبِّهِمْ لَا نُفَرِّقُ بَيْنَ أَحَ<tajweed class=idgham_ghunnah>دٍ م</tajweed>ِّنْهُمْ وَنَحْنُ لَهُ<tajweed class=madda_normal>ۥ</tajweed> مُسْلِم<tajweed class=madda_permissible>ُو</tajweed>نَ <span class=end>٨٤</span>","End":"٨٤","PageNumber":61,"JuzNumber":3,"ManzilNumber":1,"RukuNumber":50,"MaqraNumber":24,"HizbNumber":6,"HizbDecimal":0.75,"HasSajda":false},{"SurahNumber":3,"SurahIndex":"003","VerseNumber":85,"ShowSurahName":false,"ShowBismillah":false,"Text":"وَمَن يَبۡتَغِ غَيۡرَ ٱلۡإِسۡلَٰمِ دِينٗا فَلَن يُقۡبَلَ مِنۡهُ وَهُوَ فِي ٱلۡأٓخِرَةِ مِنَ ٱلۡخَٰسِرِينَ","TajweedText":"وَم<tajweed class=idgham_ghunnah>َن ي</tajweed>َ<tajweed class=qalaqah>بْ</tajweed>تَغِ غَيْرَ <tajweed class=ham_wasl>ٱ</tajweed>لْإِسْلَ<tajweed class=madda_normal>ـٰ</tajweed>مِ دِي<tajweed class=ikhafa>نًا ف</tajweed>َل<tajweed class=idgham_ghunnah>َن ي</tajweed>ُ<tajweed class=qalaqah>قْ</tajweed>بَلَ مِنْهُ وَهُوَ فِى <tajweed class=ham_wasl>ٱ</tajweed>لْأَخِرَةِ مِنَ <tajweed class=ham_wasl>ٱ</tajweed>لْخَ<tajweed class=madda_normal>ـٰ</tajweed>سِر<tajweed class=madda_permissible>ِي</tajweed>نَ <span class=end>٨٥</span>","End":"٨٥","PageNumber":61,"JuzNumber":3,"ManzilNumber":1,"RukuNumber":50,"MaqraNumber":24,"HizbNumber":6,"HizbDecimal":0.75,"HasSajda":false},{"SurahNumber":3,"SurahIndex":"003","VerseNumber":86,"ShowSurahName":false,"ShowBismillah":false,"Text":"كَيۡفَ يَهۡدِي ٱللَّهُ قَوۡمٗا كَفَرُواْ بَعۡدَ إِيمَٰنِهِمۡ وَشَهِدُوٓاْ أَنَّ ٱلرَّسُولَ حَقّٞ وَجَآءَهُمُ ٱلۡبَيِّنَٰتُۚ وَٱللَّهُ لَا يَهۡدِي ٱلۡقَوۡمَ ٱلظَّـٰلِمِينَ","TajweedText":"كَيْفَ يَهْدِى <tajweed class=ham_wasl>ٱ</tajweed>للَّهُ قَوْ<tajweed class=ikhafa>مًا ك</tajweed>َفَرُو<tajweed class=slnt>اْ</tajweed> بَعْدَ إِيمَ<tajweed class=madda_normal>ـٰ</tajweed>نِهِمْ وَشَهِد<tajweed class=madda_obligatory>ُوٓ</tajweed><tajweed class=slnt>اْ</tajweed> أَ<tajweed class=ghunnah>نّ</tajweed>َ <tajweed class=ham_wasl>ٱ</tajweed><tajweed class=laam_shamsiyah>ل</tajweed>رَّسُولَ حَ<tajweed class=idgham_ghunnah>قٌّ و</tajweed>َج<tajweed class=madda_obligatory>َا</tajweed>ٓءَهُمُ <tajweed class=ham_wasl>ٱ</tajweed>لْبَيِّنَ<tajweed class=madda_normal>ـٰ</tajweed>تُ‌ۚ وَ<tajweed class=ham_wasl>ٱ</tajweed>للَّهُ لَا يَهْدِى <tajweed class=ham_wasl>ٱ</tajweed>لْقَوْمَ <tajweed class=ham_wasl>ٱ</tajweed><tajweed class=laam_shamsiyah>ل</tajweed>ظَّ<tajweed class=madda_normal>ـٰ</tajweed>لِم<tajweed class=madda_permissible>ِي</tajweed>نَ <span class=end>٨٦</span>","End":"٨٦","PageNumber":61,"JuzNumber":3,"ManzilNumber":1,"RukuNumber":50,"MaqraNumber":24,"HizbNumber":6,"HizbDecimal":0.75,"HasSajda":false},{"SurahNumber":3,"SurahIndex":"003","VerseNumber":87,"ShowSurahName":false,"ShowBismillah":false,"Text":"أُوْلَـٰٓئِكَ جَزَآؤُهُمۡ أَنَّ عَلَيۡهِمۡ لَعۡنَةَ ٱللَّهِ وَٱلۡمَلَـٰٓئِكَةِ وَٱلنَّاسِ أَجۡمَعِينَ","TajweedText":"أُ<tajweed class=slnt>وْ</tajweed>لَ<tajweed class=madda_obligatory>ـٰٓ</tajweed>ئِكَ جَز<tajweed class=madda_obligatory>َا</tajweed>ٓؤُهُمْ أَ<tajweed class=ghunnah>نّ</tajweed>َ عَلَيْهِمْ لَعْنَةَ <tajweed class=ham_wasl>ٱ</tajweed>للَّهِ وَ<tajweed class=ham_wasl>ٱ</tajweed>لْمَلَ<tajweed class=madda_obligatory>ـٰٓ</tajweed>ئِكَةِ وَ<tajweed class=ham_wasl>ٱ</tajweed><tajweed class=laam_shamsiyah>ل</tajweed><tajweed class=ghunnah>نّ</tajweed>َاسِ أَ<tajweed class=qalaqah>جْ</tajweed>مَع<tajweed class=madda_permissible>ِي</tajweed>نَ <span class=end>٨٧</span>","End":"٨٧","PageNumber":61,"JuzNumber":3,"ManzilNumber":1,"RukuNumber":50,"MaqraNumber":24,"HizbNumber":6,"HizbDecimal":0.75,"HasSajda":false},{"SurahNumber":3,"SurahIndex":"003","VerseNumber":88,"ShowSurahName":false,"ShowBismillah":false,"Text":"خَٰلِدِينَ فِيهَا لَا يُخَفَّفُ عَنۡهُمُ ٱلۡعَذَابُ وَلَا هُمۡ يُنظَرُونَ","TajweedText":"خَ<tajweed class=madda_normal>ـٰ</tajweed>لِدِينَ فِيهَا لَا يُخَفَّفُ عَنْهُمُ <tajweed class=ham_wasl>ٱ</tajweed>لْعَذَابُ وَلَا هُمْ يُ<tajweed class=ikhafa>نظ</tajweed>َر<tajweed class=madda_permissible>ُو</tajweed>نَ <span class=end>٨٨</span>","End":"٨٨","PageNumber":61,"JuzNumber":3,"ManzilNumber":1,"RukuNumber":50,"MaqraNumber":24,"HizbNumber":6,"HizbDecimal":0.75,"HasSajda":false},{"SurahNumber":3,"SurahIndex":"003","VerseNumber":89,"ShowSurahName":false,"ShowBismillah":false,"Text":"إِلَّا ٱلَّذِينَ تَابُواْ مِنۢ بَعۡدِ ذَٰلِكَ وَأَصۡلَحُواْ فَإِنَّ ٱللَّهَ غَفُورٞ رَّحِيمٌ","TajweedText":"إِلَّا <tajweed class=ham_wasl>ٱ</tajweed>لَّذِينَ تَابُو<tajweed class=slnt>اْ</tajweed> م<tajweed class=iqlab>ِنۢ ب</tajweed>َعْدِ ذ<tajweed class=madda_normal>َٲ</tajweed>لِكَ وَأَصْلَحُو<tajweed class=slnt>اْ</tajweed> فَإِ<tajweed class=ghunnah>نّ</tajweed>َ <tajweed class=ham_wasl>ٱ</tajweed>للَّهَ غَفُو<tajweed class=idgham_wo_ghunnah>رٌ ر</tajweed>َّح<tajweed class=madda_permissible>ِي</tajweed>مٌ <span class=end>٨٩</span>","End":"٨٩","PageNumber":61,"JuzNumber":3,"ManzilNumber":1,"RukuNumber":50,"MaqraNumber":24,"HizbNumber":6,"HizbDecimal":0.75,"HasSajda":false},{"SurahNumber":3,"SurahIndex":"003","VerseNumber":90,"ShowSurahName":false,"ShowBismillah":false,"Text":"إِنَّ ٱلَّذِينَ كَفَرُواْ بَعۡدَ إِيمَٰنِهِمۡ ثُمَّ ٱزۡدَادُواْ كُفۡرٗا لَّن تُقۡبَلَ تَوۡبَتُهُمۡ وَأُوْلَـٰٓئِكَ هُمُ ٱلضَّآلُّونَ","TajweedText":"إِ<tajweed class=ghunnah>نّ</tajweed>َ <tajweed class=ham_wasl>ٱ</tajweed>لَّذِينَ كَفَرُو<tajweed class=slnt>اْ</tajweed> بَعْدَ إِيمَ<tajweed class=madda_normal>ـٰ</tajweed>نِهِمْ ثُ<tajweed class=ghunnah>مّ</tajweed>َ <tajweed class=ham_wasl>ٱ</tajweed>زْدَادُو<tajweed class=slnt>اْ</tajweed> كُفْ<tajweed class=idgham_wo_ghunnah>رًا ل</tajweed>َّ<tajweed class=ikhafa>ن ت</tajweed>ُ<tajweed class=qalaqah>قْ</tajweed>بَلَ تَوْبَتُهُمْ وَأُ<tajweed class=slnt>وْ</tajweed>لَ<tajweed class=madda_obligatory>ـٰٓ</tajweed>ئِكَ هُمُ <tajweed class=ham_wasl>ٱ</tajweed><tajweed class=laam_shamsiyah>ل</tajweed>ضّ<tajweed class=madda_necessary>َا</tajweed>ٓلّ<tajweed class=madda_permissible>ُو</tajweed>نَ <span class=end>٩٠</span>","End":"٩٠","PageNumber":61,"JuzNumber":3,"ManzilNumber":1,"RukuNumber":50,"MaqraNumber":24,"HizbNumber":6,"HizbDecimal":0.75,"HasSajda":false},{"SurahNumber":3,"SurahIndex":"003","VerseNumber":91,"ShowSurahName":false,"ShowBismillah":false,"Text":"إِنَّ ٱلَّذِينَ كَفَرُواْ وَمَاتُواْ وَهُمۡ كُفَّارٞ فَلَن يُقۡبَلَ مِنۡ أَحَدِهِم مِّلۡءُ ٱلۡأَرۡضِ ذَهَبٗا وَلَوِ ٱفۡتَدَىٰ بِهِۦٓۗ أُوْلَـٰٓئِكَ لَهُمۡ عَذَابٌ أَلِيمٞ وَمَا لَهُم مِّن نَّـٰصِرِينَ","TajweedText":"إِ<tajweed class=ghunnah>نّ</tajweed>َ <tajweed class=ham_wasl>ٱ</tajweed>لَّذِينَ كَفَرُو<tajweed class=slnt>اْ</tajweed> وَمَاتُو<tajweed class=slnt>اْ</tajweed> وَهُمْ كُفَّا<tajweed class=ikhafa>رٌ ف</tajweed>َل<tajweed class=idgham_ghunnah>َن ي</tajweed>ُ<tajweed class=qalaqah>قْ</tajweed>بَلَ مِنْ أَحَدِه<tajweed class=idgham_shafawi>ِم م</tajweed>ِّلْءُ <tajweed class=ham_wasl>ٱ</tajweed>لْأَرْضِ ذَهَ<tajweed class=idgham_ghunnah>بًا و</tajweed>َلَوِ <tajweed class=ham_wasl>ٱ</tajweed>فْتَدَىٰ بِه<tajweed class=madda_obligatory>ِۦٓ‌ۗ</tajweed> أُ<tajweed class=slnt>وْ</tajweed>لَ<tajweed class=madda_obligatory>ـٰٓ</tajweed>ئِكَ لَهُمْ عَذَابٌ أَلِي<tajweed class=idgham_ghunnah>مٌ و</tajweed>َمَا لَه<tajweed class=idgham_shafawi>ُم م</tajweed>ّ<tajweed class=idgham_ghunnah>ِن ن</tajweed>َّ<tajweed class=madda_normal>ـٰ</tajweed>صِر<tajweed class=madda_permissible>ِي</tajweed>نَ <span class=end>٩١</span>","End":"٩١","PageNumber":61,"JuzNumber":3,"ManzilNumber":1,"RukuNumber":50,"MaqraNumber":24,"HizbNumber":6,"HizbDecimal":0.75,"HasSajda":false}]}