{"RukuNumber":137,"Verses":[{"SurahNumber":7,"SurahIndex":"007","VerseNumber":130,"ShowSurahName":false,"ShowBismillah":false,"Text":"وَلَقَدۡ أَخَذۡنَآ ءَالَ فِرۡعَوۡنَ بِٱلسِّنِينَ وَنَقۡصٖ مِّنَ ٱلثَّمَرَٰتِ لَعَلَّهُمۡ يَذَّكَّرُونَ","TajweedText":"وَلَقَ<tajweed class=qalaqah>دْ</tajweed> أَخَذْن<tajweed class=madda_obligatory>َآ</tajweed> ءَالَ فِرْعَوْنَ بِ<tajweed class=ham_wasl>ٱ</tajweed><tajweed class=laam_shamsiyah>ل</tajweed>سِّنِينَ وَنَ<tajweed class=qalaqah>قْ</tajweed><tajweed class=idgham_ghunnah>صٍ م</tajweed>ِّنَ <tajweed class=ham_wasl>ٱ</tajweed><tajweed class=laam_shamsiyah>ل</tajweed>ثَّمَر<tajweed class=madda_normal>َٲ</tajweed>تِ لَعَلَّهُمْ يَذَّكَّر<tajweed class=madda_permissible>ُو</tajweed>نَ <span class=end>١٣٠</span>","End":"١٣٠","PageNumber":165,"JuzNumber":9,"ManzilNumber":2,"RukuNumber":137,"MaqraNumber":66,"HizbNumber":17,"HizbDecimal":0.25,"HasSajda":false},{"SurahNumber":7,"SurahIndex":"007","VerseNumber":131,"ShowSurahName":false,"ShowBismillah":false,"Text":"فَإِذَا جَآءَتۡهُمُ ٱلۡحَسَنَةُ قَالُواْ لَنَا هَٰذِهِۦۖ وَإِن تُصِبۡهُمۡ سَيِّئَةٞ يَطَّيَّرُواْ بِمُوسَىٰ وَمَن مَّعَهُۥٓۗ أَلَآ إِنَّمَا طَـٰٓئِرُهُمۡ عِندَ ٱللَّهِ وَلَٰكِنَّ أَكۡثَرَهُمۡ لَا يَعۡلَمُونَ","TajweedText":"فَإِذَا ج<tajweed class=madda_obligatory>َا</tajweed>ٓءَتْهُمُ <tajweed class=ham_wasl>ٱ</tajweed>لْحَسَنَةُ قَالُو<tajweed class=slnt>اْ</tajweed> لَنَا هَ<tajweed class=madda_normal>ـٰ</tajweed>ذِه<tajweed class=madda_normal>ِۦ</tajweed>‌ۖ وَإِ<tajweed class=ikhafa>ن ت</tajweed>ُصِ<tajweed class=qalaqah>بْ</tajweed>هُمْ سَيِّئَ<tajweed class=idgham_ghunnah>ةٌ ي</tajweed>َطَّيَّرُو<tajweed class=slnt>اْ</tajweed> بِمُوسَىٰ وَم<tajweed class=idgham_ghunnah>َن م</tajweed>َّعَهُ<tajweed class=madda_obligatory>ۥٓ‌ۗ</tajweed> أَل<tajweed class=madda_obligatory>َآ</tajweed> إِ<tajweed class=ghunnah>نّ</tajweed>َمَا طَ<tajweed class=madda_obligatory>ـٰٓ</tajweed>ئِرُهُمْ عِ<tajweed class=ikhafa>ند</tajweed>َ <tajweed class=ham_wasl>ٱ</tajweed>للَّهِ وَلَ<tajweed class=madda_normal>ـٰ</tajweed>كِ<tajweed class=ghunnah>نّ</tajweed>َ أَكْثَرَهُمْ لَا يَعْلَم<tajweed class=madda_permissible>ُو</tajweed>نَ <span class=end>١٣١</span>","End":"١٣١","PageNumber":166,"JuzNumber":9,"ManzilNumber":2,"RukuNumber":137,"MaqraNumber":66,"HizbNumber":17,"HizbDecimal":0.25,"HasSajda":false},{"SurahNumber":7,"SurahIndex":"007","VerseNumber":132,"ShowSurahName":false,"ShowBismillah":false,"Text":"وَقَالُواْ مَهۡمَا تَأۡتِنَا بِهِۦ مِنۡ ءَايَةٖ لِّتَسۡحَرَنَا بِهَا فَمَا نَحۡنُ لَكَ بِمُؤۡمِنِينَ","TajweedText":"وَقَالُو<tajweed class=slnt>اْ</tajweed> مَهْمَا تَأْتِنَا بِه<tajweed class=madda_normal>ِۦ</tajweed> مِنْ ءَايَ<tajweed class=idgham_wo_ghunnah>ةٍ ل</tajweed>ِّتَسْحَرَنَا بِهَا فَمَا نَحْنُ لَكَ بِمُؤْمِن<tajweed class=madda_permissible>ِي</tajweed>نَ <span class=end>١٣٢</span>","End":"١٣٢","PageNumber":166,"JuzNumber":9,"ManzilNumber":2,"RukuNumber":137,"MaqraNumber":66,"HizbNumber":17,"HizbDecimal":0.25,"HasSajda":false},{"SurahNumber":7,"SurahIndex":"007","VerseNumber":133,"ShowSurahName":false,"ShowBismillah":false,"Text":"فَأَرۡسَلۡنَا عَلَيۡهِمُ ٱلطُّوفَانَ وَٱلۡجَرَادَ وَٱلۡقُمَّلَ وَٱلضَّفَادِعَ وَٱلدَّمَ ءَايَٰتٖ مُّفَصَّلَٰتٖ فَٱسۡتَكۡبَرُواْ وَكَانُواْ قَوۡمٗا مُّجۡرِمِينَ","TajweedText":"فَأَرْسَلْنَا عَلَيْهِمُ <tajweed class=ham_wasl>ٱ</tajweed><tajweed class=laam_shamsiyah>ل</tajweed>طُّوفَانَ وَ<tajweed class=ham_wasl>ٱ</tajweed>لْجَرَادَ وَ<tajweed class=ham_wasl>ٱ</tajweed>لْقُ<tajweed class=ghunnah>مّ</tajweed>َلَ وَ<tajweed class=ham_wasl>ٱ</tajweed><tajweed class=laam_shamsiyah>ل</tajweed>ضَّفَادِعَ وَ<tajweed class=ham_wasl>ٱ</tajweed><tajweed class=laam_shamsiyah>ل</tajweed>دَّمَ ءَايَ<tajweed class=madda_normal>ـٰ</tajweed><tajweed class=idgham_ghunnah>تٍ م</tajweed>ُّفَصَّلَ<tajweed class=madda_normal>ـٰ</tajweed><tajweed class=ikhafa>تٍ ف</tajweed>َ<tajweed class=ham_wasl>ٱ</tajweed>سْتَكْبَرُو<tajweed class=slnt>اْ</tajweed> وَكَانُو<tajweed class=slnt>اْ</tajweed> قَوْ<tajweed class=idgham_ghunnah>مًا م</tajweed>ُّ<tajweed class=qalaqah>جْ</tajweed>رِم<tajweed class=madda_permissible>ِي</tajweed>نَ <span class=end>١٣٣</span>","End":"١٣٣","PageNumber":166,"JuzNumber":9,"ManzilNumber":2,"RukuNumber":137,"MaqraNumber":66,"HizbNumber":17,"HizbDecimal":0.25,"HasSajda":false},{"SurahNumber":7,"SurahIndex":"007","VerseNumber":134,"ShowSurahName":false,"ShowBismillah":false,"Text":"وَلَمَّا وَقَعَ عَلَيۡهِمُ ٱلرِّجۡزُ قَالُواْ يَٰمُوسَى ٱدۡعُ لَنَا رَبَّكَ بِمَا عَهِدَ عِندَكَۖ لَئِن كَشَفۡتَ عَنَّا ٱلرِّجۡزَ لَنُؤۡمِنَنَّ لَكَ وَلَنُرۡسِلَنَّ مَعَكَ بَنِيٓ إِسۡرَـٰٓءِيلَ","TajweedText":"وَلَ<tajweed class=ghunnah>مّ</tajweed>َا وَقَعَ عَلَيْهِمُ <tajweed class=ham_wasl>ٱ</tajweed><tajweed class=laam_shamsiyah>ل</tajweed>رِّ<tajweed class=qalaqah>جْ</tajweed>زُ قَالُو<tajweed class=slnt>اْ</tajweed> يَ<tajweed class=madda_normal>ـٰ</tajweed>مُوسَى <tajweed class=ham_wasl>ٱ</tajweed><tajweed class=qalaqah>دْ</tajweed>عُ لَنَا رَبَّكَ بِمَا عَهِدَ عِ<tajweed class=ikhafa>ند</tajweed>َكَ‌ۖ لَئِ<tajweed class=ikhafa>ن ك</tajweed>َشَفْتَ عَ<tajweed class=ghunnah>نّ</tajweed>َا <tajweed class=ham_wasl>ٱ</tajweed><tajweed class=laam_shamsiyah>ل</tajweed>رِّ<tajweed class=qalaqah>جْ</tajweed>زَ لَنُؤْمِنَ<tajweed class=ghunnah>نّ</tajweed>َ لَكَ وَلَنُرْسِلَ<tajweed class=ghunnah>نّ</tajweed>َ مَعَكَ بَن<tajweed class=madda_obligatory>ِىٓ</tajweed> إِسْر<tajweed class=madda_obligatory>َٲ</tajweed>ٓء<tajweed class=madda_permissible>ِي</tajweed>لَ <span class=end>١٣٤</span>","End":"١٣٤","PageNumber":166,"JuzNumber":9,"ManzilNumber":2,"RukuNumber":137,"MaqraNumber":66,"HizbNumber":17,"HizbDecimal":0.25,"HasSajda":false},{"SurahNumber":7,"SurahIndex":"007","VerseNumber":135,"ShowSurahName":false,"ShowBismillah":false,"Text":"فَلَمَّا كَشَفۡنَا عَنۡهُمُ ٱلرِّجۡزَ إِلَىٰٓ أَجَلٍ هُم بَٰلِغُوهُ إِذَا هُمۡ يَنكُثُونَ","TajweedText":"فَلَ<tajweed class=ghunnah>مّ</tajweed>َا كَشَفْنَا عَنْهُمُ <tajweed class=ham_wasl>ٱ</tajweed><tajweed class=laam_shamsiyah>ل</tajweed>رِّ<tajweed class=qalaqah>جْ</tajweed>زَ إِلَ<tajweed class=madda_obligatory>ىٰٓ</tajweed> أَجَلٍ ه<tajweed class=ikhafa_shafawi>ُم ب</tajweed>َ<tajweed class=madda_normal>ـٰ</tajweed>لِغُوهُ إِذَا هُمْ يَ<tajweed class=ikhafa>نك</tajweed>ُث<tajweed class=madda_permissible>ُو</tajweed>نَ <span class=end>١٣٥</span>","End":"١٣٥","PageNumber":166,"JuzNumber":9,"ManzilNumber":2,"RukuNumber":137,"MaqraNumber":66,"HizbNumber":17,"HizbDecimal":0.25,"HasSajda":false},{"SurahNumber":7,"SurahIndex":"007","VerseNumber":136,"ShowSurahName":false,"ShowBismillah":false,"Text":"فَٱنتَقَمۡنَا مِنۡهُمۡ فَأَغۡرَقۡنَٰهُمۡ فِي ٱلۡيَمِّ بِأَنَّهُمۡ كَذَّبُواْ بِـَٔايَٰتِنَا وَكَانُواْ عَنۡهَا غَٰفِلِينَ","TajweedText":"فَ<tajweed class=ham_wasl>ٱ</tajweed><tajweed class=ikhafa>نت</tajweed>َقَمْنَا مِنْهُمْ فَأَغْرَ<tajweed class=qalaqah>قْ</tajweed>نَ<tajweed class=madda_normal>ـٰ</tajweed>هُمْ فِى <tajweed class=ham_wasl>ٱ</tajweed>لْيَ<tajweed class=ghunnah>مّ</tajweed>ِ بِأَ<tajweed class=ghunnah>نّ</tajweed>َهُمْ كَذَّبُو<tajweed class=slnt>اْ</tajweed> بِـَٔـايَ<tajweed class=madda_normal>ـٰ</tajweed>تِنَا وَكَانُو<tajweed class=slnt>اْ</tajweed> عَنْهَا غَ<tajweed class=madda_normal>ـٰ</tajweed>فِل<tajweed class=madda_permissible>ِي</tajweed>نَ <span class=end>١٣٦</span>","End":"١٣٦","PageNumber":166,"JuzNumber":9,"ManzilNumber":2,"RukuNumber":137,"MaqraNumber":66,"HizbNumber":17,"HizbDecimal":0.25,"HasSajda":false},{"SurahNumber":7,"SurahIndex":"007","VerseNumber":137,"ShowSurahName":false,"ShowBismillah":false,"Text":"وَأَوۡرَثۡنَا ٱلۡقَوۡمَ ٱلَّذِينَ كَانُواْ يُسۡتَضۡعَفُونَ مَشَٰرِقَ ٱلۡأَرۡضِ وَمَغَٰرِبَهَا ٱلَّتِي بَٰرَكۡنَا فِيهَاۖ وَتَمَّتۡ كَلِمَتُ رَبِّكَ ٱلۡحُسۡنَىٰ عَلَىٰ بَنِيٓ إِسۡرَـٰٓءِيلَ بِمَا صَبَرُواْۖ وَدَمَّرۡنَا مَا كَانَ يَصۡنَعُ فِرۡعَوۡنُ وَقَوۡمُهُۥ وَمَا كَانُواْ يَعۡرِشُونَ","TajweedText":"وَأَوْرَثْنَا <tajweed class=ham_wasl>ٱ</tajweed>لْقَوْمَ <tajweed class=ham_wasl>ٱ</tajweed>لَّذِينَ كَانُو<tajweed class=slnt>اْ</tajweed> يُسْتَضْعَفُونَ مَشَ<tajweed class=madda_normal>ـٰ</tajweed>رِقَ <tajweed class=ham_wasl>ٱ</tajweed>لْأَرْضِ وَمَغَ<tajweed class=madda_normal>ـٰ</tajweed>رِبَهَا <tajweed class=ham_wasl>ٱ</tajweed>لَّتِى بَ<tajweed class=madda_normal>ـٰ</tajweed>رَكْنَا فِيهَا‌ۖ وَتَ<tajweed class=ghunnah>مّ</tajweed>َتْ كَلِمَتُ رَبِّكَ <tajweed class=ham_wasl>ٱ</tajweed>لْحُسْنَىٰ عَلَىٰ بَن<tajweed class=madda_obligatory>ِىٓ</tajweed> إِسْر<tajweed class=madda_obligatory>َٲ</tajweed>ٓءِيلَ بِمَا صَبَرُو<tajweed class=slnt>اْ‌ۖ</tajweed> وَدَ<tajweed class=ghunnah>مّ</tajweed>َرْنَا مَا كَانَ يَصْنَعُ فِرْعَوْنُ وَقَوْمُهُ<tajweed class=madda_normal>ۥ</tajweed> وَمَا كَانُو<tajweed class=slnt>اْ</tajweed> يَعْرِش<tajweed class=madda_permissible>ُو</tajweed>نَ <span class=end>١٣٧</span>","End":"١٣٧","PageNumber":166,"JuzNumber":9,"ManzilNumber":2,"RukuNumber":137,"MaqraNumber":66,"HizbNumber":17,"HizbDecimal":0.25,"HasSajda":false},{"SurahNumber":7,"SurahIndex":"007","VerseNumber":138,"ShowSurahName":false,"ShowBismillah":false,"Text":"وَجَٰوَزۡنَا بِبَنِيٓ إِسۡرَـٰٓءِيلَ ٱلۡبَحۡرَ فَأَتَوۡاْ عَلَىٰ قَوۡمٖ يَعۡكُفُونَ عَلَىٰٓ أَصۡنَامٖ لَّهُمۡۚ قَالُواْ يَٰمُوسَى ٱجۡعَل لَّنَآ إِلَٰهٗا كَمَا لَهُمۡ ءَالِهَةٞۚ قَالَ إِنَّكُمۡ قَوۡمٞ تَجۡهَلُونَ","TajweedText":"وَجَ<tajweed class=madda_normal>ـٰ</tajweed>وَزْنَا بِبَن<tajweed class=madda_obligatory>ِىٓ</tajweed> إِسْر<tajweed class=madda_obligatory>َٲ</tajweed>ٓءِيلَ <tajweed class=ham_wasl>ٱ</tajweed>لْبَحْرَ فَأَتَوْ<tajweed class=slnt>اْ</tajweed> عَلَىٰ قَوْ<tajweed class=idgham_ghunnah>مٍ ي</tajweed>َعْكُفُونَ عَلَ<tajweed class=madda_obligatory>ىٰٓ</tajweed> أَصْنَا<tajweed class=idgham_wo_ghunnah>مٍ ل</tajweed>َّهُمْ‌ۚ قَالُو<tajweed class=slnt>اْ</tajweed> يَ<tajweed class=madda_normal>ـٰ</tajweed>مُوسَى <tajweed class=ham_wasl>ٱ</tajweed><tajweed class=qalaqah>جْ</tajweed>عَل لَّن<tajweed class=madda_obligatory>َآ</tajweed> إِلَ<tajweed class=madda_normal>ـٰ</tajweed><tajweed class=ikhafa>هًا ك</tajweed>َمَا لَهُمْ ءَالِهَ<tajweed class=ikhafa>ةٌ‌ۚ ق</tajweed>َالَ إِ<tajweed class=ghunnah>نّ</tajweed>َكُمْ قَوْ<tajweed class=ikhafa>مٌ ت</tajweed>َ<tajweed class=qalaqah>جْ</tajweed>هَل<tajweed class=madda_permissible>ُو</tajweed>نَ <span class=end>١٣٨</span>","End":"١٣٨","PageNumber":167,"JuzNumber":9,"ManzilNumber":2,"RukuNumber":137,"MaqraNumber":66,"HizbNumber":17,"HizbDecimal":0.25,"HasSajda":false},{"SurahNumber":7,"SurahIndex":"007","VerseNumber":139,"ShowSurahName":false,"ShowBismillah":false,"Text":"إِنَّ هَـٰٓؤُلَآءِ مُتَبَّرٞ مَّا هُمۡ فِيهِ وَبَٰطِلٞ مَّا كَانُواْ يَعۡمَلُونَ","TajweedText":"إِ<tajweed class=ghunnah>نّ</tajweed>َ هَ<tajweed class=madda_obligatory>ـٰٓ</tajweed>ؤُل<tajweed class=madda_obligatory>َا</tajweed>ٓءِ مُتَبَّ<tajweed class=idgham_ghunnah>رٌ م</tajweed>َّا هُمْ فِيهِ وَبَ<tajweed class=madda_normal>ـٰ</tajweed>طِ<tajweed class=idgham_ghunnah>لٌ م</tajweed>َّا كَانُو<tajweed class=slnt>اْ</tajweed> يَعْمَل<tajweed class=madda_permissible>ُو</tajweed>نَ <span class=end>١٣٩</span>","End":"١٣٩","PageNumber":167,"JuzNumber":9,"ManzilNumber":2,"RukuNumber":137,"MaqraNumber":66,"HizbNumber":17,"HizbDecimal":0.25,"HasSajda":false},{"SurahNumber":7,"SurahIndex":"007","VerseNumber":140,"ShowSurahName":false,"ShowBismillah":false,"Text":"قَالَ أَغَيۡرَ ٱللَّهِ أَبۡغِيكُمۡ إِلَٰهٗا وَهُوَ فَضَّلَكُمۡ عَلَى ٱلۡعَٰلَمِينَ","TajweedText":"قَالَ أَغَيْرَ <tajweed class=ham_wasl>ٱ</tajweed>للَّهِ أَ<tajweed class=qalaqah>بْ</tajweed>غِيكُمْ إِلَ<tajweed class=madda_normal>ـٰ</tajweed><tajweed class=idgham_ghunnah>هًا و</tajweed>َهُوَ فَضَّلَكُمْ عَلَى <tajweed class=ham_wasl>ٱ</tajweed>لْعَ<tajweed class=madda_normal>ـٰ</tajweed>لَم<tajweed class=madda_permissible>ِي</tajweed>نَ <span class=end>١٤٠</span>","End":"١٤٠","PageNumber":167,"JuzNumber":9,"ManzilNumber":2,"RukuNumber":137,"MaqraNumber":66,"HizbNumber":17,"HizbDecimal":0.25,"HasSajda":false},{"SurahNumber":7,"SurahIndex":"007","VerseNumber":141,"ShowSurahName":false,"ShowBismillah":false,"Text":"وَإِذۡ أَنجَيۡنَٰكُم مِّنۡ ءَالِ فِرۡعَوۡنَ يَسُومُونَكُمۡ سُوٓءَ ٱلۡعَذَابِ يُقَتِّلُونَ أَبۡنَآءَكُمۡ وَيَسۡتَحۡيُونَ نِسَآءَكُمۡۚ وَفِي ذَٰلِكُم بَلَآءٞ مِّن رَّبِّكُمۡ عَظِيمٞ","TajweedText":"وَإِذْ أَ<tajweed class=ikhafa>نج</tajweed>َيْنَ<tajweed class=madda_normal>ـٰ</tajweed>ك<tajweed class=idgham_shafawi>ُم م</tajweed>ِّنْ ءَالِ فِرْعَوْنَ يَسُومُونَكُمْ س<tajweed class=madda_obligatory>ُو</tajweed>ٓءَ <tajweed class=ham_wasl>ٱ</tajweed>لْعَذَابِ‌ۖ يُقَتِّلُونَ أَ<tajweed class=qalaqah>بْ</tajweed>ن<tajweed class=madda_obligatory>َا</tajweed>ٓءَكُمْ وَيَسْتَحْيُونَ نِس<tajweed class=madda_obligatory>َا</tajweed>ٓءَكُمْ‌ۚ وَفِى ذ<tajweed class=madda_normal>َٲ</tajweed>لِك<tajweed class=ikhafa_shafawi>ُم ب</tajweed>َل<tajweed class=madda_obligatory>َا</tajweed>ٓ<tajweed class=idgham_ghunnah>ءٌ م</tajweed>ّ<tajweed class=idgham_wo_ghunnah>ِن ر</tajweed>َّبِّكُمْ عَظ<tajweed class=madda_permissible>ِي</tajweed>مٌ <span class=end>١٤١</span>","End":"١٤١","PageNumber":167,"JuzNumber":9,"ManzilNumber":2,"RukuNumber":137,"MaqraNumber":66,"HizbNumber":17,"HizbDecimal":0.25,"HasSajda":false}]}