{"RukuNumber":114,"Verses":[{"SurahNumber":6,"SurahIndex":"006","VerseNumber":101,"ShowSurahName":false,"ShowBismillah":false,"Text":"بَدِيعُ ٱلسَّمَٰوَٰتِ وَٱلۡأَرۡضِۖ أَنَّىٰ يَكُونُ لَهُۥ وَلَدٞ وَلَمۡ تَكُن لَّهُۥ صَٰحِبَةٞۖ وَخَلَقَ كُلَّ شَيۡءٖۖ وَهُوَ بِكُلِّ شَيۡءٍ عَلِيمٞ","TajweedText":"بَدِيعُ <tajweed class=ham_wasl>ٱ</tajweed><tajweed class=laam_shamsiyah>ل</tajweed>سَّمَ<tajweed class=madda_normal>ـٰ</tajweed>و<tajweed class=madda_normal>َٲ</tajweed>تِ وَ<tajweed class=ham_wasl>ٱ</tajweed>لْأَرْضِ‌ۖ أَ<tajweed class=ghunnah>نّ</tajweed>َىٰ يَكُونُ لَهُ<tajweed class=madda_normal>ۥ</tajweed> وَلَ<tajweed class=idgham_ghunnah>دٌ و</tajweed>َلَمْ تَك<tajweed class=idgham_wo_ghunnah>ُن ل</tajweed>َّهُ<tajweed class=madda_normal>ۥ</tajweed> صَ<tajweed class=madda_normal>ـٰ</tajweed>حِبَ<tajweed class=idgham_ghunnah>ةٌ‌ۖ و</tajweed>َخَلَقَ كُلَّ ش<tajweed class=idgham_ghunnah>َىْءٍ‌ۖ و</tajweed>َهُوَ بِكُلِّ شَىْءٍ عَل<tajweed class=madda_permissible>ِي</tajweed>مٌ <span class=end>١٠١</span>","End":"١٠١","PageNumber":140,"JuzNumber":7,"ManzilNumber":2,"RukuNumber":114,"MaqraNumber":56,"HizbNumber":14,"HizbDecimal":0.75,"HasSajda":false},{"SurahNumber":6,"SurahIndex":"006","VerseNumber":102,"ShowSurahName":false,"ShowBismillah":false,"Text":"ذَٰلِكُمُ ٱللَّهُ رَبُّكُمۡۖ لَآ إِلَٰهَ إِلَّا هُوَۖ خَٰلِقُ كُلِّ شَيۡءٖ فَٱعۡبُدُوهُۚ وَهُوَ عَلَىٰ كُلِّ شَيۡءٖ وَكِيلٞ","TajweedText":"ذ<tajweed class=madda_normal>َٲ</tajweed>لِكُمُ <tajweed class=ham_wasl>ٱ</tajweed>للَّهُ رَبُّكُمْ‌ۖ ل<tajweed class=madda_obligatory>َآ</tajweed> إِلَ<tajweed class=madda_normal>ـٰ</tajweed>هَ إِلَّا هُوَ‌ۖ خَ<tajweed class=madda_normal>ـٰ</tajweed>لِقُ كُلِّ ش<tajweed class=ikhafa>َىْءٍ ف</tajweed>َ<tajweed class=ham_wasl>ٱ</tajweed>عْبُدُوهُ‌ۚ وَهُوَ عَلَىٰ كُلِّ ش<tajweed class=idgham_ghunnah>َىْءٍ و</tajweed>َك<tajweed class=madda_permissible>ِي</tajweed>لٌ <span class=end>١٠٢</span>","End":"١٠٢","PageNumber":141,"JuzNumber":7,"ManzilNumber":2,"RukuNumber":114,"MaqraNumber":56,"HizbNumber":14,"HizbDecimal":0.75,"HasSajda":false},{"SurahNumber":6,"SurahIndex":"006","VerseNumber":103,"ShowSurahName":false,"ShowBismillah":false,"Text":"لَّا تُدۡرِكُهُ ٱلۡأَبۡصَٰرُ وَهُوَ يُدۡرِكُ ٱلۡأَبۡصَٰرَۖ وَهُوَ ٱللَّطِيفُ ٱلۡخَبِيرُ","TajweedText":"لَّا تُ<tajweed class=qalaqah>دْ</tajweed>رِكُهُ <tajweed class=ham_wasl>ٱ</tajweed>لْأَ<tajweed class=qalaqah>بْ</tajweed>صَ<tajweed class=madda_normal>ـٰ</tajweed>رُ وَهُوَ يُ<tajweed class=qalaqah>دْ</tajweed>رِكُ <tajweed class=ham_wasl>ٱ</tajweed>لْأَ<tajweed class=qalaqah>بْ</tajweed>صَ<tajweed class=madda_normal>ـٰ</tajweed>رَ‌ۖ وَهُوَ <tajweed class=ham_wasl>ٱ</tajweed><tajweed class=laam_shamsiyah>ل</tajweed>لَّطِيفُ <tajweed class=ham_wasl>ٱ</tajweed>لْخَب<tajweed class=madda_permissible>ِي</tajweed>رُ <span class=end>١٠٣</span>","End":"١٠٣","PageNumber":141,"JuzNumber":7,"ManzilNumber":2,"RukuNumber":114,"MaqraNumber":56,"HizbNumber":14,"HizbDecimal":0.75,"HasSajda":false},{"SurahNumber":6,"SurahIndex":"006","VerseNumber":104,"ShowSurahName":false,"ShowBismillah":false,"Text":"قَدۡ جَآءَكُم بَصَآئِرُ مِن رَّبِّكُمۡۖ فَمَنۡ أَبۡصَرَ فَلِنَفۡسِهِۦۖ وَمَنۡ عَمِيَ فَعَلَيۡهَاۚ وَمَآ أَنَا۠ عَلَيۡكُم بِحَفِيظٖ","TajweedText":"قَ<tajweed class=qalaqah>دْ</tajweed> ج<tajweed class=madda_obligatory>َا</tajweed>ٓءَك<tajweed class=ikhafa_shafawi>ُم ب</tajweed>َص<tajweed class=madda_obligatory>َا</tajweed>ٓئِرُ م<tajweed class=idgham_wo_ghunnah>ِن ر</tajweed>َّبِّكُمْ‌ۖ فَمَنْ أَ<tajweed class=qalaqah>بْ</tajweed>صَرَ فَلِنَفْسِه<tajweed class=madda_normal>ِۦ</tajweed>‌ۖ وَمَنْ عَمِىَ فَعَلَيْهَا‌ۚ وَم<tajweed class=madda_obligatory>َآ</tajweed> أَنَا۟ عَلَيْك<tajweed class=ikhafa_shafawi>ُم ب</tajweed>ِحَف<tajweed class=madda_permissible>ِي</tajweed>ظٍ <span class=end>١٠٤</span>","End":"١٠٤","PageNumber":141,"JuzNumber":7,"ManzilNumber":2,"RukuNumber":114,"MaqraNumber":56,"HizbNumber":14,"HizbDecimal":0.75,"HasSajda":false},{"SurahNumber":6,"SurahIndex":"006","VerseNumber":105,"ShowSurahName":false,"ShowBismillah":false,"Text":"وَكَذَٰلِكَ نُصَرِّفُ ٱلۡأٓيَٰتِ وَلِيَقُولُواْ دَرَسۡتَ وَلِنُبَيِّنَهُۥ لِقَوۡمٖ يَعۡلَمُونَ","TajweedText":"وَكَذ<tajweed class=madda_normal>َٲ</tajweed>لِكَ نُصَرِّفُ <tajweed class=ham_wasl>ٱ</tajweed>لْأَيَ<tajweed class=madda_normal>ـٰ</tajweed>تِ وَلِيَقُولُو<tajweed class=slnt>اْ</tajweed> دَرَسْتَ وَلِنُبَيِّنَهُ<tajweed class=madda_normal>ۥ</tajweed> لِقَوْ<tajweed class=idgham_ghunnah>مٍ ي</tajweed>َعْلَم<tajweed class=madda_permissible>ُو</tajweed>نَ <span class=end>١٠٥</span>","End":"١٠٥","PageNumber":141,"JuzNumber":7,"ManzilNumber":2,"RukuNumber":114,"MaqraNumber":56,"HizbNumber":14,"HizbDecimal":0.75,"HasSajda":false},{"SurahNumber":6,"SurahIndex":"006","VerseNumber":106,"ShowSurahName":false,"ShowBismillah":false,"Text":"ٱتَّبِعۡ مَآ أُوحِيَ إِلَيۡكَ مِن رَّبِّكَۖ لَآ إِلَٰهَ إِلَّا هُوَۖ وَأَعۡرِضۡ عَنِ ٱلۡمُشۡرِكِينَ","TajweedText":"ٱتَّبِعْ م<tajweed class=madda_obligatory>َآ</tajweed> أُوحِىَ إِلَيْكَ م<tajweed class=idgham_wo_ghunnah>ِن ر</tajweed>َّبِّكَ‌ۖ ل<tajweed class=madda_obligatory>َآ</tajweed> إِلَ<tajweed class=madda_normal>ـٰ</tajweed>هَ إِلَّا هُوَ‌ۖ وَأَعْرِضْ عَنِ <tajweed class=ham_wasl>ٱ</tajweed>لْمُشْرِك<tajweed class=madda_permissible>ِي</tajweed>نَ <span class=end>١٠٦</span>","End":"١٠٦","PageNumber":141,"JuzNumber":7,"ManzilNumber":2,"RukuNumber":114,"MaqraNumber":56,"HizbNumber":14,"HizbDecimal":0.75,"HasSajda":false},{"SurahNumber":6,"SurahIndex":"006","VerseNumber":107,"ShowSurahName":false,"ShowBismillah":false,"Text":"وَلَوۡ شَآءَ ٱللَّهُ مَآ أَشۡرَكُواْۗ وَمَا جَعَلۡنَٰكَ عَلَيۡهِمۡ حَفِيظٗاۖ وَمَآ أَنتَ عَلَيۡهِم بِوَكِيلٖ","TajweedText":"وَلَوْ ش<tajweed class=madda_obligatory>َا</tajweed>ٓءَ <tajweed class=ham_wasl>ٱ</tajweed>للَّهُ م<tajweed class=madda_obligatory>َآ</tajweed> أَشْرَكُو<tajweed class=slnt>اْ‌ۗ</tajweed> وَمَا جَعَلْنَ<tajweed class=madda_normal>ـٰ</tajweed>كَ عَلَيْهِمْ حَفِي<tajweed class=idgham_ghunnah>ظًا‌ۖ و</tajweed>َم<tajweed class=madda_obligatory>َآ</tajweed> أَ<tajweed class=ikhafa>نت</tajweed>َ عَلَيْه<tajweed class=ikhafa_shafawi>ِم ب</tajweed>ِوَك<tajweed class=madda_permissible>ِي</tajweed>لٍ <span class=end>١٠٧</span>","End":"١٠٧","PageNumber":141,"JuzNumber":7,"ManzilNumber":2,"RukuNumber":114,"MaqraNumber":56,"HizbNumber":14,"HizbDecimal":0.75,"HasSajda":false},{"SurahNumber":6,"SurahIndex":"006","VerseNumber":108,"ShowSurahName":false,"ShowBismillah":false,"Text":"وَلَا تَسُبُّواْ ٱلَّذِينَ يَدۡعُونَ مِن دُونِ ٱللَّهِ فَيَسُبُّواْ ٱللَّهَ عَدۡوَۢا بِغَيۡرِ عِلۡمٖۗ كَذَٰلِكَ زَيَّنَّا لِكُلِّ أُمَّةٍ عَمَلَهُمۡ ثُمَّ إِلَىٰ رَبِّهِم مَّرۡجِعُهُمۡ فَيُنَبِّئُهُم بِمَا كَانُواْ يَعۡمَلُونَ","TajweedText":"وَلَا تَسُبُّو<tajweed class=slnt>اْ</tajweed> <tajweed class=ham_wasl>ٱ</tajweed>لَّذِينَ يَ<tajweed class=qalaqah>دْ</tajweed>عُونَ مِ<tajweed class=ikhafa>ن د</tajweed>ُونِ <tajweed class=ham_wasl>ٱ</tajweed>للَّهِ فَيَسُبُّو<tajweed class=slnt>اْ</tajweed> <tajweed class=ham_wasl>ٱ</tajweed>للَّهَ عَ<tajweed class=qalaqah>دْ</tajweed>و<tajweed class=iqlab>َۢا ب</tajweed>ِغَيْرِ عِلْ<tajweed class=ikhafa>مٍ‌ۗ ك</tajweed>َذ<tajweed class=madda_normal>َٲ</tajweed>لِكَ زَيَّ<tajweed class=ghunnah>نّ</tajweed>َا لِكُلِّ أُ<tajweed class=ghunnah>مّ</tajweed>َةٍ عَمَلَهُمْ ثُ<tajweed class=ghunnah>مّ</tajweed>َ إِلَىٰ رَبِّه<tajweed class=idgham_shafawi>ِم م</tajweed>َّرْجِعُهُمْ فَيُنَبِّئُه<tajweed class=ikhafa_shafawi>ُم ب</tajweed>ِمَا كَانُو<tajweed class=slnt>اْ</tajweed> يَعْمَل<tajweed class=madda_permissible>ُو</tajweed>نَ <span class=end>١٠٨</span>","End":"١٠٨","PageNumber":141,"JuzNumber":7,"ManzilNumber":2,"RukuNumber":114,"MaqraNumber":56,"HizbNumber":14,"HizbDecimal":0.75,"HasSajda":false},{"SurahNumber":6,"SurahIndex":"006","VerseNumber":109,"ShowSurahName":false,"ShowBismillah":false,"Text":"وَأَقۡسَمُواْ بِٱللَّهِ جَهۡدَ أَيۡمَٰنِهِمۡ لَئِن جَآءَتۡهُمۡ ءَايَةٞ لَّيُؤۡمِنُنَّ بِهَاۚ قُلۡ إِنَّمَا ٱلۡأٓيَٰتُ عِندَ ٱللَّهِۖ وَمَا يُشۡعِرُكُمۡ أَنَّهَآ إِذَا جَآءَتۡ لَا يُؤۡمِنُونَ","TajweedText":"وَأَ<tajweed class=qalaqah>قْ</tajweed>سَمُو<tajweed class=slnt>اْ</tajweed> بِ<tajweed class=ham_wasl>ٱ</tajweed>للَّهِ جَهْدَ أَيْمَ<tajweed class=madda_normal>ـٰ</tajweed>نِهِمْ لَئِ<tajweed class=ikhafa>ن ج</tajweed><tajweed class=madda_obligatory>َا</tajweed>ٓءَتْهُمْ ءَايَ<tajweed class=idgham_wo_ghunnah>ةٌ ل</tajweed>َّيُؤْمِنُ<tajweed class=ghunnah>نّ</tajweed>َ بِهَا‌ۚ قُلْ إِ<tajweed class=ghunnah>نّ</tajweed>َمَا <tajweed class=ham_wasl>ٱ</tajweed>لْأَيَ<tajweed class=madda_normal>ـٰ</tajweed>تُ عِ<tajweed class=ikhafa>ند</tajweed>َ <tajweed class=ham_wasl>ٱ</tajweed>للَّهِ‌ۖ وَمَا يُشْعِرُكُمْ أَ<tajweed class=ghunnah>نّ</tajweed>َه<tajweed class=madda_obligatory>َآ</tajweed> إِذَا ج<tajweed class=madda_obligatory>َا</tajweed>ٓءَتْ لَا يُؤْمِن<tajweed class=madda_permissible>ُو</tajweed>نَ <span class=end>١٠٩</span>","End":"١٠٩","PageNumber":141,"JuzNumber":7,"ManzilNumber":2,"RukuNumber":114,"MaqraNumber":56,"HizbNumber":14,"HizbDecimal":0.75,"HasSajda":false},{"SurahNumber":6,"SurahIndex":"006","VerseNumber":110,"ShowSurahName":false,"ShowBismillah":false,"Text":"وَنُقَلِّبُ أَفۡـِٔدَتَهُمۡ وَأَبۡصَٰرَهُمۡ كَمَا لَمۡ يُؤۡمِنُواْ بِهِۦٓ أَوَّلَ مَرَّةٖ وَنَذَرُهُمۡ فِي طُغۡيَٰنِهِمۡ يَعۡمَهُونَ","TajweedText":"وَنُقَلِّبُ أَفْــِٔدَتَهُمْ وَأَ<tajweed class=qalaqah>بْ</tajweed>صَ<tajweed class=madda_normal>ـٰ</tajweed>رَهُمْ كَمَا لَمْ يُؤْمِنُو<tajweed class=slnt>اْ</tajweed> بِه<tajweed class=madda_obligatory>ِۦٓ</tajweed> أَوَّلَ مَرَّ<tajweed class=idgham_ghunnah>ةٍ و</tajweed>َنَذَرُهُمْ فِى طُغْيَ<tajweed class=madda_normal>ـٰ</tajweed>نِهِمْ يَعْمَه<tajweed class=madda_permissible>ُو</tajweed>نَ <span class=end>١١٠</span>","End":"١١٠","PageNumber":141,"JuzNumber":7,"ManzilNumber":2,"RukuNumber":114,"MaqraNumber":56,"HizbNumber":14,"HizbDecimal":0.75,"HasSajda":false}]}