{"RukuNumber":10,"Verses":[{"SurahNumber":2,"SurahIndex":"002","VerseNumber":72,"ShowSurahName":false,"ShowBismillah":false,"Text":"وَإِذۡ قَتَلۡتُمۡ نَفۡسٗا فَٱدَّـٰرَ ٰٔتُمۡ فِيهَاۖ وَٱللَّهُ مُخۡرِجٞ مَّا كُنتُمۡ تَكۡتُمُونَ","TajweedText":"وَإِذْ قَتَلْتُمْ نَفْ<tajweed class=ikhafa>سًا ف</tajweed>َ<tajweed class=ham_wasl>ٱ</tajweed>دّ<tajweed class=madda_normal>َٲ</tajweed>رَٲْٔتُمْ فِيهَا‌ۖ وَ<tajweed class=ham_wasl>ٱ</tajweed>للَّهُ مُخْرِ<tajweed class=idgham_ghunnah>جٌ م</tajweed>َّا كُ<tajweed class=ikhafa>نت</tajweed>ُمْ تَكْتُم<tajweed class=madda_permissible>ُو</tajweed>نَ <span class=end>٧٢</span>","End":"٧٢","PageNumber":11,"JuzNumber":1,"ManzilNumber":1,"RukuNumber":10,"MaqraNumber":4,"HizbNumber":1,"HizbDecimal":0.75,"HasSajda":false},{"SurahNumber":2,"SurahIndex":"002","VerseNumber":73,"ShowSurahName":false,"ShowBismillah":false,"Text":"فَقُلۡنَا ٱضۡرِبُوهُ بِبَعۡضِهَاۚ كَذَٰلِكَ يُحۡيِ ٱللَّهُ ٱلۡمَوۡتَىٰ وَيُرِيكُمۡ ءَايَٰتِهِۦ لَعَلَّكُمۡ تَعۡقِلُونَ","TajweedText":"فَقُلْنَا <tajweed class=ham_wasl>ٱ</tajweed>ضْرِبُوهُ بِبَعْضِهَا‌ۚ كَذ<tajweed class=madda_normal>َٲ</tajweed>لِكَ يُحْىِ <tajweed class=ham_wasl>ٱ</tajweed>للَّهُ <tajweed class=ham_wasl>ٱ</tajweed>لْمَوْتَىٰ وَيُرِيكُمْ ءَايَ<tajweed class=madda_normal>ـٰ</tajweed>تِه<tajweed class=madda_normal>ِۦ</tajweed> لَعَلَّكُمْ تَعْقِل<tajweed class=madda_permissible>ُو</tajweed>نَ <span class=end>٧٣</span>","End":"٧٣","PageNumber":11,"JuzNumber":1,"ManzilNumber":1,"RukuNumber":10,"MaqraNumber":4,"HizbNumber":1,"HizbDecimal":0.75,"HasSajda":false},{"SurahNumber":2,"SurahIndex":"002","VerseNumber":74,"ShowSurahName":false,"ShowBismillah":false,"Text":"ثُمَّ قَسَتۡ قُلُوبُكُم مِّنۢ بَعۡدِ ذَٰلِكَ فَهِيَ كَٱلۡحِجَارَةِ أَوۡ أَشَدُّ قَسۡوَةٗۚ وَإِنَّ مِنَ ٱلۡحِجَارَةِ لَمَا يَتَفَجَّرُ مِنۡهُ ٱلۡأَنۡهَٰرُۚ وَإِنَّ مِنۡهَا لَمَا يَشَّقَّقُ فَيَخۡرُجُ مِنۡهُ ٱلۡمَآءُۚ وَإِنَّ مِنۡهَا لَمَا يَهۡبِطُ مِنۡ خَشۡيَةِ ٱللَّهِۗ وَمَا ٱللَّهُ بِغَٰفِلٍ عَمَّا تَعۡمَلُونَ","TajweedText":"ثُ<tajweed class=ghunnah>مّ</tajweed>َ قَسَتْ قُلُوبُك<tajweed class=idgham_shafawi>ُم م</tajweed>ّ<tajweed class=iqlab>ِنۢ ب</tajweed>َعْدِ ذ<tajweed class=madda_normal>َٲ</tajweed>لِكَ فَهِىَ كَ<tajweed class=ham_wasl>ٱ</tajweed>لْحِجَارَةِ أَوْ أَشَدُّ قَسْوَ<tajweed class=idgham_ghunnah>ةً‌ۚ و</tajweed>َإِ<tajweed class=ghunnah>نّ</tajweed>َ مِنَ <tajweed class=ham_wasl>ٱ</tajweed>لْحِجَارَةِ لَمَا يَتَفَجَّرُ مِنْهُ <tajweed class=ham_wasl>ٱ</tajweed>لْأَنْهَ<tajweed class=madda_normal>ـٰ</tajweed>رُ‌ۚ وَإِ<tajweed class=ghunnah>نّ</tajweed>َ مِنْهَا لَمَا يَشَّقَّقُ فَيَخْرُجُ مِنْهُ <tajweed class=ham_wasl>ٱ</tajweed>لْم<tajweed class=madda_obligatory>َا</tajweed>ٓءُ‌ۚ وَإِ<tajweed class=ghunnah>نّ</tajweed>َ مِنْهَا لَمَا يَهْبِطُ مِنْ خَشْيَةِ <tajweed class=ham_wasl>ٱ</tajweed>للَّهِ‌ۗ وَمَا <tajweed class=ham_wasl>ٱ</tajweed>للَّهُ بِغَ<tajweed class=madda_normal>ـٰ</tajweed>فِلٍ عَ<tajweed class=ghunnah>مّ</tajweed>َا تَعْمَل<tajweed class=madda_permissible>ُو</tajweed>نَ <span class=end>٧٤</span>","End":"٧٤","PageNumber":11,"JuzNumber":1,"ManzilNumber":1,"RukuNumber":10,"MaqraNumber":4,"HizbNumber":1,"HizbDecimal":0.75,"HasSajda":false},{"SurahNumber":2,"SurahIndex":"002","VerseNumber":75,"ShowSurahName":false,"ShowBismillah":false,"Text":"۞أَفَتَطۡمَعُونَ أَن يُؤۡمِنُواْ لَكُمۡ وَقَدۡ كَانَ فَرِيقٞ مِّنۡهُمۡ يَسۡمَعُونَ كَلَٰمَ ٱللَّهِ ثُمَّ يُحَرِّفُونَهُۥ مِنۢ بَعۡدِ مَا عَقَلُوهُ وَهُمۡ يَعۡلَمُونَ","TajweedText":"۞ أَفَتَ<tajweed class=qalaqah>طْ</tajweed>مَعُونَ أ<tajweed class=idgham_ghunnah>َن ي</tajweed>ُؤْمِنُو<tajweed class=slnt>اْ</tajweed> لَكُمْ وَقَ<tajweed class=qalaqah>دْ</tajweed> كَانَ فَرِي<tajweed class=idgham_ghunnah>قٌ م</tajweed>ِّنْهُمْ يَسْمَعُونَ كَلَ<tajweed class=madda_normal>ـٰ</tajweed>مَ <tajweed class=ham_wasl>ٱ</tajweed>للَّهِ ثُ<tajweed class=ghunnah>مّ</tajweed>َ يُحَرِّفُونَهُ<tajweed class=madda_normal>ۥ</tajweed> م<tajweed class=iqlab>ِنۢ ب</tajweed>َعْدِ مَا عَقَلُوهُ وَهُمْ يَعْلَم<tajweed class=madda_permissible>ُو</tajweed>نَ <span class=end>٧٥</span>","End":"٧٥","PageNumber":11,"JuzNumber":1,"ManzilNumber":1,"RukuNumber":10,"MaqraNumber":5,"HizbNumber":2,"HizbDecimal":0.0,"HasSajda":false},{"SurahNumber":2,"SurahIndex":"002","VerseNumber":76,"ShowSurahName":false,"ShowBismillah":false,"Text":"وَإِذَا لَقُواْ ٱلَّذِينَ ءَامَنُواْ قَالُوٓاْ ءَامَنَّا وَإِذَا خَلَا بَعۡضُهُمۡ إِلَىٰ بَعۡضٖ قَالُوٓاْ أَتُحَدِّثُونَهُم بِمَا فَتَحَ ٱللَّهُ عَلَيۡكُمۡ لِيُحَآجُّوكُم بِهِۦ عِندَ رَبِّكُمۡۚ أَفَلَا تَعۡقِلُونَ","TajweedText":"وَإِذَا لَقُو<tajweed class=slnt>اْ</tajweed> <tajweed class=ham_wasl>ٱ</tajweed>لَّذِينَ ءَامَنُو<tajweed class=slnt>اْ</tajweed> قَال<tajweed class=madda_obligatory>ُوٓ</tajweed><tajweed class=slnt>اْ</tajweed> ءَامَ<tajweed class=ghunnah>نّ</tajweed>َا وَإِذَا خَلَا بَعْضُهُمْ إِلَىٰ بَعْ<tajweed class=ikhafa>ضٍ ق</tajweed>َال<tajweed class=madda_obligatory>ُوٓ</tajweed><tajweed class=slnt>اْ</tajweed> أَتُحَدِّثُونَه<tajweed class=ikhafa_shafawi>ُم ب</tajweed>ِمَا فَتَحَ <tajweed class=ham_wasl>ٱ</tajweed>للَّهُ عَلَيْكُمْ لِيُح<tajweed class=madda_necessary>َا</tajweed>ٓجُّوك<tajweed class=ikhafa_shafawi>ُم ب</tajweed>ِه<tajweed class=madda_normal>ِۦ</tajweed> عِ<tajweed class=ikhafa>ند</tajweed>َ رَبِّكُمْ‌ۚ أَفَلَا تَعْقِل<tajweed class=madda_permissible>ُو</tajweed>نَ <span class=end>٧٦</span>","End":"٧٦","PageNumber":11,"JuzNumber":1,"ManzilNumber":1,"RukuNumber":10,"MaqraNumber":5,"HizbNumber":2,"HizbDecimal":0.0,"HasSajda":false},{"SurahNumber":2,"SurahIndex":"002","VerseNumber":77,"ShowSurahName":false,"ShowBismillah":false,"Text":"أَوَلَا يَعۡلَمُونَ أَنَّ ٱللَّهَ يَعۡلَمُ مَا يُسِرُّونَ وَمَا يُعۡلِنُونَ","TajweedText":"أَوَلَا يَعْلَمُونَ أَ<tajweed class=ghunnah>نّ</tajweed>َ <tajweed class=ham_wasl>ٱ</tajweed>للَّهَ يَعْلَمُ مَا يُسِرُّونَ وَمَا يُعْلِن<tajweed class=madda_permissible>ُو</tajweed>نَ <span class=end>٧٧</span>","End":"٧٧","PageNumber":12,"JuzNumber":1,"ManzilNumber":1,"RukuNumber":10,"MaqraNumber":5,"HizbNumber":2,"HizbDecimal":0.0,"HasSajda":false},{"SurahNumber":2,"SurahIndex":"002","VerseNumber":78,"ShowSurahName":false,"ShowBismillah":false,"Text":"وَمِنۡهُمۡ أُمِّيُّونَ لَا يَعۡلَمُونَ ٱلۡكِتَٰبَ إِلَّآ أَمَانِيَّ وَإِنۡ هُمۡ إِلَّا يَظُنُّونَ","TajweedText":"وَمِنْهُمْ أُ<tajweed class=ghunnah>مّ</tajweed>ِيُّونَ لَا يَعْلَمُونَ <tajweed class=ham_wasl>ٱ</tajweed>لْكِتَ<tajweed class=madda_normal>ـٰ</tajweed>بَ إِلّ<tajweed class=madda_obligatory>َآ</tajweed> أَمَانِىَّ وَإِنْ هُمْ إِلَّا يَظُ<tajweed class=ghunnah>نّ</tajweed><tajweed class=madda_permissible>ُو</tajweed>نَ <span class=end>٧٨</span>","End":"٧٨","PageNumber":12,"JuzNumber":1,"ManzilNumber":1,"RukuNumber":10,"MaqraNumber":5,"HizbNumber":2,"HizbDecimal":0.0,"HasSajda":false},{"SurahNumber":2,"SurahIndex":"002","VerseNumber":79,"ShowSurahName":false,"ShowBismillah":false,"Text":"فَوَيۡلٞ لِّلَّذِينَ يَكۡتُبُونَ ٱلۡكِتَٰبَ بِأَيۡدِيهِمۡ ثُمَّ يَقُولُونَ هَٰذَا مِنۡ عِندِ ٱللَّهِ لِيَشۡتَرُواْ بِهِۦ ثَمَنٗا قَلِيلٗاۖ فَوَيۡلٞ لَّهُم مِّمَّا كَتَبَتۡ أَيۡدِيهِمۡ وَوَيۡلٞ لَّهُم مِّمَّا يَكۡسِبُونَ","TajweedText":"فَوَيْ<tajweed class=idgham_wo_ghunnah>لٌ ل</tajweed>ِّلَّذِينَ يَكْتُبُونَ <tajweed class=ham_wasl>ٱ</tajweed>لْكِتَ<tajweed class=madda_normal>ـٰ</tajweed>بَ بِأَيْدِيهِمْ ثُ<tajweed class=ghunnah>مّ</tajweed>َ يَقُولُونَ هَ<tajweed class=madda_normal>ـٰ</tajweed>ذَا مِنْ عِ<tajweed class=ikhafa>ند</tajweed>ِ <tajweed class=ham_wasl>ٱ</tajweed>للَّهِ لِيَشْتَرُو<tajweed class=slnt>اْ</tajweed> بِه<tajweed class=madda_normal>ِۦ</tajweed> ثَمَ<tajweed class=ikhafa>نًا ق</tajweed>َلِيل<tajweed class=ikhafa>اً‌ۖ ف</tajweed>َوَيْ<tajweed class=idgham_wo_ghunnah>لٌ ل</tajweed>َّه<tajweed class=idgham_shafawi>ُم م</tajweed>ِّ<tajweed class=ghunnah>مّ</tajweed>َا كَتَبَتْ أَيْدِيهِمْ وَوَيْ<tajweed class=idgham_wo_ghunnah>لٌ ل</tajweed>َّه<tajweed class=idgham_shafawi>ُم م</tajweed>ِّ<tajweed class=ghunnah>مّ</tajweed>َا يَكْسِب<tajweed class=madda_permissible>ُو</tajweed>نَ <span class=end>٧٩</span>","End":"٧٩","PageNumber":12,"JuzNumber":1,"ManzilNumber":1,"RukuNumber":10,"MaqraNumber":5,"HizbNumber":2,"HizbDecimal":0.0,"HasSajda":false},{"SurahNumber":2,"SurahIndex":"002","VerseNumber":80,"ShowSurahName":false,"ShowBismillah":false,"Text":"وَقَالُواْ لَن تَمَسَّنَا ٱلنَّارُ إِلَّآ أَيَّامٗا مَّعۡدُودَةٗۚ قُلۡ أَتَّخَذۡتُمۡ عِندَ ٱللَّهِ عَهۡدٗا فَلَن يُخۡلِفَ ٱللَّهُ عَهۡدَهُۥٓۖ أَمۡ تَقُولُونَ عَلَى ٱللَّهِ مَا لَا تَعۡلَمُونَ","TajweedText":"وَقَالُو<tajweed class=slnt>اْ</tajweed> لَ<tajweed class=ikhafa>ن ت</tajweed>َمَسَّنَا <tajweed class=ham_wasl>ٱ</tajweed><tajweed class=laam_shamsiyah>ل</tajweed><tajweed class=ghunnah>نّ</tajweed>َارُ إِلّ<tajweed class=madda_obligatory>َآ</tajweed> أَيَّا<tajweed class=idgham_ghunnah>مًا م</tajweed>َّعْدُودَ<tajweed class=ikhafa>ةً‌ۚ ق</tajweed>ُلْ أَتَّخَذْتُمْ عِ<tajweed class=ikhafa>ند</tajweed>َ <tajweed class=ham_wasl>ٱ</tajweed>للَّهِ عَهْ<tajweed class=ikhafa>دًا ف</tajweed>َل<tajweed class=idgham_ghunnah>َن ي</tajweed>ُخْلِفَ <tajweed class=ham_wasl>ٱ</tajweed>للَّهُ عَهْدَهُ<tajweed class=madda_obligatory>ۥٓ‌ۖ</tajweed> أَمْ تَقُولُونَ عَلَى <tajweed class=ham_wasl>ٱ</tajweed>للَّهِ مَا لَا تَعْلَم<tajweed class=madda_permissible>ُو</tajweed>نَ <span class=end>٨٠</span>","End":"٨٠","PageNumber":12,"JuzNumber":1,"ManzilNumber":1,"RukuNumber":10,"MaqraNumber":5,"HizbNumber":2,"HizbDecimal":0.0,"HasSajda":false},{"SurahNumber":2,"SurahIndex":"002","VerseNumber":81,"ShowSurahName":false,"ShowBismillah":false,"Text":"بَلَىٰۚ مَن كَسَبَ سَيِّئَةٗ وَأَحَٰطَتۡ بِهِۦ خَطِيٓـَٔتُهُۥ فَأُوْلَـٰٓئِكَ أَصۡحَٰبُ ٱلنَّارِۖ هُمۡ فِيهَا خَٰلِدُونَ","TajweedText":"بَلَىٰ مَ<tajweed class=ikhafa>ن ك</tajweed>َسَبَ سَيِّئَ<tajweed class=idgham_ghunnah>ةً و</tajweed>َأَحَ<tajweed class=madda_normal>ـٰ</tajweed>طَتْ بِه<tajweed class=madda_normal>ِۦ</tajweed> خَطِ<tajweed class=madda_obligatory>يٓ</tajweed>ــَٔتُهُ<tajweed class=madda_normal>ۥ</tajweed> فَأُ<tajweed class=slnt>وْ</tajweed>لَ<tajweed class=madda_obligatory>ـٰٓ</tajweed>ئِكَ أَصْحَ<tajweed class=madda_normal>ـٰ</tajweed>بُ <tajweed class=ham_wasl>ٱ</tajweed><tajweed class=laam_shamsiyah>ل</tajweed><tajweed class=ghunnah>نّ</tajweed>َارِ‌ۖ هُمْ فِيهَا خَ<tajweed class=madda_normal>ـٰ</tajweed>لِد<tajweed class=madda_permissible>ُو</tajweed>نَ <span class=end>٨١</span>","End":"٨١","PageNumber":12,"JuzNumber":1,"ManzilNumber":1,"RukuNumber":10,"MaqraNumber":5,"HizbNumber":2,"HizbDecimal":0.0,"HasSajda":false},{"SurahNumber":2,"SurahIndex":"002","VerseNumber":82,"ShowSurahName":false,"ShowBismillah":false,"Text":"وَٱلَّذِينَ ءَامَنُواْ وَعَمِلُواْ ٱلصَّـٰلِحَٰتِ أُوْلَـٰٓئِكَ أَصۡحَٰبُ ٱلۡجَنَّةِۖ هُمۡ فِيهَا خَٰلِدُونَ","TajweedText":"وَ<tajweed class=ham_wasl>ٱ</tajweed>لَّذِينَ ءَامَنُو<tajweed class=slnt>اْ</tajweed> وَعَمِلُو<tajweed class=slnt>اْ</tajweed> <tajweed class=ham_wasl>ٱ</tajweed><tajweed class=laam_shamsiyah>ل</tajweed>صَّ<tajweed class=madda_normal>ـٰ</tajweed>لِحَ<tajweed class=madda_normal>ـٰ</tajweed>تِ أُ<tajweed class=slnt>وْ</tajweed>لَ<tajweed class=madda_obligatory>ـٰٓ</tajweed>ئِكَ أَصْحَ<tajweed class=madda_normal>ـٰ</tajweed>بُ <tajweed class=ham_wasl>ٱ</tajweed>لْجَ<tajweed class=ghunnah>نّ</tajweed>َةِ‌ۖ هُمْ فِيهَا خَ<tajweed class=madda_normal>ـٰ</tajweed>لِد<tajweed class=madda_permissible>ُو</tajweed>نَ <span class=end>٨٢</span>","End":"٨٢","PageNumber":12,"JuzNumber":1,"ManzilNumber":1,"RukuNumber":10,"MaqraNumber":5,"HizbNumber":2,"HizbDecimal":0.0,"HasSajda":false}]}