{"RukuNumber":105,"Verses":[{"SurahNumber":6,"SurahIndex":"006","VerseNumber":31,"ShowSurahName":false,"ShowBismillah":false,"Text":"قَدۡ خَسِرَ ٱلَّذِينَ كَذَّبُواْ بِلِقَآءِ ٱللَّهِۖ حَتَّىٰٓ إِذَا جَآءَتۡهُمُ ٱلسَّاعَةُ بَغۡتَةٗ قَالُواْ يَٰحَسۡرَتَنَا عَلَىٰ مَا فَرَّطۡنَا فِيهَا وَهُمۡ يَحۡمِلُونَ أَوۡزَارَهُمۡ عَلَىٰ ظُهُورِهِمۡۚ أَلَا سَآءَ مَا يَزِرُونَ","TajweedText":"قَ<tajweed class=qalaqah>دْ</tajweed> خَسِرَ <tajweed class=ham_wasl>ٱ</tajweed>لَّذِينَ كَذَّبُو<tajweed class=slnt>اْ</tajweed> بِلِق<tajweed class=madda_obligatory>َا</tajweed>ٓءِ <tajweed class=ham_wasl>ٱ</tajweed>للَّهِ‌ۖ حَتَّ<tajweed class=madda_obligatory>ىٰٓ</tajweed> إِذَا ج<tajweed class=madda_obligatory>َا</tajweed>ٓءَتْهُمُ <tajweed class=ham_wasl>ٱ</tajweed><tajweed class=laam_shamsiyah>ل</tajweed>سَّاعَةُ بَغْتَ<tajweed class=ikhafa>ةً ق</tajweed>َالُو<tajweed class=slnt>اْ</tajweed> يَ<tajweed class=madda_normal>ـٰ</tajweed>حَسْرَتَنَا عَلَىٰ مَا فَرَّ<tajweed class=qalaqah>طْ</tajweed>نَا فِيهَا وَهُمْ يَحْمِلُونَ أَوْزَارَهُمْ عَلَىٰ ظُهُورِهِمْ‌ۚ أَلَا س<tajweed class=madda_obligatory>َا</tajweed>ٓءَ مَا يَزِر<tajweed class=madda_permissible>ُو</tajweed>نَ <span class=end>٣١</span>","End":"٣١","PageNumber":131,"JuzNumber":7,"ManzilNumber":2,"RukuNumber":105,"MaqraNumber":52,"HizbNumber":13,"HizbDecimal":0.75,"HasSajda":false},{"SurahNumber":6,"SurahIndex":"006","VerseNumber":32,"ShowSurahName":false,"ShowBismillah":false,"Text":"وَمَا ٱلۡحَيَوٰةُ ٱلدُّنۡيَآ إِلَّا لَعِبٞ وَلَهۡوٞۖ وَلَلدَّارُ ٱلۡأٓخِرَةُ خَيۡرٞ لِّلَّذِينَ يَتَّقُونَۚ أَفَلَا تَعۡقِلُونَ","TajweedText":"وَمَا <tajweed class=ham_wasl>ٱ</tajweed>لْحَيَ<tajweed class=slnt>و</tajweed><tajweed class=madda_normal>ٲ</tajweed>ةُ <tajweed class=ham_wasl>ٱ</tajweed><tajweed class=laam_shamsiyah>ل</tajweed>دُّنْي<tajweed class=madda_obligatory>َآ</tajweed> إِلَّا لَعِ<tajweed class=idgham_ghunnah>بٌ و</tajweed>َلَهْ<tajweed class=idgham_ghunnah>وٌ‌ۖ و</tajweed>َلَلدَّارُ <tajweed class=ham_wasl>ٱ</tajweed>لْأَخِرَةُ خَيْ<tajweed class=idgham_wo_ghunnah>رٌ ل</tajweed>ِّلَّذِينَ يَتَّقُونَ‌ۗ أَفَلَا تَعْقِل<tajweed class=madda_permissible>ُو</tajweed>نَ <span class=end>٣٢</span>","End":"٣٢","PageNumber":131,"JuzNumber":7,"ManzilNumber":2,"RukuNumber":105,"MaqraNumber":52,"HizbNumber":13,"HizbDecimal":0.75,"HasSajda":false},{"SurahNumber":6,"SurahIndex":"006","VerseNumber":33,"ShowSurahName":false,"ShowBismillah":false,"Text":"قَدۡ نَعۡلَمُ إِنَّهُۥ لَيَحۡزُنُكَ ٱلَّذِي يَقُولُونَۖ فَإِنَّهُمۡ لَا يُكَذِّبُونَكَ وَلَٰكِنَّ ٱلظَّـٰلِمِينَ بِـَٔايَٰتِ ٱللَّهِ يَجۡحَدُونَ","TajweedText":"قَ<tajweed class=qalaqah>دْ</tajweed> نَعْلَمُ إِ<tajweed class=ghunnah>نّ</tajweed>َهُ<tajweed class=madda_normal>ۥ</tajweed> لَيَحْزُنُكَ <tajweed class=ham_wasl>ٱ</tajweed>لَّذِى يَقُولُونَ‌ۖ فَإِ<tajweed class=ghunnah>نّ</tajweed>َهُمْ لَا يُكَذِّبُونَكَ وَلَ<tajweed class=madda_normal>ـٰ</tajweed>كِ<tajweed class=ghunnah>نّ</tajweed>َ <tajweed class=ham_wasl>ٱ</tajweed><tajweed class=laam_shamsiyah>ل</tajweed>ظَّ<tajweed class=madda_normal>ـٰ</tajweed>لِمِينَ بِـَٔـايَ<tajweed class=madda_normal>ـٰ</tajweed>تِ <tajweed class=ham_wasl>ٱ</tajweed>للَّهِ يَ<tajweed class=qalaqah>جْ</tajweed>حَد<tajweed class=madda_permissible>ُو</tajweed>نَ <span class=end>٣٣</span>","End":"٣٣","PageNumber":131,"JuzNumber":7,"ManzilNumber":2,"RukuNumber":105,"MaqraNumber":52,"HizbNumber":13,"HizbDecimal":0.75,"HasSajda":false},{"SurahNumber":6,"SurahIndex":"006","VerseNumber":34,"ShowSurahName":false,"ShowBismillah":false,"Text":"وَلَقَدۡ كُذِّبَتۡ رُسُلٞ مِّن قَبۡلِكَ فَصَبَرُواْ عَلَىٰ مَا كُذِّبُواْ وَأُوذُواْ حَتَّىٰٓ أَتَىٰهُمۡ نَصۡرُنَاۚ وَلَا مُبَدِّلَ لِكَلِمَٰتِ ٱللَّهِۚ وَلَقَدۡ جَآءَكَ مِن نَّبَإِيْ ٱلۡمُرۡسَلِينَ","TajweedText":"وَلَقَ<tajweed class=qalaqah>دْ</tajweed> كُذِّبَتْ رُسُ<tajweed class=idgham_ghunnah>لٌ م</tajweed>ِّ<tajweed class=ikhafa>ن ق</tajweed>َ<tajweed class=qalaqah>بْ</tajweed>لِكَ فَصَبَرُو<tajweed class=slnt>اْ</tajweed> عَلَىٰ مَا كُذِّبُو<tajweed class=slnt>اْ</tajweed> وَأُوذُو<tajweed class=slnt>اْ</tajweed> حَتَّ<tajweed class=madda_obligatory>ىٰٓ</tajweed> أَتَ<tajweed class=madda_normal>ـٰ</tajweed>هُمْ نَصْرُنَا‌ۚ وَلَا مُبَدِّلَ لِكَلِمَ<tajweed class=madda_normal>ـٰ</tajweed>تِ <tajweed class=ham_wasl>ٱ</tajweed>للَّهِ‌ۚ وَلَقَ<tajweed class=qalaqah>دْ</tajweed> ج<tajweed class=madda_obligatory>َا</tajweed>ٓءَكَ م<tajweed class=idgham_ghunnah>ِن ن</tajweed>َّبَإِ<tajweed class=slnt>ىْ</tajweed> <tajweed class=ham_wasl>ٱ</tajweed>لْمُرْسَل<tajweed class=madda_permissible>ِي</tajweed>نَ <span class=end>٣٤</span>","End":"٣٤","PageNumber":131,"JuzNumber":7,"ManzilNumber":2,"RukuNumber":105,"MaqraNumber":52,"HizbNumber":13,"HizbDecimal":0.75,"HasSajda":false},{"SurahNumber":6,"SurahIndex":"006","VerseNumber":35,"ShowSurahName":false,"ShowBismillah":false,"Text":"وَإِن كَانَ كَبُرَ عَلَيۡكَ إِعۡرَاضُهُمۡ فَإِنِ ٱسۡتَطَعۡتَ أَن تَبۡتَغِيَ نَفَقٗا فِي ٱلۡأَرۡضِ أَوۡ سُلَّمٗا فِي ٱلسَّمَآءِ فَتَأۡتِيَهُم بِـَٔايَةٖۚ وَلَوۡ شَآءَ ٱللَّهُ لَجَمَعَهُمۡ عَلَى ٱلۡهُدَىٰۚ فَلَا تَكُونَنَّ مِنَ ٱلۡجَٰهِلِينَ","TajweedText":"وَإِ<tajweed class=ikhafa>ن ك</tajweed>َانَ كَبُرَ عَلَيْكَ إِعْرَاضُهُمْ فَإِنِ <tajweed class=ham_wasl>ٱ</tajweed>سْتَطَعْتَ أَ<tajweed class=ikhafa>ن ت</tajweed>َ<tajweed class=qalaqah>بْ</tajweed>تَغِىَ نَفَ<tajweed class=ikhafa>قًا ف</tajweed>ِى <tajweed class=ham_wasl>ٱ</tajweed>لْأَرْضِ أَوْ سُلَّ<tajweed class=ikhafa>مًا ف</tajweed>ِى <tajweed class=ham_wasl>ٱ</tajweed><tajweed class=laam_shamsiyah>ل</tajweed>سَّم<tajweed class=madda_obligatory>َا</tajweed>ٓءِ فَتَأْتِيَه<tajweed class=ikhafa_shafawi>ُم ب</tajweed>ِـَٔـايَ<tajweed class=idgham_ghunnah>ةٍ‌ۚ و</tajweed>َلَوْ ش<tajweed class=madda_obligatory>َا</tajweed>ٓءَ <tajweed class=ham_wasl>ٱ</tajweed>للَّهُ لَجَمَعَهُمْ عَلَى <tajweed class=ham_wasl>ٱ</tajweed>لْهُدَىٰ‌ۚ فَلَا تَكُونَ<tajweed class=ghunnah>نّ</tajweed>َ مِنَ <tajweed class=ham_wasl>ٱ</tajweed>لْجَ<tajweed class=madda_normal>ـٰ</tajweed>هِل<tajweed class=madda_permissible>ِي</tajweed>نَ <span class=end>٣٥</span>","End":"٣٥","PageNumber":131,"JuzNumber":7,"ManzilNumber":2,"RukuNumber":105,"MaqraNumber":52,"HizbNumber":13,"HizbDecimal":0.75,"HasSajda":false},{"SurahNumber":6,"SurahIndex":"006","VerseNumber":36,"ShowSurahName":false,"ShowBismillah":false,"Text":"۞إِنَّمَا يَسۡتَجِيبُ ٱلَّذِينَ يَسۡمَعُونَۘ وَٱلۡمَوۡتَىٰ يَبۡعَثُهُمُ ٱللَّهُ ثُمَّ إِلَيۡهِ يُرۡجَعُونَ","TajweedText":"۞ إِ<tajweed class=ghunnah>نّ</tajweed>َمَا يَسْتَجِيبُ <tajweed class=ham_wasl>ٱ</tajweed>لَّذِينَ يَسْمَعُونَ‌ۘ وَ<tajweed class=ham_wasl>ٱ</tajweed>لْمَوْتَىٰ يَ<tajweed class=qalaqah>بْ</tajweed>عَثُهُمُ <tajweed class=ham_wasl>ٱ</tajweed>للَّهُ ثُ<tajweed class=ghunnah>مّ</tajweed>َ إِلَيْهِ يُرْجَع<tajweed class=madda_permissible>ُو</tajweed>نَ <span class=end>٣٦</span>","End":"٣٦","PageNumber":132,"JuzNumber":7,"ManzilNumber":2,"RukuNumber":105,"MaqraNumber":53,"HizbNumber":14,"HizbDecimal":0.0,"HasSajda":false},{"SurahNumber":6,"SurahIndex":"006","VerseNumber":37,"ShowSurahName":false,"ShowBismillah":false,"Text":"وَقَالُواْ لَوۡلَا نُزِّلَ عَلَيۡهِ ءَايَةٞ مِّن رَّبِّهِۦۚ قُلۡ إِنَّ ٱللَّهَ قَادِرٌ عَلَىٰٓ أَن يُنَزِّلَ ءَايَةٗ وَلَٰكِنَّ أَكۡثَرَهُمۡ لَا يَعۡلَمُونَ","TajweedText":"وَقَالُو<tajweed class=slnt>اْ</tajweed> لَوْلَا نُزِّلَ عَلَيْهِ ءَايَ<tajweed class=idgham_ghunnah>ةٌ م</tajweed>ّ<tajweed class=idgham_wo_ghunnah>ِن ر</tajweed>َّبِّه<tajweed class=madda_normal>ِۦ</tajweed>‌ۚ قُلْ إِ<tajweed class=ghunnah>نّ</tajweed>َ <tajweed class=ham_wasl>ٱ</tajweed>للَّهَ قَادِرٌ عَلَ<tajweed class=madda_obligatory>ىٰٓ</tajweed> أ<tajweed class=idgham_ghunnah>َن ي</tajweed>ُنَزِّلَ ءَايَ<tajweed class=idgham_ghunnah>ةً و</tajweed>َلَ<tajweed class=madda_normal>ـٰ</tajweed>كِ<tajweed class=ghunnah>نّ</tajweed>َ أَكْثَرَهُمْ لَا يَعْلَم<tajweed class=madda_permissible>ُو</tajweed>نَ <span class=end>٣٧</span>","End":"٣٧","PageNumber":132,"JuzNumber":7,"ManzilNumber":2,"RukuNumber":105,"MaqraNumber":53,"HizbNumber":14,"HizbDecimal":0.0,"HasSajda":false},{"SurahNumber":6,"SurahIndex":"006","VerseNumber":38,"ShowSurahName":false,"ShowBismillah":false,"Text":"وَمَا مِن دَآبَّةٖ فِي ٱلۡأَرۡضِ وَلَا طَـٰٓئِرٖ يَطِيرُ بِجَنَاحَيۡهِ إِلَّآ أُمَمٌ أَمۡثَالُكُمۚ مَّا فَرَّطۡنَا فِي ٱلۡكِتَٰبِ مِن شَيۡءٖۚ ثُمَّ إِلَىٰ رَبِّهِمۡ يُحۡشَرُونَ","TajweedText":"وَمَا مِ<tajweed class=ikhafa>ن د</tajweed><tajweed class=madda_necessary>َا</tajweed>ٓبَّ<tajweed class=ikhafa>ةٍ ف</tajweed>ِى <tajweed class=ham_wasl>ٱ</tajweed>لْأَرْضِ وَلَا طَ<tajweed class=madda_obligatory>ـٰٓ</tajweed>ئِ<tajweed class=idgham_ghunnah>رٍ ي</tajweed>َطِيرُ بِجَنَاحَيْهِ إِلّ<tajweed class=madda_obligatory>َآ</tajweed> أُمَمٌ أَمْثَالُك<tajweed class=idgham_shafawi>ُم‌ۚ م</tajweed>َّا فَرَّ<tajweed class=qalaqah>طْ</tajweed>نَا فِى <tajweed class=ham_wasl>ٱ</tajweed>لْكِتَ<tajweed class=madda_normal>ـٰ</tajweed>بِ مِ<tajweed class=ikhafa>ن ش</tajweed><tajweed class=ikhafa>َىْءٍ‌ۚ ث</tajweed>ُ<tajweed class=ghunnah>مّ</tajweed>َ إِلَىٰ رَبِّهِمْ يُحْشَر<tajweed class=madda_permissible>ُو</tajweed>نَ <span class=end>٣٨</span>","End":"٣٨","PageNumber":132,"JuzNumber":7,"ManzilNumber":2,"RukuNumber":105,"MaqraNumber":53,"HizbNumber":14,"HizbDecimal":0.0,"HasSajda":false},{"SurahNumber":6,"SurahIndex":"006","VerseNumber":39,"ShowSurahName":false,"ShowBismillah":false,"Text":"وَٱلَّذِينَ كَذَّبُواْ بِـَٔايَٰتِنَا صُمّٞ وَبُكۡمٞ فِي ٱلظُّلُمَٰتِۗ مَن يَشَإِ ٱللَّهُ يُضۡلِلۡهُ وَمَن يَشَأۡ يَجۡعَلۡهُ عَلَىٰ صِرَٰطٖ مُّسۡتَقِيمٖ","TajweedText":"وَ<tajweed class=ham_wasl>ٱ</tajweed>لَّذِينَ كَذَّبُو<tajweed class=slnt>اْ</tajweed> بِـَٔـايَ<tajweed class=madda_normal>ـٰ</tajweed>تِنَا صُ<tajweed class=idgham_ghunnah><tajweed class=ghunnah>مّ</tajweed>ٌ و</tajweed>َبُكْ<tajweed class=ikhafa>مٌ ف</tajweed>ِى <tajweed class=ham_wasl>ٱ</tajweed><tajweed class=laam_shamsiyah>ل</tajweed>ظُّلُمَ<tajweed class=madda_normal>ـٰ</tajweed>تِ‌ۗ م<tajweed class=idgham_ghunnah>َن ي</tajweed>َشَإِ <tajweed class=ham_wasl>ٱ</tajweed>للَّهُ يُضْلِلْهُ وَم<tajweed class=idgham_ghunnah>َن ي</tajweed>َشَأْ يَ<tajweed class=qalaqah>جْ</tajweed>عَلْهُ عَلَىٰ صِر<tajweed class=madda_normal>َٲ</tajweed><tajweed class=idgham_ghunnah>طٍ م</tajweed>ُّسْتَق<tajweed class=madda_permissible>ِي</tajweed>مٍ <span class=end>٣٩</span>","End":"٣٩","PageNumber":132,"JuzNumber":7,"ManzilNumber":2,"RukuNumber":105,"MaqraNumber":53,"HizbNumber":14,"HizbDecimal":0.0,"HasSajda":false},{"SurahNumber":6,"SurahIndex":"006","VerseNumber":40,"ShowSurahName":false,"ShowBismillah":false,"Text":"قُلۡ أَرَءَيۡتَكُمۡ إِنۡ أَتَىٰكُمۡ عَذَابُ ٱللَّهِ أَوۡ أَتَتۡكُمُ ٱلسَّاعَةُ أَغَيۡرَ ٱللَّهِ تَدۡعُونَ إِن كُنتُمۡ صَٰدِقِينَ","TajweedText":"قُلْ أَرَءَيْتَكُمْ إِنْ أَتَ<tajweed class=madda_normal>ـٰ</tajweed>كُمْ عَذَابُ <tajweed class=ham_wasl>ٱ</tajweed>للَّهِ أَوْ أَتَتْكُمُ <tajweed class=ham_wasl>ٱ</tajweed><tajweed class=laam_shamsiyah>ل</tajweed>سَّاعَةُ أَغَيْرَ <tajweed class=ham_wasl>ٱ</tajweed>للَّهِ تَ<tajweed class=qalaqah>دْ</tajweed>عُونَ إِ<tajweed class=ikhafa>ن ك</tajweed>ُ<tajweed class=ikhafa>نت</tajweed>ُمْ صَ<tajweed class=madda_normal>ـٰ</tajweed>دِق<tajweed class=madda_permissible>ِي</tajweed>نَ <span class=end>٤٠</span>","End":"٤٠","PageNumber":132,"JuzNumber":7,"ManzilNumber":2,"RukuNumber":105,"MaqraNumber":53,"HizbNumber":14,"HizbDecimal":0.0,"HasSajda":false},{"SurahNumber":6,"SurahIndex":"006","VerseNumber":41,"ShowSurahName":false,"ShowBismillah":false,"Text":"بَلۡ إِيَّاهُ تَدۡعُونَ فَيَكۡشِفُ مَا تَدۡعُونَ إِلَيۡهِ إِن شَآءَ وَتَنسَوۡنَ مَا تُشۡرِكُونَ","TajweedText":"بَلْ إِيَّاهُ تَ<tajweed class=qalaqah>دْ</tajweed>عُونَ فَيَكْشِفُ مَا تَ<tajweed class=qalaqah>دْ</tajweed>عُونَ إِلَيْهِ إِ<tajweed class=ikhafa>ن ش</tajweed><tajweed class=madda_obligatory>َا</tajweed>ٓءَ وَتَ<tajweed class=ikhafa>نس</tajweed>َوْنَ مَا تُشْرِك<tajweed class=madda_permissible>ُو</tajweed>نَ <span class=end>٤١</span>","End":"٤١","PageNumber":132,"JuzNumber":7,"ManzilNumber":2,"RukuNumber":105,"MaqraNumber":53,"HizbNumber":14,"HizbDecimal":0.0,"HasSajda":false}]}