{"RukuNumber":21,"Verses":[{"SurahNumber":2,"SurahIndex":"002","VerseNumber":164,"ShowSurahName":false,"ShowBismillah":false,"Text":"إِنَّ فِي خَلۡقِ ٱلسَّمَٰوَٰتِ وَٱلۡأَرۡضِ وَٱخۡتِلَٰفِ ٱلَّيۡلِ وَٱلنَّهَارِ وَٱلۡفُلۡكِ ٱلَّتِي تَجۡرِي فِي ٱلۡبَحۡرِ بِمَا يَنفَعُ ٱلنَّاسَ وَمَآ أَنزَلَ ٱللَّهُ مِنَ ٱلسَّمَآءِ مِن مَّآءٖ فَأَحۡيَا بِهِ ٱلۡأَرۡضَ بَعۡدَ مَوۡتِهَا وَبَثَّ فِيهَا مِن كُلِّ دَآبَّةٖ وَتَصۡرِيفِ ٱلرِّيَٰحِ وَٱلسَّحَابِ ٱلۡمُسَخَّرِ بَيۡنَ ٱلسَّمَآءِ وَٱلۡأَرۡضِ لَأٓيَٰتٖ لِّقَوۡمٖ يَعۡقِلُونَ","TajweedText":"إِ<tajweed class=ghunnah>نّ</tajweed>َ فِى خَلْقِ <tajweed class=ham_wasl>ٱ</tajweed><tajweed class=laam_shamsiyah>ل</tajweed>سَّمَ<tajweed class=madda_normal>ـٰ</tajweed>و<tajweed class=madda_normal>َٲ</tajweed>تِ وَ<tajweed class=ham_wasl>ٱ</tajweed>لْأَرْضِ وَ<tajweed class=ham_wasl>ٱ</tajweed>خْتِلَ<tajweed class=madda_normal>ـٰ</tajweed>فِ <tajweed class=ham_wasl>ٱ</tajweed>لَّيْلِ وَ<tajweed class=ham_wasl>ٱ</tajweed><tajweed class=laam_shamsiyah>ل</tajweed><tajweed class=ghunnah>نّ</tajweed>َهَارِ وَ<tajweed class=ham_wasl>ٱ</tajweed>لْفُلْكِ <tajweed class=ham_wasl>ٱ</tajweed>لَّتِى تَ<tajweed class=qalaqah>جْ</tajweed>رِى فِى <tajweed class=ham_wasl>ٱ</tajweed>لْبَحْرِ بِمَا يَ<tajweed class=ikhafa>نف</tajweed>َعُ <tajweed class=ham_wasl>ٱ</tajweed><tajweed class=laam_shamsiyah>ل</tajweed><tajweed class=ghunnah>نّ</tajweed>َاسَ وَم<tajweed class=madda_obligatory>َآ</tajweed> أَ<tajweed class=ikhafa>نز</tajweed>َلَ <tajweed class=ham_wasl>ٱ</tajweed>للَّهُ مِنَ <tajweed class=ham_wasl>ٱ</tajweed><tajweed class=laam_shamsiyah>ل</tajweed>سَّم<tajweed class=madda_obligatory>َا</tajweed>ٓءِ م<tajweed class=idgham_ghunnah>ِن م</tajweed>ّ<tajweed class=madda_obligatory>َا</tajweed>ٓ<tajweed class=ikhafa>ءٍ ف</tajweed>َأَحْيَا بِهِ <tajweed class=ham_wasl>ٱ</tajweed>لْأَرْضَ بَعْدَ مَوْتِهَا وَبَثَّ فِيهَا مِ<tajweed class=ikhafa>ن ك</tajweed>ُلِّ د<tajweed class=madda_necessary>َا</tajweed>ٓبَّ<tajweed class=idgham_ghunnah>ةٍ و</tajweed>َتَصْرِيفِ <tajweed class=ham_wasl>ٱ</tajweed><tajweed class=laam_shamsiyah>ل</tajweed>رِّيَ<tajweed class=madda_normal>ـٰ</tajweed>حِ وَ<tajweed class=ham_wasl>ٱ</tajweed><tajweed class=laam_shamsiyah>ل</tajweed>سَّحَابِ <tajweed class=ham_wasl>ٱ</tajweed>لْمُسَخَّرِ بَيْنَ <tajweed class=ham_wasl>ٱ</tajweed><tajweed class=laam_shamsiyah>ل</tajweed>سَّم<tajweed class=madda_obligatory>َا</tajweed>ٓءِ وَ<tajweed class=ham_wasl>ٱ</tajweed>لْأَرْضِ لَأَيَ<tajweed class=madda_normal>ـٰ</tajweed><tajweed class=idgham_wo_ghunnah>تٍ ل</tajweed>ِّقَوْ<tajweed class=idgham_ghunnah>مٍ ي</tajweed>َعْقِل<tajweed class=madda_permissible>ُو</tajweed>نَ <span class=end>١٦٤</span>","End":"١٦٤","PageNumber":25,"JuzNumber":2,"ManzilNumber":1,"RukuNumber":21,"MaqraNumber":10,"HizbNumber":3,"HizbDecimal":0.25,"HasSajda":false},{"SurahNumber":2,"SurahIndex":"002","VerseNumber":165,"ShowSurahName":false,"ShowBismillah":false,"Text":"وَمِنَ ٱلنَّاسِ مَن يَتَّخِذُ مِن دُونِ ٱللَّهِ أَندَادٗا يُحِبُّونَهُمۡ كَحُبِّ ٱللَّهِۖ وَٱلَّذِينَ ءَامَنُوٓاْ أَشَدُّ حُبّٗا لِّلَّهِۗ وَلَوۡ يَرَى ٱلَّذِينَ ظَلَمُوٓاْ إِذۡ يَرَوۡنَ ٱلۡعَذَابَ أَنَّ ٱلۡقُوَّةَ لِلَّهِ جَمِيعٗا وَأَنَّ ٱللَّهَ شَدِيدُ ٱلۡعَذَابِ","TajweedText":"وَمِنَ <tajweed class=ham_wasl>ٱ</tajweed><tajweed class=laam_shamsiyah>ل</tajweed><tajweed class=ghunnah>نّ</tajweed>َاسِ م<tajweed class=idgham_ghunnah>َن ي</tajweed>َتَّخِذُ مِ<tajweed class=ikhafa>ن د</tajweed>ُونِ <tajweed class=ham_wasl>ٱ</tajweed>للَّهِ أَ<tajweed class=ikhafa>ند</tajweed>َا<tajweed class=idgham_ghunnah>دًا ي</tajweed>ُحِبُّونَهُمْ كَحُبِّ <tajweed class=ham_wasl>ٱ</tajweed>للَّهِ‌ۖ وَ<tajweed class=ham_wasl>ٱ</tajweed>لَّذِينَ ءَامَن<tajweed class=madda_obligatory>ُوٓ</tajweed><tajweed class=slnt>اْ</tajweed> أَشَدُّ حُب<tajweed class=idgham_wo_ghunnah>ًّا ل</tajweed>ِّلَّهِ‌ۗ وَلَوْ يَرَى <tajweed class=ham_wasl>ٱ</tajweed>لَّذِينَ ظَلَم<tajweed class=madda_obligatory>ُوٓ</tajweed><tajweed class=slnt>اْ</tajweed> إِذْ يَرَوْنَ <tajweed class=ham_wasl>ٱ</tajweed>لْعَذَابَ أَ<tajweed class=ghunnah>نّ</tajweed>َ <tajweed class=ham_wasl>ٱ</tajweed>لْقُوَّةَ لِلَّهِ جَمِي<tajweed class=idgham_ghunnah>عًا و</tajweed>َأَ<tajweed class=ghunnah>نّ</tajweed>َ <tajweed class=ham_wasl>ٱ</tajweed>للَّهَ شَدِيدُ <tajweed class=ham_wasl>ٱ</tajweed>لْعَذ<tajweed class=madda_permissible>َا</tajweed><tajweed class=qalaqah>ب</tajweed>ِ <span class=end>١٦٥</span>","End":"١٦٥","PageNumber":25,"JuzNumber":2,"ManzilNumber":1,"RukuNumber":21,"MaqraNumber":10,"HizbNumber":3,"HizbDecimal":0.25,"HasSajda":false},{"SurahNumber":2,"SurahIndex":"002","VerseNumber":166,"ShowSurahName":false,"ShowBismillah":false,"Text":"إِذۡ تَبَرَّأَ ٱلَّذِينَ ٱتُّبِعُواْ مِنَ ٱلَّذِينَ ٱتَّبَعُواْ وَرَأَوُاْ ٱلۡعَذَابَ وَتَقَطَّعَتۡ بِهِمُ ٱلۡأَسۡبَابُ","TajweedText":"إِذْ تَبَرَّأَ <tajweed class=ham_wasl>ٱ</tajweed>لَّذِينَ <tajweed class=ham_wasl>ٱ</tajweed>تُّبِعُو<tajweed class=slnt>اْ</tajweed> مِنَ <tajweed class=ham_wasl>ٱ</tajweed>لَّذِينَ <tajweed class=ham_wasl>ٱ</tajweed>تَّبَعُو<tajweed class=slnt>اْ</tajweed> وَرَأَوُ<tajweed class=slnt>اْ</tajweed> <tajweed class=ham_wasl>ٱ</tajweed>لْعَذَابَ وَتَقَطَّعَتْ بِهِمُ <tajweed class=ham_wasl>ٱ</tajweed>لْأَسْب<tajweed class=madda_permissible>َا</tajweed><tajweed class=qalaqah>ب</tajweed>ُ <span class=end>١٦٦</span>","End":"١٦٦","PageNumber":25,"JuzNumber":2,"ManzilNumber":1,"RukuNumber":21,"MaqraNumber":10,"HizbNumber":3,"HizbDecimal":0.25,"HasSajda":false},{"SurahNumber":2,"SurahIndex":"002","VerseNumber":167,"ShowSurahName":false,"ShowBismillah":false,"Text":"وَقَالَ ٱلَّذِينَ ٱتَّبَعُواْ لَوۡ أَنَّ لَنَا كَرَّةٗ فَنَتَبَرَّأَ مِنۡهُمۡ كَمَا تَبَرَّءُواْ مِنَّاۗ كَذَٰلِكَ يُرِيهِمُ ٱللَّهُ أَعۡمَٰلَهُمۡ حَسَرَٰتٍ عَلَيۡهِمۡۖ وَمَا هُم بِخَٰرِجِينَ مِنَ ٱلنَّارِ","TajweedText":"وَقَالَ <tajweed class=ham_wasl>ٱ</tajweed>لَّذِينَ <tajweed class=ham_wasl>ٱ</tajweed>تَّبَعُو<tajweed class=slnt>اْ</tajweed> لَوْ أَ<tajweed class=ghunnah>نّ</tajweed>َ لَنَا كَرَّ<tajweed class=ikhafa>ةً ف</tajweed>َنَتَبَرَّأَ مِنْهُمْ كَمَا تَبَرَّءُو<tajweed class=slnt>اْ</tajweed> مِ<tajweed class=ghunnah>نّ</tajweed>َا‌ۗ كَذ<tajweed class=madda_normal>َٲ</tajweed>لِكَ يُرِيهِمُ <tajweed class=ham_wasl>ٱ</tajweed>للَّهُ أَعْمَ<tajweed class=madda_normal>ـٰ</tajweed>لَهُمْ حَسَر<tajweed class=madda_normal>َٲ</tajweed>تٍ عَلَيْهِمْ‌ۖ وَمَا ه<tajweed class=ikhafa_shafawi>ُم ب</tajweed>ِخَ<tajweed class=madda_normal>ـٰ</tajweed>رِجِينَ مِنَ <tajweed class=ham_wasl>ٱ</tajweed><tajweed class=laam_shamsiyah>ل</tajweed><tajweed class=ghunnah>نّ</tajweed><tajweed class=madda_permissible>َا</tajweed>رِ <span class=end>١٦٧</span>","End":"١٦٧","PageNumber":25,"JuzNumber":2,"ManzilNumber":1,"RukuNumber":21,"MaqraNumber":10,"HizbNumber":3,"HizbDecimal":0.25,"HasSajda":false}]}