{"RukuNumber":475,"Verses":[{"SurahNumber":57,"SurahIndex":"057","VerseNumber":26,"ShowSurahName":false,"ShowBismillah":false,"Text":"وَلَقَدۡ أَرۡسَلۡنَا نُوحٗا وَإِبۡرَٰهِيمَ وَجَعَلۡنَا فِي ذُرِّيَّتِهِمَا ٱلنُّبُوَّةَ وَٱلۡكِتَٰبَۖ فَمِنۡهُم مُّهۡتَدٖۖ وَكَثِيرٞ مِّنۡهُمۡ فَٰسِقُونَ","TajweedText":"وَلَقَ<tajweed class=qalaqah>دْ</tajweed> أَرْسَلْنَا نُو<tajweed class=idgham_ghunnah>حًا و</tajweed>َإِ<tajweed class=qalaqah>بْ</tajweed>ر<tajweed class=madda_normal>َٲ</tajweed>هِيمَ وَجَعَلْنَا فِى ذُرِّيَّتِهِمَا <tajweed class=ham_wasl>ٱ</tajweed><tajweed class=laam_shamsiyah>ل</tajweed><tajweed class=ghunnah>نّ</tajweed>ُبُوَّةَ وَ<tajweed class=ham_wasl>ٱ</tajweed>لْكِتَ<tajweed class=madda_normal>ـٰ</tajweed>بَ‌ۖ فَمِنْه<tajweed class=idgham_shafawi>ُم م</tajweed>ُّهْتَ<tajweed class=idgham_ghunnah>دٍ‌ۖ و</tajweed>َكَثِي<tajweed class=idgham_ghunnah>رٌ م</tajweed>ِّنْهُمْ فَ<tajweed class=madda_normal>ـٰ</tajweed>سِق<tajweed class=madda_permissible>ُو</tajweed>نَ <span class=end>٢٦</span>","End":"٢٦","PageNumber":541,"JuzNumber":27,"ManzilNumber":7,"RukuNumber":475,"MaqraNumber":216,"HizbNumber":54,"HizbDecimal":0.75,"HasSajda":false},{"SurahNumber":57,"SurahIndex":"057","VerseNumber":27,"ShowSurahName":false,"ShowBismillah":false,"Text":"ثُمَّ قَفَّيۡنَا عَلَىٰٓ ءَاثَٰرِهِم بِرُسُلِنَا وَقَفَّيۡنَا بِعِيسَى ٱبۡنِ مَرۡيَمَ وَءَاتَيۡنَٰهُ ٱلۡإِنجِيلَۖ وَجَعَلۡنَا فِي قُلُوبِ ٱلَّذِينَ ٱتَّبَعُوهُ رَأۡفَةٗ وَرَحۡمَةٗۚ وَرَهۡبَانِيَّةً ٱبۡتَدَعُوهَا مَا كَتَبۡنَٰهَا عَلَيۡهِمۡ إِلَّا ٱبۡتِغَآءَ رِضۡوَٰنِ ٱللَّهِ فَمَا رَعَوۡهَا حَقَّ رِعَايَتِهَاۖ فَـَٔاتَيۡنَا ٱلَّذِينَ ءَامَنُواْ مِنۡهُمۡ أَجۡرَهُمۡۖ وَكَثِيرٞ مِّنۡهُمۡ فَٰسِقُونَ","TajweedText":"ثُ<tajweed class=ghunnah>مّ</tajweed>َ قَفَّيْنَا عَلَ<tajweed class=madda_obligatory>ىٰٓ</tajweed> ءَاثَ<tajweed class=madda_normal>ـٰ</tajweed>رِه<tajweed class=ikhafa_shafawi>ِم ب</tajweed>ِرُسُلِنَا وَقَفَّيْنَا بِعِيسَى <tajweed class=ham_wasl>ٱ</tajweed><tajweed class=qalaqah>بْ</tajweed>نِ مَرْيَمَ وَءَاتَيْنَ<tajweed class=madda_normal>ـٰ</tajweed>هُ <tajweed class=ham_wasl>ٱ</tajweed>لْإِ<tajweed class=ikhafa>نج</tajweed>ِيلَ وَجَعَلْنَا فِى قُلُوبِ <tajweed class=ham_wasl>ٱ</tajweed>لَّذِينَ <tajweed class=ham_wasl>ٱ</tajweed>تَّبَعُوهُ رَأْفَ<tajweed class=idgham_ghunnah>ةً و</tajweed>َرَحْمَ<tajweed class=idgham_ghunnah>ةً و</tajweed>َرَهْبَانِيَّةً <tajweed class=ham_wasl>ٱ</tajweed><tajweed class=qalaqah>بْ</tajweed>تَدَعُوهَا مَا كَتَ<tajweed class=qalaqah>بْ</tajweed>نَ<tajweed class=madda_normal>ـٰ</tajweed>هَا عَلَيْهِمْ إِلَّا <tajweed class=ham_wasl>ٱ</tajweed><tajweed class=qalaqah>بْ</tajweed>تِغ<tajweed class=madda_obligatory>َا</tajweed>ٓءَ رِضْو<tajweed class=madda_normal>َٲ</tajweed>نِ <tajweed class=ham_wasl>ٱ</tajweed>للَّهِ فَمَا رَعَوْهَا حَقَّ رِعَايَتِهَا‌ۖ فَـَٔـاتَيْنَا <tajweed class=ham_wasl>ٱ</tajweed>لَّذِينَ ءَامَنُو<tajweed class=slnt>اْ</tajweed> مِنْهُمْ أَ<tajweed class=qalaqah>جْ</tajweed>رَهُمْ‌ۖ وَكَثِي<tajweed class=idgham_ghunnah>رٌ م</tajweed>ِّنْهُمْ فَ<tajweed class=madda_normal>ـٰ</tajweed>سِق<tajweed class=madda_permissible>ُو</tajweed>نَ <span class=end>٢٧</span>","End":"٢٧","PageNumber":541,"JuzNumber":27,"ManzilNumber":7,"RukuNumber":475,"MaqraNumber":216,"HizbNumber":54,"HizbDecimal":0.75,"HasSajda":false},{"SurahNumber":57,"SurahIndex":"057","VerseNumber":28,"ShowSurahName":false,"ShowBismillah":false,"Text":"يَـٰٓأَيُّهَا ٱلَّذِينَ ءَامَنُواْ ٱتَّقُواْ ٱللَّهَ وَءَامِنُواْ بِرَسُولِهِۦ يُؤۡتِكُمۡ كِفۡلَيۡنِ مِن رَّحۡمَتِهِۦ وَيَجۡعَل لَّكُمۡ نُورٗا تَمۡشُونَ بِهِۦ وَيَغۡفِرۡ لَكُمۡۚ وَٱللَّهُ غَفُورٞ رَّحِيمٞ","TajweedText":"يَ<tajweed class=madda_obligatory>ـٰٓ</tajweed>أَيُّهَا <tajweed class=ham_wasl>ٱ</tajweed>لَّذِينَ ءَامَنُو<tajweed class=slnt>اْ</tajweed> <tajweed class=ham_wasl>ٱ</tajweed>تَّقُو<tajweed class=slnt>اْ</tajweed> <tajweed class=ham_wasl>ٱ</tajweed>للَّهَ وَءَامِنُو<tajweed class=slnt>اْ</tajweed> بِرَسُولِه<tajweed class=madda_normal>ِۦ</tajweed> يُؤْتِكُمْ كِفْلَيْنِ م<tajweed class=idgham_wo_ghunnah>ِن ر</tajweed>َّحْمَتِه<tajweed class=madda_normal>ِۦ</tajweed> وَيَ<tajweed class=qalaqah>جْ</tajweed>عَل لَّكُمْ نُو<tajweed class=ikhafa>رًا ت</tajweed>َمْشُونَ بِه<tajweed class=madda_normal>ِۦ</tajweed> وَيَغْفِرْ لَكُمْ‌ۚ وَ<tajweed class=ham_wasl>ٱ</tajweed>للَّهُ غَفُو<tajweed class=idgham_wo_ghunnah>رٌ ر</tajweed>َّح<tajweed class=madda_permissible>ِي</tajweed>مٌ <span class=end>٢٨</span>","End":"٢٨","PageNumber":541,"JuzNumber":27,"ManzilNumber":7,"RukuNumber":475,"MaqraNumber":216,"HizbNumber":54,"HizbDecimal":0.75,"HasSajda":false},{"SurahNumber":57,"SurahIndex":"057","VerseNumber":29,"ShowSurahName":false,"ShowBismillah":false,"Text":"لِّئَلَّا يَعۡلَمَ أَهۡلُ ٱلۡكِتَٰبِ أَلَّا يَقۡدِرُونَ عَلَىٰ شَيۡءٖ مِّن فَضۡلِ ٱللَّهِ وَأَنَّ ٱلۡفَضۡلَ بِيَدِ ٱللَّهِ يُؤۡتِيهِ مَن يَشَآءُۚ وَٱللَّهُ ذُو ٱلۡفَضۡلِ ٱلۡعَظِيمِ","TajweedText":"لِّئَلَّا يَعْلَمَ أَهْلُ <tajweed class=ham_wasl>ٱ</tajweed>لْكِتَ<tajweed class=madda_normal>ـٰ</tajweed>بِ أَلَّا يَ<tajweed class=qalaqah>قْ</tajweed>دِرُونَ عَلَىٰ ش<tajweed class=idgham_ghunnah>َىْءٍ م</tajweed>ِّ<tajweed class=ikhafa>ن ف</tajweed>َضْلِ <tajweed class=ham_wasl>ٱ</tajweed>للَّهِ‌ۙ وَأَ<tajweed class=ghunnah>نّ</tajweed>َ <tajweed class=ham_wasl>ٱ</tajweed>لْفَضْلَ بِيَدِ <tajweed class=ham_wasl>ٱ</tajweed>للَّهِ يُؤْتِيهِ م<tajweed class=idgham_ghunnah>َن ي</tajweed>َش<tajweed class=madda_obligatory>َا</tajweed>ٓءُ‌ۚ وَ<tajweed class=ham_wasl>ٱ</tajweed>للَّهُ ذُو <tajweed class=ham_wasl>ٱ</tajweed>لْفَضْلِ <tajweed class=ham_wasl>ٱ</tajweed>لْعَظ<tajweed class=madda_permissible>ِي</tajweed>مِ <span class=end>٢٩</span>","End":"٢٩","PageNumber":541,"JuzNumber":27,"ManzilNumber":7,"RukuNumber":475,"MaqraNumber":216,"HizbNumber":54,"HizbDecimal":0.75,"HasSajda":false}]}