{"RukuNumber":128,"Verses":[{"SurahNumber":7,"SurahIndex":"007","VerseNumber":54,"ShowSurahName":false,"ShowBismillah":false,"Text":"إِنَّ رَبَّكُمُ ٱللَّهُ ٱلَّذِي خَلَقَ ٱلسَّمَٰوَٰتِ وَٱلۡأَرۡضَ فِي سِتَّةِ أَيَّامٖ ثُمَّ ٱسۡتَوَىٰ عَلَى ٱلۡعَرۡشِۖ يُغۡشِي ٱلَّيۡلَ ٱلنَّهَارَ يَطۡلُبُهُۥ حَثِيثٗا وَٱلشَّمۡسَ وَٱلۡقَمَرَ وَٱلنُّجُومَ مُسَخَّرَٰتِۭ بِأَمۡرِهِۦٓۗ أَلَا لَهُ ٱلۡخَلۡقُ وَٱلۡأَمۡرُۗ تَبَارَكَ ٱللَّهُ رَبُّ ٱلۡعَٰلَمِينَ","TajweedText":"إِ<tajweed class=ghunnah>نّ</tajweed>َ رَبَّكُمُ <tajweed class=ham_wasl>ٱ</tajweed>للَّهُ <tajweed class=ham_wasl>ٱ</tajweed>لَّذِى خَلَقَ <tajweed class=ham_wasl>ٱ</tajweed><tajweed class=laam_shamsiyah>ل</tajweed>سَّمَ<tajweed class=madda_normal>ـٰ</tajweed>و<tajweed class=madda_normal>َٲ</tajweed>تِ وَ<tajweed class=ham_wasl>ٱ</tajweed>لْأَرْضَ فِى سِتَّةِ أَيَّا<tajweed class=ikhafa>مٍ ث</tajweed>ُ<tajweed class=ghunnah>مّ</tajweed>َ <tajweed class=ham_wasl>ٱ</tajweed>سْتَوَىٰ عَلَى <tajweed class=ham_wasl>ٱ</tajweed>لْعَرْشِ يُغْشِى <tajweed class=ham_wasl>ٱ</tajweed>لَّيْلَ <tajweed class=ham_wasl>ٱ</tajweed><tajweed class=laam_shamsiyah>ل</tajweed><tajweed class=ghunnah>نّ</tajweed>َهَارَ يَ<tajweed class=qalaqah>طْ</tajweed>لُبُهُ<tajweed class=madda_normal>ۥ</tajweed> حَثِي<tajweed class=idgham_ghunnah>ثًا و</tajweed>َ<tajweed class=ham_wasl>ٱ</tajweed><tajweed class=laam_shamsiyah>ل</tajweed>شَّمْسَ وَ<tajweed class=ham_wasl>ٱ</tajweed>لْقَمَرَ وَ<tajweed class=ham_wasl>ٱ</tajweed><tajweed class=laam_shamsiyah>ل</tajweed><tajweed class=ghunnah>نّ</tajweed>ُجُومَ مُسَخَّر<tajweed class=madda_normal>َٲ</tajweed><tajweed class=iqlab>تِۭ ب</tajweed>ِأَمْرِه<tajweed class=madda_obligatory>ِۦٓ‌ۗ</tajweed> أَلَا لَهُ <tajweed class=ham_wasl>ٱ</tajweed>لْخَلْقُ وَ<tajweed class=ham_wasl>ٱ</tajweed>لْأَمْرُ‌ۗ تَبَارَكَ <tajweed class=ham_wasl>ٱ</tajweed>للَّهُ رَبُّ <tajweed class=ham_wasl>ٱ</tajweed>لْعَ<tajweed class=madda_normal>ـٰ</tajweed>لَم<tajweed class=madda_permissible>ِي</tajweed>نَ <span class=end>٥٤</span>","End":"٥٤","PageNumber":157,"JuzNumber":8,"ManzilNumber":2,"RukuNumber":128,"MaqraNumber":63,"HizbNumber":16,"HizbDecimal":0.5,"HasSajda":false},{"SurahNumber":7,"SurahIndex":"007","VerseNumber":55,"ShowSurahName":false,"ShowBismillah":false,"Text":"ٱدۡعُواْ رَبَّكُمۡ تَضَرُّعٗا وَخُفۡيَةًۚ إِنَّهُۥ لَا يُحِبُّ ٱلۡمُعۡتَدِينَ","TajweedText":"ٱ<tajweed class=qalaqah>دْ</tajweed>عُو<tajweed class=slnt>اْ</tajweed> رَبَّكُمْ تَضَرُّ<tajweed class=idgham_ghunnah>عًا و</tajweed>َخُفْيَةً‌ۚ إِ<tajweed class=ghunnah>نّ</tajweed>َهُ<tajweed class=madda_normal>ۥ</tajweed> لَا يُحِبُّ <tajweed class=ham_wasl>ٱ</tajweed>لْمُعْتَد<tajweed class=madda_permissible>ِي</tajweed>نَ <span class=end>٥٥</span>","End":"٥٥","PageNumber":157,"JuzNumber":8,"ManzilNumber":2,"RukuNumber":128,"MaqraNumber":63,"HizbNumber":16,"HizbDecimal":0.5,"HasSajda":false},{"SurahNumber":7,"SurahIndex":"007","VerseNumber":56,"ShowSurahName":false,"ShowBismillah":false,"Text":"وَلَا تُفۡسِدُواْ فِي ٱلۡأَرۡضِ بَعۡدَ إِصۡلَٰحِهَا وَٱدۡعُوهُ خَوۡفٗا وَطَمَعًاۚ إِنَّ رَحۡمَتَ ٱللَّهِ قَرِيبٞ مِّنَ ٱلۡمُحۡسِنِينَ","TajweedText":"وَلَا تُفْسِدُو<tajweed class=slnt>اْ</tajweed> فِى <tajweed class=ham_wasl>ٱ</tajweed>لْأَرْضِ بَعْدَ إِصْلَ<tajweed class=madda_normal>ـٰ</tajweed>حِهَا وَ<tajweed class=ham_wasl>ٱ</tajweed><tajweed class=qalaqah>دْ</tajweed>عُوهُ خَوْ<tajweed class=idgham_ghunnah>فًا و</tajweed>َطَمَعًا‌ۚ إِ<tajweed class=ghunnah>نّ</tajweed>َ رَحْمَتَ <tajweed class=ham_wasl>ٱ</tajweed>للَّهِ قَرِي<tajweed class=idgham_ghunnah>بٌ م</tajweed>ِّنَ <tajweed class=ham_wasl>ٱ</tajweed>لْمُحْسِن<tajweed class=madda_permissible>ِي</tajweed>نَ <span class=end>٥٦</span>","End":"٥٦","PageNumber":157,"JuzNumber":8,"ManzilNumber":2,"RukuNumber":128,"MaqraNumber":63,"HizbNumber":16,"HizbDecimal":0.5,"HasSajda":false},{"SurahNumber":7,"SurahIndex":"007","VerseNumber":57,"ShowSurahName":false,"ShowBismillah":false,"Text":"وَهُوَ ٱلَّذِي يُرۡسِلُ ٱلرِّيَٰحَ بُشۡرَۢا بَيۡنَ يَدَيۡ رَحۡمَتِهِۦۖ حَتَّىٰٓ إِذَآ أَقَلَّتۡ سَحَابٗا ثِقَالٗا سُقۡنَٰهُ لِبَلَدٖ مَّيِّتٖ فَأَنزَلۡنَا بِهِ ٱلۡمَآءَ فَأَخۡرَجۡنَا بِهِۦ مِن كُلِّ ٱلثَّمَرَٰتِۚ كَذَٰلِكَ نُخۡرِجُ ٱلۡمَوۡتَىٰ لَعَلَّكُمۡ تَذَكَّرُونَ","TajweedText":"وَهُوَ <tajweed class=ham_wasl>ٱ</tajweed>لَّذِى يُرْسِلُ <tajweed class=ham_wasl>ٱ</tajweed><tajweed class=laam_shamsiyah>ل</tajweed>رِّيَ<tajweed class=madda_normal>ـٰ</tajweed>حَ بُشْر<tajweed class=iqlab>َۢا ب</tajweed>َيْنَ يَدَىْ رَحْمَتِه<tajweed class=madda_normal>ِۦ</tajweed>‌ۖ حَتَّ<tajweed class=madda_obligatory>ىٰٓ</tajweed> إِذ<tajweed class=madda_obligatory>َآ</tajweed> أَقَلَّتْ سَحَا<tajweed class=ikhafa>بًا ث</tajweed>ِقَال<tajweed class=ikhafa>اً س</tajweed>ُ<tajweed class=qalaqah>قْ</tajweed>نَ<tajweed class=madda_normal>ـٰ</tajweed>هُ لِبَلَ<tajweed class=idgham_ghunnah>دٍ م</tajweed>َّيِّ<tajweed class=ikhafa>تٍ ف</tajweed>َأَ<tajweed class=ikhafa>نز</tajweed>َلْنَا بِهِ <tajweed class=ham_wasl>ٱ</tajweed>لْم<tajweed class=madda_obligatory>َا</tajweed>ٓءَ فَأَخْرَ<tajweed class=qalaqah>جْ</tajweed>نَا بِه<tajweed class=madda_normal>ِۦ</tajweed> مِ<tajweed class=ikhafa>ن ك</tajweed>ُلِّ <tajweed class=ham_wasl>ٱ</tajweed><tajweed class=laam_shamsiyah>ل</tajweed>ثَّمَر<tajweed class=madda_normal>َٲ</tajweed>تِ‌ۚ كَذ<tajweed class=madda_normal>َٲ</tajweed>لِكَ نُخْرِجُ <tajweed class=ham_wasl>ٱ</tajweed>لْمَوْتَىٰ لَعَلَّكُمْ تَذَكَّر<tajweed class=madda_permissible>ُو</tajweed>نَ <span class=end>٥٧</span>","End":"٥٧","PageNumber":157,"JuzNumber":8,"ManzilNumber":2,"RukuNumber":128,"MaqraNumber":63,"HizbNumber":16,"HizbDecimal":0.5,"HasSajda":false},{"SurahNumber":7,"SurahIndex":"007","VerseNumber":58,"ShowSurahName":false,"ShowBismillah":false,"Text":"وَٱلۡبَلَدُ ٱلطَّيِّبُ يَخۡرُجُ نَبَاتُهُۥ بِإِذۡنِ رَبِّهِۦۖ وَٱلَّذِي خَبُثَ لَا يَخۡرُجُ إِلَّا نَكِدٗاۚ كَذَٰلِكَ نُصَرِّفُ ٱلۡأٓيَٰتِ لِقَوۡمٖ يَشۡكُرُونَ","TajweedText":"وَ<tajweed class=ham_wasl>ٱ</tajweed>لْبَلَدُ <tajweed class=ham_wasl>ٱ</tajweed><tajweed class=laam_shamsiyah>ل</tajweed>طَّيِّبُ يَخْرُجُ نَبَاتُهُ<tajweed class=madda_normal>ۥ</tajweed> بِإِذْنِ رَبِّه<tajweed class=madda_normal>ِۦ</tajweed>‌ۖ وَ<tajweed class=ham_wasl>ٱ</tajweed>لَّذِى خَبُثَ لَا يَخْرُجُ إِلَّا نَكِ<tajweed class=ikhafa>دًا‌ۚ ك</tajweed>َذ<tajweed class=madda_normal>َٲ</tajweed>لِكَ نُصَرِّفُ <tajweed class=ham_wasl>ٱ</tajweed>لْأَيَ<tajweed class=madda_normal>ـٰ</tajweed>تِ لِقَوْ<tajweed class=idgham_ghunnah>مٍ ي</tajweed>َشْكُر<tajweed class=madda_permissible>ُو</tajweed>نَ <span class=end>٥٨</span>","End":"٥٨","PageNumber":158,"JuzNumber":8,"ManzilNumber":2,"RukuNumber":128,"MaqraNumber":63,"HizbNumber":16,"HizbDecimal":0.5,"HasSajda":false}]}