{"RukuNumber":539,"Verses":[{"SurahNumber":97,"SurahIndex":"097","VerseNumber":1,"ShowSurahName":true,"ShowBismillah":true,"Text":"إِنَّآ أَنزَلۡنَٰهُ فِي لَيۡلَةِ ٱلۡقَدۡرِ","TajweedText":"إِ<tajweed class=ghunnah>نّ</tajweed><tajweed class=madda_obligatory>َآ</tajweed> أَ<tajweed class=ikhafa>نز</tajweed>َلْنَ<tajweed class=madda_normal>ـٰ</tajweed>هُ فِى لَيْلَةِ <tajweed class=ham_wasl>ٱ</tajweed>لْقَ<tajweed class=qalaqah>دْ</tajweed>رِ <span class=end>١</span>","End":"١","PageNumber":598,"JuzNumber":30,"ManzilNumber":7,"RukuNumber":539,"MaqraNumber":239,"HizbNumber":60,"HizbDecimal":0.5,"HasSajda":false},{"SurahNumber":97,"SurahIndex":"097","VerseNumber":2,"ShowSurahName":false,"ShowBismillah":false,"Text":"وَمَآ أَدۡرَىٰكَ مَا لَيۡلَةُ ٱلۡقَدۡرِ","TajweedText":"وَم<tajweed class=madda_obligatory>َآ</tajweed> أَ<tajweed class=qalaqah>دْ</tajweed>رَ<tajweed class=madda_normal>ٮٰ</tajweed>كَ مَا لَيْلَةُ <tajweed class=ham_wasl>ٱ</tajweed>لْقَ<tajweed class=qalaqah>دْ</tajweed>رِ <span class=end>٢</span>","End":"٢","PageNumber":598,"JuzNumber":30,"ManzilNumber":7,"RukuNumber":539,"MaqraNumber":239,"HizbNumber":60,"HizbDecimal":0.5,"HasSajda":false},{"SurahNumber":97,"SurahIndex":"097","VerseNumber":3,"ShowSurahName":false,"ShowBismillah":false,"Text":"لَيۡلَةُ ٱلۡقَدۡرِ خَيۡرٞ مِّنۡ أَلۡفِ شَهۡرٖ","TajweedText":"لَيْلَةُ <tajweed class=ham_wasl>ٱ</tajweed>لْقَ<tajweed class=qalaqah>دْ</tajweed>رِ خَيْ<tajweed class=idgham_ghunnah>رٌ م</tajweed>ِّنْ أَلْفِ شَهْرٍ <span class=end>٣</span>","End":"٣","PageNumber":598,"JuzNumber":30,"ManzilNumber":7,"RukuNumber":539,"MaqraNumber":239,"HizbNumber":60,"HizbDecimal":0.5,"HasSajda":false},{"SurahNumber":97,"SurahIndex":"097","VerseNumber":4,"ShowSurahName":false,"ShowBismillah":false,"Text":"تَنَزَّلُ ٱلۡمَلَـٰٓئِكَةُ وَٱلرُّوحُ فِيهَا بِإِذۡنِ رَبِّهِم مِّن كُلِّ أَمۡرٖ","TajweedText":"تَنَزَّلُ <tajweed class=ham_wasl>ٱ</tajweed>لْمَلَ<tajweed class=madda_obligatory>ـٰٓ</tajweed>ئِكَةُ وَ<tajweed class=ham_wasl>ٱ</tajweed><tajweed class=laam_shamsiyah>ل</tajweed>رُّوحُ فِيهَا بِإِذْنِ رَبِّه<tajweed class=idgham_shafawi>ِم م</tajweed>ِّ<tajweed class=ikhafa>ن ك</tajweed>ُلِّ أَمْرٍ <span class=end>٤</span>","End":"٤","PageNumber":598,"JuzNumber":30,"ManzilNumber":7,"RukuNumber":539,"MaqraNumber":239,"HizbNumber":60,"HizbDecimal":0.5,"HasSajda":false},{"SurahNumber":97,"SurahIndex":"097","VerseNumber":5,"ShowSurahName":false,"ShowBismillah":false,"Text":"سَلَٰمٌ هِيَ حَتَّىٰ مَطۡلَعِ ٱلۡفَجۡرِ","TajweedText":"سَلَ<tajweed class=madda_normal>ـٰ</tajweed>مٌ هِىَ حَتَّىٰ مَ<tajweed class=qalaqah>طْ</tajweed>لَعِ <tajweed class=ham_wasl>ٱ</tajweed>لْفَ<tajweed class=qalaqah>جْ</tajweed>رِ <span class=end>٥</span>","End":"٥","PageNumber":598,"JuzNumber":30,"ManzilNumber":7,"RukuNumber":539,"MaqraNumber":239,"HizbNumber":60,"HizbDecimal":0.5,"HasSajda":false}]}