{"RukuNumber":356,"Verses":[{"SurahNumber":31,"SurahIndex":"031","VerseNumber":12,"ShowSurahName":false,"ShowBismillah":false,"Text":"وَلَقَدۡ ءَاتَيۡنَا لُقۡمَٰنَ ٱلۡحِكۡمَةَ أَنِ ٱشۡكُرۡ لِلَّهِۚ وَمَن يَشۡكُرۡ فَإِنَّمَا يَشۡكُرُ لِنَفۡسِهِۦۖ وَمَن كَفَرَ فَإِنَّ ٱللَّهَ غَنِيٌّ حَمِيدٞ","TajweedText":"وَلَقَ<tajweed class=qalaqah>دْ</tajweed> ءَاتَيْنَا لُ<tajweed class=qalaqah>قْ</tajweed>مَ<tajweed class=madda_normal>ـٰ</tajweed>نَ <tajweed class=ham_wasl>ٱ</tajweed>لْحِكْمَةَ أَنِ <tajweed class=ham_wasl>ٱ</tajweed>شْكُرْ لِلَّهِ‌ۚ وَم<tajweed class=idgham_ghunnah>َن ي</tajweed>َشْكُرْ فَإِ<tajweed class=ghunnah>نّ</tajweed>َمَا يَشْكُرُ لِنَفْسِه<tajweed class=madda_normal>ِۦ</tajweed>‌ۖ وَمَ<tajweed class=ikhafa>ن ك</tajweed>َفَرَ فَإِ<tajweed class=ghunnah>نّ</tajweed>َ <tajweed class=ham_wasl>ٱ</tajweed>للَّهَ غَنِىٌّ حَم<tajweed class=madda_permissible>ِي</tajweed><tajweed class=qalaqah>د</tajweed>ٌ <span class=end>١٢</span>","End":"١٢","PageNumber":412,"JuzNumber":21,"ManzilNumber":5,"RukuNumber":356,"MaqraNumber":164,"HizbNumber":41,"HizbDecimal":0.75,"HasSajda":false},{"SurahNumber":31,"SurahIndex":"031","VerseNumber":13,"ShowSurahName":false,"ShowBismillah":false,"Text":"وَإِذۡ قَالَ لُقۡمَٰنُ لِٱبۡنِهِۦ وَهُوَ يَعِظُهُۥ يَٰبُنَيَّ لَا تُشۡرِكۡ بِٱللَّهِۖ إِنَّ ٱلشِّرۡكَ لَظُلۡمٌ عَظِيمٞ","TajweedText":"وَإِذْ قَالَ لُ<tajweed class=qalaqah>قْ</tajweed>مَ<tajweed class=madda_normal>ـٰ</tajweed>نُ لِ<tajweed class=ham_wasl>ٱ</tajweed><tajweed class=qalaqah>بْ</tajweed>نِه<tajweed class=madda_normal>ِۦ</tajweed> وَهُوَ يَعِظُهُ<tajweed class=madda_normal>ۥ</tajweed> يَ<tajweed class=madda_normal>ـٰ</tajweed>بُنَىَّ لَا تُشْرِكْ بِ<tajweed class=ham_wasl>ٱ</tajweed>للَّهِ‌ۖ إِ<tajweed class=ghunnah>نّ</tajweed>َ <tajweed class=ham_wasl>ٱ</tajweed><tajweed class=laam_shamsiyah>ل</tajweed>شِّرْكَ لَظُلْمٌ عَظ<tajweed class=madda_permissible>ِي</tajweed>مٌ <span class=end>١٣</span>","End":"١٣","PageNumber":412,"JuzNumber":21,"ManzilNumber":5,"RukuNumber":356,"MaqraNumber":164,"HizbNumber":41,"HizbDecimal":0.75,"HasSajda":false},{"SurahNumber":31,"SurahIndex":"031","VerseNumber":14,"ShowSurahName":false,"ShowBismillah":false,"Text":"وَوَصَّيۡنَا ٱلۡإِنسَٰنَ بِوَٰلِدَيۡهِ حَمَلَتۡهُ أُمُّهُۥ وَهۡنًا عَلَىٰ وَهۡنٖ وَفِصَٰلُهُۥ فِي عَامَيۡنِ أَنِ ٱشۡكُرۡ لِي وَلِوَٰلِدَيۡكَ إِلَيَّ ٱلۡمَصِيرُ","TajweedText":"وَوَصَّيْنَا <tajweed class=ham_wasl>ٱ</tajweed>لْإِ<tajweed class=ikhafa>نس</tajweed>َ<tajweed class=madda_normal>ـٰ</tajweed>نَ بِو<tajweed class=madda_normal>َٲ</tajweed>لِدَيْهِ حَمَلَتْهُ أُ<tajweed class=ghunnah>مّ</tajweed>ُهُ<tajweed class=madda_normal>ۥ</tajweed> وَهْنًا عَلَىٰ وَهْ<tajweed class=idgham_ghunnah>نٍ و</tajweed>َفِصَ<tajweed class=madda_normal>ـٰ</tajweed>لُهُ<tajweed class=madda_normal>ۥ</tajweed> فِى عَامَيْنِ أَنِ <tajweed class=ham_wasl>ٱ</tajweed>شْكُرْ لِى وَلِو<tajweed class=madda_normal>َٲ</tajweed>لِدَيْكَ إِلَىَّ <tajweed class=ham_wasl>ٱ</tajweed>لْمَص<tajweed class=madda_permissible>ِي</tajweed>رُ <span class=end>١٤</span>","End":"١٤","PageNumber":412,"JuzNumber":21,"ManzilNumber":5,"RukuNumber":356,"MaqraNumber":164,"HizbNumber":41,"HizbDecimal":0.75,"HasSajda":false},{"SurahNumber":31,"SurahIndex":"031","VerseNumber":15,"ShowSurahName":false,"ShowBismillah":false,"Text":"وَإِن جَٰهَدَاكَ عَلَىٰٓ أَن تُشۡرِكَ بِي مَا لَيۡسَ لَكَ بِهِۦ عِلۡمٞ فَلَا تُطِعۡهُمَاۖ وَصَاحِبۡهُمَا فِي ٱلدُّنۡيَا مَعۡرُوفٗاۖ وَٱتَّبِعۡ سَبِيلَ مَنۡ أَنَابَ إِلَيَّۚ ثُمَّ إِلَيَّ مَرۡجِعُكُمۡ فَأُنَبِّئُكُم بِمَا كُنتُمۡ تَعۡمَلُونَ","TajweedText":"وَإِ<tajweed class=ikhafa>ن ج</tajweed>َ<tajweed class=madda_normal>ـٰ</tajweed>هَدَاكَ عَلَ<tajweed class=madda_obligatory>ىٰٓ</tajweed> أَ<tajweed class=ikhafa>ن ت</tajweed>ُشْرِكَ بِى مَا لَيْسَ لَكَ بِه<tajweed class=madda_normal>ِۦ</tajweed> عِلْ<tajweed class=ikhafa>مٌ ف</tajweed>َلَا تُطِعْهُمَا‌ۖ وَصَاحِ<tajweed class=qalaqah>بْ</tajweed>هُمَا فِى <tajweed class=ham_wasl>ٱ</tajweed><tajweed class=laam_shamsiyah>ل</tajweed>دُّنْيَا مَعْرُو<tajweed class=idgham_ghunnah>فًا‌ۖ و</tajweed>َ<tajweed class=ham_wasl>ٱ</tajweed>تَّبِعْ سَبِيلَ مَنْ أَنَابَ إِلَىَّ‌ۚ ثُ<tajweed class=ghunnah>مّ</tajweed>َ إِلَىَّ مَرْجِعُكُمْ فَأُنَبِّئُك<tajweed class=ikhafa_shafawi>ُم ب</tajweed>ِمَا كُ<tajweed class=ikhafa>نت</tajweed>ُمْ تَعْمَل<tajweed class=madda_permissible>ُو</tajweed>نَ <span class=end>١٥</span>","End":"١٥","PageNumber":412,"JuzNumber":21,"ManzilNumber":5,"RukuNumber":356,"MaqraNumber":164,"HizbNumber":41,"HizbDecimal":0.75,"HasSajda":false},{"SurahNumber":31,"SurahIndex":"031","VerseNumber":16,"ShowSurahName":false,"ShowBismillah":false,"Text":"يَٰبُنَيَّ إِنَّهَآ إِن تَكُ مِثۡقَالَ حَبَّةٖ مِّنۡ خَرۡدَلٖ فَتَكُن فِي صَخۡرَةٍ أَوۡ فِي ٱلسَّمَٰوَٰتِ أَوۡ فِي ٱلۡأَرۡضِ يَأۡتِ بِهَا ٱللَّهُۚ إِنَّ ٱللَّهَ لَطِيفٌ خَبِيرٞ","TajweedText":"يَ<tajweed class=madda_normal>ـٰ</tajweed>بُنَىَّ إِ<tajweed class=ghunnah>نّ</tajweed>َه<tajweed class=madda_obligatory>َآ</tajweed> إِ<tajweed class=ikhafa>ن ت</tajweed>َكُ مِثْقَالَ حَبَّ<tajweed class=idgham_ghunnah>ةٍ م</tajweed>ِّنْ خَرْدَ<tajweed class=ikhafa>لٍ ف</tajweed>َتَكُ<tajweed class=ikhafa>ن ف</tajweed>ِى صَخْرَةٍ أَوْ فِى <tajweed class=ham_wasl>ٱ</tajweed><tajweed class=laam_shamsiyah>ل</tajweed>سَّمَ<tajweed class=madda_normal>ـٰ</tajweed>و<tajweed class=madda_normal>َٲ</tajweed>تِ أَوْ فِى <tajweed class=ham_wasl>ٱ</tajweed>لْأَرْضِ يَأْتِ بِهَا <tajweed class=ham_wasl>ٱ</tajweed>للَّهُ‌ۚ إِ<tajweed class=ghunnah>نّ</tajweed>َ <tajweed class=ham_wasl>ٱ</tajweed>للَّهَ لَطِيفٌ خَب<tajweed class=madda_permissible>ِي</tajweed>رٌ <span class=end>١٦</span>","End":"١٦","PageNumber":412,"JuzNumber":21,"ManzilNumber":5,"RukuNumber":356,"MaqraNumber":164,"HizbNumber":41,"HizbDecimal":0.75,"HasSajda":false},{"SurahNumber":31,"SurahIndex":"031","VerseNumber":17,"ShowSurahName":false,"ShowBismillah":false,"Text":"يَٰبُنَيَّ أَقِمِ ٱلصَّلَوٰةَ وَأۡمُرۡ بِٱلۡمَعۡرُوفِ وَٱنۡهَ عَنِ ٱلۡمُنكَرِ وَٱصۡبِرۡ عَلَىٰ مَآ أَصَابَكَۖ إِنَّ ذَٰلِكَ مِنۡ عَزۡمِ ٱلۡأُمُورِ","TajweedText":"يَ<tajweed class=madda_normal>ـٰ</tajweed>بُنَىَّ أَقِمِ <tajweed class=ham_wasl>ٱ</tajweed><tajweed class=laam_shamsiyah>ل</tajweed>صَّلَ<tajweed class=slnt>و</tajweed><tajweed class=madda_normal>ٲ</tajweed>ةَ وَأْمُرْ بِ<tajweed class=ham_wasl>ٱ</tajweed>لْمَعْرُوفِ وَ<tajweed class=ham_wasl>ٱ</tajweed>نْهَ عَنِ <tajweed class=ham_wasl>ٱ</tajweed>لْمُ<tajweed class=ikhafa>نك</tajweed>َرِ وَ<tajweed class=ham_wasl>ٱ</tajweed>صْبِرْ عَلَىٰ م<tajweed class=madda_obligatory>َآ</tajweed> أَصَابَكَ‌ۖ إِ<tajweed class=ghunnah>نّ</tajweed>َ ذ<tajweed class=madda_normal>َٲ</tajweed>لِكَ مِنْ عَزْمِ <tajweed class=ham_wasl>ٱ</tajweed>لْأُم<tajweed class=madda_permissible>ُو</tajweed>رِ <span class=end>١٧</span>","End":"١٧","PageNumber":412,"JuzNumber":21,"ManzilNumber":5,"RukuNumber":356,"MaqraNumber":164,"HizbNumber":41,"HizbDecimal":0.75,"HasSajda":false},{"SurahNumber":31,"SurahIndex":"031","VerseNumber":18,"ShowSurahName":false,"ShowBismillah":false,"Text":"وَلَا تُصَعِّرۡ خَدَّكَ لِلنَّاسِ وَلَا تَمۡشِ فِي ٱلۡأَرۡضِ مَرَحًاۖ إِنَّ ٱللَّهَ لَا يُحِبُّ كُلَّ مُخۡتَالٖ فَخُورٖ","TajweedText":"وَلَا تُصَعِّرْ خَدَّكَ لِل<tajweed class=ghunnah>نّ</tajweed>َاسِ وَلَا تَمْشِ فِى <tajweed class=ham_wasl>ٱ</tajweed>لْأَرْضِ مَرَحًا‌ۖ إِ<tajweed class=ghunnah>نّ</tajweed>َ <tajweed class=ham_wasl>ٱ</tajweed>للَّهَ لَا يُحِبُّ كُلَّ مُخْتَا<tajweed class=ikhafa>لٍ ف</tajweed>َخ<tajweed class=madda_permissible>ُو</tajweed>رٍ <span class=end>١٨</span>","End":"١٨","PageNumber":412,"JuzNumber":21,"ManzilNumber":5,"RukuNumber":356,"MaqraNumber":164,"HizbNumber":41,"HizbDecimal":0.75,"HasSajda":false},{"SurahNumber":31,"SurahIndex":"031","VerseNumber":19,"ShowSurahName":false,"ShowBismillah":false,"Text":"وَٱقۡصِدۡ فِي مَشۡيِكَ وَٱغۡضُضۡ مِن صَوۡتِكَۚ إِنَّ أَنكَرَ ٱلۡأَصۡوَٰتِ لَصَوۡتُ ٱلۡحَمِيرِ","TajweedText":"وَ<tajweed class=ham_wasl>ٱ</tajweed><tajweed class=qalaqah>قْ</tajweed>صِ<tajweed class=qalaqah>دْ</tajweed> فِى مَشْيِكَ وَ<tajweed class=ham_wasl>ٱ</tajweed>غْضُضْ مِ<tajweed class=ikhafa>ن ص</tajweed>َوْتِكَ‌ۚ إِ<tajweed class=ghunnah>نّ</tajweed>َ أَ<tajweed class=ikhafa>نك</tajweed>َرَ <tajweed class=ham_wasl>ٱ</tajweed>لْأَصْو<tajweed class=madda_normal>َٲ</tajweed>تِ لَصَوْتُ <tajweed class=ham_wasl>ٱ</tajweed>لْحَم<tajweed class=madda_permissible>ِي</tajweed>رِ <span class=end>١٩</span>","End":"١٩","PageNumber":412,"JuzNumber":21,"ManzilNumber":5,"RukuNumber":356,"MaqraNumber":164,"HizbNumber":41,"HizbDecimal":0.75,"HasSajda":false}]}