{"RukuNumber":472,"Verses":[{"SurahNumber":57,"SurahIndex":"057","VerseNumber":1,"ShowSurahName":true,"ShowBismillah":true,"Text":"سَبَّحَ لِلَّهِ مَا فِي ٱلسَّمَٰوَٰتِ وَٱلۡأَرۡضِۖ وَهُوَ ٱلۡعَزِيزُ ٱلۡحَكِيمُ","TajweedText":"سَبَّحَ لِلَّهِ مَا فِى <tajweed class=ham_wasl>ٱ</tajweed><tajweed class=laam_shamsiyah>ل</tajweed>سَّمَ<tajweed class=madda_normal>ـٰ</tajweed>و<tajweed class=madda_normal>َٲ</tajweed>تِ وَ<tajweed class=ham_wasl>ٱ</tajweed>لْأَرْضِ‌ۖ وَهُوَ <tajweed class=ham_wasl>ٱ</tajweed>لْعَزِيزُ <tajweed class=ham_wasl>ٱ</tajweed>لْحَك<tajweed class=madda_permissible>ِي</tajweed>مُ <span class=end>١</span>","End":"١","PageNumber":537,"JuzNumber":27,"ManzilNumber":7,"RukuNumber":472,"MaqraNumber":215,"HizbNumber":54,"HizbDecimal":0.5,"HasSajda":false},{"SurahNumber":57,"SurahIndex":"057","VerseNumber":2,"ShowSurahName":false,"ShowBismillah":false,"Text":"لَهُۥ مُلۡكُ ٱلسَّمَٰوَٰتِ وَٱلۡأَرۡضِۖ يُحۡيِۦ وَيُمِيتُۖ وَهُوَ عَلَىٰ كُلِّ شَيۡءٖ قَدِيرٌ","TajweedText":"لَهُ<tajweed class=madda_normal>ۥ</tajweed> مُلْكُ <tajweed class=ham_wasl>ٱ</tajweed><tajweed class=laam_shamsiyah>ل</tajweed>سَّمَ<tajweed class=madda_normal>ـٰ</tajweed>و<tajweed class=madda_normal>َٲ</tajweed>تِ وَ<tajweed class=ham_wasl>ٱ</tajweed>لْأَرْضِ‌ۖ يُحْى<tajweed class=madda_normal>ِۦ</tajweed> وَيُمِيتُ‌ۖ وَهُوَ عَلَىٰ كُلِّ ش<tajweed class=ikhafa>َىْءٍ ق</tajweed>َد<tajweed class=madda_permissible>ِي</tajweed>رٌ <span class=end>٢</span>","End":"٢","PageNumber":537,"JuzNumber":27,"ManzilNumber":7,"RukuNumber":472,"MaqraNumber":215,"HizbNumber":54,"HizbDecimal":0.5,"HasSajda":false},{"SurahNumber":57,"SurahIndex":"057","VerseNumber":3,"ShowSurahName":false,"ShowBismillah":false,"Text":"هُوَ ٱلۡأَوَّلُ وَٱلۡأٓخِرُ وَٱلظَّـٰهِرُ وَٱلۡبَاطِنُۖ وَهُوَ بِكُلِّ شَيۡءٍ عَلِيمٌ","TajweedText":"هُوَ <tajweed class=ham_wasl>ٱ</tajweed>لْأَوَّلُ وَ<tajweed class=ham_wasl>ٱ</tajweed>لْأَخِرُ وَ<tajweed class=ham_wasl>ٱ</tajweed><tajweed class=laam_shamsiyah>ل</tajweed>ظَّ<tajweed class=madda_normal>ـٰ</tajweed>هِرُ وَ<tajweed class=ham_wasl>ٱ</tajweed>لْبَاطِنُ‌ۖ وَهُوَ بِكُلِّ شَىْءٍ عَل<tajweed class=madda_permissible>ِي</tajweed>مٌ <span class=end>٣</span>","End":"٣","PageNumber":537,"JuzNumber":27,"ManzilNumber":7,"RukuNumber":472,"MaqraNumber":215,"HizbNumber":54,"HizbDecimal":0.5,"HasSajda":false},{"SurahNumber":57,"SurahIndex":"057","VerseNumber":4,"ShowSurahName":false,"ShowBismillah":false,"Text":"هُوَ ٱلَّذِي خَلَقَ ٱلسَّمَٰوَٰتِ وَٱلۡأَرۡضَ فِي سِتَّةِ أَيَّامٖ ثُمَّ ٱسۡتَوَىٰ عَلَى ٱلۡعَرۡشِۖ يَعۡلَمُ مَا يَلِجُ فِي ٱلۡأَرۡضِ وَمَا يَخۡرُجُ مِنۡهَا وَمَا يَنزِلُ مِنَ ٱلسَّمَآءِ وَمَا يَعۡرُجُ فِيهَاۖ وَهُوَ مَعَكُمۡ أَيۡنَ مَا كُنتُمۡۚ وَٱللَّهُ بِمَا تَعۡمَلُونَ بَصِيرٞ","TajweedText":"هُوَ <tajweed class=ham_wasl>ٱ</tajweed>لَّذِى خَلَقَ <tajweed class=ham_wasl>ٱ</tajweed><tajweed class=laam_shamsiyah>ل</tajweed>سَّمَ<tajweed class=madda_normal>ـٰ</tajweed>و<tajweed class=madda_normal>َٲ</tajweed>تِ وَ<tajweed class=ham_wasl>ٱ</tajweed>لْأَرْضَ فِى سِتَّةِ أَيَّا<tajweed class=ikhafa>مٍ ث</tajweed>ُ<tajweed class=ghunnah>مّ</tajweed>َ <tajweed class=ham_wasl>ٱ</tajweed>سْتَوَىٰ عَلَى <tajweed class=ham_wasl>ٱ</tajweed>لْعَرْشِ‌ۚ يَعْلَمُ مَا يَلِجُ فِى <tajweed class=ham_wasl>ٱ</tajweed>لْأَرْضِ وَمَا يَخْرُجُ مِنْهَا وَمَا يَ<tajweed class=ikhafa>نز</tajweed>ِلُ مِنَ <tajweed class=ham_wasl>ٱ</tajweed><tajweed class=laam_shamsiyah>ل</tajweed>سَّم<tajweed class=madda_obligatory>َا</tajweed>ٓءِ وَمَا يَعْرُجُ فِيهَا‌ۖ وَهُوَ مَعَكُمْ أَيْنَ مَا كُ<tajweed class=ikhafa>نت</tajweed>ُمْ‌ۚ وَ<tajweed class=ham_wasl>ٱ</tajweed>للَّهُ بِمَا تَعْمَلُونَ بَص<tajweed class=madda_permissible>ِي</tajweed>رٌ <span class=end>٤</span>","End":"٤","PageNumber":538,"JuzNumber":27,"ManzilNumber":7,"RukuNumber":472,"MaqraNumber":215,"HizbNumber":54,"HizbDecimal":0.5,"HasSajda":false},{"SurahNumber":57,"SurahIndex":"057","VerseNumber":5,"ShowSurahName":false,"ShowBismillah":false,"Text":"لَّهُۥ مُلۡكُ ٱلسَّمَٰوَٰتِ وَٱلۡأَرۡضِۚ وَإِلَى ٱللَّهِ تُرۡجَعُ ٱلۡأُمُورُ","TajweedText":"لَّهُ<tajweed class=madda_normal>ۥ</tajweed> مُلْكُ <tajweed class=ham_wasl>ٱ</tajweed><tajweed class=laam_shamsiyah>ل</tajweed>سَّمَ<tajweed class=madda_normal>ـٰ</tajweed>و<tajweed class=madda_normal>َٲ</tajweed>تِ وَ<tajweed class=ham_wasl>ٱ</tajweed>لْأَرْضِ‌ۚ وَإِلَى <tajweed class=ham_wasl>ٱ</tajweed>للَّهِ تُرْجَعُ <tajweed class=ham_wasl>ٱ</tajweed>لْأُم<tajweed class=madda_permissible>ُو</tajweed>رُ <span class=end>٥</span>","End":"٥","PageNumber":538,"JuzNumber":27,"ManzilNumber":7,"RukuNumber":472,"MaqraNumber":215,"HizbNumber":54,"HizbDecimal":0.5,"HasSajda":false},{"SurahNumber":57,"SurahIndex":"057","VerseNumber":6,"ShowSurahName":false,"ShowBismillah":false,"Text":"يُولِجُ ٱلَّيۡلَ فِي ٱلنَّهَارِ وَيُولِجُ ٱلنَّهَارَ فِي ٱلَّيۡلِۚ وَهُوَ عَلِيمُۢ بِذَاتِ ٱلصُّدُورِ","TajweedText":"يُولِجُ <tajweed class=ham_wasl>ٱ</tajweed>لَّيْلَ فِى <tajweed class=ham_wasl>ٱ</tajweed><tajweed class=laam_shamsiyah>ل</tajweed><tajweed class=ghunnah>نّ</tajweed>َهَارِ وَيُولِجُ <tajweed class=ham_wasl>ٱ</tajweed><tajweed class=laam_shamsiyah>ل</tajweed><tajweed class=ghunnah>نّ</tajweed>َهَارَ فِى <tajweed class=ham_wasl>ٱ</tajweed>لَّيْلِ‌ۚ وَهُوَ عَلِي<tajweed class=iqlab>مُۢ ب</tajweed>ِذَاتِ <tajweed class=ham_wasl>ٱ</tajweed><tajweed class=laam_shamsiyah>ل</tajweed>صُّد<tajweed class=madda_permissible>ُو</tajweed>رِ <span class=end>٦</span>","End":"٦","PageNumber":538,"JuzNumber":27,"ManzilNumber":7,"RukuNumber":472,"MaqraNumber":215,"HizbNumber":54,"HizbDecimal":0.5,"HasSajda":false},{"SurahNumber":57,"SurahIndex":"057","VerseNumber":7,"ShowSurahName":false,"ShowBismillah":false,"Text":"ءَامِنُواْ بِٱللَّهِ وَرَسُولِهِۦ وَأَنفِقُواْ مِمَّا جَعَلَكُم مُّسۡتَخۡلَفِينَ فِيهِۖ فَٱلَّذِينَ ءَامَنُواْ مِنكُمۡ وَأَنفَقُواْ لَهُمۡ أَجۡرٞ كَبِيرٞ","TajweedText":"ءَامِنُو<tajweed class=slnt>اْ</tajweed> بِ<tajweed class=ham_wasl>ٱ</tajweed>للَّهِ وَرَسُولِه<tajweed class=madda_normal>ِۦ</tajweed> وَأَ<tajweed class=ikhafa>نف</tajweed>ِقُو<tajweed class=slnt>اْ</tajweed> مِ<tajweed class=ghunnah>مّ</tajweed>َا جَعَلَك<tajweed class=idgham_shafawi>ُم م</tajweed>ُّسْتَخْلَفِينَ فِيهِ‌ۖ فَ<tajweed class=ham_wasl>ٱ</tajweed>لَّذِينَ ءَامَنُو<tajweed class=slnt>اْ</tajweed> مِ<tajweed class=ikhafa>نك</tajweed>ُمْ وَأَ<tajweed class=ikhafa>نف</tajweed>َقُو<tajweed class=slnt>اْ</tajweed> لَهُمْ أَ<tajweed class=qalaqah>جْ</tajweed><tajweed class=ikhafa>رٌ ك</tajweed>َب<tajweed class=madda_permissible>ِي</tajweed>رٌ <span class=end>٧</span>","End":"٧","PageNumber":538,"JuzNumber":27,"ManzilNumber":7,"RukuNumber":472,"MaqraNumber":215,"HizbNumber":54,"HizbDecimal":0.5,"HasSajda":false},{"SurahNumber":57,"SurahIndex":"057","VerseNumber":8,"ShowSurahName":false,"ShowBismillah":false,"Text":"وَمَا لَكُمۡ لَا تُؤۡمِنُونَ بِٱللَّهِ وَٱلرَّسُولُ يَدۡعُوكُمۡ لِتُؤۡمِنُواْ بِرَبِّكُمۡ وَقَدۡ أَخَذَ مِيثَٰقَكُمۡ إِن كُنتُم مُّؤۡمِنِينَ","TajweedText":"وَمَا لَكُمْ لَا تُؤْمِنُونَ بِ<tajweed class=ham_wasl>ٱ</tajweed>للَّهِ‌ۙ وَ<tajweed class=ham_wasl>ٱ</tajweed><tajweed class=laam_shamsiyah>ل</tajweed>رَّسُولُ يَ<tajweed class=qalaqah>دْ</tajweed>عُوكُمْ لِتُؤْمِنُو<tajweed class=slnt>اْ</tajweed> بِرَبِّكُمْ وَقَ<tajweed class=qalaqah>دْ</tajweed> أَخَذَ مِيثَ<tajweed class=madda_normal>ـٰ</tajweed>قَكُمْ إِ<tajweed class=ikhafa>ن ك</tajweed>ُ<tajweed class=ikhafa>نت</tajweed><tajweed class=idgham_shafawi>ُم م</tajweed>ُّؤْمِن<tajweed class=madda_permissible>ِي</tajweed>نَ <span class=end>٨</span>","End":"٨","PageNumber":538,"JuzNumber":27,"ManzilNumber":7,"RukuNumber":472,"MaqraNumber":215,"HizbNumber":54,"HizbDecimal":0.5,"HasSajda":false},{"SurahNumber":57,"SurahIndex":"057","VerseNumber":9,"ShowSurahName":false,"ShowBismillah":false,"Text":"هُوَ ٱلَّذِي يُنَزِّلُ عَلَىٰ عَبۡدِهِۦٓ ءَايَٰتِۭ بَيِّنَٰتٖ لِّيُخۡرِجَكُم مِّنَ ٱلظُّلُمَٰتِ إِلَى ٱلنُّورِۚ وَإِنَّ ٱللَّهَ بِكُمۡ لَرَءُوفٞ رَّحِيمٞ","TajweedText":"هُوَ <tajweed class=ham_wasl>ٱ</tajweed>لَّذِى يُنَزِّلُ عَلَىٰ عَ<tajweed class=qalaqah>بْ</tajweed>دِه<tajweed class=madda_obligatory>ِۦٓ</tajweed> ءَايَ<tajweed class=madda_normal>ـٰ</tajweed><tajweed class=iqlab>تِۭ ب</tajweed>َيِّنَ<tajweed class=madda_normal>ـٰ</tajweed><tajweed class=idgham_wo_ghunnah>تٍ ل</tajweed>ِّيُخْرِجَك<tajweed class=idgham_shafawi>ُم م</tajweed>ِّنَ <tajweed class=ham_wasl>ٱ</tajweed><tajweed class=laam_shamsiyah>ل</tajweed>ظُّلُمَ<tajweed class=madda_normal>ـٰ</tajweed>تِ إِلَى <tajweed class=ham_wasl>ٱ</tajweed><tajweed class=laam_shamsiyah>ل</tajweed><tajweed class=ghunnah>نّ</tajweed>ُورِ‌ۚ وَإِ<tajweed class=ghunnah>نّ</tajweed>َ <tajweed class=ham_wasl>ٱ</tajweed>للَّهَ بِكُمْ لَرَءُو<tajweed class=idgham_wo_ghunnah>فٌ ر</tajweed>َّح<tajweed class=madda_permissible>ِي</tajweed>مٌ <span class=end>٩</span>","End":"٩","PageNumber":538,"JuzNumber":27,"ManzilNumber":7,"RukuNumber":472,"MaqraNumber":215,"HizbNumber":54,"HizbDecimal":0.5,"HasSajda":false},{"SurahNumber":57,"SurahIndex":"057","VerseNumber":10,"ShowSurahName":false,"ShowBismillah":false,"Text":"وَمَا لَكُمۡ أَلَّا تُنفِقُواْ فِي سَبِيلِ ٱللَّهِ وَلِلَّهِ مِيرَٰثُ ٱلسَّمَٰوَٰتِ وَٱلۡأَرۡضِۚ لَا يَسۡتَوِي مِنكُم مَّنۡ أَنفَقَ مِن قَبۡلِ ٱلۡفَتۡحِ وَقَٰتَلَۚ أُوْلَـٰٓئِكَ أَعۡظَمُ دَرَجَةٗ مِّنَ ٱلَّذِينَ أَنفَقُواْ مِنۢ بَعۡدُ وَقَٰتَلُواْۚ وَكُلّٗا وَعَدَ ٱللَّهُ ٱلۡحُسۡنَىٰۚ وَٱللَّهُ بِمَا تَعۡمَلُونَ خَبِيرٞ","TajweedText":"وَمَا لَكُمْ أَلَّا تُ<tajweed class=ikhafa>نف</tajweed>ِقُو<tajweed class=slnt>اْ</tajweed> فِى سَبِيلِ <tajweed class=ham_wasl>ٱ</tajweed>للَّهِ وَلِلَّهِ مِير<tajweed class=madda_normal>َٲ</tajweed>ثُ <tajweed class=ham_wasl>ٱ</tajweed><tajweed class=laam_shamsiyah>ل</tajweed>سَّمَ<tajweed class=madda_normal>ـٰ</tajweed>و<tajweed class=madda_normal>َٲ</tajweed>تِ وَ<tajweed class=ham_wasl>ٱ</tajweed>لْأَرْضِ‌ۚ لَا يَسْتَوِى مِ<tajweed class=ikhafa>نك</tajweed><tajweed class=idgham_shafawi>ُم م</tajweed>َّنْ أَ<tajweed class=ikhafa>نف</tajweed>َقَ مِ<tajweed class=ikhafa>ن ق</tajweed>َ<tajweed class=qalaqah>بْ</tajweed>لِ <tajweed class=ham_wasl>ٱ</tajweed>لْفَتْحِ وَقَ<tajweed class=madda_normal>ـٰ</tajweed>تَلَ‌ۚ أُ<tajweed class=slnt>وْ</tajweed>لَ<tajweed class=madda_obligatory>ـٰٓ</tajweed>ئِكَ أَعْظَمُ دَرَجَ<tajweed class=idgham_ghunnah>ةً م</tajweed>ِّنَ <tajweed class=ham_wasl>ٱ</tajweed>لَّذِينَ أَ<tajweed class=ikhafa>نف</tajweed>َقُو<tajweed class=slnt>اْ</tajweed> م<tajweed class=iqlab>ِنۢ ب</tajweed>َعْدُ وَقَ<tajweed class=madda_normal>ـٰ</tajweed>تَلُو<tajweed class=slnt>اْ‌ۚ</tajweed> وَكُل<tajweed class=idgham_ghunnah>اًّ و</tajweed>َعَدَ <tajweed class=ham_wasl>ٱ</tajweed>للَّهُ <tajweed class=ham_wasl>ٱ</tajweed>لْحُسْنَىٰ‌ۚ وَ<tajweed class=ham_wasl>ٱ</tajweed>للَّهُ بِمَا تَعْمَلُونَ خَب<tajweed class=madda_permissible>ِي</tajweed>رٌ <span class=end>١٠</span>","End":"١٠","PageNumber":538,"JuzNumber":27,"ManzilNumber":7,"RukuNumber":472,"MaqraNumber":215,"HizbNumber":54,"HizbDecimal":0.5,"HasSajda":false}]}