{"RukuNumber":534,"Verses":[{"SurahNumber":92,"SurahIndex":"092","VerseNumber":1,"ShowSurahName":true,"ShowBismillah":true,"Text":"وَٱلَّيۡلِ إِذَا يَغۡشَىٰ","TajweedText":"وَ<tajweed class=ham_wasl>ٱ</tajweed>لَّيْلِ إِذَا يَغْشَىٰ <span class=end>١</span>","End":"١","PageNumber":595,"JuzNumber":30,"ManzilNumber":7,"RukuNumber":534,"MaqraNumber":238,"HizbNumber":60,"HizbDecimal":0.25,"HasSajda":false},{"SurahNumber":92,"SurahIndex":"092","VerseNumber":2,"ShowSurahName":false,"ShowBismillah":false,"Text":"وَٱلنَّهَارِ إِذَا تَجَلَّىٰ","TajweedText":"وَ<tajweed class=ham_wasl>ٱ</tajweed><tajweed class=laam_shamsiyah>ل</tajweed><tajweed class=ghunnah>نّ</tajweed>َهَارِ إِذَا تَجَلَّىٰ <span class=end>٢</span>","End":"٢","PageNumber":595,"JuzNumber":30,"ManzilNumber":7,"RukuNumber":534,"MaqraNumber":238,"HizbNumber":60,"HizbDecimal":0.25,"HasSajda":false},{"SurahNumber":92,"SurahIndex":"092","VerseNumber":3,"ShowSurahName":false,"ShowBismillah":false,"Text":"وَمَا خَلَقَ ٱلذَّكَرَ وَٱلۡأُنثَىٰٓ","TajweedText":"وَمَا خَلَقَ <tajweed class=ham_wasl>ٱ</tajweed><tajweed class=laam_shamsiyah>ل</tajweed>ذَّكَرَ وَ<tajweed class=ham_wasl>ٱ</tajweed>لْأُ<tajweed class=ikhafa>نث</tajweed>َىٰٓ <span class=end>٣</span>","End":"٣","PageNumber":595,"JuzNumber":30,"ManzilNumber":7,"RukuNumber":534,"MaqraNumber":238,"HizbNumber":60,"HizbDecimal":0.25,"HasSajda":false},{"SurahNumber":92,"SurahIndex":"092","VerseNumber":4,"ShowSurahName":false,"ShowBismillah":false,"Text":"إِنَّ سَعۡيَكُمۡ لَشَتَّىٰ","TajweedText":"إِ<tajweed class=ghunnah>نّ</tajweed>َ سَعْيَكُمْ لَشَتَّىٰ <span class=end>٤</span>","End":"٤","PageNumber":595,"JuzNumber":30,"ManzilNumber":7,"RukuNumber":534,"MaqraNumber":238,"HizbNumber":60,"HizbDecimal":0.25,"HasSajda":false},{"SurahNumber":92,"SurahIndex":"092","VerseNumber":5,"ShowSurahName":false,"ShowBismillah":false,"Text":"فَأَمَّا مَنۡ أَعۡطَىٰ وَٱتَّقَىٰ","TajweedText":"فَأَ<tajweed class=ghunnah>مّ</tajweed>َا مَنْ أَعْطَىٰ وَ<tajweed class=ham_wasl>ٱ</tajweed>تَّقَىٰ <span class=end>٥</span>","End":"٥","PageNumber":595,"JuzNumber":30,"ManzilNumber":7,"RukuNumber":534,"MaqraNumber":238,"HizbNumber":60,"HizbDecimal":0.25,"HasSajda":false},{"SurahNumber":92,"SurahIndex":"092","VerseNumber":6,"ShowSurahName":false,"ShowBismillah":false,"Text":"وَصَدَّقَ بِٱلۡحُسۡنَىٰ","TajweedText":"وَصَدَّقَ بِ<tajweed class=ham_wasl>ٱ</tajweed>لْحُسْنَىٰ <span class=end>٦</span>","End":"٦","PageNumber":595,"JuzNumber":30,"ManzilNumber":7,"RukuNumber":534,"MaqraNumber":238,"HizbNumber":60,"HizbDecimal":0.25,"HasSajda":false},{"SurahNumber":92,"SurahIndex":"092","VerseNumber":7,"ShowSurahName":false,"ShowBismillah":false,"Text":"فَسَنُيَسِّرُهُۥ لِلۡيُسۡرَىٰ","TajweedText":"فَسَنُيَسِّرُهُ<tajweed class=madda_normal>ۥ</tajweed> لِلْيُسْرَىٰ <span class=end>٧</span>","End":"٧","PageNumber":595,"JuzNumber":30,"ManzilNumber":7,"RukuNumber":534,"MaqraNumber":238,"HizbNumber":60,"HizbDecimal":0.25,"HasSajda":false},{"SurahNumber":92,"SurahIndex":"092","VerseNumber":8,"ShowSurahName":false,"ShowBismillah":false,"Text":"وَأَمَّا مَنۢ بَخِلَ وَٱسۡتَغۡنَىٰ","TajweedText":"وَأَ<tajweed class=ghunnah>مّ</tajweed>َا م<tajweed class=iqlab>َنۢ ب</tajweed>َخِلَ وَ<tajweed class=ham_wasl>ٱ</tajweed>سْتَغْنَىٰ <span class=end>٨</span>","End":"٨","PageNumber":595,"JuzNumber":30,"ManzilNumber":7,"RukuNumber":534,"MaqraNumber":238,"HizbNumber":60,"HizbDecimal":0.25,"HasSajda":false},{"SurahNumber":92,"SurahIndex":"092","VerseNumber":9,"ShowSurahName":false,"ShowBismillah":false,"Text":"وَكَذَّبَ بِٱلۡحُسۡنَىٰ","TajweedText":"وَكَذَّبَ بِ<tajweed class=ham_wasl>ٱ</tajweed>لْحُسْنَىٰ <span class=end>٩</span>","End":"٩","PageNumber":595,"JuzNumber":30,"ManzilNumber":7,"RukuNumber":534,"MaqraNumber":238,"HizbNumber":60,"HizbDecimal":0.25,"HasSajda":false},{"SurahNumber":92,"SurahIndex":"092","VerseNumber":10,"ShowSurahName":false,"ShowBismillah":false,"Text":"فَسَنُيَسِّرُهُۥ لِلۡعُسۡرَىٰ","TajweedText":"فَسَنُيَسِّرُهُ<tajweed class=madda_normal>ۥ</tajweed> لِلْعُسْرَىٰ <span class=end>١٠</span>","End":"١٠","PageNumber":595,"JuzNumber":30,"ManzilNumber":7,"RukuNumber":534,"MaqraNumber":238,"HizbNumber":60,"HizbDecimal":0.25,"HasSajda":false},{"SurahNumber":92,"SurahIndex":"092","VerseNumber":11,"ShowSurahName":false,"ShowBismillah":false,"Text":"وَمَا يُغۡنِي عَنۡهُ مَالُهُۥٓ إِذَا تَرَدَّىٰٓ","TajweedText":"وَمَا يُغْنِى عَنْهُ مَالُهُ<tajweed class=madda_obligatory>ۥٓ</tajweed> إِذَا تَرَدَّىٰٓ <span class=end>١١</span>","End":"١١","PageNumber":595,"JuzNumber":30,"ManzilNumber":7,"RukuNumber":534,"MaqraNumber":238,"HizbNumber":60,"HizbDecimal":0.25,"HasSajda":false},{"SurahNumber":92,"SurahIndex":"092","VerseNumber":12,"ShowSurahName":false,"ShowBismillah":false,"Text":"إِنَّ عَلَيۡنَا لَلۡهُدَىٰ","TajweedText":"إِ<tajweed class=ghunnah>نّ</tajweed>َ عَلَيْنَا لَلْهُدَىٰ <span class=end>١٢</span>","End":"١٢","PageNumber":595,"JuzNumber":30,"ManzilNumber":7,"RukuNumber":534,"MaqraNumber":238,"HizbNumber":60,"HizbDecimal":0.25,"HasSajda":false},{"SurahNumber":92,"SurahIndex":"092","VerseNumber":13,"ShowSurahName":false,"ShowBismillah":false,"Text":"وَإِنَّ لَنَا لَلۡأٓخِرَةَ وَٱلۡأُولَىٰ","TajweedText":"وَإِ<tajweed class=ghunnah>نّ</tajweed>َ لَنَا لَلْأَخِرَةَ وَ<tajweed class=ham_wasl>ٱ</tajweed>لْأُولَىٰ <span class=end>١٣</span>","End":"١٣","PageNumber":595,"JuzNumber":30,"ManzilNumber":7,"RukuNumber":534,"MaqraNumber":238,"HizbNumber":60,"HizbDecimal":0.25,"HasSajda":false},{"SurahNumber":92,"SurahIndex":"092","VerseNumber":14,"ShowSurahName":false,"ShowBismillah":false,"Text":"فَأَنذَرۡتُكُمۡ نَارٗا تَلَظَّىٰ","TajweedText":"فَأَ<tajweed class=ikhafa>نذ</tajweed>َرْتُكُمْ نَا<tajweed class=ikhafa>رًا ت</tajweed>َلَظَّىٰ <span class=end>١٤</span>","End":"١٤","PageNumber":595,"JuzNumber":30,"ManzilNumber":7,"RukuNumber":534,"MaqraNumber":238,"HizbNumber":60,"HizbDecimal":0.25,"HasSajda":false},{"SurahNumber":92,"SurahIndex":"092","VerseNumber":15,"ShowSurahName":false,"ShowBismillah":false,"Text":"لَا يَصۡلَىٰهَآ إِلَّا ٱلۡأَشۡقَى","TajweedText":"لَا يَصْلَ<tajweed class=madda_normal>ـٰ</tajweed>ه<tajweed class=madda_obligatory>َآ</tajweed> إِلَّا <tajweed class=ham_wasl>ٱ</tajweed>لْأَشْقَى <span class=end>١٥</span>","End":"١٥","PageNumber":596,"JuzNumber":30,"ManzilNumber":7,"RukuNumber":534,"MaqraNumber":238,"HizbNumber":60,"HizbDecimal":0.25,"HasSajda":false},{"SurahNumber":92,"SurahIndex":"092","VerseNumber":16,"ShowSurahName":false,"ShowBismillah":false,"Text":"ٱلَّذِي كَذَّبَ وَتَوَلَّىٰ","TajweedText":"ٱلَّذِى كَذَّبَ وَتَوَلَّىٰ <span class=end>١٦</span>","End":"١٦","PageNumber":596,"JuzNumber":30,"ManzilNumber":7,"RukuNumber":534,"MaqraNumber":238,"HizbNumber":60,"HizbDecimal":0.25,"HasSajda":false},{"SurahNumber":92,"SurahIndex":"092","VerseNumber":17,"ShowSurahName":false,"ShowBismillah":false,"Text":"وَسَيُجَنَّبُهَا ٱلۡأَتۡقَى","TajweedText":"وَسَيُجَ<tajweed class=ghunnah>نّ</tajweed>َبُهَا <tajweed class=ham_wasl>ٱ</tajweed>لْأَتْقَى <span class=end>١٧</span>","End":"١٧","PageNumber":596,"JuzNumber":30,"ManzilNumber":7,"RukuNumber":534,"MaqraNumber":238,"HizbNumber":60,"HizbDecimal":0.25,"HasSajda":false},{"SurahNumber":92,"SurahIndex":"092","VerseNumber":18,"ShowSurahName":false,"ShowBismillah":false,"Text":"ٱلَّذِي يُؤۡتِي مَالَهُۥ يَتَزَكَّىٰ","TajweedText":"ٱلَّذِى يُؤْتِى مَالَهُ<tajweed class=madda_normal>ۥ</tajweed> يَتَزَكَّىٰ <span class=end>١٨</span>","End":"١٨","PageNumber":596,"JuzNumber":30,"ManzilNumber":7,"RukuNumber":534,"MaqraNumber":238,"HizbNumber":60,"HizbDecimal":0.25,"HasSajda":false},{"SurahNumber":92,"SurahIndex":"092","VerseNumber":19,"ShowSurahName":false,"ShowBismillah":false,"Text":"وَمَا لِأَحَدٍ عِندَهُۥ مِن نِّعۡمَةٖ تُجۡزَىٰٓ","TajweedText":"وَمَا لِأَحَدٍ عِ<tajweed class=ikhafa>ند</tajweed>َهُ<tajweed class=madda_normal>ۥ</tajweed> م<tajweed class=idgham_ghunnah>ِن ن</tajweed>ِّعْمَ<tajweed class=ikhafa>ةٍ ت</tajweed>ُ<tajweed class=qalaqah>جْ</tajweed>زَىٰٓ <span class=end>١٩</span>","End":"١٩","PageNumber":596,"JuzNumber":30,"ManzilNumber":7,"RukuNumber":534,"MaqraNumber":238,"HizbNumber":60,"HizbDecimal":0.25,"HasSajda":false},{"SurahNumber":92,"SurahIndex":"092","VerseNumber":20,"ShowSurahName":false,"ShowBismillah":false,"Text":"إِلَّا ٱبۡتِغَآءَ وَجۡهِ رَبِّهِ ٱلۡأَعۡلَىٰ","TajweedText":"إِلَّا <tajweed class=ham_wasl>ٱ</tajweed><tajweed class=qalaqah>بْ</tajweed>تِغ<tajweed class=madda_obligatory>َا</tajweed>ٓءَ وَ<tajweed class=qalaqah>جْ</tajweed>هِ رَبِّهِ <tajweed class=ham_wasl>ٱ</tajweed>لْأَعْلَىٰ <span class=end>٢٠</span>","End":"٢٠","PageNumber":596,"JuzNumber":30,"ManzilNumber":7,"RukuNumber":534,"MaqraNumber":238,"HizbNumber":60,"HizbDecimal":0.25,"HasSajda":false},{"SurahNumber":92,"SurahIndex":"092","VerseNumber":21,"ShowSurahName":false,"ShowBismillah":false,"Text":"وَلَسَوۡفَ يَرۡضَىٰ","TajweedText":"وَلَسَوْفَ يَرْضَىٰ <span class=end>٢١</span>","End":"٢١","PageNumber":596,"JuzNumber":30,"ManzilNumber":7,"RukuNumber":534,"MaqraNumber":238,"HizbNumber":60,"HizbDecimal":0.25,"HasSajda":false}]}