{"RukuNumber":173,"Verses":[{"SurahNumber":10,"SurahIndex":"010","VerseNumber":11,"ShowSurahName":false,"ShowBismillah":false,"Text":"۞وَلَوۡ يُعَجِّلُ ٱللَّهُ لِلنَّاسِ ٱلشَّرَّ ٱسۡتِعۡجَالَهُم بِٱلۡخَيۡرِ لَقُضِيَ إِلَيۡهِمۡ أَجَلُهُمۡۖ فَنَذَرُ ٱلَّذِينَ لَا يَرۡجُونَ لِقَآءَنَا فِي طُغۡيَٰنِهِمۡ يَعۡمَهُونَ","TajweedText":"۞ وَلَوْ يُعَجِّلُ <tajweed class=ham_wasl>ٱ</tajweed>للَّهُ لِل<tajweed class=ghunnah>نّ</tajweed>َاسِ <tajweed class=ham_wasl>ٱ</tajweed><tajweed class=laam_shamsiyah>ل</tajweed>شَّرَّ <tajweed class=ham_wasl>ٱ</tajweed>سْتِعْجَالَه<tajweed class=ikhafa_shafawi>ُم ب</tajweed>ِ<tajweed class=ham_wasl>ٱ</tajweed>لْخَيْرِ لَقُضِىَ إِلَيْهِمْ أَجَلُهُمْ‌ۖ فَنَذَرُ <tajweed class=ham_wasl>ٱ</tajweed>لَّذِينَ لَا يَرْجُونَ لِق<tajweed class=madda_obligatory>َا</tajweed>ٓءَنَا فِى طُغْيَ<tajweed class=madda_normal>ـٰ</tajweed>نِهِمْ يَعْمَه<tajweed class=madda_permissible>ُو</tajweed>نَ <span class=end>١١</span>","End":"١١","PageNumber":209,"JuzNumber":11,"ManzilNumber":3,"RukuNumber":173,"MaqraNumber":84,"HizbNumber":21,"HizbDecimal":0.75,"HasSajda":false},{"SurahNumber":10,"SurahIndex":"010","VerseNumber":12,"ShowSurahName":false,"ShowBismillah":false,"Text":"وَإِذَا مَسَّ ٱلۡإِنسَٰنَ ٱلضُّرُّ دَعَانَا لِجَنۢبِهِۦٓ أَوۡ قَاعِدًا أَوۡ قَآئِمٗا فَلَمَّا كَشَفۡنَا عَنۡهُ ضُرَّهُۥ مَرَّ كَأَن لَّمۡ يَدۡعُنَآ إِلَىٰ ضُرّٖ مَّسَّهُۥۚ كَذَٰلِكَ زُيِّنَ لِلۡمُسۡرِفِينَ مَا كَانُواْ يَعۡمَلُونَ","TajweedText":"وَإِذَا مَسَّ <tajweed class=ham_wasl>ٱ</tajweed>لْإِ<tajweed class=ikhafa>نس</tajweed>َ<tajweed class=madda_normal>ـٰ</tajweed>نَ <tajweed class=ham_wasl>ٱ</tajweed><tajweed class=laam_shamsiyah>ل</tajweed>ضُّرُّ دَعَانَا لِجَ<tajweed class=iqlab>نۢب</tajweed>ِه<tajweed class=madda_obligatory>ِۦٓ</tajweed> أَوْ قَاعِدًا أَوْ ق<tajweed class=madda_obligatory>َا</tajweed>ٓئِ<tajweed class=ikhafa>مًا ف</tajweed>َلَ<tajweed class=ghunnah>مّ</tajweed>َا كَشَفْنَا عَنْهُ ضُرَّهُ<tajweed class=madda_normal>ۥ</tajweed> مَرَّ كَأ<tajweed class=idgham_wo_ghunnah>َن ل</tajweed>َّمْ يَ<tajweed class=qalaqah>دْ</tajweed>عُن<tajweed class=madda_obligatory>َآ</tajweed> إِلَىٰ ضُ<tajweed class=idgham_ghunnah>رٍّ م</tajweed>َّسَّهُ<tajweed class=madda_normal>ۥ</tajweed>‌ۚ كَذ<tajweed class=madda_normal>َٲ</tajweed>لِكَ زُيِّنَ لِلْمُسْرِفِينَ مَا كَانُو<tajweed class=slnt>اْ</tajweed> يَعْمَل<tajweed class=madda_permissible>ُو</tajweed>نَ <span class=end>١٢</span>","End":"١٢","PageNumber":209,"JuzNumber":11,"ManzilNumber":3,"RukuNumber":173,"MaqraNumber":84,"HizbNumber":21,"HizbDecimal":0.75,"HasSajda":false},{"SurahNumber":10,"SurahIndex":"010","VerseNumber":13,"ShowSurahName":false,"ShowBismillah":false,"Text":"وَلَقَدۡ أَهۡلَكۡنَا ٱلۡقُرُونَ مِن قَبۡلِكُمۡ لَمَّا ظَلَمُواْ وَجَآءَتۡهُمۡ رُسُلُهُم بِٱلۡبَيِّنَٰتِ وَمَا كَانُواْ لِيُؤۡمِنُواْۚ كَذَٰلِكَ نَجۡزِي ٱلۡقَوۡمَ ٱلۡمُجۡرِمِينَ","TajweedText":"وَلَقَ<tajweed class=qalaqah>دْ</tajweed> أَهْلَكْنَا <tajweed class=ham_wasl>ٱ</tajweed>لْقُرُونَ مِ<tajweed class=ikhafa>ن ق</tajweed>َ<tajweed class=qalaqah>بْ</tajweed>لِكُمْ لَ<tajweed class=ghunnah>مّ</tajweed>َا ظَلَمُو<tajweed class=slnt>اْ‌ۙ</tajweed> وَج<tajweed class=madda_obligatory>َا</tajweed>ٓءَتْهُمْ رُسُلُه<tajweed class=ikhafa_shafawi>ُم ب</tajweed>ِ<tajweed class=ham_wasl>ٱ</tajweed>لْبَيِّنَ<tajweed class=madda_normal>ـٰ</tajweed>تِ وَمَا كَانُو<tajweed class=slnt>اْ</tajweed> لِيُؤْمِنُو<tajweed class=slnt>اْ‌ۚ</tajweed> كَذ<tajweed class=madda_normal>َٲ</tajweed>لِكَ نَ<tajweed class=qalaqah>جْ</tajweed>زِى <tajweed class=ham_wasl>ٱ</tajweed>لْقَوْمَ <tajweed class=ham_wasl>ٱ</tajweed>لْمُ<tajweed class=qalaqah>جْ</tajweed>رِم<tajweed class=madda_permissible>ِي</tajweed>نَ <span class=end>١٣</span>","End":"١٣","PageNumber":209,"JuzNumber":11,"ManzilNumber":3,"RukuNumber":173,"MaqraNumber":84,"HizbNumber":21,"HizbDecimal":0.75,"HasSajda":false},{"SurahNumber":10,"SurahIndex":"010","VerseNumber":14,"ShowSurahName":false,"ShowBismillah":false,"Text":"ثُمَّ جَعَلۡنَٰكُمۡ خَلَـٰٓئِفَ فِي ٱلۡأَرۡضِ مِنۢ بَعۡدِهِمۡ لِنَنظُرَ كَيۡفَ تَعۡمَلُونَ","TajweedText":"ثُ<tajweed class=ghunnah>مّ</tajweed>َ جَعَلْنَ<tajweed class=madda_normal>ـٰ</tajweed>كُمْ خَلَ<tajweed class=madda_obligatory>ـٰٓ</tajweed>ئِفَ فِى <tajweed class=ham_wasl>ٱ</tajweed>لْأَرْضِ م<tajweed class=iqlab>ِنۢ ب</tajweed>َعْدِهِمْ لِنَ<tajweed class=ikhafa>نظ</tajweed>ُرَ كَيْفَ تَعْمَل<tajweed class=madda_permissible>ُو</tajweed>نَ <span class=end>١٤</span>","End":"١٤","PageNumber":209,"JuzNumber":11,"ManzilNumber":3,"RukuNumber":173,"MaqraNumber":84,"HizbNumber":21,"HizbDecimal":0.75,"HasSajda":false},{"SurahNumber":10,"SurahIndex":"010","VerseNumber":15,"ShowSurahName":false,"ShowBismillah":false,"Text":"وَإِذَا تُتۡلَىٰ عَلَيۡهِمۡ ءَايَاتُنَا بَيِّنَٰتٖ قَالَ ٱلَّذِينَ لَا يَرۡجُونَ لِقَآءَنَا ٱئۡتِ بِقُرۡءَانٍ غَيۡرِ هَٰذَآ أَوۡ بَدِّلۡهُۚ قُلۡ مَا يَكُونُ لِيٓ أَنۡ أُبَدِّلَهُۥ مِن تِلۡقَآيِٕ نَفۡسِيٓۖ إِنۡ أَتَّبِعُ إِلَّا مَا يُوحَىٰٓ إِلَيَّۖ إِنِّيٓ أَخَافُ إِنۡ عَصَيۡتُ رَبِّي عَذَابَ يَوۡمٍ عَظِيمٖ","TajweedText":"وَإِذَا تُتْلَىٰ عَلَيْهِمْ ءَايَاتُنَا بَيِّنَ<tajweed class=madda_normal>ـٰ</tajweed><tajweed class=ikhafa>تٍ‌ۙ ق</tajweed>َالَ <tajweed class=ham_wasl>ٱ</tajweed>لَّذِينَ لَا يَرْجُونَ لِق<tajweed class=madda_obligatory>َا</tajweed>ٓءَنَا <tajweed class=ham_wasl>ٱ</tajweed>ئْتِ بِقُرْءَانٍ غَيْرِ هَ<tajweed class=madda_normal>ـٰ</tajweed>ذ<tajweed class=madda_obligatory>َآ</tajweed> أَوْ بَدِّلْهُ‌ۚ قُلْ مَا يَكُونُ ل<tajweed class=madda_obligatory>ِىٓ</tajweed> أَنْ أُبَدِّلَهُ<tajweed class=madda_normal>ۥ</tajweed> مِ<tajweed class=ikhafa>ن ت</tajweed>ِلْقَآىِٕ نَفْس<tajweed class=madda_obligatory>ِىٓ‌ۖ</tajweed> إِنْ أَتَّبِعُ إِلَّا مَا يُوحَ<tajweed class=madda_obligatory>ىٰٓ</tajweed> إِلَىَّ‌ۖ إِ<tajweed class=ghunnah>نّ</tajweed><tajweed class=madda_obligatory>ِىٓ</tajweed> أَخَافُ إِنْ عَصَيْتُ رَبِّى عَذَابَ يَوْمٍ عَظ<tajweed class=madda_permissible>ِي</tajweed>مٍ <span class=end>١٥</span>","End":"١٥","PageNumber":210,"JuzNumber":11,"ManzilNumber":3,"RukuNumber":173,"MaqraNumber":84,"HizbNumber":21,"HizbDecimal":0.75,"HasSajda":false},{"SurahNumber":10,"SurahIndex":"010","VerseNumber":16,"ShowSurahName":false,"ShowBismillah":false,"Text":"قُل لَّوۡ شَآءَ ٱللَّهُ مَا تَلَوۡتُهُۥ عَلَيۡكُمۡ وَلَآ أَدۡرَىٰكُم بِهِۦۖ فَقَدۡ لَبِثۡتُ فِيكُمۡ عُمُرٗا مِّن قَبۡلِهِۦٓۚ أَفَلَا تَعۡقِلُونَ","TajweedText":"قُل لَّوْ ش<tajweed class=madda_obligatory>َا</tajweed>ٓءَ <tajweed class=ham_wasl>ٱ</tajweed>للَّهُ مَا تَلَوْتُهُ<tajweed class=madda_normal>ۥ</tajweed> عَلَيْكُمْ وَل<tajweed class=madda_obligatory>َآ</tajweed> أَ<tajweed class=qalaqah>دْ</tajweed>رَ<tajweed class=madda_normal>ٮٰ</tajweed>ك<tajweed class=ikhafa_shafawi>ُم ب</tajweed>ِه<tajweed class=madda_normal>ِۦ</tajweed>‌ۖ فَقَ<tajweed class=qalaqah>دْ</tajweed> لَبِثْتُ فِيكُمْ عُمُ<tajweed class=idgham_ghunnah>رًا م</tajweed>ِّ<tajweed class=ikhafa>ن ق</tajweed>َ<tajweed class=qalaqah>بْ</tajweed>لِه<tajweed class=madda_obligatory>ِۦٓ‌ۚ</tajweed> أَفَلَا تَعْقِل<tajweed class=madda_permissible>ُو</tajweed>نَ <span class=end>١٦</span>","End":"١٦","PageNumber":210,"JuzNumber":11,"ManzilNumber":3,"RukuNumber":173,"MaqraNumber":84,"HizbNumber":21,"HizbDecimal":0.75,"HasSajda":false},{"SurahNumber":10,"SurahIndex":"010","VerseNumber":17,"ShowSurahName":false,"ShowBismillah":false,"Text":"فَمَنۡ أَظۡلَمُ مِمَّنِ ٱفۡتَرَىٰ عَلَى ٱللَّهِ كَذِبًا أَوۡ كَذَّبَ بِـَٔايَٰتِهِۦٓۚ إِنَّهُۥ لَا يُفۡلِحُ ٱلۡمُجۡرِمُونَ","TajweedText":"فَمَنْ أَظْلَمُ مِ<tajweed class=ghunnah>مّ</tajweed>َنِ <tajweed class=ham_wasl>ٱ</tajweed>فْتَرَىٰ عَلَى <tajweed class=ham_wasl>ٱ</tajweed>للَّهِ كَذِبًا أَوْ كَذَّبَ بِـَٔـايَ<tajweed class=madda_normal>ـٰ</tajweed>تِه<tajweed class=madda_obligatory>ِۦٓ‌ۚ</tajweed> إِ<tajweed class=ghunnah>نّ</tajweed>َهُ<tajweed class=madda_normal>ۥ</tajweed> لَا يُفْلِحُ <tajweed class=ham_wasl>ٱ</tajweed>لْمُ<tajweed class=qalaqah>جْ</tajweed>رِم<tajweed class=madda_permissible>ُو</tajweed>نَ <span class=end>١٧</span>","End":"١٧","PageNumber":210,"JuzNumber":11,"ManzilNumber":3,"RukuNumber":173,"MaqraNumber":84,"HizbNumber":21,"HizbDecimal":0.75,"HasSajda":false},{"SurahNumber":10,"SurahIndex":"010","VerseNumber":18,"ShowSurahName":false,"ShowBismillah":false,"Text":"وَيَعۡبُدُونَ مِن دُونِ ٱللَّهِ مَا لَا يَضُرُّهُمۡ وَلَا يَنفَعُهُمۡ وَيَقُولُونَ هَـٰٓؤُلَآءِ شُفَعَـٰٓؤُنَا عِندَ ٱللَّهِۚ قُلۡ أَتُنَبِّـُٔونَ ٱللَّهَ بِمَا لَا يَعۡلَمُ فِي ٱلسَّمَٰوَٰتِ وَلَا فِي ٱلۡأَرۡضِۚ سُبۡحَٰنَهُۥ وَتَعَٰلَىٰ عَمَّا يُشۡرِكُونَ","TajweedText":"وَيَعْبُدُونَ مِ<tajweed class=ikhafa>ن د</tajweed>ُونِ <tajweed class=ham_wasl>ٱ</tajweed>للَّهِ مَا لَا يَضُرُّهُمْ وَلَا يَ<tajweed class=ikhafa>نف</tajweed>َعُهُمْ وَيَقُولُونَ هَ<tajweed class=madda_obligatory>ـٰٓ</tajweed>ؤُل<tajweed class=madda_obligatory>َا</tajweed>ٓءِ شُفَعَ<tajweed class=madda_obligatory>ـٰٓ</tajweed>ؤُنَا عِ<tajweed class=ikhafa>ند</tajweed>َ <tajweed class=ham_wasl>ٱ</tajweed>للَّهِ‌ۚ قُلْ أَتُنَبِّــُٔونَ <tajweed class=ham_wasl>ٱ</tajweed>للَّهَ بِمَا لَا يَعْلَمُ فِى <tajweed class=ham_wasl>ٱ</tajweed><tajweed class=laam_shamsiyah>ل</tajweed>سَّمَ<tajweed class=madda_normal>ـٰ</tajweed>و<tajweed class=madda_normal>َٲ</tajweed>تِ وَلَا فِى <tajweed class=ham_wasl>ٱ</tajweed>لْأَرْضِ‌ۚ سُ<tajweed class=qalaqah>بْ</tajweed>حَ<tajweed class=madda_normal>ـٰ</tajweed>نَهُ<tajweed class=madda_normal>ۥ</tajweed> وَتَعَ<tajweed class=madda_normal>ـٰ</tajweed>لَىٰ عَ<tajweed class=ghunnah>مّ</tajweed>َا يُشْرِك<tajweed class=madda_permissible>ُو</tajweed>نَ <span class=end>١٨</span>","End":"١٨","PageNumber":210,"JuzNumber":11,"ManzilNumber":3,"RukuNumber":173,"MaqraNumber":84,"HizbNumber":21,"HizbDecimal":0.75,"HasSajda":false},{"SurahNumber":10,"SurahIndex":"010","VerseNumber":19,"ShowSurahName":false,"ShowBismillah":false,"Text":"وَمَا كَانَ ٱلنَّاسُ إِلَّآ أُمَّةٗ وَٰحِدَةٗ فَٱخۡتَلَفُواْۚ وَلَوۡلَا كَلِمَةٞ سَبَقَتۡ مِن رَّبِّكَ لَقُضِيَ بَيۡنَهُمۡ فِيمَا فِيهِ يَخۡتَلِفُونَ","TajweedText":"وَمَا كَانَ <tajweed class=ham_wasl>ٱ</tajweed><tajweed class=laam_shamsiyah>ل</tajweed><tajweed class=ghunnah>نّ</tajweed>َاسُ إِلّ<tajweed class=madda_obligatory>َآ</tajweed> أُ<tajweed class=ghunnah>مّ</tajweed>َ<tajweed class=idgham_ghunnah>ةً و</tajweed><tajweed class=madda_normal>َٲ</tajweed>حِدَ<tajweed class=ikhafa>ةً ف</tajweed>َ<tajweed class=ham_wasl>ٱ</tajweed>خْتَلَفُو<tajweed class=slnt>اْ‌ۚ</tajweed> وَلَوْلَا كَلِمَ<tajweed class=ikhafa>ةٌ س</tajweed>َبَقَتْ م<tajweed class=idgham_wo_ghunnah>ِن ر</tajweed>َّبِّكَ لَقُضِىَ بَيْنَهُمْ فِيمَا فِيهِ يَخْتَلِف<tajweed class=madda_permissible>ُو</tajweed>نَ <span class=end>١٩</span>","End":"١٩","PageNumber":210,"JuzNumber":11,"ManzilNumber":3,"RukuNumber":173,"MaqraNumber":84,"HizbNumber":21,"HizbDecimal":0.75,"HasSajda":false},{"SurahNumber":10,"SurahIndex":"010","VerseNumber":20,"ShowSurahName":false,"ShowBismillah":false,"Text":"وَيَقُولُونَ لَوۡلَآ أُنزِلَ عَلَيۡهِ ءَايَةٞ مِّن رَّبِّهِۦۖ فَقُلۡ إِنَّمَا ٱلۡغَيۡبُ لِلَّهِ فَٱنتَظِرُوٓاْ إِنِّي مَعَكُم مِّنَ ٱلۡمُنتَظِرِينَ","TajweedText":"وَيَقُولُونَ لَوْل<tajweed class=madda_obligatory>َآ</tajweed> أُ<tajweed class=ikhafa>نز</tajweed>ِلَ عَلَيْهِ ءَايَ<tajweed class=idgham_ghunnah>ةٌ م</tajweed>ّ<tajweed class=idgham_wo_ghunnah>ِن ر</tajweed>َّبِّه<tajweed class=madda_normal>ِۦ</tajweed>‌ۖ فَقُلْ إِ<tajweed class=ghunnah>نّ</tajweed>َمَا <tajweed class=ham_wasl>ٱ</tajweed>لْغَيْبُ لِلَّهِ فَ<tajweed class=ham_wasl>ٱ</tajweed><tajweed class=ikhafa>نت</tajweed>َظِر<tajweed class=madda_obligatory>ُوٓ</tajweed><tajweed class=slnt>اْ</tajweed> إِ<tajweed class=ghunnah>نّ</tajweed>ِى مَعَك<tajweed class=idgham_shafawi>ُم م</tajweed>ِّنَ <tajweed class=ham_wasl>ٱ</tajweed>لْمُ<tajweed class=ikhafa>نت</tajweed>َظِر<tajweed class=madda_permissible>ِي</tajweed>نَ <span class=end>٢٠</span>","End":"٢٠","PageNumber":210,"JuzNumber":11,"ManzilNumber":3,"RukuNumber":173,"MaqraNumber":84,"HizbNumber":21,"HizbDecimal":0.75,"HasSajda":false}]}