{"RukuNumber":171,"Verses":[{"SurahNumber":9,"SurahIndex":"009","VerseNumber":123,"ShowSurahName":false,"ShowBismillah":false,"Text":"يَـٰٓأَيُّهَا ٱلَّذِينَ ءَامَنُواْ قَٰتِلُواْ ٱلَّذِينَ يَلُونَكُم مِّنَ ٱلۡكُفَّارِ وَلۡيَجِدُواْ فِيكُمۡ غِلۡظَةٗۚ وَٱعۡلَمُوٓاْ أَنَّ ٱللَّهَ مَعَ ٱلۡمُتَّقِينَ","TajweedText":"يَ<tajweed class=madda_obligatory>ـٰٓ</tajweed>أَيُّهَا <tajweed class=ham_wasl>ٱ</tajweed>لَّذِينَ ءَامَنُو<tajweed class=slnt>اْ</tajweed> قَ<tajweed class=madda_normal>ـٰ</tajweed>تِلُو<tajweed class=slnt>اْ</tajweed> <tajweed class=ham_wasl>ٱ</tajweed>لَّذِينَ يَلُونَك<tajweed class=idgham_shafawi>ُم م</tajweed>ِّنَ <tajweed class=ham_wasl>ٱ</tajweed>لْكُفَّارِ وَلْيَجِدُو<tajweed class=slnt>اْ</tajweed> فِيكُمْ غِلْظَ<tajweed class=idgham_ghunnah>ةً‌ۚ و</tajweed>َ<tajweed class=ham_wasl>ٱ</tajweed>عْلَم<tajweed class=madda_obligatory>ُوٓ</tajweed><tajweed class=slnt>اْ</tajweed> أَ<tajweed class=ghunnah>نّ</tajweed>َ <tajweed class=ham_wasl>ٱ</tajweed>للَّهَ مَعَ <tajweed class=ham_wasl>ٱ</tajweed>لْمُتَّق<tajweed class=madda_permissible>ِي</tajweed>نَ <span class=end>١٢٣</span>","End":"١٢٣","PageNumber":207,"JuzNumber":11,"ManzilNumber":2,"RukuNumber":171,"MaqraNumber":83,"HizbNumber":21,"HizbDecimal":0.5,"HasSajda":false},{"SurahNumber":9,"SurahIndex":"009","VerseNumber":124,"ShowSurahName":false,"ShowBismillah":false,"Text":"وَإِذَا مَآ أُنزِلَتۡ سُورَةٞ فَمِنۡهُم مَّن يَقُولُ أَيُّكُمۡ زَادَتۡهُ هَٰذِهِۦٓ إِيمَٰنٗاۚ فَأَمَّا ٱلَّذِينَ ءَامَنُواْ فَزَادَتۡهُمۡ إِيمَٰنٗا وَهُمۡ يَسۡتَبۡشِرُونَ","TajweedText":"وَإِذَا م<tajweed class=madda_obligatory>َآ</tajweed> أُ<tajweed class=ikhafa>نز</tajweed>ِلَتْ سُورَ<tajweed class=ikhafa>ةٌ ف</tajweed>َمِنْه<tajweed class=idgham_shafawi>ُم م</tajweed>ّ<tajweed class=idgham_ghunnah>َن ي</tajweed>َقُولُ أَيُّكُمْ زَادَتْهُ هَ<tajweed class=madda_normal>ـٰ</tajweed>ذِه<tajweed class=madda_obligatory>ِۦٓ</tajweed> إِيمَ<tajweed class=madda_normal>ـٰ</tajweed><tajweed class=ikhafa>نًا‌ۚ ف</tajweed>َأَ<tajweed class=ghunnah>مّ</tajweed>َا <tajweed class=ham_wasl>ٱ</tajweed>لَّذِينَ ءَامَنُو<tajweed class=slnt>اْ</tajweed> فَزَادَتْهُمْ إِيمَ<tajweed class=madda_normal>ـٰ</tajweed><tajweed class=idgham_ghunnah>نًا و</tajweed>َهُمْ يَسْتَ<tajweed class=qalaqah>بْ</tajweed>شِر<tajweed class=madda_permissible>ُو</tajweed>نَ <span class=end>١٢٤</span>","End":"١٢٤","PageNumber":207,"JuzNumber":11,"ManzilNumber":2,"RukuNumber":171,"MaqraNumber":83,"HizbNumber":21,"HizbDecimal":0.5,"HasSajda":false},{"SurahNumber":9,"SurahIndex":"009","VerseNumber":125,"ShowSurahName":false,"ShowBismillah":false,"Text":"وَأَمَّا ٱلَّذِينَ فِي قُلُوبِهِم مَّرَضٞ فَزَادَتۡهُمۡ رِجۡسًا إِلَىٰ رِجۡسِهِمۡ وَمَاتُواْ وَهُمۡ كَٰفِرُونَ","TajweedText":"وَأَ<tajweed class=ghunnah>مّ</tajweed>َا <tajweed class=ham_wasl>ٱ</tajweed>لَّذِينَ فِى قُلُوبِه<tajweed class=idgham_shafawi>ِم م</tajweed>َّرَ<tajweed class=ikhafa>ضٌ ف</tajweed>َزَادَتْهُمْ رِ<tajweed class=qalaqah>جْ</tajweed>سًا إِلَىٰ رِ<tajweed class=qalaqah>جْ</tajweed>سِهِمْ وَمَاتُو<tajweed class=slnt>اْ</tajweed> وَهُمْ كَ<tajweed class=madda_normal>ـٰ</tajweed>فِر<tajweed class=madda_permissible>ُو</tajweed>نَ <span class=end>١٢٥</span>","End":"١٢٥","PageNumber":207,"JuzNumber":11,"ManzilNumber":2,"RukuNumber":171,"MaqraNumber":83,"HizbNumber":21,"HizbDecimal":0.5,"HasSajda":false},{"SurahNumber":9,"SurahIndex":"009","VerseNumber":126,"ShowSurahName":false,"ShowBismillah":false,"Text":"أَوَلَا يَرَوۡنَ أَنَّهُمۡ يُفۡتَنُونَ فِي كُلِّ عَامٖ مَّرَّةً أَوۡ مَرَّتَيۡنِ ثُمَّ لَا يَتُوبُونَ وَلَا هُمۡ يَذَّكَّرُونَ","TajweedText":"أَوَلَا يَرَوْنَ أَ<tajweed class=ghunnah>نّ</tajweed>َهُمْ يُفْتَنُونَ فِى كُلِّ عَا<tajweed class=idgham_ghunnah>مٍ م</tajweed>َّرَّةً أَوْ مَرَّتَيْنِ ثُ<tajweed class=ghunnah>مّ</tajweed>َ لَا يَتُوبُونَ وَلَا هُمْ يَذَّكَّر<tajweed class=madda_permissible>ُو</tajweed>نَ <span class=end>١٢٦</span>","End":"١٢٦","PageNumber":207,"JuzNumber":11,"ManzilNumber":2,"RukuNumber":171,"MaqraNumber":83,"HizbNumber":21,"HizbDecimal":0.5,"HasSajda":false},{"SurahNumber":9,"SurahIndex":"009","VerseNumber":127,"ShowSurahName":false,"ShowBismillah":false,"Text":"وَإِذَا مَآ أُنزِلَتۡ سُورَةٞ نَّظَرَ بَعۡضُهُمۡ إِلَىٰ بَعۡضٍ هَلۡ يَرَىٰكُم مِّنۡ أَحَدٖ ثُمَّ ٱنصَرَفُواْۚ صَرَفَ ٱللَّهُ قُلُوبَهُم بِأَنَّهُمۡ قَوۡمٞ لَّا يَفۡقَهُونَ","TajweedText":"وَإِذَا م<tajweed class=madda_obligatory>َآ</tajweed> أُ<tajweed class=ikhafa>نز</tajweed>ِلَتْ سُورَ<tajweed class=idgham_ghunnah>ةٌ ن</tajweed>َّظَرَ بَعْضُهُمْ إِلَىٰ بَعْضٍ هَلْ يَرَ<tajweed class=madda_normal>ٮٰ</tajweed>ك<tajweed class=idgham_shafawi>ُم م</tajweed>ِّنْ أَحَ<tajweed class=ikhafa>دٍ ث</tajweed>ُ<tajweed class=ghunnah>مّ</tajweed>َ <tajweed class=ham_wasl>ٱ</tajweed><tajweed class=ikhafa>نص</tajweed>َرَفُو<tajweed class=slnt>اْ‌ۚ</tajweed> صَرَفَ <tajweed class=ham_wasl>ٱ</tajweed>للَّهُ قُلُوبَه<tajweed class=ikhafa_shafawi>ُم ب</tajweed>ِأَ<tajweed class=ghunnah>نّ</tajweed>َهُمْ قَوْ<tajweed class=idgham_wo_ghunnah>مٌ ل</tajweed>َّا يَفْقَه<tajweed class=madda_permissible>ُو</tajweed>نَ <span class=end>١٢٧</span>","End":"١٢٧","PageNumber":207,"JuzNumber":11,"ManzilNumber":2,"RukuNumber":171,"MaqraNumber":83,"HizbNumber":21,"HizbDecimal":0.5,"HasSajda":false},{"SurahNumber":9,"SurahIndex":"009","VerseNumber":128,"ShowSurahName":false,"ShowBismillah":false,"Text":"لَقَدۡ جَآءَكُمۡ رَسُولٞ مِّنۡ أَنفُسِكُمۡ عَزِيزٌ عَلَيۡهِ مَا عَنِتُّمۡ حَرِيصٌ عَلَيۡكُم بِٱلۡمُؤۡمِنِينَ رَءُوفٞ رَّحِيمٞ","TajweedText":"لَقَ<tajweed class=qalaqah>دْ</tajweed> ج<tajweed class=madda_obligatory>َا</tajweed>ٓءَكُمْ رَسُو<tajweed class=idgham_ghunnah>لٌ م</tajweed>ِّنْ أَ<tajweed class=ikhafa>نف</tajweed>ُسِكُمْ عَزِيزٌ عَلَيْهِ مَا عَنِتُّمْ حَرِيصٌ عَلَيْك<tajweed class=ikhafa_shafawi>ُم ب</tajweed>ِ<tajweed class=ham_wasl>ٱ</tajweed>لْمُؤْمِنِينَ رَءُو<tajweed class=idgham_wo_ghunnah>فٌ ر</tajweed>َّح<tajweed class=madda_permissible>ِي</tajweed>مٌ <span class=end>١٢٨</span>","End":"١٢٨","PageNumber":207,"JuzNumber":11,"ManzilNumber":2,"RukuNumber":171,"MaqraNumber":83,"HizbNumber":21,"HizbDecimal":0.5,"HasSajda":false},{"SurahNumber":9,"SurahIndex":"009","VerseNumber":129,"ShowSurahName":false,"ShowBismillah":false,"Text":"فَإِن تَوَلَّوۡاْ فَقُلۡ حَسۡبِيَ ٱللَّهُ لَآ إِلَٰهَ إِلَّا هُوَۖ عَلَيۡهِ تَوَكَّلۡتُۖ وَهُوَ رَبُّ ٱلۡعَرۡشِ ٱلۡعَظِيمِ","TajweedText":"فَإِ<tajweed class=ikhafa>ن ت</tajweed>َوَلَّوْ<tajweed class=slnt>اْ</tajweed> فَقُلْ حَسْبِىَ <tajweed class=ham_wasl>ٱ</tajweed>للَّهُ ل<tajweed class=madda_obligatory>َآ</tajweed> إِلَ<tajweed class=madda_normal>ـٰ</tajweed>هَ إِلَّا هُوَ‌ۖ عَلَيْهِ تَوَكَّلْتُ‌ۖ وَهُوَ رَبُّ <tajweed class=ham_wasl>ٱ</tajweed>لْعَرْشِ <tajweed class=ham_wasl>ٱ</tajweed>لْعَظ<tajweed class=madda_permissible>ِي</tajweed>مِ <span class=end>١٢٩</span>","End":"١٢٩","PageNumber":207,"JuzNumber":11,"ManzilNumber":2,"RukuNumber":171,"MaqraNumber":83,"HizbNumber":21,"HizbDecimal":0.5,"HasSajda":false}]}