{"RukuNumber":317,"Verses":[{"SurahNumber":26,"SurahIndex":"026","VerseNumber":10,"ShowSurahName":false,"ShowBismillah":false,"Text":"وَإِذۡ نَادَىٰ رَبُّكَ مُوسَىٰٓ أَنِ ٱئۡتِ ٱلۡقَوۡمَ ٱلظَّـٰلِمِينَ","TajweedText":"وَإِذْ نَادَىٰ رَبُّكَ مُوسَ<tajweed class=madda_obligatory>ىٰٓ</tajweed> أَنِ <tajweed class=ham_wasl>ٱ</tajweed>ئْتِ <tajweed class=ham_wasl>ٱ</tajweed>لْقَوْمَ <tajweed class=ham_wasl>ٱ</tajweed><tajweed class=laam_shamsiyah>ل</tajweed>ظَّ<tajweed class=madda_normal>ـٰ</tajweed>لِم<tajweed class=madda_permissible>ِي</tajweed>نَ <span class=end>١٠</span>","End":"١٠","PageNumber":367,"JuzNumber":19,"ManzilNumber":5,"RukuNumber":317,"MaqraNumber":147,"HizbNumber":37,"HizbDecimal":0.5,"HasSajda":false},{"SurahNumber":26,"SurahIndex":"026","VerseNumber":11,"ShowSurahName":false,"ShowBismillah":false,"Text":"قَوۡمَ فِرۡعَوۡنَۚ أَلَا يَتَّقُونَ","TajweedText":"قَوْمَ فِرْعَوْنَ‌ۚ أَلَا يَتَّق<tajweed class=madda_permissible>ُو</tajweed>نَ <span class=end>١١</span>","End":"١١","PageNumber":367,"JuzNumber":19,"ManzilNumber":5,"RukuNumber":317,"MaqraNumber":147,"HizbNumber":37,"HizbDecimal":0.5,"HasSajda":false},{"SurahNumber":26,"SurahIndex":"026","VerseNumber":12,"ShowSurahName":false,"ShowBismillah":false,"Text":"قَالَ رَبِّ إِنِّيٓ أَخَافُ أَن يُكَذِّبُونِ","TajweedText":"قَالَ رَبِّ إِ<tajweed class=ghunnah>نّ</tajweed><tajweed class=madda_obligatory>ِىٓ</tajweed> أَخَافُ أ<tajweed class=idgham_ghunnah>َن ي</tajweed>ُكَذِّب<tajweed class=madda_permissible>ُو</tajweed>نِ <span class=end>١٢</span>","End":"١٢","PageNumber":367,"JuzNumber":19,"ManzilNumber":5,"RukuNumber":317,"MaqraNumber":147,"HizbNumber":37,"HizbDecimal":0.5,"HasSajda":false},{"SurahNumber":26,"SurahIndex":"026","VerseNumber":13,"ShowSurahName":false,"ShowBismillah":false,"Text":"وَيَضِيقُ صَدۡرِي وَلَا يَنطَلِقُ لِسَانِي فَأَرۡسِلۡ إِلَىٰ هَٰرُونَ","TajweedText":"وَيَضِيقُ صَ<tajweed class=qalaqah>دْ</tajweed>رِى وَلَا يَ<tajweed class=ikhafa>نط</tajweed>َلِقُ لِسَانِى فَأَرْسِلْ إِلَىٰ هَ<tajweed class=madda_normal>ـٰ</tajweed>ر<tajweed class=madda_permissible>ُو</tajweed>نَ <span class=end>١٣</span>","End":"١٣","PageNumber":367,"JuzNumber":19,"ManzilNumber":5,"RukuNumber":317,"MaqraNumber":147,"HizbNumber":37,"HizbDecimal":0.5,"HasSajda":false},{"SurahNumber":26,"SurahIndex":"026","VerseNumber":14,"ShowSurahName":false,"ShowBismillah":false,"Text":"وَلَهُمۡ عَلَيَّ ذَنۢبٞ فَأَخَافُ أَن يَقۡتُلُونِ","TajweedText":"وَلَهُمْ عَلَىَّ ذَ<tajweed class=iqlab>نۢب</tajweed><tajweed class=ikhafa>ٌ ف</tajweed>َأَخَافُ أ<tajweed class=idgham_ghunnah>َن ي</tajweed>َ<tajweed class=qalaqah>قْ</tajweed>تُل<tajweed class=madda_permissible>ُو</tajweed>نِ <span class=end>١٤</span>","End":"١٤","PageNumber":367,"JuzNumber":19,"ManzilNumber":5,"RukuNumber":317,"MaqraNumber":147,"HizbNumber":37,"HizbDecimal":0.5,"HasSajda":false},{"SurahNumber":26,"SurahIndex":"026","VerseNumber":15,"ShowSurahName":false,"ShowBismillah":false,"Text":"قَالَ كَلَّاۖ فَٱذۡهَبَا بِـَٔايَٰتِنَآۖ إِنَّا مَعَكُم مُّسۡتَمِعُونَ","TajweedText":"قَالَ كَلَّا‌ۖ فَ<tajweed class=ham_wasl>ٱ</tajweed>ذْهَبَا بِـَٔـايَ<tajweed class=madda_normal>ـٰ</tajweed>تِن<tajweed class=madda_obligatory>َآ‌ۖ</tajweed> إِ<tajweed class=ghunnah>نّ</tajweed>َا مَعَك<tajweed class=idgham_shafawi>ُم م</tajweed>ُّسْتَمِع<tajweed class=madda_permissible>ُو</tajweed>نَ <span class=end>١٥</span>","End":"١٥","PageNumber":367,"JuzNumber":19,"ManzilNumber":5,"RukuNumber":317,"MaqraNumber":147,"HizbNumber":37,"HizbDecimal":0.5,"HasSajda":false},{"SurahNumber":26,"SurahIndex":"026","VerseNumber":16,"ShowSurahName":false,"ShowBismillah":false,"Text":"فَأۡتِيَا فِرۡعَوۡنَ فَقُولَآ إِنَّا رَسُولُ رَبِّ ٱلۡعَٰلَمِينَ","TajweedText":"فَأْتِيَا فِرْعَوْنَ فَقُول<tajweed class=madda_obligatory>َآ</tajweed> إِ<tajweed class=ghunnah>نّ</tajweed>َا رَسُولُ رَبِّ <tajweed class=ham_wasl>ٱ</tajweed>لْعَ<tajweed class=madda_normal>ـٰ</tajweed>لَم<tajweed class=madda_permissible>ِي</tajweed>نَ <span class=end>١٦</span>","End":"١٦","PageNumber":367,"JuzNumber":19,"ManzilNumber":5,"RukuNumber":317,"MaqraNumber":147,"HizbNumber":37,"HizbDecimal":0.5,"HasSajda":false},{"SurahNumber":26,"SurahIndex":"026","VerseNumber":17,"ShowSurahName":false,"ShowBismillah":false,"Text":"أَنۡ أَرۡسِلۡ مَعَنَا بَنِيٓ إِسۡرَـٰٓءِيلَ","TajweedText":"أَنْ أَرْسِلْ مَعَنَا بَن<tajweed class=madda_obligatory>ِىٓ</tajweed> إِسْر<tajweed class=madda_obligatory>َٲ</tajweed>ٓء<tajweed class=madda_permissible>ِي</tajweed>لَ <span class=end>١٧</span>","End":"١٧","PageNumber":367,"JuzNumber":19,"ManzilNumber":5,"RukuNumber":317,"MaqraNumber":147,"HizbNumber":37,"HizbDecimal":0.5,"HasSajda":false},{"SurahNumber":26,"SurahIndex":"026","VerseNumber":18,"ShowSurahName":false,"ShowBismillah":false,"Text":"قَالَ أَلَمۡ نُرَبِّكَ فِينَا وَلِيدٗا وَلَبِثۡتَ فِينَا مِنۡ عُمُرِكَ سِنِينَ","TajweedText":"قَالَ أَلَمْ نُرَبِّكَ فِينَا وَلِي<tajweed class=idgham_ghunnah>دًا و</tajweed>َلَبِثْتَ فِينَا مِنْ عُمُرِكَ سِن<tajweed class=madda_permissible>ِي</tajweed>نَ <span class=end>١٨</span>","End":"١٨","PageNumber":367,"JuzNumber":19,"ManzilNumber":5,"RukuNumber":317,"MaqraNumber":147,"HizbNumber":37,"HizbDecimal":0.5,"HasSajda":false},{"SurahNumber":26,"SurahIndex":"026","VerseNumber":19,"ShowSurahName":false,"ShowBismillah":false,"Text":"وَفَعَلۡتَ فَعۡلَتَكَ ٱلَّتِي فَعَلۡتَ وَأَنتَ مِنَ ٱلۡكَٰفِرِينَ","TajweedText":"وَفَعَلْتَ فَعْلَتَكَ <tajweed class=ham_wasl>ٱ</tajweed>لَّتِى فَعَلْتَ وَأَ<tajweed class=ikhafa>نت</tajweed>َ مِنَ <tajweed class=ham_wasl>ٱ</tajweed>لْكَ<tajweed class=madda_normal>ـٰ</tajweed>فِر<tajweed class=madda_permissible>ِي</tajweed>نَ <span class=end>١٩</span>","End":"١٩","PageNumber":367,"JuzNumber":19,"ManzilNumber":5,"RukuNumber":317,"MaqraNumber":147,"HizbNumber":37,"HizbDecimal":0.5,"HasSajda":false},{"SurahNumber":26,"SurahIndex":"026","VerseNumber":20,"ShowSurahName":false,"ShowBismillah":false,"Text":"قَالَ فَعَلۡتُهَآ إِذٗا وَأَنَا۠ مِنَ ٱلضَّآلِّينَ","TajweedText":"قَالَ فَعَلْتُه<tajweed class=madda_obligatory>َآ</tajweed> إِ<tajweed class=idgham_ghunnah>ذًا و</tajweed>َأَنَا۟ مِنَ <tajweed class=ham_wasl>ٱ</tajweed><tajweed class=laam_shamsiyah>ل</tajweed>ضّ<tajweed class=madda_necessary>َا</tajweed>ٓلّ<tajweed class=madda_permissible>ِي</tajweed>نَ <span class=end>٢٠</span>","End":"٢٠","PageNumber":368,"JuzNumber":19,"ManzilNumber":5,"RukuNumber":317,"MaqraNumber":147,"HizbNumber":37,"HizbDecimal":0.5,"HasSajda":false},{"SurahNumber":26,"SurahIndex":"026","VerseNumber":21,"ShowSurahName":false,"ShowBismillah":false,"Text":"فَفَرَرۡتُ مِنكُمۡ لَمَّا خِفۡتُكُمۡ فَوَهَبَ لِي رَبِّي حُكۡمٗا وَجَعَلَنِي مِنَ ٱلۡمُرۡسَلِينَ","TajweedText":"فَفَرَرْتُ مِ<tajweed class=ikhafa>نك</tajweed>ُمْ لَ<tajweed class=ghunnah>مّ</tajweed>َا خِفْتُكُمْ فَوَهَبَ لِى رَبِّى حُكْ<tajweed class=idgham_ghunnah>مًا و</tajweed>َجَعَلَنِى مِنَ <tajweed class=ham_wasl>ٱ</tajweed>لْمُرْسَل<tajweed class=madda_permissible>ِي</tajweed>نَ <span class=end>٢١</span>","End":"٢١","PageNumber":368,"JuzNumber":19,"ManzilNumber":5,"RukuNumber":317,"MaqraNumber":147,"HizbNumber":37,"HizbDecimal":0.5,"HasSajda":false},{"SurahNumber":26,"SurahIndex":"026","VerseNumber":22,"ShowSurahName":false,"ShowBismillah":false,"Text":"وَتِلۡكَ نِعۡمَةٞ تَمُنُّهَا عَلَيَّ أَنۡ عَبَّدتَّ بَنِيٓ إِسۡرَـٰٓءِيلَ","TajweedText":"وَتِلْكَ نِعْمَ<tajweed class=ikhafa>ةٌ ت</tajweed>َمُ<tajweed class=ghunnah>نّ</tajweed>ُهَا عَلَىَّ أَنْ عَبَّ<tajweed class=idgham_mutajanisayn>د</tajweed>تَّ بَن<tajweed class=madda_obligatory>ِىٓ</tajweed> إِسْر<tajweed class=madda_obligatory>َٲ</tajweed>ٓء<tajweed class=madda_permissible>ِي</tajweed>لَ <span class=end>٢٢</span>","End":"٢٢","PageNumber":368,"JuzNumber":19,"ManzilNumber":5,"RukuNumber":317,"MaqraNumber":147,"HizbNumber":37,"HizbDecimal":0.5,"HasSajda":false},{"SurahNumber":26,"SurahIndex":"026","VerseNumber":23,"ShowSurahName":false,"ShowBismillah":false,"Text":"قَالَ فِرۡعَوۡنُ وَمَا رَبُّ ٱلۡعَٰلَمِينَ","TajweedText":"قَالَ فِرْعَوْنُ وَمَا رَبُّ <tajweed class=ham_wasl>ٱ</tajweed>لْعَ<tajweed class=madda_normal>ـٰ</tajweed>لَم<tajweed class=madda_permissible>ِي</tajweed>نَ <span class=end>٢٣</span>","End":"٢٣","PageNumber":368,"JuzNumber":19,"ManzilNumber":5,"RukuNumber":317,"MaqraNumber":147,"HizbNumber":37,"HizbDecimal":0.5,"HasSajda":false},{"SurahNumber":26,"SurahIndex":"026","VerseNumber":24,"ShowSurahName":false,"ShowBismillah":false,"Text":"قَالَ رَبُّ ٱلسَّمَٰوَٰتِ وَٱلۡأَرۡضِ وَمَا بَيۡنَهُمَآۖ إِن كُنتُم مُّوقِنِينَ","TajweedText":"قَالَ رَبُّ <tajweed class=ham_wasl>ٱ</tajweed><tajweed class=laam_shamsiyah>ل</tajweed>سَّمَ<tajweed class=madda_normal>ـٰ</tajweed>و<tajweed class=madda_normal>َٲ</tajweed>تِ وَ<tajweed class=ham_wasl>ٱ</tajweed>لْأَرْضِ وَمَا بَيْنَهُم<tajweed class=madda_obligatory>َآ‌ۖ</tajweed> إِ<tajweed class=ikhafa>ن ك</tajweed>ُ<tajweed class=ikhafa>نت</tajweed><tajweed class=idgham_shafawi>ُم م</tajweed>ُّوقِن<tajweed class=madda_permissible>ِي</tajweed>نَ <span class=end>٢٤</span>","End":"٢٤","PageNumber":368,"JuzNumber":19,"ManzilNumber":5,"RukuNumber":317,"MaqraNumber":147,"HizbNumber":37,"HizbDecimal":0.5,"HasSajda":false},{"SurahNumber":26,"SurahIndex":"026","VerseNumber":25,"ShowSurahName":false,"ShowBismillah":false,"Text":"قَالَ لِمَنۡ حَوۡلَهُۥٓ أَلَا تَسۡتَمِعُونَ","TajweedText":"قَالَ لِمَنْ حَوْلَهُ<tajweed class=madda_obligatory>ۥٓ</tajweed> أَلَا تَسْتَمِع<tajweed class=madda_permissible>ُو</tajweed>نَ <span class=end>٢٥</span>","End":"٢٥","PageNumber":368,"JuzNumber":19,"ManzilNumber":5,"RukuNumber":317,"MaqraNumber":147,"HizbNumber":37,"HizbDecimal":0.5,"HasSajda":false},{"SurahNumber":26,"SurahIndex":"026","VerseNumber":26,"ShowSurahName":false,"ShowBismillah":false,"Text":"قَالَ رَبُّكُمۡ وَرَبُّ ءَابَآئِكُمُ ٱلۡأَوَّلِينَ","TajweedText":"قَالَ رَبُّكُمْ وَرَبُّ ءَاب<tajweed class=madda_obligatory>َا</tajweed>ٓئِكُمُ <tajweed class=ham_wasl>ٱ</tajweed>لْأَوَّل<tajweed class=madda_permissible>ِي</tajweed>نَ <span class=end>٢٦</span>","End":"٢٦","PageNumber":368,"JuzNumber":19,"ManzilNumber":5,"RukuNumber":317,"MaqraNumber":147,"HizbNumber":37,"HizbDecimal":0.5,"HasSajda":false},{"SurahNumber":26,"SurahIndex":"026","VerseNumber":27,"ShowSurahName":false,"ShowBismillah":false,"Text":"قَالَ إِنَّ رَسُولَكُمُ ٱلَّذِيٓ أُرۡسِلَ إِلَيۡكُمۡ لَمَجۡنُونٞ","TajweedText":"قَالَ إِ<tajweed class=ghunnah>نّ</tajweed>َ رَسُولَكُمُ <tajweed class=ham_wasl>ٱ</tajweed>لَّذ<tajweed class=madda_obligatory>ِىٓ</tajweed> أُرْسِلَ إِلَيْكُمْ لَمَ<tajweed class=qalaqah>جْ</tajweed>ن<tajweed class=madda_permissible>ُو</tajweed>نٌ <span class=end>٢٧</span>","End":"٢٧","PageNumber":368,"JuzNumber":19,"ManzilNumber":5,"RukuNumber":317,"MaqraNumber":147,"HizbNumber":37,"HizbDecimal":0.5,"HasSajda":false},{"SurahNumber":26,"SurahIndex":"026","VerseNumber":28,"ShowSurahName":false,"ShowBismillah":false,"Text":"قَالَ رَبُّ ٱلۡمَشۡرِقِ وَٱلۡمَغۡرِبِ وَمَا بَيۡنَهُمَآۖ إِن كُنتُمۡ تَعۡقِلُونَ","TajweedText":"قَالَ رَبُّ <tajweed class=ham_wasl>ٱ</tajweed>لْمَشْرِقِ وَ<tajweed class=ham_wasl>ٱ</tajweed>لْمَغْرِبِ وَمَا بَيْنَهُم<tajweed class=madda_obligatory>َآ‌ۖ</tajweed> إِ<tajweed class=ikhafa>ن ك</tajweed>ُ<tajweed class=ikhafa>نت</tajweed>ُمْ تَعْقِل<tajweed class=madda_permissible>ُو</tajweed>نَ <span class=end>٢٨</span>","End":"٢٨","PageNumber":368,"JuzNumber":19,"ManzilNumber":5,"RukuNumber":317,"MaqraNumber":147,"HizbNumber":37,"HizbDecimal":0.5,"HasSajda":false},{"SurahNumber":26,"SurahIndex":"026","VerseNumber":29,"ShowSurahName":false,"ShowBismillah":false,"Text":"قَالَ لَئِنِ ٱتَّخَذۡتَ إِلَٰهًا غَيۡرِي لَأَجۡعَلَنَّكَ مِنَ ٱلۡمَسۡجُونِينَ","TajweedText":"قَالَ لَئِنِ <tajweed class=ham_wasl>ٱ</tajweed>تَّخَذْتَ إِلَ<tajweed class=madda_normal>ـٰ</tajweed>هًا غَيْرِى لَأَ<tajweed class=qalaqah>جْ</tajweed>عَلَ<tajweed class=ghunnah>نّ</tajweed>َكَ مِنَ <tajweed class=ham_wasl>ٱ</tajweed>لْمَسْجُون<tajweed class=madda_permissible>ِي</tajweed>نَ <span class=end>٢٩</span>","End":"٢٩","PageNumber":368,"JuzNumber":19,"ManzilNumber":5,"RukuNumber":317,"MaqraNumber":147,"HizbNumber":37,"HizbDecimal":0.5,"HasSajda":false},{"SurahNumber":26,"SurahIndex":"026","VerseNumber":30,"ShowSurahName":false,"ShowBismillah":false,"Text":"قَالَ أَوَلَوۡ جِئۡتُكَ بِشَيۡءٖ مُّبِينٖ","TajweedText":"قَالَ أَوَلَوْ جِئْتُكَ بِش<tajweed class=idgham_ghunnah>َىْءٍ م</tajweed>ُّب<tajweed class=madda_permissible>ِي</tajweed>نٍ <span class=end>٣٠</span>","End":"٣٠","PageNumber":368,"JuzNumber":19,"ManzilNumber":5,"RukuNumber":317,"MaqraNumber":147,"HizbNumber":37,"HizbDecimal":0.5,"HasSajda":false},{"SurahNumber":26,"SurahIndex":"026","VerseNumber":31,"ShowSurahName":false,"ShowBismillah":false,"Text":"قَالَ فَأۡتِ بِهِۦٓ إِن كُنتَ مِنَ ٱلصَّـٰدِقِينَ","TajweedText":"قَالَ فَأْتِ بِه<tajweed class=madda_obligatory>ِۦٓ</tajweed> إِ<tajweed class=ikhafa>ن ك</tajweed>ُ<tajweed class=ikhafa>نت</tajweed>َ مِنَ <tajweed class=ham_wasl>ٱ</tajweed><tajweed class=laam_shamsiyah>ل</tajweed>صَّ<tajweed class=madda_normal>ـٰ</tajweed>دِق<tajweed class=madda_permissible>ِي</tajweed>نَ <span class=end>٣١</span>","End":"٣١","PageNumber":368,"JuzNumber":19,"ManzilNumber":5,"RukuNumber":317,"MaqraNumber":147,"HizbNumber":37,"HizbDecimal":0.5,"HasSajda":false},{"SurahNumber":26,"SurahIndex":"026","VerseNumber":32,"ShowSurahName":false,"ShowBismillah":false,"Text":"فَأَلۡقَىٰ عَصَاهُ فَإِذَا هِيَ ثُعۡبَانٞ مُّبِينٞ","TajweedText":"فَأَلْقَىٰ عَصَاهُ فَإِذَا هِىَ ثُعْبَا<tajweed class=idgham_ghunnah>نٌ م</tajweed>ُّب<tajweed class=madda_permissible>ِي</tajweed>نٌ <span class=end>٣٢</span>","End":"٣٢","PageNumber":368,"JuzNumber":19,"ManzilNumber":5,"RukuNumber":317,"MaqraNumber":147,"HizbNumber":37,"HizbDecimal":0.5,"HasSajda":false},{"SurahNumber":26,"SurahIndex":"026","VerseNumber":33,"ShowSurahName":false,"ShowBismillah":false,"Text":"وَنَزَعَ يَدَهُۥ فَإِذَا هِيَ بَيۡضَآءُ لِلنَّـٰظِرِينَ","TajweedText":"وَنَزَعَ يَدَهُ<tajweed class=madda_normal>ۥ</tajweed> فَإِذَا هِىَ بَيْض<tajweed class=madda_obligatory>َا</tajweed>ٓءُ لِل<tajweed class=ghunnah>نّ</tajweed>َ<tajweed class=madda_normal>ـٰ</tajweed>ظِر<tajweed class=madda_permissible>ِي</tajweed>نَ <span class=end>٣٣</span>","End":"٣٣","PageNumber":368,"JuzNumber":19,"ManzilNumber":5,"RukuNumber":317,"MaqraNumber":147,"HizbNumber":37,"HizbDecimal":0.5,"HasSajda":false}]}