{"RukuNumber":389,"Verses":[{"SurahNumber":37,"SurahIndex":"037","VerseNumber":114,"ShowSurahName":false,"ShowBismillah":false,"Text":"وَلَقَدۡ مَنَنَّا عَلَىٰ مُوسَىٰ وَهَٰرُونَ","TajweedText":"وَلَقَ<tajweed class=qalaqah>دْ</tajweed> مَنَ<tajweed class=ghunnah>نّ</tajweed>َا عَلَىٰ مُوسَىٰ وَهَ<tajweed class=madda_normal>ـٰ</tajweed>ر<tajweed class=madda_permissible>ُو</tajweed>نَ <span class=end>١١٤</span>","End":"١١٤","PageNumber":450,"JuzNumber":23,"ManzilNumber":6,"RukuNumber":389,"MaqraNumber":180,"HizbNumber":45,"HizbDecimal":0.75,"HasSajda":false},{"SurahNumber":37,"SurahIndex":"037","VerseNumber":115,"ShowSurahName":false,"ShowBismillah":false,"Text":"وَنَجَّيۡنَٰهُمَا وَقَوۡمَهُمَا مِنَ ٱلۡكَرۡبِ ٱلۡعَظِيمِ","TajweedText":"وَنَجَّيْنَ<tajweed class=madda_normal>ـٰ</tajweed>هُمَا وَقَوْمَهُمَا مِنَ <tajweed class=ham_wasl>ٱ</tajweed>لْكَرْبِ <tajweed class=ham_wasl>ٱ</tajweed>لْعَظ<tajweed class=madda_permissible>ِي</tajweed>مِ <span class=end>١١٥</span>","End":"١١٥","PageNumber":450,"JuzNumber":23,"ManzilNumber":6,"RukuNumber":389,"MaqraNumber":180,"HizbNumber":45,"HizbDecimal":0.75,"HasSajda":false},{"SurahNumber":37,"SurahIndex":"037","VerseNumber":116,"ShowSurahName":false,"ShowBismillah":false,"Text":"وَنَصَرۡنَٰهُمۡ فَكَانُواْ هُمُ ٱلۡغَٰلِبِينَ","TajweedText":"وَنَصَرْنَ<tajweed class=madda_normal>ـٰ</tajweed>هُمْ فَكَانُو<tajweed class=slnt>اْ</tajweed> هُمُ <tajweed class=ham_wasl>ٱ</tajweed>لْغَ<tajweed class=madda_normal>ـٰ</tajweed>لِب<tajweed class=madda_permissible>ِي</tajweed>نَ <span class=end>١١٦</span>","End":"١١٦","PageNumber":450,"JuzNumber":23,"ManzilNumber":6,"RukuNumber":389,"MaqraNumber":180,"HizbNumber":45,"HizbDecimal":0.75,"HasSajda":false},{"SurahNumber":37,"SurahIndex":"037","VerseNumber":117,"ShowSurahName":false,"ShowBismillah":false,"Text":"وَءَاتَيۡنَٰهُمَا ٱلۡكِتَٰبَ ٱلۡمُسۡتَبِينَ","TajweedText":"وَءَاتَيْنَ<tajweed class=madda_normal>ـٰ</tajweed>هُمَا <tajweed class=ham_wasl>ٱ</tajweed>لْكِتَ<tajweed class=madda_normal>ـٰ</tajweed>بَ <tajweed class=ham_wasl>ٱ</tajweed>لْمُسْتَب<tajweed class=madda_permissible>ِي</tajweed>نَ <span class=end>١١٧</span>","End":"١١٧","PageNumber":450,"JuzNumber":23,"ManzilNumber":6,"RukuNumber":389,"MaqraNumber":180,"HizbNumber":45,"HizbDecimal":0.75,"HasSajda":false},{"SurahNumber":37,"SurahIndex":"037","VerseNumber":118,"ShowSurahName":false,"ShowBismillah":false,"Text":"وَهَدَيۡنَٰهُمَا ٱلصِّرَٰطَ ٱلۡمُسۡتَقِيمَ","TajweedText":"وَهَدَيْنَ<tajweed class=madda_normal>ـٰ</tajweed>هُمَا <tajweed class=ham_wasl>ٱ</tajweed><tajweed class=laam_shamsiyah>ل</tajweed>صِّر<tajweed class=madda_normal>َٲ</tajweed>طَ <tajweed class=ham_wasl>ٱ</tajweed>لْمُسْتَق<tajweed class=madda_permissible>ِي</tajweed>مَ <span class=end>١١٨</span>","End":"١١٨","PageNumber":450,"JuzNumber":23,"ManzilNumber":6,"RukuNumber":389,"MaqraNumber":180,"HizbNumber":45,"HizbDecimal":0.75,"HasSajda":false},{"SurahNumber":37,"SurahIndex":"037","VerseNumber":119,"ShowSurahName":false,"ShowBismillah":false,"Text":"وَتَرَكۡنَا عَلَيۡهِمَا فِي ٱلۡأٓخِرِينَ","TajweedText":"وَتَرَكْنَا عَلَيْهِمَا فِى <tajweed class=ham_wasl>ٱ</tajweed>لْأَخِر<tajweed class=madda_permissible>ِي</tajweed>نَ <span class=end>١١٩</span>","End":"١١٩","PageNumber":450,"JuzNumber":23,"ManzilNumber":6,"RukuNumber":389,"MaqraNumber":180,"HizbNumber":45,"HizbDecimal":0.75,"HasSajda":false},{"SurahNumber":37,"SurahIndex":"037","VerseNumber":120,"ShowSurahName":false,"ShowBismillah":false,"Text":"سَلَٰمٌ عَلَىٰ مُوسَىٰ وَهَٰرُونَ","TajweedText":"سَلَ<tajweed class=madda_normal>ـٰ</tajweed>مٌ عَلَىٰ مُوسَىٰ وَهَ<tajweed class=madda_normal>ـٰ</tajweed>ر<tajweed class=madda_permissible>ُو</tajweed>نَ <span class=end>١٢٠</span>","End":"١٢٠","PageNumber":450,"JuzNumber":23,"ManzilNumber":6,"RukuNumber":389,"MaqraNumber":180,"HizbNumber":45,"HizbDecimal":0.75,"HasSajda":false},{"SurahNumber":37,"SurahIndex":"037","VerseNumber":121,"ShowSurahName":false,"ShowBismillah":false,"Text":"إِنَّا كَذَٰلِكَ نَجۡزِي ٱلۡمُحۡسِنِينَ","TajweedText":"إِ<tajweed class=ghunnah>نّ</tajweed>َا كَذ<tajweed class=madda_normal>َٲ</tajweed>لِكَ نَ<tajweed class=qalaqah>جْ</tajweed>زِى <tajweed class=ham_wasl>ٱ</tajweed>لْمُحْسِن<tajweed class=madda_permissible>ِي</tajweed>نَ <span class=end>١٢١</span>","End":"١٢١","PageNumber":450,"JuzNumber":23,"ManzilNumber":6,"RukuNumber":389,"MaqraNumber":180,"HizbNumber":45,"HizbDecimal":0.75,"HasSajda":false},{"SurahNumber":37,"SurahIndex":"037","VerseNumber":122,"ShowSurahName":false,"ShowBismillah":false,"Text":"إِنَّهُمَا مِنۡ عِبَادِنَا ٱلۡمُؤۡمِنِينَ","TajweedText":"إِ<tajweed class=ghunnah>نّ</tajweed>َهُمَا مِنْ عِبَادِنَا <tajweed class=ham_wasl>ٱ</tajweed>لْمُؤْمِن<tajweed class=madda_permissible>ِي</tajweed>نَ <span class=end>١٢٢</span>","End":"١٢٢","PageNumber":450,"JuzNumber":23,"ManzilNumber":6,"RukuNumber":389,"MaqraNumber":180,"HizbNumber":45,"HizbDecimal":0.75,"HasSajda":false},{"SurahNumber":37,"SurahIndex":"037","VerseNumber":123,"ShowSurahName":false,"ShowBismillah":false,"Text":"وَإِنَّ إِلۡيَاسَ لَمِنَ ٱلۡمُرۡسَلِينَ","TajweedText":"وَإِ<tajweed class=ghunnah>نّ</tajweed>َ إِلْيَاسَ لَمِنَ <tajweed class=ham_wasl>ٱ</tajweed>لْمُرْسَل<tajweed class=madda_permissible>ِي</tajweed>نَ <span class=end>١٢٣</span>","End":"١٢٣","PageNumber":450,"JuzNumber":23,"ManzilNumber":6,"RukuNumber":389,"MaqraNumber":180,"HizbNumber":45,"HizbDecimal":0.75,"HasSajda":false},{"SurahNumber":37,"SurahIndex":"037","VerseNumber":124,"ShowSurahName":false,"ShowBismillah":false,"Text":"إِذۡ قَالَ لِقَوۡمِهِۦٓ أَلَا تَتَّقُونَ","TajweedText":"إِذْ قَالَ لِقَوْمِه<tajweed class=madda_obligatory>ِۦٓ</tajweed> أَلَا تَتَّق<tajweed class=madda_permissible>ُو</tajweed>نَ <span class=end>١٢٤</span>","End":"١٢٤","PageNumber":450,"JuzNumber":23,"ManzilNumber":6,"RukuNumber":389,"MaqraNumber":180,"HizbNumber":45,"HizbDecimal":0.75,"HasSajda":false},{"SurahNumber":37,"SurahIndex":"037","VerseNumber":125,"ShowSurahName":false,"ShowBismillah":false,"Text":"أَتَدۡعُونَ بَعۡلٗا وَتَذَرُونَ أَحۡسَنَ ٱلۡخَٰلِقِينَ","TajweedText":"أَتَ<tajweed class=qalaqah>دْ</tajweed>عُونَ بَعْل<tajweed class=idgham_ghunnah>اً و</tajweed>َتَذَرُونَ أَحْسَنَ <tajweed class=ham_wasl>ٱ</tajweed>لْخَ<tajweed class=madda_normal>ـٰ</tajweed>لِق<tajweed class=madda_permissible>ِي</tajweed>نَ <span class=end>١٢٥</span>","End":"١٢٥","PageNumber":450,"JuzNumber":23,"ManzilNumber":6,"RukuNumber":389,"MaqraNumber":180,"HizbNumber":45,"HizbDecimal":0.75,"HasSajda":false},{"SurahNumber":37,"SurahIndex":"037","VerseNumber":126,"ShowSurahName":false,"ShowBismillah":false,"Text":"ٱللَّهَ رَبَّكُمۡ وَرَبَّ ءَابَآئِكُمُ ٱلۡأَوَّلِينَ","TajweedText":"ٱللَّهَ رَبَّكُمْ وَرَبَّ ءَاب<tajweed class=madda_obligatory>َا</tajweed>ٓئِكُمُ <tajweed class=ham_wasl>ٱ</tajweed>لْأَوَّل<tajweed class=madda_permissible>ِي</tajweed>نَ <span class=end>١٢٦</span>","End":"١٢٦","PageNumber":450,"JuzNumber":23,"ManzilNumber":6,"RukuNumber":389,"MaqraNumber":180,"HizbNumber":45,"HizbDecimal":0.75,"HasSajda":false},{"SurahNumber":37,"SurahIndex":"037","VerseNumber":127,"ShowSurahName":false,"ShowBismillah":false,"Text":"فَكَذَّبُوهُ فَإِنَّهُمۡ لَمُحۡضَرُونَ","TajweedText":"فَكَذَّبُوهُ فَإِ<tajweed class=ghunnah>نّ</tajweed>َهُمْ لَمُحْضَر<tajweed class=madda_permissible>ُو</tajweed>نَ <span class=end>١٢٧</span>","End":"١٢٧","PageNumber":451,"JuzNumber":23,"ManzilNumber":6,"RukuNumber":389,"MaqraNumber":180,"HizbNumber":45,"HizbDecimal":0.75,"HasSajda":false},{"SurahNumber":37,"SurahIndex":"037","VerseNumber":128,"ShowSurahName":false,"ShowBismillah":false,"Text":"إِلَّا عِبَادَ ٱللَّهِ ٱلۡمُخۡلَصِينَ","TajweedText":"إِلَّا عِبَادَ <tajweed class=ham_wasl>ٱ</tajweed>للَّهِ <tajweed class=ham_wasl>ٱ</tajweed>لْمُخْلَص<tajweed class=madda_permissible>ِي</tajweed>نَ <span class=end>١٢٨</span>","End":"١٢٨","PageNumber":451,"JuzNumber":23,"ManzilNumber":6,"RukuNumber":389,"MaqraNumber":180,"HizbNumber":45,"HizbDecimal":0.75,"HasSajda":false},{"SurahNumber":37,"SurahIndex":"037","VerseNumber":129,"ShowSurahName":false,"ShowBismillah":false,"Text":"وَتَرَكۡنَا عَلَيۡهِ فِي ٱلۡأٓخِرِينَ","TajweedText":"وَتَرَكْنَا عَلَيْهِ فِى <tajweed class=ham_wasl>ٱ</tajweed>لْأَخِر<tajweed class=madda_permissible>ِي</tajweed>نَ <span class=end>١٢٩</span>","End":"١٢٩","PageNumber":451,"JuzNumber":23,"ManzilNumber":6,"RukuNumber":389,"MaqraNumber":180,"HizbNumber":45,"HizbDecimal":0.75,"HasSajda":false},{"SurahNumber":37,"SurahIndex":"037","VerseNumber":130,"ShowSurahName":false,"ShowBismillah":false,"Text":"سَلَٰمٌ عَلَىٰٓ إِلۡ يَاسِينَ","TajweedText":"سَلَ<tajweed class=madda_normal>ـٰ</tajweed>مٌ عَلَ<tajweed class=madda_obligatory>ىٰٓ</tajweed> إِلْ يَاس<tajweed class=madda_permissible>ِي</tajweed>نَ <span class=end>١٣٠</span>","End":"١٣٠","PageNumber":451,"JuzNumber":23,"ManzilNumber":6,"RukuNumber":389,"MaqraNumber":180,"HizbNumber":45,"HizbDecimal":0.75,"HasSajda":false},{"SurahNumber":37,"SurahIndex":"037","VerseNumber":131,"ShowSurahName":false,"ShowBismillah":false,"Text":"إِنَّا كَذَٰلِكَ نَجۡزِي ٱلۡمُحۡسِنِينَ","TajweedText":"إِ<tajweed class=ghunnah>نّ</tajweed>َا كَذ<tajweed class=madda_normal>َٲ</tajweed>لِكَ نَ<tajweed class=qalaqah>جْ</tajweed>زِى <tajweed class=ham_wasl>ٱ</tajweed>لْمُحْسِن<tajweed class=madda_permissible>ِي</tajweed>نَ <span class=end>١٣١</span>","End":"١٣١","PageNumber":451,"JuzNumber":23,"ManzilNumber":6,"RukuNumber":389,"MaqraNumber":180,"HizbNumber":45,"HizbDecimal":0.75,"HasSajda":false},{"SurahNumber":37,"SurahIndex":"037","VerseNumber":132,"ShowSurahName":false,"ShowBismillah":false,"Text":"إِنَّهُۥ مِنۡ عِبَادِنَا ٱلۡمُؤۡمِنِينَ","TajweedText":"إِ<tajweed class=ghunnah>نّ</tajweed>َهُ<tajweed class=madda_normal>ۥ</tajweed> مِنْ عِبَادِنَا <tajweed class=ham_wasl>ٱ</tajweed>لْمُؤْمِن<tajweed class=madda_permissible>ِي</tajweed>نَ <span class=end>١٣٢</span>","End":"١٣٢","PageNumber":451,"JuzNumber":23,"ManzilNumber":6,"RukuNumber":389,"MaqraNumber":180,"HizbNumber":45,"HizbDecimal":0.75,"HasSajda":false},{"SurahNumber":37,"SurahIndex":"037","VerseNumber":133,"ShowSurahName":false,"ShowBismillah":false,"Text":"وَإِنَّ لُوطٗا لَّمِنَ ٱلۡمُرۡسَلِينَ","TajweedText":"وَإِ<tajweed class=ghunnah>نّ</tajweed>َ لُو<tajweed class=idgham_wo_ghunnah>طًا ل</tajweed>َّمِنَ <tajweed class=ham_wasl>ٱ</tajweed>لْمُرْسَل<tajweed class=madda_permissible>ِي</tajweed>نَ <span class=end>١٣٣</span>","End":"١٣٣","PageNumber":451,"JuzNumber":23,"ManzilNumber":6,"RukuNumber":389,"MaqraNumber":180,"HizbNumber":45,"HizbDecimal":0.75,"HasSajda":false},{"SurahNumber":37,"SurahIndex":"037","VerseNumber":134,"ShowSurahName":false,"ShowBismillah":false,"Text":"إِذۡ نَجَّيۡنَٰهُ وَأَهۡلَهُۥٓ أَجۡمَعِينَ","TajweedText":"إِذْ نَجَّيْنَ<tajweed class=madda_normal>ـٰ</tajweed>هُ وَأَهْلَهُ<tajweed class=madda_obligatory>ۥٓ</tajweed> أَ<tajweed class=qalaqah>جْ</tajweed>مَع<tajweed class=madda_permissible>ِي</tajweed>نَ <span class=end>١٣٤</span>","End":"١٣٤","PageNumber":451,"JuzNumber":23,"ManzilNumber":6,"RukuNumber":389,"MaqraNumber":180,"HizbNumber":45,"HizbDecimal":0.75,"HasSajda":false},{"SurahNumber":37,"SurahIndex":"037","VerseNumber":135,"ShowSurahName":false,"ShowBismillah":false,"Text":"إِلَّا عَجُوزٗا فِي ٱلۡغَٰبِرِينَ","TajweedText":"إِلَّا عَجُو<tajweed class=ikhafa>زًا ف</tajweed>ِى <tajweed class=ham_wasl>ٱ</tajweed>لْغَ<tajweed class=madda_normal>ـٰ</tajweed>بِر<tajweed class=madda_permissible>ِي</tajweed>نَ <span class=end>١٣٥</span>","End":"١٣٥","PageNumber":451,"JuzNumber":23,"ManzilNumber":6,"RukuNumber":389,"MaqraNumber":180,"HizbNumber":45,"HizbDecimal":0.75,"HasSajda":false},{"SurahNumber":37,"SurahIndex":"037","VerseNumber":136,"ShowSurahName":false,"ShowBismillah":false,"Text":"ثُمَّ دَمَّرۡنَا ٱلۡأٓخَرِينَ","TajweedText":"ثُ<tajweed class=ghunnah>مّ</tajweed>َ دَ<tajweed class=ghunnah>مّ</tajweed>َرْنَا <tajweed class=ham_wasl>ٱ</tajweed>لْأَخَر<tajweed class=madda_permissible>ِي</tajweed>نَ <span class=end>١٣٦</span>","End":"١٣٦","PageNumber":451,"JuzNumber":23,"ManzilNumber":6,"RukuNumber":389,"MaqraNumber":180,"HizbNumber":45,"HizbDecimal":0.75,"HasSajda":false},{"SurahNumber":37,"SurahIndex":"037","VerseNumber":137,"ShowSurahName":false,"ShowBismillah":false,"Text":"وَإِنَّكُمۡ لَتَمُرُّونَ عَلَيۡهِم مُّصۡبِحِينَ","TajweedText":"وَإِ<tajweed class=ghunnah>نّ</tajweed>َكُمْ لَتَمُرُّونَ عَلَيْه<tajweed class=idgham_shafawi>ِم م</tajweed>ُّصْبِح<tajweed class=madda_permissible>ِي</tajweed>نَ <span class=end>١٣٧</span>","End":"١٣٧","PageNumber":451,"JuzNumber":23,"ManzilNumber":6,"RukuNumber":389,"MaqraNumber":180,"HizbNumber":45,"HizbDecimal":0.75,"HasSajda":false},{"SurahNumber":37,"SurahIndex":"037","VerseNumber":138,"ShowSurahName":false,"ShowBismillah":false,"Text":"وَبِٱلَّيۡلِۚ أَفَلَا تَعۡقِلُونَ","TajweedText":"وَبِ<tajweed class=ham_wasl>ٱ</tajweed>لَّيْلِ‌ۗ أَفَلَا تَعْقِل<tajweed class=madda_permissible>ُو</tajweed>نَ <span class=end>١٣٨</span>","End":"١٣٨","PageNumber":451,"JuzNumber":23,"ManzilNumber":6,"RukuNumber":389,"MaqraNumber":180,"HizbNumber":45,"HizbDecimal":0.75,"HasSajda":false}]}