{"RukuNumber":186,"Verses":[{"SurahNumber":11,"SurahIndex":"011","VerseNumber":36,"ShowSurahName":false,"ShowBismillah":false,"Text":"وَأُوحِيَ إِلَىٰ نُوحٍ أَنَّهُۥ لَن يُؤۡمِنَ مِن قَوۡمِكَ إِلَّا مَن قَدۡ ءَامَنَ فَلَا تَبۡتَئِسۡ بِمَا كَانُواْ يَفۡعَلُونَ","TajweedText":"وَأُوحِىَ إِلَىٰ نُوحٍ أَ<tajweed class=ghunnah>نّ</tajweed>َهُ<tajweed class=madda_normal>ۥ</tajweed> ل<tajweed class=idgham_ghunnah>َن ي</tajweed>ُؤْمِنَ مِ<tajweed class=ikhafa>ن ق</tajweed>َوْمِكَ إِلَّا مَ<tajweed class=ikhafa>ن ق</tajweed>َ<tajweed class=qalaqah>دْ</tajweed> ءَامَنَ فَلَا تَ<tajweed class=qalaqah>بْ</tajweed>تَئِسْ بِمَا كَانُو<tajweed class=slnt>اْ</tajweed> يَفْعَل<tajweed class=madda_permissible>ُو</tajweed>نَ <span class=end>٣٦</span>","End":"٣٦","PageNumber":225,"JuzNumber":12,"ManzilNumber":3,"RukuNumber":186,"MaqraNumber":90,"HizbNumber":23,"HizbDecimal":0.25,"HasSajda":false},{"SurahNumber":11,"SurahIndex":"011","VerseNumber":37,"ShowSurahName":false,"ShowBismillah":false,"Text":"وَٱصۡنَعِ ٱلۡفُلۡكَ بِأَعۡيُنِنَا وَوَحۡيِنَا وَلَا تُخَٰطِبۡنِي فِي ٱلَّذِينَ ظَلَمُوٓاْ إِنَّهُم مُّغۡرَقُونَ","TajweedText":"وَ<tajweed class=ham_wasl>ٱ</tajweed>صْنَعِ <tajweed class=ham_wasl>ٱ</tajweed>لْفُلْكَ بِأَعْيُنِنَا وَوَحْيِنَا وَلَا تُخَ<tajweed class=madda_normal>ـٰ</tajweed>طِ<tajweed class=qalaqah>بْ</tajweed>نِى فِى <tajweed class=ham_wasl>ٱ</tajweed>لَّذِينَ ظَلَم<tajweed class=madda_obligatory>ُوٓ<tajweed class=slnt>اْ</tajweed>‌ۚ</tajweed> إِ<tajweed class=ghunnah>نّ</tajweed>َه<tajweed class=idgham_shafawi>ُم م</tajweed>ُّغْرَق<tajweed class=madda_permissible>ُو</tajweed>نَ <span class=end>٣٧</span>","End":"٣٧","PageNumber":225,"JuzNumber":12,"ManzilNumber":3,"RukuNumber":186,"MaqraNumber":90,"HizbNumber":23,"HizbDecimal":0.25,"HasSajda":false},{"SurahNumber":11,"SurahIndex":"011","VerseNumber":38,"ShowSurahName":false,"ShowBismillah":false,"Text":"وَيَصۡنَعُ ٱلۡفُلۡكَ وَكُلَّمَا مَرَّ عَلَيۡهِ مَلَأٞ مِّن قَوۡمِهِۦ سَخِرُواْ مِنۡهُۚ قَالَ إِن تَسۡخَرُواْ مِنَّا فَإِنَّا نَسۡخَرُ مِنكُمۡ كَمَا تَسۡخَرُونَ","TajweedText":"وَيَصْنَعُ <tajweed class=ham_wasl>ٱ</tajweed>لْفُلْكَ وَكُلَّمَا مَرَّ عَلَيْهِ مَلَ<tajweed class=idgham_ghunnah>أٌ م</tajweed>ِّ<tajweed class=ikhafa>ن ق</tajweed>َوْمِه<tajweed class=madda_normal>ِۦ</tajweed> سَخِرُو<tajweed class=slnt>اْ</tajweed> مِنْهُ‌ۚ قَالَ إِ<tajweed class=ikhafa>ن ت</tajweed>َسْخَرُو<tajweed class=slnt>اْ</tajweed> مِ<tajweed class=ghunnah>نّ</tajweed>َا فَإِ<tajweed class=ghunnah>نّ</tajweed>َا نَسْخَرُ مِ<tajweed class=ikhafa>نك</tajweed>ُمْ كَمَا تَسْخَر<tajweed class=madda_permissible>ُو</tajweed>نَ <span class=end>٣٨</span>","End":"٣٨","PageNumber":226,"JuzNumber":12,"ManzilNumber":3,"RukuNumber":186,"MaqraNumber":90,"HizbNumber":23,"HizbDecimal":0.25,"HasSajda":false},{"SurahNumber":11,"SurahIndex":"011","VerseNumber":39,"ShowSurahName":false,"ShowBismillah":false,"Text":"فَسَوۡفَ تَعۡلَمُونَ مَن يَأۡتِيهِ عَذَابٞ يُخۡزِيهِ وَيَحِلُّ عَلَيۡهِ عَذَابٞ مُّقِيمٌ","TajweedText":"فَسَوْفَ تَعْلَمُونَ م<tajweed class=idgham_ghunnah>َن ي</tajweed>َأْتِيهِ عَذَا<tajweed class=idgham_ghunnah>بٌ ي</tajweed>ُخْزِيهِ وَيَحِلُّ عَلَيْهِ عَذَا<tajweed class=idgham_ghunnah>بٌ م</tajweed>ُّق<tajweed class=madda_permissible>ِي</tajweed>مٌ <span class=end>٣٩</span>","End":"٣٩","PageNumber":226,"JuzNumber":12,"ManzilNumber":3,"RukuNumber":186,"MaqraNumber":90,"HizbNumber":23,"HizbDecimal":0.25,"HasSajda":false},{"SurahNumber":11,"SurahIndex":"011","VerseNumber":40,"ShowSurahName":false,"ShowBismillah":false,"Text":"حَتَّىٰٓ إِذَا جَآءَ أَمۡرُنَا وَفَارَ ٱلتَّنُّورُ قُلۡنَا ٱحۡمِلۡ فِيهَا مِن كُلّٖ زَوۡجَيۡنِ ٱثۡنَيۡنِ وَأَهۡلَكَ إِلَّا مَن سَبَقَ عَلَيۡهِ ٱلۡقَوۡلُ وَمَنۡ ءَامَنَۚ وَمَآ ءَامَنَ مَعَهُۥٓ إِلَّا قَلِيلٞ","TajweedText":"حَتَّ<tajweed class=madda_obligatory>ىٰٓ</tajweed> إِذَا ج<tajweed class=madda_obligatory>َا</tajweed>ٓءَ أَمْرُنَا وَفَارَ <tajweed class=ham_wasl>ٱ</tajweed><tajweed class=laam_shamsiyah>ل</tajweed>تَّ<tajweed class=ghunnah>نّ</tajweed>ُورُ قُلْنَا <tajweed class=ham_wasl>ٱ</tajweed>حْمِلْ فِيهَا مِ<tajweed class=ikhafa>ن ك</tajweed>ُ<tajweed class=ikhafa>لٍّ ز</tajweed>َوْجَيْنِ <tajweed class=ham_wasl>ٱ</tajweed>ثْنَيْنِ وَأَهْلَكَ إِلَّا مَ<tajweed class=ikhafa>ن س</tajweed>َبَقَ عَلَيْهِ <tajweed class=ham_wasl>ٱ</tajweed>لْقَوْلُ وَمَنْ ءَامَنَ‌ۚ وَم<tajweed class=madda_obligatory>َآ</tajweed> ءَامَنَ مَعَهُ<tajweed class=madda_obligatory>ۥٓ</tajweed> إِلَّا قَل<tajweed class=madda_permissible>ِي</tajweed>لٌ <span class=end>٤٠</span>","End":"٤٠","PageNumber":226,"JuzNumber":12,"ManzilNumber":3,"RukuNumber":186,"MaqraNumber":90,"HizbNumber":23,"HizbDecimal":0.25,"HasSajda":false},{"SurahNumber":11,"SurahIndex":"011","VerseNumber":41,"ShowSurahName":false,"ShowBismillah":false,"Text":"۞وَقَالَ ٱرۡكَبُواْ فِيهَا بِسۡمِ ٱللَّهِ مَجۡرٜىٰهَا وَمُرۡسَىٰهَآۚ إِنَّ رَبِّي لَغَفُورٞ رَّحِيمٞ","TajweedText":"۞ وَقَالَ <tajweed class=ham_wasl>ٱ</tajweed>رْكَبُو<tajweed class=slnt>اْ</tajweed> فِيهَا بِسْمِ <tajweed class=ham_wasl>ٱ</tajweed>للَّهِ مَ<tajweed class=qalaqah>جْ</tajweed>ر۪<tajweed class=madda_normal>ٮٰ</tajweed>هَا وَمُرْسَ<tajweed class=madda_normal>ـٰ</tajweed>ه<tajweed class=madda_obligatory>َآ‌ۚ</tajweed> إِ<tajweed class=ghunnah>نّ</tajweed>َ رَبِّى لَغَفُو<tajweed class=idgham_wo_ghunnah>رٌ ر</tajweed>َّح<tajweed class=madda_permissible>ِي</tajweed>مٌ <span class=end>٤١</span>","End":"٤١","PageNumber":226,"JuzNumber":12,"ManzilNumber":3,"RukuNumber":186,"MaqraNumber":91,"HizbNumber":23,"HizbDecimal":0.5,"HasSajda":false},{"SurahNumber":11,"SurahIndex":"011","VerseNumber":42,"ShowSurahName":false,"ShowBismillah":false,"Text":"وَهِيَ تَجۡرِي بِهِمۡ فِي مَوۡجٖ كَٱلۡجِبَالِ وَنَادَىٰ نُوحٌ ٱبۡنَهُۥ وَكَانَ فِي مَعۡزِلٖ يَٰبُنَيَّ ٱرۡكَب مَّعَنَا وَلَا تَكُن مَّعَ ٱلۡكَٰفِرِينَ","TajweedText":"وَهِىَ تَ<tajweed class=qalaqah>جْ</tajweed>رِى بِهِمْ فِى مَوْ<tajweed class=ikhafa>جٍ ك</tajweed>َ<tajweed class=ham_wasl>ٱ</tajweed>لْجِبَالِ وَنَادَىٰ نُوحٌ <tajweed class=ham_wasl>ٱ</tajweed><tajweed class=qalaqah>بْ</tajweed>نَهُ<tajweed class=madda_normal>ۥ</tajweed> وَكَانَ فِى مَعْزِ<tajweed class=idgham_ghunnah>لٍ ي</tajweed>َ<tajweed class=madda_normal>ـٰ</tajweed>بُنَىَّ <tajweed class=ham_wasl>ٱ</tajweed>رْكَ<tajweed class=idgham_mutajanisayn>ب</tajweed> <tajweed class=ghunnah>مّ</tajweed>َعَنَا وَلَا تَك<tajweed class=idgham_ghunnah>ُن م</tajweed>َّعَ <tajweed class=ham_wasl>ٱ</tajweed>لْكَ<tajweed class=madda_normal>ـٰ</tajweed>فِر<tajweed class=madda_permissible>ِي</tajweed>نَ <span class=end>٤٢</span>","End":"٤٢","PageNumber":226,"JuzNumber":12,"ManzilNumber":3,"RukuNumber":186,"MaqraNumber":91,"HizbNumber":23,"HizbDecimal":0.5,"HasSajda":false},{"SurahNumber":11,"SurahIndex":"011","VerseNumber":43,"ShowSurahName":false,"ShowBismillah":false,"Text":"قَالَ سَـَٔاوِيٓ إِلَىٰ جَبَلٖ يَعۡصِمُنِي مِنَ ٱلۡمَآءِۚ قَالَ لَا عَاصِمَ ٱلۡيَوۡمَ مِنۡ أَمۡرِ ٱللَّهِ إِلَّا مَن رَّحِمَۚ وَحَالَ بَيۡنَهُمَا ٱلۡمَوۡجُ فَكَانَ مِنَ ٱلۡمُغۡرَقِينَ","TajweedText":"قَالَ سَـَٔـاو<tajweed class=madda_obligatory>ِىٓ</tajweed> إِلَىٰ جَبَ<tajweed class=idgham_ghunnah>لٍ ي</tajweed>َعْصِمُنِى مِنَ <tajweed class=ham_wasl>ٱ</tajweed>لْم<tajweed class=madda_obligatory>َا</tajweed>ٓءِ‌ۚ قَالَ لَا عَاصِمَ <tajweed class=ham_wasl>ٱ</tajweed>لْيَوْمَ مِنْ أَمْرِ <tajweed class=ham_wasl>ٱ</tajweed>للَّهِ إِلَّا م<tajweed class=idgham_wo_ghunnah>َن ر</tajweed>َّحِمَ‌ۚ وَحَالَ بَيْنَهُمَا <tajweed class=ham_wasl>ٱ</tajweed>لْمَوْجُ فَكَانَ مِنَ <tajweed class=ham_wasl>ٱ</tajweed>لْمُغْرَق<tajweed class=madda_permissible>ِي</tajweed>نَ <span class=end>٤٣</span>","End":"٤٣","PageNumber":226,"JuzNumber":12,"ManzilNumber":3,"RukuNumber":186,"MaqraNumber":91,"HizbNumber":23,"HizbDecimal":0.5,"HasSajda":false},{"SurahNumber":11,"SurahIndex":"011","VerseNumber":44,"ShowSurahName":false,"ShowBismillah":false,"Text":"وَقِيلَ يَـٰٓأَرۡضُ ٱبۡلَعِي مَآءَكِ وَيَٰسَمَآءُ أَقۡلِعِي وَغِيضَ ٱلۡمَآءُ وَقُضِيَ ٱلۡأَمۡرُ وَٱسۡتَوَتۡ عَلَى ٱلۡجُودِيِّۖ وَقِيلَ بُعۡدٗا لِّلۡقَوۡمِ ٱلظَّـٰلِمِينَ","TajweedText":"وَقِيلَ يَ<tajweed class=madda_obligatory>ـٰٓ</tajweed>أَرْضُ <tajweed class=ham_wasl>ٱ</tajweed><tajweed class=qalaqah>بْ</tajweed>لَعِى م<tajweed class=madda_obligatory>َا</tajweed>ٓءَكِ وَيَ<tajweed class=madda_normal>ـٰ</tajweed>سَم<tajweed class=madda_obligatory>َا</tajweed>ٓءُ أَ<tajweed class=qalaqah>قْ</tajweed>لِعِى وَغِيضَ <tajweed class=ham_wasl>ٱ</tajweed>لْم<tajweed class=madda_obligatory>َا</tajweed>ٓءُ وَقُضِىَ <tajweed class=ham_wasl>ٱ</tajweed>لْأَمْرُ وَ<tajweed class=ham_wasl>ٱ</tajweed>سْتَوَتْ عَلَى <tajweed class=ham_wasl>ٱ</tajweed>لْجُودِىِّ‌ۖ وَقِيلَ بُعْ<tajweed class=idgham_wo_ghunnah>دًا ل</tajweed>ِّلْقَوْمِ <tajweed class=ham_wasl>ٱ</tajweed><tajweed class=laam_shamsiyah>ل</tajweed>ظَّ<tajweed class=madda_normal>ـٰ</tajweed>لِم<tajweed class=madda_permissible>ِي</tajweed>نَ <span class=end>٤٤</span>","End":"٤٤","PageNumber":226,"JuzNumber":12,"ManzilNumber":3,"RukuNumber":186,"MaqraNumber":91,"HizbNumber":23,"HizbDecimal":0.5,"HasSajda":false},{"SurahNumber":11,"SurahIndex":"011","VerseNumber":45,"ShowSurahName":false,"ShowBismillah":false,"Text":"وَنَادَىٰ نُوحٞ رَّبَّهُۥ فَقَالَ رَبِّ إِنَّ ٱبۡنِي مِنۡ أَهۡلِي وَإِنَّ وَعۡدَكَ ٱلۡحَقُّ وَأَنتَ أَحۡكَمُ ٱلۡحَٰكِمِينَ","TajweedText":"وَنَادَىٰ نُو<tajweed class=idgham_wo_ghunnah>حٌ ر</tajweed>َّبَّهُ<tajweed class=madda_normal>ۥ</tajweed> فَقَالَ رَبِّ إِ<tajweed class=ghunnah>نّ</tajweed>َ <tajweed class=ham_wasl>ٱ</tajweed><tajweed class=qalaqah>بْ</tajweed>نِى مِنْ أَهْلِى وَإِ<tajweed class=ghunnah>نّ</tajweed>َ وَعْدَكَ <tajweed class=ham_wasl>ٱ</tajweed>لْحَقُّ وَأَ<tajweed class=ikhafa>نت</tajweed>َ أَحْكَمُ <tajweed class=ham_wasl>ٱ</tajweed>لْحَ<tajweed class=madda_normal>ـٰ</tajweed>كِم<tajweed class=madda_permissible>ِي</tajweed>نَ <span class=end>٤٥</span>","End":"٤٥","PageNumber":226,"JuzNumber":12,"ManzilNumber":3,"RukuNumber":186,"MaqraNumber":91,"HizbNumber":23,"HizbDecimal":0.5,"HasSajda":false},{"SurahNumber":11,"SurahIndex":"011","VerseNumber":46,"ShowSurahName":false,"ShowBismillah":false,"Text":"قَالَ يَٰنُوحُ إِنَّهُۥ لَيۡسَ مِنۡ أَهۡلِكَۖ إِنَّهُۥ عَمَلٌ غَيۡرُ صَٰلِحٖۖ فَلَا تَسۡـَٔلۡنِ مَا لَيۡسَ لَكَ بِهِۦ عِلۡمٌۖ إِنِّيٓ أَعِظُكَ أَن تَكُونَ مِنَ ٱلۡجَٰهِلِينَ","TajweedText":"قَالَ يَ<tajweed class=madda_normal>ـٰ</tajweed>نُوحُ إِ<tajweed class=ghunnah>نّ</tajweed>َهُ<tajweed class=madda_normal>ۥ</tajweed> لَيْسَ مِنْ أَهْلِكَ‌ۖ إِ<tajweed class=ghunnah>نّ</tajweed>َهُ<tajweed class=madda_normal>ۥ</tajweed> عَمَلٌ غَيْرُ صَ<tajweed class=madda_normal>ـٰ</tajweed>لِ<tajweed class=ikhafa>حٍ‌ۖ ف</tajweed>َلَا تَسْــَٔلْنِ مَا لَيْسَ لَكَ بِه<tajweed class=madda_normal>ِۦ</tajweed> عِلْمٌ‌ۖ إِ<tajweed class=ghunnah>نّ</tajweed><tajweed class=madda_obligatory>ِىٓ</tajweed> أَعِظُكَ أَ<tajweed class=ikhafa>ن ت</tajweed>َكُونَ مِنَ <tajweed class=ham_wasl>ٱ</tajweed>لْجَ<tajweed class=madda_normal>ـٰ</tajweed>هِل<tajweed class=madda_permissible>ِي</tajweed>نَ <span class=end>٤٦</span>","End":"٤٦","PageNumber":227,"JuzNumber":12,"ManzilNumber":3,"RukuNumber":186,"MaqraNumber":91,"HizbNumber":23,"HizbDecimal":0.5,"HasSajda":false},{"SurahNumber":11,"SurahIndex":"011","VerseNumber":47,"ShowSurahName":false,"ShowBismillah":false,"Text":"قَالَ رَبِّ إِنِّيٓ أَعُوذُ بِكَ أَنۡ أَسۡـَٔلَكَ مَا لَيۡسَ لِي بِهِۦ عِلۡمٞۖ وَإِلَّا تَغۡفِرۡ لِي وَتَرۡحَمۡنِيٓ أَكُن مِّنَ ٱلۡخَٰسِرِينَ","TajweedText":"قَالَ رَبِّ إِ<tajweed class=ghunnah>نّ</tajweed><tajweed class=madda_obligatory>ِىٓ</tajweed> أَعُوذُ بِكَ أَنْ أَسْــَٔلَكَ مَا لَيْسَ لِى بِه<tajweed class=madda_normal>ِۦ</tajweed> عِلْ<tajweed class=idgham_ghunnah>مٌ‌ۖ و</tajweed>َإِلَّا تَغْفِرْ لِى وَتَرْحَمْن<tajweed class=madda_obligatory>ِىٓ</tajweed> أَك<tajweed class=idgham_ghunnah>ُن م</tajweed>ِّنَ <tajweed class=ham_wasl>ٱ</tajweed>لْخَ<tajweed class=madda_normal>ـٰ</tajweed>سِر<tajweed class=madda_permissible>ِي</tajweed>نَ <span class=end>٤٧</span>","End":"٤٧","PageNumber":227,"JuzNumber":12,"ManzilNumber":3,"RukuNumber":186,"MaqraNumber":91,"HizbNumber":23,"HizbDecimal":0.5,"HasSajda":false},{"SurahNumber":11,"SurahIndex":"011","VerseNumber":48,"ShowSurahName":false,"ShowBismillah":false,"Text":"قِيلَ يَٰنُوحُ ٱهۡبِطۡ بِسَلَٰمٖ مِّنَّا وَبَرَكَٰتٍ عَلَيۡكَ وَعَلَىٰٓ أُمَمٖ مِّمَّن مَّعَكَۚ وَأُمَمٞ سَنُمَتِّعُهُمۡ ثُمَّ يَمَسُّهُم مِّنَّا عَذَابٌ أَلِيمٞ","TajweedText":"قِيلَ يَ<tajweed class=madda_normal>ـٰ</tajweed>نُوحُ <tajweed class=ham_wasl>ٱ</tajweed>هْبِ<tajweed class=qalaqah>طْ</tajweed> بِسَلَ<tajweed class=madda_normal>ـٰ</tajweed><tajweed class=idgham_ghunnah>مٍ م</tajweed>ِّ<tajweed class=ghunnah>نّ</tajweed>َا وَبَرَكَ<tajweed class=madda_normal>ـٰ</tajweed>تٍ عَلَيْكَ وَعَلَ<tajweed class=madda_obligatory>ىٰٓ</tajweed> أُمَ<tajweed class=idgham_ghunnah>مٍ م</tajweed>ِّ<tajweed class=ghunnah>مّ</tajweed><tajweed class=idgham_ghunnah>َن م</tajweed>َّعَكَ‌ۚ وَأُمَ<tajweed class=ikhafa>مٌ س</tajweed>َنُمَتِّعُهُمْ ثُ<tajweed class=ghunnah>مّ</tajweed>َ يَمَسُّه<tajweed class=idgham_shafawi>ُم م</tajweed>ِّ<tajweed class=ghunnah>نّ</tajweed>َا عَذَابٌ أَل<tajweed class=madda_permissible>ِي</tajweed>مٌ <span class=end>٤٨</span>","End":"٤٨","PageNumber":227,"JuzNumber":12,"ManzilNumber":3,"RukuNumber":186,"MaqraNumber":91,"HizbNumber":23,"HizbDecimal":0.5,"HasSajda":false},{"SurahNumber":11,"SurahIndex":"011","VerseNumber":49,"ShowSurahName":false,"ShowBismillah":false,"Text":"تِلۡكَ مِنۡ أَنۢبَآءِ ٱلۡغَيۡبِ نُوحِيهَآ إِلَيۡكَۖ مَا كُنتَ تَعۡلَمُهَآ أَنتَ وَلَا قَوۡمُكَ مِن قَبۡلِ هَٰذَاۖ فَٱصۡبِرۡۖ إِنَّ ٱلۡعَٰقِبَةَ لِلۡمُتَّقِينَ","TajweedText":"تِلْكَ مِنْ أَ<tajweed class=iqlab>نۢب</tajweed><tajweed class=madda_obligatory>َا</tajweed>ٓءِ <tajweed class=ham_wasl>ٱ</tajweed>لْغَيْبِ نُوحِيه<tajweed class=madda_obligatory>َآ</tajweed> إِلَيْكَ‌ۖ مَا كُ<tajweed class=ikhafa>نت</tajweed>َ تَعْلَمُه<tajweed class=madda_obligatory>َآ</tajweed> أَ<tajweed class=ikhafa>نت</tajweed>َ وَلَا قَوْمُكَ مِ<tajweed class=ikhafa>ن ق</tajweed>َ<tajweed class=qalaqah>بْ</tajweed>لِ هَ<tajweed class=madda_normal>ـٰ</tajweed>ذَا‌ۖ فَ<tajweed class=ham_wasl>ٱ</tajweed>صْبِرْ‌ۖ إِ<tajweed class=ghunnah>نّ</tajweed>َ <tajweed class=ham_wasl>ٱ</tajweed>لْعَ<tajweed class=madda_normal>ـٰ</tajweed>قِبَةَ لِلْمُتَّق<tajweed class=madda_permissible>ِي</tajweed>نَ <span class=end>٤٩</span>","End":"٤٩","PageNumber":227,"JuzNumber":12,"ManzilNumber":3,"RukuNumber":186,"MaqraNumber":91,"HizbNumber":23,"HizbDecimal":0.5,"HasSajda":false}]}