{"RukuNumber":537,"Verses":[{"SurahNumber":95,"SurahIndex":"095","VerseNumber":1,"ShowSurahName":true,"ShowBismillah":true,"Text":"وَٱلتِّينِ وَٱلزَّيۡتُونِ","TajweedText":"وَ<tajweed class=ham_wasl>ٱ</tajweed><tajweed class=laam_shamsiyah>ل</tajweed>تِّينِ وَ<tajweed class=ham_wasl>ٱ</tajweed><tajweed class=laam_shamsiyah>ل</tajweed>زَّيْت<tajweed class=madda_permissible>ُو</tajweed>نِ <span class=end>١</span>","End":"١","PageNumber":597,"JuzNumber":30,"ManzilNumber":7,"RukuNumber":537,"MaqraNumber":239,"HizbNumber":60,"HizbDecimal":0.5,"HasSajda":false},{"SurahNumber":95,"SurahIndex":"095","VerseNumber":2,"ShowSurahName":false,"ShowBismillah":false,"Text":"وَطُورِ سِينِينَ","TajweedText":"وَطُورِ سِين<tajweed class=madda_permissible>ِي</tajweed>نَ <span class=end>٢</span>","End":"٢","PageNumber":597,"JuzNumber":30,"ManzilNumber":7,"RukuNumber":537,"MaqraNumber":239,"HizbNumber":60,"HizbDecimal":0.5,"HasSajda":false},{"SurahNumber":95,"SurahIndex":"095","VerseNumber":3,"ShowSurahName":false,"ShowBismillah":false,"Text":"وَهَٰذَا ٱلۡبَلَدِ ٱلۡأَمِينِ","TajweedText":"وَهَ<tajweed class=madda_normal>ـٰ</tajweed>ذَا <tajweed class=ham_wasl>ٱ</tajweed>لْبَلَدِ <tajweed class=ham_wasl>ٱ</tajweed>لْأَم<tajweed class=madda_permissible>ِي</tajweed>نِ <span class=end>٣</span>","End":"٣","PageNumber":597,"JuzNumber":30,"ManzilNumber":7,"RukuNumber":537,"MaqraNumber":239,"HizbNumber":60,"HizbDecimal":0.5,"HasSajda":false},{"SurahNumber":95,"SurahIndex":"095","VerseNumber":4,"ShowSurahName":false,"ShowBismillah":false,"Text":"لَقَدۡ خَلَقۡنَا ٱلۡإِنسَٰنَ فِيٓ أَحۡسَنِ تَقۡوِيمٖ","TajweedText":"لَقَ<tajweed class=qalaqah>دْ</tajweed> خَلَ<tajweed class=qalaqah>قْ</tajweed>نَا <tajweed class=ham_wasl>ٱ</tajweed>لْإِ<tajweed class=ikhafa>نس</tajweed>َ<tajweed class=madda_normal>ـٰ</tajweed>نَ ف<tajweed class=madda_obligatory>ِىٓ</tajweed> أَحْسَنِ تَ<tajweed class=qalaqah>قْ</tajweed>و<tajweed class=madda_permissible>ِي</tajweed>مٍ <span class=end>٤</span>","End":"٤","PageNumber":597,"JuzNumber":30,"ManzilNumber":7,"RukuNumber":537,"MaqraNumber":239,"HizbNumber":60,"HizbDecimal":0.5,"HasSajda":false},{"SurahNumber":95,"SurahIndex":"095","VerseNumber":5,"ShowSurahName":false,"ShowBismillah":false,"Text":"ثُمَّ رَدَدۡنَٰهُ أَسۡفَلَ سَٰفِلِينَ","TajweedText":"ثُ<tajweed class=ghunnah>مّ</tajweed>َ رَدَ<tajweed class=qalaqah>دْ</tajweed>نَ<tajweed class=madda_normal>ـٰ</tajweed>هُ أَسْفَلَ سَ<tajweed class=madda_normal>ـٰ</tajweed>فِل<tajweed class=madda_permissible>ِي</tajweed>نَ <span class=end>٥</span>","End":"٥","PageNumber":597,"JuzNumber":30,"ManzilNumber":7,"RukuNumber":537,"MaqraNumber":239,"HizbNumber":60,"HizbDecimal":0.5,"HasSajda":false},{"SurahNumber":95,"SurahIndex":"095","VerseNumber":6,"ShowSurahName":false,"ShowBismillah":false,"Text":"إِلَّا ٱلَّذِينَ ءَامَنُواْ وَعَمِلُواْ ٱلصَّـٰلِحَٰتِ فَلَهُمۡ أَجۡرٌ غَيۡرُ مَمۡنُونٖ","TajweedText":"إِلَّا <tajweed class=ham_wasl>ٱ</tajweed>لَّذِينَ ءَامَنُو<tajweed class=slnt>اْ</tajweed> وَعَمِلُو<tajweed class=slnt>اْ</tajweed> <tajweed class=ham_wasl>ٱ</tajweed><tajweed class=laam_shamsiyah>ل</tajweed>صَّ<tajweed class=madda_normal>ـٰ</tajweed>لِحَ<tajweed class=madda_normal>ـٰ</tajweed>تِ فَلَهُمْ أَ<tajweed class=qalaqah>جْ</tajweed>رٌ غَيْرُ مَمْن<tajweed class=madda_permissible>ُو</tajweed>نٍ <span class=end>٦</span>","End":"٦","PageNumber":597,"JuzNumber":30,"ManzilNumber":7,"RukuNumber":537,"MaqraNumber":239,"HizbNumber":60,"HizbDecimal":0.5,"HasSajda":false},{"SurahNumber":95,"SurahIndex":"095","VerseNumber":7,"ShowSurahName":false,"ShowBismillah":false,"Text":"فَمَا يُكَذِّبُكَ بَعۡدُ بِٱلدِّينِ","TajweedText":"فَمَا يُكَذِّبُكَ بَعْدُ بِ<tajweed class=ham_wasl>ٱ</tajweed><tajweed class=laam_shamsiyah>ل</tajweed>دّ<tajweed class=madda_permissible>ِي</tajweed>نِ <span class=end>٧</span>","End":"٧","PageNumber":597,"JuzNumber":30,"ManzilNumber":7,"RukuNumber":537,"MaqraNumber":239,"HizbNumber":60,"HizbDecimal":0.5,"HasSajda":false},{"SurahNumber":95,"SurahIndex":"095","VerseNumber":8,"ShowSurahName":false,"ShowBismillah":false,"Text":"أَلَيۡسَ ٱللَّهُ بِأَحۡكَمِ ٱلۡحَٰكِمِينَ","TajweedText":"أَلَيْسَ <tajweed class=ham_wasl>ٱ</tajweed>للَّهُ بِأَحْكَمِ <tajweed class=ham_wasl>ٱ</tajweed>لْحَ<tajweed class=madda_normal>ـٰ</tajweed>كِم<tajweed class=madda_permissible>ِي</tajweed>نَ <span class=end>٨</span>","End":"٨","PageNumber":597,"JuzNumber":30,"ManzilNumber":7,"RukuNumber":537,"MaqraNumber":239,"HizbNumber":60,"HizbDecimal":0.5,"HasSajda":false}]}