{"RukuNumber":255,"Verses":[{"SurahNumber":18,"SurahIndex":"018","VerseNumber":23,"ShowSurahName":false,"ShowBismillah":false,"Text":"وَلَا تَقُولَنَّ لِشَاْيۡءٍ إِنِّي فَاعِلٞ ذَٰلِكَ غَدًا","TajweedText":"وَلَا تَقُولَ<tajweed class=ghunnah>نّ</tajweed>َ لِشَ<tajweed class=slnt>اْ</tajweed>ىْءٍ إِ<tajweed class=ghunnah>نّ</tajweed>ِى فَاعِ<tajweed class=ikhafa>لٌ ذ</tajweed><tajweed class=madda_normal>َٲ</tajweed>لِكَ غَدًا <span class=end>٢٣</span>","End":"٢٣","PageNumber":296,"JuzNumber":15,"ManzilNumber":4,"RukuNumber":255,"MaqraNumber":118,"HizbNumber":30,"HizbDecimal":0.25,"HasSajda":false},{"SurahNumber":18,"SurahIndex":"018","VerseNumber":24,"ShowSurahName":false,"ShowBismillah":false,"Text":"إِلَّآ أَن يَشَآءَ ٱللَّهُۚ وَٱذۡكُر رَّبَّكَ إِذَا نَسِيتَ وَقُلۡ عَسَىٰٓ أَن يَهۡدِيَنِ رَبِّي لِأَقۡرَبَ مِنۡ هَٰذَا رَشَدٗا","TajweedText":"إِلّ<tajweed class=madda_obligatory>َآ</tajweed> أ<tajweed class=idgham_ghunnah>َن ي</tajweed>َش<tajweed class=madda_obligatory>َا</tajweed>ٓءَ <tajweed class=ham_wasl>ٱ</tajweed>للَّهُ‌ۚ وَ<tajweed class=ham_wasl>ٱ</tajweed>ذْكُر رَّبَّكَ إِذَا نَسِيتَ وَقُلْ عَسَ<tajweed class=madda_obligatory>ىٰٓ</tajweed> أ<tajweed class=idgham_ghunnah>َن ي</tajweed>َهْدِيَنِ رَبِّى لِأَ<tajweed class=qalaqah>قْ</tajweed>رَبَ مِنْ هَ<tajweed class=madda_normal>ـٰ</tajweed>ذَا رَشَدًا <span class=end>٢٤</span>","End":"٢٤","PageNumber":296,"JuzNumber":15,"ManzilNumber":4,"RukuNumber":255,"MaqraNumber":118,"HizbNumber":30,"HizbDecimal":0.25,"HasSajda":false},{"SurahNumber":18,"SurahIndex":"018","VerseNumber":25,"ShowSurahName":false,"ShowBismillah":false,"Text":"وَلَبِثُواْ فِي كَهۡفِهِمۡ ثَلَٰثَ مِاْئَةٖ سِنِينَ وَٱزۡدَادُواْ تِسۡعٗا","TajweedText":"وَلَبِثُو<tajweed class=slnt>اْ</tajweed> فِى كَهْفِهِمْ ثَلَ<tajweed class=madda_normal>ـٰ</tajweed>ثَ مِ<tajweed class=slnt>اْ</tajweed>ئَ<tajweed class=ikhafa>ةٍ س</tajweed>ِنِينَ وَ<tajweed class=ham_wasl>ٱ</tajweed>زْدَادُو<tajweed class=slnt>اْ</tajweed> تِسْعًا <span class=end>٢٥</span>","End":"٢٥","PageNumber":296,"JuzNumber":15,"ManzilNumber":4,"RukuNumber":255,"MaqraNumber":118,"HizbNumber":30,"HizbDecimal":0.25,"HasSajda":false},{"SurahNumber":18,"SurahIndex":"018","VerseNumber":26,"ShowSurahName":false,"ShowBismillah":false,"Text":"قُلِ ٱللَّهُ أَعۡلَمُ بِمَا لَبِثُواْۖ لَهُۥ غَيۡبُ ٱلسَّمَٰوَٰتِ وَٱلۡأَرۡضِۖ أَبۡصِرۡ بِهِۦ وَأَسۡمِعۡۚ مَا لَهُم مِّن دُونِهِۦ مِن وَلِيّٖ وَلَا يُشۡرِكُ فِي حُكۡمِهِۦٓ أَحَدٗا","TajweedText":"قُلِ <tajweed class=ham_wasl>ٱ</tajweed>للَّهُ أَعْلَمُ بِمَا لَبِثُو<tajweed class=slnt>اْ‌ۖ</tajweed> لَهُ<tajweed class=madda_normal>ۥ</tajweed> غَيْبُ <tajweed class=ham_wasl>ٱ</tajweed><tajweed class=laam_shamsiyah>ل</tajweed>سَّمَ<tajweed class=madda_normal>ـٰ</tajweed>و<tajweed class=madda_normal>َٲ</tajweed>تِ وَ<tajweed class=ham_wasl>ٱ</tajweed>لْأَرْضِ‌ۖ أَ<tajweed class=qalaqah>بْ</tajweed>صِرْ بِه<tajweed class=madda_normal>ِۦ</tajweed> وَأَسْمِعْ‌ۚ مَا لَه<tajweed class=idgham_shafawi>ُم م</tajweed>ِّ<tajweed class=ikhafa>ن د</tajweed>ُونِه<tajweed class=madda_normal>ِۦ</tajweed> م<tajweed class=idgham_ghunnah>ِن و</tajweed>َلِ<tajweed class=idgham_ghunnah>ىٍّ و</tajweed>َلَا يُشْرِكُ فِى حُكْمِه<tajweed class=madda_obligatory>ِۦٓ</tajweed> أَحَدًا <span class=end>٢٦</span>","End":"٢٦","PageNumber":296,"JuzNumber":15,"ManzilNumber":4,"RukuNumber":255,"MaqraNumber":118,"HizbNumber":30,"HizbDecimal":0.25,"HasSajda":false},{"SurahNumber":18,"SurahIndex":"018","VerseNumber":27,"ShowSurahName":false,"ShowBismillah":false,"Text":"وَٱتۡلُ مَآ أُوحِيَ إِلَيۡكَ مِن كِتَابِ رَبِّكَۖ لَا مُبَدِّلَ لِكَلِمَٰتِهِۦ وَلَن تَجِدَ مِن دُونِهِۦ مُلۡتَحَدٗا","TajweedText":"وَ<tajweed class=ham_wasl>ٱ</tajweed>تْلُ م<tajweed class=madda_obligatory>َآ</tajweed> أُوحِىَ إِلَيْكَ مِ<tajweed class=ikhafa>ن ك</tajweed>ِتَابِ رَبِّكَ‌ۖ لَا مُبَدِّلَ لِكَلِمَ<tajweed class=madda_normal>ـٰ</tajweed>تِه<tajweed class=madda_normal>ِۦ</tajweed> وَلَ<tajweed class=ikhafa>ن ت</tajweed>َجِدَ مِ<tajweed class=ikhafa>ن د</tajweed>ُونِه<tajweed class=madda_normal>ِۦ</tajweed> مُلْتَحَدًا <span class=end>٢٧</span>","End":"٢٧","PageNumber":296,"JuzNumber":15,"ManzilNumber":4,"RukuNumber":255,"MaqraNumber":118,"HizbNumber":30,"HizbDecimal":0.25,"HasSajda":false},{"SurahNumber":18,"SurahIndex":"018","VerseNumber":28,"ShowSurahName":false,"ShowBismillah":false,"Text":"وَٱصۡبِرۡ نَفۡسَكَ مَعَ ٱلَّذِينَ يَدۡعُونَ رَبَّهُم بِٱلۡغَدَوٰةِ وَٱلۡعَشِيِّ يُرِيدُونَ وَجۡهَهُۥۖ وَلَا تَعۡدُ عَيۡنَاكَ عَنۡهُمۡ تُرِيدُ زِينَةَ ٱلۡحَيَوٰةِ ٱلدُّنۡيَاۖ وَلَا تُطِعۡ مَنۡ أَغۡفَلۡنَا قَلۡبَهُۥ عَن ذِكۡرِنَا وَٱتَّبَعَ هَوَىٰهُ وَكَانَ أَمۡرُهُۥ فُرُطٗا","TajweedText":"وَ<tajweed class=ham_wasl>ٱ</tajweed>صْبِرْ نَفْسَكَ مَعَ <tajweed class=ham_wasl>ٱ</tajweed>لَّذِينَ يَ<tajweed class=qalaqah>دْ</tajweed>عُونَ رَبَّه<tajweed class=ikhafa_shafawi>ُم ب</tajweed>ِ<tajweed class=ham_wasl>ٱ</tajweed>لْغَدَ<tajweed class=slnt>و</tajweed><tajweed class=madda_normal>ٲ</tajweed>ةِ وَ<tajweed class=ham_wasl>ٱ</tajweed>لْعَشِىِّ يُرِيدُونَ وَ<tajweed class=qalaqah>جْ</tajweed>هَهُ<tajweed class=madda_normal>ۥ</tajweed>‌ۖ وَلَا تَعْدُ عَيْنَاكَ عَنْهُمْ تُرِيدُ زِينَةَ <tajweed class=ham_wasl>ٱ</tajweed>لْحَيَ<tajweed class=slnt>و</tajweed><tajweed class=madda_normal>ٲ</tajweed>ةِ <tajweed class=ham_wasl>ٱ</tajweed><tajweed class=laam_shamsiyah>ل</tajweed>دُّنْيَا‌ۖ وَلَا تُطِعْ مَنْ أَغْفَلْنَا قَلْبَهُ<tajweed class=madda_normal>ۥ</tajweed> عَ<tajweed class=ikhafa>ن ذ</tajweed>ِكْرِنَا وَ<tajweed class=ham_wasl>ٱ</tajweed>تَّبَعَ هَوَ<tajweed class=madda_normal>ٮٰ</tajweed>هُ وَكَانَ أَمْرُهُ<tajweed class=madda_normal>ۥ</tajweed> فُرُطًا <span class=end>٢٨</span>","End":"٢٨","PageNumber":297,"JuzNumber":15,"ManzilNumber":4,"RukuNumber":255,"MaqraNumber":118,"HizbNumber":30,"HizbDecimal":0.25,"HasSajda":false},{"SurahNumber":18,"SurahIndex":"018","VerseNumber":29,"ShowSurahName":false,"ShowBismillah":false,"Text":"وَقُلِ ٱلۡحَقُّ مِن رَّبِّكُمۡۖ فَمَن شَآءَ فَلۡيُؤۡمِن وَمَن شَآءَ فَلۡيَكۡفُرۡۚ إِنَّآ أَعۡتَدۡنَا لِلظَّـٰلِمِينَ نَارًا أَحَاطَ بِهِمۡ سُرَادِقُهَاۚ وَإِن يَسۡتَغِيثُواْ يُغَاثُواْ بِمَآءٖ كَٱلۡمُهۡلِ يَشۡوِي ٱلۡوُجُوهَۚ بِئۡسَ ٱلشَّرَابُ وَسَآءَتۡ مُرۡتَفَقًا","TajweedText":"وَقُلِ <tajweed class=ham_wasl>ٱ</tajweed>لْحَقُّ م<tajweed class=idgham_wo_ghunnah>ِن ر</tajweed>َّبِّكُمْ‌ۖ فَمَ<tajweed class=ikhafa>ن ش</tajweed><tajweed class=madda_obligatory>َا</tajweed>ٓءَ فَلْيُؤْم<tajweed class=idgham_ghunnah>ِن و</tajweed>َمَ<tajweed class=ikhafa>ن ش</tajweed><tajweed class=madda_obligatory>َا</tajweed>ٓءَ فَلْيَكْفُرْ‌ۚ إِ<tajweed class=ghunnah>نّ</tajweed><tajweed class=madda_obligatory>َآ</tajweed> أَعْتَ<tajweed class=qalaqah>دْ</tajweed>نَا لِلظَّ<tajweed class=madda_normal>ـٰ</tajweed>لِمِينَ نَارًا أَحَاطَ بِهِمْ سُرَادِقُهَا‌ۚ وَإ<tajweed class=idgham_ghunnah>ِن ي</tajweed>َسْتَغِيثُو<tajweed class=slnt>اْ</tajweed> يُغَاثُو<tajweed class=slnt>اْ</tajweed> بِم<tajweed class=madda_obligatory>َا</tajweed>ٓ<tajweed class=ikhafa>ءٍ ك</tajweed>َ<tajweed class=ham_wasl>ٱ</tajweed>لْمُهْلِ يَشْوِى <tajweed class=ham_wasl>ٱ</tajweed>لْوُجُوهَ‌ۚ بِئْسَ <tajweed class=ham_wasl>ٱ</tajweed><tajweed class=laam_shamsiyah>ل</tajweed>شَّرَابُ وَس<tajweed class=madda_obligatory>َا</tajweed>ٓءَتْ مُرْتَفَقًا <span class=end>٢٩</span>","End":"٢٩","PageNumber":297,"JuzNumber":15,"ManzilNumber":4,"RukuNumber":255,"MaqraNumber":118,"HizbNumber":30,"HizbDecimal":0.25,"HasSajda":false},{"SurahNumber":18,"SurahIndex":"018","VerseNumber":30,"ShowSurahName":false,"ShowBismillah":false,"Text":"إِنَّ ٱلَّذِينَ ءَامَنُواْ وَعَمِلُواْ ٱلصَّـٰلِحَٰتِ إِنَّا لَا نُضِيعُ أَجۡرَ مَنۡ أَحۡسَنَ عَمَلًا","TajweedText":"إِ<tajweed class=ghunnah>نّ</tajweed>َ <tajweed class=ham_wasl>ٱ</tajweed>لَّذِينَ ءَامَنُو<tajweed class=slnt>اْ</tajweed> وَعَمِلُو<tajweed class=slnt>اْ</tajweed> <tajweed class=ham_wasl>ٱ</tajweed><tajweed class=laam_shamsiyah>ل</tajweed>صَّ<tajweed class=madda_normal>ـٰ</tajweed>لِحَ<tajweed class=madda_normal>ـٰ</tajweed>تِ إِ<tajweed class=ghunnah>نّ</tajweed>َا لَا نُضِيعُ أَ<tajweed class=qalaqah>جْ</tajweed>رَ مَنْ أَحْسَنَ عَمَلاً <span class=end>٣٠</span>","End":"٣٠","PageNumber":297,"JuzNumber":15,"ManzilNumber":4,"RukuNumber":255,"MaqraNumber":118,"HizbNumber":30,"HizbDecimal":0.25,"HasSajda":false},{"SurahNumber":18,"SurahIndex":"018","VerseNumber":31,"ShowSurahName":false,"ShowBismillah":false,"Text":"أُوْلَـٰٓئِكَ لَهُمۡ جَنَّـٰتُ عَدۡنٖ تَجۡرِي مِن تَحۡتِهِمُ ٱلۡأَنۡهَٰرُ يُحَلَّوۡنَ فِيهَا مِنۡ أَسَاوِرَ مِن ذَهَبٖ وَيَلۡبَسُونَ ثِيَابًا خُضۡرٗا مِّن سُندُسٖ وَإِسۡتَبۡرَقٖ مُّتَّكِـِٔينَ فِيهَا عَلَى ٱلۡأَرَآئِكِۚ نِعۡمَ ٱلثَّوَابُ وَحَسُنَتۡ مُرۡتَفَقٗا","TajweedText":"أُ<tajweed class=slnt>وْ</tajweed>لَ<tajweed class=madda_obligatory>ـٰٓ</tajweed>ئِكَ لَهُمْ جَ<tajweed class=ghunnah>نّ</tajweed>َ<tajweed class=madda_normal>ـٰ</tajweed>تُ عَ<tajweed class=qalaqah>دْ</tajweed><tajweed class=ikhafa>نٍ ت</tajweed>َ<tajweed class=qalaqah>جْ</tajweed>رِى مِ<tajweed class=ikhafa>ن ت</tajweed>َحْتِهِمُ <tajweed class=ham_wasl>ٱ</tajweed>لْأَنْهَ<tajweed class=madda_normal>ـٰ</tajweed>رُ يُحَلَّوْنَ فِيهَا مِنْ أَسَاوِرَ مِ<tajweed class=ikhafa>ن ذ</tajweed>َهَ<tajweed class=idgham_ghunnah>بٍ و</tajweed>َيَلْبَسُونَ ثِيَابًا خُضْ<tajweed class=idgham_ghunnah>رًا م</tajweed>ِّ<tajweed class=ikhafa>ن س</tajweed>ُ<tajweed class=ikhafa>ند</tajweed>ُ<tajweed class=idgham_ghunnah>سٍ و</tajweed>َإِسْتَ<tajweed class=qalaqah>بْ</tajweed>رَ<tajweed class=idgham_ghunnah>قٍ م</tajweed>ُّتَّكِــِٔينَ فِيهَا عَلَى <tajweed class=ham_wasl>ٱ</tajweed>لْأَر<tajweed class=madda_obligatory>َا</tajweed>ٓئِكِ‌ۚ نِعْمَ <tajweed class=ham_wasl>ٱ</tajweed><tajweed class=laam_shamsiyah>ل</tajweed>ثَّوَابُ وَحَسُنَتْ مُرْتَفَقًا <span class=end>٣١</span>","End":"٣١","PageNumber":297,"JuzNumber":15,"ManzilNumber":4,"RukuNumber":255,"MaqraNumber":118,"HizbNumber":30,"HizbDecimal":0.25,"HasSajda":false}]}