{"RukuNumber":37,"Verses":[{"SurahNumber":2,"SurahIndex":"002","VerseNumber":261,"ShowSurahName":false,"ShowBismillah":false,"Text":"مَّثَلُ ٱلَّذِينَ يُنفِقُونَ أَمۡوَٰلَهُمۡ فِي سَبِيلِ ٱللَّهِ كَمَثَلِ حَبَّةٍ أَنۢبَتَتۡ سَبۡعَ سَنَابِلَ فِي كُلِّ سُنۢبُلَةٖ مِّاْئَةُ حَبَّةٖۗ وَٱللَّهُ يُضَٰعِفُ لِمَن يَشَآءُۚ وَٱللَّهُ وَٰسِعٌ عَلِيمٌ","TajweedText":"مَّثَلُ <tajweed class=ham_wasl>ٱ</tajweed>لَّذِينَ يُ<tajweed class=ikhafa>نف</tajweed>ِقُونَ أَمْو<tajweed class=madda_normal>َٲ</tajweed>لَهُمْ فِى سَبِيلِ <tajweed class=ham_wasl>ٱ</tajweed>للَّهِ كَمَثَلِ حَبَّةٍ أَ<tajweed class=iqlab>نۢب</tajweed>َتَتْ سَ<tajweed class=qalaqah>بْ</tajweed>عَ سَنَابِلَ فِى كُلِّ سُ<tajweed class=iqlab>نۢب</tajweed>ُلَ<tajweed class=idgham_ghunnah>ةٍ م</tajweed>ِّ<tajweed class=slnt>اْ</tajweed>ئَةُ حَبَّ<tajweed class=idgham_ghunnah>ةٍ‌ۗ و</tajweed>َ<tajweed class=ham_wasl>ٱ</tajweed>للَّهُ يُضَ<tajweed class=madda_normal>ـٰ</tajweed>عِفُ لِم<tajweed class=idgham_ghunnah>َن ي</tajweed>َش<tajweed class=madda_obligatory>َا</tajweed>ٓءُ‌ۗ وَ<tajweed class=ham_wasl>ٱ</tajweed>للَّهُ و<tajweed class=madda_normal>َٲ</tajweed>سِعٌ عَل<tajweed class=madda_permissible>ِي</tajweed>مٌ <span class=end>٢٦١</span>","End":"٢٦١","PageNumber":44,"JuzNumber":3,"ManzilNumber":1,"RukuNumber":37,"MaqraNumber":17,"HizbNumber":5,"HizbDecimal":0.0,"HasSajda":false},{"SurahNumber":2,"SurahIndex":"002","VerseNumber":262,"ShowSurahName":false,"ShowBismillah":false,"Text":"ٱلَّذِينَ يُنفِقُونَ أَمۡوَٰلَهُمۡ فِي سَبِيلِ ٱللَّهِ ثُمَّ لَا يُتۡبِعُونَ مَآ أَنفَقُواْ مَنّٗا وَلَآ أَذٗى لَّهُمۡ أَجۡرُهُمۡ عِندَ رَبِّهِمۡ وَلَا خَوۡفٌ عَلَيۡهِمۡ وَلَا هُمۡ يَحۡزَنُونَ","TajweedText":"ٱلَّذِينَ يُ<tajweed class=ikhafa>نف</tajweed>ِقُونَ أَمْو<tajweed class=madda_normal>َٲ</tajweed>لَهُمْ فِى سَبِيلِ <tajweed class=ham_wasl>ٱ</tajweed>للَّهِ ثُ<tajweed class=ghunnah>مّ</tajweed>َ لَا يُتْبِعُونَ م<tajweed class=madda_obligatory>َآ</tajweed> أَ<tajweed class=ikhafa>نف</tajweed>َقُو<tajweed class=slnt>اْ</tajweed> مَن<tajweed class=idgham_ghunnah>ًّا و</tajweed>َل<tajweed class=madda_obligatory>َآ</tajweed> أَ<tajweed class=idgham_wo_ghunnah>ذًى‌ۙ ل</tajweed>َّهُمْ أَ<tajweed class=qalaqah>جْ</tajweed>رُهُمْ عِ<tajweed class=ikhafa>ند</tajweed>َ رَبِّهِمْ وَلَا خَوْفٌ عَلَيْهِمْ وَلَا هُمْ يَحْزَن<tajweed class=madda_permissible>ُو</tajweed>نَ <span class=end>٢٦٢</span>","End":"٢٦٢","PageNumber":44,"JuzNumber":3,"ManzilNumber":1,"RukuNumber":37,"MaqraNumber":17,"HizbNumber":5,"HizbDecimal":0.0,"HasSajda":false},{"SurahNumber":2,"SurahIndex":"002","VerseNumber":263,"ShowSurahName":false,"ShowBismillah":false,"Text":"۞قَوۡلٞ مَّعۡرُوفٞ وَمَغۡفِرَةٌ خَيۡرٞ مِّن صَدَقَةٖ يَتۡبَعُهَآ أَذٗىۗ وَٱللَّهُ غَنِيٌّ حَلِيمٞ","TajweedText":"۞ قَوْ<tajweed class=idgham_ghunnah>لٌ م</tajweed>َّعْرُو<tajweed class=idgham_ghunnah>فٌ و</tajweed>َمَغْفِرَةٌ خَيْ<tajweed class=idgham_ghunnah>رٌ م</tajweed>ِّ<tajweed class=ikhafa>ن ص</tajweed>َدَقَ<tajweed class=idgham_ghunnah>ةٍ ي</tajweed>َتْبَعُه<tajweed class=madda_obligatory>َآ</tajweed> أَ<tajweed class=idgham_ghunnah>ذًى‌ۗ و</tajweed>َ<tajweed class=ham_wasl>ٱ</tajweed>للَّهُ غَنِىٌّ حَل<tajweed class=madda_permissible>ِي</tajweed>مٌ <span class=end>٢٦٣</span>","End":"٢٦٣","PageNumber":44,"JuzNumber":3,"ManzilNumber":1,"RukuNumber":37,"MaqraNumber":18,"HizbNumber":5,"HizbDecimal":0.25,"HasSajda":false},{"SurahNumber":2,"SurahIndex":"002","VerseNumber":264,"ShowSurahName":false,"ShowBismillah":false,"Text":"يَـٰٓأَيُّهَا ٱلَّذِينَ ءَامَنُواْ لَا تُبۡطِلُواْ صَدَقَٰتِكُم بِٱلۡمَنِّ وَٱلۡأَذَىٰ كَٱلَّذِي يُنفِقُ مَالَهُۥ رِئَآءَ ٱلنَّاسِ وَلَا يُؤۡمِنُ بِٱللَّهِ وَٱلۡيَوۡمِ ٱلۡأٓخِرِۖ فَمَثَلُهُۥ كَمَثَلِ صَفۡوَانٍ عَلَيۡهِ تُرَابٞ فَأَصَابَهُۥ وَابِلٞ فَتَرَكَهُۥ صَلۡدٗاۖ لَّا يَقۡدِرُونَ عَلَىٰ شَيۡءٖ مِّمَّا كَسَبُواْۗ وَٱللَّهُ لَا يَهۡدِي ٱلۡقَوۡمَ ٱلۡكَٰفِرِينَ","TajweedText":"يَ<tajweed class=madda_obligatory>ـٰٓ</tajweed>أَيُّهَا <tajweed class=ham_wasl>ٱ</tajweed>لَّذِينَ ءَامَنُو<tajweed class=slnt>اْ</tajweed> لَا تُ<tajweed class=qalaqah>بْ</tajweed>طِلُو<tajweed class=slnt>اْ</tajweed> صَدَقَ<tajweed class=madda_normal>ـٰ</tajweed>تِك<tajweed class=ikhafa_shafawi>ُم ب</tajweed>ِ<tajweed class=ham_wasl>ٱ</tajweed>لْمَ<tajweed class=ghunnah>نّ</tajweed>ِ وَ<tajweed class=ham_wasl>ٱ</tajweed>لْأَذَىٰ كَ<tajweed class=ham_wasl>ٱ</tajweed>لَّذِى يُ<tajweed class=ikhafa>نف</tajweed>ِقُ مَالَهُ<tajweed class=madda_normal>ۥ</tajweed> رِئ<tajweed class=madda_obligatory>َا</tajweed>ٓءَ <tajweed class=ham_wasl>ٱ</tajweed><tajweed class=laam_shamsiyah>ل</tajweed><tajweed class=ghunnah>نّ</tajweed>َاسِ وَلَا يُؤْمِنُ بِ<tajweed class=ham_wasl>ٱ</tajweed>للَّهِ وَ<tajweed class=ham_wasl>ٱ</tajweed>لْيَوْمِ <tajweed class=ham_wasl>ٱ</tajweed>لْأَخِرِ‌ۖ فَمَثَلُهُ<tajweed class=madda_normal>ۥ</tajweed> كَمَثَلِ صَفْوَانٍ عَلَيْهِ تُرَا<tajweed class=ikhafa>بٌ ف</tajweed>َأَصَابَهُ<tajweed class=madda_normal>ۥ</tajweed> وَابِ<tajweed class=ikhafa>لٌ ف</tajweed>َتَرَكَهُ<tajweed class=madda_normal>ۥ</tajweed> صَلْ<tajweed class=idgham_wo_ghunnah>دًا‌ۖ ل</tajweed>َّا يَ<tajweed class=qalaqah>قْ</tajweed>دِرُونَ عَلَىٰ ش<tajweed class=idgham_ghunnah>َىْءٍ م</tajweed>ِّ<tajweed class=ghunnah>مّ</tajweed>َا كَسَبُو<tajweed class=slnt>اْ‌ۗ</tajweed> وَ<tajweed class=ham_wasl>ٱ</tajweed>للَّهُ لَا يَهْدِى <tajweed class=ham_wasl>ٱ</tajweed>لْقَوْمَ <tajweed class=ham_wasl>ٱ</tajweed>لْكَ<tajweed class=madda_normal>ـٰ</tajweed>فِر<tajweed class=madda_permissible>ِي</tajweed>نَ <span class=end>٢٦٤</span>","End":"٢٦٤","PageNumber":44,"JuzNumber":3,"ManzilNumber":1,"RukuNumber":37,"MaqraNumber":18,"HizbNumber":5,"HizbDecimal":0.25,"HasSajda":false},{"SurahNumber":2,"SurahIndex":"002","VerseNumber":265,"ShowSurahName":false,"ShowBismillah":false,"Text":"وَمَثَلُ ٱلَّذِينَ يُنفِقُونَ أَمۡوَٰلَهُمُ ٱبۡتِغَآءَ مَرۡضَاتِ ٱللَّهِ وَتَثۡبِيتٗا مِّنۡ أَنفُسِهِمۡ كَمَثَلِ جَنَّةِۭ بِرَبۡوَةٍ أَصَابَهَا وَابِلٞ فَـَٔاتَتۡ أُكُلَهَا ضِعۡفَيۡنِ فَإِن لَّمۡ يُصِبۡهَا وَابِلٞ فَطَلّٞۗ وَٱللَّهُ بِمَا تَعۡمَلُونَ بَصِيرٌ","TajweedText":"وَمَثَلُ <tajweed class=ham_wasl>ٱ</tajweed>لَّذِينَ يُ<tajweed class=ikhafa>نف</tajweed>ِقُونَ أَمْو<tajweed class=madda_normal>َٲ</tajweed>لَهُمُ <tajweed class=ham_wasl>ٱ</tajweed><tajweed class=qalaqah>بْ</tajweed>تِغ<tajweed class=madda_obligatory>َا</tajweed>ٓءَ مَرْضَاتِ <tajweed class=ham_wasl>ٱ</tajweed>للَّهِ وَتَثْبِي<tajweed class=idgham_ghunnah>تًا م</tajweed>ِّنْ أَ<tajweed class=ikhafa>نف</tajweed>ُسِهِمْ كَمَثَلِ جَ<tajweed class=ghunnah>نّ</tajweed>َ<tajweed class=iqlab>ةِۭ ب</tajweed>ِرَ<tajweed class=qalaqah>بْ</tajweed>وَةٍ أَصَابَهَا وَابِ<tajweed class=ikhafa>لٌ ف</tajweed>َـَٔـاتَتْ أُكُلَهَا ضِعْفَيْنِ فَإ<tajweed class=idgham_wo_ghunnah>ِن ل</tajweed>َّمْ يُصِ<tajweed class=qalaqah>بْ</tajweed>هَا وَابِ<tajweed class=ikhafa>لٌ ف</tajweed>َطَ<tajweed class=idgham_ghunnah>لٌّ‌ۗ و</tajweed>َ<tajweed class=ham_wasl>ٱ</tajweed>للَّهُ بِمَا تَعْمَلُونَ بَص<tajweed class=madda_permissible>ِي</tajweed>رٌ <span class=end>٢٦٥</span>","End":"٢٦٥","PageNumber":45,"JuzNumber":3,"ManzilNumber":1,"RukuNumber":37,"MaqraNumber":18,"HizbNumber":5,"HizbDecimal":0.25,"HasSajda":false},{"SurahNumber":2,"SurahIndex":"002","VerseNumber":266,"ShowSurahName":false,"ShowBismillah":false,"Text":"أَيَوَدُّ أَحَدُكُمۡ أَن تَكُونَ لَهُۥ جَنَّةٞ مِّن نَّخِيلٖ وَأَعۡنَابٖ تَجۡرِي مِن تَحۡتِهَا ٱلۡأَنۡهَٰرُ لَهُۥ فِيهَا مِن كُلِّ ٱلثَّمَرَٰتِ وَأَصَابَهُ ٱلۡكِبَرُ وَلَهُۥ ذُرِّيَّةٞ ضُعَفَآءُ فَأَصَابَهَآ إِعۡصَارٞ فِيهِ نَارٞ فَٱحۡتَرَقَتۡۗ كَذَٰلِكَ يُبَيِّنُ ٱللَّهُ لَكُمُ ٱلۡأٓيَٰتِ لَعَلَّكُمۡ تَتَفَكَّرُونَ","TajweedText":"أَيَوَدُّ أَحَدُكُمْ أَ<tajweed class=ikhafa>ن ت</tajweed>َكُونَ لَهُ<tajweed class=madda_normal>ۥ</tajweed> جَ<tajweed class=ghunnah>نّ</tajweed>َ<tajweed class=idgham_ghunnah>ةٌ م</tajweed>ّ<tajweed class=idgham_ghunnah>ِن ن</tajweed>َّخِي<tajweed class=idgham_ghunnah>لٍ و</tajweed>َأَعْنَا<tajweed class=ikhafa>بٍ ت</tajweed>َ<tajweed class=qalaqah>جْ</tajweed>رِى مِ<tajweed class=ikhafa>ن ت</tajweed>َحْتِهَا <tajweed class=ham_wasl>ٱ</tajweed>لْأَنْهَ<tajweed class=madda_normal>ـٰ</tajweed>رُ لَهُ<tajweed class=madda_normal>ۥ</tajweed> فِيهَا مِ<tajweed class=ikhafa>ن ك</tajweed>ُلِّ <tajweed class=ham_wasl>ٱ</tajweed><tajweed class=laam_shamsiyah>ل</tajweed>ثَّمَر<tajweed class=madda_normal>َٲ</tajweed>تِ وَأَصَابَهُ <tajweed class=ham_wasl>ٱ</tajweed>لْكِبَرُ وَلَهُ<tajweed class=madda_normal>ۥ</tajweed> ذُرِّيَّ<tajweed class=ikhafa>ةٌ ض</tajweed>ُعَف<tajweed class=madda_obligatory>َا</tajweed>ٓءُ فَأَصَابَه<tajweed class=madda_obligatory>َآ</tajweed> إِعْصَا<tajweed class=ikhafa>رٌ ف</tajweed>ِيهِ نَا<tajweed class=ikhafa>رٌ ف</tajweed>َ<tajweed class=ham_wasl>ٱ</tajweed>حْتَرَقَتْ‌ۗ كَذ<tajweed class=madda_normal>َٲ</tajweed>لِكَ يُبَيِّنُ <tajweed class=ham_wasl>ٱ</tajweed>للَّهُ لَكُمُ <tajweed class=ham_wasl>ٱ</tajweed>لْأَيَ<tajweed class=madda_normal>ـٰ</tajweed>تِ لَعَلَّكُمْ تَتَفَكَّر<tajweed class=madda_permissible>ُو</tajweed>نَ <span class=end>٢٦٦</span>","End":"٢٦٦","PageNumber":45,"JuzNumber":3,"ManzilNumber":1,"RukuNumber":37,"MaqraNumber":18,"HizbNumber":5,"HizbDecimal":0.25,"HasSajda":false}]}