{"RukuNumber":245,"Verses":[{"SurahNumber":17,"SurahIndex":"017","VerseNumber":53,"ShowSurahName":false,"ShowBismillah":false,"Text":"وَقُل لِّعِبَادِي يَقُولُواْ ٱلَّتِي هِيَ أَحۡسَنُۚ إِنَّ ٱلشَّيۡطَٰنَ يَنزَغُ بَيۡنَهُمۡۚ إِنَّ ٱلشَّيۡطَٰنَ كَانَ لِلۡإِنسَٰنِ عَدُوّٗا مُّبِينٗا","TajweedText":"وَقُل لِّعِبَادِى يَقُولُو<tajweed class=slnt>اْ</tajweed> <tajweed class=ham_wasl>ٱ</tajweed>لَّتِى هِىَ أَحْسَنُ‌ۚ إِ<tajweed class=ghunnah>نّ</tajweed>َ <tajweed class=ham_wasl>ٱ</tajweed><tajweed class=laam_shamsiyah>ل</tajweed>شَّيْطَ<tajweed class=madda_normal>ـٰ</tajweed>نَ يَ<tajweed class=ikhafa>نز</tajweed>َغُ بَيْنَهُمْ‌ۚ إِ<tajweed class=ghunnah>نّ</tajweed>َ <tajweed class=ham_wasl>ٱ</tajweed><tajweed class=laam_shamsiyah>ل</tajweed>شَّيْطَ<tajweed class=madda_normal>ـٰ</tajweed>نَ كَانَ لِلْإِ<tajweed class=ikhafa>نس</tajweed>َ<tajweed class=madda_normal>ـٰ</tajweed>نِ عَدُو<tajweed class=idgham_ghunnah>ًّا م</tajweed>ُّبِينًا <span class=end>٥٣</span>","End":"٥٣","PageNumber":287,"JuzNumber":15,"ManzilNumber":4,"RukuNumber":245,"MaqraNumber":115,"HizbNumber":29,"HizbDecimal":0.5,"HasSajda":false},{"SurahNumber":17,"SurahIndex":"017","VerseNumber":54,"ShowSurahName":false,"ShowBismillah":false,"Text":"رَّبُّكُمۡ أَعۡلَمُ بِكُمۡۖ إِن يَشَأۡ يَرۡحَمۡكُمۡ أَوۡ إِن يَشَأۡ يُعَذِّبۡكُمۡۚ وَمَآ أَرۡسَلۡنَٰكَ عَلَيۡهِمۡ وَكِيلٗا","TajweedText":"رَّبُّكُمْ أَعْلَمُ بِكُمْ‌ۖ إ<tajweed class=idgham_ghunnah>ِن ي</tajweed>َشَأْ يَرْحَمْكُمْ أَوْ إ<tajweed class=idgham_ghunnah>ِن ي</tajweed>َشَأْ يُعَذِّ<tajweed class=qalaqah>بْ</tajweed>كُمْ‌ۚ وَم<tajweed class=madda_obligatory>َآ</tajweed> أَرْسَلْنَ<tajweed class=madda_normal>ـٰ</tajweed>كَ عَلَيْهِمْ وَكِيلاً <span class=end>٥٤</span>","End":"٥٤","PageNumber":287,"JuzNumber":15,"ManzilNumber":4,"RukuNumber":245,"MaqraNumber":115,"HizbNumber":29,"HizbDecimal":0.5,"HasSajda":false},{"SurahNumber":17,"SurahIndex":"017","VerseNumber":55,"ShowSurahName":false,"ShowBismillah":false,"Text":"وَرَبُّكَ أَعۡلَمُ بِمَن فِي ٱلسَّمَٰوَٰتِ وَٱلۡأَرۡضِۗ وَلَقَدۡ فَضَّلۡنَا بَعۡضَ ٱلنَّبِيِّـۧنَ عَلَىٰ بَعۡضٖۖ وَءَاتَيۡنَا دَاوُۥدَ زَبُورٗا","TajweedText":"وَرَبُّكَ أَعْلَمُ بِمَ<tajweed class=ikhafa>ن ف</tajweed>ِى <tajweed class=ham_wasl>ٱ</tajweed><tajweed class=laam_shamsiyah>ل</tajweed>سَّمَ<tajweed class=madda_normal>ـٰ</tajweed>و<tajweed class=madda_normal>َٲ</tajweed>تِ وَ<tajweed class=ham_wasl>ٱ</tajweed>لْأَرْضِ‌ۗ وَلَقَ<tajweed class=qalaqah>دْ</tajweed> فَضَّلْنَا بَعْضَ <tajweed class=ham_wasl>ٱ</tajweed><tajweed class=laam_shamsiyah>ل</tajweed><tajweed class=ghunnah>نّ</tajweed>َبِيِّـ<tajweed class=madda_normal>ـۧ</tajweed>نَ عَلَىٰ بَعْ<tajweed class=idgham_ghunnah>ضٍ‌ۖ و</tajweed>َءَاتَيْنَا دَاوُ<tajweed class=madda_normal>ۥ</tajweed>دَ زَبُورًا <span class=end>٥٥</span>","End":"٥٥","PageNumber":287,"JuzNumber":15,"ManzilNumber":4,"RukuNumber":245,"MaqraNumber":115,"HizbNumber":29,"HizbDecimal":0.5,"HasSajda":false},{"SurahNumber":17,"SurahIndex":"017","VerseNumber":56,"ShowSurahName":false,"ShowBismillah":false,"Text":"قُلِ ٱدۡعُواْ ٱلَّذِينَ زَعَمۡتُم مِّن دُونِهِۦ فَلَا يَمۡلِكُونَ كَشۡفَ ٱلضُّرِّ عَنكُمۡ وَلَا تَحۡوِيلًا","TajweedText":"قُلِ <tajweed class=ham_wasl>ٱ</tajweed><tajweed class=qalaqah>دْ</tajweed>عُو<tajweed class=slnt>اْ</tajweed> <tajweed class=ham_wasl>ٱ</tajweed>لَّذِينَ زَعَمْت<tajweed class=idgham_shafawi>ُم م</tajweed>ِّ<tajweed class=ikhafa>ن د</tajweed>ُونِه<tajweed class=madda_normal>ِۦ</tajweed> فَلَا يَمْلِكُونَ كَشْفَ <tajweed class=ham_wasl>ٱ</tajweed><tajweed class=laam_shamsiyah>ل</tajweed>ضُّرِّ عَ<tajweed class=ikhafa>نك</tajweed>ُمْ وَلَا تَحْوِيلاً <span class=end>٥٦</span>","End":"٥٦","PageNumber":287,"JuzNumber":15,"ManzilNumber":4,"RukuNumber":245,"MaqraNumber":115,"HizbNumber":29,"HizbDecimal":0.5,"HasSajda":false},{"SurahNumber":17,"SurahIndex":"017","VerseNumber":57,"ShowSurahName":false,"ShowBismillah":false,"Text":"أُوْلَـٰٓئِكَ ٱلَّذِينَ يَدۡعُونَ يَبۡتَغُونَ إِلَىٰ رَبِّهِمُ ٱلۡوَسِيلَةَ أَيُّهُمۡ أَقۡرَبُ وَيَرۡجُونَ رَحۡمَتَهُۥ وَيَخَافُونَ عَذَابَهُۥٓۚ إِنَّ عَذَابَ رَبِّكَ كَانَ مَحۡذُورٗا","TajweedText":"أُ<tajweed class=slnt>وْ</tajweed>لَ<tajweed class=madda_obligatory>ـٰٓ</tajweed>ئِكَ <tajweed class=ham_wasl>ٱ</tajweed>لَّذِينَ يَ<tajweed class=qalaqah>دْ</tajweed>عُونَ يَ<tajweed class=qalaqah>بْ</tajweed>تَغُونَ إِلَىٰ رَبِّهِمُ <tajweed class=ham_wasl>ٱ</tajweed>لْوَسِيلَةَ أَيُّهُمْ أَ<tajweed class=qalaqah>قْ</tajweed>رَبُ وَيَرْجُونَ رَحْمَتَهُ<tajweed class=madda_normal>ۥ</tajweed> وَيَخَافُونَ عَذَابَهُ<tajweed class=madda_obligatory>ۥٓ‌ۚ</tajweed> إِ<tajweed class=ghunnah>نّ</tajweed>َ عَذَابَ رَبِّكَ كَانَ مَحْذُورًا <span class=end>٥٧</span>","End":"٥٧","PageNumber":287,"JuzNumber":15,"ManzilNumber":4,"RukuNumber":245,"MaqraNumber":115,"HizbNumber":29,"HizbDecimal":0.5,"HasSajda":false},{"SurahNumber":17,"SurahIndex":"017","VerseNumber":58,"ShowSurahName":false,"ShowBismillah":false,"Text":"وَإِن مِّن قَرۡيَةٍ إِلَّا نَحۡنُ مُهۡلِكُوهَا قَبۡلَ يَوۡمِ ٱلۡقِيَٰمَةِ أَوۡ مُعَذِّبُوهَا عَذَابٗا شَدِيدٗاۚ كَانَ ذَٰلِكَ فِي ٱلۡكِتَٰبِ مَسۡطُورٗا","TajweedText":"وَإ<tajweed class=idgham_ghunnah>ِن م</tajweed>ِّ<tajweed class=ikhafa>ن ق</tajweed>َرْيَةٍ إِلَّا نَحْنُ مُهْلِكُوهَا قَ<tajweed class=qalaqah>بْ</tajweed>لَ يَوْمِ <tajweed class=ham_wasl>ٱ</tajweed>لْقِيَ<tajweed class=madda_normal>ـٰ</tajweed>مَةِ أَوْ مُعَذِّبُوهَا عَذَا<tajweed class=ikhafa>بًا ش</tajweed>َدِي<tajweed class=ikhafa>دًا‌ۚ ك</tajweed>َانَ ذ<tajweed class=madda_normal>َٲ</tajweed>لِكَ فِى <tajweed class=ham_wasl>ٱ</tajweed>لْكِتَ<tajweed class=madda_normal>ـٰ</tajweed>بِ مَسْطُورًا <span class=end>٥٨</span>","End":"٥٨","PageNumber":287,"JuzNumber":15,"ManzilNumber":4,"RukuNumber":245,"MaqraNumber":115,"HizbNumber":29,"HizbDecimal":0.5,"HasSajda":false},{"SurahNumber":17,"SurahIndex":"017","VerseNumber":59,"ShowSurahName":false,"ShowBismillah":false,"Text":"وَمَا مَنَعَنَآ أَن نُّرۡسِلَ بِٱلۡأٓيَٰتِ إِلَّآ أَن كَذَّبَ بِهَا ٱلۡأَوَّلُونَۚ وَءَاتَيۡنَا ثَمُودَ ٱلنَّاقَةَ مُبۡصِرَةٗ فَظَلَمُواْ بِهَاۚ وَمَا نُرۡسِلُ بِٱلۡأٓيَٰتِ إِلَّا تَخۡوِيفٗا","TajweedText":"وَمَا مَنَعَن<tajweed class=madda_obligatory>َآ</tajweed> أ<tajweed class=idgham_ghunnah>َن ن</tajweed>ُّرْسِلَ بِ<tajweed class=ham_wasl>ٱ</tajweed>لْأَيَ<tajweed class=madda_normal>ـٰ</tajweed>تِ إِلّ<tajweed class=madda_obligatory>َآ</tajweed> أَ<tajweed class=ikhafa>ن ك</tajweed>َذَّبَ بِهَا <tajweed class=ham_wasl>ٱ</tajweed>لْأَوَّلُونَ‌ۚ وَءَاتَيْنَا ثَمُودَ <tajweed class=ham_wasl>ٱ</tajweed><tajweed class=laam_shamsiyah>ل</tajweed><tajweed class=ghunnah>نّ</tajweed>َاقَةَ مُ<tajweed class=qalaqah>بْ</tajweed>صِرَ<tajweed class=ikhafa>ةً ف</tajweed>َظَلَمُو<tajweed class=slnt>اْ</tajweed> بِهَا‌ۚ وَمَا نُرْسِلُ بِ<tajweed class=ham_wasl>ٱ</tajweed>لْأَيَ<tajweed class=madda_normal>ـٰ</tajweed>تِ إِلَّا تَخْوِيفًا <span class=end>٥٩</span>","End":"٥٩","PageNumber":288,"JuzNumber":15,"ManzilNumber":4,"RukuNumber":245,"MaqraNumber":115,"HizbNumber":29,"HizbDecimal":0.5,"HasSajda":false},{"SurahNumber":17,"SurahIndex":"017","VerseNumber":60,"ShowSurahName":false,"ShowBismillah":false,"Text":"وَإِذۡ قُلۡنَا لَكَ إِنَّ رَبَّكَ أَحَاطَ بِٱلنَّاسِۚ وَمَا جَعَلۡنَا ٱلرُّءۡيَا ٱلَّتِيٓ أَرَيۡنَٰكَ إِلَّا فِتۡنَةٗ لِّلنَّاسِ وَٱلشَّجَرَةَ ٱلۡمَلۡعُونَةَ فِي ٱلۡقُرۡءَانِۚ وَنُخَوِّفُهُمۡ فَمَا يَزِيدُهُمۡ إِلَّا طُغۡيَٰنٗا كَبِيرٗا","TajweedText":"وَإِذْ قُلْنَا لَكَ إِ<tajweed class=ghunnah>نّ</tajweed>َ رَبَّكَ أَحَاطَ بِ<tajweed class=ham_wasl>ٱ</tajweed><tajweed class=laam_shamsiyah>ل</tajweed><tajweed class=ghunnah>نّ</tajweed>َاسِ‌ۚ وَمَا جَعَلْنَا <tajweed class=ham_wasl>ٱ</tajweed><tajweed class=laam_shamsiyah>ل</tajweed>رُّءْيَا <tajweed class=ham_wasl>ٱ</tajweed>لَّت<tajweed class=madda_obligatory>ِىٓ</tajweed> أَرَيْنَ<tajweed class=madda_normal>ـٰ</tajweed>كَ إِلَّا فِتْنَ<tajweed class=idgham_wo_ghunnah>ةً ل</tajweed>ِّل<tajweed class=ghunnah>نّ</tajweed>َاسِ وَ<tajweed class=ham_wasl>ٱ</tajweed><tajweed class=laam_shamsiyah>ل</tajweed>شَّجَرَةَ <tajweed class=ham_wasl>ٱ</tajweed>لْمَلْعُونَةَ فِى <tajweed class=ham_wasl>ٱ</tajweed>لْقُرْءَانِ‌ۚ وَنُخَوِّفُهُمْ فَمَا يَزِيدُهُمْ إِلَّا طُغْيَ<tajweed class=madda_normal>ـٰ</tajweed><tajweed class=ikhafa>نًا ك</tajweed>َبِيرًا <span class=end>٦٠</span>","End":"٦٠","PageNumber":288,"JuzNumber":15,"ManzilNumber":4,"RukuNumber":245,"MaqraNumber":115,"HizbNumber":29,"HizbDecimal":0.5,"HasSajda":false}]}