{"RukuNumber":188,"Verses":[{"SurahNumber":11,"SurahIndex":"011","VerseNumber":61,"ShowSurahName":false,"ShowBismillah":false,"Text":"۞وَإِلَىٰ ثَمُودَ أَخَاهُمۡ صَٰلِحٗاۚ قَالَ يَٰقَوۡمِ ٱعۡبُدُواْ ٱللَّهَ مَا لَكُم مِّنۡ إِلَٰهٍ غَيۡرُهُۥۖ هُوَ أَنشَأَكُم مِّنَ ٱلۡأَرۡضِ وَٱسۡتَعۡمَرَكُمۡ فِيهَا فَٱسۡتَغۡفِرُوهُ ثُمَّ تُوبُوٓاْ إِلَيۡهِۚ إِنَّ رَبِّي قَرِيبٞ مُّجِيبٞ","TajweedText":"۞ وَإِلَىٰ ثَمُودَ أَخَاهُمْ صَ<tajweed class=madda_normal>ـٰ</tajweed>لِ<tajweed class=ikhafa>حًا‌ۚ ق</tajweed>َالَ يَ<tajweed class=madda_normal>ـٰ</tajweed>قَوْمِ <tajweed class=ham_wasl>ٱ</tajweed>عْبُدُو<tajweed class=slnt>اْ</tajweed> <tajweed class=ham_wasl>ٱ</tajweed>للَّهَ مَا لَك<tajweed class=idgham_shafawi>ُم م</tajweed>ِّنْ إِلَ<tajweed class=madda_normal>ـٰ</tajweed>هٍ غَيْرُهُ<tajweed class=madda_normal>ۥ</tajweed>‌ۖ هُوَ أَ<tajweed class=ikhafa>نش</tajweed>َأَك<tajweed class=idgham_shafawi>ُم م</tajweed>ِّنَ <tajweed class=ham_wasl>ٱ</tajweed>لْأَرْضِ وَ<tajweed class=ham_wasl>ٱ</tajweed>سْتَعْمَرَكُمْ فِيهَا فَ<tajweed class=ham_wasl>ٱ</tajweed>سْتَغْفِرُوهُ ثُ<tajweed class=ghunnah>مّ</tajweed>َ تُوب<tajweed class=madda_obligatory>ُوٓ</tajweed><tajweed class=slnt>اْ</tajweed> إِلَيْهِ‌ۚ إِ<tajweed class=ghunnah>نّ</tajweed>َ رَبِّى قَرِي<tajweed class=idgham_ghunnah>بٌ م</tajweed>ُّج<tajweed class=madda_permissible>ِي</tajweed><tajweed class=qalaqah>ب</tajweed>ٌ <span class=end>٦١</span>","End":"٦١","PageNumber":228,"JuzNumber":12,"ManzilNumber":3,"RukuNumber":188,"MaqraNumber":92,"HizbNumber":23,"HizbDecimal":0.75,"HasSajda":false},{"SurahNumber":11,"SurahIndex":"011","VerseNumber":62,"ShowSurahName":false,"ShowBismillah":false,"Text":"قَالُواْ يَٰصَٰلِحُ قَدۡ كُنتَ فِينَا مَرۡجُوّٗا قَبۡلَ هَٰذَآۖ أَتَنۡهَىٰنَآ أَن نَّعۡبُدَ مَا يَعۡبُدُ ءَابَآؤُنَا وَإِنَّنَا لَفِي شَكّٖ مِّمَّا تَدۡعُونَآ إِلَيۡهِ مُرِيبٖ","TajweedText":"قَالُو<tajweed class=slnt>اْ</tajweed> يَ<tajweed class=madda_normal>ـٰ</tajweed>صَ<tajweed class=madda_normal>ـٰ</tajweed>لِحُ قَ<tajweed class=qalaqah>دْ</tajweed> كُ<tajweed class=ikhafa>نت</tajweed>َ فِينَا مَرْجُو<tajweed class=ikhafa>ًّا ق</tajweed>َ<tajweed class=qalaqah>بْ</tajweed>لَ هَ<tajweed class=madda_normal>ـٰ</tajweed>ذ<tajweed class=madda_obligatory>َآ‌ۖ</tajweed> أَتَنْهَ<tajweed class=madda_normal>ـٰ</tajweed>ن<tajweed class=madda_obligatory>َآ</tajweed> أ<tajweed class=idgham_ghunnah>َن ن</tajweed>َّعْبُدَ مَا يَعْبُدُ ءَاب<tajweed class=madda_obligatory>َا</tajweed>ٓؤُنَا وَإِ<tajweed class=ghunnah>نّ</tajweed>َنَا لَفِى شَ<tajweed class=idgham_ghunnah>كٍّ م</tajweed>ِّ<tajweed class=ghunnah>مّ</tajweed>َا تَ<tajweed class=qalaqah>دْ</tajweed>عُون<tajweed class=madda_obligatory>َآ</tajweed> إِلَيْهِ مُر<tajweed class=madda_permissible>ِي</tajweed><tajweed class=qalaqah>ب</tajweed>ٍ <span class=end>٦٢</span>","End":"٦٢","PageNumber":228,"JuzNumber":12,"ManzilNumber":3,"RukuNumber":188,"MaqraNumber":92,"HizbNumber":23,"HizbDecimal":0.75,"HasSajda":false},{"SurahNumber":11,"SurahIndex":"011","VerseNumber":63,"ShowSurahName":false,"ShowBismillah":false,"Text":"قَالَ يَٰقَوۡمِ أَرَءَيۡتُمۡ إِن كُنتُ عَلَىٰ بَيِّنَةٖ مِّن رَّبِّي وَءَاتَىٰنِي مِنۡهُ رَحۡمَةٗ فَمَن يَنصُرُنِي مِنَ ٱللَّهِ إِنۡ عَصَيۡتُهُۥۖ فَمَا تَزِيدُونَنِي غَيۡرَ تَخۡسِيرٖ","TajweedText":"قَالَ يَ<tajweed class=madda_normal>ـٰ</tajweed>قَوْمِ أَرَءَيْتُمْ إِ<tajweed class=ikhafa>ن ك</tajweed>ُ<tajweed class=ikhafa>نت</tajweed>ُ عَلَىٰ بَيِّنَ<tajweed class=idgham_ghunnah>ةٍ م</tajweed>ّ<tajweed class=idgham_wo_ghunnah>ِن ر</tajweed>َّبِّى وَءَاتَ<tajweed class=madda_normal>ـٰ</tajweed>نِى مِنْهُ رَحْمَ<tajweed class=ikhafa>ةً ف</tajweed>َم<tajweed class=idgham_ghunnah>َن ي</tajweed>َ<tajweed class=ikhafa>نص</tajweed>ُرُنِى مِنَ <tajweed class=ham_wasl>ٱ</tajweed>للَّهِ إِنْ عَصَيْتُهُ<tajweed class=madda_normal>ۥ</tajweed>‌ۖ فَمَا تَزِيدُونَنِى غَيْرَ تَخْس<tajweed class=madda_permissible>ِي</tajweed>رٍ <span class=end>٦٣</span>","End":"٦٣","PageNumber":229,"JuzNumber":12,"ManzilNumber":3,"RukuNumber":188,"MaqraNumber":92,"HizbNumber":23,"HizbDecimal":0.75,"HasSajda":false},{"SurahNumber":11,"SurahIndex":"011","VerseNumber":64,"ShowSurahName":false,"ShowBismillah":false,"Text":"وَيَٰقَوۡمِ هَٰذِهِۦ نَاقَةُ ٱللَّهِ لَكُمۡ ءَايَةٗۖ فَذَرُوهَا تَأۡكُلۡ فِيٓ أَرۡضِ ٱللَّهِۖ وَلَا تَمَسُّوهَا بِسُوٓءٖ فَيَأۡخُذَكُمۡ عَذَابٞ قَرِيبٞ","TajweedText":"وَيَ<tajweed class=madda_normal>ـٰ</tajweed>قَوْمِ هَ<tajweed class=madda_normal>ـٰ</tajweed>ذِه<tajweed class=madda_normal>ِۦ</tajweed> نَاقَةُ <tajweed class=ham_wasl>ٱ</tajweed>للَّهِ لَكُمْ ءَايَ<tajweed class=ikhafa>ةً ف</tajweed>َذَرُوهَا تَأْكُلْ ف<tajweed class=madda_obligatory>ِىٓ</tajweed> أَرْضِ <tajweed class=ham_wasl>ٱ</tajweed>للَّهِ وَلَا تَمَسُّوهَا بِس<tajweed class=madda_obligatory>ُو</tajweed>ٓ<tajweed class=ikhafa>ءٍ ف</tajweed>َيَأْخُذَكُمْ عَذَا<tajweed class=ikhafa>بٌ ق</tajweed>َر<tajweed class=madda_permissible>ِي</tajweed><tajweed class=qalaqah>ب</tajweed>ٌ <span class=end>٦٤</span>","End":"٦٤","PageNumber":229,"JuzNumber":12,"ManzilNumber":3,"RukuNumber":188,"MaqraNumber":92,"HizbNumber":23,"HizbDecimal":0.75,"HasSajda":false},{"SurahNumber":11,"SurahIndex":"011","VerseNumber":65,"ShowSurahName":false,"ShowBismillah":false,"Text":"فَعَقَرُوهَا فَقَالَ تَمَتَّعُواْ فِي دَارِكُمۡ ثَلَٰثَةَ أَيَّامٖۖ ذَٰلِكَ وَعۡدٌ غَيۡرُ مَكۡذُوبٖ","TajweedText":"فَعَقَرُوهَا فَقَالَ تَمَتَّعُو<tajweed class=slnt>اْ</tajweed> فِى دَارِكُمْ ثَلَ<tajweed class=madda_normal>ـٰ</tajweed>ثَةَ أَيَّا<tajweed class=ikhafa>مٍ‌ۖ ذ</tajweed><tajweed class=madda_normal>َٲ</tajweed>لِكَ وَعْدٌ غَيْرُ مَكْذ<tajweed class=madda_permissible>ُو</tajweed><tajweed class=qalaqah>ب</tajweed>ٍ <span class=end>٦٥</span>","End":"٦٥","PageNumber":229,"JuzNumber":12,"ManzilNumber":3,"RukuNumber":188,"MaqraNumber":92,"HizbNumber":23,"HizbDecimal":0.75,"HasSajda":false},{"SurahNumber":11,"SurahIndex":"011","VerseNumber":66,"ShowSurahName":false,"ShowBismillah":false,"Text":"فَلَمَّا جَآءَ أَمۡرُنَا نَجَّيۡنَا صَٰلِحٗا وَٱلَّذِينَ ءَامَنُواْ مَعَهُۥ بِرَحۡمَةٖ مِّنَّا وَمِنۡ خِزۡيِ يَوۡمِئِذٍۚ إِنَّ رَبَّكَ هُوَ ٱلۡقَوِيُّ ٱلۡعَزِيزُ","TajweedText":"فَلَ<tajweed class=ghunnah>مّ</tajweed>َا ج<tajweed class=madda_obligatory>َا</tajweed>ٓءَ أَمْرُنَا نَجَّيْنَا صَ<tajweed class=madda_normal>ـٰ</tajweed>لِ<tajweed class=idgham_ghunnah>حًا و</tajweed>َ<tajweed class=ham_wasl>ٱ</tajweed>لَّذِينَ ءَامَنُو<tajweed class=slnt>اْ</tajweed> مَعَهُ<tajweed class=madda_normal>ۥ</tajweed> بِرَحْمَ<tajweed class=idgham_ghunnah>ةٍ م</tajweed>ِّ<tajweed class=ghunnah>نّ</tajweed>َا وَمِنْ خِزْىِ يَوْمِئِذٍ‌ۗ إِ<tajweed class=ghunnah>نّ</tajweed>َ رَبَّكَ هُوَ <tajweed class=ham_wasl>ٱ</tajweed>لْقَوِىُّ <tajweed class=ham_wasl>ٱ</tajweed>لْعَز<tajweed class=madda_permissible>ِي</tajweed>زُ <span class=end>٦٦</span>","End":"٦٦","PageNumber":229,"JuzNumber":12,"ManzilNumber":3,"RukuNumber":188,"MaqraNumber":92,"HizbNumber":23,"HizbDecimal":0.75,"HasSajda":false},{"SurahNumber":11,"SurahIndex":"011","VerseNumber":67,"ShowSurahName":false,"ShowBismillah":false,"Text":"وَأَخَذَ ٱلَّذِينَ ظَلَمُواْ ٱلصَّيۡحَةُ فَأَصۡبَحُواْ فِي دِيَٰرِهِمۡ جَٰثِمِينَ","TajweedText":"وَأَخَذَ <tajweed class=ham_wasl>ٱ</tajweed>لَّذِينَ ظَلَمُو<tajweed class=slnt>اْ</tajweed> <tajweed class=ham_wasl>ٱ</tajweed><tajweed class=laam_shamsiyah>ل</tajweed>صَّيْحَةُ فَأَصْبَحُو<tajweed class=slnt>اْ</tajweed> فِى دِيَ<tajweed class=madda_normal>ـٰ</tajweed>رِهِمْ جَ<tajweed class=madda_normal>ـٰ</tajweed>ثِم<tajweed class=madda_permissible>ِي</tajweed>نَ <span class=end>٦٧</span>","End":"٦٧","PageNumber":229,"JuzNumber":12,"ManzilNumber":3,"RukuNumber":188,"MaqraNumber":92,"HizbNumber":23,"HizbDecimal":0.75,"HasSajda":false},{"SurahNumber":11,"SurahIndex":"011","VerseNumber":68,"ShowSurahName":false,"ShowBismillah":false,"Text":"كَأَن لَّمۡ يَغۡنَوۡاْ فِيهَآۗ أَلَآ إِنَّ ثَمُودَاْ كَفَرُواْ رَبَّهُمۡۗ أَلَا بُعۡدٗا لِّثَمُودَ","TajweedText":"كَأ<tajweed class=idgham_wo_ghunnah>َن ل</tajweed>َّمْ يَغْنَوْ<tajweed class=slnt>اْ</tajweed> فِيه<tajweed class=madda_obligatory>َآ‌ۗ</tajweed> أَل<tajweed class=madda_obligatory>َآ</tajweed> إِ<tajweed class=ghunnah>نّ</tajweed>َ ثَمُودَ<tajweed class=slnt>اْ</tajweed> كَفَرُو<tajweed class=slnt>اْ</tajweed> رَبَّهُمْ‌ۗ أَلَا بُعْ<tajweed class=idgham_wo_ghunnah>دًا ل</tajweed>ِّثَم<tajweed class=madda_permissible>ُو</tajweed><tajweed class=qalaqah>د</tajweed>َ <span class=end>٦٨</span>","End":"٦٨","PageNumber":229,"JuzNumber":12,"ManzilNumber":3,"RukuNumber":188,"MaqraNumber":92,"HizbNumber":23,"HizbDecimal":0.75,"HasSajda":false}]}