{"RukuNumber":531,"Verses":[{"SurahNumber":89,"SurahIndex":"089","VerseNumber":1,"ShowSurahName":true,"ShowBismillah":true,"Text":"وَٱلۡفَجۡرِ","TajweedText":"وَ<tajweed class=ham_wasl>ٱ</tajweed>لْفَ<tajweed class=qalaqah>جْ</tajweed>رِ <span class=end>١</span>","End":"١","PageNumber":593,"JuzNumber":30,"ManzilNumber":7,"RukuNumber":531,"MaqraNumber":237,"HizbNumber":60,"HizbDecimal":0.0,"HasSajda":false},{"SurahNumber":89,"SurahIndex":"089","VerseNumber":2,"ShowSurahName":false,"ShowBismillah":false,"Text":"وَلَيَالٍ عَشۡرٖ","TajweedText":"وَلَيَالٍ عَشْرٍ <span class=end>٢</span>","End":"٢","PageNumber":593,"JuzNumber":30,"ManzilNumber":7,"RukuNumber":531,"MaqraNumber":237,"HizbNumber":60,"HizbDecimal":0.0,"HasSajda":false},{"SurahNumber":89,"SurahIndex":"089","VerseNumber":3,"ShowSurahName":false,"ShowBismillah":false,"Text":"وَٱلشَّفۡعِ وَٱلۡوَتۡرِ","TajweedText":"وَ<tajweed class=ham_wasl>ٱ</tajweed><tajweed class=laam_shamsiyah>ل</tajweed>شَّفْعِ وَ<tajweed class=ham_wasl>ٱ</tajweed>لْوَتْرِ <span class=end>٣</span>","End":"٣","PageNumber":593,"JuzNumber":30,"ManzilNumber":7,"RukuNumber":531,"MaqraNumber":237,"HizbNumber":60,"HizbDecimal":0.0,"HasSajda":false},{"SurahNumber":89,"SurahIndex":"089","VerseNumber":4,"ShowSurahName":false,"ShowBismillah":false,"Text":"وَٱلَّيۡلِ إِذَا يَسۡرِ","TajweedText":"وَ<tajweed class=ham_wasl>ٱ</tajweed>لَّيْلِ إِذَا يَسْرِ <span class=end>٤</span>","End":"٤","PageNumber":593,"JuzNumber":30,"ManzilNumber":7,"RukuNumber":531,"MaqraNumber":237,"HizbNumber":60,"HizbDecimal":0.0,"HasSajda":false},{"SurahNumber":89,"SurahIndex":"089","VerseNumber":5,"ShowSurahName":false,"ShowBismillah":false,"Text":"هَلۡ فِي ذَٰلِكَ قَسَمٞ لِّذِي حِجۡرٍ","TajweedText":"هَلْ فِى ذ<tajweed class=madda_normal>َٲ</tajweed>لِكَ قَسَ<tajweed class=idgham_wo_ghunnah>مٌ ل</tajweed>ِّذِى حِ<tajweed class=qalaqah>جْ</tajweed>رٍ <span class=end>٥</span>","End":"٥","PageNumber":593,"JuzNumber":30,"ManzilNumber":7,"RukuNumber":531,"MaqraNumber":237,"HizbNumber":60,"HizbDecimal":0.0,"HasSajda":false},{"SurahNumber":89,"SurahIndex":"089","VerseNumber":6,"ShowSurahName":false,"ShowBismillah":false,"Text":"أَلَمۡ تَرَ كَيۡفَ فَعَلَ رَبُّكَ بِعَادٍ","TajweedText":"أَلَمْ تَرَ كَيْفَ فَعَلَ رَبُّكَ بِع<tajweed class=madda_permissible>َا</tajweed><tajweed class=qalaqah>د</tajweed>ٍ <span class=end>٦</span>","End":"٦","PageNumber":593,"JuzNumber":30,"ManzilNumber":7,"RukuNumber":531,"MaqraNumber":237,"HizbNumber":60,"HizbDecimal":0.0,"HasSajda":false},{"SurahNumber":89,"SurahIndex":"089","VerseNumber":7,"ShowSurahName":false,"ShowBismillah":false,"Text":"إِرَمَ ذَاتِ ٱلۡعِمَادِ","TajweedText":"إِرَمَ ذَاتِ <tajweed class=ham_wasl>ٱ</tajweed>لْعِم<tajweed class=madda_permissible>َا</tajweed><tajweed class=qalaqah>د</tajweed>ِ <span class=end>٧</span>","End":"٧","PageNumber":593,"JuzNumber":30,"ManzilNumber":7,"RukuNumber":531,"MaqraNumber":237,"HizbNumber":60,"HizbDecimal":0.0,"HasSajda":false},{"SurahNumber":89,"SurahIndex":"089","VerseNumber":8,"ShowSurahName":false,"ShowBismillah":false,"Text":"ٱلَّتِي لَمۡ يُخۡلَقۡ مِثۡلُهَا فِي ٱلۡبِلَٰدِ","TajweedText":"ٱلَّتِى لَمْ يُخْلَ<tajweed class=qalaqah>قْ</tajweed> مِثْلُهَا فِى <tajweed class=ham_wasl>ٱ</tajweed>لْبِلَ<tajweed class=madda_permissible>ـٰ</tajweed><tajweed class=qalaqah>د</tajweed>ِ <span class=end>٨</span>","End":"٨","PageNumber":593,"JuzNumber":30,"ManzilNumber":7,"RukuNumber":531,"MaqraNumber":237,"HizbNumber":60,"HizbDecimal":0.0,"HasSajda":false},{"SurahNumber":89,"SurahIndex":"089","VerseNumber":9,"ShowSurahName":false,"ShowBismillah":false,"Text":"وَثَمُودَ ٱلَّذِينَ جَابُواْ ٱلصَّخۡرَ بِٱلۡوَادِ","TajweedText":"وَثَمُودَ <tajweed class=ham_wasl>ٱ</tajweed>لَّذِينَ جَابُو<tajweed class=slnt>اْ</tajweed> <tajweed class=ham_wasl>ٱ</tajweed><tajweed class=laam_shamsiyah>ل</tajweed>صَّخْرَ بِ<tajweed class=ham_wasl>ٱ</tajweed>لْو<tajweed class=madda_permissible>َا</tajweed><tajweed class=qalaqah>د</tajweed>ِ <span class=end>٩</span>","End":"٩","PageNumber":593,"JuzNumber":30,"ManzilNumber":7,"RukuNumber":531,"MaqraNumber":237,"HizbNumber":60,"HizbDecimal":0.0,"HasSajda":false},{"SurahNumber":89,"SurahIndex":"089","VerseNumber":10,"ShowSurahName":false,"ShowBismillah":false,"Text":"وَفِرۡعَوۡنَ ذِي ٱلۡأَوۡتَادِ","TajweedText":"وَفِرْعَوْنَ ذِى <tajweed class=ham_wasl>ٱ</tajweed>لْأَوْت<tajweed class=madda_permissible>َا</tajweed><tajweed class=qalaqah>د</tajweed>ِ <span class=end>١٠</span>","End":"١٠","PageNumber":593,"JuzNumber":30,"ManzilNumber":7,"RukuNumber":531,"MaqraNumber":237,"HizbNumber":60,"HizbDecimal":0.0,"HasSajda":false},{"SurahNumber":89,"SurahIndex":"089","VerseNumber":11,"ShowSurahName":false,"ShowBismillah":false,"Text":"ٱلَّذِينَ طَغَوۡاْ فِي ٱلۡبِلَٰدِ","TajweedText":"ٱلَّذِينَ طَغَوْ<tajweed class=slnt>اْ</tajweed> فِى <tajweed class=ham_wasl>ٱ</tajweed>لْبِلَ<tajweed class=madda_permissible>ـٰ</tajweed><tajweed class=qalaqah>د</tajweed>ِ <span class=end>١١</span>","End":"١١","PageNumber":593,"JuzNumber":30,"ManzilNumber":7,"RukuNumber":531,"MaqraNumber":237,"HizbNumber":60,"HizbDecimal":0.0,"HasSajda":false},{"SurahNumber":89,"SurahIndex":"089","VerseNumber":12,"ShowSurahName":false,"ShowBismillah":false,"Text":"فَأَكۡثَرُواْ فِيهَا ٱلۡفَسَادَ","TajweedText":"فَأَكْثَرُو<tajweed class=slnt>اْ</tajweed> فِيهَا <tajweed class=ham_wasl>ٱ</tajweed>لْفَس<tajweed class=madda_permissible>َا</tajweed><tajweed class=qalaqah>د</tajweed>َ <span class=end>١٢</span>","End":"١٢","PageNumber":593,"JuzNumber":30,"ManzilNumber":7,"RukuNumber":531,"MaqraNumber":237,"HizbNumber":60,"HizbDecimal":0.0,"HasSajda":false},{"SurahNumber":89,"SurahIndex":"089","VerseNumber":13,"ShowSurahName":false,"ShowBismillah":false,"Text":"فَصَبَّ عَلَيۡهِمۡ رَبُّكَ سَوۡطَ عَذَابٍ","TajweedText":"فَصَبَّ عَلَيْهِمْ رَبُّكَ سَوْطَ عَذ<tajweed class=madda_permissible>َا</tajweed><tajweed class=qalaqah>ب</tajweed>ٍ <span class=end>١٣</span>","End":"١٣","PageNumber":593,"JuzNumber":30,"ManzilNumber":7,"RukuNumber":531,"MaqraNumber":237,"HizbNumber":60,"HizbDecimal":0.0,"HasSajda":false},{"SurahNumber":89,"SurahIndex":"089","VerseNumber":14,"ShowSurahName":false,"ShowBismillah":false,"Text":"إِنَّ رَبَّكَ لَبِٱلۡمِرۡصَادِ","TajweedText":"إِ<tajweed class=ghunnah>نّ</tajweed>َ رَبَّكَ لَبِ<tajweed class=ham_wasl>ٱ</tajweed>لْمِرْص<tajweed class=madda_permissible>َا</tajweed><tajweed class=qalaqah>د</tajweed>ِ <span class=end>١٤</span>","End":"١٤","PageNumber":593,"JuzNumber":30,"ManzilNumber":7,"RukuNumber":531,"MaqraNumber":237,"HizbNumber":60,"HizbDecimal":0.0,"HasSajda":false},{"SurahNumber":89,"SurahIndex":"089","VerseNumber":15,"ShowSurahName":false,"ShowBismillah":false,"Text":"فَأَمَّا ٱلۡإِنسَٰنُ إِذَا مَا ٱبۡتَلَىٰهُ رَبُّهُۥ فَأَكۡرَمَهُۥ وَنَعَّمَهُۥ فَيَقُولُ رَبِّيٓ أَكۡرَمَنِ","TajweedText":"فَأَ<tajweed class=ghunnah>مّ</tajweed>َا <tajweed class=ham_wasl>ٱ</tajweed>لْإِ<tajweed class=ikhafa>نس</tajweed>َ<tajweed class=madda_normal>ـٰ</tajweed>نُ إِذَا مَا <tajweed class=ham_wasl>ٱ</tajweed><tajweed class=qalaqah>بْ</tajweed>تَلَ<tajweed class=madda_normal>ـٰ</tajweed>هُ رَبُّهُ<tajweed class=madda_normal>ۥ</tajweed> فَأَكْرَمَهُ<tajweed class=madda_normal>ۥ</tajweed> وَنَعَّمَهُ<tajweed class=madda_normal>ۥ</tajweed> فَيَقُولُ رَبّ<tajweed class=madda_obligatory>ِىٓ</tajweed> أَكْرَمَنِ <span class=end>١٥</span>","End":"١٥","PageNumber":593,"JuzNumber":30,"ManzilNumber":7,"RukuNumber":531,"MaqraNumber":237,"HizbNumber":60,"HizbDecimal":0.0,"HasSajda":false},{"SurahNumber":89,"SurahIndex":"089","VerseNumber":16,"ShowSurahName":false,"ShowBismillah":false,"Text":"وَأَمَّآ إِذَا مَا ٱبۡتَلَىٰهُ فَقَدَرَ عَلَيۡهِ رِزۡقَهُۥ فَيَقُولُ رَبِّيٓ أَهَٰنَنِ","TajweedText":"وَأَ<tajweed class=ghunnah>مّ</tajweed><tajweed class=madda_obligatory>َآ</tajweed> إِذَا مَا <tajweed class=ham_wasl>ٱ</tajweed><tajweed class=qalaqah>بْ</tajweed>تَلَ<tajweed class=madda_normal>ـٰ</tajweed>هُ فَقَدَرَ عَلَيْهِ رِزْقَهُ<tajweed class=madda_normal>ۥ</tajweed> فَيَقُولُ رَبّ<tajweed class=madda_obligatory>ِىٓ</tajweed> أَهَ<tajweed class=madda_normal>ـٰ</tajweed>نَنِ <span class=end>١٦</span>","End":"١٦","PageNumber":593,"JuzNumber":30,"ManzilNumber":7,"RukuNumber":531,"MaqraNumber":237,"HizbNumber":60,"HizbDecimal":0.0,"HasSajda":false},{"SurahNumber":89,"SurahIndex":"089","VerseNumber":17,"ShowSurahName":false,"ShowBismillah":false,"Text":"كَلَّاۖ بَل لَّا تُكۡرِمُونَ ٱلۡيَتِيمَ","TajweedText":"كَلَّا‌ۖ بَل لَّا تُكْرِمُونَ <tajweed class=ham_wasl>ٱ</tajweed>لْيَت<tajweed class=madda_permissible>ِي</tajweed>مَ <span class=end>١٧</span>","End":"١٧","PageNumber":593,"JuzNumber":30,"ManzilNumber":7,"RukuNumber":531,"MaqraNumber":237,"HizbNumber":60,"HizbDecimal":0.0,"HasSajda":false},{"SurahNumber":89,"SurahIndex":"089","VerseNumber":18,"ShowSurahName":false,"ShowBismillah":false,"Text":"وَلَا تَحَـٰٓضُّونَ عَلَىٰ طَعَامِ ٱلۡمِسۡكِينِ","TajweedText":"وَلَا تَحَ<tajweed class=madda_necessary>ـٰٓ</tajweed>ضُّونَ عَلَىٰ طَعَامِ <tajweed class=ham_wasl>ٱ</tajweed>لْمِسْك<tajweed class=madda_permissible>ِي</tajweed>نِ <span class=end>١٨</span>","End":"١٨","PageNumber":593,"JuzNumber":30,"ManzilNumber":7,"RukuNumber":531,"MaqraNumber":237,"HizbNumber":60,"HizbDecimal":0.0,"HasSajda":false},{"SurahNumber":89,"SurahIndex":"089","VerseNumber":19,"ShowSurahName":false,"ShowBismillah":false,"Text":"وَتَأۡكُلُونَ ٱلتُّرَاثَ أَكۡلٗا لَّمّٗا","TajweedText":"وَتَأْكُلُونَ <tajweed class=ham_wasl>ٱ</tajweed><tajweed class=laam_shamsiyah>ل</tajweed>تُّرَاثَ أَكْل<tajweed class=idgham_wo_ghunnah>اً ل</tajweed>َّ<tajweed class=ghunnah>مّ</tajweed>ًا <span class=end>١٩</span>","End":"١٩","PageNumber":593,"JuzNumber":30,"ManzilNumber":7,"RukuNumber":531,"MaqraNumber":237,"HizbNumber":60,"HizbDecimal":0.0,"HasSajda":false},{"SurahNumber":89,"SurahIndex":"089","VerseNumber":20,"ShowSurahName":false,"ShowBismillah":false,"Text":"وَتُحِبُّونَ ٱلۡمَالَ حُبّٗا جَمّٗا","TajweedText":"وَتُحِبُّونَ <tajweed class=ham_wasl>ٱ</tajweed>لْمَالَ حُب<tajweed class=ikhafa>ًّا ج</tajweed>َ<tajweed class=ghunnah>مّ</tajweed>ًا <span class=end>٢٠</span>","End":"٢٠","PageNumber":593,"JuzNumber":30,"ManzilNumber":7,"RukuNumber":531,"MaqraNumber":237,"HizbNumber":60,"HizbDecimal":0.0,"HasSajda":false},{"SurahNumber":89,"SurahIndex":"089","VerseNumber":21,"ShowSurahName":false,"ShowBismillah":false,"Text":"كَلَّآۖ إِذَا دُكَّتِ ٱلۡأَرۡضُ دَكّٗا دَكّٗا","TajweedText":"كَلّ<tajweed class=madda_obligatory>َآ</tajweed> إِذَا دُكَّتِ <tajweed class=ham_wasl>ٱ</tajweed>لْأَرْضُ دَك<tajweed class=ikhafa>ًّا د</tajweed>َكًّا <span class=end>٢١</span>","End":"٢١","PageNumber":593,"JuzNumber":30,"ManzilNumber":7,"RukuNumber":531,"MaqraNumber":237,"HizbNumber":60,"HizbDecimal":0.0,"HasSajda":false},{"SurahNumber":89,"SurahIndex":"089","VerseNumber":22,"ShowSurahName":false,"ShowBismillah":false,"Text":"وَجَآءَ رَبُّكَ وَٱلۡمَلَكُ صَفّٗا صَفّٗا","TajweedText":"وَج<tajweed class=madda_obligatory>َا</tajweed>ٓءَ رَبُّكَ وَ<tajweed class=ham_wasl>ٱ</tajweed>لْمَلَكُ صَف<tajweed class=ikhafa>ًّا ص</tajweed>َفًّا <span class=end>٢٢</span>","End":"٢٢","PageNumber":593,"JuzNumber":30,"ManzilNumber":7,"RukuNumber":531,"MaqraNumber":237,"HizbNumber":60,"HizbDecimal":0.0,"HasSajda":false},{"SurahNumber":89,"SurahIndex":"089","VerseNumber":23,"ShowSurahName":false,"ShowBismillah":false,"Text":"وَجِاْيٓءَ يَوۡمَئِذِۭ بِجَهَنَّمَۚ يَوۡمَئِذٖ يَتَذَكَّرُ ٱلۡإِنسَٰنُ وَأَنَّىٰ لَهُ ٱلذِّكۡرَىٰ","TajweedText":"وَجِ<tajweed class=slnt>اْ</tajweed><tajweed class=madda_obligatory>ىٓ</tajweed>ءَ يَوْمَئِ<tajweed class=iqlab>ذِۭ ب</tajweed>ِجَهَ<tajweed class=ghunnah>نّ</tajweed>َمَ‌ۚ يَوْمَئِ<tajweed class=idgham_ghunnah>ذٍ ي</tajweed>َتَذَكَّرُ <tajweed class=ham_wasl>ٱ</tajweed>لْإِ<tajweed class=ikhafa>نس</tajweed>َ<tajweed class=madda_normal>ـٰ</tajweed>نُ وَأَ<tajweed class=ghunnah>نّ</tajweed>َىٰ لَهُ <tajweed class=ham_wasl>ٱ</tajweed><tajweed class=laam_shamsiyah>ل</tajweed>ذِّكْرَىٰ <span class=end>٢٣</span>","End":"٢٣","PageNumber":593,"JuzNumber":30,"ManzilNumber":7,"RukuNumber":531,"MaqraNumber":237,"HizbNumber":60,"HizbDecimal":0.0,"HasSajda":false},{"SurahNumber":89,"SurahIndex":"089","VerseNumber":24,"ShowSurahName":false,"ShowBismillah":false,"Text":"يَقُولُ يَٰلَيۡتَنِي قَدَّمۡتُ لِحَيَاتِي","TajweedText":"يَقُولُ يَ<tajweed class=madda_normal>ـٰ</tajweed>لَيْتَنِى قَدَّمْتُ لِحَيَاتِى <span class=end>٢٤</span>","End":"٢٤","PageNumber":594,"JuzNumber":30,"ManzilNumber":7,"RukuNumber":531,"MaqraNumber":237,"HizbNumber":60,"HizbDecimal":0.0,"HasSajda":false},{"SurahNumber":89,"SurahIndex":"089","VerseNumber":25,"ShowSurahName":false,"ShowBismillah":false,"Text":"فَيَوۡمَئِذٖ لَّا يُعَذِّبُ عَذَابَهُۥٓ أَحَدٞ","TajweedText":"فَيَوْمَئِ<tajweed class=idgham_wo_ghunnah>ذٍ ل</tajweed>َّا يُعَذِّبُ عَذَابَهُ<tajweed class=madda_obligatory>ۥٓ</tajweed> أَحَ<tajweed class=qalaqah>د</tajweed>ٌ <span class=end>٢٥</span>","End":"٢٥","PageNumber":594,"JuzNumber":30,"ManzilNumber":7,"RukuNumber":531,"MaqraNumber":237,"HizbNumber":60,"HizbDecimal":0.0,"HasSajda":false},{"SurahNumber":89,"SurahIndex":"089","VerseNumber":26,"ShowSurahName":false,"ShowBismillah":false,"Text":"وَلَا يُوثِقُ وَثَاقَهُۥٓ أَحَدٞ","TajweedText":"وَلَا يُوثِقُ وَثَاقَهُ<tajweed class=madda_obligatory>ۥٓ</tajweed> أَحَ<tajweed class=qalaqah>د</tajweed>ٌ <span class=end>٢٦</span>","End":"٢٦","PageNumber":594,"JuzNumber":30,"ManzilNumber":7,"RukuNumber":531,"MaqraNumber":237,"HizbNumber":60,"HizbDecimal":0.0,"HasSajda":false},{"SurahNumber":89,"SurahIndex":"089","VerseNumber":27,"ShowSurahName":false,"ShowBismillah":false,"Text":"يَـٰٓأَيَّتُهَا ٱلنَّفۡسُ ٱلۡمُطۡمَئِنَّةُ","TajweedText":"يَ<tajweed class=madda_obligatory>ـٰٓ</tajweed>أَيَّتُهَا <tajweed class=ham_wasl>ٱ</tajweed><tajweed class=laam_shamsiyah>ل</tajweed><tajweed class=ghunnah>نّ</tajweed>َفْسُ <tajweed class=ham_wasl>ٱ</tajweed>لْمُ<tajweed class=qalaqah>طْ</tajweed>مَئِ<tajweed class=ghunnah>نّ</tajweed>َةُ <span class=end>٢٧</span>","End":"٢٧","PageNumber":594,"JuzNumber":30,"ManzilNumber":7,"RukuNumber":531,"MaqraNumber":237,"HizbNumber":60,"HizbDecimal":0.0,"HasSajda":false},{"SurahNumber":89,"SurahIndex":"089","VerseNumber":28,"ShowSurahName":false,"ShowBismillah":false,"Text":"ٱرۡجِعِيٓ إِلَىٰ رَبِّكِ رَاضِيَةٗ مَّرۡضِيَّةٗ","TajweedText":"ٱرْجِع<tajweed class=madda_obligatory>ِىٓ</tajweed> إِلَىٰ رَبِّكِ رَاضِيَ<tajweed class=idgham_ghunnah>ةً م</tajweed>َّرْضِيَّةً <span class=end>٢٨</span>","End":"٢٨","PageNumber":594,"JuzNumber":30,"ManzilNumber":7,"RukuNumber":531,"MaqraNumber":237,"HizbNumber":60,"HizbDecimal":0.0,"HasSajda":false},{"SurahNumber":89,"SurahIndex":"089","VerseNumber":29,"ShowSurahName":false,"ShowBismillah":false,"Text":"فَٱدۡخُلِي فِي عِبَٰدِي","TajweedText":"فَ<tajweed class=ham_wasl>ٱ</tajweed><tajweed class=qalaqah>دْ</tajweed>خُلِى فِى عِبَ<tajweed class=madda_normal>ـٰ</tajweed>دِى <span class=end>٢٩</span>","End":"٢٩","PageNumber":594,"JuzNumber":30,"ManzilNumber":7,"RukuNumber":531,"MaqraNumber":237,"HizbNumber":60,"HizbDecimal":0.0,"HasSajda":false},{"SurahNumber":89,"SurahIndex":"089","VerseNumber":30,"ShowSurahName":false,"ShowBismillah":false,"Text":"وَٱدۡخُلِي جَنَّتِي","TajweedText":"وَ<tajweed class=ham_wasl>ٱ</tajweed><tajweed class=qalaqah>دْ</tajweed>خُلِى جَ<tajweed class=ghunnah>نّ</tajweed>َتِى <span class=end>٣٠</span>","End":"٣٠","PageNumber":594,"JuzNumber":30,"ManzilNumber":7,"RukuNumber":531,"MaqraNumber":237,"HizbNumber":60,"HizbDecimal":0.0,"HasSajda":false}]}