{"RukuNumber":25,"Verses":[{"SurahNumber":2,"SurahIndex":"002","VerseNumber":189,"ShowSurahName":false,"ShowBismillah":false,"Text":"۞يَسۡـَٔلُونَكَ عَنِ ٱلۡأَهِلَّةِۖ قُلۡ هِيَ مَوَٰقِيتُ لِلنَّاسِ وَٱلۡحَجِّۗ وَلَيۡسَ ٱلۡبِرُّ بِأَن تَأۡتُواْ ٱلۡبُيُوتَ مِن ظُهُورِهَا وَلَٰكِنَّ ٱلۡبِرَّ مَنِ ٱتَّقَىٰۗ وَأۡتُواْ ٱلۡبُيُوتَ مِنۡ أَبۡوَٰبِهَاۚ وَٱتَّقُواْ ٱللَّهَ لَعَلَّكُمۡ تُفۡلِحُونَ","TajweedText":"۞ يَسْــَٔلُونَكَ عَنِ <tajweed class=ham_wasl>ٱ</tajweed>لْأَهِلَّةِ‌ۖ قُلْ هِىَ مَو<tajweed class=madda_normal>َٲ</tajweed>قِيتُ لِل<tajweed class=ghunnah>نّ</tajweed>َاسِ وَ<tajweed class=ham_wasl>ٱ</tajweed>لْحَجِّ‌ۗ وَلَيْسَ <tajweed class=ham_wasl>ٱ</tajweed>لْبِرُّ بِأَ<tajweed class=ikhafa>ن ت</tajweed>َأْتُو<tajweed class=slnt>اْ</tajweed> <tajweed class=ham_wasl>ٱ</tajweed>لْبُيُوتَ مِ<tajweed class=ikhafa>ن ظ</tajweed>ُهُورِهَا وَلَ<tajweed class=madda_normal>ـٰ</tajweed>كِ<tajweed class=ghunnah>نّ</tajweed>َ <tajweed class=ham_wasl>ٱ</tajweed>لْبِرَّ مَنِ <tajweed class=ham_wasl>ٱ</tajweed>تَّقَىٰ‌ۗ وَأْتُو<tajweed class=slnt>اْ</tajweed> <tajweed class=ham_wasl>ٱ</tajweed>لْبُيُوتَ مِنْ أَ<tajweed class=qalaqah>بْ</tajweed>و<tajweed class=madda_normal>َٲ</tajweed>بِهَا‌ۚ وَ<tajweed class=ham_wasl>ٱ</tajweed>تَّقُو<tajweed class=slnt>اْ</tajweed> <tajweed class=ham_wasl>ٱ</tajweed>للَّهَ لَعَلَّكُمْ تُفْلِح<tajweed class=madda_permissible>ُو</tajweed>نَ <span class=end>١٨٩</span>","End":"١٨٩","PageNumber":29,"JuzNumber":2,"ManzilNumber":1,"RukuNumber":25,"MaqraNumber":12,"HizbNumber":3,"HizbDecimal":0.75,"HasSajda":false},{"SurahNumber":2,"SurahIndex":"002","VerseNumber":190,"ShowSurahName":false,"ShowBismillah":false,"Text":"وَقَٰتِلُواْ فِي سَبِيلِ ٱللَّهِ ٱلَّذِينَ يُقَٰتِلُونَكُمۡ وَلَا تَعۡتَدُوٓاْۚ إِنَّ ٱللَّهَ لَا يُحِبُّ ٱلۡمُعۡتَدِينَ","TajweedText":"وَقَ<tajweed class=madda_normal>ـٰ</tajweed>تِلُو<tajweed class=slnt>اْ</tajweed> فِى سَبِيلِ <tajweed class=ham_wasl>ٱ</tajweed>للَّهِ <tajweed class=ham_wasl>ٱ</tajweed>لَّذِينَ يُقَ<tajweed class=madda_normal>ـٰ</tajweed>تِلُونَكُمْ وَلَا تَعْتَد<tajweed class=madda_obligatory>ُوٓ<tajweed class=slnt>اْ</tajweed>‌ۚ</tajweed> إِ<tajweed class=ghunnah>نّ</tajweed>َ <tajweed class=ham_wasl>ٱ</tajweed>للَّهَ لَا يُحِبُّ <tajweed class=ham_wasl>ٱ</tajweed>لْمُعْتَد<tajweed class=madda_permissible>ِي</tajweed>نَ <span class=end>١٩٠</span>","End":"١٩٠","PageNumber":29,"JuzNumber":2,"ManzilNumber":1,"RukuNumber":25,"MaqraNumber":12,"HizbNumber":3,"HizbDecimal":0.75,"HasSajda":false},{"SurahNumber":2,"SurahIndex":"002","VerseNumber":191,"ShowSurahName":false,"ShowBismillah":false,"Text":"وَٱقۡتُلُوهُمۡ حَيۡثُ ثَقِفۡتُمُوهُمۡ وَأَخۡرِجُوهُم مِّنۡ حَيۡثُ أَخۡرَجُوكُمۡۚ وَٱلۡفِتۡنَةُ أَشَدُّ مِنَ ٱلۡقَتۡلِۚ وَلَا تُقَٰتِلُوهُمۡ عِندَ ٱلۡمَسۡجِدِ ٱلۡحَرَامِ حَتَّىٰ يُقَٰتِلُوكُمۡ فِيهِۖ فَإِن قَٰتَلُوكُمۡ فَٱقۡتُلُوهُمۡۗ كَذَٰلِكَ جَزَآءُ ٱلۡكَٰفِرِينَ","TajweedText":"وَ<tajweed class=ham_wasl>ٱ</tajweed><tajweed class=qalaqah>قْ</tajweed>تُلُوهُمْ حَيْثُ ثَقِفْتُمُوهُمْ وَأَخْرِجُوه<tajweed class=idgham_shafawi>ُم م</tajweed>ِّنْ حَيْثُ أَخْرَجُوكُمْ‌ۚ وَ<tajweed class=ham_wasl>ٱ</tajweed>لْفِتْنَةُ أَشَدُّ مِنَ <tajweed class=ham_wasl>ٱ</tajweed>لْقَتْلِ‌ۚ وَلَا تُقَ<tajweed class=madda_normal>ـٰ</tajweed>تِلُوهُمْ عِ<tajweed class=ikhafa>ند</tajweed>َ <tajweed class=ham_wasl>ٱ</tajweed>لْمَسْجِدِ <tajweed class=ham_wasl>ٱ</tajweed>لْحَرَامِ حَتَّىٰ يُقَ<tajweed class=madda_normal>ـٰ</tajweed>تِلُوكُمْ فِيهِ‌ۖ فَإِ<tajweed class=ikhafa>ن ق</tajweed>َ<tajweed class=madda_normal>ـٰ</tajweed>تَلُوكُمْ فَ<tajweed class=ham_wasl>ٱ</tajweed><tajweed class=qalaqah>قْ</tajweed>تُلُوهُمْ‌ۗ كَذ<tajweed class=madda_normal>َٲ</tajweed>لِكَ جَز<tajweed class=madda_obligatory>َا</tajweed>ٓءُ <tajweed class=ham_wasl>ٱ</tajweed>لْكَ<tajweed class=madda_normal>ـٰ</tajweed>فِر<tajweed class=madda_permissible>ِي</tajweed>نَ <span class=end>١٩١</span>","End":"١٩١","PageNumber":30,"JuzNumber":2,"ManzilNumber":1,"RukuNumber":25,"MaqraNumber":12,"HizbNumber":3,"HizbDecimal":0.75,"HasSajda":false},{"SurahNumber":2,"SurahIndex":"002","VerseNumber":192,"ShowSurahName":false,"ShowBismillah":false,"Text":"فَإِنِ ٱنتَهَوۡاْ فَإِنَّ ٱللَّهَ غَفُورٞ رَّحِيمٞ","TajweedText":"فَإِنِ <tajweed class=ham_wasl>ٱ</tajweed><tajweed class=ikhafa>نت</tajweed>َهَوْ<tajweed class=slnt>اْ</tajweed> فَإِ<tajweed class=ghunnah>نّ</tajweed>َ <tajweed class=ham_wasl>ٱ</tajweed>للَّهَ غَفُو<tajweed class=idgham_wo_ghunnah>رٌ ر</tajweed>َّح<tajweed class=madda_permissible>ِي</tajweed>مٌ <span class=end>١٩٢</span>","End":"١٩٢","PageNumber":30,"JuzNumber":2,"ManzilNumber":1,"RukuNumber":25,"MaqraNumber":12,"HizbNumber":3,"HizbDecimal":0.75,"HasSajda":false},{"SurahNumber":2,"SurahIndex":"002","VerseNumber":193,"ShowSurahName":false,"ShowBismillah":false,"Text":"وَقَٰتِلُوهُمۡ حَتَّىٰ لَا تَكُونَ فِتۡنَةٞ وَيَكُونَ ٱلدِّينُ لِلَّهِۖ فَإِنِ ٱنتَهَوۡاْ فَلَا عُدۡوَٰنَ إِلَّا عَلَى ٱلظَّـٰلِمِينَ","TajweedText":"وَقَ<tajweed class=madda_normal>ـٰ</tajweed>تِلُوهُمْ حَتَّىٰ لَا تَكُونَ فِتْنَ<tajweed class=idgham_ghunnah>ةٌ و</tajweed>َيَكُونَ <tajweed class=ham_wasl>ٱ</tajweed><tajweed class=laam_shamsiyah>ل</tajweed>دِّينُ لِلَّهِ‌ۖ فَإِنِ <tajweed class=ham_wasl>ٱ</tajweed><tajweed class=ikhafa>نت</tajweed>َهَوْ<tajweed class=slnt>اْ</tajweed> فَلَا عُ<tajweed class=qalaqah>دْ</tajweed>و<tajweed class=madda_normal>َٲ</tajweed>نَ إِلَّا عَلَى <tajweed class=ham_wasl>ٱ</tajweed><tajweed class=laam_shamsiyah>ل</tajweed>ظَّ<tajweed class=madda_normal>ـٰ</tajweed>لِم<tajweed class=madda_permissible>ِي</tajweed>نَ <span class=end>١٩٣</span>","End":"١٩٣","PageNumber":30,"JuzNumber":2,"ManzilNumber":1,"RukuNumber":25,"MaqraNumber":12,"HizbNumber":3,"HizbDecimal":0.75,"HasSajda":false},{"SurahNumber":2,"SurahIndex":"002","VerseNumber":194,"ShowSurahName":false,"ShowBismillah":false,"Text":"ٱلشَّهۡرُ ٱلۡحَرَامُ بِٱلشَّهۡرِ ٱلۡحَرَامِ وَٱلۡحُرُمَٰتُ قِصَاصٞۚ فَمَنِ ٱعۡتَدَىٰ عَلَيۡكُمۡ فَٱعۡتَدُواْ عَلَيۡهِ بِمِثۡلِ مَا ٱعۡتَدَىٰ عَلَيۡكُمۡۚ وَٱتَّقُواْ ٱللَّهَ وَٱعۡلَمُوٓاْ أَنَّ ٱللَّهَ مَعَ ٱلۡمُتَّقِينَ","TajweedText":"ٱ<tajweed class=laam_shamsiyah>ل</tajweed>شَّهْرُ <tajweed class=ham_wasl>ٱ</tajweed>لْحَرَامُ بِ<tajweed class=ham_wasl>ٱ</tajweed><tajweed class=laam_shamsiyah>ل</tajweed>شَّهْرِ <tajweed class=ham_wasl>ٱ</tajweed>لْحَرَامِ وَ<tajweed class=ham_wasl>ٱ</tajweed>لْحُرُمَ<tajweed class=madda_normal>ـٰ</tajweed>تُ قِصَا<tajweed class=ikhafa>صٌ‌ۚ ف</tajweed>َمَنِ <tajweed class=ham_wasl>ٱ</tajweed>عْتَدَىٰ عَلَيْكُمْ فَ<tajweed class=ham_wasl>ٱ</tajweed>عْتَدُو<tajweed class=slnt>اْ</tajweed> عَلَيْهِ بِمِثْلِ مَا <tajweed class=ham_wasl>ٱ</tajweed>عْتَدَىٰ عَلَيْكُمْ‌ۚ وَ<tajweed class=ham_wasl>ٱ</tajweed>تَّقُو<tajweed class=slnt>اْ</tajweed> <tajweed class=ham_wasl>ٱ</tajweed>للَّهَ وَ<tajweed class=ham_wasl>ٱ</tajweed>عْلَم<tajweed class=madda_obligatory>ُوٓ</tajweed><tajweed class=slnt>اْ</tajweed> أَ<tajweed class=ghunnah>نّ</tajweed>َ <tajweed class=ham_wasl>ٱ</tajweed>للَّهَ مَعَ <tajweed class=ham_wasl>ٱ</tajweed>لْمُتَّق<tajweed class=madda_permissible>ِي</tajweed>نَ <span class=end>١٩٤</span>","End":"١٩٤","PageNumber":30,"JuzNumber":2,"ManzilNumber":1,"RukuNumber":25,"MaqraNumber":12,"HizbNumber":3,"HizbDecimal":0.75,"HasSajda":false},{"SurahNumber":2,"SurahIndex":"002","VerseNumber":195,"ShowSurahName":false,"ShowBismillah":false,"Text":"وَأَنفِقُواْ فِي سَبِيلِ ٱللَّهِ وَلَا تُلۡقُواْ بِأَيۡدِيكُمۡ إِلَى ٱلتَّهۡلُكَةِ وَأَحۡسِنُوٓاْۚ إِنَّ ٱللَّهَ يُحِبُّ ٱلۡمُحۡسِنِينَ","TajweedText":"وَأَ<tajweed class=ikhafa>نف</tajweed>ِقُو<tajweed class=slnt>اْ</tajweed> فِى سَبِيلِ <tajweed class=ham_wasl>ٱ</tajweed>للَّهِ وَلَا تُلْقُو<tajweed class=slnt>اْ</tajweed> بِأَيْدِيكُمْ إِلَى <tajweed class=ham_wasl>ٱ</tajweed><tajweed class=laam_shamsiyah>ل</tajweed>تَّهْلُكَةِ‌ۛ وَأَحْسِن<tajweed class=madda_obligatory>ُوٓ<tajweed class=slnt>اْ</tajweed>‌ۛ</tajweed> إِ<tajweed class=ghunnah>نّ</tajweed>َ <tajweed class=ham_wasl>ٱ</tajweed>للَّهَ يُحِبُّ <tajweed class=ham_wasl>ٱ</tajweed>لْمُحْسِن<tajweed class=madda_permissible>ِي</tajweed>نَ <span class=end>١٩٥</span>","End":"١٩٥","PageNumber":30,"JuzNumber":2,"ManzilNumber":1,"RukuNumber":25,"MaqraNumber":12,"HizbNumber":3,"HizbDecimal":0.75,"HasSajda":false},{"SurahNumber":2,"SurahIndex":"002","VerseNumber":196,"ShowSurahName":false,"ShowBismillah":false,"Text":"وَأَتِمُّواْ ٱلۡحَجَّ وَٱلۡعُمۡرَةَ لِلَّهِۚ فَإِنۡ أُحۡصِرۡتُمۡ فَمَا ٱسۡتَيۡسَرَ مِنَ ٱلۡهَدۡيِۖ وَلَا تَحۡلِقُواْ رُءُوسَكُمۡ حَتَّىٰ يَبۡلُغَ ٱلۡهَدۡيُ مَحِلَّهُۥۚ فَمَن كَانَ مِنكُم مَّرِيضًا أَوۡ بِهِۦٓ أَذٗى مِّن رَّأۡسِهِۦ فَفِدۡيَةٞ مِّن صِيَامٍ أَوۡ صَدَقَةٍ أَوۡ نُسُكٖۚ فَإِذَآ أَمِنتُمۡ فَمَن تَمَتَّعَ بِٱلۡعُمۡرَةِ إِلَى ٱلۡحَجِّ فَمَا ٱسۡتَيۡسَرَ مِنَ ٱلۡهَدۡيِۚ فَمَن لَّمۡ يَجِدۡ فَصِيَامُ ثَلَٰثَةِ أَيَّامٖ فِي ٱلۡحَجِّ وَسَبۡعَةٍ إِذَا رَجَعۡتُمۡۗ تِلۡكَ عَشَرَةٞ كَامِلَةٞۗ ذَٰلِكَ لِمَن لَّمۡ يَكُنۡ أَهۡلُهُۥ حَاضِرِي ٱلۡمَسۡجِدِ ٱلۡحَرَامِۚ وَٱتَّقُواْ ٱللَّهَ وَٱعۡلَمُوٓاْ أَنَّ ٱللَّهَ شَدِيدُ ٱلۡعِقَابِ","TajweedText":"وَأَتِ<tajweed class=ghunnah>مّ</tajweed>ُو<tajweed class=slnt>اْ</tajweed> <tajweed class=ham_wasl>ٱ</tajweed>لْحَجَّ وَ<tajweed class=ham_wasl>ٱ</tajweed>لْعُمْرَةَ لِلَّهِ‌ۚ فَإِنْ أُحْصِرْتُمْ فَمَا <tajweed class=ham_wasl>ٱ</tajweed>سْتَيْسَرَ مِنَ <tajweed class=ham_wasl>ٱ</tajweed>لْهَ<tajweed class=qalaqah>دْ</tajweed>ىِ‌ۖ وَلَا تَحْلِقُو<tajweed class=slnt>اْ</tajweed> رُءُوسَكُمْ حَتَّىٰ يَ<tajweed class=qalaqah>بْ</tajweed>لُغَ <tajweed class=ham_wasl>ٱ</tajweed>لْهَ<tajweed class=qalaqah>دْ</tajweed>ىُ مَحِلَّهُ<tajweed class=madda_normal>ۥ</tajweed>‌ۚ فَمَ<tajweed class=ikhafa>ن ك</tajweed>َانَ مِ<tajweed class=ikhafa>نك</tajweed><tajweed class=idgham_shafawi>ُم م</tajweed>َّرِيضًا أَوْ بِه<tajweed class=madda_obligatory>ِۦٓ</tajweed> أَ<tajweed class=idgham_ghunnah>ذًى م</tajweed>ّ<tajweed class=idgham_wo_ghunnah>ِن ر</tajweed>َّأْسِه<tajweed class=madda_normal>ِۦ</tajweed> فَفِ<tajweed class=qalaqah>دْ</tajweed>يَ<tajweed class=idgham_ghunnah>ةٌ م</tajweed>ِّ<tajweed class=ikhafa>ن ص</tajweed>ِيَامٍ أَوْ صَدَقَةٍ أَوْ نُسُ<tajweed class=ikhafa>كٍ‌ۚ ف</tajweed>َإِذ<tajweed class=madda_obligatory>َآ</tajweed> أَمِ<tajweed class=ikhafa>نت</tajweed>ُمْ فَمَ<tajweed class=ikhafa>ن ت</tajweed>َمَتَّعَ بِ<tajweed class=ham_wasl>ٱ</tajweed>لْعُمْرَةِ إِلَى <tajweed class=ham_wasl>ٱ</tajweed>لْحَجِّ فَمَا <tajweed class=ham_wasl>ٱ</tajweed>سْتَيْسَرَ مِنَ <tajweed class=ham_wasl>ٱ</tajweed>لْهَ<tajweed class=qalaqah>دْ</tajweed>ىِ‌ۚ فَم<tajweed class=idgham_wo_ghunnah>َن ل</tajweed>َّمْ يَجِ<tajweed class=qalaqah>دْ</tajweed> فَصِيَامُ ثَلَ<tajweed class=madda_normal>ـٰ</tajweed>ثَةِ أَيَّا<tajweed class=ikhafa>مٍ ف</tajweed>ِى <tajweed class=ham_wasl>ٱ</tajweed>لْحَجِّ وَسَ<tajweed class=qalaqah>بْ</tajweed>عَةٍ إِذَا رَجَعْتُمْ‌ۗ تِلْكَ عَشَرَ<tajweed class=ikhafa>ةٌ ك</tajweed>َامِلَ<tajweed class=ikhafa>ةٌ‌ۗ ذ</tajweed><tajweed class=madda_normal>َٲ</tajweed>لِكَ لِم<tajweed class=idgham_wo_ghunnah>َن ل</tajweed>َّمْ يَكُنْ أَهْلُهُ<tajweed class=madda_normal>ۥ</tajweed> حَاضِرِى <tajweed class=ham_wasl>ٱ</tajweed>لْمَسْجِدِ <tajweed class=ham_wasl>ٱ</tajweed>لْحَرَامِ‌ۚ وَ<tajweed class=ham_wasl>ٱ</tajweed>تَّقُو<tajweed class=slnt>اْ</tajweed> <tajweed class=ham_wasl>ٱ</tajweed>للَّهَ وَ<tajweed class=ham_wasl>ٱ</tajweed>عْلَم<tajweed class=madda_obligatory>ُوٓ</tajweed><tajweed class=slnt>اْ</tajweed> أَ<tajweed class=ghunnah>نّ</tajweed>َ <tajweed class=ham_wasl>ٱ</tajweed>للَّهَ شَدِيدُ <tajweed class=ham_wasl>ٱ</tajweed>لْعِق<tajweed class=madda_permissible>َا</tajweed><tajweed class=qalaqah>ب</tajweed>ِ <span class=end>١٩٦</span>","End":"١٩٦","PageNumber":30,"JuzNumber":2,"ManzilNumber":1,"RukuNumber":25,"MaqraNumber":12,"HizbNumber":3,"HizbDecimal":0.75,"HasSajda":false}]}