{"RukuNumber":462,"Verses":[{"SurahNumber":53,"SurahIndex":"053","VerseNumber":33,"ShowSurahName":false,"ShowBismillah":false,"Text":"أَفَرَءَيۡتَ ٱلَّذِي تَوَلَّىٰ","TajweedText":"أَفَرَءَيْتَ <tajweed class=ham_wasl>ٱ</tajweed>لَّذِى تَوَلَّىٰ <span class=end>٣٣</span>","End":"٣٣","PageNumber":527,"JuzNumber":27,"ManzilNumber":7,"RukuNumber":462,"MaqraNumber":211,"HizbNumber":53,"HizbDecimal":0.5,"HasSajda":false},{"SurahNumber":53,"SurahIndex":"053","VerseNumber":34,"ShowSurahName":false,"ShowBismillah":false,"Text":"وَأَعۡطَىٰ قَلِيلٗا وَأَكۡدَىٰٓ","TajweedText":"وَأَعْطَىٰ قَلِيل<tajweed class=idgham_ghunnah>اً و</tajweed>َأَكْدَىٰٓ <span class=end>٣٤</span>","End":"٣٤","PageNumber":527,"JuzNumber":27,"ManzilNumber":7,"RukuNumber":462,"MaqraNumber":211,"HizbNumber":53,"HizbDecimal":0.5,"HasSajda":false},{"SurahNumber":53,"SurahIndex":"053","VerseNumber":35,"ShowSurahName":false,"ShowBismillah":false,"Text":"أَعِندَهُۥ عِلۡمُ ٱلۡغَيۡبِ فَهُوَ يَرَىٰٓ","TajweedText":"أَعِ<tajweed class=ikhafa>ند</tajweed>َهُ<tajweed class=madda_normal>ۥ</tajweed> عِلْمُ <tajweed class=ham_wasl>ٱ</tajweed>لْغَيْبِ فَهُوَ يَرَىٰٓ <span class=end>٣٥</span>","End":"٣٥","PageNumber":527,"JuzNumber":27,"ManzilNumber":7,"RukuNumber":462,"MaqraNumber":211,"HizbNumber":53,"HizbDecimal":0.5,"HasSajda":false},{"SurahNumber":53,"SurahIndex":"053","VerseNumber":36,"ShowSurahName":false,"ShowBismillah":false,"Text":"أَمۡ لَمۡ يُنَبَّأۡ بِمَا فِي صُحُفِ مُوسَىٰ","TajweedText":"أَمْ لَمْ يُنَبَّأْ بِمَا فِى صُحُفِ مُوسَىٰ <span class=end>٣٦</span>","End":"٣٦","PageNumber":527,"JuzNumber":27,"ManzilNumber":7,"RukuNumber":462,"MaqraNumber":211,"HizbNumber":53,"HizbDecimal":0.5,"HasSajda":false},{"SurahNumber":53,"SurahIndex":"053","VerseNumber":37,"ShowSurahName":false,"ShowBismillah":false,"Text":"وَإِبۡرَٰهِيمَ ٱلَّذِي وَفَّىٰٓ","TajweedText":"وَإِ<tajweed class=qalaqah>بْ</tajweed>ر<tajweed class=madda_normal>َٲ</tajweed>هِيمَ <tajweed class=ham_wasl>ٱ</tajweed>لَّذِى وَفَّىٰٓ <span class=end>٣٧</span>","End":"٣٧","PageNumber":527,"JuzNumber":27,"ManzilNumber":7,"RukuNumber":462,"MaqraNumber":211,"HizbNumber":53,"HizbDecimal":0.5,"HasSajda":false},{"SurahNumber":53,"SurahIndex":"053","VerseNumber":38,"ShowSurahName":false,"ShowBismillah":false,"Text":"أَلَّا تَزِرُ وَازِرَةٞ وِزۡرَ أُخۡرَىٰ","TajweedText":"أَلَّا تَزِرُ وَازِرَ<tajweed class=idgham_ghunnah>ةٌ و</tajweed>ِزْرَ أُخْرَىٰ <span class=end>٣٨</span>","End":"٣٨","PageNumber":527,"JuzNumber":27,"ManzilNumber":7,"RukuNumber":462,"MaqraNumber":211,"HizbNumber":53,"HizbDecimal":0.5,"HasSajda":false},{"SurahNumber":53,"SurahIndex":"053","VerseNumber":39,"ShowSurahName":false,"ShowBismillah":false,"Text":"وَأَن لَّيۡسَ لِلۡإِنسَٰنِ إِلَّا مَا سَعَىٰ","TajweedText":"وَأ<tajweed class=idgham_wo_ghunnah>َن ل</tajweed>َّيْسَ لِلْإِ<tajweed class=ikhafa>نس</tajweed>َ<tajweed class=madda_normal>ـٰ</tajweed>نِ إِلَّا مَا سَعَىٰ <span class=end>٣٩</span>","End":"٣٩","PageNumber":527,"JuzNumber":27,"ManzilNumber":7,"RukuNumber":462,"MaqraNumber":211,"HizbNumber":53,"HizbDecimal":0.5,"HasSajda":false},{"SurahNumber":53,"SurahIndex":"053","VerseNumber":40,"ShowSurahName":false,"ShowBismillah":false,"Text":"وَأَنَّ سَعۡيَهُۥ سَوۡفَ يُرَىٰ","TajweedText":"وَأَ<tajweed class=ghunnah>نّ</tajweed>َ سَعْيَهُ<tajweed class=madda_normal>ۥ</tajweed> سَوْفَ يُرَىٰ <span class=end>٤٠</span>","End":"٤٠","PageNumber":527,"JuzNumber":27,"ManzilNumber":7,"RukuNumber":462,"MaqraNumber":211,"HizbNumber":53,"HizbDecimal":0.5,"HasSajda":false},{"SurahNumber":53,"SurahIndex":"053","VerseNumber":41,"ShowSurahName":false,"ShowBismillah":false,"Text":"ثُمَّ يُجۡزَىٰهُ ٱلۡجَزَآءَ ٱلۡأَوۡفَىٰ","TajweedText":"ثُ<tajweed class=ghunnah>مّ</tajweed>َ يُ<tajweed class=qalaqah>جْ</tajweed>زَ<tajweed class=madda_normal>ٮٰ</tajweed>هُ <tajweed class=ham_wasl>ٱ</tajweed>لْجَز<tajweed class=madda_obligatory>َا</tajweed>ٓءَ <tajweed class=ham_wasl>ٱ</tajweed>لْأَوْفَىٰ <span class=end>٤١</span>","End":"٤١","PageNumber":527,"JuzNumber":27,"ManzilNumber":7,"RukuNumber":462,"MaqraNumber":211,"HizbNumber":53,"HizbDecimal":0.5,"HasSajda":false},{"SurahNumber":53,"SurahIndex":"053","VerseNumber":42,"ShowSurahName":false,"ShowBismillah":false,"Text":"وَأَنَّ إِلَىٰ رَبِّكَ ٱلۡمُنتَهَىٰ","TajweedText":"وَأَ<tajweed class=ghunnah>نّ</tajweed>َ إِلَىٰ رَبِّكَ <tajweed class=ham_wasl>ٱ</tajweed>لْمُ<tajweed class=ikhafa>نت</tajweed>َهَىٰ <span class=end>٤٢</span>","End":"٤٢","PageNumber":527,"JuzNumber":27,"ManzilNumber":7,"RukuNumber":462,"MaqraNumber":211,"HizbNumber":53,"HizbDecimal":0.5,"HasSajda":false},{"SurahNumber":53,"SurahIndex":"053","VerseNumber":43,"ShowSurahName":false,"ShowBismillah":false,"Text":"وَأَنَّهُۥ هُوَ أَضۡحَكَ وَأَبۡكَىٰ","TajweedText":"وَأَ<tajweed class=ghunnah>نّ</tajweed>َهُ<tajweed class=madda_normal>ۥ</tajweed> هُوَ أَضْحَكَ وَأَ<tajweed class=qalaqah>بْ</tajweed>كَىٰ <span class=end>٤٣</span>","End":"٤٣","PageNumber":527,"JuzNumber":27,"ManzilNumber":7,"RukuNumber":462,"MaqraNumber":211,"HizbNumber":53,"HizbDecimal":0.5,"HasSajda":false},{"SurahNumber":53,"SurahIndex":"053","VerseNumber":44,"ShowSurahName":false,"ShowBismillah":false,"Text":"وَأَنَّهُۥ هُوَ أَمَاتَ وَأَحۡيَا","TajweedText":"وَأَ<tajweed class=ghunnah>نّ</tajweed>َهُ<tajweed class=madda_normal>ۥ</tajweed> هُوَ أَمَاتَ وَأَحْيَا <span class=end>٤٤</span>","End":"٤٤","PageNumber":527,"JuzNumber":27,"ManzilNumber":7,"RukuNumber":462,"MaqraNumber":211,"HizbNumber":53,"HizbDecimal":0.5,"HasSajda":false},{"SurahNumber":53,"SurahIndex":"053","VerseNumber":45,"ShowSurahName":false,"ShowBismillah":false,"Text":"وَأَنَّهُۥ خَلَقَ ٱلزَّوۡجَيۡنِ ٱلذَّكَرَ وَٱلۡأُنثَىٰ","TajweedText":"وَأَ<tajweed class=ghunnah>نّ</tajweed>َهُ<tajweed class=madda_normal>ۥ</tajweed> خَلَقَ <tajweed class=ham_wasl>ٱ</tajweed><tajweed class=laam_shamsiyah>ل</tajweed>زَّوْجَيْنِ <tajweed class=ham_wasl>ٱ</tajweed><tajweed class=laam_shamsiyah>ل</tajweed>ذَّكَرَ وَ<tajweed class=ham_wasl>ٱ</tajweed>لْأُ<tajweed class=ikhafa>نث</tajweed>َىٰ <span class=end>٤٥</span>","End":"٤٥","PageNumber":528,"JuzNumber":27,"ManzilNumber":7,"RukuNumber":462,"MaqraNumber":211,"HizbNumber":53,"HizbDecimal":0.5,"HasSajda":false},{"SurahNumber":53,"SurahIndex":"053","VerseNumber":46,"ShowSurahName":false,"ShowBismillah":false,"Text":"مِن نُّطۡفَةٍ إِذَا تُمۡنَىٰ","TajweedText":"م<tajweed class=idgham_ghunnah>ِن ن</tajweed>ُّ<tajweed class=qalaqah>طْ</tajweed>فَةٍ إِذَا تُمْنَىٰ <span class=end>٤٦</span>","End":"٤٦","PageNumber":528,"JuzNumber":27,"ManzilNumber":7,"RukuNumber":462,"MaqraNumber":211,"HizbNumber":53,"HizbDecimal":0.5,"HasSajda":false},{"SurahNumber":53,"SurahIndex":"053","VerseNumber":47,"ShowSurahName":false,"ShowBismillah":false,"Text":"وَأَنَّ عَلَيۡهِ ٱلنَّشۡأَةَ ٱلۡأُخۡرَىٰ","TajweedText":"وَأَ<tajweed class=ghunnah>نّ</tajweed>َ عَلَيْهِ <tajweed class=ham_wasl>ٱ</tajweed><tajweed class=laam_shamsiyah>ل</tajweed><tajweed class=ghunnah>نّ</tajweed>َشْأَةَ <tajweed class=ham_wasl>ٱ</tajweed>لْأُخْرَىٰ <span class=end>٤٧</span>","End":"٤٧","PageNumber":528,"JuzNumber":27,"ManzilNumber":7,"RukuNumber":462,"MaqraNumber":211,"HizbNumber":53,"HizbDecimal":0.5,"HasSajda":false},{"SurahNumber":53,"SurahIndex":"053","VerseNumber":48,"ShowSurahName":false,"ShowBismillah":false,"Text":"وَأَنَّهُۥ هُوَ أَغۡنَىٰ وَأَقۡنَىٰ","TajweedText":"وَأَ<tajweed class=ghunnah>نّ</tajweed>َهُ<tajweed class=madda_normal>ۥ</tajweed> هُوَ أَغْنَىٰ وَأَ<tajweed class=qalaqah>قْ</tajweed>نَىٰ <span class=end>٤٨</span>","End":"٤٨","PageNumber":528,"JuzNumber":27,"ManzilNumber":7,"RukuNumber":462,"MaqraNumber":211,"HizbNumber":53,"HizbDecimal":0.5,"HasSajda":false},{"SurahNumber":53,"SurahIndex":"053","VerseNumber":49,"ShowSurahName":false,"ShowBismillah":false,"Text":"وَأَنَّهُۥ هُوَ رَبُّ ٱلشِّعۡرَىٰ","TajweedText":"وَأَ<tajweed class=ghunnah>نّ</tajweed>َهُ<tajweed class=madda_normal>ۥ</tajweed> هُوَ رَبُّ <tajweed class=ham_wasl>ٱ</tajweed><tajweed class=laam_shamsiyah>ل</tajweed>شِّعْرَىٰ <span class=end>٤٩</span>","End":"٤٩","PageNumber":528,"JuzNumber":27,"ManzilNumber":7,"RukuNumber":462,"MaqraNumber":211,"HizbNumber":53,"HizbDecimal":0.5,"HasSajda":false},{"SurahNumber":53,"SurahIndex":"053","VerseNumber":50,"ShowSurahName":false,"ShowBismillah":false,"Text":"وَأَنَّهُۥٓ أَهۡلَكَ عَادًا ٱلۡأُولَىٰ","TajweedText":"وَأَ<tajweed class=ghunnah>نّ</tajweed>َهُ<tajweed class=madda_obligatory>ۥٓ</tajweed> أَهْلَكَ عَادًا <tajweed class=ham_wasl>ٱ</tajweed>لْأُولَىٰ <span class=end>٥٠</span>","End":"٥٠","PageNumber":528,"JuzNumber":27,"ManzilNumber":7,"RukuNumber":462,"MaqraNumber":211,"HizbNumber":53,"HizbDecimal":0.5,"HasSajda":false},{"SurahNumber":53,"SurahIndex":"053","VerseNumber":51,"ShowSurahName":false,"ShowBismillah":false,"Text":"وَثَمُودَاْ فَمَآ أَبۡقَىٰ","TajweedText":"وَثَمُودَ<tajweed class=slnt>اْ</tajweed> فَم<tajweed class=madda_obligatory>َآ</tajweed> أَ<tajweed class=qalaqah>بْ</tajweed>قَىٰ <span class=end>٥١</span>","End":"٥١","PageNumber":528,"JuzNumber":27,"ManzilNumber":7,"RukuNumber":462,"MaqraNumber":211,"HizbNumber":53,"HizbDecimal":0.5,"HasSajda":false},{"SurahNumber":53,"SurahIndex":"053","VerseNumber":52,"ShowSurahName":false,"ShowBismillah":false,"Text":"وَقَوۡمَ نُوحٖ مِّن قَبۡلُۖ إِنَّهُمۡ كَانُواْ هُمۡ أَظۡلَمَ وَأَطۡغَىٰ","TajweedText":"وَقَوْمَ نُو<tajweed class=idgham_ghunnah>حٍ م</tajweed>ِّ<tajweed class=ikhafa>ن ق</tajweed>َ<tajweed class=qalaqah>بْ</tajweed>لُ‌ۖ إِ<tajweed class=ghunnah>نّ</tajweed>َهُمْ كَانُو<tajweed class=slnt>اْ</tajweed> هُمْ أَظْلَمَ وَأَ<tajweed class=qalaqah>طْ</tajweed>غَىٰ <span class=end>٥٢</span>","End":"٥٢","PageNumber":528,"JuzNumber":27,"ManzilNumber":7,"RukuNumber":462,"MaqraNumber":211,"HizbNumber":53,"HizbDecimal":0.5,"HasSajda":false},{"SurahNumber":53,"SurahIndex":"053","VerseNumber":53,"ShowSurahName":false,"ShowBismillah":false,"Text":"وَٱلۡمُؤۡتَفِكَةَ أَهۡوَىٰ","TajweedText":"وَ<tajweed class=ham_wasl>ٱ</tajweed>لْمُؤْتَفِكَةَ أَهْوَىٰ <span class=end>٥٣</span>","End":"٥٣","PageNumber":528,"JuzNumber":27,"ManzilNumber":7,"RukuNumber":462,"MaqraNumber":211,"HizbNumber":53,"HizbDecimal":0.5,"HasSajda":false},{"SurahNumber":53,"SurahIndex":"053","VerseNumber":54,"ShowSurahName":false,"ShowBismillah":false,"Text":"فَغَشَّىٰهَا مَا غَشَّىٰ","TajweedText":"فَغَشَّ<tajweed class=madda_normal>ـٰ</tajweed>هَا مَا غَشَّىٰ <span class=end>٥٤</span>","End":"٥٤","PageNumber":528,"JuzNumber":27,"ManzilNumber":7,"RukuNumber":462,"MaqraNumber":211,"HizbNumber":53,"HizbDecimal":0.5,"HasSajda":false},{"SurahNumber":53,"SurahIndex":"053","VerseNumber":55,"ShowSurahName":false,"ShowBismillah":false,"Text":"فَبِأَيِّ ءَالَآءِ رَبِّكَ تَتَمَارَىٰ","TajweedText":"فَبِأَىِّ ءَال<tajweed class=madda_obligatory>َا</tajweed>ٓءِ رَبِّكَ تَتَمَارَىٰ <span class=end>٥٥</span>","End":"٥٥","PageNumber":528,"JuzNumber":27,"ManzilNumber":7,"RukuNumber":462,"MaqraNumber":211,"HizbNumber":53,"HizbDecimal":0.5,"HasSajda":false},{"SurahNumber":53,"SurahIndex":"053","VerseNumber":56,"ShowSurahName":false,"ShowBismillah":false,"Text":"هَٰذَا نَذِيرٞ مِّنَ ٱلنُّذُرِ ٱلۡأُولَىٰٓ","TajweedText":"هَ<tajweed class=madda_normal>ـٰ</tajweed>ذَا نَذِي<tajweed class=idgham_ghunnah>رٌ م</tajweed>ِّنَ <tajweed class=ham_wasl>ٱ</tajweed><tajweed class=laam_shamsiyah>ل</tajweed><tajweed class=ghunnah>نّ</tajweed>ُذُرِ <tajweed class=ham_wasl>ٱ</tajweed>لْأُولَىٰٓ <span class=end>٥٦</span>","End":"٥٦","PageNumber":528,"JuzNumber":27,"ManzilNumber":7,"RukuNumber":462,"MaqraNumber":211,"HizbNumber":53,"HizbDecimal":0.5,"HasSajda":false},{"SurahNumber":53,"SurahIndex":"053","VerseNumber":57,"ShowSurahName":false,"ShowBismillah":false,"Text":"أَزِفَتِ ٱلۡأٓزِفَةُ","TajweedText":"أَزِفَتِ <tajweed class=ham_wasl>ٱ</tajweed>لْأَزِفَةُ <span class=end>٥٧</span>","End":"٥٧","PageNumber":528,"JuzNumber":27,"ManzilNumber":7,"RukuNumber":462,"MaqraNumber":211,"HizbNumber":53,"HizbDecimal":0.5,"HasSajda":false},{"SurahNumber":53,"SurahIndex":"053","VerseNumber":58,"ShowSurahName":false,"ShowBismillah":false,"Text":"لَيۡسَ لَهَا مِن دُونِ ٱللَّهِ كَاشِفَةٌ","TajweedText":"لَيْسَ لَهَا مِ<tajweed class=ikhafa>ن د</tajweed>ُونِ <tajweed class=ham_wasl>ٱ</tajweed>للَّهِ كَاشِفَةٌ <span class=end>٥٨</span>","End":"٥٨","PageNumber":528,"JuzNumber":27,"ManzilNumber":7,"RukuNumber":462,"MaqraNumber":211,"HizbNumber":53,"HizbDecimal":0.5,"HasSajda":false},{"SurahNumber":53,"SurahIndex":"053","VerseNumber":59,"ShowSurahName":false,"ShowBismillah":false,"Text":"أَفَمِنۡ هَٰذَا ٱلۡحَدِيثِ تَعۡجَبُونَ","TajweedText":"أَفَمِنْ هَ<tajweed class=madda_normal>ـٰ</tajweed>ذَا <tajweed class=ham_wasl>ٱ</tajweed>لْحَدِيثِ تَعْجَب<tajweed class=madda_permissible>ُو</tajweed>نَ <span class=end>٥٩</span>","End":"٥٩","PageNumber":528,"JuzNumber":27,"ManzilNumber":7,"RukuNumber":462,"MaqraNumber":211,"HizbNumber":53,"HizbDecimal":0.5,"HasSajda":false},{"SurahNumber":53,"SurahIndex":"053","VerseNumber":60,"ShowSurahName":false,"ShowBismillah":false,"Text":"وَتَضۡحَكُونَ وَلَا تَبۡكُونَ","TajweedText":"وَتَضْحَكُونَ وَلَا تَ<tajweed class=qalaqah>بْ</tajweed>ك<tajweed class=madda_permissible>ُو</tajweed>نَ <span class=end>٦٠</span>","End":"٦٠","PageNumber":528,"JuzNumber":27,"ManzilNumber":7,"RukuNumber":462,"MaqraNumber":211,"HizbNumber":53,"HizbDecimal":0.5,"HasSajda":false},{"SurahNumber":53,"SurahIndex":"053","VerseNumber":61,"ShowSurahName":false,"ShowBismillah":false,"Text":"وَأَنتُمۡ سَٰمِدُونَ","TajweedText":"وَأَ<tajweed class=ikhafa>نت</tajweed>ُمْ سَ<tajweed class=madda_normal>ـٰ</tajweed>مِد<tajweed class=madda_permissible>ُو</tajweed>نَ <span class=end>٦١</span>","End":"٦١","PageNumber":528,"JuzNumber":27,"ManzilNumber":7,"RukuNumber":462,"MaqraNumber":211,"HizbNumber":53,"HizbDecimal":0.5,"HasSajda":false},{"SurahNumber":53,"SurahIndex":"053","VerseNumber":62,"ShowSurahName":false,"ShowBismillah":false,"Text":"فَٱسۡجُدُواْۤ لِلَّهِۤ وَٱعۡبُدُواْ۩","TajweedText":"فَ<tajweed class=ham_wasl>ٱ</tajweed>سْجُدُو<tajweed class=slnt>اْ</tajweed> لِلَّهِ وَ<tajweed class=ham_wasl>ٱ</tajweed>عْبُدُو<tajweed class=slnt>اْ</tajweed> ۩ <span class=end>٦٢</span>","End":"٦٢","PageNumber":528,"JuzNumber":27,"ManzilNumber":7,"RukuNumber":462,"MaqraNumber":211,"HizbNumber":53,"HizbDecimal":0.5,"HasSajda":true}]}