{"RukuNumber":236,"Verses":[{"SurahNumber":16,"SurahIndex":"016","VerseNumber":90,"ShowSurahName":false,"ShowBismillah":false,"Text":"۞إِنَّ ٱللَّهَ يَأۡمُرُ بِٱلۡعَدۡلِ وَٱلۡإِحۡسَٰنِ وَإِيتَآيِٕ ذِي ٱلۡقُرۡبَىٰ وَيَنۡهَىٰ عَنِ ٱلۡفَحۡشَآءِ وَٱلۡمُنكَرِ وَٱلۡبَغۡيِۚ يَعِظُكُمۡ لَعَلَّكُمۡ تَذَكَّرُونَ","TajweedText":"۞ إِ<tajweed class=ghunnah>نّ</tajweed>َ <tajweed class=ham_wasl>ٱ</tajweed>للَّهَ يَأْمُرُ بِ<tajweed class=ham_wasl>ٱ</tajweed>لْعَ<tajweed class=qalaqah>دْ</tajweed>لِ وَ<tajweed class=ham_wasl>ٱ</tajweed>لْإِحْسَ<tajweed class=madda_normal>ـٰ</tajweed>نِ وَإِيتَآىِٕ ذِى <tajweed class=ham_wasl>ٱ</tajweed>لْقُرْبَىٰ وَيَنْهَىٰ عَنِ <tajweed class=ham_wasl>ٱ</tajweed>لْفَحْش<tajweed class=madda_obligatory>َا</tajweed>ٓءِ وَ<tajweed class=ham_wasl>ٱ</tajweed>لْمُ<tajweed class=ikhafa>نك</tajweed>َرِ وَ<tajweed class=ham_wasl>ٱ</tajweed>لْبَغْىِ‌ۚ يَعِظُكُمْ لَعَلَّكُمْ تَذَكَّر<tajweed class=madda_permissible>ُو</tajweed>نَ <span class=end>٩٠</span>","End":"٩٠","PageNumber":277,"JuzNumber":14,"ManzilNumber":3,"RukuNumber":236,"MaqraNumber":111,"HizbNumber":28,"HizbDecimal":0.5,"HasSajda":false},{"SurahNumber":16,"SurahIndex":"016","VerseNumber":91,"ShowSurahName":false,"ShowBismillah":false,"Text":"وَأَوۡفُواْ بِعَهۡدِ ٱللَّهِ إِذَا عَٰهَدتُّمۡ وَلَا تَنقُضُواْ ٱلۡأَيۡمَٰنَ بَعۡدَ تَوۡكِيدِهَا وَقَدۡ جَعَلۡتُمُ ٱللَّهَ عَلَيۡكُمۡ كَفِيلًاۚ إِنَّ ٱللَّهَ يَعۡلَمُ مَا تَفۡعَلُونَ","TajweedText":"وَأَوْفُو<tajweed class=slnt>اْ</tajweed> بِعَهْدِ <tajweed class=ham_wasl>ٱ</tajweed>للَّهِ إِذَا عَ<tajweed class=madda_normal>ـٰ</tajweed>هَ<tajweed class=idgham_mutajanisayn>د</tajweed>تُّمْ وَلَا تَ<tajweed class=ikhafa>نق</tajweed>ُضُو<tajweed class=slnt>اْ</tajweed> <tajweed class=ham_wasl>ٱ</tajweed>لْأَيْمَ<tajweed class=madda_normal>ـٰ</tajweed>نَ بَعْدَ تَوْكِيدِهَا وَقَ<tajweed class=qalaqah>دْ</tajweed> جَعَلْتُمُ <tajweed class=ham_wasl>ٱ</tajweed>للَّهَ عَلَيْكُمْ كَفِيلاً‌ۚ إِ<tajweed class=ghunnah>نّ</tajweed>َ <tajweed class=ham_wasl>ٱ</tajweed>للَّهَ يَعْلَمُ مَا تَفْعَل<tajweed class=madda_permissible>ُو</tajweed>نَ <span class=end>٩١</span>","End":"٩١","PageNumber":277,"JuzNumber":14,"ManzilNumber":3,"RukuNumber":236,"MaqraNumber":111,"HizbNumber":28,"HizbDecimal":0.5,"HasSajda":false},{"SurahNumber":16,"SurahIndex":"016","VerseNumber":92,"ShowSurahName":false,"ShowBismillah":false,"Text":"وَلَا تَكُونُواْ كَٱلَّتِي نَقَضَتۡ غَزۡلَهَا مِنۢ بَعۡدِ قُوَّةٍ أَنكَٰثٗا تَتَّخِذُونَ أَيۡمَٰنَكُمۡ دَخَلَۢا بَيۡنَكُمۡ أَن تَكُونَ أُمَّةٌ هِيَ أَرۡبَىٰ مِنۡ أُمَّةٍۚ إِنَّمَا يَبۡلُوكُمُ ٱللَّهُ بِهِۦۚ وَلَيُبَيِّنَنَّ لَكُمۡ يَوۡمَ ٱلۡقِيَٰمَةِ مَا كُنتُمۡ فِيهِ تَخۡتَلِفُونَ","TajweedText":"وَلَا تَكُونُو<tajweed class=slnt>اْ</tajweed> كَ<tajweed class=ham_wasl>ٱ</tajweed>لَّتِى نَقَضَتْ غَزْلَهَا م<tajweed class=iqlab>ِنۢ ب</tajweed>َعْدِ قُوَّةٍ أَ<tajweed class=ikhafa>نك</tajweed>َ<tajweed class=madda_normal>ـٰ</tajweed><tajweed class=ikhafa>ثًا ت</tajweed>َتَّخِذُونَ أَيْمَ<tajweed class=madda_normal>ـٰ</tajweed>نَكُمْ دَخَل<tajweed class=iqlab>اَۢ ب</tajweed>َيْنَكُمْ أَ<tajweed class=ikhafa>ن ت</tajweed>َكُونَ أُ<tajweed class=ghunnah>مّ</tajweed>َةٌ هِىَ أَرْبَىٰ مِنْ أُ<tajweed class=ghunnah>مّ</tajweed>َةٍ‌ۚ إِ<tajweed class=ghunnah>نّ</tajweed>َمَا يَ<tajweed class=qalaqah>بْ</tajweed>لُوكُمُ <tajweed class=ham_wasl>ٱ</tajweed>للَّهُ بِه<tajweed class=madda_normal>ِۦ</tajweed>‌ۚ وَلَيُبَيِّنَ<tajweed class=ghunnah>نّ</tajweed>َ لَكُمْ يَوْمَ <tajweed class=ham_wasl>ٱ</tajweed>لْقِيَ<tajweed class=madda_normal>ـٰ</tajweed>مَةِ مَا كُ<tajweed class=ikhafa>نت</tajweed>ُمْ فِيهِ تَخْتَلِف<tajweed class=madda_permissible>ُو</tajweed>نَ <span class=end>٩٢</span>","End":"٩٢","PageNumber":277,"JuzNumber":14,"ManzilNumber":3,"RukuNumber":236,"MaqraNumber":111,"HizbNumber":28,"HizbDecimal":0.5,"HasSajda":false},{"SurahNumber":16,"SurahIndex":"016","VerseNumber":93,"ShowSurahName":false,"ShowBismillah":false,"Text":"وَلَوۡ شَآءَ ٱللَّهُ لَجَعَلَكُمۡ أُمَّةٗ وَٰحِدَةٗ وَلَٰكِن يُضِلُّ مَن يَشَآءُ وَيَهۡدِي مَن يَشَآءُۚ وَلَتُسۡـَٔلُنَّ عَمَّا كُنتُمۡ تَعۡمَلُونَ","TajweedText":"وَلَوْ ش<tajweed class=madda_obligatory>َا</tajweed>ٓءَ <tajweed class=ham_wasl>ٱ</tajweed>للَّهُ لَجَعَلَكُمْ أُ<tajweed class=ghunnah>مّ</tajweed>َ<tajweed class=idgham_ghunnah>ةً و</tajweed><tajweed class=madda_normal>َٲ</tajweed>حِدَ<tajweed class=idgham_ghunnah>ةً و</tajweed>َلَ<tajweed class=madda_normal>ـٰ</tajweed>ك<tajweed class=idgham_ghunnah>ِن ي</tajweed>ُضِلُّ م<tajweed class=idgham_ghunnah>َن ي</tajweed>َش<tajweed class=madda_obligatory>َا</tajweed>ٓءُ وَيَهْدِى م<tajweed class=idgham_ghunnah>َن ي</tajweed>َش<tajweed class=madda_obligatory>َا</tajweed>ٓءُ‌ۚ وَلَتُسْــَٔلُ<tajweed class=ghunnah>نّ</tajweed>َ عَ<tajweed class=ghunnah>مّ</tajweed>َا كُ<tajweed class=ikhafa>نت</tajweed>ُمْ تَعْمَل<tajweed class=madda_permissible>ُو</tajweed>نَ <span class=end>٩٣</span>","End":"٩٣","PageNumber":277,"JuzNumber":14,"ManzilNumber":3,"RukuNumber":236,"MaqraNumber":111,"HizbNumber":28,"HizbDecimal":0.5,"HasSajda":false},{"SurahNumber":16,"SurahIndex":"016","VerseNumber":94,"ShowSurahName":false,"ShowBismillah":false,"Text":"وَلَا تَتَّخِذُوٓاْ أَيۡمَٰنَكُمۡ دَخَلَۢا بَيۡنَكُمۡ فَتَزِلَّ قَدَمُۢ بَعۡدَ ثُبُوتِهَا وَتَذُوقُواْ ٱلسُّوٓءَ بِمَا صَدَدتُّمۡ عَن سَبِيلِ ٱللَّهِ وَلَكُمۡ عَذَابٌ عَظِيمٞ","TajweedText":"وَلَا تَتَّخِذ<tajweed class=madda_obligatory>ُوٓ</tajweed><tajweed class=slnt>اْ</tajweed> أَيْمَ<tajweed class=madda_normal>ـٰ</tajweed>نَكُمْ دَخَل<tajweed class=iqlab>اَۢ ب</tajweed>َيْنَكُمْ فَتَزِلَّ قَدَ<tajweed class=iqlab>مُۢ ب</tajweed>َعْدَ ثُبُوتِهَا وَتَذُوقُو<tajweed class=slnt>اْ</tajweed> <tajweed class=ham_wasl>ٱ</tajweed><tajweed class=laam_shamsiyah>ل</tajweed>سّ<tajweed class=madda_obligatory>ُو</tajweed>ٓءَ بِمَا صَدَ<tajweed class=idgham_mutajanisayn>د</tajweed>تُّمْ عَ<tajweed class=ikhafa>ن س</tajweed>َبِيلِ <tajweed class=ham_wasl>ٱ</tajweed>للَّهِ‌ۖ وَلَكُمْ عَذَابٌ عَظ<tajweed class=madda_permissible>ِي</tajweed>مٌ <span class=end>٩٤</span>","End":"٩٤","PageNumber":278,"JuzNumber":14,"ManzilNumber":3,"RukuNumber":236,"MaqraNumber":111,"HizbNumber":28,"HizbDecimal":0.5,"HasSajda":false},{"SurahNumber":16,"SurahIndex":"016","VerseNumber":95,"ShowSurahName":false,"ShowBismillah":false,"Text":"وَلَا تَشۡتَرُواْ بِعَهۡدِ ٱللَّهِ ثَمَنٗا قَلِيلًاۚ إِنَّمَا عِندَ ٱللَّهِ هُوَ خَيۡرٞ لَّكُمۡ إِن كُنتُمۡ تَعۡلَمُونَ","TajweedText":"وَلَا تَشْتَرُو<tajweed class=slnt>اْ</tajweed> بِعَهْدِ <tajweed class=ham_wasl>ٱ</tajweed>للَّهِ ثَمَ<tajweed class=ikhafa>نًا ق</tajweed>َلِيلاً‌ۚ إِ<tajweed class=ghunnah>نّ</tajweed>َمَا عِ<tajweed class=ikhafa>ند</tajweed>َ <tajweed class=ham_wasl>ٱ</tajweed>للَّهِ هُوَ خَيْ<tajweed class=idgham_wo_ghunnah>رٌ ل</tajweed>َّكُمْ إِ<tajweed class=ikhafa>ن ك</tajweed>ُ<tajweed class=ikhafa>نت</tajweed>ُمْ تَعْلَم<tajweed class=madda_permissible>ُو</tajweed>نَ <span class=end>٩٥</span>","End":"٩٥","PageNumber":278,"JuzNumber":14,"ManzilNumber":3,"RukuNumber":236,"MaqraNumber":111,"HizbNumber":28,"HizbDecimal":0.5,"HasSajda":false},{"SurahNumber":16,"SurahIndex":"016","VerseNumber":96,"ShowSurahName":false,"ShowBismillah":false,"Text":"مَا عِندَكُمۡ يَنفَدُ وَمَا عِندَ ٱللَّهِ بَاقٖۗ وَلَنَجۡزِيَنَّ ٱلَّذِينَ صَبَرُوٓاْ أَجۡرَهُم بِأَحۡسَنِ مَا كَانُواْ يَعۡمَلُونَ","TajweedText":"مَا عِ<tajweed class=ikhafa>ند</tajweed>َكُمْ يَ<tajweed class=ikhafa>نف</tajweed>َدُ‌ۖ وَمَا عِ<tajweed class=ikhafa>ند</tajweed>َ <tajweed class=ham_wasl>ٱ</tajweed>للَّهِ بَا<tajweed class=idgham_ghunnah>قٍ‌ۗ و</tajweed>َلَنَ<tajweed class=qalaqah>جْ</tajweed>زِيَ<tajweed class=ghunnah>نّ</tajweed>َ <tajweed class=ham_wasl>ٱ</tajweed>لَّذِينَ صَبَر<tajweed class=madda_obligatory>ُوٓ</tajweed><tajweed class=slnt>اْ</tajweed> أَ<tajweed class=qalaqah>جْ</tajweed>رَه<tajweed class=ikhafa_shafawi>ُم ب</tajweed>ِأَحْسَنِ مَا كَانُو<tajweed class=slnt>اْ</tajweed> يَعْمَل<tajweed class=madda_permissible>ُو</tajweed>نَ <span class=end>٩٦</span>","End":"٩٦","PageNumber":278,"JuzNumber":14,"ManzilNumber":3,"RukuNumber":236,"MaqraNumber":111,"HizbNumber":28,"HizbDecimal":0.5,"HasSajda":false},{"SurahNumber":16,"SurahIndex":"016","VerseNumber":97,"ShowSurahName":false,"ShowBismillah":false,"Text":"مَنۡ عَمِلَ صَٰلِحٗا مِّن ذَكَرٍ أَوۡ أُنثَىٰ وَهُوَ مُؤۡمِنٞ فَلَنُحۡيِيَنَّهُۥ حَيَوٰةٗ طَيِّبَةٗۖ وَلَنَجۡزِيَنَّهُمۡ أَجۡرَهُم بِأَحۡسَنِ مَا كَانُواْ يَعۡمَلُونَ","TajweedText":"مَنْ عَمِلَ صَ<tajweed class=madda_normal>ـٰ</tajweed>لِ<tajweed class=idgham_ghunnah>حًا م</tajweed>ِّ<tajweed class=ikhafa>ن ذ</tajweed>َكَرٍ أَوْ أُ<tajweed class=ikhafa>نث</tajweed>َىٰ وَهُوَ مُؤْمِ<tajweed class=ikhafa>نٌ ف</tajweed>َلَنُحْيِيَ<tajweed class=ghunnah>نّ</tajweed>َهُ<tajweed class=madda_normal>ۥ</tajweed> حَيَ<tajweed class=slnt>و</tajweed><tajweed class=madda_normal>ٲ</tajweed><tajweed class=ikhafa>ةً ط</tajweed>َيِّبَ<tajweed class=idgham_ghunnah>ةً‌ۖ و</tajweed>َلَنَ<tajweed class=qalaqah>جْ</tajweed>زِيَ<tajweed class=ghunnah>نّ</tajweed>َهُمْ أَ<tajweed class=qalaqah>جْ</tajweed>رَه<tajweed class=ikhafa_shafawi>ُم ب</tajweed>ِأَحْسَنِ مَا كَانُو<tajweed class=slnt>اْ</tajweed> يَعْمَل<tajweed class=madda_permissible>ُو</tajweed>نَ <span class=end>٩٧</span>","End":"٩٧","PageNumber":278,"JuzNumber":14,"ManzilNumber":3,"RukuNumber":236,"MaqraNumber":111,"HizbNumber":28,"HizbDecimal":0.5,"HasSajda":false},{"SurahNumber":16,"SurahIndex":"016","VerseNumber":98,"ShowSurahName":false,"ShowBismillah":false,"Text":"فَإِذَا قَرَأۡتَ ٱلۡقُرۡءَانَ فَٱسۡتَعِذۡ بِٱللَّهِ مِنَ ٱلشَّيۡطَٰنِ ٱلرَّجِيمِ","TajweedText":"فَإِذَا قَرَأْتَ <tajweed class=ham_wasl>ٱ</tajweed>لْقُرْءَانَ فَ<tajweed class=ham_wasl>ٱ</tajweed>سْتَعِذْ بِ<tajweed class=ham_wasl>ٱ</tajweed>للَّهِ مِنَ <tajweed class=ham_wasl>ٱ</tajweed><tajweed class=laam_shamsiyah>ل</tajweed>شَّيْطَ<tajweed class=madda_normal>ـٰ</tajweed>نِ <tajweed class=ham_wasl>ٱ</tajweed><tajweed class=laam_shamsiyah>ل</tajweed>رَّج<tajweed class=madda_permissible>ِي</tajweed>مِ <span class=end>٩٨</span>","End":"٩٨","PageNumber":278,"JuzNumber":14,"ManzilNumber":3,"RukuNumber":236,"MaqraNumber":111,"HizbNumber":28,"HizbDecimal":0.5,"HasSajda":false},{"SurahNumber":16,"SurahIndex":"016","VerseNumber":99,"ShowSurahName":false,"ShowBismillah":false,"Text":"إِنَّهُۥ لَيۡسَ لَهُۥ سُلۡطَٰنٌ عَلَى ٱلَّذِينَ ءَامَنُواْ وَعَلَىٰ رَبِّهِمۡ يَتَوَكَّلُونَ","TajweedText":"إِ<tajweed class=ghunnah>نّ</tajweed>َهُ<tajweed class=madda_normal>ۥ</tajweed> لَيْسَ لَهُ<tajweed class=madda_normal>ۥ</tajweed> سُلْطَ<tajweed class=madda_normal>ـٰ</tajweed>نٌ عَلَى <tajweed class=ham_wasl>ٱ</tajweed>لَّذِينَ ءَامَنُو<tajweed class=slnt>اْ</tajweed> وَعَلَىٰ رَبِّهِمْ يَتَوَكَّل<tajweed class=madda_permissible>ُو</tajweed>نَ <span class=end>٩٩</span>","End":"٩٩","PageNumber":278,"JuzNumber":14,"ManzilNumber":3,"RukuNumber":236,"MaqraNumber":111,"HizbNumber":28,"HizbDecimal":0.5,"HasSajda":false},{"SurahNumber":16,"SurahIndex":"016","VerseNumber":100,"ShowSurahName":false,"ShowBismillah":false,"Text":"إِنَّمَا سُلۡطَٰنُهُۥ عَلَى ٱلَّذِينَ يَتَوَلَّوۡنَهُۥ وَٱلَّذِينَ هُم بِهِۦ مُشۡرِكُونَ","TajweedText":"إِ<tajweed class=ghunnah>نّ</tajweed>َمَا سُلْطَ<tajweed class=madda_normal>ـٰ</tajweed>نُهُ<tajweed class=madda_normal>ۥ</tajweed> عَلَى <tajweed class=ham_wasl>ٱ</tajweed>لَّذِينَ يَتَوَلَّوْنَهُ<tajweed class=madda_normal>ۥ</tajweed> وَ<tajweed class=ham_wasl>ٱ</tajweed>لَّذِينَ ه<tajweed class=ikhafa_shafawi>ُم ب</tajweed>ِه<tajweed class=madda_normal>ِۦ</tajweed> مُشْرِك<tajweed class=madda_permissible>ُو</tajweed>نَ <span class=end>١٠٠</span>","End":"١٠٠","PageNumber":278,"JuzNumber":14,"ManzilNumber":3,"RukuNumber":236,"MaqraNumber":111,"HizbNumber":28,"HizbDecimal":0.5,"HasSajda":false}]}