{"RukuNumber":179,"Verses":[{"SurahNumber":10,"SurahIndex":"010","VerseNumber":71,"ShowSurahName":false,"ShowBismillah":false,"Text":"۞وَٱتۡلُ عَلَيۡهِمۡ نَبَأَ نُوحٍ إِذۡ قَالَ لِقَوۡمِهِۦ يَٰقَوۡمِ إِن كَانَ كَبُرَ عَلَيۡكُم مَّقَامِي وَتَذۡكِيرِي بِـَٔايَٰتِ ٱللَّهِ فَعَلَى ٱللَّهِ تَوَكَّلۡتُ فَأَجۡمِعُوٓاْ أَمۡرَكُمۡ وَشُرَكَآءَكُمۡ ثُمَّ لَا يَكُنۡ أَمۡرُكُمۡ عَلَيۡكُمۡ غُمَّةٗ ثُمَّ ٱقۡضُوٓاْ إِلَيَّ وَلَا تُنظِرُونِ","TajweedText":"۞ وَ<tajweed class=ham_wasl>ٱ</tajweed>تْلُ عَلَيْهِمْ نَبَأَ نُوحٍ إِذْ قَالَ لِقَوْمِه<tajweed class=madda_normal>ِۦ</tajweed> يَ<tajweed class=madda_normal>ـٰ</tajweed>قَوْمِ إِ<tajweed class=ikhafa>ن ك</tajweed>َانَ كَبُرَ عَلَيْك<tajweed class=idgham_shafawi>ُم م</tajweed>َّقَامِى وَتَذْكِيرِى بِـَٔـايَ<tajweed class=madda_normal>ـٰ</tajweed>تِ <tajweed class=ham_wasl>ٱ</tajweed>للَّهِ فَعَلَى <tajweed class=ham_wasl>ٱ</tajweed>للَّهِ تَوَكَّلْتُ فَأَ<tajweed class=qalaqah>جْ</tajweed>مِع<tajweed class=madda_obligatory>ُوٓ</tajweed><tajweed class=slnt>اْ</tajweed> أَمْرَكُمْ وَشُرَك<tajweed class=madda_obligatory>َا</tajweed>ٓءَكُمْ ثُ<tajweed class=ghunnah>مّ</tajweed>َ لَا يَكُنْ أَمْرُكُمْ عَلَيْكُمْ غُ<tajweed class=ghunnah>مّ</tajweed>َ<tajweed class=ikhafa>ةً ث</tajweed>ُ<tajweed class=ghunnah>مّ</tajweed>َ <tajweed class=ham_wasl>ٱ</tajweed><tajweed class=qalaqah>قْ</tajweed>ض<tajweed class=madda_obligatory>ُوٓ</tajweed><tajweed class=slnt>اْ</tajweed> إِلَىَّ وَلَا تُ<tajweed class=ikhafa>نظ</tajweed>ِر<tajweed class=madda_permissible>ُو</tajweed>نِ <span class=end>٧١</span>","End":"٧١","PageNumber":217,"JuzNumber":11,"ManzilNumber":3,"RukuNumber":179,"MaqraNumber":87,"HizbNumber":22,"HizbDecimal":0.5,"HasSajda":false},{"SurahNumber":10,"SurahIndex":"010","VerseNumber":72,"ShowSurahName":false,"ShowBismillah":false,"Text":"فَإِن تَوَلَّيۡتُمۡ فَمَا سَأَلۡتُكُم مِّنۡ أَجۡرٍۖ إِنۡ أَجۡرِيَ إِلَّا عَلَى ٱللَّهِۖ وَأُمِرۡتُ أَنۡ أَكُونَ مِنَ ٱلۡمُسۡلِمِينَ","TajweedText":"فَإِ<tajweed class=ikhafa>ن ت</tajweed>َوَلَّيْتُمْ فَمَا سَأَلْتُك<tajweed class=idgham_shafawi>ُم م</tajweed>ِّنْ أَ<tajweed class=qalaqah>جْ</tajweed>رٍ‌ۖ إِنْ أَ<tajweed class=qalaqah>جْ</tajweed>رِىَ إِلَّا عَلَى <tajweed class=ham_wasl>ٱ</tajweed>للَّهِ‌ۖ وَأُمِرْتُ أَنْ أَكُونَ مِنَ <tajweed class=ham_wasl>ٱ</tajweed>لْمُسْلِم<tajweed class=madda_permissible>ِي</tajweed>نَ <span class=end>٧٢</span>","End":"٧٢","PageNumber":217,"JuzNumber":11,"ManzilNumber":3,"RukuNumber":179,"MaqraNumber":87,"HizbNumber":22,"HizbDecimal":0.5,"HasSajda":false},{"SurahNumber":10,"SurahIndex":"010","VerseNumber":73,"ShowSurahName":false,"ShowBismillah":false,"Text":"فَكَذَّبُوهُ فَنَجَّيۡنَٰهُ وَمَن مَّعَهُۥ فِي ٱلۡفُلۡكِ وَجَعَلۡنَٰهُمۡ خَلَـٰٓئِفَ وَأَغۡرَقۡنَا ٱلَّذِينَ كَذَّبُواْ بِـَٔايَٰتِنَاۖ فَٱنظُرۡ كَيۡفَ كَانَ عَٰقِبَةُ ٱلۡمُنذَرِينَ","TajweedText":"فَكَذَّبُوهُ فَنَجَّيْنَ<tajweed class=madda_normal>ـٰ</tajweed>هُ وَم<tajweed class=idgham_ghunnah>َن م</tajweed>َّعَهُ<tajweed class=madda_normal>ۥ</tajweed> فِى <tajweed class=ham_wasl>ٱ</tajweed>لْفُلْكِ وَجَعَلْنَ<tajweed class=madda_normal>ـٰ</tajweed>هُمْ خَلَ<tajweed class=madda_obligatory>ـٰٓ</tajweed>ئِفَ وَأَغْرَ<tajweed class=qalaqah>قْ</tajweed>نَا <tajweed class=ham_wasl>ٱ</tajweed>لَّذِينَ كَذَّبُو<tajweed class=slnt>اْ</tajweed> بِـَٔـايَ<tajweed class=madda_normal>ـٰ</tajweed>تِنَا‌ۖ فَ<tajweed class=ham_wasl>ٱ</tajweed><tajweed class=ikhafa>نظ</tajweed>ُرْ كَيْفَ كَانَ عَ<tajweed class=madda_normal>ـٰ</tajweed>قِبَةُ <tajweed class=ham_wasl>ٱ</tajweed>لْمُ<tajweed class=ikhafa>نذ</tajweed>َر<tajweed class=madda_permissible>ِي</tajweed>نَ <span class=end>٧٣</span>","End":"٧٣","PageNumber":217,"JuzNumber":11,"ManzilNumber":3,"RukuNumber":179,"MaqraNumber":87,"HizbNumber":22,"HizbDecimal":0.5,"HasSajda":false},{"SurahNumber":10,"SurahIndex":"010","VerseNumber":74,"ShowSurahName":false,"ShowBismillah":false,"Text":"ثُمَّ بَعَثۡنَا مِنۢ بَعۡدِهِۦ رُسُلًا إِلَىٰ قَوۡمِهِمۡ فَجَآءُوهُم بِٱلۡبَيِّنَٰتِ فَمَا كَانُواْ لِيُؤۡمِنُواْ بِمَا كَذَّبُواْ بِهِۦ مِن قَبۡلُۚ كَذَٰلِكَ نَطۡبَعُ عَلَىٰ قُلُوبِ ٱلۡمُعۡتَدِينَ","TajweedText":"ثُ<tajweed class=ghunnah>مّ</tajweed>َ بَعَثْنَا م<tajweed class=iqlab>ِنۢ ب</tajweed>َعْدِه<tajweed class=madda_normal>ِۦ</tajweed> رُسُلاً إِلَىٰ قَوْمِهِمْ فَج<tajweed class=madda_obligatory>َا</tajweed>ٓءُوه<tajweed class=ikhafa_shafawi>ُم ب</tajweed>ِ<tajweed class=ham_wasl>ٱ</tajweed>لْبَيِّنَ<tajweed class=madda_normal>ـٰ</tajweed>تِ فَمَا كَانُو<tajweed class=slnt>اْ</tajweed> لِيُؤْمِنُو<tajweed class=slnt>اْ</tajweed> بِمَا كَذَّبُو<tajweed class=slnt>اْ</tajweed> بِه<tajweed class=madda_normal>ِۦ</tajweed> مِ<tajweed class=ikhafa>ن ق</tajweed>َ<tajweed class=qalaqah>بْ</tajweed>لُ‌ۚ كَذ<tajweed class=madda_normal>َٲ</tajweed>لِكَ نَ<tajweed class=qalaqah>طْ</tajweed>بَعُ عَلَىٰ قُلُوبِ <tajweed class=ham_wasl>ٱ</tajweed>لْمُعْتَد<tajweed class=madda_permissible>ِي</tajweed>نَ <span class=end>٧٤</span>","End":"٧٤","PageNumber":217,"JuzNumber":11,"ManzilNumber":3,"RukuNumber":179,"MaqraNumber":87,"HizbNumber":22,"HizbDecimal":0.5,"HasSajda":false},{"SurahNumber":10,"SurahIndex":"010","VerseNumber":75,"ShowSurahName":false,"ShowBismillah":false,"Text":"ثُمَّ بَعَثۡنَا مِنۢ بَعۡدِهِم مُّوسَىٰ وَهَٰرُونَ إِلَىٰ فِرۡعَوۡنَ وَمَلَإِيْهِۦ بِـَٔايَٰتِنَا فَٱسۡتَكۡبَرُواْ وَكَانُواْ قَوۡمٗا مُّجۡرِمِينَ","TajweedText":"ثُ<tajweed class=ghunnah>مّ</tajweed>َ بَعَثْنَا م<tajweed class=iqlab>ِنۢ ب</tajweed>َعْدِه<tajweed class=idgham_shafawi>ِم م</tajweed>ُّوسَىٰ وَهَ<tajweed class=madda_normal>ـٰ</tajweed>رُونَ إِلَىٰ فِرْعَوْنَ وَمَلَإِ<tajweed class=slnt>يْ</tajweed>ه<tajweed class=madda_normal>ِۦ</tajweed> بِـَٔـايَ<tajweed class=madda_normal>ـٰ</tajweed>تِنَا فَ<tajweed class=ham_wasl>ٱ</tajweed>سْتَكْبَرُو<tajweed class=slnt>اْ</tajweed> وَكَانُو<tajweed class=slnt>اْ</tajweed> قَوْ<tajweed class=idgham_ghunnah>مًا م</tajweed>ُّ<tajweed class=qalaqah>جْ</tajweed>رِم<tajweed class=madda_permissible>ِي</tajweed>نَ <span class=end>٧٥</span>","End":"٧٥","PageNumber":217,"JuzNumber":11,"ManzilNumber":3,"RukuNumber":179,"MaqraNumber":87,"HizbNumber":22,"HizbDecimal":0.5,"HasSajda":false},{"SurahNumber":10,"SurahIndex":"010","VerseNumber":76,"ShowSurahName":false,"ShowBismillah":false,"Text":"فَلَمَّا جَآءَهُمُ ٱلۡحَقُّ مِنۡ عِندِنَا قَالُوٓاْ إِنَّ هَٰذَا لَسِحۡرٞ مُّبِينٞ","TajweedText":"فَلَ<tajweed class=ghunnah>مّ</tajweed>َا ج<tajweed class=madda_obligatory>َا</tajweed>ٓءَهُمُ <tajweed class=ham_wasl>ٱ</tajweed>لْحَقُّ مِنْ عِ<tajweed class=ikhafa>ند</tajweed>ِنَا قَال<tajweed class=madda_obligatory>ُوٓ</tajweed><tajweed class=slnt>اْ</tajweed> إِ<tajweed class=ghunnah>نّ</tajweed>َ هَ<tajweed class=madda_normal>ـٰ</tajweed>ذَا لَسِحْ<tajweed class=idgham_ghunnah>رٌ م</tajweed>ُّب<tajweed class=madda_permissible>ِي</tajweed>نٌ <span class=end>٧٦</span>","End":"٧٦","PageNumber":217,"JuzNumber":11,"ManzilNumber":3,"RukuNumber":179,"MaqraNumber":87,"HizbNumber":22,"HizbDecimal":0.5,"HasSajda":false},{"SurahNumber":10,"SurahIndex":"010","VerseNumber":77,"ShowSurahName":false,"ShowBismillah":false,"Text":"قَالَ مُوسَىٰٓ أَتَقُولُونَ لِلۡحَقِّ لَمَّا جَآءَكُمۡۖ أَسِحۡرٌ هَٰذَا وَلَا يُفۡلِحُ ٱلسَّـٰحِرُونَ","TajweedText":"قَالَ مُوسَ<tajweed class=madda_obligatory>ىٰٓ</tajweed> أَتَقُولُونَ لِلْحَقِّ لَ<tajweed class=ghunnah>مّ</tajweed>َا ج<tajweed class=madda_obligatory>َا</tajweed>ٓءَكُمْ‌ۖ أَسِحْرٌ هَ<tajweed class=madda_normal>ـٰ</tajweed>ذَا وَلَا يُفْلِحُ <tajweed class=ham_wasl>ٱ</tajweed><tajweed class=laam_shamsiyah>ل</tajweed>سَّ<tajweed class=madda_normal>ـٰ</tajweed>حِر<tajweed class=madda_permissible>ُو</tajweed>نَ <span class=end>٧٧</span>","End":"٧٧","PageNumber":217,"JuzNumber":11,"ManzilNumber":3,"RukuNumber":179,"MaqraNumber":87,"HizbNumber":22,"HizbDecimal":0.5,"HasSajda":false},{"SurahNumber":10,"SurahIndex":"010","VerseNumber":78,"ShowSurahName":false,"ShowBismillah":false,"Text":"قَالُوٓاْ أَجِئۡتَنَا لِتَلۡفِتَنَا عَمَّا وَجَدۡنَا عَلَيۡهِ ءَابَآءَنَا وَتَكُونَ لَكُمَا ٱلۡكِبۡرِيَآءُ فِي ٱلۡأَرۡضِ وَمَا نَحۡنُ لَكُمَا بِمُؤۡمِنِينَ","TajweedText":"قَال<tajweed class=madda_obligatory>ُوٓ</tajweed><tajweed class=slnt>اْ</tajweed> أَجِئْتَنَا لِتَلْفِتَنَا عَ<tajweed class=ghunnah>مّ</tajweed>َا وَجَ<tajweed class=qalaqah>دْ</tajweed>نَا عَلَيْهِ ءَاب<tajweed class=madda_obligatory>َا</tajweed>ٓءَنَا وَتَكُونَ لَكُمَا <tajweed class=ham_wasl>ٱ</tajweed>لْكِ<tajweed class=qalaqah>بْ</tajweed>رِي<tajweed class=madda_obligatory>َا</tajweed>ٓءُ فِى <tajweed class=ham_wasl>ٱ</tajweed>لْأَرْضِ وَمَا نَحْنُ لَكُمَا بِمُؤْمِن<tajweed class=madda_permissible>ِي</tajweed>نَ <span class=end>٧٨</span>","End":"٧٨","PageNumber":217,"JuzNumber":11,"ManzilNumber":3,"RukuNumber":179,"MaqraNumber":87,"HizbNumber":22,"HizbDecimal":0.5,"HasSajda":false},{"SurahNumber":10,"SurahIndex":"010","VerseNumber":79,"ShowSurahName":false,"ShowBismillah":false,"Text":"وَقَالَ فِرۡعَوۡنُ ٱئۡتُونِي بِكُلِّ سَٰحِرٍ عَلِيمٖ","TajweedText":"وَقَالَ فِرْعَوْنُ <tajweed class=ham_wasl>ٱ</tajweed>ئْتُونِى بِكُلِّ سَ<tajweed class=madda_normal>ـٰ</tajweed>حِرٍ عَل<tajweed class=madda_permissible>ِي</tajweed>مٍ <span class=end>٧٩</span>","End":"٧٩","PageNumber":218,"JuzNumber":11,"ManzilNumber":3,"RukuNumber":179,"MaqraNumber":87,"HizbNumber":22,"HizbDecimal":0.5,"HasSajda":false},{"SurahNumber":10,"SurahIndex":"010","VerseNumber":80,"ShowSurahName":false,"ShowBismillah":false,"Text":"فَلَمَّا جَآءَ ٱلسَّحَرَةُ قَالَ لَهُم مُّوسَىٰٓ أَلۡقُواْ مَآ أَنتُم مُّلۡقُونَ","TajweedText":"فَلَ<tajweed class=ghunnah>مّ</tajweed>َا ج<tajweed class=madda_obligatory>َا</tajweed>ٓءَ <tajweed class=ham_wasl>ٱ</tajweed><tajweed class=laam_shamsiyah>ل</tajweed>سَّحَرَةُ قَالَ لَه<tajweed class=idgham_shafawi>ُم م</tajweed>ُّوسَ<tajweed class=madda_obligatory>ىٰٓ</tajweed> أَلْقُو<tajweed class=slnt>اْ</tajweed> م<tajweed class=madda_obligatory>َآ</tajweed> أَ<tajweed class=ikhafa>نت</tajweed><tajweed class=idgham_shafawi>ُم م</tajweed>ُّلْق<tajweed class=madda_permissible>ُو</tajweed>نَ <span class=end>٨٠</span>","End":"٨٠","PageNumber":218,"JuzNumber":11,"ManzilNumber":3,"RukuNumber":179,"MaqraNumber":87,"HizbNumber":22,"HizbDecimal":0.5,"HasSajda":false},{"SurahNumber":10,"SurahIndex":"010","VerseNumber":81,"ShowSurahName":false,"ShowBismillah":false,"Text":"فَلَمَّآ أَلۡقَوۡاْ قَالَ مُوسَىٰ مَا جِئۡتُم بِهِ ٱلسِّحۡرُۖ إِنَّ ٱللَّهَ سَيُبۡطِلُهُۥٓ إِنَّ ٱللَّهَ لَا يُصۡلِحُ عَمَلَ ٱلۡمُفۡسِدِينَ","TajweedText":"فَلَ<tajweed class=ghunnah>مّ</tajweed><tajweed class=madda_obligatory>َآ</tajweed> أَلْقَوْ<tajweed class=slnt>اْ</tajweed> قَالَ مُوسَىٰ مَا جِئْت<tajweed class=ikhafa_shafawi>ُم ب</tajweed>ِهِ <tajweed class=ham_wasl>ٱ</tajweed><tajweed class=laam_shamsiyah>ل</tajweed>سِّحْرُ‌ۖ إِ<tajweed class=ghunnah>نّ</tajweed>َ <tajweed class=ham_wasl>ٱ</tajweed>للَّهَ سَيُ<tajweed class=qalaqah>بْ</tajweed>طِلُهُ<tajweed class=madda_obligatory>ۥٓ‌ۖ</tajweed> إِ<tajweed class=ghunnah>نّ</tajweed>َ <tajweed class=ham_wasl>ٱ</tajweed>للَّهَ لَا يُصْلِحُ عَمَلَ <tajweed class=ham_wasl>ٱ</tajweed>لْمُفْسِد<tajweed class=madda_permissible>ِي</tajweed>نَ <span class=end>٨١</span>","End":"٨١","PageNumber":218,"JuzNumber":11,"ManzilNumber":3,"RukuNumber":179,"MaqraNumber":87,"HizbNumber":22,"HizbDecimal":0.5,"HasSajda":false},{"SurahNumber":10,"SurahIndex":"010","VerseNumber":82,"ShowSurahName":false,"ShowBismillah":false,"Text":"وَيُحِقُّ ٱللَّهُ ٱلۡحَقَّ بِكَلِمَٰتِهِۦ وَلَوۡ كَرِهَ ٱلۡمُجۡرِمُونَ","TajweedText":"وَيُحِقُّ <tajweed class=ham_wasl>ٱ</tajweed>للَّهُ <tajweed class=ham_wasl>ٱ</tajweed>لْحَقَّ بِكَلِمَ<tajweed class=madda_normal>ـٰ</tajweed>تِه<tajweed class=madda_normal>ِۦ</tajweed> وَلَوْ كَرِهَ <tajweed class=ham_wasl>ٱ</tajweed>لْمُ<tajweed class=qalaqah>جْ</tajweed>رِم<tajweed class=madda_permissible>ُو</tajweed>نَ <span class=end>٨٢</span>","End":"٨٢","PageNumber":218,"JuzNumber":11,"ManzilNumber":3,"RukuNumber":179,"MaqraNumber":87,"HizbNumber":22,"HizbDecimal":0.5,"HasSajda":false}]}