{"RukuNumber":498,"Verses":[{"SurahNumber":68,"SurahIndex":"068","VerseNumber":1,"ShowSurahName":true,"ShowBismillah":true,"Text":"نٓۚ وَٱلۡقَلَمِ وَمَا يَسۡطُرُونَ","TajweedText":"<tajweed class=madda_necessary>نٓ</tajweed>‌ۚ وَ<tajweed class=ham_wasl>ٱ</tajweed>لْقَلَمِ وَمَا يَسْطُر<tajweed class=madda_permissible>ُو</tajweed>نَ <span class=end>١</span>","End":"١","PageNumber":564,"JuzNumber":29,"ManzilNumber":7,"RukuNumber":498,"MaqraNumber":226,"HizbNumber":57,"HizbDecimal":0.25,"HasSajda":false},{"SurahNumber":68,"SurahIndex":"068","VerseNumber":2,"ShowSurahName":false,"ShowBismillah":false,"Text":"مَآ أَنتَ بِنِعۡمَةِ رَبِّكَ بِمَجۡنُونٖ","TajweedText":"م<tajweed class=madda_obligatory>َآ</tajweed> أَ<tajweed class=ikhafa>نت</tajweed>َ بِنِعْمَةِ رَبِّكَ بِمَ<tajweed class=qalaqah>جْ</tajweed>ن<tajweed class=madda_permissible>ُو</tajweed>نٍ <span class=end>٢</span>","End":"٢","PageNumber":564,"JuzNumber":29,"ManzilNumber":7,"RukuNumber":498,"MaqraNumber":226,"HizbNumber":57,"HizbDecimal":0.25,"HasSajda":false},{"SurahNumber":68,"SurahIndex":"068","VerseNumber":3,"ShowSurahName":false,"ShowBismillah":false,"Text":"وَإِنَّ لَكَ لَأَجۡرًا غَيۡرَ مَمۡنُونٖ","TajweedText":"وَإِ<tajweed class=ghunnah>نّ</tajweed>َ لَكَ لَأَ<tajweed class=qalaqah>جْ</tajweed>رًا غَيْرَ مَمْن<tajweed class=madda_permissible>ُو</tajweed>نٍ <span class=end>٣</span>","End":"٣","PageNumber":564,"JuzNumber":29,"ManzilNumber":7,"RukuNumber":498,"MaqraNumber":226,"HizbNumber":57,"HizbDecimal":0.25,"HasSajda":false},{"SurahNumber":68,"SurahIndex":"068","VerseNumber":4,"ShowSurahName":false,"ShowBismillah":false,"Text":"وَإِنَّكَ لَعَلَىٰ خُلُقٍ عَظِيمٖ","TajweedText":"وَإِ<tajweed class=ghunnah>نّ</tajweed>َكَ لَعَلَىٰ خُلُقٍ عَظ<tajweed class=madda_permissible>ِي</tajweed>مٍ <span class=end>٤</span>","End":"٤","PageNumber":564,"JuzNumber":29,"ManzilNumber":7,"RukuNumber":498,"MaqraNumber":226,"HizbNumber":57,"HizbDecimal":0.25,"HasSajda":false},{"SurahNumber":68,"SurahIndex":"068","VerseNumber":5,"ShowSurahName":false,"ShowBismillah":false,"Text":"فَسَتُبۡصِرُ وَيُبۡصِرُونَ","TajweedText":"فَسَتُ<tajweed class=qalaqah>بْ</tajweed>صِرُ وَيُ<tajweed class=qalaqah>بْ</tajweed>صِر<tajweed class=madda_permissible>ُو</tajweed>نَ <span class=end>٥</span>","End":"٥","PageNumber":564,"JuzNumber":29,"ManzilNumber":7,"RukuNumber":498,"MaqraNumber":226,"HizbNumber":57,"HizbDecimal":0.25,"HasSajda":false},{"SurahNumber":68,"SurahIndex":"068","VerseNumber":6,"ShowSurahName":false,"ShowBismillah":false,"Text":"بِأَييِّكُمُ ٱلۡمَفۡتُونُ","TajweedText":"بِأَييِّكُمُ <tajweed class=ham_wasl>ٱ</tajweed>لْمَفْت<tajweed class=madda_permissible>ُو</tajweed>نُ <span class=end>٦</span>","End":"٦","PageNumber":564,"JuzNumber":29,"ManzilNumber":7,"RukuNumber":498,"MaqraNumber":226,"HizbNumber":57,"HizbDecimal":0.25,"HasSajda":false},{"SurahNumber":68,"SurahIndex":"068","VerseNumber":7,"ShowSurahName":false,"ShowBismillah":false,"Text":"إِنَّ رَبَّكَ هُوَ أَعۡلَمُ بِمَن ضَلَّ عَن سَبِيلِهِۦ وَهُوَ أَعۡلَمُ بِٱلۡمُهۡتَدِينَ","TajweedText":"إِ<tajweed class=ghunnah>نّ</tajweed>َ رَبَّكَ هُوَ أَعْلَمُ بِمَ<tajweed class=ikhafa>ن ض</tajweed>َلَّ عَ<tajweed class=ikhafa>ن س</tajweed>َبِيلِه<tajweed class=madda_normal>ِۦ</tajweed> وَهُوَ أَعْلَمُ بِ<tajweed class=ham_wasl>ٱ</tajweed>لْمُهْتَد<tajweed class=madda_permissible>ِي</tajweed>نَ <span class=end>٧</span>","End":"٧","PageNumber":564,"JuzNumber":29,"ManzilNumber":7,"RukuNumber":498,"MaqraNumber":226,"HizbNumber":57,"HizbDecimal":0.25,"HasSajda":false},{"SurahNumber":68,"SurahIndex":"068","VerseNumber":8,"ShowSurahName":false,"ShowBismillah":false,"Text":"فَلَا تُطِعِ ٱلۡمُكَذِّبِينَ","TajweedText":"فَلَا تُطِعِ <tajweed class=ham_wasl>ٱ</tajweed>لْمُكَذِّب<tajweed class=madda_permissible>ِي</tajweed>نَ <span class=end>٨</span>","End":"٨","PageNumber":564,"JuzNumber":29,"ManzilNumber":7,"RukuNumber":498,"MaqraNumber":226,"HizbNumber":57,"HizbDecimal":0.25,"HasSajda":false},{"SurahNumber":68,"SurahIndex":"068","VerseNumber":9,"ShowSurahName":false,"ShowBismillah":false,"Text":"وَدُّواْ لَوۡ تُدۡهِنُ فَيُدۡهِنُونَ","TajweedText":"وَدُّو<tajweed class=slnt>اْ</tajweed> لَوْ تُ<tajweed class=qalaqah>دْ</tajweed>هِنُ فَيُ<tajweed class=qalaqah>دْ</tajweed>هِن<tajweed class=madda_permissible>ُو</tajweed>نَ <span class=end>٩</span>","End":"٩","PageNumber":564,"JuzNumber":29,"ManzilNumber":7,"RukuNumber":498,"MaqraNumber":226,"HizbNumber":57,"HizbDecimal":0.25,"HasSajda":false},{"SurahNumber":68,"SurahIndex":"068","VerseNumber":10,"ShowSurahName":false,"ShowBismillah":false,"Text":"وَلَا تُطِعۡ كُلَّ حَلَّافٖ مَّهِينٍ","TajweedText":"وَلَا تُطِعْ كُلَّ حَلَّا<tajweed class=idgham_ghunnah>فٍ م</tajweed>َّه<tajweed class=madda_permissible>ِي</tajweed>نٍ <span class=end>١٠</span>","End":"١٠","PageNumber":564,"JuzNumber":29,"ManzilNumber":7,"RukuNumber":498,"MaqraNumber":226,"HizbNumber":57,"HizbDecimal":0.25,"HasSajda":false},{"SurahNumber":68,"SurahIndex":"068","VerseNumber":11,"ShowSurahName":false,"ShowBismillah":false,"Text":"هَمَّازٖ مَّشَّآءِۭ بِنَمِيمٖ","TajweedText":"هَ<tajweed class=ghunnah>مّ</tajweed>َا<tajweed class=idgham_ghunnah>زٍ م</tajweed>َّشّ<tajweed class=madda_obligatory>َا</tajweed>ٓ<tajweed class=iqlab>ءِۭ ب</tajweed>ِنَم<tajweed class=madda_permissible>ِي</tajweed>مٍ <span class=end>١١</span>","End":"١١","PageNumber":564,"JuzNumber":29,"ManzilNumber":7,"RukuNumber":498,"MaqraNumber":226,"HizbNumber":57,"HizbDecimal":0.25,"HasSajda":false},{"SurahNumber":68,"SurahIndex":"068","VerseNumber":12,"ShowSurahName":false,"ShowBismillah":false,"Text":"مَّنَّاعٖ لِّلۡخَيۡرِ مُعۡتَدٍ أَثِيمٍ","TajweedText":"مَّ<tajweed class=ghunnah>نّ</tajweed>َا<tajweed class=idgham_wo_ghunnah>عٍ ل</tajweed>ِّلْخَيْرِ مُعْتَدٍ أَث<tajweed class=madda_permissible>ِي</tajweed>مٍ <span class=end>١٢</span>","End":"١٢","PageNumber":564,"JuzNumber":29,"ManzilNumber":7,"RukuNumber":498,"MaqraNumber":226,"HizbNumber":57,"HizbDecimal":0.25,"HasSajda":false},{"SurahNumber":68,"SurahIndex":"068","VerseNumber":13,"ShowSurahName":false,"ShowBismillah":false,"Text":"عُتُلِّۭ بَعۡدَ ذَٰلِكَ زَنِيمٍ","TajweedText":"عُتُل<tajweed class=iqlab>ِّۭ ب</tajweed>َعْدَ ذ<tajweed class=madda_normal>َٲ</tajweed>لِكَ زَن<tajweed class=madda_permissible>ِي</tajweed>مٍ <span class=end>١٣</span>","End":"١٣","PageNumber":564,"JuzNumber":29,"ManzilNumber":7,"RukuNumber":498,"MaqraNumber":226,"HizbNumber":57,"HizbDecimal":0.25,"HasSajda":false},{"SurahNumber":68,"SurahIndex":"068","VerseNumber":14,"ShowSurahName":false,"ShowBismillah":false,"Text":"أَن كَانَ ذَا مَالٖ وَبَنِينَ","TajweedText":"أَ<tajweed class=ikhafa>ن ك</tajweed>َانَ ذَا مَا<tajweed class=idgham_ghunnah>لٍ و</tajweed>َبَن<tajweed class=madda_permissible>ِي</tajweed>نَ <span class=end>١٤</span>","End":"١٤","PageNumber":564,"JuzNumber":29,"ManzilNumber":7,"RukuNumber":498,"MaqraNumber":226,"HizbNumber":57,"HizbDecimal":0.25,"HasSajda":false},{"SurahNumber":68,"SurahIndex":"068","VerseNumber":15,"ShowSurahName":false,"ShowBismillah":false,"Text":"إِذَا تُتۡلَىٰ عَلَيۡهِ ءَايَٰتُنَا قَالَ أَسَٰطِيرُ ٱلۡأَوَّلِينَ","TajweedText":"إِذَا تُتْلَىٰ عَلَيْهِ ءَايَ<tajweed class=madda_normal>ـٰ</tajweed>تُنَا قَالَ أَسَ<tajweed class=madda_normal>ـٰ</tajweed>طِيرُ <tajweed class=ham_wasl>ٱ</tajweed>لْأَوَّل<tajweed class=madda_permissible>ِي</tajweed>نَ <span class=end>١٥</span>","End":"١٥","PageNumber":564,"JuzNumber":29,"ManzilNumber":7,"RukuNumber":498,"MaqraNumber":226,"HizbNumber":57,"HizbDecimal":0.25,"HasSajda":false},{"SurahNumber":68,"SurahIndex":"068","VerseNumber":16,"ShowSurahName":false,"ShowBismillah":false,"Text":"سَنَسِمُهُۥ عَلَى ٱلۡخُرۡطُومِ","TajweedText":"سَنَسِمُهُ<tajweed class=madda_normal>ۥ</tajweed> عَلَى <tajweed class=ham_wasl>ٱ</tajweed>لْخُرْط<tajweed class=madda_permissible>ُو</tajweed>مِ <span class=end>١٦</span>","End":"١٦","PageNumber":565,"JuzNumber":29,"ManzilNumber":7,"RukuNumber":498,"MaqraNumber":226,"HizbNumber":57,"HizbDecimal":0.25,"HasSajda":false},{"SurahNumber":68,"SurahIndex":"068","VerseNumber":17,"ShowSurahName":false,"ShowBismillah":false,"Text":"إِنَّا بَلَوۡنَٰهُمۡ كَمَا بَلَوۡنَآ أَصۡحَٰبَ ٱلۡجَنَّةِ إِذۡ أَقۡسَمُواْ لَيَصۡرِمُنَّهَا مُصۡبِحِينَ","TajweedText":"إِ<tajweed class=ghunnah>نّ</tajweed>َا بَلَوْنَ<tajweed class=madda_normal>ـٰ</tajweed>هُمْ كَمَا بَلَوْن<tajweed class=madda_obligatory>َآ</tajweed> أَصْحَ<tajweed class=madda_normal>ـٰ</tajweed>بَ <tajweed class=ham_wasl>ٱ</tajweed>لْجَ<tajweed class=ghunnah>نّ</tajweed>َةِ إِذْ أَ<tajweed class=qalaqah>قْ</tajweed>سَمُو<tajweed class=slnt>اْ</tajweed> لَيَصْرِمُ<tajweed class=ghunnah>نّ</tajweed>َهَا مُصْبِح<tajweed class=madda_permissible>ِي</tajweed>نَ <span class=end>١٧</span>","End":"١٧","PageNumber":565,"JuzNumber":29,"ManzilNumber":7,"RukuNumber":498,"MaqraNumber":226,"HizbNumber":57,"HizbDecimal":0.25,"HasSajda":false},{"SurahNumber":68,"SurahIndex":"068","VerseNumber":18,"ShowSurahName":false,"ShowBismillah":false,"Text":"وَلَا يَسۡتَثۡنُونَ","TajweedText":"وَلَا يَسْتَثْن<tajweed class=madda_permissible>ُو</tajweed>نَ <span class=end>١٨</span>","End":"١٨","PageNumber":565,"JuzNumber":29,"ManzilNumber":7,"RukuNumber":498,"MaqraNumber":226,"HizbNumber":57,"HizbDecimal":0.25,"HasSajda":false},{"SurahNumber":68,"SurahIndex":"068","VerseNumber":19,"ShowSurahName":false,"ShowBismillah":false,"Text":"فَطَافَ عَلَيۡهَا طَآئِفٞ مِّن رَّبِّكَ وَهُمۡ نَآئِمُونَ","TajweedText":"فَطَافَ عَلَيْهَا ط<tajweed class=madda_obligatory>َا</tajweed>ٓئِ<tajweed class=idgham_ghunnah>فٌ م</tajweed>ّ<tajweed class=idgham_wo_ghunnah>ِن ر</tajweed>َّبِّكَ وَهُمْ ن<tajweed class=madda_obligatory>َا</tajweed>ٓئِم<tajweed class=madda_permissible>ُو</tajweed>نَ <span class=end>١٩</span>","End":"١٩","PageNumber":565,"JuzNumber":29,"ManzilNumber":7,"RukuNumber":498,"MaqraNumber":226,"HizbNumber":57,"HizbDecimal":0.25,"HasSajda":false},{"SurahNumber":68,"SurahIndex":"068","VerseNumber":20,"ShowSurahName":false,"ShowBismillah":false,"Text":"فَأَصۡبَحَتۡ كَٱلصَّرِيمِ","TajweedText":"فَأَصْبَحَتْ كَ<tajweed class=ham_wasl>ٱ</tajweed><tajweed class=laam_shamsiyah>ل</tajweed>صَّر<tajweed class=madda_permissible>ِي</tajweed>مِ <span class=end>٢٠</span>","End":"٢٠","PageNumber":565,"JuzNumber":29,"ManzilNumber":7,"RukuNumber":498,"MaqraNumber":226,"HizbNumber":57,"HizbDecimal":0.25,"HasSajda":false},{"SurahNumber":68,"SurahIndex":"068","VerseNumber":21,"ShowSurahName":false,"ShowBismillah":false,"Text":"فَتَنَادَوۡاْ مُصۡبِحِينَ","TajweedText":"فَتَنَادَوْ<tajweed class=slnt>اْ</tajweed> مُصْبِح<tajweed class=madda_permissible>ِي</tajweed>نَ <span class=end>٢١</span>","End":"٢١","PageNumber":565,"JuzNumber":29,"ManzilNumber":7,"RukuNumber":498,"MaqraNumber":226,"HizbNumber":57,"HizbDecimal":0.25,"HasSajda":false},{"SurahNumber":68,"SurahIndex":"068","VerseNumber":22,"ShowSurahName":false,"ShowBismillah":false,"Text":"أَنِ ٱغۡدُواْ عَلَىٰ حَرۡثِكُمۡ إِن كُنتُمۡ صَٰرِمِينَ","TajweedText":"أَنِ <tajweed class=ham_wasl>ٱ</tajweed>غْدُو<tajweed class=slnt>اْ</tajweed> عَلَىٰ حَرْثِكُمْ إِ<tajweed class=ikhafa>ن ك</tajweed>ُ<tajweed class=ikhafa>نت</tajweed>ُمْ صَ<tajweed class=madda_normal>ـٰ</tajweed>رِم<tajweed class=madda_permissible>ِي</tajweed>نَ <span class=end>٢٢</span>","End":"٢٢","PageNumber":565,"JuzNumber":29,"ManzilNumber":7,"RukuNumber":498,"MaqraNumber":226,"HizbNumber":57,"HizbDecimal":0.25,"HasSajda":false},{"SurahNumber":68,"SurahIndex":"068","VerseNumber":23,"ShowSurahName":false,"ShowBismillah":false,"Text":"فَٱنطَلَقُواْ وَهُمۡ يَتَخَٰفَتُونَ","TajweedText":"فَ<tajweed class=ham_wasl>ٱ</tajweed><tajweed class=ikhafa>نط</tajweed>َلَقُو<tajweed class=slnt>اْ</tajweed> وَهُمْ يَتَخَ<tajweed class=madda_normal>ـٰ</tajweed>فَت<tajweed class=madda_permissible>ُو</tajweed>نَ <span class=end>٢٣</span>","End":"٢٣","PageNumber":565,"JuzNumber":29,"ManzilNumber":7,"RukuNumber":498,"MaqraNumber":226,"HizbNumber":57,"HizbDecimal":0.25,"HasSajda":false},{"SurahNumber":68,"SurahIndex":"068","VerseNumber":24,"ShowSurahName":false,"ShowBismillah":false,"Text":"أَن لَّا يَدۡخُلَنَّهَا ٱلۡيَوۡمَ عَلَيۡكُم مِّسۡكِينٞ","TajweedText":"أ<tajweed class=idgham_wo_ghunnah>َن ل</tajweed>َّا يَ<tajweed class=qalaqah>دْ</tajweed>خُلَ<tajweed class=ghunnah>نّ</tajweed>َهَا <tajweed class=ham_wasl>ٱ</tajweed>لْيَوْمَ عَلَيْك<tajweed class=idgham_shafawi>ُم م</tajweed>ِّسْك<tajweed class=madda_permissible>ِي</tajweed>نٌ <span class=end>٢٤</span>","End":"٢٤","PageNumber":565,"JuzNumber":29,"ManzilNumber":7,"RukuNumber":498,"MaqraNumber":226,"HizbNumber":57,"HizbDecimal":0.25,"HasSajda":false},{"SurahNumber":68,"SurahIndex":"068","VerseNumber":25,"ShowSurahName":false,"ShowBismillah":false,"Text":"وَغَدَوۡاْ عَلَىٰ حَرۡدٖ قَٰدِرِينَ","TajweedText":"وَغَدَوْ<tajweed class=slnt>اْ</tajweed> عَلَىٰ حَرْ<tajweed class=ikhafa>دٍ ق</tajweed>َ<tajweed class=madda_normal>ـٰ</tajweed>دِر<tajweed class=madda_permissible>ِي</tajweed>نَ <span class=end>٢٥</span>","End":"٢٥","PageNumber":565,"JuzNumber":29,"ManzilNumber":7,"RukuNumber":498,"MaqraNumber":226,"HizbNumber":57,"HizbDecimal":0.25,"HasSajda":false},{"SurahNumber":68,"SurahIndex":"068","VerseNumber":26,"ShowSurahName":false,"ShowBismillah":false,"Text":"فَلَمَّا رَأَوۡهَا قَالُوٓاْ إِنَّا لَضَآلُّونَ","TajweedText":"فَلَ<tajweed class=ghunnah>مّ</tajweed>َا رَأَوْهَا قَال<tajweed class=madda_obligatory>ُوٓ</tajweed><tajweed class=slnt>اْ</tajweed> إِ<tajweed class=ghunnah>نّ</tajweed>َا لَض<tajweed class=madda_necessary>َا</tajweed>ٓلّ<tajweed class=madda_permissible>ُو</tajweed>نَ <span class=end>٢٦</span>","End":"٢٦","PageNumber":565,"JuzNumber":29,"ManzilNumber":7,"RukuNumber":498,"MaqraNumber":226,"HizbNumber":57,"HizbDecimal":0.25,"HasSajda":false},{"SurahNumber":68,"SurahIndex":"068","VerseNumber":27,"ShowSurahName":false,"ShowBismillah":false,"Text":"بَلۡ نَحۡنُ مَحۡرُومُونَ","TajweedText":"بَلْ نَحْنُ مَحْرُوم<tajweed class=madda_permissible>ُو</tajweed>نَ <span class=end>٢٧</span>","End":"٢٧","PageNumber":565,"JuzNumber":29,"ManzilNumber":7,"RukuNumber":498,"MaqraNumber":226,"HizbNumber":57,"HizbDecimal":0.25,"HasSajda":false},{"SurahNumber":68,"SurahIndex":"068","VerseNumber":28,"ShowSurahName":false,"ShowBismillah":false,"Text":"قَالَ أَوۡسَطُهُمۡ أَلَمۡ أَقُل لَّكُمۡ لَوۡلَا تُسَبِّحُونَ","TajweedText":"قَالَ أَوْسَطُهُمْ أَلَمْ أَقُل لَّكُمْ لَوْلَا تُسَبِّح<tajweed class=madda_permissible>ُو</tajweed>نَ <span class=end>٢٨</span>","End":"٢٨","PageNumber":565,"JuzNumber":29,"ManzilNumber":7,"RukuNumber":498,"MaqraNumber":226,"HizbNumber":57,"HizbDecimal":0.25,"HasSajda":false},{"SurahNumber":68,"SurahIndex":"068","VerseNumber":29,"ShowSurahName":false,"ShowBismillah":false,"Text":"قَالُواْ سُبۡحَٰنَ رَبِّنَآ إِنَّا كُنَّا ظَٰلِمِينَ","TajweedText":"قَالُو<tajweed class=slnt>اْ</tajweed> سُ<tajweed class=qalaqah>بْ</tajweed>حَ<tajweed class=madda_normal>ـٰ</tajweed>نَ رَبِّن<tajweed class=madda_obligatory>َآ</tajweed> إِ<tajweed class=ghunnah>نّ</tajweed>َا كُ<tajweed class=ghunnah>نّ</tajweed>َا ظَ<tajweed class=madda_normal>ـٰ</tajweed>لِم<tajweed class=madda_permissible>ِي</tajweed>نَ <span class=end>٢٩</span>","End":"٢٩","PageNumber":565,"JuzNumber":29,"ManzilNumber":7,"RukuNumber":498,"MaqraNumber":226,"HizbNumber":57,"HizbDecimal":0.25,"HasSajda":false},{"SurahNumber":68,"SurahIndex":"068","VerseNumber":30,"ShowSurahName":false,"ShowBismillah":false,"Text":"فَأَقۡبَلَ بَعۡضُهُمۡ عَلَىٰ بَعۡضٖ يَتَلَٰوَمُونَ","TajweedText":"فَأَ<tajweed class=qalaqah>قْ</tajweed>بَلَ بَعْضُهُمْ عَلَىٰ بَعْ<tajweed class=idgham_ghunnah>ضٍ ي</tajweed>َتَلَ<tajweed class=madda_normal>ـٰ</tajweed>وَم<tajweed class=madda_permissible>ُو</tajweed>نَ <span class=end>٣٠</span>","End":"٣٠","PageNumber":565,"JuzNumber":29,"ManzilNumber":7,"RukuNumber":498,"MaqraNumber":226,"HizbNumber":57,"HizbDecimal":0.25,"HasSajda":false},{"SurahNumber":68,"SurahIndex":"068","VerseNumber":31,"ShowSurahName":false,"ShowBismillah":false,"Text":"قَالُواْ يَٰوَيۡلَنَآ إِنَّا كُنَّا طَٰغِينَ","TajweedText":"قَالُو<tajweed class=slnt>اْ</tajweed> يَ<tajweed class=madda_normal>ـٰ</tajweed>وَيْلَن<tajweed class=madda_obligatory>َآ</tajweed> إِ<tajweed class=ghunnah>نّ</tajweed>َا كُ<tajweed class=ghunnah>نّ</tajweed>َا طَ<tajweed class=madda_normal>ـٰ</tajweed>غ<tajweed class=madda_permissible>ِي</tajweed>نَ <span class=end>٣١</span>","End":"٣١","PageNumber":565,"JuzNumber":29,"ManzilNumber":7,"RukuNumber":498,"MaqraNumber":226,"HizbNumber":57,"HizbDecimal":0.25,"HasSajda":false},{"SurahNumber":68,"SurahIndex":"068","VerseNumber":32,"ShowSurahName":false,"ShowBismillah":false,"Text":"عَسَىٰ رَبُّنَآ أَن يُبۡدِلَنَا خَيۡرٗا مِّنۡهَآ إِنَّآ إِلَىٰ رَبِّنَا رَٰغِبُونَ","TajweedText":"عَسَىٰ رَبُّن<tajweed class=madda_obligatory>َآ</tajweed> أ<tajweed class=idgham_ghunnah>َن ي</tajweed>ُ<tajweed class=qalaqah>بْ</tajweed>دِلَنَا خَيْ<tajweed class=idgham_ghunnah>رًا م</tajweed>ِّنْه<tajweed class=madda_obligatory>َآ</tajweed> إِ<tajweed class=ghunnah>نّ</tajweed><tajweed class=madda_obligatory>َآ</tajweed> إِلَىٰ رَبِّنَا ر<tajweed class=madda_normal>َٲ</tajweed>غِب<tajweed class=madda_permissible>ُو</tajweed>نَ <span class=end>٣٢</span>","End":"٣٢","PageNumber":565,"JuzNumber":29,"ManzilNumber":7,"RukuNumber":498,"MaqraNumber":226,"HizbNumber":57,"HizbDecimal":0.25,"HasSajda":false},{"SurahNumber":68,"SurahIndex":"068","VerseNumber":33,"ShowSurahName":false,"ShowBismillah":false,"Text":"كَذَٰلِكَ ٱلۡعَذَابُۖ وَلَعَذَابُ ٱلۡأٓخِرَةِ أَكۡبَرُۚ لَوۡ كَانُواْ يَعۡلَمُونَ","TajweedText":"كَذ<tajweed class=madda_normal>َٲ</tajweed>لِكَ <tajweed class=ham_wasl>ٱ</tajweed>لْعَذَابُ‌ۖ وَلَعَذَابُ <tajweed class=ham_wasl>ٱ</tajweed>لْأَخِرَةِ أَكْبَرُ‌ۚ لَوْ كَانُو<tajweed class=slnt>اْ</tajweed> يَعْلَم<tajweed class=madda_permissible>ُو</tajweed>نَ <span class=end>٣٣</span>","End":"٣٣","PageNumber":565,"JuzNumber":29,"ManzilNumber":7,"RukuNumber":498,"MaqraNumber":226,"HizbNumber":57,"HizbDecimal":0.25,"HasSajda":false}]}