{"RukuNumber":111,"Verses":[{"SurahNumber":6,"SurahIndex":"006","VerseNumber":83,"ShowSurahName":false,"ShowBismillah":false,"Text":"وَتِلۡكَ حُجَّتُنَآ ءَاتَيۡنَٰهَآ إِبۡرَٰهِيمَ عَلَىٰ قَوۡمِهِۦۚ نَرۡفَعُ دَرَجَٰتٖ مَّن نَّشَآءُۗ إِنَّ رَبَّكَ حَكِيمٌ عَلِيمٞ","TajweedText":"وَتِلْكَ حُجَّتُن<tajweed class=madda_obligatory>َآ</tajweed> ءَاتَيْنَ<tajweed class=madda_normal>ـٰ</tajweed>ه<tajweed class=madda_obligatory>َآ</tajweed> إِ<tajweed class=qalaqah>بْ</tajweed>ر<tajweed class=madda_normal>َٲ</tajweed>هِيمَ عَلَىٰ قَوْمِه<tajweed class=madda_normal>ِۦ</tajweed>‌ۚ نَرْفَعُ دَرَجَ<tajweed class=madda_normal>ـٰ</tajweed><tajweed class=idgham_ghunnah>تٍ م</tajweed>ّ<tajweed class=idgham_ghunnah>َن ن</tajweed>َّش<tajweed class=madda_obligatory>َا</tajweed>ٓءُ‌ۗ إِ<tajweed class=ghunnah>نّ</tajweed>َ رَبَّكَ حَكِيمٌ عَل<tajweed class=madda_permissible>ِي</tajweed>مٌ <span class=end>٨٣</span>","End":"٨٣","PageNumber":138,"JuzNumber":7,"ManzilNumber":2,"RukuNumber":111,"MaqraNumber":55,"HizbNumber":14,"HizbDecimal":0.5,"HasSajda":false},{"SurahNumber":6,"SurahIndex":"006","VerseNumber":84,"ShowSurahName":false,"ShowBismillah":false,"Text":"وَوَهَبۡنَا لَهُۥٓ إِسۡحَٰقَ وَيَعۡقُوبَۚ كُلًّا هَدَيۡنَاۚ وَنُوحًا هَدَيۡنَا مِن قَبۡلُۖ وَمِن ذُرِّيَّتِهِۦ دَاوُۥدَ وَسُلَيۡمَٰنَ وَأَيُّوبَ وَيُوسُفَ وَمُوسَىٰ وَهَٰرُونَۚ وَكَذَٰلِكَ نَجۡزِي ٱلۡمُحۡسِنِينَ","TajweedText":"وَوَهَ<tajweed class=qalaqah>بْ</tajweed>نَا لَهُ<tajweed class=madda_obligatory>ۥٓ</tajweed> إِسْحَ<tajweed class=madda_normal>ـٰ</tajweed>قَ وَيَعْقُوبَ‌ۚ كُلاًّ هَدَيْنَا‌ۚ وَنُوحًا هَدَيْنَا مِ<tajweed class=ikhafa>ن ق</tajweed>َ<tajweed class=qalaqah>بْ</tajweed>لُ‌ۖ وَمِ<tajweed class=ikhafa>ن ذ</tajweed>ُرِّيَّتِه<tajweed class=madda_normal>ِۦ</tajweed> دَاوُ<tajweed class=madda_normal>ۥ</tajweed>دَ وَسُلَيْمَ<tajweed class=madda_normal>ـٰ</tajweed>نَ وَأَيُّوبَ وَيُوسُفَ وَمُوسَىٰ وَهَ<tajweed class=madda_normal>ـٰ</tajweed>رُونَ‌ۚ وَكَذ<tajweed class=madda_normal>َٲ</tajweed>لِكَ نَ<tajweed class=qalaqah>جْ</tajweed>زِى <tajweed class=ham_wasl>ٱ</tajweed>لْمُحْسِن<tajweed class=madda_permissible>ِي</tajweed>نَ <span class=end>٨٤</span>","End":"٨٤","PageNumber":138,"JuzNumber":7,"ManzilNumber":2,"RukuNumber":111,"MaqraNumber":55,"HizbNumber":14,"HizbDecimal":0.5,"HasSajda":false},{"SurahNumber":6,"SurahIndex":"006","VerseNumber":85,"ShowSurahName":false,"ShowBismillah":false,"Text":"وَزَكَرِيَّا وَيَحۡيَىٰ وَعِيسَىٰ وَإِلۡيَاسَۖ كُلّٞ مِّنَ ٱلصَّـٰلِحِينَ","TajweedText":"وَزَكَرِيَّا وَيَحْيَىٰ وَعِيسَىٰ وَإِلْيَاسَ‌ۖ كُ<tajweed class=idgham_ghunnah>لٌّ م</tajweed>ِّنَ <tajweed class=ham_wasl>ٱ</tajweed><tajweed class=laam_shamsiyah>ل</tajweed>صَّ<tajweed class=madda_normal>ـٰ</tajweed>لِح<tajweed class=madda_permissible>ِي</tajweed>نَ <span class=end>٨٥</span>","End":"٨٥","PageNumber":138,"JuzNumber":7,"ManzilNumber":2,"RukuNumber":111,"MaqraNumber":55,"HizbNumber":14,"HizbDecimal":0.5,"HasSajda":false},{"SurahNumber":6,"SurahIndex":"006","VerseNumber":86,"ShowSurahName":false,"ShowBismillah":false,"Text":"وَإِسۡمَٰعِيلَ وَٱلۡيَسَعَ وَيُونُسَ وَلُوطٗاۚ وَكُلّٗا فَضَّلۡنَا عَلَى ٱلۡعَٰلَمِينَ","TajweedText":"وَإِسْمَ<tajweed class=madda_normal>ـٰ</tajweed>عِيلَ وَ<tajweed class=ham_wasl>ٱ</tajweed>لْيَسَعَ وَيُونُسَ وَلُو<tajweed class=idgham_ghunnah>طًا‌ۚ و</tajweed>َكُل<tajweed class=ikhafa>اًّ ف</tajweed>َضَّلْنَا عَلَى <tajweed class=ham_wasl>ٱ</tajweed>لْعَ<tajweed class=madda_normal>ـٰ</tajweed>لَم<tajweed class=madda_permissible>ِي</tajweed>نَ <span class=end>٨٦</span>","End":"٨٦","PageNumber":138,"JuzNumber":7,"ManzilNumber":2,"RukuNumber":111,"MaqraNumber":55,"HizbNumber":14,"HizbDecimal":0.5,"HasSajda":false},{"SurahNumber":6,"SurahIndex":"006","VerseNumber":87,"ShowSurahName":false,"ShowBismillah":false,"Text":"وَمِنۡ ءَابَآئِهِمۡ وَذُرِّيَّـٰتِهِمۡ وَإِخۡوَٰنِهِمۡۖ وَٱجۡتَبَيۡنَٰهُمۡ وَهَدَيۡنَٰهُمۡ إِلَىٰ صِرَٰطٖ مُّسۡتَقِيمٖ","TajweedText":"وَمِنْ ءَاب<tajweed class=madda_obligatory>َا</tajweed>ٓئِهِمْ وَذُرِّيَّ<tajweed class=madda_normal>ـٰ</tajweed>تِهِمْ وَإِخْو<tajweed class=madda_normal>َٲ</tajweed>نِهِمْ‌ۖ وَ<tajweed class=ham_wasl>ٱ</tajweed><tajweed class=qalaqah>جْ</tajweed>تَبَيْنَ<tajweed class=madda_normal>ـٰ</tajweed>هُمْ وَهَدَيْنَ<tajweed class=madda_normal>ـٰ</tajweed>هُمْ إِلَىٰ صِر<tajweed class=madda_normal>َٲ</tajweed><tajweed class=idgham_ghunnah>طٍ م</tajweed>ُّسْتَق<tajweed class=madda_permissible>ِي</tajweed>مٍ <span class=end>٨٧</span>","End":"٨٧","PageNumber":138,"JuzNumber":7,"ManzilNumber":2,"RukuNumber":111,"MaqraNumber":55,"HizbNumber":14,"HizbDecimal":0.5,"HasSajda":false},{"SurahNumber":6,"SurahIndex":"006","VerseNumber":88,"ShowSurahName":false,"ShowBismillah":false,"Text":"ذَٰلِكَ هُدَى ٱللَّهِ يَهۡدِي بِهِۦ مَن يَشَآءُ مِنۡ عِبَادِهِۦۚ وَلَوۡ أَشۡرَكُواْ لَحَبِطَ عَنۡهُم مَّا كَانُواْ يَعۡمَلُونَ","TajweedText":"ذ<tajweed class=madda_normal>َٲ</tajweed>لِكَ هُدَى <tajweed class=ham_wasl>ٱ</tajweed>للَّهِ يَهْدِى بِه<tajweed class=madda_normal>ِۦ</tajweed> م<tajweed class=idgham_ghunnah>َن ي</tajweed>َش<tajweed class=madda_obligatory>َا</tajweed>ٓءُ مِنْ عِبَادِه<tajweed class=madda_normal>ِۦ</tajweed>‌ۚ وَلَوْ أَشْرَكُو<tajweed class=slnt>اْ</tajweed> لَحَبِطَ عَنْه<tajweed class=idgham_shafawi>ُم م</tajweed>َّا كَانُو<tajweed class=slnt>اْ</tajweed> يَعْمَل<tajweed class=madda_permissible>ُو</tajweed>نَ <span class=end>٨٨</span>","End":"٨٨","PageNumber":138,"JuzNumber":7,"ManzilNumber":2,"RukuNumber":111,"MaqraNumber":55,"HizbNumber":14,"HizbDecimal":0.5,"HasSajda":false},{"SurahNumber":6,"SurahIndex":"006","VerseNumber":89,"ShowSurahName":false,"ShowBismillah":false,"Text":"أُوْلَـٰٓئِكَ ٱلَّذِينَ ءَاتَيۡنَٰهُمُ ٱلۡكِتَٰبَ وَٱلۡحُكۡمَ وَٱلنُّبُوَّةَۚ فَإِن يَكۡفُرۡ بِهَا هَـٰٓؤُلَآءِ فَقَدۡ وَكَّلۡنَا بِهَا قَوۡمٗا لَّيۡسُواْ بِهَا بِكَٰفِرِينَ","TajweedText":"أُ<tajweed class=slnt>وْ</tajweed>لَ<tajweed class=madda_obligatory>ـٰٓ</tajweed>ئِكَ <tajweed class=ham_wasl>ٱ</tajweed>لَّذِينَ ءَاتَيْنَ<tajweed class=madda_normal>ـٰ</tajweed>هُمُ <tajweed class=ham_wasl>ٱ</tajweed>لْكِتَ<tajweed class=madda_normal>ـٰ</tajweed>بَ وَ<tajweed class=ham_wasl>ٱ</tajweed>لْحُكْمَ وَ<tajweed class=ham_wasl>ٱ</tajweed><tajweed class=laam_shamsiyah>ل</tajweed><tajweed class=ghunnah>نّ</tajweed>ُبُوَّةَ‌ۚ فَإ<tajweed class=idgham_ghunnah>ِن ي</tajweed>َكْفُرْ بِهَا هَ<tajweed class=madda_obligatory>ـٰٓ</tajweed>ؤُل<tajweed class=madda_obligatory>َا</tajweed>ٓءِ فَقَ<tajweed class=qalaqah>دْ</tajweed> وَكَّلْنَا بِهَا قَوْ<tajweed class=idgham_wo_ghunnah>مًا ل</tajweed>َّيْسُو<tajweed class=slnt>اْ</tajweed> بِهَا بِكَ<tajweed class=madda_normal>ـٰ</tajweed>فِر<tajweed class=madda_permissible>ِي</tajweed>نَ <span class=end>٨٩</span>","End":"٨٩","PageNumber":138,"JuzNumber":7,"ManzilNumber":2,"RukuNumber":111,"MaqraNumber":55,"HizbNumber":14,"HizbDecimal":0.5,"HasSajda":false},{"SurahNumber":6,"SurahIndex":"006","VerseNumber":90,"ShowSurahName":false,"ShowBismillah":false,"Text":"أُوْلَـٰٓئِكَ ٱلَّذِينَ هَدَى ٱللَّهُۖ فَبِهُدَىٰهُمُ ٱقۡتَدِهۡۗ قُل لَّآ أَسۡـَٔلُكُمۡ عَلَيۡهِ أَجۡرًاۖ إِنۡ هُوَ إِلَّا ذِكۡرَىٰ لِلۡعَٰلَمِينَ","TajweedText":"أُ<tajweed class=slnt>وْ</tajweed>لَ<tajweed class=madda_obligatory>ـٰٓ</tajweed>ئِكَ <tajweed class=ham_wasl>ٱ</tajweed>لَّذِينَ هَدَى <tajweed class=ham_wasl>ٱ</tajweed>للَّهُ‌ۖ فَبِهُدَ<tajweed class=madda_normal>ٮٰ</tajweed>هُمُ <tajweed class=ham_wasl>ٱ</tajweed><tajweed class=qalaqah>قْ</tajweed>تَدِهْ‌ۗ قُل لّ<tajweed class=madda_obligatory>َآ</tajweed> أَسْــَٔلُكُمْ عَلَيْهِ أَ<tajweed class=qalaqah>جْ</tajweed>رًا‌ۖ إِنْ هُوَ إِلَّا ذِكْرَىٰ لِلْعَ<tajweed class=madda_normal>ـٰ</tajweed>لَم<tajweed class=madda_permissible>ِي</tajweed>نَ <span class=end>٩٠</span>","End":"٩٠","PageNumber":138,"JuzNumber":7,"ManzilNumber":2,"RukuNumber":111,"MaqraNumber":55,"HizbNumber":14,"HizbDecimal":0.5,"HasSajda":false}]}