{"RukuNumber":352,"Verses":[{"SurahNumber":30,"SurahIndex":"030","VerseNumber":28,"ShowSurahName":false,"ShowBismillah":false,"Text":"ضَرَبَ لَكُم مَّثَلٗا مِّنۡ أَنفُسِكُمۡۖ هَل لَّكُم مِّن مَّا مَلَكَتۡ أَيۡمَٰنُكُم مِّن شُرَكَآءَ فِي مَا رَزَقۡنَٰكُمۡ فَأَنتُمۡ فِيهِ سَوَآءٞ تَخَافُونَهُمۡ كَخِيفَتِكُمۡ أَنفُسَكُمۡۚ كَذَٰلِكَ نُفَصِّلُ ٱلۡأٓيَٰتِ لِقَوۡمٖ يَعۡقِلُونَ","TajweedText":"ضَرَبَ لَك<tajweed class=idgham_shafawi>ُم م</tajweed>َّثَل<tajweed class=idgham_ghunnah>اً م</tajweed>ِّنْ أَ<tajweed class=ikhafa>نف</tajweed>ُسِكُمْ‌ۖ هَل لَّك<tajweed class=idgham_shafawi>ُم م</tajweed>ّ<tajweed class=idgham_ghunnah>ِن م</tajweed>َّا مَلَكَتْ أَيْمَ<tajweed class=madda_normal>ـٰ</tajweed>نُك<tajweed class=idgham_shafawi>ُم م</tajweed>ِّ<tajweed class=ikhafa>ن ش</tajweed>ُرَك<tajweed class=madda_obligatory>َا</tajweed>ٓءَ فِى مَا رَزَ<tajweed class=qalaqah>قْ</tajweed>نَ<tajweed class=madda_normal>ـٰ</tajweed>كُمْ فَأَ<tajweed class=ikhafa>نت</tajweed>ُمْ فِيهِ سَو<tajweed class=madda_obligatory>َا</tajweed>ٓ<tajweed class=ikhafa>ءٌ ت</tajweed>َخَافُونَهُمْ كَخِيفَتِكُمْ أَ<tajweed class=ikhafa>نف</tajweed>ُسَكُمْ‌ۚ كَذ<tajweed class=madda_normal>َٲ</tajweed>لِكَ نُفَصِّلُ <tajweed class=ham_wasl>ٱ</tajweed>لْأَيَ<tajweed class=madda_normal>ـٰ</tajweed>تِ لِقَوْ<tajweed class=idgham_ghunnah>مٍ ي</tajweed>َعْقِل<tajweed class=madda_permissible>ُو</tajweed>نَ <span class=end>٢٨</span>","End":"٢٨","PageNumber":407,"JuzNumber":21,"ManzilNumber":5,"RukuNumber":352,"MaqraNumber":162,"HizbNumber":41,"HizbDecimal":0.25,"HasSajda":false},{"SurahNumber":30,"SurahIndex":"030","VerseNumber":29,"ShowSurahName":false,"ShowBismillah":false,"Text":"بَلِ ٱتَّبَعَ ٱلَّذِينَ ظَلَمُوٓاْ أَهۡوَآءَهُم بِغَيۡرِ عِلۡمٖۖ فَمَن يَهۡدِي مَنۡ أَضَلَّ ٱللَّهُۖ وَمَا لَهُم مِّن نَّـٰصِرِينَ","TajweedText":"بَلِ <tajweed class=ham_wasl>ٱ</tajweed>تَّبَعَ <tajweed class=ham_wasl>ٱ</tajweed>لَّذِينَ ظَلَم<tajweed class=madda_obligatory>ُوٓ</tajweed><tajweed class=slnt>اْ</tajweed> أَهْو<tajweed class=madda_obligatory>َا</tajweed>ٓءَه<tajweed class=ikhafa_shafawi>ُم ب</tajweed>ِغَيْرِ عِلْ<tajweed class=ikhafa>مٍ‌ۖ ف</tajweed>َم<tajweed class=idgham_ghunnah>َن ي</tajweed>َهْدِى مَنْ أَضَلَّ <tajweed class=ham_wasl>ٱ</tajweed>للَّهُ‌ۖ وَمَا لَه<tajweed class=idgham_shafawi>ُم م</tajweed>ّ<tajweed class=idgham_ghunnah>ِن ن</tajweed>َّ<tajweed class=madda_normal>ـٰ</tajweed>صِر<tajweed class=madda_permissible>ِي</tajweed>نَ <span class=end>٢٩</span>","End":"٢٩","PageNumber":407,"JuzNumber":21,"ManzilNumber":5,"RukuNumber":352,"MaqraNumber":162,"HizbNumber":41,"HizbDecimal":0.25,"HasSajda":false},{"SurahNumber":30,"SurahIndex":"030","VerseNumber":30,"ShowSurahName":false,"ShowBismillah":false,"Text":"فَأَقِمۡ وَجۡهَكَ لِلدِّينِ حَنِيفٗاۚ فِطۡرَتَ ٱللَّهِ ٱلَّتِي فَطَرَ ٱلنَّاسَ عَلَيۡهَاۚ لَا تَبۡدِيلَ لِخَلۡقِ ٱللَّهِۚ ذَٰلِكَ ٱلدِّينُ ٱلۡقَيِّمُ وَلَٰكِنَّ أَكۡثَرَ ٱلنَّاسِ لَا يَعۡلَمُونَ","TajweedText":"فَأَقِمْ وَ<tajweed class=qalaqah>جْ</tajweed>هَكَ لِلدِّينِ حَنِي<tajweed class=ikhafa>فًا‌ۚ ف</tajweed>ِ<tajweed class=qalaqah>طْ</tajweed>رَتَ <tajweed class=ham_wasl>ٱ</tajweed>للَّهِ <tajweed class=ham_wasl>ٱ</tajweed>لَّتِى فَطَرَ <tajweed class=ham_wasl>ٱ</tajweed><tajweed class=laam_shamsiyah>ل</tajweed><tajweed class=ghunnah>نّ</tajweed>َاسَ عَلَيْهَا‌ۚ لَا تَ<tajweed class=qalaqah>بْ</tajweed>دِيلَ لِخَلْقِ <tajweed class=ham_wasl>ٱ</tajweed>للَّهِ‌ۚ ذ<tajweed class=madda_normal>َٲ</tajweed>لِكَ <tajweed class=ham_wasl>ٱ</tajweed><tajweed class=laam_shamsiyah>ل</tajweed>دِّينُ <tajweed class=ham_wasl>ٱ</tajweed>لْقَيِّمُ وَلَ<tajweed class=madda_normal>ـٰ</tajweed>كِ<tajweed class=ghunnah>نّ</tajweed>َ أَكْثَرَ <tajweed class=ham_wasl>ٱ</tajweed><tajweed class=laam_shamsiyah>ل</tajweed><tajweed class=ghunnah>نّ</tajweed>َاسِ لَا يَعْلَم<tajweed class=madda_permissible>ُو</tajweed>نَ <span class=end>٣٠</span>","End":"٣٠","PageNumber":407,"JuzNumber":21,"ManzilNumber":5,"RukuNumber":352,"MaqraNumber":162,"HizbNumber":41,"HizbDecimal":0.25,"HasSajda":false},{"SurahNumber":30,"SurahIndex":"030","VerseNumber":31,"ShowSurahName":false,"ShowBismillah":false,"Text":"۞مُنِيبِينَ إِلَيۡهِ وَٱتَّقُوهُ وَأَقِيمُواْ ٱلصَّلَوٰةَ وَلَا تَكُونُواْ مِنَ ٱلۡمُشۡرِكِينَ","TajweedText":"۞ مُنِيبِينَ إِلَيْهِ وَ<tajweed class=ham_wasl>ٱ</tajweed>تَّقُوهُ وَأَقِيمُو<tajweed class=slnt>اْ</tajweed> <tajweed class=ham_wasl>ٱ</tajweed><tajweed class=laam_shamsiyah>ل</tajweed>صَّلَ<tajweed class=slnt>و</tajweed><tajweed class=madda_normal>ٲ</tajweed>ةَ وَلَا تَكُونُو<tajweed class=slnt>اْ</tajweed> مِنَ <tajweed class=ham_wasl>ٱ</tajweed>لْمُشْرِك<tajweed class=madda_permissible>ِي</tajweed>نَ <span class=end>٣١</span>","End":"٣١","PageNumber":407,"JuzNumber":21,"ManzilNumber":5,"RukuNumber":352,"MaqraNumber":163,"HizbNumber":41,"HizbDecimal":0.5,"HasSajda":false},{"SurahNumber":30,"SurahIndex":"030","VerseNumber":32,"ShowSurahName":false,"ShowBismillah":false,"Text":"مِنَ ٱلَّذِينَ فَرَّقُواْ دِينَهُمۡ وَكَانُواْ شِيَعٗاۖ كُلُّ حِزۡبِۭ بِمَا لَدَيۡهِمۡ فَرِحُونَ","TajweedText":"مِنَ <tajweed class=ham_wasl>ٱ</tajweed>لَّذِينَ فَرَّقُو<tajweed class=slnt>اْ</tajweed> دِينَهُمْ وَكَانُو<tajweed class=slnt>اْ</tajweed> شِيَ<tajweed class=ikhafa>عًا‌ۖ ك</tajweed>ُلُّ حِزْ<tajweed class=iqlab>بِۭ ب</tajweed>ِمَا لَدَيْهِمْ فَرِح<tajweed class=madda_permissible>ُو</tajweed>نَ <span class=end>٣٢</span>","End":"٣٢","PageNumber":407,"JuzNumber":21,"ManzilNumber":5,"RukuNumber":352,"MaqraNumber":163,"HizbNumber":41,"HizbDecimal":0.5,"HasSajda":false},{"SurahNumber":30,"SurahIndex":"030","VerseNumber":33,"ShowSurahName":false,"ShowBismillah":false,"Text":"وَإِذَا مَسَّ ٱلنَّاسَ ضُرّٞ دَعَوۡاْ رَبَّهُم مُّنِيبِينَ إِلَيۡهِ ثُمَّ إِذَآ أَذَاقَهُم مِّنۡهُ رَحۡمَةً إِذَا فَرِيقٞ مِّنۡهُم بِرَبِّهِمۡ يُشۡرِكُونَ","TajweedText":"وَإِذَا مَسَّ <tajweed class=ham_wasl>ٱ</tajweed><tajweed class=laam_shamsiyah>ل</tajweed><tajweed class=ghunnah>نّ</tajweed>َاسَ ضُ<tajweed class=ikhafa>رٌّ د</tajweed>َعَوْ<tajweed class=slnt>اْ</tajweed> رَبَّه<tajweed class=idgham_shafawi>ُم م</tajweed>ُّنِيبِينَ إِلَيْهِ ثُ<tajweed class=ghunnah>مّ</tajweed>َ إِذ<tajweed class=madda_obligatory>َآ</tajweed> أَذَاقَه<tajweed class=idgham_shafawi>ُم م</tajweed>ِّنْهُ رَحْمَةً إِذَا فَرِي<tajweed class=idgham_ghunnah>قٌ م</tajweed>ِّنْه<tajweed class=ikhafa_shafawi>ُم ب</tajweed>ِرَبِّهِمْ يُشْرِك<tajweed class=madda_permissible>ُو</tajweed>نَ <span class=end>٣٣</span>","End":"٣٣","PageNumber":408,"JuzNumber":21,"ManzilNumber":5,"RukuNumber":352,"MaqraNumber":163,"HizbNumber":41,"HizbDecimal":0.5,"HasSajda":false},{"SurahNumber":30,"SurahIndex":"030","VerseNumber":34,"ShowSurahName":false,"ShowBismillah":false,"Text":"لِيَكۡفُرُواْ بِمَآ ءَاتَيۡنَٰهُمۡۚ فَتَمَتَّعُواْ فَسَوۡفَ تَعۡلَمُونَ","TajweedText":"لِيَكْفُرُو<tajweed class=slnt>اْ</tajweed> بِم<tajweed class=madda_obligatory>َآ</tajweed> ءَاتَيْنَ<tajweed class=madda_normal>ـٰ</tajweed>هُمْ‌ۚ فَتَمَتَّعُو<tajweed class=slnt>اْ</tajweed> فَسَوْفَ تَعْلَم<tajweed class=madda_permissible>ُو</tajweed>نَ <span class=end>٣٤</span>","End":"٣٤","PageNumber":408,"JuzNumber":21,"ManzilNumber":5,"RukuNumber":352,"MaqraNumber":163,"HizbNumber":41,"HizbDecimal":0.5,"HasSajda":false},{"SurahNumber":30,"SurahIndex":"030","VerseNumber":35,"ShowSurahName":false,"ShowBismillah":false,"Text":"أَمۡ أَنزَلۡنَا عَلَيۡهِمۡ سُلۡطَٰنٗا فَهُوَ يَتَكَلَّمُ بِمَا كَانُواْ بِهِۦ يُشۡرِكُونَ","TajweedText":"أَمْ أَ<tajweed class=ikhafa>نز</tajweed>َلْنَا عَلَيْهِمْ سُلْطَ<tajweed class=madda_normal>ـٰ</tajweed><tajweed class=ikhafa>نًا ف</tajweed>َهُوَ يَتَكَلَّمُ بِمَا كَانُو<tajweed class=slnt>اْ</tajweed> بِه<tajweed class=madda_normal>ِۦ</tajweed> يُشْرِك<tajweed class=madda_permissible>ُو</tajweed>نَ <span class=end>٣٥</span>","End":"٣٥","PageNumber":408,"JuzNumber":21,"ManzilNumber":5,"RukuNumber":352,"MaqraNumber":163,"HizbNumber":41,"HizbDecimal":0.5,"HasSajda":false},{"SurahNumber":30,"SurahIndex":"030","VerseNumber":36,"ShowSurahName":false,"ShowBismillah":false,"Text":"وَإِذَآ أَذَقۡنَا ٱلنَّاسَ رَحۡمَةٗ فَرِحُواْ بِهَاۖ وَإِن تُصِبۡهُمۡ سَيِّئَةُۢ بِمَا قَدَّمَتۡ أَيۡدِيهِمۡ إِذَا هُمۡ يَقۡنَطُونَ","TajweedText":"وَإِذ<tajweed class=madda_obligatory>َآ</tajweed> أَذَ<tajweed class=qalaqah>قْ</tajweed>نَا <tajweed class=ham_wasl>ٱ</tajweed><tajweed class=laam_shamsiyah>ل</tajweed><tajweed class=ghunnah>نّ</tajweed>َاسَ رَحْمَ<tajweed class=ikhafa>ةً ف</tajweed>َرِحُو<tajweed class=slnt>اْ</tajweed> بِهَا‌ۖ وَإِ<tajweed class=ikhafa>ن ت</tajweed>ُصِ<tajweed class=qalaqah>بْ</tajweed>هُمْ سَيِّئَ<tajweed class=iqlab>ةُۢ ب</tajweed>ِمَا قَدَّمَتْ أَيْدِيهِمْ إِذَا هُمْ يَ<tajweed class=qalaqah>قْ</tajweed>نَط<tajweed class=madda_permissible>ُو</tajweed>نَ <span class=end>٣٦</span>","End":"٣٦","PageNumber":408,"JuzNumber":21,"ManzilNumber":5,"RukuNumber":352,"MaqraNumber":163,"HizbNumber":41,"HizbDecimal":0.5,"HasSajda":false},{"SurahNumber":30,"SurahIndex":"030","VerseNumber":37,"ShowSurahName":false,"ShowBismillah":false,"Text":"أَوَلَمۡ يَرَوۡاْ أَنَّ ٱللَّهَ يَبۡسُطُ ٱلرِّزۡقَ لِمَن يَشَآءُ وَيَقۡدِرُۚ إِنَّ فِي ذَٰلِكَ لَأٓيَٰتٖ لِّقَوۡمٖ يُؤۡمِنُونَ","TajweedText":"أَوَلَمْ يَرَوْ<tajweed class=slnt>اْ</tajweed> أَ<tajweed class=ghunnah>نّ</tajweed>َ <tajweed class=ham_wasl>ٱ</tajweed>للَّهَ يَ<tajweed class=qalaqah>بْ</tajweed>سُطُ <tajweed class=ham_wasl>ٱ</tajweed><tajweed class=laam_shamsiyah>ل</tajweed>رِّزْقَ لِم<tajweed class=idgham_ghunnah>َن ي</tajweed>َش<tajweed class=madda_obligatory>َا</tajweed>ٓءُ وَيَ<tajweed class=qalaqah>قْ</tajweed>دِرُ‌ۚ إِ<tajweed class=ghunnah>نّ</tajweed>َ فِى ذ<tajweed class=madda_normal>َٲ</tajweed>لِكَ لَأَيَ<tajweed class=madda_normal>ـٰ</tajweed><tajweed class=idgham_wo_ghunnah>تٍ ل</tajweed>ِّقَوْ<tajweed class=idgham_ghunnah>مٍ ي</tajweed>ُؤْمِن<tajweed class=madda_permissible>ُو</tajweed>نَ <span class=end>٣٧</span>","End":"٣٧","PageNumber":408,"JuzNumber":21,"ManzilNumber":5,"RukuNumber":352,"MaqraNumber":163,"HizbNumber":41,"HizbDecimal":0.5,"HasSajda":false},{"SurahNumber":30,"SurahIndex":"030","VerseNumber":38,"ShowSurahName":false,"ShowBismillah":false,"Text":"فَـَٔاتِ ذَا ٱلۡقُرۡبَىٰ حَقَّهُۥ وَٱلۡمِسۡكِينَ وَٱبۡنَ ٱلسَّبِيلِۚ ذَٰلِكَ خَيۡرٞ لِّلَّذِينَ يُرِيدُونَ وَجۡهَ ٱللَّهِۖ وَأُوْلَـٰٓئِكَ هُمُ ٱلۡمُفۡلِحُونَ","TajweedText":"فَـَٔـاتِ ذَا <tajweed class=ham_wasl>ٱ</tajweed>لْقُرْبَىٰ حَقَّهُ<tajweed class=madda_normal>ۥ</tajweed> وَ<tajweed class=ham_wasl>ٱ</tajweed>لْمِسْكِينَ وَ<tajweed class=ham_wasl>ٱ</tajweed><tajweed class=qalaqah>بْ</tajweed>نَ <tajweed class=ham_wasl>ٱ</tajweed><tajweed class=laam_shamsiyah>ل</tajweed>سَّبِيلِ‌ۚ ذ<tajweed class=madda_normal>َٲ</tajweed>لِكَ خَيْ<tajweed class=idgham_wo_ghunnah>رٌ ل</tajweed>ِّلَّذِينَ يُرِيدُونَ وَ<tajweed class=qalaqah>جْ</tajweed>هَ <tajweed class=ham_wasl>ٱ</tajweed>للَّهِ‌ۖ وَأُ<tajweed class=slnt>وْ</tajweed>لَ<tajweed class=madda_obligatory>ـٰٓ</tajweed>ئِكَ هُمُ <tajweed class=ham_wasl>ٱ</tajweed>لْمُفْلِح<tajweed class=madda_permissible>ُو</tajweed>نَ <span class=end>٣٨</span>","End":"٣٨","PageNumber":408,"JuzNumber":21,"ManzilNumber":5,"RukuNumber":352,"MaqraNumber":163,"HizbNumber":41,"HizbDecimal":0.5,"HasSajda":false},{"SurahNumber":30,"SurahIndex":"030","VerseNumber":39,"ShowSurahName":false,"ShowBismillah":false,"Text":"وَمَآ ءَاتَيۡتُم مِّن رِّبٗا لِّيَرۡبُوَاْ فِيٓ أَمۡوَٰلِ ٱلنَّاسِ فَلَا يَرۡبُواْ عِندَ ٱللَّهِۖ وَمَآ ءَاتَيۡتُم مِّن زَكَوٰةٖ تُرِيدُونَ وَجۡهَ ٱللَّهِ فَأُوْلَـٰٓئِكَ هُمُ ٱلۡمُضۡعِفُونَ","TajweedText":"وَم<tajweed class=madda_obligatory>َآ</tajweed> ءَاتَيْت<tajweed class=idgham_shafawi>ُم م</tajweed>ّ<tajweed class=idgham_wo_ghunnah>ِن ر</tajweed>ِّ<tajweed class=idgham_wo_ghunnah>بًا ل</tajweed>ِّيَرْبُوَ<tajweed class=slnt>اْ</tajweed> ف<tajweed class=madda_obligatory>ِىٓ</tajweed> أَمْو<tajweed class=madda_normal>َٲ</tajweed>لِ <tajweed class=ham_wasl>ٱ</tajweed><tajweed class=laam_shamsiyah>ل</tajweed><tajweed class=ghunnah>نّ</tajweed>َاسِ فَلَا يَرْبُو<tajweed class=slnt>اْ</tajweed> عِ<tajweed class=ikhafa>ند</tajweed>َ <tajweed class=ham_wasl>ٱ</tajweed>للَّهِ‌ۖ وَم<tajweed class=madda_obligatory>َآ</tajweed> ءَاتَيْت<tajweed class=idgham_shafawi>ُم م</tajweed>ِّ<tajweed class=ikhafa>ن ز</tajweed>َكَ<tajweed class=slnt>و</tajweed><tajweed class=madda_normal>ٲ</tajweed><tajweed class=ikhafa>ةٍ ت</tajweed>ُرِيدُونَ وَ<tajweed class=qalaqah>جْ</tajweed>هَ <tajweed class=ham_wasl>ٱ</tajweed>للَّهِ فَأُ<tajweed class=slnt>وْ</tajweed>لَ<tajweed class=madda_obligatory>ـٰٓ</tajweed>ئِكَ هُمُ <tajweed class=ham_wasl>ٱ</tajweed>لْمُضْعِف<tajweed class=madda_permissible>ُو</tajweed>نَ <span class=end>٣٩</span>","End":"٣٩","PageNumber":408,"JuzNumber":21,"ManzilNumber":5,"RukuNumber":352,"MaqraNumber":163,"HizbNumber":41,"HizbDecimal":0.5,"HasSajda":false},{"SurahNumber":30,"SurahIndex":"030","VerseNumber":40,"ShowSurahName":false,"ShowBismillah":false,"Text":"ٱللَّهُ ٱلَّذِي خَلَقَكُمۡ ثُمَّ رَزَقَكُمۡ ثُمَّ يُمِيتُكُمۡ ثُمَّ يُحۡيِيكُمۡۖ هَلۡ مِن شُرَكَآئِكُم مَّن يَفۡعَلُ مِن ذَٰلِكُم مِّن شَيۡءٖۚ سُبۡحَٰنَهُۥ وَتَعَٰلَىٰ عَمَّا يُشۡرِكُونَ","TajweedText":"ٱللَّهُ <tajweed class=ham_wasl>ٱ</tajweed>لَّذِى خَلَقَكُمْ ثُ<tajweed class=ghunnah>مّ</tajweed>َ رَزَقَكُمْ ثُ<tajweed class=ghunnah>مّ</tajweed>َ يُمِيتُكُمْ ثُ<tajweed class=ghunnah>مّ</tajweed>َ يُحْيِيكُمْ‌ۖ هَلْ مِ<tajweed class=ikhafa>ن ش</tajweed>ُرَك<tajweed class=madda_obligatory>َا</tajweed>ٓئِك<tajweed class=idgham_shafawi>ُم م</tajweed>ّ<tajweed class=idgham_ghunnah>َن ي</tajweed>َفْعَلُ مِ<tajweed class=ikhafa>ن ذ</tajweed><tajweed class=madda_normal>َٲ</tajweed>لِك<tajweed class=idgham_shafawi>ُم م</tajweed>ِّ<tajweed class=ikhafa>ن ش</tajweed><tajweed class=ikhafa>َىْءٍ‌ۚ س</tajweed>ُ<tajweed class=qalaqah>بْ</tajweed>حَ<tajweed class=madda_normal>ـٰ</tajweed>نَهُ<tajweed class=madda_normal>ۥ</tajweed> وَتَعَ<tajweed class=madda_normal>ـٰ</tajweed>لَىٰ عَ<tajweed class=ghunnah>مّ</tajweed>َا يُشْرِك<tajweed class=madda_permissible>ُو</tajweed>نَ <span class=end>٤٠</span>","End":"٤٠","PageNumber":408,"JuzNumber":21,"ManzilNumber":5,"RukuNumber":352,"MaqraNumber":163,"HizbNumber":41,"HizbDecimal":0.5,"HasSajda":false}]}