{"RukuNumber":277,"Verses":[{"SurahNumber":20,"SurahIndex":"020","VerseNumber":129,"ShowSurahName":false,"ShowBismillah":false,"Text":"وَلَوۡلَا كَلِمَةٞ سَبَقَتۡ مِن رَّبِّكَ لَكَانَ لِزَامٗا وَأَجَلٞ مُّسَمّٗى","TajweedText":"وَلَوْلَا كَلِمَ<tajweed class=ikhafa>ةٌ س</tajweed>َبَقَتْ م<tajweed class=idgham_wo_ghunnah>ِن ر</tajweed>َّبِّكَ لَكَانَ لِزَا<tajweed class=idgham_ghunnah>مًا و</tajweed>َأَجَ<tajweed class=idgham_ghunnah>لٌ م</tajweed>ُّسَ<tajweed class=ghunnah>مّ</tajweed>ًى <span class=end>١٢٩</span>","End":"١٢٩","PageNumber":321,"JuzNumber":16,"ManzilNumber":4,"RukuNumber":277,"MaqraNumber":128,"HizbNumber":32,"HizbDecimal":0.75,"HasSajda":false},{"SurahNumber":20,"SurahIndex":"020","VerseNumber":130,"ShowSurahName":false,"ShowBismillah":false,"Text":"فَٱصۡبِرۡ عَلَىٰ مَا يَقُولُونَ وَسَبِّحۡ بِحَمۡدِ رَبِّكَ قَبۡلَ طُلُوعِ ٱلشَّمۡسِ وَقَبۡلَ غُرُوبِهَاۖ وَمِنۡ ءَانَآيِٕ ٱلَّيۡلِ فَسَبِّحۡ وَأَطۡرَافَ ٱلنَّهَارِ لَعَلَّكَ تَرۡضَىٰ","TajweedText":"فَ<tajweed class=ham_wasl>ٱ</tajweed>صْبِرْ عَلَىٰ مَا يَقُولُونَ وَسَبِّحْ بِحَمْدِ رَبِّكَ قَ<tajweed class=qalaqah>بْ</tajweed>لَ طُلُوعِ <tajweed class=ham_wasl>ٱ</tajweed><tajweed class=laam_shamsiyah>ل</tajweed>شَّمْسِ وَقَ<tajweed class=qalaqah>بْ</tajweed>لَ غُرُوبِهَا‌ۖ وَمِنْ ءَانَآىِٕ <tajweed class=ham_wasl>ٱ</tajweed>لَّيْلِ فَسَبِّحْ وَأَ<tajweed class=qalaqah>طْ</tajweed>رَافَ <tajweed class=ham_wasl>ٱ</tajweed><tajweed class=laam_shamsiyah>ل</tajweed><tajweed class=ghunnah>نّ</tajweed>َهَارِ لَعَلَّكَ تَرْضَىٰ <span class=end>١٣٠</span>","End":"١٣٠","PageNumber":321,"JuzNumber":16,"ManzilNumber":4,"RukuNumber":277,"MaqraNumber":128,"HizbNumber":32,"HizbDecimal":0.75,"HasSajda":false},{"SurahNumber":20,"SurahIndex":"020","VerseNumber":131,"ShowSurahName":false,"ShowBismillah":false,"Text":"وَلَا تَمُدَّنَّ عَيۡنَيۡكَ إِلَىٰ مَا مَتَّعۡنَا بِهِۦٓ أَزۡوَٰجٗا مِّنۡهُمۡ زَهۡرَةَ ٱلۡحَيَوٰةِ ٱلدُّنۡيَا لِنَفۡتِنَهُمۡ فِيهِۚ وَرِزۡقُ رَبِّكَ خَيۡرٞ وَأَبۡقَىٰ","TajweedText":"وَلَا تَمُدَّ<tajweed class=ghunnah>نّ</tajweed>َ عَيْنَيْكَ إِلَىٰ مَا مَتَّعْنَا بِه<tajweed class=madda_obligatory>ِۦٓ</tajweed> أَزْو<tajweed class=madda_normal>َٲ</tajweed><tajweed class=idgham_ghunnah>جًا م</tajweed>ِّنْهُمْ زَهْرَةَ <tajweed class=ham_wasl>ٱ</tajweed>لْحَيَ<tajweed class=slnt>و</tajweed><tajweed class=madda_normal>ٲ</tajweed>ةِ <tajweed class=ham_wasl>ٱ</tajweed><tajweed class=laam_shamsiyah>ل</tajweed>دُّنْيَا لِنَفْتِنَهُمْ فِيهِ‌ۚ وَرِزْقُ رَبِّكَ خَيْ<tajweed class=idgham_ghunnah>رٌ و</tajweed>َأَ<tajweed class=qalaqah>بْ</tajweed>قَىٰ <span class=end>١٣١</span>","End":"١٣١","PageNumber":321,"JuzNumber":16,"ManzilNumber":4,"RukuNumber":277,"MaqraNumber":128,"HizbNumber":32,"HizbDecimal":0.75,"HasSajda":false},{"SurahNumber":20,"SurahIndex":"020","VerseNumber":132,"ShowSurahName":false,"ShowBismillah":false,"Text":"وَأۡمُرۡ أَهۡلَكَ بِٱلصَّلَوٰةِ وَٱصۡطَبِرۡ عَلَيۡهَاۖ لَا نَسۡـَٔلُكَ رِزۡقٗاۖ نَّحۡنُ نَرۡزُقُكَۗ وَٱلۡعَٰقِبَةُ لِلتَّقۡوَىٰ","TajweedText":"وَأْمُرْ أَهْلَكَ بِ<tajweed class=ham_wasl>ٱ</tajweed><tajweed class=laam_shamsiyah>ل</tajweed>صَّلَ<tajweed class=slnt>و</tajweed><tajweed class=madda_normal>ٲ</tajweed>ةِ وَ<tajweed class=ham_wasl>ٱ</tajweed>صْطَبِرْ عَلَيْهَا‌ۖ لَا نَسْــَٔلُكَ رِزْ<tajweed class=idgham_ghunnah>قًا‌ۖ ن</tajweed>َّحْنُ نَرْزُقُكَ‌ۗ وَ<tajweed class=ham_wasl>ٱ</tajweed>لْعَ<tajweed class=madda_normal>ـٰ</tajweed>قِبَةُ لِلتَّ<tajweed class=qalaqah>قْ</tajweed>وَىٰ <span class=end>١٣٢</span>","End":"١٣٢","PageNumber":321,"JuzNumber":16,"ManzilNumber":4,"RukuNumber":277,"MaqraNumber":128,"HizbNumber":32,"HizbDecimal":0.75,"HasSajda":false},{"SurahNumber":20,"SurahIndex":"020","VerseNumber":133,"ShowSurahName":false,"ShowBismillah":false,"Text":"وَقَالُواْ لَوۡلَا يَأۡتِينَا بِـَٔايَةٖ مِّن رَّبِّهِۦٓۚ أَوَلَمۡ تَأۡتِهِم بَيِّنَةُ مَا فِي ٱلصُّحُفِ ٱلۡأُولَىٰ","TajweedText":"وَقَالُو<tajweed class=slnt>اْ</tajweed> لَوْلَا يَأْتِينَا بِـَٔـايَ<tajweed class=idgham_ghunnah>ةٍ م</tajweed>ّ<tajweed class=idgham_wo_ghunnah>ِن ر</tajweed>َّبِّه<tajweed class=madda_obligatory>ِۦٓ‌ۚ</tajweed> أَوَلَمْ تَأْتِه<tajweed class=ikhafa_shafawi>ِم ب</tajweed>َيِّنَةُ مَا فِى <tajweed class=ham_wasl>ٱ</tajweed><tajweed class=laam_shamsiyah>ل</tajweed>صُّحُفِ <tajweed class=ham_wasl>ٱ</tajweed>لْأُولَىٰ <span class=end>١٣٣</span>","End":"١٣٣","PageNumber":321,"JuzNumber":16,"ManzilNumber":4,"RukuNumber":277,"MaqraNumber":128,"HizbNumber":32,"HizbDecimal":0.75,"HasSajda":false},{"SurahNumber":20,"SurahIndex":"020","VerseNumber":134,"ShowSurahName":false,"ShowBismillah":false,"Text":"وَلَوۡ أَنَّآ أَهۡلَكۡنَٰهُم بِعَذَابٖ مِّن قَبۡلِهِۦ لَقَالُواْ رَبَّنَا لَوۡلَآ أَرۡسَلۡتَ إِلَيۡنَا رَسُولٗا فَنَتَّبِعَ ءَايَٰتِكَ مِن قَبۡلِ أَن نَّذِلَّ وَنَخۡزَىٰ","TajweedText":"وَلَوْ أَ<tajweed class=ghunnah>نّ</tajweed><tajweed class=madda_obligatory>َآ</tajweed> أَهْلَكْنَ<tajweed class=madda_normal>ـٰ</tajweed>ه<tajweed class=ikhafa_shafawi>ُم ب</tajweed>ِعَذَا<tajweed class=idgham_ghunnah>بٍ م</tajweed>ِّ<tajweed class=ikhafa>ن ق</tajweed>َ<tajweed class=qalaqah>بْ</tajweed>لِه<tajweed class=madda_normal>ِۦ</tajweed> لَقَالُو<tajweed class=slnt>اْ</tajweed> رَبَّنَا لَوْل<tajweed class=madda_obligatory>َآ</tajweed> أَرْسَلْتَ إِلَيْنَا رَسُول<tajweed class=ikhafa>اً ف</tajweed>َنَتَّبِعَ ءَايَ<tajweed class=madda_normal>ـٰ</tajweed>تِكَ مِ<tajweed class=ikhafa>ن ق</tajweed>َ<tajweed class=qalaqah>بْ</tajweed>لِ أ<tajweed class=idgham_ghunnah>َن ن</tajweed>َّذِلَّ وَنَخْزَىٰ <span class=end>١٣٤</span>","End":"١٣٤","PageNumber":321,"JuzNumber":16,"ManzilNumber":4,"RukuNumber":277,"MaqraNumber":128,"HizbNumber":32,"HizbDecimal":0.75,"HasSajda":false},{"SurahNumber":20,"SurahIndex":"020","VerseNumber":135,"ShowSurahName":false,"ShowBismillah":false,"Text":"قُلۡ كُلّٞ مُّتَرَبِّصٞ فَتَرَبَّصُواْۖ فَسَتَعۡلَمُونَ مَنۡ أَصۡحَٰبُ ٱلصِّرَٰطِ ٱلسَّوِيِّ وَمَنِ ٱهۡتَدَىٰ","TajweedText":"قُلْ كُ<tajweed class=idgham_ghunnah>لٌّ م</tajweed>ُّتَرَبِّ<tajweed class=ikhafa>صٌ ف</tajweed>َتَرَبَّصُو<tajweed class=slnt>اْ‌ۖ</tajweed> فَسَتَعْلَمُونَ مَنْ أَصْحَ<tajweed class=madda_normal>ـٰ</tajweed>بُ <tajweed class=ham_wasl>ٱ</tajweed><tajweed class=laam_shamsiyah>ل</tajweed>صِّر<tajweed class=madda_normal>َٲ</tajweed>طِ <tajweed class=ham_wasl>ٱ</tajweed><tajweed class=laam_shamsiyah>ل</tajweed>سَّوِىِّ وَمَنِ <tajweed class=ham_wasl>ٱ</tajweed>هْتَدَىٰ <span class=end>١٣٥</span>","End":"١٣٥","PageNumber":321,"JuzNumber":16,"ManzilNumber":4,"RukuNumber":277,"MaqraNumber":128,"HizbNumber":32,"HizbDecimal":0.75,"HasSajda":false}]}