{"RukuNumber":44,"Verses":[{"SurahNumber":3,"SurahIndex":"003","VerseNumber":21,"ShowSurahName":false,"ShowBismillah":false,"Text":"إِنَّ ٱلَّذِينَ يَكۡفُرُونَ بِـَٔايَٰتِ ٱللَّهِ وَيَقۡتُلُونَ ٱلنَّبِيِّـۧنَ بِغَيۡرِ حَقّٖ وَيَقۡتُلُونَ ٱلَّذِينَ يَأۡمُرُونَ بِٱلۡقِسۡطِ مِنَ ٱلنَّاسِ فَبَشِّرۡهُم بِعَذَابٍ أَلِيمٍ","TajweedText":"إِ<tajweed class=ghunnah>نّ</tajweed>َ <tajweed class=ham_wasl>ٱ</tajweed>لَّذِينَ يَكْفُرُونَ بِـَٔـايَ<tajweed class=madda_normal>ـٰ</tajweed>تِ <tajweed class=ham_wasl>ٱ</tajweed>للَّهِ وَيَ<tajweed class=qalaqah>قْ</tajweed>تُلُونَ <tajweed class=ham_wasl>ٱ</tajweed><tajweed class=laam_shamsiyah>ل</tajweed><tajweed class=ghunnah>نّ</tajweed>َبِيِّـ<tajweed class=madda_normal>ـۧ</tajweed>نَ بِغَيْرِ حَ<tajweed class=idgham_ghunnah>قٍّ و</tajweed>َيَ<tajweed class=qalaqah>قْ</tajweed>تُلُونَ <tajweed class=ham_wasl>ٱ</tajweed>لَّذِينَ يَأْمُرُونَ بِ<tajweed class=ham_wasl>ٱ</tajweed>لْقِسْطِ مِنَ <tajweed class=ham_wasl>ٱ</tajweed><tajweed class=laam_shamsiyah>ل</tajweed><tajweed class=ghunnah>نّ</tajweed>َاسِ فَبَشِّرْه<tajweed class=ikhafa_shafawi>ُم ب</tajweed>ِعَذَابٍ أَل<tajweed class=madda_permissible>ِي</tajweed>مٍ <span class=end>٢١</span>","End":"٢١","PageNumber":52,"JuzNumber":3,"ManzilNumber":1,"RukuNumber":44,"MaqraNumber":21,"HizbNumber":6,"HizbDecimal":0.0,"HasSajda":false},{"SurahNumber":3,"SurahIndex":"003","VerseNumber":22,"ShowSurahName":false,"ShowBismillah":false,"Text":"أُوْلَـٰٓئِكَ ٱلَّذِينَ حَبِطَتۡ أَعۡمَٰلُهُمۡ فِي ٱلدُّنۡيَا وَٱلۡأٓخِرَةِ وَمَا لَهُم مِّن نَّـٰصِرِينَ","TajweedText":"أُ<tajweed class=slnt>وْ</tajweed>لَ<tajweed class=madda_obligatory>ـٰٓ</tajweed>ئِكَ <tajweed class=ham_wasl>ٱ</tajweed>لَّذِينَ حَبِطَتْ أَعْمَ<tajweed class=madda_normal>ـٰ</tajweed>لُهُمْ فِى <tajweed class=ham_wasl>ٱ</tajweed><tajweed class=laam_shamsiyah>ل</tajweed>دُّنْيَا وَ<tajweed class=ham_wasl>ٱ</tajweed>لْأَخِرَةِ وَمَا لَه<tajweed class=idgham_shafawi>ُم م</tajweed>ّ<tajweed class=idgham_ghunnah>ِن ن</tajweed>َّ<tajweed class=madda_normal>ـٰ</tajweed>صِر<tajweed class=madda_permissible>ِي</tajweed>نَ <span class=end>٢٢</span>","End":"٢٢","PageNumber":52,"JuzNumber":3,"ManzilNumber":1,"RukuNumber":44,"MaqraNumber":21,"HizbNumber":6,"HizbDecimal":0.0,"HasSajda":false},{"SurahNumber":3,"SurahIndex":"003","VerseNumber":23,"ShowSurahName":false,"ShowBismillah":false,"Text":"أَلَمۡ تَرَ إِلَى ٱلَّذِينَ أُوتُواْ نَصِيبٗا مِّنَ ٱلۡكِتَٰبِ يُدۡعَوۡنَ إِلَىٰ كِتَٰبِ ٱللَّهِ لِيَحۡكُمَ بَيۡنَهُمۡ ثُمَّ يَتَوَلَّىٰ فَرِيقٞ مِّنۡهُمۡ وَهُم مُّعۡرِضُونَ","TajweedText":"أَلَمْ تَرَ إِلَى <tajweed class=ham_wasl>ٱ</tajweed>لَّذِينَ أُوتُو<tajweed class=slnt>اْ</tajweed> نَصِي<tajweed class=idgham_ghunnah>بًا م</tajweed>ِّنَ <tajweed class=ham_wasl>ٱ</tajweed>لْكِتَ<tajweed class=madda_normal>ـٰ</tajweed>بِ يُ<tajweed class=qalaqah>دْ</tajweed>عَوْنَ إِلَىٰ كِتَ<tajweed class=madda_normal>ـٰ</tajweed>بِ <tajweed class=ham_wasl>ٱ</tajweed>للَّهِ لِيَحْكُمَ بَيْنَهُمْ ثُ<tajweed class=ghunnah>مّ</tajweed>َ يَتَوَلَّىٰ فَرِي<tajweed class=idgham_ghunnah>قٌ م</tajweed>ِّنْهُمْ وَه<tajweed class=idgham_shafawi>ُم م</tajweed>ُّعْرِض<tajweed class=madda_permissible>ُو</tajweed>نَ <span class=end>٢٣</span>","End":"٢٣","PageNumber":53,"JuzNumber":3,"ManzilNumber":1,"RukuNumber":44,"MaqraNumber":21,"HizbNumber":6,"HizbDecimal":0.0,"HasSajda":false},{"SurahNumber":3,"SurahIndex":"003","VerseNumber":24,"ShowSurahName":false,"ShowBismillah":false,"Text":"ذَٰلِكَ بِأَنَّهُمۡ قَالُواْ لَن تَمَسَّنَا ٱلنَّارُ إِلَّآ أَيَّامٗا مَّعۡدُودَٰتٖۖ وَغَرَّهُمۡ فِي دِينِهِم مَّا كَانُواْ يَفۡتَرُونَ","TajweedText":"ذ<tajweed class=madda_normal>َٲ</tajweed>لِكَ بِأَ<tajweed class=ghunnah>نّ</tajweed>َهُمْ قَالُو<tajweed class=slnt>اْ</tajweed> لَ<tajweed class=ikhafa>ن ت</tajweed>َمَسَّنَا <tajweed class=ham_wasl>ٱ</tajweed><tajweed class=laam_shamsiyah>ل</tajweed><tajweed class=ghunnah>نّ</tajweed>َارُ إِلّ<tajweed class=madda_obligatory>َآ</tajweed> أَيَّا<tajweed class=idgham_ghunnah>مًا م</tajweed>َّعْدُود<tajweed class=madda_normal>َٲ</tajweed><tajweed class=idgham_ghunnah>تٍ‌ۖ و</tajweed>َغَرَّهُمْ فِى دِينِه<tajweed class=idgham_shafawi>ِم م</tajweed>َّا كَانُو<tajweed class=slnt>اْ</tajweed> يَفْتَر<tajweed class=madda_permissible>ُو</tajweed>نَ <span class=end>٢٤</span>","End":"٢٤","PageNumber":53,"JuzNumber":3,"ManzilNumber":1,"RukuNumber":44,"MaqraNumber":21,"HizbNumber":6,"HizbDecimal":0.0,"HasSajda":false},{"SurahNumber":3,"SurahIndex":"003","VerseNumber":25,"ShowSurahName":false,"ShowBismillah":false,"Text":"فَكَيۡفَ إِذَا جَمَعۡنَٰهُمۡ لِيَوۡمٖ لَّا رَيۡبَ فِيهِ وَوُفِّيَتۡ كُلُّ نَفۡسٖ مَّا كَسَبَتۡ وَهُمۡ لَا يُظۡلَمُونَ","TajweedText":"فَكَيْفَ إِذَا جَمَعْنَ<tajweed class=madda_normal>ـٰ</tajweed>هُمْ لِيَوْ<tajweed class=idgham_wo_ghunnah>مٍ ل</tajweed>َّا رَيْبَ فِيهِ وَوُفِّيَتْ كُلُّ نَفْ<tajweed class=idgham_ghunnah>سٍ م</tajweed>َّا كَسَبَتْ وَهُمْ لَا يُظْلَم<tajweed class=madda_permissible>ُو</tajweed>نَ <span class=end>٢٥</span>","End":"٢٥","PageNumber":53,"JuzNumber":3,"ManzilNumber":1,"RukuNumber":44,"MaqraNumber":21,"HizbNumber":6,"HizbDecimal":0.0,"HasSajda":false},{"SurahNumber":3,"SurahIndex":"003","VerseNumber":26,"ShowSurahName":false,"ShowBismillah":false,"Text":"قُلِ ٱللَّهُمَّ مَٰلِكَ ٱلۡمُلۡكِ تُؤۡتِي ٱلۡمُلۡكَ مَن تَشَآءُ وَتَنزِعُ ٱلۡمُلۡكَ مِمَّن تَشَآءُ وَتُعِزُّ مَن تَشَآءُ وَتُذِلُّ مَن تَشَآءُۖ بِيَدِكَ ٱلۡخَيۡرُۖ إِنَّكَ عَلَىٰ كُلِّ شَيۡءٖ قَدِيرٞ","TajweedText":"قُلِ <tajweed class=ham_wasl>ٱ</tajweed><tajweed class=laam_shamsiyah>ل</tajweed>لَّهُ<tajweed class=ghunnah>مّ</tajweed>َ مَ<tajweed class=madda_normal>ـٰ</tajweed>لِكَ <tajweed class=ham_wasl>ٱ</tajweed>لْمُلْكِ تُؤْتِى <tajweed class=ham_wasl>ٱ</tajweed>لْمُلْكَ مَ<tajweed class=ikhafa>ن ت</tajweed>َش<tajweed class=madda_obligatory>َا</tajweed>ٓءُ وَتَ<tajweed class=ikhafa>نز</tajweed>ِعُ <tajweed class=ham_wasl>ٱ</tajweed>لْمُلْكَ مِ<tajweed class=ghunnah>مّ</tajweed>َ<tajweed class=ikhafa>ن ت</tajweed>َش<tajweed class=madda_obligatory>َا</tajweed>ٓءُ وَتُعِزُّ مَ<tajweed class=ikhafa>ن ت</tajweed>َش<tajweed class=madda_obligatory>َا</tajweed>ٓءُ وَتُذِلُّ مَ<tajweed class=ikhafa>ن ت</tajweed>َش<tajweed class=madda_obligatory>َا</tajweed>ٓءُ‌ۖ بِيَدِكَ <tajweed class=ham_wasl>ٱ</tajweed>لْخَيْرُ‌ۖ إِ<tajweed class=ghunnah>نّ</tajweed>َكَ عَلَىٰ كُلِّ ش<tajweed class=ikhafa>َىْءٍ ق</tajweed>َد<tajweed class=madda_permissible>ِي</tajweed>رٌ <span class=end>٢٦</span>","End":"٢٦","PageNumber":53,"JuzNumber":3,"ManzilNumber":1,"RukuNumber":44,"MaqraNumber":21,"HizbNumber":6,"HizbDecimal":0.0,"HasSajda":false},{"SurahNumber":3,"SurahIndex":"003","VerseNumber":27,"ShowSurahName":false,"ShowBismillah":false,"Text":"تُولِجُ ٱلَّيۡلَ فِي ٱلنَّهَارِ وَتُولِجُ ٱلنَّهَارَ فِي ٱلَّيۡلِۖ وَتُخۡرِجُ ٱلۡحَيَّ مِنَ ٱلۡمَيِّتِ وَتُخۡرِجُ ٱلۡمَيِّتَ مِنَ ٱلۡحَيِّۖ وَتَرۡزُقُ مَن تَشَآءُ بِغَيۡرِ حِسَابٖ","TajweedText":"تُولِجُ <tajweed class=ham_wasl>ٱ</tajweed>لَّيْلَ فِى <tajweed class=ham_wasl>ٱ</tajweed><tajweed class=laam_shamsiyah>ل</tajweed><tajweed class=ghunnah>نّ</tajweed>َهَارِ وَتُولِجُ <tajweed class=ham_wasl>ٱ</tajweed><tajweed class=laam_shamsiyah>ل</tajweed><tajweed class=ghunnah>نّ</tajweed>َهَارَ فِى <tajweed class=ham_wasl>ٱ</tajweed>لَّيْلِ‌ۖ وَتُخْرِجُ <tajweed class=ham_wasl>ٱ</tajweed>لْحَىَّ مِنَ <tajweed class=ham_wasl>ٱ</tajweed>لْمَيِّتِ وَتُخْرِجُ <tajweed class=ham_wasl>ٱ</tajweed>لْمَيِّتَ مِنَ <tajweed class=ham_wasl>ٱ</tajweed>لْحَىِّ‌ۖ وَتَرْزُقُ مَ<tajweed class=ikhafa>ن ت</tajweed>َش<tajweed class=madda_obligatory>َا</tajweed>ٓءُ بِغَيْرِ حِس<tajweed class=madda_permissible>َا</tajweed><tajweed class=qalaqah>ب</tajweed>ٍ <span class=end>٢٧</span>","End":"٢٧","PageNumber":53,"JuzNumber":3,"ManzilNumber":1,"RukuNumber":44,"MaqraNumber":21,"HizbNumber":6,"HizbDecimal":0.0,"HasSajda":false},{"SurahNumber":3,"SurahIndex":"003","VerseNumber":28,"ShowSurahName":false,"ShowBismillah":false,"Text":"لَّا يَتَّخِذِ ٱلۡمُؤۡمِنُونَ ٱلۡكَٰفِرِينَ أَوۡلِيَآءَ مِن دُونِ ٱلۡمُؤۡمِنِينَۖ وَمَن يَفۡعَلۡ ذَٰلِكَ فَلَيۡسَ مِنَ ٱللَّهِ فِي شَيۡءٍ إِلَّآ أَن تَتَّقُواْ مِنۡهُمۡ تُقَىٰةٗۗ وَيُحَذِّرُكُمُ ٱللَّهُ نَفۡسَهُۥۗ وَإِلَى ٱللَّهِ ٱلۡمَصِيرُ","TajweedText":"لَّا يَتَّخِذِ <tajweed class=ham_wasl>ٱ</tajweed>لْمُؤْمِنُونَ <tajweed class=ham_wasl>ٱ</tajweed>لْكَ<tajweed class=madda_normal>ـٰ</tajweed>فِرِينَ أَوْلِي<tajweed class=madda_obligatory>َا</tajweed>ٓءَ مِ<tajweed class=ikhafa>ن د</tajweed>ُونِ <tajweed class=ham_wasl>ٱ</tajweed>لْمُؤْمِنِينَ‌ۖ وَم<tajweed class=idgham_ghunnah>َن ي</tajweed>َفْعَلْ ذ<tajweed class=madda_normal>َٲ</tajweed>لِكَ فَلَيْسَ مِنَ <tajweed class=ham_wasl>ٱ</tajweed>للَّهِ فِى شَىْءٍ إِلّ<tajweed class=madda_obligatory>َآ</tajweed> أَ<tajweed class=ikhafa>ن ت</tajweed>َتَّقُو<tajweed class=slnt>اْ</tajweed> مِنْهُمْ تُقَ<tajweed class=madda_normal>ـٰ</tajweed><tajweed class=idgham_ghunnah>ةً‌ۗ و</tajweed>َيُحَذِّرُكُمُ <tajweed class=ham_wasl>ٱ</tajweed>للَّهُ نَفْسَهُ<tajweed class=madda_normal>ۥ</tajweed>‌ۗ وَإِلَى <tajweed class=ham_wasl>ٱ</tajweed>للَّهِ <tajweed class=ham_wasl>ٱ</tajweed>لْمَص<tajweed class=madda_permissible>ِي</tajweed>رُ <span class=end>٢٨</span>","End":"٢٨","PageNumber":53,"JuzNumber":3,"ManzilNumber":1,"RukuNumber":44,"MaqraNumber":21,"HizbNumber":6,"HizbDecimal":0.0,"HasSajda":false},{"SurahNumber":3,"SurahIndex":"003","VerseNumber":29,"ShowSurahName":false,"ShowBismillah":false,"Text":"قُلۡ إِن تُخۡفُواْ مَا فِي صُدُورِكُمۡ أَوۡ تُبۡدُوهُ يَعۡلَمۡهُ ٱللَّهُۗ وَيَعۡلَمُ مَا فِي ٱلسَّمَٰوَٰتِ وَمَا فِي ٱلۡأَرۡضِۗ وَٱللَّهُ عَلَىٰ كُلِّ شَيۡءٖ قَدِيرٞ","TajweedText":"قُلْ إِ<tajweed class=ikhafa>ن ت</tajweed>ُخْفُو<tajweed class=slnt>اْ</tajweed> مَا فِى صُدُورِكُمْ أَوْ تُ<tajweed class=qalaqah>بْ</tajweed>دُوهُ يَعْلَمْهُ <tajweed class=ham_wasl>ٱ</tajweed>للَّهُ‌ۗ وَيَعْلَمُ مَا فِى <tajweed class=ham_wasl>ٱ</tajweed><tajweed class=laam_shamsiyah>ل</tajweed>سَّمَ<tajweed class=madda_normal>ـٰ</tajweed>و<tajweed class=madda_normal>َٲ</tajweed>تِ وَمَا فِى <tajweed class=ham_wasl>ٱ</tajweed>لْأَرْضِ‌ۗ وَ<tajweed class=ham_wasl>ٱ</tajweed>للَّهُ عَلَىٰ كُلِّ ش<tajweed class=ikhafa>َىْءٍ ق</tajweed>َد<tajweed class=madda_permissible>ِي</tajweed>رٌ <span class=end>٢٩</span>","End":"٢٩","PageNumber":53,"JuzNumber":3,"ManzilNumber":1,"RukuNumber":44,"MaqraNumber":21,"HizbNumber":6,"HizbDecimal":0.0,"HasSajda":false},{"SurahNumber":3,"SurahIndex":"003","VerseNumber":30,"ShowSurahName":false,"ShowBismillah":false,"Text":"يَوۡمَ تَجِدُ كُلُّ نَفۡسٖ مَّا عَمِلَتۡ مِنۡ خَيۡرٖ مُّحۡضَرٗا وَمَا عَمِلَتۡ مِن سُوٓءٖ تَوَدُّ لَوۡ أَنَّ بَيۡنَهَا وَبَيۡنَهُۥٓ أَمَدَۢا بَعِيدٗاۗ وَيُحَذِّرُكُمُ ٱللَّهُ نَفۡسَهُۥۗ وَٱللَّهُ رَءُوفُۢ بِٱلۡعِبَادِ","TajweedText":"يَوْمَ تَجِدُ كُلُّ نَفْ<tajweed class=idgham_ghunnah>سٍ م</tajweed>َّا عَمِلَتْ مِنْ خَيْ<tajweed class=idgham_ghunnah>رٍ م</tajweed>ُّحْضَ<tajweed class=idgham_ghunnah>رًا و</tajweed>َمَا عَمِلَتْ مِ<tajweed class=ikhafa>ن س</tajweed><tajweed class=madda_obligatory>ُو</tajweed>ٓ<tajweed class=ikhafa>ءٍ ت</tajweed>َوَدُّ لَوْ أَ<tajweed class=ghunnah>نّ</tajweed>َ بَيْنَهَا وَبَيْنَهُ<tajweed class=madda_obligatory>ۥٓ</tajweed> أَمَد<tajweed class=iqlab>َۢا ب</tajweed>َعِي<tajweed class=idgham_ghunnah>دًا‌ۗ و</tajweed>َيُحَذِّرُكُمُ <tajweed class=ham_wasl>ٱ</tajweed>للَّهُ نَفْسَهُ<tajweed class=madda_normal>ۥ</tajweed>‌ۗ وَ<tajweed class=ham_wasl>ٱ</tajweed>للَّهُ رَءُو<tajweed class=iqlab>فُۢ ب</tajweed>ِ<tajweed class=ham_wasl>ٱ</tajweed>لْعِب<tajweed class=madda_permissible>َا</tajweed><tajweed class=qalaqah>د</tajweed>ِ <span class=end>٣٠</span>","End":"٣٠","PageNumber":54,"JuzNumber":3,"ManzilNumber":1,"RukuNumber":44,"MaqraNumber":21,"HizbNumber":6,"HizbDecimal":0.0,"HasSajda":false}]}