{"RukuNumber":504,"Verses":[{"SurahNumber":71,"SurahIndex":"071","VerseNumber":1,"ShowSurahName":true,"ShowBismillah":true,"Text":"إِنَّآ أَرۡسَلۡنَا نُوحًا إِلَىٰ قَوۡمِهِۦٓ أَنۡ أَنذِرۡ قَوۡمَكَ مِن قَبۡلِ أَن يَأۡتِيَهُمۡ عَذَابٌ أَلِيمٞ","TajweedText":"إِ<tajweed class=ghunnah>نّ</tajweed><tajweed class=madda_obligatory>َآ</tajweed> أَرْسَلْنَا نُوحًا إِلَىٰ قَوْمِه<tajweed class=madda_obligatory>ِۦٓ</tajweed> أَنْ أَ<tajweed class=ikhafa>نذ</tajweed>ِرْ قَوْمَكَ مِ<tajweed class=ikhafa>ن ق</tajweed>َ<tajweed class=qalaqah>بْ</tajweed>لِ أ<tajweed class=idgham_ghunnah>َن ي</tajweed>َأْتِيَهُمْ عَذَابٌ أَل<tajweed class=madda_permissible>ِي</tajweed>مٌ <span class=end>١</span>","End":"١","PageNumber":570,"JuzNumber":29,"ManzilNumber":7,"RukuNumber":504,"MaqraNumber":228,"HizbNumber":57,"HizbDecimal":0.75,"HasSajda":false},{"SurahNumber":71,"SurahIndex":"071","VerseNumber":2,"ShowSurahName":false,"ShowBismillah":false,"Text":"قَالَ يَٰقَوۡمِ إِنِّي لَكُمۡ نَذِيرٞ مُّبِينٌ","TajweedText":"قَالَ يَ<tajweed class=madda_normal>ـٰ</tajweed>قَوْمِ إِ<tajweed class=ghunnah>نّ</tajweed>ِى لَكُمْ نَذِي<tajweed class=idgham_ghunnah>رٌ م</tajweed>ُّب<tajweed class=madda_permissible>ِي</tajweed>نٌ <span class=end>٢</span>","End":"٢","PageNumber":570,"JuzNumber":29,"ManzilNumber":7,"RukuNumber":504,"MaqraNumber":228,"HizbNumber":57,"HizbDecimal":0.75,"HasSajda":false},{"SurahNumber":71,"SurahIndex":"071","VerseNumber":3,"ShowSurahName":false,"ShowBismillah":false,"Text":"أَنِ ٱعۡبُدُواْ ٱللَّهَ وَٱتَّقُوهُ وَأَطِيعُونِ","TajweedText":"أَنِ <tajweed class=ham_wasl>ٱ</tajweed>عْبُدُو<tajweed class=slnt>اْ</tajweed> <tajweed class=ham_wasl>ٱ</tajweed>للَّهَ وَ<tajweed class=ham_wasl>ٱ</tajweed>تَّقُوهُ وَأَطِيع<tajweed class=madda_permissible>ُو</tajweed>نِ <span class=end>٣</span>","End":"٣","PageNumber":570,"JuzNumber":29,"ManzilNumber":7,"RukuNumber":504,"MaqraNumber":228,"HizbNumber":57,"HizbDecimal":0.75,"HasSajda":false},{"SurahNumber":71,"SurahIndex":"071","VerseNumber":4,"ShowSurahName":false,"ShowBismillah":false,"Text":"يَغۡفِرۡ لَكُم مِّن ذُنُوبِكُمۡ وَيُؤَخِّرۡكُمۡ إِلَىٰٓ أَجَلٖ مُّسَمًّىۚ إِنَّ أَجَلَ ٱللَّهِ إِذَا جَآءَ لَا يُؤَخَّرُۚ لَوۡ كُنتُمۡ تَعۡلَمُونَ","TajweedText":"يَغْفِرْ لَك<tajweed class=idgham_shafawi>ُم م</tajweed>ِّ<tajweed class=ikhafa>ن ذ</tajweed>ُنُوبِكُمْ وَيُؤَخِّرْكُمْ إِلَ<tajweed class=madda_obligatory>ىٰٓ</tajweed> أَجَ<tajweed class=idgham_ghunnah>لٍ م</tajweed>ُّسَ<tajweed class=ghunnah>مّ</tajweed>ًى‌ۚ إِ<tajweed class=ghunnah>نّ</tajweed>َ أَجَلَ <tajweed class=ham_wasl>ٱ</tajweed>للَّهِ إِذَا ج<tajweed class=madda_obligatory>َا</tajweed>ٓءَ لَا يُؤَخَّرُ‌ۖ لَوْ كُ<tajweed class=ikhafa>نت</tajweed>ُمْ تَعْلَم<tajweed class=madda_permissible>ُو</tajweed>نَ <span class=end>٤</span>","End":"٤","PageNumber":570,"JuzNumber":29,"ManzilNumber":7,"RukuNumber":504,"MaqraNumber":228,"HizbNumber":57,"HizbDecimal":0.75,"HasSajda":false},{"SurahNumber":71,"SurahIndex":"071","VerseNumber":5,"ShowSurahName":false,"ShowBismillah":false,"Text":"قَالَ رَبِّ إِنِّي دَعَوۡتُ قَوۡمِي لَيۡلٗا وَنَهَارٗا","TajweedText":"قَالَ رَبِّ إِ<tajweed class=ghunnah>نّ</tajweed>ِى دَعَوْتُ قَوْمِى لَيْل<tajweed class=idgham_ghunnah>اً و</tajweed>َنَهَارًا <span class=end>٥</span>","End":"٥","PageNumber":570,"JuzNumber":29,"ManzilNumber":7,"RukuNumber":504,"MaqraNumber":228,"HizbNumber":57,"HizbDecimal":0.75,"HasSajda":false},{"SurahNumber":71,"SurahIndex":"071","VerseNumber":6,"ShowSurahName":false,"ShowBismillah":false,"Text":"فَلَمۡ يَزِدۡهُمۡ دُعَآءِيٓ إِلَّا فِرَارٗا","TajweedText":"فَلَمْ يَزِ<tajweed class=qalaqah>دْ</tajweed>هُمْ دُع<tajweed class=madda_obligatory>َا</tajweed>ٓء<tajweed class=madda_obligatory>ِىٓ</tajweed> إِلَّا فِرَارًا <span class=end>٦</span>","End":"٦","PageNumber":570,"JuzNumber":29,"ManzilNumber":7,"RukuNumber":504,"MaqraNumber":228,"HizbNumber":57,"HizbDecimal":0.75,"HasSajda":false},{"SurahNumber":71,"SurahIndex":"071","VerseNumber":7,"ShowSurahName":false,"ShowBismillah":false,"Text":"وَإِنِّي كُلَّمَا دَعَوۡتُهُمۡ لِتَغۡفِرَ لَهُمۡ جَعَلُوٓاْ أَصَٰبِعَهُمۡ فِيٓ ءَاذَانِهِمۡ وَٱسۡتَغۡشَوۡاْ ثِيَابَهُمۡ وَأَصَرُّواْ وَٱسۡتَكۡبَرُواْ ٱسۡتِكۡبَارٗا","TajweedText":"وَإِ<tajweed class=ghunnah>نّ</tajweed>ِى كُلَّمَا دَعَوْتُهُمْ لِتَغْفِرَ لَهُمْ جَعَل<tajweed class=madda_obligatory>ُوٓ</tajweed><tajweed class=slnt>اْ</tajweed> أَصَ<tajweed class=madda_normal>ـٰ</tajweed>بِعَهُمْ ف<tajweed class=madda_obligatory>ِىٓ</tajweed> ءَاذَانِهِمْ وَ<tajweed class=ham_wasl>ٱ</tajweed>سْتَغْشَوْ<tajweed class=slnt>اْ</tajweed> ثِيَابَهُمْ وَأَصَرُّو<tajweed class=slnt>اْ</tajweed> وَ<tajweed class=ham_wasl>ٱ</tajweed>سْتَكْبَرُو<tajweed class=slnt>اْ</tajweed> <tajweed class=ham_wasl>ٱ</tajweed>سْتِكْبَارًا <span class=end>٧</span>","End":"٧","PageNumber":570,"JuzNumber":29,"ManzilNumber":7,"RukuNumber":504,"MaqraNumber":228,"HizbNumber":57,"HizbDecimal":0.75,"HasSajda":false},{"SurahNumber":71,"SurahIndex":"071","VerseNumber":8,"ShowSurahName":false,"ShowBismillah":false,"Text":"ثُمَّ إِنِّي دَعَوۡتُهُمۡ جِهَارٗا","TajweedText":"ثُ<tajweed class=ghunnah>مّ</tajweed>َ إِ<tajweed class=ghunnah>نّ</tajweed>ِى دَعَوْتُهُمْ جِهَارًا <span class=end>٨</span>","End":"٨","PageNumber":570,"JuzNumber":29,"ManzilNumber":7,"RukuNumber":504,"MaqraNumber":228,"HizbNumber":57,"HizbDecimal":0.75,"HasSajda":false},{"SurahNumber":71,"SurahIndex":"071","VerseNumber":9,"ShowSurahName":false,"ShowBismillah":false,"Text":"ثُمَّ إِنِّيٓ أَعۡلَنتُ لَهُمۡ وَأَسۡرَرۡتُ لَهُمۡ إِسۡرَارٗا","TajweedText":"ثُ<tajweed class=ghunnah>مّ</tajweed>َ إِ<tajweed class=ghunnah>نّ</tajweed><tajweed class=madda_obligatory>ِىٓ</tajweed> أَعْلَ<tajweed class=ikhafa>نت</tajweed>ُ لَهُمْ وَأَسْرَرْتُ لَهُمْ إِسْرَارًا <span class=end>٩</span>","End":"٩","PageNumber":570,"JuzNumber":29,"ManzilNumber":7,"RukuNumber":504,"MaqraNumber":228,"HizbNumber":57,"HizbDecimal":0.75,"HasSajda":false},{"SurahNumber":71,"SurahIndex":"071","VerseNumber":10,"ShowSurahName":false,"ShowBismillah":false,"Text":"فَقُلۡتُ ٱسۡتَغۡفِرُواْ رَبَّكُمۡ إِنَّهُۥ كَانَ غَفَّارٗا","TajweedText":"فَقُلْتُ <tajweed class=ham_wasl>ٱ</tajweed>سْتَغْفِرُو<tajweed class=slnt>اْ</tajweed> رَبَّكُمْ إِ<tajweed class=ghunnah>نّ</tajweed>َهُ<tajweed class=madda_normal>ۥ</tajweed> كَانَ غَفَّارًا <span class=end>١٠</span>","End":"١٠","PageNumber":570,"JuzNumber":29,"ManzilNumber":7,"RukuNumber":504,"MaqraNumber":228,"HizbNumber":57,"HizbDecimal":0.75,"HasSajda":false},{"SurahNumber":71,"SurahIndex":"071","VerseNumber":11,"ShowSurahName":false,"ShowBismillah":false,"Text":"يُرۡسِلِ ٱلسَّمَآءَ عَلَيۡكُم مِّدۡرَارٗا","TajweedText":"يُرْسِلِ <tajweed class=ham_wasl>ٱ</tajweed><tajweed class=laam_shamsiyah>ل</tajweed>سَّم<tajweed class=madda_obligatory>َا</tajweed>ٓءَ عَلَيْك<tajweed class=idgham_shafawi>ُم م</tajweed>ِّ<tajweed class=qalaqah>دْ</tajweed>رَارًا <span class=end>١١</span>","End":"١١","PageNumber":571,"JuzNumber":29,"ManzilNumber":7,"RukuNumber":504,"MaqraNumber":228,"HizbNumber":57,"HizbDecimal":0.75,"HasSajda":false},{"SurahNumber":71,"SurahIndex":"071","VerseNumber":12,"ShowSurahName":false,"ShowBismillah":false,"Text":"وَيُمۡدِدۡكُم بِأَمۡوَٰلٖ وَبَنِينَ وَيَجۡعَل لَّكُمۡ جَنَّـٰتٖ وَيَجۡعَل لَّكُمۡ أَنۡهَٰرٗا","TajweedText":"وَيُمْدِ<tajweed class=qalaqah>دْ</tajweed>ك<tajweed class=ikhafa_shafawi>ُم ب</tajweed>ِأَمْو<tajweed class=madda_normal>َٲ</tajweed><tajweed class=idgham_ghunnah>لٍ و</tajweed>َبَنِينَ وَيَ<tajweed class=qalaqah>جْ</tajweed>عَل لَّكُمْ جَ<tajweed class=ghunnah>نّ</tajweed>َ<tajweed class=madda_normal>ـٰ</tajweed><tajweed class=idgham_ghunnah>تٍ و</tajweed>َيَ<tajweed class=qalaqah>جْ</tajweed>عَل لَّكُمْ أَنْهَ<tajweed class=madda_normal>ـٰ</tajweed>رًا <span class=end>١٢</span>","End":"١٢","PageNumber":571,"JuzNumber":29,"ManzilNumber":7,"RukuNumber":504,"MaqraNumber":228,"HizbNumber":57,"HizbDecimal":0.75,"HasSajda":false},{"SurahNumber":71,"SurahIndex":"071","VerseNumber":13,"ShowSurahName":false,"ShowBismillah":false,"Text":"مَّا لَكُمۡ لَا تَرۡجُونَ لِلَّهِ وَقَارٗا","TajweedText":"مَّا لَكُمْ لَا تَرْجُونَ لِلَّهِ وَقَارًا <span class=end>١٣</span>","End":"١٣","PageNumber":571,"JuzNumber":29,"ManzilNumber":7,"RukuNumber":504,"MaqraNumber":228,"HizbNumber":57,"HizbDecimal":0.75,"HasSajda":false},{"SurahNumber":71,"SurahIndex":"071","VerseNumber":14,"ShowSurahName":false,"ShowBismillah":false,"Text":"وَقَدۡ خَلَقَكُمۡ أَطۡوَارًا","TajweedText":"وَقَ<tajweed class=qalaqah>دْ</tajweed> خَلَقَكُمْ أَ<tajweed class=qalaqah>طْ</tajweed>وَارًا <span class=end>١٤</span>","End":"١٤","PageNumber":571,"JuzNumber":29,"ManzilNumber":7,"RukuNumber":504,"MaqraNumber":228,"HizbNumber":57,"HizbDecimal":0.75,"HasSajda":false},{"SurahNumber":71,"SurahIndex":"071","VerseNumber":15,"ShowSurahName":false,"ShowBismillah":false,"Text":"أَلَمۡ تَرَوۡاْ كَيۡفَ خَلَقَ ٱللَّهُ سَبۡعَ سَمَٰوَٰتٖ طِبَاقٗا","TajweedText":"أَلَمْ تَرَوْ<tajweed class=slnt>اْ</tajweed> كَيْفَ خَلَقَ <tajweed class=ham_wasl>ٱ</tajweed>للَّهُ سَ<tajweed class=qalaqah>بْ</tajweed>عَ سَمَ<tajweed class=madda_normal>ـٰ</tajweed>و<tajweed class=madda_normal>َٲ</tajweed><tajweed class=ikhafa>تٍ ط</tajweed>ِبَاقًا <span class=end>١٥</span>","End":"١٥","PageNumber":571,"JuzNumber":29,"ManzilNumber":7,"RukuNumber":504,"MaqraNumber":228,"HizbNumber":57,"HizbDecimal":0.75,"HasSajda":false},{"SurahNumber":71,"SurahIndex":"071","VerseNumber":16,"ShowSurahName":false,"ShowBismillah":false,"Text":"وَجَعَلَ ٱلۡقَمَرَ فِيهِنَّ نُورٗا وَجَعَلَ ٱلشَّمۡسَ سِرَاجٗا","TajweedText":"وَجَعَلَ <tajweed class=ham_wasl>ٱ</tajweed>لْقَمَرَ فِيهِ<tajweed class=ghunnah>نّ</tajweed>َ نُو<tajweed class=idgham_ghunnah>رًا و</tajweed>َجَعَلَ <tajweed class=ham_wasl>ٱ</tajweed><tajweed class=laam_shamsiyah>ل</tajweed>شَّمْسَ سِرَاجًا <span class=end>١٦</span>","End":"١٦","PageNumber":571,"JuzNumber":29,"ManzilNumber":7,"RukuNumber":504,"MaqraNumber":228,"HizbNumber":57,"HizbDecimal":0.75,"HasSajda":false},{"SurahNumber":71,"SurahIndex":"071","VerseNumber":17,"ShowSurahName":false,"ShowBismillah":false,"Text":"وَٱللَّهُ أَنۢبَتَكُم مِّنَ ٱلۡأَرۡضِ نَبَاتٗا","TajweedText":"وَ<tajweed class=ham_wasl>ٱ</tajweed>للَّهُ أَ<tajweed class=iqlab>نۢب</tajweed>َتَك<tajweed class=idgham_shafawi>ُم م</tajweed>ِّنَ <tajweed class=ham_wasl>ٱ</tajweed>لْأَرْضِ نَبَاتًا <span class=end>١٧</span>","End":"١٧","PageNumber":571,"JuzNumber":29,"ManzilNumber":7,"RukuNumber":504,"MaqraNumber":228,"HizbNumber":57,"HizbDecimal":0.75,"HasSajda":false},{"SurahNumber":71,"SurahIndex":"071","VerseNumber":18,"ShowSurahName":false,"ShowBismillah":false,"Text":"ثُمَّ يُعِيدُكُمۡ فِيهَا وَيُخۡرِجُكُمۡ إِخۡرَاجٗا","TajweedText":"ثُ<tajweed class=ghunnah>مّ</tajweed>َ يُعِيدُكُمْ فِيهَا وَيُخْرِجُكُمْ إِخْرَاجًا <span class=end>١٨</span>","End":"١٨","PageNumber":571,"JuzNumber":29,"ManzilNumber":7,"RukuNumber":504,"MaqraNumber":228,"HizbNumber":57,"HizbDecimal":0.75,"HasSajda":false},{"SurahNumber":71,"SurahIndex":"071","VerseNumber":19,"ShowSurahName":false,"ShowBismillah":false,"Text":"وَٱللَّهُ جَعَلَ لَكُمُ ٱلۡأَرۡضَ بِسَاطٗا","TajweedText":"وَ<tajweed class=ham_wasl>ٱ</tajweed>للَّهُ جَعَلَ لَكُمُ <tajweed class=ham_wasl>ٱ</tajweed>لْأَرْضَ بِسَاطًا <span class=end>١٩</span>","End":"١٩","PageNumber":571,"JuzNumber":29,"ManzilNumber":7,"RukuNumber":504,"MaqraNumber":228,"HizbNumber":57,"HizbDecimal":0.75,"HasSajda":false},{"SurahNumber":71,"SurahIndex":"071","VerseNumber":20,"ShowSurahName":false,"ShowBismillah":false,"Text":"لِّتَسۡلُكُواْ مِنۡهَا سُبُلٗا فِجَاجٗا","TajweedText":"لِّتَسْلُكُو<tajweed class=slnt>اْ</tajweed> مِنْهَا سُبُل<tajweed class=ikhafa>اً ف</tajweed>ِجَاجًا <span class=end>٢٠</span>","End":"٢٠","PageNumber":571,"JuzNumber":29,"ManzilNumber":7,"RukuNumber":504,"MaqraNumber":228,"HizbNumber":57,"HizbDecimal":0.75,"HasSajda":false}]}