{"RukuNumber":527,"Verses":[{"SurahNumber":85,"SurahIndex":"085","VerseNumber":1,"ShowSurahName":true,"ShowBismillah":true,"Text":"وَٱلسَّمَآءِ ذَاتِ ٱلۡبُرُوجِ","TajweedText":"وَ<tajweed class=ham_wasl>ٱ</tajweed><tajweed class=laam_shamsiyah>ل</tajweed>سَّم<tajweed class=madda_obligatory>َا</tajweed>ٓءِ ذَاتِ <tajweed class=ham_wasl>ٱ</tajweed>لْبُر<tajweed class=madda_permissible>ُو</tajweed><tajweed class=qalaqah>ج</tajweed>ِ <span class=end>١</span>","End":"١","PageNumber":590,"JuzNumber":30,"ManzilNumber":7,"RukuNumber":527,"MaqraNumber":236,"HizbNumber":59,"HizbDecimal":0.75,"HasSajda":false},{"SurahNumber":85,"SurahIndex":"085","VerseNumber":2,"ShowSurahName":false,"ShowBismillah":false,"Text":"وَٱلۡيَوۡمِ ٱلۡمَوۡعُودِ","TajweedText":"وَ<tajweed class=ham_wasl>ٱ</tajweed>لْيَوْمِ <tajweed class=ham_wasl>ٱ</tajweed>لْمَوْع<tajweed class=madda_permissible>ُو</tajweed><tajweed class=qalaqah>د</tajweed>ِ <span class=end>٢</span>","End":"٢","PageNumber":590,"JuzNumber":30,"ManzilNumber":7,"RukuNumber":527,"MaqraNumber":236,"HizbNumber":59,"HizbDecimal":0.75,"HasSajda":false},{"SurahNumber":85,"SurahIndex":"085","VerseNumber":3,"ShowSurahName":false,"ShowBismillah":false,"Text":"وَشَاهِدٖ وَمَشۡهُودٖ","TajweedText":"وَشَاهِ<tajweed class=idgham_ghunnah>دٍ و</tajweed>َمَشْه<tajweed class=madda_permissible>ُو</tajweed><tajweed class=qalaqah>د</tajweed>ٍ <span class=end>٣</span>","End":"٣","PageNumber":590,"JuzNumber":30,"ManzilNumber":7,"RukuNumber":527,"MaqraNumber":236,"HizbNumber":59,"HizbDecimal":0.75,"HasSajda":false},{"SurahNumber":85,"SurahIndex":"085","VerseNumber":4,"ShowSurahName":false,"ShowBismillah":false,"Text":"قُتِلَ أَصۡحَٰبُ ٱلۡأُخۡدُودِ","TajweedText":"قُتِلَ أَصْحَ<tajweed class=madda_normal>ـٰ</tajweed>بُ <tajweed class=ham_wasl>ٱ</tajweed>لْأُخْد<tajweed class=madda_permissible>ُو</tajweed><tajweed class=qalaqah>د</tajweed>ِ <span class=end>٤</span>","End":"٤","PageNumber":590,"JuzNumber":30,"ManzilNumber":7,"RukuNumber":527,"MaqraNumber":236,"HizbNumber":59,"HizbDecimal":0.75,"HasSajda":false},{"SurahNumber":85,"SurahIndex":"085","VerseNumber":5,"ShowSurahName":false,"ShowBismillah":false,"Text":"ٱلنَّارِ ذَاتِ ٱلۡوَقُودِ","TajweedText":"ٱ<tajweed class=laam_shamsiyah>ل</tajweed><tajweed class=ghunnah>نّ</tajweed>َارِ ذَاتِ <tajweed class=ham_wasl>ٱ</tajweed>لْوَق<tajweed class=madda_permissible>ُو</tajweed><tajweed class=qalaqah>د</tajweed>ِ <span class=end>٥</span>","End":"٥","PageNumber":590,"JuzNumber":30,"ManzilNumber":7,"RukuNumber":527,"MaqraNumber":236,"HizbNumber":59,"HizbDecimal":0.75,"HasSajda":false},{"SurahNumber":85,"SurahIndex":"085","VerseNumber":6,"ShowSurahName":false,"ShowBismillah":false,"Text":"إِذۡ هُمۡ عَلَيۡهَا قُعُودٞ","TajweedText":"إِذْ هُمْ عَلَيْهَا قُع<tajweed class=madda_permissible>ُو</tajweed><tajweed class=qalaqah>د</tajweed>ٌ <span class=end>٦</span>","End":"٦","PageNumber":590,"JuzNumber":30,"ManzilNumber":7,"RukuNumber":527,"MaqraNumber":236,"HizbNumber":59,"HizbDecimal":0.75,"HasSajda":false},{"SurahNumber":85,"SurahIndex":"085","VerseNumber":7,"ShowSurahName":false,"ShowBismillah":false,"Text":"وَهُمۡ عَلَىٰ مَا يَفۡعَلُونَ بِٱلۡمُؤۡمِنِينَ شُهُودٞ","TajweedText":"وَهُمْ عَلَىٰ مَا يَفْعَلُونَ بِ<tajweed class=ham_wasl>ٱ</tajweed>لْمُؤْمِنِينَ شُه<tajweed class=madda_permissible>ُو</tajweed><tajweed class=qalaqah>د</tajweed>ٌ <span class=end>٧</span>","End":"٧","PageNumber":590,"JuzNumber":30,"ManzilNumber":7,"RukuNumber":527,"MaqraNumber":236,"HizbNumber":59,"HizbDecimal":0.75,"HasSajda":false},{"SurahNumber":85,"SurahIndex":"085","VerseNumber":8,"ShowSurahName":false,"ShowBismillah":false,"Text":"وَمَا نَقَمُواْ مِنۡهُمۡ إِلَّآ أَن يُؤۡمِنُواْ بِٱللَّهِ ٱلۡعَزِيزِ ٱلۡحَمِيدِ","TajweedText":"وَمَا نَقَمُو<tajweed class=slnt>اْ</tajweed> مِنْهُمْ إِلّ<tajweed class=madda_obligatory>َآ</tajweed> أ<tajweed class=idgham_ghunnah>َن ي</tajweed>ُؤْمِنُو<tajweed class=slnt>اْ</tajweed> بِ<tajweed class=ham_wasl>ٱ</tajweed>للَّهِ <tajweed class=ham_wasl>ٱ</tajweed>لْعَزِيزِ <tajweed class=ham_wasl>ٱ</tajweed>لْحَم<tajweed class=madda_permissible>ِي</tajweed><tajweed class=qalaqah>د</tajweed>ِ <span class=end>٨</span>","End":"٨","PageNumber":590,"JuzNumber":30,"ManzilNumber":7,"RukuNumber":527,"MaqraNumber":236,"HizbNumber":59,"HizbDecimal":0.75,"HasSajda":false},{"SurahNumber":85,"SurahIndex":"085","VerseNumber":9,"ShowSurahName":false,"ShowBismillah":false,"Text":"ٱلَّذِي لَهُۥ مُلۡكُ ٱلسَّمَٰوَٰتِ وَٱلۡأَرۡضِۚ وَٱللَّهُ عَلَىٰ كُلِّ شَيۡءٖ شَهِيدٌ","TajweedText":"ٱلَّذِى لَهُ<tajweed class=madda_normal>ۥ</tajweed> مُلْكُ <tajweed class=ham_wasl>ٱ</tajweed><tajweed class=laam_shamsiyah>ل</tajweed>سَّمَ<tajweed class=madda_normal>ـٰ</tajweed>و<tajweed class=madda_normal>َٲ</tajweed>تِ وَ<tajweed class=ham_wasl>ٱ</tajweed>لْأَرْضِ‌ۚ وَ<tajweed class=ham_wasl>ٱ</tajweed>للَّهُ عَلَىٰ كُلِّ ش<tajweed class=ikhafa>َىْءٍ ش</tajweed>َه<tajweed class=madda_permissible>ِي</tajweed><tajweed class=qalaqah>د</tajweed>ٌ <span class=end>٩</span>","End":"٩","PageNumber":590,"JuzNumber":30,"ManzilNumber":7,"RukuNumber":527,"MaqraNumber":236,"HizbNumber":59,"HizbDecimal":0.75,"HasSajda":false},{"SurahNumber":85,"SurahIndex":"085","VerseNumber":10,"ShowSurahName":false,"ShowBismillah":false,"Text":"إِنَّ ٱلَّذِينَ فَتَنُواْ ٱلۡمُؤۡمِنِينَ وَٱلۡمُؤۡمِنَٰتِ ثُمَّ لَمۡ يَتُوبُواْ فَلَهُمۡ عَذَابُ جَهَنَّمَ وَلَهُمۡ عَذَابُ ٱلۡحَرِيقِ","TajweedText":"إِ<tajweed class=ghunnah>نّ</tajweed>َ <tajweed class=ham_wasl>ٱ</tajweed>لَّذِينَ فَتَنُو<tajweed class=slnt>اْ</tajweed> <tajweed class=ham_wasl>ٱ</tajweed>لْمُؤْمِنِينَ وَ<tajweed class=ham_wasl>ٱ</tajweed>لْمُؤْمِنَ<tajweed class=madda_normal>ـٰ</tajweed>تِ ثُ<tajweed class=ghunnah>مّ</tajweed>َ لَمْ يَتُوبُو<tajweed class=slnt>اْ</tajweed> فَلَهُمْ عَذَابُ جَهَ<tajweed class=ghunnah>نّ</tajweed>َمَ وَلَهُمْ عَذَابُ <tajweed class=ham_wasl>ٱ</tajweed>لْحَر<tajweed class=madda_permissible>ِي</tajweed><tajweed class=qalaqah>ق</tajweed>ِ <span class=end>١٠</span>","End":"١٠","PageNumber":590,"JuzNumber":30,"ManzilNumber":7,"RukuNumber":527,"MaqraNumber":236,"HizbNumber":59,"HizbDecimal":0.75,"HasSajda":false},{"SurahNumber":85,"SurahIndex":"085","VerseNumber":11,"ShowSurahName":false,"ShowBismillah":false,"Text":"إِنَّ ٱلَّذِينَ ءَامَنُواْ وَعَمِلُواْ ٱلصَّـٰلِحَٰتِ لَهُمۡ جَنَّـٰتٞ تَجۡرِي مِن تَحۡتِهَا ٱلۡأَنۡهَٰرُۚ ذَٰلِكَ ٱلۡفَوۡزُ ٱلۡكَبِيرُ","TajweedText":"إِ<tajweed class=ghunnah>نّ</tajweed>َ <tajweed class=ham_wasl>ٱ</tajweed>لَّذِينَ ءَامَنُو<tajweed class=slnt>اْ</tajweed> وَعَمِلُو<tajweed class=slnt>اْ</tajweed> <tajweed class=ham_wasl>ٱ</tajweed><tajweed class=laam_shamsiyah>ل</tajweed>صَّ<tajweed class=madda_normal>ـٰ</tajweed>لِحَ<tajweed class=madda_normal>ـٰ</tajweed>تِ لَهُمْ جَ<tajweed class=ghunnah>نّ</tajweed>َ<tajweed class=madda_normal>ـٰ</tajweed><tajweed class=ikhafa>تٌ ت</tajweed>َ<tajweed class=qalaqah>جْ</tajweed>رِى مِ<tajweed class=ikhafa>ن ت</tajweed>َحْتِهَا <tajweed class=ham_wasl>ٱ</tajweed>لْأَنْهَ<tajweed class=madda_normal>ـٰ</tajweed>رُ‌ۚ ذ<tajweed class=madda_normal>َٲ</tajweed>لِكَ <tajweed class=ham_wasl>ٱ</tajweed>لْفَوْزُ <tajweed class=ham_wasl>ٱ</tajweed>لْكَب<tajweed class=madda_permissible>ِي</tajweed>رُ <span class=end>١١</span>","End":"١١","PageNumber":590,"JuzNumber":30,"ManzilNumber":7,"RukuNumber":527,"MaqraNumber":236,"HizbNumber":59,"HizbDecimal":0.75,"HasSajda":false},{"SurahNumber":85,"SurahIndex":"085","VerseNumber":12,"ShowSurahName":false,"ShowBismillah":false,"Text":"إِنَّ بَطۡشَ رَبِّكَ لَشَدِيدٌ","TajweedText":"إِ<tajweed class=ghunnah>نّ</tajweed>َ بَ<tajweed class=qalaqah>طْ</tajweed>شَ رَبِّكَ لَشَد<tajweed class=madda_permissible>ِي</tajweed><tajweed class=qalaqah>د</tajweed>ٌ <span class=end>١٢</span>","End":"١٢","PageNumber":590,"JuzNumber":30,"ManzilNumber":7,"RukuNumber":527,"MaqraNumber":236,"HizbNumber":59,"HizbDecimal":0.75,"HasSajda":false},{"SurahNumber":85,"SurahIndex":"085","VerseNumber":13,"ShowSurahName":false,"ShowBismillah":false,"Text":"إِنَّهُۥ هُوَ يُبۡدِئُ وَيُعِيدُ","TajweedText":"إِ<tajweed class=ghunnah>نّ</tajweed>َهُ<tajweed class=madda_normal>ۥ</tajweed> هُوَ يُ<tajweed class=qalaqah>بْ</tajweed>دِئُ وَيُع<tajweed class=madda_permissible>ِي</tajweed><tajweed class=qalaqah>د</tajweed>ُ <span class=end>١٣</span>","End":"١٣","PageNumber":590,"JuzNumber":30,"ManzilNumber":7,"RukuNumber":527,"MaqraNumber":236,"HizbNumber":59,"HizbDecimal":0.75,"HasSajda":false},{"SurahNumber":85,"SurahIndex":"085","VerseNumber":14,"ShowSurahName":false,"ShowBismillah":false,"Text":"وَهُوَ ٱلۡغَفُورُ ٱلۡوَدُودُ","TajweedText":"وَهُوَ <tajweed class=ham_wasl>ٱ</tajweed>لْغَفُورُ <tajweed class=ham_wasl>ٱ</tajweed>لْوَد<tajweed class=madda_permissible>ُو</tajweed><tajweed class=qalaqah>د</tajweed>ُ <span class=end>١٤</span>","End":"١٤","PageNumber":590,"JuzNumber":30,"ManzilNumber":7,"RukuNumber":527,"MaqraNumber":236,"HizbNumber":59,"HizbDecimal":0.75,"HasSajda":false},{"SurahNumber":85,"SurahIndex":"085","VerseNumber":15,"ShowSurahName":false,"ShowBismillah":false,"Text":"ذُو ٱلۡعَرۡشِ ٱلۡمَجِيدُ","TajweedText":"ذُو <tajweed class=ham_wasl>ٱ</tajweed>لْعَرْشِ <tajweed class=ham_wasl>ٱ</tajweed>لْمَج<tajweed class=madda_permissible>ِي</tajweed><tajweed class=qalaqah>د</tajweed>ُ <span class=end>١٥</span>","End":"١٥","PageNumber":590,"JuzNumber":30,"ManzilNumber":7,"RukuNumber":527,"MaqraNumber":236,"HizbNumber":59,"HizbDecimal":0.75,"HasSajda":false},{"SurahNumber":85,"SurahIndex":"085","VerseNumber":16,"ShowSurahName":false,"ShowBismillah":false,"Text":"فَعَّالٞ لِّمَا يُرِيدُ","TajweedText":"فَعَّا<tajweed class=idgham_wo_ghunnah>لٌ ل</tajweed>ِّمَا يُر<tajweed class=madda_permissible>ِي</tajweed><tajweed class=qalaqah>د</tajweed>ُ <span class=end>١٦</span>","End":"١٦","PageNumber":590,"JuzNumber":30,"ManzilNumber":7,"RukuNumber":527,"MaqraNumber":236,"HizbNumber":59,"HizbDecimal":0.75,"HasSajda":false},{"SurahNumber":85,"SurahIndex":"085","VerseNumber":17,"ShowSurahName":false,"ShowBismillah":false,"Text":"هَلۡ أَتَىٰكَ حَدِيثُ ٱلۡجُنُودِ","TajweedText":"هَلْ أَتَ<tajweed class=madda_normal>ـٰ</tajweed>كَ حَدِيثُ <tajweed class=ham_wasl>ٱ</tajweed>لْجُن<tajweed class=madda_permissible>ُو</tajweed><tajweed class=qalaqah>د</tajweed>ِ <span class=end>١٧</span>","End":"١٧","PageNumber":590,"JuzNumber":30,"ManzilNumber":7,"RukuNumber":527,"MaqraNumber":236,"HizbNumber":59,"HizbDecimal":0.75,"HasSajda":false},{"SurahNumber":85,"SurahIndex":"085","VerseNumber":18,"ShowSurahName":false,"ShowBismillah":false,"Text":"فِرۡعَوۡنَ وَثَمُودَ","TajweedText":"فِرْعَوْنَ وَثَم<tajweed class=madda_permissible>ُو</tajweed><tajweed class=qalaqah>د</tajweed>َ <span class=end>١٨</span>","End":"١٨","PageNumber":590,"JuzNumber":30,"ManzilNumber":7,"RukuNumber":527,"MaqraNumber":236,"HizbNumber":59,"HizbDecimal":0.75,"HasSajda":false},{"SurahNumber":85,"SurahIndex":"085","VerseNumber":19,"ShowSurahName":false,"ShowBismillah":false,"Text":"بَلِ ٱلَّذِينَ كَفَرُواْ فِي تَكۡذِيبٖ","TajweedText":"بَلِ <tajweed class=ham_wasl>ٱ</tajweed>لَّذِينَ كَفَرُو<tajweed class=slnt>اْ</tajweed> فِى تَكْذ<tajweed class=madda_permissible>ِي</tajweed><tajweed class=qalaqah>ب</tajweed>ٍ <span class=end>١٩</span>","End":"١٩","PageNumber":590,"JuzNumber":30,"ManzilNumber":7,"RukuNumber":527,"MaqraNumber":236,"HizbNumber":59,"HizbDecimal":0.75,"HasSajda":false},{"SurahNumber":85,"SurahIndex":"085","VerseNumber":20,"ShowSurahName":false,"ShowBismillah":false,"Text":"وَٱللَّهُ مِن وَرَآئِهِم مُّحِيطُۢ","TajweedText":"وَ<tajweed class=ham_wasl>ٱ</tajweed>للَّهُ م<tajweed class=idgham_ghunnah>ِن و</tajweed>َر<tajweed class=madda_obligatory>َا</tajweed>ٓئِه<tajweed class=idgham_shafawi>ِم م</tajweed>ُّح<tajweed class=madda_permissible>ِي</tajweed><tajweed class=qalaqah>ط</tajweed>ُۢ <span class=end>٢٠</span>","End":"٢٠","PageNumber":590,"JuzNumber":30,"ManzilNumber":7,"RukuNumber":527,"MaqraNumber":236,"HizbNumber":59,"HizbDecimal":0.75,"HasSajda":false},{"SurahNumber":85,"SurahIndex":"085","VerseNumber":21,"ShowSurahName":false,"ShowBismillah":false,"Text":"بَلۡ هُوَ قُرۡءَانٞ مَّجِيدٞ","TajweedText":"بَلْ هُوَ قُرْءَا<tajweed class=idgham_ghunnah>نٌ م</tajweed>َّج<tajweed class=madda_permissible>ِي</tajweed><tajweed class=qalaqah>د</tajweed>ٌ <span class=end>٢١</span>","End":"٢١","PageNumber":590,"JuzNumber":30,"ManzilNumber":7,"RukuNumber":527,"MaqraNumber":236,"HizbNumber":59,"HizbDecimal":0.75,"HasSajda":false},{"SurahNumber":85,"SurahIndex":"085","VerseNumber":22,"ShowSurahName":false,"ShowBismillah":false,"Text":"فِي لَوۡحٖ مَّحۡفُوظِۭ","TajweedText":"فِى لَوْ<tajweed class=idgham_ghunnah>حٍ م</tajweed>َّحْف<tajweed class=madda_permissible>ُو</tajweed>ظِۭ <span class=end>٢٢</span>","End":"٢٢","PageNumber":590,"JuzNumber":30,"ManzilNumber":7,"RukuNumber":527,"MaqraNumber":236,"HizbNumber":59,"HizbDecimal":0.75,"HasSajda":false}]}