{"RukuNumber":183,"Verses":[{"SurahNumber":11,"SurahIndex":"011","VerseNumber":1,"ShowSurahName":true,"ShowBismillah":true,"Text":"الٓرۚ كِتَٰبٌ أُحۡكِمَتۡ ءَايَٰتُهُۥ ثُمَّ فُصِّلَتۡ مِن لَّدُنۡ حَكِيمٍ خَبِيرٍ","TajweedText":"ا<tajweed class=madda_necessary>لٓ</tajweed>ر‌ۚ كِتَ<tajweed class=madda_normal>ـٰ</tajweed>بٌ أُحْكِمَتْ ءَايَ<tajweed class=madda_normal>ـٰ</tajweed>تُهُ<tajweed class=madda_normal>ۥ</tajweed> ثُ<tajweed class=ghunnah>مّ</tajweed>َ فُصِّلَتْ م<tajweed class=idgham_wo_ghunnah>ِن ل</tajweed>َّدُنْ حَكِيمٍ خَب<tajweed class=madda_permissible>ِي</tajweed>رٍ <span class=end>١</span>","End":"١","PageNumber":221,"JuzNumber":11,"ManzilNumber":3,"RukuNumber":183,"MaqraNumber":88,"HizbNumber":22,"HizbDecimal":0.75,"HasSajda":false},{"SurahNumber":11,"SurahIndex":"011","VerseNumber":2,"ShowSurahName":false,"ShowBismillah":false,"Text":"أَلَّا تَعۡبُدُوٓاْ إِلَّا ٱللَّهَۚ إِنَّنِي لَكُم مِّنۡهُ نَذِيرٞ وَبَشِيرٞ","TajweedText":"أَلَّا تَعْبُد<tajweed class=madda_obligatory>ُوٓ</tajweed><tajweed class=slnt>اْ</tajweed> إِلَّا <tajweed class=ham_wasl>ٱ</tajweed>للَّهَ‌ۚ إِ<tajweed class=ghunnah>نّ</tajweed>َنِى لَك<tajweed class=idgham_shafawi>ُم م</tajweed>ِّنْهُ نَذِي<tajweed class=idgham_ghunnah>رٌ و</tajweed>َبَش<tajweed class=madda_permissible>ِي</tajweed>رٌ <span class=end>٢</span>","End":"٢","PageNumber":221,"JuzNumber":11,"ManzilNumber":3,"RukuNumber":183,"MaqraNumber":88,"HizbNumber":22,"HizbDecimal":0.75,"HasSajda":false},{"SurahNumber":11,"SurahIndex":"011","VerseNumber":3,"ShowSurahName":false,"ShowBismillah":false,"Text":"وَأَنِ ٱسۡتَغۡفِرُواْ رَبَّكُمۡ ثُمَّ تُوبُوٓاْ إِلَيۡهِ يُمَتِّعۡكُم مَّتَٰعًا حَسَنًا إِلَىٰٓ أَجَلٖ مُّسَمّٗى وَيُؤۡتِ كُلَّ ذِي فَضۡلٖ فَضۡلَهُۥۖ وَإِن تَوَلَّوۡاْ فَإِنِّيٓ أَخَافُ عَلَيۡكُمۡ عَذَابَ يَوۡمٖ كَبِيرٍ","TajweedText":"وَأَنِ <tajweed class=ham_wasl>ٱ</tajweed>سْتَغْفِرُو<tajweed class=slnt>اْ</tajweed> رَبَّكُمْ ثُ<tajweed class=ghunnah>مّ</tajweed>َ تُوب<tajweed class=madda_obligatory>ُوٓ</tajweed><tajweed class=slnt>اْ</tajweed> إِلَيْهِ يُمَتِّعْك<tajweed class=idgham_shafawi>ُم م</tajweed>َّتَ<tajweed class=madda_normal>ـٰ</tajweed>عًا حَسَنًا إِلَ<tajweed class=madda_obligatory>ىٰٓ</tajweed> أَجَ<tajweed class=idgham_ghunnah>لٍ م</tajweed>ُّسَم<tajweed class=idgham_ghunnah>ًّى و</tajweed>َيُؤْتِ كُلَّ ذِى فَضْ<tajweed class=ikhafa>لٍ ف</tajweed>َضْلَهُ<tajweed class=madda_normal>ۥ</tajweed>‌ۖ وَإِ<tajweed class=ikhafa>ن ت</tajweed>َوَلَّوْ<tajweed class=slnt>اْ</tajweed> فَإِ<tajweed class=ghunnah>نّ</tajweed><tajweed class=madda_obligatory>ِىٓ</tajweed> أَخَافُ عَلَيْكُمْ عَذَابَ يَوْ<tajweed class=ikhafa>مٍ ك</tajweed>َب<tajweed class=madda_permissible>ِي</tajweed>رٍ <span class=end>٣</span>","End":"٣","PageNumber":221,"JuzNumber":11,"ManzilNumber":3,"RukuNumber":183,"MaqraNumber":88,"HizbNumber":22,"HizbDecimal":0.75,"HasSajda":false},{"SurahNumber":11,"SurahIndex":"011","VerseNumber":4,"ShowSurahName":false,"ShowBismillah":false,"Text":"إِلَى ٱللَّهِ مَرۡجِعُكُمۡۖ وَهُوَ عَلَىٰ كُلِّ شَيۡءٖ قَدِيرٌ","TajweedText":"إِلَى <tajweed class=ham_wasl>ٱ</tajweed>للَّهِ مَرْجِعُكُمْ‌ۖ وَهُوَ عَلَىٰ كُلِّ ش<tajweed class=ikhafa>َىْءٍ ق</tajweed>َد<tajweed class=madda_permissible>ِي</tajweed>رٌ <span class=end>٤</span>","End":"٤","PageNumber":221,"JuzNumber":11,"ManzilNumber":3,"RukuNumber":183,"MaqraNumber":88,"HizbNumber":22,"HizbDecimal":0.75,"HasSajda":false},{"SurahNumber":11,"SurahIndex":"011","VerseNumber":5,"ShowSurahName":false,"ShowBismillah":false,"Text":"أَلَآ إِنَّهُمۡ يَثۡنُونَ صُدُورَهُمۡ لِيَسۡتَخۡفُواْ مِنۡهُۚ أَلَا حِينَ يَسۡتَغۡشُونَ ثِيَابَهُمۡ يَعۡلَمُ مَا يُسِرُّونَ وَمَا يُعۡلِنُونَۚ إِنَّهُۥ عَلِيمُۢ بِذَاتِ ٱلصُّدُورِ","TajweedText":"أَل<tajweed class=madda_obligatory>َآ</tajweed> إِ<tajweed class=ghunnah>نّ</tajweed>َهُمْ يَثْنُونَ صُدُورَهُمْ لِيَسْتَخْفُو<tajweed class=slnt>اْ</tajweed> مِنْهُ‌ۚ أَلَا حِينَ يَسْتَغْشُونَ ثِيَابَهُمْ يَعْلَمُ مَا يُسِرُّونَ وَمَا يُعْلِنُونَ‌ۚ إِ<tajweed class=ghunnah>نّ</tajweed>َهُ<tajweed class=madda_normal>ۥ</tajweed> عَلِي<tajweed class=iqlab>مُۢ ب</tajweed>ِذَاتِ <tajweed class=ham_wasl>ٱ</tajweed><tajweed class=laam_shamsiyah>ل</tajweed>صُّد<tajweed class=madda_permissible>ُو</tajweed>رِ <span class=end>٥</span>","End":"٥","PageNumber":221,"JuzNumber":11,"ManzilNumber":3,"RukuNumber":183,"MaqraNumber":88,"HizbNumber":22,"HizbDecimal":0.75,"HasSajda":false},{"SurahNumber":11,"SurahIndex":"011","VerseNumber":6,"ShowSurahName":false,"ShowBismillah":false,"Text":"۞وَمَا مِن دَآبَّةٖ فِي ٱلۡأَرۡضِ إِلَّا عَلَى ٱللَّهِ رِزۡقُهَا وَيَعۡلَمُ مُسۡتَقَرَّهَا وَمُسۡتَوۡدَعَهَاۚ كُلّٞ فِي كِتَٰبٖ مُّبِينٖ","TajweedText":"۞ وَمَا مِ<tajweed class=ikhafa>ن د</tajweed><tajweed class=madda_necessary>َا</tajweed>ٓبَّ<tajweed class=ikhafa>ةٍ ف</tajweed>ِى <tajweed class=ham_wasl>ٱ</tajweed>لْأَرْضِ إِلَّا عَلَى <tajweed class=ham_wasl>ٱ</tajweed>للَّهِ رِزْقُهَا وَيَعْلَمُ مُسْتَقَرَّهَا وَمُسْتَوْدَعَهَا‌ۚ كُ<tajweed class=ikhafa>لٌّ ف</tajweed>ِى كِتَ<tajweed class=madda_normal>ـٰ</tajweed><tajweed class=idgham_ghunnah>بٍ م</tajweed>ُّب<tajweed class=madda_permissible>ِي</tajweed>نٍ <span class=end>٦</span>","End":"٦","PageNumber":222,"JuzNumber":12,"ManzilNumber":3,"RukuNumber":183,"MaqraNumber":89,"HizbNumber":23,"HizbDecimal":0.0,"HasSajda":false},{"SurahNumber":11,"SurahIndex":"011","VerseNumber":7,"ShowSurahName":false,"ShowBismillah":false,"Text":"وَهُوَ ٱلَّذِي خَلَقَ ٱلسَّمَٰوَٰتِ وَٱلۡأَرۡضَ فِي سِتَّةِ أَيَّامٖ وَكَانَ عَرۡشُهُۥ عَلَى ٱلۡمَآءِ لِيَبۡلُوَكُمۡ أَيُّكُمۡ أَحۡسَنُ عَمَلٗاۗ وَلَئِن قُلۡتَ إِنَّكُم مَّبۡعُوثُونَ مِنۢ بَعۡدِ ٱلۡمَوۡتِ لَيَقُولَنَّ ٱلَّذِينَ كَفَرُوٓاْ إِنۡ هَٰذَآ إِلَّا سِحۡرٞ مُّبِينٞ","TajweedText":"وَهُوَ <tajweed class=ham_wasl>ٱ</tajweed>لَّذِى خَلَقَ <tajweed class=ham_wasl>ٱ</tajweed><tajweed class=laam_shamsiyah>ل</tajweed>سَّمَ<tajweed class=madda_normal>ـٰ</tajweed>و<tajweed class=madda_normal>َٲ</tajweed>تِ وَ<tajweed class=ham_wasl>ٱ</tajweed>لْأَرْضَ فِى سِتَّةِ أَيَّا<tajweed class=idgham_ghunnah>مٍ و</tajweed>َكَانَ عَرْشُهُ<tajweed class=madda_normal>ۥ</tajweed> عَلَى <tajweed class=ham_wasl>ٱ</tajweed>لْم<tajweed class=madda_obligatory>َا</tajweed>ٓءِ لِيَ<tajweed class=qalaqah>بْ</tajweed>لُوَكُمْ أَيُّكُمْ أَحْسَنُ عَمَل<tajweed class=idgham_ghunnah>اً‌ۗ و</tajweed>َلَئِ<tajweed class=ikhafa>ن ق</tajweed>ُلْتَ إِ<tajweed class=ghunnah>نّ</tajweed>َك<tajweed class=idgham_shafawi>ُم م</tajweed>َّ<tajweed class=qalaqah>بْ</tajweed>عُوثُونَ م<tajweed class=iqlab>ِنۢ ب</tajweed>َعْدِ <tajweed class=ham_wasl>ٱ</tajweed>لْمَوْتِ لَيَقُولَ<tajweed class=ghunnah>نّ</tajweed>َ <tajweed class=ham_wasl>ٱ</tajweed>لَّذِينَ كَفَر<tajweed class=madda_obligatory>ُوٓ</tajweed><tajweed class=slnt>اْ</tajweed> إِنْ هَ<tajweed class=madda_normal>ـٰ</tajweed>ذ<tajweed class=madda_obligatory>َآ</tajweed> إِلَّا سِحْ<tajweed class=idgham_ghunnah>رٌ م</tajweed>ُّب<tajweed class=madda_permissible>ِي</tajweed>نٌ <span class=end>٧</span>","End":"٧","PageNumber":222,"JuzNumber":12,"ManzilNumber":3,"RukuNumber":183,"MaqraNumber":89,"HizbNumber":23,"HizbDecimal":0.0,"HasSajda":false},{"SurahNumber":11,"SurahIndex":"011","VerseNumber":8,"ShowSurahName":false,"ShowBismillah":false,"Text":"وَلَئِنۡ أَخَّرۡنَا عَنۡهُمُ ٱلۡعَذَابَ إِلَىٰٓ أُمَّةٖ مَّعۡدُودَةٖ لَّيَقُولُنَّ مَا يَحۡبِسُهُۥٓۗ أَلَا يَوۡمَ يَأۡتِيهِمۡ لَيۡسَ مَصۡرُوفًا عَنۡهُمۡ وَحَاقَ بِهِم مَّا كَانُواْ بِهِۦ يَسۡتَهۡزِءُونَ","TajweedText":"وَلَئِنْ أَخَّرْنَا عَنْهُمُ <tajweed class=ham_wasl>ٱ</tajweed>لْعَذَابَ إِلَ<tajweed class=madda_obligatory>ىٰٓ</tajweed> أُ<tajweed class=ghunnah>مّ</tajweed>َ<tajweed class=idgham_ghunnah>ةٍ م</tajweed>َّعْدُودَ<tajweed class=idgham_wo_ghunnah>ةٍ ل</tajweed>َّيَقُولُ<tajweed class=ghunnah>نّ</tajweed>َ مَا يَحْبِسُهُ<tajweed class=madda_obligatory>ۥٓ‌ۗ</tajweed> أَلَا يَوْمَ يَأْتِيهِمْ لَيْسَ مَصْرُوفًا عَنْهُمْ وَحَاقَ بِه<tajweed class=idgham_shafawi>ِم م</tajweed>َّا كَانُو<tajweed class=slnt>اْ</tajweed> بِه<tajweed class=madda_normal>ِۦ</tajweed> يَسْتَهْزِء<tajweed class=madda_permissible>ُو</tajweed>نَ <span class=end>٨</span>","End":"٨","PageNumber":222,"JuzNumber":12,"ManzilNumber":3,"RukuNumber":183,"MaqraNumber":89,"HizbNumber":23,"HizbDecimal":0.0,"HasSajda":false}]}