{"RukuNumber":357,"Verses":[{"SurahNumber":31,"SurahIndex":"031","VerseNumber":20,"ShowSurahName":false,"ShowBismillah":false,"Text":"أَلَمۡ تَرَوۡاْ أَنَّ ٱللَّهَ سَخَّرَ لَكُم مَّا فِي ٱلسَّمَٰوَٰتِ وَمَا فِي ٱلۡأَرۡضِ وَأَسۡبَغَ عَلَيۡكُمۡ نِعَمَهُۥ ظَٰهِرَةٗ وَبَاطِنَةٗۗ وَمِنَ ٱلنَّاسِ مَن يُجَٰدِلُ فِي ٱللَّهِ بِغَيۡرِ عِلۡمٖ وَلَا هُدٗى وَلَا كِتَٰبٖ مُّنِيرٖ","TajweedText":"أَلَمْ تَرَوْ<tajweed class=slnt>اْ</tajweed> أَ<tajweed class=ghunnah>نّ</tajweed>َ <tajweed class=ham_wasl>ٱ</tajweed>للَّهَ سَخَّرَ لَك<tajweed class=idgham_shafawi>ُم م</tajweed>َّا فِى <tajweed class=ham_wasl>ٱ</tajweed><tajweed class=laam_shamsiyah>ل</tajweed>سَّمَ<tajweed class=madda_normal>ـٰ</tajweed>و<tajweed class=madda_normal>َٲ</tajweed>تِ وَمَا فِى <tajweed class=ham_wasl>ٱ</tajweed>لْأَرْضِ وَأَسْبَغَ عَلَيْكُمْ نِعَمَهُ<tajweed class=madda_normal>ۥ</tajweed> ظَ<tajweed class=madda_normal>ـٰ</tajweed>هِرَ<tajweed class=idgham_ghunnah>ةً و</tajweed>َبَاطِنَ<tajweed class=idgham_ghunnah>ةً‌ۗ و</tajweed>َمِنَ <tajweed class=ham_wasl>ٱ</tajweed><tajweed class=laam_shamsiyah>ل</tajweed><tajweed class=ghunnah>نّ</tajweed>َاسِ م<tajweed class=idgham_ghunnah>َن ي</tajweed>ُجَ<tajweed class=madda_normal>ـٰ</tajweed>دِلُ فِى <tajweed class=ham_wasl>ٱ</tajweed>للَّهِ بِغَيْرِ عِلْ<tajweed class=idgham_ghunnah>مٍ و</tajweed>َلَا هُ<tajweed class=idgham_ghunnah>دًى و</tajweed>َلَا كِتَ<tajweed class=madda_normal>ـٰ</tajweed><tajweed class=idgham_ghunnah>بٍ م</tajweed>ُّن<tajweed class=madda_permissible>ِي</tajweed>رٍ <span class=end>٢٠</span>","End":"٢٠","PageNumber":413,"JuzNumber":21,"ManzilNumber":5,"RukuNumber":357,"MaqraNumber":164,"HizbNumber":41,"HizbDecimal":0.75,"HasSajda":false},{"SurahNumber":31,"SurahIndex":"031","VerseNumber":21,"ShowSurahName":false,"ShowBismillah":false,"Text":"وَإِذَا قِيلَ لَهُمُ ٱتَّبِعُواْ مَآ أَنزَلَ ٱللَّهُ قَالُواْ بَلۡ نَتَّبِعُ مَا وَجَدۡنَا عَلَيۡهِ ءَابَآءَنَآۚ أَوَلَوۡ كَانَ ٱلشَّيۡطَٰنُ يَدۡعُوهُمۡ إِلَىٰ عَذَابِ ٱلسَّعِيرِ","TajweedText":"وَإِذَا قِيلَ لَهُمُ <tajweed class=ham_wasl>ٱ</tajweed>تَّبِعُو<tajweed class=slnt>اْ</tajweed> م<tajweed class=madda_obligatory>َآ</tajweed> أَ<tajweed class=ikhafa>نز</tajweed>َلَ <tajweed class=ham_wasl>ٱ</tajweed>للَّهُ قَالُو<tajweed class=slnt>اْ</tajweed> بَلْ نَتَّبِعُ مَا وَجَ<tajweed class=qalaqah>دْ</tajweed>نَا عَلَيْهِ ءَاب<tajweed class=madda_obligatory>َا</tajweed>ٓءَن<tajweed class=madda_obligatory>َآ‌ۚ</tajweed> أَوَلَوْ كَانَ <tajweed class=ham_wasl>ٱ</tajweed><tajweed class=laam_shamsiyah>ل</tajweed>شَّيْطَ<tajweed class=madda_normal>ـٰ</tajweed>نُ يَ<tajweed class=qalaqah>دْ</tajweed>عُوهُمْ إِلَىٰ عَذَابِ <tajweed class=ham_wasl>ٱ</tajweed><tajweed class=laam_shamsiyah>ل</tajweed>سَّع<tajweed class=madda_permissible>ِي</tajweed>رِ <span class=end>٢١</span>","End":"٢١","PageNumber":413,"JuzNumber":21,"ManzilNumber":5,"RukuNumber":357,"MaqraNumber":164,"HizbNumber":41,"HizbDecimal":0.75,"HasSajda":false},{"SurahNumber":31,"SurahIndex":"031","VerseNumber":22,"ShowSurahName":false,"ShowBismillah":false,"Text":"۞وَمَن يُسۡلِمۡ وَجۡهَهُۥٓ إِلَى ٱللَّهِ وَهُوَ مُحۡسِنٞ فَقَدِ ٱسۡتَمۡسَكَ بِٱلۡعُرۡوَةِ ٱلۡوُثۡقَىٰۗ وَإِلَى ٱللَّهِ عَٰقِبَةُ ٱلۡأُمُورِ","TajweedText":"۞ وَم<tajweed class=idgham_ghunnah>َن ي</tajweed>ُسْلِمْ وَ<tajweed class=qalaqah>جْ</tajweed>هَهُ<tajweed class=madda_obligatory>ۥٓ</tajweed> إِلَى <tajweed class=ham_wasl>ٱ</tajweed>للَّهِ وَهُوَ مُحْسِ<tajweed class=ikhafa>نٌ ف</tajweed>َقَدِ <tajweed class=ham_wasl>ٱ</tajweed>سْتَمْسَكَ بِ<tajweed class=ham_wasl>ٱ</tajweed>لْعُرْوَةِ <tajweed class=ham_wasl>ٱ</tajweed>لْوُثْقَىٰ‌ۗ وَإِلَى <tajweed class=ham_wasl>ٱ</tajweed>للَّهِ عَ<tajweed class=madda_normal>ـٰ</tajweed>قِبَةُ <tajweed class=ham_wasl>ٱ</tajweed>لْأُم<tajweed class=madda_permissible>ُو</tajweed>رِ <span class=end>٢٢</span>","End":"٢٢","PageNumber":413,"JuzNumber":21,"ManzilNumber":5,"RukuNumber":357,"MaqraNumber":165,"HizbNumber":42,"HizbDecimal":0.0,"HasSajda":false},{"SurahNumber":31,"SurahIndex":"031","VerseNumber":23,"ShowSurahName":false,"ShowBismillah":false,"Text":"وَمَن كَفَرَ فَلَا يَحۡزُنكَ كُفۡرُهُۥٓۚ إِلَيۡنَا مَرۡجِعُهُمۡ فَنُنَبِّئُهُم بِمَا عَمِلُوٓاْۚ إِنَّ ٱللَّهَ عَلِيمُۢ بِذَاتِ ٱلصُّدُورِ","TajweedText":"وَمَ<tajweed class=ikhafa>ن ك</tajweed>َفَرَ فَلَا يَحْزُ<tajweed class=ikhafa>نك</tajweed>َ كُفْرُهُ<tajweed class=madda_obligatory>ۥٓ‌ۚ</tajweed> إِلَيْنَا مَرْجِعُهُمْ فَنُنَبِّئُه<tajweed class=ikhafa_shafawi>ُم ب</tajweed>ِمَا عَمِل<tajweed class=madda_obligatory>ُوٓ<tajweed class=slnt>اْ</tajweed>‌ۚ</tajweed> إِ<tajweed class=ghunnah>نّ</tajweed>َ <tajweed class=ham_wasl>ٱ</tajweed>للَّهَ عَلِي<tajweed class=iqlab>مُۢ ب</tajweed>ِذَاتِ <tajweed class=ham_wasl>ٱ</tajweed><tajweed class=laam_shamsiyah>ل</tajweed>صُّد<tajweed class=madda_permissible>ُو</tajweed>رِ <span class=end>٢٣</span>","End":"٢٣","PageNumber":413,"JuzNumber":21,"ManzilNumber":5,"RukuNumber":357,"MaqraNumber":165,"HizbNumber":42,"HizbDecimal":0.0,"HasSajda":false},{"SurahNumber":31,"SurahIndex":"031","VerseNumber":24,"ShowSurahName":false,"ShowBismillah":false,"Text":"نُمَتِّعُهُمۡ قَلِيلٗا ثُمَّ نَضۡطَرُّهُمۡ إِلَىٰ عَذَابٍ غَلِيظٖ","TajweedText":"نُمَتِّعُهُمْ قَلِيل<tajweed class=ikhafa>اً ث</tajweed>ُ<tajweed class=ghunnah>مّ</tajweed>َ نَضْطَرُّهُمْ إِلَىٰ عَذَابٍ غَل<tajweed class=madda_permissible>ِي</tajweed>ظٍ <span class=end>٢٤</span>","End":"٢٤","PageNumber":413,"JuzNumber":21,"ManzilNumber":5,"RukuNumber":357,"MaqraNumber":165,"HizbNumber":42,"HizbDecimal":0.0,"HasSajda":false},{"SurahNumber":31,"SurahIndex":"031","VerseNumber":25,"ShowSurahName":false,"ShowBismillah":false,"Text":"وَلَئِن سَأَلۡتَهُم مَّنۡ خَلَقَ ٱلسَّمَٰوَٰتِ وَٱلۡأَرۡضَ لَيَقُولُنَّ ٱللَّهُۚ قُلِ ٱلۡحَمۡدُ لِلَّهِۚ بَلۡ أَكۡثَرُهُمۡ لَا يَعۡلَمُونَ","TajweedText":"وَلَئِ<tajweed class=ikhafa>ن س</tajweed>َأَلْتَه<tajweed class=idgham_shafawi>ُم م</tajweed>َّنْ خَلَقَ <tajweed class=ham_wasl>ٱ</tajweed><tajweed class=laam_shamsiyah>ل</tajweed>سَّمَ<tajweed class=madda_normal>ـٰ</tajweed>و<tajweed class=madda_normal>َٲ</tajweed>تِ وَ<tajweed class=ham_wasl>ٱ</tajweed>لْأَرْضَ لَيَقُولُ<tajweed class=ghunnah>نّ</tajweed>َ <tajweed class=ham_wasl>ٱ</tajweed>للَّهُ‌ۚ قُلِ <tajweed class=ham_wasl>ٱ</tajweed>لْحَمْدُ لِلَّهِ‌ۚ بَلْ أَكْثَرُهُمْ لَا يَعْلَم<tajweed class=madda_permissible>ُو</tajweed>نَ <span class=end>٢٥</span>","End":"٢٥","PageNumber":413,"JuzNumber":21,"ManzilNumber":5,"RukuNumber":357,"MaqraNumber":165,"HizbNumber":42,"HizbDecimal":0.0,"HasSajda":false},{"SurahNumber":31,"SurahIndex":"031","VerseNumber":26,"ShowSurahName":false,"ShowBismillah":false,"Text":"لِلَّهِ مَا فِي ٱلسَّمَٰوَٰتِ وَٱلۡأَرۡضِۚ إِنَّ ٱللَّهَ هُوَ ٱلۡغَنِيُّ ٱلۡحَمِيدُ","TajweedText":"لِلَّهِ مَا فِى <tajweed class=ham_wasl>ٱ</tajweed><tajweed class=laam_shamsiyah>ل</tajweed>سَّمَ<tajweed class=madda_normal>ـٰ</tajweed>و<tajweed class=madda_normal>َٲ</tajweed>تِ وَ<tajweed class=ham_wasl>ٱ</tajweed>لْأَرْضِ‌ۚ إِ<tajweed class=ghunnah>نّ</tajweed>َ <tajweed class=ham_wasl>ٱ</tajweed>للَّهَ هُوَ <tajweed class=ham_wasl>ٱ</tajweed>لْغَنِىُّ <tajweed class=ham_wasl>ٱ</tajweed>لْحَم<tajweed class=madda_permissible>ِي</tajweed><tajweed class=qalaqah>د</tajweed>ُ <span class=end>٢٦</span>","End":"٢٦","PageNumber":413,"JuzNumber":21,"ManzilNumber":5,"RukuNumber":357,"MaqraNumber":165,"HizbNumber":42,"HizbDecimal":0.0,"HasSajda":false},{"SurahNumber":31,"SurahIndex":"031","VerseNumber":27,"ShowSurahName":false,"ShowBismillah":false,"Text":"وَلَوۡ أَنَّمَا فِي ٱلۡأَرۡضِ مِن شَجَرَةٍ أَقۡلَٰمٞ وَٱلۡبَحۡرُ يَمُدُّهُۥ مِنۢ بَعۡدِهِۦ سَبۡعَةُ أَبۡحُرٖ مَّا نَفِدَتۡ كَلِمَٰتُ ٱللَّهِۚ إِنَّ ٱللَّهَ عَزِيزٌ حَكِيمٞ","TajweedText":"وَلَوْ أَ<tajweed class=ghunnah>نّ</tajweed>َمَا فِى <tajweed class=ham_wasl>ٱ</tajweed>لْأَرْضِ مِ<tajweed class=ikhafa>ن ش</tajweed>َجَرَةٍ أَ<tajweed class=qalaqah>قْ</tajweed>لَ<tajweed class=madda_normal>ـٰ</tajweed><tajweed class=idgham_ghunnah>مٌ و</tajweed>َ<tajweed class=ham_wasl>ٱ</tajweed>لْبَحْرُ يَمُدُّهُ<tajweed class=madda_normal>ۥ</tajweed> م<tajweed class=iqlab>ِنۢ ب</tajweed>َعْدِه<tajweed class=madda_normal>ِۦ</tajweed> سَ<tajweed class=qalaqah>بْ</tajweed>عَةُ أَ<tajweed class=qalaqah>بْ</tajweed>حُ<tajweed class=idgham_ghunnah>رٍ م</tajweed>َّا نَفِدَتْ كَلِمَ<tajweed class=madda_normal>ـٰ</tajweed>تُ <tajweed class=ham_wasl>ٱ</tajweed>للَّهِ‌ۗ إِ<tajweed class=ghunnah>نّ</tajweed>َ <tajweed class=ham_wasl>ٱ</tajweed>للَّهَ عَزِيزٌ حَك<tajweed class=madda_permissible>ِي</tajweed>مٌ <span class=end>٢٧</span>","End":"٢٧","PageNumber":413,"JuzNumber":21,"ManzilNumber":5,"RukuNumber":357,"MaqraNumber":165,"HizbNumber":42,"HizbDecimal":0.0,"HasSajda":false},{"SurahNumber":31,"SurahIndex":"031","VerseNumber":28,"ShowSurahName":false,"ShowBismillah":false,"Text":"مَّا خَلۡقُكُمۡ وَلَا بَعۡثُكُمۡ إِلَّا كَنَفۡسٖ وَٰحِدَةٍۚ إِنَّ ٱللَّهَ سَمِيعُۢ بَصِيرٌ","TajweedText":"مَّا خَلْقُكُمْ وَلَا بَعْثُكُمْ إِلَّا كَنَفْ<tajweed class=idgham_ghunnah>سٍ و</tajweed><tajweed class=madda_normal>َٲ</tajweed>حِدَةٍ‌ۗ إِ<tajweed class=ghunnah>نّ</tajweed>َ <tajweed class=ham_wasl>ٱ</tajweed>للَّهَ سَمِي<tajweed class=iqlab>عُۢ ب</tajweed>َص<tajweed class=madda_permissible>ِي</tajweed>رٌ <span class=end>٢٨</span>","End":"٢٨","PageNumber":413,"JuzNumber":21,"ManzilNumber":5,"RukuNumber":357,"MaqraNumber":165,"HizbNumber":42,"HizbDecimal":0.0,"HasSajda":false},{"SurahNumber":31,"SurahIndex":"031","VerseNumber":29,"ShowSurahName":false,"ShowBismillah":false,"Text":"أَلَمۡ تَرَ أَنَّ ٱللَّهَ يُولِجُ ٱلَّيۡلَ فِي ٱلنَّهَارِ وَيُولِجُ ٱلنَّهَارَ فِي ٱلَّيۡلِ وَسَخَّرَ ٱلشَّمۡسَ وَٱلۡقَمَرَۖ كُلّٞ يَجۡرِيٓ إِلَىٰٓ أَجَلٖ مُّسَمّٗى وَأَنَّ ٱللَّهَ بِمَا تَعۡمَلُونَ خَبِيرٞ","TajweedText":"أَلَمْ تَرَ أَ<tajweed class=ghunnah>نّ</tajweed>َ <tajweed class=ham_wasl>ٱ</tajweed>للَّهَ يُولِجُ <tajweed class=ham_wasl>ٱ</tajweed>لَّيْلَ فِى <tajweed class=ham_wasl>ٱ</tajweed><tajweed class=laam_shamsiyah>ل</tajweed><tajweed class=ghunnah>نّ</tajweed>َهَارِ وَيُولِجُ <tajweed class=ham_wasl>ٱ</tajweed><tajweed class=laam_shamsiyah>ل</tajweed><tajweed class=ghunnah>نّ</tajweed>َهَارَ فِى <tajweed class=ham_wasl>ٱ</tajweed>لَّيْلِ وَسَخَّرَ <tajweed class=ham_wasl>ٱ</tajweed><tajweed class=laam_shamsiyah>ل</tajweed>شَّمْسَ وَ<tajweed class=ham_wasl>ٱ</tajweed>لْقَمَرَ كُ<tajweed class=idgham_ghunnah>لٌّ ي</tajweed>َ<tajweed class=qalaqah>جْ</tajweed>ر<tajweed class=madda_obligatory>ِىٓ</tajweed> إِلَ<tajweed class=madda_obligatory>ىٰٓ</tajweed> أَجَ<tajweed class=idgham_ghunnah>لٍ م</tajweed>ُّسَم<tajweed class=idgham_ghunnah>ًّى و</tajweed>َأَ<tajweed class=ghunnah>نّ</tajweed>َ <tajweed class=ham_wasl>ٱ</tajweed>للَّهَ بِمَا تَعْمَلُونَ خَب<tajweed class=madda_permissible>ِي</tajweed>رٌ <span class=end>٢٩</span>","End":"٢٩","PageNumber":414,"JuzNumber":21,"ManzilNumber":5,"RukuNumber":357,"MaqraNumber":165,"HizbNumber":42,"HizbDecimal":0.0,"HasSajda":false},{"SurahNumber":31,"SurahIndex":"031","VerseNumber":30,"ShowSurahName":false,"ShowBismillah":false,"Text":"ذَٰلِكَ بِأَنَّ ٱللَّهَ هُوَ ٱلۡحَقُّ وَأَنَّ مَا يَدۡعُونَ مِن دُونِهِ ٱلۡبَٰطِلُ وَأَنَّ ٱللَّهَ هُوَ ٱلۡعَلِيُّ ٱلۡكَبِيرُ","TajweedText":"ذ<tajweed class=madda_normal>َٲ</tajweed>لِكَ بِأَ<tajweed class=ghunnah>نّ</tajweed>َ <tajweed class=ham_wasl>ٱ</tajweed>للَّهَ هُوَ <tajweed class=ham_wasl>ٱ</tajweed>لْحَقُّ وَأَ<tajweed class=ghunnah>نّ</tajweed>َ مَا يَ<tajweed class=qalaqah>دْ</tajweed>عُونَ مِ<tajweed class=ikhafa>ن د</tajweed>ُونِهِ <tajweed class=ham_wasl>ٱ</tajweed>لْبَ<tajweed class=madda_normal>ـٰ</tajweed>طِلُ وَأَ<tajweed class=ghunnah>نّ</tajweed>َ <tajweed class=ham_wasl>ٱ</tajweed>للَّهَ هُوَ <tajweed class=ham_wasl>ٱ</tajweed>لْعَلِىُّ <tajweed class=ham_wasl>ٱ</tajweed>لْكَب<tajweed class=madda_permissible>ِي</tajweed>رُ <span class=end>٣٠</span>","End":"٣٠","PageNumber":414,"JuzNumber":21,"ManzilNumber":5,"RukuNumber":357,"MaqraNumber":165,"HizbNumber":42,"HizbDecimal":0.0,"HasSajda":false},{"SurahNumber":31,"SurahIndex":"031","VerseNumber":31,"ShowSurahName":false,"ShowBismillah":false,"Text":"أَلَمۡ تَرَ أَنَّ ٱلۡفُلۡكَ تَجۡرِي فِي ٱلۡبَحۡرِ بِنِعۡمَتِ ٱللَّهِ لِيُرِيَكُم مِّنۡ ءَايَٰتِهِۦٓۚ إِنَّ فِي ذَٰلِكَ لَأٓيَٰتٖ لِّكُلِّ صَبَّارٖ شَكُورٖ","TajweedText":"أَلَمْ تَرَ أَ<tajweed class=ghunnah>نّ</tajweed>َ <tajweed class=ham_wasl>ٱ</tajweed>لْفُلْكَ تَ<tajweed class=qalaqah>جْ</tajweed>رِى فِى <tajweed class=ham_wasl>ٱ</tajweed>لْبَحْرِ بِنِعْمَتِ <tajweed class=ham_wasl>ٱ</tajweed>للَّهِ لِيُرِيَك<tajweed class=idgham_shafawi>ُم م</tajweed>ِّنْ ءَايَ<tajweed class=madda_normal>ـٰ</tajweed>تِه<tajweed class=madda_obligatory>ِۦٓ‌ۚ</tajweed> إِ<tajweed class=ghunnah>نّ</tajweed>َ فِى ذ<tajweed class=madda_normal>َٲ</tajweed>لِكَ لَأَيَ<tajweed class=madda_normal>ـٰ</tajweed><tajweed class=idgham_wo_ghunnah>تٍ ل</tajweed>ِّكُلِّ صَبَّا<tajweed class=ikhafa>رٍ ش</tajweed>َك<tajweed class=madda_permissible>ُو</tajweed>رٍ <span class=end>٣١</span>","End":"٣١","PageNumber":414,"JuzNumber":21,"ManzilNumber":5,"RukuNumber":357,"MaqraNumber":165,"HizbNumber":42,"HizbDecimal":0.0,"HasSajda":false},{"SurahNumber":31,"SurahIndex":"031","VerseNumber":32,"ShowSurahName":false,"ShowBismillah":false,"Text":"وَإِذَا غَشِيَهُم مَّوۡجٞ كَٱلظُّلَلِ دَعَوُاْ ٱللَّهَ مُخۡلِصِينَ لَهُ ٱلدِّينَ فَلَمَّا نَجَّىٰهُمۡ إِلَى ٱلۡبَرِّ فَمِنۡهُم مُّقۡتَصِدٞۚ وَمَا يَجۡحَدُ بِـَٔايَٰتِنَآ إِلَّا كُلُّ خَتَّارٖ كَفُورٖ","TajweedText":"وَإِذَا غَشِيَه<tajweed class=idgham_shafawi>ُم م</tajweed>َّوْ<tajweed class=ikhafa>جٌ ك</tajweed>َ<tajweed class=ham_wasl>ٱ</tajweed><tajweed class=laam_shamsiyah>ل</tajweed>ظُّلَلِ دَعَوُ<tajweed class=slnt>اْ</tajweed> <tajweed class=ham_wasl>ٱ</tajweed>للَّهَ مُخْلِصِينَ لَهُ <tajweed class=ham_wasl>ٱ</tajweed><tajweed class=laam_shamsiyah>ل</tajweed>دِّينَ فَلَ<tajweed class=ghunnah>مّ</tajweed>َا نَجَّ<tajweed class=madda_normal>ـٰ</tajweed>هُمْ إِلَى <tajweed class=ham_wasl>ٱ</tajweed>لْبَرِّ فَمِنْه<tajweed class=idgham_shafawi>ُم م</tajweed>ُّ<tajweed class=qalaqah>قْ</tajweed>تَصِ<tajweed class=idgham_ghunnah>دٌ‌ۚ و</tajweed>َمَا يَ<tajweed class=qalaqah>جْ</tajweed>حَدُ بِـَٔـايَ<tajweed class=madda_normal>ـٰ</tajweed>تِن<tajweed class=madda_obligatory>َآ</tajweed> إِلَّا كُلُّ خَتَّا<tajweed class=ikhafa>رٍ ك</tajweed>َف<tajweed class=madda_permissible>ُو</tajweed>رٍ <span class=end>٣٢</span>","End":"٣٢","PageNumber":414,"JuzNumber":21,"ManzilNumber":5,"RukuNumber":357,"MaqraNumber":165,"HizbNumber":42,"HizbDecimal":0.0,"HasSajda":false},{"SurahNumber":31,"SurahIndex":"031","VerseNumber":33,"ShowSurahName":false,"ShowBismillah":false,"Text":"يَـٰٓأَيُّهَا ٱلنَّاسُ ٱتَّقُواْ رَبَّكُمۡ وَٱخۡشَوۡاْ يَوۡمٗا لَّا يَجۡزِي وَالِدٌ عَن وَلَدِهِۦ وَلَا مَوۡلُودٌ هُوَ جَازٍ عَن وَالِدِهِۦ شَيۡـًٔاۚ إِنَّ وَعۡدَ ٱللَّهِ حَقّٞۖ فَلَا تَغُرَّنَّكُمُ ٱلۡحَيَوٰةُ ٱلدُّنۡيَا وَلَا يَغُرَّنَّكُم بِٱللَّهِ ٱلۡغَرُورُ","TajweedText":"يَ<tajweed class=madda_obligatory>ـٰٓ</tajweed>أَيُّهَا <tajweed class=ham_wasl>ٱ</tajweed><tajweed class=laam_shamsiyah>ل</tajweed><tajweed class=ghunnah>نّ</tajweed>َاسُ <tajweed class=ham_wasl>ٱ</tajweed>تَّقُو<tajweed class=slnt>اْ</tajweed> رَبَّكُمْ وَ<tajweed class=ham_wasl>ٱ</tajweed>خْشَوْ<tajweed class=slnt>اْ</tajweed> يَوْ<tajweed class=idgham_wo_ghunnah>مًا ل</tajweed>َّا يَ<tajweed class=qalaqah>جْ</tajweed>زِى وَالِدٌ ع<tajweed class=idgham_ghunnah>َن و</tajweed>َلَدِه<tajweed class=madda_normal>ِۦ</tajweed> وَلَا مَوْلُودٌ هُوَ جَازٍ ع<tajweed class=idgham_ghunnah>َن و</tajweed>َالِدِه<tajweed class=madda_normal>ِۦ</tajweed> شَيْــًٔا‌ۚ إِ<tajweed class=ghunnah>نّ</tajweed>َ وَعْدَ <tajweed class=ham_wasl>ٱ</tajweed>للَّهِ حَ<tajweed class=ikhafa>قٌّ‌ۖ ف</tajweed>َلَا تَغُرَّ<tajweed class=ghunnah>نّ</tajweed>َكُمُ <tajweed class=ham_wasl>ٱ</tajweed>لْحَيَ<tajweed class=slnt>و</tajweed><tajweed class=madda_normal>ٲ</tajweed>ةُ <tajweed class=ham_wasl>ٱ</tajweed><tajweed class=laam_shamsiyah>ل</tajweed>دُّنْيَا وَلَا يَغُرَّ<tajweed class=ghunnah>نّ</tajweed>َك<tajweed class=ikhafa_shafawi>ُم ب</tajweed>ِ<tajweed class=ham_wasl>ٱ</tajweed>للَّهِ <tajweed class=ham_wasl>ٱ</tajweed>لْغَر<tajweed class=madda_permissible>ُو</tajweed>رُ <span class=end>٣٣</span>","End":"٣٣","PageNumber":414,"JuzNumber":21,"ManzilNumber":5,"RukuNumber":357,"MaqraNumber":165,"HizbNumber":42,"HizbDecimal":0.0,"HasSajda":false},{"SurahNumber":31,"SurahIndex":"031","VerseNumber":34,"ShowSurahName":false,"ShowBismillah":false,"Text":"إِنَّ ٱللَّهَ عِندَهُۥ عِلۡمُ ٱلسَّاعَةِ وَيُنَزِّلُ ٱلۡغَيۡثَ وَيَعۡلَمُ مَا فِي ٱلۡأَرۡحَامِۖ وَمَا تَدۡرِي نَفۡسٞ مَّاذَا تَكۡسِبُ غَدٗاۖ وَمَا تَدۡرِي نَفۡسُۢ بِأَيِّ أَرۡضٖ تَمُوتُۚ إِنَّ ٱللَّهَ عَلِيمٌ خَبِيرُۢ","TajweedText":"إِ<tajweed class=ghunnah>نّ</tajweed>َ <tajweed class=ham_wasl>ٱ</tajweed>للَّهَ عِ<tajweed class=ikhafa>ند</tajweed>َهُ<tajweed class=madda_normal>ۥ</tajweed> عِلْمُ <tajweed class=ham_wasl>ٱ</tajweed><tajweed class=laam_shamsiyah>ل</tajweed>سَّاعَةِ وَيُنَزِّلُ <tajweed class=ham_wasl>ٱ</tajweed>لْغَيْثَ وَيَعْلَمُ مَا فِى <tajweed class=ham_wasl>ٱ</tajweed>لْأَرْحَامِ‌ۖ وَمَا تَ<tajweed class=qalaqah>دْ</tajweed>رِى نَفْ<tajweed class=idgham_ghunnah>سٌ م</tajweed>َّاذَا تَكْسِبُ غَ<tajweed class=idgham_ghunnah>دًا‌ۖ و</tajweed>َمَا تَ<tajweed class=qalaqah>دْ</tajweed>رِى نَفْ<tajweed class=iqlab>سُۢ ب</tajweed>ِأَىِّ أَرْ<tajweed class=ikhafa>ضٍ ت</tajweed>َمُوتُ‌ۚ إِ<tajweed class=ghunnah>نّ</tajweed>َ <tajweed class=ham_wasl>ٱ</tajweed>للَّهَ عَلِيمٌ خَب<tajweed class=madda_permissible>ِي</tajweed>رُۢ <span class=end>٣٤</span>","End":"٣٤","PageNumber":414,"JuzNumber":21,"ManzilNumber":5,"RukuNumber":357,"MaqraNumber":165,"HizbNumber":42,"HizbDecimal":0.0,"HasSajda":false}]}