{"RukuNumber":533,"Verses":[{"SurahNumber":91,"SurahIndex":"091","VerseNumber":1,"ShowSurahName":true,"ShowBismillah":true,"Text":"وَٱلشَّمۡسِ وَضُحَىٰهَا","TajweedText":"وَ<tajweed class=ham_wasl>ٱ</tajweed><tajweed class=laam_shamsiyah>ل</tajweed>شَّمْسِ وَضُحَ<tajweed class=madda_normal>ـٰ</tajweed>هَا <span class=end>١</span>","End":"١","PageNumber":595,"JuzNumber":30,"ManzilNumber":7,"RukuNumber":533,"MaqraNumber":238,"HizbNumber":60,"HizbDecimal":0.25,"HasSajda":false},{"SurahNumber":91,"SurahIndex":"091","VerseNumber":2,"ShowSurahName":false,"ShowBismillah":false,"Text":"وَٱلۡقَمَرِ إِذَا تَلَىٰهَا","TajweedText":"وَ<tajweed class=ham_wasl>ٱ</tajweed>لْقَمَرِ إِذَا تَلَ<tajweed class=madda_normal>ـٰ</tajweed>هَا <span class=end>٢</span>","End":"٢","PageNumber":595,"JuzNumber":30,"ManzilNumber":7,"RukuNumber":533,"MaqraNumber":238,"HizbNumber":60,"HizbDecimal":0.25,"HasSajda":false},{"SurahNumber":91,"SurahIndex":"091","VerseNumber":3,"ShowSurahName":false,"ShowBismillah":false,"Text":"وَٱلنَّهَارِ إِذَا جَلَّىٰهَا","TajweedText":"وَ<tajweed class=ham_wasl>ٱ</tajweed><tajweed class=laam_shamsiyah>ل</tajweed><tajweed class=ghunnah>نّ</tajweed>َهَارِ إِذَا جَلَّ<tajweed class=madda_normal>ـٰ</tajweed>هَا <span class=end>٣</span>","End":"٣","PageNumber":595,"JuzNumber":30,"ManzilNumber":7,"RukuNumber":533,"MaqraNumber":238,"HizbNumber":60,"HizbDecimal":0.25,"HasSajda":false},{"SurahNumber":91,"SurahIndex":"091","VerseNumber":4,"ShowSurahName":false,"ShowBismillah":false,"Text":"وَٱلَّيۡلِ إِذَا يَغۡشَىٰهَا","TajweedText":"وَ<tajweed class=ham_wasl>ٱ</tajweed>لَّيْلِ إِذَا يَغْشَ<tajweed class=madda_normal>ـٰ</tajweed>هَا <span class=end>٤</span>","End":"٤","PageNumber":595,"JuzNumber":30,"ManzilNumber":7,"RukuNumber":533,"MaqraNumber":238,"HizbNumber":60,"HizbDecimal":0.25,"HasSajda":false},{"SurahNumber":91,"SurahIndex":"091","VerseNumber":5,"ShowSurahName":false,"ShowBismillah":false,"Text":"وَٱلسَّمَآءِ وَمَا بَنَىٰهَا","TajweedText":"وَ<tajweed class=ham_wasl>ٱ</tajweed><tajweed class=laam_shamsiyah>ل</tajweed>سَّم<tajweed class=madda_obligatory>َا</tajweed>ٓءِ وَمَا بَنَ<tajweed class=madda_normal>ـٰ</tajweed>هَا <span class=end>٥</span>","End":"٥","PageNumber":595,"JuzNumber":30,"ManzilNumber":7,"RukuNumber":533,"MaqraNumber":238,"HizbNumber":60,"HizbDecimal":0.25,"HasSajda":false},{"SurahNumber":91,"SurahIndex":"091","VerseNumber":6,"ShowSurahName":false,"ShowBismillah":false,"Text":"وَٱلۡأَرۡضِ وَمَا طَحَىٰهَا","TajweedText":"وَ<tajweed class=ham_wasl>ٱ</tajweed>لْأَرْضِ وَمَا طَحَ<tajweed class=madda_normal>ـٰ</tajweed>هَا <span class=end>٦</span>","End":"٦","PageNumber":595,"JuzNumber":30,"ManzilNumber":7,"RukuNumber":533,"MaqraNumber":238,"HizbNumber":60,"HizbDecimal":0.25,"HasSajda":false},{"SurahNumber":91,"SurahIndex":"091","VerseNumber":7,"ShowSurahName":false,"ShowBismillah":false,"Text":"وَنَفۡسٖ وَمَا سَوَّىٰهَا","TajweedText":"وَنَفْ<tajweed class=idgham_ghunnah>سٍ و</tajweed>َمَا سَوَّ<tajweed class=madda_normal>ٮٰ</tajweed>هَا <span class=end>٧</span>","End":"٧","PageNumber":595,"JuzNumber":30,"ManzilNumber":7,"RukuNumber":533,"MaqraNumber":238,"HizbNumber":60,"HizbDecimal":0.25,"HasSajda":false},{"SurahNumber":91,"SurahIndex":"091","VerseNumber":8,"ShowSurahName":false,"ShowBismillah":false,"Text":"فَأَلۡهَمَهَا فُجُورَهَا وَتَقۡوَىٰهَا","TajweedText":"فَأَلْهَمَهَا فُجُورَهَا وَتَ<tajweed class=qalaqah>قْ</tajweed>وَ<tajweed class=madda_normal>ٮٰ</tajweed>هَا <span class=end>٨</span>","End":"٨","PageNumber":595,"JuzNumber":30,"ManzilNumber":7,"RukuNumber":533,"MaqraNumber":238,"HizbNumber":60,"HizbDecimal":0.25,"HasSajda":false},{"SurahNumber":91,"SurahIndex":"091","VerseNumber":9,"ShowSurahName":false,"ShowBismillah":false,"Text":"قَدۡ أَفۡلَحَ مَن زَكَّىٰهَا","TajweedText":"قَ<tajweed class=qalaqah>دْ</tajweed> أَفْلَحَ مَ<tajweed class=ikhafa>ن ز</tajweed>َكَّ<tajweed class=madda_normal>ـٰ</tajweed>هَا <span class=end>٩</span>","End":"٩","PageNumber":595,"JuzNumber":30,"ManzilNumber":7,"RukuNumber":533,"MaqraNumber":238,"HizbNumber":60,"HizbDecimal":0.25,"HasSajda":false},{"SurahNumber":91,"SurahIndex":"091","VerseNumber":10,"ShowSurahName":false,"ShowBismillah":false,"Text":"وَقَدۡ خَابَ مَن دَسَّىٰهَا","TajweedText":"وَقَ<tajweed class=qalaqah>دْ</tajweed> خَابَ مَ<tajweed class=ikhafa>ن د</tajweed>َسَّ<tajweed class=madda_normal>ـٰ</tajweed>هَا <span class=end>١٠</span>","End":"١٠","PageNumber":595,"JuzNumber":30,"ManzilNumber":7,"RukuNumber":533,"MaqraNumber":238,"HizbNumber":60,"HizbDecimal":0.25,"HasSajda":false},{"SurahNumber":91,"SurahIndex":"091","VerseNumber":11,"ShowSurahName":false,"ShowBismillah":false,"Text":"كَذَّبَتۡ ثَمُودُ بِطَغۡوَىٰهَآ","TajweedText":"كَذَّبَتْ ثَمُودُ بِطَغْوَ<tajweed class=madda_normal>ٮٰ</tajweed>هَآ <span class=end>١١</span>","End":"١١","PageNumber":595,"JuzNumber":30,"ManzilNumber":7,"RukuNumber":533,"MaqraNumber":238,"HizbNumber":60,"HizbDecimal":0.25,"HasSajda":false},{"SurahNumber":91,"SurahIndex":"091","VerseNumber":12,"ShowSurahName":false,"ShowBismillah":false,"Text":"إِذِ ٱنۢبَعَثَ أَشۡقَىٰهَا","TajweedText":"إِذِ <tajweed class=ham_wasl>ٱ</tajweed><tajweed class=iqlab>نۢب</tajweed>َعَثَ أَشْقَ<tajweed class=madda_normal>ـٰ</tajweed>هَا <span class=end>١٢</span>","End":"١٢","PageNumber":595,"JuzNumber":30,"ManzilNumber":7,"RukuNumber":533,"MaqraNumber":238,"HizbNumber":60,"HizbDecimal":0.25,"HasSajda":false},{"SurahNumber":91,"SurahIndex":"091","VerseNumber":13,"ShowSurahName":false,"ShowBismillah":false,"Text":"فَقَالَ لَهُمۡ رَسُولُ ٱللَّهِ نَاقَةَ ٱللَّهِ وَسُقۡيَٰهَا","TajweedText":"فَقَالَ لَهُمْ رَسُولُ <tajweed class=ham_wasl>ٱ</tajweed>للَّهِ نَاقَةَ <tajweed class=ham_wasl>ٱ</tajweed>للَّهِ وَسُ<tajweed class=qalaqah>قْ</tajweed>يَ<tajweed class=madda_normal>ـٰ</tajweed>هَا <span class=end>١٣</span>","End":"١٣","PageNumber":595,"JuzNumber":30,"ManzilNumber":7,"RukuNumber":533,"MaqraNumber":238,"HizbNumber":60,"HizbDecimal":0.25,"HasSajda":false},{"SurahNumber":91,"SurahIndex":"091","VerseNumber":14,"ShowSurahName":false,"ShowBismillah":false,"Text":"فَكَذَّبُوهُ فَعَقَرُوهَا فَدَمۡدَمَ عَلَيۡهِمۡ رَبُّهُم بِذَنۢبِهِمۡ فَسَوَّىٰهَا","TajweedText":"فَكَذَّبُوهُ فَعَقَرُوهَا فَدَمْدَمَ عَلَيْهِمْ رَبُّه<tajweed class=ikhafa_shafawi>ُم ب</tajweed>ِذَ<tajweed class=iqlab>نۢب</tajweed>ِهِمْ فَسَوَّ<tajweed class=madda_normal>ٮٰ</tajweed>هَا <span class=end>١٤</span>","End":"١٤","PageNumber":595,"JuzNumber":30,"ManzilNumber":7,"RukuNumber":533,"MaqraNumber":238,"HizbNumber":60,"HizbDecimal":0.25,"HasSajda":false},{"SurahNumber":91,"SurahIndex":"091","VerseNumber":15,"ShowSurahName":false,"ShowBismillah":false,"Text":"وَلَا يَخَافُ عُقۡبَٰهَا","TajweedText":"وَلَا يَخَافُ عُ<tajweed class=qalaqah>قْ</tajweed>بَ<tajweed class=madda_normal>ـٰ</tajweed>هَا <span class=end>١٥</span>","End":"١٥","PageNumber":595,"JuzNumber":30,"ManzilNumber":7,"RukuNumber":533,"MaqraNumber":238,"HizbNumber":60,"HizbDecimal":0.25,"HasSajda":false}]}