{"RukuNumber":151,"Verses":[{"SurahNumber":8,"SurahIndex":"008","VerseNumber":45,"ShowSurahName":false,"ShowBismillah":false,"Text":"يَـٰٓأَيُّهَا ٱلَّذِينَ ءَامَنُوٓاْ إِذَا لَقِيتُمۡ فِئَةٗ فَٱثۡبُتُواْ وَٱذۡكُرُواْ ٱللَّهَ كَثِيرٗا لَّعَلَّكُمۡ تُفۡلِحُونَ","TajweedText":"يَ<tajweed class=madda_obligatory>ـٰٓ</tajweed>أَيُّهَا <tajweed class=ham_wasl>ٱ</tajweed>لَّذِينَ ءَامَن<tajweed class=madda_obligatory>ُوٓ</tajweed><tajweed class=slnt>اْ</tajweed> إِذَا لَقِيتُمْ فِئَ<tajweed class=ikhafa>ةً ف</tajweed>َ<tajweed class=ham_wasl>ٱ</tajweed>ثْبُتُو<tajweed class=slnt>اْ</tajweed> وَ<tajweed class=ham_wasl>ٱ</tajweed>ذْكُرُو<tajweed class=slnt>اْ</tajweed> <tajweed class=ham_wasl>ٱ</tajweed>للَّهَ كَثِي<tajweed class=idgham_wo_ghunnah>رًا ل</tajweed>َّعَلَّكُمْ تُفْلِح<tajweed class=madda_permissible>ُو</tajweed>نَ <span class=end>٤٥</span>","End":"٤٥","PageNumber":182,"JuzNumber":10,"ManzilNumber":2,"RukuNumber":151,"MaqraNumber":73,"HizbNumber":19,"HizbDecimal":0.0,"HasSajda":false},{"SurahNumber":8,"SurahIndex":"008","VerseNumber":46,"ShowSurahName":false,"ShowBismillah":false,"Text":"وَأَطِيعُواْ ٱللَّهَ وَرَسُولَهُۥ وَلَا تَنَٰزَعُواْ فَتَفۡشَلُواْ وَتَذۡهَبَ رِيحُكُمۡۖ وَٱصۡبِرُوٓاْۚ إِنَّ ٱللَّهَ مَعَ ٱلصَّـٰبِرِينَ","TajweedText":"وَأَطِيعُو<tajweed class=slnt>اْ</tajweed> <tajweed class=ham_wasl>ٱ</tajweed>للَّهَ وَرَسُولَهُ<tajweed class=madda_normal>ۥ</tajweed> وَلَا تَنَ<tajweed class=madda_normal>ـٰ</tajweed>زَعُو<tajweed class=slnt>اْ</tajweed> فَتَفْشَلُو<tajweed class=slnt>اْ</tajweed> وَتَذْهَبَ رِيحُكُمْ‌ۖ وَ<tajweed class=ham_wasl>ٱ</tajweed>صْبِر<tajweed class=madda_obligatory>ُوٓ<tajweed class=slnt>اْ</tajweed>‌ۚ</tajweed> إِ<tajweed class=ghunnah>نّ</tajweed>َ <tajweed class=ham_wasl>ٱ</tajweed>للَّهَ مَعَ <tajweed class=ham_wasl>ٱ</tajweed><tajweed class=laam_shamsiyah>ل</tajweed>صَّ<tajweed class=madda_normal>ـٰ</tajweed>بِر<tajweed class=madda_permissible>ِي</tajweed>نَ <span class=end>٤٦</span>","End":"٤٦","PageNumber":183,"JuzNumber":10,"ManzilNumber":2,"RukuNumber":151,"MaqraNumber":73,"HizbNumber":19,"HizbDecimal":0.0,"HasSajda":false},{"SurahNumber":8,"SurahIndex":"008","VerseNumber":47,"ShowSurahName":false,"ShowBismillah":false,"Text":"وَلَا تَكُونُواْ كَٱلَّذِينَ خَرَجُواْ مِن دِيَٰرِهِم بَطَرٗا وَرِئَآءَ ٱلنَّاسِ وَيَصُدُّونَ عَن سَبِيلِ ٱللَّهِۚ وَٱللَّهُ بِمَا يَعۡمَلُونَ مُحِيطٞ","TajweedText":"وَلَا تَكُونُو<tajweed class=slnt>اْ</tajweed> كَ<tajweed class=ham_wasl>ٱ</tajweed>لَّذِينَ خَرَجُو<tajweed class=slnt>اْ</tajweed> مِ<tajweed class=ikhafa>ن د</tajweed>ِيَ<tajweed class=madda_normal>ـٰ</tajweed>رِه<tajweed class=ikhafa_shafawi>ِم ب</tajweed>َطَ<tajweed class=idgham_ghunnah>رًا و</tajweed>َرِئ<tajweed class=madda_obligatory>َا</tajweed>ٓءَ <tajweed class=ham_wasl>ٱ</tajweed><tajweed class=laam_shamsiyah>ل</tajweed><tajweed class=ghunnah>نّ</tajweed>َاسِ وَيَصُدُّونَ عَ<tajweed class=ikhafa>ن س</tajweed>َبِيلِ <tajweed class=ham_wasl>ٱ</tajweed>للَّهِ‌ۚ وَ<tajweed class=ham_wasl>ٱ</tajweed>للَّهُ بِمَا يَعْمَلُونَ مُح<tajweed class=madda_permissible>ِي</tajweed><tajweed class=qalaqah>ط</tajweed>ٌ <span class=end>٤٧</span>","End":"٤٧","PageNumber":183,"JuzNumber":10,"ManzilNumber":2,"RukuNumber":151,"MaqraNumber":73,"HizbNumber":19,"HizbDecimal":0.0,"HasSajda":false},{"SurahNumber":8,"SurahIndex":"008","VerseNumber":48,"ShowSurahName":false,"ShowBismillah":false,"Text":"وَإِذۡ زَيَّنَ لَهُمُ ٱلشَّيۡطَٰنُ أَعۡمَٰلَهُمۡ وَقَالَ لَا غَالِبَ لَكُمُ ٱلۡيَوۡمَ مِنَ ٱلنَّاسِ وَإِنِّي جَارٞ لَّكُمۡۖ فَلَمَّا تَرَآءَتِ ٱلۡفِئَتَانِ نَكَصَ عَلَىٰ عَقِبَيۡهِ وَقَالَ إِنِّي بَرِيٓءٞ مِّنكُمۡ إِنِّيٓ أَرَىٰ مَا لَا تَرَوۡنَ إِنِّيٓ أَخَافُ ٱللَّهَۚ وَٱللَّهُ شَدِيدُ ٱلۡعِقَابِ","TajweedText":"وَإِذْ زَيَّنَ لَهُمُ <tajweed class=ham_wasl>ٱ</tajweed><tajweed class=laam_shamsiyah>ل</tajweed>شَّيْطَ<tajweed class=madda_normal>ـٰ</tajweed>نُ أَعْمَ<tajweed class=madda_normal>ـٰ</tajweed>لَهُمْ وَقَالَ لَا غَالِبَ لَكُمُ <tajweed class=ham_wasl>ٱ</tajweed>لْيَوْمَ مِنَ <tajweed class=ham_wasl>ٱ</tajweed><tajweed class=laam_shamsiyah>ل</tajweed><tajweed class=ghunnah>نّ</tajweed>َاسِ وَإِ<tajweed class=ghunnah>نّ</tajweed>ِى جَا<tajweed class=idgham_wo_ghunnah>رٌ ل</tajweed>َّكُمْ‌ۖ فَلَ<tajweed class=ghunnah>مّ</tajweed>َا تَر<tajweed class=madda_obligatory>َا</tajweed>ٓءَتِ <tajweed class=ham_wasl>ٱ</tajweed>لْفِئَتَانِ نَكَصَ عَلَىٰ عَقِبَيْهِ وَقَالَ إِ<tajweed class=ghunnah>نّ</tajweed>ِى بَر<tajweed class=madda_obligatory>ِى</tajweed>ٓ<tajweed class=idgham_ghunnah>ءٌ م</tajweed>ِّ<tajweed class=ikhafa>نك</tajweed>ُمْ إِ<tajweed class=ghunnah>نّ</tajweed><tajweed class=madda_obligatory>ِىٓ</tajweed> أَرَىٰ مَا لَا تَرَوْنَ إِ<tajweed class=ghunnah>نّ</tajweed><tajweed class=madda_obligatory>ِىٓ</tajweed> أَخَافُ <tajweed class=ham_wasl>ٱ</tajweed>للَّهَ‌ۚ وَ<tajweed class=ham_wasl>ٱ</tajweed>للَّهُ شَدِيدُ <tajweed class=ham_wasl>ٱ</tajweed>لْعِق<tajweed class=madda_permissible>َا</tajweed><tajweed class=qalaqah>ب</tajweed>ِ <span class=end>٤٨</span>","End":"٤٨","PageNumber":183,"JuzNumber":10,"ManzilNumber":2,"RukuNumber":151,"MaqraNumber":73,"HizbNumber":19,"HizbDecimal":0.0,"HasSajda":false}]}