{"RukuNumber":205,"Verses":[{"SurahNumber":13,"SurahIndex":"013","VerseNumber":1,"ShowSurahName":true,"ShowBismillah":true,"Text":"الٓمٓرۚ تِلۡكَ ءَايَٰتُ ٱلۡكِتَٰبِۗ وَٱلَّذِيٓ أُنزِلَ إِلَيۡكَ مِن رَّبِّكَ ٱلۡحَقُّ وَلَٰكِنَّ أَكۡثَرَ ٱلنَّاسِ لَا يُؤۡمِنُونَ","TajweedText":"ا<tajweed class=madda_necessary>لٓ</tajweed><tajweed class=madda_necessary>مٓ</tajweed>ر‌ۚ تِلْكَ ءَايَ<tajweed class=madda_normal>ـٰ</tajweed>تُ <tajweed class=ham_wasl>ٱ</tajweed>لْكِتَ<tajweed class=madda_normal>ـٰ</tajweed>بِ‌ۗ وَ<tajweed class=ham_wasl>ٱ</tajweed>لَّذ<tajweed class=madda_obligatory>ِىٓ</tajweed> أُ<tajweed class=ikhafa>نز</tajweed>ِلَ إِلَيْكَ م<tajweed class=idgham_wo_ghunnah>ِن ر</tajweed>َّبِّكَ <tajweed class=ham_wasl>ٱ</tajweed>لْحَقُّ وَلَ<tajweed class=madda_normal>ـٰ</tajweed>كِ<tajweed class=ghunnah>نّ</tajweed>َ أَكْثَرَ <tajweed class=ham_wasl>ٱ</tajweed><tajweed class=laam_shamsiyah>ل</tajweed><tajweed class=ghunnah>نّ</tajweed>َاسِ لَا يُؤْمِن<tajweed class=madda_permissible>ُو</tajweed>نَ <span class=end>١</span>","End":"١","PageNumber":249,"JuzNumber":13,"ManzilNumber":3,"RukuNumber":205,"MaqraNumber":99,"HizbNumber":25,"HizbDecimal":0.5,"HasSajda":false},{"SurahNumber":13,"SurahIndex":"013","VerseNumber":2,"ShowSurahName":false,"ShowBismillah":false,"Text":"ٱللَّهُ ٱلَّذِي رَفَعَ ٱلسَّمَٰوَٰتِ بِغَيۡرِ عَمَدٖ تَرَوۡنَهَاۖ ثُمَّ ٱسۡتَوَىٰ عَلَى ٱلۡعَرۡشِۖ وَسَخَّرَ ٱلشَّمۡسَ وَٱلۡقَمَرَۖ كُلّٞ يَجۡرِي لِأَجَلٖ مُّسَمّٗىۚ يُدَبِّرُ ٱلۡأَمۡرَ يُفَصِّلُ ٱلۡأٓيَٰتِ لَعَلَّكُم بِلِقَآءِ رَبِّكُمۡ تُوقِنُونَ","TajweedText":"ٱللَّهُ <tajweed class=ham_wasl>ٱ</tajweed>لَّذِى رَفَعَ <tajweed class=ham_wasl>ٱ</tajweed><tajweed class=laam_shamsiyah>ل</tajweed>سَّمَ<tajweed class=madda_normal>ـٰ</tajweed>و<tajweed class=madda_normal>َٲ</tajweed>تِ بِغَيْرِ عَمَ<tajweed class=ikhafa>دٍ ت</tajweed>َرَوْنَهَا‌ۖ ثُ<tajweed class=ghunnah>مّ</tajweed>َ <tajweed class=ham_wasl>ٱ</tajweed>سْتَوَىٰ عَلَى <tajweed class=ham_wasl>ٱ</tajweed>لْعَرْشِ‌ۖ وَسَخَّرَ <tajweed class=ham_wasl>ٱ</tajweed><tajweed class=laam_shamsiyah>ل</tajweed>شَّمْسَ وَ<tajweed class=ham_wasl>ٱ</tajweed>لْقَمَرَ‌ۖ كُ<tajweed class=idgham_ghunnah>لٌّ ي</tajweed>َ<tajweed class=qalaqah>جْ</tajweed>رِى لِأَجَ<tajweed class=idgham_ghunnah>لٍ م</tajweed>ُّسَم<tajweed class=idgham_ghunnah>ًّى‌ۚ ي</tajweed>ُدَبِّرُ <tajweed class=ham_wasl>ٱ</tajweed>لْأَمْرَ يُفَصِّلُ <tajweed class=ham_wasl>ٱ</tajweed>لْأَيَ<tajweed class=madda_normal>ـٰ</tajweed>تِ لَعَلَّك<tajweed class=ikhafa_shafawi>ُم ب</tajweed>ِلِق<tajweed class=madda_obligatory>َا</tajweed>ٓءِ رَبِّكُمْ تُوقِن<tajweed class=madda_permissible>ُو</tajweed>نَ <span class=end>٢</span>","End":"٢","PageNumber":249,"JuzNumber":13,"ManzilNumber":3,"RukuNumber":205,"MaqraNumber":99,"HizbNumber":25,"HizbDecimal":0.5,"HasSajda":false},{"SurahNumber":13,"SurahIndex":"013","VerseNumber":3,"ShowSurahName":false,"ShowBismillah":false,"Text":"وَهُوَ ٱلَّذِي مَدَّ ٱلۡأَرۡضَ وَجَعَلَ فِيهَا رَوَٰسِيَ وَأَنۡهَٰرٗاۖ وَمِن كُلِّ ٱلثَّمَرَٰتِ جَعَلَ فِيهَا زَوۡجَيۡنِ ٱثۡنَيۡنِۖ يُغۡشِي ٱلَّيۡلَ ٱلنَّهَارَۚ إِنَّ فِي ذَٰلِكَ لَأٓيَٰتٖ لِّقَوۡمٖ يَتَفَكَّرُونَ","TajweedText":"وَهُوَ <tajweed class=ham_wasl>ٱ</tajweed>لَّذِى مَدَّ <tajweed class=ham_wasl>ٱ</tajweed>لْأَرْضَ وَجَعَلَ فِيهَا رَو<tajweed class=madda_normal>َٲ</tajweed>سِىَ وَأَنْهَ<tajweed class=madda_normal>ـٰ</tajweed><tajweed class=idgham_ghunnah>رًا‌ۖ و</tajweed>َمِ<tajweed class=ikhafa>ن ك</tajweed>ُلِّ <tajweed class=ham_wasl>ٱ</tajweed><tajweed class=laam_shamsiyah>ل</tajweed>ثَّمَر<tajweed class=madda_normal>َٲ</tajweed>تِ جَعَلَ فِيهَا زَوْجَيْنِ <tajweed class=ham_wasl>ٱ</tajweed>ثْنَيْنِ‌ۖ يُغْشِى <tajweed class=ham_wasl>ٱ</tajweed>لَّيْلَ <tajweed class=ham_wasl>ٱ</tajweed><tajweed class=laam_shamsiyah>ل</tajweed><tajweed class=ghunnah>نّ</tajweed>َهَارَ‌ۚ إِ<tajweed class=ghunnah>نّ</tajweed>َ فِى ذ<tajweed class=madda_normal>َٲ</tajweed>لِكَ لَأَيَ<tajweed class=madda_normal>ـٰ</tajweed><tajweed class=idgham_wo_ghunnah>تٍ ل</tajweed>ِّقَوْ<tajweed class=idgham_ghunnah>مٍ ي</tajweed>َتَفَكَّر<tajweed class=madda_permissible>ُو</tajweed>نَ <span class=end>٣</span>","End":"٣","PageNumber":249,"JuzNumber":13,"ManzilNumber":3,"RukuNumber":205,"MaqraNumber":99,"HizbNumber":25,"HizbDecimal":0.5,"HasSajda":false},{"SurahNumber":13,"SurahIndex":"013","VerseNumber":4,"ShowSurahName":false,"ShowBismillah":false,"Text":"وَفِي ٱلۡأَرۡضِ قِطَعٞ مُّتَجَٰوِرَٰتٞ وَجَنَّـٰتٞ مِّنۡ أَعۡنَٰبٖ وَزَرۡعٞ وَنَخِيلٞ صِنۡوَانٞ وَغَيۡرُ صِنۡوَانٖ يُسۡقَىٰ بِمَآءٖ وَٰحِدٖ وَنُفَضِّلُ بَعۡضَهَا عَلَىٰ بَعۡضٖ فِي ٱلۡأُكُلِۚ إِنَّ فِي ذَٰلِكَ لَأٓيَٰتٖ لِّقَوۡمٖ يَعۡقِلُونَ","TajweedText":"وَفِى <tajweed class=ham_wasl>ٱ</tajweed>لْأَرْضِ قِطَ<tajweed class=idgham_ghunnah>عٌ م</tajweed>ُّتَجَ<tajweed class=madda_normal>ـٰ</tajweed>وِر<tajweed class=madda_normal>َٲ</tajweed><tajweed class=idgham_ghunnah>تٌ و</tajweed>َجَ<tajweed class=ghunnah>نّ</tajweed>َ<tajweed class=madda_normal>ـٰ</tajweed><tajweed class=idgham_ghunnah>تٌ م</tajweed>ِّنْ أَعْنَ<tajweed class=madda_normal>ـٰ</tajweed><tajweed class=idgham_ghunnah>بٍ و</tajweed>َزَرْ<tajweed class=idgham_ghunnah>عٌ و</tajweed>َنَخِي<tajweed class=ikhafa>لٌ ص</tajweed>ِنْوَا<tajweed class=idgham_ghunnah>نٌ و</tajweed>َغَيْرُ صِنْوَا<tajweed class=idgham_ghunnah>نٍ ي</tajweed>ُسْقَىٰ بِم<tajweed class=madda_obligatory>َا</tajweed>ٓ<tajweed class=idgham_ghunnah>ءٍ و</tajweed><tajweed class=madda_normal>َٲ</tajweed>حِ<tajweed class=idgham_ghunnah>دٍ و</tajweed>َنُفَضِّلُ بَعْضَهَا عَلَىٰ بَعْ<tajweed class=ikhafa>ضٍ ف</tajweed>ِى <tajweed class=ham_wasl>ٱ</tajweed>لْأُكُلِ‌ۚ إِ<tajweed class=ghunnah>نّ</tajweed>َ فِى ذ<tajweed class=madda_normal>َٲ</tajweed>لِكَ لَأَيَ<tajweed class=madda_normal>ـٰ</tajweed><tajweed class=idgham_wo_ghunnah>تٍ ل</tajweed>ِّقَوْ<tajweed class=idgham_ghunnah>مٍ ي</tajweed>َعْقِل<tajweed class=madda_permissible>ُو</tajweed>نَ <span class=end>٤</span>","End":"٤","PageNumber":249,"JuzNumber":13,"ManzilNumber":3,"RukuNumber":205,"MaqraNumber":99,"HizbNumber":25,"HizbDecimal":0.5,"HasSajda":false},{"SurahNumber":13,"SurahIndex":"013","VerseNumber":5,"ShowSurahName":false,"ShowBismillah":false,"Text":"۞وَإِن تَعۡجَبۡ فَعَجَبٞ قَوۡلُهُمۡ أَءِذَا كُنَّا تُرَٰبًا أَءِنَّا لَفِي خَلۡقٖ جَدِيدٍۗ أُوْلَـٰٓئِكَ ٱلَّذِينَ كَفَرُواْ بِرَبِّهِمۡۖ وَأُوْلَـٰٓئِكَ ٱلۡأَغۡلَٰلُ فِيٓ أَعۡنَاقِهِمۡۖ وَأُوْلَـٰٓئِكَ أَصۡحَٰبُ ٱلنَّارِۖ هُمۡ فِيهَا خَٰلِدُونَ","TajweedText":"۞ وَإِ<tajweed class=ikhafa>ن ت</tajweed>َعْجَ<tajweed class=qalaqah>بْ</tajweed> فَعَجَ<tajweed class=ikhafa>بٌ ق</tajweed>َوْلُهُمْ أَءِذَا كُ<tajweed class=ghunnah>نّ</tajweed>َا تُر<tajweed class=madda_normal>َٲ</tajweed>بًا أَءِ<tajweed class=ghunnah>نّ</tajweed>َا لَفِى خَلْ<tajweed class=ikhafa>قٍ ج</tajweed>َدِيدٍ‌ۗ أُ<tajweed class=slnt>وْ</tajweed>لَ<tajweed class=madda_obligatory>ـٰٓ</tajweed>ئِكَ <tajweed class=ham_wasl>ٱ</tajweed>لَّذِينَ كَفَرُو<tajweed class=slnt>اْ</tajweed> بِرَبِّهِمْ‌ۖ وَأُ<tajweed class=slnt>وْ</tajweed>لَ<tajweed class=madda_obligatory>ـٰٓ</tajweed>ئِكَ <tajweed class=ham_wasl>ٱ</tajweed>لْأَغْلَ<tajweed class=madda_normal>ـٰ</tajweed>لُ ف<tajweed class=madda_obligatory>ِىٓ</tajweed> أَعْنَاقِهِمْ‌ۖ وَأُ<tajweed class=slnt>وْ</tajweed>لَ<tajweed class=madda_obligatory>ـٰٓ</tajweed>ئِكَ أَصْحَ<tajweed class=madda_normal>ـٰ</tajweed>بُ <tajweed class=ham_wasl>ٱ</tajweed><tajweed class=laam_shamsiyah>ل</tajweed><tajweed class=ghunnah>نّ</tajweed>َارِ‌ۖ هُمْ فِيهَا خَ<tajweed class=madda_normal>ـٰ</tajweed>لِد<tajweed class=madda_permissible>ُو</tajweed>نَ <span class=end>٥</span>","End":"٥","PageNumber":249,"JuzNumber":13,"ManzilNumber":3,"RukuNumber":205,"MaqraNumber":100,"HizbNumber":25,"HizbDecimal":0.75,"HasSajda":false},{"SurahNumber":13,"SurahIndex":"013","VerseNumber":6,"ShowSurahName":false,"ShowBismillah":false,"Text":"وَيَسۡتَعۡجِلُونَكَ بِٱلسَّيِّئَةِ قَبۡلَ ٱلۡحَسَنَةِ وَقَدۡ خَلَتۡ مِن قَبۡلِهِمُ ٱلۡمَثُلَٰتُۗ وَإِنَّ رَبَّكَ لَذُو مَغۡفِرَةٖ لِّلنَّاسِ عَلَىٰ ظُلۡمِهِمۡۖ وَإِنَّ رَبَّكَ لَشَدِيدُ ٱلۡعِقَابِ","TajweedText":"وَيَسْتَعْجِلُونَكَ بِ<tajweed class=ham_wasl>ٱ</tajweed><tajweed class=laam_shamsiyah>ل</tajweed>سَّيِّئَةِ قَ<tajweed class=qalaqah>بْ</tajweed>لَ <tajweed class=ham_wasl>ٱ</tajweed>لْحَسَنَةِ وَقَ<tajweed class=qalaqah>دْ</tajweed> خَلَتْ مِ<tajweed class=ikhafa>ن ق</tajweed>َ<tajweed class=qalaqah>بْ</tajweed>لِهِمُ <tajweed class=ham_wasl>ٱ</tajweed>لْمَثُلَ<tajweed class=madda_normal>ـٰ</tajweed>تُ‌ۗ وَإِ<tajweed class=ghunnah>نّ</tajweed>َ رَبَّكَ لَذُو مَغْفِرَ<tajweed class=idgham_wo_ghunnah>ةٍ ل</tajweed>ِّل<tajweed class=ghunnah>نّ</tajweed>َاسِ عَلَىٰ ظُلْمِهِمْ‌ۖ وَإِ<tajweed class=ghunnah>نّ</tajweed>َ رَبَّكَ لَشَدِيدُ <tajweed class=ham_wasl>ٱ</tajweed>لْعِق<tajweed class=madda_permissible>َا</tajweed><tajweed class=qalaqah>ب</tajweed>ِ <span class=end>٦</span>","End":"٦","PageNumber":250,"JuzNumber":13,"ManzilNumber":3,"RukuNumber":205,"MaqraNumber":100,"HizbNumber":25,"HizbDecimal":0.75,"HasSajda":false},{"SurahNumber":13,"SurahIndex":"013","VerseNumber":7,"ShowSurahName":false,"ShowBismillah":false,"Text":"وَيَقُولُ ٱلَّذِينَ كَفَرُواْ لَوۡلَآ أُنزِلَ عَلَيۡهِ ءَايَةٞ مِّن رَّبِّهِۦٓۗ إِنَّمَآ أَنتَ مُنذِرٞۖ وَلِكُلِّ قَوۡمٍ هَادٍ","TajweedText":"وَيَقُولُ <tajweed class=ham_wasl>ٱ</tajweed>لَّذِينَ كَفَرُو<tajweed class=slnt>اْ</tajweed> لَوْل<tajweed class=madda_obligatory>َآ</tajweed> أُ<tajweed class=ikhafa>نز</tajweed>ِلَ عَلَيْهِ ءَايَ<tajweed class=idgham_ghunnah>ةٌ م</tajweed>ّ<tajweed class=idgham_wo_ghunnah>ِن ر</tajweed>َّبِّه<tajweed class=madda_obligatory>ِۦٓ‌ۗ</tajweed> إِ<tajweed class=ghunnah>نّ</tajweed>َم<tajweed class=madda_obligatory>َآ</tajweed> أَ<tajweed class=ikhafa>نت</tajweed>َ مُ<tajweed class=ikhafa>نذ</tajweed>ِ<tajweed class=idgham_ghunnah>رٌ‌ۖ و</tajweed>َلِكُلِّ قَوْمٍ ه<tajweed class=madda_permissible>َا</tajweed><tajweed class=qalaqah>د</tajweed>ٍ <span class=end>٧</span>","End":"٧","PageNumber":250,"JuzNumber":13,"ManzilNumber":3,"RukuNumber":205,"MaqraNumber":100,"HizbNumber":25,"HizbDecimal":0.75,"HasSajda":false}]}