{"RukuNumber":542,"Verses":[{"SurahNumber":100,"SurahIndex":"100","VerseNumber":1,"ShowSurahName":true,"ShowBismillah":true,"Text":"وَٱلۡعَٰدِيَٰتِ ضَبۡحٗا","TajweedText":"وَ<tajweed class=ham_wasl>ٱ</tajweed>لْعَ<tajweed class=madda_normal>ـٰ</tajweed>دِيَ<tajweed class=madda_normal>ـٰ</tajweed>تِ ضَ<tajweed class=qalaqah>بْ</tajweed>حًا <span class=end>١</span>","End":"١","PageNumber":599,"JuzNumber":30,"ManzilNumber":7,"RukuNumber":542,"MaqraNumber":239,"HizbNumber":60,"HizbDecimal":0.5,"HasSajda":false},{"SurahNumber":100,"SurahIndex":"100","VerseNumber":2,"ShowSurahName":false,"ShowBismillah":false,"Text":"فَٱلۡمُورِيَٰتِ قَدۡحٗا","TajweedText":"فَ<tajweed class=ham_wasl>ٱ</tajweed>لْمُورِيَ<tajweed class=madda_normal>ـٰ</tajweed>تِ قَ<tajweed class=qalaqah>دْ</tajweed>حًا <span class=end>٢</span>","End":"٢","PageNumber":599,"JuzNumber":30,"ManzilNumber":7,"RukuNumber":542,"MaqraNumber":239,"HizbNumber":60,"HizbDecimal":0.5,"HasSajda":false},{"SurahNumber":100,"SurahIndex":"100","VerseNumber":3,"ShowSurahName":false,"ShowBismillah":false,"Text":"فَٱلۡمُغِيرَٰتِ صُبۡحٗا","TajweedText":"فَ<tajweed class=ham_wasl>ٱ</tajweed>لْمُغِير<tajweed class=madda_normal>َٲ</tajweed>تِ صُ<tajweed class=qalaqah>بْ</tajweed>حًا <span class=end>٣</span>","End":"٣","PageNumber":599,"JuzNumber":30,"ManzilNumber":7,"RukuNumber":542,"MaqraNumber":239,"HizbNumber":60,"HizbDecimal":0.5,"HasSajda":false},{"SurahNumber":100,"SurahIndex":"100","VerseNumber":4,"ShowSurahName":false,"ShowBismillah":false,"Text":"فَأَثَرۡنَ بِهِۦ نَقۡعٗا","TajweedText":"فَأَثَرْنَ بِه<tajweed class=madda_normal>ِۦ</tajweed> نَ<tajweed class=qalaqah>قْ</tajweed>عًا <span class=end>٤</span>","End":"٤","PageNumber":599,"JuzNumber":30,"ManzilNumber":7,"RukuNumber":542,"MaqraNumber":239,"HizbNumber":60,"HizbDecimal":0.5,"HasSajda":false},{"SurahNumber":100,"SurahIndex":"100","VerseNumber":5,"ShowSurahName":false,"ShowBismillah":false,"Text":"فَوَسَطۡنَ بِهِۦ جَمۡعًا","TajweedText":"فَوَسَ<tajweed class=qalaqah>طْ</tajweed>نَ بِه<tajweed class=madda_normal>ِۦ</tajweed> جَمْعًا <span class=end>٥</span>","End":"٥","PageNumber":599,"JuzNumber":30,"ManzilNumber":7,"RukuNumber":542,"MaqraNumber":239,"HizbNumber":60,"HizbDecimal":0.5,"HasSajda":false},{"SurahNumber":100,"SurahIndex":"100","VerseNumber":6,"ShowSurahName":false,"ShowBismillah":false,"Text":"إِنَّ ٱلۡإِنسَٰنَ لِرَبِّهِۦ لَكَنُودٞ","TajweedText":"إِ<tajweed class=ghunnah>نّ</tajweed>َ <tajweed class=ham_wasl>ٱ</tajweed>لْإِ<tajweed class=ikhafa>نس</tajweed>َ<tajweed class=madda_normal>ـٰ</tajweed>نَ لِرَبِّه<tajweed class=madda_normal>ِۦ</tajweed> لَكَن<tajweed class=madda_permissible>ُو</tajweed><tajweed class=qalaqah>د</tajweed>ٌ <span class=end>٦</span>","End":"٦","PageNumber":599,"JuzNumber":30,"ManzilNumber":7,"RukuNumber":542,"MaqraNumber":239,"HizbNumber":60,"HizbDecimal":0.5,"HasSajda":false},{"SurahNumber":100,"SurahIndex":"100","VerseNumber":7,"ShowSurahName":false,"ShowBismillah":false,"Text":"وَإِنَّهُۥ عَلَىٰ ذَٰلِكَ لَشَهِيدٞ","TajweedText":"وَإِ<tajweed class=ghunnah>نّ</tajweed>َهُ<tajweed class=madda_normal>ۥ</tajweed> عَلَىٰ ذ<tajweed class=madda_normal>َٲ</tajweed>لِكَ لَشَه<tajweed class=madda_permissible>ِي</tajweed><tajweed class=qalaqah>د</tajweed>ٌ <span class=end>٧</span>","End":"٧","PageNumber":599,"JuzNumber":30,"ManzilNumber":7,"RukuNumber":542,"MaqraNumber":239,"HizbNumber":60,"HizbDecimal":0.5,"HasSajda":false},{"SurahNumber":100,"SurahIndex":"100","VerseNumber":8,"ShowSurahName":false,"ShowBismillah":false,"Text":"وَإِنَّهُۥ لِحُبِّ ٱلۡخَيۡرِ لَشَدِيدٌ","TajweedText":"وَإِ<tajweed class=ghunnah>نّ</tajweed>َهُ<tajweed class=madda_normal>ۥ</tajweed> لِحُبِّ <tajweed class=ham_wasl>ٱ</tajweed>لْخَيْرِ لَشَد<tajweed class=madda_permissible>ِي</tajweed><tajweed class=qalaqah>د</tajweed>ٌ <span class=end>٨</span>","End":"٨","PageNumber":599,"JuzNumber":30,"ManzilNumber":7,"RukuNumber":542,"MaqraNumber":239,"HizbNumber":60,"HizbDecimal":0.5,"HasSajda":false},{"SurahNumber":100,"SurahIndex":"100","VerseNumber":9,"ShowSurahName":false,"ShowBismillah":false,"Text":"۞أَفَلَا يَعۡلَمُ إِذَا بُعۡثِرَ مَا فِي ٱلۡقُبُورِ","TajweedText":"۞ أَفَلَا يَعْلَمُ إِذَا بُعْثِرَ مَا فِى <tajweed class=ham_wasl>ٱ</tajweed>لْقُب<tajweed class=madda_permissible>ُو</tajweed>رِ <span class=end>٩</span>","End":"٩","PageNumber":599,"JuzNumber":30,"ManzilNumber":7,"RukuNumber":542,"MaqraNumber":240,"HizbNumber":60,"HizbDecimal":0.75,"HasSajda":false},{"SurahNumber":100,"SurahIndex":"100","VerseNumber":10,"ShowSurahName":false,"ShowBismillah":false,"Text":"وَحُصِّلَ مَا فِي ٱلصُّدُورِ","TajweedText":"وَحُصِّلَ مَا فِى <tajweed class=ham_wasl>ٱ</tajweed><tajweed class=laam_shamsiyah>ل</tajweed>صُّد<tajweed class=madda_permissible>ُو</tajweed>رِ <span class=end>١٠</span>","End":"١٠","PageNumber":600,"JuzNumber":30,"ManzilNumber":7,"RukuNumber":542,"MaqraNumber":240,"HizbNumber":60,"HizbDecimal":0.75,"HasSajda":false},{"SurahNumber":100,"SurahIndex":"100","VerseNumber":11,"ShowSurahName":false,"ShowBismillah":false,"Text":"إِنَّ رَبَّهُم بِهِمۡ يَوۡمَئِذٖ لَّخَبِيرُۢ","TajweedText":"إِ<tajweed class=ghunnah>نّ</tajweed>َ رَبَّه<tajweed class=ikhafa_shafawi>ُم ب</tajweed>ِهِمْ يَوْمَئِ<tajweed class=idgham_wo_ghunnah>ذٍ ل</tajweed>َّخَب<tajweed class=madda_permissible>ِي</tajweed>رُۢ <span class=end>١١</span>","End":"١١","PageNumber":600,"JuzNumber":30,"ManzilNumber":7,"RukuNumber":542,"MaqraNumber":240,"HizbNumber":60,"HizbDecimal":0.75,"HasSajda":false}]}