{"RukuNumber":110,"Verses":[{"SurahNumber":6,"SurahIndex":"006","VerseNumber":71,"ShowSurahName":false,"ShowBismillah":false,"Text":"قُلۡ أَنَدۡعُواْ مِن دُونِ ٱللَّهِ مَا لَا يَنفَعُنَا وَلَا يَضُرُّنَا وَنُرَدُّ عَلَىٰٓ أَعۡقَابِنَا بَعۡدَ إِذۡ هَدَىٰنَا ٱللَّهُ كَٱلَّذِي ٱسۡتَهۡوَتۡهُ ٱلشَّيَٰطِينُ فِي ٱلۡأَرۡضِ حَيۡرَانَ لَهُۥٓ أَصۡحَٰبٞ يَدۡعُونَهُۥٓ إِلَى ٱلۡهُدَى ٱئۡتِنَاۗ قُلۡ إِنَّ هُدَى ٱللَّهِ هُوَ ٱلۡهُدَىٰۖ وَأُمِرۡنَا لِنُسۡلِمَ لِرَبِّ ٱلۡعَٰلَمِينَ","TajweedText":"قُلْ أَنَ<tajweed class=qalaqah>دْ</tajweed>عُو<tajweed class=slnt>اْ</tajweed> مِ<tajweed class=ikhafa>ن د</tajweed>ُونِ <tajweed class=ham_wasl>ٱ</tajweed>للَّهِ مَا لَا يَ<tajweed class=ikhafa>نف</tajweed>َعُنَا وَلَا يَضُرُّنَا وَنُرَدُّ عَلَ<tajweed class=madda_obligatory>ىٰٓ</tajweed> أَعْقَابِنَا بَعْدَ إِذْ هَدَ<tajweed class=madda_normal>ٮٰ</tajweed>نَا <tajweed class=ham_wasl>ٱ</tajweed>للَّهُ كَ<tajweed class=ham_wasl>ٱ</tajweed>لَّذِى <tajweed class=ham_wasl>ٱ</tajweed>سْتَهْوَتْهُ <tajweed class=ham_wasl>ٱ</tajweed><tajweed class=laam_shamsiyah>ل</tajweed>شَّيَ<tajweed class=madda_normal>ـٰ</tajweed>طِينُ فِى <tajweed class=ham_wasl>ٱ</tajweed>لْأَرْضِ حَيْرَانَ لَهُ<tajweed class=madda_obligatory>ۥٓ</tajweed> أَصْحَ<tajweed class=madda_normal>ـٰ</tajweed><tajweed class=idgham_ghunnah>بٌ ي</tajweed>َ<tajweed class=qalaqah>دْ</tajweed>عُونَهُ<tajweed class=madda_obligatory>ۥٓ</tajweed> إِلَى <tajweed class=ham_wasl>ٱ</tajweed>لْهُدَى <tajweed class=ham_wasl>ٱ</tajweed>ئْتِنَا‌ۗ قُلْ إِ<tajweed class=ghunnah>نّ</tajweed>َ هُدَى <tajweed class=ham_wasl>ٱ</tajweed>للَّهِ هُوَ <tajweed class=ham_wasl>ٱ</tajweed>لْهُدَىٰ‌ۖ وَأُمِرْنَا لِنُسْلِمَ لِرَبِّ <tajweed class=ham_wasl>ٱ</tajweed>لْعَ<tajweed class=madda_normal>ـٰ</tajweed>لَم<tajweed class=madda_permissible>ِي</tajweed>نَ <span class=end>٧١</span>","End":"٧١","PageNumber":136,"JuzNumber":7,"ManzilNumber":2,"RukuNumber":110,"MaqraNumber":54,"HizbNumber":14,"HizbDecimal":0.25,"HasSajda":false},{"SurahNumber":6,"SurahIndex":"006","VerseNumber":72,"ShowSurahName":false,"ShowBismillah":false,"Text":"وَأَنۡ أَقِيمُواْ ٱلصَّلَوٰةَ وَٱتَّقُوهُۚ وَهُوَ ٱلَّذِيٓ إِلَيۡهِ تُحۡشَرُونَ","TajweedText":"وَأَنْ أَقِيمُو<tajweed class=slnt>اْ</tajweed> <tajweed class=ham_wasl>ٱ</tajweed><tajweed class=laam_shamsiyah>ل</tajweed>صَّلَ<tajweed class=slnt>و</tajweed><tajweed class=madda_normal>ٲ</tajweed>ةَ وَ<tajweed class=ham_wasl>ٱ</tajweed>تَّقُوهُ‌ۚ وَهُوَ <tajweed class=ham_wasl>ٱ</tajweed>لَّذ<tajweed class=madda_obligatory>ِىٓ</tajweed> إِلَيْهِ تُحْشَر<tajweed class=madda_permissible>ُو</tajweed>نَ <span class=end>٧٢</span>","End":"٧٢","PageNumber":136,"JuzNumber":7,"ManzilNumber":2,"RukuNumber":110,"MaqraNumber":54,"HizbNumber":14,"HizbDecimal":0.25,"HasSajda":false},{"SurahNumber":6,"SurahIndex":"006","VerseNumber":73,"ShowSurahName":false,"ShowBismillah":false,"Text":"وَهُوَ ٱلَّذِي خَلَقَ ٱلسَّمَٰوَٰتِ وَٱلۡأَرۡضَ بِٱلۡحَقِّۖ وَيَوۡمَ يَقُولُ كُن فَيَكُونُۚ قَوۡلُهُ ٱلۡحَقُّۚ وَلَهُ ٱلۡمُلۡكُ يَوۡمَ يُنفَخُ فِي ٱلصُّورِۚ عَٰلِمُ ٱلۡغَيۡبِ وَٱلشَّهَٰدَةِۚ وَهُوَ ٱلۡحَكِيمُ ٱلۡخَبِيرُ","TajweedText":"وَهُوَ <tajweed class=ham_wasl>ٱ</tajweed>لَّذِى خَلَقَ <tajweed class=ham_wasl>ٱ</tajweed><tajweed class=laam_shamsiyah>ل</tajweed>سَّمَ<tajweed class=madda_normal>ـٰ</tajweed>و<tajweed class=madda_normal>َٲ</tajweed>تِ وَ<tajweed class=ham_wasl>ٱ</tajweed>لْأَرْضَ بِ<tajweed class=ham_wasl>ٱ</tajweed>لْحَقِّ‌ۖ وَيَوْمَ يَقُولُ كُ<tajweed class=ikhafa>ن ف</tajweed>َيَكُونُ‌ۚ قَوْلُهُ <tajweed class=ham_wasl>ٱ</tajweed>لْحَقُّ‌ۚ وَلَهُ <tajweed class=ham_wasl>ٱ</tajweed>لْمُلْكُ يَوْمَ يُ<tajweed class=ikhafa>نف</tajweed>َخُ فِى <tajweed class=ham_wasl>ٱ</tajweed><tajweed class=laam_shamsiyah>ل</tajweed>صُّورِ‌ۚ عَ<tajweed class=madda_normal>ـٰ</tajweed>لِمُ <tajweed class=ham_wasl>ٱ</tajweed>لْغَيْبِ وَ<tajweed class=ham_wasl>ٱ</tajweed><tajweed class=laam_shamsiyah>ل</tajweed>شَّهَ<tajweed class=madda_normal>ـٰ</tajweed>دَةِ‌ۚ وَهُوَ <tajweed class=ham_wasl>ٱ</tajweed>لْحَكِيمُ <tajweed class=ham_wasl>ٱ</tajweed>لْخَب<tajweed class=madda_permissible>ِي</tajweed>رُ <span class=end>٧٣</span>","End":"٧٣","PageNumber":136,"JuzNumber":7,"ManzilNumber":2,"RukuNumber":110,"MaqraNumber":54,"HizbNumber":14,"HizbDecimal":0.25,"HasSajda":false},{"SurahNumber":6,"SurahIndex":"006","VerseNumber":74,"ShowSurahName":false,"ShowBismillah":false,"Text":"۞وَإِذۡ قَالَ إِبۡرَٰهِيمُ لِأَبِيهِ ءَازَرَ أَتَتَّخِذُ أَصۡنَامًا ءَالِهَةً إِنِّيٓ أَرَىٰكَ وَقَوۡمَكَ فِي ضَلَٰلٖ مُّبِينٖ","TajweedText":"۞ وَإِذْ قَالَ إِ<tajweed class=qalaqah>بْ</tajweed>ر<tajweed class=madda_normal>َٲ</tajweed>هِيمُ لِأَبِيهِ ءَازَرَ أَتَتَّخِذُ أَصْنَامًا ءَالِهَةً‌ۖ إِ<tajweed class=ghunnah>نّ</tajweed><tajweed class=madda_obligatory>ِىٓ</tajweed> أَرَ<tajweed class=madda_normal>ٮٰ</tajweed>كَ وَقَوْمَكَ فِى ضَلَ<tajweed class=madda_normal>ـٰ</tajweed><tajweed class=idgham_ghunnah>لٍ م</tajweed>ُّب<tajweed class=madda_permissible>ِي</tajweed>نٍ <span class=end>٧٤</span>","End":"٧٤","PageNumber":137,"JuzNumber":7,"ManzilNumber":2,"RukuNumber":110,"MaqraNumber":55,"HizbNumber":14,"HizbDecimal":0.5,"HasSajda":false},{"SurahNumber":6,"SurahIndex":"006","VerseNumber":75,"ShowSurahName":false,"ShowBismillah":false,"Text":"وَكَذَٰلِكَ نُرِيٓ إِبۡرَٰهِيمَ مَلَكُوتَ ٱلسَّمَٰوَٰتِ وَٱلۡأَرۡضِ وَلِيَكُونَ مِنَ ٱلۡمُوقِنِينَ","TajweedText":"وَكَذ<tajweed class=madda_normal>َٲ</tajweed>لِكَ نُر<tajweed class=madda_obligatory>ِىٓ</tajweed> إِ<tajweed class=qalaqah>بْ</tajweed>ر<tajweed class=madda_normal>َٲ</tajweed>هِيمَ مَلَكُوتَ <tajweed class=ham_wasl>ٱ</tajweed><tajweed class=laam_shamsiyah>ل</tajweed>سَّمَ<tajweed class=madda_normal>ـٰ</tajweed>و<tajweed class=madda_normal>َٲ</tajweed>تِ وَ<tajweed class=ham_wasl>ٱ</tajweed>لْأَرْضِ وَلِيَكُونَ مِنَ <tajweed class=ham_wasl>ٱ</tajweed>لْمُوقِن<tajweed class=madda_permissible>ِي</tajweed>نَ <span class=end>٧٥</span>","End":"٧٥","PageNumber":137,"JuzNumber":7,"ManzilNumber":2,"RukuNumber":110,"MaqraNumber":55,"HizbNumber":14,"HizbDecimal":0.5,"HasSajda":false},{"SurahNumber":6,"SurahIndex":"006","VerseNumber":76,"ShowSurahName":false,"ShowBismillah":false,"Text":"فَلَمَّا جَنَّ عَلَيۡهِ ٱلَّيۡلُ رَءَا كَوۡكَبٗاۖ قَالَ هَٰذَا رَبِّيۖ فَلَمَّآ أَفَلَ قَالَ لَآ أُحِبُّ ٱلۡأٓفِلِينَ","TajweedText":"فَلَ<tajweed class=ghunnah>مّ</tajweed>َا جَ<tajweed class=ghunnah>نّ</tajweed>َ عَلَيْهِ <tajweed class=ham_wasl>ٱ</tajweed>لَّيْلُ رَءَا كَوْكَ<tajweed class=ikhafa>بًا‌ۖ ق</tajweed>َالَ هَ<tajweed class=madda_normal>ـٰ</tajweed>ذَا رَبِّى‌ۖ فَلَ<tajweed class=ghunnah>مّ</tajweed><tajweed class=madda_obligatory>َآ</tajweed> أَفَلَ قَالَ ل<tajweed class=madda_obligatory>َآ</tajweed> أُحِبُّ <tajweed class=ham_wasl>ٱ</tajweed>لْأَفِل<tajweed class=madda_permissible>ِي</tajweed>نَ <span class=end>٧٦</span>","End":"٧٦","PageNumber":137,"JuzNumber":7,"ManzilNumber":2,"RukuNumber":110,"MaqraNumber":55,"HizbNumber":14,"HizbDecimal":0.5,"HasSajda":false},{"SurahNumber":6,"SurahIndex":"006","VerseNumber":77,"ShowSurahName":false,"ShowBismillah":false,"Text":"فَلَمَّا رَءَا ٱلۡقَمَرَ بَازِغٗا قَالَ هَٰذَا رَبِّيۖ فَلَمَّآ أَفَلَ قَالَ لَئِن لَّمۡ يَهۡدِنِي رَبِّي لَأَكُونَنَّ مِنَ ٱلۡقَوۡمِ ٱلضَّآلِّينَ","TajweedText":"فَلَ<tajweed class=ghunnah>مّ</tajweed>َا رَءَا <tajweed class=ham_wasl>ٱ</tajweed>لْقَمَرَ بَازِ<tajweed class=ikhafa>غًا ق</tajweed>َالَ هَ<tajweed class=madda_normal>ـٰ</tajweed>ذَا رَبِّى‌ۖ فَلَ<tajweed class=ghunnah>مّ</tajweed><tajweed class=madda_obligatory>َآ</tajweed> أَفَلَ قَالَ لَئ<tajweed class=idgham_wo_ghunnah>ِن ل</tajweed>َّمْ يَهْدِنِى رَبِّى لَأَكُونَ<tajweed class=ghunnah>نّ</tajweed>َ مِنَ <tajweed class=ham_wasl>ٱ</tajweed>لْقَوْمِ <tajweed class=ham_wasl>ٱ</tajweed><tajweed class=laam_shamsiyah>ل</tajweed>ضّ<tajweed class=madda_necessary>َا</tajweed>ٓلّ<tajweed class=madda_permissible>ِي</tajweed>نَ <span class=end>٧٧</span>","End":"٧٧","PageNumber":137,"JuzNumber":7,"ManzilNumber":2,"RukuNumber":110,"MaqraNumber":55,"HizbNumber":14,"HizbDecimal":0.5,"HasSajda":false},{"SurahNumber":6,"SurahIndex":"006","VerseNumber":78,"ShowSurahName":false,"ShowBismillah":false,"Text":"فَلَمَّا رَءَا ٱلشَّمۡسَ بَازِغَةٗ قَالَ هَٰذَا رَبِّي هَٰذَآ أَكۡبَرُۖ فَلَمَّآ أَفَلَتۡ قَالَ يَٰقَوۡمِ إِنِّي بَرِيٓءٞ مِّمَّا تُشۡرِكُونَ","TajweedText":"فَلَ<tajweed class=ghunnah>مّ</tajweed>َا رَءَا <tajweed class=ham_wasl>ٱ</tajweed><tajweed class=laam_shamsiyah>ل</tajweed>شَّمْسَ بَازِغَ<tajweed class=ikhafa>ةً ق</tajweed>َالَ هَ<tajweed class=madda_normal>ـٰ</tajweed>ذَا رَبِّى هَ<tajweed class=madda_normal>ـٰ</tajweed>ذ<tajweed class=madda_obligatory>َآ</tajweed> أَكْبَرُ‌ۖ فَلَ<tajweed class=ghunnah>مّ</tajweed><tajweed class=madda_obligatory>َآ</tajweed> أَفَلَتْ قَالَ يَ<tajweed class=madda_normal>ـٰ</tajweed>قَوْمِ إِ<tajweed class=ghunnah>نّ</tajweed>ِى بَر<tajweed class=madda_obligatory>ِى</tajweed>ٓ<tajweed class=idgham_ghunnah>ءٌ م</tajweed>ِّ<tajweed class=ghunnah>مّ</tajweed>َا تُشْرِك<tajweed class=madda_permissible>ُو</tajweed>نَ <span class=end>٧٨</span>","End":"٧٨","PageNumber":137,"JuzNumber":7,"ManzilNumber":2,"RukuNumber":110,"MaqraNumber":55,"HizbNumber":14,"HizbDecimal":0.5,"HasSajda":false},{"SurahNumber":6,"SurahIndex":"006","VerseNumber":79,"ShowSurahName":false,"ShowBismillah":false,"Text":"إِنِّي وَجَّهۡتُ وَجۡهِيَ لِلَّذِي فَطَرَ ٱلسَّمَٰوَٰتِ وَٱلۡأَرۡضَ حَنِيفٗاۖ وَمَآ أَنَا۠ مِنَ ٱلۡمُشۡرِكِينَ","TajweedText":"إِ<tajweed class=ghunnah>نّ</tajweed>ِى وَجَّهْتُ وَ<tajweed class=qalaqah>جْ</tajweed>هِىَ لِلَّذِى فَطَرَ <tajweed class=ham_wasl>ٱ</tajweed><tajweed class=laam_shamsiyah>ل</tajweed>سَّمَ<tajweed class=madda_normal>ـٰ</tajweed>و<tajweed class=madda_normal>َٲ</tajweed>تِ وَ<tajweed class=ham_wasl>ٱ</tajweed>لْأَرْضَ حَنِي<tajweed class=idgham_ghunnah>فًا‌ۖ و</tajweed>َم<tajweed class=madda_obligatory>َآ</tajweed> أَنَا۟ مِنَ <tajweed class=ham_wasl>ٱ</tajweed>لْمُشْرِك<tajweed class=madda_permissible>ِي</tajweed>نَ <span class=end>٧٩</span>","End":"٧٩","PageNumber":137,"JuzNumber":7,"ManzilNumber":2,"RukuNumber":110,"MaqraNumber":55,"HizbNumber":14,"HizbDecimal":0.5,"HasSajda":false},{"SurahNumber":6,"SurahIndex":"006","VerseNumber":80,"ShowSurahName":false,"ShowBismillah":false,"Text":"وَحَآجَّهُۥ قَوۡمُهُۥۚ قَالَ أَتُحَـٰٓجُّوٓنِّي فِي ٱللَّهِ وَقَدۡ هَدَىٰنِۚ وَلَآ أَخَافُ مَا تُشۡرِكُونَ بِهِۦٓ إِلَّآ أَن يَشَآءَ رَبِّي شَيۡـٔٗاۚ وَسِعَ رَبِّي كُلَّ شَيۡءٍ عِلۡمًاۚ أَفَلَا تَتَذَكَّرُونَ","TajweedText":"وَح<tajweed class=madda_necessary>َا</tajweed>ٓجَّهُ<tajweed class=madda_normal>ۥ</tajweed> قَوْمُهُ<tajweed class=madda_normal>ۥ</tajweed>‌ۚ قَالَ أَتُحَ<tajweed class=madda_necessary>ـٰٓ</tajweed>جّ<tajweed class=madda_necessary>ُو</tajweed>ٓ<tajweed class=ghunnah>نّ</tajweed>ِى فِى <tajweed class=ham_wasl>ٱ</tajweed>للَّهِ وَقَ<tajweed class=qalaqah>دْ</tajweed> هَدَ<tajweed class=madda_normal>ٮٰ</tajweed>نِ‌ۚ وَل<tajweed class=madda_obligatory>َآ</tajweed> أَخَافُ مَا تُشْرِكُونَ بِه<tajweed class=madda_obligatory>ِۦٓ</tajweed> إِلّ<tajweed class=madda_obligatory>َآ</tajweed> أ<tajweed class=idgham_ghunnah>َن ي</tajweed>َش<tajweed class=madda_obligatory>َا</tajweed>ٓءَ رَبِّى شَيْـ<tajweed class=idgham_ghunnah>ـًٔا‌ۗ و</tajweed>َسِعَ رَبِّى كُلَّ شَىْءٍ عِلْمًا‌ۗ أَفَلَا تَتَذَكَّر<tajweed class=madda_permissible>ُو</tajweed>نَ <span class=end>٨٠</span>","End":"٨٠","PageNumber":137,"JuzNumber":7,"ManzilNumber":2,"RukuNumber":110,"MaqraNumber":55,"HizbNumber":14,"HizbDecimal":0.5,"HasSajda":false},{"SurahNumber":6,"SurahIndex":"006","VerseNumber":81,"ShowSurahName":false,"ShowBismillah":false,"Text":"وَكَيۡفَ أَخَافُ مَآ أَشۡرَكۡتُمۡ وَلَا تَخَافُونَ أَنَّكُمۡ أَشۡرَكۡتُم بِٱللَّهِ مَا لَمۡ يُنَزِّلۡ بِهِۦ عَلَيۡكُمۡ سُلۡطَٰنٗاۚ فَأَيُّ ٱلۡفَرِيقَيۡنِ أَحَقُّ بِٱلۡأَمۡنِۖ إِن كُنتُمۡ تَعۡلَمُونَ","TajweedText":"وَكَيْفَ أَخَافُ م<tajweed class=madda_obligatory>َآ</tajweed> أَشْرَكْتُمْ وَلَا تَخَافُونَ أَ<tajweed class=ghunnah>نّ</tajweed>َكُمْ أَشْرَكْت<tajweed class=ikhafa_shafawi>ُم ب</tajweed>ِ<tajweed class=ham_wasl>ٱ</tajweed>للَّهِ مَا لَمْ يُنَزِّلْ بِه<tajweed class=madda_normal>ِۦ</tajweed> عَلَيْكُمْ سُلْطَ<tajweed class=madda_normal>ـٰ</tajweed><tajweed class=ikhafa>نًا‌ۚ ف</tajweed>َأَىُّ <tajweed class=ham_wasl>ٱ</tajweed>لْفَرِيقَيْنِ أَحَقُّ بِ<tajweed class=ham_wasl>ٱ</tajweed>لْأَمْنِ‌ۖ إِ<tajweed class=ikhafa>ن ك</tajweed>ُ<tajweed class=ikhafa>نت</tajweed>ُمْ تَعْلَم<tajweed class=madda_permissible>ُو</tajweed>نَ <span class=end>٨١</span>","End":"٨١","PageNumber":137,"JuzNumber":7,"ManzilNumber":2,"RukuNumber":110,"MaqraNumber":55,"HizbNumber":14,"HizbDecimal":0.5,"HasSajda":false},{"SurahNumber":6,"SurahIndex":"006","VerseNumber":82,"ShowSurahName":false,"ShowBismillah":false,"Text":"ٱلَّذِينَ ءَامَنُواْ وَلَمۡ يَلۡبِسُوٓاْ إِيمَٰنَهُم بِظُلۡمٍ أُوْلَـٰٓئِكَ لَهُمُ ٱلۡأَمۡنُ وَهُم مُّهۡتَدُونَ","TajweedText":"ٱلَّذِينَ ءَامَنُو<tajweed class=slnt>اْ</tajweed> وَلَمْ يَلْبِس<tajweed class=madda_obligatory>ُوٓ</tajweed><tajweed class=slnt>اْ</tajweed> إِيمَ<tajweed class=madda_normal>ـٰ</tajweed>نَه<tajweed class=ikhafa_shafawi>ُم ب</tajweed>ِظُلْمٍ أُ<tajweed class=slnt>وْ</tajweed>لَ<tajweed class=madda_obligatory>ـٰٓ</tajweed>ئِكَ لَهُمُ <tajweed class=ham_wasl>ٱ</tajweed>لْأَمْنُ وَه<tajweed class=idgham_shafawi>ُم م</tajweed>ُّهْتَد<tajweed class=madda_permissible>ُو</tajweed>نَ <span class=end>٨٢</span>","End":"٨٢","PageNumber":138,"JuzNumber":7,"ManzilNumber":2,"RukuNumber":110,"MaqraNumber":55,"HizbNumber":14,"HizbDecimal":0.5,"HasSajda":false}]}