{"RukuNumber":535,"Verses":[{"SurahNumber":93,"SurahIndex":"093","VerseNumber":1,"ShowSurahName":true,"ShowBismillah":true,"Text":"وَٱلضُّحَىٰ","TajweedText":"وَ<tajweed class=ham_wasl>ٱ</tajweed><tajweed class=laam_shamsiyah>ل</tajweed>ضُّحَىٰ <span class=end>١</span>","End":"١","PageNumber":596,"JuzNumber":30,"ManzilNumber":7,"RukuNumber":535,"MaqraNumber":238,"HizbNumber":60,"HizbDecimal":0.25,"HasSajda":false},{"SurahNumber":93,"SurahIndex":"093","VerseNumber":2,"ShowSurahName":false,"ShowBismillah":false,"Text":"وَٱلَّيۡلِ إِذَا سَجَىٰ","TajweedText":"وَ<tajweed class=ham_wasl>ٱ</tajweed>لَّيْلِ إِذَا سَجَىٰ <span class=end>٢</span>","End":"٢","PageNumber":596,"JuzNumber":30,"ManzilNumber":7,"RukuNumber":535,"MaqraNumber":238,"HizbNumber":60,"HizbDecimal":0.25,"HasSajda":false},{"SurahNumber":93,"SurahIndex":"093","VerseNumber":3,"ShowSurahName":false,"ShowBismillah":false,"Text":"مَا وَدَّعَكَ رَبُّكَ وَمَا قَلَىٰ","TajweedText":"مَا وَدَّعَكَ رَبُّكَ وَمَا قَلَىٰ <span class=end>٣</span>","End":"٣","PageNumber":596,"JuzNumber":30,"ManzilNumber":7,"RukuNumber":535,"MaqraNumber":238,"HizbNumber":60,"HizbDecimal":0.25,"HasSajda":false},{"SurahNumber":93,"SurahIndex":"093","VerseNumber":4,"ShowSurahName":false,"ShowBismillah":false,"Text":"وَلَلۡأٓخِرَةُ خَيۡرٞ لَّكَ مِنَ ٱلۡأُولَىٰ","TajweedText":"وَلَلْأَخِرَةُ خَيْ<tajweed class=idgham_wo_ghunnah>رٌ ل</tajweed>َّكَ مِنَ <tajweed class=ham_wasl>ٱ</tajweed>لْأُولَىٰ <span class=end>٤</span>","End":"٤","PageNumber":596,"JuzNumber":30,"ManzilNumber":7,"RukuNumber":535,"MaqraNumber":238,"HizbNumber":60,"HizbDecimal":0.25,"HasSajda":false},{"SurahNumber":93,"SurahIndex":"093","VerseNumber":5,"ShowSurahName":false,"ShowBismillah":false,"Text":"وَلَسَوۡفَ يُعۡطِيكَ رَبُّكَ فَتَرۡضَىٰٓ","TajweedText":"وَلَسَوْفَ يُعْطِيكَ رَبُّكَ فَتَرْضَىٰٓ <span class=end>٥</span>","End":"٥","PageNumber":596,"JuzNumber":30,"ManzilNumber":7,"RukuNumber":535,"MaqraNumber":238,"HizbNumber":60,"HizbDecimal":0.25,"HasSajda":false},{"SurahNumber":93,"SurahIndex":"093","VerseNumber":6,"ShowSurahName":false,"ShowBismillah":false,"Text":"أَلَمۡ يَجِدۡكَ يَتِيمٗا فَـَٔاوَىٰ","TajweedText":"أَلَمْ يَجِ<tajweed class=qalaqah>دْ</tajweed>كَ يَتِي<tajweed class=ikhafa>مًا ف</tajweed>َـَٔـاوَىٰ <span class=end>٦</span>","End":"٦","PageNumber":596,"JuzNumber":30,"ManzilNumber":7,"RukuNumber":535,"MaqraNumber":238,"HizbNumber":60,"HizbDecimal":0.25,"HasSajda":false},{"SurahNumber":93,"SurahIndex":"093","VerseNumber":7,"ShowSurahName":false,"ShowBismillah":false,"Text":"وَوَجَدَكَ ضَآلّٗا فَهَدَىٰ","TajweedText":"وَوَجَدَكَ ضَآل<tajweed class=ikhafa>اًّ ف</tajweed>َهَدَىٰ <span class=end>٧</span>","End":"٧","PageNumber":596,"JuzNumber":30,"ManzilNumber":7,"RukuNumber":535,"MaqraNumber":238,"HizbNumber":60,"HizbDecimal":0.25,"HasSajda":false},{"SurahNumber":93,"SurahIndex":"093","VerseNumber":8,"ShowSurahName":false,"ShowBismillah":false,"Text":"وَوَجَدَكَ عَآئِلٗا فَأَغۡنَىٰ","TajweedText":"وَوَجَدَكَ ع<tajweed class=madda_obligatory>َا</tajweed>ٓئِل<tajweed class=ikhafa>اً ف</tajweed>َأَغْنَىٰ <span class=end>٨</span>","End":"٨","PageNumber":596,"JuzNumber":30,"ManzilNumber":7,"RukuNumber":535,"MaqraNumber":238,"HizbNumber":60,"HizbDecimal":0.25,"HasSajda":false},{"SurahNumber":93,"SurahIndex":"093","VerseNumber":9,"ShowSurahName":false,"ShowBismillah":false,"Text":"فَأَمَّا ٱلۡيَتِيمَ فَلَا تَقۡهَرۡ","TajweedText":"فَأَ<tajweed class=ghunnah>مّ</tajweed>َا <tajweed class=ham_wasl>ٱ</tajweed>لْيَتِيمَ فَلَا تَ<tajweed class=qalaqah>قْ</tajweed>هَرْ <span class=end>٩</span>","End":"٩","PageNumber":596,"JuzNumber":30,"ManzilNumber":7,"RukuNumber":535,"MaqraNumber":238,"HizbNumber":60,"HizbDecimal":0.25,"HasSajda":false},{"SurahNumber":93,"SurahIndex":"093","VerseNumber":10,"ShowSurahName":false,"ShowBismillah":false,"Text":"وَأَمَّا ٱلسَّآئِلَ فَلَا تَنۡهَرۡ","TajweedText":"وَأَ<tajweed class=ghunnah>مّ</tajweed>َا <tajweed class=ham_wasl>ٱ</tajweed><tajweed class=laam_shamsiyah>ل</tajweed>سّ<tajweed class=madda_obligatory>َا</tajweed>ٓئِلَ فَلَا تَنْهَرْ <span class=end>١٠</span>","End":"١٠","PageNumber":596,"JuzNumber":30,"ManzilNumber":7,"RukuNumber":535,"MaqraNumber":238,"HizbNumber":60,"HizbDecimal":0.25,"HasSajda":false},{"SurahNumber":93,"SurahIndex":"093","VerseNumber":11,"ShowSurahName":false,"ShowBismillah":false,"Text":"وَأَمَّا بِنِعۡمَةِ رَبِّكَ فَحَدِّثۡ","TajweedText":"وَأَ<tajweed class=ghunnah>مّ</tajweed>َا بِنِعْمَةِ رَبِّكَ فَحَدِّثْ <span class=end>١١</span>","End":"١١","PageNumber":596,"JuzNumber":30,"ManzilNumber":7,"RukuNumber":535,"MaqraNumber":238,"HizbNumber":60,"HizbDecimal":0.25,"HasSajda":false}]}