{"RukuNumber":459,"Verses":[{"SurahNumber":52,"SurahIndex":"052","VerseNumber":29,"ShowSurahName":false,"ShowBismillah":false,"Text":"فَذَكِّرۡ فَمَآ أَنتَ بِنِعۡمَتِ رَبِّكَ بِكَاهِنٖ وَلَا مَجۡنُونٍ","TajweedText":"فَذَكِّرْ فَم<tajweed class=madda_obligatory>َآ</tajweed> أَ<tajweed class=ikhafa>نت</tajweed>َ بِنِعْمَتِ رَبِّكَ بِكَاهِ<tajweed class=idgham_ghunnah>نٍ و</tajweed>َلَا مَ<tajweed class=qalaqah>جْ</tajweed>ن<tajweed class=madda_permissible>ُو</tajweed>نٍ <span class=end>٢٩</span>","End":"٢٩","PageNumber":524,"JuzNumber":27,"ManzilNumber":7,"RukuNumber":459,"MaqraNumber":210,"HizbNumber":53,"HizbDecimal":0.25,"HasSajda":false},{"SurahNumber":52,"SurahIndex":"052","VerseNumber":30,"ShowSurahName":false,"ShowBismillah":false,"Text":"أَمۡ يَقُولُونَ شَاعِرٞ نَّتَرَبَّصُ بِهِۦ رَيۡبَ ٱلۡمَنُونِ","TajweedText":"أَمْ يَقُولُونَ شَاعِ<tajweed class=idgham_ghunnah>رٌ ن</tajweed>َّتَرَبَّصُ بِه<tajweed class=madda_normal>ِۦ</tajweed> رَيْبَ <tajweed class=ham_wasl>ٱ</tajweed>لْمَن<tajweed class=madda_permissible>ُو</tajweed>نِ <span class=end>٣٠</span>","End":"٣٠","PageNumber":524,"JuzNumber":27,"ManzilNumber":7,"RukuNumber":459,"MaqraNumber":210,"HizbNumber":53,"HizbDecimal":0.25,"HasSajda":false},{"SurahNumber":52,"SurahIndex":"052","VerseNumber":31,"ShowSurahName":false,"ShowBismillah":false,"Text":"قُلۡ تَرَبَّصُواْ فَإِنِّي مَعَكُم مِّنَ ٱلۡمُتَرَبِّصِينَ","TajweedText":"قُلْ تَرَبَّصُو<tajweed class=slnt>اْ</tajweed> فَإِ<tajweed class=ghunnah>نّ</tajweed>ِى مَعَك<tajweed class=idgham_shafawi>ُم م</tajweed>ِّنَ <tajweed class=ham_wasl>ٱ</tajweed>لْمُتَرَبِّص<tajweed class=madda_permissible>ِي</tajweed>نَ <span class=end>٣١</span>","End":"٣١","PageNumber":524,"JuzNumber":27,"ManzilNumber":7,"RukuNumber":459,"MaqraNumber":210,"HizbNumber":53,"HizbDecimal":0.25,"HasSajda":false},{"SurahNumber":52,"SurahIndex":"052","VerseNumber":32,"ShowSurahName":false,"ShowBismillah":false,"Text":"أَمۡ تَأۡمُرُهُمۡ أَحۡلَٰمُهُم بِهَٰذَآۚ أَمۡ هُمۡ قَوۡمٞ طَاغُونَ","TajweedText":"أَمْ تَأْمُرُهُمْ أَحْلَ<tajweed class=madda_normal>ـٰ</tajweed>مُه<tajweed class=ikhafa_shafawi>ُم ب</tajweed>ِهَ<tajweed class=madda_normal>ـٰ</tajweed>ذ<tajweed class=madda_obligatory>َآ‌ۚ</tajweed> أَمْ هُمْ قَوْ<tajweed class=ikhafa>مٌ ط</tajweed>َاغ<tajweed class=madda_permissible>ُو</tajweed>نَ <span class=end>٣٢</span>","End":"٣٢","PageNumber":525,"JuzNumber":27,"ManzilNumber":7,"RukuNumber":459,"MaqraNumber":210,"HizbNumber":53,"HizbDecimal":0.25,"HasSajda":false},{"SurahNumber":52,"SurahIndex":"052","VerseNumber":33,"ShowSurahName":false,"ShowBismillah":false,"Text":"أَمۡ يَقُولُونَ تَقَوَّلَهُۥۚ بَل لَّا يُؤۡمِنُونَ","TajweedText":"أَمْ يَقُولُونَ تَقَوَّلَهُ<tajweed class=madda_normal>ۥ</tajweed>‌ۚ بَل لَّا يُؤْمِن<tajweed class=madda_permissible>ُو</tajweed>نَ <span class=end>٣٣</span>","End":"٣٣","PageNumber":525,"JuzNumber":27,"ManzilNumber":7,"RukuNumber":459,"MaqraNumber":210,"HizbNumber":53,"HizbDecimal":0.25,"HasSajda":false},{"SurahNumber":52,"SurahIndex":"052","VerseNumber":34,"ShowSurahName":false,"ShowBismillah":false,"Text":"فَلۡيَأۡتُواْ بِحَدِيثٖ مِّثۡلِهِۦٓ إِن كَانُواْ صَٰدِقِينَ","TajweedText":"فَلْيَأْتُو<tajweed class=slnt>اْ</tajweed> بِحَدِي<tajweed class=idgham_ghunnah>ثٍ م</tajweed>ِّثْلِه<tajweed class=madda_obligatory>ِۦٓ</tajweed> إِ<tajweed class=ikhafa>ن ك</tajweed>َانُو<tajweed class=slnt>اْ</tajweed> صَ<tajweed class=madda_normal>ـٰ</tajweed>دِق<tajweed class=madda_permissible>ِي</tajweed>نَ <span class=end>٣٤</span>","End":"٣٤","PageNumber":525,"JuzNumber":27,"ManzilNumber":7,"RukuNumber":459,"MaqraNumber":210,"HizbNumber":53,"HizbDecimal":0.25,"HasSajda":false},{"SurahNumber":52,"SurahIndex":"052","VerseNumber":35,"ShowSurahName":false,"ShowBismillah":false,"Text":"أَمۡ خُلِقُواْ مِنۡ غَيۡرِ شَيۡءٍ أَمۡ هُمُ ٱلۡخَٰلِقُونَ","TajweedText":"أَمْ خُلِقُو<tajweed class=slnt>اْ</tajweed> مِنْ غَيْرِ شَىْءٍ أَمْ هُمُ <tajweed class=ham_wasl>ٱ</tajweed>لْخَ<tajweed class=madda_normal>ـٰ</tajweed>لِق<tajweed class=madda_permissible>ُو</tajweed>نَ <span class=end>٣٥</span>","End":"٣٥","PageNumber":525,"JuzNumber":27,"ManzilNumber":7,"RukuNumber":459,"MaqraNumber":210,"HizbNumber":53,"HizbDecimal":0.25,"HasSajda":false},{"SurahNumber":52,"SurahIndex":"052","VerseNumber":36,"ShowSurahName":false,"ShowBismillah":false,"Text":"أَمۡ خَلَقُواْ ٱلسَّمَٰوَٰتِ وَٱلۡأَرۡضَۚ بَل لَّا يُوقِنُونَ","TajweedText":"أَمْ خَلَقُو<tajweed class=slnt>اْ</tajweed> <tajweed class=ham_wasl>ٱ</tajweed><tajweed class=laam_shamsiyah>ل</tajweed>سَّمَ<tajweed class=madda_normal>ـٰ</tajweed>و<tajweed class=madda_normal>َٲ</tajweed>تِ وَ<tajweed class=ham_wasl>ٱ</tajweed>لْأَرْضَ‌ۚ بَل لَّا يُوقِن<tajweed class=madda_permissible>ُو</tajweed>نَ <span class=end>٣٦</span>","End":"٣٦","PageNumber":525,"JuzNumber":27,"ManzilNumber":7,"RukuNumber":459,"MaqraNumber":210,"HizbNumber":53,"HizbDecimal":0.25,"HasSajda":false},{"SurahNumber":52,"SurahIndex":"052","VerseNumber":37,"ShowSurahName":false,"ShowBismillah":false,"Text":"أَمۡ عِندَهُمۡ خَزَآئِنُ رَبِّكَ أَمۡ هُمُ ٱلۡمُصَۜيۡطِرُونَ","TajweedText":"أَمْ عِ<tajweed class=ikhafa>ند</tajweed>َهُمْ خَز<tajweed class=madda_obligatory>َا</tajweed>ٓئِنُ رَبِّكَ أَمْ هُمُ <tajweed class=ham_wasl>ٱ</tajweed>لْمُصَۣيْطِر<tajweed class=madda_permissible>ُو</tajweed>نَ <span class=end>٣٧</span>","End":"٣٧","PageNumber":525,"JuzNumber":27,"ManzilNumber":7,"RukuNumber":459,"MaqraNumber":210,"HizbNumber":53,"HizbDecimal":0.25,"HasSajda":false},{"SurahNumber":52,"SurahIndex":"052","VerseNumber":38,"ShowSurahName":false,"ShowBismillah":false,"Text":"أَمۡ لَهُمۡ سُلَّمٞ يَسۡتَمِعُونَ فِيهِۖ فَلۡيَأۡتِ مُسۡتَمِعُهُم بِسُلۡطَٰنٖ مُّبِينٍ","TajweedText":"أَمْ لَهُمْ سُلَّ<tajweed class=idgham_ghunnah>مٌ ي</tajweed>َسْتَمِعُونَ فِيهِ‌ۖ فَلْيَأْتِ مُسْتَمِعُه<tajweed class=ikhafa_shafawi>ُم ب</tajweed>ِسُلْطَ<tajweed class=madda_normal>ـٰ</tajweed><tajweed class=idgham_ghunnah>نٍ م</tajweed>ُّب<tajweed class=madda_permissible>ِي</tajweed>نٍ <span class=end>٣٨</span>","End":"٣٨","PageNumber":525,"JuzNumber":27,"ManzilNumber":7,"RukuNumber":459,"MaqraNumber":210,"HizbNumber":53,"HizbDecimal":0.25,"HasSajda":false},{"SurahNumber":52,"SurahIndex":"052","VerseNumber":39,"ShowSurahName":false,"ShowBismillah":false,"Text":"أَمۡ لَهُ ٱلۡبَنَٰتُ وَلَكُمُ ٱلۡبَنُونَ","TajweedText":"أَمْ لَهُ <tajweed class=ham_wasl>ٱ</tajweed>لْبَنَ<tajweed class=madda_normal>ـٰ</tajweed>تُ وَلَكُمُ <tajweed class=ham_wasl>ٱ</tajweed>لْبَن<tajweed class=madda_permissible>ُو</tajweed>نَ <span class=end>٣٩</span>","End":"٣٩","PageNumber":525,"JuzNumber":27,"ManzilNumber":7,"RukuNumber":459,"MaqraNumber":210,"HizbNumber":53,"HizbDecimal":0.25,"HasSajda":false},{"SurahNumber":52,"SurahIndex":"052","VerseNumber":40,"ShowSurahName":false,"ShowBismillah":false,"Text":"أَمۡ تَسۡـَٔلُهُمۡ أَجۡرٗا فَهُم مِّن مَّغۡرَمٖ مُّثۡقَلُونَ","TajweedText":"أَمْ تَسْــَٔلُهُمْ أَ<tajweed class=qalaqah>جْ</tajweed><tajweed class=ikhafa>رًا ف</tajweed>َه<tajweed class=idgham_shafawi>ُم م</tajweed>ّ<tajweed class=idgham_ghunnah>ِن م</tajweed>َّغْرَ<tajweed class=idgham_ghunnah>مٍ م</tajweed>ُّثْقَل<tajweed class=madda_permissible>ُو</tajweed>نَ <span class=end>٤٠</span>","End":"٤٠","PageNumber":525,"JuzNumber":27,"ManzilNumber":7,"RukuNumber":459,"MaqraNumber":210,"HizbNumber":53,"HizbDecimal":0.25,"HasSajda":false},{"SurahNumber":52,"SurahIndex":"052","VerseNumber":41,"ShowSurahName":false,"ShowBismillah":false,"Text":"أَمۡ عِندَهُمُ ٱلۡغَيۡبُ فَهُمۡ يَكۡتُبُونَ","TajweedText":"أَمْ عِ<tajweed class=ikhafa>ند</tajweed>َهُمُ <tajweed class=ham_wasl>ٱ</tajweed>لْغَيْبُ فَهُمْ يَكْتُب<tajweed class=madda_permissible>ُو</tajweed>نَ <span class=end>٤١</span>","End":"٤١","PageNumber":525,"JuzNumber":27,"ManzilNumber":7,"RukuNumber":459,"MaqraNumber":210,"HizbNumber":53,"HizbDecimal":0.25,"HasSajda":false},{"SurahNumber":52,"SurahIndex":"052","VerseNumber":42,"ShowSurahName":false,"ShowBismillah":false,"Text":"أَمۡ يُرِيدُونَ كَيۡدٗاۖ فَٱلَّذِينَ كَفَرُواْ هُمُ ٱلۡمَكِيدُونَ","TajweedText":"أَمْ يُرِيدُونَ كَيْ<tajweed class=ikhafa>دًا‌ۖ ف</tajweed>َ<tajweed class=ham_wasl>ٱ</tajweed>لَّذِينَ كَفَرُو<tajweed class=slnt>اْ</tajweed> هُمُ <tajweed class=ham_wasl>ٱ</tajweed>لْمَكِيد<tajweed class=madda_permissible>ُو</tajweed>نَ <span class=end>٤٢</span>","End":"٤٢","PageNumber":525,"JuzNumber":27,"ManzilNumber":7,"RukuNumber":459,"MaqraNumber":210,"HizbNumber":53,"HizbDecimal":0.25,"HasSajda":false},{"SurahNumber":52,"SurahIndex":"052","VerseNumber":43,"ShowSurahName":false,"ShowBismillah":false,"Text":"أَمۡ لَهُمۡ إِلَٰهٌ غَيۡرُ ٱللَّهِۚ سُبۡحَٰنَ ٱللَّهِ عَمَّا يُشۡرِكُونَ","TajweedText":"أَمْ لَهُمْ إِلَ<tajweed class=madda_normal>ـٰ</tajweed>هٌ غَيْرُ <tajweed class=ham_wasl>ٱ</tajweed>للَّهِ‌ۚ سُ<tajweed class=qalaqah>بْ</tajweed>حَ<tajweed class=madda_normal>ـٰ</tajweed>نَ <tajweed class=ham_wasl>ٱ</tajweed>للَّهِ عَ<tajweed class=ghunnah>مّ</tajweed>َا يُشْرِك<tajweed class=madda_permissible>ُو</tajweed>نَ <span class=end>٤٣</span>","End":"٤٣","PageNumber":525,"JuzNumber":27,"ManzilNumber":7,"RukuNumber":459,"MaqraNumber":210,"HizbNumber":53,"HizbDecimal":0.25,"HasSajda":false},{"SurahNumber":52,"SurahIndex":"052","VerseNumber":44,"ShowSurahName":false,"ShowBismillah":false,"Text":"وَإِن يَرَوۡاْ كِسۡفٗا مِّنَ ٱلسَّمَآءِ سَاقِطٗا يَقُولُواْ سَحَابٞ مَّرۡكُومٞ","TajweedText":"وَإ<tajweed class=idgham_ghunnah>ِن ي</tajweed>َرَوْ<tajweed class=slnt>اْ</tajweed> كِسْ<tajweed class=idgham_ghunnah>فًا م</tajweed>ِّنَ <tajweed class=ham_wasl>ٱ</tajweed><tajweed class=laam_shamsiyah>ل</tajweed>سَّم<tajweed class=madda_obligatory>َا</tajweed>ٓءِ سَاقِ<tajweed class=idgham_ghunnah>طًا ي</tajweed>َقُولُو<tajweed class=slnt>اْ</tajweed> سَحَا<tajweed class=idgham_ghunnah>بٌ م</tajweed>َّرْك<tajweed class=madda_permissible>ُو</tajweed>مٌ <span class=end>٤٤</span>","End":"٤٤","PageNumber":525,"JuzNumber":27,"ManzilNumber":7,"RukuNumber":459,"MaqraNumber":210,"HizbNumber":53,"HizbDecimal":0.25,"HasSajda":false},{"SurahNumber":52,"SurahIndex":"052","VerseNumber":45,"ShowSurahName":false,"ShowBismillah":false,"Text":"فَذَرۡهُمۡ حَتَّىٰ يُلَٰقُواْ يَوۡمَهُمُ ٱلَّذِي فِيهِ يُصۡعَقُونَ","TajweedText":"فَذَرْهُمْ حَتَّىٰ يُلَ<tajweed class=madda_normal>ـٰ</tajweed>قُو<tajweed class=slnt>اْ</tajweed> يَوْمَهُمُ <tajweed class=ham_wasl>ٱ</tajweed>لَّذِى فِيهِ يُصْعَق<tajweed class=madda_permissible>ُو</tajweed>نَ <span class=end>٤٥</span>","End":"٤٥","PageNumber":525,"JuzNumber":27,"ManzilNumber":7,"RukuNumber":459,"MaqraNumber":210,"HizbNumber":53,"HizbDecimal":0.25,"HasSajda":false},{"SurahNumber":52,"SurahIndex":"052","VerseNumber":46,"ShowSurahName":false,"ShowBismillah":false,"Text":"يَوۡمَ لَا يُغۡنِي عَنۡهُمۡ كَيۡدُهُمۡ شَيۡـٔٗا وَلَا هُمۡ يُنصَرُونَ","TajweedText":"يَوْمَ لَا يُغْنِى عَنْهُمْ كَيْدُهُمْ شَيْـ<tajweed class=idgham_ghunnah>ـًٔا و</tajweed>َلَا هُمْ يُ<tajweed class=ikhafa>نص</tajweed>َر<tajweed class=madda_permissible>ُو</tajweed>نَ <span class=end>٤٦</span>","End":"٤٦","PageNumber":525,"JuzNumber":27,"ManzilNumber":7,"RukuNumber":459,"MaqraNumber":210,"HizbNumber":53,"HizbDecimal":0.25,"HasSajda":false},{"SurahNumber":52,"SurahIndex":"052","VerseNumber":47,"ShowSurahName":false,"ShowBismillah":false,"Text":"وَإِنَّ لِلَّذِينَ ظَلَمُواْ عَذَابٗا دُونَ ذَٰلِكَ وَلَٰكِنَّ أَكۡثَرَهُمۡ لَا يَعۡلَمُونَ","TajweedText":"وَإِ<tajweed class=ghunnah>نّ</tajweed>َ لِلَّذِينَ ظَلَمُو<tajweed class=slnt>اْ</tajweed> عَذَا<tajweed class=ikhafa>بًا د</tajweed>ُونَ ذ<tajweed class=madda_normal>َٲ</tajweed>لِكَ وَلَ<tajweed class=madda_normal>ـٰ</tajweed>كِ<tajweed class=ghunnah>نّ</tajweed>َ أَكْثَرَهُمْ لَا يَعْلَم<tajweed class=madda_permissible>ُو</tajweed>نَ <span class=end>٤٧</span>","End":"٤٧","PageNumber":525,"JuzNumber":27,"ManzilNumber":7,"RukuNumber":459,"MaqraNumber":210,"HizbNumber":53,"HizbDecimal":0.25,"HasSajda":false},{"SurahNumber":52,"SurahIndex":"052","VerseNumber":48,"ShowSurahName":false,"ShowBismillah":false,"Text":"وَٱصۡبِرۡ لِحُكۡمِ رَبِّكَ فَإِنَّكَ بِأَعۡيُنِنَاۖ وَسَبِّحۡ بِحَمۡدِ رَبِّكَ حِينَ تَقُومُ","TajweedText":"وَ<tajweed class=ham_wasl>ٱ</tajweed>صْبِرْ لِحُكْمِ رَبِّكَ فَإِ<tajweed class=ghunnah>نّ</tajweed>َكَ بِأَعْيُنِنَا‌ۖ وَسَبِّحْ بِحَمْدِ رَبِّكَ حِينَ تَق<tajweed class=madda_permissible>ُو</tajweed>مُ <span class=end>٤٨</span>","End":"٤٨","PageNumber":525,"JuzNumber":27,"ManzilNumber":7,"RukuNumber":459,"MaqraNumber":210,"HizbNumber":53,"HizbDecimal":0.25,"HasSajda":false},{"SurahNumber":52,"SurahIndex":"052","VerseNumber":49,"ShowSurahName":false,"ShowBismillah":false,"Text":"وَمِنَ ٱلَّيۡلِ فَسَبِّحۡهُ وَإِدۡبَٰرَ ٱلنُّجُومِ","TajweedText":"وَمِنَ <tajweed class=ham_wasl>ٱ</tajweed>لَّيْلِ فَسَبِّحْهُ وَإِ<tajweed class=qalaqah>دْ</tajweed>بَ<tajweed class=madda_normal>ـٰ</tajweed>رَ <tajweed class=ham_wasl>ٱ</tajweed><tajweed class=laam_shamsiyah>ل</tajweed><tajweed class=ghunnah>نّ</tajweed>ُج<tajweed class=madda_permissible>ُو</tajweed>مِ <span class=end>٤٩</span>","End":"٤٩","PageNumber":525,"JuzNumber":27,"ManzilNumber":7,"RukuNumber":459,"MaqraNumber":210,"HizbNumber":53,"HizbDecimal":0.25,"HasSajda":false}]}