{"RukuNumber":501,"Verses":[{"SurahNumber":69,"SurahIndex":"069","VerseNumber":38,"ShowSurahName":false,"ShowBismillah":false,"Text":"فَلَآ أُقۡسِمُ بِمَا تُبۡصِرُونَ","TajweedText":"فَل<tajweed class=madda_obligatory>َآ</tajweed> أُ<tajweed class=qalaqah>قْ</tajweed>سِمُ بِمَا تُ<tajweed class=qalaqah>بْ</tajweed>صِر<tajweed class=madda_permissible>ُو</tajweed>نَ <span class=end>٣٨</span>","End":"٣٨","PageNumber":568,"JuzNumber":29,"ManzilNumber":7,"RukuNumber":501,"MaqraNumber":227,"HizbNumber":57,"HizbDecimal":0.5,"HasSajda":false},{"SurahNumber":69,"SurahIndex":"069","VerseNumber":39,"ShowSurahName":false,"ShowBismillah":false,"Text":"وَمَا لَا تُبۡصِرُونَ","TajweedText":"وَمَا لَا تُ<tajweed class=qalaqah>بْ</tajweed>صِر<tajweed class=madda_permissible>ُو</tajweed>نَ <span class=end>٣٩</span>","End":"٣٩","PageNumber":568,"JuzNumber":29,"ManzilNumber":7,"RukuNumber":501,"MaqraNumber":227,"HizbNumber":57,"HizbDecimal":0.5,"HasSajda":false},{"SurahNumber":69,"SurahIndex":"069","VerseNumber":40,"ShowSurahName":false,"ShowBismillah":false,"Text":"إِنَّهُۥ لَقَوۡلُ رَسُولٖ كَرِيمٖ","TajweedText":"إِ<tajweed class=ghunnah>نّ</tajweed>َهُ<tajweed class=madda_normal>ۥ</tajweed> لَقَوْلُ رَسُو<tajweed class=ikhafa>لٍ ك</tajweed>َر<tajweed class=madda_permissible>ِي</tajweed>مٍ <span class=end>٤٠</span>","End":"٤٠","PageNumber":568,"JuzNumber":29,"ManzilNumber":7,"RukuNumber":501,"MaqraNumber":227,"HizbNumber":57,"HizbDecimal":0.5,"HasSajda":false},{"SurahNumber":69,"SurahIndex":"069","VerseNumber":41,"ShowSurahName":false,"ShowBismillah":false,"Text":"وَمَا هُوَ بِقَوۡلِ شَاعِرٖۚ قَلِيلٗا مَّا تُؤۡمِنُونَ","TajweedText":"وَمَا هُوَ بِقَوْلِ شَاعِ<tajweed class=ikhafa>رٍ‌ۚ ق</tajweed>َلِيل<tajweed class=idgham_ghunnah>اً م</tajweed>َّا تُؤْمِن<tajweed class=madda_permissible>ُو</tajweed>نَ <span class=end>٤١</span>","End":"٤١","PageNumber":568,"JuzNumber":29,"ManzilNumber":7,"RukuNumber":501,"MaqraNumber":227,"HizbNumber":57,"HizbDecimal":0.5,"HasSajda":false},{"SurahNumber":69,"SurahIndex":"069","VerseNumber":42,"ShowSurahName":false,"ShowBismillah":false,"Text":"وَلَا بِقَوۡلِ كَاهِنٖۚ قَلِيلٗا مَّا تَذَكَّرُونَ","TajweedText":"وَلَا بِقَوْلِ كَاهِ<tajweed class=ikhafa>نٍ‌ۚ ق</tajweed>َلِيل<tajweed class=idgham_ghunnah>اً م</tajweed>َّا تَذَكَّر<tajweed class=madda_permissible>ُو</tajweed>نَ <span class=end>٤٢</span>","End":"٤٢","PageNumber":568,"JuzNumber":29,"ManzilNumber":7,"RukuNumber":501,"MaqraNumber":227,"HizbNumber":57,"HizbDecimal":0.5,"HasSajda":false},{"SurahNumber":69,"SurahIndex":"069","VerseNumber":43,"ShowSurahName":false,"ShowBismillah":false,"Text":"تَنزِيلٞ مِّن رَّبِّ ٱلۡعَٰلَمِينَ","TajweedText":"تَ<tajweed class=ikhafa>نز</tajweed>ِي<tajweed class=idgham_ghunnah>لٌ م</tajweed>ّ<tajweed class=idgham_wo_ghunnah>ِن ر</tajweed>َّبِّ <tajweed class=ham_wasl>ٱ</tajweed>لْعَ<tajweed class=madda_normal>ـٰ</tajweed>لَم<tajweed class=madda_permissible>ِي</tajweed>نَ <span class=end>٤٣</span>","End":"٤٣","PageNumber":568,"JuzNumber":29,"ManzilNumber":7,"RukuNumber":501,"MaqraNumber":227,"HizbNumber":57,"HizbDecimal":0.5,"HasSajda":false},{"SurahNumber":69,"SurahIndex":"069","VerseNumber":44,"ShowSurahName":false,"ShowBismillah":false,"Text":"وَلَوۡ تَقَوَّلَ عَلَيۡنَا بَعۡضَ ٱلۡأَقَاوِيلِ","TajweedText":"وَلَوْ تَقَوَّلَ عَلَيْنَا بَعْضَ <tajweed class=ham_wasl>ٱ</tajweed>لْأَقَاو<tajweed class=madda_permissible>ِي</tajweed>لِ <span class=end>٤٤</span>","End":"٤٤","PageNumber":568,"JuzNumber":29,"ManzilNumber":7,"RukuNumber":501,"MaqraNumber":227,"HizbNumber":57,"HizbDecimal":0.5,"HasSajda":false},{"SurahNumber":69,"SurahIndex":"069","VerseNumber":45,"ShowSurahName":false,"ShowBismillah":false,"Text":"لَأَخَذۡنَا مِنۡهُ بِٱلۡيَمِينِ","TajweedText":"لَأَخَذْنَا مِنْهُ بِ<tajweed class=ham_wasl>ٱ</tajweed>لْيَم<tajweed class=madda_permissible>ِي</tajweed>نِ <span class=end>٤٥</span>","End":"٤٥","PageNumber":568,"JuzNumber":29,"ManzilNumber":7,"RukuNumber":501,"MaqraNumber":227,"HizbNumber":57,"HizbDecimal":0.5,"HasSajda":false},{"SurahNumber":69,"SurahIndex":"069","VerseNumber":46,"ShowSurahName":false,"ShowBismillah":false,"Text":"ثُمَّ لَقَطَعۡنَا مِنۡهُ ٱلۡوَتِينَ","TajweedText":"ثُ<tajweed class=ghunnah>مّ</tajweed>َ لَقَطَعْنَا مِنْهُ <tajweed class=ham_wasl>ٱ</tajweed>لْوَت<tajweed class=madda_permissible>ِي</tajweed>نَ <span class=end>٤٦</span>","End":"٤٦","PageNumber":568,"JuzNumber":29,"ManzilNumber":7,"RukuNumber":501,"MaqraNumber":227,"HizbNumber":57,"HizbDecimal":0.5,"HasSajda":false},{"SurahNumber":69,"SurahIndex":"069","VerseNumber":47,"ShowSurahName":false,"ShowBismillah":false,"Text":"فَمَا مِنكُم مِّنۡ أَحَدٍ عَنۡهُ حَٰجِزِينَ","TajweedText":"فَمَا مِ<tajweed class=ikhafa>نك</tajweed><tajweed class=idgham_shafawi>ُم م</tajweed>ِّنْ أَحَدٍ عَنْهُ حَ<tajweed class=madda_normal>ـٰ</tajweed>جِز<tajweed class=madda_permissible>ِي</tajweed>نَ <span class=end>٤٧</span>","End":"٤٧","PageNumber":568,"JuzNumber":29,"ManzilNumber":7,"RukuNumber":501,"MaqraNumber":227,"HizbNumber":57,"HizbDecimal":0.5,"HasSajda":false},{"SurahNumber":69,"SurahIndex":"069","VerseNumber":48,"ShowSurahName":false,"ShowBismillah":false,"Text":"وَإِنَّهُۥ لَتَذۡكِرَةٞ لِّلۡمُتَّقِينَ","TajweedText":"وَإِ<tajweed class=ghunnah>نّ</tajweed>َهُ<tajweed class=madda_normal>ۥ</tajweed> لَتَذْكِرَ<tajweed class=idgham_wo_ghunnah>ةٌ ل</tajweed>ِّلْمُتَّق<tajweed class=madda_permissible>ِي</tajweed>نَ <span class=end>٤٨</span>","End":"٤٨","PageNumber":568,"JuzNumber":29,"ManzilNumber":7,"RukuNumber":501,"MaqraNumber":227,"HizbNumber":57,"HizbDecimal":0.5,"HasSajda":false},{"SurahNumber":69,"SurahIndex":"069","VerseNumber":49,"ShowSurahName":false,"ShowBismillah":false,"Text":"وَإِنَّا لَنَعۡلَمُ أَنَّ مِنكُم مُّكَذِّبِينَ","TajweedText":"وَإِ<tajweed class=ghunnah>نّ</tajweed>َا لَنَعْلَمُ أَ<tajweed class=ghunnah>نّ</tajweed>َ مِ<tajweed class=ikhafa>نك</tajweed><tajweed class=idgham_shafawi>ُم م</tajweed>ُّكَذِّب<tajweed class=madda_permissible>ِي</tajweed>نَ <span class=end>٤٩</span>","End":"٤٩","PageNumber":568,"JuzNumber":29,"ManzilNumber":7,"RukuNumber":501,"MaqraNumber":227,"HizbNumber":57,"HizbDecimal":0.5,"HasSajda":false},{"SurahNumber":69,"SurahIndex":"069","VerseNumber":50,"ShowSurahName":false,"ShowBismillah":false,"Text":"وَإِنَّهُۥ لَحَسۡرَةٌ عَلَى ٱلۡكَٰفِرِينَ","TajweedText":"وَإِ<tajweed class=ghunnah>نّ</tajweed>َهُ<tajweed class=madda_normal>ۥ</tajweed> لَحَسْرَةٌ عَلَى <tajweed class=ham_wasl>ٱ</tajweed>لْكَ<tajweed class=madda_normal>ـٰ</tajweed>فِر<tajweed class=madda_permissible>ِي</tajweed>نَ <span class=end>٥٠</span>","End":"٥٠","PageNumber":568,"JuzNumber":29,"ManzilNumber":7,"RukuNumber":501,"MaqraNumber":227,"HizbNumber":57,"HizbDecimal":0.5,"HasSajda":false},{"SurahNumber":69,"SurahIndex":"069","VerseNumber":51,"ShowSurahName":false,"ShowBismillah":false,"Text":"وَإِنَّهُۥ لَحَقُّ ٱلۡيَقِينِ","TajweedText":"وَإِ<tajweed class=ghunnah>نّ</tajweed>َهُ<tajweed class=madda_normal>ۥ</tajweed> لَحَقُّ <tajweed class=ham_wasl>ٱ</tajweed>لْيَق<tajweed class=madda_permissible>ِي</tajweed>نِ <span class=end>٥١</span>","End":"٥١","PageNumber":568,"JuzNumber":29,"ManzilNumber":7,"RukuNumber":501,"MaqraNumber":227,"HizbNumber":57,"HizbDecimal":0.5,"HasSajda":false},{"SurahNumber":69,"SurahIndex":"069","VerseNumber":52,"ShowSurahName":false,"ShowBismillah":false,"Text":"فَسَبِّحۡ بِٱسۡمِ رَبِّكَ ٱلۡعَظِيمِ","TajweedText":"فَسَبِّحْ بِ<tajweed class=ham_wasl>ٱ</tajweed>سْمِ رَبِّكَ <tajweed class=ham_wasl>ٱ</tajweed>لْعَظ<tajweed class=madda_permissible>ِي</tajweed>مِ <span class=end>٥٢</span>","End":"٥٢","PageNumber":568,"JuzNumber":29,"ManzilNumber":7,"RukuNumber":501,"MaqraNumber":227,"HizbNumber":57,"HizbDecimal":0.5,"HasSajda":false}]}