{"RukuNumber":329,"Verses":[{"SurahNumber":27,"SurahIndex":"027","VerseNumber":32,"ShowSurahName":false,"ShowBismillah":false,"Text":"قَالَتۡ يَـٰٓأَيُّهَا ٱلۡمَلَؤُاْ أَفۡتُونِي فِيٓ أَمۡرِي مَا كُنتُ قَاطِعَةً أَمۡرًا حَتَّىٰ تَشۡهَدُونِ","TajweedText":"قَالَتْ يَ<tajweed class=madda_obligatory>ـٰٓ</tajweed>أَيُّهَا <tajweed class=ham_wasl>ٱ</tajweed>لْمَلَؤُ<tajweed class=slnt>اْ</tajweed> أَفْتُونِى ف<tajweed class=madda_obligatory>ِىٓ</tajweed> أَمْرِى مَا كُ<tajweed class=ikhafa>نت</tajweed>ُ قَاطِعَةً أَمْرًا حَتَّىٰ تَشْهَد<tajweed class=madda_permissible>ُو</tajweed>نِ <span class=end>٣٢</span>","End":"٣٢","PageNumber":379,"JuzNumber":19,"ManzilNumber":5,"RukuNumber":329,"MaqraNumber":152,"HizbNumber":38,"HizbDecimal":0.75,"HasSajda":false},{"SurahNumber":27,"SurahIndex":"027","VerseNumber":33,"ShowSurahName":false,"ShowBismillah":false,"Text":"قَالُواْ نَحۡنُ أُوْلُواْ قُوَّةٖ وَأُوْلُواْ بَأۡسٖ شَدِيدٖ وَٱلۡأَمۡرُ إِلَيۡكِ فَٱنظُرِي مَاذَا تَأۡمُرِينَ","TajweedText":"قَالُو<tajweed class=slnt>اْ</tajweed> نَحْنُ أُ<tajweed class=slnt>وْ</tajweed>لُو<tajweed class=slnt>اْ</tajweed> قُوَّ<tajweed class=idgham_ghunnah>ةٍ و</tajweed>َأُ<tajweed class=slnt>وْ</tajweed>لُو<tajweed class=slnt>اْ</tajweed> بَأْ<tajweed class=ikhafa>سٍ ش</tajweed>َدِي<tajweed class=idgham_ghunnah>دٍ و</tajweed>َ<tajweed class=ham_wasl>ٱ</tajweed>لْأَمْرُ إِلَيْكِ فَ<tajweed class=ham_wasl>ٱ</tajweed><tajweed class=ikhafa>نظ</tajweed>ُرِى مَاذَا تَأْمُر<tajweed class=madda_permissible>ِي</tajweed>نَ <span class=end>٣٣</span>","End":"٣٣","PageNumber":379,"JuzNumber":19,"ManzilNumber":5,"RukuNumber":329,"MaqraNumber":152,"HizbNumber":38,"HizbDecimal":0.75,"HasSajda":false},{"SurahNumber":27,"SurahIndex":"027","VerseNumber":34,"ShowSurahName":false,"ShowBismillah":false,"Text":"قَالَتۡ إِنَّ ٱلۡمُلُوكَ إِذَا دَخَلُواْ قَرۡيَةً أَفۡسَدُوهَا وَجَعَلُوٓاْ أَعِزَّةَ أَهۡلِهَآ أَذِلَّةٗۚ وَكَذَٰلِكَ يَفۡعَلُونَ","TajweedText":"قَالَتْ إِ<tajweed class=ghunnah>نّ</tajweed>َ <tajweed class=ham_wasl>ٱ</tajweed>لْمُلُوكَ إِذَا دَخَلُو<tajweed class=slnt>اْ</tajweed> قَرْيَةً أَفْسَدُوهَا وَجَعَل<tajweed class=madda_obligatory>ُوٓ</tajweed><tajweed class=slnt>اْ</tajweed> أَعِزَّةَ أَهْلِه<tajweed class=madda_obligatory>َآ</tajweed> أَذِلَّ<tajweed class=idgham_ghunnah>ةً‌ۖ و</tajweed>َكَذ<tajweed class=madda_normal>َٲ</tajweed>لِكَ يَفْعَل<tajweed class=madda_permissible>ُو</tajweed>نَ <span class=end>٣٤</span>","End":"٣٤","PageNumber":379,"JuzNumber":19,"ManzilNumber":5,"RukuNumber":329,"MaqraNumber":152,"HizbNumber":38,"HizbDecimal":0.75,"HasSajda":false},{"SurahNumber":27,"SurahIndex":"027","VerseNumber":35,"ShowSurahName":false,"ShowBismillah":false,"Text":"وَإِنِّي مُرۡسِلَةٌ إِلَيۡهِم بِهَدِيَّةٖ فَنَاظِرَةُۢ بِمَ يَرۡجِعُ ٱلۡمُرۡسَلُونَ","TajweedText":"وَإِ<tajweed class=ghunnah>نّ</tajweed>ِى مُرْسِلَةٌ إِلَيْه<tajweed class=ikhafa_shafawi>ِم ب</tajweed>ِهَدِيَّ<tajweed class=ikhafa>ةٍ ف</tajweed>َنَاظِرَ<tajweed class=iqlab>ةُۢ ب</tajweed>ِمَ يَرْجِعُ <tajweed class=ham_wasl>ٱ</tajweed>لْمُرْسَل<tajweed class=madda_permissible>ُو</tajweed>نَ <span class=end>٣٥</span>","End":"٣٥","PageNumber":379,"JuzNumber":19,"ManzilNumber":5,"RukuNumber":329,"MaqraNumber":152,"HizbNumber":38,"HizbDecimal":0.75,"HasSajda":false},{"SurahNumber":27,"SurahIndex":"027","VerseNumber":36,"ShowSurahName":false,"ShowBismillah":false,"Text":"فَلَمَّا جَآءَ سُلَيۡمَٰنَ قَالَ أَتُمِدُّونَنِ بِمَالٖ فَمَآ ءَاتَىٰنِۦَ ٱللَّهُ خَيۡرٞ مِّمَّآ ءَاتَىٰكُمۚ بَلۡ أَنتُم بِهَدِيَّتِكُمۡ تَفۡرَحُونَ","TajweedText":"فَلَ<tajweed class=ghunnah>مّ</tajweed>َا ج<tajweed class=madda_obligatory>َا</tajweed>ٓءَ سُلَيْمَ<tajweed class=madda_normal>ـٰ</tajweed>نَ قَالَ أَتُمِدُّونَنِ بِمَا<tajweed class=ikhafa>لٍ ف</tajweed>َم<tajweed class=madda_obligatory>َآ</tajweed> ءَاتَ<tajweed class=madda_normal>ـٰ</tajweed>ن<tajweed class=madda_normal>ِۦ</tajweed>َ <tajweed class=ham_wasl>ٱ</tajweed>للَّهُ خَيْ<tajweed class=idgham_ghunnah>رٌ م</tajweed>ِّ<tajweed class=ghunnah>مّ</tajweed><tajweed class=madda_obligatory>َآ</tajweed> ءَاتَ<tajweed class=madda_normal>ـٰ</tajweed>ك<tajweed class=ikhafa_shafawi>ُم ب</tajweed>َلْ أَ<tajweed class=ikhafa>نت</tajweed><tajweed class=ikhafa_shafawi>ُم ب</tajweed>ِهَدِيَّتِكُمْ تَفْرَح<tajweed class=madda_permissible>ُو</tajweed>نَ <span class=end>٣٦</span>","End":"٣٦","PageNumber":380,"JuzNumber":19,"ManzilNumber":5,"RukuNumber":329,"MaqraNumber":152,"HizbNumber":38,"HizbDecimal":0.75,"HasSajda":false},{"SurahNumber":27,"SurahIndex":"027","VerseNumber":37,"ShowSurahName":false,"ShowBismillah":false,"Text":"ٱرۡجِعۡ إِلَيۡهِمۡ فَلَنَأۡتِيَنَّهُم بِجُنُودٖ لَّا قِبَلَ لَهُم بِهَا وَلَنُخۡرِجَنَّهُم مِّنۡهَآ أَذِلَّةٗ وَهُمۡ صَٰغِرُونَ","TajweedText":"ٱرْجِعْ إِلَيْهِمْ فَلَنَأْتِيَ<tajweed class=ghunnah>نّ</tajweed>َه<tajweed class=ikhafa_shafawi>ُم ب</tajweed>ِجُنُو<tajweed class=idgham_wo_ghunnah>دٍ ل</tajweed>َّا قِبَلَ لَه<tajweed class=ikhafa_shafawi>ُم ب</tajweed>ِهَا وَلَنُخْرِجَ<tajweed class=ghunnah>نّ</tajweed>َه<tajweed class=idgham_shafawi>ُم م</tajweed>ِّنْه<tajweed class=madda_obligatory>َآ</tajweed> أَذِلَّ<tajweed class=idgham_ghunnah>ةً و</tajweed>َهُمْ صَ<tajweed class=madda_normal>ـٰ</tajweed>غِر<tajweed class=madda_permissible>ُو</tajweed>نَ <span class=end>٣٧</span>","End":"٣٧","PageNumber":380,"JuzNumber":19,"ManzilNumber":5,"RukuNumber":329,"MaqraNumber":152,"HizbNumber":38,"HizbDecimal":0.75,"HasSajda":false},{"SurahNumber":27,"SurahIndex":"027","VerseNumber":38,"ShowSurahName":false,"ShowBismillah":false,"Text":"قَالَ يَـٰٓأَيُّهَا ٱلۡمَلَؤُاْ أَيُّكُمۡ يَأۡتِينِي بِعَرۡشِهَا قَبۡلَ أَن يَأۡتُونِي مُسۡلِمِينَ","TajweedText":"قَالَ يَ<tajweed class=madda_obligatory>ـٰٓ</tajweed>أَيُّهَا <tajweed class=ham_wasl>ٱ</tajweed>لْمَلَؤُ<tajweed class=slnt>اْ</tajweed> أَيُّكُمْ يَأْتِينِى بِعَرْشِهَا قَ<tajweed class=qalaqah>بْ</tajweed>لَ أ<tajweed class=idgham_ghunnah>َن ي</tajweed>َأْتُونِى مُسْلِم<tajweed class=madda_permissible>ِي</tajweed>نَ <span class=end>٣٨</span>","End":"٣٨","PageNumber":380,"JuzNumber":19,"ManzilNumber":5,"RukuNumber":329,"MaqraNumber":152,"HizbNumber":38,"HizbDecimal":0.75,"HasSajda":false},{"SurahNumber":27,"SurahIndex":"027","VerseNumber":39,"ShowSurahName":false,"ShowBismillah":false,"Text":"قَالَ عِفۡرِيتٞ مِّنَ ٱلۡجِنِّ أَنَا۠ ءَاتِيكَ بِهِۦ قَبۡلَ أَن تَقُومَ مِن مَّقَامِكَۖ وَإِنِّي عَلَيۡهِ لَقَوِيٌّ أَمِينٞ","TajweedText":"قَالَ عِفْرِي<tajweed class=idgham_ghunnah>تٌ م</tajweed>ِّنَ <tajweed class=ham_wasl>ٱ</tajweed>لْجِ<tajweed class=ghunnah>نّ</tajweed>ِ أَنَا۟ ءَاتِيكَ بِه<tajweed class=madda_normal>ِۦ</tajweed> قَ<tajweed class=qalaqah>بْ</tajweed>لَ أَ<tajweed class=ikhafa>ن ت</tajweed>َقُومَ م<tajweed class=idgham_ghunnah>ِن م</tajweed>َّقَامِكَ‌ۖ وَإِ<tajweed class=ghunnah>نّ</tajweed>ِى عَلَيْهِ لَقَوِىٌّ أَم<tajweed class=madda_permissible>ِي</tajweed>نٌ <span class=end>٣٩</span>","End":"٣٩","PageNumber":380,"JuzNumber":19,"ManzilNumber":5,"RukuNumber":329,"MaqraNumber":152,"HizbNumber":38,"HizbDecimal":0.75,"HasSajda":false},{"SurahNumber":27,"SurahIndex":"027","VerseNumber":40,"ShowSurahName":false,"ShowBismillah":false,"Text":"قَالَ ٱلَّذِي عِندَهُۥ عِلۡمٞ مِّنَ ٱلۡكِتَٰبِ أَنَا۠ ءَاتِيكَ بِهِۦ قَبۡلَ أَن يَرۡتَدَّ إِلَيۡكَ طَرۡفُكَۚ فَلَمَّا رَءَاهُ مُسۡتَقِرًّا عِندَهُۥ قَالَ هَٰذَا مِن فَضۡلِ رَبِّي لِيَبۡلُوَنِيٓ ءَأَشۡكُرُ أَمۡ أَكۡفُرُۖ وَمَن شَكَرَ فَإِنَّمَا يَشۡكُرُ لِنَفۡسِهِۦۖ وَمَن كَفَرَ فَإِنَّ رَبِّي غَنِيّٞ كَرِيمٞ","TajweedText":"قَالَ <tajweed class=ham_wasl>ٱ</tajweed>لَّذِى عِ<tajweed class=ikhafa>ند</tajweed>َهُ<tajweed class=madda_normal>ۥ</tajweed> عِلْ<tajweed class=idgham_ghunnah>مٌ م</tajweed>ِّنَ <tajweed class=ham_wasl>ٱ</tajweed>لْكِتَ<tajweed class=madda_normal>ـٰ</tajweed>بِ أَنَا۟ ءَاتِيكَ بِه<tajweed class=madda_normal>ِۦ</tajweed> قَ<tajweed class=qalaqah>بْ</tajweed>لَ أ<tajweed class=idgham_ghunnah>َن ي</tajweed>َرْتَدَّ إِلَيْكَ طَرْفُكَ‌ۚ فَلَ<tajweed class=ghunnah>مّ</tajweed>َا رَءَاهُ مُسْتَقِرًّا عِ<tajweed class=ikhafa>ند</tajweed>َهُ<tajweed class=madda_normal>ۥ</tajweed> قَالَ هَ<tajweed class=madda_normal>ـٰ</tajweed>ذَا مِ<tajweed class=ikhafa>ن ف</tajweed>َضْلِ رَبِّى لِيَ<tajweed class=qalaqah>بْ</tajweed>لُوَن<tajweed class=madda_obligatory>ِىٓ</tajweed> ءَأَشْكُرُ أَمْ أَكْفُرُ‌ۖ وَمَ<tajweed class=ikhafa>ن ش</tajweed>َكَرَ فَإِ<tajweed class=ghunnah>نّ</tajweed>َمَا يَشْكُرُ لِنَفْسِه<tajweed class=madda_normal>ِۦ</tajweed>‌ۖ وَمَ<tajweed class=ikhafa>ن ك</tajweed>َفَرَ فَإِ<tajweed class=ghunnah>نّ</tajweed>َ رَبِّى غَنِ<tajweed class=ikhafa>ىٌّ ك</tajweed>َر<tajweed class=madda_permissible>ِي</tajweed>مٌ <span class=end>٤٠</span>","End":"٤٠","PageNumber":380,"JuzNumber":19,"ManzilNumber":5,"RukuNumber":329,"MaqraNumber":152,"HizbNumber":38,"HizbDecimal":0.75,"HasSajda":false},{"SurahNumber":27,"SurahIndex":"027","VerseNumber":41,"ShowSurahName":false,"ShowBismillah":false,"Text":"قَالَ نَكِّرُواْ لَهَا عَرۡشَهَا نَنظُرۡ أَتَهۡتَدِيٓ أَمۡ تَكُونُ مِنَ ٱلَّذِينَ لَا يَهۡتَدُونَ","TajweedText":"قَالَ نَكِّرُو<tajweed class=slnt>اْ</tajweed> لَهَا عَرْشَهَا نَ<tajweed class=ikhafa>نظ</tajweed>ُرْ أَتَهْتَد<tajweed class=madda_obligatory>ِىٓ</tajweed> أَمْ تَكُونُ مِنَ <tajweed class=ham_wasl>ٱ</tajweed>لَّذِينَ لَا يَهْتَد<tajweed class=madda_permissible>ُو</tajweed>نَ <span class=end>٤١</span>","End":"٤١","PageNumber":380,"JuzNumber":19,"ManzilNumber":5,"RukuNumber":329,"MaqraNumber":152,"HizbNumber":38,"HizbDecimal":0.75,"HasSajda":false},{"SurahNumber":27,"SurahIndex":"027","VerseNumber":42,"ShowSurahName":false,"ShowBismillah":false,"Text":"فَلَمَّا جَآءَتۡ قِيلَ أَهَٰكَذَا عَرۡشُكِۖ قَالَتۡ كَأَنَّهُۥ هُوَۚ وَأُوتِينَا ٱلۡعِلۡمَ مِن قَبۡلِهَا وَكُنَّا مُسۡلِمِينَ","TajweedText":"فَلَ<tajweed class=ghunnah>مّ</tajweed>َا ج<tajweed class=madda_obligatory>َا</tajweed>ٓءَتْ قِيلَ أَهَ<tajweed class=madda_normal>ـٰ</tajweed>كَذَا عَرْشُكِ‌ۖ قَالَتْ كَأَ<tajweed class=ghunnah>نّ</tajweed>َهُ<tajweed class=madda_normal>ۥ</tajweed> هُوَ‌ۚ وَأُوتِينَا <tajweed class=ham_wasl>ٱ</tajweed>لْعِلْمَ مِ<tajweed class=ikhafa>ن ق</tajweed>َ<tajweed class=qalaqah>بْ</tajweed>لِهَا وَكُ<tajweed class=ghunnah>نّ</tajweed>َا مُسْلِم<tajweed class=madda_permissible>ِي</tajweed>نَ <span class=end>٤٢</span>","End":"٤٢","PageNumber":380,"JuzNumber":19,"ManzilNumber":5,"RukuNumber":329,"MaqraNumber":152,"HizbNumber":38,"HizbDecimal":0.75,"HasSajda":false},{"SurahNumber":27,"SurahIndex":"027","VerseNumber":43,"ShowSurahName":false,"ShowBismillah":false,"Text":"وَصَدَّهَا مَا كَانَت تَّعۡبُدُ مِن دُونِ ٱللَّهِۖ إِنَّهَا كَانَتۡ مِن قَوۡمٖ كَٰفِرِينَ","TajweedText":"وَصَدَّهَا مَا كَانَت تَّعْبُدُ مِ<tajweed class=ikhafa>ن د</tajweed>ُونِ <tajweed class=ham_wasl>ٱ</tajweed>للَّهِ‌ۖ إِ<tajweed class=ghunnah>نّ</tajweed>َهَا كَانَتْ مِ<tajweed class=ikhafa>ن ق</tajweed>َوْ<tajweed class=ikhafa>مٍ ك</tajweed>َ<tajweed class=madda_normal>ـٰ</tajweed>فِر<tajweed class=madda_permissible>ِي</tajweed>نَ <span class=end>٤٣</span>","End":"٤٣","PageNumber":380,"JuzNumber":19,"ManzilNumber":5,"RukuNumber":329,"MaqraNumber":152,"HizbNumber":38,"HizbDecimal":0.75,"HasSajda":false},{"SurahNumber":27,"SurahIndex":"027","VerseNumber":44,"ShowSurahName":false,"ShowBismillah":false,"Text":"قِيلَ لَهَا ٱدۡخُلِي ٱلصَّرۡحَۖ فَلَمَّا رَأَتۡهُ حَسِبَتۡهُ لُجَّةٗ وَكَشَفَتۡ عَن سَاقَيۡهَاۚ قَالَ إِنَّهُۥ صَرۡحٞ مُّمَرَّدٞ مِّن قَوَارِيرَۗ قَالَتۡ رَبِّ إِنِّي ظَلَمۡتُ نَفۡسِي وَأَسۡلَمۡتُ مَعَ سُلَيۡمَٰنَ لِلَّهِ رَبِّ ٱلۡعَٰلَمِينَ","TajweedText":"قِيلَ لَهَا <tajweed class=ham_wasl>ٱ</tajweed><tajweed class=qalaqah>دْ</tajweed>خُلِى <tajweed class=ham_wasl>ٱ</tajweed><tajweed class=laam_shamsiyah>ل</tajweed>صَّرْحَ‌ۖ فَلَ<tajweed class=ghunnah>مّ</tajweed>َا رَأَتْهُ حَسِبَتْهُ لُجَّ<tajweed class=idgham_ghunnah>ةً و</tajweed>َكَشَفَتْ عَ<tajweed class=ikhafa>ن س</tajweed>َاقَيْهَا‌ۚ قَالَ إِ<tajweed class=ghunnah>نّ</tajweed>َهُ<tajweed class=madda_normal>ۥ</tajweed> صَرْ<tajweed class=idgham_ghunnah>حٌ م</tajweed>ُّمَرَّ<tajweed class=idgham_ghunnah>دٌ م</tajweed>ِّ<tajweed class=ikhafa>ن ق</tajweed>َوَارِيرَ‌ۗ قَالَتْ رَبِّ إِ<tajweed class=ghunnah>نّ</tajweed>ِى ظَلَمْتُ نَفْسِى وَأَسْلَمْتُ مَعَ سُلَيْمَ<tajweed class=madda_normal>ـٰ</tajweed>نَ لِلَّهِ رَبِّ <tajweed class=ham_wasl>ٱ</tajweed>لْعَ<tajweed class=madda_normal>ـٰ</tajweed>لَم<tajweed class=madda_permissible>ِي</tajweed>نَ <span class=end>٤٤</span>","End":"٤٤","PageNumber":380,"JuzNumber":19,"ManzilNumber":5,"RukuNumber":329,"MaqraNumber":152,"HizbNumber":38,"HizbDecimal":0.75,"HasSajda":false}]}