{"RukuNumber":267,"Verses":[{"SurahNumber":19,"SurahIndex":"019","VerseNumber":51,"ShowSurahName":false,"ShowBismillah":false,"Text":"وَٱذۡكُرۡ فِي ٱلۡكِتَٰبِ مُوسَىٰٓۚ إِنَّهُۥ كَانَ مُخۡلَصٗا وَكَانَ رَسُولٗا نَّبِيّٗا","TajweedText":"وَ<tajweed class=ham_wasl>ٱ</tajweed>ذْكُرْ فِى <tajweed class=ham_wasl>ٱ</tajweed>لْكِتَ<tajweed class=madda_normal>ـٰ</tajweed>بِ مُوسَ<tajweed class=madda_obligatory>ىٰٓ‌ۚ</tajweed> إِ<tajweed class=ghunnah>نّ</tajweed>َهُ<tajweed class=madda_normal>ۥ</tajweed> كَانَ مُخْلَ<tajweed class=idgham_ghunnah>صًا و</tajweed>َكَانَ رَسُول<tajweed class=idgham_ghunnah>اً ن</tajweed>َّبِيًّا <span class=end>٥١</span>","End":"٥١","PageNumber":308,"JuzNumber":16,"ManzilNumber":4,"RukuNumber":267,"MaqraNumber":123,"HizbNumber":31,"HizbDecimal":0.5,"HasSajda":false},{"SurahNumber":19,"SurahIndex":"019","VerseNumber":52,"ShowSurahName":false,"ShowBismillah":false,"Text":"وَنَٰدَيۡنَٰهُ مِن جَانِبِ ٱلطُّورِ ٱلۡأَيۡمَنِ وَقَرَّبۡنَٰهُ نَجِيّٗا","TajweedText":"وَنَ<tajweed class=madda_normal>ـٰ</tajweed>دَيْنَ<tajweed class=madda_normal>ـٰ</tajweed>هُ مِ<tajweed class=ikhafa>ن ج</tajweed>َانِبِ <tajweed class=ham_wasl>ٱ</tajweed><tajweed class=laam_shamsiyah>ل</tajweed>طُّورِ <tajweed class=ham_wasl>ٱ</tajweed>لْأَيْمَنِ وَقَرَّ<tajweed class=qalaqah>بْ</tajweed>نَ<tajweed class=madda_normal>ـٰ</tajweed>هُ نَجِيًّا <span class=end>٥٢</span>","End":"٥٢","PageNumber":309,"JuzNumber":16,"ManzilNumber":4,"RukuNumber":267,"MaqraNumber":123,"HizbNumber":31,"HizbDecimal":0.5,"HasSajda":false},{"SurahNumber":19,"SurahIndex":"019","VerseNumber":53,"ShowSurahName":false,"ShowBismillah":false,"Text":"وَوَهَبۡنَا لَهُۥ مِن رَّحۡمَتِنَآ أَخَاهُ هَٰرُونَ نَبِيّٗا","TajweedText":"وَوَهَ<tajweed class=qalaqah>بْ</tajweed>نَا لَهُ<tajweed class=madda_normal>ۥ</tajweed> م<tajweed class=idgham_wo_ghunnah>ِن ر</tajweed>َّحْمَتِن<tajweed class=madda_obligatory>َآ</tajweed> أَخَاهُ هَ<tajweed class=madda_normal>ـٰ</tajweed>رُونَ نَبِيًّا <span class=end>٥٣</span>","End":"٥٣","PageNumber":309,"JuzNumber":16,"ManzilNumber":4,"RukuNumber":267,"MaqraNumber":123,"HizbNumber":31,"HizbDecimal":0.5,"HasSajda":false},{"SurahNumber":19,"SurahIndex":"019","VerseNumber":54,"ShowSurahName":false,"ShowBismillah":false,"Text":"وَٱذۡكُرۡ فِي ٱلۡكِتَٰبِ إِسۡمَٰعِيلَۚ إِنَّهُۥ كَانَ صَادِقَ ٱلۡوَعۡدِ وَكَانَ رَسُولٗا نَّبِيّٗا","TajweedText":"وَ<tajweed class=ham_wasl>ٱ</tajweed>ذْكُرْ فِى <tajweed class=ham_wasl>ٱ</tajweed>لْكِتَ<tajweed class=madda_normal>ـٰ</tajweed>بِ إِسْمَ<tajweed class=madda_normal>ـٰ</tajweed>عِيلَ‌ۚ إِ<tajweed class=ghunnah>نّ</tajweed>َهُ<tajweed class=madda_normal>ۥ</tajweed> كَانَ صَادِقَ <tajweed class=ham_wasl>ٱ</tajweed>لْوَعْدِ وَكَانَ رَسُول<tajweed class=idgham_ghunnah>اً ن</tajweed>َّبِيًّا <span class=end>٥٤</span>","End":"٥٤","PageNumber":309,"JuzNumber":16,"ManzilNumber":4,"RukuNumber":267,"MaqraNumber":123,"HizbNumber":31,"HizbDecimal":0.5,"HasSajda":false},{"SurahNumber":19,"SurahIndex":"019","VerseNumber":55,"ShowSurahName":false,"ShowBismillah":false,"Text":"وَكَانَ يَأۡمُرُ أَهۡلَهُۥ بِٱلصَّلَوٰةِ وَٱلزَّكَوٰةِ وَكَانَ عِندَ رَبِّهِۦ مَرۡضِيّٗا","TajweedText":"وَكَانَ يَأْمُرُ أَهْلَهُ<tajweed class=madda_normal>ۥ</tajweed> بِ<tajweed class=ham_wasl>ٱ</tajweed><tajweed class=laam_shamsiyah>ل</tajweed>صَّلَ<tajweed class=slnt>و</tajweed><tajweed class=madda_normal>ٲ</tajweed>ةِ وَ<tajweed class=ham_wasl>ٱ</tajweed><tajweed class=laam_shamsiyah>ل</tajweed>زَّكَ<tajweed class=slnt>و</tajweed><tajweed class=madda_normal>ٲ</tajweed>ةِ وَكَانَ عِ<tajweed class=ikhafa>ند</tajweed>َ رَبِّه<tajweed class=madda_normal>ِۦ</tajweed> مَرْضِيًّا <span class=end>٥٥</span>","End":"٥٥","PageNumber":309,"JuzNumber":16,"ManzilNumber":4,"RukuNumber":267,"MaqraNumber":123,"HizbNumber":31,"HizbDecimal":0.5,"HasSajda":false},{"SurahNumber":19,"SurahIndex":"019","VerseNumber":56,"ShowSurahName":false,"ShowBismillah":false,"Text":"وَٱذۡكُرۡ فِي ٱلۡكِتَٰبِ إِدۡرِيسَۚ إِنَّهُۥ كَانَ صِدِّيقٗا نَّبِيّٗا","TajweedText":"وَ<tajweed class=ham_wasl>ٱ</tajweed>ذْكُرْ فِى <tajweed class=ham_wasl>ٱ</tajweed>لْكِتَ<tajweed class=madda_normal>ـٰ</tajweed>بِ إِ<tajweed class=qalaqah>دْ</tajweed>رِيسَ‌ۚ إِ<tajweed class=ghunnah>نّ</tajweed>َهُ<tajweed class=madda_normal>ۥ</tajweed> كَانَ صِدِّي<tajweed class=idgham_ghunnah>قًا ن</tajweed>َّبِيًّا <span class=end>٥٦</span>","End":"٥٦","PageNumber":309,"JuzNumber":16,"ManzilNumber":4,"RukuNumber":267,"MaqraNumber":123,"HizbNumber":31,"HizbDecimal":0.5,"HasSajda":false},{"SurahNumber":19,"SurahIndex":"019","VerseNumber":57,"ShowSurahName":false,"ShowBismillah":false,"Text":"وَرَفَعۡنَٰهُ مَكَانًا عَلِيًّا","TajweedText":"وَرَفَعْنَ<tajweed class=madda_normal>ـٰ</tajweed>هُ مَكَانًا عَلِيًّا <span class=end>٥٧</span>","End":"٥٧","PageNumber":309,"JuzNumber":16,"ManzilNumber":4,"RukuNumber":267,"MaqraNumber":123,"HizbNumber":31,"HizbDecimal":0.5,"HasSajda":false},{"SurahNumber":19,"SurahIndex":"019","VerseNumber":58,"ShowSurahName":false,"ShowBismillah":false,"Text":"أُوْلَـٰٓئِكَ ٱلَّذِينَ أَنۡعَمَ ٱللَّهُ عَلَيۡهِم مِّنَ ٱلنَّبِيِّـۧنَ مِن ذُرِّيَّةِ ءَادَمَ وَمِمَّنۡ حَمَلۡنَا مَعَ نُوحٖ وَمِن ذُرِّيَّةِ إِبۡرَٰهِيمَ وَإِسۡرَـٰٓءِيلَ وَمِمَّنۡ هَدَيۡنَا وَٱجۡتَبَيۡنَآۚ إِذَا تُتۡلَىٰ عَلَيۡهِمۡ ءَايَٰتُ ٱلرَّحۡمَٰنِ خَرُّواْۤ سُجَّدٗاۤ وَبُكِيّٗا۩","TajweedText":"أُ<tajweed class=slnt>وْ</tajweed>لَ<tajweed class=madda_obligatory>ـٰٓ</tajweed>ئِكَ <tajweed class=ham_wasl>ٱ</tajweed>لَّذِينَ أَنْعَمَ <tajweed class=ham_wasl>ٱ</tajweed>للَّهُ عَلَيْه<tajweed class=idgham_shafawi>ِم م</tajweed>ِّنَ <tajweed class=ham_wasl>ٱ</tajweed><tajweed class=laam_shamsiyah>ل</tajweed><tajweed class=ghunnah>نّ</tajweed>َبِيِّـ<tajweed class=madda_normal>ـۧ</tajweed>نَ مِ<tajweed class=ikhafa>ن ذ</tajweed>ُرِّيَّةِ ءَادَمَ وَمِ<tajweed class=ghunnah>مّ</tajweed>َنْ حَمَلْنَا مَعَ نُو<tajweed class=idgham_ghunnah>حٍ و</tajweed>َمِ<tajweed class=ikhafa>ن ذ</tajweed>ُرِّيَّةِ إِ<tajweed class=qalaqah>بْ</tajweed>ر<tajweed class=madda_normal>َٲ</tajweed>هِيمَ وَإِسْر<tajweed class=madda_obligatory>َٲ</tajweed>ٓءِيلَ وَمِ<tajweed class=ghunnah>مّ</tajweed>َنْ هَدَيْنَا وَ<tajweed class=ham_wasl>ٱ</tajweed><tajweed class=qalaqah>جْ</tajweed>تَبَيْن<tajweed class=madda_obligatory>َآ‌ۚ</tajweed> إِذَا تُتْلَىٰ عَلَيْهِمْ ءَايَ<tajweed class=madda_normal>ـٰ</tajweed>تُ <tajweed class=ham_wasl>ٱ</tajweed><tajweed class=laam_shamsiyah>ل</tajweed>رَّحْمَ<tajweed class=madda_normal>ـٰ</tajweed>نِ خَرُّو<tajweed class=slnt>اْ</tajweed> سُجَّ<tajweed class=idgham_ghunnah>دًا و</tajweed>َبُكِيًّا ۩ <span class=end>٥٨</span>","End":"٥٨","PageNumber":309,"JuzNumber":16,"ManzilNumber":4,"RukuNumber":267,"MaqraNumber":123,"HizbNumber":31,"HizbDecimal":0.5,"HasSajda":true},{"SurahNumber":19,"SurahIndex":"019","VerseNumber":59,"ShowSurahName":false,"ShowBismillah":false,"Text":"۞فَخَلَفَ مِنۢ بَعۡدِهِمۡ خَلۡفٌ أَضَاعُواْ ٱلصَّلَوٰةَ وَٱتَّبَعُواْ ٱلشَّهَوَٰتِۖ فَسَوۡفَ يَلۡقَوۡنَ غَيًّا","TajweedText":"۞ فَخَلَفَ م<tajweed class=iqlab>ِنۢ ب</tajweed>َعْدِهِمْ خَلْفٌ أَضَاعُو<tajweed class=slnt>اْ</tajweed> <tajweed class=ham_wasl>ٱ</tajweed><tajweed class=laam_shamsiyah>ل</tajweed>صَّلَ<tajweed class=slnt>و</tajweed><tajweed class=madda_normal>ٲ</tajweed>ةَ وَ<tajweed class=ham_wasl>ٱ</tajweed>تَّبَعُو<tajweed class=slnt>اْ</tajweed> <tajweed class=ham_wasl>ٱ</tajweed><tajweed class=laam_shamsiyah>ل</tajweed>شَّهَو<tajweed class=madda_normal>َٲ</tajweed>تِ‌ۖ فَسَوْفَ يَلْقَوْنَ غَيًّا <span class=end>٥٩</span>","End":"٥٩","PageNumber":309,"JuzNumber":16,"ManzilNumber":4,"RukuNumber":267,"MaqraNumber":124,"HizbNumber":31,"HizbDecimal":0.75,"HasSajda":false},{"SurahNumber":19,"SurahIndex":"019","VerseNumber":60,"ShowSurahName":false,"ShowBismillah":false,"Text":"إِلَّا مَن تَابَ وَءَامَنَ وَعَمِلَ صَٰلِحٗا فَأُوْلَـٰٓئِكَ يَدۡخُلُونَ ٱلۡجَنَّةَ وَلَا يُظۡلَمُونَ شَيۡـٔٗا","TajweedText":"إِلَّا مَ<tajweed class=ikhafa>ن ت</tajweed>َابَ وَءَامَنَ وَعَمِلَ صَ<tajweed class=madda_normal>ـٰ</tajweed>لِ<tajweed class=ikhafa>حًا ف</tajweed>َأُ<tajweed class=slnt>وْ</tajweed>لَ<tajweed class=madda_obligatory>ـٰٓ</tajweed>ئِكَ يَ<tajweed class=qalaqah>دْ</tajweed>خُلُونَ <tajweed class=ham_wasl>ٱ</tajweed>لْجَ<tajweed class=ghunnah>نّ</tajweed>َةَ وَلَا يُظْلَمُونَ شَيْــًٔا <span class=end>٦٠</span>","End":"٦٠","PageNumber":309,"JuzNumber":16,"ManzilNumber":4,"RukuNumber":267,"MaqraNumber":124,"HizbNumber":31,"HizbDecimal":0.75,"HasSajda":false},{"SurahNumber":19,"SurahIndex":"019","VerseNumber":61,"ShowSurahName":false,"ShowBismillah":false,"Text":"جَنَّـٰتِ عَدۡنٍ ٱلَّتِي وَعَدَ ٱلرَّحۡمَٰنُ عِبَادَهُۥ بِٱلۡغَيۡبِۚ إِنَّهُۥ كَانَ وَعۡدُهُۥ مَأۡتِيّٗا","TajweedText":"جَ<tajweed class=ghunnah>نّ</tajweed>َ<tajweed class=madda_normal>ـٰ</tajweed>تِ عَ<tajweed class=qalaqah>دْ</tajweed>نٍ <tajweed class=ham_wasl>ٱ</tajweed>لَّتِى وَعَدَ <tajweed class=ham_wasl>ٱ</tajweed><tajweed class=laam_shamsiyah>ل</tajweed>رَّحْمَ<tajweed class=madda_normal>ـٰ</tajweed>نُ عِبَادَهُ<tajweed class=madda_normal>ۥ</tajweed> بِ<tajweed class=ham_wasl>ٱ</tajweed>لْغَيْبِ‌ۚ إِ<tajweed class=ghunnah>نّ</tajweed>َهُ<tajweed class=madda_normal>ۥ</tajweed> كَانَ وَعْدُهُ<tajweed class=madda_normal>ۥ</tajweed> مَأْتِيًّا <span class=end>٦١</span>","End":"٦١","PageNumber":309,"JuzNumber":16,"ManzilNumber":4,"RukuNumber":267,"MaqraNumber":124,"HizbNumber":31,"HizbDecimal":0.75,"HasSajda":false},{"SurahNumber":19,"SurahIndex":"019","VerseNumber":62,"ShowSurahName":false,"ShowBismillah":false,"Text":"لَّا يَسۡمَعُونَ فِيهَا لَغۡوًا إِلَّا سَلَٰمٗاۖ وَلَهُمۡ رِزۡقُهُمۡ فِيهَا بُكۡرَةٗ وَعَشِيّٗا","TajweedText":"لَّا يَسْمَعُونَ فِيهَا لَغْوًا إِلَّا سَلَ<tajweed class=madda_normal>ـٰ</tajweed><tajweed class=idgham_ghunnah>مًا‌ۖ و</tajweed>َلَهُمْ رِزْقُهُمْ فِيهَا بُكْرَ<tajweed class=idgham_ghunnah>ةً و</tajweed>َعَشِيًّا <span class=end>٦٢</span>","End":"٦٢","PageNumber":309,"JuzNumber":16,"ManzilNumber":4,"RukuNumber":267,"MaqraNumber":124,"HizbNumber":31,"HizbDecimal":0.75,"HasSajda":false},{"SurahNumber":19,"SurahIndex":"019","VerseNumber":63,"ShowSurahName":false,"ShowBismillah":false,"Text":"تِلۡكَ ٱلۡجَنَّةُ ٱلَّتِي نُورِثُ مِنۡ عِبَادِنَا مَن كَانَ تَقِيّٗا","TajweedText":"تِلْكَ <tajweed class=ham_wasl>ٱ</tajweed>لْجَ<tajweed class=ghunnah>نّ</tajweed>َةُ <tajweed class=ham_wasl>ٱ</tajweed>لَّتِى نُورِثُ مِنْ عِبَادِنَا مَ<tajweed class=ikhafa>ن ك</tajweed>َانَ تَقِيًّا <span class=end>٦٣</span>","End":"٦٣","PageNumber":309,"JuzNumber":16,"ManzilNumber":4,"RukuNumber":267,"MaqraNumber":124,"HizbNumber":31,"HizbDecimal":0.75,"HasSajda":false},{"SurahNumber":19,"SurahIndex":"019","VerseNumber":64,"ShowSurahName":false,"ShowBismillah":false,"Text":"وَمَا نَتَنَزَّلُ إِلَّا بِأَمۡرِ رَبِّكَۖ لَهُۥ مَا بَيۡنَ أَيۡدِينَا وَمَا خَلۡفَنَا وَمَا بَيۡنَ ذَٰلِكَۚ وَمَا كَانَ رَبُّكَ نَسِيّٗا","TajweedText":"وَمَا نَتَنَزَّلُ إِلَّا بِأَمْرِ رَبِّكَ‌ۖ لَهُ<tajweed class=madda_normal>ۥ</tajweed> مَا بَيْنَ أَيْدِينَا وَمَا خَلْفَنَا وَمَا بَيْنَ ذ<tajweed class=madda_normal>َٲ</tajweed>لِكَ‌ۚ وَمَا كَانَ رَبُّكَ نَسِيًّا <span class=end>٦٤</span>","End":"٦٤","PageNumber":309,"JuzNumber":16,"ManzilNumber":4,"RukuNumber":267,"MaqraNumber":124,"HizbNumber":31,"HizbDecimal":0.75,"HasSajda":false},{"SurahNumber":19,"SurahIndex":"019","VerseNumber":65,"ShowSurahName":false,"ShowBismillah":false,"Text":"رَّبُّ ٱلسَّمَٰوَٰتِ وَٱلۡأَرۡضِ وَمَا بَيۡنَهُمَا فَٱعۡبُدۡهُ وَٱصۡطَبِرۡ لِعِبَٰدَتِهِۦۚ هَلۡ تَعۡلَمُ لَهُۥ سَمِيّٗا","TajweedText":"رَّبُّ <tajweed class=ham_wasl>ٱ</tajweed><tajweed class=laam_shamsiyah>ل</tajweed>سَّمَ<tajweed class=madda_normal>ـٰ</tajweed>و<tajweed class=madda_normal>َٲ</tajweed>تِ وَ<tajweed class=ham_wasl>ٱ</tajweed>لْأَرْضِ وَمَا بَيْنَهُمَا فَ<tajweed class=ham_wasl>ٱ</tajweed>عْبُ<tajweed class=qalaqah>دْ</tajweed>هُ وَ<tajweed class=ham_wasl>ٱ</tajweed>صْطَبِرْ لِعِبَ<tajweed class=madda_normal>ـٰ</tajweed>دَتِه<tajweed class=madda_normal>ِۦ</tajweed>‌ۚ هَلْ تَعْلَمُ لَهُ<tajweed class=madda_normal>ۥ</tajweed> سَمِيًّا <span class=end>٦٥</span>","End":"٦٥","PageNumber":310,"JuzNumber":16,"ManzilNumber":4,"RukuNumber":267,"MaqraNumber":124,"HizbNumber":31,"HizbDecimal":0.75,"HasSajda":false}]}