{"RukuNumber":247,"Verses":[{"SurahNumber":17,"SurahIndex":"017","VerseNumber":71,"ShowSurahName":false,"ShowBismillah":false,"Text":"يَوۡمَ نَدۡعُواْ كُلَّ أُنَاسِۭ بِإِمَٰمِهِمۡۖ فَمَنۡ أُوتِيَ كِتَٰبَهُۥ بِيَمِينِهِۦ فَأُوْلَـٰٓئِكَ يَقۡرَءُونَ كِتَٰبَهُمۡ وَلَا يُظۡلَمُونَ فَتِيلٗا","TajweedText":"يَوْمَ نَ<tajweed class=qalaqah>دْ</tajweed>عُو<tajweed class=slnt>اْ</tajweed> كُلَّ أُنَا<tajweed class=iqlab>سِۭ ب</tajweed>ِإِمَ<tajweed class=madda_normal>ـٰ</tajweed>مِهِمْ‌ۖ فَمَنْ أُوتِىَ كِتَ<tajweed class=madda_normal>ـٰ</tajweed>بَهُ<tajweed class=madda_normal>ۥ</tajweed> بِيَمِينِه<tajweed class=madda_normal>ِۦ</tajweed> فَأُ<tajweed class=slnt>وْ</tajweed>لَ<tajweed class=madda_obligatory>ـٰٓ</tajweed>ئِكَ يَ<tajweed class=qalaqah>قْ</tajweed>رَءُونَ كِتَ<tajweed class=madda_normal>ـٰ</tajweed>بَهُمْ وَلَا يُظْلَمُونَ فَتِيلاً <span class=end>٧١</span>","End":"٧١","PageNumber":289,"JuzNumber":15,"ManzilNumber":4,"RukuNumber":247,"MaqraNumber":116,"HizbNumber":29,"HizbDecimal":0.75,"HasSajda":false},{"SurahNumber":17,"SurahIndex":"017","VerseNumber":72,"ShowSurahName":false,"ShowBismillah":false,"Text":"وَمَن كَانَ فِي هَٰذِهِۦٓ أَعۡمَىٰ فَهُوَ فِي ٱلۡأٓخِرَةِ أَعۡمَىٰ وَأَضَلُّ سَبِيلٗا","TajweedText":"وَمَ<tajweed class=ikhafa>ن ك</tajweed>َانَ فِى هَ<tajweed class=madda_normal>ـٰ</tajweed>ذِه<tajweed class=madda_obligatory>ِۦٓ</tajweed> أَعْمَىٰ فَهُوَ فِى <tajweed class=ham_wasl>ٱ</tajweed>لْأَخِرَةِ أَعْمَىٰ وَأَضَلُّ سَبِيلاً <span class=end>٧٢</span>","End":"٧٢","PageNumber":289,"JuzNumber":15,"ManzilNumber":4,"RukuNumber":247,"MaqraNumber":116,"HizbNumber":29,"HizbDecimal":0.75,"HasSajda":false},{"SurahNumber":17,"SurahIndex":"017","VerseNumber":73,"ShowSurahName":false,"ShowBismillah":false,"Text":"وَإِن كَادُواْ لَيَفۡتِنُونَكَ عَنِ ٱلَّذِيٓ أَوۡحَيۡنَآ إِلَيۡكَ لِتَفۡتَرِيَ عَلَيۡنَا غَيۡرَهُۥۖ وَإِذٗا لَّٱتَّخَذُوكَ خَلِيلٗا","TajweedText":"وَإِ<tajweed class=ikhafa>ن ك</tajweed>َادُو<tajweed class=slnt>اْ</tajweed> لَيَفْتِنُونَكَ عَنِ <tajweed class=ham_wasl>ٱ</tajweed>لَّذ<tajweed class=madda_obligatory>ِىٓ</tajweed> أَوْحَيْن<tajweed class=madda_obligatory>َآ</tajweed> إِلَيْكَ لِتَفْتَرِىَ عَلَيْنَا غَيْرَهُ<tajweed class=madda_normal>ۥ</tajweed>‌ۖ وَإِ<tajweed class=idgham_wo_ghunnah>ذًا ل</tajweed>َّ<tajweed class=ham_wasl>ٱ</tajweed>تَّخَذُوكَ خَلِيلاً <span class=end>٧٣</span>","End":"٧٣","PageNumber":289,"JuzNumber":15,"ManzilNumber":4,"RukuNumber":247,"MaqraNumber":116,"HizbNumber":29,"HizbDecimal":0.75,"HasSajda":false},{"SurahNumber":17,"SurahIndex":"017","VerseNumber":74,"ShowSurahName":false,"ShowBismillah":false,"Text":"وَلَوۡلَآ أَن ثَبَّتۡنَٰكَ لَقَدۡ كِدتَّ تَرۡكَنُ إِلَيۡهِمۡ شَيۡـٔٗا قَلِيلًا","TajweedText":"وَلَوْل<tajweed class=madda_obligatory>َآ</tajweed> أَ<tajweed class=ikhafa>ن ث</tajweed>َبَّتْنَ<tajweed class=madda_normal>ـٰ</tajweed>كَ لَقَ<tajweed class=qalaqah>دْ</tajweed> كِ<tajweed class=idgham_mutajanisayn>د</tajweed>تَّ تَرْكَنُ إِلَيْهِمْ شَيْـ<tajweed class=ikhafa>ـًٔا ق</tajweed>َلِيلاً <span class=end>٧٤</span>","End":"٧٤","PageNumber":289,"JuzNumber":15,"ManzilNumber":4,"RukuNumber":247,"MaqraNumber":116,"HizbNumber":29,"HizbDecimal":0.75,"HasSajda":false},{"SurahNumber":17,"SurahIndex":"017","VerseNumber":75,"ShowSurahName":false,"ShowBismillah":false,"Text":"إِذٗا لَّأَذَقۡنَٰكَ ضِعۡفَ ٱلۡحَيَوٰةِ وَضِعۡفَ ٱلۡمَمَاتِ ثُمَّ لَا تَجِدُ لَكَ عَلَيۡنَا نَصِيرٗا","TajweedText":"إِ<tajweed class=idgham_wo_ghunnah>ذًا ل</tajweed>َّأَذَ<tajweed class=qalaqah>قْ</tajweed>نَ<tajweed class=madda_normal>ـٰ</tajweed>كَ ضِعْفَ <tajweed class=ham_wasl>ٱ</tajweed>لْحَيَ<tajweed class=slnt>و</tajweed><tajweed class=madda_normal>ٲ</tajweed>ةِ وَضِعْفَ <tajweed class=ham_wasl>ٱ</tajweed>لْمَمَاتِ ثُ<tajweed class=ghunnah>مّ</tajweed>َ لَا تَجِدُ لَكَ عَلَيْنَا نَصِيرًا <span class=end>٧٥</span>","End":"٧٥","PageNumber":289,"JuzNumber":15,"ManzilNumber":4,"RukuNumber":247,"MaqraNumber":116,"HizbNumber":29,"HizbDecimal":0.75,"HasSajda":false},{"SurahNumber":17,"SurahIndex":"017","VerseNumber":76,"ShowSurahName":false,"ShowBismillah":false,"Text":"وَإِن كَادُواْ لَيَسۡتَفِزُّونَكَ مِنَ ٱلۡأَرۡضِ لِيُخۡرِجُوكَ مِنۡهَاۖ وَإِذٗا لَّا يَلۡبَثُونَ خِلَٰفَكَ إِلَّا قَلِيلٗا","TajweedText":"وَإِ<tajweed class=ikhafa>ن ك</tajweed>َادُو<tajweed class=slnt>اْ</tajweed> لَيَسْتَفِزُّونَكَ مِنَ <tajweed class=ham_wasl>ٱ</tajweed>لْأَرْضِ لِيُخْرِجُوكَ مِنْهَا‌ۖ وَإِ<tajweed class=idgham_wo_ghunnah>ذًا ل</tajweed>َّا يَلْبَثُونَ خِلَ<tajweed class=madda_normal>ـٰ</tajweed>فَكَ إِلَّا قَلِيلاً <span class=end>٧٦</span>","End":"٧٦","PageNumber":290,"JuzNumber":15,"ManzilNumber":4,"RukuNumber":247,"MaqraNumber":116,"HizbNumber":29,"HizbDecimal":0.75,"HasSajda":false},{"SurahNumber":17,"SurahIndex":"017","VerseNumber":77,"ShowSurahName":false,"ShowBismillah":false,"Text":"سُنَّةَ مَن قَدۡ أَرۡسَلۡنَا قَبۡلَكَ مِن رُّسُلِنَاۖ وَلَا تَجِدُ لِسُنَّتِنَا تَحۡوِيلًا","TajweedText":"سُ<tajweed class=ghunnah>نّ</tajweed>َةَ مَ<tajweed class=ikhafa>ن ق</tajweed>َ<tajweed class=qalaqah>دْ</tajweed> أَرْسَلْنَا قَ<tajweed class=qalaqah>بْ</tajweed>لَكَ م<tajweed class=idgham_wo_ghunnah>ِن ر</tajweed>ُّسُلِنَا‌ۖ وَلَا تَجِدُ لِسُ<tajweed class=ghunnah>نّ</tajweed>َتِنَا تَحْوِيلاً <span class=end>٧٧</span>","End":"٧٧","PageNumber":290,"JuzNumber":15,"ManzilNumber":4,"RukuNumber":247,"MaqraNumber":116,"HizbNumber":29,"HizbDecimal":0.75,"HasSajda":false}]}