{"RukuNumber":399,"Verses":[{"SurahNumber":39,"SurahIndex":"039","VerseNumber":32,"ShowSurahName":false,"ShowBismillah":false,"Text":"۞فَمَنۡ أَظۡلَمُ مِمَّن كَذَبَ عَلَى ٱللَّهِ وَكَذَّبَ بِٱلصِّدۡقِ إِذۡ جَآءَهُۥٓۚ أَلَيۡسَ فِي جَهَنَّمَ مَثۡوٗى لِّلۡكَٰفِرِينَ","TajweedText":"۞ فَمَنْ أَظْلَمُ مِ<tajweed class=ghunnah>مّ</tajweed>َ<tajweed class=ikhafa>ن ك</tajweed>َذَبَ عَلَى <tajweed class=ham_wasl>ٱ</tajweed>للَّهِ وَكَذَّبَ بِ<tajweed class=ham_wasl>ٱ</tajweed><tajweed class=laam_shamsiyah>ل</tajweed>صِّ<tajweed class=qalaqah>دْ</tajweed>قِ إِذْ ج<tajweed class=madda_obligatory>َا</tajweed>ٓءَهُ<tajweed class=madda_obligatory>ۥٓ‌ۚ</tajweed> أَلَيْسَ فِى جَهَ<tajweed class=ghunnah>نّ</tajweed>َمَ مَثْ<tajweed class=idgham_wo_ghunnah>وًى ل</tajweed>ِّلْكَ<tajweed class=madda_normal>ـٰ</tajweed>فِر<tajweed class=madda_permissible>ِي</tajweed>نَ <span class=end>٣٢</span>","End":"٣٢","PageNumber":462,"JuzNumber":24,"ManzilNumber":6,"RukuNumber":399,"MaqraNumber":185,"HizbNumber":47,"HizbDecimal":0.0,"HasSajda":false},{"SurahNumber":39,"SurahIndex":"039","VerseNumber":33,"ShowSurahName":false,"ShowBismillah":false,"Text":"وَٱلَّذِي جَآءَ بِٱلصِّدۡقِ وَصَدَّقَ بِهِۦٓ أُوْلَـٰٓئِكَ هُمُ ٱلۡمُتَّقُونَ","TajweedText":"وَ<tajweed class=ham_wasl>ٱ</tajweed>لَّذِى ج<tajweed class=madda_obligatory>َا</tajweed>ٓءَ بِ<tajweed class=ham_wasl>ٱ</tajweed><tajweed class=laam_shamsiyah>ل</tajweed>صِّ<tajweed class=qalaqah>دْ</tajweed>قِ وَصَدَّقَ بِه<tajweed class=madda_obligatory>ِۦٓ‌ۙ</tajweed> أُ<tajweed class=slnt>وْ</tajweed>لَ<tajweed class=madda_obligatory>ـٰٓ</tajweed>ئِكَ هُمُ <tajweed class=ham_wasl>ٱ</tajweed>لْمُتَّق<tajweed class=madda_permissible>ُو</tajweed>نَ <span class=end>٣٣</span>","End":"٣٣","PageNumber":462,"JuzNumber":24,"ManzilNumber":6,"RukuNumber":399,"MaqraNumber":185,"HizbNumber":47,"HizbDecimal":0.0,"HasSajda":false},{"SurahNumber":39,"SurahIndex":"039","VerseNumber":34,"ShowSurahName":false,"ShowBismillah":false,"Text":"لَهُم مَّا يَشَآءُونَ عِندَ رَبِّهِمۡۚ ذَٰلِكَ جَزَآءُ ٱلۡمُحۡسِنِينَ","TajweedText":"لَه<tajweed class=idgham_shafawi>ُم م</tajweed>َّا يَش<tajweed class=madda_obligatory>َا</tajweed>ٓءُونَ عِ<tajweed class=ikhafa>ند</tajweed>َ رَبِّهِمْ‌ۚ ذ<tajweed class=madda_normal>َٲ</tajweed>لِكَ جَز<tajweed class=madda_obligatory>َا</tajweed>ٓءُ <tajweed class=ham_wasl>ٱ</tajweed>لْمُحْسِن<tajweed class=madda_permissible>ِي</tajweed>نَ <span class=end>٣٤</span>","End":"٣٤","PageNumber":462,"JuzNumber":24,"ManzilNumber":6,"RukuNumber":399,"MaqraNumber":185,"HizbNumber":47,"HizbDecimal":0.0,"HasSajda":false},{"SurahNumber":39,"SurahIndex":"039","VerseNumber":35,"ShowSurahName":false,"ShowBismillah":false,"Text":"لِيُكَفِّرَ ٱللَّهُ عَنۡهُمۡ أَسۡوَأَ ٱلَّذِي عَمِلُواْ وَيَجۡزِيَهُمۡ أَجۡرَهُم بِأَحۡسَنِ ٱلَّذِي كَانُواْ يَعۡمَلُونَ","TajweedText":"لِيُكَفِّرَ <tajweed class=ham_wasl>ٱ</tajweed>للَّهُ عَنْهُمْ أَسْوَأَ <tajweed class=ham_wasl>ٱ</tajweed>لَّذِى عَمِلُو<tajweed class=slnt>اْ</tajweed> وَيَ<tajweed class=qalaqah>جْ</tajweed>زِيَهُمْ أَ<tajweed class=qalaqah>جْ</tajweed>رَه<tajweed class=ikhafa_shafawi>ُم ب</tajweed>ِأَحْسَنِ <tajweed class=ham_wasl>ٱ</tajweed>لَّذِى كَانُو<tajweed class=slnt>اْ</tajweed> يَعْمَل<tajweed class=madda_permissible>ُو</tajweed>نَ <span class=end>٣٥</span>","End":"٣٥","PageNumber":462,"JuzNumber":24,"ManzilNumber":6,"RukuNumber":399,"MaqraNumber":185,"HizbNumber":47,"HizbDecimal":0.0,"HasSajda":false},{"SurahNumber":39,"SurahIndex":"039","VerseNumber":36,"ShowSurahName":false,"ShowBismillah":false,"Text":"أَلَيۡسَ ٱللَّهُ بِكَافٍ عَبۡدَهُۥۖ وَيُخَوِّفُونَكَ بِٱلَّذِينَ مِن دُونِهِۦۚ وَمَن يُضۡلِلِ ٱللَّهُ فَمَا لَهُۥ مِنۡ هَادٖ","TajweedText":"أَلَيْسَ <tajweed class=ham_wasl>ٱ</tajweed>للَّهُ بِكَافٍ عَ<tajweed class=qalaqah>بْ</tajweed>دَهُ<tajweed class=madda_normal>ۥ</tajweed>‌ۖ وَيُخَوِّفُونَكَ بِ<tajweed class=ham_wasl>ٱ</tajweed>لَّذِينَ مِ<tajweed class=ikhafa>ن د</tajweed>ُونِه<tajweed class=madda_normal>ِۦ</tajweed>‌ۚ وَم<tajweed class=idgham_ghunnah>َن ي</tajweed>ُضْلِلِ <tajweed class=ham_wasl>ٱ</tajweed>للَّهُ فَمَا لَهُ<tajweed class=madda_normal>ۥ</tajweed> مِنْ ه<tajweed class=madda_permissible>َا</tajweed><tajweed class=qalaqah>د</tajweed>ٍ <span class=end>٣٦</span>","End":"٣٦","PageNumber":462,"JuzNumber":24,"ManzilNumber":6,"RukuNumber":399,"MaqraNumber":185,"HizbNumber":47,"HizbDecimal":0.0,"HasSajda":false},{"SurahNumber":39,"SurahIndex":"039","VerseNumber":37,"ShowSurahName":false,"ShowBismillah":false,"Text":"وَمَن يَهۡدِ ٱللَّهُ فَمَا لَهُۥ مِن مُّضِلٍّۗ أَلَيۡسَ ٱللَّهُ بِعَزِيزٖ ذِي ٱنتِقَامٖ","TajweedText":"وَم<tajweed class=idgham_ghunnah>َن ي</tajweed>َهْدِ <tajweed class=ham_wasl>ٱ</tajweed>للَّهُ فَمَا لَهُ<tajweed class=madda_normal>ۥ</tajweed> م<tajweed class=idgham_ghunnah>ِن م</tajweed>ُّضِلٍّ‌ۗ أَلَيْسَ <tajweed class=ham_wasl>ٱ</tajweed>للَّهُ بِعَزِي<tajweed class=ikhafa>زٍ ذ</tajweed>ِى <tajweed class=ham_wasl>ٱ</tajweed><tajweed class=ikhafa>نت</tajweed>ِق<tajweed class=madda_permissible>َا</tajweed>مٍ <span class=end>٣٧</span>","End":"٣٧","PageNumber":462,"JuzNumber":24,"ManzilNumber":6,"RukuNumber":399,"MaqraNumber":185,"HizbNumber":47,"HizbDecimal":0.0,"HasSajda":false},{"SurahNumber":39,"SurahIndex":"039","VerseNumber":38,"ShowSurahName":false,"ShowBismillah":false,"Text":"وَلَئِن سَأَلۡتَهُم مَّنۡ خَلَقَ ٱلسَّمَٰوَٰتِ وَٱلۡأَرۡضَ لَيَقُولُنَّ ٱللَّهُۚ قُلۡ أَفَرَءَيۡتُم مَّا تَدۡعُونَ مِن دُونِ ٱللَّهِ إِنۡ أَرَادَنِيَ ٱللَّهُ بِضُرٍّ هَلۡ هُنَّ كَٰشِفَٰتُ ضُرِّهِۦٓ أَوۡ أَرَادَنِي بِرَحۡمَةٍ هَلۡ هُنَّ مُمۡسِكَٰتُ رَحۡمَتِهِۦۚ قُلۡ حَسۡبِيَ ٱللَّهُۖ عَلَيۡهِ يَتَوَكَّلُ ٱلۡمُتَوَكِّلُونَ","TajweedText":"وَلَئِ<tajweed class=ikhafa>ن س</tajweed>َأَلْتَه<tajweed class=idgham_shafawi>ُم م</tajweed>َّنْ خَلَقَ <tajweed class=ham_wasl>ٱ</tajweed><tajweed class=laam_shamsiyah>ل</tajweed>سَّمَ<tajweed class=madda_normal>ـٰ</tajweed>و<tajweed class=madda_normal>َٲ</tajweed>تِ وَ<tajweed class=ham_wasl>ٱ</tajweed>لْأَرْضَ لَيَقُولُ<tajweed class=ghunnah>نّ</tajweed>َ <tajweed class=ham_wasl>ٱ</tajweed>للَّهُ‌ۚ قُلْ أَفَرَءَيْت<tajweed class=idgham_shafawi>ُم م</tajweed>َّا تَ<tajweed class=qalaqah>دْ</tajweed>عُونَ مِ<tajweed class=ikhafa>ن د</tajweed>ُونِ <tajweed class=ham_wasl>ٱ</tajweed>للَّهِ إِنْ أَرَادَنِىَ <tajweed class=ham_wasl>ٱ</tajweed>للَّهُ بِضُرٍّ هَلْ هُ<tajweed class=ghunnah>نّ</tajweed>َ كَ<tajweed class=madda_normal>ـٰ</tajweed>شِفَ<tajweed class=madda_normal>ـٰ</tajweed>تُ ضُرِّه<tajweed class=madda_obligatory>ِۦٓ</tajweed> أَوْ أَرَادَنِى بِرَحْمَةٍ هَلْ هُ<tajweed class=ghunnah>نّ</tajweed>َ مُمْسِكَ<tajweed class=madda_normal>ـٰ</tajweed>تُ رَحْمَتِه<tajweed class=madda_normal>ِۦ</tajweed>‌ۚ قُلْ حَسْبِىَ <tajweed class=ham_wasl>ٱ</tajweed>للَّهُ‌ۖ عَلَيْهِ يَتَوَكَّلُ <tajweed class=ham_wasl>ٱ</tajweed>لْمُتَوَكِّل<tajweed class=madda_permissible>ُو</tajweed>نَ <span class=end>٣٨</span>","End":"٣٨","PageNumber":462,"JuzNumber":24,"ManzilNumber":6,"RukuNumber":399,"MaqraNumber":185,"HizbNumber":47,"HizbDecimal":0.0,"HasSajda":false},{"SurahNumber":39,"SurahIndex":"039","VerseNumber":39,"ShowSurahName":false,"ShowBismillah":false,"Text":"قُلۡ يَٰقَوۡمِ ٱعۡمَلُواْ عَلَىٰ مَكَانَتِكُمۡ إِنِّي عَٰمِلٞۖ فَسَوۡفَ تَعۡلَمُونَ","TajweedText":"قُلْ يَ<tajweed class=madda_normal>ـٰ</tajweed>قَوْمِ <tajweed class=ham_wasl>ٱ</tajweed>عْمَلُو<tajweed class=slnt>اْ</tajweed> عَلَىٰ مَكَانَتِكُمْ إِ<tajweed class=ghunnah>نّ</tajweed>ِى عَ<tajweed class=madda_normal>ـٰ</tajweed>مِ<tajweed class=ikhafa>لٌ‌ۖ ف</tajweed>َسَوْفَ تَعْلَم<tajweed class=madda_permissible>ُو</tajweed>نَ <span class=end>٣٩</span>","End":"٣٩","PageNumber":462,"JuzNumber":24,"ManzilNumber":6,"RukuNumber":399,"MaqraNumber":185,"HizbNumber":47,"HizbDecimal":0.0,"HasSajda":false},{"SurahNumber":39,"SurahIndex":"039","VerseNumber":40,"ShowSurahName":false,"ShowBismillah":false,"Text":"مَن يَأۡتِيهِ عَذَابٞ يُخۡزِيهِ وَيَحِلُّ عَلَيۡهِ عَذَابٞ مُّقِيمٌ","TajweedText":"م<tajweed class=idgham_ghunnah>َن ي</tajweed>َأْتِيهِ عَذَا<tajweed class=idgham_ghunnah>بٌ ي</tajweed>ُخْزِيهِ وَيَحِلُّ عَلَيْهِ عَذَا<tajweed class=idgham_ghunnah>بٌ م</tajweed>ُّق<tajweed class=madda_permissible>ِي</tajweed>مٌ <span class=end>٤٠</span>","End":"٤٠","PageNumber":462,"JuzNumber":24,"ManzilNumber":6,"RukuNumber":399,"MaqraNumber":185,"HizbNumber":47,"HizbDecimal":0.0,"HasSajda":false},{"SurahNumber":39,"SurahIndex":"039","VerseNumber":41,"ShowSurahName":false,"ShowBismillah":false,"Text":"إِنَّآ أَنزَلۡنَا عَلَيۡكَ ٱلۡكِتَٰبَ لِلنَّاسِ بِٱلۡحَقِّۖ فَمَنِ ٱهۡتَدَىٰ فَلِنَفۡسِهِۦۖ وَمَن ضَلَّ فَإِنَّمَا يَضِلُّ عَلَيۡهَاۖ وَمَآ أَنتَ عَلَيۡهِم بِوَكِيلٍ","TajweedText":"إِ<tajweed class=ghunnah>نّ</tajweed><tajweed class=madda_obligatory>َآ</tajweed> أَ<tajweed class=ikhafa>نز</tajweed>َلْنَا عَلَيْكَ <tajweed class=ham_wasl>ٱ</tajweed>لْكِتَ<tajweed class=madda_normal>ـٰ</tajweed>بَ لِل<tajweed class=ghunnah>نّ</tajweed>َاسِ بِ<tajweed class=ham_wasl>ٱ</tajweed>لْحَقِّ‌ۖ فَمَنِ <tajweed class=ham_wasl>ٱ</tajweed>هْتَدَىٰ فَلِنَفْسِه<tajweed class=madda_normal>ِۦ</tajweed>‌ۖ وَمَ<tajweed class=ikhafa>ن ض</tajweed>َلَّ فَإِ<tajweed class=ghunnah>نّ</tajweed>َمَا يَضِلُّ عَلَيْهَا‌ۖ وَم<tajweed class=madda_obligatory>َآ</tajweed> أَ<tajweed class=ikhafa>نت</tajweed>َ عَلَيْه<tajweed class=ikhafa_shafawi>ِم ب</tajweed>ِوَك<tajweed class=madda_permissible>ِي</tajweed>لٍ <span class=end>٤١</span>","End":"٤١","PageNumber":463,"JuzNumber":24,"ManzilNumber":6,"RukuNumber":399,"MaqraNumber":185,"HizbNumber":47,"HizbDecimal":0.0,"HasSajda":false}]}