{"RukuNumber":505,"Verses":[{"SurahNumber":71,"SurahIndex":"071","VerseNumber":21,"ShowSurahName":false,"ShowBismillah":false,"Text":"قَالَ نُوحٞ رَّبِّ إِنَّهُمۡ عَصَوۡنِي وَٱتَّبَعُواْ مَن لَّمۡ يَزِدۡهُ مَالُهُۥ وَوَلَدُهُۥٓ إِلَّا خَسَارٗا","TajweedText":"قَالَ نُو<tajweed class=idgham_wo_ghunnah>حٌ ر</tajweed>َّبِّ إِ<tajweed class=ghunnah>نّ</tajweed>َهُمْ عَصَوْنِى وَ<tajweed class=ham_wasl>ٱ</tajweed>تَّبَعُو<tajweed class=slnt>اْ</tajweed> م<tajweed class=idgham_wo_ghunnah>َن ل</tajweed>َّمْ يَزِ<tajweed class=qalaqah>دْ</tajweed>هُ مَالُهُ<tajweed class=madda_normal>ۥ</tajweed> وَوَلَدُهُ<tajweed class=madda_obligatory>ۥٓ</tajweed> إِلَّا خَسَارًا <span class=end>٢١</span>","End":"٢١","PageNumber":571,"JuzNumber":29,"ManzilNumber":7,"RukuNumber":505,"MaqraNumber":228,"HizbNumber":57,"HizbDecimal":0.75,"HasSajda":false},{"SurahNumber":71,"SurahIndex":"071","VerseNumber":22,"ShowSurahName":false,"ShowBismillah":false,"Text":"وَمَكَرُواْ مَكۡرٗا كُبَّارٗا","TajweedText":"وَمَكَرُو<tajweed class=slnt>اْ</tajweed> مَكْ<tajweed class=ikhafa>رًا ك</tajweed>ُبَّارًا <span class=end>٢٢</span>","End":"٢٢","PageNumber":571,"JuzNumber":29,"ManzilNumber":7,"RukuNumber":505,"MaqraNumber":228,"HizbNumber":57,"HizbDecimal":0.75,"HasSajda":false},{"SurahNumber":71,"SurahIndex":"071","VerseNumber":23,"ShowSurahName":false,"ShowBismillah":false,"Text":"وَقَالُواْ لَا تَذَرُنَّ ءَالِهَتَكُمۡ وَلَا تَذَرُنَّ وَدّٗا وَلَا سُوَاعٗا وَلَا يَغُوثَ وَيَعُوقَ وَنَسۡرٗا","TajweedText":"وَقَالُو<tajweed class=slnt>اْ</tajweed> لَا تَذَرُ<tajweed class=ghunnah>نّ</tajweed>َ ءَالِهَتَكُمْ وَلَا تَذَرُ<tajweed class=ghunnah>نّ</tajweed>َ وَد<tajweed class=idgham_ghunnah>ًّا و</tajweed>َلَا سُوَا<tajweed class=idgham_ghunnah>عًا و</tajweed>َلَا يَغُوثَ وَيَعُوقَ وَنَسْرًا <span class=end>٢٣</span>","End":"٢٣","PageNumber":571,"JuzNumber":29,"ManzilNumber":7,"RukuNumber":505,"MaqraNumber":228,"HizbNumber":57,"HizbDecimal":0.75,"HasSajda":false},{"SurahNumber":71,"SurahIndex":"071","VerseNumber":24,"ShowSurahName":false,"ShowBismillah":false,"Text":"وَقَدۡ أَضَلُّواْ كَثِيرٗاۖ وَلَا تَزِدِ ٱلظَّـٰلِمِينَ إِلَّا ضَلَٰلٗا","TajweedText":"وَقَ<tajweed class=qalaqah>دْ</tajweed> أَضَلُّو<tajweed class=slnt>اْ</tajweed> كَثِي<tajweed class=idgham_ghunnah>رًا‌ۖ و</tajweed>َلَا تَزِدِ <tajweed class=ham_wasl>ٱ</tajweed><tajweed class=laam_shamsiyah>ل</tajweed>ظَّ<tajweed class=madda_normal>ـٰ</tajweed>لِمِينَ إِلَّا ضَلَ<tajweed class=madda_normal>ـٰ</tajweed>لاً <span class=end>٢٤</span>","End":"٢٤","PageNumber":571,"JuzNumber":29,"ManzilNumber":7,"RukuNumber":505,"MaqraNumber":228,"HizbNumber":57,"HizbDecimal":0.75,"HasSajda":false},{"SurahNumber":71,"SurahIndex":"071","VerseNumber":25,"ShowSurahName":false,"ShowBismillah":false,"Text":"مِّمَّا خَطِيٓـَٰٔتِهِمۡ أُغۡرِقُواْ فَأُدۡخِلُواْ نَارٗا فَلَمۡ يَجِدُواْ لَهُم مِّن دُونِ ٱللَّهِ أَنصَارٗا","TajweedText":"مِّ<tajweed class=ghunnah>مّ</tajweed>َا خَط<tajweed class=madda_obligatory>ِيٓ</tajweed>ـَٔ<tajweed class=madda_normal>ـٰ</tajweed>تِهِمْ أُغْرِقُو<tajweed class=slnt>اْ</tajweed> فَأُ<tajweed class=qalaqah>دْ</tajweed>خِلُو<tajweed class=slnt>اْ</tajweed> نَا<tajweed class=ikhafa>رًا ف</tajweed>َلَمْ يَجِدُو<tajweed class=slnt>اْ</tajweed> لَه<tajweed class=idgham_shafawi>ُم م</tajweed>ِّ<tajweed class=ikhafa>ن د</tajweed>ُونِ <tajweed class=ham_wasl>ٱ</tajweed>للَّهِ أَ<tajweed class=ikhafa>نص</tajweed>َارًا <span class=end>٢٥</span>","End":"٢٥","PageNumber":571,"JuzNumber":29,"ManzilNumber":7,"RukuNumber":505,"MaqraNumber":228,"HizbNumber":57,"HizbDecimal":0.75,"HasSajda":false},{"SurahNumber":71,"SurahIndex":"071","VerseNumber":26,"ShowSurahName":false,"ShowBismillah":false,"Text":"وَقَالَ نُوحٞ رَّبِّ لَا تَذَرۡ عَلَى ٱلۡأَرۡضِ مِنَ ٱلۡكَٰفِرِينَ دَيَّارًا","TajweedText":"وَقَالَ نُو<tajweed class=idgham_wo_ghunnah>حٌ ر</tajweed>َّبِّ لَا تَذَرْ عَلَى <tajweed class=ham_wasl>ٱ</tajweed>لْأَرْضِ مِنَ <tajweed class=ham_wasl>ٱ</tajweed>لْكَ<tajweed class=madda_normal>ـٰ</tajweed>فِرِينَ دَيَّارًا <span class=end>٢٦</span>","End":"٢٦","PageNumber":571,"JuzNumber":29,"ManzilNumber":7,"RukuNumber":505,"MaqraNumber":228,"HizbNumber":57,"HizbDecimal":0.75,"HasSajda":false},{"SurahNumber":71,"SurahIndex":"071","VerseNumber":27,"ShowSurahName":false,"ShowBismillah":false,"Text":"إِنَّكَ إِن تَذَرۡهُمۡ يُضِلُّواْ عِبَادَكَ وَلَا يَلِدُوٓاْ إِلَّا فَاجِرٗا كَفَّارٗا","TajweedText":"إِ<tajweed class=ghunnah>نّ</tajweed>َكَ إِ<tajweed class=ikhafa>ن ت</tajweed>َذَرْهُمْ يُضِلُّو<tajweed class=slnt>اْ</tajweed> عِبَادَكَ وَلَا يَلِد<tajweed class=madda_obligatory>ُوٓ</tajweed><tajweed class=slnt>اْ</tajweed> إِلَّا فَاجِ<tajweed class=ikhafa>رًا ك</tajweed>َفَّارًا <span class=end>٢٧</span>","End":"٢٧","PageNumber":571,"JuzNumber":29,"ManzilNumber":7,"RukuNumber":505,"MaqraNumber":228,"HizbNumber":57,"HizbDecimal":0.75,"HasSajda":false},{"SurahNumber":71,"SurahIndex":"071","VerseNumber":28,"ShowSurahName":false,"ShowBismillah":false,"Text":"رَّبِّ ٱغۡفِرۡ لِي وَلِوَٰلِدَيَّ وَلِمَن دَخَلَ بَيۡتِيَ مُؤۡمِنٗا وَلِلۡمُؤۡمِنِينَ وَٱلۡمُؤۡمِنَٰتِۖ وَلَا تَزِدِ ٱلظَّـٰلِمِينَ إِلَّا تَبَارَۢا","TajweedText":"رَّبِّ <tajweed class=ham_wasl>ٱ</tajweed>غْفِرْ لِى وَلِو<tajweed class=madda_normal>َٲ</tajweed>لِدَىَّ وَلِمَ<tajweed class=ikhafa>ن د</tajweed>َخَلَ بَيْتِىَ مُؤْمِ<tajweed class=idgham_ghunnah>نًا و</tajweed>َلِلْمُؤْمِنِينَ وَ<tajweed class=ham_wasl>ٱ</tajweed>لْمُؤْمِنَ<tajweed class=madda_normal>ـٰ</tajweed>تِ وَلَا تَزِدِ <tajweed class=ham_wasl>ٱ</tajweed><tajweed class=laam_shamsiyah>ل</tajweed>ظَّ<tajweed class=madda_normal>ـٰ</tajweed>لِمِينَ إِلَّا تَبَارَۢا <span class=end>٢٨</span>","End":"٢٨","PageNumber":571,"JuzNumber":29,"ManzilNumber":7,"RukuNumber":505,"MaqraNumber":228,"HizbNumber":57,"HizbDecimal":0.75,"HasSajda":false}]}