{"RukuNumber":407,"Verses":[{"SurahNumber":40,"SurahIndex":"040","VerseNumber":28,"ShowSurahName":false,"ShowBismillah":false,"Text":"وَقَالَ رَجُلٞ مُّؤۡمِنٞ مِّنۡ ءَالِ فِرۡعَوۡنَ يَكۡتُمُ إِيمَٰنَهُۥٓ أَتَقۡتُلُونَ رَجُلًا أَن يَقُولَ رَبِّيَ ٱللَّهُ وَقَدۡ جَآءَكُم بِٱلۡبَيِّنَٰتِ مِن رَّبِّكُمۡۖ وَإِن يَكُ كَٰذِبٗا فَعَلَيۡهِ كَذِبُهُۥۖ وَإِن يَكُ صَادِقٗا يُصِبۡكُم بَعۡضُ ٱلَّذِي يَعِدُكُمۡۖ إِنَّ ٱللَّهَ لَا يَهۡدِي مَنۡ هُوَ مُسۡرِفٞ كَذَّابٞ","TajweedText":"وَقَالَ رَجُ<tajweed class=idgham_ghunnah>لٌ م</tajweed>ُّؤْمِ<tajweed class=idgham_ghunnah>نٌ م</tajweed>ِّنْ ءَالِ فِرْعَوْنَ يَكْتُمُ إِيمَ<tajweed class=madda_normal>ـٰ</tajweed>نَهُ<tajweed class=madda_obligatory>ۥٓ</tajweed> أَتَ<tajweed class=qalaqah>قْ</tajweed>تُلُونَ رَجُلاً أ<tajweed class=idgham_ghunnah>َن ي</tajweed>َقُولَ رَبِّىَ <tajweed class=ham_wasl>ٱ</tajweed>للَّهُ وَقَ<tajweed class=qalaqah>دْ</tajweed> ج<tajweed class=madda_obligatory>َا</tajweed>ٓءَك<tajweed class=ikhafa_shafawi>ُم ب</tajweed>ِ<tajweed class=ham_wasl>ٱ</tajweed>لْبَيِّنَ<tajweed class=madda_normal>ـٰ</tajweed>تِ م<tajweed class=idgham_wo_ghunnah>ِن ر</tajweed>َّبِّكُمْۖ وَإ<tajweed class=idgham_ghunnah>ِن ي</tajweed>َكُ كَ<tajweed class=madda_normal>ـٰ</tajweed>ذِ<tajweed class=ikhafa>بًا ف</tajweed>َعَلَيْهِ كَذِبُهُ<tajweed class=madda_normal>ۥ</tajweed>ۖ وَإ<tajweed class=idgham_ghunnah>ِن ي</tajweed>َكُ صَادِ<tajweed class=idgham_ghunnah>قًا ي</tajweed>ُصِ<tajweed class=qalaqah>بْ</tajweed>ك<tajweed class=ikhafa_shafawi>ُم ب</tajweed>َعْضُ <tajweed class=ham_wasl>ٱ</tajweed>لَّذِى يَعِدُكُمْۖ إِ<tajweed class=ghunnah>نّ</tajweed>َ <tajweed class=ham_wasl>ٱ</tajweed>للَّهَ لَا يَهْدِى مَنْ هُوَ مُسْرِ<tajweed class=ikhafa>فٌ ك</tajweed>َذّ<tajweed class=madda_permissible>َا</tajweed><tajweed class=qalaqah>ب</tajweed>ٌ <span class=end>٢٨</span>","End":"٢٨","PageNumber":470,"JuzNumber":24,"ManzilNumber":6,"RukuNumber":407,"MaqraNumber":188,"HizbNumber":47,"HizbDecimal":0.75,"HasSajda":false},{"SurahNumber":40,"SurahIndex":"040","VerseNumber":29,"ShowSurahName":false,"ShowBismillah":false,"Text":"يَٰقَوۡمِ لَكُمُ ٱلۡمُلۡكُ ٱلۡيَوۡمَ ظَٰهِرِينَ فِي ٱلۡأَرۡضِ فَمَن يَنصُرُنَا مِنۢ بَأۡسِ ٱللَّهِ إِن جَآءَنَاۚ قَالَ فِرۡعَوۡنُ مَآ أُرِيكُمۡ إِلَّا مَآ أَرَىٰ وَمَآ أَهۡدِيكُمۡ إِلَّا سَبِيلَ ٱلرَّشَادِ","TajweedText":"يَ<tajweed class=madda_normal>ـٰ</tajweed>قَوْمِ لَكُمُ <tajweed class=ham_wasl>ٱ</tajweed>لْمُلْكُ <tajweed class=ham_wasl>ٱ</tajweed>لْيَوْمَ ظَ<tajweed class=madda_normal>ـٰ</tajweed>هِرِينَ فِى <tajweed class=ham_wasl>ٱ</tajweed>لْأَرْضِ فَم<tajweed class=idgham_ghunnah>َن ي</tajweed>َ<tajweed class=ikhafa>نص</tajweed>ُرُنَا م<tajweed class=iqlab>ِنۢ ب</tajweed>َأْسِ <tajweed class=ham_wasl>ٱ</tajweed>للَّهِ إِ<tajweed class=ikhafa>ن ج</tajweed><tajweed class=madda_obligatory>َا</tajweed>ٓءَنَاۚ قَالَ فِرْعَوْنُ م<tajweed class=madda_obligatory>َآ</tajweed> أُرِيكُمْ إِلَّا م<tajweed class=madda_obligatory>َآ</tajweed> أَرَىٰ وَم<tajweed class=madda_obligatory>َآ</tajweed> أَهْدِيكُمْ إِلَّا سَبِيلَ <tajweed class=ham_wasl>ٱ</tajweed><tajweed class=laam_shamsiyah>ل</tajweed>رَّش<tajweed class=madda_permissible>َا</tajweed><tajweed class=qalaqah>د</tajweed>ِ <span class=end>٢٩</span>","End":"٢٩","PageNumber":470,"JuzNumber":24,"ManzilNumber":6,"RukuNumber":407,"MaqraNumber":188,"HizbNumber":47,"HizbDecimal":0.75,"HasSajda":false},{"SurahNumber":40,"SurahIndex":"040","VerseNumber":30,"ShowSurahName":false,"ShowBismillah":false,"Text":"وَقَالَ ٱلَّذِيٓ ءَامَنَ يَٰقَوۡمِ إِنِّيٓ أَخَافُ عَلَيۡكُم مِّثۡلَ يَوۡمِ ٱلۡأَحۡزَابِ","TajweedText":"وَقَالَ <tajweed class=ham_wasl>ٱ</tajweed>لَّذ<tajweed class=madda_obligatory>ِىٓ</tajweed> ءَامَنَ يَ<tajweed class=madda_normal>ـٰ</tajweed>قَوْمِ إِ<tajweed class=ghunnah>نّ</tajweed><tajweed class=madda_obligatory>ِىٓ</tajweed> أَخَافُ عَلَيْك<tajweed class=idgham_shafawi>ُم م</tajweed>ِّثْلَ يَوْمِ <tajweed class=ham_wasl>ٱ</tajweed>لْأَحْز<tajweed class=madda_permissible>َا</tajweed><tajweed class=qalaqah>ب</tajweed>ِ <span class=end>٣٠</span>","End":"٣٠","PageNumber":470,"JuzNumber":24,"ManzilNumber":6,"RukuNumber":407,"MaqraNumber":188,"HizbNumber":47,"HizbDecimal":0.75,"HasSajda":false},{"SurahNumber":40,"SurahIndex":"040","VerseNumber":31,"ShowSurahName":false,"ShowBismillah":false,"Text":"مِثۡلَ دَأۡبِ قَوۡمِ نُوحٖ وَعَادٖ وَثَمُودَ وَٱلَّذِينَ مِنۢ بَعۡدِهِمۡۚ وَمَا ٱللَّهُ يُرِيدُ ظُلۡمٗا لِّلۡعِبَادِ","TajweedText":"مِثْلَ دَأْبِ قَوْمِ نُو<tajweed class=idgham_ghunnah>حٍ و</tajweed>َعَا<tajweed class=idgham_ghunnah>دٍ و</tajweed>َثَمُودَ وَ<tajweed class=ham_wasl>ٱ</tajweed>لَّذِينَ م<tajweed class=iqlab>ِنۢ ب</tajweed>َعْدِهِمْۚ وَمَا <tajweed class=ham_wasl>ٱ</tajweed>للَّهُ يُرِيدُ ظُلْ<tajweed class=idgham_wo_ghunnah>مًا ل</tajweed>ِّلْعِب<tajweed class=madda_permissible>َا</tajweed><tajweed class=qalaqah>د</tajweed>ِ <span class=end>٣١</span>","End":"٣١","PageNumber":470,"JuzNumber":24,"ManzilNumber":6,"RukuNumber":407,"MaqraNumber":188,"HizbNumber":47,"HizbDecimal":0.75,"HasSajda":false},{"SurahNumber":40,"SurahIndex":"040","VerseNumber":32,"ShowSurahName":false,"ShowBismillah":false,"Text":"وَيَٰقَوۡمِ إِنِّيٓ أَخَافُ عَلَيۡكُمۡ يَوۡمَ ٱلتَّنَادِ","TajweedText":"وَيَ<tajweed class=madda_normal>ـٰ</tajweed>قَوْمِ إِ<tajweed class=ghunnah>نّ</tajweed><tajweed class=madda_obligatory>ِىٓ</tajweed> أَخَافُ عَلَيْكُمْ يَوْمَ <tajweed class=ham_wasl>ٱ</tajweed><tajweed class=laam_shamsiyah>ل</tajweed>تَّن<tajweed class=madda_permissible>َا</tajweed><tajweed class=qalaqah>د</tajweed>ِ <span class=end>٣٢</span>","End":"٣٢","PageNumber":470,"JuzNumber":24,"ManzilNumber":6,"RukuNumber":407,"MaqraNumber":188,"HizbNumber":47,"HizbDecimal":0.75,"HasSajda":false},{"SurahNumber":40,"SurahIndex":"040","VerseNumber":33,"ShowSurahName":false,"ShowBismillah":false,"Text":"يَوۡمَ تُوَلُّونَ مُدۡبِرِينَ مَا لَكُم مِّنَ ٱللَّهِ مِنۡ عَاصِمٖۗ وَمَن يُضۡلِلِ ٱللَّهُ فَمَا لَهُۥ مِنۡ هَادٖ","TajweedText":"يَوْمَ تُوَلُّونَ مُ<tajweed class=qalaqah>دْ</tajweed>بِرِينَ مَا لَك<tajweed class=idgham_shafawi>ُم م</tajweed>ِّنَ <tajweed class=ham_wasl>ٱ</tajweed>للَّهِ مِنْ عَاصِ<tajweed class=idgham_ghunnah>مٍۗ و</tajweed>َم<tajweed class=idgham_ghunnah>َن ي</tajweed>ُضْلِلِ <tajweed class=ham_wasl>ٱ</tajweed>للَّهُ فَمَا لَهُ<tajweed class=madda_normal>ۥ</tajweed> مِنْ ه<tajweed class=madda_permissible>َا</tajweed><tajweed class=qalaqah>د</tajweed>ٍ <span class=end>٣٣</span>","End":"٣٣","PageNumber":470,"JuzNumber":24,"ManzilNumber":6,"RukuNumber":407,"MaqraNumber":188,"HizbNumber":47,"HizbDecimal":0.75,"HasSajda":false},{"SurahNumber":40,"SurahIndex":"040","VerseNumber":34,"ShowSurahName":false,"ShowBismillah":false,"Text":"وَلَقَدۡ جَآءَكُمۡ يُوسُفُ مِن قَبۡلُ بِٱلۡبَيِّنَٰتِ فَمَا زِلۡتُمۡ فِي شَكّٖ مِّمَّا جَآءَكُم بِهِۦۖ حَتَّىٰٓ إِذَا هَلَكَ قُلۡتُمۡ لَن يَبۡعَثَ ٱللَّهُ مِنۢ بَعۡدِهِۦ رَسُولٗاۚ كَذَٰلِكَ يُضِلُّ ٱللَّهُ مَنۡ هُوَ مُسۡرِفٞ مُّرۡتَابٌ","TajweedText":"وَلَقَ<tajweed class=qalaqah>دْ</tajweed> ج<tajweed class=madda_obligatory>َا</tajweed>ٓءَكُمْ يُوسُفُ مِ<tajweed class=ikhafa>ن ق</tajweed>َ<tajweed class=qalaqah>بْ</tajweed>لُ بِ<tajweed class=ham_wasl>ٱ</tajweed>لْبَيِّنَ<tajweed class=madda_normal>ـٰ</tajweed>تِ فَمَا زِلْتُمْ فِى شَ<tajweed class=idgham_ghunnah>كٍّ م</tajweed>ِّ<tajweed class=ghunnah>مّ</tajweed>َا ج<tajweed class=madda_obligatory>َا</tajweed>ٓءَك<tajweed class=ikhafa_shafawi>ُم ب</tajweed>ِه<tajweed class=madda_normal>ِۦ</tajweed>ۖ حَتَّ<tajweed class=madda_obligatory>ىٰٓ</tajweed> إِذَا هَلَكَ قُلْتُمْ ل<tajweed class=idgham_ghunnah>َن ي</tajweed>َ<tajweed class=qalaqah>بْ</tajweed>عَثَ <tajweed class=ham_wasl>ٱ</tajweed>للَّهُ م<tajweed class=iqlab>ِنۢ ب</tajweed>َعْدِه<tajweed class=madda_normal>ِۦ</tajweed> رَسُوۚل<tajweed class=ikhafa>اً ك</tajweed>َذ<tajweed class=madda_normal>َٲ</tajweed>لِكَ يُضِلُّ <tajweed class=ham_wasl>ٱ</tajweed>للَّهُ مَنْ هُوَ مُسْرِ<tajweed class=idgham_ghunnah>فٌ م</tajweed>ُّرْت<tajweed class=madda_permissible>َا</tajweed><tajweed class=qalaqah>ب</tajweed>ٌ <span class=end>٣٤</span>","End":"٣٤","PageNumber":471,"JuzNumber":24,"ManzilNumber":6,"RukuNumber":407,"MaqraNumber":188,"HizbNumber":47,"HizbDecimal":0.75,"HasSajda":false},{"SurahNumber":40,"SurahIndex":"040","VerseNumber":35,"ShowSurahName":false,"ShowBismillah":false,"Text":"ٱلَّذِينَ يُجَٰدِلُونَ فِيٓ ءَايَٰتِ ٱللَّهِ بِغَيۡرِ سُلۡطَٰنٍ أَتَىٰهُمۡۖ كَبُرَ مَقۡتًا عِندَ ٱللَّهِ وَعِندَ ٱلَّذِينَ ءَامَنُواْۚ كَذَٰلِكَ يَطۡبَعُ ٱللَّهُ عَلَىٰ كُلِّ قَلۡبِ مُتَكَبِّرٖ جَبَّارٖ","TajweedText":"ٱلَّذِينَ يُجَ<tajweed class=madda_normal>ـٰ</tajweed>دِلُونَ ف<tajweed class=madda_obligatory>ِىٓ</tajweed> ءَايَ<tajweed class=madda_normal>ـٰ</tajweed>تِ <tajweed class=ham_wasl>ٱ</tajweed>للَّهِ بِغَيْرِ سُلْطَ<tajweed class=madda_normal>ـٰ</tajweed>نٍ أَتَ<tajweed class=madda_normal>ـٰ</tajweed>هُمْۖ كَبُرَ مَ<tajweed class=qalaqah>قْ</tajweed>تًا عِ<tajweed class=ikhafa>ند</tajweed>َ <tajweed class=ham_wasl>ٱ</tajweed>للَّهِ وَعِ<tajweed class=ikhafa>ند</tajweed>َ <tajweed class=ham_wasl>ٱ</tajweed>لَّذِينَ ءَامَنُو<tajweed class=slnt>اْۚ</tajweed> كَذ<tajweed class=madda_normal>َٲ</tajweed>لِكَ يَ<tajweed class=qalaqah>طْ</tajweed>بَعُ <tajweed class=ham_wasl>ٱ</tajweed>للَّهُ عَلَىٰ كُلِّ قَلْبِ مُتَكَبِّ<tajweed class=ikhafa>رٍ ج</tajweed>َبّ<tajweed class=madda_permissible>َا</tajweed>رٍ <span class=end>٣٥</span>","End":"٣٥","PageNumber":471,"JuzNumber":24,"ManzilNumber":6,"RukuNumber":407,"MaqraNumber":188,"HizbNumber":47,"HizbDecimal":0.75,"HasSajda":false},{"SurahNumber":40,"SurahIndex":"040","VerseNumber":36,"ShowSurahName":false,"ShowBismillah":false,"Text":"وَقَالَ فِرۡعَوۡنُ يَٰهَٰمَٰنُ ٱبۡنِ لِي صَرۡحٗا لَّعَلِّيٓ أَبۡلُغُ ٱلۡأَسۡبَٰبَ","TajweedText":"وَقَالَ فِرْعَوْنُ يَ<tajweed class=madda_normal>ـٰ</tajweed>هَ<tajweed class=madda_normal>ـٰ</tajweed>مَ<tajweed class=madda_normal>ـٰ</tajweed>نُ <tajweed class=ham_wasl>ٱ</tajweed><tajweed class=qalaqah>بْ</tajweed>نِ لِى صَرْ<tajweed class=idgham_wo_ghunnah>حًا ل</tajweed>َّعَلّ<tajweed class=madda_obligatory>ِىٓ</tajweed> أَ<tajweed class=qalaqah>بْ</tajweed>لُغُ <tajweed class=ham_wasl>ٱ</tajweed>لْأَسْبَ<tajweed class=madda_permissible>ـٰ</tajweed><tajweed class=qalaqah>ب</tajweed>َ <span class=end>٣٦</span>","End":"٣٦","PageNumber":471,"JuzNumber":24,"ManzilNumber":6,"RukuNumber":407,"MaqraNumber":188,"HizbNumber":47,"HizbDecimal":0.75,"HasSajda":false},{"SurahNumber":40,"SurahIndex":"040","VerseNumber":37,"ShowSurahName":false,"ShowBismillah":false,"Text":"أَسۡبَٰبَ ٱلسَّمَٰوَٰتِ فَأَطَّلِعَ إِلَىٰٓ إِلَٰهِ مُوسَىٰ وَإِنِّي لَأَظُنُّهُۥ كَٰذِبٗاۚ وَكَذَٰلِكَ زُيِّنَ لِفِرۡعَوۡنَ سُوٓءُ عَمَلِهِۦ وَصُدَّ عَنِ ٱلسَّبِيلِۚ وَمَا كَيۡدُ فِرۡعَوۡنَ إِلَّا فِي تَبَابٖ","TajweedText":"أَسْبَ<tajweed class=madda_normal>ـٰ</tajweed>بَ <tajweed class=ham_wasl>ٱ</tajweed><tajweed class=laam_shamsiyah>ل</tajweed>سَّمَ<tajweed class=madda_normal>ـٰ</tajweed>و<tajweed class=madda_normal>َٲ</tajweed>تِ فَأَطَّلِعَ إِلَ<tajweed class=madda_obligatory>ىٰٓ</tajweed> إِلَ<tajweed class=madda_normal>ـٰ</tajweed>هِ مُوسَىٰ وَإِ<tajweed class=ghunnah>نّ</tajweed>ِى لَأَظُ<tajweed class=ghunnah>نّ</tajweed>ُهُ<tajweed class=madda_normal>ۥ</tajweed> كَ<tajweed class=madda_normal>ـٰ</tajweed>ذِ<tajweed class=idgham_ghunnah>بًاۚ و</tajweed>َكَذ<tajweed class=madda_normal>َٲ</tajweed>لِكَ زُيِّنَ لِفِرْعَوْنَ س<tajweed class=madda_obligatory>ُو</tajweed>ٓءُ عَمَلِه<tajweed class=madda_normal>ِۦ</tajweed> وَصُدَّ عَنِ <tajweed class=ham_wasl>ٱ</tajweed><tajweed class=laam_shamsiyah>ل</tajweed>سَّبِيلِۚ وَمَا كَيْدُ فِرْعَوْنَ إِلَّا فِى تَب<tajweed class=madda_permissible>َا</tajweed><tajweed class=qalaqah>ب</tajweed>ٍ <span class=end>٣٧</span>","End":"٣٧","PageNumber":471,"JuzNumber":24,"ManzilNumber":6,"RukuNumber":407,"MaqraNumber":188,"HizbNumber":47,"HizbDecimal":0.75,"HasSajda":false}]}