{"RukuNumber":339,"Verses":[{"SurahNumber":28,"SurahIndex":"028","VerseNumber":51,"ShowSurahName":false,"ShowBismillah":false,"Text":"۞وَلَقَدۡ وَصَّلۡنَا لَهُمُ ٱلۡقَوۡلَ لَعَلَّهُمۡ يَتَذَكَّرُونَ","TajweedText":"۞ وَلَقَ<tajweed class=qalaqah>دْ</tajweed> وَصَّلْنَا لَهُمُ <tajweed class=ham_wasl>ٱ</tajweed>لْقَوْلَ لَعَلَّهُمْ يَتَذَكَّر<tajweed class=madda_permissible>ُو</tajweed>نَ <span class=end>٥١</span>","End":"٥١","PageNumber":392,"JuzNumber":20,"ManzilNumber":5,"RukuNumber":339,"MaqraNumber":157,"HizbNumber":40,"HizbDecimal":0.0,"HasSajda":false},{"SurahNumber":28,"SurahIndex":"028","VerseNumber":52,"ShowSurahName":false,"ShowBismillah":false,"Text":"ٱلَّذِينَ ءَاتَيۡنَٰهُمُ ٱلۡكِتَٰبَ مِن قَبۡلِهِۦ هُم بِهِۦ يُؤۡمِنُونَ","TajweedText":"ٱلَّذِينَ ءَاتَيْنَ<tajweed class=madda_normal>ـٰ</tajweed>هُمُ <tajweed class=ham_wasl>ٱ</tajweed>لْكِتَ<tajweed class=madda_normal>ـٰ</tajweed>بَ مِ<tajweed class=ikhafa>ن ق</tajweed>َ<tajweed class=qalaqah>بْ</tajweed>لِه<tajweed class=madda_normal>ِۦ</tajweed> ه<tajweed class=ikhafa_shafawi>ُم ب</tajweed>ِه<tajweed class=madda_normal>ِۦ</tajweed> يُؤْمِن<tajweed class=madda_permissible>ُو</tajweed>نَ <span class=end>٥٢</span>","End":"٥٢","PageNumber":392,"JuzNumber":20,"ManzilNumber":5,"RukuNumber":339,"MaqraNumber":157,"HizbNumber":40,"HizbDecimal":0.0,"HasSajda":false},{"SurahNumber":28,"SurahIndex":"028","VerseNumber":53,"ShowSurahName":false,"ShowBismillah":false,"Text":"وَإِذَا يُتۡلَىٰ عَلَيۡهِمۡ قَالُوٓاْ ءَامَنَّا بِهِۦٓ إِنَّهُ ٱلۡحَقُّ مِن رَّبِّنَآ إِنَّا كُنَّا مِن قَبۡلِهِۦ مُسۡلِمِينَ","TajweedText":"وَإِذَا يُتْلَىٰ عَلَيْهِمْ قَال<tajweed class=madda_obligatory>ُوٓ</tajweed><tajweed class=slnt>اْ</tajweed> ءَامَ<tajweed class=ghunnah>نّ</tajweed>َا بِه<tajweed class=madda_obligatory>ِۦٓ</tajweed> إِ<tajweed class=ghunnah>نّ</tajweed>َهُ <tajweed class=ham_wasl>ٱ</tajweed>لْحَقُّ م<tajweed class=idgham_wo_ghunnah>ِن ر</tajweed>َّبِّن<tajweed class=madda_obligatory>َآ</tajweed> إِ<tajweed class=ghunnah>نّ</tajweed>َا كُ<tajweed class=ghunnah>نّ</tajweed>َا مِ<tajweed class=ikhafa>ن ق</tajweed>َ<tajweed class=qalaqah>بْ</tajweed>لِه<tajweed class=madda_normal>ِۦ</tajweed> مُسْلِم<tajweed class=madda_permissible>ِي</tajweed>نَ <span class=end>٥٣</span>","End":"٥٣","PageNumber":392,"JuzNumber":20,"ManzilNumber":5,"RukuNumber":339,"MaqraNumber":157,"HizbNumber":40,"HizbDecimal":0.0,"HasSajda":false},{"SurahNumber":28,"SurahIndex":"028","VerseNumber":54,"ShowSurahName":false,"ShowBismillah":false,"Text":"أُوْلَـٰٓئِكَ يُؤۡتَوۡنَ أَجۡرَهُم مَّرَّتَيۡنِ بِمَا صَبَرُواْ وَيَدۡرَءُونَ بِٱلۡحَسَنَةِ ٱلسَّيِّئَةَ وَمِمَّا رَزَقۡنَٰهُمۡ يُنفِقُونَ","TajweedText":"أُ<tajweed class=slnt>وْ</tajweed>لَ<tajweed class=madda_obligatory>ـٰٓ</tajweed>ئِكَ يُؤْتَوْنَ أَ<tajweed class=qalaqah>جْ</tajweed>رَه<tajweed class=idgham_shafawi>ُم م</tajweed>َّرَّتَيْنِ بِمَا صَبَرُو<tajweed class=slnt>اْ</tajweed> وَيَ<tajweed class=qalaqah>دْ</tajweed>رَءُونَ بِ<tajweed class=ham_wasl>ٱ</tajweed>لْحَسَنَةِ <tajweed class=ham_wasl>ٱ</tajweed><tajweed class=laam_shamsiyah>ل</tajweed>سَّيِّئَةَ وَمِ<tajweed class=ghunnah>مّ</tajweed>َا رَزَ<tajweed class=qalaqah>قْ</tajweed>نَ<tajweed class=madda_normal>ـٰ</tajweed>هُمْ يُ<tajweed class=ikhafa>نف</tajweed>ِق<tajweed class=madda_permissible>ُو</tajweed>نَ <span class=end>٥٤</span>","End":"٥٤","PageNumber":392,"JuzNumber":20,"ManzilNumber":5,"RukuNumber":339,"MaqraNumber":157,"HizbNumber":40,"HizbDecimal":0.0,"HasSajda":false},{"SurahNumber":28,"SurahIndex":"028","VerseNumber":55,"ShowSurahName":false,"ShowBismillah":false,"Text":"وَإِذَا سَمِعُواْ ٱللَّغۡوَ أَعۡرَضُواْ عَنۡهُ وَقَالُواْ لَنَآ أَعۡمَٰلُنَا وَلَكُمۡ أَعۡمَٰلُكُمۡ سَلَٰمٌ عَلَيۡكُمۡ لَا نَبۡتَغِي ٱلۡجَٰهِلِينَ","TajweedText":"وَإِذَا سَمِعُو<tajweed class=slnt>اْ</tajweed> <tajweed class=ham_wasl>ٱ</tajweed><tajweed class=laam_shamsiyah>ل</tajweed>لَّغْوَ أَعْرَضُو<tajweed class=slnt>اْ</tajweed> عَنْهُ وَقَالُو<tajweed class=slnt>اْ</tajweed> لَن<tajweed class=madda_obligatory>َآ</tajweed> أَعْمَ<tajweed class=madda_normal>ـٰ</tajweed>لُنَا وَلَكُمْ أَعْمَ<tajweed class=madda_normal>ـٰ</tajweed>لُكُمْ سَلَ<tajweed class=madda_normal>ـٰ</tajweed>مٌ عَلَيْكُمْ لَا نَ<tajweed class=qalaqah>بْ</tajweed>تَغِى <tajweed class=ham_wasl>ٱ</tajweed>لْجَ<tajweed class=madda_normal>ـٰ</tajweed>هِل<tajweed class=madda_permissible>ِي</tajweed>نَ <span class=end>٥٥</span>","End":"٥٥","PageNumber":392,"JuzNumber":20,"ManzilNumber":5,"RukuNumber":339,"MaqraNumber":157,"HizbNumber":40,"HizbDecimal":0.0,"HasSajda":false},{"SurahNumber":28,"SurahIndex":"028","VerseNumber":56,"ShowSurahName":false,"ShowBismillah":false,"Text":"إِنَّكَ لَا تَهۡدِي مَنۡ أَحۡبَبۡتَ وَلَٰكِنَّ ٱللَّهَ يَهۡدِي مَن يَشَآءُۚ وَهُوَ أَعۡلَمُ بِٱلۡمُهۡتَدِينَ","TajweedText":"إِ<tajweed class=ghunnah>نّ</tajweed>َكَ لَا تَهْدِى مَنْ أَحْبَ<tajweed class=qalaqah>بْ</tajweed>تَ وَلَ<tajweed class=madda_normal>ـٰ</tajweed>كِ<tajweed class=ghunnah>نّ</tajweed>َ <tajweed class=ham_wasl>ٱ</tajweed>للَّهَ يَهْدِى م<tajweed class=idgham_ghunnah>َن ي</tajweed>َش<tajweed class=madda_obligatory>َا</tajweed>ٓءُ‌ۚ وَهُوَ أَعْلَمُ بِ<tajweed class=ham_wasl>ٱ</tajweed>لْمُهْتَد<tajweed class=madda_permissible>ِي</tajweed>نَ <span class=end>٥٦</span>","End":"٥٦","PageNumber":392,"JuzNumber":20,"ManzilNumber":5,"RukuNumber":339,"MaqraNumber":157,"HizbNumber":40,"HizbDecimal":0.0,"HasSajda":false},{"SurahNumber":28,"SurahIndex":"028","VerseNumber":57,"ShowSurahName":false,"ShowBismillah":false,"Text":"وَقَالُوٓاْ إِن نَّتَّبِعِ ٱلۡهُدَىٰ مَعَكَ نُتَخَطَّفۡ مِنۡ أَرۡضِنَآۚ أَوَلَمۡ نُمَكِّن لَّهُمۡ حَرَمًا ءَامِنٗا يُجۡبَىٰٓ إِلَيۡهِ ثَمَرَٰتُ كُلِّ شَيۡءٖ رِّزۡقٗا مِّن لَّدُنَّا وَلَٰكِنَّ أَكۡثَرَهُمۡ لَا يَعۡلَمُونَ","TajweedText":"وَقَال<tajweed class=madda_obligatory>ُوٓ</tajweed><tajweed class=slnt>اْ</tajweed> إ<tajweed class=idgham_ghunnah>ِن ن</tajweed>َّتَّبِعِ <tajweed class=ham_wasl>ٱ</tajweed>لْهُدَىٰ مَعَكَ نُتَخَطَّفْ مِنْ أَرْضِن<tajweed class=madda_obligatory>َآ‌ۚ</tajweed> أَوَلَمْ نُمَكّ<tajweed class=idgham_wo_ghunnah>ِن ل</tajweed>َّهُمْ حَرَمًا ءَامِ<tajweed class=idgham_ghunnah>نًا ي</tajweed>ُ<tajweed class=qalaqah>جْ</tajweed>بَ<tajweed class=madda_obligatory>ىٰٓ</tajweed> إِلَيْهِ ثَمَر<tajweed class=madda_normal>َٲ</tajweed>تُ كُلِّ ش<tajweed class=idgham_wo_ghunnah>َىْءٍ ر</tajweed>ِّزْ<tajweed class=idgham_ghunnah>قًا م</tajweed>ّ<tajweed class=idgham_wo_ghunnah>ِن ل</tajweed>َّدُ<tajweed class=ghunnah>نّ</tajweed>َا وَلَ<tajweed class=madda_normal>ـٰ</tajweed>كِ<tajweed class=ghunnah>نّ</tajweed>َ أَكْثَرَهُمْ لَا يَعْلَم<tajweed class=madda_permissible>ُو</tajweed>نَ <span class=end>٥٧</span>","End":"٥٧","PageNumber":392,"JuzNumber":20,"ManzilNumber":5,"RukuNumber":339,"MaqraNumber":157,"HizbNumber":40,"HizbDecimal":0.0,"HasSajda":false},{"SurahNumber":28,"SurahIndex":"028","VerseNumber":58,"ShowSurahName":false,"ShowBismillah":false,"Text":"وَكَمۡ أَهۡلَكۡنَا مِن قَرۡيَةِۭ بَطِرَتۡ مَعِيشَتَهَاۖ فَتِلۡكَ مَسَٰكِنُهُمۡ لَمۡ تُسۡكَن مِّنۢ بَعۡدِهِمۡ إِلَّا قَلِيلٗاۖ وَكُنَّا نَحۡنُ ٱلۡوَٰرِثِينَ","TajweedText":"وَكَمْ أَهْلَكْنَا مِ<tajweed class=ikhafa>ن ق</tajweed>َرْيَ<tajweed class=iqlab>ةِۭ ب</tajweed>َطِرَتْ مَعِيشَتَهَا‌ۖ فَتِلْكَ مَسَ<tajweed class=madda_normal>ـٰ</tajweed>كِنُهُمْ لَمْ تُسْك<tajweed class=idgham_ghunnah>َن م</tajweed>ّ<tajweed class=iqlab>ِنۢ ب</tajweed>َعْدِهِمْ إِلَّا قَلِيل<tajweed class=idgham_ghunnah>اً‌ۖ و</tajweed>َكُ<tajweed class=ghunnah>نّ</tajweed>َا نَحْنُ <tajweed class=ham_wasl>ٱ</tajweed>لْو<tajweed class=madda_normal>َٲ</tajweed>رِث<tajweed class=madda_permissible>ِي</tajweed>نَ <span class=end>٥٨</span>","End":"٥٨","PageNumber":392,"JuzNumber":20,"ManzilNumber":5,"RukuNumber":339,"MaqraNumber":157,"HizbNumber":40,"HizbDecimal":0.0,"HasSajda":false},{"SurahNumber":28,"SurahIndex":"028","VerseNumber":59,"ShowSurahName":false,"ShowBismillah":false,"Text":"وَمَا كَانَ رَبُّكَ مُهۡلِكَ ٱلۡقُرَىٰ حَتَّىٰ يَبۡعَثَ فِيٓ أُمِّهَا رَسُولٗا يَتۡلُواْ عَلَيۡهِمۡ ءَايَٰتِنَاۚ وَمَا كُنَّا مُهۡلِكِي ٱلۡقُرَىٰٓ إِلَّا وَأَهۡلُهَا ظَٰلِمُونَ","TajweedText":"وَمَا كَانَ رَبُّكَ مُهْلِكَ <tajweed class=ham_wasl>ٱ</tajweed>لْقُرَىٰ حَتَّىٰ يَ<tajweed class=qalaqah>بْ</tajweed>عَثَ ف<tajweed class=madda_obligatory>ِىٓ</tajweed> أُ<tajweed class=ghunnah>مّ</tajweed>ِهَا رَسُول<tajweed class=idgham_ghunnah>اً ي</tajweed>َتْلُو<tajweed class=slnt>اْ</tajweed> عَلَيْهِمْ ءَايَ<tajweed class=madda_normal>ـٰ</tajweed>تِنَا‌ۚ وَمَا كُ<tajweed class=ghunnah>نّ</tajweed>َا مُهْلِكِى <tajweed class=ham_wasl>ٱ</tajweed>لْقُرَ<tajweed class=madda_obligatory>ىٰٓ</tajweed> إِلَّا وَأَهْلُهَا ظَ<tajweed class=madda_normal>ـٰ</tajweed>لِم<tajweed class=madda_permissible>ُو</tajweed>نَ <span class=end>٥٩</span>","End":"٥٩","PageNumber":392,"JuzNumber":20,"ManzilNumber":5,"RukuNumber":339,"MaqraNumber":157,"HizbNumber":40,"HizbDecimal":0.0,"HasSajda":false},{"SurahNumber":28,"SurahIndex":"028","VerseNumber":60,"ShowSurahName":false,"ShowBismillah":false,"Text":"وَمَآ أُوتِيتُم مِّن شَيۡءٖ فَمَتَٰعُ ٱلۡحَيَوٰةِ ٱلدُّنۡيَا وَزِينَتُهَاۚ وَمَا عِندَ ٱللَّهِ خَيۡرٞ وَأَبۡقَىٰٓۚ أَفَلَا تَعۡقِلُونَ","TajweedText":"وَم<tajweed class=madda_obligatory>َآ</tajweed> أُوتِيت<tajweed class=idgham_shafawi>ُم م</tajweed>ِّ<tajweed class=ikhafa>ن ش</tajweed><tajweed class=ikhafa>َىْءٍ ف</tajweed>َمَتَ<tajweed class=madda_normal>ـٰ</tajweed>عُ <tajweed class=ham_wasl>ٱ</tajweed>لْحَيَ<tajweed class=slnt>و</tajweed><tajweed class=madda_normal>ٲ</tajweed>ةِ <tajweed class=ham_wasl>ٱ</tajweed><tajweed class=laam_shamsiyah>ل</tajweed>دُّنْيَا وَزِينَتُهَا‌ۚ وَمَا عِ<tajweed class=ikhafa>ند</tajweed>َ <tajweed class=ham_wasl>ٱ</tajweed>للَّهِ خَيْ<tajweed class=idgham_ghunnah>رٌ و</tajweed>َأَ<tajweed class=qalaqah>بْ</tajweed>قَ<tajweed class=madda_obligatory>ىٰٓ‌ۚ</tajweed> أَفَلَا تَعْقِل<tajweed class=madda_permissible>ُو</tajweed>نَ <span class=end>٦٠</span>","End":"٦٠","PageNumber":393,"JuzNumber":20,"ManzilNumber":5,"RukuNumber":339,"MaqraNumber":157,"HizbNumber":40,"HizbDecimal":0.0,"HasSajda":false}]}