{"RukuNumber":157,"Verses":[{"SurahNumber":9,"SurahIndex":"009","VerseNumber":7,"ShowSurahName":false,"ShowBismillah":false,"Text":"كَيۡفَ يَكُونُ لِلۡمُشۡرِكِينَ عَهۡدٌ عِندَ ٱللَّهِ وَعِندَ رَسُولِهِۦٓ إِلَّا ٱلَّذِينَ عَٰهَدتُّمۡ عِندَ ٱلۡمَسۡجِدِ ٱلۡحَرَامِۖ فَمَا ٱسۡتَقَٰمُواْ لَكُمۡ فَٱسۡتَقِيمُواْ لَهُمۡۚ إِنَّ ٱللَّهَ يُحِبُّ ٱلۡمُتَّقِينَ","TajweedText":"كَيْفَ يَكُونُ لِلْمُشْرِكِينَ عَهْدٌ عِ<tajweed class=ikhafa>ند</tajweed>َ <tajweed class=ham_wasl>ٱ</tajweed>للَّهِ وَعِ<tajweed class=ikhafa>ند</tajweed>َ رَسُولِه<tajweed class=madda_obligatory>ِۦٓ</tajweed> إِلَّا <tajweed class=ham_wasl>ٱ</tajweed>لَّذِينَ عَ<tajweed class=madda_normal>ـٰ</tajweed>هَ<tajweed class=idgham_mutajanisayn>د</tajweed>تُّمْ عِ<tajweed class=ikhafa>ند</tajweed>َ <tajweed class=ham_wasl>ٱ</tajweed>لْمَسْجِدِ <tajweed class=ham_wasl>ٱ</tajweed>لْحَرَامِ‌ۖ فَمَا <tajweed class=ham_wasl>ٱ</tajweed>سْتَقَ<tajweed class=madda_normal>ـٰ</tajweed>مُو<tajweed class=slnt>اْ</tajweed> لَكُمْ فَ<tajweed class=ham_wasl>ٱ</tajweed>سْتَقِيمُو<tajweed class=slnt>اْ</tajweed> لَهُمْ‌ۚ إِ<tajweed class=ghunnah>نّ</tajweed>َ <tajweed class=ham_wasl>ٱ</tajweed>للَّهَ يُحِبُّ <tajweed class=ham_wasl>ٱ</tajweed>لْمُتَّق<tajweed class=madda_permissible>ِي</tajweed>نَ <span class=end>٧</span>","End":"٧","PageNumber":188,"JuzNumber":10,"ManzilNumber":2,"RukuNumber":157,"MaqraNumber":75,"HizbNumber":19,"HizbDecimal":0.5,"HasSajda":false},{"SurahNumber":9,"SurahIndex":"009","VerseNumber":8,"ShowSurahName":false,"ShowBismillah":false,"Text":"كَيۡفَ وَإِن يَظۡهَرُواْ عَلَيۡكُمۡ لَا يَرۡقُبُواْ فِيكُمۡ إِلّٗا وَلَا ذِمَّةٗۚ يُرۡضُونَكُم بِأَفۡوَٰهِهِمۡ وَتَأۡبَىٰ قُلُوبُهُمۡ وَأَكۡثَرُهُمۡ فَٰسِقُونَ","TajweedText":"كَيْفَ وَإ<tajweed class=idgham_ghunnah>ِن ي</tajweed>َظْهَرُو<tajweed class=slnt>اْ</tajweed> عَلَيْكُمْ لَا يَرْقُبُو<tajweed class=slnt>اْ</tajweed> فِيكُمْ إِل<tajweed class=idgham_ghunnah>اًّ و</tajweed>َلَا ذِ<tajweed class=ghunnah>مّ</tajweed>َ<tajweed class=idgham_ghunnah>ةً‌ۚ ي</tajweed>ُرْضُونَك<tajweed class=ikhafa_shafawi>ُم ب</tajweed>ِأَفْو<tajweed class=madda_normal>َٲ</tajweed>هِهِمْ وَتَأْبَىٰ قُلُوبُهُمْ وَأَكْثَرُهُمْ فَ<tajweed class=madda_normal>ـٰ</tajweed>سِق<tajweed class=madda_permissible>ُو</tajweed>نَ <span class=end>٨</span>","End":"٨","PageNumber":188,"JuzNumber":10,"ManzilNumber":2,"RukuNumber":157,"MaqraNumber":75,"HizbNumber":19,"HizbDecimal":0.5,"HasSajda":false},{"SurahNumber":9,"SurahIndex":"009","VerseNumber":9,"ShowSurahName":false,"ShowBismillah":false,"Text":"ٱشۡتَرَوۡاْ بِـَٔايَٰتِ ٱللَّهِ ثَمَنٗا قَلِيلٗا فَصَدُّواْ عَن سَبِيلِهِۦٓۚ إِنَّهُمۡ سَآءَ مَا كَانُواْ يَعۡمَلُونَ","TajweedText":"ٱشْتَرَوْ<tajweed class=slnt>اْ</tajweed> بِـَٔـايَ<tajweed class=madda_normal>ـٰ</tajweed>تِ <tajweed class=ham_wasl>ٱ</tajweed>للَّهِ ثَمَ<tajweed class=ikhafa>نًا ق</tajweed>َلِيل<tajweed class=ikhafa>اً ف</tajweed>َصَدُّو<tajweed class=slnt>اْ</tajweed> عَ<tajweed class=ikhafa>ن س</tajweed>َبِيلِه<tajweed class=madda_obligatory>ِۦٓ‌ۚ</tajweed> إِ<tajweed class=ghunnah>نّ</tajweed>َهُمْ س<tajweed class=madda_obligatory>َا</tajweed>ٓءَ مَا كَانُو<tajweed class=slnt>اْ</tajweed> يَعْمَل<tajweed class=madda_permissible>ُو</tajweed>نَ <span class=end>٩</span>","End":"٩","PageNumber":188,"JuzNumber":10,"ManzilNumber":2,"RukuNumber":157,"MaqraNumber":75,"HizbNumber":19,"HizbDecimal":0.5,"HasSajda":false},{"SurahNumber":9,"SurahIndex":"009","VerseNumber":10,"ShowSurahName":false,"ShowBismillah":false,"Text":"لَا يَرۡقُبُونَ فِي مُؤۡمِنٍ إِلّٗا وَلَا ذِمَّةٗۚ وَأُوْلَـٰٓئِكَ هُمُ ٱلۡمُعۡتَدُونَ","TajweedText":"لَا يَرْقُبُونَ فِى مُؤْمِنٍ إِل<tajweed class=idgham_ghunnah>اًّ و</tajweed>َلَا ذِ<tajweed class=ghunnah>مّ</tajweed>َ<tajweed class=idgham_ghunnah>ةً‌ۚ و</tajweed>َأُ<tajweed class=slnt>وْ</tajweed>لَ<tajweed class=madda_obligatory>ـٰٓ</tajweed>ئِكَ هُمُ <tajweed class=ham_wasl>ٱ</tajweed>لْمُعْتَد<tajweed class=madda_permissible>ُو</tajweed>نَ <span class=end>١٠</span>","End":"١٠","PageNumber":188,"JuzNumber":10,"ManzilNumber":2,"RukuNumber":157,"MaqraNumber":75,"HizbNumber":19,"HizbDecimal":0.5,"HasSajda":false},{"SurahNumber":9,"SurahIndex":"009","VerseNumber":11,"ShowSurahName":false,"ShowBismillah":false,"Text":"فَإِن تَابُواْ وَأَقَامُواْ ٱلصَّلَوٰةَ وَءَاتَوُاْ ٱلزَّكَوٰةَ فَإِخۡوَٰنُكُمۡ فِي ٱلدِّينِۗ وَنُفَصِّلُ ٱلۡأٓيَٰتِ لِقَوۡمٖ يَعۡلَمُونَ","TajweedText":"فَإِ<tajweed class=ikhafa>ن ت</tajweed>َابُو<tajweed class=slnt>اْ</tajweed> وَأَقَامُو<tajweed class=slnt>اْ</tajweed> <tajweed class=ham_wasl>ٱ</tajweed><tajweed class=laam_shamsiyah>ل</tajweed>صَّلَ<tajweed class=slnt>و</tajweed><tajweed class=madda_normal>ٲ</tajweed>ةَ وَءَاتَوُ<tajweed class=slnt>اْ</tajweed> <tajweed class=ham_wasl>ٱ</tajweed><tajweed class=laam_shamsiyah>ل</tajweed>زَّكَ<tajweed class=slnt>و</tajweed><tajweed class=madda_normal>ٲ</tajweed>ةَ فَإِخْو<tajweed class=madda_normal>َٲ</tajweed>نُكُمْ فِى <tajweed class=ham_wasl>ٱ</tajweed><tajweed class=laam_shamsiyah>ل</tajweed>دِّينِ‌ۗ وَنُفَصِّلُ <tajweed class=ham_wasl>ٱ</tajweed>لْأَيَ<tajweed class=madda_normal>ـٰ</tajweed>تِ لِقَوْ<tajweed class=idgham_ghunnah>مٍ ي</tajweed>َعْلَم<tajweed class=madda_permissible>ُو</tajweed>نَ <span class=end>١١</span>","End":"١١","PageNumber":188,"JuzNumber":10,"ManzilNumber":2,"RukuNumber":157,"MaqraNumber":75,"HizbNumber":19,"HizbDecimal":0.5,"HasSajda":false},{"SurahNumber":9,"SurahIndex":"009","VerseNumber":12,"ShowSurahName":false,"ShowBismillah":false,"Text":"وَإِن نَّكَثُوٓاْ أَيۡمَٰنَهُم مِّنۢ بَعۡدِ عَهۡدِهِمۡ وَطَعَنُواْ فِي دِينِكُمۡ فَقَٰتِلُوٓاْ أَئِمَّةَ ٱلۡكُفۡرِ إِنَّهُمۡ لَآ أَيۡمَٰنَ لَهُمۡ لَعَلَّهُمۡ يَنتَهُونَ","TajweedText":"وَإ<tajweed class=idgham_ghunnah>ِن ن</tajweed>َّكَث<tajweed class=madda_obligatory>ُوٓ</tajweed><tajweed class=slnt>اْ</tajweed> أَيْمَ<tajweed class=madda_normal>ـٰ</tajweed>نَه<tajweed class=idgham_shafawi>ُم م</tajweed>ّ<tajweed class=iqlab>ِنۢ ب</tajweed>َعْدِ عَهْدِهِمْ وَطَعَنُو<tajweed class=slnt>اْ</tajweed> فِى دِينِكُمْ فَقَ<tajweed class=madda_normal>ـٰ</tajweed>تِل<tajweed class=madda_obligatory>ُوٓ</tajweed><tajweed class=slnt>اْ</tajweed> أَئِ<tajweed class=ghunnah>مّ</tajweed>َةَ <tajweed class=ham_wasl>ٱ</tajweed>لْكُفْرِ‌ۙ إِ<tajweed class=ghunnah>نّ</tajweed>َهُمْ ل<tajweed class=madda_obligatory>َآ</tajweed> أَيْمَ<tajweed class=madda_normal>ـٰ</tajweed>نَ لَهُمْ لَعَلَّهُمْ يَ<tajweed class=ikhafa>نت</tajweed>َه<tajweed class=madda_permissible>ُو</tajweed>نَ <span class=end>١٢</span>","End":"١٢","PageNumber":188,"JuzNumber":10,"ManzilNumber":2,"RukuNumber":157,"MaqraNumber":75,"HizbNumber":19,"HizbDecimal":0.5,"HasSajda":false},{"SurahNumber":9,"SurahIndex":"009","VerseNumber":13,"ShowSurahName":false,"ShowBismillah":false,"Text":"أَلَا تُقَٰتِلُونَ قَوۡمٗا نَّكَثُوٓاْ أَيۡمَٰنَهُمۡ وَهَمُّواْ بِإِخۡرَاجِ ٱلرَّسُولِ وَهُم بَدَءُوكُمۡ أَوَّلَ مَرَّةٍۚ أَتَخۡشَوۡنَهُمۡۚ فَٱللَّهُ أَحَقُّ أَن تَخۡشَوۡهُ إِن كُنتُم مُّؤۡمِنِينَ","TajweedText":"أَلَا تُقَ<tajweed class=madda_normal>ـٰ</tajweed>تِلُونَ قَوْ<tajweed class=idgham_ghunnah>مًا ن</tajweed>َّكَث<tajweed class=madda_obligatory>ُوٓ</tajweed><tajweed class=slnt>اْ</tajweed> أَيْمَ<tajweed class=madda_normal>ـٰ</tajweed>نَهُمْ وَهَ<tajweed class=ghunnah>مّ</tajweed>ُو<tajweed class=slnt>اْ</tajweed> بِإِخْرَاجِ <tajweed class=ham_wasl>ٱ</tajweed><tajweed class=laam_shamsiyah>ل</tajweed>رَّسُولِ وَه<tajweed class=ikhafa_shafawi>ُم ب</tajweed>َدَءُوكُمْ أَوَّلَ مَرَّةٍ‌ۚ أَتَخْشَوْنَهُمْ‌ۚ فَ<tajweed class=ham_wasl>ٱ</tajweed>للَّهُ أَحَقُّ أَ<tajweed class=ikhafa>ن ت</tajweed>َخْشَوْهُ إِ<tajweed class=ikhafa>ن ك</tajweed>ُ<tajweed class=ikhafa>نت</tajweed><tajweed class=idgham_shafawi>ُم م</tajweed>ُّؤْمِن<tajweed class=madda_permissible>ِي</tajweed>نَ <span class=end>١٣</span>","End":"١٣","PageNumber":188,"JuzNumber":10,"ManzilNumber":2,"RukuNumber":157,"MaqraNumber":75,"HizbNumber":19,"HizbDecimal":0.5,"HasSajda":false},{"SurahNumber":9,"SurahIndex":"009","VerseNumber":14,"ShowSurahName":false,"ShowBismillah":false,"Text":"قَٰتِلُوهُمۡ يُعَذِّبۡهُمُ ٱللَّهُ بِأَيۡدِيكُمۡ وَيُخۡزِهِمۡ وَيَنصُرۡكُمۡ عَلَيۡهِمۡ وَيَشۡفِ صُدُورَ قَوۡمٖ مُّؤۡمِنِينَ","TajweedText":"قَ<tajweed class=madda_normal>ـٰ</tajweed>تِلُوهُمْ يُعَذِّ<tajweed class=qalaqah>بْ</tajweed>هُمُ <tajweed class=ham_wasl>ٱ</tajweed>للَّهُ بِأَيْدِيكُمْ وَيُخْزِهِمْ وَيَ<tajweed class=ikhafa>نص</tajweed>ُرْكُمْ عَلَيْهِمْ وَيَشْفِ صُدُورَ قَوْ<tajweed class=idgham_ghunnah>مٍ م</tajweed>ُّؤْمِن<tajweed class=madda_permissible>ِي</tajweed>نَ <span class=end>١٤</span>","End":"١٤","PageNumber":189,"JuzNumber":10,"ManzilNumber":2,"RukuNumber":157,"MaqraNumber":75,"HizbNumber":19,"HizbDecimal":0.5,"HasSajda":false},{"SurahNumber":9,"SurahIndex":"009","VerseNumber":15,"ShowSurahName":false,"ShowBismillah":false,"Text":"وَيُذۡهِبۡ غَيۡظَ قُلُوبِهِمۡۗ وَيَتُوبُ ٱللَّهُ عَلَىٰ مَن يَشَآءُۗ وَٱللَّهُ عَلِيمٌ حَكِيمٌ","TajweedText":"وَيُذْهِ<tajweed class=qalaqah>بْ</tajweed> غَيْظَ قُلُوبِهِمْ‌ۗ وَيَتُوبُ <tajweed class=ham_wasl>ٱ</tajweed>للَّهُ عَلَىٰ م<tajweed class=idgham_ghunnah>َن ي</tajweed>َش<tajweed class=madda_obligatory>َا</tajweed>ٓءُ‌ۗ وَ<tajweed class=ham_wasl>ٱ</tajweed>للَّهُ عَلِيمٌ حَك<tajweed class=madda_permissible>ِي</tajweed>مٌ <span class=end>١٥</span>","End":"١٥","PageNumber":189,"JuzNumber":10,"ManzilNumber":2,"RukuNumber":157,"MaqraNumber":75,"HizbNumber":19,"HizbDecimal":0.5,"HasSajda":false},{"SurahNumber":9,"SurahIndex":"009","VerseNumber":16,"ShowSurahName":false,"ShowBismillah":false,"Text":"أَمۡ حَسِبۡتُمۡ أَن تُتۡرَكُواْ وَلَمَّا يَعۡلَمِ ٱللَّهُ ٱلَّذِينَ جَٰهَدُواْ مِنكُمۡ وَلَمۡ يَتَّخِذُواْ مِن دُونِ ٱللَّهِ وَلَا رَسُولِهِۦ وَلَا ٱلۡمُؤۡمِنِينَ وَلِيجَةٗۚ وَٱللَّهُ خَبِيرُۢ بِمَا تَعۡمَلُونَ","TajweedText":"أَمْ حَسِ<tajweed class=qalaqah>بْ</tajweed>تُمْ أَ<tajweed class=ikhafa>ن ت</tajweed>ُتْرَكُو<tajweed class=slnt>اْ</tajweed> وَلَ<tajweed class=ghunnah>مّ</tajweed>َا يَعْلَمِ <tajweed class=ham_wasl>ٱ</tajweed>للَّهُ <tajweed class=ham_wasl>ٱ</tajweed>لَّذِينَ جَ<tajweed class=madda_normal>ـٰ</tajweed>هَدُو<tajweed class=slnt>اْ</tajweed> مِ<tajweed class=ikhafa>نك</tajweed>ُمْ وَلَمْ يَتَّخِذُو<tajweed class=slnt>اْ</tajweed> مِ<tajweed class=ikhafa>ن د</tajweed>ُونِ <tajweed class=ham_wasl>ٱ</tajweed>للَّهِ وَلَا رَسُولِه<tajweed class=madda_normal>ِۦ</tajweed> وَلَا <tajweed class=ham_wasl>ٱ</tajweed>لْمُؤْمِنِينَ وَلِيجَ<tajweed class=idgham_ghunnah>ةً‌ۚ و</tajweed>َ<tajweed class=ham_wasl>ٱ</tajweed>للَّهُ خَبِي<tajweed class=iqlab>رُۢ ب</tajweed>ِمَا تَعْمَل<tajweed class=madda_permissible>ُو</tajweed>نَ <span class=end>١٦</span>","End":"١٦","PageNumber":189,"JuzNumber":10,"ManzilNumber":2,"RukuNumber":157,"MaqraNumber":75,"HizbNumber":19,"HizbDecimal":0.5,"HasSajda":false}]}