{"RukuNumber":466,"Verses":[{"SurahNumber":55,"SurahIndex":"055","VerseNumber":1,"ShowSurahName":true,"ShowBismillah":true,"Text":"ٱلرَّحۡمَٰنُ","TajweedText":"ٱ<tajweed class=laam_shamsiyah>ل</tajweed>رَّحْمَ<tajweed class=madda_permissible>ـٰ</tajweed>نُ <span class=end>١</span>","End":"١","PageNumber":531,"JuzNumber":27,"ManzilNumber":7,"RukuNumber":466,"MaqraNumber":213,"HizbNumber":54,"HizbDecimal":0.0,"HasSajda":false},{"SurahNumber":55,"SurahIndex":"055","VerseNumber":2,"ShowSurahName":false,"ShowBismillah":false,"Text":"عَلَّمَ ٱلۡقُرۡءَانَ","TajweedText":"عَلَّمَ <tajweed class=ham_wasl>ٱ</tajweed>لْقُرْء<tajweed class=madda_permissible>َا</tajweed>نَ <span class=end>٢</span>","End":"٢","PageNumber":531,"JuzNumber":27,"ManzilNumber":7,"RukuNumber":466,"MaqraNumber":213,"HizbNumber":54,"HizbDecimal":0.0,"HasSajda":false},{"SurahNumber":55,"SurahIndex":"055","VerseNumber":3,"ShowSurahName":false,"ShowBismillah":false,"Text":"خَلَقَ ٱلۡإِنسَٰنَ","TajweedText":"خَلَقَ <tajweed class=ham_wasl>ٱ</tajweed>لْإِ<tajweed class=ikhafa>نس</tajweed>َ<tajweed class=madda_permissible>ـٰ</tajweed>نَ <span class=end>٣</span>","End":"٣","PageNumber":531,"JuzNumber":27,"ManzilNumber":7,"RukuNumber":466,"MaqraNumber":213,"HizbNumber":54,"HizbDecimal":0.0,"HasSajda":false},{"SurahNumber":55,"SurahIndex":"055","VerseNumber":4,"ShowSurahName":false,"ShowBismillah":false,"Text":"عَلَّمَهُ ٱلۡبَيَانَ","TajweedText":"عَلَّمَهُ <tajweed class=ham_wasl>ٱ</tajweed>لْبَي<tajweed class=madda_permissible>َا</tajweed>نَ <span class=end>٤</span>","End":"٤","PageNumber":531,"JuzNumber":27,"ManzilNumber":7,"RukuNumber":466,"MaqraNumber":213,"HizbNumber":54,"HizbDecimal":0.0,"HasSajda":false},{"SurahNumber":55,"SurahIndex":"055","VerseNumber":5,"ShowSurahName":false,"ShowBismillah":false,"Text":"ٱلشَّمۡسُ وَٱلۡقَمَرُ بِحُسۡبَانٖ","TajweedText":"ٱ<tajweed class=laam_shamsiyah>ل</tajweed>شَّمْسُ وَ<tajweed class=ham_wasl>ٱ</tajweed>لْقَمَرُ بِحُسْب<tajweed class=madda_permissible>َا</tajweed>نٍ <span class=end>٥</span>","End":"٥","PageNumber":531,"JuzNumber":27,"ManzilNumber":7,"RukuNumber":466,"MaqraNumber":213,"HizbNumber":54,"HizbDecimal":0.0,"HasSajda":false},{"SurahNumber":55,"SurahIndex":"055","VerseNumber":6,"ShowSurahName":false,"ShowBismillah":false,"Text":"وَٱلنَّجۡمُ وَٱلشَّجَرُ يَسۡجُدَانِ","TajweedText":"وَ<tajweed class=ham_wasl>ٱ</tajweed><tajweed class=laam_shamsiyah>ل</tajweed><tajweed class=ghunnah>نّ</tajweed>َ<tajweed class=qalaqah>جْ</tajweed>مُ وَ<tajweed class=ham_wasl>ٱ</tajweed><tajweed class=laam_shamsiyah>ل</tajweed>شَّجَرُ يَسْجُد<tajweed class=madda_permissible>َا</tajweed>نِ <span class=end>٦</span>","End":"٦","PageNumber":531,"JuzNumber":27,"ManzilNumber":7,"RukuNumber":466,"MaqraNumber":213,"HizbNumber":54,"HizbDecimal":0.0,"HasSajda":false},{"SurahNumber":55,"SurahIndex":"055","VerseNumber":7,"ShowSurahName":false,"ShowBismillah":false,"Text":"وَٱلسَّمَآءَ رَفَعَهَا وَوَضَعَ ٱلۡمِيزَانَ","TajweedText":"وَ<tajweed class=ham_wasl>ٱ</tajweed><tajweed class=laam_shamsiyah>ل</tajweed>سَّم<tajweed class=madda_obligatory>َا</tajweed>ٓءَ رَفَعَهَا وَوَضَعَ <tajweed class=ham_wasl>ٱ</tajweed>لْمِيز<tajweed class=madda_permissible>َا</tajweed>نَ <span class=end>٧</span>","End":"٧","PageNumber":531,"JuzNumber":27,"ManzilNumber":7,"RukuNumber":466,"MaqraNumber":213,"HizbNumber":54,"HizbDecimal":0.0,"HasSajda":false},{"SurahNumber":55,"SurahIndex":"055","VerseNumber":8,"ShowSurahName":false,"ShowBismillah":false,"Text":"أَلَّا تَطۡغَوۡاْ فِي ٱلۡمِيزَانِ","TajweedText":"أَلَّا تَ<tajweed class=qalaqah>طْ</tajweed>غَوْ<tajweed class=slnt>اْ</tajweed> فِى <tajweed class=ham_wasl>ٱ</tajweed>لْمِيز<tajweed class=madda_permissible>َا</tajweed>نِ <span class=end>٨</span>","End":"٨","PageNumber":531,"JuzNumber":27,"ManzilNumber":7,"RukuNumber":466,"MaqraNumber":213,"HizbNumber":54,"HizbDecimal":0.0,"HasSajda":false},{"SurahNumber":55,"SurahIndex":"055","VerseNumber":9,"ShowSurahName":false,"ShowBismillah":false,"Text":"وَأَقِيمُواْ ٱلۡوَزۡنَ بِٱلۡقِسۡطِ وَلَا تُخۡسِرُواْ ٱلۡمِيزَانَ","TajweedText":"وَأَقِيمُو<tajweed class=slnt>اْ</tajweed> <tajweed class=ham_wasl>ٱ</tajweed>لْوَزْنَ بِ<tajweed class=ham_wasl>ٱ</tajweed>لْقِسْطِ وَلَا تُخْسِرُو<tajweed class=slnt>اْ</tajweed> <tajweed class=ham_wasl>ٱ</tajweed>لْمِيز<tajweed class=madda_permissible>َا</tajweed>نَ <span class=end>٩</span>","End":"٩","PageNumber":531,"JuzNumber":27,"ManzilNumber":7,"RukuNumber":466,"MaqraNumber":213,"HizbNumber":54,"HizbDecimal":0.0,"HasSajda":false},{"SurahNumber":55,"SurahIndex":"055","VerseNumber":10,"ShowSurahName":false,"ShowBismillah":false,"Text":"وَٱلۡأَرۡضَ وَضَعَهَا لِلۡأَنَامِ","TajweedText":"وَ<tajweed class=ham_wasl>ٱ</tajweed>لْأَرْضَ وَضَعَهَا لِلْأَن<tajweed class=madda_permissible>َا</tajweed>مِ <span class=end>١٠</span>","End":"١٠","PageNumber":531,"JuzNumber":27,"ManzilNumber":7,"RukuNumber":466,"MaqraNumber":213,"HizbNumber":54,"HizbDecimal":0.0,"HasSajda":false},{"SurahNumber":55,"SurahIndex":"055","VerseNumber":11,"ShowSurahName":false,"ShowBismillah":false,"Text":"فِيهَا فَٰكِهَةٞ وَٱلنَّخۡلُ ذَاتُ ٱلۡأَكۡمَامِ","TajweedText":"فِيهَا فَ<tajweed class=madda_normal>ـٰ</tajweed>كِهَ<tajweed class=idgham_ghunnah>ةٌ و</tajweed>َ<tajweed class=ham_wasl>ٱ</tajweed><tajweed class=laam_shamsiyah>ل</tajweed><tajweed class=ghunnah>نّ</tajweed>َخْلُ ذَاتُ <tajweed class=ham_wasl>ٱ</tajweed>لْأَكْم<tajweed class=madda_permissible>َا</tajweed>مِ <span class=end>١١</span>","End":"١١","PageNumber":531,"JuzNumber":27,"ManzilNumber":7,"RukuNumber":466,"MaqraNumber":213,"HizbNumber":54,"HizbDecimal":0.0,"HasSajda":false},{"SurahNumber":55,"SurahIndex":"055","VerseNumber":12,"ShowSurahName":false,"ShowBismillah":false,"Text":"وَٱلۡحَبُّ ذُو ٱلۡعَصۡفِ وَٱلرَّيۡحَانُ","TajweedText":"وَ<tajweed class=ham_wasl>ٱ</tajweed>لْحَبُّ ذُو <tajweed class=ham_wasl>ٱ</tajweed>لْعَصْفِ وَ<tajweed class=ham_wasl>ٱ</tajweed><tajweed class=laam_shamsiyah>ل</tajweed>رَّيْح<tajweed class=madda_permissible>َا</tajweed>نُ <span class=end>١٢</span>","End":"١٢","PageNumber":531,"JuzNumber":27,"ManzilNumber":7,"RukuNumber":466,"MaqraNumber":213,"HizbNumber":54,"HizbDecimal":0.0,"HasSajda":false},{"SurahNumber":55,"SurahIndex":"055","VerseNumber":13,"ShowSurahName":false,"ShowBismillah":false,"Text":"فَبِأَيِّ ءَالَآءِ رَبِّكُمَا تُكَذِّبَانِ","TajweedText":"فَبِأَىِّ ءَال<tajweed class=madda_obligatory>َا</tajweed>ٓءِ رَبِّكُمَا تُكَذِّب<tajweed class=madda_permissible>َا</tajweed>نِ <span class=end>١٣</span>","End":"١٣","PageNumber":531,"JuzNumber":27,"ManzilNumber":7,"RukuNumber":466,"MaqraNumber":213,"HizbNumber":54,"HizbDecimal":0.0,"HasSajda":false},{"SurahNumber":55,"SurahIndex":"055","VerseNumber":14,"ShowSurahName":false,"ShowBismillah":false,"Text":"خَلَقَ ٱلۡإِنسَٰنَ مِن صَلۡصَٰلٖ كَٱلۡفَخَّارِ","TajweedText":"خَلَقَ <tajweed class=ham_wasl>ٱ</tajweed>لْإِ<tajweed class=ikhafa>نس</tajweed>َ<tajweed class=madda_normal>ـٰ</tajweed>نَ مِ<tajweed class=ikhafa>ن ص</tajweed>َلْصَ<tajweed class=madda_normal>ـٰ</tajweed><tajweed class=ikhafa>لٍ ك</tajweed>َ<tajweed class=ham_wasl>ٱ</tajweed>لْفَخّ<tajweed class=madda_permissible>َا</tajweed>رِ <span class=end>١٤</span>","End":"١٤","PageNumber":531,"JuzNumber":27,"ManzilNumber":7,"RukuNumber":466,"MaqraNumber":213,"HizbNumber":54,"HizbDecimal":0.0,"HasSajda":false},{"SurahNumber":55,"SurahIndex":"055","VerseNumber":15,"ShowSurahName":false,"ShowBismillah":false,"Text":"وَخَلَقَ ٱلۡجَآنَّ مِن مَّارِجٖ مِّن نَّارٖ","TajweedText":"وَخَلَقَ <tajweed class=ham_wasl>ٱ</tajweed>لْج<tajweed class=madda_necessary>َا</tajweed>ٓ<tajweed class=ghunnah>نّ</tajweed>َ م<tajweed class=idgham_ghunnah>ِن م</tajweed>َّارِ<tajweed class=idgham_ghunnah>جٍ م</tajweed>ّ<tajweed class=idgham_ghunnah>ِن ن</tajweed>ّ<tajweed class=madda_permissible>َا</tajweed>رٍ <span class=end>١٥</span>","End":"١٥","PageNumber":531,"JuzNumber":27,"ManzilNumber":7,"RukuNumber":466,"MaqraNumber":213,"HizbNumber":54,"HizbDecimal":0.0,"HasSajda":false},{"SurahNumber":55,"SurahIndex":"055","VerseNumber":16,"ShowSurahName":false,"ShowBismillah":false,"Text":"فَبِأَيِّ ءَالَآءِ رَبِّكُمَا تُكَذِّبَانِ","TajweedText":"فَبِأَىِّ ءَال<tajweed class=madda_obligatory>َا</tajweed>ٓءِ رَبِّكُمَا تُكَذِّب<tajweed class=madda_permissible>َا</tajweed>نِ <span class=end>١٦</span>","End":"١٦","PageNumber":531,"JuzNumber":27,"ManzilNumber":7,"RukuNumber":466,"MaqraNumber":213,"HizbNumber":54,"HizbDecimal":0.0,"HasSajda":false},{"SurahNumber":55,"SurahIndex":"055","VerseNumber":17,"ShowSurahName":false,"ShowBismillah":false,"Text":"رَبُّ ٱلۡمَشۡرِقَيۡنِ وَرَبُّ ٱلۡمَغۡرِبَيۡنِ","TajweedText":"رَبُّ <tajweed class=ham_wasl>ٱ</tajweed>لْمَشْرِقَيْنِ وَرَبُّ <tajweed class=ham_wasl>ٱ</tajweed>لْمَغْرِبَ<tajweed class=madda_permissible>يْ</tajweed>نِ <span class=end>١٧</span>","End":"١٧","PageNumber":532,"JuzNumber":27,"ManzilNumber":7,"RukuNumber":466,"MaqraNumber":213,"HizbNumber":54,"HizbDecimal":0.0,"HasSajda":false},{"SurahNumber":55,"SurahIndex":"055","VerseNumber":18,"ShowSurahName":false,"ShowBismillah":false,"Text":"فَبِأَيِّ ءَالَآءِ رَبِّكُمَا تُكَذِّبَانِ","TajweedText":"فَبِأَىِّ ءَال<tajweed class=madda_obligatory>َا</tajweed>ٓءِ رَبِّكُمَا تُكَذِّب<tajweed class=madda_permissible>َا</tajweed>نِ <span class=end>١٨</span>","End":"١٨","PageNumber":532,"JuzNumber":27,"ManzilNumber":7,"RukuNumber":466,"MaqraNumber":213,"HizbNumber":54,"HizbDecimal":0.0,"HasSajda":false},{"SurahNumber":55,"SurahIndex":"055","VerseNumber":19,"ShowSurahName":false,"ShowBismillah":false,"Text":"مَرَجَ ٱلۡبَحۡرَيۡنِ يَلۡتَقِيَانِ","TajweedText":"مَرَجَ <tajweed class=ham_wasl>ٱ</tajweed>لْبَحْرَيْنِ يَلْتَقِي<tajweed class=madda_permissible>َا</tajweed>نِ <span class=end>١٩</span>","End":"١٩","PageNumber":532,"JuzNumber":27,"ManzilNumber":7,"RukuNumber":466,"MaqraNumber":213,"HizbNumber":54,"HizbDecimal":0.0,"HasSajda":false},{"SurahNumber":55,"SurahIndex":"055","VerseNumber":20,"ShowSurahName":false,"ShowBismillah":false,"Text":"بَيۡنَهُمَا بَرۡزَخٞ لَّا يَبۡغِيَانِ","TajweedText":"بَيْنَهُمَا بَرْزَ<tajweed class=idgham_wo_ghunnah>خٌ ل</tajweed>َّا يَ<tajweed class=qalaqah>بْ</tajweed>غِي<tajweed class=madda_permissible>َا</tajweed>نِ <span class=end>٢٠</span>","End":"٢٠","PageNumber":532,"JuzNumber":27,"ManzilNumber":7,"RukuNumber":466,"MaqraNumber":213,"HizbNumber":54,"HizbDecimal":0.0,"HasSajda":false},{"SurahNumber":55,"SurahIndex":"055","VerseNumber":21,"ShowSurahName":false,"ShowBismillah":false,"Text":"فَبِأَيِّ ءَالَآءِ رَبِّكُمَا تُكَذِّبَانِ","TajweedText":"فَبِأَىِّ ءَال<tajweed class=madda_obligatory>َا</tajweed>ٓءِ رَبِّكُمَا تُكَذِّب<tajweed class=madda_permissible>َا</tajweed>نِ <span class=end>٢١</span>","End":"٢١","PageNumber":532,"JuzNumber":27,"ManzilNumber":7,"RukuNumber":466,"MaqraNumber":213,"HizbNumber":54,"HizbDecimal":0.0,"HasSajda":false},{"SurahNumber":55,"SurahIndex":"055","VerseNumber":22,"ShowSurahName":false,"ShowBismillah":false,"Text":"يَخۡرُجُ مِنۡهُمَا ٱللُّؤۡلُؤُ وَٱلۡمَرۡجَانُ","TajweedText":"يَخْرُجُ مِنْهُمَا <tajweed class=ham_wasl>ٱ</tajweed><tajweed class=laam_shamsiyah>ل</tajweed>لُّؤْلُؤُ وَ<tajweed class=ham_wasl>ٱ</tajweed>لْمَرْج<tajweed class=madda_permissible>َا</tajweed>نُ <span class=end>٢٢</span>","End":"٢٢","PageNumber":532,"JuzNumber":27,"ManzilNumber":7,"RukuNumber":466,"MaqraNumber":213,"HizbNumber":54,"HizbDecimal":0.0,"HasSajda":false},{"SurahNumber":55,"SurahIndex":"055","VerseNumber":23,"ShowSurahName":false,"ShowBismillah":false,"Text":"فَبِأَيِّ ءَالَآءِ رَبِّكُمَا تُكَذِّبَانِ","TajweedText":"فَبِأَىِّ ءَال<tajweed class=madda_obligatory>َا</tajweed>ٓءِ رَبِّكُمَا تُكَذِّب<tajweed class=madda_permissible>َا</tajweed>نِ <span class=end>٢٣</span>","End":"٢٣","PageNumber":532,"JuzNumber":27,"ManzilNumber":7,"RukuNumber":466,"MaqraNumber":213,"HizbNumber":54,"HizbDecimal":0.0,"HasSajda":false},{"SurahNumber":55,"SurahIndex":"055","VerseNumber":24,"ShowSurahName":false,"ShowBismillah":false,"Text":"وَلَهُ ٱلۡجَوَارِ ٱلۡمُنشَـَٔاتُ فِي ٱلۡبَحۡرِ كَٱلۡأَعۡلَٰمِ","TajweedText":"وَلَهُ <tajweed class=ham_wasl>ٱ</tajweed>لْجَوَارِ <tajweed class=ham_wasl>ٱ</tajweed>لْمُ<tajweed class=ikhafa>نش</tajweed>َـَٔـاتُ فِى <tajweed class=ham_wasl>ٱ</tajweed>لْبَحْرِ كَ<tajweed class=ham_wasl>ٱ</tajweed>لْأَعْلَ<tajweed class=madda_permissible>ـٰ</tajweed>مِ <span class=end>٢٤</span>","End":"٢٤","PageNumber":532,"JuzNumber":27,"ManzilNumber":7,"RukuNumber":466,"MaqraNumber":213,"HizbNumber":54,"HizbDecimal":0.0,"HasSajda":false},{"SurahNumber":55,"SurahIndex":"055","VerseNumber":25,"ShowSurahName":false,"ShowBismillah":false,"Text":"فَبِأَيِّ ءَالَآءِ رَبِّكُمَا تُكَذِّبَانِ","TajweedText":"فَبِأَىِّ ءَال<tajweed class=madda_obligatory>َا</tajweed>ٓءِ رَبِّكُمَا تُكَذِّب<tajweed class=madda_permissible>َا</tajweed>نِ <span class=end>٢٥</span>","End":"٢٥","PageNumber":532,"JuzNumber":27,"ManzilNumber":7,"RukuNumber":466,"MaqraNumber":213,"HizbNumber":54,"HizbDecimal":0.0,"HasSajda":false}]}