{"RukuNumber":123,"Verses":[{"SurahNumber":7,"SurahIndex":"007","VerseNumber":11,"ShowSurahName":false,"ShowBismillah":false,"Text":"وَلَقَدۡ خَلَقۡنَٰكُمۡ ثُمَّ صَوَّرۡنَٰكُمۡ ثُمَّ قُلۡنَا لِلۡمَلَـٰٓئِكَةِ ٱسۡجُدُواْ لِأٓدَمَ فَسَجَدُوٓاْ إِلَّآ إِبۡلِيسَ لَمۡ يَكُن مِّنَ ٱلسَّـٰجِدِينَ","TajweedText":"وَلَقَ<tajweed class=qalaqah>دْ</tajweed> خَلَ<tajweed class=qalaqah>قْ</tajweed>نَ<tajweed class=madda_normal>ـٰ</tajweed>كُمْ ثُ<tajweed class=ghunnah>مّ</tajweed>َ صَوَّرْنَ<tajweed class=madda_normal>ـٰ</tajweed>كُمْ ثُ<tajweed class=ghunnah>مّ</tajweed>َ قُلْنَا لِلْمَلَ<tajweed class=madda_obligatory>ـٰٓ</tajweed>ئِكَةِ <tajweed class=ham_wasl>ٱ</tajweed>سْجُدُو<tajweed class=slnt>اْ</tajweed> لِأَدَمَ فَسَجَد<tajweed class=madda_obligatory>ُوٓ</tajweed><tajweed class=slnt>اْ</tajweed> إِلّ<tajweed class=madda_obligatory>َآ</tajweed> إِ<tajweed class=qalaqah>بْ</tajweed>لِيسَ لَمْ يَك<tajweed class=idgham_ghunnah>ُن م</tajweed>ِّنَ <tajweed class=ham_wasl>ٱ</tajweed><tajweed class=laam_shamsiyah>ل</tajweed>سَّ<tajweed class=madda_normal>ـٰ</tajweed>جِد<tajweed class=madda_permissible>ِي</tajweed>نَ <span class=end>١١</span>","End":"١١","PageNumber":151,"JuzNumber":8,"ManzilNumber":2,"RukuNumber":123,"MaqraNumber":61,"HizbNumber":16,"HizbDecimal":0.0,"HasSajda":false},{"SurahNumber":7,"SurahIndex":"007","VerseNumber":12,"ShowSurahName":false,"ShowBismillah":false,"Text":"قَالَ مَا مَنَعَكَ أَلَّا تَسۡجُدَ إِذۡ أَمَرۡتُكَۖ قَالَ أَنَا۠ خَيۡرٞ مِّنۡهُ خَلَقۡتَنِي مِن نَّارٖ وَخَلَقۡتَهُۥ مِن طِينٖ","TajweedText":"قَالَ مَا مَنَعَكَ أَلَّا تَسْجُدَ إِذْ أَمَرْتُكَ‌ۖ قَالَ أَنَا۟ خَيْ<tajweed class=idgham_ghunnah>رٌ م</tajweed>ِّنْهُ خَلَ<tajweed class=qalaqah>قْ</tajweed>تَنِى م<tajweed class=idgham_ghunnah>ِن ن</tajweed>َّا<tajweed class=idgham_ghunnah>رٍ و</tajweed>َخَلَ<tajweed class=qalaqah>قْ</tajweed>تَهُ<tajweed class=madda_normal>ۥ</tajweed> مِ<tajweed class=ikhafa>ن ط</tajweed><tajweed class=madda_permissible>ِي</tajweed>نٍ <span class=end>١٢</span>","End":"١٢","PageNumber":152,"JuzNumber":8,"ManzilNumber":2,"RukuNumber":123,"MaqraNumber":61,"HizbNumber":16,"HizbDecimal":0.0,"HasSajda":false},{"SurahNumber":7,"SurahIndex":"007","VerseNumber":13,"ShowSurahName":false,"ShowBismillah":false,"Text":"قَالَ فَٱهۡبِطۡ مِنۡهَا فَمَا يَكُونُ لَكَ أَن تَتَكَبَّرَ فِيهَا فَٱخۡرُجۡ إِنَّكَ مِنَ ٱلصَّـٰغِرِينَ","TajweedText":"قَالَ فَ<tajweed class=ham_wasl>ٱ</tajweed>هْبِ<tajweed class=qalaqah>طْ</tajweed> مِنْهَا فَمَا يَكُونُ لَكَ أَ<tajweed class=ikhafa>ن ت</tajweed>َتَكَبَّرَ فِيهَا فَ<tajweed class=ham_wasl>ٱ</tajweed>خْرُ<tajweed class=qalaqah>جْ</tajweed> إِ<tajweed class=ghunnah>نّ</tajweed>َكَ مِنَ <tajweed class=ham_wasl>ٱ</tajweed><tajweed class=laam_shamsiyah>ل</tajweed>صَّ<tajweed class=madda_normal>ـٰ</tajweed>غِر<tajweed class=madda_permissible>ِي</tajweed>نَ <span class=end>١٣</span>","End":"١٣","PageNumber":152,"JuzNumber":8,"ManzilNumber":2,"RukuNumber":123,"MaqraNumber":61,"HizbNumber":16,"HizbDecimal":0.0,"HasSajda":false},{"SurahNumber":7,"SurahIndex":"007","VerseNumber":14,"ShowSurahName":false,"ShowBismillah":false,"Text":"قَالَ أَنظِرۡنِيٓ إِلَىٰ يَوۡمِ يُبۡعَثُونَ","TajweedText":"قَالَ أَ<tajweed class=ikhafa>نظ</tajweed>ِرْن<tajweed class=madda_obligatory>ِىٓ</tajweed> إِلَىٰ يَوْمِ يُ<tajweed class=qalaqah>بْ</tajweed>عَث<tajweed class=madda_permissible>ُو</tajweed>نَ <span class=end>١٤</span>","End":"١٤","PageNumber":152,"JuzNumber":8,"ManzilNumber":2,"RukuNumber":123,"MaqraNumber":61,"HizbNumber":16,"HizbDecimal":0.0,"HasSajda":false},{"SurahNumber":7,"SurahIndex":"007","VerseNumber":15,"ShowSurahName":false,"ShowBismillah":false,"Text":"قَالَ إِنَّكَ مِنَ ٱلۡمُنظَرِينَ","TajweedText":"قَالَ إِ<tajweed class=ghunnah>نّ</tajweed>َكَ مِنَ <tajweed class=ham_wasl>ٱ</tajweed>لْمُ<tajweed class=ikhafa>نظ</tajweed>َر<tajweed class=madda_permissible>ِي</tajweed>نَ <span class=end>١٥</span>","End":"١٥","PageNumber":152,"JuzNumber":8,"ManzilNumber":2,"RukuNumber":123,"MaqraNumber":61,"HizbNumber":16,"HizbDecimal":0.0,"HasSajda":false},{"SurahNumber":7,"SurahIndex":"007","VerseNumber":16,"ShowSurahName":false,"ShowBismillah":false,"Text":"قَالَ فَبِمَآ أَغۡوَيۡتَنِي لَأَقۡعُدَنَّ لَهُمۡ صِرَٰطَكَ ٱلۡمُسۡتَقِيمَ","TajweedText":"قَالَ فَبِم<tajweed class=madda_obligatory>َآ</tajweed> أَغْوَيْتَنِى لَأَ<tajweed class=qalaqah>قْ</tajweed>عُدَ<tajweed class=ghunnah>نّ</tajweed>َ لَهُمْ صِر<tajweed class=madda_normal>َٲ</tajweed>طَكَ <tajweed class=ham_wasl>ٱ</tajweed>لْمُسْتَق<tajweed class=madda_permissible>ِي</tajweed>مَ <span class=end>١٦</span>","End":"١٦","PageNumber":152,"JuzNumber":8,"ManzilNumber":2,"RukuNumber":123,"MaqraNumber":61,"HizbNumber":16,"HizbDecimal":0.0,"HasSajda":false},{"SurahNumber":7,"SurahIndex":"007","VerseNumber":17,"ShowSurahName":false,"ShowBismillah":false,"Text":"ثُمَّ لَأٓتِيَنَّهُم مِّنۢ بَيۡنِ أَيۡدِيهِمۡ وَمِنۡ خَلۡفِهِمۡ وَعَنۡ أَيۡمَٰنِهِمۡ وَعَن شَمَآئِلِهِمۡۖ وَلَا تَجِدُ أَكۡثَرَهُمۡ شَٰكِرِينَ","TajweedText":"ثُ<tajweed class=ghunnah>مّ</tajweed>َ لَأَتِيَ<tajweed class=ghunnah>نّ</tajweed>َه<tajweed class=idgham_shafawi>ُم م</tajweed>ّ<tajweed class=iqlab>ِنۢ ب</tajweed>َيْنِ أَيْدِيهِمْ وَمِنْ خَلْفِهِمْ وَعَنْ أَيْمَ<tajweed class=madda_normal>ـٰ</tajweed>نِهِمْ وَعَ<tajweed class=ikhafa>ن ش</tajweed>َم<tajweed class=madda_obligatory>َا</tajweed>ٓئِلِهِمْ‌ۖ وَلَا تَجِدُ أَكْثَرَهُمْ شَ<tajweed class=madda_normal>ـٰ</tajweed>كِر<tajweed class=madda_permissible>ِي</tajweed>نَ <span class=end>١٧</span>","End":"١٧","PageNumber":152,"JuzNumber":8,"ManzilNumber":2,"RukuNumber":123,"MaqraNumber":61,"HizbNumber":16,"HizbDecimal":0.0,"HasSajda":false},{"SurahNumber":7,"SurahIndex":"007","VerseNumber":18,"ShowSurahName":false,"ShowBismillah":false,"Text":"قَالَ ٱخۡرُجۡ مِنۡهَا مَذۡءُومٗا مَّدۡحُورٗاۖ لَّمَن تَبِعَكَ مِنۡهُمۡ لَأَمۡلَأَنَّ جَهَنَّمَ مِنكُمۡ أَجۡمَعِينَ","TajweedText":"قَالَ <tajweed class=ham_wasl>ٱ</tajweed>خْرُ<tajweed class=qalaqah>جْ</tajweed> مِنْهَا مَذْءُو<tajweed class=idgham_ghunnah>مًا م</tajweed>َّ<tajweed class=qalaqah>دْ</tajweed>حُو<tajweed class=idgham_wo_ghunnah>رًا‌ۖ ل</tajweed>َّمَ<tajweed class=ikhafa>ن ت</tajweed>َبِعَكَ مِنْهُمْ لَأَمْلَأَ<tajweed class=ghunnah>نّ</tajweed>َ جَهَ<tajweed class=ghunnah>نّ</tajweed>َمَ مِ<tajweed class=ikhafa>نك</tajweed>ُمْ أَ<tajweed class=qalaqah>جْ</tajweed>مَع<tajweed class=madda_permissible>ِي</tajweed>نَ <span class=end>١٨</span>","End":"١٨","PageNumber":152,"JuzNumber":8,"ManzilNumber":2,"RukuNumber":123,"MaqraNumber":61,"HizbNumber":16,"HizbDecimal":0.0,"HasSajda":false},{"SurahNumber":7,"SurahIndex":"007","VerseNumber":19,"ShowSurahName":false,"ShowBismillah":false,"Text":"وَيَـٰٓـَٔادَمُ ٱسۡكُنۡ أَنتَ وَزَوۡجُكَ ٱلۡجَنَّةَ فَكُلَا مِنۡ حَيۡثُ شِئۡتُمَا وَلَا تَقۡرَبَا هَٰذِهِ ٱلشَّجَرَةَ فَتَكُونَا مِنَ ٱلظَّـٰلِمِينَ","TajweedText":"وَيَ<tajweed class=madda_obligatory>ـٰٓـ</tajweed>ـَٔـادَمُ <tajweed class=ham_wasl>ٱ</tajweed>سْكُنْ أَ<tajweed class=ikhafa>نت</tajweed>َ وَزَوْجُكَ <tajweed class=ham_wasl>ٱ</tajweed>لْجَ<tajweed class=ghunnah>نّ</tajweed>َةَ فَكُلَا مِنْ حَيْثُ شِئْتُمَا وَلَا تَ<tajweed class=qalaqah>قْ</tajweed>رَبَا هَ<tajweed class=madda_normal>ـٰ</tajweed>ذِهِ <tajweed class=ham_wasl>ٱ</tajweed><tajweed class=laam_shamsiyah>ل</tajweed>شَّجَرَةَ فَتَكُونَا مِنَ <tajweed class=ham_wasl>ٱ</tajweed><tajweed class=laam_shamsiyah>ل</tajweed>ظَّ<tajweed class=madda_normal>ـٰ</tajweed>لِم<tajweed class=madda_permissible>ِي</tajweed>نَ <span class=end>١٩</span>","End":"١٩","PageNumber":152,"JuzNumber":8,"ManzilNumber":2,"RukuNumber":123,"MaqraNumber":61,"HizbNumber":16,"HizbDecimal":0.0,"HasSajda":false},{"SurahNumber":7,"SurahIndex":"007","VerseNumber":20,"ShowSurahName":false,"ShowBismillah":false,"Text":"فَوَسۡوَسَ لَهُمَا ٱلشَّيۡطَٰنُ لِيُبۡدِيَ لَهُمَا مَا وُۥرِيَ عَنۡهُمَا مِن سَوۡءَٰتِهِمَا وَقَالَ مَا نَهَىٰكُمَا رَبُّكُمَا عَنۡ هَٰذِهِ ٱلشَّجَرَةِ إِلَّآ أَن تَكُونَا مَلَكَيۡنِ أَوۡ تَكُونَا مِنَ ٱلۡخَٰلِدِينَ","TajweedText":"فَوَسْوَسَ لَهُمَا <tajweed class=ham_wasl>ٱ</tajweed><tajweed class=laam_shamsiyah>ل</tajweed>شَّيْطَ<tajweed class=madda_normal>ـٰ</tajweed>نُ لِيُ<tajweed class=qalaqah>بْ</tajweed>دِىَ لَهُمَا مَا وُ<tajweed class=madda_normal>ۥ</tajweed>رِىَ عَنْهُمَا مِ<tajweed class=ikhafa>ن س</tajweed>َوْء<tajweed class=madda_normal>َٲ</tajweed>تِهِمَا وَقَالَ مَا نَهَ<tajweed class=madda_normal>ـٰ</tajweed>كُمَا رَبُّكُمَا عَنْ هَ<tajweed class=madda_normal>ـٰ</tajweed>ذِهِ <tajweed class=ham_wasl>ٱ</tajweed><tajweed class=laam_shamsiyah>ل</tajweed>شَّجَرَةِ إِلّ<tajweed class=madda_obligatory>َآ</tajweed> أَ<tajweed class=ikhafa>ن ت</tajweed>َكُونَا مَلَكَيْنِ أَوْ تَكُونَا مِنَ <tajweed class=ham_wasl>ٱ</tajweed>لْخَ<tajweed class=madda_normal>ـٰ</tajweed>لِد<tajweed class=madda_permissible>ِي</tajweed>نَ <span class=end>٢٠</span>","End":"٢٠","PageNumber":152,"JuzNumber":8,"ManzilNumber":2,"RukuNumber":123,"MaqraNumber":61,"HizbNumber":16,"HizbDecimal":0.0,"HasSajda":false},{"SurahNumber":7,"SurahIndex":"007","VerseNumber":21,"ShowSurahName":false,"ShowBismillah":false,"Text":"وَقَاسَمَهُمَآ إِنِّي لَكُمَا لَمِنَ ٱلنَّـٰصِحِينَ","TajweedText":"وَقَاسَمَهُم<tajweed class=madda_obligatory>َآ</tajweed> إِ<tajweed class=ghunnah>نّ</tajweed>ِى لَكُمَا لَمِنَ <tajweed class=ham_wasl>ٱ</tajweed><tajweed class=laam_shamsiyah>ل</tajweed><tajweed class=ghunnah>نّ</tajweed>َ<tajweed class=madda_normal>ـٰ</tajweed>صِح<tajweed class=madda_permissible>ِي</tajweed>نَ <span class=end>٢١</span>","End":"٢١","PageNumber":152,"JuzNumber":8,"ManzilNumber":2,"RukuNumber":123,"MaqraNumber":61,"HizbNumber":16,"HizbDecimal":0.0,"HasSajda":false},{"SurahNumber":7,"SurahIndex":"007","VerseNumber":22,"ShowSurahName":false,"ShowBismillah":false,"Text":"فَدَلَّىٰهُمَا بِغُرُورٖۚ فَلَمَّا ذَاقَا ٱلشَّجَرَةَ بَدَتۡ لَهُمَا سَوۡءَٰتُهُمَا وَطَفِقَا يَخۡصِفَانِ عَلَيۡهِمَا مِن وَرَقِ ٱلۡجَنَّةِۖ وَنَادَىٰهُمَا رَبُّهُمَآ أَلَمۡ أَنۡهَكُمَا عَن تِلۡكُمَا ٱلشَّجَرَةِ وَأَقُل لَّكُمَآ إِنَّ ٱلشَّيۡطَٰنَ لَكُمَا عَدُوّٞ مُّبِينٞ","TajweedText":"فَدَلَّ<tajweed class=madda_normal>ـٰ</tajweed>هُمَا بِغُرُو<tajweed class=ikhafa>رٍ‌ۚ ف</tajweed>َلَ<tajweed class=ghunnah>مّ</tajweed>َا ذَاقَا <tajweed class=ham_wasl>ٱ</tajweed><tajweed class=laam_shamsiyah>ل</tajweed>شَّجَرَةَ بَدَتْ لَهُمَا سَوْء<tajweed class=madda_normal>َٲ</tajweed>تُهُمَا وَطَفِقَا يَخْصِفَانِ عَلَيْهِمَا م<tajweed class=idgham_ghunnah>ِن و</tajweed>َرَقِ <tajweed class=ham_wasl>ٱ</tajweed>لْجَ<tajweed class=ghunnah>نّ</tajweed>َةِ‌ۖ وَنَادَ<tajweed class=madda_normal>ٮٰ</tajweed>هُمَا رَبُّهُم<tajweed class=madda_obligatory>َآ</tajweed> أَلَمْ أَنْهَكُمَا عَ<tajweed class=ikhafa>ن ت</tajweed>ِلْكُمَا <tajweed class=ham_wasl>ٱ</tajweed><tajweed class=laam_shamsiyah>ل</tajweed>شَّجَرَةِ وَأَقُل لَّكُم<tajweed class=madda_obligatory>َآ</tajweed> إِ<tajweed class=ghunnah>نّ</tajweed>َ <tajweed class=ham_wasl>ٱ</tajweed><tajweed class=laam_shamsiyah>ل</tajweed>شَّيْطَ<tajweed class=madda_normal>ـٰ</tajweed>نَ لَكُمَا عَدُ<tajweed class=idgham_ghunnah>وٌّ م</tajweed>ُّب<tajweed class=madda_permissible>ِي</tajweed>نٌ <span class=end>٢٢</span>","End":"٢٢","PageNumber":152,"JuzNumber":8,"ManzilNumber":2,"RukuNumber":123,"MaqraNumber":61,"HizbNumber":16,"HizbDecimal":0.0,"HasSajda":false},{"SurahNumber":7,"SurahIndex":"007","VerseNumber":23,"ShowSurahName":false,"ShowBismillah":false,"Text":"قَالَا رَبَّنَا ظَلَمۡنَآ أَنفُسَنَا وَإِن لَّمۡ تَغۡفِرۡ لَنَا وَتَرۡحَمۡنَا لَنَكُونَنَّ مِنَ ٱلۡخَٰسِرِينَ","TajweedText":"قَالَا رَبَّنَا ظَلَمْن<tajweed class=madda_obligatory>َآ</tajweed> أَ<tajweed class=ikhafa>نف</tajweed>ُسَنَا وَإ<tajweed class=idgham_wo_ghunnah>ِن ل</tajweed>َّمْ تَغْفِرْ لَنَا وَتَرْحَمْنَا لَنَكُونَ<tajweed class=ghunnah>نّ</tajweed>َ مِنَ <tajweed class=ham_wasl>ٱ</tajweed>لْخَ<tajweed class=madda_normal>ـٰ</tajweed>سِر<tajweed class=madda_permissible>ِي</tajweed>نَ <span class=end>٢٣</span>","End":"٢٣","PageNumber":153,"JuzNumber":8,"ManzilNumber":2,"RukuNumber":123,"MaqraNumber":61,"HizbNumber":16,"HizbDecimal":0.0,"HasSajda":false},{"SurahNumber":7,"SurahIndex":"007","VerseNumber":24,"ShowSurahName":false,"ShowBismillah":false,"Text":"قَالَ ٱهۡبِطُواْ بَعۡضُكُمۡ لِبَعۡضٍ عَدُوّٞۖ وَلَكُمۡ فِي ٱلۡأَرۡضِ مُسۡتَقَرّٞ وَمَتَٰعٌ إِلَىٰ حِينٖ","TajweedText":"قَالَ <tajweed class=ham_wasl>ٱ</tajweed>هْبِطُو<tajweed class=slnt>اْ</tajweed> بَعْضُكُمْ لِبَعْضٍ عَدُ<tajweed class=idgham_ghunnah>وٌّ‌ۖ و</tajweed>َلَكُمْ فِى <tajweed class=ham_wasl>ٱ</tajweed>لْأَرْضِ مُسْتَقَ<tajweed class=idgham_ghunnah>رٌّ و</tajweed>َمَتَ<tajweed class=madda_normal>ـٰ</tajweed>عٌ إِلَىٰ ح<tajweed class=madda_permissible>ِي</tajweed>نٍ <span class=end>٢٤</span>","End":"٢٤","PageNumber":153,"JuzNumber":8,"ManzilNumber":2,"RukuNumber":123,"MaqraNumber":61,"HizbNumber":16,"HizbDecimal":0.0,"HasSajda":false},{"SurahNumber":7,"SurahIndex":"007","VerseNumber":25,"ShowSurahName":false,"ShowBismillah":false,"Text":"قَالَ فِيهَا تَحۡيَوۡنَ وَفِيهَا تَمُوتُونَ وَمِنۡهَا تُخۡرَجُونَ","TajweedText":"قَالَ فِيهَا تَحْيَوْنَ وَفِيهَا تَمُوتُونَ وَمِنْهَا تُخْرَج<tajweed class=madda_permissible>ُو</tajweed>نَ <span class=end>٢٥</span>","End":"٢٥","PageNumber":153,"JuzNumber":8,"ManzilNumber":2,"RukuNumber":123,"MaqraNumber":61,"HizbNumber":16,"HizbDecimal":0.0,"HasSajda":false}]}