{"RukuNumber":495,"Verses":[{"SurahNumber":66,"SurahIndex":"066","VerseNumber":8,"ShowSurahName":false,"ShowBismillah":false,"Text":"يَـٰٓأَيُّهَا ٱلَّذِينَ ءَامَنُواْ تُوبُوٓاْ إِلَى ٱللَّهِ تَوۡبَةٗ نَّصُوحًا عَسَىٰ رَبُّكُمۡ أَن يُكَفِّرَ عَنكُمۡ سَيِّـَٔاتِكُمۡ وَيُدۡخِلَكُمۡ جَنَّـٰتٖ تَجۡرِي مِن تَحۡتِهَا ٱلۡأَنۡهَٰرُ يَوۡمَ لَا يُخۡزِي ٱللَّهُ ٱلنَّبِيَّ وَٱلَّذِينَ ءَامَنُواْ مَعَهُۥۖ نُورُهُمۡ يَسۡعَىٰ بَيۡنَ أَيۡدِيهِمۡ وَبِأَيۡمَٰنِهِمۡ يَقُولُونَ رَبَّنَآ أَتۡمِمۡ لَنَا نُورَنَا وَٱغۡفِرۡ لَنَآۖ إِنَّكَ عَلَىٰ كُلِّ شَيۡءٖ قَدِيرٞ","TajweedText":"يَ<tajweed class=madda_obligatory>ـٰٓ</tajweed>أَيُّهَا <tajweed class=ham_wasl>ٱ</tajweed>لَّذِينَ ءَامَنُو<tajweed class=slnt>اْ</tajweed> تُوب<tajweed class=madda_obligatory>ُوٓ</tajweed><tajweed class=slnt>اْ</tajweed> إِلَى <tajweed class=ham_wasl>ٱ</tajweed>للَّهِ تَوْبَ<tajweed class=idgham_ghunnah>ةً ن</tajweed>َّصُوحًا عَسَىٰ رَبُّكُمْ أ<tajweed class=idgham_ghunnah>َن ي</tajweed>ُكَفِّرَ عَ<tajweed class=ikhafa>نك</tajweed>ُمْ سَيِّـَٔـاتِكُمْ وَيُ<tajweed class=qalaqah>دْ</tajweed>خِلَكُمْ جَ<tajweed class=ghunnah>نّ</tajweed>َ<tajweed class=madda_normal>ـٰ</tajweed><tajweed class=ikhafa>تٍ ت</tajweed>َ<tajweed class=qalaqah>جْ</tajweed>رِى مِ<tajweed class=ikhafa>ن ت</tajweed>َحْتِهَا <tajweed class=ham_wasl>ٱ</tajweed>لْأَنْهَ<tajweed class=madda_normal>ـٰ</tajweed>رُ يَوْمَ لَا يُخْزِى <tajweed class=ham_wasl>ٱ</tajweed>للَّهُ <tajweed class=ham_wasl>ٱ</tajweed><tajweed class=laam_shamsiyah>ل</tajweed><tajweed class=ghunnah>نّ</tajweed>َبِىَّ وَ<tajweed class=ham_wasl>ٱ</tajweed>لَّذِينَ ءَامَنُو<tajweed class=slnt>اْ</tajweed> مَعَهُ<tajweed class=madda_normal>ۥ</tajweed>‌ۖ نُورُهُمْ يَسْعَىٰ بَيْنَ أَيْدِيهِمْ وَبِأَيْمَ<tajweed class=madda_normal>ـٰ</tajweed>نِهِمْ يَقُولُونَ رَبَّن<tajweed class=madda_obligatory>َآ</tajweed> أَتْمِمْ لَنَا نُورَنَا وَ<tajweed class=ham_wasl>ٱ</tajweed>غْفِرْ لَن<tajweed class=madda_obligatory>َآ‌ۖ</tajweed> إِ<tajweed class=ghunnah>نّ</tajweed>َكَ عَلَىٰ كُلِّ ش<tajweed class=ikhafa>َىْءٍ ق</tajweed>َد<tajweed class=madda_permissible>ِي</tajweed>رٌ <span class=end>٨</span>","End":"٨","PageNumber":561,"JuzNumber":28,"ManzilNumber":7,"RukuNumber":495,"MaqraNumber":224,"HizbNumber":56,"HizbDecimal":0.75,"HasSajda":false},{"SurahNumber":66,"SurahIndex":"066","VerseNumber":9,"ShowSurahName":false,"ShowBismillah":false,"Text":"يَـٰٓأَيُّهَا ٱلنَّبِيُّ جَٰهِدِ ٱلۡكُفَّارَ وَٱلۡمُنَٰفِقِينَ وَٱغۡلُظۡ عَلَيۡهِمۡۚ وَمَأۡوَىٰهُمۡ جَهَنَّمُۖ وَبِئۡسَ ٱلۡمَصِيرُ","TajweedText":"يَ<tajweed class=madda_obligatory>ـٰٓ</tajweed>أَيُّهَا <tajweed class=ham_wasl>ٱ</tajweed><tajweed class=laam_shamsiyah>ل</tajweed><tajweed class=ghunnah>نّ</tajweed>َبِىُّ جَ<tajweed class=madda_normal>ـٰ</tajweed>هِدِ <tajweed class=ham_wasl>ٱ</tajweed>لْكُفَّارَ وَ<tajweed class=ham_wasl>ٱ</tajweed>لْمُنَ<tajweed class=madda_normal>ـٰ</tajweed>فِقِينَ وَ<tajweed class=ham_wasl>ٱ</tajweed>غْلُظْ عَلَيْهِمْ‌ۚ وَمَأْوَ<tajweed class=madda_normal>ٮٰ</tajweed>هُمْ جَهَ<tajweed class=ghunnah>نّ</tajweed>َمُ‌ۖ وَبِئْسَ <tajweed class=ham_wasl>ٱ</tajweed>لْمَص<tajweed class=madda_permissible>ِي</tajweed>رُ <span class=end>٩</span>","End":"٩","PageNumber":561,"JuzNumber":28,"ManzilNumber":7,"RukuNumber":495,"MaqraNumber":224,"HizbNumber":56,"HizbDecimal":0.75,"HasSajda":false},{"SurahNumber":66,"SurahIndex":"066","VerseNumber":10,"ShowSurahName":false,"ShowBismillah":false,"Text":"ضَرَبَ ٱللَّهُ مَثَلٗا لِّلَّذِينَ كَفَرُواْ ٱمۡرَأَتَ نُوحٖ وَٱمۡرَأَتَ لُوطٖۖ كَانَتَا تَحۡتَ عَبۡدَيۡنِ مِنۡ عِبَادِنَا صَٰلِحَيۡنِ فَخَانَتَاهُمَا فَلَمۡ يُغۡنِيَا عَنۡهُمَا مِنَ ٱللَّهِ شَيۡـٔٗا وَقِيلَ ٱدۡخُلَا ٱلنَّارَ مَعَ ٱلدَّـٰخِلِينَ","TajweedText":"ضَرَبَ <tajweed class=ham_wasl>ٱ</tajweed>للَّهُ مَثَل<tajweed class=idgham_wo_ghunnah>اً ل</tajweed>ِّلَّذِينَ كَفَرُو<tajweed class=slnt>اْ</tajweed> <tajweed class=ham_wasl>ٱ</tajweed>مْرَأَتَ نُو<tajweed class=idgham_ghunnah>حٍ و</tajweed>َ<tajweed class=ham_wasl>ٱ</tajweed>مْرَأَتَ لُو<tajweed class=ikhafa>طٍ‌ۖ ك</tajweed>َانَتَا تَحْتَ عَ<tajweed class=qalaqah>بْ</tajweed>دَيْنِ مِنْ عِبَادِنَا صَ<tajweed class=madda_normal>ـٰ</tajweed>لِحَيْنِ فَخَانَتَاهُمَا فَلَمْ يُغْنِيَا عَنْهُمَا مِنَ <tajweed class=ham_wasl>ٱ</tajweed>للَّهِ شَيْـ<tajweed class=idgham_ghunnah>ـًٔا و</tajweed>َقِيلَ <tajweed class=ham_wasl>ٱ</tajweed><tajweed class=qalaqah>دْ</tajweed>خُلَا <tajweed class=ham_wasl>ٱ</tajweed><tajweed class=laam_shamsiyah>ل</tajweed><tajweed class=ghunnah>نّ</tajweed>َارَ مَعَ <tajweed class=ham_wasl>ٱ</tajweed><tajweed class=laam_shamsiyah>ل</tajweed>دّ<tajweed class=madda_normal>َٲ</tajweed>خِل<tajweed class=madda_permissible>ِي</tajweed>نَ <span class=end>١٠</span>","End":"١٠","PageNumber":561,"JuzNumber":28,"ManzilNumber":7,"RukuNumber":495,"MaqraNumber":224,"HizbNumber":56,"HizbDecimal":0.75,"HasSajda":false},{"SurahNumber":66,"SurahIndex":"066","VerseNumber":11,"ShowSurahName":false,"ShowBismillah":false,"Text":"وَضَرَبَ ٱللَّهُ مَثَلٗا لِّلَّذِينَ ءَامَنُواْ ٱمۡرَأَتَ فِرۡعَوۡنَ إِذۡ قَالَتۡ رَبِّ ٱبۡنِ لِي عِندَكَ بَيۡتٗا فِي ٱلۡجَنَّةِ وَنَجِّنِي مِن فِرۡعَوۡنَ وَعَمَلِهِۦ وَنَجِّنِي مِنَ ٱلۡقَوۡمِ ٱلظَّـٰلِمِينَ","TajweedText":"وَضَرَبَ <tajweed class=ham_wasl>ٱ</tajweed>للَّهُ مَثَل<tajweed class=idgham_wo_ghunnah>اً ل</tajweed>ِّلَّذِينَ ءَامَنُو<tajweed class=slnt>اْ</tajweed> <tajweed class=ham_wasl>ٱ</tajweed>مْرَأَتَ فِرْعَوْنَ إِذْ قَالَتْ رَبِّ <tajweed class=ham_wasl>ٱ</tajweed><tajweed class=qalaqah>بْ</tajweed>نِ لِى عِ<tajweed class=ikhafa>ند</tajweed>َكَ بَيْ<tajweed class=ikhafa>تًا ف</tajweed>ِى <tajweed class=ham_wasl>ٱ</tajweed>لْجَ<tajweed class=ghunnah>نّ</tajweed>َةِ وَنَجِّنِى مِ<tajweed class=ikhafa>ن ف</tajweed>ِرْعَوْنَ وَعَمَلِه<tajweed class=madda_normal>ِۦ</tajweed> وَنَجِّنِى مِنَ <tajweed class=ham_wasl>ٱ</tajweed>لْقَوْمِ <tajweed class=ham_wasl>ٱ</tajweed><tajweed class=laam_shamsiyah>ل</tajweed>ظَّ<tajweed class=madda_normal>ـٰ</tajweed>لِم<tajweed class=madda_permissible>ِي</tajweed>نَ <span class=end>١١</span>","End":"١١","PageNumber":561,"JuzNumber":28,"ManzilNumber":7,"RukuNumber":495,"MaqraNumber":224,"HizbNumber":56,"HizbDecimal":0.75,"HasSajda":false},{"SurahNumber":66,"SurahIndex":"066","VerseNumber":12,"ShowSurahName":false,"ShowBismillah":false,"Text":"وَمَرۡيَمَ ٱبۡنَتَ عِمۡرَٰنَ ٱلَّتِيٓ أَحۡصَنَتۡ فَرۡجَهَا فَنَفَخۡنَا فِيهِ مِن رُّوحِنَا وَصَدَّقَتۡ بِكَلِمَٰتِ رَبِّهَا وَكُتُبِهِۦ وَكَانَتۡ مِنَ ٱلۡقَٰنِتِينَ","TajweedText":"وَمَرْيَمَ <tajweed class=ham_wasl>ٱ</tajweed><tajweed class=qalaqah>بْ</tajweed>نَتَ عِمْر<tajweed class=madda_normal>َٲ</tajweed>نَ <tajweed class=ham_wasl>ٱ</tajweed>لَّت<tajweed class=madda_obligatory>ِىٓ</tajweed> أَحْصَنَتْ فَرْجَهَا فَنَفَخْنَا فِيهِ م<tajweed class=idgham_wo_ghunnah>ِن ر</tajweed>ُّوحِنَا وَصَدَّقَتْ بِكَلِمَ<tajweed class=madda_normal>ـٰ</tajweed>تِ رَبِّهَا وَكُتُبِه<tajweed class=madda_normal>ِۦ</tajweed> وَكَانَتْ مِنَ <tajweed class=ham_wasl>ٱ</tajweed>لْقَ<tajweed class=madda_normal>ـٰ</tajweed>نِت<tajweed class=madda_permissible>ِي</tajweed>نَ <span class=end>١٢</span>","End":"١٢","PageNumber":561,"JuzNumber":28,"ManzilNumber":7,"RukuNumber":495,"MaqraNumber":224,"HizbNumber":56,"HizbDecimal":0.75,"HasSajda":false}]}