{"RukuNumber":365,"Verses":[{"SurahNumber":33,"SurahIndex":"033","VerseNumber":35,"ShowSurahName":false,"ShowBismillah":false,"Text":"إِنَّ ٱلۡمُسۡلِمِينَ وَٱلۡمُسۡلِمَٰتِ وَٱلۡمُؤۡمِنِينَ وَٱلۡمُؤۡمِنَٰتِ وَٱلۡقَٰنِتِينَ وَٱلۡقَٰنِتَٰتِ وَٱلصَّـٰدِقِينَ وَٱلصَّـٰدِقَٰتِ وَٱلصَّـٰبِرِينَ وَٱلصَّـٰبِرَٰتِ وَٱلۡخَٰشِعِينَ وَٱلۡخَٰشِعَٰتِ وَٱلۡمُتَصَدِّقِينَ وَٱلۡمُتَصَدِّقَٰتِ وَٱلصَّـٰٓئِمِينَ وَٱلصَّـٰٓئِمَٰتِ وَٱلۡحَٰفِظِينَ فُرُوجَهُمۡ وَٱلۡحَٰفِظَٰتِ وَٱلذَّـٰكِرِينَ ٱللَّهَ كَثِيرٗا وَٱلذَّـٰكِرَٰتِ أَعَدَّ ٱللَّهُ لَهُم مَّغۡفِرَةٗ وَأَجۡرًا عَظِيمٗا","TajweedText":"إِ<tajweed class=ghunnah>نّ</tajweed>َ <tajweed class=ham_wasl>ٱ</tajweed>لْمُسْلِمِينَ وَ<tajweed class=ham_wasl>ٱ</tajweed>لْمُسْلِمَ<tajweed class=madda_normal>ـٰ</tajweed>تِ وَ<tajweed class=ham_wasl>ٱ</tajweed>لْمُؤْمِنِينَ وَ<tajweed class=ham_wasl>ٱ</tajweed>لْمُؤْمِنَ<tajweed class=madda_normal>ـٰ</tajweed>تِ وَ<tajweed class=ham_wasl>ٱ</tajweed>لْقَ<tajweed class=madda_normal>ـٰ</tajweed>نِتِينَ وَ<tajweed class=ham_wasl>ٱ</tajweed>لْقَ<tajweed class=madda_normal>ـٰ</tajweed>نِتَ<tajweed class=madda_normal>ـٰ</tajweed>تِ وَ<tajweed class=ham_wasl>ٱ</tajweed><tajweed class=laam_shamsiyah>ل</tajweed>صَّ<tajweed class=madda_normal>ـٰ</tajweed>دِقِينَ وَ<tajweed class=ham_wasl>ٱ</tajweed><tajweed class=laam_shamsiyah>ل</tajweed>صَّ<tajweed class=madda_normal>ـٰ</tajweed>دِقَ<tajweed class=madda_normal>ـٰ</tajweed>تِ وَ<tajweed class=ham_wasl>ٱ</tajweed><tajweed class=laam_shamsiyah>ل</tajweed>صَّ<tajweed class=madda_normal>ـٰ</tajweed>بِرِينَ وَ<tajweed class=ham_wasl>ٱ</tajweed><tajweed class=laam_shamsiyah>ل</tajweed>صَّ<tajweed class=madda_normal>ـٰ</tajweed>بِر<tajweed class=madda_normal>َٲ</tajweed>تِ وَ<tajweed class=ham_wasl>ٱ</tajweed>لْخَ<tajweed class=madda_normal>ـٰ</tajweed>شِعِينَ وَ<tajweed class=ham_wasl>ٱ</tajweed>لْخَ<tajweed class=madda_normal>ـٰ</tajweed>شِعَ<tajweed class=madda_normal>ـٰ</tajweed>تِ وَ<tajweed class=ham_wasl>ٱ</tajweed>لْمُتَصَدِّقِينَ وَ<tajweed class=ham_wasl>ٱ</tajweed>لْمُتَصَدِّقَ<tajweed class=madda_normal>ـٰ</tajweed>تِ وَ<tajweed class=ham_wasl>ٱ</tajweed><tajweed class=laam_shamsiyah>ل</tajweed>صَّ<tajweed class=madda_obligatory>ـٰٓ</tajweed>ئِمِينَ وَ<tajweed class=ham_wasl>ٱ</tajweed><tajweed class=laam_shamsiyah>ل</tajweed>صَّ<tajweed class=madda_obligatory>ـٰٓ</tajweed>ئِمَ<tajweed class=madda_normal>ـٰ</tajweed>تِ وَ<tajweed class=ham_wasl>ٱ</tajweed>لْحَ<tajweed class=madda_normal>ـٰ</tajweed>فِظِينَ فُرُوجَهُمْ وَ<tajweed class=ham_wasl>ٱ</tajweed>لْحَ<tajweed class=madda_normal>ـٰ</tajweed>فِظَ<tajweed class=madda_normal>ـٰ</tajweed>تِ وَ<tajweed class=ham_wasl>ٱ</tajweed><tajweed class=laam_shamsiyah>ل</tajweed>ذّ<tajweed class=madda_normal>َٲ</tajweed>كِرِينَ <tajweed class=ham_wasl>ٱ</tajweed>للَّهَ كَثِي<tajweed class=idgham_ghunnah>رًا و</tajweed>َ<tajweed class=ham_wasl>ٱ</tajweed><tajweed class=laam_shamsiyah>ل</tajweed>ذّ<tajweed class=madda_normal>َٲ</tajweed>كِر<tajweed class=madda_normal>َٲ</tajweed>تِ أَعَدَّ <tajweed class=ham_wasl>ٱ</tajweed>للَّهُ لَه<tajweed class=idgham_shafawi>ُم م</tajweed>َّغْفِرَ<tajweed class=idgham_ghunnah>ةً و</tajweed>َأَ<tajweed class=qalaqah>جْ</tajweed>رًا عَظِيمًا <span class=end>٣٥</span>","End":"٣٥","PageNumber":422,"JuzNumber":22,"ManzilNumber":5,"RukuNumber":365,"MaqraNumber":169,"HizbNumber":43,"HizbDecimal":0.0,"HasSajda":false},{"SurahNumber":33,"SurahIndex":"033","VerseNumber":36,"ShowSurahName":false,"ShowBismillah":false,"Text":"وَمَا كَانَ لِمُؤۡمِنٖ وَلَا مُؤۡمِنَةٍ إِذَا قَضَى ٱللَّهُ وَرَسُولُهُۥٓ أَمۡرًا أَن يَكُونَ لَهُمُ ٱلۡخِيَرَةُ مِنۡ أَمۡرِهِمۡۗ وَمَن يَعۡصِ ٱللَّهَ وَرَسُولَهُۥ فَقَدۡ ضَلَّ ضَلَٰلٗا مُّبِينٗا","TajweedText":"وَمَا كَانَ لِمُؤْمِ<tajweed class=idgham_ghunnah>نٍ و</tajweed>َلَا مُؤْمِنَةٍ إِذَا قَضَى <tajweed class=ham_wasl>ٱ</tajweed>للَّهُ وَرَسُولُهُ<tajweed class=madda_obligatory>ۥٓ</tajweed> أَمْرًا أ<tajweed class=idgham_ghunnah>َن ي</tajweed>َكُونَ لَهُمُ <tajweed class=ham_wasl>ٱ</tajweed>لْخِيَرَةُ مِنْ أَمْرِهِمْۗ وَم<tajweed class=idgham_ghunnah>َن ي</tajweed>َعْصِ <tajweed class=ham_wasl>ٱ</tajweed>للَّهَ وَرَسُولَهُ<tajweed class=madda_normal>ۥ</tajweed> فَقَ<tajweed class=qalaqah>دْ</tajweed> ضَلَّ ضَلَ<tajweed class=madda_normal>ـٰ</tajweed>ل<tajweed class=idgham_ghunnah>اً م</tajweed>ُّبِينًا <span class=end>٣٦</span>","End":"٣٦","PageNumber":423,"JuzNumber":22,"ManzilNumber":5,"RukuNumber":365,"MaqraNumber":169,"HizbNumber":43,"HizbDecimal":0.0,"HasSajda":false},{"SurahNumber":33,"SurahIndex":"033","VerseNumber":37,"ShowSurahName":false,"ShowBismillah":false,"Text":"وَإِذۡ تَقُولُ لِلَّذِيٓ أَنۡعَمَ ٱللَّهُ عَلَيۡهِ وَأَنۡعَمۡتَ عَلَيۡهِ أَمۡسِكۡ عَلَيۡكَ زَوۡجَكَ وَٱتَّقِ ٱللَّهَ وَتُخۡفِي فِي نَفۡسِكَ مَا ٱللَّهُ مُبۡدِيهِ وَتَخۡشَى ٱلنَّاسَ وَٱللَّهُ أَحَقُّ أَن تَخۡشَىٰهُۖ فَلَمَّا قَضَىٰ زَيۡدٞ مِّنۡهَا وَطَرٗا زَوَّجۡنَٰكَهَا لِكَيۡ لَا يَكُونَ عَلَى ٱلۡمُؤۡمِنِينَ حَرَجٞ فِيٓ أَزۡوَٰجِ أَدۡعِيَآئِهِمۡ إِذَا قَضَوۡاْ مِنۡهُنَّ وَطَرٗاۚ وَكَانَ أَمۡرُ ٱللَّهِ مَفۡعُولٗا","TajweedText":"وَإِذْ تَقُولُ لِلَّذ<tajweed class=madda_obligatory>ِىٓ</tajweed> أَنْعَمَ <tajweed class=ham_wasl>ٱ</tajweed>للَّهُ عَلَيْهِ وَأَنْعَمْتَ عَلَيْهِ أَمْسِكْ عَلَيْكَ زَوْجَكَ وَ<tajweed class=ham_wasl>ٱ</tajweed>تَّقِ <tajweed class=ham_wasl>ٱ</tajweed>للَّهَ وَتُخْفِى فِى نَفْسِكَ مَا <tajweed class=ham_wasl>ٱ</tajweed>للَّهُ مُ<tajweed class=qalaqah>بْ</tajweed>دِيهِ وَتَخْشَى <tajweed class=ham_wasl>ٱ</tajweed><tajweed class=laam_shamsiyah>ل</tajweed><tajweed class=ghunnah>نّ</tajweed>َاسَ وَ<tajweed class=ham_wasl>ٱ</tajweed>للَّهُ أَحَقُّ أَ<tajweed class=ikhafa>ن ت</tajweed>َخْشَ<tajweed class=madda_normal>ـٰ</tajweed>هُۖ فَلَ<tajweed class=ghunnah>مّ</tajweed>َا قَضَىٰ زَيْ<tajweed class=idgham_ghunnah>دٌ م</tajweed>ِّنْهَا وَطَ<tajweed class=ikhafa>رًا ز</tajweed>َوَّ<tajweed class=qalaqah>جْ</tajweed>نَ<tajweed class=madda_normal>ـٰ</tajweed>كَهَا لِكَىْ لَا يَكُونَ عَلَى <tajweed class=ham_wasl>ٱ</tajweed>لْمُؤْمِنِينَ حَرَ<tajweed class=ikhafa>جٌ ف</tajweed><tajweed class=madda_obligatory>ِىٓ</tajweed> أَزْو<tajweed class=madda_normal>َٲ</tajweed>جِ أَ<tajweed class=qalaqah>دْ</tajweed>عِي<tajweed class=madda_obligatory>َا</tajweed>ٓئِهِمْ إِذَا قَضَوْ<tajweed class=slnt>اْ</tajweed> مِنْهُ<tajweed class=ghunnah>نّ</tajweed>َ وَطَ<tajweed class=idgham_ghunnah>رًاۚ و</tajweed>َكَانَ أَمْرُ <tajweed class=ham_wasl>ٱ</tajweed>للَّهِ مَفْعُولاً <span class=end>٣٧</span>","End":"٣٧","PageNumber":423,"JuzNumber":22,"ManzilNumber":5,"RukuNumber":365,"MaqraNumber":169,"HizbNumber":43,"HizbDecimal":0.0,"HasSajda":false},{"SurahNumber":33,"SurahIndex":"033","VerseNumber":38,"ShowSurahName":false,"ShowBismillah":false,"Text":"مَّا كَانَ عَلَى ٱلنَّبِيِّ مِنۡ حَرَجٖ فِيمَا فَرَضَ ٱللَّهُ لَهُۥۖ سُنَّةَ ٱللَّهِ فِي ٱلَّذِينَ خَلَوۡاْ مِن قَبۡلُۚ وَكَانَ أَمۡرُ ٱللَّهِ قَدَرٗا مَّقۡدُورًا","TajweedText":"مَّا كَانَ عَلَى <tajweed class=ham_wasl>ٱ</tajweed><tajweed class=laam_shamsiyah>ل</tajweed><tajweed class=ghunnah>نّ</tajweed>َبِىِّ مِنْ حَرَ<tajweed class=ikhafa>جٍ ف</tajweed>ِيمَا فَرَضَ <tajweed class=ham_wasl>ٱ</tajweed>للَّهُ لَهُۖ<tajweed class=madda_normal>ۥ</tajweed> سُ<tajweed class=ghunnah>نّ</tajweed>َةَ <tajweed class=ham_wasl>ٱ</tajweed>للَّهِ فِى <tajweed class=ham_wasl>ٱ</tajweed>لَّذِينَ خَلَوْ<tajweed class=slnt>اْ</tajweed> مِ<tajweed class=ikhafa>ن ق</tajweed>َ<tajweed class=qalaqah>بْ</tajweed>لُۚ وَكَانَ أَمْرُ <tajweed class=ham_wasl>ٱ</tajweed>للَّهِ قَدَ<tajweed class=idgham_ghunnah>رًا م</tajweed>َّ<tajweed class=qalaqah>قْ</tajweed>دُورًا <span class=end>٣٨</span>","End":"٣٨","PageNumber":423,"JuzNumber":22,"ManzilNumber":5,"RukuNumber":365,"MaqraNumber":169,"HizbNumber":43,"HizbDecimal":0.0,"HasSajda":false},{"SurahNumber":33,"SurahIndex":"033","VerseNumber":39,"ShowSurahName":false,"ShowBismillah":false,"Text":"ٱلَّذِينَ يُبَلِّغُونَ رِسَٰلَٰتِ ٱللَّهِ وَيَخۡشَوۡنَهُۥ وَلَا يَخۡشَوۡنَ أَحَدًا إِلَّا ٱللَّهَۗ وَكَفَىٰ بِٱللَّهِ حَسِيبٗا","TajweedText":"ٱلَّذِينَ يُبَلِّغُونَ رِسَ<tajweed class=madda_normal>ـٰ</tajweed>لَ<tajweed class=madda_normal>ـٰ</tajweed>تِ <tajweed class=ham_wasl>ٱ</tajweed>للَّهِ وَيَخْشَوْنَهُ<tajweed class=madda_normal>ۥ</tajweed> وَلَا يَخْشَوْنَ أَحَدًا إِلَّا <tajweed class=ham_wasl>ٱ</tajweed>للَّهَۗ وَكَفَىٰ بِ<tajweed class=ham_wasl>ٱ</tajweed>للَّهِ حَسِيبًا <span class=end>٣٩</span>","End":"٣٩","PageNumber":423,"JuzNumber":22,"ManzilNumber":5,"RukuNumber":365,"MaqraNumber":169,"HizbNumber":43,"HizbDecimal":0.0,"HasSajda":false},{"SurahNumber":33,"SurahIndex":"033","VerseNumber":40,"ShowSurahName":false,"ShowBismillah":false,"Text":"مَّا كَانَ مُحَمَّدٌ أَبَآ أَحَدٖ مِّن رِّجَالِكُمۡ وَلَٰكِن رَّسُولَ ٱللَّهِ وَخَاتَمَ ٱلنَّبِيِّـۧنَۗ وَكَانَ ٱللَّهُ بِكُلِّ شَيۡءٍ عَلِيمٗا","TajweedText":"مَّا كَانَ مُحَ<tajweed class=ghunnah>مّ</tajweed>َدٌ أَب<tajweed class=madda_obligatory>َآ</tajweed> أَحَ<tajweed class=idgham_ghunnah>دٍ م</tajweed>ّ<tajweed class=idgham_wo_ghunnah>ِن ر</tajweed>ِّجَالِكُمْ وَلَ<tajweed class=madda_normal>ـٰ</tajweed>ك<tajweed class=idgham_wo_ghunnah>ِن ر</tajweed>َّسُولَ <tajweed class=ham_wasl>ٱ</tajweed>للَّهِ وَخَاتَمَ <tajweed class=ham_wasl>ٱ</tajweed><tajweed class=laam_shamsiyah>ل</tajweed><tajweed class=ghunnah>نّ</tajweed>َبِيِّـ<tajweed class=madda_normal>ـۧ</tajweed>نَۗ وَكَانَ <tajweed class=ham_wasl>ٱ</tajweed>للَّهُ بِكُلِّ شَىْءٍ عَلِيمًا <span class=end>٤٠</span>","End":"٤٠","PageNumber":423,"JuzNumber":22,"ManzilNumber":5,"RukuNumber":365,"MaqraNumber":169,"HizbNumber":43,"HizbDecimal":0.0,"HasSajda":false}]}