{"RukuNumber":540,"Verses":[{"SurahNumber":98,"SurahIndex":"098","VerseNumber":1,"ShowSurahName":true,"ShowBismillah":true,"Text":"لَمۡ يَكُنِ ٱلَّذِينَ كَفَرُواْ مِنۡ أَهۡلِ ٱلۡكِتَٰبِ وَٱلۡمُشۡرِكِينَ مُنفَكِّينَ حَتَّىٰ تَأۡتِيَهُمُ ٱلۡبَيِّنَةُ","TajweedText":"لَمْ يَكُنِ <tajweed class=ham_wasl>ٱ</tajweed>لَّذِينَ كَفَرُو<tajweed class=slnt>اْ</tajweed> مِنْ أَهْلِ <tajweed class=ham_wasl>ٱ</tajweed>لْكِتَ<tajweed class=madda_normal>ـٰ</tajweed>بِ وَ<tajweed class=ham_wasl>ٱ</tajweed>لْمُشْرِكِينَ مُ<tajweed class=ikhafa>نف</tajweed>َكِّينَ حَتَّىٰ تَأْتِيَهُمُ <tajweed class=ham_wasl>ٱ</tajweed>لْبَيِّنَةُ <span class=end>١</span>","End":"١","PageNumber":598,"JuzNumber":30,"ManzilNumber":7,"RukuNumber":540,"MaqraNumber":239,"HizbNumber":60,"HizbDecimal":0.5,"HasSajda":false},{"SurahNumber":98,"SurahIndex":"098","VerseNumber":2,"ShowSurahName":false,"ShowBismillah":false,"Text":"رَسُولٞ مِّنَ ٱللَّهِ يَتۡلُواْ صُحُفٗا مُّطَهَّرَةٗ","TajweedText":"رَسُو<tajweed class=idgham_ghunnah>لٌ م</tajweed>ِّنَ <tajweed class=ham_wasl>ٱ</tajweed>للَّهِ يَتْلُو<tajweed class=slnt>اْ</tajweed> صُحُ<tajweed class=idgham_ghunnah>فًا م</tajweed>ُّطَهَّرَةً <span class=end>٢</span>","End":"٢","PageNumber":598,"JuzNumber":30,"ManzilNumber":7,"RukuNumber":540,"MaqraNumber":239,"HizbNumber":60,"HizbDecimal":0.5,"HasSajda":false},{"SurahNumber":98,"SurahIndex":"098","VerseNumber":3,"ShowSurahName":false,"ShowBismillah":false,"Text":"فِيهَا كُتُبٞ قَيِّمَةٞ","TajweedText":"فِيهَا كُتُ<tajweed class=ikhafa>بٌ ق</tajweed>َيِّمَةٌ <span class=end>٣</span>","End":"٣","PageNumber":598,"JuzNumber":30,"ManzilNumber":7,"RukuNumber":540,"MaqraNumber":239,"HizbNumber":60,"HizbDecimal":0.5,"HasSajda":false},{"SurahNumber":98,"SurahIndex":"098","VerseNumber":4,"ShowSurahName":false,"ShowBismillah":false,"Text":"وَمَا تَفَرَّقَ ٱلَّذِينَ أُوتُواْ ٱلۡكِتَٰبَ إِلَّا مِنۢ بَعۡدِ مَا جَآءَتۡهُمُ ٱلۡبَيِّنَةُ","TajweedText":"وَمَا تَفَرَّقَ <tajweed class=ham_wasl>ٱ</tajweed>لَّذِينَ أُوتُو<tajweed class=slnt>اْ</tajweed> <tajweed class=ham_wasl>ٱ</tajweed>لْكِتَ<tajweed class=madda_normal>ـٰ</tajweed>بَ إِلَّا م<tajweed class=iqlab>ِنۢ ب</tajweed>َعْدِ مَا ج<tajweed class=madda_obligatory>َا</tajweed>ٓءَتْهُمُ <tajweed class=ham_wasl>ٱ</tajweed>لْبَيِّنَةُ <span class=end>٤</span>","End":"٤","PageNumber":598,"JuzNumber":30,"ManzilNumber":7,"RukuNumber":540,"MaqraNumber":239,"HizbNumber":60,"HizbDecimal":0.5,"HasSajda":false},{"SurahNumber":98,"SurahIndex":"098","VerseNumber":5,"ShowSurahName":false,"ShowBismillah":false,"Text":"وَمَآ أُمِرُوٓاْ إِلَّا لِيَعۡبُدُواْ ٱللَّهَ مُخۡلِصِينَ لَهُ ٱلدِّينَ حُنَفَآءَ وَيُقِيمُواْ ٱلصَّلَوٰةَ وَيُؤۡتُواْ ٱلزَّكَوٰةَۚ وَذَٰلِكَ دِينُ ٱلۡقَيِّمَةِ","TajweedText":"وَم<tajweed class=madda_obligatory>َآ</tajweed> أُمِر<tajweed class=madda_obligatory>ُوٓ</tajweed><tajweed class=slnt>اْ</tajweed> إِلَّا لِيَعْبُدُو<tajweed class=slnt>اْ</tajweed> <tajweed class=ham_wasl>ٱ</tajweed>للَّهَ مُخْلِصِينَ لَهُ <tajweed class=ham_wasl>ٱ</tajweed><tajweed class=laam_shamsiyah>ل</tajweed>دِّينَ حُنَف<tajweed class=madda_obligatory>َا</tajweed>ٓءَ وَيُقِيمُو<tajweed class=slnt>اْ</tajweed> <tajweed class=ham_wasl>ٱ</tajweed><tajweed class=laam_shamsiyah>ل</tajweed>صَّلَ<tajweed class=slnt>و</tajweed><tajweed class=madda_normal>ٲ</tajweed>ةَ وَيُؤْتُو<tajweed class=slnt>اْ</tajweed> <tajweed class=ham_wasl>ٱ</tajweed><tajweed class=laam_shamsiyah>ل</tajweed>زَّكَ<tajweed class=slnt>و</tajweed><tajweed class=madda_normal>ٲ</tajweed>ةَ‌ۚ وَذ<tajweed class=madda_normal>َٲ</tajweed>لِكَ دِينُ <tajweed class=ham_wasl>ٱ</tajweed>لْقَيِّمَةِ <span class=end>٥</span>","End":"٥","PageNumber":598,"JuzNumber":30,"ManzilNumber":7,"RukuNumber":540,"MaqraNumber":239,"HizbNumber":60,"HizbDecimal":0.5,"HasSajda":false},{"SurahNumber":98,"SurahIndex":"098","VerseNumber":6,"ShowSurahName":false,"ShowBismillah":false,"Text":"إِنَّ ٱلَّذِينَ كَفَرُواْ مِنۡ أَهۡلِ ٱلۡكِتَٰبِ وَٱلۡمُشۡرِكِينَ فِي نَارِ جَهَنَّمَ خَٰلِدِينَ فِيهَآۚ أُوْلَـٰٓئِكَ هُمۡ شَرُّ ٱلۡبَرِيَّةِ","TajweedText":"إِ<tajweed class=ghunnah>نّ</tajweed>َ <tajweed class=ham_wasl>ٱ</tajweed>لَّذِينَ كَفَرُو<tajweed class=slnt>اْ</tajweed> مِنْ أَهْلِ <tajweed class=ham_wasl>ٱ</tajweed>لْكِتَ<tajweed class=madda_normal>ـٰ</tajweed>بِ وَ<tajweed class=ham_wasl>ٱ</tajweed>لْمُشْرِكِينَ فِى نَارِ جَهَ<tajweed class=ghunnah>نّ</tajweed>َمَ خَ<tajweed class=madda_normal>ـٰ</tajweed>لِدِينَ فِيه<tajweed class=madda_obligatory>َآ‌ۚ</tajweed> أُ<tajweed class=slnt>وْ</tajweed>لَ<tajweed class=madda_obligatory>ـٰٓ</tajweed>ئِكَ هُمْ شَرُّ <tajweed class=ham_wasl>ٱ</tajweed>لْبَرِيَّةِ <span class=end>٦</span>","End":"٦","PageNumber":598,"JuzNumber":30,"ManzilNumber":7,"RukuNumber":540,"MaqraNumber":239,"HizbNumber":60,"HizbDecimal":0.5,"HasSajda":false},{"SurahNumber":98,"SurahIndex":"098","VerseNumber":7,"ShowSurahName":false,"ShowBismillah":false,"Text":"إِنَّ ٱلَّذِينَ ءَامَنُواْ وَعَمِلُواْ ٱلصَّـٰلِحَٰتِ أُوْلَـٰٓئِكَ هُمۡ خَيۡرُ ٱلۡبَرِيَّةِ","TajweedText":"إِ<tajweed class=ghunnah>نّ</tajweed>َ <tajweed class=ham_wasl>ٱ</tajweed>لَّذِينَ ءَامَنُو<tajweed class=slnt>اْ</tajweed> وَعَمِلُو<tajweed class=slnt>اْ</tajweed> <tajweed class=ham_wasl>ٱ</tajweed><tajweed class=laam_shamsiyah>ل</tajweed>صَّ<tajweed class=madda_normal>ـٰ</tajweed>لِحَ<tajweed class=madda_normal>ـٰ</tajweed>تِ أُ<tajweed class=slnt>وْ</tajweed>لَ<tajweed class=madda_obligatory>ـٰٓ</tajweed>ئِكَ هُمْ خَيْرُ <tajweed class=ham_wasl>ٱ</tajweed>لْبَرِيَّةِ <span class=end>٧</span>","End":"٧","PageNumber":598,"JuzNumber":30,"ManzilNumber":7,"RukuNumber":540,"MaqraNumber":239,"HizbNumber":60,"HizbDecimal":0.5,"HasSajda":false},{"SurahNumber":98,"SurahIndex":"098","VerseNumber":8,"ShowSurahName":false,"ShowBismillah":false,"Text":"جَزَآؤُهُمۡ عِندَ رَبِّهِمۡ جَنَّـٰتُ عَدۡنٖ تَجۡرِي مِن تَحۡتِهَا ٱلۡأَنۡهَٰرُ خَٰلِدِينَ فِيهَآ أَبَدٗاۖ رَّضِيَ ٱللَّهُ عَنۡهُمۡ وَرَضُواْ عَنۡهُۚ ذَٰلِكَ لِمَنۡ خَشِيَ رَبَّهُۥ","TajweedText":"جَز<tajweed class=madda_obligatory>َا</tajweed>ٓؤُهُمْ عِ<tajweed class=ikhafa>ند</tajweed>َ رَبِّهِمْ جَ<tajweed class=ghunnah>نّ</tajweed>َ<tajweed class=madda_normal>ـٰ</tajweed>تُ عَ<tajweed class=qalaqah>دْ</tajweed><tajweed class=ikhafa>نٍ ت</tajweed>َ<tajweed class=qalaqah>جْ</tajweed>رِى مِ<tajweed class=ikhafa>ن ت</tajweed>َحْتِهَا <tajweed class=ham_wasl>ٱ</tajweed>لْأَنْهَ<tajweed class=madda_normal>ـٰ</tajweed>رُ خَ<tajweed class=madda_normal>ـٰ</tajweed>لِدِينَ فِيه<tajweed class=madda_obligatory>َآ</tajweed> أَبَ<tajweed class=idgham_wo_ghunnah>دًا‌ۖ ر</tajweed>َّضِىَ <tajweed class=ham_wasl>ٱ</tajweed>للَّهُ عَنْهُمْ وَرَضُو<tajweed class=slnt>اْ</tajweed> عَنْهُ‌ۚ ذ<tajweed class=madda_normal>َٲ</tajweed>لِكَ لِمَنْ خَشِىَ رَبَّهُۥ <span class=end>٨</span>","End":"٨","PageNumber":599,"JuzNumber":30,"ManzilNumber":7,"RukuNumber":540,"MaqraNumber":239,"HizbNumber":60,"HizbDecimal":0.5,"HasSajda":false}]}