{"RukuNumber":374,"Verses":[{"SurahNumber":34,"SurahIndex":"034","VerseNumber":37,"ShowSurahName":false,"ShowBismillah":false,"Text":"وَمَآ أَمۡوَٰلُكُمۡ وَلَآ أَوۡلَٰدُكُم بِٱلَّتِي تُقَرِّبُكُمۡ عِندَنَا زُلۡفَىٰٓ إِلَّا مَنۡ ءَامَنَ وَعَمِلَ صَٰلِحٗا فَأُوْلَـٰٓئِكَ لَهُمۡ جَزَآءُ ٱلضِّعۡفِ بِمَا عَمِلُواْ وَهُمۡ فِي ٱلۡغُرُفَٰتِ ءَامِنُونَ","TajweedText":"وَم<tajweed class=madda_obligatory>َآ</tajweed> أَمْو<tajweed class=madda_normal>َٲ</tajweed>لُكُمْ وَل<tajweed class=madda_obligatory>َآ</tajweed> أَوْلَ<tajweed class=madda_normal>ـٰ</tajweed>دُك<tajweed class=ikhafa_shafawi>ُم ب</tajweed>ِ<tajweed class=ham_wasl>ٱ</tajweed>لَّتِى تُقَرِّبُكُمْ عِ<tajweed class=ikhafa>ند</tajweed>َنَا زُلْفَ<tajweed class=madda_obligatory>ىٰٓ</tajweed> إِلَّا مَنْ ءَامَنَ وَعَمِلَ صَ<tajweed class=madda_normal>ـٰ</tajweed>لِ<tajweed class=ikhafa>حًا ف</tajweed>َأُ<tajweed class=slnt>وْ</tajweed>لَ<tajweed class=madda_obligatory>ـٰٓ</tajweed>ئِكَ لَهُمْ جَز<tajweed class=madda_obligatory>َا</tajweed>ٓءُ <tajweed class=ham_wasl>ٱ</tajweed><tajweed class=laam_shamsiyah>ل</tajweed>ضِّعْفِ بِمَا عَمِلُو<tajweed class=slnt>اْ</tajweed> وَهُمْ فِى <tajweed class=ham_wasl>ٱ</tajweed>لْغُرُفَ<tajweed class=madda_normal>ـٰ</tajweed>تِ ءَامِن<tajweed class=madda_permissible>ُو</tajweed>نَ <span class=end>٣٧</span>","End":"٣٧","PageNumber":432,"JuzNumber":22,"ManzilNumber":5,"RukuNumber":374,"MaqraNumber":173,"HizbNumber":44,"HizbDecimal":0.0,"HasSajda":false},{"SurahNumber":34,"SurahIndex":"034","VerseNumber":38,"ShowSurahName":false,"ShowBismillah":false,"Text":"وَٱلَّذِينَ يَسۡعَوۡنَ فِيٓ ءَايَٰتِنَا مُعَٰجِزِينَ أُوْلَـٰٓئِكَ فِي ٱلۡعَذَابِ مُحۡضَرُونَ","TajweedText":"وَ<tajweed class=ham_wasl>ٱ</tajweed>لَّذِينَ يَسْعَوْنَ ف<tajweed class=madda_obligatory>ِىٓ</tajweed> ءَايَ<tajweed class=madda_normal>ـٰ</tajweed>تِنَا مُعَ<tajweed class=madda_normal>ـٰ</tajweed>جِزِينَ أُ<tajweed class=slnt>وْ</tajweed>لَ<tajweed class=madda_obligatory>ـٰٓ</tajweed>ئِكَ فِى <tajweed class=ham_wasl>ٱ</tajweed>لْعَذَابِ مُحْضَر<tajweed class=madda_permissible>ُو</tajweed>نَ <span class=end>٣٨</span>","End":"٣٨","PageNumber":432,"JuzNumber":22,"ManzilNumber":5,"RukuNumber":374,"MaqraNumber":173,"HizbNumber":44,"HizbDecimal":0.0,"HasSajda":false},{"SurahNumber":34,"SurahIndex":"034","VerseNumber":39,"ShowSurahName":false,"ShowBismillah":false,"Text":"قُلۡ إِنَّ رَبِّي يَبۡسُطُ ٱلرِّزۡقَ لِمَن يَشَآءُ مِنۡ عِبَادِهِۦ وَيَقۡدِرُ لَهُۥۚ وَمَآ أَنفَقۡتُم مِّن شَيۡءٖ فَهُوَ يُخۡلِفُهُۥۖ وَهُوَ خَيۡرُ ٱلرَّـٰزِقِينَ","TajweedText":"قُلْ إِ<tajweed class=ghunnah>نّ</tajweed>َ رَبِّى يَ<tajweed class=qalaqah>بْ</tajweed>سُطُ <tajweed class=ham_wasl>ٱ</tajweed><tajweed class=laam_shamsiyah>ل</tajweed>رِّزْقَ لِم<tajweed class=idgham_ghunnah>َن ي</tajweed>َش<tajweed class=madda_obligatory>َا</tajweed>ٓءُ مِنْ عِبَادِه<tajweed class=madda_normal>ِۦ</tajweed> وَيَ<tajweed class=qalaqah>قْ</tajweed>دِرُ لَهُ<tajweed class=madda_normal>ۥ</tajweed>ۚ وَم<tajweed class=madda_obligatory>َآ</tajweed> أَ<tajweed class=ikhafa>نف</tajweed>َ<tajweed class=qalaqah>قْ</tajweed>ت<tajweed class=idgham_shafawi>ُم م</tajweed>ِّ<tajweed class=ikhafa>ن ش</tajweed><tajweed class=ikhafa>َىْءٍ ف</tajweed>َهُوَ يُخْلِفُهُۖ<tajweed class=madda_normal>ۥ</tajweed> وَهُوَ خَيْرُ <tajweed class=ham_wasl>ٱ</tajweed><tajweed class=laam_shamsiyah>ل</tajweed>رّ<tajweed class=madda_normal>َٲ</tajweed>زِق<tajweed class=madda_permissible>ِي</tajweed>نَ <span class=end>٣٩</span>","End":"٣٩","PageNumber":432,"JuzNumber":22,"ManzilNumber":5,"RukuNumber":374,"MaqraNumber":173,"HizbNumber":44,"HizbDecimal":0.0,"HasSajda":false},{"SurahNumber":34,"SurahIndex":"034","VerseNumber":40,"ShowSurahName":false,"ShowBismillah":false,"Text":"وَيَوۡمَ يَحۡشُرُهُمۡ جَمِيعٗا ثُمَّ يَقُولُ لِلۡمَلَـٰٓئِكَةِ أَهَـٰٓؤُلَآءِ إِيَّاكُمۡ كَانُواْ يَعۡبُدُونَ","TajweedText":"وَيَوْمَ يَحْشُرُهُمْ جَمِي<tajweed class=ikhafa>عًا ث</tajweed>ُ<tajweed class=ghunnah>مّ</tajweed>َ يَقُولُ لِلْمَلَ<tajweed class=madda_obligatory>ـٰٓ</tajweed>ئِكَةِ أَهَ<tajweed class=madda_obligatory>ـٰٓ</tajweed>ؤُل<tajweed class=madda_obligatory>َا</tajweed>ٓءِ إِيَّاكُمْ كَانُو<tajweed class=slnt>اْ</tajweed> يَعْبُد<tajweed class=madda_permissible>ُو</tajweed>نَ <span class=end>٤٠</span>","End":"٤٠","PageNumber":433,"JuzNumber":22,"ManzilNumber":5,"RukuNumber":374,"MaqraNumber":173,"HizbNumber":44,"HizbDecimal":0.0,"HasSajda":false},{"SurahNumber":34,"SurahIndex":"034","VerseNumber":41,"ShowSurahName":false,"ShowBismillah":false,"Text":"قَالُواْ سُبۡحَٰنَكَ أَنتَ وَلِيُّنَا مِن دُونِهِمۖ بَلۡ كَانُواْ يَعۡبُدُونَ ٱلۡجِنَّۖ أَكۡثَرُهُم بِهِم مُّؤۡمِنُونَ","TajweedText":"قَالُو<tajweed class=slnt>اْ</tajweed> سُ<tajweed class=qalaqah>بْ</tajweed>حَ<tajweed class=madda_normal>ـٰ</tajweed>نَكَ أَ<tajweed class=ikhafa>نت</tajweed>َ وَلِيُّنَا مِ<tajweed class=ikhafa>ن د</tajweed>ُونِه<tajweed class=ikhafa_shafawi>ِمۖ ب</tajweed>َلْ كَانُو<tajweed class=slnt>اْ</tajweed> يَعْبُدُونَ <tajweed class=ham_wasl>ٱ</tajweed>لْجِ<tajweed class=ghunnah>نّ</tajweed>َۖ أَكْثَرُه<tajweed class=ikhafa_shafawi>ُم ب</tajweed>ِه<tajweed class=idgham_shafawi>ِم م</tajweed>ُّؤْمِن<tajweed class=madda_permissible>ُو</tajweed>نَ <span class=end>٤١</span>","End":"٤١","PageNumber":433,"JuzNumber":22,"ManzilNumber":5,"RukuNumber":374,"MaqraNumber":173,"HizbNumber":44,"HizbDecimal":0.0,"HasSajda":false},{"SurahNumber":34,"SurahIndex":"034","VerseNumber":42,"ShowSurahName":false,"ShowBismillah":false,"Text":"فَٱلۡيَوۡمَ لَا يَمۡلِكُ بَعۡضُكُمۡ لِبَعۡضٖ نَّفۡعٗا وَلَا ضَرّٗا وَنَقُولُ لِلَّذِينَ ظَلَمُواْ ذُوقُواْ عَذَابَ ٱلنَّارِ ٱلَّتِي كُنتُم بِهَا تُكَذِّبُونَ","TajweedText":"فَ<tajweed class=ham_wasl>ٱ</tajweed>لْيَوْمَ لَا يَمْلِكُ بَعْضُكُمْ لِبَعْ<tajweed class=idgham_ghunnah>ضٍ ن</tajweed>َّفْ<tajweed class=idgham_ghunnah>عًا و</tajweed>َلَا ضَر<tajweed class=idgham_ghunnah>ًّا و</tajweed>َنَقُولُ لِلَّذِينَ ظَلَمُو<tajweed class=slnt>اْ</tajweed> ذُوقُو<tajweed class=slnt>اْ</tajweed> عَذَابَ <tajweed class=ham_wasl>ٱ</tajweed><tajweed class=laam_shamsiyah>ل</tajweed><tajweed class=ghunnah>نّ</tajweed>َارِ <tajweed class=ham_wasl>ٱ</tajweed>لَّتِى كُ<tajweed class=ikhafa>نت</tajweed><tajweed class=ikhafa_shafawi>ُم ب</tajweed>ِهَا تُكَذِّب<tajweed class=madda_permissible>ُو</tajweed>نَ <span class=end>٤٢</span>","End":"٤٢","PageNumber":433,"JuzNumber":22,"ManzilNumber":5,"RukuNumber":374,"MaqraNumber":173,"HizbNumber":44,"HizbDecimal":0.0,"HasSajda":false},{"SurahNumber":34,"SurahIndex":"034","VerseNumber":43,"ShowSurahName":false,"ShowBismillah":false,"Text":"وَإِذَا تُتۡلَىٰ عَلَيۡهِمۡ ءَايَٰتُنَا بَيِّنَٰتٖ قَالُواْ مَا هَٰذَآ إِلَّا رَجُلٞ يُرِيدُ أَن يَصُدَّكُمۡ عَمَّا كَانَ يَعۡبُدُ ءَابَآؤُكُمۡ وَقَالُواْ مَا هَٰذَآ إِلَّآ إِفۡكٞ مُّفۡتَرٗىۚ وَقَالَ ٱلَّذِينَ كَفَرُواْ لِلۡحَقِّ لَمَّا جَآءَهُمۡ إِنۡ هَٰذَآ إِلَّا سِحۡرٞ مُّبِينٞ","TajweedText":"وَإِذَا تُتْلَىٰ عَلَيْهِمْ ءَايَ<tajweed class=madda_normal>ـٰ</tajweed>تُنَا بَيِّنَ<tajweed class=madda_normal>ـٰ</tajweed><tajweed class=ikhafa>تٍ ق</tajweed>َالُو<tajweed class=slnt>اْ</tajweed> مَا هَ<tajweed class=madda_normal>ـٰ</tajweed>ذ<tajweed class=madda_obligatory>َآ</tajweed> إِلَّا رَجُ<tajweed class=idgham_ghunnah>لٌ ي</tajweed>ُرِيدُ أ<tajweed class=idgham_ghunnah>َن ي</tajweed>َصُدَّكُمْ عَ<tajweed class=ghunnah>مّ</tajweed>َا كَانَ يَعْبُدُ ءَاب<tajweed class=madda_obligatory>َا</tajweed>ٓؤُكُمْ وَقَالُو<tajweed class=slnt>اْ</tajweed> مَا هَ<tajweed class=madda_normal>ـٰ</tajweed>ذ<tajweed class=madda_obligatory>َآ</tajweed> إِلّ<tajweed class=madda_obligatory>َآ</tajweed> إِفْ<tajweed class=idgham_ghunnah>كٌ م</tajweed>ُّفْتَ<tajweed class=idgham_ghunnah>رًىۚ و</tajweed>َقَالَ <tajweed class=ham_wasl>ٱ</tajweed>لَّذِينَ كَفَرُو<tajweed class=slnt>اْ</tajweed> لِلْحَقِّ لَ<tajweed class=ghunnah>مّ</tajweed>َا ج<tajweed class=madda_obligatory>َا</tajweed>ٓءَهُمْ إِنْ هَ<tajweed class=madda_normal>ـٰ</tajweed>ذ<tajweed class=madda_obligatory>َآ</tajweed> إِلَّا سِحْ<tajweed class=idgham_ghunnah>رٌ م</tajweed>ُّب<tajweed class=madda_permissible>ِي</tajweed>نٌ <span class=end>٤٣</span>","End":"٤٣","PageNumber":433,"JuzNumber":22,"ManzilNumber":5,"RukuNumber":374,"MaqraNumber":173,"HizbNumber":44,"HizbDecimal":0.0,"HasSajda":false},{"SurahNumber":34,"SurahIndex":"034","VerseNumber":44,"ShowSurahName":false,"ShowBismillah":false,"Text":"وَمَآ ءَاتَيۡنَٰهُم مِّن كُتُبٖ يَدۡرُسُونَهَاۖ وَمَآ أَرۡسَلۡنَآ إِلَيۡهِمۡ قَبۡلَكَ مِن نَّذِيرٖ","TajweedText":"وَم<tajweed class=madda_obligatory>َآ</tajweed> ءَاتَيْنَ<tajweed class=madda_normal>ـٰ</tajweed>ه<tajweed class=idgham_shafawi>ُم م</tajweed>ِّ<tajweed class=ikhafa>ن ك</tajweed>ُتُ<tajweed class=idgham_ghunnah>بٍ ي</tajweed>َ<tajweed class=qalaqah>دْ</tajweed>رُسُونَهَاۖ وَم<tajweed class=madda_obligatory>َآ</tajweed> أَرْسَلْن<tajweed class=madda_obligatory>َآ</tajweed> إِلَيْهِمْ قَ<tajweed class=qalaqah>بْ</tajweed>لَكَ م<tajweed class=idgham_ghunnah>ِن ن</tajweed>َّذ<tajweed class=madda_permissible>ِي</tajweed>رٍ <span class=end>٤٤</span>","End":"٤٤","PageNumber":433,"JuzNumber":22,"ManzilNumber":5,"RukuNumber":374,"MaqraNumber":173,"HizbNumber":44,"HizbDecimal":0.0,"HasSajda":false},{"SurahNumber":34,"SurahIndex":"034","VerseNumber":45,"ShowSurahName":false,"ShowBismillah":false,"Text":"وَكَذَّبَ ٱلَّذِينَ مِن قَبۡلِهِمۡ وَمَا بَلَغُواْ مِعۡشَارَ مَآ ءَاتَيۡنَٰهُمۡ فَكَذَّبُواْ رُسُلِيۖ فَكَيۡفَ كَانَ نَكِيرِ","TajweedText":"وَكَذَّبَ <tajweed class=ham_wasl>ٱ</tajweed>لَّذِينَ مِ<tajweed class=ikhafa>ن ق</tajweed>َ<tajweed class=qalaqah>بْ</tajweed>لِهِمْ وَمَا بَلَغُو<tajweed class=slnt>اْ</tajweed> مِعْشَارَ م<tajweed class=madda_obligatory>َآ</tajweed> ءَاتَيْنَ<tajweed class=madda_normal>ـٰ</tajweed>هُمْ فَكَذَّبُو<tajweed class=slnt>اْ</tajweed> رُسُلِىۖ فَكَيْفَ كَانَ نَك<tajweed class=madda_permissible>ِي</tajweed>رِ <span class=end>٤٥</span>","End":"٤٥","PageNumber":433,"JuzNumber":22,"ManzilNumber":5,"RukuNumber":374,"MaqraNumber":173,"HizbNumber":44,"HizbDecimal":0.0,"HasSajda":false}]}