{"RukuNumber":414,"Verses":[{"SurahNumber":41,"SurahIndex":"041","VerseNumber":9,"ShowSurahName":false,"ShowBismillah":false,"Text":"۞قُلۡ أَئِنَّكُمۡ لَتَكۡفُرُونَ بِٱلَّذِي خَلَقَ ٱلۡأَرۡضَ فِي يَوۡمَيۡنِ وَتَجۡعَلُونَ لَهُۥٓ أَندَادٗاۚ ذَٰلِكَ رَبُّ ٱلۡعَٰلَمِينَ","TajweedText":"۞ قُلْ أَئِ<tajweed class=ghunnah>نّ</tajweed>َكُمْ لَتَكْفُرُونَ بِ<tajweed class=ham_wasl>ٱ</tajweed>لَّذِى خَلَقَ <tajweed class=ham_wasl>ٱ</tajweed>لْأَرْضَ فِى يَوْمَيْنِ وَتَ<tajweed class=qalaqah>جْ</tajweed>عَلُونَ لَهُ<tajweed class=madda_obligatory>ۥٓ</tajweed> أَ<tajweed class=ikhafa>ند</tajweed>َا<tajweed class=ikhafa>دًا‌ۚ ذ</tajweed><tajweed class=madda_normal>َٲ</tajweed>لِكَ رَبُّ <tajweed class=ham_wasl>ٱ</tajweed>لْعَ<tajweed class=madda_normal>ـٰ</tajweed>لَم<tajweed class=madda_permissible>ِي</tajweed>نَ <span class=end>٩</span>","End":"٩","PageNumber":477,"JuzNumber":24,"ManzilNumber":6,"RukuNumber":414,"MaqraNumber":191,"HizbNumber":48,"HizbDecimal":0.5,"HasSajda":false},{"SurahNumber":41,"SurahIndex":"041","VerseNumber":10,"ShowSurahName":false,"ShowBismillah":false,"Text":"وَجَعَلَ فِيهَا رَوَٰسِيَ مِن فَوۡقِهَا وَبَٰرَكَ فِيهَا وَقَدَّرَ فِيهَآ أَقۡوَٰتَهَا فِيٓ أَرۡبَعَةِ أَيَّامٖ سَوَآءٗ لِّلسَّآئِلِينَ","TajweedText":"وَجَعَلَ فِيهَا رَو<tajweed class=madda_normal>َٲ</tajweed>سِىَ مِ<tajweed class=ikhafa>ن ف</tajweed>َوْقِهَا وَبَ<tajweed class=madda_normal>ـٰ</tajweed>رَكَ فِيهَا وَقَدَّرَ فِيه<tajweed class=madda_obligatory>َآ</tajweed> أَ<tajweed class=qalaqah>قْ</tajweed>و<tajweed class=madda_normal>َٲ</tajweed>تَهَا ف<tajweed class=madda_obligatory>ِىٓ</tajweed> أَرْبَعَةِ أَيَّا<tajweed class=ikhafa>مٍ س</tajweed>َو<tajweed class=madda_obligatory>َا</tajweed>ٓ<tajweed class=idgham_wo_ghunnah>ءً ل</tajweed>ِّلسّ<tajweed class=madda_obligatory>َا</tajweed>ٓئِل<tajweed class=madda_permissible>ِي</tajweed>نَ <span class=end>١٠</span>","End":"١٠","PageNumber":477,"JuzNumber":24,"ManzilNumber":6,"RukuNumber":414,"MaqraNumber":191,"HizbNumber":48,"HizbDecimal":0.5,"HasSajda":false},{"SurahNumber":41,"SurahIndex":"041","VerseNumber":11,"ShowSurahName":false,"ShowBismillah":false,"Text":"ثُمَّ ٱسۡتَوَىٰٓ إِلَى ٱلسَّمَآءِ وَهِيَ دُخَانٞ فَقَالَ لَهَا وَلِلۡأَرۡضِ ٱئۡتِيَا طَوۡعًا أَوۡ كَرۡهٗا قَالَتَآ أَتَيۡنَا طَآئِعِينَ","TajweedText":"ثُ<tajweed class=ghunnah>مّ</tajweed>َ <tajweed class=ham_wasl>ٱ</tajweed>سْتَوَ<tajweed class=madda_obligatory>ىٰٓ</tajweed> إِلَى <tajweed class=ham_wasl>ٱ</tajweed><tajweed class=laam_shamsiyah>ل</tajweed>سَّم<tajweed class=madda_obligatory>َا</tajweed>ٓءِ وَهِىَ دُخَا<tajweed class=ikhafa>نٌ ف</tajweed>َقَالَ لَهَا وَلِلْأَرْضِ <tajweed class=ham_wasl>ٱ</tajweed>ئْتِيَا طَوْعًا أَوْ كَرْ<tajweed class=ikhafa>هًا ق</tajweed>َالَت<tajweed class=madda_obligatory>َآ</tajweed> أَتَيْنَا ط<tajweed class=madda_obligatory>َا</tajweed>ٓئِع<tajweed class=madda_permissible>ِي</tajweed>نَ <span class=end>١١</span>","End":"١١","PageNumber":477,"JuzNumber":24,"ManzilNumber":6,"RukuNumber":414,"MaqraNumber":191,"HizbNumber":48,"HizbDecimal":0.5,"HasSajda":false},{"SurahNumber":41,"SurahIndex":"041","VerseNumber":12,"ShowSurahName":false,"ShowBismillah":false,"Text":"فَقَضَىٰهُنَّ سَبۡعَ سَمَٰوَاتٖ فِي يَوۡمَيۡنِ وَأَوۡحَىٰ فِي كُلِّ سَمَآءٍ أَمۡرَهَاۚ وَزَيَّنَّا ٱلسَّمَآءَ ٱلدُّنۡيَا بِمَصَٰبِيحَ وَحِفۡظٗاۚ ذَٰلِكَ تَقۡدِيرُ ٱلۡعَزِيزِ ٱلۡعَلِيمِ","TajweedText":"فَقَضَ<tajweed class=madda_normal>ـٰ</tajweed>هُ<tajweed class=ghunnah>نّ</tajweed>َ سَ<tajweed class=qalaqah>بْ</tajweed>عَ سَمَ<tajweed class=madda_normal>ـٰ</tajweed>وَا<tajweed class=ikhafa>تٍ ف</tajweed>ِى يَوْمَيْنِ وَأَوْحَىٰ فِى كُلِّ سَم<tajweed class=madda_obligatory>َا</tajweed>ٓءٍ أَمْرَهَا‌ۚ وَزَيَّ<tajweed class=ghunnah>نّ</tajweed>َا <tajweed class=ham_wasl>ٱ</tajweed><tajweed class=laam_shamsiyah>ل</tajweed>سَّم<tajweed class=madda_obligatory>َا</tajweed>ٓءَ <tajweed class=ham_wasl>ٱ</tajweed><tajweed class=laam_shamsiyah>ل</tajweed>دُّنْيَا بِمَصَ<tajweed class=madda_normal>ـٰ</tajweed>بِيحَ وَحِفْ<tajweed class=ikhafa>ظًا‌ۚ ذ</tajweed><tajweed class=madda_normal>َٲ</tajweed>لِكَ تَ<tajweed class=qalaqah>قْ</tajweed>دِيرُ <tajweed class=ham_wasl>ٱ</tajweed>لْعَزِيزِ <tajweed class=ham_wasl>ٱ</tajweed>لْعَل<tajweed class=madda_permissible>ِي</tajweed>مِ <span class=end>١٢</span>","End":"١٢","PageNumber":478,"JuzNumber":24,"ManzilNumber":6,"RukuNumber":414,"MaqraNumber":191,"HizbNumber":48,"HizbDecimal":0.5,"HasSajda":false},{"SurahNumber":41,"SurahIndex":"041","VerseNumber":13,"ShowSurahName":false,"ShowBismillah":false,"Text":"فَإِنۡ أَعۡرَضُواْ فَقُلۡ أَنذَرۡتُكُمۡ صَٰعِقَةٗ مِّثۡلَ صَٰعِقَةِ عَادٖ وَثَمُودَ","TajweedText":"فَإِنْ أَعْرَضُو<tajweed class=slnt>اْ</tajweed> فَقُلْ أَ<tajweed class=ikhafa>نذ</tajweed>َرْتُكُمْ صَ<tajweed class=madda_normal>ـٰ</tajweed>عِقَ<tajweed class=idgham_ghunnah>ةً م</tajweed>ِّثْلَ صَ<tajweed class=madda_normal>ـٰ</tajweed>عِقَةِ عَا<tajweed class=idgham_ghunnah>دٍ و</tajweed>َثَم<tajweed class=madda_permissible>ُو</tajweed><tajweed class=qalaqah>د</tajweed>َ <span class=end>١٣</span>","End":"١٣","PageNumber":478,"JuzNumber":24,"ManzilNumber":6,"RukuNumber":414,"MaqraNumber":191,"HizbNumber":48,"HizbDecimal":0.5,"HasSajda":false},{"SurahNumber":41,"SurahIndex":"041","VerseNumber":14,"ShowSurahName":false,"ShowBismillah":false,"Text":"إِذۡ جَآءَتۡهُمُ ٱلرُّسُلُ مِنۢ بَيۡنِ أَيۡدِيهِمۡ وَمِنۡ خَلۡفِهِمۡ أَلَّا تَعۡبُدُوٓاْ إِلَّا ٱللَّهَۖ قَالُواْ لَوۡ شَآءَ رَبُّنَا لَأَنزَلَ مَلَـٰٓئِكَةٗ فَإِنَّا بِمَآ أُرۡسِلۡتُم بِهِۦ كَٰفِرُونَ","TajweedText":"إِذْ ج<tajweed class=madda_obligatory>َا</tajweed>ٓءَتْهُمُ <tajweed class=ham_wasl>ٱ</tajweed><tajweed class=laam_shamsiyah>ل</tajweed>رُّسُلُ م<tajweed class=iqlab>ِنۢ ب</tajweed>َيْنِ أَيْدِيهِمْ وَمِنْ خَلْفِهِمْ أَلَّا تَعْبُد<tajweed class=madda_obligatory>ُوٓ</tajweed><tajweed class=slnt>اْ</tajweed> إِلَّا <tajweed class=ham_wasl>ٱ</tajweed>للَّهَ‌ۖ قَالُو<tajweed class=slnt>اْ</tajweed> لَوْ ش<tajweed class=madda_obligatory>َا</tajweed>ٓءَ رَبُّنَا لَأَ<tajweed class=ikhafa>نز</tajweed>َلَ مَلَ<tajweed class=madda_obligatory>ـٰٓ</tajweed>ئِكَ<tajweed class=ikhafa>ةً ف</tajweed>َإِ<tajweed class=ghunnah>نّ</tajweed>َا بِم<tajweed class=madda_obligatory>َآ</tajweed> أُرْسِلْت<tajweed class=ikhafa_shafawi>ُم ب</tajweed>ِه<tajweed class=madda_normal>ِۦ</tajweed> كَ<tajweed class=madda_normal>ـٰ</tajweed>فِر<tajweed class=madda_permissible>ُو</tajweed>نَ <span class=end>١٤</span>","End":"١٤","PageNumber":478,"JuzNumber":24,"ManzilNumber":6,"RukuNumber":414,"MaqraNumber":191,"HizbNumber":48,"HizbDecimal":0.5,"HasSajda":false},{"SurahNumber":41,"SurahIndex":"041","VerseNumber":15,"ShowSurahName":false,"ShowBismillah":false,"Text":"فَأَمَّا عَادٞ فَٱسۡتَكۡبَرُواْ فِي ٱلۡأَرۡضِ بِغَيۡرِ ٱلۡحَقِّ وَقَالُواْ مَنۡ أَشَدُّ مِنَّا قُوَّةًۖ أَوَلَمۡ يَرَوۡاْ أَنَّ ٱللَّهَ ٱلَّذِي خَلَقَهُمۡ هُوَ أَشَدُّ مِنۡهُمۡ قُوَّةٗۖ وَكَانُواْ بِـَٔايَٰتِنَا يَجۡحَدُونَ","TajweedText":"فَأَ<tajweed class=ghunnah>مّ</tajweed>َا عَا<tajweed class=ikhafa>دٌ ف</tajweed>َ<tajweed class=ham_wasl>ٱ</tajweed>سْتَكْبَرُو<tajweed class=slnt>اْ</tajweed> فِى <tajweed class=ham_wasl>ٱ</tajweed>لْأَرْضِ بِغَيْرِ <tajweed class=ham_wasl>ٱ</tajweed>لْحَقِّ وَقَالُو<tajweed class=slnt>اْ</tajweed> مَنْ أَشَدُّ مِ<tajweed class=ghunnah>نّ</tajweed>َا قُوَّةً‌ۖ أَوَلَمْ يَرَوْ<tajweed class=slnt>اْ</tajweed> أَ<tajweed class=ghunnah>نّ</tajweed>َ <tajweed class=ham_wasl>ٱ</tajweed>للَّهَ <tajweed class=ham_wasl>ٱ</tajweed>لَّذِى خَلَقَهُمْ هُوَ أَشَدُّ مِنْهُمْ قُوَّ<tajweed class=idgham_ghunnah>ةً‌ۖ و</tajweed>َكَانُو<tajweed class=slnt>اْ</tajweed> بِـَٔـايَ<tajweed class=madda_normal>ـٰ</tajweed>تِنَا يَ<tajweed class=qalaqah>جْ</tajweed>حَد<tajweed class=madda_permissible>ُو</tajweed>نَ <span class=end>١٥</span>","End":"١٥","PageNumber":478,"JuzNumber":24,"ManzilNumber":6,"RukuNumber":414,"MaqraNumber":191,"HizbNumber":48,"HizbDecimal":0.5,"HasSajda":false},{"SurahNumber":41,"SurahIndex":"041","VerseNumber":16,"ShowSurahName":false,"ShowBismillah":false,"Text":"فَأَرۡسَلۡنَا عَلَيۡهِمۡ رِيحٗا صَرۡصَرٗا فِيٓ أَيَّامٖ نَّحِسَاتٖ لِّنُذِيقَهُمۡ عَذَابَ ٱلۡخِزۡيِ فِي ٱلۡحَيَوٰةِ ٱلدُّنۡيَاۖ وَلَعَذَابُ ٱلۡأٓخِرَةِ أَخۡزَىٰۖ وَهُمۡ لَا يُنصَرُونَ","TajweedText":"فَأَرْسَلْنَا عَلَيْهِمْ رِي<tajweed class=ikhafa>حًا ص</tajweed>َرْصَ<tajweed class=ikhafa>رًا ف</tajweed><tajweed class=madda_obligatory>ِىٓ</tajweed> أَيَّا<tajweed class=idgham_ghunnah>مٍ ن</tajweed>َّحِسَا<tajweed class=idgham_wo_ghunnah>تٍ ل</tajweed>ِّنُذِيقَهُمْ عَذَابَ <tajweed class=ham_wasl>ٱ</tajweed>لْخِزْىِ فِى <tajweed class=ham_wasl>ٱ</tajweed>لْحَيَ<tajweed class=slnt>و</tajweed><tajweed class=madda_normal>ٲ</tajweed>ةِ <tajweed class=ham_wasl>ٱ</tajweed><tajweed class=laam_shamsiyah>ل</tajweed>دُّنْيَا‌ۖ وَلَعَذَابُ <tajweed class=ham_wasl>ٱ</tajweed>لْأَخِرَةِ أَخْزَىٰ‌ۖ وَهُمْ لَا يُ<tajweed class=ikhafa>نص</tajweed>َر<tajweed class=madda_permissible>ُو</tajweed>نَ <span class=end>١٦</span>","End":"١٦","PageNumber":478,"JuzNumber":24,"ManzilNumber":6,"RukuNumber":414,"MaqraNumber":191,"HizbNumber":48,"HizbDecimal":0.5,"HasSajda":false},{"SurahNumber":41,"SurahIndex":"041","VerseNumber":17,"ShowSurahName":false,"ShowBismillah":false,"Text":"وَأَمَّا ثَمُودُ فَهَدَيۡنَٰهُمۡ فَٱسۡتَحَبُّواْ ٱلۡعَمَىٰ عَلَى ٱلۡهُدَىٰ فَأَخَذَتۡهُمۡ صَٰعِقَةُ ٱلۡعَذَابِ ٱلۡهُونِ بِمَا كَانُواْ يَكۡسِبُونَ","TajweedText":"وَأَ<tajweed class=ghunnah>مّ</tajweed>َا ثَمُودُ فَهَدَيْنَ<tajweed class=madda_normal>ـٰ</tajweed>هُمْ فَ<tajweed class=ham_wasl>ٱ</tajweed>سْتَحَبُّو<tajweed class=slnt>اْ</tajweed> <tajweed class=ham_wasl>ٱ</tajweed>لْعَمَىٰ عَلَى <tajweed class=ham_wasl>ٱ</tajweed>لْهُدَىٰ فَأَخَذَتْهُمْ صَ<tajweed class=madda_normal>ـٰ</tajweed>عِقَةُ <tajweed class=ham_wasl>ٱ</tajweed>لْعَذَابِ <tajweed class=ham_wasl>ٱ</tajweed>لْهُونِ بِمَا كَانُو<tajweed class=slnt>اْ</tajweed> يَكْسِب<tajweed class=madda_permissible>ُو</tajweed>نَ <span class=end>١٧</span>","End":"١٧","PageNumber":478,"JuzNumber":24,"ManzilNumber":6,"RukuNumber":414,"MaqraNumber":191,"HizbNumber":48,"HizbDecimal":0.5,"HasSajda":false},{"SurahNumber":41,"SurahIndex":"041","VerseNumber":18,"ShowSurahName":false,"ShowBismillah":false,"Text":"وَنَجَّيۡنَا ٱلَّذِينَ ءَامَنُواْ وَكَانُواْ يَتَّقُونَ","TajweedText":"وَنَجَّيْنَا <tajweed class=ham_wasl>ٱ</tajweed>لَّذِينَ ءَامَنُو<tajweed class=slnt>اْ</tajweed> وَكَانُو<tajweed class=slnt>اْ</tajweed> يَتَّق<tajweed class=madda_permissible>ُو</tajweed>نَ <span class=end>١٨</span>","End":"١٨","PageNumber":478,"JuzNumber":24,"ManzilNumber":6,"RukuNumber":414,"MaqraNumber":191,"HizbNumber":48,"HizbDecimal":0.5,"HasSajda":false}]}