{"RukuNumber":512,"Verses":[{"SurahNumber":75,"SurahIndex":"075","VerseNumber":1,"ShowSurahName":true,"ShowBismillah":true,"Text":"لَآ أُقۡسِمُ بِيَوۡمِ ٱلۡقِيَٰمَةِ","TajweedText":"ل<tajweed class=madda_obligatory>َآ</tajweed> أُ<tajweed class=qalaqah>قْ</tajweed>سِمُ بِيَوْمِ <tajweed class=ham_wasl>ٱ</tajweed>لْقِيَ<tajweed class=madda_normal>ـٰ</tajweed>مَةِ <span class=end>١</span>","End":"١","PageNumber":577,"JuzNumber":29,"ManzilNumber":7,"RukuNumber":512,"MaqraNumber":231,"HizbNumber":58,"HizbDecimal":0.5,"HasSajda":false},{"SurahNumber":75,"SurahIndex":"075","VerseNumber":2,"ShowSurahName":false,"ShowBismillah":false,"Text":"وَلَآ أُقۡسِمُ بِٱلنَّفۡسِ ٱللَّوَّامَةِ","TajweedText":"وَل<tajweed class=madda_obligatory>َآ</tajweed> أُ<tajweed class=qalaqah>قْ</tajweed>سِمُ بِ<tajweed class=ham_wasl>ٱ</tajweed><tajweed class=laam_shamsiyah>ل</tajweed><tajweed class=ghunnah>نّ</tajweed>َفْسِ <tajweed class=ham_wasl>ٱ</tajweed><tajweed class=laam_shamsiyah>ل</tajweed>لَّوَّامَةِ <span class=end>٢</span>","End":"٢","PageNumber":577,"JuzNumber":29,"ManzilNumber":7,"RukuNumber":512,"MaqraNumber":231,"HizbNumber":58,"HizbDecimal":0.5,"HasSajda":false},{"SurahNumber":75,"SurahIndex":"075","VerseNumber":3,"ShowSurahName":false,"ShowBismillah":false,"Text":"أَيَحۡسَبُ ٱلۡإِنسَٰنُ أَلَّن نَّجۡمَعَ عِظَامَهُۥ","TajweedText":"أَيَحْسَبُ <tajweed class=ham_wasl>ٱ</tajweed>لْإِ<tajweed class=ikhafa>نس</tajweed>َ<tajweed class=madda_normal>ـٰ</tajweed>نُ أَلّ<tajweed class=idgham_ghunnah>َن ن</tajweed>َّ<tajweed class=qalaqah>جْ</tajweed>مَعَ عِظَامَهُۥ <span class=end>٣</span>","End":"٣","PageNumber":577,"JuzNumber":29,"ManzilNumber":7,"RukuNumber":512,"MaqraNumber":231,"HizbNumber":58,"HizbDecimal":0.5,"HasSajda":false},{"SurahNumber":75,"SurahIndex":"075","VerseNumber":4,"ShowSurahName":false,"ShowBismillah":false,"Text":"بَلَىٰ قَٰدِرِينَ عَلَىٰٓ أَن نُّسَوِّيَ بَنَانَهُۥ","TajweedText":"بَلَىٰ قَ<tajweed class=madda_normal>ـٰ</tajweed>دِرِينَ عَلَ<tajweed class=madda_obligatory>ىٰٓ</tajweed> أ<tajweed class=idgham_ghunnah>َن ن</tajweed>ُّسَوِّىَ بَنَانَهُۥ <span class=end>٤</span>","End":"٤","PageNumber":577,"JuzNumber":29,"ManzilNumber":7,"RukuNumber":512,"MaqraNumber":231,"HizbNumber":58,"HizbDecimal":0.5,"HasSajda":false},{"SurahNumber":75,"SurahIndex":"075","VerseNumber":5,"ShowSurahName":false,"ShowBismillah":false,"Text":"بَلۡ يُرِيدُ ٱلۡإِنسَٰنُ لِيَفۡجُرَ أَمَامَهُۥ","TajweedText":"بَلْ يُرِيدُ <tajweed class=ham_wasl>ٱ</tajweed>لْإِ<tajweed class=ikhafa>نس</tajweed>َ<tajweed class=madda_normal>ـٰ</tajweed>نُ لِيَفْجُرَ أَمَامَهُۥ <span class=end>٥</span>","End":"٥","PageNumber":577,"JuzNumber":29,"ManzilNumber":7,"RukuNumber":512,"MaqraNumber":231,"HizbNumber":58,"HizbDecimal":0.5,"HasSajda":false},{"SurahNumber":75,"SurahIndex":"075","VerseNumber":6,"ShowSurahName":false,"ShowBismillah":false,"Text":"يَسۡـَٔلُ أَيَّانَ يَوۡمُ ٱلۡقِيَٰمَةِ","TajweedText":"يَسْــَٔلُ أَيَّانَ يَوْمُ <tajweed class=ham_wasl>ٱ</tajweed>لْقِيَ<tajweed class=madda_normal>ـٰ</tajweed>مَةِ <span class=end>٦</span>","End":"٦","PageNumber":577,"JuzNumber":29,"ManzilNumber":7,"RukuNumber":512,"MaqraNumber":231,"HizbNumber":58,"HizbDecimal":0.5,"HasSajda":false},{"SurahNumber":75,"SurahIndex":"075","VerseNumber":7,"ShowSurahName":false,"ShowBismillah":false,"Text":"فَإِذَا بَرِقَ ٱلۡبَصَرُ","TajweedText":"فَإِذَا بَرِقَ <tajweed class=ham_wasl>ٱ</tajweed>لْبَصَرُ <span class=end>٧</span>","End":"٧","PageNumber":577,"JuzNumber":29,"ManzilNumber":7,"RukuNumber":512,"MaqraNumber":231,"HizbNumber":58,"HizbDecimal":0.5,"HasSajda":false},{"SurahNumber":75,"SurahIndex":"075","VerseNumber":8,"ShowSurahName":false,"ShowBismillah":false,"Text":"وَخَسَفَ ٱلۡقَمَرُ","TajweedText":"وَخَسَفَ <tajweed class=ham_wasl>ٱ</tajweed>لْقَمَرُ <span class=end>٨</span>","End":"٨","PageNumber":577,"JuzNumber":29,"ManzilNumber":7,"RukuNumber":512,"MaqraNumber":231,"HizbNumber":58,"HizbDecimal":0.5,"HasSajda":false},{"SurahNumber":75,"SurahIndex":"075","VerseNumber":9,"ShowSurahName":false,"ShowBismillah":false,"Text":"وَجُمِعَ ٱلشَّمۡسُ وَٱلۡقَمَرُ","TajweedText":"وَجُمِعَ <tajweed class=ham_wasl>ٱ</tajweed><tajweed class=laam_shamsiyah>ل</tajweed>شَّمْسُ وَ<tajweed class=ham_wasl>ٱ</tajweed>لْقَمَرُ <span class=end>٩</span>","End":"٩","PageNumber":577,"JuzNumber":29,"ManzilNumber":7,"RukuNumber":512,"MaqraNumber":231,"HizbNumber":58,"HizbDecimal":0.5,"HasSajda":false},{"SurahNumber":75,"SurahIndex":"075","VerseNumber":10,"ShowSurahName":false,"ShowBismillah":false,"Text":"يَقُولُ ٱلۡإِنسَٰنُ يَوۡمَئِذٍ أَيۡنَ ٱلۡمَفَرُّ","TajweedText":"يَقُولُ <tajweed class=ham_wasl>ٱ</tajweed>لْإِ<tajweed class=ikhafa>نس</tajweed>َ<tajweed class=madda_normal>ـٰ</tajweed>نُ يَوْمَئِذٍ أَيْنَ <tajweed class=ham_wasl>ٱ</tajweed>لْمَفَرُّ <span class=end>١٠</span>","End":"١٠","PageNumber":577,"JuzNumber":29,"ManzilNumber":7,"RukuNumber":512,"MaqraNumber":231,"HizbNumber":58,"HizbDecimal":0.5,"HasSajda":false},{"SurahNumber":75,"SurahIndex":"075","VerseNumber":11,"ShowSurahName":false,"ShowBismillah":false,"Text":"كَلَّا لَا وَزَرَ","TajweedText":"كَلَّا لَا وَزَرَ <span class=end>١١</span>","End":"١١","PageNumber":577,"JuzNumber":29,"ManzilNumber":7,"RukuNumber":512,"MaqraNumber":231,"HizbNumber":58,"HizbDecimal":0.5,"HasSajda":false},{"SurahNumber":75,"SurahIndex":"075","VerseNumber":12,"ShowSurahName":false,"ShowBismillah":false,"Text":"إِلَىٰ رَبِّكَ يَوۡمَئِذٍ ٱلۡمُسۡتَقَرُّ","TajweedText":"إِلَىٰ رَبِّكَ يَوْمَئِذٍ <tajweed class=ham_wasl>ٱ</tajweed>لْمُسْتَقَرُّ <span class=end>١٢</span>","End":"١٢","PageNumber":577,"JuzNumber":29,"ManzilNumber":7,"RukuNumber":512,"MaqraNumber":231,"HizbNumber":58,"HizbDecimal":0.5,"HasSajda":false},{"SurahNumber":75,"SurahIndex":"075","VerseNumber":13,"ShowSurahName":false,"ShowBismillah":false,"Text":"يُنَبَّؤُاْ ٱلۡإِنسَٰنُ يَوۡمَئِذِۭ بِمَا قَدَّمَ وَأَخَّرَ","TajweedText":"يُنَبَّؤُ<tajweed class=slnt>اْ</tajweed> <tajweed class=ham_wasl>ٱ</tajweed>لْإِ<tajweed class=ikhafa>نس</tajweed>َ<tajweed class=madda_normal>ـٰ</tajweed>نُ يَوْمَئِ<tajweed class=iqlab>ذِۭ ب</tajweed>ِمَا قَدَّمَ وَأَخَّرَ <span class=end>١٣</span>","End":"١٣","PageNumber":577,"JuzNumber":29,"ManzilNumber":7,"RukuNumber":512,"MaqraNumber":231,"HizbNumber":58,"HizbDecimal":0.5,"HasSajda":false},{"SurahNumber":75,"SurahIndex":"075","VerseNumber":14,"ShowSurahName":false,"ShowBismillah":false,"Text":"بَلِ ٱلۡإِنسَٰنُ عَلَىٰ نَفۡسِهِۦ بَصِيرَةٞ","TajweedText":"بَلِ <tajweed class=ham_wasl>ٱ</tajweed>لْإِ<tajweed class=ikhafa>نس</tajweed>َ<tajweed class=madda_normal>ـٰ</tajweed>نُ عَلَىٰ نَفْسِه<tajweed class=madda_normal>ِۦ</tajweed> بَصِيرَةٌ <span class=end>١٤</span>","End":"١٤","PageNumber":577,"JuzNumber":29,"ManzilNumber":7,"RukuNumber":512,"MaqraNumber":231,"HizbNumber":58,"HizbDecimal":0.5,"HasSajda":false},{"SurahNumber":75,"SurahIndex":"075","VerseNumber":15,"ShowSurahName":false,"ShowBismillah":false,"Text":"وَلَوۡ أَلۡقَىٰ مَعَاذِيرَهُۥ","TajweedText":"وَلَوْ أَلْقَىٰ مَعَاذِيرَهُۥ <span class=end>١٥</span>","End":"١٥","PageNumber":577,"JuzNumber":29,"ManzilNumber":7,"RukuNumber":512,"MaqraNumber":231,"HizbNumber":58,"HizbDecimal":0.5,"HasSajda":false},{"SurahNumber":75,"SurahIndex":"075","VerseNumber":16,"ShowSurahName":false,"ShowBismillah":false,"Text":"لَا تُحَرِّكۡ بِهِۦ لِسَانَكَ لِتَعۡجَلَ بِهِۦٓ","TajweedText":"لَا تُحَرِّكْ بِه<tajweed class=madda_normal>ِۦ</tajweed> لِسَانَكَ لِتَعْجَلَ بِهِۦٓ <span class=end>١٦</span>","End":"١٦","PageNumber":577,"JuzNumber":29,"ManzilNumber":7,"RukuNumber":512,"MaqraNumber":231,"HizbNumber":58,"HizbDecimal":0.5,"HasSajda":false},{"SurahNumber":75,"SurahIndex":"075","VerseNumber":17,"ShowSurahName":false,"ShowBismillah":false,"Text":"إِنَّ عَلَيۡنَا جَمۡعَهُۥ وَقُرۡءَانَهُۥ","TajweedText":"إِ<tajweed class=ghunnah>نّ</tajweed>َ عَلَيْنَا جَمْعَهُ<tajweed class=madda_normal>ۥ</tajweed> وَقُرْءَانَهُۥ <span class=end>١٧</span>","End":"١٧","PageNumber":577,"JuzNumber":29,"ManzilNumber":7,"RukuNumber":512,"MaqraNumber":231,"HizbNumber":58,"HizbDecimal":0.5,"HasSajda":false},{"SurahNumber":75,"SurahIndex":"075","VerseNumber":18,"ShowSurahName":false,"ShowBismillah":false,"Text":"فَإِذَا قَرَأۡنَٰهُ فَٱتَّبِعۡ قُرۡءَانَهُۥ","TajweedText":"فَإِذَا قَرَأْنَ<tajweed class=madda_normal>ـٰ</tajweed>هُ فَ<tajweed class=ham_wasl>ٱ</tajweed>تَّبِعْ قُرْءَانَهُۥ <span class=end>١٨</span>","End":"١٨","PageNumber":577,"JuzNumber":29,"ManzilNumber":7,"RukuNumber":512,"MaqraNumber":231,"HizbNumber":58,"HizbDecimal":0.5,"HasSajda":false},{"SurahNumber":75,"SurahIndex":"075","VerseNumber":19,"ShowSurahName":false,"ShowBismillah":false,"Text":"ثُمَّ إِنَّ عَلَيۡنَا بَيَانَهُۥ","TajweedText":"ثُ<tajweed class=ghunnah>مّ</tajweed>َ إِ<tajweed class=ghunnah>نّ</tajweed>َ عَلَيْنَا بَيَانَهُۥ <span class=end>١٩</span>","End":"١٩","PageNumber":577,"JuzNumber":29,"ManzilNumber":7,"RukuNumber":512,"MaqraNumber":231,"HizbNumber":58,"HizbDecimal":0.5,"HasSajda":false},{"SurahNumber":75,"SurahIndex":"075","VerseNumber":20,"ShowSurahName":false,"ShowBismillah":false,"Text":"كَلَّا بَلۡ تُحِبُّونَ ٱلۡعَاجِلَةَ","TajweedText":"كَلَّا بَلْ تُحِبُّونَ <tajweed class=ham_wasl>ٱ</tajweed>لْعَاجِلَةَ <span class=end>٢٠</span>","End":"٢٠","PageNumber":578,"JuzNumber":29,"ManzilNumber":7,"RukuNumber":512,"MaqraNumber":231,"HizbNumber":58,"HizbDecimal":0.5,"HasSajda":false},{"SurahNumber":75,"SurahIndex":"075","VerseNumber":21,"ShowSurahName":false,"ShowBismillah":false,"Text":"وَتَذَرُونَ ٱلۡأٓخِرَةَ","TajweedText":"وَتَذَرُونَ <tajweed class=ham_wasl>ٱ</tajweed>لْأَخِرَةَ <span class=end>٢١</span>","End":"٢١","PageNumber":578,"JuzNumber":29,"ManzilNumber":7,"RukuNumber":512,"MaqraNumber":231,"HizbNumber":58,"HizbDecimal":0.5,"HasSajda":false},{"SurahNumber":75,"SurahIndex":"075","VerseNumber":22,"ShowSurahName":false,"ShowBismillah":false,"Text":"وُجُوهٞ يَوۡمَئِذٖ نَّاضِرَةٌ","TajweedText":"وُجُو<tajweed class=idgham_ghunnah>هٌ ي</tajweed>َوْمَئِ<tajweed class=idgham_ghunnah>ذٍ ن</tajweed>َّاضِرَةٌ <span class=end>٢٢</span>","End":"٢٢","PageNumber":578,"JuzNumber":29,"ManzilNumber":7,"RukuNumber":512,"MaqraNumber":231,"HizbNumber":58,"HizbDecimal":0.5,"HasSajda":false},{"SurahNumber":75,"SurahIndex":"075","VerseNumber":23,"ShowSurahName":false,"ShowBismillah":false,"Text":"إِلَىٰ رَبِّهَا نَاظِرَةٞ","TajweedText":"إِلَىٰ رَبِّهَا نَاظِرَةٌ <span class=end>٢٣</span>","End":"٢٣","PageNumber":578,"JuzNumber":29,"ManzilNumber":7,"RukuNumber":512,"MaqraNumber":231,"HizbNumber":58,"HizbDecimal":0.5,"HasSajda":false},{"SurahNumber":75,"SurahIndex":"075","VerseNumber":24,"ShowSurahName":false,"ShowBismillah":false,"Text":"وَوُجُوهٞ يَوۡمَئِذِۭ بَاسِرَةٞ","TajweedText":"وَوُجُو<tajweed class=idgham_ghunnah>هٌ ي</tajweed>َوْمَئِ<tajweed class=iqlab>ذِۭ ب</tajweed>َاسِرَةٌ <span class=end>٢٤</span>","End":"٢٤","PageNumber":578,"JuzNumber":29,"ManzilNumber":7,"RukuNumber":512,"MaqraNumber":231,"HizbNumber":58,"HizbDecimal":0.5,"HasSajda":false},{"SurahNumber":75,"SurahIndex":"075","VerseNumber":25,"ShowSurahName":false,"ShowBismillah":false,"Text":"تَظُنُّ أَن يُفۡعَلَ بِهَا فَاقِرَةٞ","TajweedText":"تَظُ<tajweed class=ghunnah>نّ</tajweed>ُ أ<tajweed class=idgham_ghunnah>َن ي</tajweed>ُفْعَلَ بِهَا فَاقِرَةٌ <span class=end>٢٥</span>","End":"٢٥","PageNumber":578,"JuzNumber":29,"ManzilNumber":7,"RukuNumber":512,"MaqraNumber":231,"HizbNumber":58,"HizbDecimal":0.5,"HasSajda":false},{"SurahNumber":75,"SurahIndex":"075","VerseNumber":26,"ShowSurahName":false,"ShowBismillah":false,"Text":"كَلَّآ إِذَا بَلَغَتِ ٱلتَّرَاقِيَ","TajweedText":"كَلّ<tajweed class=madda_obligatory>َآ</tajweed> إِذَا بَلَغَتِ <tajweed class=ham_wasl>ٱ</tajweed><tajweed class=laam_shamsiyah>ل</tajweed>تَّرَاقِىَ <span class=end>٢٦</span>","End":"٢٦","PageNumber":578,"JuzNumber":29,"ManzilNumber":7,"RukuNumber":512,"MaqraNumber":231,"HizbNumber":58,"HizbDecimal":0.5,"HasSajda":false},{"SurahNumber":75,"SurahIndex":"075","VerseNumber":27,"ShowSurahName":false,"ShowBismillah":false,"Text":"وَقِيلَ مَنۡۜ رَاقٖ","TajweedText":"وَقِيلَ م<tajweed class=idgham_wo_ghunnah>َنْۜ ر</tajweed><tajweed class=madda_permissible>َا</tajweed><tajweed class=qalaqah>ق</tajweed>ٍ <span class=end>٢٧</span>","End":"٢٧","PageNumber":578,"JuzNumber":29,"ManzilNumber":7,"RukuNumber":512,"MaqraNumber":231,"HizbNumber":58,"HizbDecimal":0.5,"HasSajda":false},{"SurahNumber":75,"SurahIndex":"075","VerseNumber":28,"ShowSurahName":false,"ShowBismillah":false,"Text":"وَظَنَّ أَنَّهُ ٱلۡفِرَاقُ","TajweedText":"وَظَ<tajweed class=ghunnah>نّ</tajweed>َ أَ<tajweed class=ghunnah>نّ</tajweed>َهُ <tajweed class=ham_wasl>ٱ</tajweed>لْفِر<tajweed class=madda_permissible>َا</tajweed><tajweed class=qalaqah>ق</tajweed>ُ <span class=end>٢٨</span>","End":"٢٨","PageNumber":578,"JuzNumber":29,"ManzilNumber":7,"RukuNumber":512,"MaqraNumber":231,"HizbNumber":58,"HizbDecimal":0.5,"HasSajda":false},{"SurahNumber":75,"SurahIndex":"075","VerseNumber":29,"ShowSurahName":false,"ShowBismillah":false,"Text":"وَٱلۡتَفَّتِ ٱلسَّاقُ بِٱلسَّاقِ","TajweedText":"وَ<tajweed class=ham_wasl>ٱ</tajweed>لْتَفَّتِ <tajweed class=ham_wasl>ٱ</tajweed><tajweed class=laam_shamsiyah>ل</tajweed>سَّاقُ بِ<tajweed class=ham_wasl>ٱ</tajweed><tajweed class=laam_shamsiyah>ل</tajweed>سّ<tajweed class=madda_permissible>َا</tajweed><tajweed class=qalaqah>ق</tajweed>ِ <span class=end>٢٩</span>","End":"٢٩","PageNumber":578,"JuzNumber":29,"ManzilNumber":7,"RukuNumber":512,"MaqraNumber":231,"HizbNumber":58,"HizbDecimal":0.5,"HasSajda":false},{"SurahNumber":75,"SurahIndex":"075","VerseNumber":30,"ShowSurahName":false,"ShowBismillah":false,"Text":"إِلَىٰ رَبِّكَ يَوۡمَئِذٍ ٱلۡمَسَاقُ","TajweedText":"إِلَىٰ رَبِّكَ يَوْمَئِذٍ <tajweed class=ham_wasl>ٱ</tajweed>لْمَس<tajweed class=madda_permissible>َا</tajweed><tajweed class=qalaqah>ق</tajweed>ُ <span class=end>٣٠</span>","End":"٣٠","PageNumber":578,"JuzNumber":29,"ManzilNumber":7,"RukuNumber":512,"MaqraNumber":231,"HizbNumber":58,"HizbDecimal":0.5,"HasSajda":false}]}