{"RukuNumber":482,"Verses":[{"SurahNumber":60,"SurahIndex":"060","VerseNumber":1,"ShowSurahName":true,"ShowBismillah":true,"Text":"يَـٰٓأَيُّهَا ٱلَّذِينَ ءَامَنُواْ لَا تَتَّخِذُواْ عَدُوِّي وَعَدُوَّكُمۡ أَوۡلِيَآءَ تُلۡقُونَ إِلَيۡهِم بِٱلۡمَوَدَّةِ وَقَدۡ كَفَرُواْ بِمَا جَآءَكُم مِّنَ ٱلۡحَقِّ يُخۡرِجُونَ ٱلرَّسُولَ وَإِيَّاكُمۡ أَن تُؤۡمِنُواْ بِٱللَّهِ رَبِّكُمۡ إِن كُنتُمۡ خَرَجۡتُمۡ جِهَٰدٗا فِي سَبِيلِي وَٱبۡتِغَآءَ مَرۡضَاتِيۚ تُسِرُّونَ إِلَيۡهِم بِٱلۡمَوَدَّةِ وَأَنَا۠ أَعۡلَمُ بِمَآ أَخۡفَيۡتُمۡ وَمَآ أَعۡلَنتُمۡۚ وَمَن يَفۡعَلۡهُ مِنكُمۡ فَقَدۡ ضَلَّ سَوَآءَ ٱلسَّبِيلِ","TajweedText":"يَ<tajweed class=madda_obligatory>ـٰٓ</tajweed>أَيُّهَا <tajweed class=ham_wasl>ٱ</tajweed>لَّذِينَ ءَامَنُو<tajweed class=slnt>اْ</tajweed> لَا تَتَّخِذُو<tajweed class=slnt>اْ</tajweed> عَدُوِّى وَعَدُوَّكُمْ أَوْلِي<tajweed class=madda_obligatory>َا</tajweed>ٓءَ تُلْقُونَ إِلَيْه<tajweed class=ikhafa_shafawi>ِم ب</tajweed>ِ<tajweed class=ham_wasl>ٱ</tajweed>لْمَوَدَّةِ وَقَ<tajweed class=qalaqah>دْ</tajweed> كَفَرُو<tajweed class=slnt>اْ</tajweed> بِمَا ج<tajweed class=madda_obligatory>َا</tajweed>ٓءَك<tajweed class=idgham_shafawi>ُم م</tajweed>ِّنَ <tajweed class=ham_wasl>ٱ</tajweed>لْحَقِّ يُخْرِجُونَ <tajweed class=ham_wasl>ٱ</tajweed><tajweed class=laam_shamsiyah>ل</tajweed>رَّسُولَ وَإِيَّاكُمْ‌ۙ أَ<tajweed class=ikhafa>ن ت</tajweed>ُؤْمِنُو<tajweed class=slnt>اْ</tajweed> بِ<tajweed class=ham_wasl>ٱ</tajweed>للَّهِ رَبِّكُمْ إِ<tajweed class=ikhafa>ن ك</tajweed>ُ<tajweed class=ikhafa>نت</tajweed>ُمْ خَرَ<tajweed class=qalaqah>جْ</tajweed>تُمْ جِهَ<tajweed class=madda_normal>ـٰ</tajweed><tajweed class=ikhafa>دًا ف</tajweed>ِى سَبِيلِى وَ<tajweed class=ham_wasl>ٱ</tajweed><tajweed class=qalaqah>بْ</tajweed>تِغ<tajweed class=madda_obligatory>َا</tajweed>ٓءَ مَرْضَاتِى‌ۚ تُسِرُّونَ إِلَيْه<tajweed class=ikhafa_shafawi>ِم ب</tajweed>ِ<tajweed class=ham_wasl>ٱ</tajweed>لْمَوَدَّةِ وَأَنَا۟ أَعْلَمُ بِم<tajweed class=madda_obligatory>َآ</tajweed> أَخْفَيْتُمْ وَم<tajweed class=madda_obligatory>َآ</tajweed> أَعْلَ<tajweed class=ikhafa>نت</tajweed>ُمْ‌ۚ وَم<tajweed class=idgham_ghunnah>َن ي</tajweed>َفْعَلْهُ مِ<tajweed class=ikhafa>نك</tajweed>ُمْ فَقَ<tajweed class=qalaqah>دْ</tajweed> ضَلَّ سَو<tajweed class=madda_obligatory>َا</tajweed>ٓءَ <tajweed class=ham_wasl>ٱ</tajweed><tajweed class=laam_shamsiyah>ل</tajweed>سَّب<tajweed class=madda_permissible>ِي</tajweed>لِ <span class=end>١</span>","End":"١","PageNumber":549,"JuzNumber":28,"ManzilNumber":7,"RukuNumber":482,"MaqraNumber":219,"HizbNumber":55,"HizbDecimal":0.5,"HasSajda":false},{"SurahNumber":60,"SurahIndex":"060","VerseNumber":2,"ShowSurahName":false,"ShowBismillah":false,"Text":"إِن يَثۡقَفُوكُمۡ يَكُونُواْ لَكُمۡ أَعۡدَآءٗ وَيَبۡسُطُوٓاْ إِلَيۡكُمۡ أَيۡدِيَهُمۡ وَأَلۡسِنَتَهُم بِٱلسُّوٓءِ وَوَدُّواْ لَوۡ تَكۡفُرُونَ","TajweedText":"إ<tajweed class=idgham_ghunnah>ِن ي</tajweed>َثْقَفُوكُمْ يَكُونُو<tajweed class=slnt>اْ</tajweed> لَكُمْ أَعْد<tajweed class=madda_obligatory>َا</tajweed>ٓ<tajweed class=idgham_ghunnah>ءً و</tajweed>َيَ<tajweed class=qalaqah>بْ</tajweed>سُط<tajweed class=madda_obligatory>ُوٓ</tajweed><tajweed class=slnt>اْ</tajweed> إِلَيْكُمْ أَيْدِيَهُمْ وَأَلْسِنَتَه<tajweed class=ikhafa_shafawi>ُم ب</tajweed>ِ<tajweed class=ham_wasl>ٱ</tajweed><tajweed class=laam_shamsiyah>ل</tajweed>سّ<tajweed class=madda_obligatory>ُو</tajweed>ٓءِ وَوَدُّو<tajweed class=slnt>اْ</tajweed> لَوْ تَكْفُر<tajweed class=madda_permissible>ُو</tajweed>نَ <span class=end>٢</span>","End":"٢","PageNumber":549,"JuzNumber":28,"ManzilNumber":7,"RukuNumber":482,"MaqraNumber":219,"HizbNumber":55,"HizbDecimal":0.5,"HasSajda":false},{"SurahNumber":60,"SurahIndex":"060","VerseNumber":3,"ShowSurahName":false,"ShowBismillah":false,"Text":"لَن تَنفَعَكُمۡ أَرۡحَامُكُمۡ وَلَآ أَوۡلَٰدُكُمۡۚ يَوۡمَ ٱلۡقِيَٰمَةِ يَفۡصِلُ بَيۡنَكُمۡۚ وَٱللَّهُ بِمَا تَعۡمَلُونَ بَصِيرٞ","TajweedText":"لَ<tajweed class=ikhafa>ن ت</tajweed>َ<tajweed class=ikhafa>نف</tajweed>َعَكُمْ أَرْحَامُكُمْ وَل<tajweed class=madda_obligatory>َآ</tajweed> أَوْلَ<tajweed class=madda_normal>ـٰ</tajweed>دُكُمْ‌ۚ يَوْمَ <tajweed class=ham_wasl>ٱ</tajweed>لْقِيَ<tajweed class=madda_normal>ـٰ</tajweed>مَةِ يَفْصِلُ بَيْنَكُمْ‌ۚ وَ<tajweed class=ham_wasl>ٱ</tajweed>للَّهُ بِمَا تَعْمَلُونَ بَص<tajweed class=madda_permissible>ِي</tajweed>رٌ <span class=end>٣</span>","End":"٣","PageNumber":549,"JuzNumber":28,"ManzilNumber":7,"RukuNumber":482,"MaqraNumber":219,"HizbNumber":55,"HizbDecimal":0.5,"HasSajda":false},{"SurahNumber":60,"SurahIndex":"060","VerseNumber":4,"ShowSurahName":false,"ShowBismillah":false,"Text":"قَدۡ كَانَتۡ لَكُمۡ أُسۡوَةٌ حَسَنَةٞ فِيٓ إِبۡرَٰهِيمَ وَٱلَّذِينَ مَعَهُۥٓ إِذۡ قَالُواْ لِقَوۡمِهِمۡ إِنَّا بُرَءَـٰٓؤُاْ مِنكُمۡ وَمِمَّا تَعۡبُدُونَ مِن دُونِ ٱللَّهِ كَفَرۡنَا بِكُمۡ وَبَدَا بَيۡنَنَا وَبَيۡنَكُمُ ٱلۡعَدَٰوَةُ وَٱلۡبَغۡضَآءُ أَبَدًا حَتَّىٰ تُؤۡمِنُواْ بِٱللَّهِ وَحۡدَهُۥٓ إِلَّا قَوۡلَ إِبۡرَٰهِيمَ لِأَبِيهِ لَأَسۡتَغۡفِرَنَّ لَكَ وَمَآ أَمۡلِكُ لَكَ مِنَ ٱللَّهِ مِن شَيۡءٖۖ رَّبَّنَا عَلَيۡكَ تَوَكَّلۡنَا وَإِلَيۡكَ أَنَبۡنَا وَإِلَيۡكَ ٱلۡمَصِيرُ","TajweedText":"قَ<tajweed class=qalaqah>دْ</tajweed> كَانَتْ لَكُمْ أُسْوَةٌ حَسَنَ<tajweed class=ikhafa>ةٌ ف</tajweed><tajweed class=madda_obligatory>ِىٓ</tajweed> إِ<tajweed class=qalaqah>بْ</tajweed>ر<tajweed class=madda_normal>َٲ</tajweed>هِيمَ وَ<tajweed class=ham_wasl>ٱ</tajweed>لَّذِينَ مَعَهُ<tajweed class=madda_obligatory>ۥٓ</tajweed> إِذْ قَالُو<tajweed class=slnt>اْ</tajweed> لِقَوْمِهِمْ إِ<tajweed class=ghunnah>نّ</tajweed>َا بُرَء<tajweed class=madda_obligatory>َٲ</tajweed>ٓؤُ<tajweed class=slnt>اْ</tajweed> مِ<tajweed class=ikhafa>نك</tajweed>ُمْ وَمِ<tajweed class=ghunnah>مّ</tajweed>َا تَعْبُدُونَ مِ<tajweed class=ikhafa>ن د</tajweed>ُونِ <tajweed class=ham_wasl>ٱ</tajweed>للَّهِ كَفَرْنَا بِكُمْ وَبَدَا بَيْنَنَا وَبَيْنَكُمُ <tajweed class=ham_wasl>ٱ</tajweed>لْعَد<tajweed class=madda_normal>َٲ</tajweed>وَةُ وَ<tajweed class=ham_wasl>ٱ</tajweed>لْبَغْض<tajweed class=madda_obligatory>َا</tajweed>ٓءُ أَبَدًا حَتَّىٰ تُؤْمِنُو<tajweed class=slnt>اْ</tajweed> بِ<tajweed class=ham_wasl>ٱ</tajweed>للَّهِ وَحْدَهُ<tajweed class=madda_obligatory>ۥٓ</tajweed> إِلَّا قَوْلَ إِ<tajweed class=qalaqah>بْ</tajweed>ر<tajweed class=madda_normal>َٲ</tajweed>هِيمَ لِأَبِيهِ لَأَسْتَغْفِرَ<tajweed class=ghunnah>نّ</tajweed>َ لَكَ وَم<tajweed class=madda_obligatory>َآ</tajweed> أَمْلِكُ لَكَ مِنَ <tajweed class=ham_wasl>ٱ</tajweed>للَّهِ مِ<tajweed class=ikhafa>ن ش</tajweed><tajweed class=idgham_wo_ghunnah>َىْءٍ‌ۖ ر</tajweed>َّبَّنَا عَلَيْكَ تَوَكَّلْنَا وَإِلَيْكَ أَنَ<tajweed class=qalaqah>بْ</tajweed>نَا وَإِلَيْكَ <tajweed class=ham_wasl>ٱ</tajweed>لْمَص<tajweed class=madda_permissible>ِي</tajweed>رُ <span class=end>٤</span>","End":"٤","PageNumber":549,"JuzNumber":28,"ManzilNumber":7,"RukuNumber":482,"MaqraNumber":219,"HizbNumber":55,"HizbDecimal":0.5,"HasSajda":false},{"SurahNumber":60,"SurahIndex":"060","VerseNumber":5,"ShowSurahName":false,"ShowBismillah":false,"Text":"رَبَّنَا لَا تَجۡعَلۡنَا فِتۡنَةٗ لِّلَّذِينَ كَفَرُواْ وَٱغۡفِرۡ لَنَا رَبَّنَآۖ إِنَّكَ أَنتَ ٱلۡعَزِيزُ ٱلۡحَكِيمُ","TajweedText":"رَبَّنَا لَا تَ<tajweed class=qalaqah>جْ</tajweed>عَلْنَا فِتْنَ<tajweed class=idgham_wo_ghunnah>ةً ل</tajweed>ِّلَّذِينَ كَفَرُو<tajweed class=slnt>اْ</tajweed> وَ<tajweed class=ham_wasl>ٱ</tajweed>غْفِرْ لَنَا رَبَّن<tajweed class=madda_obligatory>َآ‌ۖ</tajweed> إِ<tajweed class=ghunnah>نّ</tajweed>َكَ أَ<tajweed class=ikhafa>نت</tajweed>َ <tajweed class=ham_wasl>ٱ</tajweed>لْعَزِيزُ <tajweed class=ham_wasl>ٱ</tajweed>لْحَك<tajweed class=madda_permissible>ِي</tajweed>مُ <span class=end>٥</span>","End":"٥","PageNumber":549,"JuzNumber":28,"ManzilNumber":7,"RukuNumber":482,"MaqraNumber":219,"HizbNumber":55,"HizbDecimal":0.5,"HasSajda":false},{"SurahNumber":60,"SurahIndex":"060","VerseNumber":6,"ShowSurahName":false,"ShowBismillah":false,"Text":"لَقَدۡ كَانَ لَكُمۡ فِيهِمۡ أُسۡوَةٌ حَسَنَةٞ لِّمَن كَانَ يَرۡجُواْ ٱللَّهَ وَٱلۡيَوۡمَ ٱلۡأٓخِرَۚ وَمَن يَتَوَلَّ فَإِنَّ ٱللَّهَ هُوَ ٱلۡغَنِيُّ ٱلۡحَمِيدُ","TajweedText":"لَقَ<tajweed class=qalaqah>دْ</tajweed> كَانَ لَكُمْ فِيهِمْ أُسْوَةٌ حَسَنَ<tajweed class=idgham_wo_ghunnah>ةٌ ل</tajweed>ِّمَ<tajweed class=ikhafa>ن ك</tajweed>َانَ يَرْجُو<tajweed class=slnt>اْ</tajweed> <tajweed class=ham_wasl>ٱ</tajweed>للَّهَ وَ<tajweed class=ham_wasl>ٱ</tajweed>لْيَوْمَ <tajweed class=ham_wasl>ٱ</tajweed>لْأَخِرَ‌ۚ وَم<tajweed class=idgham_ghunnah>َن ي</tajweed>َتَوَلَّ فَإِ<tajweed class=ghunnah>نّ</tajweed>َ <tajweed class=ham_wasl>ٱ</tajweed>للَّهَ هُوَ <tajweed class=ham_wasl>ٱ</tajweed>لْغَنِىُّ <tajweed class=ham_wasl>ٱ</tajweed>لْحَم<tajweed class=madda_permissible>ِي</tajweed><tajweed class=qalaqah>د</tajweed>ُ <span class=end>٦</span>","End":"٦","PageNumber":550,"JuzNumber":28,"ManzilNumber":7,"RukuNumber":482,"MaqraNumber":219,"HizbNumber":55,"HizbDecimal":0.5,"HasSajda":false}]}