{"RukuNumber":38,"Verses":[{"SurahNumber":2,"SurahIndex":"002","VerseNumber":267,"ShowSurahName":false,"ShowBismillah":false,"Text":"يَـٰٓأَيُّهَا ٱلَّذِينَ ءَامَنُوٓاْ أَنفِقُواْ مِن طَيِّبَٰتِ مَا كَسَبۡتُمۡ وَمِمَّآ أَخۡرَجۡنَا لَكُم مِّنَ ٱلۡأَرۡضِۖ وَلَا تَيَمَّمُواْ ٱلۡخَبِيثَ مِنۡهُ تُنفِقُونَ وَلَسۡتُم بِـَٔاخِذِيهِ إِلَّآ أَن تُغۡمِضُواْ فِيهِۚ وَٱعۡلَمُوٓاْ أَنَّ ٱللَّهَ غَنِيٌّ حَمِيدٌ","TajweedText":"يَ<tajweed class=madda_obligatory>ـٰٓ</tajweed>أَيُّهَا <tajweed class=ham_wasl>ٱ</tajweed>لَّذِينَ ءَامَن<tajweed class=madda_obligatory>ُوٓ</tajweed><tajweed class=slnt>اْ</tajweed> أَ<tajweed class=ikhafa>نف</tajweed>ِقُو<tajweed class=slnt>اْ</tajweed> مِ<tajweed class=ikhafa>ن ط</tajweed>َيِّبَ<tajweed class=madda_normal>ـٰ</tajweed>تِ مَا كَسَ<tajweed class=qalaqah>بْ</tajweed>تُمْ وَمِ<tajweed class=ghunnah>مّ</tajweed><tajweed class=madda_obligatory>َآ</tajweed> أَخْرَ<tajweed class=qalaqah>جْ</tajweed>نَا لَك<tajweed class=idgham_shafawi>ُم م</tajweed>ِّنَ <tajweed class=ham_wasl>ٱ</tajweed>لْأَرْضِ‌ۖ وَلَا تَيَ<tajweed class=ghunnah>مّ</tajweed>َمُو<tajweed class=slnt>اْ</tajweed> <tajweed class=ham_wasl>ٱ</tajweed>لْخَبِيثَ مِنْهُ تُ<tajweed class=ikhafa>نف</tajweed>ِقُونَ وَلَسْت<tajweed class=ikhafa_shafawi>ُم ب</tajweed>ِـَٔـاخِذِيهِ إِلّ<tajweed class=madda_obligatory>َآ</tajweed> أَ<tajweed class=ikhafa>ن ت</tajweed>ُغْمِضُو<tajweed class=slnt>اْ</tajweed> فِيهِ‌ۚ وَ<tajweed class=ham_wasl>ٱ</tajweed>عْلَم<tajweed class=madda_obligatory>ُوٓ</tajweed><tajweed class=slnt>اْ</tajweed> أَ<tajweed class=ghunnah>نّ</tajweed>َ <tajweed class=ham_wasl>ٱ</tajweed>للَّهَ غَنِىٌّ حَم<tajweed class=madda_permissible>ِي</tajweed><tajweed class=qalaqah>د</tajweed>ٌ <span class=end>٢٦٧</span>","End":"٢٦٧","PageNumber":45,"JuzNumber":3,"ManzilNumber":1,"RukuNumber":38,"MaqraNumber":18,"HizbNumber":5,"HizbDecimal":0.25,"HasSajda":false},{"SurahNumber":2,"SurahIndex":"002","VerseNumber":268,"ShowSurahName":false,"ShowBismillah":false,"Text":"ٱلشَّيۡطَٰنُ يَعِدُكُمُ ٱلۡفَقۡرَ وَيَأۡمُرُكُم بِٱلۡفَحۡشَآءِۖ وَٱللَّهُ يَعِدُكُم مَّغۡفِرَةٗ مِّنۡهُ وَفَضۡلٗاۗ وَٱللَّهُ وَٰسِعٌ عَلِيمٞ","TajweedText":"ٱ<tajweed class=laam_shamsiyah>ل</tajweed>شَّيْطَ<tajweed class=madda_normal>ـٰ</tajweed>نُ يَعِدُكُمُ <tajweed class=ham_wasl>ٱ</tajweed>لْفَ<tajweed class=qalaqah>قْ</tajweed>رَ وَيَأْمُرُك<tajweed class=ikhafa_shafawi>ُم ب</tajweed>ِ<tajweed class=ham_wasl>ٱ</tajweed>لْفَحْش<tajweed class=madda_obligatory>َا</tajweed>ٓءِ‌ۖ وَ<tajweed class=ham_wasl>ٱ</tajweed>للَّهُ يَعِدُك<tajweed class=idgham_shafawi>ُم م</tajweed>َّغْفِرَ<tajweed class=idgham_ghunnah>ةً م</tajweed>ِّنْهُ وَفَضْل<tajweed class=idgham_ghunnah>اً‌ۗ و</tajweed>َ<tajweed class=ham_wasl>ٱ</tajweed>للَّهُ و<tajweed class=madda_normal>َٲ</tajweed>سِعٌ عَل<tajweed class=madda_permissible>ِي</tajweed>مٌ <span class=end>٢٦٨</span>","End":"٢٦٨","PageNumber":45,"JuzNumber":3,"ManzilNumber":1,"RukuNumber":38,"MaqraNumber":18,"HizbNumber":5,"HizbDecimal":0.25,"HasSajda":false},{"SurahNumber":2,"SurahIndex":"002","VerseNumber":269,"ShowSurahName":false,"ShowBismillah":false,"Text":"يُؤۡتِي ٱلۡحِكۡمَةَ مَن يَشَآءُۚ وَمَن يُؤۡتَ ٱلۡحِكۡمَةَ فَقَدۡ أُوتِيَ خَيۡرٗا كَثِيرٗاۗ وَمَا يَذَّكَّرُ إِلَّآ أُوْلُواْ ٱلۡأَلۡبَٰبِ","TajweedText":"يُؤْتِى <tajweed class=ham_wasl>ٱ</tajweed>لْحِكْمَةَ م<tajweed class=idgham_ghunnah>َن ي</tajweed>َش<tajweed class=madda_obligatory>َا</tajweed>ٓءُ‌ۚ وَم<tajweed class=idgham_ghunnah>َن ي</tajweed>ُؤْتَ <tajweed class=ham_wasl>ٱ</tajweed>لْحِكْمَةَ فَقَ<tajweed class=qalaqah>دْ</tajweed> أُوتِىَ خَيْ<tajweed class=ikhafa>رًا ك</tajweed>َثِي<tajweed class=idgham_ghunnah>رًا‌ۗ و</tajweed>َمَا يَذَّكَّرُ إِلّ<tajweed class=madda_obligatory>َآ</tajweed> أُ<tajweed class=slnt>وْ</tajweed>لُو<tajweed class=slnt>اْ</tajweed> <tajweed class=ham_wasl>ٱ</tajweed>لْأَلْبَ<tajweed class=madda_permissible>ـٰ</tajweed><tajweed class=qalaqah>ب</tajweed>ِ <span class=end>٢٦٩</span>","End":"٢٦٩","PageNumber":45,"JuzNumber":3,"ManzilNumber":1,"RukuNumber":38,"MaqraNumber":18,"HizbNumber":5,"HizbDecimal":0.25,"HasSajda":false},{"SurahNumber":2,"SurahIndex":"002","VerseNumber":270,"ShowSurahName":false,"ShowBismillah":false,"Text":"وَمَآ أَنفَقۡتُم مِّن نَّفَقَةٍ أَوۡ نَذَرۡتُم مِّن نَّذۡرٖ فَإِنَّ ٱللَّهَ يَعۡلَمُهُۥۗ وَمَا لِلظَّـٰلِمِينَ مِنۡ أَنصَارٍ","TajweedText":"وَم<tajweed class=madda_obligatory>َآ</tajweed> أَ<tajweed class=ikhafa>نف</tajweed>َ<tajweed class=qalaqah>قْ</tajweed>ت<tajweed class=idgham_shafawi>ُم م</tajweed>ّ<tajweed class=idgham_ghunnah>ِن ن</tajweed>َّفَقَةٍ أَوْ نَذَرْت<tajweed class=idgham_shafawi>ُم م</tajweed>ّ<tajweed class=idgham_ghunnah>ِن ن</tajweed>َّذْ<tajweed class=ikhafa>رٍ ف</tajweed>َإِ<tajweed class=ghunnah>نّ</tajweed>َ <tajweed class=ham_wasl>ٱ</tajweed>للَّهَ يَعْلَمُهُ<tajweed class=madda_normal>ۥ</tajweed>‌ۗ وَمَا لِلظَّ<tajweed class=madda_normal>ـٰ</tajweed>لِمِينَ مِنْ أَ<tajweed class=ikhafa>نص</tajweed><tajweed class=madda_permissible>َا</tajweed>رٍ <span class=end>٢٧٠</span>","End":"٢٧٠","PageNumber":46,"JuzNumber":3,"ManzilNumber":1,"RukuNumber":38,"MaqraNumber":18,"HizbNumber":5,"HizbDecimal":0.25,"HasSajda":false},{"SurahNumber":2,"SurahIndex":"002","VerseNumber":271,"ShowSurahName":false,"ShowBismillah":false,"Text":"إِن تُبۡدُواْ ٱلصَّدَقَٰتِ فَنِعِمَّا هِيَۖ وَإِن تُخۡفُوهَا وَتُؤۡتُوهَا ٱلۡفُقَرَآءَ فَهُوَ خَيۡرٞ لَّكُمۡۚ وَيُكَفِّرُ عَنكُم مِّن سَيِّـَٔاتِكُمۡۗ وَٱللَّهُ بِمَا تَعۡمَلُونَ خَبِيرٞ","TajweedText":"إِ<tajweed class=ikhafa>ن ت</tajweed>ُ<tajweed class=qalaqah>بْ</tajweed>دُو<tajweed class=slnt>اْ</tajweed> <tajweed class=ham_wasl>ٱ</tajweed><tajweed class=laam_shamsiyah>ل</tajweed>صَّدَقَ<tajweed class=madda_normal>ـٰ</tajweed>تِ فَنِعِ<tajweed class=ghunnah>مّ</tajweed>َا هِىَ‌ۖ وَإِ<tajweed class=ikhafa>ن ت</tajweed>ُخْفُوهَا وَتُؤْتُوهَا <tajweed class=ham_wasl>ٱ</tajweed>لْفُقَر<tajweed class=madda_obligatory>َا</tajweed>ٓءَ فَهُوَ خَيْ<tajweed class=idgham_wo_ghunnah>رٌ ل</tajweed>َّكُمْ‌ۚ وَيُكَفِّرُ عَ<tajweed class=ikhafa>نك</tajweed><tajweed class=idgham_shafawi>ُم م</tajweed>ِّ<tajweed class=ikhafa>ن س</tajweed>َيِّـَٔـاتِكُمْ‌ۗ وَ<tajweed class=ham_wasl>ٱ</tajweed>للَّهُ بِمَا تَعْمَلُونَ خَب<tajweed class=madda_permissible>ِي</tajweed>رٌ <span class=end>٢٧١</span>","End":"٢٧١","PageNumber":46,"JuzNumber":3,"ManzilNumber":1,"RukuNumber":38,"MaqraNumber":18,"HizbNumber":5,"HizbDecimal":0.25,"HasSajda":false},{"SurahNumber":2,"SurahIndex":"002","VerseNumber":272,"ShowSurahName":false,"ShowBismillah":false,"Text":"۞لَّيۡسَ عَلَيۡكَ هُدَىٰهُمۡ وَلَٰكِنَّ ٱللَّهَ يَهۡدِي مَن يَشَآءُۗ وَمَا تُنفِقُواْ مِنۡ خَيۡرٖ فَلِأَنفُسِكُمۡۚ وَمَا تُنفِقُونَ إِلَّا ٱبۡتِغَآءَ وَجۡهِ ٱللَّهِۚ وَمَا تُنفِقُواْ مِنۡ خَيۡرٖ يُوَفَّ إِلَيۡكُمۡ وَأَنتُمۡ لَا تُظۡلَمُونَ","TajweedText":"۞ لَّيْسَ عَلَيْكَ هُدَ<tajweed class=madda_normal>ٮٰ</tajweed>هُمْ وَلَ<tajweed class=madda_normal>ـٰ</tajweed>كِ<tajweed class=ghunnah>نّ</tajweed>َ <tajweed class=ham_wasl>ٱ</tajweed>للَّهَ يَهْدِى م<tajweed class=idgham_ghunnah>َن ي</tajweed>َش<tajweed class=madda_obligatory>َا</tajweed>ٓءُ‌ۗ وَمَا تُ<tajweed class=ikhafa>نف</tajweed>ِقُو<tajweed class=slnt>اْ</tajweed> مِنْ خَيْ<tajweed class=ikhafa>رٍ ف</tajweed>َلِأَ<tajweed class=ikhafa>نف</tajweed>ُسِكُمْ‌ۚ وَمَا تُ<tajweed class=ikhafa>نف</tajweed>ِقُونَ إِلَّا <tajweed class=ham_wasl>ٱ</tajweed><tajweed class=qalaqah>بْ</tajweed>تِغ<tajweed class=madda_obligatory>َا</tajweed>ٓءَ وَ<tajweed class=qalaqah>جْ</tajweed>هِ <tajweed class=ham_wasl>ٱ</tajweed>للَّهِ‌ۚ وَمَا تُ<tajweed class=ikhafa>نف</tajweed>ِقُو<tajweed class=slnt>اْ</tajweed> مِنْ خَيْ<tajweed class=idgham_ghunnah>رٍ ي</tajweed>ُوَفَّ إِلَيْكُمْ وَأَ<tajweed class=ikhafa>نت</tajweed>ُمْ لَا تُظْلَم<tajweed class=madda_permissible>ُو</tajweed>نَ <span class=end>٢٧٢</span>","End":"٢٧٢","PageNumber":46,"JuzNumber":3,"ManzilNumber":1,"RukuNumber":38,"MaqraNumber":19,"HizbNumber":5,"HizbDecimal":0.5,"HasSajda":false},{"SurahNumber":2,"SurahIndex":"002","VerseNumber":273,"ShowSurahName":false,"ShowBismillah":false,"Text":"لِلۡفُقَرَآءِ ٱلَّذِينَ أُحۡصِرُواْ فِي سَبِيلِ ٱللَّهِ لَا يَسۡتَطِيعُونَ ضَرۡبٗا فِي ٱلۡأَرۡضِ يَحۡسَبُهُمُ ٱلۡجَاهِلُ أَغۡنِيَآءَ مِنَ ٱلتَّعَفُّفِ تَعۡرِفُهُم بِسِيمَٰهُمۡ لَا يَسۡـَٔلُونَ ٱلنَّاسَ إِلۡحَافٗاۗ وَمَا تُنفِقُواْ مِنۡ خَيۡرٖ فَإِنَّ ٱللَّهَ بِهِۦ عَلِيمٌ","TajweedText":"لِلْفُقَر<tajweed class=madda_obligatory>َا</tajweed>ٓءِ <tajweed class=ham_wasl>ٱ</tajweed>لَّذِينَ أُحْصِرُو<tajweed class=slnt>اْ</tajweed> فِى سَبِيلِ <tajweed class=ham_wasl>ٱ</tajweed>للَّهِ لَا يَسْتَطِيعُونَ ضَرْ<tajweed class=ikhafa>بًا ف</tajweed>ِى <tajweed class=ham_wasl>ٱ</tajweed>لْأَرْضِ يَحْسَبُهُمُ <tajweed class=ham_wasl>ٱ</tajweed>لْجَاهِلُ أَغْنِي<tajweed class=madda_obligatory>َا</tajweed>ٓءَ مِنَ <tajweed class=ham_wasl>ٱ</tajweed><tajweed class=laam_shamsiyah>ل</tajweed>تَّعَفُّفِ تَعْرِفُه<tajweed class=ikhafa_shafawi>ُم ب</tajweed>ِسِيمَ<tajweed class=madda_normal>ـٰ</tajweed>هُمْ لَا يَسْــَٔلُونَ <tajweed class=ham_wasl>ٱ</tajweed><tajweed class=laam_shamsiyah>ل</tajweed><tajweed class=ghunnah>نّ</tajweed>َاسَ إِلْحَا<tajweed class=idgham_ghunnah>فًا‌ۗ و</tajweed>َمَا تُ<tajweed class=ikhafa>نف</tajweed>ِقُو<tajweed class=slnt>اْ</tajweed> مِنْ خَيْ<tajweed class=ikhafa>رٍ ف</tajweed>َإِ<tajweed class=ghunnah>نّ</tajweed>َ <tajweed class=ham_wasl>ٱ</tajweed>للَّهَ بِه<tajweed class=madda_normal>ِۦ</tajweed> عَل<tajweed class=madda_permissible>ِي</tajweed>مٌ <span class=end>٢٧٣</span>","End":"٢٧٣","PageNumber":46,"JuzNumber":3,"ManzilNumber":1,"RukuNumber":38,"MaqraNumber":19,"HizbNumber":5,"HizbDecimal":0.5,"HasSajda":false}]}