{"RukuNumber":254,"Verses":[{"SurahNumber":18,"SurahIndex":"018","VerseNumber":18,"ShowSurahName":false,"ShowBismillah":false,"Text":"وَتَحۡسَبُهُمۡ أَيۡقَاظٗا وَهُمۡ رُقُودٞۚ وَنُقَلِّبُهُمۡ ذَاتَ ٱلۡيَمِينِ وَذَاتَ ٱلشِّمَالِۖ وَكَلۡبُهُم بَٰسِطٞ ذِرَاعَيۡهِ بِٱلۡوَصِيدِۚ لَوِ ٱطَّلَعۡتَ عَلَيۡهِمۡ لَوَلَّيۡتَ مِنۡهُمۡ فِرَارٗا وَلَمُلِئۡتَ مِنۡهُمۡ رُعۡبٗا","TajweedText":"وَتَحْسَبُهُمْ أَيْقَا<tajweed class=idgham_ghunnah>ظًا و</tajweed>َهُمْ رُقُو<tajweed class=idgham_ghunnah>دٌ‌ۚ و</tajweed>َنُقَلِّبُهُمْ ذَاتَ <tajweed class=ham_wasl>ٱ</tajweed>لْيَمِينِ وَذَاتَ <tajweed class=ham_wasl>ٱ</tajweed><tajweed class=laam_shamsiyah>ل</tajweed>شِّمَالِ‌ۖ وَكَلْبُه<tajweed class=ikhafa_shafawi>ُم ب</tajweed>َ<tajweed class=madda_normal>ـٰ</tajweed>سِ<tajweed class=ikhafa>طٌ ذ</tajweed>ِرَاعَيْهِ بِ<tajweed class=ham_wasl>ٱ</tajweed>لْوَصِيدِ‌ۚ لَوِ <tajweed class=ham_wasl>ٱ</tajweed>طَّلَعْتَ عَلَيْهِمْ لَوَلَّيْتَ مِنْهُمْ فِرَا<tajweed class=idgham_ghunnah>رًا و</tajweed>َلَمُلِئْتَ مِنْهُمْ رُعْبًا <span class=end>١٨</span>","End":"١٨","PageNumber":295,"JuzNumber":15,"ManzilNumber":4,"RukuNumber":254,"MaqraNumber":118,"HizbNumber":30,"HizbDecimal":0.25,"HasSajda":false},{"SurahNumber":18,"SurahIndex":"018","VerseNumber":19,"ShowSurahName":false,"ShowBismillah":false,"Text":"وَكَذَٰلِكَ بَعَثۡنَٰهُمۡ لِيَتَسَآءَلُواْ بَيۡنَهُمۡۚ قَالَ قَآئِلٞ مِّنۡهُمۡ كَمۡ لَبِثۡتُمۡۖ قَالُواْ لَبِثۡنَا يَوۡمًا أَوۡ بَعۡضَ يَوۡمٖۚ قَالُواْ رَبُّكُمۡ أَعۡلَمُ بِمَا لَبِثۡتُمۡ فَٱبۡعَثُوٓاْ أَحَدَكُم بِوَرِقِكُمۡ هَٰذِهِۦٓ إِلَى ٱلۡمَدِينَةِ فَلۡيَنظُرۡ أَيُّهَآ أَزۡكَىٰ طَعَامٗا فَلۡيَأۡتِكُم بِرِزۡقٖ مِّنۡهُ وَلۡيَتَلَطَّفۡ وَلَا يُشۡعِرَنَّ بِكُمۡ أَحَدًا","TajweedText":"وَكَذ<tajweed class=madda_normal>َٲ</tajweed>لِكَ بَعَثْنَ<tajweed class=madda_normal>ـٰ</tajweed>هُمْ لِيَتَس<tajweed class=madda_obligatory>َا</tajweed>ٓءَلُو<tajweed class=slnt>اْ</tajweed> بَيْنَهُمْ‌ۚ قَالَ ق<tajweed class=madda_obligatory>َا</tajweed>ٓئِ<tajweed class=idgham_ghunnah>لٌ م</tajweed>ِّنْهُمْ كَمْ لَبِثْتُمْ‌ۖ قَالُو<tajweed class=slnt>اْ</tajweed> لَبِثْنَا يَوْمًا أَوْ بَعْضَ يَوْ<tajweed class=ikhafa>مٍ‌ۚ ق</tajweed>َالُو<tajweed class=slnt>اْ</tajweed> رَبُّكُمْ أَعْلَمُ بِمَا لَبِثْتُمْ فَ<tajweed class=ham_wasl>ٱ</tajweed><tajweed class=qalaqah>بْ</tajweed>عَث<tajweed class=madda_obligatory>ُوٓ</tajweed><tajweed class=slnt>اْ</tajweed> أَحَدَك<tajweed class=ikhafa_shafawi>ُم ب</tajweed>ِوَرِقِكُمْ هَ<tajweed class=madda_normal>ـٰ</tajweed>ذِه<tajweed class=madda_obligatory>ِۦٓ</tajweed> إِلَى <tajweed class=ham_wasl>ٱ</tajweed>لْمَدِينَةِ فَلْيَ<tajweed class=ikhafa>نظ</tajweed>ُرْ أَيُّه<tajweed class=madda_obligatory>َآ</tajweed> أَزْكَىٰ طَعَا<tajweed class=ikhafa>مًا ف</tajweed>َلْيَأْتِك<tajweed class=ikhafa_shafawi>ُم ب</tajweed>ِرِزْ<tajweed class=idgham_ghunnah>قٍ م</tajweed>ِّنْهُ وَلْيَتَلَطَّفْ وَلَا يُشْعِرَ<tajweed class=ghunnah>نّ</tajweed>َ بِكُمْ أَحَدًا <span class=end>١٩</span>","End":"١٩","PageNumber":295,"JuzNumber":15,"ManzilNumber":4,"RukuNumber":254,"MaqraNumber":118,"HizbNumber":30,"HizbDecimal":0.25,"HasSajda":false},{"SurahNumber":18,"SurahIndex":"018","VerseNumber":20,"ShowSurahName":false,"ShowBismillah":false,"Text":"إِنَّهُمۡ إِن يَظۡهَرُواْ عَلَيۡكُمۡ يَرۡجُمُوكُمۡ أَوۡ يُعِيدُوكُمۡ فِي مِلَّتِهِمۡ وَلَن تُفۡلِحُوٓاْ إِذًا أَبَدٗا","TajweedText":"إِ<tajweed class=ghunnah>نّ</tajweed>َهُمْ إ<tajweed class=idgham_ghunnah>ِن ي</tajweed>َظْهَرُو<tajweed class=slnt>اْ</tajweed> عَلَيْكُمْ يَرْجُمُوكُمْ أَوْ يُعِيدُوكُمْ فِى مِلَّتِهِمْ وَلَ<tajweed class=ikhafa>ن ت</tajweed>ُفْلِح<tajweed class=madda_obligatory>ُوٓ</tajweed><tajweed class=slnt>اْ</tajweed> إِذًا أَبَدًا <span class=end>٢٠</span>","End":"٢٠","PageNumber":295,"JuzNumber":15,"ManzilNumber":4,"RukuNumber":254,"MaqraNumber":118,"HizbNumber":30,"HizbDecimal":0.25,"HasSajda":false},{"SurahNumber":18,"SurahIndex":"018","VerseNumber":21,"ShowSurahName":false,"ShowBismillah":false,"Text":"وَكَذَٰلِكَ أَعۡثَرۡنَا عَلَيۡهِمۡ لِيَعۡلَمُوٓاْ أَنَّ وَعۡدَ ٱللَّهِ حَقّٞ وَأَنَّ ٱلسَّاعَةَ لَا رَيۡبَ فِيهَآ إِذۡ يَتَنَٰزَعُونَ بَيۡنَهُمۡ أَمۡرَهُمۡۖ فَقَالُواْ ٱبۡنُواْ عَلَيۡهِم بُنۡيَٰنٗاۖ رَّبُّهُمۡ أَعۡلَمُ بِهِمۡۚ قَالَ ٱلَّذِينَ غَلَبُواْ عَلَىٰٓ أَمۡرِهِمۡ لَنَتَّخِذَنَّ عَلَيۡهِم مَّسۡجِدٗا","TajweedText":"وَكَذ<tajweed class=madda_normal>َٲ</tajweed>لِكَ أَعْثَرْنَا عَلَيْهِمْ لِيَعْلَم<tajweed class=madda_obligatory>ُوٓ</tajweed><tajweed class=slnt>اْ</tajweed> أَ<tajweed class=ghunnah>نّ</tajweed>َ وَعْدَ <tajweed class=ham_wasl>ٱ</tajweed>للَّهِ حَ<tajweed class=idgham_ghunnah>قٌّ و</tajweed>َأَ<tajweed class=ghunnah>نّ</tajweed>َ <tajweed class=ham_wasl>ٱ</tajweed><tajweed class=laam_shamsiyah>ل</tajweed>سَّاعَةَ لَا رَيْبَ فِيه<tajweed class=madda_obligatory>َآ</tajweed> إِذْ يَتَنَ<tajweed class=madda_normal>ـٰ</tajweed>زَعُونَ بَيْنَهُمْ أَمْرَهُمْ‌ۖ فَقَالُو<tajweed class=slnt>اْ</tajweed> <tajweed class=ham_wasl>ٱ</tajweed><tajweed class=qalaqah>بْ</tajweed>نُو<tajweed class=slnt>اْ</tajweed> عَلَيْه<tajweed class=ikhafa_shafawi>ِم ب</tajweed>ُنْيَ<tajweed class=madda_normal>ـٰ</tajweed><tajweed class=idgham_wo_ghunnah>نًا‌ۖ ر</tajweed>َّبُّهُمْ أَعْلَمُ بِهِمْ‌ۚ قَالَ <tajweed class=ham_wasl>ٱ</tajweed>لَّذِينَ غَلَبُو<tajweed class=slnt>اْ</tajweed> عَلَ<tajweed class=madda_obligatory>ىٰٓ</tajweed> أَمْرِهِمْ لَنَتَّخِذَ<tajweed class=ghunnah>نّ</tajweed>َ عَلَيْه<tajweed class=idgham_shafawi>ِم م</tajweed>َّسْجِدًا <span class=end>٢١</span>","End":"٢١","PageNumber":296,"JuzNumber":15,"ManzilNumber":4,"RukuNumber":254,"MaqraNumber":118,"HizbNumber":30,"HizbDecimal":0.25,"HasSajda":false},{"SurahNumber":18,"SurahIndex":"018","VerseNumber":22,"ShowSurahName":false,"ShowBismillah":false,"Text":"سَيَقُولُونَ ثَلَٰثَةٞ رَّابِعُهُمۡ كَلۡبُهُمۡ وَيَقُولُونَ خَمۡسَةٞ سَادِسُهُمۡ كَلۡبُهُمۡ رَجۡمَۢا بِٱلۡغَيۡبِۖ وَيَقُولُونَ سَبۡعَةٞ وَثَامِنُهُمۡ كَلۡبُهُمۡۚ قُل رَّبِّيٓ أَعۡلَمُ بِعِدَّتِهِم مَّا يَعۡلَمُهُمۡ إِلَّا قَلِيلٞۗ فَلَا تُمَارِ فِيهِمۡ إِلَّا مِرَآءٗ ظَٰهِرٗا وَلَا تَسۡتَفۡتِ فِيهِم مِّنۡهُمۡ أَحَدٗا","TajweedText":"سَيَقُولُونَ ثَلَ<tajweed class=madda_normal>ـٰ</tajweed>ثَ<tajweed class=idgham_wo_ghunnah>ةٌ ر</tajweed>َّابِعُهُمْ كَلْبُهُمْ وَيَقُولُونَ خَمْسَ<tajweed class=ikhafa>ةٌ س</tajweed>َادِسُهُمْ كَلْبُهُمْ رَ<tajweed class=qalaqah>جْ</tajweed>م<tajweed class=iqlab>َۢا ب</tajweed>ِ<tajweed class=ham_wasl>ٱ</tajweed>لْغَيْبِ‌ۖ وَيَقُولُونَ سَ<tajweed class=qalaqah>بْ</tajweed>عَ<tajweed class=idgham_ghunnah>ةٌ و</tajweed>َثَامِنُهُمْ كَلْبُهُمْ‌ۚ قُ<tajweed class=idgham_mutaqaribayn>ل</tajweed> رَّبّ<tajweed class=madda_obligatory>ِىٓ</tajweed> أَعْلَمُ بِعِدَّتِه<tajweed class=idgham_shafawi>ِم م</tajweed>َّا يَعْلَمُهُمْ إِلَّا قَلِي<tajweed class=ikhafa>لٌ‌ۗ ف</tajweed>َلَا تُمَارِ فِيهِمْ إِلَّا مِر<tajweed class=madda_obligatory>َا</tajweed>ٓ<tajweed class=ikhafa>ءً ظ</tajweed>َ<tajweed class=madda_normal>ـٰ</tajweed>هِ<tajweed class=idgham_ghunnah>رًا و</tajweed>َلَا تَسْتَفْتِ فِيه<tajweed class=idgham_shafawi>ِم م</tajweed>ِّنْهُمْ أَحَدًا <span class=end>٢٢</span>","End":"٢٢","PageNumber":296,"JuzNumber":15,"ManzilNumber":4,"RukuNumber":254,"MaqraNumber":118,"HizbNumber":30,"HizbDecimal":0.25,"HasSajda":false}]}