{"RukuNumber":115,"Verses":[{"SurahNumber":6,"SurahIndex":"006","VerseNumber":111,"ShowSurahName":false,"ShowBismillah":false,"Text":"۞وَلَوۡ أَنَّنَا نَزَّلۡنَآ إِلَيۡهِمُ ٱلۡمَلَـٰٓئِكَةَ وَكَلَّمَهُمُ ٱلۡمَوۡتَىٰ وَحَشَرۡنَا عَلَيۡهِمۡ كُلَّ شَيۡءٖ قُبُلٗا مَّا كَانُواْ لِيُؤۡمِنُوٓاْ إِلَّآ أَن يَشَآءَ ٱللَّهُ وَلَٰكِنَّ أَكۡثَرَهُمۡ يَجۡهَلُونَ","TajweedText":"۞ وَلَوْ أَ<tajweed class=ghunnah>نّ</tajweed>َنَا نَزَّلْن<tajweed class=madda_obligatory>َآ</tajweed> إِلَيْهِمُ <tajweed class=ham_wasl>ٱ</tajweed>لْمَلَ<tajweed class=madda_obligatory>ـٰٓ</tajweed>ئِكَةَ وَكَلَّمَهُمُ <tajweed class=ham_wasl>ٱ</tajweed>لْمَوْتَىٰ وَحَشَرْنَا عَلَيْهِمْ كُلَّ ش<tajweed class=ikhafa>َىْءٍ ق</tajweed>ُبُل<tajweed class=idgham_ghunnah>اً م</tajweed>َّا كَانُو<tajweed class=slnt>اْ</tajweed> لِيُؤْمِن<tajweed class=madda_obligatory>ُوٓ</tajweed><tajweed class=slnt>اْ</tajweed> إِلّ<tajweed class=madda_obligatory>َآ</tajweed> أ<tajweed class=idgham_ghunnah>َن ي</tajweed>َش<tajweed class=madda_obligatory>َا</tajweed>ٓءَ <tajweed class=ham_wasl>ٱ</tajweed>للَّهُ وَلَ<tajweed class=madda_normal>ـٰ</tajweed>كِ<tajweed class=ghunnah>نّ</tajweed>َ أَكْثَرَهُمْ يَ<tajweed class=qalaqah>جْ</tajweed>هَل<tajweed class=madda_permissible>ُو</tajweed>نَ <span class=end>١١١</span>","End":"١١١","PageNumber":142,"JuzNumber":8,"ManzilNumber":2,"RukuNumber":115,"MaqraNumber":57,"HizbNumber":15,"HizbDecimal":0.0,"HasSajda":false},{"SurahNumber":6,"SurahIndex":"006","VerseNumber":112,"ShowSurahName":false,"ShowBismillah":false,"Text":"وَكَذَٰلِكَ جَعَلۡنَا لِكُلِّ نَبِيٍّ عَدُوّٗا شَيَٰطِينَ ٱلۡإِنسِ وَٱلۡجِنِّ يُوحِي بَعۡضُهُمۡ إِلَىٰ بَعۡضٖ زُخۡرُفَ ٱلۡقَوۡلِ غُرُورٗاۚ وَلَوۡ شَآءَ رَبُّكَ مَا فَعَلُوهُۖ فَذَرۡهُمۡ وَمَا يَفۡتَرُونَ","TajweedText":"وَكَذ<tajweed class=madda_normal>َٲ</tajweed>لِكَ جَعَلْنَا لِكُلِّ نَبِىٍّ عَدُو<tajweed class=ikhafa>ًّا ش</tajweed>َيَ<tajweed class=madda_normal>ـٰ</tajweed>طِينَ <tajweed class=ham_wasl>ٱ</tajweed>لْإِ<tajweed class=ikhafa>نس</tajweed>ِ وَ<tajweed class=ham_wasl>ٱ</tajweed>لْجِ<tajweed class=ghunnah>نّ</tajweed>ِ يُوحِى بَعْضُهُمْ إِلَىٰ بَعْ<tajweed class=ikhafa>ضٍ ز</tajweed>ُخْرُفَ <tajweed class=ham_wasl>ٱ</tajweed>لْقَوْلِ غُرُو<tajweed class=idgham_ghunnah>رًا‌ۚ و</tajweed>َلَوْ ش<tajweed class=madda_obligatory>َا</tajweed>ٓءَ رَبُّكَ مَا فَعَلُوهُ‌ۖ فَذَرْهُمْ وَمَا يَفْتَر<tajweed class=madda_permissible>ُو</tajweed>نَ <span class=end>١١٢</span>","End":"١١٢","PageNumber":142,"JuzNumber":8,"ManzilNumber":2,"RukuNumber":115,"MaqraNumber":57,"HizbNumber":15,"HizbDecimal":0.0,"HasSajda":false},{"SurahNumber":6,"SurahIndex":"006","VerseNumber":113,"ShowSurahName":false,"ShowBismillah":false,"Text":"وَلِتَصۡغَىٰٓ إِلَيۡهِ أَفۡـِٔدَةُ ٱلَّذِينَ لَا يُؤۡمِنُونَ بِٱلۡأٓخِرَةِ وَلِيَرۡضَوۡهُ وَلِيَقۡتَرِفُواْ مَا هُم مُّقۡتَرِفُونَ","TajweedText":"وَلِتَصْغَ<tajweed class=madda_obligatory>ىٰٓ</tajweed> إِلَيْهِ أَفْــِٔدَةُ <tajweed class=ham_wasl>ٱ</tajweed>لَّذِينَ لَا يُؤْمِنُونَ بِ<tajweed class=ham_wasl>ٱ</tajweed>لْأَخِرَةِ وَلِيَرْضَوْهُ وَلِيَ<tajweed class=qalaqah>قْ</tajweed>تَرِفُو<tajweed class=slnt>اْ</tajweed> مَا ه<tajweed class=idgham_shafawi>ُم م</tajweed>ُّ<tajweed class=qalaqah>قْ</tajweed>تَرِف<tajweed class=madda_permissible>ُو</tajweed>نَ <span class=end>١١٣</span>","End":"١١٣","PageNumber":142,"JuzNumber":8,"ManzilNumber":2,"RukuNumber":115,"MaqraNumber":57,"HizbNumber":15,"HizbDecimal":0.0,"HasSajda":false},{"SurahNumber":6,"SurahIndex":"006","VerseNumber":114,"ShowSurahName":false,"ShowBismillah":false,"Text":"أَفَغَيۡرَ ٱللَّهِ أَبۡتَغِي حَكَمٗا وَهُوَ ٱلَّذِيٓ أَنزَلَ إِلَيۡكُمُ ٱلۡكِتَٰبَ مُفَصَّلٗاۚ وَٱلَّذِينَ ءَاتَيۡنَٰهُمُ ٱلۡكِتَٰبَ يَعۡلَمُونَ أَنَّهُۥ مُنَزَّلٞ مِّن رَّبِّكَ بِٱلۡحَقِّۖ فَلَا تَكُونَنَّ مِنَ ٱلۡمُمۡتَرِينَ","TajweedText":"أَفَغَيْرَ <tajweed class=ham_wasl>ٱ</tajweed>للَّهِ أَ<tajweed class=qalaqah>بْ</tajweed>تَغِى حَكَ<tajweed class=idgham_ghunnah>مًا و</tajweed>َهُوَ <tajweed class=ham_wasl>ٱ</tajweed>لَّذ<tajweed class=madda_obligatory>ِىٓ</tajweed> أَ<tajweed class=ikhafa>نز</tajweed>َلَ إِلَيْكُمُ <tajweed class=ham_wasl>ٱ</tajweed>لْكِتَ<tajweed class=madda_normal>ـٰ</tajweed>بَ مُفَصَّل<tajweed class=idgham_ghunnah>اً‌ۚ و</tajweed>َ<tajweed class=ham_wasl>ٱ</tajweed>لَّذِينَ ءَاتَيْنَ<tajweed class=madda_normal>ـٰ</tajweed>هُمُ <tajweed class=ham_wasl>ٱ</tajweed>لْكِتَ<tajweed class=madda_normal>ـٰ</tajweed>بَ يَعْلَمُونَ أَ<tajweed class=ghunnah>نّ</tajweed>َهُ<tajweed class=madda_normal>ۥ</tajweed> مُنَزَّ<tajweed class=idgham_ghunnah>لٌ م</tajweed>ّ<tajweed class=idgham_wo_ghunnah>ِن ر</tajweed>َّبِّكَ بِ<tajweed class=ham_wasl>ٱ</tajweed>لْحَقِّ‌ۖ فَلَا تَكُونَ<tajweed class=ghunnah>نّ</tajweed>َ مِنَ <tajweed class=ham_wasl>ٱ</tajweed>لْمُمْتَر<tajweed class=madda_permissible>ِي</tajweed>نَ <span class=end>١١٤</span>","End":"١١٤","PageNumber":142,"JuzNumber":8,"ManzilNumber":2,"RukuNumber":115,"MaqraNumber":57,"HizbNumber":15,"HizbDecimal":0.0,"HasSajda":false},{"SurahNumber":6,"SurahIndex":"006","VerseNumber":115,"ShowSurahName":false,"ShowBismillah":false,"Text":"وَتَمَّتۡ كَلِمَتُ رَبِّكَ صِدۡقٗا وَعَدۡلٗاۚ لَّا مُبَدِّلَ لِكَلِمَٰتِهِۦۚ وَهُوَ ٱلسَّمِيعُ ٱلۡعَلِيمُ","TajweedText":"وَتَ<tajweed class=ghunnah>مّ</tajweed>َتْ كَلِمَتُ رَبِّكَ صِ<tajweed class=qalaqah>دْ</tajweed><tajweed class=idgham_ghunnah>قًا و</tajweed>َعَ<tajweed class=qalaqah>دْ</tajweed>ل<tajweed class=idgham_wo_ghunnah>اً‌ۚ ل</tajweed>َّا مُبَدِّلَ لِكَلِمَ<tajweed class=madda_normal>ـٰ</tajweed>تِه<tajweed class=madda_normal>ِۦ</tajweed>‌ۚ وَهُوَ <tajweed class=ham_wasl>ٱ</tajweed><tajweed class=laam_shamsiyah>ل</tajweed>سَّمِيعُ <tajweed class=ham_wasl>ٱ</tajweed>لْعَل<tajweed class=madda_permissible>ِي</tajweed>مُ <span class=end>١١٥</span>","End":"١١٥","PageNumber":142,"JuzNumber":8,"ManzilNumber":2,"RukuNumber":115,"MaqraNumber":57,"HizbNumber":15,"HizbDecimal":0.0,"HasSajda":false},{"SurahNumber":6,"SurahIndex":"006","VerseNumber":116,"ShowSurahName":false,"ShowBismillah":false,"Text":"وَإِن تُطِعۡ أَكۡثَرَ مَن فِي ٱلۡأَرۡضِ يُضِلُّوكَ عَن سَبِيلِ ٱللَّهِۚ إِن يَتَّبِعُونَ إِلَّا ٱلظَّنَّ وَإِنۡ هُمۡ إِلَّا يَخۡرُصُونَ","TajweedText":"وَإِ<tajweed class=ikhafa>ن ت</tajweed>ُطِعْ أَكْثَرَ مَ<tajweed class=ikhafa>ن ف</tajweed>ِى <tajweed class=ham_wasl>ٱ</tajweed>لْأَرْضِ يُضِلُّوكَ عَ<tajweed class=ikhafa>ن س</tajweed>َبِيلِ <tajweed class=ham_wasl>ٱ</tajweed>للَّهِ‌ۚ إ<tajweed class=idgham_ghunnah>ِن ي</tajweed>َتَّبِعُونَ إِلَّا <tajweed class=ham_wasl>ٱ</tajweed><tajweed class=laam_shamsiyah>ل</tajweed>ظَّ<tajweed class=ghunnah>نّ</tajweed>َ وَإِنْ هُمْ إِلَّا يَخْرُص<tajweed class=madda_permissible>ُو</tajweed>نَ <span class=end>١١٦</span>","End":"١١٦","PageNumber":142,"JuzNumber":8,"ManzilNumber":2,"RukuNumber":115,"MaqraNumber":57,"HizbNumber":15,"HizbDecimal":0.0,"HasSajda":false},{"SurahNumber":6,"SurahIndex":"006","VerseNumber":117,"ShowSurahName":false,"ShowBismillah":false,"Text":"إِنَّ رَبَّكَ هُوَ أَعۡلَمُ مَن يَضِلُّ عَن سَبِيلِهِۦۖ وَهُوَ أَعۡلَمُ بِٱلۡمُهۡتَدِينَ","TajweedText":"إِ<tajweed class=ghunnah>نّ</tajweed>َ رَبَّكَ هُوَ أَعْلَمُ م<tajweed class=idgham_ghunnah>َن ي</tajweed>َضِلُّ عَ<tajweed class=ikhafa>ن س</tajweed>َبِيلِه<tajweed class=madda_normal>ِۦ</tajweed>‌ۖ وَهُوَ أَعْلَمُ بِ<tajweed class=ham_wasl>ٱ</tajweed>لْمُهْتَد<tajweed class=madda_permissible>ِي</tajweed>نَ <span class=end>١١٧</span>","End":"١١٧","PageNumber":142,"JuzNumber":8,"ManzilNumber":2,"RukuNumber":115,"MaqraNumber":57,"HizbNumber":15,"HizbDecimal":0.0,"HasSajda":false},{"SurahNumber":6,"SurahIndex":"006","VerseNumber":118,"ShowSurahName":false,"ShowBismillah":false,"Text":"فَكُلُواْ مِمَّا ذُكِرَ ٱسۡمُ ٱللَّهِ عَلَيۡهِ إِن كُنتُم بِـَٔايَٰتِهِۦ مُؤۡمِنِينَ","TajweedText":"فَكُلُو<tajweed class=slnt>اْ</tajweed> مِ<tajweed class=ghunnah>مّ</tajweed>َا ذُكِرَ <tajweed class=ham_wasl>ٱ</tajweed>سْمُ <tajweed class=ham_wasl>ٱ</tajweed>للَّهِ عَلَيْهِ إِ<tajweed class=ikhafa>ن ك</tajweed>ُ<tajweed class=ikhafa>نت</tajweed><tajweed class=ikhafa_shafawi>ُم ب</tajweed>ِـَٔـايَ<tajweed class=madda_normal>ـٰ</tajweed>تِه<tajweed class=madda_normal>ِۦ</tajweed> مُؤْمِن<tajweed class=madda_permissible>ِي</tajweed>نَ <span class=end>١١٨</span>","End":"١١٨","PageNumber":142,"JuzNumber":8,"ManzilNumber":2,"RukuNumber":115,"MaqraNumber":57,"HizbNumber":15,"HizbDecimal":0.0,"HasSajda":false},{"SurahNumber":6,"SurahIndex":"006","VerseNumber":119,"ShowSurahName":false,"ShowBismillah":false,"Text":"وَمَا لَكُمۡ أَلَّا تَأۡكُلُواْ مِمَّا ذُكِرَ ٱسۡمُ ٱللَّهِ عَلَيۡهِ وَقَدۡ فَصَّلَ لَكُم مَّا حَرَّمَ عَلَيۡكُمۡ إِلَّا مَا ٱضۡطُرِرۡتُمۡ إِلَيۡهِۗ وَإِنَّ كَثِيرٗا لَّيُضِلُّونَ بِأَهۡوَآئِهِم بِغَيۡرِ عِلۡمٍۚ إِنَّ رَبَّكَ هُوَ أَعۡلَمُ بِٱلۡمُعۡتَدِينَ","TajweedText":"وَمَا لَكُمْ أَلَّا تَأْكُلُو<tajweed class=slnt>اْ</tajweed> مِ<tajweed class=ghunnah>مّ</tajweed>َا ذُكِرَ <tajweed class=ham_wasl>ٱ</tajweed>سْمُ <tajweed class=ham_wasl>ٱ</tajweed>للَّهِ عَلَيْهِ وَقَ<tajweed class=qalaqah>دْ</tajweed> فَصَّلَ لَك<tajweed class=idgham_shafawi>ُم م</tajweed>َّا حَرَّمَ عَلَيْكُمْ إِلَّا مَا <tajweed class=ham_wasl>ٱ</tajweed>ضْطُرِرْتُمْ إِلَيْهِ‌ۗ وَإِ<tajweed class=ghunnah>نّ</tajweed>َ كَثِي<tajweed class=idgham_wo_ghunnah>رًا ل</tajweed>َّيُضِلُّونَ بِأَهْو<tajweed class=madda_obligatory>َا</tajweed>ٓئِه<tajweed class=ikhafa_shafawi>ِم ب</tajweed>ِغَيْرِ عِلْمٍ‌ۗ إِ<tajweed class=ghunnah>نّ</tajweed>َ رَبَّكَ هُوَ أَعْلَمُ بِ<tajweed class=ham_wasl>ٱ</tajweed>لْمُعْتَد<tajweed class=madda_permissible>ِي</tajweed>نَ <span class=end>١١٩</span>","End":"١١٩","PageNumber":143,"JuzNumber":8,"ManzilNumber":2,"RukuNumber":115,"MaqraNumber":57,"HizbNumber":15,"HizbDecimal":0.0,"HasSajda":false},{"SurahNumber":6,"SurahIndex":"006","VerseNumber":120,"ShowSurahName":false,"ShowBismillah":false,"Text":"وَذَرُواْ ظَٰهِرَ ٱلۡإِثۡمِ وَبَاطِنَهُۥٓۚ إِنَّ ٱلَّذِينَ يَكۡسِبُونَ ٱلۡإِثۡمَ سَيُجۡزَوۡنَ بِمَا كَانُواْ يَقۡتَرِفُونَ","TajweedText":"وَذَرُو<tajweed class=slnt>اْ</tajweed> ظَ<tajweed class=madda_normal>ـٰ</tajweed>هِرَ <tajweed class=ham_wasl>ٱ</tajweed>لْإِثْمِ وَبَاطِنَهُ<tajweed class=madda_obligatory>ۥٓ‌ۚ</tajweed> إِ<tajweed class=ghunnah>نّ</tajweed>َ <tajweed class=ham_wasl>ٱ</tajweed>لَّذِينَ يَكْسِبُونَ <tajweed class=ham_wasl>ٱ</tajweed>لْإِثْمَ سَيُ<tajweed class=qalaqah>جْ</tajweed>زَوْنَ بِمَا كَانُو<tajweed class=slnt>اْ</tajweed> يَ<tajweed class=qalaqah>قْ</tajweed>تَرِف<tajweed class=madda_permissible>ُو</tajweed>نَ <span class=end>١٢٠</span>","End":"١٢٠","PageNumber":143,"JuzNumber":8,"ManzilNumber":2,"RukuNumber":115,"MaqraNumber":57,"HizbNumber":15,"HizbDecimal":0.0,"HasSajda":false},{"SurahNumber":6,"SurahIndex":"006","VerseNumber":121,"ShowSurahName":false,"ShowBismillah":false,"Text":"وَلَا تَأۡكُلُواْ مِمَّا لَمۡ يُذۡكَرِ ٱسۡمُ ٱللَّهِ عَلَيۡهِ وَإِنَّهُۥ لَفِسۡقٞۗ وَإِنَّ ٱلشَّيَٰطِينَ لَيُوحُونَ إِلَىٰٓ أَوۡلِيَآئِهِمۡ لِيُجَٰدِلُوكُمۡۖ وَإِنۡ أَطَعۡتُمُوهُمۡ إِنَّكُمۡ لَمُشۡرِكُونَ","TajweedText":"وَلَا تَأْكُلُو<tajweed class=slnt>اْ</tajweed> مِ<tajweed class=ghunnah>مّ</tajweed>َا لَمْ يُذْكَرِ <tajweed class=ham_wasl>ٱ</tajweed>سْمُ <tajweed class=ham_wasl>ٱ</tajweed>للَّهِ عَلَيْهِ وَإِ<tajweed class=ghunnah>نّ</tajweed>َهُ<tajweed class=madda_normal>ۥ</tajweed> لَفِسْ<tajweed class=idgham_ghunnah>قٌ‌ۗ و</tajweed>َإِ<tajweed class=ghunnah>نّ</tajweed>َ <tajweed class=ham_wasl>ٱ</tajweed><tajweed class=laam_shamsiyah>ل</tajweed>شَّيَ<tajweed class=madda_normal>ـٰ</tajweed>طِينَ لَيُوحُونَ إِلَ<tajweed class=madda_obligatory>ىٰٓ</tajweed> أَوْلِي<tajweed class=madda_obligatory>َا</tajweed>ٓئِهِمْ لِيُجَ<tajweed class=madda_normal>ـٰ</tajweed>دِلُوكُمْ‌ۖ وَإِنْ أَطَعْتُمُوهُمْ إِ<tajweed class=ghunnah>نّ</tajweed>َكُمْ لَمُشْرِك<tajweed class=madda_permissible>ُو</tajweed>نَ <span class=end>١٢١</span>","End":"١٢١","PageNumber":143,"JuzNumber":8,"ManzilNumber":2,"RukuNumber":115,"MaqraNumber":57,"HizbNumber":15,"HizbDecimal":0.0,"HasSajda":false}]}