{"RukuNumber":343,"Verses":[{"SurahNumber":29,"SurahIndex":"029","VerseNumber":14,"ShowSurahName":false,"ShowBismillah":false,"Text":"وَلَقَدۡ أَرۡسَلۡنَا نُوحًا إِلَىٰ قَوۡمِهِۦ فَلَبِثَ فِيهِمۡ أَلۡفَ سَنَةٍ إِلَّا خَمۡسِينَ عَامٗا فَأَخَذَهُمُ ٱلطُّوفَانُ وَهُمۡ ظَٰلِمُونَ","TajweedText":"وَلَقَ<tajweed class=qalaqah>دْ</tajweed> أَرْسَلْنَا نُوحًا إِلَىٰ قَوْمِه<tajweed class=madda_normal>ِۦ</tajweed> فَلَبِثَ فِيهِمْ أَلْفَ سَنَةٍ إِلَّا خَمْسِينَ عَا<tajweed class=ikhafa>مًا ف</tajweed>َأَخَذَهُمُ <tajweed class=ham_wasl>ٱ</tajweed><tajweed class=laam_shamsiyah>ل</tajweed>طُّوفَانُ وَهُمْ ظَ<tajweed class=madda_normal>ـٰ</tajweed>لِم<tajweed class=madda_permissible>ُو</tajweed>نَ <span class=end>١٤</span>","End":"١٤","PageNumber":397,"JuzNumber":20,"ManzilNumber":5,"RukuNumber":343,"MaqraNumber":159,"HizbNumber":40,"HizbDecimal":0.5,"HasSajda":false},{"SurahNumber":29,"SurahIndex":"029","VerseNumber":15,"ShowSurahName":false,"ShowBismillah":false,"Text":"فَأَنجَيۡنَٰهُ وَأَصۡحَٰبَ ٱلسَّفِينَةِ وَجَعَلۡنَٰهَآ ءَايَةٗ لِّلۡعَٰلَمِينَ","TajweedText":"فَأَ<tajweed class=ikhafa>نج</tajweed>َيْنَ<tajweed class=madda_normal>ـٰ</tajweed>هُ وَأَصْحَ<tajweed class=madda_normal>ـٰ</tajweed>بَ <tajweed class=ham_wasl>ٱ</tajweed><tajweed class=laam_shamsiyah>ل</tajweed>سَّفِينَةِ وَجَعَلْنَ<tajweed class=madda_normal>ـٰ</tajweed>ه<tajweed class=madda_obligatory>َآ</tajweed> ءَايَ<tajweed class=idgham_wo_ghunnah>ةً ل</tajweed>ِّلْعَ<tajweed class=madda_normal>ـٰ</tajweed>لَم<tajweed class=madda_permissible>ِي</tajweed>نَ <span class=end>١٥</span>","End":"١٥","PageNumber":398,"JuzNumber":20,"ManzilNumber":5,"RukuNumber":343,"MaqraNumber":159,"HizbNumber":40,"HizbDecimal":0.5,"HasSajda":false},{"SurahNumber":29,"SurahIndex":"029","VerseNumber":16,"ShowSurahName":false,"ShowBismillah":false,"Text":"وَإِبۡرَٰهِيمَ إِذۡ قَالَ لِقَوۡمِهِ ٱعۡبُدُواْ ٱللَّهَ وَٱتَّقُوهُۖ ذَٰلِكُمۡ خَيۡرٞ لَّكُمۡ إِن كُنتُمۡ تَعۡلَمُونَ","TajweedText":"وَإِ<tajweed class=qalaqah>بْ</tajweed>ر<tajweed class=madda_normal>َٲ</tajweed>هِيمَ إِذْ قَالَ لِقَوْمِهِ <tajweed class=ham_wasl>ٱ</tajweed>عْبُدُو<tajweed class=slnt>اْ</tajweed> <tajweed class=ham_wasl>ٱ</tajweed>للَّهَ وَ<tajweed class=ham_wasl>ٱ</tajweed>تَّقُوهُ‌ۖ ذ<tajweed class=madda_normal>َٲ</tajweed>لِكُمْ خَيْ<tajweed class=idgham_wo_ghunnah>رٌ ل</tajweed>َّكُمْ إِ<tajweed class=ikhafa>ن ك</tajweed>ُ<tajweed class=ikhafa>نت</tajweed>ُمْ تَعْلَم<tajweed class=madda_permissible>ُو</tajweed>نَ <span class=end>١٦</span>","End":"١٦","PageNumber":398,"JuzNumber":20,"ManzilNumber":5,"RukuNumber":343,"MaqraNumber":159,"HizbNumber":40,"HizbDecimal":0.5,"HasSajda":false},{"SurahNumber":29,"SurahIndex":"029","VerseNumber":17,"ShowSurahName":false,"ShowBismillah":false,"Text":"إِنَّمَا تَعۡبُدُونَ مِن دُونِ ٱللَّهِ أَوۡثَٰنٗا وَتَخۡلُقُونَ إِفۡكًاۚ إِنَّ ٱلَّذِينَ تَعۡبُدُونَ مِن دُونِ ٱللَّهِ لَا يَمۡلِكُونَ لَكُمۡ رِزۡقٗا فَٱبۡتَغُواْ عِندَ ٱللَّهِ ٱلرِّزۡقَ وَٱعۡبُدُوهُ وَٱشۡكُرُواْ لَهُۥٓۖ إِلَيۡهِ تُرۡجَعُونَ","TajweedText":"إِ<tajweed class=ghunnah>نّ</tajweed>َمَا تَعْبُدُونَ مِ<tajweed class=ikhafa>ن د</tajweed>ُونِ <tajweed class=ham_wasl>ٱ</tajweed>للَّهِ أَوْثَ<tajweed class=madda_normal>ـٰ</tajweed><tajweed class=idgham_ghunnah>نًا و</tajweed>َتَخْلُقُونَ إِفْكًا‌ۚ إِ<tajweed class=ghunnah>نّ</tajweed>َ <tajweed class=ham_wasl>ٱ</tajweed>لَّذِينَ تَعْبُدُونَ مِ<tajweed class=ikhafa>ن د</tajweed>ُونِ <tajweed class=ham_wasl>ٱ</tajweed>للَّهِ لَا يَمْلِكُونَ لَكُمْ رِزْ<tajweed class=ikhafa>قًا ف</tajweed>َ<tajweed class=ham_wasl>ٱ</tajweed><tajweed class=qalaqah>بْ</tajweed>تَغُو<tajweed class=slnt>اْ</tajweed> عِ<tajweed class=ikhafa>ند</tajweed>َ <tajweed class=ham_wasl>ٱ</tajweed>للَّهِ <tajweed class=ham_wasl>ٱ</tajweed><tajweed class=laam_shamsiyah>ل</tajweed>رِّزْقَ وَ<tajweed class=ham_wasl>ٱ</tajweed>عْبُدُوهُ وَ<tajweed class=ham_wasl>ٱ</tajweed>شْكُرُو<tajweed class=slnt>اْ</tajweed> لَهُ<tajweed class=madda_obligatory>ۥٓ‌ۖ</tajweed> إِلَيْهِ تُرْجَع<tajweed class=madda_permissible>ُو</tajweed>نَ <span class=end>١٧</span>","End":"١٧","PageNumber":398,"JuzNumber":20,"ManzilNumber":5,"RukuNumber":343,"MaqraNumber":159,"HizbNumber":40,"HizbDecimal":0.5,"HasSajda":false},{"SurahNumber":29,"SurahIndex":"029","VerseNumber":18,"ShowSurahName":false,"ShowBismillah":false,"Text":"وَإِن تُكَذِّبُواْ فَقَدۡ كَذَّبَ أُمَمٞ مِّن قَبۡلِكُمۡۖ وَمَا عَلَى ٱلرَّسُولِ إِلَّا ٱلۡبَلَٰغُ ٱلۡمُبِينُ","TajweedText":"وَإِ<tajweed class=ikhafa>ن ت</tajweed>ُكَذِّبُو<tajweed class=slnt>اْ</tajweed> فَقَ<tajweed class=qalaqah>دْ</tajweed> كَذَّبَ أُمَ<tajweed class=idgham_ghunnah>مٌ م</tajweed>ِّ<tajweed class=ikhafa>ن ق</tajweed>َ<tajweed class=qalaqah>بْ</tajweed>لِكُمْ‌ۖ وَمَا عَلَى <tajweed class=ham_wasl>ٱ</tajweed><tajweed class=laam_shamsiyah>ل</tajweed>رَّسُولِ إِلَّا <tajweed class=ham_wasl>ٱ</tajweed>لْبَلَ<tajweed class=madda_normal>ـٰ</tajweed>غُ <tajweed class=ham_wasl>ٱ</tajweed>لْمُب<tajweed class=madda_permissible>ِي</tajweed>نُ <span class=end>١٨</span>","End":"١٨","PageNumber":398,"JuzNumber":20,"ManzilNumber":5,"RukuNumber":343,"MaqraNumber":159,"HizbNumber":40,"HizbDecimal":0.5,"HasSajda":false},{"SurahNumber":29,"SurahIndex":"029","VerseNumber":19,"ShowSurahName":false,"ShowBismillah":false,"Text":"أَوَلَمۡ يَرَوۡاْ كَيۡفَ يُبۡدِئُ ٱللَّهُ ٱلۡخَلۡقَ ثُمَّ يُعِيدُهُۥٓۚ إِنَّ ذَٰلِكَ عَلَى ٱللَّهِ يَسِيرٞ","TajweedText":"أَوَلَمْ يَرَوْ<tajweed class=slnt>اْ</tajweed> كَيْفَ يُ<tajweed class=qalaqah>بْ</tajweed>دِئُ <tajweed class=ham_wasl>ٱ</tajweed>للَّهُ <tajweed class=ham_wasl>ٱ</tajweed>لْخَلْقَ ثُ<tajweed class=ghunnah>مّ</tajweed>َ يُعِيدُهُ<tajweed class=madda_obligatory>ۥٓ‌ۚ</tajweed> إِ<tajweed class=ghunnah>نّ</tajweed>َ ذ<tajweed class=madda_normal>َٲ</tajweed>لِكَ عَلَى <tajweed class=ham_wasl>ٱ</tajweed>للَّهِ يَس<tajweed class=madda_permissible>ِي</tajweed>رٌ <span class=end>١٩</span>","End":"١٩","PageNumber":398,"JuzNumber":20,"ManzilNumber":5,"RukuNumber":343,"MaqraNumber":159,"HizbNumber":40,"HizbDecimal":0.5,"HasSajda":false},{"SurahNumber":29,"SurahIndex":"029","VerseNumber":20,"ShowSurahName":false,"ShowBismillah":false,"Text":"قُلۡ سِيرُواْ فِي ٱلۡأَرۡضِ فَٱنظُرُواْ كَيۡفَ بَدَأَ ٱلۡخَلۡقَۚ ثُمَّ ٱللَّهُ يُنشِئُ ٱلنَّشۡأَةَ ٱلۡأٓخِرَةَۚ إِنَّ ٱللَّهَ عَلَىٰ كُلِّ شَيۡءٖ قَدِيرٞ","TajweedText":"قُلْ سِيرُو<tajweed class=slnt>اْ</tajweed> فِى <tajweed class=ham_wasl>ٱ</tajweed>لْأَرْضِ فَ<tajweed class=ham_wasl>ٱ</tajweed><tajweed class=ikhafa>نظ</tajweed>ُرُو<tajweed class=slnt>اْ</tajweed> كَيْفَ بَدَأَ <tajweed class=ham_wasl>ٱ</tajweed>لْخَلْقَ‌ۚ ثُ<tajweed class=ghunnah>مّ</tajweed>َ <tajweed class=ham_wasl>ٱ</tajweed>للَّهُ يُ<tajweed class=ikhafa>نش</tajweed>ِئُ <tajweed class=ham_wasl>ٱ</tajweed><tajweed class=laam_shamsiyah>ل</tajweed><tajweed class=ghunnah>نّ</tajweed>َشْأَةَ <tajweed class=ham_wasl>ٱ</tajweed>لْأَخِرَةَ‌ۚ إِ<tajweed class=ghunnah>نّ</tajweed>َ <tajweed class=ham_wasl>ٱ</tajweed>للَّهَ عَلَىٰ كُلِّ ش<tajweed class=ikhafa>َىْءٍ ق</tajweed>َد<tajweed class=madda_permissible>ِي</tajweed>رٌ <span class=end>٢٠</span>","End":"٢٠","PageNumber":398,"JuzNumber":20,"ManzilNumber":5,"RukuNumber":343,"MaqraNumber":159,"HizbNumber":40,"HizbDecimal":0.5,"HasSajda":false},{"SurahNumber":29,"SurahIndex":"029","VerseNumber":21,"ShowSurahName":false,"ShowBismillah":false,"Text":"يُعَذِّبُ مَن يَشَآءُ وَيَرۡحَمُ مَن يَشَآءُۖ وَإِلَيۡهِ تُقۡلَبُونَ","TajweedText":"يُعَذِّبُ م<tajweed class=idgham_ghunnah>َن ي</tajweed>َش<tajweed class=madda_obligatory>َا</tajweed>ٓءُ وَيَرْحَمُ م<tajweed class=idgham_ghunnah>َن ي</tajweed>َش<tajweed class=madda_obligatory>َا</tajweed>ٓءُ‌ۖ وَإِلَيْهِ تُ<tajweed class=qalaqah>قْ</tajweed>لَب<tajweed class=madda_permissible>ُو</tajweed>نَ <span class=end>٢١</span>","End":"٢١","PageNumber":398,"JuzNumber":20,"ManzilNumber":5,"RukuNumber":343,"MaqraNumber":159,"HizbNumber":40,"HizbDecimal":0.5,"HasSajda":false},{"SurahNumber":29,"SurahIndex":"029","VerseNumber":22,"ShowSurahName":false,"ShowBismillah":false,"Text":"وَمَآ أَنتُم بِمُعۡجِزِينَ فِي ٱلۡأَرۡضِ وَلَا فِي ٱلسَّمَآءِۖ وَمَا لَكُم مِّن دُونِ ٱللَّهِ مِن وَلِيّٖ وَلَا نَصِيرٖ","TajweedText":"وَم<tajweed class=madda_obligatory>َآ</tajweed> أَ<tajweed class=ikhafa>نت</tajweed><tajweed class=ikhafa_shafawi>ُم ب</tajweed>ِمُعْجِزِينَ فِى <tajweed class=ham_wasl>ٱ</tajweed>لْأَرْضِ وَلَا فِى <tajweed class=ham_wasl>ٱ</tajweed><tajweed class=laam_shamsiyah>ل</tajweed>سَّم<tajweed class=madda_obligatory>َا</tajweed>ٓءِ‌ۖ وَمَا لَك<tajweed class=idgham_shafawi>ُم م</tajweed>ِّ<tajweed class=ikhafa>ن د</tajweed>ُونِ <tajweed class=ham_wasl>ٱ</tajweed>للَّهِ م<tajweed class=idgham_ghunnah>ِن و</tajweed>َلِ<tajweed class=idgham_ghunnah>ىٍّ و</tajweed>َلَا نَص<tajweed class=madda_permissible>ِي</tajweed>رٍ <span class=end>٢٢</span>","End":"٢٢","PageNumber":398,"JuzNumber":20,"ManzilNumber":5,"RukuNumber":343,"MaqraNumber":159,"HizbNumber":40,"HizbDecimal":0.5,"HasSajda":false}]}