{"RukuNumber":410,"Verses":[{"SurahNumber":40,"SurahIndex":"040","VerseNumber":61,"ShowSurahName":false,"ShowBismillah":false,"Text":"ٱللَّهُ ٱلَّذِي جَعَلَ لَكُمُ ٱلَّيۡلَ لِتَسۡكُنُواْ فِيهِ وَٱلنَّهَارَ مُبۡصِرًاۚ إِنَّ ٱللَّهَ لَذُو فَضۡلٍ عَلَى ٱلنَّاسِ وَلَٰكِنَّ أَكۡثَرَ ٱلنَّاسِ لَا يَشۡكُرُونَ","TajweedText":"ٱللَّهُ <tajweed class=ham_wasl>ٱ</tajweed>لَّذِى جَعَلَ لَكُمُ <tajweed class=ham_wasl>ٱ</tajweed>لَّيْلَ لِتَسْكُنُو<tajweed class=slnt>اْ</tajweed> فِيهِ وَ<tajweed class=ham_wasl>ٱ</tajweed><tajweed class=laam_shamsiyah>ل</tajweed><tajweed class=ghunnah>نّ</tajweed>َهَارَ مُ<tajweed class=qalaqah>بْ</tajweed>صِرًاۚ إِ<tajweed class=ghunnah>نّ</tajweed>َ <tajweed class=ham_wasl>ٱ</tajweed>للَّهَ لَذُو فَضْلٍ عَلَى <tajweed class=ham_wasl>ٱ</tajweed><tajweed class=laam_shamsiyah>ل</tajweed><tajweed class=ghunnah>نّ</tajweed>َاسِ وَلَ<tajweed class=madda_normal>ـٰ</tajweed>كِ<tajweed class=ghunnah>نّ</tajweed>َ أَكْثَرَ <tajweed class=ham_wasl>ٱ</tajweed><tajweed class=laam_shamsiyah>ل</tajweed><tajweed class=ghunnah>نّ</tajweed>َاسِ لَا يَشْكُر<tajweed class=madda_permissible>ُو</tajweed>نَ <span class=end>٦١</span>","End":"٦١","PageNumber":474,"JuzNumber":24,"ManzilNumber":6,"RukuNumber":410,"MaqraNumber":189,"HizbNumber":48,"HizbDecimal":0.0,"HasSajda":false},{"SurahNumber":40,"SurahIndex":"040","VerseNumber":62,"ShowSurahName":false,"ShowBismillah":false,"Text":"ذَٰلِكُمُ ٱللَّهُ رَبُّكُمۡ خَٰلِقُ كُلِّ شَيۡءٖ لَّآ إِلَٰهَ إِلَّا هُوَۖ فَأَنَّىٰ تُؤۡفَكُونَ","TajweedText":"ذ<tajweed class=madda_normal>َٲ</tajweed>لِكُمُ <tajweed class=ham_wasl>ٱ</tajweed>للَّهُ رَبُّكُمْ خَ<tajweed class=madda_normal>ـٰ</tajweed>لِقُ كُلِّ ش<tajweed class=idgham_wo_ghunnah>َىْءٍ ل</tajweed>ّ<tajweed class=madda_obligatory>َآ</tajweed> إِلَ<tajweed class=madda_normal>ـٰ</tajweed>هَ إِلَّا هُوَۖ فَأَ<tajweed class=ghunnah>نّ</tajweed>َىٰ تُؤْفَك<tajweed class=madda_permissible>ُو</tajweed>نَ <span class=end>٦٢</span>","End":"٦٢","PageNumber":474,"JuzNumber":24,"ManzilNumber":6,"RukuNumber":410,"MaqraNumber":189,"HizbNumber":48,"HizbDecimal":0.0,"HasSajda":false},{"SurahNumber":40,"SurahIndex":"040","VerseNumber":63,"ShowSurahName":false,"ShowBismillah":false,"Text":"كَذَٰلِكَ يُؤۡفَكُ ٱلَّذِينَ كَانُواْ بِـَٔايَٰتِ ٱللَّهِ يَجۡحَدُونَ","TajweedText":"كَذ<tajweed class=madda_normal>َٲ</tajweed>لِكَ يُؤْفَكُ <tajweed class=ham_wasl>ٱ</tajweed>لَّذِينَ كَانُو<tajweed class=slnt>اْ</tajweed> بِـَٔـايَ<tajweed class=madda_normal>ـٰ</tajweed>تِ <tajweed class=ham_wasl>ٱ</tajweed>للَّهِ يَ<tajweed class=qalaqah>جْ</tajweed>حَد<tajweed class=madda_permissible>ُو</tajweed>نَ <span class=end>٦٣</span>","End":"٦٣","PageNumber":474,"JuzNumber":24,"ManzilNumber":6,"RukuNumber":410,"MaqraNumber":189,"HizbNumber":48,"HizbDecimal":0.0,"HasSajda":false},{"SurahNumber":40,"SurahIndex":"040","VerseNumber":64,"ShowSurahName":false,"ShowBismillah":false,"Text":"ٱللَّهُ ٱلَّذِي جَعَلَ لَكُمُ ٱلۡأَرۡضَ قَرَارٗا وَٱلسَّمَآءَ بِنَآءٗ وَصَوَّرَكُمۡ فَأَحۡسَنَ صُوَرَكُمۡ وَرَزَقَكُم مِّنَ ٱلطَّيِّبَٰتِۚ ذَٰلِكُمُ ٱللَّهُ رَبُّكُمۡۖ فَتَبَارَكَ ٱللَّهُ رَبُّ ٱلۡعَٰلَمِينَ","TajweedText":"ٱللَّهُ <tajweed class=ham_wasl>ٱ</tajweed>لَّذِى جَعَلَ لَكُمُ <tajweed class=ham_wasl>ٱ</tajweed>لْأَرْضَ قَرَا<tajweed class=idgham_ghunnah>رًا و</tajweed>َ<tajweed class=ham_wasl>ٱ</tajweed><tajweed class=laam_shamsiyah>ل</tajweed>سَّم<tajweed class=madda_obligatory>َا</tajweed>ٓءَ بِن<tajweed class=madda_obligatory>َا</tajweed>ٓ<tajweed class=idgham_ghunnah>ءً و</tajweed>َصَوَّرَكُمْ فَأَحْسَنَ صُوَرَكُمْ وَرَزَقَك<tajweed class=idgham_shafawi>ُم م</tajweed>ِّنَ <tajweed class=ham_wasl>ٱ</tajweed><tajweed class=laam_shamsiyah>ل</tajweed>طَّيِّبَ<tajweed class=madda_normal>ـٰ</tajweed>تِۚ ذ<tajweed class=madda_normal>َٲ</tajweed>لِكُمُ <tajweed class=ham_wasl>ٱ</tajweed>للَّهُ رَبُّكُمْۖ فَتَبَارَكَ <tajweed class=ham_wasl>ٱ</tajweed>للَّهُ رَبُّ <tajweed class=ham_wasl>ٱ</tajweed>لْعَ<tajweed class=madda_normal>ـٰ</tajweed>لَم<tajweed class=madda_permissible>ِي</tajweed>نَ <span class=end>٦٤</span>","End":"٦٤","PageNumber":474,"JuzNumber":24,"ManzilNumber":6,"RukuNumber":410,"MaqraNumber":189,"HizbNumber":48,"HizbDecimal":0.0,"HasSajda":false},{"SurahNumber":40,"SurahIndex":"040","VerseNumber":65,"ShowSurahName":false,"ShowBismillah":false,"Text":"هُوَ ٱلۡحَيُّ لَآ إِلَٰهَ إِلَّا هُوَ فَٱدۡعُوهُ مُخۡلِصِينَ لَهُ ٱلدِّينَۗ ٱلۡحَمۡدُ لِلَّهِ رَبِّ ٱلۡعَٰلَمِينَ","TajweedText":"هُوَ <tajweed class=ham_wasl>ٱ</tajweed>لْحَىُّ ل<tajweed class=madda_obligatory>َآ</tajweed> إِلَ<tajweed class=madda_normal>ـٰ</tajweed>هَ إِلَّا هُوَ فَ<tajweed class=ham_wasl>ٱ</tajweed><tajweed class=qalaqah>دْ</tajweed>عُوهُ مُخْلِصِينَ لَهُ <tajweed class=ham_wasl>ٱ</tajweed><tajweed class=laam_shamsiyah>ل</tajweed>دِّينَۗ <tajweed class=ham_wasl>ٱ</tajweed>لْحَمْدُ لِلَّهِ رَبِّ <tajweed class=ham_wasl>ٱ</tajweed>لْعَ<tajweed class=madda_normal>ـٰ</tajweed>لَم<tajweed class=madda_permissible>ِي</tajweed>نَ <span class=end>٦٥</span>","End":"٦٥","PageNumber":474,"JuzNumber":24,"ManzilNumber":6,"RukuNumber":410,"MaqraNumber":189,"HizbNumber":48,"HizbDecimal":0.0,"HasSajda":false},{"SurahNumber":40,"SurahIndex":"040","VerseNumber":66,"ShowSurahName":false,"ShowBismillah":false,"Text":"۞قُلۡ إِنِّي نُهِيتُ أَنۡ أَعۡبُدَ ٱلَّذِينَ تَدۡعُونَ مِن دُونِ ٱللَّهِ لَمَّا جَآءَنِيَ ٱلۡبَيِّنَٰتُ مِن رَّبِّي وَأُمِرۡتُ أَنۡ أُسۡلِمَ لِرَبِّ ٱلۡعَٰلَمِينَ","TajweedText":"۞ قُلْ إِ<tajweed class=ghunnah>نّ</tajweed>ِى نُهِيتُ أَنْ أَعْبُدَ <tajweed class=ham_wasl>ٱ</tajweed>لَّذِينَ تَ<tajweed class=qalaqah>دْ</tajweed>عُونَ مِ<tajweed class=ikhafa>ن د</tajweed>ُونِ <tajweed class=ham_wasl>ٱ</tajweed>للَّهِ لَ<tajweed class=ghunnah>مّ</tajweed>َا ج<tajweed class=madda_obligatory>َا</tajweed>ٓءَنِىَ <tajweed class=ham_wasl>ٱ</tajweed>لْبَيِّنَ<tajweed class=madda_normal>ـٰ</tajweed>تُ م<tajweed class=idgham_wo_ghunnah>ِن ر</tajweed>َّبِّى وَأُمِرْتُ أَنْ أُسْلِمَ لِرَبِّ <tajweed class=ham_wasl>ٱ</tajweed>لْعَ<tajweed class=madda_normal>ـٰ</tajweed>لَم<tajweed class=madda_permissible>ِي</tajweed>نَ <span class=end>٦٦</span>","End":"٦٦","PageNumber":474,"JuzNumber":24,"ManzilNumber":6,"RukuNumber":410,"MaqraNumber":190,"HizbNumber":48,"HizbDecimal":0.25,"HasSajda":false},{"SurahNumber":40,"SurahIndex":"040","VerseNumber":67,"ShowSurahName":false,"ShowBismillah":false,"Text":"هُوَ ٱلَّذِي خَلَقَكُم مِّن تُرَابٖ ثُمَّ مِن نُّطۡفَةٖ ثُمَّ مِنۡ عَلَقَةٖ ثُمَّ يُخۡرِجُكُمۡ طِفۡلٗا ثُمَّ لِتَبۡلُغُوٓاْ أَشُدَّكُمۡ ثُمَّ لِتَكُونُواْ شُيُوخٗاۚ وَمِنكُم مَّن يُتَوَفَّىٰ مِن قَبۡلُۖ وَلِتَبۡلُغُوٓاْ أَجَلٗا مُّسَمّٗى وَلَعَلَّكُمۡ تَعۡقِلُونَ","TajweedText":"هُوَ <tajweed class=ham_wasl>ٱ</tajweed>لَّذِى خَلَقَك<tajweed class=idgham_shafawi>ُم م</tajweed>ِّ<tajweed class=ikhafa>ن ت</tajweed>ُرَا<tajweed class=ikhafa>بٍ ث</tajweed>ُ<tajweed class=ghunnah>مّ</tajweed>َ م<tajweed class=idgham_ghunnah>ِن ن</tajweed>ُّ<tajweed class=qalaqah>طْ</tajweed>فَ<tajweed class=ikhafa>ةٍ ث</tajweed>ُ<tajweed class=ghunnah>مّ</tajweed>َ مِنْ عَلَقَ<tajweed class=ikhafa>ةٍ ث</tajweed>ُ<tajweed class=ghunnah>مّ</tajweed>َ يُخْرِجُكُمْ طِفْل<tajweed class=ikhafa>اً ث</tajweed>ُ<tajweed class=ghunnah>مّ</tajweed>َ لِتَ<tajweed class=qalaqah>بْ</tajweed>لُغ<tajweed class=madda_obligatory>ُوٓ</tajweed><tajweed class=slnt>اْ</tajweed> أَشُدَّكُمْ ثُ<tajweed class=ghunnah>مّ</tajweed>َ لِتَكُونُو<tajweed class=slnt>اْ</tajweed> شُيُو<tajweed class=idgham_ghunnah>خًاۚ و</tajweed>َمِ<tajweed class=ikhafa>نك</tajweed><tajweed class=idgham_shafawi>ُم م</tajweed>ّ<tajweed class=idgham_ghunnah>َن ي</tajweed>ُتَوَفَّىٰ مِ<tajweed class=ikhafa>ن ق</tajweed>َ<tajweed class=qalaqah>بْ</tajweed>لُۖ وَلِتَ<tajweed class=qalaqah>بْ</tajweed>لُغ<tajweed class=madda_obligatory>ُوٓ</tajweed><tajweed class=slnt>اْ</tajweed> أَجَل<tajweed class=idgham_ghunnah>اً م</tajweed>ُّسَم<tajweed class=idgham_ghunnah>ًّى و</tajweed>َلَعَلَّكُمْ تَعْقِل<tajweed class=madda_permissible>ُو</tajweed>نَ <span class=end>٦٧</span>","End":"٦٧","PageNumber":475,"JuzNumber":24,"ManzilNumber":6,"RukuNumber":410,"MaqraNumber":190,"HizbNumber":48,"HizbDecimal":0.25,"HasSajda":false},{"SurahNumber":40,"SurahIndex":"040","VerseNumber":68,"ShowSurahName":false,"ShowBismillah":false,"Text":"هُوَ ٱلَّذِي يُحۡيِۦ وَيُمِيتُۖ فَإِذَا قَضَىٰٓ أَمۡرٗا فَإِنَّمَا يَقُولُ لَهُۥ كُن فَيَكُونُ","TajweedText":"هُوَ <tajweed class=ham_wasl>ٱ</tajweed>لَّذِى يُحْى<tajweed class=madda_normal>ِۦ</tajweed> وَيُمِيتُۖ فَإِذَا قَضَ<tajweed class=madda_obligatory>ىٰٓ</tajweed> أَمْ<tajweed class=ikhafa>رًا ف</tajweed>َإِ<tajweed class=ghunnah>نّ</tajweed>َمَا يَقُولُ لَهُ<tajweed class=madda_normal>ۥ</tajweed> كُ<tajweed class=ikhafa>ن ف</tajweed>َيَك<tajweed class=madda_permissible>ُو</tajweed>نُ <span class=end>٦٨</span>","End":"٦٨","PageNumber":475,"JuzNumber":24,"ManzilNumber":6,"RukuNumber":410,"MaqraNumber":190,"HizbNumber":48,"HizbDecimal":0.25,"HasSajda":false}]}