{"RukuNumber":156,"Verses":[{"SurahNumber":9,"SurahIndex":"009","VerseNumber":1,"ShowSurahName":true,"ShowBismillah":false,"Text":"بَرَآءَةٞ مِّنَ ٱللَّهِ وَرَسُولِهِۦٓ إِلَى ٱلَّذِينَ عَٰهَدتُّم مِّنَ ٱلۡمُشۡرِكِينَ","TajweedText":"بَر<tajweed class=madda_obligatory>َا</tajweed>ٓءَ<tajweed class=idgham_ghunnah>ةٌ م</tajweed>ِّنَ <tajweed class=ham_wasl>ٱ</tajweed>للَّهِ وَرَسُولِه<tajweed class=madda_obligatory>ِۦٓ</tajweed> إِلَى <tajweed class=ham_wasl>ٱ</tajweed>لَّذِينَ عَ<tajweed class=madda_normal>ـٰ</tajweed>هَ<tajweed class=idgham_mutajanisayn>د</tajweed>تّ<tajweed class=idgham_shafawi>ُم م</tajweed>ِّنَ <tajweed class=ham_wasl>ٱ</tajweed>لْمُشْرِك<tajweed class=madda_permissible>ِي</tajweed>نَ <span class=end>١</span>","End":"١","PageNumber":187,"JuzNumber":10,"ManzilNumber":2,"RukuNumber":156,"MaqraNumber":75,"HizbNumber":19,"HizbDecimal":0.5,"HasSajda":false},{"SurahNumber":9,"SurahIndex":"009","VerseNumber":2,"ShowSurahName":false,"ShowBismillah":false,"Text":"فَسِيحُواْ فِي ٱلۡأَرۡضِ أَرۡبَعَةَ أَشۡهُرٖ وَٱعۡلَمُوٓاْ أَنَّكُمۡ غَيۡرُ مُعۡجِزِي ٱللَّهِ وَأَنَّ ٱللَّهَ مُخۡزِي ٱلۡكَٰفِرِينَ","TajweedText":"فَسِيحُو<tajweed class=slnt>اْ</tajweed> فِى <tajweed class=ham_wasl>ٱ</tajweed>لْأَرْضِ أَرْبَعَةَ أَشْهُ<tajweed class=idgham_ghunnah>رٍ و</tajweed>َ<tajweed class=ham_wasl>ٱ</tajweed>عْلَم<tajweed class=madda_obligatory>ُوٓ</tajweed><tajweed class=slnt>اْ</tajweed> أَ<tajweed class=ghunnah>نّ</tajweed>َكُمْ غَيْرُ مُعْجِزِى <tajweed class=ham_wasl>ٱ</tajweed>للَّهِ‌ۙ وَأَ<tajweed class=ghunnah>نّ</tajweed>َ <tajweed class=ham_wasl>ٱ</tajweed>للَّهَ مُخْزِى <tajweed class=ham_wasl>ٱ</tajweed>لْكَ<tajweed class=madda_normal>ـٰ</tajweed>فِر<tajweed class=madda_permissible>ِي</tajweed>نَ <span class=end>٢</span>","End":"٢","PageNumber":187,"JuzNumber":10,"ManzilNumber":2,"RukuNumber":156,"MaqraNumber":75,"HizbNumber":19,"HizbDecimal":0.5,"HasSajda":false},{"SurahNumber":9,"SurahIndex":"009","VerseNumber":3,"ShowSurahName":false,"ShowBismillah":false,"Text":"وَأَذَٰنٞ مِّنَ ٱللَّهِ وَرَسُولِهِۦٓ إِلَى ٱلنَّاسِ يَوۡمَ ٱلۡحَجِّ ٱلۡأَكۡبَرِ أَنَّ ٱللَّهَ بَرِيٓءٞ مِّنَ ٱلۡمُشۡرِكِينَ وَرَسُولُهُۥۚ فَإِن تُبۡتُمۡ فَهُوَ خَيۡرٞ لَّكُمۡۖ وَإِن تَوَلَّيۡتُمۡ فَٱعۡلَمُوٓاْ أَنَّكُمۡ غَيۡرُ مُعۡجِزِي ٱللَّهِۗ وَبَشِّرِ ٱلَّذِينَ كَفَرُواْ بِعَذَابٍ أَلِيمٍ","TajweedText":"وَأَذ<tajweed class=madda_normal>َٲ</tajweed><tajweed class=idgham_ghunnah>نٌ م</tajweed>ِّنَ <tajweed class=ham_wasl>ٱ</tajweed>للَّهِ وَرَسُولِه<tajweed class=madda_obligatory>ِۦٓ</tajweed> إِلَى <tajweed class=ham_wasl>ٱ</tajweed><tajweed class=laam_shamsiyah>ل</tajweed><tajweed class=ghunnah>نّ</tajweed>َاسِ يَوْمَ <tajweed class=ham_wasl>ٱ</tajweed>لْحَجِّ <tajweed class=ham_wasl>ٱ</tajweed>لْأَكْبَرِ أَ<tajweed class=ghunnah>نّ</tajweed>َ <tajweed class=ham_wasl>ٱ</tajweed>للَّهَ بَر<tajweed class=madda_obligatory>ِى</tajweed>ٓ<tajweed class=idgham_ghunnah>ءٌ م</tajweed>ِّنَ <tajweed class=ham_wasl>ٱ</tajweed>لْمُشْرِكِينَ‌ۙ وَرَسُولُهُ<tajweed class=madda_normal>ۥ</tajweed>‌ۚ فَإِ<tajweed class=ikhafa>ن ت</tajweed>ُ<tajweed class=qalaqah>بْ</tajweed>تُمْ فَهُوَ خَيْ<tajweed class=idgham_wo_ghunnah>رٌ ل</tajweed>َّكُمْ‌ۖ وَإِ<tajweed class=ikhafa>ن ت</tajweed>َوَلَّيْتُمْ فَ<tajweed class=ham_wasl>ٱ</tajweed>عْلَم<tajweed class=madda_obligatory>ُوٓ</tajweed><tajweed class=slnt>اْ</tajweed> أَ<tajweed class=ghunnah>نّ</tajweed>َكُمْ غَيْرُ مُعْجِزِى <tajweed class=ham_wasl>ٱ</tajweed>للَّهِ‌ۗ وَبَشِّرِ <tajweed class=ham_wasl>ٱ</tajweed>لَّذِينَ كَفَرُو<tajweed class=slnt>اْ</tajweed> بِعَذَابٍ أَل<tajweed class=madda_permissible>ِي</tajweed>مٍ <span class=end>٣</span>","End":"٣","PageNumber":187,"JuzNumber":10,"ManzilNumber":2,"RukuNumber":156,"MaqraNumber":75,"HizbNumber":19,"HizbDecimal":0.5,"HasSajda":false},{"SurahNumber":9,"SurahIndex":"009","VerseNumber":4,"ShowSurahName":false,"ShowBismillah":false,"Text":"إِلَّا ٱلَّذِينَ عَٰهَدتُّم مِّنَ ٱلۡمُشۡرِكِينَ ثُمَّ لَمۡ يَنقُصُوكُمۡ شَيۡـٔٗا وَلَمۡ يُظَٰهِرُواْ عَلَيۡكُمۡ أَحَدٗا فَأَتِمُّوٓاْ إِلَيۡهِمۡ عَهۡدَهُمۡ إِلَىٰ مُدَّتِهِمۡۚ إِنَّ ٱللَّهَ يُحِبُّ ٱلۡمُتَّقِينَ","TajweedText":"إِلَّا <tajweed class=ham_wasl>ٱ</tajweed>لَّذِينَ عَ<tajweed class=madda_normal>ـٰ</tajweed>هَ<tajweed class=idgham_mutajanisayn>د</tajweed>تّ<tajweed class=idgham_shafawi>ُم م</tajweed>ِّنَ <tajweed class=ham_wasl>ٱ</tajweed>لْمُشْرِكِينَ ثُ<tajweed class=ghunnah>مّ</tajweed>َ لَمْ يَ<tajweed class=ikhafa>نق</tajweed>ُصُوكُمْ شَيْـ<tajweed class=idgham_ghunnah>ـًٔا و</tajweed>َلَمْ يُظَ<tajweed class=madda_normal>ـٰ</tajweed>هِرُو<tajweed class=slnt>اْ</tajweed> عَلَيْكُمْ أَحَ<tajweed class=ikhafa>دًا ف</tajweed>َأَتِ<tajweed class=ghunnah>مّ</tajweed><tajweed class=madda_obligatory>ُوٓ</tajweed><tajweed class=slnt>اْ</tajweed> إِلَيْهِمْ عَهْدَهُمْ إِلَىٰ مُدَّتِهِمْ‌ۚ إِ<tajweed class=ghunnah>نّ</tajweed>َ <tajweed class=ham_wasl>ٱ</tajweed>للَّهَ يُحِبُّ <tajweed class=ham_wasl>ٱ</tajweed>لْمُتَّق<tajweed class=madda_permissible>ِي</tajweed>نَ <span class=end>٤</span>","End":"٤","PageNumber":187,"JuzNumber":10,"ManzilNumber":2,"RukuNumber":156,"MaqraNumber":75,"HizbNumber":19,"HizbDecimal":0.5,"HasSajda":false},{"SurahNumber":9,"SurahIndex":"009","VerseNumber":5,"ShowSurahName":false,"ShowBismillah":false,"Text":"فَإِذَا ٱنسَلَخَ ٱلۡأَشۡهُرُ ٱلۡحُرُمُ فَٱقۡتُلُواْ ٱلۡمُشۡرِكِينَ حَيۡثُ وَجَدتُّمُوهُمۡ وَخُذُوهُمۡ وَٱحۡصُرُوهُمۡ وَٱقۡعُدُواْ لَهُمۡ كُلَّ مَرۡصَدٖۚ فَإِن تَابُواْ وَأَقَامُواْ ٱلصَّلَوٰةَ وَءَاتَوُاْ ٱلزَّكَوٰةَ فَخَلُّواْ سَبِيلَهُمۡۚ إِنَّ ٱللَّهَ غَفُورٞ رَّحِيمٞ","TajweedText":"فَإِذَا <tajweed class=ham_wasl>ٱ</tajweed><tajweed class=ikhafa>نس</tajweed>َلَخَ <tajweed class=ham_wasl>ٱ</tajweed>لْأَشْهُرُ <tajweed class=ham_wasl>ٱ</tajweed>لْحُرُمُ فَ<tajweed class=ham_wasl>ٱ</tajweed><tajweed class=qalaqah>قْ</tajweed>تُلُو<tajweed class=slnt>اْ</tajweed> <tajweed class=ham_wasl>ٱ</tajweed>لْمُشْرِكِينَ حَيْثُ وَجَ<tajweed class=idgham_mutajanisayn>د</tajweed>تُّمُوهُمْ وَخُذُوهُمْ وَ<tajweed class=ham_wasl>ٱ</tajweed>حْصُرُوهُمْ وَ<tajweed class=ham_wasl>ٱ</tajweed><tajweed class=qalaqah>قْ</tajweed>عُدُو<tajweed class=slnt>اْ</tajweed> لَهُمْ كُلَّ مَرْصَ<tajweed class=ikhafa>دٍ‌ۚ ف</tajweed>َإِ<tajweed class=ikhafa>ن ت</tajweed>َابُو<tajweed class=slnt>اْ</tajweed> وَأَقَامُو<tajweed class=slnt>اْ</tajweed> <tajweed class=ham_wasl>ٱ</tajweed><tajweed class=laam_shamsiyah>ل</tajweed>صَّلَ<tajweed class=slnt>و</tajweed><tajweed class=madda_normal>ٲ</tajweed>ةَ وَءَاتَوُ<tajweed class=slnt>اْ</tajweed> <tajweed class=ham_wasl>ٱ</tajweed><tajweed class=laam_shamsiyah>ل</tajweed>زَّكَ<tajweed class=slnt>و</tajweed><tajweed class=madda_normal>ٲ</tajweed>ةَ فَخَلُّو<tajweed class=slnt>اْ</tajweed> سَبِيلَهُمْ‌ۚ إِ<tajweed class=ghunnah>نّ</tajweed>َ <tajweed class=ham_wasl>ٱ</tajweed>للَّهَ غَفُو<tajweed class=idgham_wo_ghunnah>رٌ ر</tajweed>َّح<tajweed class=madda_permissible>ِي</tajweed>مٌ <span class=end>٥</span>","End":"٥","PageNumber":187,"JuzNumber":10,"ManzilNumber":2,"RukuNumber":156,"MaqraNumber":75,"HizbNumber":19,"HizbDecimal":0.5,"HasSajda":false},{"SurahNumber":9,"SurahIndex":"009","VerseNumber":6,"ShowSurahName":false,"ShowBismillah":false,"Text":"وَإِنۡ أَحَدٞ مِّنَ ٱلۡمُشۡرِكِينَ ٱسۡتَجَارَكَ فَأَجِرۡهُ حَتَّىٰ يَسۡمَعَ كَلَٰمَ ٱللَّهِ ثُمَّ أَبۡلِغۡهُ مَأۡمَنَهُۥۚ ذَٰلِكَ بِأَنَّهُمۡ قَوۡمٞ لَّا يَعۡلَمُونَ","TajweedText":"وَإِنْ أَحَ<tajweed class=idgham_ghunnah>دٌ م</tajweed>ِّنَ <tajweed class=ham_wasl>ٱ</tajweed>لْمُشْرِكِينَ <tajweed class=ham_wasl>ٱ</tajweed>سْتَجَارَكَ فَأَجِرْهُ حَتَّىٰ يَسْمَعَ كَلَ<tajweed class=madda_normal>ـٰ</tajweed>مَ <tajweed class=ham_wasl>ٱ</tajweed>للَّهِ ثُ<tajweed class=ghunnah>مّ</tajweed>َ أَ<tajweed class=qalaqah>بْ</tajweed>لِغْهُ مَأْمَنَهُ<tajweed class=madda_normal>ۥ</tajweed>‌ۚ ذ<tajweed class=madda_normal>َٲ</tajweed>لِكَ بِأَ<tajweed class=ghunnah>نّ</tajweed>َهُمْ قَوْ<tajweed class=idgham_wo_ghunnah>مٌ ل</tajweed>َّا يَعْلَم<tajweed class=madda_permissible>ُو</tajweed>نَ <span class=end>٦</span>","End":"٦","PageNumber":187,"JuzNumber":10,"ManzilNumber":2,"RukuNumber":156,"MaqraNumber":75,"HizbNumber":19,"HizbDecimal":0.5,"HasSajda":false}]}