{"RukuNumber":293,"Verses":[{"SurahNumber":22,"SurahIndex":"022","VerseNumber":65,"ShowSurahName":false,"ShowBismillah":false,"Text":"أَلَمۡ تَرَ أَنَّ ٱللَّهَ سَخَّرَ لَكُم مَّا فِي ٱلۡأَرۡضِ وَٱلۡفُلۡكَ تَجۡرِي فِي ٱلۡبَحۡرِ بِأَمۡرِهِۦ وَيُمۡسِكُ ٱلسَّمَآءَ أَن تَقَعَ عَلَى ٱلۡأَرۡضِ إِلَّا بِإِذۡنِهِۦٓۚ إِنَّ ٱللَّهَ بِٱلنَّاسِ لَرَءُوفٞ رَّحِيمٞ","TajweedText":"أَلَمْ تَرَ أَ<tajweed class=ghunnah>نّ</tajweed>َ <tajweed class=ham_wasl>ٱ</tajweed>للَّهَ سَخَّرَ لَك<tajweed class=idgham_shafawi>ُم م</tajweed>َّا فِى <tajweed class=ham_wasl>ٱ</tajweed>لْأَرْضِ وَ<tajweed class=ham_wasl>ٱ</tajweed>لْفُلْكَ تَ<tajweed class=qalaqah>جْ</tajweed>رِى فِى <tajweed class=ham_wasl>ٱ</tajweed>لْبَحْرِ بِأَمْرِه<tajweed class=madda_normal>ِۦ</tajweed> وَيُمْسِكُ <tajweed class=ham_wasl>ٱ</tajweed><tajweed class=laam_shamsiyah>ل</tajweed>سَّم<tajweed class=madda_obligatory>َا</tajweed>ٓءَ أَ<tajweed class=ikhafa>ن ت</tajweed>َقَعَ عَلَى <tajweed class=ham_wasl>ٱ</tajweed>لْأَرْضِ إِلَّا بِإِذْنِه<tajweed class=madda_obligatory>ِۦٓ‌ۗ</tajweed> إِ<tajweed class=ghunnah>نّ</tajweed>َ <tajweed class=ham_wasl>ٱ</tajweed>للَّهَ بِ<tajweed class=ham_wasl>ٱ</tajweed><tajweed class=laam_shamsiyah>ل</tajweed><tajweed class=ghunnah>نّ</tajweed>َاسِ لَرَءُو<tajweed class=idgham_wo_ghunnah>فٌ ر</tajweed>َّح<tajweed class=madda_permissible>ِي</tajweed>مٌ <span class=end>٦٥</span>","End":"٦٥","PageNumber":340,"JuzNumber":17,"ManzilNumber":4,"RukuNumber":293,"MaqraNumber":136,"HizbNumber":34,"HizbDecimal":0.75,"HasSajda":false},{"SurahNumber":22,"SurahIndex":"022","VerseNumber":66,"ShowSurahName":false,"ShowBismillah":false,"Text":"وَهُوَ ٱلَّذِيٓ أَحۡيَاكُمۡ ثُمَّ يُمِيتُكُمۡ ثُمَّ يُحۡيِيكُمۡۗ إِنَّ ٱلۡإِنسَٰنَ لَكَفُورٞ","TajweedText":"وَهُوَ <tajweed class=ham_wasl>ٱ</tajweed>لَّذ<tajweed class=madda_obligatory>ِىٓ</tajweed> أَحْيَاكُمْ ثُ<tajweed class=ghunnah>مّ</tajweed>َ يُمِيتُكُمْ ثُ<tajweed class=ghunnah>مّ</tajweed>َ يُحْيِيكُمْ‌ۗ إِ<tajweed class=ghunnah>نّ</tajweed>َ <tajweed class=ham_wasl>ٱ</tajweed>لْإِ<tajweed class=ikhafa>نس</tajweed>َ<tajweed class=madda_normal>ـٰ</tajweed>نَ لَكَف<tajweed class=madda_permissible>ُو</tajweed>رٌ <span class=end>٦٦</span>","End":"٦٦","PageNumber":340,"JuzNumber":17,"ManzilNumber":4,"RukuNumber":293,"MaqraNumber":136,"HizbNumber":34,"HizbDecimal":0.75,"HasSajda":false},{"SurahNumber":22,"SurahIndex":"022","VerseNumber":67,"ShowSurahName":false,"ShowBismillah":false,"Text":"لِّكُلِّ أُمَّةٖ جَعَلۡنَا مَنسَكًا هُمۡ نَاسِكُوهُۖ فَلَا يُنَٰزِعُنَّكَ فِي ٱلۡأَمۡرِۚ وَٱدۡعُ إِلَىٰ رَبِّكَۖ إِنَّكَ لَعَلَىٰ هُدٗى مُّسۡتَقِيمٖ","TajweedText":"لِّكُلِّ أُ<tajweed class=ghunnah>مّ</tajweed>َ<tajweed class=ikhafa>ةٍ ج</tajweed>َعَلْنَا مَ<tajweed class=ikhafa>نس</tajweed>َكًا هُمْ نَاسِكُوهُ‌ۖ فَلَا يُنَ<tajweed class=madda_normal>ـٰ</tajweed>زِعُ<tajweed class=ghunnah>نّ</tajweed>َكَ فِى <tajweed class=ham_wasl>ٱ</tajweed>لْأَمْرِ‌ۚ وَ<tajweed class=ham_wasl>ٱ</tajweed><tajweed class=qalaqah>دْ</tajweed>عُ إِلَىٰ رَبِّكَ‌ۖ إِ<tajweed class=ghunnah>نّ</tajweed>َكَ لَعَلَىٰ هُ<tajweed class=idgham_ghunnah>دًى م</tajweed>ُّسْتَق<tajweed class=madda_permissible>ِي</tajweed>مٍ <span class=end>٦٧</span>","End":"٦٧","PageNumber":340,"JuzNumber":17,"ManzilNumber":4,"RukuNumber":293,"MaqraNumber":136,"HizbNumber":34,"HizbDecimal":0.75,"HasSajda":false},{"SurahNumber":22,"SurahIndex":"022","VerseNumber":68,"ShowSurahName":false,"ShowBismillah":false,"Text":"وَإِن جَٰدَلُوكَ فَقُلِ ٱللَّهُ أَعۡلَمُ بِمَا تَعۡمَلُونَ","TajweedText":"وَإِ<tajweed class=ikhafa>ن ج</tajweed>َ<tajweed class=madda_normal>ـٰ</tajweed>دَلُوكَ فَقُلِ <tajweed class=ham_wasl>ٱ</tajweed>للَّهُ أَعْلَمُ بِمَا تَعْمَل<tajweed class=madda_permissible>ُو</tajweed>نَ <span class=end>٦٨</span>","End":"٦٨","PageNumber":340,"JuzNumber":17,"ManzilNumber":4,"RukuNumber":293,"MaqraNumber":136,"HizbNumber":34,"HizbDecimal":0.75,"HasSajda":false},{"SurahNumber":22,"SurahIndex":"022","VerseNumber":69,"ShowSurahName":false,"ShowBismillah":false,"Text":"ٱللَّهُ يَحۡكُمُ بَيۡنَكُمۡ يَوۡمَ ٱلۡقِيَٰمَةِ فِيمَا كُنتُمۡ فِيهِ تَخۡتَلِفُونَ","TajweedText":"ٱللَّهُ يَحْكُمُ بَيْنَكُمْ يَوْمَ <tajweed class=ham_wasl>ٱ</tajweed>لْقِيَ<tajweed class=madda_normal>ـٰ</tajweed>مَةِ فِيمَا كُ<tajweed class=ikhafa>نت</tajweed>ُمْ فِيهِ تَخْتَلِف<tajweed class=madda_permissible>ُو</tajweed>نَ <span class=end>٦٩</span>","End":"٦٩","PageNumber":340,"JuzNumber":17,"ManzilNumber":4,"RukuNumber":293,"MaqraNumber":136,"HizbNumber":34,"HizbDecimal":0.75,"HasSajda":false},{"SurahNumber":22,"SurahIndex":"022","VerseNumber":70,"ShowSurahName":false,"ShowBismillah":false,"Text":"أَلَمۡ تَعۡلَمۡ أَنَّ ٱللَّهَ يَعۡلَمُ مَا فِي ٱلسَّمَآءِ وَٱلۡأَرۡضِۚ إِنَّ ذَٰلِكَ فِي كِتَٰبٍۚ إِنَّ ذَٰلِكَ عَلَى ٱللَّهِ يَسِيرٞ","TajweedText":"أَلَمْ تَعْلَمْ أَ<tajweed class=ghunnah>نّ</tajweed>َ <tajweed class=ham_wasl>ٱ</tajweed>للَّهَ يَعْلَمُ مَا فِى <tajweed class=ham_wasl>ٱ</tajweed><tajweed class=laam_shamsiyah>ل</tajweed>سَّم<tajweed class=madda_obligatory>َا</tajweed>ٓءِ وَ<tajweed class=ham_wasl>ٱ</tajweed>لْأَرْضِ‌ۗ إِ<tajweed class=ghunnah>نّ</tajweed>َ ذ<tajweed class=madda_normal>َٲ</tajweed>لِكَ فِى كِتَ<tajweed class=madda_normal>ـٰ</tajweed>بٍ‌ۚ إِ<tajweed class=ghunnah>نّ</tajweed>َ ذ<tajweed class=madda_normal>َٲ</tajweed>لِكَ عَلَى <tajweed class=ham_wasl>ٱ</tajweed>للَّهِ يَس<tajweed class=madda_permissible>ِي</tajweed>رٌ <span class=end>٧٠</span>","End":"٧٠","PageNumber":340,"JuzNumber":17,"ManzilNumber":4,"RukuNumber":293,"MaqraNumber":136,"HizbNumber":34,"HizbDecimal":0.75,"HasSajda":false},{"SurahNumber":22,"SurahIndex":"022","VerseNumber":71,"ShowSurahName":false,"ShowBismillah":false,"Text":"وَيَعۡبُدُونَ مِن دُونِ ٱللَّهِ مَا لَمۡ يُنَزِّلۡ بِهِۦ سُلۡطَٰنٗا وَمَا لَيۡسَ لَهُم بِهِۦ عِلۡمٞۗ وَمَا لِلظَّـٰلِمِينَ مِن نَّصِيرٖ","TajweedText":"وَيَعْبُدُونَ مِ<tajweed class=ikhafa>ن د</tajweed>ُونِ <tajweed class=ham_wasl>ٱ</tajweed>للَّهِ مَا لَمْ يُنَزِّلْ بِه<tajweed class=madda_normal>ِۦ</tajweed> سُلْطَ<tajweed class=madda_normal>ـٰ</tajweed><tajweed class=idgham_ghunnah>نًا و</tajweed>َمَا لَيْسَ لَه<tajweed class=ikhafa_shafawi>ُم ب</tajweed>ِه<tajweed class=madda_normal>ِۦ</tajweed> عِلْ<tajweed class=idgham_ghunnah>مٌ‌ۗ و</tajweed>َمَا لِلظَّ<tajweed class=madda_normal>ـٰ</tajweed>لِمِينَ م<tajweed class=idgham_ghunnah>ِن ن</tajweed>َّص<tajweed class=madda_permissible>ِي</tajweed>رٍ <span class=end>٧١</span>","End":"٧١","PageNumber":340,"JuzNumber":17,"ManzilNumber":4,"RukuNumber":293,"MaqraNumber":136,"HizbNumber":34,"HizbDecimal":0.75,"HasSajda":false},{"SurahNumber":22,"SurahIndex":"022","VerseNumber":72,"ShowSurahName":false,"ShowBismillah":false,"Text":"وَإِذَا تُتۡلَىٰ عَلَيۡهِمۡ ءَايَٰتُنَا بَيِّنَٰتٖ تَعۡرِفُ فِي وُجُوهِ ٱلَّذِينَ كَفَرُواْ ٱلۡمُنكَرَۖ يَكَادُونَ يَسۡطُونَ بِٱلَّذِينَ يَتۡلُونَ عَلَيۡهِمۡ ءَايَٰتِنَاۗ قُلۡ أَفَأُنَبِّئُكُم بِشَرّٖ مِّن ذَٰلِكُمُۚ ٱلنَّارُ وَعَدَهَا ٱللَّهُ ٱلَّذِينَ كَفَرُواْۖ وَبِئۡسَ ٱلۡمَصِيرُ","TajweedText":"وَإِذَا تُتْلَىٰ عَلَيْهِمْ ءَايَ<tajweed class=madda_normal>ـٰ</tajweed>تُنَا بَيِّنَ<tajweed class=madda_normal>ـٰ</tajweed><tajweed class=ikhafa>تٍ ت</tajweed>َعْرِفُ فِى وُجُوهِ <tajweed class=ham_wasl>ٱ</tajweed>لَّذِينَ كَفَرُو<tajweed class=slnt>اْ</tajweed> <tajweed class=ham_wasl>ٱ</tajweed>لْمُ<tajweed class=ikhafa>نك</tajweed>َرَ‌ۖ يَكَادُونَ يَسْطُونَ بِ<tajweed class=ham_wasl>ٱ</tajweed>لَّذِينَ يَتْلُونَ عَلَيْهِمْ ءَايَ<tajweed class=madda_normal>ـٰ</tajweed>تِنَا‌ۗ قُلْ أَفَأُنَبِّئُك<tajweed class=ikhafa_shafawi>ُم ب</tajweed>ِشَ<tajweed class=idgham_ghunnah>رٍّ م</tajweed>ِّ<tajweed class=ikhafa>ن ذ</tajweed><tajweed class=madda_normal>َٲ</tajweed>لِكُمُ‌ۗ <tajweed class=ham_wasl>ٱ</tajweed><tajweed class=laam_shamsiyah>ل</tajweed><tajweed class=ghunnah>نّ</tajweed>َارُ وَعَدَهَا <tajweed class=ham_wasl>ٱ</tajweed>للَّهُ <tajweed class=ham_wasl>ٱ</tajweed>لَّذِينَ كَفَرُو<tajweed class=slnt>اْ‌ۖ</tajweed> وَبِئْسَ <tajweed class=ham_wasl>ٱ</tajweed>لْمَص<tajweed class=madda_permissible>ِي</tajweed>رُ <span class=end>٧٢</span>","End":"٧٢","PageNumber":340,"JuzNumber":17,"ManzilNumber":4,"RukuNumber":293,"MaqraNumber":136,"HizbNumber":34,"HizbDecimal":0.75,"HasSajda":false}]}