{"RukuNumber":370,"Verses":[{"SurahNumber":34,"SurahIndex":"034","VerseNumber":1,"ShowSurahName":true,"ShowBismillah":true,"Text":"ٱلۡحَمۡدُ لِلَّهِ ٱلَّذِي لَهُۥ مَا فِي ٱلسَّمَٰوَٰتِ وَمَا فِي ٱلۡأَرۡضِ وَلَهُ ٱلۡحَمۡدُ فِي ٱلۡأٓخِرَةِۚ وَهُوَ ٱلۡحَكِيمُ ٱلۡخَبِيرُ","TajweedText":"ٱلْحَمْدُ لِلَّهِ <tajweed class=ham_wasl>ٱ</tajweed>لَّذِى لَهُ<tajweed class=madda_normal>ۥ</tajweed> مَا فِى <tajweed class=ham_wasl>ٱ</tajweed><tajweed class=laam_shamsiyah>ل</tajweed>سَّمَ<tajweed class=madda_normal>ـٰ</tajweed>و<tajweed class=madda_normal>َٲ</tajweed>تِ وَمَا فِى <tajweed class=ham_wasl>ٱ</tajweed>لْأَرْضِ وَلَهُ <tajweed class=ham_wasl>ٱ</tajweed>لْحَمْدُ فِى <tajweed class=ham_wasl>ٱ</tajweed>لْأَخِرَةِۚ وَهُوَ <tajweed class=ham_wasl>ٱ</tajweed>لْحَكِيمُ <tajweed class=ham_wasl>ٱ</tajweed>لْخَب<tajweed class=madda_permissible>ِي</tajweed>رُ <span class=end>١</span>","End":"١","PageNumber":428,"JuzNumber":22,"ManzilNumber":5,"RukuNumber":370,"MaqraNumber":171,"HizbNumber":43,"HizbDecimal":0.5,"HasSajda":false},{"SurahNumber":34,"SurahIndex":"034","VerseNumber":2,"ShowSurahName":false,"ShowBismillah":false,"Text":"يَعۡلَمُ مَا يَلِجُ فِي ٱلۡأَرۡضِ وَمَا يَخۡرُجُ مِنۡهَا وَمَا يَنزِلُ مِنَ ٱلسَّمَآءِ وَمَا يَعۡرُجُ فِيهَاۚ وَهُوَ ٱلرَّحِيمُ ٱلۡغَفُورُ","TajweedText":"يَعْلَمُ مَا يَلِجُ فِى <tajweed class=ham_wasl>ٱ</tajweed>لْأَرْضِ وَمَا يَخْرُجُ مِنْهَا وَمَا يَ<tajweed class=ikhafa>نز</tajweed>ِلُ مِنَ <tajweed class=ham_wasl>ٱ</tajweed><tajweed class=laam_shamsiyah>ل</tajweed>سَّم<tajweed class=madda_obligatory>َا</tajweed>ٓءِ وَمَا يَعْرُجُ فِيهَاۚ وَهُوَ <tajweed class=ham_wasl>ٱ</tajweed><tajweed class=laam_shamsiyah>ل</tajweed>رَّحِيمُ <tajweed class=ham_wasl>ٱ</tajweed>لْغَف<tajweed class=madda_permissible>ُو</tajweed>رُ <span class=end>٢</span>","End":"٢","PageNumber":428,"JuzNumber":22,"ManzilNumber":5,"RukuNumber":370,"MaqraNumber":171,"HizbNumber":43,"HizbDecimal":0.5,"HasSajda":false},{"SurahNumber":34,"SurahIndex":"034","VerseNumber":3,"ShowSurahName":false,"ShowBismillah":false,"Text":"وَقَالَ ٱلَّذِينَ كَفَرُواْ لَا تَأۡتِينَا ٱلسَّاعَةُۖ قُلۡ بَلَىٰ وَرَبِّي لَتَأۡتِيَنَّكُمۡ عَٰلِمِ ٱلۡغَيۡبِۖ لَا يَعۡزُبُ عَنۡهُ مِثۡقَالُ ذَرَّةٖ فِي ٱلسَّمَٰوَٰتِ وَلَا فِي ٱلۡأَرۡضِ وَلَآ أَصۡغَرُ مِن ذَٰلِكَ وَلَآ أَكۡبَرُ إِلَّا فِي كِتَٰبٖ مُّبِينٖ","TajweedText":"وَقَالَ <tajweed class=ham_wasl>ٱ</tajweed>لَّذِينَ كَفَرُو<tajweed class=slnt>اْ</tajweed> لَا تَأْتِينَا <tajweed class=ham_wasl>ٱ</tajweed><tajweed class=laam_shamsiyah>ل</tajweed>سَّاعَةُۖ قُلْ بَلَىٰ وَرَبِّى لَتَأْتِيَ<tajweed class=ghunnah>نّ</tajweed>َكُمْ عَ<tajweed class=madda_normal>ـٰ</tajweed>لِمِ <tajweed class=ham_wasl>ٱ</tajweed>لْغَيْبِۖ لَا يَعْزُبُ عَنْهُ مِثْقَالُ ذَرَّ<tajweed class=ikhafa>ةٍ ف</tajweed>ِى <tajweed class=ham_wasl>ٱ</tajweed><tajweed class=laam_shamsiyah>ل</tajweed>سَّمَ<tajweed class=madda_normal>ـٰ</tajweed>و<tajweed class=madda_normal>َٲ</tajweed>تِ وَلَا فِى <tajweed class=ham_wasl>ٱ</tajweed>لْأَرْضِ وَل<tajweed class=madda_obligatory>َآ</tajweed> أَصْغَرُ مِ<tajweed class=ikhafa>ن ذ</tajweed><tajweed class=madda_normal>َٲ</tajweed>لِكَ وَل<tajweed class=madda_obligatory>َآ</tajweed> أَكْبَرُ إِلَّا فِى كِتَ<tajweed class=madda_normal>ـٰ</tajweed><tajweed class=idgham_ghunnah>بٍ م</tajweed>ُّب<tajweed class=madda_permissible>ِي</tajweed>نٍ <span class=end>٣</span>","End":"٣","PageNumber":428,"JuzNumber":22,"ManzilNumber":5,"RukuNumber":370,"MaqraNumber":171,"HizbNumber":43,"HizbDecimal":0.5,"HasSajda":false},{"SurahNumber":34,"SurahIndex":"034","VerseNumber":4,"ShowSurahName":false,"ShowBismillah":false,"Text":"لِّيَجۡزِيَ ٱلَّذِينَ ءَامَنُواْ وَعَمِلُواْ ٱلصَّـٰلِحَٰتِۚ أُوْلَـٰٓئِكَ لَهُم مَّغۡفِرَةٞ وَرِزۡقٞ كَرِيمٞ","TajweedText":"لِّيَ<tajweed class=qalaqah>جْ</tajweed>زِىَ <tajweed class=ham_wasl>ٱ</tajweed>لَّذِينَ ءَامَنُو<tajweed class=slnt>اْ</tajweed> وَعَمِلُو<tajweed class=slnt>اْ</tajweed> <tajweed class=ham_wasl>ٱ</tajweed><tajweed class=laam_shamsiyah>ل</tajweed>صَّ<tajweed class=madda_normal>ـٰ</tajweed>لِحَ<tajweed class=madda_normal>ـٰ</tajweed>تِۚ أُ<tajweed class=slnt>وْ</tajweed>لَ<tajweed class=madda_obligatory>ـٰٓ</tajweed>ئِكَ لَه<tajweed class=idgham_shafawi>ُم م</tajweed>َّغْفِرَ<tajweed class=idgham_ghunnah>ةٌ و</tajweed>َرِزْ<tajweed class=ikhafa>قٌ ك</tajweed>َر<tajweed class=madda_permissible>ِي</tajweed>مٌ <span class=end>٤</span>","End":"٤","PageNumber":428,"JuzNumber":22,"ManzilNumber":5,"RukuNumber":370,"MaqraNumber":171,"HizbNumber":43,"HizbDecimal":0.5,"HasSajda":false},{"SurahNumber":34,"SurahIndex":"034","VerseNumber":5,"ShowSurahName":false,"ShowBismillah":false,"Text":"وَٱلَّذِينَ سَعَوۡ فِيٓ ءَايَٰتِنَا مُعَٰجِزِينَ أُوْلَـٰٓئِكَ لَهُمۡ عَذَابٞ مِّن رِّجۡزٍ أَلِيمٞ","TajweedText":"وَ<tajweed class=ham_wasl>ٱ</tajweed>لَّذِينَ سَعَوْ ف<tajweed class=madda_obligatory>ِىٓ</tajweed> ءَايَ<tajweed class=madda_normal>ـٰ</tajweed>تِنَا مُعَ<tajweed class=madda_normal>ـٰ</tajweed>جِزِينَ أُ<tajweed class=slnt>وْ</tajweed>لَ<tajweed class=madda_obligatory>ـٰٓ</tajweed>ئِكَ لَهُمْ عَذَا<tajweed class=idgham_ghunnah>بٌ م</tajweed>ّ<tajweed class=idgham_wo_ghunnah>ِن ر</tajweed>ِّ<tajweed class=qalaqah>جْ</tajweed>زٍ أَل<tajweed class=madda_permissible>ِي</tajweed>مٌ <span class=end>٥</span>","End":"٥","PageNumber":428,"JuzNumber":22,"ManzilNumber":5,"RukuNumber":370,"MaqraNumber":171,"HizbNumber":43,"HizbDecimal":0.5,"HasSajda":false},{"SurahNumber":34,"SurahIndex":"034","VerseNumber":6,"ShowSurahName":false,"ShowBismillah":false,"Text":"وَيَرَى ٱلَّذِينَ أُوتُواْ ٱلۡعِلۡمَ ٱلَّذِيٓ أُنزِلَ إِلَيۡكَ مِن رَّبِّكَ هُوَ ٱلۡحَقَّ وَيَهۡدِيٓ إِلَىٰ صِرَٰطِ ٱلۡعَزِيزِ ٱلۡحَمِيدِ","TajweedText":"وَيَرَى <tajweed class=ham_wasl>ٱ</tajweed>لَّذِينَ أُوتُو<tajweed class=slnt>اْ</tajweed> <tajweed class=ham_wasl>ٱ</tajweed>لْعِلْمَ <tajweed class=ham_wasl>ٱ</tajweed>لَّذ<tajweed class=madda_obligatory>ِىٓ</tajweed> أُ<tajweed class=ikhafa>نز</tajweed>ِلَ إِلَيْكَ م<tajweed class=idgham_wo_ghunnah>ِن ر</tajweed>َّبِّكَ هُوَ <tajweed class=ham_wasl>ٱ</tajweed>لْحَقَّ وَيَهْد<tajweed class=madda_obligatory>ِىٓ</tajweed> إِلَىٰ صِر<tajweed class=madda_normal>َٲ</tajweed>طِ <tajweed class=ham_wasl>ٱ</tajweed>لْعَزِيزِ <tajweed class=ham_wasl>ٱ</tajweed>لْحَم<tajweed class=madda_permissible>ِي</tajweed><tajweed class=qalaqah>د</tajweed>ِ <span class=end>٦</span>","End":"٦","PageNumber":428,"JuzNumber":22,"ManzilNumber":5,"RukuNumber":370,"MaqraNumber":171,"HizbNumber":43,"HizbDecimal":0.5,"HasSajda":false},{"SurahNumber":34,"SurahIndex":"034","VerseNumber":7,"ShowSurahName":false,"ShowBismillah":false,"Text":"وَقَالَ ٱلَّذِينَ كَفَرُواْ هَلۡ نَدُلُّكُمۡ عَلَىٰ رَجُلٖ يُنَبِّئُكُمۡ إِذَا مُزِّقۡتُمۡ كُلَّ مُمَزَّقٍ إِنَّكُمۡ لَفِي خَلۡقٖ جَدِيدٍ","TajweedText":"وَقَالَ <tajweed class=ham_wasl>ٱ</tajweed>لَّذِينَ كَفَرُو<tajweed class=slnt>اْ</tajweed> هَلْ نَدُلُّكُمْ عَلَىٰ رَجُ<tajweed class=idgham_ghunnah>لٍ ي</tajweed>ُنَبِّئُكُمْ إِذَا مُزِّ<tajweed class=qalaqah>قْ</tajweed>تُمْ كُلَّ مُمَزَّقٍ إِ<tajweed class=ghunnah>نّ</tajweed>َكُمْ لَفِى خَلْ<tajweed class=ikhafa>قٍ ج</tajweed>َد<tajweed class=madda_permissible>ِي</tajweed><tajweed class=qalaqah>د</tajweed>ٍ <span class=end>٧</span>","End":"٧","PageNumber":428,"JuzNumber":22,"ManzilNumber":5,"RukuNumber":370,"MaqraNumber":171,"HizbNumber":43,"HizbDecimal":0.5,"HasSajda":false},{"SurahNumber":34,"SurahIndex":"034","VerseNumber":8,"ShowSurahName":false,"ShowBismillah":false,"Text":"أَفۡتَرَىٰ عَلَى ٱللَّهِ كَذِبًا أَم بِهِۦ جِنَّةُۢۗ بَلِ ٱلَّذِينَ لَا يُؤۡمِنُونَ بِٱلۡأٓخِرَةِ فِي ٱلۡعَذَابِ وَٱلضَّلَٰلِ ٱلۡبَعِيدِ","TajweedText":"أَفْتَرَىٰ عَلَى <tajweed class=ham_wasl>ٱ</tajweed>للَّهِ كَذِبًا أ<tajweed class=ikhafa_shafawi>َم ب</tajweed>ِه<tajweed class=madda_normal>ِۦ</tajweed> جِ<tajweed class=ghunnah>نّ</tajweed>َۗ<tajweed class=iqlab>ةُۢ ب</tajweed>َلِ <tajweed class=ham_wasl>ٱ</tajweed>لَّذِينَ لَا يُؤْمِنُونَ بِ<tajweed class=ham_wasl>ٱ</tajweed>لْأَخِرَةِ فِى <tajweed class=ham_wasl>ٱ</tajweed>لْعَذَابِ وَ<tajweed class=ham_wasl>ٱ</tajweed><tajweed class=laam_shamsiyah>ل</tajweed>ضَّلَ<tajweed class=madda_normal>ـٰ</tajweed>لِ <tajweed class=ham_wasl>ٱ</tajweed>لْبَع<tajweed class=madda_permissible>ِي</tajweed><tajweed class=qalaqah>د</tajweed>ِ <span class=end>٨</span>","End":"٨","PageNumber":429,"JuzNumber":22,"ManzilNumber":5,"RukuNumber":370,"MaqraNumber":171,"HizbNumber":43,"HizbDecimal":0.5,"HasSajda":false},{"SurahNumber":34,"SurahIndex":"034","VerseNumber":9,"ShowSurahName":false,"ShowBismillah":false,"Text":"أَفَلَمۡ يَرَوۡاْ إِلَىٰ مَا بَيۡنَ أَيۡدِيهِمۡ وَمَا خَلۡفَهُم مِّنَ ٱلسَّمَآءِ وَٱلۡأَرۡضِۚ إِن نَّشَأۡ نَخۡسِفۡ بِهِمُ ٱلۡأَرۡضَ أَوۡ نُسۡقِطۡ عَلَيۡهِمۡ كِسَفٗا مِّنَ ٱلسَّمَآءِۚ إِنَّ فِي ذَٰلِكَ لَأٓيَةٗ لِّكُلِّ عَبۡدٖ مُّنِيبٖ","TajweedText":"أَفَلَمْ يَرَوْ<tajweed class=slnt>اْ</tajweed> إِلَىٰ مَا بَيْنَ أَيْدِيهِمْ وَمَا خَلْفَه<tajweed class=idgham_shafawi>ُم م</tajweed>ِّنَ <tajweed class=ham_wasl>ٱ</tajweed><tajweed class=laam_shamsiyah>ل</tajweed>سَّم<tajweed class=madda_obligatory>َا</tajweed>ٓءِ وَ<tajweed class=ham_wasl>ٱ</tajweed>لْأَرْضِۚ إ<tajweed class=idgham_ghunnah>ِن ن</tajweed>َّشَأْ نَخْسِفْ بِهِمُ <tajweed class=ham_wasl>ٱ</tajweed>لْأَرْضَ أَوْ نُسْقِ<tajweed class=qalaqah>طْ</tajweed> عَلَيْهِمْ كِسَ<tajweed class=idgham_ghunnah>فًا م</tajweed>ِّنَ <tajweed class=ham_wasl>ٱ</tajweed><tajweed class=laam_shamsiyah>ل</tajweed>سَّم<tajweed class=madda_obligatory>َا</tajweed>ٓءِۚ إِ<tajweed class=ghunnah>نّ</tajweed>َ فِى ذ<tajweed class=madda_normal>َٲ</tajweed>لِكَ لَأَيَ<tajweed class=idgham_wo_ghunnah>ةً ل</tajweed>ِّكُلِّ عَ<tajweed class=qalaqah>بْ</tajweed><tajweed class=idgham_ghunnah>دٍ م</tajweed>ُّن<tajweed class=madda_permissible>ِي</tajweed><tajweed class=qalaqah>ب</tajweed>ٍ <span class=end>٩</span>","End":"٩","PageNumber":429,"JuzNumber":22,"ManzilNumber":5,"RukuNumber":370,"MaqraNumber":171,"HizbNumber":43,"HizbDecimal":0.5,"HasSajda":false}]}