{"RukuNumber":439,"Verses":[{"SurahNumber":46,"SurahIndex":"046","VerseNumber":11,"ShowSurahName":false,"ShowBismillah":false,"Text":"وَقَالَ ٱلَّذِينَ كَفَرُواْ لِلَّذِينَ ءَامَنُواْ لَوۡ كَانَ خَيۡرٗا مَّا سَبَقُونَآ إِلَيۡهِۚ وَإِذۡ لَمۡ يَهۡتَدُواْ بِهِۦ فَسَيَقُولُونَ هَٰذَآ إِفۡكٞ قَدِيمٞ","TajweedText":"وَقَالَ <tajweed class=ham_wasl>ٱ</tajweed>لَّذِينَ كَفَرُو<tajweed class=slnt>اْ</tajweed> لِلَّذِينَ ءَامَنُو<tajweed class=slnt>اْ</tajweed> لَوْ كَانَ خَيْ<tajweed class=idgham_ghunnah>رًا م</tajweed>َّا سَبَقُون<tajweed class=madda_obligatory>َآ</tajweed> إِلَيْهِ‌ۚ وَإِذْ لَمْ يَهْتَدُو<tajweed class=slnt>اْ</tajweed> بِه<tajweed class=madda_normal>ِۦ</tajweed> فَسَيَقُولُونَ هَ<tajweed class=madda_normal>ـٰ</tajweed>ذ<tajweed class=madda_obligatory>َآ</tajweed> إِفْ<tajweed class=ikhafa>كٌ ق</tajweed>َد<tajweed class=madda_permissible>ِي</tajweed>مٌ <span class=end>١١</span>","End":"١١","PageNumber":503,"JuzNumber":26,"ManzilNumber":6,"RukuNumber":439,"MaqraNumber":201,"HizbNumber":51,"HizbDecimal":0.0,"HasSajda":false},{"SurahNumber":46,"SurahIndex":"046","VerseNumber":12,"ShowSurahName":false,"ShowBismillah":false,"Text":"وَمِن قَبۡلِهِۦ كِتَٰبُ مُوسَىٰٓ إِمَامٗا وَرَحۡمَةٗۚ وَهَٰذَا كِتَٰبٞ مُّصَدِّقٞ لِّسَانًا عَرَبِيّٗا لِّيُنذِرَ ٱلَّذِينَ ظَلَمُواْ وَبُشۡرَىٰ لِلۡمُحۡسِنِينَ","TajweedText":"وَمِ<tajweed class=ikhafa>ن ق</tajweed>َ<tajweed class=qalaqah>بْ</tajweed>لِه<tajweed class=madda_normal>ِۦ</tajweed> كِتَ<tajweed class=madda_normal>ـٰ</tajweed>بُ مُوسَ<tajweed class=madda_obligatory>ىٰٓ</tajweed> إِمَا<tajweed class=idgham_ghunnah>مًا و</tajweed>َرَحْمَ<tajweed class=idgham_ghunnah>ةً‌ۚ و</tajweed>َهَ<tajweed class=madda_normal>ـٰ</tajweed>ذَا كِتَ<tajweed class=madda_normal>ـٰ</tajweed><tajweed class=idgham_ghunnah>بٌ م</tajweed>ُّصَدِّ<tajweed class=idgham_wo_ghunnah>قٌ ل</tajweed>ِّسَانًا عَرَبِي<tajweed class=idgham_wo_ghunnah>ًّا ل</tajweed>ِّيُ<tajweed class=ikhafa>نذ</tajweed>ِرَ <tajweed class=ham_wasl>ٱ</tajweed>لَّذِينَ ظَلَمُو<tajweed class=slnt>اْ</tajweed> وَبُشْرَىٰ لِلْمُحْسِن<tajweed class=madda_permissible>ِي</tajweed>نَ <span class=end>١٢</span>","End":"١٢","PageNumber":503,"JuzNumber":26,"ManzilNumber":6,"RukuNumber":439,"MaqraNumber":201,"HizbNumber":51,"HizbDecimal":0.0,"HasSajda":false},{"SurahNumber":46,"SurahIndex":"046","VerseNumber":13,"ShowSurahName":false,"ShowBismillah":false,"Text":"إِنَّ ٱلَّذِينَ قَالُواْ رَبُّنَا ٱللَّهُ ثُمَّ ٱسۡتَقَٰمُواْ فَلَا خَوۡفٌ عَلَيۡهِمۡ وَلَا هُمۡ يَحۡزَنُونَ","TajweedText":"إِ<tajweed class=ghunnah>نّ</tajweed>َ <tajweed class=ham_wasl>ٱ</tajweed>لَّذِينَ قَالُو<tajweed class=slnt>اْ</tajweed> رَبُّنَا <tajweed class=ham_wasl>ٱ</tajweed>للَّهُ ثُ<tajweed class=ghunnah>مّ</tajweed>َ <tajweed class=ham_wasl>ٱ</tajweed>سْتَقَ<tajweed class=madda_normal>ـٰ</tajweed>مُو<tajweed class=slnt>اْ</tajweed> فَلَا خَوْفٌ عَلَيْهِمْ وَلَا هُمْ يَحْزَن<tajweed class=madda_permissible>ُو</tajweed>نَ <span class=end>١٣</span>","End":"١٣","PageNumber":503,"JuzNumber":26,"ManzilNumber":6,"RukuNumber":439,"MaqraNumber":201,"HizbNumber":51,"HizbDecimal":0.0,"HasSajda":false},{"SurahNumber":46,"SurahIndex":"046","VerseNumber":14,"ShowSurahName":false,"ShowBismillah":false,"Text":"أُوْلَـٰٓئِكَ أَصۡحَٰبُ ٱلۡجَنَّةِ خَٰلِدِينَ فِيهَا جَزَآءَۢ بِمَا كَانُواْ يَعۡمَلُونَ","TajweedText":"أُ<tajweed class=slnt>وْ</tajweed>لَ<tajweed class=madda_obligatory>ـٰٓ</tajweed>ئِكَ أَصْحَ<tajweed class=madda_normal>ـٰ</tajweed>بُ <tajweed class=ham_wasl>ٱ</tajweed>لْجَ<tajweed class=ghunnah>نّ</tajweed>َةِ خَ<tajweed class=madda_normal>ـٰ</tajweed>لِدِينَ فِيهَا جَز<tajweed class=madda_obligatory>َا</tajweed>ٓ<tajweed class=iqlab>ءَۢ ب</tajweed>ِمَا كَانُو<tajweed class=slnt>اْ</tajweed> يَعْمَل<tajweed class=madda_permissible>ُو</tajweed>نَ <span class=end>١٤</span>","End":"١٤","PageNumber":503,"JuzNumber":26,"ManzilNumber":6,"RukuNumber":439,"MaqraNumber":201,"HizbNumber":51,"HizbDecimal":0.0,"HasSajda":false},{"SurahNumber":46,"SurahIndex":"046","VerseNumber":15,"ShowSurahName":false,"ShowBismillah":false,"Text":"وَوَصَّيۡنَا ٱلۡإِنسَٰنَ بِوَٰلِدَيۡهِ إِحۡسَٰنًاۖ حَمَلَتۡهُ أُمُّهُۥ كُرۡهٗا وَوَضَعَتۡهُ كُرۡهٗاۖ وَحَمۡلُهُۥ وَفِصَٰلُهُۥ ثَلَٰثُونَ شَهۡرًاۚ حَتَّىٰٓ إِذَا بَلَغَ أَشُدَّهُۥ وَبَلَغَ أَرۡبَعِينَ سَنَةٗ قَالَ رَبِّ أَوۡزِعۡنِيٓ أَنۡ أَشۡكُرَ نِعۡمَتَكَ ٱلَّتِيٓ أَنۡعَمۡتَ عَلَيَّ وَعَلَىٰ وَٰلِدَيَّ وَأَنۡ أَعۡمَلَ صَٰلِحٗا تَرۡضَىٰهُ وَأَصۡلِحۡ لِي فِي ذُرِّيَّتِيٓۖ إِنِّي تُبۡتُ إِلَيۡكَ وَإِنِّي مِنَ ٱلۡمُسۡلِمِينَ","TajweedText":"وَوَصَّيْنَا <tajweed class=ham_wasl>ٱ</tajweed>لْإِ<tajweed class=ikhafa>نس</tajweed>َ<tajweed class=madda_normal>ـٰ</tajweed>نَ بِو<tajweed class=madda_normal>َٲ</tajweed>لِدَيْهِ إِحْسَ<tajweed class=madda_normal>ـٰ</tajweed>نًا‌ۖ حَمَلَتْهُ أُ<tajweed class=ghunnah>مّ</tajweed>ُهُ<tajweed class=madda_normal>ۥ</tajweed> كُرْ<tajweed class=idgham_ghunnah>هًا و</tajweed>َوَضَعَتْهُ كُرْ<tajweed class=idgham_ghunnah>هًا‌ۖ و</tajweed>َحَمْلُهُ<tajweed class=madda_normal>ۥ</tajweed> وَفِصَ<tajweed class=madda_normal>ـٰ</tajweed>لُهُ<tajweed class=madda_normal>ۥ</tajweed> ثَلَ<tajweed class=madda_normal>ـٰ</tajweed>ثُونَ شَهْرًا‌ۚ حَتَّ<tajweed class=madda_obligatory>ىٰٓ</tajweed> إِذَا بَلَغَ أَشُدَّهُ<tajweed class=madda_normal>ۥ</tajweed> وَبَلَغَ أَرْبَعِينَ سَنَ<tajweed class=ikhafa>ةً ق</tajweed>َالَ رَبِّ أَوْزِعْن<tajweed class=madda_obligatory>ِىٓ</tajweed> أَنْ أَشْكُرَ نِعْمَتَكَ <tajweed class=ham_wasl>ٱ</tajweed>لَّت<tajweed class=madda_obligatory>ِىٓ</tajweed> أَنْعَمْتَ عَلَىَّ وَعَلَىٰ و<tajweed class=madda_normal>َٲ</tajweed>لِدَىَّ وَأَنْ أَعْمَلَ صَ<tajweed class=madda_normal>ـٰ</tajweed>لِ<tajweed class=ikhafa>حًا ت</tajweed>َرْضَ<tajweed class=madda_normal>ـٰ</tajweed>هُ وَأَصْلِحْ لِى فِى ذُرِّيَّت<tajweed class=madda_obligatory>ِىٓ‌ۖ</tajweed> إِ<tajweed class=ghunnah>نّ</tajweed>ِى تُ<tajweed class=qalaqah>بْ</tajweed>تُ إِلَيْكَ وَإِ<tajweed class=ghunnah>نّ</tajweed>ِى مِنَ <tajweed class=ham_wasl>ٱ</tajweed>لْمُسْلِم<tajweed class=madda_permissible>ِي</tajweed>نَ <span class=end>١٥</span>","End":"١٥","PageNumber":504,"JuzNumber":26,"ManzilNumber":6,"RukuNumber":439,"MaqraNumber":201,"HizbNumber":51,"HizbDecimal":0.0,"HasSajda":false},{"SurahNumber":46,"SurahIndex":"046","VerseNumber":16,"ShowSurahName":false,"ShowBismillah":false,"Text":"أُوْلَـٰٓئِكَ ٱلَّذِينَ نَتَقَبَّلُ عَنۡهُمۡ أَحۡسَنَ مَا عَمِلُواْ وَنَتَجَاوَزُ عَن سَيِّـَٔاتِهِمۡ فِيٓ أَصۡحَٰبِ ٱلۡجَنَّةِۖ وَعۡدَ ٱلصِّدۡقِ ٱلَّذِي كَانُواْ يُوعَدُونَ","TajweedText":"أُ<tajweed class=slnt>وْ</tajweed>لَ<tajweed class=madda_obligatory>ـٰٓ</tajweed>ئِكَ <tajweed class=ham_wasl>ٱ</tajweed>لَّذِينَ نَتَقَبَّلُ عَنْهُمْ أَحْسَنَ مَا عَمِلُو<tajweed class=slnt>اْ</tajweed> وَنَتَجَاوَزُ عَ<tajweed class=ikhafa>ن س</tajweed>َيِّـَٔـاتِهِمْ ف<tajweed class=madda_obligatory>ِىٓ</tajweed> أَصْحَ<tajweed class=madda_normal>ـٰ</tajweed>بِ <tajweed class=ham_wasl>ٱ</tajweed>لْجَ<tajweed class=ghunnah>نّ</tajweed>َةِ‌ۖ وَعْدَ <tajweed class=ham_wasl>ٱ</tajweed><tajweed class=laam_shamsiyah>ل</tajweed>صِّ<tajweed class=qalaqah>دْ</tajweed>قِ <tajweed class=ham_wasl>ٱ</tajweed>لَّذِى كَانُو<tajweed class=slnt>اْ</tajweed> يُوعَد<tajweed class=madda_permissible>ُو</tajweed>نَ <span class=end>١٦</span>","End":"١٦","PageNumber":504,"JuzNumber":26,"ManzilNumber":6,"RukuNumber":439,"MaqraNumber":201,"HizbNumber":51,"HizbDecimal":0.0,"HasSajda":false},{"SurahNumber":46,"SurahIndex":"046","VerseNumber":17,"ShowSurahName":false,"ShowBismillah":false,"Text":"وَٱلَّذِي قَالَ لِوَٰلِدَيۡهِ أُفّٖ لَّكُمَآ أَتَعِدَانِنِيٓ أَنۡ أُخۡرَجَ وَقَدۡ خَلَتِ ٱلۡقُرُونُ مِن قَبۡلِي وَهُمَا يَسۡتَغِيثَانِ ٱللَّهَ وَيۡلَكَ ءَامِنۡ إِنَّ وَعۡدَ ٱللَّهِ حَقّٞ فَيَقُولُ مَا هَٰذَآ إِلَّآ أَسَٰطِيرُ ٱلۡأَوَّلِينَ","TajweedText":"وَ<tajweed class=ham_wasl>ٱ</tajweed>لَّذِى قَالَ لِو<tajweed class=madda_normal>َٲ</tajweed>لِدَيْهِ أُ<tajweed class=idgham_wo_ghunnah>فٍّ ل</tajweed>َّكُم<tajweed class=madda_obligatory>َآ</tajweed> أَتَعِدَانِن<tajweed class=madda_obligatory>ِىٓ</tajweed> أَنْ أُخْرَجَ وَقَ<tajweed class=qalaqah>دْ</tajweed> خَلَتِ <tajweed class=ham_wasl>ٱ</tajweed>لْقُرُونُ مِ<tajweed class=ikhafa>ن ق</tajweed>َ<tajweed class=qalaqah>بْ</tajweed>لِى وَهُمَا يَسْتَغِيثَانِ <tajweed class=ham_wasl>ٱ</tajweed>للَّهَ وَيْلَكَ ءَامِنْ إِ<tajweed class=ghunnah>نّ</tajweed>َ وَعْدَ <tajweed class=ham_wasl>ٱ</tajweed>للَّهِ حَ<tajweed class=ikhafa>قٌّ ف</tajweed>َيَقُولُ مَا هَ<tajweed class=madda_normal>ـٰ</tajweed>ذ<tajweed class=madda_obligatory>َآ</tajweed> إِلّ<tajweed class=madda_obligatory>َآ</tajweed> أَسَ<tajweed class=madda_normal>ـٰ</tajweed>طِيرُ <tajweed class=ham_wasl>ٱ</tajweed>لْأَوَّل<tajweed class=madda_permissible>ِي</tajweed>نَ <span class=end>١٧</span>","End":"١٧","PageNumber":504,"JuzNumber":26,"ManzilNumber":6,"RukuNumber":439,"MaqraNumber":201,"HizbNumber":51,"HizbDecimal":0.0,"HasSajda":false},{"SurahNumber":46,"SurahIndex":"046","VerseNumber":18,"ShowSurahName":false,"ShowBismillah":false,"Text":"أُوْلَـٰٓئِكَ ٱلَّذِينَ حَقَّ عَلَيۡهِمُ ٱلۡقَوۡلُ فِيٓ أُمَمٖ قَدۡ خَلَتۡ مِن قَبۡلِهِم مِّنَ ٱلۡجِنِّ وَٱلۡإِنسِۖ إِنَّهُمۡ كَانُواْ خَٰسِرِينَ","TajweedText":"أُ<tajweed class=slnt>وْ</tajweed>لَ<tajweed class=madda_obligatory>ـٰٓ</tajweed>ئِكَ <tajweed class=ham_wasl>ٱ</tajweed>لَّذِينَ حَقَّ عَلَيْهِمُ <tajweed class=ham_wasl>ٱ</tajweed>لْقَوْلُ ف<tajweed class=madda_obligatory>ِىٓ</tajweed> أُمَ<tajweed class=ikhafa>مٍ ق</tajweed>َ<tajweed class=qalaqah>دْ</tajweed> خَلَتْ مِ<tajweed class=ikhafa>ن ق</tajweed>َ<tajweed class=qalaqah>بْ</tajweed>لِه<tajweed class=idgham_shafawi>ِم م</tajweed>ِّنَ <tajweed class=ham_wasl>ٱ</tajweed>لْجِ<tajweed class=ghunnah>نّ</tajweed>ِ وَ<tajweed class=ham_wasl>ٱ</tajweed>لْإِ<tajweed class=ikhafa>نس</tajweed>ِ‌ۖ إِ<tajweed class=ghunnah>نّ</tajweed>َهُمْ كَانُو<tajweed class=slnt>اْ</tajweed> خَ<tajweed class=madda_normal>ـٰ</tajweed>سِر<tajweed class=madda_permissible>ِي</tajweed>نَ <span class=end>١٨</span>","End":"١٨","PageNumber":504,"JuzNumber":26,"ManzilNumber":6,"RukuNumber":439,"MaqraNumber":201,"HizbNumber":51,"HizbDecimal":0.0,"HasSajda":false},{"SurahNumber":46,"SurahIndex":"046","VerseNumber":19,"ShowSurahName":false,"ShowBismillah":false,"Text":"وَلِكُلّٖ دَرَجَٰتٞ مِّمَّا عَمِلُواْۖ وَلِيُوَفِّيَهُمۡ أَعۡمَٰلَهُمۡ وَهُمۡ لَا يُظۡلَمُونَ","TajweedText":"وَلِكُ<tajweed class=ikhafa>لٍّ د</tajweed>َرَجَ<tajweed class=madda_normal>ـٰ</tajweed><tajweed class=idgham_ghunnah>تٌ م</tajweed>ِّ<tajweed class=ghunnah>مّ</tajweed>َا عَمِلُو<tajweed class=slnt>اْ‌ۖ</tajweed> وَلِيُوَفِّيَهُمْ أَعْمَ<tajweed class=madda_normal>ـٰ</tajweed>لَهُمْ وَهُمْ لَا يُظْلَم<tajweed class=madda_permissible>ُو</tajweed>نَ <span class=end>١٩</span>","End":"١٩","PageNumber":504,"JuzNumber":26,"ManzilNumber":6,"RukuNumber":439,"MaqraNumber":201,"HizbNumber":51,"HizbDecimal":0.0,"HasSajda":false},{"SurahNumber":46,"SurahIndex":"046","VerseNumber":20,"ShowSurahName":false,"ShowBismillah":false,"Text":"وَيَوۡمَ يُعۡرَضُ ٱلَّذِينَ كَفَرُواْ عَلَى ٱلنَّارِ أَذۡهَبۡتُمۡ طَيِّبَٰتِكُمۡ فِي حَيَاتِكُمُ ٱلدُّنۡيَا وَٱسۡتَمۡتَعۡتُم بِهَا فَٱلۡيَوۡمَ تُجۡزَوۡنَ عَذَابَ ٱلۡهُونِ بِمَا كُنتُمۡ تَسۡتَكۡبِرُونَ فِي ٱلۡأَرۡضِ بِغَيۡرِ ٱلۡحَقِّ وَبِمَا كُنتُمۡ تَفۡسُقُونَ","TajweedText":"وَيَوْمَ يُعْرَضُ <tajweed class=ham_wasl>ٱ</tajweed>لَّذِينَ كَفَرُو<tajweed class=slnt>اْ</tajweed> عَلَى <tajweed class=ham_wasl>ٱ</tajweed><tajweed class=laam_shamsiyah>ل</tajweed><tajweed class=ghunnah>نّ</tajweed>َارِ أَذْهَ<tajweed class=qalaqah>بْ</tajweed>تُمْ طَيِّبَ<tajweed class=madda_normal>ـٰ</tajweed>تِكُمْ فِى حَيَاتِكُمُ <tajweed class=ham_wasl>ٱ</tajweed><tajweed class=laam_shamsiyah>ل</tajweed>دُّنْيَا وَ<tajweed class=ham_wasl>ٱ</tajweed>سْتَمْتَعْت<tajweed class=ikhafa_shafawi>ُم ب</tajweed>ِهَا فَ<tajweed class=ham_wasl>ٱ</tajweed>لْيَوْمَ تُ<tajweed class=qalaqah>جْ</tajweed>زَوْنَ عَذَابَ <tajweed class=ham_wasl>ٱ</tajweed>لْهُونِ بِمَا كُ<tajweed class=ikhafa>نت</tajweed>ُمْ تَسْتَكْبِرُونَ فِى <tajweed class=ham_wasl>ٱ</tajweed>لْأَرْضِ بِغَيْرِ <tajweed class=ham_wasl>ٱ</tajweed>لْحَقِّ وَبِمَا كُ<tajweed class=ikhafa>نت</tajweed>ُمْ تَفْسُق<tajweed class=madda_permissible>ُو</tajweed>نَ <span class=end>٢٠</span>","End":"٢٠","PageNumber":504,"JuzNumber":26,"ManzilNumber":6,"RukuNumber":439,"MaqraNumber":201,"HizbNumber":51,"HizbDecimal":0.0,"HasSajda":false}]}