{"RukuNumber":448,"Verses":[{"SurahNumber":48,"SurahIndex":"048","VerseNumber":18,"ShowSurahName":false,"ShowBismillah":false,"Text":"۞لَّقَدۡ رَضِيَ ٱللَّهُ عَنِ ٱلۡمُؤۡمِنِينَ إِذۡ يُبَايِعُونَكَ تَحۡتَ ٱلشَّجَرَةِ فَعَلِمَ مَا فِي قُلُوبِهِمۡ فَأَنزَلَ ٱلسَّكِينَةَ عَلَيۡهِمۡ وَأَثَٰبَهُمۡ فَتۡحٗا قَرِيبٗا","TajweedText":"۞ لَّقَ<tajweed class=qalaqah>دْ</tajweed> رَضِىَ <tajweed class=ham_wasl>ٱ</tajweed>للَّهُ عَنِ <tajweed class=ham_wasl>ٱ</tajweed>لْمُؤْمِنِينَ إِذْ يُبَايِعُونَكَ تَحْتَ <tajweed class=ham_wasl>ٱ</tajweed><tajweed class=laam_shamsiyah>ل</tajweed>شَّجَرَةِ فَعَلِمَ مَا فِى قُلُوبِهِمْ فَأَ<tajweed class=ikhafa>نز</tajweed>َلَ <tajweed class=ham_wasl>ٱ</tajweed><tajweed class=laam_shamsiyah>ل</tajweed>سَّكِينَةَ عَلَيْهِمْ وَأَثَ<tajweed class=madda_normal>ـٰ</tajweed>بَهُمْ فَتْ<tajweed class=ikhafa>حًا ق</tajweed>َرِيبًا <span class=end>١٨</span>","End":"١٨","PageNumber":513,"JuzNumber":26,"ManzilNumber":6,"RukuNumber":448,"MaqraNumber":205,"HizbNumber":52,"HizbDecimal":0.0,"HasSajda":false},{"SurahNumber":48,"SurahIndex":"048","VerseNumber":19,"ShowSurahName":false,"ShowBismillah":false,"Text":"وَمَغَانِمَ كَثِيرَةٗ يَأۡخُذُونَهَاۗ وَكَانَ ٱللَّهُ عَزِيزًا حَكِيمٗا","TajweedText":"وَمَغَانِمَ كَثِيرَ<tajweed class=idgham_ghunnah>ةً ي</tajweed>َأْخُذُونَهَا‌ۗ وَكَانَ <tajweed class=ham_wasl>ٱ</tajweed>للَّهُ عَزِيزًا حَكِيمًا <span class=end>١٩</span>","End":"١٩","PageNumber":513,"JuzNumber":26,"ManzilNumber":6,"RukuNumber":448,"MaqraNumber":205,"HizbNumber":52,"HizbDecimal":0.0,"HasSajda":false},{"SurahNumber":48,"SurahIndex":"048","VerseNumber":20,"ShowSurahName":false,"ShowBismillah":false,"Text":"وَعَدَكُمُ ٱللَّهُ مَغَانِمَ كَثِيرَةٗ تَأۡخُذُونَهَا فَعَجَّلَ لَكُمۡ هَٰذِهِۦ وَكَفَّ أَيۡدِيَ ٱلنَّاسِ عَنكُمۡ وَلِتَكُونَ ءَايَةٗ لِّلۡمُؤۡمِنِينَ وَيَهۡدِيَكُمۡ صِرَٰطٗا مُّسۡتَقِيمٗا","TajweedText":"وَعَدَكُمُ <tajweed class=ham_wasl>ٱ</tajweed>للَّهُ مَغَانِمَ كَثِيرَ<tajweed class=ikhafa>ةً ت</tajweed>َأْخُذُونَهَا فَعَجَّلَ لَكُمْ هَ<tajweed class=madda_normal>ـٰ</tajweed>ذِه<tajweed class=madda_normal>ِۦ</tajweed> وَكَفَّ أَيْدِىَ <tajweed class=ham_wasl>ٱ</tajweed><tajweed class=laam_shamsiyah>ل</tajweed><tajweed class=ghunnah>نّ</tajweed>َاسِ عَ<tajweed class=ikhafa>نك</tajweed>ُمْ وَلِتَكُونَ ءَايَ<tajweed class=idgham_wo_ghunnah>ةً ل</tajweed>ِّلْمُؤْمِنِينَ وَيَهْدِيَكُمْ صِر<tajweed class=madda_normal>َٲ</tajweed><tajweed class=idgham_ghunnah>طًا م</tajweed>ُّسْتَقِيمًا <span class=end>٢٠</span>","End":"٢٠","PageNumber":513,"JuzNumber":26,"ManzilNumber":6,"RukuNumber":448,"MaqraNumber":205,"HizbNumber":52,"HizbDecimal":0.0,"HasSajda":false},{"SurahNumber":48,"SurahIndex":"048","VerseNumber":21,"ShowSurahName":false,"ShowBismillah":false,"Text":"وَأُخۡرَىٰ لَمۡ تَقۡدِرُواْ عَلَيۡهَا قَدۡ أَحَاطَ ٱللَّهُ بِهَاۚ وَكَانَ ٱللَّهُ عَلَىٰ كُلِّ شَيۡءٖ قَدِيرٗا","TajweedText":"وَأُخْرَىٰ لَمْ تَ<tajweed class=qalaqah>قْ</tajweed>دِرُو<tajweed class=slnt>اْ</tajweed> عَلَيْهَا قَ<tajweed class=qalaqah>دْ</tajweed> أَحَاطَ <tajweed class=ham_wasl>ٱ</tajweed>للَّهُ بِهَا‌ۚ وَكَانَ <tajweed class=ham_wasl>ٱ</tajweed>للَّهُ عَلَىٰ كُلِّ ش<tajweed class=ikhafa>َىْءٍ ق</tajweed>َدِيرًا <span class=end>٢١</span>","End":"٢١","PageNumber":513,"JuzNumber":26,"ManzilNumber":6,"RukuNumber":448,"MaqraNumber":205,"HizbNumber":52,"HizbDecimal":0.0,"HasSajda":false},{"SurahNumber":48,"SurahIndex":"048","VerseNumber":22,"ShowSurahName":false,"ShowBismillah":false,"Text":"وَلَوۡ قَٰتَلَكُمُ ٱلَّذِينَ كَفَرُواْ لَوَلَّوُاْ ٱلۡأَدۡبَٰرَ ثُمَّ لَا يَجِدُونَ وَلِيّٗا وَلَا نَصِيرٗا","TajweedText":"وَلَوْ قَ<tajweed class=madda_normal>ـٰ</tajweed>تَلَكُمُ <tajweed class=ham_wasl>ٱ</tajweed>لَّذِينَ كَفَرُو<tajweed class=slnt>اْ</tajweed> لَوَلَّوُ<tajweed class=slnt>اْ</tajweed> <tajweed class=ham_wasl>ٱ</tajweed>لْأَ<tajweed class=qalaqah>دْ</tajweed>بَ<tajweed class=madda_normal>ـٰ</tajweed>رَ ثُ<tajweed class=ghunnah>مّ</tajweed>َ لَا يَجِدُونَ وَلِي<tajweed class=idgham_ghunnah>ًّا و</tajweed>َلَا نَصِيرًا <span class=end>٢٢</span>","End":"٢٢","PageNumber":513,"JuzNumber":26,"ManzilNumber":6,"RukuNumber":448,"MaqraNumber":205,"HizbNumber":52,"HizbDecimal":0.0,"HasSajda":false},{"SurahNumber":48,"SurahIndex":"048","VerseNumber":23,"ShowSurahName":false,"ShowBismillah":false,"Text":"سُنَّةَ ٱللَّهِ ٱلَّتِي قَدۡ خَلَتۡ مِن قَبۡلُۖ وَلَن تَجِدَ لِسُنَّةِ ٱللَّهِ تَبۡدِيلٗا","TajweedText":"سُ<tajweed class=ghunnah>نّ</tajweed>َةَ <tajweed class=ham_wasl>ٱ</tajweed>للَّهِ <tajweed class=ham_wasl>ٱ</tajweed>لَّتِى قَ<tajweed class=qalaqah>دْ</tajweed> خَلَتْ مِ<tajweed class=ikhafa>ن ق</tajweed>َ<tajweed class=qalaqah>بْ</tajweed>لُ‌ۖ وَلَ<tajweed class=ikhafa>ن ت</tajweed>َجِدَ لِسُ<tajweed class=ghunnah>نّ</tajweed>َةِ <tajweed class=ham_wasl>ٱ</tajweed>للَّهِ تَ<tajweed class=qalaqah>بْ</tajweed>دِيلاً <span class=end>٢٣</span>","End":"٢٣","PageNumber":513,"JuzNumber":26,"ManzilNumber":6,"RukuNumber":448,"MaqraNumber":205,"HizbNumber":52,"HizbDecimal":0.0,"HasSajda":false},{"SurahNumber":48,"SurahIndex":"048","VerseNumber":24,"ShowSurahName":false,"ShowBismillah":false,"Text":"وَهُوَ ٱلَّذِي كَفَّ أَيۡدِيَهُمۡ عَنكُمۡ وَأَيۡدِيَكُمۡ عَنۡهُم بِبَطۡنِ مَكَّةَ مِنۢ بَعۡدِ أَنۡ أَظۡفَرَكُمۡ عَلَيۡهِمۡۚ وَكَانَ ٱللَّهُ بِمَا تَعۡمَلُونَ بَصِيرًا","TajweedText":"وَهُوَ <tajweed class=ham_wasl>ٱ</tajweed>لَّذِى كَفَّ أَيْدِيَهُمْ عَ<tajweed class=ikhafa>نك</tajweed>ُمْ وَأَيْدِيَكُمْ عَنْه<tajweed class=ikhafa_shafawi>ُم ب</tajweed>ِبَ<tajweed class=qalaqah>طْ</tajweed>نِ مَكَّةَ م<tajweed class=iqlab>ِنۢ ب</tajweed>َعْدِ أَنْ أَظْفَرَكُمْ عَلَيْهِمْ‌ۚ وَكَانَ <tajweed class=ham_wasl>ٱ</tajweed>للَّهُ بِمَا تَعْمَلُونَ بَصِيرًا <span class=end>٢٤</span>","End":"٢٤","PageNumber":514,"JuzNumber":26,"ManzilNumber":6,"RukuNumber":448,"MaqraNumber":205,"HizbNumber":52,"HizbDecimal":0.0,"HasSajda":false},{"SurahNumber":48,"SurahIndex":"048","VerseNumber":25,"ShowSurahName":false,"ShowBismillah":false,"Text":"هُمُ ٱلَّذِينَ كَفَرُواْ وَصَدُّوكُمۡ عَنِ ٱلۡمَسۡجِدِ ٱلۡحَرَامِ وَٱلۡهَدۡيَ مَعۡكُوفًا أَن يَبۡلُغَ مَحِلَّهُۥۚ وَلَوۡلَا رِجَالٞ مُّؤۡمِنُونَ وَنِسَآءٞ مُّؤۡمِنَٰتٞ لَّمۡ تَعۡلَمُوهُمۡ أَن تَطَـُٔوهُمۡ فَتُصِيبَكُم مِّنۡهُم مَّعَرَّةُۢ بِغَيۡرِ عِلۡمٖۖ لِّيُدۡخِلَ ٱللَّهُ فِي رَحۡمَتِهِۦ مَن يَشَآءُۚ لَوۡ تَزَيَّلُواْ لَعَذَّبۡنَا ٱلَّذِينَ كَفَرُواْ مِنۡهُمۡ عَذَابًا أَلِيمًا","TajweedText":"هُمُ <tajweed class=ham_wasl>ٱ</tajweed>لَّذِينَ كَفَرُو<tajweed class=slnt>اْ</tajweed> وَصَدُّوكُمْ عَنِ <tajweed class=ham_wasl>ٱ</tajweed>لْمَسْجِدِ <tajweed class=ham_wasl>ٱ</tajweed>لْحَرَامِ وَ<tajweed class=ham_wasl>ٱ</tajweed>لْهَ<tajweed class=qalaqah>دْ</tajweed>ىَ مَعْكُوفًا أ<tajweed class=idgham_ghunnah>َن ي</tajweed>َ<tajweed class=qalaqah>بْ</tajweed>لُغَ مَحِلَّهُ<tajweed class=madda_normal>ۥ</tajweed>‌ۚ وَلَوْلَا رِجَا<tajweed class=idgham_ghunnah>لٌ م</tajweed>ُّؤْمِنُونَ وَنِس<tajweed class=madda_obligatory>َا</tajweed>ٓ<tajweed class=idgham_ghunnah>ءٌ م</tajweed>ُّؤْمِنَ<tajweed class=madda_normal>ـٰ</tajweed><tajweed class=idgham_wo_ghunnah>تٌ ل</tajweed>َّمْ تَعْلَمُوهُمْ أَ<tajweed class=ikhafa>ن ت</tajweed>َطَــُٔوهُمْ فَتُصِيبَك<tajweed class=idgham_shafawi>ُم م</tajweed>ِّنْه<tajweed class=idgham_shafawi>ُم م</tajweed>َّعَرَّ<tajweed class=iqlab>ةُۢ ب</tajweed>ِغَيْرِ عِلْ<tajweed class=idgham_wo_ghunnah>مٍ‌ۖ ل</tajweed>ِّيُ<tajweed class=qalaqah>دْ</tajweed>خِلَ <tajweed class=ham_wasl>ٱ</tajweed>للَّهُ فِى رَحْمَتِه<tajweed class=madda_normal>ِۦ</tajweed> م<tajweed class=idgham_ghunnah>َن ي</tajweed>َش<tajweed class=madda_obligatory>َا</tajweed>ٓءُ‌ۚ لَوْ تَزَيَّلُو<tajweed class=slnt>اْ</tajweed> لَعَذَّ<tajweed class=qalaqah>بْ</tajweed>نَا <tajweed class=ham_wasl>ٱ</tajweed>لَّذِينَ كَفَرُو<tajweed class=slnt>اْ</tajweed> مِنْهُمْ عَذَابًا أَلِيمًا <span class=end>٢٥</span>","End":"٢٥","PageNumber":514,"JuzNumber":26,"ManzilNumber":6,"RukuNumber":448,"MaqraNumber":205,"HizbNumber":52,"HizbDecimal":0.0,"HasSajda":false},{"SurahNumber":48,"SurahIndex":"048","VerseNumber":26,"ShowSurahName":false,"ShowBismillah":false,"Text":"إِذۡ جَعَلَ ٱلَّذِينَ كَفَرُواْ فِي قُلُوبِهِمُ ٱلۡحَمِيَّةَ حَمِيَّةَ ٱلۡجَٰهِلِيَّةِ فَأَنزَلَ ٱللَّهُ سَكِينَتَهُۥ عَلَىٰ رَسُولِهِۦ وَعَلَى ٱلۡمُؤۡمِنِينَ وَأَلۡزَمَهُمۡ كَلِمَةَ ٱلتَّقۡوَىٰ وَكَانُوٓاْ أَحَقَّ بِهَا وَأَهۡلَهَاۚ وَكَانَ ٱللَّهُ بِكُلِّ شَيۡءٍ عَلِيمٗا","TajweedText":"إِذْ جَعَلَ <tajweed class=ham_wasl>ٱ</tajweed>لَّذِينَ كَفَرُو<tajweed class=slnt>اْ</tajweed> فِى قُلُوبِهِمُ <tajweed class=ham_wasl>ٱ</tajweed>لْحَمِيَّةَ حَمِيَّةَ <tajweed class=ham_wasl>ٱ</tajweed>لْجَ<tajweed class=madda_normal>ـٰ</tajweed>هِلِيَّةِ فَأَ<tajweed class=ikhafa>نز</tajweed>َلَ <tajweed class=ham_wasl>ٱ</tajweed>للَّهُ سَكِينَتَهُ<tajweed class=madda_normal>ۥ</tajweed> عَلَىٰ رَسُولِه<tajweed class=madda_normal>ِۦ</tajweed> وَعَلَى <tajweed class=ham_wasl>ٱ</tajweed>لْمُؤْمِنِينَ وَأَلْزَمَهُمْ كَلِمَةَ <tajweed class=ham_wasl>ٱ</tajweed><tajweed class=laam_shamsiyah>ل</tajweed>تَّ<tajweed class=qalaqah>قْ</tajweed>وَىٰ وَكَان<tajweed class=madda_obligatory>ُوٓ</tajweed><tajweed class=slnt>اْ</tajweed> أَحَقَّ بِهَا وَأَهْلَهَا‌ۚ وَكَانَ <tajweed class=ham_wasl>ٱ</tajweed>للَّهُ بِكُلِّ شَىْءٍ عَلِيمًا <span class=end>٢٦</span>","End":"٢٦","PageNumber":514,"JuzNumber":26,"ManzilNumber":6,"RukuNumber":448,"MaqraNumber":205,"HizbNumber":52,"HizbDecimal":0.0,"HasSajda":false}]}