{"RukuNumber":532,"Verses":[{"SurahNumber":90,"SurahIndex":"090","VerseNumber":1,"ShowSurahName":true,"ShowBismillah":true,"Text":"لَآ أُقۡسِمُ بِهَٰذَا ٱلۡبَلَدِ","TajweedText":"ل<tajweed class=madda_obligatory>َآ</tajweed> أُ<tajweed class=qalaqah>قْ</tajweed>سِمُ بِهَ<tajweed class=madda_normal>ـٰ</tajweed>ذَا <tajweed class=ham_wasl>ٱ</tajweed>لْبَلَ<tajweed class=qalaqah>د</tajweed>ِ <span class=end>١</span>","End":"١","PageNumber":594,"JuzNumber":30,"ManzilNumber":7,"RukuNumber":532,"MaqraNumber":238,"HizbNumber":60,"HizbDecimal":0.25,"HasSajda":false},{"SurahNumber":90,"SurahIndex":"090","VerseNumber":2,"ShowSurahName":false,"ShowBismillah":false,"Text":"وَأَنتَ حِلُّۢ بِهَٰذَا ٱلۡبَلَدِ","TajweedText":"وَأَ<tajweed class=ikhafa>نت</tajweed>َ حِل<tajweed class=iqlab>ُّۢ ب</tajweed>ِهَ<tajweed class=madda_normal>ـٰ</tajweed>ذَا <tajweed class=ham_wasl>ٱ</tajweed>لْبَلَ<tajweed class=qalaqah>د</tajweed>ِ <span class=end>٢</span>","End":"٢","PageNumber":594,"JuzNumber":30,"ManzilNumber":7,"RukuNumber":532,"MaqraNumber":238,"HizbNumber":60,"HizbDecimal":0.25,"HasSajda":false},{"SurahNumber":90,"SurahIndex":"090","VerseNumber":3,"ShowSurahName":false,"ShowBismillah":false,"Text":"وَوَالِدٖ وَمَا وَلَدَ","TajweedText":"وَوَالِ<tajweed class=idgham_ghunnah>دٍ و</tajweed>َمَا وَلَ<tajweed class=qalaqah>د</tajweed>َ <span class=end>٣</span>","End":"٣","PageNumber":594,"JuzNumber":30,"ManzilNumber":7,"RukuNumber":532,"MaqraNumber":238,"HizbNumber":60,"HizbDecimal":0.25,"HasSajda":false},{"SurahNumber":90,"SurahIndex":"090","VerseNumber":4,"ShowSurahName":false,"ShowBismillah":false,"Text":"لَقَدۡ خَلَقۡنَا ٱلۡإِنسَٰنَ فِي كَبَدٍ","TajweedText":"لَقَ<tajweed class=qalaqah>دْ</tajweed> خَلَ<tajweed class=qalaqah>قْ</tajweed>نَا <tajweed class=ham_wasl>ٱ</tajweed>لْإِ<tajweed class=ikhafa>نس</tajweed>َ<tajweed class=madda_normal>ـٰ</tajweed>نَ فِى كَبَ<tajweed class=qalaqah>د</tajweed>ٍ <span class=end>٤</span>","End":"٤","PageNumber":594,"JuzNumber":30,"ManzilNumber":7,"RukuNumber":532,"MaqraNumber":238,"HizbNumber":60,"HizbDecimal":0.25,"HasSajda":false},{"SurahNumber":90,"SurahIndex":"090","VerseNumber":5,"ShowSurahName":false,"ShowBismillah":false,"Text":"أَيَحۡسَبُ أَن لَّن يَقۡدِرَ عَلَيۡهِ أَحَدٞ","TajweedText":"أَيَحْسَبُ أ<tajweed class=idgham_wo_ghunnah>َن ل</tajweed>ّ<tajweed class=idgham_ghunnah>َن ي</tajweed>َ<tajweed class=qalaqah>قْ</tajweed>دِرَ عَلَيْهِ أَحَ<tajweed class=qalaqah>د</tajweed>ٌ <span class=end>٥</span>","End":"٥","PageNumber":594,"JuzNumber":30,"ManzilNumber":7,"RukuNumber":532,"MaqraNumber":238,"HizbNumber":60,"HizbDecimal":0.25,"HasSajda":false},{"SurahNumber":90,"SurahIndex":"090","VerseNumber":6,"ShowSurahName":false,"ShowBismillah":false,"Text":"يَقُولُ أَهۡلَكۡتُ مَالٗا لُّبَدًا","TajweedText":"يَقُولُ أَهْلَكْتُ مَال<tajweed class=idgham_wo_ghunnah>اً ل</tajweed>ُّبَدًا <span class=end>٦</span>","End":"٦","PageNumber":594,"JuzNumber":30,"ManzilNumber":7,"RukuNumber":532,"MaqraNumber":238,"HizbNumber":60,"HizbDecimal":0.25,"HasSajda":false},{"SurahNumber":90,"SurahIndex":"090","VerseNumber":7,"ShowSurahName":false,"ShowBismillah":false,"Text":"أَيَحۡسَبُ أَن لَّمۡ يَرَهُۥٓ أَحَدٌ","TajweedText":"أَيَحْسَبُ أ<tajweed class=idgham_wo_ghunnah>َن ل</tajweed>َّمْ يَرَهُ<tajweed class=madda_obligatory>ۥٓ</tajweed> أَحَ<tajweed class=qalaqah>د</tajweed>ٌ <span class=end>٧</span>","End":"٧","PageNumber":594,"JuzNumber":30,"ManzilNumber":7,"RukuNumber":532,"MaqraNumber":238,"HizbNumber":60,"HizbDecimal":0.25,"HasSajda":false},{"SurahNumber":90,"SurahIndex":"090","VerseNumber":8,"ShowSurahName":false,"ShowBismillah":false,"Text":"أَلَمۡ نَجۡعَل لَّهُۥ عَيۡنَيۡنِ","TajweedText":"أَلَمْ نَ<tajweed class=qalaqah>جْ</tajweed>عَل لَّهُ<tajweed class=madda_normal>ۥ</tajweed> عَيْنَ<tajweed class=madda_permissible>يْ</tajweed>نِ <span class=end>٨</span>","End":"٨","PageNumber":594,"JuzNumber":30,"ManzilNumber":7,"RukuNumber":532,"MaqraNumber":238,"HizbNumber":60,"HizbDecimal":0.25,"HasSajda":false},{"SurahNumber":90,"SurahIndex":"090","VerseNumber":9,"ShowSurahName":false,"ShowBismillah":false,"Text":"وَلِسَانٗا وَشَفَتَيۡنِ","TajweedText":"وَلِسَا<tajweed class=idgham_ghunnah>نًا و</tajweed>َشَفَتَ<tajweed class=madda_permissible>يْ</tajweed>نِ <span class=end>٩</span>","End":"٩","PageNumber":594,"JuzNumber":30,"ManzilNumber":7,"RukuNumber":532,"MaqraNumber":238,"HizbNumber":60,"HizbDecimal":0.25,"HasSajda":false},{"SurahNumber":90,"SurahIndex":"090","VerseNumber":10,"ShowSurahName":false,"ShowBismillah":false,"Text":"وَهَدَيۡنَٰهُ ٱلنَّجۡدَيۡنِ","TajweedText":"وَهَدَيْنَ<tajweed class=madda_normal>ـٰ</tajweed>هُ <tajweed class=ham_wasl>ٱ</tajweed><tajweed class=laam_shamsiyah>ل</tajweed><tajweed class=ghunnah>نّ</tajweed>َ<tajweed class=qalaqah>جْ</tajweed>دَ<tajweed class=madda_permissible>يْ</tajweed>نِ <span class=end>١٠</span>","End":"١٠","PageNumber":594,"JuzNumber":30,"ManzilNumber":7,"RukuNumber":532,"MaqraNumber":238,"HizbNumber":60,"HizbDecimal":0.25,"HasSajda":false},{"SurahNumber":90,"SurahIndex":"090","VerseNumber":11,"ShowSurahName":false,"ShowBismillah":false,"Text":"فَلَا ٱقۡتَحَمَ ٱلۡعَقَبَةَ","TajweedText":"فَلَا <tajweed class=ham_wasl>ٱ</tajweed><tajweed class=qalaqah>قْ</tajweed>تَحَمَ <tajweed class=ham_wasl>ٱ</tajweed>لْعَقَبَةَ <span class=end>١١</span>","End":"١١","PageNumber":594,"JuzNumber":30,"ManzilNumber":7,"RukuNumber":532,"MaqraNumber":238,"HizbNumber":60,"HizbDecimal":0.25,"HasSajda":false},{"SurahNumber":90,"SurahIndex":"090","VerseNumber":12,"ShowSurahName":false,"ShowBismillah":false,"Text":"وَمَآ أَدۡرَىٰكَ مَا ٱلۡعَقَبَةُ","TajweedText":"وَم<tajweed class=madda_obligatory>َآ</tajweed> أَ<tajweed class=qalaqah>دْ</tajweed>رَ<tajweed class=madda_normal>ٮٰ</tajweed>كَ مَا <tajweed class=ham_wasl>ٱ</tajweed>لْعَقَبَةُ <span class=end>١٢</span>","End":"١٢","PageNumber":594,"JuzNumber":30,"ManzilNumber":7,"RukuNumber":532,"MaqraNumber":238,"HizbNumber":60,"HizbDecimal":0.25,"HasSajda":false},{"SurahNumber":90,"SurahIndex":"090","VerseNumber":13,"ShowSurahName":false,"ShowBismillah":false,"Text":"فَكُّ رَقَبَةٍ","TajweedText":"فَكُّ رَقَبَةٍ <span class=end>١٣</span>","End":"١٣","PageNumber":594,"JuzNumber":30,"ManzilNumber":7,"RukuNumber":532,"MaqraNumber":238,"HizbNumber":60,"HizbDecimal":0.25,"HasSajda":false},{"SurahNumber":90,"SurahIndex":"090","VerseNumber":14,"ShowSurahName":false,"ShowBismillah":false,"Text":"أَوۡ إِطۡعَٰمٞ فِي يَوۡمٖ ذِي مَسۡغَبَةٖ","TajweedText":"أَوْ إِ<tajweed class=qalaqah>طْ</tajweed>عَ<tajweed class=madda_normal>ـٰ</tajweed><tajweed class=ikhafa>مٌ ف</tajweed>ِى يَوْ<tajweed class=ikhafa>مٍ ذ</tajweed>ِى مَسْغَبَةٍ <span class=end>١٤</span>","End":"١٤","PageNumber":594,"JuzNumber":30,"ManzilNumber":7,"RukuNumber":532,"MaqraNumber":238,"HizbNumber":60,"HizbDecimal":0.25,"HasSajda":false},{"SurahNumber":90,"SurahIndex":"090","VerseNumber":15,"ShowSurahName":false,"ShowBismillah":false,"Text":"يَتِيمٗا ذَا مَقۡرَبَةٍ","TajweedText":"يَتِي<tajweed class=ikhafa>مًا ذ</tajweed>َا مَ<tajweed class=qalaqah>قْ</tajweed>رَبَةٍ <span class=end>١٥</span>","End":"١٥","PageNumber":594,"JuzNumber":30,"ManzilNumber":7,"RukuNumber":532,"MaqraNumber":238,"HizbNumber":60,"HizbDecimal":0.25,"HasSajda":false},{"SurahNumber":90,"SurahIndex":"090","VerseNumber":16,"ShowSurahName":false,"ShowBismillah":false,"Text":"أَوۡ مِسۡكِينٗا ذَا مَتۡرَبَةٖ","TajweedText":"أَوْ مِسْكِي<tajweed class=ikhafa>نًا ذ</tajweed>َا مَتْرَبَةٍ <span class=end>١٦</span>","End":"١٦","PageNumber":594,"JuzNumber":30,"ManzilNumber":7,"RukuNumber":532,"MaqraNumber":238,"HizbNumber":60,"HizbDecimal":0.25,"HasSajda":false},{"SurahNumber":90,"SurahIndex":"090","VerseNumber":17,"ShowSurahName":false,"ShowBismillah":false,"Text":"ثُمَّ كَانَ مِنَ ٱلَّذِينَ ءَامَنُواْ وَتَوَاصَوۡاْ بِٱلصَّبۡرِ وَتَوَاصَوۡاْ بِٱلۡمَرۡحَمَةِ","TajweedText":"ثُ<tajweed class=ghunnah>مّ</tajweed>َ كَانَ مِنَ <tajweed class=ham_wasl>ٱ</tajweed>لَّذِينَ ءَامَنُو<tajweed class=slnt>اْ</tajweed> وَتَوَاصَوْ<tajweed class=slnt>اْ</tajweed> بِ<tajweed class=ham_wasl>ٱ</tajweed><tajweed class=laam_shamsiyah>ل</tajweed>صَّ<tajweed class=qalaqah>بْ</tajweed>رِ وَتَوَاصَوْ<tajweed class=slnt>اْ</tajweed> بِ<tajweed class=ham_wasl>ٱ</tajweed>لْمَرْحَمَةِ <span class=end>١٧</span>","End":"١٧","PageNumber":594,"JuzNumber":30,"ManzilNumber":7,"RukuNumber":532,"MaqraNumber":238,"HizbNumber":60,"HizbDecimal":0.25,"HasSajda":false},{"SurahNumber":90,"SurahIndex":"090","VerseNumber":18,"ShowSurahName":false,"ShowBismillah":false,"Text":"أُوْلَـٰٓئِكَ أَصۡحَٰبُ ٱلۡمَيۡمَنَةِ","TajweedText":"أُ<tajweed class=slnt>وْ</tajweed>لَ<tajweed class=madda_obligatory>ـٰٓ</tajweed>ئِكَ أَصْحَ<tajweed class=madda_normal>ـٰ</tajweed>بُ <tajweed class=ham_wasl>ٱ</tajweed>لْمَيْمَنَةِ <span class=end>١٨</span>","End":"١٨","PageNumber":594,"JuzNumber":30,"ManzilNumber":7,"RukuNumber":532,"MaqraNumber":238,"HizbNumber":60,"HizbDecimal":0.25,"HasSajda":false},{"SurahNumber":90,"SurahIndex":"090","VerseNumber":19,"ShowSurahName":false,"ShowBismillah":false,"Text":"وَٱلَّذِينَ كَفَرُواْ بِـَٔايَٰتِنَا هُمۡ أَصۡحَٰبُ ٱلۡمَشۡـَٔمَةِ","TajweedText":"وَ<tajweed class=ham_wasl>ٱ</tajweed>لَّذِينَ كَفَرُو<tajweed class=slnt>اْ</tajweed> بِـَٔـايَ<tajweed class=madda_normal>ـٰ</tajweed>تِنَا هُمْ أَصْحَ<tajweed class=madda_normal>ـٰ</tajweed>بُ <tajweed class=ham_wasl>ٱ</tajweed>لْمَشْــَٔمَةِ <span class=end>١٩</span>","End":"١٩","PageNumber":594,"JuzNumber":30,"ManzilNumber":7,"RukuNumber":532,"MaqraNumber":238,"HizbNumber":60,"HizbDecimal":0.25,"HasSajda":false},{"SurahNumber":90,"SurahIndex":"090","VerseNumber":20,"ShowSurahName":false,"ShowBismillah":false,"Text":"عَلَيۡهِمۡ نَارٞ مُّؤۡصَدَةُۢ","TajweedText":"عَلَيْهِمْ نَا<tajweed class=idgham_ghunnah>رٌ م</tajweed>ُّؤْصَدَةُۢ <span class=end>٢٠</span>","End":"٢٠","PageNumber":594,"JuzNumber":30,"ManzilNumber":7,"RukuNumber":532,"MaqraNumber":238,"HizbNumber":60,"HizbDecimal":0.25,"HasSajda":false}]}