{"RukuNumber":162,"Verses":[{"SurahNumber":9,"SurahIndex":"009","VerseNumber":43,"ShowSurahName":false,"ShowBismillah":false,"Text":"عَفَا ٱللَّهُ عَنكَ لِمَ أَذِنتَ لَهُمۡ حَتَّىٰ يَتَبَيَّنَ لَكَ ٱلَّذِينَ صَدَقُواْ وَتَعۡلَمَ ٱلۡكَٰذِبِينَ","TajweedText":"عَفَا <tajweed class=ham_wasl>ٱ</tajweed>للَّهُ عَ<tajweed class=ikhafa>نك</tajweed>َ لِمَ أَذِ<tajweed class=ikhafa>نت</tajweed>َ لَهُمْ حَتَّىٰ يَتَبَيَّنَ لَكَ <tajweed class=ham_wasl>ٱ</tajweed>لَّذِينَ صَدَقُو<tajweed class=slnt>اْ</tajweed> وَتَعْلَمَ <tajweed class=ham_wasl>ٱ</tajweed>لْكَ<tajweed class=madda_normal>ـٰ</tajweed>ذِب<tajweed class=madda_permissible>ِي</tajweed>نَ <span class=end>٤٣</span>","End":"٤٣","PageNumber":194,"JuzNumber":10,"ManzilNumber":2,"RukuNumber":162,"MaqraNumber":77,"HizbNumber":20,"HizbDecimal":0.0,"HasSajda":false},{"SurahNumber":9,"SurahIndex":"009","VerseNumber":44,"ShowSurahName":false,"ShowBismillah":false,"Text":"لَا يَسۡتَـٔۡذِنُكَ ٱلَّذِينَ يُؤۡمِنُونَ بِٱللَّهِ وَٱلۡيَوۡمِ ٱلۡأٓخِرِ أَن يُجَٰهِدُواْ بِأَمۡوَٰلِهِمۡ وَأَنفُسِهِمۡۗ وَٱللَّهُ عَلِيمُۢ بِٱلۡمُتَّقِينَ","TajweedText":"لَا يَسْتَــْٔذِنُكَ <tajweed class=ham_wasl>ٱ</tajweed>لَّذِينَ يُؤْمِنُونَ بِ<tajweed class=ham_wasl>ٱ</tajweed>للَّهِ وَ<tajweed class=ham_wasl>ٱ</tajweed>لْيَوْمِ <tajweed class=ham_wasl>ٱ</tajweed>لْأَخِرِ أ<tajweed class=idgham_ghunnah>َن ي</tajweed>ُجَ<tajweed class=madda_normal>ـٰ</tajweed>هِدُو<tajweed class=slnt>اْ</tajweed> بِأَمْو<tajweed class=madda_normal>َٲ</tajweed>لِهِمْ وَأَ<tajweed class=ikhafa>نف</tajweed>ُسِهِمْ‌ۗ وَ<tajweed class=ham_wasl>ٱ</tajweed>للَّهُ عَلِي<tajweed class=iqlab>مُۢ ب</tajweed>ِ<tajweed class=ham_wasl>ٱ</tajweed>لْمُتَّق<tajweed class=madda_permissible>ِي</tajweed>نَ <span class=end>٤٤</span>","End":"٤٤","PageNumber":194,"JuzNumber":10,"ManzilNumber":2,"RukuNumber":162,"MaqraNumber":77,"HizbNumber":20,"HizbDecimal":0.0,"HasSajda":false},{"SurahNumber":9,"SurahIndex":"009","VerseNumber":45,"ShowSurahName":false,"ShowBismillah":false,"Text":"إِنَّمَا يَسۡتَـٔۡذِنُكَ ٱلَّذِينَ لَا يُؤۡمِنُونَ بِٱللَّهِ وَٱلۡيَوۡمِ ٱلۡأٓخِرِ وَٱرۡتَابَتۡ قُلُوبُهُمۡ فَهُمۡ فِي رَيۡبِهِمۡ يَتَرَدَّدُونَ","TajweedText":"إِ<tajweed class=ghunnah>نّ</tajweed>َمَا يَسْتَــْٔذِنُكَ <tajweed class=ham_wasl>ٱ</tajweed>لَّذِينَ لَا يُؤْمِنُونَ بِ<tajweed class=ham_wasl>ٱ</tajweed>للَّهِ وَ<tajweed class=ham_wasl>ٱ</tajweed>لْيَوْمِ <tajweed class=ham_wasl>ٱ</tajweed>لْأَخِرِ وَ<tajweed class=ham_wasl>ٱ</tajweed>رْتَابَتْ قُلُوبُهُمْ فَهُمْ فِى رَيْبِهِمْ يَتَرَدَّد<tajweed class=madda_permissible>ُو</tajweed>نَ <span class=end>٤٥</span>","End":"٤٥","PageNumber":194,"JuzNumber":10,"ManzilNumber":2,"RukuNumber":162,"MaqraNumber":77,"HizbNumber":20,"HizbDecimal":0.0,"HasSajda":false},{"SurahNumber":9,"SurahIndex":"009","VerseNumber":46,"ShowSurahName":false,"ShowBismillah":false,"Text":"۞وَلَوۡ أَرَادُواْ ٱلۡخُرُوجَ لَأَعَدُّواْ لَهُۥ عُدَّةٗ وَلَٰكِن كَرِهَ ٱللَّهُ ٱنۢبِعَاثَهُمۡ فَثَبَّطَهُمۡ وَقِيلَ ٱقۡعُدُواْ مَعَ ٱلۡقَٰعِدِينَ","TajweedText":"۞ وَلَوْ أَرَادُو<tajweed class=slnt>اْ</tajweed> <tajweed class=ham_wasl>ٱ</tajweed>لْخُرُوجَ لَأَعَدُّو<tajweed class=slnt>اْ</tajweed> لَهُ<tajweed class=madda_normal>ۥ</tajweed> عُدَّ<tajweed class=idgham_ghunnah>ةً و</tajweed>َلَ<tajweed class=madda_normal>ـٰ</tajweed>كِ<tajweed class=ikhafa>ن ك</tajweed>َرِهَ <tajweed class=ham_wasl>ٱ</tajweed>للَّهُ <tajweed class=ham_wasl>ٱ</tajweed><tajweed class=iqlab>نۢب</tajweed>ِعَاثَهُمْ فَثَبَّطَهُمْ وَقِيلَ <tajweed class=ham_wasl>ٱ</tajweed><tajweed class=qalaqah>قْ</tajweed>عُدُو<tajweed class=slnt>اْ</tajweed> مَعَ <tajweed class=ham_wasl>ٱ</tajweed>لْقَ<tajweed class=madda_normal>ـٰ</tajweed>عِد<tajweed class=madda_permissible>ِي</tajweed>نَ <span class=end>٤٦</span>","End":"٤٦","PageNumber":194,"JuzNumber":10,"ManzilNumber":2,"RukuNumber":162,"MaqraNumber":78,"HizbNumber":20,"HizbDecimal":0.25,"HasSajda":false},{"SurahNumber":9,"SurahIndex":"009","VerseNumber":47,"ShowSurahName":false,"ShowBismillah":false,"Text":"لَوۡ خَرَجُواْ فِيكُم مَّا زَادُوكُمۡ إِلَّا خَبَالٗا وَلَأَوۡضَعُواْ خِلَٰلَكُمۡ يَبۡغُونَكُمُ ٱلۡفِتۡنَةَ وَفِيكُمۡ سَمَّـٰعُونَ لَهُمۡۗ وَٱللَّهُ عَلِيمُۢ بِٱلظَّـٰلِمِينَ","TajweedText":"لَوْ خَرَجُو<tajweed class=slnt>اْ</tajweed> فِيك<tajweed class=idgham_shafawi>ُم م</tajweed>َّا زَادُوكُمْ إِلَّا خَبَال<tajweed class=idgham_ghunnah>اً و</tajweed>َلَأَوْضَعُو<tajweed class=slnt>اْ</tajweed> خِلَ<tajweed class=madda_normal>ـٰ</tajweed>لَكُمْ يَ<tajweed class=qalaqah>بْ</tajweed>غُونَكُمُ <tajweed class=ham_wasl>ٱ</tajweed>لْفِتْنَةَ وَفِيكُمْ سَ<tajweed class=ghunnah>مّ</tajweed>َ<tajweed class=madda_normal>ـٰ</tajweed>عُونَ لَهُمْ‌ۗ وَ<tajweed class=ham_wasl>ٱ</tajweed>للَّهُ عَلِي<tajweed class=iqlab>مُۢ ب</tajweed>ِ<tajweed class=ham_wasl>ٱ</tajweed><tajweed class=laam_shamsiyah>ل</tajweed>ظَّ<tajweed class=madda_normal>ـٰ</tajweed>لِم<tajweed class=madda_permissible>ِي</tajweed>نَ <span class=end>٤٧</span>","End":"٤٧","PageNumber":194,"JuzNumber":10,"ManzilNumber":2,"RukuNumber":162,"MaqraNumber":78,"HizbNumber":20,"HizbDecimal":0.25,"HasSajda":false},{"SurahNumber":9,"SurahIndex":"009","VerseNumber":48,"ShowSurahName":false,"ShowBismillah":false,"Text":"لَقَدِ ٱبۡتَغَوُاْ ٱلۡفِتۡنَةَ مِن قَبۡلُ وَقَلَّبُواْ لَكَ ٱلۡأُمُورَ حَتَّىٰ جَآءَ ٱلۡحَقُّ وَظَهَرَ أَمۡرُ ٱللَّهِ وَهُمۡ كَٰرِهُونَ","TajweedText":"لَقَدِ <tajweed class=ham_wasl>ٱ</tajweed><tajweed class=qalaqah>بْ</tajweed>تَغَوُ<tajweed class=slnt>اْ</tajweed> <tajweed class=ham_wasl>ٱ</tajweed>لْفِتْنَةَ مِ<tajweed class=ikhafa>ن ق</tajweed>َ<tajweed class=qalaqah>بْ</tajweed>لُ وَقَلَّبُو<tajweed class=slnt>اْ</tajweed> لَكَ <tajweed class=ham_wasl>ٱ</tajweed>لْأُمُورَ حَتَّىٰ ج<tajweed class=madda_obligatory>َا</tajweed>ٓءَ <tajweed class=ham_wasl>ٱ</tajweed>لْحَقُّ وَظَهَرَ أَمْرُ <tajweed class=ham_wasl>ٱ</tajweed>للَّهِ وَهُمْ كَ<tajweed class=madda_normal>ـٰ</tajweed>رِه<tajweed class=madda_permissible>ُو</tajweed>نَ <span class=end>٤٨</span>","End":"٤٨","PageNumber":195,"JuzNumber":10,"ManzilNumber":2,"RukuNumber":162,"MaqraNumber":78,"HizbNumber":20,"HizbDecimal":0.25,"HasSajda":false},{"SurahNumber":9,"SurahIndex":"009","VerseNumber":49,"ShowSurahName":false,"ShowBismillah":false,"Text":"وَمِنۡهُم مَّن يَقُولُ ٱئۡذَن لِّي وَلَا تَفۡتِنِّيٓۚ أَلَا فِي ٱلۡفِتۡنَةِ سَقَطُواْۗ وَإِنَّ جَهَنَّمَ لَمُحِيطَةُۢ بِٱلۡكَٰفِرِينَ","TajweedText":"وَمِنْه<tajweed class=idgham_shafawi>ُم م</tajweed>ّ<tajweed class=idgham_ghunnah>َن ي</tajweed>َقُولُ <tajweed class=ham_wasl>ٱ</tajweed>ئْذ<tajweed class=idgham_wo_ghunnah>َن ل</tajweed>ِّى وَلَا تَفْتِ<tajweed class=ghunnah>نّ</tajweed><tajweed class=madda_obligatory>ِىٓ‌ۚ</tajweed> أَلَا فِى <tajweed class=ham_wasl>ٱ</tajweed>لْفِتْنَةِ سَقَطُو<tajweed class=slnt>اْ‌ۗ</tajweed> وَإِ<tajweed class=ghunnah>نّ</tajweed>َ جَهَ<tajweed class=ghunnah>نّ</tajweed>َمَ لَمُحِيطَ<tajweed class=iqlab>ةُۢ ب</tajweed>ِ<tajweed class=ham_wasl>ٱ</tajweed>لْكَ<tajweed class=madda_normal>ـٰ</tajweed>فِر<tajweed class=madda_permissible>ِي</tajweed>نَ <span class=end>٤٩</span>","End":"٤٩","PageNumber":195,"JuzNumber":10,"ManzilNumber":2,"RukuNumber":162,"MaqraNumber":78,"HizbNumber":20,"HizbDecimal":0.25,"HasSajda":false},{"SurahNumber":9,"SurahIndex":"009","VerseNumber":50,"ShowSurahName":false,"ShowBismillah":false,"Text":"إِن تُصِبۡكَ حَسَنَةٞ تَسُؤۡهُمۡۖ وَإِن تُصِبۡكَ مُصِيبَةٞ يَقُولُواْ قَدۡ أَخَذۡنَآ أَمۡرَنَا مِن قَبۡلُ وَيَتَوَلَّواْ وَّهُمۡ فَرِحُونَ","TajweedText":"إِ<tajweed class=ikhafa>ن ت</tajweed>ُصِ<tajweed class=qalaqah>بْ</tajweed>كَ حَسَنَ<tajweed class=ikhafa>ةٌ ت</tajweed>َسُؤْهُمْ‌ۖ وَإِ<tajweed class=ikhafa>ن ت</tajweed>ُصِ<tajweed class=qalaqah>بْ</tajweed>كَ مُصِيبَ<tajweed class=idgham_ghunnah>ةٌ ي</tajweed>َقُولُو<tajweed class=slnt>اْ</tajweed> قَ<tajweed class=qalaqah>دْ</tajweed> أَخَذْن<tajweed class=madda_obligatory>َآ</tajweed> أَمْرَنَا مِ<tajweed class=ikhafa>ن ق</tajweed>َ<tajweed class=qalaqah>بْ</tajweed>لُ وَيَتَوَلَّو<tajweed class=slnt>اْ</tajweed> وَّهُمْ فَرِح<tajweed class=madda_permissible>ُو</tajweed>نَ <span class=end>٥٠</span>","End":"٥٠","PageNumber":195,"JuzNumber":10,"ManzilNumber":2,"RukuNumber":162,"MaqraNumber":78,"HizbNumber":20,"HizbDecimal":0.25,"HasSajda":false},{"SurahNumber":9,"SurahIndex":"009","VerseNumber":51,"ShowSurahName":false,"ShowBismillah":false,"Text":"قُل لَّن يُصِيبَنَآ إِلَّا مَا كَتَبَ ٱللَّهُ لَنَا هُوَ مَوۡلَىٰنَاۚ وَعَلَى ٱللَّهِ فَلۡيَتَوَكَّلِ ٱلۡمُؤۡمِنُونَ","TajweedText":"قُل لّ<tajweed class=idgham_ghunnah>َن ي</tajweed>ُصِيبَن<tajweed class=madda_obligatory>َآ</tajweed> إِلَّا مَا كَتَبَ <tajweed class=ham_wasl>ٱ</tajweed>للَّهُ لَنَا هُوَ مَوْلَ<tajweed class=madda_normal>ـٰ</tajweed>نَا‌ۚ وَعَلَى <tajweed class=ham_wasl>ٱ</tajweed>للَّهِ فَلْيَتَوَكَّلِ <tajweed class=ham_wasl>ٱ</tajweed>لْمُؤْمِن<tajweed class=madda_permissible>ُو</tajweed>نَ <span class=end>٥١</span>","End":"٥١","PageNumber":195,"JuzNumber":10,"ManzilNumber":2,"RukuNumber":162,"MaqraNumber":78,"HizbNumber":20,"HizbDecimal":0.25,"HasSajda":false},{"SurahNumber":9,"SurahIndex":"009","VerseNumber":52,"ShowSurahName":false,"ShowBismillah":false,"Text":"قُلۡ هَلۡ تَرَبَّصُونَ بِنَآ إِلَّآ إِحۡدَى ٱلۡحُسۡنَيَيۡنِۖ وَنَحۡنُ نَتَرَبَّصُ بِكُمۡ أَن يُصِيبَكُمُ ٱللَّهُ بِعَذَابٖ مِّنۡ عِندِهِۦٓ أَوۡ بِأَيۡدِينَاۖ فَتَرَبَّصُوٓاْ إِنَّا مَعَكُم مُّتَرَبِّصُونَ","TajweedText":"قُلْ هَلْ تَرَبَّصُونَ بِن<tajweed class=madda_obligatory>َآ</tajweed> إِلّ<tajweed class=madda_obligatory>َآ</tajweed> إِحْدَى <tajweed class=ham_wasl>ٱ</tajweed>لْحُسْنَيَيْنِ‌ۖ وَنَحْنُ نَتَرَبَّصُ بِكُمْ أ<tajweed class=idgham_ghunnah>َن ي</tajweed>ُصِيبَكُمُ <tajweed class=ham_wasl>ٱ</tajweed>للَّهُ بِعَذَا<tajweed class=idgham_ghunnah>بٍ م</tajweed>ِّنْ عِ<tajweed class=ikhafa>ند</tajweed>ِه<tajweed class=madda_obligatory>ِۦٓ</tajweed> أَوْ بِأَيْدِينَا‌ۖ فَتَرَبَّص<tajweed class=madda_obligatory>ُوٓ</tajweed><tajweed class=slnt>اْ</tajweed> إِ<tajweed class=ghunnah>نّ</tajweed>َا مَعَك<tajweed class=idgham_shafawi>ُم م</tajweed>ُّتَرَبِّص<tajweed class=madda_permissible>ُو</tajweed>نَ <span class=end>٥٢</span>","End":"٥٢","PageNumber":195,"JuzNumber":10,"ManzilNumber":2,"RukuNumber":162,"MaqraNumber":78,"HizbNumber":20,"HizbDecimal":0.25,"HasSajda":false},{"SurahNumber":9,"SurahIndex":"009","VerseNumber":53,"ShowSurahName":false,"ShowBismillah":false,"Text":"قُلۡ أَنفِقُواْ طَوۡعًا أَوۡ كَرۡهٗا لَّن يُتَقَبَّلَ مِنكُمۡ إِنَّكُمۡ كُنتُمۡ قَوۡمٗا فَٰسِقِينَ","TajweedText":"قُلْ أَ<tajweed class=ikhafa>نف</tajweed>ِقُو<tajweed class=slnt>اْ</tajweed> طَوْعًا أَوْ كَرْ<tajweed class=idgham_wo_ghunnah>هًا ل</tajweed>ّ<tajweed class=idgham_ghunnah>َن ي</tajweed>ُتَقَبَّلَ مِ<tajweed class=ikhafa>نك</tajweed>ُمْ‌ۖ إِ<tajweed class=ghunnah>نّ</tajweed>َكُمْ كُ<tajweed class=ikhafa>نت</tajweed>ُمْ قَوْ<tajweed class=ikhafa>مًا ف</tajweed>َ<tajweed class=madda_normal>ـٰ</tajweed>سِق<tajweed class=madda_permissible>ِي</tajweed>نَ <span class=end>٥٣</span>","End":"٥٣","PageNumber":195,"JuzNumber":10,"ManzilNumber":2,"RukuNumber":162,"MaqraNumber":78,"HizbNumber":20,"HizbDecimal":0.25,"HasSajda":false},{"SurahNumber":9,"SurahIndex":"009","VerseNumber":54,"ShowSurahName":false,"ShowBismillah":false,"Text":"وَمَا مَنَعَهُمۡ أَن تُقۡبَلَ مِنۡهُمۡ نَفَقَٰتُهُمۡ إِلَّآ أَنَّهُمۡ كَفَرُواْ بِٱللَّهِ وَبِرَسُولِهِۦ وَلَا يَأۡتُونَ ٱلصَّلَوٰةَ إِلَّا وَهُمۡ كُسَالَىٰ وَلَا يُنفِقُونَ إِلَّا وَهُمۡ كَٰرِهُونَ","TajweedText":"وَمَا مَنَعَهُمْ أَ<tajweed class=ikhafa>ن ت</tajweed>ُ<tajweed class=qalaqah>قْ</tajweed>بَلَ مِنْهُمْ نَفَقَ<tajweed class=madda_normal>ـٰ</tajweed>تُهُمْ إِلّ<tajweed class=madda_obligatory>َآ</tajweed> أَ<tajweed class=ghunnah>نّ</tajweed>َهُمْ كَفَرُو<tajweed class=slnt>اْ</tajweed> بِ<tajweed class=ham_wasl>ٱ</tajweed>للَّهِ وَبِرَسُولِه<tajweed class=madda_normal>ِۦ</tajweed> وَلَا يَأْتُونَ <tajweed class=ham_wasl>ٱ</tajweed><tajweed class=laam_shamsiyah>ل</tajweed>صَّلَ<tajweed class=slnt>و</tajweed><tajweed class=madda_normal>ٲ</tajweed>ةَ إِلَّا وَهُمْ كُسَالَىٰ وَلَا يُ<tajweed class=ikhafa>نف</tajweed>ِقُونَ إِلَّا وَهُمْ كَ<tajweed class=madda_normal>ـٰ</tajweed>رِه<tajweed class=madda_permissible>ُو</tajweed>نَ <span class=end>٥٤</span>","End":"٥٤","PageNumber":195,"JuzNumber":10,"ManzilNumber":2,"RukuNumber":162,"MaqraNumber":78,"HizbNumber":20,"HizbDecimal":0.25,"HasSajda":false},{"SurahNumber":9,"SurahIndex":"009","VerseNumber":55,"ShowSurahName":false,"ShowBismillah":false,"Text":"فَلَا تُعۡجِبۡكَ أَمۡوَٰلُهُمۡ وَلَآ أَوۡلَٰدُهُمۡۚ إِنَّمَا يُرِيدُ ٱللَّهُ لِيُعَذِّبَهُم بِهَا فِي ٱلۡحَيَوٰةِ ٱلدُّنۡيَا وَتَزۡهَقَ أَنفُسُهُمۡ وَهُمۡ كَٰفِرُونَ","TajweedText":"فَلَا تُعْجِ<tajweed class=qalaqah>بْ</tajweed>كَ أَمْو<tajweed class=madda_normal>َٲ</tajweed>لُهُمْ وَل<tajweed class=madda_obligatory>َآ</tajweed> أَوْلَ<tajweed class=madda_normal>ـٰ</tajweed>دُهُمْ‌ۚ إِ<tajweed class=ghunnah>نّ</tajweed>َمَا يُرِيدُ <tajweed class=ham_wasl>ٱ</tajweed>للَّهُ لِيُعَذِّبَه<tajweed class=ikhafa_shafawi>ُم ب</tajweed>ِهَا فِى <tajweed class=ham_wasl>ٱ</tajweed>لْحَيَ<tajweed class=slnt>و</tajweed><tajweed class=madda_normal>ٲ</tajweed>ةِ <tajweed class=ham_wasl>ٱ</tajweed><tajweed class=laam_shamsiyah>ل</tajweed>دُّنْيَا وَتَزْهَقَ أَ<tajweed class=ikhafa>نف</tajweed>ُسُهُمْ وَهُمْ كَ<tajweed class=madda_normal>ـٰ</tajweed>فِر<tajweed class=madda_permissible>ُو</tajweed>نَ <span class=end>٥٥</span>","End":"٥٥","PageNumber":196,"JuzNumber":10,"ManzilNumber":2,"RukuNumber":162,"MaqraNumber":78,"HizbNumber":20,"HizbDecimal":0.25,"HasSajda":false},{"SurahNumber":9,"SurahIndex":"009","VerseNumber":56,"ShowSurahName":false,"ShowBismillah":false,"Text":"وَيَحۡلِفُونَ بِٱللَّهِ إِنَّهُمۡ لَمِنكُمۡ وَمَا هُم مِّنكُمۡ وَلَٰكِنَّهُمۡ قَوۡمٞ يَفۡرَقُونَ","TajweedText":"وَيَحْلِفُونَ بِ<tajweed class=ham_wasl>ٱ</tajweed>للَّهِ إِ<tajweed class=ghunnah>نّ</tajweed>َهُمْ لَمِ<tajweed class=ikhafa>نك</tajweed>ُمْ وَمَا ه<tajweed class=idgham_shafawi>ُم م</tajweed>ِّ<tajweed class=ikhafa>نك</tajweed>ُمْ وَلَ<tajweed class=madda_normal>ـٰ</tajweed>كِ<tajweed class=ghunnah>نّ</tajweed>َهُمْ قَوْ<tajweed class=idgham_ghunnah>مٌ ي</tajweed>َفْرَق<tajweed class=madda_permissible>ُو</tajweed>نَ <span class=end>٥٦</span>","End":"٥٦","PageNumber":196,"JuzNumber":10,"ManzilNumber":2,"RukuNumber":162,"MaqraNumber":78,"HizbNumber":20,"HizbDecimal":0.25,"HasSajda":false},{"SurahNumber":9,"SurahIndex":"009","VerseNumber":57,"ShowSurahName":false,"ShowBismillah":false,"Text":"لَوۡ يَجِدُونَ مَلۡجَـًٔا أَوۡ مَغَٰرَٰتٍ أَوۡ مُدَّخَلٗا لَّوَلَّوۡاْ إِلَيۡهِ وَهُمۡ يَجۡمَحُونَ","TajweedText":"لَوْ يَجِدُونَ مَلْجَــًٔا أَوْ مَغَ<tajweed class=madda_normal>ـٰ</tajweed>ر<tajweed class=madda_normal>َٲ</tajweed>تٍ أَوْ مُدَّخَل<tajweed class=idgham_wo_ghunnah>اً ل</tajweed>َّوَلَّوْ<tajweed class=slnt>اْ</tajweed> إِلَيْهِ وَهُمْ يَ<tajweed class=qalaqah>جْ</tajweed>مَح<tajweed class=madda_permissible>ُو</tajweed>نَ <span class=end>٥٧</span>","End":"٥٧","PageNumber":196,"JuzNumber":10,"ManzilNumber":2,"RukuNumber":162,"MaqraNumber":78,"HizbNumber":20,"HizbDecimal":0.25,"HasSajda":false},{"SurahNumber":9,"SurahIndex":"009","VerseNumber":58,"ShowSurahName":false,"ShowBismillah":false,"Text":"وَمِنۡهُم مَّن يَلۡمِزُكَ فِي ٱلصَّدَقَٰتِ فَإِنۡ أُعۡطُواْ مِنۡهَا رَضُواْ وَإِن لَّمۡ يُعۡطَوۡاْ مِنۡهَآ إِذَا هُمۡ يَسۡخَطُونَ","TajweedText":"وَمِنْه<tajweed class=idgham_shafawi>ُم م</tajweed>ّ<tajweed class=idgham_ghunnah>َن ي</tajweed>َلْمِزُكَ فِى <tajweed class=ham_wasl>ٱ</tajweed><tajweed class=laam_shamsiyah>ل</tajweed>صَّدَقَ<tajweed class=madda_normal>ـٰ</tajweed>تِ فَإِنْ أُعْطُو<tajweed class=slnt>اْ</tajweed> مِنْهَا رَضُو<tajweed class=slnt>اْ</tajweed> وَإ<tajweed class=idgham_wo_ghunnah>ِن ل</tajweed>َّمْ يُعْطَوْ<tajweed class=slnt>اْ</tajweed> مِنْه<tajweed class=madda_obligatory>َآ</tajweed> إِذَا هُمْ يَسْخَط<tajweed class=madda_permissible>ُو</tajweed>نَ <span class=end>٥٨</span>","End":"٥٨","PageNumber":196,"JuzNumber":10,"ManzilNumber":2,"RukuNumber":162,"MaqraNumber":78,"HizbNumber":20,"HizbDecimal":0.25,"HasSajda":false},{"SurahNumber":9,"SurahIndex":"009","VerseNumber":59,"ShowSurahName":false,"ShowBismillah":false,"Text":"وَلَوۡ أَنَّهُمۡ رَضُواْ مَآ ءَاتَىٰهُمُ ٱللَّهُ وَرَسُولُهُۥ وَقَالُواْ حَسۡبُنَا ٱللَّهُ سَيُؤۡتِينَا ٱللَّهُ مِن فَضۡلِهِۦ وَرَسُولُهُۥٓ إِنَّآ إِلَى ٱللَّهِ رَٰغِبُونَ","TajweedText":"وَلَوْ أَ<tajweed class=ghunnah>نّ</tajweed>َهُمْ رَضُو<tajweed class=slnt>اْ</tajweed> م<tajweed class=madda_obligatory>َآ</tajweed> ءَاتَ<tajweed class=madda_normal>ـٰ</tajweed>هُمُ <tajweed class=ham_wasl>ٱ</tajweed>للَّهُ وَرَسُولُهُ<tajweed class=madda_normal>ۥ</tajweed> وَقَالُو<tajweed class=slnt>اْ</tajweed> حَسْبُنَا <tajweed class=ham_wasl>ٱ</tajweed>للَّهُ سَيُؤْتِينَا <tajweed class=ham_wasl>ٱ</tajweed>للَّهُ مِ<tajweed class=ikhafa>ن ف</tajweed>َضْلِه<tajweed class=madda_normal>ِۦ</tajweed> وَرَسُولُهُ<tajweed class=madda_obligatory>ۥٓ</tajweed> إِ<tajweed class=ghunnah>نّ</tajweed><tajweed class=madda_obligatory>َآ</tajweed> إِلَى <tajweed class=ham_wasl>ٱ</tajweed>للَّهِ ر<tajweed class=madda_normal>َٲ</tajweed>غِب<tajweed class=madda_permissible>ُو</tajweed>نَ <span class=end>٥٩</span>","End":"٥٩","PageNumber":196,"JuzNumber":10,"ManzilNumber":2,"RukuNumber":162,"MaqraNumber":78,"HizbNumber":20,"HizbDecimal":0.25,"HasSajda":false}]}