{"RukuNumber":161,"Verses":[{"SurahNumber":9,"SurahIndex":"009","VerseNumber":38,"ShowSurahName":false,"ShowBismillah":false,"Text":"يَـٰٓأَيُّهَا ٱلَّذِينَ ءَامَنُواْ مَا لَكُمۡ إِذَا قِيلَ لَكُمُ ٱنفِرُواْ فِي سَبِيلِ ٱللَّهِ ٱثَّاقَلۡتُمۡ إِلَى ٱلۡأَرۡضِۚ أَرَضِيتُم بِٱلۡحَيَوٰةِ ٱلدُّنۡيَا مِنَ ٱلۡأٓخِرَةِۚ فَمَا مَتَٰعُ ٱلۡحَيَوٰةِ ٱلدُّنۡيَا فِي ٱلۡأٓخِرَةِ إِلَّا قَلِيلٌ","TajweedText":"يَ<tajweed class=madda_obligatory>ـٰٓ</tajweed>أَيُّهَا <tajweed class=ham_wasl>ٱ</tajweed>لَّذِينَ ءَامَنُو<tajweed class=slnt>اْ</tajweed> مَا لَكُمْ إِذَا قِيلَ لَكُمُ <tajweed class=ham_wasl>ٱ</tajweed><tajweed class=ikhafa>نف</tajweed>ِرُو<tajweed class=slnt>اْ</tajweed> فِى سَبِيلِ <tajweed class=ham_wasl>ٱ</tajweed>للَّهِ <tajweed class=ham_wasl>ٱ</tajweed>ثَّاقَلْتُمْ إِلَى <tajweed class=ham_wasl>ٱ</tajweed>لْأَرْضِ‌ۚ أَرَضِيت<tajweed class=ikhafa_shafawi>ُم ب</tajweed>ِ<tajweed class=ham_wasl>ٱ</tajweed>لْحَيَ<tajweed class=slnt>و</tajweed><tajweed class=madda_normal>ٲ</tajweed>ةِ <tajweed class=ham_wasl>ٱ</tajweed><tajweed class=laam_shamsiyah>ل</tajweed>دُّنْيَا مِنَ <tajweed class=ham_wasl>ٱ</tajweed>لْأَخِرَةِ‌ۚ فَمَا مَتَ<tajweed class=madda_normal>ـٰ</tajweed>عُ <tajweed class=ham_wasl>ٱ</tajweed>لْحَيَ<tajweed class=slnt>و</tajweed><tajweed class=madda_normal>ٲ</tajweed>ةِ <tajweed class=ham_wasl>ٱ</tajweed><tajweed class=laam_shamsiyah>ل</tajweed>دُّنْيَا فِى <tajweed class=ham_wasl>ٱ</tajweed>لْأَخِرَةِ إِلَّا قَل<tajweed class=madda_permissible>ِي</tajweed>لٌ <span class=end>٣٨</span>","End":"٣٨","PageNumber":193,"JuzNumber":10,"ManzilNumber":2,"RukuNumber":161,"MaqraNumber":77,"HizbNumber":20,"HizbDecimal":0.0,"HasSajda":false},{"SurahNumber":9,"SurahIndex":"009","VerseNumber":39,"ShowSurahName":false,"ShowBismillah":false,"Text":"إِلَّا تَنفِرُواْ يُعَذِّبۡكُمۡ عَذَابًا أَلِيمٗا وَيَسۡتَبۡدِلۡ قَوۡمًا غَيۡرَكُمۡ وَلَا تَضُرُّوهُ شَيۡـٔٗاۗ وَٱللَّهُ عَلَىٰ كُلِّ شَيۡءٖ قَدِيرٌ","TajweedText":"إِلَّا تَ<tajweed class=ikhafa>نف</tajweed>ِرُو<tajweed class=slnt>اْ</tajweed> يُعَذِّ<tajweed class=qalaqah>بْ</tajweed>كُمْ عَذَابًا أَلِي<tajweed class=idgham_ghunnah>مًا و</tajweed>َيَسْتَ<tajweed class=qalaqah>بْ</tajweed>دِلْ قَوْمًا غَيْرَكُمْ وَلَا تَضُرُّوهُ شَيْـ<tajweed class=idgham_ghunnah>ـًٔا‌ۗ و</tajweed>َ<tajweed class=ham_wasl>ٱ</tajweed>للَّهُ عَلَىٰ كُلِّ ش<tajweed class=ikhafa>َىْءٍ ق</tajweed>َد<tajweed class=madda_permissible>ِي</tajweed>رٌ <span class=end>٣٩</span>","End":"٣٩","PageNumber":193,"JuzNumber":10,"ManzilNumber":2,"RukuNumber":161,"MaqraNumber":77,"HizbNumber":20,"HizbDecimal":0.0,"HasSajda":false},{"SurahNumber":9,"SurahIndex":"009","VerseNumber":40,"ShowSurahName":false,"ShowBismillah":false,"Text":"إِلَّا تَنصُرُوهُ فَقَدۡ نَصَرَهُ ٱللَّهُ إِذۡ أَخۡرَجَهُ ٱلَّذِينَ كَفَرُواْ ثَانِيَ ٱثۡنَيۡنِ إِذۡ هُمَا فِي ٱلۡغَارِ إِذۡ يَقُولُ لِصَٰحِبِهِۦ لَا تَحۡزَنۡ إِنَّ ٱللَّهَ مَعَنَاۖ فَأَنزَلَ ٱللَّهُ سَكِينَتَهُۥ عَلَيۡهِ وَأَيَّدَهُۥ بِجُنُودٖ لَّمۡ تَرَوۡهَا وَجَعَلَ كَلِمَةَ ٱلَّذِينَ كَفَرُواْ ٱلسُّفۡلَىٰۗ وَكَلِمَةُ ٱللَّهِ هِيَ ٱلۡعُلۡيَاۗ وَٱللَّهُ عَزِيزٌ حَكِيمٌ","TajweedText":"إِلَّا تَ<tajweed class=ikhafa>نص</tajweed>ُرُوهُ فَقَ<tajweed class=qalaqah>دْ</tajweed> نَصَرَهُ <tajweed class=ham_wasl>ٱ</tajweed>للَّهُ إِذْ أَخْرَجَهُ <tajweed class=ham_wasl>ٱ</tajweed>لَّذِينَ كَفَرُو<tajweed class=slnt>اْ</tajweed> ثَانِىَ <tajweed class=ham_wasl>ٱ</tajweed>ثْنَيْنِ إِذْ هُمَا فِى <tajweed class=ham_wasl>ٱ</tajweed>لْغَارِ إِذْ يَقُولُ لِصَ<tajweed class=madda_normal>ـٰ</tajweed>حِبِه<tajweed class=madda_normal>ِۦ</tajweed> لَا تَحْزَنْ إِ<tajweed class=ghunnah>نّ</tajweed>َ <tajweed class=ham_wasl>ٱ</tajweed>للَّهَ مَعَنَا‌ۖ فَأَ<tajweed class=ikhafa>نز</tajweed>َلَ <tajweed class=ham_wasl>ٱ</tajweed>للَّهُ سَكِينَتَهُ<tajweed class=madda_normal>ۥ</tajweed> عَلَيْهِ وَأَيَّدَهُ<tajweed class=madda_normal>ۥ</tajweed> بِجُنُو<tajweed class=idgham_wo_ghunnah>دٍ ل</tajweed>َّمْ تَرَوْهَا وَجَعَلَ كَلِمَةَ <tajweed class=ham_wasl>ٱ</tajweed>لَّذِينَ كَفَرُو<tajweed class=slnt>اْ</tajweed> <tajweed class=ham_wasl>ٱ</tajweed><tajweed class=laam_shamsiyah>ل</tajweed>سُّفْلَىٰ‌ۗ وَكَلِمَةُ <tajweed class=ham_wasl>ٱ</tajweed>للَّهِ هِىَ <tajweed class=ham_wasl>ٱ</tajweed>لْعُلْيَا‌ۗ وَ<tajweed class=ham_wasl>ٱ</tajweed>للَّهُ عَزِيزٌ حَك<tajweed class=madda_permissible>ِي</tajweed>مٌ <span class=end>٤٠</span>","End":"٤٠","PageNumber":193,"JuzNumber":10,"ManzilNumber":2,"RukuNumber":161,"MaqraNumber":77,"HizbNumber":20,"HizbDecimal":0.0,"HasSajda":false},{"SurahNumber":9,"SurahIndex":"009","VerseNumber":41,"ShowSurahName":false,"ShowBismillah":false,"Text":"ٱنفِرُواْ خِفَافٗا وَثِقَالٗا وَجَٰهِدُواْ بِأَمۡوَٰلِكُمۡ وَأَنفُسِكُمۡ فِي سَبِيلِ ٱللَّهِۚ ذَٰلِكُمۡ خَيۡرٞ لَّكُمۡ إِن كُنتُمۡ تَعۡلَمُونَ","TajweedText":"ٱ<tajweed class=ikhafa>نف</tajweed>ِرُو<tajweed class=slnt>اْ</tajweed> خِفَا<tajweed class=idgham_ghunnah>فًا و</tajweed>َثِقَال<tajweed class=idgham_ghunnah>اً و</tajweed>َجَ<tajweed class=madda_normal>ـٰ</tajweed>هِدُو<tajweed class=slnt>اْ</tajweed> بِأَمْو<tajweed class=madda_normal>َٲ</tajweed>لِكُمْ وَأَ<tajweed class=ikhafa>نف</tajweed>ُسِكُمْ فِى سَبِيلِ <tajweed class=ham_wasl>ٱ</tajweed>للَّهِ‌ۚ ذ<tajweed class=madda_normal>َٲ</tajweed>لِكُمْ خَيْ<tajweed class=idgham_wo_ghunnah>رٌ ل</tajweed>َّكُمْ إِ<tajweed class=ikhafa>ن ك</tajweed>ُ<tajweed class=ikhafa>نت</tajweed>ُمْ تَعْلَم<tajweed class=madda_permissible>ُو</tajweed>نَ <span class=end>٤١</span>","End":"٤١","PageNumber":194,"JuzNumber":10,"ManzilNumber":2,"RukuNumber":161,"MaqraNumber":77,"HizbNumber":20,"HizbDecimal":0.0,"HasSajda":false},{"SurahNumber":9,"SurahIndex":"009","VerseNumber":42,"ShowSurahName":false,"ShowBismillah":false,"Text":"لَوۡ كَانَ عَرَضٗا قَرِيبٗا وَسَفَرٗا قَاصِدٗا لَّٱتَّبَعُوكَ وَلَٰكِنۢ بَعُدَتۡ عَلَيۡهِمُ ٱلشُّقَّةُۚ وَسَيَحۡلِفُونَ بِٱللَّهِ لَوِ ٱسۡتَطَعۡنَا لَخَرَجۡنَا مَعَكُمۡ يُهۡلِكُونَ أَنفُسَهُمۡ وَٱللَّهُ يَعۡلَمُ إِنَّهُمۡ لَكَٰذِبُونَ","TajweedText":"لَوْ كَانَ عَرَ<tajweed class=ikhafa>ضًا ق</tajweed>َرِي<tajweed class=idgham_ghunnah>بًا و</tajweed>َسَفَ<tajweed class=ikhafa>رًا ق</tajweed>َاصِ<tajweed class=idgham_wo_ghunnah>دًا ل</tajweed>َّ<tajweed class=ham_wasl>ٱ</tajweed>تَّبَعُوكَ وَلَ<tajweed class=madda_normal>ـٰ</tajweed>ك<tajweed class=iqlab>ِنۢ ب</tajweed>َعُدَتْ عَلَيْهِمُ <tajweed class=ham_wasl>ٱ</tajweed><tajweed class=laam_shamsiyah>ل</tajweed>شُّقَّةُ‌ۚ وَسَيَحْلِفُونَ بِ<tajweed class=ham_wasl>ٱ</tajweed>للَّهِ لَوِ <tajweed class=ham_wasl>ٱ</tajweed>سْتَطَعْنَا لَخَرَ<tajweed class=qalaqah>جْ</tajweed>نَا مَعَكُمْ يُهْلِكُونَ أَ<tajweed class=ikhafa>نف</tajweed>ُسَهُمْ وَ<tajweed class=ham_wasl>ٱ</tajweed>للَّهُ يَعْلَمُ إِ<tajweed class=ghunnah>نّ</tajweed>َهُمْ لَكَ<tajweed class=madda_normal>ـٰ</tajweed>ذِب<tajweed class=madda_permissible>ُو</tajweed>نَ <span class=end>٤٢</span>","End":"٤٢","PageNumber":194,"JuzNumber":10,"ManzilNumber":2,"RukuNumber":161,"MaqraNumber":77,"HizbNumber":20,"HizbDecimal":0.0,"HasSajda":false}]}