{"RukuNumber":447,"Verses":[{"SurahNumber":48,"SurahIndex":"048","VerseNumber":11,"ShowSurahName":false,"ShowBismillah":false,"Text":"سَيَقُولُ لَكَ ٱلۡمُخَلَّفُونَ مِنَ ٱلۡأَعۡرَابِ شَغَلَتۡنَآ أَمۡوَٰلُنَا وَأَهۡلُونَا فَٱسۡتَغۡفِرۡ لَنَاۚ يَقُولُونَ بِأَلۡسِنَتِهِم مَّا لَيۡسَ فِي قُلُوبِهِمۡۚ قُلۡ فَمَن يَمۡلِكُ لَكُم مِّنَ ٱللَّهِ شَيۡـًٔا إِنۡ أَرَادَ بِكُمۡ ضَرًّا أَوۡ أَرَادَ بِكُمۡ نَفۡعَۢاۚ بَلۡ كَانَ ٱللَّهُ بِمَا تَعۡمَلُونَ خَبِيرَۢا","TajweedText":"سَيَقُولُ لَكَ <tajweed class=ham_wasl>ٱ</tajweed>لْمُخَلَّفُونَ مِنَ <tajweed class=ham_wasl>ٱ</tajweed>لْأَعْرَابِ شَغَلَتْن<tajweed class=madda_obligatory>َآ</tajweed> أَمْو<tajweed class=madda_normal>َٲ</tajweed>لُنَا وَأَهْلُونَا فَ<tajweed class=ham_wasl>ٱ</tajweed>سْتَغْفِرْ لَنَا‌ۚ يَقُولُونَ بِأَلْسِنَتِه<tajweed class=idgham_shafawi>ِم م</tajweed>َّا لَيْسَ فِى قُلُوبِهِمْ‌ۚ قُلْ فَم<tajweed class=idgham_ghunnah>َن ي</tajweed>َمْلِكُ لَك<tajweed class=idgham_shafawi>ُم م</tajweed>ِّنَ <tajweed class=ham_wasl>ٱ</tajweed>للَّهِ شَيْــًٔا إِنْ أَرَادَ بِكُمْ ضَرًّا أَوْ أَرَادَ بِكُمْ نَفْع<tajweed class=iqlab>َۢا‌ۚ ب</tajweed>َلْ كَانَ <tajweed class=ham_wasl>ٱ</tajweed>للَّهُ بِمَا تَعْمَلُونَ خَبِيرَۢا <span class=end>١١</span>","End":"١١","PageNumber":512,"JuzNumber":26,"ManzilNumber":6,"RukuNumber":447,"MaqraNumber":204,"HizbNumber":51,"HizbDecimal":0.75,"HasSajda":false},{"SurahNumber":48,"SurahIndex":"048","VerseNumber":12,"ShowSurahName":false,"ShowBismillah":false,"Text":"بَلۡ ظَنَنتُمۡ أَن لَّن يَنقَلِبَ ٱلرَّسُولُ وَٱلۡمُؤۡمِنُونَ إِلَىٰٓ أَهۡلِيهِمۡ أَبَدٗا وَزُيِّنَ ذَٰلِكَ فِي قُلُوبِكُمۡ وَظَنَنتُمۡ ظَنَّ ٱلسَّوۡءِ وَكُنتُمۡ قَوۡمَۢا بُورٗا","TajweedText":"بَلْ ظَنَ<tajweed class=ikhafa>نت</tajweed>ُمْ أ<tajweed class=idgham_wo_ghunnah>َن ل</tajweed>ّ<tajweed class=idgham_ghunnah>َن ي</tajweed>َ<tajweed class=ikhafa>نق</tajweed>َلِبَ <tajweed class=ham_wasl>ٱ</tajweed><tajweed class=laam_shamsiyah>ل</tajweed>رَّسُولُ وَ<tajweed class=ham_wasl>ٱ</tajweed>لْمُؤْمِنُونَ إِلَ<tajweed class=madda_obligatory>ىٰٓ</tajweed> أَهْلِيهِمْ أَبَ<tajweed class=idgham_ghunnah>دًا و</tajweed>َزُيِّنَ ذ<tajweed class=madda_normal>َٲ</tajweed>لِكَ فِى قُلُوبِكُمْ وَظَنَ<tajweed class=ikhafa>نت</tajweed>ُمْ ظَ<tajweed class=ghunnah>نّ</tajweed>َ <tajweed class=ham_wasl>ٱ</tajweed><tajweed class=laam_shamsiyah>ل</tajweed>سَّوْءِ وَكُ<tajweed class=ikhafa>نت</tajweed>ُمْ قَوْم<tajweed class=iqlab>َۢا ب</tajweed>ُورًا <span class=end>١٢</span>","End":"١٢","PageNumber":512,"JuzNumber":26,"ManzilNumber":6,"RukuNumber":447,"MaqraNumber":204,"HizbNumber":51,"HizbDecimal":0.75,"HasSajda":false},{"SurahNumber":48,"SurahIndex":"048","VerseNumber":13,"ShowSurahName":false,"ShowBismillah":false,"Text":"وَمَن لَّمۡ يُؤۡمِنۢ بِٱللَّهِ وَرَسُولِهِۦ فَإِنَّآ أَعۡتَدۡنَا لِلۡكَٰفِرِينَ سَعِيرٗا","TajweedText":"وَم<tajweed class=idgham_wo_ghunnah>َن ل</tajweed>َّمْ يُؤْم<tajweed class=iqlab>ِنۢ ب</tajweed>ِ<tajweed class=ham_wasl>ٱ</tajweed>للَّهِ وَرَسُولِه<tajweed class=madda_normal>ِۦ</tajweed> فَإِ<tajweed class=ghunnah>نّ</tajweed><tajweed class=madda_obligatory>َآ</tajweed> أَعْتَ<tajweed class=qalaqah>دْ</tajweed>نَا لِلْكَ<tajweed class=madda_normal>ـٰ</tajweed>فِرِينَ سَعِيرًا <span class=end>١٣</span>","End":"١٣","PageNumber":512,"JuzNumber":26,"ManzilNumber":6,"RukuNumber":447,"MaqraNumber":204,"HizbNumber":51,"HizbDecimal":0.75,"HasSajda":false},{"SurahNumber":48,"SurahIndex":"048","VerseNumber":14,"ShowSurahName":false,"ShowBismillah":false,"Text":"وَلِلَّهِ مُلۡكُ ٱلسَّمَٰوَٰتِ وَٱلۡأَرۡضِۚ يَغۡفِرُ لِمَن يَشَآءُ وَيُعَذِّبُ مَن يَشَآءُۚ وَكَانَ ٱللَّهُ غَفُورٗا رَّحِيمٗا","TajweedText":"وَلِلَّهِ مُلْكُ <tajweed class=ham_wasl>ٱ</tajweed><tajweed class=laam_shamsiyah>ل</tajweed>سَّمَ<tajweed class=madda_normal>ـٰ</tajweed>و<tajweed class=madda_normal>َٲ</tajweed>تِ وَ<tajweed class=ham_wasl>ٱ</tajweed>لْأَرْضِ‌ۚ يَغْفِرُ لِم<tajweed class=idgham_ghunnah>َن ي</tajweed>َش<tajweed class=madda_obligatory>َا</tajweed>ٓءُ وَيُعَذِّبُ م<tajweed class=idgham_ghunnah>َن ي</tajweed>َش<tajweed class=madda_obligatory>َا</tajweed>ٓءُ‌ۚ وَكَانَ <tajweed class=ham_wasl>ٱ</tajweed>للَّهُ غَفُو<tajweed class=idgham_wo_ghunnah>رًا ر</tajweed>َّحِيمًا <span class=end>١٤</span>","End":"١٤","PageNumber":512,"JuzNumber":26,"ManzilNumber":6,"RukuNumber":447,"MaqraNumber":204,"HizbNumber":51,"HizbDecimal":0.75,"HasSajda":false},{"SurahNumber":48,"SurahIndex":"048","VerseNumber":15,"ShowSurahName":false,"ShowBismillah":false,"Text":"سَيَقُولُ ٱلۡمُخَلَّفُونَ إِذَا ٱنطَلَقۡتُمۡ إِلَىٰ مَغَانِمَ لِتَأۡخُذُوهَا ذَرُونَا نَتَّبِعۡكُمۡۖ يُرِيدُونَ أَن يُبَدِّلُواْ كَلَٰمَ ٱللَّهِۚ قُل لَّن تَتَّبِعُونَا كَذَٰلِكُمۡ قَالَ ٱللَّهُ مِن قَبۡلُۖ فَسَيَقُولُونَ بَلۡ تَحۡسُدُونَنَاۚ بَلۡ كَانُواْ لَا يَفۡقَهُونَ إِلَّا قَلِيلٗا","TajweedText":"سَيَقُولُ <tajweed class=ham_wasl>ٱ</tajweed>لْمُخَلَّفُونَ إِذَا <tajweed class=ham_wasl>ٱ</tajweed><tajweed class=ikhafa>نط</tajweed>َلَ<tajweed class=qalaqah>قْ</tajweed>تُمْ إِلَىٰ مَغَانِمَ لِتَأْخُذُوهَا ذَرُونَا نَتَّبِعْكُمْ‌ۖ يُرِيدُونَ أ<tajweed class=idgham_ghunnah>َن ي</tajweed>ُبَدِّلُو<tajweed class=slnt>اْ</tajweed> كَلَ<tajweed class=madda_normal>ـٰ</tajweed>مَ <tajweed class=ham_wasl>ٱ</tajweed>للَّهِ‌ۚ قُل لَّ<tajweed class=ikhafa>ن ت</tajweed>َتَّبِعُونَا كَذ<tajweed class=madda_normal>َٲ</tajweed>لِكُمْ قَالَ <tajweed class=ham_wasl>ٱ</tajweed>للَّهُ مِ<tajweed class=ikhafa>ن ق</tajweed>َ<tajweed class=qalaqah>بْ</tajweed>لُ‌ۖ فَسَيَقُولُونَ بَلْ تَحْسُدُونَنَا‌ۚ بَلْ كَانُو<tajweed class=slnt>اْ</tajweed> لَا يَفْقَهُونَ إِلَّا قَلِيلاً <span class=end>١٥</span>","End":"١٥","PageNumber":512,"JuzNumber":26,"ManzilNumber":6,"RukuNumber":447,"MaqraNumber":204,"HizbNumber":51,"HizbDecimal":0.75,"HasSajda":false},{"SurahNumber":48,"SurahIndex":"048","VerseNumber":16,"ShowSurahName":false,"ShowBismillah":false,"Text":"قُل لِّلۡمُخَلَّفِينَ مِنَ ٱلۡأَعۡرَابِ سَتُدۡعَوۡنَ إِلَىٰ قَوۡمٍ أُوْلِي بَأۡسٖ شَدِيدٖ تُقَٰتِلُونَهُمۡ أَوۡ يُسۡلِمُونَۖ فَإِن تُطِيعُواْ يُؤۡتِكُمُ ٱللَّهُ أَجۡرًا حَسَنٗاۖ وَإِن تَتَوَلَّوۡاْ كَمَا تَوَلَّيۡتُم مِّن قَبۡلُ يُعَذِّبۡكُمۡ عَذَابًا أَلِيمٗا","TajweedText":"قُل لِّلْمُخَلَّفِينَ مِنَ <tajweed class=ham_wasl>ٱ</tajweed>لْأَعْرَابِ سَتُ<tajweed class=qalaqah>دْ</tajweed>عَوْنَ إِلَىٰ قَوْمٍ أُ<tajweed class=slnt>وْ</tajweed>لِى بَأْ<tajweed class=ikhafa>سٍ ش</tajweed>َدِي<tajweed class=ikhafa>دٍ ت</tajweed>ُقَ<tajweed class=madda_normal>ـٰ</tajweed>تِلُونَهُمْ أَوْ يُسْلِمُونَ‌ۖ فَإِ<tajweed class=ikhafa>ن ت</tajweed>ُطِيعُو<tajweed class=slnt>اْ</tajweed> يُؤْتِكُمُ <tajweed class=ham_wasl>ٱ</tajweed>للَّهُ أَ<tajweed class=qalaqah>جْ</tajweed>رًا حَسَ<tajweed class=idgham_ghunnah>نًا‌ۖ و</tajweed>َإِ<tajweed class=ikhafa>ن ت</tajweed>َتَوَلَّوْ<tajweed class=slnt>اْ</tajweed> كَمَا تَوَلَّيْت<tajweed class=idgham_shafawi>ُم م</tajweed>ِّ<tajweed class=ikhafa>ن ق</tajweed>َ<tajweed class=qalaqah>بْ</tajweed>لُ يُعَذِّ<tajweed class=qalaqah>بْ</tajweed>كُمْ عَذَابًا أَلِيمًا <span class=end>١٦</span>","End":"١٦","PageNumber":513,"JuzNumber":26,"ManzilNumber":6,"RukuNumber":447,"MaqraNumber":204,"HizbNumber":51,"HizbDecimal":0.75,"HasSajda":false},{"SurahNumber":48,"SurahIndex":"048","VerseNumber":17,"ShowSurahName":false,"ShowBismillah":false,"Text":"لَّيۡسَ عَلَى ٱلۡأَعۡمَىٰ حَرَجٞ وَلَا عَلَى ٱلۡأَعۡرَجِ حَرَجٞ وَلَا عَلَى ٱلۡمَرِيضِ حَرَجٞۗ وَمَن يُطِعِ ٱللَّهَ وَرَسُولَهُۥ يُدۡخِلۡهُ جَنَّـٰتٖ تَجۡرِي مِن تَحۡتِهَا ٱلۡأَنۡهَٰرُۖ وَمَن يَتَوَلَّ يُعَذِّبۡهُ عَذَابًا أَلِيمٗا","TajweedText":"لَّيْسَ عَلَى <tajweed class=ham_wasl>ٱ</tajweed>لْأَعْمَىٰ حَرَ<tajweed class=idgham_ghunnah>جٌ و</tajweed>َلَا عَلَى <tajweed class=ham_wasl>ٱ</tajweed>لْأَعْرَجِ حَرَ<tajweed class=idgham_ghunnah>جٌ و</tajweed>َلَا عَلَى <tajweed class=ham_wasl>ٱ</tajweed>لْمَرِيضِ حَرَ<tajweed class=idgham_ghunnah>جٌ‌ۗ و</tajweed>َم<tajweed class=idgham_ghunnah>َن ي</tajweed>ُطِعِ <tajweed class=ham_wasl>ٱ</tajweed>للَّهَ وَرَسُولَهُ<tajweed class=madda_normal>ۥ</tajweed> يُ<tajweed class=qalaqah>دْ</tajweed>خِلْهُ جَ<tajweed class=ghunnah>نّ</tajweed>َ<tajweed class=madda_normal>ـٰ</tajweed><tajweed class=ikhafa>تٍ ت</tajweed>َ<tajweed class=qalaqah>جْ</tajweed>رِى مِ<tajweed class=ikhafa>ن ت</tajweed>َحْتِهَا <tajweed class=ham_wasl>ٱ</tajweed>لْأَنْهَ<tajweed class=madda_normal>ـٰ</tajweed>رُ‌ۖ وَم<tajweed class=idgham_ghunnah>َن ي</tajweed>َتَوَلَّ يُعَذِّ<tajweed class=qalaqah>بْ</tajweed>هُ عَذَابًا أَلِيمًا <span class=end>١٧</span>","End":"١٧","PageNumber":513,"JuzNumber":26,"ManzilNumber":6,"RukuNumber":447,"MaqraNumber":204,"HizbNumber":51,"HizbDecimal":0.75,"HasSajda":false}]}