{"RukuNumber":518,"Verses":[{"SurahNumber":78,"SurahIndex":"078","VerseNumber":1,"ShowSurahName":true,"ShowBismillah":true,"Text":"عَمَّ يَتَسَآءَلُونَ","TajweedText":"عَ<tajweed class=ghunnah>مّ</tajweed>َ يَتَس<tajweed class=madda_obligatory>َا</tajweed>ٓءَل<tajweed class=madda_permissible>ُو</tajweed>نَ <span class=end>١</span>","End":"١","PageNumber":582,"JuzNumber":30,"ManzilNumber":7,"RukuNumber":518,"MaqraNumber":233,"HizbNumber":59,"HizbDecimal":0.0,"HasSajda":false},{"SurahNumber":78,"SurahIndex":"078","VerseNumber":2,"ShowSurahName":false,"ShowBismillah":false,"Text":"عَنِ ٱلنَّبَإِ ٱلۡعَظِيمِ","TajweedText":"عَنِ <tajweed class=ham_wasl>ٱ</tajweed><tajweed class=laam_shamsiyah>ل</tajweed><tajweed class=ghunnah>نّ</tajweed>َبَإِ <tajweed class=ham_wasl>ٱ</tajweed>لْعَظ<tajweed class=madda_permissible>ِي</tajweed>مِ <span class=end>٢</span>","End":"٢","PageNumber":582,"JuzNumber":30,"ManzilNumber":7,"RukuNumber":518,"MaqraNumber":233,"HizbNumber":59,"HizbDecimal":0.0,"HasSajda":false},{"SurahNumber":78,"SurahIndex":"078","VerseNumber":3,"ShowSurahName":false,"ShowBismillah":false,"Text":"ٱلَّذِي هُمۡ فِيهِ مُخۡتَلِفُونَ","TajweedText":"ٱلَّذِى هُمْ فِيهِ مُخْتَلِف<tajweed class=madda_permissible>ُو</tajweed>نَ <span class=end>٣</span>","End":"٣","PageNumber":582,"JuzNumber":30,"ManzilNumber":7,"RukuNumber":518,"MaqraNumber":233,"HizbNumber":59,"HizbDecimal":0.0,"HasSajda":false},{"SurahNumber":78,"SurahIndex":"078","VerseNumber":4,"ShowSurahName":false,"ShowBismillah":false,"Text":"كَلَّا سَيَعۡلَمُونَ","TajweedText":"كَلَّا سَيَعْلَم<tajweed class=madda_permissible>ُو</tajweed>نَ <span class=end>٤</span>","End":"٤","PageNumber":582,"JuzNumber":30,"ManzilNumber":7,"RukuNumber":518,"MaqraNumber":233,"HizbNumber":59,"HizbDecimal":0.0,"HasSajda":false},{"SurahNumber":78,"SurahIndex":"078","VerseNumber":5,"ShowSurahName":false,"ShowBismillah":false,"Text":"ثُمَّ كَلَّا سَيَعۡلَمُونَ","TajweedText":"ثُ<tajweed class=ghunnah>مّ</tajweed>َ كَلَّا سَيَعْلَم<tajweed class=madda_permissible>ُو</tajweed>نَ <span class=end>٥</span>","End":"٥","PageNumber":582,"JuzNumber":30,"ManzilNumber":7,"RukuNumber":518,"MaqraNumber":233,"HizbNumber":59,"HizbDecimal":0.0,"HasSajda":false},{"SurahNumber":78,"SurahIndex":"078","VerseNumber":6,"ShowSurahName":false,"ShowBismillah":false,"Text":"أَلَمۡ نَجۡعَلِ ٱلۡأَرۡضَ مِهَٰدٗا","TajweedText":"أَلَمْ نَ<tajweed class=qalaqah>جْ</tajweed>عَلِ <tajweed class=ham_wasl>ٱ</tajweed>لْأَرْضَ مِهَ<tajweed class=madda_normal>ـٰ</tajweed>دًا <span class=end>٦</span>","End":"٦","PageNumber":582,"JuzNumber":30,"ManzilNumber":7,"RukuNumber":518,"MaqraNumber":233,"HizbNumber":59,"HizbDecimal":0.0,"HasSajda":false},{"SurahNumber":78,"SurahIndex":"078","VerseNumber":7,"ShowSurahName":false,"ShowBismillah":false,"Text":"وَٱلۡجِبَالَ أَوۡتَادٗا","TajweedText":"وَ<tajweed class=ham_wasl>ٱ</tajweed>لْجِبَالَ أَوْتَادًا <span class=end>٧</span>","End":"٧","PageNumber":582,"JuzNumber":30,"ManzilNumber":7,"RukuNumber":518,"MaqraNumber":233,"HizbNumber":59,"HizbDecimal":0.0,"HasSajda":false},{"SurahNumber":78,"SurahIndex":"078","VerseNumber":8,"ShowSurahName":false,"ShowBismillah":false,"Text":"وَخَلَقۡنَٰكُمۡ أَزۡوَٰجٗا","TajweedText":"وَخَلَ<tajweed class=qalaqah>قْ</tajweed>نَ<tajweed class=madda_normal>ـٰ</tajweed>كُمْ أَزْو<tajweed class=madda_normal>َٲ</tajweed>جًا <span class=end>٨</span>","End":"٨","PageNumber":582,"JuzNumber":30,"ManzilNumber":7,"RukuNumber":518,"MaqraNumber":233,"HizbNumber":59,"HizbDecimal":0.0,"HasSajda":false},{"SurahNumber":78,"SurahIndex":"078","VerseNumber":9,"ShowSurahName":false,"ShowBismillah":false,"Text":"وَجَعَلۡنَا نَوۡمَكُمۡ سُبَاتٗا","TajweedText":"وَجَعَلْنَا نَوْمَكُمْ سُبَاتًا <span class=end>٩</span>","End":"٩","PageNumber":582,"JuzNumber":30,"ManzilNumber":7,"RukuNumber":518,"MaqraNumber":233,"HizbNumber":59,"HizbDecimal":0.0,"HasSajda":false},{"SurahNumber":78,"SurahIndex":"078","VerseNumber":10,"ShowSurahName":false,"ShowBismillah":false,"Text":"وَجَعَلۡنَا ٱلَّيۡلَ لِبَاسٗا","TajweedText":"وَجَعَلْنَا <tajweed class=ham_wasl>ٱ</tajweed>لَّيْلَ لِبَاسًا <span class=end>١٠</span>","End":"١٠","PageNumber":582,"JuzNumber":30,"ManzilNumber":7,"RukuNumber":518,"MaqraNumber":233,"HizbNumber":59,"HizbDecimal":0.0,"HasSajda":false},{"SurahNumber":78,"SurahIndex":"078","VerseNumber":11,"ShowSurahName":false,"ShowBismillah":false,"Text":"وَجَعَلۡنَا ٱلنَّهَارَ مَعَاشٗا","TajweedText":"وَجَعَلْنَا <tajweed class=ham_wasl>ٱ</tajweed><tajweed class=laam_shamsiyah>ل</tajweed><tajweed class=ghunnah>نّ</tajweed>َهَارَ مَعَاشًا <span class=end>١١</span>","End":"١١","PageNumber":582,"JuzNumber":30,"ManzilNumber":7,"RukuNumber":518,"MaqraNumber":233,"HizbNumber":59,"HizbDecimal":0.0,"HasSajda":false},{"SurahNumber":78,"SurahIndex":"078","VerseNumber":12,"ShowSurahName":false,"ShowBismillah":false,"Text":"وَبَنَيۡنَا فَوۡقَكُمۡ سَبۡعٗا شِدَادٗا","TajweedText":"وَبَنَيْنَا فَوْقَكُمْ سَ<tajweed class=qalaqah>بْ</tajweed><tajweed class=ikhafa>عًا ش</tajweed>ِدَادًا <span class=end>١٢</span>","End":"١٢","PageNumber":582,"JuzNumber":30,"ManzilNumber":7,"RukuNumber":518,"MaqraNumber":233,"HizbNumber":59,"HizbDecimal":0.0,"HasSajda":false},{"SurahNumber":78,"SurahIndex":"078","VerseNumber":13,"ShowSurahName":false,"ShowBismillah":false,"Text":"وَجَعَلۡنَا سِرَاجٗا وَهَّاجٗا","TajweedText":"وَجَعَلْنَا سِرَا<tajweed class=idgham_ghunnah>جًا و</tajweed>َهَّاجًا <span class=end>١٣</span>","End":"١٣","PageNumber":582,"JuzNumber":30,"ManzilNumber":7,"RukuNumber":518,"MaqraNumber":233,"HizbNumber":59,"HizbDecimal":0.0,"HasSajda":false},{"SurahNumber":78,"SurahIndex":"078","VerseNumber":14,"ShowSurahName":false,"ShowBismillah":false,"Text":"وَأَنزَلۡنَا مِنَ ٱلۡمُعۡصِرَٰتِ مَآءٗ ثَجَّاجٗا","TajweedText":"وَأَ<tajweed class=ikhafa>نز</tajweed>َلْنَا مِنَ <tajweed class=ham_wasl>ٱ</tajweed>لْمُعْصِر<tajweed class=madda_normal>َٲ</tajweed>تِ م<tajweed class=madda_obligatory>َا</tajweed>ٓ<tajweed class=ikhafa>ءً ث</tajweed>َجَّاجًا <span class=end>١٤</span>","End":"١٤","PageNumber":582,"JuzNumber":30,"ManzilNumber":7,"RukuNumber":518,"MaqraNumber":233,"HizbNumber":59,"HizbDecimal":0.0,"HasSajda":false},{"SurahNumber":78,"SurahIndex":"078","VerseNumber":15,"ShowSurahName":false,"ShowBismillah":false,"Text":"لِّنُخۡرِجَ بِهِۦ حَبّٗا وَنَبَاتٗا","TajweedText":"لِّنُخْرِجَ بِه<tajweed class=madda_normal>ِۦ</tajweed> حَب<tajweed class=idgham_ghunnah>ًّا و</tajweed>َنَبَاتًا <span class=end>١٥</span>","End":"١٥","PageNumber":582,"JuzNumber":30,"ManzilNumber":7,"RukuNumber":518,"MaqraNumber":233,"HizbNumber":59,"HizbDecimal":0.0,"HasSajda":false},{"SurahNumber":78,"SurahIndex":"078","VerseNumber":16,"ShowSurahName":false,"ShowBismillah":false,"Text":"وَجَنَّـٰتٍ أَلۡفَافًا","TajweedText":"وَجَ<tajweed class=ghunnah>نّ</tajweed>َ<tajweed class=madda_normal>ـٰ</tajweed>تٍ أَلْفَافًا <span class=end>١٦</span>","End":"١٦","PageNumber":582,"JuzNumber":30,"ManzilNumber":7,"RukuNumber":518,"MaqraNumber":233,"HizbNumber":59,"HizbDecimal":0.0,"HasSajda":false},{"SurahNumber":78,"SurahIndex":"078","VerseNumber":17,"ShowSurahName":false,"ShowBismillah":false,"Text":"إِنَّ يَوۡمَ ٱلۡفَصۡلِ كَانَ مِيقَٰتٗا","TajweedText":"إِ<tajweed class=ghunnah>نّ</tajweed>َ يَوْمَ <tajweed class=ham_wasl>ٱ</tajweed>لْفَصْلِ كَانَ مِيقَ<tajweed class=madda_normal>ـٰ</tajweed>تًا <span class=end>١٧</span>","End":"١٧","PageNumber":582,"JuzNumber":30,"ManzilNumber":7,"RukuNumber":518,"MaqraNumber":233,"HizbNumber":59,"HizbDecimal":0.0,"HasSajda":false},{"SurahNumber":78,"SurahIndex":"078","VerseNumber":18,"ShowSurahName":false,"ShowBismillah":false,"Text":"يَوۡمَ يُنفَخُ فِي ٱلصُّورِ فَتَأۡتُونَ أَفۡوَاجٗا","TajweedText":"يَوْمَ يُ<tajweed class=ikhafa>نف</tajweed>َخُ فِى <tajweed class=ham_wasl>ٱ</tajweed><tajweed class=laam_shamsiyah>ل</tajweed>صُّورِ فَتَأْتُونَ أَفْوَاجًا <span class=end>١٨</span>","End":"١٨","PageNumber":582,"JuzNumber":30,"ManzilNumber":7,"RukuNumber":518,"MaqraNumber":233,"HizbNumber":59,"HizbDecimal":0.0,"HasSajda":false},{"SurahNumber":78,"SurahIndex":"078","VerseNumber":19,"ShowSurahName":false,"ShowBismillah":false,"Text":"وَفُتِحَتِ ٱلسَّمَآءُ فَكَانَتۡ أَبۡوَٰبٗا","TajweedText":"وَفُتِحَتِ <tajweed class=ham_wasl>ٱ</tajweed><tajweed class=laam_shamsiyah>ل</tajweed>سَّم<tajweed class=madda_obligatory>َا</tajweed>ٓءُ فَكَانَتْ أَ<tajweed class=qalaqah>بْ</tajweed>و<tajweed class=madda_normal>َٲ</tajweed>بًا <span class=end>١٩</span>","End":"١٩","PageNumber":582,"JuzNumber":30,"ManzilNumber":7,"RukuNumber":518,"MaqraNumber":233,"HizbNumber":59,"HizbDecimal":0.0,"HasSajda":false},{"SurahNumber":78,"SurahIndex":"078","VerseNumber":20,"ShowSurahName":false,"ShowBismillah":false,"Text":"وَسُيِّرَتِ ٱلۡجِبَالُ فَكَانَتۡ سَرَابًا","TajweedText":"وَسُيِّرَتِ <tajweed class=ham_wasl>ٱ</tajweed>لْجِبَالُ فَكَانَتْ سَرَابًا <span class=end>٢٠</span>","End":"٢٠","PageNumber":582,"JuzNumber":30,"ManzilNumber":7,"RukuNumber":518,"MaqraNumber":233,"HizbNumber":59,"HizbDecimal":0.0,"HasSajda":false},{"SurahNumber":78,"SurahIndex":"078","VerseNumber":21,"ShowSurahName":false,"ShowBismillah":false,"Text":"إِنَّ جَهَنَّمَ كَانَتۡ مِرۡصَادٗا","TajweedText":"إِ<tajweed class=ghunnah>نّ</tajweed>َ جَهَ<tajweed class=ghunnah>نّ</tajweed>َمَ كَانَتْ مِرْصَادًا <span class=end>٢١</span>","End":"٢١","PageNumber":582,"JuzNumber":30,"ManzilNumber":7,"RukuNumber":518,"MaqraNumber":233,"HizbNumber":59,"HizbDecimal":0.0,"HasSajda":false},{"SurahNumber":78,"SurahIndex":"078","VerseNumber":22,"ShowSurahName":false,"ShowBismillah":false,"Text":"لِّلطَّـٰغِينَ مَـَٔابٗا","TajweedText":"لِّلطَّ<tajweed class=madda_normal>ـٰ</tajweed>غِينَ مَـَٔـابًا <span class=end>٢٢</span>","End":"٢٢","PageNumber":582,"JuzNumber":30,"ManzilNumber":7,"RukuNumber":518,"MaqraNumber":233,"HizbNumber":59,"HizbDecimal":0.0,"HasSajda":false},{"SurahNumber":78,"SurahIndex":"078","VerseNumber":23,"ShowSurahName":false,"ShowBismillah":false,"Text":"لَّـٰبِثِينَ فِيهَآ أَحۡقَابٗا","TajweedText":"لَّ<tajweed class=madda_normal>ـٰ</tajweed>بِثِينَ فِيه<tajweed class=madda_obligatory>َآ</tajweed> أَحْقَابًا <span class=end>٢٣</span>","End":"٢٣","PageNumber":582,"JuzNumber":30,"ManzilNumber":7,"RukuNumber":518,"MaqraNumber":233,"HizbNumber":59,"HizbDecimal":0.0,"HasSajda":false},{"SurahNumber":78,"SurahIndex":"078","VerseNumber":24,"ShowSurahName":false,"ShowBismillah":false,"Text":"لَّا يَذُوقُونَ فِيهَا بَرۡدٗا وَلَا شَرَابًا","TajweedText":"لَّا يَذُوقُونَ فِيهَا بَرْ<tajweed class=idgham_ghunnah>دًا و</tajweed>َلَا شَرَابًا <span class=end>٢٤</span>","End":"٢٤","PageNumber":582,"JuzNumber":30,"ManzilNumber":7,"RukuNumber":518,"MaqraNumber":233,"HizbNumber":59,"HizbDecimal":0.0,"HasSajda":false},{"SurahNumber":78,"SurahIndex":"078","VerseNumber":25,"ShowSurahName":false,"ShowBismillah":false,"Text":"إِلَّا حَمِيمٗا وَغَسَّاقٗا","TajweedText":"إِلَّا حَمِي<tajweed class=idgham_ghunnah>مًا و</tajweed>َغَسَّاقًا <span class=end>٢٥</span>","End":"٢٥","PageNumber":582,"JuzNumber":30,"ManzilNumber":7,"RukuNumber":518,"MaqraNumber":233,"HizbNumber":59,"HizbDecimal":0.0,"HasSajda":false},{"SurahNumber":78,"SurahIndex":"078","VerseNumber":26,"ShowSurahName":false,"ShowBismillah":false,"Text":"جَزَآءٗ وِفَاقًا","TajweedText":"جَز<tajweed class=madda_obligatory>َا</tajweed>ٓ<tajweed class=idgham_ghunnah>ءً و</tajweed>ِفَاقًا <span class=end>٢٦</span>","End":"٢٦","PageNumber":582,"JuzNumber":30,"ManzilNumber":7,"RukuNumber":518,"MaqraNumber":233,"HizbNumber":59,"HizbDecimal":0.0,"HasSajda":false},{"SurahNumber":78,"SurahIndex":"078","VerseNumber":27,"ShowSurahName":false,"ShowBismillah":false,"Text":"إِنَّهُمۡ كَانُواْ لَا يَرۡجُونَ حِسَابٗا","TajweedText":"إِ<tajweed class=ghunnah>نّ</tajweed>َهُمْ كَانُو<tajweed class=slnt>اْ</tajweed> لَا يَرْجُونَ حِسَابًا <span class=end>٢٧</span>","End":"٢٧","PageNumber":582,"JuzNumber":30,"ManzilNumber":7,"RukuNumber":518,"MaqraNumber":233,"HizbNumber":59,"HizbDecimal":0.0,"HasSajda":false},{"SurahNumber":78,"SurahIndex":"078","VerseNumber":28,"ShowSurahName":false,"ShowBismillah":false,"Text":"وَكَذَّبُواْ بِـَٔايَٰتِنَا كِذَّابٗا","TajweedText":"وَكَذَّبُو<tajweed class=slnt>اْ</tajweed> بِـَٔـايَ<tajweed class=madda_normal>ـٰ</tajweed>تِنَا كِذَّابًا <span class=end>٢٨</span>","End":"٢٨","PageNumber":582,"JuzNumber":30,"ManzilNumber":7,"RukuNumber":518,"MaqraNumber":233,"HizbNumber":59,"HizbDecimal":0.0,"HasSajda":false},{"SurahNumber":78,"SurahIndex":"078","VerseNumber":29,"ShowSurahName":false,"ShowBismillah":false,"Text":"وَكُلَّ شَيۡءٍ أَحۡصَيۡنَٰهُ كِتَٰبٗا","TajweedText":"وَكُلَّ شَىْءٍ أَحْصَيْنَ<tajweed class=madda_normal>ـٰ</tajweed>هُ كِتَ<tajweed class=madda_normal>ـٰ</tajweed>بًا <span class=end>٢٩</span>","End":"٢٩","PageNumber":582,"JuzNumber":30,"ManzilNumber":7,"RukuNumber":518,"MaqraNumber":233,"HizbNumber":59,"HizbDecimal":0.0,"HasSajda":false},{"SurahNumber":78,"SurahIndex":"078","VerseNumber":30,"ShowSurahName":false,"ShowBismillah":false,"Text":"فَذُوقُواْ فَلَن نَّزِيدَكُمۡ إِلَّا عَذَابًا","TajweedText":"فَذُوقُو<tajweed class=slnt>اْ</tajweed> فَل<tajweed class=idgham_ghunnah>َن ن</tajweed>َّزِيدَكُمْ إِلَّا عَذَابًا <span class=end>٣٠</span>","End":"٣٠","PageNumber":582,"JuzNumber":30,"ManzilNumber":7,"RukuNumber":518,"MaqraNumber":233,"HizbNumber":59,"HizbDecimal":0.0,"HasSajda":false}]}