{"RukuNumber":477,"Verses":[{"SurahNumber":58,"SurahIndex":"058","VerseNumber":7,"ShowSurahName":false,"ShowBismillah":false,"Text":"أَلَمۡ تَرَ أَنَّ ٱللَّهَ يَعۡلَمُ مَا فِي ٱلسَّمَٰوَٰتِ وَمَا فِي ٱلۡأَرۡضِۖ مَا يَكُونُ مِن نَّجۡوَىٰ ثَلَٰثَةٍ إِلَّا هُوَ رَابِعُهُمۡ وَلَا خَمۡسَةٍ إِلَّا هُوَ سَادِسُهُمۡ وَلَآ أَدۡنَىٰ مِن ذَٰلِكَ وَلَآ أَكۡثَرَ إِلَّا هُوَ مَعَهُمۡ أَيۡنَ مَا كَانُواْۖ ثُمَّ يُنَبِّئُهُم بِمَا عَمِلُواْ يَوۡمَ ٱلۡقِيَٰمَةِۚ إِنَّ ٱللَّهَ بِكُلِّ شَيۡءٍ عَلِيمٌ","TajweedText":"أَلَمْ تَرَ أَ<tajweed class=ghunnah>نّ</tajweed>َ <tajweed class=ham_wasl>ٱ</tajweed>للَّهَ يَعْلَمُ مَا فِى <tajweed class=ham_wasl>ٱ</tajweed><tajweed class=laam_shamsiyah>ل</tajweed>سَّمَ<tajweed class=madda_normal>ـٰ</tajweed>و<tajweed class=madda_normal>َٲ</tajweed>تِ وَمَا فِى <tajweed class=ham_wasl>ٱ</tajweed>لْأَرْضِ‌ۖ مَا يَكُونُ م<tajweed class=idgham_ghunnah>ِن ن</tajweed>َّ<tajweed class=qalaqah>جْ</tajweed>وَىٰ ثَلَ<tajweed class=madda_normal>ـٰ</tajweed>ثَةٍ إِلَّا هُوَ رَابِعُهُمْ وَلَا خَمْسَةٍ إِلَّا هُوَ سَادِسُهُمْ وَل<tajweed class=madda_obligatory>َآ</tajweed> أَ<tajweed class=qalaqah>دْ</tajweed>نَىٰ مِ<tajweed class=ikhafa>ن ذ</tajweed><tajweed class=madda_normal>َٲ</tajweed>لِكَ وَل<tajweed class=madda_obligatory>َآ</tajweed> أَكْثَرَ إِلَّا هُوَ مَعَهُمْ أَيْنَ مَا كَانُو<tajweed class=slnt>اْ‌ۖ</tajweed> ثُ<tajweed class=ghunnah>مّ</tajweed>َ يُنَبِّئُه<tajweed class=ikhafa_shafawi>ُم ب</tajweed>ِمَا عَمِلُو<tajweed class=slnt>اْ</tajweed> يَوْمَ <tajweed class=ham_wasl>ٱ</tajweed>لْقِيَ<tajweed class=madda_normal>ـٰ</tajweed>مَةِ‌ۚ إِ<tajweed class=ghunnah>نّ</tajweed>َ <tajweed class=ham_wasl>ٱ</tajweed>للَّهَ بِكُلِّ شَىْءٍ عَل<tajweed class=madda_permissible>ِي</tajweed>مٌ <span class=end>٧</span>","End":"٧","PageNumber":543,"JuzNumber":28,"ManzilNumber":7,"RukuNumber":477,"MaqraNumber":217,"HizbNumber":55,"HizbDecimal":0.0,"HasSajda":false},{"SurahNumber":58,"SurahIndex":"058","VerseNumber":8,"ShowSurahName":false,"ShowBismillah":false,"Text":"أَلَمۡ تَرَ إِلَى ٱلَّذِينَ نُهُواْ عَنِ ٱلنَّجۡوَىٰ ثُمَّ يَعُودُونَ لِمَا نُهُواْ عَنۡهُ وَيَتَنَٰجَوۡنَ بِٱلۡإِثۡمِ وَٱلۡعُدۡوَٰنِ وَمَعۡصِيَتِ ٱلرَّسُولِۖ وَإِذَا جَآءُوكَ حَيَّوۡكَ بِمَا لَمۡ يُحَيِّكَ بِهِ ٱللَّهُ وَيَقُولُونَ فِيٓ أَنفُسِهِمۡ لَوۡلَا يُعَذِّبُنَا ٱللَّهُ بِمَا نَقُولُۚ حَسۡبُهُمۡ جَهَنَّمُ يَصۡلَوۡنَهَاۖ فَبِئۡسَ ٱلۡمَصِيرُ","TajweedText":"أَلَمْ تَرَ إِلَى <tajweed class=ham_wasl>ٱ</tajweed>لَّذِينَ نُهُو<tajweed class=slnt>اْ</tajweed> عَنِ <tajweed class=ham_wasl>ٱ</tajweed><tajweed class=laam_shamsiyah>ل</tajweed><tajweed class=ghunnah>نّ</tajweed>َ<tajweed class=qalaqah>جْ</tajweed>وَىٰ ثُ<tajweed class=ghunnah>مّ</tajweed>َ يَعُودُونَ لِمَا نُهُو<tajweed class=slnt>اْ</tajweed> عَنْهُ وَيَتَنَ<tajweed class=madda_normal>ـٰ</tajweed>جَوْنَ بِ<tajweed class=ham_wasl>ٱ</tajweed>لْإِثْمِ وَ<tajweed class=ham_wasl>ٱ</tajweed>لْعُ<tajweed class=qalaqah>دْ</tajweed>و<tajweed class=madda_normal>َٲ</tajweed>نِ وَمَعْصِيَتِ <tajweed class=ham_wasl>ٱ</tajweed><tajweed class=laam_shamsiyah>ل</tajweed>رَّسُولِ وَإِذَا ج<tajweed class=madda_obligatory>َا</tajweed>ٓءُوكَ حَيَّوْكَ بِمَا لَمْ يُحَيِّكَ بِهِ <tajweed class=ham_wasl>ٱ</tajweed>للَّهُ وَيَقُولُونَ ف<tajweed class=madda_obligatory>ِىٓ</tajweed> أَ<tajweed class=ikhafa>نف</tajweed>ُسِهِمْ لَوْلَا يُعَذِّبُنَا <tajweed class=ham_wasl>ٱ</tajweed>للَّهُ بِمَا نَقُولُ‌ۚ حَسْبُهُمْ جَهَ<tajweed class=ghunnah>نّ</tajweed>َمُ يَصْلَوْنَهَا‌ۖ فَبِئْسَ <tajweed class=ham_wasl>ٱ</tajweed>لْمَص<tajweed class=madda_permissible>ِي</tajweed>رُ <span class=end>٨</span>","End":"٨","PageNumber":543,"JuzNumber":28,"ManzilNumber":7,"RukuNumber":477,"MaqraNumber":217,"HizbNumber":55,"HizbDecimal":0.0,"HasSajda":false},{"SurahNumber":58,"SurahIndex":"058","VerseNumber":9,"ShowSurahName":false,"ShowBismillah":false,"Text":"يَـٰٓأَيُّهَا ٱلَّذِينَ ءَامَنُوٓاْ إِذَا تَنَٰجَيۡتُمۡ فَلَا تَتَنَٰجَوۡاْ بِٱلۡإِثۡمِ وَٱلۡعُدۡوَٰنِ وَمَعۡصِيَتِ ٱلرَّسُولِ وَتَنَٰجَوۡاْ بِٱلۡبِرِّ وَٱلتَّقۡوَىٰۖ وَٱتَّقُواْ ٱللَّهَ ٱلَّذِيٓ إِلَيۡهِ تُحۡشَرُونَ","TajweedText":"يَ<tajweed class=madda_obligatory>ـٰٓ</tajweed>أَيُّهَا <tajweed class=ham_wasl>ٱ</tajweed>لَّذِينَ ءَامَن<tajweed class=madda_obligatory>ُوٓ</tajweed><tajweed class=slnt>اْ</tajweed> إِذَا تَنَ<tajweed class=madda_normal>ـٰ</tajweed>جَيْتُمْ فَلَا تَتَنَ<tajweed class=madda_normal>ـٰ</tajweed>جَوْ<tajweed class=slnt>اْ</tajweed> بِ<tajweed class=ham_wasl>ٱ</tajweed>لْإِثْمِ وَ<tajweed class=ham_wasl>ٱ</tajweed>لْعُ<tajweed class=qalaqah>دْ</tajweed>و<tajweed class=madda_normal>َٲ</tajweed>نِ وَمَعْصِيَتِ <tajweed class=ham_wasl>ٱ</tajweed><tajweed class=laam_shamsiyah>ل</tajweed>رَّسُولِ وَتَنَ<tajweed class=madda_normal>ـٰ</tajweed>جَوْ<tajweed class=slnt>اْ</tajweed> بِ<tajweed class=ham_wasl>ٱ</tajweed>لْبِرِّ وَ<tajweed class=ham_wasl>ٱ</tajweed><tajweed class=laam_shamsiyah>ل</tajweed>تَّ<tajweed class=qalaqah>قْ</tajweed>وَىٰ‌ۖ وَ<tajweed class=ham_wasl>ٱ</tajweed>تَّقُو<tajweed class=slnt>اْ</tajweed> <tajweed class=ham_wasl>ٱ</tajweed>للَّهَ <tajweed class=ham_wasl>ٱ</tajweed>لَّذ<tajweed class=madda_obligatory>ِىٓ</tajweed> إِلَيْهِ تُحْشَر<tajweed class=madda_permissible>ُو</tajweed>نَ <span class=end>٩</span>","End":"٩","PageNumber":543,"JuzNumber":28,"ManzilNumber":7,"RukuNumber":477,"MaqraNumber":217,"HizbNumber":55,"HizbDecimal":0.0,"HasSajda":false},{"SurahNumber":58,"SurahIndex":"058","VerseNumber":10,"ShowSurahName":false,"ShowBismillah":false,"Text":"إِنَّمَا ٱلنَّجۡوَىٰ مِنَ ٱلشَّيۡطَٰنِ لِيَحۡزُنَ ٱلَّذِينَ ءَامَنُواْ وَلَيۡسَ بِضَآرِّهِمۡ شَيۡـًٔا إِلَّا بِإِذۡنِ ٱللَّهِۚ وَعَلَى ٱللَّهِ فَلۡيَتَوَكَّلِ ٱلۡمُؤۡمِنُونَ","TajweedText":"إِ<tajweed class=ghunnah>نّ</tajweed>َمَا <tajweed class=ham_wasl>ٱ</tajweed><tajweed class=laam_shamsiyah>ل</tajweed><tajweed class=ghunnah>نّ</tajweed>َ<tajweed class=qalaqah>جْ</tajweed>وَىٰ مِنَ <tajweed class=ham_wasl>ٱ</tajweed><tajweed class=laam_shamsiyah>ل</tajweed>شَّيْطَ<tajweed class=madda_normal>ـٰ</tajweed>نِ لِيَحْزُنَ <tajweed class=ham_wasl>ٱ</tajweed>لَّذِينَ ءَامَنُو<tajweed class=slnt>اْ</tajweed> وَلَيْسَ بِض<tajweed class=madda_necessary>َا</tajweed>ٓرِّهِمْ شَيْــًٔا إِلَّا بِإِذْنِ <tajweed class=ham_wasl>ٱ</tajweed>للَّهِ‌ۚ وَعَلَى <tajweed class=ham_wasl>ٱ</tajweed>للَّهِ فَلْيَتَوَكَّلِ <tajweed class=ham_wasl>ٱ</tajweed>لْمُؤْمِن<tajweed class=madda_permissible>ُو</tajweed>نَ <span class=end>١٠</span>","End":"١٠","PageNumber":543,"JuzNumber":28,"ManzilNumber":7,"RukuNumber":477,"MaqraNumber":217,"HizbNumber":55,"HizbDecimal":0.0,"HasSajda":false},{"SurahNumber":58,"SurahIndex":"058","VerseNumber":11,"ShowSurahName":false,"ShowBismillah":false,"Text":"يَـٰٓأَيُّهَا ٱلَّذِينَ ءَامَنُوٓاْ إِذَا قِيلَ لَكُمۡ تَفَسَّحُواْ فِي ٱلۡمَجَٰلِسِ فَٱفۡسَحُواْ يَفۡسَحِ ٱللَّهُ لَكُمۡۖ وَإِذَا قِيلَ ٱنشُزُواْ فَٱنشُزُواْ يَرۡفَعِ ٱللَّهُ ٱلَّذِينَ ءَامَنُواْ مِنكُمۡ وَٱلَّذِينَ أُوتُواْ ٱلۡعِلۡمَ دَرَجَٰتٖۚ وَٱللَّهُ بِمَا تَعۡمَلُونَ خَبِيرٞ","TajweedText":"يَ<tajweed class=madda_obligatory>ـٰٓ</tajweed>أَيُّهَا <tajweed class=ham_wasl>ٱ</tajweed>لَّذِينَ ءَامَن<tajweed class=madda_obligatory>ُوٓ</tajweed><tajweed class=slnt>اْ</tajweed> إِذَا قِيلَ لَكُمْ تَفَسَّحُو<tajweed class=slnt>اْ</tajweed> فِى <tajweed class=ham_wasl>ٱ</tajweed>لْمَجَ<tajweed class=madda_normal>ـٰ</tajweed>لِسِ فَ<tajweed class=ham_wasl>ٱ</tajweed>فْسَحُو<tajweed class=slnt>اْ</tajweed> يَفْسَحِ <tajweed class=ham_wasl>ٱ</tajweed>للَّهُ لَكُمْ‌ۖ وَإِذَا قِيلَ <tajweed class=ham_wasl>ٱ</tajweed><tajweed class=ikhafa>نش</tajweed>ُزُو<tajweed class=slnt>اْ</tajweed> فَ<tajweed class=ham_wasl>ٱ</tajweed><tajweed class=ikhafa>نش</tajweed>ُزُو<tajweed class=slnt>اْ</tajweed> يَرْفَعِ <tajweed class=ham_wasl>ٱ</tajweed>للَّهُ <tajweed class=ham_wasl>ٱ</tajweed>لَّذِينَ ءَامَنُو<tajweed class=slnt>اْ</tajweed> مِ<tajweed class=ikhafa>نك</tajweed>ُمْ وَ<tajweed class=ham_wasl>ٱ</tajweed>لَّذِينَ أُوتُو<tajweed class=slnt>اْ</tajweed> <tajweed class=ham_wasl>ٱ</tajweed>لْعِلْمَ دَرَجَ<tajweed class=madda_normal>ـٰ</tajweed><tajweed class=idgham_ghunnah>تٍ‌ۚ و</tajweed>َ<tajweed class=ham_wasl>ٱ</tajweed>للَّهُ بِمَا تَعْمَلُونَ خَب<tajweed class=madda_permissible>ِي</tajweed>رٌ <span class=end>١١</span>","End":"١١","PageNumber":543,"JuzNumber":28,"ManzilNumber":7,"RukuNumber":477,"MaqraNumber":217,"HizbNumber":55,"HizbDecimal":0.0,"HasSajda":false},{"SurahNumber":58,"SurahIndex":"058","VerseNumber":12,"ShowSurahName":false,"ShowBismillah":false,"Text":"يَـٰٓأَيُّهَا ٱلَّذِينَ ءَامَنُوٓاْ إِذَا نَٰجَيۡتُمُ ٱلرَّسُولَ فَقَدِّمُواْ بَيۡنَ يَدَيۡ نَجۡوَىٰكُمۡ صَدَقَةٗۚ ذَٰلِكَ خَيۡرٞ لَّكُمۡ وَأَطۡهَرُۚ فَإِن لَّمۡ تَجِدُواْ فَإِنَّ ٱللَّهَ غَفُورٞ رَّحِيمٌ","TajweedText":"يَ<tajweed class=madda_obligatory>ـٰٓ</tajweed>أَيُّهَا <tajweed class=ham_wasl>ٱ</tajweed>لَّذِينَ ءَامَن<tajweed class=madda_obligatory>ُوٓ</tajweed><tajweed class=slnt>اْ</tajweed> إِذَا نَ<tajweed class=madda_normal>ـٰ</tajweed>جَيْتُمُ <tajweed class=ham_wasl>ٱ</tajweed><tajweed class=laam_shamsiyah>ل</tajweed>رَّسُولَ فَقَدِّمُو<tajweed class=slnt>اْ</tajweed> بَيْنَ يَدَىْ نَ<tajweed class=qalaqah>جْ</tajweed>وَ<tajweed class=madda_normal>ٮٰ</tajweed>كُمْ صَدَقَ<tajweed class=ikhafa>ةً‌ۚ ذ</tajweed><tajweed class=madda_normal>َٲ</tajweed>لِكَ خَيْ<tajweed class=idgham_wo_ghunnah>رٌ ل</tajweed>َّكُمْ وَأَ<tajweed class=qalaqah>طْ</tajweed>هَرُ‌ۚ فَإ<tajweed class=idgham_wo_ghunnah>ِن ل</tajweed>َّمْ تَجِدُو<tajweed class=slnt>اْ</tajweed> فَإِ<tajweed class=ghunnah>نّ</tajweed>َ <tajweed class=ham_wasl>ٱ</tajweed>للَّهَ غَفُو<tajweed class=idgham_wo_ghunnah>رٌ ر</tajweed>َّح<tajweed class=madda_permissible>ِي</tajweed>مٌ <span class=end>١٢</span>","End":"١٢","PageNumber":544,"JuzNumber":28,"ManzilNumber":7,"RukuNumber":477,"MaqraNumber":217,"HizbNumber":55,"HizbDecimal":0.0,"HasSajda":false},{"SurahNumber":58,"SurahIndex":"058","VerseNumber":13,"ShowSurahName":false,"ShowBismillah":false,"Text":"ءَأَشۡفَقۡتُمۡ أَن تُقَدِّمُواْ بَيۡنَ يَدَيۡ نَجۡوَىٰكُمۡ صَدَقَٰتٖۚ فَإِذۡ لَمۡ تَفۡعَلُواْ وَتَابَ ٱللَّهُ عَلَيۡكُمۡ فَأَقِيمُواْ ٱلصَّلَوٰةَ وَءَاتُواْ ٱلزَّكَوٰةَ وَأَطِيعُواْ ٱللَّهَ وَرَسُولَهُۥۚ وَٱللَّهُ خَبِيرُۢ بِمَا تَعۡمَلُونَ","TajweedText":"ءَأَشْفَ<tajweed class=qalaqah>قْ</tajweed>تُمْ أَ<tajweed class=ikhafa>ن ت</tajweed>ُقَدِّمُو<tajweed class=slnt>اْ</tajweed> بَيْنَ يَدَىْ نَ<tajweed class=qalaqah>جْ</tajweed>وَ<tajweed class=madda_normal>ٮٰ</tajweed>كُمْ صَدَقَ<tajweed class=madda_normal>ـٰ</tajweed><tajweed class=ikhafa>تٍ‌ۚ ف</tajweed>َإِذْ لَمْ تَفْعَلُو<tajweed class=slnt>اْ</tajweed> وَتَابَ <tajweed class=ham_wasl>ٱ</tajweed>للَّهُ عَلَيْكُمْ فَأَقِيمُو<tajweed class=slnt>اْ</tajweed> <tajweed class=ham_wasl>ٱ</tajweed><tajweed class=laam_shamsiyah>ل</tajweed>صَّلَ<tajweed class=slnt>و</tajweed><tajweed class=madda_normal>ٲ</tajweed>ةَ وَءَاتُو<tajweed class=slnt>اْ</tajweed> <tajweed class=ham_wasl>ٱ</tajweed><tajweed class=laam_shamsiyah>ل</tajweed>زَّكَ<tajweed class=slnt>و</tajweed><tajweed class=madda_normal>ٲ</tajweed>ةَ وَأَطِيعُو<tajweed class=slnt>اْ</tajweed> <tajweed class=ham_wasl>ٱ</tajweed>للَّهَ وَرَسُولَهُ<tajweed class=madda_normal>ۥ</tajweed>‌ۚ وَ<tajweed class=ham_wasl>ٱ</tajweed>للَّهُ خَبِي<tajweed class=iqlab>رُۢ ب</tajweed>ِمَا تَعْمَل<tajweed class=madda_permissible>ُو</tajweed>نَ <span class=end>١٣</span>","End":"١٣","PageNumber":544,"JuzNumber":28,"ManzilNumber":7,"RukuNumber":477,"MaqraNumber":217,"HizbNumber":55,"HizbDecimal":0.0,"HasSajda":false}]}