{"RukuNumber":323,"Verses":[{"SurahNumber":26,"SurahIndex":"026","VerseNumber":141,"ShowSurahName":false,"ShowBismillah":false,"Text":"كَذَّبَتۡ ثَمُودُ ٱلۡمُرۡسَلِينَ","TajweedText":"كَذَّبَتْ ثَمُودُ <tajweed class=ham_wasl>ٱ</tajweed>لْمُرْسَل<tajweed class=madda_permissible>ِي</tajweed>نَ <span class=end>١٤١</span>","End":"١٤١","PageNumber":373,"JuzNumber":19,"ManzilNumber":5,"RukuNumber":323,"MaqraNumber":149,"HizbNumber":38,"HizbDecimal":0.0,"HasSajda":false},{"SurahNumber":26,"SurahIndex":"026","VerseNumber":142,"ShowSurahName":false,"ShowBismillah":false,"Text":"إِذۡ قَالَ لَهُمۡ أَخُوهُمۡ صَٰلِحٌ أَلَا تَتَّقُونَ","TajweedText":"إِذْ قَالَ لَهُمْ أَخُوهُمْ صَ<tajweed class=madda_normal>ـٰ</tajweed>لِحٌ أَلَا تَتَّق<tajweed class=madda_permissible>ُو</tajweed>نَ <span class=end>١٤٢</span>","End":"١٤٢","PageNumber":373,"JuzNumber":19,"ManzilNumber":5,"RukuNumber":323,"MaqraNumber":149,"HizbNumber":38,"HizbDecimal":0.0,"HasSajda":false},{"SurahNumber":26,"SurahIndex":"026","VerseNumber":143,"ShowSurahName":false,"ShowBismillah":false,"Text":"إِنِّي لَكُمۡ رَسُولٌ أَمِينٞ","TajweedText":"إِ<tajweed class=ghunnah>نّ</tajweed>ِى لَكُمْ رَسُولٌ أَم<tajweed class=madda_permissible>ِي</tajweed>نٌ <span class=end>١٤٣</span>","End":"١٤٣","PageNumber":373,"JuzNumber":19,"ManzilNumber":5,"RukuNumber":323,"MaqraNumber":149,"HizbNumber":38,"HizbDecimal":0.0,"HasSajda":false},{"SurahNumber":26,"SurahIndex":"026","VerseNumber":144,"ShowSurahName":false,"ShowBismillah":false,"Text":"فَٱتَّقُواْ ٱللَّهَ وَأَطِيعُونِ","TajweedText":"فَ<tajweed class=ham_wasl>ٱ</tajweed>تَّقُو<tajweed class=slnt>اْ</tajweed> <tajweed class=ham_wasl>ٱ</tajweed>للَّهَ وَأَطِيع<tajweed class=madda_permissible>ُو</tajweed>نِ <span class=end>١٤٤</span>","End":"١٤٤","PageNumber":373,"JuzNumber":19,"ManzilNumber":5,"RukuNumber":323,"MaqraNumber":149,"HizbNumber":38,"HizbDecimal":0.0,"HasSajda":false},{"SurahNumber":26,"SurahIndex":"026","VerseNumber":145,"ShowSurahName":false,"ShowBismillah":false,"Text":"وَمَآ أَسۡـَٔلُكُمۡ عَلَيۡهِ مِنۡ أَجۡرٍۖ إِنۡ أَجۡرِيَ إِلَّا عَلَىٰ رَبِّ ٱلۡعَٰلَمِينَ","TajweedText":"وَم<tajweed class=madda_obligatory>َآ</tajweed> أَسْــَٔلُكُمْ عَلَيْهِ مِنْ أَ<tajweed class=qalaqah>جْ</tajweed>رٍ‌ۖ إِنْ أَ<tajweed class=qalaqah>جْ</tajweed>رِىَ إِلَّا عَلَىٰ رَبِّ <tajweed class=ham_wasl>ٱ</tajweed>لْعَ<tajweed class=madda_normal>ـٰ</tajweed>لَم<tajweed class=madda_permissible>ِي</tajweed>نَ <span class=end>١٤٥</span>","End":"١٤٥","PageNumber":373,"JuzNumber":19,"ManzilNumber":5,"RukuNumber":323,"MaqraNumber":149,"HizbNumber":38,"HizbDecimal":0.0,"HasSajda":false},{"SurahNumber":26,"SurahIndex":"026","VerseNumber":146,"ShowSurahName":false,"ShowBismillah":false,"Text":"أَتُتۡرَكُونَ فِي مَا هَٰهُنَآ ءَامِنِينَ","TajweedText":"أَتُتْرَكُونَ فِى مَا هَ<tajweed class=madda_normal>ـٰ</tajweed>هُن<tajweed class=madda_obligatory>َآ</tajweed> ءَامِن<tajweed class=madda_permissible>ِي</tajweed>نَ <span class=end>١٤٦</span>","End":"١٤٦","PageNumber":373,"JuzNumber":19,"ManzilNumber":5,"RukuNumber":323,"MaqraNumber":149,"HizbNumber":38,"HizbDecimal":0.0,"HasSajda":false},{"SurahNumber":26,"SurahIndex":"026","VerseNumber":147,"ShowSurahName":false,"ShowBismillah":false,"Text":"فِي جَنَّـٰتٖ وَعُيُونٖ","TajweedText":"فِى جَ<tajweed class=ghunnah>نّ</tajweed>َ<tajweed class=madda_normal>ـٰ</tajweed><tajweed class=idgham_ghunnah>تٍ و</tajweed>َعُي<tajweed class=madda_permissible>ُو</tajweed>نٍ <span class=end>١٤٧</span>","End":"١٤٧","PageNumber":373,"JuzNumber":19,"ManzilNumber":5,"RukuNumber":323,"MaqraNumber":149,"HizbNumber":38,"HizbDecimal":0.0,"HasSajda":false},{"SurahNumber":26,"SurahIndex":"026","VerseNumber":148,"ShowSurahName":false,"ShowBismillah":false,"Text":"وَزُرُوعٖ وَنَخۡلٖ طَلۡعُهَا هَضِيمٞ","TajweedText":"وَزُرُو<tajweed class=idgham_ghunnah>عٍ و</tajweed>َنَخْ<tajweed class=ikhafa>لٍ ط</tajweed>َلْعُهَا هَض<tajweed class=madda_permissible>ِي</tajweed>مٌ <span class=end>١٤٨</span>","End":"١٤٨","PageNumber":373,"JuzNumber":19,"ManzilNumber":5,"RukuNumber":323,"MaqraNumber":149,"HizbNumber":38,"HizbDecimal":0.0,"HasSajda":false},{"SurahNumber":26,"SurahIndex":"026","VerseNumber":149,"ShowSurahName":false,"ShowBismillah":false,"Text":"وَتَنۡحِتُونَ مِنَ ٱلۡجِبَالِ بُيُوتٗا فَٰرِهِينَ","TajweedText":"وَتَنْحِتُونَ مِنَ <tajweed class=ham_wasl>ٱ</tajweed>لْجِبَالِ بُيُو<tajweed class=ikhafa>تًا ف</tajweed>َ<tajweed class=madda_normal>ـٰ</tajweed>رِه<tajweed class=madda_permissible>ِي</tajweed>نَ <span class=end>١٤٩</span>","End":"١٤٩","PageNumber":373,"JuzNumber":19,"ManzilNumber":5,"RukuNumber":323,"MaqraNumber":149,"HizbNumber":38,"HizbDecimal":0.0,"HasSajda":false},{"SurahNumber":26,"SurahIndex":"026","VerseNumber":150,"ShowSurahName":false,"ShowBismillah":false,"Text":"فَٱتَّقُواْ ٱللَّهَ وَأَطِيعُونِ","TajweedText":"فَ<tajweed class=ham_wasl>ٱ</tajweed>تَّقُو<tajweed class=slnt>اْ</tajweed> <tajweed class=ham_wasl>ٱ</tajweed>للَّهَ وَأَطِيع<tajweed class=madda_permissible>ُو</tajweed>نِ <span class=end>١٥٠</span>","End":"١٥٠","PageNumber":373,"JuzNumber":19,"ManzilNumber":5,"RukuNumber":323,"MaqraNumber":149,"HizbNumber":38,"HizbDecimal":0.0,"HasSajda":false},{"SurahNumber":26,"SurahIndex":"026","VerseNumber":151,"ShowSurahName":false,"ShowBismillah":false,"Text":"وَلَا تُطِيعُوٓاْ أَمۡرَ ٱلۡمُسۡرِفِينَ","TajweedText":"وَلَا تُطِيع<tajweed class=madda_obligatory>ُوٓ</tajweed><tajweed class=slnt>اْ</tajweed> أَمْرَ <tajweed class=ham_wasl>ٱ</tajweed>لْمُسْرِف<tajweed class=madda_permissible>ِي</tajweed>نَ <span class=end>١٥١</span>","End":"١٥١","PageNumber":373,"JuzNumber":19,"ManzilNumber":5,"RukuNumber":323,"MaqraNumber":149,"HizbNumber":38,"HizbDecimal":0.0,"HasSajda":false},{"SurahNumber":26,"SurahIndex":"026","VerseNumber":152,"ShowSurahName":false,"ShowBismillah":false,"Text":"ٱلَّذِينَ يُفۡسِدُونَ فِي ٱلۡأَرۡضِ وَلَا يُصۡلِحُونَ","TajweedText":"ٱلَّذِينَ يُفْسِدُونَ فِى <tajweed class=ham_wasl>ٱ</tajweed>لْأَرْضِ وَلَا يُصْلِح<tajweed class=madda_permissible>ُو</tajweed>نَ <span class=end>١٥٢</span>","End":"١٥٢","PageNumber":373,"JuzNumber":19,"ManzilNumber":5,"RukuNumber":323,"MaqraNumber":149,"HizbNumber":38,"HizbDecimal":0.0,"HasSajda":false},{"SurahNumber":26,"SurahIndex":"026","VerseNumber":153,"ShowSurahName":false,"ShowBismillah":false,"Text":"قَالُوٓاْ إِنَّمَآ أَنتَ مِنَ ٱلۡمُسَحَّرِينَ","TajweedText":"قَال<tajweed class=madda_obligatory>ُوٓ</tajweed><tajweed class=slnt>اْ</tajweed> إِ<tajweed class=ghunnah>نّ</tajweed>َم<tajweed class=madda_obligatory>َآ</tajweed> أَ<tajweed class=ikhafa>نت</tajweed>َ مِنَ <tajweed class=ham_wasl>ٱ</tajweed>لْمُسَحَّر<tajweed class=madda_permissible>ِي</tajweed>نَ <span class=end>١٥٣</span>","End":"١٥٣","PageNumber":373,"JuzNumber":19,"ManzilNumber":5,"RukuNumber":323,"MaqraNumber":149,"HizbNumber":38,"HizbDecimal":0.0,"HasSajda":false},{"SurahNumber":26,"SurahIndex":"026","VerseNumber":154,"ShowSurahName":false,"ShowBismillah":false,"Text":"مَآ أَنتَ إِلَّا بَشَرٞ مِّثۡلُنَا فَأۡتِ بِـَٔايَةٍ إِن كُنتَ مِنَ ٱلصَّـٰدِقِينَ","TajweedText":"م<tajweed class=madda_obligatory>َآ</tajweed> أَ<tajweed class=ikhafa>نت</tajweed>َ إِلَّا بَشَ<tajweed class=idgham_ghunnah>رٌ م</tajweed>ِّثْلُنَا فَأْتِ بِـَٔـايَةٍ إِ<tajweed class=ikhafa>ن ك</tajweed>ُ<tajweed class=ikhafa>نت</tajweed>َ مِنَ <tajweed class=ham_wasl>ٱ</tajweed><tajweed class=laam_shamsiyah>ل</tajweed>صَّ<tajweed class=madda_normal>ـٰ</tajweed>دِق<tajweed class=madda_permissible>ِي</tajweed>نَ <span class=end>١٥٤</span>","End":"١٥٤","PageNumber":373,"JuzNumber":19,"ManzilNumber":5,"RukuNumber":323,"MaqraNumber":149,"HizbNumber":38,"HizbDecimal":0.0,"HasSajda":false},{"SurahNumber":26,"SurahIndex":"026","VerseNumber":155,"ShowSurahName":false,"ShowBismillah":false,"Text":"قَالَ هَٰذِهِۦ نَاقَةٞ لَّهَا شِرۡبٞ وَلَكُمۡ شِرۡبُ يَوۡمٖ مَّعۡلُومٖ","TajweedText":"قَالَ هَ<tajweed class=madda_normal>ـٰ</tajweed>ذِه<tajweed class=madda_normal>ِۦ</tajweed> نَاقَ<tajweed class=idgham_wo_ghunnah>ةٌ ل</tajweed>َّهَا شِرْ<tajweed class=idgham_ghunnah>بٌ و</tajweed>َلَكُمْ شِرْبُ يَوْ<tajweed class=idgham_ghunnah>مٍ م</tajweed>َّعْل<tajweed class=madda_permissible>ُو</tajweed>مٍ <span class=end>١٥٥</span>","End":"١٥٥","PageNumber":373,"JuzNumber":19,"ManzilNumber":5,"RukuNumber":323,"MaqraNumber":149,"HizbNumber":38,"HizbDecimal":0.0,"HasSajda":false},{"SurahNumber":26,"SurahIndex":"026","VerseNumber":156,"ShowSurahName":false,"ShowBismillah":false,"Text":"وَلَا تَمَسُّوهَا بِسُوٓءٖ فَيَأۡخُذَكُمۡ عَذَابُ يَوۡمٍ عَظِيمٖ","TajweedText":"وَلَا تَمَسُّوهَا بِس<tajweed class=madda_obligatory>ُو</tajweed>ٓ<tajweed class=ikhafa>ءٍ ف</tajweed>َيَأْخُذَكُمْ عَذَابُ يَوْمٍ عَظ<tajweed class=madda_permissible>ِي</tajweed>مٍ <span class=end>١٥٦</span>","End":"١٥٦","PageNumber":373,"JuzNumber":19,"ManzilNumber":5,"RukuNumber":323,"MaqraNumber":149,"HizbNumber":38,"HizbDecimal":0.0,"HasSajda":false},{"SurahNumber":26,"SurahIndex":"026","VerseNumber":157,"ShowSurahName":false,"ShowBismillah":false,"Text":"فَعَقَرُوهَا فَأَصۡبَحُواْ نَٰدِمِينَ","TajweedText":"فَعَقَرُوهَا فَأَصْبَحُو<tajweed class=slnt>اْ</tajweed> نَ<tajweed class=madda_normal>ـٰ</tajweed>دِم<tajweed class=madda_permissible>ِي</tajweed>نَ <span class=end>١٥٧</span>","End":"١٥٧","PageNumber":373,"JuzNumber":19,"ManzilNumber":5,"RukuNumber":323,"MaqraNumber":149,"HizbNumber":38,"HizbDecimal":0.0,"HasSajda":false},{"SurahNumber":26,"SurahIndex":"026","VerseNumber":158,"ShowSurahName":false,"ShowBismillah":false,"Text":"فَأَخَذَهُمُ ٱلۡعَذَابُۚ إِنَّ فِي ذَٰلِكَ لَأٓيَةٗۖ وَمَا كَانَ أَكۡثَرُهُم مُّؤۡمِنِينَ","TajweedText":"فَأَخَذَهُمُ <tajweed class=ham_wasl>ٱ</tajweed>لْعَذَابُ‌ۗ إِ<tajweed class=ghunnah>نّ</tajweed>َ فِى ذ<tajweed class=madda_normal>َٲ</tajweed>لِكَ لَأَيَ<tajweed class=idgham_ghunnah>ةً‌ۖ و</tajweed>َمَا كَانَ أَكْثَرُه<tajweed class=idgham_shafawi>ُم م</tajweed>ُّؤْمِن<tajweed class=madda_permissible>ِي</tajweed>نَ <span class=end>١٥٨</span>","End":"١٥٨","PageNumber":373,"JuzNumber":19,"ManzilNumber":5,"RukuNumber":323,"MaqraNumber":149,"HizbNumber":38,"HizbDecimal":0.0,"HasSajda":false},{"SurahNumber":26,"SurahIndex":"026","VerseNumber":159,"ShowSurahName":false,"ShowBismillah":false,"Text":"وَإِنَّ رَبَّكَ لَهُوَ ٱلۡعَزِيزُ ٱلرَّحِيمُ","TajweedText":"وَإِ<tajweed class=ghunnah>نّ</tajweed>َ رَبَّكَ لَهُوَ <tajweed class=ham_wasl>ٱ</tajweed>لْعَزِيزُ <tajweed class=ham_wasl>ٱ</tajweed><tajweed class=laam_shamsiyah>ل</tajweed>رَّح<tajweed class=madda_permissible>ِي</tajweed>مُ <span class=end>١٥٩</span>","End":"١٥٩","PageNumber":373,"JuzNumber":19,"ManzilNumber":5,"RukuNumber":323,"MaqraNumber":149,"HizbNumber":38,"HizbDecimal":0.0,"HasSajda":false}]}