{"RukuNumber":320,"Verses":[{"SurahNumber":26,"SurahIndex":"026","VerseNumber":70,"ShowSurahName":false,"ShowBismillah":false,"Text":"إِذۡ قَالَ لِأَبِيهِ وَقَوۡمِهِۦ مَا تَعۡبُدُونَ","TajweedText":"إِذْ قَالَ لِأَبِيهِ وَقَوْمِه<tajweed class=madda_normal>ِۦ</tajweed> مَا تَعْبُد<tajweed class=madda_permissible>ُو</tajweed>نَ <span class=end>٧٠</span>","End":"٧٠","PageNumber":370,"JuzNumber":19,"ManzilNumber":5,"RukuNumber":320,"MaqraNumber":148,"HizbNumber":37,"HizbDecimal":0.75,"HasSajda":false},{"SurahNumber":26,"SurahIndex":"026","VerseNumber":71,"ShowSurahName":false,"ShowBismillah":false,"Text":"قَالُواْ نَعۡبُدُ أَصۡنَامٗا فَنَظَلُّ لَهَا عَٰكِفِينَ","TajweedText":"قَالُو<tajweed class=slnt>اْ</tajweed> نَعْبُدُ أَصْنَا<tajweed class=ikhafa>مًا ف</tajweed>َنَظَلُّ لَهَا عَ<tajweed class=madda_normal>ـٰ</tajweed>كِف<tajweed class=madda_permissible>ِي</tajweed>نَ <span class=end>٧١</span>","End":"٧١","PageNumber":370,"JuzNumber":19,"ManzilNumber":5,"RukuNumber":320,"MaqraNumber":148,"HizbNumber":37,"HizbDecimal":0.75,"HasSajda":false},{"SurahNumber":26,"SurahIndex":"026","VerseNumber":72,"ShowSurahName":false,"ShowBismillah":false,"Text":"قَالَ هَلۡ يَسۡمَعُونَكُمۡ إِذۡ تَدۡعُونَ","TajweedText":"قَالَ هَلْ يَسْمَعُونَكُمْ إِذْ تَ<tajweed class=qalaqah>دْ</tajweed>ع<tajweed class=madda_permissible>ُو</tajweed>نَ <span class=end>٧٢</span>","End":"٧٢","PageNumber":370,"JuzNumber":19,"ManzilNumber":5,"RukuNumber":320,"MaqraNumber":148,"HizbNumber":37,"HizbDecimal":0.75,"HasSajda":false},{"SurahNumber":26,"SurahIndex":"026","VerseNumber":73,"ShowSurahName":false,"ShowBismillah":false,"Text":"أَوۡ يَنفَعُونَكُمۡ أَوۡ يَضُرُّونَ","TajweedText":"أَوْ يَ<tajweed class=ikhafa>نف</tajweed>َعُونَكُمْ أَوْ يَضُرّ<tajweed class=madda_permissible>ُو</tajweed>نَ <span class=end>٧٣</span>","End":"٧٣","PageNumber":370,"JuzNumber":19,"ManzilNumber":5,"RukuNumber":320,"MaqraNumber":148,"HizbNumber":37,"HizbDecimal":0.75,"HasSajda":false},{"SurahNumber":26,"SurahIndex":"026","VerseNumber":74,"ShowSurahName":false,"ShowBismillah":false,"Text":"قَالُواْ بَلۡ وَجَدۡنَآ ءَابَآءَنَا كَذَٰلِكَ يَفۡعَلُونَ","TajweedText":"قَالُو<tajweed class=slnt>اْ</tajweed> بَلْ وَجَ<tajweed class=qalaqah>دْ</tajweed>ن<tajweed class=madda_obligatory>َآ</tajweed> ءَاب<tajweed class=madda_obligatory>َا</tajweed>ٓءَنَا كَذ<tajweed class=madda_normal>َٲ</tajweed>لِكَ يَفْعَل<tajweed class=madda_permissible>ُو</tajweed>نَ <span class=end>٧٤</span>","End":"٧٤","PageNumber":370,"JuzNumber":19,"ManzilNumber":5,"RukuNumber":320,"MaqraNumber":148,"HizbNumber":37,"HizbDecimal":0.75,"HasSajda":false},{"SurahNumber":26,"SurahIndex":"026","VerseNumber":75,"ShowSurahName":false,"ShowBismillah":false,"Text":"قَالَ أَفَرَءَيۡتُم مَّا كُنتُمۡ تَعۡبُدُونَ","TajweedText":"قَالَ أَفَرَءَيْت<tajweed class=idgham_shafawi>ُم م</tajweed>َّا كُ<tajweed class=ikhafa>نت</tajweed>ُمْ تَعْبُد<tajweed class=madda_permissible>ُو</tajweed>نَ <span class=end>٧٥</span>","End":"٧٥","PageNumber":370,"JuzNumber":19,"ManzilNumber":5,"RukuNumber":320,"MaqraNumber":148,"HizbNumber":37,"HizbDecimal":0.75,"HasSajda":false},{"SurahNumber":26,"SurahIndex":"026","VerseNumber":76,"ShowSurahName":false,"ShowBismillah":false,"Text":"أَنتُمۡ وَءَابَآؤُكُمُ ٱلۡأَقۡدَمُونَ","TajweedText":"أَ<tajweed class=ikhafa>نت</tajweed>ُمْ وَءَاب<tajweed class=madda_obligatory>َا</tajweed>ٓؤُكُمُ <tajweed class=ham_wasl>ٱ</tajweed>لْأَ<tajweed class=qalaqah>قْ</tajweed>دَم<tajweed class=madda_permissible>ُو</tajweed>نَ <span class=end>٧٦</span>","End":"٧٦","PageNumber":370,"JuzNumber":19,"ManzilNumber":5,"RukuNumber":320,"MaqraNumber":148,"HizbNumber":37,"HizbDecimal":0.75,"HasSajda":false},{"SurahNumber":26,"SurahIndex":"026","VerseNumber":77,"ShowSurahName":false,"ShowBismillah":false,"Text":"فَإِنَّهُمۡ عَدُوّٞ لِّيٓ إِلَّا رَبَّ ٱلۡعَٰلَمِينَ","TajweedText":"فَإِ<tajweed class=ghunnah>نّ</tajweed>َهُمْ عَدُ<tajweed class=idgham_wo_ghunnah>وٌّ ل</tajweed>ّ<tajweed class=madda_obligatory>ِىٓ</tajweed> إِلَّا رَبَّ <tajweed class=ham_wasl>ٱ</tajweed>لْعَ<tajweed class=madda_normal>ـٰ</tajweed>لَم<tajweed class=madda_permissible>ِي</tajweed>نَ <span class=end>٧٧</span>","End":"٧٧","PageNumber":370,"JuzNumber":19,"ManzilNumber":5,"RukuNumber":320,"MaqraNumber":148,"HizbNumber":37,"HizbDecimal":0.75,"HasSajda":false},{"SurahNumber":26,"SurahIndex":"026","VerseNumber":78,"ShowSurahName":false,"ShowBismillah":false,"Text":"ٱلَّذِي خَلَقَنِي فَهُوَ يَهۡدِينِ","TajweedText":"ٱلَّذِى خَلَقَنِى فَهُوَ يَهْد<tajweed class=madda_permissible>ِي</tajweed>نِ <span class=end>٧٨</span>","End":"٧٨","PageNumber":370,"JuzNumber":19,"ManzilNumber":5,"RukuNumber":320,"MaqraNumber":148,"HizbNumber":37,"HizbDecimal":0.75,"HasSajda":false},{"SurahNumber":26,"SurahIndex":"026","VerseNumber":79,"ShowSurahName":false,"ShowBismillah":false,"Text":"وَٱلَّذِي هُوَ يُطۡعِمُنِي وَيَسۡقِينِ","TajweedText":"وَ<tajweed class=ham_wasl>ٱ</tajweed>لَّذِى هُوَ يُ<tajweed class=qalaqah>طْ</tajweed>عِمُنِى وَيَسْق<tajweed class=madda_permissible>ِي</tajweed>نِ <span class=end>٧٩</span>","End":"٧٩","PageNumber":370,"JuzNumber":19,"ManzilNumber":5,"RukuNumber":320,"MaqraNumber":148,"HizbNumber":37,"HizbDecimal":0.75,"HasSajda":false},{"SurahNumber":26,"SurahIndex":"026","VerseNumber":80,"ShowSurahName":false,"ShowBismillah":false,"Text":"وَإِذَا مَرِضۡتُ فَهُوَ يَشۡفِينِ","TajweedText":"وَإِذَا مَرِضْتُ فَهُوَ يَشْف<tajweed class=madda_permissible>ِي</tajweed>نِ <span class=end>٨٠</span>","End":"٨٠","PageNumber":370,"JuzNumber":19,"ManzilNumber":5,"RukuNumber":320,"MaqraNumber":148,"HizbNumber":37,"HizbDecimal":0.75,"HasSajda":false},{"SurahNumber":26,"SurahIndex":"026","VerseNumber":81,"ShowSurahName":false,"ShowBismillah":false,"Text":"وَٱلَّذِي يُمِيتُنِي ثُمَّ يُحۡيِينِ","TajweedText":"وَ<tajweed class=ham_wasl>ٱ</tajweed>لَّذِى يُمِيتُنِى ثُ<tajweed class=ghunnah>مّ</tajweed>َ يُحْي<tajweed class=madda_permissible>ِي</tajweed>نِ <span class=end>٨١</span>","End":"٨١","PageNumber":370,"JuzNumber":19,"ManzilNumber":5,"RukuNumber":320,"MaqraNumber":148,"HizbNumber":37,"HizbDecimal":0.75,"HasSajda":false},{"SurahNumber":26,"SurahIndex":"026","VerseNumber":82,"ShowSurahName":false,"ShowBismillah":false,"Text":"وَٱلَّذِيٓ أَطۡمَعُ أَن يَغۡفِرَ لِي خَطِيٓـَٔتِي يَوۡمَ ٱلدِّينِ","TajweedText":"وَ<tajweed class=ham_wasl>ٱ</tajweed>لَّذ<tajweed class=madda_obligatory>ِىٓ</tajweed> أَ<tajweed class=qalaqah>طْ</tajweed>مَعُ أ<tajweed class=idgham_ghunnah>َن ي</tajweed>َغْفِرَ لِى خَطِ<tajweed class=madda_obligatory>يٓ</tajweed>ــَٔتِى يَوْمَ <tajweed class=ham_wasl>ٱ</tajweed><tajweed class=laam_shamsiyah>ل</tajweed>دّ<tajweed class=madda_permissible>ِي</tajweed>نِ <span class=end>٨٢</span>","End":"٨٢","PageNumber":370,"JuzNumber":19,"ManzilNumber":5,"RukuNumber":320,"MaqraNumber":148,"HizbNumber":37,"HizbDecimal":0.75,"HasSajda":false},{"SurahNumber":26,"SurahIndex":"026","VerseNumber":83,"ShowSurahName":false,"ShowBismillah":false,"Text":"رَبِّ هَبۡ لِي حُكۡمٗا وَأَلۡحِقۡنِي بِٱلصَّـٰلِحِينَ","TajweedText":"رَبِّ هَ<tajweed class=qalaqah>بْ</tajweed> لِى حُكْ<tajweed class=idgham_ghunnah>مًا و</tajweed>َأَلْحِ<tajweed class=qalaqah>قْ</tajweed>نِى بِ<tajweed class=ham_wasl>ٱ</tajweed><tajweed class=laam_shamsiyah>ل</tajweed>صَّ<tajweed class=madda_normal>ـٰ</tajweed>لِح<tajweed class=madda_permissible>ِي</tajweed>نَ <span class=end>٨٣</span>","End":"٨٣","PageNumber":370,"JuzNumber":19,"ManzilNumber":5,"RukuNumber":320,"MaqraNumber":148,"HizbNumber":37,"HizbDecimal":0.75,"HasSajda":false},{"SurahNumber":26,"SurahIndex":"026","VerseNumber":84,"ShowSurahName":false,"ShowBismillah":false,"Text":"وَٱجۡعَل لِّي لِسَانَ صِدۡقٖ فِي ٱلۡأٓخِرِينَ","TajweedText":"وَ<tajweed class=ham_wasl>ٱ</tajweed><tajweed class=qalaqah>جْ</tajweed>عَل لِّى لِسَانَ صِ<tajweed class=qalaqah>دْ</tajweed><tajweed class=ikhafa>قٍ ف</tajweed>ِى <tajweed class=ham_wasl>ٱ</tajweed>لْأَخِر<tajweed class=madda_permissible>ِي</tajweed>نَ <span class=end>٨٤</span>","End":"٨٤","PageNumber":371,"JuzNumber":19,"ManzilNumber":5,"RukuNumber":320,"MaqraNumber":148,"HizbNumber":37,"HizbDecimal":0.75,"HasSajda":false},{"SurahNumber":26,"SurahIndex":"026","VerseNumber":85,"ShowSurahName":false,"ShowBismillah":false,"Text":"وَٱجۡعَلۡنِي مِن وَرَثَةِ جَنَّةِ ٱلنَّعِيمِ","TajweedText":"وَ<tajweed class=ham_wasl>ٱ</tajweed><tajweed class=qalaqah>جْ</tajweed>عَلْنِى م<tajweed class=idgham_ghunnah>ِن و</tajweed>َرَثَةِ جَ<tajweed class=ghunnah>نّ</tajweed>َةِ <tajweed class=ham_wasl>ٱ</tajweed><tajweed class=laam_shamsiyah>ل</tajweed><tajweed class=ghunnah>نّ</tajweed>َع<tajweed class=madda_permissible>ِي</tajweed>مِ <span class=end>٨٥</span>","End":"٨٥","PageNumber":371,"JuzNumber":19,"ManzilNumber":5,"RukuNumber":320,"MaqraNumber":148,"HizbNumber":37,"HizbDecimal":0.75,"HasSajda":false},{"SurahNumber":26,"SurahIndex":"026","VerseNumber":86,"ShowSurahName":false,"ShowBismillah":false,"Text":"وَٱغۡفِرۡ لِأَبِيٓ إِنَّهُۥ كَانَ مِنَ ٱلضَّآلِّينَ","TajweedText":"وَ<tajweed class=ham_wasl>ٱ</tajweed>غْفِرْ لِأَب<tajweed class=madda_obligatory>ِىٓ</tajweed> إِ<tajweed class=ghunnah>نّ</tajweed>َهُ<tajweed class=madda_normal>ۥ</tajweed> كَانَ مِنَ <tajweed class=ham_wasl>ٱ</tajweed><tajweed class=laam_shamsiyah>ل</tajweed>ضّ<tajweed class=madda_necessary>َا</tajweed>ٓلّ<tajweed class=madda_permissible>ِي</tajweed>نَ <span class=end>٨٦</span>","End":"٨٦","PageNumber":371,"JuzNumber":19,"ManzilNumber":5,"RukuNumber":320,"MaqraNumber":148,"HizbNumber":37,"HizbDecimal":0.75,"HasSajda":false},{"SurahNumber":26,"SurahIndex":"026","VerseNumber":87,"ShowSurahName":false,"ShowBismillah":false,"Text":"وَلَا تُخۡزِنِي يَوۡمَ يُبۡعَثُونَ","TajweedText":"وَلَا تُخْزِنِى يَوْمَ يُ<tajweed class=qalaqah>بْ</tajweed>عَث<tajweed class=madda_permissible>ُو</tajweed>نَ <span class=end>٨٧</span>","End":"٨٧","PageNumber":371,"JuzNumber":19,"ManzilNumber":5,"RukuNumber":320,"MaqraNumber":148,"HizbNumber":37,"HizbDecimal":0.75,"HasSajda":false},{"SurahNumber":26,"SurahIndex":"026","VerseNumber":88,"ShowSurahName":false,"ShowBismillah":false,"Text":"يَوۡمَ لَا يَنفَعُ مَالٞ وَلَا بَنُونَ","TajweedText":"يَوْمَ لَا يَ<tajweed class=ikhafa>نف</tajweed>َعُ مَا<tajweed class=idgham_ghunnah>لٌ و</tajweed>َلَا بَن<tajweed class=madda_permissible>ُو</tajweed>نَ <span class=end>٨٨</span>","End":"٨٨","PageNumber":371,"JuzNumber":19,"ManzilNumber":5,"RukuNumber":320,"MaqraNumber":148,"HizbNumber":37,"HizbDecimal":0.75,"HasSajda":false},{"SurahNumber":26,"SurahIndex":"026","VerseNumber":89,"ShowSurahName":false,"ShowBismillah":false,"Text":"إِلَّا مَنۡ أَتَى ٱللَّهَ بِقَلۡبٖ سَلِيمٖ","TajweedText":"إِلَّا مَنْ أَتَى <tajweed class=ham_wasl>ٱ</tajweed>للَّهَ بِقَلْ<tajweed class=ikhafa>بٍ س</tajweed>َل<tajweed class=madda_permissible>ِي</tajweed>مٍ <span class=end>٨٩</span>","End":"٨٩","PageNumber":371,"JuzNumber":19,"ManzilNumber":5,"RukuNumber":320,"MaqraNumber":148,"HizbNumber":37,"HizbDecimal":0.75,"HasSajda":false},{"SurahNumber":26,"SurahIndex":"026","VerseNumber":90,"ShowSurahName":false,"ShowBismillah":false,"Text":"وَأُزۡلِفَتِ ٱلۡجَنَّةُ لِلۡمُتَّقِينَ","TajweedText":"وَأُزْلِفَتِ <tajweed class=ham_wasl>ٱ</tajweed>لْجَ<tajweed class=ghunnah>نّ</tajweed>َةُ لِلْمُتَّق<tajweed class=madda_permissible>ِي</tajweed>نَ <span class=end>٩٠</span>","End":"٩٠","PageNumber":371,"JuzNumber":19,"ManzilNumber":5,"RukuNumber":320,"MaqraNumber":148,"HizbNumber":37,"HizbDecimal":0.75,"HasSajda":false},{"SurahNumber":26,"SurahIndex":"026","VerseNumber":91,"ShowSurahName":false,"ShowBismillah":false,"Text":"وَبُرِّزَتِ ٱلۡجَحِيمُ لِلۡغَاوِينَ","TajweedText":"وَبُرِّزَتِ <tajweed class=ham_wasl>ٱ</tajweed>لْجَحِيمُ لِلْغَاو<tajweed class=madda_permissible>ِي</tajweed>نَ <span class=end>٩١</span>","End":"٩١","PageNumber":371,"JuzNumber":19,"ManzilNumber":5,"RukuNumber":320,"MaqraNumber":148,"HizbNumber":37,"HizbDecimal":0.75,"HasSajda":false},{"SurahNumber":26,"SurahIndex":"026","VerseNumber":92,"ShowSurahName":false,"ShowBismillah":false,"Text":"وَقِيلَ لَهُمۡ أَيۡنَ مَا كُنتُمۡ تَعۡبُدُونَ","TajweedText":"وَقِيلَ لَهُمْ أَيْنَ مَا كُ<tajweed class=ikhafa>نت</tajweed>ُمْ تَعْبُد<tajweed class=madda_permissible>ُو</tajweed>نَ <span class=end>٩٢</span>","End":"٩٢","PageNumber":371,"JuzNumber":19,"ManzilNumber":5,"RukuNumber":320,"MaqraNumber":148,"HizbNumber":37,"HizbDecimal":0.75,"HasSajda":false},{"SurahNumber":26,"SurahIndex":"026","VerseNumber":93,"ShowSurahName":false,"ShowBismillah":false,"Text":"مِن دُونِ ٱللَّهِ هَلۡ يَنصُرُونَكُمۡ أَوۡ يَنتَصِرُونَ","TajweedText":"مِ<tajweed class=ikhafa>ن د</tajweed>ُونِ <tajweed class=ham_wasl>ٱ</tajweed>للَّهِ هَلْ يَ<tajweed class=ikhafa>نص</tajweed>ُرُونَكُمْ أَوْ يَ<tajweed class=ikhafa>نت</tajweed>َصِر<tajweed class=madda_permissible>ُو</tajweed>نَ <span class=end>٩٣</span>","End":"٩٣","PageNumber":371,"JuzNumber":19,"ManzilNumber":5,"RukuNumber":320,"MaqraNumber":148,"HizbNumber":37,"HizbDecimal":0.75,"HasSajda":false},{"SurahNumber":26,"SurahIndex":"026","VerseNumber":94,"ShowSurahName":false,"ShowBismillah":false,"Text":"فَكُبۡكِبُواْ فِيهَا هُمۡ وَٱلۡغَاوُۥنَ","TajweedText":"فَكُ<tajweed class=qalaqah>بْ</tajweed>كِبُو<tajweed class=slnt>اْ</tajweed> فِيهَا هُمْ وَ<tajweed class=ham_wasl>ٱ</tajweed>لْغَاوُ<tajweed class=madda_permissible>ۥ</tajweed>نَ <span class=end>٩٤</span>","End":"٩٤","PageNumber":371,"JuzNumber":19,"ManzilNumber":5,"RukuNumber":320,"MaqraNumber":148,"HizbNumber":37,"HizbDecimal":0.75,"HasSajda":false},{"SurahNumber":26,"SurahIndex":"026","VerseNumber":95,"ShowSurahName":false,"ShowBismillah":false,"Text":"وَجُنُودُ إِبۡلِيسَ أَجۡمَعُونَ","TajweedText":"وَجُنُودُ إِ<tajweed class=qalaqah>بْ</tajweed>لِيسَ أَ<tajweed class=qalaqah>جْ</tajweed>مَع<tajweed class=madda_permissible>ُو</tajweed>نَ <span class=end>٩٥</span>","End":"٩٥","PageNumber":371,"JuzNumber":19,"ManzilNumber":5,"RukuNumber":320,"MaqraNumber":148,"HizbNumber":37,"HizbDecimal":0.75,"HasSajda":false},{"SurahNumber":26,"SurahIndex":"026","VerseNumber":96,"ShowSurahName":false,"ShowBismillah":false,"Text":"قَالُواْ وَهُمۡ فِيهَا يَخۡتَصِمُونَ","TajweedText":"قَالُو<tajweed class=slnt>اْ</tajweed> وَهُمْ فِيهَا يَخْتَصِم<tajweed class=madda_permissible>ُو</tajweed>نَ <span class=end>٩٦</span>","End":"٩٦","PageNumber":371,"JuzNumber":19,"ManzilNumber":5,"RukuNumber":320,"MaqraNumber":148,"HizbNumber":37,"HizbDecimal":0.75,"HasSajda":false},{"SurahNumber":26,"SurahIndex":"026","VerseNumber":97,"ShowSurahName":false,"ShowBismillah":false,"Text":"تَٱللَّهِ إِن كُنَّا لَفِي ضَلَٰلٖ مُّبِينٍ","TajweedText":"تَ<tajweed class=ham_wasl>ٱ</tajweed>للَّهِ إِ<tajweed class=ikhafa>ن ك</tajweed>ُ<tajweed class=ghunnah>نّ</tajweed>َا لَفِى ضَلَ<tajweed class=madda_normal>ـٰ</tajweed><tajweed class=idgham_ghunnah>لٍ م</tajweed>ُّب<tajweed class=madda_permissible>ِي</tajweed>نٍ <span class=end>٩٧</span>","End":"٩٧","PageNumber":371,"JuzNumber":19,"ManzilNumber":5,"RukuNumber":320,"MaqraNumber":148,"HizbNumber":37,"HizbDecimal":0.75,"HasSajda":false},{"SurahNumber":26,"SurahIndex":"026","VerseNumber":98,"ShowSurahName":false,"ShowBismillah":false,"Text":"إِذۡ نُسَوِّيكُم بِرَبِّ ٱلۡعَٰلَمِينَ","TajweedText":"إِذْ نُسَوِّيك<tajweed class=ikhafa_shafawi>ُم ب</tajweed>ِرَبِّ <tajweed class=ham_wasl>ٱ</tajweed>لْعَ<tajweed class=madda_normal>ـٰ</tajweed>لَم<tajweed class=madda_permissible>ِي</tajweed>نَ <span class=end>٩٨</span>","End":"٩٨","PageNumber":371,"JuzNumber":19,"ManzilNumber":5,"RukuNumber":320,"MaqraNumber":148,"HizbNumber":37,"HizbDecimal":0.75,"HasSajda":false},{"SurahNumber":26,"SurahIndex":"026","VerseNumber":99,"ShowSurahName":false,"ShowBismillah":false,"Text":"وَمَآ أَضَلَّنَآ إِلَّا ٱلۡمُجۡرِمُونَ","TajweedText":"وَم<tajweed class=madda_obligatory>َآ</tajweed> أَضَلَّن<tajweed class=madda_obligatory>َآ</tajweed> إِلَّا <tajweed class=ham_wasl>ٱ</tajweed>لْمُ<tajweed class=qalaqah>جْ</tajweed>رِم<tajweed class=madda_permissible>ُو</tajweed>نَ <span class=end>٩٩</span>","End":"٩٩","PageNumber":371,"JuzNumber":19,"ManzilNumber":5,"RukuNumber":320,"MaqraNumber":148,"HizbNumber":37,"HizbDecimal":0.75,"HasSajda":false},{"SurahNumber":26,"SurahIndex":"026","VerseNumber":100,"ShowSurahName":false,"ShowBismillah":false,"Text":"فَمَا لَنَا مِن شَٰفِعِينَ","TajweedText":"فَمَا لَنَا مِ<tajweed class=ikhafa>ن ش</tajweed>َ<tajweed class=madda_normal>ـٰ</tajweed>فِع<tajweed class=madda_permissible>ِي</tajweed>نَ <span class=end>١٠٠</span>","End":"١٠٠","PageNumber":371,"JuzNumber":19,"ManzilNumber":5,"RukuNumber":320,"MaqraNumber":148,"HizbNumber":37,"HizbDecimal":0.75,"HasSajda":false},{"SurahNumber":26,"SurahIndex":"026","VerseNumber":101,"ShowSurahName":false,"ShowBismillah":false,"Text":"وَلَا صَدِيقٍ حَمِيمٖ","TajweedText":"وَلَا صَدِيقٍ حَم<tajweed class=madda_permissible>ِي</tajweed>مٍ <span class=end>١٠١</span>","End":"١٠١","PageNumber":371,"JuzNumber":19,"ManzilNumber":5,"RukuNumber":320,"MaqraNumber":148,"HizbNumber":37,"HizbDecimal":0.75,"HasSajda":false},{"SurahNumber":26,"SurahIndex":"026","VerseNumber":102,"ShowSurahName":false,"ShowBismillah":false,"Text":"فَلَوۡ أَنَّ لَنَا كَرَّةٗ فَنَكُونَ مِنَ ٱلۡمُؤۡمِنِينَ","TajweedText":"فَلَوْ أَ<tajweed class=ghunnah>نّ</tajweed>َ لَنَا كَرَّ<tajweed class=ikhafa>ةً ف</tajweed>َنَكُونَ مِنَ <tajweed class=ham_wasl>ٱ</tajweed>لْمُؤْمِن<tajweed class=madda_permissible>ِي</tajweed>نَ <span class=end>١٠٢</span>","End":"١٠٢","PageNumber":371,"JuzNumber":19,"ManzilNumber":5,"RukuNumber":320,"MaqraNumber":148,"HizbNumber":37,"HizbDecimal":0.75,"HasSajda":false},{"SurahNumber":26,"SurahIndex":"026","VerseNumber":103,"ShowSurahName":false,"ShowBismillah":false,"Text":"إِنَّ فِي ذَٰلِكَ لَأٓيَةٗۖ وَمَا كَانَ أَكۡثَرُهُم مُّؤۡمِنِينَ","TajweedText":"إِ<tajweed class=ghunnah>نّ</tajweed>َ فِى ذ<tajweed class=madda_normal>َٲ</tajweed>لِكَ لَأَيَ<tajweed class=idgham_ghunnah>ةً‌ۖ و</tajweed>َمَا كَانَ أَكْثَرُه<tajweed class=idgham_shafawi>ُم م</tajweed>ُّؤْمِن<tajweed class=madda_permissible>ِي</tajweed>نَ <span class=end>١٠٣</span>","End":"١٠٣","PageNumber":371,"JuzNumber":19,"ManzilNumber":5,"RukuNumber":320,"MaqraNumber":148,"HizbNumber":37,"HizbDecimal":0.75,"HasSajda":false},{"SurahNumber":26,"SurahIndex":"026","VerseNumber":104,"ShowSurahName":false,"ShowBismillah":false,"Text":"وَإِنَّ رَبَّكَ لَهُوَ ٱلۡعَزِيزُ ٱلرَّحِيمُ","TajweedText":"وَإِ<tajweed class=ghunnah>نّ</tajweed>َ رَبَّكَ لَهُوَ <tajweed class=ham_wasl>ٱ</tajweed>لْعَزِيزُ <tajweed class=ham_wasl>ٱ</tajweed><tajweed class=laam_shamsiyah>ل</tajweed>رَّح<tajweed class=madda_permissible>ِي</tajweed>مُ <span class=end>١٠٤</span>","End":"١٠٤","PageNumber":371,"JuzNumber":19,"ManzilNumber":5,"RukuNumber":320,"MaqraNumber":148,"HizbNumber":37,"HizbDecimal":0.75,"HasSajda":false}]}