{"RukuNumber":118,"Verses":[{"SurahNumber":6,"SurahIndex":"006","VerseNumber":141,"ShowSurahName":false,"ShowBismillah":false,"Text":"۞وَهُوَ ٱلَّذِيٓ أَنشَأَ جَنَّـٰتٖ مَّعۡرُوشَٰتٖ وَغَيۡرَ مَعۡرُوشَٰتٖ وَٱلنَّخۡلَ وَٱلزَّرۡعَ مُخۡتَلِفًا أُكُلُهُۥ وَٱلزَّيۡتُونَ وَٱلرُّمَّانَ مُتَشَٰبِهٗا وَغَيۡرَ مُتَشَٰبِهٖۚ كُلُواْ مِن ثَمَرِهِۦٓ إِذَآ أَثۡمَرَ وَءَاتُواْ حَقَّهُۥ يَوۡمَ حَصَادِهِۦۖ وَلَا تُسۡرِفُوٓاْۚ إِنَّهُۥ لَا يُحِبُّ ٱلۡمُسۡرِفِينَ","TajweedText":"۞ وَهُوَ <tajweed class=ham_wasl>ٱ</tajweed>لَّذ<tajweed class=madda_obligatory>ِىٓ</tajweed> أَ<tajweed class=ikhafa>نش</tajweed>َأَ جَ<tajweed class=ghunnah>نّ</tajweed>َ<tajweed class=madda_normal>ـٰ</tajweed><tajweed class=idgham_ghunnah>تٍ م</tajweed>َّعْرُوشَ<tajweed class=madda_normal>ـٰ</tajweed><tajweed class=idgham_ghunnah>تٍ و</tajweed>َغَيْرَ مَعْرُوشَ<tajweed class=madda_normal>ـٰ</tajweed><tajweed class=idgham_ghunnah>تٍ و</tajweed>َ<tajweed class=ham_wasl>ٱ</tajweed><tajweed class=laam_shamsiyah>ل</tajweed><tajweed class=ghunnah>نّ</tajweed>َخْلَ وَ<tajweed class=ham_wasl>ٱ</tajweed><tajweed class=laam_shamsiyah>ل</tajweed>زَّرْعَ مُخْتَلِفًا أُكُلُهُ<tajweed class=madda_normal>ۥ</tajweed> وَ<tajweed class=ham_wasl>ٱ</tajweed><tajweed class=laam_shamsiyah>ل</tajweed>زَّيْتُونَ وَ<tajweed class=ham_wasl>ٱ</tajweed><tajweed class=laam_shamsiyah>ل</tajweed>رُّ<tajweed class=ghunnah>مّ</tajweed>َانَ مُتَشَ<tajweed class=madda_normal>ـٰ</tajweed>بِ<tajweed class=idgham_ghunnah>هًا و</tajweed>َغَيْرَ مُتَشَ<tajweed class=madda_normal>ـٰ</tajweed>بِ<tajweed class=ikhafa>هٍ‌ۚ ك</tajweed>ُلُو<tajweed class=slnt>اْ</tajweed> مِ<tajweed class=ikhafa>ن ث</tajweed>َمَرِه<tajweed class=madda_obligatory>ِۦٓ</tajweed> إِذ<tajweed class=madda_obligatory>َآ</tajweed> أَثْمَرَ وَءَاتُو<tajweed class=slnt>اْ</tajweed> حَقَّهُ<tajweed class=madda_normal>ۥ</tajweed> يَوْمَ حَصَادِه<tajweed class=madda_normal>ِۦ</tajweed>‌ۖ وَلَا تُسْرِف<tajweed class=madda_obligatory>ُوٓ<tajweed class=slnt>اْ</tajweed>‌ۚ</tajweed> إِ<tajweed class=ghunnah>نّ</tajweed>َهُ<tajweed class=madda_normal>ۥ</tajweed> لَا يُحِبُّ <tajweed class=ham_wasl>ٱ</tajweed>لْمُسْرِف<tajweed class=madda_permissible>ِي</tajweed>نَ <span class=end>١٤١</span>","End":"١٤١","PageNumber":146,"JuzNumber":8,"ManzilNumber":2,"RukuNumber":118,"MaqraNumber":59,"HizbNumber":15,"HizbDecimal":0.5,"HasSajda":false},{"SurahNumber":6,"SurahIndex":"006","VerseNumber":142,"ShowSurahName":false,"ShowBismillah":false,"Text":"وَمِنَ ٱلۡأَنۡعَٰمِ حَمُولَةٗ وَفَرۡشٗاۚ كُلُواْ مِمَّا رَزَقَكُمُ ٱللَّهُ وَلَا تَتَّبِعُواْ خُطُوَٰتِ ٱلشَّيۡطَٰنِۚ إِنَّهُۥ لَكُمۡ عَدُوّٞ مُّبِينٞ","TajweedText":"وَمِنَ <tajweed class=ham_wasl>ٱ</tajweed>لْأَنْعَ<tajweed class=madda_normal>ـٰ</tajweed>مِ حَمُولَ<tajweed class=idgham_ghunnah>ةً و</tajweed>َفَرْ<tajweed class=ikhafa>شًا‌ۚ ك</tajweed>ُلُو<tajweed class=slnt>اْ</tajweed> مِ<tajweed class=ghunnah>مّ</tajweed>َا رَزَقَكُمُ <tajweed class=ham_wasl>ٱ</tajweed>للَّهُ وَلَا تَتَّبِعُو<tajweed class=slnt>اْ</tajweed> خُطُو<tajweed class=madda_normal>َٲ</tajweed>تِ <tajweed class=ham_wasl>ٱ</tajweed><tajweed class=laam_shamsiyah>ل</tajweed>شَّيْطَ<tajweed class=madda_normal>ـٰ</tajweed>نِ‌ۚ إِ<tajweed class=ghunnah>نّ</tajweed>َهُ<tajweed class=madda_normal>ۥ</tajweed> لَكُمْ عَدُ<tajweed class=idgham_ghunnah>وٌّ م</tajweed>ُّب<tajweed class=madda_permissible>ِي</tajweed>نٌ <span class=end>١٤٢</span>","End":"١٤٢","PageNumber":146,"JuzNumber":8,"ManzilNumber":2,"RukuNumber":118,"MaqraNumber":59,"HizbNumber":15,"HizbDecimal":0.5,"HasSajda":false},{"SurahNumber":6,"SurahIndex":"006","VerseNumber":143,"ShowSurahName":false,"ShowBismillah":false,"Text":"ثَمَٰنِيَةَ أَزۡوَٰجٖۖ مِّنَ ٱلضَّأۡنِ ٱثۡنَيۡنِ وَمِنَ ٱلۡمَعۡزِ ٱثۡنَيۡنِۗ قُلۡ ءَآلذَّكَرَيۡنِ حَرَّمَ أَمِ ٱلۡأُنثَيَيۡنِ أَمَّا ٱشۡتَمَلَتۡ عَلَيۡهِ أَرۡحَامُ ٱلۡأُنثَيَيۡنِۖ نَبِّـُٔونِي بِعِلۡمٍ إِن كُنتُمۡ صَٰدِقِينَ","TajweedText":"ثَمَ<tajweed class=madda_normal>ـٰ</tajweed>نِيَةَ أَزْو<tajweed class=madda_normal>َٲ</tajweed><tajweed class=idgham_ghunnah>جٍ‌ۖ م</tajweed>ِّنَ <tajweed class=ham_wasl>ٱ</tajweed><tajweed class=laam_shamsiyah>ل</tajweed>ضَّأْنِ <tajweed class=ham_wasl>ٱ</tajweed>ثْنَيْنِ وَمِنَ <tajweed class=ham_wasl>ٱ</tajweed>لْمَعْزِ <tajweed class=ham_wasl>ٱ</tajweed>ثْنَيْنِ‌ۗ قُلْ ءَآلذَّكَرَيْنِ حَرَّمَ أَمِ <tajweed class=ham_wasl>ٱ</tajweed>لْأُ<tajweed class=ikhafa>نث</tajweed>َيَيْنِ أَ<tajweed class=ghunnah>مّ</tajweed>َا <tajweed class=ham_wasl>ٱ</tajweed>شْتَمَلَتْ عَلَيْهِ أَرْحَامُ <tajweed class=ham_wasl>ٱ</tajweed>لْأُ<tajweed class=ikhafa>نث</tajweed>َيَيْنِ‌ۖ نَبِّــُٔونِى بِعِلْمٍ إِ<tajweed class=ikhafa>ن ك</tajweed>ُ<tajweed class=ikhafa>نت</tajweed>ُمْ صَ<tajweed class=madda_normal>ـٰ</tajweed>دِق<tajweed class=madda_permissible>ِي</tajweed>نَ <span class=end>١٤٣</span>","End":"١٤٣","PageNumber":147,"JuzNumber":8,"ManzilNumber":2,"RukuNumber":118,"MaqraNumber":59,"HizbNumber":15,"HizbDecimal":0.5,"HasSajda":false},{"SurahNumber":6,"SurahIndex":"006","VerseNumber":144,"ShowSurahName":false,"ShowBismillah":false,"Text":"وَمِنَ ٱلۡإِبِلِ ٱثۡنَيۡنِ وَمِنَ ٱلۡبَقَرِ ٱثۡنَيۡنِۗ قُلۡ ءَآلذَّكَرَيۡنِ حَرَّمَ أَمِ ٱلۡأُنثَيَيۡنِ أَمَّا ٱشۡتَمَلَتۡ عَلَيۡهِ أَرۡحَامُ ٱلۡأُنثَيَيۡنِۖ أَمۡ كُنتُمۡ شُهَدَآءَ إِذۡ وَصَّىٰكُمُ ٱللَّهُ بِهَٰذَاۚ فَمَنۡ أَظۡلَمُ مِمَّنِ ٱفۡتَرَىٰ عَلَى ٱللَّهِ كَذِبٗا لِّيُضِلَّ ٱلنَّاسَ بِغَيۡرِ عِلۡمٍۚ إِنَّ ٱللَّهَ لَا يَهۡدِي ٱلۡقَوۡمَ ٱلظَّـٰلِمِينَ","TajweedText":"وَمِنَ <tajweed class=ham_wasl>ٱ</tajweed>لْإِبِلِ <tajweed class=ham_wasl>ٱ</tajweed>ثْنَيْنِ وَمِنَ <tajweed class=ham_wasl>ٱ</tajweed>لْبَقَرِ <tajweed class=ham_wasl>ٱ</tajweed>ثْنَيْنِ‌ۗ قُلْ ءَآلذَّكَرَيْنِ حَرَّمَ أَمِ <tajweed class=ham_wasl>ٱ</tajweed>لْأُ<tajweed class=ikhafa>نث</tajweed>َيَيْنِ أَ<tajweed class=ghunnah>مّ</tajweed>َا <tajweed class=ham_wasl>ٱ</tajweed>شْتَمَلَتْ عَلَيْهِ أَرْحَامُ <tajweed class=ham_wasl>ٱ</tajweed>لْأُ<tajweed class=ikhafa>نث</tajweed>َيَيْنِ‌ۖ أَمْ كُ<tajweed class=ikhafa>نت</tajweed>ُمْ شُهَد<tajweed class=madda_obligatory>َا</tajweed>ٓءَ إِذْ وَصَّ<tajweed class=madda_normal>ـٰ</tajweed>كُمُ <tajweed class=ham_wasl>ٱ</tajweed>للَّهُ بِهَ<tajweed class=madda_normal>ـٰ</tajweed>ذَا‌ۚ فَمَنْ أَظْلَمُ مِ<tajweed class=ghunnah>مّ</tajweed>َنِ <tajweed class=ham_wasl>ٱ</tajweed>فْتَرَىٰ عَلَى <tajweed class=ham_wasl>ٱ</tajweed>للَّهِ كَذِ<tajweed class=idgham_wo_ghunnah>بًا ل</tajweed>ِّيُضِلَّ <tajweed class=ham_wasl>ٱ</tajweed><tajweed class=laam_shamsiyah>ل</tajweed><tajweed class=ghunnah>نّ</tajweed>َاسَ بِغَيْرِ عِلْمٍ‌ۗ إِ<tajweed class=ghunnah>نّ</tajweed>َ <tajweed class=ham_wasl>ٱ</tajweed>للَّهَ لَا يَهْدِى <tajweed class=ham_wasl>ٱ</tajweed>لْقَوْمَ <tajweed class=ham_wasl>ٱ</tajweed><tajweed class=laam_shamsiyah>ل</tajweed>ظَّ<tajweed class=madda_normal>ـٰ</tajweed>لِم<tajweed class=madda_permissible>ِي</tajweed>نَ <span class=end>١٤٤</span>","End":"١٤٤","PageNumber":147,"JuzNumber":8,"ManzilNumber":2,"RukuNumber":118,"MaqraNumber":59,"HizbNumber":15,"HizbDecimal":0.5,"HasSajda":false}]}