{"RukuNumber":318,"Verses":[{"SurahNumber":26,"SurahIndex":"026","VerseNumber":34,"ShowSurahName":false,"ShowBismillah":false,"Text":"قَالَ لِلۡمَلَإِ حَوۡلَهُۥٓ إِنَّ هَٰذَا لَسَٰحِرٌ عَلِيمٞ","TajweedText":"قَالَ لِلْمَلَإِ حَوْلَهُ<tajweed class=madda_obligatory>ۥٓ</tajweed> إِ<tajweed class=ghunnah>نّ</tajweed>َ هَ<tajweed class=madda_normal>ـٰ</tajweed>ذَا لَسَ<tajweed class=madda_normal>ـٰ</tajweed>حِرٌ عَل<tajweed class=madda_permissible>ِي</tajweed>مٌ <span class=end>٣٤</span>","End":"٣٤","PageNumber":368,"JuzNumber":19,"ManzilNumber":5,"RukuNumber":318,"MaqraNumber":147,"HizbNumber":37,"HizbDecimal":0.5,"HasSajda":false},{"SurahNumber":26,"SurahIndex":"026","VerseNumber":35,"ShowSurahName":false,"ShowBismillah":false,"Text":"يُرِيدُ أَن يُخۡرِجَكُم مِّنۡ أَرۡضِكُم بِسِحۡرِهِۦ فَمَاذَا تَأۡمُرُونَ","TajweedText":"يُرِيدُ أ<tajweed class=idgham_ghunnah>َن ي</tajweed>ُخْرِجَك<tajweed class=idgham_shafawi>ُم م</tajweed>ِّنْ أَرْضِك<tajweed class=ikhafa_shafawi>ُم ب</tajweed>ِسِحْرِه<tajweed class=madda_normal>ِۦ</tajweed> فَمَاذَا تَأْمُر<tajweed class=madda_permissible>ُو</tajweed>نَ <span class=end>٣٥</span>","End":"٣٥","PageNumber":368,"JuzNumber":19,"ManzilNumber":5,"RukuNumber":318,"MaqraNumber":147,"HizbNumber":37,"HizbDecimal":0.5,"HasSajda":false},{"SurahNumber":26,"SurahIndex":"026","VerseNumber":36,"ShowSurahName":false,"ShowBismillah":false,"Text":"قَالُوٓاْ أَرۡجِهۡ وَأَخَاهُ وَٱبۡعَثۡ فِي ٱلۡمَدَآئِنِ حَٰشِرِينَ","TajweedText":"قَال<tajweed class=madda_obligatory>ُوٓ</tajweed><tajweed class=slnt>اْ</tajweed> أَرْجِهْ وَأَخَاهُ وَ<tajweed class=ham_wasl>ٱ</tajweed><tajweed class=qalaqah>بْ</tajweed>عَثْ فِى <tajweed class=ham_wasl>ٱ</tajweed>لْمَد<tajweed class=madda_obligatory>َا</tajweed>ٓئِنِ حَ<tajweed class=madda_normal>ـٰ</tajweed>شِر<tajweed class=madda_permissible>ِي</tajweed>نَ <span class=end>٣٦</span>","End":"٣٦","PageNumber":368,"JuzNumber":19,"ManzilNumber":5,"RukuNumber":318,"MaqraNumber":147,"HizbNumber":37,"HizbDecimal":0.5,"HasSajda":false},{"SurahNumber":26,"SurahIndex":"026","VerseNumber":37,"ShowSurahName":false,"ShowBismillah":false,"Text":"يَأۡتُوكَ بِكُلِّ سَحَّارٍ عَلِيمٖ","TajweedText":"يَأْتُوكَ بِكُلِّ سَحَّارٍ عَل<tajweed class=madda_permissible>ِي</tajweed>مٍ <span class=end>٣٧</span>","End":"٣٧","PageNumber":368,"JuzNumber":19,"ManzilNumber":5,"RukuNumber":318,"MaqraNumber":147,"HizbNumber":37,"HizbDecimal":0.5,"HasSajda":false},{"SurahNumber":26,"SurahIndex":"026","VerseNumber":38,"ShowSurahName":false,"ShowBismillah":false,"Text":"فَجُمِعَ ٱلسَّحَرَةُ لِمِيقَٰتِ يَوۡمٖ مَّعۡلُومٖ","TajweedText":"فَجُمِعَ <tajweed class=ham_wasl>ٱ</tajweed><tajweed class=laam_shamsiyah>ل</tajweed>سَّحَرَةُ لِمِيقَ<tajweed class=madda_normal>ـٰ</tajweed>تِ يَوْ<tajweed class=idgham_ghunnah>مٍ م</tajweed>َّعْل<tajweed class=madda_permissible>ُو</tajweed>مٍ <span class=end>٣٨</span>","End":"٣٨","PageNumber":368,"JuzNumber":19,"ManzilNumber":5,"RukuNumber":318,"MaqraNumber":147,"HizbNumber":37,"HizbDecimal":0.5,"HasSajda":false},{"SurahNumber":26,"SurahIndex":"026","VerseNumber":39,"ShowSurahName":false,"ShowBismillah":false,"Text":"وَقِيلَ لِلنَّاسِ هَلۡ أَنتُم مُّجۡتَمِعُونَ","TajweedText":"وَقِيلَ لِل<tajweed class=ghunnah>نّ</tajweed>َاسِ هَلْ أَ<tajweed class=ikhafa>نت</tajweed><tajweed class=idgham_shafawi>ُم م</tajweed>ُّ<tajweed class=qalaqah>جْ</tajweed>تَمِع<tajweed class=madda_permissible>ُو</tajweed>نَ <span class=end>٣٩</span>","End":"٣٩","PageNumber":368,"JuzNumber":19,"ManzilNumber":5,"RukuNumber":318,"MaqraNumber":147,"HizbNumber":37,"HizbDecimal":0.5,"HasSajda":false},{"SurahNumber":26,"SurahIndex":"026","VerseNumber":40,"ShowSurahName":false,"ShowBismillah":false,"Text":"لَعَلَّنَا نَتَّبِعُ ٱلسَّحَرَةَ إِن كَانُواْ هُمُ ٱلۡغَٰلِبِينَ","TajweedText":"لَعَلَّنَا نَتَّبِعُ <tajweed class=ham_wasl>ٱ</tajweed><tajweed class=laam_shamsiyah>ل</tajweed>سَّحَرَةَ إِ<tajweed class=ikhafa>ن ك</tajweed>َانُو<tajweed class=slnt>اْ</tajweed> هُمُ <tajweed class=ham_wasl>ٱ</tajweed>لْغَ<tajweed class=madda_normal>ـٰ</tajweed>لِب<tajweed class=madda_permissible>ِي</tajweed>نَ <span class=end>٤٠</span>","End":"٤٠","PageNumber":369,"JuzNumber":19,"ManzilNumber":5,"RukuNumber":318,"MaqraNumber":147,"HizbNumber":37,"HizbDecimal":0.5,"HasSajda":false},{"SurahNumber":26,"SurahIndex":"026","VerseNumber":41,"ShowSurahName":false,"ShowBismillah":false,"Text":"فَلَمَّا جَآءَ ٱلسَّحَرَةُ قَالُواْ لِفِرۡعَوۡنَ أَئِنَّ لَنَا لَأَجۡرًا إِن كُنَّا نَحۡنُ ٱلۡغَٰلِبِينَ","TajweedText":"فَلَ<tajweed class=ghunnah>مّ</tajweed>َا ج<tajweed class=madda_obligatory>َا</tajweed>ٓءَ <tajweed class=ham_wasl>ٱ</tajweed><tajweed class=laam_shamsiyah>ل</tajweed>سَّحَرَةُ قَالُو<tajweed class=slnt>اْ</tajweed> لِفِرْعَوْنَ أَئِ<tajweed class=ghunnah>نّ</tajweed>َ لَنَا لَأَ<tajweed class=qalaqah>جْ</tajweed>رًا إِ<tajweed class=ikhafa>ن ك</tajweed>ُ<tajweed class=ghunnah>نّ</tajweed>َا نَحْنُ <tajweed class=ham_wasl>ٱ</tajweed>لْغَ<tajweed class=madda_normal>ـٰ</tajweed>لِب<tajweed class=madda_permissible>ِي</tajweed>نَ <span class=end>٤١</span>","End":"٤١","PageNumber":369,"JuzNumber":19,"ManzilNumber":5,"RukuNumber":318,"MaqraNumber":147,"HizbNumber":37,"HizbDecimal":0.5,"HasSajda":false},{"SurahNumber":26,"SurahIndex":"026","VerseNumber":42,"ShowSurahName":false,"ShowBismillah":false,"Text":"قَالَ نَعَمۡ وَإِنَّكُمۡ إِذٗا لَّمِنَ ٱلۡمُقَرَّبِينَ","TajweedText":"قَالَ نَعَمْ وَإِ<tajweed class=ghunnah>نّ</tajweed>َكُمْ إِ<tajweed class=idgham_wo_ghunnah>ذًا ل</tajweed>َّمِنَ <tajweed class=ham_wasl>ٱ</tajweed>لْمُقَرَّب<tajweed class=madda_permissible>ِي</tajweed>نَ <span class=end>٤٢</span>","End":"٤٢","PageNumber":369,"JuzNumber":19,"ManzilNumber":5,"RukuNumber":318,"MaqraNumber":147,"HizbNumber":37,"HizbDecimal":0.5,"HasSajda":false},{"SurahNumber":26,"SurahIndex":"026","VerseNumber":43,"ShowSurahName":false,"ShowBismillah":false,"Text":"قَالَ لَهُم مُّوسَىٰٓ أَلۡقُواْ مَآ أَنتُم مُّلۡقُونَ","TajweedText":"قَالَ لَه<tajweed class=idgham_shafawi>ُم م</tajweed>ُّوسَ<tajweed class=madda_obligatory>ىٰٓ</tajweed> أَلْقُو<tajweed class=slnt>اْ</tajweed> م<tajweed class=madda_obligatory>َآ</tajweed> أَ<tajweed class=ikhafa>نت</tajweed><tajweed class=idgham_shafawi>ُم م</tajweed>ُّلْق<tajweed class=madda_permissible>ُو</tajweed>نَ <span class=end>٤٣</span>","End":"٤٣","PageNumber":369,"JuzNumber":19,"ManzilNumber":5,"RukuNumber":318,"MaqraNumber":147,"HizbNumber":37,"HizbDecimal":0.5,"HasSajda":false},{"SurahNumber":26,"SurahIndex":"026","VerseNumber":44,"ShowSurahName":false,"ShowBismillah":false,"Text":"فَأَلۡقَوۡاْ حِبَالَهُمۡ وَعِصِيَّهُمۡ وَقَالُواْ بِعِزَّةِ فِرۡعَوۡنَ إِنَّا لَنَحۡنُ ٱلۡغَٰلِبُونَ","TajweedText":"فَأَلْقَوْ<tajweed class=slnt>اْ</tajweed> حِبَالَهُمْ وَعِصِيَّهُمْ وَقَالُو<tajweed class=slnt>اْ</tajweed> بِعِزَّةِ فِرْعَوْنَ إِ<tajweed class=ghunnah>نّ</tajweed>َا لَنَحْنُ <tajweed class=ham_wasl>ٱ</tajweed>لْغَ<tajweed class=madda_normal>ـٰ</tajweed>لِب<tajweed class=madda_permissible>ُو</tajweed>نَ <span class=end>٤٤</span>","End":"٤٤","PageNumber":369,"JuzNumber":19,"ManzilNumber":5,"RukuNumber":318,"MaqraNumber":147,"HizbNumber":37,"HizbDecimal":0.5,"HasSajda":false},{"SurahNumber":26,"SurahIndex":"026","VerseNumber":45,"ShowSurahName":false,"ShowBismillah":false,"Text":"فَأَلۡقَىٰ مُوسَىٰ عَصَاهُ فَإِذَا هِيَ تَلۡقَفُ مَا يَأۡفِكُونَ","TajweedText":"فَأَلْقَىٰ مُوسَىٰ عَصَاهُ فَإِذَا هِىَ تَلْقَفُ مَا يَأْفِك<tajweed class=madda_permissible>ُو</tajweed>نَ <span class=end>٤٥</span>","End":"٤٥","PageNumber":369,"JuzNumber":19,"ManzilNumber":5,"RukuNumber":318,"MaqraNumber":147,"HizbNumber":37,"HizbDecimal":0.5,"HasSajda":false},{"SurahNumber":26,"SurahIndex":"026","VerseNumber":46,"ShowSurahName":false,"ShowBismillah":false,"Text":"فَأُلۡقِيَ ٱلسَّحَرَةُ سَٰجِدِينَ","TajweedText":"فَأُلْقِىَ <tajweed class=ham_wasl>ٱ</tajweed><tajweed class=laam_shamsiyah>ل</tajweed>سَّحَرَةُ سَ<tajweed class=madda_normal>ـٰ</tajweed>جِد<tajweed class=madda_permissible>ِي</tajweed>نَ <span class=end>٤٦</span>","End":"٤٦","PageNumber":369,"JuzNumber":19,"ManzilNumber":5,"RukuNumber":318,"MaqraNumber":147,"HizbNumber":37,"HizbDecimal":0.5,"HasSajda":false},{"SurahNumber":26,"SurahIndex":"026","VerseNumber":47,"ShowSurahName":false,"ShowBismillah":false,"Text":"قَالُوٓاْ ءَامَنَّا بِرَبِّ ٱلۡعَٰلَمِينَ","TajweedText":"قَال<tajweed class=madda_obligatory>ُوٓ</tajweed><tajweed class=slnt>اْ</tajweed> ءَامَ<tajweed class=ghunnah>نّ</tajweed>َا بِرَبِّ <tajweed class=ham_wasl>ٱ</tajweed>لْعَ<tajweed class=madda_normal>ـٰ</tajweed>لَم<tajweed class=madda_permissible>ِي</tajweed>نَ <span class=end>٤٧</span>","End":"٤٧","PageNumber":369,"JuzNumber":19,"ManzilNumber":5,"RukuNumber":318,"MaqraNumber":147,"HizbNumber":37,"HizbDecimal":0.5,"HasSajda":false},{"SurahNumber":26,"SurahIndex":"026","VerseNumber":48,"ShowSurahName":false,"ShowBismillah":false,"Text":"رَبِّ مُوسَىٰ وَهَٰرُونَ","TajweedText":"رَبِّ مُوسَىٰ وَهَ<tajweed class=madda_normal>ـٰ</tajweed>ر<tajweed class=madda_permissible>ُو</tajweed>نَ <span class=end>٤٨</span>","End":"٤٨","PageNumber":369,"JuzNumber":19,"ManzilNumber":5,"RukuNumber":318,"MaqraNumber":147,"HizbNumber":37,"HizbDecimal":0.5,"HasSajda":false},{"SurahNumber":26,"SurahIndex":"026","VerseNumber":49,"ShowSurahName":false,"ShowBismillah":false,"Text":"قَالَ ءَامَنتُمۡ لَهُۥ قَبۡلَ أَنۡ ءَاذَنَ لَكُمۡۖ إِنَّهُۥ لَكَبِيرُكُمُ ٱلَّذِي عَلَّمَكُمُ ٱلسِّحۡرَ فَلَسَوۡفَ تَعۡلَمُونَۚ لَأُقَطِّعَنَّ أَيۡدِيَكُمۡ وَأَرۡجُلَكُم مِّنۡ خِلَٰفٖ وَلَأُصَلِّبَنَّكُمۡ أَجۡمَعِينَ","TajweedText":"قَالَ ءَامَ<tajweed class=ikhafa>نت</tajweed>ُمْ لَهُ<tajweed class=madda_normal>ۥ</tajweed> قَ<tajweed class=qalaqah>بْ</tajweed>لَ أَنْ ءَاذَنَ لَكُمْ‌ۖ إِ<tajweed class=ghunnah>نّ</tajweed>َهُ<tajweed class=madda_normal>ۥ</tajweed> لَكَبِيرُكُمُ <tajweed class=ham_wasl>ٱ</tajweed>لَّذِى عَلَّمَكُمُ <tajweed class=ham_wasl>ٱ</tajweed><tajweed class=laam_shamsiyah>ل</tajweed>سِّحْرَ فَلَسَوْفَ تَعْلَمُونَ‌ۚ لَأُقَطِّعَ<tajweed class=ghunnah>نّ</tajweed>َ أَيْدِيَكُمْ وَأَرْجُلَك<tajweed class=idgham_shafawi>ُم م</tajweed>ِّنْ خِلَ<tajweed class=madda_normal>ـٰ</tajweed><tajweed class=idgham_ghunnah>فٍ و</tajweed>َلَأُصَلِّبَ<tajweed class=ghunnah>نّ</tajweed>َكُمْ أَ<tajweed class=qalaqah>جْ</tajweed>مَع<tajweed class=madda_permissible>ِي</tajweed>نَ <span class=end>٤٩</span>","End":"٤٩","PageNumber":369,"JuzNumber":19,"ManzilNumber":5,"RukuNumber":318,"MaqraNumber":147,"HizbNumber":37,"HizbDecimal":0.5,"HasSajda":false},{"SurahNumber":26,"SurahIndex":"026","VerseNumber":50,"ShowSurahName":false,"ShowBismillah":false,"Text":"قَالُواْ لَا ضَيۡرَۖ إِنَّآ إِلَىٰ رَبِّنَا مُنقَلِبُونَ","TajweedText":"قَالُو<tajweed class=slnt>اْ</tajweed> لَا ضَيْرَ‌ۖ إِ<tajweed class=ghunnah>نّ</tajweed><tajweed class=madda_obligatory>َآ</tajweed> إِلَىٰ رَبِّنَا مُ<tajweed class=ikhafa>نق</tajweed>َلِب<tajweed class=madda_permissible>ُو</tajweed>نَ <span class=end>٥٠</span>","End":"٥٠","PageNumber":369,"JuzNumber":19,"ManzilNumber":5,"RukuNumber":318,"MaqraNumber":147,"HizbNumber":37,"HizbDecimal":0.5,"HasSajda":false},{"SurahNumber":26,"SurahIndex":"026","VerseNumber":51,"ShowSurahName":false,"ShowBismillah":false,"Text":"إِنَّا نَطۡمَعُ أَن يَغۡفِرَ لَنَا رَبُّنَا خَطَٰيَٰنَآ أَن كُنَّآ أَوَّلَ ٱلۡمُؤۡمِنِينَ","TajweedText":"إِ<tajweed class=ghunnah>نّ</tajweed>َا نَ<tajweed class=qalaqah>طْ</tajweed>مَعُ أ<tajweed class=idgham_ghunnah>َن ي</tajweed>َغْفِرَ لَنَا رَبُّنَا خَطَ<tajweed class=madda_normal>ـٰ</tajweed>يَ<tajweed class=madda_normal>ـٰ</tajweed>ن<tajweed class=madda_obligatory>َآ</tajweed> أَ<tajweed class=ikhafa>ن ك</tajweed>ُ<tajweed class=ghunnah>نّ</tajweed><tajweed class=madda_obligatory>َآ</tajweed> أَوَّلَ <tajweed class=ham_wasl>ٱ</tajweed>لْمُؤْمِن<tajweed class=madda_permissible>ِي</tajweed>نَ <span class=end>٥١</span>","End":"٥١","PageNumber":369,"JuzNumber":19,"ManzilNumber":5,"RukuNumber":318,"MaqraNumber":147,"HizbNumber":37,"HizbDecimal":0.5,"HasSajda":false},{"SurahNumber":26,"SurahIndex":"026","VerseNumber":52,"ShowSurahName":false,"ShowBismillah":false,"Text":"۞وَأَوۡحَيۡنَآ إِلَىٰ مُوسَىٰٓ أَنۡ أَسۡرِ بِعِبَادِيٓ إِنَّكُم مُّتَّبَعُونَ","TajweedText":"۞ وَأَوْحَيْن<tajweed class=madda_obligatory>َآ</tajweed> إِلَىٰ مُوسَ<tajweed class=madda_obligatory>ىٰٓ</tajweed> أَنْ أَسْرِ بِعِبَاد<tajweed class=madda_obligatory>ِىٓ</tajweed> إِ<tajweed class=ghunnah>نّ</tajweed>َك<tajweed class=idgham_shafawi>ُم م</tajweed>ُّتَّبَع<tajweed class=madda_permissible>ُو</tajweed>نَ <span class=end>٥٢</span>","End":"٥٢","PageNumber":369,"JuzNumber":19,"ManzilNumber":5,"RukuNumber":318,"MaqraNumber":148,"HizbNumber":37,"HizbDecimal":0.75,"HasSajda":false}]}