{"RukuNumber":274,"Verses":[{"SurahNumber":20,"SurahIndex":"020","VerseNumber":90,"ShowSurahName":false,"ShowBismillah":false,"Text":"وَلَقَدۡ قَالَ لَهُمۡ هَٰرُونُ مِن قَبۡلُ يَٰقَوۡمِ إِنَّمَا فُتِنتُم بِهِۦۖ وَإِنَّ رَبَّكُمُ ٱلرَّحۡمَٰنُ فَٱتَّبِعُونِي وَأَطِيعُوٓاْ أَمۡرِي","TajweedText":"وَلَقَ<tajweed class=qalaqah>دْ</tajweed> قَالَ لَهُمْ هَ<tajweed class=madda_normal>ـٰ</tajweed>رُونُ مِ<tajweed class=ikhafa>ن ق</tajweed>َ<tajweed class=qalaqah>بْ</tajweed>لُ يَ<tajweed class=madda_normal>ـٰ</tajweed>قَوْمِ إِ<tajweed class=ghunnah>نّ</tajweed>َمَا فُتِ<tajweed class=ikhafa>نت</tajweed><tajweed class=ikhafa_shafawi>ُم ب</tajweed>ِه<tajweed class=madda_normal>ِۦ</tajweed>‌ۖ وَإِ<tajweed class=ghunnah>نّ</tajweed>َ رَبَّكُمُ <tajweed class=ham_wasl>ٱ</tajweed><tajweed class=laam_shamsiyah>ل</tajweed>رَّحْمَ<tajweed class=madda_normal>ـٰ</tajweed>نُ فَ<tajweed class=ham_wasl>ٱ</tajweed>تَّبِعُونِى وَأَطِيع<tajweed class=madda_obligatory>ُوٓ</tajweed><tajweed class=slnt>اْ</tajweed> أَمْرِى <span class=end>٩٠</span>","End":"٩٠","PageNumber":318,"JuzNumber":16,"ManzilNumber":4,"RukuNumber":274,"MaqraNumber":127,"HizbNumber":32,"HizbDecimal":0.5,"HasSajda":false},{"SurahNumber":20,"SurahIndex":"020","VerseNumber":91,"ShowSurahName":false,"ShowBismillah":false,"Text":"قَالُواْ لَن نَّبۡرَحَ عَلَيۡهِ عَٰكِفِينَ حَتَّىٰ يَرۡجِعَ إِلَيۡنَا مُوسَىٰ","TajweedText":"قَالُو<tajweed class=slnt>اْ</tajweed> ل<tajweed class=idgham_ghunnah>َن ن</tajweed>َّ<tajweed class=qalaqah>بْ</tajweed>رَحَ عَلَيْهِ عَ<tajweed class=madda_normal>ـٰ</tajweed>كِفِينَ حَتَّىٰ يَرْجِعَ إِلَيْنَا مُوسَىٰ <span class=end>٩١</span>","End":"٩١","PageNumber":318,"JuzNumber":16,"ManzilNumber":4,"RukuNumber":274,"MaqraNumber":127,"HizbNumber":32,"HizbDecimal":0.5,"HasSajda":false},{"SurahNumber":20,"SurahIndex":"020","VerseNumber":92,"ShowSurahName":false,"ShowBismillah":false,"Text":"قَالَ يَٰهَٰرُونُ مَا مَنَعَكَ إِذۡ رَأَيۡتَهُمۡ ضَلُّوٓاْ","TajweedText":"قَالَ يَ<tajweed class=madda_normal>ـٰ</tajweed>هَ<tajweed class=madda_normal>ـٰ</tajweed>رُونُ مَا مَنَعَكَ إِذْ رَأَيْتَهُمْ ضَلُّوٓ<tajweed class=slnt>اْ</tajweed> <span class=end>٩٢</span>","End":"٩٢","PageNumber":318,"JuzNumber":16,"ManzilNumber":4,"RukuNumber":274,"MaqraNumber":127,"HizbNumber":32,"HizbDecimal":0.5,"HasSajda":false},{"SurahNumber":20,"SurahIndex":"020","VerseNumber":93,"ShowSurahName":false,"ShowBismillah":false,"Text":"أَلَّا تَتَّبِعَنِۖ أَفَعَصَيۡتَ أَمۡرِي","TajweedText":"أَلَّا تَتَّبِعَنِ‌ۖ أَفَعَصَيْتَ أَمْرِى <span class=end>٩٣</span>","End":"٩٣","PageNumber":318,"JuzNumber":16,"ManzilNumber":4,"RukuNumber":274,"MaqraNumber":127,"HizbNumber":32,"HizbDecimal":0.5,"HasSajda":false},{"SurahNumber":20,"SurahIndex":"020","VerseNumber":94,"ShowSurahName":false,"ShowBismillah":false,"Text":"قَالَ يَبۡنَؤُمَّ لَا تَأۡخُذۡ بِلِحۡيَتِي وَلَا بِرَأۡسِيٓۖ إِنِّي خَشِيتُ أَن تَقُولَ فَرَّقۡتَ بَيۡنَ بَنِيٓ إِسۡرَـٰٓءِيلَ وَلَمۡ تَرۡقُبۡ قَوۡلِي","TajweedText":"قَالَ يَ<tajweed class=qalaqah>بْ</tajweed>نَؤُ<tajweed class=ghunnah>مّ</tajweed>َ لَا تَأْخُذْ بِلِحْيَتِى وَلَا بِرَأْس<tajweed class=madda_obligatory>ِىٓ‌ۖ</tajweed> إِ<tajweed class=ghunnah>نّ</tajweed>ِى خَشِيتُ أَ<tajweed class=ikhafa>ن ت</tajweed>َقُولَ فَرَّ<tajweed class=qalaqah>قْ</tajweed>تَ بَيْنَ بَن<tajweed class=madda_obligatory>ِىٓ</tajweed> إِسْر<tajweed class=madda_obligatory>َٲ</tajweed>ٓءِيلَ وَلَمْ تَرْقُ<tajweed class=qalaqah>بْ</tajweed> قَوْلِى <span class=end>٩٤</span>","End":"٩٤","PageNumber":318,"JuzNumber":16,"ManzilNumber":4,"RukuNumber":274,"MaqraNumber":127,"HizbNumber":32,"HizbDecimal":0.5,"HasSajda":false},{"SurahNumber":20,"SurahIndex":"020","VerseNumber":95,"ShowSurahName":false,"ShowBismillah":false,"Text":"قَالَ فَمَا خَطۡبُكَ يَٰسَٰمِرِيُّ","TajweedText":"قَالَ فَمَا خَ<tajweed class=qalaqah>طْ</tajweed>بُكَ يَ<tajweed class=madda_normal>ـٰ</tajweed>سَ<tajweed class=madda_normal>ـٰ</tajweed>مِرِىُّ <span class=end>٩٥</span>","End":"٩٥","PageNumber":318,"JuzNumber":16,"ManzilNumber":4,"RukuNumber":274,"MaqraNumber":127,"HizbNumber":32,"HizbDecimal":0.5,"HasSajda":false},{"SurahNumber":20,"SurahIndex":"020","VerseNumber":96,"ShowSurahName":false,"ShowBismillah":false,"Text":"قَالَ بَصُرۡتُ بِمَا لَمۡ يَبۡصُرُواْ بِهِۦ فَقَبَضۡتُ قَبۡضَةٗ مِّنۡ أَثَرِ ٱلرَّسُولِ فَنَبَذۡتُهَا وَكَذَٰلِكَ سَوَّلَتۡ لِي نَفۡسِي","TajweedText":"قَالَ بَصُرْتُ بِمَا لَمْ يَ<tajweed class=qalaqah>بْ</tajweed>صُرُو<tajweed class=slnt>اْ</tajweed> بِه<tajweed class=madda_normal>ِۦ</tajweed> فَقَبَضْتُ قَ<tajweed class=qalaqah>بْ</tajweed>ضَ<tajweed class=idgham_ghunnah>ةً م</tajweed>ِّنْ أَثَرِ <tajweed class=ham_wasl>ٱ</tajweed><tajweed class=laam_shamsiyah>ل</tajweed>رَّسُولِ فَنَبَذْتُهَا وَكَذ<tajweed class=madda_normal>َٲ</tajweed>لِكَ سَوَّلَتْ لِى نَفْسِى <span class=end>٩٦</span>","End":"٩٦","PageNumber":318,"JuzNumber":16,"ManzilNumber":4,"RukuNumber":274,"MaqraNumber":127,"HizbNumber":32,"HizbDecimal":0.5,"HasSajda":false},{"SurahNumber":20,"SurahIndex":"020","VerseNumber":97,"ShowSurahName":false,"ShowBismillah":false,"Text":"قَالَ فَٱذۡهَبۡ فَإِنَّ لَكَ فِي ٱلۡحَيَوٰةِ أَن تَقُولَ لَا مِسَاسَۖ وَإِنَّ لَكَ مَوۡعِدٗا لَّن تُخۡلَفَهُۥۖ وَٱنظُرۡ إِلَىٰٓ إِلَٰهِكَ ٱلَّذِي ظَلۡتَ عَلَيۡهِ عَاكِفٗاۖ لَّنُحَرِّقَنَّهُۥ ثُمَّ لَنَنسِفَنَّهُۥ فِي ٱلۡيَمِّ نَسۡفًا","TajweedText":"قَالَ فَ<tajweed class=ham_wasl>ٱ</tajweed>ذْهَ<tajweed class=qalaqah>بْ</tajweed> فَإِ<tajweed class=ghunnah>نّ</tajweed>َ لَكَ فِى <tajweed class=ham_wasl>ٱ</tajweed>لْحَيَ<tajweed class=slnt>و</tajweed><tajweed class=madda_normal>ٲ</tajweed>ةِ أَ<tajweed class=ikhafa>ن ت</tajweed>َقُولَ لَا مِسَاسَ‌ۖ وَإِ<tajweed class=ghunnah>نّ</tajweed>َ لَكَ مَوْعِ<tajweed class=idgham_wo_ghunnah>دًا ل</tajweed>َّ<tajweed class=ikhafa>ن ت</tajweed>ُخْلَفَهُ<tajweed class=madda_normal>ۥ</tajweed>‌ۖ وَ<tajweed class=ham_wasl>ٱ</tajweed><tajweed class=ikhafa>نظ</tajweed>ُرْ إِلَ<tajweed class=madda_obligatory>ىٰٓ</tajweed> إِلَ<tajweed class=madda_normal>ـٰ</tajweed>هِكَ <tajweed class=ham_wasl>ٱ</tajweed>لَّذِى ظَلْتَ عَلَيْهِ عَاكِ<tajweed class=idgham_wo_ghunnah>فًا‌ۖ ل</tajweed>َّنُحَرِّقَ<tajweed class=ghunnah>نّ</tajweed>َهُ<tajweed class=madda_normal>ۥ</tajweed> ثُ<tajweed class=ghunnah>مّ</tajweed>َ لَنَ<tajweed class=ikhafa>نس</tajweed>ِفَ<tajweed class=ghunnah>نّ</tajweed>َهُ<tajweed class=madda_normal>ۥ</tajweed> فِى <tajweed class=ham_wasl>ٱ</tajweed>لْيَ<tajweed class=ghunnah>مّ</tajweed>ِ نَسْفًا <span class=end>٩٧</span>","End":"٩٧","PageNumber":318,"JuzNumber":16,"ManzilNumber":4,"RukuNumber":274,"MaqraNumber":127,"HizbNumber":32,"HizbDecimal":0.5,"HasSajda":false},{"SurahNumber":20,"SurahIndex":"020","VerseNumber":98,"ShowSurahName":false,"ShowBismillah":false,"Text":"إِنَّمَآ إِلَٰهُكُمُ ٱللَّهُ ٱلَّذِي لَآ إِلَٰهَ إِلَّا هُوَۚ وَسِعَ كُلَّ شَيۡءٍ عِلۡمٗا","TajweedText":"إِ<tajweed class=ghunnah>نّ</tajweed>َم<tajweed class=madda_obligatory>َآ</tajweed> إِلَ<tajweed class=madda_normal>ـٰ</tajweed>هُكُمُ <tajweed class=ham_wasl>ٱ</tajweed>للَّهُ <tajweed class=ham_wasl>ٱ</tajweed>لَّذِى ل<tajweed class=madda_obligatory>َآ</tajweed> إِلَ<tajweed class=madda_normal>ـٰ</tajweed>هَ إِلَّا هُوَ‌ۚ وَسِعَ كُلَّ شَىْءٍ عِلْمًا <span class=end>٩٨</span>","End":"٩٨","PageNumber":318,"JuzNumber":16,"ManzilNumber":4,"RukuNumber":274,"MaqraNumber":127,"HizbNumber":32,"HizbDecimal":0.5,"HasSajda":false},{"SurahNumber":20,"SurahIndex":"020","VerseNumber":99,"ShowSurahName":false,"ShowBismillah":false,"Text":"كَذَٰلِكَ نَقُصُّ عَلَيۡكَ مِنۡ أَنۢبَآءِ مَا قَدۡ سَبَقَۚ وَقَدۡ ءَاتَيۡنَٰكَ مِن لَّدُنَّا ذِكۡرٗا","TajweedText":"كَذ<tajweed class=madda_normal>َٲ</tajweed>لِكَ نَقُصُّ عَلَيْكَ مِنْ أَ<tajweed class=iqlab>نۢب</tajweed><tajweed class=madda_obligatory>َا</tajweed>ٓءِ مَا قَ<tajweed class=qalaqah>دْ</tajweed> سَبَقَ‌ۚ وَقَ<tajweed class=qalaqah>دْ</tajweed> ءَاتَيْنَ<tajweed class=madda_normal>ـٰ</tajweed>كَ م<tajweed class=idgham_wo_ghunnah>ِن ل</tajweed>َّدُ<tajweed class=ghunnah>نّ</tajweed>َا ذِكْرًا <span class=end>٩٩</span>","End":"٩٩","PageNumber":319,"JuzNumber":16,"ManzilNumber":4,"RukuNumber":274,"MaqraNumber":127,"HizbNumber":32,"HizbDecimal":0.5,"HasSajda":false},{"SurahNumber":20,"SurahIndex":"020","VerseNumber":100,"ShowSurahName":false,"ShowBismillah":false,"Text":"مَّنۡ أَعۡرَضَ عَنۡهُ فَإِنَّهُۥ يَحۡمِلُ يَوۡمَ ٱلۡقِيَٰمَةِ وِزۡرًا","TajweedText":"مَّنْ أَعْرَضَ عَنْهُ فَإِ<tajweed class=ghunnah>نّ</tajweed>َهُ<tajweed class=madda_normal>ۥ</tajweed> يَحْمِلُ يَوْمَ <tajweed class=ham_wasl>ٱ</tajweed>لْقِيَ<tajweed class=madda_normal>ـٰ</tajweed>مَةِ وِزْرًا <span class=end>١٠٠</span>","End":"١٠٠","PageNumber":319,"JuzNumber":16,"ManzilNumber":4,"RukuNumber":274,"MaqraNumber":127,"HizbNumber":32,"HizbDecimal":0.5,"HasSajda":false},{"SurahNumber":20,"SurahIndex":"020","VerseNumber":101,"ShowSurahName":false,"ShowBismillah":false,"Text":"خَٰلِدِينَ فِيهِۖ وَسَآءَ لَهُمۡ يَوۡمَ ٱلۡقِيَٰمَةِ حِمۡلٗا","TajweedText":"خَ<tajweed class=madda_normal>ـٰ</tajweed>لِدِينَ فِيهِ‌ۖ وَس<tajweed class=madda_obligatory>َا</tajweed>ٓءَ لَهُمْ يَوْمَ <tajweed class=ham_wasl>ٱ</tajweed>لْقِيَ<tajweed class=madda_normal>ـٰ</tajweed>مَةِ حِمْلاً <span class=end>١٠١</span>","End":"١٠١","PageNumber":319,"JuzNumber":16,"ManzilNumber":4,"RukuNumber":274,"MaqraNumber":127,"HizbNumber":32,"HizbDecimal":0.5,"HasSajda":false},{"SurahNumber":20,"SurahIndex":"020","VerseNumber":102,"ShowSurahName":false,"ShowBismillah":false,"Text":"يَوۡمَ يُنفَخُ فِي ٱلصُّورِۚ وَنَحۡشُرُ ٱلۡمُجۡرِمِينَ يَوۡمَئِذٖ زُرۡقٗا","TajweedText":"يَوْمَ يُ<tajweed class=ikhafa>نف</tajweed>َخُ فِى <tajweed class=ham_wasl>ٱ</tajweed><tajweed class=laam_shamsiyah>ل</tajweed>صُّورِ‌ۚ وَنَحْشُرُ <tajweed class=ham_wasl>ٱ</tajweed>لْمُ<tajweed class=qalaqah>جْ</tajweed>رِمِينَ يَوْمَئِ<tajweed class=ikhafa>ذٍ ز</tajweed>ُرْقًا <span class=end>١٠٢</span>","End":"١٠٢","PageNumber":319,"JuzNumber":16,"ManzilNumber":4,"RukuNumber":274,"MaqraNumber":127,"HizbNumber":32,"HizbDecimal":0.5,"HasSajda":false},{"SurahNumber":20,"SurahIndex":"020","VerseNumber":103,"ShowSurahName":false,"ShowBismillah":false,"Text":"يَتَخَٰفَتُونَ بَيۡنَهُمۡ إِن لَّبِثۡتُمۡ إِلَّا عَشۡرٗا","TajweedText":"يَتَخَ<tajweed class=madda_normal>ـٰ</tajweed>فَتُونَ بَيْنَهُمْ إ<tajweed class=idgham_wo_ghunnah>ِن ل</tajweed>َّبِثْتُمْ إِلَّا عَشْرًا <span class=end>١٠٣</span>","End":"١٠٣","PageNumber":319,"JuzNumber":16,"ManzilNumber":4,"RukuNumber":274,"MaqraNumber":127,"HizbNumber":32,"HizbDecimal":0.5,"HasSajda":false},{"SurahNumber":20,"SurahIndex":"020","VerseNumber":104,"ShowSurahName":false,"ShowBismillah":false,"Text":"نَّحۡنُ أَعۡلَمُ بِمَا يَقُولُونَ إِذۡ يَقُولُ أَمۡثَلُهُمۡ طَرِيقَةً إِن لَّبِثۡتُمۡ إِلَّا يَوۡمٗا","TajweedText":"نَّحْنُ أَعْلَمُ بِمَا يَقُولُونَ إِذْ يَقُولُ أَمْثَلُهُمْ طَرِيقَةً إ<tajweed class=idgham_wo_ghunnah>ِن ل</tajweed>َّبِثْتُمْ إِلَّا يَوْمًا <span class=end>١٠٤</span>","End":"١٠٤","PageNumber":319,"JuzNumber":16,"ManzilNumber":4,"RukuNumber":274,"MaqraNumber":127,"HizbNumber":32,"HizbDecimal":0.5,"HasSajda":false}]}