{"RukuNumber":51,"Verses":[{"SurahNumber":3,"SurahIndex":"003","VerseNumber":92,"ShowSurahName":false,"ShowBismillah":false,"Text":"لَن تَنَالُواْ ٱلۡبِرَّ حَتَّىٰ تُنفِقُواْ مِمَّا تُحِبُّونَۚ وَمَا تُنفِقُواْ مِن شَيۡءٖ فَإِنَّ ٱللَّهَ بِهِۦ عَلِيمٞ","TajweedText":"لَ<tajweed class=ikhafa>ن ت</tajweed>َنَالُو<tajweed class=slnt>اْ</tajweed> <tajweed class=ham_wasl>ٱ</tajweed>لْبِرَّ حَتَّىٰ تُ<tajweed class=ikhafa>نف</tajweed>ِقُو<tajweed class=slnt>اْ</tajweed> مِ<tajweed class=ghunnah>مّ</tajweed>َا تُحِبُّونَ‌ۚ وَمَا تُ<tajweed class=ikhafa>نف</tajweed>ِقُو<tajweed class=slnt>اْ</tajweed> مِ<tajweed class=ikhafa>ن ش</tajweed><tajweed class=ikhafa>َىْءٍ ف</tajweed>َإِ<tajweed class=ghunnah>نّ</tajweed>َ <tajweed class=ham_wasl>ٱ</tajweed>للَّهَ بِه<tajweed class=madda_normal>ِۦ</tajweed> عَل<tajweed class=madda_permissible>ِي</tajweed>مٌ <span class=end>٩٢</span>","End":"٩٢","PageNumber":62,"JuzNumber":3,"ManzilNumber":1,"RukuNumber":51,"MaqraNumber":24,"HizbNumber":6,"HizbDecimal":0.75,"HasSajda":false},{"SurahNumber":3,"SurahIndex":"003","VerseNumber":93,"ShowSurahName":false,"ShowBismillah":false,"Text":"۞كُلُّ ٱلطَّعَامِ كَانَ حِلّٗا لِّبَنِيٓ إِسۡرَـٰٓءِيلَ إِلَّا مَا حَرَّمَ إِسۡرَـٰٓءِيلُ عَلَىٰ نَفۡسِهِۦ مِن قَبۡلِ أَن تُنَزَّلَ ٱلتَّوۡرَىٰةُۚ قُلۡ فَأۡتُواْ بِٱلتَّوۡرَىٰةِ فَٱتۡلُوهَآ إِن كُنتُمۡ صَٰدِقِينَ","TajweedText":"۞ كُلُّ <tajweed class=ham_wasl>ٱ</tajweed><tajweed class=laam_shamsiyah>ل</tajweed>طَّعَامِ كَانَ حِل<tajweed class=idgham_wo_ghunnah>اًّ ل</tajweed>ِّبَن<tajweed class=madda_obligatory>ِىٓ</tajweed> إِسْر<tajweed class=madda_obligatory>َٲ</tajweed>ٓءِيلَ إِلَّا مَا حَرَّمَ إِسْر<tajweed class=madda_obligatory>َٲ</tajweed>ٓءِيلُ عَلَىٰ نَفْسِه<tajweed class=madda_normal>ِۦ</tajweed> مِ<tajweed class=ikhafa>ن ق</tajweed>َ<tajweed class=qalaqah>بْ</tajweed>لِ أَ<tajweed class=ikhafa>ن ت</tajweed>ُنَزَّلَ <tajweed class=ham_wasl>ٱ</tajweed><tajweed class=laam_shamsiyah>ل</tajweed>تَّوْرَ<tajweed class=madda_normal>ٮٰ</tajweed>ةُ‌ۗ قُلْ فَأْتُو<tajweed class=slnt>اْ</tajweed> بِ<tajweed class=ham_wasl>ٱ</tajweed><tajweed class=laam_shamsiyah>ل</tajweed>تَّوْرَ<tajweed class=madda_normal>ٮٰ</tajweed>ةِ فَ<tajweed class=ham_wasl>ٱ</tajweed>تْلُوه<tajweed class=madda_obligatory>َآ</tajweed> إِ<tajweed class=ikhafa>ن ك</tajweed>ُ<tajweed class=ikhafa>نت</tajweed>ُمْ صَ<tajweed class=madda_normal>ـٰ</tajweed>دِق<tajweed class=madda_permissible>ِي</tajweed>نَ <span class=end>٩٣</span>","End":"٩٣","PageNumber":62,"JuzNumber":4,"ManzilNumber":1,"RukuNumber":51,"MaqraNumber":25,"HizbNumber":7,"HizbDecimal":0.0,"HasSajda":false},{"SurahNumber":3,"SurahIndex":"003","VerseNumber":94,"ShowSurahName":false,"ShowBismillah":false,"Text":"فَمَنِ ٱفۡتَرَىٰ عَلَى ٱللَّهِ ٱلۡكَذِبَ مِنۢ بَعۡدِ ذَٰلِكَ فَأُوْلَـٰٓئِكَ هُمُ ٱلظَّـٰلِمُونَ","TajweedText":"فَمَنِ <tajweed class=ham_wasl>ٱ</tajweed>فْتَرَىٰ عَلَى <tajweed class=ham_wasl>ٱ</tajweed>للَّهِ <tajweed class=ham_wasl>ٱ</tajweed>لْكَذِبَ م<tajweed class=iqlab>ِنۢ ب</tajweed>َعْدِ ذ<tajweed class=madda_normal>َٲ</tajweed>لِكَ فَأُ<tajweed class=slnt>وْ</tajweed>لَ<tajweed class=madda_obligatory>ـٰٓ</tajweed>ئِكَ هُمُ <tajweed class=ham_wasl>ٱ</tajweed><tajweed class=laam_shamsiyah>ل</tajweed>ظَّ<tajweed class=madda_normal>ـٰ</tajweed>لِم<tajweed class=madda_permissible>ُو</tajweed>نَ <span class=end>٩٤</span>","End":"٩٤","PageNumber":62,"JuzNumber":4,"ManzilNumber":1,"RukuNumber":51,"MaqraNumber":25,"HizbNumber":7,"HizbDecimal":0.0,"HasSajda":false},{"SurahNumber":3,"SurahIndex":"003","VerseNumber":95,"ShowSurahName":false,"ShowBismillah":false,"Text":"قُلۡ صَدَقَ ٱللَّهُۗ فَٱتَّبِعُواْ مِلَّةَ إِبۡرَٰهِيمَ حَنِيفٗاۖ وَمَا كَانَ مِنَ ٱلۡمُشۡرِكِينَ","TajweedText":"قُلْ صَدَقَ <tajweed class=ham_wasl>ٱ</tajweed>للَّهُ‌ۗ فَ<tajweed class=ham_wasl>ٱ</tajweed>تَّبِعُو<tajweed class=slnt>اْ</tajweed> مِلَّةَ إِ<tajweed class=qalaqah>بْ</tajweed>ر<tajweed class=madda_normal>َٲ</tajweed>هِيمَ حَنِي<tajweed class=idgham_ghunnah>فًا و</tajweed>َمَا كَانَ مِنَ <tajweed class=ham_wasl>ٱ</tajweed>لْمُشْرِك<tajweed class=madda_permissible>ِي</tajweed>نَ <span class=end>٩٥</span>","End":"٩٥","PageNumber":62,"JuzNumber":4,"ManzilNumber":1,"RukuNumber":51,"MaqraNumber":25,"HizbNumber":7,"HizbDecimal":0.0,"HasSajda":false},{"SurahNumber":3,"SurahIndex":"003","VerseNumber":96,"ShowSurahName":false,"ShowBismillah":false,"Text":"إِنَّ أَوَّلَ بَيۡتٖ وُضِعَ لِلنَّاسِ لَلَّذِي بِبَكَّةَ مُبَارَكٗا وَهُدٗى لِّلۡعَٰلَمِينَ","TajweedText":"إِ<tajweed class=ghunnah>نّ</tajweed>َ أَوَّلَ بَيْ<tajweed class=idgham_ghunnah>تٍ و</tajweed>ُضِعَ لِل<tajweed class=ghunnah>نّ</tajweed>َاسِ لَلَّذِى بِبَكَّةَ مُبَارَ<tajweed class=idgham_ghunnah>كًا و</tajweed>َهُ<tajweed class=idgham_wo_ghunnah>دًى ل</tajweed>ِّلْعَ<tajweed class=madda_normal>ـٰ</tajweed>لَم<tajweed class=madda_permissible>ِي</tajweed>نَ <span class=end>٩٦</span>","End":"٩٦","PageNumber":62,"JuzNumber":4,"ManzilNumber":1,"RukuNumber":51,"MaqraNumber":25,"HizbNumber":7,"HizbDecimal":0.0,"HasSajda":false},{"SurahNumber":3,"SurahIndex":"003","VerseNumber":97,"ShowSurahName":false,"ShowBismillah":false,"Text":"فِيهِ ءَايَٰتُۢ بَيِّنَٰتٞ مَّقَامُ إِبۡرَٰهِيمَۖ وَمَن دَخَلَهُۥ كَانَ ءَامِنٗاۗ وَلِلَّهِ عَلَى ٱلنَّاسِ حِجُّ ٱلۡبَيۡتِ مَنِ ٱسۡتَطَاعَ إِلَيۡهِ سَبِيلٗاۚ وَمَن كَفَرَ فَإِنَّ ٱللَّهَ غَنِيٌّ عَنِ ٱلۡعَٰلَمِينَ","TajweedText":"فِيهِ ءَايَ<tajweed class=madda_normal>ـٰ</tajweed><tajweed class=iqlab>تُۢ ب</tajweed>َيِّنَ<tajweed class=madda_normal>ـٰ</tajweed><tajweed class=idgham_ghunnah>تٌ م</tajweed>َّقَامُ إِ<tajweed class=qalaqah>بْ</tajweed>ر<tajweed class=madda_normal>َٲ</tajweed>هِيمَ‌ۖ وَمَ<tajweed class=ikhafa>ن د</tajweed>َخَلَهُ<tajweed class=madda_normal>ۥ</tajweed> كَانَ ءَامِ<tajweed class=idgham_ghunnah>نًا‌ۗ و</tajweed>َلِلَّهِ عَلَى <tajweed class=ham_wasl>ٱ</tajweed><tajweed class=laam_shamsiyah>ل</tajweed><tajweed class=ghunnah>نّ</tajweed>َاسِ حِجُّ <tajweed class=ham_wasl>ٱ</tajweed>لْبَيْتِ مَنِ <tajweed class=ham_wasl>ٱ</tajweed>سْتَطَاعَ إِلَيْهِ سَبِيل<tajweed class=idgham_ghunnah>اً‌ۚ و</tajweed>َمَ<tajweed class=ikhafa>ن ك</tajweed>َفَرَ فَإِ<tajweed class=ghunnah>نّ</tajweed>َ <tajweed class=ham_wasl>ٱ</tajweed>للَّهَ غَنِىٌّ عَنِ <tajweed class=ham_wasl>ٱ</tajweed>لْعَ<tajweed class=madda_normal>ـٰ</tajweed>لَم<tajweed class=madda_permissible>ِي</tajweed>نَ <span class=end>٩٧</span>","End":"٩٧","PageNumber":62,"JuzNumber":4,"ManzilNumber":1,"RukuNumber":51,"MaqraNumber":25,"HizbNumber":7,"HizbDecimal":0.0,"HasSajda":false},{"SurahNumber":3,"SurahIndex":"003","VerseNumber":98,"ShowSurahName":false,"ShowBismillah":false,"Text":"قُلۡ يَـٰٓأَهۡلَ ٱلۡكِتَٰبِ لِمَ تَكۡفُرُونَ بِـَٔايَٰتِ ٱللَّهِ وَٱللَّهُ شَهِيدٌ عَلَىٰ مَا تَعۡمَلُونَ","TajweedText":"قُلْ يَ<tajweed class=madda_obligatory>ـٰٓ</tajweed>أَهْلَ <tajweed class=ham_wasl>ٱ</tajweed>لْكِتَ<tajweed class=madda_normal>ـٰ</tajweed>بِ لِمَ تَكْفُرُونَ بِـَٔـايَ<tajweed class=madda_normal>ـٰ</tajweed>تِ <tajweed class=ham_wasl>ٱ</tajweed>للَّهِ وَ<tajweed class=ham_wasl>ٱ</tajweed>للَّهُ شَهِيدٌ عَلَىٰ مَا تَعْمَل<tajweed class=madda_permissible>ُو</tajweed>نَ <span class=end>٩٨</span>","End":"٩٨","PageNumber":62,"JuzNumber":4,"ManzilNumber":1,"RukuNumber":51,"MaqraNumber":25,"HizbNumber":7,"HizbDecimal":0.0,"HasSajda":false},{"SurahNumber":3,"SurahIndex":"003","VerseNumber":99,"ShowSurahName":false,"ShowBismillah":false,"Text":"قُلۡ يَـٰٓأَهۡلَ ٱلۡكِتَٰبِ لِمَ تَصُدُّونَ عَن سَبِيلِ ٱللَّهِ مَنۡ ءَامَنَ تَبۡغُونَهَا عِوَجٗا وَأَنتُمۡ شُهَدَآءُۗ وَمَا ٱللَّهُ بِغَٰفِلٍ عَمَّا تَعۡمَلُونَ","TajweedText":"قُلْ يَ<tajweed class=madda_obligatory>ـٰٓ</tajweed>أَهْلَ <tajweed class=ham_wasl>ٱ</tajweed>لْكِتَ<tajweed class=madda_normal>ـٰ</tajweed>بِ لِمَ تَصُدُّونَ عَ<tajweed class=ikhafa>ن س</tajweed>َبِيلِ <tajweed class=ham_wasl>ٱ</tajweed>للَّهِ مَنْ ءَامَنَ تَ<tajweed class=qalaqah>بْ</tajweed>غُونَهَا عِوَ<tajweed class=idgham_ghunnah>جًا و</tajweed>َأَ<tajweed class=ikhafa>نت</tajweed>ُمْ شُهَد<tajweed class=madda_obligatory>َا</tajweed>ٓءُ‌ۗ وَمَا <tajweed class=ham_wasl>ٱ</tajweed>للَّهُ بِغَ<tajweed class=madda_normal>ـٰ</tajweed>فِلٍ عَ<tajweed class=ghunnah>مّ</tajweed>َا تَعْمَل<tajweed class=madda_permissible>ُو</tajweed>نَ <span class=end>٩٩</span>","End":"٩٩","PageNumber":62,"JuzNumber":4,"ManzilNumber":1,"RukuNumber":51,"MaqraNumber":25,"HizbNumber":7,"HizbDecimal":0.0,"HasSajda":false},{"SurahNumber":3,"SurahIndex":"003","VerseNumber":100,"ShowSurahName":false,"ShowBismillah":false,"Text":"يَـٰٓأَيُّهَا ٱلَّذِينَ ءَامَنُوٓاْ إِن تُطِيعُواْ فَرِيقٗا مِّنَ ٱلَّذِينَ أُوتُواْ ٱلۡكِتَٰبَ يَرُدُّوكُم بَعۡدَ إِيمَٰنِكُمۡ كَٰفِرِينَ","TajweedText":"يَ<tajweed class=madda_obligatory>ـٰٓ</tajweed>أَيُّهَا <tajweed class=ham_wasl>ٱ</tajweed>لَّذِينَ ءَامَن<tajweed class=madda_obligatory>ُوٓ</tajweed><tajweed class=slnt>اْ</tajweed> إِ<tajweed class=ikhafa>ن ت</tajweed>ُطِيعُو<tajweed class=slnt>اْ</tajweed> فَرِي<tajweed class=idgham_ghunnah>قًا م</tajweed>ِّنَ <tajweed class=ham_wasl>ٱ</tajweed>لَّذِينَ أُوتُو<tajweed class=slnt>اْ</tajweed> <tajweed class=ham_wasl>ٱ</tajweed>لْكِتَ<tajweed class=madda_normal>ـٰ</tajweed>بَ يَرُدُّوك<tajweed class=ikhafa_shafawi>ُم ب</tajweed>َعْدَ إِيمَ<tajweed class=madda_normal>ـٰ</tajweed>نِكُمْ كَ<tajweed class=madda_normal>ـٰ</tajweed>فِر<tajweed class=madda_permissible>ِي</tajweed>نَ <span class=end>١٠٠</span>","End":"١٠٠","PageNumber":62,"JuzNumber":4,"ManzilNumber":1,"RukuNumber":51,"MaqraNumber":25,"HizbNumber":7,"HizbDecimal":0.0,"HasSajda":false},{"SurahNumber":3,"SurahIndex":"003","VerseNumber":101,"ShowSurahName":false,"ShowBismillah":false,"Text":"وَكَيۡفَ تَكۡفُرُونَ وَأَنتُمۡ تُتۡلَىٰ عَلَيۡكُمۡ ءَايَٰتُ ٱللَّهِ وَفِيكُمۡ رَسُولُهُۥۗ وَمَن يَعۡتَصِم بِٱللَّهِ فَقَدۡ هُدِيَ إِلَىٰ صِرَٰطٖ مُّسۡتَقِيمٖ","TajweedText":"وَكَيْفَ تَكْفُرُونَ وَأَ<tajweed class=ikhafa>نت</tajweed>ُمْ تُتْلَىٰ عَلَيْكُمْ ءَايَ<tajweed class=madda_normal>ـٰ</tajweed>تُ <tajweed class=ham_wasl>ٱ</tajweed>للَّهِ وَفِيكُمْ رَسُولُهُ<tajweed class=madda_normal>ۥ</tajweed>‌ۗ وَم<tajweed class=idgham_ghunnah>َن ي</tajweed>َعْتَص<tajweed class=ikhafa_shafawi>ِم ب</tajweed>ِ<tajweed class=ham_wasl>ٱ</tajweed>للَّهِ فَقَ<tajweed class=qalaqah>دْ</tajweed> هُدِىَ إِلَىٰ صِر<tajweed class=madda_normal>َٲ</tajweed><tajweed class=idgham_ghunnah>طٍ م</tajweed>ُّسْتَق<tajweed class=madda_permissible>ِي</tajweed>مٍ <span class=end>١٠١</span>","End":"١٠١","PageNumber":63,"JuzNumber":4,"ManzilNumber":1,"RukuNumber":51,"MaqraNumber":25,"HizbNumber":7,"HizbDecimal":0.0,"HasSajda":false}]}