{"RukuNumber":140,"Verses":[{"SurahNumber":7,"SurahIndex":"007","VerseNumber":152,"ShowSurahName":false,"ShowBismillah":false,"Text":"إِنَّ ٱلَّذِينَ ٱتَّخَذُواْ ٱلۡعِجۡلَ سَيَنَالُهُمۡ غَضَبٞ مِّن رَّبِّهِمۡ وَذِلَّةٞ فِي ٱلۡحَيَوٰةِ ٱلدُّنۡيَاۚ وَكَذَٰلِكَ نَجۡزِي ٱلۡمُفۡتَرِينَ","TajweedText":"إِ<tajweed class=ghunnah>نّ</tajweed>َ <tajweed class=ham_wasl>ٱ</tajweed>لَّذِينَ <tajweed class=ham_wasl>ٱ</tajweed>تَّخَذُو<tajweed class=slnt>اْ</tajweed> <tajweed class=ham_wasl>ٱ</tajweed>لْعِ<tajweed class=qalaqah>جْ</tajweed>لَ سَيَنَالُهُمْ غَضَ<tajweed class=idgham_ghunnah>بٌ م</tajweed>ّ<tajweed class=idgham_wo_ghunnah>ِن ر</tajweed>َّبِّهِمْ وَذِلَّ<tajweed class=ikhafa>ةٌ ف</tajweed>ِى <tajweed class=ham_wasl>ٱ</tajweed>لْحَيَ<tajweed class=slnt>و</tajweed><tajweed class=madda_normal>ٲ</tajweed>ةِ <tajweed class=ham_wasl>ٱ</tajweed><tajweed class=laam_shamsiyah>ل</tajweed>دُّنْيَا‌ۚ وَكَذ<tajweed class=madda_normal>َٲ</tajweed>لِكَ نَ<tajweed class=qalaqah>جْ</tajweed>زِى <tajweed class=ham_wasl>ٱ</tajweed>لْمُفْتَر<tajweed class=madda_permissible>ِي</tajweed>نَ <span class=end>١٥٢</span>","End":"١٥٢","PageNumber":169,"JuzNumber":9,"ManzilNumber":2,"RukuNumber":140,"MaqraNumber":67,"HizbNumber":17,"HizbDecimal":0.5,"HasSajda":false},{"SurahNumber":7,"SurahIndex":"007","VerseNumber":153,"ShowSurahName":false,"ShowBismillah":false,"Text":"وَٱلَّذِينَ عَمِلُواْ ٱلسَّيِّـَٔاتِ ثُمَّ تَابُواْ مِنۢ بَعۡدِهَا وَءَامَنُوٓاْ إِنَّ رَبَّكَ مِنۢ بَعۡدِهَا لَغَفُورٞ رَّحِيمٞ","TajweedText":"وَ<tajweed class=ham_wasl>ٱ</tajweed>لَّذِينَ عَمِلُو<tajweed class=slnt>اْ</tajweed> <tajweed class=ham_wasl>ٱ</tajweed><tajweed class=laam_shamsiyah>ل</tajweed>سَّيِّـَٔـاتِ ثُ<tajweed class=ghunnah>مّ</tajweed>َ تَابُو<tajweed class=slnt>اْ</tajweed> م<tajweed class=iqlab>ِنۢ ب</tajweed>َعْدِهَا وَءَامَن<tajweed class=madda_obligatory>ُوٓ</tajweed><tajweed class=slnt>اْ</tajweed> إِ<tajweed class=ghunnah>نّ</tajweed>َ رَبَّكَ م<tajweed class=iqlab>ِنۢ ب</tajweed>َعْدِهَا لَغَفُو<tajweed class=idgham_wo_ghunnah>رٌ ر</tajweed>َّح<tajweed class=madda_permissible>ِي</tajweed>مٌ <span class=end>١٥٣</span>","End":"١٥٣","PageNumber":169,"JuzNumber":9,"ManzilNumber":2,"RukuNumber":140,"MaqraNumber":67,"HizbNumber":17,"HizbDecimal":0.5,"HasSajda":false},{"SurahNumber":7,"SurahIndex":"007","VerseNumber":154,"ShowSurahName":false,"ShowBismillah":false,"Text":"وَلَمَّا سَكَتَ عَن مُّوسَى ٱلۡغَضَبُ أَخَذَ ٱلۡأَلۡوَاحَۖ وَفِي نُسۡخَتِهَا هُدٗى وَرَحۡمَةٞ لِّلَّذِينَ هُمۡ لِرَبِّهِمۡ يَرۡهَبُونَ","TajweedText":"وَلَ<tajweed class=ghunnah>مّ</tajweed>َا سَكَتَ ع<tajweed class=idgham_ghunnah>َن م</tajweed>ُّوسَى <tajweed class=ham_wasl>ٱ</tajweed>لْغَضَبُ أَخَذَ <tajweed class=ham_wasl>ٱ</tajweed>لْأَلْوَاحَ‌ۖ وَفِى نُسْخَتِهَا هُ<tajweed class=idgham_ghunnah>دًى و</tajweed>َرَحْمَ<tajweed class=idgham_wo_ghunnah>ةٌ ل</tajweed>ِّلَّذِينَ هُمْ لِرَبِّهِمْ يَرْهَب<tajweed class=madda_permissible>ُو</tajweed>نَ <span class=end>١٥٤</span>","End":"١٥٤","PageNumber":169,"JuzNumber":9,"ManzilNumber":2,"RukuNumber":140,"MaqraNumber":67,"HizbNumber":17,"HizbDecimal":0.5,"HasSajda":false},{"SurahNumber":7,"SurahIndex":"007","VerseNumber":155,"ShowSurahName":false,"ShowBismillah":false,"Text":"وَٱخۡتَارَ مُوسَىٰ قَوۡمَهُۥ سَبۡعِينَ رَجُلٗا لِّمِيقَٰتِنَاۖ فَلَمَّآ أَخَذَتۡهُمُ ٱلرَّجۡفَةُ قَالَ رَبِّ لَوۡ شِئۡتَ أَهۡلَكۡتَهُم مِّن قَبۡلُ وَإِيَّـٰيَۖ أَتُهۡلِكُنَا بِمَا فَعَلَ ٱلسُّفَهَآءُ مِنَّآۖ إِنۡ هِيَ إِلَّا فِتۡنَتُكَ تُضِلُّ بِهَا مَن تَشَآءُ وَتَهۡدِي مَن تَشَآءُۖ أَنتَ وَلِيُّنَا فَٱغۡفِرۡ لَنَا وَٱرۡحَمۡنَاۖ وَأَنتَ خَيۡرُ ٱلۡغَٰفِرِينَ","TajweedText":"وَ<tajweed class=ham_wasl>ٱ</tajweed>خْتَارَ مُوسَىٰ قَوْمَهُ<tajweed class=madda_normal>ۥ</tajweed> سَ<tajweed class=qalaqah>بْ</tajweed>عِينَ رَجُل<tajweed class=idgham_wo_ghunnah>اً ل</tajweed>ِّمِيقَ<tajweed class=madda_normal>ـٰ</tajweed>تِنَا‌ۖ فَلَ<tajweed class=ghunnah>مّ</tajweed><tajweed class=madda_obligatory>َآ</tajweed> أَخَذَتْهُمُ <tajweed class=ham_wasl>ٱ</tajweed><tajweed class=laam_shamsiyah>ل</tajweed>رَّ<tajweed class=qalaqah>جْ</tajweed>فَةُ قَالَ رَبِّ لَوْ شِئْتَ أَهْلَكْتَه<tajweed class=idgham_shafawi>ُم م</tajweed>ِّ<tajweed class=ikhafa>ن ق</tajweed>َ<tajweed class=qalaqah>بْ</tajweed>لُ وَإِيَّ<tajweed class=madda_normal>ـٰ</tajweed>ىَ‌ۖ أَتُهْلِكُنَا بِمَا فَعَلَ <tajweed class=ham_wasl>ٱ</tajweed><tajweed class=laam_shamsiyah>ل</tajweed>سُّفَه<tajweed class=madda_obligatory>َا</tajweed>ٓءُ مِ<tajweed class=ghunnah>نّ</tajweed><tajweed class=madda_obligatory>َآ‌ۖ</tajweed> إِنْ هِىَ إِلَّا فِتْنَتُكَ تُضِلُّ بِهَا مَ<tajweed class=ikhafa>ن ت</tajweed>َش<tajweed class=madda_obligatory>َا</tajweed>ٓءُ وَتَهْدِى مَ<tajweed class=ikhafa>ن ت</tajweed>َش<tajweed class=madda_obligatory>َا</tajweed>ٓءُ‌ۖ أَ<tajweed class=ikhafa>نت</tajweed>َ وَلِيُّنَا فَ<tajweed class=ham_wasl>ٱ</tajweed>غْفِرْ لَنَا وَ<tajweed class=ham_wasl>ٱ</tajweed>رْحَمْنَا‌ۖ وَأَ<tajweed class=ikhafa>نت</tajweed>َ خَيْرُ <tajweed class=ham_wasl>ٱ</tajweed>لْغَ<tajweed class=madda_normal>ـٰ</tajweed>فِر<tajweed class=madda_permissible>ِي</tajweed>نَ <span class=end>١٥٥</span>","End":"١٥٥","PageNumber":169,"JuzNumber":9,"ManzilNumber":2,"RukuNumber":140,"MaqraNumber":67,"HizbNumber":17,"HizbDecimal":0.5,"HasSajda":false},{"SurahNumber":7,"SurahIndex":"007","VerseNumber":156,"ShowSurahName":false,"ShowBismillah":false,"Text":"۞وَٱكۡتُبۡ لَنَا فِي هَٰذِهِ ٱلدُّنۡيَا حَسَنَةٗ وَفِي ٱلۡأٓخِرَةِ إِنَّا هُدۡنَآ إِلَيۡكَۚ قَالَ عَذَابِيٓ أُصِيبُ بِهِۦ مَنۡ أَشَآءُۖ وَرَحۡمَتِي وَسِعَتۡ كُلَّ شَيۡءٖۚ فَسَأَكۡتُبُهَا لِلَّذِينَ يَتَّقُونَ وَيُؤۡتُونَ ٱلزَّكَوٰةَ وَٱلَّذِينَ هُم بِـَٔايَٰتِنَا يُؤۡمِنُونَ","TajweedText":"۞ وَ<tajweed class=ham_wasl>ٱ</tajweed>كْتُ<tajweed class=qalaqah>بْ</tajweed> لَنَا فِى هَ<tajweed class=madda_normal>ـٰ</tajweed>ذِهِ <tajweed class=ham_wasl>ٱ</tajweed><tajweed class=laam_shamsiyah>ل</tajweed>دُّنْيَا حَسَنَ<tajweed class=idgham_ghunnah>ةً و</tajweed>َفِى <tajweed class=ham_wasl>ٱ</tajweed>لْأَخِرَةِ إِ<tajweed class=ghunnah>نّ</tajweed>َا هُ<tajweed class=qalaqah>دْ</tajweed>ن<tajweed class=madda_obligatory>َآ</tajweed> إِلَيْكَ‌ۚ قَالَ عَذَاب<tajweed class=madda_obligatory>ِىٓ</tajweed> أُصِيبُ بِه<tajweed class=madda_normal>ِۦ</tajweed> مَنْ أَش<tajweed class=madda_obligatory>َا</tajweed>ٓءُ‌ۖ وَرَحْمَتِى وَسِعَتْ كُلَّ ش<tajweed class=ikhafa>َىْءٍ‌ۚ ف</tajweed>َسَأَكْتُبُهَا لِلَّذِينَ يَتَّقُونَ وَيُؤْتُونَ <tajweed class=ham_wasl>ٱ</tajweed><tajweed class=laam_shamsiyah>ل</tajweed>زَّكَ<tajweed class=slnt>و</tajweed><tajweed class=madda_normal>ٲ</tajweed>ةَ وَ<tajweed class=ham_wasl>ٱ</tajweed>لَّذِينَ ه<tajweed class=ikhafa_shafawi>ُم ب</tajweed>ِـَٔـايَ<tajweed class=madda_normal>ـٰ</tajweed>تِنَا يُؤْمِن<tajweed class=madda_permissible>ُو</tajweed>نَ <span class=end>١٥٦</span>","End":"١٥٦","PageNumber":170,"JuzNumber":9,"ManzilNumber":2,"RukuNumber":140,"MaqraNumber":68,"HizbNumber":17,"HizbDecimal":0.75,"HasSajda":false},{"SurahNumber":7,"SurahIndex":"007","VerseNumber":157,"ShowSurahName":false,"ShowBismillah":false,"Text":"ٱلَّذِينَ يَتَّبِعُونَ ٱلرَّسُولَ ٱلنَّبِيَّ ٱلۡأُمِّيَّ ٱلَّذِي يَجِدُونَهُۥ مَكۡتُوبًا عِندَهُمۡ فِي ٱلتَّوۡرَىٰةِ وَٱلۡإِنجِيلِ يَأۡمُرُهُم بِٱلۡمَعۡرُوفِ وَيَنۡهَىٰهُمۡ عَنِ ٱلۡمُنكَرِ وَيُحِلُّ لَهُمُ ٱلطَّيِّبَٰتِ وَيُحَرِّمُ عَلَيۡهِمُ ٱلۡخَبَـٰٓئِثَ وَيَضَعُ عَنۡهُمۡ إِصۡرَهُمۡ وَٱلۡأَغۡلَٰلَ ٱلَّتِي كَانَتۡ عَلَيۡهِمۡۚ فَٱلَّذِينَ ءَامَنُواْ بِهِۦ وَعَزَّرُوهُ وَنَصَرُوهُ وَٱتَّبَعُواْ ٱلنُّورَ ٱلَّذِيٓ أُنزِلَ مَعَهُۥٓ أُوْلَـٰٓئِكَ هُمُ ٱلۡمُفۡلِحُونَ","TajweedText":"ٱلَّذِينَ يَتَّبِعُونَ <tajweed class=ham_wasl>ٱ</tajweed><tajweed class=laam_shamsiyah>ل</tajweed>رَّسُولَ <tajweed class=ham_wasl>ٱ</tajweed><tajweed class=laam_shamsiyah>ل</tajweed><tajweed class=ghunnah>نّ</tajweed>َبِىَّ <tajweed class=ham_wasl>ٱ</tajweed>لْأُ<tajweed class=ghunnah>مّ</tajweed>ِىَّ <tajweed class=ham_wasl>ٱ</tajweed>لَّذِى يَجِدُونَهُ<tajweed class=madda_normal>ۥ</tajweed> مَكْتُوبًا عِ<tajweed class=ikhafa>ند</tajweed>َهُمْ فِى <tajweed class=ham_wasl>ٱ</tajweed><tajweed class=laam_shamsiyah>ل</tajweed>تَّوْرَ<tajweed class=madda_normal>ٮٰ</tajweed>ةِ وَ<tajweed class=ham_wasl>ٱ</tajweed>لْإِ<tajweed class=ikhafa>نج</tajweed>ِيلِ يَأْمُرُه<tajweed class=ikhafa_shafawi>ُم ب</tajweed>ِ<tajweed class=ham_wasl>ٱ</tajweed>لْمَعْرُوفِ وَيَنْهَ<tajweed class=madda_normal>ـٰ</tajweed>هُمْ عَنِ <tajweed class=ham_wasl>ٱ</tajweed>لْمُ<tajweed class=ikhafa>نك</tajweed>َرِ وَيُحِلُّ لَهُمُ <tajweed class=ham_wasl>ٱ</tajweed><tajweed class=laam_shamsiyah>ل</tajweed>طَّيِّبَ<tajweed class=madda_normal>ـٰ</tajweed>تِ وَيُحَرِّمُ عَلَيْهِمُ <tajweed class=ham_wasl>ٱ</tajweed>لْخَبَ<tajweed class=madda_obligatory>ـٰٓ</tajweed>ئِثَ وَيَضَعُ عَنْهُمْ إِصْرَهُمْ وَ<tajweed class=ham_wasl>ٱ</tajweed>لْأَغْلَ<tajweed class=madda_normal>ـٰ</tajweed>لَ <tajweed class=ham_wasl>ٱ</tajweed>لَّتِى كَانَتْ عَلَيْهِمْ‌ۚ فَ<tajweed class=ham_wasl>ٱ</tajweed>لَّذِينَ ءَامَنُو<tajweed class=slnt>اْ</tajweed> بِه<tajweed class=madda_normal>ِۦ</tajweed> وَعَزَّرُوهُ وَنَصَرُوهُ وَ<tajweed class=ham_wasl>ٱ</tajweed>تَّبَعُو<tajweed class=slnt>اْ</tajweed> <tajweed class=ham_wasl>ٱ</tajweed><tajweed class=laam_shamsiyah>ل</tajweed><tajweed class=ghunnah>نّ</tajweed>ُورَ <tajweed class=ham_wasl>ٱ</tajweed>لَّذ<tajweed class=madda_obligatory>ِىٓ</tajweed> أُ<tajweed class=ikhafa>نز</tajweed>ِلَ مَعَهُ<tajweed class=madda_obligatory>ۥٓ‌ۙ</tajweed> أُ<tajweed class=slnt>وْ</tajweed>لَ<tajweed class=madda_obligatory>ـٰٓ</tajweed>ئِكَ هُمُ <tajweed class=ham_wasl>ٱ</tajweed>لْمُفْلِح<tajweed class=madda_permissible>ُو</tajweed>نَ <span class=end>١٥٧</span>","End":"١٥٧","PageNumber":170,"JuzNumber":9,"ManzilNumber":2,"RukuNumber":140,"MaqraNumber":68,"HizbNumber":17,"HizbDecimal":0.75,"HasSajda":false}]}