{"RukuNumber":116,"Verses":[{"SurahNumber":6,"SurahIndex":"006","VerseNumber":122,"ShowSurahName":false,"ShowBismillah":false,"Text":"أَوَمَن كَانَ مَيۡتٗا فَأَحۡيَيۡنَٰهُ وَجَعَلۡنَا لَهُۥ نُورٗا يَمۡشِي بِهِۦ فِي ٱلنَّاسِ كَمَن مَّثَلُهُۥ فِي ٱلظُّلُمَٰتِ لَيۡسَ بِخَارِجٖ مِّنۡهَاۚ كَذَٰلِكَ زُيِّنَ لِلۡكَٰفِرِينَ مَا كَانُواْ يَعۡمَلُونَ","TajweedText":"أَوَمَ<tajweed class=ikhafa>ن ك</tajweed>َانَ مَيْ<tajweed class=ikhafa>تًا ف</tajweed>َأَحْيَيْنَ<tajweed class=madda_normal>ـٰ</tajweed>هُ وَجَعَلْنَا لَهُ<tajweed class=madda_normal>ۥ</tajweed> نُو<tajweed class=idgham_ghunnah>رًا ي</tajweed>َمْشِى بِه<tajweed class=madda_normal>ِۦ</tajweed> فِى <tajweed class=ham_wasl>ٱ</tajweed><tajweed class=laam_shamsiyah>ل</tajweed><tajweed class=ghunnah>نّ</tajweed>َاسِ كَم<tajweed class=idgham_ghunnah>َن م</tajweed>َّثَلُهُ<tajweed class=madda_normal>ۥ</tajweed> فِى <tajweed class=ham_wasl>ٱ</tajweed><tajweed class=laam_shamsiyah>ل</tajweed>ظُّلُمَ<tajweed class=madda_normal>ـٰ</tajweed>تِ لَيْسَ بِخَارِ<tajweed class=idgham_ghunnah>جٍ م</tajweed>ِّنْهَا‌ۚ كَذ<tajweed class=madda_normal>َٲ</tajweed>لِكَ زُيِّنَ لِلْكَ<tajweed class=madda_normal>ـٰ</tajweed>فِرِينَ مَا كَانُو<tajweed class=slnt>اْ</tajweed> يَعْمَل<tajweed class=madda_permissible>ُو</tajweed>نَ <span class=end>١٢٢</span>","End":"١٢٢","PageNumber":143,"JuzNumber":8,"ManzilNumber":2,"RukuNumber":116,"MaqraNumber":57,"HizbNumber":15,"HizbDecimal":0.0,"HasSajda":false},{"SurahNumber":6,"SurahIndex":"006","VerseNumber":123,"ShowSurahName":false,"ShowBismillah":false,"Text":"وَكَذَٰلِكَ جَعَلۡنَا فِي كُلِّ قَرۡيَةٍ أَكَٰبِرَ مُجۡرِمِيهَا لِيَمۡكُرُواْ فِيهَاۖ وَمَا يَمۡكُرُونَ إِلَّا بِأَنفُسِهِمۡ وَمَا يَشۡعُرُونَ","TajweedText":"وَكَذ<tajweed class=madda_normal>َٲ</tajweed>لِكَ جَعَلْنَا فِى كُلِّ قَرْيَةٍ أَكَ<tajweed class=madda_normal>ـٰ</tajweed>بِرَ مُ<tajweed class=qalaqah>جْ</tajweed>رِمِيهَا لِيَمْكُرُو<tajweed class=slnt>اْ</tajweed> فِيهَا‌ۖ وَمَا يَمْكُرُونَ إِلَّا بِأَ<tajweed class=ikhafa>نف</tajweed>ُسِهِمْ وَمَا يَشْعُر<tajweed class=madda_permissible>ُو</tajweed>نَ <span class=end>١٢٣</span>","End":"١٢٣","PageNumber":143,"JuzNumber":8,"ManzilNumber":2,"RukuNumber":116,"MaqraNumber":57,"HizbNumber":15,"HizbDecimal":0.0,"HasSajda":false},{"SurahNumber":6,"SurahIndex":"006","VerseNumber":124,"ShowSurahName":false,"ShowBismillah":false,"Text":"وَإِذَا جَآءَتۡهُمۡ ءَايَةٞ قَالُواْ لَن نُّؤۡمِنَ حَتَّىٰ نُؤۡتَىٰ مِثۡلَ مَآ أُوتِيَ رُسُلُ ٱللَّهِۘ ٱللَّهُ أَعۡلَمُ حَيۡثُ يَجۡعَلُ رِسَالَتَهُۥۗ سَيُصِيبُ ٱلَّذِينَ أَجۡرَمُواْ صَغَارٌ عِندَ ٱللَّهِ وَعَذَابٞ شَدِيدُۢ بِمَا كَانُواْ يَمۡكُرُونَ","TajweedText":"وَإِذَا ج<tajweed class=madda_obligatory>َا</tajweed>ٓءَتْهُمْ ءَايَ<tajweed class=ikhafa>ةٌ ق</tajweed>َالُو<tajweed class=slnt>اْ</tajweed> ل<tajweed class=idgham_ghunnah>َن ن</tajweed>ُّؤْمِنَ حَتَّىٰ نُؤْتَىٰ مِثْلَ م<tajweed class=madda_obligatory>َآ</tajweed> أُوتِىَ رُسُلُ <tajweed class=ham_wasl>ٱ</tajweed>للَّهِ‌ۘ <tajweed class=ham_wasl>ٱ</tajweed>للَّهُ أَعْلَمُ حَيْثُ يَ<tajweed class=qalaqah>جْ</tajweed>عَلُ رِسَالَتَهُ<tajweed class=madda_normal>ۥ</tajweed>‌ۗ سَيُصِيبُ <tajweed class=ham_wasl>ٱ</tajweed>لَّذِينَ أَ<tajweed class=qalaqah>جْ</tajweed>رَمُو<tajweed class=slnt>اْ</tajweed> صَغَارٌ عِ<tajweed class=ikhafa>ند</tajweed>َ <tajweed class=ham_wasl>ٱ</tajweed>للَّهِ وَعَذَا<tajweed class=ikhafa>بٌ ش</tajweed>َدِي<tajweed class=iqlab>دُۢ ب</tajweed>ِمَا كَانُو<tajweed class=slnt>اْ</tajweed> يَمْكُر<tajweed class=madda_permissible>ُو</tajweed>نَ <span class=end>١٢٤</span>","End":"١٢٤","PageNumber":143,"JuzNumber":8,"ManzilNumber":2,"RukuNumber":116,"MaqraNumber":57,"HizbNumber":15,"HizbDecimal":0.0,"HasSajda":false},{"SurahNumber":6,"SurahIndex":"006","VerseNumber":125,"ShowSurahName":false,"ShowBismillah":false,"Text":"فَمَن يُرِدِ ٱللَّهُ أَن يَهۡدِيَهُۥ يَشۡرَحۡ صَدۡرَهُۥ لِلۡإِسۡلَٰمِۖ وَمَن يُرِدۡ أَن يُضِلَّهُۥ يَجۡعَلۡ صَدۡرَهُۥ ضَيِّقًا حَرَجٗا كَأَنَّمَا يَصَّعَّدُ فِي ٱلسَّمَآءِۚ كَذَٰلِكَ يَجۡعَلُ ٱللَّهُ ٱلرِّجۡسَ عَلَى ٱلَّذِينَ لَا يُؤۡمِنُونَ","TajweedText":"فَم<tajweed class=idgham_ghunnah>َن ي</tajweed>ُرِدِ <tajweed class=ham_wasl>ٱ</tajweed>للَّهُ أ<tajweed class=idgham_ghunnah>َن ي</tajweed>َهْدِيَهُ<tajweed class=madda_normal>ۥ</tajweed> يَشْرَحْ صَ<tajweed class=qalaqah>دْ</tajweed>رَهُ<tajweed class=madda_normal>ۥ</tajweed> لِلْإِسْلَ<tajweed class=madda_normal>ـٰ</tajweed>مِ‌ۖ وَم<tajweed class=idgham_ghunnah>َن ي</tajweed>ُرِ<tajweed class=qalaqah>دْ</tajweed> أ<tajweed class=idgham_ghunnah>َن ي</tajweed>ُضِلَّهُ<tajweed class=madda_normal>ۥ</tajweed> يَ<tajweed class=qalaqah>جْ</tajweed>عَلْ صَ<tajweed class=qalaqah>دْ</tajweed>رَهُ<tajweed class=madda_normal>ۥ</tajweed> ضَيِّقًا حَرَ<tajweed class=ikhafa>جًا ك</tajweed>َأَ<tajweed class=ghunnah>نّ</tajweed>َمَا يَصَّعَّدُ فِى <tajweed class=ham_wasl>ٱ</tajweed><tajweed class=laam_shamsiyah>ل</tajweed>سَّم<tajweed class=madda_obligatory>َا</tajweed>ٓءِ‌ۚ كَذ<tajweed class=madda_normal>َٲ</tajweed>لِكَ يَ<tajweed class=qalaqah>جْ</tajweed>عَلُ <tajweed class=ham_wasl>ٱ</tajweed>للَّهُ <tajweed class=ham_wasl>ٱ</tajweed><tajweed class=laam_shamsiyah>ل</tajweed>رِّ<tajweed class=qalaqah>جْ</tajweed>سَ عَلَى <tajweed class=ham_wasl>ٱ</tajweed>لَّذِينَ لَا يُؤْمِن<tajweed class=madda_permissible>ُو</tajweed>نَ <span class=end>١٢٥</span>","End":"١٢٥","PageNumber":144,"JuzNumber":8,"ManzilNumber":2,"RukuNumber":116,"MaqraNumber":57,"HizbNumber":15,"HizbDecimal":0.0,"HasSajda":false},{"SurahNumber":6,"SurahIndex":"006","VerseNumber":126,"ShowSurahName":false,"ShowBismillah":false,"Text":"وَهَٰذَا صِرَٰطُ رَبِّكَ مُسۡتَقِيمٗاۗ قَدۡ فَصَّلۡنَا ٱلۡأٓيَٰتِ لِقَوۡمٖ يَذَّكَّرُونَ","TajweedText":"وَهَ<tajweed class=madda_normal>ـٰ</tajweed>ذَا صِر<tajweed class=madda_normal>َٲ</tajweed>طُ رَبِّكَ مُسْتَقِي<tajweed class=ikhafa>مًا‌ۗ ق</tajweed>َ<tajweed class=qalaqah>دْ</tajweed> فَصَّلْنَا <tajweed class=ham_wasl>ٱ</tajweed>لْأَيَ<tajweed class=madda_normal>ـٰ</tajweed>تِ لِقَوْ<tajweed class=idgham_ghunnah>مٍ ي</tajweed>َذَّكَّر<tajweed class=madda_permissible>ُو</tajweed>نَ <span class=end>١٢٦</span>","End":"١٢٦","PageNumber":144,"JuzNumber":8,"ManzilNumber":2,"RukuNumber":116,"MaqraNumber":57,"HizbNumber":15,"HizbDecimal":0.0,"HasSajda":false},{"SurahNumber":6,"SurahIndex":"006","VerseNumber":127,"ShowSurahName":false,"ShowBismillah":false,"Text":"۞لَهُمۡ دَارُ ٱلسَّلَٰمِ عِندَ رَبِّهِمۡۖ وَهُوَ وَلِيُّهُم بِمَا كَانُواْ يَعۡمَلُونَ","TajweedText":"۞ لَهُمْ دَارُ <tajweed class=ham_wasl>ٱ</tajweed><tajweed class=laam_shamsiyah>ل</tajweed>سَّلَ<tajweed class=madda_normal>ـٰ</tajweed>مِ عِ<tajweed class=ikhafa>ند</tajweed>َ رَبِّهِمْ‌ۖ وَهُوَ وَلِيُّه<tajweed class=ikhafa_shafawi>ُم ب</tajweed>ِمَا كَانُو<tajweed class=slnt>اْ</tajweed> يَعْمَل<tajweed class=madda_permissible>ُو</tajweed>نَ <span class=end>١٢٧</span>","End":"١٢٧","PageNumber":144,"JuzNumber":8,"ManzilNumber":2,"RukuNumber":116,"MaqraNumber":58,"HizbNumber":15,"HizbDecimal":0.25,"HasSajda":false},{"SurahNumber":6,"SurahIndex":"006","VerseNumber":128,"ShowSurahName":false,"ShowBismillah":false,"Text":"وَيَوۡمَ يَحۡشُرُهُمۡ جَمِيعٗا يَٰمَعۡشَرَ ٱلۡجِنِّ قَدِ ٱسۡتَكۡثَرۡتُم مِّنَ ٱلۡإِنسِۖ وَقَالَ أَوۡلِيَآؤُهُم مِّنَ ٱلۡإِنسِ رَبَّنَا ٱسۡتَمۡتَعَ بَعۡضُنَا بِبَعۡضٖ وَبَلَغۡنَآ أَجَلَنَا ٱلَّذِيٓ أَجَّلۡتَ لَنَاۚ قَالَ ٱلنَّارُ مَثۡوَىٰكُمۡ خَٰلِدِينَ فِيهَآ إِلَّا مَا شَآءَ ٱللَّهُۚ إِنَّ رَبَّكَ حَكِيمٌ عَلِيمٞ","TajweedText":"وَيَوْمَ يَحْشُرُهُمْ جَمِي<tajweed class=idgham_ghunnah>عًا ي</tajweed>َ<tajweed class=madda_normal>ـٰ</tajweed>مَعْشَرَ <tajweed class=ham_wasl>ٱ</tajweed>لْجِ<tajweed class=ghunnah>نّ</tajweed>ِ قَدِ <tajweed class=ham_wasl>ٱ</tajweed>سْتَكْثَرْت<tajweed class=idgham_shafawi>ُم م</tajweed>ِّنَ <tajweed class=ham_wasl>ٱ</tajweed>لْإِ<tajweed class=ikhafa>نس</tajweed>ِ‌ۖ وَقَالَ أَوْلِي<tajweed class=madda_obligatory>َا</tajweed>ٓؤُه<tajweed class=idgham_shafawi>ُم م</tajweed>ِّنَ <tajweed class=ham_wasl>ٱ</tajweed>لْإِ<tajweed class=ikhafa>نس</tajweed>ِ رَبَّنَا <tajweed class=ham_wasl>ٱ</tajweed>سْتَمْتَعَ بَعْضُنَا بِبَعْ<tajweed class=idgham_ghunnah>ضٍ و</tajweed>َبَلَغْن<tajweed class=madda_obligatory>َآ</tajweed> أَجَلَنَا <tajweed class=ham_wasl>ٱ</tajweed>لَّذ<tajweed class=madda_obligatory>ِىٓ</tajweed> أَجَّلْتَ لَنَا‌ۚ قَالَ <tajweed class=ham_wasl>ٱ</tajweed><tajweed class=laam_shamsiyah>ل</tajweed><tajweed class=ghunnah>نّ</tajweed>َارُ مَثْوَ<tajweed class=madda_normal>ٮٰ</tajweed>كُمْ خَ<tajweed class=madda_normal>ـٰ</tajweed>لِدِينَ فِيه<tajweed class=madda_obligatory>َآ</tajweed> إِلَّا مَا ش<tajweed class=madda_obligatory>َا</tajweed>ٓءَ <tajweed class=ham_wasl>ٱ</tajweed>للَّهُ‌ۗ إِ<tajweed class=ghunnah>نّ</tajweed>َ رَبَّكَ حَكِيمٌ عَل<tajweed class=madda_permissible>ِي</tajweed>مٌ <span class=end>١٢٨</span>","End":"١٢٨","PageNumber":144,"JuzNumber":8,"ManzilNumber":2,"RukuNumber":116,"MaqraNumber":58,"HizbNumber":15,"HizbDecimal":0.25,"HasSajda":false},{"SurahNumber":6,"SurahIndex":"006","VerseNumber":129,"ShowSurahName":false,"ShowBismillah":false,"Text":"وَكَذَٰلِكَ نُوَلِّي بَعۡضَ ٱلظَّـٰلِمِينَ بَعۡضَۢا بِمَا كَانُواْ يَكۡسِبُونَ","TajweedText":"وَكَذ<tajweed class=madda_normal>َٲ</tajweed>لِكَ نُوَلِّى بَعْضَ <tajweed class=ham_wasl>ٱ</tajweed><tajweed class=laam_shamsiyah>ل</tajweed>ظَّ<tajweed class=madda_normal>ـٰ</tajweed>لِمِينَ بَعْض<tajweed class=iqlab>َۢا ب</tajweed>ِمَا كَانُو<tajweed class=slnt>اْ</tajweed> يَكْسِب<tajweed class=madda_permissible>ُو</tajweed>نَ <span class=end>١٢٩</span>","End":"١٢٩","PageNumber":144,"JuzNumber":8,"ManzilNumber":2,"RukuNumber":116,"MaqraNumber":58,"HizbNumber":15,"HizbDecimal":0.25,"HasSajda":false}]}