{"RukuNumber":470,"Verses":[{"SurahNumber":56,"SurahIndex":"056","VerseNumber":39,"ShowSurahName":false,"ShowBismillah":false,"Text":"ثُلَّةٞ مِّنَ ٱلۡأَوَّلِينَ","TajweedText":"ثُلَّ<tajweed class=idgham_ghunnah>ةٌ م</tajweed>ِّنَ <tajweed class=ham_wasl>ٱ</tajweed>لْأَوَّل<tajweed class=madda_permissible>ِي</tajweed>نَ <span class=end>٣٩</span>","End":"٣٩","PageNumber":535,"JuzNumber":27,"ManzilNumber":7,"RukuNumber":470,"MaqraNumber":214,"HizbNumber":54,"HizbDecimal":0.25,"HasSajda":false},{"SurahNumber":56,"SurahIndex":"056","VerseNumber":40,"ShowSurahName":false,"ShowBismillah":false,"Text":"وَثُلَّةٞ مِّنَ ٱلۡأٓخِرِينَ","TajweedText":"وَثُلَّ<tajweed class=idgham_ghunnah>ةٌ م</tajweed>ِّنَ <tajweed class=ham_wasl>ٱ</tajweed>لْأَخِر<tajweed class=madda_permissible>ِي</tajweed>نَ <span class=end>٤٠</span>","End":"٤٠","PageNumber":535,"JuzNumber":27,"ManzilNumber":7,"RukuNumber":470,"MaqraNumber":214,"HizbNumber":54,"HizbDecimal":0.25,"HasSajda":false},{"SurahNumber":56,"SurahIndex":"056","VerseNumber":41,"ShowSurahName":false,"ShowBismillah":false,"Text":"وَأَصۡحَٰبُ ٱلشِّمَالِ مَآ أَصۡحَٰبُ ٱلشِّمَالِ","TajweedText":"وَأَصْحَ<tajweed class=madda_normal>ـٰ</tajweed>بُ <tajweed class=ham_wasl>ٱ</tajweed><tajweed class=laam_shamsiyah>ل</tajweed>شِّمَالِ م<tajweed class=madda_obligatory>َآ</tajweed> أَصْحَ<tajweed class=madda_normal>ـٰ</tajweed>بُ <tajweed class=ham_wasl>ٱ</tajweed><tajweed class=laam_shamsiyah>ل</tajweed>شِّم<tajweed class=madda_permissible>َا</tajweed>لِ <span class=end>٤١</span>","End":"٤١","PageNumber":535,"JuzNumber":27,"ManzilNumber":7,"RukuNumber":470,"MaqraNumber":214,"HizbNumber":54,"HizbDecimal":0.25,"HasSajda":false},{"SurahNumber":56,"SurahIndex":"056","VerseNumber":42,"ShowSurahName":false,"ShowBismillah":false,"Text":"فِي سَمُومٖ وَحَمِيمٖ","TajweedText":"فِى سَمُو<tajweed class=idgham_ghunnah>مٍ و</tajweed>َحَم<tajweed class=madda_permissible>ِي</tajweed>مٍ <span class=end>٤٢</span>","End":"٤٢","PageNumber":535,"JuzNumber":27,"ManzilNumber":7,"RukuNumber":470,"MaqraNumber":214,"HizbNumber":54,"HizbDecimal":0.25,"HasSajda":false},{"SurahNumber":56,"SurahIndex":"056","VerseNumber":43,"ShowSurahName":false,"ShowBismillah":false,"Text":"وَظِلّٖ مِّن يَحۡمُومٖ","TajweedText":"وَظِ<tajweed class=idgham_ghunnah>لٍّ م</tajweed>ّ<tajweed class=idgham_ghunnah>ِن ي</tajweed>َحْم<tajweed class=madda_permissible>ُو</tajweed>مٍ <span class=end>٤٣</span>","End":"٤٣","PageNumber":535,"JuzNumber":27,"ManzilNumber":7,"RukuNumber":470,"MaqraNumber":214,"HizbNumber":54,"HizbDecimal":0.25,"HasSajda":false},{"SurahNumber":56,"SurahIndex":"056","VerseNumber":44,"ShowSurahName":false,"ShowBismillah":false,"Text":"لَّا بَارِدٖ وَلَا كَرِيمٍ","TajweedText":"لَّا بَارِ<tajweed class=idgham_ghunnah>دٍ و</tajweed>َلَا كَر<tajweed class=madda_permissible>ِي</tajweed>مٍ <span class=end>٤٤</span>","End":"٤٤","PageNumber":535,"JuzNumber":27,"ManzilNumber":7,"RukuNumber":470,"MaqraNumber":214,"HizbNumber":54,"HizbDecimal":0.25,"HasSajda":false},{"SurahNumber":56,"SurahIndex":"056","VerseNumber":45,"ShowSurahName":false,"ShowBismillah":false,"Text":"إِنَّهُمۡ كَانُواْ قَبۡلَ ذَٰلِكَ مُتۡرَفِينَ","TajweedText":"إِ<tajweed class=ghunnah>نّ</tajweed>َهُمْ كَانُو<tajweed class=slnt>اْ</tajweed> قَ<tajweed class=qalaqah>بْ</tajweed>لَ ذ<tajweed class=madda_normal>َٲ</tajweed>لِكَ مُتْرَف<tajweed class=madda_permissible>ِي</tajweed>نَ <span class=end>٤٥</span>","End":"٤٥","PageNumber":535,"JuzNumber":27,"ManzilNumber":7,"RukuNumber":470,"MaqraNumber":214,"HizbNumber":54,"HizbDecimal":0.25,"HasSajda":false},{"SurahNumber":56,"SurahIndex":"056","VerseNumber":46,"ShowSurahName":false,"ShowBismillah":false,"Text":"وَكَانُواْ يُصِرُّونَ عَلَى ٱلۡحِنثِ ٱلۡعَظِيمِ","TajweedText":"وَكَانُو<tajweed class=slnt>اْ</tajweed> يُصِرُّونَ عَلَى <tajweed class=ham_wasl>ٱ</tajweed>لْحِ<tajweed class=ikhafa>نث</tajweed>ِ <tajweed class=ham_wasl>ٱ</tajweed>لْعَظ<tajweed class=madda_permissible>ِي</tajweed>مِ <span class=end>٤٦</span>","End":"٤٦","PageNumber":535,"JuzNumber":27,"ManzilNumber":7,"RukuNumber":470,"MaqraNumber":214,"HizbNumber":54,"HizbDecimal":0.25,"HasSajda":false},{"SurahNumber":56,"SurahIndex":"056","VerseNumber":47,"ShowSurahName":false,"ShowBismillah":false,"Text":"وَكَانُواْ يَقُولُونَ أَئِذَا مِتۡنَا وَكُنَّا تُرَابٗا وَعِظَٰمًا أَءِنَّا لَمَبۡعُوثُونَ","TajweedText":"وَكَانُو<tajweed class=slnt>اْ</tajweed> يَقُولُونَ أَئِذَا مِتْنَا وَكُ<tajweed class=ghunnah>نّ</tajweed>َا تُرَا<tajweed class=idgham_ghunnah>بًا و</tajweed>َعِظَ<tajweed class=madda_normal>ـٰ</tajweed>مًا أَءِ<tajweed class=ghunnah>نّ</tajweed>َا لَمَ<tajweed class=qalaqah>بْ</tajweed>عُوث<tajweed class=madda_permissible>ُو</tajweed>نَ <span class=end>٤٧</span>","End":"٤٧","PageNumber":535,"JuzNumber":27,"ManzilNumber":7,"RukuNumber":470,"MaqraNumber":214,"HizbNumber":54,"HizbDecimal":0.25,"HasSajda":false},{"SurahNumber":56,"SurahIndex":"056","VerseNumber":48,"ShowSurahName":false,"ShowBismillah":false,"Text":"أَوَءَابَآؤُنَا ٱلۡأَوَّلُونَ","TajweedText":"أَوَءَاب<tajweed class=madda_obligatory>َا</tajweed>ٓؤُنَا <tajweed class=ham_wasl>ٱ</tajweed>لْأَوَّل<tajweed class=madda_permissible>ُو</tajweed>نَ <span class=end>٤٨</span>","End":"٤٨","PageNumber":535,"JuzNumber":27,"ManzilNumber":7,"RukuNumber":470,"MaqraNumber":214,"HizbNumber":54,"HizbDecimal":0.25,"HasSajda":false},{"SurahNumber":56,"SurahIndex":"056","VerseNumber":49,"ShowSurahName":false,"ShowBismillah":false,"Text":"قُلۡ إِنَّ ٱلۡأَوَّلِينَ وَٱلۡأٓخِرِينَ","TajweedText":"قُلْ إِ<tajweed class=ghunnah>نّ</tajweed>َ <tajweed class=ham_wasl>ٱ</tajweed>لْأَوَّلِينَ وَ<tajweed class=ham_wasl>ٱ</tajweed>لْأَخِر<tajweed class=madda_permissible>ِي</tajweed>نَ <span class=end>٤٩</span>","End":"٤٩","PageNumber":535,"JuzNumber":27,"ManzilNumber":7,"RukuNumber":470,"MaqraNumber":214,"HizbNumber":54,"HizbDecimal":0.25,"HasSajda":false},{"SurahNumber":56,"SurahIndex":"056","VerseNumber":50,"ShowSurahName":false,"ShowBismillah":false,"Text":"لَمَجۡمُوعُونَ إِلَىٰ مِيقَٰتِ يَوۡمٖ مَّعۡلُومٖ","TajweedText":"لَمَ<tajweed class=qalaqah>جْ</tajweed>مُوعُونَ إِلَىٰ مِيقَ<tajweed class=madda_normal>ـٰ</tajweed>تِ يَوْ<tajweed class=idgham_ghunnah>مٍ م</tajweed>َّعْل<tajweed class=madda_permissible>ُو</tajweed>مٍ <span class=end>٥٠</span>","End":"٥٠","PageNumber":535,"JuzNumber":27,"ManzilNumber":7,"RukuNumber":470,"MaqraNumber":214,"HizbNumber":54,"HizbDecimal":0.25,"HasSajda":false},{"SurahNumber":56,"SurahIndex":"056","VerseNumber":51,"ShowSurahName":false,"ShowBismillah":false,"Text":"ثُمَّ إِنَّكُمۡ أَيُّهَا ٱلضَّآلُّونَ ٱلۡمُكَذِّبُونَ","TajweedText":"ثُ<tajweed class=ghunnah>مّ</tajweed>َ إِ<tajweed class=ghunnah>نّ</tajweed>َكُمْ أَيُّهَا <tajweed class=ham_wasl>ٱ</tajweed><tajweed class=laam_shamsiyah>ل</tajweed>ضّ<tajweed class=madda_necessary>َا</tajweed>ٓلُّونَ <tajweed class=ham_wasl>ٱ</tajweed>لْمُكَذِّب<tajweed class=madda_permissible>ُو</tajweed>نَ <span class=end>٥١</span>","End":"٥١","PageNumber":536,"JuzNumber":27,"ManzilNumber":7,"RukuNumber":470,"MaqraNumber":214,"HizbNumber":54,"HizbDecimal":0.25,"HasSajda":false},{"SurahNumber":56,"SurahIndex":"056","VerseNumber":52,"ShowSurahName":false,"ShowBismillah":false,"Text":"لَأٓكِلُونَ مِن شَجَرٖ مِّن زَقُّومٖ","TajweedText":"لَأَكِلُونَ مِ<tajweed class=ikhafa>ن ش</tajweed>َجَ<tajweed class=idgham_ghunnah>رٍ م</tajweed>ِّ<tajweed class=ikhafa>ن ز</tajweed>َقّ<tajweed class=madda_permissible>ُو</tajweed>مٍ <span class=end>٥٢</span>","End":"٥٢","PageNumber":536,"JuzNumber":27,"ManzilNumber":7,"RukuNumber":470,"MaqraNumber":214,"HizbNumber":54,"HizbDecimal":0.25,"HasSajda":false},{"SurahNumber":56,"SurahIndex":"056","VerseNumber":53,"ShowSurahName":false,"ShowBismillah":false,"Text":"فَمَالِـُٔونَ مِنۡهَا ٱلۡبُطُونَ","TajweedText":"فَمَالِــُٔونَ مِنْهَا <tajweed class=ham_wasl>ٱ</tajweed>لْبُط<tajweed class=madda_permissible>ُو</tajweed>نَ <span class=end>٥٣</span>","End":"٥٣","PageNumber":536,"JuzNumber":27,"ManzilNumber":7,"RukuNumber":470,"MaqraNumber":214,"HizbNumber":54,"HizbDecimal":0.25,"HasSajda":false},{"SurahNumber":56,"SurahIndex":"056","VerseNumber":54,"ShowSurahName":false,"ShowBismillah":false,"Text":"فَشَٰرِبُونَ عَلَيۡهِ مِنَ ٱلۡحَمِيمِ","TajweedText":"فَشَ<tajweed class=madda_normal>ـٰ</tajweed>رِبُونَ عَلَيْهِ مِنَ <tajweed class=ham_wasl>ٱ</tajweed>لْحَم<tajweed class=madda_permissible>ِي</tajweed>مِ <span class=end>٥٤</span>","End":"٥٤","PageNumber":536,"JuzNumber":27,"ManzilNumber":7,"RukuNumber":470,"MaqraNumber":214,"HizbNumber":54,"HizbDecimal":0.25,"HasSajda":false},{"SurahNumber":56,"SurahIndex":"056","VerseNumber":55,"ShowSurahName":false,"ShowBismillah":false,"Text":"فَشَٰرِبُونَ شُرۡبَ ٱلۡهِيمِ","TajweedText":"فَشَ<tajweed class=madda_normal>ـٰ</tajweed>رِبُونَ شُرْبَ <tajweed class=ham_wasl>ٱ</tajweed>لْه<tajweed class=madda_permissible>ِي</tajweed>مِ <span class=end>٥٥</span>","End":"٥٥","PageNumber":536,"JuzNumber":27,"ManzilNumber":7,"RukuNumber":470,"MaqraNumber":214,"HizbNumber":54,"HizbDecimal":0.25,"HasSajda":false},{"SurahNumber":56,"SurahIndex":"056","VerseNumber":56,"ShowSurahName":false,"ShowBismillah":false,"Text":"هَٰذَا نُزُلُهُمۡ يَوۡمَ ٱلدِّينِ","TajweedText":"هَ<tajweed class=madda_normal>ـٰ</tajweed>ذَا نُزُلُهُمْ يَوْمَ <tajweed class=ham_wasl>ٱ</tajweed><tajweed class=laam_shamsiyah>ل</tajweed>دّ<tajweed class=madda_permissible>ِي</tajweed>نِ <span class=end>٥٦</span>","End":"٥٦","PageNumber":536,"JuzNumber":27,"ManzilNumber":7,"RukuNumber":470,"MaqraNumber":214,"HizbNumber":54,"HizbDecimal":0.25,"HasSajda":false},{"SurahNumber":56,"SurahIndex":"056","VerseNumber":57,"ShowSurahName":false,"ShowBismillah":false,"Text":"نَحۡنُ خَلَقۡنَٰكُمۡ فَلَوۡلَا تُصَدِّقُونَ","TajweedText":"نَحْنُ خَلَ<tajweed class=qalaqah>قْ</tajweed>نَ<tajweed class=madda_normal>ـٰ</tajweed>كُمْ فَلَوْلَا تُصَدِّق<tajweed class=madda_permissible>ُو</tajweed>نَ <span class=end>٥٧</span>","End":"٥٧","PageNumber":536,"JuzNumber":27,"ManzilNumber":7,"RukuNumber":470,"MaqraNumber":214,"HizbNumber":54,"HizbDecimal":0.25,"HasSajda":false},{"SurahNumber":56,"SurahIndex":"056","VerseNumber":58,"ShowSurahName":false,"ShowBismillah":false,"Text":"أَفَرَءَيۡتُم مَّا تُمۡنُونَ","TajweedText":"أَفَرَءَيْت<tajweed class=idgham_shafawi>ُم م</tajweed>َّا تُمْن<tajweed class=madda_permissible>ُو</tajweed>نَ <span class=end>٥٨</span>","End":"٥٨","PageNumber":536,"JuzNumber":27,"ManzilNumber":7,"RukuNumber":470,"MaqraNumber":214,"HizbNumber":54,"HizbDecimal":0.25,"HasSajda":false},{"SurahNumber":56,"SurahIndex":"056","VerseNumber":59,"ShowSurahName":false,"ShowBismillah":false,"Text":"ءَأَنتُمۡ تَخۡلُقُونَهُۥٓ أَمۡ نَحۡنُ ٱلۡخَٰلِقُونَ","TajweedText":"ءَأَ<tajweed class=ikhafa>نت</tajweed>ُمْ تَخْلُقُونَهُ<tajweed class=madda_obligatory>ۥٓ</tajweed> أَمْ نَحْنُ <tajweed class=ham_wasl>ٱ</tajweed>لْخَ<tajweed class=madda_normal>ـٰ</tajweed>لِق<tajweed class=madda_permissible>ُو</tajweed>نَ <span class=end>٥٩</span>","End":"٥٩","PageNumber":536,"JuzNumber":27,"ManzilNumber":7,"RukuNumber":470,"MaqraNumber":214,"HizbNumber":54,"HizbDecimal":0.25,"HasSajda":false},{"SurahNumber":56,"SurahIndex":"056","VerseNumber":60,"ShowSurahName":false,"ShowBismillah":false,"Text":"نَحۡنُ قَدَّرۡنَا بَيۡنَكُمُ ٱلۡمَوۡتَ وَمَا نَحۡنُ بِمَسۡبُوقِينَ","TajweedText":"نَحْنُ قَدَّرْنَا بَيْنَكُمُ <tajweed class=ham_wasl>ٱ</tajweed>لْمَوْتَ وَمَا نَحْنُ بِمَسْبُوق<tajweed class=madda_permissible>ِي</tajweed>نَ <span class=end>٦٠</span>","End":"٦٠","PageNumber":536,"JuzNumber":27,"ManzilNumber":7,"RukuNumber":470,"MaqraNumber":214,"HizbNumber":54,"HizbDecimal":0.25,"HasSajda":false},{"SurahNumber":56,"SurahIndex":"056","VerseNumber":61,"ShowSurahName":false,"ShowBismillah":false,"Text":"عَلَىٰٓ أَن نُّبَدِّلَ أَمۡثَٰلَكُمۡ وَنُنشِئَكُمۡ فِي مَا لَا تَعۡلَمُونَ","TajweedText":"عَلَ<tajweed class=madda_obligatory>ىٰٓ</tajweed> أ<tajweed class=idgham_ghunnah>َن ن</tajweed>ُّبَدِّلَ أَمْثَ<tajweed class=madda_normal>ـٰ</tajweed>لَكُمْ وَنُ<tajweed class=ikhafa>نش</tajweed>ِئَكُمْ فِى مَا لَا تَعْلَم<tajweed class=madda_permissible>ُو</tajweed>نَ <span class=end>٦١</span>","End":"٦١","PageNumber":536,"JuzNumber":27,"ManzilNumber":7,"RukuNumber":470,"MaqraNumber":214,"HizbNumber":54,"HizbDecimal":0.25,"HasSajda":false},{"SurahNumber":56,"SurahIndex":"056","VerseNumber":62,"ShowSurahName":false,"ShowBismillah":false,"Text":"وَلَقَدۡ عَلِمۡتُمُ ٱلنَّشۡأَةَ ٱلۡأُولَىٰ فَلَوۡلَا تَذَكَّرُونَ","TajweedText":"وَلَقَ<tajweed class=qalaqah>دْ</tajweed> عَلِمْتُمُ <tajweed class=ham_wasl>ٱ</tajweed><tajweed class=laam_shamsiyah>ل</tajweed><tajweed class=ghunnah>نّ</tajweed>َشْأَةَ <tajweed class=ham_wasl>ٱ</tajweed>لْأُولَىٰ فَلَوْلَا تَذَكَّر<tajweed class=madda_permissible>ُو</tajweed>نَ <span class=end>٦٢</span>","End":"٦٢","PageNumber":536,"JuzNumber":27,"ManzilNumber":7,"RukuNumber":470,"MaqraNumber":214,"HizbNumber":54,"HizbDecimal":0.25,"HasSajda":false},{"SurahNumber":56,"SurahIndex":"056","VerseNumber":63,"ShowSurahName":false,"ShowBismillah":false,"Text":"أَفَرَءَيۡتُم مَّا تَحۡرُثُونَ","TajweedText":"أَفَرَءَيْت<tajweed class=idgham_shafawi>ُم م</tajweed>َّا تَحْرُث<tajweed class=madda_permissible>ُو</tajweed>نَ <span class=end>٦٣</span>","End":"٦٣","PageNumber":536,"JuzNumber":27,"ManzilNumber":7,"RukuNumber":470,"MaqraNumber":214,"HizbNumber":54,"HizbDecimal":0.25,"HasSajda":false},{"SurahNumber":56,"SurahIndex":"056","VerseNumber":64,"ShowSurahName":false,"ShowBismillah":false,"Text":"ءَأَنتُمۡ تَزۡرَعُونَهُۥٓ أَمۡ نَحۡنُ ٱلزَّـٰرِعُونَ","TajweedText":"ءَأَ<tajweed class=ikhafa>نت</tajweed>ُمْ تَزْرَعُونَهُ<tajweed class=madda_obligatory>ۥٓ</tajweed> أَمْ نَحْنُ <tajweed class=ham_wasl>ٱ</tajweed><tajweed class=laam_shamsiyah>ل</tajweed>زّ<tajweed class=madda_normal>َٲ</tajweed>رِع<tajweed class=madda_permissible>ُو</tajweed>نَ <span class=end>٦٤</span>","End":"٦٤","PageNumber":536,"JuzNumber":27,"ManzilNumber":7,"RukuNumber":470,"MaqraNumber":214,"HizbNumber":54,"HizbDecimal":0.25,"HasSajda":false},{"SurahNumber":56,"SurahIndex":"056","VerseNumber":65,"ShowSurahName":false,"ShowBismillah":false,"Text":"لَوۡ نَشَآءُ لَجَعَلۡنَٰهُ حُطَٰمٗا فَظَلۡتُمۡ تَفَكَّهُونَ","TajweedText":"لَوْ نَش<tajweed class=madda_obligatory>َا</tajweed>ٓءُ لَجَعَلْنَ<tajweed class=madda_normal>ـٰ</tajweed>هُ حُطَ<tajweed class=madda_normal>ـٰ</tajweed><tajweed class=ikhafa>مًا ف</tajweed>َظَلْتُمْ تَفَكَّه<tajweed class=madda_permissible>ُو</tajweed>نَ <span class=end>٦٥</span>","End":"٦٥","PageNumber":536,"JuzNumber":27,"ManzilNumber":7,"RukuNumber":470,"MaqraNumber":214,"HizbNumber":54,"HizbDecimal":0.25,"HasSajda":false},{"SurahNumber":56,"SurahIndex":"056","VerseNumber":66,"ShowSurahName":false,"ShowBismillah":false,"Text":"إِنَّا لَمُغۡرَمُونَ","TajweedText":"إِ<tajweed class=ghunnah>نّ</tajweed>َا لَمُغْرَم<tajweed class=madda_permissible>ُو</tajweed>نَ <span class=end>٦٦</span>","End":"٦٦","PageNumber":536,"JuzNumber":27,"ManzilNumber":7,"RukuNumber":470,"MaqraNumber":214,"HizbNumber":54,"HizbDecimal":0.25,"HasSajda":false},{"SurahNumber":56,"SurahIndex":"056","VerseNumber":67,"ShowSurahName":false,"ShowBismillah":false,"Text":"بَلۡ نَحۡنُ مَحۡرُومُونَ","TajweedText":"بَلْ نَحْنُ مَحْرُوم<tajweed class=madda_permissible>ُو</tajweed>نَ <span class=end>٦٧</span>","End":"٦٧","PageNumber":536,"JuzNumber":27,"ManzilNumber":7,"RukuNumber":470,"MaqraNumber":214,"HizbNumber":54,"HizbDecimal":0.25,"HasSajda":false},{"SurahNumber":56,"SurahIndex":"056","VerseNumber":68,"ShowSurahName":false,"ShowBismillah":false,"Text":"أَفَرَءَيۡتُمُ ٱلۡمَآءَ ٱلَّذِي تَشۡرَبُونَ","TajweedText":"أَفَرَءَيْتُمُ <tajweed class=ham_wasl>ٱ</tajweed>لْم<tajweed class=madda_obligatory>َا</tajweed>ٓءَ <tajweed class=ham_wasl>ٱ</tajweed>لَّذِى تَشْرَب<tajweed class=madda_permissible>ُو</tajweed>نَ <span class=end>٦٨</span>","End":"٦٨","PageNumber":536,"JuzNumber":27,"ManzilNumber":7,"RukuNumber":470,"MaqraNumber":214,"HizbNumber":54,"HizbDecimal":0.25,"HasSajda":false},{"SurahNumber":56,"SurahIndex":"056","VerseNumber":69,"ShowSurahName":false,"ShowBismillah":false,"Text":"ءَأَنتُمۡ أَنزَلۡتُمُوهُ مِنَ ٱلۡمُزۡنِ أَمۡ نَحۡنُ ٱلۡمُنزِلُونَ","TajweedText":"ءَأَ<tajweed class=ikhafa>نت</tajweed>ُمْ أَ<tajweed class=ikhafa>نز</tajweed>َلْتُمُوهُ مِنَ <tajweed class=ham_wasl>ٱ</tajweed>لْمُزْنِ أَمْ نَحْنُ <tajweed class=ham_wasl>ٱ</tajweed>لْمُ<tajweed class=ikhafa>نز</tajweed>ِل<tajweed class=madda_permissible>ُو</tajweed>نَ <span class=end>٦٩</span>","End":"٦٩","PageNumber":536,"JuzNumber":27,"ManzilNumber":7,"RukuNumber":470,"MaqraNumber":214,"HizbNumber":54,"HizbDecimal":0.25,"HasSajda":false},{"SurahNumber":56,"SurahIndex":"056","VerseNumber":70,"ShowSurahName":false,"ShowBismillah":false,"Text":"لَوۡ نَشَآءُ جَعَلۡنَٰهُ أُجَاجٗا فَلَوۡلَا تَشۡكُرُونَ","TajweedText":"لَوْ نَش<tajweed class=madda_obligatory>َا</tajweed>ٓءُ جَعَلْنَ<tajweed class=madda_normal>ـٰ</tajweed>هُ أُجَا<tajweed class=ikhafa>جًا ف</tajweed>َلَوْلَا تَشْكُر<tajweed class=madda_permissible>ُو</tajweed>نَ <span class=end>٧٠</span>","End":"٧٠","PageNumber":536,"JuzNumber":27,"ManzilNumber":7,"RukuNumber":470,"MaqraNumber":214,"HizbNumber":54,"HizbDecimal":0.25,"HasSajda":false},{"SurahNumber":56,"SurahIndex":"056","VerseNumber":71,"ShowSurahName":false,"ShowBismillah":false,"Text":"أَفَرَءَيۡتُمُ ٱلنَّارَ ٱلَّتِي تُورُونَ","TajweedText":"أَفَرَءَيْتُمُ <tajweed class=ham_wasl>ٱ</tajweed><tajweed class=laam_shamsiyah>ل</tajweed><tajweed class=ghunnah>نّ</tajweed>َارَ <tajweed class=ham_wasl>ٱ</tajweed>لَّتِى تُور<tajweed class=madda_permissible>ُو</tajweed>نَ <span class=end>٧١</span>","End":"٧١","PageNumber":536,"JuzNumber":27,"ManzilNumber":7,"RukuNumber":470,"MaqraNumber":214,"HizbNumber":54,"HizbDecimal":0.25,"HasSajda":false},{"SurahNumber":56,"SurahIndex":"056","VerseNumber":72,"ShowSurahName":false,"ShowBismillah":false,"Text":"ءَأَنتُمۡ أَنشَأۡتُمۡ شَجَرَتَهَآ أَمۡ نَحۡنُ ٱلۡمُنشِـُٔونَ","TajweedText":"ءَأَ<tajweed class=ikhafa>نت</tajweed>ُمْ أَ<tajweed class=ikhafa>نش</tajweed>َأْتُمْ شَجَرَتَه<tajweed class=madda_obligatory>َآ</tajweed> أَمْ نَحْنُ <tajweed class=ham_wasl>ٱ</tajweed>لْمُ<tajweed class=ikhafa>نش</tajweed>ِــٔ<tajweed class=madda_permissible>ُو</tajweed>نَ <span class=end>٧٢</span>","End":"٧٢","PageNumber":536,"JuzNumber":27,"ManzilNumber":7,"RukuNumber":470,"MaqraNumber":214,"HizbNumber":54,"HizbDecimal":0.25,"HasSajda":false},{"SurahNumber":56,"SurahIndex":"056","VerseNumber":73,"ShowSurahName":false,"ShowBismillah":false,"Text":"نَحۡنُ جَعَلۡنَٰهَا تَذۡكِرَةٗ وَمَتَٰعٗا لِّلۡمُقۡوِينَ","TajweedText":"نَحْنُ جَعَلْنَ<tajweed class=madda_normal>ـٰ</tajweed>هَا تَذْكِرَ<tajweed class=idgham_ghunnah>ةً و</tajweed>َمَتَ<tajweed class=madda_normal>ـٰ</tajweed><tajweed class=idgham_wo_ghunnah>عًا ل</tajweed>ِّلْمُ<tajweed class=qalaqah>قْ</tajweed>و<tajweed class=madda_permissible>ِي</tajweed>نَ <span class=end>٧٣</span>","End":"٧٣","PageNumber":536,"JuzNumber":27,"ManzilNumber":7,"RukuNumber":470,"MaqraNumber":214,"HizbNumber":54,"HizbDecimal":0.25,"HasSajda":false},{"SurahNumber":56,"SurahIndex":"056","VerseNumber":74,"ShowSurahName":false,"ShowBismillah":false,"Text":"فَسَبِّحۡ بِٱسۡمِ رَبِّكَ ٱلۡعَظِيمِ","TajweedText":"فَسَبِّحْ بِ<tajweed class=ham_wasl>ٱ</tajweed>سْمِ رَبِّكَ <tajweed class=ham_wasl>ٱ</tajweed>لْعَظ<tajweed class=madda_permissible>ِي</tajweed>مِ <span class=end>٧٤</span>","End":"٧٤","PageNumber":536,"JuzNumber":27,"ManzilNumber":7,"RukuNumber":470,"MaqraNumber":214,"HizbNumber":54,"HizbDecimal":0.25,"HasSajda":false}]}