{"RukuNumber":152,"Verses":[{"SurahNumber":8,"SurahIndex":"008","VerseNumber":49,"ShowSurahName":false,"ShowBismillah":false,"Text":"إِذۡ يَقُولُ ٱلۡمُنَٰفِقُونَ وَٱلَّذِينَ فِي قُلُوبِهِم مَّرَضٌ غَرَّ هَـٰٓؤُلَآءِ دِينُهُمۡۗ وَمَن يَتَوَكَّلۡ عَلَى ٱللَّهِ فَإِنَّ ٱللَّهَ عَزِيزٌ حَكِيمٞ","TajweedText":"إِذْ يَقُولُ <tajweed class=ham_wasl>ٱ</tajweed>لْمُنَ<tajweed class=madda_normal>ـٰ</tajweed>فِقُونَ وَ<tajweed class=ham_wasl>ٱ</tajweed>لَّذِينَ فِى قُلُوبِه<tajweed class=idgham_shafawi>ِم م</tajweed>َّرَضٌ غَرَّ هَ<tajweed class=madda_obligatory>ـٰٓ</tajweed>ؤُل<tajweed class=madda_obligatory>َا</tajweed>ٓءِ دِينُهُمْ‌ۗ وَم<tajweed class=idgham_ghunnah>َن ي</tajweed>َتَوَكَّلْ عَلَى <tajweed class=ham_wasl>ٱ</tajweed>للَّهِ فَإِ<tajweed class=ghunnah>نّ</tajweed>َ <tajweed class=ham_wasl>ٱ</tajweed>للَّهَ عَزِيزٌ حَك<tajweed class=madda_permissible>ِي</tajweed>مٌ <span class=end>٤٩</span>","End":"٤٩","PageNumber":183,"JuzNumber":10,"ManzilNumber":2,"RukuNumber":152,"MaqraNumber":73,"HizbNumber":19,"HizbDecimal":0.0,"HasSajda":false},{"SurahNumber":8,"SurahIndex":"008","VerseNumber":50,"ShowSurahName":false,"ShowBismillah":false,"Text":"وَلَوۡ تَرَىٰٓ إِذۡ يَتَوَفَّى ٱلَّذِينَ كَفَرُواْ ٱلۡمَلَـٰٓئِكَةُ يَضۡرِبُونَ وُجُوهَهُمۡ وَأَدۡبَٰرَهُمۡ وَذُوقُواْ عَذَابَ ٱلۡحَرِيقِ","TajweedText":"وَلَوْ تَرَ<tajweed class=madda_obligatory>ىٰٓ</tajweed> إِذْ يَتَوَفَّى <tajweed class=ham_wasl>ٱ</tajweed>لَّذِينَ كَفَرُو<tajweed class=slnt>اْ‌ۙ</tajweed> <tajweed class=ham_wasl>ٱ</tajweed>لْمَلَ<tajweed class=madda_obligatory>ـٰٓ</tajweed>ئِكَةُ يَضْرِبُونَ وُجُوهَهُمْ وَأَ<tajweed class=qalaqah>دْ</tajweed>بَ<tajweed class=madda_normal>ـٰ</tajweed>رَهُمْ وَذُوقُو<tajweed class=slnt>اْ</tajweed> عَذَابَ <tajweed class=ham_wasl>ٱ</tajweed>لْحَر<tajweed class=madda_permissible>ِي</tajweed><tajweed class=qalaqah>ق</tajweed>ِ <span class=end>٥٠</span>","End":"٥٠","PageNumber":183,"JuzNumber":10,"ManzilNumber":2,"RukuNumber":152,"MaqraNumber":73,"HizbNumber":19,"HizbDecimal":0.0,"HasSajda":false},{"SurahNumber":8,"SurahIndex":"008","VerseNumber":51,"ShowSurahName":false,"ShowBismillah":false,"Text":"ذَٰلِكَ بِمَا قَدَّمَتۡ أَيۡدِيكُمۡ وَأَنَّ ٱللَّهَ لَيۡسَ بِظَلَّـٰمٖ لِّلۡعَبِيدِ","TajweedText":"ذ<tajweed class=madda_normal>َٲ</tajweed>لِكَ بِمَا قَدَّمَتْ أَيْدِيكُمْ وَأَ<tajweed class=ghunnah>نّ</tajweed>َ <tajweed class=ham_wasl>ٱ</tajweed>للَّهَ لَيْسَ بِظَلَّ<tajweed class=madda_normal>ـٰ</tajweed><tajweed class=idgham_wo_ghunnah>مٍ ل</tajweed>ِّلْعَب<tajweed class=madda_permissible>ِي</tajweed><tajweed class=qalaqah>د</tajweed>ِ <span class=end>٥١</span>","End":"٥١","PageNumber":183,"JuzNumber":10,"ManzilNumber":2,"RukuNumber":152,"MaqraNumber":73,"HizbNumber":19,"HizbDecimal":0.0,"HasSajda":false},{"SurahNumber":8,"SurahIndex":"008","VerseNumber":52,"ShowSurahName":false,"ShowBismillah":false,"Text":"كَدَأۡبِ ءَالِ فِرۡعَوۡنَ وَٱلَّذِينَ مِن قَبۡلِهِمۡۚ كَفَرُواْ بِـَٔايَٰتِ ٱللَّهِ فَأَخَذَهُمُ ٱللَّهُ بِذُنُوبِهِمۡۚ إِنَّ ٱللَّهَ قَوِيّٞ شَدِيدُ ٱلۡعِقَابِ","TajweedText":"كَدَأْبِ ءَالِ فِرْعَوْنَ‌ۙ وَ<tajweed class=ham_wasl>ٱ</tajweed>لَّذِينَ مِ<tajweed class=ikhafa>ن ق</tajweed>َ<tajweed class=qalaqah>بْ</tajweed>لِهِمْ‌ۚ كَفَرُو<tajweed class=slnt>اْ</tajweed> بِـَٔـايَ<tajweed class=madda_normal>ـٰ</tajweed>تِ <tajweed class=ham_wasl>ٱ</tajweed>للَّهِ فَأَخَذَهُمُ <tajweed class=ham_wasl>ٱ</tajweed>للَّهُ بِذُنُوبِهِمْ‌ۗ إِ<tajweed class=ghunnah>نّ</tajweed>َ <tajweed class=ham_wasl>ٱ</tajweed>للَّهَ قَوِ<tajweed class=ikhafa>ىٌّ ش</tajweed>َدِيدُ <tajweed class=ham_wasl>ٱ</tajweed>لْعِق<tajweed class=madda_permissible>َا</tajweed><tajweed class=qalaqah>ب</tajweed>ِ <span class=end>٥٢</span>","End":"٥٢","PageNumber":183,"JuzNumber":10,"ManzilNumber":2,"RukuNumber":152,"MaqraNumber":73,"HizbNumber":19,"HizbDecimal":0.0,"HasSajda":false},{"SurahNumber":8,"SurahIndex":"008","VerseNumber":53,"ShowSurahName":false,"ShowBismillah":false,"Text":"ذَٰلِكَ بِأَنَّ ٱللَّهَ لَمۡ يَكُ مُغَيِّرٗا نِّعۡمَةً أَنۡعَمَهَا عَلَىٰ قَوۡمٍ حَتَّىٰ يُغَيِّرُواْ مَا بِأَنفُسِهِمۡ وَأَنَّ ٱللَّهَ سَمِيعٌ عَلِيمٞ","TajweedText":"ذ<tajweed class=madda_normal>َٲ</tajweed>لِكَ بِأَ<tajweed class=ghunnah>نّ</tajweed>َ <tajweed class=ham_wasl>ٱ</tajweed>للَّهَ لَمْ يَكُ مُغَيِّ<tajweed class=idgham_ghunnah>رًا ن</tajweed>ِّعْمَةً أَنْعَمَهَا عَلَىٰ قَوْمٍ حَتَّىٰ يُغَيِّرُو<tajweed class=slnt>اْ</tajweed> مَا بِأَ<tajweed class=ikhafa>نف</tajweed>ُسِهِمْ‌ۙ وَأَ<tajweed class=ghunnah>نّ</tajweed>َ <tajweed class=ham_wasl>ٱ</tajweed>للَّهَ سَمِيعٌ عَل<tajweed class=madda_permissible>ِي</tajweed>مٌ <span class=end>٥٣</span>","End":"٥٣","PageNumber":184,"JuzNumber":10,"ManzilNumber":2,"RukuNumber":152,"MaqraNumber":73,"HizbNumber":19,"HizbDecimal":0.0,"HasSajda":false},{"SurahNumber":8,"SurahIndex":"008","VerseNumber":54,"ShowSurahName":false,"ShowBismillah":false,"Text":"كَدَأۡبِ ءَالِ فِرۡعَوۡنَ وَٱلَّذِينَ مِن قَبۡلِهِمۡۚ كَذَّبُواْ بِـَٔايَٰتِ رَبِّهِمۡ فَأَهۡلَكۡنَٰهُم بِذُنُوبِهِمۡ وَأَغۡرَقۡنَآ ءَالَ فِرۡعَوۡنَۚ وَكُلّٞ كَانُواْ ظَٰلِمِينَ","TajweedText":"كَدَأْبِ ءَالِ فِرْعَوْنَ‌ۙ وَ<tajweed class=ham_wasl>ٱ</tajweed>لَّذِينَ مِ<tajweed class=ikhafa>ن ق</tajweed>َ<tajweed class=qalaqah>بْ</tajweed>لِهِمْ‌ۚ كَذَّبُو<tajweed class=slnt>اْ</tajweed> بِـَٔـايَ<tajweed class=madda_normal>ـٰ</tajweed>تِ رَبِّهِمْ فَأَهْلَكْنَ<tajweed class=madda_normal>ـٰ</tajweed>ه<tajweed class=ikhafa_shafawi>ُم ب</tajweed>ِذُنُوبِهِمْ وَأَغْرَ<tajweed class=qalaqah>قْ</tajweed>ن<tajweed class=madda_obligatory>َآ</tajweed> ءَالَ فِرْعَوْنَ‌ۚ وَكُ<tajweed class=ikhafa>لٌّ ك</tajweed>َانُو<tajweed class=slnt>اْ</tajweed> ظَ<tajweed class=madda_normal>ـٰ</tajweed>لِم<tajweed class=madda_permissible>ِي</tajweed>نَ <span class=end>٥٤</span>","End":"٥٤","PageNumber":184,"JuzNumber":10,"ManzilNumber":2,"RukuNumber":152,"MaqraNumber":73,"HizbNumber":19,"HizbDecimal":0.0,"HasSajda":false},{"SurahNumber":8,"SurahIndex":"008","VerseNumber":55,"ShowSurahName":false,"ShowBismillah":false,"Text":"إِنَّ شَرَّ ٱلدَّوَآبِّ عِندَ ٱللَّهِ ٱلَّذِينَ كَفَرُواْ فَهُمۡ لَا يُؤۡمِنُونَ","TajweedText":"إِ<tajweed class=ghunnah>نّ</tajweed>َ شَرَّ <tajweed class=ham_wasl>ٱ</tajweed><tajweed class=laam_shamsiyah>ل</tajweed>دَّو<tajweed class=madda_necessary>َا</tajweed>ٓبِّ عِ<tajweed class=ikhafa>ند</tajweed>َ <tajweed class=ham_wasl>ٱ</tajweed>للَّهِ <tajweed class=ham_wasl>ٱ</tajweed>لَّذِينَ كَفَرُو<tajweed class=slnt>اْ</tajweed> فَهُمْ لَا يُؤْمِن<tajweed class=madda_permissible>ُو</tajweed>نَ <span class=end>٥٥</span>","End":"٥٥","PageNumber":184,"JuzNumber":10,"ManzilNumber":2,"RukuNumber":152,"MaqraNumber":73,"HizbNumber":19,"HizbDecimal":0.0,"HasSajda":false},{"SurahNumber":8,"SurahIndex":"008","VerseNumber":56,"ShowSurahName":false,"ShowBismillah":false,"Text":"ٱلَّذِينَ عَٰهَدتَّ مِنۡهُمۡ ثُمَّ يَنقُضُونَ عَهۡدَهُمۡ فِي كُلِّ مَرَّةٖ وَهُمۡ لَا يَتَّقُونَ","TajweedText":"ٱلَّذِينَ عَ<tajweed class=madda_normal>ـٰ</tajweed>هَ<tajweed class=idgham_mutajanisayn>د</tajweed>تَّ مِنْهُمْ ثُ<tajweed class=ghunnah>مّ</tajweed>َ يَ<tajweed class=ikhafa>نق</tajweed>ُضُونَ عَهْدَهُمْ فِى كُلِّ مَرَّ<tajweed class=idgham_ghunnah>ةٍ و</tajweed>َهُمْ لَا يَتَّق<tajweed class=madda_permissible>ُو</tajweed>نَ <span class=end>٥٦</span>","End":"٥٦","PageNumber":184,"JuzNumber":10,"ManzilNumber":2,"RukuNumber":152,"MaqraNumber":73,"HizbNumber":19,"HizbDecimal":0.0,"HasSajda":false},{"SurahNumber":8,"SurahIndex":"008","VerseNumber":57,"ShowSurahName":false,"ShowBismillah":false,"Text":"فَإِمَّا تَثۡقَفَنَّهُمۡ فِي ٱلۡحَرۡبِ فَشَرِّدۡ بِهِم مَّنۡ خَلۡفَهُمۡ لَعَلَّهُمۡ يَذَّكَّرُونَ","TajweedText":"فَإِ<tajweed class=ghunnah>مّ</tajweed>َا تَثْقَفَ<tajweed class=ghunnah>نّ</tajweed>َهُمْ فِى <tajweed class=ham_wasl>ٱ</tajweed>لْحَرْبِ فَشَرِّ<tajweed class=qalaqah>دْ</tajweed> بِه<tajweed class=idgham_shafawi>ِم م</tajweed>َّنْ خَلْفَهُمْ لَعَلَّهُمْ يَذَّكَّر<tajweed class=madda_permissible>ُو</tajweed>نَ <span class=end>٥٧</span>","End":"٥٧","PageNumber":184,"JuzNumber":10,"ManzilNumber":2,"RukuNumber":152,"MaqraNumber":73,"HizbNumber":19,"HizbDecimal":0.0,"HasSajda":false},{"SurahNumber":8,"SurahIndex":"008","VerseNumber":58,"ShowSurahName":false,"ShowBismillah":false,"Text":"وَإِمَّا تَخَافَنَّ مِن قَوۡمٍ خِيَانَةٗ فَٱنۢبِذۡ إِلَيۡهِمۡ عَلَىٰ سَوَآءٍۚ إِنَّ ٱللَّهَ لَا يُحِبُّ ٱلۡخَآئِنِينَ","TajweedText":"وَإِ<tajweed class=ghunnah>مّ</tajweed>َا تَخَافَ<tajweed class=ghunnah>نّ</tajweed>َ مِ<tajweed class=ikhafa>ن ق</tajweed>َوْمٍ خِيَانَ<tajweed class=ikhafa>ةً ف</tajweed>َ<tajweed class=ham_wasl>ٱ</tajweed><tajweed class=iqlab>نۢب</tajweed>ِذْ إِلَيْهِمْ عَلَىٰ سَو<tajweed class=madda_obligatory>َا</tajweed>ٓءٍ‌ۚ إِ<tajweed class=ghunnah>نّ</tajweed>َ <tajweed class=ham_wasl>ٱ</tajweed>للَّهَ لَا يُحِبُّ <tajweed class=ham_wasl>ٱ</tajweed>لْخ<tajweed class=madda_obligatory>َا</tajweed>ٓئِن<tajweed class=madda_permissible>ِي</tajweed>نَ <span class=end>٥٨</span>","End":"٥٨","PageNumber":184,"JuzNumber":10,"ManzilNumber":2,"RukuNumber":152,"MaqraNumber":73,"HizbNumber":19,"HizbDecimal":0.0,"HasSajda":false}]}