{"RukuNumber":471,"Verses":[{"SurahNumber":56,"SurahIndex":"056","VerseNumber":75,"ShowSurahName":false,"ShowBismillah":false,"Text":"۞فَلَآ أُقۡسِمُ بِمَوَٰقِعِ ٱلنُّجُومِ","TajweedText":"۞ فَل<tajweed class=madda_obligatory>َآ</tajweed> أُ<tajweed class=qalaqah>قْ</tajweed>سِمُ بِمَو<tajweed class=madda_normal>َٲ</tajweed>قِعِ <tajweed class=ham_wasl>ٱ</tajweed><tajweed class=laam_shamsiyah>ل</tajweed><tajweed class=ghunnah>نّ</tajweed>ُج<tajweed class=madda_permissible>ُو</tajweed>مِ <span class=end>٧٥</span>","End":"٧٥","PageNumber":536,"JuzNumber":27,"ManzilNumber":7,"RukuNumber":471,"MaqraNumber":215,"HizbNumber":54,"HizbDecimal":0.5,"HasSajda":false},{"SurahNumber":56,"SurahIndex":"056","VerseNumber":76,"ShowSurahName":false,"ShowBismillah":false,"Text":"وَإِنَّهُۥ لَقَسَمٞ لَّوۡ تَعۡلَمُونَ عَظِيمٌ","TajweedText":"وَإِ<tajweed class=ghunnah>نّ</tajweed>َهُ<tajweed class=madda_normal>ۥ</tajweed> لَقَسَ<tajweed class=idgham_wo_ghunnah>مٌ ل</tajweed>َّوْ تَعْلَمُونَ عَظ<tajweed class=madda_permissible>ِي</tajweed>مٌ <span class=end>٧٦</span>","End":"٧٦","PageNumber":536,"JuzNumber":27,"ManzilNumber":7,"RukuNumber":471,"MaqraNumber":215,"HizbNumber":54,"HizbDecimal":0.5,"HasSajda":false},{"SurahNumber":56,"SurahIndex":"056","VerseNumber":77,"ShowSurahName":false,"ShowBismillah":false,"Text":"إِنَّهُۥ لَقُرۡءَانٞ كَرِيمٞ","TajweedText":"إِ<tajweed class=ghunnah>نّ</tajweed>َهُ<tajweed class=madda_normal>ۥ</tajweed> لَقُرْءَا<tajweed class=ikhafa>نٌ ك</tajweed>َر<tajweed class=madda_permissible>ِي</tajweed>مٌ <span class=end>٧٧</span>","End":"٧٧","PageNumber":537,"JuzNumber":27,"ManzilNumber":7,"RukuNumber":471,"MaqraNumber":215,"HizbNumber":54,"HizbDecimal":0.5,"HasSajda":false},{"SurahNumber":56,"SurahIndex":"056","VerseNumber":78,"ShowSurahName":false,"ShowBismillah":false,"Text":"فِي كِتَٰبٖ مَّكۡنُونٖ","TajweedText":"فِى كِتَ<tajweed class=madda_normal>ـٰ</tajweed><tajweed class=idgham_ghunnah>بٍ م</tajweed>َّكْن<tajweed class=madda_permissible>ُو</tajweed>نٍ <span class=end>٧٨</span>","End":"٧٨","PageNumber":537,"JuzNumber":27,"ManzilNumber":7,"RukuNumber":471,"MaqraNumber":215,"HizbNumber":54,"HizbDecimal":0.5,"HasSajda":false},{"SurahNumber":56,"SurahIndex":"056","VerseNumber":79,"ShowSurahName":false,"ShowBismillah":false,"Text":"لَّا يَمَسُّهُۥٓ إِلَّا ٱلۡمُطَهَّرُونَ","TajweedText":"لَّا يَمَسُّهُ<tajweed class=madda_obligatory>ۥٓ</tajweed> إِلَّا <tajweed class=ham_wasl>ٱ</tajweed>لْمُطَهَّر<tajweed class=madda_permissible>ُو</tajweed>نَ <span class=end>٧٩</span>","End":"٧٩","PageNumber":537,"JuzNumber":27,"ManzilNumber":7,"RukuNumber":471,"MaqraNumber":215,"HizbNumber":54,"HizbDecimal":0.5,"HasSajda":false},{"SurahNumber":56,"SurahIndex":"056","VerseNumber":80,"ShowSurahName":false,"ShowBismillah":false,"Text":"تَنزِيلٞ مِّن رَّبِّ ٱلۡعَٰلَمِينَ","TajweedText":"تَ<tajweed class=ikhafa>نز</tajweed>ِي<tajweed class=idgham_ghunnah>لٌ م</tajweed>ّ<tajweed class=idgham_wo_ghunnah>ِن ر</tajweed>َّبِّ <tajweed class=ham_wasl>ٱ</tajweed>لْعَ<tajweed class=madda_normal>ـٰ</tajweed>لَم<tajweed class=madda_permissible>ِي</tajweed>نَ <span class=end>٨٠</span>","End":"٨٠","PageNumber":537,"JuzNumber":27,"ManzilNumber":7,"RukuNumber":471,"MaqraNumber":215,"HizbNumber":54,"HizbDecimal":0.5,"HasSajda":false},{"SurahNumber":56,"SurahIndex":"056","VerseNumber":81,"ShowSurahName":false,"ShowBismillah":false,"Text":"أَفَبِهَٰذَا ٱلۡحَدِيثِ أَنتُم مُّدۡهِنُونَ","TajweedText":"أَفَبِهَ<tajweed class=madda_normal>ـٰ</tajweed>ذَا <tajweed class=ham_wasl>ٱ</tajweed>لْحَدِيثِ أَ<tajweed class=ikhafa>نت</tajweed><tajweed class=idgham_shafawi>ُم م</tajweed>ُّ<tajweed class=qalaqah>دْ</tajweed>هِن<tajweed class=madda_permissible>ُو</tajweed>نَ <span class=end>٨١</span>","End":"٨١","PageNumber":537,"JuzNumber":27,"ManzilNumber":7,"RukuNumber":471,"MaqraNumber":215,"HizbNumber":54,"HizbDecimal":0.5,"HasSajda":false},{"SurahNumber":56,"SurahIndex":"056","VerseNumber":82,"ShowSurahName":false,"ShowBismillah":false,"Text":"وَتَجۡعَلُونَ رِزۡقَكُمۡ أَنَّكُمۡ تُكَذِّبُونَ","TajweedText":"وَتَ<tajweed class=qalaqah>جْ</tajweed>عَلُونَ رِزْقَكُمْ أَ<tajweed class=ghunnah>نّ</tajweed>َكُمْ تُكَذِّب<tajweed class=madda_permissible>ُو</tajweed>نَ <span class=end>٨٢</span>","End":"٨٢","PageNumber":537,"JuzNumber":27,"ManzilNumber":7,"RukuNumber":471,"MaqraNumber":215,"HizbNumber":54,"HizbDecimal":0.5,"HasSajda":false},{"SurahNumber":56,"SurahIndex":"056","VerseNumber":83,"ShowSurahName":false,"ShowBismillah":false,"Text":"فَلَوۡلَآ إِذَا بَلَغَتِ ٱلۡحُلۡقُومَ","TajweedText":"فَلَوْل<tajweed class=madda_obligatory>َآ</tajweed> إِذَا بَلَغَتِ <tajweed class=ham_wasl>ٱ</tajweed>لْحُلْق<tajweed class=madda_permissible>ُو</tajweed>مَ <span class=end>٨٣</span>","End":"٨٣","PageNumber":537,"JuzNumber":27,"ManzilNumber":7,"RukuNumber":471,"MaqraNumber":215,"HizbNumber":54,"HizbDecimal":0.5,"HasSajda":false},{"SurahNumber":56,"SurahIndex":"056","VerseNumber":84,"ShowSurahName":false,"ShowBismillah":false,"Text":"وَأَنتُمۡ حِينَئِذٖ تَنظُرُونَ","TajweedText":"وَأَ<tajweed class=ikhafa>نت</tajweed>ُمْ حِينَئِ<tajweed class=ikhafa>ذٍ ت</tajweed>َ<tajweed class=ikhafa>نظ</tajweed>ُر<tajweed class=madda_permissible>ُو</tajweed>نَ <span class=end>٨٤</span>","End":"٨٤","PageNumber":537,"JuzNumber":27,"ManzilNumber":7,"RukuNumber":471,"MaqraNumber":215,"HizbNumber":54,"HizbDecimal":0.5,"HasSajda":false},{"SurahNumber":56,"SurahIndex":"056","VerseNumber":85,"ShowSurahName":false,"ShowBismillah":false,"Text":"وَنَحۡنُ أَقۡرَبُ إِلَيۡهِ مِنكُمۡ وَلَٰكِن لَّا تُبۡصِرُونَ","TajweedText":"وَنَحْنُ أَ<tajweed class=qalaqah>قْ</tajweed>رَبُ إِلَيْهِ مِ<tajweed class=ikhafa>نك</tajweed>ُمْ وَلَ<tajweed class=madda_normal>ـٰ</tajweed>ك<tajweed class=idgham_wo_ghunnah>ِن ل</tajweed>َّا تُ<tajweed class=qalaqah>بْ</tajweed>صِر<tajweed class=madda_permissible>ُو</tajweed>نَ <span class=end>٨٥</span>","End":"٨٥","PageNumber":537,"JuzNumber":27,"ManzilNumber":7,"RukuNumber":471,"MaqraNumber":215,"HizbNumber":54,"HizbDecimal":0.5,"HasSajda":false},{"SurahNumber":56,"SurahIndex":"056","VerseNumber":86,"ShowSurahName":false,"ShowBismillah":false,"Text":"فَلَوۡلَآ إِن كُنتُمۡ غَيۡرَ مَدِينِينَ","TajweedText":"فَلَوْل<tajweed class=madda_obligatory>َآ</tajweed> إِ<tajweed class=ikhafa>ن ك</tajweed>ُ<tajweed class=ikhafa>نت</tajweed>ُمْ غَيْرَ مَدِين<tajweed class=madda_permissible>ِي</tajweed>نَ <span class=end>٨٦</span>","End":"٨٦","PageNumber":537,"JuzNumber":27,"ManzilNumber":7,"RukuNumber":471,"MaqraNumber":215,"HizbNumber":54,"HizbDecimal":0.5,"HasSajda":false},{"SurahNumber":56,"SurahIndex":"056","VerseNumber":87,"ShowSurahName":false,"ShowBismillah":false,"Text":"تَرۡجِعُونَهَآ إِن كُنتُمۡ صَٰدِقِينَ","TajweedText":"تَرْجِعُونَه<tajweed class=madda_obligatory>َآ</tajweed> إِ<tajweed class=ikhafa>ن ك</tajweed>ُ<tajweed class=ikhafa>نت</tajweed>ُمْ صَ<tajweed class=madda_normal>ـٰ</tajweed>دِق<tajweed class=madda_permissible>ِي</tajweed>نَ <span class=end>٨٧</span>","End":"٨٧","PageNumber":537,"JuzNumber":27,"ManzilNumber":7,"RukuNumber":471,"MaqraNumber":215,"HizbNumber":54,"HizbDecimal":0.5,"HasSajda":false},{"SurahNumber":56,"SurahIndex":"056","VerseNumber":88,"ShowSurahName":false,"ShowBismillah":false,"Text":"فَأَمَّآ إِن كَانَ مِنَ ٱلۡمُقَرَّبِينَ","TajweedText":"فَأَ<tajweed class=ghunnah>مّ</tajweed><tajweed class=madda_obligatory>َآ</tajweed> إِ<tajweed class=ikhafa>ن ك</tajweed>َانَ مِنَ <tajweed class=ham_wasl>ٱ</tajweed>لْمُقَرَّب<tajweed class=madda_permissible>ِي</tajweed>نَ <span class=end>٨٨</span>","End":"٨٨","PageNumber":537,"JuzNumber":27,"ManzilNumber":7,"RukuNumber":471,"MaqraNumber":215,"HizbNumber":54,"HizbDecimal":0.5,"HasSajda":false},{"SurahNumber":56,"SurahIndex":"056","VerseNumber":89,"ShowSurahName":false,"ShowBismillah":false,"Text":"فَرَوۡحٞ وَرَيۡحَانٞ وَجَنَّتُ نَعِيمٖ","TajweedText":"فَرَوْ<tajweed class=idgham_ghunnah>حٌ و</tajweed>َرَيْحَا<tajweed class=idgham_ghunnah>نٌ و</tajweed>َجَ<tajweed class=ghunnah>نّ</tajweed>َتُ نَع<tajweed class=madda_permissible>ِي</tajweed>مٍ <span class=end>٨٩</span>","End":"٨٩","PageNumber":537,"JuzNumber":27,"ManzilNumber":7,"RukuNumber":471,"MaqraNumber":215,"HizbNumber":54,"HizbDecimal":0.5,"HasSajda":false},{"SurahNumber":56,"SurahIndex":"056","VerseNumber":90,"ShowSurahName":false,"ShowBismillah":false,"Text":"وَأَمَّآ إِن كَانَ مِنۡ أَصۡحَٰبِ ٱلۡيَمِينِ","TajweedText":"وَأَ<tajweed class=ghunnah>مّ</tajweed><tajweed class=madda_obligatory>َآ</tajweed> إِ<tajweed class=ikhafa>ن ك</tajweed>َانَ مِنْ أَصْحَ<tajweed class=madda_normal>ـٰ</tajweed>بِ <tajweed class=ham_wasl>ٱ</tajweed>لْيَم<tajweed class=madda_permissible>ِي</tajweed>نِ <span class=end>٩٠</span>","End":"٩٠","PageNumber":537,"JuzNumber":27,"ManzilNumber":7,"RukuNumber":471,"MaqraNumber":215,"HizbNumber":54,"HizbDecimal":0.5,"HasSajda":false},{"SurahNumber":56,"SurahIndex":"056","VerseNumber":91,"ShowSurahName":false,"ShowBismillah":false,"Text":"فَسَلَٰمٞ لَّكَ مِنۡ أَصۡحَٰبِ ٱلۡيَمِينِ","TajweedText":"فَسَلَ<tajweed class=madda_normal>ـٰ</tajweed><tajweed class=idgham_wo_ghunnah>مٌ ل</tajweed>َّكَ مِنْ أَصْحَ<tajweed class=madda_normal>ـٰ</tajweed>بِ <tajweed class=ham_wasl>ٱ</tajweed>لْيَم<tajweed class=madda_permissible>ِي</tajweed>نِ <span class=end>٩١</span>","End":"٩١","PageNumber":537,"JuzNumber":27,"ManzilNumber":7,"RukuNumber":471,"MaqraNumber":215,"HizbNumber":54,"HizbDecimal":0.5,"HasSajda":false},{"SurahNumber":56,"SurahIndex":"056","VerseNumber":92,"ShowSurahName":false,"ShowBismillah":false,"Text":"وَأَمَّآ إِن كَانَ مِنَ ٱلۡمُكَذِّبِينَ ٱلضَّآلِّينَ","TajweedText":"وَأَ<tajweed class=ghunnah>مّ</tajweed><tajweed class=madda_obligatory>َآ</tajweed> إِ<tajweed class=ikhafa>ن ك</tajweed>َانَ مِنَ <tajweed class=ham_wasl>ٱ</tajweed>لْمُكَذِّبِينَ <tajweed class=ham_wasl>ٱ</tajweed><tajweed class=laam_shamsiyah>ل</tajweed>ضّ<tajweed class=madda_necessary>َا</tajweed>ٓلّ<tajweed class=madda_permissible>ِي</tajweed>نَ <span class=end>٩٢</span>","End":"٩٢","PageNumber":537,"JuzNumber":27,"ManzilNumber":7,"RukuNumber":471,"MaqraNumber":215,"HizbNumber":54,"HizbDecimal":0.5,"HasSajda":false},{"SurahNumber":56,"SurahIndex":"056","VerseNumber":93,"ShowSurahName":false,"ShowBismillah":false,"Text":"فَنُزُلٞ مِّنۡ حَمِيمٖ","TajweedText":"فَنُزُ<tajweed class=idgham_ghunnah>لٌ م</tajweed>ِّنْ حَم<tajweed class=madda_permissible>ِي</tajweed>مٍ <span class=end>٩٣</span>","End":"٩٣","PageNumber":537,"JuzNumber":27,"ManzilNumber":7,"RukuNumber":471,"MaqraNumber":215,"HizbNumber":54,"HizbDecimal":0.5,"HasSajda":false},{"SurahNumber":56,"SurahIndex":"056","VerseNumber":94,"ShowSurahName":false,"ShowBismillah":false,"Text":"وَتَصۡلِيَةُ جَحِيمٍ","TajweedText":"وَتَصْلِيَةُ جَح<tajweed class=madda_permissible>ِي</tajweed>مٍ <span class=end>٩٤</span>","End":"٩٤","PageNumber":537,"JuzNumber":27,"ManzilNumber":7,"RukuNumber":471,"MaqraNumber":215,"HizbNumber":54,"HizbDecimal":0.5,"HasSajda":false},{"SurahNumber":56,"SurahIndex":"056","VerseNumber":95,"ShowSurahName":false,"ShowBismillah":false,"Text":"إِنَّ هَٰذَا لَهُوَ حَقُّ ٱلۡيَقِينِ","TajweedText":"إِ<tajweed class=ghunnah>نّ</tajweed>َ هَ<tajweed class=madda_normal>ـٰ</tajweed>ذَا لَهُوَ حَقُّ <tajweed class=ham_wasl>ٱ</tajweed>لْيَق<tajweed class=madda_permissible>ِي</tajweed>نِ <span class=end>٩٥</span>","End":"٩٥","PageNumber":537,"JuzNumber":27,"ManzilNumber":7,"RukuNumber":471,"MaqraNumber":215,"HizbNumber":54,"HizbDecimal":0.5,"HasSajda":false},{"SurahNumber":56,"SurahIndex":"056","VerseNumber":96,"ShowSurahName":false,"ShowBismillah":false,"Text":"فَسَبِّحۡ بِٱسۡمِ رَبِّكَ ٱلۡعَظِيمِ","TajweedText":"فَسَبِّحْ بِ<tajweed class=ham_wasl>ٱ</tajweed>سْمِ رَبِّكَ <tajweed class=ham_wasl>ٱ</tajweed>لْعَظ<tajweed class=madda_permissible>ِي</tajweed>مِ <span class=end>٩٦</span>","End":"٩٦","PageNumber":537,"JuzNumber":27,"ManzilNumber":7,"RukuNumber":471,"MaqraNumber":215,"HizbNumber":54,"HizbDecimal":0.5,"HasSajda":false}]}