{"RukuNumber":261,"Verses":[{"SurahNumber":18,"SurahIndex":"018","VerseNumber":71,"ShowSurahName":false,"ShowBismillah":false,"Text":"فَٱنطَلَقَا حَتَّىٰٓ إِذَا رَكِبَا فِي ٱلسَّفِينَةِ خَرَقَهَاۖ قَالَ أَخَرَقۡتَهَا لِتُغۡرِقَ أَهۡلَهَا لَقَدۡ جِئۡتَ شَيۡـًٔا إِمۡرٗا","TajweedText":"فَ<tajweed class=ham_wasl>ٱ</tajweed><tajweed class=ikhafa>نط</tajweed>َلَقَا حَتَّ<tajweed class=madda_obligatory>ىٰٓ</tajweed> إِذَا رَكِبَا فِى <tajweed class=ham_wasl>ٱ</tajweed><tajweed class=laam_shamsiyah>ل</tajweed>سَّفِينَةِ خَرَقَهَا‌ۖ قَالَ أَخَرَ<tajweed class=qalaqah>قْ</tajweed>تَهَا لِتُغْرِقَ أَهْلَهَا لَقَ<tajweed class=qalaqah>دْ</tajweed> جِئْتَ شَيْــًٔا إِمْرًا <span class=end>٧١</span>","End":"٧١","PageNumber":301,"JuzNumber":15,"ManzilNumber":4,"RukuNumber":261,"MaqraNumber":120,"HizbNumber":30,"HizbDecimal":0.75,"HasSajda":false},{"SurahNumber":18,"SurahIndex":"018","VerseNumber":72,"ShowSurahName":false,"ShowBismillah":false,"Text":"قَالَ أَلَمۡ أَقُلۡ إِنَّكَ لَن تَسۡتَطِيعَ مَعِيَ صَبۡرٗا","TajweedText":"قَالَ أَلَمْ أَقُلْ إِ<tajweed class=ghunnah>نّ</tajweed>َكَ لَ<tajweed class=ikhafa>ن ت</tajweed>َسْتَطِيعَ مَعِىَ صَ<tajweed class=qalaqah>بْ</tajweed>رًا <span class=end>٧٢</span>","End":"٧٢","PageNumber":301,"JuzNumber":15,"ManzilNumber":4,"RukuNumber":261,"MaqraNumber":120,"HizbNumber":30,"HizbDecimal":0.75,"HasSajda":false},{"SurahNumber":18,"SurahIndex":"018","VerseNumber":73,"ShowSurahName":false,"ShowBismillah":false,"Text":"قَالَ لَا تُؤَاخِذۡنِي بِمَا نَسِيتُ وَلَا تُرۡهِقۡنِي مِنۡ أَمۡرِي عُسۡرٗا","TajweedText":"قَالَ لَا تُؤَاخِذْنِى بِمَا نَسِيتُ وَلَا تُرْهِ<tajweed class=qalaqah>قْ</tajweed>نِى مِنْ أَمْرِى عُسْرًا <span class=end>٧٣</span>","End":"٧٣","PageNumber":301,"JuzNumber":15,"ManzilNumber":4,"RukuNumber":261,"MaqraNumber":120,"HizbNumber":30,"HizbDecimal":0.75,"HasSajda":false},{"SurahNumber":18,"SurahIndex":"018","VerseNumber":74,"ShowSurahName":false,"ShowBismillah":false,"Text":"فَٱنطَلَقَا حَتَّىٰٓ إِذَا لَقِيَا غُلَٰمٗا فَقَتَلَهُۥ قَالَ أَقَتَلۡتَ نَفۡسٗا زَكِيَّةَۢ بِغَيۡرِ نَفۡسٖ لَّقَدۡ جِئۡتَ شَيۡـٔٗا نُّكۡرٗا","TajweedText":"فَ<tajweed class=ham_wasl>ٱ</tajweed><tajweed class=ikhafa>نط</tajweed>َلَقَا حَتَّ<tajweed class=madda_obligatory>ىٰٓ</tajweed> إِذَا لَقِيَا غُلَ<tajweed class=madda_normal>ـٰ</tajweed><tajweed class=ikhafa>مًا ف</tajweed>َقَتَلَهُ<tajweed class=madda_normal>ۥ</tajweed> قَالَ أَقَتَلْتَ نَفْ<tajweed class=ikhafa>سًا ز</tajweed>َكِيَّ<tajweed class=iqlab>ةَۢ ب</tajweed>ِغَيْرِ نَفْ<tajweed class=idgham_wo_ghunnah>سٍ ل</tajweed>َّقَ<tajweed class=qalaqah>دْ</tajweed> جِئْتَ شَيْـ<tajweed class=idgham_ghunnah>ـًٔا ن</tajweed>ُّكْرًا <span class=end>٧٤</span>","End":"٧٤","PageNumber":301,"JuzNumber":15,"ManzilNumber":4,"RukuNumber":261,"MaqraNumber":120,"HizbNumber":30,"HizbDecimal":0.75,"HasSajda":false},{"SurahNumber":18,"SurahIndex":"018","VerseNumber":75,"ShowSurahName":false,"ShowBismillah":false,"Text":"۞قَالَ أَلَمۡ أَقُل لَّكَ إِنَّكَ لَن تَسۡتَطِيعَ مَعِيَ صَبۡرٗا","TajweedText":"۞ قَالَ أَلَمْ أَقُل لَّكَ إِ<tajweed class=ghunnah>نّ</tajweed>َكَ لَ<tajweed class=ikhafa>ن ت</tajweed>َسْتَطِيعَ مَعِىَ صَ<tajweed class=qalaqah>بْ</tajweed>رًا <span class=end>٧٥</span>","End":"٧٥","PageNumber":302,"JuzNumber":16,"ManzilNumber":4,"RukuNumber":261,"MaqraNumber":121,"HizbNumber":31,"HizbDecimal":0.0,"HasSajda":false},{"SurahNumber":18,"SurahIndex":"018","VerseNumber":76,"ShowSurahName":false,"ShowBismillah":false,"Text":"قَالَ إِن سَأَلۡتُكَ عَن شَيۡءِۭ بَعۡدَهَا فَلَا تُصَٰحِبۡنِيۖ قَدۡ بَلَغۡتَ مِن لَّدُنِّي عُذۡرٗا","TajweedText":"قَالَ إِ<tajweed class=ikhafa>ن س</tajweed>َأَلْتُكَ عَ<tajweed class=ikhafa>ن ش</tajweed>َىْ<tajweed class=iqlab>ءِۭ ب</tajweed>َعْدَهَا فَلَا تُصَ<tajweed class=madda_normal>ـٰ</tajweed>حِ<tajweed class=qalaqah>بْ</tajweed>نِى‌ۖ قَ<tajweed class=qalaqah>دْ</tajweed> بَلَغْتَ م<tajweed class=idgham_wo_ghunnah>ِن ل</tajweed>َّدُ<tajweed class=ghunnah>نّ</tajweed>ِى عُذْرًا <span class=end>٧٦</span>","End":"٧٦","PageNumber":302,"JuzNumber":16,"ManzilNumber":4,"RukuNumber":261,"MaqraNumber":121,"HizbNumber":31,"HizbDecimal":0.0,"HasSajda":false},{"SurahNumber":18,"SurahIndex":"018","VerseNumber":77,"ShowSurahName":false,"ShowBismillah":false,"Text":"فَٱنطَلَقَا حَتَّىٰٓ إِذَآ أَتَيَآ أَهۡلَ قَرۡيَةٍ ٱسۡتَطۡعَمَآ أَهۡلَهَا فَأَبَوۡاْ أَن يُضَيِّفُوهُمَا فَوَجَدَا فِيهَا جِدَارٗا يُرِيدُ أَن يَنقَضَّ فَأَقَامَهُۥۖ قَالَ لَوۡ شِئۡتَ لَتَّخَذۡتَ عَلَيۡهِ أَجۡرٗا","TajweedText":"فَ<tajweed class=ham_wasl>ٱ</tajweed><tajweed class=ikhafa>نط</tajweed>َلَقَا حَتَّ<tajweed class=madda_obligatory>ىٰٓ</tajweed> إِذ<tajweed class=madda_obligatory>َآ</tajweed> أَتَي<tajweed class=madda_obligatory>َآ</tajweed> أَهْلَ قَرْيَةٍ <tajweed class=ham_wasl>ٱ</tajweed>سْتَ<tajweed class=qalaqah>طْ</tajweed>عَم<tajweed class=madda_obligatory>َآ</tajweed> أَهْلَهَا فَأَبَوْ<tajweed class=slnt>اْ</tajweed> أ<tajweed class=idgham_ghunnah>َن ي</tajweed>ُضَيِّفُوهُمَا فَوَجَدَا فِيهَا جِدَا<tajweed class=idgham_ghunnah>رًا ي</tajweed>ُرِيدُ أ<tajweed class=idgham_ghunnah>َن ي</tajweed>َ<tajweed class=ikhafa>نق</tajweed>َضَّ فَأَقَامَهُ<tajweed class=madda_normal>ۥ</tajweed>‌ۖ قَالَ لَوْ شِئْتَ لَتَّخَذْتَ عَلَيْهِ أَ<tajweed class=qalaqah>جْ</tajweed>رًا <span class=end>٧٧</span>","End":"٧٧","PageNumber":302,"JuzNumber":16,"ManzilNumber":4,"RukuNumber":261,"MaqraNumber":121,"HizbNumber":31,"HizbDecimal":0.0,"HasSajda":false},{"SurahNumber":18,"SurahIndex":"018","VerseNumber":78,"ShowSurahName":false,"ShowBismillah":false,"Text":"قَالَ هَٰذَا فِرَاقُ بَيۡنِي وَبَيۡنِكَۚ سَأُنَبِّئُكَ بِتَأۡوِيلِ مَا لَمۡ تَسۡتَطِع عَّلَيۡهِ صَبۡرًا","TajweedText":"قَالَ هَ<tajweed class=madda_normal>ـٰ</tajweed>ذَا فِرَاقُ بَيْنِى وَبَيْنِكَ‌ۚ سَأُنَبِّئُكَ بِتَأْوِيلِ مَا لَمْ تَسْتَطِع عَّلَيْهِ صَ<tajweed class=qalaqah>بْ</tajweed>رًا <span class=end>٧٨</span>","End":"٧٨","PageNumber":302,"JuzNumber":16,"ManzilNumber":4,"RukuNumber":261,"MaqraNumber":121,"HizbNumber":31,"HizbDecimal":0.0,"HasSajda":false},{"SurahNumber":18,"SurahIndex":"018","VerseNumber":79,"ShowSurahName":false,"ShowBismillah":false,"Text":"أَمَّا ٱلسَّفِينَةُ فَكَانَتۡ لِمَسَٰكِينَ يَعۡمَلُونَ فِي ٱلۡبَحۡرِ فَأَرَدتُّ أَنۡ أَعِيبَهَا وَكَانَ وَرَآءَهُم مَّلِكٞ يَأۡخُذُ كُلَّ سَفِينَةٍ غَصۡبٗا","TajweedText":"أَ<tajweed class=ghunnah>مّ</tajweed>َا <tajweed class=ham_wasl>ٱ</tajweed><tajweed class=laam_shamsiyah>ل</tajweed>سَّفِينَةُ فَكَانَتْ لِمَسَ<tajweed class=madda_normal>ـٰ</tajweed>كِينَ يَعْمَلُونَ فِى <tajweed class=ham_wasl>ٱ</tajweed>لْبَحْرِ فَأَرَ<tajweed class=idgham_mutajanisayn>د</tajweed>تُّ أَنْ أَعِيبَهَا وَكَانَ وَر<tajweed class=madda_obligatory>َا</tajweed>ٓءَه<tajweed class=idgham_shafawi>ُم م</tajweed>َّلِ<tajweed class=idgham_ghunnah>كٌ ي</tajweed>َأْخُذُ كُلَّ سَفِينَةٍ غَصْبًا <span class=end>٧٩</span>","End":"٧٩","PageNumber":302,"JuzNumber":16,"ManzilNumber":4,"RukuNumber":261,"MaqraNumber":121,"HizbNumber":31,"HizbDecimal":0.0,"HasSajda":false},{"SurahNumber":18,"SurahIndex":"018","VerseNumber":80,"ShowSurahName":false,"ShowBismillah":false,"Text":"وَأَمَّا ٱلۡغُلَٰمُ فَكَانَ أَبَوَاهُ مُؤۡمِنَيۡنِ فَخَشِينَآ أَن يُرۡهِقَهُمَا طُغۡيَٰنٗا وَكُفۡرٗا","TajweedText":"وَأَ<tajweed class=ghunnah>مّ</tajweed>َا <tajweed class=ham_wasl>ٱ</tajweed>لْغُلَ<tajweed class=madda_normal>ـٰ</tajweed>مُ فَكَانَ أَبَوَاهُ مُؤْمِنَيْنِ فَخَشِين<tajweed class=madda_obligatory>َآ</tajweed> أ<tajweed class=idgham_ghunnah>َن ي</tajweed>ُرْهِقَهُمَا طُغْيَ<tajweed class=madda_normal>ـٰ</tajweed><tajweed class=idgham_ghunnah>نًا و</tajweed>َكُفْرًا <span class=end>٨٠</span>","End":"٨٠","PageNumber":302,"JuzNumber":16,"ManzilNumber":4,"RukuNumber":261,"MaqraNumber":121,"HizbNumber":31,"HizbDecimal":0.0,"HasSajda":false},{"SurahNumber":18,"SurahIndex":"018","VerseNumber":81,"ShowSurahName":false,"ShowBismillah":false,"Text":"فَأَرَدۡنَآ أَن يُبۡدِلَهُمَا رَبُّهُمَا خَيۡرٗا مِّنۡهُ زَكَوٰةٗ وَأَقۡرَبَ رُحۡمٗا","TajweedText":"فَأَرَ<tajweed class=qalaqah>دْ</tajweed>ن<tajweed class=madda_obligatory>َآ</tajweed> أ<tajweed class=idgham_ghunnah>َن ي</tajweed>ُ<tajweed class=qalaqah>بْ</tajweed>دِلَهُمَا رَبُّهُمَا خَيْ<tajweed class=idgham_ghunnah>رًا م</tajweed>ِّنْهُ زَكَ<tajweed class=slnt>و</tajweed><tajweed class=madda_normal>ٲ</tajweed><tajweed class=idgham_ghunnah>ةً و</tajweed>َأَ<tajweed class=qalaqah>قْ</tajweed>رَبَ رُحْمًا <span class=end>٨١</span>","End":"٨١","PageNumber":302,"JuzNumber":16,"ManzilNumber":4,"RukuNumber":261,"MaqraNumber":121,"HizbNumber":31,"HizbDecimal":0.0,"HasSajda":false},{"SurahNumber":18,"SurahIndex":"018","VerseNumber":82,"ShowSurahName":false,"ShowBismillah":false,"Text":"وَأَمَّا ٱلۡجِدَارُ فَكَانَ لِغُلَٰمَيۡنِ يَتِيمَيۡنِ فِي ٱلۡمَدِينَةِ وَكَانَ تَحۡتَهُۥ كَنزٞ لَّهُمَا وَكَانَ أَبُوهُمَا صَٰلِحٗا فَأَرَادَ رَبُّكَ أَن يَبۡلُغَآ أَشُدَّهُمَا وَيَسۡتَخۡرِجَا كَنزَهُمَا رَحۡمَةٗ مِّن رَّبِّكَۚ وَمَا فَعَلۡتُهُۥ عَنۡ أَمۡرِيۚ ذَٰلِكَ تَأۡوِيلُ مَا لَمۡ تَسۡطِع عَّلَيۡهِ صَبۡرٗا","TajweedText":"وَأَ<tajweed class=ghunnah>مّ</tajweed>َا <tajweed class=ham_wasl>ٱ</tajweed>لْجِدَارُ فَكَانَ لِغُلَ<tajweed class=madda_normal>ـٰ</tajweed>مَيْنِ يَتِيمَيْنِ فِى <tajweed class=ham_wasl>ٱ</tajweed>لْمَدِينَةِ وَكَانَ تَحْتَهُ<tajweed class=madda_normal>ۥ</tajweed> كَن<tajweed class=idgham_wo_ghunnah>زٌ ل</tajweed>َّهُمَا وَكَانَ أَبُوهُمَا صَ<tajweed class=madda_normal>ـٰ</tajweed>لِ<tajweed class=ikhafa>حًا ف</tajweed>َأَرَادَ رَبُّكَ أ<tajweed class=idgham_ghunnah>َن ي</tajweed>َ<tajweed class=qalaqah>بْ</tajweed>لُغ<tajweed class=madda_obligatory>َآ</tajweed> أَشُدَّهُمَا وَيَسْتَخْرِجَا كَ<tajweed class=ikhafa>نز</tajweed>َهُمَا رَحْمَ<tajweed class=idgham_ghunnah>ةً م</tajweed>ّ<tajweed class=idgham_wo_ghunnah>ِن ر</tajweed>َّبِّكَ‌ۚ وَمَا فَعَلْتُهُ<tajweed class=madda_normal>ۥ</tajweed> عَنْ أَمْرِى‌ۚ ذ<tajweed class=madda_normal>َٲ</tajweed>لِكَ تَأْوِيلُ مَا لَمْ تَسْطِع عَّلَيْهِ صَ<tajweed class=qalaqah>بْ</tajweed>رًا <span class=end>٨٢</span>","End":"٨٢","PageNumber":302,"JuzNumber":16,"ManzilNumber":4,"RukuNumber":261,"MaqraNumber":121,"HizbNumber":31,"HizbDecimal":0.0,"HasSajda":false}]}