{"RukuNumber":149,"Verses":[{"SurahNumber":8,"SurahIndex":"008","VerseNumber":29,"ShowSurahName":false,"ShowBismillah":false,"Text":"يَـٰٓأَيُّهَا ٱلَّذِينَ ءَامَنُوٓاْ إِن تَتَّقُواْ ٱللَّهَ يَجۡعَل لَّكُمۡ فُرۡقَانٗا وَيُكَفِّرۡ عَنكُمۡ سَيِّـَٔاتِكُمۡ وَيَغۡفِرۡ لَكُمۡۗ وَٱللَّهُ ذُو ٱلۡفَضۡلِ ٱلۡعَظِيمِ","TajweedText":"يَ<tajweed class=madda_obligatory>ـٰٓ</tajweed>أَيُّهَا <tajweed class=ham_wasl>ٱ</tajweed>لَّذِينَ ءَامَن<tajweed class=madda_obligatory>ُوٓ</tajweed><tajweed class=slnt>اْ</tajweed> إِ<tajweed class=ikhafa>ن ت</tajweed>َتَّقُو<tajweed class=slnt>اْ</tajweed> <tajweed class=ham_wasl>ٱ</tajweed>للَّهَ يَ<tajweed class=qalaqah>جْ</tajweed>عَل لَّكُمْ فُرْقَا<tajweed class=idgham_ghunnah>نًا و</tajweed>َيُكَفِّرْ عَ<tajweed class=ikhafa>نك</tajweed>ُمْ سَيِّـَٔـاتِكُمْ وَيَغْفِرْ لَكُمْ‌ۗ وَ<tajweed class=ham_wasl>ٱ</tajweed>للَّهُ ذُو <tajweed class=ham_wasl>ٱ</tajweed>لْفَضْلِ <tajweed class=ham_wasl>ٱ</tajweed>لْعَظ<tajweed class=madda_permissible>ِي</tajweed>مِ <span class=end>٢٩</span>","End":"٢٩","PageNumber":180,"JuzNumber":9,"ManzilNumber":2,"RukuNumber":149,"MaqraNumber":72,"HizbNumber":18,"HizbDecimal":0.75,"HasSajda":false},{"SurahNumber":8,"SurahIndex":"008","VerseNumber":30,"ShowSurahName":false,"ShowBismillah":false,"Text":"وَإِذۡ يَمۡكُرُ بِكَ ٱلَّذِينَ كَفَرُواْ لِيُثۡبِتُوكَ أَوۡ يَقۡتُلُوكَ أَوۡ يُخۡرِجُوكَۚ وَيَمۡكُرُونَ وَيَمۡكُرُ ٱللَّهُۖ وَٱللَّهُ خَيۡرُ ٱلۡمَٰكِرِينَ","TajweedText":"وَإِذْ يَمْكُرُ بِكَ <tajweed class=ham_wasl>ٱ</tajweed>لَّذِينَ كَفَرُو<tajweed class=slnt>اْ</tajweed> لِيُثْبِتُوكَ أَوْ يَ<tajweed class=qalaqah>قْ</tajweed>تُلُوكَ أَوْ يُخْرِجُوكَ‌ۚ وَيَمْكُرُونَ وَيَمْكُرُ <tajweed class=ham_wasl>ٱ</tajweed>للَّهُ‌ۖ وَ<tajweed class=ham_wasl>ٱ</tajweed>للَّهُ خَيْرُ <tajweed class=ham_wasl>ٱ</tajweed>لْمَ<tajweed class=madda_normal>ـٰ</tajweed>كِر<tajweed class=madda_permissible>ِي</tajweed>نَ <span class=end>٣٠</span>","End":"٣٠","PageNumber":180,"JuzNumber":9,"ManzilNumber":2,"RukuNumber":149,"MaqraNumber":72,"HizbNumber":18,"HizbDecimal":0.75,"HasSajda":false},{"SurahNumber":8,"SurahIndex":"008","VerseNumber":31,"ShowSurahName":false,"ShowBismillah":false,"Text":"وَإِذَا تُتۡلَىٰ عَلَيۡهِمۡ ءَايَٰتُنَا قَالُواْ قَدۡ سَمِعۡنَا لَوۡ نَشَآءُ لَقُلۡنَا مِثۡلَ هَٰذَآ إِنۡ هَٰذَآ إِلَّآ أَسَٰطِيرُ ٱلۡأَوَّلِينَ","TajweedText":"وَإِذَا تُتْلَىٰ عَلَيْهِمْ ءَايَ<tajweed class=madda_normal>ـٰ</tajweed>تُنَا قَالُو<tajweed class=slnt>اْ</tajweed> قَ<tajweed class=qalaqah>دْ</tajweed> سَمِعْنَا لَوْ نَش<tajweed class=madda_obligatory>َا</tajweed>ٓءُ لَقُلْنَا مِثْلَ هَ<tajweed class=madda_normal>ـٰ</tajweed>ذ<tajweed class=madda_obligatory>َآ‌ۙ</tajweed> إِنْ هَ<tajweed class=madda_normal>ـٰ</tajweed>ذ<tajweed class=madda_obligatory>َآ</tajweed> إِلّ<tajweed class=madda_obligatory>َآ</tajweed> أَسَ<tajweed class=madda_normal>ـٰ</tajweed>طِيرُ <tajweed class=ham_wasl>ٱ</tajweed>لْأَوَّل<tajweed class=madda_permissible>ِي</tajweed>نَ <span class=end>٣١</span>","End":"٣١","PageNumber":180,"JuzNumber":9,"ManzilNumber":2,"RukuNumber":149,"MaqraNumber":72,"HizbNumber":18,"HizbDecimal":0.75,"HasSajda":false},{"SurahNumber":8,"SurahIndex":"008","VerseNumber":32,"ShowSurahName":false,"ShowBismillah":false,"Text":"وَإِذۡ قَالُواْ ٱللَّهُمَّ إِن كَانَ هَٰذَا هُوَ ٱلۡحَقَّ مِنۡ عِندِكَ فَأَمۡطِرۡ عَلَيۡنَا حِجَارَةٗ مِّنَ ٱلسَّمَآءِ أَوِ ٱئۡتِنَا بِعَذَابٍ أَلِيمٖ","TajweedText":"وَإِذْ قَالُو<tajweed class=slnt>اْ</tajweed> <tajweed class=ham_wasl>ٱ</tajweed><tajweed class=laam_shamsiyah>ل</tajweed>لَّهُ<tajweed class=ghunnah>مّ</tajweed>َ إِ<tajweed class=ikhafa>ن ك</tajweed>َانَ هَ<tajweed class=madda_normal>ـٰ</tajweed>ذَا هُوَ <tajweed class=ham_wasl>ٱ</tajweed>لْحَقَّ مِنْ عِ<tajweed class=ikhafa>ند</tajweed>ِكَ فَأَمْطِرْ عَلَيْنَا حِجَارَ<tajweed class=idgham_ghunnah>ةً م</tajweed>ِّنَ <tajweed class=ham_wasl>ٱ</tajweed><tajweed class=laam_shamsiyah>ل</tajweed>سَّم<tajweed class=madda_obligatory>َا</tajweed>ٓءِ أَوِ <tajweed class=ham_wasl>ٱ</tajweed>ئْتِنَا بِعَذَابٍ أَل<tajweed class=madda_permissible>ِي</tajweed>مٍ <span class=end>٣٢</span>","End":"٣٢","PageNumber":180,"JuzNumber":9,"ManzilNumber":2,"RukuNumber":149,"MaqraNumber":72,"HizbNumber":18,"HizbDecimal":0.75,"HasSajda":false},{"SurahNumber":8,"SurahIndex":"008","VerseNumber":33,"ShowSurahName":false,"ShowBismillah":false,"Text":"وَمَا كَانَ ٱللَّهُ لِيُعَذِّبَهُمۡ وَأَنتَ فِيهِمۡۚ وَمَا كَانَ ٱللَّهُ مُعَذِّبَهُمۡ وَهُمۡ يَسۡتَغۡفِرُونَ","TajweedText":"وَمَا كَانَ <tajweed class=ham_wasl>ٱ</tajweed>للَّهُ لِيُعَذِّبَهُمْ وَأَ<tajweed class=ikhafa>نت</tajweed>َ فِيهِمْ‌ۚ وَمَا كَانَ <tajweed class=ham_wasl>ٱ</tajweed>للَّهُ مُعَذِّبَهُمْ وَهُمْ يَسْتَغْفِر<tajweed class=madda_permissible>ُو</tajweed>نَ <span class=end>٣٣</span>","End":"٣٣","PageNumber":180,"JuzNumber":9,"ManzilNumber":2,"RukuNumber":149,"MaqraNumber":72,"HizbNumber":18,"HizbDecimal":0.75,"HasSajda":false},{"SurahNumber":8,"SurahIndex":"008","VerseNumber":34,"ShowSurahName":false,"ShowBismillah":false,"Text":"وَمَا لَهُمۡ أَلَّا يُعَذِّبَهُمُ ٱللَّهُ وَهُمۡ يَصُدُّونَ عَنِ ٱلۡمَسۡجِدِ ٱلۡحَرَامِ وَمَا كَانُوٓاْ أَوۡلِيَآءَهُۥٓۚ إِنۡ أَوۡلِيَآؤُهُۥٓ إِلَّا ٱلۡمُتَّقُونَ وَلَٰكِنَّ أَكۡثَرَهُمۡ لَا يَعۡلَمُونَ","TajweedText":"وَمَا لَهُمْ أَلَّا يُعَذِّبَهُمُ <tajweed class=ham_wasl>ٱ</tajweed>للَّهُ وَهُمْ يَصُدُّونَ عَنِ <tajweed class=ham_wasl>ٱ</tajweed>لْمَسْجِدِ <tajweed class=ham_wasl>ٱ</tajweed>لْحَرَامِ وَمَا كَان<tajweed class=madda_obligatory>ُوٓ</tajweed><tajweed class=slnt>اْ</tajweed> أَوْلِي<tajweed class=madda_obligatory>َا</tajweed>ٓءَهُ<tajweed class=madda_obligatory>ۥٓ‌ۚ</tajweed> إِنْ أَوْلِي<tajweed class=madda_obligatory>َا</tajweed>ٓؤُهُ<tajweed class=madda_obligatory>ۥٓ</tajweed> إِلَّا <tajweed class=ham_wasl>ٱ</tajweed>لْمُتَّقُونَ وَلَ<tajweed class=madda_normal>ـٰ</tajweed>كِ<tajweed class=ghunnah>نّ</tajweed>َ أَكْثَرَهُمْ لَا يَعْلَم<tajweed class=madda_permissible>ُو</tajweed>نَ <span class=end>٣٤</span>","End":"٣٤","PageNumber":181,"JuzNumber":9,"ManzilNumber":2,"RukuNumber":149,"MaqraNumber":72,"HizbNumber":18,"HizbDecimal":0.75,"HasSajda":false},{"SurahNumber":8,"SurahIndex":"008","VerseNumber":35,"ShowSurahName":false,"ShowBismillah":false,"Text":"وَمَا كَانَ صَلَاتُهُمۡ عِندَ ٱلۡبَيۡتِ إِلَّا مُكَآءٗ وَتَصۡدِيَةٗۚ فَذُوقُواْ ٱلۡعَذَابَ بِمَا كُنتُمۡ تَكۡفُرُونَ","TajweedText":"وَمَا كَانَ صَلَاتُهُمْ عِ<tajweed class=ikhafa>ند</tajweed>َ <tajweed class=ham_wasl>ٱ</tajweed>لْبَيْتِ إِلَّا مُك<tajweed class=madda_obligatory>َا</tajweed>ٓ<tajweed class=idgham_ghunnah>ءً و</tajweed>َتَصْدِيَ<tajweed class=ikhafa>ةً‌ۚ ف</tajweed>َذُوقُو<tajweed class=slnt>اْ</tajweed> <tajweed class=ham_wasl>ٱ</tajweed>لْعَذَابَ بِمَا كُ<tajweed class=ikhafa>نت</tajweed>ُمْ تَكْفُر<tajweed class=madda_permissible>ُو</tajweed>نَ <span class=end>٣٥</span>","End":"٣٥","PageNumber":181,"JuzNumber":9,"ManzilNumber":2,"RukuNumber":149,"MaqraNumber":72,"HizbNumber":18,"HizbDecimal":0.75,"HasSajda":false},{"SurahNumber":8,"SurahIndex":"008","VerseNumber":36,"ShowSurahName":false,"ShowBismillah":false,"Text":"إِنَّ ٱلَّذِينَ كَفَرُواْ يُنفِقُونَ أَمۡوَٰلَهُمۡ لِيَصُدُّواْ عَن سَبِيلِ ٱللَّهِۚ فَسَيُنفِقُونَهَا ثُمَّ تَكُونُ عَلَيۡهِمۡ حَسۡرَةٗ ثُمَّ يُغۡلَبُونَۗ وَٱلَّذِينَ كَفَرُوٓاْ إِلَىٰ جَهَنَّمَ يُحۡشَرُونَ","TajweedText":"إِ<tajweed class=ghunnah>نّ</tajweed>َ <tajweed class=ham_wasl>ٱ</tajweed>لَّذِينَ كَفَرُو<tajweed class=slnt>اْ</tajweed> يُ<tajweed class=ikhafa>نف</tajweed>ِقُونَ أَمْو<tajweed class=madda_normal>َٲ</tajweed>لَهُمْ لِيَصُدُّو<tajweed class=slnt>اْ</tajweed> عَ<tajweed class=ikhafa>ن س</tajweed>َبِيلِ <tajweed class=ham_wasl>ٱ</tajweed>للَّهِ‌ۚ فَسَيُ<tajweed class=ikhafa>نف</tajweed>ِقُونَهَا ثُ<tajweed class=ghunnah>مّ</tajweed>َ تَكُونُ عَلَيْهِمْ حَسْرَ<tajweed class=ikhafa>ةً ث</tajweed>ُ<tajweed class=ghunnah>مّ</tajweed>َ يُغْلَبُونَ‌ۗ وَ<tajweed class=ham_wasl>ٱ</tajweed>لَّذِينَ كَفَر<tajweed class=madda_obligatory>ُوٓ</tajweed><tajweed class=slnt>اْ</tajweed> إِلَىٰ جَهَ<tajweed class=ghunnah>نّ</tajweed>َمَ يُحْشَر<tajweed class=madda_permissible>ُو</tajweed>نَ <span class=end>٣٦</span>","End":"٣٦","PageNumber":181,"JuzNumber":9,"ManzilNumber":2,"RukuNumber":149,"MaqraNumber":72,"HizbNumber":18,"HizbDecimal":0.75,"HasSajda":false},{"SurahNumber":8,"SurahIndex":"008","VerseNumber":37,"ShowSurahName":false,"ShowBismillah":false,"Text":"لِيَمِيزَ ٱللَّهُ ٱلۡخَبِيثَ مِنَ ٱلطَّيِّبِ وَيَجۡعَلَ ٱلۡخَبِيثَ بَعۡضَهُۥ عَلَىٰ بَعۡضٖ فَيَرۡكُمَهُۥ جَمِيعٗا فَيَجۡعَلَهُۥ فِي جَهَنَّمَۚ أُوْلَـٰٓئِكَ هُمُ ٱلۡخَٰسِرُونَ","TajweedText":"لِيَمِيزَ <tajweed class=ham_wasl>ٱ</tajweed>للَّهُ <tajweed class=ham_wasl>ٱ</tajweed>لْخَبِيثَ مِنَ <tajweed class=ham_wasl>ٱ</tajweed><tajweed class=laam_shamsiyah>ل</tajweed>طَّيِّبِ وَيَ<tajweed class=qalaqah>جْ</tajweed>عَلَ <tajweed class=ham_wasl>ٱ</tajweed>لْخَبِيثَ بَعْضَهُ<tajweed class=madda_normal>ۥ</tajweed> عَلَىٰ بَعْ<tajweed class=ikhafa>ضٍ ف</tajweed>َيَرْكُمَهُ<tajweed class=madda_normal>ۥ</tajweed> جَمِي<tajweed class=ikhafa>عًا ف</tajweed>َيَ<tajweed class=qalaqah>جْ</tajweed>عَلَهُ<tajweed class=madda_normal>ۥ</tajweed> فِى جَهَ<tajweed class=ghunnah>نّ</tajweed>َمَ‌ۚ أُ<tajweed class=slnt>وْ</tajweed>لَ<tajweed class=madda_obligatory>ـٰٓ</tajweed>ئِكَ هُمُ <tajweed class=ham_wasl>ٱ</tajweed>لْخَ<tajweed class=madda_normal>ـٰ</tajweed>سِر<tajweed class=madda_permissible>ُو</tajweed>نَ <span class=end>٣٧</span>","End":"٣٧","PageNumber":181,"JuzNumber":9,"ManzilNumber":2,"RukuNumber":149,"MaqraNumber":72,"HizbNumber":18,"HizbDecimal":0.75,"HasSajda":false}]}