{"RukuNumber":223,"Verses":[{"SurahNumber":15,"SurahIndex":"015","VerseNumber":80,"ShowSurahName":false,"ShowBismillah":false,"Text":"وَلَقَدۡ كَذَّبَ أَصۡحَٰبُ ٱلۡحِجۡرِ ٱلۡمُرۡسَلِينَ","TajweedText":"وَلَقَ<tajweed class=qalaqah>دْ</tajweed> كَذَّبَ أَصْحَ<tajweed class=madda_normal>ـٰ</tajweed>بُ <tajweed class=ham_wasl>ٱ</tajweed>لْحِ<tajweed class=qalaqah>جْ</tajweed>رِ <tajweed class=ham_wasl>ٱ</tajweed>لْمُرْسَل<tajweed class=madda_permissible>ِي</tajweed>نَ <span class=end>٨٠</span>","End":"٨٠","PageNumber":266,"JuzNumber":14,"ManzilNumber":3,"RukuNumber":223,"MaqraNumber":106,"HizbNumber":27,"HizbDecimal":0.25,"HasSajda":false},{"SurahNumber":15,"SurahIndex":"015","VerseNumber":81,"ShowSurahName":false,"ShowBismillah":false,"Text":"وَءَاتَيۡنَٰهُمۡ ءَايَٰتِنَا فَكَانُواْ عَنۡهَا مُعۡرِضِينَ","TajweedText":"وَءَاتَيْنَ<tajweed class=madda_normal>ـٰ</tajweed>هُمْ ءَايَ<tajweed class=madda_normal>ـٰ</tajweed>تِنَا فَكَانُو<tajweed class=slnt>اْ</tajweed> عَنْهَا مُعْرِض<tajweed class=madda_permissible>ِي</tajweed>نَ <span class=end>٨١</span>","End":"٨١","PageNumber":266,"JuzNumber":14,"ManzilNumber":3,"RukuNumber":223,"MaqraNumber":106,"HizbNumber":27,"HizbDecimal":0.25,"HasSajda":false},{"SurahNumber":15,"SurahIndex":"015","VerseNumber":82,"ShowSurahName":false,"ShowBismillah":false,"Text":"وَكَانُواْ يَنۡحِتُونَ مِنَ ٱلۡجِبَالِ بُيُوتًا ءَامِنِينَ","TajweedText":"وَكَانُو<tajweed class=slnt>اْ</tajweed> يَنْحِتُونَ مِنَ <tajweed class=ham_wasl>ٱ</tajweed>لْجِبَالِ بُيُوتًا ءَامِن<tajweed class=madda_permissible>ِي</tajweed>نَ <span class=end>٨٢</span>","End":"٨٢","PageNumber":266,"JuzNumber":14,"ManzilNumber":3,"RukuNumber":223,"MaqraNumber":106,"HizbNumber":27,"HizbDecimal":0.25,"HasSajda":false},{"SurahNumber":15,"SurahIndex":"015","VerseNumber":83,"ShowSurahName":false,"ShowBismillah":false,"Text":"فَأَخَذَتۡهُمُ ٱلصَّيۡحَةُ مُصۡبِحِينَ","TajweedText":"فَأَخَذَتْهُمُ <tajweed class=ham_wasl>ٱ</tajweed><tajweed class=laam_shamsiyah>ل</tajweed>صَّيْحَةُ مُصْبِح<tajweed class=madda_permissible>ِي</tajweed>نَ <span class=end>٨٣</span>","End":"٨٣","PageNumber":266,"JuzNumber":14,"ManzilNumber":3,"RukuNumber":223,"MaqraNumber":106,"HizbNumber":27,"HizbDecimal":0.25,"HasSajda":false},{"SurahNumber":15,"SurahIndex":"015","VerseNumber":84,"ShowSurahName":false,"ShowBismillah":false,"Text":"فَمَآ أَغۡنَىٰ عَنۡهُم مَّا كَانُواْ يَكۡسِبُونَ","TajweedText":"فَم<tajweed class=madda_obligatory>َآ</tajweed> أَغْنَىٰ عَنْه<tajweed class=idgham_shafawi>ُم م</tajweed>َّا كَانُو<tajweed class=slnt>اْ</tajweed> يَكْسِب<tajweed class=madda_permissible>ُو</tajweed>نَ <span class=end>٨٤</span>","End":"٨٤","PageNumber":266,"JuzNumber":14,"ManzilNumber":3,"RukuNumber":223,"MaqraNumber":106,"HizbNumber":27,"HizbDecimal":0.25,"HasSajda":false},{"SurahNumber":15,"SurahIndex":"015","VerseNumber":85,"ShowSurahName":false,"ShowBismillah":false,"Text":"وَمَا خَلَقۡنَا ٱلسَّمَٰوَٰتِ وَٱلۡأَرۡضَ وَمَا بَيۡنَهُمَآ إِلَّا بِٱلۡحَقِّۗ وَإِنَّ ٱلسَّاعَةَ لَأٓتِيَةٞۖ فَٱصۡفَحِ ٱلصَّفۡحَ ٱلۡجَمِيلَ","TajweedText":"وَمَا خَلَ<tajweed class=qalaqah>قْ</tajweed>نَا <tajweed class=ham_wasl>ٱ</tajweed><tajweed class=laam_shamsiyah>ل</tajweed>سَّمَ<tajweed class=madda_normal>ـٰ</tajweed>و<tajweed class=madda_normal>َٲ</tajweed>تِ وَ<tajweed class=ham_wasl>ٱ</tajweed>لْأَرْضَ وَمَا بَيْنَهُم<tajweed class=madda_obligatory>َآ</tajweed> إِلَّا بِ<tajweed class=ham_wasl>ٱ</tajweed>لْحَقِّ‌ۗ وَإِ<tajweed class=ghunnah>نّ</tajweed>َ <tajweed class=ham_wasl>ٱ</tajweed><tajweed class=laam_shamsiyah>ل</tajweed>سَّاعَةَ لَأَتِيَ<tajweed class=ikhafa>ةٌ‌ۖ ف</tajweed>َ<tajweed class=ham_wasl>ٱ</tajweed>صْفَحِ <tajweed class=ham_wasl>ٱ</tajweed><tajweed class=laam_shamsiyah>ل</tajweed>صَّفْحَ <tajweed class=ham_wasl>ٱ</tajweed>لْجَم<tajweed class=madda_permissible>ِي</tajweed>لَ <span class=end>٨٥</span>","End":"٨٥","PageNumber":266,"JuzNumber":14,"ManzilNumber":3,"RukuNumber":223,"MaqraNumber":106,"HizbNumber":27,"HizbDecimal":0.25,"HasSajda":false},{"SurahNumber":15,"SurahIndex":"015","VerseNumber":86,"ShowSurahName":false,"ShowBismillah":false,"Text":"إِنَّ رَبَّكَ هُوَ ٱلۡخَلَّـٰقُ ٱلۡعَلِيمُ","TajweedText":"إِ<tajweed class=ghunnah>نّ</tajweed>َ رَبَّكَ هُوَ <tajweed class=ham_wasl>ٱ</tajweed>لْخَلَّ<tajweed class=madda_normal>ـٰ</tajweed>قُ <tajweed class=ham_wasl>ٱ</tajweed>لْعَل<tajweed class=madda_permissible>ِي</tajweed>مُ <span class=end>٨٦</span>","End":"٨٦","PageNumber":266,"JuzNumber":14,"ManzilNumber":3,"RukuNumber":223,"MaqraNumber":106,"HizbNumber":27,"HizbDecimal":0.25,"HasSajda":false},{"SurahNumber":15,"SurahIndex":"015","VerseNumber":87,"ShowSurahName":false,"ShowBismillah":false,"Text":"وَلَقَدۡ ءَاتَيۡنَٰكَ سَبۡعٗا مِّنَ ٱلۡمَثَانِي وَٱلۡقُرۡءَانَ ٱلۡعَظِيمَ","TajweedText":"وَلَقَ<tajweed class=qalaqah>دْ</tajweed> ءَاتَيْنَ<tajweed class=madda_normal>ـٰ</tajweed>كَ سَ<tajweed class=qalaqah>بْ</tajweed><tajweed class=idgham_ghunnah>عًا م</tajweed>ِّنَ <tajweed class=ham_wasl>ٱ</tajweed>لْمَثَانِى وَ<tajweed class=ham_wasl>ٱ</tajweed>لْقُرْءَانَ <tajweed class=ham_wasl>ٱ</tajweed>لْعَظ<tajweed class=madda_permissible>ِي</tajweed>مَ <span class=end>٨٧</span>","End":"٨٧","PageNumber":266,"JuzNumber":14,"ManzilNumber":3,"RukuNumber":223,"MaqraNumber":106,"HizbNumber":27,"HizbDecimal":0.25,"HasSajda":false},{"SurahNumber":15,"SurahIndex":"015","VerseNumber":88,"ShowSurahName":false,"ShowBismillah":false,"Text":"لَا تَمُدَّنَّ عَيۡنَيۡكَ إِلَىٰ مَا مَتَّعۡنَا بِهِۦٓ أَزۡوَٰجٗا مِّنۡهُمۡ وَلَا تَحۡزَنۡ عَلَيۡهِمۡ وَٱخۡفِضۡ جَنَاحَكَ لِلۡمُؤۡمِنِينَ","TajweedText":"لَا تَمُدَّ<tajweed class=ghunnah>نّ</tajweed>َ عَيْنَيْكَ إِلَىٰ مَا مَتَّعْنَا بِه<tajweed class=madda_obligatory>ِۦٓ</tajweed> أَزْو<tajweed class=madda_normal>َٲ</tajweed><tajweed class=idgham_ghunnah>جًا م</tajweed>ِّنْهُمْ وَلَا تَحْزَنْ عَلَيْهِمْ وَ<tajweed class=ham_wasl>ٱ</tajweed>خْفِضْ جَنَاحَكَ لِلْمُؤْمِن<tajweed class=madda_permissible>ِي</tajweed>نَ <span class=end>٨٨</span>","End":"٨٨","PageNumber":266,"JuzNumber":14,"ManzilNumber":3,"RukuNumber":223,"MaqraNumber":106,"HizbNumber":27,"HizbDecimal":0.25,"HasSajda":false},{"SurahNumber":15,"SurahIndex":"015","VerseNumber":89,"ShowSurahName":false,"ShowBismillah":false,"Text":"وَقُلۡ إِنِّيٓ أَنَا ٱلنَّذِيرُ ٱلۡمُبِينُ","TajweedText":"وَقُلْ إِ<tajweed class=ghunnah>نّ</tajweed><tajweed class=madda_obligatory>ِىٓ</tajweed> أَنَا <tajweed class=ham_wasl>ٱ</tajweed><tajweed class=laam_shamsiyah>ل</tajweed><tajweed class=ghunnah>نّ</tajweed>َذِيرُ <tajweed class=ham_wasl>ٱ</tajweed>لْمُب<tajweed class=madda_permissible>ِي</tajweed>نُ <span class=end>٨٩</span>","End":"٨٩","PageNumber":266,"JuzNumber":14,"ManzilNumber":3,"RukuNumber":223,"MaqraNumber":106,"HizbNumber":27,"HizbDecimal":0.25,"HasSajda":false},{"SurahNumber":15,"SurahIndex":"015","VerseNumber":90,"ShowSurahName":false,"ShowBismillah":false,"Text":"كَمَآ أَنزَلۡنَا عَلَى ٱلۡمُقۡتَسِمِينَ","TajweedText":"كَم<tajweed class=madda_obligatory>َآ</tajweed> أَ<tajweed class=ikhafa>نز</tajweed>َلْنَا عَلَى <tajweed class=ham_wasl>ٱ</tajweed>لْمُ<tajweed class=qalaqah>قْ</tajweed>تَسِم<tajweed class=madda_permissible>ِي</tajweed>نَ <span class=end>٩٠</span>","End":"٩٠","PageNumber":266,"JuzNumber":14,"ManzilNumber":3,"RukuNumber":223,"MaqraNumber":106,"HizbNumber":27,"HizbDecimal":0.25,"HasSajda":false},{"SurahNumber":15,"SurahIndex":"015","VerseNumber":91,"ShowSurahName":false,"ShowBismillah":false,"Text":"ٱلَّذِينَ جَعَلُواْ ٱلۡقُرۡءَانَ عِضِينَ","TajweedText":"ٱلَّذِينَ جَعَلُو<tajweed class=slnt>اْ</tajweed> <tajweed class=ham_wasl>ٱ</tajweed>لْقُرْءَانَ عِض<tajweed class=madda_permissible>ِي</tajweed>نَ <span class=end>٩١</span>","End":"٩١","PageNumber":267,"JuzNumber":14,"ManzilNumber":3,"RukuNumber":223,"MaqraNumber":106,"HizbNumber":27,"HizbDecimal":0.25,"HasSajda":false},{"SurahNumber":15,"SurahIndex":"015","VerseNumber":92,"ShowSurahName":false,"ShowBismillah":false,"Text":"فَوَرَبِّكَ لَنَسۡـَٔلَنَّهُمۡ أَجۡمَعِينَ","TajweedText":"فَوَرَبِّكَ لَنَسْــَٔلَ<tajweed class=ghunnah>نّ</tajweed>َهُمْ أَ<tajweed class=qalaqah>جْ</tajweed>مَع<tajweed class=madda_permissible>ِي</tajweed>نَ <span class=end>٩٢</span>","End":"٩٢","PageNumber":267,"JuzNumber":14,"ManzilNumber":3,"RukuNumber":223,"MaqraNumber":106,"HizbNumber":27,"HizbDecimal":0.25,"HasSajda":false},{"SurahNumber":15,"SurahIndex":"015","VerseNumber":93,"ShowSurahName":false,"ShowBismillah":false,"Text":"عَمَّا كَانُواْ يَعۡمَلُونَ","TajweedText":"عَ<tajweed class=ghunnah>مّ</tajweed>َا كَانُو<tajweed class=slnt>اْ</tajweed> يَعْمَل<tajweed class=madda_permissible>ُو</tajweed>نَ <span class=end>٩٣</span>","End":"٩٣","PageNumber":267,"JuzNumber":14,"ManzilNumber":3,"RukuNumber":223,"MaqraNumber":106,"HizbNumber":27,"HizbDecimal":0.25,"HasSajda":false},{"SurahNumber":15,"SurahIndex":"015","VerseNumber":94,"ShowSurahName":false,"ShowBismillah":false,"Text":"فَٱصۡدَعۡ بِمَا تُؤۡمَرُ وَأَعۡرِضۡ عَنِ ٱلۡمُشۡرِكِينَ","TajweedText":"فَ<tajweed class=ham_wasl>ٱ</tajweed>صْدَعْ بِمَا تُؤْمَرُ وَأَعْرِضْ عَنِ <tajweed class=ham_wasl>ٱ</tajweed>لْمُشْرِك<tajweed class=madda_permissible>ِي</tajweed>نَ <span class=end>٩٤</span>","End":"٩٤","PageNumber":267,"JuzNumber":14,"ManzilNumber":3,"RukuNumber":223,"MaqraNumber":106,"HizbNumber":27,"HizbDecimal":0.25,"HasSajda":false},{"SurahNumber":15,"SurahIndex":"015","VerseNumber":95,"ShowSurahName":false,"ShowBismillah":false,"Text":"إِنَّا كَفَيۡنَٰكَ ٱلۡمُسۡتَهۡزِءِينَ","TajweedText":"إِ<tajweed class=ghunnah>نّ</tajweed>َا كَفَيْنَ<tajweed class=madda_normal>ـٰ</tajweed>كَ <tajweed class=ham_wasl>ٱ</tajweed>لْمُسْتَهْزِء<tajweed class=madda_permissible>ِي</tajweed>نَ <span class=end>٩٥</span>","End":"٩٥","PageNumber":267,"JuzNumber":14,"ManzilNumber":3,"RukuNumber":223,"MaqraNumber":106,"HizbNumber":27,"HizbDecimal":0.25,"HasSajda":false},{"SurahNumber":15,"SurahIndex":"015","VerseNumber":96,"ShowSurahName":false,"ShowBismillah":false,"Text":"ٱلَّذِينَ يَجۡعَلُونَ مَعَ ٱللَّهِ إِلَٰهًا ءَاخَرَۚ فَسَوۡفَ يَعۡلَمُونَ","TajweedText":"ٱلَّذِينَ يَ<tajweed class=qalaqah>جْ</tajweed>عَلُونَ مَعَ <tajweed class=ham_wasl>ٱ</tajweed>للَّهِ إِلَ<tajweed class=madda_normal>ـٰ</tajweed>هًا ءَاخَرَ‌ۚ فَسَوْفَ يَعْلَم<tajweed class=madda_permissible>ُو</tajweed>نَ <span class=end>٩٦</span>","End":"٩٦","PageNumber":267,"JuzNumber":14,"ManzilNumber":3,"RukuNumber":223,"MaqraNumber":106,"HizbNumber":27,"HizbDecimal":0.25,"HasSajda":false},{"SurahNumber":15,"SurahIndex":"015","VerseNumber":97,"ShowSurahName":false,"ShowBismillah":false,"Text":"وَلَقَدۡ نَعۡلَمُ أَنَّكَ يَضِيقُ صَدۡرُكَ بِمَا يَقُولُونَ","TajweedText":"وَلَقَ<tajweed class=qalaqah>دْ</tajweed> نَعْلَمُ أَ<tajweed class=ghunnah>نّ</tajweed>َكَ يَضِيقُ صَ<tajweed class=qalaqah>دْ</tajweed>رُكَ بِمَا يَقُول<tajweed class=madda_permissible>ُو</tajweed>نَ <span class=end>٩٧</span>","End":"٩٧","PageNumber":267,"JuzNumber":14,"ManzilNumber":3,"RukuNumber":223,"MaqraNumber":106,"HizbNumber":27,"HizbDecimal":0.25,"HasSajda":false},{"SurahNumber":15,"SurahIndex":"015","VerseNumber":98,"ShowSurahName":false,"ShowBismillah":false,"Text":"فَسَبِّحۡ بِحَمۡدِ رَبِّكَ وَكُن مِّنَ ٱلسَّـٰجِدِينَ","TajweedText":"فَسَبِّحْ بِحَمْدِ رَبِّكَ وَك<tajweed class=idgham_ghunnah>ُن م</tajweed>ِّنَ <tajweed class=ham_wasl>ٱ</tajweed><tajweed class=laam_shamsiyah>ل</tajweed>سَّ<tajweed class=madda_normal>ـٰ</tajweed>جِد<tajweed class=madda_permissible>ِي</tajweed>نَ <span class=end>٩٨</span>","End":"٩٨","PageNumber":267,"JuzNumber":14,"ManzilNumber":3,"RukuNumber":223,"MaqraNumber":106,"HizbNumber":27,"HizbDecimal":0.25,"HasSajda":false},{"SurahNumber":15,"SurahIndex":"015","VerseNumber":99,"ShowSurahName":false,"ShowBismillah":false,"Text":"وَٱعۡبُدۡ رَبَّكَ حَتَّىٰ يَأۡتِيَكَ ٱلۡيَقِينُ","TajweedText":"وَ<tajweed class=ham_wasl>ٱ</tajweed>عْبُ<tajweed class=qalaqah>دْ</tajweed> رَبَّكَ حَتَّىٰ يَأْتِيَكَ <tajweed class=ham_wasl>ٱ</tajweed>لْيَق<tajweed class=madda_permissible>ِي</tajweed>نُ <span class=end>٩٩</span>","End":"٩٩","PageNumber":267,"JuzNumber":14,"ManzilNumber":3,"RukuNumber":223,"MaqraNumber":106,"HizbNumber":27,"HizbDecimal":0.25,"HasSajda":false}]}