{"RukuNumber":514,"Verses":[{"SurahNumber":76,"SurahIndex":"076","VerseNumber":1,"ShowSurahName":true,"ShowBismillah":true,"Text":"هَلۡ أَتَىٰ عَلَى ٱلۡإِنسَٰنِ حِينٞ مِّنَ ٱلدَّهۡرِ لَمۡ يَكُن شَيۡـٔٗا مَّذۡكُورًا","TajweedText":"هَلْ أَتَىٰ عَلَى <tajweed class=ham_wasl>ٱ</tajweed>لْإِ<tajweed class=ikhafa>نس</tajweed>َ<tajweed class=madda_normal>ـٰ</tajweed>نِ حِي<tajweed class=idgham_ghunnah>نٌ م</tajweed>ِّنَ <tajweed class=ham_wasl>ٱ</tajweed><tajweed class=laam_shamsiyah>ل</tajweed>دَّهْرِ لَمْ يَكُ<tajweed class=ikhafa>ن ش</tajweed>َيْـ<tajweed class=idgham_ghunnah>ـًٔا م</tajweed>َّذْكُورًا <span class=end>١</span>","End":"١","PageNumber":578,"JuzNumber":29,"ManzilNumber":7,"RukuNumber":514,"MaqraNumber":231,"HizbNumber":58,"HizbDecimal":0.5,"HasSajda":false},{"SurahNumber":76,"SurahIndex":"076","VerseNumber":2,"ShowSurahName":false,"ShowBismillah":false,"Text":"إِنَّا خَلَقۡنَا ٱلۡإِنسَٰنَ مِن نُّطۡفَةٍ أَمۡشَاجٖ نَّبۡتَلِيهِ فَجَعَلۡنَٰهُ سَمِيعَۢا بَصِيرًا","TajweedText":"إِ<tajweed class=ghunnah>نّ</tajweed>َا خَلَ<tajweed class=qalaqah>قْ</tajweed>نَا <tajweed class=ham_wasl>ٱ</tajweed>لْإِ<tajweed class=ikhafa>نس</tajweed>َ<tajweed class=madda_normal>ـٰ</tajweed>نَ م<tajweed class=idgham_ghunnah>ِن ن</tajweed>ُّ<tajweed class=qalaqah>طْ</tajweed>فَةٍ أَمْشَا<tajweed class=idgham_ghunnah>جٍ ن</tajweed>َّ<tajweed class=qalaqah>بْ</tajweed>تَلِيهِ فَجَعَلْنَ<tajweed class=madda_normal>ـٰ</tajweed>هُ سَمِيع<tajweed class=iqlab>َۢا ب</tajweed>َصِيرًا <span class=end>٢</span>","End":"٢","PageNumber":578,"JuzNumber":29,"ManzilNumber":7,"RukuNumber":514,"MaqraNumber":231,"HizbNumber":58,"HizbDecimal":0.5,"HasSajda":false},{"SurahNumber":76,"SurahIndex":"076","VerseNumber":3,"ShowSurahName":false,"ShowBismillah":false,"Text":"إِنَّا هَدَيۡنَٰهُ ٱلسَّبِيلَ إِمَّا شَاكِرٗا وَإِمَّا كَفُورًا","TajweedText":"إِ<tajweed class=ghunnah>نّ</tajweed>َا هَدَيْنَ<tajweed class=madda_normal>ـٰ</tajweed>هُ <tajweed class=ham_wasl>ٱ</tajweed><tajweed class=laam_shamsiyah>ل</tajweed>سَّبِيلَ إِ<tajweed class=ghunnah>مّ</tajweed>َا شَاكِ<tajweed class=idgham_ghunnah>رًا و</tajweed>َإِ<tajweed class=ghunnah>مّ</tajweed>َا كَفُورًا <span class=end>٣</span>","End":"٣","PageNumber":578,"JuzNumber":29,"ManzilNumber":7,"RukuNumber":514,"MaqraNumber":231,"HizbNumber":58,"HizbDecimal":0.5,"HasSajda":false},{"SurahNumber":76,"SurahIndex":"076","VerseNumber":4,"ShowSurahName":false,"ShowBismillah":false,"Text":"إِنَّآ أَعۡتَدۡنَا لِلۡكَٰفِرِينَ سَلَٰسِلَاْ وَأَغۡلَٰلٗا وَسَعِيرًا","TajweedText":"إِ<tajweed class=ghunnah>نّ</tajweed><tajweed class=madda_obligatory>َآ</tajweed> أَعْتَ<tajweed class=qalaqah>دْ</tajweed>نَا لِلْكَ<tajweed class=madda_normal>ـٰ</tajweed>فِرِينَ سَلَ<tajweed class=madda_normal>ـٰ</tajweed>سِلَ<tajweed class=slnt>اْ</tajweed> وَأَغْلَ<tajweed class=madda_normal>ـٰ</tajweed>ل<tajweed class=idgham_ghunnah>اً و</tajweed>َسَعِيرًا <span class=end>٤</span>","End":"٤","PageNumber":578,"JuzNumber":29,"ManzilNumber":7,"RukuNumber":514,"MaqraNumber":231,"HizbNumber":58,"HizbDecimal":0.5,"HasSajda":false},{"SurahNumber":76,"SurahIndex":"076","VerseNumber":5,"ShowSurahName":false,"ShowBismillah":false,"Text":"إِنَّ ٱلۡأَبۡرَارَ يَشۡرَبُونَ مِن كَأۡسٖ كَانَ مِزَاجُهَا كَافُورًا","TajweedText":"إِ<tajweed class=ghunnah>نّ</tajweed>َ <tajweed class=ham_wasl>ٱ</tajweed>لْأَ<tajweed class=qalaqah>بْ</tajweed>رَارَ يَشْرَبُونَ مِ<tajweed class=ikhafa>ن ك</tajweed>َأْ<tajweed class=ikhafa>سٍ ك</tajweed>َانَ مِزَاجُهَا كَافُورًا <span class=end>٥</span>","End":"٥","PageNumber":578,"JuzNumber":29,"ManzilNumber":7,"RukuNumber":514,"MaqraNumber":231,"HizbNumber":58,"HizbDecimal":0.5,"HasSajda":false},{"SurahNumber":76,"SurahIndex":"076","VerseNumber":6,"ShowSurahName":false,"ShowBismillah":false,"Text":"عَيۡنٗا يَشۡرَبُ بِهَا عِبَادُ ٱللَّهِ يُفَجِّرُونَهَا تَفۡجِيرٗا","TajweedText":"عَيْ<tajweed class=idgham_ghunnah>نًا ي</tajweed>َشْرَبُ بِهَا عِبَادُ <tajweed class=ham_wasl>ٱ</tajweed>للَّهِ يُفَجِّرُونَهَا تَفْجِيرًا <span class=end>٦</span>","End":"٦","PageNumber":579,"JuzNumber":29,"ManzilNumber":7,"RukuNumber":514,"MaqraNumber":231,"HizbNumber":58,"HizbDecimal":0.5,"HasSajda":false},{"SurahNumber":76,"SurahIndex":"076","VerseNumber":7,"ShowSurahName":false,"ShowBismillah":false,"Text":"يُوفُونَ بِٱلنَّذۡرِ وَيَخَافُونَ يَوۡمٗا كَانَ شَرُّهُۥ مُسۡتَطِيرٗا","TajweedText":"يُوفُونَ بِ<tajweed class=ham_wasl>ٱ</tajweed><tajweed class=laam_shamsiyah>ل</tajweed><tajweed class=ghunnah>نّ</tajweed>َذْرِ وَيَخَافُونَ يَوْ<tajweed class=ikhafa>مًا ك</tajweed>َانَ شَرُّهُ<tajweed class=madda_normal>ۥ</tajweed> مُسْتَطِيرًا <span class=end>٧</span>","End":"٧","PageNumber":579,"JuzNumber":29,"ManzilNumber":7,"RukuNumber":514,"MaqraNumber":231,"HizbNumber":58,"HizbDecimal":0.5,"HasSajda":false},{"SurahNumber":76,"SurahIndex":"076","VerseNumber":8,"ShowSurahName":false,"ShowBismillah":false,"Text":"وَيُطۡعِمُونَ ٱلطَّعَامَ عَلَىٰ حُبِّهِۦ مِسۡكِينٗا وَيَتِيمٗا وَأَسِيرًا","TajweedText":"وَيُ<tajweed class=qalaqah>طْ</tajweed>عِمُونَ <tajweed class=ham_wasl>ٱ</tajweed><tajweed class=laam_shamsiyah>ل</tajweed>طَّعَامَ عَلَىٰ حُبِّه<tajweed class=madda_normal>ِۦ</tajweed> مِسْكِي<tajweed class=idgham_ghunnah>نًا و</tajweed>َيَتِي<tajweed class=idgham_ghunnah>مًا و</tajweed>َأَسِيرًا <span class=end>٨</span>","End":"٨","PageNumber":579,"JuzNumber":29,"ManzilNumber":7,"RukuNumber":514,"MaqraNumber":231,"HizbNumber":58,"HizbDecimal":0.5,"HasSajda":false},{"SurahNumber":76,"SurahIndex":"076","VerseNumber":9,"ShowSurahName":false,"ShowBismillah":false,"Text":"إِنَّمَا نُطۡعِمُكُمۡ لِوَجۡهِ ٱللَّهِ لَا نُرِيدُ مِنكُمۡ جَزَآءٗ وَلَا شُكُورًا","TajweedText":"إِ<tajweed class=ghunnah>نّ</tajweed>َمَا نُ<tajweed class=qalaqah>طْ</tajweed>عِمُكُمْ لِوَ<tajweed class=qalaqah>جْ</tajweed>هِ <tajweed class=ham_wasl>ٱ</tajweed>للَّهِ لَا نُرِيدُ مِ<tajweed class=ikhafa>نك</tajweed>ُمْ جَز<tajweed class=madda_obligatory>َا</tajweed>ٓ<tajweed class=idgham_ghunnah>ءً و</tajweed>َلَا شُكُورًا <span class=end>٩</span>","End":"٩","PageNumber":579,"JuzNumber":29,"ManzilNumber":7,"RukuNumber":514,"MaqraNumber":231,"HizbNumber":58,"HizbDecimal":0.5,"HasSajda":false},{"SurahNumber":76,"SurahIndex":"076","VerseNumber":10,"ShowSurahName":false,"ShowBismillah":false,"Text":"إِنَّا نَخَافُ مِن رَّبِّنَا يَوۡمًا عَبُوسٗا قَمۡطَرِيرٗا","TajweedText":"إِ<tajweed class=ghunnah>نّ</tajweed>َا نَخَافُ م<tajweed class=idgham_wo_ghunnah>ِن ر</tajweed>َّبِّنَا يَوْمًا عَبُو<tajweed class=ikhafa>سًا ق</tajweed>َمْطَرِيرًا <span class=end>١٠</span>","End":"١٠","PageNumber":579,"JuzNumber":29,"ManzilNumber":7,"RukuNumber":514,"MaqraNumber":231,"HizbNumber":58,"HizbDecimal":0.5,"HasSajda":false},{"SurahNumber":76,"SurahIndex":"076","VerseNumber":11,"ShowSurahName":false,"ShowBismillah":false,"Text":"فَوَقَىٰهُمُ ٱللَّهُ شَرَّ ذَٰلِكَ ٱلۡيَوۡمِ وَلَقَّىٰهُمۡ نَضۡرَةٗ وَسُرُورٗا","TajweedText":"فَوَقَ<tajweed class=madda_normal>ـٰ</tajweed>هُمُ <tajweed class=ham_wasl>ٱ</tajweed>للَّهُ شَرَّ ذ<tajweed class=madda_normal>َٲ</tajweed>لِكَ <tajweed class=ham_wasl>ٱ</tajweed>لْيَوْمِ وَلَقَّ<tajweed class=madda_normal>ـٰ</tajweed>هُمْ نَضْرَ<tajweed class=idgham_ghunnah>ةً و</tajweed>َسُرُورًا <span class=end>١١</span>","End":"١١","PageNumber":579,"JuzNumber":29,"ManzilNumber":7,"RukuNumber":514,"MaqraNumber":231,"HizbNumber":58,"HizbDecimal":0.5,"HasSajda":false},{"SurahNumber":76,"SurahIndex":"076","VerseNumber":12,"ShowSurahName":false,"ShowBismillah":false,"Text":"وَجَزَىٰهُم بِمَا صَبَرُواْ جَنَّةٗ وَحَرِيرٗا","TajweedText":"وَجَزَ<tajweed class=madda_normal>ٮٰ</tajweed>ه<tajweed class=ikhafa_shafawi>ُم ب</tajweed>ِمَا صَبَرُو<tajweed class=slnt>اْ</tajweed> جَ<tajweed class=ghunnah>نّ</tajweed>َ<tajweed class=idgham_ghunnah>ةً و</tajweed>َحَرِيرًا <span class=end>١٢</span>","End":"١٢","PageNumber":579,"JuzNumber":29,"ManzilNumber":7,"RukuNumber":514,"MaqraNumber":231,"HizbNumber":58,"HizbDecimal":0.5,"HasSajda":false},{"SurahNumber":76,"SurahIndex":"076","VerseNumber":13,"ShowSurahName":false,"ShowBismillah":false,"Text":"مُّتَّكِـِٔينَ فِيهَا عَلَى ٱلۡأَرَآئِكِۖ لَا يَرَوۡنَ فِيهَا شَمۡسٗا وَلَا زَمۡهَرِيرٗا","TajweedText":"مُّتَّكِــِٔينَ فِيهَا عَلَى <tajweed class=ham_wasl>ٱ</tajweed>لْأَر<tajweed class=madda_obligatory>َا</tajweed>ٓئِكِ‌ۖ لَا يَرَوْنَ فِيهَا شَمْ<tajweed class=idgham_ghunnah>سًا و</tajweed>َلَا زَمْهَرِيرًا <span class=end>١٣</span>","End":"١٣","PageNumber":579,"JuzNumber":29,"ManzilNumber":7,"RukuNumber":514,"MaqraNumber":231,"HizbNumber":58,"HizbDecimal":0.5,"HasSajda":false},{"SurahNumber":76,"SurahIndex":"076","VerseNumber":14,"ShowSurahName":false,"ShowBismillah":false,"Text":"وَدَانِيَةً عَلَيۡهِمۡ ظِلَٰلُهَا وَذُلِّلَتۡ قُطُوفُهَا تَذۡلِيلٗا","TajweedText":"وَدَانِيَةً عَلَيْهِمْ ظِلَ<tajweed class=madda_normal>ـٰ</tajweed>لُهَا وَذُلِّلَتْ قُطُوفُهَا تَذْلِيلاً <span class=end>١٤</span>","End":"١٤","PageNumber":579,"JuzNumber":29,"ManzilNumber":7,"RukuNumber":514,"MaqraNumber":231,"HizbNumber":58,"HizbDecimal":0.5,"HasSajda":false},{"SurahNumber":76,"SurahIndex":"076","VerseNumber":15,"ShowSurahName":false,"ShowBismillah":false,"Text":"وَيُطَافُ عَلَيۡهِم بِـَٔانِيَةٖ مِّن فِضَّةٖ وَأَكۡوَابٖ كَانَتۡ قَوَارِيرَا۠","TajweedText":"وَيُطَافُ عَلَيْه<tajweed class=ikhafa_shafawi>ِم ب</tajweed>ِـَٔـانِيَ<tajweed class=idgham_ghunnah>ةٍ م</tajweed>ِّ<tajweed class=ikhafa>ن ف</tajweed>ِضَّ<tajweed class=idgham_ghunnah>ةٍ و</tajweed>َأَكْوَا<tajweed class=ikhafa>بٍ ك</tajweed>َانَتْ قَوَارِيرَا۟ <span class=end>١٥</span>","End":"١٥","PageNumber":579,"JuzNumber":29,"ManzilNumber":7,"RukuNumber":514,"MaqraNumber":231,"HizbNumber":58,"HizbDecimal":0.5,"HasSajda":false},{"SurahNumber":76,"SurahIndex":"076","VerseNumber":16,"ShowSurahName":false,"ShowBismillah":false,"Text":"قَوَارِيرَاْ مِن فِضَّةٖ قَدَّرُوهَا تَقۡدِيرٗا","TajweedText":"قَوَارِيرَ<tajweed class=slnt>اْ</tajweed> مِ<tajweed class=ikhafa>ن ف</tajweed>ِضَّ<tajweed class=ikhafa>ةٍ ق</tajweed>َدَّرُوهَا تَ<tajweed class=qalaqah>قْ</tajweed>دِيرًا <span class=end>١٦</span>","End":"١٦","PageNumber":579,"JuzNumber":29,"ManzilNumber":7,"RukuNumber":514,"MaqraNumber":231,"HizbNumber":58,"HizbDecimal":0.5,"HasSajda":false},{"SurahNumber":76,"SurahIndex":"076","VerseNumber":17,"ShowSurahName":false,"ShowBismillah":false,"Text":"وَيُسۡقَوۡنَ فِيهَا كَأۡسٗا كَانَ مِزَاجُهَا زَنجَبِيلًا","TajweedText":"وَيُسْقَوْنَ فِيهَا كَأْ<tajweed class=ikhafa>سًا ك</tajweed>َانَ مِزَاجُهَا زَ<tajweed class=ikhafa>نج</tajweed>َبِيلاً <span class=end>١٧</span>","End":"١٧","PageNumber":579,"JuzNumber":29,"ManzilNumber":7,"RukuNumber":514,"MaqraNumber":231,"HizbNumber":58,"HizbDecimal":0.5,"HasSajda":false},{"SurahNumber":76,"SurahIndex":"076","VerseNumber":18,"ShowSurahName":false,"ShowBismillah":false,"Text":"عَيۡنٗا فِيهَا تُسَمَّىٰ سَلۡسَبِيلٗا","TajweedText":"عَيْ<tajweed class=ikhafa>نًا ف</tajweed>ِيهَا تُسَ<tajweed class=ghunnah>مّ</tajweed>َىٰ سَلْسَبِيلاً <span class=end>١٨</span>","End":"١٨","PageNumber":579,"JuzNumber":29,"ManzilNumber":7,"RukuNumber":514,"MaqraNumber":231,"HizbNumber":58,"HizbDecimal":0.5,"HasSajda":false},{"SurahNumber":76,"SurahIndex":"076","VerseNumber":19,"ShowSurahName":false,"ShowBismillah":false,"Text":"۞وَيَطُوفُ عَلَيۡهِمۡ وِلۡدَٰنٞ مُّخَلَّدُونَ إِذَا رَأَيۡتَهُمۡ حَسِبۡتَهُمۡ لُؤۡلُؤٗا مَّنثُورٗا","TajweedText":"۞ وَيَطُوفُ عَلَيْهِمْ وِلْد<tajweed class=madda_normal>َٲ</tajweed><tajweed class=idgham_ghunnah>نٌ م</tajweed>ُّخَلَّدُونَ إِذَا رَأَيْتَهُمْ حَسِ<tajweed class=qalaqah>بْ</tajweed>تَهُمْ لُؤْلُ<tajweed class=idgham_ghunnah>ؤًا م</tajweed>َّ<tajweed class=ikhafa>نث</tajweed>ُورًا <span class=end>١٩</span>","End":"١٩","PageNumber":579,"JuzNumber":29,"ManzilNumber":7,"RukuNumber":514,"MaqraNumber":232,"HizbNumber":58,"HizbDecimal":0.75,"HasSajda":false},{"SurahNumber":76,"SurahIndex":"076","VerseNumber":20,"ShowSurahName":false,"ShowBismillah":false,"Text":"وَإِذَا رَأَيۡتَ ثَمَّ رَأَيۡتَ نَعِيمٗا وَمُلۡكٗا كَبِيرًا","TajweedText":"وَإِذَا رَأَيْتَ ثَ<tajweed class=ghunnah>مّ</tajweed>َ رَأَيْتَ نَعِي<tajweed class=idgham_ghunnah>مًا و</tajweed>َمُلْ<tajweed class=ikhafa>كًا ك</tajweed>َبِيرًا <span class=end>٢٠</span>","End":"٢٠","PageNumber":579,"JuzNumber":29,"ManzilNumber":7,"RukuNumber":514,"MaqraNumber":232,"HizbNumber":58,"HizbDecimal":0.75,"HasSajda":false},{"SurahNumber":76,"SurahIndex":"076","VerseNumber":21,"ShowSurahName":false,"ShowBismillah":false,"Text":"عَٰلِيَهُمۡ ثِيَابُ سُندُسٍ خُضۡرٞ وَإِسۡتَبۡرَقٞۖ وَحُلُّوٓاْ أَسَاوِرَ مِن فِضَّةٖ وَسَقَىٰهُمۡ رَبُّهُمۡ شَرَابٗا طَهُورًا","TajweedText":"عَ<tajweed class=madda_normal>ـٰ</tajweed>لِيَهُمْ ثِيَابُ سُ<tajweed class=ikhafa>ند</tajweed>ُسٍ خُضْ<tajweed class=idgham_ghunnah>رٌ و</tajweed>َإِسْتَ<tajweed class=qalaqah>بْ</tajweed>رَ<tajweed class=idgham_ghunnah>قٌ‌ۖ و</tajweed>َحُلّ<tajweed class=madda_obligatory>ُوٓ</tajweed><tajweed class=slnt>اْ</tajweed> أَسَاوِرَ مِ<tajweed class=ikhafa>ن ف</tajweed>ِضَّ<tajweed class=idgham_ghunnah>ةٍ و</tajweed>َسَقَ<tajweed class=madda_normal>ـٰ</tajweed>هُمْ رَبُّهُمْ شَرَا<tajweed class=ikhafa>بًا ط</tajweed>َهُورًا <span class=end>٢١</span>","End":"٢١","PageNumber":579,"JuzNumber":29,"ManzilNumber":7,"RukuNumber":514,"MaqraNumber":232,"HizbNumber":58,"HizbDecimal":0.75,"HasSajda":false},{"SurahNumber":76,"SurahIndex":"076","VerseNumber":22,"ShowSurahName":false,"ShowBismillah":false,"Text":"إِنَّ هَٰذَا كَانَ لَكُمۡ جَزَآءٗ وَكَانَ سَعۡيُكُم مَّشۡكُورًا","TajweedText":"إِ<tajweed class=ghunnah>نّ</tajweed>َ هَ<tajweed class=madda_normal>ـٰ</tajweed>ذَا كَانَ لَكُمْ جَز<tajweed class=madda_obligatory>َا</tajweed>ٓ<tajweed class=idgham_ghunnah>ءً و</tajweed>َكَانَ سَعْيُك<tajweed class=idgham_shafawi>ُم م</tajweed>َّشْكُورًا <span class=end>٢٢</span>","End":"٢٢","PageNumber":579,"JuzNumber":29,"ManzilNumber":7,"RukuNumber":514,"MaqraNumber":232,"HizbNumber":58,"HizbDecimal":0.75,"HasSajda":false}]}