{"RukuNumber":210,"Verses":[{"SurahNumber":13,"SurahIndex":"013","VerseNumber":38,"ShowSurahName":false,"ShowBismillah":false,"Text":"وَلَقَدۡ أَرۡسَلۡنَا رُسُلٗا مِّن قَبۡلِكَ وَجَعَلۡنَا لَهُمۡ أَزۡوَٰجٗا وَذُرِّيَّةٗۚ وَمَا كَانَ لِرَسُولٍ أَن يَأۡتِيَ بِـَٔايَةٍ إِلَّا بِإِذۡنِ ٱللَّهِۗ لِكُلِّ أَجَلٖ كِتَابٞ","TajweedText":"وَلَقَ<tajweed class=qalaqah>دْ</tajweed> أَرْسَلْنَا رُسُل<tajweed class=idgham_ghunnah>اً م</tajweed>ِّ<tajweed class=ikhafa>ن ق</tajweed>َ<tajweed class=qalaqah>بْ</tajweed>لِكَ وَجَعَلْنَا لَهُمْ أَزْو<tajweed class=madda_normal>َٲ</tajweed><tajweed class=idgham_ghunnah>جًا و</tajweed>َذُرِّيَّ<tajweed class=idgham_ghunnah>ةً‌ۚ و</tajweed>َمَا كَانَ لِرَسُولٍ أ<tajweed class=idgham_ghunnah>َن ي</tajweed>َأْتِىَ بِـَٔـايَةٍ إِلَّا بِإِذْنِ <tajweed class=ham_wasl>ٱ</tajweed>للَّهِ‌ۗ لِكُلِّ أَجَ<tajweed class=ikhafa>لٍ ك</tajweed>ِت<tajweed class=madda_permissible>َا</tajweed><tajweed class=qalaqah>ب</tajweed>ٌ <span class=end>٣٨</span>","End":"٣٨","PageNumber":254,"JuzNumber":13,"ManzilNumber":3,"RukuNumber":210,"MaqraNumber":102,"HizbNumber":26,"HizbDecimal":0.25,"HasSajda":false},{"SurahNumber":13,"SurahIndex":"013","VerseNumber":39,"ShowSurahName":false,"ShowBismillah":false,"Text":"يَمۡحُواْ ٱللَّهُ مَا يَشَآءُ وَيُثۡبِتُۖ وَعِندَهُۥٓ أُمُّ ٱلۡكِتَٰبِ","TajweedText":"يَمْحُو<tajweed class=slnt>اْ</tajweed> <tajweed class=ham_wasl>ٱ</tajweed>للَّهُ مَا يَش<tajweed class=madda_obligatory>َا</tajweed>ٓءُ وَيُثْبِتُ‌ۖ وَعِ<tajweed class=ikhafa>ند</tajweed>َهُ<tajweed class=madda_obligatory>ۥٓ</tajweed> أُ<tajweed class=ghunnah>مّ</tajweed>ُ <tajweed class=ham_wasl>ٱ</tajweed>لْكِتَ<tajweed class=madda_permissible>ـٰ</tajweed><tajweed class=qalaqah>ب</tajweed>ِ <span class=end>٣٩</span>","End":"٣٩","PageNumber":254,"JuzNumber":13,"ManzilNumber":3,"RukuNumber":210,"MaqraNumber":102,"HizbNumber":26,"HizbDecimal":0.25,"HasSajda":false},{"SurahNumber":13,"SurahIndex":"013","VerseNumber":40,"ShowSurahName":false,"ShowBismillah":false,"Text":"وَإِن مَّا نُرِيَنَّكَ بَعۡضَ ٱلَّذِي نَعِدُهُمۡ أَوۡ نَتَوَفَّيَنَّكَ فَإِنَّمَا عَلَيۡكَ ٱلۡبَلَٰغُ وَعَلَيۡنَا ٱلۡحِسَابُ","TajweedText":"وَإ<tajweed class=idgham_ghunnah>ِن م</tajweed>َّا نُرِيَ<tajweed class=ghunnah>نّ</tajweed>َكَ بَعْضَ <tajweed class=ham_wasl>ٱ</tajweed>لَّذِى نَعِدُهُمْ أَوْ نَتَوَفَّيَ<tajweed class=ghunnah>نّ</tajweed>َكَ فَإِ<tajweed class=ghunnah>نّ</tajweed>َمَا عَلَيْكَ <tajweed class=ham_wasl>ٱ</tajweed>لْبَلَ<tajweed class=madda_normal>ـٰ</tajweed>غُ وَعَلَيْنَا <tajweed class=ham_wasl>ٱ</tajweed>لْحِس<tajweed class=madda_permissible>َا</tajweed><tajweed class=qalaqah>ب</tajweed>ُ <span class=end>٤٠</span>","End":"٤٠","PageNumber":254,"JuzNumber":13,"ManzilNumber":3,"RukuNumber":210,"MaqraNumber":102,"HizbNumber":26,"HizbDecimal":0.25,"HasSajda":false},{"SurahNumber":13,"SurahIndex":"013","VerseNumber":41,"ShowSurahName":false,"ShowBismillah":false,"Text":"أَوَلَمۡ يَرَوۡاْ أَنَّا نَأۡتِي ٱلۡأَرۡضَ نَنقُصُهَا مِنۡ أَطۡرَافِهَاۚ وَٱللَّهُ يَحۡكُمُ لَا مُعَقِّبَ لِحُكۡمِهِۦۚ وَهُوَ سَرِيعُ ٱلۡحِسَابِ","TajweedText":"أَوَلَمْ يَرَوْ<tajweed class=slnt>اْ</tajweed> أَ<tajweed class=ghunnah>نّ</tajweed>َا نَأْتِى <tajweed class=ham_wasl>ٱ</tajweed>لْأَرْضَ نَ<tajweed class=ikhafa>نق</tajweed>ُصُهَا مِنْ أَ<tajweed class=qalaqah>طْ</tajweed>رَافِهَا‌ۚ وَ<tajweed class=ham_wasl>ٱ</tajweed>للَّهُ يَحْكُمُ لَا مُعَقِّبَ لِحُكْمِه<tajweed class=madda_normal>ِۦ</tajweed>‌ۚ وَهُوَ سَرِيعُ <tajweed class=ham_wasl>ٱ</tajweed>لْحِس<tajweed class=madda_permissible>َا</tajweed><tajweed class=qalaqah>ب</tajweed>ِ <span class=end>٤١</span>","End":"٤١","PageNumber":254,"JuzNumber":13,"ManzilNumber":3,"RukuNumber":210,"MaqraNumber":102,"HizbNumber":26,"HizbDecimal":0.25,"HasSajda":false},{"SurahNumber":13,"SurahIndex":"013","VerseNumber":42,"ShowSurahName":false,"ShowBismillah":false,"Text":"وَقَدۡ مَكَرَ ٱلَّذِينَ مِن قَبۡلِهِمۡ فَلِلَّهِ ٱلۡمَكۡرُ جَمِيعٗاۖ يَعۡلَمُ مَا تَكۡسِبُ كُلُّ نَفۡسٖۗ وَسَيَعۡلَمُ ٱلۡكُفَّـٰرُ لِمَنۡ عُقۡبَى ٱلدَّارِ","TajweedText":"وَقَ<tajweed class=qalaqah>دْ</tajweed> مَكَرَ <tajweed class=ham_wasl>ٱ</tajweed>لَّذِينَ مِ<tajweed class=ikhafa>ن ق</tajweed>َ<tajweed class=qalaqah>بْ</tajweed>لِهِمْ فَلِلَّهِ <tajweed class=ham_wasl>ٱ</tajweed>لْمَكْرُ جَمِي<tajweed class=idgham_ghunnah>عًا‌ۖ ي</tajweed>َعْلَمُ مَا تَكْسِبُ كُلُّ نَفْ<tajweed class=idgham_ghunnah>سٍ‌ۗ و</tajweed>َسَيَعْلَمُ <tajweed class=ham_wasl>ٱ</tajweed>لْكُفَّ<tajweed class=madda_normal>ـٰ</tajweed>رُ لِمَنْ عُ<tajweed class=qalaqah>قْ</tajweed>بَى <tajweed class=ham_wasl>ٱ</tajweed><tajweed class=laam_shamsiyah>ل</tajweed>دّ<tajweed class=madda_permissible>َا</tajweed>رِ <span class=end>٤٢</span>","End":"٤٢","PageNumber":254,"JuzNumber":13,"ManzilNumber":3,"RukuNumber":210,"MaqraNumber":102,"HizbNumber":26,"HizbDecimal":0.25,"HasSajda":false},{"SurahNumber":13,"SurahIndex":"013","VerseNumber":43,"ShowSurahName":false,"ShowBismillah":false,"Text":"وَيَقُولُ ٱلَّذِينَ كَفَرُواْ لَسۡتَ مُرۡسَلٗاۚ قُلۡ كَفَىٰ بِٱللَّهِ شَهِيدَۢا بَيۡنِي وَبَيۡنَكُمۡ وَمَنۡ عِندَهُۥ عِلۡمُ ٱلۡكِتَٰبِ","TajweedText":"وَيَقُولُ <tajweed class=ham_wasl>ٱ</tajweed>لَّذِينَ كَفَرُو<tajweed class=slnt>اْ</tajweed> لَسْتَ مُرْسَل<tajweed class=ikhafa>اً‌ۚ ق</tajweed>ُلْ كَفَىٰ بِ<tajweed class=ham_wasl>ٱ</tajweed>للَّهِ شَهِيد<tajweed class=iqlab>َۢا ب</tajweed>َيْنِى وَبَيْنَكُمْ وَمَنْ عِ<tajweed class=ikhafa>ند</tajweed>َهُ<tajweed class=madda_normal>ۥ</tajweed> عِلْمُ <tajweed class=ham_wasl>ٱ</tajweed>لْكِتَ<tajweed class=madda_permissible>ـٰ</tajweed><tajweed class=qalaqah>ب</tajweed>ِ <span class=end>٤٣</span>","End":"٤٣","PageNumber":255,"JuzNumber":13,"ManzilNumber":3,"RukuNumber":210,"MaqraNumber":102,"HizbNumber":26,"HizbDecimal":0.25,"HasSajda":false}]}