{"RukuNumber":262,"Verses":[{"SurahNumber":18,"SurahIndex":"018","VerseNumber":83,"ShowSurahName":false,"ShowBismillah":false,"Text":"وَيَسۡـَٔلُونَكَ عَن ذِي ٱلۡقَرۡنَيۡنِۖ قُلۡ سَأَتۡلُواْ عَلَيۡكُم مِّنۡهُ ذِكۡرًا","TajweedText":"وَيَسْــَٔلُونَكَ عَ<tajweed class=ikhafa>ن ذ</tajweed>ِى <tajweed class=ham_wasl>ٱ</tajweed>لْقَرْنَيْنِ‌ۖ قُلْ سَأَتْلُو<tajweed class=slnt>اْ</tajweed> عَلَيْك<tajweed class=idgham_shafawi>ُم م</tajweed>ِّنْهُ ذِكْرًا <span class=end>٨٣</span>","End":"٨٣","PageNumber":302,"JuzNumber":16,"ManzilNumber":4,"RukuNumber":262,"MaqraNumber":121,"HizbNumber":31,"HizbDecimal":0.0,"HasSajda":false},{"SurahNumber":18,"SurahIndex":"018","VerseNumber":84,"ShowSurahName":false,"ShowBismillah":false,"Text":"إِنَّا مَكَّنَّا لَهُۥ فِي ٱلۡأَرۡضِ وَءَاتَيۡنَٰهُ مِن كُلِّ شَيۡءٖ سَبَبٗا","TajweedText":"إِ<tajweed class=ghunnah>نّ</tajweed>َا مَكَّ<tajweed class=ghunnah>نّ</tajweed>َا لَهُ<tajweed class=madda_normal>ۥ</tajweed> فِى <tajweed class=ham_wasl>ٱ</tajweed>لْأَرْضِ وَءَاتَيْنَ<tajweed class=madda_normal>ـٰ</tajweed>هُ مِ<tajweed class=ikhafa>ن ك</tajweed>ُلِّ ش<tajweed class=ikhafa>َىْءٍ س</tajweed>َبَبًا <span class=end>٨٤</span>","End":"٨٤","PageNumber":303,"JuzNumber":16,"ManzilNumber":4,"RukuNumber":262,"MaqraNumber":121,"HizbNumber":31,"HizbDecimal":0.0,"HasSajda":false},{"SurahNumber":18,"SurahIndex":"018","VerseNumber":85,"ShowSurahName":false,"ShowBismillah":false,"Text":"فَأَتۡبَعَ سَبَبًا","TajweedText":"فَأَتْبَعَ سَبَبًا <span class=end>٨٥</span>","End":"٨٥","PageNumber":303,"JuzNumber":16,"ManzilNumber":4,"RukuNumber":262,"MaqraNumber":121,"HizbNumber":31,"HizbDecimal":0.0,"HasSajda":false},{"SurahNumber":18,"SurahIndex":"018","VerseNumber":86,"ShowSurahName":false,"ShowBismillah":false,"Text":"حَتَّىٰٓ إِذَا بَلَغَ مَغۡرِبَ ٱلشَّمۡسِ وَجَدَهَا تَغۡرُبُ فِي عَيۡنٍ حَمِئَةٖ وَوَجَدَ عِندَهَا قَوۡمٗاۖ قُلۡنَا يَٰذَا ٱلۡقَرۡنَيۡنِ إِمَّآ أَن تُعَذِّبَ وَإِمَّآ أَن تَتَّخِذَ فِيهِمۡ حُسۡنٗا","TajweedText":"حَتَّ<tajweed class=madda_obligatory>ىٰٓ</tajweed> إِذَا بَلَغَ مَغْرِبَ <tajweed class=ham_wasl>ٱ</tajweed><tajweed class=laam_shamsiyah>ل</tajweed>شَّمْسِ وَجَدَهَا تَغْرُبُ فِى عَيْنٍ حَمِئَ<tajweed class=idgham_ghunnah>ةٍ و</tajweed>َوَجَدَ عِ<tajweed class=ikhafa>ند</tajweed>َهَا قَوْ<tajweed class=ikhafa>مًا‌ۗ ق</tajweed>ُلْنَا يَ<tajweed class=madda_normal>ـٰ</tajweed>ذَا <tajweed class=ham_wasl>ٱ</tajweed>لْقَرْنَيْنِ إِ<tajweed class=ghunnah>مّ</tajweed><tajweed class=madda_obligatory>َآ</tajweed> أَ<tajweed class=ikhafa>ن ت</tajweed>ُعَذِّبَ وَإِ<tajweed class=ghunnah>مّ</tajweed><tajweed class=madda_obligatory>َآ</tajweed> أَ<tajweed class=ikhafa>ن ت</tajweed>َتَّخِذَ فِيهِمْ حُسْنًا <span class=end>٨٦</span>","End":"٨٦","PageNumber":303,"JuzNumber":16,"ManzilNumber":4,"RukuNumber":262,"MaqraNumber":121,"HizbNumber":31,"HizbDecimal":0.0,"HasSajda":false},{"SurahNumber":18,"SurahIndex":"018","VerseNumber":87,"ShowSurahName":false,"ShowBismillah":false,"Text":"قَالَ أَمَّا مَن ظَلَمَ فَسَوۡفَ نُعَذِّبُهُۥ ثُمَّ يُرَدُّ إِلَىٰ رَبِّهِۦ فَيُعَذِّبُهُۥ عَذَابٗا نُّكۡرٗا","TajweedText":"قَالَ أَ<tajweed class=ghunnah>مّ</tajweed>َا مَ<tajweed class=ikhafa>ن ظ</tajweed>َلَمَ فَسَوْفَ نُعَذِّبُهُ<tajweed class=madda_normal>ۥ</tajweed> ثُ<tajweed class=ghunnah>مّ</tajweed>َ يُرَدُّ إِلَىٰ رَبِّه<tajweed class=madda_normal>ِۦ</tajweed> فَيُعَذِّبُهُ<tajweed class=madda_normal>ۥ</tajweed> عَذَا<tajweed class=idgham_ghunnah>بًا ن</tajweed>ُّكْرًا <span class=end>٨٧</span>","End":"٨٧","PageNumber":303,"JuzNumber":16,"ManzilNumber":4,"RukuNumber":262,"MaqraNumber":121,"HizbNumber":31,"HizbDecimal":0.0,"HasSajda":false},{"SurahNumber":18,"SurahIndex":"018","VerseNumber":88,"ShowSurahName":false,"ShowBismillah":false,"Text":"وَأَمَّا مَنۡ ءَامَنَ وَعَمِلَ صَٰلِحٗا فَلَهُۥ جَزَآءً ٱلۡحُسۡنَىٰۖ وَسَنَقُولُ لَهُۥ مِنۡ أَمۡرِنَا يُسۡرٗا","TajweedText":"وَأَ<tajweed class=ghunnah>مّ</tajweed>َا مَنْ ءَامَنَ وَعَمِلَ صَ<tajweed class=madda_normal>ـٰ</tajweed>لِ<tajweed class=ikhafa>حًا ف</tajweed>َلَهُ<tajweed class=madda_normal>ۥ</tajweed> جَز<tajweed class=madda_obligatory>َا</tajweed>ٓءً <tajweed class=ham_wasl>ٱ</tajweed>لْحُسْنَىٰ‌ۖ وَسَنَقُولُ لَهُ<tajweed class=madda_normal>ۥ</tajweed> مِنْ أَمْرِنَا يُسْرًا <span class=end>٨٨</span>","End":"٨٨","PageNumber":303,"JuzNumber":16,"ManzilNumber":4,"RukuNumber":262,"MaqraNumber":121,"HizbNumber":31,"HizbDecimal":0.0,"HasSajda":false},{"SurahNumber":18,"SurahIndex":"018","VerseNumber":89,"ShowSurahName":false,"ShowBismillah":false,"Text":"ثُمَّ أَتۡبَعَ سَبَبًا","TajweedText":"ثُ<tajweed class=ghunnah>مّ</tajweed>َ أَتْبَعَ سَبَبًا <span class=end>٨٩</span>","End":"٨٩","PageNumber":303,"JuzNumber":16,"ManzilNumber":4,"RukuNumber":262,"MaqraNumber":121,"HizbNumber":31,"HizbDecimal":0.0,"HasSajda":false},{"SurahNumber":18,"SurahIndex":"018","VerseNumber":90,"ShowSurahName":false,"ShowBismillah":false,"Text":"حَتَّىٰٓ إِذَا بَلَغَ مَطۡلِعَ ٱلشَّمۡسِ وَجَدَهَا تَطۡلُعُ عَلَىٰ قَوۡمٖ لَّمۡ نَجۡعَل لَّهُم مِّن دُونِهَا سِتۡرٗا","TajweedText":"حَتَّ<tajweed class=madda_obligatory>ىٰٓ</tajweed> إِذَا بَلَغَ مَ<tajweed class=qalaqah>طْ</tajweed>لِعَ <tajweed class=ham_wasl>ٱ</tajweed><tajweed class=laam_shamsiyah>ل</tajweed>شَّمْسِ وَجَدَهَا تَ<tajweed class=qalaqah>طْ</tajweed>لُعُ عَلَىٰ قَوْ<tajweed class=idgham_wo_ghunnah>مٍ ل</tajweed>َّمْ نَ<tajweed class=qalaqah>جْ</tajweed>عَل لَّه<tajweed class=idgham_shafawi>ُم م</tajweed>ِّ<tajweed class=ikhafa>ن د</tajweed>ُونِهَا سِتْرًا <span class=end>٩٠</span>","End":"٩٠","PageNumber":303,"JuzNumber":16,"ManzilNumber":4,"RukuNumber":262,"MaqraNumber":121,"HizbNumber":31,"HizbDecimal":0.0,"HasSajda":false},{"SurahNumber":18,"SurahIndex":"018","VerseNumber":91,"ShowSurahName":false,"ShowBismillah":false,"Text":"كَذَٰلِكَۖ وَقَدۡ أَحَطۡنَا بِمَا لَدَيۡهِ خُبۡرٗا","TajweedText":"كَذ<tajweed class=madda_normal>َٲ</tajweed>لِكَ وَقَ<tajweed class=qalaqah>دْ</tajweed> أَحَ<tajweed class=qalaqah>طْ</tajweed>نَا بِمَا لَدَيْهِ خُ<tajweed class=qalaqah>بْ</tajweed>رًا <span class=end>٩١</span>","End":"٩١","PageNumber":303,"JuzNumber":16,"ManzilNumber":4,"RukuNumber":262,"MaqraNumber":121,"HizbNumber":31,"HizbDecimal":0.0,"HasSajda":false},{"SurahNumber":18,"SurahIndex":"018","VerseNumber":92,"ShowSurahName":false,"ShowBismillah":false,"Text":"ثُمَّ أَتۡبَعَ سَبَبًا","TajweedText":"ثُ<tajweed class=ghunnah>مّ</tajweed>َ أَتْبَعَ سَبَبًا <span class=end>٩٢</span>","End":"٩٢","PageNumber":303,"JuzNumber":16,"ManzilNumber":4,"RukuNumber":262,"MaqraNumber":121,"HizbNumber":31,"HizbDecimal":0.0,"HasSajda":false},{"SurahNumber":18,"SurahIndex":"018","VerseNumber":93,"ShowSurahName":false,"ShowBismillah":false,"Text":"حَتَّىٰٓ إِذَا بَلَغَ بَيۡنَ ٱلسَّدَّيۡنِ وَجَدَ مِن دُونِهِمَا قَوۡمٗا لَّا يَكَادُونَ يَفۡقَهُونَ قَوۡلٗا","TajweedText":"حَتَّ<tajweed class=madda_obligatory>ىٰٓ</tajweed> إِذَا بَلَغَ بَيْنَ <tajweed class=ham_wasl>ٱ</tajweed><tajweed class=laam_shamsiyah>ل</tajweed>سَّدَّيْنِ وَجَدَ مِ<tajweed class=ikhafa>ن د</tajweed>ُونِهِمَا قَوْ<tajweed class=idgham_wo_ghunnah>مًا ل</tajweed>َّا يَكَادُونَ يَفْقَهُونَ قَوْلاً <span class=end>٩٣</span>","End":"٩٣","PageNumber":303,"JuzNumber":16,"ManzilNumber":4,"RukuNumber":262,"MaqraNumber":121,"HizbNumber":31,"HizbDecimal":0.0,"HasSajda":false},{"SurahNumber":18,"SurahIndex":"018","VerseNumber":94,"ShowSurahName":false,"ShowBismillah":false,"Text":"قَالُواْ يَٰذَا ٱلۡقَرۡنَيۡنِ إِنَّ يَأۡجُوجَ وَمَأۡجُوجَ مُفۡسِدُونَ فِي ٱلۡأَرۡضِ فَهَلۡ نَجۡعَلُ لَكَ خَرۡجًا عَلَىٰٓ أَن تَجۡعَلَ بَيۡنَنَا وَبَيۡنَهُمۡ سَدّٗا","TajweedText":"قَالُو<tajweed class=slnt>اْ</tajweed> يَ<tajweed class=madda_normal>ـٰ</tajweed>ذَا <tajweed class=ham_wasl>ٱ</tajweed>لْقَرْنَيْنِ إِ<tajweed class=ghunnah>نّ</tajweed>َ يَأْجُوجَ وَمَأْجُوجَ مُفْسِدُونَ فِى <tajweed class=ham_wasl>ٱ</tajweed>لْأَرْضِ فَهَلْ نَ<tajweed class=qalaqah>جْ</tajweed>عَلُ لَكَ خَرْجًا عَلَ<tajweed class=madda_obligatory>ىٰٓ</tajweed> أَ<tajweed class=ikhafa>ن ت</tajweed>َ<tajweed class=qalaqah>جْ</tajweed>عَلَ بَيْنَنَا وَبَيْنَهُمْ سَدًّا <span class=end>٩٤</span>","End":"٩٤","PageNumber":303,"JuzNumber":16,"ManzilNumber":4,"RukuNumber":262,"MaqraNumber":121,"HizbNumber":31,"HizbDecimal":0.0,"HasSajda":false},{"SurahNumber":18,"SurahIndex":"018","VerseNumber":95,"ShowSurahName":false,"ShowBismillah":false,"Text":"قَالَ مَا مَكَّنِّي فِيهِ رَبِّي خَيۡرٞ فَأَعِينُونِي بِقُوَّةٍ أَجۡعَلۡ بَيۡنَكُمۡ وَبَيۡنَهُمۡ رَدۡمًا","TajweedText":"قَالَ مَا مَكَّ<tajweed class=ghunnah>نّ</tajweed>ِى فِيهِ رَبِّى خَيْ<tajweed class=ikhafa>رٌ ف</tajweed>َأَعِينُونِى بِقُوَّةٍ أَ<tajweed class=qalaqah>جْ</tajweed>عَلْ بَيْنَكُمْ وَبَيْنَهُمْ رَ<tajweed class=qalaqah>دْ</tajweed>مًا <span class=end>٩٥</span>","End":"٩٥","PageNumber":303,"JuzNumber":16,"ManzilNumber":4,"RukuNumber":262,"MaqraNumber":121,"HizbNumber":31,"HizbDecimal":0.0,"HasSajda":false},{"SurahNumber":18,"SurahIndex":"018","VerseNumber":96,"ShowSurahName":false,"ShowBismillah":false,"Text":"ءَاتُونِي زُبَرَ ٱلۡحَدِيدِۖ حَتَّىٰٓ إِذَا سَاوَىٰ بَيۡنَ ٱلصَّدَفَيۡنِ قَالَ ٱنفُخُواْۖ حَتَّىٰٓ إِذَا جَعَلَهُۥ نَارٗا قَالَ ءَاتُونِيٓ أُفۡرِغۡ عَلَيۡهِ قِطۡرٗا","TajweedText":"ءَاتُونِى زُبَرَ <tajweed class=ham_wasl>ٱ</tajweed>لْحَدِيدِ‌ۖ حَتَّ<tajweed class=madda_obligatory>ىٰٓ</tajweed> إِذَا سَاوَىٰ بَيْنَ <tajweed class=ham_wasl>ٱ</tajweed><tajweed class=laam_shamsiyah>ل</tajweed>صَّدَفَيْنِ قَالَ <tajweed class=ham_wasl>ٱ</tajweed><tajweed class=ikhafa>نف</tajweed>ُخُو<tajweed class=slnt>اْ‌ۖ</tajweed> حَتَّ<tajweed class=madda_obligatory>ىٰٓ</tajweed> إِذَا جَعَلَهُ<tajweed class=madda_normal>ۥ</tajweed> نَا<tajweed class=ikhafa>رًا ق</tajweed>َالَ ءَاتُون<tajweed class=madda_obligatory>ِىٓ</tajweed> أُفْرِغْ عَلَيْهِ قِ<tajweed class=qalaqah>طْ</tajweed>رًا <span class=end>٩٦</span>","End":"٩٦","PageNumber":303,"JuzNumber":16,"ManzilNumber":4,"RukuNumber":262,"MaqraNumber":121,"HizbNumber":31,"HizbDecimal":0.0,"HasSajda":false},{"SurahNumber":18,"SurahIndex":"018","VerseNumber":97,"ShowSurahName":false,"ShowBismillah":false,"Text":"فَمَا ٱسۡطَٰعُوٓاْ أَن يَظۡهَرُوهُ وَمَا ٱسۡتَطَٰعُواْ لَهُۥ نَقۡبٗا","TajweedText":"فَمَا <tajweed class=ham_wasl>ٱ</tajweed>سْطَ<tajweed class=madda_normal>ـٰ</tajweed>ع<tajweed class=madda_obligatory>ُوٓ</tajweed><tajweed class=slnt>اْ</tajweed> أ<tajweed class=idgham_ghunnah>َن ي</tajweed>َظْهَرُوهُ وَمَا <tajweed class=ham_wasl>ٱ</tajweed>سْتَطَ<tajweed class=madda_normal>ـٰ</tajweed>عُو<tajweed class=slnt>اْ</tajweed> لَهُ<tajweed class=madda_normal>ۥ</tajweed> نَ<tajweed class=qalaqah>قْ</tajweed>بًا <span class=end>٩٧</span>","End":"٩٧","PageNumber":303,"JuzNumber":16,"ManzilNumber":4,"RukuNumber":262,"MaqraNumber":121,"HizbNumber":31,"HizbDecimal":0.0,"HasSajda":false},{"SurahNumber":18,"SurahIndex":"018","VerseNumber":98,"ShowSurahName":false,"ShowBismillah":false,"Text":"قَالَ هَٰذَا رَحۡمَةٞ مِّن رَّبِّيۖ فَإِذَا جَآءَ وَعۡدُ رَبِّي جَعَلَهُۥ دَكَّآءَۖ وَكَانَ وَعۡدُ رَبِّي حَقّٗا","TajweedText":"قَالَ هَ<tajweed class=madda_normal>ـٰ</tajweed>ذَا رَحْمَ<tajweed class=idgham_ghunnah>ةٌ م</tajweed>ّ<tajweed class=idgham_wo_ghunnah>ِن ر</tajweed>َّبِّى‌ۖ فَإِذَا ج<tajweed class=madda_obligatory>َا</tajweed>ٓءَ وَعْدُ رَبِّى جَعَلَهُ<tajweed class=madda_normal>ۥ</tajweed> دَكّ<tajweed class=madda_obligatory>َا</tajweed>ٓءَ‌ۖ وَكَانَ وَعْدُ رَبِّى حَقًّا <span class=end>٩٨</span>","End":"٩٨","PageNumber":304,"JuzNumber":16,"ManzilNumber":4,"RukuNumber":262,"MaqraNumber":121,"HizbNumber":31,"HizbDecimal":0.0,"HasSajda":false},{"SurahNumber":18,"SurahIndex":"018","VerseNumber":99,"ShowSurahName":false,"ShowBismillah":false,"Text":"۞وَتَرَكۡنَا بَعۡضَهُمۡ يَوۡمَئِذٖ يَمُوجُ فِي بَعۡضٖۖ وَنُفِخَ فِي ٱلصُّورِ فَجَمَعۡنَٰهُمۡ جَمۡعٗا","TajweedText":"۞ وَتَرَكْنَا بَعْضَهُمْ يَوْمَئِ<tajweed class=idgham_ghunnah>ذٍ ي</tajweed>َمُوجُ فِى بَعْ<tajweed class=idgham_ghunnah>ضٍ‌ۖ و</tajweed>َنُفِخَ فِى <tajweed class=ham_wasl>ٱ</tajweed><tajweed class=laam_shamsiyah>ل</tajweed>صُّورِ فَجَمَعْنَ<tajweed class=madda_normal>ـٰ</tajweed>هُمْ جَمْعًا <span class=end>٩٩</span>","End":"٩٩","PageNumber":304,"JuzNumber":16,"ManzilNumber":4,"RukuNumber":262,"MaqraNumber":122,"HizbNumber":31,"HizbDecimal":0.25,"HasSajda":false},{"SurahNumber":18,"SurahIndex":"018","VerseNumber":100,"ShowSurahName":false,"ShowBismillah":false,"Text":"وَعَرَضۡنَا جَهَنَّمَ يَوۡمَئِذٖ لِّلۡكَٰفِرِينَ عَرۡضًا","TajweedText":"وَعَرَضْنَا جَهَ<tajweed class=ghunnah>نّ</tajweed>َمَ يَوْمَئِ<tajweed class=idgham_wo_ghunnah>ذٍ ل</tajweed>ِّلْكَ<tajweed class=madda_normal>ـٰ</tajweed>فِرِينَ عَرْضًا <span class=end>١٠٠</span>","End":"١٠٠","PageNumber":304,"JuzNumber":16,"ManzilNumber":4,"RukuNumber":262,"MaqraNumber":122,"HizbNumber":31,"HizbDecimal":0.25,"HasSajda":false},{"SurahNumber":18,"SurahIndex":"018","VerseNumber":101,"ShowSurahName":false,"ShowBismillah":false,"Text":"ٱلَّذِينَ كَانَتۡ أَعۡيُنُهُمۡ فِي غِطَآءٍ عَن ذِكۡرِي وَكَانُواْ لَا يَسۡتَطِيعُونَ سَمۡعًا","TajweedText":"ٱلَّذِينَ كَانَتْ أَعْيُنُهُمْ فِى غِط<tajweed class=madda_obligatory>َا</tajweed>ٓءٍ عَ<tajweed class=ikhafa>ن ذ</tajweed>ِكْرِى وَكَانُو<tajweed class=slnt>اْ</tajweed> لَا يَسْتَطِيعُونَ سَمْعًا <span class=end>١٠١</span>","End":"١٠١","PageNumber":304,"JuzNumber":16,"ManzilNumber":4,"RukuNumber":262,"MaqraNumber":122,"HizbNumber":31,"HizbDecimal":0.25,"HasSajda":false}]}