{"RukuNumber":464,"Verses":[{"SurahNumber":54,"SurahIndex":"054","VerseNumber":23,"ShowSurahName":false,"ShowBismillah":false,"Text":"كَذَّبَتۡ ثَمُودُ بِٱلنُّذُرِ","TajweedText":"كَذَّبَتْ ثَمُودُ بِ<tajweed class=ham_wasl>ٱ</tajweed><tajweed class=laam_shamsiyah>ل</tajweed><tajweed class=ghunnah>نّ</tajweed>ُذُرِ <span class=end>٢٣</span>","End":"٢٣","PageNumber":529,"JuzNumber":27,"ManzilNumber":7,"RukuNumber":464,"MaqraNumber":212,"HizbNumber":53,"HizbDecimal":0.75,"HasSajda":false},{"SurahNumber":54,"SurahIndex":"054","VerseNumber":24,"ShowSurahName":false,"ShowBismillah":false,"Text":"فَقَالُوٓاْ أَبَشَرٗا مِّنَّا وَٰحِدٗا نَّتَّبِعُهُۥٓ إِنَّآ إِذٗا لَّفِي ضَلَٰلٖ وَسُعُرٍ","TajweedText":"فَقَال<tajweed class=madda_obligatory>ُوٓ</tajweed><tajweed class=slnt>اْ</tajweed> أَبَشَ<tajweed class=idgham_ghunnah>رًا م</tajweed>ِّ<tajweed class=ghunnah>نّ</tajweed>َا و<tajweed class=madda_normal>َٲ</tajweed>حِ<tajweed class=idgham_ghunnah>دًا ن</tajweed>َّتَّبِعُهُ<tajweed class=madda_obligatory>ۥٓ</tajweed> إِ<tajweed class=ghunnah>نّ</tajweed><tajweed class=madda_obligatory>َآ</tajweed> إِ<tajweed class=idgham_wo_ghunnah>ذًا ل</tajweed>َّفِى ضَلَ<tajweed class=madda_normal>ـٰ</tajweed><tajweed class=idgham_ghunnah>لٍ و</tajweed>َسُعُرٍ <span class=end>٢٤</span>","End":"٢٤","PageNumber":529,"JuzNumber":27,"ManzilNumber":7,"RukuNumber":464,"MaqraNumber":212,"HizbNumber":53,"HizbDecimal":0.75,"HasSajda":false},{"SurahNumber":54,"SurahIndex":"054","VerseNumber":25,"ShowSurahName":false,"ShowBismillah":false,"Text":"أَءُلۡقِيَ ٱلذِّكۡرُ عَلَيۡهِ مِنۢ بَيۡنِنَا بَلۡ هُوَ كَذَّابٌ أَشِرٞ","TajweedText":"أَءُلْقِىَ <tajweed class=ham_wasl>ٱ</tajweed><tajweed class=laam_shamsiyah>ل</tajweed>ذِّكْرُ عَلَيْهِ م<tajweed class=iqlab>ِنۢ ب</tajweed>َيْنِنَا بَلْ هُوَ كَذَّابٌ أَشِرٌ <span class=end>٢٥</span>","End":"٢٥","PageNumber":529,"JuzNumber":27,"ManzilNumber":7,"RukuNumber":464,"MaqraNumber":212,"HizbNumber":53,"HizbDecimal":0.75,"HasSajda":false},{"SurahNumber":54,"SurahIndex":"054","VerseNumber":26,"ShowSurahName":false,"ShowBismillah":false,"Text":"سَيَعۡلَمُونَ غَدٗا مَّنِ ٱلۡكَذَّابُ ٱلۡأَشِرُ","TajweedText":"سَيَعْلَمُونَ غَ<tajweed class=idgham_ghunnah>دًا م</tajweed>َّنِ <tajweed class=ham_wasl>ٱ</tajweed>لْكَذَّابُ <tajweed class=ham_wasl>ٱ</tajweed>لْأَشِرُ <span class=end>٢٦</span>","End":"٢٦","PageNumber":529,"JuzNumber":27,"ManzilNumber":7,"RukuNumber":464,"MaqraNumber":212,"HizbNumber":53,"HizbDecimal":0.75,"HasSajda":false},{"SurahNumber":54,"SurahIndex":"054","VerseNumber":27,"ShowSurahName":false,"ShowBismillah":false,"Text":"إِنَّا مُرۡسِلُواْ ٱلنَّاقَةِ فِتۡنَةٗ لَّهُمۡ فَٱرۡتَقِبۡهُمۡ وَٱصۡطَبِرۡ","TajweedText":"إِ<tajweed class=ghunnah>نّ</tajweed>َا مُرْسِلُو<tajweed class=slnt>اْ</tajweed> <tajweed class=ham_wasl>ٱ</tajweed><tajweed class=laam_shamsiyah>ل</tajweed><tajweed class=ghunnah>نّ</tajweed>َاقَةِ فِتْنَ<tajweed class=idgham_wo_ghunnah>ةً ل</tajweed>َّهُمْ فَ<tajweed class=ham_wasl>ٱ</tajweed>رْتَقِ<tajweed class=qalaqah>بْ</tajweed>هُمْ وَ<tajweed class=ham_wasl>ٱ</tajweed>صْطَبِرْ <span class=end>٢٧</span>","End":"٢٧","PageNumber":529,"JuzNumber":27,"ManzilNumber":7,"RukuNumber":464,"MaqraNumber":212,"HizbNumber":53,"HizbDecimal":0.75,"HasSajda":false},{"SurahNumber":54,"SurahIndex":"054","VerseNumber":28,"ShowSurahName":false,"ShowBismillah":false,"Text":"وَنَبِّئۡهُمۡ أَنَّ ٱلۡمَآءَ قِسۡمَةُۢ بَيۡنَهُمۡۖ كُلُّ شِرۡبٖ مُّحۡتَضَرٞ","TajweedText":"وَنَبِّئْهُمْ أَ<tajweed class=ghunnah>نّ</tajweed>َ <tajweed class=ham_wasl>ٱ</tajweed>لْم<tajweed class=madda_obligatory>َا</tajweed>ٓءَ قِسْمَ<tajweed class=iqlab>ةُۢ ب</tajweed>َيْنَهُمْ‌ۖ كُلُّ شِرْ<tajweed class=idgham_ghunnah>بٍ م</tajweed>ُّحْتَضَرٌ <span class=end>٢٨</span>","End":"٢٨","PageNumber":530,"JuzNumber":27,"ManzilNumber":7,"RukuNumber":464,"MaqraNumber":212,"HizbNumber":53,"HizbDecimal":0.75,"HasSajda":false},{"SurahNumber":54,"SurahIndex":"054","VerseNumber":29,"ShowSurahName":false,"ShowBismillah":false,"Text":"فَنَادَوۡاْ صَاحِبَهُمۡ فَتَعَاطَىٰ فَعَقَرَ","TajweedText":"فَنَادَوْ<tajweed class=slnt>اْ</tajweed> صَاحِبَهُمْ فَتَعَاطَىٰ فَعَقَرَ <span class=end>٢٩</span>","End":"٢٩","PageNumber":530,"JuzNumber":27,"ManzilNumber":7,"RukuNumber":464,"MaqraNumber":212,"HizbNumber":53,"HizbDecimal":0.75,"HasSajda":false},{"SurahNumber":54,"SurahIndex":"054","VerseNumber":30,"ShowSurahName":false,"ShowBismillah":false,"Text":"فَكَيۡفَ كَانَ عَذَابِي وَنُذُرِ","TajweedText":"فَكَيْفَ كَانَ عَذَابِى وَنُذُرِ <span class=end>٣٠</span>","End":"٣٠","PageNumber":530,"JuzNumber":27,"ManzilNumber":7,"RukuNumber":464,"MaqraNumber":212,"HizbNumber":53,"HizbDecimal":0.75,"HasSajda":false},{"SurahNumber":54,"SurahIndex":"054","VerseNumber":31,"ShowSurahName":false,"ShowBismillah":false,"Text":"إِنَّآ أَرۡسَلۡنَا عَلَيۡهِمۡ صَيۡحَةٗ وَٰحِدَةٗ فَكَانُواْ كَهَشِيمِ ٱلۡمُحۡتَظِرِ","TajweedText":"إِ<tajweed class=ghunnah>نّ</tajweed><tajweed class=madda_obligatory>َآ</tajweed> أَرْسَلْنَا عَلَيْهِمْ صَيْحَ<tajweed class=idgham_ghunnah>ةً و</tajweed><tajweed class=madda_normal>َٲ</tajweed>حِدَ<tajweed class=ikhafa>ةً ف</tajweed>َكَانُو<tajweed class=slnt>اْ</tajweed> كَهَشِيمِ <tajweed class=ham_wasl>ٱ</tajweed>لْمُحْتَظِرِ <span class=end>٣١</span>","End":"٣١","PageNumber":530,"JuzNumber":27,"ManzilNumber":7,"RukuNumber":464,"MaqraNumber":212,"HizbNumber":53,"HizbDecimal":0.75,"HasSajda":false},{"SurahNumber":54,"SurahIndex":"054","VerseNumber":32,"ShowSurahName":false,"ShowBismillah":false,"Text":"وَلَقَدۡ يَسَّرۡنَا ٱلۡقُرۡءَانَ لِلذِّكۡرِ فَهَلۡ مِن مُّدَّكِرٖ","TajweedText":"وَلَقَ<tajweed class=qalaqah>دْ</tajweed> يَسَّرْنَا <tajweed class=ham_wasl>ٱ</tajweed>لْقُرْءَانَ لِلذِّكْرِ فَهَلْ م<tajweed class=idgham_ghunnah>ِن م</tajweed>ُّدَّكِرٍ <span class=end>٣٢</span>","End":"٣٢","PageNumber":530,"JuzNumber":27,"ManzilNumber":7,"RukuNumber":464,"MaqraNumber":212,"HizbNumber":53,"HizbDecimal":0.75,"HasSajda":false},{"SurahNumber":54,"SurahIndex":"054","VerseNumber":33,"ShowSurahName":false,"ShowBismillah":false,"Text":"كَذَّبَتۡ قَوۡمُ لُوطِۭ بِٱلنُّذُرِ","TajweedText":"كَذَّبَتْ قَوْمُ لُو<tajweed class=iqlab>طِۭ ب</tajweed>ِ<tajweed class=ham_wasl>ٱ</tajweed><tajweed class=laam_shamsiyah>ل</tajweed><tajweed class=ghunnah>نّ</tajweed>ُذُرِ <span class=end>٣٣</span>","End":"٣٣","PageNumber":530,"JuzNumber":27,"ManzilNumber":7,"RukuNumber":464,"MaqraNumber":212,"HizbNumber":53,"HizbDecimal":0.75,"HasSajda":false},{"SurahNumber":54,"SurahIndex":"054","VerseNumber":34,"ShowSurahName":false,"ShowBismillah":false,"Text":"إِنَّآ أَرۡسَلۡنَا عَلَيۡهِمۡ حَاصِبًا إِلَّآ ءَالَ لُوطٖۖ نَّجَّيۡنَٰهُم بِسَحَرٖ","TajweedText":"إِ<tajweed class=ghunnah>نّ</tajweed><tajweed class=madda_obligatory>َآ</tajweed> أَرْسَلْنَا عَلَيْهِمْ حَاصِبًا إِلّ<tajweed class=madda_obligatory>َآ</tajweed> ءَالَ لُو<tajweed class=idgham_ghunnah>طٍ‌ۖ ن</tajweed>َّجَّيْنَ<tajweed class=madda_normal>ـٰ</tajweed>ه<tajweed class=ikhafa_shafawi>ُم ب</tajweed>ِسَحَرٍ <span class=end>٣٤</span>","End":"٣٤","PageNumber":530,"JuzNumber":27,"ManzilNumber":7,"RukuNumber":464,"MaqraNumber":212,"HizbNumber":53,"HizbDecimal":0.75,"HasSajda":false},{"SurahNumber":54,"SurahIndex":"054","VerseNumber":35,"ShowSurahName":false,"ShowBismillah":false,"Text":"نِّعۡمَةٗ مِّنۡ عِندِنَاۚ كَذَٰلِكَ نَجۡزِي مَن شَكَرَ","TajweedText":"نِّعْمَ<tajweed class=idgham_ghunnah>ةً م</tajweed>ِّنْ عِ<tajweed class=ikhafa>ند</tajweed>ِنَا‌ۚ كَذ<tajweed class=madda_normal>َٲ</tajweed>لِكَ نَ<tajweed class=qalaqah>جْ</tajweed>زِى مَ<tajweed class=ikhafa>ن ش</tajweed>َكَرَ <span class=end>٣٥</span>","End":"٣٥","PageNumber":530,"JuzNumber":27,"ManzilNumber":7,"RukuNumber":464,"MaqraNumber":212,"HizbNumber":53,"HizbDecimal":0.75,"HasSajda":false},{"SurahNumber":54,"SurahIndex":"054","VerseNumber":36,"ShowSurahName":false,"ShowBismillah":false,"Text":"وَلَقَدۡ أَنذَرَهُم بَطۡشَتَنَا فَتَمَارَوۡاْ بِٱلنُّذُرِ","TajweedText":"وَلَقَ<tajweed class=qalaqah>دْ</tajweed> أَ<tajweed class=ikhafa>نذ</tajweed>َرَه<tajweed class=ikhafa_shafawi>ُم ب</tajweed>َ<tajweed class=qalaqah>طْ</tajweed>شَتَنَا فَتَمَارَوْ<tajweed class=slnt>اْ</tajweed> بِ<tajweed class=ham_wasl>ٱ</tajweed><tajweed class=laam_shamsiyah>ل</tajweed><tajweed class=ghunnah>نّ</tajweed>ُذُرِ <span class=end>٣٦</span>","End":"٣٦","PageNumber":530,"JuzNumber":27,"ManzilNumber":7,"RukuNumber":464,"MaqraNumber":212,"HizbNumber":53,"HizbDecimal":0.75,"HasSajda":false},{"SurahNumber":54,"SurahIndex":"054","VerseNumber":37,"ShowSurahName":false,"ShowBismillah":false,"Text":"وَلَقَدۡ رَٰوَدُوهُ عَن ضَيۡفِهِۦ فَطَمَسۡنَآ أَعۡيُنَهُمۡ فَذُوقُواْ عَذَابِي وَنُذُرِ","TajweedText":"وَلَقَ<tajweed class=qalaqah>دْ</tajweed> ر<tajweed class=madda_normal>َٲ</tajweed>وَدُوهُ عَ<tajweed class=ikhafa>ن ض</tajweed>َيْفِه<tajweed class=madda_normal>ِۦ</tajweed> فَطَمَسْن<tajweed class=madda_obligatory>َآ</tajweed> أَعْيُنَهُمْ فَذُوقُو<tajweed class=slnt>اْ</tajweed> عَذَابِى وَنُذُرِ <span class=end>٣٧</span>","End":"٣٧","PageNumber":530,"JuzNumber":27,"ManzilNumber":7,"RukuNumber":464,"MaqraNumber":212,"HizbNumber":53,"HizbDecimal":0.75,"HasSajda":false},{"SurahNumber":54,"SurahIndex":"054","VerseNumber":38,"ShowSurahName":false,"ShowBismillah":false,"Text":"وَلَقَدۡ صَبَّحَهُم بُكۡرَةً عَذَابٞ مُّسۡتَقِرّٞ","TajweedText":"وَلَقَ<tajweed class=qalaqah>دْ</tajweed> صَبَّحَه<tajweed class=ikhafa_shafawi>ُم ب</tajweed>ُكْرَةً عَذَا<tajweed class=idgham_ghunnah>بٌ م</tajweed>ُّسْتَقِرٌّ <span class=end>٣٨</span>","End":"٣٨","PageNumber":530,"JuzNumber":27,"ManzilNumber":7,"RukuNumber":464,"MaqraNumber":212,"HizbNumber":53,"HizbDecimal":0.75,"HasSajda":false},{"SurahNumber":54,"SurahIndex":"054","VerseNumber":39,"ShowSurahName":false,"ShowBismillah":false,"Text":"فَذُوقُواْ عَذَابِي وَنُذُرِ","TajweedText":"فَذُوقُو<tajweed class=slnt>اْ</tajweed> عَذَابِى وَنُذُرِ <span class=end>٣٩</span>","End":"٣٩","PageNumber":530,"JuzNumber":27,"ManzilNumber":7,"RukuNumber":464,"MaqraNumber":212,"HizbNumber":53,"HizbDecimal":0.75,"HasSajda":false},{"SurahNumber":54,"SurahIndex":"054","VerseNumber":40,"ShowSurahName":false,"ShowBismillah":false,"Text":"وَلَقَدۡ يَسَّرۡنَا ٱلۡقُرۡءَانَ لِلذِّكۡرِ فَهَلۡ مِن مُّدَّكِرٖ","TajweedText":"وَلَقَ<tajweed class=qalaqah>دْ</tajweed> يَسَّرْنَا <tajweed class=ham_wasl>ٱ</tajweed>لْقُرْءَانَ لِلذِّكْرِ فَهَلْ م<tajweed class=idgham_ghunnah>ِن م</tajweed>ُّدَّكِرٍ <span class=end>٤٠</span>","End":"٤٠","PageNumber":530,"JuzNumber":27,"ManzilNumber":7,"RukuNumber":464,"MaqraNumber":212,"HizbNumber":53,"HizbDecimal":0.75,"HasSajda":false}]}