{"RukuNumber":138,"Verses":[{"SurahNumber":7,"SurahIndex":"007","VerseNumber":142,"ShowSurahName":false,"ShowBismillah":false,"Text":"۞وَوَٰعَدۡنَا مُوسَىٰ ثَلَٰثِينَ لَيۡلَةٗ وَأَتۡمَمۡنَٰهَا بِعَشۡرٖ فَتَمَّ مِيقَٰتُ رَبِّهِۦٓ أَرۡبَعِينَ لَيۡلَةٗۚ وَقَالَ مُوسَىٰ لِأَخِيهِ هَٰرُونَ ٱخۡلُفۡنِي فِي قَوۡمِي وَأَصۡلِحۡ وَلَا تَتَّبِعۡ سَبِيلَ ٱلۡمُفۡسِدِينَ","TajweedText":"۞ وَو<tajweed class=madda_normal>َٲ</tajweed>عَ<tajweed class=qalaqah>دْ</tajweed>نَا مُوسَىٰ ثَلَ<tajweed class=madda_normal>ـٰ</tajweed>ثِينَ لَيْلَ<tajweed class=idgham_ghunnah>ةً و</tajweed>َأَتْمَمْنَ<tajweed class=madda_normal>ـٰ</tajweed>هَا بِعَشْ<tajweed class=ikhafa>رٍ ف</tajweed>َتَ<tajweed class=ghunnah>مّ</tajweed>َ مِيقَ<tajweed class=madda_normal>ـٰ</tajweed>تُ رَبِّه<tajweed class=madda_obligatory>ِۦٓ</tajweed> أَرْبَعِينَ لَيْلَ<tajweed class=idgham_ghunnah>ةً‌ۚ و</tajweed>َقَالَ مُوسَىٰ لِأَخِيهِ هَ<tajweed class=madda_normal>ـٰ</tajweed>رُونَ <tajweed class=ham_wasl>ٱ</tajweed>خْلُفْنِى فِى قَوْمِى وَأَصْلِحْ وَلَا تَتَّبِعْ سَبِيلَ <tajweed class=ham_wasl>ٱ</tajweed>لْمُفْسِد<tajweed class=madda_permissible>ِي</tajweed>نَ <span class=end>١٤٢</span>","End":"١٤٢","PageNumber":167,"JuzNumber":9,"ManzilNumber":2,"RukuNumber":138,"MaqraNumber":67,"HizbNumber":17,"HizbDecimal":0.5,"HasSajda":false},{"SurahNumber":7,"SurahIndex":"007","VerseNumber":143,"ShowSurahName":false,"ShowBismillah":false,"Text":"وَلَمَّا جَآءَ مُوسَىٰ لِمِيقَٰتِنَا وَكَلَّمَهُۥ رَبُّهُۥ قَالَ رَبِّ أَرِنِيٓ أَنظُرۡ إِلَيۡكَۚ قَالَ لَن تَرَىٰنِي وَلَٰكِنِ ٱنظُرۡ إِلَى ٱلۡجَبَلِ فَإِنِ ٱسۡتَقَرَّ مَكَانَهُۥ فَسَوۡفَ تَرَىٰنِيۚ فَلَمَّا تَجَلَّىٰ رَبُّهُۥ لِلۡجَبَلِ جَعَلَهُۥ دَكّٗا وَخَرَّ مُوسَىٰ صَعِقٗاۚ فَلَمَّآ أَفَاقَ قَالَ سُبۡحَٰنَكَ تُبۡتُ إِلَيۡكَ وَأَنَا۠ أَوَّلُ ٱلۡمُؤۡمِنِينَ","TajweedText":"وَلَ<tajweed class=ghunnah>مّ</tajweed>َا ج<tajweed class=madda_obligatory>َا</tajweed>ٓءَ مُوسَىٰ لِمِيقَ<tajweed class=madda_normal>ـٰ</tajweed>تِنَا وَكَلَّمَهُ<tajweed class=madda_normal>ۥ</tajweed> رَبُّهُ<tajweed class=madda_normal>ۥ</tajweed> قَالَ رَبِّ أَرِن<tajweed class=madda_obligatory>ِىٓ</tajweed> أَ<tajweed class=ikhafa>نظ</tajweed>ُرْ إِلَيْكَ‌ۚ قَالَ لَ<tajweed class=ikhafa>ن ت</tajweed>َرَ<tajweed class=madda_normal>ٮٰ</tajweed>نِى وَلَ<tajweed class=madda_normal>ـٰ</tajweed>كِنِ <tajweed class=ham_wasl>ٱ</tajweed><tajweed class=ikhafa>نظ</tajweed>ُرْ إِلَى <tajweed class=ham_wasl>ٱ</tajweed>لْجَبَلِ فَإِنِ <tajweed class=ham_wasl>ٱ</tajweed>سْتَقَرَّ مَكَانَهُ<tajweed class=madda_normal>ۥ</tajweed> فَسَوْفَ تَرَ<tajweed class=madda_normal>ٮٰ</tajweed>نِى‌ۚ فَلَ<tajweed class=ghunnah>مّ</tajweed>َا تَجَلَّىٰ رَبُّهُ<tajweed class=madda_normal>ۥ</tajweed> لِلْجَبَلِ جَعَلَهُ<tajweed class=madda_normal>ۥ</tajweed> دَك<tajweed class=idgham_ghunnah>ًّا و</tajweed>َخَرَّ مُوسَىٰ صَعِ<tajweed class=ikhafa>قًا‌ۚ ف</tajweed>َلَ<tajweed class=ghunnah>مّ</tajweed><tajweed class=madda_obligatory>َآ</tajweed> أَفَاقَ قَالَ سُ<tajweed class=qalaqah>بْ</tajweed>حَ<tajweed class=madda_normal>ـٰ</tajweed>نَكَ تُ<tajweed class=qalaqah>بْ</tajweed>تُ إِلَيْكَ وَأَنَا۟ أَوَّلُ <tajweed class=ham_wasl>ٱ</tajweed>لْمُؤْمِن<tajweed class=madda_permissible>ِي</tajweed>نَ <span class=end>١٤٣</span>","End":"١٤٣","PageNumber":167,"JuzNumber":9,"ManzilNumber":2,"RukuNumber":138,"MaqraNumber":67,"HizbNumber":17,"HizbDecimal":0.5,"HasSajda":false},{"SurahNumber":7,"SurahIndex":"007","VerseNumber":144,"ShowSurahName":false,"ShowBismillah":false,"Text":"قَالَ يَٰمُوسَىٰٓ إِنِّي ٱصۡطَفَيۡتُكَ عَلَى ٱلنَّاسِ بِرِسَٰلَٰتِي وَبِكَلَٰمِي فَخُذۡ مَآ ءَاتَيۡتُكَ وَكُن مِّنَ ٱلشَّـٰكِرِينَ","TajweedText":"قَالَ يَ<tajweed class=madda_normal>ـٰ</tajweed>مُوسَ<tajweed class=madda_obligatory>ىٰٓ</tajweed> إِ<tajweed class=ghunnah>نّ</tajweed>ِى <tajweed class=ham_wasl>ٱ</tajweed>صْطَفَيْتُكَ عَلَى <tajweed class=ham_wasl>ٱ</tajweed><tajweed class=laam_shamsiyah>ل</tajweed><tajweed class=ghunnah>نّ</tajweed>َاسِ بِرِسَ<tajweed class=madda_normal>ـٰ</tajweed>لَ<tajweed class=madda_normal>ـٰ</tajweed>تِى وَبِكَلَ<tajweed class=madda_normal>ـٰ</tajweed>مِى فَخُذْ م<tajweed class=madda_obligatory>َآ</tajweed> ءَاتَيْتُكَ وَك<tajweed class=idgham_ghunnah>ُن م</tajweed>ِّنَ <tajweed class=ham_wasl>ٱ</tajweed><tajweed class=laam_shamsiyah>ل</tajweed>شَّ<tajweed class=madda_normal>ـٰ</tajweed>كِر<tajweed class=madda_permissible>ِي</tajweed>نَ <span class=end>١٤٤</span>","End":"١٤٤","PageNumber":168,"JuzNumber":9,"ManzilNumber":2,"RukuNumber":138,"MaqraNumber":67,"HizbNumber":17,"HizbDecimal":0.5,"HasSajda":false},{"SurahNumber":7,"SurahIndex":"007","VerseNumber":145,"ShowSurahName":false,"ShowBismillah":false,"Text":"وَكَتَبۡنَا لَهُۥ فِي ٱلۡأَلۡوَاحِ مِن كُلِّ شَيۡءٖ مَّوۡعِظَةٗ وَتَفۡصِيلٗا لِّكُلِّ شَيۡءٖ فَخُذۡهَا بِقُوَّةٖ وَأۡمُرۡ قَوۡمَكَ يَأۡخُذُواْ بِأَحۡسَنِهَاۚ سَأُوْرِيكُمۡ دَارَ ٱلۡفَٰسِقِينَ","TajweedText":"وَكَتَ<tajweed class=qalaqah>بْ</tajweed>نَا لَهُ<tajweed class=madda_normal>ۥ</tajweed> فِى <tajweed class=ham_wasl>ٱ</tajweed>لْأَلْوَاحِ مِ<tajweed class=ikhafa>ن ك</tajweed>ُلِّ ش<tajweed class=idgham_ghunnah>َىْءٍ م</tajweed>َّوْعِظَ<tajweed class=idgham_ghunnah>ةً و</tajweed>َتَفْصِيل<tajweed class=idgham_wo_ghunnah>اً ل</tajweed>ِّكُلِّ ش<tajweed class=ikhafa>َىْءٍ ف</tajweed>َخُذْهَا بِقُوَّ<tajweed class=idgham_ghunnah>ةٍ و</tajweed>َأْمُرْ قَوْمَكَ يَأْخُذُو<tajweed class=slnt>اْ</tajweed> بِأَحْسَنِهَا‌ۚ سَأُ<tajweed class=slnt>وْ</tajweed>رِيكُمْ دَارَ <tajweed class=ham_wasl>ٱ</tajweed>لْفَ<tajweed class=madda_normal>ـٰ</tajweed>سِق<tajweed class=madda_permissible>ِي</tajweed>نَ <span class=end>١٤٥</span>","End":"١٤٥","PageNumber":168,"JuzNumber":9,"ManzilNumber":2,"RukuNumber":138,"MaqraNumber":67,"HizbNumber":17,"HizbDecimal":0.5,"HasSajda":false},{"SurahNumber":7,"SurahIndex":"007","VerseNumber":146,"ShowSurahName":false,"ShowBismillah":false,"Text":"سَأَصۡرِفُ عَنۡ ءَايَٰتِيَ ٱلَّذِينَ يَتَكَبَّرُونَ فِي ٱلۡأَرۡضِ بِغَيۡرِ ٱلۡحَقِّ وَإِن يَرَوۡاْ كُلَّ ءَايَةٖ لَّا يُؤۡمِنُواْ بِهَا وَإِن يَرَوۡاْ سَبِيلَ ٱلرُّشۡدِ لَا يَتَّخِذُوهُ سَبِيلٗا وَإِن يَرَوۡاْ سَبِيلَ ٱلۡغَيِّ يَتَّخِذُوهُ سَبِيلٗاۚ ذَٰلِكَ بِأَنَّهُمۡ كَذَّبُواْ بِـَٔايَٰتِنَا وَكَانُواْ عَنۡهَا غَٰفِلِينَ","TajweedText":"سَأَصْرِفُ عَنْ ءَايَ<tajweed class=madda_normal>ـٰ</tajweed>تِىَ <tajweed class=ham_wasl>ٱ</tajweed>لَّذِينَ يَتَكَبَّرُونَ فِى <tajweed class=ham_wasl>ٱ</tajweed>لْأَرْضِ بِغَيْرِ <tajweed class=ham_wasl>ٱ</tajweed>لْحَقِّ وَإ<tajweed class=idgham_ghunnah>ِن ي</tajweed>َرَوْ<tajweed class=slnt>اْ</tajweed> كُلَّ ءَايَ<tajweed class=idgham_wo_ghunnah>ةٍ ل</tajweed>َّا يُؤْمِنُو<tajweed class=slnt>اْ</tajweed> بِهَا وَإ<tajweed class=idgham_ghunnah>ِن ي</tajweed>َرَوْ<tajweed class=slnt>اْ</tajweed> سَبِيلَ <tajweed class=ham_wasl>ٱ</tajweed><tajweed class=laam_shamsiyah>ل</tajweed>رُّشْدِ لَا يَتَّخِذُوهُ سَبِيل<tajweed class=idgham_ghunnah>اً و</tajweed>َإ<tajweed class=idgham_ghunnah>ِن ي</tajweed>َرَوْ<tajweed class=slnt>اْ</tajweed> سَبِيلَ <tajweed class=ham_wasl>ٱ</tajweed>لْغَىِّ يَتَّخِذُوهُ سَبِيل<tajweed class=ikhafa>اً‌ۚ ذ</tajweed><tajweed class=madda_normal>َٲ</tajweed>لِكَ بِأَ<tajweed class=ghunnah>نّ</tajweed>َهُمْ كَذَّبُو<tajweed class=slnt>اْ</tajweed> بِـَٔـايَ<tajweed class=madda_normal>ـٰ</tajweed>تِنَا وَكَانُو<tajweed class=slnt>اْ</tajweed> عَنْهَا غَ<tajweed class=madda_normal>ـٰ</tajweed>فِل<tajweed class=madda_permissible>ِي</tajweed>نَ <span class=end>١٤٦</span>","End":"١٤٦","PageNumber":168,"JuzNumber":9,"ManzilNumber":2,"RukuNumber":138,"MaqraNumber":67,"HizbNumber":17,"HizbDecimal":0.5,"HasSajda":false},{"SurahNumber":7,"SurahIndex":"007","VerseNumber":147,"ShowSurahName":false,"ShowBismillah":false,"Text":"وَٱلَّذِينَ كَذَّبُواْ بِـَٔايَٰتِنَا وَلِقَآءِ ٱلۡأٓخِرَةِ حَبِطَتۡ أَعۡمَٰلُهُمۡۚ هَلۡ يُجۡزَوۡنَ إِلَّا مَا كَانُواْ يَعۡمَلُونَ","TajweedText":"وَ<tajweed class=ham_wasl>ٱ</tajweed>لَّذِينَ كَذَّبُو<tajweed class=slnt>اْ</tajweed> بِـَٔـايَ<tajweed class=madda_normal>ـٰ</tajweed>تِنَا وَلِق<tajweed class=madda_obligatory>َا</tajweed>ٓءِ <tajweed class=ham_wasl>ٱ</tajweed>لْأَخِرَةِ حَبِطَتْ أَعْمَ<tajweed class=madda_normal>ـٰ</tajweed>لُهُمْ‌ۚ هَلْ يُ<tajweed class=qalaqah>جْ</tajweed>زَوْنَ إِلَّا مَا كَانُو<tajweed class=slnt>اْ</tajweed> يَعْمَل<tajweed class=madda_permissible>ُو</tajweed>نَ <span class=end>١٤٧</span>","End":"١٤٧","PageNumber":168,"JuzNumber":9,"ManzilNumber":2,"RukuNumber":138,"MaqraNumber":67,"HizbNumber":17,"HizbDecimal":0.5,"HasSajda":false}]}