{"RukuNumber":190,"Verses":[{"SurahNumber":11,"SurahIndex":"011","VerseNumber":84,"ShowSurahName":false,"ShowBismillah":false,"Text":"۞وَإِلَىٰ مَدۡيَنَ أَخَاهُمۡ شُعَيۡبٗاۚ قَالَ يَٰقَوۡمِ ٱعۡبُدُواْ ٱللَّهَ مَا لَكُم مِّنۡ إِلَٰهٍ غَيۡرُهُۥۖ وَلَا تَنقُصُواْ ٱلۡمِكۡيَالَ وَٱلۡمِيزَانَۖ إِنِّيٓ أَرَىٰكُم بِخَيۡرٖ وَإِنِّيٓ أَخَافُ عَلَيۡكُمۡ عَذَابَ يَوۡمٖ مُّحِيطٖ","TajweedText":"۞ وَإِلَىٰ مَ<tajweed class=qalaqah>دْ</tajweed>يَنَ أَخَاهُمْ شُعَيْ<tajweed class=ikhafa>بًا‌ۚ ق</tajweed>َالَ يَ<tajweed class=madda_normal>ـٰ</tajweed>قَوْمِ <tajweed class=ham_wasl>ٱ</tajweed>عْبُدُو<tajweed class=slnt>اْ</tajweed> <tajweed class=ham_wasl>ٱ</tajweed>للَّهَ مَا لَك<tajweed class=idgham_shafawi>ُم م</tajweed>ِّنْ إِلَ<tajweed class=madda_normal>ـٰ</tajweed>هٍ غَيْرُهُ<tajweed class=madda_normal>ۥ</tajweed>‌ۖ وَلَا تَ<tajweed class=ikhafa>نق</tajweed>ُصُو<tajweed class=slnt>اْ</tajweed> <tajweed class=ham_wasl>ٱ</tajweed>لْمِكْيَالَ وَ<tajweed class=ham_wasl>ٱ</tajweed>لْمِيزَانَ‌ۚ إِ<tajweed class=ghunnah>نّ</tajweed><tajweed class=madda_obligatory>ِىٓ</tajweed> أَرَ<tajweed class=madda_normal>ٮٰ</tajweed>ك<tajweed class=ikhafa_shafawi>ُم ب</tajweed>ِخَيْ<tajweed class=idgham_ghunnah>رٍ و</tajweed>َإِ<tajweed class=ghunnah>نّ</tajweed><tajweed class=madda_obligatory>ِىٓ</tajweed> أَخَافُ عَلَيْكُمْ عَذَابَ يَوْ<tajweed class=idgham_ghunnah>مٍ م</tajweed>ُّح<tajweed class=madda_permissible>ِي</tajweed><tajweed class=qalaqah>ط</tajweed>ٍ <span class=end>٨٤</span>","End":"٨٤","PageNumber":231,"JuzNumber":12,"ManzilNumber":3,"RukuNumber":190,"MaqraNumber":93,"HizbNumber":24,"HizbDecimal":0.0,"HasSajda":false},{"SurahNumber":11,"SurahIndex":"011","VerseNumber":85,"ShowSurahName":false,"ShowBismillah":false,"Text":"وَيَٰقَوۡمِ أَوۡفُواْ ٱلۡمِكۡيَالَ وَٱلۡمِيزَانَ بِٱلۡقِسۡطِۖ وَلَا تَبۡخَسُواْ ٱلنَّاسَ أَشۡيَآءَهُمۡ وَلَا تَعۡثَوۡاْ فِي ٱلۡأَرۡضِ مُفۡسِدِينَ","TajweedText":"وَيَ<tajweed class=madda_normal>ـٰ</tajweed>قَوْمِ أَوْفُو<tajweed class=slnt>اْ</tajweed> <tajweed class=ham_wasl>ٱ</tajweed>لْمِكْيَالَ وَ<tajweed class=ham_wasl>ٱ</tajweed>لْمِيزَانَ بِ<tajweed class=ham_wasl>ٱ</tajweed>لْقِسْطِ‌ۖ وَلَا تَ<tajweed class=qalaqah>بْ</tajweed>خَسُو<tajweed class=slnt>اْ</tajweed> <tajweed class=ham_wasl>ٱ</tajweed><tajweed class=laam_shamsiyah>ل</tajweed><tajweed class=ghunnah>نّ</tajweed>َاسَ أَشْي<tajweed class=madda_obligatory>َا</tajweed>ٓءَهُمْ وَلَا تَعْثَوْ<tajweed class=slnt>اْ</tajweed> فِى <tajweed class=ham_wasl>ٱ</tajweed>لْأَرْضِ مُفْسِد<tajweed class=madda_permissible>ِي</tajweed>نَ <span class=end>٨٥</span>","End":"٨٥","PageNumber":231,"JuzNumber":12,"ManzilNumber":3,"RukuNumber":190,"MaqraNumber":93,"HizbNumber":24,"HizbDecimal":0.0,"HasSajda":false},{"SurahNumber":11,"SurahIndex":"011","VerseNumber":86,"ShowSurahName":false,"ShowBismillah":false,"Text":"بَقِيَّتُ ٱللَّهِ خَيۡرٞ لَّكُمۡ إِن كُنتُم مُّؤۡمِنِينَۚ وَمَآ أَنَا۠ عَلَيۡكُم بِحَفِيظٖ","TajweedText":"بَقِيَّتُ <tajweed class=ham_wasl>ٱ</tajweed>للَّهِ خَيْ<tajweed class=idgham_wo_ghunnah>رٌ ل</tajweed>َّكُمْ إِ<tajweed class=ikhafa>ن ك</tajweed>ُ<tajweed class=ikhafa>نت</tajweed><tajweed class=idgham_shafawi>ُم م</tajweed>ُّؤْمِنِينَ‌ۚ وَم<tajweed class=madda_obligatory>َآ</tajweed> أَنَا۟ عَلَيْك<tajweed class=ikhafa_shafawi>ُم ب</tajweed>ِحَف<tajweed class=madda_permissible>ِي</tajweed>ظٍ <span class=end>٨٦</span>","End":"٨٦","PageNumber":231,"JuzNumber":12,"ManzilNumber":3,"RukuNumber":190,"MaqraNumber":93,"HizbNumber":24,"HizbDecimal":0.0,"HasSajda":false},{"SurahNumber":11,"SurahIndex":"011","VerseNumber":87,"ShowSurahName":false,"ShowBismillah":false,"Text":"قَالُواْ يَٰشُعَيۡبُ أَصَلَوٰتُكَ تَأۡمُرُكَ أَن نَّتۡرُكَ مَا يَعۡبُدُ ءَابَآؤُنَآ أَوۡ أَن نَّفۡعَلَ فِيٓ أَمۡوَٰلِنَا مَا نَشَـٰٓؤُاْۖ إِنَّكَ لَأَنتَ ٱلۡحَلِيمُ ٱلرَّشِيدُ","TajweedText":"قَالُو<tajweed class=slnt>اْ</tajweed> يَ<tajweed class=madda_normal>ـٰ</tajweed>شُعَيْبُ أَصَلَ<tajweed class=slnt>و</tajweed><tajweed class=madda_normal>ٲ</tajweed>تُكَ تَأْمُرُكَ أ<tajweed class=idgham_ghunnah>َن ن</tajweed>َّتْرُكَ مَا يَعْبُدُ ءَاب<tajweed class=madda_obligatory>َا</tajweed>ٓؤُن<tajweed class=madda_obligatory>َآ</tajweed> أَوْ أ<tajweed class=idgham_ghunnah>َن ن</tajweed>َّفْعَلَ ف<tajweed class=madda_obligatory>ِىٓ</tajweed> أَمْو<tajweed class=madda_normal>َٲ</tajweed>لِنَا مَا نَشَ<tajweed class=madda_obligatory>ـٰٓ</tajweed>ؤُ<tajweed class=slnt>اْ</tajweed>‌ۖ إِ<tajweed class=ghunnah>نّ</tajweed>َكَ لَأَ<tajweed class=ikhafa>نت</tajweed>َ <tajweed class=ham_wasl>ٱ</tajweed>لْحَلِيمُ <tajweed class=ham_wasl>ٱ</tajweed><tajweed class=laam_shamsiyah>ل</tajweed>رَّش<tajweed class=madda_permissible>ِي</tajweed><tajweed class=qalaqah>د</tajweed>ُ <span class=end>٨٧</span>","End":"٨٧","PageNumber":231,"JuzNumber":12,"ManzilNumber":3,"RukuNumber":190,"MaqraNumber":93,"HizbNumber":24,"HizbDecimal":0.0,"HasSajda":false},{"SurahNumber":11,"SurahIndex":"011","VerseNumber":88,"ShowSurahName":false,"ShowBismillah":false,"Text":"قَالَ يَٰقَوۡمِ أَرَءَيۡتُمۡ إِن كُنتُ عَلَىٰ بَيِّنَةٖ مِّن رَّبِّي وَرَزَقَنِي مِنۡهُ رِزۡقًا حَسَنٗاۚ وَمَآ أُرِيدُ أَنۡ أُخَالِفَكُمۡ إِلَىٰ مَآ أَنۡهَىٰكُمۡ عَنۡهُۚ إِنۡ أُرِيدُ إِلَّا ٱلۡإِصۡلَٰحَ مَا ٱسۡتَطَعۡتُۚ وَمَا تَوۡفِيقِيٓ إِلَّا بِٱللَّهِۚ عَلَيۡهِ تَوَكَّلۡتُ وَإِلَيۡهِ أُنِيبُ","TajweedText":"قَالَ يَ<tajweed class=madda_normal>ـٰ</tajweed>قَوْمِ أَرَءَيْتُمْ إِ<tajweed class=ikhafa>ن ك</tajweed>ُ<tajweed class=ikhafa>نت</tajweed>ُ عَلَىٰ بَيِّنَ<tajweed class=idgham_ghunnah>ةٍ م</tajweed>ّ<tajweed class=idgham_wo_ghunnah>ِن ر</tajweed>َّبِّى وَرَزَقَنِى مِنْهُ رِزْقًا حَسَ<tajweed class=idgham_ghunnah>نًا‌ۚ و</tajweed>َم<tajweed class=madda_obligatory>َآ</tajweed> أُرِيدُ أَنْ أُخَالِفَكُمْ إِلَىٰ م<tajweed class=madda_obligatory>َآ</tajweed> أَنْهَ<tajweed class=madda_normal>ـٰ</tajweed>كُمْ عَنْهُ‌ۚ إِنْ أُرِيدُ إِلَّا <tajweed class=ham_wasl>ٱ</tajweed>لْإِصْلَ<tajweed class=madda_normal>ـٰ</tajweed>حَ مَا <tajweed class=ham_wasl>ٱ</tajweed>سْتَطَعْتُ‌ۚ وَمَا تَوْفِيق<tajweed class=madda_obligatory>ِىٓ</tajweed> إِلَّا بِ<tajweed class=ham_wasl>ٱ</tajweed>للَّهِ‌ۚ عَلَيْهِ تَوَكَّلْتُ وَإِلَيْهِ أُن<tajweed class=madda_permissible>ِي</tajweed><tajweed class=qalaqah>ب</tajweed>ُ <span class=end>٨٨</span>","End":"٨٨","PageNumber":231,"JuzNumber":12,"ManzilNumber":3,"RukuNumber":190,"MaqraNumber":93,"HizbNumber":24,"HizbDecimal":0.0,"HasSajda":false},{"SurahNumber":11,"SurahIndex":"011","VerseNumber":89,"ShowSurahName":false,"ShowBismillah":false,"Text":"وَيَٰقَوۡمِ لَا يَجۡرِمَنَّكُمۡ شِقَاقِيٓ أَن يُصِيبَكُم مِّثۡلُ مَآ أَصَابَ قَوۡمَ نُوحٍ أَوۡ قَوۡمَ هُودٍ أَوۡ قَوۡمَ صَٰلِحٖۚ وَمَا قَوۡمُ لُوطٖ مِّنكُم بِبَعِيدٖ","TajweedText":"وَيَ<tajweed class=madda_normal>ـٰ</tajweed>قَوْمِ لَا يَ<tajweed class=qalaqah>جْ</tajweed>رِمَ<tajweed class=ghunnah>نّ</tajweed>َكُمْ شِقَاق<tajweed class=madda_obligatory>ِىٓ</tajweed> أ<tajweed class=idgham_ghunnah>َن ي</tajweed>ُصِيبَك<tajweed class=idgham_shafawi>ُم م</tajweed>ِّثْلُ م<tajweed class=madda_obligatory>َآ</tajweed> أَصَابَ قَوْمَ نُوحٍ أَوْ قَوْمَ هُودٍ أَوْ قَوْمَ صَ<tajweed class=madda_normal>ـٰ</tajweed>لِ<tajweed class=idgham_ghunnah>حٍ‌ۚ و</tajweed>َمَا قَوْمُ لُو<tajweed class=idgham_ghunnah>طٍ م</tajweed>ِّ<tajweed class=ikhafa>نك</tajweed><tajweed class=ikhafa_shafawi>ُم ب</tajweed>ِبَع<tajweed class=madda_permissible>ِي</tajweed><tajweed class=qalaqah>د</tajweed>ٍ <span class=end>٨٩</span>","End":"٨٩","PageNumber":232,"JuzNumber":12,"ManzilNumber":3,"RukuNumber":190,"MaqraNumber":93,"HizbNumber":24,"HizbDecimal":0.0,"HasSajda":false},{"SurahNumber":11,"SurahIndex":"011","VerseNumber":90,"ShowSurahName":false,"ShowBismillah":false,"Text":"وَٱسۡتَغۡفِرُواْ رَبَّكُمۡ ثُمَّ تُوبُوٓاْ إِلَيۡهِۚ إِنَّ رَبِّي رَحِيمٞ وَدُودٞ","TajweedText":"وَ<tajweed class=ham_wasl>ٱ</tajweed>سْتَغْفِرُو<tajweed class=slnt>اْ</tajweed> رَبَّكُمْ ثُ<tajweed class=ghunnah>مّ</tajweed>َ تُوب<tajweed class=madda_obligatory>ُوٓ</tajweed><tajweed class=slnt>اْ</tajweed> إِلَيْهِ‌ۚ إِ<tajweed class=ghunnah>نّ</tajweed>َ رَبِّى رَحِي<tajweed class=idgham_ghunnah>مٌ و</tajweed>َد<tajweed class=madda_permissible>ُو</tajweed><tajweed class=qalaqah>د</tajweed>ٌ <span class=end>٩٠</span>","End":"٩٠","PageNumber":232,"JuzNumber":12,"ManzilNumber":3,"RukuNumber":190,"MaqraNumber":93,"HizbNumber":24,"HizbDecimal":0.0,"HasSajda":false},{"SurahNumber":11,"SurahIndex":"011","VerseNumber":91,"ShowSurahName":false,"ShowBismillah":false,"Text":"قَالُواْ يَٰشُعَيۡبُ مَا نَفۡقَهُ كَثِيرٗا مِّمَّا تَقُولُ وَإِنَّا لَنَرَىٰكَ فِينَا ضَعِيفٗاۖ وَلَوۡلَا رَهۡطُكَ لَرَجَمۡنَٰكَۖ وَمَآ أَنتَ عَلَيۡنَا بِعَزِيزٖ","TajweedText":"قَالُو<tajweed class=slnt>اْ</tajweed> يَ<tajweed class=madda_normal>ـٰ</tajweed>شُعَيْبُ مَا نَفْقَهُ كَثِي<tajweed class=idgham_ghunnah>رًا م</tajweed>ِّ<tajweed class=ghunnah>مّ</tajweed>َا تَقُولُ وَإِ<tajweed class=ghunnah>نّ</tajweed>َا لَنَرَ<tajweed class=madda_normal>ٮٰ</tajweed>كَ فِينَا ضَعِي<tajweed class=idgham_ghunnah>فًا‌ۖ و</tajweed>َلَوْلَا رَهْطُكَ لَرَجَمْنَ<tajweed class=madda_normal>ـٰ</tajweed>كَ‌ۖ وَم<tajweed class=madda_obligatory>َآ</tajweed> أَ<tajweed class=ikhafa>نت</tajweed>َ عَلَيْنَا بِعَز<tajweed class=madda_permissible>ِي</tajweed>زٍ <span class=end>٩١</span>","End":"٩١","PageNumber":232,"JuzNumber":12,"ManzilNumber":3,"RukuNumber":190,"MaqraNumber":93,"HizbNumber":24,"HizbDecimal":0.0,"HasSajda":false},{"SurahNumber":11,"SurahIndex":"011","VerseNumber":92,"ShowSurahName":false,"ShowBismillah":false,"Text":"قَالَ يَٰقَوۡمِ أَرَهۡطِيٓ أَعَزُّ عَلَيۡكُم مِّنَ ٱللَّهِ وَٱتَّخَذۡتُمُوهُ وَرَآءَكُمۡ ظِهۡرِيًّاۖ إِنَّ رَبِّي بِمَا تَعۡمَلُونَ مُحِيطٞ","TajweedText":"قَالَ يَ<tajweed class=madda_normal>ـٰ</tajweed>قَوْمِ أَرَهْط<tajweed class=madda_obligatory>ِىٓ</tajweed> أَعَزُّ عَلَيْك<tajweed class=idgham_shafawi>ُم م</tajweed>ِّنَ <tajweed class=ham_wasl>ٱ</tajweed>للَّهِ وَ<tajweed class=ham_wasl>ٱ</tajweed>تَّخَذْتُمُوهُ وَر<tajweed class=madda_obligatory>َا</tajweed>ٓءَكُمْ ظِهْرِيًّا‌ۖ إِ<tajweed class=ghunnah>نّ</tajweed>َ رَبِّى بِمَا تَعْمَلُونَ مُح<tajweed class=madda_permissible>ِي</tajweed><tajweed class=qalaqah>ط</tajweed>ٌ <span class=end>٩٢</span>","End":"٩٢","PageNumber":232,"JuzNumber":12,"ManzilNumber":3,"RukuNumber":190,"MaqraNumber":93,"HizbNumber":24,"HizbDecimal":0.0,"HasSajda":false},{"SurahNumber":11,"SurahIndex":"011","VerseNumber":93,"ShowSurahName":false,"ShowBismillah":false,"Text":"وَيَٰقَوۡمِ ٱعۡمَلُواْ عَلَىٰ مَكَانَتِكُمۡ إِنِّي عَٰمِلٞۖ سَوۡفَ تَعۡلَمُونَ مَن يَأۡتِيهِ عَذَابٞ يُخۡزِيهِ وَمَنۡ هُوَ كَٰذِبٞۖ وَٱرۡتَقِبُوٓاْ إِنِّي مَعَكُمۡ رَقِيبٞ","TajweedText":"وَيَ<tajweed class=madda_normal>ـٰ</tajweed>قَوْمِ <tajweed class=ham_wasl>ٱ</tajweed>عْمَلُو<tajweed class=slnt>اْ</tajweed> عَلَىٰ مَكَانَتِكُمْ إِ<tajweed class=ghunnah>نّ</tajweed>ِى عَ<tajweed class=madda_normal>ـٰ</tajweed>مِ<tajweed class=ikhafa>لٌ‌ۖ س</tajweed>َوْفَ تَعْلَمُونَ م<tajweed class=idgham_ghunnah>َن ي</tajweed>َأْتِيهِ عَذَا<tajweed class=idgham_ghunnah>بٌ ي</tajweed>ُخْزِيهِ وَمَنْ هُوَ كَ<tajweed class=madda_normal>ـٰ</tajweed>ذِ<tajweed class=idgham_ghunnah>بٌ‌ۖ و</tajweed>َ<tajweed class=ham_wasl>ٱ</tajweed>رْتَقِب<tajweed class=madda_obligatory>ُوٓ</tajweed><tajweed class=slnt>اْ</tajweed> إِ<tajweed class=ghunnah>نّ</tajweed>ِى مَعَكُمْ رَق<tajweed class=madda_permissible>ِي</tajweed><tajweed class=qalaqah>ب</tajweed>ٌ <span class=end>٩٣</span>","End":"٩٣","PageNumber":232,"JuzNumber":12,"ManzilNumber":3,"RukuNumber":190,"MaqraNumber":93,"HizbNumber":24,"HizbDecimal":0.0,"HasSajda":false},{"SurahNumber":11,"SurahIndex":"011","VerseNumber":94,"ShowSurahName":false,"ShowBismillah":false,"Text":"وَلَمَّا جَآءَ أَمۡرُنَا نَجَّيۡنَا شُعَيۡبٗا وَٱلَّذِينَ ءَامَنُواْ مَعَهُۥ بِرَحۡمَةٖ مِّنَّا وَأَخَذَتِ ٱلَّذِينَ ظَلَمُواْ ٱلصَّيۡحَةُ فَأَصۡبَحُواْ فِي دِيَٰرِهِمۡ جَٰثِمِينَ","TajweedText":"وَلَ<tajweed class=ghunnah>مّ</tajweed>َا ج<tajweed class=madda_obligatory>َا</tajweed>ٓءَ أَمْرُنَا نَجَّيْنَا شُعَيْ<tajweed class=idgham_ghunnah>بًا و</tajweed>َ<tajweed class=ham_wasl>ٱ</tajweed>لَّذِينَ ءَامَنُو<tajweed class=slnt>اْ</tajweed> مَعَهُ<tajweed class=madda_normal>ۥ</tajweed> بِرَحْمَ<tajweed class=idgham_ghunnah>ةٍ م</tajweed>ِّ<tajweed class=ghunnah>نّ</tajweed>َا وَأَخَذَتِ <tajweed class=ham_wasl>ٱ</tajweed>لَّذِينَ ظَلَمُو<tajweed class=slnt>اْ</tajweed> <tajweed class=ham_wasl>ٱ</tajweed><tajweed class=laam_shamsiyah>ل</tajweed>صَّيْحَةُ فَأَصْبَحُو<tajweed class=slnt>اْ</tajweed> فِى دِيَ<tajweed class=madda_normal>ـٰ</tajweed>رِهِمْ جَ<tajweed class=madda_normal>ـٰ</tajweed>ثِم<tajweed class=madda_permissible>ِي</tajweed>نَ <span class=end>٩٤</span>","End":"٩٤","PageNumber":232,"JuzNumber":12,"ManzilNumber":3,"RukuNumber":190,"MaqraNumber":93,"HizbNumber":24,"HizbDecimal":0.0,"HasSajda":false},{"SurahNumber":11,"SurahIndex":"011","VerseNumber":95,"ShowSurahName":false,"ShowBismillah":false,"Text":"كَأَن لَّمۡ يَغۡنَوۡاْ فِيهَآۗ أَلَا بُعۡدٗا لِّمَدۡيَنَ كَمَا بَعِدَتۡ ثَمُودُ","TajweedText":"كَأ<tajweed class=idgham_wo_ghunnah>َن ل</tajweed>َّمْ يَغْنَوْ<tajweed class=slnt>اْ</tajweed> فِيه<tajweed class=madda_obligatory>َآ‌ۗ</tajweed> أَلَا بُعْ<tajweed class=idgham_wo_ghunnah>دًا ل</tajweed>ِّمَ<tajweed class=qalaqah>دْ</tajweed>يَنَ كَمَا بَعِدَتْ ثَم<tajweed class=madda_permissible>ُو</tajweed><tajweed class=qalaqah>د</tajweed>ُ <span class=end>٩٥</span>","End":"٩٥","PageNumber":232,"JuzNumber":12,"ManzilNumber":3,"RukuNumber":190,"MaqraNumber":93,"HizbNumber":24,"HizbDecimal":0.0,"HasSajda":false}]}