{"RukuNumber":198,"Verses":[{"SurahNumber":12,"SurahIndex":"012","VerseNumber":43,"ShowSurahName":false,"ShowBismillah":false,"Text":"وَقَالَ ٱلۡمَلِكُ إِنِّيٓ أَرَىٰ سَبۡعَ بَقَرَٰتٖ سِمَانٖ يَأۡكُلُهُنَّ سَبۡعٌ عِجَافٞ وَسَبۡعَ سُنۢبُلَٰتٍ خُضۡرٖ وَأُخَرَ يَابِسَٰتٖۖ يَـٰٓأَيُّهَا ٱلۡمَلَأُ أَفۡتُونِي فِي رُءۡيَٰيَ إِن كُنتُمۡ لِلرُّءۡيَا تَعۡبُرُونَ","TajweedText":"وَقَالَ <tajweed class=ham_wasl>ٱ</tajweed>لْمَلِكُ إِ<tajweed class=ghunnah>نّ</tajweed><tajweed class=madda_obligatory>ِىٓ</tajweed> أَرَىٰ سَ<tajweed class=qalaqah>بْ</tajweed>عَ بَقَر<tajweed class=madda_normal>َٲ</tajweed><tajweed class=ikhafa>تٍ س</tajweed>ِمَا<tajweed class=idgham_ghunnah>نٍ ي</tajweed>َأْكُلُهُ<tajweed class=ghunnah>نّ</tajweed>َ سَ<tajweed class=qalaqah>بْ</tajweed>عٌ عِجَا<tajweed class=idgham_ghunnah>فٌ و</tajweed>َسَ<tajweed class=qalaqah>بْ</tajweed>عَ سُ<tajweed class=iqlab>نۢب</tajweed>ُلَ<tajweed class=madda_normal>ـٰ</tajweed>تٍ خُضْ<tajweed class=idgham_ghunnah>رٍ و</tajweed>َأُخَرَ يَابِسَ<tajweed class=madda_normal>ـٰ</tajweed><tajweed class=idgham_ghunnah>تٍ‌ۖ ي</tajweed>َ<tajweed class=madda_obligatory>ـٰٓ</tajweed>أَيُّهَا <tajweed class=ham_wasl>ٱ</tajweed>لْمَلَأُ أَفْتُونِى فِى رُءْيَ<tajweed class=madda_normal>ـٰ</tajweed>ىَ إِ<tajweed class=ikhafa>ن ك</tajweed>ُ<tajweed class=ikhafa>نت</tajweed>ُمْ لِلرُّءْيَا تَعْبُر<tajweed class=madda_permissible>ُو</tajweed>نَ <span class=end>٤٣</span>","End":"٤٣","PageNumber":240,"JuzNumber":12,"ManzilNumber":3,"RukuNumber":198,"MaqraNumber":96,"HizbNumber":24,"HizbDecimal":0.75,"HasSajda":false},{"SurahNumber":12,"SurahIndex":"012","VerseNumber":44,"ShowSurahName":false,"ShowBismillah":false,"Text":"قَالُوٓاْ أَضۡغَٰثُ أَحۡلَٰمٖۖ وَمَا نَحۡنُ بِتَأۡوِيلِ ٱلۡأَحۡلَٰمِ بِعَٰلِمِينَ","TajweedText":"قَال<tajweed class=madda_obligatory>ُوٓ</tajweed><tajweed class=slnt>اْ</tajweed> أَضْغَ<tajweed class=madda_normal>ـٰ</tajweed>ثُ أَحْلَ<tajweed class=madda_normal>ـٰ</tajweed><tajweed class=idgham_ghunnah>مٍ‌ۖ و</tajweed>َمَا نَحْنُ بِتَأْوِيلِ <tajweed class=ham_wasl>ٱ</tajweed>لْأَحْلَ<tajweed class=madda_normal>ـٰ</tajweed>مِ بِعَ<tajweed class=madda_normal>ـٰ</tajweed>لِم<tajweed class=madda_permissible>ِي</tajweed>نَ <span class=end>٤٤</span>","End":"٤٤","PageNumber":241,"JuzNumber":12,"ManzilNumber":3,"RukuNumber":198,"MaqraNumber":96,"HizbNumber":24,"HizbDecimal":0.75,"HasSajda":false},{"SurahNumber":12,"SurahIndex":"012","VerseNumber":45,"ShowSurahName":false,"ShowBismillah":false,"Text":"وَقَالَ ٱلَّذِي نَجَا مِنۡهُمَا وَٱدَّكَرَ بَعۡدَ أُمَّةٍ أَنَا۠ أُنَبِّئُكُم بِتَأۡوِيلِهِۦ فَأَرۡسِلُونِ","TajweedText":"وَقَالَ <tajweed class=ham_wasl>ٱ</tajweed>لَّذِى نَجَا مِنْهُمَا وَ<tajweed class=ham_wasl>ٱ</tajweed>دَّكَرَ بَعْدَ أُ<tajweed class=ghunnah>مّ</tajweed>َةٍ أَنَا۟ أُنَبِّئُك<tajweed class=ikhafa_shafawi>ُم ب</tajweed>ِتَأْوِيلِه<tajweed class=madda_normal>ِۦ</tajweed> فَأَرْسِل<tajweed class=madda_permissible>ُو</tajweed>نِ <span class=end>٤٥</span>","End":"٤٥","PageNumber":241,"JuzNumber":12,"ManzilNumber":3,"RukuNumber":198,"MaqraNumber":96,"HizbNumber":24,"HizbDecimal":0.75,"HasSajda":false},{"SurahNumber":12,"SurahIndex":"012","VerseNumber":46,"ShowSurahName":false,"ShowBismillah":false,"Text":"يُوسُفُ أَيُّهَا ٱلصِّدِّيقُ أَفۡتِنَا فِي سَبۡعِ بَقَرَٰتٖ سِمَانٖ يَأۡكُلُهُنَّ سَبۡعٌ عِجَافٞ وَسَبۡعِ سُنۢبُلَٰتٍ خُضۡرٖ وَأُخَرَ يَابِسَٰتٖ لَّعَلِّيٓ أَرۡجِعُ إِلَى ٱلنَّاسِ لَعَلَّهُمۡ يَعۡلَمُونَ","TajweedText":"يُوسُفُ أَيُّهَا <tajweed class=ham_wasl>ٱ</tajweed><tajweed class=laam_shamsiyah>ل</tajweed>صِّدِّيقُ أَفْتِنَا فِى سَ<tajweed class=qalaqah>بْ</tajweed>عِ بَقَر<tajweed class=madda_normal>َٲ</tajweed><tajweed class=ikhafa>تٍ س</tajweed>ِمَا<tajweed class=idgham_ghunnah>نٍ ي</tajweed>َأْكُلُهُ<tajweed class=ghunnah>نّ</tajweed>َ سَ<tajweed class=qalaqah>بْ</tajweed>عٌ عِجَا<tajweed class=idgham_ghunnah>فٌ و</tajweed>َسَ<tajweed class=qalaqah>بْ</tajweed>عِ سُ<tajweed class=iqlab>نۢب</tajweed>ُلَ<tajweed class=madda_normal>ـٰ</tajweed>تٍ خُضْ<tajweed class=idgham_ghunnah>رٍ و</tajweed>َأُخَرَ يَابِسَ<tajweed class=madda_normal>ـٰ</tajweed><tajweed class=idgham_wo_ghunnah>تٍ ل</tajweed>َّعَلّ<tajweed class=madda_obligatory>ِىٓ</tajweed> أَرْجِعُ إِلَى <tajweed class=ham_wasl>ٱ</tajweed><tajweed class=laam_shamsiyah>ل</tajweed><tajweed class=ghunnah>نّ</tajweed>َاسِ لَعَلَّهُمْ يَعْلَم<tajweed class=madda_permissible>ُو</tajweed>نَ <span class=end>٤٦</span>","End":"٤٦","PageNumber":241,"JuzNumber":12,"ManzilNumber":3,"RukuNumber":198,"MaqraNumber":96,"HizbNumber":24,"HizbDecimal":0.75,"HasSajda":false},{"SurahNumber":12,"SurahIndex":"012","VerseNumber":47,"ShowSurahName":false,"ShowBismillah":false,"Text":"قَالَ تَزۡرَعُونَ سَبۡعَ سِنِينَ دَأَبٗا فَمَا حَصَدتُّمۡ فَذَرُوهُ فِي سُنۢبُلِهِۦٓ إِلَّا قَلِيلٗا مِّمَّا تَأۡكُلُونَ","TajweedText":"قَالَ تَزْرَعُونَ سَ<tajweed class=qalaqah>بْ</tajweed>عَ سِنِينَ دَأَ<tajweed class=ikhafa>بًا ف</tajweed>َمَا حَصَ<tajweed class=idgham_mutajanisayn>د</tajweed>تُّمْ فَذَرُوهُ فِى سُ<tajweed class=iqlab>نۢب</tajweed>ُلِه<tajweed class=madda_obligatory>ِۦٓ</tajweed> إِلَّا قَلِيل<tajweed class=idgham_ghunnah>اً م</tajweed>ِّ<tajweed class=ghunnah>مّ</tajweed>َا تَأْكُل<tajweed class=madda_permissible>ُو</tajweed>نَ <span class=end>٤٧</span>","End":"٤٧","PageNumber":241,"JuzNumber":12,"ManzilNumber":3,"RukuNumber":198,"MaqraNumber":96,"HizbNumber":24,"HizbDecimal":0.75,"HasSajda":false},{"SurahNumber":12,"SurahIndex":"012","VerseNumber":48,"ShowSurahName":false,"ShowBismillah":false,"Text":"ثُمَّ يَأۡتِي مِنۢ بَعۡدِ ذَٰلِكَ سَبۡعٞ شِدَادٞ يَأۡكُلۡنَ مَا قَدَّمۡتُمۡ لَهُنَّ إِلَّا قَلِيلٗا مِّمَّا تُحۡصِنُونَ","TajweedText":"ثُ<tajweed class=ghunnah>مّ</tajweed>َ يَأْتِى م<tajweed class=iqlab>ِنۢ ب</tajweed>َعْدِ ذ<tajweed class=madda_normal>َٲ</tajweed>لِكَ سَ<tajweed class=qalaqah>بْ</tajweed><tajweed class=ikhafa>عٌ ش</tajweed>ِدَا<tajweed class=idgham_ghunnah>دٌ ي</tajweed>َأْكُلْنَ مَا قَدَّمْتُمْ لَهُ<tajweed class=ghunnah>نّ</tajweed>َ إِلَّا قَلِيل<tajweed class=idgham_ghunnah>اً م</tajweed>ِّ<tajweed class=ghunnah>مّ</tajweed>َا تُحْصِن<tajweed class=madda_permissible>ُو</tajweed>نَ <span class=end>٤٨</span>","End":"٤٨","PageNumber":241,"JuzNumber":12,"ManzilNumber":3,"RukuNumber":198,"MaqraNumber":96,"HizbNumber":24,"HizbDecimal":0.75,"HasSajda":false},{"SurahNumber":12,"SurahIndex":"012","VerseNumber":49,"ShowSurahName":false,"ShowBismillah":false,"Text":"ثُمَّ يَأۡتِي مِنۢ بَعۡدِ ذَٰلِكَ عَامٞ فِيهِ يُغَاثُ ٱلنَّاسُ وَفِيهِ يَعۡصِرُونَ","TajweedText":"ثُ<tajweed class=ghunnah>مّ</tajweed>َ يَأْتِى م<tajweed class=iqlab>ِنۢ ب</tajweed>َعْدِ ذ<tajweed class=madda_normal>َٲ</tajweed>لِكَ عَا<tajweed class=ikhafa>مٌ ف</tajweed>ِيهِ يُغَاثُ <tajweed class=ham_wasl>ٱ</tajweed><tajweed class=laam_shamsiyah>ل</tajweed><tajweed class=ghunnah>نّ</tajweed>َاسُ وَفِيهِ يَعْصِر<tajweed class=madda_permissible>ُو</tajweed>نَ <span class=end>٤٩</span>","End":"٤٩","PageNumber":241,"JuzNumber":12,"ManzilNumber":3,"RukuNumber":198,"MaqraNumber":96,"HizbNumber":24,"HizbDecimal":0.75,"HasSajda":false}]}