{"RukuNumber":160,"Verses":[{"SurahNumber":9,"SurahIndex":"009","VerseNumber":30,"ShowSurahName":false,"ShowBismillah":false,"Text":"وَقَالَتِ ٱلۡيَهُودُ عُزَيۡرٌ ٱبۡنُ ٱللَّهِ وَقَالَتِ ٱلنَّصَٰرَى ٱلۡمَسِيحُ ٱبۡنُ ٱللَّهِۖ ذَٰلِكَ قَوۡلُهُم بِأَفۡوَٰهِهِمۡۖ يُضَٰهِـُٔونَ قَوۡلَ ٱلَّذِينَ كَفَرُواْ مِن قَبۡلُۚ قَٰتَلَهُمُ ٱللَّهُۖ أَنَّىٰ يُؤۡفَكُونَ","TajweedText":"وَقَالَتِ <tajweed class=ham_wasl>ٱ</tajweed>لْيَهُودُ عُزَيْرٌ <tajweed class=ham_wasl>ٱ</tajweed><tajweed class=qalaqah>بْ</tajweed>نُ <tajweed class=ham_wasl>ٱ</tajweed>للَّهِ وَقَالَتِ <tajweed class=ham_wasl>ٱ</tajweed><tajweed class=laam_shamsiyah>ل</tajweed><tajweed class=ghunnah>نّ</tajweed>َصَ<tajweed class=madda_normal>ـٰ</tajweed>رَى <tajweed class=ham_wasl>ٱ</tajweed>لْمَسِيحُ <tajweed class=ham_wasl>ٱ</tajweed><tajweed class=qalaqah>بْ</tajweed>نُ <tajweed class=ham_wasl>ٱ</tajweed>للَّهِ‌ۖ ذ<tajweed class=madda_normal>َٲ</tajweed>لِكَ قَوْلُه<tajweed class=ikhafa_shafawi>ُم ب</tajweed>ِأَفْو<tajweed class=madda_normal>َٲ</tajweed>هِهِمْ‌ۖ يُضَ<tajweed class=madda_normal>ـٰ</tajweed>هِــُٔونَ قَوْلَ <tajweed class=ham_wasl>ٱ</tajweed>لَّذِينَ كَفَرُو<tajweed class=slnt>اْ</tajweed> مِ<tajweed class=ikhafa>ن ق</tajweed>َ<tajweed class=qalaqah>بْ</tajweed>لُ‌ۚ قَ<tajweed class=madda_normal>ـٰ</tajweed>تَلَهُمُ <tajweed class=ham_wasl>ٱ</tajweed>للَّهُ‌ۚ أَ<tajweed class=ghunnah>نّ</tajweed>َىٰ يُؤْفَك<tajweed class=madda_permissible>ُو</tajweed>نَ <span class=end>٣٠</span>","End":"٣٠","PageNumber":191,"JuzNumber":10,"ManzilNumber":2,"RukuNumber":160,"MaqraNumber":76,"HizbNumber":19,"HizbDecimal":0.75,"HasSajda":false},{"SurahNumber":9,"SurahIndex":"009","VerseNumber":31,"ShowSurahName":false,"ShowBismillah":false,"Text":"ٱتَّخَذُوٓاْ أَحۡبَارَهُمۡ وَرُهۡبَٰنَهُمۡ أَرۡبَابٗا مِّن دُونِ ٱللَّهِ وَٱلۡمَسِيحَ ٱبۡنَ مَرۡيَمَ وَمَآ أُمِرُوٓاْ إِلَّا لِيَعۡبُدُوٓاْ إِلَٰهٗا وَٰحِدٗاۖ لَّآ إِلَٰهَ إِلَّا هُوَۚ سُبۡحَٰنَهُۥ عَمَّا يُشۡرِكُونَ","TajweedText":"ٱتَّخَذ<tajweed class=madda_obligatory>ُوٓ</tajweed><tajweed class=slnt>اْ</tajweed> أَحْبَارَهُمْ وَرُهْبَ<tajweed class=madda_normal>ـٰ</tajweed>نَهُمْ أَرْبَا<tajweed class=idgham_ghunnah>بًا م</tajweed>ِّ<tajweed class=ikhafa>ن د</tajweed>ُونِ <tajweed class=ham_wasl>ٱ</tajweed>للَّهِ وَ<tajweed class=ham_wasl>ٱ</tajweed>لْمَسِيحَ <tajweed class=ham_wasl>ٱ</tajweed><tajweed class=qalaqah>بْ</tajweed>نَ مَرْيَمَ وَم<tajweed class=madda_obligatory>َآ</tajweed> أُمِر<tajweed class=madda_obligatory>ُوٓ</tajweed><tajweed class=slnt>اْ</tajweed> إِلَّا لِيَعْبُد<tajweed class=madda_obligatory>ُوٓ</tajweed><tajweed class=slnt>اْ</tajweed> إِلَ<tajweed class=madda_normal>ـٰ</tajweed><tajweed class=idgham_ghunnah>هًا و</tajweed><tajweed class=madda_normal>َٲ</tajweed>حِ<tajweed class=idgham_wo_ghunnah>دًا‌ۖ ل</tajweed>ّ<tajweed class=madda_obligatory>َآ</tajweed> إِلَ<tajweed class=madda_normal>ـٰ</tajweed>هَ إِلَّا هُوَ‌ۚ سُ<tajweed class=qalaqah>بْ</tajweed>حَ<tajweed class=madda_normal>ـٰ</tajweed>نَهُ<tajweed class=madda_normal>ۥ</tajweed> عَ<tajweed class=ghunnah>مّ</tajweed>َا يُشْرِك<tajweed class=madda_permissible>ُو</tajweed>نَ <span class=end>٣١</span>","End":"٣١","PageNumber":191,"JuzNumber":10,"ManzilNumber":2,"RukuNumber":160,"MaqraNumber":76,"HizbNumber":19,"HizbDecimal":0.75,"HasSajda":false},{"SurahNumber":9,"SurahIndex":"009","VerseNumber":32,"ShowSurahName":false,"ShowBismillah":false,"Text":"يُرِيدُونَ أَن يُطۡفِـُٔواْ نُورَ ٱللَّهِ بِأَفۡوَٰهِهِمۡ وَيَأۡبَى ٱللَّهُ إِلَّآ أَن يُتِمَّ نُورَهُۥ وَلَوۡ كَرِهَ ٱلۡكَٰفِرُونَ","TajweedText":"يُرِيدُونَ أ<tajweed class=idgham_ghunnah>َن ي</tajweed>ُ<tajweed class=qalaqah>طْ</tajweed>فِــُٔو<tajweed class=slnt>اْ</tajweed> نُورَ <tajweed class=ham_wasl>ٱ</tajweed>للَّهِ بِأَفْو<tajweed class=madda_normal>َٲ</tajweed>هِهِمْ وَيَأْبَى <tajweed class=ham_wasl>ٱ</tajweed>للَّهُ إِلّ<tajweed class=madda_obligatory>َآ</tajweed> أ<tajweed class=idgham_ghunnah>َن ي</tajweed>ُتِ<tajweed class=ghunnah>مّ</tajweed>َ نُورَهُ<tajweed class=madda_normal>ۥ</tajweed> وَلَوْ كَرِهَ <tajweed class=ham_wasl>ٱ</tajweed>لْكَ<tajweed class=madda_normal>ـٰ</tajweed>فِر<tajweed class=madda_permissible>ُو</tajweed>نَ <span class=end>٣٢</span>","End":"٣٢","PageNumber":192,"JuzNumber":10,"ManzilNumber":2,"RukuNumber":160,"MaqraNumber":76,"HizbNumber":19,"HizbDecimal":0.75,"HasSajda":false},{"SurahNumber":9,"SurahIndex":"009","VerseNumber":33,"ShowSurahName":false,"ShowBismillah":false,"Text":"هُوَ ٱلَّذِيٓ أَرۡسَلَ رَسُولَهُۥ بِٱلۡهُدَىٰ وَدِينِ ٱلۡحَقِّ لِيُظۡهِرَهُۥ عَلَى ٱلدِّينِ كُلِّهِۦ وَلَوۡ كَرِهَ ٱلۡمُشۡرِكُونَ","TajweedText":"هُوَ <tajweed class=ham_wasl>ٱ</tajweed>لَّذ<tajweed class=madda_obligatory>ِىٓ</tajweed> أَرْسَلَ رَسُولَهُ<tajweed class=madda_normal>ۥ</tajweed> بِ<tajweed class=ham_wasl>ٱ</tajweed>لْهُدَىٰ وَدِينِ <tajweed class=ham_wasl>ٱ</tajweed>لْحَقِّ لِيُظْهِرَهُ<tajweed class=madda_normal>ۥ</tajweed> عَلَى <tajweed class=ham_wasl>ٱ</tajweed><tajweed class=laam_shamsiyah>ل</tajweed>دِّينِ كُلِّه<tajweed class=madda_normal>ِۦ</tajweed> وَلَوْ كَرِهَ <tajweed class=ham_wasl>ٱ</tajweed>لْمُشْرِك<tajweed class=madda_permissible>ُو</tajweed>نَ <span class=end>٣٣</span>","End":"٣٣","PageNumber":192,"JuzNumber":10,"ManzilNumber":2,"RukuNumber":160,"MaqraNumber":76,"HizbNumber":19,"HizbDecimal":0.75,"HasSajda":false},{"SurahNumber":9,"SurahIndex":"009","VerseNumber":34,"ShowSurahName":false,"ShowBismillah":false,"Text":"۞يَـٰٓأَيُّهَا ٱلَّذِينَ ءَامَنُوٓاْ إِنَّ كَثِيرٗا مِّنَ ٱلۡأَحۡبَارِ وَٱلرُّهۡبَانِ لَيَأۡكُلُونَ أَمۡوَٰلَ ٱلنَّاسِ بِٱلۡبَٰطِلِ وَيَصُدُّونَ عَن سَبِيلِ ٱللَّهِۗ وَٱلَّذِينَ يَكۡنِزُونَ ٱلذَّهَبَ وَٱلۡفِضَّةَ وَلَا يُنفِقُونَهَا فِي سَبِيلِ ٱللَّهِ فَبَشِّرۡهُم بِعَذَابٍ أَلِيمٖ","TajweedText":"۞ يَ<tajweed class=madda_obligatory>ـٰٓ</tajweed>أَيُّهَا <tajweed class=ham_wasl>ٱ</tajweed>لَّذِينَ ءَامَن<tajweed class=madda_obligatory>ُوٓ</tajweed><tajweed class=slnt>اْ</tajweed> إِ<tajweed class=ghunnah>نّ</tajweed>َ كَثِي<tajweed class=idgham_ghunnah>رًا م</tajweed>ِّنَ <tajweed class=ham_wasl>ٱ</tajweed>لْأَحْبَارِ وَ<tajweed class=ham_wasl>ٱ</tajweed><tajweed class=laam_shamsiyah>ل</tajweed>رُّهْبَانِ لَيَأْكُلُونَ أَمْو<tajweed class=madda_normal>َٲ</tajweed>لَ <tajweed class=ham_wasl>ٱ</tajweed><tajweed class=laam_shamsiyah>ل</tajweed><tajweed class=ghunnah>نّ</tajweed>َاسِ بِ<tajweed class=ham_wasl>ٱ</tajweed>لْبَ<tajweed class=madda_normal>ـٰ</tajweed>طِلِ وَيَصُدُّونَ عَ<tajweed class=ikhafa>ن س</tajweed>َبِيلِ <tajweed class=ham_wasl>ٱ</tajweed>للَّهِ‌ۗ وَ<tajweed class=ham_wasl>ٱ</tajweed>لَّذِينَ يَكْنِزُونَ <tajweed class=ham_wasl>ٱ</tajweed><tajweed class=laam_shamsiyah>ل</tajweed>ذَّهَبَ وَ<tajweed class=ham_wasl>ٱ</tajweed>لْفِضَّةَ وَلَا يُ<tajweed class=ikhafa>نف</tajweed>ِقُونَهَا فِى سَبِيلِ <tajweed class=ham_wasl>ٱ</tajweed>للَّهِ فَبَشِّرْه<tajweed class=ikhafa_shafawi>ُم ب</tajweed>ِعَذَابٍ أَل<tajweed class=madda_permissible>ِي</tajweed>مٍ <span class=end>٣٤</span>","End":"٣٤","PageNumber":192,"JuzNumber":10,"ManzilNumber":2,"RukuNumber":160,"MaqraNumber":77,"HizbNumber":20,"HizbDecimal":0.0,"HasSajda":false},{"SurahNumber":9,"SurahIndex":"009","VerseNumber":35,"ShowSurahName":false,"ShowBismillah":false,"Text":"يَوۡمَ يُحۡمَىٰ عَلَيۡهَا فِي نَارِ جَهَنَّمَ فَتُكۡوَىٰ بِهَا جِبَاهُهُمۡ وَجُنُوبُهُمۡ وَظُهُورُهُمۡۖ هَٰذَا مَا كَنَزۡتُمۡ لِأَنفُسِكُمۡ فَذُوقُواْ مَا كُنتُمۡ تَكۡنِزُونَ","TajweedText":"يَوْمَ يُحْمَىٰ عَلَيْهَا فِى نَارِ جَهَ<tajweed class=ghunnah>نّ</tajweed>َمَ فَتُكْوَىٰ بِهَا جِبَاهُهُمْ وَجُنُوبُهُمْ وَظُهُورُهُمْ‌ۖ هَ<tajweed class=madda_normal>ـٰ</tajweed>ذَا مَا كَنَزْتُمْ لِأَ<tajweed class=ikhafa>نف</tajweed>ُسِكُمْ فَذُوقُو<tajweed class=slnt>اْ</tajweed> مَا كُ<tajweed class=ikhafa>نت</tajweed>ُمْ تَكْنِز<tajweed class=madda_permissible>ُو</tajweed>نَ <span class=end>٣٥</span>","End":"٣٥","PageNumber":192,"JuzNumber":10,"ManzilNumber":2,"RukuNumber":160,"MaqraNumber":77,"HizbNumber":20,"HizbDecimal":0.0,"HasSajda":false},{"SurahNumber":9,"SurahIndex":"009","VerseNumber":36,"ShowSurahName":false,"ShowBismillah":false,"Text":"إِنَّ عِدَّةَ ٱلشُّهُورِ عِندَ ٱللَّهِ ٱثۡنَا عَشَرَ شَهۡرٗا فِي كِتَٰبِ ٱللَّهِ يَوۡمَ خَلَقَ ٱلسَّمَٰوَٰتِ وَٱلۡأَرۡضَ مِنۡهَآ أَرۡبَعَةٌ حُرُمٞۚ ذَٰلِكَ ٱلدِّينُ ٱلۡقَيِّمُۚ فَلَا تَظۡلِمُواْ فِيهِنَّ أَنفُسَكُمۡۚ وَقَٰتِلُواْ ٱلۡمُشۡرِكِينَ كَآفَّةٗ كَمَا يُقَٰتِلُونَكُمۡ كَآفَّةٗۚ وَٱعۡلَمُوٓاْ أَنَّ ٱللَّهَ مَعَ ٱلۡمُتَّقِينَ","TajweedText":"إِ<tajweed class=ghunnah>نّ</tajweed>َ عِدَّةَ <tajweed class=ham_wasl>ٱ</tajweed><tajweed class=laam_shamsiyah>ل</tajweed>شُّهُورِ عِ<tajweed class=ikhafa>ند</tajweed>َ <tajweed class=ham_wasl>ٱ</tajweed>للَّهِ <tajweed class=ham_wasl>ٱ</tajweed>ثْنَا عَشَرَ شَهْ<tajweed class=ikhafa>رًا ف</tajweed>ِى كِتَ<tajweed class=madda_normal>ـٰ</tajweed>بِ <tajweed class=ham_wasl>ٱ</tajweed>للَّهِ يَوْمَ خَلَقَ <tajweed class=ham_wasl>ٱ</tajweed><tajweed class=laam_shamsiyah>ل</tajweed>سَّمَ<tajweed class=madda_normal>ـٰ</tajweed>و<tajweed class=madda_normal>َٲ</tajweed>تِ وَ<tajweed class=ham_wasl>ٱ</tajweed>لْأَرْضَ مِنْه<tajweed class=madda_obligatory>َآ</tajweed> أَرْبَعَةٌ حُرُ<tajweed class=ikhafa>مٌ‌ۚ ذ</tajweed><tajweed class=madda_normal>َٲ</tajweed>لِكَ <tajweed class=ham_wasl>ٱ</tajweed><tajweed class=laam_shamsiyah>ل</tajweed>دِّينُ <tajweed class=ham_wasl>ٱ</tajweed>لْقَيِّمُ‌ۚ فَلَا تَظْلِمُو<tajweed class=slnt>اْ</tajweed> فِيهِ<tajweed class=ghunnah>نّ</tajweed>َ أَ<tajweed class=ikhafa>نف</tajweed>ُسَكُمْ‌ۚ وَقَ<tajweed class=madda_normal>ـٰ</tajweed>تِلُو<tajweed class=slnt>اْ</tajweed> <tajweed class=ham_wasl>ٱ</tajweed>لْمُشْرِكِينَ ك<tajweed class=madda_necessary>َا</tajweed>ٓفَّ<tajweed class=ikhafa>ةً ك</tajweed>َمَا يُقَ<tajweed class=madda_normal>ـٰ</tajweed>تِلُونَكُمْ ك<tajweed class=madda_necessary>َا</tajweed>ٓفَّ<tajweed class=idgham_ghunnah>ةً‌ۚ و</tajweed>َ<tajweed class=ham_wasl>ٱ</tajweed>عْلَم<tajweed class=madda_obligatory>ُوٓ</tajweed><tajweed class=slnt>اْ</tajweed> أَ<tajweed class=ghunnah>نّ</tajweed>َ <tajweed class=ham_wasl>ٱ</tajweed>للَّهَ مَعَ <tajweed class=ham_wasl>ٱ</tajweed>لْمُتَّق<tajweed class=madda_permissible>ِي</tajweed>نَ <span class=end>٣٦</span>","End":"٣٦","PageNumber":192,"JuzNumber":10,"ManzilNumber":2,"RukuNumber":160,"MaqraNumber":77,"HizbNumber":20,"HizbDecimal":0.0,"HasSajda":false},{"SurahNumber":9,"SurahIndex":"009","VerseNumber":37,"ShowSurahName":false,"ShowBismillah":false,"Text":"إِنَّمَا ٱلنَّسِيٓءُ زِيَادَةٞ فِي ٱلۡكُفۡرِۖ يُضَلُّ بِهِ ٱلَّذِينَ كَفَرُواْ يُحِلُّونَهُۥ عَامٗا وَيُحَرِّمُونَهُۥ عَامٗا لِّيُوَاطِـُٔواْ عِدَّةَ مَا حَرَّمَ ٱللَّهُ فَيُحِلُّواْ مَا حَرَّمَ ٱللَّهُۚ زُيِّنَ لَهُمۡ سُوٓءُ أَعۡمَٰلِهِمۡۗ وَٱللَّهُ لَا يَهۡدِي ٱلۡقَوۡمَ ٱلۡكَٰفِرِينَ","TajweedText":"إِ<tajweed class=ghunnah>نّ</tajweed>َمَا <tajweed class=ham_wasl>ٱ</tajweed><tajweed class=laam_shamsiyah>ل</tajweed><tajweed class=ghunnah>نّ</tajweed>َس<tajweed class=madda_obligatory>ِى</tajweed>ٓءُ زِيَادَ<tajweed class=ikhafa>ةٌ ف</tajweed>ِى <tajweed class=ham_wasl>ٱ</tajweed>لْكُفْرِ‌ۖ يُضَلُّ بِهِ <tajweed class=ham_wasl>ٱ</tajweed>لَّذِينَ كَفَرُو<tajweed class=slnt>اْ</tajweed> يُحِلُّونَهُ<tajweed class=madda_normal>ۥ</tajweed> عَا<tajweed class=idgham_ghunnah>مًا و</tajweed>َيُحَرِّمُونَهُ<tajweed class=madda_normal>ۥ</tajweed> عَا<tajweed class=idgham_wo_ghunnah>مًا ل</tajweed>ِّيُوَاطِــُٔو<tajweed class=slnt>اْ</tajweed> عِدَّةَ مَا حَرَّمَ <tajweed class=ham_wasl>ٱ</tajweed>للَّهُ فَيُحِلُّو<tajweed class=slnt>اْ</tajweed> مَا حَرَّمَ <tajweed class=ham_wasl>ٱ</tajweed>للَّهُ‌ۚ زُيِّنَ لَهُمْ س<tajweed class=madda_obligatory>ُو</tajweed>ٓءُ أَعْمَ<tajweed class=madda_normal>ـٰ</tajweed>لِهِمْ‌ۗ وَ<tajweed class=ham_wasl>ٱ</tajweed>للَّهُ لَا يَهْدِى <tajweed class=ham_wasl>ٱ</tajweed>لْقَوْمَ <tajweed class=ham_wasl>ٱ</tajweed>لْكَ<tajweed class=madda_normal>ـٰ</tajweed>فِر<tajweed class=madda_permissible>ِي</tajweed>نَ <span class=end>٣٧</span>","End":"٣٧","PageNumber":193,"JuzNumber":10,"ManzilNumber":2,"RukuNumber":160,"MaqraNumber":77,"HizbNumber":20,"HizbDecimal":0.0,"HasSajda":false}]}