{"RukuNumber":438,"Verses":[{"SurahNumber":46,"SurahIndex":"046","VerseNumber":1,"ShowSurahName":true,"ShowBismillah":true,"Text":"حمٓ","TajweedText":"ح<tajweed class=madda_necessary>مٓ</tajweed> <span class=end>١</span>","End":"١","PageNumber":502,"JuzNumber":26,"ManzilNumber":6,"RukuNumber":438,"MaqraNumber":201,"HizbNumber":51,"HizbDecimal":0.0,"HasSajda":false},{"SurahNumber":46,"SurahIndex":"046","VerseNumber":2,"ShowSurahName":false,"ShowBismillah":false,"Text":"تَنزِيلُ ٱلۡكِتَٰبِ مِنَ ٱللَّهِ ٱلۡعَزِيزِ ٱلۡحَكِيمِ","TajweedText":"تَ<tajweed class=ikhafa>نز</tajweed>ِيلُ <tajweed class=ham_wasl>ٱ</tajweed>لْكِتَ<tajweed class=madda_normal>ـٰ</tajweed>بِ مِنَ <tajweed class=ham_wasl>ٱ</tajweed>للَّهِ <tajweed class=ham_wasl>ٱ</tajweed>لْعَزِيزِ <tajweed class=ham_wasl>ٱ</tajweed>لْحَك<tajweed class=madda_permissible>ِي</tajweed>مِ <span class=end>٢</span>","End":"٢","PageNumber":502,"JuzNumber":26,"ManzilNumber":6,"RukuNumber":438,"MaqraNumber":201,"HizbNumber":51,"HizbDecimal":0.0,"HasSajda":false},{"SurahNumber":46,"SurahIndex":"046","VerseNumber":3,"ShowSurahName":false,"ShowBismillah":false,"Text":"مَا خَلَقۡنَا ٱلسَّمَٰوَٰتِ وَٱلۡأَرۡضَ وَمَا بَيۡنَهُمَآ إِلَّا بِٱلۡحَقِّ وَأَجَلٖ مُّسَمّٗىۚ وَٱلَّذِينَ كَفَرُواْ عَمَّآ أُنذِرُواْ مُعۡرِضُونَ","TajweedText":"مَا خَلَ<tajweed class=qalaqah>قْ</tajweed>نَا <tajweed class=ham_wasl>ٱ</tajweed><tajweed class=laam_shamsiyah>ل</tajweed>سَّمَ<tajweed class=madda_normal>ـٰ</tajweed>و<tajweed class=madda_normal>َٲ</tajweed>تِ وَ<tajweed class=ham_wasl>ٱ</tajweed>لْأَرْضَ وَمَا بَيْنَهُم<tajweed class=madda_obligatory>َآ</tajweed> إِلَّا بِ<tajweed class=ham_wasl>ٱ</tajweed>لْحَقِّ وَأَجَ<tajweed class=idgham_ghunnah>لٍ م</tajweed>ُّسَم<tajweed class=idgham_ghunnah>ًّى‌ۚ و</tajweed>َ<tajweed class=ham_wasl>ٱ</tajweed>لَّذِينَ كَفَرُو<tajweed class=slnt>اْ</tajweed> عَ<tajweed class=ghunnah>مّ</tajweed><tajweed class=madda_obligatory>َآ</tajweed> أُ<tajweed class=ikhafa>نذ</tajweed>ِرُو<tajweed class=slnt>اْ</tajweed> مُعْرِض<tajweed class=madda_permissible>ُو</tajweed>نَ <span class=end>٣</span>","End":"٣","PageNumber":502,"JuzNumber":26,"ManzilNumber":6,"RukuNumber":438,"MaqraNumber":201,"HizbNumber":51,"HizbDecimal":0.0,"HasSajda":false},{"SurahNumber":46,"SurahIndex":"046","VerseNumber":4,"ShowSurahName":false,"ShowBismillah":false,"Text":"قُلۡ أَرَءَيۡتُم مَّا تَدۡعُونَ مِن دُونِ ٱللَّهِ أَرُونِي مَاذَا خَلَقُواْ مِنَ ٱلۡأَرۡضِ أَمۡ لَهُمۡ شِرۡكٞ فِي ٱلسَّمَٰوَٰتِۖ ٱئۡتُونِي بِكِتَٰبٖ مِّن قَبۡلِ هَٰذَآ أَوۡ أَثَٰرَةٖ مِّنۡ عِلۡمٍ إِن كُنتُمۡ صَٰدِقِينَ","TajweedText":"قُلْ أَرَءَيْت<tajweed class=idgham_shafawi>ُم م</tajweed>َّا تَ<tajweed class=qalaqah>دْ</tajweed>عُونَ مِ<tajweed class=ikhafa>ن د</tajweed>ُونِ <tajweed class=ham_wasl>ٱ</tajweed>للَّهِ أَرُونِى مَاذَا خَلَقُو<tajweed class=slnt>اْ</tajweed> مِنَ <tajweed class=ham_wasl>ٱ</tajweed>لْأَرْضِ أَمْ لَهُمْ شِرْ<tajweed class=ikhafa>كٌ ف</tajweed>ِى <tajweed class=ham_wasl>ٱ</tajweed><tajweed class=laam_shamsiyah>ل</tajweed>سَّمَ<tajweed class=madda_normal>ـٰ</tajweed>و<tajweed class=madda_normal>َٲ</tajweed>تِ‌ۖ <tajweed class=ham_wasl>ٱ</tajweed>ئْتُونِى بِكِتَ<tajweed class=madda_normal>ـٰ</tajweed><tajweed class=idgham_ghunnah>بٍ م</tajweed>ِّ<tajweed class=ikhafa>ن ق</tajweed>َ<tajweed class=qalaqah>بْ</tajweed>لِ هَ<tajweed class=madda_normal>ـٰ</tajweed>ذ<tajweed class=madda_obligatory>َآ</tajweed> أَوْ أَثَ<tajweed class=madda_normal>ـٰ</tajweed>رَ<tajweed class=idgham_ghunnah>ةٍ م</tajweed>ِّنْ عِلْمٍ إِ<tajweed class=ikhafa>ن ك</tajweed>ُ<tajweed class=ikhafa>نت</tajweed>ُمْ صَ<tajweed class=madda_normal>ـٰ</tajweed>دِق<tajweed class=madda_permissible>ِي</tajweed>نَ <span class=end>٤</span>","End":"٤","PageNumber":502,"JuzNumber":26,"ManzilNumber":6,"RukuNumber":438,"MaqraNumber":201,"HizbNumber":51,"HizbDecimal":0.0,"HasSajda":false},{"SurahNumber":46,"SurahIndex":"046","VerseNumber":5,"ShowSurahName":false,"ShowBismillah":false,"Text":"وَمَنۡ أَضَلُّ مِمَّن يَدۡعُواْ مِن دُونِ ٱللَّهِ مَن لَّا يَسۡتَجِيبُ لَهُۥٓ إِلَىٰ يَوۡمِ ٱلۡقِيَٰمَةِ وَهُمۡ عَن دُعَآئِهِمۡ غَٰفِلُونَ","TajweedText":"وَمَنْ أَضَلُّ مِ<tajweed class=ghunnah>مّ</tajweed><tajweed class=idgham_ghunnah>َن ي</tajweed>َ<tajweed class=qalaqah>دْ</tajweed>عُو<tajweed class=slnt>اْ</tajweed> مِ<tajweed class=ikhafa>ن د</tajweed>ُونِ <tajweed class=ham_wasl>ٱ</tajweed>للَّهِ م<tajweed class=idgham_wo_ghunnah>َن ل</tajweed>َّا يَسْتَجِيبُ لَهُ<tajweed class=madda_obligatory>ۥٓ</tajweed> إِلَىٰ يَوْمِ <tajweed class=ham_wasl>ٱ</tajweed>لْقِيَ<tajweed class=madda_normal>ـٰ</tajweed>مَةِ وَهُمْ عَ<tajweed class=ikhafa>ن د</tajweed>ُع<tajweed class=madda_obligatory>َا</tajweed>ٓئِهِمْ غَ<tajweed class=madda_normal>ـٰ</tajweed>فِل<tajweed class=madda_permissible>ُو</tajweed>نَ <span class=end>٥</span>","End":"٥","PageNumber":502,"JuzNumber":26,"ManzilNumber":6,"RukuNumber":438,"MaqraNumber":201,"HizbNumber":51,"HizbDecimal":0.0,"HasSajda":false},{"SurahNumber":46,"SurahIndex":"046","VerseNumber":6,"ShowSurahName":false,"ShowBismillah":false,"Text":"وَإِذَا حُشِرَ ٱلنَّاسُ كَانُواْ لَهُمۡ أَعۡدَآءٗ وَكَانُواْ بِعِبَادَتِهِمۡ كَٰفِرِينَ","TajweedText":"وَإِذَا حُشِرَ <tajweed class=ham_wasl>ٱ</tajweed><tajweed class=laam_shamsiyah>ل</tajweed><tajweed class=ghunnah>نّ</tajweed>َاسُ كَانُو<tajweed class=slnt>اْ</tajweed> لَهُمْ أَعْد<tajweed class=madda_obligatory>َا</tajweed>ٓ<tajweed class=idgham_ghunnah>ءً و</tajweed>َكَانُو<tajweed class=slnt>اْ</tajweed> بِعِبَادَتِهِمْ كَ<tajweed class=madda_normal>ـٰ</tajweed>فِر<tajweed class=madda_permissible>ِي</tajweed>نَ <span class=end>٦</span>","End":"٦","PageNumber":503,"JuzNumber":26,"ManzilNumber":6,"RukuNumber":438,"MaqraNumber":201,"HizbNumber":51,"HizbDecimal":0.0,"HasSajda":false},{"SurahNumber":46,"SurahIndex":"046","VerseNumber":7,"ShowSurahName":false,"ShowBismillah":false,"Text":"وَإِذَا تُتۡلَىٰ عَلَيۡهِمۡ ءَايَٰتُنَا بَيِّنَٰتٖ قَالَ ٱلَّذِينَ كَفَرُواْ لِلۡحَقِّ لَمَّا جَآءَهُمۡ هَٰذَا سِحۡرٞ مُّبِينٌ","TajweedText":"وَإِذَا تُتْلَىٰ عَلَيْهِمْ ءَايَ<tajweed class=madda_normal>ـٰ</tajweed>تُنَا بَيِّنَ<tajweed class=madda_normal>ـٰ</tajweed><tajweed class=ikhafa>تٍ ق</tajweed>َالَ <tajweed class=ham_wasl>ٱ</tajweed>لَّذِينَ كَفَرُو<tajweed class=slnt>اْ</tajweed> لِلْحَقِّ لَ<tajweed class=ghunnah>مّ</tajweed>َا ج<tajweed class=madda_obligatory>َا</tajweed>ٓءَهُمْ هَ<tajweed class=madda_normal>ـٰ</tajweed>ذَا سِحْ<tajweed class=idgham_ghunnah>رٌ م</tajweed>ُّب<tajweed class=madda_permissible>ِي</tajweed>نٌ <span class=end>٧</span>","End":"٧","PageNumber":503,"JuzNumber":26,"ManzilNumber":6,"RukuNumber":438,"MaqraNumber":201,"HizbNumber":51,"HizbDecimal":0.0,"HasSajda":false},{"SurahNumber":46,"SurahIndex":"046","VerseNumber":8,"ShowSurahName":false,"ShowBismillah":false,"Text":"أَمۡ يَقُولُونَ ٱفۡتَرَىٰهُۖ قُلۡ إِنِ ٱفۡتَرَيۡتُهُۥ فَلَا تَمۡلِكُونَ لِي مِنَ ٱللَّهِ شَيۡـًٔاۖ هُوَ أَعۡلَمُ بِمَا تُفِيضُونَ فِيهِۚ كَفَىٰ بِهِۦ شَهِيدَۢا بَيۡنِي وَبَيۡنَكُمۡۖ وَهُوَ ٱلۡغَفُورُ ٱلرَّحِيمُ","TajweedText":"أَمْ يَقُولُونَ <tajweed class=ham_wasl>ٱ</tajweed>فْتَرَ<tajweed class=madda_normal>ٮٰ</tajweed>هُ‌ۖ قُلْ إِنِ <tajweed class=ham_wasl>ٱ</tajweed>فْتَرَيْتُهُ<tajweed class=madda_normal>ۥ</tajweed> فَلَا تَمْلِكُونَ لِى مِنَ <tajweed class=ham_wasl>ٱ</tajweed>للَّهِ شَيْــًٔا‌ۖ هُوَ أَعْلَمُ بِمَا تُفِيضُونَ فِيهِ‌ۖ كَفَىٰ بِه<tajweed class=madda_normal>ِۦ</tajweed> شَهِيد<tajweed class=iqlab>َۢا ب</tajweed>َيْنِى وَبَيْنَكُمْ‌ۖ وَهُوَ <tajweed class=ham_wasl>ٱ</tajweed>لْغَفُورُ <tajweed class=ham_wasl>ٱ</tajweed><tajweed class=laam_shamsiyah>ل</tajweed>رَّح<tajweed class=madda_permissible>ِي</tajweed>مُ <span class=end>٨</span>","End":"٨","PageNumber":503,"JuzNumber":26,"ManzilNumber":6,"RukuNumber":438,"MaqraNumber":201,"HizbNumber":51,"HizbDecimal":0.0,"HasSajda":false},{"SurahNumber":46,"SurahIndex":"046","VerseNumber":9,"ShowSurahName":false,"ShowBismillah":false,"Text":"قُلۡ مَا كُنتُ بِدۡعٗا مِّنَ ٱلرُّسُلِ وَمَآ أَدۡرِي مَا يُفۡعَلُ بِي وَلَا بِكُمۡۖ إِنۡ أَتَّبِعُ إِلَّا مَا يُوحَىٰٓ إِلَيَّ وَمَآ أَنَا۠ إِلَّا نَذِيرٞ مُّبِينٞ","TajweedText":"قُلْ مَا كُ<tajweed class=ikhafa>نت</tajweed>ُ بِ<tajweed class=qalaqah>دْ</tajweed><tajweed class=idgham_ghunnah>عًا م</tajweed>ِّنَ <tajweed class=ham_wasl>ٱ</tajweed><tajweed class=laam_shamsiyah>ل</tajweed>رُّسُلِ وَم<tajweed class=madda_obligatory>َآ</tajweed> أَ<tajweed class=qalaqah>دْ</tajweed>رِى مَا يُفْعَلُ بِى وَلَا بِكُمْ‌ۖ إِنْ أَتَّبِعُ إِلَّا مَا يُوحَ<tajweed class=madda_obligatory>ىٰٓ</tajweed> إِلَىَّ وَم<tajweed class=madda_obligatory>َآ</tajweed> أَنَا۟ إِلَّا نَذِي<tajweed class=idgham_ghunnah>رٌ م</tajweed>ُّب<tajweed class=madda_permissible>ِي</tajweed>نٌ <span class=end>٩</span>","End":"٩","PageNumber":503,"JuzNumber":26,"ManzilNumber":6,"RukuNumber":438,"MaqraNumber":201,"HizbNumber":51,"HizbDecimal":0.0,"HasSajda":false},{"SurahNumber":46,"SurahIndex":"046","VerseNumber":10,"ShowSurahName":false,"ShowBismillah":false,"Text":"قُلۡ أَرَءَيۡتُمۡ إِن كَانَ مِنۡ عِندِ ٱللَّهِ وَكَفَرۡتُم بِهِۦ وَشَهِدَ شَاهِدٞ مِّنۢ بَنِيٓ إِسۡرَـٰٓءِيلَ عَلَىٰ مِثۡلِهِۦ فَـَٔامَنَ وَٱسۡتَكۡبَرۡتُمۡۚ إِنَّ ٱللَّهَ لَا يَهۡدِي ٱلۡقَوۡمَ ٱلظَّـٰلِمِينَ","TajweedText":"قُلْ أَرَءَيْتُمْ إِ<tajweed class=ikhafa>ن ك</tajweed>َانَ مِنْ عِ<tajweed class=ikhafa>ند</tajweed>ِ <tajweed class=ham_wasl>ٱ</tajweed>للَّهِ وَكَفَرْت<tajweed class=ikhafa_shafawi>ُم ب</tajweed>ِه<tajweed class=madda_normal>ِۦ</tajweed> وَشَهِدَ شَاهِ<tajweed class=idgham_ghunnah>دٌ م</tajweed>ّ<tajweed class=iqlab>ِنۢ ب</tajweed>َن<tajweed class=madda_obligatory>ِىٓ</tajweed> إِسْر<tajweed class=madda_obligatory>َٲ</tajweed>ٓءِيلَ عَلَىٰ مِثْلِه<tajweed class=madda_normal>ِۦ</tajweed> فَـَٔـامَنَ وَ<tajweed class=ham_wasl>ٱ</tajweed>سْتَكْبَرْتُمْ‌ۖ إِ<tajweed class=ghunnah>نّ</tajweed>َ <tajweed class=ham_wasl>ٱ</tajweed>للَّهَ لَا يَهْدِى <tajweed class=ham_wasl>ٱ</tajweed>لْقَوْمَ <tajweed class=ham_wasl>ٱ</tajweed><tajweed class=laam_shamsiyah>ل</tajweed>ظَّ<tajweed class=madda_normal>ـٰ</tajweed>لِم<tajweed class=madda_permissible>ِي</tajweed>نَ <span class=end>١٠</span>","End":"١٠","PageNumber":503,"JuzNumber":26,"ManzilNumber":6,"RukuNumber":438,"MaqraNumber":201,"HizbNumber":51,"HizbDecimal":0.0,"HasSajda":false}]}