{"RukuNumber":378,"Verses":[{"SurahNumber":35,"SurahIndex":"035","VerseNumber":15,"ShowSurahName":false,"ShowBismillah":false,"Text":"۞يَـٰٓأَيُّهَا ٱلنَّاسُ أَنتُمُ ٱلۡفُقَرَآءُ إِلَى ٱللَّهِۖ وَٱللَّهُ هُوَ ٱلۡغَنِيُّ ٱلۡحَمِيدُ","TajweedText":"۞ يَ<tajweed class=madda_obligatory>ـٰٓ</tajweed>أَيُّهَا <tajweed class=ham_wasl>ٱ</tajweed><tajweed class=laam_shamsiyah>ل</tajweed><tajweed class=ghunnah>نّ</tajweed>َاسُ أَ<tajweed class=ikhafa>نت</tajweed>ُمُ <tajweed class=ham_wasl>ٱ</tajweed>لْفُقَر<tajweed class=madda_obligatory>َا</tajweed>ٓءُ إِلَى <tajweed class=ham_wasl>ٱ</tajweed>للَّهِۖ وَ<tajweed class=ham_wasl>ٱ</tajweed>للَّهُ هُوَ <tajweed class=ham_wasl>ٱ</tajweed>لْغَنِىُّ <tajweed class=ham_wasl>ٱ</tajweed>لْحَم<tajweed class=madda_permissible>ِي</tajweed><tajweed class=qalaqah>د</tajweed>ُ <span class=end>١٥</span>","End":"١٥","PageNumber":436,"JuzNumber":22,"ManzilNumber":5,"RukuNumber":378,"MaqraNumber":175,"HizbNumber":44,"HizbDecimal":0.5,"HasSajda":false},{"SurahNumber":35,"SurahIndex":"035","VerseNumber":16,"ShowSurahName":false,"ShowBismillah":false,"Text":"إِن يَشَأۡ يُذۡهِبۡكُمۡ وَيَأۡتِ بِخَلۡقٖ جَدِيدٖ","TajweedText":"إ<tajweed class=idgham_ghunnah>ِن ي</tajweed>َشَأْ يُذْهِ<tajweed class=qalaqah>بْ</tajweed>كُمْ وَيَأْتِ بِخَلْ<tajweed class=ikhafa>قٍ ج</tajweed>َد<tajweed class=madda_permissible>ِي</tajweed><tajweed class=qalaqah>د</tajweed>ٍ <span class=end>١٦</span>","End":"١٦","PageNumber":436,"JuzNumber":22,"ManzilNumber":5,"RukuNumber":378,"MaqraNumber":175,"HizbNumber":44,"HizbDecimal":0.5,"HasSajda":false},{"SurahNumber":35,"SurahIndex":"035","VerseNumber":17,"ShowSurahName":false,"ShowBismillah":false,"Text":"وَمَا ذَٰلِكَ عَلَى ٱللَّهِ بِعَزِيزٖ","TajweedText":"وَمَا ذ<tajweed class=madda_normal>َٲ</tajweed>لِكَ عَلَى <tajweed class=ham_wasl>ٱ</tajweed>للَّهِ بِعَز<tajweed class=madda_permissible>ِي</tajweed>زٍ <span class=end>١٧</span>","End":"١٧","PageNumber":436,"JuzNumber":22,"ManzilNumber":5,"RukuNumber":378,"MaqraNumber":175,"HizbNumber":44,"HizbDecimal":0.5,"HasSajda":false},{"SurahNumber":35,"SurahIndex":"035","VerseNumber":18,"ShowSurahName":false,"ShowBismillah":false,"Text":"وَلَا تَزِرُ وَازِرَةٞ وِزۡرَ أُخۡرَىٰۚ وَإِن تَدۡعُ مُثۡقَلَةٌ إِلَىٰ حِمۡلِهَا لَا يُحۡمَلۡ مِنۡهُ شَيۡءٞ وَلَوۡ كَانَ ذَا قُرۡبَىٰٓۗ إِنَّمَا تُنذِرُ ٱلَّذِينَ يَخۡشَوۡنَ رَبَّهُم بِٱلۡغَيۡبِ وَأَقَامُواْ ٱلصَّلَوٰةَۚ وَمَن تَزَكَّىٰ فَإِنَّمَا يَتَزَكَّىٰ لِنَفۡسِهِۦۚ وَإِلَى ٱللَّهِ ٱلۡمَصِيرُ","TajweedText":"وَلَا تَزِرُ وَازِرَ<tajweed class=idgham_ghunnah>ةٌ و</tajweed>ِزْرَ أُخْرَىٰۚ وَإِ<tajweed class=ikhafa>ن ت</tajweed>َ<tajweed class=qalaqah>دْ</tajweed>عُ مُثْقَلَةٌ إِلَىٰ حِمْلِهَا لَا يُحْمَلْ مِنْهُ ش<tajweed class=idgham_ghunnah>َىْءٌ و</tajweed>َلَوْ كَانَ ذَا قُرْبَ<tajweed class=madda_obligatory>ىٰٓۗ</tajweed> إِ<tajweed class=ghunnah>نّ</tajweed>َمَا تُ<tajweed class=ikhafa>نذ</tajweed>ِرُ <tajweed class=ham_wasl>ٱ</tajweed>لَّذِينَ يَخْشَوْنَ رَبَّه<tajweed class=ikhafa_shafawi>ُم ب</tajweed>ِ<tajweed class=ham_wasl>ٱ</tajweed>لْغَيْبِ وَأَقَامُو<tajweed class=slnt>اْ</tajweed> <tajweed class=ham_wasl>ٱ</tajweed><tajweed class=laam_shamsiyah>ل</tajweed>صَّلَ<tajweed class=slnt>و</tajweed><tajweed class=madda_normal>ٲ</tajweed>ةَۚ وَمَ<tajweed class=ikhafa>ن ت</tajweed>َزَكَّىٰ فَإِ<tajweed class=ghunnah>نّ</tajweed>َمَا يَتَزَكَّىٰ لِنَفْسِهِ<tajweed class=madda_normal>ۚۦ</tajweed> وَإِلَى <tajweed class=ham_wasl>ٱ</tajweed>للَّهِ <tajweed class=ham_wasl>ٱ</tajweed>لْمَص<tajweed class=madda_permissible>ِي</tajweed>رُ <span class=end>١٨</span>","End":"١٨","PageNumber":436,"JuzNumber":22,"ManzilNumber":5,"RukuNumber":378,"MaqraNumber":175,"HizbNumber":44,"HizbDecimal":0.5,"HasSajda":false},{"SurahNumber":35,"SurahIndex":"035","VerseNumber":19,"ShowSurahName":false,"ShowBismillah":false,"Text":"وَمَا يَسۡتَوِي ٱلۡأَعۡمَىٰ وَٱلۡبَصِيرُ","TajweedText":"وَمَا يَسْتَوِى <tajweed class=ham_wasl>ٱ</tajweed>لْأَعْمَىٰ وَ<tajweed class=ham_wasl>ٱ</tajweed>لْبَص<tajweed class=madda_permissible>ِي</tajweed>رُ <span class=end>١٩</span>","End":"١٩","PageNumber":437,"JuzNumber":22,"ManzilNumber":5,"RukuNumber":378,"MaqraNumber":175,"HizbNumber":44,"HizbDecimal":0.5,"HasSajda":false},{"SurahNumber":35,"SurahIndex":"035","VerseNumber":20,"ShowSurahName":false,"ShowBismillah":false,"Text":"وَلَا ٱلظُّلُمَٰتُ وَلَا ٱلنُّورُ","TajweedText":"وَلَا <tajweed class=ham_wasl>ٱ</tajweed><tajweed class=laam_shamsiyah>ل</tajweed>ظُّلُمَ<tajweed class=madda_normal>ـٰ</tajweed>تُ وَلَا <tajweed class=ham_wasl>ٱ</tajweed><tajweed class=laam_shamsiyah>ل</tajweed><tajweed class=ghunnah>نّ</tajweed><tajweed class=madda_permissible>ُو</tajweed>رُ <span class=end>٢٠</span>","End":"٢٠","PageNumber":437,"JuzNumber":22,"ManzilNumber":5,"RukuNumber":378,"MaqraNumber":175,"HizbNumber":44,"HizbDecimal":0.5,"HasSajda":false},{"SurahNumber":35,"SurahIndex":"035","VerseNumber":21,"ShowSurahName":false,"ShowBismillah":false,"Text":"وَلَا ٱلظِّلُّ وَلَا ٱلۡحَرُورُ","TajweedText":"وَلَا <tajweed class=ham_wasl>ٱ</tajweed><tajweed class=laam_shamsiyah>ل</tajweed>ظِّلُّ وَلَا <tajweed class=ham_wasl>ٱ</tajweed>لْحَر<tajweed class=madda_permissible>ُو</tajweed>رُ <span class=end>٢١</span>","End":"٢١","PageNumber":437,"JuzNumber":22,"ManzilNumber":5,"RukuNumber":378,"MaqraNumber":175,"HizbNumber":44,"HizbDecimal":0.5,"HasSajda":false},{"SurahNumber":35,"SurahIndex":"035","VerseNumber":22,"ShowSurahName":false,"ShowBismillah":false,"Text":"وَمَا يَسۡتَوِي ٱلۡأَحۡيَآءُ وَلَا ٱلۡأَمۡوَٰتُۚ إِنَّ ٱللَّهَ يُسۡمِعُ مَن يَشَآءُۖ وَمَآ أَنتَ بِمُسۡمِعٖ مَّن فِي ٱلۡقُبُورِ","TajweedText":"وَمَا يَسْتَوِى <tajweed class=ham_wasl>ٱ</tajweed>لْأَحْي<tajweed class=madda_obligatory>َا</tajweed>ٓءُ وَلَا <tajweed class=ham_wasl>ٱ</tajweed>لْأَمْو<tajweed class=madda_normal>َٲ</tajweed>تُۚ إِ<tajweed class=ghunnah>نّ</tajweed>َ <tajweed class=ham_wasl>ٱ</tajweed>للَّهَ يُسْمِعُ م<tajweed class=idgham_ghunnah>َن ي</tajweed>َش<tajweed class=madda_obligatory>َا</tajweed>ٓءُۖ وَم<tajweed class=madda_obligatory>َآ</tajweed> أَ<tajweed class=ikhafa>نت</tajweed>َ بِمُسْمِ<tajweed class=idgham_ghunnah>عٍ م</tajweed>َّ<tajweed class=ikhafa>ن ف</tajweed>ِى <tajweed class=ham_wasl>ٱ</tajweed>لْقُب<tajweed class=madda_permissible>ُو</tajweed>رِ <span class=end>٢٢</span>","End":"٢٢","PageNumber":437,"JuzNumber":22,"ManzilNumber":5,"RukuNumber":378,"MaqraNumber":175,"HizbNumber":44,"HizbDecimal":0.5,"HasSajda":false},{"SurahNumber":35,"SurahIndex":"035","VerseNumber":23,"ShowSurahName":false,"ShowBismillah":false,"Text":"إِنۡ أَنتَ إِلَّا نَذِيرٌ","TajweedText":"إِنْ أَ<tajweed class=ikhafa>نت</tajweed>َ إِلَّا نَذ<tajweed class=madda_permissible>ِي</tajweed>رٌ <span class=end>٢٣</span>","End":"٢٣","PageNumber":437,"JuzNumber":22,"ManzilNumber":5,"RukuNumber":378,"MaqraNumber":175,"HizbNumber":44,"HizbDecimal":0.5,"HasSajda":false},{"SurahNumber":35,"SurahIndex":"035","VerseNumber":24,"ShowSurahName":false,"ShowBismillah":false,"Text":"إِنَّآ أَرۡسَلۡنَٰكَ بِٱلۡحَقِّ بَشِيرٗا وَنَذِيرٗاۚ وَإِن مِّنۡ أُمَّةٍ إِلَّا خَلَا فِيهَا نَذِيرٞ","TajweedText":"إِ<tajweed class=ghunnah>نّ</tajweed><tajweed class=madda_obligatory>َآ</tajweed> أَرْسَلْنَ<tajweed class=madda_normal>ـٰ</tajweed>كَ بِ<tajweed class=ham_wasl>ٱ</tajweed>لْحَقِّ بَشِي<tajweed class=idgham_ghunnah>رًا و</tajweed>َنَذِي<tajweed class=idgham_ghunnah>رًاۚ و</tajweed>َإ<tajweed class=idgham_ghunnah>ِن م</tajweed>ِّنْ أُ<tajweed class=ghunnah>مّ</tajweed>َةٍ إِلَّا خَلَا فِيهَا نَذ<tajweed class=madda_permissible>ِي</tajweed>رٌ <span class=end>٢٤</span>","End":"٢٤","PageNumber":437,"JuzNumber":22,"ManzilNumber":5,"RukuNumber":378,"MaqraNumber":175,"HizbNumber":44,"HizbDecimal":0.5,"HasSajda":false},{"SurahNumber":35,"SurahIndex":"035","VerseNumber":25,"ShowSurahName":false,"ShowBismillah":false,"Text":"وَإِن يُكَذِّبُوكَ فَقَدۡ كَذَّبَ ٱلَّذِينَ مِن قَبۡلِهِمۡ جَآءَتۡهُمۡ رُسُلُهُم بِٱلۡبَيِّنَٰتِ وَبِٱلزُّبُرِ وَبِٱلۡكِتَٰبِ ٱلۡمُنِيرِ","TajweedText":"وَإ<tajweed class=idgham_ghunnah>ِن ي</tajweed>ُكَذِّبُوكَ فَقَ<tajweed class=qalaqah>دْ</tajweed> كَذَّبَ <tajweed class=ham_wasl>ٱ</tajweed>لَّذِينَ مِ<tajweed class=ikhafa>ن ق</tajweed>َ<tajweed class=qalaqah>بْ</tajweed>لِهِمْ ج<tajweed class=madda_obligatory>َا</tajweed>ٓءَتْهُمْ رُسُلُه<tajweed class=ikhafa_shafawi>ُم ب</tajweed>ِ<tajweed class=ham_wasl>ٱ</tajweed>لْبَيِّنَ<tajweed class=madda_normal>ـٰ</tajweed>تِ وَبِ<tajweed class=ham_wasl>ٱ</tajweed><tajweed class=laam_shamsiyah>ل</tajweed>زُّبُرِ وَبِ<tajweed class=ham_wasl>ٱ</tajweed>لْكِتَ<tajweed class=madda_normal>ـٰ</tajweed>بِ <tajweed class=ham_wasl>ٱ</tajweed>لْمُن<tajweed class=madda_permissible>ِي</tajweed>رِ <span class=end>٢٥</span>","End":"٢٥","PageNumber":437,"JuzNumber":22,"ManzilNumber":5,"RukuNumber":378,"MaqraNumber":175,"HizbNumber":44,"HizbDecimal":0.5,"HasSajda":false},{"SurahNumber":35,"SurahIndex":"035","VerseNumber":26,"ShowSurahName":false,"ShowBismillah":false,"Text":"ثُمَّ أَخَذۡتُ ٱلَّذِينَ كَفَرُواْۖ فَكَيۡفَ كَانَ نَكِيرِ","TajweedText":"ثُ<tajweed class=ghunnah>مّ</tajweed>َ أَخَذْتُ <tajweed class=ham_wasl>ٱ</tajweed>لَّذِينَ كَفَرُو<tajweed class=slnt>اْۖ</tajweed> فَكَيْفَ كَانَ نَك<tajweed class=madda_permissible>ِي</tajweed>رِ <span class=end>٢٦</span>","End":"٢٦","PageNumber":437,"JuzNumber":22,"ManzilNumber":5,"RukuNumber":378,"MaqraNumber":175,"HizbNumber":44,"HizbDecimal":0.5,"HasSajda":false}]}