{"RukuNumber":417,"Verses":[{"SurahNumber":41,"SurahIndex":"041","VerseNumber":33,"ShowSurahName":false,"ShowBismillah":false,"Text":"وَمَنۡ أَحۡسَنُ قَوۡلٗا مِّمَّن دَعَآ إِلَى ٱللَّهِ وَعَمِلَ صَٰلِحٗا وَقَالَ إِنَّنِي مِنَ ٱلۡمُسۡلِمِينَ","TajweedText":"وَمَنْ أَحْسَنُ قَوْل<tajweed class=idgham_ghunnah>اً م</tajweed>ِّ<tajweed class=ghunnah>مّ</tajweed>َ<tajweed class=ikhafa>ن د</tajweed>َع<tajweed class=madda_obligatory>َآ</tajweed> إِلَى <tajweed class=ham_wasl>ٱ</tajweed>للَّهِ وَعَمِلَ صَ<tajweed class=madda_normal>ـٰ</tajweed>لِ<tajweed class=idgham_ghunnah>حًا و</tajweed>َقَالَ إِ<tajweed class=ghunnah>نّ</tajweed>َنِى مِنَ <tajweed class=ham_wasl>ٱ</tajweed>لْمُسْلِم<tajweed class=madda_permissible>ِي</tajweed>نَ <span class=end>٣٣</span>","End":"٣٣","PageNumber":480,"JuzNumber":24,"ManzilNumber":6,"RukuNumber":417,"MaqraNumber":192,"HizbNumber":48,"HizbDecimal":0.75,"HasSajda":false},{"SurahNumber":41,"SurahIndex":"041","VerseNumber":34,"ShowSurahName":false,"ShowBismillah":false,"Text":"وَلَا تَسۡتَوِي ٱلۡحَسَنَةُ وَلَا ٱلسَّيِّئَةُۚ ٱدۡفَعۡ بِٱلَّتِي هِيَ أَحۡسَنُ فَإِذَا ٱلَّذِي بَيۡنَكَ وَبَيۡنَهُۥ عَدَٰوَةٞ كَأَنَّهُۥ وَلِيٌّ حَمِيمٞ","TajweedText":"وَلَا تَسْتَوِى <tajweed class=ham_wasl>ٱ</tajweed>لْحَسَنَةُ وَلَا <tajweed class=ham_wasl>ٱ</tajweed><tajweed class=laam_shamsiyah>ل</tajweed>سَّيِّئَةُ‌ۚ <tajweed class=ham_wasl>ٱ</tajweed><tajweed class=qalaqah>دْ</tajweed>فَعْ بِ<tajweed class=ham_wasl>ٱ</tajweed>لَّتِى هِىَ أَحْسَنُ فَإِذَا <tajweed class=ham_wasl>ٱ</tajweed>لَّذِى بَيْنَكَ وَبَيْنَهُ<tajweed class=madda_normal>ۥ</tajweed> عَد<tajweed class=madda_normal>َٲ</tajweed>وَ<tajweed class=ikhafa>ةٌ ك</tajweed>َأَ<tajweed class=ghunnah>نّ</tajweed>َهُ<tajweed class=madda_normal>ۥ</tajweed> وَلِىٌّ حَم<tajweed class=madda_permissible>ِي</tajweed>مٌ <span class=end>٣٤</span>","End":"٣٤","PageNumber":480,"JuzNumber":24,"ManzilNumber":6,"RukuNumber":417,"MaqraNumber":192,"HizbNumber":48,"HizbDecimal":0.75,"HasSajda":false},{"SurahNumber":41,"SurahIndex":"041","VerseNumber":35,"ShowSurahName":false,"ShowBismillah":false,"Text":"وَمَا يُلَقَّىٰهَآ إِلَّا ٱلَّذِينَ صَبَرُواْ وَمَا يُلَقَّىٰهَآ إِلَّا ذُو حَظٍّ عَظِيمٖ","TajweedText":"وَمَا يُلَقَّ<tajweed class=madda_normal>ـٰ</tajweed>ه<tajweed class=madda_obligatory>َآ</tajweed> إِلَّا <tajweed class=ham_wasl>ٱ</tajweed>لَّذِينَ صَبَرُو<tajweed class=slnt>اْ</tajweed> وَمَا يُلَقَّ<tajweed class=madda_normal>ـٰ</tajweed>ه<tajweed class=madda_obligatory>َآ</tajweed> إِلَّا ذُو حَظٍّ عَظ<tajweed class=madda_permissible>ِي</tajweed>مٍ <span class=end>٣٥</span>","End":"٣٥","PageNumber":480,"JuzNumber":24,"ManzilNumber":6,"RukuNumber":417,"MaqraNumber":192,"HizbNumber":48,"HizbDecimal":0.75,"HasSajda":false},{"SurahNumber":41,"SurahIndex":"041","VerseNumber":36,"ShowSurahName":false,"ShowBismillah":false,"Text":"وَإِمَّا يَنزَغَنَّكَ مِنَ ٱلشَّيۡطَٰنِ نَزۡغٞ فَٱسۡتَعِذۡ بِٱللَّهِۖ إِنَّهُۥ هُوَ ٱلسَّمِيعُ ٱلۡعَلِيمُ","TajweedText":"وَإِ<tajweed class=ghunnah>مّ</tajweed>َا يَ<tajweed class=ikhafa>نز</tajweed>َغَ<tajweed class=ghunnah>نّ</tajweed>َكَ مِنَ <tajweed class=ham_wasl>ٱ</tajweed><tajweed class=laam_shamsiyah>ل</tajweed>شَّيْطَ<tajweed class=madda_normal>ـٰ</tajweed>نِ نَزْ<tajweed class=ikhafa>غٌ ف</tajweed>َ<tajweed class=ham_wasl>ٱ</tajweed>سْتَعِذْ بِ<tajweed class=ham_wasl>ٱ</tajweed>للَّهِ‌ۖ إِ<tajweed class=ghunnah>نّ</tajweed>َهُ<tajweed class=madda_normal>ۥ</tajweed> هُوَ <tajweed class=ham_wasl>ٱ</tajweed><tajweed class=laam_shamsiyah>ل</tajweed>سَّمِيعُ <tajweed class=ham_wasl>ٱ</tajweed>لْعَل<tajweed class=madda_permissible>ِي</tajweed>مُ <span class=end>٣٦</span>","End":"٣٦","PageNumber":480,"JuzNumber":24,"ManzilNumber":6,"RukuNumber":417,"MaqraNumber":192,"HizbNumber":48,"HizbDecimal":0.75,"HasSajda":false},{"SurahNumber":41,"SurahIndex":"041","VerseNumber":37,"ShowSurahName":false,"ShowBismillah":false,"Text":"وَمِنۡ ءَايَٰتِهِ ٱلَّيۡلُ وَٱلنَّهَارُ وَٱلشَّمۡسُ وَٱلۡقَمَرُۚ لَا تَسۡجُدُواْ لِلشَّمۡسِ وَلَا لِلۡقَمَرِ وَٱسۡجُدُواْۤ لِلَّهِۤ ٱلَّذِي خَلَقَهُنَّ إِن كُنتُمۡ إِيَّاهُ تَعۡبُدُونَ","TajweedText":"وَمِنْ ءَايَ<tajweed class=madda_normal>ـٰ</tajweed>تِهِ <tajweed class=ham_wasl>ٱ</tajweed>لَّيْلُ وَ<tajweed class=ham_wasl>ٱ</tajweed><tajweed class=laam_shamsiyah>ل</tajweed><tajweed class=ghunnah>نّ</tajweed>َهَارُ وَ<tajweed class=ham_wasl>ٱ</tajweed><tajweed class=laam_shamsiyah>ل</tajweed>شَّمْسُ وَ<tajweed class=ham_wasl>ٱ</tajweed>لْقَمَرُ‌ۚ لَا تَسْجُدُو<tajweed class=slnt>اْ</tajweed> لِلشَّمْسِ وَلَا لِلْقَمَرِ وَ<tajweed class=ham_wasl>ٱ</tajweed>سْجُدُو<tajweed class=slnt>اْ</tajweed> لِلَّهِ <tajweed class=ham_wasl>ٱ</tajweed>لَّذِى خَلَقَهُ<tajweed class=ghunnah>نّ</tajweed>َ إِ<tajweed class=ikhafa>ن ك</tajweed>ُ<tajweed class=ikhafa>نت</tajweed>ُمْ إِيَّاهُ تَعْبُد<tajweed class=madda_permissible>ُو</tajweed>نَ <span class=end>٣٧</span>","End":"٣٧","PageNumber":480,"JuzNumber":24,"ManzilNumber":6,"RukuNumber":417,"MaqraNumber":192,"HizbNumber":48,"HizbDecimal":0.75,"HasSajda":false},{"SurahNumber":41,"SurahIndex":"041","VerseNumber":38,"ShowSurahName":false,"ShowBismillah":false,"Text":"فَإِنِ ٱسۡتَكۡبَرُواْ فَٱلَّذِينَ عِندَ رَبِّكَ يُسَبِّحُونَ لَهُۥ بِٱلَّيۡلِ وَٱلنَّهَارِ وَهُمۡ لَا يَسۡـَٔمُونَ۩","TajweedText":"فَإِنِ <tajweed class=ham_wasl>ٱ</tajweed>سْتَكْبَرُو<tajweed class=slnt>اْ</tajweed> فَ<tajweed class=ham_wasl>ٱ</tajweed>لَّذِينَ عِ<tajweed class=ikhafa>ند</tajweed>َ رَبِّكَ يُسَبِّحُونَ لَهُ<tajweed class=madda_normal>ۥ</tajweed> بِ<tajweed class=ham_wasl>ٱ</tajweed>لَّيْلِ وَ<tajweed class=ham_wasl>ٱ</tajweed><tajweed class=laam_shamsiyah>ل</tajweed><tajweed class=ghunnah>نّ</tajweed>َهَارِ وَهُمْ لَا يَسْــَٔمُ<tajweed class=madda_permissible>و</tajweed>نَ ۩ <span class=end>٣٨</span>","End":"٣٨","PageNumber":480,"JuzNumber":24,"ManzilNumber":6,"RukuNumber":417,"MaqraNumber":192,"HizbNumber":48,"HizbDecimal":0.75,"HasSajda":true},{"SurahNumber":41,"SurahIndex":"041","VerseNumber":39,"ShowSurahName":false,"ShowBismillah":false,"Text":"وَمِنۡ ءَايَٰتِهِۦٓ أَنَّكَ تَرَى ٱلۡأَرۡضَ خَٰشِعَةٗ فَإِذَآ أَنزَلۡنَا عَلَيۡهَا ٱلۡمَآءَ ٱهۡتَزَّتۡ وَرَبَتۡۚ إِنَّ ٱلَّذِيٓ أَحۡيَاهَا لَمُحۡيِ ٱلۡمَوۡتَىٰٓۚ إِنَّهُۥ عَلَىٰ كُلِّ شَيۡءٖ قَدِيرٌ","TajweedText":"وَمِنْ ءَايَ<tajweed class=madda_normal>ـٰ</tajweed>تِه<tajweed class=madda_obligatory>ِۦٓ</tajweed> أَ<tajweed class=ghunnah>نّ</tajweed>َكَ تَرَى <tajweed class=ham_wasl>ٱ</tajweed>لْأَرْضَ خَ<tajweed class=madda_normal>ـٰ</tajweed>شِعَ<tajweed class=ikhafa>ةً ف</tajweed>َإِذ<tajweed class=madda_obligatory>َآ</tajweed> أَ<tajweed class=ikhafa>نز</tajweed>َلْنَا عَلَيْهَا <tajweed class=ham_wasl>ٱ</tajweed>لْم<tajweed class=madda_obligatory>َا</tajweed>ٓءَ <tajweed class=ham_wasl>ٱ</tajweed>هْتَزَّتْ وَرَبَتْ‌ۚ إِ<tajweed class=ghunnah>نّ</tajweed>َ <tajweed class=ham_wasl>ٱ</tajweed>لَّذ<tajweed class=madda_obligatory>ِىٓ</tajweed> أَحْيَاهَا لَمُحْىِ <tajweed class=ham_wasl>ٱ</tajweed>لْمَوْتَ<tajweed class=madda_obligatory>ىٰٓ‌ۚ</tajweed> إِ<tajweed class=ghunnah>نّ</tajweed>َهُ<tajweed class=madda_normal>ۥ</tajweed> عَلَىٰ كُلِّ ش<tajweed class=ikhafa>َىْءٍ ق</tajweed>َد<tajweed class=madda_permissible>ِي</tajweed>رٌ <span class=end>٣٩</span>","End":"٣٩","PageNumber":481,"JuzNumber":24,"ManzilNumber":6,"RukuNumber":417,"MaqraNumber":192,"HizbNumber":48,"HizbDecimal":0.75,"HasSajda":false},{"SurahNumber":41,"SurahIndex":"041","VerseNumber":40,"ShowSurahName":false,"ShowBismillah":false,"Text":"إِنَّ ٱلَّذِينَ يُلۡحِدُونَ فِيٓ ءَايَٰتِنَا لَا يَخۡفَوۡنَ عَلَيۡنَآۗ أَفَمَن يُلۡقَىٰ فِي ٱلنَّارِ خَيۡرٌ أَم مَّن يَأۡتِيٓ ءَامِنٗا يَوۡمَ ٱلۡقِيَٰمَةِۚ ٱعۡمَلُواْ مَا شِئۡتُمۡ إِنَّهُۥ بِمَا تَعۡمَلُونَ بَصِيرٌ","TajweedText":"إِ<tajweed class=ghunnah>نّ</tajweed>َ <tajweed class=ham_wasl>ٱ</tajweed>لَّذِينَ يُلْحِدُونَ ف<tajweed class=madda_obligatory>ِىٓ</tajweed> ءَايَ<tajweed class=madda_normal>ـٰ</tajweed>تِنَا لَا يَخْفَوْنَ عَلَيْن<tajweed class=madda_obligatory>َآ‌ۗ</tajweed> أَفَم<tajweed class=idgham_ghunnah>َن ي</tajweed>ُلْقَىٰ فِى <tajweed class=ham_wasl>ٱ</tajweed><tajweed class=laam_shamsiyah>ل</tajweed><tajweed class=ghunnah>نّ</tajweed>َارِ خَيْرٌ أ<tajweed class=idgham_shafawi>َم م</tajweed>ّ<tajweed class=idgham_ghunnah>َن ي</tajweed>َأْت<tajweed class=madda_obligatory>ِىٓ</tajweed> ءَامِ<tajweed class=idgham_ghunnah>نًا ي</tajweed>َوْمَ <tajweed class=ham_wasl>ٱ</tajweed>لْقِيَ<tajweed class=madda_normal>ـٰ</tajweed>مَةِ‌ۚ <tajweed class=ham_wasl>ٱ</tajweed>عْمَلُو<tajweed class=slnt>اْ</tajweed> مَا شِئْتُمْ‌ۖ إِ<tajweed class=ghunnah>نّ</tajweed>َهُ<tajweed class=madda_normal>ۥ</tajweed> بِمَا تَعْمَلُونَ بَص<tajweed class=madda_permissible>ِي</tajweed>رٌ <span class=end>٤٠</span>","End":"٤٠","PageNumber":481,"JuzNumber":24,"ManzilNumber":6,"RukuNumber":417,"MaqraNumber":192,"HizbNumber":48,"HizbDecimal":0.75,"HasSajda":false},{"SurahNumber":41,"SurahIndex":"041","VerseNumber":41,"ShowSurahName":false,"ShowBismillah":false,"Text":"إِنَّ ٱلَّذِينَ كَفَرُواْ بِٱلذِّكۡرِ لَمَّا جَآءَهُمۡۖ وَإِنَّهُۥ لَكِتَٰبٌ عَزِيزٞ","TajweedText":"إِ<tajweed class=ghunnah>نّ</tajweed>َ <tajweed class=ham_wasl>ٱ</tajweed>لَّذِينَ كَفَرُو<tajweed class=slnt>اْ</tajweed> بِ<tajweed class=ham_wasl>ٱ</tajweed><tajweed class=laam_shamsiyah>ل</tajweed>ذِّكْرِ لَ<tajweed class=ghunnah>مّ</tajweed>َا ج<tajweed class=madda_obligatory>َا</tajweed>ٓءَهُمْ‌ۖ وَإِ<tajweed class=ghunnah>نّ</tajweed>َهُ<tajweed class=madda_normal>ۥ</tajweed> لَكِتَ<tajweed class=madda_normal>ـٰ</tajweed>بٌ عَز<tajweed class=madda_permissible>ِي</tajweed>زٌ <span class=end>٤١</span>","End":"٤١","PageNumber":481,"JuzNumber":24,"ManzilNumber":6,"RukuNumber":417,"MaqraNumber":192,"HizbNumber":48,"HizbDecimal":0.75,"HasSajda":false},{"SurahNumber":41,"SurahIndex":"041","VerseNumber":42,"ShowSurahName":false,"ShowBismillah":false,"Text":"لَّا يَأۡتِيهِ ٱلۡبَٰطِلُ مِنۢ بَيۡنِ يَدَيۡهِ وَلَا مِنۡ خَلۡفِهِۦۖ تَنزِيلٞ مِّنۡ حَكِيمٍ حَمِيدٖ","TajweedText":"لَّا يَأْتِيهِ <tajweed class=ham_wasl>ٱ</tajweed>لْبَ<tajweed class=madda_normal>ـٰ</tajweed>طِلُ م<tajweed class=iqlab>ِنۢ ب</tajweed>َيْنِ يَدَيْهِ وَلَا مِنْ خَلْفِه<tajweed class=madda_normal>ِۦ</tajweed>‌ۖ تَ<tajweed class=ikhafa>نز</tajweed>ِي<tajweed class=idgham_ghunnah>لٌ م</tajweed>ِّنْ حَكِيمٍ حَم<tajweed class=madda_permissible>ِي</tajweed><tajweed class=qalaqah>د</tajweed>ٍ <span class=end>٤٢</span>","End":"٤٢","PageNumber":481,"JuzNumber":24,"ManzilNumber":6,"RukuNumber":417,"MaqraNumber":192,"HizbNumber":48,"HizbDecimal":0.75,"HasSajda":false},{"SurahNumber":41,"SurahIndex":"041","VerseNumber":43,"ShowSurahName":false,"ShowBismillah":false,"Text":"مَّا يُقَالُ لَكَ إِلَّا مَا قَدۡ قِيلَ لِلرُّسُلِ مِن قَبۡلِكَۚ إِنَّ رَبَّكَ لَذُو مَغۡفِرَةٖ وَذُو عِقَابٍ أَلِيمٖ","TajweedText":"مَّا يُقَالُ لَكَ إِلَّا مَا قَ<tajweed class=qalaqah>دْ</tajweed> قِيلَ لِلرُّسُلِ مِ<tajweed class=ikhafa>ن ق</tajweed>َ<tajweed class=qalaqah>بْ</tajweed>لِكَ‌ۚ إِ<tajweed class=ghunnah>نّ</tajweed>َ رَبَّكَ لَذُو مَغْفِرَ<tajweed class=idgham_ghunnah>ةٍ و</tajweed>َذُو عِقَابٍ أَل<tajweed class=madda_permissible>ِي</tajweed>مٍ <span class=end>٤٣</span>","End":"٤٣","PageNumber":481,"JuzNumber":24,"ManzilNumber":6,"RukuNumber":417,"MaqraNumber":192,"HizbNumber":48,"HizbDecimal":0.75,"HasSajda":false},{"SurahNumber":41,"SurahIndex":"041","VerseNumber":44,"ShowSurahName":false,"ShowBismillah":false,"Text":"وَلَوۡ جَعَلۡنَٰهُ قُرۡءَانًا أَعۡجَمِيّٗا لَّقَالُواْ لَوۡلَا فُصِّلَتۡ ءَايَٰتُهُۥٓۖ ءَا۬عۡجَمِيّٞ وَعَرَبِيّٞۗ قُلۡ هُوَ لِلَّذِينَ ءَامَنُواْ هُدٗى وَشِفَآءٞۚ وَٱلَّذِينَ لَا يُؤۡمِنُونَ فِيٓ ءَاذَانِهِمۡ وَقۡرٞ وَهُوَ عَلَيۡهِمۡ عَمًىۚ أُوْلَـٰٓئِكَ يُنَادَوۡنَ مِن مَّكَانِۭ بَعِيدٖ","TajweedText":"وَلَوْ جَعَلْنَ<tajweed class=madda_normal>ـٰ</tajweed>هُ قُرْءَانًا أَعْجَمِي<tajweed class=idgham_wo_ghunnah>ًّا ل</tajweed>َّقَالُو<tajweed class=slnt>اْ</tajweed> لَوْلَا فُصِّلَتْ ءَايَ<tajweed class=madda_normal>ـٰ</tajweed>تُهُ<tajweed class=madda_obligatory>ۥٓ‌ۖ</tajweed> ءَا۠عْجَمِ<tajweed class=idgham_ghunnah>ىٌّ۬ و</tajweed>َعَرَبِ<tajweed class=ikhafa>ىٌّ‌ۗ ق</tajweed>ُلْ هُوَ لِلَّذِينَ ءَامَنُو<tajweed class=slnt>اْ</tajweed> هُ<tajweed class=idgham_ghunnah>دًى و</tajweed>َشِف<tajweed class=madda_obligatory>َا</tajweed>ٓ<tajweed class=idgham_ghunnah>ءٌ‌ۖ و</tajweed>َ<tajweed class=ham_wasl>ٱ</tajweed>لَّذِينَ لَا يُؤْمِنُونَ ف<tajweed class=madda_obligatory>ِىٓ</tajweed> ءَاذَانِهِمْ وَ<tajweed class=qalaqah>قْ</tajweed><tajweed class=idgham_ghunnah>رٌ و</tajweed>َهُوَ عَلَيْهِمْ عَمًى‌ۚ أُ<tajweed class=slnt>وْ</tajweed>لَ<tajweed class=madda_obligatory>ـٰٓ</tajweed>ئِكَ يُنَادَوْنَ م<tajweed class=idgham_ghunnah>ِن م</tajweed>َّكَا<tajweed class=iqlab>نِۭ ب</tajweed>َع<tajweed class=madda_permissible>ِي</tajweed><tajweed class=qalaqah>د</tajweed>ٍ <span class=end>٤٤</span>","End":"٤٤","PageNumber":481,"JuzNumber":24,"ManzilNumber":6,"RukuNumber":417,"MaqraNumber":192,"HizbNumber":48,"HizbDecimal":0.75,"HasSajda":false}]}