{"RukuNumber":148,"Verses":[{"SurahNumber":8,"SurahIndex":"008","VerseNumber":20,"ShowSurahName":false,"ShowBismillah":false,"Text":"يَـٰٓأَيُّهَا ٱلَّذِينَ ءَامَنُوٓاْ أَطِيعُواْ ٱللَّهَ وَرَسُولَهُۥ وَلَا تَوَلَّوۡاْ عَنۡهُ وَأَنتُمۡ تَسۡمَعُونَ","TajweedText":"يَ<tajweed class=madda_obligatory>ـٰٓ</tajweed>أَيُّهَا <tajweed class=ham_wasl>ٱ</tajweed>لَّذِينَ ءَامَن<tajweed class=madda_obligatory>ُوٓ</tajweed><tajweed class=slnt>اْ</tajweed> أَطِيعُو<tajweed class=slnt>اْ</tajweed> <tajweed class=ham_wasl>ٱ</tajweed>للَّهَ وَرَسُولَهُ<tajweed class=madda_normal>ۥ</tajweed> وَلَا تَوَلَّوْ<tajweed class=slnt>اْ</tajweed> عَنْهُ وَأَ<tajweed class=ikhafa>نت</tajweed>ُمْ تَسْمَع<tajweed class=madda_permissible>ُو</tajweed>نَ <span class=end>٢٠</span>","End":"٢٠","PageNumber":179,"JuzNumber":9,"ManzilNumber":2,"RukuNumber":148,"MaqraNumber":71,"HizbNumber":18,"HizbDecimal":0.5,"HasSajda":false},{"SurahNumber":8,"SurahIndex":"008","VerseNumber":21,"ShowSurahName":false,"ShowBismillah":false,"Text":"وَلَا تَكُونُواْ كَٱلَّذِينَ قَالُواْ سَمِعۡنَا وَهُمۡ لَا يَسۡمَعُونَ","TajweedText":"وَلَا تَكُونُو<tajweed class=slnt>اْ</tajweed> كَ<tajweed class=ham_wasl>ٱ</tajweed>لَّذِينَ قَالُو<tajweed class=slnt>اْ</tajweed> سَمِعْنَا وَهُمْ لَا يَسْمَع<tajweed class=madda_permissible>ُو</tajweed>نَ <span class=end>٢١</span>","End":"٢١","PageNumber":179,"JuzNumber":9,"ManzilNumber":2,"RukuNumber":148,"MaqraNumber":71,"HizbNumber":18,"HizbDecimal":0.5,"HasSajda":false},{"SurahNumber":8,"SurahIndex":"008","VerseNumber":22,"ShowSurahName":false,"ShowBismillah":false,"Text":"۞إِنَّ شَرَّ ٱلدَّوَآبِّ عِندَ ٱللَّهِ ٱلصُّمُّ ٱلۡبُكۡمُ ٱلَّذِينَ لَا يَعۡقِلُونَ","TajweedText":"۞ إِ<tajweed class=ghunnah>نّ</tajweed>َ شَرَّ <tajweed class=ham_wasl>ٱ</tajweed><tajweed class=laam_shamsiyah>ل</tajweed>دَّو<tajweed class=madda_necessary>َا</tajweed>ٓبِّ عِ<tajweed class=ikhafa>ند</tajweed>َ <tajweed class=ham_wasl>ٱ</tajweed>للَّهِ <tajweed class=ham_wasl>ٱ</tajweed><tajweed class=laam_shamsiyah>ل</tajweed>صُّ<tajweed class=ghunnah>مّ</tajweed>ُ <tajweed class=ham_wasl>ٱ</tajweed>لْبُكْمُ <tajweed class=ham_wasl>ٱ</tajweed>لَّذِينَ لَا يَعْقِل<tajweed class=madda_permissible>ُو</tajweed>نَ <span class=end>٢٢</span>","End":"٢٢","PageNumber":179,"JuzNumber":9,"ManzilNumber":2,"RukuNumber":148,"MaqraNumber":72,"HizbNumber":18,"HizbDecimal":0.75,"HasSajda":false},{"SurahNumber":8,"SurahIndex":"008","VerseNumber":23,"ShowSurahName":false,"ShowBismillah":false,"Text":"وَلَوۡ عَلِمَ ٱللَّهُ فِيهِمۡ خَيۡرٗا لَّأَسۡمَعَهُمۡۖ وَلَوۡ أَسۡمَعَهُمۡ لَتَوَلَّواْ وَّهُم مُّعۡرِضُونَ","TajweedText":"وَلَوْ عَلِمَ <tajweed class=ham_wasl>ٱ</tajweed>للَّهُ فِيهِمْ خَيْ<tajweed class=idgham_wo_ghunnah>رًا ل</tajweed>َّأَسْمَعَهُمْ‌ۖ وَلَوْ أَسْمَعَهُمْ لَتَوَلَّو<tajweed class=slnt>اْ</tajweed> وَّه<tajweed class=idgham_shafawi>ُم م</tajweed>ُّعْرِض<tajweed class=madda_permissible>ُو</tajweed>نَ <span class=end>٢٣</span>","End":"٢٣","PageNumber":179,"JuzNumber":9,"ManzilNumber":2,"RukuNumber":148,"MaqraNumber":72,"HizbNumber":18,"HizbDecimal":0.75,"HasSajda":false},{"SurahNumber":8,"SurahIndex":"008","VerseNumber":24,"ShowSurahName":false,"ShowBismillah":false,"Text":"يَـٰٓأَيُّهَا ٱلَّذِينَ ءَامَنُواْ ٱسۡتَجِيبُواْ لِلَّهِ وَلِلرَّسُولِ إِذَا دَعَاكُمۡ لِمَا يُحۡيِيكُمۡۖ وَٱعۡلَمُوٓاْ أَنَّ ٱللَّهَ يَحُولُ بَيۡنَ ٱلۡمَرۡءِ وَقَلۡبِهِۦ وَأَنَّهُۥٓ إِلَيۡهِ تُحۡشَرُونَ","TajweedText":"يَ<tajweed class=madda_obligatory>ـٰٓ</tajweed>أَيُّهَا <tajweed class=ham_wasl>ٱ</tajweed>لَّذِينَ ءَامَنُو<tajweed class=slnt>اْ</tajweed> <tajweed class=ham_wasl>ٱ</tajweed>سْتَجِيبُو<tajweed class=slnt>اْ</tajweed> لِلَّهِ وَلِلرَّسُولِ إِذَا دَعَاكُمْ لِمَا يُحْيِيكُمْ‌ۖ وَ<tajweed class=ham_wasl>ٱ</tajweed>عْلَم<tajweed class=madda_obligatory>ُوٓ</tajweed><tajweed class=slnt>اْ</tajweed> أَ<tajweed class=ghunnah>نّ</tajweed>َ <tajweed class=ham_wasl>ٱ</tajweed>للَّهَ يَحُولُ بَيْنَ <tajweed class=ham_wasl>ٱ</tajweed>لْمَرْءِ وَقَلْبِه<tajweed class=madda_normal>ِۦ</tajweed> وَأَ<tajweed class=ghunnah>نّ</tajweed>َهُ<tajweed class=madda_obligatory>ۥٓ</tajweed> إِلَيْهِ تُحْشَر<tajweed class=madda_permissible>ُو</tajweed>نَ <span class=end>٢٤</span>","End":"٢٤","PageNumber":179,"JuzNumber":9,"ManzilNumber":2,"RukuNumber":148,"MaqraNumber":72,"HizbNumber":18,"HizbDecimal":0.75,"HasSajda":false},{"SurahNumber":8,"SurahIndex":"008","VerseNumber":25,"ShowSurahName":false,"ShowBismillah":false,"Text":"وَٱتَّقُواْ فِتۡنَةٗ لَّا تُصِيبَنَّ ٱلَّذِينَ ظَلَمُواْ مِنكُمۡ خَآصَّةٗۖ وَٱعۡلَمُوٓاْ أَنَّ ٱللَّهَ شَدِيدُ ٱلۡعِقَابِ","TajweedText":"وَ<tajweed class=ham_wasl>ٱ</tajweed>تَّقُو<tajweed class=slnt>اْ</tajweed> فِتْنَ<tajweed class=idgham_wo_ghunnah>ةً ل</tajweed>َّا تُصِيبَ<tajweed class=ghunnah>نّ</tajweed>َ <tajweed class=ham_wasl>ٱ</tajweed>لَّذِينَ ظَلَمُو<tajweed class=slnt>اْ</tajweed> مِ<tajweed class=ikhafa>نك</tajweed>ُمْ خ<tajweed class=madda_necessary>َا</tajweed>ٓصَّ<tajweed class=idgham_ghunnah>ةً‌ۖ و</tajweed>َ<tajweed class=ham_wasl>ٱ</tajweed>عْلَم<tajweed class=madda_obligatory>ُوٓ</tajweed><tajweed class=slnt>اْ</tajweed> أَ<tajweed class=ghunnah>نّ</tajweed>َ <tajweed class=ham_wasl>ٱ</tajweed>للَّهَ شَدِيدُ <tajweed class=ham_wasl>ٱ</tajweed>لْعِق<tajweed class=madda_permissible>َا</tajweed><tajweed class=qalaqah>ب</tajweed>ِ <span class=end>٢٥</span>","End":"٢٥","PageNumber":179,"JuzNumber":9,"ManzilNumber":2,"RukuNumber":148,"MaqraNumber":72,"HizbNumber":18,"HizbDecimal":0.75,"HasSajda":false},{"SurahNumber":8,"SurahIndex":"008","VerseNumber":26,"ShowSurahName":false,"ShowBismillah":false,"Text":"وَٱذۡكُرُوٓاْ إِذۡ أَنتُمۡ قَلِيلٞ مُّسۡتَضۡعَفُونَ فِي ٱلۡأَرۡضِ تَخَافُونَ أَن يَتَخَطَّفَكُمُ ٱلنَّاسُ فَـَٔاوَىٰكُمۡ وَأَيَّدَكُم بِنَصۡرِهِۦ وَرَزَقَكُم مِّنَ ٱلطَّيِّبَٰتِ لَعَلَّكُمۡ تَشۡكُرُونَ","TajweedText":"وَ<tajweed class=ham_wasl>ٱ</tajweed>ذْكُر<tajweed class=madda_obligatory>ُوٓ</tajweed><tajweed class=slnt>اْ</tajweed> إِذْ أَ<tajweed class=ikhafa>نت</tajweed>ُمْ قَلِي<tajweed class=idgham_ghunnah>لٌ م</tajweed>ُّسْتَضْعَفُونَ فِى <tajweed class=ham_wasl>ٱ</tajweed>لْأَرْضِ تَخَافُونَ أ<tajweed class=idgham_ghunnah>َن ي</tajweed>َتَخَطَّفَكُمُ <tajweed class=ham_wasl>ٱ</tajweed><tajweed class=laam_shamsiyah>ل</tajweed><tajweed class=ghunnah>نّ</tajweed>َاسُ فَـَٔـاوَ<tajweed class=madda_normal>ٮٰ</tajweed>كُمْ وَأَيَّدَك<tajweed class=ikhafa_shafawi>ُم ب</tajweed>ِنَصْرِه<tajweed class=madda_normal>ِۦ</tajweed> وَرَزَقَك<tajweed class=idgham_shafawi>ُم م</tajweed>ِّنَ <tajweed class=ham_wasl>ٱ</tajweed><tajweed class=laam_shamsiyah>ل</tajweed>طَّيِّبَ<tajweed class=madda_normal>ـٰ</tajweed>تِ لَعَلَّكُمْ تَشْكُر<tajweed class=madda_permissible>ُو</tajweed>نَ <span class=end>٢٦</span>","End":"٢٦","PageNumber":180,"JuzNumber":9,"ManzilNumber":2,"RukuNumber":148,"MaqraNumber":72,"HizbNumber":18,"HizbDecimal":0.75,"HasSajda":false},{"SurahNumber":8,"SurahIndex":"008","VerseNumber":27,"ShowSurahName":false,"ShowBismillah":false,"Text":"يَـٰٓأَيُّهَا ٱلَّذِينَ ءَامَنُواْ لَا تَخُونُواْ ٱللَّهَ وَٱلرَّسُولَ وَتَخُونُوٓاْ أَمَٰنَٰتِكُمۡ وَأَنتُمۡ تَعۡلَمُونَ","TajweedText":"يَ<tajweed class=madda_obligatory>ـٰٓ</tajweed>أَيُّهَا <tajweed class=ham_wasl>ٱ</tajweed>لَّذِينَ ءَامَنُو<tajweed class=slnt>اْ</tajweed> لَا تَخُونُو<tajweed class=slnt>اْ</tajweed> <tajweed class=ham_wasl>ٱ</tajweed>للَّهَ وَ<tajweed class=ham_wasl>ٱ</tajweed><tajweed class=laam_shamsiyah>ل</tajweed>رَّسُولَ وَتَخُون<tajweed class=madda_obligatory>ُوٓ</tajweed><tajweed class=slnt>اْ</tajweed> أَمَ<tajweed class=madda_normal>ـٰ</tajweed>نَ<tajweed class=madda_normal>ـٰ</tajweed>تِكُمْ وَأَ<tajweed class=ikhafa>نت</tajweed>ُمْ تَعْلَم<tajweed class=madda_permissible>ُو</tajweed>نَ <span class=end>٢٧</span>","End":"٢٧","PageNumber":180,"JuzNumber":9,"ManzilNumber":2,"RukuNumber":148,"MaqraNumber":72,"HizbNumber":18,"HizbDecimal":0.75,"HasSajda":false},{"SurahNumber":8,"SurahIndex":"008","VerseNumber":28,"ShowSurahName":false,"ShowBismillah":false,"Text":"وَٱعۡلَمُوٓاْ أَنَّمَآ أَمۡوَٰلُكُمۡ وَأَوۡلَٰدُكُمۡ فِتۡنَةٞ وَأَنَّ ٱللَّهَ عِندَهُۥٓ أَجۡرٌ عَظِيمٞ","TajweedText":"وَ<tajweed class=ham_wasl>ٱ</tajweed>عْلَم<tajweed class=madda_obligatory>ُوٓ</tajweed><tajweed class=slnt>اْ</tajweed> أَ<tajweed class=ghunnah>نّ</tajweed>َم<tajweed class=madda_obligatory>َآ</tajweed> أَمْو<tajweed class=madda_normal>َٲ</tajweed>لُكُمْ وَأَوْلَ<tajweed class=madda_normal>ـٰ</tajweed>دُكُمْ فِتْنَ<tajweed class=idgham_ghunnah>ةٌ و</tajweed>َأَ<tajweed class=ghunnah>نّ</tajweed>َ <tajweed class=ham_wasl>ٱ</tajweed>للَّهَ عِ<tajweed class=ikhafa>ند</tajweed>َهُ<tajweed class=madda_obligatory>ۥٓ</tajweed> أَ<tajweed class=qalaqah>جْ</tajweed>رٌ عَظ<tajweed class=madda_permissible>ِي</tajweed>مٌ <span class=end>٢٨</span>","End":"٢٨","PageNumber":180,"JuzNumber":9,"ManzilNumber":2,"RukuNumber":148,"MaqraNumber":72,"HizbNumber":18,"HizbDecimal":0.75,"HasSajda":false}]}