{"RukuNumber":32,"Verses":[{"SurahNumber":2,"SurahIndex":"002","VerseNumber":236,"ShowSurahName":false,"ShowBismillah":false,"Text":"لَّا جُنَاحَ عَلَيۡكُمۡ إِن طَلَّقۡتُمُ ٱلنِّسَآءَ مَا لَمۡ تَمَسُّوهُنَّ أَوۡ تَفۡرِضُواْ لَهُنَّ فَرِيضَةٗۚ وَمَتِّعُوهُنَّ عَلَى ٱلۡمُوسِعِ قَدَرُهُۥ وَعَلَى ٱلۡمُقۡتِرِ قَدَرُهُۥ مَتَٰعَۢا بِٱلۡمَعۡرُوفِۖ حَقًّا عَلَى ٱلۡمُحۡسِنِينَ","TajweedText":"لَّا جُنَاحَ عَلَيْكُمْ إِ<tajweed class=ikhafa>ن ط</tajweed>َلَّ<tajweed class=qalaqah>قْ</tajweed>تُمُ <tajweed class=ham_wasl>ٱ</tajweed><tajweed class=laam_shamsiyah>ل</tajweed><tajweed class=ghunnah>نّ</tajweed>ِس<tajweed class=madda_obligatory>َا</tajweed>ٓءَ مَا لَمْ تَمَسُّوهُ<tajweed class=ghunnah>نّ</tajweed>َ أَوْ تَفْرِضُو<tajweed class=slnt>اْ</tajweed> لَهُ<tajweed class=ghunnah>نّ</tajweed>َ فَرِيضَ<tajweed class=idgham_ghunnah>ةً‌ۚ و</tajweed>َمَتِّعُوهُ<tajweed class=ghunnah>نّ</tajweed>َ عَلَى <tajweed class=ham_wasl>ٱ</tajweed>لْمُوسِعِ قَدَرُهُ<tajweed class=madda_normal>ۥ</tajweed> وَعَلَى <tajweed class=ham_wasl>ٱ</tajweed>لْمُ<tajweed class=qalaqah>قْ</tajweed>تِرِ قَدَرُهُ<tajweed class=madda_normal>ۥ</tajweed> مَتَ<tajweed class=madda_normal>ـٰ</tajweed>ع<tajweed class=iqlab>َۢا ب</tajweed>ِ<tajweed class=ham_wasl>ٱ</tajweed>لْمَعْرُوفِ‌ۖ حَقًّا عَلَى <tajweed class=ham_wasl>ٱ</tajweed>لْمُحْسِن<tajweed class=madda_permissible>ِي</tajweed>نَ <span class=end>٢٣٦</span>","End":"٢٣٦","PageNumber":38,"JuzNumber":2,"ManzilNumber":1,"RukuNumber":32,"MaqraNumber":15,"HizbNumber":4,"HizbDecimal":0.5,"HasSajda":false},{"SurahNumber":2,"SurahIndex":"002","VerseNumber":237,"ShowSurahName":false,"ShowBismillah":false,"Text":"وَإِن طَلَّقۡتُمُوهُنَّ مِن قَبۡلِ أَن تَمَسُّوهُنَّ وَقَدۡ فَرَضۡتُمۡ لَهُنَّ فَرِيضَةٗ فَنِصۡفُ مَا فَرَضۡتُمۡ إِلَّآ أَن يَعۡفُونَ أَوۡ يَعۡفُوَاْ ٱلَّذِي بِيَدِهِۦ عُقۡدَةُ ٱلنِّكَاحِۚ وَأَن تَعۡفُوٓاْ أَقۡرَبُ لِلتَّقۡوَىٰۚ وَلَا تَنسَوُاْ ٱلۡفَضۡلَ بَيۡنَكُمۡۚ إِنَّ ٱللَّهَ بِمَا تَعۡمَلُونَ بَصِيرٌ","TajweedText":"وَإِ<tajweed class=ikhafa>ن ط</tajweed>َلَّ<tajweed class=qalaqah>قْ</tajweed>تُمُوهُ<tajweed class=ghunnah>نّ</tajweed>َ مِ<tajweed class=ikhafa>ن ق</tajweed>َ<tajweed class=qalaqah>بْ</tajweed>لِ أَ<tajweed class=ikhafa>ن ت</tajweed>َمَسُّوهُ<tajweed class=ghunnah>نّ</tajweed>َ وَقَ<tajweed class=qalaqah>دْ</tajweed> فَرَضْتُمْ لَهُ<tajweed class=ghunnah>نّ</tajweed>َ فَرِيضَ<tajweed class=ikhafa>ةً ف</tajweed>َنِصْفُ مَا فَرَضْتُمْ إِلّ<tajweed class=madda_obligatory>َآ</tajweed> أ<tajweed class=idgham_ghunnah>َن ي</tajweed>َعْفُونَ أَوْ يَعْفُوَ<tajweed class=slnt>اْ</tajweed> <tajweed class=ham_wasl>ٱ</tajweed>لَّذِى بِيَدِه<tajweed class=madda_normal>ِۦ</tajweed> عُ<tajweed class=qalaqah>قْ</tajweed>دَةُ <tajweed class=ham_wasl>ٱ</tajweed><tajweed class=laam_shamsiyah>ل</tajweed><tajweed class=ghunnah>نّ</tajweed>ِكَاحِ‌ۚ وَأَ<tajweed class=ikhafa>ن ت</tajweed>َعْف<tajweed class=madda_obligatory>ُوٓ</tajweed><tajweed class=slnt>اْ</tajweed> أَ<tajweed class=qalaqah>قْ</tajweed>رَبُ لِلتَّ<tajweed class=qalaqah>قْ</tajweed>وَىٰ‌ۚ وَلَا تَ<tajweed class=ikhafa>نس</tajweed>َوُ<tajweed class=slnt>اْ</tajweed> <tajweed class=ham_wasl>ٱ</tajweed>لْفَضْلَ بَيْنَكُمْ‌ۚ إِ<tajweed class=ghunnah>نّ</tajweed>َ <tajweed class=ham_wasl>ٱ</tajweed>للَّهَ بِمَا تَعْمَلُونَ بَص<tajweed class=madda_permissible>ِي</tajweed>رٌ <span class=end>٢٣٧</span>","End":"٢٣٧","PageNumber":38,"JuzNumber":2,"ManzilNumber":1,"RukuNumber":32,"MaqraNumber":15,"HizbNumber":4,"HizbDecimal":0.5,"HasSajda":false},{"SurahNumber":2,"SurahIndex":"002","VerseNumber":238,"ShowSurahName":false,"ShowBismillah":false,"Text":"حَٰفِظُواْ عَلَى ٱلصَّلَوَٰتِ وَٱلصَّلَوٰةِ ٱلۡوُسۡطَىٰ وَقُومُواْ لِلَّهِ قَٰنِتِينَ","TajweedText":"حَ<tajweed class=madda_normal>ـٰ</tajweed>فِظُو<tajweed class=slnt>اْ</tajweed> عَلَى <tajweed class=ham_wasl>ٱ</tajweed><tajweed class=laam_shamsiyah>ل</tajweed>صَّلَو<tajweed class=madda_normal>َٲ</tajweed>تِ وَ<tajweed class=ham_wasl>ٱ</tajweed><tajweed class=laam_shamsiyah>ل</tajweed>صَّلَ<tajweed class=slnt>و</tajweed><tajweed class=madda_normal>ٲ</tajweed>ةِ <tajweed class=ham_wasl>ٱ</tajweed>لْوُسْطَىٰ وَقُومُو<tajweed class=slnt>اْ</tajweed> لِلَّهِ قَ<tajweed class=madda_normal>ـٰ</tajweed>نِت<tajweed class=madda_permissible>ِي</tajweed>نَ <span class=end>٢٣٨</span>","End":"٢٣٨","PageNumber":39,"JuzNumber":2,"ManzilNumber":1,"RukuNumber":32,"MaqraNumber":15,"HizbNumber":4,"HizbDecimal":0.5,"HasSajda":false},{"SurahNumber":2,"SurahIndex":"002","VerseNumber":239,"ShowSurahName":false,"ShowBismillah":false,"Text":"فَإِنۡ خِفۡتُمۡ فَرِجَالًا أَوۡ رُكۡبَانٗاۖ فَإِذَآ أَمِنتُمۡ فَٱذۡكُرُواْ ٱللَّهَ كَمَا عَلَّمَكُم مَّا لَمۡ تَكُونُواْ تَعۡلَمُونَ","TajweedText":"فَإِنْ خِفْتُمْ فَرِجَالاً أَوْ رُكْبَا<tajweed class=ikhafa>نًا‌ۖ ف</tajweed>َإِذ<tajweed class=madda_obligatory>َآ</tajweed> أَمِ<tajweed class=ikhafa>نت</tajweed>ُمْ فَ<tajweed class=ham_wasl>ٱ</tajweed>ذْكُرُو<tajweed class=slnt>اْ</tajweed> <tajweed class=ham_wasl>ٱ</tajweed>للَّهَ كَمَا عَلَّمَك<tajweed class=idgham_shafawi>ُم م</tajweed>َّا لَمْ تَكُونُو<tajweed class=slnt>اْ</tajweed> تَعْلَم<tajweed class=madda_permissible>ُو</tajweed>نَ <span class=end>٢٣٩</span>","End":"٢٣٩","PageNumber":39,"JuzNumber":2,"ManzilNumber":1,"RukuNumber":32,"MaqraNumber":15,"HizbNumber":4,"HizbDecimal":0.5,"HasSajda":false},{"SurahNumber":2,"SurahIndex":"002","VerseNumber":240,"ShowSurahName":false,"ShowBismillah":false,"Text":"وَٱلَّذِينَ يُتَوَفَّوۡنَ مِنكُمۡ وَيَذَرُونَ أَزۡوَٰجٗا وَصِيَّةٗ لِّأَزۡوَٰجِهِم مَّتَٰعًا إِلَى ٱلۡحَوۡلِ غَيۡرَ إِخۡرَاجٖۚ فَإِنۡ خَرَجۡنَ فَلَا جُنَاحَ عَلَيۡكُمۡ فِي مَا فَعَلۡنَ فِيٓ أَنفُسِهِنَّ مِن مَّعۡرُوفٖۗ وَٱللَّهُ عَزِيزٌ حَكِيمٞ","TajweedText":"وَ<tajweed class=ham_wasl>ٱ</tajweed>لَّذِينَ يُتَوَفَّوْنَ مِ<tajweed class=ikhafa>نك</tajweed>ُمْ وَيَذَرُونَ أَزْو<tajweed class=madda_normal>َٲ</tajweed><tajweed class=idgham_ghunnah>جًا و</tajweed>َصِيَّ<tajweed class=idgham_wo_ghunnah>ةً ل</tajweed>ِّأَزْو<tajweed class=madda_normal>َٲ</tajweed>جِه<tajweed class=idgham_shafawi>ِم م</tajweed>َّتَ<tajweed class=madda_normal>ـٰ</tajweed>عًا إِلَى <tajweed class=ham_wasl>ٱ</tajweed>لْحَوْلِ غَيْرَ إِخْرَا<tajweed class=ikhafa>جٍ‌ۚ ف</tajweed>َإِنْ خَرَ<tajweed class=qalaqah>جْ</tajweed>نَ فَلَا جُنَاحَ عَلَيْكُمْ فِى مَا فَعَلْنَ ف<tajweed class=madda_obligatory>ِىٓ</tajweed> أَ<tajweed class=ikhafa>نف</tajweed>ُسِهِ<tajweed class=ghunnah>نّ</tajweed>َ م<tajweed class=idgham_ghunnah>ِن م</tajweed>َّعْرُو<tajweed class=idgham_ghunnah>فٍ‌ۗ و</tajweed>َ<tajweed class=ham_wasl>ٱ</tajweed>للَّهُ عَزِيزٌ حَك<tajweed class=madda_permissible>ِي</tajweed>مٌ <span class=end>٢٤٠</span>","End":"٢٤٠","PageNumber":39,"JuzNumber":2,"ManzilNumber":1,"RukuNumber":32,"MaqraNumber":15,"HizbNumber":4,"HizbDecimal":0.5,"HasSajda":false},{"SurahNumber":2,"SurahIndex":"002","VerseNumber":241,"ShowSurahName":false,"ShowBismillah":false,"Text":"وَلِلۡمُطَلَّقَٰتِ مَتَٰعُۢ بِٱلۡمَعۡرُوفِۖ حَقًّا عَلَى ٱلۡمُتَّقِينَ","TajweedText":"وَلِلْمُطَلَّقَ<tajweed class=madda_normal>ـٰ</tajweed>تِ مَتَ<tajweed class=madda_normal>ـٰ</tajweed><tajweed class=iqlab>عُۢ ب</tajweed>ِ<tajweed class=ham_wasl>ٱ</tajweed>لْمَعْرُوفِ‌ۖ حَقًّا عَلَى <tajweed class=ham_wasl>ٱ</tajweed>لْمُتَّق<tajweed class=madda_permissible>ِي</tajweed>نَ <span class=end>٢٤١</span>","End":"٢٤١","PageNumber":39,"JuzNumber":2,"ManzilNumber":1,"RukuNumber":32,"MaqraNumber":15,"HizbNumber":4,"HizbDecimal":0.5,"HasSajda":false},{"SurahNumber":2,"SurahIndex":"002","VerseNumber":242,"ShowSurahName":false,"ShowBismillah":false,"Text":"كَذَٰلِكَ يُبَيِّنُ ٱللَّهُ لَكُمۡ ءَايَٰتِهِۦ لَعَلَّكُمۡ تَعۡقِلُونَ","TajweedText":"كَذ<tajweed class=madda_normal>َٲ</tajweed>لِكَ يُبَيِّنُ <tajweed class=ham_wasl>ٱ</tajweed>للَّهُ لَكُمْ ءَايَ<tajweed class=madda_normal>ـٰ</tajweed>تِه<tajweed class=madda_normal>ِۦ</tajweed> لَعَلَّكُمْ تَعْقِل<tajweed class=madda_permissible>ُو</tajweed>نَ <span class=end>٢٤٢</span>","End":"٢٤٢","PageNumber":39,"JuzNumber":2,"ManzilNumber":1,"RukuNumber":32,"MaqraNumber":15,"HizbNumber":4,"HizbDecimal":0.5,"HasSajda":false}]}