{"RukuNumber":232,"Verses":[{"SurahNumber":16,"SurahIndex":"016","VerseNumber":66,"ShowSurahName":false,"ShowBismillah":false,"Text":"وَإِنَّ لَكُمۡ فِي ٱلۡأَنۡعَٰمِ لَعِبۡرَةٗۖ نُّسۡقِيكُم مِّمَّا فِي بُطُونِهِۦ مِنۢ بَيۡنِ فَرۡثٖ وَدَمٖ لَّبَنًا خَالِصٗا سَآئِغٗا لِّلشَّـٰرِبِينَ","TajweedText":"وَإِ<tajweed class=ghunnah>نّ</tajweed>َ لَكُمْ فِى <tajweed class=ham_wasl>ٱ</tajweed>لْأَنْعَ<tajweed class=madda_normal>ـٰ</tajweed>مِ لَعِ<tajweed class=qalaqah>بْ</tajweed>رَ<tajweed class=idgham_ghunnah>ةً‌ۖ ن</tajweed>ُّسْقِيك<tajweed class=idgham_shafawi>ُم م</tajweed>ِّ<tajweed class=ghunnah>مّ</tajweed>َا فِى بُطُونِه<tajweed class=madda_normal>ِۦ</tajweed> م<tajweed class=iqlab>ِنۢ ب</tajweed>َيْنِ فَرْ<tajweed class=idgham_ghunnah>ثٍ و</tajweed>َدَ<tajweed class=idgham_wo_ghunnah>مٍ ل</tajweed>َّبَنًا خَالِ<tajweed class=ikhafa>صًا س</tajweed><tajweed class=madda_obligatory>َا</tajweed>ٓئِ<tajweed class=idgham_wo_ghunnah>غًا ل</tajweed>ِّلشَّ<tajweed class=madda_normal>ـٰ</tajweed>رِب<tajweed class=madda_permissible>ِي</tajweed>نَ <span class=end>٦٦</span>","End":"٦٦","PageNumber":274,"JuzNumber":14,"ManzilNumber":3,"RukuNumber":232,"MaqraNumber":109,"HizbNumber":28,"HizbDecimal":0.0,"HasSajda":false},{"SurahNumber":16,"SurahIndex":"016","VerseNumber":67,"ShowSurahName":false,"ShowBismillah":false,"Text":"وَمِن ثَمَرَٰتِ ٱلنَّخِيلِ وَٱلۡأَعۡنَٰبِ تَتَّخِذُونَ مِنۡهُ سَكَرٗا وَرِزۡقًا حَسَنًاۚ إِنَّ فِي ذَٰلِكَ لَأٓيَةٗ لِّقَوۡمٖ يَعۡقِلُونَ","TajweedText":"وَمِ<tajweed class=ikhafa>ن ث</tajweed>َمَر<tajweed class=madda_normal>َٲ</tajweed>تِ <tajweed class=ham_wasl>ٱ</tajweed><tajweed class=laam_shamsiyah>ل</tajweed><tajweed class=ghunnah>نّ</tajweed>َخِيلِ وَ<tajweed class=ham_wasl>ٱ</tajweed>لْأَعْنَ<tajweed class=madda_normal>ـٰ</tajweed>بِ تَتَّخِذُونَ مِنْهُ سَكَ<tajweed class=idgham_ghunnah>رًا و</tajweed>َرِزْقًا حَسَنًا‌ۗ إِ<tajweed class=ghunnah>نّ</tajweed>َ فِى ذ<tajweed class=madda_normal>َٲ</tajweed>لِكَ لَأَيَ<tajweed class=idgham_wo_ghunnah>ةً ل</tajweed>ِّقَوْ<tajweed class=idgham_ghunnah>مٍ ي</tajweed>َعْقِل<tajweed class=madda_permissible>ُو</tajweed>نَ <span class=end>٦٧</span>","End":"٦٧","PageNumber":274,"JuzNumber":14,"ManzilNumber":3,"RukuNumber":232,"MaqraNumber":109,"HizbNumber":28,"HizbDecimal":0.0,"HasSajda":false},{"SurahNumber":16,"SurahIndex":"016","VerseNumber":68,"ShowSurahName":false,"ShowBismillah":false,"Text":"وَأَوۡحَىٰ رَبُّكَ إِلَى ٱلنَّحۡلِ أَنِ ٱتَّخِذِي مِنَ ٱلۡجِبَالِ بُيُوتٗا وَمِنَ ٱلشَّجَرِ وَمِمَّا يَعۡرِشُونَ","TajweedText":"وَأَوْحَىٰ رَبُّكَ إِلَى <tajweed class=ham_wasl>ٱ</tajweed><tajweed class=laam_shamsiyah>ل</tajweed><tajweed class=ghunnah>نّ</tajweed>َحْلِ أَنِ <tajweed class=ham_wasl>ٱ</tajweed>تَّخِذِى مِنَ <tajweed class=ham_wasl>ٱ</tajweed>لْجِبَالِ بُيُو<tajweed class=idgham_ghunnah>تًا و</tajweed>َمِنَ <tajweed class=ham_wasl>ٱ</tajweed><tajweed class=laam_shamsiyah>ل</tajweed>شَّجَرِ وَمِ<tajweed class=ghunnah>مّ</tajweed>َا يَعْرِش<tajweed class=madda_permissible>ُو</tajweed>نَ <span class=end>٦٨</span>","End":"٦٨","PageNumber":274,"JuzNumber":14,"ManzilNumber":3,"RukuNumber":232,"MaqraNumber":109,"HizbNumber":28,"HizbDecimal":0.0,"HasSajda":false},{"SurahNumber":16,"SurahIndex":"016","VerseNumber":69,"ShowSurahName":false,"ShowBismillah":false,"Text":"ثُمَّ كُلِي مِن كُلِّ ٱلثَّمَرَٰتِ فَٱسۡلُكِي سُبُلَ رَبِّكِ ذُلُلٗاۚ يَخۡرُجُ مِنۢ بُطُونِهَا شَرَابٞ مُّخۡتَلِفٌ أَلۡوَٰنُهُۥ فِيهِ شِفَآءٞ لِّلنَّاسِۚ إِنَّ فِي ذَٰلِكَ لَأٓيَةٗ لِّقَوۡمٖ يَتَفَكَّرُونَ","TajweedText":"ثُ<tajweed class=ghunnah>مّ</tajweed>َ كُلِى مِ<tajweed class=ikhafa>ن ك</tajweed>ُلِّ <tajweed class=ham_wasl>ٱ</tajweed><tajweed class=laam_shamsiyah>ل</tajweed>ثَّمَر<tajweed class=madda_normal>َٲ</tajweed>تِ فَ<tajweed class=ham_wasl>ٱ</tajweed>سْلُكِى سُبُلَ رَبِّكِ ذُلُل<tajweed class=idgham_ghunnah>اً‌ۚ ي</tajweed>َخْرُجُ م<tajweed class=iqlab>ِنۢ ب</tajweed>ُطُونِهَا شَرَا<tajweed class=idgham_ghunnah>بٌ م</tajweed>ُّخْتَلِفٌ أَلْو<tajweed class=madda_normal>َٲ</tajweed>نُهُ<tajweed class=madda_normal>ۥ</tajweed> فِيهِ شِف<tajweed class=madda_obligatory>َا</tajweed>ٓ<tajweed class=idgham_wo_ghunnah>ءٌ ل</tajweed>ِّل<tajweed class=ghunnah>نّ</tajweed>َاسِ‌ۗ إِ<tajweed class=ghunnah>نّ</tajweed>َ فِى ذ<tajweed class=madda_normal>َٲ</tajweed>لِكَ لَأَيَ<tajweed class=idgham_wo_ghunnah>ةً ل</tajweed>ِّقَوْ<tajweed class=idgham_ghunnah>مٍ ي</tajweed>َتَفَكَّر<tajweed class=madda_permissible>ُو</tajweed>نَ <span class=end>٦٩</span>","End":"٦٩","PageNumber":274,"JuzNumber":14,"ManzilNumber":3,"RukuNumber":232,"MaqraNumber":109,"HizbNumber":28,"HizbDecimal":0.0,"HasSajda":false},{"SurahNumber":16,"SurahIndex":"016","VerseNumber":70,"ShowSurahName":false,"ShowBismillah":false,"Text":"وَٱللَّهُ خَلَقَكُمۡ ثُمَّ يَتَوَفَّىٰكُمۡۚ وَمِنكُم مَّن يُرَدُّ إِلَىٰٓ أَرۡذَلِ ٱلۡعُمُرِ لِكَيۡ لَا يَعۡلَمَ بَعۡدَ عِلۡمٖ شَيۡـًٔاۚ إِنَّ ٱللَّهَ عَلِيمٞ قَدِيرٞ","TajweedText":"وَ<tajweed class=ham_wasl>ٱ</tajweed>للَّهُ خَلَقَكُمْ ثُ<tajweed class=ghunnah>مّ</tajweed>َ يَتَوَفَّ<tajweed class=madda_normal>ـٰ</tajweed>كُمْ‌ۚ وَمِ<tajweed class=ikhafa>نك</tajweed><tajweed class=idgham_shafawi>ُم م</tajweed>ّ<tajweed class=idgham_ghunnah>َن ي</tajweed>ُرَدُّ إِلَ<tajweed class=madda_obligatory>ىٰٓ</tajweed> أَرْذَلِ <tajweed class=ham_wasl>ٱ</tajweed>لْعُمُرِ لِكَىْ لَا يَعْلَمَ بَعْدَ عِلْ<tajweed class=ikhafa>مٍ ش</tajweed>َيْــًٔا‌ۚ إِ<tajweed class=ghunnah>نّ</tajweed>َ <tajweed class=ham_wasl>ٱ</tajweed>للَّهَ عَلِي<tajweed class=ikhafa>مٌ ق</tajweed>َد<tajweed class=madda_permissible>ِي</tajweed>رٌ <span class=end>٧٠</span>","End":"٧٠","PageNumber":274,"JuzNumber":14,"ManzilNumber":3,"RukuNumber":232,"MaqraNumber":109,"HizbNumber":28,"HizbDecimal":0.0,"HasSajda":false}]}