{"RukuNumber":306,"Verses":[{"SurahNumber":24,"SurahIndex":"024","VerseNumber":41,"ShowSurahName":false,"ShowBismillah":false,"Text":"أَلَمۡ تَرَ أَنَّ ٱللَّهَ يُسَبِّحُ لَهُۥ مَن فِي ٱلسَّمَٰوَٰتِ وَٱلۡأَرۡضِ وَٱلطَّيۡرُ صَـٰٓفَّـٰتٖۖ كُلّٞ قَدۡ عَلِمَ صَلَاتَهُۥ وَتَسۡبِيحَهُۥۗ وَٱللَّهُ عَلِيمُۢ بِمَا يَفۡعَلُونَ","TajweedText":"أَلَمْ تَرَ أَ<tajweed class=ghunnah>نّ</tajweed>َ <tajweed class=ham_wasl>ٱ</tajweed>للَّهَ يُسَبِّحُ لَهُ<tajweed class=madda_normal>ۥ</tajweed> مَ<tajweed class=ikhafa>ن ف</tajweed>ِى <tajweed class=ham_wasl>ٱ</tajweed><tajweed class=laam_shamsiyah>ل</tajweed>سَّمَ<tajweed class=madda_normal>ـٰ</tajweed>و<tajweed class=madda_normal>َٲ</tajweed>تِ وَ<tajweed class=ham_wasl>ٱ</tajweed>لْأَرْضِ وَ<tajweed class=ham_wasl>ٱ</tajweed><tajweed class=laam_shamsiyah>ل</tajweed>طَّيْرُ صَ<tajweed class=madda_necessary>ـٰٓ</tajweed>فَّ<tajweed class=madda_normal>ـٰ</tajweed><tajweed class=ikhafa>تٍ‌ۖ ك</tajweed>ُ<tajweed class=ikhafa>لٌّ ق</tajweed>َ<tajweed class=qalaqah>دْ</tajweed> عَلِمَ صَلَاتَهُ<tajweed class=madda_normal>ۥ</tajweed> وَتَسْبِيحَهُ<tajweed class=madda_normal>ۥ</tajweed>‌ۗ وَ<tajweed class=ham_wasl>ٱ</tajweed>للَّهُ عَلِي<tajweed class=iqlab>مُۢ ب</tajweed>ِمَا يَفْعَل<tajweed class=madda_permissible>ُو</tajweed>نَ <span class=end>٤١</span>","End":"٤١","PageNumber":355,"JuzNumber":18,"ManzilNumber":4,"RukuNumber":306,"MaqraNumber":142,"HizbNumber":36,"HizbDecimal":0.25,"HasSajda":false},{"SurahNumber":24,"SurahIndex":"024","VerseNumber":42,"ShowSurahName":false,"ShowBismillah":false,"Text":"وَلِلَّهِ مُلۡكُ ٱلسَّمَٰوَٰتِ وَٱلۡأَرۡضِۖ وَإِلَى ٱللَّهِ ٱلۡمَصِيرُ","TajweedText":"وَلِلَّهِ مُلْكُ <tajweed class=ham_wasl>ٱ</tajweed><tajweed class=laam_shamsiyah>ل</tajweed>سَّمَ<tajweed class=madda_normal>ـٰ</tajweed>و<tajweed class=madda_normal>َٲ</tajweed>تِ وَ<tajweed class=ham_wasl>ٱ</tajweed>لْأَرْضِ‌ۖ وَإِلَى <tajweed class=ham_wasl>ٱ</tajweed>للَّهِ <tajweed class=ham_wasl>ٱ</tajweed>لْمَص<tajweed class=madda_permissible>ِي</tajweed>رُ <span class=end>٤٢</span>","End":"٤٢","PageNumber":355,"JuzNumber":18,"ManzilNumber":4,"RukuNumber":306,"MaqraNumber":142,"HizbNumber":36,"HizbDecimal":0.25,"HasSajda":false},{"SurahNumber":24,"SurahIndex":"024","VerseNumber":43,"ShowSurahName":false,"ShowBismillah":false,"Text":"أَلَمۡ تَرَ أَنَّ ٱللَّهَ يُزۡجِي سَحَابٗا ثُمَّ يُؤَلِّفُ بَيۡنَهُۥ ثُمَّ يَجۡعَلُهُۥ رُكَامٗا فَتَرَى ٱلۡوَدۡقَ يَخۡرُجُ مِنۡ خِلَٰلِهِۦ وَيُنَزِّلُ مِنَ ٱلسَّمَآءِ مِن جِبَالٖ فِيهَا مِنۢ بَرَدٖ فَيُصِيبُ بِهِۦ مَن يَشَآءُ وَيَصۡرِفُهُۥ عَن مَّن يَشَآءُۖ يَكَادُ سَنَا بَرۡقِهِۦ يَذۡهَبُ بِٱلۡأَبۡصَٰرِ","TajweedText":"أَلَمْ تَرَ أَ<tajweed class=ghunnah>نّ</tajweed>َ <tajweed class=ham_wasl>ٱ</tajweed>للَّهَ يُزْجِى سَحَا<tajweed class=ikhafa>بًا ث</tajweed>ُ<tajweed class=ghunnah>مّ</tajweed>َ يُؤَلِّفُ بَيْنَهُ<tajweed class=madda_normal>ۥ</tajweed> ثُ<tajweed class=ghunnah>مّ</tajweed>َ يَ<tajweed class=qalaqah>جْ</tajweed>عَلُهُ<tajweed class=madda_normal>ۥ</tajweed> رُكَا<tajweed class=ikhafa>مًا ف</tajweed>َتَرَى <tajweed class=ham_wasl>ٱ</tajweed>لْوَ<tajweed class=qalaqah>دْ</tajweed>قَ يَخْرُجُ مِنْ خِلَ<tajweed class=madda_normal>ـٰ</tajweed>لِه<tajweed class=madda_normal>ِۦ</tajweed> وَيُنَزِّلُ مِنَ <tajweed class=ham_wasl>ٱ</tajweed><tajweed class=laam_shamsiyah>ل</tajweed>سَّم<tajweed class=madda_obligatory>َا</tajweed>ٓءِ مِ<tajweed class=ikhafa>ن ج</tajweed>ِبَا<tajweed class=ikhafa>لٍ ف</tajweed>ِيهَا م<tajweed class=iqlab>ِنۢ ب</tajweed>َرَ<tajweed class=ikhafa>دٍ ف</tajweed>َيُصِيبُ بِه<tajweed class=madda_normal>ِۦ</tajweed> م<tajweed class=idgham_ghunnah>َن ي</tajweed>َش<tajweed class=madda_obligatory>َا</tajweed>ٓءُ وَيَصْرِفُهُ<tajweed class=madda_normal>ۥ</tajweed> ع<tajweed class=idgham_ghunnah>َن م</tajweed>ّ<tajweed class=idgham_ghunnah>َن ي</tajweed>َش<tajweed class=madda_obligatory>َا</tajweed>ٓءُ‌ۖ يَكَادُ سَنَا بَرْقِه<tajweed class=madda_normal>ِۦ</tajweed> يَذْهَبُ بِ<tajweed class=ham_wasl>ٱ</tajweed>لْأَ<tajweed class=qalaqah>بْ</tajweed>صَ<tajweed class=madda_permissible>ـٰ</tajweed>رِ <span class=end>٤٣</span>","End":"٤٣","PageNumber":355,"JuzNumber":18,"ManzilNumber":4,"RukuNumber":306,"MaqraNumber":142,"HizbNumber":36,"HizbDecimal":0.25,"HasSajda":false},{"SurahNumber":24,"SurahIndex":"024","VerseNumber":44,"ShowSurahName":false,"ShowBismillah":false,"Text":"يُقَلِّبُ ٱللَّهُ ٱلَّيۡلَ وَٱلنَّهَارَۚ إِنَّ فِي ذَٰلِكَ لَعِبۡرَةٗ لِّأُوْلِي ٱلۡأَبۡصَٰرِ","TajweedText":"يُقَلِّبُ <tajweed class=ham_wasl>ٱ</tajweed>للَّهُ <tajweed class=ham_wasl>ٱ</tajweed>لَّيْلَ وَ<tajweed class=ham_wasl>ٱ</tajweed><tajweed class=laam_shamsiyah>ل</tajweed><tajweed class=ghunnah>نّ</tajweed>َهَارَ‌ۚ إِ<tajweed class=ghunnah>نّ</tajweed>َ فِى ذ<tajweed class=madda_normal>َٲ</tajweed>لِكَ لَعِ<tajweed class=qalaqah>بْ</tajweed>رَ<tajweed class=idgham_wo_ghunnah>ةً ل</tajweed>ِّأُ<tajweed class=slnt>وْ</tajweed>لِى <tajweed class=ham_wasl>ٱ</tajweed>لْأَ<tajweed class=qalaqah>بْ</tajweed>صَ<tajweed class=madda_permissible>ـٰ</tajweed>رِ <span class=end>٤٤</span>","End":"٤٤","PageNumber":356,"JuzNumber":18,"ManzilNumber":4,"RukuNumber":306,"MaqraNumber":142,"HizbNumber":36,"HizbDecimal":0.25,"HasSajda":false},{"SurahNumber":24,"SurahIndex":"024","VerseNumber":45,"ShowSurahName":false,"ShowBismillah":false,"Text":"وَٱللَّهُ خَلَقَ كُلَّ دَآبَّةٖ مِّن مَّآءٖۖ فَمِنۡهُم مَّن يَمۡشِي عَلَىٰ بَطۡنِهِۦ وَمِنۡهُم مَّن يَمۡشِي عَلَىٰ رِجۡلَيۡنِ وَمِنۡهُم مَّن يَمۡشِي عَلَىٰٓ أَرۡبَعٖۚ يَخۡلُقُ ٱللَّهُ مَا يَشَآءُۚ إِنَّ ٱللَّهَ عَلَىٰ كُلِّ شَيۡءٖ قَدِيرٞ","TajweedText":"وَ<tajweed class=ham_wasl>ٱ</tajweed>للَّهُ خَلَقَ كُلَّ د<tajweed class=madda_necessary>َا</tajweed>ٓبَّ<tajweed class=idgham_ghunnah>ةٍ م</tajweed>ّ<tajweed class=idgham_ghunnah>ِن م</tajweed>ّ<tajweed class=madda_obligatory>َا</tajweed>ٓ<tajweed class=ikhafa>ءٍ‌ۖ ف</tajweed>َمِنْه<tajweed class=idgham_shafawi>ُم م</tajweed>ّ<tajweed class=idgham_ghunnah>َن ي</tajweed>َمْشِى عَلَىٰ بَ<tajweed class=qalaqah>طْ</tajweed>نِه<tajweed class=madda_normal>ِۦ</tajweed> وَمِنْه<tajweed class=idgham_shafawi>ُم م</tajweed>ّ<tajweed class=idgham_ghunnah>َن ي</tajweed>َمْشِى عَلَىٰ رِ<tajweed class=qalaqah>جْ</tajweed>لَيْنِ وَمِنْه<tajweed class=idgham_shafawi>ُم م</tajweed>ّ<tajweed class=idgham_ghunnah>َن ي</tajweed>َمْشِى عَلَ<tajweed class=madda_obligatory>ىٰٓ</tajweed> أَرْبَ<tajweed class=idgham_ghunnah>عٍ‌ۚ ي</tajweed>َخْلُقُ <tajweed class=ham_wasl>ٱ</tajweed>للَّهُ مَا يَش<tajweed class=madda_obligatory>َا</tajweed>ٓءُ‌ۚ إِ<tajweed class=ghunnah>نّ</tajweed>َ <tajweed class=ham_wasl>ٱ</tajweed>للَّهَ عَلَىٰ كُلِّ ش<tajweed class=ikhafa>َىْءٍ ق</tajweed>َد<tajweed class=madda_permissible>ِي</tajweed>رٌ <span class=end>٤٥</span>","End":"٤٥","PageNumber":356,"JuzNumber":18,"ManzilNumber":4,"RukuNumber":306,"MaqraNumber":142,"HizbNumber":36,"HizbDecimal":0.25,"HasSajda":false},{"SurahNumber":24,"SurahIndex":"024","VerseNumber":46,"ShowSurahName":false,"ShowBismillah":false,"Text":"لَّقَدۡ أَنزَلۡنَآ ءَايَٰتٖ مُّبَيِّنَٰتٖۚ وَٱللَّهُ يَهۡدِي مَن يَشَآءُ إِلَىٰ صِرَٰطٖ مُّسۡتَقِيمٖ","TajweedText":"لَّقَ<tajweed class=qalaqah>دْ</tajweed> أَ<tajweed class=ikhafa>نز</tajweed>َلْن<tajweed class=madda_obligatory>َآ</tajweed> ءَايَ<tajweed class=madda_normal>ـٰ</tajweed><tajweed class=idgham_ghunnah>تٍ م</tajweed>ُّبَيِّنَ<tajweed class=madda_normal>ـٰ</tajweed><tajweed class=idgham_ghunnah>تٍ‌ۚ و</tajweed>َ<tajweed class=ham_wasl>ٱ</tajweed>للَّهُ يَهْدِى م<tajweed class=idgham_ghunnah>َن ي</tajweed>َش<tajweed class=madda_obligatory>َا</tajweed>ٓءُ إِلَىٰ صِر<tajweed class=madda_normal>َٲ</tajweed><tajweed class=idgham_ghunnah>طٍ م</tajweed>ُّسْتَق<tajweed class=madda_permissible>ِي</tajweed>مٍ <span class=end>٤٦</span>","End":"٤٦","PageNumber":356,"JuzNumber":18,"ManzilNumber":4,"RukuNumber":306,"MaqraNumber":142,"HizbNumber":36,"HizbDecimal":0.25,"HasSajda":false},{"SurahNumber":24,"SurahIndex":"024","VerseNumber":47,"ShowSurahName":false,"ShowBismillah":false,"Text":"وَيَقُولُونَ ءَامَنَّا بِٱللَّهِ وَبِٱلرَّسُولِ وَأَطَعۡنَا ثُمَّ يَتَوَلَّىٰ فَرِيقٞ مِّنۡهُم مِّنۢ بَعۡدِ ذَٰلِكَۚ وَمَآ أُوْلَـٰٓئِكَ بِٱلۡمُؤۡمِنِينَ","TajweedText":"وَيَقُولُونَ ءَامَ<tajweed class=ghunnah>نّ</tajweed>َا بِ<tajweed class=ham_wasl>ٱ</tajweed>للَّهِ وَبِ<tajweed class=ham_wasl>ٱ</tajweed><tajweed class=laam_shamsiyah>ل</tajweed>رَّسُولِ وَأَطَعْنَا ثُ<tajweed class=ghunnah>مّ</tajweed>َ يَتَوَلَّىٰ فَرِي<tajweed class=idgham_ghunnah>قٌ م</tajweed>ِّنْه<tajweed class=idgham_shafawi>ُم م</tajweed>ّ<tajweed class=iqlab>ِنۢ ب</tajweed>َعْدِ ذ<tajweed class=madda_normal>َٲ</tajweed>لِكَ‌ۚ وَم<tajweed class=madda_obligatory>َآ</tajweed> أُ<tajweed class=slnt>وْ</tajweed>لَ<tajweed class=madda_obligatory>ـٰٓ</tajweed>ئِكَ بِ<tajweed class=ham_wasl>ٱ</tajweed>لْمُؤْمِن<tajweed class=madda_permissible>ِي</tajweed>نَ <span class=end>٤٧</span>","End":"٤٧","PageNumber":356,"JuzNumber":18,"ManzilNumber":4,"RukuNumber":306,"MaqraNumber":142,"HizbNumber":36,"HizbDecimal":0.25,"HasSajda":false},{"SurahNumber":24,"SurahIndex":"024","VerseNumber":48,"ShowSurahName":false,"ShowBismillah":false,"Text":"وَإِذَا دُعُوٓاْ إِلَى ٱللَّهِ وَرَسُولِهِۦ لِيَحۡكُمَ بَيۡنَهُمۡ إِذَا فَرِيقٞ مِّنۡهُم مُّعۡرِضُونَ","TajweedText":"وَإِذَا دُع<tajweed class=madda_obligatory>ُوٓ</tajweed><tajweed class=slnt>اْ</tajweed> إِلَى <tajweed class=ham_wasl>ٱ</tajweed>للَّهِ وَرَسُولِه<tajweed class=madda_normal>ِۦ</tajweed> لِيَحْكُمَ بَيْنَهُمْ إِذَا فَرِي<tajweed class=idgham_ghunnah>قٌ م</tajweed>ِّنْه<tajweed class=idgham_shafawi>ُم م</tajweed>ُّعْرِض<tajweed class=madda_permissible>ُو</tajweed>نَ <span class=end>٤٨</span>","End":"٤٨","PageNumber":356,"JuzNumber":18,"ManzilNumber":4,"RukuNumber":306,"MaqraNumber":142,"HizbNumber":36,"HizbDecimal":0.25,"HasSajda":false},{"SurahNumber":24,"SurahIndex":"024","VerseNumber":49,"ShowSurahName":false,"ShowBismillah":false,"Text":"وَإِن يَكُن لَّهُمُ ٱلۡحَقُّ يَأۡتُوٓاْ إِلَيۡهِ مُذۡعِنِينَ","TajweedText":"وَإ<tajweed class=idgham_ghunnah>ِن ي</tajweed>َك<tajweed class=idgham_wo_ghunnah>ُن ل</tajweed>َّهُمُ <tajweed class=ham_wasl>ٱ</tajweed>لْحَقُّ يَأْت<tajweed class=madda_obligatory>ُوٓ</tajweed><tajweed class=slnt>اْ</tajweed> إِلَيْهِ مُذْعِن<tajweed class=madda_permissible>ِي</tajweed>نَ <span class=end>٤٩</span>","End":"٤٩","PageNumber":356,"JuzNumber":18,"ManzilNumber":4,"RukuNumber":306,"MaqraNumber":142,"HizbNumber":36,"HizbDecimal":0.25,"HasSajda":false},{"SurahNumber":24,"SurahIndex":"024","VerseNumber":50,"ShowSurahName":false,"ShowBismillah":false,"Text":"أَفِي قُلُوبِهِم مَّرَضٌ أَمِ ٱرۡتَابُوٓاْ أَمۡ يَخَافُونَ أَن يَحِيفَ ٱللَّهُ عَلَيۡهِمۡ وَرَسُولُهُۥۚ بَلۡ أُوْلَـٰٓئِكَ هُمُ ٱلظَّـٰلِمُونَ","TajweedText":"أَفِى قُلُوبِه<tajweed class=idgham_shafawi>ِم م</tajweed>َّرَضٌ أَمِ <tajweed class=ham_wasl>ٱ</tajweed>رْتَاب<tajweed class=madda_obligatory>ُوٓ</tajweed><tajweed class=slnt>اْ</tajweed> أَمْ يَخَافُونَ أ<tajweed class=idgham_ghunnah>َن ي</tajweed>َحِيفَ <tajweed class=ham_wasl>ٱ</tajweed>للَّهُ عَلَيْهِمْ وَرَسُولُهُ<tajweed class=madda_normal>ۥ</tajweed>‌ۚ بَلْ أُ<tajweed class=slnt>وْ</tajweed>لَ<tajweed class=madda_obligatory>ـٰٓ</tajweed>ئِكَ هُمُ <tajweed class=ham_wasl>ٱ</tajweed><tajweed class=laam_shamsiyah>ل</tajweed>ظَّ<tajweed class=madda_normal>ـٰ</tajweed>لِم<tajweed class=madda_permissible>ُو</tajweed>نَ <span class=end>٥٠</span>","End":"٥٠","PageNumber":356,"JuzNumber":18,"ManzilNumber":4,"RukuNumber":306,"MaqraNumber":142,"HizbNumber":36,"HizbDecimal":0.25,"HasSajda":false}]}