{"RukuNumber":489,"Verses":[{"SurahNumber":63,"SurahIndex":"063","VerseNumber":9,"ShowSurahName":false,"ShowBismillah":false,"Text":"يَـٰٓأَيُّهَا ٱلَّذِينَ ءَامَنُواْ لَا تُلۡهِكُمۡ أَمۡوَٰلُكُمۡ وَلَآ أَوۡلَٰدُكُمۡ عَن ذِكۡرِ ٱللَّهِۚ وَمَن يَفۡعَلۡ ذَٰلِكَ فَأُوْلَـٰٓئِكَ هُمُ ٱلۡخَٰسِرُونَ","TajweedText":"يَ<tajweed class=madda_obligatory>ـٰٓ</tajweed>أَيُّهَا <tajweed class=ham_wasl>ٱ</tajweed>لَّذِينَ ءَامَنُو<tajweed class=slnt>اْ</tajweed> لَا تُلْهِكُمْ أَمْو<tajweed class=madda_normal>َٲ</tajweed>لُكُمْ وَل<tajweed class=madda_obligatory>َآ</tajweed> أَوْلَ<tajweed class=madda_normal>ـٰ</tajweed>دُكُمْ عَ<tajweed class=ikhafa>ن ذ</tajweed>ِكْرِ <tajweed class=ham_wasl>ٱ</tajweed>للَّهِ‌ۚ وَم<tajweed class=idgham_ghunnah>َن ي</tajweed>َفْعَلْ ذ<tajweed class=madda_normal>َٲ</tajweed>لِكَ فَأُ<tajweed class=slnt>وْ</tajweed>لَ<tajweed class=madda_obligatory>ـٰٓ</tajweed>ئِكَ هُمُ <tajweed class=ham_wasl>ٱ</tajweed>لْخَ<tajweed class=madda_normal>ـٰ</tajweed>سِر<tajweed class=madda_permissible>ُو</tajweed>نَ <span class=end>٩</span>","End":"٩","PageNumber":555,"JuzNumber":28,"ManzilNumber":7,"RukuNumber":489,"MaqraNumber":222,"HizbNumber":56,"HizbDecimal":0.25,"HasSajda":false},{"SurahNumber":63,"SurahIndex":"063","VerseNumber":10,"ShowSurahName":false,"ShowBismillah":false,"Text":"وَأَنفِقُواْ مِن مَّا رَزَقۡنَٰكُم مِّن قَبۡلِ أَن يَأۡتِيَ أَحَدَكُمُ ٱلۡمَوۡتُ فَيَقُولَ رَبِّ لَوۡلَآ أَخَّرۡتَنِيٓ إِلَىٰٓ أَجَلٖ قَرِيبٖ فَأَصَّدَّقَ وَأَكُن مِّنَ ٱلصَّـٰلِحِينَ","TajweedText":"وَأَ<tajweed class=ikhafa>نف</tajweed>ِقُو<tajweed class=slnt>اْ</tajweed> م<tajweed class=idgham_ghunnah>ِن م</tajweed>َّا رَزَ<tajweed class=qalaqah>قْ</tajweed>نَ<tajweed class=madda_normal>ـٰ</tajweed>ك<tajweed class=idgham_shafawi>ُم م</tajweed>ِّ<tajweed class=ikhafa>ن ق</tajweed>َ<tajweed class=qalaqah>بْ</tajweed>لِ أ<tajweed class=idgham_ghunnah>َن ي</tajweed>َأْتِىَ أَحَدَكُمُ <tajweed class=ham_wasl>ٱ</tajweed>لْمَوْتُ فَيَقُولَ رَبِّ لَوْل<tajweed class=madda_obligatory>َآ</tajweed> أَخَّرْتَن<tajweed class=madda_obligatory>ِىٓ</tajweed> إِلَ<tajweed class=madda_obligatory>ىٰٓ</tajweed> أَجَ<tajweed class=ikhafa>لٍ ق</tajweed>َرِي<tajweed class=ikhafa>بٍ ف</tajweed>َأَصَّدَّقَ وَأَك<tajweed class=idgham_ghunnah>ُن م</tajweed>ِّنَ <tajweed class=ham_wasl>ٱ</tajweed><tajweed class=laam_shamsiyah>ل</tajweed>صَّ<tajweed class=madda_normal>ـٰ</tajweed>لِح<tajweed class=madda_permissible>ِي</tajweed>نَ <span class=end>١٠</span>","End":"١٠","PageNumber":555,"JuzNumber":28,"ManzilNumber":7,"RukuNumber":489,"MaqraNumber":222,"HizbNumber":56,"HizbDecimal":0.25,"HasSajda":false},{"SurahNumber":63,"SurahIndex":"063","VerseNumber":11,"ShowSurahName":false,"ShowBismillah":false,"Text":"وَلَن يُؤَخِّرَ ٱللَّهُ نَفۡسًا إِذَا جَآءَ أَجَلُهَاۚ وَٱللَّهُ خَبِيرُۢ بِمَا تَعۡمَلُونَ","TajweedText":"وَل<tajweed class=idgham_ghunnah>َن ي</tajweed>ُؤَخِّرَ <tajweed class=ham_wasl>ٱ</tajweed>للَّهُ نَفْسًا إِذَا ج<tajweed class=madda_obligatory>َا</tajweed>ٓءَ أَجَلُهَا‌ۚ وَ<tajweed class=ham_wasl>ٱ</tajweed>للَّهُ خَبِي<tajweed class=iqlab>رُۢ ب</tajweed>ِمَا تَعْمَل<tajweed class=madda_permissible>ُو</tajweed>نَ <span class=end>١١</span>","End":"١١","PageNumber":555,"JuzNumber":28,"ManzilNumber":7,"RukuNumber":489,"MaqraNumber":222,"HizbNumber":56,"HizbDecimal":0.25,"HasSajda":false}]}