{"RukuNumber":452,"Verses":[{"SurahNumber":50,"SurahIndex":"050","VerseNumber":1,"ShowSurahName":true,"ShowBismillah":true,"Text":"قٓۚ وَٱلۡقُرۡءَانِ ٱلۡمَجِيدِ","TajweedText":"<tajweed class=madda_necessary>قٓ</tajweed>‌ۚ وَ<tajweed class=ham_wasl>ٱ</tajweed>لْقُرْءَانِ <tajweed class=ham_wasl>ٱ</tajweed>لْمَج<tajweed class=madda_permissible>ِي</tajweed><tajweed class=qalaqah>د</tajweed>ِ <span class=end>١</span>","End":"١","PageNumber":518,"JuzNumber":26,"ManzilNumber":7,"RukuNumber":452,"MaqraNumber":207,"HizbNumber":52,"HizbDecimal":0.5,"HasSajda":false},{"SurahNumber":50,"SurahIndex":"050","VerseNumber":2,"ShowSurahName":false,"ShowBismillah":false,"Text":"بَلۡ عَجِبُوٓاْ أَن جَآءَهُم مُّنذِرٞ مِّنۡهُمۡ فَقَالَ ٱلۡكَٰفِرُونَ هَٰذَا شَيۡءٌ عَجِيبٌ","TajweedText":"بَلْ عَجِب<tajweed class=madda_obligatory>ُوٓ</tajweed><tajweed class=slnt>اْ</tajweed> أَ<tajweed class=ikhafa>ن ج</tajweed><tajweed class=madda_obligatory>َا</tajweed>ٓءَه<tajweed class=idgham_shafawi>ُم م</tajweed>ُّ<tajweed class=ikhafa>نذ</tajweed>ِ<tajweed class=idgham_ghunnah>رٌ م</tajweed>ِّنْهُمْ فَقَالَ <tajweed class=ham_wasl>ٱ</tajweed>لْكَ<tajweed class=madda_normal>ـٰ</tajweed>فِرُونَ هَ<tajweed class=madda_normal>ـٰ</tajweed>ذَا شَىْءٌ عَج<tajweed class=madda_permissible>ِي</tajweed><tajweed class=qalaqah>ب</tajweed>ٌ <span class=end>٢</span>","End":"٢","PageNumber":518,"JuzNumber":26,"ManzilNumber":7,"RukuNumber":452,"MaqraNumber":207,"HizbNumber":52,"HizbDecimal":0.5,"HasSajda":false},{"SurahNumber":50,"SurahIndex":"050","VerseNumber":3,"ShowSurahName":false,"ShowBismillah":false,"Text":"أَءِذَا مِتۡنَا وَكُنَّا تُرَابٗاۖ ذَٰلِكَ رَجۡعُۢ بَعِيدٞ","TajweedText":"أَءِذَا مِتْنَا وَكُ<tajweed class=ghunnah>نّ</tajweed>َا تُرَا<tajweed class=ikhafa>بًا‌ۖ ذ</tajweed><tajweed class=madda_normal>َٲ</tajweed>لِكَ رَ<tajweed class=qalaqah>جْ</tajweed><tajweed class=iqlab>عُۢ ب</tajweed>َع<tajweed class=madda_permissible>ِي</tajweed><tajweed class=qalaqah>د</tajweed>ٌ <span class=end>٣</span>","End":"٣","PageNumber":518,"JuzNumber":26,"ManzilNumber":7,"RukuNumber":452,"MaqraNumber":207,"HizbNumber":52,"HizbDecimal":0.5,"HasSajda":false},{"SurahNumber":50,"SurahIndex":"050","VerseNumber":4,"ShowSurahName":false,"ShowBismillah":false,"Text":"قَدۡ عَلِمۡنَا مَا تَنقُصُ ٱلۡأَرۡضُ مِنۡهُمۡۖ وَعِندَنَا كِتَٰبٌ حَفِيظُۢ","TajweedText":"قَ<tajweed class=qalaqah>دْ</tajweed> عَلِمْنَا مَا تَ<tajweed class=ikhafa>نق</tajweed>ُصُ <tajweed class=ham_wasl>ٱ</tajweed>لْأَرْضُ مِنْهُمْ‌ۖ وَعِ<tajweed class=ikhafa>ند</tajweed>َنَا كِتَ<tajweed class=madda_normal>ـٰ</tajweed>بٌ حَف<tajweed class=madda_permissible>ِي</tajweed>ظُۢ <span class=end>٤</span>","End":"٤","PageNumber":518,"JuzNumber":26,"ManzilNumber":7,"RukuNumber":452,"MaqraNumber":207,"HizbNumber":52,"HizbDecimal":0.5,"HasSajda":false},{"SurahNumber":50,"SurahIndex":"050","VerseNumber":5,"ShowSurahName":false,"ShowBismillah":false,"Text":"بَلۡ كَذَّبُواْ بِٱلۡحَقِّ لَمَّا جَآءَهُمۡ فَهُمۡ فِيٓ أَمۡرٖ مَّرِيجٍ","TajweedText":"بَلْ كَذَّبُو<tajweed class=slnt>اْ</tajweed> بِ<tajweed class=ham_wasl>ٱ</tajweed>لْحَقِّ لَ<tajweed class=ghunnah>مّ</tajweed>َا ج<tajweed class=madda_obligatory>َا</tajweed>ٓءَهُمْ فَهُمْ ف<tajweed class=madda_obligatory>ِىٓ</tajweed> أَمْ<tajweed class=idgham_ghunnah>رٍ م</tajweed>َّر<tajweed class=madda_permissible>ِي</tajweed><tajweed class=qalaqah>ج</tajweed>ٍ <span class=end>٥</span>","End":"٥","PageNumber":518,"JuzNumber":26,"ManzilNumber":7,"RukuNumber":452,"MaqraNumber":207,"HizbNumber":52,"HizbDecimal":0.5,"HasSajda":false},{"SurahNumber":50,"SurahIndex":"050","VerseNumber":6,"ShowSurahName":false,"ShowBismillah":false,"Text":"أَفَلَمۡ يَنظُرُوٓاْ إِلَى ٱلسَّمَآءِ فَوۡقَهُمۡ كَيۡفَ بَنَيۡنَٰهَا وَزَيَّنَّـٰهَا وَمَا لَهَا مِن فُرُوجٖ","TajweedText":"أَفَلَمْ يَ<tajweed class=ikhafa>نظ</tajweed>ُر<tajweed class=madda_obligatory>ُوٓ</tajweed><tajweed class=slnt>اْ</tajweed> إِلَى <tajweed class=ham_wasl>ٱ</tajweed><tajweed class=laam_shamsiyah>ل</tajweed>سَّم<tajweed class=madda_obligatory>َا</tajweed>ٓءِ فَوْقَهُمْ كَيْفَ بَنَيْنَ<tajweed class=madda_normal>ـٰ</tajweed>هَا وَزَيَّ<tajweed class=ghunnah>نّ</tajweed>َ<tajweed class=madda_normal>ـٰ</tajweed>هَا وَمَا لَهَا مِ<tajweed class=ikhafa>ن ف</tajweed>ُر<tajweed class=madda_permissible>ُو</tajweed><tajweed class=qalaqah>ج</tajweed>ٍ <span class=end>٦</span>","End":"٦","PageNumber":518,"JuzNumber":26,"ManzilNumber":7,"RukuNumber":452,"MaqraNumber":207,"HizbNumber":52,"HizbDecimal":0.5,"HasSajda":false},{"SurahNumber":50,"SurahIndex":"050","VerseNumber":7,"ShowSurahName":false,"ShowBismillah":false,"Text":"وَٱلۡأَرۡضَ مَدَدۡنَٰهَا وَأَلۡقَيۡنَا فِيهَا رَوَٰسِيَ وَأَنۢبَتۡنَا فِيهَا مِن كُلِّ زَوۡجِۭ بَهِيجٖ","TajweedText":"وَ<tajweed class=ham_wasl>ٱ</tajweed>لْأَرْضَ مَدَ<tajweed class=qalaqah>دْ</tajweed>نَ<tajweed class=madda_normal>ـٰ</tajweed>هَا وَأَلْقَيْنَا فِيهَا رَو<tajweed class=madda_normal>َٲ</tajweed>سِىَ وَأَ<tajweed class=iqlab>نۢب</tajweed>َتْنَا فِيهَا مِ<tajweed class=ikhafa>ن ك</tajweed>ُلِّ زَوْ<tajweed class=iqlab>جِۭ ب</tajweed>َه<tajweed class=madda_permissible>ِي</tajweed><tajweed class=qalaqah>ج</tajweed>ٍ <span class=end>٧</span>","End":"٧","PageNumber":518,"JuzNumber":26,"ManzilNumber":7,"RukuNumber":452,"MaqraNumber":207,"HizbNumber":52,"HizbDecimal":0.5,"HasSajda":false},{"SurahNumber":50,"SurahIndex":"050","VerseNumber":8,"ShowSurahName":false,"ShowBismillah":false,"Text":"تَبۡصِرَةٗ وَذِكۡرَىٰ لِكُلِّ عَبۡدٖ مُّنِيبٖ","TajweedText":"تَ<tajweed class=qalaqah>بْ</tajweed>صِرَ<tajweed class=idgham_ghunnah>ةً و</tajweed>َذِكْرَىٰ لِكُلِّ عَ<tajweed class=qalaqah>بْ</tajweed><tajweed class=idgham_ghunnah>دٍ م</tajweed>ُّن<tajweed class=madda_permissible>ِي</tajweed><tajweed class=qalaqah>ب</tajweed>ٍ <span class=end>٨</span>","End":"٨","PageNumber":518,"JuzNumber":26,"ManzilNumber":7,"RukuNumber":452,"MaqraNumber":207,"HizbNumber":52,"HizbDecimal":0.5,"HasSajda":false},{"SurahNumber":50,"SurahIndex":"050","VerseNumber":9,"ShowSurahName":false,"ShowBismillah":false,"Text":"وَنَزَّلۡنَا مِنَ ٱلسَّمَآءِ مَآءٗ مُّبَٰرَكٗا فَأَنۢبَتۡنَا بِهِۦ جَنَّـٰتٖ وَحَبَّ ٱلۡحَصِيدِ","TajweedText":"وَنَزَّلْنَا مِنَ <tajweed class=ham_wasl>ٱ</tajweed><tajweed class=laam_shamsiyah>ل</tajweed>سَّم<tajweed class=madda_obligatory>َا</tajweed>ٓءِ م<tajweed class=madda_obligatory>َا</tajweed>ٓ<tajweed class=idgham_ghunnah>ءً م</tajweed>ُّبَ<tajweed class=madda_normal>ـٰ</tajweed>رَ<tajweed class=ikhafa>كًا ف</tajweed>َأَ<tajweed class=iqlab>نۢب</tajweed>َتْنَا بِه<tajweed class=madda_normal>ِۦ</tajweed> جَ<tajweed class=ghunnah>نّ</tajweed>َ<tajweed class=madda_normal>ـٰ</tajweed><tajweed class=idgham_ghunnah>تٍ و</tajweed>َحَبَّ <tajweed class=ham_wasl>ٱ</tajweed>لْحَص<tajweed class=madda_permissible>ِي</tajweed><tajweed class=qalaqah>د</tajweed>ِ <span class=end>٩</span>","End":"٩","PageNumber":518,"JuzNumber":26,"ManzilNumber":7,"RukuNumber":452,"MaqraNumber":207,"HizbNumber":52,"HizbDecimal":0.5,"HasSajda":false},{"SurahNumber":50,"SurahIndex":"050","VerseNumber":10,"ShowSurahName":false,"ShowBismillah":false,"Text":"وَٱلنَّخۡلَ بَاسِقَٰتٖ لَّهَا طَلۡعٞ نَّضِيدٞ","TajweedText":"وَ<tajweed class=ham_wasl>ٱ</tajweed><tajweed class=laam_shamsiyah>ل</tajweed><tajweed class=ghunnah>نّ</tajweed>َخْلَ بَاسِقَ<tajweed class=madda_normal>ـٰ</tajweed><tajweed class=idgham_wo_ghunnah>تٍ ل</tajweed>َّهَا طَلْ<tajweed class=idgham_ghunnah>عٌ ن</tajweed>َّض<tajweed class=madda_permissible>ِي</tajweed><tajweed class=qalaqah>د</tajweed>ٌ <span class=end>١٠</span>","End":"١٠","PageNumber":518,"JuzNumber":26,"ManzilNumber":7,"RukuNumber":452,"MaqraNumber":207,"HizbNumber":52,"HizbDecimal":0.5,"HasSajda":false},{"SurahNumber":50,"SurahIndex":"050","VerseNumber":11,"ShowSurahName":false,"ShowBismillah":false,"Text":"رِّزۡقٗا لِّلۡعِبَادِۖ وَأَحۡيَيۡنَا بِهِۦ بَلۡدَةٗ مَّيۡتٗاۚ كَذَٰلِكَ ٱلۡخُرُوجُ","TajweedText":"رِّزْ<tajweed class=idgham_wo_ghunnah>قًا ل</tajweed>ِّلْعِبَادِ‌ۖ وَأَحْيَيْنَا بِه<tajweed class=madda_normal>ِۦ</tajweed> بَلْدَ<tajweed class=idgham_ghunnah>ةً م</tajweed>َّيْ<tajweed class=ikhafa>تًا‌ۚ ك</tajweed>َذ<tajweed class=madda_normal>َٲ</tajweed>لِكَ <tajweed class=ham_wasl>ٱ</tajweed>لْخُر<tajweed class=madda_permissible>ُو</tajweed><tajweed class=qalaqah>ج</tajweed>ُ <span class=end>١١</span>","End":"١١","PageNumber":518,"JuzNumber":26,"ManzilNumber":7,"RukuNumber":452,"MaqraNumber":207,"HizbNumber":52,"HizbDecimal":0.5,"HasSajda":false},{"SurahNumber":50,"SurahIndex":"050","VerseNumber":12,"ShowSurahName":false,"ShowBismillah":false,"Text":"كَذَّبَتۡ قَبۡلَهُمۡ قَوۡمُ نُوحٖ وَأَصۡحَٰبُ ٱلرَّسِّ وَثَمُودُ","TajweedText":"كَذَّبَتْ قَ<tajweed class=qalaqah>بْ</tajweed>لَهُمْ قَوْمُ نُو<tajweed class=idgham_ghunnah>حٍ و</tajweed>َأَصْحَ<tajweed class=madda_normal>ـٰ</tajweed>بُ <tajweed class=ham_wasl>ٱ</tajweed><tajweed class=laam_shamsiyah>ل</tajweed>رَّسِّ وَثَم<tajweed class=madda_permissible>ُو</tajweed><tajweed class=qalaqah>د</tajweed>ُ <span class=end>١٢</span>","End":"١٢","PageNumber":518,"JuzNumber":26,"ManzilNumber":7,"RukuNumber":452,"MaqraNumber":207,"HizbNumber":52,"HizbDecimal":0.5,"HasSajda":false},{"SurahNumber":50,"SurahIndex":"050","VerseNumber":13,"ShowSurahName":false,"ShowBismillah":false,"Text":"وَعَادٞ وَفِرۡعَوۡنُ وَإِخۡوَٰنُ لُوطٖ","TajweedText":"وَعَا<tajweed class=idgham_ghunnah>دٌ و</tajweed>َفِرْعَوْنُ وَإِخْو<tajweed class=madda_normal>َٲ</tajweed>نُ ل<tajweed class=madda_permissible>ُو</tajweed><tajweed class=qalaqah>ط</tajweed>ٍ <span class=end>١٣</span>","End":"١٣","PageNumber":518,"JuzNumber":26,"ManzilNumber":7,"RukuNumber":452,"MaqraNumber":207,"HizbNumber":52,"HizbDecimal":0.5,"HasSajda":false},{"SurahNumber":50,"SurahIndex":"050","VerseNumber":14,"ShowSurahName":false,"ShowBismillah":false,"Text":"وَأَصۡحَٰبُ ٱلۡأَيۡكَةِ وَقَوۡمُ تُبَّعٖۚ كُلّٞ كَذَّبَ ٱلرُّسُلَ فَحَقَّ وَعِيدِ","TajweedText":"وَأَصْحَ<tajweed class=madda_normal>ـٰ</tajweed>بُ <tajweed class=ham_wasl>ٱ</tajweed>لْأَيْكَةِ وَقَوْمُ تُبَّ<tajweed class=ikhafa>عٍ‌ۚ ك</tajweed>ُ<tajweed class=ikhafa>لٌّ ك</tajweed>َذَّبَ <tajweed class=ham_wasl>ٱ</tajweed><tajweed class=laam_shamsiyah>ل</tajweed>رُّسُلَ فَحَقَّ وَع<tajweed class=madda_permissible>ِي</tajweed><tajweed class=qalaqah>د</tajweed>ِ <span class=end>١٤</span>","End":"١٤","PageNumber":518,"JuzNumber":26,"ManzilNumber":7,"RukuNumber":452,"MaqraNumber":207,"HizbNumber":52,"HizbDecimal":0.5,"HasSajda":false},{"SurahNumber":50,"SurahIndex":"050","VerseNumber":15,"ShowSurahName":false,"ShowBismillah":false,"Text":"أَفَعَيِينَا بِٱلۡخَلۡقِ ٱلۡأَوَّلِۚ بَلۡ هُمۡ فِي لَبۡسٖ مِّنۡ خَلۡقٖ جَدِيدٖ","TajweedText":"أَفَعَيِينَا بِ<tajweed class=ham_wasl>ٱ</tajweed>لْخَلْقِ <tajweed class=ham_wasl>ٱ</tajweed>لْأَوَّلِ‌ۚ بَلْ هُمْ فِى لَ<tajweed class=qalaqah>بْ</tajweed><tajweed class=idgham_ghunnah>سٍ م</tajweed>ِّنْ خَلْ<tajweed class=ikhafa>قٍ ج</tajweed>َد<tajweed class=madda_permissible>ِي</tajweed><tajweed class=qalaqah>د</tajweed>ٍ <span class=end>١٥</span>","End":"١٥","PageNumber":518,"JuzNumber":26,"ManzilNumber":7,"RukuNumber":452,"MaqraNumber":207,"HizbNumber":52,"HizbDecimal":0.5,"HasSajda":false}]}