{"RukuNumber":499,"Verses":[{"SurahNumber":68,"SurahIndex":"068","VerseNumber":34,"ShowSurahName":false,"ShowBismillah":false,"Text":"إِنَّ لِلۡمُتَّقِينَ عِندَ رَبِّهِمۡ جَنَّـٰتِ ٱلنَّعِيمِ","TajweedText":"إِ<tajweed class=ghunnah>نّ</tajweed>َ لِلْمُتَّقِينَ عِ<tajweed class=ikhafa>ند</tajweed>َ رَبِّهِمْ جَ<tajweed class=ghunnah>نّ</tajweed>َ<tajweed class=madda_normal>ـٰ</tajweed>تِ <tajweed class=ham_wasl>ٱ</tajweed><tajweed class=laam_shamsiyah>ل</tajweed><tajweed class=ghunnah>نّ</tajweed>َع<tajweed class=madda_permissible>ِي</tajweed>مِ <span class=end>٣٤</span>","End":"٣٤","PageNumber":565,"JuzNumber":29,"ManzilNumber":7,"RukuNumber":499,"MaqraNumber":226,"HizbNumber":57,"HizbDecimal":0.25,"HasSajda":false},{"SurahNumber":68,"SurahIndex":"068","VerseNumber":35,"ShowSurahName":false,"ShowBismillah":false,"Text":"أَفَنَجۡعَلُ ٱلۡمُسۡلِمِينَ كَٱلۡمُجۡرِمِينَ","TajweedText":"أَفَنَ<tajweed class=qalaqah>جْ</tajweed>عَلُ <tajweed class=ham_wasl>ٱ</tajweed>لْمُسْلِمِينَ كَ<tajweed class=ham_wasl>ٱ</tajweed>لْمُ<tajweed class=qalaqah>جْ</tajweed>رِم<tajweed class=madda_permissible>ِي</tajweed>نَ <span class=end>٣٥</span>","End":"٣٥","PageNumber":565,"JuzNumber":29,"ManzilNumber":7,"RukuNumber":499,"MaqraNumber":226,"HizbNumber":57,"HizbDecimal":0.25,"HasSajda":false},{"SurahNumber":68,"SurahIndex":"068","VerseNumber":36,"ShowSurahName":false,"ShowBismillah":false,"Text":"مَا لَكُمۡ كَيۡفَ تَحۡكُمُونَ","TajweedText":"مَا لَكُمْ كَيْفَ تَحْكُم<tajweed class=madda_permissible>ُو</tajweed>نَ <span class=end>٣٦</span>","End":"٣٦","PageNumber":565,"JuzNumber":29,"ManzilNumber":7,"RukuNumber":499,"MaqraNumber":226,"HizbNumber":57,"HizbDecimal":0.25,"HasSajda":false},{"SurahNumber":68,"SurahIndex":"068","VerseNumber":37,"ShowSurahName":false,"ShowBismillah":false,"Text":"أَمۡ لَكُمۡ كِتَٰبٞ فِيهِ تَدۡرُسُونَ","TajweedText":"أَمْ لَكُمْ كِتَ<tajweed class=madda_normal>ـٰ</tajweed><tajweed class=ikhafa>بٌ ف</tajweed>ِيهِ تَ<tajweed class=qalaqah>دْ</tajweed>رُس<tajweed class=madda_permissible>ُو</tajweed>نَ <span class=end>٣٧</span>","End":"٣٧","PageNumber":565,"JuzNumber":29,"ManzilNumber":7,"RukuNumber":499,"MaqraNumber":226,"HizbNumber":57,"HizbDecimal":0.25,"HasSajda":false},{"SurahNumber":68,"SurahIndex":"068","VerseNumber":38,"ShowSurahName":false,"ShowBismillah":false,"Text":"إِنَّ لَكُمۡ فِيهِ لَمَا تَخَيَّرُونَ","TajweedText":"إِ<tajweed class=ghunnah>نّ</tajweed>َ لَكُمْ فِيهِ لَمَا تَخَيَّر<tajweed class=madda_permissible>ُو</tajweed>نَ <span class=end>٣٨</span>","End":"٣٨","PageNumber":565,"JuzNumber":29,"ManzilNumber":7,"RukuNumber":499,"MaqraNumber":226,"HizbNumber":57,"HizbDecimal":0.25,"HasSajda":false},{"SurahNumber":68,"SurahIndex":"068","VerseNumber":39,"ShowSurahName":false,"ShowBismillah":false,"Text":"أَمۡ لَكُمۡ أَيۡمَٰنٌ عَلَيۡنَا بَٰلِغَةٌ إِلَىٰ يَوۡمِ ٱلۡقِيَٰمَةِ إِنَّ لَكُمۡ لَمَا تَحۡكُمُونَ","TajweedText":"أَمْ لَكُمْ أَيْمَ<tajweed class=madda_normal>ـٰ</tajweed>نٌ عَلَيْنَا بَ<tajweed class=madda_normal>ـٰ</tajweed>لِغَةٌ إِلَىٰ يَوْمِ <tajweed class=ham_wasl>ٱ</tajweed>لْقِيَ<tajweed class=madda_normal>ـٰ</tajweed>مَةِ‌ۙ إِ<tajweed class=ghunnah>نّ</tajweed>َ لَكُمْ لَمَا تَحْكُم<tajweed class=madda_permissible>ُو</tajweed>نَ <span class=end>٣٩</span>","End":"٣٩","PageNumber":565,"JuzNumber":29,"ManzilNumber":7,"RukuNumber":499,"MaqraNumber":226,"HizbNumber":57,"HizbDecimal":0.25,"HasSajda":false},{"SurahNumber":68,"SurahIndex":"068","VerseNumber":40,"ShowSurahName":false,"ShowBismillah":false,"Text":"سَلۡهُمۡ أَيُّهُم بِذَٰلِكَ زَعِيمٌ","TajweedText":"سَلْهُمْ أَيُّه<tajweed class=ikhafa_shafawi>ُم ب</tajweed>ِذ<tajweed class=madda_normal>َٲ</tajweed>لِكَ زَع<tajweed class=madda_permissible>ِي</tajweed>مٌ <span class=end>٤٠</span>","End":"٤٠","PageNumber":565,"JuzNumber":29,"ManzilNumber":7,"RukuNumber":499,"MaqraNumber":226,"HizbNumber":57,"HizbDecimal":0.25,"HasSajda":false},{"SurahNumber":68,"SurahIndex":"068","VerseNumber":41,"ShowSurahName":false,"ShowBismillah":false,"Text":"أَمۡ لَهُمۡ شُرَكَآءُ فَلۡيَأۡتُواْ بِشُرَكَآئِهِمۡ إِن كَانُواْ صَٰدِقِينَ","TajweedText":"أَمْ لَهُمْ شُرَك<tajweed class=madda_obligatory>َا</tajweed>ٓءُ فَلْيَأْتُو<tajweed class=slnt>اْ</tajweed> بِشُرَك<tajweed class=madda_obligatory>َا</tajweed>ٓئِهِمْ إِ<tajweed class=ikhafa>ن ك</tajweed>َانُو<tajweed class=slnt>اْ</tajweed> صَ<tajweed class=madda_normal>ـٰ</tajweed>دِق<tajweed class=madda_permissible>ِي</tajweed>نَ <span class=end>٤١</span>","End":"٤١","PageNumber":565,"JuzNumber":29,"ManzilNumber":7,"RukuNumber":499,"MaqraNumber":226,"HizbNumber":57,"HizbDecimal":0.25,"HasSajda":false},{"SurahNumber":68,"SurahIndex":"068","VerseNumber":42,"ShowSurahName":false,"ShowBismillah":false,"Text":"يَوۡمَ يُكۡشَفُ عَن سَاقٖ وَيُدۡعَوۡنَ إِلَى ٱلسُّجُودِ فَلَا يَسۡتَطِيعُونَ","TajweedText":"يَوْمَ يُكْشَفُ عَ<tajweed class=ikhafa>ن س</tajweed>َا<tajweed class=idgham_ghunnah>قٍ و</tajweed>َيُ<tajweed class=qalaqah>دْ</tajweed>عَوْنَ إِلَى <tajweed class=ham_wasl>ٱ</tajweed><tajweed class=laam_shamsiyah>ل</tajweed>سُّجُودِ فَلَا يَسْتَطِيع<tajweed class=madda_permissible>ُو</tajweed>نَ <span class=end>٤٢</span>","End":"٤٢","PageNumber":565,"JuzNumber":29,"ManzilNumber":7,"RukuNumber":499,"MaqraNumber":226,"HizbNumber":57,"HizbDecimal":0.25,"HasSajda":false},{"SurahNumber":68,"SurahIndex":"068","VerseNumber":43,"ShowSurahName":false,"ShowBismillah":false,"Text":"خَٰشِعَةً أَبۡصَٰرُهُمۡ تَرۡهَقُهُمۡ ذِلَّةٞۖ وَقَدۡ كَانُواْ يُدۡعَوۡنَ إِلَى ٱلسُّجُودِ وَهُمۡ سَٰلِمُونَ","TajweedText":"خَ<tajweed class=madda_normal>ـٰ</tajweed>شِعَةً أَ<tajweed class=qalaqah>بْ</tajweed>صَ<tajweed class=madda_normal>ـٰ</tajweed>رُهُمْ تَرْهَقُهُمْ ذِلَّ<tajweed class=idgham_ghunnah>ةٌ‌ۖ و</tajweed>َقَ<tajweed class=qalaqah>دْ</tajweed> كَانُو<tajweed class=slnt>اْ</tajweed> يُ<tajweed class=qalaqah>دْ</tajweed>عَوْنَ إِلَى <tajweed class=ham_wasl>ٱ</tajweed><tajweed class=laam_shamsiyah>ل</tajweed>سُّجُودِ وَهُمْ سَ<tajweed class=madda_normal>ـٰ</tajweed>لِم<tajweed class=madda_permissible>ُو</tajweed>نَ <span class=end>٤٣</span>","End":"٤٣","PageNumber":566,"JuzNumber":29,"ManzilNumber":7,"RukuNumber":499,"MaqraNumber":226,"HizbNumber":57,"HizbDecimal":0.25,"HasSajda":false},{"SurahNumber":68,"SurahIndex":"068","VerseNumber":44,"ShowSurahName":false,"ShowBismillah":false,"Text":"فَذَرۡنِي وَمَن يُكَذِّبُ بِهَٰذَا ٱلۡحَدِيثِۖ سَنَسۡتَدۡرِجُهُم مِّنۡ حَيۡثُ لَا يَعۡلَمُونَ","TajweedText":"فَذَرْنِى وَم<tajweed class=idgham_ghunnah>َن ي</tajweed>ُكَذِّبُ بِهَ<tajweed class=madda_normal>ـٰ</tajweed>ذَا <tajweed class=ham_wasl>ٱ</tajweed>لْحَدِيثِ‌ۖ سَنَسْتَ<tajweed class=qalaqah>دْ</tajweed>رِجُه<tajweed class=idgham_shafawi>ُم م</tajweed>ِّنْ حَيْثُ لَا يَعْلَم<tajweed class=madda_permissible>ُو</tajweed>نَ <span class=end>٤٤</span>","End":"٤٤","PageNumber":566,"JuzNumber":29,"ManzilNumber":7,"RukuNumber":499,"MaqraNumber":226,"HizbNumber":57,"HizbDecimal":0.25,"HasSajda":false},{"SurahNumber":68,"SurahIndex":"068","VerseNumber":45,"ShowSurahName":false,"ShowBismillah":false,"Text":"وَأُمۡلِي لَهُمۡۚ إِنَّ كَيۡدِي مَتِينٌ","TajweedText":"وَأُمْلِى لَهُمْ‌ۚ إِ<tajweed class=ghunnah>نّ</tajweed>َ كَيْدِى مَت<tajweed class=madda_permissible>ِي</tajweed>نٌ <span class=end>٤٥</span>","End":"٤٥","PageNumber":566,"JuzNumber":29,"ManzilNumber":7,"RukuNumber":499,"MaqraNumber":226,"HizbNumber":57,"HizbDecimal":0.25,"HasSajda":false},{"SurahNumber":68,"SurahIndex":"068","VerseNumber":46,"ShowSurahName":false,"ShowBismillah":false,"Text":"أَمۡ تَسۡـَٔلُهُمۡ أَجۡرٗا فَهُم مِّن مَّغۡرَمٖ مُّثۡقَلُونَ","TajweedText":"أَمْ تَسْــَٔلُهُمْ أَ<tajweed class=qalaqah>جْ</tajweed><tajweed class=ikhafa>رًا ف</tajweed>َه<tajweed class=idgham_shafawi>ُم م</tajweed>ّ<tajweed class=idgham_ghunnah>ِن م</tajweed>َّغْرَ<tajweed class=idgham_ghunnah>مٍ م</tajweed>ُّثْقَل<tajweed class=madda_permissible>ُو</tajweed>نَ <span class=end>٤٦</span>","End":"٤٦","PageNumber":566,"JuzNumber":29,"ManzilNumber":7,"RukuNumber":499,"MaqraNumber":226,"HizbNumber":57,"HizbDecimal":0.25,"HasSajda":false},{"SurahNumber":68,"SurahIndex":"068","VerseNumber":47,"ShowSurahName":false,"ShowBismillah":false,"Text":"أَمۡ عِندَهُمُ ٱلۡغَيۡبُ فَهُمۡ يَكۡتُبُونَ","TajweedText":"أَمْ عِ<tajweed class=ikhafa>ند</tajweed>َهُمُ <tajweed class=ham_wasl>ٱ</tajweed>لْغَيْبُ فَهُمْ يَكْتُب<tajweed class=madda_permissible>ُو</tajweed>نَ <span class=end>٤٧</span>","End":"٤٧","PageNumber":566,"JuzNumber":29,"ManzilNumber":7,"RukuNumber":499,"MaqraNumber":226,"HizbNumber":57,"HizbDecimal":0.25,"HasSajda":false},{"SurahNumber":68,"SurahIndex":"068","VerseNumber":48,"ShowSurahName":false,"ShowBismillah":false,"Text":"فَٱصۡبِرۡ لِحُكۡمِ رَبِّكَ وَلَا تَكُن كَصَاحِبِ ٱلۡحُوتِ إِذۡ نَادَىٰ وَهُوَ مَكۡظُومٞ","TajweedText":"فَ<tajweed class=ham_wasl>ٱ</tajweed>صْبِرْ لِحُكْمِ رَبِّكَ وَلَا تَكُ<tajweed class=ikhafa>ن ك</tajweed>َصَاحِبِ <tajweed class=ham_wasl>ٱ</tajweed>لْحُوتِ إِذْ نَادَىٰ وَهُوَ مَكْظ<tajweed class=madda_permissible>ُو</tajweed>مٌ <span class=end>٤٨</span>","End":"٤٨","PageNumber":566,"JuzNumber":29,"ManzilNumber":7,"RukuNumber":499,"MaqraNumber":226,"HizbNumber":57,"HizbDecimal":0.25,"HasSajda":false},{"SurahNumber":68,"SurahIndex":"068","VerseNumber":49,"ShowSurahName":false,"ShowBismillah":false,"Text":"لَّوۡلَآ أَن تَدَٰرَكَهُۥ نِعۡمَةٞ مِّن رَّبِّهِۦ لَنُبِذَ بِٱلۡعَرَآءِ وَهُوَ مَذۡمُومٞ","TajweedText":"لَّوْل<tajweed class=madda_obligatory>َآ</tajweed> أَ<tajweed class=ikhafa>ن ت</tajweed>َد<tajweed class=madda_normal>َٲ</tajweed>رَكَهُ<tajweed class=madda_normal>ۥ</tajweed> نِعْمَ<tajweed class=idgham_ghunnah>ةٌ م</tajweed>ّ<tajweed class=idgham_wo_ghunnah>ِن ر</tajweed>َّبِّه<tajweed class=madda_normal>ِۦ</tajweed> لَنُبِذَ بِ<tajweed class=ham_wasl>ٱ</tajweed>لْعَر<tajweed class=madda_obligatory>َا</tajweed>ٓءِ وَهُوَ مَذْم<tajweed class=madda_permissible>ُو</tajweed>مٌ <span class=end>٤٩</span>","End":"٤٩","PageNumber":566,"JuzNumber":29,"ManzilNumber":7,"RukuNumber":499,"MaqraNumber":226,"HizbNumber":57,"HizbDecimal":0.25,"HasSajda":false},{"SurahNumber":68,"SurahIndex":"068","VerseNumber":50,"ShowSurahName":false,"ShowBismillah":false,"Text":"فَٱجۡتَبَٰهُ رَبُّهُۥ فَجَعَلَهُۥ مِنَ ٱلصَّـٰلِحِينَ","TajweedText":"فَ<tajweed class=ham_wasl>ٱ</tajweed><tajweed class=qalaqah>جْ</tajweed>تَبَ<tajweed class=madda_normal>ـٰ</tajweed>هُ رَبُّهُ<tajweed class=madda_normal>ۥ</tajweed> فَجَعَلَهُ<tajweed class=madda_normal>ۥ</tajweed> مِنَ <tajweed class=ham_wasl>ٱ</tajweed><tajweed class=laam_shamsiyah>ل</tajweed>صَّ<tajweed class=madda_normal>ـٰ</tajweed>لِح<tajweed class=madda_permissible>ِي</tajweed>نَ <span class=end>٥٠</span>","End":"٥٠","PageNumber":566,"JuzNumber":29,"ManzilNumber":7,"RukuNumber":499,"MaqraNumber":226,"HizbNumber":57,"HizbDecimal":0.25,"HasSajda":false},{"SurahNumber":68,"SurahIndex":"068","VerseNumber":51,"ShowSurahName":false,"ShowBismillah":false,"Text":"وَإِن يَكَادُ ٱلَّذِينَ كَفَرُواْ لَيُزۡلِقُونَكَ بِأَبۡصَٰرِهِمۡ لَمَّا سَمِعُواْ ٱلذِّكۡرَ وَيَقُولُونَ إِنَّهُۥ لَمَجۡنُونٞ","TajweedText":"وَإ<tajweed class=idgham_ghunnah>ِن ي</tajweed>َكَادُ <tajweed class=ham_wasl>ٱ</tajweed>لَّذِينَ كَفَرُو<tajweed class=slnt>اْ</tajweed> لَيُزْلِقُونَكَ بِأَ<tajweed class=qalaqah>بْ</tajweed>صَ<tajweed class=madda_normal>ـٰ</tajweed>رِهِمْ لَ<tajweed class=ghunnah>مّ</tajweed>َا سَمِعُو<tajweed class=slnt>اْ</tajweed> <tajweed class=ham_wasl>ٱ</tajweed><tajweed class=laam_shamsiyah>ل</tajweed>ذِّكْرَ وَيَقُولُونَ إِ<tajweed class=ghunnah>نّ</tajweed>َهُ<tajweed class=madda_normal>ۥ</tajweed> لَمَ<tajweed class=qalaqah>جْ</tajweed>ن<tajweed class=madda_permissible>ُو</tajweed>نٌ <span class=end>٥١</span>","End":"٥١","PageNumber":566,"JuzNumber":29,"ManzilNumber":7,"RukuNumber":499,"MaqraNumber":226,"HizbNumber":57,"HizbDecimal":0.25,"HasSajda":false},{"SurahNumber":68,"SurahIndex":"068","VerseNumber":52,"ShowSurahName":false,"ShowBismillah":false,"Text":"وَمَا هُوَ إِلَّا ذِكۡرٞ لِّلۡعَٰلَمِينَ","TajweedText":"وَمَا هُوَ إِلَّا ذِكْ<tajweed class=idgham_wo_ghunnah>رٌ ل</tajweed>ِّلْعَ<tajweed class=madda_normal>ـٰ</tajweed>لَم<tajweed class=madda_permissible>ِي</tajweed>نَ <span class=end>٥٢</span>","End":"٥٢","PageNumber":566,"JuzNumber":29,"ManzilNumber":7,"RukuNumber":499,"MaqraNumber":226,"HizbNumber":57,"HizbDecimal":0.25,"HasSajda":false}]}