{"RukuNumber":26,"Verses":[{"SurahNumber":2,"SurahIndex":"002","VerseNumber":197,"ShowSurahName":false,"ShowBismillah":false,"Text":"ٱلۡحَجُّ أَشۡهُرٞ مَّعۡلُومَٰتٞۚ فَمَن فَرَضَ فِيهِنَّ ٱلۡحَجَّ فَلَا رَفَثَ وَلَا فُسُوقَ وَلَا جِدَالَ فِي ٱلۡحَجِّۗ وَمَا تَفۡعَلُواْ مِنۡ خَيۡرٖ يَعۡلَمۡهُ ٱللَّهُۗ وَتَزَوَّدُواْ فَإِنَّ خَيۡرَ ٱلزَّادِ ٱلتَّقۡوَىٰۖ وَٱتَّقُونِ يَـٰٓأُوْلِي ٱلۡأَلۡبَٰبِ","TajweedText":"ٱلْحَجُّ أَشْهُ<tajweed class=idgham_ghunnah>رٌ م</tajweed>َّعْلُومَ<tajweed class=madda_normal>ـٰ</tajweed><tajweed class=ikhafa>تٌ‌ۚ ف</tajweed>َمَ<tajweed class=ikhafa>ن ف</tajweed>َرَضَ فِيهِ<tajweed class=ghunnah>نّ</tajweed>َ <tajweed class=ham_wasl>ٱ</tajweed>لْحَجَّ فَلَا رَفَثَ وَلَا فُسُوقَ وَلَا جِدَالَ فِى <tajweed class=ham_wasl>ٱ</tajweed>لْحَجِّ‌ۗ وَمَا تَفْعَلُو<tajweed class=slnt>اْ</tajweed> مِنْ خَيْ<tajweed class=idgham_ghunnah>رٍ ي</tajweed>َعْلَمْهُ <tajweed class=ham_wasl>ٱ</tajweed>للَّهُ‌ۗ وَتَزَوَّدُو<tajweed class=slnt>اْ</tajweed> فَإِ<tajweed class=ghunnah>نّ</tajweed>َ خَيْرَ <tajweed class=ham_wasl>ٱ</tajweed><tajweed class=laam_shamsiyah>ل</tajweed>زَّادِ <tajweed class=ham_wasl>ٱ</tajweed><tajweed class=laam_shamsiyah>ل</tajweed>تَّ<tajweed class=qalaqah>قْ</tajweed>وَىٰ‌ۚ وَ<tajweed class=ham_wasl>ٱ</tajweed>تَّقُونِ يَ<tajweed class=madda_obligatory>ـٰٓ</tajweed>أُ<tajweed class=slnt>وْ</tajweed>لِى <tajweed class=ham_wasl>ٱ</tajweed>لْأَلْبَ<tajweed class=madda_permissible>ـٰ</tajweed><tajweed class=qalaqah>ب</tajweed>ِ <span class=end>١٩٧</span>","End":"١٩٧","PageNumber":31,"JuzNumber":2,"ManzilNumber":1,"RukuNumber":26,"MaqraNumber":12,"HizbNumber":3,"HizbDecimal":0.75,"HasSajda":false},{"SurahNumber":2,"SurahIndex":"002","VerseNumber":198,"ShowSurahName":false,"ShowBismillah":false,"Text":"لَيۡسَ عَلَيۡكُمۡ جُنَاحٌ أَن تَبۡتَغُواْ فَضۡلٗا مِّن رَّبِّكُمۡۚ فَإِذَآ أَفَضۡتُم مِّنۡ عَرَفَٰتٖ فَٱذۡكُرُواْ ٱللَّهَ عِندَ ٱلۡمَشۡعَرِ ٱلۡحَرَامِۖ وَٱذۡكُرُوهُ كَمَا هَدَىٰكُمۡ وَإِن كُنتُم مِّن قَبۡلِهِۦ لَمِنَ ٱلضَّآلِّينَ","TajweedText":"لَيْسَ عَلَيْكُمْ جُنَاحٌ أَ<tajweed class=ikhafa>ن ت</tajweed>َ<tajweed class=qalaqah>بْ</tajweed>تَغُو<tajweed class=slnt>اْ</tajweed> فَضْل<tajweed class=idgham_ghunnah>اً م</tajweed>ّ<tajweed class=idgham_wo_ghunnah>ِن ر</tajweed>َّبِّكُمْ‌ۚ فَإِذ<tajweed class=madda_obligatory>َآ</tajweed> أَفَضْت<tajweed class=idgham_shafawi>ُم م</tajweed>ِّنْ عَرَفَ<tajweed class=madda_normal>ـٰ</tajweed><tajweed class=ikhafa>تٍ ف</tajweed>َ<tajweed class=ham_wasl>ٱ</tajweed>ذْكُرُو<tajweed class=slnt>اْ</tajweed> <tajweed class=ham_wasl>ٱ</tajweed>للَّهَ عِ<tajweed class=ikhafa>ند</tajweed>َ <tajweed class=ham_wasl>ٱ</tajweed>لْمَشْعَرِ <tajweed class=ham_wasl>ٱ</tajweed>لْحَرَامِ‌ۖ وَ<tajweed class=ham_wasl>ٱ</tajweed>ذْكُرُوهُ كَمَا هَدَ<tajweed class=madda_normal>ٮٰ</tajweed>كُمْ وَإِ<tajweed class=ikhafa>ن ك</tajweed>ُ<tajweed class=ikhafa>نت</tajweed><tajweed class=idgham_shafawi>ُم م</tajweed>ِّ<tajweed class=ikhafa>ن ق</tajweed>َ<tajweed class=qalaqah>بْ</tajweed>لِه<tajweed class=madda_normal>ِۦ</tajweed> لَمِنَ <tajweed class=ham_wasl>ٱ</tajweed><tajweed class=laam_shamsiyah>ل</tajweed>ضّ<tajweed class=madda_necessary>َا</tajweed>ٓلّ<tajweed class=madda_permissible>ِي</tajweed>نَ <span class=end>١٩٨</span>","End":"١٩٨","PageNumber":31,"JuzNumber":2,"ManzilNumber":1,"RukuNumber":26,"MaqraNumber":12,"HizbNumber":3,"HizbDecimal":0.75,"HasSajda":false},{"SurahNumber":2,"SurahIndex":"002","VerseNumber":199,"ShowSurahName":false,"ShowBismillah":false,"Text":"ثُمَّ أَفِيضُواْ مِنۡ حَيۡثُ أَفَاضَ ٱلنَّاسُ وَٱسۡتَغۡفِرُواْ ٱللَّهَۚ إِنَّ ٱللَّهَ غَفُورٞ رَّحِيمٞ","TajweedText":"ثُ<tajweed class=ghunnah>مّ</tajweed>َ أَفِيضُو<tajweed class=slnt>اْ</tajweed> مِنْ حَيْثُ أَفَاضَ <tajweed class=ham_wasl>ٱ</tajweed><tajweed class=laam_shamsiyah>ل</tajweed><tajweed class=ghunnah>نّ</tajweed>َاسُ وَ<tajweed class=ham_wasl>ٱ</tajweed>سْتَغْفِرُو<tajweed class=slnt>اْ</tajweed> <tajweed class=ham_wasl>ٱ</tajweed>للَّهَ‌ۚ إِ<tajweed class=ghunnah>نّ</tajweed>َ <tajweed class=ham_wasl>ٱ</tajweed>للَّهَ غَفُو<tajweed class=idgham_wo_ghunnah>رٌ ر</tajweed>َّح<tajweed class=madda_permissible>ِي</tajweed>مٌ <span class=end>١٩٩</span>","End":"١٩٩","PageNumber":31,"JuzNumber":2,"ManzilNumber":1,"RukuNumber":26,"MaqraNumber":12,"HizbNumber":3,"HizbDecimal":0.75,"HasSajda":false},{"SurahNumber":2,"SurahIndex":"002","VerseNumber":200,"ShowSurahName":false,"ShowBismillah":false,"Text":"فَإِذَا قَضَيۡتُم مَّنَٰسِكَكُمۡ فَٱذۡكُرُواْ ٱللَّهَ كَذِكۡرِكُمۡ ءَابَآءَكُمۡ أَوۡ أَشَدَّ ذِكۡرٗاۗ فَمِنَ ٱلنَّاسِ مَن يَقُولُ رَبَّنَآ ءَاتِنَا فِي ٱلدُّنۡيَا وَمَا لَهُۥ فِي ٱلۡأٓخِرَةِ مِنۡ خَلَٰقٖ","TajweedText":"فَإِذَا قَضَيْت<tajweed class=idgham_shafawi>ُم م</tajweed>َّنَ<tajweed class=madda_normal>ـٰ</tajweed>سِكَكُمْ فَ<tajweed class=ham_wasl>ٱ</tajweed>ذْكُرُو<tajweed class=slnt>اْ</tajweed> <tajweed class=ham_wasl>ٱ</tajweed>للَّهَ كَذِكْرِكُمْ ءَاب<tajweed class=madda_obligatory>َا</tajweed>ٓءَكُمْ أَوْ أَشَدَّ ذِكْ<tajweed class=ikhafa>رًا‌ۗ ف</tajweed>َمِنَ <tajweed class=ham_wasl>ٱ</tajweed><tajweed class=laam_shamsiyah>ل</tajweed><tajweed class=ghunnah>نّ</tajweed>َاسِ م<tajweed class=idgham_ghunnah>َن ي</tajweed>َقُولُ رَبَّن<tajweed class=madda_obligatory>َآ</tajweed> ءَاتِنَا فِى <tajweed class=ham_wasl>ٱ</tajweed><tajweed class=laam_shamsiyah>ل</tajweed>دُّنْيَا وَمَا لَهُ<tajweed class=madda_normal>ۥ</tajweed> فِى <tajweed class=ham_wasl>ٱ</tajweed>لْأَخِرَةِ مِنْ خَلَ<tajweed class=madda_permissible>ـٰ</tajweed><tajweed class=qalaqah>ق</tajweed>ٍ <span class=end>٢٠٠</span>","End":"٢٠٠","PageNumber":31,"JuzNumber":2,"ManzilNumber":1,"RukuNumber":26,"MaqraNumber":12,"HizbNumber":3,"HizbDecimal":0.75,"HasSajda":false},{"SurahNumber":2,"SurahIndex":"002","VerseNumber":201,"ShowSurahName":false,"ShowBismillah":false,"Text":"وَمِنۡهُم مَّن يَقُولُ رَبَّنَآ ءَاتِنَا فِي ٱلدُّنۡيَا حَسَنَةٗ وَفِي ٱلۡأٓخِرَةِ حَسَنَةٗ وَقِنَا عَذَابَ ٱلنَّارِ","TajweedText":"وَمِنْه<tajweed class=idgham_shafawi>ُم م</tajweed>ّ<tajweed class=idgham_ghunnah>َن ي</tajweed>َقُولُ رَبَّن<tajweed class=madda_obligatory>َآ</tajweed> ءَاتِنَا فِى <tajweed class=ham_wasl>ٱ</tajweed><tajweed class=laam_shamsiyah>ل</tajweed>دُّنْيَا حَسَنَ<tajweed class=idgham_ghunnah>ةً و</tajweed>َفِى <tajweed class=ham_wasl>ٱ</tajweed>لْأَخِرَةِ حَسَنَ<tajweed class=idgham_ghunnah>ةً و</tajweed>َقِنَا عَذَابَ <tajweed class=ham_wasl>ٱ</tajweed><tajweed class=laam_shamsiyah>ل</tajweed><tajweed class=ghunnah>نّ</tajweed><tajweed class=madda_permissible>َا</tajweed>رِ <span class=end>٢٠١</span>","End":"٢٠١","PageNumber":31,"JuzNumber":2,"ManzilNumber":1,"RukuNumber":26,"MaqraNumber":12,"HizbNumber":3,"HizbDecimal":0.75,"HasSajda":false},{"SurahNumber":2,"SurahIndex":"002","VerseNumber":202,"ShowSurahName":false,"ShowBismillah":false,"Text":"أُوْلَـٰٓئِكَ لَهُمۡ نَصِيبٞ مِّمَّا كَسَبُواْۚ وَٱللَّهُ سَرِيعُ ٱلۡحِسَابِ","TajweedText":"أُ<tajweed class=slnt>وْ</tajweed>لَ<tajweed class=madda_obligatory>ـٰٓ</tajweed>ئِكَ لَهُمْ نَصِي<tajweed class=idgham_ghunnah>بٌ م</tajweed>ِّ<tajweed class=ghunnah>مّ</tajweed>َا كَسَبُو<tajweed class=slnt>اْ‌ۚ</tajweed> وَ<tajweed class=ham_wasl>ٱ</tajweed>للَّهُ سَرِيعُ <tajweed class=ham_wasl>ٱ</tajweed>لْحِس<tajweed class=madda_permissible>َا</tajweed><tajweed class=qalaqah>ب</tajweed>ِ <span class=end>٢٠٢</span>","End":"٢٠٢","PageNumber":31,"JuzNumber":2,"ManzilNumber":1,"RukuNumber":26,"MaqraNumber":12,"HizbNumber":3,"HizbDecimal":0.75,"HasSajda":false},{"SurahNumber":2,"SurahIndex":"002","VerseNumber":203,"ShowSurahName":false,"ShowBismillah":false,"Text":"۞وَٱذۡكُرُواْ ٱللَّهَ فِيٓ أَيَّامٖ مَّعۡدُودَٰتٖۚ فَمَن تَعَجَّلَ فِي يَوۡمَيۡنِ فَلَآ إِثۡمَ عَلَيۡهِ وَمَن تَأَخَّرَ فَلَآ إِثۡمَ عَلَيۡهِۖ لِمَنِ ٱتَّقَىٰۗ وَٱتَّقُواْ ٱللَّهَ وَٱعۡلَمُوٓاْ أَنَّكُمۡ إِلَيۡهِ تُحۡشَرُونَ","TajweedText":"۞ وَ<tajweed class=ham_wasl>ٱ</tajweed>ذْكُرُو<tajweed class=slnt>اْ</tajweed> <tajweed class=ham_wasl>ٱ</tajweed>للَّهَ ف<tajweed class=madda_obligatory>ِىٓ</tajweed> أَيَّا<tajweed class=idgham_ghunnah>مٍ م</tajweed>َّعْدُود<tajweed class=madda_normal>َٲ</tajweed><tajweed class=ikhafa>تٍ‌ۚ ف</tajweed>َمَ<tajweed class=ikhafa>ن ت</tajweed>َعَجَّلَ فِى يَوْمَيْنِ فَل<tajweed class=madda_obligatory>َآ</tajweed> إِثْمَ عَلَيْهِ وَمَ<tajweed class=ikhafa>ن ت</tajweed>َأَخَّرَ فَل<tajweed class=madda_obligatory>َآ</tajweed> إِثْمَ عَلَيْهِ‌ۚ لِمَنِ <tajweed class=ham_wasl>ٱ</tajweed>تَّقَىٰ‌ۗ وَ<tajweed class=ham_wasl>ٱ</tajweed>تَّقُو<tajweed class=slnt>اْ</tajweed> <tajweed class=ham_wasl>ٱ</tajweed>للَّهَ وَ<tajweed class=ham_wasl>ٱ</tajweed>عْلَم<tajweed class=madda_obligatory>ُوٓ</tajweed><tajweed class=slnt>اْ</tajweed> أَ<tajweed class=ghunnah>نّ</tajweed>َكُمْ إِلَيْهِ تُحْشَر<tajweed class=madda_permissible>ُو</tajweed>نَ <span class=end>٢٠٣</span>","End":"٢٠٣","PageNumber":32,"JuzNumber":2,"ManzilNumber":1,"RukuNumber":26,"MaqraNumber":13,"HizbNumber":4,"HizbDecimal":0.0,"HasSajda":false},{"SurahNumber":2,"SurahIndex":"002","VerseNumber":204,"ShowSurahName":false,"ShowBismillah":false,"Text":"وَمِنَ ٱلنَّاسِ مَن يُعۡجِبُكَ قَوۡلُهُۥ فِي ٱلۡحَيَوٰةِ ٱلدُّنۡيَا وَيُشۡهِدُ ٱللَّهَ عَلَىٰ مَا فِي قَلۡبِهِۦ وَهُوَ أَلَدُّ ٱلۡخِصَامِ","TajweedText":"وَمِنَ <tajweed class=ham_wasl>ٱ</tajweed><tajweed class=laam_shamsiyah>ل</tajweed><tajweed class=ghunnah>نّ</tajweed>َاسِ م<tajweed class=idgham_ghunnah>َن ي</tajweed>ُعْجِبُكَ قَوْلُهُ<tajweed class=madda_normal>ۥ</tajweed> فِى <tajweed class=ham_wasl>ٱ</tajweed>لْحَيَ<tajweed class=slnt>و</tajweed><tajweed class=madda_normal>ٲ</tajweed>ةِ <tajweed class=ham_wasl>ٱ</tajweed><tajweed class=laam_shamsiyah>ل</tajweed>دُّنْيَا وَيُشْهِدُ <tajweed class=ham_wasl>ٱ</tajweed>للَّهَ عَلَىٰ مَا فِى قَلْبِه<tajweed class=madda_normal>ِۦ</tajweed> وَهُوَ أَلَدُّ <tajweed class=ham_wasl>ٱ</tajweed>لْخِص<tajweed class=madda_permissible>َا</tajweed>مِ <span class=end>٢٠٤</span>","End":"٢٠٤","PageNumber":32,"JuzNumber":2,"ManzilNumber":1,"RukuNumber":26,"MaqraNumber":13,"HizbNumber":4,"HizbDecimal":0.0,"HasSajda":false},{"SurahNumber":2,"SurahIndex":"002","VerseNumber":205,"ShowSurahName":false,"ShowBismillah":false,"Text":"وَإِذَا تَوَلَّىٰ سَعَىٰ فِي ٱلۡأَرۡضِ لِيُفۡسِدَ فِيهَا وَيُهۡلِكَ ٱلۡحَرۡثَ وَٱلنَّسۡلَۚ وَٱللَّهُ لَا يُحِبُّ ٱلۡفَسَادَ","TajweedText":"وَإِذَا تَوَلَّىٰ سَعَىٰ فِى <tajweed class=ham_wasl>ٱ</tajweed>لْأَرْضِ لِيُفْسِدَ فِيهَا وَيُهْلِكَ <tajweed class=ham_wasl>ٱ</tajweed>لْحَرْثَ وَ<tajweed class=ham_wasl>ٱ</tajweed><tajweed class=laam_shamsiyah>ل</tajweed><tajweed class=ghunnah>نّ</tajweed>َسْلَ‌ۗ وَ<tajweed class=ham_wasl>ٱ</tajweed>للَّهُ لَا يُحِبُّ <tajweed class=ham_wasl>ٱ</tajweed>لْفَس<tajweed class=madda_permissible>َا</tajweed><tajweed class=qalaqah>د</tajweed>َ <span class=end>٢٠٥</span>","End":"٢٠٥","PageNumber":32,"JuzNumber":2,"ManzilNumber":1,"RukuNumber":26,"MaqraNumber":13,"HizbNumber":4,"HizbDecimal":0.0,"HasSajda":false},{"SurahNumber":2,"SurahIndex":"002","VerseNumber":206,"ShowSurahName":false,"ShowBismillah":false,"Text":"وَإِذَا قِيلَ لَهُ ٱتَّقِ ٱللَّهَ أَخَذَتۡهُ ٱلۡعِزَّةُ بِٱلۡإِثۡمِۚ فَحَسۡبُهُۥ جَهَنَّمُۖ وَلَبِئۡسَ ٱلۡمِهَادُ","TajweedText":"وَإِذَا قِيلَ لَهُ <tajweed class=ham_wasl>ٱ</tajweed>تَّقِ <tajweed class=ham_wasl>ٱ</tajweed>للَّهَ أَخَذَتْهُ <tajweed class=ham_wasl>ٱ</tajweed>لْعِزَّةُ بِ<tajweed class=ham_wasl>ٱ</tajweed>لْإِثْمِ‌ۚ فَحَسْبُهُ<tajweed class=madda_normal>ۥ</tajweed> جَهَ<tajweed class=ghunnah>نّ</tajweed>َمُ‌ۚ وَلَبِئْسَ <tajweed class=ham_wasl>ٱ</tajweed>لْمِه<tajweed class=madda_permissible>َا</tajweed><tajweed class=qalaqah>د</tajweed>ُ <span class=end>٢٠٦</span>","End":"٢٠٦","PageNumber":32,"JuzNumber":2,"ManzilNumber":1,"RukuNumber":26,"MaqraNumber":13,"HizbNumber":4,"HizbDecimal":0.0,"HasSajda":false},{"SurahNumber":2,"SurahIndex":"002","VerseNumber":207,"ShowSurahName":false,"ShowBismillah":false,"Text":"وَمِنَ ٱلنَّاسِ مَن يَشۡرِي نَفۡسَهُ ٱبۡتِغَآءَ مَرۡضَاتِ ٱللَّهِۚ وَٱللَّهُ رَءُوفُۢ بِٱلۡعِبَادِ","TajweedText":"وَمِنَ <tajweed class=ham_wasl>ٱ</tajweed><tajweed class=laam_shamsiyah>ل</tajweed><tajweed class=ghunnah>نّ</tajweed>َاسِ م<tajweed class=idgham_ghunnah>َن ي</tajweed>َشْرِى نَفْسَهُ <tajweed class=ham_wasl>ٱ</tajweed><tajweed class=qalaqah>بْ</tajweed>تِغ<tajweed class=madda_obligatory>َا</tajweed>ٓءَ مَرْضَاتِ <tajweed class=ham_wasl>ٱ</tajweed>للَّهِ‌ۗ وَ<tajweed class=ham_wasl>ٱ</tajweed>للَّهُ رَءُو<tajweed class=iqlab>فُۢ ب</tajweed>ِ<tajweed class=ham_wasl>ٱ</tajweed>لْعِب<tajweed class=madda_permissible>َا</tajweed><tajweed class=qalaqah>د</tajweed>ِ <span class=end>٢٠٧</span>","End":"٢٠٧","PageNumber":32,"JuzNumber":2,"ManzilNumber":1,"RukuNumber":26,"MaqraNumber":13,"HizbNumber":4,"HizbDecimal":0.0,"HasSajda":false},{"SurahNumber":2,"SurahIndex":"002","VerseNumber":208,"ShowSurahName":false,"ShowBismillah":false,"Text":"يَـٰٓأَيُّهَا ٱلَّذِينَ ءَامَنُواْ ٱدۡخُلُواْ فِي ٱلسِّلۡمِ كَآفَّةٗ وَلَا تَتَّبِعُواْ خُطُوَٰتِ ٱلشَّيۡطَٰنِۚ إِنَّهُۥ لَكُمۡ عَدُوّٞ مُّبِينٞ","TajweedText":"يَ<tajweed class=madda_obligatory>ـٰٓ</tajweed>أَيُّهَا <tajweed class=ham_wasl>ٱ</tajweed>لَّذِينَ ءَامَنُو<tajweed class=slnt>اْ</tajweed> <tajweed class=ham_wasl>ٱ</tajweed><tajweed class=qalaqah>دْ</tajweed>خُلُو<tajweed class=slnt>اْ</tajweed> فِى <tajweed class=ham_wasl>ٱ</tajweed><tajweed class=laam_shamsiyah>ل</tajweed>سِّلْمِ ك<tajweed class=madda_necessary>َا</tajweed>ٓفَّ<tajweed class=idgham_ghunnah>ةً و</tajweed>َلَا تَتَّبِعُو<tajweed class=slnt>اْ</tajweed> خُطُو<tajweed class=madda_normal>َٲ</tajweed>تِ <tajweed class=ham_wasl>ٱ</tajweed><tajweed class=laam_shamsiyah>ل</tajweed>شَّيْطَ<tajweed class=madda_normal>ـٰ</tajweed>نِ‌ۚ إِ<tajweed class=ghunnah>نّ</tajweed>َهُ<tajweed class=madda_normal>ۥ</tajweed> لَكُمْ عَدُ<tajweed class=idgham_ghunnah>وٌّ م</tajweed>ُّب<tajweed class=madda_permissible>ِي</tajweed>نٌ <span class=end>٢٠٨</span>","End":"٢٠٨","PageNumber":32,"JuzNumber":2,"ManzilNumber":1,"RukuNumber":26,"MaqraNumber":13,"HizbNumber":4,"HizbDecimal":0.0,"HasSajda":false},{"SurahNumber":2,"SurahIndex":"002","VerseNumber":209,"ShowSurahName":false,"ShowBismillah":false,"Text":"فَإِن زَلَلۡتُم مِّنۢ بَعۡدِ مَا جَآءَتۡكُمُ ٱلۡبَيِّنَٰتُ فَٱعۡلَمُوٓاْ أَنَّ ٱللَّهَ عَزِيزٌ حَكِيمٌ","TajweedText":"فَإِ<tajweed class=ikhafa>ن ز</tajweed>َلَلْت<tajweed class=idgham_shafawi>ُم م</tajweed>ّ<tajweed class=iqlab>ِنۢ ب</tajweed>َعْدِ مَا ج<tajweed class=madda_obligatory>َا</tajweed>ٓءَتْكُمُ <tajweed class=ham_wasl>ٱ</tajweed>لْبَيِّنَ<tajweed class=madda_normal>ـٰ</tajweed>تُ فَ<tajweed class=ham_wasl>ٱ</tajweed>عْلَم<tajweed class=madda_obligatory>ُوٓ</tajweed><tajweed class=slnt>اْ</tajweed> أَ<tajweed class=ghunnah>نّ</tajweed>َ <tajweed class=ham_wasl>ٱ</tajweed>للَّهَ عَزِيزٌ حَك<tajweed class=madda_permissible>ِي</tajweed>مٌ <span class=end>٢٠٩</span>","End":"٢٠٩","PageNumber":32,"JuzNumber":2,"ManzilNumber":1,"RukuNumber":26,"MaqraNumber":13,"HizbNumber":4,"HizbDecimal":0.0,"HasSajda":false},{"SurahNumber":2,"SurahIndex":"002","VerseNumber":210,"ShowSurahName":false,"ShowBismillah":false,"Text":"هَلۡ يَنظُرُونَ إِلَّآ أَن يَأۡتِيَهُمُ ٱللَّهُ فِي ظُلَلٖ مِّنَ ٱلۡغَمَامِ وَٱلۡمَلَـٰٓئِكَةُ وَقُضِيَ ٱلۡأَمۡرُۚ وَإِلَى ٱللَّهِ تُرۡجَعُ ٱلۡأُمُورُ","TajweedText":"هَلْ يَ<tajweed class=ikhafa>نظ</tajweed>ُرُونَ إِلّ<tajweed class=madda_obligatory>َآ</tajweed> أ<tajweed class=idgham_ghunnah>َن ي</tajweed>َأْتِيَهُمُ <tajweed class=ham_wasl>ٱ</tajweed>للَّهُ فِى ظُلَ<tajweed class=idgham_ghunnah>لٍ م</tajweed>ِّنَ <tajweed class=ham_wasl>ٱ</tajweed>لْغَمَامِ وَ<tajweed class=ham_wasl>ٱ</tajweed>لْمَلَ<tajweed class=madda_obligatory>ـٰٓ</tajweed>ئِكَةُ وَقُضِىَ <tajweed class=ham_wasl>ٱ</tajweed>لْأَمْرُ‌ۚ وَإِلَى <tajweed class=ham_wasl>ٱ</tajweed>للَّهِ تُرْجَعُ <tajweed class=ham_wasl>ٱ</tajweed>لْأُم<tajweed class=madda_permissible>ُو</tajweed>رُ <span class=end>٢١٠</span>","End":"٢١٠","PageNumber":32,"JuzNumber":2,"ManzilNumber":1,"RukuNumber":26,"MaqraNumber":13,"HizbNumber":4,"HizbDecimal":0.0,"HasSajda":false}]}