{"RukuNumber":404,"Verses":[{"SurahNumber":40,"SurahIndex":"040","VerseNumber":1,"ShowSurahName":true,"ShowBismillah":true,"Text":"حمٓ","TajweedText":"ح<tajweed class=madda_necessary>مٓ</tajweed> <span class=end>١</span>","End":"١","PageNumber":467,"JuzNumber":24,"ManzilNumber":6,"RukuNumber":404,"MaqraNumber":187,"HizbNumber":47,"HizbDecimal":0.5,"HasSajda":false},{"SurahNumber":40,"SurahIndex":"040","VerseNumber":2,"ShowSurahName":false,"ShowBismillah":false,"Text":"تَنزِيلُ ٱلۡكِتَٰبِ مِنَ ٱللَّهِ ٱلۡعَزِيزِ ٱلۡعَلِيمِ","TajweedText":"تَ<tajweed class=ikhafa>نز</tajweed>ِيلُ <tajweed class=ham_wasl>ٱ</tajweed>لْكِتَ<tajweed class=madda_normal>ـٰ</tajweed>بِ مِنَ <tajweed class=ham_wasl>ٱ</tajweed>للَّهِ <tajweed class=ham_wasl>ٱ</tajweed>لْعَزِيزِ <tajweed class=ham_wasl>ٱ</tajweed>لْعَل<tajweed class=madda_permissible>ِي</tajweed>مِ <span class=end>٢</span>","End":"٢","PageNumber":467,"JuzNumber":24,"ManzilNumber":6,"RukuNumber":404,"MaqraNumber":187,"HizbNumber":47,"HizbDecimal":0.5,"HasSajda":false},{"SurahNumber":40,"SurahIndex":"040","VerseNumber":3,"ShowSurahName":false,"ShowBismillah":false,"Text":"غَافِرِ ٱلذَّنۢبِ وَقَابِلِ ٱلتَّوۡبِ شَدِيدِ ٱلۡعِقَابِ ذِي ٱلطَّوۡلِۖ لَآ إِلَٰهَ إِلَّا هُوَۖ إِلَيۡهِ ٱلۡمَصِيرُ","TajweedText":"غَافِرِ <tajweed class=ham_wasl>ٱ</tajweed><tajweed class=laam_shamsiyah>ل</tajweed>ذَّ<tajweed class=iqlab>نۢب</tajweed>ِ وَقَابِلِ <tajweed class=ham_wasl>ٱ</tajweed><tajweed class=laam_shamsiyah>ل</tajweed>تَّوْبِ شَدِيدِ <tajweed class=ham_wasl>ٱ</tajweed>لْعِقَابِ ذِى <tajweed class=ham_wasl>ٱ</tajweed><tajweed class=laam_shamsiyah>ل</tajweed>طَّوْلِۖ ل<tajweed class=madda_obligatory>َآ</tajweed> إِلَ<tajweed class=madda_normal>ـٰ</tajweed>هَ إِلَّا هُوَۖ إِلَيْهِ <tajweed class=ham_wasl>ٱ</tajweed>لْمَص<tajweed class=madda_permissible>ِي</tajweed>رُ <span class=end>٣</span>","End":"٣","PageNumber":467,"JuzNumber":24,"ManzilNumber":6,"RukuNumber":404,"MaqraNumber":187,"HizbNumber":47,"HizbDecimal":0.5,"HasSajda":false},{"SurahNumber":40,"SurahIndex":"040","VerseNumber":4,"ShowSurahName":false,"ShowBismillah":false,"Text":"مَا يُجَٰدِلُ فِيٓ ءَايَٰتِ ٱللَّهِ إِلَّا ٱلَّذِينَ كَفَرُواْ فَلَا يَغۡرُرۡكَ تَقَلُّبُهُمۡ فِي ٱلۡبِلَٰدِ","TajweedText":"مَا يُجَ<tajweed class=madda_normal>ـٰ</tajweed>دِلُ ف<tajweed class=madda_obligatory>ِىٓ</tajweed> ءَايَ<tajweed class=madda_normal>ـٰ</tajweed>تِ <tajweed class=ham_wasl>ٱ</tajweed>للَّهِ إِلَّا <tajweed class=ham_wasl>ٱ</tajweed>لَّذِينَ كَفَرُو<tajweed class=slnt>اْ</tajweed> فَلَا يَغْرُرْكَ تَقَلُّبُهُمْ فِى <tajweed class=ham_wasl>ٱ</tajweed>لْبِلَ<tajweed class=madda_permissible>ـٰ</tajweed><tajweed class=qalaqah>د</tajweed>ِ <span class=end>٤</span>","End":"٤","PageNumber":467,"JuzNumber":24,"ManzilNumber":6,"RukuNumber":404,"MaqraNumber":187,"HizbNumber":47,"HizbDecimal":0.5,"HasSajda":false},{"SurahNumber":40,"SurahIndex":"040","VerseNumber":5,"ShowSurahName":false,"ShowBismillah":false,"Text":"كَذَّبَتۡ قَبۡلَهُمۡ قَوۡمُ نُوحٖ وَٱلۡأَحۡزَابُ مِنۢ بَعۡدِهِمۡۖ وَهَمَّتۡ كُلُّ أُمَّةِۭ بِرَسُولِهِمۡ لِيَأۡخُذُوهُۖ وَجَٰدَلُواْ بِٱلۡبَٰطِلِ لِيُدۡحِضُواْ بِهِ ٱلۡحَقَّ فَأَخَذۡتُهُمۡۖ فَكَيۡفَ كَانَ عِقَابِ","TajweedText":"كَذَّبَتْ قَ<tajweed class=qalaqah>بْ</tajweed>لَهُمْ قَوْمُ نُو<tajweed class=idgham_ghunnah>حٍ و</tajweed>َ<tajweed class=ham_wasl>ٱ</tajweed>لْأَحْزَابُ م<tajweed class=iqlab>ِنۢ ب</tajweed>َعْدِهِمْۖ وَهَ<tajweed class=ghunnah>مّ</tajweed>َتْ كُلُّ أُ<tajweed class=ghunnah>مّ</tajweed>َ<tajweed class=iqlab>ةِۭ ب</tajweed>ِرَسُولِهِمْ لِيَأْخُذُوهُۖ وَجَ<tajweed class=madda_normal>ـٰ</tajweed>دَلُو<tajweed class=slnt>اْ</tajweed> بِ<tajweed class=ham_wasl>ٱ</tajweed>لْبَ<tajweed class=madda_normal>ـٰ</tajweed>طِلِ لِيُ<tajweed class=qalaqah>دْ</tajweed>حِضُو<tajweed class=slnt>اْ</tajweed> بِهِ <tajweed class=ham_wasl>ٱ</tajweed>لْحَقَّ فَأَخَذْتُهُمْۖ فَكَيْفَ كَانَ عِق<tajweed class=madda_permissible>َا</tajweed><tajweed class=qalaqah>ب</tajweed>ِ <span class=end>٥</span>","End":"٥","PageNumber":467,"JuzNumber":24,"ManzilNumber":6,"RukuNumber":404,"MaqraNumber":187,"HizbNumber":47,"HizbDecimal":0.5,"HasSajda":false},{"SurahNumber":40,"SurahIndex":"040","VerseNumber":6,"ShowSurahName":false,"ShowBismillah":false,"Text":"وَكَذَٰلِكَ حَقَّتۡ كَلِمَتُ رَبِّكَ عَلَى ٱلَّذِينَ كَفَرُوٓاْ أَنَّهُمۡ أَصۡحَٰبُ ٱلنَّارِ","TajweedText":"وَكَذ<tajweed class=madda_normal>َٲ</tajweed>لِكَ حَقَّتْ كَلِمَتُ رَبِّكَ عَلَى <tajweed class=ham_wasl>ٱ</tajweed>لَّذِينَ كَفَر<tajweed class=madda_obligatory>ُوٓ</tajweed><tajweed class=slnt>اْ</tajweed> أَ<tajweed class=ghunnah>نّ</tajweed>َهُمْ أَصْحَ<tajweed class=madda_normal>ـٰ</tajweed>بُ <tajweed class=ham_wasl>ٱ</tajweed><tajweed class=laam_shamsiyah>ل</tajweed><tajweed class=ghunnah>نّ</tajweed><tajweed class=madda_permissible>َا</tajweed>رِ <span class=end>٦</span>","End":"٦","PageNumber":467,"JuzNumber":24,"ManzilNumber":6,"RukuNumber":404,"MaqraNumber":187,"HizbNumber":47,"HizbDecimal":0.5,"HasSajda":false},{"SurahNumber":40,"SurahIndex":"040","VerseNumber":7,"ShowSurahName":false,"ShowBismillah":false,"Text":"ٱلَّذِينَ يَحۡمِلُونَ ٱلۡعَرۡشَ وَمَنۡ حَوۡلَهُۥ يُسَبِّحُونَ بِحَمۡدِ رَبِّهِمۡ وَيُؤۡمِنُونَ بِهِۦ وَيَسۡتَغۡفِرُونَ لِلَّذِينَ ءَامَنُواْۖ رَبَّنَا وَسِعۡتَ كُلَّ شَيۡءٖ رَّحۡمَةٗ وَعِلۡمٗا فَٱغۡفِرۡ لِلَّذِينَ تَابُواْ وَٱتَّبَعُواْ سَبِيلَكَ وَقِهِمۡ عَذَابَ ٱلۡجَحِيمِ","TajweedText":"ٱلَّذِينَ يَحْمِلُونَ <tajweed class=ham_wasl>ٱ</tajweed>لْعَرْشَ وَمَنْ حَوْلَهُ<tajweed class=madda_normal>ۥ</tajweed> يُسَبِّحُونَ بِحَمْدِ رَبِّهِمْ وَيُؤْمِنُونَ بِه<tajweed class=madda_normal>ِۦ</tajweed> وَيَسْتَغْفِرُونَ لِلَّذِينَ ءَامَنُو<tajweed class=slnt>اْ</tajweed> رَبَّنَا وَسِعْتَ كُلَّ ش<tajweed class=idgham_wo_ghunnah>َىْءٍ ر</tajweed>َّحْمَ<tajweed class=idgham_ghunnah>ةً و</tajweed>َعِلْ<tajweed class=ikhafa>مًا ف</tajweed>َ<tajweed class=ham_wasl>ٱ</tajweed>غْفِرْ لِلَّذِينَ تَابُو<tajweed class=slnt>اْ</tajweed> وَ<tajweed class=ham_wasl>ٱ</tajweed>تَّبَعُو<tajweed class=slnt>اْ</tajweed> سَبِيلَكَ وَقِهِمْ عَذَابَ <tajweed class=ham_wasl>ٱ</tajweed>لْجَح<tajweed class=madda_permissible>ِي</tajweed>مِ <span class=end>٧</span>","End":"٧","PageNumber":467,"JuzNumber":24,"ManzilNumber":6,"RukuNumber":404,"MaqraNumber":187,"HizbNumber":47,"HizbDecimal":0.5,"HasSajda":false},{"SurahNumber":40,"SurahIndex":"040","VerseNumber":8,"ShowSurahName":false,"ShowBismillah":false,"Text":"رَبَّنَا وَأَدۡخِلۡهُمۡ جَنَّـٰتِ عَدۡنٍ ٱلَّتِي وَعَدتَّهُمۡ وَمَن صَلَحَ مِنۡ ءَابَآئِهِمۡ وَأَزۡوَٰجِهِمۡ وَذُرِّيَّـٰتِهِمۡۚ إِنَّكَ أَنتَ ٱلۡعَزِيزُ ٱلۡحَكِيمُ","TajweedText":"رَبَّنَا وَأَ<tajweed class=qalaqah>دْ</tajweed>خِلْهُمْ جَ<tajweed class=ghunnah>نّ</tajweed>َ<tajweed class=madda_normal>ـٰ</tajweed>تِ عَ<tajweed class=qalaqah>دْ</tajweed>نٍ <tajweed class=ham_wasl>ٱ</tajweed>لَّتِى وَعَ<tajweed class=idgham_mutajanisayn>د</tajweed>تَّهُمْ وَمَ<tajweed class=ikhafa>ن ص</tajweed>َلَحَ مِنْ ءَاب<tajweed class=madda_obligatory>َا</tajweed>ٓئِهِمْ وَأَزْو<tajweed class=madda_normal>َٲ</tajweed>جِهِمْ وَذُرِّيَّ<tajweed class=madda_normal>ـٰ</tajweed>تِهِمْۚ إِ<tajweed class=ghunnah>نّ</tajweed>َكَ أَ<tajweed class=ikhafa>نت</tajweed>َ <tajweed class=ham_wasl>ٱ</tajweed>لْعَزِيزُ <tajweed class=ham_wasl>ٱ</tajweed>لْحَك<tajweed class=madda_permissible>ِي</tajweed>مُ <span class=end>٨</span>","End":"٨","PageNumber":468,"JuzNumber":24,"ManzilNumber":6,"RukuNumber":404,"MaqraNumber":187,"HizbNumber":47,"HizbDecimal":0.5,"HasSajda":false},{"SurahNumber":40,"SurahIndex":"040","VerseNumber":9,"ShowSurahName":false,"ShowBismillah":false,"Text":"وَقِهِمُ ٱلسَّيِّـَٔاتِۚ وَمَن تَقِ ٱلسَّيِّـَٔاتِ يَوۡمَئِذٖ فَقَدۡ رَحِمۡتَهُۥۚ وَذَٰلِكَ هُوَ ٱلۡفَوۡزُ ٱلۡعَظِيمُ","TajweedText":"وَقِهِمُ <tajweed class=ham_wasl>ٱ</tajweed><tajweed class=laam_shamsiyah>ل</tajweed>سَّيِّـَٔـاتِۚ وَمَ<tajweed class=ikhafa>ن ت</tajweed>َقِ <tajweed class=ham_wasl>ٱ</tajweed><tajweed class=laam_shamsiyah>ل</tajweed>سَّيِّـَٔـاتِ يَوْمَئِ<tajweed class=ikhafa>ذٍ ف</tajweed>َقَ<tajweed class=qalaqah>دْ</tajweed> رَحِمْتَهُ<tajweed class=madda_normal>ۥ</tajweed>ۚ وَذ<tajweed class=madda_normal>َٲ</tajweed>لِكَ هُوَ <tajweed class=ham_wasl>ٱ</tajweed>لْفَوْزُ <tajweed class=ham_wasl>ٱ</tajweed>لْعَظ<tajweed class=madda_permissible>ِي</tajweed>مُ <span class=end>٩</span>","End":"٩","PageNumber":468,"JuzNumber":24,"ManzilNumber":6,"RukuNumber":404,"MaqraNumber":187,"HizbNumber":47,"HizbDecimal":0.5,"HasSajda":false}]}