{"RukuNumber":473,"Verses":[{"SurahNumber":57,"SurahIndex":"057","VerseNumber":11,"ShowSurahName":false,"ShowBismillah":false,"Text":"مَّن ذَا ٱلَّذِي يُقۡرِضُ ٱللَّهَ قَرۡضًا حَسَنٗا فَيُضَٰعِفَهُۥ لَهُۥ وَلَهُۥٓ أَجۡرٞ كَرِيمٞ","TajweedText":"مَّ<tajweed class=ikhafa>ن ذ</tajweed>َا <tajweed class=ham_wasl>ٱ</tajweed>لَّذِى يُ<tajweed class=qalaqah>قْ</tajweed>رِضُ <tajweed class=ham_wasl>ٱ</tajweed>للَّهَ قَرْضًا حَسَ<tajweed class=ikhafa>نًا ف</tajweed>َيُضَ<tajweed class=madda_normal>ـٰ</tajweed>عِفَهُ<tajweed class=madda_normal>ۥ</tajweed> لَهُ<tajweed class=madda_normal>ۥ</tajweed> وَلَهُ<tajweed class=madda_obligatory>ۥٓ</tajweed> أَ<tajweed class=qalaqah>جْ</tajweed><tajweed class=ikhafa>رٌ ك</tajweed>َر<tajweed class=madda_permissible>ِي</tajweed>مٌ <span class=end>١١</span>","End":"١١","PageNumber":538,"JuzNumber":27,"ManzilNumber":7,"RukuNumber":473,"MaqraNumber":215,"HizbNumber":54,"HizbDecimal":0.5,"HasSajda":false},{"SurahNumber":57,"SurahIndex":"057","VerseNumber":12,"ShowSurahName":false,"ShowBismillah":false,"Text":"يَوۡمَ تَرَى ٱلۡمُؤۡمِنِينَ وَٱلۡمُؤۡمِنَٰتِ يَسۡعَىٰ نُورُهُم بَيۡنَ أَيۡدِيهِمۡ وَبِأَيۡمَٰنِهِمۖ بُشۡرَىٰكُمُ ٱلۡيَوۡمَ جَنَّـٰتٞ تَجۡرِي مِن تَحۡتِهَا ٱلۡأَنۡهَٰرُ خَٰلِدِينَ فِيهَاۚ ذَٰلِكَ هُوَ ٱلۡفَوۡزُ ٱلۡعَظِيمُ","TajweedText":"يَوْمَ تَرَى <tajweed class=ham_wasl>ٱ</tajweed>لْمُؤْمِنِينَ وَ<tajweed class=ham_wasl>ٱ</tajweed>لْمُؤْمِنَ<tajweed class=madda_normal>ـٰ</tajweed>تِ يَسْعَىٰ نُورُه<tajweed class=ikhafa_shafawi>ُم ب</tajweed>َيْنَ أَيْدِيهِمْ وَبِأَيْمَ<tajweed class=madda_normal>ـٰ</tajweed>نِه<tajweed class=ikhafa_shafawi>ِم ب</tajweed>ُشْرَ<tajweed class=madda_normal>ٮٰ</tajweed>كُمُ <tajweed class=ham_wasl>ٱ</tajweed>لْيَوْمَ جَ<tajweed class=ghunnah>نّ</tajweed>َ<tajweed class=madda_normal>ـٰ</tajweed><tajweed class=ikhafa>تٌ ت</tajweed>َ<tajweed class=qalaqah>جْ</tajweed>رِى مِ<tajweed class=ikhafa>ن ت</tajweed>َحْتِهَا <tajweed class=ham_wasl>ٱ</tajweed>لْأَنْهَ<tajweed class=madda_normal>ـٰ</tajweed>رُ خَ<tajweed class=madda_normal>ـٰ</tajweed>لِدِينَ فِيهَا‌ۚ ذ<tajweed class=madda_normal>َٲ</tajweed>لِكَ هُوَ <tajweed class=ham_wasl>ٱ</tajweed>لْفَوْزُ <tajweed class=ham_wasl>ٱ</tajweed>لْعَظ<tajweed class=madda_permissible>ِي</tajweed>مُ <span class=end>١٢</span>","End":"١٢","PageNumber":539,"JuzNumber":27,"ManzilNumber":7,"RukuNumber":473,"MaqraNumber":215,"HizbNumber":54,"HizbDecimal":0.5,"HasSajda":false},{"SurahNumber":57,"SurahIndex":"057","VerseNumber":13,"ShowSurahName":false,"ShowBismillah":false,"Text":"يَوۡمَ يَقُولُ ٱلۡمُنَٰفِقُونَ وَٱلۡمُنَٰفِقَٰتُ لِلَّذِينَ ءَامَنُواْ ٱنظُرُونَا نَقۡتَبِسۡ مِن نُّورِكُمۡ قِيلَ ٱرۡجِعُواْ وَرَآءَكُمۡ فَٱلۡتَمِسُواْ نُورٗاۖ فَضُرِبَ بَيۡنَهُم بِسُورٖ لَّهُۥ بَابُۢ بَاطِنُهُۥ فِيهِ ٱلرَّحۡمَةُ وَظَٰهِرُهُۥ مِن قِبَلِهِ ٱلۡعَذَابُ","TajweedText":"يَوْمَ يَقُولُ <tajweed class=ham_wasl>ٱ</tajweed>لْمُنَ<tajweed class=madda_normal>ـٰ</tajweed>فِقُونَ وَ<tajweed class=ham_wasl>ٱ</tajweed>لْمُنَ<tajweed class=madda_normal>ـٰ</tajweed>فِقَ<tajweed class=madda_normal>ـٰ</tajweed>تُ لِلَّذِينَ ءَامَنُو<tajweed class=slnt>اْ</tajweed> <tajweed class=ham_wasl>ٱ</tajweed><tajweed class=ikhafa>نظ</tajweed>ُرُونَا نَ<tajweed class=qalaqah>قْ</tajweed>تَبِسْ م<tajweed class=idgham_ghunnah>ِن ن</tajweed>ُّورِكُمْ قِيلَ <tajweed class=ham_wasl>ٱ</tajweed>رْجِعُو<tajweed class=slnt>اْ</tajweed> وَر<tajweed class=madda_obligatory>َا</tajweed>ٓءَكُمْ فَ<tajweed class=ham_wasl>ٱ</tajweed>لْتَمِسُو<tajweed class=slnt>اْ</tajweed> نُو<tajweed class=ikhafa>رًا ف</tajweed>َضُرِبَ بَيْنَه<tajweed class=ikhafa_shafawi>ُم ب</tajweed>ِسُو<tajweed class=idgham_wo_ghunnah>رٍ ل</tajweed>َّهُ<tajweed class=madda_normal>ۥ</tajweed> بَا<tajweed class=iqlab>بُۢ ب</tajweed>َاطِنُهُ<tajweed class=madda_normal>ۥ</tajweed> فِيهِ <tajweed class=ham_wasl>ٱ</tajweed><tajweed class=laam_shamsiyah>ل</tajweed>رَّحْمَةُ وَظَ<tajweed class=madda_normal>ـٰ</tajweed>هِرُهُ<tajweed class=madda_normal>ۥ</tajweed> مِ<tajweed class=ikhafa>ن ق</tajweed>ِبَلِهِ <tajweed class=ham_wasl>ٱ</tajweed>لْعَذ<tajweed class=madda_permissible>َا</tajweed><tajweed class=qalaqah>ب</tajweed>ُ <span class=end>١٣</span>","End":"١٣","PageNumber":539,"JuzNumber":27,"ManzilNumber":7,"RukuNumber":473,"MaqraNumber":215,"HizbNumber":54,"HizbDecimal":0.5,"HasSajda":false},{"SurahNumber":57,"SurahIndex":"057","VerseNumber":14,"ShowSurahName":false,"ShowBismillah":false,"Text":"يُنَادُونَهُمۡ أَلَمۡ نَكُن مَّعَكُمۡۖ قَالُواْ بَلَىٰ وَلَٰكِنَّكُمۡ فَتَنتُمۡ أَنفُسَكُمۡ وَتَرَبَّصۡتُمۡ وَٱرۡتَبۡتُمۡ وَغَرَّتۡكُمُ ٱلۡأَمَانِيُّ حَتَّىٰ جَآءَ أَمۡرُ ٱللَّهِ وَغَرَّكُم بِٱللَّهِ ٱلۡغَرُورُ","TajweedText":"يُنَادُونَهُمْ أَلَمْ نَك<tajweed class=idgham_ghunnah>ُن م</tajweed>َّعَكُمْ‌ۖ قَالُو<tajweed class=slnt>اْ</tajweed> بَلَىٰ وَلَ<tajweed class=madda_normal>ـٰ</tajweed>كِ<tajweed class=ghunnah>نّ</tajweed>َكُمْ فَتَ<tajweed class=ikhafa>نت</tajweed>ُمْ أَ<tajweed class=ikhafa>نف</tajweed>ُسَكُمْ وَتَرَبَّصْتُمْ وَ<tajweed class=ham_wasl>ٱ</tajweed>رْتَ<tajweed class=qalaqah>بْ</tajweed>تُمْ وَغَرَّتْكُمُ <tajweed class=ham_wasl>ٱ</tajweed>لْأَمَانِىُّ حَتَّىٰ ج<tajweed class=madda_obligatory>َا</tajweed>ٓءَ أَمْرُ <tajweed class=ham_wasl>ٱ</tajweed>للَّهِ وَغَرَّك<tajweed class=ikhafa_shafawi>ُم ب</tajweed>ِ<tajweed class=ham_wasl>ٱ</tajweed>للَّهِ <tajweed class=ham_wasl>ٱ</tajweed>لْغَر<tajweed class=madda_permissible>ُو</tajweed>رُ <span class=end>١٤</span>","End":"١٤","PageNumber":539,"JuzNumber":27,"ManzilNumber":7,"RukuNumber":473,"MaqraNumber":215,"HizbNumber":54,"HizbDecimal":0.5,"HasSajda":false},{"SurahNumber":57,"SurahIndex":"057","VerseNumber":15,"ShowSurahName":false,"ShowBismillah":false,"Text":"فَٱلۡيَوۡمَ لَا يُؤۡخَذُ مِنكُمۡ فِدۡيَةٞ وَلَا مِنَ ٱلَّذِينَ كَفَرُواْۚ مَأۡوَىٰكُمُ ٱلنَّارُۖ هِيَ مَوۡلَىٰكُمۡۖ وَبِئۡسَ ٱلۡمَصِيرُ","TajweedText":"فَ<tajweed class=ham_wasl>ٱ</tajweed>لْيَوْمَ لَا يُؤْخَذُ مِ<tajweed class=ikhafa>نك</tajweed>ُمْ فِ<tajweed class=qalaqah>دْ</tajweed>يَ<tajweed class=idgham_ghunnah>ةٌ و</tajweed>َلَا مِنَ <tajweed class=ham_wasl>ٱ</tajweed>لَّذِينَ كَفَرُو<tajweed class=slnt>اْ‌ۚ</tajweed> مَأْوَ<tajweed class=madda_normal>ٮٰ</tajweed>كُمُ <tajweed class=ham_wasl>ٱ</tajweed><tajweed class=laam_shamsiyah>ل</tajweed><tajweed class=ghunnah>نّ</tajweed>َارُ‌ۖ هِىَ مَوْلَ<tajweed class=madda_normal>ـٰ</tajweed>كُمْ‌ۖ وَبِئْسَ <tajweed class=ham_wasl>ٱ</tajweed>لْمَص<tajweed class=madda_permissible>ِي</tajweed>رُ <span class=end>١٥</span>","End":"١٥","PageNumber":539,"JuzNumber":27,"ManzilNumber":7,"RukuNumber":473,"MaqraNumber":215,"HizbNumber":54,"HizbDecimal":0.5,"HasSajda":false},{"SurahNumber":57,"SurahIndex":"057","VerseNumber":16,"ShowSurahName":false,"ShowBismillah":false,"Text":"۞أَلَمۡ يَأۡنِ لِلَّذِينَ ءَامَنُوٓاْ أَن تَخۡشَعَ قُلُوبُهُمۡ لِذِكۡرِ ٱللَّهِ وَمَا نَزَلَ مِنَ ٱلۡحَقِّ وَلَا يَكُونُواْ كَٱلَّذِينَ أُوتُواْ ٱلۡكِتَٰبَ مِن قَبۡلُ فَطَالَ عَلَيۡهِمُ ٱلۡأَمَدُ فَقَسَتۡ قُلُوبُهُمۡۖ وَكَثِيرٞ مِّنۡهُمۡ فَٰسِقُونَ","TajweedText":"۞ أَلَمْ يَأْنِ لِلَّذِينَ ءَامَن<tajweed class=madda_obligatory>ُوٓ</tajweed><tajweed class=slnt>اْ</tajweed> أَ<tajweed class=ikhafa>ن ت</tajweed>َخْشَعَ قُلُوبُهُمْ لِذِكْرِ <tajweed class=ham_wasl>ٱ</tajweed>للَّهِ وَمَا نَزَلَ مِنَ <tajweed class=ham_wasl>ٱ</tajweed>لْحَقِّ وَلَا يَكُونُو<tajweed class=slnt>اْ</tajweed> كَ<tajweed class=ham_wasl>ٱ</tajweed>لَّذِينَ أُوتُو<tajweed class=slnt>اْ</tajweed> <tajweed class=ham_wasl>ٱ</tajweed>لْكِتَ<tajweed class=madda_normal>ـٰ</tajweed>بَ مِ<tajweed class=ikhafa>ن ق</tajweed>َ<tajweed class=qalaqah>بْ</tajweed>لُ فَطَالَ عَلَيْهِمُ <tajweed class=ham_wasl>ٱ</tajweed>لْأَمَدُ فَقَسَتْ قُلُوبُهُمْ‌ۖ وَكَثِي<tajweed class=idgham_ghunnah>رٌ م</tajweed>ِّنْهُمْ فَ<tajweed class=madda_normal>ـٰ</tajweed>سِق<tajweed class=madda_permissible>ُو</tajweed>نَ <span class=end>١٦</span>","End":"١٦","PageNumber":539,"JuzNumber":27,"ManzilNumber":7,"RukuNumber":473,"MaqraNumber":216,"HizbNumber":54,"HizbDecimal":0.75,"HasSajda":false},{"SurahNumber":57,"SurahIndex":"057","VerseNumber":17,"ShowSurahName":false,"ShowBismillah":false,"Text":"ٱعۡلَمُوٓاْ أَنَّ ٱللَّهَ يُحۡيِ ٱلۡأَرۡضَ بَعۡدَ مَوۡتِهَاۚ قَدۡ بَيَّنَّا لَكُمُ ٱلۡأٓيَٰتِ لَعَلَّكُمۡ تَعۡقِلُونَ","TajweedText":"ٱعْلَم<tajweed class=madda_obligatory>ُوٓ</tajweed><tajweed class=slnt>اْ</tajweed> أَ<tajweed class=ghunnah>نّ</tajweed>َ <tajweed class=ham_wasl>ٱ</tajweed>للَّهَ يُحْىِ <tajweed class=ham_wasl>ٱ</tajweed>لْأَرْضَ بَعْدَ مَوْتِهَا‌ۚ قَ<tajweed class=qalaqah>دْ</tajweed> بَيَّ<tajweed class=ghunnah>نّ</tajweed>َا لَكُمُ <tajweed class=ham_wasl>ٱ</tajweed>لْأَيَ<tajweed class=madda_normal>ـٰ</tajweed>تِ لَعَلَّكُمْ تَعْقِل<tajweed class=madda_permissible>ُو</tajweed>نَ <span class=end>١٧</span>","End":"١٧","PageNumber":539,"JuzNumber":27,"ManzilNumber":7,"RukuNumber":473,"MaqraNumber":216,"HizbNumber":54,"HizbDecimal":0.75,"HasSajda":false},{"SurahNumber":57,"SurahIndex":"057","VerseNumber":18,"ShowSurahName":false,"ShowBismillah":false,"Text":"إِنَّ ٱلۡمُصَّدِّقِينَ وَٱلۡمُصَّدِّقَٰتِ وَأَقۡرَضُواْ ٱللَّهَ قَرۡضًا حَسَنٗا يُضَٰعَفُ لَهُمۡ وَلَهُمۡ أَجۡرٞ كَرِيمٞ","TajweedText":"إِ<tajweed class=ghunnah>نّ</tajweed>َ <tajweed class=ham_wasl>ٱ</tajweed>لْمُصَّدِّقِينَ وَ<tajweed class=ham_wasl>ٱ</tajweed>لْمُصَّدِّقَ<tajweed class=madda_normal>ـٰ</tajweed>تِ وَأَ<tajweed class=qalaqah>قْ</tajweed>رَضُو<tajweed class=slnt>اْ</tajweed> <tajweed class=ham_wasl>ٱ</tajweed>للَّهَ قَرْضًا حَسَ<tajweed class=idgham_ghunnah>نًا ي</tajweed>ُضَ<tajweed class=madda_normal>ـٰ</tajweed>عَفُ لَهُمْ وَلَهُمْ أَ<tajweed class=qalaqah>جْ</tajweed><tajweed class=ikhafa>رٌ ك</tajweed>َر<tajweed class=madda_permissible>ِي</tajweed>مٌ <span class=end>١٨</span>","End":"١٨","PageNumber":539,"JuzNumber":27,"ManzilNumber":7,"RukuNumber":473,"MaqraNumber":216,"HizbNumber":54,"HizbDecimal":0.75,"HasSajda":false},{"SurahNumber":57,"SurahIndex":"057","VerseNumber":19,"ShowSurahName":false,"ShowBismillah":false,"Text":"وَٱلَّذِينَ ءَامَنُواْ بِٱللَّهِ وَرُسُلِهِۦٓ أُوْلَـٰٓئِكَ هُمُ ٱلصِّدِّيقُونَۖ وَٱلشُّهَدَآءُ عِندَ رَبِّهِمۡ لَهُمۡ أَجۡرُهُمۡ وَنُورُهُمۡۖ وَٱلَّذِينَ كَفَرُواْ وَكَذَّبُواْ بِـَٔايَٰتِنَآ أُوْلَـٰٓئِكَ أَصۡحَٰبُ ٱلۡجَحِيمِ","TajweedText":"وَ<tajweed class=ham_wasl>ٱ</tajweed>لَّذِينَ ءَامَنُو<tajweed class=slnt>اْ</tajweed> بِ<tajweed class=ham_wasl>ٱ</tajweed>للَّهِ وَرُسُلِه<tajweed class=madda_obligatory>ِۦٓ</tajweed> أُ<tajweed class=slnt>وْ</tajweed>لَ<tajweed class=madda_obligatory>ـٰٓ</tajweed>ئِكَ هُمُ <tajweed class=ham_wasl>ٱ</tajweed><tajweed class=laam_shamsiyah>ل</tajweed>صِّدِّيقُونَ‌ۖ وَ<tajweed class=ham_wasl>ٱ</tajweed><tajweed class=laam_shamsiyah>ل</tajweed>شُّهَد<tajweed class=madda_obligatory>َا</tajweed>ٓءُ عِ<tajweed class=ikhafa>ند</tajweed>َ رَبِّهِمْ لَهُمْ أَ<tajweed class=qalaqah>جْ</tajweed>رُهُمْ وَنُورُهُمْ‌ۖ وَ<tajweed class=ham_wasl>ٱ</tajweed>لَّذِينَ كَفَرُو<tajweed class=slnt>اْ</tajweed> وَكَذَّبُو<tajweed class=slnt>اْ</tajweed> بِـَٔـايَ<tajweed class=madda_normal>ـٰ</tajweed>تِن<tajweed class=madda_obligatory>َآ</tajweed> أُ<tajweed class=slnt>وْ</tajweed>لَ<tajweed class=madda_obligatory>ـٰٓ</tajweed>ئِكَ أَصْحَ<tajweed class=madda_normal>ـٰ</tajweed>بُ <tajweed class=ham_wasl>ٱ</tajweed>لْجَح<tajweed class=madda_permissible>ِي</tajweed>مِ <span class=end>١٩</span>","End":"١٩","PageNumber":540,"JuzNumber":27,"ManzilNumber":7,"RukuNumber":473,"MaqraNumber":216,"HizbNumber":54,"HizbDecimal":0.75,"HasSajda":false}]}