{"RukuNumber":109,"Verses":[{"SurahNumber":6,"SurahIndex":"006","VerseNumber":61,"ShowSurahName":false,"ShowBismillah":false,"Text":"وَهُوَ ٱلۡقَاهِرُ فَوۡقَ عِبَادِهِۦۖ وَيُرۡسِلُ عَلَيۡكُمۡ حَفَظَةً حَتَّىٰٓ إِذَا جَآءَ أَحَدَكُمُ ٱلۡمَوۡتُ تَوَفَّتۡهُ رُسُلُنَا وَهُمۡ لَا يُفَرِّطُونَ","TajweedText":"وَهُوَ <tajweed class=ham_wasl>ٱ</tajweed>لْقَاهِرُ فَوْقَ عِبَادِه<tajweed class=madda_normal>ِۦ</tajweed>‌ۖ وَيُرْسِلُ عَلَيْكُمْ حَفَظَةً حَتَّ<tajweed class=madda_obligatory>ىٰٓ</tajweed> إِذَا ج<tajweed class=madda_obligatory>َا</tajweed>ٓءَ أَحَدَكُمُ <tajweed class=ham_wasl>ٱ</tajweed>لْمَوْتُ تَوَفَّتْهُ رُسُلُنَا وَهُمْ لَا يُفَرِّط<tajweed class=madda_permissible>ُو</tajweed>نَ <span class=end>٦١</span>","End":"٦١","PageNumber":135,"JuzNumber":7,"ManzilNumber":2,"RukuNumber":109,"MaqraNumber":54,"HizbNumber":14,"HizbDecimal":0.25,"HasSajda":false},{"SurahNumber":6,"SurahIndex":"006","VerseNumber":62,"ShowSurahName":false,"ShowBismillah":false,"Text":"ثُمَّ رُدُّوٓاْ إِلَى ٱللَّهِ مَوۡلَىٰهُمُ ٱلۡحَقِّۚ أَلَا لَهُ ٱلۡحُكۡمُ وَهُوَ أَسۡرَعُ ٱلۡحَٰسِبِينَ","TajweedText":"ثُ<tajweed class=ghunnah>مّ</tajweed>َ رُدّ<tajweed class=madda_obligatory>ُوٓ</tajweed><tajweed class=slnt>اْ</tajweed> إِلَى <tajweed class=ham_wasl>ٱ</tajweed>للَّهِ مَوْلَ<tajweed class=madda_normal>ـٰ</tajweed>هُمُ <tajweed class=ham_wasl>ٱ</tajweed>لْحَقِّ‌ۚ أَلَا لَهُ <tajweed class=ham_wasl>ٱ</tajweed>لْحُكْمُ وَهُوَ أَسْرَعُ <tajweed class=ham_wasl>ٱ</tajweed>لْحَ<tajweed class=madda_normal>ـٰ</tajweed>سِب<tajweed class=madda_permissible>ِي</tajweed>نَ <span class=end>٦٢</span>","End":"٦٢","PageNumber":135,"JuzNumber":7,"ManzilNumber":2,"RukuNumber":109,"MaqraNumber":54,"HizbNumber":14,"HizbDecimal":0.25,"HasSajda":false},{"SurahNumber":6,"SurahIndex":"006","VerseNumber":63,"ShowSurahName":false,"ShowBismillah":false,"Text":"قُلۡ مَن يُنَجِّيكُم مِّن ظُلُمَٰتِ ٱلۡبَرِّ وَٱلۡبَحۡرِ تَدۡعُونَهُۥ تَضَرُّعٗا وَخُفۡيَةٗ لَّئِنۡ أَنجَىٰنَا مِنۡ هَٰذِهِۦ لَنَكُونَنَّ مِنَ ٱلشَّـٰكِرِينَ","TajweedText":"قُلْ م<tajweed class=idgham_ghunnah>َن ي</tajweed>ُنَجِّيك<tajweed class=idgham_shafawi>ُم م</tajweed>ِّ<tajweed class=ikhafa>ن ظ</tajweed>ُلُمَ<tajweed class=madda_normal>ـٰ</tajweed>تِ <tajweed class=ham_wasl>ٱ</tajweed>لْبَرِّ وَ<tajweed class=ham_wasl>ٱ</tajweed>لْبَحْرِ تَ<tajweed class=qalaqah>دْ</tajweed>عُونَهُ<tajweed class=madda_normal>ۥ</tajweed> تَضَرُّ<tajweed class=idgham_ghunnah>عًا و</tajweed>َخُفْيَ<tajweed class=idgham_wo_ghunnah>ةً ل</tajweed>َّئِنْ أَ<tajweed class=ikhafa>نج</tajweed>َ<tajweed class=madda_normal>ـٰ</tajweed>نَا مِنْ هَ<tajweed class=madda_normal>ـٰ</tajweed>ذِه<tajweed class=madda_normal>ِۦ</tajweed> لَنَكُونَ<tajweed class=ghunnah>نّ</tajweed>َ مِنَ <tajweed class=ham_wasl>ٱ</tajweed><tajweed class=laam_shamsiyah>ل</tajweed>شَّ<tajweed class=madda_normal>ـٰ</tajweed>كِر<tajweed class=madda_permissible>ِي</tajweed>نَ <span class=end>٦٣</span>","End":"٦٣","PageNumber":135,"JuzNumber":7,"ManzilNumber":2,"RukuNumber":109,"MaqraNumber":54,"HizbNumber":14,"HizbDecimal":0.25,"HasSajda":false},{"SurahNumber":6,"SurahIndex":"006","VerseNumber":64,"ShowSurahName":false,"ShowBismillah":false,"Text":"قُلِ ٱللَّهُ يُنَجِّيكُم مِّنۡهَا وَمِن كُلِّ كَرۡبٖ ثُمَّ أَنتُمۡ تُشۡرِكُونَ","TajweedText":"قُلِ <tajweed class=ham_wasl>ٱ</tajweed>للَّهُ يُنَجِّيك<tajweed class=idgham_shafawi>ُم م</tajweed>ِّنْهَا وَمِ<tajweed class=ikhafa>ن ك</tajweed>ُلِّ كَرْ<tajweed class=ikhafa>بٍ ث</tajweed>ُ<tajweed class=ghunnah>مّ</tajweed>َ أَ<tajweed class=ikhafa>نت</tajweed>ُمْ تُشْرِك<tajweed class=madda_permissible>ُو</tajweed>نَ <span class=end>٦٤</span>","End":"٦٤","PageNumber":135,"JuzNumber":7,"ManzilNumber":2,"RukuNumber":109,"MaqraNumber":54,"HizbNumber":14,"HizbDecimal":0.25,"HasSajda":false},{"SurahNumber":6,"SurahIndex":"006","VerseNumber":65,"ShowSurahName":false,"ShowBismillah":false,"Text":"قُلۡ هُوَ ٱلۡقَادِرُ عَلَىٰٓ أَن يَبۡعَثَ عَلَيۡكُمۡ عَذَابٗا مِّن فَوۡقِكُمۡ أَوۡ مِن تَحۡتِ أَرۡجُلِكُمۡ أَوۡ يَلۡبِسَكُمۡ شِيَعٗا وَيُذِيقَ بَعۡضَكُم بَأۡسَ بَعۡضٍۗ ٱنظُرۡ كَيۡفَ نُصَرِّفُ ٱلۡأٓيَٰتِ لَعَلَّهُمۡ يَفۡقَهُونَ","TajweedText":"قُلْ هُوَ <tajweed class=ham_wasl>ٱ</tajweed>لْقَادِرُ عَلَ<tajweed class=madda_obligatory>ىٰٓ</tajweed> أ<tajweed class=idgham_ghunnah>َن ي</tajweed>َ<tajweed class=qalaqah>بْ</tajweed>عَثَ عَلَيْكُمْ عَذَا<tajweed class=idgham_ghunnah>بًا م</tajweed>ِّ<tajweed class=ikhafa>ن ف</tajweed>َوْقِكُمْ أَوْ مِ<tajweed class=ikhafa>ن ت</tajweed>َحْتِ أَرْجُلِكُمْ أَوْ يَلْبِسَكُمْ شِيَ<tajweed class=idgham_ghunnah>عًا و</tajweed>َيُذِيقَ بَعْضَك<tajweed class=ikhafa_shafawi>ُم ب</tajweed>َأْسَ بَعْضٍ‌ۗ <tajweed class=ham_wasl>ٱ</tajweed><tajweed class=ikhafa>نظ</tajweed>ُرْ كَيْفَ نُصَرِّفُ <tajweed class=ham_wasl>ٱ</tajweed>لْأَيَ<tajweed class=madda_normal>ـٰ</tajweed>تِ لَعَلَّهُمْ يَفْقَه<tajweed class=madda_permissible>ُو</tajweed>نَ <span class=end>٦٥</span>","End":"٦٥","PageNumber":135,"JuzNumber":7,"ManzilNumber":2,"RukuNumber":109,"MaqraNumber":54,"HizbNumber":14,"HizbDecimal":0.25,"HasSajda":false},{"SurahNumber":6,"SurahIndex":"006","VerseNumber":66,"ShowSurahName":false,"ShowBismillah":false,"Text":"وَكَذَّبَ بِهِۦ قَوۡمُكَ وَهُوَ ٱلۡحَقُّۚ قُل لَّسۡتُ عَلَيۡكُم بِوَكِيلٖ","TajweedText":"وَكَذَّبَ بِه<tajweed class=madda_normal>ِۦ</tajweed> قَوْمُكَ وَهُوَ <tajweed class=ham_wasl>ٱ</tajweed>لْحَقُّ‌ۚ قُل لَّسْتُ عَلَيْك<tajweed class=ikhafa_shafawi>ُم ب</tajweed>ِوَك<tajweed class=madda_permissible>ِي</tajweed>لٍ <span class=end>٦٦</span>","End":"٦٦","PageNumber":135,"JuzNumber":7,"ManzilNumber":2,"RukuNumber":109,"MaqraNumber":54,"HizbNumber":14,"HizbDecimal":0.25,"HasSajda":false},{"SurahNumber":6,"SurahIndex":"006","VerseNumber":67,"ShowSurahName":false,"ShowBismillah":false,"Text":"لِّكُلِّ نَبَإٖ مُّسۡتَقَرّٞۚ وَسَوۡفَ تَعۡلَمُونَ","TajweedText":"لِّكُلِّ نَبَ<tajweed class=idgham_ghunnah>إٍ م</tajweed>ُّسْتَقَ<tajweed class=idgham_ghunnah>رٌّ‌ۚ و</tajweed>َسَوْفَ تَعْلَم<tajweed class=madda_permissible>ُو</tajweed>نَ <span class=end>٦٧</span>","End":"٦٧","PageNumber":135,"JuzNumber":7,"ManzilNumber":2,"RukuNumber":109,"MaqraNumber":54,"HizbNumber":14,"HizbDecimal":0.25,"HasSajda":false},{"SurahNumber":6,"SurahIndex":"006","VerseNumber":68,"ShowSurahName":false,"ShowBismillah":false,"Text":"وَإِذَا رَأَيۡتَ ٱلَّذِينَ يَخُوضُونَ فِيٓ ءَايَٰتِنَا فَأَعۡرِضۡ عَنۡهُمۡ حَتَّىٰ يَخُوضُواْ فِي حَدِيثٍ غَيۡرِهِۦۚ وَإِمَّا يُنسِيَنَّكَ ٱلشَّيۡطَٰنُ فَلَا تَقۡعُدۡ بَعۡدَ ٱلذِّكۡرَىٰ مَعَ ٱلۡقَوۡمِ ٱلظَّـٰلِمِينَ","TajweedText":"وَإِذَا رَأَيْتَ <tajweed class=ham_wasl>ٱ</tajweed>لَّذِينَ يَخُوضُونَ ف<tajweed class=madda_obligatory>ِىٓ</tajweed> ءَايَ<tajweed class=madda_normal>ـٰ</tajweed>تِنَا فَأَعْرِضْ عَنْهُمْ حَتَّىٰ يَخُوضُو<tajweed class=slnt>اْ</tajweed> فِى حَدِيثٍ غَيْرِه<tajweed class=madda_normal>ِۦ</tajweed>‌ۚ وَإِ<tajweed class=ghunnah>مّ</tajweed>َا يُ<tajweed class=ikhafa>نس</tajweed>ِيَ<tajweed class=ghunnah>نّ</tajweed>َكَ <tajweed class=ham_wasl>ٱ</tajweed><tajweed class=laam_shamsiyah>ل</tajweed>شَّيْطَ<tajweed class=madda_normal>ـٰ</tajweed>نُ فَلَا تَ<tajweed class=qalaqah>قْ</tajweed>عُ<tajweed class=qalaqah>دْ</tajweed> بَعْدَ <tajweed class=ham_wasl>ٱ</tajweed><tajweed class=laam_shamsiyah>ل</tajweed>ذِّكْرَىٰ مَعَ <tajweed class=ham_wasl>ٱ</tajweed>لْقَوْمِ <tajweed class=ham_wasl>ٱ</tajweed><tajweed class=laam_shamsiyah>ل</tajweed>ظَّ<tajweed class=madda_normal>ـٰ</tajweed>لِم<tajweed class=madda_permissible>ِي</tajweed>نَ <span class=end>٦٨</span>","End":"٦٨","PageNumber":135,"JuzNumber":7,"ManzilNumber":2,"RukuNumber":109,"MaqraNumber":54,"HizbNumber":14,"HizbDecimal":0.25,"HasSajda":false},{"SurahNumber":6,"SurahIndex":"006","VerseNumber":69,"ShowSurahName":false,"ShowBismillah":false,"Text":"وَمَا عَلَى ٱلَّذِينَ يَتَّقُونَ مِنۡ حِسَابِهِم مِّن شَيۡءٖ وَلَٰكِن ذِكۡرَىٰ لَعَلَّهُمۡ يَتَّقُونَ","TajweedText":"وَمَا عَلَى <tajweed class=ham_wasl>ٱ</tajweed>لَّذِينَ يَتَّقُونَ مِنْ حِسَابِه<tajweed class=idgham_shafawi>ِم م</tajweed>ِّ<tajweed class=ikhafa>ن ش</tajweed><tajweed class=idgham_ghunnah>َىْءٍ و</tajweed>َلَ<tajweed class=madda_normal>ـٰ</tajweed>كِ<tajweed class=ikhafa>ن ذ</tajweed>ِكْرَىٰ لَعَلَّهُمْ يَتَّق<tajweed class=madda_permissible>ُو</tajweed>نَ <span class=end>٦٩</span>","End":"٦٩","PageNumber":136,"JuzNumber":7,"ManzilNumber":2,"RukuNumber":109,"MaqraNumber":54,"HizbNumber":14,"HizbDecimal":0.25,"HasSajda":false},{"SurahNumber":6,"SurahIndex":"006","VerseNumber":70,"ShowSurahName":false,"ShowBismillah":false,"Text":"وَذَرِ ٱلَّذِينَ ٱتَّخَذُواْ دِينَهُمۡ لَعِبٗا وَلَهۡوٗا وَغَرَّتۡهُمُ ٱلۡحَيَوٰةُ ٱلدُّنۡيَاۚ وَذَكِّرۡ بِهِۦٓ أَن تُبۡسَلَ نَفۡسُۢ بِمَا كَسَبَتۡ لَيۡسَ لَهَا مِن دُونِ ٱللَّهِ وَلِيّٞ وَلَا شَفِيعٞ وَإِن تَعۡدِلۡ كُلَّ عَدۡلٖ لَّا يُؤۡخَذۡ مِنۡهَآۗ أُوْلَـٰٓئِكَ ٱلَّذِينَ أُبۡسِلُواْ بِمَا كَسَبُواْۖ لَهُمۡ شَرَابٞ مِّنۡ حَمِيمٖ وَعَذَابٌ أَلِيمُۢ بِمَا كَانُواْ يَكۡفُرُونَ","TajweedText":"وَذَرِ <tajweed class=ham_wasl>ٱ</tajweed>لَّذِينَ <tajweed class=ham_wasl>ٱ</tajweed>تَّخَذُو<tajweed class=slnt>اْ</tajweed> دِينَهُمْ لَعِ<tajweed class=idgham_ghunnah>بًا و</tajweed>َلَهْ<tajweed class=idgham_ghunnah>وًا و</tajweed>َغَرَّتْهُمُ <tajweed class=ham_wasl>ٱ</tajweed>لْحَيَ<tajweed class=slnt>و</tajweed><tajweed class=madda_normal>ٲ</tajweed>ةُ <tajweed class=ham_wasl>ٱ</tajweed><tajweed class=laam_shamsiyah>ل</tajweed>دُّنْيَا‌ۚ وَذَكِّرْ بِه<tajweed class=madda_obligatory>ِۦٓ</tajweed> أَ<tajweed class=ikhafa>ن ت</tajweed>ُ<tajweed class=qalaqah>بْ</tajweed>سَلَ نَفْ<tajweed class=iqlab>سُۢ ب</tajweed>ِمَا كَسَبَتْ لَيْسَ لَهَا مِ<tajweed class=ikhafa>ن د</tajweed>ُونِ <tajweed class=ham_wasl>ٱ</tajweed>للَّهِ وَلِ<tajweed class=idgham_ghunnah>ىٌّ و</tajweed>َلَا شَفِي<tajweed class=idgham_ghunnah>عٌ و</tajweed>َإِ<tajweed class=ikhafa>ن ت</tajweed>َعْدِلْ كُلَّ عَ<tajweed class=qalaqah>دْ</tajweed><tajweed class=idgham_wo_ghunnah>لٍ ل</tajweed>َّا يُؤْخَذْ مِنْه<tajweed class=madda_obligatory>َآ‌ۗ</tajweed> أُ<tajweed class=slnt>وْ</tajweed>لَ<tajweed class=madda_obligatory>ـٰٓ</tajweed>ئِكَ <tajweed class=ham_wasl>ٱ</tajweed>لَّذِينَ أُ<tajweed class=qalaqah>بْ</tajweed>سِلُو<tajweed class=slnt>اْ</tajweed> بِمَا كَسَبُو<tajweed class=slnt>اْ‌ۖ</tajweed> لَهُمْ شَرَا<tajweed class=idgham_ghunnah>بٌ م</tajweed>ِّنْ حَمِي<tajweed class=idgham_ghunnah>مٍ و</tajweed>َعَذَابٌ أَلِي<tajweed class=iqlab>مُۢ ب</tajweed>ِمَا كَانُو<tajweed class=slnt>اْ</tajweed> يَكْفُر<tajweed class=madda_permissible>ُو</tajweed>نَ <span class=end>٧٠</span>","End":"٧٠","PageNumber":136,"JuzNumber":7,"ManzilNumber":2,"RukuNumber":109,"MaqraNumber":54,"HizbNumber":14,"HizbDecimal":0.25,"HasSajda":false}]}