{"RukuNumber":408,"Verses":[{"SurahNumber":40,"SurahIndex":"040","VerseNumber":38,"ShowSurahName":false,"ShowBismillah":false,"Text":"وَقَالَ ٱلَّذِيٓ ءَامَنَ يَٰقَوۡمِ ٱتَّبِعُونِ أَهۡدِكُمۡ سَبِيلَ ٱلرَّشَادِ","TajweedText":"وَقَالَ <tajweed class=ham_wasl>ٱ</tajweed>لَّذ<tajweed class=madda_obligatory>ِىٓ</tajweed> ءَامَنَ يَ<tajweed class=madda_normal>ـٰ</tajweed>قَوْمِ <tajweed class=ham_wasl>ٱ</tajweed>تَّبِعُونِ أَهْدِكُمْ سَبِيلَ <tajweed class=ham_wasl>ٱ</tajweed><tajweed class=laam_shamsiyah>ل</tajweed>رَّش<tajweed class=madda_permissible>َا</tajweed><tajweed class=qalaqah>د</tajweed>ِ <span class=end>٣٨</span>","End":"٣٨","PageNumber":471,"JuzNumber":24,"ManzilNumber":6,"RukuNumber":408,"MaqraNumber":188,"HizbNumber":47,"HizbDecimal":0.75,"HasSajda":false},{"SurahNumber":40,"SurahIndex":"040","VerseNumber":39,"ShowSurahName":false,"ShowBismillah":false,"Text":"يَٰقَوۡمِ إِنَّمَا هَٰذِهِ ٱلۡحَيَوٰةُ ٱلدُّنۡيَا مَتَٰعٞ وَإِنَّ ٱلۡأٓخِرَةَ هِيَ دَارُ ٱلۡقَرَارِ","TajweedText":"يَ<tajweed class=madda_normal>ـٰ</tajweed>قَوْمِ إِ<tajweed class=ghunnah>نّ</tajweed>َمَا هَ<tajweed class=madda_normal>ـٰ</tajweed>ذِهِ <tajweed class=ham_wasl>ٱ</tajweed>لْحَيَ<tajweed class=slnt>و</tajweed><tajweed class=madda_normal>ٲ</tajweed>ةُ <tajweed class=ham_wasl>ٱ</tajweed><tajweed class=laam_shamsiyah>ل</tajweed>دُّنْيَا مَتَ<tajweed class=madda_normal>ـٰ</tajweed><tajweed class=idgham_ghunnah>عٌ و</tajweed>َإِ<tajweed class=ghunnah>نّ</tajweed>َ <tajweed class=ham_wasl>ٱ</tajweed>لْأَخِرَةَ هِىَ دَارُ <tajweed class=ham_wasl>ٱ</tajweed>لْقَر<tajweed class=madda_permissible>َا</tajweed>رِ <span class=end>٣٩</span>","End":"٣٩","PageNumber":471,"JuzNumber":24,"ManzilNumber":6,"RukuNumber":408,"MaqraNumber":188,"HizbNumber":47,"HizbDecimal":0.75,"HasSajda":false},{"SurahNumber":40,"SurahIndex":"040","VerseNumber":40,"ShowSurahName":false,"ShowBismillah":false,"Text":"مَنۡ عَمِلَ سَيِّئَةٗ فَلَا يُجۡزَىٰٓ إِلَّا مِثۡلَهَاۖ وَمَنۡ عَمِلَ صَٰلِحٗا مِّن ذَكَرٍ أَوۡ أُنثَىٰ وَهُوَ مُؤۡمِنٞ فَأُوْلَـٰٓئِكَ يَدۡخُلُونَ ٱلۡجَنَّةَ يُرۡزَقُونَ فِيهَا بِغَيۡرِ حِسَابٖ","TajweedText":"مَنْ عَمِلَ سَيِّئَ<tajweed class=ikhafa>ةً ف</tajweed>َلَا يُ<tajweed class=qalaqah>جْ</tajweed>زَ<tajweed class=madda_obligatory>ىٰٓ</tajweed> إِلَّا مِثْلَهَاۖ وَمَنْ عَمِلَ صَ<tajweed class=madda_normal>ـٰ</tajweed>لِ<tajweed class=idgham_ghunnah>حًا م</tajweed>ِّ<tajweed class=ikhafa>ن ذ</tajweed>َكَرٍ أَوْ أُ<tajweed class=ikhafa>نث</tajweed>َىٰ وَهُوَ مُؤْمِ<tajweed class=ikhafa>نٌ ف</tajweed>َأُ<tajweed class=slnt>وْ</tajweed>لَ<tajweed class=madda_obligatory>ـٰٓ</tajweed>ئِكَ يَ<tajweed class=qalaqah>دْ</tajweed>خُلُونَ <tajweed class=ham_wasl>ٱ</tajweed>لْجَ<tajweed class=ghunnah>نّ</tajweed>َةَ يُرْزَقُونَ فِيهَا بِغَيْرِ حِس<tajweed class=madda_permissible>َا</tajweed><tajweed class=qalaqah>ب</tajweed>ٍ <span class=end>٤٠</span>","End":"٤٠","PageNumber":471,"JuzNumber":24,"ManzilNumber":6,"RukuNumber":408,"MaqraNumber":188,"HizbNumber":47,"HizbDecimal":0.75,"HasSajda":false},{"SurahNumber":40,"SurahIndex":"040","VerseNumber":41,"ShowSurahName":false,"ShowBismillah":false,"Text":"۞وَيَٰقَوۡمِ مَا لِيٓ أَدۡعُوكُمۡ إِلَى ٱلنَّجَوٰةِ وَتَدۡعُونَنِيٓ إِلَى ٱلنَّارِ","TajweedText":"۞ وَيَ<tajweed class=madda_normal>ـٰ</tajweed>قَوْمِ مَا ل<tajweed class=madda_obligatory>ِىٓ</tajweed> أَ<tajweed class=qalaqah>دْ</tajweed>عُوكُمْ إِلَى <tajweed class=ham_wasl>ٱ</tajweed><tajweed class=laam_shamsiyah>ل</tajweed><tajweed class=ghunnah>نّ</tajweed>َجَ<tajweed class=slnt>و</tajweed><tajweed class=madda_normal>ٲ</tajweed>ةِ وَتَ<tajweed class=qalaqah>دْ</tajweed>عُونَن<tajweed class=madda_obligatory>ِىٓ</tajweed> إِلَى <tajweed class=ham_wasl>ٱ</tajweed><tajweed class=laam_shamsiyah>ل</tajweed><tajweed class=ghunnah>نّ</tajweed><tajweed class=madda_permissible>َا</tajweed>رِ <span class=end>٤١</span>","End":"٤١","PageNumber":472,"JuzNumber":24,"ManzilNumber":6,"RukuNumber":408,"MaqraNumber":189,"HizbNumber":48,"HizbDecimal":0.0,"HasSajda":false},{"SurahNumber":40,"SurahIndex":"040","VerseNumber":42,"ShowSurahName":false,"ShowBismillah":false,"Text":"تَدۡعُونَنِي لِأَكۡفُرَ بِٱللَّهِ وَأُشۡرِكَ بِهِۦ مَا لَيۡسَ لِي بِهِۦ عِلۡمٞ وَأَنَا۠ أَدۡعُوكُمۡ إِلَى ٱلۡعَزِيزِ ٱلۡغَفَّـٰرِ","TajweedText":"تَ<tajweed class=qalaqah>دْ</tajweed>عُونَنِى لِأَكْفُرَ بِ<tajweed class=ham_wasl>ٱ</tajweed>للَّهِ وَأُشْرِكَ بِه<tajweed class=madda_normal>ِۦ</tajweed> مَا لَيْسَ لِى بِه<tajweed class=madda_normal>ِۦ</tajweed> عِلْ<tajweed class=idgham_ghunnah>مٌ و</tajweed>َأَنَا۟ أَ<tajweed class=qalaqah>دْ</tajweed>عُوكُمْ إِلَى <tajweed class=ham_wasl>ٱ</tajweed>لْعَزِيزِ <tajweed class=ham_wasl>ٱ</tajweed>لْغَفَّ<tajweed class=madda_permissible>ـٰ</tajweed>رِ <span class=end>٤٢</span>","End":"٤٢","PageNumber":472,"JuzNumber":24,"ManzilNumber":6,"RukuNumber":408,"MaqraNumber":189,"HizbNumber":48,"HizbDecimal":0.0,"HasSajda":false},{"SurahNumber":40,"SurahIndex":"040","VerseNumber":43,"ShowSurahName":false,"ShowBismillah":false,"Text":"لَا جَرَمَ أَنَّمَا تَدۡعُونَنِيٓ إِلَيۡهِ لَيۡسَ لَهُۥ دَعۡوَةٞ فِي ٱلدُّنۡيَا وَلَا فِي ٱلۡأٓخِرَةِ وَأَنَّ مَرَدَّنَآ إِلَى ٱللَّهِ وَأَنَّ ٱلۡمُسۡرِفِينَ هُمۡ أَصۡحَٰبُ ٱلنَّارِ","TajweedText":"لَا جَرَمَ أَ<tajweed class=ghunnah>نّ</tajweed>َمَا تَ<tajweed class=qalaqah>دْ</tajweed>عُونَن<tajweed class=madda_obligatory>ِىٓ</tajweed> إِلَيْهِ لَيْسَ لَهُ<tajweed class=madda_normal>ۥ</tajweed> دَعْوَ<tajweed class=ikhafa>ةٌ ف</tajweed>ِى <tajweed class=ham_wasl>ٱ</tajweed><tajweed class=laam_shamsiyah>ل</tajweed>دُّنْيَا وَلَا فِى <tajweed class=ham_wasl>ٱ</tajweed>لْأَخِرَةِ وَأَ<tajweed class=ghunnah>نّ</tajweed>َ مَرَدَّن<tajweed class=madda_obligatory>َآ</tajweed> إِلَى <tajweed class=ham_wasl>ٱ</tajweed>للَّهِ وَأَ<tajweed class=ghunnah>نّ</tajweed>َ <tajweed class=ham_wasl>ٱ</tajweed>لْمُسْرِفِينَ هُمْ أَصْحَ<tajweed class=madda_normal>ـٰ</tajweed>بُ <tajweed class=ham_wasl>ٱ</tajweed><tajweed class=laam_shamsiyah>ل</tajweed><tajweed class=ghunnah>نّ</tajweed><tajweed class=madda_permissible>َا</tajweed>رِ <span class=end>٤٣</span>","End":"٤٣","PageNumber":472,"JuzNumber":24,"ManzilNumber":6,"RukuNumber":408,"MaqraNumber":189,"HizbNumber":48,"HizbDecimal":0.0,"HasSajda":false},{"SurahNumber":40,"SurahIndex":"040","VerseNumber":44,"ShowSurahName":false,"ShowBismillah":false,"Text":"فَسَتَذۡكُرُونَ مَآ أَقُولُ لَكُمۡۚ وَأُفَوِّضُ أَمۡرِيٓ إِلَى ٱللَّهِۚ إِنَّ ٱللَّهَ بَصِيرُۢ بِٱلۡعِبَادِ","TajweedText":"فَسَتَذْكُرُونَ م<tajweed class=madda_obligatory>َآ</tajweed> أَقُولُ لَكُمْۚ وَأُفَوِّضُ أَمْر<tajweed class=madda_obligatory>ِىٓ</tajweed> إِلَى <tajweed class=ham_wasl>ٱ</tajweed>للَّهِۚ إِ<tajweed class=ghunnah>نّ</tajweed>َ <tajweed class=ham_wasl>ٱ</tajweed>للَّهَ بَصِي<tajweed class=iqlab>رُۢ ب</tajweed>ِ<tajweed class=ham_wasl>ٱ</tajweed>لْعِب<tajweed class=madda_permissible>َا</tajweed><tajweed class=qalaqah>د</tajweed>ِ <span class=end>٤٤</span>","End":"٤٤","PageNumber":472,"JuzNumber":24,"ManzilNumber":6,"RukuNumber":408,"MaqraNumber":189,"HizbNumber":48,"HizbDecimal":0.0,"HasSajda":false},{"SurahNumber":40,"SurahIndex":"040","VerseNumber":45,"ShowSurahName":false,"ShowBismillah":false,"Text":"فَوَقَىٰهُ ٱللَّهُ سَيِّـَٔاتِ مَا مَكَرُواْۖ وَحَاقَ بِـَٔالِ فِرۡعَوۡنَ سُوٓءُ ٱلۡعَذَابِ","TajweedText":"فَوَقَ<tajweed class=madda_normal>ـٰ</tajweed>هُ <tajweed class=ham_wasl>ٱ</tajweed>للَّهُ سَيِّـَٔـاتِ مَا مَكَرُو<tajweed class=slnt>اْۖ</tajweed> وَحَاقَ بِـَٔـالِ فِرْعَوْنَ س<tajweed class=madda_obligatory>ُو</tajweed>ٓءُ <tajweed class=ham_wasl>ٱ</tajweed>لْعَذ<tajweed class=madda_permissible>َا</tajweed><tajweed class=qalaqah>ب</tajweed>ِ <span class=end>٤٥</span>","End":"٤٥","PageNumber":472,"JuzNumber":24,"ManzilNumber":6,"RukuNumber":408,"MaqraNumber":189,"HizbNumber":48,"HizbDecimal":0.0,"HasSajda":false},{"SurahNumber":40,"SurahIndex":"040","VerseNumber":46,"ShowSurahName":false,"ShowBismillah":false,"Text":"ٱلنَّارُ يُعۡرَضُونَ عَلَيۡهَا غُدُوّٗا وَعَشِيّٗاۚ وَيَوۡمَ تَقُومُ ٱلسَّاعَةُ أَدۡخِلُوٓاْ ءَالَ فِرۡعَوۡنَ أَشَدَّ ٱلۡعَذَابِ","TajweedText":"ٱ<tajweed class=laam_shamsiyah>ل</tajweed><tajweed class=ghunnah>نّ</tajweed>َارُ يُعْرَضُونَ عَلَيْهَا غُدُو<tajweed class=idgham_ghunnah>ًّا و</tajweed>َعَشِي<tajweed class=idgham_ghunnah>ًّاۖ و</tajweed>َيَوْمَ تَقُومُ <tajweed class=ham_wasl>ٱ</tajweed><tajweed class=laam_shamsiyah>ل</tajweed>سَّاعَةُ أَ<tajweed class=qalaqah>دْ</tajweed>خِل<tajweed class=madda_obligatory>ُوٓ</tajweed><tajweed class=slnt>اْ</tajweed> ءَالَ فِرْعَوْنَ أَشَدَّ <tajweed class=ham_wasl>ٱ</tajweed>لْعَذ<tajweed class=madda_permissible>َا</tajweed><tajweed class=qalaqah>ب</tajweed>ِ <span class=end>٤٦</span>","End":"٤٦","PageNumber":472,"JuzNumber":24,"ManzilNumber":6,"RukuNumber":408,"MaqraNumber":189,"HizbNumber":48,"HizbDecimal":0.0,"HasSajda":false},{"SurahNumber":40,"SurahIndex":"040","VerseNumber":47,"ShowSurahName":false,"ShowBismillah":false,"Text":"وَإِذۡ يَتَحَآجُّونَ فِي ٱلنَّارِ فَيَقُولُ ٱلضُّعَفَـٰٓؤُاْ لِلَّذِينَ ٱسۡتَكۡبَرُوٓاْ إِنَّا كُنَّا لَكُمۡ تَبَعٗا فَهَلۡ أَنتُم مُّغۡنُونَ عَنَّا نَصِيبٗا مِّنَ ٱلنَّارِ","TajweedText":"وَإِذْ يَتَح<tajweed class=madda_necessary>َا</tajweed>ٓجُّونَ فِى <tajweed class=ham_wasl>ٱ</tajweed><tajweed class=laam_shamsiyah>ل</tajweed><tajweed class=ghunnah>نّ</tajweed>َارِ فَيَقُولُ <tajweed class=ham_wasl>ٱ</tajweed><tajweed class=laam_shamsiyah>ل</tajweed>ضُّعَفَ<tajweed class=madda_obligatory>ـٰٓ</tajweed>ؤُ<tajweed class=slnt>اْ</tajweed> لِلَّذِينَ <tajweed class=ham_wasl>ٱ</tajweed>سْتَكْبَر<tajweed class=madda_obligatory>ُوٓ</tajweed><tajweed class=slnt>اْ</tajweed> إِ<tajweed class=ghunnah>نّ</tajweed>َا كُ<tajweed class=ghunnah>نّ</tajweed>َا لَكُمْ تَبَ<tajweed class=ikhafa>عًا ف</tajweed>َهَلْ أَ<tajweed class=ikhafa>نت</tajweed><tajweed class=idgham_shafawi>ُم م</tajweed>ُّغْنُونَ عَ<tajweed class=ghunnah>نّ</tajweed>َا نَصِي<tajweed class=idgham_ghunnah>بًا م</tajweed>ِّنَ <tajweed class=ham_wasl>ٱ</tajweed><tajweed class=laam_shamsiyah>ل</tajweed><tajweed class=ghunnah>نّ</tajweed><tajweed class=madda_permissible>َا</tajweed>رِ <span class=end>٤٧</span>","End":"٤٧","PageNumber":472,"JuzNumber":24,"ManzilNumber":6,"RukuNumber":408,"MaqraNumber":189,"HizbNumber":48,"HizbDecimal":0.0,"HasSajda":false},{"SurahNumber":40,"SurahIndex":"040","VerseNumber":48,"ShowSurahName":false,"ShowBismillah":false,"Text":"قَالَ ٱلَّذِينَ ٱسۡتَكۡبَرُوٓاْ إِنَّا كُلّٞ فِيهَآ إِنَّ ٱللَّهَ قَدۡ حَكَمَ بَيۡنَ ٱلۡعِبَادِ","TajweedText":"قَالَ <tajweed class=ham_wasl>ٱ</tajweed>لَّذِينَ <tajweed class=ham_wasl>ٱ</tajweed>سْتَكْبَر<tajweed class=madda_obligatory>ُوٓ</tajweed><tajweed class=slnt>اْ</tajweed> إِ<tajweed class=ghunnah>نّ</tajweed>َا كُ<tajweed class=ikhafa>لٌّ ف</tajweed>ِيه<tajweed class=madda_obligatory>َآ</tajweed> إِ<tajweed class=ghunnah>نّ</tajweed>َ <tajweed class=ham_wasl>ٱ</tajweed>للَّهَ قَ<tajweed class=qalaqah>دْ</tajweed> حَكَمَ بَيْنَ <tajweed class=ham_wasl>ٱ</tajweed>لْعِب<tajweed class=madda_permissible>َا</tajweed><tajweed class=qalaqah>د</tajweed>ِ <span class=end>٤٨</span>","End":"٤٨","PageNumber":472,"JuzNumber":24,"ManzilNumber":6,"RukuNumber":408,"MaqraNumber":189,"HizbNumber":48,"HizbDecimal":0.0,"HasSajda":false},{"SurahNumber":40,"SurahIndex":"040","VerseNumber":49,"ShowSurahName":false,"ShowBismillah":false,"Text":"وَقَالَ ٱلَّذِينَ فِي ٱلنَّارِ لِخَزَنَةِ جَهَنَّمَ ٱدۡعُواْ رَبَّكُمۡ يُخَفِّفۡ عَنَّا يَوۡمٗا مِّنَ ٱلۡعَذَابِ","TajweedText":"وَقَالَ <tajweed class=ham_wasl>ٱ</tajweed>لَّذِينَ فِى <tajweed class=ham_wasl>ٱ</tajweed><tajweed class=laam_shamsiyah>ل</tajweed><tajweed class=ghunnah>نّ</tajweed>َارِ لِخَزَنَةِ جَهَ<tajweed class=ghunnah>نّ</tajweed>َمَ <tajweed class=ham_wasl>ٱ</tajweed><tajweed class=qalaqah>دْ</tajweed>عُو<tajweed class=slnt>اْ</tajweed> رَبَّكُمْ يُخَفِّفْ عَ<tajweed class=ghunnah>نّ</tajweed>َا يَوْ<tajweed class=idgham_ghunnah>مًا م</tajweed>ِّنَ <tajweed class=ham_wasl>ٱ</tajweed>لْعَذ<tajweed class=madda_permissible>َا</tajweed><tajweed class=qalaqah>ب</tajweed>ِ <span class=end>٤٩</span>","End":"٤٩","PageNumber":472,"JuzNumber":24,"ManzilNumber":6,"RukuNumber":408,"MaqraNumber":189,"HizbNumber":48,"HizbDecimal":0.0,"HasSajda":false},{"SurahNumber":40,"SurahIndex":"040","VerseNumber":50,"ShowSurahName":false,"ShowBismillah":false,"Text":"قَالُوٓاْ أَوَلَمۡ تَكُ تَأۡتِيكُمۡ رُسُلُكُم بِٱلۡبَيِّنَٰتِۖ قَالُواْ بَلَىٰۚ قَالُواْ فَٱدۡعُواْۗ وَمَا دُعَـٰٓؤُاْ ٱلۡكَٰفِرِينَ إِلَّا فِي ضَلَٰلٍ","TajweedText":"قَال<tajweed class=madda_obligatory>ُوٓ</tajweed><tajweed class=slnt>اْ</tajweed> أَوَلَمْ تَكُ تَأْتِيكُمْ رُسُلُك<tajweed class=ikhafa_shafawi>ُم ب</tajweed>ِ<tajweed class=ham_wasl>ٱ</tajweed>لْبَيِّنَ<tajweed class=madda_normal>ـٰ</tajweed>تِۖ قَالُو<tajweed class=slnt>اْ</tajweed> بَلَىٰۚ قَالُو<tajweed class=slnt>اْ</tajweed> فَ<tajweed class=ham_wasl>ٱ</tajweed><tajweed class=qalaqah>دْ</tajweed>عُو<tajweed class=slnt>اْۗ</tajweed> وَمَا دُعَ<tajweed class=madda_obligatory>ـٰٓ</tajweed>ؤُ<tajweed class=slnt>اْ</tajweed> <tajweed class=ham_wasl>ٱ</tajweed>لْكَ<tajweed class=madda_normal>ـٰ</tajweed>فِرِينَ إِلَّا فِى ضَلَ<tajweed class=madda_permissible>ـٰ</tajweed>لٍ <span class=end>٥٠</span>","End":"٥٠","PageNumber":473,"JuzNumber":24,"ManzilNumber":6,"RukuNumber":408,"MaqraNumber":189,"HizbNumber":48,"HizbDecimal":0.0,"HasSajda":false}]}