{"RukuNumber":258,"Verses":[{"SurahNumber":18,"SurahIndex":"018","VerseNumber":50,"ShowSurahName":false,"ShowBismillah":false,"Text":"وَإِذۡ قُلۡنَا لِلۡمَلَـٰٓئِكَةِ ٱسۡجُدُواْ لِأٓدَمَ فَسَجَدُوٓاْ إِلَّآ إِبۡلِيسَ كَانَ مِنَ ٱلۡجِنِّ فَفَسَقَ عَنۡ أَمۡرِ رَبِّهِۦٓۗ أَفَتَتَّخِذُونَهُۥ وَذُرِّيَّتَهُۥٓ أَوۡلِيَآءَ مِن دُونِي وَهُمۡ لَكُمۡ عَدُوُّۢۚ بِئۡسَ لِلظَّـٰلِمِينَ بَدَلٗا","TajweedText":"وَإِذْ قُلْنَا لِلْمَلَ<tajweed class=madda_obligatory>ـٰٓ</tajweed>ئِكَةِ <tajweed class=ham_wasl>ٱ</tajweed>سْجُدُو<tajweed class=slnt>اْ</tajweed> لِأَدَمَ فَسَجَد<tajweed class=madda_obligatory>ُوٓ</tajweed><tajweed class=slnt>اْ</tajweed> إِلّ<tajweed class=madda_obligatory>َآ</tajweed> إِ<tajweed class=qalaqah>بْ</tajweed>لِيسَ كَانَ مِنَ <tajweed class=ham_wasl>ٱ</tajweed>لْجِ<tajweed class=ghunnah>نّ</tajweed>ِ فَفَسَقَ عَنْ أَمْرِ رَبِّه<tajweed class=madda_obligatory>ِۦٓ‌ۗ</tajweed> أَفَتَتَّخِذُونَهُ<tajweed class=madda_normal>ۥ</tajweed> وَذُرِّيَّتَهُ<tajweed class=madda_obligatory>ۥٓ</tajweed> أَوْلِي<tajweed class=madda_obligatory>َا</tajweed>ٓءَ مِ<tajweed class=ikhafa>ن د</tajweed>ُونِى وَهُمْ لَكُمْ عَدُو<tajweed class=iqlab>ُّۢ‌ۚ ب</tajweed>ِئْسَ لِلظَّ<tajweed class=madda_normal>ـٰ</tajweed>لِمِينَ بَدَلاً <span class=end>٥٠</span>","End":"٥٠","PageNumber":299,"JuzNumber":15,"ManzilNumber":4,"RukuNumber":258,"MaqraNumber":119,"HizbNumber":30,"HizbDecimal":0.5,"HasSajda":false},{"SurahNumber":18,"SurahIndex":"018","VerseNumber":51,"ShowSurahName":false,"ShowBismillah":false,"Text":"۞مَّآ أَشۡهَدتُّهُمۡ خَلۡقَ ٱلسَّمَٰوَٰتِ وَٱلۡأَرۡضِ وَلَا خَلۡقَ أَنفُسِهِمۡ وَمَا كُنتُ مُتَّخِذَ ٱلۡمُضِلِّينَ عَضُدٗا","TajweedText":"۞ مّ<tajweed class=madda_obligatory>َآ</tajweed> أَشْهَ<tajweed class=idgham_mutajanisayn>د</tajweed>تُّهُمْ خَلْقَ <tajweed class=ham_wasl>ٱ</tajweed><tajweed class=laam_shamsiyah>ل</tajweed>سَّمَ<tajweed class=madda_normal>ـٰ</tajweed>و<tajweed class=madda_normal>َٲ</tajweed>تِ وَ<tajweed class=ham_wasl>ٱ</tajweed>لْأَرْضِ وَلَا خَلْقَ أَ<tajweed class=ikhafa>نف</tajweed>ُسِهِمْ وَمَا كُ<tajweed class=ikhafa>نت</tajweed>ُ مُتَّخِذَ <tajweed class=ham_wasl>ٱ</tajweed>لْمُضِلِّينَ عَضُدًا <span class=end>٥١</span>","End":"٥١","PageNumber":299,"JuzNumber":15,"ManzilNumber":4,"RukuNumber":258,"MaqraNumber":120,"HizbNumber":30,"HizbDecimal":0.75,"HasSajda":false},{"SurahNumber":18,"SurahIndex":"018","VerseNumber":52,"ShowSurahName":false,"ShowBismillah":false,"Text":"وَيَوۡمَ يَقُولُ نَادُواْ شُرَكَآءِيَ ٱلَّذِينَ زَعَمۡتُمۡ فَدَعَوۡهُمۡ فَلَمۡ يَسۡتَجِيبُواْ لَهُمۡ وَجَعَلۡنَا بَيۡنَهُم مَّوۡبِقٗا","TajweedText":"وَيَوْمَ يَقُولُ نَادُو<tajweed class=slnt>اْ</tajweed> شُرَك<tajweed class=madda_obligatory>َا</tajweed>ٓءِىَ <tajweed class=ham_wasl>ٱ</tajweed>لَّذِينَ زَعَمْتُمْ فَدَعَوْهُمْ فَلَمْ يَسْتَجِيبُو<tajweed class=slnt>اْ</tajweed> لَهُمْ وَجَعَلْنَا بَيْنَه<tajweed class=idgham_shafawi>ُم م</tajweed>َّوْبِقًا <span class=end>٥٢</span>","End":"٥٢","PageNumber":299,"JuzNumber":15,"ManzilNumber":4,"RukuNumber":258,"MaqraNumber":120,"HizbNumber":30,"HizbDecimal":0.75,"HasSajda":false},{"SurahNumber":18,"SurahIndex":"018","VerseNumber":53,"ShowSurahName":false,"ShowBismillah":false,"Text":"وَرَءَا ٱلۡمُجۡرِمُونَ ٱلنَّارَ فَظَنُّوٓاْ أَنَّهُم مُّوَاقِعُوهَا وَلَمۡ يَجِدُواْ عَنۡهَا مَصۡرِفٗا","TajweedText":"وَرَءَا <tajweed class=ham_wasl>ٱ</tajweed>لْمُ<tajweed class=qalaqah>جْ</tajweed>رِمُونَ <tajweed class=ham_wasl>ٱ</tajweed><tajweed class=laam_shamsiyah>ل</tajweed><tajweed class=ghunnah>نّ</tajweed>َارَ فَظَ<tajweed class=ghunnah>نّ</tajweed><tajweed class=madda_obligatory>ُوٓ</tajweed><tajweed class=slnt>اْ</tajweed> أَ<tajweed class=ghunnah>نّ</tajweed>َه<tajweed class=idgham_shafawi>ُم م</tajweed>ُّوَاقِعُوهَا وَلَمْ يَجِدُو<tajweed class=slnt>اْ</tajweed> عَنْهَا مَصْرِفًا <span class=end>٥٣</span>","End":"٥٣","PageNumber":299,"JuzNumber":15,"ManzilNumber":4,"RukuNumber":258,"MaqraNumber":120,"HizbNumber":30,"HizbDecimal":0.75,"HasSajda":false}]}