{"RukuNumber":260,"Verses":[{"SurahNumber":18,"SurahIndex":"018","VerseNumber":60,"ShowSurahName":false,"ShowBismillah":false,"Text":"وَإِذۡ قَالَ مُوسَىٰ لِفَتَىٰهُ لَآ أَبۡرَحُ حَتَّىٰٓ أَبۡلُغَ مَجۡمَعَ ٱلۡبَحۡرَيۡنِ أَوۡ أَمۡضِيَ حُقُبٗا","TajweedText":"وَإِذْ قَالَ مُوسَىٰ لِفَتَ<tajweed class=madda_normal>ـٰ</tajweed>هُ ل<tajweed class=madda_obligatory>َآ</tajweed> أَ<tajweed class=qalaqah>بْ</tajweed>رَحُ حَتَّ<tajweed class=madda_obligatory>ىٰٓ</tajweed> أَ<tajweed class=qalaqah>بْ</tajweed>لُغَ مَ<tajweed class=qalaqah>جْ</tajweed>مَعَ <tajweed class=ham_wasl>ٱ</tajweed>لْبَحْرَيْنِ أَوْ أَمْضِىَ حُقُبًا <span class=end>٦٠</span>","End":"٦٠","PageNumber":300,"JuzNumber":15,"ManzilNumber":4,"RukuNumber":260,"MaqraNumber":120,"HizbNumber":30,"HizbDecimal":0.75,"HasSajda":false},{"SurahNumber":18,"SurahIndex":"018","VerseNumber":61,"ShowSurahName":false,"ShowBismillah":false,"Text":"فَلَمَّا بَلَغَا مَجۡمَعَ بَيۡنِهِمَا نَسِيَا حُوتَهُمَا فَٱتَّخَذَ سَبِيلَهُۥ فِي ٱلۡبَحۡرِ سَرَبٗا","TajweedText":"فَلَ<tajweed class=ghunnah>مّ</tajweed>َا بَلَغَا مَ<tajweed class=qalaqah>جْ</tajweed>مَعَ بَيْنِهِمَا نَسِيَا حُوتَهُمَا فَ<tajweed class=ham_wasl>ٱ</tajweed>تَّخَذَ سَبِيلَهُ<tajweed class=madda_normal>ۥ</tajweed> فِى <tajweed class=ham_wasl>ٱ</tajweed>لْبَحْرِ سَرَبًا <span class=end>٦١</span>","End":"٦١","PageNumber":300,"JuzNumber":15,"ManzilNumber":4,"RukuNumber":260,"MaqraNumber":120,"HizbNumber":30,"HizbDecimal":0.75,"HasSajda":false},{"SurahNumber":18,"SurahIndex":"018","VerseNumber":62,"ShowSurahName":false,"ShowBismillah":false,"Text":"فَلَمَّا جَاوَزَا قَالَ لِفَتَىٰهُ ءَاتِنَا غَدَآءَنَا لَقَدۡ لَقِينَا مِن سَفَرِنَا هَٰذَا نَصَبٗا","TajweedText":"فَلَ<tajweed class=ghunnah>مّ</tajweed>َا جَاوَزَا قَالَ لِفَتَ<tajweed class=madda_normal>ـٰ</tajweed>هُ ءَاتِنَا غَد<tajweed class=madda_obligatory>َا</tajweed>ٓءَنَا لَقَ<tajweed class=qalaqah>دْ</tajweed> لَقِينَا مِ<tajweed class=ikhafa>ن س</tajweed>َفَرِنَا هَ<tajweed class=madda_normal>ـٰ</tajweed>ذَا نَصَبًا <span class=end>٦٢</span>","End":"٦٢","PageNumber":301,"JuzNumber":15,"ManzilNumber":4,"RukuNumber":260,"MaqraNumber":120,"HizbNumber":30,"HizbDecimal":0.75,"HasSajda":false},{"SurahNumber":18,"SurahIndex":"018","VerseNumber":63,"ShowSurahName":false,"ShowBismillah":false,"Text":"قَالَ أَرَءَيۡتَ إِذۡ أَوَيۡنَآ إِلَى ٱلصَّخۡرَةِ فَإِنِّي نَسِيتُ ٱلۡحُوتَ وَمَآ أَنسَىٰنِيهُ إِلَّا ٱلشَّيۡطَٰنُ أَنۡ أَذۡكُرَهُۥۚ وَٱتَّخَذَ سَبِيلَهُۥ فِي ٱلۡبَحۡرِ عَجَبٗا","TajweedText":"قَالَ أَرَءَيْتَ إِذْ أَوَيْن<tajweed class=madda_obligatory>َآ</tajweed> إِلَى <tajweed class=ham_wasl>ٱ</tajweed><tajweed class=laam_shamsiyah>ل</tajweed>صَّخْرَةِ فَإِ<tajweed class=ghunnah>نّ</tajweed>ِى نَسِيتُ <tajweed class=ham_wasl>ٱ</tajweed>لْحُوتَ وَم<tajweed class=madda_obligatory>َآ</tajweed> أَنْسَ<tajweed class=madda_normal>ـٰ</tajweed>نِيهُ إِلَّا <tajweed class=ham_wasl>ٱ</tajweed><tajweed class=laam_shamsiyah>ل</tajweed>شَّيْطَ<tajweed class=madda_normal>ـٰ</tajweed>نُ أَنْ أَذْكُرَهُ<tajweed class=madda_normal>ۥ</tajweed>‌ۚ وَ<tajweed class=ham_wasl>ٱ</tajweed>تَّخَذَ سَبِيلَهُ<tajweed class=madda_normal>ۥ</tajweed> فِى <tajweed class=ham_wasl>ٱ</tajweed>لْبَحْرِ عَجَبًا <span class=end>٦٣</span>","End":"٦٣","PageNumber":301,"JuzNumber":15,"ManzilNumber":4,"RukuNumber":260,"MaqraNumber":120,"HizbNumber":30,"HizbDecimal":0.75,"HasSajda":false},{"SurahNumber":18,"SurahIndex":"018","VerseNumber":64,"ShowSurahName":false,"ShowBismillah":false,"Text":"قَالَ ذَٰلِكَ مَا كُنَّا نَبۡغِۚ فَٱرۡتَدَّا عَلَىٰٓ ءَاثَارِهِمَا قَصَصٗا","TajweedText":"قَالَ ذ<tajweed class=madda_normal>َٲ</tajweed>لِكَ مَا كُ<tajweed class=ghunnah>نّ</tajweed>َا نَ<tajweed class=qalaqah>بْ</tajweed>غِ‌ۚ فَ<tajweed class=ham_wasl>ٱ</tajweed>رْتَدَّا عَلَ<tajweed class=madda_obligatory>ىٰٓ</tajweed> ءَاثَارِهِمَا قَصَصًا <span class=end>٦٤</span>","End":"٦٤","PageNumber":301,"JuzNumber":15,"ManzilNumber":4,"RukuNumber":260,"MaqraNumber":120,"HizbNumber":30,"HizbDecimal":0.75,"HasSajda":false},{"SurahNumber":18,"SurahIndex":"018","VerseNumber":65,"ShowSurahName":false,"ShowBismillah":false,"Text":"فَوَجَدَا عَبۡدٗا مِّنۡ عِبَادِنَآ ءَاتَيۡنَٰهُ رَحۡمَةٗ مِّنۡ عِندِنَا وَعَلَّمۡنَٰهُ مِن لَّدُنَّا عِلۡمٗا","TajweedText":"فَوَجَدَا عَ<tajweed class=qalaqah>بْ</tajweed><tajweed class=idgham_ghunnah>دًا م</tajweed>ِّنْ عِبَادِن<tajweed class=madda_obligatory>َآ</tajweed> ءَاتَيْنَ<tajweed class=madda_normal>ـٰ</tajweed>هُ رَحْمَ<tajweed class=idgham_ghunnah>ةً م</tajweed>ِّنْ عِ<tajweed class=ikhafa>ند</tajweed>ِنَا وَعَلَّمْنَ<tajweed class=madda_normal>ـٰ</tajweed>هُ م<tajweed class=idgham_wo_ghunnah>ِن ل</tajweed>َّدُ<tajweed class=ghunnah>نّ</tajweed>َا عِلْمًا <span class=end>٦٥</span>","End":"٦٥","PageNumber":301,"JuzNumber":15,"ManzilNumber":4,"RukuNumber":260,"MaqraNumber":120,"HizbNumber":30,"HizbDecimal":0.75,"HasSajda":false},{"SurahNumber":18,"SurahIndex":"018","VerseNumber":66,"ShowSurahName":false,"ShowBismillah":false,"Text":"قَالَ لَهُۥ مُوسَىٰ هَلۡ أَتَّبِعُكَ عَلَىٰٓ أَن تُعَلِّمَنِ مِمَّا عُلِّمۡتَ رُشۡدٗا","TajweedText":"قَالَ لَهُ<tajweed class=madda_normal>ۥ</tajweed> مُوسَىٰ هَلْ أَتَّبِعُكَ عَلَ<tajweed class=madda_obligatory>ىٰٓ</tajweed> أَ<tajweed class=ikhafa>ن ت</tajweed>ُعَلِّمَنِ مِ<tajweed class=ghunnah>مّ</tajweed>َا عُلِّمْتَ رُشْدًا <span class=end>٦٦</span>","End":"٦٦","PageNumber":301,"JuzNumber":15,"ManzilNumber":4,"RukuNumber":260,"MaqraNumber":120,"HizbNumber":30,"HizbDecimal":0.75,"HasSajda":false},{"SurahNumber":18,"SurahIndex":"018","VerseNumber":67,"ShowSurahName":false,"ShowBismillah":false,"Text":"قَالَ إِنَّكَ لَن تَسۡتَطِيعَ مَعِيَ صَبۡرٗا","TajweedText":"قَالَ إِ<tajweed class=ghunnah>نّ</tajweed>َكَ لَ<tajweed class=ikhafa>ن ت</tajweed>َسْتَطِيعَ مَعِىَ صَ<tajweed class=qalaqah>بْ</tajweed>رًا <span class=end>٦٧</span>","End":"٦٧","PageNumber":301,"JuzNumber":15,"ManzilNumber":4,"RukuNumber":260,"MaqraNumber":120,"HizbNumber":30,"HizbDecimal":0.75,"HasSajda":false},{"SurahNumber":18,"SurahIndex":"018","VerseNumber":68,"ShowSurahName":false,"ShowBismillah":false,"Text":"وَكَيۡفَ تَصۡبِرُ عَلَىٰ مَا لَمۡ تُحِطۡ بِهِۦ خُبۡرٗا","TajweedText":"وَكَيْفَ تَصْبِرُ عَلَىٰ مَا لَمْ تُحِ<tajweed class=qalaqah>طْ</tajweed> بِه<tajweed class=madda_normal>ِۦ</tajweed> خُ<tajweed class=qalaqah>بْ</tajweed>رًا <span class=end>٦٨</span>","End":"٦٨","PageNumber":301,"JuzNumber":15,"ManzilNumber":4,"RukuNumber":260,"MaqraNumber":120,"HizbNumber":30,"HizbDecimal":0.75,"HasSajda":false},{"SurahNumber":18,"SurahIndex":"018","VerseNumber":69,"ShowSurahName":false,"ShowBismillah":false,"Text":"قَالَ سَتَجِدُنِيٓ إِن شَآءَ ٱللَّهُ صَابِرٗا وَلَآ أَعۡصِي لَكَ أَمۡرٗا","TajweedText":"قَالَ سَتَجِدُن<tajweed class=madda_obligatory>ِىٓ</tajweed> إِ<tajweed class=ikhafa>ن ش</tajweed><tajweed class=madda_obligatory>َا</tajweed>ٓءَ <tajweed class=ham_wasl>ٱ</tajweed>للَّهُ صَابِ<tajweed class=idgham_ghunnah>رًا و</tajweed>َل<tajweed class=madda_obligatory>َآ</tajweed> أَعْصِى لَكَ أَمْرًا <span class=end>٦٩</span>","End":"٦٩","PageNumber":301,"JuzNumber":15,"ManzilNumber":4,"RukuNumber":260,"MaqraNumber":120,"HizbNumber":30,"HizbDecimal":0.75,"HasSajda":false},{"SurahNumber":18,"SurahIndex":"018","VerseNumber":70,"ShowSurahName":false,"ShowBismillah":false,"Text":"قَالَ فَإِنِ ٱتَّبَعۡتَنِي فَلَا تَسۡـَٔلۡنِي عَن شَيۡءٍ حَتَّىٰٓ أُحۡدِثَ لَكَ مِنۡهُ ذِكۡرٗا","TajweedText":"قَالَ فَإِنِ <tajweed class=ham_wasl>ٱ</tajweed>تَّبَعْتَنِى فَلَا تَسْــَٔلْنِى عَ<tajweed class=ikhafa>ن ش</tajweed>َىْءٍ حَتَّ<tajweed class=madda_obligatory>ىٰٓ</tajweed> أُحْدِثَ لَكَ مِنْهُ ذِكْرًا <span class=end>٧٠</span>","End":"٧٠","PageNumber":301,"JuzNumber":15,"ManzilNumber":4,"RukuNumber":260,"MaqraNumber":120,"HizbNumber":30,"HizbDecimal":0.75,"HasSajda":false}]}