{"RukuNumber":430,"Verses":[{"SurahNumber":43,"SurahIndex":"043","VerseNumber":68,"ShowSurahName":false,"ShowBismillah":false,"Text":"يَٰعِبَادِ لَا خَوۡفٌ عَلَيۡكُمُ ٱلۡيَوۡمَ وَلَآ أَنتُمۡ تَحۡزَنُونَ","TajweedText":"يَ<tajweed class=madda_normal>ـٰ</tajweed>عِبَادِ لَا خَوْفٌ عَلَيْكُمُ <tajweed class=ham_wasl>ٱ</tajweed>لْيَوْمَ وَل<tajweed class=madda_obligatory>َآ</tajweed> أَ<tajweed class=ikhafa>نت</tajweed>ُمْ تَحْزَن<tajweed class=madda_permissible>ُو</tajweed>نَ <span class=end>٦٨</span>","End":"٦٨","PageNumber":494,"JuzNumber":25,"ManzilNumber":6,"RukuNumber":430,"MaqraNumber":198,"HizbNumber":50,"HizbDecimal":0.25,"HasSajda":false},{"SurahNumber":43,"SurahIndex":"043","VerseNumber":69,"ShowSurahName":false,"ShowBismillah":false,"Text":"ٱلَّذِينَ ءَامَنُواْ بِـَٔايَٰتِنَا وَكَانُواْ مُسۡلِمِينَ","TajweedText":"ٱلَّذِينَ ءَامَنُو<tajweed class=slnt>اْ</tajweed> بِـَٔـايَ<tajweed class=madda_normal>ـٰ</tajweed>تِنَا وَكَانُو<tajweed class=slnt>اْ</tajweed> مُسْلِم<tajweed class=madda_permissible>ِي</tajweed>نَ <span class=end>٦٩</span>","End":"٦٩","PageNumber":494,"JuzNumber":25,"ManzilNumber":6,"RukuNumber":430,"MaqraNumber":198,"HizbNumber":50,"HizbDecimal":0.25,"HasSajda":false},{"SurahNumber":43,"SurahIndex":"043","VerseNumber":70,"ShowSurahName":false,"ShowBismillah":false,"Text":"ٱدۡخُلُواْ ٱلۡجَنَّةَ أَنتُمۡ وَأَزۡوَٰجُكُمۡ تُحۡبَرُونَ","TajweedText":"ٱ<tajweed class=qalaqah>دْ</tajweed>خُلُو<tajweed class=slnt>اْ</tajweed> <tajweed class=ham_wasl>ٱ</tajweed>لْجَ<tajweed class=ghunnah>نّ</tajweed>َةَ أَ<tajweed class=ikhafa>نت</tajweed>ُمْ وَأَزْو<tajweed class=madda_normal>َٲ</tajweed>جُكُمْ تُحْبَر<tajweed class=madda_permissible>ُو</tajweed>نَ <span class=end>٧٠</span>","End":"٧٠","PageNumber":494,"JuzNumber":25,"ManzilNumber":6,"RukuNumber":430,"MaqraNumber":198,"HizbNumber":50,"HizbDecimal":0.25,"HasSajda":false},{"SurahNumber":43,"SurahIndex":"043","VerseNumber":71,"ShowSurahName":false,"ShowBismillah":false,"Text":"يُطَافُ عَلَيۡهِم بِصِحَافٖ مِّن ذَهَبٖ وَأَكۡوَابٖۖ وَفِيهَا مَا تَشۡتَهِيهِ ٱلۡأَنفُسُ وَتَلَذُّ ٱلۡأَعۡيُنُۖ وَأَنتُمۡ فِيهَا خَٰلِدُونَ","TajweedText":"يُطَافُ عَلَيْه<tajweed class=ikhafa_shafawi>ِم ب</tajweed>ِصِحَا<tajweed class=idgham_ghunnah>فٍ م</tajweed>ِّ<tajweed class=ikhafa>ن ذ</tajweed>َهَ<tajweed class=idgham_ghunnah>بٍ و</tajweed>َأَكْوَا<tajweed class=idgham_ghunnah>بٍ‌ۖ و</tajweed>َفِيهَا مَا تَشْتَهِيهِ <tajweed class=ham_wasl>ٱ</tajweed>لْأَ<tajweed class=ikhafa>نف</tajweed>ُسُ وَتَلَذُّ <tajweed class=ham_wasl>ٱ</tajweed>لْأَعْيُنُ‌ۖ وَأَ<tajweed class=ikhafa>نت</tajweed>ُمْ فِيهَا خَ<tajweed class=madda_normal>ـٰ</tajweed>لِد<tajweed class=madda_permissible>ُو</tajweed>نَ <span class=end>٧١</span>","End":"٧١","PageNumber":494,"JuzNumber":25,"ManzilNumber":6,"RukuNumber":430,"MaqraNumber":198,"HizbNumber":50,"HizbDecimal":0.25,"HasSajda":false},{"SurahNumber":43,"SurahIndex":"043","VerseNumber":72,"ShowSurahName":false,"ShowBismillah":false,"Text":"وَتِلۡكَ ٱلۡجَنَّةُ ٱلَّتِيٓ أُورِثۡتُمُوهَا بِمَا كُنتُمۡ تَعۡمَلُونَ","TajweedText":"وَتِلْكَ <tajweed class=ham_wasl>ٱ</tajweed>لْجَ<tajweed class=ghunnah>نّ</tajweed>َةُ <tajweed class=ham_wasl>ٱ</tajweed>لَّت<tajweed class=madda_obligatory>ِىٓ</tajweed> أُورِثْتُمُوهَا بِمَا كُ<tajweed class=ikhafa>نت</tajweed>ُمْ تَعْمَل<tajweed class=madda_permissible>ُو</tajweed>نَ <span class=end>٧٢</span>","End":"٧٢","PageNumber":494,"JuzNumber":25,"ManzilNumber":6,"RukuNumber":430,"MaqraNumber":198,"HizbNumber":50,"HizbDecimal":0.25,"HasSajda":false},{"SurahNumber":43,"SurahIndex":"043","VerseNumber":73,"ShowSurahName":false,"ShowBismillah":false,"Text":"لَكُمۡ فِيهَا فَٰكِهَةٞ كَثِيرَةٞ مِّنۡهَا تَأۡكُلُونَ","TajweedText":"لَكُمْ فِيهَا فَ<tajweed class=madda_normal>ـٰ</tajweed>كِهَ<tajweed class=ikhafa>ةٌ ك</tajweed>َثِيرَ<tajweed class=idgham_ghunnah>ةٌ م</tajweed>ِّنْهَا تَأْكُل<tajweed class=madda_permissible>ُو</tajweed>نَ <span class=end>٧٣</span>","End":"٧٣","PageNumber":494,"JuzNumber":25,"ManzilNumber":6,"RukuNumber":430,"MaqraNumber":198,"HizbNumber":50,"HizbDecimal":0.25,"HasSajda":false},{"SurahNumber":43,"SurahIndex":"043","VerseNumber":74,"ShowSurahName":false,"ShowBismillah":false,"Text":"إِنَّ ٱلۡمُجۡرِمِينَ فِي عَذَابِ جَهَنَّمَ خَٰلِدُونَ","TajweedText":"إِ<tajweed class=ghunnah>نّ</tajweed>َ <tajweed class=ham_wasl>ٱ</tajweed>لْمُ<tajweed class=qalaqah>جْ</tajweed>رِمِينَ فِى عَذَابِ جَهَ<tajweed class=ghunnah>نّ</tajweed>َمَ خَ<tajweed class=madda_normal>ـٰ</tajweed>لِد<tajweed class=madda_permissible>ُو</tajweed>نَ <span class=end>٧٤</span>","End":"٧٤","PageNumber":495,"JuzNumber":25,"ManzilNumber":6,"RukuNumber":430,"MaqraNumber":198,"HizbNumber":50,"HizbDecimal":0.25,"HasSajda":false},{"SurahNumber":43,"SurahIndex":"043","VerseNumber":75,"ShowSurahName":false,"ShowBismillah":false,"Text":"لَا يُفَتَّرُ عَنۡهُمۡ وَهُمۡ فِيهِ مُبۡلِسُونَ","TajweedText":"لَا يُفَتَّرُ عَنْهُمْ وَهُمْ فِيهِ مُ<tajweed class=qalaqah>بْ</tajweed>لِس<tajweed class=madda_permissible>ُو</tajweed>نَ <span class=end>٧٥</span>","End":"٧٥","PageNumber":495,"JuzNumber":25,"ManzilNumber":6,"RukuNumber":430,"MaqraNumber":198,"HizbNumber":50,"HizbDecimal":0.25,"HasSajda":false},{"SurahNumber":43,"SurahIndex":"043","VerseNumber":76,"ShowSurahName":false,"ShowBismillah":false,"Text":"وَمَا ظَلَمۡنَٰهُمۡ وَلَٰكِن كَانُواْ هُمُ ٱلظَّـٰلِمِينَ","TajweedText":"وَمَا ظَلَمْنَ<tajweed class=madda_normal>ـٰ</tajweed>هُمْ وَلَ<tajweed class=madda_normal>ـٰ</tajweed>كِ<tajweed class=ikhafa>ن ك</tajweed>َانُو<tajweed class=slnt>اْ</tajweed> هُمُ <tajweed class=ham_wasl>ٱ</tajweed><tajweed class=laam_shamsiyah>ل</tajweed>ظَّ<tajweed class=madda_normal>ـٰ</tajweed>لِم<tajweed class=madda_permissible>ِي</tajweed>نَ <span class=end>٧٦</span>","End":"٧٦","PageNumber":495,"JuzNumber":25,"ManzilNumber":6,"RukuNumber":430,"MaqraNumber":198,"HizbNumber":50,"HizbDecimal":0.25,"HasSajda":false},{"SurahNumber":43,"SurahIndex":"043","VerseNumber":77,"ShowSurahName":false,"ShowBismillah":false,"Text":"وَنَادَوۡاْ يَٰمَٰلِكُ لِيَقۡضِ عَلَيۡنَا رَبُّكَۖ قَالَ إِنَّكُم مَّـٰكِثُونَ","TajweedText":"وَنَادَوْ<tajweed class=slnt>اْ</tajweed> يَ<tajweed class=madda_normal>ـٰ</tajweed>مَ<tajweed class=madda_normal>ـٰ</tajweed>لِكُ لِيَ<tajweed class=qalaqah>قْ</tajweed>ضِ عَلَيْنَا رَبُّكَ‌ۖ قَالَ إِ<tajweed class=ghunnah>نّ</tajweed>َك<tajweed class=idgham_shafawi>ُم م</tajweed>َّ<tajweed class=madda_normal>ـٰ</tajweed>كِث<tajweed class=madda_permissible>ُو</tajweed>نَ <span class=end>٧٧</span>","End":"٧٧","PageNumber":495,"JuzNumber":25,"ManzilNumber":6,"RukuNumber":430,"MaqraNumber":198,"HizbNumber":50,"HizbDecimal":0.25,"HasSajda":false},{"SurahNumber":43,"SurahIndex":"043","VerseNumber":78,"ShowSurahName":false,"ShowBismillah":false,"Text":"لَقَدۡ جِئۡنَٰكُم بِٱلۡحَقِّ وَلَٰكِنَّ أَكۡثَرَكُمۡ لِلۡحَقِّ كَٰرِهُونَ","TajweedText":"لَقَ<tajweed class=qalaqah>دْ</tajweed> جِئْنَ<tajweed class=madda_normal>ـٰ</tajweed>ك<tajweed class=ikhafa_shafawi>ُم ب</tajweed>ِ<tajweed class=ham_wasl>ٱ</tajweed>لْحَقِّ وَلَ<tajweed class=madda_normal>ـٰ</tajweed>كِ<tajweed class=ghunnah>نّ</tajweed>َ أَكْثَرَكُمْ لِلْحَقِّ كَ<tajweed class=madda_normal>ـٰ</tajweed>رِه<tajweed class=madda_permissible>ُو</tajweed>نَ <span class=end>٧٨</span>","End":"٧٨","PageNumber":495,"JuzNumber":25,"ManzilNumber":6,"RukuNumber":430,"MaqraNumber":198,"HizbNumber":50,"HizbDecimal":0.25,"HasSajda":false},{"SurahNumber":43,"SurahIndex":"043","VerseNumber":79,"ShowSurahName":false,"ShowBismillah":false,"Text":"أَمۡ أَبۡرَمُوٓاْ أَمۡرٗا فَإِنَّا مُبۡرِمُونَ","TajweedText":"أَمْ أَ<tajweed class=qalaqah>بْ</tajweed>رَم<tajweed class=madda_obligatory>ُوٓ</tajweed><tajweed class=slnt>اْ</tajweed> أَمْ<tajweed class=ikhafa>رًا ف</tajweed>َإِ<tajweed class=ghunnah>نّ</tajweed>َا مُ<tajweed class=qalaqah>بْ</tajweed>رِم<tajweed class=madda_permissible>ُو</tajweed>نَ <span class=end>٧٩</span>","End":"٧٩","PageNumber":495,"JuzNumber":25,"ManzilNumber":6,"RukuNumber":430,"MaqraNumber":198,"HizbNumber":50,"HizbDecimal":0.25,"HasSajda":false},{"SurahNumber":43,"SurahIndex":"043","VerseNumber":80,"ShowSurahName":false,"ShowBismillah":false,"Text":"أَمۡ يَحۡسَبُونَ أَنَّا لَا نَسۡمَعُ سِرَّهُمۡ وَنَجۡوَىٰهُمۚ بَلَىٰ وَرُسُلُنَا لَدَيۡهِمۡ يَكۡتُبُونَ","TajweedText":"أَمْ يَحْسَبُونَ أَ<tajweed class=ghunnah>نّ</tajweed>َا لَا نَسْمَعُ سِرَّهُمْ وَنَ<tajweed class=qalaqah>جْ</tajweed>وَ<tajweed class=madda_normal>ٮٰ</tajweed>ه<tajweed class=ikhafa_shafawi>ُم‌ۚ ب</tajweed>َلَىٰ وَرُسُلُنَا لَدَيْهِمْ يَكْتُب<tajweed class=madda_permissible>ُو</tajweed>نَ <span class=end>٨٠</span>","End":"٨٠","PageNumber":495,"JuzNumber":25,"ManzilNumber":6,"RukuNumber":430,"MaqraNumber":198,"HizbNumber":50,"HizbDecimal":0.25,"HasSajda":false},{"SurahNumber":43,"SurahIndex":"043","VerseNumber":81,"ShowSurahName":false,"ShowBismillah":false,"Text":"قُلۡ إِن كَانَ لِلرَّحۡمَٰنِ وَلَدٞ فَأَنَا۠ أَوَّلُ ٱلۡعَٰبِدِينَ","TajweedText":"قُلْ إِ<tajweed class=ikhafa>ن ك</tajweed>َانَ لِلرَّحْمَ<tajweed class=madda_normal>ـٰ</tajweed>نِ وَلَ<tajweed class=ikhafa>دٌ ف</tajweed>َأَنَا۟ أَوَّلُ <tajweed class=ham_wasl>ٱ</tajweed>لْعَ<tajweed class=madda_normal>ـٰ</tajweed>بِد<tajweed class=madda_permissible>ِي</tajweed>نَ <span class=end>٨١</span>","End":"٨١","PageNumber":495,"JuzNumber":25,"ManzilNumber":6,"RukuNumber":430,"MaqraNumber":198,"HizbNumber":50,"HizbDecimal":0.25,"HasSajda":false},{"SurahNumber":43,"SurahIndex":"043","VerseNumber":82,"ShowSurahName":false,"ShowBismillah":false,"Text":"سُبۡحَٰنَ رَبِّ ٱلسَّمَٰوَٰتِ وَٱلۡأَرۡضِ رَبِّ ٱلۡعَرۡشِ عَمَّا يَصِفُونَ","TajweedText":"سُ<tajweed class=qalaqah>بْ</tajweed>حَ<tajweed class=madda_normal>ـٰ</tajweed>نَ رَبِّ <tajweed class=ham_wasl>ٱ</tajweed><tajweed class=laam_shamsiyah>ل</tajweed>سَّمَ<tajweed class=madda_normal>ـٰ</tajweed>و<tajweed class=madda_normal>َٲ</tajweed>تِ وَ<tajweed class=ham_wasl>ٱ</tajweed>لْأَرْضِ رَبِّ <tajweed class=ham_wasl>ٱ</tajweed>لْعَرْشِ عَ<tajweed class=ghunnah>مّ</tajweed>َا يَصِف<tajweed class=madda_permissible>ُو</tajweed>نَ <span class=end>٨٢</span>","End":"٨٢","PageNumber":495,"JuzNumber":25,"ManzilNumber":6,"RukuNumber":430,"MaqraNumber":198,"HizbNumber":50,"HizbDecimal":0.25,"HasSajda":false},{"SurahNumber":43,"SurahIndex":"043","VerseNumber":83,"ShowSurahName":false,"ShowBismillah":false,"Text":"فَذَرۡهُمۡ يَخُوضُواْ وَيَلۡعَبُواْ حَتَّىٰ يُلَٰقُواْ يَوۡمَهُمُ ٱلَّذِي يُوعَدُونَ","TajweedText":"فَذَرْهُمْ يَخُوضُو<tajweed class=slnt>اْ</tajweed> وَيَلْعَبُو<tajweed class=slnt>اْ</tajweed> حَتَّىٰ يُلَ<tajweed class=madda_normal>ـٰ</tajweed>قُو<tajweed class=slnt>اْ</tajweed> يَوْمَهُمُ <tajweed class=ham_wasl>ٱ</tajweed>لَّذِى يُوعَد<tajweed class=madda_permissible>ُو</tajweed>نَ <span class=end>٨٣</span>","End":"٨٣","PageNumber":495,"JuzNumber":25,"ManzilNumber":6,"RukuNumber":430,"MaqraNumber":198,"HizbNumber":50,"HizbDecimal":0.25,"HasSajda":false},{"SurahNumber":43,"SurahIndex":"043","VerseNumber":84,"ShowSurahName":false,"ShowBismillah":false,"Text":"وَهُوَ ٱلَّذِي فِي ٱلسَّمَآءِ إِلَٰهٞ وَفِي ٱلۡأَرۡضِ إِلَٰهٞۚ وَهُوَ ٱلۡحَكِيمُ ٱلۡعَلِيمُ","TajweedText":"وَهُوَ <tajweed class=ham_wasl>ٱ</tajweed>لَّذِى فِى <tajweed class=ham_wasl>ٱ</tajweed><tajweed class=laam_shamsiyah>ل</tajweed>سَّم<tajweed class=madda_obligatory>َا</tajweed>ٓءِ إِلَ<tajweed class=madda_normal>ـٰ</tajweed><tajweed class=idgham_ghunnah>هٌ و</tajweed>َفِى <tajweed class=ham_wasl>ٱ</tajweed>لْأَرْضِ إِلَ<tajweed class=madda_normal>ـٰ</tajweed><tajweed class=idgham_ghunnah>هٌ‌ۚ و</tajweed>َهُوَ <tajweed class=ham_wasl>ٱ</tajweed>لْحَكِيمُ <tajweed class=ham_wasl>ٱ</tajweed>لْعَل<tajweed class=madda_permissible>ِي</tajweed>مُ <span class=end>٨٤</span>","End":"٨٤","PageNumber":495,"JuzNumber":25,"ManzilNumber":6,"RukuNumber":430,"MaqraNumber":198,"HizbNumber":50,"HizbDecimal":0.25,"HasSajda":false},{"SurahNumber":43,"SurahIndex":"043","VerseNumber":85,"ShowSurahName":false,"ShowBismillah":false,"Text":"وَتَبَارَكَ ٱلَّذِي لَهُۥ مُلۡكُ ٱلسَّمَٰوَٰتِ وَٱلۡأَرۡضِ وَمَا بَيۡنَهُمَا وَعِندَهُۥ عِلۡمُ ٱلسَّاعَةِ وَإِلَيۡهِ تُرۡجَعُونَ","TajweedText":"وَتَبَارَكَ <tajweed class=ham_wasl>ٱ</tajweed>لَّذِى لَهُ<tajweed class=madda_normal>ۥ</tajweed> مُلْكُ <tajweed class=ham_wasl>ٱ</tajweed><tajweed class=laam_shamsiyah>ل</tajweed>سَّمَ<tajweed class=madda_normal>ـٰ</tajweed>و<tajweed class=madda_normal>َٲ</tajweed>تِ وَ<tajweed class=ham_wasl>ٱ</tajweed>لْأَرْضِ وَمَا بَيْنَهُمَا وَعِ<tajweed class=ikhafa>ند</tajweed>َهُ<tajweed class=madda_normal>ۥ</tajweed> عِلْمُ <tajweed class=ham_wasl>ٱ</tajweed><tajweed class=laam_shamsiyah>ل</tajweed>سَّاعَةِ وَإِلَيْهِ تُرْجَع<tajweed class=madda_permissible>ُو</tajweed>نَ <span class=end>٨٥</span>","End":"٨٥","PageNumber":495,"JuzNumber":25,"ManzilNumber":6,"RukuNumber":430,"MaqraNumber":198,"HizbNumber":50,"HizbDecimal":0.25,"HasSajda":false},{"SurahNumber":43,"SurahIndex":"043","VerseNumber":86,"ShowSurahName":false,"ShowBismillah":false,"Text":"وَلَا يَمۡلِكُ ٱلَّذِينَ يَدۡعُونَ مِن دُونِهِ ٱلشَّفَٰعَةَ إِلَّا مَن شَهِدَ بِٱلۡحَقِّ وَهُمۡ يَعۡلَمُونَ","TajweedText":"وَلَا يَمْلِكُ <tajweed class=ham_wasl>ٱ</tajweed>لَّذِينَ يَ<tajweed class=qalaqah>دْ</tajweed>عُونَ مِ<tajweed class=ikhafa>ن د</tajweed>ُونِهِ <tajweed class=ham_wasl>ٱ</tajweed><tajweed class=laam_shamsiyah>ل</tajweed>شَّفَ<tajweed class=madda_normal>ـٰ</tajweed>عَةَ إِلَّا مَ<tajweed class=ikhafa>ن ش</tajweed>َهِدَ بِ<tajweed class=ham_wasl>ٱ</tajweed>لْحَقِّ وَهُمْ يَعْلَم<tajweed class=madda_permissible>ُو</tajweed>نَ <span class=end>٨٦</span>","End":"٨٦","PageNumber":495,"JuzNumber":25,"ManzilNumber":6,"RukuNumber":430,"MaqraNumber":198,"HizbNumber":50,"HizbDecimal":0.25,"HasSajda":false},{"SurahNumber":43,"SurahIndex":"043","VerseNumber":87,"ShowSurahName":false,"ShowBismillah":false,"Text":"وَلَئِن سَأَلۡتَهُم مَّنۡ خَلَقَهُمۡ لَيَقُولُنَّ ٱللَّهُۖ فَأَنَّىٰ يُؤۡفَكُونَ","TajweedText":"وَلَئِ<tajweed class=ikhafa>ن س</tajweed>َأَلْتَه<tajweed class=idgham_shafawi>ُم م</tajweed>َّنْ خَلَقَهُمْ لَيَقُولُ<tajweed class=ghunnah>نّ</tajweed>َ <tajweed class=ham_wasl>ٱ</tajweed>للَّهُ‌ۖ فَأَ<tajweed class=ghunnah>نّ</tajweed>َىٰ يُؤْفَك<tajweed class=madda_permissible>ُو</tajweed>نَ <span class=end>٨٧</span>","End":"٨٧","PageNumber":495,"JuzNumber":25,"ManzilNumber":6,"RukuNumber":430,"MaqraNumber":198,"HizbNumber":50,"HizbDecimal":0.25,"HasSajda":false},{"SurahNumber":43,"SurahIndex":"043","VerseNumber":88,"ShowSurahName":false,"ShowBismillah":false,"Text":"وَقِيلِهِۦ يَٰرَبِّ إِنَّ هَـٰٓؤُلَآءِ قَوۡمٞ لَّا يُؤۡمِنُونَ","TajweedText":"وَقِيلِه<tajweed class=madda_normal>ِۦ</tajweed> يَ<tajweed class=madda_normal>ـٰ</tajweed>رَبِّ إِ<tajweed class=ghunnah>نّ</tajweed>َ هَ<tajweed class=madda_obligatory>ـٰٓ</tajweed>ؤُل<tajweed class=madda_obligatory>َا</tajweed>ٓءِ قَوْ<tajweed class=idgham_wo_ghunnah>مٌ ل</tajweed>َّا يُؤْمِن<tajweed class=madda_permissible>ُو</tajweed>نَ <span class=end>٨٨</span>","End":"٨٨","PageNumber":495,"JuzNumber":25,"ManzilNumber":6,"RukuNumber":430,"MaqraNumber":198,"HizbNumber":50,"HizbDecimal":0.25,"HasSajda":false},{"SurahNumber":43,"SurahIndex":"043","VerseNumber":89,"ShowSurahName":false,"ShowBismillah":false,"Text":"فَٱصۡفَحۡ عَنۡهُمۡ وَقُلۡ سَلَٰمٞۚ فَسَوۡفَ يَعۡلَمُونَ","TajweedText":"فَ<tajweed class=ham_wasl>ٱ</tajweed>صْفَحْ عَنْهُمْ وَقُلْ سَلَ<tajweed class=madda_normal>ـٰ</tajweed><tajweed class=ikhafa>مٌ‌ۚ ف</tajweed>َسَوْفَ يَعْلَم<tajweed class=madda_permissible>ُو</tajweed>نَ <span class=end>٨٩</span>","End":"٨٩","PageNumber":495,"JuzNumber":25,"ManzilNumber":6,"RukuNumber":430,"MaqraNumber":198,"HizbNumber":50,"HizbDecimal":0.25,"HasSajda":false}]}