{"RukuNumber":358,"Verses":[{"SurahNumber":32,"SurahIndex":"032","VerseNumber":1,"ShowSurahName":true,"ShowBismillah":true,"Text":"الٓمٓ","TajweedText":"ا<tajweed class=madda_necessary>لٓ</tajweed><tajweed class=madda_necessary>مٓ</tajweed> <span class=end>١</span>","End":"١","PageNumber":415,"JuzNumber":21,"ManzilNumber":5,"RukuNumber":358,"MaqraNumber":165,"HizbNumber":42,"HizbDecimal":0.0,"HasSajda":false},{"SurahNumber":32,"SurahIndex":"032","VerseNumber":2,"ShowSurahName":false,"ShowBismillah":false,"Text":"تَنزِيلُ ٱلۡكِتَٰبِ لَا رَيۡبَ فِيهِ مِن رَّبِّ ٱلۡعَٰلَمِينَ","TajweedText":"تَ<tajweed class=ikhafa>نز</tajweed>ِيلُ <tajweed class=ham_wasl>ٱ</tajweed>لْكِتَ<tajweed class=madda_normal>ـٰ</tajweed>بِ لَا رَيْبَ فِيهِ م<tajweed class=idgham_wo_ghunnah>ِن ر</tajweed>َّبِّ <tajweed class=ham_wasl>ٱ</tajweed>لْعَ<tajweed class=madda_normal>ـٰ</tajweed>لَم<tajweed class=madda_permissible>ِي</tajweed>نَ <span class=end>٢</span>","End":"٢","PageNumber":415,"JuzNumber":21,"ManzilNumber":5,"RukuNumber":358,"MaqraNumber":165,"HizbNumber":42,"HizbDecimal":0.0,"HasSajda":false},{"SurahNumber":32,"SurahIndex":"032","VerseNumber":3,"ShowSurahName":false,"ShowBismillah":false,"Text":"أَمۡ يَقُولُونَ ٱفۡتَرَىٰهُۚ بَلۡ هُوَ ٱلۡحَقُّ مِن رَّبِّكَ لِتُنذِرَ قَوۡمٗا مَّآ أَتَىٰهُم مِّن نَّذِيرٖ مِّن قَبۡلِكَ لَعَلَّهُمۡ يَهۡتَدُونَ","TajweedText":"أَمْ يَقُولُونَ <tajweed class=ham_wasl>ٱ</tajweed>فْتَرَ>ٮٰ</tajweed>هُ‌ۚ بَلْ هُوَ <tajweed class=ham_wasl>ٱ</tajweed>لْحَقُّ م<tajweed class=idgham_wo_ghunnah>ِن ر</tajweed>َّبِّكَ لِتُ<tajweed class=ikhafa>نذ</tajweed>ِرَ قَوْ<tajweed class=idgham_ghunnah>مًا م</tajweed>ّ<tajweed class=madda_obligatory>َآ</tajweed> أَتَ<tajweed class=madda_normal>ـٰ</tajweed>ه<tajweed class=idgham_shafawi>ُم م</tajweed>ّ<tajweed class=idgham_ghunnah>ِن ن</tajweed>َّذِي<tajweed class=idgham_ghunnah>رٍ م</tajweed>ِّ<tajweed class=ikhafa>ن ق</tajweed>َ<tajweed class=qalaqah>بْ</tajweed>لِكَ لَعَلَّهُمْ يَهْتَد<tajweed class=madda_permissible>ُو</tajweed>نَ <span class=end>٣</span>","End":"٣","PageNumber":415,"JuzNumber":21,"ManzilNumber":5,"RukuNumber":358,"MaqraNumber":165,"HizbNumber":42,"HizbDecimal":0.0,"HasSajda":false},{"SurahNumber":32,"SurahIndex":"032","VerseNumber":4,"ShowSurahName":false,"ShowBismillah":false,"Text":"ٱللَّهُ ٱلَّذِي خَلَقَ ٱلسَّمَٰوَٰتِ وَٱلۡأَرۡضَ وَمَا بَيۡنَهُمَا فِي سِتَّةِ أَيَّامٖ ثُمَّ ٱسۡتَوَىٰ عَلَى ٱلۡعَرۡشِۖ مَا لَكُم مِّن دُونِهِۦ مِن وَلِيّٖ وَلَا شَفِيعٍۚ أَفَلَا تَتَذَكَّرُونَ","TajweedText":"ٱللَّهُ <tajweed class=ham_wasl>ٱ</tajweed>لَّذِى خَلَقَ <tajweed class=ham_wasl>ٱ</tajweed><tajweed class=laam_shamsiyah>ل</tajweed>سَّمَ<tajweed class=madda_normal>ـٰ</tajweed>و<tajweed class=madda_normal>َٲ</tajweed>تِ وَ<tajweed class=ham_wasl>ٱ</tajweed>لْأَرْضَ وَمَا بَيْنَهُمَا فِى سِتَّةِ أَيَّا<tajweed class=ikhafa>مٍ ث</tajweed>ُ<tajweed class=ghunnah>مّ</tajweed>َ <tajweed class=ham_wasl>ٱ</tajweed>سْتَوَىٰ عَلَى <tajweed class=ham_wasl>ٱ</tajweed>لْعَرْشِ‌ۖ مَا لَك<tajweed class=idgham_shafawi>ُم م</tajweed>ِّ<tajweed class=ikhafa>ن د</tajweed>ُونِه<tajweed class=madda_normal>ِۦ</tajweed> م<tajweed class=idgham_ghunnah>ِن و</tajweed>َلِ<tajweed class=idgham_ghunnah>ىٍّ و</tajweed>َلَا شَفِيعٍ‌ۚ أَفَلَا تَتَذَكَّر<tajweed class=madda_permissible>ُو</tajweed>نَ <span class=end>٤</span>","End":"٤","PageNumber":415,"JuzNumber":21,"ManzilNumber":5,"RukuNumber":358,"MaqraNumber":165,"HizbNumber":42,"HizbDecimal":0.0,"HasSajda":false},{"SurahNumber":32,"SurahIndex":"032","VerseNumber":5,"ShowSurahName":false,"ShowBismillah":false,"Text":"يُدَبِّرُ ٱلۡأَمۡرَ مِنَ ٱلسَّمَآءِ إِلَى ٱلۡأَرۡضِ ثُمَّ يَعۡرُجُ إِلَيۡهِ فِي يَوۡمٖ كَانَ مِقۡدَارُهُۥٓ أَلۡفَ سَنَةٖ مِّمَّا تَعُدُّونَ","TajweedText":"يُدَبِّرُ <tajweed class=ham_wasl>ٱ</tajweed>لْأَمْرَ مِنَ <tajweed class=ham_wasl>ٱ</tajweed><tajweed class=laam_shamsiyah>ل</tajweed>سَّم<tajweed class=madda_obligatory>َا</tajweed>ٓءِ إِلَى <tajweed class=ham_wasl>ٱ</tajweed>لْأَرْضِ ثُ<tajweed class=ghunnah>مّ</tajweed>َ يَعْرُجُ إِلَيْهِ فِى يَوْ<tajweed class=ikhafa>مٍ ك</tajweed>َانَ مِ<tajweed class=qalaqah>قْ</tajweed>دَارُهُ<tajweed class=madda_obligatory>ۥٓ</tajweed> أَلْفَ سَنَ<tajweed class=idgham_ghunnah>ةٍ م</tajweed>ِّ<tajweed class=ghunnah>مّ</tajweed>َا تَعُدّ<tajweed class=madda_permissible>ُو</tajweed>نَ <span class=end>٥</span>","End":"٥","PageNumber":415,"JuzNumber":21,"ManzilNumber":5,"RukuNumber":358,"MaqraNumber":165,"HizbNumber":42,"HizbDecimal":0.0,"HasSajda":false},{"SurahNumber":32,"SurahIndex":"032","VerseNumber":6,"ShowSurahName":false,"ShowBismillah":false,"Text":"ذَٰلِكَ عَٰلِمُ ٱلۡغَيۡبِ وَٱلشَّهَٰدَةِ ٱلۡعَزِيزُ ٱلرَّحِيمُ","TajweedText":"ذ<tajweed class=madda_normal>َٲ</tajweed>لِكَ عَ<tajweed class=madda_normal>ـٰ</tajweed>لِمُ <tajweed class=ham_wasl>ٱ</tajweed>لْغَيْبِ وَ<tajweed class=ham_wasl>ٱ</tajweed><tajweed class=laam_shamsiyah>ل</tajweed>شَّهَ<tajweed class=madda_normal>ـٰ</tajweed>دَةِ <tajweed class=ham_wasl>ٱ</tajweed>لْعَزِيزُ <tajweed class=ham_wasl>ٱ</tajweed><tajweed class=laam_shamsiyah>ل</tajweed>رَّح<tajweed class=madda_permissible>ِي</tajweed>مُ <span class=end>٦</span>","End":"٦","PageNumber":415,"JuzNumber":21,"ManzilNumber":5,"RukuNumber":358,"MaqraNumber":165,"HizbNumber":42,"HizbDecimal":0.0,"HasSajda":false},{"SurahNumber":32,"SurahIndex":"032","VerseNumber":7,"ShowSurahName":false,"ShowBismillah":false,"Text":"ٱلَّذِيٓ أَحۡسَنَ كُلَّ شَيۡءٍ خَلَقَهُۥۖ وَبَدَأَ خَلۡقَ ٱلۡإِنسَٰنِ مِن طِينٖ","TajweedText":"ٱلَّذ<tajweed class=madda_obligatory>ِىٓ</tajweed> أَحْسَنَ كُلَّ شَىْءٍ خَلَقَهُ<tajweed class=madda_normal>ۥ</tajweed>‌ۖ وَبَدَأَ خَلْقَ <tajweed class=ham_wasl>ٱ</tajweed>لْإِ<tajweed class=ikhafa>نس</tajweed>َ<tajweed class=madda_normal>ـٰ</tajweed>نِ مِ<tajweed class=ikhafa>ن ط</tajweed><tajweed class=madda_permissible>ِي</tajweed>نٍ <span class=end>٧</span>","End":"٧","PageNumber":415,"JuzNumber":21,"ManzilNumber":5,"RukuNumber":358,"MaqraNumber":165,"HizbNumber":42,"HizbDecimal":0.0,"HasSajda":false},{"SurahNumber":32,"SurahIndex":"032","VerseNumber":8,"ShowSurahName":false,"ShowBismillah":false,"Text":"ثُمَّ جَعَلَ نَسۡلَهُۥ مِن سُلَٰلَةٖ مِّن مَّآءٖ مَّهِينٖ","TajweedText":"ثُ<tajweed class=ghunnah>مّ</tajweed>َ جَعَلَ نَسْلَهُ<tajweed class=madda_normal>ۥ</tajweed> مِ<tajweed class=ikhafa>ن س</tajweed>ُلَ<tajweed class=madda_normal>ـٰ</tajweed>لَ<tajweed class=idgham_ghunnah>ةٍ م</tajweed>ّ<tajweed class=idgham_ghunnah>ِن م</tajweed>ّ<tajweed class=madda_obligatory>َا</tajweed>ٓ<tajweed class=idgham_ghunnah>ءٍ م</tajweed>َّه<tajweed class=madda_permissible>ِي</tajweed>نٍ <span class=end>٨</span>","End":"٨","PageNumber":415,"JuzNumber":21,"ManzilNumber":5,"RukuNumber":358,"MaqraNumber":165,"HizbNumber":42,"HizbDecimal":0.0,"HasSajda":false},{"SurahNumber":32,"SurahIndex":"032","VerseNumber":9,"ShowSurahName":false,"ShowBismillah":false,"Text":"ثُمَّ سَوَّىٰهُ وَنَفَخَ فِيهِ مِن رُّوحِهِۦۖ وَجَعَلَ لَكُمُ ٱلسَّمۡعَ وَٱلۡأَبۡصَٰرَ وَٱلۡأَفۡـِٔدَةَۚ قَلِيلٗا مَّا تَشۡكُرُونَ","TajweedText":"ثُ<tajweed class=ghunnah>مّ</tajweed>َ سَوَّ<tajweed class=madda_normal>ٮٰ</tajweed>هُ وَنَفَخَ فِيهِ م<tajweed class=idgham_wo_ghunnah>ِن ر</tajweed>ُّوحِه<tajweed class=madda_normal>ِۦ</tajweed>‌ۖ وَجَعَلَ لَكُمُ <tajweed class=ham_wasl>ٱ</tajweed><tajweed class=laam_shamsiyah>ل</tajweed>سَّمْعَ وَ<tajweed class=ham_wasl>ٱ</tajweed>لْأَ<tajweed class=qalaqah>بْ</tajweed>صَ<tajweed class=madda_normal>ـٰ</tajweed>رَ وَ<tajweed class=ham_wasl>ٱ</tajweed>لْأَفْــِٔدَةَ‌ۚ قَلِيل<tajweed class=idgham_ghunnah>اً م</tajweed>َّا تَشْكُر<tajweed class=madda_permissible>ُو</tajweed>نَ <span class=end>٩</span>","End":"٩","PageNumber":415,"JuzNumber":21,"ManzilNumber":5,"RukuNumber":358,"MaqraNumber":165,"HizbNumber":42,"HizbDecimal":0.0,"HasSajda":false},{"SurahNumber":32,"SurahIndex":"032","VerseNumber":10,"ShowSurahName":false,"ShowBismillah":false,"Text":"وَقَالُوٓاْ أَءِذَا ضَلَلۡنَا فِي ٱلۡأَرۡضِ أَءِنَّا لَفِي خَلۡقٖ جَدِيدِۭۚ بَلۡ هُم بِلِقَآءِ رَبِّهِمۡ كَٰفِرُونَ","TajweedText":"وَقَال<tajweed class=madda_obligatory>ُوٓ</tajweed><tajweed class=slnt>اْ</tajweed> أَءِذَا ضَلَلْنَا فِى <tajweed class=ham_wasl>ٱ</tajweed>لْأَرْضِ أَءِ<tajweed class=ghunnah>نّ</tajweed>َا لَفِى خَلْ<tajweed class=ikhafa>قٍ ج</tajweed>َدِي<tajweed class=iqlab>دِۭ‌ۚ ب</tajweed>َلْ ه<tajweed class=ikhafa_shafawi>ُم ب</tajweed>ِلِق<tajweed class=madda_obligatory>َا</tajweed>ٓءِ رَبِّهِمْ كَ<tajweed class=madda_normal>ـٰ</tajweed>فِر<tajweed class=madda_permissible>ُو</tajweed>نَ <span class=end>١٠</span>","End":"١٠","PageNumber":415,"JuzNumber":21,"ManzilNumber":5,"RukuNumber":358,"MaqraNumber":165,"HizbNumber":42,"HizbDecimal":0.0,"HasSajda":false},{"SurahNumber":32,"SurahIndex":"032","VerseNumber":11,"ShowSurahName":false,"ShowBismillah":false,"Text":"۞قُلۡ يَتَوَفَّىٰكُم مَّلَكُ ٱلۡمَوۡتِ ٱلَّذِي وُكِّلَ بِكُمۡ ثُمَّ إِلَىٰ رَبِّكُمۡ تُرۡجَعُونَ","TajweedText":"۞ قُلْ يَتَوَفَّ<tajweed class=madda_normal>ـٰ</tajweed>ك<tajweed class=idgham_shafawi>ُم م</tajweed>َّلَكُ <tajweed class=ham_wasl>ٱ</tajweed>لْمَوْتِ <tajweed class=ham_wasl>ٱ</tajweed>لَّذِى وُكِّلَ بِكُمْ ثُ<tajweed class=ghunnah>مّ</tajweed>َ إِلَىٰ رَبِّكُمْ تُرْجَع<tajweed class=madda_permissible>ُو</tajweed>نَ <span class=end>١١</span>","End":"١١","PageNumber":415,"JuzNumber":21,"ManzilNumber":5,"RukuNumber":358,"MaqraNumber":166,"HizbNumber":42,"HizbDecimal":0.25,"HasSajda":false}]}