{"RukuNumber":16,"Verses":[{"SurahNumber":2,"SurahIndex":"002","VerseNumber":122,"ShowSurahName":false,"ShowBismillah":false,"Text":"يَٰبَنِيٓ إِسۡرَـٰٓءِيلَ ٱذۡكُرُواْ نِعۡمَتِيَ ٱلَّتِيٓ أَنۡعَمۡتُ عَلَيۡكُمۡ وَأَنِّي فَضَّلۡتُكُمۡ عَلَى ٱلۡعَٰلَمِينَ","TajweedText":"يَ<tajweed class=madda_normal>ـٰ</tajweed>بَن<tajweed class=madda_obligatory>ِىٓ</tajweed> إِسْر<tajweed class=madda_obligatory>َٲ</tajweed>ٓءِيلَ <tajweed class=ham_wasl>ٱ</tajweed>ذْكُرُو<tajweed class=slnt>اْ</tajweed> نِعْمَتِىَ <tajweed class=ham_wasl>ٱ</tajweed>لَّت<tajweed class=madda_obligatory>ِىٓ</tajweed> أَنْعَمْتُ عَلَيْكُمْ وَأَ<tajweed class=ghunnah>نّ</tajweed>ِى فَضَّلْتُكُمْ عَلَى <tajweed class=ham_wasl>ٱ</tajweed>لْعَ<tajweed class=madda_normal>ـٰ</tajweed>لَم<tajweed class=madda_permissible>ِي</tajweed>نَ <span class=end>١٢٢</span>","End":"١٢٢","PageNumber":19,"JuzNumber":1,"ManzilNumber":1,"RukuNumber":16,"MaqraNumber":7,"HizbNumber":2,"HizbDecimal":0.5,"HasSajda":false},{"SurahNumber":2,"SurahIndex":"002","VerseNumber":123,"ShowSurahName":false,"ShowBismillah":false,"Text":"وَٱتَّقُواْ يَوۡمٗا لَّا تَجۡزِي نَفۡسٌ عَن نَّفۡسٖ شَيۡـٔٗا وَلَا يُقۡبَلُ مِنۡهَا عَدۡلٞ وَلَا تَنفَعُهَا شَفَٰعَةٞ وَلَا هُمۡ يُنصَرُونَ","TajweedText":"وَ<tajweed class=ham_wasl>ٱ</tajweed>تَّقُو<tajweed class=slnt>اْ</tajweed> يَوْ<tajweed class=idgham_wo_ghunnah>مًا ل</tajweed>َّا تَ<tajweed class=qalaqah>جْ</tajweed>زِى نَفْسٌ ع<tajweed class=idgham_ghunnah>َن ن</tajweed>َّفْ<tajweed class=ikhafa>سٍ ش</tajweed>َيْـ<tajweed class=idgham_ghunnah>ـًٔا و</tajweed>َلَا يُ<tajweed class=qalaqah>قْ</tajweed>بَلُ مِنْهَا عَ<tajweed class=qalaqah>دْ</tajweed><tajweed class=idgham_ghunnah>لٌ و</tajweed>َلَا تَ<tajweed class=ikhafa>نف</tajweed>َعُهَا شَفَ<tajweed class=madda_normal>ـٰ</tajweed>عَ<tajweed class=idgham_ghunnah>ةٌ و</tajweed>َلَا هُمْ يُ<tajweed class=ikhafa>نص</tajweed>َر<tajweed class=madda_permissible>ُو</tajweed>نَ <span class=end>١٢٣</span>","End":"١٢٣","PageNumber":19,"JuzNumber":1,"ManzilNumber":1,"RukuNumber":16,"MaqraNumber":7,"HizbNumber":2,"HizbDecimal":0.5,"HasSajda":false},{"SurahNumber":2,"SurahIndex":"002","VerseNumber":124,"ShowSurahName":false,"ShowBismillah":false,"Text":"۞وَإِذِ ٱبۡتَلَىٰٓ إِبۡرَٰهِـۧمَ رَبُّهُۥ بِكَلِمَٰتٖ فَأَتَمَّهُنَّۖ قَالَ إِنِّي جَاعِلُكَ لِلنَّاسِ إِمَامٗاۖ قَالَ وَمِن ذُرِّيَّتِيۖ قَالَ لَا يَنَالُ عَهۡدِي ٱلظَّـٰلِمِينَ","TajweedText":"۞ وَإِذِ <tajweed class=ham_wasl>ٱ</tajweed><tajweed class=qalaqah>بْ</tajweed>تَلَ<tajweed class=madda_obligatory>ىٰٓ</tajweed> إِ<tajweed class=qalaqah>بْ</tajweed>ر<tajweed class=madda_normal>َٲ</tajweed>هِـ<tajweed class=madda_normal>ـۧ</tajweed>مَ رَبُّهُ<tajweed class=madda_normal>ۥ</tajweed> بِكَلِمَ<tajweed class=madda_normal>ـٰ</tajweed><tajweed class=ikhafa>تٍ ف</tajweed>َأَتَ<tajweed class=ghunnah>مّ</tajweed>َهُ<tajweed class=ghunnah>نّ</tajweed>َ‌ۖ قَالَ إِ<tajweed class=ghunnah>نّ</tajweed>ِى جَاعِلُكَ لِل<tajweed class=ghunnah>نّ</tajweed>َاسِ إِمَا<tajweed class=ikhafa>مًا‌ۖ ق</tajweed>َالَ وَمِ<tajweed class=ikhafa>ن ذ</tajweed>ُرِّيَّتِى‌ۖ قَالَ لَا يَنَالُ عَهْدِى <tajweed class=ham_wasl>ٱ</tajweed><tajweed class=laam_shamsiyah>ل</tajweed>ظَّ<tajweed class=madda_normal>ـٰ</tajweed>لِم<tajweed class=madda_permissible>ِي</tajweed>نَ <span class=end>١٢٤</span>","End":"١٢٤","PageNumber":19,"JuzNumber":1,"ManzilNumber":1,"RukuNumber":16,"MaqraNumber":8,"HizbNumber":2,"HizbDecimal":0.75,"HasSajda":false},{"SurahNumber":2,"SurahIndex":"002","VerseNumber":125,"ShowSurahName":false,"ShowBismillah":false,"Text":"وَإِذۡ جَعَلۡنَا ٱلۡبَيۡتَ مَثَابَةٗ لِّلنَّاسِ وَأَمۡنٗا وَٱتَّخِذُواْ مِن مَّقَامِ إِبۡرَٰهِـۧمَ مُصَلّٗىۖ وَعَهِدۡنَآ إِلَىٰٓ إِبۡرَٰهِـۧمَ وَإِسۡمَٰعِيلَ أَن طَهِّرَا بَيۡتِيَ لِلطَّآئِفِينَ وَٱلۡعَٰكِفِينَ وَٱلرُّكَّعِ ٱلسُّجُودِ","TajweedText":"وَإِذْ جَعَلْنَا <tajweed class=ham_wasl>ٱ</tajweed>لْبَيْتَ مَثَابَ<tajweed class=idgham_wo_ghunnah>ةً ل</tajweed>ِّل<tajweed class=ghunnah>نّ</tajweed>َاسِ وَأَمْ<tajweed class=idgham_ghunnah>نًا و</tajweed>َ<tajweed class=ham_wasl>ٱ</tajweed>تَّخِذُو<tajweed class=slnt>اْ</tajweed> م<tajweed class=idgham_ghunnah>ِن م</tajweed>َّقَامِ إِ<tajweed class=qalaqah>بْ</tajweed>ر<tajweed class=madda_normal>َٲ</tajweed>هِـ<tajweed class=madda_normal>ـۧ</tajweed>مَ مُصَل<tajweed class=idgham_ghunnah>ًّى‌ۖ و</tajweed>َعَهِ<tajweed class=qalaqah>دْ</tajweed>ن<tajweed class=madda_obligatory>َآ</tajweed> إِلَ<tajweed class=madda_obligatory>ىٰٓ</tajweed> إِ<tajweed class=qalaqah>بْ</tajweed>ر<tajweed class=madda_normal>َٲ</tajweed>هِـ<tajweed class=madda_normal>ـۧ</tajweed>مَ وَإِسْمَ<tajweed class=madda_normal>ـٰ</tajweed>عِيلَ أَ<tajweed class=ikhafa>ن ط</tajweed>َهِّرَا بَيْتِىَ لِلطّ<tajweed class=madda_obligatory>َا</tajweed>ٓئِفِينَ وَ<tajweed class=ham_wasl>ٱ</tajweed>لْعَ<tajweed class=madda_normal>ـٰ</tajweed>كِفِينَ وَ<tajweed class=ham_wasl>ٱ</tajweed><tajweed class=laam_shamsiyah>ل</tajweed>رُّكَّعِ <tajweed class=ham_wasl>ٱ</tajweed><tajweed class=laam_shamsiyah>ل</tajweed>سُّج<tajweed class=madda_permissible>ُو</tajweed><tajweed class=qalaqah>د</tajweed>ِ <span class=end>١٢٥</span>","End":"١٢٥","PageNumber":19,"JuzNumber":1,"ManzilNumber":1,"RukuNumber":16,"MaqraNumber":8,"HizbNumber":2,"HizbDecimal":0.75,"HasSajda":false},{"SurahNumber":2,"SurahIndex":"002","VerseNumber":126,"ShowSurahName":false,"ShowBismillah":false,"Text":"وَإِذۡ قَالَ إِبۡرَٰهِـۧمُ رَبِّ ٱجۡعَلۡ هَٰذَا بَلَدًا ءَامِنٗا وَٱرۡزُقۡ أَهۡلَهُۥ مِنَ ٱلثَّمَرَٰتِ مَنۡ ءَامَنَ مِنۡهُم بِٱللَّهِ وَٱلۡيَوۡمِ ٱلۡأٓخِرِۚ قَالَ وَمَن كَفَرَ فَأُمَتِّعُهُۥ قَلِيلٗا ثُمَّ أَضۡطَرُّهُۥٓ إِلَىٰ عَذَابِ ٱلنَّارِۖ وَبِئۡسَ ٱلۡمَصِيرُ","TajweedText":"وَإِذْ قَالَ إِ<tajweed class=qalaqah>بْ</tajweed>ر<tajweed class=madda_normal>َٲ</tajweed>هِـ<tajweed class=madda_normal>ـۧ</tajweed>مُ رَبِّ <tajweed class=ham_wasl>ٱ</tajweed><tajweed class=qalaqah>جْ</tajweed>عَلْ هَ<tajweed class=madda_normal>ـٰ</tajweed>ذَا بَلَدًا ءَامِ<tajweed class=idgham_ghunnah>نًا و</tajweed>َ<tajweed class=ham_wasl>ٱ</tajweed>رْزُ<tajweed class=qalaqah>قْ</tajweed> أَهْلَهُ<tajweed class=madda_normal>ۥ</tajweed> مِنَ <tajweed class=ham_wasl>ٱ</tajweed><tajweed class=laam_shamsiyah>ل</tajweed>ثَّمَر<tajweed class=madda_normal>َٲ</tajweed>تِ مَنْ ءَامَنَ مِنْه<tajweed class=ikhafa_shafawi>ُم ب</tajweed>ِ<tajweed class=ham_wasl>ٱ</tajweed>للَّهِ وَ<tajweed class=ham_wasl>ٱ</tajweed>لْيَوْمِ <tajweed class=ham_wasl>ٱ</tajweed>لْأَخِرِ‌ۖ قَالَ وَمَ<tajweed class=ikhafa>ن ك</tajweed>َفَرَ فَأُمَتِّعُهُ<tajweed class=madda_normal>ۥ</tajweed> قَلِيل<tajweed class=ikhafa>اً ث</tajweed>ُ<tajweed class=ghunnah>مّ</tajweed>َ أَضْطَرُّهُ<tajweed class=madda_obligatory>ۥٓ</tajweed> إِلَىٰ عَذَابِ <tajweed class=ham_wasl>ٱ</tajweed><tajweed class=laam_shamsiyah>ل</tajweed><tajweed class=ghunnah>نّ</tajweed>َارِ‌ۖ وَبِئْسَ <tajweed class=ham_wasl>ٱ</tajweed>لْمَص<tajweed class=madda_permissible>ِي</tajweed>رُ <span class=end>١٢٦</span>","End":"١٢٦","PageNumber":19,"JuzNumber":1,"ManzilNumber":1,"RukuNumber":16,"MaqraNumber":8,"HizbNumber":2,"HizbDecimal":0.75,"HasSajda":false},{"SurahNumber":2,"SurahIndex":"002","VerseNumber":127,"ShowSurahName":false,"ShowBismillah":false,"Text":"وَإِذۡ يَرۡفَعُ إِبۡرَٰهِـۧمُ ٱلۡقَوَاعِدَ مِنَ ٱلۡبَيۡتِ وَإِسۡمَٰعِيلُ رَبَّنَا تَقَبَّلۡ مِنَّآۖ إِنَّكَ أَنتَ ٱلسَّمِيعُ ٱلۡعَلِيمُ","TajweedText":"وَإِذْ يَرْفَعُ إِ<tajweed class=qalaqah>بْ</tajweed>ر<tajweed class=madda_normal>َٲ</tajweed>هِـ<tajweed class=madda_normal>ـۧ</tajweed>مُ <tajweed class=ham_wasl>ٱ</tajweed>لْقَوَاعِدَ مِنَ <tajweed class=ham_wasl>ٱ</tajweed>لْبَيْتِ وَإِسْمَ<tajweed class=madda_normal>ـٰ</tajweed>عِيلُ رَبَّنَا تَقَبَّلْ مِ<tajweed class=ghunnah>نّ</tajweed><tajweed class=madda_obligatory>َآ‌ۖ</tajweed> إِ<tajweed class=ghunnah>نّ</tajweed>َكَ أَ<tajweed class=ikhafa>نت</tajweed>َ <tajweed class=ham_wasl>ٱ</tajweed><tajweed class=laam_shamsiyah>ل</tajweed>سَّمِيعُ <tajweed class=ham_wasl>ٱ</tajweed>لْعَل<tajweed class=madda_permissible>ِي</tajweed>مُ <span class=end>١٢٧</span>","End":"١٢٧","PageNumber":20,"JuzNumber":1,"ManzilNumber":1,"RukuNumber":16,"MaqraNumber":8,"HizbNumber":2,"HizbDecimal":0.75,"HasSajda":false},{"SurahNumber":2,"SurahIndex":"002","VerseNumber":128,"ShowSurahName":false,"ShowBismillah":false,"Text":"رَبَّنَا وَٱجۡعَلۡنَا مُسۡلِمَيۡنِ لَكَ وَمِن ذُرِّيَّتِنَآ أُمَّةٗ مُّسۡلِمَةٗ لَّكَ وَأَرِنَا مَنَاسِكَنَا وَتُبۡ عَلَيۡنَآۖ إِنَّكَ أَنتَ ٱلتَّوَّابُ ٱلرَّحِيمُ","TajweedText":"رَبَّنَا وَ<tajweed class=ham_wasl>ٱ</tajweed><tajweed class=qalaqah>جْ</tajweed>عَلْنَا مُسْلِمَيْنِ لَكَ وَمِ<tajweed class=ikhafa>ن ذ</tajweed>ُرِّيَّتِن<tajweed class=madda_obligatory>َآ</tajweed> أُ<tajweed class=ghunnah>مّ</tajweed>َ<tajweed class=idgham_ghunnah>ةً م</tajweed>ُّسْلِمَ<tajweed class=idgham_wo_ghunnah>ةً ل</tajweed>َّكَ وَأَرِنَا مَنَاسِكَنَا وَتُ<tajweed class=qalaqah>بْ</tajweed> عَلَيْن<tajweed class=madda_obligatory>َآ‌ۖ</tajweed> إِ<tajweed class=ghunnah>نّ</tajweed>َكَ أَ<tajweed class=ikhafa>نت</tajweed>َ <tajweed class=ham_wasl>ٱ</tajweed><tajweed class=laam_shamsiyah>ل</tajweed>تَّوَّابُ <tajweed class=ham_wasl>ٱ</tajweed><tajweed class=laam_shamsiyah>ل</tajweed>رَّح<tajweed class=madda_permissible>ِي</tajweed>مُ <span class=end>١٢٨</span>","End":"١٢٨","PageNumber":20,"JuzNumber":1,"ManzilNumber":1,"RukuNumber":16,"MaqraNumber":8,"HizbNumber":2,"HizbDecimal":0.75,"HasSajda":false},{"SurahNumber":2,"SurahIndex":"002","VerseNumber":129,"ShowSurahName":false,"ShowBismillah":false,"Text":"رَبَّنَا وَٱبۡعَثۡ فِيهِمۡ رَسُولٗا مِّنۡهُمۡ يَتۡلُواْ عَلَيۡهِمۡ ءَايَٰتِكَ وَيُعَلِّمُهُمُ ٱلۡكِتَٰبَ وَٱلۡحِكۡمَةَ وَيُزَكِّيهِمۡۖ إِنَّكَ أَنتَ ٱلۡعَزِيزُ ٱلۡحَكِيمُ","TajweedText":"رَبَّنَا وَ<tajweed class=ham_wasl>ٱ</tajweed><tajweed class=qalaqah>بْ</tajweed>عَثْ فِيهِمْ رَسُول<tajweed class=idgham_ghunnah>اً م</tajweed>ِّنْهُمْ يَتْلُو<tajweed class=slnt>اْ</tajweed> عَلَيْهِمْ ءَايَ<tajweed class=madda_normal>ـٰ</tajweed>تِكَ وَيُعَلِّمُهُمُ <tajweed class=ham_wasl>ٱ</tajweed>لْكِتَ<tajweed class=madda_normal>ـٰ</tajweed>بَ وَ<tajweed class=ham_wasl>ٱ</tajweed>لْحِكْمَةَ وَيُزَكِّيهِمْ‌ۚ إِ<tajweed class=ghunnah>نّ</tajweed>َكَ أَ<tajweed class=ikhafa>نت</tajweed>َ <tajweed class=ham_wasl>ٱ</tajweed>لْعَزِيزُ <tajweed class=ham_wasl>ٱ</tajweed>لْحَك<tajweed class=madda_permissible>ِي</tajweed>مُ <span class=end>١٢٩</span>","End":"١٢٩","PageNumber":20,"JuzNumber":1,"ManzilNumber":1,"RukuNumber":16,"MaqraNumber":8,"HizbNumber":2,"HizbDecimal":0.75,"HasSajda":false}]}