{"RukuNumber":367,"Verses":[{"SurahNumber":33,"SurahIndex":"033","VerseNumber":53,"ShowSurahName":false,"ShowBismillah":false,"Text":"يَـٰٓأَيُّهَا ٱلَّذِينَ ءَامَنُواْ لَا تَدۡخُلُواْ بُيُوتَ ٱلنَّبِيِّ إِلَّآ أَن يُؤۡذَنَ لَكُمۡ إِلَىٰ طَعَامٍ غَيۡرَ نَٰظِرِينَ إِنَىٰهُ وَلَٰكِنۡ إِذَا دُعِيتُمۡ فَٱدۡخُلُواْ فَإِذَا طَعِمۡتُمۡ فَٱنتَشِرُواْ وَلَا مُسۡتَـٔۡنِسِينَ لِحَدِيثٍۚ إِنَّ ذَٰلِكُمۡ كَانَ يُؤۡذِي ٱلنَّبِيَّ فَيَسۡتَحۡيِۦ مِنكُمۡۖ وَٱللَّهُ لَا يَسۡتَحۡيِۦ مِنَ ٱلۡحَقِّۚ وَإِذَا سَأَلۡتُمُوهُنَّ مَتَٰعٗا فَسۡـَٔلُوهُنَّ مِن وَرَآءِ حِجَابٖۚ ذَٰلِكُمۡ أَطۡهَرُ لِقُلُوبِكُمۡ وَقُلُوبِهِنَّۚ وَمَا كَانَ لَكُمۡ أَن تُؤۡذُواْ رَسُولَ ٱللَّهِ وَلَآ أَن تَنكِحُوٓاْ أَزۡوَٰجَهُۥ مِنۢ بَعۡدِهِۦٓ أَبَدًاۚ إِنَّ ذَٰلِكُمۡ كَانَ عِندَ ٱللَّهِ عَظِيمًا","TajweedText":"يَ<tajweed class=madda_obligatory>ـٰٓ</tajweed>أَيُّهَا <tajweed class=ham_wasl>ٱ</tajweed>لَّذِينَ ءَامَنُو<tajweed class=slnt>اْ</tajweed> لَا تَ<tajweed class=qalaqah>دْ</tajweed>خُلُو<tajweed class=slnt>اْ</tajweed> بُيُوتَ <tajweed class=ham_wasl>ٱ</tajweed><tajweed class=laam_shamsiyah>ل</tajweed><tajweed class=ghunnah>نّ</tajweed>َبِىِّ إِلّ<tajweed class=madda_obligatory>َآ</tajweed> أ<tajweed class=idgham_ghunnah>َن ي</tajweed>ُؤْذَنَ لَكُمْ إِلَىٰ طَعَامٍ غَيْرَ نَ<tajweed class=madda_normal>ـٰ</tajweed>ظِرِينَ إِنَ<tajweed class=madda_normal>ـٰ</tajweed>هُ وَلَ<tajweed class=madda_normal>ـٰ</tajweed>كِنْ إِذَا دُعِيتُمْ فَ<tajweed class=ham_wasl>ٱ</tajweed><tajweed class=qalaqah>دْ</tajweed>خُلُو<tajweed class=slnt>اْ</tajweed> فَإِذَا طَعِمْتُمْ فَ<tajweed class=ham_wasl>ٱ</tajweed><tajweed class=ikhafa>نت</tajweed>َشِرُو<tajweed class=slnt>اْ</tajweed> وَلَا مُسْتَــْٔنِسِينَ لِحَدِيثٍۚ إِ<tajweed class=ghunnah>نّ</tajweed>َ ذ<tajweed class=madda_normal>َٲ</tajweed>لِكُمْ كَانَ يُؤْذِى <tajweed class=ham_wasl>ٱ</tajweed><tajweed class=laam_shamsiyah>ل</tajweed><tajweed class=ghunnah>نّ</tajweed>َبِىَّ فَيَسْتَحْى<tajweed class=madda_normal>ِۦ</tajweed> مِ<tajweed class=ikhafa>نك</tajweed>ُمْۖ وَ<tajweed class=ham_wasl>ٱ</tajweed>للَّهُ لَا يَسْتَحْى<tajweed class=madda_normal>ِۦ</tajweed> مِنَ <tajweed class=ham_wasl>ٱ</tajweed>لْحَقِّۚ وَإِذَا سَأَلْتُمُوهُ<tajweed class=ghunnah>نّ</tajweed>َ مَتَ<tajweed class=madda_normal>ـٰ</tajweed><tajweed class=ikhafa>عًا ف</tajweed>َسْــَٔلُوهُ<tajweed class=ghunnah>نّ</tajweed>َ م<tajweed class=idgham_ghunnah>ِن و</tajweed>َر<tajweed class=madda_obligatory>َا</tajweed>ٓءِ حِجَا<tajweed class=ikhafa>بٍۚ ذ</tajweed><tajweed class=madda_normal>َٲ</tajweed>لِكُمْ أَ<tajweed class=qalaqah>طْ</tajweed>هَرُ لِقُلُوبِكُمْ وَقُلُوبِهِ<tajweed class=ghunnah>نّ</tajweed>َۚ وَمَا كَانَ لَكُمْ أَ<tajweed class=ikhafa>ن ت</tajweed>ُؤْذُو<tajweed class=slnt>اْ</tajweed> رَسُولَ <tajweed class=ham_wasl>ٱ</tajweed>للَّهِ وَل<tajweed class=madda_obligatory>َآ</tajweed> أَ<tajweed class=ikhafa>ن ت</tajweed>َ<tajweed class=ikhafa>نك</tajweed>ِح<tajweed class=madda_obligatory>ُوٓ</tajweed><tajweed class=slnt>اْ</tajweed> أَزْو<tajweed class=madda_normal>َٲ</tajweed>جَهُ<tajweed class=madda_normal>ۥ</tajweed> م<tajweed class=iqlab>ِنۢ ب</tajweed>َعْدِه<tajweed class=madda_obligatory>ِۦٓ</tajweed> أَبَدًاۚ إِ<tajweed class=ghunnah>نّ</tajweed>َ ذ<tajweed class=madda_normal>َٲ</tajweed>لِكُمْ كَانَ عِ<tajweed class=ikhafa>ند</tajweed>َ <tajweed class=ham_wasl>ٱ</tajweed>للَّهِ عَظِيمًا <span class=end>٥٣</span>","End":"٥٣","PageNumber":425,"JuzNumber":22,"ManzilNumber":5,"RukuNumber":367,"MaqraNumber":170,"HizbNumber":43,"HizbDecimal":0.25,"HasSajda":false},{"SurahNumber":33,"SurahIndex":"033","VerseNumber":54,"ShowSurahName":false,"ShowBismillah":false,"Text":"إِن تُبۡدُواْ شَيۡـًٔا أَوۡ تُخۡفُوهُ فَإِنَّ ٱللَّهَ كَانَ بِكُلِّ شَيۡءٍ عَلِيمٗا","TajweedText":"إِ<tajweed class=ikhafa>ن ت</tajweed>ُ<tajweed class=qalaqah>بْ</tajweed>دُو<tajweed class=slnt>اْ</tajweed> شَيْــًٔا أَوْ تُخْفُوهُ فَإِ<tajweed class=ghunnah>نّ</tajweed>َ <tajweed class=ham_wasl>ٱ</tajweed>للَّهَ كَانَ بِكُلِّ شَىْءٍ عَلِيمًا <span class=end>٥٤</span>","End":"٥٤","PageNumber":425,"JuzNumber":22,"ManzilNumber":5,"RukuNumber":367,"MaqraNumber":170,"HizbNumber":43,"HizbDecimal":0.25,"HasSajda":false},{"SurahNumber":33,"SurahIndex":"033","VerseNumber":55,"ShowSurahName":false,"ShowBismillah":false,"Text":"لَّا جُنَاحَ عَلَيۡهِنَّ فِيٓ ءَابَآئِهِنَّ وَلَآ أَبۡنَآئِهِنَّ وَلَآ إِخۡوَٰنِهِنَّ وَلَآ أَبۡنَآءِ إِخۡوَٰنِهِنَّ وَلَآ أَبۡنَآءِ أَخَوَٰتِهِنَّ وَلَا نِسَآئِهِنَّ وَلَا مَا مَلَكَتۡ أَيۡمَٰنُهُنَّۗ وَٱتَّقِينَ ٱللَّهَۚ إِنَّ ٱللَّهَ كَانَ عَلَىٰ كُلِّ شَيۡءٖ شَهِيدًا","TajweedText":"لَّا جُنَاحَ عَلَيْهِ<tajweed class=ghunnah>نّ</tajweed>َ ف<tajweed class=madda_obligatory>ِىٓ</tajweed> ءَاب<tajweed class=madda_obligatory>َا</tajweed>ٓئِهِ<tajweed class=ghunnah>نّ</tajweed>َ وَل<tajweed class=madda_obligatory>َآ</tajweed> أَ<tajweed class=qalaqah>بْ</tajweed>ن<tajweed class=madda_obligatory>َا</tajweed>ٓئِهِ<tajweed class=ghunnah>نّ</tajweed>َ وَل<tajweed class=madda_obligatory>َآ</tajweed> إِخْو<tajweed class=madda_normal>َٲ</tajweed>نِهِ<tajweed class=ghunnah>نّ</tajweed>َ وَل<tajweed class=madda_obligatory>َآ</tajweed> أَ<tajweed class=qalaqah>بْ</tajweed>ن<tajweed class=madda_obligatory>َا</tajweed>ٓءِ إِخْو<tajweed class=madda_normal>َٲ</tajweed>نِهِ<tajweed class=ghunnah>نّ</tajweed>َ وَل<tajweed class=madda_obligatory>َآ</tajweed> أَ<tajweed class=qalaqah>بْ</tajweed>ن<tajweed class=madda_obligatory>َا</tajweed>ٓءِ أَخَو<tajweed class=madda_normal>َٲ</tajweed>تِهِ<tajweed class=ghunnah>نّ</tajweed>َ وَلَا نِس<tajweed class=madda_obligatory>َا</tajweed>ٓئِهِ<tajweed class=ghunnah>نّ</tajweed>َ وَلَا مَا مَلَكَتْ أَيْمَ<tajweed class=madda_normal>ـٰ</tajweed>نُهُ<tajweed class=ghunnah>نّ</tajweed>َۗ وَ<tajweed class=ham_wasl>ٱ</tajweed>تَّقِينَ <tajweed class=ham_wasl>ٱ</tajweed>للَّهَۚ إِ<tajweed class=ghunnah>نّ</tajweed>َ <tajweed class=ham_wasl>ٱ</tajweed>للَّهَ كَانَ عَلَىٰ كُلِّ ش<tajweed class=ikhafa>َىْءٍ ش</tajweed>َهِيدًا <span class=end>٥٥</span>","End":"٥٥","PageNumber":426,"JuzNumber":22,"ManzilNumber":5,"RukuNumber":367,"MaqraNumber":170,"HizbNumber":43,"HizbDecimal":0.25,"HasSajda":false},{"SurahNumber":33,"SurahIndex":"033","VerseNumber":56,"ShowSurahName":false,"ShowBismillah":false,"Text":"إِنَّ ٱللَّهَ وَمَلَـٰٓئِكَتَهُۥ يُصَلُّونَ عَلَى ٱلنَّبِيِّۚ يَـٰٓأَيُّهَا ٱلَّذِينَ ءَامَنُواْ صَلُّواْ عَلَيۡهِ وَسَلِّمُواْ تَسۡلِيمًا","TajweedText":"إِ<tajweed class=ghunnah>نّ</tajweed>َ <tajweed class=ham_wasl>ٱ</tajweed>للَّهَ وَمَلَ<tajweed class=madda_obligatory>ـٰٓ</tajweed>ئِكَتَهُ<tajweed class=madda_normal>ۥ</tajweed> يُصَلُّونَ عَلَى <tajweed class=ham_wasl>ٱ</tajweed><tajweed class=laam_shamsiyah>ل</tajweed><tajweed class=ghunnah>نّ</tajweed>َبِىِّۚ يَ<tajweed class=madda_obligatory>ـٰٓ</tajweed>أَيُّهَا <tajweed class=ham_wasl>ٱ</tajweed>لَّذِينَ ءَامَنُو<tajweed class=slnt>اْ</tajweed> صَلُّو<tajweed class=slnt>اْ</tajweed> عَلَيْهِ وَسَلِّمُو<tajweed class=slnt>اْ</tajweed> تَسْلِيمًا <span class=end>٥٦</span>","End":"٥٦","PageNumber":426,"JuzNumber":22,"ManzilNumber":5,"RukuNumber":367,"MaqraNumber":170,"HizbNumber":43,"HizbDecimal":0.25,"HasSajda":false},{"SurahNumber":33,"SurahIndex":"033","VerseNumber":57,"ShowSurahName":false,"ShowBismillah":false,"Text":"إِنَّ ٱلَّذِينَ يُؤۡذُونَ ٱللَّهَ وَرَسُولَهُۥ لَعَنَهُمُ ٱللَّهُ فِي ٱلدُّنۡيَا وَٱلۡأٓخِرَةِ وَأَعَدَّ لَهُمۡ عَذَابٗا مُّهِينٗا","TajweedText":"إِ<tajweed class=ghunnah>نّ</tajweed>َ <tajweed class=ham_wasl>ٱ</tajweed>لَّذِينَ يُؤْذُونَ <tajweed class=ham_wasl>ٱ</tajweed>للَّهَ وَرَسُولَهُ<tajweed class=madda_normal>ۥ</tajweed> لَعَنَهُمُ <tajweed class=ham_wasl>ٱ</tajweed>للَّهُ فِى <tajweed class=ham_wasl>ٱ</tajweed><tajweed class=laam_shamsiyah>ل</tajweed>دُّنْيَا وَ<tajweed class=ham_wasl>ٱ</tajweed>لْأَخِرَةِ وَأَعَدَّ لَهُمْ عَذَا<tajweed class=idgham_ghunnah>بًا م</tajweed>ُّهِينًا <span class=end>٥٧</span>","End":"٥٧","PageNumber":426,"JuzNumber":22,"ManzilNumber":5,"RukuNumber":367,"MaqraNumber":170,"HizbNumber":43,"HizbDecimal":0.25,"HasSajda":false},{"SurahNumber":33,"SurahIndex":"033","VerseNumber":58,"ShowSurahName":false,"ShowBismillah":false,"Text":"وَٱلَّذِينَ يُؤۡذُونَ ٱلۡمُؤۡمِنِينَ وَٱلۡمُؤۡمِنَٰتِ بِغَيۡرِ مَا ٱكۡتَسَبُواْ فَقَدِ ٱحۡتَمَلُواْ بُهۡتَٰنٗا وَإِثۡمٗا مُّبِينٗا","TajweedText":"وَ<tajweed class=ham_wasl>ٱ</tajweed>لَّذِينَ يُؤْذُونَ <tajweed class=ham_wasl>ٱ</tajweed>لْمُؤْمِنِينَ وَ<tajweed class=ham_wasl>ٱ</tajweed>لْمُؤْمِنَ<tajweed class=madda_normal>ـٰ</tajweed>تِ بِغَيْرِ مَا <tajweed class=ham_wasl>ٱ</tajweed>كْتَسَبُو<tajweed class=slnt>اْ</tajweed> فَقَدِ <tajweed class=ham_wasl>ٱ</tajweed>حْتَمَلُو<tajweed class=slnt>اْ</tajweed> بُهْتَ<tajweed class=madda_normal>ـٰ</tajweed><tajweed class=idgham_ghunnah>نًا و</tajweed>َإِثْ<tajweed class=idgham_ghunnah>مًا م</tajweed>ُّبِينًا <span class=end>٥٨</span>","End":"٥٨","PageNumber":426,"JuzNumber":22,"ManzilNumber":5,"RukuNumber":367,"MaqraNumber":170,"HizbNumber":43,"HizbDecimal":0.25,"HasSajda":false}]}