{"RukuNumber":243,"Verses":[{"SurahNumber":17,"SurahIndex":"017","VerseNumber":31,"ShowSurahName":false,"ShowBismillah":false,"Text":"وَلَا تَقۡتُلُوٓاْ أَوۡلَٰدَكُمۡ خَشۡيَةَ إِمۡلَٰقٖۖ نَّحۡنُ نَرۡزُقُهُمۡ وَإِيَّاكُمۡۚ إِنَّ قَتۡلَهُمۡ كَانَ خِطۡـٔٗا كَبِيرٗا","TajweedText":"وَلَا تَ<tajweed class=qalaqah>قْ</tajweed>تُل<tajweed class=madda_obligatory>ُوٓ</tajweed><tajweed class=slnt>اْ</tajweed> أَوْلَ<tajweed class=madda_normal>ـٰ</tajweed>دَكُمْ خَشْيَةَ إِمْلَ<tajweed class=madda_normal>ـٰ</tajweed><tajweed class=idgham_ghunnah>قٍ‌ۖ ن</tajweed>َّحْنُ نَرْزُقُهُمْ وَإِيَّاكُمْ‌ۚ إِ<tajweed class=ghunnah>نّ</tajweed>َ قَتْلَهُمْ كَانَ خِ<tajweed class=qalaqah>طْ</tajweed>ـ<tajweed class=ikhafa>ـًٔا ك</tajweed>َبِيرًا <span class=end>٣١</span>","End":"٣١","PageNumber":285,"JuzNumber":15,"ManzilNumber":4,"RukuNumber":243,"MaqraNumber":114,"HizbNumber":29,"HizbDecimal":0.25,"HasSajda":false},{"SurahNumber":17,"SurahIndex":"017","VerseNumber":32,"ShowSurahName":false,"ShowBismillah":false,"Text":"وَلَا تَقۡرَبُواْ ٱلزِّنَىٰٓۖ إِنَّهُۥ كَانَ فَٰحِشَةٗ وَسَآءَ سَبِيلٗا","TajweedText":"وَلَا تَ<tajweed class=qalaqah>قْ</tajweed>رَبُو<tajweed class=slnt>اْ</tajweed> <tajweed class=ham_wasl>ٱ</tajweed><tajweed class=laam_shamsiyah>ل</tajweed>زِّنَ<tajweed class=madda_obligatory>ىٰٓ‌ۖ</tajweed> إِ<tajweed class=ghunnah>نّ</tajweed>َهُ<tajweed class=madda_normal>ۥ</tajweed> كَانَ فَ<tajweed class=madda_normal>ـٰ</tajweed>حِشَ<tajweed class=idgham_ghunnah>ةً و</tajweed>َس<tajweed class=madda_obligatory>َا</tajweed>ٓءَ سَبِيلاً <span class=end>٣٢</span>","End":"٣٢","PageNumber":285,"JuzNumber":15,"ManzilNumber":4,"RukuNumber":243,"MaqraNumber":114,"HizbNumber":29,"HizbDecimal":0.25,"HasSajda":false},{"SurahNumber":17,"SurahIndex":"017","VerseNumber":33,"ShowSurahName":false,"ShowBismillah":false,"Text":"وَلَا تَقۡتُلُواْ ٱلنَّفۡسَ ٱلَّتِي حَرَّمَ ٱللَّهُ إِلَّا بِٱلۡحَقِّۗ وَمَن قُتِلَ مَظۡلُومٗا فَقَدۡ جَعَلۡنَا لِوَلِيِّهِۦ سُلۡطَٰنٗا فَلَا يُسۡرِف فِّي ٱلۡقَتۡلِۖ إِنَّهُۥ كَانَ مَنصُورٗا","TajweedText":"وَلَا تَ<tajweed class=qalaqah>قْ</tajweed>تُلُو<tajweed class=slnt>اْ</tajweed> <tajweed class=ham_wasl>ٱ</tajweed><tajweed class=laam_shamsiyah>ل</tajweed><tajweed class=ghunnah>نّ</tajweed>َفْسَ <tajweed class=ham_wasl>ٱ</tajweed>لَّتِى حَرَّمَ <tajweed class=ham_wasl>ٱ</tajweed>للَّهُ إِلَّا بِ<tajweed class=ham_wasl>ٱ</tajweed>لْحَقِّ‌ۗ وَمَ<tajweed class=ikhafa>ن ق</tajweed>ُتِلَ مَظْلُو<tajweed class=ikhafa>مًا ف</tajweed>َقَ<tajweed class=qalaqah>دْ</tajweed> جَعَلْنَا لِوَلِيِّه<tajweed class=madda_normal>ِۦ</tajweed> سُلْطَ<tajweed class=madda_normal>ـٰ</tajweed><tajweed class=ikhafa>نًا ف</tajweed>َلَا يُسْرِف فِّى <tajweed class=ham_wasl>ٱ</tajweed>لْقَتْلِ‌ۖ إِ<tajweed class=ghunnah>نّ</tajweed>َهُ<tajweed class=madda_normal>ۥ</tajweed> كَانَ مَ<tajweed class=ikhafa>نص</tajweed>ُورًا <span class=end>٣٣</span>","End":"٣٣","PageNumber":285,"JuzNumber":15,"ManzilNumber":4,"RukuNumber":243,"MaqraNumber":114,"HizbNumber":29,"HizbDecimal":0.25,"HasSajda":false},{"SurahNumber":17,"SurahIndex":"017","VerseNumber":34,"ShowSurahName":false,"ShowBismillah":false,"Text":"وَلَا تَقۡرَبُواْ مَالَ ٱلۡيَتِيمِ إِلَّا بِٱلَّتِي هِيَ أَحۡسَنُ حَتَّىٰ يَبۡلُغَ أَشُدَّهُۥۚ وَأَوۡفُواْ بِٱلۡعَهۡدِۖ إِنَّ ٱلۡعَهۡدَ كَانَ مَسۡـُٔولٗا","TajweedText":"وَلَا تَ<tajweed class=qalaqah>قْ</tajweed>رَبُو<tajweed class=slnt>اْ</tajweed> مَالَ <tajweed class=ham_wasl>ٱ</tajweed>لْيَتِيمِ إِلَّا بِ<tajweed class=ham_wasl>ٱ</tajweed>لَّتِى هِىَ أَحْسَنُ حَتَّىٰ يَ<tajweed class=qalaqah>بْ</tajweed>لُغَ أَشُدَّهُ<tajweed class=madda_normal>ۥ</tajweed>‌ۚ وَأَوْفُو<tajweed class=slnt>اْ</tajweed> بِ<tajweed class=ham_wasl>ٱ</tajweed>لْعَهْدِ‌ۖ إِ<tajweed class=ghunnah>نّ</tajweed>َ <tajweed class=ham_wasl>ٱ</tajweed>لْعَهْدَ كَانَ مَسْــُٔولاً <span class=end>٣٤</span>","End":"٣٤","PageNumber":285,"JuzNumber":15,"ManzilNumber":4,"RukuNumber":243,"MaqraNumber":114,"HizbNumber":29,"HizbDecimal":0.25,"HasSajda":false},{"SurahNumber":17,"SurahIndex":"017","VerseNumber":35,"ShowSurahName":false,"ShowBismillah":false,"Text":"وَأَوۡفُواْ ٱلۡكَيۡلَ إِذَا كِلۡتُمۡ وَزِنُواْ بِٱلۡقِسۡطَاسِ ٱلۡمُسۡتَقِيمِۚ ذَٰلِكَ خَيۡرٞ وَأَحۡسَنُ تَأۡوِيلٗا","TajweedText":"وَأَوْفُو<tajweed class=slnt>اْ</tajweed> <tajweed class=ham_wasl>ٱ</tajweed>لْكَيْلَ إِذَا كِلْتُمْ وَزِنُو<tajweed class=slnt>اْ</tajweed> بِ<tajweed class=ham_wasl>ٱ</tajweed>لْقِسْطَاسِ <tajweed class=ham_wasl>ٱ</tajweed>لْمُسْتَقِيمِ‌ۚ ذ<tajweed class=madda_normal>َٲ</tajweed>لِكَ خَيْ<tajweed class=idgham_ghunnah>رٌ و</tajweed>َأَحْسَنُ تَأْوِيلاً <span class=end>٣٥</span>","End":"٣٥","PageNumber":285,"JuzNumber":15,"ManzilNumber":4,"RukuNumber":243,"MaqraNumber":114,"HizbNumber":29,"HizbDecimal":0.25,"HasSajda":false},{"SurahNumber":17,"SurahIndex":"017","VerseNumber":36,"ShowSurahName":false,"ShowBismillah":false,"Text":"وَلَا تَقۡفُ مَا لَيۡسَ لَكَ بِهِۦ عِلۡمٌۚ إِنَّ ٱلسَّمۡعَ وَٱلۡبَصَرَ وَٱلۡفُؤَادَ كُلُّ أُوْلَـٰٓئِكَ كَانَ عَنۡهُ مَسۡـُٔولٗا","TajweedText":"وَلَا تَ<tajweed class=qalaqah>قْ</tajweed>فُ مَا لَيْسَ لَكَ بِه<tajweed class=madda_normal>ِۦ</tajweed> عِلْمٌ‌ۚ إِ<tajweed class=ghunnah>نّ</tajweed>َ <tajweed class=ham_wasl>ٱ</tajweed><tajweed class=laam_shamsiyah>ل</tajweed>سَّمْعَ وَ<tajweed class=ham_wasl>ٱ</tajweed>لْبَصَرَ وَ<tajweed class=ham_wasl>ٱ</tajweed>لْفُؤَادَ كُلُّ أُ<tajweed class=slnt>وْ</tajweed>لَ<tajweed class=madda_obligatory>ـٰٓ</tajweed>ئِكَ كَانَ عَنْهُ مَسْــُٔولاً <span class=end>٣٦</span>","End":"٣٦","PageNumber":285,"JuzNumber":15,"ManzilNumber":4,"RukuNumber":243,"MaqraNumber":114,"HizbNumber":29,"HizbDecimal":0.25,"HasSajda":false},{"SurahNumber":17,"SurahIndex":"017","VerseNumber":37,"ShowSurahName":false,"ShowBismillah":false,"Text":"وَلَا تَمۡشِ فِي ٱلۡأَرۡضِ مَرَحًاۖ إِنَّكَ لَن تَخۡرِقَ ٱلۡأَرۡضَ وَلَن تَبۡلُغَ ٱلۡجِبَالَ طُولٗا","TajweedText":"وَلَا تَمْشِ فِى <tajweed class=ham_wasl>ٱ</tajweed>لْأَرْضِ مَرَحًا‌ۖ إِ<tajweed class=ghunnah>نّ</tajweed>َكَ لَ<tajweed class=ikhafa>ن ت</tajweed>َخْرِقَ <tajweed class=ham_wasl>ٱ</tajweed>لْأَرْضَ وَلَ<tajweed class=ikhafa>ن ت</tajweed>َ<tajweed class=qalaqah>بْ</tajweed>لُغَ <tajweed class=ham_wasl>ٱ</tajweed>لْجِبَالَ طُولاً <span class=end>٣٧</span>","End":"٣٧","PageNumber":285,"JuzNumber":15,"ManzilNumber":4,"RukuNumber":243,"MaqraNumber":114,"HizbNumber":29,"HizbDecimal":0.25,"HasSajda":false},{"SurahNumber":17,"SurahIndex":"017","VerseNumber":38,"ShowSurahName":false,"ShowBismillah":false,"Text":"كُلُّ ذَٰلِكَ كَانَ سَيِّئُهُۥ عِندَ رَبِّكَ مَكۡرُوهٗا","TajweedText":"كُلُّ ذ<tajweed class=madda_normal>َٲ</tajweed>لِكَ كَانَ سَيِّئُهُ<tajweed class=madda_normal>ۥ</tajweed> عِ<tajweed class=ikhafa>ند</tajweed>َ رَبِّكَ مَكْرُوهًا <span class=end>٣٨</span>","End":"٣٨","PageNumber":285,"JuzNumber":15,"ManzilNumber":4,"RukuNumber":243,"MaqraNumber":114,"HizbNumber":29,"HizbDecimal":0.25,"HasSajda":false},{"SurahNumber":17,"SurahIndex":"017","VerseNumber":39,"ShowSurahName":false,"ShowBismillah":false,"Text":"ذَٰلِكَ مِمَّآ أَوۡحَىٰٓ إِلَيۡكَ رَبُّكَ مِنَ ٱلۡحِكۡمَةِۗ وَلَا تَجۡعَلۡ مَعَ ٱللَّهِ إِلَٰهًا ءَاخَرَ فَتُلۡقَىٰ فِي جَهَنَّمَ مَلُومٗا مَّدۡحُورًا","TajweedText":"ذ<tajweed class=madda_normal>َٲ</tajweed>لِكَ مِ<tajweed class=ghunnah>مّ</tajweed><tajweed class=madda_obligatory>َآ</tajweed> أَوْحَ<tajweed class=madda_obligatory>ىٰٓ</tajweed> إِلَيْكَ رَبُّكَ مِنَ <tajweed class=ham_wasl>ٱ</tajweed>لْحِكْمَةِ‌ۗ وَلَا تَ<tajweed class=qalaqah>جْ</tajweed>عَلْ مَعَ <tajweed class=ham_wasl>ٱ</tajweed>للَّهِ إِلَ<tajweed class=madda_normal>ـٰ</tajweed>هًا ءَاخَرَ فَتُلْقَىٰ فِى جَهَ<tajweed class=ghunnah>نّ</tajweed>َمَ مَلُو<tajweed class=idgham_ghunnah>مًا م</tajweed>َّ<tajweed class=qalaqah>دْ</tajweed>حُورًا <span class=end>٣٩</span>","End":"٣٩","PageNumber":286,"JuzNumber":15,"ManzilNumber":4,"RukuNumber":243,"MaqraNumber":114,"HizbNumber":29,"HizbDecimal":0.25,"HasSajda":false},{"SurahNumber":17,"SurahIndex":"017","VerseNumber":40,"ShowSurahName":false,"ShowBismillah":false,"Text":"أَفَأَصۡفَىٰكُمۡ رَبُّكُم بِٱلۡبَنِينَ وَٱتَّخَذَ مِنَ ٱلۡمَلَـٰٓئِكَةِ إِنَٰثًاۚ إِنَّكُمۡ لَتَقُولُونَ قَوۡلًا عَظِيمٗا","TajweedText":"أَفَأَصْفَ<tajweed class=madda_normal>ـٰ</tajweed>كُمْ رَبُّك<tajweed class=ikhafa_shafawi>ُم ب</tajweed>ِ<tajweed class=ham_wasl>ٱ</tajweed>لْبَنِينَ وَ<tajweed class=ham_wasl>ٱ</tajweed>تَّخَذَ مِنَ <tajweed class=ham_wasl>ٱ</tajweed>لْمَلَ<tajweed class=madda_obligatory>ـٰٓ</tajweed>ئِكَةِ إِنَ<tajweed class=madda_normal>ـٰ</tajweed>ثًا‌ۚ إِ<tajweed class=ghunnah>نّ</tajweed>َكُمْ لَتَقُولُونَ قَوْلاً عَظِيمًا <span class=end>٤٠</span>","End":"٤٠","PageNumber":286,"JuzNumber":15,"ManzilNumber":4,"RukuNumber":243,"MaqraNumber":114,"HizbNumber":29,"HizbDecimal":0.25,"HasSajda":false}]}