{"RukuNumber":28,"Verses":[{"SurahNumber":2,"SurahIndex":"002","VerseNumber":217,"ShowSurahName":false,"ShowBismillah":false,"Text":"يَسۡـَٔلُونَكَ عَنِ ٱلشَّهۡرِ ٱلۡحَرَامِ قِتَالٖ فِيهِۖ قُلۡ قِتَالٞ فِيهِ كَبِيرٞۚ وَصَدٌّ عَن سَبِيلِ ٱللَّهِ وَكُفۡرُۢ بِهِۦ وَٱلۡمَسۡجِدِ ٱلۡحَرَامِ وَإِخۡرَاجُ أَهۡلِهِۦ مِنۡهُ أَكۡبَرُ عِندَ ٱللَّهِۚ وَٱلۡفِتۡنَةُ أَكۡبَرُ مِنَ ٱلۡقَتۡلِۗ وَلَا يَزَالُونَ يُقَٰتِلُونَكُمۡ حَتَّىٰ يَرُدُّوكُمۡ عَن دِينِكُمۡ إِنِ ٱسۡتَطَٰعُواْۚ وَمَن يَرۡتَدِدۡ مِنكُمۡ عَن دِينِهِۦ فَيَمُتۡ وَهُوَ كَافِرٞ فَأُوْلَـٰٓئِكَ حَبِطَتۡ أَعۡمَٰلُهُمۡ فِي ٱلدُّنۡيَا وَٱلۡأٓخِرَةِۖ وَأُوْلَـٰٓئِكَ أَصۡحَٰبُ ٱلنَّارِۖ هُمۡ فِيهَا خَٰلِدُونَ","TajweedText":"يَسْــَٔلُونَكَ عَنِ <tajweed class=ham_wasl>ٱ</tajweed><tajweed class=laam_shamsiyah>ل</tajweed>شَّهْرِ <tajweed class=ham_wasl>ٱ</tajweed>لْحَرَامِ قِتَا<tajweed class=ikhafa>لٍ ف</tajweed>ِيهِ‌ۖ قُلْ قِتَا<tajweed class=ikhafa>لٌ ف</tajweed>ِيهِ كَبِي<tajweed class=idgham_ghunnah>رٌ‌ۖ و</tajweed>َصَدٌّ عَ<tajweed class=ikhafa>ن س</tajweed>َبِيلِ <tajweed class=ham_wasl>ٱ</tajweed>للَّهِ وَكُفْ<tajweed class=iqlab>رُۢ ب</tajweed>ِه<tajweed class=madda_normal>ِۦ</tajweed> وَ<tajweed class=ham_wasl>ٱ</tajweed>لْمَسْجِدِ <tajweed class=ham_wasl>ٱ</tajweed>لْحَرَامِ وَإِخْرَاجُ أَهْلِه<tajweed class=madda_normal>ِۦ</tajweed> مِنْهُ أَكْبَرُ عِ<tajweed class=ikhafa>ند</tajweed>َ <tajweed class=ham_wasl>ٱ</tajweed>للَّهِ‌ۚ وَ<tajweed class=ham_wasl>ٱ</tajweed>لْفِتْنَةُ أَكْبَرُ مِنَ <tajweed class=ham_wasl>ٱ</tajweed>لْقَتْلِ‌ۗ وَلَا يَزَالُونَ يُقَ<tajweed class=madda_normal>ـٰ</tajweed>تِلُونَكُمْ حَتَّىٰ يَرُدُّوكُمْ عَ<tajweed class=ikhafa>ن د</tajweed>ِينِكُمْ إِنِ <tajweed class=ham_wasl>ٱ</tajweed>سْتَطَ<tajweed class=madda_normal>ـٰ</tajweed>عُو<tajweed class=slnt>اْ‌ۚ</tajweed> وَم<tajweed class=idgham_ghunnah>َن ي</tajweed>َرْتَدِ<tajweed class=qalaqah>دْ</tajweed> مِ<tajweed class=ikhafa>نك</tajweed>ُمْ عَ<tajweed class=ikhafa>ن د</tajweed>ِينِه<tajweed class=madda_normal>ِۦ</tajweed> فَيَمُتْ وَهُوَ كَافِ<tajweed class=ikhafa>رٌ ف</tajweed>َأُ<tajweed class=slnt>وْ</tajweed>لَ<tajweed class=madda_obligatory>ـٰٓ</tajweed>ئِكَ حَبِطَتْ أَعْمَ<tajweed class=madda_normal>ـٰ</tajweed>لُهُمْ فِى <tajweed class=ham_wasl>ٱ</tajweed><tajweed class=laam_shamsiyah>ل</tajweed>دُّنْيَا وَ<tajweed class=ham_wasl>ٱ</tajweed>لْأَخِرَةِ‌ۖ وَأُ<tajweed class=slnt>وْ</tajweed>لَ<tajweed class=madda_obligatory>ـٰٓ</tajweed>ئِكَ أَصْحَ<tajweed class=madda_normal>ـٰ</tajweed>بُ <tajweed class=ham_wasl>ٱ</tajweed><tajweed class=laam_shamsiyah>ل</tajweed><tajweed class=ghunnah>نّ</tajweed>َارِ‌ۖ هُمْ فِيهَا خَ<tajweed class=madda_normal>ـٰ</tajweed>لِد<tajweed class=madda_permissible>ُو</tajweed>نَ <span class=end>٢١٧</span>","End":"٢١٧","PageNumber":34,"JuzNumber":2,"ManzilNumber":1,"RukuNumber":28,"MaqraNumber":13,"HizbNumber":4,"HizbDecimal":0.0,"HasSajda":false},{"SurahNumber":2,"SurahIndex":"002","VerseNumber":218,"ShowSurahName":false,"ShowBismillah":false,"Text":"إِنَّ ٱلَّذِينَ ءَامَنُواْ وَٱلَّذِينَ هَاجَرُواْ وَجَٰهَدُواْ فِي سَبِيلِ ٱللَّهِ أُوْلَـٰٓئِكَ يَرۡجُونَ رَحۡمَتَ ٱللَّهِۚ وَٱللَّهُ غَفُورٞ رَّحِيمٞ","TajweedText":"إِ<tajweed class=ghunnah>نّ</tajweed>َ <tajweed class=ham_wasl>ٱ</tajweed>لَّذِينَ ءَامَنُو<tajweed class=slnt>اْ</tajweed> وَ<tajweed class=ham_wasl>ٱ</tajweed>لَّذِينَ هَاجَرُو<tajweed class=slnt>اْ</tajweed> وَجَ<tajweed class=madda_normal>ـٰ</tajweed>هَدُو<tajweed class=slnt>اْ</tajweed> فِى سَبِيلِ <tajweed class=ham_wasl>ٱ</tajweed>للَّهِ أُ<tajweed class=slnt>وْ</tajweed>لَ<tajweed class=madda_obligatory>ـٰٓ</tajweed>ئِكَ يَرْجُونَ رَحْمَتَ <tajweed class=ham_wasl>ٱ</tajweed>للَّهِ‌ۚ وَ<tajweed class=ham_wasl>ٱ</tajweed>للَّهُ غَفُو<tajweed class=idgham_wo_ghunnah>رٌ ر</tajweed>َّح<tajweed class=madda_permissible>ِي</tajweed>مٌ <span class=end>٢١٨</span>","End":"٢١٨","PageNumber":34,"JuzNumber":2,"ManzilNumber":1,"RukuNumber":28,"MaqraNumber":13,"HizbNumber":4,"HizbDecimal":0.0,"HasSajda":false},{"SurahNumber":2,"SurahIndex":"002","VerseNumber":219,"ShowSurahName":false,"ShowBismillah":false,"Text":"۞يَسۡـَٔلُونَكَ عَنِ ٱلۡخَمۡرِ وَٱلۡمَيۡسِرِۖ قُلۡ فِيهِمَآ إِثۡمٞ كَبِيرٞ وَمَنَٰفِعُ لِلنَّاسِ وَإِثۡمُهُمَآ أَكۡبَرُ مِن نَّفۡعِهِمَاۗ وَيَسۡـَٔلُونَكَ مَاذَا يُنفِقُونَۖ قُلِ ٱلۡعَفۡوَۗ كَذَٰلِكَ يُبَيِّنُ ٱللَّهُ لَكُمُ ٱلۡأٓيَٰتِ لَعَلَّكُمۡ تَتَفَكَّرُونَ","TajweedText":"۞ يَسْــَٔلُونَكَ عَنِ <tajweed class=ham_wasl>ٱ</tajweed>لْخَمْرِ وَ<tajweed class=ham_wasl>ٱ</tajweed>لْمَيْسِرِ‌ۖ قُلْ فِيهِم<tajweed class=madda_obligatory>َآ</tajweed> إِثْ<tajweed class=ikhafa>مٌ ك</tajweed>َبِي<tajweed class=idgham_ghunnah>رٌ و</tajweed>َمَنَ<tajweed class=madda_normal>ـٰ</tajweed>فِعُ لِل<tajweed class=ghunnah>نّ</tajweed>َاسِ وَإِثْمُهُم<tajweed class=madda_obligatory>َآ</tajweed> أَكْبَرُ م<tajweed class=idgham_ghunnah>ِن ن</tajweed>َّفْعِهِمَا‌ۗ وَيَسْــَٔلُونَكَ مَاذَا يُ<tajweed class=ikhafa>نف</tajweed>ِقُونَ قُلِ <tajweed class=ham_wasl>ٱ</tajweed>لْعَفْوَ‌ۗ كَذ<tajweed class=madda_normal>َٲ</tajweed>لِكَ يُبَيِّنُ <tajweed class=ham_wasl>ٱ</tajweed>للَّهُ لَكُمُ <tajweed class=ham_wasl>ٱ</tajweed>لْأَيَ<tajweed class=madda_normal>ـٰ</tajweed>تِ لَعَلَّكُمْ تَتَفَكَّر<tajweed class=madda_permissible>ُو</tajweed>نَ <span class=end>٢١٩</span>","End":"٢١٩","PageNumber":34,"JuzNumber":2,"ManzilNumber":1,"RukuNumber":28,"MaqraNumber":14,"HizbNumber":4,"HizbDecimal":0.25,"HasSajda":false},{"SurahNumber":2,"SurahIndex":"002","VerseNumber":220,"ShowSurahName":false,"ShowBismillah":false,"Text":"فِي ٱلدُّنۡيَا وَٱلۡأٓخِرَةِۗ وَيَسۡـَٔلُونَكَ عَنِ ٱلۡيَتَٰمَىٰۖ قُلۡ إِصۡلَاحٞ لَّهُمۡ خَيۡرٞۖ وَإِن تُخَالِطُوهُمۡ فَإِخۡوَٰنُكُمۡۚ وَٱللَّهُ يَعۡلَمُ ٱلۡمُفۡسِدَ مِنَ ٱلۡمُصۡلِحِۚ وَلَوۡ شَآءَ ٱللَّهُ لَأَعۡنَتَكُمۡۚ إِنَّ ٱللَّهَ عَزِيزٌ حَكِيمٞ","TajweedText":"فِى <tajweed class=ham_wasl>ٱ</tajweed><tajweed class=laam_shamsiyah>ل</tajweed>دُّنْيَا وَ<tajweed class=ham_wasl>ٱ</tajweed>لْأَخِرَةِ‌ۗ وَيَسْــَٔلُونَكَ عَنِ <tajweed class=ham_wasl>ٱ</tajweed>لْيَتَ<tajweed class=madda_normal>ـٰ</tajweed>مَىٰ‌ۖ قُلْ إِصْلَا<tajweed class=idgham_wo_ghunnah>حٌ ل</tajweed>َّهُمْ خَيْ<tajweed class=idgham_ghunnah>رٌ‌ۖ و</tajweed>َإِ<tajweed class=ikhafa>ن ت</tajweed>ُخَالِطُوهُمْ فَإِخْو<tajweed class=madda_normal>َٲ</tajweed>نُكُمْ‌ۚ وَ<tajweed class=ham_wasl>ٱ</tajweed>للَّهُ يَعْلَمُ <tajweed class=ham_wasl>ٱ</tajweed>لْمُفْسِدَ مِنَ <tajweed class=ham_wasl>ٱ</tajweed>لْمُصْلِحِ‌ۚ وَلَوْ ش<tajweed class=madda_obligatory>َا</tajweed>ٓءَ <tajweed class=ham_wasl>ٱ</tajweed>للَّهُ لَأَعْنَتَكُمْ‌ۚ إِ<tajweed class=ghunnah>نّ</tajweed>َ <tajweed class=ham_wasl>ٱ</tajweed>للَّهَ عَزِيزٌ حَك<tajweed class=madda_permissible>ِي</tajweed>مٌ <span class=end>٢٢٠</span>","End":"٢٢٠","PageNumber":35,"JuzNumber":2,"ManzilNumber":1,"RukuNumber":28,"MaqraNumber":14,"HizbNumber":4,"HizbDecimal":0.25,"HasSajda":false},{"SurahNumber":2,"SurahIndex":"002","VerseNumber":221,"ShowSurahName":false,"ShowBismillah":false,"Text":"وَلَا تَنكِحُواْ ٱلۡمُشۡرِكَٰتِ حَتَّىٰ يُؤۡمِنَّۚ وَلَأَمَةٞ مُّؤۡمِنَةٌ خَيۡرٞ مِّن مُّشۡرِكَةٖ وَلَوۡ أَعۡجَبَتۡكُمۡۗ وَلَا تُنكِحُواْ ٱلۡمُشۡرِكِينَ حَتَّىٰ يُؤۡمِنُواْۚ وَلَعَبۡدٞ مُّؤۡمِنٌ خَيۡرٞ مِّن مُّشۡرِكٖ وَلَوۡ أَعۡجَبَكُمۡۗ أُوْلَـٰٓئِكَ يَدۡعُونَ إِلَى ٱلنَّارِۖ وَٱللَّهُ يَدۡعُوٓاْ إِلَى ٱلۡجَنَّةِ وَٱلۡمَغۡفِرَةِ بِإِذۡنِهِۦۖ وَيُبَيِّنُ ءَايَٰتِهِۦ لِلنَّاسِ لَعَلَّهُمۡ يَتَذَكَّرُونَ","TajweedText":"وَلَا تَ<tajweed class=ikhafa>نك</tajweed>ِحُو<tajweed class=slnt>اْ</tajweed> <tajweed class=ham_wasl>ٱ</tajweed>لْمُشْرِكَ<tajweed class=madda_normal>ـٰ</tajweed>تِ حَتَّىٰ يُؤْمِ<tajweed class=ghunnah>نّ</tajweed>َ‌ۚ وَلَأَمَ<tajweed class=idgham_ghunnah>ةٌ م</tajweed>ُّؤْمِنَةٌ خَيْ<tajweed class=idgham_ghunnah>رٌ م</tajweed>ّ<tajweed class=idgham_ghunnah>ِن م</tajweed>ُّشْرِكَ<tajweed class=idgham_ghunnah>ةٍ و</tajweed>َلَوْ أَعْجَبَتْكُمْ‌ۗ وَلَا تُ<tajweed class=ikhafa>نك</tajweed>ِحُو<tajweed class=slnt>اْ</tajweed> <tajweed class=ham_wasl>ٱ</tajweed>لْمُشْرِكِينَ حَتَّىٰ يُؤْمِنُو<tajweed class=slnt>اْ‌ۚ</tajweed> وَلَعَ<tajweed class=qalaqah>بْ</tajweed><tajweed class=idgham_ghunnah>دٌ م</tajweed>ُّؤْمِنٌ خَيْ<tajweed class=idgham_ghunnah>رٌ م</tajweed>ّ<tajweed class=idgham_ghunnah>ِن م</tajweed>ُّشْرِ<tajweed class=idgham_ghunnah>كٍ و</tajweed>َلَوْ أَعْجَبَكُمْ‌ۗ أُ<tajweed class=slnt>وْ</tajweed>لَ<tajweed class=madda_obligatory>ـٰٓ</tajweed>ئِكَ يَ<tajweed class=qalaqah>دْ</tajweed>عُونَ إِلَى <tajweed class=ham_wasl>ٱ</tajweed><tajweed class=laam_shamsiyah>ل</tajweed><tajweed class=ghunnah>نّ</tajweed>َارِ‌ۖ وَ<tajweed class=ham_wasl>ٱ</tajweed>للَّهُ يَ<tajweed class=qalaqah>دْ</tajweed>ع<tajweed class=madda_obligatory>ُوٓ</tajweed><tajweed class=slnt>اْ</tajweed> إِلَى <tajweed class=ham_wasl>ٱ</tajweed>لْجَ<tajweed class=ghunnah>نّ</tajweed>َةِ وَ<tajweed class=ham_wasl>ٱ</tajweed>لْمَغْفِرَةِ بِإِذْنِه<tajweed class=madda_normal>ِۦ</tajweed>‌ۖ وَيُبَيِّنُ ءَايَ<tajweed class=madda_normal>ـٰ</tajweed>تِه<tajweed class=madda_normal>ِۦ</tajweed> لِل<tajweed class=ghunnah>نّ</tajweed>َاسِ لَعَلَّهُمْ يَتَذَكَّر<tajweed class=madda_permissible>ُو</tajweed>نَ <span class=end>٢٢١</span>","End":"٢٢١","PageNumber":35,"JuzNumber":2,"ManzilNumber":1,"RukuNumber":28,"MaqraNumber":14,"HizbNumber":4,"HizbDecimal":0.25,"HasSajda":false}]}