{"RukuNumber":209,"Verses":[{"SurahNumber":13,"SurahIndex":"013","VerseNumber":32,"ShowSurahName":false,"ShowBismillah":false,"Text":"وَلَقَدِ ٱسۡتُهۡزِئَ بِرُسُلٖ مِّن قَبۡلِكَ فَأَمۡلَيۡتُ لِلَّذِينَ كَفَرُواْ ثُمَّ أَخَذۡتُهُمۡۖ فَكَيۡفَ كَانَ عِقَابِ","TajweedText":"وَلَقَدِ <tajweed class=ham_wasl>ٱ</tajweed>سْتُهْزِئَ بِرُسُ<tajweed class=idgham_ghunnah>لٍ م</tajweed>ِّ<tajweed class=ikhafa>ن ق</tajweed>َ<tajweed class=qalaqah>بْ</tajweed>لِكَ فَأَمْلَيْتُ لِلَّذِينَ كَفَرُو<tajweed class=slnt>اْ</tajweed> ثُ<tajweed class=ghunnah>مّ</tajweed>َ أَخَذْتُهُمْ‌ۖ فَكَيْفَ كَانَ عِق<tajweed class=madda_permissible>َا</tajweed><tajweed class=qalaqah>ب</tajweed>ِ <span class=end>٣٢</span>","End":"٣٢","PageNumber":253,"JuzNumber":13,"ManzilNumber":3,"RukuNumber":209,"MaqraNumber":101,"HizbNumber":26,"HizbDecimal":0.0,"HasSajda":false},{"SurahNumber":13,"SurahIndex":"013","VerseNumber":33,"ShowSurahName":false,"ShowBismillah":false,"Text":"أَفَمَنۡ هُوَ قَآئِمٌ عَلَىٰ كُلِّ نَفۡسِۭ بِمَا كَسَبَتۡۗ وَجَعَلُواْ لِلَّهِ شُرَكَآءَ قُلۡ سَمُّوهُمۡۚ أَمۡ تُنَبِّـُٔونَهُۥ بِمَا لَا يَعۡلَمُ فِي ٱلۡأَرۡضِ أَم بِظَٰهِرٖ مِّنَ ٱلۡقَوۡلِۗ بَلۡ زُيِّنَ لِلَّذِينَ كَفَرُواْ مَكۡرُهُمۡ وَصُدُّواْ عَنِ ٱلسَّبِيلِۗ وَمَن يُضۡلِلِ ٱللَّهُ فَمَا لَهُۥ مِنۡ هَادٖ","TajweedText":"أَفَمَنْ هُوَ ق<tajweed class=madda_obligatory>َا</tajweed>ٓئِمٌ عَلَىٰ كُلِّ نَفْ<tajweed class=iqlab>سِۭ ب</tajweed>ِمَا كَسَبَتْ‌ۗ وَجَعَلُو<tajweed class=slnt>اْ</tajweed> لِلَّهِ شُرَك<tajweed class=madda_obligatory>َا</tajweed>ٓءَ قُلْ سَ<tajweed class=ghunnah>مّ</tajweed>ُوهُمْ‌ۚ أَمْ تُنَبِّــُٔونَهُ<tajweed class=madda_normal>ۥ</tajweed> بِمَا لَا يَعْلَمُ فِى <tajweed class=ham_wasl>ٱ</tajweed>لْأَرْضِ أ<tajweed class=ikhafa_shafawi>َم ب</tajweed>ِظَ<tajweed class=madda_normal>ـٰ</tajweed>هِ<tajweed class=idgham_ghunnah>رٍ م</tajweed>ِّنَ <tajweed class=ham_wasl>ٱ</tajweed>لْقَوْلِ‌ۗ بَلْ زُيِّنَ لِلَّذِينَ كَفَرُو<tajweed class=slnt>اْ</tajweed> مَكْرُهُمْ وَصُدُّو<tajweed class=slnt>اْ</tajweed> عَنِ <tajweed class=ham_wasl>ٱ</tajweed><tajweed class=laam_shamsiyah>ل</tajweed>سَّبِيلِ‌ۗ وَم<tajweed class=idgham_ghunnah>َن ي</tajweed>ُضْلِلِ <tajweed class=ham_wasl>ٱ</tajweed>للَّهُ فَمَا لَهُ<tajweed class=madda_normal>ۥ</tajweed> مِنْ ه<tajweed class=madda_permissible>َا</tajweed><tajweed class=qalaqah>د</tajweed>ٍ <span class=end>٣٣</span>","End":"٣٣","PageNumber":253,"JuzNumber":13,"ManzilNumber":3,"RukuNumber":209,"MaqraNumber":101,"HizbNumber":26,"HizbDecimal":0.0,"HasSajda":false},{"SurahNumber":13,"SurahIndex":"013","VerseNumber":34,"ShowSurahName":false,"ShowBismillah":false,"Text":"لَّهُمۡ عَذَابٞ فِي ٱلۡحَيَوٰةِ ٱلدُّنۡيَاۖ وَلَعَذَابُ ٱلۡأٓخِرَةِ أَشَقُّۖ وَمَا لَهُم مِّنَ ٱللَّهِ مِن وَاقٖ","TajweedText":"لَّهُمْ عَذَا<tajweed class=ikhafa>بٌ ف</tajweed>ِى <tajweed class=ham_wasl>ٱ</tajweed>لْحَيَ<tajweed class=slnt>و</tajweed><tajweed class=madda_normal>ٲ</tajweed>ةِ <tajweed class=ham_wasl>ٱ</tajweed><tajweed class=laam_shamsiyah>ل</tajweed>دُّنْيَا‌ۖ وَلَعَذَابُ <tajweed class=ham_wasl>ٱ</tajweed>لْأَخِرَةِ أَشَقُّ‌ۖ وَمَا لَه<tajweed class=idgham_shafawi>ُم م</tajweed>ِّنَ <tajweed class=ham_wasl>ٱ</tajweed>للَّهِ م<tajweed class=idgham_ghunnah>ِن و</tajweed><tajweed class=madda_permissible>َا</tajweed><tajweed class=qalaqah>ق</tajweed>ٍ <span class=end>٣٤</span>","End":"٣٤","PageNumber":253,"JuzNumber":13,"ManzilNumber":3,"RukuNumber":209,"MaqraNumber":101,"HizbNumber":26,"HizbDecimal":0.0,"HasSajda":false},{"SurahNumber":13,"SurahIndex":"013","VerseNumber":35,"ShowSurahName":false,"ShowBismillah":false,"Text":"۞مَّثَلُ ٱلۡجَنَّةِ ٱلَّتِي وُعِدَ ٱلۡمُتَّقُونَۖ تَجۡرِي مِن تَحۡتِهَا ٱلۡأَنۡهَٰرُۖ أُكُلُهَا دَآئِمٞ وَظِلُّهَاۚ تِلۡكَ عُقۡبَى ٱلَّذِينَ ٱتَّقَواْۚ وَّعُقۡبَى ٱلۡكَٰفِرِينَ ٱلنَّارُ","TajweedText":"۞ مَّثَلُ <tajweed class=ham_wasl>ٱ</tajweed>لْجَ<tajweed class=ghunnah>نّ</tajweed>َةِ <tajweed class=ham_wasl>ٱ</tajweed>لَّتِى وُعِدَ <tajweed class=ham_wasl>ٱ</tajweed>لْمُتَّقُونَ‌ۖ تَ<tajweed class=qalaqah>جْ</tajweed>رِى مِ<tajweed class=ikhafa>ن ت</tajweed>َحْتِهَا <tajweed class=ham_wasl>ٱ</tajweed>لْأَنْهَ<tajweed class=madda_normal>ـٰ</tajweed>رُ‌ۖ أُكُلُهَا د<tajweed class=madda_obligatory>َا</tajweed>ٓئِ<tajweed class=idgham_ghunnah>مٌ و</tajweed>َظِلُّهَا‌ۚ تِلْكَ عُ<tajweed class=qalaqah>قْ</tajweed>بَى <tajweed class=ham_wasl>ٱ</tajweed>لَّذِينَ <tajweed class=ham_wasl>ٱ</tajweed>تَّقَو<tajweed class=slnt>اْ‌ۖ</tajweed> وَّعُ<tajweed class=qalaqah>قْ</tajweed>بَى <tajweed class=ham_wasl>ٱ</tajweed>لْكَ<tajweed class=madda_normal>ـٰ</tajweed>فِرِينَ <tajweed class=ham_wasl>ٱ</tajweed><tajweed class=laam_shamsiyah>ل</tajweed><tajweed class=ghunnah>نّ</tajweed><tajweed class=madda_permissible>َا</tajweed>رُ <span class=end>٣٥</span>","End":"٣٥","PageNumber":254,"JuzNumber":13,"ManzilNumber":3,"RukuNumber":209,"MaqraNumber":102,"HizbNumber":26,"HizbDecimal":0.25,"HasSajda":false},{"SurahNumber":13,"SurahIndex":"013","VerseNumber":36,"ShowSurahName":false,"ShowBismillah":false,"Text":"وَٱلَّذِينَ ءَاتَيۡنَٰهُمُ ٱلۡكِتَٰبَ يَفۡرَحُونَ بِمَآ أُنزِلَ إِلَيۡكَۖ وَمِنَ ٱلۡأَحۡزَابِ مَن يُنكِرُ بَعۡضَهُۥۚ قُلۡ إِنَّمَآ أُمِرۡتُ أَنۡ أَعۡبُدَ ٱللَّهَ وَلَآ أُشۡرِكَ بِهِۦٓۚ إِلَيۡهِ أَدۡعُواْ وَإِلَيۡهِ مَـَٔابِ","TajweedText":"وَ<tajweed class=ham_wasl>ٱ</tajweed>لَّذِينَ ءَاتَيْنَ<tajweed class=madda_normal>ـٰ</tajweed>هُمُ <tajweed class=ham_wasl>ٱ</tajweed>لْكِتَ<tajweed class=madda_normal>ـٰ</tajweed>بَ يَفْرَحُونَ بِم<tajweed class=madda_obligatory>َآ</tajweed> أُ<tajweed class=ikhafa>نز</tajweed>ِلَ إِلَيْكَ‌ۖ وَمِنَ <tajweed class=ham_wasl>ٱ</tajweed>لْأَحْزَابِ م<tajweed class=idgham_ghunnah>َن ي</tajweed>ُ<tajweed class=ikhafa>نك</tajweed>ِرُ بَعْضَهُ<tajweed class=madda_normal>ۥ</tajweed>‌ۚ قُلْ إِ<tajweed class=ghunnah>نّ</tajweed>َم<tajweed class=madda_obligatory>َآ</tajweed> أُمِرْتُ أَنْ أَعْبُدَ <tajweed class=ham_wasl>ٱ</tajweed>للَّهَ وَل<tajweed class=madda_obligatory>َآ</tajweed> أُشْرِكَ بِه<tajweed class=madda_obligatory>ِۦٓ‌ۚ</tajweed> إِلَيْهِ أَ<tajweed class=qalaqah>دْ</tajweed>عُو<tajweed class=slnt>اْ</tajweed> وَإِلَيْهِ مَـَٔـ<tajweed class=madda_permissible>ا</tajweed><tajweed class=qalaqah>ب</tajweed>ِ <span class=end>٣٦</span>","End":"٣٦","PageNumber":254,"JuzNumber":13,"ManzilNumber":3,"RukuNumber":209,"MaqraNumber":102,"HizbNumber":26,"HizbDecimal":0.25,"HasSajda":false},{"SurahNumber":13,"SurahIndex":"013","VerseNumber":37,"ShowSurahName":false,"ShowBismillah":false,"Text":"وَكَذَٰلِكَ أَنزَلۡنَٰهُ حُكۡمًا عَرَبِيّٗاۚ وَلَئِنِ ٱتَّبَعۡتَ أَهۡوَآءَهُم بَعۡدَ مَا جَآءَكَ مِنَ ٱلۡعِلۡمِ مَا لَكَ مِنَ ٱللَّهِ مِن وَلِيّٖ وَلَا وَاقٖ","TajweedText":"وَكَذ<tajweed class=madda_normal>َٲ</tajweed>لِكَ أَ<tajweed class=ikhafa>نز</tajweed>َلْنَ<tajweed class=madda_normal>ـٰ</tajweed>هُ حُكْمًا عَرَبِي<tajweed class=idgham_ghunnah>ًّا‌ۚ و</tajweed>َلَئِنِ <tajweed class=ham_wasl>ٱ</tajweed>تَّبَعْتَ أَهْو<tajweed class=madda_obligatory>َا</tajweed>ٓءَه<tajweed class=ikhafa_shafawi>ُم ب</tajweed>َعْدَمَا ج<tajweed class=madda_obligatory>َا</tajweed>ٓءَكَ مِنَ <tajweed class=ham_wasl>ٱ</tajweed>لْعِلْمِ مَا لَكَ مِنَ <tajweed class=ham_wasl>ٱ</tajweed>للَّهِ م<tajweed class=idgham_ghunnah>ِن و</tajweed>َلِ<tajweed class=idgham_ghunnah>ىٍّ و</tajweed>َلَا و<tajweed class=madda_permissible>َا</tajweed><tajweed class=qalaqah>ق</tajweed>ٍ <span class=end>٣٧</span>","End":"٣٧","PageNumber":254,"JuzNumber":13,"ManzilNumber":3,"RukuNumber":209,"MaqraNumber":102,"HizbNumber":26,"HizbDecimal":0.25,"HasSajda":false}]}