{"RukuNumber":509,"Verses":[{"SurahNumber":73,"SurahIndex":"073","VerseNumber":20,"ShowSurahName":false,"ShowBismillah":false,"Text":"۞إِنَّ رَبَّكَ يَعۡلَمُ أَنَّكَ تَقُومُ أَدۡنَىٰ مِن ثُلُثَيِ ٱلَّيۡلِ وَنِصۡفَهُۥ وَثُلُثَهُۥ وَطَآئِفَةٞ مِّنَ ٱلَّذِينَ مَعَكَۚ وَٱللَّهُ يُقَدِّرُ ٱلَّيۡلَ وَٱلنَّهَارَۚ عَلِمَ أَن لَّن تُحۡصُوهُ فَتَابَ عَلَيۡكُمۡۖ فَٱقۡرَءُواْ مَا تَيَسَّرَ مِنَ ٱلۡقُرۡءَانِۚ عَلِمَ أَن سَيَكُونُ مِنكُم مَّرۡضَىٰ وَءَاخَرُونَ يَضۡرِبُونَ فِي ٱلۡأَرۡضِ يَبۡتَغُونَ مِن فَضۡلِ ٱللَّهِ وَءَاخَرُونَ يُقَٰتِلُونَ فِي سَبِيلِ ٱللَّهِۖ فَٱقۡرَءُواْ مَا تَيَسَّرَ مِنۡهُۚ وَأَقِيمُواْ ٱلصَّلَوٰةَ وَءَاتُواْ ٱلزَّكَوٰةَ وَأَقۡرِضُواْ ٱللَّهَ قَرۡضًا حَسَنٗاۚ وَمَا تُقَدِّمُواْ لِأَنفُسِكُم مِّنۡ خَيۡرٖ تَجِدُوهُ عِندَ ٱللَّهِ هُوَ خَيۡرٗا وَأَعۡظَمَ أَجۡرٗاۚ وَٱسۡتَغۡفِرُواْ ٱللَّهَۖ إِنَّ ٱللَّهَ غَفُورٞ رَّحِيمُۢ","TajweedText":"۞ إِ<tajweed class=ghunnah>نّ</tajweed>َ رَبَّكَ يَعْلَمُ أَ<tajweed class=ghunnah>نّ</tajweed>َكَ تَقُومُ أَ<tajweed class=qalaqah>دْ</tajweed>نَىٰ مِ<tajweed class=ikhafa>ن ث</tajweed>ُلُثَىِ <tajweed class=ham_wasl>ٱ</tajweed>لَّيْلِ وَنِصْفَهُ<tajweed class=madda_normal>ۥ</tajweed> وَثُلُثَهُ<tajweed class=madda_normal>ۥ</tajweed> وَط<tajweed class=madda_obligatory>َا</tajweed>ٓئِفَ<tajweed class=idgham_ghunnah>ةٌ م</tajweed>ِّنَ <tajweed class=ham_wasl>ٱ</tajweed>لَّذِينَ مَعَكَ‌ۚ وَ<tajweed class=ham_wasl>ٱ</tajweed>للَّهُ يُقَدِّرُ <tajweed class=ham_wasl>ٱ</tajweed>لَّيْلَ وَ<tajweed class=ham_wasl>ٱ</tajweed><tajweed class=laam_shamsiyah>ل</tajweed><tajweed class=ghunnah>نّ</tajweed>َهَارَ‌ۚ عَلِمَ أ<tajweed class=idgham_wo_ghunnah>َن ل</tajweed>َّ<tajweed class=ikhafa>ن ت</tajweed>ُحْصُوهُ فَتَابَ عَلَيْكُمْ‌ۖ فَ<tajweed class=ham_wasl>ٱ</tajweed><tajweed class=qalaqah>قْ</tajweed>رَءُو<tajweed class=slnt>اْ</tajweed> مَا تَيَسَّرَ مِنَ <tajweed class=ham_wasl>ٱ</tajweed>لْقُرْءَانِ‌ۚ عَلِمَ أَ<tajweed class=ikhafa>ن س</tajweed>َيَكُونُ مِ<tajweed class=ikhafa>نك</tajweed><tajweed class=idgham_shafawi>ُم م</tajweed>َّرْضَىٰ‌ۙ وَءَاخَرُونَ يَضْرِبُونَ فِى <tajweed class=ham_wasl>ٱ</tajweed>لْأَرْضِ يَ<tajweed class=qalaqah>بْ</tajweed>تَغُونَ مِ<tajweed class=ikhafa>ن ف</tajweed>َضْلِ <tajweed class=ham_wasl>ٱ</tajweed>للَّهِ‌ۙ وَءَاخَرُونَ يُقَ<tajweed class=madda_normal>ـٰ</tajweed>تِلُونَ فِى سَبِيلِ <tajweed class=ham_wasl>ٱ</tajweed>للَّهِ‌ۖ فَ<tajweed class=ham_wasl>ٱ</tajweed><tajweed class=qalaqah>قْ</tajweed>رَءُو<tajweed class=slnt>اْ</tajweed> مَا تَيَسَّرَ مِنْهُ‌ۚ وَأَقِيمُو<tajweed class=slnt>اْ</tajweed> <tajweed class=ham_wasl>ٱ</tajweed><tajweed class=laam_shamsiyah>ل</tajweed>صَّلَ<tajweed class=slnt>و</tajweed><tajweed class=madda_normal>ٲ</tajweed>ةَ وَءَاتُو<tajweed class=slnt>اْ</tajweed> <tajweed class=ham_wasl>ٱ</tajweed><tajweed class=laam_shamsiyah>ل</tajweed>زَّكَ<tajweed class=slnt>و</tajweed><tajweed class=madda_normal>ٲ</tajweed>ةَ وَأَ<tajweed class=qalaqah>قْ</tajweed>رِضُو<tajweed class=slnt>اْ</tajweed> <tajweed class=ham_wasl>ٱ</tajweed>للَّهَ قَرْضًا حَسَ<tajweed class=idgham_ghunnah>نًا‌ۚ و</tajweed>َمَا تُقَدِّمُو<tajweed class=slnt>اْ</tajweed> لِأَ<tajweed class=ikhafa>نف</tajweed>ُسِك<tajweed class=idgham_shafawi>ُم م</tajweed>ِّنْ خَيْ<tajweed class=ikhafa>رٍ ت</tajweed>َجِدُوهُ عِ<tajweed class=ikhafa>ند</tajweed>َ <tajweed class=ham_wasl>ٱ</tajweed>للَّهِ هُوَ خَيْ<tajweed class=idgham_ghunnah>رًا و</tajweed>َأَعْظَمَ أَ<tajweed class=qalaqah>جْ</tajweed><tajweed class=idgham_ghunnah>رًا‌ۚ و</tajweed>َ<tajweed class=ham_wasl>ٱ</tajweed>سْتَغْفِرُو<tajweed class=slnt>اْ</tajweed> <tajweed class=ham_wasl>ٱ</tajweed>للَّهَ‌ۖ إِ<tajweed class=ghunnah>نّ</tajweed>َ <tajweed class=ham_wasl>ٱ</tajweed>للَّهَ غَفُو<tajweed class=idgham_wo_ghunnah>رٌ ر</tajweed>َّح<tajweed class=madda_permissible>ِي</tajweed>مُۢ <span class=end>٢٠</span>","End":"٢٠","PageNumber":575,"JuzNumber":29,"ManzilNumber":7,"RukuNumber":509,"MaqraNumber":230,"HizbNumber":58,"HizbDecimal":0.25,"HasSajda":false}]}