{"RukuNumber":543,"Verses":[{"SurahNumber":101,"SurahIndex":"101","VerseNumber":1,"ShowSurahName":true,"ShowBismillah":true,"Text":"ٱلۡقَارِعَةُ","TajweedText":"ٱلْقَارِعَةُ <span class=end>١</span>","End":"١","PageNumber":600,"JuzNumber":30,"ManzilNumber":7,"RukuNumber":543,"MaqraNumber":240,"HizbNumber":60,"HizbDecimal":0.75,"HasSajda":false},{"SurahNumber":101,"SurahIndex":"101","VerseNumber":2,"ShowSurahName":false,"ShowBismillah":false,"Text":"مَا ٱلۡقَارِعَةُ","TajweedText":"مَا <tajweed class=ham_wasl>ٱ</tajweed>لْقَارِعَةُ <span class=end>٢</span>","End":"٢","PageNumber":600,"JuzNumber":30,"ManzilNumber":7,"RukuNumber":543,"MaqraNumber":240,"HizbNumber":60,"HizbDecimal":0.75,"HasSajda":false},{"SurahNumber":101,"SurahIndex":"101","VerseNumber":3,"ShowSurahName":false,"ShowBismillah":false,"Text":"وَمَآ أَدۡرَىٰكَ مَا ٱلۡقَارِعَةُ","TajweedText":"وَم<tajweed class=madda_obligatory>َآ</tajweed> أَ<tajweed class=qalaqah>دْ</tajweed>رَ<tajweed class=madda_normal>ٮٰ</tajweed>كَ مَا <tajweed class=ham_wasl>ٱ</tajweed>لْقَارِعَةُ <span class=end>٣</span>","End":"٣","PageNumber":600,"JuzNumber":30,"ManzilNumber":7,"RukuNumber":543,"MaqraNumber":240,"HizbNumber":60,"HizbDecimal":0.75,"HasSajda":false},{"SurahNumber":101,"SurahIndex":"101","VerseNumber":4,"ShowSurahName":false,"ShowBismillah":false,"Text":"يَوۡمَ يَكُونُ ٱلنَّاسُ كَٱلۡفَرَاشِ ٱلۡمَبۡثُوثِ","TajweedText":"يَوْمَ يَكُونُ <tajweed class=ham_wasl>ٱ</tajweed><tajweed class=laam_shamsiyah>ل</tajweed><tajweed class=ghunnah>نّ</tajweed>َاسُ كَ<tajweed class=ham_wasl>ٱ</tajweed>لْفَرَاشِ <tajweed class=ham_wasl>ٱ</tajweed>لْمَ<tajweed class=qalaqah>بْ</tajweed>ث<tajweed class=madda_permissible>ُو</tajweed>ثِ <span class=end>٤</span>","End":"٤","PageNumber":600,"JuzNumber":30,"ManzilNumber":7,"RukuNumber":543,"MaqraNumber":240,"HizbNumber":60,"HizbDecimal":0.75,"HasSajda":false},{"SurahNumber":101,"SurahIndex":"101","VerseNumber":5,"ShowSurahName":false,"ShowBismillah":false,"Text":"وَتَكُونُ ٱلۡجِبَالُ كَٱلۡعِهۡنِ ٱلۡمَنفُوشِ","TajweedText":"وَتَكُونُ <tajweed class=ham_wasl>ٱ</tajweed>لْجِبَالُ كَ<tajweed class=ham_wasl>ٱ</tajweed>لْعِهْنِ <tajweed class=ham_wasl>ٱ</tajweed>لْمَ<tajweed class=ikhafa>نف</tajweed><tajweed class=madda_permissible>ُو</tajweed>شِ <span class=end>٥</span>","End":"٥","PageNumber":600,"JuzNumber":30,"ManzilNumber":7,"RukuNumber":543,"MaqraNumber":240,"HizbNumber":60,"HizbDecimal":0.75,"HasSajda":false},{"SurahNumber":101,"SurahIndex":"101","VerseNumber":6,"ShowSurahName":false,"ShowBismillah":false,"Text":"فَأَمَّا مَن ثَقُلَتۡ مَوَٰزِينُهُۥ","TajweedText":"فَأَ<tajweed class=ghunnah>مّ</tajweed>َا مَ<tajweed class=ikhafa>ن ث</tajweed>َقُلَتْ مَو<tajweed class=madda_normal>َٲ</tajweed>زِينُهُۥ <span class=end>٦</span>","End":"٦","PageNumber":600,"JuzNumber":30,"ManzilNumber":7,"RukuNumber":543,"MaqraNumber":240,"HizbNumber":60,"HizbDecimal":0.75,"HasSajda":false},{"SurahNumber":101,"SurahIndex":"101","VerseNumber":7,"ShowSurahName":false,"ShowBismillah":false,"Text":"فَهُوَ فِي عِيشَةٖ رَّاضِيَةٖ","TajweedText":"فَهُوَ فِى عِيشَ<tajweed class=idgham_wo_ghunnah>ةٍ ر</tajweed>َّاضِيَةٍ <span class=end>٧</span>","End":"٧","PageNumber":600,"JuzNumber":30,"ManzilNumber":7,"RukuNumber":543,"MaqraNumber":240,"HizbNumber":60,"HizbDecimal":0.75,"HasSajda":false},{"SurahNumber":101,"SurahIndex":"101","VerseNumber":8,"ShowSurahName":false,"ShowBismillah":false,"Text":"وَأَمَّا مَنۡ خَفَّتۡ مَوَٰزِينُهُۥ","TajweedText":"وَأَ<tajweed class=ghunnah>مّ</tajweed>َا مَنْ خَفَّتْ مَو<tajweed class=madda_normal>َٲ</tajweed>زِينُهُۥ <span class=end>٨</span>","End":"٨","PageNumber":600,"JuzNumber":30,"ManzilNumber":7,"RukuNumber":543,"MaqraNumber":240,"HizbNumber":60,"HizbDecimal":0.75,"HasSajda":false},{"SurahNumber":101,"SurahIndex":"101","VerseNumber":9,"ShowSurahName":false,"ShowBismillah":false,"Text":"فَأُمُّهُۥ هَاوِيَةٞ","TajweedText":"فَأُ<tajweed class=ghunnah>مّ</tajweed>ُهُ<tajweed class=madda_normal>ۥ</tajweed> هَاوِيَةٌ <span class=end>٩</span>","End":"٩","PageNumber":600,"JuzNumber":30,"ManzilNumber":7,"RukuNumber":543,"MaqraNumber":240,"HizbNumber":60,"HizbDecimal":0.75,"HasSajda":false},{"SurahNumber":101,"SurahIndex":"101","VerseNumber":10,"ShowSurahName":false,"ShowBismillah":false,"Text":"وَمَآ أَدۡرَىٰكَ مَا هِيَهۡ","TajweedText":"وَم<tajweed class=madda_obligatory>َآ</tajweed> أَ<tajweed class=qalaqah>دْ</tajweed>رَ<tajweed class=madda_normal>ٮٰ</tajweed>كَ مَا هِيَهْ <span class=end>١٠</span>","End":"١٠","PageNumber":600,"JuzNumber":30,"ManzilNumber":7,"RukuNumber":543,"MaqraNumber":240,"HizbNumber":60,"HizbDecimal":0.75,"HasSajda":false},{"SurahNumber":101,"SurahIndex":"101","VerseNumber":11,"ShowSurahName":false,"ShowBismillah":false,"Text":"نَارٌ حَامِيَةُۢ","TajweedText":"نَارٌ حَامِيَةُۢ <span class=end>١١</span>","End":"١١","PageNumber":600,"JuzNumber":30,"ManzilNumber":7,"RukuNumber":543,"MaqraNumber":240,"HizbNumber":60,"HizbDecimal":0.75,"HasSajda":false}]}