{"RukuNumber":246,"Verses":[{"SurahNumber":17,"SurahIndex":"017","VerseNumber":61,"ShowSurahName":false,"ShowBismillah":false,"Text":"وَإِذۡ قُلۡنَا لِلۡمَلَـٰٓئِكَةِ ٱسۡجُدُواْ لِأٓدَمَ فَسَجَدُوٓاْ إِلَّآ إِبۡلِيسَ قَالَ ءَأَسۡجُدُ لِمَنۡ خَلَقۡتَ طِينٗا","TajweedText":"وَإِذْ قُلْنَا لِلْمَلَ<tajweed class=madda_obligatory>ـٰٓ</tajweed>ئِكَةِ <tajweed class=ham_wasl>ٱ</tajweed>سْجُدُو<tajweed class=slnt>اْ</tajweed> لِأَدَمَ فَسَجَد<tajweed class=madda_obligatory>ُوٓ</tajweed><tajweed class=slnt>اْ</tajweed> إِلّ<tajweed class=madda_obligatory>َآ</tajweed> إِ<tajweed class=qalaqah>بْ</tajweed>لِيسَ قَالَ ءَأَسْجُدُ لِمَنْ خَلَ<tajweed class=qalaqah>قْ</tajweed>تَ طِينًا <span class=end>٦١</span>","End":"٦١","PageNumber":288,"JuzNumber":15,"ManzilNumber":4,"RukuNumber":246,"MaqraNumber":115,"HizbNumber":29,"HizbDecimal":0.5,"HasSajda":false},{"SurahNumber":17,"SurahIndex":"017","VerseNumber":62,"ShowSurahName":false,"ShowBismillah":false,"Text":"قَالَ أَرَءَيۡتَكَ هَٰذَا ٱلَّذِي كَرَّمۡتَ عَلَيَّ لَئِنۡ أَخَّرۡتَنِ إِلَىٰ يَوۡمِ ٱلۡقِيَٰمَةِ لَأَحۡتَنِكَنَّ ذُرِّيَّتَهُۥٓ إِلَّا قَلِيلٗا","TajweedText":"قَالَ أَرَءَيْتَكَ هَ<tajweed class=madda_normal>ـٰ</tajweed>ذَا <tajweed class=ham_wasl>ٱ</tajweed>لَّذِى كَرَّمْتَ عَلَىَّ لَئِنْ أَخَّرْتَنِ إِلَىٰ يَوْمِ <tajweed class=ham_wasl>ٱ</tajweed>لْقِيَ<tajweed class=madda_normal>ـٰ</tajweed>مَةِ لَأَحْتَنِكَ<tajweed class=ghunnah>نّ</tajweed>َ ذُرِّيَّتَهُ<tajweed class=madda_obligatory>ۥٓ</tajweed> إِلَّا قَلِيلاً <span class=end>٦٢</span>","End":"٦٢","PageNumber":288,"JuzNumber":15,"ManzilNumber":4,"RukuNumber":246,"MaqraNumber":115,"HizbNumber":29,"HizbDecimal":0.5,"HasSajda":false},{"SurahNumber":17,"SurahIndex":"017","VerseNumber":63,"ShowSurahName":false,"ShowBismillah":false,"Text":"قَالَ ٱذۡهَبۡ فَمَن تَبِعَكَ مِنۡهُمۡ فَإِنَّ جَهَنَّمَ جَزَآؤُكُمۡ جَزَآءٗ مَّوۡفُورٗا","TajweedText":"قَالَ <tajweed class=ham_wasl>ٱ</tajweed>ذْهَ<tajweed class=qalaqah>بْ</tajweed> فَمَ<tajweed class=ikhafa>ن ت</tajweed>َبِعَكَ مِنْهُمْ فَإِ<tajweed class=ghunnah>نّ</tajweed>َ جَهَ<tajweed class=ghunnah>نّ</tajweed>َمَ جَز<tajweed class=madda_obligatory>َا</tajweed>ٓؤُكُمْ جَز<tajweed class=madda_obligatory>َا</tajweed>ٓ<tajweed class=idgham_ghunnah>ءً م</tajweed>َّوْفُورًا <span class=end>٦٣</span>","End":"٦٣","PageNumber":288,"JuzNumber":15,"ManzilNumber":4,"RukuNumber":246,"MaqraNumber":115,"HizbNumber":29,"HizbDecimal":0.5,"HasSajda":false},{"SurahNumber":17,"SurahIndex":"017","VerseNumber":64,"ShowSurahName":false,"ShowBismillah":false,"Text":"وَٱسۡتَفۡزِزۡ مَنِ ٱسۡتَطَعۡتَ مِنۡهُم بِصَوۡتِكَ وَأَجۡلِبۡ عَلَيۡهِم بِخَيۡلِكَ وَرَجِلِكَ وَشَارِكۡهُمۡ فِي ٱلۡأَمۡوَٰلِ وَٱلۡأَوۡلَٰدِ وَعِدۡهُمۡۚ وَمَا يَعِدُهُمُ ٱلشَّيۡطَٰنُ إِلَّا غُرُورًا","TajweedText":"وَ<tajweed class=ham_wasl>ٱ</tajweed>سْتَفْزِزْ مَنِ <tajweed class=ham_wasl>ٱ</tajweed>سْتَطَعْتَ مِنْه<tajweed class=ikhafa_shafawi>ُم ب</tajweed>ِصَوْتِكَ وَأَ<tajweed class=qalaqah>جْ</tajweed>لِ<tajweed class=qalaqah>بْ</tajweed> عَلَيْه<tajweed class=ikhafa_shafawi>ِم ب</tajweed>ِخَيْلِكَ وَرَجِلِكَ وَشَارِكْهُمْ فِى <tajweed class=ham_wasl>ٱ</tajweed>لْأَمْو<tajweed class=madda_normal>َٲ</tajweed>لِ وَ<tajweed class=ham_wasl>ٱ</tajweed>لْأَوْلَ<tajweed class=madda_normal>ـٰ</tajweed>دِ وَعِ<tajweed class=qalaqah>دْ</tajweed>هُمْ‌ۚ وَمَا يَعِدُهُمُ <tajweed class=ham_wasl>ٱ</tajweed><tajweed class=laam_shamsiyah>ل</tajweed>شَّيْطَ<tajweed class=madda_normal>ـٰ</tajweed>نُ إِلَّا غُرُورًا <span class=end>٦٤</span>","End":"٦٤","PageNumber":288,"JuzNumber":15,"ManzilNumber":4,"RukuNumber":246,"MaqraNumber":115,"HizbNumber":29,"HizbDecimal":0.5,"HasSajda":false},{"SurahNumber":17,"SurahIndex":"017","VerseNumber":65,"ShowSurahName":false,"ShowBismillah":false,"Text":"إِنَّ عِبَادِي لَيۡسَ لَكَ عَلَيۡهِمۡ سُلۡطَٰنٞۚ وَكَفَىٰ بِرَبِّكَ وَكِيلٗا","TajweedText":"إِ<tajweed class=ghunnah>نّ</tajweed>َ عِبَادِى لَيْسَ لَكَ عَلَيْهِمْ سُلْطَ<tajweed class=madda_normal>ـٰ</tajweed><tajweed class=idgham_ghunnah>نٌ‌ۚ و</tajweed>َكَفَىٰ بِرَبِّكَ وَكِيلاً <span class=end>٦٥</span>","End":"٦٥","PageNumber":288,"JuzNumber":15,"ManzilNumber":4,"RukuNumber":246,"MaqraNumber":115,"HizbNumber":29,"HizbDecimal":0.5,"HasSajda":false},{"SurahNumber":17,"SurahIndex":"017","VerseNumber":66,"ShowSurahName":false,"ShowBismillah":false,"Text":"رَّبُّكُمُ ٱلَّذِي يُزۡجِي لَكُمُ ٱلۡفُلۡكَ فِي ٱلۡبَحۡرِ لِتَبۡتَغُواْ مِن فَضۡلِهِۦٓۚ إِنَّهُۥ كَانَ بِكُمۡ رَحِيمٗا","TajweedText":"رَّبُّكُمُ <tajweed class=ham_wasl>ٱ</tajweed>لَّذِى يُزْجِى لَكُمُ <tajweed class=ham_wasl>ٱ</tajweed>لْفُلْكَ فِى <tajweed class=ham_wasl>ٱ</tajweed>لْبَحْرِ لِتَ<tajweed class=qalaqah>بْ</tajweed>تَغُو<tajweed class=slnt>اْ</tajweed> مِ<tajweed class=ikhafa>ن ف</tajweed>َضْلِه<tajweed class=madda_obligatory>ِۦٓ‌ۚ</tajweed> إِ<tajweed class=ghunnah>نّ</tajweed>َهُ<tajweed class=madda_normal>ۥ</tajweed> كَانَ بِكُمْ رَحِيمًا <span class=end>٦٦</span>","End":"٦٦","PageNumber":288,"JuzNumber":15,"ManzilNumber":4,"RukuNumber":246,"MaqraNumber":115,"HizbNumber":29,"HizbDecimal":0.5,"HasSajda":false},{"SurahNumber":17,"SurahIndex":"017","VerseNumber":67,"ShowSurahName":false,"ShowBismillah":false,"Text":"وَإِذَا مَسَّكُمُ ٱلضُّرُّ فِي ٱلۡبَحۡرِ ضَلَّ مَن تَدۡعُونَ إِلَّآ إِيَّاهُۖ فَلَمَّا نَجَّىٰكُمۡ إِلَى ٱلۡبَرِّ أَعۡرَضۡتُمۡۚ وَكَانَ ٱلۡإِنسَٰنُ كَفُورًا","TajweedText":"وَإِذَا مَسَّكُمُ <tajweed class=ham_wasl>ٱ</tajweed><tajweed class=laam_shamsiyah>ل</tajweed>ضُّرُّ فِى <tajweed class=ham_wasl>ٱ</tajweed>لْبَحْرِ ضَلَّ مَ<tajweed class=ikhafa>ن ت</tajweed>َ<tajweed class=qalaqah>دْ</tajweed>عُونَ إِلّ<tajweed class=madda_obligatory>َآ</tajweed> إِيَّاهُ‌ۖ فَلَ<tajweed class=ghunnah>مّ</tajweed>َا نَجَّ<tajweed class=madda_normal>ـٰ</tajweed>كُمْ إِلَى <tajweed class=ham_wasl>ٱ</tajweed>لْبَرِّ أَعْرَضْتُمْ‌ۚ وَكَانَ <tajweed class=ham_wasl>ٱ</tajweed>لْإِ<tajweed class=ikhafa>نس</tajweed>َ<tajweed class=madda_normal>ـٰ</tajweed>نُ كَفُورًا <span class=end>٦٧</span>","End":"٦٧","PageNumber":289,"JuzNumber":15,"ManzilNumber":4,"RukuNumber":246,"MaqraNumber":115,"HizbNumber":29,"HizbDecimal":0.5,"HasSajda":false},{"SurahNumber":17,"SurahIndex":"017","VerseNumber":68,"ShowSurahName":false,"ShowBismillah":false,"Text":"أَفَأَمِنتُمۡ أَن يَخۡسِفَ بِكُمۡ جَانِبَ ٱلۡبَرِّ أَوۡ يُرۡسِلَ عَلَيۡكُمۡ حَاصِبٗا ثُمَّ لَا تَجِدُواْ لَكُمۡ وَكِيلًا","TajweedText":"أَفَأَمِ<tajweed class=ikhafa>نت</tajweed>ُمْ أ<tajweed class=idgham_ghunnah>َن ي</tajweed>َخْسِفَ بِكُمْ جَانِبَ <tajweed class=ham_wasl>ٱ</tajweed>لْبَرِّ أَوْ يُرْسِلَ عَلَيْكُمْ حَاصِ<tajweed class=ikhafa>بًا ث</tajweed>ُ<tajweed class=ghunnah>مّ</tajweed>َ لَا تَجِدُو<tajweed class=slnt>اْ</tajweed> لَكُمْ وَكِيلاً <span class=end>٦٨</span>","End":"٦٨","PageNumber":289,"JuzNumber":15,"ManzilNumber":4,"RukuNumber":246,"MaqraNumber":115,"HizbNumber":29,"HizbDecimal":0.5,"HasSajda":false},{"SurahNumber":17,"SurahIndex":"017","VerseNumber":69,"ShowSurahName":false,"ShowBismillah":false,"Text":"أَمۡ أَمِنتُمۡ أَن يُعِيدَكُمۡ فِيهِ تَارَةً أُخۡرَىٰ فَيُرۡسِلَ عَلَيۡكُمۡ قَاصِفٗا مِّنَ ٱلرِّيحِ فَيُغۡرِقَكُم بِمَا كَفَرۡتُمۡ ثُمَّ لَا تَجِدُواْ لَكُمۡ عَلَيۡنَا بِهِۦ تَبِيعٗا","TajweedText":"أَمْ أَمِ<tajweed class=ikhafa>نت</tajweed>ُمْ أ<tajweed class=idgham_ghunnah>َن ي</tajweed>ُعِيدَكُمْ فِيهِ تَارَةً أُخْرَىٰ فَيُرْسِلَ عَلَيْكُمْ قَاصِ<tajweed class=idgham_ghunnah>فًا م</tajweed>ِّنَ <tajweed class=ham_wasl>ٱ</tajweed><tajweed class=laam_shamsiyah>ل</tajweed>رِّيحِ فَيُغْرِقَك<tajweed class=ikhafa_shafawi>ُم ب</tajweed>ِمَا كَفَرْتُمْ‌ۙ ثُ<tajweed class=ghunnah>مّ</tajweed>َ لَا تَجِدُو<tajweed class=slnt>اْ</tajweed> لَكُمْ عَلَيْنَا بِه<tajweed class=madda_normal>ِۦ</tajweed> تَبِيعًا <span class=end>٦٩</span>","End":"٦٩","PageNumber":289,"JuzNumber":15,"ManzilNumber":4,"RukuNumber":246,"MaqraNumber":115,"HizbNumber":29,"HizbDecimal":0.5,"HasSajda":false},{"SurahNumber":17,"SurahIndex":"017","VerseNumber":70,"ShowSurahName":false,"ShowBismillah":false,"Text":"۞وَلَقَدۡ كَرَّمۡنَا بَنِيٓ ءَادَمَ وَحَمَلۡنَٰهُمۡ فِي ٱلۡبَرِّ وَٱلۡبَحۡرِ وَرَزَقۡنَٰهُم مِّنَ ٱلطَّيِّبَٰتِ وَفَضَّلۡنَٰهُمۡ عَلَىٰ كَثِيرٖ مِّمَّنۡ خَلَقۡنَا تَفۡضِيلٗا","TajweedText":"۞ وَلَقَ<tajweed class=qalaqah>دْ</tajweed> كَرَّمْنَا بَن<tajweed class=madda_obligatory>ِىٓ</tajweed> ءَادَمَ وَحَمَلْنَ<tajweed class=madda_normal>ـٰ</tajweed>هُمْ فِى <tajweed class=ham_wasl>ٱ</tajweed>لْبَرِّ وَ<tajweed class=ham_wasl>ٱ</tajweed>لْبَحْرِ وَرَزَ<tajweed class=qalaqah>قْ</tajweed>نَ<tajweed class=madda_normal>ـٰ</tajweed>ه<tajweed class=idgham_shafawi>ُم م</tajweed>ِّنَ <tajweed class=ham_wasl>ٱ</tajweed><tajweed class=laam_shamsiyah>ل</tajweed>طَّيِّبَ<tajweed class=madda_normal>ـٰ</tajweed>تِ وَفَضَّلْنَ<tajweed class=madda_normal>ـٰ</tajweed>هُمْ عَلَىٰ كَثِي<tajweed class=idgham_ghunnah>رٍ م</tajweed>ِّ<tajweed class=ghunnah>مّ</tajweed>َنْ خَلَ<tajweed class=qalaqah>قْ</tajweed>نَا تَفْضِيلاً <span class=end>٧٠</span>","End":"٧٠","PageNumber":289,"JuzNumber":15,"ManzilNumber":4,"RukuNumber":246,"MaqraNumber":116,"HizbNumber":29,"HizbDecimal":0.75,"HasSajda":false}]}