{"RukuNumber":204,"Verses":[{"SurahNumber":12,"SurahIndex":"012","VerseNumber":105,"ShowSurahName":false,"ShowBismillah":false,"Text":"وَكَأَيِّن مِّنۡ ءَايَةٖ فِي ٱلسَّمَٰوَٰتِ وَٱلۡأَرۡضِ يَمُرُّونَ عَلَيۡهَا وَهُمۡ عَنۡهَا مُعۡرِضُونَ","TajweedText":"وَكَأَيّ<tajweed class=idgham_ghunnah>ِن م</tajweed>ِّنْ ءَايَ<tajweed class=ikhafa>ةٍ ف</tajweed>ِى <tajweed class=ham_wasl>ٱ</tajweed><tajweed class=laam_shamsiyah>ل</tajweed>سَّمَ<tajweed class=madda_normal>ـٰ</tajweed>و<tajweed class=madda_normal>َٲ</tajweed>تِ وَ<tajweed class=ham_wasl>ٱ</tajweed>لْأَرْضِ يَمُرُّونَ عَلَيْهَا وَهُمْ عَنْهَا مُعْرِض<tajweed class=madda_permissible>ُو</tajweed>نَ <span class=end>١٠٥</span>","End":"١٠٥","PageNumber":248,"JuzNumber":13,"ManzilNumber":3,"RukuNumber":204,"MaqraNumber":99,"HizbNumber":25,"HizbDecimal":0.5,"HasSajda":false},{"SurahNumber":12,"SurahIndex":"012","VerseNumber":106,"ShowSurahName":false,"ShowBismillah":false,"Text":"وَمَا يُؤۡمِنُ أَكۡثَرُهُم بِٱللَّهِ إِلَّا وَهُم مُّشۡرِكُونَ","TajweedText":"وَمَا يُؤْمِنُ أَكْثَرُه<tajweed class=ikhafa_shafawi>ُم ب</tajweed>ِ<tajweed class=ham_wasl>ٱ</tajweed>للَّهِ إِلَّا وَه<tajweed class=idgham_shafawi>ُم م</tajweed>ُّشْرِك<tajweed class=madda_permissible>ُو</tajweed>نَ <span class=end>١٠٦</span>","End":"١٠٦","PageNumber":248,"JuzNumber":13,"ManzilNumber":3,"RukuNumber":204,"MaqraNumber":99,"HizbNumber":25,"HizbDecimal":0.5,"HasSajda":false},{"SurahNumber":12,"SurahIndex":"012","VerseNumber":107,"ShowSurahName":false,"ShowBismillah":false,"Text":"أَفَأَمِنُوٓاْ أَن تَأۡتِيَهُمۡ غَٰشِيَةٞ مِّنۡ عَذَابِ ٱللَّهِ أَوۡ تَأۡتِيَهُمُ ٱلسَّاعَةُ بَغۡتَةٗ وَهُمۡ لَا يَشۡعُرُونَ","TajweedText":"أَفَأَمِن<tajweed class=madda_obligatory>ُوٓ</tajweed><tajweed class=slnt>اْ</tajweed> أَ<tajweed class=ikhafa>ن ت</tajweed>َأْتِيَهُمْ غَ<tajweed class=madda_normal>ـٰ</tajweed>شِيَ<tajweed class=idgham_ghunnah>ةٌ م</tajweed>ِّنْ عَذَابِ <tajweed class=ham_wasl>ٱ</tajweed>للَّهِ أَوْ تَأْتِيَهُمُ <tajweed class=ham_wasl>ٱ</tajweed><tajweed class=laam_shamsiyah>ل</tajweed>سَّاعَةُ بَغْتَ<tajweed class=idgham_ghunnah>ةً و</tajweed>َهُمْ لَا يَشْعُر<tajweed class=madda_permissible>ُو</tajweed>نَ <span class=end>١٠٧</span>","End":"١٠٧","PageNumber":248,"JuzNumber":13,"ManzilNumber":3,"RukuNumber":204,"MaqraNumber":99,"HizbNumber":25,"HizbDecimal":0.5,"HasSajda":false},{"SurahNumber":12,"SurahIndex":"012","VerseNumber":108,"ShowSurahName":false,"ShowBismillah":false,"Text":"قُلۡ هَٰذِهِۦ سَبِيلِيٓ أَدۡعُوٓاْ إِلَى ٱللَّهِۚ عَلَىٰ بَصِيرَةٍ أَنَا۠ وَمَنِ ٱتَّبَعَنِيۖ وَسُبۡحَٰنَ ٱللَّهِ وَمَآ أَنَا۠ مِنَ ٱلۡمُشۡرِكِينَ","TajweedText":"قُلْ هَ<tajweed class=madda_normal>ـٰ</tajweed>ذِه<tajweed class=madda_normal>ِۦ</tajweed> سَبِيل<tajweed class=madda_obligatory>ِىٓ</tajweed> أَ<tajweed class=qalaqah>دْ</tajweed>ع<tajweed class=madda_obligatory>ُوٓ</tajweed><tajweed class=slnt>اْ</tajweed> إِلَى <tajweed class=ham_wasl>ٱ</tajweed>للَّهِ‌ۚ عَلَىٰ بَصِيرَةٍ أَنَا۟ وَمَنِ <tajweed class=ham_wasl>ٱ</tajweed>تَّبَعَنِى‌ۖ وَسُ<tajweed class=qalaqah>بْ</tajweed>حَ<tajweed class=madda_normal>ـٰ</tajweed>نَ <tajweed class=ham_wasl>ٱ</tajweed>للَّهِ وَم<tajweed class=madda_obligatory>َآ</tajweed> أَنَا۟ مِنَ <tajweed class=ham_wasl>ٱ</tajweed>لْمُشْرِك<tajweed class=madda_permissible>ِي</tajweed>نَ <span class=end>١٠٨</span>","End":"١٠٨","PageNumber":248,"JuzNumber":13,"ManzilNumber":3,"RukuNumber":204,"MaqraNumber":99,"HizbNumber":25,"HizbDecimal":0.5,"HasSajda":false},{"SurahNumber":12,"SurahIndex":"012","VerseNumber":109,"ShowSurahName":false,"ShowBismillah":false,"Text":"وَمَآ أَرۡسَلۡنَا مِن قَبۡلِكَ إِلَّا رِجَالٗا نُّوحِيٓ إِلَيۡهِم مِّنۡ أَهۡلِ ٱلۡقُرَىٰٓۗ أَفَلَمۡ يَسِيرُواْ فِي ٱلۡأَرۡضِ فَيَنظُرُواْ كَيۡفَ كَانَ عَٰقِبَةُ ٱلَّذِينَ مِن قَبۡلِهِمۡۗ وَلَدَارُ ٱلۡأٓخِرَةِ خَيۡرٞ لِّلَّذِينَ ٱتَّقَوۡاْۚ أَفَلَا تَعۡقِلُونَ","TajweedText":"وَم<tajweed class=madda_obligatory>َآ</tajweed> أَرْسَلْنَا مِ<tajweed class=ikhafa>ن ق</tajweed>َ<tajweed class=qalaqah>بْ</tajweed>لِكَ إِلَّا رِجَال<tajweed class=idgham_ghunnah>اً ن</tajweed>ُّوح<tajweed class=madda_obligatory>ِىٓ</tajweed> إِلَيْه<tajweed class=idgham_shafawi>ِم م</tajweed>ِّنْ أَهْلِ <tajweed class=ham_wasl>ٱ</tajweed>لْقُرَ<tajweed class=madda_obligatory>ىٰٓ‌ۗ</tajweed> أَفَلَمْ يَسِيرُو<tajweed class=slnt>اْ</tajweed> فِى <tajweed class=ham_wasl>ٱ</tajweed>لْأَرْضِ فَيَ<tajweed class=ikhafa>نظ</tajweed>ُرُو<tajweed class=slnt>اْ</tajweed> كَيْفَ كَانَ عَ<tajweed class=madda_normal>ـٰ</tajweed>قِبَةُ <tajweed class=ham_wasl>ٱ</tajweed>لَّذِينَ مِ<tajweed class=ikhafa>ن ق</tajweed>َ<tajweed class=qalaqah>بْ</tajweed>لِهِمْ‌ۗ وَلَدَارُ <tajweed class=ham_wasl>ٱ</tajweed>لْأَخِرَةِ خَيْ<tajweed class=idgham_wo_ghunnah>رٌ ل</tajweed>ِّلَّذِينَ <tajweed class=ham_wasl>ٱ</tajweed>تَّقَوْ<tajweed class=slnt>اْ‌ۗ</tajweed> أَفَلَا تَعْقِل<tajweed class=madda_permissible>ُو</tajweed>نَ <span class=end>١٠٩</span>","End":"١٠٩","PageNumber":248,"JuzNumber":13,"ManzilNumber":3,"RukuNumber":204,"MaqraNumber":99,"HizbNumber":25,"HizbDecimal":0.5,"HasSajda":false},{"SurahNumber":12,"SurahIndex":"012","VerseNumber":110,"ShowSurahName":false,"ShowBismillah":false,"Text":"حَتَّىٰٓ إِذَا ٱسۡتَيۡـَٔسَ ٱلرُّسُلُ وَظَنُّوٓاْ أَنَّهُمۡ قَدۡ كُذِبُواْ جَآءَهُمۡ نَصۡرُنَا فَنُجِّيَ مَن نَّشَآءُۖ وَلَا يُرَدُّ بَأۡسُنَا عَنِ ٱلۡقَوۡمِ ٱلۡمُجۡرِمِينَ","TajweedText":"حَتَّ<tajweed class=madda_obligatory>ىٰٓ</tajweed> إِذَا <tajweed class=ham_wasl>ٱ</tajweed>سْتَيْــَٔسَ <tajweed class=ham_wasl>ٱ</tajweed><tajweed class=laam_shamsiyah>ل</tajweed>رُّسُلُ وَظَ<tajweed class=ghunnah>نّ</tajweed><tajweed class=madda_obligatory>ُوٓ</tajweed><tajweed class=slnt>اْ</tajweed> أَ<tajweed class=ghunnah>نّ</tajweed>َهُمْ قَ<tajweed class=qalaqah>دْ</tajweed> كُذِبُو<tajweed class=slnt>اْ</tajweed> ج<tajweed class=madda_obligatory>َا</tajweed>ٓءَهُمْ نَصْرُنَا فَنُجِّىَ م<tajweed class=idgham_ghunnah>َن ن</tajweed>َّش<tajweed class=madda_obligatory>َا</tajweed>ٓءُ‌ۖ وَلَا يُرَدُّ بَأْسُنَا عَنِ <tajweed class=ham_wasl>ٱ</tajweed>لْقَوْمِ <tajweed class=ham_wasl>ٱ</tajweed>لْمُ<tajweed class=qalaqah>جْ</tajweed>رِم<tajweed class=madda_permissible>ِي</tajweed>نَ <span class=end>١١٠</span>","End":"١١٠","PageNumber":248,"JuzNumber":13,"ManzilNumber":3,"RukuNumber":204,"MaqraNumber":99,"HizbNumber":25,"HizbDecimal":0.5,"HasSajda":false},{"SurahNumber":12,"SurahIndex":"012","VerseNumber":111,"ShowSurahName":false,"ShowBismillah":false,"Text":"لَقَدۡ كَانَ فِي قَصَصِهِمۡ عِبۡرَةٞ لِّأُوْلِي ٱلۡأَلۡبَٰبِۗ مَا كَانَ حَدِيثٗا يُفۡتَرَىٰ وَلَٰكِن تَصۡدِيقَ ٱلَّذِي بَيۡنَ يَدَيۡهِ وَتَفۡصِيلَ كُلِّ شَيۡءٖ وَهُدٗى وَرَحۡمَةٗ لِّقَوۡمٖ يُؤۡمِنُونَ","TajweedText":"لَقَ<tajweed class=qalaqah>دْ</tajweed> كَانَ فِى قَصَصِهِمْ عِ<tajweed class=qalaqah>بْ</tajweed>رَ<tajweed class=idgham_wo_ghunnah>ةٌ ل</tajweed>ِّأُ<tajweed class=slnt>وْ</tajweed>لِى <tajweed class=ham_wasl>ٱ</tajweed>لْأَلْبَ<tajweed class=madda_normal>ـٰ</tajweed>بِ‌ۗ مَا كَانَ حَدِي<tajweed class=idgham_ghunnah>ثًا ي</tajweed>ُفْتَرَىٰ وَلَ<tajweed class=madda_normal>ـٰ</tajweed>كِ<tajweed class=ikhafa>ن ت</tajweed>َصْدِيقَ <tajweed class=ham_wasl>ٱ</tajweed>لَّذِى بَيْنَ يَدَيْهِ وَتَفْصِيلَ كُلِّ ش<tajweed class=idgham_ghunnah>َىْءٍ و</tajweed>َهُ<tajweed class=idgham_ghunnah>دًى و</tajweed>َرَحْمَ<tajweed class=idgham_wo_ghunnah>ةً ل</tajweed>ِّقَوْ<tajweed class=idgham_ghunnah>مٍ ي</tajweed>ُؤْمِن<tajweed class=madda_permissible>ُو</tajweed>نَ <span class=end>١١١</span>","End":"١١١","PageNumber":248,"JuzNumber":13,"ManzilNumber":3,"RukuNumber":204,"MaqraNumber":99,"HizbNumber":25,"HizbDecimal":0.5,"HasSajda":false}]}