{"RukuNumber":216,"Verses":[{"SurahNumber":14,"SurahIndex":"014","VerseNumber":35,"ShowSurahName":false,"ShowBismillah":false,"Text":"وَإِذۡ قَالَ إِبۡرَٰهِيمُ رَبِّ ٱجۡعَلۡ هَٰذَا ٱلۡبَلَدَ ءَامِنٗا وَٱجۡنُبۡنِي وَبَنِيَّ أَن نَّعۡبُدَ ٱلۡأَصۡنَامَ","TajweedText":"وَإِذْ قَالَ إِ<tajweed class=qalaqah>بْ</tajweed>ر<tajweed class=madda_normal>َٲ</tajweed>هِيمُ رَبِّ <tajweed class=ham_wasl>ٱ</tajweed><tajweed class=qalaqah>جْ</tajweed>عَلْ هَ<tajweed class=madda_normal>ـٰ</tajweed>ذَا <tajweed class=ham_wasl>ٱ</tajweed>لْبَلَدَ ءَامِ<tajweed class=idgham_ghunnah>نًا و</tajweed>َ<tajweed class=ham_wasl>ٱ</tajweed><tajweed class=qalaqah>جْ</tajweed>نُ<tajweed class=qalaqah>بْ</tajweed>نِى وَبَنِىَّ أ<tajweed class=idgham_ghunnah>َن ن</tajweed>َّعْبُدَ <tajweed class=ham_wasl>ٱ</tajweed>لْأَصْن<tajweed class=madda_permissible>َا</tajweed>مَ <span class=end>٣٥</span>","End":"٣٥","PageNumber":260,"JuzNumber":13,"ManzilNumber":3,"RukuNumber":216,"MaqraNumber":104,"HizbNumber":26,"HizbDecimal":0.75,"HasSajda":false},{"SurahNumber":14,"SurahIndex":"014","VerseNumber":36,"ShowSurahName":false,"ShowBismillah":false,"Text":"رَبِّ إِنَّهُنَّ أَضۡلَلۡنَ كَثِيرٗا مِّنَ ٱلنَّاسِۖ فَمَن تَبِعَنِي فَإِنَّهُۥ مِنِّيۖ وَمَنۡ عَصَانِي فَإِنَّكَ غَفُورٞ رَّحِيمٞ","TajweedText":"رَبِّ إِ<tajweed class=ghunnah>نّ</tajweed>َهُ<tajweed class=ghunnah>نّ</tajweed>َ أَضْلَلْنَ كَثِي<tajweed class=idgham_ghunnah>رًا م</tajweed>ِّنَ <tajweed class=ham_wasl>ٱ</tajweed><tajweed class=laam_shamsiyah>ل</tajweed><tajweed class=ghunnah>نّ</tajweed>َاسِ‌ۖ فَمَ<tajweed class=ikhafa>ن ت</tajweed>َبِعَنِى فَإِ<tajweed class=ghunnah>نّ</tajweed>َهُ<tajweed class=madda_normal>ۥ</tajweed> مِ<tajweed class=ghunnah>نّ</tajweed>ِى‌ۖ وَمَنْ عَصَانِى فَإِ<tajweed class=ghunnah>نّ</tajweed>َكَ غَفُو<tajweed class=idgham_wo_ghunnah>رٌ ر</tajweed>َّح<tajweed class=madda_permissible>ِي</tajweed>مٌ <span class=end>٣٦</span>","End":"٣٦","PageNumber":260,"JuzNumber":13,"ManzilNumber":3,"RukuNumber":216,"MaqraNumber":104,"HizbNumber":26,"HizbDecimal":0.75,"HasSajda":false},{"SurahNumber":14,"SurahIndex":"014","VerseNumber":37,"ShowSurahName":false,"ShowBismillah":false,"Text":"رَّبَّنَآ إِنِّيٓ أَسۡكَنتُ مِن ذُرِّيَّتِي بِوَادٍ غَيۡرِ ذِي زَرۡعٍ عِندَ بَيۡتِكَ ٱلۡمُحَرَّمِ رَبَّنَا لِيُقِيمُواْ ٱلصَّلَوٰةَ فَٱجۡعَلۡ أَفۡـِٔدَةٗ مِّنَ ٱلنَّاسِ تَهۡوِيٓ إِلَيۡهِمۡ وَٱرۡزُقۡهُم مِّنَ ٱلثَّمَرَٰتِ لَعَلَّهُمۡ يَشۡكُرُونَ","TajweedText":"رَّبَّن<tajweed class=madda_obligatory>َآ</tajweed> إِ<tajweed class=ghunnah>نّ</tajweed><tajweed class=madda_obligatory>ِىٓ</tajweed> أَسْكَ<tajweed class=ikhafa>نت</tajweed>ُ مِ<tajweed class=ikhafa>ن ذ</tajweed>ُرِّيَّتِى بِوَادٍ غَيْرِ ذِى زَرْعٍ عِ<tajweed class=ikhafa>ند</tajweed>َ بَيْتِكَ <tajweed class=ham_wasl>ٱ</tajweed>لْمُحَرَّمِ رَبَّنَا لِيُقِيمُو<tajweed class=slnt>اْ</tajweed> <tajweed class=ham_wasl>ٱ</tajweed><tajweed class=laam_shamsiyah>ل</tajweed>صَّلَ<tajweed class=slnt>و</tajweed><tajweed class=madda_normal>ٲ</tajweed>ةَ فَ<tajweed class=ham_wasl>ٱ</tajweed><tajweed class=qalaqah>جْ</tajweed>عَلْ أَفْــِٔدَ<tajweed class=idgham_ghunnah>ةً م</tajweed>ِّنَ <tajweed class=ham_wasl>ٱ</tajweed><tajweed class=laam_shamsiyah>ل</tajweed><tajweed class=ghunnah>نّ</tajweed>َاسِ تَهْو<tajweed class=madda_obligatory>ِىٓ</tajweed> إِلَيْهِمْ وَ<tajweed class=ham_wasl>ٱ</tajweed>رْزُ<tajweed class=qalaqah>قْ</tajweed>ه<tajweed class=idgham_shafawi>ُم م</tajweed>ِّنَ <tajweed class=ham_wasl>ٱ</tajweed><tajweed class=laam_shamsiyah>ل</tajweed>ثَّمَر<tajweed class=madda_normal>َٲ</tajweed>تِ لَعَلَّهُمْ يَشْكُر<tajweed class=madda_permissible>ُو</tajweed>نَ <span class=end>٣٧</span>","End":"٣٧","PageNumber":260,"JuzNumber":13,"ManzilNumber":3,"RukuNumber":216,"MaqraNumber":104,"HizbNumber":26,"HizbDecimal":0.75,"HasSajda":false},{"SurahNumber":14,"SurahIndex":"014","VerseNumber":38,"ShowSurahName":false,"ShowBismillah":false,"Text":"رَبَّنَآ إِنَّكَ تَعۡلَمُ مَا نُخۡفِي وَمَا نُعۡلِنُۗ وَمَا يَخۡفَىٰ عَلَى ٱللَّهِ مِن شَيۡءٖ فِي ٱلۡأَرۡضِ وَلَا فِي ٱلسَّمَآءِ","TajweedText":"رَبَّن<tajweed class=madda_obligatory>َآ</tajweed> إِ<tajweed class=ghunnah>نّ</tajweed>َكَ تَعْلَمُ مَا نُخْفِى وَمَا نُعْلِنُ‌ۗ وَمَا يَخْفَىٰ عَلَى <tajweed class=ham_wasl>ٱ</tajweed>للَّهِ مِ<tajweed class=ikhafa>ن ش</tajweed><tajweed class=ikhafa>َىْءٍ ف</tajweed>ِى <tajweed class=ham_wasl>ٱ</tajweed>لْأَرْضِ وَلَا فِى <tajweed class=ham_wasl>ٱ</tajweed><tajweed class=laam_shamsiyah>ل</tajweed>سَّم<tajweed class=madda_obligatory>َا</tajweed>ٓءِ <span class=end>٣٨</span>","End":"٣٨","PageNumber":260,"JuzNumber":13,"ManzilNumber":3,"RukuNumber":216,"MaqraNumber":104,"HizbNumber":26,"HizbDecimal":0.75,"HasSajda":false},{"SurahNumber":14,"SurahIndex":"014","VerseNumber":39,"ShowSurahName":false,"ShowBismillah":false,"Text":"ٱلۡحَمۡدُ لِلَّهِ ٱلَّذِي وَهَبَ لِي عَلَى ٱلۡكِبَرِ إِسۡمَٰعِيلَ وَإِسۡحَٰقَۚ إِنَّ رَبِّي لَسَمِيعُ ٱلدُّعَآءِ","TajweedText":"ٱلْحَمْدُ لِلَّهِ <tajweed class=ham_wasl>ٱ</tajweed>لَّذِى وَهَبَ لِى عَلَى <tajweed class=ham_wasl>ٱ</tajweed>لْكِبَرِ إِسْمَ<tajweed class=madda_normal>ـٰ</tajweed>عِيلَ وَإِسْحَ<tajweed class=madda_normal>ـٰ</tajweed>قَ‌ۚ إِ<tajweed class=ghunnah>نّ</tajweed>َ رَبِّى لَسَمِيعُ <tajweed class=ham_wasl>ٱ</tajweed><tajweed class=laam_shamsiyah>ل</tajweed>دُّع<tajweed class=madda_obligatory>َا</tajweed>ٓءِ <span class=end>٣٩</span>","End":"٣٩","PageNumber":260,"JuzNumber":13,"ManzilNumber":3,"RukuNumber":216,"MaqraNumber":104,"HizbNumber":26,"HizbDecimal":0.75,"HasSajda":false},{"SurahNumber":14,"SurahIndex":"014","VerseNumber":40,"ShowSurahName":false,"ShowBismillah":false,"Text":"رَبِّ ٱجۡعَلۡنِي مُقِيمَ ٱلصَّلَوٰةِ وَمِن ذُرِّيَّتِيۚ رَبَّنَا وَتَقَبَّلۡ دُعَآءِ","TajweedText":"رَبِّ <tajweed class=ham_wasl>ٱ</tajweed><tajweed class=qalaqah>جْ</tajweed>عَلْنِى مُقِيمَ <tajweed class=ham_wasl>ٱ</tajweed><tajweed class=laam_shamsiyah>ل</tajweed>صَّلَ<tajweed class=slnt>و</tajweed><tajweed class=madda_normal>ٲ</tajweed>ةِ وَمِ<tajweed class=ikhafa>ن ذ</tajweed>ُرِّيَّتِى‌ۚ رَبَّنَا وَتَقَبَّلْ دُع<tajweed class=madda_obligatory>َا</tajweed>ٓءِ <span class=end>٤٠</span>","End":"٤٠","PageNumber":260,"JuzNumber":13,"ManzilNumber":3,"RukuNumber":216,"MaqraNumber":104,"HizbNumber":26,"HizbDecimal":0.75,"HasSajda":false},{"SurahNumber":14,"SurahIndex":"014","VerseNumber":41,"ShowSurahName":false,"ShowBismillah":false,"Text":"رَبَّنَا ٱغۡفِرۡ لِي وَلِوَٰلِدَيَّ وَلِلۡمُؤۡمِنِينَ يَوۡمَ يَقُومُ ٱلۡحِسَابُ","TajweedText":"رَبَّنَا <tajweed class=ham_wasl>ٱ</tajweed>غْفِرْ لِى وَلِو<tajweed class=madda_normal>َٲ</tajweed>لِدَىَّ وَلِلْمُؤْمِنِينَ يَوْمَ يَقُومُ <tajweed class=ham_wasl>ٱ</tajweed>لْحِس<tajweed class=madda_permissible>َا</tajweed><tajweed class=qalaqah>ب</tajweed>ُ <span class=end>٤١</span>","End":"٤١","PageNumber":260,"JuzNumber":13,"ManzilNumber":3,"RukuNumber":216,"MaqraNumber":104,"HizbNumber":26,"HizbDecimal":0.75,"HasSajda":false}]}