{"RukuNumber":359,"Verses":[{"SurahNumber":32,"SurahIndex":"032","VerseNumber":12,"ShowSurahName":false,"ShowBismillah":false,"Text":"وَلَوۡ تَرَىٰٓ إِذِ ٱلۡمُجۡرِمُونَ نَاكِسُواْ رُءُوسِهِمۡ عِندَ رَبِّهِمۡ رَبَّنَآ أَبۡصَرۡنَا وَسَمِعۡنَا فَٱرۡجِعۡنَا نَعۡمَلۡ صَٰلِحًا إِنَّا مُوقِنُونَ","TajweedText":"وَلَوْ تَرَ<tajweed class=madda_obligatory>ىٰٓ</tajweed> إِذِ <tajweed class=ham_wasl>ٱ</tajweed>لْمُ<tajweed class=qalaqah>جْ</tajweed>رِمُونَ نَاكِسُو<tajweed class=slnt>اْ</tajweed> رُءُوسِهِمْ عِ<tajweed class=ikhafa>ند</tajweed>َ رَبِّهِمْ رَبَّن<tajweed class=madda_obligatory>َآ</tajweed> أَ<tajweed class=qalaqah>بْ</tajweed>صَرْنَا وَسَمِعْنَا فَ<tajweed class=ham_wasl>ٱ</tajweed>رْجِعْنَا نَعْمَلْ صَ<tajweed class=madda_normal>ـٰ</tajweed>لِحًا إِ<tajweed class=ghunnah>نّ</tajweed>َا مُوقِن<tajweed class=madda_permissible>ُو</tajweed>نَ <span class=end>١٢</span>","End":"١٢","PageNumber":416,"JuzNumber":21,"ManzilNumber":5,"RukuNumber":359,"MaqraNumber":166,"HizbNumber":42,"HizbDecimal":0.25,"HasSajda":false},{"SurahNumber":32,"SurahIndex":"032","VerseNumber":13,"ShowSurahName":false,"ShowBismillah":false,"Text":"وَلَوۡ شِئۡنَا لَأٓتَيۡنَا كُلَّ نَفۡسٍ هُدَىٰهَا وَلَٰكِنۡ حَقَّ ٱلۡقَوۡلُ مِنِّي لَأَمۡلَأَنَّ جَهَنَّمَ مِنَ ٱلۡجِنَّةِ وَٱلنَّاسِ أَجۡمَعِينَ","TajweedText":"وَلَوْ شِئْنَا لَأَتَيْنَا كُلَّ نَفْسٍ هُدَ<tajweed class=madda_normal>ٮٰ</tajweed>هَا وَلَ<tajweed class=madda_normal>ـٰ</tajweed>كِنْ حَقَّ <tajweed class=ham_wasl>ٱ</tajweed>لْقَوْلُ مِ<tajweed class=ghunnah>نّ</tajweed>ِى لَأَمْلَأَ<tajweed class=ghunnah>نّ</tajweed>َ جَهَ<tajweed class=ghunnah>نّ</tajweed>َمَ مِنَ <tajweed class=ham_wasl>ٱ</tajweed>لْجِ<tajweed class=ghunnah>نّ</tajweed>َةِ وَ<tajweed class=ham_wasl>ٱ</tajweed><tajweed class=laam_shamsiyah>ل</tajweed><tajweed class=ghunnah>نّ</tajweed>َاسِ أَ<tajweed class=qalaqah>جْ</tajweed>مَع<tajweed class=madda_permissible>ِي</tajweed>نَ <span class=end>١٣</span>","End":"١٣","PageNumber":416,"JuzNumber":21,"ManzilNumber":5,"RukuNumber":359,"MaqraNumber":166,"HizbNumber":42,"HizbDecimal":0.25,"HasSajda":false},{"SurahNumber":32,"SurahIndex":"032","VerseNumber":14,"ShowSurahName":false,"ShowBismillah":false,"Text":"فَذُوقُواْ بِمَا نَسِيتُمۡ لِقَآءَ يَوۡمِكُمۡ هَٰذَآ إِنَّا نَسِينَٰكُمۡۖ وَذُوقُواْ عَذَابَ ٱلۡخُلۡدِ بِمَا كُنتُمۡ تَعۡمَلُونَ","TajweedText":"فَذُوقُو<tajweed class=slnt>اْ</tajweed> بِمَا نَسِيتُمْ لِق<tajweed class=madda_obligatory>َا</tajweed>ٓءَ يَوْمِكُمْ هَ<tajweed class=madda_normal>ـٰ</tajweed>ذ<tajweed class=madda_obligatory>َآ</tajweed> إِ<tajweed class=ghunnah>نّ</tajweed>َا نَسِينَ<tajweed class=madda_normal>ـٰ</tajweed>كُمْ‌ۖ وَذُوقُو<tajweed class=slnt>اْ</tajweed> عَذَابَ <tajweed class=ham_wasl>ٱ</tajweed>لْخُلْدِ بِمَا كُ<tajweed class=ikhafa>نت</tajweed>ُمْ تَعْمَل<tajweed class=madda_permissible>ُو</tajweed>نَ <span class=end>١٤</span>","End":"١٤","PageNumber":416,"JuzNumber":21,"ManzilNumber":5,"RukuNumber":359,"MaqraNumber":166,"HizbNumber":42,"HizbDecimal":0.25,"HasSajda":false},{"SurahNumber":32,"SurahIndex":"032","VerseNumber":15,"ShowSurahName":false,"ShowBismillah":false,"Text":"إِنَّمَا يُؤۡمِنُ بِـَٔايَٰتِنَا ٱلَّذِينَ إِذَا ذُكِّرُواْ بِهَا خَرُّواْۤ سُجَّدٗاۤ وَسَبَّحُواْ بِحَمۡدِ رَبِّهِمۡ وَهُمۡ لَا يَسۡتَكۡبِرُونَ۩","TajweedText":"إِ<tajweed class=ghunnah>نّ</tajweed>َمَا يُؤْمِنُ بِـَٔـايَ<tajweed class=madda_normal>ـٰ</tajweed>تِنَا <tajweed class=ham_wasl>ٱ</tajweed>لَّذِينَ إِذَا ذُكِّرُو<tajweed class=slnt>اْ</tajweed> بِهَا خَرُّو<tajweed class=slnt>اْ</tajweed> سُجَّ<tajweed class=idgham_ghunnah>دًا و</tajweed>َسَبَّحُو<tajweed class=slnt>اْ</tajweed> بِحَمْدِ رَبِّهِمْ وَهُمْ لَا يَسْتَكْبِرُ<tajweed class=madda_permissible>و</tajweed>نَ ۩ <span class=end>١٥</span>","End":"١٥","PageNumber":416,"JuzNumber":21,"ManzilNumber":5,"RukuNumber":359,"MaqraNumber":166,"HizbNumber":42,"HizbDecimal":0.25,"HasSajda":true},{"SurahNumber":32,"SurahIndex":"032","VerseNumber":16,"ShowSurahName":false,"ShowBismillah":false,"Text":"تَتَجَافَىٰ جُنُوبُهُمۡ عَنِ ٱلۡمَضَاجِعِ يَدۡعُونَ رَبَّهُمۡ خَوۡفٗا وَطَمَعٗا وَمِمَّا رَزَقۡنَٰهُمۡ يُنفِقُونَ","TajweedText":"تَتَجَافَىٰ جُنُوبُهُمْ عَنِ <tajweed class=ham_wasl>ٱ</tajweed>لْمَضَاجِعِ يَ<tajweed class=qalaqah>دْ</tajweed>عُونَ رَبَّهُمْ خَوْ<tajweed class=idgham_ghunnah>فًا و</tajweed>َطَمَ<tajweed class=idgham_ghunnah>عًا و</tajweed>َمِ<tajweed class=ghunnah>مّ</tajweed>َا رَزَ<tajweed class=qalaqah>قْ</tajweed>نَ<tajweed class=madda_normal>ـٰ</tajweed>هُمْ يُ<tajweed class=ikhafa>نف</tajweed>ِق<tajweed class=madda_permissible>ُو</tajweed>نَ <span class=end>١٦</span>","End":"١٦","PageNumber":416,"JuzNumber":21,"ManzilNumber":5,"RukuNumber":359,"MaqraNumber":166,"HizbNumber":42,"HizbDecimal":0.25,"HasSajda":false},{"SurahNumber":32,"SurahIndex":"032","VerseNumber":17,"ShowSurahName":false,"ShowBismillah":false,"Text":"فَلَا تَعۡلَمُ نَفۡسٞ مَّآ أُخۡفِيَ لَهُم مِّن قُرَّةِ أَعۡيُنٖ جَزَآءَۢ بِمَا كَانُواْ يَعۡمَلُونَ","TajweedText":"فَلَا تَعْلَمُ نَفْ<tajweed class=idgham_ghunnah>سٌ م</tajweed>ّ<tajweed class=madda_obligatory>َآ</tajweed> أُخْفِىَ لَه<tajweed class=idgham_shafawi>ُم م</tajweed>ِّ<tajweed class=ikhafa>ن ق</tajweed>ُرَّةِ أَعْيُ<tajweed class=ikhafa>نٍ ج</tajweed>َز<tajweed class=madda_obligatory>َا</tajweed>ٓ<tajweed class=iqlab>ءَۢ ب</tajweed>ِمَا كَانُو<tajweed class=slnt>اْ</tajweed> يَعْمَل<tajweed class=madda_permissible>ُو</tajweed>نَ <span class=end>١٧</span>","End":"١٧","PageNumber":416,"JuzNumber":21,"ManzilNumber":5,"RukuNumber":359,"MaqraNumber":166,"HizbNumber":42,"HizbDecimal":0.25,"HasSajda":false},{"SurahNumber":32,"SurahIndex":"032","VerseNumber":18,"ShowSurahName":false,"ShowBismillah":false,"Text":"أَفَمَن كَانَ مُؤۡمِنٗا كَمَن كَانَ فَاسِقٗاۚ لَّا يَسۡتَوُۥنَ","TajweedText":"أَفَمَ<tajweed class=ikhafa>ن ك</tajweed>َانَ مُؤْمِ<tajweed class=ikhafa>نًا ك</tajweed>َمَ<tajweed class=ikhafa>ن ك</tajweed>َانَ فَاسِ<tajweed class=idgham_wo_ghunnah>قًا‌ۚ ل</tajweed>َّا يَسْتَوُ<tajweed class=madda_permissible>ۥ</tajweed>نَ <span class=end>١٨</span>","End":"١٨","PageNumber":416,"JuzNumber":21,"ManzilNumber":5,"RukuNumber":359,"MaqraNumber":166,"HizbNumber":42,"HizbDecimal":0.25,"HasSajda":false},{"SurahNumber":32,"SurahIndex":"032","VerseNumber":19,"ShowSurahName":false,"ShowBismillah":false,"Text":"أَمَّا ٱلَّذِينَ ءَامَنُواْ وَعَمِلُواْ ٱلصَّـٰلِحَٰتِ فَلَهُمۡ جَنَّـٰتُ ٱلۡمَأۡوَىٰ نُزُلَۢا بِمَا كَانُواْ يَعۡمَلُونَ","TajweedText":"أَ<tajweed class=ghunnah>مّ</tajweed>َا <tajweed class=ham_wasl>ٱ</tajweed>لَّذِينَ ءَامَنُو<tajweed class=slnt>اْ</tajweed> وَعَمِلُو<tajweed class=slnt>اْ</tajweed> <tajweed class=ham_wasl>ٱ</tajweed><tajweed class=laam_shamsiyah>ل</tajweed>صَّ<tajweed class=madda_normal>ـٰ</tajweed>لِحَ<tajweed class=madda_normal>ـٰ</tajweed>تِ فَلَهُمْ جَ<tajweed class=ghunnah>نّ</tajweed>َ<tajweed class=madda_normal>ـٰ</tajweed>تُ <tajweed class=ham_wasl>ٱ</tajweed>لْمَأْوَىٰ نُزُل<tajweed class=iqlab>اَۢ ب</tajweed>ِمَا كَانُو<tajweed class=slnt>اْ</tajweed> يَعْمَل<tajweed class=madda_permissible>ُو</tajweed>نَ <span class=end>١٩</span>","End":"١٩","PageNumber":416,"JuzNumber":21,"ManzilNumber":5,"RukuNumber":359,"MaqraNumber":166,"HizbNumber":42,"HizbDecimal":0.25,"HasSajda":false},{"SurahNumber":32,"SurahIndex":"032","VerseNumber":20,"ShowSurahName":false,"ShowBismillah":false,"Text":"وَأَمَّا ٱلَّذِينَ فَسَقُواْ فَمَأۡوَىٰهُمُ ٱلنَّارُۖ كُلَّمَآ أَرَادُوٓاْ أَن يَخۡرُجُواْ مِنۡهَآ أُعِيدُواْ فِيهَا وَقِيلَ لَهُمۡ ذُوقُواْ عَذَابَ ٱلنَّارِ ٱلَّذِي كُنتُم بِهِۦ تُكَذِّبُونَ","TajweedText":"وَأَ<tajweed class=ghunnah>مّ</tajweed>َا <tajweed class=ham_wasl>ٱ</tajweed>لَّذِينَ فَسَقُو<tajweed class=slnt>اْ</tajweed> فَمَأْوَ<tajweed class=madda_normal>ٮٰ</tajweed>هُمُ <tajweed class=ham_wasl>ٱ</tajweed><tajweed class=laam_shamsiyah>ل</tajweed><tajweed class=ghunnah>نّ</tajweed>َارُ‌ۖ كُلَّم<tajweed class=madda_obligatory>َآ</tajweed> أَرَاد<tajweed class=madda_obligatory>ُوٓ</tajweed><tajweed class=slnt>اْ</tajweed> أ<tajweed class=idgham_ghunnah>َن ي</tajweed>َخْرُجُو<tajweed class=slnt>اْ</tajweed> مِنْه<tajweed class=madda_obligatory>َآ</tajweed> أُعِيدُو<tajweed class=slnt>اْ</tajweed> فِيهَا وَقِيلَ لَهُمْ ذُوقُو<tajweed class=slnt>اْ</tajweed> عَذَابَ <tajweed class=ham_wasl>ٱ</tajweed><tajweed class=laam_shamsiyah>ل</tajweed><tajweed class=ghunnah>نّ</tajweed>َارِ <tajweed class=ham_wasl>ٱ</tajweed>لَّذِى كُ<tajweed class=ikhafa>نت</tajweed><tajweed class=ikhafa_shafawi>ُم ب</tajweed>ِه<tajweed class=madda_normal>ِۦ</tajweed> تُكَذِّب<tajweed class=madda_permissible>ُو</tajweed>نَ <span class=end>٢٠</span>","End":"٢٠","PageNumber":416,"JuzNumber":21,"ManzilNumber":5,"RukuNumber":359,"MaqraNumber":166,"HizbNumber":42,"HizbDecimal":0.25,"HasSajda":false},{"SurahNumber":32,"SurahIndex":"032","VerseNumber":21,"ShowSurahName":false,"ShowBismillah":false,"Text":"وَلَنُذِيقَنَّهُم مِّنَ ٱلۡعَذَابِ ٱلۡأَدۡنَىٰ دُونَ ٱلۡعَذَابِ ٱلۡأَكۡبَرِ لَعَلَّهُمۡ يَرۡجِعُونَ","TajweedText":"وَلَنُذِيقَ<tajweed class=ghunnah>نّ</tajweed>َه<tajweed class=idgham_shafawi>ُم م</tajweed>ِّنَ <tajweed class=ham_wasl>ٱ</tajweed>لْعَذَابِ <tajweed class=ham_wasl>ٱ</tajweed>لْأَ<tajweed class=qalaqah>دْ</tajweed>نَىٰ دُونَ <tajweed class=ham_wasl>ٱ</tajweed>لْعَذَابِ <tajweed class=ham_wasl>ٱ</tajweed>لْأَكْبَرِ لَعَلَّهُمْ يَرْجِع<tajweed class=madda_permissible>ُو</tajweed>نَ <span class=end>٢١</span>","End":"٢١","PageNumber":417,"JuzNumber":21,"ManzilNumber":5,"RukuNumber":359,"MaqraNumber":166,"HizbNumber":42,"HizbDecimal":0.25,"HasSajda":false},{"SurahNumber":32,"SurahIndex":"032","VerseNumber":22,"ShowSurahName":false,"ShowBismillah":false,"Text":"وَمَنۡ أَظۡلَمُ مِمَّن ذُكِّرَ بِـَٔايَٰتِ رَبِّهِۦ ثُمَّ أَعۡرَضَ عَنۡهَآۚ إِنَّا مِنَ ٱلۡمُجۡرِمِينَ مُنتَقِمُونَ","TajweedText":"وَمَنْ أَظْلَمُ مِ<tajweed class=ghunnah>مّ</tajweed>َ<tajweed class=ikhafa>ن ذ</tajweed>ُكِّرَ بِـَٔـايَ<tajweed class=madda_normal>ـٰ</tajweed>تِ رَبِّه<tajweed class=madda_normal>ِۦ</tajweed> ثُ<tajweed class=ghunnah>مّ</tajweed>َ أَعْرَضَ عَنْه<tajweed class=madda_obligatory>َآ‌ۚ</tajweed> إِ<tajweed class=ghunnah>نّ</tajweed>َا مِنَ <tajweed class=ham_wasl>ٱ</tajweed>لْمُ<tajweed class=qalaqah>جْ</tajweed>رِمِينَ مُ<tajweed class=ikhafa>نت</tajweed>َقِم<tajweed class=madda_permissible>ُو</tajweed>نَ <span class=end>٢٢</span>","End":"٢٢","PageNumber":417,"JuzNumber":21,"ManzilNumber":5,"RukuNumber":359,"MaqraNumber":166,"HizbNumber":42,"HizbDecimal":0.25,"HasSajda":false}]}