{"RukuNumber":129,"Verses":[{"SurahNumber":7,"SurahIndex":"007","VerseNumber":59,"ShowSurahName":false,"ShowBismillah":false,"Text":"لَقَدۡ أَرۡسَلۡنَا نُوحًا إِلَىٰ قَوۡمِهِۦ فَقَالَ يَٰقَوۡمِ ٱعۡبُدُواْ ٱللَّهَ مَا لَكُم مِّنۡ إِلَٰهٍ غَيۡرُهُۥٓ إِنِّيٓ أَخَافُ عَلَيۡكُمۡ عَذَابَ يَوۡمٍ عَظِيمٖ","TajweedText":"لَقَ<tajweed class=qalaqah>دْ</tajweed> أَرْسَلْنَا نُوحًا إِلَىٰ قَوْمِه<tajweed class=madda_normal>ِۦ</tajweed> فَقَالَ يَ<tajweed class=madda_normal>ـٰ</tajweed>قَوْمِ <tajweed class=ham_wasl>ٱ</tajweed>عْبُدُو<tajweed class=slnt>اْ</tajweed> <tajweed class=ham_wasl>ٱ</tajweed>للَّهَ مَا لَك<tajweed class=idgham_shafawi>ُم م</tajweed>ِّنْ إِلَ<tajweed class=madda_normal>ـٰ</tajweed>هٍ غَيْرُهُ<tajweed class=madda_obligatory>ۥٓ</tajweed> إِ<tajweed class=ghunnah>نّ</tajweed><tajweed class=madda_obligatory>ِىٓ</tajweed> أَخَافُ عَلَيْكُمْ عَذَابَ يَوْمٍ عَظ<tajweed class=madda_permissible>ِي</tajweed>مٍ <span class=end>٥٩</span>","End":"٥٩","PageNumber":158,"JuzNumber":8,"ManzilNumber":2,"RukuNumber":129,"MaqraNumber":63,"HizbNumber":16,"HizbDecimal":0.5,"HasSajda":false},{"SurahNumber":7,"SurahIndex":"007","VerseNumber":60,"ShowSurahName":false,"ShowBismillah":false,"Text":"قَالَ ٱلۡمَلَأُ مِن قَوۡمِهِۦٓ إِنَّا لَنَرَىٰكَ فِي ضَلَٰلٖ مُّبِينٖ","TajweedText":"قَالَ <tajweed class=ham_wasl>ٱ</tajweed>لْمَلَأُ مِ<tajweed class=ikhafa>ن ق</tajweed>َوْمِه<tajweed class=madda_obligatory>ِۦٓ</tajweed> إِ<tajweed class=ghunnah>نّ</tajweed>َا لَنَرَ<tajweed class=madda_normal>ٮٰ</tajweed>كَ فِى ضَلَ<tajweed class=madda_normal>ـٰ</tajweed><tajweed class=idgham_ghunnah>لٍ م</tajweed>ُّب<tajweed class=madda_permissible>ِي</tajweed>نٍ <span class=end>٦٠</span>","End":"٦٠","PageNumber":158,"JuzNumber":8,"ManzilNumber":2,"RukuNumber":129,"MaqraNumber":63,"HizbNumber":16,"HizbDecimal":0.5,"HasSajda":false},{"SurahNumber":7,"SurahIndex":"007","VerseNumber":61,"ShowSurahName":false,"ShowBismillah":false,"Text":"قَالَ يَٰقَوۡمِ لَيۡسَ بِي ضَلَٰلَةٞ وَلَٰكِنِّي رَسُولٞ مِّن رَّبِّ ٱلۡعَٰلَمِينَ","TajweedText":"قَالَ يَ<tajweed class=madda_normal>ـٰ</tajweed>قَوْمِ لَيْسَ بِى ضَلَ<tajweed class=madda_normal>ـٰ</tajweed>لَ<tajweed class=idgham_ghunnah>ةٌ و</tajweed>َلَ<tajweed class=madda_normal>ـٰ</tajweed>كِ<tajweed class=ghunnah>نّ</tajweed>ِى رَسُو<tajweed class=idgham_ghunnah>لٌ م</tajweed>ّ<tajweed class=idgham_wo_ghunnah>ِن ر</tajweed>َّبِّ <tajweed class=ham_wasl>ٱ</tajweed>لْعَ<tajweed class=madda_normal>ـٰ</tajweed>لَم<tajweed class=madda_permissible>ِي</tajweed>نَ <span class=end>٦١</span>","End":"٦١","PageNumber":158,"JuzNumber":8,"ManzilNumber":2,"RukuNumber":129,"MaqraNumber":63,"HizbNumber":16,"HizbDecimal":0.5,"HasSajda":false},{"SurahNumber":7,"SurahIndex":"007","VerseNumber":62,"ShowSurahName":false,"ShowBismillah":false,"Text":"أُبَلِّغُكُمۡ رِسَٰلَٰتِ رَبِّي وَأَنصَحُ لَكُمۡ وَأَعۡلَمُ مِنَ ٱللَّهِ مَا لَا تَعۡلَمُونَ","TajweedText":"أُبَلِّغُكُمْ رِسَ<tajweed class=madda_normal>ـٰ</tajweed>لَ<tajweed class=madda_normal>ـٰ</tajweed>تِ رَبِّى وَأَ<tajweed class=ikhafa>نص</tajweed>َحُ لَكُمْ وَأَعْلَمُ مِنَ <tajweed class=ham_wasl>ٱ</tajweed>للَّهِ مَا لَا تَعْلَم<tajweed class=madda_permissible>ُو</tajweed>نَ <span class=end>٦٢</span>","End":"٦٢","PageNumber":158,"JuzNumber":8,"ManzilNumber":2,"RukuNumber":129,"MaqraNumber":63,"HizbNumber":16,"HizbDecimal":0.5,"HasSajda":false},{"SurahNumber":7,"SurahIndex":"007","VerseNumber":63,"ShowSurahName":false,"ShowBismillah":false,"Text":"أَوَعَجِبۡتُمۡ أَن جَآءَكُمۡ ذِكۡرٞ مِّن رَّبِّكُمۡ عَلَىٰ رَجُلٖ مِّنكُمۡ لِيُنذِرَكُمۡ وَلِتَتَّقُواْ وَلَعَلَّكُمۡ تُرۡحَمُونَ","TajweedText":"أَوَعَجِ<tajweed class=qalaqah>بْ</tajweed>تُمْ أَ<tajweed class=ikhafa>ن ج</tajweed><tajweed class=madda_obligatory>َا</tajweed>ٓءَكُمْ ذِكْ<tajweed class=idgham_ghunnah>رٌ م</tajweed>ّ<tajweed class=idgham_wo_ghunnah>ِن ر</tajweed>َّبِّكُمْ عَلَىٰ رَجُ<tajweed class=idgham_ghunnah>لٍ م</tajweed>ِّ<tajweed class=ikhafa>نك</tajweed>ُمْ لِيُ<tajweed class=ikhafa>نذ</tajweed>ِرَكُمْ وَلِتَتَّقُو<tajweed class=slnt>اْ</tajweed> وَلَعَلَّكُمْ تُرْحَم<tajweed class=madda_permissible>ُو</tajweed>نَ <span class=end>٦٣</span>","End":"٦٣","PageNumber":158,"JuzNumber":8,"ManzilNumber":2,"RukuNumber":129,"MaqraNumber":63,"HizbNumber":16,"HizbDecimal":0.5,"HasSajda":false},{"SurahNumber":7,"SurahIndex":"007","VerseNumber":64,"ShowSurahName":false,"ShowBismillah":false,"Text":"فَكَذَّبُوهُ فَأَنجَيۡنَٰهُ وَٱلَّذِينَ مَعَهُۥ فِي ٱلۡفُلۡكِ وَأَغۡرَقۡنَا ٱلَّذِينَ كَذَّبُواْ بِـَٔايَٰتِنَآۚ إِنَّهُمۡ كَانُواْ قَوۡمًا عَمِينَ","TajweedText":"فَكَذَّبُوهُ فَأَ<tajweed class=ikhafa>نج</tajweed>َيْنَ<tajweed class=madda_normal>ـٰ</tajweed>هُ وَ<tajweed class=ham_wasl>ٱ</tajweed>لَّذِينَ مَعَهُ<tajweed class=madda_normal>ۥ</tajweed> فِى <tajweed class=ham_wasl>ٱ</tajweed>لْفُلْكِ وَأَغْرَ<tajweed class=qalaqah>قْ</tajweed>نَا <tajweed class=ham_wasl>ٱ</tajweed>لَّذِينَ كَذَّبُو<tajweed class=slnt>اْ</tajweed> بِـَٔـايَ<tajweed class=madda_normal>ـٰ</tajweed>تِن<tajweed class=madda_obligatory>َآ‌ۚ</tajweed> إِ<tajweed class=ghunnah>نّ</tajweed>َهُمْ كَانُو<tajweed class=slnt>اْ</tajweed> قَوْمًا عَم<tajweed class=madda_permissible>ِي</tajweed>نَ <span class=end>٦٤</span>","End":"٦٤","PageNumber":158,"JuzNumber":8,"ManzilNumber":2,"RukuNumber":129,"MaqraNumber":63,"HizbNumber":16,"HizbDecimal":0.5,"HasSajda":false}]}