{"RukuNumber":530,"Verses":[{"SurahNumber":88,"SurahIndex":"088","VerseNumber":1,"ShowSurahName":true,"ShowBismillah":true,"Text":"هَلۡ أَتَىٰكَ حَدِيثُ ٱلۡغَٰشِيَةِ","TajweedText":"هَلْ أَتَ<tajweed class=madda_normal>ـٰ</tajweed>كَ حَدِيثُ <tajweed class=ham_wasl>ٱ</tajweed>لْغَ<tajweed class=madda_normal>ـٰ</tajweed>شِيَةِ <span class=end>١</span>","End":"١","PageNumber":592,"JuzNumber":30,"ManzilNumber":7,"RukuNumber":530,"MaqraNumber":237,"HizbNumber":60,"HizbDecimal":0.0,"HasSajda":false},{"SurahNumber":88,"SurahIndex":"088","VerseNumber":2,"ShowSurahName":false,"ShowBismillah":false,"Text":"وُجُوهٞ يَوۡمَئِذٍ خَٰشِعَةٌ","TajweedText":"وُجُو<tajweed class=idgham_ghunnah>هٌ ي</tajweed>َوْمَئِذٍ خَ<tajweed class=madda_normal>ـٰ</tajweed>شِعَةٌ <span class=end>٢</span>","End":"٢","PageNumber":592,"JuzNumber":30,"ManzilNumber":7,"RukuNumber":530,"MaqraNumber":237,"HizbNumber":60,"HizbDecimal":0.0,"HasSajda":false},{"SurahNumber":88,"SurahIndex":"088","VerseNumber":3,"ShowSurahName":false,"ShowBismillah":false,"Text":"عَامِلَةٞ نَّاصِبَةٞ","TajweedText":"عَامِلَ<tajweed class=idgham_ghunnah>ةٌ ن</tajweed>َّاصِبَةٌ <span class=end>٣</span>","End":"٣","PageNumber":592,"JuzNumber":30,"ManzilNumber":7,"RukuNumber":530,"MaqraNumber":237,"HizbNumber":60,"HizbDecimal":0.0,"HasSajda":false},{"SurahNumber":88,"SurahIndex":"088","VerseNumber":4,"ShowSurahName":false,"ShowBismillah":false,"Text":"تَصۡلَىٰ نَارًا حَامِيَةٗ","TajweedText":"تَصْلَىٰ نَارًا حَامِيَةً <span class=end>٤</span>","End":"٤","PageNumber":592,"JuzNumber":30,"ManzilNumber":7,"RukuNumber":530,"MaqraNumber":237,"HizbNumber":60,"HizbDecimal":0.0,"HasSajda":false},{"SurahNumber":88,"SurahIndex":"088","VerseNumber":5,"ShowSurahName":false,"ShowBismillah":false,"Text":"تُسۡقَىٰ مِنۡ عَيۡنٍ ءَانِيَةٖ","TajweedText":"تُسْقَىٰ مِنْ عَيْنٍ ءَانِيَةٍ <span class=end>٥</span>","End":"٥","PageNumber":592,"JuzNumber":30,"ManzilNumber":7,"RukuNumber":530,"MaqraNumber":237,"HizbNumber":60,"HizbDecimal":0.0,"HasSajda":false},{"SurahNumber":88,"SurahIndex":"088","VerseNumber":6,"ShowSurahName":false,"ShowBismillah":false,"Text":"لَّيۡسَ لَهُمۡ طَعَامٌ إِلَّا مِن ضَرِيعٖ","TajweedText":"لَّيْسَ لَهُمْ طَعَامٌ إِلَّا مِ<tajweed class=ikhafa>ن ض</tajweed>َر<tajweed class=madda_permissible>ِي</tajweed>عٍ <span class=end>٦</span>","End":"٦","PageNumber":592,"JuzNumber":30,"ManzilNumber":7,"RukuNumber":530,"MaqraNumber":237,"HizbNumber":60,"HizbDecimal":0.0,"HasSajda":false},{"SurahNumber":88,"SurahIndex":"088","VerseNumber":7,"ShowSurahName":false,"ShowBismillah":false,"Text":"لَّا يُسۡمِنُ وَلَا يُغۡنِي مِن جُوعٖ","TajweedText":"لَّا يُسْمِنُ وَلَا يُغْنِى مِ<tajweed class=ikhafa>ن ج</tajweed><tajweed class=madda_permissible>ُو</tajweed>عٍ <span class=end>٧</span>","End":"٧","PageNumber":592,"JuzNumber":30,"ManzilNumber":7,"RukuNumber":530,"MaqraNumber":237,"HizbNumber":60,"HizbDecimal":0.0,"HasSajda":false},{"SurahNumber":88,"SurahIndex":"088","VerseNumber":8,"ShowSurahName":false,"ShowBismillah":false,"Text":"وُجُوهٞ يَوۡمَئِذٖ نَّاعِمَةٞ","TajweedText":"وُجُو<tajweed class=idgham_ghunnah>هٌ ي</tajweed>َوْمَئِ<tajweed class=idgham_ghunnah>ذٍ ن</tajweed>َّاعِمَةٌ <span class=end>٨</span>","End":"٨","PageNumber":592,"JuzNumber":30,"ManzilNumber":7,"RukuNumber":530,"MaqraNumber":237,"HizbNumber":60,"HizbDecimal":0.0,"HasSajda":false},{"SurahNumber":88,"SurahIndex":"088","VerseNumber":9,"ShowSurahName":false,"ShowBismillah":false,"Text":"لِّسَعۡيِهَا رَاضِيَةٞ","TajweedText":"لِّسَعْيِهَا رَاضِيَةٌ <span class=end>٩</span>","End":"٩","PageNumber":592,"JuzNumber":30,"ManzilNumber":7,"RukuNumber":530,"MaqraNumber":237,"HizbNumber":60,"HizbDecimal":0.0,"HasSajda":false},{"SurahNumber":88,"SurahIndex":"088","VerseNumber":10,"ShowSurahName":false,"ShowBismillah":false,"Text":"فِي جَنَّةٍ عَالِيَةٖ","TajweedText":"فِى جَ<tajweed class=ghunnah>نّ</tajweed>َةٍ عَالِيَةٍ <span class=end>١٠</span>","End":"١٠","PageNumber":592,"JuzNumber":30,"ManzilNumber":7,"RukuNumber":530,"MaqraNumber":237,"HizbNumber":60,"HizbDecimal":0.0,"HasSajda":false},{"SurahNumber":88,"SurahIndex":"088","VerseNumber":11,"ShowSurahName":false,"ShowBismillah":false,"Text":"لَّا تَسۡمَعُ فِيهَا لَٰغِيَةٗ","TajweedText":"لَّا تَسْمَعُ فِيهَا لَ<tajweed class=madda_normal>ـٰ</tajweed>غِيَةً <span class=end>١١</span>","End":"١١","PageNumber":592,"JuzNumber":30,"ManzilNumber":7,"RukuNumber":530,"MaqraNumber":237,"HizbNumber":60,"HizbDecimal":0.0,"HasSajda":false},{"SurahNumber":88,"SurahIndex":"088","VerseNumber":12,"ShowSurahName":false,"ShowBismillah":false,"Text":"فِيهَا عَيۡنٞ جَارِيَةٞ","TajweedText":"فِيهَا عَيْ<tajweed class=ikhafa>نٌ ج</tajweed>َارِيَةٌ <span class=end>١٢</span>","End":"١٢","PageNumber":592,"JuzNumber":30,"ManzilNumber":7,"RukuNumber":530,"MaqraNumber":237,"HizbNumber":60,"HizbDecimal":0.0,"HasSajda":false},{"SurahNumber":88,"SurahIndex":"088","VerseNumber":13,"ShowSurahName":false,"ShowBismillah":false,"Text":"فِيهَا سُرُرٞ مَّرۡفُوعَةٞ","TajweedText":"فِيهَا سُرُ<tajweed class=idgham_ghunnah>رٌ م</tajweed>َّرْفُوعَةٌ <span class=end>١٣</span>","End":"١٣","PageNumber":592,"JuzNumber":30,"ManzilNumber":7,"RukuNumber":530,"MaqraNumber":237,"HizbNumber":60,"HizbDecimal":0.0,"HasSajda":false},{"SurahNumber":88,"SurahIndex":"088","VerseNumber":14,"ShowSurahName":false,"ShowBismillah":false,"Text":"وَأَكۡوَابٞ مَّوۡضُوعَةٞ","TajweedText":"وَأَكْوَا<tajweed class=idgham_ghunnah>بٌ م</tajweed>َّوْضُوعَةٌ <span class=end>١٤</span>","End":"١٤","PageNumber":592,"JuzNumber":30,"ManzilNumber":7,"RukuNumber":530,"MaqraNumber":237,"HizbNumber":60,"HizbDecimal":0.0,"HasSajda":false},{"SurahNumber":88,"SurahIndex":"088","VerseNumber":15,"ShowSurahName":false,"ShowBismillah":false,"Text":"وَنَمَارِقُ مَصۡفُوفَةٞ","TajweedText":"وَنَمَارِقُ مَصْفُوفَةٌ <span class=end>١٥</span>","End":"١٥","PageNumber":592,"JuzNumber":30,"ManzilNumber":7,"RukuNumber":530,"MaqraNumber":237,"HizbNumber":60,"HizbDecimal":0.0,"HasSajda":false},{"SurahNumber":88,"SurahIndex":"088","VerseNumber":16,"ShowSurahName":false,"ShowBismillah":false,"Text":"وَزَرَابِيُّ مَبۡثُوثَةٌ","TajweedText":"وَزَرَابِىُّ مَ<tajweed class=qalaqah>بْ</tajweed>ثُوثَةٌ <span class=end>١٦</span>","End":"١٦","PageNumber":592,"JuzNumber":30,"ManzilNumber":7,"RukuNumber":530,"MaqraNumber":237,"HizbNumber":60,"HizbDecimal":0.0,"HasSajda":false},{"SurahNumber":88,"SurahIndex":"088","VerseNumber":17,"ShowSurahName":false,"ShowBismillah":false,"Text":"أَفَلَا يَنظُرُونَ إِلَى ٱلۡإِبِلِ كَيۡفَ خُلِقَتۡ","TajweedText":"أَفَلَا يَ<tajweed class=ikhafa>نظ</tajweed>ُرُونَ إِلَى <tajweed class=ham_wasl>ٱ</tajweed>لْإِبِلِ كَيْفَ خُلِقَتْ <span class=end>١٧</span>","End":"١٧","PageNumber":592,"JuzNumber":30,"ManzilNumber":7,"RukuNumber":530,"MaqraNumber":237,"HizbNumber":60,"HizbDecimal":0.0,"HasSajda":false},{"SurahNumber":88,"SurahIndex":"088","VerseNumber":18,"ShowSurahName":false,"ShowBismillah":false,"Text":"وَإِلَى ٱلسَّمَآءِ كَيۡفَ رُفِعَتۡ","TajweedText":"وَإِلَى <tajweed class=ham_wasl>ٱ</tajweed><tajweed class=laam_shamsiyah>ل</tajweed>سَّم<tajweed class=madda_obligatory>َا</tajweed>ٓءِ كَيْفَ رُفِعَتْ <span class=end>١٨</span>","End":"١٨","PageNumber":592,"JuzNumber":30,"ManzilNumber":7,"RukuNumber":530,"MaqraNumber":237,"HizbNumber":60,"HizbDecimal":0.0,"HasSajda":false},{"SurahNumber":88,"SurahIndex":"088","VerseNumber":19,"ShowSurahName":false,"ShowBismillah":false,"Text":"وَإِلَى ٱلۡجِبَالِ كَيۡفَ نُصِبَتۡ","TajweedText":"وَإِلَى <tajweed class=ham_wasl>ٱ</tajweed>لْجِبَالِ كَيْفَ نُصِبَتْ <span class=end>١٩</span>","End":"١٩","PageNumber":592,"JuzNumber":30,"ManzilNumber":7,"RukuNumber":530,"MaqraNumber":237,"HizbNumber":60,"HizbDecimal":0.0,"HasSajda":false},{"SurahNumber":88,"SurahIndex":"088","VerseNumber":20,"ShowSurahName":false,"ShowBismillah":false,"Text":"وَإِلَى ٱلۡأَرۡضِ كَيۡفَ سُطِحَتۡ","TajweedText":"وَإِلَى <tajweed class=ham_wasl>ٱ</tajweed>لْأَرْضِ كَيْفَ سُطِحَتْ <span class=end>٢٠</span>","End":"٢٠","PageNumber":592,"JuzNumber":30,"ManzilNumber":7,"RukuNumber":530,"MaqraNumber":237,"HizbNumber":60,"HizbDecimal":0.0,"HasSajda":false},{"SurahNumber":88,"SurahIndex":"088","VerseNumber":21,"ShowSurahName":false,"ShowBismillah":false,"Text":"فَذَكِّرۡ إِنَّمَآ أَنتَ مُذَكِّرٞ","TajweedText":"فَذَكِّرْ إِ<tajweed class=ghunnah>نّ</tajweed>َم<tajweed class=madda_obligatory>َآ</tajweed> أَ<tajweed class=ikhafa>نت</tajweed>َ مُذَكِّرٌ <span class=end>٢١</span>","End":"٢١","PageNumber":592,"JuzNumber":30,"ManzilNumber":7,"RukuNumber":530,"MaqraNumber":237,"HizbNumber":60,"HizbDecimal":0.0,"HasSajda":false},{"SurahNumber":88,"SurahIndex":"088","VerseNumber":22,"ShowSurahName":false,"ShowBismillah":false,"Text":"لَّسۡتَ عَلَيۡهِم بِمُصَيۡطِرٍ","TajweedText":"لَّسْتَ عَلَيْه<tajweed class=ikhafa_shafawi>ِم ب</tajweed>ِمُصَيْطِرٍ <span class=end>٢٢</span>","End":"٢٢","PageNumber":592,"JuzNumber":30,"ManzilNumber":7,"RukuNumber":530,"MaqraNumber":237,"HizbNumber":60,"HizbDecimal":0.0,"HasSajda":false},{"SurahNumber":88,"SurahIndex":"088","VerseNumber":23,"ShowSurahName":false,"ShowBismillah":false,"Text":"إِلَّا مَن تَوَلَّىٰ وَكَفَرَ","TajweedText":"إِلَّا مَ<tajweed class=ikhafa>ن ت</tajweed>َوَلَّىٰ وَكَفَرَ <span class=end>٢٣</span>","End":"٢٣","PageNumber":592,"JuzNumber":30,"ManzilNumber":7,"RukuNumber":530,"MaqraNumber":237,"HizbNumber":60,"HizbDecimal":0.0,"HasSajda":false},{"SurahNumber":88,"SurahIndex":"088","VerseNumber":24,"ShowSurahName":false,"ShowBismillah":false,"Text":"فَيُعَذِّبُهُ ٱللَّهُ ٱلۡعَذَابَ ٱلۡأَكۡبَرَ","TajweedText":"فَيُعَذِّبُهُ <tajweed class=ham_wasl>ٱ</tajweed>للَّهُ <tajweed class=ham_wasl>ٱ</tajweed>لْعَذَابَ <tajweed class=ham_wasl>ٱ</tajweed>لْأَكْبَرَ <span class=end>٢٤</span>","End":"٢٤","PageNumber":592,"JuzNumber":30,"ManzilNumber":7,"RukuNumber":530,"MaqraNumber":237,"HizbNumber":60,"HizbDecimal":0.0,"HasSajda":false},{"SurahNumber":88,"SurahIndex":"088","VerseNumber":25,"ShowSurahName":false,"ShowBismillah":false,"Text":"إِنَّ إِلَيۡنَآ إِيَابَهُمۡ","TajweedText":"إِ<tajweed class=ghunnah>نّ</tajweed>َ إِلَيْن<tajweed class=madda_obligatory>َآ</tajweed> إِيَابَهُمْ <span class=end>٢٥</span>","End":"٢٥","PageNumber":592,"JuzNumber":30,"ManzilNumber":7,"RukuNumber":530,"MaqraNumber":237,"HizbNumber":60,"HizbDecimal":0.0,"HasSajda":false},{"SurahNumber":88,"SurahIndex":"088","VerseNumber":26,"ShowSurahName":false,"ShowBismillah":false,"Text":"ثُمَّ إِنَّ عَلَيۡنَا حِسَابَهُم","TajweedText":"ثُ<tajweed class=ghunnah>مّ</tajweed>َ إِ<tajweed class=ghunnah>نّ</tajweed>َ عَلَيْنَا حِسَابَهُم <span class=end>٢٦</span>","End":"٢٦","PageNumber":592,"JuzNumber":30,"ManzilNumber":7,"RukuNumber":530,"MaqraNumber":237,"HizbNumber":60,"HizbDecimal":0.0,"HasSajda":false}]}