{"RukuNumber":126,"Verses":[{"SurahNumber":7,"SurahIndex":"007","VerseNumber":40,"ShowSurahName":false,"ShowBismillah":false,"Text":"إِنَّ ٱلَّذِينَ كَذَّبُواْ بِـَٔايَٰتِنَا وَٱسۡتَكۡبَرُواْ عَنۡهَا لَا تُفَتَّحُ لَهُمۡ أَبۡوَٰبُ ٱلسَّمَآءِ وَلَا يَدۡخُلُونَ ٱلۡجَنَّةَ حَتَّىٰ يَلِجَ ٱلۡجَمَلُ فِي سَمِّ ٱلۡخِيَاطِۚ وَكَذَٰلِكَ نَجۡزِي ٱلۡمُجۡرِمِينَ","TajweedText":"إِ<tajweed class=ghunnah>نّ</tajweed>َ <tajweed class=ham_wasl>ٱ</tajweed>لَّذِينَ كَذَّبُو<tajweed class=slnt>اْ</tajweed> بِـَٔـايَ<tajweed class=madda_normal>ـٰ</tajweed>تِنَا وَ<tajweed class=ham_wasl>ٱ</tajweed>سْتَكْبَرُو<tajweed class=slnt>اْ</tajweed> عَنْهَا لَا تُفَتَّحُ لَهُمْ أَ<tajweed class=qalaqah>بْ</tajweed>و<tajweed class=madda_normal>َٲ</tajweed>بُ <tajweed class=ham_wasl>ٱ</tajweed><tajweed class=laam_shamsiyah>ل</tajweed>سَّم<tajweed class=madda_obligatory>َا</tajweed>ٓءِ وَلَا يَ<tajweed class=qalaqah>دْ</tajweed>خُلُونَ <tajweed class=ham_wasl>ٱ</tajweed>لْجَ<tajweed class=ghunnah>نّ</tajweed>َةَ حَتَّىٰ يَلِجَ <tajweed class=ham_wasl>ٱ</tajweed>لْجَمَلُ فِى سَ<tajweed class=ghunnah>مّ</tajweed>ِ <tajweed class=ham_wasl>ٱ</tajweed>لْخِيَاطِ‌ۚ وَكَذ<tajweed class=madda_normal>َٲ</tajweed>لِكَ نَ<tajweed class=qalaqah>جْ</tajweed>زِى <tajweed class=ham_wasl>ٱ</tajweed>لْمُ<tajweed class=qalaqah>جْ</tajweed>رِم<tajweed class=madda_permissible>ِي</tajweed>نَ <span class=end>٤٠</span>","End":"٤٠","PageNumber":155,"JuzNumber":8,"ManzilNumber":2,"RukuNumber":126,"MaqraNumber":62,"HizbNumber":16,"HizbDecimal":0.25,"HasSajda":false},{"SurahNumber":7,"SurahIndex":"007","VerseNumber":41,"ShowSurahName":false,"ShowBismillah":false,"Text":"لَهُم مِّن جَهَنَّمَ مِهَادٞ وَمِن فَوۡقِهِمۡ غَوَاشٖۚ وَكَذَٰلِكَ نَجۡزِي ٱلظَّـٰلِمِينَ","TajweedText":"لَه<tajweed class=idgham_shafawi>ُم م</tajweed>ِّ<tajweed class=ikhafa>ن ج</tajweed>َهَ<tajweed class=ghunnah>نّ</tajweed>َمَ مِهَا<tajweed class=idgham_ghunnah>دٌ و</tajweed>َمِ<tajweed class=ikhafa>ن ف</tajweed>َوْقِهِمْ غَوَا<tajweed class=idgham_ghunnah>شٍ‌ۚ و</tajweed>َكَذ<tajweed class=madda_normal>َٲ</tajweed>لِكَ نَ<tajweed class=qalaqah>جْ</tajweed>زِى <tajweed class=ham_wasl>ٱ</tajweed><tajweed class=laam_shamsiyah>ل</tajweed>ظَّ<tajweed class=madda_normal>ـٰ</tajweed>لِم<tajweed class=madda_permissible>ِي</tajweed>نَ <span class=end>٤١</span>","End":"٤١","PageNumber":155,"JuzNumber":8,"ManzilNumber":2,"RukuNumber":126,"MaqraNumber":62,"HizbNumber":16,"HizbDecimal":0.25,"HasSajda":false},{"SurahNumber":7,"SurahIndex":"007","VerseNumber":42,"ShowSurahName":false,"ShowBismillah":false,"Text":"وَٱلَّذِينَ ءَامَنُواْ وَعَمِلُواْ ٱلصَّـٰلِحَٰتِ لَا نُكَلِّفُ نَفۡسًا إِلَّا وُسۡعَهَآ أُوْلَـٰٓئِكَ أَصۡحَٰبُ ٱلۡجَنَّةِۖ هُمۡ فِيهَا خَٰلِدُونَ","TajweedText":"وَ<tajweed class=ham_wasl>ٱ</tajweed>لَّذِينَ ءَامَنُو<tajweed class=slnt>اْ</tajweed> وَعَمِلُو<tajweed class=slnt>اْ</tajweed> <tajweed class=ham_wasl>ٱ</tajweed><tajweed class=laam_shamsiyah>ل</tajweed>صَّ<tajweed class=madda_normal>ـٰ</tajweed>لِحَ<tajweed class=madda_normal>ـٰ</tajweed>تِ لَا نُكَلِّفُ نَفْسًا إِلَّا وُسْعَه<tajweed class=madda_obligatory>َآ</tajweed> أُ<tajweed class=slnt>وْ</tajweed>لَ<tajweed class=madda_obligatory>ـٰٓ</tajweed>ئِكَ أَصْحَ<tajweed class=madda_normal>ـٰ</tajweed>بُ <tajweed class=ham_wasl>ٱ</tajweed>لْجَ<tajweed class=ghunnah>نّ</tajweed>َةِ‌ۖ هُمْ فِيهَا خَ<tajweed class=madda_normal>ـٰ</tajweed>لِد<tajweed class=madda_permissible>ُو</tajweed>نَ <span class=end>٤٢</span>","End":"٤٢","PageNumber":155,"JuzNumber":8,"ManzilNumber":2,"RukuNumber":126,"MaqraNumber":62,"HizbNumber":16,"HizbDecimal":0.25,"HasSajda":false},{"SurahNumber":7,"SurahIndex":"007","VerseNumber":43,"ShowSurahName":false,"ShowBismillah":false,"Text":"وَنَزَعۡنَا مَا فِي صُدُورِهِم مِّنۡ غِلّٖ تَجۡرِي مِن تَحۡتِهِمُ ٱلۡأَنۡهَٰرُۖ وَقَالُواْ ٱلۡحَمۡدُ لِلَّهِ ٱلَّذِي هَدَىٰنَا لِهَٰذَا وَمَا كُنَّا لِنَهۡتَدِيَ لَوۡلَآ أَنۡ هَدَىٰنَا ٱللَّهُۖ لَقَدۡ جَآءَتۡ رُسُلُ رَبِّنَا بِٱلۡحَقِّۖ وَنُودُوٓاْ أَن تِلۡكُمُ ٱلۡجَنَّةُ أُورِثۡتُمُوهَا بِمَا كُنتُمۡ تَعۡمَلُونَ","TajweedText":"وَنَزَعْنَا مَا فِى صُدُورِه<tajweed class=idgham_shafawi>ِم م</tajweed>ِّنْ غِ<tajweed class=ikhafa>لٍّ ت</tajweed>َ<tajweed class=qalaqah>جْ</tajweed>رِى مِ<tajweed class=ikhafa>ن ت</tajweed>َحْتِهِمُ <tajweed class=ham_wasl>ٱ</tajweed>لْأَنْهَ<tajweed class=madda_normal>ـٰ</tajweed>رُ‌ۖ وَقَالُو<tajweed class=slnt>اْ</tajweed> <tajweed class=ham_wasl>ٱ</tajweed>لْحَمْدُ لِلَّهِ <tajweed class=ham_wasl>ٱ</tajweed>لَّذِى هَدَ<tajweed class=madda_normal>ٮٰ</tajweed>نَا لِهَ<tajweed class=madda_normal>ـٰ</tajweed>ذَا وَمَا كُ<tajweed class=ghunnah>نّ</tajweed>َا لِنَهْتَدِىَ لَوْل<tajweed class=madda_obligatory>َآ</tajweed> أَنْ هَدَ<tajweed class=madda_normal>ٮٰ</tajweed>نَا <tajweed class=ham_wasl>ٱ</tajweed>للَّهُ‌ۖ لَقَ<tajweed class=qalaqah>دْ</tajweed> ج<tajweed class=madda_obligatory>َا</tajweed>ٓءَتْ رُسُلُ رَبِّنَا بِ<tajweed class=ham_wasl>ٱ</tajweed>لْحَقِّ‌ۖ وَنُود<tajweed class=madda_obligatory>ُوٓ</tajweed><tajweed class=slnt>اْ</tajweed> أَ<tajweed class=ikhafa>ن ت</tajweed>ِلْكُمُ <tajweed class=ham_wasl>ٱ</tajweed>لْجَ<tajweed class=ghunnah>نّ</tajweed>َةُ أُورِثْتُمُوهَا بِمَا كُ<tajweed class=ikhafa>نت</tajweed>ُمْ تَعْمَل<tajweed class=madda_permissible>ُو</tajweed>نَ <span class=end>٤٣</span>","End":"٤٣","PageNumber":155,"JuzNumber":8,"ManzilNumber":2,"RukuNumber":126,"MaqraNumber":62,"HizbNumber":16,"HizbDecimal":0.25,"HasSajda":false},{"SurahNumber":7,"SurahIndex":"007","VerseNumber":44,"ShowSurahName":false,"ShowBismillah":false,"Text":"وَنَادَىٰٓ أَصۡحَٰبُ ٱلۡجَنَّةِ أَصۡحَٰبَ ٱلنَّارِ أَن قَدۡ وَجَدۡنَا مَا وَعَدَنَا رَبُّنَا حَقّٗا فَهَلۡ وَجَدتُّم مَّا وَعَدَ رَبُّكُمۡ حَقّٗاۖ قَالُواْ نَعَمۡۚ فَأَذَّنَ مُؤَذِّنُۢ بَيۡنَهُمۡ أَن لَّعۡنَةُ ٱللَّهِ عَلَى ٱلظَّـٰلِمِينَ","TajweedText":"وَنَادَ<tajweed class=madda_obligatory>ىٰٓ</tajweed> أَصْحَ<tajweed class=madda_normal>ـٰ</tajweed>بُ <tajweed class=ham_wasl>ٱ</tajweed>لْجَ<tajweed class=ghunnah>نّ</tajweed>َةِ أَصْحَ<tajweed class=madda_normal>ـٰ</tajweed>بَ <tajweed class=ham_wasl>ٱ</tajweed><tajweed class=laam_shamsiyah>ل</tajweed><tajweed class=ghunnah>نّ</tajweed>َارِ أَ<tajweed class=ikhafa>ن ق</tajweed>َ<tajweed class=qalaqah>دْ</tajweed> وَجَ<tajweed class=qalaqah>دْ</tajweed>نَا مَا وَعَدَنَا رَبُّنَا حَق<tajweed class=ikhafa>ًّا ف</tajweed>َهَلْ وَجَ<tajweed class=idgham_mutajanisayn>د</tajweed>تّ<tajweed class=idgham_shafawi>ُم م</tajweed>َّا وَعَدَ رَبُّكُمْ حَق<tajweed class=ikhafa>ًّا‌ۖ ق</tajweed>َالُو<tajweed class=slnt>اْ</tajweed> نَعَمْ‌ۚ فَأَذَّنَ مُؤَذِّ<tajweed class=iqlab>نُۢ ب</tajweed>َيْنَهُمْ أ<tajweed class=idgham_wo_ghunnah>َن ل</tajweed>َّعْنَةُ <tajweed class=ham_wasl>ٱ</tajweed>للَّهِ عَلَى <tajweed class=ham_wasl>ٱ</tajweed><tajweed class=laam_shamsiyah>ل</tajweed>ظَّ<tajweed class=madda_normal>ـٰ</tajweed>لِم<tajweed class=madda_permissible>ِي</tajweed>نَ <span class=end>٤٤</span>","End":"٤٤","PageNumber":156,"JuzNumber":8,"ManzilNumber":2,"RukuNumber":126,"MaqraNumber":62,"HizbNumber":16,"HizbDecimal":0.25,"HasSajda":false},{"SurahNumber":7,"SurahIndex":"007","VerseNumber":45,"ShowSurahName":false,"ShowBismillah":false,"Text":"ٱلَّذِينَ يَصُدُّونَ عَن سَبِيلِ ٱللَّهِ وَيَبۡغُونَهَا عِوَجٗا وَهُم بِٱلۡأٓخِرَةِ كَٰفِرُونَ","TajweedText":"ٱلَّذِينَ يَصُدُّونَ عَ<tajweed class=ikhafa>ن س</tajweed>َبِيلِ <tajweed class=ham_wasl>ٱ</tajweed>للَّهِ وَيَ<tajweed class=qalaqah>بْ</tajweed>غُونَهَا عِوَ<tajweed class=idgham_ghunnah>جًا و</tajweed>َه<tajweed class=ikhafa_shafawi>ُم ب</tajweed>ِ<tajweed class=ham_wasl>ٱ</tajweed>لْأَخِرَةِ كَ<tajweed class=madda_normal>ـٰ</tajweed>فِر<tajweed class=madda_permissible>ُو</tajweed>نَ <span class=end>٤٥</span>","End":"٤٥","PageNumber":156,"JuzNumber":8,"ManzilNumber":2,"RukuNumber":126,"MaqraNumber":62,"HizbNumber":16,"HizbDecimal":0.25,"HasSajda":false},{"SurahNumber":7,"SurahIndex":"007","VerseNumber":46,"ShowSurahName":false,"ShowBismillah":false,"Text":"وَبَيۡنَهُمَا حِجَابٞۚ وَعَلَى ٱلۡأَعۡرَافِ رِجَالٞ يَعۡرِفُونَ كُلَّۢا بِسِيمَىٰهُمۡۚ وَنَادَوۡاْ أَصۡحَٰبَ ٱلۡجَنَّةِ أَن سَلَٰمٌ عَلَيۡكُمۡۚ لَمۡ يَدۡخُلُوهَا وَهُمۡ يَطۡمَعُونَ","TajweedText":"وَبَيْنَهُمَا حِجَا<tajweed class=idgham_ghunnah>بٌ‌ۚ و</tajweed>َعَلَى <tajweed class=ham_wasl>ٱ</tajweed>لْأَعْرَافِ رِجَا<tajweed class=idgham_ghunnah>لٌ ي</tajweed>َعْرِفُونَ كُلا<tajweed class=iqlab>َّۢ ب</tajweed>ِسِيمَ<tajweed class=madda_normal>ـٰ</tajweed>هُمْ‌ۚ وَنَادَوْ<tajweed class=slnt>اْ</tajweed> أَصْحَ<tajweed class=madda_normal>ـٰ</tajweed>بَ <tajweed class=ham_wasl>ٱ</tajweed>لْجَ<tajweed class=ghunnah>نّ</tajweed>َةِ أَ<tajweed class=ikhafa>ن س</tajweed>َلَ<tajweed class=madda_normal>ـٰ</tajweed>مٌ عَلَيْكُمْ‌ۚ لَمْ يَ<tajweed class=qalaqah>دْ</tajweed>خُلُوهَا وَهُمْ يَ<tajweed class=qalaqah>طْ</tajweed>مَع<tajweed class=madda_permissible>ُو</tajweed>نَ <span class=end>٤٦</span>","End":"٤٦","PageNumber":156,"JuzNumber":8,"ManzilNumber":2,"RukuNumber":126,"MaqraNumber":62,"HizbNumber":16,"HizbDecimal":0.25,"HasSajda":false},{"SurahNumber":7,"SurahIndex":"007","VerseNumber":47,"ShowSurahName":false,"ShowBismillah":false,"Text":"۞وَإِذَا صُرِفَتۡ أَبۡصَٰرُهُمۡ تِلۡقَآءَ أَصۡحَٰبِ ٱلنَّارِ قَالُواْ رَبَّنَا لَا تَجۡعَلۡنَا مَعَ ٱلۡقَوۡمِ ٱلظَّـٰلِمِينَ","TajweedText":"۞ وَإِذَا صُرِفَتْ أَ<tajweed class=qalaqah>بْ</tajweed>صَ<tajweed class=madda_normal>ـٰ</tajweed>رُهُمْ تِلْق<tajweed class=madda_obligatory>َا</tajweed>ٓءَ أَصْحَ<tajweed class=madda_normal>ـٰ</tajweed>بِ <tajweed class=ham_wasl>ٱ</tajweed><tajweed class=laam_shamsiyah>ل</tajweed><tajweed class=ghunnah>نّ</tajweed>َارِ قَالُو<tajweed class=slnt>اْ</tajweed> رَبَّنَا لَا تَ<tajweed class=qalaqah>جْ</tajweed>عَلْنَا مَعَ <tajweed class=ham_wasl>ٱ</tajweed>لْقَوْمِ <tajweed class=ham_wasl>ٱ</tajweed><tajweed class=laam_shamsiyah>ل</tajweed>ظَّ<tajweed class=madda_normal>ـٰ</tajweed>لِم<tajweed class=madda_permissible>ِي</tajweed>نَ <span class=end>٤٧</span>","End":"٤٧","PageNumber":156,"JuzNumber":8,"ManzilNumber":2,"RukuNumber":126,"MaqraNumber":63,"HizbNumber":16,"HizbDecimal":0.5,"HasSajda":false}]}