{"RukuNumber":416,"Verses":[{"SurahNumber":41,"SurahIndex":"041","VerseNumber":26,"ShowSurahName":false,"ShowBismillah":false,"Text":"وَقَالَ ٱلَّذِينَ كَفَرُواْ لَا تَسۡمَعُواْ لِهَٰذَا ٱلۡقُرۡءَانِ وَٱلۡغَوۡاْ فِيهِ لَعَلَّكُمۡ تَغۡلِبُونَ","TajweedText":"وَقَالَ <tajweed class=ham_wasl>ٱ</tajweed>لَّذِينَ كَفَرُو<tajweed class=slnt>اْ</tajweed> لَا تَسْمَعُو<tajweed class=slnt>اْ</tajweed> لِهَ<tajweed class=madda_normal>ـٰ</tajweed>ذَا <tajweed class=ham_wasl>ٱ</tajweed>لْقُرْءَانِ وَ<tajweed class=ham_wasl>ٱ</tajweed>لْغَوْ<tajweed class=slnt>اْ</tajweed> فِيهِ لَعَلَّكُمْ تَغْلِب<tajweed class=madda_permissible>ُو</tajweed>نَ <span class=end>٢٦</span>","End":"٢٦","PageNumber":479,"JuzNumber":24,"ManzilNumber":6,"RukuNumber":416,"MaqraNumber":192,"HizbNumber":48,"HizbDecimal":0.75,"HasSajda":false},{"SurahNumber":41,"SurahIndex":"041","VerseNumber":27,"ShowSurahName":false,"ShowBismillah":false,"Text":"فَلَنُذِيقَنَّ ٱلَّذِينَ كَفَرُواْ عَذَابٗا شَدِيدٗا وَلَنَجۡزِيَنَّهُمۡ أَسۡوَأَ ٱلَّذِي كَانُواْ يَعۡمَلُونَ","TajweedText":"فَلَنُذِيقَ<tajweed class=ghunnah>نّ</tajweed>َ <tajweed class=ham_wasl>ٱ</tajweed>لَّذِينَ كَفَرُو<tajweed class=slnt>اْ</tajweed> عَذَا<tajweed class=ikhafa>بًا ش</tajweed>َدِي<tajweed class=idgham_ghunnah>دًا و</tajweed>َلَنَ<tajweed class=qalaqah>جْ</tajweed>زِيَ<tajweed class=ghunnah>نّ</tajweed>َهُمْ أَسْوَأَ <tajweed class=ham_wasl>ٱ</tajweed>لَّذِى كَانُو<tajweed class=slnt>اْ</tajweed> يَعْمَل<tajweed class=madda_permissible>ُو</tajweed>نَ <span class=end>٢٧</span>","End":"٢٧","PageNumber":479,"JuzNumber":24,"ManzilNumber":6,"RukuNumber":416,"MaqraNumber":192,"HizbNumber":48,"HizbDecimal":0.75,"HasSajda":false},{"SurahNumber":41,"SurahIndex":"041","VerseNumber":28,"ShowSurahName":false,"ShowBismillah":false,"Text":"ذَٰلِكَ جَزَآءُ أَعۡدَآءِ ٱللَّهِ ٱلنَّارُۖ لَهُمۡ فِيهَا دَارُ ٱلۡخُلۡدِ جَزَآءَۢ بِمَا كَانُواْ بِـَٔايَٰتِنَا يَجۡحَدُونَ","TajweedText":"ذ<tajweed class=madda_normal>َٲ</tajweed>لِكَ جَز<tajweed class=madda_obligatory>َا</tajweed>ٓءُ أَعْد<tajweed class=madda_obligatory>َا</tajweed>ٓءِ <tajweed class=ham_wasl>ٱ</tajweed>للَّهِ <tajweed class=ham_wasl>ٱ</tajweed><tajweed class=laam_shamsiyah>ل</tajweed><tajweed class=ghunnah>نّ</tajweed>َارُ‌ۖ لَهُمْ فِيهَا دَارُ <tajweed class=ham_wasl>ٱ</tajweed>لْخُلْدِ‌ۖ جَز<tajweed class=madda_obligatory>َا</tajweed>ٓ<tajweed class=iqlab>ءَۢ ب</tajweed>ِمَا كَانُو<tajweed class=slnt>اْ</tajweed> بِـَٔـايَ<tajweed class=madda_normal>ـٰ</tajweed>تِنَا يَ<tajweed class=qalaqah>جْ</tajweed>حَد<tajweed class=madda_permissible>ُو</tajweed>نَ <span class=end>٢٨</span>","End":"٢٨","PageNumber":479,"JuzNumber":24,"ManzilNumber":6,"RukuNumber":416,"MaqraNumber":192,"HizbNumber":48,"HizbDecimal":0.75,"HasSajda":false},{"SurahNumber":41,"SurahIndex":"041","VerseNumber":29,"ShowSurahName":false,"ShowBismillah":false,"Text":"وَقَالَ ٱلَّذِينَ كَفَرُواْ رَبَّنَآ أَرِنَا ٱلَّذَيۡنِ أَضَلَّانَا مِنَ ٱلۡجِنِّ وَٱلۡإِنسِ نَجۡعَلۡهُمَا تَحۡتَ أَقۡدَامِنَا لِيَكُونَا مِنَ ٱلۡأَسۡفَلِينَ","TajweedText":"وَقَالَ <tajweed class=ham_wasl>ٱ</tajweed>لَّذِينَ كَفَرُو<tajweed class=slnt>اْ</tajweed> رَبَّن<tajweed class=madda_obligatory>َآ</tajweed> أَرِنَا <tajweed class=ham_wasl>ٱ</tajweed>لَّذَيْنِ أَضَلَّانَا مِنَ <tajweed class=ham_wasl>ٱ</tajweed>لْجِ<tajweed class=ghunnah>نّ</tajweed>ِ وَ<tajweed class=ham_wasl>ٱ</tajweed>لْإِ<tajweed class=ikhafa>نس</tajweed>ِ نَ<tajweed class=qalaqah>جْ</tajweed>عَلْهُمَا تَحْتَ أَ<tajweed class=qalaqah>قْ</tajweed>دَامِنَا لِيَكُونَا مِنَ <tajweed class=ham_wasl>ٱ</tajweed>لْأَسْفَل<tajweed class=madda_permissible>ِي</tajweed>نَ <span class=end>٢٩</span>","End":"٢٩","PageNumber":479,"JuzNumber":24,"ManzilNumber":6,"RukuNumber":416,"MaqraNumber":192,"HizbNumber":48,"HizbDecimal":0.75,"HasSajda":false},{"SurahNumber":41,"SurahIndex":"041","VerseNumber":30,"ShowSurahName":false,"ShowBismillah":false,"Text":"إِنَّ ٱلَّذِينَ قَالُواْ رَبُّنَا ٱللَّهُ ثُمَّ ٱسۡتَقَٰمُواْ تَتَنَزَّلُ عَلَيۡهِمُ ٱلۡمَلَـٰٓئِكَةُ أَلَّا تَخَافُواْ وَلَا تَحۡزَنُواْ وَأَبۡشِرُواْ بِٱلۡجَنَّةِ ٱلَّتِي كُنتُمۡ تُوعَدُونَ","TajweedText":"إِ<tajweed class=ghunnah>نّ</tajweed>َ <tajweed class=ham_wasl>ٱ</tajweed>لَّذِينَ قَالُو<tajweed class=slnt>اْ</tajweed> رَبُّنَا <tajweed class=ham_wasl>ٱ</tajweed>للَّهُ ثُ<tajweed class=ghunnah>مّ</tajweed>َ <tajweed class=ham_wasl>ٱ</tajweed>سْتَقَ<tajweed class=madda_normal>ـٰ</tajweed>مُو<tajweed class=slnt>اْ</tajweed> تَتَنَزَّلُ عَلَيْهِمُ <tajweed class=ham_wasl>ٱ</tajweed>لْمَلَ<tajweed class=madda_obligatory>ـٰٓ</tajweed>ئِكَةُ أَلَّا تَخَافُو<tajweed class=slnt>اْ</tajweed> وَلَا تَحْزَنُو<tajweed class=slnt>اْ</tajweed> وَأَ<tajweed class=qalaqah>بْ</tajweed>شِرُو<tajweed class=slnt>اْ</tajweed> بِ<tajweed class=ham_wasl>ٱ</tajweed>لْجَ<tajweed class=ghunnah>نّ</tajweed>َةِ <tajweed class=ham_wasl>ٱ</tajweed>لَّتِى كُ<tajweed class=ikhafa>نت</tajweed>ُمْ تُوعَد<tajweed class=madda_permissible>ُو</tajweed>نَ <span class=end>٣٠</span>","End":"٣٠","PageNumber":480,"JuzNumber":24,"ManzilNumber":6,"RukuNumber":416,"MaqraNumber":192,"HizbNumber":48,"HizbDecimal":0.75,"HasSajda":false},{"SurahNumber":41,"SurahIndex":"041","VerseNumber":31,"ShowSurahName":false,"ShowBismillah":false,"Text":"نَحۡنُ أَوۡلِيَآؤُكُمۡ فِي ٱلۡحَيَوٰةِ ٱلدُّنۡيَا وَفِي ٱلۡأٓخِرَةِۖ وَلَكُمۡ فِيهَا مَا تَشۡتَهِيٓ أَنفُسُكُمۡ وَلَكُمۡ فِيهَا مَا تَدَّعُونَ","TajweedText":"نَحْنُ أَوْلِي<tajweed class=madda_obligatory>َا</tajweed>ٓؤُكُمْ فِى <tajweed class=ham_wasl>ٱ</tajweed>لْحَيَ<tajweed class=slnt>و</tajweed><tajweed class=madda_normal>ٲ</tajweed>ةِ <tajweed class=ham_wasl>ٱ</tajweed><tajweed class=laam_shamsiyah>ل</tajweed>دُّنْيَا وَفِى <tajweed class=ham_wasl>ٱ</tajweed>لْأَخِرَةِ‌ۖ وَلَكُمْ فِيهَا مَا تَشْتَه<tajweed class=madda_obligatory>ِىٓ</tajweed> أَ<tajweed class=ikhafa>نف</tajweed>ُسُكُمْ وَلَكُمْ فِيهَا مَا تَدَّع<tajweed class=madda_permissible>ُو</tajweed>نَ <span class=end>٣١</span>","End":"٣١","PageNumber":480,"JuzNumber":24,"ManzilNumber":6,"RukuNumber":416,"MaqraNumber":192,"HizbNumber":48,"HizbDecimal":0.75,"HasSajda":false},{"SurahNumber":41,"SurahIndex":"041","VerseNumber":32,"ShowSurahName":false,"ShowBismillah":false,"Text":"نُزُلٗا مِّنۡ غَفُورٖ رَّحِيمٖ","TajweedText":"نُزُل<tajweed class=idgham_ghunnah>اً م</tajweed>ِّنْ غَفُو<tajweed class=idgham_wo_ghunnah>رٍ ر</tajweed>َّح<tajweed class=madda_permissible>ِي</tajweed>مٍ <span class=end>٣٢</span>","End":"٣٢","PageNumber":480,"JuzNumber":24,"ManzilNumber":6,"RukuNumber":416,"MaqraNumber":192,"HizbNumber":48,"HizbDecimal":0.75,"HasSajda":false}]}