{"RukuNumber":22,"Verses":[{"SurahNumber":2,"SurahIndex":"002","VerseNumber":168,"ShowSurahName":false,"ShowBismillah":false,"Text":"يَـٰٓأَيُّهَا ٱلنَّاسُ كُلُواْ مِمَّا فِي ٱلۡأَرۡضِ حَلَٰلٗا طَيِّبٗا وَلَا تَتَّبِعُواْ خُطُوَٰتِ ٱلشَّيۡطَٰنِۚ إِنَّهُۥ لَكُمۡ عَدُوّٞ مُّبِينٌ","TajweedText":"يَ<tajweed class=madda_obligatory>ـٰٓ</tajweed>أَيُّهَا <tajweed class=ham_wasl>ٱ</tajweed><tajweed class=laam_shamsiyah>ل</tajweed><tajweed class=ghunnah>نّ</tajweed>َاسُ كُلُو<tajweed class=slnt>اْ</tajweed> مِ<tajweed class=ghunnah>مّ</tajweed>َا فِى <tajweed class=ham_wasl>ٱ</tajweed>لْأَرْضِ حَلَ<tajweed class=madda_normal>ـٰ</tajweed>ل<tajweed class=ikhafa>اً ط</tajweed>َيِّ<tajweed class=idgham_ghunnah>بًا و</tajweed>َلَا تَتَّبِعُو<tajweed class=slnt>اْ</tajweed> خُطُو<tajweed class=madda_normal>َٲ</tajweed>تِ <tajweed class=ham_wasl>ٱ</tajweed><tajweed class=laam_shamsiyah>ل</tajweed>شَّيْطَ<tajweed class=madda_normal>ـٰ</tajweed>نِ‌ۚ إِ<tajweed class=ghunnah>نّ</tajweed>َهُ<tajweed class=madda_normal>ۥ</tajweed> لَكُمْ عَدُ<tajweed class=idgham_ghunnah>وٌّ م</tajweed>ُّب<tajweed class=madda_permissible>ِي</tajweed>نٌ <span class=end>١٦٨</span>","End":"١٦٨","PageNumber":25,"JuzNumber":2,"ManzilNumber":1,"RukuNumber":22,"MaqraNumber":10,"HizbNumber":3,"HizbDecimal":0.25,"HasSajda":false},{"SurahNumber":2,"SurahIndex":"002","VerseNumber":169,"ShowSurahName":false,"ShowBismillah":false,"Text":"إِنَّمَا يَأۡمُرُكُم بِٱلسُّوٓءِ وَٱلۡفَحۡشَآءِ وَأَن تَقُولُواْ عَلَى ٱللَّهِ مَا لَا تَعۡلَمُونَ","TajweedText":"إِ<tajweed class=ghunnah>نّ</tajweed>َمَا يَأْمُرُك<tajweed class=ikhafa_shafawi>ُم ب</tajweed>ِ<tajweed class=ham_wasl>ٱ</tajweed><tajweed class=laam_shamsiyah>ل</tajweed>سّ<tajweed class=madda_obligatory>ُو</tajweed>ٓءِ وَ<tajweed class=ham_wasl>ٱ</tajweed>لْفَحْش<tajweed class=madda_obligatory>َا</tajweed>ٓءِ وَأَ<tajweed class=ikhafa>ن ت</tajweed>َقُولُو<tajweed class=slnt>اْ</tajweed> عَلَى <tajweed class=ham_wasl>ٱ</tajweed>للَّهِ مَا لَا تَعْلَم<tajweed class=madda_permissible>ُو</tajweed>نَ <span class=end>١٦٩</span>","End":"١٦٩","PageNumber":25,"JuzNumber":2,"ManzilNumber":1,"RukuNumber":22,"MaqraNumber":10,"HizbNumber":3,"HizbDecimal":0.25,"HasSajda":false},{"SurahNumber":2,"SurahIndex":"002","VerseNumber":170,"ShowSurahName":false,"ShowBismillah":false,"Text":"وَإِذَا قِيلَ لَهُمُ ٱتَّبِعُواْ مَآ أَنزَلَ ٱللَّهُ قَالُواْ بَلۡ نَتَّبِعُ مَآ أَلۡفَيۡنَا عَلَيۡهِ ءَابَآءَنَآۚ أَوَلَوۡ كَانَ ءَابَآؤُهُمۡ لَا يَعۡقِلُونَ شَيۡـٔٗا وَلَا يَهۡتَدُونَ","TajweedText":"وَإِذَا قِيلَ لَهُمُ <tajweed class=ham_wasl>ٱ</tajweed>تَّبِعُو<tajweed class=slnt>اْ</tajweed> م<tajweed class=madda_obligatory>َآ</tajweed> أَ<tajweed class=ikhafa>نز</tajweed>َلَ <tajweed class=ham_wasl>ٱ</tajweed>للَّهُ قَالُو<tajweed class=slnt>اْ</tajweed> بَلْ نَتَّبِعُ م<tajweed class=madda_obligatory>َآ</tajweed> أَلْفَيْنَا عَلَيْهِ ءَاب<tajweed class=madda_obligatory>َا</tajweed>ٓءَن<tajweed class=madda_obligatory>َآ‌ۗ</tajweed> أَوَلَوْ كَانَ ءَاب<tajweed class=madda_obligatory>َا</tajweed>ٓؤُهُمْ لَا يَعْقِلُونَ شَيْـ<tajweed class=idgham_ghunnah>ـًٔا و</tajweed>َلَا يَهْتَد<tajweed class=madda_permissible>ُو</tajweed>نَ <span class=end>١٧٠</span>","End":"١٧٠","PageNumber":26,"JuzNumber":2,"ManzilNumber":1,"RukuNumber":22,"MaqraNumber":10,"HizbNumber":3,"HizbDecimal":0.25,"HasSajda":false},{"SurahNumber":2,"SurahIndex":"002","VerseNumber":171,"ShowSurahName":false,"ShowBismillah":false,"Text":"وَمَثَلُ ٱلَّذِينَ كَفَرُواْ كَمَثَلِ ٱلَّذِي يَنۡعِقُ بِمَا لَا يَسۡمَعُ إِلَّا دُعَآءٗ وَنِدَآءٗۚ صُمُّۢ بُكۡمٌ عُمۡيٞ فَهُمۡ لَا يَعۡقِلُونَ","TajweedText":"وَمَثَلُ <tajweed class=ham_wasl>ٱ</tajweed>لَّذِينَ كَفَرُو<tajweed class=slnt>اْ</tajweed> كَمَثَلِ <tajweed class=ham_wasl>ٱ</tajweed>لَّذِى يَنْعِقُ بِمَا لَا يَسْمَعُ إِلَّا دُع<tajweed class=madda_obligatory>َا</tajweed>ٓ<tajweed class=idgham_ghunnah>ءً و</tajweed>َنِد<tajweed class=madda_obligatory>َا</tajweed>ٓ<tajweed class=ikhafa>ءً‌ۚ ص</tajweed>ُم<tajweed class=iqlab>ُّۢ ب</tajweed>ُكْمٌ عُمْ<tajweed class=ikhafa>ىٌ ف</tajweed>َهُمْ لَا يَعْقِل<tajweed class=madda_permissible>ُو</tajweed>نَ <span class=end>١٧١</span>","End":"١٧١","PageNumber":26,"JuzNumber":2,"ManzilNumber":1,"RukuNumber":22,"MaqraNumber":10,"HizbNumber":3,"HizbDecimal":0.25,"HasSajda":false},{"SurahNumber":2,"SurahIndex":"002","VerseNumber":172,"ShowSurahName":false,"ShowBismillah":false,"Text":"يَـٰٓأَيُّهَا ٱلَّذِينَ ءَامَنُواْ كُلُواْ مِن طَيِّبَٰتِ مَا رَزَقۡنَٰكُمۡ وَٱشۡكُرُواْ لِلَّهِ إِن كُنتُمۡ إِيَّاهُ تَعۡبُدُونَ","TajweedText":"يَ<tajweed class=madda_obligatory>ـٰٓ</tajweed>أَيُّهَا <tajweed class=ham_wasl>ٱ</tajweed>لَّذِينَ ءَامَنُو<tajweed class=slnt>اْ</tajweed> كُلُو<tajweed class=slnt>اْ</tajweed> مِ<tajweed class=ikhafa>ن ط</tajweed>َيِّبَ<tajweed class=madda_normal>ـٰ</tajweed>تِ مَا رَزَ<tajweed class=qalaqah>قْ</tajweed>نَ<tajweed class=madda_normal>ـٰ</tajweed>كُمْ وَ<tajweed class=ham_wasl>ٱ</tajweed>شْكُرُو<tajweed class=slnt>اْ</tajweed> لِلَّهِ إِ<tajweed class=ikhafa>ن ك</tajweed>ُ<tajweed class=ikhafa>نت</tajweed>ُمْ إِيَّاهُ تَعْبُد<tajweed class=madda_permissible>ُو</tajweed>نَ <span class=end>١٧٢</span>","End":"١٧٢","PageNumber":26,"JuzNumber":2,"ManzilNumber":1,"RukuNumber":22,"MaqraNumber":10,"HizbNumber":3,"HizbDecimal":0.25,"HasSajda":false},{"SurahNumber":2,"SurahIndex":"002","VerseNumber":173,"ShowSurahName":false,"ShowBismillah":false,"Text":"إِنَّمَا حَرَّمَ عَلَيۡكُمُ ٱلۡمَيۡتَةَ وَٱلدَّمَ وَلَحۡمَ ٱلۡخِنزِيرِ وَمَآ أُهِلَّ بِهِۦ لِغَيۡرِ ٱللَّهِۖ فَمَنِ ٱضۡطُرَّ غَيۡرَ بَاغٖ وَلَا عَادٖ فَلَآ إِثۡمَ عَلَيۡهِۚ إِنَّ ٱللَّهَ غَفُورٞ رَّحِيمٌ","TajweedText":"إِ<tajweed class=ghunnah>نّ</tajweed>َمَا حَرَّمَ عَلَيْكُمُ <tajweed class=ham_wasl>ٱ</tajweed>لْمَيْتَةَ وَ<tajweed class=ham_wasl>ٱ</tajweed><tajweed class=laam_shamsiyah>ل</tajweed>دَّمَ وَلَحْمَ <tajweed class=ham_wasl>ٱ</tajweed>لْخِ<tajweed class=ikhafa>نز</tajweed>ِيرِ وَم<tajweed class=madda_obligatory>َآ</tajweed> أُهِلَّ بِه<tajweed class=madda_normal>ِۦ</tajweed> لِغَيْرِ <tajweed class=ham_wasl>ٱ</tajweed>للَّهِ‌ۖ فَمَنِ <tajweed class=ham_wasl>ٱ</tajweed>ضْطُرَّ غَيْرَ بَا<tajweed class=idgham_ghunnah>غٍ و</tajweed>َلَا عَا<tajweed class=ikhafa>دٍ ف</tajweed>َل<tajweed class=madda_obligatory>َآ</tajweed> إِثْمَ عَلَيْهِ‌ۚ إِ<tajweed class=ghunnah>نّ</tajweed>َ <tajweed class=ham_wasl>ٱ</tajweed>للَّهَ غَفُو<tajweed class=idgham_wo_ghunnah>رٌ ر</tajweed>َّح<tajweed class=madda_permissible>ِي</tajweed>مٌ <span class=end>١٧٣</span>","End":"١٧٣","PageNumber":26,"JuzNumber":2,"ManzilNumber":1,"RukuNumber":22,"MaqraNumber":10,"HizbNumber":3,"HizbDecimal":0.25,"HasSajda":false},{"SurahNumber":2,"SurahIndex":"002","VerseNumber":174,"ShowSurahName":false,"ShowBismillah":false,"Text":"إِنَّ ٱلَّذِينَ يَكۡتُمُونَ مَآ أَنزَلَ ٱللَّهُ مِنَ ٱلۡكِتَٰبِ وَيَشۡتَرُونَ بِهِۦ ثَمَنٗا قَلِيلًا أُوْلَـٰٓئِكَ مَا يَأۡكُلُونَ فِي بُطُونِهِمۡ إِلَّا ٱلنَّارَ وَلَا يُكَلِّمُهُمُ ٱللَّهُ يَوۡمَ ٱلۡقِيَٰمَةِ وَلَا يُزَكِّيهِمۡ وَلَهُمۡ عَذَابٌ أَلِيمٌ","TajweedText":"إِ<tajweed class=ghunnah>نّ</tajweed>َ <tajweed class=ham_wasl>ٱ</tajweed>لَّذِينَ يَكْتُمُونَ م<tajweed class=madda_obligatory>َآ</tajweed> أَ<tajweed class=ikhafa>نز</tajweed>َلَ <tajweed class=ham_wasl>ٱ</tajweed>للَّهُ مِنَ <tajweed class=ham_wasl>ٱ</tajweed>لْكِتَ<tajweed class=madda_normal>ـٰ</tajweed>بِ وَيَشْتَرُونَ بِه<tajweed class=madda_normal>ِۦ</tajweed> ثَمَ<tajweed class=ikhafa>نًا ق</tajweed>َلِيلاً‌ۙ أُ<tajweed class=slnt>وْ</tajweed>لَ<tajweed class=madda_obligatory>ـٰٓ</tajweed>ئِكَ مَا يَأْكُلُونَ فِى بُطُونِهِمْ إِلَّا <tajweed class=ham_wasl>ٱ</tajweed><tajweed class=laam_shamsiyah>ل</tajweed><tajweed class=ghunnah>نّ</tajweed>َارَ وَلَا يُكَلِّمُهُمُ <tajweed class=ham_wasl>ٱ</tajweed>للَّهُ يَوْمَ <tajweed class=ham_wasl>ٱ</tajweed>لْقِيَ<tajweed class=madda_normal>ـٰ</tajweed>مَةِ وَلَا يُزَكِّيهِمْ وَلَهُمْ عَذَابٌ أَل<tajweed class=madda_permissible>ِي</tajweed>مٌ <span class=end>١٧٤</span>","End":"١٧٤","PageNumber":26,"JuzNumber":2,"ManzilNumber":1,"RukuNumber":22,"MaqraNumber":10,"HizbNumber":3,"HizbDecimal":0.25,"HasSajda":false},{"SurahNumber":2,"SurahIndex":"002","VerseNumber":175,"ShowSurahName":false,"ShowBismillah":false,"Text":"أُوْلَـٰٓئِكَ ٱلَّذِينَ ٱشۡتَرَوُاْ ٱلضَّلَٰلَةَ بِٱلۡهُدَىٰ وَٱلۡعَذَابَ بِٱلۡمَغۡفِرَةِۚ فَمَآ أَصۡبَرَهُمۡ عَلَى ٱلنَّارِ","TajweedText":"أُ<tajweed class=slnt>وْ</tajweed>لَ<tajweed class=madda_obligatory>ـٰٓ</tajweed>ئِكَ <tajweed class=ham_wasl>ٱ</tajweed>لَّذِينَ <tajweed class=ham_wasl>ٱ</tajweed>شْتَرَوُ<tajweed class=slnt>اْ</tajweed> <tajweed class=ham_wasl>ٱ</tajweed><tajweed class=laam_shamsiyah>ل</tajweed>ضَّلَ<tajweed class=madda_normal>ـٰ</tajweed>لَةَ بِ<tajweed class=ham_wasl>ٱ</tajweed>لْهُدَىٰ وَ<tajweed class=ham_wasl>ٱ</tajweed>لْعَذَابَ بِ<tajweed class=ham_wasl>ٱ</tajweed>لْمَغْفِرَةِ‌ۚ فَم<tajweed class=madda_obligatory>َآ</tajweed> أَصْبَرَهُمْ عَلَى <tajweed class=ham_wasl>ٱ</tajweed><tajweed class=laam_shamsiyah>ل</tajweed><tajweed class=ghunnah>نّ</tajweed><tajweed class=madda_permissible>َا</tajweed>رِ <span class=end>١٧٥</span>","End":"١٧٥","PageNumber":26,"JuzNumber":2,"ManzilNumber":1,"RukuNumber":22,"MaqraNumber":10,"HizbNumber":3,"HizbDecimal":0.25,"HasSajda":false},{"SurahNumber":2,"SurahIndex":"002","VerseNumber":176,"ShowSurahName":false,"ShowBismillah":false,"Text":"ذَٰلِكَ بِأَنَّ ٱللَّهَ نَزَّلَ ٱلۡكِتَٰبَ بِٱلۡحَقِّۗ وَإِنَّ ٱلَّذِينَ ٱخۡتَلَفُواْ فِي ٱلۡكِتَٰبِ لَفِي شِقَاقِۭ بَعِيدٖ","TajweedText":"ذ<tajweed class=madda_normal>َٲ</tajweed>لِكَ بِأَ<tajweed class=ghunnah>نّ</tajweed>َ <tajweed class=ham_wasl>ٱ</tajweed>للَّهَ نَزَّلَ <tajweed class=ham_wasl>ٱ</tajweed>لْكِتَ<tajweed class=madda_normal>ـٰ</tajweed>بَ بِ<tajweed class=ham_wasl>ٱ</tajweed>لْحَقِّ‌ۗ وَإِ<tajweed class=ghunnah>نّ</tajweed>َ <tajweed class=ham_wasl>ٱ</tajweed>لَّذِينَ <tajweed class=ham_wasl>ٱ</tajweed>خْتَلَفُو<tajweed class=slnt>اْ</tajweed> فِى <tajweed class=ham_wasl>ٱ</tajweed>لْكِتَ<tajweed class=madda_normal>ـٰ</tajweed>بِ لَفِى شِقَا<tajweed class=iqlab>قِۭ ب</tajweed>َع<tajweed class=madda_permissible>ِي</tajweed><tajweed class=qalaqah>د</tajweed>ٍ <span class=end>١٧٦</span>","End":"١٧٦","PageNumber":26,"JuzNumber":2,"ManzilNumber":1,"RukuNumber":22,"MaqraNumber":10,"HizbNumber":3,"HizbDecimal":0.25,"HasSajda":false}]}