{"RukuNumber":347,"Verses":[{"SurahNumber":29,"SurahIndex":"029","VerseNumber":52,"ShowSurahName":false,"ShowBismillah":false,"Text":"قُلۡ كَفَىٰ بِٱللَّهِ بَيۡنِي وَبَيۡنَكُمۡ شَهِيدٗاۖ يَعۡلَمُ مَا فِي ٱلسَّمَٰوَٰتِ وَٱلۡأَرۡضِۗ وَٱلَّذِينَ ءَامَنُواْ بِٱلۡبَٰطِلِ وَكَفَرُواْ بِٱللَّهِ أُوْلَـٰٓئِكَ هُمُ ٱلۡخَٰسِرُونَ","TajweedText":"قُلْ كَفَىٰ بِ<tajweed class=ham_wasl>ٱ</tajweed>للَّهِ بَيْنِى وَبَيْنَكُمْ شَهِي<tajweed class=idgham_ghunnah>دًا‌ۖ ي</tajweed>َعْلَمُ مَا فِى <tajweed class=ham_wasl>ٱ</tajweed><tajweed class=laam_shamsiyah>ل</tajweed>سَّمَ<tajweed class=madda_normal>ـٰ</tajweed>و<tajweed class=madda_normal>َٲ</tajweed>تِ وَ<tajweed class=ham_wasl>ٱ</tajweed>لْأَرْضِ‌ۗ وَ<tajweed class=ham_wasl>ٱ</tajweed>لَّذِينَ ءَامَنُو<tajweed class=slnt>اْ</tajweed> بِ<tajweed class=ham_wasl>ٱ</tajweed>لْبَ<tajweed class=madda_normal>ـٰ</tajweed>طِلِ وَكَفَرُو<tajweed class=slnt>اْ</tajweed> بِ<tajweed class=ham_wasl>ٱ</tajweed>للَّهِ أُ<tajweed class=slnt>وْ</tajweed>لَ<tajweed class=madda_obligatory>ـٰٓ</tajweed>ئِكَ هُمُ <tajweed class=ham_wasl>ٱ</tajweed>لْخَ<tajweed class=madda_normal>ـٰ</tajweed>سِر<tajweed class=madda_permissible>ُو</tajweed>نَ <span class=end>٥٢</span>","End":"٥٢","PageNumber":402,"JuzNumber":21,"ManzilNumber":5,"RukuNumber":347,"MaqraNumber":161,"HizbNumber":41,"HizbDecimal":0.0,"HasSajda":false},{"SurahNumber":29,"SurahIndex":"029","VerseNumber":53,"ShowSurahName":false,"ShowBismillah":false,"Text":"وَيَسۡتَعۡجِلُونَكَ بِٱلۡعَذَابِ وَلَوۡلَآ أَجَلٞ مُّسَمّٗى لَّجَآءَهُمُ ٱلۡعَذَابُۚ وَلَيَأۡتِيَنَّهُم بَغۡتَةٗ وَهُمۡ لَا يَشۡعُرُونَ","TajweedText":"وَيَسْتَعْجِلُونَكَ بِ<tajweed class=ham_wasl>ٱ</tajweed>لْعَذَابِ‌ۚ وَلَوْل<tajweed class=madda_obligatory>َآ</tajweed> أَجَ<tajweed class=idgham_ghunnah>لٌ م</tajweed>ُّسَم<tajweed class=idgham_wo_ghunnah>ًّى ل</tajweed>َّج<tajweed class=madda_obligatory>َا</tajweed>ٓءَهُمُ <tajweed class=ham_wasl>ٱ</tajweed>لْعَذَابُ وَلَيَأْتِيَ<tajweed class=ghunnah>نّ</tajweed>َه<tajweed class=ikhafa_shafawi>ُم ب</tajweed>َغْتَ<tajweed class=idgham_ghunnah>ةً و</tajweed>َهُمْ لَا يَشْعُر<tajweed class=madda_permissible>ُو</tajweed>نَ <span class=end>٥٣</span>","End":"٥٣","PageNumber":403,"JuzNumber":21,"ManzilNumber":5,"RukuNumber":347,"MaqraNumber":161,"HizbNumber":41,"HizbDecimal":0.0,"HasSajda":false},{"SurahNumber":29,"SurahIndex":"029","VerseNumber":54,"ShowSurahName":false,"ShowBismillah":false,"Text":"يَسۡتَعۡجِلُونَكَ بِٱلۡعَذَابِ وَإِنَّ جَهَنَّمَ لَمُحِيطَةُۢ بِٱلۡكَٰفِرِينَ","TajweedText":"يَسْتَعْجِلُونَكَ بِ<tajweed class=ham_wasl>ٱ</tajweed>لْعَذَابِ وَإِ<tajweed class=ghunnah>نّ</tajweed>َ جَهَ<tajweed class=ghunnah>نّ</tajweed>َمَ لَمُحِيطَ<tajweed class=iqlab>ةُۢ ب</tajweed>ِ<tajweed class=ham_wasl>ٱ</tajweed>لْكَ<tajweed class=madda_normal>ـٰ</tajweed>فِر<tajweed class=madda_permissible>ِي</tajweed>نَ <span class=end>٥٤</span>","End":"٥٤","PageNumber":403,"JuzNumber":21,"ManzilNumber":5,"RukuNumber":347,"MaqraNumber":161,"HizbNumber":41,"HizbDecimal":0.0,"HasSajda":false},{"SurahNumber":29,"SurahIndex":"029","VerseNumber":55,"ShowSurahName":false,"ShowBismillah":false,"Text":"يَوۡمَ يَغۡشَىٰهُمُ ٱلۡعَذَابُ مِن فَوۡقِهِمۡ وَمِن تَحۡتِ أَرۡجُلِهِمۡ وَيَقُولُ ذُوقُواْ مَا كُنتُمۡ تَعۡمَلُونَ","TajweedText":"يَوْمَ يَغْشَ<tajweed class=madda_normal>ـٰ</tajweed>هُمُ <tajweed class=ham_wasl>ٱ</tajweed>لْعَذَابُ مِ<tajweed class=ikhafa>ن ف</tajweed>َوْقِهِمْ وَمِ<tajweed class=ikhafa>ن ت</tajweed>َحْتِ أَرْجُلِهِمْ وَيَقُولُ ذُوقُو<tajweed class=slnt>اْ</tajweed> مَا كُ<tajweed class=ikhafa>نت</tajweed>ُمْ تَعْمَل<tajweed class=madda_permissible>ُو</tajweed>نَ <span class=end>٥٥</span>","End":"٥٥","PageNumber":403,"JuzNumber":21,"ManzilNumber":5,"RukuNumber":347,"MaqraNumber":161,"HizbNumber":41,"HizbDecimal":0.0,"HasSajda":false},{"SurahNumber":29,"SurahIndex":"029","VerseNumber":56,"ShowSurahName":false,"ShowBismillah":false,"Text":"يَٰعِبَادِيَ ٱلَّذِينَ ءَامَنُوٓاْ إِنَّ أَرۡضِي وَٰسِعَةٞ فَإِيَّـٰيَ فَٱعۡبُدُونِ","TajweedText":"يَ<tajweed class=madda_normal>ـٰ</tajweed>عِبَادِىَ <tajweed class=ham_wasl>ٱ</tajweed>لَّذِينَ ءَامَن<tajweed class=madda_obligatory>ُوٓ</tajweed><tajweed class=slnt>اْ</tajweed> إِ<tajweed class=ghunnah>نّ</tajweed>َ أَرْضِى و<tajweed class=madda_normal>َٲ</tajweed>سِعَ<tajweed class=ikhafa>ةٌ ف</tajweed>َإِيَّ<tajweed class=madda_normal>ـٰ</tajweed>ىَ فَ<tajweed class=ham_wasl>ٱ</tajweed>عْبُد<tajweed class=madda_permissible>ُو</tajweed>نِ <span class=end>٥٦</span>","End":"٥٦","PageNumber":403,"JuzNumber":21,"ManzilNumber":5,"RukuNumber":347,"MaqraNumber":161,"HizbNumber":41,"HizbDecimal":0.0,"HasSajda":false},{"SurahNumber":29,"SurahIndex":"029","VerseNumber":57,"ShowSurahName":false,"ShowBismillah":false,"Text":"كُلُّ نَفۡسٖ ذَآئِقَةُ ٱلۡمَوۡتِۖ ثُمَّ إِلَيۡنَا تُرۡجَعُونَ","TajweedText":"كُلُّ نَفْ<tajweed class=ikhafa>سٍ ذ</tajweed><tajweed class=madda_obligatory>َا</tajweed>ٓئِقَةُ <tajweed class=ham_wasl>ٱ</tajweed>لْمَوْتِ‌ۖ ثُ<tajweed class=ghunnah>مّ</tajweed>َ إِلَيْنَا تُرْجَع<tajweed class=madda_permissible>ُو</tajweed>نَ <span class=end>٥٧</span>","End":"٥٧","PageNumber":403,"JuzNumber":21,"ManzilNumber":5,"RukuNumber":347,"MaqraNumber":161,"HizbNumber":41,"HizbDecimal":0.0,"HasSajda":false},{"SurahNumber":29,"SurahIndex":"029","VerseNumber":58,"ShowSurahName":false,"ShowBismillah":false,"Text":"وَٱلَّذِينَ ءَامَنُواْ وَعَمِلُواْ ٱلصَّـٰلِحَٰتِ لَنُبَوِّئَنَّهُم مِّنَ ٱلۡجَنَّةِ غُرَفٗا تَجۡرِي مِن تَحۡتِهَا ٱلۡأَنۡهَٰرُ خَٰلِدِينَ فِيهَاۚ نِعۡمَ أَجۡرُ ٱلۡعَٰمِلِينَ","TajweedText":"وَ<tajweed class=ham_wasl>ٱ</tajweed>لَّذِينَ ءَامَنُو<tajweed class=slnt>اْ</tajweed> وَعَمِلُو<tajweed class=slnt>اْ</tajweed> <tajweed class=ham_wasl>ٱ</tajweed><tajweed class=laam_shamsiyah>ل</tajweed>صَّ<tajweed class=madda_normal>ـٰ</tajweed>لِحَ<tajweed class=madda_normal>ـٰ</tajweed>تِ لَنُبَوِّئَ<tajweed class=ghunnah>نّ</tajweed>َه<tajweed class=idgham_shafawi>ُم م</tajweed>ِّنَ <tajweed class=ham_wasl>ٱ</tajweed>لْجَ<tajweed class=ghunnah>نّ</tajweed>َةِ غُرَ<tajweed class=ikhafa>فًا ت</tajweed>َ<tajweed class=qalaqah>جْ</tajweed>رِى مِ<tajweed class=ikhafa>ن ت</tajweed>َحْتِهَا <tajweed class=ham_wasl>ٱ</tajweed>لْأَنْهَ<tajweed class=madda_normal>ـٰ</tajweed>رُ خَ<tajweed class=madda_normal>ـٰ</tajweed>لِدِينَ فِيهَا‌ۚ نِعْمَ أَ<tajweed class=qalaqah>جْ</tajweed>رُ <tajweed class=ham_wasl>ٱ</tajweed>لْعَ<tajweed class=madda_normal>ـٰ</tajweed>مِل<tajweed class=madda_permissible>ِي</tajweed>نَ <span class=end>٥٨</span>","End":"٥٨","PageNumber":403,"JuzNumber":21,"ManzilNumber":5,"RukuNumber":347,"MaqraNumber":161,"HizbNumber":41,"HizbDecimal":0.0,"HasSajda":false},{"SurahNumber":29,"SurahIndex":"029","VerseNumber":59,"ShowSurahName":false,"ShowBismillah":false,"Text":"ٱلَّذِينَ صَبَرُواْ وَعَلَىٰ رَبِّهِمۡ يَتَوَكَّلُونَ","TajweedText":"ٱلَّذِينَ صَبَرُو<tajweed class=slnt>اْ</tajweed> وَعَلَىٰ رَبِّهِمْ يَتَوَكَّل<tajweed class=madda_permissible>ُو</tajweed>نَ <span class=end>٥٩</span>","End":"٥٩","PageNumber":403,"JuzNumber":21,"ManzilNumber":5,"RukuNumber":347,"MaqraNumber":161,"HizbNumber":41,"HizbDecimal":0.0,"HasSajda":false},{"SurahNumber":29,"SurahIndex":"029","VerseNumber":60,"ShowSurahName":false,"ShowBismillah":false,"Text":"وَكَأَيِّن مِّن دَآبَّةٖ لَّا تَحۡمِلُ رِزۡقَهَا ٱللَّهُ يَرۡزُقُهَا وَإِيَّاكُمۡۚ وَهُوَ ٱلسَّمِيعُ ٱلۡعَلِيمُ","TajweedText":"وَكَأَيّ<tajweed class=idgham_ghunnah>ِن م</tajweed>ِّ<tajweed class=ikhafa>ن د</tajweed><tajweed class=madda_necessary>َا</tajweed>ٓبَّ<tajweed class=idgham_wo_ghunnah>ةٍ ل</tajweed>َّا تَحْمِلُ رِزْقَهَا <tajweed class=ham_wasl>ٱ</tajweed>للَّهُ يَرْزُقُهَا وَإِيَّاكُمْ‌ۚ وَهُوَ <tajweed class=ham_wasl>ٱ</tajweed><tajweed class=laam_shamsiyah>ل</tajweed>سَّمِيعُ <tajweed class=ham_wasl>ٱ</tajweed>لْعَل<tajweed class=madda_permissible>ِي</tajweed>مُ <span class=end>٦٠</span>","End":"٦٠","PageNumber":403,"JuzNumber":21,"ManzilNumber":5,"RukuNumber":347,"MaqraNumber":161,"HizbNumber":41,"HizbDecimal":0.0,"HasSajda":false},{"SurahNumber":29,"SurahIndex":"029","VerseNumber":61,"ShowSurahName":false,"ShowBismillah":false,"Text":"وَلَئِن سَأَلۡتَهُم مَّنۡ خَلَقَ ٱلسَّمَٰوَٰتِ وَٱلۡأَرۡضَ وَسَخَّرَ ٱلشَّمۡسَ وَٱلۡقَمَرَ لَيَقُولُنَّ ٱللَّهُۖ فَأَنَّىٰ يُؤۡفَكُونَ","TajweedText":"وَلَئِ<tajweed class=ikhafa>ن س</tajweed>َأَلْتَه<tajweed class=idgham_shafawi>ُم م</tajweed>َّنْ خَلَقَ <tajweed class=ham_wasl>ٱ</tajweed><tajweed class=laam_shamsiyah>ل</tajweed>سَّمَ<tajweed class=madda_normal>ـٰ</tajweed>و<tajweed class=madda_normal>َٲ</tajweed>تِ وَ<tajweed class=ham_wasl>ٱ</tajweed>لْأَرْضَ وَسَخَّرَ <tajweed class=ham_wasl>ٱ</tajweed><tajweed class=laam_shamsiyah>ل</tajweed>شَّمْسَ وَ<tajweed class=ham_wasl>ٱ</tajweed>لْقَمَرَ لَيَقُولُ<tajweed class=ghunnah>نّ</tajweed>َ <tajweed class=ham_wasl>ٱ</tajweed>للَّهُ‌ۖ فَأَ<tajweed class=ghunnah>نّ</tajweed>َىٰ يُؤْفَك<tajweed class=madda_permissible>ُو</tajweed>نَ <span class=end>٦١</span>","End":"٦١","PageNumber":403,"JuzNumber":21,"ManzilNumber":5,"RukuNumber":347,"MaqraNumber":161,"HizbNumber":41,"HizbDecimal":0.0,"HasSajda":false},{"SurahNumber":29,"SurahIndex":"029","VerseNumber":62,"ShowSurahName":false,"ShowBismillah":false,"Text":"ٱللَّهُ يَبۡسُطُ ٱلرِّزۡقَ لِمَن يَشَآءُ مِنۡ عِبَادِهِۦ وَيَقۡدِرُ لَهُۥٓۚ إِنَّ ٱللَّهَ بِكُلِّ شَيۡءٍ عَلِيمٞ","TajweedText":"ٱللَّهُ يَ<tajweed class=qalaqah>بْ</tajweed>سُطُ <tajweed class=ham_wasl>ٱ</tajweed><tajweed class=laam_shamsiyah>ل</tajweed>رِّزْقَ لِم<tajweed class=idgham_ghunnah>َن ي</tajweed>َش<tajweed class=madda_obligatory>َا</tajweed>ٓءُ مِنْ عِبَادِه<tajweed class=madda_normal>ِۦ</tajweed> وَيَ<tajweed class=qalaqah>قْ</tajweed>دِرُ لَهُ<tajweed class=madda_obligatory>ۥٓ‌ۚ</tajweed> إِ<tajweed class=ghunnah>نّ</tajweed>َ <tajweed class=ham_wasl>ٱ</tajweed>للَّهَ بِكُلِّ شَىْءٍ عَل<tajweed class=madda_permissible>ِي</tajweed>مٌ <span class=end>٦٢</span>","End":"٦٢","PageNumber":403,"JuzNumber":21,"ManzilNumber":5,"RukuNumber":347,"MaqraNumber":161,"HizbNumber":41,"HizbDecimal":0.0,"HasSajda":false},{"SurahNumber":29,"SurahIndex":"029","VerseNumber":63,"ShowSurahName":false,"ShowBismillah":false,"Text":"وَلَئِن سَأَلۡتَهُم مَّن نَّزَّلَ مِنَ ٱلسَّمَآءِ مَآءٗ فَأَحۡيَا بِهِ ٱلۡأَرۡضَ مِنۢ بَعۡدِ مَوۡتِهَا لَيَقُولُنَّ ٱللَّهُۚ قُلِ ٱلۡحَمۡدُ لِلَّهِۚ بَلۡ أَكۡثَرُهُمۡ لَا يَعۡقِلُونَ","TajweedText":"وَلَئِ<tajweed class=ikhafa>ن س</tajweed>َأَلْتَه<tajweed class=idgham_shafawi>ُم م</tajweed>ّ<tajweed class=idgham_ghunnah>َن ن</tajweed>َّزَّلَ مِنَ <tajweed class=ham_wasl>ٱ</tajweed><tajweed class=laam_shamsiyah>ل</tajweed>سَّم<tajweed class=madda_obligatory>َا</tajweed>ٓءِ م<tajweed class=madda_obligatory>َا</tajweed>ٓ<tajweed class=ikhafa>ءً ف</tajweed>َأَحْيَا بِهِ <tajweed class=ham_wasl>ٱ</tajweed>لْأَرْضَ م<tajweed class=iqlab>ِنۢ ب</tajweed>َعْدِ مَوْتِهَا لَيَقُولُ<tajweed class=ghunnah>نّ</tajweed>َ <tajweed class=ham_wasl>ٱ</tajweed>للَّهُ‌ۚ قُلِ <tajweed class=ham_wasl>ٱ</tajweed>لْحَمْدُ لِلَّهِ‌ۚ بَلْ أَكْثَرُهُمْ لَا يَعْقِل<tajweed class=madda_permissible>ُو</tajweed>نَ <span class=end>٦٣</span>","End":"٦٣","PageNumber":403,"JuzNumber":21,"ManzilNumber":5,"RukuNumber":347,"MaqraNumber":161,"HizbNumber":41,"HizbDecimal":0.0,"HasSajda":false}]}