{"RukuNumber":436,"Verses":[{"SurahNumber":45,"SurahIndex":"045","VerseNumber":22,"ShowSurahName":false,"ShowBismillah":false,"Text":"وَخَلَقَ ٱللَّهُ ٱلسَّمَٰوَٰتِ وَٱلۡأَرۡضَ بِٱلۡحَقِّ وَلِتُجۡزَىٰ كُلُّ نَفۡسِۭ بِمَا كَسَبَتۡ وَهُمۡ لَا يُظۡلَمُونَ","TajweedText":"وَخَلَقَ <tajweed class=ham_wasl>ٱ</tajweed>للَّهُ <tajweed class=ham_wasl>ٱ</tajweed><tajweed class=laam_shamsiyah>ل</tajweed>سَّمَ<tajweed class=madda_normal>ـٰ</tajweed>و<tajweed class=madda_normal>َٲ</tajweed>تِ وَ<tajweed class=ham_wasl>ٱ</tajweed>لْأَرْضَ بِ<tajweed class=ham_wasl>ٱ</tajweed>لْحَقِّ وَلِتُ<tajweed class=qalaqah>جْ</tajweed>زَىٰ كُلُّ نَفْ<tajweed class=iqlab>سِۭ ب</tajweed>ِمَا كَسَبَتْ وَهُمْ لَا يُظْلَم<tajweed class=madda_permissible>ُو</tajweed>نَ <span class=end>٢٢</span>","End":"٢٢","PageNumber":500,"JuzNumber":25,"ManzilNumber":6,"RukuNumber":436,"MaqraNumber":200,"HizbNumber":50,"HizbDecimal":0.75,"HasSajda":false},{"SurahNumber":45,"SurahIndex":"045","VerseNumber":23,"ShowSurahName":false,"ShowBismillah":false,"Text":"أَفَرَءَيۡتَ مَنِ ٱتَّخَذَ إِلَٰهَهُۥ هَوَىٰهُ وَأَضَلَّهُ ٱللَّهُ عَلَىٰ عِلۡمٖ وَخَتَمَ عَلَىٰ سَمۡعِهِۦ وَقَلۡبِهِۦ وَجَعَلَ عَلَىٰ بَصَرِهِۦ غِشَٰوَةٗ فَمَن يَهۡدِيهِ مِنۢ بَعۡدِ ٱللَّهِۚ أَفَلَا تَذَكَّرُونَ","TajweedText":"أَفَرَءَيْتَ مَنِ <tajweed class=ham_wasl>ٱ</tajweed>تَّخَذَ إِلَ<tajweed class=madda_normal>ـٰ</tajweed>هَهُ<tajweed class=madda_normal>ۥ</tajweed> هَوَ<tajweed class=madda_normal>ٮٰ</tajweed>هُ وَأَضَلَّهُ <tajweed class=ham_wasl>ٱ</tajweed>للَّهُ عَلَىٰ عِلْ<tajweed class=idgham_ghunnah>مٍ و</tajweed>َخَتَمَ عَلَىٰ سَمْعِه<tajweed class=madda_normal>ِۦ</tajweed> وَقَلْبِه<tajweed class=madda_normal>ِۦ</tajweed> وَجَعَلَ عَلَىٰ بَصَرِه<tajweed class=madda_normal>ِۦ</tajweed> غِشَ<tajweed class=madda_normal>ـٰ</tajweed>وَ<tajweed class=ikhafa>ةً ف</tajweed>َم<tajweed class=idgham_ghunnah>َن ي</tajweed>َهْدِيهِ م<tajweed class=iqlab>ِنۢ ب</tajweed>َعْدِ <tajweed class=ham_wasl>ٱ</tajweed>للَّهِ‌ۚ أَفَلَا تَذَكَّر<tajweed class=madda_permissible>ُو</tajweed>نَ <span class=end>٢٣</span>","End":"٢٣","PageNumber":501,"JuzNumber":25,"ManzilNumber":6,"RukuNumber":436,"MaqraNumber":200,"HizbNumber":50,"HizbDecimal":0.75,"HasSajda":false},{"SurahNumber":45,"SurahIndex":"045","VerseNumber":24,"ShowSurahName":false,"ShowBismillah":false,"Text":"وَقَالُواْ مَا هِيَ إِلَّا حَيَاتُنَا ٱلدُّنۡيَا نَمُوتُ وَنَحۡيَا وَمَا يُهۡلِكُنَآ إِلَّا ٱلدَّهۡرُۚ وَمَا لَهُم بِذَٰلِكَ مِنۡ عِلۡمٍۖ إِنۡ هُمۡ إِلَّا يَظُنُّونَ","TajweedText":"وَقَالُو<tajweed class=slnt>اْ</tajweed> مَا هِىَ إِلَّا حَيَاتُنَا <tajweed class=ham_wasl>ٱ</tajweed><tajweed class=laam_shamsiyah>ل</tajweed>دُّنْيَا نَمُوتُ وَنَحْيَا وَمَا يُهْلِكُن<tajweed class=madda_obligatory>َآ</tajweed> إِلَّا <tajweed class=ham_wasl>ٱ</tajweed><tajweed class=laam_shamsiyah>ل</tajweed>دَّهْرُ‌ۚ وَمَا لَه<tajweed class=ikhafa_shafawi>ُم ب</tajweed>ِذ<tajweed class=madda_normal>َٲ</tajweed>لِكَ مِنْ عِلْمٍ‌ۖ إِنْ هُمْ إِلَّا يَظُ<tajweed class=ghunnah>نّ</tajweed><tajweed class=madda_permissible>ُو</tajweed>نَ <span class=end>٢٤</span>","End":"٢٤","PageNumber":501,"JuzNumber":25,"ManzilNumber":6,"RukuNumber":436,"MaqraNumber":200,"HizbNumber":50,"HizbDecimal":0.75,"HasSajda":false},{"SurahNumber":45,"SurahIndex":"045","VerseNumber":25,"ShowSurahName":false,"ShowBismillah":false,"Text":"وَإِذَا تُتۡلَىٰ عَلَيۡهِمۡ ءَايَٰتُنَا بَيِّنَٰتٖ مَّا كَانَ حُجَّتَهُمۡ إِلَّآ أَن قَالُواْ ٱئۡتُواْ بِـَٔابَآئِنَآ إِن كُنتُمۡ صَٰدِقِينَ","TajweedText":"وَإِذَا تُتْلَىٰ عَلَيْهِمْ ءَايَ<tajweed class=madda_normal>ـٰ</tajweed>تُنَا بَيِّنَ<tajweed class=madda_normal>ـٰ</tajweed><tajweed class=idgham_ghunnah>تٍ م</tajweed>َّا كَانَ حُجَّتَهُمْ إِلّ<tajweed class=madda_obligatory>َآ</tajweed> أَ<tajweed class=ikhafa>ن ق</tajweed>َالُو<tajweed class=slnt>اْ</tajweed> <tajweed class=ham_wasl>ٱ</tajweed>ئْتُو<tajweed class=slnt>اْ</tajweed> بِـَٔـاب<tajweed class=madda_obligatory>َا</tajweed>ٓئِن<tajweed class=madda_obligatory>َآ</tajweed> إِ<tajweed class=ikhafa>ن ك</tajweed>ُ<tajweed class=ikhafa>نت</tajweed>ُمْ صَ<tajweed class=madda_normal>ـٰ</tajweed>دِق<tajweed class=madda_permissible>ِي</tajweed>نَ <span class=end>٢٥</span>","End":"٢٥","PageNumber":501,"JuzNumber":25,"ManzilNumber":6,"RukuNumber":436,"MaqraNumber":200,"HizbNumber":50,"HizbDecimal":0.75,"HasSajda":false},{"SurahNumber":45,"SurahIndex":"045","VerseNumber":26,"ShowSurahName":false,"ShowBismillah":false,"Text":"قُلِ ٱللَّهُ يُحۡيِيكُمۡ ثُمَّ يُمِيتُكُمۡ ثُمَّ يَجۡمَعُكُمۡ إِلَىٰ يَوۡمِ ٱلۡقِيَٰمَةِ لَا رَيۡبَ فِيهِ وَلَٰكِنَّ أَكۡثَرَ ٱلنَّاسِ لَا يَعۡلَمُونَ","TajweedText":"قُلِ <tajweed class=ham_wasl>ٱ</tajweed>للَّهُ يُحْيِيكُمْ ثُ<tajweed class=ghunnah>مّ</tajweed>َ يُمِيتُكُمْ ثُ<tajweed class=ghunnah>مّ</tajweed>َ يَ<tajweed class=qalaqah>جْ</tajweed>مَعُكُمْ إِلَىٰ يَوْمِ <tajweed class=ham_wasl>ٱ</tajweed>لْقِيَ<tajweed class=madda_normal>ـٰ</tajweed>مَةِ لَا رَيْبَ فِيهِ وَلَ<tajweed class=madda_normal>ـٰ</tajweed>كِ<tajweed class=ghunnah>نّ</tajweed>َ أَكْثَرَ <tajweed class=ham_wasl>ٱ</tajweed><tajweed class=laam_shamsiyah>ل</tajweed><tajweed class=ghunnah>نّ</tajweed>َاسِ لَا يَعْلَم<tajweed class=madda_permissible>ُو</tajweed>نَ <span class=end>٢٦</span>","End":"٢٦","PageNumber":501,"JuzNumber":25,"ManzilNumber":6,"RukuNumber":436,"MaqraNumber":200,"HizbNumber":50,"HizbDecimal":0.75,"HasSajda":false}]}