{"RukuNumber":187,"Verses":[{"SurahNumber":11,"SurahIndex":"011","VerseNumber":50,"ShowSurahName":false,"ShowBismillah":false,"Text":"وَإِلَىٰ عَادٍ أَخَاهُمۡ هُودٗاۚ قَالَ يَٰقَوۡمِ ٱعۡبُدُواْ ٱللَّهَ مَا لَكُم مِّنۡ إِلَٰهٍ غَيۡرُهُۥٓۖ إِنۡ أَنتُمۡ إِلَّا مُفۡتَرُونَ","TajweedText":"وَإِلَىٰ عَادٍ أَخَاهُمْ هُو<tajweed class=ikhafa>دًا‌ۚ ق</tajweed>َالَ يَ<tajweed class=madda_normal>ـٰ</tajweed>قَوْمِ <tajweed class=ham_wasl>ٱ</tajweed>عْبُدُو<tajweed class=slnt>اْ</tajweed> <tajweed class=ham_wasl>ٱ</tajweed>للَّهَ مَا لَك<tajweed class=idgham_shafawi>ُم م</tajweed>ِّنْ إِلَ<tajweed class=madda_normal>ـٰ</tajweed>هٍ غَيْرُهُ<tajweed class=madda_obligatory>ۥٓ‌ۖ</tajweed> إِنْ أَ<tajweed class=ikhafa>نت</tajweed>ُمْ إِلَّا مُفْتَر<tajweed class=madda_permissible>ُو</tajweed>نَ <span class=end>٥٠</span>","End":"٥٠","PageNumber":227,"JuzNumber":12,"ManzilNumber":3,"RukuNumber":187,"MaqraNumber":91,"HizbNumber":23,"HizbDecimal":0.5,"HasSajda":false},{"SurahNumber":11,"SurahIndex":"011","VerseNumber":51,"ShowSurahName":false,"ShowBismillah":false,"Text":"يَٰقَوۡمِ لَآ أَسۡـَٔلُكُمۡ عَلَيۡهِ أَجۡرًاۖ إِنۡ أَجۡرِيَ إِلَّا عَلَى ٱلَّذِي فَطَرَنِيٓۚ أَفَلَا تَعۡقِلُونَ","TajweedText":"يَ<tajweed class=madda_normal>ـٰ</tajweed>قَوْمِ ل<tajweed class=madda_obligatory>َآ</tajweed> أَسْــَٔلُكُمْ عَلَيْهِ أَ<tajweed class=qalaqah>جْ</tajweed>رًا‌ۖ إِنْ أَ<tajweed class=qalaqah>جْ</tajweed>رِىَ إِلَّا عَلَى <tajweed class=ham_wasl>ٱ</tajweed>لَّذِى فَطَرَن<tajweed class=madda_obligatory>ِىٓ‌ۚ</tajweed> أَفَلَا تَعْقِل<tajweed class=madda_permissible>ُو</tajweed>نَ <span class=end>٥١</span>","End":"٥١","PageNumber":227,"JuzNumber":12,"ManzilNumber":3,"RukuNumber":187,"MaqraNumber":91,"HizbNumber":23,"HizbDecimal":0.5,"HasSajda":false},{"SurahNumber":11,"SurahIndex":"011","VerseNumber":52,"ShowSurahName":false,"ShowBismillah":false,"Text":"وَيَٰقَوۡمِ ٱسۡتَغۡفِرُواْ رَبَّكُمۡ ثُمَّ تُوبُوٓاْ إِلَيۡهِ يُرۡسِلِ ٱلسَّمَآءَ عَلَيۡكُم مِّدۡرَارٗا وَيَزِدۡكُمۡ قُوَّةً إِلَىٰ قُوَّتِكُمۡ وَلَا تَتَوَلَّوۡاْ مُجۡرِمِينَ","TajweedText":"وَيَ<tajweed class=madda_normal>ـٰ</tajweed>قَوْمِ <tajweed class=ham_wasl>ٱ</tajweed>سْتَغْفِرُو<tajweed class=slnt>اْ</tajweed> رَبَّكُمْ ثُ<tajweed class=ghunnah>مّ</tajweed>َ تُوب<tajweed class=madda_obligatory>ُوٓ</tajweed><tajweed class=slnt>اْ</tajweed> إِلَيْهِ يُرْسِلِ <tajweed class=ham_wasl>ٱ</tajweed><tajweed class=laam_shamsiyah>ل</tajweed>سَّم<tajweed class=madda_obligatory>َا</tajweed>ٓءَ عَلَيْك<tajweed class=idgham_shafawi>ُم م</tajweed>ِّ<tajweed class=qalaqah>دْ</tajweed>رَا<tajweed class=idgham_ghunnah>رًا و</tajweed>َيَزِ<tajweed class=qalaqah>دْ</tajweed>كُمْ قُوَّةً إِلَىٰ قُوَّتِكُمْ وَلَا تَتَوَلَّوْ<tajweed class=slnt>اْ</tajweed> مُ<tajweed class=qalaqah>جْ</tajweed>رِم<tajweed class=madda_permissible>ِي</tajweed>نَ <span class=end>٥٢</span>","End":"٥٢","PageNumber":227,"JuzNumber":12,"ManzilNumber":3,"RukuNumber":187,"MaqraNumber":91,"HizbNumber":23,"HizbDecimal":0.5,"HasSajda":false},{"SurahNumber":11,"SurahIndex":"011","VerseNumber":53,"ShowSurahName":false,"ShowBismillah":false,"Text":"قَالُواْ يَٰهُودُ مَا جِئۡتَنَا بِبَيِّنَةٖ وَمَا نَحۡنُ بِتَارِكِيٓ ءَالِهَتِنَا عَن قَوۡلِكَ وَمَا نَحۡنُ لَكَ بِمُؤۡمِنِينَ","TajweedText":"قَالُو<tajweed class=slnt>اْ</tajweed> يَ<tajweed class=madda_normal>ـٰ</tajweed>هُودُ مَا جِئْتَنَا بِبَيِّنَ<tajweed class=idgham_ghunnah>ةٍ و</tajweed>َمَا نَحْنُ بِتَارِك<tajweed class=madda_obligatory>ِىٓ</tajweed> ءَالِهَتِنَا عَ<tajweed class=ikhafa>ن ق</tajweed>َوْلِكَ وَمَا نَحْنُ لَكَ بِمُؤْمِن<tajweed class=madda_permissible>ِي</tajweed>نَ <span class=end>٥٣</span>","End":"٥٣","PageNumber":227,"JuzNumber":12,"ManzilNumber":3,"RukuNumber":187,"MaqraNumber":91,"HizbNumber":23,"HizbDecimal":0.5,"HasSajda":false},{"SurahNumber":11,"SurahIndex":"011","VerseNumber":54,"ShowSurahName":false,"ShowBismillah":false,"Text":"إِن نَّقُولُ إِلَّا ٱعۡتَرَىٰكَ بَعۡضُ ءَالِهَتِنَا بِسُوٓءٖۗ قَالَ إِنِّيٓ أُشۡهِدُ ٱللَّهَ وَٱشۡهَدُوٓاْ أَنِّي بَرِيٓءٞ مِّمَّا تُشۡرِكُونَ","TajweedText":"إ<tajweed class=idgham_ghunnah>ِن ن</tajweed>َّقُولُ إِلَّا <tajweed class=ham_wasl>ٱ</tajweed>عْتَرَ<tajweed class=madda_normal>ٮٰ</tajweed>كَ بَعْضُ ءَالِهَتِنَا بِس<tajweed class=madda_obligatory>ُو</tajweed>ٓ<tajweed class=ikhafa>ءٍ‌ۗ ق</tajweed>َالَ إِ<tajweed class=ghunnah>نّ</tajweed><tajweed class=madda_obligatory>ِىٓ</tajweed> أُشْهِدُ <tajweed class=ham_wasl>ٱ</tajweed>للَّهَ وَ<tajweed class=ham_wasl>ٱ</tajweed>شْهَد<tajweed class=madda_obligatory>ُوٓ</tajweed><tajweed class=slnt>اْ</tajweed> أَ<tajweed class=ghunnah>نّ</tajweed>ِى بَر<tajweed class=madda_obligatory>ِى</tajweed>ٓ<tajweed class=idgham_ghunnah>ءٌ م</tajweed>ِّ<tajweed class=ghunnah>مّ</tajweed>َا تُشْرِك<tajweed class=madda_permissible>ُو</tajweed>نَ <span class=end>٥٤</span>","End":"٥٤","PageNumber":228,"JuzNumber":12,"ManzilNumber":3,"RukuNumber":187,"MaqraNumber":91,"HizbNumber":23,"HizbDecimal":0.5,"HasSajda":false},{"SurahNumber":11,"SurahIndex":"011","VerseNumber":55,"ShowSurahName":false,"ShowBismillah":false,"Text":"مِن دُونِهِۦۖ فَكِيدُونِي جَمِيعٗا ثُمَّ لَا تُنظِرُونِ","TajweedText":"مِ<tajweed class=ikhafa>ن د</tajweed>ُونِه<tajweed class=madda_normal>ِۦ</tajweed>‌ۖ فَكِيدُونِى جَمِي<tajweed class=ikhafa>عًا ث</tajweed>ُ<tajweed class=ghunnah>مّ</tajweed>َ لَا تُ<tajweed class=ikhafa>نظ</tajweed>ِر<tajweed class=madda_permissible>ُو</tajweed>نِ <span class=end>٥٥</span>","End":"٥٥","PageNumber":228,"JuzNumber":12,"ManzilNumber":3,"RukuNumber":187,"MaqraNumber":91,"HizbNumber":23,"HizbDecimal":0.5,"HasSajda":false},{"SurahNumber":11,"SurahIndex":"011","VerseNumber":56,"ShowSurahName":false,"ShowBismillah":false,"Text":"إِنِّي تَوَكَّلۡتُ عَلَى ٱللَّهِ رَبِّي وَرَبِّكُمۚ مَّا مِن دَآبَّةٍ إِلَّا هُوَ ءَاخِذُۢ بِنَاصِيَتِهَآۚ إِنَّ رَبِّي عَلَىٰ صِرَٰطٖ مُّسۡتَقِيمٖ","TajweedText":"إِ<tajweed class=ghunnah>نّ</tajweed>ِى تَوَكَّلْتُ عَلَى <tajweed class=ham_wasl>ٱ</tajweed>للَّهِ رَبِّى وَرَبِّك<tajweed class=idgham_shafawi>ُم‌ۚ م</tajweed>َّا مِ<tajweed class=ikhafa>ن د</tajweed><tajweed class=madda_necessary>َا</tajweed>ٓبَّةٍ إِلَّا هُوَ ءَاخِ<tajweed class=iqlab>ذُۢ ب</tajweed>ِنَاصِيَتِه<tajweed class=madda_obligatory>َآ‌ۚ</tajweed> إِ<tajweed class=ghunnah>نّ</tajweed>َ رَبِّى عَلَىٰ صِر<tajweed class=madda_normal>َٲ</tajweed><tajweed class=idgham_ghunnah>طٍ م</tajweed>ُّسْتَق<tajweed class=madda_permissible>ِي</tajweed>مٍ <span class=end>٥٦</span>","End":"٥٦","PageNumber":228,"JuzNumber":12,"ManzilNumber":3,"RukuNumber":187,"MaqraNumber":91,"HizbNumber":23,"HizbDecimal":0.5,"HasSajda":false},{"SurahNumber":11,"SurahIndex":"011","VerseNumber":57,"ShowSurahName":false,"ShowBismillah":false,"Text":"فَإِن تَوَلَّوۡاْ فَقَدۡ أَبۡلَغۡتُكُم مَّآ أُرۡسِلۡتُ بِهِۦٓ إِلَيۡكُمۡۚ وَيَسۡتَخۡلِفُ رَبِّي قَوۡمًا غَيۡرَكُمۡ وَلَا تَضُرُّونَهُۥ شَيۡـًٔاۚ إِنَّ رَبِّي عَلَىٰ كُلِّ شَيۡءٍ حَفِيظٞ","TajweedText":"فَإِ<tajweed class=ikhafa>ن ت</tajweed>َوَلَّوْ<tajweed class=slnt>اْ</tajweed> فَقَ<tajweed class=qalaqah>دْ</tajweed> أَ<tajweed class=qalaqah>بْ</tajweed>لَغْتُك<tajweed class=idgham_shafawi>ُم م</tajweed>ّ<tajweed class=madda_obligatory>َآ</tajweed> أُرْسِلْتُ بِه<tajweed class=madda_obligatory>ِۦٓ</tajweed> إِلَيْكُمْ‌ۚ وَيَسْتَخْلِفُ رَبِّى قَوْمًا غَيْرَكُمْ وَلَا تَضُرُّونَهُ<tajweed class=madda_normal>ۥ</tajweed> شَيْــًٔا‌ۚ إِ<tajweed class=ghunnah>نّ</tajweed>َ رَبِّى عَلَىٰ كُلِّ شَىْءٍ حَف<tajweed class=madda_permissible>ِي</tajweed>ظٌ <span class=end>٥٧</span>","End":"٥٧","PageNumber":228,"JuzNumber":12,"ManzilNumber":3,"RukuNumber":187,"MaqraNumber":91,"HizbNumber":23,"HizbDecimal":0.5,"HasSajda":false},{"SurahNumber":11,"SurahIndex":"011","VerseNumber":58,"ShowSurahName":false,"ShowBismillah":false,"Text":"وَلَمَّا جَآءَ أَمۡرُنَا نَجَّيۡنَا هُودٗا وَٱلَّذِينَ ءَامَنُواْ مَعَهُۥ بِرَحۡمَةٖ مِّنَّا وَنَجَّيۡنَٰهُم مِّنۡ عَذَابٍ غَلِيظٖ","TajweedText":"وَلَ<tajweed class=ghunnah>مّ</tajweed>َا ج<tajweed class=madda_obligatory>َا</tajweed>ٓءَ أَمْرُنَا نَجَّيْنَا هُو<tajweed class=idgham_ghunnah>دًا و</tajweed>َ<tajweed class=ham_wasl>ٱ</tajweed>لَّذِينَ ءَامَنُو<tajweed class=slnt>اْ</tajweed> مَعَهُ<tajweed class=madda_normal>ۥ</tajweed> بِرَحْمَ<tajweed class=idgham_ghunnah>ةٍ م</tajweed>ِّ<tajweed class=ghunnah>نّ</tajweed>َا وَنَجَّيْنَ<tajweed class=madda_normal>ـٰ</tajweed>ه<tajweed class=idgham_shafawi>ُم م</tajweed>ِّنْ عَذَابٍ غَل<tajweed class=madda_permissible>ِي</tajweed>ظٍ <span class=end>٥٨</span>","End":"٥٨","PageNumber":228,"JuzNumber":12,"ManzilNumber":3,"RukuNumber":187,"MaqraNumber":91,"HizbNumber":23,"HizbDecimal":0.5,"HasSajda":false},{"SurahNumber":11,"SurahIndex":"011","VerseNumber":59,"ShowSurahName":false,"ShowBismillah":false,"Text":"وَتِلۡكَ عَادٞۖ جَحَدُواْ بِـَٔايَٰتِ رَبِّهِمۡ وَعَصَوۡاْ رُسُلَهُۥ وَٱتَّبَعُوٓاْ أَمۡرَ كُلِّ جَبَّارٍ عَنِيدٖ","TajweedText":"وَتِلْكَ عَا<tajweed class=ikhafa>دٌ‌ۖ ج</tajweed>َحَدُو<tajweed class=slnt>اْ</tajweed> بِـَٔـايَ<tajweed class=madda_normal>ـٰ</tajweed>تِ رَبِّهِمْ وَعَصَوْ<tajweed class=slnt>اْ</tajweed> رُسُلَهُ<tajweed class=madda_normal>ۥ</tajweed> وَ<tajweed class=ham_wasl>ٱ</tajweed>تَّبَع<tajweed class=madda_obligatory>ُوٓ</tajweed><tajweed class=slnt>اْ</tajweed> أَمْرَ كُلِّ جَبَّارٍ عَن<tajweed class=madda_permissible>ِي</tajweed><tajweed class=qalaqah>د</tajweed>ٍ <span class=end>٥٩</span>","End":"٥٩","PageNumber":228,"JuzNumber":12,"ManzilNumber":3,"RukuNumber":187,"MaqraNumber":91,"HizbNumber":23,"HizbDecimal":0.5,"HasSajda":false},{"SurahNumber":11,"SurahIndex":"011","VerseNumber":60,"ShowSurahName":false,"ShowBismillah":false,"Text":"وَأُتۡبِعُواْ فِي هَٰذِهِ ٱلدُّنۡيَا لَعۡنَةٗ وَيَوۡمَ ٱلۡقِيَٰمَةِۗ أَلَآ إِنَّ عَادٗا كَفَرُواْ رَبَّهُمۡۗ أَلَا بُعۡدٗا لِّعَادٖ قَوۡمِ هُودٖ","TajweedText":"وَأُتْبِعُو<tajweed class=slnt>اْ</tajweed> فِى هَ<tajweed class=madda_normal>ـٰ</tajweed>ذِهِ <tajweed class=ham_wasl>ٱ</tajweed><tajweed class=laam_shamsiyah>ل</tajweed>دُّنْيَا لَعْنَ<tajweed class=idgham_ghunnah>ةً و</tajweed>َيَوْمَ <tajweed class=ham_wasl>ٱ</tajweed>لْقِيَ<tajweed class=madda_normal>ـٰ</tajweed>مَةِ‌ۗ أَل<tajweed class=madda_obligatory>َآ</tajweed> إِ<tajweed class=ghunnah>نّ</tajweed>َ عَا<tajweed class=ikhafa>دًا ك</tajweed>َفَرُو<tajweed class=slnt>اْ</tajweed> رَبَّهُمْ‌ۗ أَلَا بُعْ<tajweed class=idgham_wo_ghunnah>دًا ل</tajweed>ِّعَا<tajweed class=ikhafa>دٍ ق</tajweed>َوْمِ ه<tajweed class=madda_permissible>ُو</tajweed><tajweed class=qalaqah>د</tajweed>ٍ <span class=end>٦٠</span>","End":"٦٠","PageNumber":228,"JuzNumber":12,"ManzilNumber":3,"RukuNumber":187,"MaqraNumber":91,"HizbNumber":23,"HizbDecimal":0.5,"HasSajda":false}]}