{"RukuNumber":153,"Verses":[{"SurahNumber":8,"SurahIndex":"008","VerseNumber":59,"ShowSurahName":false,"ShowBismillah":false,"Text":"وَلَا يَحۡسَبَنَّ ٱلَّذِينَ كَفَرُواْ سَبَقُوٓاْۚ إِنَّهُمۡ لَا يُعۡجِزُونَ","TajweedText":"وَلَا يَحْسَبَ<tajweed class=ghunnah>نّ</tajweed>َ <tajweed class=ham_wasl>ٱ</tajweed>لَّذِينَ كَفَرُو<tajweed class=slnt>اْ</tajweed> سَبَق<tajweed class=madda_obligatory>ُوٓ<tajweed class=slnt>اْ</tajweed>‌ۚ</tajweed> إِ<tajweed class=ghunnah>نّ</tajweed>َهُمْ لَا يُعْجِز<tajweed class=madda_permissible>ُو</tajweed>نَ <span class=end>٥٩</span>","End":"٥٩","PageNumber":184,"JuzNumber":10,"ManzilNumber":2,"RukuNumber":153,"MaqraNumber":73,"HizbNumber":19,"HizbDecimal":0.0,"HasSajda":false},{"SurahNumber":8,"SurahIndex":"008","VerseNumber":60,"ShowSurahName":false,"ShowBismillah":false,"Text":"وَأَعِدُّواْ لَهُم مَّا ٱسۡتَطَعۡتُم مِّن قُوَّةٖ وَمِن رِّبَاطِ ٱلۡخَيۡلِ تُرۡهِبُونَ بِهِۦ عَدُوَّ ٱللَّهِ وَعَدُوَّكُمۡ وَءَاخَرِينَ مِن دُونِهِمۡ لَا تَعۡلَمُونَهُمُ ٱللَّهُ يَعۡلَمُهُمۡۚ وَمَا تُنفِقُواْ مِن شَيۡءٖ فِي سَبِيلِ ٱللَّهِ يُوَفَّ إِلَيۡكُمۡ وَأَنتُمۡ لَا تُظۡلَمُونَ","TajweedText":"وَأَعِدُّو<tajweed class=slnt>اْ</tajweed> لَه<tajweed class=idgham_shafawi>ُم م</tajweed>َّا <tajweed class=ham_wasl>ٱ</tajweed>سْتَطَعْت<tajweed class=idgham_shafawi>ُم م</tajweed>ِّ<tajweed class=ikhafa>ن ق</tajweed>ُوَّ<tajweed class=idgham_ghunnah>ةٍ و</tajweed>َم<tajweed class=idgham_wo_ghunnah>ِن ر</tajweed>ِّبَاطِ <tajweed class=ham_wasl>ٱ</tajweed>لْخَيْلِ تُرْهِبُونَ بِه<tajweed class=madda_normal>ِۦ</tajweed> عَدُوَّ <tajweed class=ham_wasl>ٱ</tajweed>للَّهِ وَعَدُوَّكُمْ وَءَاخَرِينَ مِ<tajweed class=ikhafa>ن د</tajweed>ُونِهِمْ لَا تَعْلَمُونَهُمُ <tajweed class=ham_wasl>ٱ</tajweed>للَّهُ يَعْلَمُهُمْ‌ۚ وَمَا تُ<tajweed class=ikhafa>نف</tajweed>ِقُو<tajweed class=slnt>اْ</tajweed> مِ<tajweed class=ikhafa>ن ش</tajweed><tajweed class=ikhafa>َىْءٍ ف</tajweed>ِى سَبِيلِ <tajweed class=ham_wasl>ٱ</tajweed>للَّهِ يُوَفَّ إِلَيْكُمْ وَأَ<tajweed class=ikhafa>نت</tajweed>ُمْ لَا تُظْلَم<tajweed class=madda_permissible>ُو</tajweed>نَ <span class=end>٦٠</span>","End":"٦٠","PageNumber":184,"JuzNumber":10,"ManzilNumber":2,"RukuNumber":153,"MaqraNumber":73,"HizbNumber":19,"HizbDecimal":0.0,"HasSajda":false},{"SurahNumber":8,"SurahIndex":"008","VerseNumber":61,"ShowSurahName":false,"ShowBismillah":false,"Text":"۞وَإِن جَنَحُواْ لِلسَّلۡمِ فَٱجۡنَحۡ لَهَا وَتَوَكَّلۡ عَلَى ٱللَّهِۚ إِنَّهُۥ هُوَ ٱلسَّمِيعُ ٱلۡعَلِيمُ","TajweedText":"۞ وَإِ<tajweed class=ikhafa>ن ج</tajweed>َنَحُو<tajweed class=slnt>اْ</tajweed> لِلسَّلْمِ فَ<tajweed class=ham_wasl>ٱ</tajweed><tajweed class=qalaqah>جْ</tajweed>نَحْ لَهَا وَتَوَكَّلْ عَلَى <tajweed class=ham_wasl>ٱ</tajweed>للَّهِ‌ۚ إِ<tajweed class=ghunnah>نّ</tajweed>َهُ<tajweed class=madda_normal>ۥ</tajweed> هُوَ <tajweed class=ham_wasl>ٱ</tajweed><tajweed class=laam_shamsiyah>ل</tajweed>سَّمِيعُ <tajweed class=ham_wasl>ٱ</tajweed>لْعَل<tajweed class=madda_permissible>ِي</tajweed>مُ <span class=end>٦١</span>","End":"٦١","PageNumber":184,"JuzNumber":10,"ManzilNumber":2,"RukuNumber":153,"MaqraNumber":74,"HizbNumber":19,"HizbDecimal":0.25,"HasSajda":false},{"SurahNumber":8,"SurahIndex":"008","VerseNumber":62,"ShowSurahName":false,"ShowBismillah":false,"Text":"وَإِن يُرِيدُوٓاْ أَن يَخۡدَعُوكَ فَإِنَّ حَسۡبَكَ ٱللَّهُۚ هُوَ ٱلَّذِيٓ أَيَّدَكَ بِنَصۡرِهِۦ وَبِٱلۡمُؤۡمِنِينَ","TajweedText":"وَإ<tajweed class=idgham_ghunnah>ِن ي</tajweed>ُرِيد<tajweed class=madda_obligatory>ُوٓ</tajweed><tajweed class=slnt>اْ</tajweed> أ<tajweed class=idgham_ghunnah>َن ي</tajweed>َخْدَعُوكَ فَإِ<tajweed class=ghunnah>نّ</tajweed>َ حَسْبَكَ <tajweed class=ham_wasl>ٱ</tajweed>للَّهُ‌ۚ هُوَ <tajweed class=ham_wasl>ٱ</tajweed>لَّذ<tajweed class=madda_obligatory>ِىٓ</tajweed> أَيَّدَكَ بِنَصْرِه<tajweed class=madda_normal>ِۦ</tajweed> وَبِ<tajweed class=ham_wasl>ٱ</tajweed>لْمُؤْمِن<tajweed class=madda_permissible>ِي</tajweed>نَ <span class=end>٦٢</span>","End":"٦٢","PageNumber":185,"JuzNumber":10,"ManzilNumber":2,"RukuNumber":153,"MaqraNumber":74,"HizbNumber":19,"HizbDecimal":0.25,"HasSajda":false},{"SurahNumber":8,"SurahIndex":"008","VerseNumber":63,"ShowSurahName":false,"ShowBismillah":false,"Text":"وَأَلَّفَ بَيۡنَ قُلُوبِهِمۡۚ لَوۡ أَنفَقۡتَ مَا فِي ٱلۡأَرۡضِ جَمِيعٗا مَّآ أَلَّفۡتَ بَيۡنَ قُلُوبِهِمۡ وَلَٰكِنَّ ٱللَّهَ أَلَّفَ بَيۡنَهُمۡۚ إِنَّهُۥ عَزِيزٌ حَكِيمٞ","TajweedText":"وَأَلَّفَ بَيْنَ قُلُوبِهِمْ‌ۚ لَوْ أَ<tajweed class=ikhafa>نف</tajweed>َ<tajweed class=qalaqah>قْ</tajweed>تَ مَا فِى <tajweed class=ham_wasl>ٱ</tajweed>لْأَرْضِ جَمِي<tajweed class=idgham_ghunnah>عًا م</tajweed>ّ<tajweed class=madda_obligatory>َآ</tajweed> أَلَّفْتَ بَيْنَ قُلُوبِهِمْ وَلَ<tajweed class=madda_normal>ـٰ</tajweed>كِ<tajweed class=ghunnah>نّ</tajweed>َ <tajweed class=ham_wasl>ٱ</tajweed>للَّهَ أَلَّفَ بَيْنَهُمْ‌ۚ إِ<tajweed class=ghunnah>نّ</tajweed>َهُ<tajweed class=madda_normal>ۥ</tajweed> عَزِيزٌ حَك<tajweed class=madda_permissible>ِي</tajweed>مٌ <span class=end>٦٣</span>","End":"٦٣","PageNumber":185,"JuzNumber":10,"ManzilNumber":2,"RukuNumber":153,"MaqraNumber":74,"HizbNumber":19,"HizbDecimal":0.25,"HasSajda":false},{"SurahNumber":8,"SurahIndex":"008","VerseNumber":64,"ShowSurahName":false,"ShowBismillah":false,"Text":"يَـٰٓأَيُّهَا ٱلنَّبِيُّ حَسۡبُكَ ٱللَّهُ وَمَنِ ٱتَّبَعَكَ مِنَ ٱلۡمُؤۡمِنِينَ","TajweedText":"يَ<tajweed class=madda_obligatory>ـٰٓ</tajweed>أَيُّهَا <tajweed class=ham_wasl>ٱ</tajweed><tajweed class=laam_shamsiyah>ل</tajweed><tajweed class=ghunnah>نّ</tajweed>َبِىُّ حَسْبُكَ <tajweed class=ham_wasl>ٱ</tajweed>للَّهُ وَمَنِ <tajweed class=ham_wasl>ٱ</tajweed>تَّبَعَكَ مِنَ <tajweed class=ham_wasl>ٱ</tajweed>لْمُؤْمِن<tajweed class=madda_permissible>ِي</tajweed>نَ <span class=end>٦٤</span>","End":"٦٤","PageNumber":185,"JuzNumber":10,"ManzilNumber":2,"RukuNumber":153,"MaqraNumber":74,"HizbNumber":19,"HizbDecimal":0.25,"HasSajda":false}]}