{"RukuNumber":496,"Verses":[{"SurahNumber":67,"SurahIndex":"067","VerseNumber":1,"ShowSurahName":true,"ShowBismillah":true,"Text":"تَبَٰرَكَ ٱلَّذِي بِيَدِهِ ٱلۡمُلۡكُ وَهُوَ عَلَىٰ كُلِّ شَيۡءٖ قَدِيرٌ","TajweedText":"تَبَ<tajweed class=madda_normal>ـٰ</tajweed>رَكَ <tajweed class=ham_wasl>ٱ</tajweed>لَّذِى بِيَدِهِ <tajweed class=ham_wasl>ٱ</tajweed>لْمُلْكُ وَهُوَ عَلَىٰ كُلِّ ش<tajweed class=ikhafa>َىْءٍ ق</tajweed>َد<tajweed class=madda_permissible>ِي</tajweed>رٌ <span class=end>١</span>","End":"١","PageNumber":562,"JuzNumber":29,"ManzilNumber":7,"RukuNumber":496,"MaqraNumber":225,"HizbNumber":57,"HizbDecimal":0.0,"HasSajda":false},{"SurahNumber":67,"SurahIndex":"067","VerseNumber":2,"ShowSurahName":false,"ShowBismillah":false,"Text":"ٱلَّذِي خَلَقَ ٱلۡمَوۡتَ وَٱلۡحَيَوٰةَ لِيَبۡلُوَكُمۡ أَيُّكُمۡ أَحۡسَنُ عَمَلٗاۚ وَهُوَ ٱلۡعَزِيزُ ٱلۡغَفُورُ","TajweedText":"ٱلَّذِى خَلَقَ <tajweed class=ham_wasl>ٱ</tajweed>لْمَوْتَ وَ<tajweed class=ham_wasl>ٱ</tajweed>لْحَيَ<tajweed class=slnt>و</tajweed><tajweed class=madda_normal>ٲ</tajweed>ةَ لِيَ<tajweed class=qalaqah>بْ</tajweed>لُوَكُمْ أَيُّكُمْ أَحْسَنُ عَمَل<tajweed class=idgham_ghunnah>اً‌ۚ و</tajweed>َهُوَ <tajweed class=ham_wasl>ٱ</tajweed>لْعَزِيزُ <tajweed class=ham_wasl>ٱ</tajweed>لْغَف<tajweed class=madda_permissible>ُو</tajweed>رُ <span class=end>٢</span>","End":"٢","PageNumber":562,"JuzNumber":29,"ManzilNumber":7,"RukuNumber":496,"MaqraNumber":225,"HizbNumber":57,"HizbDecimal":0.0,"HasSajda":false},{"SurahNumber":67,"SurahIndex":"067","VerseNumber":3,"ShowSurahName":false,"ShowBismillah":false,"Text":"ٱلَّذِي خَلَقَ سَبۡعَ سَمَٰوَٰتٖ طِبَاقٗاۖ مَّا تَرَىٰ فِي خَلۡقِ ٱلرَّحۡمَٰنِ مِن تَفَٰوُتٖۖ فَٱرۡجِعِ ٱلۡبَصَرَ هَلۡ تَرَىٰ مِن فُطُورٖ","TajweedText":"ٱلَّذِى خَلَقَ سَ<tajweed class=qalaqah>بْ</tajweed>عَ سَمَ<tajweed class=madda_normal>ـٰ</tajweed>و<tajweed class=madda_normal>َٲ</tajweed><tajweed class=ikhafa>تٍ ط</tajweed>ِبَا<tajweed class=idgham_ghunnah>قًا‌ۖ م</tajweed>َّا تَرَىٰ فِى خَلْقِ <tajweed class=ham_wasl>ٱ</tajweed><tajweed class=laam_shamsiyah>ل</tajweed>رَّحْمَ<tajweed class=madda_normal>ـٰ</tajweed>نِ مِ<tajweed class=ikhafa>ن ت</tajweed>َفَ<tajweed class=madda_normal>ـٰ</tajweed>وُ<tajweed class=ikhafa>تٍ‌ۖ ف</tajweed>َ<tajweed class=ham_wasl>ٱ</tajweed>رْجِعِ <tajweed class=ham_wasl>ٱ</tajweed>لْبَصَرَ هَلْ تَرَىٰ مِ<tajweed class=ikhafa>ن ف</tajweed>ُط<tajweed class=madda_permissible>ُو</tajweed>رٍ <span class=end>٣</span>","End":"٣","PageNumber":562,"JuzNumber":29,"ManzilNumber":7,"RukuNumber":496,"MaqraNumber":225,"HizbNumber":57,"HizbDecimal":0.0,"HasSajda":false},{"SurahNumber":67,"SurahIndex":"067","VerseNumber":4,"ShowSurahName":false,"ShowBismillah":false,"Text":"ثُمَّ ٱرۡجِعِ ٱلۡبَصَرَ كَرَّتَيۡنِ يَنقَلِبۡ إِلَيۡكَ ٱلۡبَصَرُ خَاسِئٗا وَهُوَ حَسِيرٞ","TajweedText":"ثُ<tajweed class=ghunnah>مّ</tajweed>َ <tajweed class=ham_wasl>ٱ</tajweed>رْجِعِ <tajweed class=ham_wasl>ٱ</tajweed>لْبَصَرَ كَرَّتَيْنِ يَ<tajweed class=ikhafa>نق</tajweed>َلِ<tajweed class=qalaqah>بْ</tajweed> إِلَيْكَ <tajweed class=ham_wasl>ٱ</tajweed>لْبَصَرُ خَاسِ<tajweed class=idgham_ghunnah>ئًا و</tajweed>َهُوَ حَس<tajweed class=madda_permissible>ِي</tajweed>رٌ <span class=end>٤</span>","End":"٤","PageNumber":562,"JuzNumber":29,"ManzilNumber":7,"RukuNumber":496,"MaqraNumber":225,"HizbNumber":57,"HizbDecimal":0.0,"HasSajda":false},{"SurahNumber":67,"SurahIndex":"067","VerseNumber":5,"ShowSurahName":false,"ShowBismillah":false,"Text":"وَلَقَدۡ زَيَّنَّا ٱلسَّمَآءَ ٱلدُّنۡيَا بِمَصَٰبِيحَ وَجَعَلۡنَٰهَا رُجُومٗا لِّلشَّيَٰطِينِۖ وَأَعۡتَدۡنَا لَهُمۡ عَذَابَ ٱلسَّعِيرِ","TajweedText":"وَلَقَ<tajweed class=qalaqah>دْ</tajweed> زَيَّ<tajweed class=ghunnah>نّ</tajweed>َا <tajweed class=ham_wasl>ٱ</tajweed><tajweed class=laam_shamsiyah>ل</tajweed>سَّم<tajweed class=madda_obligatory>َا</tajweed>ٓءَ <tajweed class=ham_wasl>ٱ</tajweed><tajweed class=laam_shamsiyah>ل</tajweed>دُّنْيَا بِمَصَ<tajweed class=madda_normal>ـٰ</tajweed>بِيحَ وَجَعَلْنَ<tajweed class=madda_normal>ـٰ</tajweed>هَا رُجُو<tajweed class=idgham_wo_ghunnah>مًا ل</tajweed>ِّلشَّيَ<tajweed class=madda_normal>ـٰ</tajweed>طِينِ‌ۖ وَأَعْتَ<tajweed class=qalaqah>دْ</tajweed>نَا لَهُمْ عَذَابَ <tajweed class=ham_wasl>ٱ</tajweed><tajweed class=laam_shamsiyah>ل</tajweed>سَّع<tajweed class=madda_permissible>ِي</tajweed>رِ <span class=end>٥</span>","End":"٥","PageNumber":562,"JuzNumber":29,"ManzilNumber":7,"RukuNumber":496,"MaqraNumber":225,"HizbNumber":57,"HizbDecimal":0.0,"HasSajda":false},{"SurahNumber":67,"SurahIndex":"067","VerseNumber":6,"ShowSurahName":false,"ShowBismillah":false,"Text":"وَلِلَّذِينَ كَفَرُواْ بِرَبِّهِمۡ عَذَابُ جَهَنَّمَۖ وَبِئۡسَ ٱلۡمَصِيرُ","TajweedText":"وَلِلَّذِينَ كَفَرُو<tajweed class=slnt>اْ</tajweed> بِرَبِّهِمْ عَذَابُ جَهَ<tajweed class=ghunnah>نّ</tajweed>َمَ‌ۖ وَبِئْسَ <tajweed class=ham_wasl>ٱ</tajweed>لْمَص<tajweed class=madda_permissible>ِي</tajweed>رُ <span class=end>٦</span>","End":"٦","PageNumber":562,"JuzNumber":29,"ManzilNumber":7,"RukuNumber":496,"MaqraNumber":225,"HizbNumber":57,"HizbDecimal":0.0,"HasSajda":false},{"SurahNumber":67,"SurahIndex":"067","VerseNumber":7,"ShowSurahName":false,"ShowBismillah":false,"Text":"إِذَآ أُلۡقُواْ فِيهَا سَمِعُواْ لَهَا شَهِيقٗا وَهِيَ تَفُورُ","TajweedText":"إِذ<tajweed class=madda_obligatory>َآ</tajweed> أُلْقُو<tajweed class=slnt>اْ</tajweed> فِيهَا سَمِعُو<tajweed class=slnt>اْ</tajweed> لَهَا شَهِي<tajweed class=idgham_ghunnah>قًا و</tajweed>َهِىَ تَف<tajweed class=madda_permissible>ُو</tajweed>رُ <span class=end>٧</span>","End":"٧","PageNumber":562,"JuzNumber":29,"ManzilNumber":7,"RukuNumber":496,"MaqraNumber":225,"HizbNumber":57,"HizbDecimal":0.0,"HasSajda":false},{"SurahNumber":67,"SurahIndex":"067","VerseNumber":8,"ShowSurahName":false,"ShowBismillah":false,"Text":"تَكَادُ تَمَيَّزُ مِنَ ٱلۡغَيۡظِۖ كُلَّمَآ أُلۡقِيَ فِيهَا فَوۡجٞ سَأَلَهُمۡ خَزَنَتُهَآ أَلَمۡ يَأۡتِكُمۡ نَذِيرٞ","TajweedText":"تَكَادُ تَمَيَّزُ مِنَ <tajweed class=ham_wasl>ٱ</tajweed>لْغَيْظِ‌ۖ كُلَّم<tajweed class=madda_obligatory>َآ</tajweed> أُلْقِىَ فِيهَا فَوْ<tajweed class=ikhafa>جٌ س</tajweed>َأَلَهُمْ خَزَنَتُه<tajweed class=madda_obligatory>َآ</tajweed> أَلَمْ يَأْتِكُمْ نَذ<tajweed class=madda_permissible>ِي</tajweed>رٌ <span class=end>٨</span>","End":"٨","PageNumber":562,"JuzNumber":29,"ManzilNumber":7,"RukuNumber":496,"MaqraNumber":225,"HizbNumber":57,"HizbDecimal":0.0,"HasSajda":false},{"SurahNumber":67,"SurahIndex":"067","VerseNumber":9,"ShowSurahName":false,"ShowBismillah":false,"Text":"قَالُواْ بَلَىٰ قَدۡ جَآءَنَا نَذِيرٞ فَكَذَّبۡنَا وَقُلۡنَا مَا نَزَّلَ ٱللَّهُ مِن شَيۡءٍ إِنۡ أَنتُمۡ إِلَّا فِي ضَلَٰلٖ كَبِيرٖ","TajweedText":"قَالُو<tajweed class=slnt>اْ</tajweed> بَلَىٰ قَ<tajweed class=qalaqah>دْ</tajweed> ج<tajweed class=madda_obligatory>َا</tajweed>ٓءَنَا نَذِي<tajweed class=ikhafa>رٌ ف</tajweed>َكَذَّ<tajweed class=qalaqah>بْ</tajweed>نَا وَقُلْنَا مَا نَزَّلَ <tajweed class=ham_wasl>ٱ</tajweed>للَّهُ مِ<tajweed class=ikhafa>ن ش</tajweed>َىْءٍ إِنْ أَ<tajweed class=ikhafa>نت</tajweed>ُمْ إِلَّا فِى ضَلَ<tajweed class=madda_normal>ـٰ</tajweed><tajweed class=ikhafa>لٍ ك</tajweed>َب<tajweed class=madda_permissible>ِي</tajweed>رٍ <span class=end>٩</span>","End":"٩","PageNumber":562,"JuzNumber":29,"ManzilNumber":7,"RukuNumber":496,"MaqraNumber":225,"HizbNumber":57,"HizbDecimal":0.0,"HasSajda":false},{"SurahNumber":67,"SurahIndex":"067","VerseNumber":10,"ShowSurahName":false,"ShowBismillah":false,"Text":"وَقَالُواْ لَوۡ كُنَّا نَسۡمَعُ أَوۡ نَعۡقِلُ مَا كُنَّا فِيٓ أَصۡحَٰبِ ٱلسَّعِيرِ","TajweedText":"وَقَالُو<tajweed class=slnt>اْ</tajweed> لَوْ كُ<tajweed class=ghunnah>نّ</tajweed>َا نَسْمَعُ أَوْ نَعْقِلُ مَا كُ<tajweed class=ghunnah>نّ</tajweed>َا ف<tajweed class=madda_obligatory>ِىٓ</tajweed> أَصْحَ<tajweed class=madda_normal>ـٰ</tajweed>بِ <tajweed class=ham_wasl>ٱ</tajweed><tajweed class=laam_shamsiyah>ل</tajweed>سَّع<tajweed class=madda_permissible>ِي</tajweed>رِ <span class=end>١٠</span>","End":"١٠","PageNumber":562,"JuzNumber":29,"ManzilNumber":7,"RukuNumber":496,"MaqraNumber":225,"HizbNumber":57,"HizbDecimal":0.0,"HasSajda":false},{"SurahNumber":67,"SurahIndex":"067","VerseNumber":11,"ShowSurahName":false,"ShowBismillah":false,"Text":"فَٱعۡتَرَفُواْ بِذَنۢبِهِمۡ فَسُحۡقٗا لِّأَصۡحَٰبِ ٱلسَّعِيرِ","TajweedText":"فَ<tajweed class=ham_wasl>ٱ</tajweed>عْتَرَفُو<tajweed class=slnt>اْ</tajweed> بِذَ<tajweed class=iqlab>نۢب</tajweed>ِهِمْ فَسُحْ<tajweed class=idgham_wo_ghunnah>قًا ل</tajweed>ِّأَصْحَ<tajweed class=madda_normal>ـٰ</tajweed>بِ <tajweed class=ham_wasl>ٱ</tajweed><tajweed class=laam_shamsiyah>ل</tajweed>سَّع<tajweed class=madda_permissible>ِي</tajweed>رِ <span class=end>١١</span>","End":"١١","PageNumber":562,"JuzNumber":29,"ManzilNumber":7,"RukuNumber":496,"MaqraNumber":225,"HizbNumber":57,"HizbDecimal":0.0,"HasSajda":false},{"SurahNumber":67,"SurahIndex":"067","VerseNumber":12,"ShowSurahName":false,"ShowBismillah":false,"Text":"إِنَّ ٱلَّذِينَ يَخۡشَوۡنَ رَبَّهُم بِٱلۡغَيۡبِ لَهُم مَّغۡفِرَةٞ وَأَجۡرٞ كَبِيرٞ","TajweedText":"إِ<tajweed class=ghunnah>نّ</tajweed>َ <tajweed class=ham_wasl>ٱ</tajweed>لَّذِينَ يَخْشَوْنَ رَبَّه<tajweed class=ikhafa_shafawi>ُم ب</tajweed>ِ<tajweed class=ham_wasl>ٱ</tajweed>لْغَيْبِ لَه<tajweed class=idgham_shafawi>ُم م</tajweed>َّغْفِرَ<tajweed class=idgham_ghunnah>ةٌ و</tajweed>َأَ<tajweed class=qalaqah>جْ</tajweed><tajweed class=ikhafa>رٌ ك</tajweed>َب<tajweed class=madda_permissible>ِي</tajweed>رٌ <span class=end>١٢</span>","End":"١٢","PageNumber":562,"JuzNumber":29,"ManzilNumber":7,"RukuNumber":496,"MaqraNumber":225,"HizbNumber":57,"HizbDecimal":0.0,"HasSajda":false},{"SurahNumber":67,"SurahIndex":"067","VerseNumber":13,"ShowSurahName":false,"ShowBismillah":false,"Text":"وَأَسِرُّواْ قَوۡلَكُمۡ أَوِ ٱجۡهَرُواْ بِهِۦٓۖ إِنَّهُۥ عَلِيمُۢ بِذَاتِ ٱلصُّدُورِ","TajweedText":"وَأَسِرُّو<tajweed class=slnt>اْ</tajweed> قَوْلَكُمْ أَوِ <tajweed class=ham_wasl>ٱ</tajweed><tajweed class=qalaqah>جْ</tajweed>هَرُو<tajweed class=slnt>اْ</tajweed> بِه<tajweed class=madda_obligatory>ِۦٓ‌ۖ</tajweed> إِ<tajweed class=ghunnah>نّ</tajweed>َهُ<tajweed class=madda_normal>ۥ</tajweed> عَلِي<tajweed class=iqlab>مُۢ ب</tajweed>ِذَاتِ <tajweed class=ham_wasl>ٱ</tajweed><tajweed class=laam_shamsiyah>ل</tajweed>صُّد<tajweed class=madda_permissible>ُو</tajweed>رِ <span class=end>١٣</span>","End":"١٣","PageNumber":563,"JuzNumber":29,"ManzilNumber":7,"RukuNumber":496,"MaqraNumber":225,"HizbNumber":57,"HizbDecimal":0.0,"HasSajda":false},{"SurahNumber":67,"SurahIndex":"067","VerseNumber":14,"ShowSurahName":false,"ShowBismillah":false,"Text":"أَلَا يَعۡلَمُ مَنۡ خَلَقَ وَهُوَ ٱللَّطِيفُ ٱلۡخَبِيرُ","TajweedText":"أَلَا يَعْلَمُ مَنْ خَلَقَ وَهُوَ <tajweed class=ham_wasl>ٱ</tajweed><tajweed class=laam_shamsiyah>ل</tajweed>لَّطِيفُ <tajweed class=ham_wasl>ٱ</tajweed>لْخَب<tajweed class=madda_permissible>ِي</tajweed>رُ <span class=end>١٤</span>","End":"١٤","PageNumber":563,"JuzNumber":29,"ManzilNumber":7,"RukuNumber":496,"MaqraNumber":225,"HizbNumber":57,"HizbDecimal":0.0,"HasSajda":false}]}