{"RukuNumber":113,"Verses":[{"SurahNumber":6,"SurahIndex":"006","VerseNumber":95,"ShowSurahName":false,"ShowBismillah":false,"Text":"۞إِنَّ ٱللَّهَ فَالِقُ ٱلۡحَبِّ وَٱلنَّوَىٰۖ يُخۡرِجُ ٱلۡحَيَّ مِنَ ٱلۡمَيِّتِ وَمُخۡرِجُ ٱلۡمَيِّتِ مِنَ ٱلۡحَيِّۚ ذَٰلِكُمُ ٱللَّهُۖ فَأَنَّىٰ تُؤۡفَكُونَ","TajweedText":"۞ إِ<tajweed class=ghunnah>نّ</tajweed>َ <tajweed class=ham_wasl>ٱ</tajweed>للَّهَ فَالِقُ <tajweed class=ham_wasl>ٱ</tajweed>لْحَبِّ وَ<tajweed class=ham_wasl>ٱ</tajweed><tajweed class=laam_shamsiyah>ل</tajweed><tajweed class=ghunnah>نّ</tajweed>َوَىٰ‌ۖ يُخْرِجُ <tajweed class=ham_wasl>ٱ</tajweed>لْحَىَّ مِنَ <tajweed class=ham_wasl>ٱ</tajweed>لْمَيِّتِ وَمُخْرِجُ <tajweed class=ham_wasl>ٱ</tajweed>لْمَيِّتِ مِنَ <tajweed class=ham_wasl>ٱ</tajweed>لْحَىِّ‌ۚ ذ<tajweed class=madda_normal>َٲ</tajweed>لِكُمُ <tajweed class=ham_wasl>ٱ</tajweed>للَّهُ‌ۖ فَأَ<tajweed class=ghunnah>نّ</tajweed>َىٰ تُؤْفَك<tajweed class=madda_permissible>ُو</tajweed>نَ <span class=end>٩٥</span>","End":"٩٥","PageNumber":140,"JuzNumber":7,"ManzilNumber":2,"RukuNumber":113,"MaqraNumber":56,"HizbNumber":14,"HizbDecimal":0.75,"HasSajda":false},{"SurahNumber":6,"SurahIndex":"006","VerseNumber":96,"ShowSurahName":false,"ShowBismillah":false,"Text":"فَالِقُ ٱلۡإِصۡبَاحِ وَجَعَلَ ٱلَّيۡلَ سَكَنٗا وَٱلشَّمۡسَ وَٱلۡقَمَرَ حُسۡبَانٗاۚ ذَٰلِكَ تَقۡدِيرُ ٱلۡعَزِيزِ ٱلۡعَلِيمِ","TajweedText":"فَالِقُ <tajweed class=ham_wasl>ٱ</tajweed>لْإِصْبَاحِ وَجَعَلَ <tajweed class=ham_wasl>ٱ</tajweed>لَّيْلَ سَكَ<tajweed class=idgham_ghunnah>نًا و</tajweed>َ<tajweed class=ham_wasl>ٱ</tajweed><tajweed class=laam_shamsiyah>ل</tajweed>شَّمْسَ وَ<tajweed class=ham_wasl>ٱ</tajweed>لْقَمَرَ حُسْبَا<tajweed class=ikhafa>نًا‌ۚ ذ</tajweed><tajweed class=madda_normal>َٲ</tajweed>لِكَ تَ<tajweed class=qalaqah>قْ</tajweed>دِيرُ <tajweed class=ham_wasl>ٱ</tajweed>لْعَزِيزِ <tajweed class=ham_wasl>ٱ</tajweed>لْعَل<tajweed class=madda_permissible>ِي</tajweed>مِ <span class=end>٩٦</span>","End":"٩٦","PageNumber":140,"JuzNumber":7,"ManzilNumber":2,"RukuNumber":113,"MaqraNumber":56,"HizbNumber":14,"HizbDecimal":0.75,"HasSajda":false},{"SurahNumber":6,"SurahIndex":"006","VerseNumber":97,"ShowSurahName":false,"ShowBismillah":false,"Text":"وَهُوَ ٱلَّذِي جَعَلَ لَكُمُ ٱلنُّجُومَ لِتَهۡتَدُواْ بِهَا فِي ظُلُمَٰتِ ٱلۡبَرِّ وَٱلۡبَحۡرِۗ قَدۡ فَصَّلۡنَا ٱلۡأٓيَٰتِ لِقَوۡمٖ يَعۡلَمُونَ","TajweedText":"وَهُوَ <tajweed class=ham_wasl>ٱ</tajweed>لَّذِى جَعَلَ لَكُمُ <tajweed class=ham_wasl>ٱ</tajweed><tajweed class=laam_shamsiyah>ل</tajweed><tajweed class=ghunnah>نّ</tajweed>ُجُومَ لِتَهْتَدُو<tajweed class=slnt>اْ</tajweed> بِهَا فِى ظُلُمَ<tajweed class=madda_normal>ـٰ</tajweed>تِ <tajweed class=ham_wasl>ٱ</tajweed>لْبَرِّ وَ<tajweed class=ham_wasl>ٱ</tajweed>لْبَحْرِ‌ۗ قَ<tajweed class=qalaqah>دْ</tajweed> فَصَّلْنَا <tajweed class=ham_wasl>ٱ</tajweed>لْأَيَ<tajweed class=madda_normal>ـٰ</tajweed>تِ لِقَوْ<tajweed class=idgham_ghunnah>مٍ ي</tajweed>َعْلَم<tajweed class=madda_permissible>ُو</tajweed>نَ <span class=end>٩٧</span>","End":"٩٧","PageNumber":140,"JuzNumber":7,"ManzilNumber":2,"RukuNumber":113,"MaqraNumber":56,"HizbNumber":14,"HizbDecimal":0.75,"HasSajda":false},{"SurahNumber":6,"SurahIndex":"006","VerseNumber":98,"ShowSurahName":false,"ShowBismillah":false,"Text":"وَهُوَ ٱلَّذِيٓ أَنشَأَكُم مِّن نَّفۡسٖ وَٰحِدَةٖ فَمُسۡتَقَرّٞ وَمُسۡتَوۡدَعٞۗ قَدۡ فَصَّلۡنَا ٱلۡأٓيَٰتِ لِقَوۡمٖ يَفۡقَهُونَ","TajweedText":"وَهُوَ <tajweed class=ham_wasl>ٱ</tajweed>لَّذ<tajweed class=madda_obligatory>ِىٓ</tajweed> أَ<tajweed class=ikhafa>نش</tajweed>َأَك<tajweed class=idgham_shafawi>ُم م</tajweed>ّ<tajweed class=idgham_ghunnah>ِن ن</tajweed>َّفْ<tajweed class=idgham_ghunnah>سٍ و</tajweed><tajweed class=madda_normal>َٲ</tajweed>حِدَ<tajweed class=ikhafa>ةٍ ف</tajweed>َمُسْتَقَ<tajweed class=idgham_ghunnah>رٌّ و</tajweed>َمُسْتَوْدَ<tajweed class=ikhafa>عٌ‌ۗ ق</tajweed>َ<tajweed class=qalaqah>دْ</tajweed> فَصَّلْنَا <tajweed class=ham_wasl>ٱ</tajweed>لْأَيَ<tajweed class=madda_normal>ـٰ</tajweed>تِ لِقَوْ<tajweed class=idgham_ghunnah>مٍ ي</tajweed>َفْقَه<tajweed class=madda_permissible>ُو</tajweed>نَ <span class=end>٩٨</span>","End":"٩٨","PageNumber":140,"JuzNumber":7,"ManzilNumber":2,"RukuNumber":113,"MaqraNumber":56,"HizbNumber":14,"HizbDecimal":0.75,"HasSajda":false},{"SurahNumber":6,"SurahIndex":"006","VerseNumber":99,"ShowSurahName":false,"ShowBismillah":false,"Text":"وَهُوَ ٱلَّذِيٓ أَنزَلَ مِنَ ٱلسَّمَآءِ مَآءٗ فَأَخۡرَجۡنَا بِهِۦ نَبَاتَ كُلِّ شَيۡءٖ فَأَخۡرَجۡنَا مِنۡهُ خَضِرٗا نُّخۡرِجُ مِنۡهُ حَبّٗا مُّتَرَاكِبٗا وَمِنَ ٱلنَّخۡلِ مِن طَلۡعِهَا قِنۡوَانٞ دَانِيَةٞ وَجَنَّـٰتٖ مِّنۡ أَعۡنَابٖ وَٱلزَّيۡتُونَ وَٱلرُّمَّانَ مُشۡتَبِهٗا وَغَيۡرَ مُتَشَٰبِهٍۗ ٱنظُرُوٓاْ إِلَىٰ ثَمَرِهِۦٓ إِذَآ أَثۡمَرَ وَيَنۡعِهِۦٓۚ إِنَّ فِي ذَٰلِكُمۡ لَأٓيَٰتٖ لِّقَوۡمٖ يُؤۡمِنُونَ","TajweedText":"وَهُوَ <tajweed class=ham_wasl>ٱ</tajweed>لَّذ<tajweed class=madda_obligatory>ِىٓ</tajweed> أَ<tajweed class=ikhafa>نز</tajweed>َلَ مِنَ <tajweed class=ham_wasl>ٱ</tajweed><tajweed class=laam_shamsiyah>ل</tajweed>سَّم<tajweed class=madda_obligatory>َا</tajweed>ٓءِ م<tajweed class=madda_obligatory>َا</tajweed>ٓ<tajweed class=ikhafa>ءً ف</tajweed>َأَخْرَ<tajweed class=qalaqah>جْ</tajweed>نَا بِه<tajweed class=madda_normal>ِۦ</tajweed> نَبَاتَ كُلِّ ش<tajweed class=ikhafa>َىْءٍ ف</tajweed>َأَخْرَ<tajweed class=qalaqah>جْ</tajweed>نَا مِنْهُ خَضِ<tajweed class=idgham_ghunnah>رًا ن</tajweed>ُّخْرِجُ مِنْهُ حَب<tajweed class=idgham_ghunnah>ًّا م</tajweed>ُّتَرَاكِ<tajweed class=idgham_ghunnah>بًا و</tajweed>َمِنَ <tajweed class=ham_wasl>ٱ</tajweed><tajweed class=laam_shamsiyah>ل</tajweed><tajweed class=ghunnah>نّ</tajweed>َخْلِ مِ<tajweed class=ikhafa>ن ط</tajweed>َلْعِهَا قِنْوَا<tajweed class=ikhafa>نٌ د</tajweed>َانِيَ<tajweed class=idgham_ghunnah>ةٌ و</tajweed>َجَ<tajweed class=ghunnah>نّ</tajweed>َ<tajweed class=madda_normal>ـٰ</tajweed><tajweed class=idgham_ghunnah>تٍ م</tajweed>ِّنْ أَعْنَا<tajweed class=idgham_ghunnah>بٍ و</tajweed>َ<tajweed class=ham_wasl>ٱ</tajweed><tajweed class=laam_shamsiyah>ل</tajweed>زَّيْتُونَ وَ<tajweed class=ham_wasl>ٱ</tajweed><tajweed class=laam_shamsiyah>ل</tajweed>رُّ<tajweed class=ghunnah>مّ</tajweed>َانَ مُشْتَبِ<tajweed class=idgham_ghunnah>هًا و</tajweed>َغَيْرَ مُتَشَ<tajweed class=madda_normal>ـٰ</tajweed>بِهٍ‌ۗ <tajweed class=ham_wasl>ٱ</tajweed><tajweed class=ikhafa>نظ</tajweed>ُر<tajweed class=madda_obligatory>ُوٓ</tajweed><tajweed class=slnt>اْ</tajweed> إِلَىٰ ثَمَرِه<tajweed class=madda_obligatory>ِۦٓ</tajweed> إِذ<tajweed class=madda_obligatory>َآ</tajweed> أَثْمَرَ وَيَنْعِه<tajweed class=madda_obligatory>ِۦٓ‌ۚ</tajweed> إِ<tajweed class=ghunnah>نّ</tajweed>َ فِى ذ<tajweed class=madda_normal>َٲ</tajweed>لِكُمْ لَأَيَ<tajweed class=madda_normal>ـٰ</tajweed><tajweed class=idgham_wo_ghunnah>تٍ ل</tajweed>ِّقَوْ<tajweed class=idgham_ghunnah>مٍ ي</tajweed>ُؤْمِن<tajweed class=madda_permissible>ُو</tajweed>نَ <span class=end>٩٩</span>","End":"٩٩","PageNumber":140,"JuzNumber":7,"ManzilNumber":2,"RukuNumber":113,"MaqraNumber":56,"HizbNumber":14,"HizbDecimal":0.75,"HasSajda":false},{"SurahNumber":6,"SurahIndex":"006","VerseNumber":100,"ShowSurahName":false,"ShowBismillah":false,"Text":"وَجَعَلُواْ لِلَّهِ شُرَكَآءَ ٱلۡجِنَّ وَخَلَقَهُمۡۖ وَخَرَقُواْ لَهُۥ بَنِينَ وَبَنَٰتِۭ بِغَيۡرِ عِلۡمٖۚ سُبۡحَٰنَهُۥ وَتَعَٰلَىٰ عَمَّا يَصِفُونَ","TajweedText":"وَجَعَلُو<tajweed class=slnt>اْ</tajweed> لِلَّهِ شُرَك<tajweed class=madda_obligatory>َا</tajweed>ٓءَ <tajweed class=ham_wasl>ٱ</tajweed>لْجِ<tajweed class=ghunnah>نّ</tajweed>َ وَخَلَقَهُمْ‌ۖ وَخَرَقُو<tajweed class=slnt>اْ</tajweed> لَهُ<tajweed class=madda_normal>ۥ</tajweed> بَنِينَ وَبَنَ<tajweed class=madda_normal>ـٰ</tajweed><tajweed class=iqlab>تِۭ ب</tajweed>ِغَيْرِ عِلْ<tajweed class=ikhafa>مٍ‌ۚ س</tajweed>ُ<tajweed class=qalaqah>بْ</tajweed>حَ<tajweed class=madda_normal>ـٰ</tajweed>نَهُ<tajweed class=madda_normal>ۥ</tajweed> وَتَعَ<tajweed class=madda_normal>ـٰ</tajweed>لَىٰ عَ<tajweed class=ghunnah>مّ</tajweed>َا يَصِف<tajweed class=madda_permissible>ُو</tajweed>نَ <span class=end>١٠٠</span>","End":"١٠٠","PageNumber":140,"JuzNumber":7,"ManzilNumber":2,"RukuNumber":113,"MaqraNumber":56,"HizbNumber":14,"HizbDecimal":0.75,"HasSajda":false}]}