{"RukuNumber":229,"Verses":[{"SurahNumber":16,"SurahIndex":"016","VerseNumber":41,"ShowSurahName":false,"ShowBismillah":false,"Text":"وَٱلَّذِينَ هَاجَرُواْ فِي ٱللَّهِ مِنۢ بَعۡدِ مَا ظُلِمُواْ لَنُبَوِّئَنَّهُمۡ فِي ٱلدُّنۡيَا حَسَنَةٗۖ وَلَأَجۡرُ ٱلۡأٓخِرَةِ أَكۡبَرُۚ لَوۡ كَانُواْ يَعۡلَمُونَ","TajweedText":"وَ<tajweed class=ham_wasl>ٱ</tajweed>لَّذِينَ هَاجَرُو<tajweed class=slnt>اْ</tajweed> فِى <tajweed class=ham_wasl>ٱ</tajweed>للَّهِ م<tajweed class=iqlab>ِنۢ ب</tajweed>َعْدِ مَا ظُلِمُو<tajweed class=slnt>اْ</tajweed> لَنُبَوِّئَ<tajweed class=ghunnah>نّ</tajweed>َهُمْ فِى <tajweed class=ham_wasl>ٱ</tajweed><tajweed class=laam_shamsiyah>ل</tajweed>دُّنْيَا حَسَنَ<tajweed class=idgham_ghunnah>ةً‌ۖ و</tajweed>َلَأَ<tajweed class=qalaqah>جْ</tajweed>رُ <tajweed class=ham_wasl>ٱ</tajweed>لْأَخِرَةِ أَكْبَرُ‌ۚ لَوْ كَانُو<tajweed class=slnt>اْ</tajweed> يَعْلَم<tajweed class=madda_permissible>ُو</tajweed>نَ <span class=end>٤١</span>","End":"٤١","PageNumber":271,"JuzNumber":14,"ManzilNumber":3,"RukuNumber":229,"MaqraNumber":108,"HizbNumber":27,"HizbDecimal":0.75,"HasSajda":false},{"SurahNumber":16,"SurahIndex":"016","VerseNumber":42,"ShowSurahName":false,"ShowBismillah":false,"Text":"ٱلَّذِينَ صَبَرُواْ وَعَلَىٰ رَبِّهِمۡ يَتَوَكَّلُونَ","TajweedText":"ٱلَّذِينَ صَبَرُو<tajweed class=slnt>اْ</tajweed> وَعَلَىٰ رَبِّهِمْ يَتَوَكَّل<tajweed class=madda_permissible>ُو</tajweed>نَ <span class=end>٤٢</span>","End":"٤٢","PageNumber":271,"JuzNumber":14,"ManzilNumber":3,"RukuNumber":229,"MaqraNumber":108,"HizbNumber":27,"HizbDecimal":0.75,"HasSajda":false},{"SurahNumber":16,"SurahIndex":"016","VerseNumber":43,"ShowSurahName":false,"ShowBismillah":false,"Text":"وَمَآ أَرۡسَلۡنَا مِن قَبۡلِكَ إِلَّا رِجَالٗا نُّوحِيٓ إِلَيۡهِمۡۖ فَسۡـَٔلُوٓاْ أَهۡلَ ٱلذِّكۡرِ إِن كُنتُمۡ لَا تَعۡلَمُونَ","TajweedText":"وَم<tajweed class=madda_obligatory>َآ</tajweed> أَرْسَلْنَا مِ<tajweed class=ikhafa>ن ق</tajweed>َ<tajweed class=qalaqah>بْ</tajweed>لِكَ إِلَّا رِجَال<tajweed class=idgham_ghunnah>اً ن</tajweed>ُّوح<tajweed class=madda_obligatory>ِىٓ</tajweed> إِلَيْهِمْ‌ۚ فَسْــَٔل<tajweed class=madda_obligatory>ُوٓ</tajweed><tajweed class=slnt>اْ</tajweed> أَهْلَ <tajweed class=ham_wasl>ٱ</tajweed><tajweed class=laam_shamsiyah>ل</tajweed>ذِّكْرِ إِ<tajweed class=ikhafa>ن ك</tajweed>ُ<tajweed class=ikhafa>نت</tajweed>ُمْ لَا تَعْلَم<tajweed class=madda_permissible>ُو</tajweed>نَ <span class=end>٤٣</span>","End":"٤٣","PageNumber":272,"JuzNumber":14,"ManzilNumber":3,"RukuNumber":229,"MaqraNumber":108,"HizbNumber":27,"HizbDecimal":0.75,"HasSajda":false},{"SurahNumber":16,"SurahIndex":"016","VerseNumber":44,"ShowSurahName":false,"ShowBismillah":false,"Text":"بِٱلۡبَيِّنَٰتِ وَٱلزُّبُرِۗ وَأَنزَلۡنَآ إِلَيۡكَ ٱلذِّكۡرَ لِتُبَيِّنَ لِلنَّاسِ مَا نُزِّلَ إِلَيۡهِمۡ وَلَعَلَّهُمۡ يَتَفَكَّرُونَ","TajweedText":"بِ<tajweed class=ham_wasl>ٱ</tajweed>لْبَيِّنَ<tajweed class=madda_normal>ـٰ</tajweed>تِ وَ<tajweed class=ham_wasl>ٱ</tajweed><tajweed class=laam_shamsiyah>ل</tajweed>زُّبُرِ‌ۗ وَأَ<tajweed class=ikhafa>نز</tajweed>َلْن<tajweed class=madda_obligatory>َآ</tajweed> إِلَيْكَ <tajweed class=ham_wasl>ٱ</tajweed><tajweed class=laam_shamsiyah>ل</tajweed>ذِّكْرَ لِتُبَيِّنَ لِل<tajweed class=ghunnah>نّ</tajweed>َاسِ مَا نُزِّلَ إِلَيْهِمْ وَلَعَلَّهُمْ يَتَفَكَّر<tajweed class=madda_permissible>ُو</tajweed>نَ <span class=end>٤٤</span>","End":"٤٤","PageNumber":272,"JuzNumber":14,"ManzilNumber":3,"RukuNumber":229,"MaqraNumber":108,"HizbNumber":27,"HizbDecimal":0.75,"HasSajda":false},{"SurahNumber":16,"SurahIndex":"016","VerseNumber":45,"ShowSurahName":false,"ShowBismillah":false,"Text":"أَفَأَمِنَ ٱلَّذِينَ مَكَرُواْ ٱلسَّيِّـَٔاتِ أَن يَخۡسِفَ ٱللَّهُ بِهِمُ ٱلۡأَرۡضَ أَوۡ يَأۡتِيَهُمُ ٱلۡعَذَابُ مِنۡ حَيۡثُ لَا يَشۡعُرُونَ","TajweedText":"أَفَأَمِنَ <tajweed class=ham_wasl>ٱ</tajweed>لَّذِينَ مَكَرُو<tajweed class=slnt>اْ</tajweed> <tajweed class=ham_wasl>ٱ</tajweed><tajweed class=laam_shamsiyah>ل</tajweed>سَّيِّـَٔـاتِ أ<tajweed class=idgham_ghunnah>َن ي</tajweed>َخْسِفَ <tajweed class=ham_wasl>ٱ</tajweed>للَّهُ بِهِمُ <tajweed class=ham_wasl>ٱ</tajweed>لْأَرْضَ أَوْ يَأْتِيَهُمُ <tajweed class=ham_wasl>ٱ</tajweed>لْعَذَابُ مِنْ حَيْثُ لَا يَشْعُر<tajweed class=madda_permissible>ُو</tajweed>نَ <span class=end>٤٥</span>","End":"٤٥","PageNumber":272,"JuzNumber":14,"ManzilNumber":3,"RukuNumber":229,"MaqraNumber":108,"HizbNumber":27,"HizbDecimal":0.75,"HasSajda":false},{"SurahNumber":16,"SurahIndex":"016","VerseNumber":46,"ShowSurahName":false,"ShowBismillah":false,"Text":"أَوۡ يَأۡخُذَهُمۡ فِي تَقَلُّبِهِمۡ فَمَا هُم بِمُعۡجِزِينَ","TajweedText":"أَوْ يَأْخُذَهُمْ فِى تَقَلُّبِهِمْ فَمَا ه<tajweed class=ikhafa_shafawi>ُم ب</tajweed>ِمُعْجِز<tajweed class=madda_permissible>ِي</tajweed>نَ <span class=end>٤٦</span>","End":"٤٦","PageNumber":272,"JuzNumber":14,"ManzilNumber":3,"RukuNumber":229,"MaqraNumber":108,"HizbNumber":27,"HizbDecimal":0.75,"HasSajda":false},{"SurahNumber":16,"SurahIndex":"016","VerseNumber":47,"ShowSurahName":false,"ShowBismillah":false,"Text":"أَوۡ يَأۡخُذَهُمۡ عَلَىٰ تَخَوُّفٖ فَإِنَّ رَبَّكُمۡ لَرَءُوفٞ رَّحِيمٌ","TajweedText":"أَوْ يَأْخُذَهُمْ عَلَىٰ تَخَوُّ<tajweed class=ikhafa>فٍ ف</tajweed>َإِ<tajweed class=ghunnah>نّ</tajweed>َ رَبَّكُمْ لَرَءُو<tajweed class=idgham_wo_ghunnah>فٌ ر</tajweed>َّح<tajweed class=madda_permissible>ِي</tajweed>مٌ <span class=end>٤٧</span>","End":"٤٧","PageNumber":272,"JuzNumber":14,"ManzilNumber":3,"RukuNumber":229,"MaqraNumber":108,"HizbNumber":27,"HizbDecimal":0.75,"HasSajda":false},{"SurahNumber":16,"SurahIndex":"016","VerseNumber":48,"ShowSurahName":false,"ShowBismillah":false,"Text":"أَوَلَمۡ يَرَوۡاْ إِلَىٰ مَا خَلَقَ ٱللَّهُ مِن شَيۡءٖ يَتَفَيَّؤُاْ ظِلَٰلُهُۥ عَنِ ٱلۡيَمِينِ وَٱلشَّمَآئِلِ سُجَّدٗا لِّلَّهِ وَهُمۡ دَٰخِرُونَ","TajweedText":"أَوَلَمْ يَرَوْ<tajweed class=slnt>اْ</tajweed> إِلَىٰ مَا خَلَقَ <tajweed class=ham_wasl>ٱ</tajweed>للَّهُ مِ<tajweed class=ikhafa>ن ش</tajweed><tajweed class=idgham_ghunnah>َىْءٍ ي</tajweed>َتَفَيَّؤُ<tajweed class=slnt>اْ</tajweed> ظِلَ<tajweed class=madda_normal>ـٰ</tajweed>لُهُ<tajweed class=madda_normal>ۥ</tajweed> عَنِ <tajweed class=ham_wasl>ٱ</tajweed>لْيَمِينِ وَ<tajweed class=ham_wasl>ٱ</tajweed><tajweed class=laam_shamsiyah>ل</tajweed>شَّم<tajweed class=madda_obligatory>َا</tajweed>ٓئِلِ سُجَّ<tajweed class=idgham_wo_ghunnah>دًا ل</tajweed>ِّلَّهِ وَهُمْ د<tajweed class=madda_normal>َٲ</tajweed>خِر<tajweed class=madda_permissible>ُو</tajweed>نَ <span class=end>٤٨</span>","End":"٤٨","PageNumber":272,"JuzNumber":14,"ManzilNumber":3,"RukuNumber":229,"MaqraNumber":108,"HizbNumber":27,"HizbDecimal":0.75,"HasSajda":false},{"SurahNumber":16,"SurahIndex":"016","VerseNumber":49,"ShowSurahName":false,"ShowBismillah":false,"Text":"وَلِلَّهِۤ يَسۡجُدُۤ مَا فِي ٱلسَّمَٰوَٰتِ وَمَا فِي ٱلۡأَرۡضِ مِن دَآبَّةٖ وَٱلۡمَلَـٰٓئِكَةُ وَهُمۡ لَا يَسۡتَكۡبِرُونَ","TajweedText":"وَلِلَّهِ يَسْجُدُ مَا فِى <tajweed class=ham_wasl>ٱ</tajweed><tajweed class=laam_shamsiyah>ل</tajweed>سَّمَ<tajweed class=madda_normal>ـٰ</tajweed>و<tajweed class=madda_normal>َٲ</tajweed>تِ وَمَا فِى <tajweed class=ham_wasl>ٱ</tajweed>لْأَرْضِ مِ<tajweed class=ikhafa>ن د</tajweed><tajweed class=madda_necessary>َا</tajweed>ٓبَّ<tajweed class=idgham_ghunnah>ةٍ و</tajweed>َ<tajweed class=ham_wasl>ٱ</tajweed>لْمَلَ<tajweed class=madda_obligatory>ـٰٓ</tajweed>ئِكَةُ وَهُمْ لَا يَسْتَكْبِر<tajweed class=madda_permissible>ُو</tajweed>نَ <span class=end>٤٩</span>","End":"٤٩","PageNumber":272,"JuzNumber":14,"ManzilNumber":3,"RukuNumber":229,"MaqraNumber":108,"HizbNumber":27,"HizbDecimal":0.75,"HasSajda":false},{"SurahNumber":16,"SurahIndex":"016","VerseNumber":50,"ShowSurahName":false,"ShowBismillah":false,"Text":"يَخَافُونَ رَبَّهُم مِّن فَوۡقِهِمۡ وَيَفۡعَلُونَ مَا يُؤۡمَرُونَ۩","TajweedText":"يَخَافُونَ رَبَّه<tajweed class=idgham_shafawi>ُم م</tajweed>ِّ<tajweed class=ikhafa>ن ف</tajweed>َوْقِهِمْ وَيَفْعَلُونَ مَا يُؤْمَرُ<tajweed class=madda_permissible>و</tajweed>نَ ۩ <span class=end>٥٠</span>","End":"٥٠","PageNumber":272,"JuzNumber":14,"ManzilNumber":3,"RukuNumber":229,"MaqraNumber":108,"HizbNumber":27,"HizbDecimal":0.75,"HasSajda":true}]}